2026-09-22 21:19:46.287776: I tensorflow/core/platform/cpu_feature_guard.cc:210] This TensorFlow binary is optimized to use available CPU instructions in performance-critical operations.
To enable the following instructions: AVX2 AVX512F FMA, in other operations, rebuild TensorFlow with the appropriate compiler flags.
[0;93m2026-09-22 21:19:50.768835759 [W:onnxruntime:Default, scatter_nd.h:51 ScatterNDWithAtomicReduction] ScatterND with reduction=='none' only guarantees to be correct if indices are not duplicated.[m
[0;93m2026-09-22 21:19:50.768904974 [W:onnxruntime:Default, scatter_nd.h:51 ScatterNDWithAtomicReduction] ScatterND with reduction=='none' only guarantees to be correct if indices are not duplicated.[m
[0;93m2026-09-22 21:19:50.768914313 [W:onnxruntime:Default, scatter_nd.h:51 ScatterNDWithAtomicReduction] ScatterND with reduction=='none' only guarantees to be correct if indices are not duplicated.[m
[0;93m2026-09-22 21:19:50.768920306 [W:onnxruntime:Default, scatter_nd.h:51 ScatterNDWithAtomicReduction] ScatterND with reduction=='none' only guarantees to be correct if indices are not duplicated.[m
[0;93m2026-09-22 21:19:50.768925544 [W:onnxruntime:Default, scatter_nd.h:51 ScatterNDWithAtomicReduction] ScatterND with reduction=='none' only guarantees to be correct if indices are not duplicated.[m
[0;93m2026-09-22 21:19:50.768930722 [W:onnxruntime:Default, scatter_nd.h:51 ScatterNDWithAtomicReduction] ScatterND with reduction=='none' only guarantees to be correct if indices are not duplicated.[m
[0;93m2026-09-22 21:19:50.768935732 [W:onnxruntime:Default, scatter_nd.h:51 ScatterNDWithAtomicReduction] ScatterND with reduction=='none' only guarantees to be correct if indices are not duplicated.[m
[0;93m2026-09-22 21:19:50.768940311 [W:onnxruntime:Default, scatter_nd.h:51 ScatterNDWithAtomicReduction] ScatterND with reduction=='none' only guarantees to be correct if indices are not duplicated.[m
[0;93m2026-09-22 21:19:50.768945087 [W:onnxruntime:Default, scatter_nd.h:51 ScatterNDWithAtomicReduction] ScatterND with reduction=='none' only guarantees to be correct if indices are not duplicated.[m
[0;93m2026-09-22 21:19:50.768949928 [W:onnxruntime:Default, scatter_nd.h:51 ScatterNDWithAtomicReduction] ScatterND with reduction=='none' only guarantees to be correct if indices are not duplicated.[m
[0;93m2026-09-22 21:19:50.768954834 [W:onnxruntime:Default, scatter_nd.h:51 ScatterNDWithAtomicReduction] ScatterND with reduction=='none' only guarantees to be correct if indices are not duplicated.[m
[0;93m2026-09-22 21:19:50.768959679 [W:onnxruntime:Default, scatter_nd.h:51 ScatterNDWithAtomicReduction] ScatterND with reduction=='none' only guarantees to be correct if indices are not duplicated.[m
[0;93m2026-09-22 21:19:50.768964498 [W:onnxruntime:Default, scatter_nd.h:51 ScatterNDWithAtomicReduction] ScatterND with reduction=='none' only guarantees to be correct if indices are not duplicated.[m
[0;93m2026-09-22 21:19:50.768969932 [W:onnxruntime:Default, scatter_nd.h:51 ScatterNDWithAtomicReduction] ScatterND with reduction=='none' only guarantees to be correct if indices are not duplicated.[m
[0;93m2026-09-22 21:19:50.768975331 [W:onnxruntime:Default, scatter_nd.h:51 ScatterNDWithAtomicReduction] ScatterND with reduction=='none' only guarantees to be correct if indices are not duplicated.[m
[0;93m2026-09-22 21:19:50.768980949 [W:onnxruntime:Default, scatter_nd.h:51 ScatterNDWithAtomicReduction] ScatterND with reduction=='none' only guarantees to be correct if indices are not duplicated.[m
[0;93m2026-09-22 21:19:50.768986956 [W:onnxruntime:Default, scatter_nd.h:51 ScatterNDWithAtomicReduction] ScatterND with reduction=='none' only guarantees to be correct if indices are not duplicated.[m
[0;93m2026-09-22 21:19:50.768993069 [W:onnxruntime:Default, scatter_nd.h:51 ScatterNDWithAtomicReduction] ScatterND with reduction=='none' only guarantees to be correct if indices are not duplicated.[m
[0;93m2026-09-22 21:19:50.768999037 [W:onnxruntime:Default, scatter_nd.h:51 ScatterNDWithAtomicReduction] ScatterND with reduction=='none' only guarantees to be correct if indices are not duplicated.[m
[0;93m2026-09-22 21:19:50.769005424 [W:onnxruntime:Default, scatter_nd.h:51 ScatterNDWithAtomicReduction] ScatterND with reduction=='none' only guarantees to be correct if indices are not duplicated.[m
[0;93m2026-09-22 21:19:50.769015882 [W:onnxruntime:Default, scatter_nd.h:51 ScatterNDWithAtomicReduction] ScatterND with reduction=='none' only guarantees to be correct if indices are not duplicated.[m
[0;93m2026-09-22 21:19:50.769022198 [W:onnxruntime:Default, scatter_nd.h:51 ScatterNDWithAtomicReduction] ScatterND with reduction=='none' only guarantees to be correct if indices are not duplicated.[m
[0;93m2026-09-22 21:19:50.769028572 [W:onnxruntime:Default, scatter_nd.h:51 ScatterNDWithAtomicReduction] ScatterND with reduction=='none' only guarantees to be correct if indices are not duplicated.[m
[0;93m2026-09-22 21:19:50.769035124 [W:onnxruntime:Default, scatter_nd.h:51 ScatterNDWithAtomicReduction] ScatterND with reduction=='none' only guarantees to be correct if indices are not duplicated.[m
[0;93m2026-09-22 21:19:50.769042748 [W:onnxruntime:Default, scatter_nd.h:51 ScatterNDWithAtomicReduction] ScatterND with reduction=='none' only guarantees to be correct if indices are not duplicated.[m
[0;93m2026-09-22 21:19:50.769049056 [W:onnxruntime:Default, scatter_nd.h:51 ScatterNDWithAtomicReduction] ScatterND with reduction=='none' only guarantees to be correct if indices are not duplicated.[m
[0;93m2026-09-22 21:19:50.769055566 [W:onnxruntime:Default, scatter_nd.h:51 ScatterNDWithAtomicReduction] ScatterND with reduction=='none' only guarantees to be correct if indices are not duplicated.[m
[0;93m2026-09-22 21:19:50.769062594 [W:onnxruntime:Default, scatter_nd.h:51 ScatterNDWithAtomicReduction] ScatterND with reduction=='none' only guarantees to be correct if indices are not duplicated.[m
[0;93m2026-09-22 21:19:50.769069619 [W:onnxruntime:Default, scatter_nd.h:51 ScatterNDWithAtomicReduction] ScatterND with reduction=='none' only guarantees to be correct if indices are not duplicated.[m
[0;93m2026-09-22 21:19:50.769076964 [W:onnxruntime:Default, scatter_nd.h:51 ScatterNDWithAtomicReduction] ScatterND with reduction=='none' only guarantees to be correct if indices are not duplicated.[m
[0;93m2026-09-22 21:19:50.769083859 [W:onnxruntime:Default, scatter_nd.h:51 ScatterNDWithAtomicReduction] ScatterND with reduction=='none' only guarantees to be correct if indices are not duplicated.[m
[0;93m2026-09-22 21:19:50.769093686 [W:onnxruntime:Default, scatter_nd.h:51 ScatterNDWithAtomicReduction] ScatterND with reduction=='none' only guarantees to be correct if indices are not duplicated.[m
[models] Using ONNX execution provider: CUDAExecutionProvider
[stage] Loading models...
[stage] Models loaded.
[stage] Opening video: /content/HIL-HAZ_half2.mp4
[stage] Video ready. total_frames=5958, processing=1451 (frames 4270-5720)
WARNING ⚠️ 'source' is missing. Using 'source=/usr/local/lib/python3.13/dist-packages/ultralytics/assets'.
[stage] Tracker mode: botsort
[stage] Color team classifier enabled (init_samples=30, margin=0.08).
[stage] Starting frame loop...

  0%|          | 0/1451 [00:00<?, ?it/s]Selected RF-DETR preprocessor implementation=base max_workers=4
SupervisionWarnings: 'KeyPoints.confidence' is deprecated since 0.29.0 and will be removed in 0.32.0. Use 'KeyPoints.keypoint_confidence' instead.
SupervisionWarnings: 'KeyPoints.confidence' is deprecated since 0.29.0 and will be removed in 0.32.0. Use 'KeyPoints.keypoint_confidence' instead.
SupervisionWarnings: 'KeyPoints.confidence' is deprecated since 0.29.0 and will be removed in 0.32.0. Use 'KeyPoints.keypoint_confidence' instead.
SupervisionWarnings: 'KeyPoints.confidence' is deprecated since 0.29.0 and will be removed in 0.32.0. Use 'KeyPoints.keypoint_confidence' instead.
SupervisionWarnings: 'KeyPoints.confidence' is deprecated since 0.29.0 and will be removed in 0.32.0. Use 'KeyPoints.keypoint_confidence' instead.
SupervisionWarnings: 'KeyPoints.confidence' is deprecated since 0.29.0 and will be removed in 0.32.0. Use 'KeyPoints.keypoint_confidence' instead.
SupervisionWarnings: 'KeyPoints.confidence' is deprecated since 0.29.0 and will be removed in 0.32.0. Use 'KeyPoints.keypoint_confidence' instead.
SupervisionWarnings: 'KeyPoints.confidence' is deprecated since 0.29.0 and will be removed in 0.32.0. Use 'KeyPoints.keypoint_confidence' instead.

  0%|          | 1/1451 [00:22<8:52:40, 22.04s/it]SupervisionWarnings: 'KeyPoints.confidence' is deprecated since 0.29.0 and will be removed in 0.32.0. Use 'KeyPoints.keypoint_confidence' instead.
SupervisionWarnings: 'KeyPoints.confidence' is deprecated since 0.29.0 and will be removed in 0.32.0. Use 'KeyPoints.keypoint_confidence' instead.
SupervisionWarnings: 'KeyPoints.confidence' is deprecated since 0.29.0 and will be removed in 0.32.0. Use 'KeyPoints.keypoint_confidence' instead.
SupervisionWarnings: 'KeyPoints.confidence' is deprecated since 0.29.0 and will be removed in 0.32.0. Use 'KeyPoints.keypoint_confidence' instead.
SupervisionWarnings: 'KeyPoints.confidence' is deprecated since 0.29.0 and will be removed in 0.32.0. Use 'KeyPoints.keypoint_confidence' instead.
SupervisionWarnings: 'KeyPoints.confidence' is deprecated since 0.29.0 and will be removed in 0.32.0. Use 'KeyPoints.keypoint_confidence' instead.
SupervisionWarnings: 'KeyPoints.confidence' is deprecated since 0.29.0 and will be removed in 0.32.0. Use 'KeyPoints.keypoint_confidence' instead.

  0%|          | 2/1451 [00:22<3:52:29,  9.63s/it]SupervisionWarnings: 'KeyPoints.confidence' is deprecated since 0.29.0 and will be removed in 0.32.0. Use 'KeyPoints.keypoint_confidence' instead.
SupervisionWarnings: 'KeyPoints.confidence' is deprecated since 0.29.0 and will be removed in 0.32.0. Use 'KeyPoints.keypoint_confidence' instead.
SupervisionWarnings: 'KeyPoints.confidence' is deprecated since 0.29.0 and will be removed in 0.32.0. Use 'KeyPoints.keypoint_confidence' instead.
SupervisionWarnings: 'KeyPoints.confidence' is deprecated since 0.29.0 and will be removed in 0.32.0. Use 'KeyPoints.keypoint_confidence' instead.
SupervisionWarnings: 'KeyPoints.confidence' is deprecated since 0.29.0 and will be removed in 0.32.0. Use 'KeyPoints.keypoint_confidence' instead.
SupervisionWarnings: 'KeyPoints.confidence' is deprecated since 0.29.0 and will be removed in 0.32.0. Use 'KeyPoints.keypoint_confidence' instead.
SupervisionWarnings: 'KeyPoints.confidence' is deprecated since 0.29.0 and will be removed in 0.32.0. Use 'KeyPoints.keypoint_confidence' instead.

  0%|          | 3/1451 [00:23<2:14:58,  5.59s/it]SupervisionWarnings: 'KeyPoints.confidence' is deprecated since 0.29.0 and will be removed in 0.32.0. Use 'KeyPoints.keypoint_confidence' instead.
SupervisionWarnings: 'KeyPoints.confidence' is deprecated since 0.29.0 and will be removed in 0.32.0. Use 'KeyPoints.keypoint_confidence' instead.
SupervisionWarnings: 'KeyPoints.confidence' is deprecated since 0.29.0 and will be removed in 0.32.0. Use 'KeyPoints.keypoint_confidence' instead.
SupervisionWarnings: 'KeyPoints.confidence' is deprecated since 0.29.0 and will be removed in 0.32.0. Use 'KeyPoints.keypoint_confidence' instead.
SupervisionWarnings: 'KeyPoints.confidence' is deprecated since 0.29.0 and will be removed in 0.32.0. Use 'KeyPoints.keypoint_confidence' instead.
SupervisionWarnings: 'KeyPoints.confidence' is deprecated since 0.29.0 and will be removed in 0.32.0. Use 'KeyPoints.keypoint_confidence' instead.
SupervisionWarnings: 'KeyPoints.confidence' is deprecated since 0.29.0 and will be removed in 0.32.0. Use 'KeyPoints.keypoint_confidence' instead.

  0%|          | 4/1451 [00:24<1:29:11,  3.70s/it]SupervisionWarnings: 'KeyPoints.confidence' is deprecated since 0.29.0 and will be removed in 0.32.0. Use 'KeyPoints.keypoint_confidence' instead.
SupervisionWarnings: 'KeyPoints.confidence' is deprecated since 0.29.0 and will be removed in 0.32.0. Use 'KeyPoints.keypoint_confidence' instead.
SupervisionWarnings: 'KeyPoints.confidence' is deprecated since 0.29.0 and will be removed in 0.32.0. Use 'KeyPoints.keypoint_confidence' instead.
SupervisionWarnings: 'KeyPoints.confidence' is deprecated since 0.29.0 and will be removed in 0.32.0. Use 'KeyPoints.keypoint_confidence' instead.
SupervisionWarnings: 'KeyPoints.confidence' is deprecated since 0.29.0 and will be removed in 0.32.0. Use 'KeyPoints.keypoint_confidence' instead.
SupervisionWarnings: 'KeyPoints.confidence' is deprecated since 0.29.0 and will be removed in 0.32.0. Use 'KeyPoints.keypoint_confidence' instead.
SupervisionWarnings: 'KeyPoints.confidence' is deprecated since 0.29.0 and will be removed in 0.32.0. Use 'KeyPoints.keypoint_confidence' instead.

  0%|          | 5/1451 [00:25<1:03:53,  2.65s/it]SupervisionWarnings: 'KeyPoints.confidence' is deprecated since 0.29.0 and will be removed in 0.32.0. Use 'KeyPoints.keypoint_confidence' instead.
SupervisionWarnings: 'KeyPoints.confidence' is deprecated since 0.29.0 and will be removed in 0.32.0. Use 'KeyPoints.keypoint_confidence' instead.
SupervisionWarnings: 'KeyPoints.confidence' is deprecated since 0.29.0 and will be removed in 0.32.0. Use 'KeyPoints.keypoint_confidence' instead.
SupervisionWarnings: 'KeyPoints.confidence' is deprecated since 0.29.0 and will be removed in 0.32.0. Use 'KeyPoints.keypoint_confidence' instead.
SupervisionWarnings: 'KeyPoints.confidence' is deprecated since 0.29.0 and will be removed in 0.32.0. Use 'KeyPoints.keypoint_confidence' instead.
SupervisionWarnings: 'KeyPoints.confidence' is deprecated since 0.29.0 and will be removed in 0.32.0. Use 'KeyPoints.keypoint_confidence' instead.
SupervisionWarnings: 'KeyPoints.confidence' is deprecated since 0.29.0 and will be removed in 0.32.0. Use 'KeyPoints.keypoint_confidence' instead.

  0%|          | 6/1451 [00:26<48:34,  2.02s/it]  SupervisionWarnings: 'KeyPoints.confidence' is deprecated since 0.29.0 and will be removed in 0.32.0. Use 'KeyPoints.keypoint_confidence' instead.
SupervisionWarnings: 'KeyPoints.confidence' is deprecated since 0.29.0 and will be removed in 0.32.0. Use 'KeyPoints.keypoint_confidence' instead.
SupervisionWarnings: 'KeyPoints.confidence' is deprecated since 0.29.0 and will be removed in 0.32.0. Use 'KeyPoints.keypoint_confidence' instead.
SupervisionWarnings: 'KeyPoints.confidence' is deprecated since 0.29.0 and will be removed in 0.32.0. Use 'KeyPoints.keypoint_confidence' instead.

  0%|          | 7/1451 [00:26<38:49,  1.61s/it]SupervisionWarnings: 'KeyPoints.confidence' is deprecated since 0.29.0 and will be removed in 0.32.0. Use 'KeyPoints.keypoint_confidence' instead.
SupervisionWarnings: 'KeyPoints.confidence' is deprecated since 0.29.0 and will be removed in 0.32.0. Use 'KeyPoints.keypoint_confidence' instead.
SupervisionWarnings: 'KeyPoints.confidence' is deprecated since 0.29.0 and will be removed in 0.32.0. Use 'KeyPoints.keypoint_confidence' instead.
SupervisionWarnings: 'KeyPoints.confidence' is deprecated since 0.29.0 and will be removed in 0.32.0. Use 'KeyPoints.keypoint_confidence' instead.

  1%|          | 8/1451 [00:27<32:34,  1.35s/it]SupervisionWarnings: 'KeyPoints.confidence' is deprecated since 0.29.0 and will be removed in 0.32.0. Use 'KeyPoints.keypoint_confidence' instead.
SupervisionWarnings: 'KeyPoints.confidence' is deprecated since 0.29.0 and will be removed in 0.32.0. Use 'KeyPoints.keypoint_confidence' instead.
SupervisionWarnings: 'KeyPoints.confidence' is deprecated since 0.29.0 and will be removed in 0.32.0. Use 'KeyPoints.keypoint_confidence' instead.
SupervisionWarnings: 'KeyPoints.confidence' is deprecated since 0.29.0 and will be removed in 0.32.0. Use 'KeyPoints.keypoint_confidence' instead.

  1%|          | 9/1451 [00:28<28:13,  1.17s/it]SupervisionWarnings: 'KeyPoints.confidence' is deprecated since 0.29.0 and will be removed in 0.32.0. Use 'KeyPoints.keypoint_confidence' instead.
SupervisionWarnings: 'KeyPoints.confidence' is deprecated since 0.29.0 and will be removed in 0.32.0. Use 'KeyPoints.keypoint_confidence' instead.
SupervisionWarnings: 'KeyPoints.confidence' is deprecated since 0.29.0 and will be removed in 0.32.0. Use 'KeyPoints.keypoint_confidence' instead.
SupervisionWarnings: 'KeyPoints.confidence' is deprecated since 0.29.0 and will be removed in 0.32.0. Use 'KeyPoints.keypoint_confidence' instead.

  1%|          | 10/1451 [00:29<26:11,  1.09s/it]SupervisionWarnings: 'KeyPoints.confidence' is deprecated since 0.29.0 and will be removed in 0.32.0. Use 'KeyPoints.keypoint_confidence' instead.
SupervisionWarnings: 'KeyPoints.confidence' is deprecated since 0.29.0 and will be removed in 0.32.0. Use 'KeyPoints.keypoint_confidence' instead.
SupervisionWarnings: 'KeyPoints.confidence' is deprecated since 0.29.0 and will be removed in 0.32.0. Use 'KeyPoints.keypoint_confidence' instead.
SupervisionWarnings: 'KeyPoints.confidence' is deprecated since 0.29.0 and will be removed in 0.32.0. Use 'KeyPoints.keypoint_confidence' instead.

  1%|          | 11/1451 [00:30<25:12,  1.05s/it]SupervisionWarnings: 'KeyPoints.confidence' is deprecated since 0.29.0 and will be removed in 0.32.0. Use 'KeyPoints.keypoint_confidence' instead.
SupervisionWarnings: 'KeyPoints.confidence' is deprecated since 0.29.0 and will be removed in 0.32.0. Use 'KeyPoints.keypoint_confidence' instead.
SupervisionWarnings: 'KeyPoints.confidence' is deprecated since 0.29.0 and will be removed in 0.32.0. Use 'KeyPoints.keypoint_confidence' instead.
SupervisionWarnings: 'KeyPoints.confidence' is deprecated since 0.29.0 and will be removed in 0.32.0. Use 'KeyPoints.keypoint_confidence' instead.

  1%|          | 12/1451 [00:31<25:02,  1.04s/it]SupervisionWarnings: 'KeyPoints.confidence' is deprecated since 0.29.0 and will be removed in 0.32.0. Use 'KeyPoints.keypoint_confidence' instead.
SupervisionWarnings: 'KeyPoints.confidence' is deprecated since 0.29.0 and will be removed in 0.32.0. Use 'KeyPoints.keypoint_confidence' instead.
SupervisionWarnings: 'KeyPoints.confidence' is deprecated since 0.29.0 and will be removed in 0.32.0. Use 'KeyPoints.keypoint_confidence' instead.
SupervisionWarnings: 'KeyPoints.confidence' is deprecated since 0.29.0 and will be removed in 0.32.0. Use 'KeyPoints.keypoint_confidence' instead.

  1%|          | 13/1451 [00:32<23:52,  1.00it/s]SupervisionWarnings: 'KeyPoints.confidence' is deprecated since 0.29.0 and will be removed in 0.32.0. Use 'KeyPoints.keypoint_confidence' instead.
SupervisionWarnings: 'KeyPoints.confidence' is deprecated since 0.29.0 and will be removed in 0.32.0. Use 'KeyPoints.keypoint_confidence' instead.
SupervisionWarnings: 'KeyPoints.confidence' is deprecated since 0.29.0 and will be removed in 0.32.0. Use 'KeyPoints.keypoint_confidence' instead.
SupervisionWarnings: 'KeyPoints.confidence' is deprecated since 0.29.0 and will be removed in 0.32.0. Use 'KeyPoints.keypoint_confidence' instead.

  1%|          | 14/1451 [00:33<22:23,  1.07it/s]SupervisionWarnings: 'KeyPoints.confidence' is deprecated since 0.29.0 and will be removed in 0.32.0. Use 'KeyPoints.keypoint_confidence' instead.
SupervisionWarnings: 'KeyPoints.confidence' is deprecated since 0.29.0 and will be removed in 0.32.0. Use 'KeyPoints.keypoint_confidence' instead.
SupervisionWarnings: 'KeyPoints.confidence' is deprecated since 0.29.0 and will be removed in 0.32.0. Use 'KeyPoints.keypoint_confidence' instead.
SupervisionWarnings: 'KeyPoints.confidence' is deprecated since 0.29.0 and will be removed in 0.32.0. Use 'KeyPoints.keypoint_confidence' instead.

  1%|          | 15/1451 [00:34<24:24,  1.02s/it]SupervisionWarnings: 'KeyPoints.confidence' is deprecated since 0.29.0 and will be removed in 0.32.0. Use 'KeyPoints.keypoint_confidence' instead.
SupervisionWarnings: 'KeyPoints.confidence' is deprecated since 0.29.0 and will be removed in 0.32.0. Use 'KeyPoints.keypoint_confidence' instead.
SupervisionWarnings: 'KeyPoints.confidence' is deprecated since 0.29.0 and will be removed in 0.32.0. Use 'KeyPoints.keypoint_confidence' instead.
SupervisionWarnings: 'KeyPoints.confidence' is deprecated since 0.29.0 and will be removed in 0.32.0. Use 'KeyPoints.keypoint_confidence' instead.

  1%|          | 16/1451 [00:35<25:49,  1.08s/it]SupervisionWarnings: 'KeyPoints.confidence' is deprecated since 0.29.0 and will be removed in 0.32.0. Use 'KeyPoints.keypoint_confidence' instead.
SupervisionWarnings: 'KeyPoints.confidence' is deprecated since 0.29.0 and will be removed in 0.32.0. Use 'KeyPoints.keypoint_confidence' instead.
SupervisionWarnings: 'KeyPoints.confidence' is deprecated since 0.29.0 and will be removed in 0.32.0. Use 'KeyPoints.keypoint_confidence' instead.
SupervisionWarnings: 'KeyPoints.confidence' is deprecated since 0.29.0 and will be removed in 0.32.0. Use 'KeyPoints.keypoint_confidence' instead.

  1%|          | 17/1451 [00:36<26:36,  1.11s/it]SupervisionWarnings: 'KeyPoints.confidence' is deprecated since 0.29.0 and will be removed in 0.32.0. Use 'KeyPoints.keypoint_confidence' instead.
SupervisionWarnings: 'KeyPoints.confidence' is deprecated since 0.29.0 and will be removed in 0.32.0. Use 'KeyPoints.keypoint_confidence' instead.
SupervisionWarnings: 'KeyPoints.confidence' is deprecated since 0.29.0 and will be removed in 0.32.0. Use 'KeyPoints.keypoint_confidence' instead.
SupervisionWarnings: 'KeyPoints.confidence' is deprecated since 0.29.0 and will be removed in 0.32.0. Use 'KeyPoints.keypoint_confidence' instead.

  1%|          | 18/1451 [00:37<27:18,  1.14s/it]SupervisionWarnings: 'KeyPoints.confidence' is deprecated since 0.29.0 and will be removed in 0.32.0. Use 'KeyPoints.keypoint_confidence' instead.
SupervisionWarnings: 'KeyPoints.confidence' is deprecated since 0.29.0 and will be removed in 0.32.0. Use 'KeyPoints.keypoint_confidence' instead.
SupervisionWarnings: 'KeyPoints.confidence' is deprecated since 0.29.0 and will be removed in 0.32.0. Use 'KeyPoints.keypoint_confidence' instead.
SupervisionWarnings: 'KeyPoints.confidence' is deprecated since 0.29.0 and will be removed in 0.32.0. Use 'KeyPoints.keypoint_confidence' instead.

  1%|▏         | 19/1451 [00:39<27:37,  1.16s/it]SupervisionWarnings: 'KeyPoints.confidence' is deprecated since 0.29.0 and will be removed in 0.32.0. Use 'KeyPoints.keypoint_confidence' instead.
SupervisionWarnings: 'KeyPoints.confidence' is deprecated since 0.29.0 and will be removed in 0.32.0. Use 'KeyPoints.keypoint_confidence' instead.
SupervisionWarnings: 'KeyPoints.confidence' is deprecated since 0.29.0 and will be removed in 0.32.0. Use 'KeyPoints.keypoint_confidence' instead.
SupervisionWarnings: 'KeyPoints.confidence' is deprecated since 0.29.0 and will be removed in 0.32.0. Use 'KeyPoints.keypoint_confidence' instead.

  1%|▏         | 20/1451 [00:40<27:55,  1.17s/it]SupervisionWarnings: 'KeyPoints.confidence' is deprecated since 0.29.0 and will be removed in 0.32.0. Use 'KeyPoints.keypoint_confidence' instead.
SupervisionWarnings: 'KeyPoints.confidence' is deprecated since 0.29.0 and will be removed in 0.32.0. Use 'KeyPoints.keypoint_confidence' instead.
SupervisionWarnings: 'KeyPoints.confidence' is deprecated since 0.29.0 and will be removed in 0.32.0. Use 'KeyPoints.keypoint_confidence' instead.
SupervisionWarnings: 'KeyPoints.confidence' is deprecated since 0.29.0 and will be removed in 0.32.0. Use 'KeyPoints.keypoint_confidence' instead.

  1%|▏         | 21/1451 [00:41<28:12,  1.18s/it]SupervisionWarnings: 'KeyPoints.confidence' is deprecated since 0.29.0 and will be removed in 0.32.0. Use 'KeyPoints.keypoint_confidence' instead.
SupervisionWarnings: 'KeyPoints.confidence' is deprecated since 0.29.0 and will be removed in 0.32.0. Use 'KeyPoints.keypoint_confidence' instead.
SupervisionWarnings: 'KeyPoints.confidence' is deprecated since 0.29.0 and will be removed in 0.32.0. Use 'KeyPoints.keypoint_confidence' instead.
SupervisionWarnings: 'KeyPoints.confidence' is deprecated since 0.29.0 and will be removed in 0.32.0. Use 'KeyPoints.keypoint_confidence' instead.

  2%|▏         | 22/1451 [00:42<26:29,  1.11s/it]SupervisionWarnings: 'KeyPoints.confidence' is deprecated since 0.29.0 and will be removed in 0.32.0. Use 'KeyPoints.keypoint_confidence' instead.
SupervisionWarnings: 'KeyPoints.confidence' is deprecated since 0.29.0 and will be removed in 0.32.0. Use 'KeyPoints.keypoint_confidence' instead.
SupervisionWarnings: 'KeyPoints.confidence' is deprecated since 0.29.0 and will be removed in 0.32.0. Use 'KeyPoints.keypoint_confidence' instead.
SupervisionWarnings: 'KeyPoints.confidence' is deprecated since 0.29.0 and will be removed in 0.32.0. Use 'KeyPoints.keypoint_confidence' instead.

  2%|▏         | 23/1451 [00:43<25:50,  1.09s/it]SupervisionWarnings: 'KeyPoints.confidence' is deprecated since 0.29.0 and will be removed in 0.32.0. Use 'KeyPoints.keypoint_confidence' instead.
SupervisionWarnings: 'KeyPoints.confidence' is deprecated since 0.29.0 and will be removed in 0.32.0. Use 'KeyPoints.keypoint_confidence' instead.
SupervisionWarnings: 'KeyPoints.confidence' is deprecated since 0.29.0 and will be removed in 0.32.0. Use 'KeyPoints.keypoint_confidence' instead.
SupervisionWarnings: 'KeyPoints.confidence' is deprecated since 0.29.0 and will be removed in 0.32.0. Use 'KeyPoints.keypoint_confidence' instead.

  2%|▏         | 24/1451 [00:44<28:37,  1.20s/it]SupervisionWarnings: 'KeyPoints.confidence' is deprecated since 0.29.0 and will be removed in 0.32.0. Use 'KeyPoints.keypoint_confidence' instead.
SupervisionWarnings: 'KeyPoints.confidence' is deprecated since 0.29.0 and will be removed in 0.32.0. Use 'KeyPoints.keypoint_confidence' instead.
SupervisionWarnings: 'KeyPoints.confidence' is deprecated since 0.29.0 and will be removed in 0.32.0. Use 'KeyPoints.keypoint_confidence' instead.
SupervisionWarnings: 'KeyPoints.confidence' is deprecated since 0.29.0 and will be removed in 0.32.0. Use 'KeyPoints.keypoint_confidence' instead.

  2%|▏         | 25/1451 [00:46<28:43,  1.21s/it]SupervisionWarnings: 'KeyPoints.confidence' is deprecated since 0.29.0 and will be removed in 0.32.0. Use 'KeyPoints.keypoint_confidence' instead.
SupervisionWarnings: 'KeyPoints.confidence' is deprecated since 0.29.0 and will be removed in 0.32.0. Use 'KeyPoints.keypoint_confidence' instead.
SupervisionWarnings: 'KeyPoints.confidence' is deprecated since 0.29.0 and will be removed in 0.32.0. Use 'KeyPoints.keypoint_confidence' instead.
SupervisionWarnings: 'KeyPoints.confidence' is deprecated since 0.29.0 and will be removed in 0.32.0. Use 'KeyPoints.keypoint_confidence' instead.

  2%|▏         | 26/1451 [00:47<26:07,  1.10s/it]SupervisionWarnings: 'KeyPoints.confidence' is deprecated since 0.29.0 and will be removed in 0.32.0. Use 'KeyPoints.keypoint_confidence' instead.
SupervisionWarnings: 'KeyPoints.confidence' is deprecated since 0.29.0 and will be removed in 0.32.0. Use 'KeyPoints.keypoint_confidence' instead.
SupervisionWarnings: 'KeyPoints.confidence' is deprecated since 0.29.0 and will be removed in 0.32.0. Use 'KeyPoints.keypoint_confidence' instead.
SupervisionWarnings: 'KeyPoints.confidence' is deprecated since 0.29.0 and will be removed in 0.32.0. Use 'KeyPoints.keypoint_confidence' instead.

  2%|▏         | 27/1451 [00:48<26:37,  1.12s/it]SupervisionWarnings: 'KeyPoints.confidence' is deprecated since 0.29.0 and will be removed in 0.32.0. Use 'KeyPoints.keypoint_confidence' instead.
SupervisionWarnings: 'KeyPoints.confidence' is deprecated since 0.29.0 and will be removed in 0.32.0. Use 'KeyPoints.keypoint_confidence' instead.
SupervisionWarnings: 'KeyPoints.confidence' is deprecated since 0.29.0 and will be removed in 0.32.0. Use 'KeyPoints.keypoint_confidence' instead.
SupervisionWarnings: 'KeyPoints.confidence' is deprecated since 0.29.0 and will be removed in 0.32.0. Use 'KeyPoints.keypoint_confidence' instead.

  2%|▏         | 28/1451 [00:49<27:10,  1.15s/it]SupervisionWarnings: 'KeyPoints.confidence' is deprecated since 0.29.0 and will be removed in 0.32.0. Use 'KeyPoints.keypoint_confidence' instead.
SupervisionWarnings: 'KeyPoints.confidence' is deprecated since 0.29.0 and will be removed in 0.32.0. Use 'KeyPoints.keypoint_confidence' instead.
SupervisionWarnings: 'KeyPoints.confidence' is deprecated since 0.29.0 and will be removed in 0.32.0. Use 'KeyPoints.keypoint_confidence' instead.
SupervisionWarnings: 'KeyPoints.confidence' is deprecated since 0.29.0 and will be removed in 0.32.0. Use 'KeyPoints.keypoint_confidence' instead.

  2%|▏         | 29/1451 [00:50<27:34,  1.16s/it]SupervisionWarnings: 'KeyPoints.confidence' is deprecated since 0.29.0 and will be removed in 0.32.0. Use 'KeyPoints.keypoint_confidence' instead.
SupervisionWarnings: 'KeyPoints.confidence' is deprecated since 0.29.0 and will be removed in 0.32.0. Use 'KeyPoints.keypoint_confidence' instead.
SupervisionWarnings: 'KeyPoints.confidence' is deprecated since 0.29.0 and will be removed in 0.32.0. Use 'KeyPoints.keypoint_confidence' instead.
SupervisionWarnings: 'KeyPoints.confidence' is deprecated since 0.29.0 and will be removed in 0.32.0. Use 'KeyPoints.keypoint_confidence' instead.

  2%|▏         | 30/1451 [00:51<25:01,  1.06s/it]SupervisionWarnings: 'KeyPoints.confidence' is deprecated since 0.29.0 and will be removed in 0.32.0. Use 'KeyPoints.keypoint_confidence' instead.
SupervisionWarnings: 'KeyPoints.confidence' is deprecated since 0.29.0 and will be removed in 0.32.0. Use 'KeyPoints.keypoint_confidence' instead.
SupervisionWarnings: 'KeyPoints.confidence' is deprecated since 0.29.0 and will be removed in 0.32.0. Use 'KeyPoints.keypoint_confidence' instead.
SupervisionWarnings: 'KeyPoints.confidence' is deprecated since 0.29.0 and will be removed in 0.32.0. Use 'KeyPoints.keypoint_confidence' instead.

  2%|▏         | 31/1451 [00:52<26:14,  1.11s/it]SupervisionWarnings: 'KeyPoints.confidence' is deprecated since 0.29.0 and will be removed in 0.32.0. Use 'KeyPoints.keypoint_confidence' instead.
SupervisionWarnings: 'KeyPoints.confidence' is deprecated since 0.29.0 and will be removed in 0.32.0. Use 'KeyPoints.keypoint_confidence' instead.
SupervisionWarnings: 'KeyPoints.confidence' is deprecated since 0.29.0 and will be removed in 0.32.0. Use 'KeyPoints.keypoint_confidence' instead.
SupervisionWarnings: 'KeyPoints.confidence' is deprecated since 0.29.0 and will be removed in 0.32.0. Use 'KeyPoints.keypoint_confidence' instead.

  2%|▏         | 32/1451 [00:53<24:07,  1.02s/it]SupervisionWarnings: 'KeyPoints.confidence' is deprecated since 0.29.0 and will be removed in 0.32.0. Use 'KeyPoints.keypoint_confidence' instead.
SupervisionWarnings: 'KeyPoints.confidence' is deprecated since 0.29.0 and will be removed in 0.32.0. Use 'KeyPoints.keypoint_confidence' instead.
SupervisionWarnings: 'KeyPoints.confidence' is deprecated since 0.29.0 and will be removed in 0.32.0. Use 'KeyPoints.keypoint_confidence' instead.
SupervisionWarnings: 'KeyPoints.confidence' is deprecated since 0.29.0 and will be removed in 0.32.0. Use 'KeyPoints.keypoint_confidence' instead.

  2%|▏         | 33/1451 [00:54<22:42,  1.04it/s]SupervisionWarnings: 'KeyPoints.confidence' is deprecated since 0.29.0 and will be removed in 0.32.0. Use 'KeyPoints.keypoint_confidence' instead.
SupervisionWarnings: 'KeyPoints.confidence' is deprecated since 0.29.0 and will be removed in 0.32.0. Use 'KeyPoints.keypoint_confidence' instead.
SupervisionWarnings: 'KeyPoints.confidence' is deprecated since 0.29.0 and will be removed in 0.32.0. Use 'KeyPoints.keypoint_confidence' instead.
SupervisionWarnings: 'KeyPoints.confidence' is deprecated since 0.29.0 and will be removed in 0.32.0. Use 'KeyPoints.keypoint_confidence' instead.

  2%|▏         | 34/1451 [00:55<25:14,  1.07s/it]SupervisionWarnings: 'KeyPoints.confidence' is deprecated since 0.29.0 and will be removed in 0.32.0. Use 'KeyPoints.keypoint_confidence' instead.
SupervisionWarnings: 'KeyPoints.confidence' is deprecated since 0.29.0 and will be removed in 0.32.0. Use 'KeyPoints.keypoint_confidence' instead.
SupervisionWarnings: 'KeyPoints.confidence' is deprecated since 0.29.0 and will be removed in 0.32.0. Use 'KeyPoints.keypoint_confidence' instead.
SupervisionWarnings: 'KeyPoints.confidence' is deprecated since 0.29.0 and will be removed in 0.32.0. Use 'KeyPoints.keypoint_confidence' instead.

  2%|▏         | 35/1451 [00:57<27:48,  1.18s/it]SupervisionWarnings: 'KeyPoints.confidence' is deprecated since 0.29.0 and will be removed in 0.32.0. Use 'KeyPoints.keypoint_confidence' instead.
SupervisionWarnings: 'KeyPoints.confidence' is deprecated since 0.29.0 and will be removed in 0.32.0. Use 'KeyPoints.keypoint_confidence' instead.
SupervisionWarnings: 'KeyPoints.confidence' is deprecated since 0.29.0 and will be removed in 0.32.0. Use 'KeyPoints.keypoint_confidence' instead.
SupervisionWarnings: 'KeyPoints.confidence' is deprecated since 0.29.0 and will be removed in 0.32.0. Use 'KeyPoints.keypoint_confidence' instead.

  2%|▏         | 36/1451 [00:58<28:56,  1.23s/it]SupervisionWarnings: 'KeyPoints.confidence' is deprecated since 0.29.0 and will be removed in 0.32.0. Use 'KeyPoints.keypoint_confidence' instead.
SupervisionWarnings: 'KeyPoints.confidence' is deprecated since 0.29.0 and will be removed in 0.32.0. Use 'KeyPoints.keypoint_confidence' instead.
SupervisionWarnings: 'KeyPoints.confidence' is deprecated since 0.29.0 and will be removed in 0.32.0. Use 'KeyPoints.keypoint_confidence' instead.
SupervisionWarnings: 'KeyPoints.confidence' is deprecated since 0.29.0 and will be removed in 0.32.0. Use 'KeyPoints.keypoint_confidence' instead.

  3%|▎         | 37/1451 [00:59<29:05,  1.23s/it]SupervisionWarnings: 'KeyPoints.confidence' is deprecated since 0.29.0 and will be removed in 0.32.0. Use 'KeyPoints.keypoint_confidence' instead.
SupervisionWarnings: 'KeyPoints.confidence' is deprecated since 0.29.0 and will be removed in 0.32.0. Use 'KeyPoints.keypoint_confidence' instead.
SupervisionWarnings: 'KeyPoints.confidence' is deprecated since 0.29.0 and will be removed in 0.32.0. Use 'KeyPoints.keypoint_confidence' instead.
SupervisionWarnings: 'KeyPoints.confidence' is deprecated since 0.29.0 and will be removed in 0.32.0. Use 'KeyPoints.keypoint_confidence' instead.

  3%|▎         | 38/1451 [01:00<26:06,  1.11s/it]SupervisionWarnings: 'KeyPoints.confidence' is deprecated since 0.29.0 and will be removed in 0.32.0. Use 'KeyPoints.keypoint_confidence' instead.
SupervisionWarnings: 'KeyPoints.confidence' is deprecated since 0.29.0 and will be removed in 0.32.0. Use 'KeyPoints.keypoint_confidence' instead.
SupervisionWarnings: 'KeyPoints.confidence' is deprecated since 0.29.0 and will be removed in 0.32.0. Use 'KeyPoints.keypoint_confidence' instead.
SupervisionWarnings: 'KeyPoints.confidence' is deprecated since 0.29.0 and will be removed in 0.32.0. Use 'KeyPoints.keypoint_confidence' instead.

  3%|▎         | 39/1451 [01:01<24:15,  1.03s/it]SupervisionWarnings: 'KeyPoints.confidence' is deprecated since 0.29.0 and will be removed in 0.32.0. Use 'KeyPoints.keypoint_confidence' instead.
SupervisionWarnings: 'KeyPoints.confidence' is deprecated since 0.29.0 and will be removed in 0.32.0. Use 'KeyPoints.keypoint_confidence' instead.
SupervisionWarnings: 'KeyPoints.confidence' is deprecated since 0.29.0 and will be removed in 0.32.0. Use 'KeyPoints.keypoint_confidence' instead.
SupervisionWarnings: 'KeyPoints.confidence' is deprecated since 0.29.0 and will be removed in 0.32.0. Use 'KeyPoints.keypoint_confidence' instead.

  3%|▎         | 40/1451 [01:02<22:48,  1.03it/s]SupervisionWarnings: 'KeyPoints.confidence' is deprecated since 0.29.0 and will be removed in 0.32.0. Use 'KeyPoints.keypoint_confidence' instead.
SupervisionWarnings: 'KeyPoints.confidence' is deprecated since 0.29.0 and will be removed in 0.32.0. Use 'KeyPoints.keypoint_confidence' instead.
SupervisionWarnings: 'KeyPoints.confidence' is deprecated since 0.29.0 and will be removed in 0.32.0. Use 'KeyPoints.keypoint_confidence' instead.
SupervisionWarnings: 'KeyPoints.confidence' is deprecated since 0.29.0 and will be removed in 0.32.0. Use 'KeyPoints.keypoint_confidence' instead.

  3%|▎         | 41/1451 [01:03<24:41,  1.05s/it]SupervisionWarnings: 'KeyPoints.confidence' is deprecated since 0.29.0 and will be removed in 0.32.0. Use 'KeyPoints.keypoint_confidence' instead.
SupervisionWarnings: 'KeyPoints.confidence' is deprecated since 0.29.0 and will be removed in 0.32.0. Use 'KeyPoints.keypoint_confidence' instead.
SupervisionWarnings: 'KeyPoints.confidence' is deprecated since 0.29.0 and will be removed in 0.32.0. Use 'KeyPoints.keypoint_confidence' instead.
SupervisionWarnings: 'KeyPoints.confidence' is deprecated since 0.29.0 and will be removed in 0.32.0. Use 'KeyPoints.keypoint_confidence' instead.

  3%|▎         | 42/1451 [01:04<22:54,  1.03it/s]SupervisionWarnings: 'KeyPoints.confidence' is deprecated since 0.29.0 and will be removed in 0.32.0. Use 'KeyPoints.keypoint_confidence' instead.
SupervisionWarnings: 'KeyPoints.confidence' is deprecated since 0.29.0 and will be removed in 0.32.0. Use 'KeyPoints.keypoint_confidence' instead.
SupervisionWarnings: 'KeyPoints.confidence' is deprecated since 0.29.0 and will be removed in 0.32.0. Use 'KeyPoints.keypoint_confidence' instead.
SupervisionWarnings: 'KeyPoints.confidence' is deprecated since 0.29.0 and will be removed in 0.32.0. Use 'KeyPoints.keypoint_confidence' instead.

  3%|▎         | 43/1451 [01:04<21:44,  1.08it/s]SupervisionWarnings: 'KeyPoints.confidence' is deprecated since 0.29.0 and will be removed in 0.32.0. Use 'KeyPoints.keypoint_confidence' instead.
SupervisionWarnings: 'KeyPoints.confidence' is deprecated since 0.29.0 and will be removed in 0.32.0. Use 'KeyPoints.keypoint_confidence' instead.
SupervisionWarnings: 'KeyPoints.confidence' is deprecated since 0.29.0 and will be removed in 0.32.0. Use 'KeyPoints.keypoint_confidence' instead.
SupervisionWarnings: 'KeyPoints.confidence' is deprecated since 0.29.0 and will be removed in 0.32.0. Use 'KeyPoints.keypoint_confidence' instead.

  3%|▎         | 44/1451 [01:05<20:52,  1.12it/s]SupervisionWarnings: 'KeyPoints.confidence' is deprecated since 0.29.0 and will be removed in 0.32.0. Use 'KeyPoints.keypoint_confidence' instead.
SupervisionWarnings: 'KeyPoints.confidence' is deprecated since 0.29.0 and will be removed in 0.32.0. Use 'KeyPoints.keypoint_confidence' instead.
SupervisionWarnings: 'KeyPoints.confidence' is deprecated since 0.29.0 and will be removed in 0.32.0. Use 'KeyPoints.keypoint_confidence' instead.
SupervisionWarnings: 'KeyPoints.confidence' is deprecated since 0.29.0 and will be removed in 0.32.0. Use 'KeyPoints.keypoint_confidence' instead.

  3%|▎         | 45/1451 [01:06<20:23,  1.15it/s]SupervisionWarnings: 'KeyPoints.confidence' is deprecated since 0.29.0 and will be removed in 0.32.0. Use 'KeyPoints.keypoint_confidence' instead.
SupervisionWarnings: 'KeyPoints.confidence' is deprecated since 0.29.0 and will be removed in 0.32.0. Use 'KeyPoints.keypoint_confidence' instead.
SupervisionWarnings: 'KeyPoints.confidence' is deprecated since 0.29.0 and will be removed in 0.32.0. Use 'KeyPoints.keypoint_confidence' instead.
SupervisionWarnings: 'KeyPoints.confidence' is deprecated since 0.29.0 and will be removed in 0.32.0. Use 'KeyPoints.keypoint_confidence' instead.

  3%|▎         | 46/1451 [01:07<19:56,  1.17it/s]SupervisionWarnings: 'KeyPoints.confidence' is deprecated since 0.29.0 and will be removed in 0.32.0. Use 'KeyPoints.keypoint_confidence' instead.
SupervisionWarnings: 'KeyPoints.confidence' is deprecated since 0.29.0 and will be removed in 0.32.0. Use 'KeyPoints.keypoint_confidence' instead.
SupervisionWarnings: 'KeyPoints.confidence' is deprecated since 0.29.0 and will be removed in 0.32.0. Use 'KeyPoints.keypoint_confidence' instead.
SupervisionWarnings: 'KeyPoints.confidence' is deprecated since 0.29.0 and will be removed in 0.32.0. Use 'KeyPoints.keypoint_confidence' instead.

  3%|▎         | 47/1451 [01:08<20:34,  1.14it/s]SupervisionWarnings: 'KeyPoints.confidence' is deprecated since 0.29.0 and will be removed in 0.32.0. Use 'KeyPoints.keypoint_confidence' instead.
SupervisionWarnings: 'KeyPoints.confidence' is deprecated since 0.29.0 and will be removed in 0.32.0. Use 'KeyPoints.keypoint_confidence' instead.
SupervisionWarnings: 'KeyPoints.confidence' is deprecated since 0.29.0 and will be removed in 0.32.0. Use 'KeyPoints.keypoint_confidence' instead.
SupervisionWarnings: 'KeyPoints.confidence' is deprecated since 0.29.0 and will be removed in 0.32.0. Use 'KeyPoints.keypoint_confidence' instead.

  3%|▎         | 48/1451 [01:09<21:39,  1.08it/s]SupervisionWarnings: 'KeyPoints.confidence' is deprecated since 0.29.0 and will be removed in 0.32.0. Use 'KeyPoints.keypoint_confidence' instead.
SupervisionWarnings: 'KeyPoints.confidence' is deprecated since 0.29.0 and will be removed in 0.32.0. Use 'KeyPoints.keypoint_confidence' instead.
SupervisionWarnings: 'KeyPoints.confidence' is deprecated since 0.29.0 and will be removed in 0.32.0. Use 'KeyPoints.keypoint_confidence' instead.
SupervisionWarnings: 'KeyPoints.confidence' is deprecated since 0.29.0 and will be removed in 0.32.0. Use 'KeyPoints.keypoint_confidence' instead.

  3%|▎         | 49/1451 [01:10<22:24,  1.04it/s]SupervisionWarnings: 'KeyPoints.confidence' is deprecated since 0.29.0 and will be removed in 0.32.0. Use 'KeyPoints.keypoint_confidence' instead.
SupervisionWarnings: 'KeyPoints.confidence' is deprecated since 0.29.0 and will be removed in 0.32.0. Use 'KeyPoints.keypoint_confidence' instead.
SupervisionWarnings: 'KeyPoints.confidence' is deprecated since 0.29.0 and will be removed in 0.32.0. Use 'KeyPoints.keypoint_confidence' instead.
SupervisionWarnings: 'KeyPoints.confidence' is deprecated since 0.29.0 and will be removed in 0.32.0. Use 'KeyPoints.keypoint_confidence' instead.

  3%|▎         | 50/1451 [01:11<22:07,  1.06it/s]SupervisionWarnings: 'KeyPoints.confidence' is deprecated since 0.29.0 and will be removed in 0.32.0. Use 'KeyPoints.keypoint_confidence' instead.
SupervisionWarnings: 'KeyPoints.confidence' is deprecated since 0.29.0 and will be removed in 0.32.0. Use 'KeyPoints.keypoint_confidence' instead.
SupervisionWarnings: 'KeyPoints.confidence' is deprecated since 0.29.0 and will be removed in 0.32.0. Use 'KeyPoints.keypoint_confidence' instead.
SupervisionWarnings: 'KeyPoints.confidence' is deprecated since 0.29.0 and will be removed in 0.32.0. Use 'KeyPoints.keypoint_confidence' instead.

  4%|▎         | 51/1451 [01:12<21:12,  1.10it/s]SupervisionWarnings: 'KeyPoints.confidence' is deprecated since 0.29.0 and will be removed in 0.32.0. Use 'KeyPoints.keypoint_confidence' instead.
SupervisionWarnings: 'KeyPoints.confidence' is deprecated since 0.29.0 and will be removed in 0.32.0. Use 'KeyPoints.keypoint_confidence' instead.
SupervisionWarnings: 'KeyPoints.confidence' is deprecated since 0.29.0 and will be removed in 0.32.0. Use 'KeyPoints.keypoint_confidence' instead.
SupervisionWarnings: 'KeyPoints.confidence' is deprecated since 0.29.0 and will be removed in 0.32.0. Use 'KeyPoints.keypoint_confidence' instead.

  4%|▎         | 52/1451 [01:12<20:33,  1.13it/s]SupervisionWarnings: 'KeyPoints.confidence' is deprecated since 0.29.0 and will be removed in 0.32.0. Use 'KeyPoints.keypoint_confidence' instead.
SupervisionWarnings: 'KeyPoints.confidence' is deprecated since 0.29.0 and will be removed in 0.32.0. Use 'KeyPoints.keypoint_confidence' instead.
SupervisionWarnings: 'KeyPoints.confidence' is deprecated since 0.29.0 and will be removed in 0.32.0. Use 'KeyPoints.keypoint_confidence' instead.
SupervisionWarnings: 'KeyPoints.confidence' is deprecated since 0.29.0 and will be removed in 0.32.0. Use 'KeyPoints.keypoint_confidence' instead.

  4%|▎         | 53/1451 [01:13<20:02,  1.16it/s]SupervisionWarnings: 'KeyPoints.confidence' is deprecated since 0.29.0 and will be removed in 0.32.0. Use 'KeyPoints.keypoint_confidence' instead.
SupervisionWarnings: 'KeyPoints.confidence' is deprecated since 0.29.0 and will be removed in 0.32.0. Use 'KeyPoints.keypoint_confidence' instead.
SupervisionWarnings: 'KeyPoints.confidence' is deprecated since 0.29.0 and will be removed in 0.32.0. Use 'KeyPoints.keypoint_confidence' instead.
SupervisionWarnings: 'KeyPoints.confidence' is deprecated since 0.29.0 and will be removed in 0.32.0. Use 'KeyPoints.keypoint_confidence' instead.

  4%|▎         | 54/1451 [01:14<19:46,  1.18it/s]SupervisionWarnings: 'KeyPoints.confidence' is deprecated since 0.29.0 and will be removed in 0.32.0. Use 'KeyPoints.keypoint_confidence' instead.
SupervisionWarnings: 'KeyPoints.confidence' is deprecated since 0.29.0 and will be removed in 0.32.0. Use 'KeyPoints.keypoint_confidence' instead.
SupervisionWarnings: 'KeyPoints.confidence' is deprecated since 0.29.0 and will be removed in 0.32.0. Use 'KeyPoints.keypoint_confidence' instead.
SupervisionWarnings: 'KeyPoints.confidence' is deprecated since 0.29.0 and will be removed in 0.32.0. Use 'KeyPoints.keypoint_confidence' instead.

  4%|▍         | 55/1451 [01:15<19:34,  1.19it/s]SupervisionWarnings: 'KeyPoints.confidence' is deprecated since 0.29.0 and will be removed in 0.32.0. Use 'KeyPoints.keypoint_confidence' instead.
SupervisionWarnings: 'KeyPoints.confidence' is deprecated since 0.29.0 and will be removed in 0.32.0. Use 'KeyPoints.keypoint_confidence' instead.
SupervisionWarnings: 'KeyPoints.confidence' is deprecated since 0.29.0 and will be removed in 0.32.0. Use 'KeyPoints.keypoint_confidence' instead.
SupervisionWarnings: 'KeyPoints.confidence' is deprecated since 0.29.0 and will be removed in 0.32.0. Use 'KeyPoints.keypoint_confidence' instead.

  4%|▍         | 56/1451 [01:16<19:23,  1.20it/s]SupervisionWarnings: 'KeyPoints.confidence' is deprecated since 0.29.0 and will be removed in 0.32.0. Use 'KeyPoints.keypoint_confidence' instead.
SupervisionWarnings: 'KeyPoints.confidence' is deprecated since 0.29.0 and will be removed in 0.32.0. Use 'KeyPoints.keypoint_confidence' instead.
SupervisionWarnings: 'KeyPoints.confidence' is deprecated since 0.29.0 and will be removed in 0.32.0. Use 'KeyPoints.keypoint_confidence' instead.
SupervisionWarnings: 'KeyPoints.confidence' is deprecated since 0.29.0 and will be removed in 0.32.0. Use 'KeyPoints.keypoint_confidence' instead.

  4%|▍         | 57/1451 [01:17<19:24,  1.20it/s]SupervisionWarnings: 'KeyPoints.confidence' is deprecated since 0.29.0 and will be removed in 0.32.0. Use 'KeyPoints.keypoint_confidence' instead.
SupervisionWarnings: 'KeyPoints.confidence' is deprecated since 0.29.0 and will be removed in 0.32.0. Use 'KeyPoints.keypoint_confidence' instead.
SupervisionWarnings: 'KeyPoints.confidence' is deprecated since 0.29.0 and will be removed in 0.32.0. Use 'KeyPoints.keypoint_confidence' instead.
SupervisionWarnings: 'KeyPoints.confidence' is deprecated since 0.29.0 and will be removed in 0.32.0. Use 'KeyPoints.keypoint_confidence' instead.

  4%|▍         | 58/1451 [01:17<19:22,  1.20it/s]SupervisionWarnings: 'KeyPoints.confidence' is deprecated since 0.29.0 and will be removed in 0.32.0. Use 'KeyPoints.keypoint_confidence' instead.
SupervisionWarnings: 'KeyPoints.confidence' is deprecated since 0.29.0 and will be removed in 0.32.0. Use 'KeyPoints.keypoint_confidence' instead.
SupervisionWarnings: 'KeyPoints.confidence' is deprecated since 0.29.0 and will be removed in 0.32.0. Use 'KeyPoints.keypoint_confidence' instead.
SupervisionWarnings: 'KeyPoints.confidence' is deprecated since 0.29.0 and will be removed in 0.32.0. Use 'KeyPoints.keypoint_confidence' instead.

  4%|▍         | 59/1451 [01:18<19:17,  1.20it/s]SupervisionWarnings: 'KeyPoints.confidence' is deprecated since 0.29.0 and will be removed in 0.32.0. Use 'KeyPoints.keypoint_confidence' instead.
SupervisionWarnings: 'KeyPoints.confidence' is deprecated since 0.29.0 and will be removed in 0.32.0. Use 'KeyPoints.keypoint_confidence' instead.
SupervisionWarnings: 'KeyPoints.confidence' is deprecated since 0.29.0 and will be removed in 0.32.0. Use 'KeyPoints.keypoint_confidence' instead.
SupervisionWarnings: 'KeyPoints.confidence' is deprecated since 0.29.0 and will be removed in 0.32.0. Use 'KeyPoints.keypoint_confidence' instead.

  4%|▍         | 60/1451 [01:19<19:21,  1.20it/s]SupervisionWarnings: 'KeyPoints.confidence' is deprecated since 0.29.0 and will be removed in 0.32.0. Use 'KeyPoints.keypoint_confidence' instead.
SupervisionWarnings: 'KeyPoints.confidence' is deprecated since 0.29.0 and will be removed in 0.32.0. Use 'KeyPoints.keypoint_confidence' instead.
SupervisionWarnings: 'KeyPoints.confidence' is deprecated since 0.29.0 and will be removed in 0.32.0. Use 'KeyPoints.keypoint_confidence' instead.
SupervisionWarnings: 'KeyPoints.confidence' is deprecated since 0.29.0 and will be removed in 0.32.0. Use 'KeyPoints.keypoint_confidence' instead.

  4%|▍         | 61/1451 [01:20<19:15,  1.20it/s]SupervisionWarnings: 'KeyPoints.confidence' is deprecated since 0.29.0 and will be removed in 0.32.0. Use 'KeyPoints.keypoint_confidence' instead.
SupervisionWarnings: 'KeyPoints.confidence' is deprecated since 0.29.0 and will be removed in 0.32.0. Use 'KeyPoints.keypoint_confidence' instead.
SupervisionWarnings: 'KeyPoints.confidence' is deprecated since 0.29.0 and will be removed in 0.32.0. Use 'KeyPoints.keypoint_confidence' instead.
SupervisionWarnings: 'KeyPoints.confidence' is deprecated since 0.29.0 and will be removed in 0.32.0. Use 'KeyPoints.keypoint_confidence' instead.

  4%|▍         | 62/1451 [01:21<20:02,  1.15it/s]SupervisionWarnings: 'KeyPoints.confidence' is deprecated since 0.29.0 and will be removed in 0.32.0. Use 'KeyPoints.keypoint_confidence' instead.
SupervisionWarnings: 'KeyPoints.confidence' is deprecated since 0.29.0 and will be removed in 0.32.0. Use 'KeyPoints.keypoint_confidence' instead.
SupervisionWarnings: 'KeyPoints.confidence' is deprecated since 0.29.0 and will be removed in 0.32.0. Use 'KeyPoints.keypoint_confidence' instead.
SupervisionWarnings: 'KeyPoints.confidence' is deprecated since 0.29.0 and will be removed in 0.32.0. Use 'KeyPoints.keypoint_confidence' instead.

  4%|▍         | 63/1451 [01:22<21:35,  1.07it/s]SupervisionWarnings: 'KeyPoints.confidence' is deprecated since 0.29.0 and will be removed in 0.32.0. Use 'KeyPoints.keypoint_confidence' instead.
SupervisionWarnings: 'KeyPoints.confidence' is deprecated since 0.29.0 and will be removed in 0.32.0. Use 'KeyPoints.keypoint_confidence' instead.
SupervisionWarnings: 'KeyPoints.confidence' is deprecated since 0.29.0 and will be removed in 0.32.0. Use 'KeyPoints.keypoint_confidence' instead.
SupervisionWarnings: 'KeyPoints.confidence' is deprecated since 0.29.0 and will be removed in 0.32.0. Use 'KeyPoints.keypoint_confidence' instead.

  4%|▍         | 64/1451 [01:23<22:29,  1.03it/s]SupervisionWarnings: 'KeyPoints.confidence' is deprecated since 0.29.0 and will be removed in 0.32.0. Use 'KeyPoints.keypoint_confidence' instead.
SupervisionWarnings: 'KeyPoints.confidence' is deprecated since 0.29.0 and will be removed in 0.32.0. Use 'KeyPoints.keypoint_confidence' instead.
SupervisionWarnings: 'KeyPoints.confidence' is deprecated since 0.29.0 and will be removed in 0.32.0. Use 'KeyPoints.keypoint_confidence' instead.
SupervisionWarnings: 'KeyPoints.confidence' is deprecated since 0.29.0 and will be removed in 0.32.0. Use 'KeyPoints.keypoint_confidence' instead.

  4%|▍         | 65/1451 [01:24<22:32,  1.02it/s]SupervisionWarnings: 'KeyPoints.confidence' is deprecated since 0.29.0 and will be removed in 0.32.0. Use 'KeyPoints.keypoint_confidence' instead.
SupervisionWarnings: 'KeyPoints.confidence' is deprecated since 0.29.0 and will be removed in 0.32.0. Use 'KeyPoints.keypoint_confidence' instead.
SupervisionWarnings: 'KeyPoints.confidence' is deprecated since 0.29.0 and will be removed in 0.32.0. Use 'KeyPoints.keypoint_confidence' instead.
SupervisionWarnings: 'KeyPoints.confidence' is deprecated since 0.29.0 and will be removed in 0.32.0. Use 'KeyPoints.keypoint_confidence' instead.

  5%|▍         | 66/1451 [01:25<21:33,  1.07it/s]SupervisionWarnings: 'KeyPoints.confidence' is deprecated since 0.29.0 and will be removed in 0.32.0. Use 'KeyPoints.keypoint_confidence' instead.
SupervisionWarnings: 'KeyPoints.confidence' is deprecated since 0.29.0 and will be removed in 0.32.0. Use 'KeyPoints.keypoint_confidence' instead.
SupervisionWarnings: 'KeyPoints.confidence' is deprecated since 0.29.0 and will be removed in 0.32.0. Use 'KeyPoints.keypoint_confidence' instead.
SupervisionWarnings: 'KeyPoints.confidence' is deprecated since 0.29.0 and will be removed in 0.32.0. Use 'KeyPoints.keypoint_confidence' instead.

  5%|▍         | 67/1451 [01:26<20:43,  1.11it/s]SupervisionWarnings: 'KeyPoints.confidence' is deprecated since 0.29.0 and will be removed in 0.32.0. Use 'KeyPoints.keypoint_confidence' instead.
SupervisionWarnings: 'KeyPoints.confidence' is deprecated since 0.29.0 and will be removed in 0.32.0. Use 'KeyPoints.keypoint_confidence' instead.
SupervisionWarnings: 'KeyPoints.confidence' is deprecated since 0.29.0 and will be removed in 0.32.0. Use 'KeyPoints.keypoint_confidence' instead.
SupervisionWarnings: 'KeyPoints.confidence' is deprecated since 0.29.0 and will be removed in 0.32.0. Use 'KeyPoints.keypoint_confidence' instead.

  5%|▍         | 68/1451 [01:27<20:16,  1.14it/s]SupervisionWarnings: 'KeyPoints.confidence' is deprecated since 0.29.0 and will be removed in 0.32.0. Use 'KeyPoints.keypoint_confidence' instead.
SupervisionWarnings: 'KeyPoints.confidence' is deprecated since 0.29.0 and will be removed in 0.32.0. Use 'KeyPoints.keypoint_confidence' instead.
SupervisionWarnings: 'KeyPoints.confidence' is deprecated since 0.29.0 and will be removed in 0.32.0. Use 'KeyPoints.keypoint_confidence' instead.
SupervisionWarnings: 'KeyPoints.confidence' is deprecated since 0.29.0 and will be removed in 0.32.0. Use 'KeyPoints.keypoint_confidence' instead.

  5%|▍         | 69/1451 [01:28<23:01,  1.00it/s]SupervisionWarnings: 'KeyPoints.confidence' is deprecated since 0.29.0 and will be removed in 0.32.0. Use 'KeyPoints.keypoint_confidence' instead.
SupervisionWarnings: 'KeyPoints.confidence' is deprecated since 0.29.0 and will be removed in 0.32.0. Use 'KeyPoints.keypoint_confidence' instead.
SupervisionWarnings: 'KeyPoints.confidence' is deprecated since 0.29.0 and will be removed in 0.32.0. Use 'KeyPoints.keypoint_confidence' instead.
SupervisionWarnings: 'KeyPoints.confidence' is deprecated since 0.29.0 and will be removed in 0.32.0. Use 'KeyPoints.keypoint_confidence' instead.

  5%|▍         | 70/1451 [01:29<21:54,  1.05it/s]SupervisionWarnings: 'KeyPoints.confidence' is deprecated since 0.29.0 and will be removed in 0.32.0. Use 'KeyPoints.keypoint_confidence' instead.
SupervisionWarnings: 'KeyPoints.confidence' is deprecated since 0.29.0 and will be removed in 0.32.0. Use 'KeyPoints.keypoint_confidence' instead.
SupervisionWarnings: 'KeyPoints.confidence' is deprecated since 0.29.0 and will be removed in 0.32.0. Use 'KeyPoints.keypoint_confidence' instead.
SupervisionWarnings: 'KeyPoints.confidence' is deprecated since 0.29.0 and will be removed in 0.32.0. Use 'KeyPoints.keypoint_confidence' instead.

  5%|▍         | 71/1451 [01:29<21:05,  1.09it/s]SupervisionWarnings: 'KeyPoints.confidence' is deprecated since 0.29.0 and will be removed in 0.32.0. Use 'KeyPoints.keypoint_confidence' instead.
SupervisionWarnings: 'KeyPoints.confidence' is deprecated since 0.29.0 and will be removed in 0.32.0. Use 'KeyPoints.keypoint_confidence' instead.
SupervisionWarnings: 'KeyPoints.confidence' is deprecated since 0.29.0 and will be removed in 0.32.0. Use 'KeyPoints.keypoint_confidence' instead.
SupervisionWarnings: 'KeyPoints.confidence' is deprecated since 0.29.0 and will be removed in 0.32.0. Use 'KeyPoints.keypoint_confidence' instead.

  5%|▍         | 72/1451 [01:30<20:41,  1.11it/s]SupervisionWarnings: 'KeyPoints.confidence' is deprecated since 0.29.0 and will be removed in 0.32.0. Use 'KeyPoints.keypoint_confidence' instead.
SupervisionWarnings: 'KeyPoints.confidence' is deprecated since 0.29.0 and will be removed in 0.32.0. Use 'KeyPoints.keypoint_confidence' instead.
SupervisionWarnings: 'KeyPoints.confidence' is deprecated since 0.29.0 and will be removed in 0.32.0. Use 'KeyPoints.keypoint_confidence' instead.
SupervisionWarnings: 'KeyPoints.confidence' is deprecated since 0.29.0 and will be removed in 0.32.0. Use 'KeyPoints.keypoint_confidence' instead.

  5%|▌         | 73/1451 [01:31<20:07,  1.14it/s]SupervisionWarnings: 'KeyPoints.confidence' is deprecated since 0.29.0 and will be removed in 0.32.0. Use 'KeyPoints.keypoint_confidence' instead.
SupervisionWarnings: 'KeyPoints.confidence' is deprecated since 0.29.0 and will be removed in 0.32.0. Use 'KeyPoints.keypoint_confidence' instead.
SupervisionWarnings: 'KeyPoints.confidence' is deprecated since 0.29.0 and will be removed in 0.32.0. Use 'KeyPoints.keypoint_confidence' instead.
SupervisionWarnings: 'KeyPoints.confidence' is deprecated since 0.29.0 and will be removed in 0.32.0. Use 'KeyPoints.keypoint_confidence' instead.

  5%|▌         | 74/1451 [01:32<19:43,  1.16it/s]SupervisionWarnings: 'KeyPoints.confidence' is deprecated since 0.29.0 and will be removed in 0.32.0. Use 'KeyPoints.keypoint_confidence' instead.
SupervisionWarnings: 'KeyPoints.confidence' is deprecated since 0.29.0 and will be removed in 0.32.0. Use 'KeyPoints.keypoint_confidence' instead.
SupervisionWarnings: 'KeyPoints.confidence' is deprecated since 0.29.0 and will be removed in 0.32.0. Use 'KeyPoints.keypoint_confidence' instead.
SupervisionWarnings: 'KeyPoints.confidence' is deprecated since 0.29.0 and will be removed in 0.32.0. Use 'KeyPoints.keypoint_confidence' instead.

  5%|▌         | 75/1451 [01:33<19:32,  1.17it/s]SupervisionWarnings: 'KeyPoints.confidence' is deprecated since 0.29.0 and will be removed in 0.32.0. Use 'KeyPoints.keypoint_confidence' instead.
SupervisionWarnings: 'KeyPoints.confidence' is deprecated since 0.29.0 and will be removed in 0.32.0. Use 'KeyPoints.keypoint_confidence' instead.
SupervisionWarnings: 'KeyPoints.confidence' is deprecated since 0.29.0 and will be removed in 0.32.0. Use 'KeyPoints.keypoint_confidence' instead.
SupervisionWarnings: 'KeyPoints.confidence' is deprecated since 0.29.0 and will be removed in 0.32.0. Use 'KeyPoints.keypoint_confidence' instead.

  5%|▌         | 76/1451 [01:34<19:41,  1.16it/s]SupervisionWarnings: 'KeyPoints.confidence' is deprecated since 0.29.0 and will be removed in 0.32.0. Use 'KeyPoints.keypoint_confidence' instead.
SupervisionWarnings: 'KeyPoints.confidence' is deprecated since 0.29.0 and will be removed in 0.32.0. Use 'KeyPoints.keypoint_confidence' instead.
SupervisionWarnings: 'KeyPoints.confidence' is deprecated since 0.29.0 and will be removed in 0.32.0. Use 'KeyPoints.keypoint_confidence' instead.
SupervisionWarnings: 'KeyPoints.confidence' is deprecated since 0.29.0 and will be removed in 0.32.0. Use 'KeyPoints.keypoint_confidence' instead.

  5%|▌         | 77/1451 [01:35<20:27,  1.12it/s]SupervisionWarnings: 'KeyPoints.confidence' is deprecated since 0.29.0 and will be removed in 0.32.0. Use 'KeyPoints.keypoint_confidence' instead.
SupervisionWarnings: 'KeyPoints.confidence' is deprecated since 0.29.0 and will be removed in 0.32.0. Use 'KeyPoints.keypoint_confidence' instead.
SupervisionWarnings: 'KeyPoints.confidence' is deprecated since 0.29.0 and will be removed in 0.32.0. Use 'KeyPoints.keypoint_confidence' instead.
SupervisionWarnings: 'KeyPoints.confidence' is deprecated since 0.29.0 and will be removed in 0.32.0. Use 'KeyPoints.keypoint_confidence' instead.

  5%|▌         | 78/1451 [01:36<21:35,  1.06it/s]SupervisionWarnings: 'KeyPoints.confidence' is deprecated since 0.29.0 and will be removed in 0.32.0. Use 'KeyPoints.keypoint_confidence' instead.
SupervisionWarnings: 'KeyPoints.confidence' is deprecated since 0.29.0 and will be removed in 0.32.0. Use 'KeyPoints.keypoint_confidence' instead.
SupervisionWarnings: 'KeyPoints.confidence' is deprecated since 0.29.0 and will be removed in 0.32.0. Use 'KeyPoints.keypoint_confidence' instead.
SupervisionWarnings: 'KeyPoints.confidence' is deprecated since 0.29.0 and will be removed in 0.32.0. Use 'KeyPoints.keypoint_confidence' instead.

  5%|▌         | 79/1451 [01:37<21:42,  1.05it/s]SupervisionWarnings: 'KeyPoints.confidence' is deprecated since 0.29.0 and will be removed in 0.32.0. Use 'KeyPoints.keypoint_confidence' instead.
SupervisionWarnings: 'KeyPoints.confidence' is deprecated since 0.29.0 and will be removed in 0.32.0. Use 'KeyPoints.keypoint_confidence' instead.
SupervisionWarnings: 'KeyPoints.confidence' is deprecated since 0.29.0 and will be removed in 0.32.0. Use 'KeyPoints.keypoint_confidence' instead.
SupervisionWarnings: 'KeyPoints.confidence' is deprecated since 0.29.0 and will be removed in 0.32.0. Use 'KeyPoints.keypoint_confidence' instead.

  6%|▌         | 80/1451 [01:37<20:51,  1.10it/s]SupervisionWarnings: 'KeyPoints.confidence' is deprecated since 0.29.0 and will be removed in 0.32.0. Use 'KeyPoints.keypoint_confidence' instead.
SupervisionWarnings: 'KeyPoints.confidence' is deprecated since 0.29.0 and will be removed in 0.32.0. Use 'KeyPoints.keypoint_confidence' instead.
SupervisionWarnings: 'KeyPoints.confidence' is deprecated since 0.29.0 and will be removed in 0.32.0. Use 'KeyPoints.keypoint_confidence' instead.
SupervisionWarnings: 'KeyPoints.confidence' is deprecated since 0.29.0 and will be removed in 0.32.0. Use 'KeyPoints.keypoint_confidence' instead.

  6%|▌         | 81/1451 [01:38<20:09,  1.13it/s]SupervisionWarnings: 'KeyPoints.confidence' is deprecated since 0.29.0 and will be removed in 0.32.0. Use 'KeyPoints.keypoint_confidence' instead.
SupervisionWarnings: 'KeyPoints.confidence' is deprecated since 0.29.0 and will be removed in 0.32.0. Use 'KeyPoints.keypoint_confidence' instead.
SupervisionWarnings: 'KeyPoints.confidence' is deprecated since 0.29.0 and will be removed in 0.32.0. Use 'KeyPoints.keypoint_confidence' instead.
SupervisionWarnings: 'KeyPoints.confidence' is deprecated since 0.29.0 and will be removed in 0.32.0. Use 'KeyPoints.keypoint_confidence' instead.

  6%|▌         | 82/1451 [01:39<19:49,  1.15it/s]SupervisionWarnings: 'KeyPoints.confidence' is deprecated since 0.29.0 and will be removed in 0.32.0. Use 'KeyPoints.keypoint_confidence' instead.
SupervisionWarnings: 'KeyPoints.confidence' is deprecated since 0.29.0 and will be removed in 0.32.0. Use 'KeyPoints.keypoint_confidence' instead.
SupervisionWarnings: 'KeyPoints.confidence' is deprecated since 0.29.0 and will be removed in 0.32.0. Use 'KeyPoints.keypoint_confidence' instead.
SupervisionWarnings: 'KeyPoints.confidence' is deprecated since 0.29.0 and will be removed in 0.32.0. Use 'KeyPoints.keypoint_confidence' instead.

  6%|▌         | 83/1451 [01:40<19:30,  1.17it/s]SupervisionWarnings: 'KeyPoints.confidence' is deprecated since 0.29.0 and will be removed in 0.32.0. Use 'KeyPoints.keypoint_confidence' instead.
SupervisionWarnings: 'KeyPoints.confidence' is deprecated since 0.29.0 and will be removed in 0.32.0. Use 'KeyPoints.keypoint_confidence' instead.
SupervisionWarnings: 'KeyPoints.confidence' is deprecated since 0.29.0 and will be removed in 0.32.0. Use 'KeyPoints.keypoint_confidence' instead.
SupervisionWarnings: 'KeyPoints.confidence' is deprecated since 0.29.0 and will be removed in 0.32.0. Use 'KeyPoints.keypoint_confidence' instead.

  6%|▌         | 84/1451 [01:41<19:30,  1.17it/s]SupervisionWarnings: 'KeyPoints.confidence' is deprecated since 0.29.0 and will be removed in 0.32.0. Use 'KeyPoints.keypoint_confidence' instead.
SupervisionWarnings: 'KeyPoints.confidence' is deprecated since 0.29.0 and will be removed in 0.32.0. Use 'KeyPoints.keypoint_confidence' instead.
SupervisionWarnings: 'KeyPoints.confidence' is deprecated since 0.29.0 and will be removed in 0.32.0. Use 'KeyPoints.keypoint_confidence' instead.
SupervisionWarnings: 'KeyPoints.confidence' is deprecated since 0.29.0 and will be removed in 0.32.0. Use 'KeyPoints.keypoint_confidence' instead.

  6%|▌         | 85/1451 [01:42<19:19,  1.18it/s]SupervisionWarnings: 'KeyPoints.confidence' is deprecated since 0.29.0 and will be removed in 0.32.0. Use 'KeyPoints.keypoint_confidence' instead.
SupervisionWarnings: 'KeyPoints.confidence' is deprecated since 0.29.0 and will be removed in 0.32.0. Use 'KeyPoints.keypoint_confidence' instead.
SupervisionWarnings: 'KeyPoints.confidence' is deprecated since 0.29.0 and will be removed in 0.32.0. Use 'KeyPoints.keypoint_confidence' instead.
SupervisionWarnings: 'KeyPoints.confidence' is deprecated since 0.29.0 and will be removed in 0.32.0. Use 'KeyPoints.keypoint_confidence' instead.

  6%|▌         | 86/1451 [01:42<19:14,  1.18it/s]SupervisionWarnings: 'KeyPoints.confidence' is deprecated since 0.29.0 and will be removed in 0.32.0. Use 'KeyPoints.keypoint_confidence' instead.
SupervisionWarnings: 'KeyPoints.confidence' is deprecated since 0.29.0 and will be removed in 0.32.0. Use 'KeyPoints.keypoint_confidence' instead.
SupervisionWarnings: 'KeyPoints.confidence' is deprecated since 0.29.0 and will be removed in 0.32.0. Use 'KeyPoints.keypoint_confidence' instead.
SupervisionWarnings: 'KeyPoints.confidence' is deprecated since 0.29.0 and will be removed in 0.32.0. Use 'KeyPoints.keypoint_confidence' instead.

  6%|▌         | 87/1451 [01:43<19:10,  1.19it/s]SupervisionWarnings: 'KeyPoints.confidence' is deprecated since 0.29.0 and will be removed in 0.32.0. Use 'KeyPoints.keypoint_confidence' instead.
SupervisionWarnings: 'KeyPoints.confidence' is deprecated since 0.29.0 and will be removed in 0.32.0. Use 'KeyPoints.keypoint_confidence' instead.
SupervisionWarnings: 'KeyPoints.confidence' is deprecated since 0.29.0 and will be removed in 0.32.0. Use 'KeyPoints.keypoint_confidence' instead.
SupervisionWarnings: 'KeyPoints.confidence' is deprecated since 0.29.0 and will be removed in 0.32.0. Use 'KeyPoints.keypoint_confidence' instead.

  6%|▌         | 88/1451 [01:44<19:01,  1.19it/s]SupervisionWarnings: 'KeyPoints.confidence' is deprecated since 0.29.0 and will be removed in 0.32.0. Use 'KeyPoints.keypoint_confidence' instead.
SupervisionWarnings: 'KeyPoints.confidence' is deprecated since 0.29.0 and will be removed in 0.32.0. Use 'KeyPoints.keypoint_confidence' instead.
SupervisionWarnings: 'KeyPoints.confidence' is deprecated since 0.29.0 and will be removed in 0.32.0. Use 'KeyPoints.keypoint_confidence' instead.
SupervisionWarnings: 'KeyPoints.confidence' is deprecated since 0.29.0 and will be removed in 0.32.0. Use 'KeyPoints.keypoint_confidence' instead.

  6%|▌         | 89/1451 [01:45<19:08,  1.19it/s]SupervisionWarnings: 'KeyPoints.confidence' is deprecated since 0.29.0 and will be removed in 0.32.0. Use 'KeyPoints.keypoint_confidence' instead.
SupervisionWarnings: 'KeyPoints.confidence' is deprecated since 0.29.0 and will be removed in 0.32.0. Use 'KeyPoints.keypoint_confidence' instead.
SupervisionWarnings: 'KeyPoints.confidence' is deprecated since 0.29.0 and will be removed in 0.32.0. Use 'KeyPoints.keypoint_confidence' instead.
SupervisionWarnings: 'KeyPoints.confidence' is deprecated since 0.29.0 and will be removed in 0.32.0. Use 'KeyPoints.keypoint_confidence' instead.

  6%|▌         | 90/1451 [01:46<19:01,  1.19it/s]SupervisionWarnings: 'KeyPoints.confidence' is deprecated since 0.29.0 and will be removed in 0.32.0. Use 'KeyPoints.keypoint_confidence' instead.
SupervisionWarnings: 'KeyPoints.confidence' is deprecated since 0.29.0 and will be removed in 0.32.0. Use 'KeyPoints.keypoint_confidence' instead.
SupervisionWarnings: 'KeyPoints.confidence' is deprecated since 0.29.0 and will be removed in 0.32.0. Use 'KeyPoints.keypoint_confidence' instead.
SupervisionWarnings: 'KeyPoints.confidence' is deprecated since 0.29.0 and will be removed in 0.32.0. Use 'KeyPoints.keypoint_confidence' instead.

  6%|▋         | 91/1451 [01:47<22:44,  1.00s/it]SupervisionWarnings: 'KeyPoints.confidence' is deprecated since 0.29.0 and will be removed in 0.32.0. Use 'KeyPoints.keypoint_confidence' instead.
SupervisionWarnings: 'KeyPoints.confidence' is deprecated since 0.29.0 and will be removed in 0.32.0. Use 'KeyPoints.keypoint_confidence' instead.
SupervisionWarnings: 'KeyPoints.confidence' is deprecated since 0.29.0 and will be removed in 0.32.0. Use 'KeyPoints.keypoint_confidence' instead.
SupervisionWarnings: 'KeyPoints.confidence' is deprecated since 0.29.0 and will be removed in 0.32.0. Use 'KeyPoints.keypoint_confidence' instead.

  6%|▋         | 92/1451 [01:48<23:52,  1.05s/it]SupervisionWarnings: 'KeyPoints.confidence' is deprecated since 0.29.0 and will be removed in 0.32.0. Use 'KeyPoints.keypoint_confidence' instead.
SupervisionWarnings: 'KeyPoints.confidence' is deprecated since 0.29.0 and will be removed in 0.32.0. Use 'KeyPoints.keypoint_confidence' instead.
SupervisionWarnings: 'KeyPoints.confidence' is deprecated since 0.29.0 and will be removed in 0.32.0. Use 'KeyPoints.keypoint_confidence' instead.
SupervisionWarnings: 'KeyPoints.confidence' is deprecated since 0.29.0 and will be removed in 0.32.0. Use 'KeyPoints.keypoint_confidence' instead.

  6%|▋         | 93/1451 [01:49<23:26,  1.04s/it]SupervisionWarnings: 'KeyPoints.confidence' is deprecated since 0.29.0 and will be removed in 0.32.0. Use 'KeyPoints.keypoint_confidence' instead.
SupervisionWarnings: 'KeyPoints.confidence' is deprecated since 0.29.0 and will be removed in 0.32.0. Use 'KeyPoints.keypoint_confidence' instead.
SupervisionWarnings: 'KeyPoints.confidence' is deprecated since 0.29.0 and will be removed in 0.32.0. Use 'KeyPoints.keypoint_confidence' instead.
SupervisionWarnings: 'KeyPoints.confidence' is deprecated since 0.29.0 and will be removed in 0.32.0. Use 'KeyPoints.keypoint_confidence' instead.

  6%|▋         | 94/1451 [01:50<22:20,  1.01it/s]SupervisionWarnings: 'KeyPoints.confidence' is deprecated since 0.29.0 and will be removed in 0.32.0. Use 'KeyPoints.keypoint_confidence' instead.
SupervisionWarnings: 'KeyPoints.confidence' is deprecated since 0.29.0 and will be removed in 0.32.0. Use 'KeyPoints.keypoint_confidence' instead.
SupervisionWarnings: 'KeyPoints.confidence' is deprecated since 0.29.0 and will be removed in 0.32.0. Use 'KeyPoints.keypoint_confidence' instead.
SupervisionWarnings: 'KeyPoints.confidence' is deprecated since 0.29.0 and will be removed in 0.32.0. Use 'KeyPoints.keypoint_confidence' instead.

  7%|▋         | 95/1451 [01:52<24:04,  1.07s/it]SupervisionWarnings: 'KeyPoints.confidence' is deprecated since 0.29.0 and will be removed in 0.32.0. Use 'KeyPoints.keypoint_confidence' instead.
SupervisionWarnings: 'KeyPoints.confidence' is deprecated since 0.29.0 and will be removed in 0.32.0. Use 'KeyPoints.keypoint_confidence' instead.
SupervisionWarnings: 'KeyPoints.confidence' is deprecated since 0.29.0 and will be removed in 0.32.0. Use 'KeyPoints.keypoint_confidence' instead.
SupervisionWarnings: 'KeyPoints.confidence' is deprecated since 0.29.0 and will be removed in 0.32.0. Use 'KeyPoints.keypoint_confidence' instead.

  7%|▋         | 96/1451 [01:53<25:27,  1.13s/it]SupervisionWarnings: 'KeyPoints.confidence' is deprecated since 0.29.0 and will be removed in 0.32.0. Use 'KeyPoints.keypoint_confidence' instead.
SupervisionWarnings: 'KeyPoints.confidence' is deprecated since 0.29.0 and will be removed in 0.32.0. Use 'KeyPoints.keypoint_confidence' instead.
SupervisionWarnings: 'KeyPoints.confidence' is deprecated since 0.29.0 and will be removed in 0.32.0. Use 'KeyPoints.keypoint_confidence' instead.
SupervisionWarnings: 'KeyPoints.confidence' is deprecated since 0.29.0 and will be removed in 0.32.0. Use 'KeyPoints.keypoint_confidence' instead.

  7%|▋         | 97/1451 [01:54<23:23,  1.04s/it]SupervisionWarnings: 'KeyPoints.confidence' is deprecated since 0.29.0 and will be removed in 0.32.0. Use 'KeyPoints.keypoint_confidence' instead.
SupervisionWarnings: 'KeyPoints.confidence' is deprecated since 0.29.0 and will be removed in 0.32.0. Use 'KeyPoints.keypoint_confidence' instead.
SupervisionWarnings: 'KeyPoints.confidence' is deprecated since 0.29.0 and will be removed in 0.32.0. Use 'KeyPoints.keypoint_confidence' instead.
SupervisionWarnings: 'KeyPoints.confidence' is deprecated since 0.29.0 and will be removed in 0.32.0. Use 'KeyPoints.keypoint_confidence' instead.

  7%|▋         | 98/1451 [01:55<24:54,  1.10s/it]SupervisionWarnings: 'KeyPoints.confidence' is deprecated since 0.29.0 and will be removed in 0.32.0. Use 'KeyPoints.keypoint_confidence' instead.
SupervisionWarnings: 'KeyPoints.confidence' is deprecated since 0.29.0 and will be removed in 0.32.0. Use 'KeyPoints.keypoint_confidence' instead.
SupervisionWarnings: 'KeyPoints.confidence' is deprecated since 0.29.0 and will be removed in 0.32.0. Use 'KeyPoints.keypoint_confidence' instead.
SupervisionWarnings: 'KeyPoints.confidence' is deprecated since 0.29.0 and will be removed in 0.32.0. Use 'KeyPoints.keypoint_confidence' instead.

  7%|▋         | 99/1451 [01:56<22:59,  1.02s/it]SupervisionWarnings: 'KeyPoints.confidence' is deprecated since 0.29.0 and will be removed in 0.32.0. Use 'KeyPoints.keypoint_confidence' instead.
SupervisionWarnings: 'KeyPoints.confidence' is deprecated since 0.29.0 and will be removed in 0.32.0. Use 'KeyPoints.keypoint_confidence' instead.
SupervisionWarnings: 'KeyPoints.confidence' is deprecated since 0.29.0 and will be removed in 0.32.0. Use 'KeyPoints.keypoint_confidence' instead.
SupervisionWarnings: 'KeyPoints.confidence' is deprecated since 0.29.0 and will be removed in 0.32.0. Use 'KeyPoints.keypoint_confidence' instead.

  7%|▋         | 100/1451 [01:57<22:00,  1.02it/s]SupervisionWarnings: 'KeyPoints.confidence' is deprecated since 0.29.0 and will be removed in 0.32.0. Use 'KeyPoints.keypoint_confidence' instead.
SupervisionWarnings: 'KeyPoints.confidence' is deprecated since 0.29.0 and will be removed in 0.32.0. Use 'KeyPoints.keypoint_confidence' instead.
SupervisionWarnings: 'KeyPoints.confidence' is deprecated since 0.29.0 and will be removed in 0.32.0. Use 'KeyPoints.keypoint_confidence' instead.
SupervisionWarnings: 'KeyPoints.confidence' is deprecated since 0.29.0 and will be removed in 0.32.0. Use 'KeyPoints.keypoint_confidence' instead.

  7%|▋         | 101/1451 [01:57<21:06,  1.07it/s]SupervisionWarnings: 'KeyPoints.confidence' is deprecated since 0.29.0 and will be removed in 0.32.0. Use 'KeyPoints.keypoint_confidence' instead.
SupervisionWarnings: 'KeyPoints.confidence' is deprecated since 0.29.0 and will be removed in 0.32.0. Use 'KeyPoints.keypoint_confidence' instead.
SupervisionWarnings: 'KeyPoints.confidence' is deprecated since 0.29.0 and will be removed in 0.32.0. Use 'KeyPoints.keypoint_confidence' instead.
SupervisionWarnings: 'KeyPoints.confidence' is deprecated since 0.29.0 and will be removed in 0.32.0. Use 'KeyPoints.keypoint_confidence' instead.

  7%|▋         | 102/1451 [01:58<20:19,  1.11it/s]SupervisionWarnings: 'KeyPoints.confidence' is deprecated since 0.29.0 and will be removed in 0.32.0. Use 'KeyPoints.keypoint_confidence' instead.
SupervisionWarnings: 'KeyPoints.confidence' is deprecated since 0.29.0 and will be removed in 0.32.0. Use 'KeyPoints.keypoint_confidence' instead.
SupervisionWarnings: 'KeyPoints.confidence' is deprecated since 0.29.0 and will be removed in 0.32.0. Use 'KeyPoints.keypoint_confidence' instead.
SupervisionWarnings: 'KeyPoints.confidence' is deprecated since 0.29.0 and will be removed in 0.32.0. Use 'KeyPoints.keypoint_confidence' instead.

  7%|▋         | 103/1451 [02:00<23:25,  1.04s/it]SupervisionWarnings: 'KeyPoints.confidence' is deprecated since 0.29.0 and will be removed in 0.32.0. Use 'KeyPoints.keypoint_confidence' instead.
SupervisionWarnings: 'KeyPoints.confidence' is deprecated since 0.29.0 and will be removed in 0.32.0. Use 'KeyPoints.keypoint_confidence' instead.
SupervisionWarnings: 'KeyPoints.confidence' is deprecated since 0.29.0 and will be removed in 0.32.0. Use 'KeyPoints.keypoint_confidence' instead.
SupervisionWarnings: 'KeyPoints.confidence' is deprecated since 0.29.0 and will be removed in 0.32.0. Use 'KeyPoints.keypoint_confidence' instead.

  7%|▋         | 104/1451 [02:01<23:26,  1.04s/it]SupervisionWarnings: 'KeyPoints.confidence' is deprecated since 0.29.0 and will be removed in 0.32.0. Use 'KeyPoints.keypoint_confidence' instead.
SupervisionWarnings: 'KeyPoints.confidence' is deprecated since 0.29.0 and will be removed in 0.32.0. Use 'KeyPoints.keypoint_confidence' instead.
SupervisionWarnings: 'KeyPoints.confidence' is deprecated since 0.29.0 and will be removed in 0.32.0. Use 'KeyPoints.keypoint_confidence' instead.
SupervisionWarnings: 'KeyPoints.confidence' is deprecated since 0.29.0 and will be removed in 0.32.0. Use 'KeyPoints.keypoint_confidence' instead.

  7%|▋         | 105/1451 [02:02<23:43,  1.06s/it]SupervisionWarnings: 'KeyPoints.confidence' is deprecated since 0.29.0 and will be removed in 0.32.0. Use 'KeyPoints.keypoint_confidence' instead.
SupervisionWarnings: 'KeyPoints.confidence' is deprecated since 0.29.0 and will be removed in 0.32.0. Use 'KeyPoints.keypoint_confidence' instead.
SupervisionWarnings: 'KeyPoints.confidence' is deprecated since 0.29.0 and will be removed in 0.32.0. Use 'KeyPoints.keypoint_confidence' instead.
SupervisionWarnings: 'KeyPoints.confidence' is deprecated since 0.29.0 and will be removed in 0.32.0. Use 'KeyPoints.keypoint_confidence' instead.

  7%|▋         | 106/1451 [02:03<22:47,  1.02s/it]SupervisionWarnings: 'KeyPoints.confidence' is deprecated since 0.29.0 and will be removed in 0.32.0. Use 'KeyPoints.keypoint_confidence' instead.
SupervisionWarnings: 'KeyPoints.confidence' is deprecated since 0.29.0 and will be removed in 0.32.0. Use 'KeyPoints.keypoint_confidence' instead.
SupervisionWarnings: 'KeyPoints.confidence' is deprecated since 0.29.0 and will be removed in 0.32.0. Use 'KeyPoints.keypoint_confidence' instead.
SupervisionWarnings: 'KeyPoints.confidence' is deprecated since 0.29.0 and will be removed in 0.32.0. Use 'KeyPoints.keypoint_confidence' instead.

  7%|▋         | 107/1451 [02:04<21:31,  1.04it/s]SupervisionWarnings: 'KeyPoints.confidence' is deprecated since 0.29.0 and will be removed in 0.32.0. Use 'KeyPoints.keypoint_confidence' instead.
SupervisionWarnings: 'KeyPoints.confidence' is deprecated since 0.29.0 and will be removed in 0.32.0. Use 'KeyPoints.keypoint_confidence' instead.
SupervisionWarnings: 'KeyPoints.confidence' is deprecated since 0.29.0 and will be removed in 0.32.0. Use 'KeyPoints.keypoint_confidence' instead.
SupervisionWarnings: 'KeyPoints.confidence' is deprecated since 0.29.0 and will be removed in 0.32.0. Use 'KeyPoints.keypoint_confidence' instead.

  7%|▋         | 108/1451 [02:04<20:32,  1.09it/s]SupervisionWarnings: 'KeyPoints.confidence' is deprecated since 0.29.0 and will be removed in 0.32.0. Use 'KeyPoints.keypoint_confidence' instead.
SupervisionWarnings: 'KeyPoints.confidence' is deprecated since 0.29.0 and will be removed in 0.32.0. Use 'KeyPoints.keypoint_confidence' instead.
SupervisionWarnings: 'KeyPoints.confidence' is deprecated since 0.29.0 and will be removed in 0.32.0. Use 'KeyPoints.keypoint_confidence' instead.
SupervisionWarnings: 'KeyPoints.confidence' is deprecated since 0.29.0 and will be removed in 0.32.0. Use 'KeyPoints.keypoint_confidence' instead.

  8%|▊         | 109/1451 [02:06<22:40,  1.01s/it]SupervisionWarnings: 'KeyPoints.confidence' is deprecated since 0.29.0 and will be removed in 0.32.0. Use 'KeyPoints.keypoint_confidence' instead.
SupervisionWarnings: 'KeyPoints.confidence' is deprecated since 0.29.0 and will be removed in 0.32.0. Use 'KeyPoints.keypoint_confidence' instead.
SupervisionWarnings: 'KeyPoints.confidence' is deprecated since 0.29.0 and will be removed in 0.32.0. Use 'KeyPoints.keypoint_confidence' instead.
SupervisionWarnings: 'KeyPoints.confidence' is deprecated since 0.29.0 and will be removed in 0.32.0. Use 'KeyPoints.keypoint_confidence' instead.

  8%|▊         | 110/1451 [02:06<21:17,  1.05it/s]SupervisionWarnings: 'KeyPoints.confidence' is deprecated since 0.29.0 and will be removed in 0.32.0. Use 'KeyPoints.keypoint_confidence' instead.
SupervisionWarnings: 'KeyPoints.confidence' is deprecated since 0.29.0 and will be removed in 0.32.0. Use 'KeyPoints.keypoint_confidence' instead.
SupervisionWarnings: 'KeyPoints.confidence' is deprecated since 0.29.0 and will be removed in 0.32.0. Use 'KeyPoints.keypoint_confidence' instead.
SupervisionWarnings: 'KeyPoints.confidence' is deprecated since 0.29.0 and will be removed in 0.32.0. Use 'KeyPoints.keypoint_confidence' instead.

  8%|▊         | 111/1451 [02:08<23:21,  1.05s/it]SupervisionWarnings: 'KeyPoints.confidence' is deprecated since 0.29.0 and will be removed in 0.32.0. Use 'KeyPoints.keypoint_confidence' instead.
SupervisionWarnings: 'KeyPoints.confidence' is deprecated since 0.29.0 and will be removed in 0.32.0. Use 'KeyPoints.keypoint_confidence' instead.
SupervisionWarnings: 'KeyPoints.confidence' is deprecated since 0.29.0 and will be removed in 0.32.0. Use 'KeyPoints.keypoint_confidence' instead.
SupervisionWarnings: 'KeyPoints.confidence' is deprecated since 0.29.0 and will be removed in 0.32.0. Use 'KeyPoints.keypoint_confidence' instead.

  8%|▊         | 112/1451 [02:09<24:39,  1.10s/it]SupervisionWarnings: 'KeyPoints.confidence' is deprecated since 0.29.0 and will be removed in 0.32.0. Use 'KeyPoints.keypoint_confidence' instead.
SupervisionWarnings: 'KeyPoints.confidence' is deprecated since 0.29.0 and will be removed in 0.32.0. Use 'KeyPoints.keypoint_confidence' instead.
SupervisionWarnings: 'KeyPoints.confidence' is deprecated since 0.29.0 and will be removed in 0.32.0. Use 'KeyPoints.keypoint_confidence' instead.
SupervisionWarnings: 'KeyPoints.confidence' is deprecated since 0.29.0 and will be removed in 0.32.0. Use 'KeyPoints.keypoint_confidence' instead.

  8%|▊         | 113/1451 [02:10<22:41,  1.02s/it]SupervisionWarnings: 'KeyPoints.confidence' is deprecated since 0.29.0 and will be removed in 0.32.0. Use 'KeyPoints.keypoint_confidence' instead.
SupervisionWarnings: 'KeyPoints.confidence' is deprecated since 0.29.0 and will be removed in 0.32.0. Use 'KeyPoints.keypoint_confidence' instead.
SupervisionWarnings: 'KeyPoints.confidence' is deprecated since 0.29.0 and will be removed in 0.32.0. Use 'KeyPoints.keypoint_confidence' instead.
SupervisionWarnings: 'KeyPoints.confidence' is deprecated since 0.29.0 and will be removed in 0.32.0. Use 'KeyPoints.keypoint_confidence' instead.

  8%|▊         | 114/1451 [02:11<24:11,  1.09s/it]SupervisionWarnings: 'KeyPoints.confidence' is deprecated since 0.29.0 and will be removed in 0.32.0. Use 'KeyPoints.keypoint_confidence' instead.
SupervisionWarnings: 'KeyPoints.confidence' is deprecated since 0.29.0 and will be removed in 0.32.0. Use 'KeyPoints.keypoint_confidence' instead.
SupervisionWarnings: 'KeyPoints.confidence' is deprecated since 0.29.0 and will be removed in 0.32.0. Use 'KeyPoints.keypoint_confidence' instead.
SupervisionWarnings: 'KeyPoints.confidence' is deprecated since 0.29.0 and will be removed in 0.32.0. Use 'KeyPoints.keypoint_confidence' instead.

  8%|▊         | 115/1451 [02:12<25:07,  1.13s/it]SupervisionWarnings: 'KeyPoints.confidence' is deprecated since 0.29.0 and will be removed in 0.32.0. Use 'KeyPoints.keypoint_confidence' instead.
SupervisionWarnings: 'KeyPoints.confidence' is deprecated since 0.29.0 and will be removed in 0.32.0. Use 'KeyPoints.keypoint_confidence' instead.
SupervisionWarnings: 'KeyPoints.confidence' is deprecated since 0.29.0 and will be removed in 0.32.0. Use 'KeyPoints.keypoint_confidence' instead.
SupervisionWarnings: 'KeyPoints.confidence' is deprecated since 0.29.0 and will be removed in 0.32.0. Use 'KeyPoints.keypoint_confidence' instead.

  8%|▊         | 116/1451 [02:13<23:52,  1.07s/it]SupervisionWarnings: 'KeyPoints.confidence' is deprecated since 0.29.0 and will be removed in 0.32.0. Use 'KeyPoints.keypoint_confidence' instead.
SupervisionWarnings: 'KeyPoints.confidence' is deprecated since 0.29.0 and will be removed in 0.32.0. Use 'KeyPoints.keypoint_confidence' instead.
SupervisionWarnings: 'KeyPoints.confidence' is deprecated since 0.29.0 and will be removed in 0.32.0. Use 'KeyPoints.keypoint_confidence' instead.
SupervisionWarnings: 'KeyPoints.confidence' is deprecated since 0.29.0 and will be removed in 0.32.0. Use 'KeyPoints.keypoint_confidence' instead.

  8%|▊         | 117/1451 [02:15<26:32,  1.19s/it]SupervisionWarnings: 'KeyPoints.confidence' is deprecated since 0.29.0 and will be removed in 0.32.0. Use 'KeyPoints.keypoint_confidence' instead.
SupervisionWarnings: 'KeyPoints.confidence' is deprecated since 0.29.0 and will be removed in 0.32.0. Use 'KeyPoints.keypoint_confidence' instead.
SupervisionWarnings: 'KeyPoints.confidence' is deprecated since 0.29.0 and will be removed in 0.32.0. Use 'KeyPoints.keypoint_confidence' instead.
SupervisionWarnings: 'KeyPoints.confidence' is deprecated since 0.29.0 and will be removed in 0.32.0. Use 'KeyPoints.keypoint_confidence' instead.

  8%|▊         | 118/1451 [02:16<25:36,  1.15s/it]SupervisionWarnings: 'KeyPoints.confidence' is deprecated since 0.29.0 and will be removed in 0.32.0. Use 'KeyPoints.keypoint_confidence' instead.
SupervisionWarnings: 'KeyPoints.confidence' is deprecated since 0.29.0 and will be removed in 0.32.0. Use 'KeyPoints.keypoint_confidence' instead.
SupervisionWarnings: 'KeyPoints.confidence' is deprecated since 0.29.0 and will be removed in 0.32.0. Use 'KeyPoints.keypoint_confidence' instead.
SupervisionWarnings: 'KeyPoints.confidence' is deprecated since 0.29.0 and will be removed in 0.32.0. Use 'KeyPoints.keypoint_confidence' instead.

  8%|▊         | 119/1451 [02:17<23:56,  1.08s/it]SupervisionWarnings: 'KeyPoints.confidence' is deprecated since 0.29.0 and will be removed in 0.32.0. Use 'KeyPoints.keypoint_confidence' instead.
SupervisionWarnings: 'KeyPoints.confidence' is deprecated since 0.29.0 and will be removed in 0.32.0. Use 'KeyPoints.keypoint_confidence' instead.
SupervisionWarnings: 'KeyPoints.confidence' is deprecated since 0.29.0 and will be removed in 0.32.0. Use 'KeyPoints.keypoint_confidence' instead.
SupervisionWarnings: 'KeyPoints.confidence' is deprecated since 0.29.0 and will be removed in 0.32.0. Use 'KeyPoints.keypoint_confidence' instead.

  8%|▊         | 120/1451 [02:17<22:17,  1.00s/it]SupervisionWarnings: 'KeyPoints.confidence' is deprecated since 0.29.0 and will be removed in 0.32.0. Use 'KeyPoints.keypoint_confidence' instead.
SupervisionWarnings: 'KeyPoints.confidence' is deprecated since 0.29.0 and will be removed in 0.32.0. Use 'KeyPoints.keypoint_confidence' instead.
SupervisionWarnings: 'KeyPoints.confidence' is deprecated since 0.29.0 and will be removed in 0.32.0. Use 'KeyPoints.keypoint_confidence' instead.
SupervisionWarnings: 'KeyPoints.confidence' is deprecated since 0.29.0 and will be removed in 0.32.0. Use 'KeyPoints.keypoint_confidence' instead.

  8%|▊         | 121/1451 [02:18<21:04,  1.05it/s]SupervisionWarnings: 'KeyPoints.confidence' is deprecated since 0.29.0 and will be removed in 0.32.0. Use 'KeyPoints.keypoint_confidence' instead.
SupervisionWarnings: 'KeyPoints.confidence' is deprecated since 0.29.0 and will be removed in 0.32.0. Use 'KeyPoints.keypoint_confidence' instead.
SupervisionWarnings: 'KeyPoints.confidence' is deprecated since 0.29.0 and will be removed in 0.32.0. Use 'KeyPoints.keypoint_confidence' instead.
SupervisionWarnings: 'KeyPoints.confidence' is deprecated since 0.29.0 and will be removed in 0.32.0. Use 'KeyPoints.keypoint_confidence' instead.

  8%|▊         | 122/1451 [02:19<20:35,  1.08it/s]SupervisionWarnings: 'KeyPoints.confidence' is deprecated since 0.29.0 and will be removed in 0.32.0. Use 'KeyPoints.keypoint_confidence' instead.
SupervisionWarnings: 'KeyPoints.confidence' is deprecated since 0.29.0 and will be removed in 0.32.0. Use 'KeyPoints.keypoint_confidence' instead.
SupervisionWarnings: 'KeyPoints.confidence' is deprecated since 0.29.0 and will be removed in 0.32.0. Use 'KeyPoints.keypoint_confidence' instead.
SupervisionWarnings: 'KeyPoints.confidence' is deprecated since 0.29.0 and will be removed in 0.32.0. Use 'KeyPoints.keypoint_confidence' instead.

  8%|▊         | 123/1451 [02:20<19:56,  1.11it/s]SupervisionWarnings: 'KeyPoints.confidence' is deprecated since 0.29.0 and will be removed in 0.32.0. Use 'KeyPoints.keypoint_confidence' instead.
SupervisionWarnings: 'KeyPoints.confidence' is deprecated since 0.29.0 and will be removed in 0.32.0. Use 'KeyPoints.keypoint_confidence' instead.
SupervisionWarnings: 'KeyPoints.confidence' is deprecated since 0.29.0 and will be removed in 0.32.0. Use 'KeyPoints.keypoint_confidence' instead.
SupervisionWarnings: 'KeyPoints.confidence' is deprecated since 0.29.0 and will be removed in 0.32.0. Use 'KeyPoints.keypoint_confidence' instead.

  9%|▊         | 124/1451 [02:21<19:30,  1.13it/s]SupervisionWarnings: 'KeyPoints.confidence' is deprecated since 0.29.0 and will be removed in 0.32.0. Use 'KeyPoints.keypoint_confidence' instead.
SupervisionWarnings: 'KeyPoints.confidence' is deprecated since 0.29.0 and will be removed in 0.32.0. Use 'KeyPoints.keypoint_confidence' instead.
SupervisionWarnings: 'KeyPoints.confidence' is deprecated since 0.29.0 and will be removed in 0.32.0. Use 'KeyPoints.keypoint_confidence' instead.
SupervisionWarnings: 'KeyPoints.confidence' is deprecated since 0.29.0 and will be removed in 0.32.0. Use 'KeyPoints.keypoint_confidence' instead.

  9%|▊         | 125/1451 [02:22<19:11,  1.15it/s]SupervisionWarnings: 'KeyPoints.confidence' is deprecated since 0.29.0 and will be removed in 0.32.0. Use 'KeyPoints.keypoint_confidence' instead.
SupervisionWarnings: 'KeyPoints.confidence' is deprecated since 0.29.0 and will be removed in 0.32.0. Use 'KeyPoints.keypoint_confidence' instead.
SupervisionWarnings: 'KeyPoints.confidence' is deprecated since 0.29.0 and will be removed in 0.32.0. Use 'KeyPoints.keypoint_confidence' instead.
SupervisionWarnings: 'KeyPoints.confidence' is deprecated since 0.29.0 and will be removed in 0.32.0. Use 'KeyPoints.keypoint_confidence' instead.

  9%|▊         | 126/1451 [02:22<18:59,  1.16it/s]SupervisionWarnings: 'KeyPoints.confidence' is deprecated since 0.29.0 and will be removed in 0.32.0. Use 'KeyPoints.keypoint_confidence' instead.
SupervisionWarnings: 'KeyPoints.confidence' is deprecated since 0.29.0 and will be removed in 0.32.0. Use 'KeyPoints.keypoint_confidence' instead.
SupervisionWarnings: 'KeyPoints.confidence' is deprecated since 0.29.0 and will be removed in 0.32.0. Use 'KeyPoints.keypoint_confidence' instead.
SupervisionWarnings: 'KeyPoints.confidence' is deprecated since 0.29.0 and will be removed in 0.32.0. Use 'KeyPoints.keypoint_confidence' instead.

  9%|▉         | 127/1451 [02:23<18:53,  1.17it/s]SupervisionWarnings: 'KeyPoints.confidence' is deprecated since 0.29.0 and will be removed in 0.32.0. Use 'KeyPoints.keypoint_confidence' instead.
SupervisionWarnings: 'KeyPoints.confidence' is deprecated since 0.29.0 and will be removed in 0.32.0. Use 'KeyPoints.keypoint_confidence' instead.
SupervisionWarnings: 'KeyPoints.confidence' is deprecated since 0.29.0 and will be removed in 0.32.0. Use 'KeyPoints.keypoint_confidence' instead.
SupervisionWarnings: 'KeyPoints.confidence' is deprecated since 0.29.0 and will be removed in 0.32.0. Use 'KeyPoints.keypoint_confidence' instead.

  9%|▉         | 128/1451 [02:24<18:42,  1.18it/s]SupervisionWarnings: 'KeyPoints.confidence' is deprecated since 0.29.0 and will be removed in 0.32.0. Use 'KeyPoints.keypoint_confidence' instead.
SupervisionWarnings: 'KeyPoints.confidence' is deprecated since 0.29.0 and will be removed in 0.32.0. Use 'KeyPoints.keypoint_confidence' instead.
SupervisionWarnings: 'KeyPoints.confidence' is deprecated since 0.29.0 and will be removed in 0.32.0. Use 'KeyPoints.keypoint_confidence' instead.
SupervisionWarnings: 'KeyPoints.confidence' is deprecated since 0.29.0 and will be removed in 0.32.0. Use 'KeyPoints.keypoint_confidence' instead.

  9%|▉         | 129/1451 [02:25<18:43,  1.18it/s]SupervisionWarnings: 'KeyPoints.confidence' is deprecated since 0.29.0 and will be removed in 0.32.0. Use 'KeyPoints.keypoint_confidence' instead.
SupervisionWarnings: 'KeyPoints.confidence' is deprecated since 0.29.0 and will be removed in 0.32.0. Use 'KeyPoints.keypoint_confidence' instead.
SupervisionWarnings: 'KeyPoints.confidence' is deprecated since 0.29.0 and will be removed in 0.32.0. Use 'KeyPoints.keypoint_confidence' instead.
SupervisionWarnings: 'KeyPoints.confidence' is deprecated since 0.29.0 and will be removed in 0.32.0. Use 'KeyPoints.keypoint_confidence' instead.

  9%|▉         | 130/1451 [02:26<19:22,  1.14it/s]SupervisionWarnings: 'KeyPoints.confidence' is deprecated since 0.29.0 and will be removed in 0.32.0. Use 'KeyPoints.keypoint_confidence' instead.
SupervisionWarnings: 'KeyPoints.confidence' is deprecated since 0.29.0 and will be removed in 0.32.0. Use 'KeyPoints.keypoint_confidence' instead.
SupervisionWarnings: 'KeyPoints.confidence' is deprecated since 0.29.0 and will be removed in 0.32.0. Use 'KeyPoints.keypoint_confidence' instead.
SupervisionWarnings: 'KeyPoints.confidence' is deprecated since 0.29.0 and will be removed in 0.32.0. Use 'KeyPoints.keypoint_confidence' instead.

  9%|▉         | 131/1451 [02:27<20:29,  1.07it/s]SupervisionWarnings: 'KeyPoints.confidence' is deprecated since 0.29.0 and will be removed in 0.32.0. Use 'KeyPoints.keypoint_confidence' instead.
SupervisionWarnings: 'KeyPoints.confidence' is deprecated since 0.29.0 and will be removed in 0.32.0. Use 'KeyPoints.keypoint_confidence' instead.
SupervisionWarnings: 'KeyPoints.confidence' is deprecated since 0.29.0 and will be removed in 0.32.0. Use 'KeyPoints.keypoint_confidence' instead.
SupervisionWarnings: 'KeyPoints.confidence' is deprecated since 0.29.0 and will be removed in 0.32.0. Use 'KeyPoints.keypoint_confidence' instead.

  9%|▉         | 132/1451 [02:28<21:25,  1.03it/s]SupervisionWarnings: 'KeyPoints.confidence' is deprecated since 0.29.0 and will be removed in 0.32.0. Use 'KeyPoints.keypoint_confidence' instead.
SupervisionWarnings: 'KeyPoints.confidence' is deprecated since 0.29.0 and will be removed in 0.32.0. Use 'KeyPoints.keypoint_confidence' instead.
SupervisionWarnings: 'KeyPoints.confidence' is deprecated since 0.29.0 and will be removed in 0.32.0. Use 'KeyPoints.keypoint_confidence' instead.
SupervisionWarnings: 'KeyPoints.confidence' is deprecated since 0.29.0 and will be removed in 0.32.0. Use 'KeyPoints.keypoint_confidence' instead.

  9%|▉         | 133/1451 [02:29<21:14,  1.03it/s]SupervisionWarnings: 'KeyPoints.confidence' is deprecated since 0.29.0 and will be removed in 0.32.0. Use 'KeyPoints.keypoint_confidence' instead.
SupervisionWarnings: 'KeyPoints.confidence' is deprecated since 0.29.0 and will be removed in 0.32.0. Use 'KeyPoints.keypoint_confidence' instead.
SupervisionWarnings: 'KeyPoints.confidence' is deprecated since 0.29.0 and will be removed in 0.32.0. Use 'KeyPoints.keypoint_confidence' instead.
SupervisionWarnings: 'KeyPoints.confidence' is deprecated since 0.29.0 and will be removed in 0.32.0. Use 'KeyPoints.keypoint_confidence' instead.

  9%|▉         | 134/1451 [02:30<20:17,  1.08it/s]SupervisionWarnings: 'KeyPoints.confidence' is deprecated since 0.29.0 and will be removed in 0.32.0. Use 'KeyPoints.keypoint_confidence' instead.
SupervisionWarnings: 'KeyPoints.confidence' is deprecated since 0.29.0 and will be removed in 0.32.0. Use 'KeyPoints.keypoint_confidence' instead.
SupervisionWarnings: 'KeyPoints.confidence' is deprecated since 0.29.0 and will be removed in 0.32.0. Use 'KeyPoints.keypoint_confidence' instead.
SupervisionWarnings: 'KeyPoints.confidence' is deprecated since 0.29.0 and will be removed in 0.32.0. Use 'KeyPoints.keypoint_confidence' instead.

  9%|▉         | 135/1451 [02:31<19:42,  1.11it/s]SupervisionWarnings: 'KeyPoints.confidence' is deprecated since 0.29.0 and will be removed in 0.32.0. Use 'KeyPoints.keypoint_confidence' instead.
SupervisionWarnings: 'KeyPoints.confidence' is deprecated since 0.29.0 and will be removed in 0.32.0. Use 'KeyPoints.keypoint_confidence' instead.
SupervisionWarnings: 'KeyPoints.confidence' is deprecated since 0.29.0 and will be removed in 0.32.0. Use 'KeyPoints.keypoint_confidence' instead.
SupervisionWarnings: 'KeyPoints.confidence' is deprecated since 0.29.0 and will be removed in 0.32.0. Use 'KeyPoints.keypoint_confidence' instead.

  9%|▉         | 136/1451 [02:31<19:15,  1.14it/s]SupervisionWarnings: 'KeyPoints.confidence' is deprecated since 0.29.0 and will be removed in 0.32.0. Use 'KeyPoints.keypoint_confidence' instead.
SupervisionWarnings: 'KeyPoints.confidence' is deprecated since 0.29.0 and will be removed in 0.32.0. Use 'KeyPoints.keypoint_confidence' instead.
SupervisionWarnings: 'KeyPoints.confidence' is deprecated since 0.29.0 and will be removed in 0.32.0. Use 'KeyPoints.keypoint_confidence' instead.
SupervisionWarnings: 'KeyPoints.confidence' is deprecated since 0.29.0 and will be removed in 0.32.0. Use 'KeyPoints.keypoint_confidence' instead.

  9%|▉         | 137/1451 [02:32<18:43,  1.17it/s]SupervisionWarnings: 'KeyPoints.confidence' is deprecated since 0.29.0 and will be removed in 0.32.0. Use 'KeyPoints.keypoint_confidence' instead.
SupervisionWarnings: 'KeyPoints.confidence' is deprecated since 0.29.0 and will be removed in 0.32.0. Use 'KeyPoints.keypoint_confidence' instead.
SupervisionWarnings: 'KeyPoints.confidence' is deprecated since 0.29.0 and will be removed in 0.32.0. Use 'KeyPoints.keypoint_confidence' instead.
SupervisionWarnings: 'KeyPoints.confidence' is deprecated since 0.29.0 and will be removed in 0.32.0. Use 'KeyPoints.keypoint_confidence' instead.

 10%|▉         | 138/1451 [02:33<18:32,  1.18it/s]SupervisionWarnings: 'KeyPoints.confidence' is deprecated since 0.29.0 and will be removed in 0.32.0. Use 'KeyPoints.keypoint_confidence' instead.
SupervisionWarnings: 'KeyPoints.confidence' is deprecated since 0.29.0 and will be removed in 0.32.0. Use 'KeyPoints.keypoint_confidence' instead.
SupervisionWarnings: 'KeyPoints.confidence' is deprecated since 0.29.0 and will be removed in 0.32.0. Use 'KeyPoints.keypoint_confidence' instead.
SupervisionWarnings: 'KeyPoints.confidence' is deprecated since 0.29.0 and will be removed in 0.32.0. Use 'KeyPoints.keypoint_confidence' instead.

 10%|▉         | 139/1451 [02:34<18:27,  1.19it/s]SupervisionWarnings: 'KeyPoints.confidence' is deprecated since 0.29.0 and will be removed in 0.32.0. Use 'KeyPoints.keypoint_confidence' instead.
SupervisionWarnings: 'KeyPoints.confidence' is deprecated since 0.29.0 and will be removed in 0.32.0. Use 'KeyPoints.keypoint_confidence' instead.
SupervisionWarnings: 'KeyPoints.confidence' is deprecated since 0.29.0 and will be removed in 0.32.0. Use 'KeyPoints.keypoint_confidence' instead.
SupervisionWarnings: 'KeyPoints.confidence' is deprecated since 0.29.0 and will be removed in 0.32.0. Use 'KeyPoints.keypoint_confidence' instead.

 10%|▉         | 140/1451 [02:35<18:07,  1.21it/s]SupervisionWarnings: 'KeyPoints.confidence' is deprecated since 0.29.0 and will be removed in 0.32.0. Use 'KeyPoints.keypoint_confidence' instead.
SupervisionWarnings: 'KeyPoints.confidence' is deprecated since 0.29.0 and will be removed in 0.32.0. Use 'KeyPoints.keypoint_confidence' instead.
SupervisionWarnings: 'KeyPoints.confidence' is deprecated since 0.29.0 and will be removed in 0.32.0. Use 'KeyPoints.keypoint_confidence' instead.
SupervisionWarnings: 'KeyPoints.confidence' is deprecated since 0.29.0 and will be removed in 0.32.0. Use 'KeyPoints.keypoint_confidence' instead.

 10%|▉         | 141/1451 [02:36<18:05,  1.21it/s]SupervisionWarnings: 'KeyPoints.confidence' is deprecated since 0.29.0 and will be removed in 0.32.0. Use 'KeyPoints.keypoint_confidence' instead.
SupervisionWarnings: 'KeyPoints.confidence' is deprecated since 0.29.0 and will be removed in 0.32.0. Use 'KeyPoints.keypoint_confidence' instead.
SupervisionWarnings: 'KeyPoints.confidence' is deprecated since 0.29.0 and will be removed in 0.32.0. Use 'KeyPoints.keypoint_confidence' instead.
SupervisionWarnings: 'KeyPoints.confidence' is deprecated since 0.29.0 and will be removed in 0.32.0. Use 'KeyPoints.keypoint_confidence' instead.

 10%|▉         | 142/1451 [02:36<17:56,  1.22it/s]SupervisionWarnings: 'KeyPoints.confidence' is deprecated since 0.29.0 and will be removed in 0.32.0. Use 'KeyPoints.keypoint_confidence' instead.
SupervisionWarnings: 'KeyPoints.confidence' is deprecated since 0.29.0 and will be removed in 0.32.0. Use 'KeyPoints.keypoint_confidence' instead.
SupervisionWarnings: 'KeyPoints.confidence' is deprecated since 0.29.0 and will be removed in 0.32.0. Use 'KeyPoints.keypoint_confidence' instead.
SupervisionWarnings: 'KeyPoints.confidence' is deprecated since 0.29.0 and will be removed in 0.32.0. Use 'KeyPoints.keypoint_confidence' instead.

 10%|▉         | 143/1451 [02:37<17:42,  1.23it/s]SupervisionWarnings: 'KeyPoints.confidence' is deprecated since 0.29.0 and will be removed in 0.32.0. Use 'KeyPoints.keypoint_confidence' instead.
SupervisionWarnings: 'KeyPoints.confidence' is deprecated since 0.29.0 and will be removed in 0.32.0. Use 'KeyPoints.keypoint_confidence' instead.
SupervisionWarnings: 'KeyPoints.confidence' is deprecated since 0.29.0 and will be removed in 0.32.0. Use 'KeyPoints.keypoint_confidence' instead.
SupervisionWarnings: 'KeyPoints.confidence' is deprecated since 0.29.0 and will be removed in 0.32.0. Use 'KeyPoints.keypoint_confidence' instead.

 10%|▉         | 144/1451 [02:38<17:40,  1.23it/s]SupervisionWarnings: 'KeyPoints.confidence' is deprecated since 0.29.0 and will be removed in 0.32.0. Use 'KeyPoints.keypoint_confidence' instead.
SupervisionWarnings: 'KeyPoints.confidence' is deprecated since 0.29.0 and will be removed in 0.32.0. Use 'KeyPoints.keypoint_confidence' instead.
SupervisionWarnings: 'KeyPoints.confidence' is deprecated since 0.29.0 and will be removed in 0.32.0. Use 'KeyPoints.keypoint_confidence' instead.
SupervisionWarnings: 'KeyPoints.confidence' is deprecated since 0.29.0 and will be removed in 0.32.0. Use 'KeyPoints.keypoint_confidence' instead.

 10%|▉         | 145/1451 [02:39<17:49,  1.22it/s]SupervisionWarnings: 'KeyPoints.confidence' is deprecated since 0.29.0 and will be removed in 0.32.0. Use 'KeyPoints.keypoint_confidence' instead.
SupervisionWarnings: 'KeyPoints.confidence' is deprecated since 0.29.0 and will be removed in 0.32.0. Use 'KeyPoints.keypoint_confidence' instead.
SupervisionWarnings: 'KeyPoints.confidence' is deprecated since 0.29.0 and will be removed in 0.32.0. Use 'KeyPoints.keypoint_confidence' instead.
SupervisionWarnings: 'KeyPoints.confidence' is deprecated since 0.29.0 and will be removed in 0.32.0. Use 'KeyPoints.keypoint_confidence' instead.

 10%|█         | 146/1451 [02:40<19:37,  1.11it/s]SupervisionWarnings: 'KeyPoints.confidence' is deprecated since 0.29.0 and will be removed in 0.32.0. Use 'KeyPoints.keypoint_confidence' instead.
SupervisionWarnings: 'KeyPoints.confidence' is deprecated since 0.29.0 and will be removed in 0.32.0. Use 'KeyPoints.keypoint_confidence' instead.
SupervisionWarnings: 'KeyPoints.confidence' is deprecated since 0.29.0 and will be removed in 0.32.0. Use 'KeyPoints.keypoint_confidence' instead.
SupervisionWarnings: 'KeyPoints.confidence' is deprecated since 0.29.0 and will be removed in 0.32.0. Use 'KeyPoints.keypoint_confidence' instead.

 10%|█         | 147/1451 [02:41<20:36,  1.05it/s]SupervisionWarnings: 'KeyPoints.confidence' is deprecated since 0.29.0 and will be removed in 0.32.0. Use 'KeyPoints.keypoint_confidence' instead.
SupervisionWarnings: 'KeyPoints.confidence' is deprecated since 0.29.0 and will be removed in 0.32.0. Use 'KeyPoints.keypoint_confidence' instead.
SupervisionWarnings: 'KeyPoints.confidence' is deprecated since 0.29.0 and will be removed in 0.32.0. Use 'KeyPoints.keypoint_confidence' instead.
SupervisionWarnings: 'KeyPoints.confidence' is deprecated since 0.29.0 and will be removed in 0.32.0. Use 'KeyPoints.keypoint_confidence' instead.

 10%|█         | 148/1451 [02:42<20:40,  1.05it/s]SupervisionWarnings: 'KeyPoints.confidence' is deprecated since 0.29.0 and will be removed in 0.32.0. Use 'KeyPoints.keypoint_confidence' instead.
SupervisionWarnings: 'KeyPoints.confidence' is deprecated since 0.29.0 and will be removed in 0.32.0. Use 'KeyPoints.keypoint_confidence' instead.
SupervisionWarnings: 'KeyPoints.confidence' is deprecated since 0.29.0 and will be removed in 0.32.0. Use 'KeyPoints.keypoint_confidence' instead.
SupervisionWarnings: 'KeyPoints.confidence' is deprecated since 0.29.0 and will be removed in 0.32.0. Use 'KeyPoints.keypoint_confidence' instead.

 10%|█         | 149/1451 [02:43<22:23,  1.03s/it]SupervisionWarnings: 'KeyPoints.confidence' is deprecated since 0.29.0 and will be removed in 0.32.0. Use 'KeyPoints.keypoint_confidence' instead.
SupervisionWarnings: 'KeyPoints.confidence' is deprecated since 0.29.0 and will be removed in 0.32.0. Use 'KeyPoints.keypoint_confidence' instead.
SupervisionWarnings: 'KeyPoints.confidence' is deprecated since 0.29.0 and will be removed in 0.32.0. Use 'KeyPoints.keypoint_confidence' instead.
SupervisionWarnings: 'KeyPoints.confidence' is deprecated since 0.29.0 and will be removed in 0.32.0. Use 'KeyPoints.keypoint_confidence' instead.

 10%|█         | 150/1451 [02:44<21:08,  1.03it/s]SupervisionWarnings: 'KeyPoints.confidence' is deprecated since 0.29.0 and will be removed in 0.32.0. Use 'KeyPoints.keypoint_confidence' instead.
SupervisionWarnings: 'KeyPoints.confidence' is deprecated since 0.29.0 and will be removed in 0.32.0. Use 'KeyPoints.keypoint_confidence' instead.
SupervisionWarnings: 'KeyPoints.confidence' is deprecated since 0.29.0 and will be removed in 0.32.0. Use 'KeyPoints.keypoint_confidence' instead.
SupervisionWarnings: 'KeyPoints.confidence' is deprecated since 0.29.0 and will be removed in 0.32.0. Use 'KeyPoints.keypoint_confidence' instead.

 10%|█         | 151/1451 [02:45<20:08,  1.08it/s]SupervisionWarnings: 'KeyPoints.confidence' is deprecated since 0.29.0 and will be removed in 0.32.0. Use 'KeyPoints.keypoint_confidence' instead.
SupervisionWarnings: 'KeyPoints.confidence' is deprecated since 0.29.0 and will be removed in 0.32.0. Use 'KeyPoints.keypoint_confidence' instead.
SupervisionWarnings: 'KeyPoints.confidence' is deprecated since 0.29.0 and will be removed in 0.32.0. Use 'KeyPoints.keypoint_confidence' instead.
SupervisionWarnings: 'KeyPoints.confidence' is deprecated since 0.29.0 and will be removed in 0.32.0. Use 'KeyPoints.keypoint_confidence' instead.

 10%|█         | 152/1451 [02:46<19:25,  1.11it/s]SupervisionWarnings: 'KeyPoints.confidence' is deprecated since 0.29.0 and will be removed in 0.32.0. Use 'KeyPoints.keypoint_confidence' instead.
SupervisionWarnings: 'KeyPoints.confidence' is deprecated since 0.29.0 and will be removed in 0.32.0. Use 'KeyPoints.keypoint_confidence' instead.
SupervisionWarnings: 'KeyPoints.confidence' is deprecated since 0.29.0 and will be removed in 0.32.0. Use 'KeyPoints.keypoint_confidence' instead.
SupervisionWarnings: 'KeyPoints.confidence' is deprecated since 0.29.0 and will be removed in 0.32.0. Use 'KeyPoints.keypoint_confidence' instead.

 11%|█         | 153/1451 [02:46<19:00,  1.14it/s]SupervisionWarnings: 'KeyPoints.confidence' is deprecated since 0.29.0 and will be removed in 0.32.0. Use 'KeyPoints.keypoint_confidence' instead.
SupervisionWarnings: 'KeyPoints.confidence' is deprecated since 0.29.0 and will be removed in 0.32.0. Use 'KeyPoints.keypoint_confidence' instead.
SupervisionWarnings: 'KeyPoints.confidence' is deprecated since 0.29.0 and will be removed in 0.32.0. Use 'KeyPoints.keypoint_confidence' instead.
SupervisionWarnings: 'KeyPoints.confidence' is deprecated since 0.29.0 and will be removed in 0.32.0. Use 'KeyPoints.keypoint_confidence' instead.

 11%|█         | 154/1451 [02:47<18:35,  1.16it/s]SupervisionWarnings: 'KeyPoints.confidence' is deprecated since 0.29.0 and will be removed in 0.32.0. Use 'KeyPoints.keypoint_confidence' instead.
SupervisionWarnings: 'KeyPoints.confidence' is deprecated since 0.29.0 and will be removed in 0.32.0. Use 'KeyPoints.keypoint_confidence' instead.
SupervisionWarnings: 'KeyPoints.confidence' is deprecated since 0.29.0 and will be removed in 0.32.0. Use 'KeyPoints.keypoint_confidence' instead.
SupervisionWarnings: 'KeyPoints.confidence' is deprecated since 0.29.0 and will be removed in 0.32.0. Use 'KeyPoints.keypoint_confidence' instead.

 11%|█         | 155/1451 [02:48<18:28,  1.17it/s]SupervisionWarnings: 'KeyPoints.confidence' is deprecated since 0.29.0 and will be removed in 0.32.0. Use 'KeyPoints.keypoint_confidence' instead.
SupervisionWarnings: 'KeyPoints.confidence' is deprecated since 0.29.0 and will be removed in 0.32.0. Use 'KeyPoints.keypoint_confidence' instead.
SupervisionWarnings: 'KeyPoints.confidence' is deprecated since 0.29.0 and will be removed in 0.32.0. Use 'KeyPoints.keypoint_confidence' instead.
SupervisionWarnings: 'KeyPoints.confidence' is deprecated since 0.29.0 and will be removed in 0.32.0. Use 'KeyPoints.keypoint_confidence' instead.

 11%|█         | 156/1451 [02:49<18:14,  1.18it/s]SupervisionWarnings: 'KeyPoints.confidence' is deprecated since 0.29.0 and will be removed in 0.32.0. Use 'KeyPoints.keypoint_confidence' instead.
SupervisionWarnings: 'KeyPoints.confidence' is deprecated since 0.29.0 and will be removed in 0.32.0. Use 'KeyPoints.keypoint_confidence' instead.
SupervisionWarnings: 'KeyPoints.confidence' is deprecated since 0.29.0 and will be removed in 0.32.0. Use 'KeyPoints.keypoint_confidence' instead.
SupervisionWarnings: 'KeyPoints.confidence' is deprecated since 0.29.0 and will be removed in 0.32.0. Use 'KeyPoints.keypoint_confidence' instead.

 11%|█         | 157/1451 [02:50<18:03,  1.19it/s]SupervisionWarnings: 'KeyPoints.confidence' is deprecated since 0.29.0 and will be removed in 0.32.0. Use 'KeyPoints.keypoint_confidence' instead.
SupervisionWarnings: 'KeyPoints.confidence' is deprecated since 0.29.0 and will be removed in 0.32.0. Use 'KeyPoints.keypoint_confidence' instead.
SupervisionWarnings: 'KeyPoints.confidence' is deprecated since 0.29.0 and will be removed in 0.32.0. Use 'KeyPoints.keypoint_confidence' instead.
SupervisionWarnings: 'KeyPoints.confidence' is deprecated since 0.29.0 and will be removed in 0.32.0. Use 'KeyPoints.keypoint_confidence' instead.

 11%|█         | 158/1451 [02:51<18:23,  1.17it/s]SupervisionWarnings: 'KeyPoints.confidence' is deprecated since 0.29.0 and will be removed in 0.32.0. Use 'KeyPoints.keypoint_confidence' instead.
SupervisionWarnings: 'KeyPoints.confidence' is deprecated since 0.29.0 and will be removed in 0.32.0. Use 'KeyPoints.keypoint_confidence' instead.
SupervisionWarnings: 'KeyPoints.confidence' is deprecated since 0.29.0 and will be removed in 0.32.0. Use 'KeyPoints.keypoint_confidence' instead.
SupervisionWarnings: 'KeyPoints.confidence' is deprecated since 0.29.0 and will be removed in 0.32.0. Use 'KeyPoints.keypoint_confidence' instead.

 11%|█         | 159/1451 [02:51<18:11,  1.18it/s]SupervisionWarnings: 'KeyPoints.confidence' is deprecated since 0.29.0 and will be removed in 0.32.0. Use 'KeyPoints.keypoint_confidence' instead.
SupervisionWarnings: 'KeyPoints.confidence' is deprecated since 0.29.0 and will be removed in 0.32.0. Use 'KeyPoints.keypoint_confidence' instead.
SupervisionWarnings: 'KeyPoints.confidence' is deprecated since 0.29.0 and will be removed in 0.32.0. Use 'KeyPoints.keypoint_confidence' instead.
SupervisionWarnings: 'KeyPoints.confidence' is deprecated since 0.29.0 and will be removed in 0.32.0. Use 'KeyPoints.keypoint_confidence' instead.

 11%|█         | 160/1451 [02:52<18:33,  1.16it/s]SupervisionWarnings: 'KeyPoints.confidence' is deprecated since 0.29.0 and will be removed in 0.32.0. Use 'KeyPoints.keypoint_confidence' instead.
SupervisionWarnings: 'KeyPoints.confidence' is deprecated since 0.29.0 and will be removed in 0.32.0. Use 'KeyPoints.keypoint_confidence' instead.
SupervisionWarnings: 'KeyPoints.confidence' is deprecated since 0.29.0 and will be removed in 0.32.0. Use 'KeyPoints.keypoint_confidence' instead.
SupervisionWarnings: 'KeyPoints.confidence' is deprecated since 0.29.0 and will be removed in 0.32.0. Use 'KeyPoints.keypoint_confidence' instead.

 11%|█         | 161/1451 [02:54<22:57,  1.07s/it]SupervisionWarnings: 'KeyPoints.confidence' is deprecated since 0.29.0 and will be removed in 0.32.0. Use 'KeyPoints.keypoint_confidence' instead.
SupervisionWarnings: 'KeyPoints.confidence' is deprecated since 0.29.0 and will be removed in 0.32.0. Use 'KeyPoints.keypoint_confidence' instead.
SupervisionWarnings: 'KeyPoints.confidence' is deprecated since 0.29.0 and will be removed in 0.32.0. Use 'KeyPoints.keypoint_confidence' instead.
SupervisionWarnings: 'KeyPoints.confidence' is deprecated since 0.29.0 and will be removed in 0.32.0. Use 'KeyPoints.keypoint_confidence' instead.

 11%|█         | 162/1451 [02:55<22:47,  1.06s/it]SupervisionWarnings: 'KeyPoints.confidence' is deprecated since 0.29.0 and will be removed in 0.32.0. Use 'KeyPoints.keypoint_confidence' instead.
SupervisionWarnings: 'KeyPoints.confidence' is deprecated since 0.29.0 and will be removed in 0.32.0. Use 'KeyPoints.keypoint_confidence' instead.
SupervisionWarnings: 'KeyPoints.confidence' is deprecated since 0.29.0 and will be removed in 0.32.0. Use 'KeyPoints.keypoint_confidence' instead.
SupervisionWarnings: 'KeyPoints.confidence' is deprecated since 0.29.0 and will be removed in 0.32.0. Use 'KeyPoints.keypoint_confidence' instead.

 11%|█         | 163/1451 [02:56<21:06,  1.02it/s]SupervisionWarnings: 'KeyPoints.confidence' is deprecated since 0.29.0 and will be removed in 0.32.0. Use 'KeyPoints.keypoint_confidence' instead.
SupervisionWarnings: 'KeyPoints.confidence' is deprecated since 0.29.0 and will be removed in 0.32.0. Use 'KeyPoints.keypoint_confidence' instead.
SupervisionWarnings: 'KeyPoints.confidence' is deprecated since 0.29.0 and will be removed in 0.32.0. Use 'KeyPoints.keypoint_confidence' instead.
SupervisionWarnings: 'KeyPoints.confidence' is deprecated since 0.29.0 and will be removed in 0.32.0. Use 'KeyPoints.keypoint_confidence' instead.

 11%|█▏        | 164/1451 [02:57<19:59,  1.07it/s]SupervisionWarnings: 'KeyPoints.confidence' is deprecated since 0.29.0 and will be removed in 0.32.0. Use 'KeyPoints.keypoint_confidence' instead.
SupervisionWarnings: 'KeyPoints.confidence' is deprecated since 0.29.0 and will be removed in 0.32.0. Use 'KeyPoints.keypoint_confidence' instead.
SupervisionWarnings: 'KeyPoints.confidence' is deprecated since 0.29.0 and will be removed in 0.32.0. Use 'KeyPoints.keypoint_confidence' instead.
SupervisionWarnings: 'KeyPoints.confidence' is deprecated since 0.29.0 and will be removed in 0.32.0. Use 'KeyPoints.keypoint_confidence' instead.

 11%|█▏        | 165/1451 [02:57<19:10,  1.12it/s]SupervisionWarnings: 'KeyPoints.confidence' is deprecated since 0.29.0 and will be removed in 0.32.0. Use 'KeyPoints.keypoint_confidence' instead.
SupervisionWarnings: 'KeyPoints.confidence' is deprecated since 0.29.0 and will be removed in 0.32.0. Use 'KeyPoints.keypoint_confidence' instead.
SupervisionWarnings: 'KeyPoints.confidence' is deprecated since 0.29.0 and will be removed in 0.32.0. Use 'KeyPoints.keypoint_confidence' instead.
SupervisionWarnings: 'KeyPoints.confidence' is deprecated since 0.29.0 and will be removed in 0.32.0. Use 'KeyPoints.keypoint_confidence' instead.

 11%|█▏        | 166/1451 [02:58<18:40,  1.15it/s]SupervisionWarnings: 'KeyPoints.confidence' is deprecated since 0.29.0 and will be removed in 0.32.0. Use 'KeyPoints.keypoint_confidence' instead.
SupervisionWarnings: 'KeyPoints.confidence' is deprecated since 0.29.0 and will be removed in 0.32.0. Use 'KeyPoints.keypoint_confidence' instead.
SupervisionWarnings: 'KeyPoints.confidence' is deprecated since 0.29.0 and will be removed in 0.32.0. Use 'KeyPoints.keypoint_confidence' instead.
SupervisionWarnings: 'KeyPoints.confidence' is deprecated since 0.29.0 and will be removed in 0.32.0. Use 'KeyPoints.keypoint_confidence' instead.

 12%|█▏        | 167/1451 [02:59<18:25,  1.16it/s]SupervisionWarnings: 'KeyPoints.confidence' is deprecated since 0.29.0 and will be removed in 0.32.0. Use 'KeyPoints.keypoint_confidence' instead.
SupervisionWarnings: 'KeyPoints.confidence' is deprecated since 0.29.0 and will be removed in 0.32.0. Use 'KeyPoints.keypoint_confidence' instead.
SupervisionWarnings: 'KeyPoints.confidence' is deprecated since 0.29.0 and will be removed in 0.32.0. Use 'KeyPoints.keypoint_confidence' instead.
SupervisionWarnings: 'KeyPoints.confidence' is deprecated since 0.29.0 and will be removed in 0.32.0. Use 'KeyPoints.keypoint_confidence' instead.

 12%|█▏        | 168/1451 [03:00<18:19,  1.17it/s]SupervisionWarnings: 'KeyPoints.confidence' is deprecated since 0.29.0 and will be removed in 0.32.0. Use 'KeyPoints.keypoint_confidence' instead.
SupervisionWarnings: 'KeyPoints.confidence' is deprecated since 0.29.0 and will be removed in 0.32.0. Use 'KeyPoints.keypoint_confidence' instead.
SupervisionWarnings: 'KeyPoints.confidence' is deprecated since 0.29.0 and will be removed in 0.32.0. Use 'KeyPoints.keypoint_confidence' instead.
SupervisionWarnings: 'KeyPoints.confidence' is deprecated since 0.29.0 and will be removed in 0.32.0. Use 'KeyPoints.keypoint_confidence' instead.

 12%|█▏        | 169/1451 [03:01<18:04,  1.18it/s]SupervisionWarnings: 'KeyPoints.confidence' is deprecated since 0.29.0 and will be removed in 0.32.0. Use 'KeyPoints.keypoint_confidence' instead.
SupervisionWarnings: 'KeyPoints.confidence' is deprecated since 0.29.0 and will be removed in 0.32.0. Use 'KeyPoints.keypoint_confidence' instead.
SupervisionWarnings: 'KeyPoints.confidence' is deprecated since 0.29.0 and will be removed in 0.32.0. Use 'KeyPoints.keypoint_confidence' instead.
SupervisionWarnings: 'KeyPoints.confidence' is deprecated since 0.29.0 and will be removed in 0.32.0. Use 'KeyPoints.keypoint_confidence' instead.

 12%|█▏        | 170/1451 [03:02<17:54,  1.19it/s]SupervisionWarnings: 'KeyPoints.confidence' is deprecated since 0.29.0 and will be removed in 0.32.0. Use 'KeyPoints.keypoint_confidence' instead.
SupervisionWarnings: 'KeyPoints.confidence' is deprecated since 0.29.0 and will be removed in 0.32.0. Use 'KeyPoints.keypoint_confidence' instead.
SupervisionWarnings: 'KeyPoints.confidence' is deprecated since 0.29.0 and will be removed in 0.32.0. Use 'KeyPoints.keypoint_confidence' instead.
SupervisionWarnings: 'KeyPoints.confidence' is deprecated since 0.29.0 and will be removed in 0.32.0. Use 'KeyPoints.keypoint_confidence' instead.

 12%|█▏        | 171/1451 [03:02<17:48,  1.20it/s]SupervisionWarnings: 'KeyPoints.confidence' is deprecated since 0.29.0 and will be removed in 0.32.0. Use 'KeyPoints.keypoint_confidence' instead.
SupervisionWarnings: 'KeyPoints.confidence' is deprecated since 0.29.0 and will be removed in 0.32.0. Use 'KeyPoints.keypoint_confidence' instead.
SupervisionWarnings: 'KeyPoints.confidence' is deprecated since 0.29.0 and will be removed in 0.32.0. Use 'KeyPoints.keypoint_confidence' instead.
SupervisionWarnings: 'KeyPoints.confidence' is deprecated since 0.29.0 and will be removed in 0.32.0. Use 'KeyPoints.keypoint_confidence' instead.

 12%|█▏        | 172/1451 [03:03<17:44,  1.20it/s]SupervisionWarnings: 'KeyPoints.confidence' is deprecated since 0.29.0 and will be removed in 0.32.0. Use 'KeyPoints.keypoint_confidence' instead.
SupervisionWarnings: 'KeyPoints.confidence' is deprecated since 0.29.0 and will be removed in 0.32.0. Use 'KeyPoints.keypoint_confidence' instead.
SupervisionWarnings: 'KeyPoints.confidence' is deprecated since 0.29.0 and will be removed in 0.32.0. Use 'KeyPoints.keypoint_confidence' instead.
SupervisionWarnings: 'KeyPoints.confidence' is deprecated since 0.29.0 and will be removed in 0.32.0. Use 'KeyPoints.keypoint_confidence' instead.

 12%|█▏        | 173/1451 [03:04<17:40,  1.20it/s]SupervisionWarnings: 'KeyPoints.confidence' is deprecated since 0.29.0 and will be removed in 0.32.0. Use 'KeyPoints.keypoint_confidence' instead.
SupervisionWarnings: 'KeyPoints.confidence' is deprecated since 0.29.0 and will be removed in 0.32.0. Use 'KeyPoints.keypoint_confidence' instead.
SupervisionWarnings: 'KeyPoints.confidence' is deprecated since 0.29.0 and will be removed in 0.32.0. Use 'KeyPoints.keypoint_confidence' instead.
SupervisionWarnings: 'KeyPoints.confidence' is deprecated since 0.29.0 and will be removed in 0.32.0. Use 'KeyPoints.keypoint_confidence' instead.

 12%|█▏        | 174/1451 [03:05<17:40,  1.20it/s]SupervisionWarnings: 'KeyPoints.confidence' is deprecated since 0.29.0 and will be removed in 0.32.0. Use 'KeyPoints.keypoint_confidence' instead.
SupervisionWarnings: 'KeyPoints.confidence' is deprecated since 0.29.0 and will be removed in 0.32.0. Use 'KeyPoints.keypoint_confidence' instead.
SupervisionWarnings: 'KeyPoints.confidence' is deprecated since 0.29.0 and will be removed in 0.32.0. Use 'KeyPoints.keypoint_confidence' instead.
SupervisionWarnings: 'KeyPoints.confidence' is deprecated since 0.29.0 and will be removed in 0.32.0. Use 'KeyPoints.keypoint_confidence' instead.

 12%|█▏        | 175/1451 [03:06<18:36,  1.14it/s]SupervisionWarnings: 'KeyPoints.confidence' is deprecated since 0.29.0 and will be removed in 0.32.0. Use 'KeyPoints.keypoint_confidence' instead.
SupervisionWarnings: 'KeyPoints.confidence' is deprecated since 0.29.0 and will be removed in 0.32.0. Use 'KeyPoints.keypoint_confidence' instead.
SupervisionWarnings: 'KeyPoints.confidence' is deprecated since 0.29.0 and will be removed in 0.32.0. Use 'KeyPoints.keypoint_confidence' instead.
SupervisionWarnings: 'KeyPoints.confidence' is deprecated since 0.29.0 and will be removed in 0.32.0. Use 'KeyPoints.keypoint_confidence' instead.

 12%|█▏        | 176/1451 [03:07<19:44,  1.08it/s]SupervisionWarnings: 'KeyPoints.confidence' is deprecated since 0.29.0 and will be removed in 0.32.0. Use 'KeyPoints.keypoint_confidence' instead.
SupervisionWarnings: 'KeyPoints.confidence' is deprecated since 0.29.0 and will be removed in 0.32.0. Use 'KeyPoints.keypoint_confidence' instead.
SupervisionWarnings: 'KeyPoints.confidence' is deprecated since 0.29.0 and will be removed in 0.32.0. Use 'KeyPoints.keypoint_confidence' instead.
SupervisionWarnings: 'KeyPoints.confidence' is deprecated since 0.29.0 and will be removed in 0.32.0. Use 'KeyPoints.keypoint_confidence' instead.

 12%|█▏        | 177/1451 [03:08<20:01,  1.06it/s]SupervisionWarnings: 'KeyPoints.confidence' is deprecated since 0.29.0 and will be removed in 0.32.0. Use 'KeyPoints.keypoint_confidence' instead.
SupervisionWarnings: 'KeyPoints.confidence' is deprecated since 0.29.0 and will be removed in 0.32.0. Use 'KeyPoints.keypoint_confidence' instead.
SupervisionWarnings: 'KeyPoints.confidence' is deprecated since 0.29.0 and will be removed in 0.32.0. Use 'KeyPoints.keypoint_confidence' instead.
SupervisionWarnings: 'KeyPoints.confidence' is deprecated since 0.29.0 and will be removed in 0.32.0. Use 'KeyPoints.keypoint_confidence' instead.

 12%|█▏        | 178/1451 [03:09<19:44,  1.07it/s]SupervisionWarnings: 'KeyPoints.confidence' is deprecated since 0.29.0 and will be removed in 0.32.0. Use 'KeyPoints.keypoint_confidence' instead.
SupervisionWarnings: 'KeyPoints.confidence' is deprecated since 0.29.0 and will be removed in 0.32.0. Use 'KeyPoints.keypoint_confidence' instead.
SupervisionWarnings: 'KeyPoints.confidence' is deprecated since 0.29.0 and will be removed in 0.32.0. Use 'KeyPoints.keypoint_confidence' instead.
SupervisionWarnings: 'KeyPoints.confidence' is deprecated since 0.29.0 and will be removed in 0.32.0. Use 'KeyPoints.keypoint_confidence' instead.

 12%|█▏        | 179/1451 [03:10<18:57,  1.12it/s]SupervisionWarnings: 'KeyPoints.confidence' is deprecated since 0.29.0 and will be removed in 0.32.0. Use 'KeyPoints.keypoint_confidence' instead.
SupervisionWarnings: 'KeyPoints.confidence' is deprecated since 0.29.0 and will be removed in 0.32.0. Use 'KeyPoints.keypoint_confidence' instead.
SupervisionWarnings: 'KeyPoints.confidence' is deprecated since 0.29.0 and will be removed in 0.32.0. Use 'KeyPoints.keypoint_confidence' instead.
SupervisionWarnings: 'KeyPoints.confidence' is deprecated since 0.29.0 and will be removed in 0.32.0. Use 'KeyPoints.keypoint_confidence' instead.

 12%|█▏        | 180/1451 [03:10<18:25,  1.15it/s]SupervisionWarnings: 'KeyPoints.confidence' is deprecated since 0.29.0 and will be removed in 0.32.0. Use 'KeyPoints.keypoint_confidence' instead.
SupervisionWarnings: 'KeyPoints.confidence' is deprecated since 0.29.0 and will be removed in 0.32.0. Use 'KeyPoints.keypoint_confidence' instead.
SupervisionWarnings: 'KeyPoints.confidence' is deprecated since 0.29.0 and will be removed in 0.32.0. Use 'KeyPoints.keypoint_confidence' instead.
SupervisionWarnings: 'KeyPoints.confidence' is deprecated since 0.29.0 and will be removed in 0.32.0. Use 'KeyPoints.keypoint_confidence' instead.

 12%|█▏        | 181/1451 [03:11<18:07,  1.17it/s]SupervisionWarnings: 'KeyPoints.confidence' is deprecated since 0.29.0 and will be removed in 0.32.0. Use 'KeyPoints.keypoint_confidence' instead.
SupervisionWarnings: 'KeyPoints.confidence' is deprecated since 0.29.0 and will be removed in 0.32.0. Use 'KeyPoints.keypoint_confidence' instead.
SupervisionWarnings: 'KeyPoints.confidence' is deprecated since 0.29.0 and will be removed in 0.32.0. Use 'KeyPoints.keypoint_confidence' instead.
SupervisionWarnings: 'KeyPoints.confidence' is deprecated since 0.29.0 and will be removed in 0.32.0. Use 'KeyPoints.keypoint_confidence' instead.

 13%|█▎        | 182/1451 [03:12<17:49,  1.19it/s]SupervisionWarnings: 'KeyPoints.confidence' is deprecated since 0.29.0 and will be removed in 0.32.0. Use 'KeyPoints.keypoint_confidence' instead.
SupervisionWarnings: 'KeyPoints.confidence' is deprecated since 0.29.0 and will be removed in 0.32.0. Use 'KeyPoints.keypoint_confidence' instead.
SupervisionWarnings: 'KeyPoints.confidence' is deprecated since 0.29.0 and will be removed in 0.32.0. Use 'KeyPoints.keypoint_confidence' instead.
SupervisionWarnings: 'KeyPoints.confidence' is deprecated since 0.29.0 and will be removed in 0.32.0. Use 'KeyPoints.keypoint_confidence' instead.

 13%|█▎        | 183/1451 [03:13<17:36,  1.20it/s]SupervisionWarnings: 'KeyPoints.confidence' is deprecated since 0.29.0 and will be removed in 0.32.0. Use 'KeyPoints.keypoint_confidence' instead.
SupervisionWarnings: 'KeyPoints.confidence' is deprecated since 0.29.0 and will be removed in 0.32.0. Use 'KeyPoints.keypoint_confidence' instead.
SupervisionWarnings: 'KeyPoints.confidence' is deprecated since 0.29.0 and will be removed in 0.32.0. Use 'KeyPoints.keypoint_confidence' instead.
SupervisionWarnings: 'KeyPoints.confidence' is deprecated since 0.29.0 and will be removed in 0.32.0. Use 'KeyPoints.keypoint_confidence' instead.

 13%|█▎        | 184/1451 [03:14<17:28,  1.21it/s]SupervisionWarnings: 'KeyPoints.confidence' is deprecated since 0.29.0 and will be removed in 0.32.0. Use 'KeyPoints.keypoint_confidence' instead.
SupervisionWarnings: 'KeyPoints.confidence' is deprecated since 0.29.0 and will be removed in 0.32.0. Use 'KeyPoints.keypoint_confidence' instead.
SupervisionWarnings: 'KeyPoints.confidence' is deprecated since 0.29.0 and will be removed in 0.32.0. Use 'KeyPoints.keypoint_confidence' instead.
SupervisionWarnings: 'KeyPoints.confidence' is deprecated since 0.29.0 and will be removed in 0.32.0. Use 'KeyPoints.keypoint_confidence' instead.

 13%|█▎        | 185/1451 [03:14<17:29,  1.21it/s]SupervisionWarnings: 'KeyPoints.confidence' is deprecated since 0.29.0 and will be removed in 0.32.0. Use 'KeyPoints.keypoint_confidence' instead.
SupervisionWarnings: 'KeyPoints.confidence' is deprecated since 0.29.0 and will be removed in 0.32.0. Use 'KeyPoints.keypoint_confidence' instead.
SupervisionWarnings: 'KeyPoints.confidence' is deprecated since 0.29.0 and will be removed in 0.32.0. Use 'KeyPoints.keypoint_confidence' instead.
SupervisionWarnings: 'KeyPoints.confidence' is deprecated since 0.29.0 and will be removed in 0.32.0. Use 'KeyPoints.keypoint_confidence' instead.

 13%|█▎        | 186/1451 [03:15<17:19,  1.22it/s]SupervisionWarnings: 'KeyPoints.confidence' is deprecated since 0.29.0 and will be removed in 0.32.0. Use 'KeyPoints.keypoint_confidence' instead.
SupervisionWarnings: 'KeyPoints.confidence' is deprecated since 0.29.0 and will be removed in 0.32.0. Use 'KeyPoints.keypoint_confidence' instead.
SupervisionWarnings: 'KeyPoints.confidence' is deprecated since 0.29.0 and will be removed in 0.32.0. Use 'KeyPoints.keypoint_confidence' instead.
SupervisionWarnings: 'KeyPoints.confidence' is deprecated since 0.29.0 and will be removed in 0.32.0. Use 'KeyPoints.keypoint_confidence' instead.

 13%|█▎        | 187/1451 [03:16<17:12,  1.22it/s]SupervisionWarnings: 'KeyPoints.confidence' is deprecated since 0.29.0 and will be removed in 0.32.0. Use 'KeyPoints.keypoint_confidence' instead.
SupervisionWarnings: 'KeyPoints.confidence' is deprecated since 0.29.0 and will be removed in 0.32.0. Use 'KeyPoints.keypoint_confidence' instead.
SupervisionWarnings: 'KeyPoints.confidence' is deprecated since 0.29.0 and will be removed in 0.32.0. Use 'KeyPoints.keypoint_confidence' instead.
SupervisionWarnings: 'KeyPoints.confidence' is deprecated since 0.29.0 and will be removed in 0.32.0. Use 'KeyPoints.keypoint_confidence' instead.

 13%|█▎        | 188/1451 [03:17<17:22,  1.21it/s]SupervisionWarnings: 'KeyPoints.confidence' is deprecated since 0.29.0 and will be removed in 0.32.0. Use 'KeyPoints.keypoint_confidence' instead.
SupervisionWarnings: 'KeyPoints.confidence' is deprecated since 0.29.0 and will be removed in 0.32.0. Use 'KeyPoints.keypoint_confidence' instead.
SupervisionWarnings: 'KeyPoints.confidence' is deprecated since 0.29.0 and will be removed in 0.32.0. Use 'KeyPoints.keypoint_confidence' instead.
SupervisionWarnings: 'KeyPoints.confidence' is deprecated since 0.29.0 and will be removed in 0.32.0. Use 'KeyPoints.keypoint_confidence' instead.

 13%|█▎        | 189/1451 [03:18<17:20,  1.21it/s]SupervisionWarnings: 'KeyPoints.confidence' is deprecated since 0.29.0 and will be removed in 0.32.0. Use 'KeyPoints.keypoint_confidence' instead.
SupervisionWarnings: 'KeyPoints.confidence' is deprecated since 0.29.0 and will be removed in 0.32.0. Use 'KeyPoints.keypoint_confidence' instead.
SupervisionWarnings: 'KeyPoints.confidence' is deprecated since 0.29.0 and will be removed in 0.32.0. Use 'KeyPoints.keypoint_confidence' instead.
SupervisionWarnings: 'KeyPoints.confidence' is deprecated since 0.29.0 and will be removed in 0.32.0. Use 'KeyPoints.keypoint_confidence' instead.

 13%|█▎        | 190/1451 [03:19<17:48,  1.18it/s]SupervisionWarnings: 'KeyPoints.confidence' is deprecated since 0.29.0 and will be removed in 0.32.0. Use 'KeyPoints.keypoint_confidence' instead.
SupervisionWarnings: 'KeyPoints.confidence' is deprecated since 0.29.0 and will be removed in 0.32.0. Use 'KeyPoints.keypoint_confidence' instead.
SupervisionWarnings: 'KeyPoints.confidence' is deprecated since 0.29.0 and will be removed in 0.32.0. Use 'KeyPoints.keypoint_confidence' instead.
SupervisionWarnings: 'KeyPoints.confidence' is deprecated since 0.29.0 and will be removed in 0.32.0. Use 'KeyPoints.keypoint_confidence' instead.

 13%|█▎        | 191/1451 [03:20<19:00,  1.10it/s]SupervisionWarnings: 'KeyPoints.confidence' is deprecated since 0.29.0 and will be removed in 0.32.0. Use 'KeyPoints.keypoint_confidence' instead.
SupervisionWarnings: 'KeyPoints.confidence' is deprecated since 0.29.0 and will be removed in 0.32.0. Use 'KeyPoints.keypoint_confidence' instead.
SupervisionWarnings: 'KeyPoints.confidence' is deprecated since 0.29.0 and will be removed in 0.32.0. Use 'KeyPoints.keypoint_confidence' instead.
SupervisionWarnings: 'KeyPoints.confidence' is deprecated since 0.29.0 and will be removed in 0.32.0. Use 'KeyPoints.keypoint_confidence' instead.

 13%|█▎        | 192/1451 [03:21<19:43,  1.06it/s]SupervisionWarnings: 'KeyPoints.confidence' is deprecated since 0.29.0 and will be removed in 0.32.0. Use 'KeyPoints.keypoint_confidence' instead.
SupervisionWarnings: 'KeyPoints.confidence' is deprecated since 0.29.0 and will be removed in 0.32.0. Use 'KeyPoints.keypoint_confidence' instead.
SupervisionWarnings: 'KeyPoints.confidence' is deprecated since 0.29.0 and will be removed in 0.32.0. Use 'KeyPoints.keypoint_confidence' instead.
SupervisionWarnings: 'KeyPoints.confidence' is deprecated since 0.29.0 and will be removed in 0.32.0. Use 'KeyPoints.keypoint_confidence' instead.

 13%|█▎        | 193/1451 [03:22<19:33,  1.07it/s]SupervisionWarnings: 'KeyPoints.confidence' is deprecated since 0.29.0 and will be removed in 0.32.0. Use 'KeyPoints.keypoint_confidence' instead.
SupervisionWarnings: 'KeyPoints.confidence' is deprecated since 0.29.0 and will be removed in 0.32.0. Use 'KeyPoints.keypoint_confidence' instead.
SupervisionWarnings: 'KeyPoints.confidence' is deprecated since 0.29.0 and will be removed in 0.32.0. Use 'KeyPoints.keypoint_confidence' instead.
SupervisionWarnings: 'KeyPoints.confidence' is deprecated since 0.29.0 and will be removed in 0.32.0. Use 'KeyPoints.keypoint_confidence' instead.

 13%|█▎        | 194/1451 [03:22<18:45,  1.12it/s]SupervisionWarnings: 'KeyPoints.confidence' is deprecated since 0.29.0 and will be removed in 0.32.0. Use 'KeyPoints.keypoint_confidence' instead.
SupervisionWarnings: 'KeyPoints.confidence' is deprecated since 0.29.0 and will be removed in 0.32.0. Use 'KeyPoints.keypoint_confidence' instead.
SupervisionWarnings: 'KeyPoints.confidence' is deprecated since 0.29.0 and will be removed in 0.32.0. Use 'KeyPoints.keypoint_confidence' instead.
SupervisionWarnings: 'KeyPoints.confidence' is deprecated since 0.29.0 and will be removed in 0.32.0. Use 'KeyPoints.keypoint_confidence' instead.

 13%|█▎        | 195/1451 [03:23<18:10,  1.15it/s]SupervisionWarnings: 'KeyPoints.confidence' is deprecated since 0.29.0 and will be removed in 0.32.0. Use 'KeyPoints.keypoint_confidence' instead.
SupervisionWarnings: 'KeyPoints.confidence' is deprecated since 0.29.0 and will be removed in 0.32.0. Use 'KeyPoints.keypoint_confidence' instead.
SupervisionWarnings: 'KeyPoints.confidence' is deprecated since 0.29.0 and will be removed in 0.32.0. Use 'KeyPoints.keypoint_confidence' instead.
SupervisionWarnings: 'KeyPoints.confidence' is deprecated since 0.29.0 and will be removed in 0.32.0. Use 'KeyPoints.keypoint_confidence' instead.

 14%|█▎        | 196/1451 [03:24<17:51,  1.17it/s]SupervisionWarnings: 'KeyPoints.confidence' is deprecated since 0.29.0 and will be removed in 0.32.0. Use 'KeyPoints.keypoint_confidence' instead.
SupervisionWarnings: 'KeyPoints.confidence' is deprecated since 0.29.0 and will be removed in 0.32.0. Use 'KeyPoints.keypoint_confidence' instead.
SupervisionWarnings: 'KeyPoints.confidence' is deprecated since 0.29.0 and will be removed in 0.32.0. Use 'KeyPoints.keypoint_confidence' instead.
SupervisionWarnings: 'KeyPoints.confidence' is deprecated since 0.29.0 and will be removed in 0.32.0. Use 'KeyPoints.keypoint_confidence' instead.

 14%|█▎        | 197/1451 [03:25<17:34,  1.19it/s]SupervisionWarnings: 'KeyPoints.confidence' is deprecated since 0.29.0 and will be removed in 0.32.0. Use 'KeyPoints.keypoint_confidence' instead.
SupervisionWarnings: 'KeyPoints.confidence' is deprecated since 0.29.0 and will be removed in 0.32.0. Use 'KeyPoints.keypoint_confidence' instead.
SupervisionWarnings: 'KeyPoints.confidence' is deprecated since 0.29.0 and will be removed in 0.32.0. Use 'KeyPoints.keypoint_confidence' instead.
SupervisionWarnings: 'KeyPoints.confidence' is deprecated since 0.29.0 and will be removed in 0.32.0. Use 'KeyPoints.keypoint_confidence' instead.

 14%|█▎        | 198/1451 [03:26<17:20,  1.20it/s]SupervisionWarnings: 'KeyPoints.confidence' is deprecated since 0.29.0 and will be removed in 0.32.0. Use 'KeyPoints.keypoint_confidence' instead.
SupervisionWarnings: 'KeyPoints.confidence' is deprecated since 0.29.0 and will be removed in 0.32.0. Use 'KeyPoints.keypoint_confidence' instead.
SupervisionWarnings: 'KeyPoints.confidence' is deprecated since 0.29.0 and will be removed in 0.32.0. Use 'KeyPoints.keypoint_confidence' instead.
SupervisionWarnings: 'KeyPoints.confidence' is deprecated since 0.29.0 and will be removed in 0.32.0. Use 'KeyPoints.keypoint_confidence' instead.

 14%|█▎        | 199/1451 [03:27<17:17,  1.21it/s]SupervisionWarnings: 'KeyPoints.confidence' is deprecated since 0.29.0 and will be removed in 0.32.0. Use 'KeyPoints.keypoint_confidence' instead.
SupervisionWarnings: 'KeyPoints.confidence' is deprecated since 0.29.0 and will be removed in 0.32.0. Use 'KeyPoints.keypoint_confidence' instead.
SupervisionWarnings: 'KeyPoints.confidence' is deprecated since 0.29.0 and will be removed in 0.32.0. Use 'KeyPoints.keypoint_confidence' instead.
SupervisionWarnings: 'KeyPoints.confidence' is deprecated since 0.29.0 and will be removed in 0.32.0. Use 'KeyPoints.keypoint_confidence' instead.

 14%|█▍        | 200/1451 [03:27<17:09,  1.22it/s]SupervisionWarnings: 'KeyPoints.confidence' is deprecated since 0.29.0 and will be removed in 0.32.0. Use 'KeyPoints.keypoint_confidence' instead.
SupervisionWarnings: 'KeyPoints.confidence' is deprecated since 0.29.0 and will be removed in 0.32.0. Use 'KeyPoints.keypoint_confidence' instead.
SupervisionWarnings: 'KeyPoints.confidence' is deprecated since 0.29.0 and will be removed in 0.32.0. Use 'KeyPoints.keypoint_confidence' instead.
SupervisionWarnings: 'KeyPoints.confidence' is deprecated since 0.29.0 and will be removed in 0.32.0. Use 'KeyPoints.keypoint_confidence' instead.

 14%|█▍        | 201/1451 [03:28<17:03,  1.22it/s]SupervisionWarnings: 'KeyPoints.confidence' is deprecated since 0.29.0 and will be removed in 0.32.0. Use 'KeyPoints.keypoint_confidence' instead.
SupervisionWarnings: 'KeyPoints.confidence' is deprecated since 0.29.0 and will be removed in 0.32.0. Use 'KeyPoints.keypoint_confidence' instead.
SupervisionWarnings: 'KeyPoints.confidence' is deprecated since 0.29.0 and will be removed in 0.32.0. Use 'KeyPoints.keypoint_confidence' instead.
SupervisionWarnings: 'KeyPoints.confidence' is deprecated since 0.29.0 and will be removed in 0.32.0. Use 'KeyPoints.keypoint_confidence' instead.

 14%|█▍        | 202/1451 [03:29<16:59,  1.23it/s]SupervisionWarnings: 'KeyPoints.confidence' is deprecated since 0.29.0 and will be removed in 0.32.0. Use 'KeyPoints.keypoint_confidence' instead.
SupervisionWarnings: 'KeyPoints.confidence' is deprecated since 0.29.0 and will be removed in 0.32.0. Use 'KeyPoints.keypoint_confidence' instead.
SupervisionWarnings: 'KeyPoints.confidence' is deprecated since 0.29.0 and will be removed in 0.32.0. Use 'KeyPoints.keypoint_confidence' instead.
SupervisionWarnings: 'KeyPoints.confidence' is deprecated since 0.29.0 and will be removed in 0.32.0. Use 'KeyPoints.keypoint_confidence' instead.

 14%|█▍        | 203/1451 [03:30<16:56,  1.23it/s]SupervisionWarnings: 'KeyPoints.confidence' is deprecated since 0.29.0 and will be removed in 0.32.0. Use 'KeyPoints.keypoint_confidence' instead.
SupervisionWarnings: 'KeyPoints.confidence' is deprecated since 0.29.0 and will be removed in 0.32.0. Use 'KeyPoints.keypoint_confidence' instead.
SupervisionWarnings: 'KeyPoints.confidence' is deprecated since 0.29.0 and will be removed in 0.32.0. Use 'KeyPoints.keypoint_confidence' instead.
SupervisionWarnings: 'KeyPoints.confidence' is deprecated since 0.29.0 and will be removed in 0.32.0. Use 'KeyPoints.keypoint_confidence' instead.

 14%|█▍        | 204/1451 [03:31<16:48,  1.24it/s]SupervisionWarnings: 'KeyPoints.confidence' is deprecated since 0.29.0 and will be removed in 0.32.0. Use 'KeyPoints.keypoint_confidence' instead.
SupervisionWarnings: 'KeyPoints.confidence' is deprecated since 0.29.0 and will be removed in 0.32.0. Use 'KeyPoints.keypoint_confidence' instead.
SupervisionWarnings: 'KeyPoints.confidence' is deprecated since 0.29.0 and will be removed in 0.32.0. Use 'KeyPoints.keypoint_confidence' instead.
SupervisionWarnings: 'KeyPoints.confidence' is deprecated since 0.29.0 and will be removed in 0.32.0. Use 'KeyPoints.keypoint_confidence' instead.

 14%|█▍        | 205/1451 [03:31<16:50,  1.23it/s]SupervisionWarnings: 'KeyPoints.confidence' is deprecated since 0.29.0 and will be removed in 0.32.0. Use 'KeyPoints.keypoint_confidence' instead.
SupervisionWarnings: 'KeyPoints.confidence' is deprecated since 0.29.0 and will be removed in 0.32.0. Use 'KeyPoints.keypoint_confidence' instead.
SupervisionWarnings: 'KeyPoints.confidence' is deprecated since 0.29.0 and will be removed in 0.32.0. Use 'KeyPoints.keypoint_confidence' instead.
SupervisionWarnings: 'KeyPoints.confidence' is deprecated since 0.29.0 and will be removed in 0.32.0. Use 'KeyPoints.keypoint_confidence' instead.

 14%|█▍        | 206/1451 [03:32<17:47,  1.17it/s]SupervisionWarnings: 'KeyPoints.confidence' is deprecated since 0.29.0 and will be removed in 0.32.0. Use 'KeyPoints.keypoint_confidence' instead.
SupervisionWarnings: 'KeyPoints.confidence' is deprecated since 0.29.0 and will be removed in 0.32.0. Use 'KeyPoints.keypoint_confidence' instead.
SupervisionWarnings: 'KeyPoints.confidence' is deprecated since 0.29.0 and will be removed in 0.32.0. Use 'KeyPoints.keypoint_confidence' instead.
SupervisionWarnings: 'KeyPoints.confidence' is deprecated since 0.29.0 and will be removed in 0.32.0. Use 'KeyPoints.keypoint_confidence' instead.

 14%|█▍        | 207/1451 [03:33<18:33,  1.12it/s]SupervisionWarnings: 'KeyPoints.confidence' is deprecated since 0.29.0 and will be removed in 0.32.0. Use 'KeyPoints.keypoint_confidence' instead.
SupervisionWarnings: 'KeyPoints.confidence' is deprecated since 0.29.0 and will be removed in 0.32.0. Use 'KeyPoints.keypoint_confidence' instead.
SupervisionWarnings: 'KeyPoints.confidence' is deprecated since 0.29.0 and will be removed in 0.32.0. Use 'KeyPoints.keypoint_confidence' instead.
SupervisionWarnings: 'KeyPoints.confidence' is deprecated since 0.29.0 and will be removed in 0.32.0. Use 'KeyPoints.keypoint_confidence' instead.

 14%|█▍        | 208/1451 [03:34<18:54,  1.10it/s]SupervisionWarnings: 'KeyPoints.confidence' is deprecated since 0.29.0 and will be removed in 0.32.0. Use 'KeyPoints.keypoint_confidence' instead.
SupervisionWarnings: 'KeyPoints.confidence' is deprecated since 0.29.0 and will be removed in 0.32.0. Use 'KeyPoints.keypoint_confidence' instead.
SupervisionWarnings: 'KeyPoints.confidence' is deprecated since 0.29.0 and will be removed in 0.32.0. Use 'KeyPoints.keypoint_confidence' instead.
SupervisionWarnings: 'KeyPoints.confidence' is deprecated since 0.29.0 and will be removed in 0.32.0. Use 'KeyPoints.keypoint_confidence' instead.

 14%|█▍        | 209/1451 [03:35<19:10,  1.08it/s]SupervisionWarnings: 'KeyPoints.confidence' is deprecated since 0.29.0 and will be removed in 0.32.0. Use 'KeyPoints.keypoint_confidence' instead.
SupervisionWarnings: 'KeyPoints.confidence' is deprecated since 0.29.0 and will be removed in 0.32.0. Use 'KeyPoints.keypoint_confidence' instead.
SupervisionWarnings: 'KeyPoints.confidence' is deprecated since 0.29.0 and will be removed in 0.32.0. Use 'KeyPoints.keypoint_confidence' instead.
SupervisionWarnings: 'KeyPoints.confidence' is deprecated since 0.29.0 and will be removed in 0.32.0. Use 'KeyPoints.keypoint_confidence' instead.

 14%|█▍        | 210/1451 [03:36<18:29,  1.12it/s]SupervisionWarnings: 'KeyPoints.confidence' is deprecated since 0.29.0 and will be removed in 0.32.0. Use 'KeyPoints.keypoint_confidence' instead.
SupervisionWarnings: 'KeyPoints.confidence' is deprecated since 0.29.0 and will be removed in 0.32.0. Use 'KeyPoints.keypoint_confidence' instead.
SupervisionWarnings: 'KeyPoints.confidence' is deprecated since 0.29.0 and will be removed in 0.32.0. Use 'KeyPoints.keypoint_confidence' instead.
SupervisionWarnings: 'KeyPoints.confidence' is deprecated since 0.29.0 and will be removed in 0.32.0. Use 'KeyPoints.keypoint_confidence' instead.

 15%|█▍        | 211/1451 [03:37<18:03,  1.14it/s]SupervisionWarnings: 'KeyPoints.confidence' is deprecated since 0.29.0 and will be removed in 0.32.0. Use 'KeyPoints.keypoint_confidence' instead.
SupervisionWarnings: 'KeyPoints.confidence' is deprecated since 0.29.0 and will be removed in 0.32.0. Use 'KeyPoints.keypoint_confidence' instead.
SupervisionWarnings: 'KeyPoints.confidence' is deprecated since 0.29.0 and will be removed in 0.32.0. Use 'KeyPoints.keypoint_confidence' instead.
SupervisionWarnings: 'KeyPoints.confidence' is deprecated since 0.29.0 and will be removed in 0.32.0. Use 'KeyPoints.keypoint_confidence' instead.

 15%|█▍        | 212/1451 [03:38<17:43,  1.17it/s]SupervisionWarnings: 'KeyPoints.confidence' is deprecated since 0.29.0 and will be removed in 0.32.0. Use 'KeyPoints.keypoint_confidence' instead.
SupervisionWarnings: 'KeyPoints.confidence' is deprecated since 0.29.0 and will be removed in 0.32.0. Use 'KeyPoints.keypoint_confidence' instead.
SupervisionWarnings: 'KeyPoints.confidence' is deprecated since 0.29.0 and will be removed in 0.32.0. Use 'KeyPoints.keypoint_confidence' instead.
SupervisionWarnings: 'KeyPoints.confidence' is deprecated since 0.29.0 and will be removed in 0.32.0. Use 'KeyPoints.keypoint_confidence' instead.

 15%|█▍        | 213/1451 [03:38<17:23,  1.19it/s]SupervisionWarnings: 'KeyPoints.confidence' is deprecated since 0.29.0 and will be removed in 0.32.0. Use 'KeyPoints.keypoint_confidence' instead.
SupervisionWarnings: 'KeyPoints.confidence' is deprecated since 0.29.0 and will be removed in 0.32.0. Use 'KeyPoints.keypoint_confidence' instead.
SupervisionWarnings: 'KeyPoints.confidence' is deprecated since 0.29.0 and will be removed in 0.32.0. Use 'KeyPoints.keypoint_confidence' instead.
SupervisionWarnings: 'KeyPoints.confidence' is deprecated since 0.29.0 and will be removed in 0.32.0. Use 'KeyPoints.keypoint_confidence' instead.

 15%|█▍        | 214/1451 [03:39<17:14,  1.20it/s]SupervisionWarnings: 'KeyPoints.confidence' is deprecated since 0.29.0 and will be removed in 0.32.0. Use 'KeyPoints.keypoint_confidence' instead.
SupervisionWarnings: 'KeyPoints.confidence' is deprecated since 0.29.0 and will be removed in 0.32.0. Use 'KeyPoints.keypoint_confidence' instead.
SupervisionWarnings: 'KeyPoints.confidence' is deprecated since 0.29.0 and will be removed in 0.32.0. Use 'KeyPoints.keypoint_confidence' instead.
SupervisionWarnings: 'KeyPoints.confidence' is deprecated since 0.29.0 and will be removed in 0.32.0. Use 'KeyPoints.keypoint_confidence' instead.

 15%|█▍        | 215/1451 [03:40<17:02,  1.21it/s]SupervisionWarnings: 'KeyPoints.confidence' is deprecated since 0.29.0 and will be removed in 0.32.0. Use 'KeyPoints.keypoint_confidence' instead.
SupervisionWarnings: 'KeyPoints.confidence' is deprecated since 0.29.0 and will be removed in 0.32.0. Use 'KeyPoints.keypoint_confidence' instead.
SupervisionWarnings: 'KeyPoints.confidence' is deprecated since 0.29.0 and will be removed in 0.32.0. Use 'KeyPoints.keypoint_confidence' instead.
SupervisionWarnings: 'KeyPoints.confidence' is deprecated since 0.29.0 and will be removed in 0.32.0. Use 'KeyPoints.keypoint_confidence' instead.

 15%|█▍        | 216/1451 [03:41<17:01,  1.21it/s]SupervisionWarnings: 'KeyPoints.confidence' is deprecated since 0.29.0 and will be removed in 0.32.0. Use 'KeyPoints.keypoint_confidence' instead.
SupervisionWarnings: 'KeyPoints.confidence' is deprecated since 0.29.0 and will be removed in 0.32.0. Use 'KeyPoints.keypoint_confidence' instead.
SupervisionWarnings: 'KeyPoints.confidence' is deprecated since 0.29.0 and will be removed in 0.32.0. Use 'KeyPoints.keypoint_confidence' instead.
SupervisionWarnings: 'KeyPoints.confidence' is deprecated since 0.29.0 and will be removed in 0.32.0. Use 'KeyPoints.keypoint_confidence' instead.

 15%|█▍        | 217/1451 [03:42<16:50,  1.22it/s]SupervisionWarnings: 'KeyPoints.confidence' is deprecated since 0.29.0 and will be removed in 0.32.0. Use 'KeyPoints.keypoint_confidence' instead.
SupervisionWarnings: 'KeyPoints.confidence' is deprecated since 0.29.0 and will be removed in 0.32.0. Use 'KeyPoints.keypoint_confidence' instead.
SupervisionWarnings: 'KeyPoints.confidence' is deprecated since 0.29.0 and will be removed in 0.32.0. Use 'KeyPoints.keypoint_confidence' instead.
SupervisionWarnings: 'KeyPoints.confidence' is deprecated since 0.29.0 and will be removed in 0.32.0. Use 'KeyPoints.keypoint_confidence' instead.

 15%|█▌        | 218/1451 [03:43<16:45,  1.23it/s]SupervisionWarnings: 'KeyPoints.confidence' is deprecated since 0.29.0 and will be removed in 0.32.0. Use 'KeyPoints.keypoint_confidence' instead.
SupervisionWarnings: 'KeyPoints.confidence' is deprecated since 0.29.0 and will be removed in 0.32.0. Use 'KeyPoints.keypoint_confidence' instead.
SupervisionWarnings: 'KeyPoints.confidence' is deprecated since 0.29.0 and will be removed in 0.32.0. Use 'KeyPoints.keypoint_confidence' instead.
SupervisionWarnings: 'KeyPoints.confidence' is deprecated since 0.29.0 and will be removed in 0.32.0. Use 'KeyPoints.keypoint_confidence' instead.

 15%|█▌        | 219/1451 [03:43<16:42,  1.23it/s]SupervisionWarnings: 'KeyPoints.confidence' is deprecated since 0.29.0 and will be removed in 0.32.0. Use 'KeyPoints.keypoint_confidence' instead.
SupervisionWarnings: 'KeyPoints.confidence' is deprecated since 0.29.0 and will be removed in 0.32.0. Use 'KeyPoints.keypoint_confidence' instead.
SupervisionWarnings: 'KeyPoints.confidence' is deprecated since 0.29.0 and will be removed in 0.32.0. Use 'KeyPoints.keypoint_confidence' instead.
SupervisionWarnings: 'KeyPoints.confidence' is deprecated since 0.29.0 and will be removed in 0.32.0. Use 'KeyPoints.keypoint_confidence' instead.

 15%|█▌        | 220/1451 [03:44<16:43,  1.23it/s]SupervisionWarnings: 'KeyPoints.confidence' is deprecated since 0.29.0 and will be removed in 0.32.0. Use 'KeyPoints.keypoint_confidence' instead.
SupervisionWarnings: 'KeyPoints.confidence' is deprecated since 0.29.0 and will be removed in 0.32.0. Use 'KeyPoints.keypoint_confidence' instead.
SupervisionWarnings: 'KeyPoints.confidence' is deprecated since 0.29.0 and will be removed in 0.32.0. Use 'KeyPoints.keypoint_confidence' instead.
SupervisionWarnings: 'KeyPoints.confidence' is deprecated since 0.29.0 and will be removed in 0.32.0. Use 'KeyPoints.keypoint_confidence' instead.

 15%|█▌        | 221/1451 [03:45<17:22,  1.18it/s]SupervisionWarnings: 'KeyPoints.confidence' is deprecated since 0.29.0 and will be removed in 0.32.0. Use 'KeyPoints.keypoint_confidence' instead.
SupervisionWarnings: 'KeyPoints.confidence' is deprecated since 0.29.0 and will be removed in 0.32.0. Use 'KeyPoints.keypoint_confidence' instead.
SupervisionWarnings: 'KeyPoints.confidence' is deprecated since 0.29.0 and will be removed in 0.32.0. Use 'KeyPoints.keypoint_confidence' instead.
SupervisionWarnings: 'KeyPoints.confidence' is deprecated since 0.29.0 and will be removed in 0.32.0. Use 'KeyPoints.keypoint_confidence' instead.

 15%|█▌        | 222/1451 [03:46<18:06,  1.13it/s]SupervisionWarnings: 'KeyPoints.confidence' is deprecated since 0.29.0 and will be removed in 0.32.0. Use 'KeyPoints.keypoint_confidence' instead.
SupervisionWarnings: 'KeyPoints.confidence' is deprecated since 0.29.0 and will be removed in 0.32.0. Use 'KeyPoints.keypoint_confidence' instead.
SupervisionWarnings: 'KeyPoints.confidence' is deprecated since 0.29.0 and will be removed in 0.32.0. Use 'KeyPoints.keypoint_confidence' instead.
SupervisionWarnings: 'KeyPoints.confidence' is deprecated since 0.29.0 and will be removed in 0.32.0. Use 'KeyPoints.keypoint_confidence' instead.

 15%|█▌        | 223/1451 [03:47<19:05,  1.07it/s]SupervisionWarnings: 'KeyPoints.confidence' is deprecated since 0.29.0 and will be removed in 0.32.0. Use 'KeyPoints.keypoint_confidence' instead.
SupervisionWarnings: 'KeyPoints.confidence' is deprecated since 0.29.0 and will be removed in 0.32.0. Use 'KeyPoints.keypoint_confidence' instead.
SupervisionWarnings: 'KeyPoints.confidence' is deprecated since 0.29.0 and will be removed in 0.32.0. Use 'KeyPoints.keypoint_confidence' instead.
SupervisionWarnings: 'KeyPoints.confidence' is deprecated since 0.29.0 and will be removed in 0.32.0. Use 'KeyPoints.keypoint_confidence' instead.

 15%|█▌        | 224/1451 [03:48<19:20,  1.06it/s]SupervisionWarnings: 'KeyPoints.confidence' is deprecated since 0.29.0 and will be removed in 0.32.0. Use 'KeyPoints.keypoint_confidence' instead.
SupervisionWarnings: 'KeyPoints.confidence' is deprecated since 0.29.0 and will be removed in 0.32.0. Use 'KeyPoints.keypoint_confidence' instead.
SupervisionWarnings: 'KeyPoints.confidence' is deprecated since 0.29.0 and will be removed in 0.32.0. Use 'KeyPoints.keypoint_confidence' instead.
SupervisionWarnings: 'KeyPoints.confidence' is deprecated since 0.29.0 and will be removed in 0.32.0. Use 'KeyPoints.keypoint_confidence' instead.

 16%|█▌        | 225/1451 [03:49<18:21,  1.11it/s]SupervisionWarnings: 'KeyPoints.confidence' is deprecated since 0.29.0 and will be removed in 0.32.0. Use 'KeyPoints.keypoint_confidence' instead.
SupervisionWarnings: 'KeyPoints.confidence' is deprecated since 0.29.0 and will be removed in 0.32.0. Use 'KeyPoints.keypoint_confidence' instead.
SupervisionWarnings: 'KeyPoints.confidence' is deprecated since 0.29.0 and will be removed in 0.32.0. Use 'KeyPoints.keypoint_confidence' instead.
SupervisionWarnings: 'KeyPoints.confidence' is deprecated since 0.29.0 and will be removed in 0.32.0. Use 'KeyPoints.keypoint_confidence' instead.

 16%|█▌        | 226/1451 [03:50<17:48,  1.15it/s]SupervisionWarnings: 'KeyPoints.confidence' is deprecated since 0.29.0 and will be removed in 0.32.0. Use 'KeyPoints.keypoint_confidence' instead.
SupervisionWarnings: 'KeyPoints.confidence' is deprecated since 0.29.0 and will be removed in 0.32.0. Use 'KeyPoints.keypoint_confidence' instead.
SupervisionWarnings: 'KeyPoints.confidence' is deprecated since 0.29.0 and will be removed in 0.32.0. Use 'KeyPoints.keypoint_confidence' instead.
SupervisionWarnings: 'KeyPoints.confidence' is deprecated since 0.29.0 and will be removed in 0.32.0. Use 'KeyPoints.keypoint_confidence' instead.

 16%|█▌        | 227/1451 [03:51<17:24,  1.17it/s]SupervisionWarnings: 'KeyPoints.confidence' is deprecated since 0.29.0 and will be removed in 0.32.0. Use 'KeyPoints.keypoint_confidence' instead.
SupervisionWarnings: 'KeyPoints.confidence' is deprecated since 0.29.0 and will be removed in 0.32.0. Use 'KeyPoints.keypoint_confidence' instead.
SupervisionWarnings: 'KeyPoints.confidence' is deprecated since 0.29.0 and will be removed in 0.32.0. Use 'KeyPoints.keypoint_confidence' instead.
SupervisionWarnings: 'KeyPoints.confidence' is deprecated since 0.29.0 and will be removed in 0.32.0. Use 'KeyPoints.keypoint_confidence' instead.

 16%|█▌        | 228/1451 [03:51<17:00,  1.20it/s]SupervisionWarnings: 'KeyPoints.confidence' is deprecated since 0.29.0 and will be removed in 0.32.0. Use 'KeyPoints.keypoint_confidence' instead.
SupervisionWarnings: 'KeyPoints.confidence' is deprecated since 0.29.0 and will be removed in 0.32.0. Use 'KeyPoints.keypoint_confidence' instead.
SupervisionWarnings: 'KeyPoints.confidence' is deprecated since 0.29.0 and will be removed in 0.32.0. Use 'KeyPoints.keypoint_confidence' instead.
SupervisionWarnings: 'KeyPoints.confidence' is deprecated since 0.29.0 and will be removed in 0.32.0. Use 'KeyPoints.keypoint_confidence' instead.

 16%|█▌        | 229/1451 [03:52<16:47,  1.21it/s]SupervisionWarnings: 'KeyPoints.confidence' is deprecated since 0.29.0 and will be removed in 0.32.0. Use 'KeyPoints.keypoint_confidence' instead.
SupervisionWarnings: 'KeyPoints.confidence' is deprecated since 0.29.0 and will be removed in 0.32.0. Use 'KeyPoints.keypoint_confidence' instead.
SupervisionWarnings: 'KeyPoints.confidence' is deprecated since 0.29.0 and will be removed in 0.32.0. Use 'KeyPoints.keypoint_confidence' instead.
SupervisionWarnings: 'KeyPoints.confidence' is deprecated since 0.29.0 and will be removed in 0.32.0. Use 'KeyPoints.keypoint_confidence' instead.

 16%|█▌        | 230/1451 [03:53<16:50,  1.21it/s]SupervisionWarnings: 'KeyPoints.confidence' is deprecated since 0.29.0 and will be removed in 0.32.0. Use 'KeyPoints.keypoint_confidence' instead.
SupervisionWarnings: 'KeyPoints.confidence' is deprecated since 0.29.0 and will be removed in 0.32.0. Use 'KeyPoints.keypoint_confidence' instead.
SupervisionWarnings: 'KeyPoints.confidence' is deprecated since 0.29.0 and will be removed in 0.32.0. Use 'KeyPoints.keypoint_confidence' instead.
SupervisionWarnings: 'KeyPoints.confidence' is deprecated since 0.29.0 and will be removed in 0.32.0. Use 'KeyPoints.keypoint_confidence' instead.

 16%|█▌        | 231/1451 [03:54<16:43,  1.22it/s]SupervisionWarnings: 'KeyPoints.confidence' is deprecated since 0.29.0 and will be removed in 0.32.0. Use 'KeyPoints.keypoint_confidence' instead.
SupervisionWarnings: 'KeyPoints.confidence' is deprecated since 0.29.0 and will be removed in 0.32.0. Use 'KeyPoints.keypoint_confidence' instead.
SupervisionWarnings: 'KeyPoints.confidence' is deprecated since 0.29.0 and will be removed in 0.32.0. Use 'KeyPoints.keypoint_confidence' instead.
SupervisionWarnings: 'KeyPoints.confidence' is deprecated since 0.29.0 and will be removed in 0.32.0. Use 'KeyPoints.keypoint_confidence' instead.

 16%|█▌        | 232/1451 [03:55<16:39,  1.22it/s]SupervisionWarnings: 'KeyPoints.confidence' is deprecated since 0.29.0 and will be removed in 0.32.0. Use 'KeyPoints.keypoint_confidence' instead.
SupervisionWarnings: 'KeyPoints.confidence' is deprecated since 0.29.0 and will be removed in 0.32.0. Use 'KeyPoints.keypoint_confidence' instead.
SupervisionWarnings: 'KeyPoints.confidence' is deprecated since 0.29.0 and will be removed in 0.32.0. Use 'KeyPoints.keypoint_confidence' instead.
SupervisionWarnings: 'KeyPoints.confidence' is deprecated since 0.29.0 and will be removed in 0.32.0. Use 'KeyPoints.keypoint_confidence' instead.

 16%|█▌        | 233/1451 [03:55<16:26,  1.23it/s]SupervisionWarnings: 'KeyPoints.confidence' is deprecated since 0.29.0 and will be removed in 0.32.0. Use 'KeyPoints.keypoint_confidence' instead.
SupervisionWarnings: 'KeyPoints.confidence' is deprecated since 0.29.0 and will be removed in 0.32.0. Use 'KeyPoints.keypoint_confidence' instead.
SupervisionWarnings: 'KeyPoints.confidence' is deprecated since 0.29.0 and will be removed in 0.32.0. Use 'KeyPoints.keypoint_confidence' instead.
SupervisionWarnings: 'KeyPoints.confidence' is deprecated since 0.29.0 and will be removed in 0.32.0. Use 'KeyPoints.keypoint_confidence' instead.

 16%|█▌        | 234/1451 [03:56<16:29,  1.23it/s]SupervisionWarnings: 'KeyPoints.confidence' is deprecated since 0.29.0 and will be removed in 0.32.0. Use 'KeyPoints.keypoint_confidence' instead.
SupervisionWarnings: 'KeyPoints.confidence' is deprecated since 0.29.0 and will be removed in 0.32.0. Use 'KeyPoints.keypoint_confidence' instead.
SupervisionWarnings: 'KeyPoints.confidence' is deprecated since 0.29.0 and will be removed in 0.32.0. Use 'KeyPoints.keypoint_confidence' instead.
SupervisionWarnings: 'KeyPoints.confidence' is deprecated since 0.29.0 and will be removed in 0.32.0. Use 'KeyPoints.keypoint_confidence' instead.

 16%|█▌        | 235/1451 [03:57<16:19,  1.24it/s]SupervisionWarnings: 'KeyPoints.confidence' is deprecated since 0.29.0 and will be removed in 0.32.0. Use 'KeyPoints.keypoint_confidence' instead.
SupervisionWarnings: 'KeyPoints.confidence' is deprecated since 0.29.0 and will be removed in 0.32.0. Use 'KeyPoints.keypoint_confidence' instead.
SupervisionWarnings: 'KeyPoints.confidence' is deprecated since 0.29.0 and will be removed in 0.32.0. Use 'KeyPoints.keypoint_confidence' instead.
SupervisionWarnings: 'KeyPoints.confidence' is deprecated since 0.29.0 and will be removed in 0.32.0. Use 'KeyPoints.keypoint_confidence' instead.

 16%|█▋        | 236/1451 [03:58<16:28,  1.23it/s]SupervisionWarnings: 'KeyPoints.confidence' is deprecated since 0.29.0 and will be removed in 0.32.0. Use 'KeyPoints.keypoint_confidence' instead.
SupervisionWarnings: 'KeyPoints.confidence' is deprecated since 0.29.0 and will be removed in 0.32.0. Use 'KeyPoints.keypoint_confidence' instead.
SupervisionWarnings: 'KeyPoints.confidence' is deprecated since 0.29.0 and will be removed in 0.32.0. Use 'KeyPoints.keypoint_confidence' instead.
SupervisionWarnings: 'KeyPoints.confidence' is deprecated since 0.29.0 and will be removed in 0.32.0. Use 'KeyPoints.keypoint_confidence' instead.

 16%|█▋        | 237/1451 [03:59<19:33,  1.03it/s]SupervisionWarnings: 'KeyPoints.confidence' is deprecated since 0.29.0 and will be removed in 0.32.0. Use 'KeyPoints.keypoint_confidence' instead.
SupervisionWarnings: 'KeyPoints.confidence' is deprecated since 0.29.0 and will be removed in 0.32.0. Use 'KeyPoints.keypoint_confidence' instead.
SupervisionWarnings: 'KeyPoints.confidence' is deprecated since 0.29.0 and will be removed in 0.32.0. Use 'KeyPoints.keypoint_confidence' instead.
SupervisionWarnings: 'KeyPoints.confidence' is deprecated since 0.29.0 and will be removed in 0.32.0. Use 'KeyPoints.keypoint_confidence' instead.

 16%|█▋        | 238/1451 [04:00<20:05,  1.01it/s]SupervisionWarnings: 'KeyPoints.confidence' is deprecated since 0.29.0 and will be removed in 0.32.0. Use 'KeyPoints.keypoint_confidence' instead.
SupervisionWarnings: 'KeyPoints.confidence' is deprecated since 0.29.0 and will be removed in 0.32.0. Use 'KeyPoints.keypoint_confidence' instead.
SupervisionWarnings: 'KeyPoints.confidence' is deprecated since 0.29.0 and will be removed in 0.32.0. Use 'KeyPoints.keypoint_confidence' instead.
SupervisionWarnings: 'KeyPoints.confidence' is deprecated since 0.29.0 and will be removed in 0.32.0. Use 'KeyPoints.keypoint_confidence' instead.

 16%|█▋        | 239/1451 [04:01<20:05,  1.01it/s]SupervisionWarnings: 'KeyPoints.confidence' is deprecated since 0.29.0 and will be removed in 0.32.0. Use 'KeyPoints.keypoint_confidence' instead.
SupervisionWarnings: 'KeyPoints.confidence' is deprecated since 0.29.0 and will be removed in 0.32.0. Use 'KeyPoints.keypoint_confidence' instead.
SupervisionWarnings: 'KeyPoints.confidence' is deprecated since 0.29.0 and will be removed in 0.32.0. Use 'KeyPoints.keypoint_confidence' instead.
SupervisionWarnings: 'KeyPoints.confidence' is deprecated since 0.29.0 and will be removed in 0.32.0. Use 'KeyPoints.keypoint_confidence' instead.

 17%|█▋        | 240/1451 [04:02<19:10,  1.05it/s]SupervisionWarnings: 'KeyPoints.confidence' is deprecated since 0.29.0 and will be removed in 0.32.0. Use 'KeyPoints.keypoint_confidence' instead.
SupervisionWarnings: 'KeyPoints.confidence' is deprecated since 0.29.0 and will be removed in 0.32.0. Use 'KeyPoints.keypoint_confidence' instead.
SupervisionWarnings: 'KeyPoints.confidence' is deprecated since 0.29.0 and will be removed in 0.32.0. Use 'KeyPoints.keypoint_confidence' instead.
SupervisionWarnings: 'KeyPoints.confidence' is deprecated since 0.29.0 and will be removed in 0.32.0. Use 'KeyPoints.keypoint_confidence' instead.

 17%|█▋        | 241/1451 [04:03<20:59,  1.04s/it]SupervisionWarnings: 'KeyPoints.confidence' is deprecated since 0.29.0 and will be removed in 0.32.0. Use 'KeyPoints.keypoint_confidence' instead.
SupervisionWarnings: 'KeyPoints.confidence' is deprecated since 0.29.0 and will be removed in 0.32.0. Use 'KeyPoints.keypoint_confidence' instead.
SupervisionWarnings: 'KeyPoints.confidence' is deprecated since 0.29.0 and will be removed in 0.32.0. Use 'KeyPoints.keypoint_confidence' instead.
SupervisionWarnings: 'KeyPoints.confidence' is deprecated since 0.29.0 and will be removed in 0.32.0. Use 'KeyPoints.keypoint_confidence' instead.

 17%|█▋        | 242/1451 [04:05<22:22,  1.11s/it]SupervisionWarnings: 'KeyPoints.confidence' is deprecated since 0.29.0 and will be removed in 0.32.0. Use 'KeyPoints.keypoint_confidence' instead.
SupervisionWarnings: 'KeyPoints.confidence' is deprecated since 0.29.0 and will be removed in 0.32.0. Use 'KeyPoints.keypoint_confidence' instead.
SupervisionWarnings: 'KeyPoints.confidence' is deprecated since 0.29.0 and will be removed in 0.32.0. Use 'KeyPoints.keypoint_confidence' instead.
SupervisionWarnings: 'KeyPoints.confidence' is deprecated since 0.29.0 and will be removed in 0.32.0. Use 'KeyPoints.keypoint_confidence' instead.

 17%|█▋        | 243/1451 [04:06<22:57,  1.14s/it]SupervisionWarnings: 'KeyPoints.confidence' is deprecated since 0.29.0 and will be removed in 0.32.0. Use 'KeyPoints.keypoint_confidence' instead.
SupervisionWarnings: 'KeyPoints.confidence' is deprecated since 0.29.0 and will be removed in 0.32.0. Use 'KeyPoints.keypoint_confidence' instead.
SupervisionWarnings: 'KeyPoints.confidence' is deprecated since 0.29.0 and will be removed in 0.32.0. Use 'KeyPoints.keypoint_confidence' instead.
SupervisionWarnings: 'KeyPoints.confidence' is deprecated since 0.29.0 and will be removed in 0.32.0. Use 'KeyPoints.keypoint_confidence' instead.

 17%|█▋        | 244/1451 [04:07<20:51,  1.04s/it]SupervisionWarnings: 'KeyPoints.confidence' is deprecated since 0.29.0 and will be removed in 0.32.0. Use 'KeyPoints.keypoint_confidence' instead.
SupervisionWarnings: 'KeyPoints.confidence' is deprecated since 0.29.0 and will be removed in 0.32.0. Use 'KeyPoints.keypoint_confidence' instead.
SupervisionWarnings: 'KeyPoints.confidence' is deprecated since 0.29.0 and will be removed in 0.32.0. Use 'KeyPoints.keypoint_confidence' instead.
SupervisionWarnings: 'KeyPoints.confidence' is deprecated since 0.29.0 and will be removed in 0.32.0. Use 'KeyPoints.keypoint_confidence' instead.

 17%|█▋        | 245/1451 [04:08<21:55,  1.09s/it]SupervisionWarnings: 'KeyPoints.confidence' is deprecated since 0.29.0 and will be removed in 0.32.0. Use 'KeyPoints.keypoint_confidence' instead.
SupervisionWarnings: 'KeyPoints.confidence' is deprecated since 0.29.0 and will be removed in 0.32.0. Use 'KeyPoints.keypoint_confidence' instead.
SupervisionWarnings: 'KeyPoints.confidence' is deprecated since 0.29.0 and will be removed in 0.32.0. Use 'KeyPoints.keypoint_confidence' instead.
SupervisionWarnings: 'KeyPoints.confidence' is deprecated since 0.29.0 and will be removed in 0.32.0. Use 'KeyPoints.keypoint_confidence' instead.

 17%|█▋        | 246/1451 [04:09<22:43,  1.13s/it]SupervisionWarnings: 'KeyPoints.confidence' is deprecated since 0.29.0 and will be removed in 0.32.0. Use 'KeyPoints.keypoint_confidence' instead.
SupervisionWarnings: 'KeyPoints.confidence' is deprecated since 0.29.0 and will be removed in 0.32.0. Use 'KeyPoints.keypoint_confidence' instead.
SupervisionWarnings: 'KeyPoints.confidence' is deprecated since 0.29.0 and will be removed in 0.32.0. Use 'KeyPoints.keypoint_confidence' instead.
SupervisionWarnings: 'KeyPoints.confidence' is deprecated since 0.29.0 and will be removed in 0.32.0. Use 'KeyPoints.keypoint_confidence' instead.

 17%|█▋        | 247/1451 [04:10<20:50,  1.04s/it]SupervisionWarnings: 'KeyPoints.confidence' is deprecated since 0.29.0 and will be removed in 0.32.0. Use 'KeyPoints.keypoint_confidence' instead.
SupervisionWarnings: 'KeyPoints.confidence' is deprecated since 0.29.0 and will be removed in 0.32.0. Use 'KeyPoints.keypoint_confidence' instead.
SupervisionWarnings: 'KeyPoints.confidence' is deprecated since 0.29.0 and will be removed in 0.32.0. Use 'KeyPoints.keypoint_confidence' instead.
SupervisionWarnings: 'KeyPoints.confidence' is deprecated since 0.29.0 and will be removed in 0.32.0. Use 'KeyPoints.keypoint_confidence' instead.

 17%|█▋        | 248/1451 [04:11<21:50,  1.09s/it]SupervisionWarnings: 'KeyPoints.confidence' is deprecated since 0.29.0 and will be removed in 0.32.0. Use 'KeyPoints.keypoint_confidence' instead.
SupervisionWarnings: 'KeyPoints.confidence' is deprecated since 0.29.0 and will be removed in 0.32.0. Use 'KeyPoints.keypoint_confidence' instead.
SupervisionWarnings: 'KeyPoints.confidence' is deprecated since 0.29.0 and will be removed in 0.32.0. Use 'KeyPoints.keypoint_confidence' instead.
SupervisionWarnings: 'KeyPoints.confidence' is deprecated since 0.29.0 and will be removed in 0.32.0. Use 'KeyPoints.keypoint_confidence' instead.

 17%|█▋        | 249/1451 [04:12<23:25,  1.17s/it]SupervisionWarnings: 'KeyPoints.confidence' is deprecated since 0.29.0 and will be removed in 0.32.0. Use 'KeyPoints.keypoint_confidence' instead.
SupervisionWarnings: 'KeyPoints.confidence' is deprecated since 0.29.0 and will be removed in 0.32.0. Use 'KeyPoints.keypoint_confidence' instead.
SupervisionWarnings: 'KeyPoints.confidence' is deprecated since 0.29.0 and will be removed in 0.32.0. Use 'KeyPoints.keypoint_confidence' instead.
SupervisionWarnings: 'KeyPoints.confidence' is deprecated since 0.29.0 and will be removed in 0.32.0. Use 'KeyPoints.keypoint_confidence' instead.

 17%|█▋        | 250/1451 [04:13<22:36,  1.13s/it]SupervisionWarnings: 'KeyPoints.confidence' is deprecated since 0.29.0 and will be removed in 0.32.0. Use 'KeyPoints.keypoint_confidence' instead.
SupervisionWarnings: 'KeyPoints.confidence' is deprecated since 0.29.0 and will be removed in 0.32.0. Use 'KeyPoints.keypoint_confidence' instead.
SupervisionWarnings: 'KeyPoints.confidence' is deprecated since 0.29.0 and will be removed in 0.32.0. Use 'KeyPoints.keypoint_confidence' instead.
SupervisionWarnings: 'KeyPoints.confidence' is deprecated since 0.29.0 and will be removed in 0.32.0. Use 'KeyPoints.keypoint_confidence' instead.

 17%|█▋        | 251/1451 [04:15<24:01,  1.20s/it]SupervisionWarnings: 'KeyPoints.confidence' is deprecated since 0.29.0 and will be removed in 0.32.0. Use 'KeyPoints.keypoint_confidence' instead.
SupervisionWarnings: 'KeyPoints.confidence' is deprecated since 0.29.0 and will be removed in 0.32.0. Use 'KeyPoints.keypoint_confidence' instead.
SupervisionWarnings: 'KeyPoints.confidence' is deprecated since 0.29.0 and will be removed in 0.32.0. Use 'KeyPoints.keypoint_confidence' instead.
SupervisionWarnings: 'KeyPoints.confidence' is deprecated since 0.29.0 and will be removed in 0.32.0. Use 'KeyPoints.keypoint_confidence' instead.

 17%|█▋        | 252/1451 [04:16<24:00,  1.20s/it]SupervisionWarnings: 'KeyPoints.confidence' is deprecated since 0.29.0 and will be removed in 0.32.0. Use 'KeyPoints.keypoint_confidence' instead.
SupervisionWarnings: 'KeyPoints.confidence' is deprecated since 0.29.0 and will be removed in 0.32.0. Use 'KeyPoints.keypoint_confidence' instead.
SupervisionWarnings: 'KeyPoints.confidence' is deprecated since 0.29.0 and will be removed in 0.32.0. Use 'KeyPoints.keypoint_confidence' instead.
SupervisionWarnings: 'KeyPoints.confidence' is deprecated since 0.29.0 and will be removed in 0.32.0. Use 'KeyPoints.keypoint_confidence' instead.

 17%|█▋        | 253/1451 [04:17<24:14,  1.21s/it]SupervisionWarnings: 'KeyPoints.confidence' is deprecated since 0.29.0 and will be removed in 0.32.0. Use 'KeyPoints.keypoint_confidence' instead.
SupervisionWarnings: 'KeyPoints.confidence' is deprecated since 0.29.0 and will be removed in 0.32.0. Use 'KeyPoints.keypoint_confidence' instead.
SupervisionWarnings: 'KeyPoints.confidence' is deprecated since 0.29.0 and will be removed in 0.32.0. Use 'KeyPoints.keypoint_confidence' instead.
SupervisionWarnings: 'KeyPoints.confidence' is deprecated since 0.29.0 and will be removed in 0.32.0. Use 'KeyPoints.keypoint_confidence' instead.

 18%|█▊        | 254/1451 [04:18<24:17,  1.22s/it]SupervisionWarnings: 'KeyPoints.confidence' is deprecated since 0.29.0 and will be removed in 0.32.0. Use 'KeyPoints.keypoint_confidence' instead.
SupervisionWarnings: 'KeyPoints.confidence' is deprecated since 0.29.0 and will be removed in 0.32.0. Use 'KeyPoints.keypoint_confidence' instead.
SupervisionWarnings: 'KeyPoints.confidence' is deprecated since 0.29.0 and will be removed in 0.32.0. Use 'KeyPoints.keypoint_confidence' instead.
SupervisionWarnings: 'KeyPoints.confidence' is deprecated since 0.29.0 and will be removed in 0.32.0. Use 'KeyPoints.keypoint_confidence' instead.

 18%|█▊        | 255/1451 [04:19<21:50,  1.10s/it]SupervisionWarnings: 'KeyPoints.confidence' is deprecated since 0.29.0 and will be removed in 0.32.0. Use 'KeyPoints.keypoint_confidence' instead.
SupervisionWarnings: 'KeyPoints.confidence' is deprecated since 0.29.0 and will be removed in 0.32.0. Use 'KeyPoints.keypoint_confidence' instead.
SupervisionWarnings: 'KeyPoints.confidence' is deprecated since 0.29.0 and will be removed in 0.32.0. Use 'KeyPoints.keypoint_confidence' instead.
SupervisionWarnings: 'KeyPoints.confidence' is deprecated since 0.29.0 and will be removed in 0.32.0. Use 'KeyPoints.keypoint_confidence' instead.

 18%|█▊        | 256/1451 [04:20<22:31,  1.13s/it]SupervisionWarnings: 'KeyPoints.confidence' is deprecated since 0.29.0 and will be removed in 0.32.0. Use 'KeyPoints.keypoint_confidence' instead.
SupervisionWarnings: 'KeyPoints.confidence' is deprecated since 0.29.0 and will be removed in 0.32.0. Use 'KeyPoints.keypoint_confidence' instead.
SupervisionWarnings: 'KeyPoints.confidence' is deprecated since 0.29.0 and will be removed in 0.32.0. Use 'KeyPoints.keypoint_confidence' instead.
SupervisionWarnings: 'KeyPoints.confidence' is deprecated since 0.29.0 and will be removed in 0.32.0. Use 'KeyPoints.keypoint_confidence' instead.

 18%|█▊        | 257/1451 [04:22<23:02,  1.16s/it]SupervisionWarnings: 'KeyPoints.confidence' is deprecated since 0.29.0 and will be removed in 0.32.0. Use 'KeyPoints.keypoint_confidence' instead.
SupervisionWarnings: 'KeyPoints.confidence' is deprecated since 0.29.0 and will be removed in 0.32.0. Use 'KeyPoints.keypoint_confidence' instead.
SupervisionWarnings: 'KeyPoints.confidence' is deprecated since 0.29.0 and will be removed in 0.32.0. Use 'KeyPoints.keypoint_confidence' instead.
SupervisionWarnings: 'KeyPoints.confidence' is deprecated since 0.29.0 and will be removed in 0.32.0. Use 'KeyPoints.keypoint_confidence' instead.

 18%|█▊        | 258/1451 [04:23<23:24,  1.18s/it]SupervisionWarnings: 'KeyPoints.confidence' is deprecated since 0.29.0 and will be removed in 0.32.0. Use 'KeyPoints.keypoint_confidence' instead.
SupervisionWarnings: 'KeyPoints.confidence' is deprecated since 0.29.0 and will be removed in 0.32.0. Use 'KeyPoints.keypoint_confidence' instead.
SupervisionWarnings: 'KeyPoints.confidence' is deprecated since 0.29.0 and will be removed in 0.32.0. Use 'KeyPoints.keypoint_confidence' instead.
SupervisionWarnings: 'KeyPoints.confidence' is deprecated since 0.29.0 and will be removed in 0.32.0. Use 'KeyPoints.keypoint_confidence' instead.

 18%|█▊        | 259/1451 [04:24<23:45,  1.20s/it]SupervisionWarnings: 'KeyPoints.confidence' is deprecated since 0.29.0 and will be removed in 0.32.0. Use 'KeyPoints.keypoint_confidence' instead.
SupervisionWarnings: 'KeyPoints.confidence' is deprecated since 0.29.0 and will be removed in 0.32.0. Use 'KeyPoints.keypoint_confidence' instead.
SupervisionWarnings: 'KeyPoints.confidence' is deprecated since 0.29.0 and will be removed in 0.32.0. Use 'KeyPoints.keypoint_confidence' instead.
SupervisionWarnings: 'KeyPoints.confidence' is deprecated since 0.29.0 and will be removed in 0.32.0. Use 'KeyPoints.keypoint_confidence' instead.

 18%|█▊        | 260/1451 [04:26<24:53,  1.25s/it]SupervisionWarnings: 'KeyPoints.confidence' is deprecated since 0.29.0 and will be removed in 0.32.0. Use 'KeyPoints.keypoint_confidence' instead.
SupervisionWarnings: 'KeyPoints.confidence' is deprecated since 0.29.0 and will be removed in 0.32.0. Use 'KeyPoints.keypoint_confidence' instead.
SupervisionWarnings: 'KeyPoints.confidence' is deprecated since 0.29.0 and will be removed in 0.32.0. Use 'KeyPoints.keypoint_confidence' instead.
SupervisionWarnings: 'KeyPoints.confidence' is deprecated since 0.29.0 and will be removed in 0.32.0. Use 'KeyPoints.keypoint_confidence' instead.

 18%|█▊        | 261/1451 [04:27<26:33,  1.34s/it]SupervisionWarnings: 'KeyPoints.confidence' is deprecated since 0.29.0 and will be removed in 0.32.0. Use 'KeyPoints.keypoint_confidence' instead.
SupervisionWarnings: 'KeyPoints.confidence' is deprecated since 0.29.0 and will be removed in 0.32.0. Use 'KeyPoints.keypoint_confidence' instead.
SupervisionWarnings: 'KeyPoints.confidence' is deprecated since 0.29.0 and will be removed in 0.32.0. Use 'KeyPoints.keypoint_confidence' instead.
SupervisionWarnings: 'KeyPoints.confidence' is deprecated since 0.29.0 and will be removed in 0.32.0. Use 'KeyPoints.keypoint_confidence' instead.

 18%|█▊        | 262/1451 [04:28<26:16,  1.33s/it]SupervisionWarnings: 'KeyPoints.confidence' is deprecated since 0.29.0 and will be removed in 0.32.0. Use 'KeyPoints.keypoint_confidence' instead.
SupervisionWarnings: 'KeyPoints.confidence' is deprecated since 0.29.0 and will be removed in 0.32.0. Use 'KeyPoints.keypoint_confidence' instead.
SupervisionWarnings: 'KeyPoints.confidence' is deprecated since 0.29.0 and will be removed in 0.32.0. Use 'KeyPoints.keypoint_confidence' instead.
SupervisionWarnings: 'KeyPoints.confidence' is deprecated since 0.29.0 and will be removed in 0.32.0. Use 'KeyPoints.keypoint_confidence' instead.

 18%|█▊        | 263/1451 [04:30<25:43,  1.30s/it]SupervisionWarnings: 'KeyPoints.confidence' is deprecated since 0.29.0 and will be removed in 0.32.0. Use 'KeyPoints.keypoint_confidence' instead.
SupervisionWarnings: 'KeyPoints.confidence' is deprecated since 0.29.0 and will be removed in 0.32.0. Use 'KeyPoints.keypoint_confidence' instead.
SupervisionWarnings: 'KeyPoints.confidence' is deprecated since 0.29.0 and will be removed in 0.32.0. Use 'KeyPoints.keypoint_confidence' instead.
SupervisionWarnings: 'KeyPoints.confidence' is deprecated since 0.29.0 and will be removed in 0.32.0. Use 'KeyPoints.keypoint_confidence' instead.

 18%|█▊        | 264/1451 [04:31<25:16,  1.28s/it]SupervisionWarnings: 'KeyPoints.confidence' is deprecated since 0.29.0 and will be removed in 0.32.0. Use 'KeyPoints.keypoint_confidence' instead.
SupervisionWarnings: 'KeyPoints.confidence' is deprecated since 0.29.0 and will be removed in 0.32.0. Use 'KeyPoints.keypoint_confidence' instead.
SupervisionWarnings: 'KeyPoints.confidence' is deprecated since 0.29.0 and will be removed in 0.32.0. Use 'KeyPoints.keypoint_confidence' instead.
SupervisionWarnings: 'KeyPoints.confidence' is deprecated since 0.29.0 and will be removed in 0.32.0. Use 'KeyPoints.keypoint_confidence' instead.

 18%|█▊        | 265/1451 [04:32<24:53,  1.26s/it]SupervisionWarnings: 'KeyPoints.confidence' is deprecated since 0.29.0 and will be removed in 0.32.0. Use 'KeyPoints.keypoint_confidence' instead.
SupervisionWarnings: 'KeyPoints.confidence' is deprecated since 0.29.0 and will be removed in 0.32.0. Use 'KeyPoints.keypoint_confidence' instead.
SupervisionWarnings: 'KeyPoints.confidence' is deprecated since 0.29.0 and will be removed in 0.32.0. Use 'KeyPoints.keypoint_confidence' instead.
SupervisionWarnings: 'KeyPoints.confidence' is deprecated since 0.29.0 and will be removed in 0.32.0. Use 'KeyPoints.keypoint_confidence' instead.

 18%|█▊        | 266/1451 [04:33<24:51,  1.26s/it]SupervisionWarnings: 'KeyPoints.confidence' is deprecated since 0.29.0 and will be removed in 0.32.0. Use 'KeyPoints.keypoint_confidence' instead.
SupervisionWarnings: 'KeyPoints.confidence' is deprecated since 0.29.0 and will be removed in 0.32.0. Use 'KeyPoints.keypoint_confidence' instead.
SupervisionWarnings: 'KeyPoints.confidence' is deprecated since 0.29.0 and will be removed in 0.32.0. Use 'KeyPoints.keypoint_confidence' instead.
SupervisionWarnings: 'KeyPoints.confidence' is deprecated since 0.29.0 and will be removed in 0.32.0. Use 'KeyPoints.keypoint_confidence' instead.

 18%|█▊        | 267/1451 [04:35<24:30,  1.24s/it]SupervisionWarnings: 'KeyPoints.confidence' is deprecated since 0.29.0 and will be removed in 0.32.0. Use 'KeyPoints.keypoint_confidence' instead.
SupervisionWarnings: 'KeyPoints.confidence' is deprecated since 0.29.0 and will be removed in 0.32.0. Use 'KeyPoints.keypoint_confidence' instead.
SupervisionWarnings: 'KeyPoints.confidence' is deprecated since 0.29.0 and will be removed in 0.32.0. Use 'KeyPoints.keypoint_confidence' instead.
SupervisionWarnings: 'KeyPoints.confidence' is deprecated since 0.29.0 and will be removed in 0.32.0. Use 'KeyPoints.keypoint_confidence' instead.

 18%|█▊        | 268/1451 [04:36<24:27,  1.24s/it]SupervisionWarnings: 'KeyPoints.confidence' is deprecated since 0.29.0 and will be removed in 0.32.0. Use 'KeyPoints.keypoint_confidence' instead.
SupervisionWarnings: 'KeyPoints.confidence' is deprecated since 0.29.0 and will be removed in 0.32.0. Use 'KeyPoints.keypoint_confidence' instead.
SupervisionWarnings: 'KeyPoints.confidence' is deprecated since 0.29.0 and will be removed in 0.32.0. Use 'KeyPoints.keypoint_confidence' instead.
SupervisionWarnings: 'KeyPoints.confidence' is deprecated since 0.29.0 and will be removed in 0.32.0. Use 'KeyPoints.keypoint_confidence' instead.

 19%|█▊        | 269/1451 [04:37<22:03,  1.12s/it]SupervisionWarnings: 'KeyPoints.confidence' is deprecated since 0.29.0 and will be removed in 0.32.0. Use 'KeyPoints.keypoint_confidence' instead.
SupervisionWarnings: 'KeyPoints.confidence' is deprecated since 0.29.0 and will be removed in 0.32.0. Use 'KeyPoints.keypoint_confidence' instead.
SupervisionWarnings: 'KeyPoints.confidence' is deprecated since 0.29.0 and will be removed in 0.32.0. Use 'KeyPoints.keypoint_confidence' instead.
SupervisionWarnings: 'KeyPoints.confidence' is deprecated since 0.29.0 and will be removed in 0.32.0. Use 'KeyPoints.keypoint_confidence' instead.

 19%|█▊        | 270/1451 [04:38<23:24,  1.19s/it]SupervisionWarnings: 'KeyPoints.confidence' is deprecated since 0.29.0 and will be removed in 0.32.0. Use 'KeyPoints.keypoint_confidence' instead.
SupervisionWarnings: 'KeyPoints.confidence' is deprecated since 0.29.0 and will be removed in 0.32.0. Use 'KeyPoints.keypoint_confidence' instead.
SupervisionWarnings: 'KeyPoints.confidence' is deprecated since 0.29.0 and will be removed in 0.32.0. Use 'KeyPoints.keypoint_confidence' instead.
SupervisionWarnings: 'KeyPoints.confidence' is deprecated since 0.29.0 and will be removed in 0.32.0. Use 'KeyPoints.keypoint_confidence' instead.

 19%|█▊        | 271/1451 [04:39<24:34,  1.25s/it]SupervisionWarnings: 'KeyPoints.confidence' is deprecated since 0.29.0 and will be removed in 0.32.0. Use 'KeyPoints.keypoint_confidence' instead.
SupervisionWarnings: 'KeyPoints.confidence' is deprecated since 0.29.0 and will be removed in 0.32.0. Use 'KeyPoints.keypoint_confidence' instead.
SupervisionWarnings: 'KeyPoints.confidence' is deprecated since 0.29.0 and will be removed in 0.32.0. Use 'KeyPoints.keypoint_confidence' instead.
SupervisionWarnings: 'KeyPoints.confidence' is deprecated since 0.29.0 and will be removed in 0.32.0. Use 'KeyPoints.keypoint_confidence' instead.

 19%|█▊        | 272/1451 [04:41<25:06,  1.28s/it]SupervisionWarnings: 'KeyPoints.confidence' is deprecated since 0.29.0 and will be removed in 0.32.0. Use 'KeyPoints.keypoint_confidence' instead.
SupervisionWarnings: 'KeyPoints.confidence' is deprecated since 0.29.0 and will be removed in 0.32.0. Use 'KeyPoints.keypoint_confidence' instead.
SupervisionWarnings: 'KeyPoints.confidence' is deprecated since 0.29.0 and will be removed in 0.32.0. Use 'KeyPoints.keypoint_confidence' instead.
SupervisionWarnings: 'KeyPoints.confidence' is deprecated since 0.29.0 and will be removed in 0.32.0. Use 'KeyPoints.keypoint_confidence' instead.

 19%|█▉        | 273/1451 [04:42<24:51,  1.27s/it]SupervisionWarnings: 'KeyPoints.confidence' is deprecated since 0.29.0 and will be removed in 0.32.0. Use 'KeyPoints.keypoint_confidence' instead.
SupervisionWarnings: 'KeyPoints.confidence' is deprecated since 0.29.0 and will be removed in 0.32.0. Use 'KeyPoints.keypoint_confidence' instead.
SupervisionWarnings: 'KeyPoints.confidence' is deprecated since 0.29.0 and will be removed in 0.32.0. Use 'KeyPoints.keypoint_confidence' instead.
SupervisionWarnings: 'KeyPoints.confidence' is deprecated since 0.29.0 and will be removed in 0.32.0. Use 'KeyPoints.keypoint_confidence' instead.

 19%|█▉        | 274/1451 [04:43<22:10,  1.13s/it]SupervisionWarnings: 'KeyPoints.confidence' is deprecated since 0.29.0 and will be removed in 0.32.0. Use 'KeyPoints.keypoint_confidence' instead.
SupervisionWarnings: 'KeyPoints.confidence' is deprecated since 0.29.0 and will be removed in 0.32.0. Use 'KeyPoints.keypoint_confidence' instead.
SupervisionWarnings: 'KeyPoints.confidence' is deprecated since 0.29.0 and will be removed in 0.32.0. Use 'KeyPoints.keypoint_confidence' instead.
SupervisionWarnings: 'KeyPoints.confidence' is deprecated since 0.29.0 and will be removed in 0.32.0. Use 'KeyPoints.keypoint_confidence' instead.

 19%|█▉        | 275/1451 [04:44<22:41,  1.16s/it]SupervisionWarnings: 'KeyPoints.confidence' is deprecated since 0.29.0 and will be removed in 0.32.0. Use 'KeyPoints.keypoint_confidence' instead.
SupervisionWarnings: 'KeyPoints.confidence' is deprecated since 0.29.0 and will be removed in 0.32.0. Use 'KeyPoints.keypoint_confidence' instead.
SupervisionWarnings: 'KeyPoints.confidence' is deprecated since 0.29.0 and will be removed in 0.32.0. Use 'KeyPoints.keypoint_confidence' instead.
SupervisionWarnings: 'KeyPoints.confidence' is deprecated since 0.29.0 and will be removed in 0.32.0. Use 'KeyPoints.keypoint_confidence' instead.

 19%|█▉        | 276/1451 [04:45<23:13,  1.19s/it]SupervisionWarnings: 'KeyPoints.confidence' is deprecated since 0.29.0 and will be removed in 0.32.0. Use 'KeyPoints.keypoint_confidence' instead.
SupervisionWarnings: 'KeyPoints.confidence' is deprecated since 0.29.0 and will be removed in 0.32.0. Use 'KeyPoints.keypoint_confidence' instead.
SupervisionWarnings: 'KeyPoints.confidence' is deprecated since 0.29.0 and will be removed in 0.32.0. Use 'KeyPoints.keypoint_confidence' instead.
SupervisionWarnings: 'KeyPoints.confidence' is deprecated since 0.29.0 and will be removed in 0.32.0. Use 'KeyPoints.keypoint_confidence' instead.

 19%|█▉        | 277/1451 [04:46<23:27,  1.20s/it]SupervisionWarnings: 'KeyPoints.confidence' is deprecated since 0.29.0 and will be removed in 0.32.0. Use 'KeyPoints.keypoint_confidence' instead.
SupervisionWarnings: 'KeyPoints.confidence' is deprecated since 0.29.0 and will be removed in 0.32.0. Use 'KeyPoints.keypoint_confidence' instead.
SupervisionWarnings: 'KeyPoints.confidence' is deprecated since 0.29.0 and will be removed in 0.32.0. Use 'KeyPoints.keypoint_confidence' instead.
SupervisionWarnings: 'KeyPoints.confidence' is deprecated since 0.29.0 and will be removed in 0.32.0. Use 'KeyPoints.keypoint_confidence' instead.

 19%|█▉        | 278/1451 [04:48<23:48,  1.22s/it]SupervisionWarnings: 'KeyPoints.confidence' is deprecated since 0.29.0 and will be removed in 0.32.0. Use 'KeyPoints.keypoint_confidence' instead.
SupervisionWarnings: 'KeyPoints.confidence' is deprecated since 0.29.0 and will be removed in 0.32.0. Use 'KeyPoints.keypoint_confidence' instead.
SupervisionWarnings: 'KeyPoints.confidence' is deprecated since 0.29.0 and will be removed in 0.32.0. Use 'KeyPoints.keypoint_confidence' instead.
SupervisionWarnings: 'KeyPoints.confidence' is deprecated since 0.29.0 and will be removed in 0.32.0. Use 'KeyPoints.keypoint_confidence' instead.

 19%|█▉        | 279/1451 [04:48<21:18,  1.09s/it]SupervisionWarnings: 'KeyPoints.confidence' is deprecated since 0.29.0 and will be removed in 0.32.0. Use 'KeyPoints.keypoint_confidence' instead.
SupervisionWarnings: 'KeyPoints.confidence' is deprecated since 0.29.0 and will be removed in 0.32.0. Use 'KeyPoints.keypoint_confidence' instead.
SupervisionWarnings: 'KeyPoints.confidence' is deprecated since 0.29.0 and will be removed in 0.32.0. Use 'KeyPoints.keypoint_confidence' instead.
SupervisionWarnings: 'KeyPoints.confidence' is deprecated since 0.29.0 and will be removed in 0.32.0. Use 'KeyPoints.keypoint_confidence' instead.

 19%|█▉        | 280/1451 [04:49<19:38,  1.01s/it]SupervisionWarnings: 'KeyPoints.confidence' is deprecated since 0.29.0 and will be removed in 0.32.0. Use 'KeyPoints.keypoint_confidence' instead.
SupervisionWarnings: 'KeyPoints.confidence' is deprecated since 0.29.0 and will be removed in 0.32.0. Use 'KeyPoints.keypoint_confidence' instead.
SupervisionWarnings: 'KeyPoints.confidence' is deprecated since 0.29.0 and will be removed in 0.32.0. Use 'KeyPoints.keypoint_confidence' instead.
SupervisionWarnings: 'KeyPoints.confidence' is deprecated since 0.29.0 and will be removed in 0.32.0. Use 'KeyPoints.keypoint_confidence' instead.

 19%|█▉        | 281/1451 [04:51<21:14,  1.09s/it]SupervisionWarnings: 'KeyPoints.confidence' is deprecated since 0.29.0 and will be removed in 0.32.0. Use 'KeyPoints.keypoint_confidence' instead.
SupervisionWarnings: 'KeyPoints.confidence' is deprecated since 0.29.0 and will be removed in 0.32.0. Use 'KeyPoints.keypoint_confidence' instead.
SupervisionWarnings: 'KeyPoints.confidence' is deprecated since 0.29.0 and will be removed in 0.32.0. Use 'KeyPoints.keypoint_confidence' instead.
SupervisionWarnings: 'KeyPoints.confidence' is deprecated since 0.29.0 and will be removed in 0.32.0. Use 'KeyPoints.keypoint_confidence' instead.

 19%|█▉        | 282/1451 [04:52<23:27,  1.20s/it]SupervisionWarnings: 'KeyPoints.confidence' is deprecated since 0.29.0 and will be removed in 0.32.0. Use 'KeyPoints.keypoint_confidence' instead.
SupervisionWarnings: 'KeyPoints.confidence' is deprecated since 0.29.0 and will be removed in 0.32.0. Use 'KeyPoints.keypoint_confidence' instead.
SupervisionWarnings: 'KeyPoints.confidence' is deprecated since 0.29.0 and will be removed in 0.32.0. Use 'KeyPoints.keypoint_confidence' instead.
SupervisionWarnings: 'KeyPoints.confidence' is deprecated since 0.29.0 and will be removed in 0.32.0. Use 'KeyPoints.keypoint_confidence' instead.

 20%|█▉        | 283/1451 [04:53<24:32,  1.26s/it]SupervisionWarnings: 'KeyPoints.confidence' is deprecated since 0.29.0 and will be removed in 0.32.0. Use 'KeyPoints.keypoint_confidence' instead.
SupervisionWarnings: 'KeyPoints.confidence' is deprecated since 0.29.0 and will be removed in 0.32.0. Use 'KeyPoints.keypoint_confidence' instead.
SupervisionWarnings: 'KeyPoints.confidence' is deprecated since 0.29.0 and will be removed in 0.32.0. Use 'KeyPoints.keypoint_confidence' instead.
SupervisionWarnings: 'KeyPoints.confidence' is deprecated since 0.29.0 and will be removed in 0.32.0. Use 'KeyPoints.keypoint_confidence' instead.

 20%|█▉        | 284/1451 [04:54<21:47,  1.12s/it]SupervisionWarnings: 'KeyPoints.confidence' is deprecated since 0.29.0 and will be removed in 0.32.0. Use 'KeyPoints.keypoint_confidence' instead.
SupervisionWarnings: 'KeyPoints.confidence' is deprecated since 0.29.0 and will be removed in 0.32.0. Use 'KeyPoints.keypoint_confidence' instead.
SupervisionWarnings: 'KeyPoints.confidence' is deprecated since 0.29.0 and will be removed in 0.32.0. Use 'KeyPoints.keypoint_confidence' instead.
SupervisionWarnings: 'KeyPoints.confidence' is deprecated since 0.29.0 and will be removed in 0.32.0. Use 'KeyPoints.keypoint_confidence' instead.

 20%|█▉        | 285/1451 [04:55<22:18,  1.15s/it]SupervisionWarnings: 'KeyPoints.confidence' is deprecated since 0.29.0 and will be removed in 0.32.0. Use 'KeyPoints.keypoint_confidence' instead.
SupervisionWarnings: 'KeyPoints.confidence' is deprecated since 0.29.0 and will be removed in 0.32.0. Use 'KeyPoints.keypoint_confidence' instead.
SupervisionWarnings: 'KeyPoints.confidence' is deprecated since 0.29.0 and will be removed in 0.32.0. Use 'KeyPoints.keypoint_confidence' instead.
SupervisionWarnings: 'KeyPoints.confidence' is deprecated since 0.29.0 and will be removed in 0.32.0. Use 'KeyPoints.keypoint_confidence' instead.

 20%|█▉        | 286/1451 [04:57<22:47,  1.17s/it]SupervisionWarnings: 'KeyPoints.confidence' is deprecated since 0.29.0 and will be removed in 0.32.0. Use 'KeyPoints.keypoint_confidence' instead.
SupervisionWarnings: 'KeyPoints.confidence' is deprecated since 0.29.0 and will be removed in 0.32.0. Use 'KeyPoints.keypoint_confidence' instead.
SupervisionWarnings: 'KeyPoints.confidence' is deprecated since 0.29.0 and will be removed in 0.32.0. Use 'KeyPoints.keypoint_confidence' instead.
SupervisionWarnings: 'KeyPoints.confidence' is deprecated since 0.29.0 and will be removed in 0.32.0. Use 'KeyPoints.keypoint_confidence' instead.

 20%|█▉        | 287/1451 [04:58<22:58,  1.18s/it]SupervisionWarnings: 'KeyPoints.confidence' is deprecated since 0.29.0 and will be removed in 0.32.0. Use 'KeyPoints.keypoint_confidence' instead.
SupervisionWarnings: 'KeyPoints.confidence' is deprecated since 0.29.0 and will be removed in 0.32.0. Use 'KeyPoints.keypoint_confidence' instead.
SupervisionWarnings: 'KeyPoints.confidence' is deprecated since 0.29.0 and will be removed in 0.32.0. Use 'KeyPoints.keypoint_confidence' instead.
SupervisionWarnings: 'KeyPoints.confidence' is deprecated since 0.29.0 and will be removed in 0.32.0. Use 'KeyPoints.keypoint_confidence' instead.

 20%|█▉        | 288/1451 [04:59<20:58,  1.08s/it]SupervisionWarnings: 'KeyPoints.confidence' is deprecated since 0.29.0 and will be removed in 0.32.0. Use 'KeyPoints.keypoint_confidence' instead.
SupervisionWarnings: 'KeyPoints.confidence' is deprecated since 0.29.0 and will be removed in 0.32.0. Use 'KeyPoints.keypoint_confidence' instead.
SupervisionWarnings: 'KeyPoints.confidence' is deprecated since 0.29.0 and will be removed in 0.32.0. Use 'KeyPoints.keypoint_confidence' instead.
SupervisionWarnings: 'KeyPoints.confidence' is deprecated since 0.29.0 and will be removed in 0.32.0. Use 'KeyPoints.keypoint_confidence' instead.

 20%|█▉        | 289/1451 [05:00<19:18,  1.00it/s]SupervisionWarnings: 'KeyPoints.confidence' is deprecated since 0.29.0 and will be removed in 0.32.0. Use 'KeyPoints.keypoint_confidence' instead.
SupervisionWarnings: 'KeyPoints.confidence' is deprecated since 0.29.0 and will be removed in 0.32.0. Use 'KeyPoints.keypoint_confidence' instead.
SupervisionWarnings: 'KeyPoints.confidence' is deprecated since 0.29.0 and will be removed in 0.32.0. Use 'KeyPoints.keypoint_confidence' instead.
SupervisionWarnings: 'KeyPoints.confidence' is deprecated since 0.29.0 and will be removed in 0.32.0. Use 'KeyPoints.keypoint_confidence' instead.

 20%|█▉        | 290/1451 [05:00<18:05,  1.07it/s]SupervisionWarnings: 'KeyPoints.confidence' is deprecated since 0.29.0 and will be removed in 0.32.0. Use 'KeyPoints.keypoint_confidence' instead.
SupervisionWarnings: 'KeyPoints.confidence' is deprecated since 0.29.0 and will be removed in 0.32.0. Use 'KeyPoints.keypoint_confidence' instead.
SupervisionWarnings: 'KeyPoints.confidence' is deprecated since 0.29.0 and will be removed in 0.32.0. Use 'KeyPoints.keypoint_confidence' instead.
SupervisionWarnings: 'KeyPoints.confidence' is deprecated since 0.29.0 and will be removed in 0.32.0. Use 'KeyPoints.keypoint_confidence' instead.

 20%|██        | 291/1451 [05:02<19:41,  1.02s/it]SupervisionWarnings: 'KeyPoints.confidence' is deprecated since 0.29.0 and will be removed in 0.32.0. Use 'KeyPoints.keypoint_confidence' instead.
SupervisionWarnings: 'KeyPoints.confidence' is deprecated since 0.29.0 and will be removed in 0.32.0. Use 'KeyPoints.keypoint_confidence' instead.
SupervisionWarnings: 'KeyPoints.confidence' is deprecated since 0.29.0 and will be removed in 0.32.0. Use 'KeyPoints.keypoint_confidence' instead.
SupervisionWarnings: 'KeyPoints.confidence' is deprecated since 0.29.0 and will be removed in 0.32.0. Use 'KeyPoints.keypoint_confidence' instead.

 20%|██        | 292/1451 [05:03<21:03,  1.09s/it]SupervisionWarnings: 'KeyPoints.confidence' is deprecated since 0.29.0 and will be removed in 0.32.0. Use 'KeyPoints.keypoint_confidence' instead.
SupervisionWarnings: 'KeyPoints.confidence' is deprecated since 0.29.0 and will be removed in 0.32.0. Use 'KeyPoints.keypoint_confidence' instead.
SupervisionWarnings: 'KeyPoints.confidence' is deprecated since 0.29.0 and will be removed in 0.32.0. Use 'KeyPoints.keypoint_confidence' instead.
SupervisionWarnings: 'KeyPoints.confidence' is deprecated since 0.29.0 and will be removed in 0.32.0. Use 'KeyPoints.keypoint_confidence' instead.

 20%|██        | 293/1451 [05:04<20:03,  1.04s/it]SupervisionWarnings: 'KeyPoints.confidence' is deprecated since 0.29.0 and will be removed in 0.32.0. Use 'KeyPoints.keypoint_confidence' instead.
SupervisionWarnings: 'KeyPoints.confidence' is deprecated since 0.29.0 and will be removed in 0.32.0. Use 'KeyPoints.keypoint_confidence' instead.
SupervisionWarnings: 'KeyPoints.confidence' is deprecated since 0.29.0 and will be removed in 0.32.0. Use 'KeyPoints.keypoint_confidence' instead.
SupervisionWarnings: 'KeyPoints.confidence' is deprecated since 0.29.0 and will be removed in 0.32.0. Use 'KeyPoints.keypoint_confidence' instead.

 20%|██        | 294/1451 [05:05<22:34,  1.17s/it]SupervisionWarnings: 'KeyPoints.confidence' is deprecated since 0.29.0 and will be removed in 0.32.0. Use 'KeyPoints.keypoint_confidence' instead.
SupervisionWarnings: 'KeyPoints.confidence' is deprecated since 0.29.0 and will be removed in 0.32.0. Use 'KeyPoints.keypoint_confidence' instead.
SupervisionWarnings: 'KeyPoints.confidence' is deprecated since 0.29.0 and will be removed in 0.32.0. Use 'KeyPoints.keypoint_confidence' instead.
SupervisionWarnings: 'KeyPoints.confidence' is deprecated since 0.29.0 and will be removed in 0.32.0. Use 'KeyPoints.keypoint_confidence' instead.

 20%|██        | 295/1451 [05:07<23:46,  1.23s/it]SupervisionWarnings: 'KeyPoints.confidence' is deprecated since 0.29.0 and will be removed in 0.32.0. Use 'KeyPoints.keypoint_confidence' instead.
SupervisionWarnings: 'KeyPoints.confidence' is deprecated since 0.29.0 and will be removed in 0.32.0. Use 'KeyPoints.keypoint_confidence' instead.
SupervisionWarnings: 'KeyPoints.confidence' is deprecated since 0.29.0 and will be removed in 0.32.0. Use 'KeyPoints.keypoint_confidence' instead.
SupervisionWarnings: 'KeyPoints.confidence' is deprecated since 0.29.0 and will be removed in 0.32.0. Use 'KeyPoints.keypoint_confidence' instead.

 20%|██        | 296/1451 [05:08<23:40,  1.23s/it]SupervisionWarnings: 'KeyPoints.confidence' is deprecated since 0.29.0 and will be removed in 0.32.0. Use 'KeyPoints.keypoint_confidence' instead.
SupervisionWarnings: 'KeyPoints.confidence' is deprecated since 0.29.0 and will be removed in 0.32.0. Use 'KeyPoints.keypoint_confidence' instead.
SupervisionWarnings: 'KeyPoints.confidence' is deprecated since 0.29.0 and will be removed in 0.32.0. Use 'KeyPoints.keypoint_confidence' instead.
SupervisionWarnings: 'KeyPoints.confidence' is deprecated since 0.29.0 and will be removed in 0.32.0. Use 'KeyPoints.keypoint_confidence' instead.

 20%|██        | 297/1451 [05:09<23:40,  1.23s/it]SupervisionWarnings: 'KeyPoints.confidence' is deprecated since 0.29.0 and will be removed in 0.32.0. Use 'KeyPoints.keypoint_confidence' instead.
SupervisionWarnings: 'KeyPoints.confidence' is deprecated since 0.29.0 and will be removed in 0.32.0. Use 'KeyPoints.keypoint_confidence' instead.
SupervisionWarnings: 'KeyPoints.confidence' is deprecated since 0.29.0 and will be removed in 0.32.0. Use 'KeyPoints.keypoint_confidence' instead.
SupervisionWarnings: 'KeyPoints.confidence' is deprecated since 0.29.0 and will be removed in 0.32.0. Use 'KeyPoints.keypoint_confidence' instead.

 21%|██        | 298/1451 [05:10<23:32,  1.23s/it]SupervisionWarnings: 'KeyPoints.confidence' is deprecated since 0.29.0 and will be removed in 0.32.0. Use 'KeyPoints.keypoint_confidence' instead.
SupervisionWarnings: 'KeyPoints.confidence' is deprecated since 0.29.0 and will be removed in 0.32.0. Use 'KeyPoints.keypoint_confidence' instead.
SupervisionWarnings: 'KeyPoints.confidence' is deprecated since 0.29.0 and will be removed in 0.32.0. Use 'KeyPoints.keypoint_confidence' instead.
SupervisionWarnings: 'KeyPoints.confidence' is deprecated since 0.29.0 and will be removed in 0.32.0. Use 'KeyPoints.keypoint_confidence' instead.

 21%|██        | 299/1451 [05:11<23:27,  1.22s/it]SupervisionWarnings: 'KeyPoints.confidence' is deprecated since 0.29.0 and will be removed in 0.32.0. Use 'KeyPoints.keypoint_confidence' instead.
SupervisionWarnings: 'KeyPoints.confidence' is deprecated since 0.29.0 and will be removed in 0.32.0. Use 'KeyPoints.keypoint_confidence' instead.
SupervisionWarnings: 'KeyPoints.confidence' is deprecated since 0.29.0 and will be removed in 0.32.0. Use 'KeyPoints.keypoint_confidence' instead.
SupervisionWarnings: 'KeyPoints.confidence' is deprecated since 0.29.0 and will be removed in 0.32.0. Use 'KeyPoints.keypoint_confidence' instead.

 21%|██        | 300/1451 [05:13<23:24,  1.22s/it]SupervisionWarnings: 'KeyPoints.confidence' is deprecated since 0.29.0 and will be removed in 0.32.0. Use 'KeyPoints.keypoint_confidence' instead.
SupervisionWarnings: 'KeyPoints.confidence' is deprecated since 0.29.0 and will be removed in 0.32.0. Use 'KeyPoints.keypoint_confidence' instead.
SupervisionWarnings: 'KeyPoints.confidence' is deprecated since 0.29.0 and will be removed in 0.32.0. Use 'KeyPoints.keypoint_confidence' instead.
SupervisionWarnings: 'KeyPoints.confidence' is deprecated since 0.29.0 and will be removed in 0.32.0. Use 'KeyPoints.keypoint_confidence' instead.

 21%|██        | 301/1451 [05:14<21:08,  1.10s/it]SupervisionWarnings: 'KeyPoints.confidence' is deprecated since 0.29.0 and will be removed in 0.32.0. Use 'KeyPoints.keypoint_confidence' instead.
SupervisionWarnings: 'KeyPoints.confidence' is deprecated since 0.29.0 and will be removed in 0.32.0. Use 'KeyPoints.keypoint_confidence' instead.
SupervisionWarnings: 'KeyPoints.confidence' is deprecated since 0.29.0 and will be removed in 0.32.0. Use 'KeyPoints.keypoint_confidence' instead.
SupervisionWarnings: 'KeyPoints.confidence' is deprecated since 0.29.0 and will be removed in 0.32.0. Use 'KeyPoints.keypoint_confidence' instead.

 21%|██        | 302/1451 [05:14<19:22,  1.01s/it]SupervisionWarnings: 'KeyPoints.confidence' is deprecated since 0.29.0 and will be removed in 0.32.0. Use 'KeyPoints.keypoint_confidence' instead.
SupervisionWarnings: 'KeyPoints.confidence' is deprecated since 0.29.0 and will be removed in 0.32.0. Use 'KeyPoints.keypoint_confidence' instead.
SupervisionWarnings: 'KeyPoints.confidence' is deprecated since 0.29.0 and will be removed in 0.32.0. Use 'KeyPoints.keypoint_confidence' instead.
SupervisionWarnings: 'KeyPoints.confidence' is deprecated since 0.29.0 and will be removed in 0.32.0. Use 'KeyPoints.keypoint_confidence' instead.

 21%|██        | 303/1451 [05:16<20:38,  1.08s/it]SupervisionWarnings: 'KeyPoints.confidence' is deprecated since 0.29.0 and will be removed in 0.32.0. Use 'KeyPoints.keypoint_confidence' instead.
SupervisionWarnings: 'KeyPoints.confidence' is deprecated since 0.29.0 and will be removed in 0.32.0. Use 'KeyPoints.keypoint_confidence' instead.
SupervisionWarnings: 'KeyPoints.confidence' is deprecated since 0.29.0 and will be removed in 0.32.0. Use 'KeyPoints.keypoint_confidence' instead.
SupervisionWarnings: 'KeyPoints.confidence' is deprecated since 0.29.0 and will be removed in 0.32.0. Use 'KeyPoints.keypoint_confidence' instead.

 21%|██        | 304/1451 [05:17<22:03,  1.15s/it]SupervisionWarnings: 'KeyPoints.confidence' is deprecated since 0.29.0 and will be removed in 0.32.0. Use 'KeyPoints.keypoint_confidence' instead.
SupervisionWarnings: 'KeyPoints.confidence' is deprecated since 0.29.0 and will be removed in 0.32.0. Use 'KeyPoints.keypoint_confidence' instead.
SupervisionWarnings: 'KeyPoints.confidence' is deprecated since 0.29.0 and will be removed in 0.32.0. Use 'KeyPoints.keypoint_confidence' instead.
SupervisionWarnings: 'KeyPoints.confidence' is deprecated since 0.29.0 and will be removed in 0.32.0. Use 'KeyPoints.keypoint_confidence' instead.

 21%|██        | 305/1451 [05:18<24:10,  1.27s/it]SupervisionWarnings: 'KeyPoints.confidence' is deprecated since 0.29.0 and will be removed in 0.32.0. Use 'KeyPoints.keypoint_confidence' instead.
SupervisionWarnings: 'KeyPoints.confidence' is deprecated since 0.29.0 and will be removed in 0.32.0. Use 'KeyPoints.keypoint_confidence' instead.
SupervisionWarnings: 'KeyPoints.confidence' is deprecated since 0.29.0 and will be removed in 0.32.0. Use 'KeyPoints.keypoint_confidence' instead.
SupervisionWarnings: 'KeyPoints.confidence' is deprecated since 0.29.0 and will be removed in 0.32.0. Use 'KeyPoints.keypoint_confidence' instead.

 21%|██        | 306/1451 [05:20<24:49,  1.30s/it]SupervisionWarnings: 'KeyPoints.confidence' is deprecated since 0.29.0 and will be removed in 0.32.0. Use 'KeyPoints.keypoint_confidence' instead.
SupervisionWarnings: 'KeyPoints.confidence' is deprecated since 0.29.0 and will be removed in 0.32.0. Use 'KeyPoints.keypoint_confidence' instead.
SupervisionWarnings: 'KeyPoints.confidence' is deprecated since 0.29.0 and will be removed in 0.32.0. Use 'KeyPoints.keypoint_confidence' instead.
SupervisionWarnings: 'KeyPoints.confidence' is deprecated since 0.29.0 and will be removed in 0.32.0. Use 'KeyPoints.keypoint_confidence' instead.

 21%|██        | 307/1451 [05:21<24:23,  1.28s/it]SupervisionWarnings: 'KeyPoints.confidence' is deprecated since 0.29.0 and will be removed in 0.32.0. Use 'KeyPoints.keypoint_confidence' instead.
SupervisionWarnings: 'KeyPoints.confidence' is deprecated since 0.29.0 and will be removed in 0.32.0. Use 'KeyPoints.keypoint_confidence' instead.
SupervisionWarnings: 'KeyPoints.confidence' is deprecated since 0.29.0 and will be removed in 0.32.0. Use 'KeyPoints.keypoint_confidence' instead.
SupervisionWarnings: 'KeyPoints.confidence' is deprecated since 0.29.0 and will be removed in 0.32.0. Use 'KeyPoints.keypoint_confidence' instead.

 21%|██        | 308/1451 [05:22<24:11,  1.27s/it]SupervisionWarnings: 'KeyPoints.confidence' is deprecated since 0.29.0 and will be removed in 0.32.0. Use 'KeyPoints.keypoint_confidence' instead.
SupervisionWarnings: 'KeyPoints.confidence' is deprecated since 0.29.0 and will be removed in 0.32.0. Use 'KeyPoints.keypoint_confidence' instead.
SupervisionWarnings: 'KeyPoints.confidence' is deprecated since 0.29.0 and will be removed in 0.32.0. Use 'KeyPoints.keypoint_confidence' instead.
SupervisionWarnings: 'KeyPoints.confidence' is deprecated since 0.29.0 and will be removed in 0.32.0. Use 'KeyPoints.keypoint_confidence' instead.

 21%|██▏       | 309/1451 [05:23<24:00,  1.26s/it]SupervisionWarnings: 'KeyPoints.confidence' is deprecated since 0.29.0 and will be removed in 0.32.0. Use 'KeyPoints.keypoint_confidence' instead.
SupervisionWarnings: 'KeyPoints.confidence' is deprecated since 0.29.0 and will be removed in 0.32.0. Use 'KeyPoints.keypoint_confidence' instead.
SupervisionWarnings: 'KeyPoints.confidence' is deprecated since 0.29.0 and will be removed in 0.32.0. Use 'KeyPoints.keypoint_confidence' instead.
SupervisionWarnings: 'KeyPoints.confidence' is deprecated since 0.29.0 and will be removed in 0.32.0. Use 'KeyPoints.keypoint_confidence' instead.

 21%|██▏       | 310/1451 [05:25<23:47,  1.25s/it]SupervisionWarnings: 'KeyPoints.confidence' is deprecated since 0.29.0 and will be removed in 0.32.0. Use 'KeyPoints.keypoint_confidence' instead.
SupervisionWarnings: 'KeyPoints.confidence' is deprecated since 0.29.0 and will be removed in 0.32.0. Use 'KeyPoints.keypoint_confidence' instead.
SupervisionWarnings: 'KeyPoints.confidence' is deprecated since 0.29.0 and will be removed in 0.32.0. Use 'KeyPoints.keypoint_confidence' instead.
SupervisionWarnings: 'KeyPoints.confidence' is deprecated since 0.29.0 and will be removed in 0.32.0. Use 'KeyPoints.keypoint_confidence' instead.

 21%|██▏       | 311/1451 [05:26<21:13,  1.12s/it]SupervisionWarnings: 'KeyPoints.confidence' is deprecated since 0.29.0 and will be removed in 0.32.0. Use 'KeyPoints.keypoint_confidence' instead.
SupervisionWarnings: 'KeyPoints.confidence' is deprecated since 0.29.0 and will be removed in 0.32.0. Use 'KeyPoints.keypoint_confidence' instead.
SupervisionWarnings: 'KeyPoints.confidence' is deprecated since 0.29.0 and will be removed in 0.32.0. Use 'KeyPoints.keypoint_confidence' instead.
SupervisionWarnings: 'KeyPoints.confidence' is deprecated since 0.29.0 and will be removed in 0.32.0. Use 'KeyPoints.keypoint_confidence' instead.

 22%|██▏       | 312/1451 [05:26<19:26,  1.02s/it]SupervisionWarnings: 'KeyPoints.confidence' is deprecated since 0.29.0 and will be removed in 0.32.0. Use 'KeyPoints.keypoint_confidence' instead.
SupervisionWarnings: 'KeyPoints.confidence' is deprecated since 0.29.0 and will be removed in 0.32.0. Use 'KeyPoints.keypoint_confidence' instead.
SupervisionWarnings: 'KeyPoints.confidence' is deprecated since 0.29.0 and will be removed in 0.32.0. Use 'KeyPoints.keypoint_confidence' instead.
SupervisionWarnings: 'KeyPoints.confidence' is deprecated since 0.29.0 and will be removed in 0.32.0. Use 'KeyPoints.keypoint_confidence' instead.

 22%|██▏       | 313/1451 [05:28<20:32,  1.08s/it]SupervisionWarnings: 'KeyPoints.confidence' is deprecated since 0.29.0 and will be removed in 0.32.0. Use 'KeyPoints.keypoint_confidence' instead.
SupervisionWarnings: 'KeyPoints.confidence' is deprecated since 0.29.0 and will be removed in 0.32.0. Use 'KeyPoints.keypoint_confidence' instead.
SupervisionWarnings: 'KeyPoints.confidence' is deprecated since 0.29.0 and will be removed in 0.32.0. Use 'KeyPoints.keypoint_confidence' instead.
SupervisionWarnings: 'KeyPoints.confidence' is deprecated since 0.29.0 and will be removed in 0.32.0. Use 'KeyPoints.keypoint_confidence' instead.

 22%|██▏       | 314/1451 [05:28<19:00,  1.00s/it]SupervisionWarnings: 'KeyPoints.confidence' is deprecated since 0.29.0 and will be removed in 0.32.0. Use 'KeyPoints.keypoint_confidence' instead.
SupervisionWarnings: 'KeyPoints.confidence' is deprecated since 0.29.0 and will be removed in 0.32.0. Use 'KeyPoints.keypoint_confidence' instead.
SupervisionWarnings: 'KeyPoints.confidence' is deprecated since 0.29.0 and will be removed in 0.32.0. Use 'KeyPoints.keypoint_confidence' instead.
SupervisionWarnings: 'KeyPoints.confidence' is deprecated since 0.29.0 and will be removed in 0.32.0. Use 'KeyPoints.keypoint_confidence' instead.

 22%|██▏       | 315/1451 [05:30<21:01,  1.11s/it]SupervisionWarnings: 'KeyPoints.confidence' is deprecated since 0.29.0 and will be removed in 0.32.0. Use 'KeyPoints.keypoint_confidence' instead.
SupervisionWarnings: 'KeyPoints.confidence' is deprecated since 0.29.0 and will be removed in 0.32.0. Use 'KeyPoints.keypoint_confidence' instead.
SupervisionWarnings: 'KeyPoints.confidence' is deprecated since 0.29.0 and will be removed in 0.32.0. Use 'KeyPoints.keypoint_confidence' instead.
SupervisionWarnings: 'KeyPoints.confidence' is deprecated since 0.29.0 and will be removed in 0.32.0. Use 'KeyPoints.keypoint_confidence' instead.

 22%|██▏       | 316/1451 [05:31<23:35,  1.25s/it]SupervisionWarnings: 'KeyPoints.confidence' is deprecated since 0.29.0 and will be removed in 0.32.0. Use 'KeyPoints.keypoint_confidence' instead.
SupervisionWarnings: 'KeyPoints.confidence' is deprecated since 0.29.0 and will be removed in 0.32.0. Use 'KeyPoints.keypoint_confidence' instead.
SupervisionWarnings: 'KeyPoints.confidence' is deprecated since 0.29.0 and will be removed in 0.32.0. Use 'KeyPoints.keypoint_confidence' instead.
SupervisionWarnings: 'KeyPoints.confidence' is deprecated since 0.29.0 and will be removed in 0.32.0. Use 'KeyPoints.keypoint_confidence' instead.

 22%|██▏       | 317/1451 [05:33<24:02,  1.27s/it]SupervisionWarnings: 'KeyPoints.confidence' is deprecated since 0.29.0 and will be removed in 0.32.0. Use 'KeyPoints.keypoint_confidence' instead.
SupervisionWarnings: 'KeyPoints.confidence' is deprecated since 0.29.0 and will be removed in 0.32.0. Use 'KeyPoints.keypoint_confidence' instead.
SupervisionWarnings: 'KeyPoints.confidence' is deprecated since 0.29.0 and will be removed in 0.32.0. Use 'KeyPoints.keypoint_confidence' instead.
SupervisionWarnings: 'KeyPoints.confidence' is deprecated since 0.29.0 and will be removed in 0.32.0. Use 'KeyPoints.keypoint_confidence' instead.

 22%|██▏       | 318/1451 [05:33<21:31,  1.14s/it]SupervisionWarnings: 'KeyPoints.confidence' is deprecated since 0.29.0 and will be removed in 0.32.0. Use 'KeyPoints.keypoint_confidence' instead.
SupervisionWarnings: 'KeyPoints.confidence' is deprecated since 0.29.0 and will be removed in 0.32.0. Use 'KeyPoints.keypoint_confidence' instead.
SupervisionWarnings: 'KeyPoints.confidence' is deprecated since 0.29.0 and will be removed in 0.32.0. Use 'KeyPoints.keypoint_confidence' instead.
SupervisionWarnings: 'KeyPoints.confidence' is deprecated since 0.29.0 and will be removed in 0.32.0. Use 'KeyPoints.keypoint_confidence' instead.

 22%|██▏       | 319/1451 [05:34<19:38,  1.04s/it]SupervisionWarnings: 'KeyPoints.confidence' is deprecated since 0.29.0 and will be removed in 0.32.0. Use 'KeyPoints.keypoint_confidence' instead.
SupervisionWarnings: 'KeyPoints.confidence' is deprecated since 0.29.0 and will be removed in 0.32.0. Use 'KeyPoints.keypoint_confidence' instead.
SupervisionWarnings: 'KeyPoints.confidence' is deprecated since 0.29.0 and will be removed in 0.32.0. Use 'KeyPoints.keypoint_confidence' instead.
SupervisionWarnings: 'KeyPoints.confidence' is deprecated since 0.29.0 and will be removed in 0.32.0. Use 'KeyPoints.keypoint_confidence' instead.

 22%|██▏       | 320/1451 [05:35<20:39,  1.10s/it]SupervisionWarnings: 'KeyPoints.confidence' is deprecated since 0.29.0 and will be removed in 0.32.0. Use 'KeyPoints.keypoint_confidence' instead.
SupervisionWarnings: 'KeyPoints.confidence' is deprecated since 0.29.0 and will be removed in 0.32.0. Use 'KeyPoints.keypoint_confidence' instead.
SupervisionWarnings: 'KeyPoints.confidence' is deprecated since 0.29.0 and will be removed in 0.32.0. Use 'KeyPoints.keypoint_confidence' instead.
SupervisionWarnings: 'KeyPoints.confidence' is deprecated since 0.29.0 and will be removed in 0.32.0. Use 'KeyPoints.keypoint_confidence' instead.

 22%|██▏       | 321/1451 [05:37<21:26,  1.14s/it]SupervisionWarnings: 'KeyPoints.confidence' is deprecated since 0.29.0 and will be removed in 0.32.0. Use 'KeyPoints.keypoint_confidence' instead.
SupervisionWarnings: 'KeyPoints.confidence' is deprecated since 0.29.0 and will be removed in 0.32.0. Use 'KeyPoints.keypoint_confidence' instead.
SupervisionWarnings: 'KeyPoints.confidence' is deprecated since 0.29.0 and will be removed in 0.32.0. Use 'KeyPoints.keypoint_confidence' instead.
SupervisionWarnings: 'KeyPoints.confidence' is deprecated since 0.29.0 and will be removed in 0.32.0. Use 'KeyPoints.keypoint_confidence' instead.

 22%|██▏       | 322/1451 [05:38<19:47,  1.05s/it]SupervisionWarnings: 'KeyPoints.confidence' is deprecated since 0.29.0 and will be removed in 0.32.0. Use 'KeyPoints.keypoint_confidence' instead.
SupervisionWarnings: 'KeyPoints.confidence' is deprecated since 0.29.0 and will be removed in 0.32.0. Use 'KeyPoints.keypoint_confidence' instead.
SupervisionWarnings: 'KeyPoints.confidence' is deprecated since 0.29.0 and will be removed in 0.32.0. Use 'KeyPoints.keypoint_confidence' instead.
SupervisionWarnings: 'KeyPoints.confidence' is deprecated since 0.29.0 and will be removed in 0.32.0. Use 'KeyPoints.keypoint_confidence' instead.

 22%|██▏       | 323/1451 [05:39<20:43,  1.10s/it]SupervisionWarnings: 'KeyPoints.confidence' is deprecated since 0.29.0 and will be removed in 0.32.0. Use 'KeyPoints.keypoint_confidence' instead.
SupervisionWarnings: 'KeyPoints.confidence' is deprecated since 0.29.0 and will be removed in 0.32.0. Use 'KeyPoints.keypoint_confidence' instead.
SupervisionWarnings: 'KeyPoints.confidence' is deprecated since 0.29.0 and will be removed in 0.32.0. Use 'KeyPoints.keypoint_confidence' instead.
SupervisionWarnings: 'KeyPoints.confidence' is deprecated since 0.29.0 and will be removed in 0.32.0. Use 'KeyPoints.keypoint_confidence' instead.

 22%|██▏       | 324/1451 [05:40<21:40,  1.15s/it]SupervisionWarnings: 'KeyPoints.confidence' is deprecated since 0.29.0 and will be removed in 0.32.0. Use 'KeyPoints.keypoint_confidence' instead.
SupervisionWarnings: 'KeyPoints.confidence' is deprecated since 0.29.0 and will be removed in 0.32.0. Use 'KeyPoints.keypoint_confidence' instead.
SupervisionWarnings: 'KeyPoints.confidence' is deprecated since 0.29.0 and will be removed in 0.32.0. Use 'KeyPoints.keypoint_confidence' instead.
SupervisionWarnings: 'KeyPoints.confidence' is deprecated since 0.29.0 and will be removed in 0.32.0. Use 'KeyPoints.keypoint_confidence' instead.

 22%|██▏       | 325/1451 [05:41<19:49,  1.06s/it]SupervisionWarnings: 'KeyPoints.confidence' is deprecated since 0.29.0 and will be removed in 0.32.0. Use 'KeyPoints.keypoint_confidence' instead.
SupervisionWarnings: 'KeyPoints.confidence' is deprecated since 0.29.0 and will be removed in 0.32.0. Use 'KeyPoints.keypoint_confidence' instead.
SupervisionWarnings: 'KeyPoints.confidence' is deprecated since 0.29.0 and will be removed in 0.32.0. Use 'KeyPoints.keypoint_confidence' instead.
SupervisionWarnings: 'KeyPoints.confidence' is deprecated since 0.29.0 and will be removed in 0.32.0. Use 'KeyPoints.keypoint_confidence' instead.

 22%|██▏       | 326/1451 [05:42<21:24,  1.14s/it]SupervisionWarnings: 'KeyPoints.confidence' is deprecated since 0.29.0 and will be removed in 0.32.0. Use 'KeyPoints.keypoint_confidence' instead.
SupervisionWarnings: 'KeyPoints.confidence' is deprecated since 0.29.0 and will be removed in 0.32.0. Use 'KeyPoints.keypoint_confidence' instead.
SupervisionWarnings: 'KeyPoints.confidence' is deprecated since 0.29.0 and will be removed in 0.32.0. Use 'KeyPoints.keypoint_confidence' instead.
SupervisionWarnings: 'KeyPoints.confidence' is deprecated since 0.29.0 and will be removed in 0.32.0. Use 'KeyPoints.keypoint_confidence' instead.

 23%|██▎       | 327/1451 [05:43<20:58,  1.12s/it]SupervisionWarnings: 'KeyPoints.confidence' is deprecated since 0.29.0 and will be removed in 0.32.0. Use 'KeyPoints.keypoint_confidence' instead.
SupervisionWarnings: 'KeyPoints.confidence' is deprecated since 0.29.0 and will be removed in 0.32.0. Use 'KeyPoints.keypoint_confidence' instead.
SupervisionWarnings: 'KeyPoints.confidence' is deprecated since 0.29.0 and will be removed in 0.32.0. Use 'KeyPoints.keypoint_confidence' instead.
SupervisionWarnings: 'KeyPoints.confidence' is deprecated since 0.29.0 and will be removed in 0.32.0. Use 'KeyPoints.keypoint_confidence' instead.

 23%|██▎       | 328/1451 [05:45<23:04,  1.23s/it]SupervisionWarnings: 'KeyPoints.confidence' is deprecated since 0.29.0 and will be removed in 0.32.0. Use 'KeyPoints.keypoint_confidence' instead.
SupervisionWarnings: 'KeyPoints.confidence' is deprecated since 0.29.0 and will be removed in 0.32.0. Use 'KeyPoints.keypoint_confidence' instead.
SupervisionWarnings: 'KeyPoints.confidence' is deprecated since 0.29.0 and will be removed in 0.32.0. Use 'KeyPoints.keypoint_confidence' instead.
SupervisionWarnings: 'KeyPoints.confidence' is deprecated since 0.29.0 and will be removed in 0.32.0. Use 'KeyPoints.keypoint_confidence' instead.

 23%|██▎       | 329/1451 [05:46<23:03,  1.23s/it]SupervisionWarnings: 'KeyPoints.confidence' is deprecated since 0.29.0 and will be removed in 0.32.0. Use 'KeyPoints.keypoint_confidence' instead.
SupervisionWarnings: 'KeyPoints.confidence' is deprecated since 0.29.0 and will be removed in 0.32.0. Use 'KeyPoints.keypoint_confidence' instead.
SupervisionWarnings: 'KeyPoints.confidence' is deprecated since 0.29.0 and will be removed in 0.32.0. Use 'KeyPoints.keypoint_confidence' instead.
SupervisionWarnings: 'KeyPoints.confidence' is deprecated since 0.29.0 and will be removed in 0.32.0. Use 'KeyPoints.keypoint_confidence' instead.

 23%|██▎       | 330/1451 [05:47<23:07,  1.24s/it]SupervisionWarnings: 'KeyPoints.confidence' is deprecated since 0.29.0 and will be removed in 0.32.0. Use 'KeyPoints.keypoint_confidence' instead.
SupervisionWarnings: 'KeyPoints.confidence' is deprecated since 0.29.0 and will be removed in 0.32.0. Use 'KeyPoints.keypoint_confidence' instead.
SupervisionWarnings: 'KeyPoints.confidence' is deprecated since 0.29.0 and will be removed in 0.32.0. Use 'KeyPoints.keypoint_confidence' instead.
SupervisionWarnings: 'KeyPoints.confidence' is deprecated since 0.29.0 and will be removed in 0.32.0. Use 'KeyPoints.keypoint_confidence' instead.

 23%|██▎       | 331/1451 [05:49<23:35,  1.26s/it]SupervisionWarnings: 'KeyPoints.confidence' is deprecated since 0.29.0 and will be removed in 0.32.0. Use 'KeyPoints.keypoint_confidence' instead.
SupervisionWarnings: 'KeyPoints.confidence' is deprecated since 0.29.0 and will be removed in 0.32.0. Use 'KeyPoints.keypoint_confidence' instead.
SupervisionWarnings: 'KeyPoints.confidence' is deprecated since 0.29.0 and will be removed in 0.32.0. Use 'KeyPoints.keypoint_confidence' instead.
SupervisionWarnings: 'KeyPoints.confidence' is deprecated since 0.29.0 and will be removed in 0.32.0. Use 'KeyPoints.keypoint_confidence' instead.

 23%|██▎       | 332/1451 [05:50<23:19,  1.25s/it]SupervisionWarnings: 'KeyPoints.confidence' is deprecated since 0.29.0 and will be removed in 0.32.0. Use 'KeyPoints.keypoint_confidence' instead.
SupervisionWarnings: 'KeyPoints.confidence' is deprecated since 0.29.0 and will be removed in 0.32.0. Use 'KeyPoints.keypoint_confidence' instead.
SupervisionWarnings: 'KeyPoints.confidence' is deprecated since 0.29.0 and will be removed in 0.32.0. Use 'KeyPoints.keypoint_confidence' instead.
SupervisionWarnings: 'KeyPoints.confidence' is deprecated since 0.29.0 and will be removed in 0.32.0. Use 'KeyPoints.keypoint_confidence' instead.

 23%|██▎       | 333/1451 [05:51<23:13,  1.25s/it]SupervisionWarnings: 'KeyPoints.confidence' is deprecated since 0.29.0 and will be removed in 0.32.0. Use 'KeyPoints.keypoint_confidence' instead.
SupervisionWarnings: 'KeyPoints.confidence' is deprecated since 0.29.0 and will be removed in 0.32.0. Use 'KeyPoints.keypoint_confidence' instead.
SupervisionWarnings: 'KeyPoints.confidence' is deprecated since 0.29.0 and will be removed in 0.32.0. Use 'KeyPoints.keypoint_confidence' instead.
SupervisionWarnings: 'KeyPoints.confidence' is deprecated since 0.29.0 and will be removed in 0.32.0. Use 'KeyPoints.keypoint_confidence' instead.

 23%|██▎       | 334/1451 [05:52<23:08,  1.24s/it]SupervisionWarnings: 'KeyPoints.confidence' is deprecated since 0.29.0 and will be removed in 0.32.0. Use 'KeyPoints.keypoint_confidence' instead.
SupervisionWarnings: 'KeyPoints.confidence' is deprecated since 0.29.0 and will be removed in 0.32.0. Use 'KeyPoints.keypoint_confidence' instead.
SupervisionWarnings: 'KeyPoints.confidence' is deprecated since 0.29.0 and will be removed in 0.32.0. Use 'KeyPoints.keypoint_confidence' instead.
SupervisionWarnings: 'KeyPoints.confidence' is deprecated since 0.29.0 and will be removed in 0.32.0. Use 'KeyPoints.keypoint_confidence' instead.

 23%|██▎       | 335/1451 [05:54<22:59,  1.24s/it]SupervisionWarnings: 'KeyPoints.confidence' is deprecated since 0.29.0 and will be removed in 0.32.0. Use 'KeyPoints.keypoint_confidence' instead.
SupervisionWarnings: 'KeyPoints.confidence' is deprecated since 0.29.0 and will be removed in 0.32.0. Use 'KeyPoints.keypoint_confidence' instead.
SupervisionWarnings: 'KeyPoints.confidence' is deprecated since 0.29.0 and will be removed in 0.32.0. Use 'KeyPoints.keypoint_confidence' instead.
SupervisionWarnings: 'KeyPoints.confidence' is deprecated since 0.29.0 and will be removed in 0.32.0. Use 'KeyPoints.keypoint_confidence' instead.

 23%|██▎       | 336/1451 [05:55<22:56,  1.23s/it]SupervisionWarnings: 'KeyPoints.confidence' is deprecated since 0.29.0 and will be removed in 0.32.0. Use 'KeyPoints.keypoint_confidence' instead.
SupervisionWarnings: 'KeyPoints.confidence' is deprecated since 0.29.0 and will be removed in 0.32.0. Use 'KeyPoints.keypoint_confidence' instead.
SupervisionWarnings: 'KeyPoints.confidence' is deprecated since 0.29.0 and will be removed in 0.32.0. Use 'KeyPoints.keypoint_confidence' instead.
SupervisionWarnings: 'KeyPoints.confidence' is deprecated since 0.29.0 and will be removed in 0.32.0. Use 'KeyPoints.keypoint_confidence' instead.

 23%|██▎       | 337/1451 [05:56<23:47,  1.28s/it]SupervisionWarnings: 'KeyPoints.confidence' is deprecated since 0.29.0 and will be removed in 0.32.0. Use 'KeyPoints.keypoint_confidence' instead.
SupervisionWarnings: 'KeyPoints.confidence' is deprecated since 0.29.0 and will be removed in 0.32.0. Use 'KeyPoints.keypoint_confidence' instead.
SupervisionWarnings: 'KeyPoints.confidence' is deprecated since 0.29.0 and will be removed in 0.32.0. Use 'KeyPoints.keypoint_confidence' instead.
SupervisionWarnings: 'KeyPoints.confidence' is deprecated since 0.29.0 and will be removed in 0.32.0. Use 'KeyPoints.keypoint_confidence' instead.

 23%|██▎       | 338/1451 [05:58<25:01,  1.35s/it]SupervisionWarnings: 'KeyPoints.confidence' is deprecated since 0.29.0 and will be removed in 0.32.0. Use 'KeyPoints.keypoint_confidence' instead.
SupervisionWarnings: 'KeyPoints.confidence' is deprecated since 0.29.0 and will be removed in 0.32.0. Use 'KeyPoints.keypoint_confidence' instead.
SupervisionWarnings: 'KeyPoints.confidence' is deprecated since 0.29.0 and will be removed in 0.32.0. Use 'KeyPoints.keypoint_confidence' instead.
SupervisionWarnings: 'KeyPoints.confidence' is deprecated since 0.29.0 and will be removed in 0.32.0. Use 'KeyPoints.keypoint_confidence' instead.

 23%|██▎       | 339/1451 [05:58<22:07,  1.19s/it]SupervisionWarnings: 'KeyPoints.confidence' is deprecated since 0.29.0 and will be removed in 0.32.0. Use 'KeyPoints.keypoint_confidence' instead.
SupervisionWarnings: 'KeyPoints.confidence' is deprecated since 0.29.0 and will be removed in 0.32.0. Use 'KeyPoints.keypoint_confidence' instead.
SupervisionWarnings: 'KeyPoints.confidence' is deprecated since 0.29.0 and will be removed in 0.32.0. Use 'KeyPoints.keypoint_confidence' instead.
SupervisionWarnings: 'KeyPoints.confidence' is deprecated since 0.29.0 and will be removed in 0.32.0. Use 'KeyPoints.keypoint_confidence' instead.

 23%|██▎       | 340/1451 [05:59<20:01,  1.08s/it]SupervisionWarnings: 'KeyPoints.confidence' is deprecated since 0.29.0 and will be removed in 0.32.0. Use 'KeyPoints.keypoint_confidence' instead.
SupervisionWarnings: 'KeyPoints.confidence' is deprecated since 0.29.0 and will be removed in 0.32.0. Use 'KeyPoints.keypoint_confidence' instead.
SupervisionWarnings: 'KeyPoints.confidence' is deprecated since 0.29.0 and will be removed in 0.32.0. Use 'KeyPoints.keypoint_confidence' instead.
SupervisionWarnings: 'KeyPoints.confidence' is deprecated since 0.29.0 and will be removed in 0.32.0. Use 'KeyPoints.keypoint_confidence' instead.

 24%|██▎       | 341/1451 [06:00<18:37,  1.01s/it]SupervisionWarnings: 'KeyPoints.confidence' is deprecated since 0.29.0 and will be removed in 0.32.0. Use 'KeyPoints.keypoint_confidence' instead.
SupervisionWarnings: 'KeyPoints.confidence' is deprecated since 0.29.0 and will be removed in 0.32.0. Use 'KeyPoints.keypoint_confidence' instead.
SupervisionWarnings: 'KeyPoints.confidence' is deprecated since 0.29.0 and will be removed in 0.32.0. Use 'KeyPoints.keypoint_confidence' instead.
SupervisionWarnings: 'KeyPoints.confidence' is deprecated since 0.29.0 and will be removed in 0.32.0. Use 'KeyPoints.keypoint_confidence' instead.

 24%|██▎       | 342/1451 [06:01<17:33,  1.05it/s]SupervisionWarnings: 'KeyPoints.confidence' is deprecated since 0.29.0 and will be removed in 0.32.0. Use 'KeyPoints.keypoint_confidence' instead.
SupervisionWarnings: 'KeyPoints.confidence' is deprecated since 0.29.0 and will be removed in 0.32.0. Use 'KeyPoints.keypoint_confidence' instead.
SupervisionWarnings: 'KeyPoints.confidence' is deprecated since 0.29.0 and will be removed in 0.32.0. Use 'KeyPoints.keypoint_confidence' instead.
SupervisionWarnings: 'KeyPoints.confidence' is deprecated since 0.29.0 and will be removed in 0.32.0. Use 'KeyPoints.keypoint_confidence' instead.

 24%|██▎       | 343/1451 [06:02<16:55,  1.09it/s]SupervisionWarnings: 'KeyPoints.confidence' is deprecated since 0.29.0 and will be removed in 0.32.0. Use 'KeyPoints.keypoint_confidence' instead.
SupervisionWarnings: 'KeyPoints.confidence' is deprecated since 0.29.0 and will be removed in 0.32.0. Use 'KeyPoints.keypoint_confidence' instead.
SupervisionWarnings: 'KeyPoints.confidence' is deprecated since 0.29.0 and will be removed in 0.32.0. Use 'KeyPoints.keypoint_confidence' instead.
SupervisionWarnings: 'KeyPoints.confidence' is deprecated since 0.29.0 and will be removed in 0.32.0. Use 'KeyPoints.keypoint_confidence' instead.

 24%|██▎       | 344/1451 [06:03<16:20,  1.13it/s]SupervisionWarnings: 'KeyPoints.confidence' is deprecated since 0.29.0 and will be removed in 0.32.0. Use 'KeyPoints.keypoint_confidence' instead.
SupervisionWarnings: 'KeyPoints.confidence' is deprecated since 0.29.0 and will be removed in 0.32.0. Use 'KeyPoints.keypoint_confidence' instead.
SupervisionWarnings: 'KeyPoints.confidence' is deprecated since 0.29.0 and will be removed in 0.32.0. Use 'KeyPoints.keypoint_confidence' instead.
SupervisionWarnings: 'KeyPoints.confidence' is deprecated since 0.29.0 and will be removed in 0.32.0. Use 'KeyPoints.keypoint_confidence' instead.

 24%|██▍       | 345/1451 [06:03<15:53,  1.16it/s]SupervisionWarnings: 'KeyPoints.confidence' is deprecated since 0.29.0 and will be removed in 0.32.0. Use 'KeyPoints.keypoint_confidence' instead.
SupervisionWarnings: 'KeyPoints.confidence' is deprecated since 0.29.0 and will be removed in 0.32.0. Use 'KeyPoints.keypoint_confidence' instead.
SupervisionWarnings: 'KeyPoints.confidence' is deprecated since 0.29.0 and will be removed in 0.32.0. Use 'KeyPoints.keypoint_confidence' instead.
SupervisionWarnings: 'KeyPoints.confidence' is deprecated since 0.29.0 and will be removed in 0.32.0. Use 'KeyPoints.keypoint_confidence' instead.

 24%|██▍       | 346/1451 [06:04<15:38,  1.18it/s]SupervisionWarnings: 'KeyPoints.confidence' is deprecated since 0.29.0 and will be removed in 0.32.0. Use 'KeyPoints.keypoint_confidence' instead.
SupervisionWarnings: 'KeyPoints.confidence' is deprecated since 0.29.0 and will be removed in 0.32.0. Use 'KeyPoints.keypoint_confidence' instead.
SupervisionWarnings: 'KeyPoints.confidence' is deprecated since 0.29.0 and will be removed in 0.32.0. Use 'KeyPoints.keypoint_confidence' instead.
SupervisionWarnings: 'KeyPoints.confidence' is deprecated since 0.29.0 and will be removed in 0.32.0. Use 'KeyPoints.keypoint_confidence' instead.

 24%|██▍       | 347/1451 [06:05<15:28,  1.19it/s]SupervisionWarnings: 'KeyPoints.confidence' is deprecated since 0.29.0 and will be removed in 0.32.0. Use 'KeyPoints.keypoint_confidence' instead.
SupervisionWarnings: 'KeyPoints.confidence' is deprecated since 0.29.0 and will be removed in 0.32.0. Use 'KeyPoints.keypoint_confidence' instead.
SupervisionWarnings: 'KeyPoints.confidence' is deprecated since 0.29.0 and will be removed in 0.32.0. Use 'KeyPoints.keypoint_confidence' instead.
SupervisionWarnings: 'KeyPoints.confidence' is deprecated since 0.29.0 and will be removed in 0.32.0. Use 'KeyPoints.keypoint_confidence' instead.

 24%|██▍       | 348/1451 [06:06<15:14,  1.21it/s]SupervisionWarnings: 'KeyPoints.confidence' is deprecated since 0.29.0 and will be removed in 0.32.0. Use 'KeyPoints.keypoint_confidence' instead.
SupervisionWarnings: 'KeyPoints.confidence' is deprecated since 0.29.0 and will be removed in 0.32.0. Use 'KeyPoints.keypoint_confidence' instead.
SupervisionWarnings: 'KeyPoints.confidence' is deprecated since 0.29.0 and will be removed in 0.32.0. Use 'KeyPoints.keypoint_confidence' instead.
SupervisionWarnings: 'KeyPoints.confidence' is deprecated since 0.29.0 and will be removed in 0.32.0. Use 'KeyPoints.keypoint_confidence' instead.

 24%|██▍       | 349/1451 [06:07<15:21,  1.20it/s]SupervisionWarnings: 'KeyPoints.confidence' is deprecated since 0.29.0 and will be removed in 0.32.0. Use 'KeyPoints.keypoint_confidence' instead.
SupervisionWarnings: 'KeyPoints.confidence' is deprecated since 0.29.0 and will be removed in 0.32.0. Use 'KeyPoints.keypoint_confidence' instead.
SupervisionWarnings: 'KeyPoints.confidence' is deprecated since 0.29.0 and will be removed in 0.32.0. Use 'KeyPoints.keypoint_confidence' instead.
SupervisionWarnings: 'KeyPoints.confidence' is deprecated since 0.29.0 and will be removed in 0.32.0. Use 'KeyPoints.keypoint_confidence' instead.

 24%|██▍       | 350/1451 [06:08<15:16,  1.20it/s]SupervisionWarnings: 'KeyPoints.confidence' is deprecated since 0.29.0 and will be removed in 0.32.0. Use 'KeyPoints.keypoint_confidence' instead.
SupervisionWarnings: 'KeyPoints.confidence' is deprecated since 0.29.0 and will be removed in 0.32.0. Use 'KeyPoints.keypoint_confidence' instead.
SupervisionWarnings: 'KeyPoints.confidence' is deprecated since 0.29.0 and will be removed in 0.32.0. Use 'KeyPoints.keypoint_confidence' instead.
SupervisionWarnings: 'KeyPoints.confidence' is deprecated since 0.29.0 and will be removed in 0.32.0. Use 'KeyPoints.keypoint_confidence' instead.

 24%|██▍       | 351/1451 [06:08<15:38,  1.17it/s]SupervisionWarnings: 'KeyPoints.confidence' is deprecated since 0.29.0 and will be removed in 0.32.0. Use 'KeyPoints.keypoint_confidence' instead.
SupervisionWarnings: 'KeyPoints.confidence' is deprecated since 0.29.0 and will be removed in 0.32.0. Use 'KeyPoints.keypoint_confidence' instead.
SupervisionWarnings: 'KeyPoints.confidence' is deprecated since 0.29.0 and will be removed in 0.32.0. Use 'KeyPoints.keypoint_confidence' instead.
SupervisionWarnings: 'KeyPoints.confidence' is deprecated since 0.29.0 and will be removed in 0.32.0. Use 'KeyPoints.keypoint_confidence' instead.

 24%|██▍       | 352/1451 [06:09<16:41,  1.10it/s]SupervisionWarnings: 'KeyPoints.confidence' is deprecated since 0.29.0 and will be removed in 0.32.0. Use 'KeyPoints.keypoint_confidence' instead.
SupervisionWarnings: 'KeyPoints.confidence' is deprecated since 0.29.0 and will be removed in 0.32.0. Use 'KeyPoints.keypoint_confidence' instead.
SupervisionWarnings: 'KeyPoints.confidence' is deprecated since 0.29.0 and will be removed in 0.32.0. Use 'KeyPoints.keypoint_confidence' instead.
SupervisionWarnings: 'KeyPoints.confidence' is deprecated since 0.29.0 and will be removed in 0.32.0. Use 'KeyPoints.keypoint_confidence' instead.

 24%|██▍       | 353/1451 [06:10<17:02,  1.07it/s]SupervisionWarnings: 'KeyPoints.confidence' is deprecated since 0.29.0 and will be removed in 0.32.0. Use 'KeyPoints.keypoint_confidence' instead.
SupervisionWarnings: 'KeyPoints.confidence' is deprecated since 0.29.0 and will be removed in 0.32.0. Use 'KeyPoints.keypoint_confidence' instead.
SupervisionWarnings: 'KeyPoints.confidence' is deprecated since 0.29.0 and will be removed in 0.32.0. Use 'KeyPoints.keypoint_confidence' instead.
SupervisionWarnings: 'KeyPoints.confidence' is deprecated since 0.29.0 and will be removed in 0.32.0. Use 'KeyPoints.keypoint_confidence' instead.

 24%|██▍       | 354/1451 [06:11<17:14,  1.06it/s]SupervisionWarnings: 'KeyPoints.confidence' is deprecated since 0.29.0 and will be removed in 0.32.0. Use 'KeyPoints.keypoint_confidence' instead.
SupervisionWarnings: 'KeyPoints.confidence' is deprecated since 0.29.0 and will be removed in 0.32.0. Use 'KeyPoints.keypoint_confidence' instead.
SupervisionWarnings: 'KeyPoints.confidence' is deprecated since 0.29.0 and will be removed in 0.32.0. Use 'KeyPoints.keypoint_confidence' instead.
SupervisionWarnings: 'KeyPoints.confidence' is deprecated since 0.29.0 and will be removed in 0.32.0. Use 'KeyPoints.keypoint_confidence' instead.

 24%|██▍       | 355/1451 [06:12<16:31,  1.11it/s]SupervisionWarnings: 'KeyPoints.confidence' is deprecated since 0.29.0 and will be removed in 0.32.0. Use 'KeyPoints.keypoint_confidence' instead.
SupervisionWarnings: 'KeyPoints.confidence' is deprecated since 0.29.0 and will be removed in 0.32.0. Use 'KeyPoints.keypoint_confidence' instead.
SupervisionWarnings: 'KeyPoints.confidence' is deprecated since 0.29.0 and will be removed in 0.32.0. Use 'KeyPoints.keypoint_confidence' instead.
SupervisionWarnings: 'KeyPoints.confidence' is deprecated since 0.29.0 and will be removed in 0.32.0. Use 'KeyPoints.keypoint_confidence' instead.

 25%|██▍       | 356/1451 [06:13<16:06,  1.13it/s]SupervisionWarnings: 'KeyPoints.confidence' is deprecated since 0.29.0 and will be removed in 0.32.0. Use 'KeyPoints.keypoint_confidence' instead.
SupervisionWarnings: 'KeyPoints.confidence' is deprecated since 0.29.0 and will be removed in 0.32.0. Use 'KeyPoints.keypoint_confidence' instead.
SupervisionWarnings: 'KeyPoints.confidence' is deprecated since 0.29.0 and will be removed in 0.32.0. Use 'KeyPoints.keypoint_confidence' instead.
SupervisionWarnings: 'KeyPoints.confidence' is deprecated since 0.29.0 and will be removed in 0.32.0. Use 'KeyPoints.keypoint_confidence' instead.

 25%|██▍       | 357/1451 [06:14<15:47,  1.16it/s]SupervisionWarnings: 'KeyPoints.confidence' is deprecated since 0.29.0 and will be removed in 0.32.0. Use 'KeyPoints.keypoint_confidence' instead.
SupervisionWarnings: 'KeyPoints.confidence' is deprecated since 0.29.0 and will be removed in 0.32.0. Use 'KeyPoints.keypoint_confidence' instead.
SupervisionWarnings: 'KeyPoints.confidence' is deprecated since 0.29.0 and will be removed in 0.32.0. Use 'KeyPoints.keypoint_confidence' instead.
SupervisionWarnings: 'KeyPoints.confidence' is deprecated since 0.29.0 and will be removed in 0.32.0. Use 'KeyPoints.keypoint_confidence' instead.

 25%|██▍       | 358/1451 [06:15<15:31,  1.17it/s]SupervisionWarnings: 'KeyPoints.confidence' is deprecated since 0.29.0 and will be removed in 0.32.0. Use 'KeyPoints.keypoint_confidence' instead.
SupervisionWarnings: 'KeyPoints.confidence' is deprecated since 0.29.0 and will be removed in 0.32.0. Use 'KeyPoints.keypoint_confidence' instead.
SupervisionWarnings: 'KeyPoints.confidence' is deprecated since 0.29.0 and will be removed in 0.32.0. Use 'KeyPoints.keypoint_confidence' instead.
SupervisionWarnings: 'KeyPoints.confidence' is deprecated since 0.29.0 and will be removed in 0.32.0. Use 'KeyPoints.keypoint_confidence' instead.

 25%|██▍       | 359/1451 [06:16<15:33,  1.17it/s]SupervisionWarnings: 'KeyPoints.confidence' is deprecated since 0.29.0 and will be removed in 0.32.0. Use 'KeyPoints.keypoint_confidence' instead.
SupervisionWarnings: 'KeyPoints.confidence' is deprecated since 0.29.0 and will be removed in 0.32.0. Use 'KeyPoints.keypoint_confidence' instead.
SupervisionWarnings: 'KeyPoints.confidence' is deprecated since 0.29.0 and will be removed in 0.32.0. Use 'KeyPoints.keypoint_confidence' instead.
SupervisionWarnings: 'KeyPoints.confidence' is deprecated since 0.29.0 and will be removed in 0.32.0. Use 'KeyPoints.keypoint_confidence' instead.

 25%|██▍       | 360/1451 [06:16<15:34,  1.17it/s]SupervisionWarnings: 'KeyPoints.confidence' is deprecated since 0.29.0 and will be removed in 0.32.0. Use 'KeyPoints.keypoint_confidence' instead.
SupervisionWarnings: 'KeyPoints.confidence' is deprecated since 0.29.0 and will be removed in 0.32.0. Use 'KeyPoints.keypoint_confidence' instead.
SupervisionWarnings: 'KeyPoints.confidence' is deprecated since 0.29.0 and will be removed in 0.32.0. Use 'KeyPoints.keypoint_confidence' instead.
SupervisionWarnings: 'KeyPoints.confidence' is deprecated since 0.29.0 and will be removed in 0.32.0. Use 'KeyPoints.keypoint_confidence' instead.

 25%|██▍       | 361/1451 [06:17<15:25,  1.18it/s]SupervisionWarnings: 'KeyPoints.confidence' is deprecated since 0.29.0 and will be removed in 0.32.0. Use 'KeyPoints.keypoint_confidence' instead.
SupervisionWarnings: 'KeyPoints.confidence' is deprecated since 0.29.0 and will be removed in 0.32.0. Use 'KeyPoints.keypoint_confidence' instead.
SupervisionWarnings: 'KeyPoints.confidence' is deprecated since 0.29.0 and will be removed in 0.32.0. Use 'KeyPoints.keypoint_confidence' instead.
SupervisionWarnings: 'KeyPoints.confidence' is deprecated since 0.29.0 and will be removed in 0.32.0. Use 'KeyPoints.keypoint_confidence' instead.

 25%|██▍       | 362/1451 [06:18<15:18,  1.19it/s]SupervisionWarnings: 'KeyPoints.confidence' is deprecated since 0.29.0 and will be removed in 0.32.0. Use 'KeyPoints.keypoint_confidence' instead.
SupervisionWarnings: 'KeyPoints.confidence' is deprecated since 0.29.0 and will be removed in 0.32.0. Use 'KeyPoints.keypoint_confidence' instead.
SupervisionWarnings: 'KeyPoints.confidence' is deprecated since 0.29.0 and will be removed in 0.32.0. Use 'KeyPoints.keypoint_confidence' instead.
SupervisionWarnings: 'KeyPoints.confidence' is deprecated since 0.29.0 and will be removed in 0.32.0. Use 'KeyPoints.keypoint_confidence' instead.

 25%|██▌       | 363/1451 [06:19<17:26,  1.04it/s]SupervisionWarnings: 'KeyPoints.confidence' is deprecated since 0.29.0 and will be removed in 0.32.0. Use 'KeyPoints.keypoint_confidence' instead.
SupervisionWarnings: 'KeyPoints.confidence' is deprecated since 0.29.0 and will be removed in 0.32.0. Use 'KeyPoints.keypoint_confidence' instead.
SupervisionWarnings: 'KeyPoints.confidence' is deprecated since 0.29.0 and will be removed in 0.32.0. Use 'KeyPoints.keypoint_confidence' instead.
SupervisionWarnings: 'KeyPoints.confidence' is deprecated since 0.29.0 and will be removed in 0.32.0. Use 'KeyPoints.keypoint_confidence' instead.

 25%|██▌       | 364/1451 [06:21<18:56,  1.05s/it]SupervisionWarnings: 'KeyPoints.confidence' is deprecated since 0.29.0 and will be removed in 0.32.0. Use 'KeyPoints.keypoint_confidence' instead.
SupervisionWarnings: 'KeyPoints.confidence' is deprecated since 0.29.0 and will be removed in 0.32.0. Use 'KeyPoints.keypoint_confidence' instead.
SupervisionWarnings: 'KeyPoints.confidence' is deprecated since 0.29.0 and will be removed in 0.32.0. Use 'KeyPoints.keypoint_confidence' instead.
SupervisionWarnings: 'KeyPoints.confidence' is deprecated since 0.29.0 and will be removed in 0.32.0. Use 'KeyPoints.keypoint_confidence' instead.

 25%|██▌       | 365/1451 [06:22<20:45,  1.15s/it]SupervisionWarnings: 'KeyPoints.confidence' is deprecated since 0.29.0 and will be removed in 0.32.0. Use 'KeyPoints.keypoint_confidence' instead.
SupervisionWarnings: 'KeyPoints.confidence' is deprecated since 0.29.0 and will be removed in 0.32.0. Use 'KeyPoints.keypoint_confidence' instead.
SupervisionWarnings: 'KeyPoints.confidence' is deprecated since 0.29.0 and will be removed in 0.32.0. Use 'KeyPoints.keypoint_confidence' instead.
SupervisionWarnings: 'KeyPoints.confidence' is deprecated since 0.29.0 and will be removed in 0.32.0. Use 'KeyPoints.keypoint_confidence' instead.

 25%|██▌       | 366/1451 [06:24<22:53,  1.27s/it]SupervisionWarnings: 'KeyPoints.confidence' is deprecated since 0.29.0 and will be removed in 0.32.0. Use 'KeyPoints.keypoint_confidence' instead.
SupervisionWarnings: 'KeyPoints.confidence' is deprecated since 0.29.0 and will be removed in 0.32.0. Use 'KeyPoints.keypoint_confidence' instead.
SupervisionWarnings: 'KeyPoints.confidence' is deprecated since 0.29.0 and will be removed in 0.32.0. Use 'KeyPoints.keypoint_confidence' instead.
SupervisionWarnings: 'KeyPoints.confidence' is deprecated since 0.29.0 and will be removed in 0.32.0. Use 'KeyPoints.keypoint_confidence' instead.

 25%|██▌       | 367/1451 [06:25<23:21,  1.29s/it]SupervisionWarnings: 'KeyPoints.confidence' is deprecated since 0.29.0 and will be removed in 0.32.0. Use 'KeyPoints.keypoint_confidence' instead.
SupervisionWarnings: 'KeyPoints.confidence' is deprecated since 0.29.0 and will be removed in 0.32.0. Use 'KeyPoints.keypoint_confidence' instead.
SupervisionWarnings: 'KeyPoints.confidence' is deprecated since 0.29.0 and will be removed in 0.32.0. Use 'KeyPoints.keypoint_confidence' instead.
SupervisionWarnings: 'KeyPoints.confidence' is deprecated since 0.29.0 and will be removed in 0.32.0. Use 'KeyPoints.keypoint_confidence' instead.

 25%|██▌       | 368/1451 [06:26<22:57,  1.27s/it]SupervisionWarnings: 'KeyPoints.confidence' is deprecated since 0.29.0 and will be removed in 0.32.0. Use 'KeyPoints.keypoint_confidence' instead.
SupervisionWarnings: 'KeyPoints.confidence' is deprecated since 0.29.0 and will be removed in 0.32.0. Use 'KeyPoints.keypoint_confidence' instead.
SupervisionWarnings: 'KeyPoints.confidence' is deprecated since 0.29.0 and will be removed in 0.32.0. Use 'KeyPoints.keypoint_confidence' instead.
SupervisionWarnings: 'KeyPoints.confidence' is deprecated since 0.29.0 and will be removed in 0.32.0. Use 'KeyPoints.keypoint_confidence' instead.

 25%|██▌       | 369/1451 [06:27<22:44,  1.26s/it]SupervisionWarnings: 'KeyPoints.confidence' is deprecated since 0.29.0 and will be removed in 0.32.0. Use 'KeyPoints.keypoint_confidence' instead.
SupervisionWarnings: 'KeyPoints.confidence' is deprecated since 0.29.0 and will be removed in 0.32.0. Use 'KeyPoints.keypoint_confidence' instead.
SupervisionWarnings: 'KeyPoints.confidence' is deprecated since 0.29.0 and will be removed in 0.32.0. Use 'KeyPoints.keypoint_confidence' instead.
SupervisionWarnings: 'KeyPoints.confidence' is deprecated since 0.29.0 and will be removed in 0.32.0. Use 'KeyPoints.keypoint_confidence' instead.

 25%|██▌       | 370/1451 [06:28<20:18,  1.13s/it]SupervisionWarnings: 'KeyPoints.confidence' is deprecated since 0.29.0 and will be removed in 0.32.0. Use 'KeyPoints.keypoint_confidence' instead.
SupervisionWarnings: 'KeyPoints.confidence' is deprecated since 0.29.0 and will be removed in 0.32.0. Use 'KeyPoints.keypoint_confidence' instead.
SupervisionWarnings: 'KeyPoints.confidence' is deprecated since 0.29.0 and will be removed in 0.32.0. Use 'KeyPoints.keypoint_confidence' instead.
SupervisionWarnings: 'KeyPoints.confidence' is deprecated since 0.29.0 and will be removed in 0.32.0. Use 'KeyPoints.keypoint_confidence' instead.

 26%|██▌       | 371/1451 [06:29<18:38,  1.04s/it]SupervisionWarnings: 'KeyPoints.confidence' is deprecated since 0.29.0 and will be removed in 0.32.0. Use 'KeyPoints.keypoint_confidence' instead.
SupervisionWarnings: 'KeyPoints.confidence' is deprecated since 0.29.0 and will be removed in 0.32.0. Use 'KeyPoints.keypoint_confidence' instead.
SupervisionWarnings: 'KeyPoints.confidence' is deprecated since 0.29.0 and will be removed in 0.32.0. Use 'KeyPoints.keypoint_confidence' instead.
SupervisionWarnings: 'KeyPoints.confidence' is deprecated since 0.29.0 and will be removed in 0.32.0. Use 'KeyPoints.keypoint_confidence' instead.

 26%|██▌       | 372/1451 [06:30<17:26,  1.03it/s]SupervisionWarnings: 'KeyPoints.confidence' is deprecated since 0.29.0 and will be removed in 0.32.0. Use 'KeyPoints.keypoint_confidence' instead.
SupervisionWarnings: 'KeyPoints.confidence' is deprecated since 0.29.0 and will be removed in 0.32.0. Use 'KeyPoints.keypoint_confidence' instead.
SupervisionWarnings: 'KeyPoints.confidence' is deprecated since 0.29.0 and will be removed in 0.32.0. Use 'KeyPoints.keypoint_confidence' instead.
SupervisionWarnings: 'KeyPoints.confidence' is deprecated since 0.29.0 and will be removed in 0.32.0. Use 'KeyPoints.keypoint_confidence' instead.

 26%|██▌       | 373/1451 [06:31<18:51,  1.05s/it]SupervisionWarnings: 'KeyPoints.confidence' is deprecated since 0.29.0 and will be removed in 0.32.0. Use 'KeyPoints.keypoint_confidence' instead.
SupervisionWarnings: 'KeyPoints.confidence' is deprecated since 0.29.0 and will be removed in 0.32.0. Use 'KeyPoints.keypoint_confidence' instead.
SupervisionWarnings: 'KeyPoints.confidence' is deprecated since 0.29.0 and will be removed in 0.32.0. Use 'KeyPoints.keypoint_confidence' instead.
SupervisionWarnings: 'KeyPoints.confidence' is deprecated since 0.29.0 and will be removed in 0.32.0. Use 'KeyPoints.keypoint_confidence' instead.

 26%|██▌       | 374/1451 [06:32<17:32,  1.02it/s]SupervisionWarnings: 'KeyPoints.confidence' is deprecated since 0.29.0 and will be removed in 0.32.0. Use 'KeyPoints.keypoint_confidence' instead.
SupervisionWarnings: 'KeyPoints.confidence' is deprecated since 0.29.0 and will be removed in 0.32.0. Use 'KeyPoints.keypoint_confidence' instead.
SupervisionWarnings: 'KeyPoints.confidence' is deprecated since 0.29.0 and will be removed in 0.32.0. Use 'KeyPoints.keypoint_confidence' instead.
SupervisionWarnings: 'KeyPoints.confidence' is deprecated since 0.29.0 and will be removed in 0.32.0. Use 'KeyPoints.keypoint_confidence' instead.

 26%|██▌       | 375/1451 [06:33<16:35,  1.08it/s]SupervisionWarnings: 'KeyPoints.confidence' is deprecated since 0.29.0 and will be removed in 0.32.0. Use 'KeyPoints.keypoint_confidence' instead.
SupervisionWarnings: 'KeyPoints.confidence' is deprecated since 0.29.0 and will be removed in 0.32.0. Use 'KeyPoints.keypoint_confidence' instead.
SupervisionWarnings: 'KeyPoints.confidence' is deprecated since 0.29.0 and will be removed in 0.32.0. Use 'KeyPoints.keypoint_confidence' instead.
SupervisionWarnings: 'KeyPoints.confidence' is deprecated since 0.29.0 and will be removed in 0.32.0. Use 'KeyPoints.keypoint_confidence' instead.

 26%|██▌       | 376/1451 [06:33<16:06,  1.11it/s]SupervisionWarnings: 'KeyPoints.confidence' is deprecated since 0.29.0 and will be removed in 0.32.0. Use 'KeyPoints.keypoint_confidence' instead.
SupervisionWarnings: 'KeyPoints.confidence' is deprecated since 0.29.0 and will be removed in 0.32.0. Use 'KeyPoints.keypoint_confidence' instead.
SupervisionWarnings: 'KeyPoints.confidence' is deprecated since 0.29.0 and will be removed in 0.32.0. Use 'KeyPoints.keypoint_confidence' instead.
SupervisionWarnings: 'KeyPoints.confidence' is deprecated since 0.29.0 and will be removed in 0.32.0. Use 'KeyPoints.keypoint_confidence' instead.

 26%|██▌       | 377/1451 [06:34<15:58,  1.12it/s]SupervisionWarnings: 'KeyPoints.confidence' is deprecated since 0.29.0 and will be removed in 0.32.0. Use 'KeyPoints.keypoint_confidence' instead.
SupervisionWarnings: 'KeyPoints.confidence' is deprecated since 0.29.0 and will be removed in 0.32.0. Use 'KeyPoints.keypoint_confidence' instead.
SupervisionWarnings: 'KeyPoints.confidence' is deprecated since 0.29.0 and will be removed in 0.32.0. Use 'KeyPoints.keypoint_confidence' instead.
SupervisionWarnings: 'KeyPoints.confidence' is deprecated since 0.29.0 and will be removed in 0.32.0. Use 'KeyPoints.keypoint_confidence' instead.

 26%|██▌       | 378/1451 [06:36<19:14,  1.08s/it]SupervisionWarnings: 'KeyPoints.confidence' is deprecated since 0.29.0 and will be removed in 0.32.0. Use 'KeyPoints.keypoint_confidence' instead.
SupervisionWarnings: 'KeyPoints.confidence' is deprecated since 0.29.0 and will be removed in 0.32.0. Use 'KeyPoints.keypoint_confidence' instead.
SupervisionWarnings: 'KeyPoints.confidence' is deprecated since 0.29.0 and will be removed in 0.32.0. Use 'KeyPoints.keypoint_confidence' instead.
SupervisionWarnings: 'KeyPoints.confidence' is deprecated since 0.29.0 and will be removed in 0.32.0. Use 'KeyPoints.keypoint_confidence' instead.

 26%|██▌       | 379/1451 [06:37<21:16,  1.19s/it]SupervisionWarnings: 'KeyPoints.confidence' is deprecated since 0.29.0 and will be removed in 0.32.0. Use 'KeyPoints.keypoint_confidence' instead.
SupervisionWarnings: 'KeyPoints.confidence' is deprecated since 0.29.0 and will be removed in 0.32.0. Use 'KeyPoints.keypoint_confidence' instead.
SupervisionWarnings: 'KeyPoints.confidence' is deprecated since 0.29.0 and will be removed in 0.32.0. Use 'KeyPoints.keypoint_confidence' instead.
SupervisionWarnings: 'KeyPoints.confidence' is deprecated since 0.29.0 and will be removed in 0.32.0. Use 'KeyPoints.keypoint_confidence' instead.

 26%|██▌       | 380/1451 [06:39<21:31,  1.21s/it]SupervisionWarnings: 'KeyPoints.confidence' is deprecated since 0.29.0 and will be removed in 0.32.0. Use 'KeyPoints.keypoint_confidence' instead.
SupervisionWarnings: 'KeyPoints.confidence' is deprecated since 0.29.0 and will be removed in 0.32.0. Use 'KeyPoints.keypoint_confidence' instead.
SupervisionWarnings: 'KeyPoints.confidence' is deprecated since 0.29.0 and will be removed in 0.32.0. Use 'KeyPoints.keypoint_confidence' instead.
SupervisionWarnings: 'KeyPoints.confidence' is deprecated since 0.29.0 and will be removed in 0.32.0. Use 'KeyPoints.keypoint_confidence' instead.

 26%|██▋       | 381/1451 [06:40<21:37,  1.21s/it]SupervisionWarnings: 'KeyPoints.confidence' is deprecated since 0.29.0 and will be removed in 0.32.0. Use 'KeyPoints.keypoint_confidence' instead.
SupervisionWarnings: 'KeyPoints.confidence' is deprecated since 0.29.0 and will be removed in 0.32.0. Use 'KeyPoints.keypoint_confidence' instead.
SupervisionWarnings: 'KeyPoints.confidence' is deprecated since 0.29.0 and will be removed in 0.32.0. Use 'KeyPoints.keypoint_confidence' instead.
SupervisionWarnings: 'KeyPoints.confidence' is deprecated since 0.29.0 and will be removed in 0.32.0. Use 'KeyPoints.keypoint_confidence' instead.

 26%|██▋       | 382/1451 [06:41<21:41,  1.22s/it]SupervisionWarnings: 'KeyPoints.confidence' is deprecated since 0.29.0 and will be removed in 0.32.0. Use 'KeyPoints.keypoint_confidence' instead.
SupervisionWarnings: 'KeyPoints.confidence' is deprecated since 0.29.0 and will be removed in 0.32.0. Use 'KeyPoints.keypoint_confidence' instead.
SupervisionWarnings: 'KeyPoints.confidence' is deprecated since 0.29.0 and will be removed in 0.32.0. Use 'KeyPoints.keypoint_confidence' instead.
SupervisionWarnings: 'KeyPoints.confidence' is deprecated since 0.29.0 and will be removed in 0.32.0. Use 'KeyPoints.keypoint_confidence' instead.

 26%|██▋       | 383/1451 [06:42<19:33,  1.10s/it]SupervisionWarnings: 'KeyPoints.confidence' is deprecated since 0.29.0 and will be removed in 0.32.0. Use 'KeyPoints.keypoint_confidence' instead.
SupervisionWarnings: 'KeyPoints.confidence' is deprecated since 0.29.0 and will be removed in 0.32.0. Use 'KeyPoints.keypoint_confidence' instead.
SupervisionWarnings: 'KeyPoints.confidence' is deprecated since 0.29.0 and will be removed in 0.32.0. Use 'KeyPoints.keypoint_confidence' instead.
SupervisionWarnings: 'KeyPoints.confidence' is deprecated since 0.29.0 and will be removed in 0.32.0. Use 'KeyPoints.keypoint_confidence' instead.

 26%|██▋       | 384/1451 [06:43<20:11,  1.14s/it]SupervisionWarnings: 'KeyPoints.confidence' is deprecated since 0.29.0 and will be removed in 0.32.0. Use 'KeyPoints.keypoint_confidence' instead.
SupervisionWarnings: 'KeyPoints.confidence' is deprecated since 0.29.0 and will be removed in 0.32.0. Use 'KeyPoints.keypoint_confidence' instead.
SupervisionWarnings: 'KeyPoints.confidence' is deprecated since 0.29.0 and will be removed in 0.32.0. Use 'KeyPoints.keypoint_confidence' instead.
SupervisionWarnings: 'KeyPoints.confidence' is deprecated since 0.29.0 and will be removed in 0.32.0. Use 'KeyPoints.keypoint_confidence' instead.

 27%|██▋       | 385/1451 [06:44<20:52,  1.17s/it]SupervisionWarnings: 'KeyPoints.confidence' is deprecated since 0.29.0 and will be removed in 0.32.0. Use 'KeyPoints.keypoint_confidence' instead.
SupervisionWarnings: 'KeyPoints.confidence' is deprecated since 0.29.0 and will be removed in 0.32.0. Use 'KeyPoints.keypoint_confidence' instead.
SupervisionWarnings: 'KeyPoints.confidence' is deprecated since 0.29.0 and will be removed in 0.32.0. Use 'KeyPoints.keypoint_confidence' instead.
SupervisionWarnings: 'KeyPoints.confidence' is deprecated since 0.29.0 and will be removed in 0.32.0. Use 'KeyPoints.keypoint_confidence' instead.

 27%|██▋       | 386/1451 [06:45<18:55,  1.07s/it]SupervisionWarnings: 'KeyPoints.confidence' is deprecated since 0.29.0 and will be removed in 0.32.0. Use 'KeyPoints.keypoint_confidence' instead.
SupervisionWarnings: 'KeyPoints.confidence' is deprecated since 0.29.0 and will be removed in 0.32.0. Use 'KeyPoints.keypoint_confidence' instead.
SupervisionWarnings: 'KeyPoints.confidence' is deprecated since 0.29.0 and will be removed in 0.32.0. Use 'KeyPoints.keypoint_confidence' instead.
SupervisionWarnings: 'KeyPoints.confidence' is deprecated since 0.29.0 and will be removed in 0.32.0. Use 'KeyPoints.keypoint_confidence' instead.

 27%|██▋       | 387/1451 [06:46<19:55,  1.12s/it]SupervisionWarnings: 'KeyPoints.confidence' is deprecated since 0.29.0 and will be removed in 0.32.0. Use 'KeyPoints.keypoint_confidence' instead.
SupervisionWarnings: 'KeyPoints.confidence' is deprecated since 0.29.0 and will be removed in 0.32.0. Use 'KeyPoints.keypoint_confidence' instead.
SupervisionWarnings: 'KeyPoints.confidence' is deprecated since 0.29.0 and will be removed in 0.32.0. Use 'KeyPoints.keypoint_confidence' instead.
SupervisionWarnings: 'KeyPoints.confidence' is deprecated since 0.29.0 and will be removed in 0.32.0. Use 'KeyPoints.keypoint_confidence' instead.

 27%|██▋       | 388/1451 [06:48<21:21,  1.21s/it]SupervisionWarnings: 'KeyPoints.confidence' is deprecated since 0.29.0 and will be removed in 0.32.0. Use 'KeyPoints.keypoint_confidence' instead.
SupervisionWarnings: 'KeyPoints.confidence' is deprecated since 0.29.0 and will be removed in 0.32.0. Use 'KeyPoints.keypoint_confidence' instead.
SupervisionWarnings: 'KeyPoints.confidence' is deprecated since 0.29.0 and will be removed in 0.32.0. Use 'KeyPoints.keypoint_confidence' instead.
SupervisionWarnings: 'KeyPoints.confidence' is deprecated since 0.29.0 and will be removed in 0.32.0. Use 'KeyPoints.keypoint_confidence' instead.

 27%|██▋       | 389/1451 [06:49<22:29,  1.27s/it]SupervisionWarnings: 'KeyPoints.confidence' is deprecated since 0.29.0 and will be removed in 0.32.0. Use 'KeyPoints.keypoint_confidence' instead.
SupervisionWarnings: 'KeyPoints.confidence' is deprecated since 0.29.0 and will be removed in 0.32.0. Use 'KeyPoints.keypoint_confidence' instead.
SupervisionWarnings: 'KeyPoints.confidence' is deprecated since 0.29.0 and will be removed in 0.32.0. Use 'KeyPoints.keypoint_confidence' instead.
SupervisionWarnings: 'KeyPoints.confidence' is deprecated since 0.29.0 and will be removed in 0.32.0. Use 'KeyPoints.keypoint_confidence' instead.

 27%|██▋       | 390/1451 [06:51<22:38,  1.28s/it]SupervisionWarnings: 'KeyPoints.confidence' is deprecated since 0.29.0 and will be removed in 0.32.0. Use 'KeyPoints.keypoint_confidence' instead.
SupervisionWarnings: 'KeyPoints.confidence' is deprecated since 0.29.0 and will be removed in 0.32.0. Use 'KeyPoints.keypoint_confidence' instead.
SupervisionWarnings: 'KeyPoints.confidence' is deprecated since 0.29.0 and will be removed in 0.32.0. Use 'KeyPoints.keypoint_confidence' instead.
SupervisionWarnings: 'KeyPoints.confidence' is deprecated since 0.29.0 and will be removed in 0.32.0. Use 'KeyPoints.keypoint_confidence' instead.

 27%|██▋       | 391/1451 [06:52<22:33,  1.28s/it]SupervisionWarnings: 'KeyPoints.confidence' is deprecated since 0.29.0 and will be removed in 0.32.0. Use 'KeyPoints.keypoint_confidence' instead.
SupervisionWarnings: 'KeyPoints.confidence' is deprecated since 0.29.0 and will be removed in 0.32.0. Use 'KeyPoints.keypoint_confidence' instead.
SupervisionWarnings: 'KeyPoints.confidence' is deprecated since 0.29.0 and will be removed in 0.32.0. Use 'KeyPoints.keypoint_confidence' instead.
SupervisionWarnings: 'KeyPoints.confidence' is deprecated since 0.29.0 and will be removed in 0.32.0. Use 'KeyPoints.keypoint_confidence' instead.

 27%|██▋       | 392/1451 [06:53<20:03,  1.14s/it]SupervisionWarnings: 'KeyPoints.confidence' is deprecated since 0.29.0 and will be removed in 0.32.0. Use 'KeyPoints.keypoint_confidence' instead.
SupervisionWarnings: 'KeyPoints.confidence' is deprecated since 0.29.0 and will be removed in 0.32.0. Use 'KeyPoints.keypoint_confidence' instead.
SupervisionWarnings: 'KeyPoints.confidence' is deprecated since 0.29.0 and will be removed in 0.32.0. Use 'KeyPoints.keypoint_confidence' instead.
SupervisionWarnings: 'KeyPoints.confidence' is deprecated since 0.29.0 and will be removed in 0.32.0. Use 'KeyPoints.keypoint_confidence' instead.

 27%|██▋       | 393/1451 [06:53<18:22,  1.04s/it]SupervisionWarnings: 'KeyPoints.confidence' is deprecated since 0.29.0 and will be removed in 0.32.0. Use 'KeyPoints.keypoint_confidence' instead.
SupervisionWarnings: 'KeyPoints.confidence' is deprecated since 0.29.0 and will be removed in 0.32.0. Use 'KeyPoints.keypoint_confidence' instead.
SupervisionWarnings: 'KeyPoints.confidence' is deprecated since 0.29.0 and will be removed in 0.32.0. Use 'KeyPoints.keypoint_confidence' instead.
SupervisionWarnings: 'KeyPoints.confidence' is deprecated since 0.29.0 and will be removed in 0.32.0. Use 'KeyPoints.keypoint_confidence' instead.

 27%|██▋       | 394/1451 [06:54<17:05,  1.03it/s]SupervisionWarnings: 'KeyPoints.confidence' is deprecated since 0.29.0 and will be removed in 0.32.0. Use 'KeyPoints.keypoint_confidence' instead.
SupervisionWarnings: 'KeyPoints.confidence' is deprecated since 0.29.0 and will be removed in 0.32.0. Use 'KeyPoints.keypoint_confidence' instead.
SupervisionWarnings: 'KeyPoints.confidence' is deprecated since 0.29.0 and will be removed in 0.32.0. Use 'KeyPoints.keypoint_confidence' instead.
SupervisionWarnings: 'KeyPoints.confidence' is deprecated since 0.29.0 and will be removed in 0.32.0. Use 'KeyPoints.keypoint_confidence' instead.

 27%|██▋       | 395/1451 [06:55<18:25,  1.05s/it]SupervisionWarnings: 'KeyPoints.confidence' is deprecated since 0.29.0 and will be removed in 0.32.0. Use 'KeyPoints.keypoint_confidence' instead.
SupervisionWarnings: 'KeyPoints.confidence' is deprecated since 0.29.0 and will be removed in 0.32.0. Use 'KeyPoints.keypoint_confidence' instead.
SupervisionWarnings: 'KeyPoints.confidence' is deprecated since 0.29.0 and will be removed in 0.32.0. Use 'KeyPoints.keypoint_confidence' instead.
SupervisionWarnings: 'KeyPoints.confidence' is deprecated since 0.29.0 and will be removed in 0.32.0. Use 'KeyPoints.keypoint_confidence' instead.

 27%|██▋       | 396/1451 [06:56<17:14,  1.02it/s]SupervisionWarnings: 'KeyPoints.confidence' is deprecated since 0.29.0 and will be removed in 0.32.0. Use 'KeyPoints.keypoint_confidence' instead.
SupervisionWarnings: 'KeyPoints.confidence' is deprecated since 0.29.0 and will be removed in 0.32.0. Use 'KeyPoints.keypoint_confidence' instead.
SupervisionWarnings: 'KeyPoints.confidence' is deprecated since 0.29.0 and will be removed in 0.32.0. Use 'KeyPoints.keypoint_confidence' instead.
SupervisionWarnings: 'KeyPoints.confidence' is deprecated since 0.29.0 and will be removed in 0.32.0. Use 'KeyPoints.keypoint_confidence' instead.

 27%|██▋       | 397/1451 [06:58<18:35,  1.06s/it]SupervisionWarnings: 'KeyPoints.confidence' is deprecated since 0.29.0 and will be removed in 0.32.0. Use 'KeyPoints.keypoint_confidence' instead.
SupervisionWarnings: 'KeyPoints.confidence' is deprecated since 0.29.0 and will be removed in 0.32.0. Use 'KeyPoints.keypoint_confidence' instead.
SupervisionWarnings: 'KeyPoints.confidence' is deprecated since 0.29.0 and will be removed in 0.32.0. Use 'KeyPoints.keypoint_confidence' instead.
SupervisionWarnings: 'KeyPoints.confidence' is deprecated since 0.29.0 and will be removed in 0.32.0. Use 'KeyPoints.keypoint_confidence' instead.

 27%|██▋       | 398/1451 [06:58<17:17,  1.02it/s]SupervisionWarnings: 'KeyPoints.confidence' is deprecated since 0.29.0 and will be removed in 0.32.0. Use 'KeyPoints.keypoint_confidence' instead.
SupervisionWarnings: 'KeyPoints.confidence' is deprecated since 0.29.0 and will be removed in 0.32.0. Use 'KeyPoints.keypoint_confidence' instead.
SupervisionWarnings: 'KeyPoints.confidence' is deprecated since 0.29.0 and will be removed in 0.32.0. Use 'KeyPoints.keypoint_confidence' instead.
SupervisionWarnings: 'KeyPoints.confidence' is deprecated since 0.29.0 and will be removed in 0.32.0. Use 'KeyPoints.keypoint_confidence' instead.

 27%|██▋       | 399/1451 [06:59<16:18,  1.07it/s]SupervisionWarnings: 'KeyPoints.confidence' is deprecated since 0.29.0 and will be removed in 0.32.0. Use 'KeyPoints.keypoint_confidence' instead.
SupervisionWarnings: 'KeyPoints.confidence' is deprecated since 0.29.0 and will be removed in 0.32.0. Use 'KeyPoints.keypoint_confidence' instead.
SupervisionWarnings: 'KeyPoints.confidence' is deprecated since 0.29.0 and will be removed in 0.32.0. Use 'KeyPoints.keypoint_confidence' instead.
SupervisionWarnings: 'KeyPoints.confidence' is deprecated since 0.29.0 and will be removed in 0.32.0. Use 'KeyPoints.keypoint_confidence' instead.

 28%|██▊       | 400/1451 [07:00<16:10,  1.08it/s]SupervisionWarnings: 'KeyPoints.confidence' is deprecated since 0.29.0 and will be removed in 0.32.0. Use 'KeyPoints.keypoint_confidence' instead.
SupervisionWarnings: 'KeyPoints.confidence' is deprecated since 0.29.0 and will be removed in 0.32.0. Use 'KeyPoints.keypoint_confidence' instead.
SupervisionWarnings: 'KeyPoints.confidence' is deprecated since 0.29.0 and will be removed in 0.32.0. Use 'KeyPoints.keypoint_confidence' instead.
SupervisionWarnings: 'KeyPoints.confidence' is deprecated since 0.29.0 and will be removed in 0.32.0. Use 'KeyPoints.keypoint_confidence' instead.

 28%|██▊       | 401/1451 [07:01<16:18,  1.07it/s]SupervisionWarnings: 'KeyPoints.confidence' is deprecated since 0.29.0 and will be removed in 0.32.0. Use 'KeyPoints.keypoint_confidence' instead.
SupervisionWarnings: 'KeyPoints.confidence' is deprecated since 0.29.0 and will be removed in 0.32.0. Use 'KeyPoints.keypoint_confidence' instead.
SupervisionWarnings: 'KeyPoints.confidence' is deprecated since 0.29.0 and will be removed in 0.32.0. Use 'KeyPoints.keypoint_confidence' instead.
SupervisionWarnings: 'KeyPoints.confidence' is deprecated since 0.29.0 and will be removed in 0.32.0. Use 'KeyPoints.keypoint_confidence' instead.

 28%|██▊       | 402/1451 [07:02<19:16,  1.10s/it]SupervisionWarnings: 'KeyPoints.confidence' is deprecated since 0.29.0 and will be removed in 0.32.0. Use 'KeyPoints.keypoint_confidence' instead.
SupervisionWarnings: 'KeyPoints.confidence' is deprecated since 0.29.0 and will be removed in 0.32.0. Use 'KeyPoints.keypoint_confidence' instead.
SupervisionWarnings: 'KeyPoints.confidence' is deprecated since 0.29.0 and will be removed in 0.32.0. Use 'KeyPoints.keypoint_confidence' instead.
SupervisionWarnings: 'KeyPoints.confidence' is deprecated since 0.29.0 and will be removed in 0.32.0. Use 'KeyPoints.keypoint_confidence' instead.

 28%|██▊       | 403/1451 [07:04<20:04,  1.15s/it]SupervisionWarnings: 'KeyPoints.confidence' is deprecated since 0.29.0 and will be removed in 0.32.0. Use 'KeyPoints.keypoint_confidence' instead.
SupervisionWarnings: 'KeyPoints.confidence' is deprecated since 0.29.0 and will be removed in 0.32.0. Use 'KeyPoints.keypoint_confidence' instead.
SupervisionWarnings: 'KeyPoints.confidence' is deprecated since 0.29.0 and will be removed in 0.32.0. Use 'KeyPoints.keypoint_confidence' instead.
SupervisionWarnings: 'KeyPoints.confidence' is deprecated since 0.29.0 and will be removed in 0.32.0. Use 'KeyPoints.keypoint_confidence' instead.

 28%|██▊       | 404/1451 [07:05<18:17,  1.05s/it]SupervisionWarnings: 'KeyPoints.confidence' is deprecated since 0.29.0 and will be removed in 0.32.0. Use 'KeyPoints.keypoint_confidence' instead.
SupervisionWarnings: 'KeyPoints.confidence' is deprecated since 0.29.0 and will be removed in 0.32.0. Use 'KeyPoints.keypoint_confidence' instead.
SupervisionWarnings: 'KeyPoints.confidence' is deprecated since 0.29.0 and will be removed in 0.32.0. Use 'KeyPoints.keypoint_confidence' instead.
SupervisionWarnings: 'KeyPoints.confidence' is deprecated since 0.29.0 and will be removed in 0.32.0. Use 'KeyPoints.keypoint_confidence' instead.

 28%|██▊       | 405/1451 [07:05<17:05,  1.02it/s]SupervisionWarnings: 'KeyPoints.confidence' is deprecated since 0.29.0 and will be removed in 0.32.0. Use 'KeyPoints.keypoint_confidence' instead.
SupervisionWarnings: 'KeyPoints.confidence' is deprecated since 0.29.0 and will be removed in 0.32.0. Use 'KeyPoints.keypoint_confidence' instead.
SupervisionWarnings: 'KeyPoints.confidence' is deprecated since 0.29.0 and will be removed in 0.32.0. Use 'KeyPoints.keypoint_confidence' instead.
SupervisionWarnings: 'KeyPoints.confidence' is deprecated since 0.29.0 and will be removed in 0.32.0. Use 'KeyPoints.keypoint_confidence' instead.

 28%|██▊       | 406/1451 [07:06<16:13,  1.07it/s]SupervisionWarnings: 'KeyPoints.confidence' is deprecated since 0.29.0 and will be removed in 0.32.0. Use 'KeyPoints.keypoint_confidence' instead.
SupervisionWarnings: 'KeyPoints.confidence' is deprecated since 0.29.0 and will be removed in 0.32.0. Use 'KeyPoints.keypoint_confidence' instead.
SupervisionWarnings: 'KeyPoints.confidence' is deprecated since 0.29.0 and will be removed in 0.32.0. Use 'KeyPoints.keypoint_confidence' instead.
SupervisionWarnings: 'KeyPoints.confidence' is deprecated since 0.29.0 and will be removed in 0.32.0. Use 'KeyPoints.keypoint_confidence' instead.

 28%|██▊       | 407/1451 [07:07<15:42,  1.11it/s]SupervisionWarnings: 'KeyPoints.confidence' is deprecated since 0.29.0 and will be removed in 0.32.0. Use 'KeyPoints.keypoint_confidence' instead.
SupervisionWarnings: 'KeyPoints.confidence' is deprecated since 0.29.0 and will be removed in 0.32.0. Use 'KeyPoints.keypoint_confidence' instead.
SupervisionWarnings: 'KeyPoints.confidence' is deprecated since 0.29.0 and will be removed in 0.32.0. Use 'KeyPoints.keypoint_confidence' instead.
SupervisionWarnings: 'KeyPoints.confidence' is deprecated since 0.29.0 and will be removed in 0.32.0. Use 'KeyPoints.keypoint_confidence' instead.

 28%|██▊       | 408/1451 [07:08<17:23,  1.00s/it]SupervisionWarnings: 'KeyPoints.confidence' is deprecated since 0.29.0 and will be removed in 0.32.0. Use 'KeyPoints.keypoint_confidence' instead.
SupervisionWarnings: 'KeyPoints.confidence' is deprecated since 0.29.0 and will be removed in 0.32.0. Use 'KeyPoints.keypoint_confidence' instead.
SupervisionWarnings: 'KeyPoints.confidence' is deprecated since 0.29.0 and will be removed in 0.32.0. Use 'KeyPoints.keypoint_confidence' instead.
SupervisionWarnings: 'KeyPoints.confidence' is deprecated since 0.29.0 and will be removed in 0.32.0. Use 'KeyPoints.keypoint_confidence' instead.

 28%|██▊       | 409/1451 [07:10<18:43,  1.08s/it]SupervisionWarnings: 'KeyPoints.confidence' is deprecated since 0.29.0 and will be removed in 0.32.0. Use 'KeyPoints.keypoint_confidence' instead.
SupervisionWarnings: 'KeyPoints.confidence' is deprecated since 0.29.0 and will be removed in 0.32.0. Use 'KeyPoints.keypoint_confidence' instead.
SupervisionWarnings: 'KeyPoints.confidence' is deprecated since 0.29.0 and will be removed in 0.32.0. Use 'KeyPoints.keypoint_confidence' instead.
SupervisionWarnings: 'KeyPoints.confidence' is deprecated since 0.29.0 and will be removed in 0.32.0. Use 'KeyPoints.keypoint_confidence' instead.

 28%|██▊       | 410/1451 [07:11<19:23,  1.12s/it]SupervisionWarnings: 'KeyPoints.confidence' is deprecated since 0.29.0 and will be removed in 0.32.0. Use 'KeyPoints.keypoint_confidence' instead.
SupervisionWarnings: 'KeyPoints.confidence' is deprecated since 0.29.0 and will be removed in 0.32.0. Use 'KeyPoints.keypoint_confidence' instead.
SupervisionWarnings: 'KeyPoints.confidence' is deprecated since 0.29.0 and will be removed in 0.32.0. Use 'KeyPoints.keypoint_confidence' instead.
SupervisionWarnings: 'KeyPoints.confidence' is deprecated since 0.29.0 and will be removed in 0.32.0. Use 'KeyPoints.keypoint_confidence' instead.

 28%|██▊       | 411/1451 [07:12<19:56,  1.15s/it]SupervisionWarnings: 'KeyPoints.confidence' is deprecated since 0.29.0 and will be removed in 0.32.0. Use 'KeyPoints.keypoint_confidence' instead.
SupervisionWarnings: 'KeyPoints.confidence' is deprecated since 0.29.0 and will be removed in 0.32.0. Use 'KeyPoints.keypoint_confidence' instead.
SupervisionWarnings: 'KeyPoints.confidence' is deprecated since 0.29.0 and will be removed in 0.32.0. Use 'KeyPoints.keypoint_confidence' instead.
SupervisionWarnings: 'KeyPoints.confidence' is deprecated since 0.29.0 and will be removed in 0.32.0. Use 'KeyPoints.keypoint_confidence' instead.

 28%|██▊       | 412/1451 [07:13<20:31,  1.19s/it]SupervisionWarnings: 'KeyPoints.confidence' is deprecated since 0.29.0 and will be removed in 0.32.0. Use 'KeyPoints.keypoint_confidence' instead.
SupervisionWarnings: 'KeyPoints.confidence' is deprecated since 0.29.0 and will be removed in 0.32.0. Use 'KeyPoints.keypoint_confidence' instead.
SupervisionWarnings: 'KeyPoints.confidence' is deprecated since 0.29.0 and will be removed in 0.32.0. Use 'KeyPoints.keypoint_confidence' instead.
SupervisionWarnings: 'KeyPoints.confidence' is deprecated since 0.29.0 and will be removed in 0.32.0. Use 'KeyPoints.keypoint_confidence' instead.

 28%|██▊       | 413/1451 [07:14<19:40,  1.14s/it]SupervisionWarnings: 'KeyPoints.confidence' is deprecated since 0.29.0 and will be removed in 0.32.0. Use 'KeyPoints.keypoint_confidence' instead.
SupervisionWarnings: 'KeyPoints.confidence' is deprecated since 0.29.0 and will be removed in 0.32.0. Use 'KeyPoints.keypoint_confidence' instead.
SupervisionWarnings: 'KeyPoints.confidence' is deprecated since 0.29.0 and will be removed in 0.32.0. Use 'KeyPoints.keypoint_confidence' instead.
SupervisionWarnings: 'KeyPoints.confidence' is deprecated since 0.29.0 and will be removed in 0.32.0. Use 'KeyPoints.keypoint_confidence' instead.

 29%|██▊       | 414/1451 [07:16<20:59,  1.21s/it]SupervisionWarnings: 'KeyPoints.confidence' is deprecated since 0.29.0 and will be removed in 0.32.0. Use 'KeyPoints.keypoint_confidence' instead.
SupervisionWarnings: 'KeyPoints.confidence' is deprecated since 0.29.0 and will be removed in 0.32.0. Use 'KeyPoints.keypoint_confidence' instead.
SupervisionWarnings: 'KeyPoints.confidence' is deprecated since 0.29.0 and will be removed in 0.32.0. Use 'KeyPoints.keypoint_confidence' instead.
SupervisionWarnings: 'KeyPoints.confidence' is deprecated since 0.29.0 and will be removed in 0.32.0. Use 'KeyPoints.keypoint_confidence' instead.

 29%|██▊       | 415/1451 [07:17<21:16,  1.23s/it]SupervisionWarnings: 'KeyPoints.confidence' is deprecated since 0.29.0 and will be removed in 0.32.0. Use 'KeyPoints.keypoint_confidence' instead.
SupervisionWarnings: 'KeyPoints.confidence' is deprecated since 0.29.0 and will be removed in 0.32.0. Use 'KeyPoints.keypoint_confidence' instead.
SupervisionWarnings: 'KeyPoints.confidence' is deprecated since 0.29.0 and will be removed in 0.32.0. Use 'KeyPoints.keypoint_confidence' instead.
SupervisionWarnings: 'KeyPoints.confidence' is deprecated since 0.29.0 and will be removed in 0.32.0. Use 'KeyPoints.keypoint_confidence' instead.

 29%|██▊       | 416/1451 [07:18<21:07,  1.22s/it]SupervisionWarnings: 'KeyPoints.confidence' is deprecated since 0.29.0 and will be removed in 0.32.0. Use 'KeyPoints.keypoint_confidence' instead.
SupervisionWarnings: 'KeyPoints.confidence' is deprecated since 0.29.0 and will be removed in 0.32.0. Use 'KeyPoints.keypoint_confidence' instead.
SupervisionWarnings: 'KeyPoints.confidence' is deprecated since 0.29.0 and will be removed in 0.32.0. Use 'KeyPoints.keypoint_confidence' instead.
SupervisionWarnings: 'KeyPoints.confidence' is deprecated since 0.29.0 and will be removed in 0.32.0. Use 'KeyPoints.keypoint_confidence' instead.

 29%|██▊       | 417/1451 [07:19<19:09,  1.11s/it]SupervisionWarnings: 'KeyPoints.confidence' is deprecated since 0.29.0 and will be removed in 0.32.0. Use 'KeyPoints.keypoint_confidence' instead.
SupervisionWarnings: 'KeyPoints.confidence' is deprecated since 0.29.0 and will be removed in 0.32.0. Use 'KeyPoints.keypoint_confidence' instead.
SupervisionWarnings: 'KeyPoints.confidence' is deprecated since 0.29.0 and will be removed in 0.32.0. Use 'KeyPoints.keypoint_confidence' instead.
SupervisionWarnings: 'KeyPoints.confidence' is deprecated since 0.29.0 and will be removed in 0.32.0. Use 'KeyPoints.keypoint_confidence' instead.

 29%|██▉       | 418/1451 [07:20<17:32,  1.02s/it]SupervisionWarnings: 'KeyPoints.confidence' is deprecated since 0.29.0 and will be removed in 0.32.0. Use 'KeyPoints.keypoint_confidence' instead.
SupervisionWarnings: 'KeyPoints.confidence' is deprecated since 0.29.0 and will be removed in 0.32.0. Use 'KeyPoints.keypoint_confidence' instead.
SupervisionWarnings: 'KeyPoints.confidence' is deprecated since 0.29.0 and will be removed in 0.32.0. Use 'KeyPoints.keypoint_confidence' instead.
SupervisionWarnings: 'KeyPoints.confidence' is deprecated since 0.29.0 and will be removed in 0.32.0. Use 'KeyPoints.keypoint_confidence' instead.

 29%|██▉       | 419/1451 [07:21<16:35,  1.04it/s]SupervisionWarnings: 'KeyPoints.confidence' is deprecated since 0.29.0 and will be removed in 0.32.0. Use 'KeyPoints.keypoint_confidence' instead.
SupervisionWarnings: 'KeyPoints.confidence' is deprecated since 0.29.0 and will be removed in 0.32.0. Use 'KeyPoints.keypoint_confidence' instead.
SupervisionWarnings: 'KeyPoints.confidence' is deprecated since 0.29.0 and will be removed in 0.32.0. Use 'KeyPoints.keypoint_confidence' instead.
SupervisionWarnings: 'KeyPoints.confidence' is deprecated since 0.29.0 and will be removed in 0.32.0. Use 'KeyPoints.keypoint_confidence' instead.

 29%|██▉       | 420/1451 [07:21<15:45,  1.09it/s]SupervisionWarnings: 'KeyPoints.confidence' is deprecated since 0.29.0 and will be removed in 0.32.0. Use 'KeyPoints.keypoint_confidence' instead.
SupervisionWarnings: 'KeyPoints.confidence' is deprecated since 0.29.0 and will be removed in 0.32.0. Use 'KeyPoints.keypoint_confidence' instead.
SupervisionWarnings: 'KeyPoints.confidence' is deprecated since 0.29.0 and will be removed in 0.32.0. Use 'KeyPoints.keypoint_confidence' instead.
SupervisionWarnings: 'KeyPoints.confidence' is deprecated since 0.29.0 and will be removed in 0.32.0. Use 'KeyPoints.keypoint_confidence' instead.

 29%|██▉       | 421/1451 [07:23<17:17,  1.01s/it]SupervisionWarnings: 'KeyPoints.confidence' is deprecated since 0.29.0 and will be removed in 0.32.0. Use 'KeyPoints.keypoint_confidence' instead.
SupervisionWarnings: 'KeyPoints.confidence' is deprecated since 0.29.0 and will be removed in 0.32.0. Use 'KeyPoints.keypoint_confidence' instead.
SupervisionWarnings: 'KeyPoints.confidence' is deprecated since 0.29.0 and will be removed in 0.32.0. Use 'KeyPoints.keypoint_confidence' instead.
SupervisionWarnings: 'KeyPoints.confidence' is deprecated since 0.29.0 and will be removed in 0.32.0. Use 'KeyPoints.keypoint_confidence' instead.

 29%|██▉       | 422/1451 [07:23<16:17,  1.05it/s]SupervisionWarnings: 'KeyPoints.confidence' is deprecated since 0.29.0 and will be removed in 0.32.0. Use 'KeyPoints.keypoint_confidence' instead.
SupervisionWarnings: 'KeyPoints.confidence' is deprecated since 0.29.0 and will be removed in 0.32.0. Use 'KeyPoints.keypoint_confidence' instead.
SupervisionWarnings: 'KeyPoints.confidence' is deprecated since 0.29.0 and will be removed in 0.32.0. Use 'KeyPoints.keypoint_confidence' instead.
SupervisionWarnings: 'KeyPoints.confidence' is deprecated since 0.29.0 and will be removed in 0.32.0. Use 'KeyPoints.keypoint_confidence' instead.

 29%|██▉       | 423/1451 [07:24<15:34,  1.10it/s]SupervisionWarnings: 'KeyPoints.confidence' is deprecated since 0.29.0 and will be removed in 0.32.0. Use 'KeyPoints.keypoint_confidence' instead.
SupervisionWarnings: 'KeyPoints.confidence' is deprecated since 0.29.0 and will be removed in 0.32.0. Use 'KeyPoints.keypoint_confidence' instead.
SupervisionWarnings: 'KeyPoints.confidence' is deprecated since 0.29.0 and will be removed in 0.32.0. Use 'KeyPoints.keypoint_confidence' instead.
SupervisionWarnings: 'KeyPoints.confidence' is deprecated since 0.29.0 and will be removed in 0.32.0. Use 'KeyPoints.keypoint_confidence' instead.

 29%|██▉       | 424/1451 [07:25<14:58,  1.14it/s]SupervisionWarnings: 'KeyPoints.confidence' is deprecated since 0.29.0 and will be removed in 0.32.0. Use 'KeyPoints.keypoint_confidence' instead.
SupervisionWarnings: 'KeyPoints.confidence' is deprecated since 0.29.0 and will be removed in 0.32.0. Use 'KeyPoints.keypoint_confidence' instead.
SupervisionWarnings: 'KeyPoints.confidence' is deprecated since 0.29.0 and will be removed in 0.32.0. Use 'KeyPoints.keypoint_confidence' instead.
SupervisionWarnings: 'KeyPoints.confidence' is deprecated since 0.29.0 and will be removed in 0.32.0. Use 'KeyPoints.keypoint_confidence' instead.

 29%|██▉       | 425/1451 [07:26<15:11,  1.13it/s]SupervisionWarnings: 'KeyPoints.confidence' is deprecated since 0.29.0 and will be removed in 0.32.0. Use 'KeyPoints.keypoint_confidence' instead.
SupervisionWarnings: 'KeyPoints.confidence' is deprecated since 0.29.0 and will be removed in 0.32.0. Use 'KeyPoints.keypoint_confidence' instead.
SupervisionWarnings: 'KeyPoints.confidence' is deprecated since 0.29.0 and will be removed in 0.32.0. Use 'KeyPoints.keypoint_confidence' instead.
SupervisionWarnings: 'KeyPoints.confidence' is deprecated since 0.29.0 and will be removed in 0.32.0. Use 'KeyPoints.keypoint_confidence' instead.

 29%|██▉       | 426/1451 [07:27<16:05,  1.06it/s]SupervisionWarnings: 'KeyPoints.confidence' is deprecated since 0.29.0 and will be removed in 0.32.0. Use 'KeyPoints.keypoint_confidence' instead.
SupervisionWarnings: 'KeyPoints.confidence' is deprecated since 0.29.0 and will be removed in 0.32.0. Use 'KeyPoints.keypoint_confidence' instead.
SupervisionWarnings: 'KeyPoints.confidence' is deprecated since 0.29.0 and will be removed in 0.32.0. Use 'KeyPoints.keypoint_confidence' instead.
SupervisionWarnings: 'KeyPoints.confidence' is deprecated since 0.29.0 and will be removed in 0.32.0. Use 'KeyPoints.keypoint_confidence' instead.

 29%|██▉       | 427/1451 [07:29<18:54,  1.11s/it]SupervisionWarnings: 'KeyPoints.confidence' is deprecated since 0.29.0 and will be removed in 0.32.0. Use 'KeyPoints.keypoint_confidence' instead.
SupervisionWarnings: 'KeyPoints.confidence' is deprecated since 0.29.0 and will be removed in 0.32.0. Use 'KeyPoints.keypoint_confidence' instead.
SupervisionWarnings: 'KeyPoints.confidence' is deprecated since 0.29.0 and will be removed in 0.32.0. Use 'KeyPoints.keypoint_confidence' instead.
SupervisionWarnings: 'KeyPoints.confidence' is deprecated since 0.29.0 and will be removed in 0.32.0. Use 'KeyPoints.keypoint_confidence' instead.

 29%|██▉       | 428/1451 [07:29<17:28,  1.03s/it]SupervisionWarnings: 'KeyPoints.confidence' is deprecated since 0.29.0 and will be removed in 0.32.0. Use 'KeyPoints.keypoint_confidence' instead.
SupervisionWarnings: 'KeyPoints.confidence' is deprecated since 0.29.0 and will be removed in 0.32.0. Use 'KeyPoints.keypoint_confidence' instead.
SupervisionWarnings: 'KeyPoints.confidence' is deprecated since 0.29.0 and will be removed in 0.32.0. Use 'KeyPoints.keypoint_confidence' instead.
SupervisionWarnings: 'KeyPoints.confidence' is deprecated since 0.29.0 and will be removed in 0.32.0. Use 'KeyPoints.keypoint_confidence' instead.

 30%|██▉       | 429/1451 [07:31<18:35,  1.09s/it]SupervisionWarnings: 'KeyPoints.confidence' is deprecated since 0.29.0 and will be removed in 0.32.0. Use 'KeyPoints.keypoint_confidence' instead.
SupervisionWarnings: 'KeyPoints.confidence' is deprecated since 0.29.0 and will be removed in 0.32.0. Use 'KeyPoints.keypoint_confidence' instead.
SupervisionWarnings: 'KeyPoints.confidence' is deprecated since 0.29.0 and will be removed in 0.32.0. Use 'KeyPoints.keypoint_confidence' instead.
SupervisionWarnings: 'KeyPoints.confidence' is deprecated since 0.29.0 and will be removed in 0.32.0. Use 'KeyPoints.keypoint_confidence' instead.

 30%|██▉       | 430/1451 [07:32<19:11,  1.13s/it]SupervisionWarnings: 'KeyPoints.confidence' is deprecated since 0.29.0 and will be removed in 0.32.0. Use 'KeyPoints.keypoint_confidence' instead.
SupervisionWarnings: 'KeyPoints.confidence' is deprecated since 0.29.0 and will be removed in 0.32.0. Use 'KeyPoints.keypoint_confidence' instead.
SupervisionWarnings: 'KeyPoints.confidence' is deprecated since 0.29.0 and will be removed in 0.32.0. Use 'KeyPoints.keypoint_confidence' instead.
SupervisionWarnings: 'KeyPoints.confidence' is deprecated since 0.29.0 and will be removed in 0.32.0. Use 'KeyPoints.keypoint_confidence' instead.

 30%|██▉       | 431/1451 [07:33<19:44,  1.16s/it]SupervisionWarnings: 'KeyPoints.confidence' is deprecated since 0.29.0 and will be removed in 0.32.0. Use 'KeyPoints.keypoint_confidence' instead.
SupervisionWarnings: 'KeyPoints.confidence' is deprecated since 0.29.0 and will be removed in 0.32.0. Use 'KeyPoints.keypoint_confidence' instead.
SupervisionWarnings: 'KeyPoints.confidence' is deprecated since 0.29.0 and will be removed in 0.32.0. Use 'KeyPoints.keypoint_confidence' instead.
SupervisionWarnings: 'KeyPoints.confidence' is deprecated since 0.29.0 and will be removed in 0.32.0. Use 'KeyPoints.keypoint_confidence' instead.

 30%|██▉       | 432/1451 [07:34<20:02,  1.18s/it]SupervisionWarnings: 'KeyPoints.confidence' is deprecated since 0.29.0 and will be removed in 0.32.0. Use 'KeyPoints.keypoint_confidence' instead.
SupervisionWarnings: 'KeyPoints.confidence' is deprecated since 0.29.0 and will be removed in 0.32.0. Use 'KeyPoints.keypoint_confidence' instead.
SupervisionWarnings: 'KeyPoints.confidence' is deprecated since 0.29.0 and will be removed in 0.32.0. Use 'KeyPoints.keypoint_confidence' instead.
SupervisionWarnings: 'KeyPoints.confidence' is deprecated since 0.29.0 and will be removed in 0.32.0. Use 'KeyPoints.keypoint_confidence' instead.

 30%|██▉       | 433/1451 [07:36<20:11,  1.19s/it]SupervisionWarnings: 'KeyPoints.confidence' is deprecated since 0.29.0 and will be removed in 0.32.0. Use 'KeyPoints.keypoint_confidence' instead.
SupervisionWarnings: 'KeyPoints.confidence' is deprecated since 0.29.0 and will be removed in 0.32.0. Use 'KeyPoints.keypoint_confidence' instead.
SupervisionWarnings: 'KeyPoints.confidence' is deprecated since 0.29.0 and will be removed in 0.32.0. Use 'KeyPoints.keypoint_confidence' instead.
SupervisionWarnings: 'KeyPoints.confidence' is deprecated since 0.29.0 and will be removed in 0.32.0. Use 'KeyPoints.keypoint_confidence' instead.

 30%|██▉       | 434/1451 [07:37<20:23,  1.20s/it]SupervisionWarnings: 'KeyPoints.confidence' is deprecated since 0.29.0 and will be removed in 0.32.0. Use 'KeyPoints.keypoint_confidence' instead.
SupervisionWarnings: 'KeyPoints.confidence' is deprecated since 0.29.0 and will be removed in 0.32.0. Use 'KeyPoints.keypoint_confidence' instead.
SupervisionWarnings: 'KeyPoints.confidence' is deprecated since 0.29.0 and will be removed in 0.32.0. Use 'KeyPoints.keypoint_confidence' instead.
SupervisionWarnings: 'KeyPoints.confidence' is deprecated since 0.29.0 and will be removed in 0.32.0. Use 'KeyPoints.keypoint_confidence' instead.

 30%|██▉       | 435/1451 [07:38<20:24,  1.21s/it]SupervisionWarnings: 'KeyPoints.confidence' is deprecated since 0.29.0 and will be removed in 0.32.0. Use 'KeyPoints.keypoint_confidence' instead.
SupervisionWarnings: 'KeyPoints.confidence' is deprecated since 0.29.0 and will be removed in 0.32.0. Use 'KeyPoints.keypoint_confidence' instead.
SupervisionWarnings: 'KeyPoints.confidence' is deprecated since 0.29.0 and will be removed in 0.32.0. Use 'KeyPoints.keypoint_confidence' instead.
SupervisionWarnings: 'KeyPoints.confidence' is deprecated since 0.29.0 and will be removed in 0.32.0. Use 'KeyPoints.keypoint_confidence' instead.

 30%|███       | 436/1451 [07:39<19:01,  1.12s/it]SupervisionWarnings: 'KeyPoints.confidence' is deprecated since 0.29.0 and will be removed in 0.32.0. Use 'KeyPoints.keypoint_confidence' instead.
SupervisionWarnings: 'KeyPoints.confidence' is deprecated since 0.29.0 and will be removed in 0.32.0. Use 'KeyPoints.keypoint_confidence' instead.
SupervisionWarnings: 'KeyPoints.confidence' is deprecated since 0.29.0 and will be removed in 0.32.0. Use 'KeyPoints.keypoint_confidence' instead.
SupervisionWarnings: 'KeyPoints.confidence' is deprecated since 0.29.0 and will be removed in 0.32.0. Use 'KeyPoints.keypoint_confidence' instead.

 30%|███       | 437/1451 [07:40<20:25,  1.21s/it]SupervisionWarnings: 'KeyPoints.confidence' is deprecated since 0.29.0 and will be removed in 0.32.0. Use 'KeyPoints.keypoint_confidence' instead.
SupervisionWarnings: 'KeyPoints.confidence' is deprecated since 0.29.0 and will be removed in 0.32.0. Use 'KeyPoints.keypoint_confidence' instead.
SupervisionWarnings: 'KeyPoints.confidence' is deprecated since 0.29.0 and will be removed in 0.32.0. Use 'KeyPoints.keypoint_confidence' instead.
SupervisionWarnings: 'KeyPoints.confidence' is deprecated since 0.29.0 and will be removed in 0.32.0. Use 'KeyPoints.keypoint_confidence' instead.

 30%|███       | 438/1451 [07:42<21:10,  1.25s/it]SupervisionWarnings: 'KeyPoints.confidence' is deprecated since 0.29.0 and will be removed in 0.32.0. Use 'KeyPoints.keypoint_confidence' instead.
SupervisionWarnings: 'KeyPoints.confidence' is deprecated since 0.29.0 and will be removed in 0.32.0. Use 'KeyPoints.keypoint_confidence' instead.
SupervisionWarnings: 'KeyPoints.confidence' is deprecated since 0.29.0 and will be removed in 0.32.0. Use 'KeyPoints.keypoint_confidence' instead.
SupervisionWarnings: 'KeyPoints.confidence' is deprecated since 0.29.0 and will be removed in 0.32.0. Use 'KeyPoints.keypoint_confidence' instead.

 30%|███       | 439/1451 [07:43<20:56,  1.24s/it]SupervisionWarnings: 'KeyPoints.confidence' is deprecated since 0.29.0 and will be removed in 0.32.0. Use 'KeyPoints.keypoint_confidence' instead.
SupervisionWarnings: 'KeyPoints.confidence' is deprecated since 0.29.0 and will be removed in 0.32.0. Use 'KeyPoints.keypoint_confidence' instead.
SupervisionWarnings: 'KeyPoints.confidence' is deprecated since 0.29.0 and will be removed in 0.32.0. Use 'KeyPoints.keypoint_confidence' instead.
SupervisionWarnings: 'KeyPoints.confidence' is deprecated since 0.29.0 and will be removed in 0.32.0. Use 'KeyPoints.keypoint_confidence' instead.

 30%|███       | 440/1451 [07:44<18:57,  1.13s/it]SupervisionWarnings: 'KeyPoints.confidence' is deprecated since 0.29.0 and will be removed in 0.32.0. Use 'KeyPoints.keypoint_confidence' instead.
SupervisionWarnings: 'KeyPoints.confidence' is deprecated since 0.29.0 and will be removed in 0.32.0. Use 'KeyPoints.keypoint_confidence' instead.
SupervisionWarnings: 'KeyPoints.confidence' is deprecated since 0.29.0 and will be removed in 0.32.0. Use 'KeyPoints.keypoint_confidence' instead.
SupervisionWarnings: 'KeyPoints.confidence' is deprecated since 0.29.0 and will be removed in 0.32.0. Use 'KeyPoints.keypoint_confidence' instead.

 30%|███       | 441/1451 [07:45<19:33,  1.16s/it]SupervisionWarnings: 'KeyPoints.confidence' is deprecated since 0.29.0 and will be removed in 0.32.0. Use 'KeyPoints.keypoint_confidence' instead.
SupervisionWarnings: 'KeyPoints.confidence' is deprecated since 0.29.0 and will be removed in 0.32.0. Use 'KeyPoints.keypoint_confidence' instead.
SupervisionWarnings: 'KeyPoints.confidence' is deprecated since 0.29.0 and will be removed in 0.32.0. Use 'KeyPoints.keypoint_confidence' instead.
SupervisionWarnings: 'KeyPoints.confidence' is deprecated since 0.29.0 and will be removed in 0.32.0. Use 'KeyPoints.keypoint_confidence' instead.

 30%|███       | 442/1451 [07:46<17:44,  1.05s/it]SupervisionWarnings: 'KeyPoints.confidence' is deprecated since 0.29.0 and will be removed in 0.32.0. Use 'KeyPoints.keypoint_confidence' instead.
SupervisionWarnings: 'KeyPoints.confidence' is deprecated since 0.29.0 and will be removed in 0.32.0. Use 'KeyPoints.keypoint_confidence' instead.
SupervisionWarnings: 'KeyPoints.confidence' is deprecated since 0.29.0 and will be removed in 0.32.0. Use 'KeyPoints.keypoint_confidence' instead.
SupervisionWarnings: 'KeyPoints.confidence' is deprecated since 0.29.0 and will be removed in 0.32.0. Use 'KeyPoints.keypoint_confidence' instead.

 31%|███       | 443/1451 [07:47<18:35,  1.11s/it]SupervisionWarnings: 'KeyPoints.confidence' is deprecated since 0.29.0 and will be removed in 0.32.0. Use 'KeyPoints.keypoint_confidence' instead.
SupervisionWarnings: 'KeyPoints.confidence' is deprecated since 0.29.0 and will be removed in 0.32.0. Use 'KeyPoints.keypoint_confidence' instead.
SupervisionWarnings: 'KeyPoints.confidence' is deprecated since 0.29.0 and will be removed in 0.32.0. Use 'KeyPoints.keypoint_confidence' instead.
SupervisionWarnings: 'KeyPoints.confidence' is deprecated since 0.29.0 and will be removed in 0.32.0. Use 'KeyPoints.keypoint_confidence' instead.

 31%|███       | 444/1451 [07:48<17:08,  1.02s/it]SupervisionWarnings: 'KeyPoints.confidence' is deprecated since 0.29.0 and will be removed in 0.32.0. Use 'KeyPoints.keypoint_confidence' instead.
SupervisionWarnings: 'KeyPoints.confidence' is deprecated since 0.29.0 and will be removed in 0.32.0. Use 'KeyPoints.keypoint_confidence' instead.
SupervisionWarnings: 'KeyPoints.confidence' is deprecated since 0.29.0 and will be removed in 0.32.0. Use 'KeyPoints.keypoint_confidence' instead.
SupervisionWarnings: 'KeyPoints.confidence' is deprecated since 0.29.0 and will be removed in 0.32.0. Use 'KeyPoints.keypoint_confidence' instead.

 31%|███       | 445/1451 [07:49<16:03,  1.04it/s]SupervisionWarnings: 'KeyPoints.confidence' is deprecated since 0.29.0 and will be removed in 0.32.0. Use 'KeyPoints.keypoint_confidence' instead.
SupervisionWarnings: 'KeyPoints.confidence' is deprecated since 0.29.0 and will be removed in 0.32.0. Use 'KeyPoints.keypoint_confidence' instead.
SupervisionWarnings: 'KeyPoints.confidence' is deprecated since 0.29.0 and will be removed in 0.32.0. Use 'KeyPoints.keypoint_confidence' instead.
SupervisionWarnings: 'KeyPoints.confidence' is deprecated since 0.29.0 and will be removed in 0.32.0. Use 'KeyPoints.keypoint_confidence' instead.

 31%|███       | 446/1451 [07:49<15:33,  1.08it/s]SupervisionWarnings: 'KeyPoints.confidence' is deprecated since 0.29.0 and will be removed in 0.32.0. Use 'KeyPoints.keypoint_confidence' instead.
SupervisionWarnings: 'KeyPoints.confidence' is deprecated since 0.29.0 and will be removed in 0.32.0. Use 'KeyPoints.keypoint_confidence' instead.
SupervisionWarnings: 'KeyPoints.confidence' is deprecated since 0.29.0 and will be removed in 0.32.0. Use 'KeyPoints.keypoint_confidence' instead.
SupervisionWarnings: 'KeyPoints.confidence' is deprecated since 0.29.0 and will be removed in 0.32.0. Use 'KeyPoints.keypoint_confidence' instead.

 31%|███       | 447/1451 [07:51<17:06,  1.02s/it]SupervisionWarnings: 'KeyPoints.confidence' is deprecated since 0.29.0 and will be removed in 0.32.0. Use 'KeyPoints.keypoint_confidence' instead.
SupervisionWarnings: 'KeyPoints.confidence' is deprecated since 0.29.0 and will be removed in 0.32.0. Use 'KeyPoints.keypoint_confidence' instead.
SupervisionWarnings: 'KeyPoints.confidence' is deprecated since 0.29.0 and will be removed in 0.32.0. Use 'KeyPoints.keypoint_confidence' instead.
SupervisionWarnings: 'KeyPoints.confidence' is deprecated since 0.29.0 and will be removed in 0.32.0. Use 'KeyPoints.keypoint_confidence' instead.

 31%|███       | 448/1451 [07:52<18:47,  1.12s/it]SupervisionWarnings: 'KeyPoints.confidence' is deprecated since 0.29.0 and will be removed in 0.32.0. Use 'KeyPoints.keypoint_confidence' instead.
SupervisionWarnings: 'KeyPoints.confidence' is deprecated since 0.29.0 and will be removed in 0.32.0. Use 'KeyPoints.keypoint_confidence' instead.
SupervisionWarnings: 'KeyPoints.confidence' is deprecated since 0.29.0 and will be removed in 0.32.0. Use 'KeyPoints.keypoint_confidence' instead.
SupervisionWarnings: 'KeyPoints.confidence' is deprecated since 0.29.0 and will be removed in 0.32.0. Use 'KeyPoints.keypoint_confidence' instead.

 31%|███       | 449/1451 [07:54<20:25,  1.22s/it]SupervisionWarnings: 'KeyPoints.confidence' is deprecated since 0.29.0 and will be removed in 0.32.0. Use 'KeyPoints.keypoint_confidence' instead.
SupervisionWarnings: 'KeyPoints.confidence' is deprecated since 0.29.0 and will be removed in 0.32.0. Use 'KeyPoints.keypoint_confidence' instead.
SupervisionWarnings: 'KeyPoints.confidence' is deprecated since 0.29.0 and will be removed in 0.32.0. Use 'KeyPoints.keypoint_confidence' instead.
SupervisionWarnings: 'KeyPoints.confidence' is deprecated since 0.29.0 and will be removed in 0.32.0. Use 'KeyPoints.keypoint_confidence' instead.

 31%|███       | 450/1451 [07:55<21:18,  1.28s/it]SupervisionWarnings: 'KeyPoints.confidence' is deprecated since 0.29.0 and will be removed in 0.32.0. Use 'KeyPoints.keypoint_confidence' instead.
SupervisionWarnings: 'KeyPoints.confidence' is deprecated since 0.29.0 and will be removed in 0.32.0. Use 'KeyPoints.keypoint_confidence' instead.
SupervisionWarnings: 'KeyPoints.confidence' is deprecated since 0.29.0 and will be removed in 0.32.0. Use 'KeyPoints.keypoint_confidence' instead.
SupervisionWarnings: 'KeyPoints.confidence' is deprecated since 0.29.0 and will be removed in 0.32.0. Use 'KeyPoints.keypoint_confidence' instead.

 31%|███       | 451/1451 [07:56<21:11,  1.27s/it]SupervisionWarnings: 'KeyPoints.confidence' is deprecated since 0.29.0 and will be removed in 0.32.0. Use 'KeyPoints.keypoint_confidence' instead.
SupervisionWarnings: 'KeyPoints.confidence' is deprecated since 0.29.0 and will be removed in 0.32.0. Use 'KeyPoints.keypoint_confidence' instead.
SupervisionWarnings: 'KeyPoints.confidence' is deprecated since 0.29.0 and will be removed in 0.32.0. Use 'KeyPoints.keypoint_confidence' instead.
SupervisionWarnings: 'KeyPoints.confidence' is deprecated since 0.29.0 and will be removed in 0.32.0. Use 'KeyPoints.keypoint_confidence' instead.

 31%|███       | 452/1451 [07:57<21:00,  1.26s/it]SupervisionWarnings: 'KeyPoints.confidence' is deprecated since 0.29.0 and will be removed in 0.32.0. Use 'KeyPoints.keypoint_confidence' instead.
SupervisionWarnings: 'KeyPoints.confidence' is deprecated since 0.29.0 and will be removed in 0.32.0. Use 'KeyPoints.keypoint_confidence' instead.
SupervisionWarnings: 'KeyPoints.confidence' is deprecated since 0.29.0 and will be removed in 0.32.0. Use 'KeyPoints.keypoint_confidence' instead.
SupervisionWarnings: 'KeyPoints.confidence' is deprecated since 0.29.0 and will be removed in 0.32.0. Use 'KeyPoints.keypoint_confidence' instead.

 31%|███       | 453/1451 [07:59<20:53,  1.26s/it]SupervisionWarnings: 'KeyPoints.confidence' is deprecated since 0.29.0 and will be removed in 0.32.0. Use 'KeyPoints.keypoint_confidence' instead.
SupervisionWarnings: 'KeyPoints.confidence' is deprecated since 0.29.0 and will be removed in 0.32.0. Use 'KeyPoints.keypoint_confidence' instead.
SupervisionWarnings: 'KeyPoints.confidence' is deprecated since 0.29.0 and will be removed in 0.32.0. Use 'KeyPoints.keypoint_confidence' instead.
SupervisionWarnings: 'KeyPoints.confidence' is deprecated since 0.29.0 and will be removed in 0.32.0. Use 'KeyPoints.keypoint_confidence' instead.

 31%|███▏      | 454/1451 [08:00<21:00,  1.26s/it]SupervisionWarnings: 'KeyPoints.confidence' is deprecated since 0.29.0 and will be removed in 0.32.0. Use 'KeyPoints.keypoint_confidence' instead.
SupervisionWarnings: 'KeyPoints.confidence' is deprecated since 0.29.0 and will be removed in 0.32.0. Use 'KeyPoints.keypoint_confidence' instead.
SupervisionWarnings: 'KeyPoints.confidence' is deprecated since 0.29.0 and will be removed in 0.32.0. Use 'KeyPoints.keypoint_confidence' instead.
SupervisionWarnings: 'KeyPoints.confidence' is deprecated since 0.29.0 and will be removed in 0.32.0. Use 'KeyPoints.keypoint_confidence' instead.

 31%|███▏      | 455/1451 [08:01<20:52,  1.26s/it]SupervisionWarnings: 'KeyPoints.confidence' is deprecated since 0.29.0 and will be removed in 0.32.0. Use 'KeyPoints.keypoint_confidence' instead.
SupervisionWarnings: 'KeyPoints.confidence' is deprecated since 0.29.0 and will be removed in 0.32.0. Use 'KeyPoints.keypoint_confidence' instead.
SupervisionWarnings: 'KeyPoints.confidence' is deprecated since 0.29.0 and will be removed in 0.32.0. Use 'KeyPoints.keypoint_confidence' instead.
SupervisionWarnings: 'KeyPoints.confidence' is deprecated since 0.29.0 and will be removed in 0.32.0. Use 'KeyPoints.keypoint_confidence' instead.

 31%|███▏      | 456/1451 [08:02<18:46,  1.13s/it]SupervisionWarnings: 'KeyPoints.confidence' is deprecated since 0.29.0 and will be removed in 0.32.0. Use 'KeyPoints.keypoint_confidence' instead.
SupervisionWarnings: 'KeyPoints.confidence' is deprecated since 0.29.0 and will be removed in 0.32.0. Use 'KeyPoints.keypoint_confidence' instead.
SupervisionWarnings: 'KeyPoints.confidence' is deprecated since 0.29.0 and will be removed in 0.32.0. Use 'KeyPoints.keypoint_confidence' instead.
SupervisionWarnings: 'KeyPoints.confidence' is deprecated since 0.29.0 and will be removed in 0.32.0. Use 'KeyPoints.keypoint_confidence' instead.

 31%|███▏      | 457/1451 [08:03<17:19,  1.05s/it]SupervisionWarnings: 'KeyPoints.confidence' is deprecated since 0.29.0 and will be removed in 0.32.0. Use 'KeyPoints.keypoint_confidence' instead.
SupervisionWarnings: 'KeyPoints.confidence' is deprecated since 0.29.0 and will be removed in 0.32.0. Use 'KeyPoints.keypoint_confidence' instead.
SupervisionWarnings: 'KeyPoints.confidence' is deprecated since 0.29.0 and will be removed in 0.32.0. Use 'KeyPoints.keypoint_confidence' instead.
SupervisionWarnings: 'KeyPoints.confidence' is deprecated since 0.29.0 and will be removed in 0.32.0. Use 'KeyPoints.keypoint_confidence' instead.

 32%|███▏      | 458/1451 [08:04<16:19,  1.01it/s]SupervisionWarnings: 'KeyPoints.confidence' is deprecated since 0.29.0 and will be removed in 0.32.0. Use 'KeyPoints.keypoint_confidence' instead.
SupervisionWarnings: 'KeyPoints.confidence' is deprecated since 0.29.0 and will be removed in 0.32.0. Use 'KeyPoints.keypoint_confidence' instead.
SupervisionWarnings: 'KeyPoints.confidence' is deprecated since 0.29.0 and will be removed in 0.32.0. Use 'KeyPoints.keypoint_confidence' instead.
SupervisionWarnings: 'KeyPoints.confidence' is deprecated since 0.29.0 and will be removed in 0.32.0. Use 'KeyPoints.keypoint_confidence' instead.

 32%|███▏      | 459/1451 [08:05<16:01,  1.03it/s]SupervisionWarnings: 'KeyPoints.confidence' is deprecated since 0.29.0 and will be removed in 0.32.0. Use 'KeyPoints.keypoint_confidence' instead.
SupervisionWarnings: 'KeyPoints.confidence' is deprecated since 0.29.0 and will be removed in 0.32.0. Use 'KeyPoints.keypoint_confidence' instead.
SupervisionWarnings: 'KeyPoints.confidence' is deprecated since 0.29.0 and will be removed in 0.32.0. Use 'KeyPoints.keypoint_confidence' instead.
SupervisionWarnings: 'KeyPoints.confidence' is deprecated since 0.29.0 and will be removed in 0.32.0. Use 'KeyPoints.keypoint_confidence' instead.

 32%|███▏      | 460/1451 [08:06<16:01,  1.03it/s]SupervisionWarnings: 'KeyPoints.confidence' is deprecated since 0.29.0 and will be removed in 0.32.0. Use 'KeyPoints.keypoint_confidence' instead.
SupervisionWarnings: 'KeyPoints.confidence' is deprecated since 0.29.0 and will be removed in 0.32.0. Use 'KeyPoints.keypoint_confidence' instead.
SupervisionWarnings: 'KeyPoints.confidence' is deprecated since 0.29.0 and will be removed in 0.32.0. Use 'KeyPoints.keypoint_confidence' instead.
SupervisionWarnings: 'KeyPoints.confidence' is deprecated since 0.29.0 and will be removed in 0.32.0. Use 'KeyPoints.keypoint_confidence' instead.

 32%|███▏      | 461/1451 [08:07<16:37,  1.01s/it]SupervisionWarnings: 'KeyPoints.confidence' is deprecated since 0.29.0 and will be removed in 0.32.0. Use 'KeyPoints.keypoint_confidence' instead.
SupervisionWarnings: 'KeyPoints.confidence' is deprecated since 0.29.0 and will be removed in 0.32.0. Use 'KeyPoints.keypoint_confidence' instead.
SupervisionWarnings: 'KeyPoints.confidence' is deprecated since 0.29.0 and will be removed in 0.32.0. Use 'KeyPoints.keypoint_confidence' instead.
SupervisionWarnings: 'KeyPoints.confidence' is deprecated since 0.29.0 and will be removed in 0.32.0. Use 'KeyPoints.keypoint_confidence' instead.

 32%|███▏      | 462/1451 [08:08<16:28,  1.00it/s]SupervisionWarnings: 'KeyPoints.confidence' is deprecated since 0.29.0 and will be removed in 0.32.0. Use 'KeyPoints.keypoint_confidence' instead.
SupervisionWarnings: 'KeyPoints.confidence' is deprecated since 0.29.0 and will be removed in 0.32.0. Use 'KeyPoints.keypoint_confidence' instead.
SupervisionWarnings: 'KeyPoints.confidence' is deprecated since 0.29.0 and will be removed in 0.32.0. Use 'KeyPoints.keypoint_confidence' instead.
SupervisionWarnings: 'KeyPoints.confidence' is deprecated since 0.29.0 and will be removed in 0.32.0. Use 'KeyPoints.keypoint_confidence' instead.

 32%|███▏      | 463/1451 [08:09<15:32,  1.06it/s]SupervisionWarnings: 'KeyPoints.confidence' is deprecated since 0.29.0 and will be removed in 0.32.0. Use 'KeyPoints.keypoint_confidence' instead.
SupervisionWarnings: 'KeyPoints.confidence' is deprecated since 0.29.0 and will be removed in 0.32.0. Use 'KeyPoints.keypoint_confidence' instead.
SupervisionWarnings: 'KeyPoints.confidence' is deprecated since 0.29.0 and will be removed in 0.32.0. Use 'KeyPoints.keypoint_confidence' instead.
SupervisionWarnings: 'KeyPoints.confidence' is deprecated since 0.29.0 and will be removed in 0.32.0. Use 'KeyPoints.keypoint_confidence' instead.

 32%|███▏      | 464/1451 [08:09<15:00,  1.10it/s]SupervisionWarnings: 'KeyPoints.confidence' is deprecated since 0.29.0 and will be removed in 0.32.0. Use 'KeyPoints.keypoint_confidence' instead.
SupervisionWarnings: 'KeyPoints.confidence' is deprecated since 0.29.0 and will be removed in 0.32.0. Use 'KeyPoints.keypoint_confidence' instead.
SupervisionWarnings: 'KeyPoints.confidence' is deprecated since 0.29.0 and will be removed in 0.32.0. Use 'KeyPoints.keypoint_confidence' instead.
SupervisionWarnings: 'KeyPoints.confidence' is deprecated since 0.29.0 and will be removed in 0.32.0. Use 'KeyPoints.keypoint_confidence' instead.

 32%|███▏      | 465/1451 [08:10<14:36,  1.13it/s]SupervisionWarnings: 'KeyPoints.confidence' is deprecated since 0.29.0 and will be removed in 0.32.0. Use 'KeyPoints.keypoint_confidence' instead.
SupervisionWarnings: 'KeyPoints.confidence' is deprecated since 0.29.0 and will be removed in 0.32.0. Use 'KeyPoints.keypoint_confidence' instead.
SupervisionWarnings: 'KeyPoints.confidence' is deprecated since 0.29.0 and will be removed in 0.32.0. Use 'KeyPoints.keypoint_confidence' instead.
SupervisionWarnings: 'KeyPoints.confidence' is deprecated since 0.29.0 and will be removed in 0.32.0. Use 'KeyPoints.keypoint_confidence' instead.

 32%|███▏      | 466/1451 [08:11<14:25,  1.14it/s]SupervisionWarnings: 'KeyPoints.confidence' is deprecated since 0.29.0 and will be removed in 0.32.0. Use 'KeyPoints.keypoint_confidence' instead.
SupervisionWarnings: 'KeyPoints.confidence' is deprecated since 0.29.0 and will be removed in 0.32.0. Use 'KeyPoints.keypoint_confidence' instead.
SupervisionWarnings: 'KeyPoints.confidence' is deprecated since 0.29.0 and will be removed in 0.32.0. Use 'KeyPoints.keypoint_confidence' instead.
SupervisionWarnings: 'KeyPoints.confidence' is deprecated since 0.29.0 and will be removed in 0.32.0. Use 'KeyPoints.keypoint_confidence' instead.

 32%|███▏      | 467/1451 [08:12<14:09,  1.16it/s]SupervisionWarnings: 'KeyPoints.confidence' is deprecated since 0.29.0 and will be removed in 0.32.0. Use 'KeyPoints.keypoint_confidence' instead.
SupervisionWarnings: 'KeyPoints.confidence' is deprecated since 0.29.0 and will be removed in 0.32.0. Use 'KeyPoints.keypoint_confidence' instead.
SupervisionWarnings: 'KeyPoints.confidence' is deprecated since 0.29.0 and will be removed in 0.32.0. Use 'KeyPoints.keypoint_confidence' instead.
SupervisionWarnings: 'KeyPoints.confidence' is deprecated since 0.29.0 and will be removed in 0.32.0. Use 'KeyPoints.keypoint_confidence' instead.

 32%|███▏      | 468/1451 [08:13<13:54,  1.18it/s]SupervisionWarnings: 'KeyPoints.confidence' is deprecated since 0.29.0 and will be removed in 0.32.0. Use 'KeyPoints.keypoint_confidence' instead.
SupervisionWarnings: 'KeyPoints.confidence' is deprecated since 0.29.0 and will be removed in 0.32.0. Use 'KeyPoints.keypoint_confidence' instead.
SupervisionWarnings: 'KeyPoints.confidence' is deprecated since 0.29.0 and will be removed in 0.32.0. Use 'KeyPoints.keypoint_confidence' instead.
SupervisionWarnings: 'KeyPoints.confidence' is deprecated since 0.29.0 and will be removed in 0.32.0. Use 'KeyPoints.keypoint_confidence' instead.

 32%|███▏      | 469/1451 [08:14<15:50,  1.03it/s]SupervisionWarnings: 'KeyPoints.confidence' is deprecated since 0.29.0 and will be removed in 0.32.0. Use 'KeyPoints.keypoint_confidence' instead.
SupervisionWarnings: 'KeyPoints.confidence' is deprecated since 0.29.0 and will be removed in 0.32.0. Use 'KeyPoints.keypoint_confidence' instead.
SupervisionWarnings: 'KeyPoints.confidence' is deprecated since 0.29.0 and will be removed in 0.32.0. Use 'KeyPoints.keypoint_confidence' instead.
SupervisionWarnings: 'KeyPoints.confidence' is deprecated since 0.29.0 and will be removed in 0.32.0. Use 'KeyPoints.keypoint_confidence' instead.

 32%|███▏      | 470/1451 [08:15<17:06,  1.05s/it]SupervisionWarnings: 'KeyPoints.confidence' is deprecated since 0.29.0 and will be removed in 0.32.0. Use 'KeyPoints.keypoint_confidence' instead.
SupervisionWarnings: 'KeyPoints.confidence' is deprecated since 0.29.0 and will be removed in 0.32.0. Use 'KeyPoints.keypoint_confidence' instead.
SupervisionWarnings: 'KeyPoints.confidence' is deprecated since 0.29.0 and will be removed in 0.32.0. Use 'KeyPoints.keypoint_confidence' instead.
SupervisionWarnings: 'KeyPoints.confidence' is deprecated since 0.29.0 and will be removed in 0.32.0. Use 'KeyPoints.keypoint_confidence' instead.

 32%|███▏      | 471/1451 [08:16<18:02,  1.10s/it]SupervisionWarnings: 'KeyPoints.confidence' is deprecated since 0.29.0 and will be removed in 0.32.0. Use 'KeyPoints.keypoint_confidence' instead.
SupervisionWarnings: 'KeyPoints.confidence' is deprecated since 0.29.0 and will be removed in 0.32.0. Use 'KeyPoints.keypoint_confidence' instead.
SupervisionWarnings: 'KeyPoints.confidence' is deprecated since 0.29.0 and will be removed in 0.32.0. Use 'KeyPoints.keypoint_confidence' instead.
SupervisionWarnings: 'KeyPoints.confidence' is deprecated since 0.29.0 and will be removed in 0.32.0. Use 'KeyPoints.keypoint_confidence' instead.

 33%|███▎      | 472/1451 [08:18<18:41,  1.15s/it]SupervisionWarnings: 'KeyPoints.confidence' is deprecated since 0.29.0 and will be removed in 0.32.0. Use 'KeyPoints.keypoint_confidence' instead.
SupervisionWarnings: 'KeyPoints.confidence' is deprecated since 0.29.0 and will be removed in 0.32.0. Use 'KeyPoints.keypoint_confidence' instead.
SupervisionWarnings: 'KeyPoints.confidence' is deprecated since 0.29.0 and will be removed in 0.32.0. Use 'KeyPoints.keypoint_confidence' instead.
SupervisionWarnings: 'KeyPoints.confidence' is deprecated since 0.29.0 and will be removed in 0.32.0. Use 'KeyPoints.keypoint_confidence' instead.

 33%|███▎      | 473/1451 [08:19<20:26,  1.25s/it]SupervisionWarnings: 'KeyPoints.confidence' is deprecated since 0.29.0 and will be removed in 0.32.0. Use 'KeyPoints.keypoint_confidence' instead.
SupervisionWarnings: 'KeyPoints.confidence' is deprecated since 0.29.0 and will be removed in 0.32.0. Use 'KeyPoints.keypoint_confidence' instead.
SupervisionWarnings: 'KeyPoints.confidence' is deprecated since 0.29.0 and will be removed in 0.32.0. Use 'KeyPoints.keypoint_confidence' instead.
SupervisionWarnings: 'KeyPoints.confidence' is deprecated since 0.29.0 and will be removed in 0.32.0. Use 'KeyPoints.keypoint_confidence' instead.

 33%|███▎      | 474/1451 [08:21<21:36,  1.33s/it]SupervisionWarnings: 'KeyPoints.confidence' is deprecated since 0.29.0 and will be removed in 0.32.0. Use 'KeyPoints.keypoint_confidence' instead.
SupervisionWarnings: 'KeyPoints.confidence' is deprecated since 0.29.0 and will be removed in 0.32.0. Use 'KeyPoints.keypoint_confidence' instead.
SupervisionWarnings: 'KeyPoints.confidence' is deprecated since 0.29.0 and will be removed in 0.32.0. Use 'KeyPoints.keypoint_confidence' instead.
SupervisionWarnings: 'KeyPoints.confidence' is deprecated since 0.29.0 and will be removed in 0.32.0. Use 'KeyPoints.keypoint_confidence' instead.

 33%|███▎      | 475/1451 [08:22<21:10,  1.30s/it]SupervisionWarnings: 'KeyPoints.confidence' is deprecated since 0.29.0 and will be removed in 0.32.0. Use 'KeyPoints.keypoint_confidence' instead.
SupervisionWarnings: 'KeyPoints.confidence' is deprecated since 0.29.0 and will be removed in 0.32.0. Use 'KeyPoints.keypoint_confidence' instead.
SupervisionWarnings: 'KeyPoints.confidence' is deprecated since 0.29.0 and will be removed in 0.32.0. Use 'KeyPoints.keypoint_confidence' instead.
SupervisionWarnings: 'KeyPoints.confidence' is deprecated since 0.29.0 and will be removed in 0.32.0. Use 'KeyPoints.keypoint_confidence' instead.

 33%|███▎      | 476/1451 [08:23<18:58,  1.17s/it]SupervisionWarnings: 'KeyPoints.confidence' is deprecated since 0.29.0 and will be removed in 0.32.0. Use 'KeyPoints.keypoint_confidence' instead.
SupervisionWarnings: 'KeyPoints.confidence' is deprecated since 0.29.0 and will be removed in 0.32.0. Use 'KeyPoints.keypoint_confidence' instead.
SupervisionWarnings: 'KeyPoints.confidence' is deprecated since 0.29.0 and will be removed in 0.32.0. Use 'KeyPoints.keypoint_confidence' instead.
SupervisionWarnings: 'KeyPoints.confidence' is deprecated since 0.29.0 and will be removed in 0.32.0. Use 'KeyPoints.keypoint_confidence' instead.

 33%|███▎      | 477/1451 [08:24<17:16,  1.06s/it]SupervisionWarnings: 'KeyPoints.confidence' is deprecated since 0.29.0 and will be removed in 0.32.0. Use 'KeyPoints.keypoint_confidence' instead.
SupervisionWarnings: 'KeyPoints.confidence' is deprecated since 0.29.0 and will be removed in 0.32.0. Use 'KeyPoints.keypoint_confidence' instead.
SupervisionWarnings: 'KeyPoints.confidence' is deprecated since 0.29.0 and will be removed in 0.32.0. Use 'KeyPoints.keypoint_confidence' instead.
SupervisionWarnings: 'KeyPoints.confidence' is deprecated since 0.29.0 and will be removed in 0.32.0. Use 'KeyPoints.keypoint_confidence' instead.

 33%|███▎      | 478/1451 [08:25<18:05,  1.12s/it]SupervisionWarnings: 'KeyPoints.confidence' is deprecated since 0.29.0 and will be removed in 0.32.0. Use 'KeyPoints.keypoint_confidence' instead.
SupervisionWarnings: 'KeyPoints.confidence' is deprecated since 0.29.0 and will be removed in 0.32.0. Use 'KeyPoints.keypoint_confidence' instead.
SupervisionWarnings: 'KeyPoints.confidence' is deprecated since 0.29.0 and will be removed in 0.32.0. Use 'KeyPoints.keypoint_confidence' instead.
SupervisionWarnings: 'KeyPoints.confidence' is deprecated since 0.29.0 and will be removed in 0.32.0. Use 'KeyPoints.keypoint_confidence' instead.

 33%|███▎      | 479/1451 [08:26<16:37,  1.03s/it]SupervisionWarnings: 'KeyPoints.confidence' is deprecated since 0.29.0 and will be removed in 0.32.0. Use 'KeyPoints.keypoint_confidence' instead.
SupervisionWarnings: 'KeyPoints.confidence' is deprecated since 0.29.0 and will be removed in 0.32.0. Use 'KeyPoints.keypoint_confidence' instead.
SupervisionWarnings: 'KeyPoints.confidence' is deprecated since 0.29.0 and will be removed in 0.32.0. Use 'KeyPoints.keypoint_confidence' instead.
SupervisionWarnings: 'KeyPoints.confidence' is deprecated since 0.29.0 and will be removed in 0.32.0. Use 'KeyPoints.keypoint_confidence' instead.

 33%|███▎      | 480/1451 [08:27<17:38,  1.09s/it]SupervisionWarnings: 'KeyPoints.confidence' is deprecated since 0.29.0 and will be removed in 0.32.0. Use 'KeyPoints.keypoint_confidence' instead.
SupervisionWarnings: 'KeyPoints.confidence' is deprecated since 0.29.0 and will be removed in 0.32.0. Use 'KeyPoints.keypoint_confidence' instead.
SupervisionWarnings: 'KeyPoints.confidence' is deprecated since 0.29.0 and will be removed in 0.32.0. Use 'KeyPoints.keypoint_confidence' instead.
SupervisionWarnings: 'KeyPoints.confidence' is deprecated since 0.29.0 and will be removed in 0.32.0. Use 'KeyPoints.keypoint_confidence' instead.

 33%|███▎      | 481/1451 [08:28<16:18,  1.01s/it]SupervisionWarnings: 'KeyPoints.confidence' is deprecated since 0.29.0 and will be removed in 0.32.0. Use 'KeyPoints.keypoint_confidence' instead.
SupervisionWarnings: 'KeyPoints.confidence' is deprecated since 0.29.0 and will be removed in 0.32.0. Use 'KeyPoints.keypoint_confidence' instead.
SupervisionWarnings: 'KeyPoints.confidence' is deprecated since 0.29.0 and will be removed in 0.32.0. Use 'KeyPoints.keypoint_confidence' instead.
SupervisionWarnings: 'KeyPoints.confidence' is deprecated since 0.29.0 and will be removed in 0.32.0. Use 'KeyPoints.keypoint_confidence' instead.

 33%|███▎      | 482/1451 [08:29<15:23,  1.05it/s]SupervisionWarnings: 'KeyPoints.confidence' is deprecated since 0.29.0 and will be removed in 0.32.0. Use 'KeyPoints.keypoint_confidence' instead.
SupervisionWarnings: 'KeyPoints.confidence' is deprecated since 0.29.0 and will be removed in 0.32.0. Use 'KeyPoints.keypoint_confidence' instead.
SupervisionWarnings: 'KeyPoints.confidence' is deprecated since 0.29.0 and will be removed in 0.32.0. Use 'KeyPoints.keypoint_confidence' instead.
SupervisionWarnings: 'KeyPoints.confidence' is deprecated since 0.29.0 and will be removed in 0.32.0. Use 'KeyPoints.keypoint_confidence' instead.

 33%|███▎      | 483/1451 [08:29<14:46,  1.09it/s]SupervisionWarnings: 'KeyPoints.confidence' is deprecated since 0.29.0 and will be removed in 0.32.0. Use 'KeyPoints.keypoint_confidence' instead.
SupervisionWarnings: 'KeyPoints.confidence' is deprecated since 0.29.0 and will be removed in 0.32.0. Use 'KeyPoints.keypoint_confidence' instead.
SupervisionWarnings: 'KeyPoints.confidence' is deprecated since 0.29.0 and will be removed in 0.32.0. Use 'KeyPoints.keypoint_confidence' instead.
SupervisionWarnings: 'KeyPoints.confidence' is deprecated since 0.29.0 and will be removed in 0.32.0. Use 'KeyPoints.keypoint_confidence' instead.

 33%|███▎      | 484/1451 [08:30<14:17,  1.13it/s]SupervisionWarnings: 'KeyPoints.confidence' is deprecated since 0.29.0 and will be removed in 0.32.0. Use 'KeyPoints.keypoint_confidence' instead.
SupervisionWarnings: 'KeyPoints.confidence' is deprecated since 0.29.0 and will be removed in 0.32.0. Use 'KeyPoints.keypoint_confidence' instead.
SupervisionWarnings: 'KeyPoints.confidence' is deprecated since 0.29.0 and will be removed in 0.32.0. Use 'KeyPoints.keypoint_confidence' instead.
SupervisionWarnings: 'KeyPoints.confidence' is deprecated since 0.29.0 and will be removed in 0.32.0. Use 'KeyPoints.keypoint_confidence' instead.

 33%|███▎      | 485/1451 [08:32<16:33,  1.03s/it]SupervisionWarnings: 'KeyPoints.confidence' is deprecated since 0.29.0 and will be removed in 0.32.0. Use 'KeyPoints.keypoint_confidence' instead.
SupervisionWarnings: 'KeyPoints.confidence' is deprecated since 0.29.0 and will be removed in 0.32.0. Use 'KeyPoints.keypoint_confidence' instead.
SupervisionWarnings: 'KeyPoints.confidence' is deprecated since 0.29.0 and will be removed in 0.32.0. Use 'KeyPoints.keypoint_confidence' instead.
SupervisionWarnings: 'KeyPoints.confidence' is deprecated since 0.29.0 and will be removed in 0.32.0. Use 'KeyPoints.keypoint_confidence' instead.

 33%|███▎      | 486/1451 [08:33<19:08,  1.19s/it]SupervisionWarnings: 'KeyPoints.confidence' is deprecated since 0.29.0 and will be removed in 0.32.0. Use 'KeyPoints.keypoint_confidence' instead.
SupervisionWarnings: 'KeyPoints.confidence' is deprecated since 0.29.0 and will be removed in 0.32.0. Use 'KeyPoints.keypoint_confidence' instead.
SupervisionWarnings: 'KeyPoints.confidence' is deprecated since 0.29.0 and will be removed in 0.32.0. Use 'KeyPoints.keypoint_confidence' instead.
SupervisionWarnings: 'KeyPoints.confidence' is deprecated since 0.29.0 and will be removed in 0.32.0. Use 'KeyPoints.keypoint_confidence' instead.

 34%|███▎      | 487/1451 [08:34<19:28,  1.21s/it]SupervisionWarnings: 'KeyPoints.confidence' is deprecated since 0.29.0 and will be removed in 0.32.0. Use 'KeyPoints.keypoint_confidence' instead.
SupervisionWarnings: 'KeyPoints.confidence' is deprecated since 0.29.0 and will be removed in 0.32.0. Use 'KeyPoints.keypoint_confidence' instead.
SupervisionWarnings: 'KeyPoints.confidence' is deprecated since 0.29.0 and will be removed in 0.32.0. Use 'KeyPoints.keypoint_confidence' instead.
SupervisionWarnings: 'KeyPoints.confidence' is deprecated since 0.29.0 and will be removed in 0.32.0. Use 'KeyPoints.keypoint_confidence' instead.

 34%|███▎      | 488/1451 [08:36<19:31,  1.22s/it]SupervisionWarnings: 'KeyPoints.confidence' is deprecated since 0.29.0 and will be removed in 0.32.0. Use 'KeyPoints.keypoint_confidence' instead.
SupervisionWarnings: 'KeyPoints.confidence' is deprecated since 0.29.0 and will be removed in 0.32.0. Use 'KeyPoints.keypoint_confidence' instead.
SupervisionWarnings: 'KeyPoints.confidence' is deprecated since 0.29.0 and will be removed in 0.32.0. Use 'KeyPoints.keypoint_confidence' instead.
SupervisionWarnings: 'KeyPoints.confidence' is deprecated since 0.29.0 and will be removed in 0.32.0. Use 'KeyPoints.keypoint_confidence' instead.

 34%|███▎      | 489/1451 [08:37<19:50,  1.24s/it]SupervisionWarnings: 'KeyPoints.confidence' is deprecated since 0.29.0 and will be removed in 0.32.0. Use 'KeyPoints.keypoint_confidence' instead.
SupervisionWarnings: 'KeyPoints.confidence' is deprecated since 0.29.0 and will be removed in 0.32.0. Use 'KeyPoints.keypoint_confidence' instead.
SupervisionWarnings: 'KeyPoints.confidence' is deprecated since 0.29.0 and will be removed in 0.32.0. Use 'KeyPoints.keypoint_confidence' instead.
SupervisionWarnings: 'KeyPoints.confidence' is deprecated since 0.29.0 and will be removed in 0.32.0. Use 'KeyPoints.keypoint_confidence' instead.

 34%|███▍      | 490/1451 [08:38<17:46,  1.11s/it]SupervisionWarnings: 'KeyPoints.confidence' is deprecated since 0.29.0 and will be removed in 0.32.0. Use 'KeyPoints.keypoint_confidence' instead.
SupervisionWarnings: 'KeyPoints.confidence' is deprecated since 0.29.0 and will be removed in 0.32.0. Use 'KeyPoints.keypoint_confidence' instead.
SupervisionWarnings: 'KeyPoints.confidence' is deprecated since 0.29.0 and will be removed in 0.32.0. Use 'KeyPoints.keypoint_confidence' instead.
SupervisionWarnings: 'KeyPoints.confidence' is deprecated since 0.29.0 and will be removed in 0.32.0. Use 'KeyPoints.keypoint_confidence' instead.

 34%|███▍      | 491/1451 [08:39<18:30,  1.16s/it]SupervisionWarnings: 'KeyPoints.confidence' is deprecated since 0.29.0 and will be removed in 0.32.0. Use 'KeyPoints.keypoint_confidence' instead.
SupervisionWarnings: 'KeyPoints.confidence' is deprecated since 0.29.0 and will be removed in 0.32.0. Use 'KeyPoints.keypoint_confidence' instead.
SupervisionWarnings: 'KeyPoints.confidence' is deprecated since 0.29.0 and will be removed in 0.32.0. Use 'KeyPoints.keypoint_confidence' instead.
SupervisionWarnings: 'KeyPoints.confidence' is deprecated since 0.29.0 and will be removed in 0.32.0. Use 'KeyPoints.keypoint_confidence' instead.

 34%|███▍      | 492/1451 [08:40<18:54,  1.18s/it]SupervisionWarnings: 'KeyPoints.confidence' is deprecated since 0.29.0 and will be removed in 0.32.0. Use 'KeyPoints.keypoint_confidence' instead.
SupervisionWarnings: 'KeyPoints.confidence' is deprecated since 0.29.0 and will be removed in 0.32.0. Use 'KeyPoints.keypoint_confidence' instead.
SupervisionWarnings: 'KeyPoints.confidence' is deprecated since 0.29.0 and will be removed in 0.32.0. Use 'KeyPoints.keypoint_confidence' instead.
SupervisionWarnings: 'KeyPoints.confidence' is deprecated since 0.29.0 and will be removed in 0.32.0. Use 'KeyPoints.keypoint_confidence' instead.

 34%|███▍      | 493/1451 [08:41<19:16,  1.21s/it]SupervisionWarnings: 'KeyPoints.confidence' is deprecated since 0.29.0 and will be removed in 0.32.0. Use 'KeyPoints.keypoint_confidence' instead.
SupervisionWarnings: 'KeyPoints.confidence' is deprecated since 0.29.0 and will be removed in 0.32.0. Use 'KeyPoints.keypoint_confidence' instead.
SupervisionWarnings: 'KeyPoints.confidence' is deprecated since 0.29.0 and will be removed in 0.32.0. Use 'KeyPoints.keypoint_confidence' instead.
SupervisionWarnings: 'KeyPoints.confidence' is deprecated since 0.29.0 and will be removed in 0.32.0. Use 'KeyPoints.keypoint_confidence' instead.

 34%|███▍      | 494/1451 [08:43<19:28,  1.22s/it]SupervisionWarnings: 'KeyPoints.confidence' is deprecated since 0.29.0 and will be removed in 0.32.0. Use 'KeyPoints.keypoint_confidence' instead.
SupervisionWarnings: 'KeyPoints.confidence' is deprecated since 0.29.0 and will be removed in 0.32.0. Use 'KeyPoints.keypoint_confidence' instead.
SupervisionWarnings: 'KeyPoints.confidence' is deprecated since 0.29.0 and will be removed in 0.32.0. Use 'KeyPoints.keypoint_confidence' instead.
SupervisionWarnings: 'KeyPoints.confidence' is deprecated since 0.29.0 and will be removed in 0.32.0. Use 'KeyPoints.keypoint_confidence' instead.

 34%|███▍      | 495/1451 [08:44<17:58,  1.13s/it]SupervisionWarnings: 'KeyPoints.confidence' is deprecated since 0.29.0 and will be removed in 0.32.0. Use 'KeyPoints.keypoint_confidence' instead.
SupervisionWarnings: 'KeyPoints.confidence' is deprecated since 0.29.0 and will be removed in 0.32.0. Use 'KeyPoints.keypoint_confidence' instead.
SupervisionWarnings: 'KeyPoints.confidence' is deprecated since 0.29.0 and will be removed in 0.32.0. Use 'KeyPoints.keypoint_confidence' instead.
SupervisionWarnings: 'KeyPoints.confidence' is deprecated since 0.29.0 and will be removed in 0.32.0. Use 'KeyPoints.keypoint_confidence' instead.

 34%|███▍      | 496/1451 [08:45<17:31,  1.10s/it]SupervisionWarnings: 'KeyPoints.confidence' is deprecated since 0.29.0 and will be removed in 0.32.0. Use 'KeyPoints.keypoint_confidence' instead.
SupervisionWarnings: 'KeyPoints.confidence' is deprecated since 0.29.0 and will be removed in 0.32.0. Use 'KeyPoints.keypoint_confidence' instead.
SupervisionWarnings: 'KeyPoints.confidence' is deprecated since 0.29.0 and will be removed in 0.32.0. Use 'KeyPoints.keypoint_confidence' instead.
SupervisionWarnings: 'KeyPoints.confidence' is deprecated since 0.29.0 and will be removed in 0.32.0. Use 'KeyPoints.keypoint_confidence' instead.

 34%|███▍      | 497/1451 [08:46<17:20,  1.09s/it]SupervisionWarnings: 'KeyPoints.confidence' is deprecated since 0.29.0 and will be removed in 0.32.0. Use 'KeyPoints.keypoint_confidence' instead.
SupervisionWarnings: 'KeyPoints.confidence' is deprecated since 0.29.0 and will be removed in 0.32.0. Use 'KeyPoints.keypoint_confidence' instead.
SupervisionWarnings: 'KeyPoints.confidence' is deprecated since 0.29.0 and will be removed in 0.32.0. Use 'KeyPoints.keypoint_confidence' instead.
SupervisionWarnings: 'KeyPoints.confidence' is deprecated since 0.29.0 and will be removed in 0.32.0. Use 'KeyPoints.keypoint_confidence' instead.

 34%|███▍      | 498/1451 [08:47<16:38,  1.05s/it]SupervisionWarnings: 'KeyPoints.confidence' is deprecated since 0.29.0 and will be removed in 0.32.0. Use 'KeyPoints.keypoint_confidence' instead.
SupervisionWarnings: 'KeyPoints.confidence' is deprecated since 0.29.0 and will be removed in 0.32.0. Use 'KeyPoints.keypoint_confidence' instead.
SupervisionWarnings: 'KeyPoints.confidence' is deprecated since 0.29.0 and will be removed in 0.32.0. Use 'KeyPoints.keypoint_confidence' instead.
SupervisionWarnings: 'KeyPoints.confidence' is deprecated since 0.29.0 and will be removed in 0.32.0. Use 'KeyPoints.keypoint_confidence' instead.

 34%|███▍      | 499/1451 [08:48<15:38,  1.01it/s]SupervisionWarnings: 'KeyPoints.confidence' is deprecated since 0.29.0 and will be removed in 0.32.0. Use 'KeyPoints.keypoint_confidence' instead.
SupervisionWarnings: 'KeyPoints.confidence' is deprecated since 0.29.0 and will be removed in 0.32.0. Use 'KeyPoints.keypoint_confidence' instead.
SupervisionWarnings: 'KeyPoints.confidence' is deprecated since 0.29.0 and will be removed in 0.32.0. Use 'KeyPoints.keypoint_confidence' instead.
SupervisionWarnings: 'KeyPoints.confidence' is deprecated since 0.29.0 and will be removed in 0.32.0. Use 'KeyPoints.keypoint_confidence' instead.

 34%|███▍      | 500/1451 [08:48<14:50,  1.07it/s]SupervisionWarnings: 'KeyPoints.confidence' is deprecated since 0.29.0 and will be removed in 0.32.0. Use 'KeyPoints.keypoint_confidence' instead.
SupervisionWarnings: 'KeyPoints.confidence' is deprecated since 0.29.0 and will be removed in 0.32.0. Use 'KeyPoints.keypoint_confidence' instead.
SupervisionWarnings: 'KeyPoints.confidence' is deprecated since 0.29.0 and will be removed in 0.32.0. Use 'KeyPoints.keypoint_confidence' instead.
SupervisionWarnings: 'KeyPoints.confidence' is deprecated since 0.29.0 and will be removed in 0.32.0. Use 'KeyPoints.keypoint_confidence' instead.

 35%|███▍      | 501/1451 [08:50<16:19,  1.03s/it]SupervisionWarnings: 'KeyPoints.confidence' is deprecated since 0.29.0 and will be removed in 0.32.0. Use 'KeyPoints.keypoint_confidence' instead.
SupervisionWarnings: 'KeyPoints.confidence' is deprecated since 0.29.0 and will be removed in 0.32.0. Use 'KeyPoints.keypoint_confidence' instead.
SupervisionWarnings: 'KeyPoints.confidence' is deprecated since 0.29.0 and will be removed in 0.32.0. Use 'KeyPoints.keypoint_confidence' instead.
SupervisionWarnings: 'KeyPoints.confidence' is deprecated since 0.29.0 and will be removed in 0.32.0. Use 'KeyPoints.keypoint_confidence' instead.

 35%|███▍      | 502/1451 [08:51<17:13,  1.09s/it]SupervisionWarnings: 'KeyPoints.confidence' is deprecated since 0.29.0 and will be removed in 0.32.0. Use 'KeyPoints.keypoint_confidence' instead.
SupervisionWarnings: 'KeyPoints.confidence' is deprecated since 0.29.0 and will be removed in 0.32.0. Use 'KeyPoints.keypoint_confidence' instead.
SupervisionWarnings: 'KeyPoints.confidence' is deprecated since 0.29.0 and will be removed in 0.32.0. Use 'KeyPoints.keypoint_confidence' instead.
SupervisionWarnings: 'KeyPoints.confidence' is deprecated since 0.29.0 and will be removed in 0.32.0. Use 'KeyPoints.keypoint_confidence' instead.

 35%|███▍      | 503/1451 [08:52<15:59,  1.01s/it]SupervisionWarnings: 'KeyPoints.confidence' is deprecated since 0.29.0 and will be removed in 0.32.0. Use 'KeyPoints.keypoint_confidence' instead.
SupervisionWarnings: 'KeyPoints.confidence' is deprecated since 0.29.0 and will be removed in 0.32.0. Use 'KeyPoints.keypoint_confidence' instead.
SupervisionWarnings: 'KeyPoints.confidence' is deprecated since 0.29.0 and will be removed in 0.32.0. Use 'KeyPoints.keypoint_confidence' instead.
SupervisionWarnings: 'KeyPoints.confidence' is deprecated since 0.29.0 and will be removed in 0.32.0. Use 'KeyPoints.keypoint_confidence' instead.

 35%|███▍      | 504/1451 [08:52<15:10,  1.04it/s]SupervisionWarnings: 'KeyPoints.confidence' is deprecated since 0.29.0 and will be removed in 0.32.0. Use 'KeyPoints.keypoint_confidence' instead.
SupervisionWarnings: 'KeyPoints.confidence' is deprecated since 0.29.0 and will be removed in 0.32.0. Use 'KeyPoints.keypoint_confidence' instead.
SupervisionWarnings: 'KeyPoints.confidence' is deprecated since 0.29.0 and will be removed in 0.32.0. Use 'KeyPoints.keypoint_confidence' instead.
SupervisionWarnings: 'KeyPoints.confidence' is deprecated since 0.29.0 and will be removed in 0.32.0. Use 'KeyPoints.keypoint_confidence' instead.

 35%|███▍      | 505/1451 [08:53<14:27,  1.09it/s]SupervisionWarnings: 'KeyPoints.confidence' is deprecated since 0.29.0 and will be removed in 0.32.0. Use 'KeyPoints.keypoint_confidence' instead.
SupervisionWarnings: 'KeyPoints.confidence' is deprecated since 0.29.0 and will be removed in 0.32.0. Use 'KeyPoints.keypoint_confidence' instead.
SupervisionWarnings: 'KeyPoints.confidence' is deprecated since 0.29.0 and will be removed in 0.32.0. Use 'KeyPoints.keypoint_confidence' instead.
SupervisionWarnings: 'KeyPoints.confidence' is deprecated since 0.29.0 and will be removed in 0.32.0. Use 'KeyPoints.keypoint_confidence' instead.

 35%|███▍      | 506/1451 [08:55<16:03,  1.02s/it]SupervisionWarnings: 'KeyPoints.confidence' is deprecated since 0.29.0 and will be removed in 0.32.0. Use 'KeyPoints.keypoint_confidence' instead.
SupervisionWarnings: 'KeyPoints.confidence' is deprecated since 0.29.0 and will be removed in 0.32.0. Use 'KeyPoints.keypoint_confidence' instead.
SupervisionWarnings: 'KeyPoints.confidence' is deprecated since 0.29.0 and will be removed in 0.32.0. Use 'KeyPoints.keypoint_confidence' instead.
SupervisionWarnings: 'KeyPoints.confidence' is deprecated since 0.29.0 and will be removed in 0.32.0. Use 'KeyPoints.keypoint_confidence' instead.

 35%|███▍      | 507/1451 [08:56<16:59,  1.08s/it]SupervisionWarnings: 'KeyPoints.confidence' is deprecated since 0.29.0 and will be removed in 0.32.0. Use 'KeyPoints.keypoint_confidence' instead.
SupervisionWarnings: 'KeyPoints.confidence' is deprecated since 0.29.0 and will be removed in 0.32.0. Use 'KeyPoints.keypoint_confidence' instead.
SupervisionWarnings: 'KeyPoints.confidence' is deprecated since 0.29.0 and will be removed in 0.32.0. Use 'KeyPoints.keypoint_confidence' instead.
SupervisionWarnings: 'KeyPoints.confidence' is deprecated since 0.29.0 and will be removed in 0.32.0. Use 'KeyPoints.keypoint_confidence' instead.

 35%|███▌      | 508/1451 [08:57<16:07,  1.03s/it]SupervisionWarnings: 'KeyPoints.confidence' is deprecated since 0.29.0 and will be removed in 0.32.0. Use 'KeyPoints.keypoint_confidence' instead.
SupervisionWarnings: 'KeyPoints.confidence' is deprecated since 0.29.0 and will be removed in 0.32.0. Use 'KeyPoints.keypoint_confidence' instead.
SupervisionWarnings: 'KeyPoints.confidence' is deprecated since 0.29.0 and will be removed in 0.32.0. Use 'KeyPoints.keypoint_confidence' instead.
SupervisionWarnings: 'KeyPoints.confidence' is deprecated since 0.29.0 and will be removed in 0.32.0. Use 'KeyPoints.keypoint_confidence' instead.

 35%|███▌      | 509/1451 [08:58<16:28,  1.05s/it]SupervisionWarnings: 'KeyPoints.confidence' is deprecated since 0.29.0 and will be removed in 0.32.0. Use 'KeyPoints.keypoint_confidence' instead.
SupervisionWarnings: 'KeyPoints.confidence' is deprecated since 0.29.0 and will be removed in 0.32.0. Use 'KeyPoints.keypoint_confidence' instead.
SupervisionWarnings: 'KeyPoints.confidence' is deprecated since 0.29.0 and will be removed in 0.32.0. Use 'KeyPoints.keypoint_confidence' instead.
SupervisionWarnings: 'KeyPoints.confidence' is deprecated since 0.29.0 and will be removed in 0.32.0. Use 'KeyPoints.keypoint_confidence' instead.

 35%|███▌      | 510/1451 [08:59<16:35,  1.06s/it]SupervisionWarnings: 'KeyPoints.confidence' is deprecated since 0.29.0 and will be removed in 0.32.0. Use 'KeyPoints.keypoint_confidence' instead.
SupervisionWarnings: 'KeyPoints.confidence' is deprecated since 0.29.0 and will be removed in 0.32.0. Use 'KeyPoints.keypoint_confidence' instead.
SupervisionWarnings: 'KeyPoints.confidence' is deprecated since 0.29.0 and will be removed in 0.32.0. Use 'KeyPoints.keypoint_confidence' instead.
SupervisionWarnings: 'KeyPoints.confidence' is deprecated since 0.29.0 and will be removed in 0.32.0. Use 'KeyPoints.keypoint_confidence' instead.

 35%|███▌      | 511/1451 [09:00<17:56,  1.14s/it]SupervisionWarnings: 'KeyPoints.confidence' is deprecated since 0.29.0 and will be removed in 0.32.0. Use 'KeyPoints.keypoint_confidence' instead.
SupervisionWarnings: 'KeyPoints.confidence' is deprecated since 0.29.0 and will be removed in 0.32.0. Use 'KeyPoints.keypoint_confidence' instead.
SupervisionWarnings: 'KeyPoints.confidence' is deprecated since 0.29.0 and will be removed in 0.32.0. Use 'KeyPoints.keypoint_confidence' instead.
SupervisionWarnings: 'KeyPoints.confidence' is deprecated since 0.29.0 and will be removed in 0.32.0. Use 'KeyPoints.keypoint_confidence' instead.

 35%|███▌      | 512/1451 [09:01<18:23,  1.17s/it]SupervisionWarnings: 'KeyPoints.confidence' is deprecated since 0.29.0 and will be removed in 0.32.0. Use 'KeyPoints.keypoint_confidence' instead.
SupervisionWarnings: 'KeyPoints.confidence' is deprecated since 0.29.0 and will be removed in 0.32.0. Use 'KeyPoints.keypoint_confidence' instead.
SupervisionWarnings: 'KeyPoints.confidence' is deprecated since 0.29.0 and will be removed in 0.32.0. Use 'KeyPoints.keypoint_confidence' instead.
SupervisionWarnings: 'KeyPoints.confidence' is deprecated since 0.29.0 and will be removed in 0.32.0. Use 'KeyPoints.keypoint_confidence' instead.

 35%|███▌      | 513/1451 [09:03<18:37,  1.19s/it]SupervisionWarnings: 'KeyPoints.confidence' is deprecated since 0.29.0 and will be removed in 0.32.0. Use 'KeyPoints.keypoint_confidence' instead.
SupervisionWarnings: 'KeyPoints.confidence' is deprecated since 0.29.0 and will be removed in 0.32.0. Use 'KeyPoints.keypoint_confidence' instead.
SupervisionWarnings: 'KeyPoints.confidence' is deprecated since 0.29.0 and will be removed in 0.32.0. Use 'KeyPoints.keypoint_confidence' instead.
SupervisionWarnings: 'KeyPoints.confidence' is deprecated since 0.29.0 and will be removed in 0.32.0. Use 'KeyPoints.keypoint_confidence' instead.

 35%|███▌      | 514/1451 [09:04<18:50,  1.21s/it]SupervisionWarnings: 'KeyPoints.confidence' is deprecated since 0.29.0 and will be removed in 0.32.0. Use 'KeyPoints.keypoint_confidence' instead.
SupervisionWarnings: 'KeyPoints.confidence' is deprecated since 0.29.0 and will be removed in 0.32.0. Use 'KeyPoints.keypoint_confidence' instead.
SupervisionWarnings: 'KeyPoints.confidence' is deprecated since 0.29.0 and will be removed in 0.32.0. Use 'KeyPoints.keypoint_confidence' instead.
SupervisionWarnings: 'KeyPoints.confidence' is deprecated since 0.29.0 and will be removed in 0.32.0. Use 'KeyPoints.keypoint_confidence' instead.

 35%|███▌      | 515/1451 [09:05<17:09,  1.10s/it]SupervisionWarnings: 'KeyPoints.confidence' is deprecated since 0.29.0 and will be removed in 0.32.0. Use 'KeyPoints.keypoint_confidence' instead.
SupervisionWarnings: 'KeyPoints.confidence' is deprecated since 0.29.0 and will be removed in 0.32.0. Use 'KeyPoints.keypoint_confidence' instead.
SupervisionWarnings: 'KeyPoints.confidence' is deprecated since 0.29.0 and will be removed in 0.32.0. Use 'KeyPoints.keypoint_confidence' instead.
SupervisionWarnings: 'KeyPoints.confidence' is deprecated since 0.29.0 and will be removed in 0.32.0. Use 'KeyPoints.keypoint_confidence' instead.

 36%|███▌      | 516/1451 [09:06<15:49,  1.02s/it]SupervisionWarnings: 'KeyPoints.confidence' is deprecated since 0.29.0 and will be removed in 0.32.0. Use 'KeyPoints.keypoint_confidence' instead.
SupervisionWarnings: 'KeyPoints.confidence' is deprecated since 0.29.0 and will be removed in 0.32.0. Use 'KeyPoints.keypoint_confidence' instead.
SupervisionWarnings: 'KeyPoints.confidence' is deprecated since 0.29.0 and will be removed in 0.32.0. Use 'KeyPoints.keypoint_confidence' instead.
SupervisionWarnings: 'KeyPoints.confidence' is deprecated since 0.29.0 and will be removed in 0.32.0. Use 'KeyPoints.keypoint_confidence' instead.

 36%|███▌      | 517/1451 [09:07<16:50,  1.08s/it]SupervisionWarnings: 'KeyPoints.confidence' is deprecated since 0.29.0 and will be removed in 0.32.0. Use 'KeyPoints.keypoint_confidence' instead.
SupervisionWarnings: 'KeyPoints.confidence' is deprecated since 0.29.0 and will be removed in 0.32.0. Use 'KeyPoints.keypoint_confidence' instead.
SupervisionWarnings: 'KeyPoints.confidence' is deprecated since 0.29.0 and will be removed in 0.32.0. Use 'KeyPoints.keypoint_confidence' instead.
SupervisionWarnings: 'KeyPoints.confidence' is deprecated since 0.29.0 and will be removed in 0.32.0. Use 'KeyPoints.keypoint_confidence' instead.

 36%|███▌      | 518/1451 [09:08<17:33,  1.13s/it]SupervisionWarnings: 'KeyPoints.confidence' is deprecated since 0.29.0 and will be removed in 0.32.0. Use 'KeyPoints.keypoint_confidence' instead.
SupervisionWarnings: 'KeyPoints.confidence' is deprecated since 0.29.0 and will be removed in 0.32.0. Use 'KeyPoints.keypoint_confidence' instead.
SupervisionWarnings: 'KeyPoints.confidence' is deprecated since 0.29.0 and will be removed in 0.32.0. Use 'KeyPoints.keypoint_confidence' instead.
SupervisionWarnings: 'KeyPoints.confidence' is deprecated since 0.29.0 and will be removed in 0.32.0. Use 'KeyPoints.keypoint_confidence' instead.

 36%|███▌      | 519/1451 [09:09<18:07,  1.17s/it]SupervisionWarnings: 'KeyPoints.confidence' is deprecated since 0.29.0 and will be removed in 0.32.0. Use 'KeyPoints.keypoint_confidence' instead.
SupervisionWarnings: 'KeyPoints.confidence' is deprecated since 0.29.0 and will be removed in 0.32.0. Use 'KeyPoints.keypoint_confidence' instead.
SupervisionWarnings: 'KeyPoints.confidence' is deprecated since 0.29.0 and will be removed in 0.32.0. Use 'KeyPoints.keypoint_confidence' instead.
SupervisionWarnings: 'KeyPoints.confidence' is deprecated since 0.29.0 and will be removed in 0.32.0. Use 'KeyPoints.keypoint_confidence' instead.

 36%|███▌      | 520/1451 [09:11<19:04,  1.23s/it]SupervisionWarnings: 'KeyPoints.confidence' is deprecated since 0.29.0 and will be removed in 0.32.0. Use 'KeyPoints.keypoint_confidence' instead.
SupervisionWarnings: 'KeyPoints.confidence' is deprecated since 0.29.0 and will be removed in 0.32.0. Use 'KeyPoints.keypoint_confidence' instead.
SupervisionWarnings: 'KeyPoints.confidence' is deprecated since 0.29.0 and will be removed in 0.32.0. Use 'KeyPoints.keypoint_confidence' instead.
SupervisionWarnings: 'KeyPoints.confidence' is deprecated since 0.29.0 and will be removed in 0.32.0. Use 'KeyPoints.keypoint_confidence' instead.

 36%|███▌      | 521/1451 [09:12<20:37,  1.33s/it]SupervisionWarnings: 'KeyPoints.confidence' is deprecated since 0.29.0 and will be removed in 0.32.0. Use 'KeyPoints.keypoint_confidence' instead.
SupervisionWarnings: 'KeyPoints.confidence' is deprecated since 0.29.0 and will be removed in 0.32.0. Use 'KeyPoints.keypoint_confidence' instead.
SupervisionWarnings: 'KeyPoints.confidence' is deprecated since 0.29.0 and will be removed in 0.32.0. Use 'KeyPoints.keypoint_confidence' instead.
SupervisionWarnings: 'KeyPoints.confidence' is deprecated since 0.29.0 and will be removed in 0.32.0. Use 'KeyPoints.keypoint_confidence' instead.

 36%|███▌      | 522/1451 [09:14<20:20,  1.31s/it]SupervisionWarnings: 'KeyPoints.confidence' is deprecated since 0.29.0 and will be removed in 0.32.0. Use 'KeyPoints.keypoint_confidence' instead.
SupervisionWarnings: 'KeyPoints.confidence' is deprecated since 0.29.0 and will be removed in 0.32.0. Use 'KeyPoints.keypoint_confidence' instead.
SupervisionWarnings: 'KeyPoints.confidence' is deprecated since 0.29.0 and will be removed in 0.32.0. Use 'KeyPoints.keypoint_confidence' instead.
SupervisionWarnings: 'KeyPoints.confidence' is deprecated since 0.29.0 and will be removed in 0.32.0. Use 'KeyPoints.keypoint_confidence' instead.

 36%|███▌      | 523/1451 [09:15<20:03,  1.30s/it]SupervisionWarnings: 'KeyPoints.confidence' is deprecated since 0.29.0 and will be removed in 0.32.0. Use 'KeyPoints.keypoint_confidence' instead.
SupervisionWarnings: 'KeyPoints.confidence' is deprecated since 0.29.0 and will be removed in 0.32.0. Use 'KeyPoints.keypoint_confidence' instead.
SupervisionWarnings: 'KeyPoints.confidence' is deprecated since 0.29.0 and will be removed in 0.32.0. Use 'KeyPoints.keypoint_confidence' instead.
SupervisionWarnings: 'KeyPoints.confidence' is deprecated since 0.29.0 and will be removed in 0.32.0. Use 'KeyPoints.keypoint_confidence' instead.

 36%|███▌      | 524/1451 [09:16<19:50,  1.28s/it]SupervisionWarnings: 'KeyPoints.confidence' is deprecated since 0.29.0 and will be removed in 0.32.0. Use 'KeyPoints.keypoint_confidence' instead.
SupervisionWarnings: 'KeyPoints.confidence' is deprecated since 0.29.0 and will be removed in 0.32.0. Use 'KeyPoints.keypoint_confidence' instead.
SupervisionWarnings: 'KeyPoints.confidence' is deprecated since 0.29.0 and will be removed in 0.32.0. Use 'KeyPoints.keypoint_confidence' instead.
SupervisionWarnings: 'KeyPoints.confidence' is deprecated since 0.29.0 and will be removed in 0.32.0. Use 'KeyPoints.keypoint_confidence' instead.

 36%|███▌      | 525/1451 [09:17<19:31,  1.26s/it]SupervisionWarnings: 'KeyPoints.confidence' is deprecated since 0.29.0 and will be removed in 0.32.0. Use 'KeyPoints.keypoint_confidence' instead.
SupervisionWarnings: 'KeyPoints.confidence' is deprecated since 0.29.0 and will be removed in 0.32.0. Use 'KeyPoints.keypoint_confidence' instead.
SupervisionWarnings: 'KeyPoints.confidence' is deprecated since 0.29.0 and will be removed in 0.32.0. Use 'KeyPoints.keypoint_confidence' instead.
SupervisionWarnings: 'KeyPoints.confidence' is deprecated since 0.29.0 and will be removed in 0.32.0. Use 'KeyPoints.keypoint_confidence' instead.

 36%|███▋      | 526/1451 [09:19<19:23,  1.26s/it]SupervisionWarnings: 'KeyPoints.confidence' is deprecated since 0.29.0 and will be removed in 0.32.0. Use 'KeyPoints.keypoint_confidence' instead.
SupervisionWarnings: 'KeyPoints.confidence' is deprecated since 0.29.0 and will be removed in 0.32.0. Use 'KeyPoints.keypoint_confidence' instead.
SupervisionWarnings: 'KeyPoints.confidence' is deprecated since 0.29.0 and will be removed in 0.32.0. Use 'KeyPoints.keypoint_confidence' instead.
SupervisionWarnings: 'KeyPoints.confidence' is deprecated since 0.29.0 and will be removed in 0.32.0. Use 'KeyPoints.keypoint_confidence' instead.

 36%|███▋      | 527/1451 [09:20<19:25,  1.26s/it]SupervisionWarnings: 'KeyPoints.confidence' is deprecated since 0.29.0 and will be removed in 0.32.0. Use 'KeyPoints.keypoint_confidence' instead.
SupervisionWarnings: 'KeyPoints.confidence' is deprecated since 0.29.0 and will be removed in 0.32.0. Use 'KeyPoints.keypoint_confidence' instead.
SupervisionWarnings: 'KeyPoints.confidence' is deprecated since 0.29.0 and will be removed in 0.32.0. Use 'KeyPoints.keypoint_confidence' instead.
SupervisionWarnings: 'KeyPoints.confidence' is deprecated since 0.29.0 and will be removed in 0.32.0. Use 'KeyPoints.keypoint_confidence' instead.

 36%|███▋      | 528/1451 [09:21<19:22,  1.26s/it]SupervisionWarnings: 'KeyPoints.confidence' is deprecated since 0.29.0 and will be removed in 0.32.0. Use 'KeyPoints.keypoint_confidence' instead.
SupervisionWarnings: 'KeyPoints.confidence' is deprecated since 0.29.0 and will be removed in 0.32.0. Use 'KeyPoints.keypoint_confidence' instead.
SupervisionWarnings: 'KeyPoints.confidence' is deprecated since 0.29.0 and will be removed in 0.32.0. Use 'KeyPoints.keypoint_confidence' instead.
SupervisionWarnings: 'KeyPoints.confidence' is deprecated since 0.29.0 and will be removed in 0.32.0. Use 'KeyPoints.keypoint_confidence' instead.

 36%|███▋      | 529/1451 [09:22<19:24,  1.26s/it]SupervisionWarnings: 'KeyPoints.confidence' is deprecated since 0.29.0 and will be removed in 0.32.0. Use 'KeyPoints.keypoint_confidence' instead.
SupervisionWarnings: 'KeyPoints.confidence' is deprecated since 0.29.0 and will be removed in 0.32.0. Use 'KeyPoints.keypoint_confidence' instead.
SupervisionWarnings: 'KeyPoints.confidence' is deprecated since 0.29.0 and will be removed in 0.32.0. Use 'KeyPoints.keypoint_confidence' instead.
SupervisionWarnings: 'KeyPoints.confidence' is deprecated since 0.29.0 and will be removed in 0.32.0. Use 'KeyPoints.keypoint_confidence' instead.

 37%|███▋      | 530/1451 [09:24<20:24,  1.33s/it]SupervisionWarnings: 'KeyPoints.confidence' is deprecated since 0.29.0 and will be removed in 0.32.0. Use 'KeyPoints.keypoint_confidence' instead.
SupervisionWarnings: 'KeyPoints.confidence' is deprecated since 0.29.0 and will be removed in 0.32.0. Use 'KeyPoints.keypoint_confidence' instead.
SupervisionWarnings: 'KeyPoints.confidence' is deprecated since 0.29.0 and will be removed in 0.32.0. Use 'KeyPoints.keypoint_confidence' instead.
SupervisionWarnings: 'KeyPoints.confidence' is deprecated since 0.29.0 and will be removed in 0.32.0. Use 'KeyPoints.keypoint_confidence' instead.

 37%|███▋      | 531/1451 [09:25<21:29,  1.40s/it]SupervisionWarnings: 'KeyPoints.confidence' is deprecated since 0.29.0 and will be removed in 0.32.0. Use 'KeyPoints.keypoint_confidence' instead.
SupervisionWarnings: 'KeyPoints.confidence' is deprecated since 0.29.0 and will be removed in 0.32.0. Use 'KeyPoints.keypoint_confidence' instead.
SupervisionWarnings: 'KeyPoints.confidence' is deprecated since 0.29.0 and will be removed in 0.32.0. Use 'KeyPoints.keypoint_confidence' instead.
SupervisionWarnings: 'KeyPoints.confidence' is deprecated since 0.29.0 and will be removed in 0.32.0. Use 'KeyPoints.keypoint_confidence' instead.

 37%|███▋      | 532/1451 [09:27<20:53,  1.36s/it]SupervisionWarnings: 'KeyPoints.confidence' is deprecated since 0.29.0 and will be removed in 0.32.0. Use 'KeyPoints.keypoint_confidence' instead.
SupervisionWarnings: 'KeyPoints.confidence' is deprecated since 0.29.0 and will be removed in 0.32.0. Use 'KeyPoints.keypoint_confidence' instead.
SupervisionWarnings: 'KeyPoints.confidence' is deprecated since 0.29.0 and will be removed in 0.32.0. Use 'KeyPoints.keypoint_confidence' instead.
SupervisionWarnings: 'KeyPoints.confidence' is deprecated since 0.29.0 and will be removed in 0.32.0. Use 'KeyPoints.keypoint_confidence' instead.

 37%|███▋      | 533/1451 [09:28<20:18,  1.33s/it]SupervisionWarnings: 'KeyPoints.confidence' is deprecated since 0.29.0 and will be removed in 0.32.0. Use 'KeyPoints.keypoint_confidence' instead.
SupervisionWarnings: 'KeyPoints.confidence' is deprecated since 0.29.0 and will be removed in 0.32.0. Use 'KeyPoints.keypoint_confidence' instead.
SupervisionWarnings: 'KeyPoints.confidence' is deprecated since 0.29.0 and will be removed in 0.32.0. Use 'KeyPoints.keypoint_confidence' instead.
SupervisionWarnings: 'KeyPoints.confidence' is deprecated since 0.29.0 and will be removed in 0.32.0. Use 'KeyPoints.keypoint_confidence' instead.

 37%|███▋      | 534/1451 [09:29<19:51,  1.30s/it]SupervisionWarnings: 'KeyPoints.confidence' is deprecated since 0.29.0 and will be removed in 0.32.0. Use 'KeyPoints.keypoint_confidence' instead.
SupervisionWarnings: 'KeyPoints.confidence' is deprecated since 0.29.0 and will be removed in 0.32.0. Use 'KeyPoints.keypoint_confidence' instead.
SupervisionWarnings: 'KeyPoints.confidence' is deprecated since 0.29.0 and will be removed in 0.32.0. Use 'KeyPoints.keypoint_confidence' instead.
SupervisionWarnings: 'KeyPoints.confidence' is deprecated since 0.29.0 and will be removed in 0.32.0. Use 'KeyPoints.keypoint_confidence' instead.

 37%|███▋      | 535/1451 [09:30<19:42,  1.29s/it]SupervisionWarnings: 'KeyPoints.confidence' is deprecated since 0.29.0 and will be removed in 0.32.0. Use 'KeyPoints.keypoint_confidence' instead.
SupervisionWarnings: 'KeyPoints.confidence' is deprecated since 0.29.0 and will be removed in 0.32.0. Use 'KeyPoints.keypoint_confidence' instead.
SupervisionWarnings: 'KeyPoints.confidence' is deprecated since 0.29.0 and will be removed in 0.32.0. Use 'KeyPoints.keypoint_confidence' instead.
SupervisionWarnings: 'KeyPoints.confidence' is deprecated since 0.29.0 and will be removed in 0.32.0. Use 'KeyPoints.keypoint_confidence' instead.

 37%|███▋      | 536/1451 [09:31<17:33,  1.15s/it]SupervisionWarnings: 'KeyPoints.confidence' is deprecated since 0.29.0 and will be removed in 0.32.0. Use 'KeyPoints.keypoint_confidence' instead.
SupervisionWarnings: 'KeyPoints.confidence' is deprecated since 0.29.0 and will be removed in 0.32.0. Use 'KeyPoints.keypoint_confidence' instead.
SupervisionWarnings: 'KeyPoints.confidence' is deprecated since 0.29.0 and will be removed in 0.32.0. Use 'KeyPoints.keypoint_confidence' instead.
SupervisionWarnings: 'KeyPoints.confidence' is deprecated since 0.29.0 and will be removed in 0.32.0. Use 'KeyPoints.keypoint_confidence' instead.

 37%|███▋      | 537/1451 [09:32<15:58,  1.05s/it]SupervisionWarnings: 'KeyPoints.confidence' is deprecated since 0.29.0 and will be removed in 0.32.0. Use 'KeyPoints.keypoint_confidence' instead.
SupervisionWarnings: 'KeyPoints.confidence' is deprecated since 0.29.0 and will be removed in 0.32.0. Use 'KeyPoints.keypoint_confidence' instead.
SupervisionWarnings: 'KeyPoints.confidence' is deprecated since 0.29.0 and will be removed in 0.32.0. Use 'KeyPoints.keypoint_confidence' instead.
SupervisionWarnings: 'KeyPoints.confidence' is deprecated since 0.29.0 and will be removed in 0.32.0. Use 'KeyPoints.keypoint_confidence' instead.

 37%|███▋      | 538/1451 [09:33<14:50,  1.02it/s]SupervisionWarnings: 'KeyPoints.confidence' is deprecated since 0.29.0 and will be removed in 0.32.0. Use 'KeyPoints.keypoint_confidence' instead.
SupervisionWarnings: 'KeyPoints.confidence' is deprecated since 0.29.0 and will be removed in 0.32.0. Use 'KeyPoints.keypoint_confidence' instead.
SupervisionWarnings: 'KeyPoints.confidence' is deprecated since 0.29.0 and will be removed in 0.32.0. Use 'KeyPoints.keypoint_confidence' instead.
SupervisionWarnings: 'KeyPoints.confidence' is deprecated since 0.29.0 and will be removed in 0.32.0. Use 'KeyPoints.keypoint_confidence' instead.

 37%|███▋      | 539/1451 [09:34<14:05,  1.08it/s]SupervisionWarnings: 'KeyPoints.confidence' is deprecated since 0.29.0 and will be removed in 0.32.0. Use 'KeyPoints.keypoint_confidence' instead.
SupervisionWarnings: 'KeyPoints.confidence' is deprecated since 0.29.0 and will be removed in 0.32.0. Use 'KeyPoints.keypoint_confidence' instead.
SupervisionWarnings: 'KeyPoints.confidence' is deprecated since 0.29.0 and will be removed in 0.32.0. Use 'KeyPoints.keypoint_confidence' instead.
SupervisionWarnings: 'KeyPoints.confidence' is deprecated since 0.29.0 and will be removed in 0.32.0. Use 'KeyPoints.keypoint_confidence' instead.

 37%|███▋      | 540/1451 [09:34<13:39,  1.11it/s]SupervisionWarnings: 'KeyPoints.confidence' is deprecated since 0.29.0 and will be removed in 0.32.0. Use 'KeyPoints.keypoint_confidence' instead.
SupervisionWarnings: 'KeyPoints.confidence' is deprecated since 0.29.0 and will be removed in 0.32.0. Use 'KeyPoints.keypoint_confidence' instead.
SupervisionWarnings: 'KeyPoints.confidence' is deprecated since 0.29.0 and will be removed in 0.32.0. Use 'KeyPoints.keypoint_confidence' instead.
SupervisionWarnings: 'KeyPoints.confidence' is deprecated since 0.29.0 and will be removed in 0.32.0. Use 'KeyPoints.keypoint_confidence' instead.

 37%|███▋      | 541/1451 [09:35<13:24,  1.13it/s]SupervisionWarnings: 'KeyPoints.confidence' is deprecated since 0.29.0 and will be removed in 0.32.0. Use 'KeyPoints.keypoint_confidence' instead.
SupervisionWarnings: 'KeyPoints.confidence' is deprecated since 0.29.0 and will be removed in 0.32.0. Use 'KeyPoints.keypoint_confidence' instead.
SupervisionWarnings: 'KeyPoints.confidence' is deprecated since 0.29.0 and will be removed in 0.32.0. Use 'KeyPoints.keypoint_confidence' instead.
SupervisionWarnings: 'KeyPoints.confidence' is deprecated since 0.29.0 and will be removed in 0.32.0. Use 'KeyPoints.keypoint_confidence' instead.

 37%|███▋      | 542/1451 [09:36<13:36,  1.11it/s]SupervisionWarnings: 'KeyPoints.confidence' is deprecated since 0.29.0 and will be removed in 0.32.0. Use 'KeyPoints.keypoint_confidence' instead.
SupervisionWarnings: 'KeyPoints.confidence' is deprecated since 0.29.0 and will be removed in 0.32.0. Use 'KeyPoints.keypoint_confidence' instead.
SupervisionWarnings: 'KeyPoints.confidence' is deprecated since 0.29.0 and will be removed in 0.32.0. Use 'KeyPoints.keypoint_confidence' instead.
SupervisionWarnings: 'KeyPoints.confidence' is deprecated since 0.29.0 and will be removed in 0.32.0. Use 'KeyPoints.keypoint_confidence' instead.

 37%|███▋      | 543/1451 [09:37<14:19,  1.06it/s]SupervisionWarnings: 'KeyPoints.confidence' is deprecated since 0.29.0 and will be removed in 0.32.0. Use 'KeyPoints.keypoint_confidence' instead.
SupervisionWarnings: 'KeyPoints.confidence' is deprecated since 0.29.0 and will be removed in 0.32.0. Use 'KeyPoints.keypoint_confidence' instead.
SupervisionWarnings: 'KeyPoints.confidence' is deprecated since 0.29.0 and will be removed in 0.32.0. Use 'KeyPoints.keypoint_confidence' instead.
SupervisionWarnings: 'KeyPoints.confidence' is deprecated since 0.29.0 and will be removed in 0.32.0. Use 'KeyPoints.keypoint_confidence' instead.

 37%|███▋      | 544/1451 [09:38<14:37,  1.03it/s]SupervisionWarnings: 'KeyPoints.confidence' is deprecated since 0.29.0 and will be removed in 0.32.0. Use 'KeyPoints.keypoint_confidence' instead.
SupervisionWarnings: 'KeyPoints.confidence' is deprecated since 0.29.0 and will be removed in 0.32.0. Use 'KeyPoints.keypoint_confidence' instead.
SupervisionWarnings: 'KeyPoints.confidence' is deprecated since 0.29.0 and will be removed in 0.32.0. Use 'KeyPoints.keypoint_confidence' instead.
SupervisionWarnings: 'KeyPoints.confidence' is deprecated since 0.29.0 and will be removed in 0.32.0. Use 'KeyPoints.keypoint_confidence' instead.

 38%|███▊      | 545/1451 [09:39<14:20,  1.05it/s]SupervisionWarnings: 'KeyPoints.confidence' is deprecated since 0.29.0 and will be removed in 0.32.0. Use 'KeyPoints.keypoint_confidence' instead.
SupervisionWarnings: 'KeyPoints.confidence' is deprecated since 0.29.0 and will be removed in 0.32.0. Use 'KeyPoints.keypoint_confidence' instead.
SupervisionWarnings: 'KeyPoints.confidence' is deprecated since 0.29.0 and will be removed in 0.32.0. Use 'KeyPoints.keypoint_confidence' instead.
SupervisionWarnings: 'KeyPoints.confidence' is deprecated since 0.29.0 and will be removed in 0.32.0. Use 'KeyPoints.keypoint_confidence' instead.

 38%|███▊      | 546/1451 [09:40<13:46,  1.10it/s]SupervisionWarnings: 'KeyPoints.confidence' is deprecated since 0.29.0 and will be removed in 0.32.0. Use 'KeyPoints.keypoint_confidence' instead.
SupervisionWarnings: 'KeyPoints.confidence' is deprecated since 0.29.0 and will be removed in 0.32.0. Use 'KeyPoints.keypoint_confidence' instead.
SupervisionWarnings: 'KeyPoints.confidence' is deprecated since 0.29.0 and will be removed in 0.32.0. Use 'KeyPoints.keypoint_confidence' instead.
SupervisionWarnings: 'KeyPoints.confidence' is deprecated since 0.29.0 and will be removed in 0.32.0. Use 'KeyPoints.keypoint_confidence' instead.

 38%|███▊      | 547/1451 [09:41<13:22,  1.13it/s]SupervisionWarnings: 'KeyPoints.confidence' is deprecated since 0.29.0 and will be removed in 0.32.0. Use 'KeyPoints.keypoint_confidence' instead.
SupervisionWarnings: 'KeyPoints.confidence' is deprecated since 0.29.0 and will be removed in 0.32.0. Use 'KeyPoints.keypoint_confidence' instead.
SupervisionWarnings: 'KeyPoints.confidence' is deprecated since 0.29.0 and will be removed in 0.32.0. Use 'KeyPoints.keypoint_confidence' instead.
SupervisionWarnings: 'KeyPoints.confidence' is deprecated since 0.29.0 and will be removed in 0.32.0. Use 'KeyPoints.keypoint_confidence' instead.

 38%|███▊      | 548/1451 [09:42<13:02,  1.15it/s]SupervisionWarnings: 'KeyPoints.confidence' is deprecated since 0.29.0 and will be removed in 0.32.0. Use 'KeyPoints.keypoint_confidence' instead.
SupervisionWarnings: 'KeyPoints.confidence' is deprecated since 0.29.0 and will be removed in 0.32.0. Use 'KeyPoints.keypoint_confidence' instead.
SupervisionWarnings: 'KeyPoints.confidence' is deprecated since 0.29.0 and will be removed in 0.32.0. Use 'KeyPoints.keypoint_confidence' instead.
SupervisionWarnings: 'KeyPoints.confidence' is deprecated since 0.29.0 and will be removed in 0.32.0. Use 'KeyPoints.keypoint_confidence' instead.

 38%|███▊      | 549/1451 [09:43<12:49,  1.17it/s]SupervisionWarnings: 'KeyPoints.confidence' is deprecated since 0.29.0 and will be removed in 0.32.0. Use 'KeyPoints.keypoint_confidence' instead.
SupervisionWarnings: 'KeyPoints.confidence' is deprecated since 0.29.0 and will be removed in 0.32.0. Use 'KeyPoints.keypoint_confidence' instead.
SupervisionWarnings: 'KeyPoints.confidence' is deprecated since 0.29.0 and will be removed in 0.32.0. Use 'KeyPoints.keypoint_confidence' instead.
SupervisionWarnings: 'KeyPoints.confidence' is deprecated since 0.29.0 and will be removed in 0.32.0. Use 'KeyPoints.keypoint_confidence' instead.

 38%|███▊      | 550/1451 [09:43<12:38,  1.19it/s]SupervisionWarnings: 'KeyPoints.confidence' is deprecated since 0.29.0 and will be removed in 0.32.0. Use 'KeyPoints.keypoint_confidence' instead.
SupervisionWarnings: 'KeyPoints.confidence' is deprecated since 0.29.0 and will be removed in 0.32.0. Use 'KeyPoints.keypoint_confidence' instead.
SupervisionWarnings: 'KeyPoints.confidence' is deprecated since 0.29.0 and will be removed in 0.32.0. Use 'KeyPoints.keypoint_confidence' instead.
SupervisionWarnings: 'KeyPoints.confidence' is deprecated since 0.29.0 and will be removed in 0.32.0. Use 'KeyPoints.keypoint_confidence' instead.

 38%|███▊      | 551/1451 [09:44<12:31,  1.20it/s]SupervisionWarnings: 'KeyPoints.confidence' is deprecated since 0.29.0 and will be removed in 0.32.0. Use 'KeyPoints.keypoint_confidence' instead.
SupervisionWarnings: 'KeyPoints.confidence' is deprecated since 0.29.0 and will be removed in 0.32.0. Use 'KeyPoints.keypoint_confidence' instead.
SupervisionWarnings: 'KeyPoints.confidence' is deprecated since 0.29.0 and will be removed in 0.32.0. Use 'KeyPoints.keypoint_confidence' instead.
SupervisionWarnings: 'KeyPoints.confidence' is deprecated since 0.29.0 and will be removed in 0.32.0. Use 'KeyPoints.keypoint_confidence' instead.

 38%|███▊      | 552/1451 [09:45<12:25,  1.21it/s]SupervisionWarnings: 'KeyPoints.confidence' is deprecated since 0.29.0 and will be removed in 0.32.0. Use 'KeyPoints.keypoint_confidence' instead.
SupervisionWarnings: 'KeyPoints.confidence' is deprecated since 0.29.0 and will be removed in 0.32.0. Use 'KeyPoints.keypoint_confidence' instead.
SupervisionWarnings: 'KeyPoints.confidence' is deprecated since 0.29.0 and will be removed in 0.32.0. Use 'KeyPoints.keypoint_confidence' instead.
SupervisionWarnings: 'KeyPoints.confidence' is deprecated since 0.29.0 and will be removed in 0.32.0. Use 'KeyPoints.keypoint_confidence' instead.

 38%|███▊      | 553/1451 [09:46<12:26,  1.20it/s]SupervisionWarnings: 'KeyPoints.confidence' is deprecated since 0.29.0 and will be removed in 0.32.0. Use 'KeyPoints.keypoint_confidence' instead.
SupervisionWarnings: 'KeyPoints.confidence' is deprecated since 0.29.0 and will be removed in 0.32.0. Use 'KeyPoints.keypoint_confidence' instead.
SupervisionWarnings: 'KeyPoints.confidence' is deprecated since 0.29.0 and will be removed in 0.32.0. Use 'KeyPoints.keypoint_confidence' instead.
SupervisionWarnings: 'KeyPoints.confidence' is deprecated since 0.29.0 and will be removed in 0.32.0. Use 'KeyPoints.keypoint_confidence' instead.

 38%|███▊      | 554/1451 [09:47<12:19,  1.21it/s]SupervisionWarnings: 'KeyPoints.confidence' is deprecated since 0.29.0 and will be removed in 0.32.0. Use 'KeyPoints.keypoint_confidence' instead.
SupervisionWarnings: 'KeyPoints.confidence' is deprecated since 0.29.0 and will be removed in 0.32.0. Use 'KeyPoints.keypoint_confidence' instead.
SupervisionWarnings: 'KeyPoints.confidence' is deprecated since 0.29.0 and will be removed in 0.32.0. Use 'KeyPoints.keypoint_confidence' instead.
SupervisionWarnings: 'KeyPoints.confidence' is deprecated since 0.29.0 and will be removed in 0.32.0. Use 'KeyPoints.keypoint_confidence' instead.

 38%|███▊      | 555/1451 [09:48<14:06,  1.06it/s]SupervisionWarnings: 'KeyPoints.confidence' is deprecated since 0.29.0 and will be removed in 0.32.0. Use 'KeyPoints.keypoint_confidence' instead.
SupervisionWarnings: 'KeyPoints.confidence' is deprecated since 0.29.0 and will be removed in 0.32.0. Use 'KeyPoints.keypoint_confidence' instead.
SupervisionWarnings: 'KeyPoints.confidence' is deprecated since 0.29.0 and will be removed in 0.32.0. Use 'KeyPoints.keypoint_confidence' instead.
SupervisionWarnings: 'KeyPoints.confidence' is deprecated since 0.29.0 and will be removed in 0.32.0. Use 'KeyPoints.keypoint_confidence' instead.

 38%|███▊      | 556/1451 [09:49<15:39,  1.05s/it]SupervisionWarnings: 'KeyPoints.confidence' is deprecated since 0.29.0 and will be removed in 0.32.0. Use 'KeyPoints.keypoint_confidence' instead.
SupervisionWarnings: 'KeyPoints.confidence' is deprecated since 0.29.0 and will be removed in 0.32.0. Use 'KeyPoints.keypoint_confidence' instead.
SupervisionWarnings: 'KeyPoints.confidence' is deprecated since 0.29.0 and will be removed in 0.32.0. Use 'KeyPoints.keypoint_confidence' instead.
SupervisionWarnings: 'KeyPoints.confidence' is deprecated since 0.29.0 and will be removed in 0.32.0. Use 'KeyPoints.keypoint_confidence' instead.

 38%|███▊      | 557/1451 [09:50<15:40,  1.05s/it]SupervisionWarnings: 'KeyPoints.confidence' is deprecated since 0.29.0 and will be removed in 0.32.0. Use 'KeyPoints.keypoint_confidence' instead.
SupervisionWarnings: 'KeyPoints.confidence' is deprecated since 0.29.0 and will be removed in 0.32.0. Use 'KeyPoints.keypoint_confidence' instead.
SupervisionWarnings: 'KeyPoints.confidence' is deprecated since 0.29.0 and will be removed in 0.32.0. Use 'KeyPoints.keypoint_confidence' instead.
SupervisionWarnings: 'KeyPoints.confidence' is deprecated since 0.29.0 and will be removed in 0.32.0. Use 'KeyPoints.keypoint_confidence' instead.

 38%|███▊      | 558/1451 [09:51<15:21,  1.03s/it]SupervisionWarnings: 'KeyPoints.confidence' is deprecated since 0.29.0 and will be removed in 0.32.0. Use 'KeyPoints.keypoint_confidence' instead.
SupervisionWarnings: 'KeyPoints.confidence' is deprecated since 0.29.0 and will be removed in 0.32.0. Use 'KeyPoints.keypoint_confidence' instead.
SupervisionWarnings: 'KeyPoints.confidence' is deprecated since 0.29.0 and will be removed in 0.32.0. Use 'KeyPoints.keypoint_confidence' instead.
SupervisionWarnings: 'KeyPoints.confidence' is deprecated since 0.29.0 and will be removed in 0.32.0. Use 'KeyPoints.keypoint_confidence' instead.

 39%|███▊      | 559/1451 [09:53<16:37,  1.12s/it]SupervisionWarnings: 'KeyPoints.confidence' is deprecated since 0.29.0 and will be removed in 0.32.0. Use 'KeyPoints.keypoint_confidence' instead.
SupervisionWarnings: 'KeyPoints.confidence' is deprecated since 0.29.0 and will be removed in 0.32.0. Use 'KeyPoints.keypoint_confidence' instead.
SupervisionWarnings: 'KeyPoints.confidence' is deprecated since 0.29.0 and will be removed in 0.32.0. Use 'KeyPoints.keypoint_confidence' instead.
SupervisionWarnings: 'KeyPoints.confidence' is deprecated since 0.29.0 and will be removed in 0.32.0. Use 'KeyPoints.keypoint_confidence' instead.

 39%|███▊      | 560/1451 [09:54<17:17,  1.16s/it]SupervisionWarnings: 'KeyPoints.confidence' is deprecated since 0.29.0 and will be removed in 0.32.0. Use 'KeyPoints.keypoint_confidence' instead.
SupervisionWarnings: 'KeyPoints.confidence' is deprecated since 0.29.0 and will be removed in 0.32.0. Use 'KeyPoints.keypoint_confidence' instead.
SupervisionWarnings: 'KeyPoints.confidence' is deprecated since 0.29.0 and will be removed in 0.32.0. Use 'KeyPoints.keypoint_confidence' instead.
SupervisionWarnings: 'KeyPoints.confidence' is deprecated since 0.29.0 and will be removed in 0.32.0. Use 'KeyPoints.keypoint_confidence' instead.

 39%|███▊      | 561/1451 [09:55<17:32,  1.18s/it]SupervisionWarnings: 'KeyPoints.confidence' is deprecated since 0.29.0 and will be removed in 0.32.0. Use 'KeyPoints.keypoint_confidence' instead.
SupervisionWarnings: 'KeyPoints.confidence' is deprecated since 0.29.0 and will be removed in 0.32.0. Use 'KeyPoints.keypoint_confidence' instead.
SupervisionWarnings: 'KeyPoints.confidence' is deprecated since 0.29.0 and will be removed in 0.32.0. Use 'KeyPoints.keypoint_confidence' instead.
SupervisionWarnings: 'KeyPoints.confidence' is deprecated since 0.29.0 and will be removed in 0.32.0. Use 'KeyPoints.keypoint_confidence' instead.

 39%|███▊      | 562/1451 [09:56<15:53,  1.07s/it]SupervisionWarnings: 'KeyPoints.confidence' is deprecated since 0.29.0 and will be removed in 0.32.0. Use 'KeyPoints.keypoint_confidence' instead.
SupervisionWarnings: 'KeyPoints.confidence' is deprecated since 0.29.0 and will be removed in 0.32.0. Use 'KeyPoints.keypoint_confidence' instead.
SupervisionWarnings: 'KeyPoints.confidence' is deprecated since 0.29.0 and will be removed in 0.32.0. Use 'KeyPoints.keypoint_confidence' instead.
SupervisionWarnings: 'KeyPoints.confidence' is deprecated since 0.29.0 and will be removed in 0.32.0. Use 'KeyPoints.keypoint_confidence' instead.

 39%|███▉      | 563/1451 [09:57<14:45,  1.00it/s]SupervisionWarnings: 'KeyPoints.confidence' is deprecated since 0.29.0 and will be removed in 0.32.0. Use 'KeyPoints.keypoint_confidence' instead.
SupervisionWarnings: 'KeyPoints.confidence' is deprecated since 0.29.0 and will be removed in 0.32.0. Use 'KeyPoints.keypoint_confidence' instead.
SupervisionWarnings: 'KeyPoints.confidence' is deprecated since 0.29.0 and will be removed in 0.32.0. Use 'KeyPoints.keypoint_confidence' instead.
SupervisionWarnings: 'KeyPoints.confidence' is deprecated since 0.29.0 and will be removed in 0.32.0. Use 'KeyPoints.keypoint_confidence' instead.

 39%|███▉      | 564/1451 [09:58<15:53,  1.07s/it]SupervisionWarnings: 'KeyPoints.confidence' is deprecated since 0.29.0 and will be removed in 0.32.0. Use 'KeyPoints.keypoint_confidence' instead.
SupervisionWarnings: 'KeyPoints.confidence' is deprecated since 0.29.0 and will be removed in 0.32.0. Use 'KeyPoints.keypoint_confidence' instead.
SupervisionWarnings: 'KeyPoints.confidence' is deprecated since 0.29.0 and will be removed in 0.32.0. Use 'KeyPoints.keypoint_confidence' instead.
SupervisionWarnings: 'KeyPoints.confidence' is deprecated since 0.29.0 and will be removed in 0.32.0. Use 'KeyPoints.keypoint_confidence' instead.

 39%|███▉      | 565/1451 [09:59<14:38,  1.01it/s]SupervisionWarnings: 'KeyPoints.confidence' is deprecated since 0.29.0 and will be removed in 0.32.0. Use 'KeyPoints.keypoint_confidence' instead.
SupervisionWarnings: 'KeyPoints.confidence' is deprecated since 0.29.0 and will be removed in 0.32.0. Use 'KeyPoints.keypoint_confidence' instead.
SupervisionWarnings: 'KeyPoints.confidence' is deprecated since 0.29.0 and will be removed in 0.32.0. Use 'KeyPoints.keypoint_confidence' instead.
SupervisionWarnings: 'KeyPoints.confidence' is deprecated since 0.29.0 and will be removed in 0.32.0. Use 'KeyPoints.keypoint_confidence' instead.

 39%|███▉      | 566/1451 [10:00<13:50,  1.07it/s]SupervisionWarnings: 'KeyPoints.confidence' is deprecated since 0.29.0 and will be removed in 0.32.0. Use 'KeyPoints.keypoint_confidence' instead.
SupervisionWarnings: 'KeyPoints.confidence' is deprecated since 0.29.0 and will be removed in 0.32.0. Use 'KeyPoints.keypoint_confidence' instead.
SupervisionWarnings: 'KeyPoints.confidence' is deprecated since 0.29.0 and will be removed in 0.32.0. Use 'KeyPoints.keypoint_confidence' instead.
SupervisionWarnings: 'KeyPoints.confidence' is deprecated since 0.29.0 and will be removed in 0.32.0. Use 'KeyPoints.keypoint_confidence' instead.

 39%|███▉      | 567/1451 [10:00<13:14,  1.11it/s]SupervisionWarnings: 'KeyPoints.confidence' is deprecated since 0.29.0 and will be removed in 0.32.0. Use 'KeyPoints.keypoint_confidence' instead.
SupervisionWarnings: 'KeyPoints.confidence' is deprecated since 0.29.0 and will be removed in 0.32.0. Use 'KeyPoints.keypoint_confidence' instead.
SupervisionWarnings: 'KeyPoints.confidence' is deprecated since 0.29.0 and will be removed in 0.32.0. Use 'KeyPoints.keypoint_confidence' instead.
SupervisionWarnings: 'KeyPoints.confidence' is deprecated since 0.29.0 and will be removed in 0.32.0. Use 'KeyPoints.keypoint_confidence' instead.

 39%|███▉      | 568/1451 [10:01<12:52,  1.14it/s]SupervisionWarnings: 'KeyPoints.confidence' is deprecated since 0.29.0 and will be removed in 0.32.0. Use 'KeyPoints.keypoint_confidence' instead.
SupervisionWarnings: 'KeyPoints.confidence' is deprecated since 0.29.0 and will be removed in 0.32.0. Use 'KeyPoints.keypoint_confidence' instead.
SupervisionWarnings: 'KeyPoints.confidence' is deprecated since 0.29.0 and will be removed in 0.32.0. Use 'KeyPoints.keypoint_confidence' instead.
SupervisionWarnings: 'KeyPoints.confidence' is deprecated since 0.29.0 and will be removed in 0.32.0. Use 'KeyPoints.keypoint_confidence' instead.

 39%|███▉      | 569/1451 [10:02<12:58,  1.13it/s]SupervisionWarnings: 'KeyPoints.confidence' is deprecated since 0.29.0 and will be removed in 0.32.0. Use 'KeyPoints.keypoint_confidence' instead.
SupervisionWarnings: 'KeyPoints.confidence' is deprecated since 0.29.0 and will be removed in 0.32.0. Use 'KeyPoints.keypoint_confidence' instead.
SupervisionWarnings: 'KeyPoints.confidence' is deprecated since 0.29.0 and will be removed in 0.32.0. Use 'KeyPoints.keypoint_confidence' instead.
SupervisionWarnings: 'KeyPoints.confidence' is deprecated since 0.29.0 and will be removed in 0.32.0. Use 'KeyPoints.keypoint_confidence' instead.

 39%|███▉      | 570/1451 [10:03<15:20,  1.04s/it]SupervisionWarnings: 'KeyPoints.confidence' is deprecated since 0.29.0 and will be removed in 0.32.0. Use 'KeyPoints.keypoint_confidence' instead.
SupervisionWarnings: 'KeyPoints.confidence' is deprecated since 0.29.0 and will be removed in 0.32.0. Use 'KeyPoints.keypoint_confidence' instead.
SupervisionWarnings: 'KeyPoints.confidence' is deprecated since 0.29.0 and will be removed in 0.32.0. Use 'KeyPoints.keypoint_confidence' instead.
SupervisionWarnings: 'KeyPoints.confidence' is deprecated since 0.29.0 and will be removed in 0.32.0. Use 'KeyPoints.keypoint_confidence' instead.

 39%|███▉      | 571/1451 [10:05<16:50,  1.15s/it]SupervisionWarnings: 'KeyPoints.confidence' is deprecated since 0.29.0 and will be removed in 0.32.0. Use 'KeyPoints.keypoint_confidence' instead.
SupervisionWarnings: 'KeyPoints.confidence' is deprecated since 0.29.0 and will be removed in 0.32.0. Use 'KeyPoints.keypoint_confidence' instead.
SupervisionWarnings: 'KeyPoints.confidence' is deprecated since 0.29.0 and will be removed in 0.32.0. Use 'KeyPoints.keypoint_confidence' instead.
SupervisionWarnings: 'KeyPoints.confidence' is deprecated since 0.29.0 and will be removed in 0.32.0. Use 'KeyPoints.keypoint_confidence' instead.

 39%|███▉      | 572/1451 [10:06<17:11,  1.17s/it]SupervisionWarnings: 'KeyPoints.confidence' is deprecated since 0.29.0 and will be removed in 0.32.0. Use 'KeyPoints.keypoint_confidence' instead.
SupervisionWarnings: 'KeyPoints.confidence' is deprecated since 0.29.0 and will be removed in 0.32.0. Use 'KeyPoints.keypoint_confidence' instead.
SupervisionWarnings: 'KeyPoints.confidence' is deprecated since 0.29.0 and will be removed in 0.32.0. Use 'KeyPoints.keypoint_confidence' instead.
SupervisionWarnings: 'KeyPoints.confidence' is deprecated since 0.29.0 and will be removed in 0.32.0. Use 'KeyPoints.keypoint_confidence' instead.

 39%|███▉      | 573/1451 [10:07<15:49,  1.08s/it]SupervisionWarnings: 'KeyPoints.confidence' is deprecated since 0.29.0 and will be removed in 0.32.0. Use 'KeyPoints.keypoint_confidence' instead.
SupervisionWarnings: 'KeyPoints.confidence' is deprecated since 0.29.0 and will be removed in 0.32.0. Use 'KeyPoints.keypoint_confidence' instead.
SupervisionWarnings: 'KeyPoints.confidence' is deprecated since 0.29.0 and will be removed in 0.32.0. Use 'KeyPoints.keypoint_confidence' instead.
SupervisionWarnings: 'KeyPoints.confidence' is deprecated since 0.29.0 and will be removed in 0.32.0. Use 'KeyPoints.keypoint_confidence' instead.

 40%|███▉      | 574/1451 [10:08<16:37,  1.14s/it]SupervisionWarnings: 'KeyPoints.confidence' is deprecated since 0.29.0 and will be removed in 0.32.0. Use 'KeyPoints.keypoint_confidence' instead.
SupervisionWarnings: 'KeyPoints.confidence' is deprecated since 0.29.0 and will be removed in 0.32.0. Use 'KeyPoints.keypoint_confidence' instead.
SupervisionWarnings: 'KeyPoints.confidence' is deprecated since 0.29.0 and will be removed in 0.32.0. Use 'KeyPoints.keypoint_confidence' instead.
SupervisionWarnings: 'KeyPoints.confidence' is deprecated since 0.29.0 and will be removed in 0.32.0. Use 'KeyPoints.keypoint_confidence' instead.

 40%|███▉      | 575/1451 [10:09<17:07,  1.17s/it]SupervisionWarnings: 'KeyPoints.confidence' is deprecated since 0.29.0 and will be removed in 0.32.0. Use 'KeyPoints.keypoint_confidence' instead.
SupervisionWarnings: 'KeyPoints.confidence' is deprecated since 0.29.0 and will be removed in 0.32.0. Use 'KeyPoints.keypoint_confidence' instead.
SupervisionWarnings: 'KeyPoints.confidence' is deprecated since 0.29.0 and will be removed in 0.32.0. Use 'KeyPoints.keypoint_confidence' instead.
SupervisionWarnings: 'KeyPoints.confidence' is deprecated since 0.29.0 and will be removed in 0.32.0. Use 'KeyPoints.keypoint_confidence' instead.

 40%|███▉      | 576/1451 [10:11<17:21,  1.19s/it]SupervisionWarnings: 'KeyPoints.confidence' is deprecated since 0.29.0 and will be removed in 0.32.0. Use 'KeyPoints.keypoint_confidence' instead.
SupervisionWarnings: 'KeyPoints.confidence' is deprecated since 0.29.0 and will be removed in 0.32.0. Use 'KeyPoints.keypoint_confidence' instead.
SupervisionWarnings: 'KeyPoints.confidence' is deprecated since 0.29.0 and will be removed in 0.32.0. Use 'KeyPoints.keypoint_confidence' instead.
SupervisionWarnings: 'KeyPoints.confidence' is deprecated since 0.29.0 and will be removed in 0.32.0. Use 'KeyPoints.keypoint_confidence' instead.

 40%|███▉      | 577/1451 [10:12<17:37,  1.21s/it]SupervisionWarnings: 'KeyPoints.confidence' is deprecated since 0.29.0 and will be removed in 0.32.0. Use 'KeyPoints.keypoint_confidence' instead.
SupervisionWarnings: 'KeyPoints.confidence' is deprecated since 0.29.0 and will be removed in 0.32.0. Use 'KeyPoints.keypoint_confidence' instead.
SupervisionWarnings: 'KeyPoints.confidence' is deprecated since 0.29.0 and will be removed in 0.32.0. Use 'KeyPoints.keypoint_confidence' instead.
SupervisionWarnings: 'KeyPoints.confidence' is deprecated since 0.29.0 and will be removed in 0.32.0. Use 'KeyPoints.keypoint_confidence' instead.

 40%|███▉      | 578/1451 [10:13<17:44,  1.22s/it]SupervisionWarnings: 'KeyPoints.confidence' is deprecated since 0.29.0 and will be removed in 0.32.0. Use 'KeyPoints.keypoint_confidence' instead.
SupervisionWarnings: 'KeyPoints.confidence' is deprecated since 0.29.0 and will be removed in 0.32.0. Use 'KeyPoints.keypoint_confidence' instead.
SupervisionWarnings: 'KeyPoints.confidence' is deprecated since 0.29.0 and will be removed in 0.32.0. Use 'KeyPoints.keypoint_confidence' instead.
SupervisionWarnings: 'KeyPoints.confidence' is deprecated since 0.29.0 and will be removed in 0.32.0. Use 'KeyPoints.keypoint_confidence' instead.

 40%|███▉      | 579/1451 [10:14<17:52,  1.23s/it]SupervisionWarnings: 'KeyPoints.confidence' is deprecated since 0.29.0 and will be removed in 0.32.0. Use 'KeyPoints.keypoint_confidence' instead.
SupervisionWarnings: 'KeyPoints.confidence' is deprecated since 0.29.0 and will be removed in 0.32.0. Use 'KeyPoints.keypoint_confidence' instead.
SupervisionWarnings: 'KeyPoints.confidence' is deprecated since 0.29.0 and will be removed in 0.32.0. Use 'KeyPoints.keypoint_confidence' instead.
SupervisionWarnings: 'KeyPoints.confidence' is deprecated since 0.29.0 and will be removed in 0.32.0. Use 'KeyPoints.keypoint_confidence' instead.

 40%|███▉      | 580/1451 [10:16<18:24,  1.27s/it]SupervisionWarnings: 'KeyPoints.confidence' is deprecated since 0.29.0 and will be removed in 0.32.0. Use 'KeyPoints.keypoint_confidence' instead.
SupervisionWarnings: 'KeyPoints.confidence' is deprecated since 0.29.0 and will be removed in 0.32.0. Use 'KeyPoints.keypoint_confidence' instead.
SupervisionWarnings: 'KeyPoints.confidence' is deprecated since 0.29.0 and will be removed in 0.32.0. Use 'KeyPoints.keypoint_confidence' instead.
SupervisionWarnings: 'KeyPoints.confidence' is deprecated since 0.29.0 and will be removed in 0.32.0. Use 'KeyPoints.keypoint_confidence' instead.

 40%|████      | 581/1451 [10:17<19:32,  1.35s/it]SupervisionWarnings: 'KeyPoints.confidence' is deprecated since 0.29.0 and will be removed in 0.32.0. Use 'KeyPoints.keypoint_confidence' instead.
SupervisionWarnings: 'KeyPoints.confidence' is deprecated since 0.29.0 and will be removed in 0.32.0. Use 'KeyPoints.keypoint_confidence' instead.
SupervisionWarnings: 'KeyPoints.confidence' is deprecated since 0.29.0 and will be removed in 0.32.0. Use 'KeyPoints.keypoint_confidence' instead.
SupervisionWarnings: 'KeyPoints.confidence' is deprecated since 0.29.0 and will be removed in 0.32.0. Use 'KeyPoints.keypoint_confidence' instead.

 40%|████      | 582/1451 [10:19<19:19,  1.33s/it]SupervisionWarnings: 'KeyPoints.confidence' is deprecated since 0.29.0 and will be removed in 0.32.0. Use 'KeyPoints.keypoint_confidence' instead.
SupervisionWarnings: 'KeyPoints.confidence' is deprecated since 0.29.0 and will be removed in 0.32.0. Use 'KeyPoints.keypoint_confidence' instead.
SupervisionWarnings: 'KeyPoints.confidence' is deprecated since 0.29.0 and will be removed in 0.32.0. Use 'KeyPoints.keypoint_confidence' instead.
SupervisionWarnings: 'KeyPoints.confidence' is deprecated since 0.29.0 and will be removed in 0.32.0. Use 'KeyPoints.keypoint_confidence' instead.

 40%|████      | 583/1451 [10:20<17:12,  1.19s/it]SupervisionWarnings: 'KeyPoints.confidence' is deprecated since 0.29.0 and will be removed in 0.32.0. Use 'KeyPoints.keypoint_confidence' instead.
SupervisionWarnings: 'KeyPoints.confidence' is deprecated since 0.29.0 and will be removed in 0.32.0. Use 'KeyPoints.keypoint_confidence' instead.
SupervisionWarnings: 'KeyPoints.confidence' is deprecated since 0.29.0 and will be removed in 0.32.0. Use 'KeyPoints.keypoint_confidence' instead.
SupervisionWarnings: 'KeyPoints.confidence' is deprecated since 0.29.0 and will be removed in 0.32.0. Use 'KeyPoints.keypoint_confidence' instead.

 40%|████      | 584/1451 [10:21<17:22,  1.20s/it]SupervisionWarnings: 'KeyPoints.confidence' is deprecated since 0.29.0 and will be removed in 0.32.0. Use 'KeyPoints.keypoint_confidence' instead.
SupervisionWarnings: 'KeyPoints.confidence' is deprecated since 0.29.0 and will be removed in 0.32.0. Use 'KeyPoints.keypoint_confidence' instead.
SupervisionWarnings: 'KeyPoints.confidence' is deprecated since 0.29.0 and will be removed in 0.32.0. Use 'KeyPoints.keypoint_confidence' instead.
SupervisionWarnings: 'KeyPoints.confidence' is deprecated since 0.29.0 and will be removed in 0.32.0. Use 'KeyPoints.keypoint_confidence' instead.

 40%|████      | 585/1451 [10:22<17:42,  1.23s/it]SupervisionWarnings: 'KeyPoints.confidence' is deprecated since 0.29.0 and will be removed in 0.32.0. Use 'KeyPoints.keypoint_confidence' instead.
SupervisionWarnings: 'KeyPoints.confidence' is deprecated since 0.29.0 and will be removed in 0.32.0. Use 'KeyPoints.keypoint_confidence' instead.
SupervisionWarnings: 'KeyPoints.confidence' is deprecated since 0.29.0 and will be removed in 0.32.0. Use 'KeyPoints.keypoint_confidence' instead.
SupervisionWarnings: 'KeyPoints.confidence' is deprecated since 0.29.0 and will be removed in 0.32.0. Use 'KeyPoints.keypoint_confidence' instead.

 40%|████      | 586/1451 [10:23<17:46,  1.23s/it]SupervisionWarnings: 'KeyPoints.confidence' is deprecated since 0.29.0 and will be removed in 0.32.0. Use 'KeyPoints.keypoint_confidence' instead.
SupervisionWarnings: 'KeyPoints.confidence' is deprecated since 0.29.0 and will be removed in 0.32.0. Use 'KeyPoints.keypoint_confidence' instead.
SupervisionWarnings: 'KeyPoints.confidence' is deprecated since 0.29.0 and will be removed in 0.32.0. Use 'KeyPoints.keypoint_confidence' instead.
SupervisionWarnings: 'KeyPoints.confidence' is deprecated since 0.29.0 and will be removed in 0.32.0. Use 'KeyPoints.keypoint_confidence' instead.

 40%|████      | 587/1451 [10:25<17:49,  1.24s/it]SupervisionWarnings: 'KeyPoints.confidence' is deprecated since 0.29.0 and will be removed in 0.32.0. Use 'KeyPoints.keypoint_confidence' instead.
SupervisionWarnings: 'KeyPoints.confidence' is deprecated since 0.29.0 and will be removed in 0.32.0. Use 'KeyPoints.keypoint_confidence' instead.
SupervisionWarnings: 'KeyPoints.confidence' is deprecated since 0.29.0 and will be removed in 0.32.0. Use 'KeyPoints.keypoint_confidence' instead.
SupervisionWarnings: 'KeyPoints.confidence' is deprecated since 0.29.0 and will be removed in 0.32.0. Use 'KeyPoints.keypoint_confidence' instead.

 41%|████      | 588/1451 [10:26<17:46,  1.24s/it]SupervisionWarnings: 'KeyPoints.confidence' is deprecated since 0.29.0 and will be removed in 0.32.0. Use 'KeyPoints.keypoint_confidence' instead.
SupervisionWarnings: 'KeyPoints.confidence' is deprecated since 0.29.0 and will be removed in 0.32.0. Use 'KeyPoints.keypoint_confidence' instead.
SupervisionWarnings: 'KeyPoints.confidence' is deprecated since 0.29.0 and will be removed in 0.32.0. Use 'KeyPoints.keypoint_confidence' instead.
SupervisionWarnings: 'KeyPoints.confidence' is deprecated since 0.29.0 and will be removed in 0.32.0. Use 'KeyPoints.keypoint_confidence' instead.

 41%|████      | 589/1451 [10:27<17:50,  1.24s/it]SupervisionWarnings: 'KeyPoints.confidence' is deprecated since 0.29.0 and will be removed in 0.32.0. Use 'KeyPoints.keypoint_confidence' instead.
SupervisionWarnings: 'KeyPoints.confidence' is deprecated since 0.29.0 and will be removed in 0.32.0. Use 'KeyPoints.keypoint_confidence' instead.
SupervisionWarnings: 'KeyPoints.confidence' is deprecated since 0.29.0 and will be removed in 0.32.0. Use 'KeyPoints.keypoint_confidence' instead.
SupervisionWarnings: 'KeyPoints.confidence' is deprecated since 0.29.0 and will be removed in 0.32.0. Use 'KeyPoints.keypoint_confidence' instead.

 41%|████      | 590/1451 [10:28<18:35,  1.30s/it]SupervisionWarnings: 'KeyPoints.confidence' is deprecated since 0.29.0 and will be removed in 0.32.0. Use 'KeyPoints.keypoint_confidence' instead.
SupervisionWarnings: 'KeyPoints.confidence' is deprecated since 0.29.0 and will be removed in 0.32.0. Use 'KeyPoints.keypoint_confidence' instead.
SupervisionWarnings: 'KeyPoints.confidence' is deprecated since 0.29.0 and will be removed in 0.32.0. Use 'KeyPoints.keypoint_confidence' instead.
SupervisionWarnings: 'KeyPoints.confidence' is deprecated since 0.29.0 and will be removed in 0.32.0. Use 'KeyPoints.keypoint_confidence' instead.

 41%|████      | 591/1451 [10:30<19:42,  1.37s/it]SupervisionWarnings: 'KeyPoints.confidence' is deprecated since 0.29.0 and will be removed in 0.32.0. Use 'KeyPoints.keypoint_confidence' instead.
SupervisionWarnings: 'KeyPoints.confidence' is deprecated since 0.29.0 and will be removed in 0.32.0. Use 'KeyPoints.keypoint_confidence' instead.
SupervisionWarnings: 'KeyPoints.confidence' is deprecated since 0.29.0 and will be removed in 0.32.0. Use 'KeyPoints.keypoint_confidence' instead.
SupervisionWarnings: 'KeyPoints.confidence' is deprecated since 0.29.0 and will be removed in 0.32.0. Use 'KeyPoints.keypoint_confidence' instead.

 41%|████      | 592/1451 [10:31<19:16,  1.35s/it]SupervisionWarnings: 'KeyPoints.confidence' is deprecated since 0.29.0 and will be removed in 0.32.0. Use 'KeyPoints.keypoint_confidence' instead.
SupervisionWarnings: 'KeyPoints.confidence' is deprecated since 0.29.0 and will be removed in 0.32.0. Use 'KeyPoints.keypoint_confidence' instead.
SupervisionWarnings: 'KeyPoints.confidence' is deprecated since 0.29.0 and will be removed in 0.32.0. Use 'KeyPoints.keypoint_confidence' instead.
SupervisionWarnings: 'KeyPoints.confidence' is deprecated since 0.29.0 and will be removed in 0.32.0. Use 'KeyPoints.keypoint_confidence' instead.

 41%|████      | 593/1451 [10:32<18:43,  1.31s/it]SupervisionWarnings: 'KeyPoints.confidence' is deprecated since 0.29.0 and will be removed in 0.32.0. Use 'KeyPoints.keypoint_confidence' instead.
SupervisionWarnings: 'KeyPoints.confidence' is deprecated since 0.29.0 and will be removed in 0.32.0. Use 'KeyPoints.keypoint_confidence' instead.
SupervisionWarnings: 'KeyPoints.confidence' is deprecated since 0.29.0 and will be removed in 0.32.0. Use 'KeyPoints.keypoint_confidence' instead.
SupervisionWarnings: 'KeyPoints.confidence' is deprecated since 0.29.0 and will be removed in 0.32.0. Use 'KeyPoints.keypoint_confidence' instead.

 41%|████      | 594/1451 [10:34<18:23,  1.29s/it]SupervisionWarnings: 'KeyPoints.confidence' is deprecated since 0.29.0 and will be removed in 0.32.0. Use 'KeyPoints.keypoint_confidence' instead.
SupervisionWarnings: 'KeyPoints.confidence' is deprecated since 0.29.0 and will be removed in 0.32.0. Use 'KeyPoints.keypoint_confidence' instead.
SupervisionWarnings: 'KeyPoints.confidence' is deprecated since 0.29.0 and will be removed in 0.32.0. Use 'KeyPoints.keypoint_confidence' instead.
SupervisionWarnings: 'KeyPoints.confidence' is deprecated since 0.29.0 and will be removed in 0.32.0. Use 'KeyPoints.keypoint_confidence' instead.

 41%|████      | 595/1451 [10:35<16:22,  1.15s/it]SupervisionWarnings: 'KeyPoints.confidence' is deprecated since 0.29.0 and will be removed in 0.32.0. Use 'KeyPoints.keypoint_confidence' instead.
SupervisionWarnings: 'KeyPoints.confidence' is deprecated since 0.29.0 and will be removed in 0.32.0. Use 'KeyPoints.keypoint_confidence' instead.
SupervisionWarnings: 'KeyPoints.confidence' is deprecated since 0.29.0 and will be removed in 0.32.0. Use 'KeyPoints.keypoint_confidence' instead.
SupervisionWarnings: 'KeyPoints.confidence' is deprecated since 0.29.0 and will be removed in 0.32.0. Use 'KeyPoints.keypoint_confidence' instead.

 41%|████      | 596/1451 [10:36<16:47,  1.18s/it]SupervisionWarnings: 'KeyPoints.confidence' is deprecated since 0.29.0 and will be removed in 0.32.0. Use 'KeyPoints.keypoint_confidence' instead.
SupervisionWarnings: 'KeyPoints.confidence' is deprecated since 0.29.0 and will be removed in 0.32.0. Use 'KeyPoints.keypoint_confidence' instead.
SupervisionWarnings: 'KeyPoints.confidence' is deprecated since 0.29.0 and will be removed in 0.32.0. Use 'KeyPoints.keypoint_confidence' instead.
SupervisionWarnings: 'KeyPoints.confidence' is deprecated since 0.29.0 and will be removed in 0.32.0. Use 'KeyPoints.keypoint_confidence' instead.

 41%|████      | 597/1451 [10:37<17:00,  1.19s/it]SupervisionWarnings: 'KeyPoints.confidence' is deprecated since 0.29.0 and will be removed in 0.32.0. Use 'KeyPoints.keypoint_confidence' instead.
SupervisionWarnings: 'KeyPoints.confidence' is deprecated since 0.29.0 and will be removed in 0.32.0. Use 'KeyPoints.keypoint_confidence' instead.
SupervisionWarnings: 'KeyPoints.confidence' is deprecated since 0.29.0 and will be removed in 0.32.0. Use 'KeyPoints.keypoint_confidence' instead.
SupervisionWarnings: 'KeyPoints.confidence' is deprecated since 0.29.0 and will be removed in 0.32.0. Use 'KeyPoints.keypoint_confidence' instead.

 41%|████      | 598/1451 [10:38<17:07,  1.20s/it]SupervisionWarnings: 'KeyPoints.confidence' is deprecated since 0.29.0 and will be removed in 0.32.0. Use 'KeyPoints.keypoint_confidence' instead.
SupervisionWarnings: 'KeyPoints.confidence' is deprecated since 0.29.0 and will be removed in 0.32.0. Use 'KeyPoints.keypoint_confidence' instead.
SupervisionWarnings: 'KeyPoints.confidence' is deprecated since 0.29.0 and will be removed in 0.32.0. Use 'KeyPoints.keypoint_confidence' instead.
SupervisionWarnings: 'KeyPoints.confidence' is deprecated since 0.29.0 and will be removed in 0.32.0. Use 'KeyPoints.keypoint_confidence' instead.

 41%|████▏     | 599/1451 [10:39<17:07,  1.21s/it]SupervisionWarnings: 'KeyPoints.confidence' is deprecated since 0.29.0 and will be removed in 0.32.0. Use 'KeyPoints.keypoint_confidence' instead.
SupervisionWarnings: 'KeyPoints.confidence' is deprecated since 0.29.0 and will be removed in 0.32.0. Use 'KeyPoints.keypoint_confidence' instead.
SupervisionWarnings: 'KeyPoints.confidence' is deprecated since 0.29.0 and will be removed in 0.32.0. Use 'KeyPoints.keypoint_confidence' instead.
SupervisionWarnings: 'KeyPoints.confidence' is deprecated since 0.29.0 and will be removed in 0.32.0. Use 'KeyPoints.keypoint_confidence' instead.

 41%|████▏     | 600/1451 [10:41<17:21,  1.22s/it]SupervisionWarnings: 'KeyPoints.confidence' is deprecated since 0.29.0 and will be removed in 0.32.0. Use 'KeyPoints.keypoint_confidence' instead.
SupervisionWarnings: 'KeyPoints.confidence' is deprecated since 0.29.0 and will be removed in 0.32.0. Use 'KeyPoints.keypoint_confidence' instead.
SupervisionWarnings: 'KeyPoints.confidence' is deprecated since 0.29.0 and will be removed in 0.32.0. Use 'KeyPoints.keypoint_confidence' instead.
SupervisionWarnings: 'KeyPoints.confidence' is deprecated since 0.29.0 and will be removed in 0.32.0. Use 'KeyPoints.keypoint_confidence' instead.

 41%|████▏     | 601/1451 [10:42<18:42,  1.32s/it]SupervisionWarnings: 'KeyPoints.confidence' is deprecated since 0.29.0 and will be removed in 0.32.0. Use 'KeyPoints.keypoint_confidence' instead.
SupervisionWarnings: 'KeyPoints.confidence' is deprecated since 0.29.0 and will be removed in 0.32.0. Use 'KeyPoints.keypoint_confidence' instead.
SupervisionWarnings: 'KeyPoints.confidence' is deprecated since 0.29.0 and will be removed in 0.32.0. Use 'KeyPoints.keypoint_confidence' instead.
SupervisionWarnings: 'KeyPoints.confidence' is deprecated since 0.29.0 and will be removed in 0.32.0. Use 'KeyPoints.keypoint_confidence' instead.

 41%|████▏     | 602/1451 [10:44<18:48,  1.33s/it]SupervisionWarnings: 'KeyPoints.confidence' is deprecated since 0.29.0 and will be removed in 0.32.0. Use 'KeyPoints.keypoint_confidence' instead.
SupervisionWarnings: 'KeyPoints.confidence' is deprecated since 0.29.0 and will be removed in 0.32.0. Use 'KeyPoints.keypoint_confidence' instead.
SupervisionWarnings: 'KeyPoints.confidence' is deprecated since 0.29.0 and will be removed in 0.32.0. Use 'KeyPoints.keypoint_confidence' instead.
SupervisionWarnings: 'KeyPoints.confidence' is deprecated since 0.29.0 and will be removed in 0.32.0. Use 'KeyPoints.keypoint_confidence' instead.

 42%|████▏     | 603/1451 [10:45<18:17,  1.29s/it]SupervisionWarnings: 'KeyPoints.confidence' is deprecated since 0.29.0 and will be removed in 0.32.0. Use 'KeyPoints.keypoint_confidence' instead.
SupervisionWarnings: 'KeyPoints.confidence' is deprecated since 0.29.0 and will be removed in 0.32.0. Use 'KeyPoints.keypoint_confidence' instead.
SupervisionWarnings: 'KeyPoints.confidence' is deprecated since 0.29.0 and will be removed in 0.32.0. Use 'KeyPoints.keypoint_confidence' instead.
SupervisionWarnings: 'KeyPoints.confidence' is deprecated since 0.29.0 and will be removed in 0.32.0. Use 'KeyPoints.keypoint_confidence' instead.

 42%|████▏     | 604/1451 [10:46<18:01,  1.28s/it]SupervisionWarnings: 'KeyPoints.confidence' is deprecated since 0.29.0 and will be removed in 0.32.0. Use 'KeyPoints.keypoint_confidence' instead.
SupervisionWarnings: 'KeyPoints.confidence' is deprecated since 0.29.0 and will be removed in 0.32.0. Use 'KeyPoints.keypoint_confidence' instead.
SupervisionWarnings: 'KeyPoints.confidence' is deprecated since 0.29.0 and will be removed in 0.32.0. Use 'KeyPoints.keypoint_confidence' instead.
SupervisionWarnings: 'KeyPoints.confidence' is deprecated since 0.29.0 and will be removed in 0.32.0. Use 'KeyPoints.keypoint_confidence' instead.

 42%|████▏     | 605/1451 [10:47<16:12,  1.15s/it]SupervisionWarnings: 'KeyPoints.confidence' is deprecated since 0.29.0 and will be removed in 0.32.0. Use 'KeyPoints.keypoint_confidence' instead.
SupervisionWarnings: 'KeyPoints.confidence' is deprecated since 0.29.0 and will be removed in 0.32.0. Use 'KeyPoints.keypoint_confidence' instead.
SupervisionWarnings: 'KeyPoints.confidence' is deprecated since 0.29.0 and will be removed in 0.32.0. Use 'KeyPoints.keypoint_confidence' instead.
SupervisionWarnings: 'KeyPoints.confidence' is deprecated since 0.29.0 and will be removed in 0.32.0. Use 'KeyPoints.keypoint_confidence' instead.

 42%|████▏     | 606/1451 [10:48<14:43,  1.05s/it]SupervisionWarnings: 'KeyPoints.confidence' is deprecated since 0.29.0 and will be removed in 0.32.0. Use 'KeyPoints.keypoint_confidence' instead.
SupervisionWarnings: 'KeyPoints.confidence' is deprecated since 0.29.0 and will be removed in 0.32.0. Use 'KeyPoints.keypoint_confidence' instead.
SupervisionWarnings: 'KeyPoints.confidence' is deprecated since 0.29.0 and will be removed in 0.32.0. Use 'KeyPoints.keypoint_confidence' instead.
SupervisionWarnings: 'KeyPoints.confidence' is deprecated since 0.29.0 and will be removed in 0.32.0. Use 'KeyPoints.keypoint_confidence' instead.

 42%|████▏     | 607/1451 [10:49<13:43,  1.03it/s]SupervisionWarnings: 'KeyPoints.confidence' is deprecated since 0.29.0 and will be removed in 0.32.0. Use 'KeyPoints.keypoint_confidence' instead.
SupervisionWarnings: 'KeyPoints.confidence' is deprecated since 0.29.0 and will be removed in 0.32.0. Use 'KeyPoints.keypoint_confidence' instead.
SupervisionWarnings: 'KeyPoints.confidence' is deprecated since 0.29.0 and will be removed in 0.32.0. Use 'KeyPoints.keypoint_confidence' instead.
SupervisionWarnings: 'KeyPoints.confidence' is deprecated since 0.29.0 and will be removed in 0.32.0. Use 'KeyPoints.keypoint_confidence' instead.

 42%|████▏     | 608/1451 [10:49<13:07,  1.07it/s]SupervisionWarnings: 'KeyPoints.confidence' is deprecated since 0.29.0 and will be removed in 0.32.0. Use 'KeyPoints.keypoint_confidence' instead.
SupervisionWarnings: 'KeyPoints.confidence' is deprecated since 0.29.0 and will be removed in 0.32.0. Use 'KeyPoints.keypoint_confidence' instead.
SupervisionWarnings: 'KeyPoints.confidence' is deprecated since 0.29.0 and will be removed in 0.32.0. Use 'KeyPoints.keypoint_confidence' instead.
SupervisionWarnings: 'KeyPoints.confidence' is deprecated since 0.29.0 and will be removed in 0.32.0. Use 'KeyPoints.keypoint_confidence' instead.

 42%|████▏     | 609/1451 [10:50<12:32,  1.12it/s]SupervisionWarnings: 'KeyPoints.confidence' is deprecated since 0.29.0 and will be removed in 0.32.0. Use 'KeyPoints.keypoint_confidence' instead.
SupervisionWarnings: 'KeyPoints.confidence' is deprecated since 0.29.0 and will be removed in 0.32.0. Use 'KeyPoints.keypoint_confidence' instead.
SupervisionWarnings: 'KeyPoints.confidence' is deprecated since 0.29.0 and will be removed in 0.32.0. Use 'KeyPoints.keypoint_confidence' instead.
SupervisionWarnings: 'KeyPoints.confidence' is deprecated since 0.29.0 and will be removed in 0.32.0. Use 'KeyPoints.keypoint_confidence' instead.

 42%|████▏     | 610/1451 [10:51<12:10,  1.15it/s]SupervisionWarnings: 'KeyPoints.confidence' is deprecated since 0.29.0 and will be removed in 0.32.0. Use 'KeyPoints.keypoint_confidence' instead.
SupervisionWarnings: 'KeyPoints.confidence' is deprecated since 0.29.0 and will be removed in 0.32.0. Use 'KeyPoints.keypoint_confidence' instead.
SupervisionWarnings: 'KeyPoints.confidence' is deprecated since 0.29.0 and will be removed in 0.32.0. Use 'KeyPoints.keypoint_confidence' instead.
SupervisionWarnings: 'KeyPoints.confidence' is deprecated since 0.29.0 and will be removed in 0.32.0. Use 'KeyPoints.keypoint_confidence' instead.

 42%|████▏     | 611/1451 [10:52<12:01,  1.16it/s]SupervisionWarnings: 'KeyPoints.confidence' is deprecated since 0.29.0 and will be removed in 0.32.0. Use 'KeyPoints.keypoint_confidence' instead.
SupervisionWarnings: 'KeyPoints.confidence' is deprecated since 0.29.0 and will be removed in 0.32.0. Use 'KeyPoints.keypoint_confidence' instead.
SupervisionWarnings: 'KeyPoints.confidence' is deprecated since 0.29.0 and will be removed in 0.32.0. Use 'KeyPoints.keypoint_confidence' instead.
SupervisionWarnings: 'KeyPoints.confidence' is deprecated since 0.29.0 and will be removed in 0.32.0. Use 'KeyPoints.keypoint_confidence' instead.

 42%|████▏     | 612/1451 [10:53<11:49,  1.18it/s]SupervisionWarnings: 'KeyPoints.confidence' is deprecated since 0.29.0 and will be removed in 0.32.0. Use 'KeyPoints.keypoint_confidence' instead.
SupervisionWarnings: 'KeyPoints.confidence' is deprecated since 0.29.0 and will be removed in 0.32.0. Use 'KeyPoints.keypoint_confidence' instead.
SupervisionWarnings: 'KeyPoints.confidence' is deprecated since 0.29.0 and will be removed in 0.32.0. Use 'KeyPoints.keypoint_confidence' instead.
SupervisionWarnings: 'KeyPoints.confidence' is deprecated since 0.29.0 and will be removed in 0.32.0. Use 'KeyPoints.keypoint_confidence' instead.

 42%|████▏     | 613/1451 [10:54<12:01,  1.16it/s]SupervisionWarnings: 'KeyPoints.confidence' is deprecated since 0.29.0 and will be removed in 0.32.0. Use 'KeyPoints.keypoint_confidence' instead.
SupervisionWarnings: 'KeyPoints.confidence' is deprecated since 0.29.0 and will be removed in 0.32.0. Use 'KeyPoints.keypoint_confidence' instead.
SupervisionWarnings: 'KeyPoints.confidence' is deprecated since 0.29.0 and will be removed in 0.32.0. Use 'KeyPoints.keypoint_confidence' instead.
SupervisionWarnings: 'KeyPoints.confidence' is deprecated since 0.29.0 and will be removed in 0.32.0. Use 'KeyPoints.keypoint_confidence' instead.

 42%|████▏     | 614/1451 [10:55<12:42,  1.10it/s]SupervisionWarnings: 'KeyPoints.confidence' is deprecated since 0.29.0 and will be removed in 0.32.0. Use 'KeyPoints.keypoint_confidence' instead.
SupervisionWarnings: 'KeyPoints.confidence' is deprecated since 0.29.0 and will be removed in 0.32.0. Use 'KeyPoints.keypoint_confidence' instead.
SupervisionWarnings: 'KeyPoints.confidence' is deprecated since 0.29.0 and will be removed in 0.32.0. Use 'KeyPoints.keypoint_confidence' instead.
SupervisionWarnings: 'KeyPoints.confidence' is deprecated since 0.29.0 and will be removed in 0.32.0. Use 'KeyPoints.keypoint_confidence' instead.

 42%|████▏     | 615/1451 [10:56<13:16,  1.05it/s]SupervisionWarnings: 'KeyPoints.confidence' is deprecated since 0.29.0 and will be removed in 0.32.0. Use 'KeyPoints.keypoint_confidence' instead.
SupervisionWarnings: 'KeyPoints.confidence' is deprecated since 0.29.0 and will be removed in 0.32.0. Use 'KeyPoints.keypoint_confidence' instead.
SupervisionWarnings: 'KeyPoints.confidence' is deprecated since 0.29.0 and will be removed in 0.32.0. Use 'KeyPoints.keypoint_confidence' instead.
SupervisionWarnings: 'KeyPoints.confidence' is deprecated since 0.29.0 and will be removed in 0.32.0. Use 'KeyPoints.keypoint_confidence' instead.

 42%|████▏     | 616/1451 [10:57<13:20,  1.04it/s]SupervisionWarnings: 'KeyPoints.confidence' is deprecated since 0.29.0 and will be removed in 0.32.0. Use 'KeyPoints.keypoint_confidence' instead.
SupervisionWarnings: 'KeyPoints.confidence' is deprecated since 0.29.0 and will be removed in 0.32.0. Use 'KeyPoints.keypoint_confidence' instead.
SupervisionWarnings: 'KeyPoints.confidence' is deprecated since 0.29.0 and will be removed in 0.32.0. Use 'KeyPoints.keypoint_confidence' instead.
SupervisionWarnings: 'KeyPoints.confidence' is deprecated since 0.29.0 and will be removed in 0.32.0. Use 'KeyPoints.keypoint_confidence' instead.

 43%|████▎     | 617/1451 [10:57<12:50,  1.08it/s]SupervisionWarnings: 'KeyPoints.confidence' is deprecated since 0.29.0 and will be removed in 0.32.0. Use 'KeyPoints.keypoint_confidence' instead.
SupervisionWarnings: 'KeyPoints.confidence' is deprecated since 0.29.0 and will be removed in 0.32.0. Use 'KeyPoints.keypoint_confidence' instead.
SupervisionWarnings: 'KeyPoints.confidence' is deprecated since 0.29.0 and will be removed in 0.32.0. Use 'KeyPoints.keypoint_confidence' instead.
SupervisionWarnings: 'KeyPoints.confidence' is deprecated since 0.29.0 and will be removed in 0.32.0. Use 'KeyPoints.keypoint_confidence' instead.

 43%|████▎     | 618/1451 [10:58<12:18,  1.13it/s]SupervisionWarnings: 'KeyPoints.confidence' is deprecated since 0.29.0 and will be removed in 0.32.0. Use 'KeyPoints.keypoint_confidence' instead.
SupervisionWarnings: 'KeyPoints.confidence' is deprecated since 0.29.0 and will be removed in 0.32.0. Use 'KeyPoints.keypoint_confidence' instead.
SupervisionWarnings: 'KeyPoints.confidence' is deprecated since 0.29.0 and will be removed in 0.32.0. Use 'KeyPoints.keypoint_confidence' instead.
SupervisionWarnings: 'KeyPoints.confidence' is deprecated since 0.29.0 and will be removed in 0.32.0. Use 'KeyPoints.keypoint_confidence' instead.

 43%|████▎     | 619/1451 [10:59<13:39,  1.02it/s]SupervisionWarnings: 'KeyPoints.confidence' is deprecated since 0.29.0 and will be removed in 0.32.0. Use 'KeyPoints.keypoint_confidence' instead.
SupervisionWarnings: 'KeyPoints.confidence' is deprecated since 0.29.0 and will be removed in 0.32.0. Use 'KeyPoints.keypoint_confidence' instead.
SupervisionWarnings: 'KeyPoints.confidence' is deprecated since 0.29.0 and will be removed in 0.32.0. Use 'KeyPoints.keypoint_confidence' instead.
SupervisionWarnings: 'KeyPoints.confidence' is deprecated since 0.29.0 and will be removed in 0.32.0. Use 'KeyPoints.keypoint_confidence' instead.

 43%|████▎     | 620/1451 [11:00<12:57,  1.07it/s]SupervisionWarnings: 'KeyPoints.confidence' is deprecated since 0.29.0 and will be removed in 0.32.0. Use 'KeyPoints.keypoint_confidence' instead.
SupervisionWarnings: 'KeyPoints.confidence' is deprecated since 0.29.0 and will be removed in 0.32.0. Use 'KeyPoints.keypoint_confidence' instead.
SupervisionWarnings: 'KeyPoints.confidence' is deprecated since 0.29.0 and will be removed in 0.32.0. Use 'KeyPoints.keypoint_confidence' instead.
SupervisionWarnings: 'KeyPoints.confidence' is deprecated since 0.29.0 and will be removed in 0.32.0. Use 'KeyPoints.keypoint_confidence' instead.

 43%|████▎     | 621/1451 [11:01<12:29,  1.11it/s]SupervisionWarnings: 'KeyPoints.confidence' is deprecated since 0.29.0 and will be removed in 0.32.0. Use 'KeyPoints.keypoint_confidence' instead.
SupervisionWarnings: 'KeyPoints.confidence' is deprecated since 0.29.0 and will be removed in 0.32.0. Use 'KeyPoints.keypoint_confidence' instead.
SupervisionWarnings: 'KeyPoints.confidence' is deprecated since 0.29.0 and will be removed in 0.32.0. Use 'KeyPoints.keypoint_confidence' instead.
SupervisionWarnings: 'KeyPoints.confidence' is deprecated since 0.29.0 and will be removed in 0.32.0. Use 'KeyPoints.keypoint_confidence' instead.

 43%|████▎     | 622/1451 [11:02<12:10,  1.14it/s]SupervisionWarnings: 'KeyPoints.confidence' is deprecated since 0.29.0 and will be removed in 0.32.0. Use 'KeyPoints.keypoint_confidence' instead.
SupervisionWarnings: 'KeyPoints.confidence' is deprecated since 0.29.0 and will be removed in 0.32.0. Use 'KeyPoints.keypoint_confidence' instead.
SupervisionWarnings: 'KeyPoints.confidence' is deprecated since 0.29.0 and will be removed in 0.32.0. Use 'KeyPoints.keypoint_confidence' instead.
SupervisionWarnings: 'KeyPoints.confidence' is deprecated since 0.29.0 and will be removed in 0.32.0. Use 'KeyPoints.keypoint_confidence' instead.

 43%|████▎     | 623/1451 [11:03<13:34,  1.02it/s]SupervisionWarnings: 'KeyPoints.confidence' is deprecated since 0.29.0 and will be removed in 0.32.0. Use 'KeyPoints.keypoint_confidence' instead.
SupervisionWarnings: 'KeyPoints.confidence' is deprecated since 0.29.0 and will be removed in 0.32.0. Use 'KeyPoints.keypoint_confidence' instead.
SupervisionWarnings: 'KeyPoints.confidence' is deprecated since 0.29.0 and will be removed in 0.32.0. Use 'KeyPoints.keypoint_confidence' instead.
SupervisionWarnings: 'KeyPoints.confidence' is deprecated since 0.29.0 and will be removed in 0.32.0. Use 'KeyPoints.keypoint_confidence' instead.

 43%|████▎     | 624/1451 [11:04<14:37,  1.06s/it]SupervisionWarnings: 'KeyPoints.confidence' is deprecated since 0.29.0 and will be removed in 0.32.0. Use 'KeyPoints.keypoint_confidence' instead.
SupervisionWarnings: 'KeyPoints.confidence' is deprecated since 0.29.0 and will be removed in 0.32.0. Use 'KeyPoints.keypoint_confidence' instead.
SupervisionWarnings: 'KeyPoints.confidence' is deprecated since 0.29.0 and will be removed in 0.32.0. Use 'KeyPoints.keypoint_confidence' instead.
SupervisionWarnings: 'KeyPoints.confidence' is deprecated since 0.29.0 and will be removed in 0.32.0. Use 'KeyPoints.keypoint_confidence' instead.

 43%|████▎     | 625/1451 [11:06<15:20,  1.11s/it]SupervisionWarnings: 'KeyPoints.confidence' is deprecated since 0.29.0 and will be removed in 0.32.0. Use 'KeyPoints.keypoint_confidence' instead.
SupervisionWarnings: 'KeyPoints.confidence' is deprecated since 0.29.0 and will be removed in 0.32.0. Use 'KeyPoints.keypoint_confidence' instead.
SupervisionWarnings: 'KeyPoints.confidence' is deprecated since 0.29.0 and will be removed in 0.32.0. Use 'KeyPoints.keypoint_confidence' instead.
SupervisionWarnings: 'KeyPoints.confidence' is deprecated since 0.29.0 and will be removed in 0.32.0. Use 'KeyPoints.keypoint_confidence' instead.

 43%|████▎     | 626/1451 [11:06<14:03,  1.02s/it]SupervisionWarnings: 'KeyPoints.confidence' is deprecated since 0.29.0 and will be removed in 0.32.0. Use 'KeyPoints.keypoint_confidence' instead.
SupervisionWarnings: 'KeyPoints.confidence' is deprecated since 0.29.0 and will be removed in 0.32.0. Use 'KeyPoints.keypoint_confidence' instead.
SupervisionWarnings: 'KeyPoints.confidence' is deprecated since 0.29.0 and will be removed in 0.32.0. Use 'KeyPoints.keypoint_confidence' instead.
SupervisionWarnings: 'KeyPoints.confidence' is deprecated since 0.29.0 and will be removed in 0.32.0. Use 'KeyPoints.keypoint_confidence' instead.

 43%|████▎     | 627/1451 [11:08<15:37,  1.14s/it]SupervisionWarnings: 'KeyPoints.confidence' is deprecated since 0.29.0 and will be removed in 0.32.0. Use 'KeyPoints.keypoint_confidence' instead.
SupervisionWarnings: 'KeyPoints.confidence' is deprecated since 0.29.0 and will be removed in 0.32.0. Use 'KeyPoints.keypoint_confidence' instead.
SupervisionWarnings: 'KeyPoints.confidence' is deprecated since 0.29.0 and will be removed in 0.32.0. Use 'KeyPoints.keypoint_confidence' instead.
SupervisionWarnings: 'KeyPoints.confidence' is deprecated since 0.29.0 and will be removed in 0.32.0. Use 'KeyPoints.keypoint_confidence' instead.

 43%|████▎     | 628/1451 [11:09<17:07,  1.25s/it]SupervisionWarnings: 'KeyPoints.confidence' is deprecated since 0.29.0 and will be removed in 0.32.0. Use 'KeyPoints.keypoint_confidence' instead.
SupervisionWarnings: 'KeyPoints.confidence' is deprecated since 0.29.0 and will be removed in 0.32.0. Use 'KeyPoints.keypoint_confidence' instead.
SupervisionWarnings: 'KeyPoints.confidence' is deprecated since 0.29.0 and will be removed in 0.32.0. Use 'KeyPoints.keypoint_confidence' instead.
SupervisionWarnings: 'KeyPoints.confidence' is deprecated since 0.29.0 and will be removed in 0.32.0. Use 'KeyPoints.keypoint_confidence' instead.

 43%|████▎     | 629/1451 [11:11<17:22,  1.27s/it]SupervisionWarnings: 'KeyPoints.confidence' is deprecated since 0.29.0 and will be removed in 0.32.0. Use 'KeyPoints.keypoint_confidence' instead.
SupervisionWarnings: 'KeyPoints.confidence' is deprecated since 0.29.0 and will be removed in 0.32.0. Use 'KeyPoints.keypoint_confidence' instead.
SupervisionWarnings: 'KeyPoints.confidence' is deprecated since 0.29.0 and will be removed in 0.32.0. Use 'KeyPoints.keypoint_confidence' instead.
SupervisionWarnings: 'KeyPoints.confidence' is deprecated since 0.29.0 and will be removed in 0.32.0. Use 'KeyPoints.keypoint_confidence' instead.

 43%|████▎     | 630/1451 [11:12<17:08,  1.25s/it]SupervisionWarnings: 'KeyPoints.confidence' is deprecated since 0.29.0 and will be removed in 0.32.0. Use 'KeyPoints.keypoint_confidence' instead.
SupervisionWarnings: 'KeyPoints.confidence' is deprecated since 0.29.0 and will be removed in 0.32.0. Use 'KeyPoints.keypoint_confidence' instead.
SupervisionWarnings: 'KeyPoints.confidence' is deprecated since 0.29.0 and will be removed in 0.32.0. Use 'KeyPoints.keypoint_confidence' instead.
SupervisionWarnings: 'KeyPoints.confidence' is deprecated since 0.29.0 and will be removed in 0.32.0. Use 'KeyPoints.keypoint_confidence' instead.

 43%|████▎     | 631/1451 [11:13<16:58,  1.24s/it]SupervisionWarnings: 'KeyPoints.confidence' is deprecated since 0.29.0 and will be removed in 0.32.0. Use 'KeyPoints.keypoint_confidence' instead.
SupervisionWarnings: 'KeyPoints.confidence' is deprecated since 0.29.0 and will be removed in 0.32.0. Use 'KeyPoints.keypoint_confidence' instead.
SupervisionWarnings: 'KeyPoints.confidence' is deprecated since 0.29.0 and will be removed in 0.32.0. Use 'KeyPoints.keypoint_confidence' instead.
SupervisionWarnings: 'KeyPoints.confidence' is deprecated since 0.29.0 and will be removed in 0.32.0. Use 'KeyPoints.keypoint_confidence' instead.

 44%|████▎     | 632/1451 [11:14<16:53,  1.24s/it]SupervisionWarnings: 'KeyPoints.confidence' is deprecated since 0.29.0 and will be removed in 0.32.0. Use 'KeyPoints.keypoint_confidence' instead.
SupervisionWarnings: 'KeyPoints.confidence' is deprecated since 0.29.0 and will be removed in 0.32.0. Use 'KeyPoints.keypoint_confidence' instead.
SupervisionWarnings: 'KeyPoints.confidence' is deprecated since 0.29.0 and will be removed in 0.32.0. Use 'KeyPoints.keypoint_confidence' instead.
SupervisionWarnings: 'KeyPoints.confidence' is deprecated since 0.29.0 and will be removed in 0.32.0. Use 'KeyPoints.keypoint_confidence' instead.

 44%|████▎     | 633/1451 [11:16<16:45,  1.23s/it]SupervisionWarnings: 'KeyPoints.confidence' is deprecated since 0.29.0 and will be removed in 0.32.0. Use 'KeyPoints.keypoint_confidence' instead.
SupervisionWarnings: 'KeyPoints.confidence' is deprecated since 0.29.0 and will be removed in 0.32.0. Use 'KeyPoints.keypoint_confidence' instead.
SupervisionWarnings: 'KeyPoints.confidence' is deprecated since 0.29.0 and will be removed in 0.32.0. Use 'KeyPoints.keypoint_confidence' instead.
SupervisionWarnings: 'KeyPoints.confidence' is deprecated since 0.29.0 and will be removed in 0.32.0. Use 'KeyPoints.keypoint_confidence' instead.

 44%|████▎     | 634/1451 [11:16<15:07,  1.11s/it]SupervisionWarnings: 'KeyPoints.confidence' is deprecated since 0.29.0 and will be removed in 0.32.0. Use 'KeyPoints.keypoint_confidence' instead.
SupervisionWarnings: 'KeyPoints.confidence' is deprecated since 0.29.0 and will be removed in 0.32.0. Use 'KeyPoints.keypoint_confidence' instead.
SupervisionWarnings: 'KeyPoints.confidence' is deprecated since 0.29.0 and will be removed in 0.32.0. Use 'KeyPoints.keypoint_confidence' instead.
SupervisionWarnings: 'KeyPoints.confidence' is deprecated since 0.29.0 and will be removed in 0.32.0. Use 'KeyPoints.keypoint_confidence' instead.

 44%|████▍     | 635/1451 [11:17<13:51,  1.02s/it]SupervisionWarnings: 'KeyPoints.confidence' is deprecated since 0.29.0 and will be removed in 0.32.0. Use 'KeyPoints.keypoint_confidence' instead.
SupervisionWarnings: 'KeyPoints.confidence' is deprecated since 0.29.0 and will be removed in 0.32.0. Use 'KeyPoints.keypoint_confidence' instead.
SupervisionWarnings: 'KeyPoints.confidence' is deprecated since 0.29.0 and will be removed in 0.32.0. Use 'KeyPoints.keypoint_confidence' instead.
SupervisionWarnings: 'KeyPoints.confidence' is deprecated since 0.29.0 and will be removed in 0.32.0. Use 'KeyPoints.keypoint_confidence' instead.

 44%|████▍     | 636/1451 [11:18<13:03,  1.04it/s]SupervisionWarnings: 'KeyPoints.confidence' is deprecated since 0.29.0 and will be removed in 0.32.0. Use 'KeyPoints.keypoint_confidence' instead.
SupervisionWarnings: 'KeyPoints.confidence' is deprecated since 0.29.0 and will be removed in 0.32.0. Use 'KeyPoints.keypoint_confidence' instead.
SupervisionWarnings: 'KeyPoints.confidence' is deprecated since 0.29.0 and will be removed in 0.32.0. Use 'KeyPoints.keypoint_confidence' instead.
SupervisionWarnings: 'KeyPoints.confidence' is deprecated since 0.29.0 and will be removed in 0.32.0. Use 'KeyPoints.keypoint_confidence' instead.

 44%|████▍     | 637/1451 [11:19<14:04,  1.04s/it]SupervisionWarnings: 'KeyPoints.confidence' is deprecated since 0.29.0 and will be removed in 0.32.0. Use 'KeyPoints.keypoint_confidence' instead.
SupervisionWarnings: 'KeyPoints.confidence' is deprecated since 0.29.0 and will be removed in 0.32.0. Use 'KeyPoints.keypoint_confidence' instead.
SupervisionWarnings: 'KeyPoints.confidence' is deprecated since 0.29.0 and will be removed in 0.32.0. Use 'KeyPoints.keypoint_confidence' instead.
SupervisionWarnings: 'KeyPoints.confidence' is deprecated since 0.29.0 and will be removed in 0.32.0. Use 'KeyPoints.keypoint_confidence' instead.

 44%|████▍     | 638/1451 [11:21<15:19,  1.13s/it]SupervisionWarnings: 'KeyPoints.confidence' is deprecated since 0.29.0 and will be removed in 0.32.0. Use 'KeyPoints.keypoint_confidence' instead.
SupervisionWarnings: 'KeyPoints.confidence' is deprecated since 0.29.0 and will be removed in 0.32.0. Use 'KeyPoints.keypoint_confidence' instead.
SupervisionWarnings: 'KeyPoints.confidence' is deprecated since 0.29.0 and will be removed in 0.32.0. Use 'KeyPoints.keypoint_confidence' instead.
SupervisionWarnings: 'KeyPoints.confidence' is deprecated since 0.29.0 and will be removed in 0.32.0. Use 'KeyPoints.keypoint_confidence' instead.

 44%|████▍     | 639/1451 [11:22<16:52,  1.25s/it]SupervisionWarnings: 'KeyPoints.confidence' is deprecated since 0.29.0 and will be removed in 0.32.0. Use 'KeyPoints.keypoint_confidence' instead.
SupervisionWarnings: 'KeyPoints.confidence' is deprecated since 0.29.0 and will be removed in 0.32.0. Use 'KeyPoints.keypoint_confidence' instead.
SupervisionWarnings: 'KeyPoints.confidence' is deprecated since 0.29.0 and will be removed in 0.32.0. Use 'KeyPoints.keypoint_confidence' instead.
SupervisionWarnings: 'KeyPoints.confidence' is deprecated since 0.29.0 and will be removed in 0.32.0. Use 'KeyPoints.keypoint_confidence' instead.

 44%|████▍     | 640/1451 [11:23<17:21,  1.28s/it]SupervisionWarnings: 'KeyPoints.confidence' is deprecated since 0.29.0 and will be removed in 0.32.0. Use 'KeyPoints.keypoint_confidence' instead.
SupervisionWarnings: 'KeyPoints.confidence' is deprecated since 0.29.0 and will be removed in 0.32.0. Use 'KeyPoints.keypoint_confidence' instead.
SupervisionWarnings: 'KeyPoints.confidence' is deprecated since 0.29.0 and will be removed in 0.32.0. Use 'KeyPoints.keypoint_confidence' instead.
SupervisionWarnings: 'KeyPoints.confidence' is deprecated since 0.29.0 and will be removed in 0.32.0. Use 'KeyPoints.keypoint_confidence' instead.

 44%|████▍     | 641/1451 [11:25<17:08,  1.27s/it]SupervisionWarnings: 'KeyPoints.confidence' is deprecated since 0.29.0 and will be removed in 0.32.0. Use 'KeyPoints.keypoint_confidence' instead.
SupervisionWarnings: 'KeyPoints.confidence' is deprecated since 0.29.0 and will be removed in 0.32.0. Use 'KeyPoints.keypoint_confidence' instead.
SupervisionWarnings: 'KeyPoints.confidence' is deprecated since 0.29.0 and will be removed in 0.32.0. Use 'KeyPoints.keypoint_confidence' instead.
SupervisionWarnings: 'KeyPoints.confidence' is deprecated since 0.29.0 and will be removed in 0.32.0. Use 'KeyPoints.keypoint_confidence' instead.

 44%|████▍     | 642/1451 [11:26<16:58,  1.26s/it]SupervisionWarnings: 'KeyPoints.confidence' is deprecated since 0.29.0 and will be removed in 0.32.0. Use 'KeyPoints.keypoint_confidence' instead.
SupervisionWarnings: 'KeyPoints.confidence' is deprecated since 0.29.0 and will be removed in 0.32.0. Use 'KeyPoints.keypoint_confidence' instead.
SupervisionWarnings: 'KeyPoints.confidence' is deprecated since 0.29.0 and will be removed in 0.32.0. Use 'KeyPoints.keypoint_confidence' instead.
SupervisionWarnings: 'KeyPoints.confidence' is deprecated since 0.29.0 and will be removed in 0.32.0. Use 'KeyPoints.keypoint_confidence' instead.

 44%|████▍     | 643/1451 [11:27<16:58,  1.26s/it]SupervisionWarnings: 'KeyPoints.confidence' is deprecated since 0.29.0 and will be removed in 0.32.0. Use 'KeyPoints.keypoint_confidence' instead.
SupervisionWarnings: 'KeyPoints.confidence' is deprecated since 0.29.0 and will be removed in 0.32.0. Use 'KeyPoints.keypoint_confidence' instead.
SupervisionWarnings: 'KeyPoints.confidence' is deprecated since 0.29.0 and will be removed in 0.32.0. Use 'KeyPoints.keypoint_confidence' instead.
SupervisionWarnings: 'KeyPoints.confidence' is deprecated since 0.29.0 and will be removed in 0.32.0. Use 'KeyPoints.keypoint_confidence' instead.

 44%|████▍     | 644/1451 [11:28<16:50,  1.25s/it]SupervisionWarnings: 'KeyPoints.confidence' is deprecated since 0.29.0 and will be removed in 0.32.0. Use 'KeyPoints.keypoint_confidence' instead.
SupervisionWarnings: 'KeyPoints.confidence' is deprecated since 0.29.0 and will be removed in 0.32.0. Use 'KeyPoints.keypoint_confidence' instead.
SupervisionWarnings: 'KeyPoints.confidence' is deprecated since 0.29.0 and will be removed in 0.32.0. Use 'KeyPoints.keypoint_confidence' instead.
SupervisionWarnings: 'KeyPoints.confidence' is deprecated since 0.29.0 and will be removed in 0.32.0. Use 'KeyPoints.keypoint_confidence' instead.

 44%|████▍     | 645/1451 [11:30<16:40,  1.24s/it]SupervisionWarnings: 'KeyPoints.confidence' is deprecated since 0.29.0 and will be removed in 0.32.0. Use 'KeyPoints.keypoint_confidence' instead.
SupervisionWarnings: 'KeyPoints.confidence' is deprecated since 0.29.0 and will be removed in 0.32.0. Use 'KeyPoints.keypoint_confidence' instead.
SupervisionWarnings: 'KeyPoints.confidence' is deprecated since 0.29.0 and will be removed in 0.32.0. Use 'KeyPoints.keypoint_confidence' instead.
SupervisionWarnings: 'KeyPoints.confidence' is deprecated since 0.29.0 and will be removed in 0.32.0. Use 'KeyPoints.keypoint_confidence' instead.

 45%|████▍     | 646/1451 [11:31<16:39,  1.24s/it]SupervisionWarnings: 'KeyPoints.confidence' is deprecated since 0.29.0 and will be removed in 0.32.0. Use 'KeyPoints.keypoint_confidence' instead.
SupervisionWarnings: 'KeyPoints.confidence' is deprecated since 0.29.0 and will be removed in 0.32.0. Use 'KeyPoints.keypoint_confidence' instead.
SupervisionWarnings: 'KeyPoints.confidence' is deprecated since 0.29.0 and will be removed in 0.32.0. Use 'KeyPoints.keypoint_confidence' instead.
SupervisionWarnings: 'KeyPoints.confidence' is deprecated since 0.29.0 and will be removed in 0.32.0. Use 'KeyPoints.keypoint_confidence' instead.

 45%|████▍     | 647/1451 [11:32<16:35,  1.24s/it]SupervisionWarnings: 'KeyPoints.confidence' is deprecated since 0.29.0 and will be removed in 0.32.0. Use 'KeyPoints.keypoint_confidence' instead.
SupervisionWarnings: 'KeyPoints.confidence' is deprecated since 0.29.0 and will be removed in 0.32.0. Use 'KeyPoints.keypoint_confidence' instead.
SupervisionWarnings: 'KeyPoints.confidence' is deprecated since 0.29.0 and will be removed in 0.32.0. Use 'KeyPoints.keypoint_confidence' instead.
SupervisionWarnings: 'KeyPoints.confidence' is deprecated since 0.29.0 and will be removed in 0.32.0. Use 'KeyPoints.keypoint_confidence' instead.

 45%|████▍     | 648/1451 [11:33<15:13,  1.14s/it]SupervisionWarnings: 'KeyPoints.confidence' is deprecated since 0.29.0 and will be removed in 0.32.0. Use 'KeyPoints.keypoint_confidence' instead.
SupervisionWarnings: 'KeyPoints.confidence' is deprecated since 0.29.0 and will be removed in 0.32.0. Use 'KeyPoints.keypoint_confidence' instead.
SupervisionWarnings: 'KeyPoints.confidence' is deprecated since 0.29.0 and will be removed in 0.32.0. Use 'KeyPoints.keypoint_confidence' instead.
SupervisionWarnings: 'KeyPoints.confidence' is deprecated since 0.29.0 and will be removed in 0.32.0. Use 'KeyPoints.keypoint_confidence' instead.

 45%|████▍     | 649/1451 [11:34<14:48,  1.11s/it]SupervisionWarnings: 'KeyPoints.confidence' is deprecated since 0.29.0 and will be removed in 0.32.0. Use 'KeyPoints.keypoint_confidence' instead.
SupervisionWarnings: 'KeyPoints.confidence' is deprecated since 0.29.0 and will be removed in 0.32.0. Use 'KeyPoints.keypoint_confidence' instead.
SupervisionWarnings: 'KeyPoints.confidence' is deprecated since 0.29.0 and will be removed in 0.32.0. Use 'KeyPoints.keypoint_confidence' instead.
SupervisionWarnings: 'KeyPoints.confidence' is deprecated since 0.29.0 and will be removed in 0.32.0. Use 'KeyPoints.keypoint_confidence' instead.

 45%|████▍     | 650/1451 [11:35<14:30,  1.09s/it]SupervisionWarnings: 'KeyPoints.confidence' is deprecated since 0.29.0 and will be removed in 0.32.0. Use 'KeyPoints.keypoint_confidence' instead.
SupervisionWarnings: 'KeyPoints.confidence' is deprecated since 0.29.0 and will be removed in 0.32.0. Use 'KeyPoints.keypoint_confidence' instead.
SupervisionWarnings: 'KeyPoints.confidence' is deprecated since 0.29.0 and will be removed in 0.32.0. Use 'KeyPoints.keypoint_confidence' instead.
SupervisionWarnings: 'KeyPoints.confidence' is deprecated since 0.29.0 and will be removed in 0.32.0. Use 'KeyPoints.keypoint_confidence' instead.

 45%|████▍     | 651/1451 [11:36<13:53,  1.04s/it]SupervisionWarnings: 'KeyPoints.confidence' is deprecated since 0.29.0 and will be removed in 0.32.0. Use 'KeyPoints.keypoint_confidence' instead.
SupervisionWarnings: 'KeyPoints.confidence' is deprecated since 0.29.0 and will be removed in 0.32.0. Use 'KeyPoints.keypoint_confidence' instead.
SupervisionWarnings: 'KeyPoints.confidence' is deprecated since 0.29.0 and will be removed in 0.32.0. Use 'KeyPoints.keypoint_confidence' instead.
SupervisionWarnings: 'KeyPoints.confidence' is deprecated since 0.29.0 and will be removed in 0.32.0. Use 'KeyPoints.keypoint_confidence' instead.

 45%|████▍     | 652/1451 [11:37<12:55,  1.03it/s]SupervisionWarnings: 'KeyPoints.confidence' is deprecated since 0.29.0 and will be removed in 0.32.0. Use 'KeyPoints.keypoint_confidence' instead.
SupervisionWarnings: 'KeyPoints.confidence' is deprecated since 0.29.0 and will be removed in 0.32.0. Use 'KeyPoints.keypoint_confidence' instead.
SupervisionWarnings: 'KeyPoints.confidence' is deprecated since 0.29.0 and will be removed in 0.32.0. Use 'KeyPoints.keypoint_confidence' instead.
SupervisionWarnings: 'KeyPoints.confidence' is deprecated since 0.29.0 and will be removed in 0.32.0. Use 'KeyPoints.keypoint_confidence' instead.

 45%|████▌     | 653/1451 [11:38<12:14,  1.09it/s]SupervisionWarnings: 'KeyPoints.confidence' is deprecated since 0.29.0 and will be removed in 0.32.0. Use 'KeyPoints.keypoint_confidence' instead.
SupervisionWarnings: 'KeyPoints.confidence' is deprecated since 0.29.0 and will be removed in 0.32.0. Use 'KeyPoints.keypoint_confidence' instead.
SupervisionWarnings: 'KeyPoints.confidence' is deprecated since 0.29.0 and will be removed in 0.32.0. Use 'KeyPoints.keypoint_confidence' instead.
SupervisionWarnings: 'KeyPoints.confidence' is deprecated since 0.29.0 and will be removed in 0.32.0. Use 'KeyPoints.keypoint_confidence' instead.

 45%|████▌     | 654/1451 [11:38<11:50,  1.12it/s]SupervisionWarnings: 'KeyPoints.confidence' is deprecated since 0.29.0 and will be removed in 0.32.0. Use 'KeyPoints.keypoint_confidence' instead.
SupervisionWarnings: 'KeyPoints.confidence' is deprecated since 0.29.0 and will be removed in 0.32.0. Use 'KeyPoints.keypoint_confidence' instead.
SupervisionWarnings: 'KeyPoints.confidence' is deprecated since 0.29.0 and will be removed in 0.32.0. Use 'KeyPoints.keypoint_confidence' instead.
SupervisionWarnings: 'KeyPoints.confidence' is deprecated since 0.29.0 and will be removed in 0.32.0. Use 'KeyPoints.keypoint_confidence' instead.

 45%|████▌     | 655/1451 [11:39<11:29,  1.15it/s]SupervisionWarnings: 'KeyPoints.confidence' is deprecated since 0.29.0 and will be removed in 0.32.0. Use 'KeyPoints.keypoint_confidence' instead.
SupervisionWarnings: 'KeyPoints.confidence' is deprecated since 0.29.0 and will be removed in 0.32.0. Use 'KeyPoints.keypoint_confidence' instead.
SupervisionWarnings: 'KeyPoints.confidence' is deprecated since 0.29.0 and will be removed in 0.32.0. Use 'KeyPoints.keypoint_confidence' instead.
SupervisionWarnings: 'KeyPoints.confidence' is deprecated since 0.29.0 and will be removed in 0.32.0. Use 'KeyPoints.keypoint_confidence' instead.

 45%|████▌     | 656/1451 [11:40<11:15,  1.18it/s]SupervisionWarnings: 'KeyPoints.confidence' is deprecated since 0.29.0 and will be removed in 0.32.0. Use 'KeyPoints.keypoint_confidence' instead.
SupervisionWarnings: 'KeyPoints.confidence' is deprecated since 0.29.0 and will be removed in 0.32.0. Use 'KeyPoints.keypoint_confidence' instead.
SupervisionWarnings: 'KeyPoints.confidence' is deprecated since 0.29.0 and will be removed in 0.32.0. Use 'KeyPoints.keypoint_confidence' instead.
SupervisionWarnings: 'KeyPoints.confidence' is deprecated since 0.29.0 and will be removed in 0.32.0. Use 'KeyPoints.keypoint_confidence' instead.

 45%|████▌     | 657/1451 [11:41<12:51,  1.03it/s]SupervisionWarnings: 'KeyPoints.confidence' is deprecated since 0.29.0 and will be removed in 0.32.0. Use 'KeyPoints.keypoint_confidence' instead.
SupervisionWarnings: 'KeyPoints.confidence' is deprecated since 0.29.0 and will be removed in 0.32.0. Use 'KeyPoints.keypoint_confidence' instead.
SupervisionWarnings: 'KeyPoints.confidence' is deprecated since 0.29.0 and will be removed in 0.32.0. Use 'KeyPoints.keypoint_confidence' instead.
SupervisionWarnings: 'KeyPoints.confidence' is deprecated since 0.29.0 and will be removed in 0.32.0. Use 'KeyPoints.keypoint_confidence' instead.

 45%|████▌     | 658/1451 [11:43<13:51,  1.05s/it]SupervisionWarnings: 'KeyPoints.confidence' is deprecated since 0.29.0 and will be removed in 0.32.0. Use 'KeyPoints.keypoint_confidence' instead.
SupervisionWarnings: 'KeyPoints.confidence' is deprecated since 0.29.0 and will be removed in 0.32.0. Use 'KeyPoints.keypoint_confidence' instead.
SupervisionWarnings: 'KeyPoints.confidence' is deprecated since 0.29.0 and will be removed in 0.32.0. Use 'KeyPoints.keypoint_confidence' instead.
SupervisionWarnings: 'KeyPoints.confidence' is deprecated since 0.29.0 and will be removed in 0.32.0. Use 'KeyPoints.keypoint_confidence' instead.

 45%|████▌     | 659/1451 [11:44<14:34,  1.10s/it]SupervisionWarnings: 'KeyPoints.confidence' is deprecated since 0.29.0 and will be removed in 0.32.0. Use 'KeyPoints.keypoint_confidence' instead.
SupervisionWarnings: 'KeyPoints.confidence' is deprecated since 0.29.0 and will be removed in 0.32.0. Use 'KeyPoints.keypoint_confidence' instead.
SupervisionWarnings: 'KeyPoints.confidence' is deprecated since 0.29.0 and will be removed in 0.32.0. Use 'KeyPoints.keypoint_confidence' instead.
SupervisionWarnings: 'KeyPoints.confidence' is deprecated since 0.29.0 and will be removed in 0.32.0. Use 'KeyPoints.keypoint_confidence' instead.

 45%|████▌     | 660/1451 [11:45<13:31,  1.03s/it]SupervisionWarnings: 'KeyPoints.confidence' is deprecated since 0.29.0 and will be removed in 0.32.0. Use 'KeyPoints.keypoint_confidence' instead.
SupervisionWarnings: 'KeyPoints.confidence' is deprecated since 0.29.0 and will be removed in 0.32.0. Use 'KeyPoints.keypoint_confidence' instead.
SupervisionWarnings: 'KeyPoints.confidence' is deprecated since 0.29.0 and will be removed in 0.32.0. Use 'KeyPoints.keypoint_confidence' instead.
SupervisionWarnings: 'KeyPoints.confidence' is deprecated since 0.29.0 and will be removed in 0.32.0. Use 'KeyPoints.keypoint_confidence' instead.

 46%|████▌     | 661/1451 [11:45<12:37,  1.04it/s]SupervisionWarnings: 'KeyPoints.confidence' is deprecated since 0.29.0 and will be removed in 0.32.0. Use 'KeyPoints.keypoint_confidence' instead.
SupervisionWarnings: 'KeyPoints.confidence' is deprecated since 0.29.0 and will be removed in 0.32.0. Use 'KeyPoints.keypoint_confidence' instead.
SupervisionWarnings: 'KeyPoints.confidence' is deprecated since 0.29.0 and will be removed in 0.32.0. Use 'KeyPoints.keypoint_confidence' instead.
SupervisionWarnings: 'KeyPoints.confidence' is deprecated since 0.29.0 and will be removed in 0.32.0. Use 'KeyPoints.keypoint_confidence' instead.

 46%|████▌     | 662/1451 [11:46<12:24,  1.06it/s]SupervisionWarnings: 'KeyPoints.confidence' is deprecated since 0.29.0 and will be removed in 0.32.0. Use 'KeyPoints.keypoint_confidence' instead.
SupervisionWarnings: 'KeyPoints.confidence' is deprecated since 0.29.0 and will be removed in 0.32.0. Use 'KeyPoints.keypoint_confidence' instead.
SupervisionWarnings: 'KeyPoints.confidence' is deprecated since 0.29.0 and will be removed in 0.32.0. Use 'KeyPoints.keypoint_confidence' instead.
SupervisionWarnings: 'KeyPoints.confidence' is deprecated since 0.29.0 and will be removed in 0.32.0. Use 'KeyPoints.keypoint_confidence' instead.

 46%|████▌     | 663/1451 [11:48<14:04,  1.07s/it]SupervisionWarnings: 'KeyPoints.confidence' is deprecated since 0.29.0 and will be removed in 0.32.0. Use 'KeyPoints.keypoint_confidence' instead.
SupervisionWarnings: 'KeyPoints.confidence' is deprecated since 0.29.0 and will be removed in 0.32.0. Use 'KeyPoints.keypoint_confidence' instead.
SupervisionWarnings: 'KeyPoints.confidence' is deprecated since 0.29.0 and will be removed in 0.32.0. Use 'KeyPoints.keypoint_confidence' instead.
SupervisionWarnings: 'KeyPoints.confidence' is deprecated since 0.29.0 and will be removed in 0.32.0. Use 'KeyPoints.keypoint_confidence' instead.

 46%|████▌     | 664/1451 [11:49<15:23,  1.17s/it]SupervisionWarnings: 'KeyPoints.confidence' is deprecated since 0.29.0 and will be removed in 0.32.0. Use 'KeyPoints.keypoint_confidence' instead.
SupervisionWarnings: 'KeyPoints.confidence' is deprecated since 0.29.0 and will be removed in 0.32.0. Use 'KeyPoints.keypoint_confidence' instead.
SupervisionWarnings: 'KeyPoints.confidence' is deprecated since 0.29.0 and will be removed in 0.32.0. Use 'KeyPoints.keypoint_confidence' instead.
SupervisionWarnings: 'KeyPoints.confidence' is deprecated since 0.29.0 and will be removed in 0.32.0. Use 'KeyPoints.keypoint_confidence' instead.

 46%|████▌     | 665/1451 [11:50<14:07,  1.08s/it]SupervisionWarnings: 'KeyPoints.confidence' is deprecated since 0.29.0 and will be removed in 0.32.0. Use 'KeyPoints.keypoint_confidence' instead.
SupervisionWarnings: 'KeyPoints.confidence' is deprecated since 0.29.0 and will be removed in 0.32.0. Use 'KeyPoints.keypoint_confidence' instead.
SupervisionWarnings: 'KeyPoints.confidence' is deprecated since 0.29.0 and will be removed in 0.32.0. Use 'KeyPoints.keypoint_confidence' instead.
SupervisionWarnings: 'KeyPoints.confidence' is deprecated since 0.29.0 and will be removed in 0.32.0. Use 'KeyPoints.keypoint_confidence' instead.

 46%|████▌     | 666/1451 [11:51<13:00,  1.01it/s]SupervisionWarnings: 'KeyPoints.confidence' is deprecated since 0.29.0 and will be removed in 0.32.0. Use 'KeyPoints.keypoint_confidence' instead.
SupervisionWarnings: 'KeyPoints.confidence' is deprecated since 0.29.0 and will be removed in 0.32.0. Use 'KeyPoints.keypoint_confidence' instead.
SupervisionWarnings: 'KeyPoints.confidence' is deprecated since 0.29.0 and will be removed in 0.32.0. Use 'KeyPoints.keypoint_confidence' instead.
SupervisionWarnings: 'KeyPoints.confidence' is deprecated since 0.29.0 and will be removed in 0.32.0. Use 'KeyPoints.keypoint_confidence' instead.

 46%|████▌     | 667/1451 [11:52<13:51,  1.06s/it]SupervisionWarnings: 'KeyPoints.confidence' is deprecated since 0.29.0 and will be removed in 0.32.0. Use 'KeyPoints.keypoint_confidence' instead.
SupervisionWarnings: 'KeyPoints.confidence' is deprecated since 0.29.0 and will be removed in 0.32.0. Use 'KeyPoints.keypoint_confidence' instead.
SupervisionWarnings: 'KeyPoints.confidence' is deprecated since 0.29.0 and will be removed in 0.32.0. Use 'KeyPoints.keypoint_confidence' instead.
SupervisionWarnings: 'KeyPoints.confidence' is deprecated since 0.29.0 and will be removed in 0.32.0. Use 'KeyPoints.keypoint_confidence' instead.

 46%|████▌     | 668/1451 [11:53<14:37,  1.12s/it]SupervisionWarnings: 'KeyPoints.confidence' is deprecated since 0.29.0 and will be removed in 0.32.0. Use 'KeyPoints.keypoint_confidence' instead.
SupervisionWarnings: 'KeyPoints.confidence' is deprecated since 0.29.0 and will be removed in 0.32.0. Use 'KeyPoints.keypoint_confidence' instead.
SupervisionWarnings: 'KeyPoints.confidence' is deprecated since 0.29.0 and will be removed in 0.32.0. Use 'KeyPoints.keypoint_confidence' instead.
SupervisionWarnings: 'KeyPoints.confidence' is deprecated since 0.29.0 and will be removed in 0.32.0. Use 'KeyPoints.keypoint_confidence' instead.

 46%|████▌     | 669/1451 [11:54<14:55,  1.15s/it]SupervisionWarnings: 'KeyPoints.confidence' is deprecated since 0.29.0 and will be removed in 0.32.0. Use 'KeyPoints.keypoint_confidence' instead.
SupervisionWarnings: 'KeyPoints.confidence' is deprecated since 0.29.0 and will be removed in 0.32.0. Use 'KeyPoints.keypoint_confidence' instead.
SupervisionWarnings: 'KeyPoints.confidence' is deprecated since 0.29.0 and will be removed in 0.32.0. Use 'KeyPoints.keypoint_confidence' instead.
SupervisionWarnings: 'KeyPoints.confidence' is deprecated since 0.29.0 and will be removed in 0.32.0. Use 'KeyPoints.keypoint_confidence' instead.

 46%|████▌     | 670/1451 [11:55<13:42,  1.05s/it]SupervisionWarnings: 'KeyPoints.confidence' is deprecated since 0.29.0 and will be removed in 0.32.0. Use 'KeyPoints.keypoint_confidence' instead.
SupervisionWarnings: 'KeyPoints.confidence' is deprecated since 0.29.0 and will be removed in 0.32.0. Use 'KeyPoints.keypoint_confidence' instead.
SupervisionWarnings: 'KeyPoints.confidence' is deprecated since 0.29.0 and will be removed in 0.32.0. Use 'KeyPoints.keypoint_confidence' instead.
SupervisionWarnings: 'KeyPoints.confidence' is deprecated since 0.29.0 and will be removed in 0.32.0. Use 'KeyPoints.keypoint_confidence' instead.

 46%|████▌     | 671/1451 [11:56<12:53,  1.01it/s]SupervisionWarnings: 'KeyPoints.confidence' is deprecated since 0.29.0 and will be removed in 0.32.0. Use 'KeyPoints.keypoint_confidence' instead.
SupervisionWarnings: 'KeyPoints.confidence' is deprecated since 0.29.0 and will be removed in 0.32.0. Use 'KeyPoints.keypoint_confidence' instead.
SupervisionWarnings: 'KeyPoints.confidence' is deprecated since 0.29.0 and will be removed in 0.32.0. Use 'KeyPoints.keypoint_confidence' instead.
SupervisionWarnings: 'KeyPoints.confidence' is deprecated since 0.29.0 and will be removed in 0.32.0. Use 'KeyPoints.keypoint_confidence' instead.

 46%|████▋     | 672/1451 [11:57<12:08,  1.07it/s]SupervisionWarnings: 'KeyPoints.confidence' is deprecated since 0.29.0 and will be removed in 0.32.0. Use 'KeyPoints.keypoint_confidence' instead.
SupervisionWarnings: 'KeyPoints.confidence' is deprecated since 0.29.0 and will be removed in 0.32.0. Use 'KeyPoints.keypoint_confidence' instead.
SupervisionWarnings: 'KeyPoints.confidence' is deprecated since 0.29.0 and will be removed in 0.32.0. Use 'KeyPoints.keypoint_confidence' instead.
SupervisionWarnings: 'KeyPoints.confidence' is deprecated since 0.29.0 and will be removed in 0.32.0. Use 'KeyPoints.keypoint_confidence' instead.

 46%|████▋     | 673/1451 [11:58<11:44,  1.11it/s]SupervisionWarnings: 'KeyPoints.confidence' is deprecated since 0.29.0 and will be removed in 0.32.0. Use 'KeyPoints.keypoint_confidence' instead.
SupervisionWarnings: 'KeyPoints.confidence' is deprecated since 0.29.0 and will be removed in 0.32.0. Use 'KeyPoints.keypoint_confidence' instead.
SupervisionWarnings: 'KeyPoints.confidence' is deprecated since 0.29.0 and will be removed in 0.32.0. Use 'KeyPoints.keypoint_confidence' instead.
SupervisionWarnings: 'KeyPoints.confidence' is deprecated since 0.29.0 and will be removed in 0.32.0. Use 'KeyPoints.keypoint_confidence' instead.

 46%|████▋     | 674/1451 [11:59<13:10,  1.02s/it]SupervisionWarnings: 'KeyPoints.confidence' is deprecated since 0.29.0 and will be removed in 0.32.0. Use 'KeyPoints.keypoint_confidence' instead.
SupervisionWarnings: 'KeyPoints.confidence' is deprecated since 0.29.0 and will be removed in 0.32.0. Use 'KeyPoints.keypoint_confidence' instead.
SupervisionWarnings: 'KeyPoints.confidence' is deprecated since 0.29.0 and will be removed in 0.32.0. Use 'KeyPoints.keypoint_confidence' instead.
SupervisionWarnings: 'KeyPoints.confidence' is deprecated since 0.29.0 and will be removed in 0.32.0. Use 'KeyPoints.keypoint_confidence' instead.

 47%|████▋     | 675/1451 [12:01<14:57,  1.16s/it]SupervisionWarnings: 'KeyPoints.confidence' is deprecated since 0.29.0 and will be removed in 0.32.0. Use 'KeyPoints.keypoint_confidence' instead.
SupervisionWarnings: 'KeyPoints.confidence' is deprecated since 0.29.0 and will be removed in 0.32.0. Use 'KeyPoints.keypoint_confidence' instead.
SupervisionWarnings: 'KeyPoints.confidence' is deprecated since 0.29.0 and will be removed in 0.32.0. Use 'KeyPoints.keypoint_confidence' instead.
SupervisionWarnings: 'KeyPoints.confidence' is deprecated since 0.29.0 and will be removed in 0.32.0. Use 'KeyPoints.keypoint_confidence' instead.

 47%|████▋     | 676/1451 [12:02<14:32,  1.13s/it]SupervisionWarnings: 'KeyPoints.confidence' is deprecated since 0.29.0 and will be removed in 0.32.0. Use 'KeyPoints.keypoint_confidence' instead.
SupervisionWarnings: 'KeyPoints.confidence' is deprecated since 0.29.0 and will be removed in 0.32.0. Use 'KeyPoints.keypoint_confidence' instead.
SupervisionWarnings: 'KeyPoints.confidence' is deprecated since 0.29.0 and will be removed in 0.32.0. Use 'KeyPoints.keypoint_confidence' instead.
SupervisionWarnings: 'KeyPoints.confidence' is deprecated since 0.29.0 and will be removed in 0.32.0. Use 'KeyPoints.keypoint_confidence' instead.

 47%|████▋     | 677/1451 [12:03<15:07,  1.17s/it]SupervisionWarnings: 'KeyPoints.confidence' is deprecated since 0.29.0 and will be removed in 0.32.0. Use 'KeyPoints.keypoint_confidence' instead.
SupervisionWarnings: 'KeyPoints.confidence' is deprecated since 0.29.0 and will be removed in 0.32.0. Use 'KeyPoints.keypoint_confidence' instead.
SupervisionWarnings: 'KeyPoints.confidence' is deprecated since 0.29.0 and will be removed in 0.32.0. Use 'KeyPoints.keypoint_confidence' instead.
SupervisionWarnings: 'KeyPoints.confidence' is deprecated since 0.29.0 and will be removed in 0.32.0. Use 'KeyPoints.keypoint_confidence' instead.

 47%|████▋     | 678/1451 [12:04<13:45,  1.07s/it]SupervisionWarnings: 'KeyPoints.confidence' is deprecated since 0.29.0 and will be removed in 0.32.0. Use 'KeyPoints.keypoint_confidence' instead.
SupervisionWarnings: 'KeyPoints.confidence' is deprecated since 0.29.0 and will be removed in 0.32.0. Use 'KeyPoints.keypoint_confidence' instead.
SupervisionWarnings: 'KeyPoints.confidence' is deprecated since 0.29.0 and will be removed in 0.32.0. Use 'KeyPoints.keypoint_confidence' instead.
SupervisionWarnings: 'KeyPoints.confidence' is deprecated since 0.29.0 and will be removed in 0.32.0. Use 'KeyPoints.keypoint_confidence' instead.

 47%|████▋     | 679/1451 [12:05<12:46,  1.01it/s]SupervisionWarnings: 'KeyPoints.confidence' is deprecated since 0.29.0 and will be removed in 0.32.0. Use 'KeyPoints.keypoint_confidence' instead.
SupervisionWarnings: 'KeyPoints.confidence' is deprecated since 0.29.0 and will be removed in 0.32.0. Use 'KeyPoints.keypoint_confidence' instead.
SupervisionWarnings: 'KeyPoints.confidence' is deprecated since 0.29.0 and will be removed in 0.32.0. Use 'KeyPoints.keypoint_confidence' instead.
SupervisionWarnings: 'KeyPoints.confidence' is deprecated since 0.29.0 and will be removed in 0.32.0. Use 'KeyPoints.keypoint_confidence' instead.

 47%|████▋     | 680/1451 [12:05<11:59,  1.07it/s]SupervisionWarnings: 'KeyPoints.confidence' is deprecated since 0.29.0 and will be removed in 0.32.0. Use 'KeyPoints.keypoint_confidence' instead.
SupervisionWarnings: 'KeyPoints.confidence' is deprecated since 0.29.0 and will be removed in 0.32.0. Use 'KeyPoints.keypoint_confidence' instead.
SupervisionWarnings: 'KeyPoints.confidence' is deprecated since 0.29.0 and will be removed in 0.32.0. Use 'KeyPoints.keypoint_confidence' instead.
SupervisionWarnings: 'KeyPoints.confidence' is deprecated since 0.29.0 and will be removed in 0.32.0. Use 'KeyPoints.keypoint_confidence' instead.

 47%|████▋     | 681/1451 [12:06<11:32,  1.11it/s]SupervisionWarnings: 'KeyPoints.confidence' is deprecated since 0.29.0 and will be removed in 0.32.0. Use 'KeyPoints.keypoint_confidence' instead.
SupervisionWarnings: 'KeyPoints.confidence' is deprecated since 0.29.0 and will be removed in 0.32.0. Use 'KeyPoints.keypoint_confidence' instead.
SupervisionWarnings: 'KeyPoints.confidence' is deprecated since 0.29.0 and will be removed in 0.32.0. Use 'KeyPoints.keypoint_confidence' instead.
SupervisionWarnings: 'KeyPoints.confidence' is deprecated since 0.29.0 and will be removed in 0.32.0. Use 'KeyPoints.keypoint_confidence' instead.

 47%|████▋     | 682/1451 [12:07<11:22,  1.13it/s]SupervisionWarnings: 'KeyPoints.confidence' is deprecated since 0.29.0 and will be removed in 0.32.0. Use 'KeyPoints.keypoint_confidence' instead.
SupervisionWarnings: 'KeyPoints.confidence' is deprecated since 0.29.0 and will be removed in 0.32.0. Use 'KeyPoints.keypoint_confidence' instead.
SupervisionWarnings: 'KeyPoints.confidence' is deprecated since 0.29.0 and will be removed in 0.32.0. Use 'KeyPoints.keypoint_confidence' instead.
SupervisionWarnings: 'KeyPoints.confidence' is deprecated since 0.29.0 and will be removed in 0.32.0. Use 'KeyPoints.keypoint_confidence' instead.

 47%|████▋     | 683/1451 [12:08<11:01,  1.16it/s]SupervisionWarnings: 'KeyPoints.confidence' is deprecated since 0.29.0 and will be removed in 0.32.0. Use 'KeyPoints.keypoint_confidence' instead.
SupervisionWarnings: 'KeyPoints.confidence' is deprecated since 0.29.0 and will be removed in 0.32.0. Use 'KeyPoints.keypoint_confidence' instead.
SupervisionWarnings: 'KeyPoints.confidence' is deprecated since 0.29.0 and will be removed in 0.32.0. Use 'KeyPoints.keypoint_confidence' instead.
SupervisionWarnings: 'KeyPoints.confidence' is deprecated since 0.29.0 and will be removed in 0.32.0. Use 'KeyPoints.keypoint_confidence' instead.

 47%|████▋     | 684/1451 [12:09<10:45,  1.19it/s]SupervisionWarnings: 'KeyPoints.confidence' is deprecated since 0.29.0 and will be removed in 0.32.0. Use 'KeyPoints.keypoint_confidence' instead.
SupervisionWarnings: 'KeyPoints.confidence' is deprecated since 0.29.0 and will be removed in 0.32.0. Use 'KeyPoints.keypoint_confidence' instead.
SupervisionWarnings: 'KeyPoints.confidence' is deprecated since 0.29.0 and will be removed in 0.32.0. Use 'KeyPoints.keypoint_confidence' instead.
SupervisionWarnings: 'KeyPoints.confidence' is deprecated since 0.29.0 and will be removed in 0.32.0. Use 'KeyPoints.keypoint_confidence' instead.

 47%|████▋     | 685/1451 [12:09<10:37,  1.20it/s]SupervisionWarnings: 'KeyPoints.confidence' is deprecated since 0.29.0 and will be removed in 0.32.0. Use 'KeyPoints.keypoint_confidence' instead.
SupervisionWarnings: 'KeyPoints.confidence' is deprecated since 0.29.0 and will be removed in 0.32.0. Use 'KeyPoints.keypoint_confidence' instead.
SupervisionWarnings: 'KeyPoints.confidence' is deprecated since 0.29.0 and will be removed in 0.32.0. Use 'KeyPoints.keypoint_confidence' instead.
SupervisionWarnings: 'KeyPoints.confidence' is deprecated since 0.29.0 and will be removed in 0.32.0. Use 'KeyPoints.keypoint_confidence' instead.

 47%|████▋     | 686/1451 [12:10<10:34,  1.21it/s]SupervisionWarnings: 'KeyPoints.confidence' is deprecated since 0.29.0 and will be removed in 0.32.0. Use 'KeyPoints.keypoint_confidence' instead.
SupervisionWarnings: 'KeyPoints.confidence' is deprecated since 0.29.0 and will be removed in 0.32.0. Use 'KeyPoints.keypoint_confidence' instead.
SupervisionWarnings: 'KeyPoints.confidence' is deprecated since 0.29.0 and will be removed in 0.32.0. Use 'KeyPoints.keypoint_confidence' instead.
SupervisionWarnings: 'KeyPoints.confidence' is deprecated since 0.29.0 and will be removed in 0.32.0. Use 'KeyPoints.keypoint_confidence' instead.

 47%|████▋     | 687/1451 [12:11<10:37,  1.20it/s]SupervisionWarnings: 'KeyPoints.confidence' is deprecated since 0.29.0 and will be removed in 0.32.0. Use 'KeyPoints.keypoint_confidence' instead.
SupervisionWarnings: 'KeyPoints.confidence' is deprecated since 0.29.0 and will be removed in 0.32.0. Use 'KeyPoints.keypoint_confidence' instead.
SupervisionWarnings: 'KeyPoints.confidence' is deprecated since 0.29.0 and will be removed in 0.32.0. Use 'KeyPoints.keypoint_confidence' instead.
SupervisionWarnings: 'KeyPoints.confidence' is deprecated since 0.29.0 and will be removed in 0.32.0. Use 'KeyPoints.keypoint_confidence' instead.

 47%|████▋     | 688/1451 [12:12<10:52,  1.17it/s]SupervisionWarnings: 'KeyPoints.confidence' is deprecated since 0.29.0 and will be removed in 0.32.0. Use 'KeyPoints.keypoint_confidence' instead.
SupervisionWarnings: 'KeyPoints.confidence' is deprecated since 0.29.0 and will be removed in 0.32.0. Use 'KeyPoints.keypoint_confidence' instead.
SupervisionWarnings: 'KeyPoints.confidence' is deprecated since 0.29.0 and will be removed in 0.32.0. Use 'KeyPoints.keypoint_confidence' instead.
SupervisionWarnings: 'KeyPoints.confidence' is deprecated since 0.29.0 and will be removed in 0.32.0. Use 'KeyPoints.keypoint_confidence' instead.

 47%|████▋     | 689/1451 [12:13<11:40,  1.09it/s]SupervisionWarnings: 'KeyPoints.confidence' is deprecated since 0.29.0 and will be removed in 0.32.0. Use 'KeyPoints.keypoint_confidence' instead.
SupervisionWarnings: 'KeyPoints.confidence' is deprecated since 0.29.0 and will be removed in 0.32.0. Use 'KeyPoints.keypoint_confidence' instead.
SupervisionWarnings: 'KeyPoints.confidence' is deprecated since 0.29.0 and will be removed in 0.32.0. Use 'KeyPoints.keypoint_confidence' instead.
SupervisionWarnings: 'KeyPoints.confidence' is deprecated since 0.29.0 and will be removed in 0.32.0. Use 'KeyPoints.keypoint_confidence' instead.

 48%|████▊     | 690/1451 [12:14<12:12,  1.04it/s]SupervisionWarnings: 'KeyPoints.confidence' is deprecated since 0.29.0 and will be removed in 0.32.0. Use 'KeyPoints.keypoint_confidence' instead.
SupervisionWarnings: 'KeyPoints.confidence' is deprecated since 0.29.0 and will be removed in 0.32.0. Use 'KeyPoints.keypoint_confidence' instead.
SupervisionWarnings: 'KeyPoints.confidence' is deprecated since 0.29.0 and will be removed in 0.32.0. Use 'KeyPoints.keypoint_confidence' instead.
SupervisionWarnings: 'KeyPoints.confidence' is deprecated since 0.29.0 and will be removed in 0.32.0. Use 'KeyPoints.keypoint_confidence' instead.

 48%|████▊     | 691/1451 [12:15<12:01,  1.05it/s]SupervisionWarnings: 'KeyPoints.confidence' is deprecated since 0.29.0 and will be removed in 0.32.0. Use 'KeyPoints.keypoint_confidence' instead.
SupervisionWarnings: 'KeyPoints.confidence' is deprecated since 0.29.0 and will be removed in 0.32.0. Use 'KeyPoints.keypoint_confidence' instead.
SupervisionWarnings: 'KeyPoints.confidence' is deprecated since 0.29.0 and will be removed in 0.32.0. Use 'KeyPoints.keypoint_confidence' instead.
SupervisionWarnings: 'KeyPoints.confidence' is deprecated since 0.29.0 and will be removed in 0.32.0. Use 'KeyPoints.keypoint_confidence' instead.

 48%|████▊     | 692/1451 [12:16<11:27,  1.10it/s]SupervisionWarnings: 'KeyPoints.confidence' is deprecated since 0.29.0 and will be removed in 0.32.0. Use 'KeyPoints.keypoint_confidence' instead.
SupervisionWarnings: 'KeyPoints.confidence' is deprecated since 0.29.0 and will be removed in 0.32.0. Use 'KeyPoints.keypoint_confidence' instead.
SupervisionWarnings: 'KeyPoints.confidence' is deprecated since 0.29.0 and will be removed in 0.32.0. Use 'KeyPoints.keypoint_confidence' instead.
SupervisionWarnings: 'KeyPoints.confidence' is deprecated since 0.29.0 and will be removed in 0.32.0. Use 'KeyPoints.keypoint_confidence' instead.

 48%|████▊     | 693/1451 [12:17<11:08,  1.13it/s]SupervisionWarnings: 'KeyPoints.confidence' is deprecated since 0.29.0 and will be removed in 0.32.0. Use 'KeyPoints.keypoint_confidence' instead.
SupervisionWarnings: 'KeyPoints.confidence' is deprecated since 0.29.0 and will be removed in 0.32.0. Use 'KeyPoints.keypoint_confidence' instead.
SupervisionWarnings: 'KeyPoints.confidence' is deprecated since 0.29.0 and will be removed in 0.32.0. Use 'KeyPoints.keypoint_confidence' instead.
SupervisionWarnings: 'KeyPoints.confidence' is deprecated since 0.29.0 and will be removed in 0.32.0. Use 'KeyPoints.keypoint_confidence' instead.

 48%|████▊     | 694/1451 [12:17<10:52,  1.16it/s]SupervisionWarnings: 'KeyPoints.confidence' is deprecated since 0.29.0 and will be removed in 0.32.0. Use 'KeyPoints.keypoint_confidence' instead.
SupervisionWarnings: 'KeyPoints.confidence' is deprecated since 0.29.0 and will be removed in 0.32.0. Use 'KeyPoints.keypoint_confidence' instead.
SupervisionWarnings: 'KeyPoints.confidence' is deprecated since 0.29.0 and will be removed in 0.32.0. Use 'KeyPoints.keypoint_confidence' instead.
SupervisionWarnings: 'KeyPoints.confidence' is deprecated since 0.29.0 and will be removed in 0.32.0. Use 'KeyPoints.keypoint_confidence' instead.

 48%|████▊     | 695/1451 [12:19<12:11,  1.03it/s]SupervisionWarnings: 'KeyPoints.confidence' is deprecated since 0.29.0 and will be removed in 0.32.0. Use 'KeyPoints.keypoint_confidence' instead.
SupervisionWarnings: 'KeyPoints.confidence' is deprecated since 0.29.0 and will be removed in 0.32.0. Use 'KeyPoints.keypoint_confidence' instead.
SupervisionWarnings: 'KeyPoints.confidence' is deprecated since 0.29.0 and will be removed in 0.32.0. Use 'KeyPoints.keypoint_confidence' instead.
SupervisionWarnings: 'KeyPoints.confidence' is deprecated since 0.29.0 and will be removed in 0.32.0. Use 'KeyPoints.keypoint_confidence' instead.

 48%|████▊     | 696/1451 [12:20<13:14,  1.05s/it]SupervisionWarnings: 'KeyPoints.confidence' is deprecated since 0.29.0 and will be removed in 0.32.0. Use 'KeyPoints.keypoint_confidence' instead.
SupervisionWarnings: 'KeyPoints.confidence' is deprecated since 0.29.0 and will be removed in 0.32.0. Use 'KeyPoints.keypoint_confidence' instead.
SupervisionWarnings: 'KeyPoints.confidence' is deprecated since 0.29.0 and will be removed in 0.32.0. Use 'KeyPoints.keypoint_confidence' instead.
SupervisionWarnings: 'KeyPoints.confidence' is deprecated since 0.29.0 and will be removed in 0.32.0. Use 'KeyPoints.keypoint_confidence' instead.

 48%|████▊     | 697/1451 [12:21<12:19,  1.02it/s]SupervisionWarnings: 'KeyPoints.confidence' is deprecated since 0.29.0 and will be removed in 0.32.0. Use 'KeyPoints.keypoint_confidence' instead.
SupervisionWarnings: 'KeyPoints.confidence' is deprecated since 0.29.0 and will be removed in 0.32.0. Use 'KeyPoints.keypoint_confidence' instead.
SupervisionWarnings: 'KeyPoints.confidence' is deprecated since 0.29.0 and will be removed in 0.32.0. Use 'KeyPoints.keypoint_confidence' instead.
SupervisionWarnings: 'KeyPoints.confidence' is deprecated since 0.29.0 and will be removed in 0.32.0. Use 'KeyPoints.keypoint_confidence' instead.

 48%|████▊     | 698/1451 [12:22<11:41,  1.07it/s]SupervisionWarnings: 'KeyPoints.confidence' is deprecated since 0.29.0 and will be removed in 0.32.0. Use 'KeyPoints.keypoint_confidence' instead.
SupervisionWarnings: 'KeyPoints.confidence' is deprecated since 0.29.0 and will be removed in 0.32.0. Use 'KeyPoints.keypoint_confidence' instead.
SupervisionWarnings: 'KeyPoints.confidence' is deprecated since 0.29.0 and will be removed in 0.32.0. Use 'KeyPoints.keypoint_confidence' instead.
SupervisionWarnings: 'KeyPoints.confidence' is deprecated since 0.29.0 and will be removed in 0.32.0. Use 'KeyPoints.keypoint_confidence' instead.

 48%|████▊     | 699/1451 [12:23<12:45,  1.02s/it]SupervisionWarnings: 'KeyPoints.confidence' is deprecated since 0.29.0 and will be removed in 0.32.0. Use 'KeyPoints.keypoint_confidence' instead.
SupervisionWarnings: 'KeyPoints.confidence' is deprecated since 0.29.0 and will be removed in 0.32.0. Use 'KeyPoints.keypoint_confidence' instead.
SupervisionWarnings: 'KeyPoints.confidence' is deprecated since 0.29.0 and will be removed in 0.32.0. Use 'KeyPoints.keypoint_confidence' instead.
SupervisionWarnings: 'KeyPoints.confidence' is deprecated since 0.29.0 and will be removed in 0.32.0. Use 'KeyPoints.keypoint_confidence' instead.

 48%|████▊     | 700/1451 [12:24<13:32,  1.08s/it]SupervisionWarnings: 'KeyPoints.confidence' is deprecated since 0.29.0 and will be removed in 0.32.0. Use 'KeyPoints.keypoint_confidence' instead.
SupervisionWarnings: 'KeyPoints.confidence' is deprecated since 0.29.0 and will be removed in 0.32.0. Use 'KeyPoints.keypoint_confidence' instead.
SupervisionWarnings: 'KeyPoints.confidence' is deprecated since 0.29.0 and will be removed in 0.32.0. Use 'KeyPoints.keypoint_confidence' instead.
SupervisionWarnings: 'KeyPoints.confidence' is deprecated since 0.29.0 and will be removed in 0.32.0. Use 'KeyPoints.keypoint_confidence' instead.

 48%|████▊     | 701/1451 [12:25<12:31,  1.00s/it]SupervisionWarnings: 'KeyPoints.confidence' is deprecated since 0.29.0 and will be removed in 0.32.0. Use 'KeyPoints.keypoint_confidence' instead.
SupervisionWarnings: 'KeyPoints.confidence' is deprecated since 0.29.0 and will be removed in 0.32.0. Use 'KeyPoints.keypoint_confidence' instead.
SupervisionWarnings: 'KeyPoints.confidence' is deprecated since 0.29.0 and will be removed in 0.32.0. Use 'KeyPoints.keypoint_confidence' instead.
SupervisionWarnings: 'KeyPoints.confidence' is deprecated since 0.29.0 and will be removed in 0.32.0. Use 'KeyPoints.keypoint_confidence' instead.

 48%|████▊     | 702/1451 [12:26<12:29,  1.00s/it]SupervisionWarnings: 'KeyPoints.confidence' is deprecated since 0.29.0 and will be removed in 0.32.0. Use 'KeyPoints.keypoint_confidence' instead.
SupervisionWarnings: 'KeyPoints.confidence' is deprecated since 0.29.0 and will be removed in 0.32.0. Use 'KeyPoints.keypoint_confidence' instead.
SupervisionWarnings: 'KeyPoints.confidence' is deprecated since 0.29.0 and will be removed in 0.32.0. Use 'KeyPoints.keypoint_confidence' instead.
SupervisionWarnings: 'KeyPoints.confidence' is deprecated since 0.29.0 and will be removed in 0.32.0. Use 'KeyPoints.keypoint_confidence' instead.

 48%|████▊     | 703/1451 [12:27<12:49,  1.03s/it]SupervisionWarnings: 'KeyPoints.confidence' is deprecated since 0.29.0 and will be removed in 0.32.0. Use 'KeyPoints.keypoint_confidence' instead.
SupervisionWarnings: 'KeyPoints.confidence' is deprecated since 0.29.0 and will be removed in 0.32.0. Use 'KeyPoints.keypoint_confidence' instead.
SupervisionWarnings: 'KeyPoints.confidence' is deprecated since 0.29.0 and will be removed in 0.32.0. Use 'KeyPoints.keypoint_confidence' instead.
SupervisionWarnings: 'KeyPoints.confidence' is deprecated since 0.29.0 and will be removed in 0.32.0. Use 'KeyPoints.keypoint_confidence' instead.

 49%|████▊     | 704/1451 [12:28<14:28,  1.16s/it]SupervisionWarnings: 'KeyPoints.confidence' is deprecated since 0.29.0 and will be removed in 0.32.0. Use 'KeyPoints.keypoint_confidence' instead.
SupervisionWarnings: 'KeyPoints.confidence' is deprecated since 0.29.0 and will be removed in 0.32.0. Use 'KeyPoints.keypoint_confidence' instead.
SupervisionWarnings: 'KeyPoints.confidence' is deprecated since 0.29.0 and will be removed in 0.32.0. Use 'KeyPoints.keypoint_confidence' instead.
SupervisionWarnings: 'KeyPoints.confidence' is deprecated since 0.29.0 and will be removed in 0.32.0. Use 'KeyPoints.keypoint_confidence' instead.

 49%|████▊     | 705/1451 [12:30<14:38,  1.18s/it]SupervisionWarnings: 'KeyPoints.confidence' is deprecated since 0.29.0 and will be removed in 0.32.0. Use 'KeyPoints.keypoint_confidence' instead.
SupervisionWarnings: 'KeyPoints.confidence' is deprecated since 0.29.0 and will be removed in 0.32.0. Use 'KeyPoints.keypoint_confidence' instead.
SupervisionWarnings: 'KeyPoints.confidence' is deprecated since 0.29.0 and will be removed in 0.32.0. Use 'KeyPoints.keypoint_confidence' instead.
SupervisionWarnings: 'KeyPoints.confidence' is deprecated since 0.29.0 and will be removed in 0.32.0. Use 'KeyPoints.keypoint_confidence' instead.

 49%|████▊     | 706/1451 [12:31<14:53,  1.20s/it]SupervisionWarnings: 'KeyPoints.confidence' is deprecated since 0.29.0 and will be removed in 0.32.0. Use 'KeyPoints.keypoint_confidence' instead.
SupervisionWarnings: 'KeyPoints.confidence' is deprecated since 0.29.0 and will be removed in 0.32.0. Use 'KeyPoints.keypoint_confidence' instead.
SupervisionWarnings: 'KeyPoints.confidence' is deprecated since 0.29.0 and will be removed in 0.32.0. Use 'KeyPoints.keypoint_confidence' instead.
SupervisionWarnings: 'KeyPoints.confidence' is deprecated since 0.29.0 and will be removed in 0.32.0. Use 'KeyPoints.keypoint_confidence' instead.

 49%|████▊     | 707/1451 [12:32<14:56,  1.20s/it]SupervisionWarnings: 'KeyPoints.confidence' is deprecated since 0.29.0 and will be removed in 0.32.0. Use 'KeyPoints.keypoint_confidence' instead.
SupervisionWarnings: 'KeyPoints.confidence' is deprecated since 0.29.0 and will be removed in 0.32.0. Use 'KeyPoints.keypoint_confidence' instead.
SupervisionWarnings: 'KeyPoints.confidence' is deprecated since 0.29.0 and will be removed in 0.32.0. Use 'KeyPoints.keypoint_confidence' instead.
SupervisionWarnings: 'KeyPoints.confidence' is deprecated since 0.29.0 and will be removed in 0.32.0. Use 'KeyPoints.keypoint_confidence' instead.

 49%|████▉     | 708/1451 [12:33<14:58,  1.21s/it]SupervisionWarnings: 'KeyPoints.confidence' is deprecated since 0.29.0 and will be removed in 0.32.0. Use 'KeyPoints.keypoint_confidence' instead.
SupervisionWarnings: 'KeyPoints.confidence' is deprecated since 0.29.0 and will be removed in 0.32.0. Use 'KeyPoints.keypoint_confidence' instead.
SupervisionWarnings: 'KeyPoints.confidence' is deprecated since 0.29.0 and will be removed in 0.32.0. Use 'KeyPoints.keypoint_confidence' instead.
SupervisionWarnings: 'KeyPoints.confidence' is deprecated since 0.29.0 and will be removed in 0.32.0. Use 'KeyPoints.keypoint_confidence' instead.

 49%|████▉     | 709/1451 [12:34<13:41,  1.11s/it]SupervisionWarnings: 'KeyPoints.confidence' is deprecated since 0.29.0 and will be removed in 0.32.0. Use 'KeyPoints.keypoint_confidence' instead.
SupervisionWarnings: 'KeyPoints.confidence' is deprecated since 0.29.0 and will be removed in 0.32.0. Use 'KeyPoints.keypoint_confidence' instead.
SupervisionWarnings: 'KeyPoints.confidence' is deprecated since 0.29.0 and will be removed in 0.32.0. Use 'KeyPoints.keypoint_confidence' instead.
SupervisionWarnings: 'KeyPoints.confidence' is deprecated since 0.29.0 and will be removed in 0.32.0. Use 'KeyPoints.keypoint_confidence' instead.

 49%|████▉     | 710/1451 [12:35<14:09,  1.15s/it]SupervisionWarnings: 'KeyPoints.confidence' is deprecated since 0.29.0 and will be removed in 0.32.0. Use 'KeyPoints.keypoint_confidence' instead.
SupervisionWarnings: 'KeyPoints.confidence' is deprecated since 0.29.0 and will be removed in 0.32.0. Use 'KeyPoints.keypoint_confidence' instead.
SupervisionWarnings: 'KeyPoints.confidence' is deprecated since 0.29.0 and will be removed in 0.32.0. Use 'KeyPoints.keypoint_confidence' instead.
SupervisionWarnings: 'KeyPoints.confidence' is deprecated since 0.29.0 and will be removed in 0.32.0. Use 'KeyPoints.keypoint_confidence' instead.

 49%|████▉     | 711/1451 [12:36<12:55,  1.05s/it]SupervisionWarnings: 'KeyPoints.confidence' is deprecated since 0.29.0 and will be removed in 0.32.0. Use 'KeyPoints.keypoint_confidence' instead.
SupervisionWarnings: 'KeyPoints.confidence' is deprecated since 0.29.0 and will be removed in 0.32.0. Use 'KeyPoints.keypoint_confidence' instead.
SupervisionWarnings: 'KeyPoints.confidence' is deprecated since 0.29.0 and will be removed in 0.32.0. Use 'KeyPoints.keypoint_confidence' instead.
SupervisionWarnings: 'KeyPoints.confidence' is deprecated since 0.29.0 and will be removed in 0.32.0. Use 'KeyPoints.keypoint_confidence' instead.

 49%|████▉     | 712/1451 [12:37<12:01,  1.02it/s]SupervisionWarnings: 'KeyPoints.confidence' is deprecated since 0.29.0 and will be removed in 0.32.0. Use 'KeyPoints.keypoint_confidence' instead.
SupervisionWarnings: 'KeyPoints.confidence' is deprecated since 0.29.0 and will be removed in 0.32.0. Use 'KeyPoints.keypoint_confidence' instead.
SupervisionWarnings: 'KeyPoints.confidence' is deprecated since 0.29.0 and will be removed in 0.32.0. Use 'KeyPoints.keypoint_confidence' instead.
SupervisionWarnings: 'KeyPoints.confidence' is deprecated since 0.29.0 and will be removed in 0.32.0. Use 'KeyPoints.keypoint_confidence' instead.

 49%|████▉     | 713/1451 [12:38<11:23,  1.08it/s]SupervisionWarnings: 'KeyPoints.confidence' is deprecated since 0.29.0 and will be removed in 0.32.0. Use 'KeyPoints.keypoint_confidence' instead.
SupervisionWarnings: 'KeyPoints.confidence' is deprecated since 0.29.0 and will be removed in 0.32.0. Use 'KeyPoints.keypoint_confidence' instead.
SupervisionWarnings: 'KeyPoints.confidence' is deprecated since 0.29.0 and will be removed in 0.32.0. Use 'KeyPoints.keypoint_confidence' instead.
SupervisionWarnings: 'KeyPoints.confidence' is deprecated since 0.29.0 and will be removed in 0.32.0. Use 'KeyPoints.keypoint_confidence' instead.

 49%|████▉     | 714/1451 [12:39<11:24,  1.08it/s]SupervisionWarnings: 'KeyPoints.confidence' is deprecated since 0.29.0 and will be removed in 0.32.0. Use 'KeyPoints.keypoint_confidence' instead.
SupervisionWarnings: 'KeyPoints.confidence' is deprecated since 0.29.0 and will be removed in 0.32.0. Use 'KeyPoints.keypoint_confidence' instead.
SupervisionWarnings: 'KeyPoints.confidence' is deprecated since 0.29.0 and will be removed in 0.32.0. Use 'KeyPoints.keypoint_confidence' instead.
SupervisionWarnings: 'KeyPoints.confidence' is deprecated since 0.29.0 and will be removed in 0.32.0. Use 'KeyPoints.keypoint_confidence' instead.

 49%|████▉     | 715/1451 [12:40<11:32,  1.06it/s]SupervisionWarnings: 'KeyPoints.confidence' is deprecated since 0.29.0 and will be removed in 0.32.0. Use 'KeyPoints.keypoint_confidence' instead.
SupervisionWarnings: 'KeyPoints.confidence' is deprecated since 0.29.0 and will be removed in 0.32.0. Use 'KeyPoints.keypoint_confidence' instead.
SupervisionWarnings: 'KeyPoints.confidence' is deprecated since 0.29.0 and will be removed in 0.32.0. Use 'KeyPoints.keypoint_confidence' instead.
SupervisionWarnings: 'KeyPoints.confidence' is deprecated since 0.29.0 and will be removed in 0.32.0. Use 'KeyPoints.keypoint_confidence' instead.

 49%|████▉     | 716/1451 [12:41<11:54,  1.03it/s]SupervisionWarnings: 'KeyPoints.confidence' is deprecated since 0.29.0 and will be removed in 0.32.0. Use 'KeyPoints.keypoint_confidence' instead.
SupervisionWarnings: 'KeyPoints.confidence' is deprecated since 0.29.0 and will be removed in 0.32.0. Use 'KeyPoints.keypoint_confidence' instead.
SupervisionWarnings: 'KeyPoints.confidence' is deprecated since 0.29.0 and will be removed in 0.32.0. Use 'KeyPoints.keypoint_confidence' instead.
SupervisionWarnings: 'KeyPoints.confidence' is deprecated since 0.29.0 and will be removed in 0.32.0. Use 'KeyPoints.keypoint_confidence' instead.

 49%|████▉     | 717/1451 [12:42<11:41,  1.05it/s]SupervisionWarnings: 'KeyPoints.confidence' is deprecated since 0.29.0 and will be removed in 0.32.0. Use 'KeyPoints.keypoint_confidence' instead.
SupervisionWarnings: 'KeyPoints.confidence' is deprecated since 0.29.0 and will be removed in 0.32.0. Use 'KeyPoints.keypoint_confidence' instead.
SupervisionWarnings: 'KeyPoints.confidence' is deprecated since 0.29.0 and will be removed in 0.32.0. Use 'KeyPoints.keypoint_confidence' instead.
SupervisionWarnings: 'KeyPoints.confidence' is deprecated since 0.29.0 and will be removed in 0.32.0. Use 'KeyPoints.keypoint_confidence' instead.

 49%|████▉     | 718/1451 [12:43<11:08,  1.10it/s]SupervisionWarnings: 'KeyPoints.confidence' is deprecated since 0.29.0 and will be removed in 0.32.0. Use 'KeyPoints.keypoint_confidence' instead.
SupervisionWarnings: 'KeyPoints.confidence' is deprecated since 0.29.0 and will be removed in 0.32.0. Use 'KeyPoints.keypoint_confidence' instead.
SupervisionWarnings: 'KeyPoints.confidence' is deprecated since 0.29.0 and will be removed in 0.32.0. Use 'KeyPoints.keypoint_confidence' instead.
SupervisionWarnings: 'KeyPoints.confidence' is deprecated since 0.29.0 and will be removed in 0.32.0. Use 'KeyPoints.keypoint_confidence' instead.

 50%|████▉     | 719/1451 [12:43<10:46,  1.13it/s]SupervisionWarnings: 'KeyPoints.confidence' is deprecated since 0.29.0 and will be removed in 0.32.0. Use 'KeyPoints.keypoint_confidence' instead.
SupervisionWarnings: 'KeyPoints.confidence' is deprecated since 0.29.0 and will be removed in 0.32.0. Use 'KeyPoints.keypoint_confidence' instead.
SupervisionWarnings: 'KeyPoints.confidence' is deprecated since 0.29.0 and will be removed in 0.32.0. Use 'KeyPoints.keypoint_confidence' instead.
SupervisionWarnings: 'KeyPoints.confidence' is deprecated since 0.29.0 and will be removed in 0.32.0. Use 'KeyPoints.keypoint_confidence' instead.

 50%|████▉     | 720/1451 [12:45<12:05,  1.01it/s]SupervisionWarnings: 'KeyPoints.confidence' is deprecated since 0.29.0 and will be removed in 0.32.0. Use 'KeyPoints.keypoint_confidence' instead.
SupervisionWarnings: 'KeyPoints.confidence' is deprecated since 0.29.0 and will be removed in 0.32.0. Use 'KeyPoints.keypoint_confidence' instead.
SupervisionWarnings: 'KeyPoints.confidence' is deprecated since 0.29.0 and will be removed in 0.32.0. Use 'KeyPoints.keypoint_confidence' instead.
SupervisionWarnings: 'KeyPoints.confidence' is deprecated since 0.29.0 and will be removed in 0.32.0. Use 'KeyPoints.keypoint_confidence' instead.

 50%|████▉     | 721/1451 [12:45<11:25,  1.06it/s]SupervisionWarnings: 'KeyPoints.confidence' is deprecated since 0.29.0 and will be removed in 0.32.0. Use 'KeyPoints.keypoint_confidence' instead.
SupervisionWarnings: 'KeyPoints.confidence' is deprecated since 0.29.0 and will be removed in 0.32.0. Use 'KeyPoints.keypoint_confidence' instead.
SupervisionWarnings: 'KeyPoints.confidence' is deprecated since 0.29.0 and will be removed in 0.32.0. Use 'KeyPoints.keypoint_confidence' instead.
SupervisionWarnings: 'KeyPoints.confidence' is deprecated since 0.29.0 and will be removed in 0.32.0. Use 'KeyPoints.keypoint_confidence' instead.

 50%|████▉     | 722/1451 [12:46<10:58,  1.11it/s]SupervisionWarnings: 'KeyPoints.confidence' is deprecated since 0.29.0 and will be removed in 0.32.0. Use 'KeyPoints.keypoint_confidence' instead.
SupervisionWarnings: 'KeyPoints.confidence' is deprecated since 0.29.0 and will be removed in 0.32.0. Use 'KeyPoints.keypoint_confidence' instead.
SupervisionWarnings: 'KeyPoints.confidence' is deprecated since 0.29.0 and will be removed in 0.32.0. Use 'KeyPoints.keypoint_confidence' instead.
SupervisionWarnings: 'KeyPoints.confidence' is deprecated since 0.29.0 and will be removed in 0.32.0. Use 'KeyPoints.keypoint_confidence' instead.

 50%|████▉     | 723/1451 [12:47<10:38,  1.14it/s]SupervisionWarnings: 'KeyPoints.confidence' is deprecated since 0.29.0 and will be removed in 0.32.0. Use 'KeyPoints.keypoint_confidence' instead.
SupervisionWarnings: 'KeyPoints.confidence' is deprecated since 0.29.0 and will be removed in 0.32.0. Use 'KeyPoints.keypoint_confidence' instead.
SupervisionWarnings: 'KeyPoints.confidence' is deprecated since 0.29.0 and will be removed in 0.32.0. Use 'KeyPoints.keypoint_confidence' instead.
SupervisionWarnings: 'KeyPoints.confidence' is deprecated since 0.29.0 and will be removed in 0.32.0. Use 'KeyPoints.keypoint_confidence' instead.

 50%|████▉     | 724/1451 [12:48<10:32,  1.15it/s]SupervisionWarnings: 'KeyPoints.confidence' is deprecated since 0.29.0 and will be removed in 0.32.0. Use 'KeyPoints.keypoint_confidence' instead.
SupervisionWarnings: 'KeyPoints.confidence' is deprecated since 0.29.0 and will be removed in 0.32.0. Use 'KeyPoints.keypoint_confidence' instead.
SupervisionWarnings: 'KeyPoints.confidence' is deprecated since 0.29.0 and will be removed in 0.32.0. Use 'KeyPoints.keypoint_confidence' instead.
SupervisionWarnings: 'KeyPoints.confidence' is deprecated since 0.29.0 and will be removed in 0.32.0. Use 'KeyPoints.keypoint_confidence' instead.

 50%|████▉     | 725/1451 [12:49<10:23,  1.16it/s]SupervisionWarnings: 'KeyPoints.confidence' is deprecated since 0.29.0 and will be removed in 0.32.0. Use 'KeyPoints.keypoint_confidence' instead.
SupervisionWarnings: 'KeyPoints.confidence' is deprecated since 0.29.0 and will be removed in 0.32.0. Use 'KeyPoints.keypoint_confidence' instead.
SupervisionWarnings: 'KeyPoints.confidence' is deprecated since 0.29.0 and will be removed in 0.32.0. Use 'KeyPoints.keypoint_confidence' instead.
SupervisionWarnings: 'KeyPoints.confidence' is deprecated since 0.29.0 and will be removed in 0.32.0. Use 'KeyPoints.keypoint_confidence' instead.

 50%|█████     | 726/1451 [12:50<10:17,  1.17it/s]SupervisionWarnings: 'KeyPoints.confidence' is deprecated since 0.29.0 and will be removed in 0.32.0. Use 'KeyPoints.keypoint_confidence' instead.
SupervisionWarnings: 'KeyPoints.confidence' is deprecated since 0.29.0 and will be removed in 0.32.0. Use 'KeyPoints.keypoint_confidence' instead.
SupervisionWarnings: 'KeyPoints.confidence' is deprecated since 0.29.0 and will be removed in 0.32.0. Use 'KeyPoints.keypoint_confidence' instead.
SupervisionWarnings: 'KeyPoints.confidence' is deprecated since 0.29.0 and will be removed in 0.32.0. Use 'KeyPoints.keypoint_confidence' instead.

 50%|█████     | 727/1451 [12:50<10:11,  1.18it/s]SupervisionWarnings: 'KeyPoints.confidence' is deprecated since 0.29.0 and will be removed in 0.32.0. Use 'KeyPoints.keypoint_confidence' instead.
SupervisionWarnings: 'KeyPoints.confidence' is deprecated since 0.29.0 and will be removed in 0.32.0. Use 'KeyPoints.keypoint_confidence' instead.
SupervisionWarnings: 'KeyPoints.confidence' is deprecated since 0.29.0 and will be removed in 0.32.0. Use 'KeyPoints.keypoint_confidence' instead.
SupervisionWarnings: 'KeyPoints.confidence' is deprecated since 0.29.0 and will be removed in 0.32.0. Use 'KeyPoints.keypoint_confidence' instead.

 50%|█████     | 728/1451 [12:51<10:04,  1.20it/s]SupervisionWarnings: 'KeyPoints.confidence' is deprecated since 0.29.0 and will be removed in 0.32.0. Use 'KeyPoints.keypoint_confidence' instead.
SupervisionWarnings: 'KeyPoints.confidence' is deprecated since 0.29.0 and will be removed in 0.32.0. Use 'KeyPoints.keypoint_confidence' instead.
SupervisionWarnings: 'KeyPoints.confidence' is deprecated since 0.29.0 and will be removed in 0.32.0. Use 'KeyPoints.keypoint_confidence' instead.
SupervisionWarnings: 'KeyPoints.confidence' is deprecated since 0.29.0 and will be removed in 0.32.0. Use 'KeyPoints.keypoint_confidence' instead.

 50%|█████     | 729/1451 [12:52<10:47,  1.12it/s]SupervisionWarnings: 'KeyPoints.confidence' is deprecated since 0.29.0 and will be removed in 0.32.0. Use 'KeyPoints.keypoint_confidence' instead.
SupervisionWarnings: 'KeyPoints.confidence' is deprecated since 0.29.0 and will be removed in 0.32.0. Use 'KeyPoints.keypoint_confidence' instead.
SupervisionWarnings: 'KeyPoints.confidence' is deprecated since 0.29.0 and will be removed in 0.32.0. Use 'KeyPoints.keypoint_confidence' instead.
SupervisionWarnings: 'KeyPoints.confidence' is deprecated since 0.29.0 and will be removed in 0.32.0. Use 'KeyPoints.keypoint_confidence' instead.

 50%|█████     | 730/1451 [12:53<11:20,  1.06it/s]SupervisionWarnings: 'KeyPoints.confidence' is deprecated since 0.29.0 and will be removed in 0.32.0. Use 'KeyPoints.keypoint_confidence' instead.
SupervisionWarnings: 'KeyPoints.confidence' is deprecated since 0.29.0 and will be removed in 0.32.0. Use 'KeyPoints.keypoint_confidence' instead.
SupervisionWarnings: 'KeyPoints.confidence' is deprecated since 0.29.0 and will be removed in 0.32.0. Use 'KeyPoints.keypoint_confidence' instead.
SupervisionWarnings: 'KeyPoints.confidence' is deprecated since 0.29.0 and will be removed in 0.32.0. Use 'KeyPoints.keypoint_confidence' instead.

 50%|█████     | 731/1451 [12:54<11:40,  1.03it/s]SupervisionWarnings: 'KeyPoints.confidence' is deprecated since 0.29.0 and will be removed in 0.32.0. Use 'KeyPoints.keypoint_confidence' instead.
SupervisionWarnings: 'KeyPoints.confidence' is deprecated since 0.29.0 and will be removed in 0.32.0. Use 'KeyPoints.keypoint_confidence' instead.
SupervisionWarnings: 'KeyPoints.confidence' is deprecated since 0.29.0 and will be removed in 0.32.0. Use 'KeyPoints.keypoint_confidence' instead.
SupervisionWarnings: 'KeyPoints.confidence' is deprecated since 0.29.0 and will be removed in 0.32.0. Use 'KeyPoints.keypoint_confidence' instead.

 50%|█████     | 732/1451 [12:56<12:32,  1.05s/it]SupervisionWarnings: 'KeyPoints.confidence' is deprecated since 0.29.0 and will be removed in 0.32.0. Use 'KeyPoints.keypoint_confidence' instead.
SupervisionWarnings: 'KeyPoints.confidence' is deprecated since 0.29.0 and will be removed in 0.32.0. Use 'KeyPoints.keypoint_confidence' instead.
SupervisionWarnings: 'KeyPoints.confidence' is deprecated since 0.29.0 and will be removed in 0.32.0. Use 'KeyPoints.keypoint_confidence' instead.
SupervisionWarnings: 'KeyPoints.confidence' is deprecated since 0.29.0 and will be removed in 0.32.0. Use 'KeyPoints.keypoint_confidence' instead.

 51%|█████     | 733/1451 [12:57<13:18,  1.11s/it]SupervisionWarnings: 'KeyPoints.confidence' is deprecated since 0.29.0 and will be removed in 0.32.0. Use 'KeyPoints.keypoint_confidence' instead.
SupervisionWarnings: 'KeyPoints.confidence' is deprecated since 0.29.0 and will be removed in 0.32.0. Use 'KeyPoints.keypoint_confidence' instead.
SupervisionWarnings: 'KeyPoints.confidence' is deprecated since 0.29.0 and will be removed in 0.32.0. Use 'KeyPoints.keypoint_confidence' instead.
SupervisionWarnings: 'KeyPoints.confidence' is deprecated since 0.29.0 and will be removed in 0.32.0. Use 'KeyPoints.keypoint_confidence' instead.

 51%|█████     | 734/1451 [12:58<13:41,  1.15s/it]SupervisionWarnings: 'KeyPoints.confidence' is deprecated since 0.29.0 and will be removed in 0.32.0. Use 'KeyPoints.keypoint_confidence' instead.
SupervisionWarnings: 'KeyPoints.confidence' is deprecated since 0.29.0 and will be removed in 0.32.0. Use 'KeyPoints.keypoint_confidence' instead.
SupervisionWarnings: 'KeyPoints.confidence' is deprecated since 0.29.0 and will be removed in 0.32.0. Use 'KeyPoints.keypoint_confidence' instead.
SupervisionWarnings: 'KeyPoints.confidence' is deprecated since 0.29.0 and will be removed in 0.32.0. Use 'KeyPoints.keypoint_confidence' instead.

 51%|█████     | 735/1451 [12:59<13:51,  1.16s/it]SupervisionWarnings: 'KeyPoints.confidence' is deprecated since 0.29.0 and will be removed in 0.32.0. Use 'KeyPoints.keypoint_confidence' instead.
SupervisionWarnings: 'KeyPoints.confidence' is deprecated since 0.29.0 and will be removed in 0.32.0. Use 'KeyPoints.keypoint_confidence' instead.
SupervisionWarnings: 'KeyPoints.confidence' is deprecated since 0.29.0 and will be removed in 0.32.0. Use 'KeyPoints.keypoint_confidence' instead.
SupervisionWarnings: 'KeyPoints.confidence' is deprecated since 0.29.0 and will be removed in 0.32.0. Use 'KeyPoints.keypoint_confidence' instead.

 51%|█████     | 736/1451 [13:00<12:35,  1.06s/it]SupervisionWarnings: 'KeyPoints.confidence' is deprecated since 0.29.0 and will be removed in 0.32.0. Use 'KeyPoints.keypoint_confidence' instead.
SupervisionWarnings: 'KeyPoints.confidence' is deprecated since 0.29.0 and will be removed in 0.32.0. Use 'KeyPoints.keypoint_confidence' instead.
SupervisionWarnings: 'KeyPoints.confidence' is deprecated since 0.29.0 and will be removed in 0.32.0. Use 'KeyPoints.keypoint_confidence' instead.
SupervisionWarnings: 'KeyPoints.confidence' is deprecated since 0.29.0 and will be removed in 0.32.0. Use 'KeyPoints.keypoint_confidence' instead.

 51%|█████     | 737/1451 [13:01<11:43,  1.01it/s]SupervisionWarnings: 'KeyPoints.confidence' is deprecated since 0.29.0 and will be removed in 0.32.0. Use 'KeyPoints.keypoint_confidence' instead.
SupervisionWarnings: 'KeyPoints.confidence' is deprecated since 0.29.0 and will be removed in 0.32.0. Use 'KeyPoints.keypoint_confidence' instead.
SupervisionWarnings: 'KeyPoints.confidence' is deprecated since 0.29.0 and will be removed in 0.32.0. Use 'KeyPoints.keypoint_confidence' instead.
SupervisionWarnings: 'KeyPoints.confidence' is deprecated since 0.29.0 and will be removed in 0.32.0. Use 'KeyPoints.keypoint_confidence' instead.
SupervisionWarnings: 'KeyPoints.confidence' is deprecated since 0.29.0 and will be removed in 0.32.0. Use 'KeyPoints.keypoint_confidence' instead.
SupervisionWarnings: 'KeyPoints.confidence' is deprecated since 0.29.0 and will be removed in 0.32.0. Use 'KeyPoints.keypoint_confidence' instead.
SupervisionWarnings: 'KeyPoints.confidence' is deprecated since 0.29.0 and will be removed in 0.32.0. Use 'KeyPoints.keypoint_confidence' instead.

 51%|█████     | 738/1451 [13:02<12:33,  1.06s/it]SupervisionWarnings: 'KeyPoints.confidence' is deprecated since 0.29.0 and will be removed in 0.32.0. Use 'KeyPoints.keypoint_confidence' instead.
SupervisionWarnings: 'KeyPoints.confidence' is deprecated since 0.29.0 and will be removed in 0.32.0. Use 'KeyPoints.keypoint_confidence' instead.
SupervisionWarnings: 'KeyPoints.confidence' is deprecated since 0.29.0 and will be removed in 0.32.0. Use 'KeyPoints.keypoint_confidence' instead.
SupervisionWarnings: 'KeyPoints.confidence' is deprecated since 0.29.0 and will be removed in 0.32.0. Use 'KeyPoints.keypoint_confidence' instead.
SupervisionWarnings: 'KeyPoints.confidence' is deprecated since 0.29.0 and will be removed in 0.32.0. Use 'KeyPoints.keypoint_confidence' instead.
SupervisionWarnings: 'KeyPoints.confidence' is deprecated since 0.29.0 and will be removed in 0.32.0. Use 'KeyPoints.keypoint_confidence' instead.
SupervisionWarnings: 'KeyPoints.confidence' is deprecated since 0.29.0 and will be removed in 0.32.0. Use 'KeyPoints.keypoint_confidence' instead.

 51%|█████     | 739/1451 [13:03<11:40,  1.02it/s]SupervisionWarnings: 'KeyPoints.confidence' is deprecated since 0.29.0 and will be removed in 0.32.0. Use 'KeyPoints.keypoint_confidence' instead.
SupervisionWarnings: 'KeyPoints.confidence' is deprecated since 0.29.0 and will be removed in 0.32.0. Use 'KeyPoints.keypoint_confidence' instead.
SupervisionWarnings: 'KeyPoints.confidence' is deprecated since 0.29.0 and will be removed in 0.32.0. Use 'KeyPoints.keypoint_confidence' instead.
SupervisionWarnings: 'KeyPoints.confidence' is deprecated since 0.29.0 and will be removed in 0.32.0. Use 'KeyPoints.keypoint_confidence' instead.
SupervisionWarnings: 'KeyPoints.confidence' is deprecated since 0.29.0 and will be removed in 0.32.0. Use 'KeyPoints.keypoint_confidence' instead.
SupervisionWarnings: 'KeyPoints.confidence' is deprecated since 0.29.0 and will be removed in 0.32.0. Use 'KeyPoints.keypoint_confidence' instead.
SupervisionWarnings: 'KeyPoints.confidence' is deprecated since 0.29.0 and will be removed in 0.32.0. Use 'KeyPoints.keypoint_confidence' instead.

 51%|█████     | 740/1451 [13:04<12:33,  1.06s/it]SupervisionWarnings: 'KeyPoints.confidence' is deprecated since 0.29.0 and will be removed in 0.32.0. Use 'KeyPoints.keypoint_confidence' instead.
SupervisionWarnings: 'KeyPoints.confidence' is deprecated since 0.29.0 and will be removed in 0.32.0. Use 'KeyPoints.keypoint_confidence' instead.
SupervisionWarnings: 'KeyPoints.confidence' is deprecated since 0.29.0 and will be removed in 0.32.0. Use 'KeyPoints.keypoint_confidence' instead.
SupervisionWarnings: 'KeyPoints.confidence' is deprecated since 0.29.0 and will be removed in 0.32.0. Use 'KeyPoints.keypoint_confidence' instead.
SupervisionWarnings: 'KeyPoints.confidence' is deprecated since 0.29.0 and will be removed in 0.32.0. Use 'KeyPoints.keypoint_confidence' instead.
SupervisionWarnings: 'KeyPoints.confidence' is deprecated since 0.29.0 and will be removed in 0.32.0. Use 'KeyPoints.keypoint_confidence' instead.
SupervisionWarnings: 'KeyPoints.confidence' is deprecated since 0.29.0 and will be removed in 0.32.0. Use 'KeyPoints.keypoint_confidence' instead.

 51%|█████     | 741/1451 [13:05<13:34,  1.15s/it]SupervisionWarnings: 'KeyPoints.confidence' is deprecated since 0.29.0 and will be removed in 0.32.0. Use 'KeyPoints.keypoint_confidence' instead.
SupervisionWarnings: 'KeyPoints.confidence' is deprecated since 0.29.0 and will be removed in 0.32.0. Use 'KeyPoints.keypoint_confidence' instead.
SupervisionWarnings: 'KeyPoints.confidence' is deprecated since 0.29.0 and will be removed in 0.32.0. Use 'KeyPoints.keypoint_confidence' instead.
SupervisionWarnings: 'KeyPoints.confidence' is deprecated since 0.29.0 and will be removed in 0.32.0. Use 'KeyPoints.keypoint_confidence' instead.
SupervisionWarnings: 'KeyPoints.confidence' is deprecated since 0.29.0 and will be removed in 0.32.0. Use 'KeyPoints.keypoint_confidence' instead.
SupervisionWarnings: 'KeyPoints.confidence' is deprecated since 0.29.0 and will be removed in 0.32.0. Use 'KeyPoints.keypoint_confidence' instead.
SupervisionWarnings: 'KeyPoints.confidence' is deprecated since 0.29.0 and will be removed in 0.32.0. Use 'KeyPoints.keypoint_confidence' instead.

 51%|█████     | 742/1451 [13:07<13:13,  1.12s/it]SupervisionWarnings: 'KeyPoints.confidence' is deprecated since 0.29.0 and will be removed in 0.32.0. Use 'KeyPoints.keypoint_confidence' instead.
SupervisionWarnings: 'KeyPoints.confidence' is deprecated since 0.29.0 and will be removed in 0.32.0. Use 'KeyPoints.keypoint_confidence' instead.
SupervisionWarnings: 'KeyPoints.confidence' is deprecated since 0.29.0 and will be removed in 0.32.0. Use 'KeyPoints.keypoint_confidence' instead.
SupervisionWarnings: 'KeyPoints.confidence' is deprecated since 0.29.0 and will be removed in 0.32.0. Use 'KeyPoints.keypoint_confidence' instead.
SupervisionWarnings: 'KeyPoints.confidence' is deprecated since 0.29.0 and will be removed in 0.32.0. Use 'KeyPoints.keypoint_confidence' instead.
SupervisionWarnings: 'KeyPoints.confidence' is deprecated since 0.29.0 and will be removed in 0.32.0. Use 'KeyPoints.keypoint_confidence' instead.
SupervisionWarnings: 'KeyPoints.confidence' is deprecated since 0.29.0 and will be removed in 0.32.0. Use 'KeyPoints.keypoint_confidence' instead.

 51%|█████     | 743/1451 [13:08<12:48,  1.08s/it]SupervisionWarnings: 'KeyPoints.confidence' is deprecated since 0.29.0 and will be removed in 0.32.0. Use 'KeyPoints.keypoint_confidence' instead.
SupervisionWarnings: 'KeyPoints.confidence' is deprecated since 0.29.0 and will be removed in 0.32.0. Use 'KeyPoints.keypoint_confidence' instead.
SupervisionWarnings: 'KeyPoints.confidence' is deprecated since 0.29.0 and will be removed in 0.32.0. Use 'KeyPoints.keypoint_confidence' instead.
SupervisionWarnings: 'KeyPoints.confidence' is deprecated since 0.29.0 and will be removed in 0.32.0. Use 'KeyPoints.keypoint_confidence' instead.

 51%|█████▏    | 744/1451 [13:09<13:14,  1.12s/it]SupervisionWarnings: 'KeyPoints.confidence' is deprecated since 0.29.0 and will be removed in 0.32.0. Use 'KeyPoints.keypoint_confidence' instead.
SupervisionWarnings: 'KeyPoints.confidence' is deprecated since 0.29.0 and will be removed in 0.32.0. Use 'KeyPoints.keypoint_confidence' instead.
SupervisionWarnings: 'KeyPoints.confidence' is deprecated since 0.29.0 and will be removed in 0.32.0. Use 'KeyPoints.keypoint_confidence' instead.
SupervisionWarnings: 'KeyPoints.confidence' is deprecated since 0.29.0 and will be removed in 0.32.0. Use 'KeyPoints.keypoint_confidence' instead.

 51%|█████▏    | 745/1451 [13:10<12:04,  1.03s/it]SupervisionWarnings: 'KeyPoints.confidence' is deprecated since 0.29.0 and will be removed in 0.32.0. Use 'KeyPoints.keypoint_confidence' instead.
SupervisionWarnings: 'KeyPoints.confidence' is deprecated since 0.29.0 and will be removed in 0.32.0. Use 'KeyPoints.keypoint_confidence' instead.
SupervisionWarnings: 'KeyPoints.confidence' is deprecated since 0.29.0 and will be removed in 0.32.0. Use 'KeyPoints.keypoint_confidence' instead.
SupervisionWarnings: 'KeyPoints.confidence' is deprecated since 0.29.0 and will be removed in 0.32.0. Use 'KeyPoints.keypoint_confidence' instead.

 51%|█████▏    | 746/1451 [13:10<11:20,  1.04it/s]SupervisionWarnings: 'KeyPoints.confidence' is deprecated since 0.29.0 and will be removed in 0.32.0. Use 'KeyPoints.keypoint_confidence' instead.
SupervisionWarnings: 'KeyPoints.confidence' is deprecated since 0.29.0 and will be removed in 0.32.0. Use 'KeyPoints.keypoint_confidence' instead.
SupervisionWarnings: 'KeyPoints.confidence' is deprecated since 0.29.0 and will be removed in 0.32.0. Use 'KeyPoints.keypoint_confidence' instead.
SupervisionWarnings: 'KeyPoints.confidence' is deprecated since 0.29.0 and will be removed in 0.32.0. Use 'KeyPoints.keypoint_confidence' instead.

 51%|█████▏    | 747/1451 [13:11<10:45,  1.09it/s]SupervisionWarnings: 'KeyPoints.confidence' is deprecated since 0.29.0 and will be removed in 0.32.0. Use 'KeyPoints.keypoint_confidence' instead.
SupervisionWarnings: 'KeyPoints.confidence' is deprecated since 0.29.0 and will be removed in 0.32.0. Use 'KeyPoints.keypoint_confidence' instead.
SupervisionWarnings: 'KeyPoints.confidence' is deprecated since 0.29.0 and will be removed in 0.32.0. Use 'KeyPoints.keypoint_confidence' instead.
SupervisionWarnings: 'KeyPoints.confidence' is deprecated since 0.29.0 and will be removed in 0.32.0. Use 'KeyPoints.keypoint_confidence' instead.

 52%|█████▏    | 748/1451 [13:12<11:59,  1.02s/it]SupervisionWarnings: 'KeyPoints.confidence' is deprecated since 0.29.0 and will be removed in 0.32.0. Use 'KeyPoints.keypoint_confidence' instead.
SupervisionWarnings: 'KeyPoints.confidence' is deprecated since 0.29.0 and will be removed in 0.32.0. Use 'KeyPoints.keypoint_confidence' instead.
SupervisionWarnings: 'KeyPoints.confidence' is deprecated since 0.29.0 and will be removed in 0.32.0. Use 'KeyPoints.keypoint_confidence' instead.
SupervisionWarnings: 'KeyPoints.confidence' is deprecated since 0.29.0 and will be removed in 0.32.0. Use 'KeyPoints.keypoint_confidence' instead.

 52%|█████▏    | 749/1451 [13:14<12:42,  1.09s/it]SupervisionWarnings: 'KeyPoints.confidence' is deprecated since 0.29.0 and will be removed in 0.32.0. Use 'KeyPoints.keypoint_confidence' instead.
SupervisionWarnings: 'KeyPoints.confidence' is deprecated since 0.29.0 and will be removed in 0.32.0. Use 'KeyPoints.keypoint_confidence' instead.
SupervisionWarnings: 'KeyPoints.confidence' is deprecated since 0.29.0 and will be removed in 0.32.0. Use 'KeyPoints.keypoint_confidence' instead.
SupervisionWarnings: 'KeyPoints.confidence' is deprecated since 0.29.0 and will be removed in 0.32.0. Use 'KeyPoints.keypoint_confidence' instead.

 52%|█████▏    | 750/1451 [13:15<11:46,  1.01s/it]SupervisionWarnings: 'KeyPoints.confidence' is deprecated since 0.29.0 and will be removed in 0.32.0. Use 'KeyPoints.keypoint_confidence' instead.
SupervisionWarnings: 'KeyPoints.confidence' is deprecated since 0.29.0 and will be removed in 0.32.0. Use 'KeyPoints.keypoint_confidence' instead.
SupervisionWarnings: 'KeyPoints.confidence' is deprecated since 0.29.0 and will be removed in 0.32.0. Use 'KeyPoints.keypoint_confidence' instead.
SupervisionWarnings: 'KeyPoints.confidence' is deprecated since 0.29.0 and will be removed in 0.32.0. Use 'KeyPoints.keypoint_confidence' instead.

 52%|█████▏    | 751/1451 [13:15<11:02,  1.06it/s]SupervisionWarnings: 'KeyPoints.confidence' is deprecated since 0.29.0 and will be removed in 0.32.0. Use 'KeyPoints.keypoint_confidence' instead.
SupervisionWarnings: 'KeyPoints.confidence' is deprecated since 0.29.0 and will be removed in 0.32.0. Use 'KeyPoints.keypoint_confidence' instead.
SupervisionWarnings: 'KeyPoints.confidence' is deprecated since 0.29.0 and will be removed in 0.32.0. Use 'KeyPoints.keypoint_confidence' instead.
SupervisionWarnings: 'KeyPoints.confidence' is deprecated since 0.29.0 and will be removed in 0.32.0. Use 'KeyPoints.keypoint_confidence' instead.

 52%|█████▏    | 752/1451 [13:17<12:12,  1.05s/it]SupervisionWarnings: 'KeyPoints.confidence' is deprecated since 0.29.0 and will be removed in 0.32.0. Use 'KeyPoints.keypoint_confidence' instead.
SupervisionWarnings: 'KeyPoints.confidence' is deprecated since 0.29.0 and will be removed in 0.32.0. Use 'KeyPoints.keypoint_confidence' instead.
SupervisionWarnings: 'KeyPoints.confidence' is deprecated since 0.29.0 and will be removed in 0.32.0. Use 'KeyPoints.keypoint_confidence' instead.
SupervisionWarnings: 'KeyPoints.confidence' is deprecated since 0.29.0 and will be removed in 0.32.0. Use 'KeyPoints.keypoint_confidence' instead.

 52%|█████▏    | 753/1451 [13:18<12:56,  1.11s/it]SupervisionWarnings: 'KeyPoints.confidence' is deprecated since 0.29.0 and will be removed in 0.32.0. Use 'KeyPoints.keypoint_confidence' instead.
SupervisionWarnings: 'KeyPoints.confidence' is deprecated since 0.29.0 and will be removed in 0.32.0. Use 'KeyPoints.keypoint_confidence' instead.
SupervisionWarnings: 'KeyPoints.confidence' is deprecated since 0.29.0 and will be removed in 0.32.0. Use 'KeyPoints.keypoint_confidence' instead.
SupervisionWarnings: 'KeyPoints.confidence' is deprecated since 0.29.0 and will be removed in 0.32.0. Use 'KeyPoints.keypoint_confidence' instead.
SupervisionWarnings: 'KeyPoints.confidence' is deprecated since 0.29.0 and will be removed in 0.32.0. Use 'KeyPoints.keypoint_confidence' instead.
SupervisionWarnings: 'KeyPoints.confidence' is deprecated since 0.29.0 and will be removed in 0.32.0. Use 'KeyPoints.keypoint_confidence' instead.
SupervisionWarnings: 'KeyPoints.confidence' is deprecated since 0.29.0 and will be removed in 0.32.0. Use 'KeyPoints.keypoint_confidence' instead.

 52%|█████▏    | 754/1451 [13:19<12:31,  1.08s/it]SupervisionWarnings: 'KeyPoints.confidence' is deprecated since 0.29.0 and will be removed in 0.32.0. Use 'KeyPoints.keypoint_confidence' instead.
SupervisionWarnings: 'KeyPoints.confidence' is deprecated since 0.29.0 and will be removed in 0.32.0. Use 'KeyPoints.keypoint_confidence' instead.
SupervisionWarnings: 'KeyPoints.confidence' is deprecated since 0.29.0 and will be removed in 0.32.0. Use 'KeyPoints.keypoint_confidence' instead.
SupervisionWarnings: 'KeyPoints.confidence' is deprecated since 0.29.0 and will be removed in 0.32.0. Use 'KeyPoints.keypoint_confidence' instead.
SupervisionWarnings: 'KeyPoints.confidence' is deprecated since 0.29.0 and will be removed in 0.32.0. Use 'KeyPoints.keypoint_confidence' instead.
SupervisionWarnings: 'KeyPoints.confidence' is deprecated since 0.29.0 and will be removed in 0.32.0. Use 'KeyPoints.keypoint_confidence' instead.
SupervisionWarnings: 'KeyPoints.confidence' is deprecated since 0.29.0 and will be removed in 0.32.0. Use 'KeyPoints.keypoint_confidence' instead.

 52%|█████▏    | 755/1451 [13:20<12:19,  1.06s/it]SupervisionWarnings: 'KeyPoints.confidence' is deprecated since 0.29.0 and will be removed in 0.32.0. Use 'KeyPoints.keypoint_confidence' instead.
SupervisionWarnings: 'KeyPoints.confidence' is deprecated since 0.29.0 and will be removed in 0.32.0. Use 'KeyPoints.keypoint_confidence' instead.
SupervisionWarnings: 'KeyPoints.confidence' is deprecated since 0.29.0 and will be removed in 0.32.0. Use 'KeyPoints.keypoint_confidence' instead.
SupervisionWarnings: 'KeyPoints.confidence' is deprecated since 0.29.0 and will be removed in 0.32.0. Use 'KeyPoints.keypoint_confidence' instead.
SupervisionWarnings: 'KeyPoints.confidence' is deprecated since 0.29.0 and will be removed in 0.32.0. Use 'KeyPoints.keypoint_confidence' instead.
SupervisionWarnings: 'KeyPoints.confidence' is deprecated since 0.29.0 and will be removed in 0.32.0. Use 'KeyPoints.keypoint_confidence' instead.
SupervisionWarnings: 'KeyPoints.confidence' is deprecated since 0.29.0 and will be removed in 0.32.0. Use 'KeyPoints.keypoint_confidence' instead.

 52%|█████▏    | 756/1451 [13:21<11:38,  1.00s/it]SupervisionWarnings: 'KeyPoints.confidence' is deprecated since 0.29.0 and will be removed in 0.32.0. Use 'KeyPoints.keypoint_confidence' instead.
SupervisionWarnings: 'KeyPoints.confidence' is deprecated since 0.29.0 and will be removed in 0.32.0. Use 'KeyPoints.keypoint_confidence' instead.
SupervisionWarnings: 'KeyPoints.confidence' is deprecated since 0.29.0 and will be removed in 0.32.0. Use 'KeyPoints.keypoint_confidence' instead.
SupervisionWarnings: 'KeyPoints.confidence' is deprecated since 0.29.0 and will be removed in 0.32.0. Use 'KeyPoints.keypoint_confidence' instead.
SupervisionWarnings: 'KeyPoints.confidence' is deprecated since 0.29.0 and will be removed in 0.32.0. Use 'KeyPoints.keypoint_confidence' instead.
SupervisionWarnings: 'KeyPoints.confidence' is deprecated since 0.29.0 and will be removed in 0.32.0. Use 'KeyPoints.keypoint_confidence' instead.
SupervisionWarnings: 'KeyPoints.confidence' is deprecated since 0.29.0 and will be removed in 0.32.0. Use 'KeyPoints.keypoint_confidence' instead.

 52%|█████▏    | 757/1451 [13:22<10:56,  1.06it/s]SupervisionWarnings: 'KeyPoints.confidence' is deprecated since 0.29.0 and will be removed in 0.32.0. Use 'KeyPoints.keypoint_confidence' instead.
SupervisionWarnings: 'KeyPoints.confidence' is deprecated since 0.29.0 and will be removed in 0.32.0. Use 'KeyPoints.keypoint_confidence' instead.
SupervisionWarnings: 'KeyPoints.confidence' is deprecated since 0.29.0 and will be removed in 0.32.0. Use 'KeyPoints.keypoint_confidence' instead.
SupervisionWarnings: 'KeyPoints.confidence' is deprecated since 0.29.0 and will be removed in 0.32.0. Use 'KeyPoints.keypoint_confidence' instead.
SupervisionWarnings: 'KeyPoints.confidence' is deprecated since 0.29.0 and will be removed in 0.32.0. Use 'KeyPoints.keypoint_confidence' instead.
SupervisionWarnings: 'KeyPoints.confidence' is deprecated since 0.29.0 and will be removed in 0.32.0. Use 'KeyPoints.keypoint_confidence' instead.
SupervisionWarnings: 'KeyPoints.confidence' is deprecated since 0.29.0 and will be removed in 0.32.0. Use 'KeyPoints.keypoint_confidence' instead.

 52%|█████▏    | 758/1451 [13:23<11:53,  1.03s/it]SupervisionWarnings: 'KeyPoints.confidence' is deprecated since 0.29.0 and will be removed in 0.32.0. Use 'KeyPoints.keypoint_confidence' instead.
SupervisionWarnings: 'KeyPoints.confidence' is deprecated since 0.29.0 and will be removed in 0.32.0. Use 'KeyPoints.keypoint_confidence' instead.
SupervisionWarnings: 'KeyPoints.confidence' is deprecated since 0.29.0 and will be removed in 0.32.0. Use 'KeyPoints.keypoint_confidence' instead.
SupervisionWarnings: 'KeyPoints.confidence' is deprecated since 0.29.0 and will be removed in 0.32.0. Use 'KeyPoints.keypoint_confidence' instead.
SupervisionWarnings: 'KeyPoints.confidence' is deprecated since 0.29.0 and will be removed in 0.32.0. Use 'KeyPoints.keypoint_confidence' instead.
SupervisionWarnings: 'KeyPoints.confidence' is deprecated since 0.29.0 and will be removed in 0.32.0. Use 'KeyPoints.keypoint_confidence' instead.
SupervisionWarnings: 'KeyPoints.confidence' is deprecated since 0.29.0 and will be removed in 0.32.0. Use 'KeyPoints.keypoint_confidence' instead.

 52%|█████▏    | 759/1451 [13:24<11:04,  1.04it/s]SupervisionWarnings: 'KeyPoints.confidence' is deprecated since 0.29.0 and will be removed in 0.32.0. Use 'KeyPoints.keypoint_confidence' instead.
SupervisionWarnings: 'KeyPoints.confidence' is deprecated since 0.29.0 and will be removed in 0.32.0. Use 'KeyPoints.keypoint_confidence' instead.
SupervisionWarnings: 'KeyPoints.confidence' is deprecated since 0.29.0 and will be removed in 0.32.0. Use 'KeyPoints.keypoint_confidence' instead.
SupervisionWarnings: 'KeyPoints.confidence' is deprecated since 0.29.0 and will be removed in 0.32.0. Use 'KeyPoints.keypoint_confidence' instead.

 52%|█████▏    | 760/1451 [13:24<10:27,  1.10it/s]SupervisionWarnings: 'KeyPoints.confidence' is deprecated since 0.29.0 and will be removed in 0.32.0. Use 'KeyPoints.keypoint_confidence' instead.
SupervisionWarnings: 'KeyPoints.confidence' is deprecated since 0.29.0 and will be removed in 0.32.0. Use 'KeyPoints.keypoint_confidence' instead.
SupervisionWarnings: 'KeyPoints.confidence' is deprecated since 0.29.0 and will be removed in 0.32.0. Use 'KeyPoints.keypoint_confidence' instead.
SupervisionWarnings: 'KeyPoints.confidence' is deprecated since 0.29.0 and will be removed in 0.32.0. Use 'KeyPoints.keypoint_confidence' instead.

 52%|█████▏    | 761/1451 [13:25<10:05,  1.14it/s]SupervisionWarnings: 'KeyPoints.confidence' is deprecated since 0.29.0 and will be removed in 0.32.0. Use 'KeyPoints.keypoint_confidence' instead.
SupervisionWarnings: 'KeyPoints.confidence' is deprecated since 0.29.0 and will be removed in 0.32.0. Use 'KeyPoints.keypoint_confidence' instead.
SupervisionWarnings: 'KeyPoints.confidence' is deprecated since 0.29.0 and will be removed in 0.32.0. Use 'KeyPoints.keypoint_confidence' instead.
SupervisionWarnings: 'KeyPoints.confidence' is deprecated since 0.29.0 and will be removed in 0.32.0. Use 'KeyPoints.keypoint_confidence' instead.

 53%|█████▎    | 762/1451 [13:26<09:48,  1.17it/s]SupervisionWarnings: 'KeyPoints.confidence' is deprecated since 0.29.0 and will be removed in 0.32.0. Use 'KeyPoints.keypoint_confidence' instead.
SupervisionWarnings: 'KeyPoints.confidence' is deprecated since 0.29.0 and will be removed in 0.32.0. Use 'KeyPoints.keypoint_confidence' instead.
SupervisionWarnings: 'KeyPoints.confidence' is deprecated since 0.29.0 and will be removed in 0.32.0. Use 'KeyPoints.keypoint_confidence' instead.
SupervisionWarnings: 'KeyPoints.confidence' is deprecated since 0.29.0 and will be removed in 0.32.0. Use 'KeyPoints.keypoint_confidence' instead.

 53%|█████▎    | 763/1451 [13:27<09:39,  1.19it/s]SupervisionWarnings: 'KeyPoints.confidence' is deprecated since 0.29.0 and will be removed in 0.32.0. Use 'KeyPoints.keypoint_confidence' instead.
SupervisionWarnings: 'KeyPoints.confidence' is deprecated since 0.29.0 and will be removed in 0.32.0. Use 'KeyPoints.keypoint_confidence' instead.
SupervisionWarnings: 'KeyPoints.confidence' is deprecated since 0.29.0 and will be removed in 0.32.0. Use 'KeyPoints.keypoint_confidence' instead.
SupervisionWarnings: 'KeyPoints.confidence' is deprecated since 0.29.0 and will be removed in 0.32.0. Use 'KeyPoints.keypoint_confidence' instead.

 53%|█████▎    | 764/1451 [13:28<09:30,  1.20it/s]SupervisionWarnings: 'KeyPoints.confidence' is deprecated since 0.29.0 and will be removed in 0.32.0. Use 'KeyPoints.keypoint_confidence' instead.
SupervisionWarnings: 'KeyPoints.confidence' is deprecated since 0.29.0 and will be removed in 0.32.0. Use 'KeyPoints.keypoint_confidence' instead.
SupervisionWarnings: 'KeyPoints.confidence' is deprecated since 0.29.0 and will be removed in 0.32.0. Use 'KeyPoints.keypoint_confidence' instead.
SupervisionWarnings: 'KeyPoints.confidence' is deprecated since 0.29.0 and will be removed in 0.32.0. Use 'KeyPoints.keypoint_confidence' instead.

 53%|█████▎    | 765/1451 [13:28<09:24,  1.22it/s]SupervisionWarnings: 'KeyPoints.confidence' is deprecated since 0.29.0 and will be removed in 0.32.0. Use 'KeyPoints.keypoint_confidence' instead.
SupervisionWarnings: 'KeyPoints.confidence' is deprecated since 0.29.0 and will be removed in 0.32.0. Use 'KeyPoints.keypoint_confidence' instead.
SupervisionWarnings: 'KeyPoints.confidence' is deprecated since 0.29.0 and will be removed in 0.32.0. Use 'KeyPoints.keypoint_confidence' instead.
SupervisionWarnings: 'KeyPoints.confidence' is deprecated since 0.29.0 and will be removed in 0.32.0. Use 'KeyPoints.keypoint_confidence' instead.

 53%|█████▎    | 766/1451 [13:29<09:27,  1.21it/s]SupervisionWarnings: 'KeyPoints.confidence' is deprecated since 0.29.0 and will be removed in 0.32.0. Use 'KeyPoints.keypoint_confidence' instead.
SupervisionWarnings: 'KeyPoints.confidence' is deprecated since 0.29.0 and will be removed in 0.32.0. Use 'KeyPoints.keypoint_confidence' instead.
SupervisionWarnings: 'KeyPoints.confidence' is deprecated since 0.29.0 and will be removed in 0.32.0. Use 'KeyPoints.keypoint_confidence' instead.
SupervisionWarnings: 'KeyPoints.confidence' is deprecated since 0.29.0 and will be removed in 0.32.0. Use 'KeyPoints.keypoint_confidence' instead.

 53%|█████▎    | 767/1451 [13:30<09:20,  1.22it/s]SupervisionWarnings: 'KeyPoints.confidence' is deprecated since 0.29.0 and will be removed in 0.32.0. Use 'KeyPoints.keypoint_confidence' instead.
SupervisionWarnings: 'KeyPoints.confidence' is deprecated since 0.29.0 and will be removed in 0.32.0. Use 'KeyPoints.keypoint_confidence' instead.
SupervisionWarnings: 'KeyPoints.confidence' is deprecated since 0.29.0 and will be removed in 0.32.0. Use 'KeyPoints.keypoint_confidence' instead.
SupervisionWarnings: 'KeyPoints.confidence' is deprecated since 0.29.0 and will be removed in 0.32.0. Use 'KeyPoints.keypoint_confidence' instead.

 53%|█████▎    | 768/1451 [13:31<09:39,  1.18it/s]SupervisionWarnings: 'KeyPoints.confidence' is deprecated since 0.29.0 and will be removed in 0.32.0. Use 'KeyPoints.keypoint_confidence' instead.
SupervisionWarnings: 'KeyPoints.confidence' is deprecated since 0.29.0 and will be removed in 0.32.0. Use 'KeyPoints.keypoint_confidence' instead.
SupervisionWarnings: 'KeyPoints.confidence' is deprecated since 0.29.0 and will be removed in 0.32.0. Use 'KeyPoints.keypoint_confidence' instead.
SupervisionWarnings: 'KeyPoints.confidence' is deprecated since 0.29.0 and will be removed in 0.32.0. Use 'KeyPoints.keypoint_confidence' instead.

 53%|█████▎    | 769/1451 [13:32<10:03,  1.13it/s]SupervisionWarnings: 'KeyPoints.confidence' is deprecated since 0.29.0 and will be removed in 0.32.0. Use 'KeyPoints.keypoint_confidence' instead.
SupervisionWarnings: 'KeyPoints.confidence' is deprecated since 0.29.0 and will be removed in 0.32.0. Use 'KeyPoints.keypoint_confidence' instead.
SupervisionWarnings: 'KeyPoints.confidence' is deprecated since 0.29.0 and will be removed in 0.32.0. Use 'KeyPoints.keypoint_confidence' instead.
SupervisionWarnings: 'KeyPoints.confidence' is deprecated since 0.29.0 and will be removed in 0.32.0. Use 'KeyPoints.keypoint_confidence' instead.

 53%|█████▎    | 770/1451 [13:33<10:38,  1.07it/s]SupervisionWarnings: 'KeyPoints.confidence' is deprecated since 0.29.0 and will be removed in 0.32.0. Use 'KeyPoints.keypoint_confidence' instead.
SupervisionWarnings: 'KeyPoints.confidence' is deprecated since 0.29.0 and will be removed in 0.32.0. Use 'KeyPoints.keypoint_confidence' instead.
SupervisionWarnings: 'KeyPoints.confidence' is deprecated since 0.29.0 and will be removed in 0.32.0. Use 'KeyPoints.keypoint_confidence' instead.
SupervisionWarnings: 'KeyPoints.confidence' is deprecated since 0.29.0 and will be removed in 0.32.0. Use 'KeyPoints.keypoint_confidence' instead.

 53%|█████▎    | 771/1451 [13:34<10:39,  1.06it/s]SupervisionWarnings: 'KeyPoints.confidence' is deprecated since 0.29.0 and will be removed in 0.32.0. Use 'KeyPoints.keypoint_confidence' instead.
SupervisionWarnings: 'KeyPoints.confidence' is deprecated since 0.29.0 and will be removed in 0.32.0. Use 'KeyPoints.keypoint_confidence' instead.
SupervisionWarnings: 'KeyPoints.confidence' is deprecated since 0.29.0 and will be removed in 0.32.0. Use 'KeyPoints.keypoint_confidence' instead.
SupervisionWarnings: 'KeyPoints.confidence' is deprecated since 0.29.0 and will be removed in 0.32.0. Use 'KeyPoints.keypoint_confidence' instead.

 53%|█████▎    | 772/1451 [13:35<10:07,  1.12it/s]SupervisionWarnings: 'KeyPoints.confidence' is deprecated since 0.29.0 and will be removed in 0.32.0. Use 'KeyPoints.keypoint_confidence' instead.
SupervisionWarnings: 'KeyPoints.confidence' is deprecated since 0.29.0 and will be removed in 0.32.0. Use 'KeyPoints.keypoint_confidence' instead.
SupervisionWarnings: 'KeyPoints.confidence' is deprecated since 0.29.0 and will be removed in 0.32.0. Use 'KeyPoints.keypoint_confidence' instead.
SupervisionWarnings: 'KeyPoints.confidence' is deprecated since 0.29.0 and will be removed in 0.32.0. Use 'KeyPoints.keypoint_confidence' instead.

 53%|█████▎    | 773/1451 [13:36<09:46,  1.16it/s]SupervisionWarnings: 'KeyPoints.confidence' is deprecated since 0.29.0 and will be removed in 0.32.0. Use 'KeyPoints.keypoint_confidence' instead.
SupervisionWarnings: 'KeyPoints.confidence' is deprecated since 0.29.0 and will be removed in 0.32.0. Use 'KeyPoints.keypoint_confidence' instead.
SupervisionWarnings: 'KeyPoints.confidence' is deprecated since 0.29.0 and will be removed in 0.32.0. Use 'KeyPoints.keypoint_confidence' instead.
SupervisionWarnings: 'KeyPoints.confidence' is deprecated since 0.29.0 and will be removed in 0.32.0. Use 'KeyPoints.keypoint_confidence' instead.

 53%|█████▎    | 774/1451 [13:36<09:35,  1.18it/s]SupervisionWarnings: 'KeyPoints.confidence' is deprecated since 0.29.0 and will be removed in 0.32.0. Use 'KeyPoints.keypoint_confidence' instead.
SupervisionWarnings: 'KeyPoints.confidence' is deprecated since 0.29.0 and will be removed in 0.32.0. Use 'KeyPoints.keypoint_confidence' instead.
SupervisionWarnings: 'KeyPoints.confidence' is deprecated since 0.29.0 and will be removed in 0.32.0. Use 'KeyPoints.keypoint_confidence' instead.
SupervisionWarnings: 'KeyPoints.confidence' is deprecated since 0.29.0 and will be removed in 0.32.0. Use 'KeyPoints.keypoint_confidence' instead.

 53%|█████▎    | 775/1451 [13:37<09:21,  1.20it/s]SupervisionWarnings: 'KeyPoints.confidence' is deprecated since 0.29.0 and will be removed in 0.32.0. Use 'KeyPoints.keypoint_confidence' instead.
SupervisionWarnings: 'KeyPoints.confidence' is deprecated since 0.29.0 and will be removed in 0.32.0. Use 'KeyPoints.keypoint_confidence' instead.
SupervisionWarnings: 'KeyPoints.confidence' is deprecated since 0.29.0 and will be removed in 0.32.0. Use 'KeyPoints.keypoint_confidence' instead.
SupervisionWarnings: 'KeyPoints.confidence' is deprecated since 0.29.0 and will be removed in 0.32.0. Use 'KeyPoints.keypoint_confidence' instead.

 53%|█████▎    | 776/1451 [13:38<09:13,  1.22it/s]SupervisionWarnings: 'KeyPoints.confidence' is deprecated since 0.29.0 and will be removed in 0.32.0. Use 'KeyPoints.keypoint_confidence' instead.
SupervisionWarnings: 'KeyPoints.confidence' is deprecated since 0.29.0 and will be removed in 0.32.0. Use 'KeyPoints.keypoint_confidence' instead.
SupervisionWarnings: 'KeyPoints.confidence' is deprecated since 0.29.0 and will be removed in 0.32.0. Use 'KeyPoints.keypoint_confidence' instead.
SupervisionWarnings: 'KeyPoints.confidence' is deprecated since 0.29.0 and will be removed in 0.32.0. Use 'KeyPoints.keypoint_confidence' instead.

 54%|█████▎    | 777/1451 [13:39<09:10,  1.22it/s]SupervisionWarnings: 'KeyPoints.confidence' is deprecated since 0.29.0 and will be removed in 0.32.0. Use 'KeyPoints.keypoint_confidence' instead.
SupervisionWarnings: 'KeyPoints.confidence' is deprecated since 0.29.0 and will be removed in 0.32.0. Use 'KeyPoints.keypoint_confidence' instead.
SupervisionWarnings: 'KeyPoints.confidence' is deprecated since 0.29.0 and will be removed in 0.32.0. Use 'KeyPoints.keypoint_confidence' instead.
SupervisionWarnings: 'KeyPoints.confidence' is deprecated since 0.29.0 and will be removed in 0.32.0. Use 'KeyPoints.keypoint_confidence' instead.

 54%|█████▎    | 778/1451 [13:40<09:05,  1.23it/s]SupervisionWarnings: 'KeyPoints.confidence' is deprecated since 0.29.0 and will be removed in 0.32.0. Use 'KeyPoints.keypoint_confidence' instead.
SupervisionWarnings: 'KeyPoints.confidence' is deprecated since 0.29.0 and will be removed in 0.32.0. Use 'KeyPoints.keypoint_confidence' instead.
SupervisionWarnings: 'KeyPoints.confidence' is deprecated since 0.29.0 and will be removed in 0.32.0. Use 'KeyPoints.keypoint_confidence' instead.
SupervisionWarnings: 'KeyPoints.confidence' is deprecated since 0.29.0 and will be removed in 0.32.0. Use 'KeyPoints.keypoint_confidence' instead.

 54%|█████▎    | 779/1451 [13:41<10:26,  1.07it/s]SupervisionWarnings: 'KeyPoints.confidence' is deprecated since 0.29.0 and will be removed in 0.32.0. Use 'KeyPoints.keypoint_confidence' instead.
SupervisionWarnings: 'KeyPoints.confidence' is deprecated since 0.29.0 and will be removed in 0.32.0. Use 'KeyPoints.keypoint_confidence' instead.
SupervisionWarnings: 'KeyPoints.confidence' is deprecated since 0.29.0 and will be removed in 0.32.0. Use 'KeyPoints.keypoint_confidence' instead.
SupervisionWarnings: 'KeyPoints.confidence' is deprecated since 0.29.0 and will be removed in 0.32.0. Use 'KeyPoints.keypoint_confidence' instead.

 54%|█████▍    | 780/1451 [13:42<09:59,  1.12it/s]SupervisionWarnings: 'KeyPoints.confidence' is deprecated since 0.29.0 and will be removed in 0.32.0. Use 'KeyPoints.keypoint_confidence' instead.
SupervisionWarnings: 'KeyPoints.confidence' is deprecated since 0.29.0 and will be removed in 0.32.0. Use 'KeyPoints.keypoint_confidence' instead.
SupervisionWarnings: 'KeyPoints.confidence' is deprecated since 0.29.0 and will be removed in 0.32.0. Use 'KeyPoints.keypoint_confidence' instead.
SupervisionWarnings: 'KeyPoints.confidence' is deprecated since 0.29.0 and will be removed in 0.32.0. Use 'KeyPoints.keypoint_confidence' instead.

 54%|█████▍    | 781/1451 [13:42<09:45,  1.15it/s]SupervisionWarnings: 'KeyPoints.confidence' is deprecated since 0.29.0 and will be removed in 0.32.0. Use 'KeyPoints.keypoint_confidence' instead.
SupervisionWarnings: 'KeyPoints.confidence' is deprecated since 0.29.0 and will be removed in 0.32.0. Use 'KeyPoints.keypoint_confidence' instead.
SupervisionWarnings: 'KeyPoints.confidence' is deprecated since 0.29.0 and will be removed in 0.32.0. Use 'KeyPoints.keypoint_confidence' instead.
SupervisionWarnings: 'KeyPoints.confidence' is deprecated since 0.29.0 and will be removed in 0.32.0. Use 'KeyPoints.keypoint_confidence' instead.

 54%|█████▍    | 782/1451 [13:43<09:28,  1.18it/s]SupervisionWarnings: 'KeyPoints.confidence' is deprecated since 0.29.0 and will be removed in 0.32.0. Use 'KeyPoints.keypoint_confidence' instead.
SupervisionWarnings: 'KeyPoints.confidence' is deprecated since 0.29.0 and will be removed in 0.32.0. Use 'KeyPoints.keypoint_confidence' instead.
SupervisionWarnings: 'KeyPoints.confidence' is deprecated since 0.29.0 and will be removed in 0.32.0. Use 'KeyPoints.keypoint_confidence' instead.
SupervisionWarnings: 'KeyPoints.confidence' is deprecated since 0.29.0 and will be removed in 0.32.0. Use 'KeyPoints.keypoint_confidence' instead.

 54%|█████▍    | 783/1451 [13:44<09:40,  1.15it/s]SupervisionWarnings: 'KeyPoints.confidence' is deprecated since 0.29.0 and will be removed in 0.32.0. Use 'KeyPoints.keypoint_confidence' instead.
SupervisionWarnings: 'KeyPoints.confidence' is deprecated since 0.29.0 and will be removed in 0.32.0. Use 'KeyPoints.keypoint_confidence' instead.
SupervisionWarnings: 'KeyPoints.confidence' is deprecated since 0.29.0 and will be removed in 0.32.0. Use 'KeyPoints.keypoint_confidence' instead.
SupervisionWarnings: 'KeyPoints.confidence' is deprecated since 0.29.0 and will be removed in 0.32.0. Use 'KeyPoints.keypoint_confidence' instead.

 54%|█████▍    | 784/1451 [13:45<09:50,  1.13it/s]SupervisionWarnings: 'KeyPoints.confidence' is deprecated since 0.29.0 and will be removed in 0.32.0. Use 'KeyPoints.keypoint_confidence' instead.
SupervisionWarnings: 'KeyPoints.confidence' is deprecated since 0.29.0 and will be removed in 0.32.0. Use 'KeyPoints.keypoint_confidence' instead.
SupervisionWarnings: 'KeyPoints.confidence' is deprecated since 0.29.0 and will be removed in 0.32.0. Use 'KeyPoints.keypoint_confidence' instead.
SupervisionWarnings: 'KeyPoints.confidence' is deprecated since 0.29.0 and will be removed in 0.32.0. Use 'KeyPoints.keypoint_confidence' instead.

 54%|█████▍    | 785/1451 [13:46<10:27,  1.06it/s]SupervisionWarnings: 'KeyPoints.confidence' is deprecated since 0.29.0 and will be removed in 0.32.0. Use 'KeyPoints.keypoint_confidence' instead.
SupervisionWarnings: 'KeyPoints.confidence' is deprecated since 0.29.0 and will be removed in 0.32.0. Use 'KeyPoints.keypoint_confidence' instead.
SupervisionWarnings: 'KeyPoints.confidence' is deprecated since 0.29.0 and will be removed in 0.32.0. Use 'KeyPoints.keypoint_confidence' instead.
SupervisionWarnings: 'KeyPoints.confidence' is deprecated since 0.29.0 and will be removed in 0.32.0. Use 'KeyPoints.keypoint_confidence' instead.

 54%|█████▍    | 786/1451 [13:47<11:50,  1.07s/it]SupervisionWarnings: 'KeyPoints.confidence' is deprecated since 0.29.0 and will be removed in 0.32.0. Use 'KeyPoints.keypoint_confidence' instead.
SupervisionWarnings: 'KeyPoints.confidence' is deprecated since 0.29.0 and will be removed in 0.32.0. Use 'KeyPoints.keypoint_confidence' instead.
SupervisionWarnings: 'KeyPoints.confidence' is deprecated since 0.29.0 and will be removed in 0.32.0. Use 'KeyPoints.keypoint_confidence' instead.
SupervisionWarnings: 'KeyPoints.confidence' is deprecated since 0.29.0 and will be removed in 0.32.0. Use 'KeyPoints.keypoint_confidence' instead.

 54%|█████▍    | 787/1451 [13:48<10:58,  1.01it/s]SupervisionWarnings: 'KeyPoints.confidence' is deprecated since 0.29.0 and will be removed in 0.32.0. Use 'KeyPoints.keypoint_confidence' instead.
SupervisionWarnings: 'KeyPoints.confidence' is deprecated since 0.29.0 and will be removed in 0.32.0. Use 'KeyPoints.keypoint_confidence' instead.
SupervisionWarnings: 'KeyPoints.confidence' is deprecated since 0.29.0 and will be removed in 0.32.0. Use 'KeyPoints.keypoint_confidence' instead.
SupervisionWarnings: 'KeyPoints.confidence' is deprecated since 0.29.0 and will be removed in 0.32.0. Use 'KeyPoints.keypoint_confidence' instead.

 54%|█████▍    | 788/1451 [13:49<11:38,  1.05s/it]SupervisionWarnings: 'KeyPoints.confidence' is deprecated since 0.29.0 and will be removed in 0.32.0. Use 'KeyPoints.keypoint_confidence' instead.
SupervisionWarnings: 'KeyPoints.confidence' is deprecated since 0.29.0 and will be removed in 0.32.0. Use 'KeyPoints.keypoint_confidence' instead.
SupervisionWarnings: 'KeyPoints.confidence' is deprecated since 0.29.0 and will be removed in 0.32.0. Use 'KeyPoints.keypoint_confidence' instead.
SupervisionWarnings: 'KeyPoints.confidence' is deprecated since 0.29.0 and will be removed in 0.32.0. Use 'KeyPoints.keypoint_confidence' instead.

 54%|█████▍    | 789/1451 [13:50<10:47,  1.02it/s]SupervisionWarnings: 'KeyPoints.confidence' is deprecated since 0.29.0 and will be removed in 0.32.0. Use 'KeyPoints.keypoint_confidence' instead.
SupervisionWarnings: 'KeyPoints.confidence' is deprecated since 0.29.0 and will be removed in 0.32.0. Use 'KeyPoints.keypoint_confidence' instead.
SupervisionWarnings: 'KeyPoints.confidence' is deprecated since 0.29.0 and will be removed in 0.32.0. Use 'KeyPoints.keypoint_confidence' instead.
SupervisionWarnings: 'KeyPoints.confidence' is deprecated since 0.29.0 and will be removed in 0.32.0. Use 'KeyPoints.keypoint_confidence' instead.

 54%|█████▍    | 790/1451 [13:51<11:32,  1.05s/it]SupervisionWarnings: 'KeyPoints.confidence' is deprecated since 0.29.0 and will be removed in 0.32.0. Use 'KeyPoints.keypoint_confidence' instead.
SupervisionWarnings: 'KeyPoints.confidence' is deprecated since 0.29.0 and will be removed in 0.32.0. Use 'KeyPoints.keypoint_confidence' instead.
SupervisionWarnings: 'KeyPoints.confidence' is deprecated since 0.29.0 and will be removed in 0.32.0. Use 'KeyPoints.keypoint_confidence' instead.
SupervisionWarnings: 'KeyPoints.confidence' is deprecated since 0.29.0 and will be removed in 0.32.0. Use 'KeyPoints.keypoint_confidence' instead.

 55%|█████▍    | 791/1451 [13:53<12:05,  1.10s/it]SupervisionWarnings: 'KeyPoints.confidence' is deprecated since 0.29.0 and will be removed in 0.32.0. Use 'KeyPoints.keypoint_confidence' instead.
SupervisionWarnings: 'KeyPoints.confidence' is deprecated since 0.29.0 and will be removed in 0.32.0. Use 'KeyPoints.keypoint_confidence' instead.
SupervisionWarnings: 'KeyPoints.confidence' is deprecated since 0.29.0 and will be removed in 0.32.0. Use 'KeyPoints.keypoint_confidence' instead.
SupervisionWarnings: 'KeyPoints.confidence' is deprecated since 0.29.0 and will be removed in 0.32.0. Use 'KeyPoints.keypoint_confidence' instead.

 55%|█████▍    | 792/1451 [13:53<11:06,  1.01s/it]SupervisionWarnings: 'KeyPoints.confidence' is deprecated since 0.29.0 and will be removed in 0.32.0. Use 'KeyPoints.keypoint_confidence' instead.
SupervisionWarnings: 'KeyPoints.confidence' is deprecated since 0.29.0 and will be removed in 0.32.0. Use 'KeyPoints.keypoint_confidence' instead.
SupervisionWarnings: 'KeyPoints.confidence' is deprecated since 0.29.0 and will be removed in 0.32.0. Use 'KeyPoints.keypoint_confidence' instead.
SupervisionWarnings: 'KeyPoints.confidence' is deprecated since 0.29.0 and will be removed in 0.32.0. Use 'KeyPoints.keypoint_confidence' instead.

 55%|█████▍    | 793/1451 [13:55<11:44,  1.07s/it]SupervisionWarnings: 'KeyPoints.confidence' is deprecated since 0.29.0 and will be removed in 0.32.0. Use 'KeyPoints.keypoint_confidence' instead.
SupervisionWarnings: 'KeyPoints.confidence' is deprecated since 0.29.0 and will be removed in 0.32.0. Use 'KeyPoints.keypoint_confidence' instead.
SupervisionWarnings: 'KeyPoints.confidence' is deprecated since 0.29.0 and will be removed in 0.32.0. Use 'KeyPoints.keypoint_confidence' instead.
SupervisionWarnings: 'KeyPoints.confidence' is deprecated since 0.29.0 and will be removed in 0.32.0. Use 'KeyPoints.keypoint_confidence' instead.

 55%|█████▍    | 794/1451 [13:56<12:14,  1.12s/it]SupervisionWarnings: 'KeyPoints.confidence' is deprecated since 0.29.0 and will be removed in 0.32.0. Use 'KeyPoints.keypoint_confidence' instead.
SupervisionWarnings: 'KeyPoints.confidence' is deprecated since 0.29.0 and will be removed in 0.32.0. Use 'KeyPoints.keypoint_confidence' instead.
SupervisionWarnings: 'KeyPoints.confidence' is deprecated since 0.29.0 and will be removed in 0.32.0. Use 'KeyPoints.keypoint_confidence' instead.
SupervisionWarnings: 'KeyPoints.confidence' is deprecated since 0.29.0 and will be removed in 0.32.0. Use 'KeyPoints.keypoint_confidence' instead.

 55%|█████▍    | 795/1451 [13:57<11:16,  1.03s/it]SupervisionWarnings: 'KeyPoints.confidence' is deprecated since 0.29.0 and will be removed in 0.32.0. Use 'KeyPoints.keypoint_confidence' instead.
SupervisionWarnings: 'KeyPoints.confidence' is deprecated since 0.29.0 and will be removed in 0.32.0. Use 'KeyPoints.keypoint_confidence' instead.
SupervisionWarnings: 'KeyPoints.confidence' is deprecated since 0.29.0 and will be removed in 0.32.0. Use 'KeyPoints.keypoint_confidence' instead.
SupervisionWarnings: 'KeyPoints.confidence' is deprecated since 0.29.0 and will be removed in 0.32.0. Use 'KeyPoints.keypoint_confidence' instead.

 55%|█████▍    | 796/1451 [13:58<11:03,  1.01s/it]SupervisionWarnings: 'KeyPoints.confidence' is deprecated since 0.29.0 and will be removed in 0.32.0. Use 'KeyPoints.keypoint_confidence' instead.
SupervisionWarnings: 'KeyPoints.confidence' is deprecated since 0.29.0 and will be removed in 0.32.0. Use 'KeyPoints.keypoint_confidence' instead.
SupervisionWarnings: 'KeyPoints.confidence' is deprecated since 0.29.0 and will be removed in 0.32.0. Use 'KeyPoints.keypoint_confidence' instead.
SupervisionWarnings: 'KeyPoints.confidence' is deprecated since 0.29.0 and will be removed in 0.32.0. Use 'KeyPoints.keypoint_confidence' instead.

 55%|█████▍    | 797/1451 [13:59<11:10,  1.02s/it]SupervisionWarnings: 'KeyPoints.confidence' is deprecated since 0.29.0 and will be removed in 0.32.0. Use 'KeyPoints.keypoint_confidence' instead.
SupervisionWarnings: 'KeyPoints.confidence' is deprecated since 0.29.0 and will be removed in 0.32.0. Use 'KeyPoints.keypoint_confidence' instead.
SupervisionWarnings: 'KeyPoints.confidence' is deprecated since 0.29.0 and will be removed in 0.32.0. Use 'KeyPoints.keypoint_confidence' instead.
SupervisionWarnings: 'KeyPoints.confidence' is deprecated since 0.29.0 and will be removed in 0.32.0. Use 'KeyPoints.keypoint_confidence' instead.

 55%|█████▍    | 798/1451 [14:00<12:31,  1.15s/it]SupervisionWarnings: 'KeyPoints.confidence' is deprecated since 0.29.0 and will be removed in 0.32.0. Use 'KeyPoints.keypoint_confidence' instead.
SupervisionWarnings: 'KeyPoints.confidence' is deprecated since 0.29.0 and will be removed in 0.32.0. Use 'KeyPoints.keypoint_confidence' instead.
SupervisionWarnings: 'KeyPoints.confidence' is deprecated since 0.29.0 and will be removed in 0.32.0. Use 'KeyPoints.keypoint_confidence' instead.
SupervisionWarnings: 'KeyPoints.confidence' is deprecated since 0.29.0 and will be removed in 0.32.0. Use 'KeyPoints.keypoint_confidence' instead.

 55%|█████▌    | 799/1451 [14:01<11:21,  1.05s/it]SupervisionWarnings: 'KeyPoints.confidence' is deprecated since 0.29.0 and will be removed in 0.32.0. Use 'KeyPoints.keypoint_confidence' instead.
SupervisionWarnings: 'KeyPoints.confidence' is deprecated since 0.29.0 and will be removed in 0.32.0. Use 'KeyPoints.keypoint_confidence' instead.
SupervisionWarnings: 'KeyPoints.confidence' is deprecated since 0.29.0 and will be removed in 0.32.0. Use 'KeyPoints.keypoint_confidence' instead.
SupervisionWarnings: 'KeyPoints.confidence' is deprecated since 0.29.0 and will be removed in 0.32.0. Use 'KeyPoints.keypoint_confidence' instead.

 55%|█████▌    | 800/1451 [14:02<10:33,  1.03it/s]SupervisionWarnings: 'KeyPoints.confidence' is deprecated since 0.29.0 and will be removed in 0.32.0. Use 'KeyPoints.keypoint_confidence' instead.
SupervisionWarnings: 'KeyPoints.confidence' is deprecated since 0.29.0 and will be removed in 0.32.0. Use 'KeyPoints.keypoint_confidence' instead.
SupervisionWarnings: 'KeyPoints.confidence' is deprecated since 0.29.0 and will be removed in 0.32.0. Use 'KeyPoints.keypoint_confidence' instead.
SupervisionWarnings: 'KeyPoints.confidence' is deprecated since 0.29.0 and will be removed in 0.32.0. Use 'KeyPoints.keypoint_confidence' instead.

 55%|█████▌    | 801/1451 [14:03<10:01,  1.08it/s]SupervisionWarnings: 'KeyPoints.confidence' is deprecated since 0.29.0 and will be removed in 0.32.0. Use 'KeyPoints.keypoint_confidence' instead.
SupervisionWarnings: 'KeyPoints.confidence' is deprecated since 0.29.0 and will be removed in 0.32.0. Use 'KeyPoints.keypoint_confidence' instead.
SupervisionWarnings: 'KeyPoints.confidence' is deprecated since 0.29.0 and will be removed in 0.32.0. Use 'KeyPoints.keypoint_confidence' instead.
SupervisionWarnings: 'KeyPoints.confidence' is deprecated since 0.29.0 and will be removed in 0.32.0. Use 'KeyPoints.keypoint_confidence' instead.

 55%|█████▌    | 802/1451 [14:04<09:48,  1.10it/s]SupervisionWarnings: 'KeyPoints.confidence' is deprecated since 0.29.0 and will be removed in 0.32.0. Use 'KeyPoints.keypoint_confidence' instead.
SupervisionWarnings: 'KeyPoints.confidence' is deprecated since 0.29.0 and will be removed in 0.32.0. Use 'KeyPoints.keypoint_confidence' instead.
SupervisionWarnings: 'KeyPoints.confidence' is deprecated since 0.29.0 and will be removed in 0.32.0. Use 'KeyPoints.keypoint_confidence' instead.
SupervisionWarnings: 'KeyPoints.confidence' is deprecated since 0.29.0 and will be removed in 0.32.0. Use 'KeyPoints.keypoint_confidence' instead.

 55%|█████▌    | 803/1451 [14:05<10:50,  1.00s/it]SupervisionWarnings: 'KeyPoints.confidence' is deprecated since 0.29.0 and will be removed in 0.32.0. Use 'KeyPoints.keypoint_confidence' instead.
SupervisionWarnings: 'KeyPoints.confidence' is deprecated since 0.29.0 and will be removed in 0.32.0. Use 'KeyPoints.keypoint_confidence' instead.
SupervisionWarnings: 'KeyPoints.confidence' is deprecated since 0.29.0 and will be removed in 0.32.0. Use 'KeyPoints.keypoint_confidence' instead.
SupervisionWarnings: 'KeyPoints.confidence' is deprecated since 0.29.0 and will be removed in 0.32.0. Use 'KeyPoints.keypoint_confidence' instead.

 55%|█████▌    | 804/1451 [14:06<10:17,  1.05it/s]SupervisionWarnings: 'KeyPoints.confidence' is deprecated since 0.29.0 and will be removed in 0.32.0. Use 'KeyPoints.keypoint_confidence' instead.
SupervisionWarnings: 'KeyPoints.confidence' is deprecated since 0.29.0 and will be removed in 0.32.0. Use 'KeyPoints.keypoint_confidence' instead.
SupervisionWarnings: 'KeyPoints.confidence' is deprecated since 0.29.0 and will be removed in 0.32.0. Use 'KeyPoints.keypoint_confidence' instead.
SupervisionWarnings: 'KeyPoints.confidence' is deprecated since 0.29.0 and will be removed in 0.32.0. Use 'KeyPoints.keypoint_confidence' instead.

 55%|█████▌    | 805/1451 [14:07<11:08,  1.04s/it]SupervisionWarnings: 'KeyPoints.confidence' is deprecated since 0.29.0 and will be removed in 0.32.0. Use 'KeyPoints.keypoint_confidence' instead.
SupervisionWarnings: 'KeyPoints.confidence' is deprecated since 0.29.0 and will be removed in 0.32.0. Use 'KeyPoints.keypoint_confidence' instead.
SupervisionWarnings: 'KeyPoints.confidence' is deprecated since 0.29.0 and will be removed in 0.32.0. Use 'KeyPoints.keypoint_confidence' instead.
SupervisionWarnings: 'KeyPoints.confidence' is deprecated since 0.29.0 and will be removed in 0.32.0. Use 'KeyPoints.keypoint_confidence' instead.

 56%|█████▌    | 806/1451 [14:08<10:30,  1.02it/s]SupervisionWarnings: 'KeyPoints.confidence' is deprecated since 0.29.0 and will be removed in 0.32.0. Use 'KeyPoints.keypoint_confidence' instead.
SupervisionWarnings: 'KeyPoints.confidence' is deprecated since 0.29.0 and will be removed in 0.32.0. Use 'KeyPoints.keypoint_confidence' instead.
SupervisionWarnings: 'KeyPoints.confidence' is deprecated since 0.29.0 and will be removed in 0.32.0. Use 'KeyPoints.keypoint_confidence' instead.
SupervisionWarnings: 'KeyPoints.confidence' is deprecated since 0.29.0 and will be removed in 0.32.0. Use 'KeyPoints.keypoint_confidence' instead.

 56%|█████▌    | 807/1451 [14:08<09:55,  1.08it/s]SupervisionWarnings: 'KeyPoints.confidence' is deprecated since 0.29.0 and will be removed in 0.32.0. Use 'KeyPoints.keypoint_confidence' instead.
SupervisionWarnings: 'KeyPoints.confidence' is deprecated since 0.29.0 and will be removed in 0.32.0. Use 'KeyPoints.keypoint_confidence' instead.
SupervisionWarnings: 'KeyPoints.confidence' is deprecated since 0.29.0 and will be removed in 0.32.0. Use 'KeyPoints.keypoint_confidence' instead.
SupervisionWarnings: 'KeyPoints.confidence' is deprecated since 0.29.0 and will be removed in 0.32.0. Use 'KeyPoints.keypoint_confidence' instead.

 56%|█████▌    | 808/1451 [14:09<09:31,  1.13it/s]SupervisionWarnings: 'KeyPoints.confidence' is deprecated since 0.29.0 and will be removed in 0.32.0. Use 'KeyPoints.keypoint_confidence' instead.
SupervisionWarnings: 'KeyPoints.confidence' is deprecated since 0.29.0 and will be removed in 0.32.0. Use 'KeyPoints.keypoint_confidence' instead.
SupervisionWarnings: 'KeyPoints.confidence' is deprecated since 0.29.0 and will be removed in 0.32.0. Use 'KeyPoints.keypoint_confidence' instead.
SupervisionWarnings: 'KeyPoints.confidence' is deprecated since 0.29.0 and will be removed in 0.32.0. Use 'KeyPoints.keypoint_confidence' instead.

 56%|█████▌    | 809/1451 [14:10<09:34,  1.12it/s]SupervisionWarnings: 'KeyPoints.confidence' is deprecated since 0.29.0 and will be removed in 0.32.0. Use 'KeyPoints.keypoint_confidence' instead.
SupervisionWarnings: 'KeyPoints.confidence' is deprecated since 0.29.0 and will be removed in 0.32.0. Use 'KeyPoints.keypoint_confidence' instead.
SupervisionWarnings: 'KeyPoints.confidence' is deprecated since 0.29.0 and will be removed in 0.32.0. Use 'KeyPoints.keypoint_confidence' instead.
SupervisionWarnings: 'KeyPoints.confidence' is deprecated since 0.29.0 and will be removed in 0.32.0. Use 'KeyPoints.keypoint_confidence' instead.

 56%|█████▌    | 810/1451 [14:11<10:02,  1.06it/s]SupervisionWarnings: 'KeyPoints.confidence' is deprecated since 0.29.0 and will be removed in 0.32.0. Use 'KeyPoints.keypoint_confidence' instead.
SupervisionWarnings: 'KeyPoints.confidence' is deprecated since 0.29.0 and will be removed in 0.32.0. Use 'KeyPoints.keypoint_confidence' instead.
SupervisionWarnings: 'KeyPoints.confidence' is deprecated since 0.29.0 and will be removed in 0.32.0. Use 'KeyPoints.keypoint_confidence' instead.
SupervisionWarnings: 'KeyPoints.confidence' is deprecated since 0.29.0 and will be removed in 0.32.0. Use 'KeyPoints.keypoint_confidence' instead.

 56%|█████▌    | 811/1451 [14:12<10:22,  1.03it/s]SupervisionWarnings: 'KeyPoints.confidence' is deprecated since 0.29.0 and will be removed in 0.32.0. Use 'KeyPoints.keypoint_confidence' instead.
SupervisionWarnings: 'KeyPoints.confidence' is deprecated since 0.29.0 and will be removed in 0.32.0. Use 'KeyPoints.keypoint_confidence' instead.
SupervisionWarnings: 'KeyPoints.confidence' is deprecated since 0.29.0 and will be removed in 0.32.0. Use 'KeyPoints.keypoint_confidence' instead.
SupervisionWarnings: 'KeyPoints.confidence' is deprecated since 0.29.0 and will be removed in 0.32.0. Use 'KeyPoints.keypoint_confidence' instead.

 56%|█████▌    | 812/1451 [14:13<10:18,  1.03it/s]SupervisionWarnings: 'KeyPoints.confidence' is deprecated since 0.29.0 and will be removed in 0.32.0. Use 'KeyPoints.keypoint_confidence' instead.
SupervisionWarnings: 'KeyPoints.confidence' is deprecated since 0.29.0 and will be removed in 0.32.0. Use 'KeyPoints.keypoint_confidence' instead.
SupervisionWarnings: 'KeyPoints.confidence' is deprecated since 0.29.0 and will be removed in 0.32.0. Use 'KeyPoints.keypoint_confidence' instead.
SupervisionWarnings: 'KeyPoints.confidence' is deprecated since 0.29.0 and will be removed in 0.32.0. Use 'KeyPoints.keypoint_confidence' instead.

 56%|█████▌    | 813/1451 [14:14<11:13,  1.06s/it]SupervisionWarnings: 'KeyPoints.confidence' is deprecated since 0.29.0 and will be removed in 0.32.0. Use 'KeyPoints.keypoint_confidence' instead.
SupervisionWarnings: 'KeyPoints.confidence' is deprecated since 0.29.0 and will be removed in 0.32.0. Use 'KeyPoints.keypoint_confidence' instead.
SupervisionWarnings: 'KeyPoints.confidence' is deprecated since 0.29.0 and will be removed in 0.32.0. Use 'KeyPoints.keypoint_confidence' instead.
SupervisionWarnings: 'KeyPoints.confidence' is deprecated since 0.29.0 and will be removed in 0.32.0. Use 'KeyPoints.keypoint_confidence' instead.

 56%|█████▌    | 814/1451 [14:15<10:24,  1.02it/s]SupervisionWarnings: 'KeyPoints.confidence' is deprecated since 0.29.0 and will be removed in 0.32.0. Use 'KeyPoints.keypoint_confidence' instead.
SupervisionWarnings: 'KeyPoints.confidence' is deprecated since 0.29.0 and will be removed in 0.32.0. Use 'KeyPoints.keypoint_confidence' instead.
SupervisionWarnings: 'KeyPoints.confidence' is deprecated since 0.29.0 and will be removed in 0.32.0. Use 'KeyPoints.keypoint_confidence' instead.
SupervisionWarnings: 'KeyPoints.confidence' is deprecated since 0.29.0 and will be removed in 0.32.0. Use 'KeyPoints.keypoint_confidence' instead.

 56%|█████▌    | 815/1451 [14:16<09:57,  1.07it/s]SupervisionWarnings: 'KeyPoints.confidence' is deprecated since 0.29.0 and will be removed in 0.32.0. Use 'KeyPoints.keypoint_confidence' instead.
SupervisionWarnings: 'KeyPoints.confidence' is deprecated since 0.29.0 and will be removed in 0.32.0. Use 'KeyPoints.keypoint_confidence' instead.
SupervisionWarnings: 'KeyPoints.confidence' is deprecated since 0.29.0 and will be removed in 0.32.0. Use 'KeyPoints.keypoint_confidence' instead.
SupervisionWarnings: 'KeyPoints.confidence' is deprecated since 0.29.0 and will be removed in 0.32.0. Use 'KeyPoints.keypoint_confidence' instead.

 56%|█████▌    | 816/1451 [14:17<10:48,  1.02s/it]SupervisionWarnings: 'KeyPoints.confidence' is deprecated since 0.29.0 and will be removed in 0.32.0. Use 'KeyPoints.keypoint_confidence' instead.
SupervisionWarnings: 'KeyPoints.confidence' is deprecated since 0.29.0 and will be removed in 0.32.0. Use 'KeyPoints.keypoint_confidence' instead.
SupervisionWarnings: 'KeyPoints.confidence' is deprecated since 0.29.0 and will be removed in 0.32.0. Use 'KeyPoints.keypoint_confidence' instead.
SupervisionWarnings: 'KeyPoints.confidence' is deprecated since 0.29.0 and will be removed in 0.32.0. Use 'KeyPoints.keypoint_confidence' instead.

 56%|█████▋    | 817/1451 [14:19<11:24,  1.08s/it]SupervisionWarnings: 'KeyPoints.confidence' is deprecated since 0.29.0 and will be removed in 0.32.0. Use 'KeyPoints.keypoint_confidence' instead.
SupervisionWarnings: 'KeyPoints.confidence' is deprecated since 0.29.0 and will be removed in 0.32.0. Use 'KeyPoints.keypoint_confidence' instead.
SupervisionWarnings: 'KeyPoints.confidence' is deprecated since 0.29.0 and will be removed in 0.32.0. Use 'KeyPoints.keypoint_confidence' instead.
SupervisionWarnings: 'KeyPoints.confidence' is deprecated since 0.29.0 and will be removed in 0.32.0. Use 'KeyPoints.keypoint_confidence' instead.

 56%|█████▋    | 818/1451 [14:19<10:31,  1.00it/s]SupervisionWarnings: 'KeyPoints.confidence' is deprecated since 0.29.0 and will be removed in 0.32.0. Use 'KeyPoints.keypoint_confidence' instead.
SupervisionWarnings: 'KeyPoints.confidence' is deprecated since 0.29.0 and will be removed in 0.32.0. Use 'KeyPoints.keypoint_confidence' instead.
SupervisionWarnings: 'KeyPoints.confidence' is deprecated since 0.29.0 and will be removed in 0.32.0. Use 'KeyPoints.keypoint_confidence' instead.
SupervisionWarnings: 'KeyPoints.confidence' is deprecated since 0.29.0 and will be removed in 0.32.0. Use 'KeyPoints.keypoint_confidence' instead.

 56%|█████▋    | 819/1451 [14:20<09:55,  1.06it/s]SupervisionWarnings: 'KeyPoints.confidence' is deprecated since 0.29.0 and will be removed in 0.32.0. Use 'KeyPoints.keypoint_confidence' instead.
SupervisionWarnings: 'KeyPoints.confidence' is deprecated since 0.29.0 and will be removed in 0.32.0. Use 'KeyPoints.keypoint_confidence' instead.
SupervisionWarnings: 'KeyPoints.confidence' is deprecated since 0.29.0 and will be removed in 0.32.0. Use 'KeyPoints.keypoint_confidence' instead.
SupervisionWarnings: 'KeyPoints.confidence' is deprecated since 0.29.0 and will be removed in 0.32.0. Use 'KeyPoints.keypoint_confidence' instead.

 57%|█████▋    | 820/1451 [14:21<09:32,  1.10it/s]SupervisionWarnings: 'KeyPoints.confidence' is deprecated since 0.29.0 and will be removed in 0.32.0. Use 'KeyPoints.keypoint_confidence' instead.
SupervisionWarnings: 'KeyPoints.confidence' is deprecated since 0.29.0 and will be removed in 0.32.0. Use 'KeyPoints.keypoint_confidence' instead.
SupervisionWarnings: 'KeyPoints.confidence' is deprecated since 0.29.0 and will be removed in 0.32.0. Use 'KeyPoints.keypoint_confidence' instead.
SupervisionWarnings: 'KeyPoints.confidence' is deprecated since 0.29.0 and will be removed in 0.32.0. Use 'KeyPoints.keypoint_confidence' instead.

 57%|█████▋    | 821/1451 [14:22<09:13,  1.14it/s]SupervisionWarnings: 'KeyPoints.confidence' is deprecated since 0.29.0 and will be removed in 0.32.0. Use 'KeyPoints.keypoint_confidence' instead.
SupervisionWarnings: 'KeyPoints.confidence' is deprecated since 0.29.0 and will be removed in 0.32.0. Use 'KeyPoints.keypoint_confidence' instead.
SupervisionWarnings: 'KeyPoints.confidence' is deprecated since 0.29.0 and will be removed in 0.32.0. Use 'KeyPoints.keypoint_confidence' instead.
SupervisionWarnings: 'KeyPoints.confidence' is deprecated since 0.29.0 and will be removed in 0.32.0. Use 'KeyPoints.keypoint_confidence' instead.

 57%|█████▋    | 822/1451 [14:23<08:57,  1.17it/s]SupervisionWarnings: 'KeyPoints.confidence' is deprecated since 0.29.0 and will be removed in 0.32.0. Use 'KeyPoints.keypoint_confidence' instead.
SupervisionWarnings: 'KeyPoints.confidence' is deprecated since 0.29.0 and will be removed in 0.32.0. Use 'KeyPoints.keypoint_confidence' instead.
SupervisionWarnings: 'KeyPoints.confidence' is deprecated since 0.29.0 and will be removed in 0.32.0. Use 'KeyPoints.keypoint_confidence' instead.
SupervisionWarnings: 'KeyPoints.confidence' is deprecated since 0.29.0 and will be removed in 0.32.0. Use 'KeyPoints.keypoint_confidence' instead.

 57%|█████▋    | 823/1451 [14:24<09:05,  1.15it/s]SupervisionWarnings: 'KeyPoints.confidence' is deprecated since 0.29.0 and will be removed in 0.32.0. Use 'KeyPoints.keypoint_confidence' instead.
SupervisionWarnings: 'KeyPoints.confidence' is deprecated since 0.29.0 and will be removed in 0.32.0. Use 'KeyPoints.keypoint_confidence' instead.
SupervisionWarnings: 'KeyPoints.confidence' is deprecated since 0.29.0 and will be removed in 0.32.0. Use 'KeyPoints.keypoint_confidence' instead.
SupervisionWarnings: 'KeyPoints.confidence' is deprecated since 0.29.0 and will be removed in 0.32.0. Use 'KeyPoints.keypoint_confidence' instead.

 57%|█████▋    | 824/1451 [14:25<10:49,  1.04s/it]SupervisionWarnings: 'KeyPoints.confidence' is deprecated since 0.29.0 and will be removed in 0.32.0. Use 'KeyPoints.keypoint_confidence' instead.
SupervisionWarnings: 'KeyPoints.confidence' is deprecated since 0.29.0 and will be removed in 0.32.0. Use 'KeyPoints.keypoint_confidence' instead.
SupervisionWarnings: 'KeyPoints.confidence' is deprecated since 0.29.0 and will be removed in 0.32.0. Use 'KeyPoints.keypoint_confidence' instead.
SupervisionWarnings: 'KeyPoints.confidence' is deprecated since 0.29.0 and will be removed in 0.32.0. Use 'KeyPoints.keypoint_confidence' instead.

 57%|█████▋    | 825/1451 [14:26<10:26,  1.00s/it]SupervisionWarnings: 'KeyPoints.confidence' is deprecated since 0.29.0 and will be removed in 0.32.0. Use 'KeyPoints.keypoint_confidence' instead.
SupervisionWarnings: 'KeyPoints.confidence' is deprecated since 0.29.0 and will be removed in 0.32.0. Use 'KeyPoints.keypoint_confidence' instead.
SupervisionWarnings: 'KeyPoints.confidence' is deprecated since 0.29.0 and will be removed in 0.32.0. Use 'KeyPoints.keypoint_confidence' instead.
SupervisionWarnings: 'KeyPoints.confidence' is deprecated since 0.29.0 and will be removed in 0.32.0. Use 'KeyPoints.keypoint_confidence' instead.

 57%|█████▋    | 826/1451 [14:27<10:00,  1.04it/s]SupervisionWarnings: 'KeyPoints.confidence' is deprecated since 0.29.0 and will be removed in 0.32.0. Use 'KeyPoints.keypoint_confidence' instead.
SupervisionWarnings: 'KeyPoints.confidence' is deprecated since 0.29.0 and will be removed in 0.32.0. Use 'KeyPoints.keypoint_confidence' instead.
SupervisionWarnings: 'KeyPoints.confidence' is deprecated since 0.29.0 and will be removed in 0.32.0. Use 'KeyPoints.keypoint_confidence' instead.
SupervisionWarnings: 'KeyPoints.confidence' is deprecated since 0.29.0 and will be removed in 0.32.0. Use 'KeyPoints.keypoint_confidence' instead.

 57%|█████▋    | 827/1451 [14:28<09:31,  1.09it/s]SupervisionWarnings: 'KeyPoints.confidence' is deprecated since 0.29.0 and will be removed in 0.32.0. Use 'KeyPoints.keypoint_confidence' instead.
SupervisionWarnings: 'KeyPoints.confidence' is deprecated since 0.29.0 and will be removed in 0.32.0. Use 'KeyPoints.keypoint_confidence' instead.
SupervisionWarnings: 'KeyPoints.confidence' is deprecated since 0.29.0 and will be removed in 0.32.0. Use 'KeyPoints.keypoint_confidence' instead.
SupervisionWarnings: 'KeyPoints.confidence' is deprecated since 0.29.0 and will be removed in 0.32.0. Use 'KeyPoints.keypoint_confidence' instead.

 57%|█████▋    | 828/1451 [14:29<10:28,  1.01s/it]SupervisionWarnings: 'KeyPoints.confidence' is deprecated since 0.29.0 and will be removed in 0.32.0. Use 'KeyPoints.keypoint_confidence' instead.
SupervisionWarnings: 'KeyPoints.confidence' is deprecated since 0.29.0 and will be removed in 0.32.0. Use 'KeyPoints.keypoint_confidence' instead.
SupervisionWarnings: 'KeyPoints.confidence' is deprecated since 0.29.0 and will be removed in 0.32.0. Use 'KeyPoints.keypoint_confidence' instead.
SupervisionWarnings: 'KeyPoints.confidence' is deprecated since 0.29.0 and will be removed in 0.32.0. Use 'KeyPoints.keypoint_confidence' instead.

 57%|█████▋    | 829/1451 [14:30<09:51,  1.05it/s]SupervisionWarnings: 'KeyPoints.confidence' is deprecated since 0.29.0 and will be removed in 0.32.0. Use 'KeyPoints.keypoint_confidence' instead.
SupervisionWarnings: 'KeyPoints.confidence' is deprecated since 0.29.0 and will be removed in 0.32.0. Use 'KeyPoints.keypoint_confidence' instead.
SupervisionWarnings: 'KeyPoints.confidence' is deprecated since 0.29.0 and will be removed in 0.32.0. Use 'KeyPoints.keypoint_confidence' instead.
SupervisionWarnings: 'KeyPoints.confidence' is deprecated since 0.29.0 and will be removed in 0.32.0. Use 'KeyPoints.keypoint_confidence' instead.

 57%|█████▋    | 830/1451 [14:30<09:24,  1.10it/s]SupervisionWarnings: 'KeyPoints.confidence' is deprecated since 0.29.0 and will be removed in 0.32.0. Use 'KeyPoints.keypoint_confidence' instead.
SupervisionWarnings: 'KeyPoints.confidence' is deprecated since 0.29.0 and will be removed in 0.32.0. Use 'KeyPoints.keypoint_confidence' instead.
SupervisionWarnings: 'KeyPoints.confidence' is deprecated since 0.29.0 and will be removed in 0.32.0. Use 'KeyPoints.keypoint_confidence' instead.
SupervisionWarnings: 'KeyPoints.confidence' is deprecated since 0.29.0 and will be removed in 0.32.0. Use 'KeyPoints.keypoint_confidence' instead.

 57%|█████▋    | 831/1451 [14:31<09:22,  1.10it/s]SupervisionWarnings: 'KeyPoints.confidence' is deprecated since 0.29.0 and will be removed in 0.32.0. Use 'KeyPoints.keypoint_confidence' instead.
SupervisionWarnings: 'KeyPoints.confidence' is deprecated since 0.29.0 and will be removed in 0.32.0. Use 'KeyPoints.keypoint_confidence' instead.
SupervisionWarnings: 'KeyPoints.confidence' is deprecated since 0.29.0 and will be removed in 0.32.0. Use 'KeyPoints.keypoint_confidence' instead.
SupervisionWarnings: 'KeyPoints.confidence' is deprecated since 0.29.0 and will be removed in 0.32.0. Use 'KeyPoints.keypoint_confidence' instead.

 57%|█████▋    | 832/1451 [14:32<09:02,  1.14it/s]SupervisionWarnings: 'KeyPoints.confidence' is deprecated since 0.29.0 and will be removed in 0.32.0. Use 'KeyPoints.keypoint_confidence' instead.
SupervisionWarnings: 'KeyPoints.confidence' is deprecated since 0.29.0 and will be removed in 0.32.0. Use 'KeyPoints.keypoint_confidence' instead.
SupervisionWarnings: 'KeyPoints.confidence' is deprecated since 0.29.0 and will be removed in 0.32.0. Use 'KeyPoints.keypoint_confidence' instead.
SupervisionWarnings: 'KeyPoints.confidence' is deprecated since 0.29.0 and will be removed in 0.32.0. Use 'KeyPoints.keypoint_confidence' instead.

 57%|█████▋    | 833/1451 [14:33<08:50,  1.16it/s]SupervisionWarnings: 'KeyPoints.confidence' is deprecated since 0.29.0 and will be removed in 0.32.0. Use 'KeyPoints.keypoint_confidence' instead.
SupervisionWarnings: 'KeyPoints.confidence' is deprecated since 0.29.0 and will be removed in 0.32.0. Use 'KeyPoints.keypoint_confidence' instead.
SupervisionWarnings: 'KeyPoints.confidence' is deprecated since 0.29.0 and will be removed in 0.32.0. Use 'KeyPoints.keypoint_confidence' instead.
SupervisionWarnings: 'KeyPoints.confidence' is deprecated since 0.29.0 and will be removed in 0.32.0. Use 'KeyPoints.keypoint_confidence' instead.

 57%|█████▋    | 834/1451 [14:34<08:39,  1.19it/s]SupervisionWarnings: 'KeyPoints.confidence' is deprecated since 0.29.0 and will be removed in 0.32.0. Use 'KeyPoints.keypoint_confidence' instead.
SupervisionWarnings: 'KeyPoints.confidence' is deprecated since 0.29.0 and will be removed in 0.32.0. Use 'KeyPoints.keypoint_confidence' instead.
SupervisionWarnings: 'KeyPoints.confidence' is deprecated since 0.29.0 and will be removed in 0.32.0. Use 'KeyPoints.keypoint_confidence' instead.
SupervisionWarnings: 'KeyPoints.confidence' is deprecated since 0.29.0 and will be removed in 0.32.0. Use 'KeyPoints.keypoint_confidence' instead.

 58%|█████▊    | 835/1451 [14:35<08:36,  1.19it/s]SupervisionWarnings: 'KeyPoints.confidence' is deprecated since 0.29.0 and will be removed in 0.32.0. Use 'KeyPoints.keypoint_confidence' instead.
SupervisionWarnings: 'KeyPoints.confidence' is deprecated since 0.29.0 and will be removed in 0.32.0. Use 'KeyPoints.keypoint_confidence' instead.
SupervisionWarnings: 'KeyPoints.confidence' is deprecated since 0.29.0 and will be removed in 0.32.0. Use 'KeyPoints.keypoint_confidence' instead.
SupervisionWarnings: 'KeyPoints.confidence' is deprecated since 0.29.0 and will be removed in 0.32.0. Use 'KeyPoints.keypoint_confidence' instead.

 58%|█████▊    | 836/1451 [14:35<08:33,  1.20it/s]SupervisionWarnings: 'KeyPoints.confidence' is deprecated since 0.29.0 and will be removed in 0.32.0. Use 'KeyPoints.keypoint_confidence' instead.
SupervisionWarnings: 'KeyPoints.confidence' is deprecated since 0.29.0 and will be removed in 0.32.0. Use 'KeyPoints.keypoint_confidence' instead.
SupervisionWarnings: 'KeyPoints.confidence' is deprecated since 0.29.0 and will be removed in 0.32.0. Use 'KeyPoints.keypoint_confidence' instead.
SupervisionWarnings: 'KeyPoints.confidence' is deprecated since 0.29.0 and will be removed in 0.32.0. Use 'KeyPoints.keypoint_confidence' instead.

 58%|█████▊    | 837/1451 [14:36<08:26,  1.21it/s]SupervisionWarnings: 'KeyPoints.confidence' is deprecated since 0.29.0 and will be removed in 0.32.0. Use 'KeyPoints.keypoint_confidence' instead.
SupervisionWarnings: 'KeyPoints.confidence' is deprecated since 0.29.0 and will be removed in 0.32.0. Use 'KeyPoints.keypoint_confidence' instead.
SupervisionWarnings: 'KeyPoints.confidence' is deprecated since 0.29.0 and will be removed in 0.32.0. Use 'KeyPoints.keypoint_confidence' instead.
SupervisionWarnings: 'KeyPoints.confidence' is deprecated since 0.29.0 and will be removed in 0.32.0. Use 'KeyPoints.keypoint_confidence' instead.

 58%|█████▊    | 838/1451 [14:37<08:48,  1.16it/s]SupervisionWarnings: 'KeyPoints.confidence' is deprecated since 0.29.0 and will be removed in 0.32.0. Use 'KeyPoints.keypoint_confidence' instead.
SupervisionWarnings: 'KeyPoints.confidence' is deprecated since 0.29.0 and will be removed in 0.32.0. Use 'KeyPoints.keypoint_confidence' instead.
SupervisionWarnings: 'KeyPoints.confidence' is deprecated since 0.29.0 and will be removed in 0.32.0. Use 'KeyPoints.keypoint_confidence' instead.
SupervisionWarnings: 'KeyPoints.confidence' is deprecated since 0.29.0 and will be removed in 0.32.0. Use 'KeyPoints.keypoint_confidence' instead.

 58%|█████▊    | 839/1451 [14:38<09:00,  1.13it/s]SupervisionWarnings: 'KeyPoints.confidence' is deprecated since 0.29.0 and will be removed in 0.32.0. Use 'KeyPoints.keypoint_confidence' instead.
SupervisionWarnings: 'KeyPoints.confidence' is deprecated since 0.29.0 and will be removed in 0.32.0. Use 'KeyPoints.keypoint_confidence' instead.
SupervisionWarnings: 'KeyPoints.confidence' is deprecated since 0.29.0 and will be removed in 0.32.0. Use 'KeyPoints.keypoint_confidence' instead.
SupervisionWarnings: 'KeyPoints.confidence' is deprecated since 0.29.0 and will be removed in 0.32.0. Use 'KeyPoints.keypoint_confidence' instead.

 58%|█████▊    | 840/1451 [14:39<09:35,  1.06it/s]SupervisionWarnings: 'KeyPoints.confidence' is deprecated since 0.29.0 and will be removed in 0.32.0. Use 'KeyPoints.keypoint_confidence' instead.
SupervisionWarnings: 'KeyPoints.confidence' is deprecated since 0.29.0 and will be removed in 0.32.0. Use 'KeyPoints.keypoint_confidence' instead.
SupervisionWarnings: 'KeyPoints.confidence' is deprecated since 0.29.0 and will be removed in 0.32.0. Use 'KeyPoints.keypoint_confidence' instead.
SupervisionWarnings: 'KeyPoints.confidence' is deprecated since 0.29.0 and will be removed in 0.32.0. Use 'KeyPoints.keypoint_confidence' instead.

 58%|█████▊    | 841/1451 [14:40<09:14,  1.10it/s]SupervisionWarnings: 'KeyPoints.confidence' is deprecated since 0.29.0 and will be removed in 0.32.0. Use 'KeyPoints.keypoint_confidence' instead.
SupervisionWarnings: 'KeyPoints.confidence' is deprecated since 0.29.0 and will be removed in 0.32.0. Use 'KeyPoints.keypoint_confidence' instead.
SupervisionWarnings: 'KeyPoints.confidence' is deprecated since 0.29.0 and will be removed in 0.32.0. Use 'KeyPoints.keypoint_confidence' instead.
SupervisionWarnings: 'KeyPoints.confidence' is deprecated since 0.29.0 and will be removed in 0.32.0. Use 'KeyPoints.keypoint_confidence' instead.

 58%|█████▊    | 842/1451 [14:41<08:57,  1.13it/s]SupervisionWarnings: 'KeyPoints.confidence' is deprecated since 0.29.0 and will be removed in 0.32.0. Use 'KeyPoints.keypoint_confidence' instead.
SupervisionWarnings: 'KeyPoints.confidence' is deprecated since 0.29.0 and will be removed in 0.32.0. Use 'KeyPoints.keypoint_confidence' instead.
SupervisionWarnings: 'KeyPoints.confidence' is deprecated since 0.29.0 and will be removed in 0.32.0. Use 'KeyPoints.keypoint_confidence' instead.
SupervisionWarnings: 'KeyPoints.confidence' is deprecated since 0.29.0 and will be removed in 0.32.0. Use 'KeyPoints.keypoint_confidence' instead.

 58%|█████▊    | 843/1451 [14:42<08:47,  1.15it/s]SupervisionWarnings: 'KeyPoints.confidence' is deprecated since 0.29.0 and will be removed in 0.32.0. Use 'KeyPoints.keypoint_confidence' instead.
SupervisionWarnings: 'KeyPoints.confidence' is deprecated since 0.29.0 and will be removed in 0.32.0. Use 'KeyPoints.keypoint_confidence' instead.
SupervisionWarnings: 'KeyPoints.confidence' is deprecated since 0.29.0 and will be removed in 0.32.0. Use 'KeyPoints.keypoint_confidence' instead.
SupervisionWarnings: 'KeyPoints.confidence' is deprecated since 0.29.0 and will be removed in 0.32.0. Use 'KeyPoints.keypoint_confidence' instead.

 58%|█████▊    | 844/1451 [14:42<08:35,  1.18it/s]SupervisionWarnings: 'KeyPoints.confidence' is deprecated since 0.29.0 and will be removed in 0.32.0. Use 'KeyPoints.keypoint_confidence' instead.
SupervisionWarnings: 'KeyPoints.confidence' is deprecated since 0.29.0 and will be removed in 0.32.0. Use 'KeyPoints.keypoint_confidence' instead.
SupervisionWarnings: 'KeyPoints.confidence' is deprecated since 0.29.0 and will be removed in 0.32.0. Use 'KeyPoints.keypoint_confidence' instead.
SupervisionWarnings: 'KeyPoints.confidence' is deprecated since 0.29.0 and will be removed in 0.32.0. Use 'KeyPoints.keypoint_confidence' instead.

 58%|█████▊    | 845/1451 [14:43<08:25,  1.20it/s]SupervisionWarnings: 'KeyPoints.confidence' is deprecated since 0.29.0 and will be removed in 0.32.0. Use 'KeyPoints.keypoint_confidence' instead.
SupervisionWarnings: 'KeyPoints.confidence' is deprecated since 0.29.0 and will be removed in 0.32.0. Use 'KeyPoints.keypoint_confidence' instead.
SupervisionWarnings: 'KeyPoints.confidence' is deprecated since 0.29.0 and will be removed in 0.32.0. Use 'KeyPoints.keypoint_confidence' instead.
SupervisionWarnings: 'KeyPoints.confidence' is deprecated since 0.29.0 and will be removed in 0.32.0. Use 'KeyPoints.keypoint_confidence' instead.

 58%|█████▊    | 846/1451 [14:44<08:22,  1.20it/s]SupervisionWarnings: 'KeyPoints.confidence' is deprecated since 0.29.0 and will be removed in 0.32.0. Use 'KeyPoints.keypoint_confidence' instead.
SupervisionWarnings: 'KeyPoints.confidence' is deprecated since 0.29.0 and will be removed in 0.32.0. Use 'KeyPoints.keypoint_confidence' instead.
SupervisionWarnings: 'KeyPoints.confidence' is deprecated since 0.29.0 and will be removed in 0.32.0. Use 'KeyPoints.keypoint_confidence' instead.
SupervisionWarnings: 'KeyPoints.confidence' is deprecated since 0.29.0 and will be removed in 0.32.0. Use 'KeyPoints.keypoint_confidence' instead.

 58%|█████▊    | 847/1451 [14:45<08:17,  1.21it/s]SupervisionWarnings: 'KeyPoints.confidence' is deprecated since 0.29.0 and will be removed in 0.32.0. Use 'KeyPoints.keypoint_confidence' instead.
SupervisionWarnings: 'KeyPoints.confidence' is deprecated since 0.29.0 and will be removed in 0.32.0. Use 'KeyPoints.keypoint_confidence' instead.
SupervisionWarnings: 'KeyPoints.confidence' is deprecated since 0.29.0 and will be removed in 0.32.0. Use 'KeyPoints.keypoint_confidence' instead.
SupervisionWarnings: 'KeyPoints.confidence' is deprecated since 0.29.0 and will be removed in 0.32.0. Use 'KeyPoints.keypoint_confidence' instead.

 58%|█████▊    | 848/1451 [14:46<09:32,  1.05it/s]SupervisionWarnings: 'KeyPoints.confidence' is deprecated since 0.29.0 and will be removed in 0.32.0. Use 'KeyPoints.keypoint_confidence' instead.
SupervisionWarnings: 'KeyPoints.confidence' is deprecated since 0.29.0 and will be removed in 0.32.0. Use 'KeyPoints.keypoint_confidence' instead.
SupervisionWarnings: 'KeyPoints.confidence' is deprecated since 0.29.0 and will be removed in 0.32.0. Use 'KeyPoints.keypoint_confidence' instead.
SupervisionWarnings: 'KeyPoints.confidence' is deprecated since 0.29.0 and will be removed in 0.32.0. Use 'KeyPoints.keypoint_confidence' instead.

 59%|█████▊    | 849/1451 [14:47<10:23,  1.04s/it]SupervisionWarnings: 'KeyPoints.confidence' is deprecated since 0.29.0 and will be removed in 0.32.0. Use 'KeyPoints.keypoint_confidence' instead.
SupervisionWarnings: 'KeyPoints.confidence' is deprecated since 0.29.0 and will be removed in 0.32.0. Use 'KeyPoints.keypoint_confidence' instead.
SupervisionWarnings: 'KeyPoints.confidence' is deprecated since 0.29.0 and will be removed in 0.32.0. Use 'KeyPoints.keypoint_confidence' instead.
SupervisionWarnings: 'KeyPoints.confidence' is deprecated since 0.29.0 and will be removed in 0.32.0. Use 'KeyPoints.keypoint_confidence' instead.

 59%|█████▊    | 850/1451 [14:49<10:59,  1.10s/it]SupervisionWarnings: 'KeyPoints.confidence' is deprecated since 0.29.0 and will be removed in 0.32.0. Use 'KeyPoints.keypoint_confidence' instead.
SupervisionWarnings: 'KeyPoints.confidence' is deprecated since 0.29.0 and will be removed in 0.32.0. Use 'KeyPoints.keypoint_confidence' instead.
SupervisionWarnings: 'KeyPoints.confidence' is deprecated since 0.29.0 and will be removed in 0.32.0. Use 'KeyPoints.keypoint_confidence' instead.
SupervisionWarnings: 'KeyPoints.confidence' is deprecated since 0.29.0 and will be removed in 0.32.0. Use 'KeyPoints.keypoint_confidence' instead.

 59%|█████▊    | 851/1451 [14:49<10:23,  1.04s/it]SupervisionWarnings: 'KeyPoints.confidence' is deprecated since 0.29.0 and will be removed in 0.32.0. Use 'KeyPoints.keypoint_confidence' instead.
SupervisionWarnings: 'KeyPoints.confidence' is deprecated since 0.29.0 and will be removed in 0.32.0. Use 'KeyPoints.keypoint_confidence' instead.
SupervisionWarnings: 'KeyPoints.confidence' is deprecated since 0.29.0 and will be removed in 0.32.0. Use 'KeyPoints.keypoint_confidence' instead.
SupervisionWarnings: 'KeyPoints.confidence' is deprecated since 0.29.0 and will be removed in 0.32.0. Use 'KeyPoints.keypoint_confidence' instead.

 59%|█████▊    | 852/1451 [14:50<10:17,  1.03s/it]SupervisionWarnings: 'KeyPoints.confidence' is deprecated since 0.29.0 and will be removed in 0.32.0. Use 'KeyPoints.keypoint_confidence' instead.
SupervisionWarnings: 'KeyPoints.confidence' is deprecated since 0.29.0 and will be removed in 0.32.0. Use 'KeyPoints.keypoint_confidence' instead.
SupervisionWarnings: 'KeyPoints.confidence' is deprecated since 0.29.0 and will be removed in 0.32.0. Use 'KeyPoints.keypoint_confidence' instead.
SupervisionWarnings: 'KeyPoints.confidence' is deprecated since 0.29.0 and will be removed in 0.32.0. Use 'KeyPoints.keypoint_confidence' instead.

 59%|█████▉    | 853/1451 [14:51<10:12,  1.02s/it]SupervisionWarnings: 'KeyPoints.confidence' is deprecated since 0.29.0 and will be removed in 0.32.0. Use 'KeyPoints.keypoint_confidence' instead.
SupervisionWarnings: 'KeyPoints.confidence' is deprecated since 0.29.0 and will be removed in 0.32.0. Use 'KeyPoints.keypoint_confidence' instead.
SupervisionWarnings: 'KeyPoints.confidence' is deprecated since 0.29.0 and will be removed in 0.32.0. Use 'KeyPoints.keypoint_confidence' instead.
SupervisionWarnings: 'KeyPoints.confidence' is deprecated since 0.29.0 and will be removed in 0.32.0. Use 'KeyPoints.keypoint_confidence' instead.

 59%|█████▉    | 854/1451 [14:52<09:50,  1.01it/s]SupervisionWarnings: 'KeyPoints.confidence' is deprecated since 0.29.0 and will be removed in 0.32.0. Use 'KeyPoints.keypoint_confidence' instead.
SupervisionWarnings: 'KeyPoints.confidence' is deprecated since 0.29.0 and will be removed in 0.32.0. Use 'KeyPoints.keypoint_confidence' instead.
SupervisionWarnings: 'KeyPoints.confidence' is deprecated since 0.29.0 and will be removed in 0.32.0. Use 'KeyPoints.keypoint_confidence' instead.
SupervisionWarnings: 'KeyPoints.confidence' is deprecated since 0.29.0 and will be removed in 0.32.0. Use 'KeyPoints.keypoint_confidence' instead.

 59%|█████▉    | 855/1451 [14:53<09:15,  1.07it/s]SupervisionWarnings: 'KeyPoints.confidence' is deprecated since 0.29.0 and will be removed in 0.32.0. Use 'KeyPoints.keypoint_confidence' instead.
SupervisionWarnings: 'KeyPoints.confidence' is deprecated since 0.29.0 and will be removed in 0.32.0. Use 'KeyPoints.keypoint_confidence' instead.
SupervisionWarnings: 'KeyPoints.confidence' is deprecated since 0.29.0 and will be removed in 0.32.0. Use 'KeyPoints.keypoint_confidence' instead.
SupervisionWarnings: 'KeyPoints.confidence' is deprecated since 0.29.0 and will be removed in 0.32.0. Use 'KeyPoints.keypoint_confidence' instead.

 59%|█████▉    | 856/1451 [14:54<08:56,  1.11it/s]SupervisionWarnings: 'KeyPoints.confidence' is deprecated since 0.29.0 and will be removed in 0.32.0. Use 'KeyPoints.keypoint_confidence' instead.
SupervisionWarnings: 'KeyPoints.confidence' is deprecated since 0.29.0 and will be removed in 0.32.0. Use 'KeyPoints.keypoint_confidence' instead.
SupervisionWarnings: 'KeyPoints.confidence' is deprecated since 0.29.0 and will be removed in 0.32.0. Use 'KeyPoints.keypoint_confidence' instead.
SupervisionWarnings: 'KeyPoints.confidence' is deprecated since 0.29.0 and will be removed in 0.32.0. Use 'KeyPoints.keypoint_confidence' instead.

 59%|█████▉    | 857/1451 [14:55<08:36,  1.15it/s]SupervisionWarnings: 'KeyPoints.confidence' is deprecated since 0.29.0 and will be removed in 0.32.0. Use 'KeyPoints.keypoint_confidence' instead.
SupervisionWarnings: 'KeyPoints.confidence' is deprecated since 0.29.0 and will be removed in 0.32.0. Use 'KeyPoints.keypoint_confidence' instead.
SupervisionWarnings: 'KeyPoints.confidence' is deprecated since 0.29.0 and will be removed in 0.32.0. Use 'KeyPoints.keypoint_confidence' instead.
SupervisionWarnings: 'KeyPoints.confidence' is deprecated since 0.29.0 and will be removed in 0.32.0. Use 'KeyPoints.keypoint_confidence' instead.

 59%|█████▉    | 858/1451 [14:56<08:23,  1.18it/s]SupervisionWarnings: 'KeyPoints.confidence' is deprecated since 0.29.0 and will be removed in 0.32.0. Use 'KeyPoints.keypoint_confidence' instead.
SupervisionWarnings: 'KeyPoints.confidence' is deprecated since 0.29.0 and will be removed in 0.32.0. Use 'KeyPoints.keypoint_confidence' instead.
SupervisionWarnings: 'KeyPoints.confidence' is deprecated since 0.29.0 and will be removed in 0.32.0. Use 'KeyPoints.keypoint_confidence' instead.
SupervisionWarnings: 'KeyPoints.confidence' is deprecated since 0.29.0 and will be removed in 0.32.0. Use 'KeyPoints.keypoint_confidence' instead.

 59%|█████▉    | 859/1451 [14:56<08:12,  1.20it/s]SupervisionWarnings: 'KeyPoints.confidence' is deprecated since 0.29.0 and will be removed in 0.32.0. Use 'KeyPoints.keypoint_confidence' instead.
SupervisionWarnings: 'KeyPoints.confidence' is deprecated since 0.29.0 and will be removed in 0.32.0. Use 'KeyPoints.keypoint_confidence' instead.
SupervisionWarnings: 'KeyPoints.confidence' is deprecated since 0.29.0 and will be removed in 0.32.0. Use 'KeyPoints.keypoint_confidence' instead.
SupervisionWarnings: 'KeyPoints.confidence' is deprecated since 0.29.0 and will be removed in 0.32.0. Use 'KeyPoints.keypoint_confidence' instead.

 59%|█████▉    | 860/1451 [14:57<08:08,  1.21it/s]SupervisionWarnings: 'KeyPoints.confidence' is deprecated since 0.29.0 and will be removed in 0.32.0. Use 'KeyPoints.keypoint_confidence' instead.
SupervisionWarnings: 'KeyPoints.confidence' is deprecated since 0.29.0 and will be removed in 0.32.0. Use 'KeyPoints.keypoint_confidence' instead.
SupervisionWarnings: 'KeyPoints.confidence' is deprecated since 0.29.0 and will be removed in 0.32.0. Use 'KeyPoints.keypoint_confidence' instead.
SupervisionWarnings: 'KeyPoints.confidence' is deprecated since 0.29.0 and will be removed in 0.32.0. Use 'KeyPoints.keypoint_confidence' instead.

 59%|█████▉    | 861/1451 [14:58<08:00,  1.23it/s]SupervisionWarnings: 'KeyPoints.confidence' is deprecated since 0.29.0 and will be removed in 0.32.0. Use 'KeyPoints.keypoint_confidence' instead.
SupervisionWarnings: 'KeyPoints.confidence' is deprecated since 0.29.0 and will be removed in 0.32.0. Use 'KeyPoints.keypoint_confidence' instead.
SupervisionWarnings: 'KeyPoints.confidence' is deprecated since 0.29.0 and will be removed in 0.32.0. Use 'KeyPoints.keypoint_confidence' instead.
SupervisionWarnings: 'KeyPoints.confidence' is deprecated since 0.29.0 and will be removed in 0.32.0. Use 'KeyPoints.keypoint_confidence' instead.

 59%|█████▉    | 862/1451 [14:59<07:54,  1.24it/s]SupervisionWarnings: 'KeyPoints.confidence' is deprecated since 0.29.0 and will be removed in 0.32.0. Use 'KeyPoints.keypoint_confidence' instead.
SupervisionWarnings: 'KeyPoints.confidence' is deprecated since 0.29.0 and will be removed in 0.32.0. Use 'KeyPoints.keypoint_confidence' instead.
SupervisionWarnings: 'KeyPoints.confidence' is deprecated since 0.29.0 and will be removed in 0.32.0. Use 'KeyPoints.keypoint_confidence' instead.
SupervisionWarnings: 'KeyPoints.confidence' is deprecated since 0.29.0 and will be removed in 0.32.0. Use 'KeyPoints.keypoint_confidence' instead.

 59%|█████▉    | 863/1451 [15:00<07:52,  1.25it/s]SupervisionWarnings: 'KeyPoints.confidence' is deprecated since 0.29.0 and will be removed in 0.32.0. Use 'KeyPoints.keypoint_confidence' instead.
SupervisionWarnings: 'KeyPoints.confidence' is deprecated since 0.29.0 and will be removed in 0.32.0. Use 'KeyPoints.keypoint_confidence' instead.
SupervisionWarnings: 'KeyPoints.confidence' is deprecated since 0.29.0 and will be removed in 0.32.0. Use 'KeyPoints.keypoint_confidence' instead.
SupervisionWarnings: 'KeyPoints.confidence' is deprecated since 0.29.0 and will be removed in 0.32.0. Use 'KeyPoints.keypoint_confidence' instead.

 60%|█████▉    | 864/1451 [15:00<07:51,  1.25it/s]SupervisionWarnings: 'KeyPoints.confidence' is deprecated since 0.29.0 and will be removed in 0.32.0. Use 'KeyPoints.keypoint_confidence' instead.
SupervisionWarnings: 'KeyPoints.confidence' is deprecated since 0.29.0 and will be removed in 0.32.0. Use 'KeyPoints.keypoint_confidence' instead.
SupervisionWarnings: 'KeyPoints.confidence' is deprecated since 0.29.0 and will be removed in 0.32.0. Use 'KeyPoints.keypoint_confidence' instead.
SupervisionWarnings: 'KeyPoints.confidence' is deprecated since 0.29.0 and will be removed in 0.32.0. Use 'KeyPoints.keypoint_confidence' instead.

 60%|█████▉    | 865/1451 [15:01<07:48,  1.25it/s]SupervisionWarnings: 'KeyPoints.confidence' is deprecated since 0.29.0 and will be removed in 0.32.0. Use 'KeyPoints.keypoint_confidence' instead.
SupervisionWarnings: 'KeyPoints.confidence' is deprecated since 0.29.0 and will be removed in 0.32.0. Use 'KeyPoints.keypoint_confidence' instead.
SupervisionWarnings: 'KeyPoints.confidence' is deprecated since 0.29.0 and will be removed in 0.32.0. Use 'KeyPoints.keypoint_confidence' instead.
SupervisionWarnings: 'KeyPoints.confidence' is deprecated since 0.29.0 and will be removed in 0.32.0. Use 'KeyPoints.keypoint_confidence' instead.

 60%|█████▉    | 866/1451 [15:02<07:46,  1.25it/s]SupervisionWarnings: 'KeyPoints.confidence' is deprecated since 0.29.0 and will be removed in 0.32.0. Use 'KeyPoints.keypoint_confidence' instead.
SupervisionWarnings: 'KeyPoints.confidence' is deprecated since 0.29.0 and will be removed in 0.32.0. Use 'KeyPoints.keypoint_confidence' instead.
SupervisionWarnings: 'KeyPoints.confidence' is deprecated since 0.29.0 and will be removed in 0.32.0. Use 'KeyPoints.keypoint_confidence' instead.
SupervisionWarnings: 'KeyPoints.confidence' is deprecated since 0.29.0 and will be removed in 0.32.0. Use 'KeyPoints.keypoint_confidence' instead.

 60%|█████▉    | 867/1451 [15:03<08:02,  1.21it/s]SupervisionWarnings: 'KeyPoints.confidence' is deprecated since 0.29.0 and will be removed in 0.32.0. Use 'KeyPoints.keypoint_confidence' instead.
SupervisionWarnings: 'KeyPoints.confidence' is deprecated since 0.29.0 and will be removed in 0.32.0. Use 'KeyPoints.keypoint_confidence' instead.
SupervisionWarnings: 'KeyPoints.confidence' is deprecated since 0.29.0 and will be removed in 0.32.0. Use 'KeyPoints.keypoint_confidence' instead.
SupervisionWarnings: 'KeyPoints.confidence' is deprecated since 0.29.0 and will be removed in 0.32.0. Use 'KeyPoints.keypoint_confidence' instead.

 60%|█████▉    | 868/1451 [15:04<08:39,  1.12it/s]SupervisionWarnings: 'KeyPoints.confidence' is deprecated since 0.29.0 and will be removed in 0.32.0. Use 'KeyPoints.keypoint_confidence' instead.
SupervisionWarnings: 'KeyPoints.confidence' is deprecated since 0.29.0 and will be removed in 0.32.0. Use 'KeyPoints.keypoint_confidence' instead.
SupervisionWarnings: 'KeyPoints.confidence' is deprecated since 0.29.0 and will be removed in 0.32.0. Use 'KeyPoints.keypoint_confidence' instead.
SupervisionWarnings: 'KeyPoints.confidence' is deprecated since 0.29.0 and will be removed in 0.32.0. Use 'KeyPoints.keypoint_confidence' instead.

 60%|█████▉    | 869/1451 [15:05<08:54,  1.09it/s]SupervisionWarnings: 'KeyPoints.confidence' is deprecated since 0.29.0 and will be removed in 0.32.0. Use 'KeyPoints.keypoint_confidence' instead.
SupervisionWarnings: 'KeyPoints.confidence' is deprecated since 0.29.0 and will be removed in 0.32.0. Use 'KeyPoints.keypoint_confidence' instead.
SupervisionWarnings: 'KeyPoints.confidence' is deprecated since 0.29.0 and will be removed in 0.32.0. Use 'KeyPoints.keypoint_confidence' instead.
SupervisionWarnings: 'KeyPoints.confidence' is deprecated since 0.29.0 and will be removed in 0.32.0. Use 'KeyPoints.keypoint_confidence' instead.

 60%|█████▉    | 870/1451 [15:06<08:59,  1.08it/s]SupervisionWarnings: 'KeyPoints.confidence' is deprecated since 0.29.0 and will be removed in 0.32.0. Use 'KeyPoints.keypoint_confidence' instead.
SupervisionWarnings: 'KeyPoints.confidence' is deprecated since 0.29.0 and will be removed in 0.32.0. Use 'KeyPoints.keypoint_confidence' instead.
SupervisionWarnings: 'KeyPoints.confidence' is deprecated since 0.29.0 and will be removed in 0.32.0. Use 'KeyPoints.keypoint_confidence' instead.
SupervisionWarnings: 'KeyPoints.confidence' is deprecated since 0.29.0 and will be removed in 0.32.0. Use 'KeyPoints.keypoint_confidence' instead.

 60%|██████    | 871/1451 [15:07<08:41,  1.11it/s]SupervisionWarnings: 'KeyPoints.confidence' is deprecated since 0.29.0 and will be removed in 0.32.0. Use 'KeyPoints.keypoint_confidence' instead.
SupervisionWarnings: 'KeyPoints.confidence' is deprecated since 0.29.0 and will be removed in 0.32.0. Use 'KeyPoints.keypoint_confidence' instead.
SupervisionWarnings: 'KeyPoints.confidence' is deprecated since 0.29.0 and will be removed in 0.32.0. Use 'KeyPoints.keypoint_confidence' instead.
SupervisionWarnings: 'KeyPoints.confidence' is deprecated since 0.29.0 and will be removed in 0.32.0. Use 'KeyPoints.keypoint_confidence' instead.

 60%|██████    | 872/1451 [15:08<08:25,  1.15it/s]SupervisionWarnings: 'KeyPoints.confidence' is deprecated since 0.29.0 and will be removed in 0.32.0. Use 'KeyPoints.keypoint_confidence' instead.
SupervisionWarnings: 'KeyPoints.confidence' is deprecated since 0.29.0 and will be removed in 0.32.0. Use 'KeyPoints.keypoint_confidence' instead.
SupervisionWarnings: 'KeyPoints.confidence' is deprecated since 0.29.0 and will be removed in 0.32.0. Use 'KeyPoints.keypoint_confidence' instead.
SupervisionWarnings: 'KeyPoints.confidence' is deprecated since 0.29.0 and will be removed in 0.32.0. Use 'KeyPoints.keypoint_confidence' instead.

 60%|██████    | 873/1451 [15:08<08:13,  1.17it/s]SupervisionWarnings: 'KeyPoints.confidence' is deprecated since 0.29.0 and will be removed in 0.32.0. Use 'KeyPoints.keypoint_confidence' instead.
SupervisionWarnings: 'KeyPoints.confidence' is deprecated since 0.29.0 and will be removed in 0.32.0. Use 'KeyPoints.keypoint_confidence' instead.
SupervisionWarnings: 'KeyPoints.confidence' is deprecated since 0.29.0 and will be removed in 0.32.0. Use 'KeyPoints.keypoint_confidence' instead.
SupervisionWarnings: 'KeyPoints.confidence' is deprecated since 0.29.0 and will be removed in 0.32.0. Use 'KeyPoints.keypoint_confidence' instead.

 60%|██████    | 874/1451 [15:09<08:03,  1.19it/s]SupervisionWarnings: 'KeyPoints.confidence' is deprecated since 0.29.0 and will be removed in 0.32.0. Use 'KeyPoints.keypoint_confidence' instead.
SupervisionWarnings: 'KeyPoints.confidence' is deprecated since 0.29.0 and will be removed in 0.32.0. Use 'KeyPoints.keypoint_confidence' instead.
SupervisionWarnings: 'KeyPoints.confidence' is deprecated since 0.29.0 and will be removed in 0.32.0. Use 'KeyPoints.keypoint_confidence' instead.
SupervisionWarnings: 'KeyPoints.confidence' is deprecated since 0.29.0 and will be removed in 0.32.0. Use 'KeyPoints.keypoint_confidence' instead.

 60%|██████    | 875/1451 [15:10<09:09,  1.05it/s]SupervisionWarnings: 'KeyPoints.confidence' is deprecated since 0.29.0 and will be removed in 0.32.0. Use 'KeyPoints.keypoint_confidence' instead.
SupervisionWarnings: 'KeyPoints.confidence' is deprecated since 0.29.0 and will be removed in 0.32.0. Use 'KeyPoints.keypoint_confidence' instead.
SupervisionWarnings: 'KeyPoints.confidence' is deprecated since 0.29.0 and will be removed in 0.32.0. Use 'KeyPoints.keypoint_confidence' instead.
SupervisionWarnings: 'KeyPoints.confidence' is deprecated since 0.29.0 and will be removed in 0.32.0. Use 'KeyPoints.keypoint_confidence' instead.

 60%|██████    | 876/1451 [15:12<09:56,  1.04s/it]SupervisionWarnings: 'KeyPoints.confidence' is deprecated since 0.29.0 and will be removed in 0.32.0. Use 'KeyPoints.keypoint_confidence' instead.
SupervisionWarnings: 'KeyPoints.confidence' is deprecated since 0.29.0 and will be removed in 0.32.0. Use 'KeyPoints.keypoint_confidence' instead.
SupervisionWarnings: 'KeyPoints.confidence' is deprecated since 0.29.0 and will be removed in 0.32.0. Use 'KeyPoints.keypoint_confidence' instead.
SupervisionWarnings: 'KeyPoints.confidence' is deprecated since 0.29.0 and will be removed in 0.32.0. Use 'KeyPoints.keypoint_confidence' instead.

 60%|██████    | 877/1451 [15:13<10:33,  1.10s/it]SupervisionWarnings: 'KeyPoints.confidence' is deprecated since 0.29.0 and will be removed in 0.32.0. Use 'KeyPoints.keypoint_confidence' instead.
SupervisionWarnings: 'KeyPoints.confidence' is deprecated since 0.29.0 and will be removed in 0.32.0. Use 'KeyPoints.keypoint_confidence' instead.
SupervisionWarnings: 'KeyPoints.confidence' is deprecated since 0.29.0 and will be removed in 0.32.0. Use 'KeyPoints.keypoint_confidence' instead.
SupervisionWarnings: 'KeyPoints.confidence' is deprecated since 0.29.0 and will be removed in 0.32.0. Use 'KeyPoints.keypoint_confidence' instead.

 61%|██████    | 878/1451 [15:14<09:40,  1.01s/it]SupervisionWarnings: 'KeyPoints.confidence' is deprecated since 0.29.0 and will be removed in 0.32.0. Use 'KeyPoints.keypoint_confidence' instead.
SupervisionWarnings: 'KeyPoints.confidence' is deprecated since 0.29.0 and will be removed in 0.32.0. Use 'KeyPoints.keypoint_confidence' instead.
SupervisionWarnings: 'KeyPoints.confidence' is deprecated since 0.29.0 and will be removed in 0.32.0. Use 'KeyPoints.keypoint_confidence' instead.
SupervisionWarnings: 'KeyPoints.confidence' is deprecated since 0.29.0 and will be removed in 0.32.0. Use 'KeyPoints.keypoint_confidence' instead.

 61%|██████    | 879/1451 [15:15<10:16,  1.08s/it]SupervisionWarnings: 'KeyPoints.confidence' is deprecated since 0.29.0 and will be removed in 0.32.0. Use 'KeyPoints.keypoint_confidence' instead.
SupervisionWarnings: 'KeyPoints.confidence' is deprecated since 0.29.0 and will be removed in 0.32.0. Use 'KeyPoints.keypoint_confidence' instead.
SupervisionWarnings: 'KeyPoints.confidence' is deprecated since 0.29.0 and will be removed in 0.32.0. Use 'KeyPoints.keypoint_confidence' instead.
SupervisionWarnings: 'KeyPoints.confidence' is deprecated since 0.29.0 and will be removed in 0.32.0. Use 'KeyPoints.keypoint_confidence' instead.

 61%|██████    | 880/1451 [15:16<10:56,  1.15s/it]SupervisionWarnings: 'KeyPoints.confidence' is deprecated since 0.29.0 and will be removed in 0.32.0. Use 'KeyPoints.keypoint_confidence' instead.
SupervisionWarnings: 'KeyPoints.confidence' is deprecated since 0.29.0 and will be removed in 0.32.0. Use 'KeyPoints.keypoint_confidence' instead.
SupervisionWarnings: 'KeyPoints.confidence' is deprecated since 0.29.0 and will be removed in 0.32.0. Use 'KeyPoints.keypoint_confidence' instead.
SupervisionWarnings: 'KeyPoints.confidence' is deprecated since 0.29.0 and will be removed in 0.32.0. Use 'KeyPoints.keypoint_confidence' instead.

 61%|██████    | 881/1451 [15:18<12:03,  1.27s/it]SupervisionWarnings: 'KeyPoints.confidence' is deprecated since 0.29.0 and will be removed in 0.32.0. Use 'KeyPoints.keypoint_confidence' instead.
SupervisionWarnings: 'KeyPoints.confidence' is deprecated since 0.29.0 and will be removed in 0.32.0. Use 'KeyPoints.keypoint_confidence' instead.
SupervisionWarnings: 'KeyPoints.confidence' is deprecated since 0.29.0 and will be removed in 0.32.0. Use 'KeyPoints.keypoint_confidence' instead.
SupervisionWarnings: 'KeyPoints.confidence' is deprecated since 0.29.0 and will be removed in 0.32.0. Use 'KeyPoints.keypoint_confidence' instead.

 61%|██████    | 882/1451 [15:19<12:16,  1.29s/it]SupervisionWarnings: 'KeyPoints.confidence' is deprecated since 0.29.0 and will be removed in 0.32.0. Use 'KeyPoints.keypoint_confidence' instead.
SupervisionWarnings: 'KeyPoints.confidence' is deprecated since 0.29.0 and will be removed in 0.32.0. Use 'KeyPoints.keypoint_confidence' instead.
SupervisionWarnings: 'KeyPoints.confidence' is deprecated since 0.29.0 and will be removed in 0.32.0. Use 'KeyPoints.keypoint_confidence' instead.
SupervisionWarnings: 'KeyPoints.confidence' is deprecated since 0.29.0 and will be removed in 0.32.0. Use 'KeyPoints.keypoint_confidence' instead.

 61%|██████    | 883/1451 [15:20<12:01,  1.27s/it]SupervisionWarnings: 'KeyPoints.confidence' is deprecated since 0.29.0 and will be removed in 0.32.0. Use 'KeyPoints.keypoint_confidence' instead.
SupervisionWarnings: 'KeyPoints.confidence' is deprecated since 0.29.0 and will be removed in 0.32.0. Use 'KeyPoints.keypoint_confidence' instead.
SupervisionWarnings: 'KeyPoints.confidence' is deprecated since 0.29.0 and will be removed in 0.32.0. Use 'KeyPoints.keypoint_confidence' instead.
SupervisionWarnings: 'KeyPoints.confidence' is deprecated since 0.29.0 and will be removed in 0.32.0. Use 'KeyPoints.keypoint_confidence' instead.

 61%|██████    | 884/1451 [15:22<11:50,  1.25s/it]SupervisionWarnings: 'KeyPoints.confidence' is deprecated since 0.29.0 and will be removed in 0.32.0. Use 'KeyPoints.keypoint_confidence' instead.
SupervisionWarnings: 'KeyPoints.confidence' is deprecated since 0.29.0 and will be removed in 0.32.0. Use 'KeyPoints.keypoint_confidence' instead.
SupervisionWarnings: 'KeyPoints.confidence' is deprecated since 0.29.0 and will be removed in 0.32.0. Use 'KeyPoints.keypoint_confidence' instead.
SupervisionWarnings: 'KeyPoints.confidence' is deprecated since 0.29.0 and will be removed in 0.32.0. Use 'KeyPoints.keypoint_confidence' instead.

 61%|██████    | 885/1451 [15:23<11:45,  1.25s/it]SupervisionWarnings: 'KeyPoints.confidence' is deprecated since 0.29.0 and will be removed in 0.32.0. Use 'KeyPoints.keypoint_confidence' instead.
SupervisionWarnings: 'KeyPoints.confidence' is deprecated since 0.29.0 and will be removed in 0.32.0. Use 'KeyPoints.keypoint_confidence' instead.
SupervisionWarnings: 'KeyPoints.confidence' is deprecated since 0.29.0 and will be removed in 0.32.0. Use 'KeyPoints.keypoint_confidence' instead.
SupervisionWarnings: 'KeyPoints.confidence' is deprecated since 0.29.0 and will be removed in 0.32.0. Use 'KeyPoints.keypoint_confidence' instead.

 61%|██████    | 886/1451 [15:24<10:31,  1.12s/it]SupervisionWarnings: 'KeyPoints.confidence' is deprecated since 0.29.0 and will be removed in 0.32.0. Use 'KeyPoints.keypoint_confidence' instead.
SupervisionWarnings: 'KeyPoints.confidence' is deprecated since 0.29.0 and will be removed in 0.32.0. Use 'KeyPoints.keypoint_confidence' instead.
SupervisionWarnings: 'KeyPoints.confidence' is deprecated since 0.29.0 and will be removed in 0.32.0. Use 'KeyPoints.keypoint_confidence' instead.
SupervisionWarnings: 'KeyPoints.confidence' is deprecated since 0.29.0 and will be removed in 0.32.0. Use 'KeyPoints.keypoint_confidence' instead.

 61%|██████    | 887/1451 [15:25<10:45,  1.14s/it]SupervisionWarnings: 'KeyPoints.confidence' is deprecated since 0.29.0 and will be removed in 0.32.0. Use 'KeyPoints.keypoint_confidence' instead.
SupervisionWarnings: 'KeyPoints.confidence' is deprecated since 0.29.0 and will be removed in 0.32.0. Use 'KeyPoints.keypoint_confidence' instead.
SupervisionWarnings: 'KeyPoints.confidence' is deprecated since 0.29.0 and will be removed in 0.32.0. Use 'KeyPoints.keypoint_confidence' instead.
SupervisionWarnings: 'KeyPoints.confidence' is deprecated since 0.29.0 and will be removed in 0.32.0. Use 'KeyPoints.keypoint_confidence' instead.

 61%|██████    | 888/1451 [15:26<10:57,  1.17s/it]SupervisionWarnings: 'KeyPoints.confidence' is deprecated since 0.29.0 and will be removed in 0.32.0. Use 'KeyPoints.keypoint_confidence' instead.
SupervisionWarnings: 'KeyPoints.confidence' is deprecated since 0.29.0 and will be removed in 0.32.0. Use 'KeyPoints.keypoint_confidence' instead.
SupervisionWarnings: 'KeyPoints.confidence' is deprecated since 0.29.0 and will be removed in 0.32.0. Use 'KeyPoints.keypoint_confidence' instead.
SupervisionWarnings: 'KeyPoints.confidence' is deprecated since 0.29.0 and will be removed in 0.32.0. Use 'KeyPoints.keypoint_confidence' instead.

 61%|██████▏   | 889/1451 [15:27<09:56,  1.06s/it]SupervisionWarnings: 'KeyPoints.confidence' is deprecated since 0.29.0 and will be removed in 0.32.0. Use 'KeyPoints.keypoint_confidence' instead.
SupervisionWarnings: 'KeyPoints.confidence' is deprecated since 0.29.0 and will be removed in 0.32.0. Use 'KeyPoints.keypoint_confidence' instead.
SupervisionWarnings: 'KeyPoints.confidence' is deprecated since 0.29.0 and will be removed in 0.32.0. Use 'KeyPoints.keypoint_confidence' instead.
SupervisionWarnings: 'KeyPoints.confidence' is deprecated since 0.29.0 and will be removed in 0.32.0. Use 'KeyPoints.keypoint_confidence' instead.

 61%|██████▏   | 890/1451 [15:28<09:14,  1.01it/s]SupervisionWarnings: 'KeyPoints.confidence' is deprecated since 0.29.0 and will be removed in 0.32.0. Use 'KeyPoints.keypoint_confidence' instead.
SupervisionWarnings: 'KeyPoints.confidence' is deprecated since 0.29.0 and will be removed in 0.32.0. Use 'KeyPoints.keypoint_confidence' instead.
SupervisionWarnings: 'KeyPoints.confidence' is deprecated since 0.29.0 and will be removed in 0.32.0. Use 'KeyPoints.keypoint_confidence' instead.
SupervisionWarnings: 'KeyPoints.confidence' is deprecated since 0.29.0 and will be removed in 0.32.0. Use 'KeyPoints.keypoint_confidence' instead.

 61%|██████▏   | 891/1451 [15:29<10:11,  1.09s/it]SupervisionWarnings: 'KeyPoints.confidence' is deprecated since 0.29.0 and will be removed in 0.32.0. Use 'KeyPoints.keypoint_confidence' instead.
SupervisionWarnings: 'KeyPoints.confidence' is deprecated since 0.29.0 and will be removed in 0.32.0. Use 'KeyPoints.keypoint_confidence' instead.
SupervisionWarnings: 'KeyPoints.confidence' is deprecated since 0.29.0 and will be removed in 0.32.0. Use 'KeyPoints.keypoint_confidence' instead.
SupervisionWarnings: 'KeyPoints.confidence' is deprecated since 0.29.0 and will be removed in 0.32.0. Use 'KeyPoints.keypoint_confidence' instead.

 61%|██████▏   | 892/1451 [15:30<09:44,  1.05s/it]SupervisionWarnings: 'KeyPoints.confidence' is deprecated since 0.29.0 and will be removed in 0.32.0. Use 'KeyPoints.keypoint_confidence' instead.
SupervisionWarnings: 'KeyPoints.confidence' is deprecated since 0.29.0 and will be removed in 0.32.0. Use 'KeyPoints.keypoint_confidence' instead.
SupervisionWarnings: 'KeyPoints.confidence' is deprecated since 0.29.0 and will be removed in 0.32.0. Use 'KeyPoints.keypoint_confidence' instead.
SupervisionWarnings: 'KeyPoints.confidence' is deprecated since 0.29.0 and will be removed in 0.32.0. Use 'KeyPoints.keypoint_confidence' instead.

 62%|██████▏   | 893/1451 [15:31<10:52,  1.17s/it]SupervisionWarnings: 'KeyPoints.confidence' is deprecated since 0.29.0 and will be removed in 0.32.0. Use 'KeyPoints.keypoint_confidence' instead.
SupervisionWarnings: 'KeyPoints.confidence' is deprecated since 0.29.0 and will be removed in 0.32.0. Use 'KeyPoints.keypoint_confidence' instead.
SupervisionWarnings: 'KeyPoints.confidence' is deprecated since 0.29.0 and will be removed in 0.32.0. Use 'KeyPoints.keypoint_confidence' instead.
SupervisionWarnings: 'KeyPoints.confidence' is deprecated since 0.29.0 and will be removed in 0.32.0. Use 'KeyPoints.keypoint_confidence' instead.

 62%|██████▏   | 894/1451 [15:32<09:48,  1.06s/it]SupervisionWarnings: 'KeyPoints.confidence' is deprecated since 0.29.0 and will be removed in 0.32.0. Use 'KeyPoints.keypoint_confidence' instead.
SupervisionWarnings: 'KeyPoints.confidence' is deprecated since 0.29.0 and will be removed in 0.32.0. Use 'KeyPoints.keypoint_confidence' instead.
SupervisionWarnings: 'KeyPoints.confidence' is deprecated since 0.29.0 and will be removed in 0.32.0. Use 'KeyPoints.keypoint_confidence' instead.
SupervisionWarnings: 'KeyPoints.confidence' is deprecated since 0.29.0 and will be removed in 0.32.0. Use 'KeyPoints.keypoint_confidence' instead.

 62%|██████▏   | 895/1451 [15:33<10:27,  1.13s/it]SupervisionWarnings: 'KeyPoints.confidence' is deprecated since 0.29.0 and will be removed in 0.32.0. Use 'KeyPoints.keypoint_confidence' instead.
SupervisionWarnings: 'KeyPoints.confidence' is deprecated since 0.29.0 and will be removed in 0.32.0. Use 'KeyPoints.keypoint_confidence' instead.
SupervisionWarnings: 'KeyPoints.confidence' is deprecated since 0.29.0 and will be removed in 0.32.0. Use 'KeyPoints.keypoint_confidence' instead.
SupervisionWarnings: 'KeyPoints.confidence' is deprecated since 0.29.0 and will be removed in 0.32.0. Use 'KeyPoints.keypoint_confidence' instead.

 62%|██████▏   | 896/1451 [15:34<09:31,  1.03s/it]SupervisionWarnings: 'KeyPoints.confidence' is deprecated since 0.29.0 and will be removed in 0.32.0. Use 'KeyPoints.keypoint_confidence' instead.
SupervisionWarnings: 'KeyPoints.confidence' is deprecated since 0.29.0 and will be removed in 0.32.0. Use 'KeyPoints.keypoint_confidence' instead.
SupervisionWarnings: 'KeyPoints.confidence' is deprecated since 0.29.0 and will be removed in 0.32.0. Use 'KeyPoints.keypoint_confidence' instead.
SupervisionWarnings: 'KeyPoints.confidence' is deprecated since 0.29.0 and will be removed in 0.32.0. Use 'KeyPoints.keypoint_confidence' instead.

 62%|██████▏   | 897/1451 [15:35<08:55,  1.04it/s]SupervisionWarnings: 'KeyPoints.confidence' is deprecated since 0.29.0 and will be removed in 0.32.0. Use 'KeyPoints.keypoint_confidence' instead.
SupervisionWarnings: 'KeyPoints.confidence' is deprecated since 0.29.0 and will be removed in 0.32.0. Use 'KeyPoints.keypoint_confidence' instead.
SupervisionWarnings: 'KeyPoints.confidence' is deprecated since 0.29.0 and will be removed in 0.32.0. Use 'KeyPoints.keypoint_confidence' instead.
SupervisionWarnings: 'KeyPoints.confidence' is deprecated since 0.29.0 and will be removed in 0.32.0. Use 'KeyPoints.keypoint_confidence' instead.

 62%|██████▏   | 898/1451 [15:36<08:25,  1.09it/s]SupervisionWarnings: 'KeyPoints.confidence' is deprecated since 0.29.0 and will be removed in 0.32.0. Use 'KeyPoints.keypoint_confidence' instead.
SupervisionWarnings: 'KeyPoints.confidence' is deprecated since 0.29.0 and will be removed in 0.32.0. Use 'KeyPoints.keypoint_confidence' instead.
SupervisionWarnings: 'KeyPoints.confidence' is deprecated since 0.29.0 and will be removed in 0.32.0. Use 'KeyPoints.keypoint_confidence' instead.
SupervisionWarnings: 'KeyPoints.confidence' is deprecated since 0.29.0 and will be removed in 0.32.0. Use 'KeyPoints.keypoint_confidence' instead.

 62%|██████▏   | 899/1451 [15:37<08:05,  1.14it/s]SupervisionWarnings: 'KeyPoints.confidence' is deprecated since 0.29.0 and will be removed in 0.32.0. Use 'KeyPoints.keypoint_confidence' instead.
SupervisionWarnings: 'KeyPoints.confidence' is deprecated since 0.29.0 and will be removed in 0.32.0. Use 'KeyPoints.keypoint_confidence' instead.
SupervisionWarnings: 'KeyPoints.confidence' is deprecated since 0.29.0 and will be removed in 0.32.0. Use 'KeyPoints.keypoint_confidence' instead.
SupervisionWarnings: 'KeyPoints.confidence' is deprecated since 0.29.0 and will be removed in 0.32.0. Use 'KeyPoints.keypoint_confidence' instead.

 62%|██████▏   | 900/1451 [15:37<07:50,  1.17it/s]SupervisionWarnings: 'KeyPoints.confidence' is deprecated since 0.29.0 and will be removed in 0.32.0. Use 'KeyPoints.keypoint_confidence' instead.
SupervisionWarnings: 'KeyPoints.confidence' is deprecated since 0.29.0 and will be removed in 0.32.0. Use 'KeyPoints.keypoint_confidence' instead.
SupervisionWarnings: 'KeyPoints.confidence' is deprecated since 0.29.0 and will be removed in 0.32.0. Use 'KeyPoints.keypoint_confidence' instead.
SupervisionWarnings: 'KeyPoints.confidence' is deprecated since 0.29.0 and will be removed in 0.32.0. Use 'KeyPoints.keypoint_confidence' instead.

 62%|██████▏   | 901/1451 [15:39<08:52,  1.03it/s]SupervisionWarnings: 'KeyPoints.confidence' is deprecated since 0.29.0 and will be removed in 0.32.0. Use 'KeyPoints.keypoint_confidence' instead.
SupervisionWarnings: 'KeyPoints.confidence' is deprecated since 0.29.0 and will be removed in 0.32.0. Use 'KeyPoints.keypoint_confidence' instead.
SupervisionWarnings: 'KeyPoints.confidence' is deprecated since 0.29.0 and will be removed in 0.32.0. Use 'KeyPoints.keypoint_confidence' instead.
SupervisionWarnings: 'KeyPoints.confidence' is deprecated since 0.29.0 and will be removed in 0.32.0. Use 'KeyPoints.keypoint_confidence' instead.

 62%|██████▏   | 902/1451 [15:40<09:30,  1.04s/it]SupervisionWarnings: 'KeyPoints.confidence' is deprecated since 0.29.0 and will be removed in 0.32.0. Use 'KeyPoints.keypoint_confidence' instead.
SupervisionWarnings: 'KeyPoints.confidence' is deprecated since 0.29.0 and will be removed in 0.32.0. Use 'KeyPoints.keypoint_confidence' instead.
SupervisionWarnings: 'KeyPoints.confidence' is deprecated since 0.29.0 and will be removed in 0.32.0. Use 'KeyPoints.keypoint_confidence' instead.
SupervisionWarnings: 'KeyPoints.confidence' is deprecated since 0.29.0 and will be removed in 0.32.0. Use 'KeyPoints.keypoint_confidence' instead.

 62%|██████▏   | 903/1451 [15:41<08:52,  1.03it/s]SupervisionWarnings: 'KeyPoints.confidence' is deprecated since 0.29.0 and will be removed in 0.32.0. Use 'KeyPoints.keypoint_confidence' instead.
SupervisionWarnings: 'KeyPoints.confidence' is deprecated since 0.29.0 and will be removed in 0.32.0. Use 'KeyPoints.keypoint_confidence' instead.
SupervisionWarnings: 'KeyPoints.confidence' is deprecated since 0.29.0 and will be removed in 0.32.0. Use 'KeyPoints.keypoint_confidence' instead.
SupervisionWarnings: 'KeyPoints.confidence' is deprecated since 0.29.0 and will be removed in 0.32.0. Use 'KeyPoints.keypoint_confidence' instead.

 62%|██████▏   | 904/1451 [15:42<08:38,  1.06it/s]SupervisionWarnings: 'KeyPoints.confidence' is deprecated since 0.29.0 and will be removed in 0.32.0. Use 'KeyPoints.keypoint_confidence' instead.
SupervisionWarnings: 'KeyPoints.confidence' is deprecated since 0.29.0 and will be removed in 0.32.0. Use 'KeyPoints.keypoint_confidence' instead.
SupervisionWarnings: 'KeyPoints.confidence' is deprecated since 0.29.0 and will be removed in 0.32.0. Use 'KeyPoints.keypoint_confidence' instead.
SupervisionWarnings: 'KeyPoints.confidence' is deprecated since 0.29.0 and will be removed in 0.32.0. Use 'KeyPoints.keypoint_confidence' instead.

 62%|██████▏   | 905/1451 [15:43<09:00,  1.01it/s]SupervisionWarnings: 'KeyPoints.confidence' is deprecated since 0.29.0 and will be removed in 0.32.0. Use 'KeyPoints.keypoint_confidence' instead.
SupervisionWarnings: 'KeyPoints.confidence' is deprecated since 0.29.0 and will be removed in 0.32.0. Use 'KeyPoints.keypoint_confidence' instead.
SupervisionWarnings: 'KeyPoints.confidence' is deprecated since 0.29.0 and will be removed in 0.32.0. Use 'KeyPoints.keypoint_confidence' instead.
SupervisionWarnings: 'KeyPoints.confidence' is deprecated since 0.29.0 and will be removed in 0.32.0. Use 'KeyPoints.keypoint_confidence' instead.

 62%|██████▏   | 906/1451 [15:44<09:01,  1.01it/s]SupervisionWarnings: 'KeyPoints.confidence' is deprecated since 0.29.0 and will be removed in 0.32.0. Use 'KeyPoints.keypoint_confidence' instead.
SupervisionWarnings: 'KeyPoints.confidence' is deprecated since 0.29.0 and will be removed in 0.32.0. Use 'KeyPoints.keypoint_confidence' instead.
SupervisionWarnings: 'KeyPoints.confidence' is deprecated since 0.29.0 and will be removed in 0.32.0. Use 'KeyPoints.keypoint_confidence' instead.
SupervisionWarnings: 'KeyPoints.confidence' is deprecated since 0.29.0 and will be removed in 0.32.0. Use 'KeyPoints.keypoint_confidence' instead.

 63%|██████▎   | 907/1451 [15:45<10:07,  1.12s/it]SupervisionWarnings: 'KeyPoints.confidence' is deprecated since 0.29.0 and will be removed in 0.32.0. Use 'KeyPoints.keypoint_confidence' instead.
SupervisionWarnings: 'KeyPoints.confidence' is deprecated since 0.29.0 and will be removed in 0.32.0. Use 'KeyPoints.keypoint_confidence' instead.
SupervisionWarnings: 'KeyPoints.confidence' is deprecated since 0.29.0 and will be removed in 0.32.0. Use 'KeyPoints.keypoint_confidence' instead.
SupervisionWarnings: 'KeyPoints.confidence' is deprecated since 0.29.0 and will be removed in 0.32.0. Use 'KeyPoints.keypoint_confidence' instead.

 63%|██████▎   | 908/1451 [15:46<10:24,  1.15s/it]SupervisionWarnings: 'KeyPoints.confidence' is deprecated since 0.29.0 and will be removed in 0.32.0. Use 'KeyPoints.keypoint_confidence' instead.
SupervisionWarnings: 'KeyPoints.confidence' is deprecated since 0.29.0 and will be removed in 0.32.0. Use 'KeyPoints.keypoint_confidence' instead.
SupervisionWarnings: 'KeyPoints.confidence' is deprecated since 0.29.0 and will be removed in 0.32.0. Use 'KeyPoints.keypoint_confidence' instead.
SupervisionWarnings: 'KeyPoints.confidence' is deprecated since 0.29.0 and will be removed in 0.32.0. Use 'KeyPoints.keypoint_confidence' instead.

 63%|██████▎   | 909/1451 [15:48<10:37,  1.18s/it]SupervisionWarnings: 'KeyPoints.confidence' is deprecated since 0.29.0 and will be removed in 0.32.0. Use 'KeyPoints.keypoint_confidence' instead.
SupervisionWarnings: 'KeyPoints.confidence' is deprecated since 0.29.0 and will be removed in 0.32.0. Use 'KeyPoints.keypoint_confidence' instead.
SupervisionWarnings: 'KeyPoints.confidence' is deprecated since 0.29.0 and will be removed in 0.32.0. Use 'KeyPoints.keypoint_confidence' instead.
SupervisionWarnings: 'KeyPoints.confidence' is deprecated since 0.29.0 and will be removed in 0.32.0. Use 'KeyPoints.keypoint_confidence' instead.

 63%|██████▎   | 910/1451 [15:49<10:45,  1.19s/it]SupervisionWarnings: 'KeyPoints.confidence' is deprecated since 0.29.0 and will be removed in 0.32.0. Use 'KeyPoints.keypoint_confidence' instead.
SupervisionWarnings: 'KeyPoints.confidence' is deprecated since 0.29.0 and will be removed in 0.32.0. Use 'KeyPoints.keypoint_confidence' instead.
SupervisionWarnings: 'KeyPoints.confidence' is deprecated since 0.29.0 and will be removed in 0.32.0. Use 'KeyPoints.keypoint_confidence' instead.
SupervisionWarnings: 'KeyPoints.confidence' is deprecated since 0.29.0 and will be removed in 0.32.0. Use 'KeyPoints.keypoint_confidence' instead.

 63%|██████▎   | 911/1451 [15:50<10:44,  1.19s/it]SupervisionWarnings: 'KeyPoints.confidence' is deprecated since 0.29.0 and will be removed in 0.32.0. Use 'KeyPoints.keypoint_confidence' instead.
SupervisionWarnings: 'KeyPoints.confidence' is deprecated since 0.29.0 and will be removed in 0.32.0. Use 'KeyPoints.keypoint_confidence' instead.
SupervisionWarnings: 'KeyPoints.confidence' is deprecated since 0.29.0 and will be removed in 0.32.0. Use 'KeyPoints.keypoint_confidence' instead.
SupervisionWarnings: 'KeyPoints.confidence' is deprecated since 0.29.0 and will be removed in 0.32.0. Use 'KeyPoints.keypoint_confidence' instead.

 63%|██████▎   | 912/1451 [15:51<09:39,  1.08s/it]SupervisionWarnings: 'KeyPoints.confidence' is deprecated since 0.29.0 and will be removed in 0.32.0. Use 'KeyPoints.keypoint_confidence' instead.
SupervisionWarnings: 'KeyPoints.confidence' is deprecated since 0.29.0 and will be removed in 0.32.0. Use 'KeyPoints.keypoint_confidence' instead.
SupervisionWarnings: 'KeyPoints.confidence' is deprecated since 0.29.0 and will be removed in 0.32.0. Use 'KeyPoints.keypoint_confidence' instead.
SupervisionWarnings: 'KeyPoints.confidence' is deprecated since 0.29.0 and will be removed in 0.32.0. Use 'KeyPoints.keypoint_confidence' instead.

 63%|██████▎   | 913/1451 [15:52<10:04,  1.12s/it]SupervisionWarnings: 'KeyPoints.confidence' is deprecated since 0.29.0 and will be removed in 0.32.0. Use 'KeyPoints.keypoint_confidence' instead.
SupervisionWarnings: 'KeyPoints.confidence' is deprecated since 0.29.0 and will be removed in 0.32.0. Use 'KeyPoints.keypoint_confidence' instead.
SupervisionWarnings: 'KeyPoints.confidence' is deprecated since 0.29.0 and will be removed in 0.32.0. Use 'KeyPoints.keypoint_confidence' instead.
SupervisionWarnings: 'KeyPoints.confidence' is deprecated since 0.29.0 and will be removed in 0.32.0. Use 'KeyPoints.keypoint_confidence' instead.

 63%|██████▎   | 914/1451 [15:53<10:17,  1.15s/it]SupervisionWarnings: 'KeyPoints.confidence' is deprecated since 0.29.0 and will be removed in 0.32.0. Use 'KeyPoints.keypoint_confidence' instead.
SupervisionWarnings: 'KeyPoints.confidence' is deprecated since 0.29.0 and will be removed in 0.32.0. Use 'KeyPoints.keypoint_confidence' instead.
SupervisionWarnings: 'KeyPoints.confidence' is deprecated since 0.29.0 and will be removed in 0.32.0. Use 'KeyPoints.keypoint_confidence' instead.
SupervisionWarnings: 'KeyPoints.confidence' is deprecated since 0.29.0 and will be removed in 0.32.0. Use 'KeyPoints.keypoint_confidence' instead.

 63%|██████▎   | 915/1451 [15:54<09:24,  1.05s/it]SupervisionWarnings: 'KeyPoints.confidence' is deprecated since 0.29.0 and will be removed in 0.32.0. Use 'KeyPoints.keypoint_confidence' instead.
SupervisionWarnings: 'KeyPoints.confidence' is deprecated since 0.29.0 and will be removed in 0.32.0. Use 'KeyPoints.keypoint_confidence' instead.
SupervisionWarnings: 'KeyPoints.confidence' is deprecated since 0.29.0 and will be removed in 0.32.0. Use 'KeyPoints.keypoint_confidence' instead.
SupervisionWarnings: 'KeyPoints.confidence' is deprecated since 0.29.0 and will be removed in 0.32.0. Use 'KeyPoints.keypoint_confidence' instead.

 63%|██████▎   | 916/1451 [15:55<10:11,  1.14s/it]SupervisionWarnings: 'KeyPoints.confidence' is deprecated since 0.29.0 and will be removed in 0.32.0. Use 'KeyPoints.keypoint_confidence' instead.
SupervisionWarnings: 'KeyPoints.confidence' is deprecated since 0.29.0 and will be removed in 0.32.0. Use 'KeyPoints.keypoint_confidence' instead.
SupervisionWarnings: 'KeyPoints.confidence' is deprecated since 0.29.0 and will be removed in 0.32.0. Use 'KeyPoints.keypoint_confidence' instead.
SupervisionWarnings: 'KeyPoints.confidence' is deprecated since 0.29.0 and will be removed in 0.32.0. Use 'KeyPoints.keypoint_confidence' instead.

 63%|██████▎   | 917/1451 [15:56<09:36,  1.08s/it]SupervisionWarnings: 'KeyPoints.confidence' is deprecated since 0.29.0 and will be removed in 0.32.0. Use 'KeyPoints.keypoint_confidence' instead.
SupervisionWarnings: 'KeyPoints.confidence' is deprecated since 0.29.0 and will be removed in 0.32.0. Use 'KeyPoints.keypoint_confidence' instead.
SupervisionWarnings: 'KeyPoints.confidence' is deprecated since 0.29.0 and will be removed in 0.32.0. Use 'KeyPoints.keypoint_confidence' instead.
SupervisionWarnings: 'KeyPoints.confidence' is deprecated since 0.29.0 and will be removed in 0.32.0. Use 'KeyPoints.keypoint_confidence' instead.

 63%|██████▎   | 918/1451 [15:57<09:26,  1.06s/it]SupervisionWarnings: 'KeyPoints.confidence' is deprecated since 0.29.0 and will be removed in 0.32.0. Use 'KeyPoints.keypoint_confidence' instead.
SupervisionWarnings: 'KeyPoints.confidence' is deprecated since 0.29.0 and will be removed in 0.32.0. Use 'KeyPoints.keypoint_confidence' instead.
SupervisionWarnings: 'KeyPoints.confidence' is deprecated since 0.29.0 and will be removed in 0.32.0. Use 'KeyPoints.keypoint_confidence' instead.
SupervisionWarnings: 'KeyPoints.confidence' is deprecated since 0.29.0 and will be removed in 0.32.0. Use 'KeyPoints.keypoint_confidence' instead.

 63%|██████▎   | 919/1451 [15:58<08:42,  1.02it/s]SupervisionWarnings: 'KeyPoints.confidence' is deprecated since 0.29.0 and will be removed in 0.32.0. Use 'KeyPoints.keypoint_confidence' instead.
SupervisionWarnings: 'KeyPoints.confidence' is deprecated since 0.29.0 and will be removed in 0.32.0. Use 'KeyPoints.keypoint_confidence' instead.
SupervisionWarnings: 'KeyPoints.confidence' is deprecated since 0.29.0 and will be removed in 0.32.0. Use 'KeyPoints.keypoint_confidence' instead.
SupervisionWarnings: 'KeyPoints.confidence' is deprecated since 0.29.0 and will be removed in 0.32.0. Use 'KeyPoints.keypoint_confidence' instead.

 63%|██████▎   | 920/1451 [15:59<09:19,  1.05s/it]SupervisionWarnings: 'KeyPoints.confidence' is deprecated since 0.29.0 and will be removed in 0.32.0. Use 'KeyPoints.keypoint_confidence' instead.
SupervisionWarnings: 'KeyPoints.confidence' is deprecated since 0.29.0 and will be removed in 0.32.0. Use 'KeyPoints.keypoint_confidence' instead.
SupervisionWarnings: 'KeyPoints.confidence' is deprecated since 0.29.0 and will be removed in 0.32.0. Use 'KeyPoints.keypoint_confidence' instead.
SupervisionWarnings: 'KeyPoints.confidence' is deprecated since 0.29.0 and will be removed in 0.32.0. Use 'KeyPoints.keypoint_confidence' instead.

 63%|██████▎   | 921/1451 [16:00<08:37,  1.03it/s]SupervisionWarnings: 'KeyPoints.confidence' is deprecated since 0.29.0 and will be removed in 0.32.0. Use 'KeyPoints.keypoint_confidence' instead.
SupervisionWarnings: 'KeyPoints.confidence' is deprecated since 0.29.0 and will be removed in 0.32.0. Use 'KeyPoints.keypoint_confidence' instead.
SupervisionWarnings: 'KeyPoints.confidence' is deprecated since 0.29.0 and will be removed in 0.32.0. Use 'KeyPoints.keypoint_confidence' instead.
SupervisionWarnings: 'KeyPoints.confidence' is deprecated since 0.29.0 and will be removed in 0.32.0. Use 'KeyPoints.keypoint_confidence' instead.

 64%|██████▎   | 922/1451 [16:01<08:07,  1.08it/s]SupervisionWarnings: 'KeyPoints.confidence' is deprecated since 0.29.0 and will be removed in 0.32.0. Use 'KeyPoints.keypoint_confidence' instead.
SupervisionWarnings: 'KeyPoints.confidence' is deprecated since 0.29.0 and will be removed in 0.32.0. Use 'KeyPoints.keypoint_confidence' instead.
SupervisionWarnings: 'KeyPoints.confidence' is deprecated since 0.29.0 and will be removed in 0.32.0. Use 'KeyPoints.keypoint_confidence' instead.
SupervisionWarnings: 'KeyPoints.confidence' is deprecated since 0.29.0 and will be removed in 0.32.0. Use 'KeyPoints.keypoint_confidence' instead.

 64%|██████▎   | 923/1451 [16:02<07:43,  1.14it/s]SupervisionWarnings: 'KeyPoints.confidence' is deprecated since 0.29.0 and will be removed in 0.32.0. Use 'KeyPoints.keypoint_confidence' instead.
SupervisionWarnings: 'KeyPoints.confidence' is deprecated since 0.29.0 and will be removed in 0.32.0. Use 'KeyPoints.keypoint_confidence' instead.
SupervisionWarnings: 'KeyPoints.confidence' is deprecated since 0.29.0 and will be removed in 0.32.0. Use 'KeyPoints.keypoint_confidence' instead.
SupervisionWarnings: 'KeyPoints.confidence' is deprecated since 0.29.0 and will be removed in 0.32.0. Use 'KeyPoints.keypoint_confidence' instead.

 64%|██████▎   | 924/1451 [16:03<08:39,  1.01it/s]SupervisionWarnings: 'KeyPoints.confidence' is deprecated since 0.29.0 and will be removed in 0.32.0. Use 'KeyPoints.keypoint_confidence' instead.
SupervisionWarnings: 'KeyPoints.confidence' is deprecated since 0.29.0 and will be removed in 0.32.0. Use 'KeyPoints.keypoint_confidence' instead.
SupervisionWarnings: 'KeyPoints.confidence' is deprecated since 0.29.0 and will be removed in 0.32.0. Use 'KeyPoints.keypoint_confidence' instead.
SupervisionWarnings: 'KeyPoints.confidence' is deprecated since 0.29.0 and will be removed in 0.32.0. Use 'KeyPoints.keypoint_confidence' instead.

 64%|██████▎   | 925/1451 [16:04<09:16,  1.06s/it]SupervisionWarnings: 'KeyPoints.confidence' is deprecated since 0.29.0 and will be removed in 0.32.0. Use 'KeyPoints.keypoint_confidence' instead.
SupervisionWarnings: 'KeyPoints.confidence' is deprecated since 0.29.0 and will be removed in 0.32.0. Use 'KeyPoints.keypoint_confidence' instead.
SupervisionWarnings: 'KeyPoints.confidence' is deprecated since 0.29.0 and will be removed in 0.32.0. Use 'KeyPoints.keypoint_confidence' instead.
SupervisionWarnings: 'KeyPoints.confidence' is deprecated since 0.29.0 and will be removed in 0.32.0. Use 'KeyPoints.keypoint_confidence' instead.

 64%|██████▍   | 926/1451 [16:05<09:42,  1.11s/it]SupervisionWarnings: 'KeyPoints.confidence' is deprecated since 0.29.0 and will be removed in 0.32.0. Use 'KeyPoints.keypoint_confidence' instead.
SupervisionWarnings: 'KeyPoints.confidence' is deprecated since 0.29.0 and will be removed in 0.32.0. Use 'KeyPoints.keypoint_confidence' instead.
SupervisionWarnings: 'KeyPoints.confidence' is deprecated since 0.29.0 and will be removed in 0.32.0. Use 'KeyPoints.keypoint_confidence' instead.
SupervisionWarnings: 'KeyPoints.confidence' is deprecated since 0.29.0 and will be removed in 0.32.0. Use 'KeyPoints.keypoint_confidence' instead.

 64%|██████▍   | 927/1451 [16:07<09:52,  1.13s/it]SupervisionWarnings: 'KeyPoints.confidence' is deprecated since 0.29.0 and will be removed in 0.32.0. Use 'KeyPoints.keypoint_confidence' instead.
SupervisionWarnings: 'KeyPoints.confidence' is deprecated since 0.29.0 and will be removed in 0.32.0. Use 'KeyPoints.keypoint_confidence' instead.
SupervisionWarnings: 'KeyPoints.confidence' is deprecated since 0.29.0 and will be removed in 0.32.0. Use 'KeyPoints.keypoint_confidence' instead.
SupervisionWarnings: 'KeyPoints.confidence' is deprecated since 0.29.0 and will be removed in 0.32.0. Use 'KeyPoints.keypoint_confidence' instead.

 64%|██████▍   | 928/1451 [16:08<10:13,  1.17s/it]SupervisionWarnings: 'KeyPoints.confidence' is deprecated since 0.29.0 and will be removed in 0.32.0. Use 'KeyPoints.keypoint_confidence' instead.
SupervisionWarnings: 'KeyPoints.confidence' is deprecated since 0.29.0 and will be removed in 0.32.0. Use 'KeyPoints.keypoint_confidence' instead.
SupervisionWarnings: 'KeyPoints.confidence' is deprecated since 0.29.0 and will be removed in 0.32.0. Use 'KeyPoints.keypoint_confidence' instead.
SupervisionWarnings: 'KeyPoints.confidence' is deprecated since 0.29.0 and will be removed in 0.32.0. Use 'KeyPoints.keypoint_confidence' instead.

 64%|██████▍   | 929/1451 [16:09<10:57,  1.26s/it]SupervisionWarnings: 'KeyPoints.confidence' is deprecated since 0.29.0 and will be removed in 0.32.0. Use 'KeyPoints.keypoint_confidence' instead.
SupervisionWarnings: 'KeyPoints.confidence' is deprecated since 0.29.0 and will be removed in 0.32.0. Use 'KeyPoints.keypoint_confidence' instead.
SupervisionWarnings: 'KeyPoints.confidence' is deprecated since 0.29.0 and will be removed in 0.32.0. Use 'KeyPoints.keypoint_confidence' instead.
SupervisionWarnings: 'KeyPoints.confidence' is deprecated since 0.29.0 and will be removed in 0.32.0. Use 'KeyPoints.keypoint_confidence' instead.

 64%|██████▍   | 930/1451 [16:11<11:14,  1.29s/it]SupervisionWarnings: 'KeyPoints.confidence' is deprecated since 0.29.0 and will be removed in 0.32.0. Use 'KeyPoints.keypoint_confidence' instead.
SupervisionWarnings: 'KeyPoints.confidence' is deprecated since 0.29.0 and will be removed in 0.32.0. Use 'KeyPoints.keypoint_confidence' instead.
SupervisionWarnings: 'KeyPoints.confidence' is deprecated since 0.29.0 and will be removed in 0.32.0. Use 'KeyPoints.keypoint_confidence' instead.
SupervisionWarnings: 'KeyPoints.confidence' is deprecated since 0.29.0 and will be removed in 0.32.0. Use 'KeyPoints.keypoint_confidence' instead.

 64%|██████▍   | 931/1451 [16:12<11:00,  1.27s/it]SupervisionWarnings: 'KeyPoints.confidence' is deprecated since 0.29.0 and will be removed in 0.32.0. Use 'KeyPoints.keypoint_confidence' instead.
SupervisionWarnings: 'KeyPoints.confidence' is deprecated since 0.29.0 and will be removed in 0.32.0. Use 'KeyPoints.keypoint_confidence' instead.
SupervisionWarnings: 'KeyPoints.confidence' is deprecated since 0.29.0 and will be removed in 0.32.0. Use 'KeyPoints.keypoint_confidence' instead.
SupervisionWarnings: 'KeyPoints.confidence' is deprecated since 0.29.0 and will be removed in 0.32.0. Use 'KeyPoints.keypoint_confidence' instead.

 64%|██████▍   | 932/1451 [16:13<09:43,  1.13s/it]SupervisionWarnings: 'KeyPoints.confidence' is deprecated since 0.29.0 and will be removed in 0.32.0. Use 'KeyPoints.keypoint_confidence' instead.
SupervisionWarnings: 'KeyPoints.confidence' is deprecated since 0.29.0 and will be removed in 0.32.0. Use 'KeyPoints.keypoint_confidence' instead.
SupervisionWarnings: 'KeyPoints.confidence' is deprecated since 0.29.0 and will be removed in 0.32.0. Use 'KeyPoints.keypoint_confidence' instead.
SupervisionWarnings: 'KeyPoints.confidence' is deprecated since 0.29.0 and will be removed in 0.32.0. Use 'KeyPoints.keypoint_confidence' instead.

 64%|██████▍   | 933/1451 [16:14<08:54,  1.03s/it]SupervisionWarnings: 'KeyPoints.confidence' is deprecated since 0.29.0 and will be removed in 0.32.0. Use 'KeyPoints.keypoint_confidence' instead.
SupervisionWarnings: 'KeyPoints.confidence' is deprecated since 0.29.0 and will be removed in 0.32.0. Use 'KeyPoints.keypoint_confidence' instead.
SupervisionWarnings: 'KeyPoints.confidence' is deprecated since 0.29.0 and will be removed in 0.32.0. Use 'KeyPoints.keypoint_confidence' instead.
SupervisionWarnings: 'KeyPoints.confidence' is deprecated since 0.29.0 and will be removed in 0.32.0. Use 'KeyPoints.keypoint_confidence' instead.

 64%|██████▍   | 934/1451 [16:15<09:22,  1.09s/it]SupervisionWarnings: 'KeyPoints.confidence' is deprecated since 0.29.0 and will be removed in 0.32.0. Use 'KeyPoints.keypoint_confidence' instead.
SupervisionWarnings: 'KeyPoints.confidence' is deprecated since 0.29.0 and will be removed in 0.32.0. Use 'KeyPoints.keypoint_confidence' instead.
SupervisionWarnings: 'KeyPoints.confidence' is deprecated since 0.29.0 and will be removed in 0.32.0. Use 'KeyPoints.keypoint_confidence' instead.
SupervisionWarnings: 'KeyPoints.confidence' is deprecated since 0.29.0 and will be removed in 0.32.0. Use 'KeyPoints.keypoint_confidence' instead.

 64%|██████▍   | 935/1451 [16:16<08:37,  1.00s/it]SupervisionWarnings: 'KeyPoints.confidence' is deprecated since 0.29.0 and will be removed in 0.32.0. Use 'KeyPoints.keypoint_confidence' instead.
SupervisionWarnings: 'KeyPoints.confidence' is deprecated since 0.29.0 and will be removed in 0.32.0. Use 'KeyPoints.keypoint_confidence' instead.
SupervisionWarnings: 'KeyPoints.confidence' is deprecated since 0.29.0 and will be removed in 0.32.0. Use 'KeyPoints.keypoint_confidence' instead.
SupervisionWarnings: 'KeyPoints.confidence' is deprecated since 0.29.0 and will be removed in 0.32.0. Use 'KeyPoints.keypoint_confidence' instead.

 65%|██████▍   | 936/1451 [16:17<09:08,  1.06s/it]SupervisionWarnings: 'KeyPoints.confidence' is deprecated since 0.29.0 and will be removed in 0.32.0. Use 'KeyPoints.keypoint_confidence' instead.
SupervisionWarnings: 'KeyPoints.confidence' is deprecated since 0.29.0 and will be removed in 0.32.0. Use 'KeyPoints.keypoint_confidence' instead.
SupervisionWarnings: 'KeyPoints.confidence' is deprecated since 0.29.0 and will be removed in 0.32.0. Use 'KeyPoints.keypoint_confidence' instead.
SupervisionWarnings: 'KeyPoints.confidence' is deprecated since 0.29.0 and will be removed in 0.32.0. Use 'KeyPoints.keypoint_confidence' instead.

 65%|██████▍   | 937/1451 [16:18<08:27,  1.01it/s]SupervisionWarnings: 'KeyPoints.confidence' is deprecated since 0.29.0 and will be removed in 0.32.0. Use 'KeyPoints.keypoint_confidence' instead.
SupervisionWarnings: 'KeyPoints.confidence' is deprecated since 0.29.0 and will be removed in 0.32.0. Use 'KeyPoints.keypoint_confidence' instead.
SupervisionWarnings: 'KeyPoints.confidence' is deprecated since 0.29.0 and will be removed in 0.32.0. Use 'KeyPoints.keypoint_confidence' instead.
SupervisionWarnings: 'KeyPoints.confidence' is deprecated since 0.29.0 and will be removed in 0.32.0. Use 'KeyPoints.keypoint_confidence' instead.

 65%|██████▍   | 938/1451 [16:19<09:01,  1.06s/it]SupervisionWarnings: 'KeyPoints.confidence' is deprecated since 0.29.0 and will be removed in 0.32.0. Use 'KeyPoints.keypoint_confidence' instead.
SupervisionWarnings: 'KeyPoints.confidence' is deprecated since 0.29.0 and will be removed in 0.32.0. Use 'KeyPoints.keypoint_confidence' instead.
SupervisionWarnings: 'KeyPoints.confidence' is deprecated since 0.29.0 and will be removed in 0.32.0. Use 'KeyPoints.keypoint_confidence' instead.
SupervisionWarnings: 'KeyPoints.confidence' is deprecated since 0.29.0 and will be removed in 0.32.0. Use 'KeyPoints.keypoint_confidence' instead.

 65%|██████▍   | 939/1451 [16:20<08:19,  1.03it/s]SupervisionWarnings: 'KeyPoints.confidence' is deprecated since 0.29.0 and will be removed in 0.32.0. Use 'KeyPoints.keypoint_confidence' instead.
SupervisionWarnings: 'KeyPoints.confidence' is deprecated since 0.29.0 and will be removed in 0.32.0. Use 'KeyPoints.keypoint_confidence' instead.
SupervisionWarnings: 'KeyPoints.confidence' is deprecated since 0.29.0 and will be removed in 0.32.0. Use 'KeyPoints.keypoint_confidence' instead.
SupervisionWarnings: 'KeyPoints.confidence' is deprecated since 0.29.0 and will be removed in 0.32.0. Use 'KeyPoints.keypoint_confidence' instead.

 65%|██████▍   | 940/1451 [16:20<07:58,  1.07it/s]SupervisionWarnings: 'KeyPoints.confidence' is deprecated since 0.29.0 and will be removed in 0.32.0. Use 'KeyPoints.keypoint_confidence' instead.
SupervisionWarnings: 'KeyPoints.confidence' is deprecated since 0.29.0 and will be removed in 0.32.0. Use 'KeyPoints.keypoint_confidence' instead.
SupervisionWarnings: 'KeyPoints.confidence' is deprecated since 0.29.0 and will be removed in 0.32.0. Use 'KeyPoints.keypoint_confidence' instead.
SupervisionWarnings: 'KeyPoints.confidence' is deprecated since 0.29.0 and will be removed in 0.32.0. Use 'KeyPoints.keypoint_confidence' instead.

 65%|██████▍   | 941/1451 [16:22<09:13,  1.09s/it]SupervisionWarnings: 'KeyPoints.confidence' is deprecated since 0.29.0 and will be removed in 0.32.0. Use 'KeyPoints.keypoint_confidence' instead.
SupervisionWarnings: 'KeyPoints.confidence' is deprecated since 0.29.0 and will be removed in 0.32.0. Use 'KeyPoints.keypoint_confidence' instead.
SupervisionWarnings: 'KeyPoints.confidence' is deprecated since 0.29.0 and will be removed in 0.32.0. Use 'KeyPoints.keypoint_confidence' instead.
SupervisionWarnings: 'KeyPoints.confidence' is deprecated since 0.29.0 and will be removed in 0.32.0. Use 'KeyPoints.keypoint_confidence' instead.

 65%|██████▍   | 942/1451 [16:23<09:54,  1.17s/it]SupervisionWarnings: 'KeyPoints.confidence' is deprecated since 0.29.0 and will be removed in 0.32.0. Use 'KeyPoints.keypoint_confidence' instead.
SupervisionWarnings: 'KeyPoints.confidence' is deprecated since 0.29.0 and will be removed in 0.32.0. Use 'KeyPoints.keypoint_confidence' instead.
SupervisionWarnings: 'KeyPoints.confidence' is deprecated since 0.29.0 and will be removed in 0.32.0. Use 'KeyPoints.keypoint_confidence' instead.
SupervisionWarnings: 'KeyPoints.confidence' is deprecated since 0.29.0 and will be removed in 0.32.0. Use 'KeyPoints.keypoint_confidence' instead.

 65%|██████▍   | 943/1451 [16:24<09:59,  1.18s/it]SupervisionWarnings: 'KeyPoints.confidence' is deprecated since 0.29.0 and will be removed in 0.32.0. Use 'KeyPoints.keypoint_confidence' instead.
SupervisionWarnings: 'KeyPoints.confidence' is deprecated since 0.29.0 and will be removed in 0.32.0. Use 'KeyPoints.keypoint_confidence' instead.
SupervisionWarnings: 'KeyPoints.confidence' is deprecated since 0.29.0 and will be removed in 0.32.0. Use 'KeyPoints.keypoint_confidence' instead.
SupervisionWarnings: 'KeyPoints.confidence' is deprecated since 0.29.0 and will be removed in 0.32.0. Use 'KeyPoints.keypoint_confidence' instead.

 65%|██████▌   | 944/1451 [16:26<10:07,  1.20s/it]SupervisionWarnings: 'KeyPoints.confidence' is deprecated since 0.29.0 and will be removed in 0.32.0. Use 'KeyPoints.keypoint_confidence' instead.
SupervisionWarnings: 'KeyPoints.confidence' is deprecated since 0.29.0 and will be removed in 0.32.0. Use 'KeyPoints.keypoint_confidence' instead.
SupervisionWarnings: 'KeyPoints.confidence' is deprecated since 0.29.0 and will be removed in 0.32.0. Use 'KeyPoints.keypoint_confidence' instead.
SupervisionWarnings: 'KeyPoints.confidence' is deprecated since 0.29.0 and will be removed in 0.32.0. Use 'KeyPoints.keypoint_confidence' instead.

 65%|██████▌   | 945/1451 [16:27<10:08,  1.20s/it]SupervisionWarnings: 'KeyPoints.confidence' is deprecated since 0.29.0 and will be removed in 0.32.0. Use 'KeyPoints.keypoint_confidence' instead.
SupervisionWarnings: 'KeyPoints.confidence' is deprecated since 0.29.0 and will be removed in 0.32.0. Use 'KeyPoints.keypoint_confidence' instead.
SupervisionWarnings: 'KeyPoints.confidence' is deprecated since 0.29.0 and will be removed in 0.32.0. Use 'KeyPoints.keypoint_confidence' instead.
SupervisionWarnings: 'KeyPoints.confidence' is deprecated since 0.29.0 and will be removed in 0.32.0. Use 'KeyPoints.keypoint_confidence' instead.

 65%|██████▌   | 946/1451 [16:28<10:15,  1.22s/it]SupervisionWarnings: 'KeyPoints.confidence' is deprecated since 0.29.0 and will be removed in 0.32.0. Use 'KeyPoints.keypoint_confidence' instead.
SupervisionWarnings: 'KeyPoints.confidence' is deprecated since 0.29.0 and will be removed in 0.32.0. Use 'KeyPoints.keypoint_confidence' instead.
SupervisionWarnings: 'KeyPoints.confidence' is deprecated since 0.29.0 and will be removed in 0.32.0. Use 'KeyPoints.keypoint_confidence' instead.
SupervisionWarnings: 'KeyPoints.confidence' is deprecated since 0.29.0 and will be removed in 0.32.0. Use 'KeyPoints.keypoint_confidence' instead.

 65%|██████▌   | 947/1451 [16:29<10:11,  1.21s/it]SupervisionWarnings: 'KeyPoints.confidence' is deprecated since 0.29.0 and will be removed in 0.32.0. Use 'KeyPoints.keypoint_confidence' instead.
SupervisionWarnings: 'KeyPoints.confidence' is deprecated since 0.29.0 and will be removed in 0.32.0. Use 'KeyPoints.keypoint_confidence' instead.
SupervisionWarnings: 'KeyPoints.confidence' is deprecated since 0.29.0 and will be removed in 0.32.0. Use 'KeyPoints.keypoint_confidence' instead.
SupervisionWarnings: 'KeyPoints.confidence' is deprecated since 0.29.0 and will be removed in 0.32.0. Use 'KeyPoints.keypoint_confidence' instead.

 65%|██████▌   | 948/1451 [16:30<09:06,  1.09s/it]SupervisionWarnings: 'KeyPoints.confidence' is deprecated since 0.29.0 and will be removed in 0.32.0. Use 'KeyPoints.keypoint_confidence' instead.
SupervisionWarnings: 'KeyPoints.confidence' is deprecated since 0.29.0 and will be removed in 0.32.0. Use 'KeyPoints.keypoint_confidence' instead.
SupervisionWarnings: 'KeyPoints.confidence' is deprecated since 0.29.0 and will be removed in 0.32.0. Use 'KeyPoints.keypoint_confidence' instead.
SupervisionWarnings: 'KeyPoints.confidence' is deprecated since 0.29.0 and will be removed in 0.32.0. Use 'KeyPoints.keypoint_confidence' instead.

 65%|██████▌   | 949/1451 [16:31<08:21,  1.00it/s]SupervisionWarnings: 'KeyPoints.confidence' is deprecated since 0.29.0 and will be removed in 0.32.0. Use 'KeyPoints.keypoint_confidence' instead.
SupervisionWarnings: 'KeyPoints.confidence' is deprecated since 0.29.0 and will be removed in 0.32.0. Use 'KeyPoints.keypoint_confidence' instead.
SupervisionWarnings: 'KeyPoints.confidence' is deprecated since 0.29.0 and will be removed in 0.32.0. Use 'KeyPoints.keypoint_confidence' instead.
SupervisionWarnings: 'KeyPoints.confidence' is deprecated since 0.29.0 and will be removed in 0.32.0. Use 'KeyPoints.keypoint_confidence' instead.

 65%|██████▌   | 950/1451 [16:32<07:47,  1.07it/s]SupervisionWarnings: 'KeyPoints.confidence' is deprecated since 0.29.0 and will be removed in 0.32.0. Use 'KeyPoints.keypoint_confidence' instead.
SupervisionWarnings: 'KeyPoints.confidence' is deprecated since 0.29.0 and will be removed in 0.32.0. Use 'KeyPoints.keypoint_confidence' instead.
SupervisionWarnings: 'KeyPoints.confidence' is deprecated since 0.29.0 and will be removed in 0.32.0. Use 'KeyPoints.keypoint_confidence' instead.
SupervisionWarnings: 'KeyPoints.confidence' is deprecated since 0.29.0 and will be removed in 0.32.0. Use 'KeyPoints.keypoint_confidence' instead.

 66%|██████▌   | 951/1451 [16:33<07:29,  1.11it/s]SupervisionWarnings: 'KeyPoints.confidence' is deprecated since 0.29.0 and will be removed in 0.32.0. Use 'KeyPoints.keypoint_confidence' instead.
SupervisionWarnings: 'KeyPoints.confidence' is deprecated since 0.29.0 and will be removed in 0.32.0. Use 'KeyPoints.keypoint_confidence' instead.
SupervisionWarnings: 'KeyPoints.confidence' is deprecated since 0.29.0 and will be removed in 0.32.0. Use 'KeyPoints.keypoint_confidence' instead.
SupervisionWarnings: 'KeyPoints.confidence' is deprecated since 0.29.0 and will be removed in 0.32.0. Use 'KeyPoints.keypoint_confidence' instead.

 66%|██████▌   | 952/1451 [16:33<07:24,  1.12it/s]SupervisionWarnings: 'KeyPoints.confidence' is deprecated since 0.29.0 and will be removed in 0.32.0. Use 'KeyPoints.keypoint_confidence' instead.
SupervisionWarnings: 'KeyPoints.confidence' is deprecated since 0.29.0 and will be removed in 0.32.0. Use 'KeyPoints.keypoint_confidence' instead.
SupervisionWarnings: 'KeyPoints.confidence' is deprecated since 0.29.0 and will be removed in 0.32.0. Use 'KeyPoints.keypoint_confidence' instead.
SupervisionWarnings: 'KeyPoints.confidence' is deprecated since 0.29.0 and will be removed in 0.32.0. Use 'KeyPoints.keypoint_confidence' instead.

 66%|██████▌   | 953/1451 [16:34<07:21,  1.13it/s]SupervisionWarnings: 'KeyPoints.confidence' is deprecated since 0.29.0 and will be removed in 0.32.0. Use 'KeyPoints.keypoint_confidence' instead.
SupervisionWarnings: 'KeyPoints.confidence' is deprecated since 0.29.0 and will be removed in 0.32.0. Use 'KeyPoints.keypoint_confidence' instead.
SupervisionWarnings: 'KeyPoints.confidence' is deprecated since 0.29.0 and will be removed in 0.32.0. Use 'KeyPoints.keypoint_confidence' instead.
SupervisionWarnings: 'KeyPoints.confidence' is deprecated since 0.29.0 and will be removed in 0.32.0. Use 'KeyPoints.keypoint_confidence' instead.

 66%|██████▌   | 954/1451 [16:35<07:42,  1.07it/s]SupervisionWarnings: 'KeyPoints.confidence' is deprecated since 0.29.0 and will be removed in 0.32.0. Use 'KeyPoints.keypoint_confidence' instead.
SupervisionWarnings: 'KeyPoints.confidence' is deprecated since 0.29.0 and will be removed in 0.32.0. Use 'KeyPoints.keypoint_confidence' instead.
SupervisionWarnings: 'KeyPoints.confidence' is deprecated since 0.29.0 and will be removed in 0.32.0. Use 'KeyPoints.keypoint_confidence' instead.
SupervisionWarnings: 'KeyPoints.confidence' is deprecated since 0.29.0 and will be removed in 0.32.0. Use 'KeyPoints.keypoint_confidence' instead.

 66%|██████▌   | 955/1451 [16:37<08:47,  1.06s/it]SupervisionWarnings: 'KeyPoints.confidence' is deprecated since 0.29.0 and will be removed in 0.32.0. Use 'KeyPoints.keypoint_confidence' instead.
SupervisionWarnings: 'KeyPoints.confidence' is deprecated since 0.29.0 and will be removed in 0.32.0. Use 'KeyPoints.keypoint_confidence' instead.
SupervisionWarnings: 'KeyPoints.confidence' is deprecated since 0.29.0 and will be removed in 0.32.0. Use 'KeyPoints.keypoint_confidence' instead.
SupervisionWarnings: 'KeyPoints.confidence' is deprecated since 0.29.0 and will be removed in 0.32.0. Use 'KeyPoints.keypoint_confidence' instead.

 66%|██████▌   | 956/1451 [16:37<08:09,  1.01it/s]SupervisionWarnings: 'KeyPoints.confidence' is deprecated since 0.29.0 and will be removed in 0.32.0. Use 'KeyPoints.keypoint_confidence' instead.
SupervisionWarnings: 'KeyPoints.confidence' is deprecated since 0.29.0 and will be removed in 0.32.0. Use 'KeyPoints.keypoint_confidence' instead.
SupervisionWarnings: 'KeyPoints.confidence' is deprecated since 0.29.0 and will be removed in 0.32.0. Use 'KeyPoints.keypoint_confidence' instead.
SupervisionWarnings: 'KeyPoints.confidence' is deprecated since 0.29.0 and will be removed in 0.32.0. Use 'KeyPoints.keypoint_confidence' instead.

 66%|██████▌   | 957/1451 [16:38<07:42,  1.07it/s]SupervisionWarnings: 'KeyPoints.confidence' is deprecated since 0.29.0 and will be removed in 0.32.0. Use 'KeyPoints.keypoint_confidence' instead.
SupervisionWarnings: 'KeyPoints.confidence' is deprecated since 0.29.0 and will be removed in 0.32.0. Use 'KeyPoints.keypoint_confidence' instead.
SupervisionWarnings: 'KeyPoints.confidence' is deprecated since 0.29.0 and will be removed in 0.32.0. Use 'KeyPoints.keypoint_confidence' instead.
SupervisionWarnings: 'KeyPoints.confidence' is deprecated since 0.29.0 and will be removed in 0.32.0. Use 'KeyPoints.keypoint_confidence' instead.

 66%|██████▌   | 958/1451 [16:39<07:20,  1.12it/s]SupervisionWarnings: 'KeyPoints.confidence' is deprecated since 0.29.0 and will be removed in 0.32.0. Use 'KeyPoints.keypoint_confidence' instead.
SupervisionWarnings: 'KeyPoints.confidence' is deprecated since 0.29.0 and will be removed in 0.32.0. Use 'KeyPoints.keypoint_confidence' instead.
SupervisionWarnings: 'KeyPoints.confidence' is deprecated since 0.29.0 and will be removed in 0.32.0. Use 'KeyPoints.keypoint_confidence' instead.
SupervisionWarnings: 'KeyPoints.confidence' is deprecated since 0.29.0 and will be removed in 0.32.0. Use 'KeyPoints.keypoint_confidence' instead.

 66%|██████▌   | 959/1451 [16:40<07:07,  1.15it/s]SupervisionWarnings: 'KeyPoints.confidence' is deprecated since 0.29.0 and will be removed in 0.32.0. Use 'KeyPoints.keypoint_confidence' instead.
SupervisionWarnings: 'KeyPoints.confidence' is deprecated since 0.29.0 and will be removed in 0.32.0. Use 'KeyPoints.keypoint_confidence' instead.
SupervisionWarnings: 'KeyPoints.confidence' is deprecated since 0.29.0 and will be removed in 0.32.0. Use 'KeyPoints.keypoint_confidence' instead.
SupervisionWarnings: 'KeyPoints.confidence' is deprecated since 0.29.0 and will be removed in 0.32.0. Use 'KeyPoints.keypoint_confidence' instead.

 66%|██████▌   | 960/1451 [16:41<06:56,  1.18it/s]SupervisionWarnings: 'KeyPoints.confidence' is deprecated since 0.29.0 and will be removed in 0.32.0. Use 'KeyPoints.keypoint_confidence' instead.
SupervisionWarnings: 'KeyPoints.confidence' is deprecated since 0.29.0 and will be removed in 0.32.0. Use 'KeyPoints.keypoint_confidence' instead.
SupervisionWarnings: 'KeyPoints.confidence' is deprecated since 0.29.0 and will be removed in 0.32.0. Use 'KeyPoints.keypoint_confidence' instead.
SupervisionWarnings: 'KeyPoints.confidence' is deprecated since 0.29.0 and will be removed in 0.32.0. Use 'KeyPoints.keypoint_confidence' instead.

 66%|██████▌   | 961/1451 [16:42<06:49,  1.20it/s]SupervisionWarnings: 'KeyPoints.confidence' is deprecated since 0.29.0 and will be removed in 0.32.0. Use 'KeyPoints.keypoint_confidence' instead.
SupervisionWarnings: 'KeyPoints.confidence' is deprecated since 0.29.0 and will be removed in 0.32.0. Use 'KeyPoints.keypoint_confidence' instead.
SupervisionWarnings: 'KeyPoints.confidence' is deprecated since 0.29.0 and will be removed in 0.32.0. Use 'KeyPoints.keypoint_confidence' instead.
SupervisionWarnings: 'KeyPoints.confidence' is deprecated since 0.29.0 and will be removed in 0.32.0. Use 'KeyPoints.keypoint_confidence' instead.

 66%|██████▋   | 962/1451 [16:43<07:46,  1.05it/s]SupervisionWarnings: 'KeyPoints.confidence' is deprecated since 0.29.0 and will be removed in 0.32.0. Use 'KeyPoints.keypoint_confidence' instead.
SupervisionWarnings: 'KeyPoints.confidence' is deprecated since 0.29.0 and will be removed in 0.32.0. Use 'KeyPoints.keypoint_confidence' instead.
SupervisionWarnings: 'KeyPoints.confidence' is deprecated since 0.29.0 and will be removed in 0.32.0. Use 'KeyPoints.keypoint_confidence' instead.
SupervisionWarnings: 'KeyPoints.confidence' is deprecated since 0.29.0 and will be removed in 0.32.0. Use 'KeyPoints.keypoint_confidence' instead.

 66%|██████▋   | 963/1451 [16:44<07:23,  1.10it/s]SupervisionWarnings: 'KeyPoints.confidence' is deprecated since 0.29.0 and will be removed in 0.32.0. Use 'KeyPoints.keypoint_confidence' instead.
SupervisionWarnings: 'KeyPoints.confidence' is deprecated since 0.29.0 and will be removed in 0.32.0. Use 'KeyPoints.keypoint_confidence' instead.
SupervisionWarnings: 'KeyPoints.confidence' is deprecated since 0.29.0 and will be removed in 0.32.0. Use 'KeyPoints.keypoint_confidence' instead.
SupervisionWarnings: 'KeyPoints.confidence' is deprecated since 0.29.0 and will be removed in 0.32.0. Use 'KeyPoints.keypoint_confidence' instead.

 66%|██████▋   | 964/1451 [16:44<07:09,  1.14it/s]SupervisionWarnings: 'KeyPoints.confidence' is deprecated since 0.29.0 and will be removed in 0.32.0. Use 'KeyPoints.keypoint_confidence' instead.
SupervisionWarnings: 'KeyPoints.confidence' is deprecated since 0.29.0 and will be removed in 0.32.0. Use 'KeyPoints.keypoint_confidence' instead.
SupervisionWarnings: 'KeyPoints.confidence' is deprecated since 0.29.0 and will be removed in 0.32.0. Use 'KeyPoints.keypoint_confidence' instead.
SupervisionWarnings: 'KeyPoints.confidence' is deprecated since 0.29.0 and will be removed in 0.32.0. Use 'KeyPoints.keypoint_confidence' instead.

 67%|██████▋   | 965/1451 [16:45<06:55,  1.17it/s]SupervisionWarnings: 'KeyPoints.confidence' is deprecated since 0.29.0 and will be removed in 0.32.0. Use 'KeyPoints.keypoint_confidence' instead.
SupervisionWarnings: 'KeyPoints.confidence' is deprecated since 0.29.0 and will be removed in 0.32.0. Use 'KeyPoints.keypoint_confidence' instead.
SupervisionWarnings: 'KeyPoints.confidence' is deprecated since 0.29.0 and will be removed in 0.32.0. Use 'KeyPoints.keypoint_confidence' instead.
SupervisionWarnings: 'KeyPoints.confidence' is deprecated since 0.29.0 and will be removed in 0.32.0. Use 'KeyPoints.keypoint_confidence' instead.

 67%|██████▋   | 966/1451 [16:46<06:50,  1.18it/s]SupervisionWarnings: 'KeyPoints.confidence' is deprecated since 0.29.0 and will be removed in 0.32.0. Use 'KeyPoints.keypoint_confidence' instead.
SupervisionWarnings: 'KeyPoints.confidence' is deprecated since 0.29.0 and will be removed in 0.32.0. Use 'KeyPoints.keypoint_confidence' instead.
SupervisionWarnings: 'KeyPoints.confidence' is deprecated since 0.29.0 and will be removed in 0.32.0. Use 'KeyPoints.keypoint_confidence' instead.
SupervisionWarnings: 'KeyPoints.confidence' is deprecated since 0.29.0 and will be removed in 0.32.0. Use 'KeyPoints.keypoint_confidence' instead.

 67%|██████▋   | 967/1451 [16:47<07:57,  1.01it/s]SupervisionWarnings: 'KeyPoints.confidence' is deprecated since 0.29.0 and will be removed in 0.32.0. Use 'KeyPoints.keypoint_confidence' instead.
SupervisionWarnings: 'KeyPoints.confidence' is deprecated since 0.29.0 and will be removed in 0.32.0. Use 'KeyPoints.keypoint_confidence' instead.
SupervisionWarnings: 'KeyPoints.confidence' is deprecated since 0.29.0 and will be removed in 0.32.0. Use 'KeyPoints.keypoint_confidence' instead.
SupervisionWarnings: 'KeyPoints.confidence' is deprecated since 0.29.0 and will be removed in 0.32.0. Use 'KeyPoints.keypoint_confidence' instead.

 67%|██████▋   | 968/1451 [16:49<08:57,  1.11s/it]SupervisionWarnings: 'KeyPoints.confidence' is deprecated since 0.29.0 and will be removed in 0.32.0. Use 'KeyPoints.keypoint_confidence' instead.
SupervisionWarnings: 'KeyPoints.confidence' is deprecated since 0.29.0 and will be removed in 0.32.0. Use 'KeyPoints.keypoint_confidence' instead.
SupervisionWarnings: 'KeyPoints.confidence' is deprecated since 0.29.0 and will be removed in 0.32.0. Use 'KeyPoints.keypoint_confidence' instead.
SupervisionWarnings: 'KeyPoints.confidence' is deprecated since 0.29.0 and will be removed in 0.32.0. Use 'KeyPoints.keypoint_confidence' instead.

 67%|██████▋   | 969/1451 [16:50<09:27,  1.18s/it]SupervisionWarnings: 'KeyPoints.confidence' is deprecated since 0.29.0 and will be removed in 0.32.0. Use 'KeyPoints.keypoint_confidence' instead.
SupervisionWarnings: 'KeyPoints.confidence' is deprecated since 0.29.0 and will be removed in 0.32.0. Use 'KeyPoints.keypoint_confidence' instead.
SupervisionWarnings: 'KeyPoints.confidence' is deprecated since 0.29.0 and will be removed in 0.32.0. Use 'KeyPoints.keypoint_confidence' instead.
SupervisionWarnings: 'KeyPoints.confidence' is deprecated since 0.29.0 and will be removed in 0.32.0. Use 'KeyPoints.keypoint_confidence' instead.

 67%|██████▋   | 970/1451 [16:51<09:33,  1.19s/it]SupervisionWarnings: 'KeyPoints.confidence' is deprecated since 0.29.0 and will be removed in 0.32.0. Use 'KeyPoints.keypoint_confidence' instead.
SupervisionWarnings: 'KeyPoints.confidence' is deprecated since 0.29.0 and will be removed in 0.32.0. Use 'KeyPoints.keypoint_confidence' instead.
SupervisionWarnings: 'KeyPoints.confidence' is deprecated since 0.29.0 and will be removed in 0.32.0. Use 'KeyPoints.keypoint_confidence' instead.
SupervisionWarnings: 'KeyPoints.confidence' is deprecated since 0.29.0 and will be removed in 0.32.0. Use 'KeyPoints.keypoint_confidence' instead.

 67%|██████▋   | 971/1451 [16:52<09:38,  1.20s/it]SupervisionWarnings: 'KeyPoints.confidence' is deprecated since 0.29.0 and will be removed in 0.32.0. Use 'KeyPoints.keypoint_confidence' instead.
SupervisionWarnings: 'KeyPoints.confidence' is deprecated since 0.29.0 and will be removed in 0.32.0. Use 'KeyPoints.keypoint_confidence' instead.
SupervisionWarnings: 'KeyPoints.confidence' is deprecated since 0.29.0 and will be removed in 0.32.0. Use 'KeyPoints.keypoint_confidence' instead.
SupervisionWarnings: 'KeyPoints.confidence' is deprecated since 0.29.0 and will be removed in 0.32.0. Use 'KeyPoints.keypoint_confidence' instead.

 67%|██████▋   | 972/1451 [16:54<09:39,  1.21s/it]SupervisionWarnings: 'KeyPoints.confidence' is deprecated since 0.29.0 and will be removed in 0.32.0. Use 'KeyPoints.keypoint_confidence' instead.
SupervisionWarnings: 'KeyPoints.confidence' is deprecated since 0.29.0 and will be removed in 0.32.0. Use 'KeyPoints.keypoint_confidence' instead.
SupervisionWarnings: 'KeyPoints.confidence' is deprecated since 0.29.0 and will be removed in 0.32.0. Use 'KeyPoints.keypoint_confidence' instead.
SupervisionWarnings: 'KeyPoints.confidence' is deprecated since 0.29.0 and will be removed in 0.32.0. Use 'KeyPoints.keypoint_confidence' instead.

 67%|██████▋   | 973/1451 [16:55<09:41,  1.22s/it]SupervisionWarnings: 'KeyPoints.confidence' is deprecated since 0.29.0 and will be removed in 0.32.0. Use 'KeyPoints.keypoint_confidence' instead.
SupervisionWarnings: 'KeyPoints.confidence' is deprecated since 0.29.0 and will be removed in 0.32.0. Use 'KeyPoints.keypoint_confidence' instead.
SupervisionWarnings: 'KeyPoints.confidence' is deprecated since 0.29.0 and will be removed in 0.32.0. Use 'KeyPoints.keypoint_confidence' instead.
SupervisionWarnings: 'KeyPoints.confidence' is deprecated since 0.29.0 and will be removed in 0.32.0. Use 'KeyPoints.keypoint_confidence' instead.

 67%|██████▋   | 974/1451 [16:56<09:40,  1.22s/it]SupervisionWarnings: 'KeyPoints.confidence' is deprecated since 0.29.0 and will be removed in 0.32.0. Use 'KeyPoints.keypoint_confidence' instead.
SupervisionWarnings: 'KeyPoints.confidence' is deprecated since 0.29.0 and will be removed in 0.32.0. Use 'KeyPoints.keypoint_confidence' instead.
SupervisionWarnings: 'KeyPoints.confidence' is deprecated since 0.29.0 and will be removed in 0.32.0. Use 'KeyPoints.keypoint_confidence' instead.
SupervisionWarnings: 'KeyPoints.confidence' is deprecated since 0.29.0 and will be removed in 0.32.0. Use 'KeyPoints.keypoint_confidence' instead.

 67%|██████▋   | 975/1451 [16:57<09:38,  1.22s/it]SupervisionWarnings: 'KeyPoints.confidence' is deprecated since 0.29.0 and will be removed in 0.32.0. Use 'KeyPoints.keypoint_confidence' instead.
SupervisionWarnings: 'KeyPoints.confidence' is deprecated since 0.29.0 and will be removed in 0.32.0. Use 'KeyPoints.keypoint_confidence' instead.
SupervisionWarnings: 'KeyPoints.confidence' is deprecated since 0.29.0 and will be removed in 0.32.0. Use 'KeyPoints.keypoint_confidence' instead.
SupervisionWarnings: 'KeyPoints.confidence' is deprecated since 0.29.0 and will be removed in 0.32.0. Use 'KeyPoints.keypoint_confidence' instead.

 67%|██████▋   | 976/1451 [16:59<09:41,  1.22s/it]SupervisionWarnings: 'KeyPoints.confidence' is deprecated since 0.29.0 and will be removed in 0.32.0. Use 'KeyPoints.keypoint_confidence' instead.
SupervisionWarnings: 'KeyPoints.confidence' is deprecated since 0.29.0 and will be removed in 0.32.0. Use 'KeyPoints.keypoint_confidence' instead.
SupervisionWarnings: 'KeyPoints.confidence' is deprecated since 0.29.0 and will be removed in 0.32.0. Use 'KeyPoints.keypoint_confidence' instead.
SupervisionWarnings: 'KeyPoints.confidence' is deprecated since 0.29.0 and will be removed in 0.32.0. Use 'KeyPoints.keypoint_confidence' instead.

 67%|██████▋   | 977/1451 [17:00<09:53,  1.25s/it]SupervisionWarnings: 'KeyPoints.confidence' is deprecated since 0.29.0 and will be removed in 0.32.0. Use 'KeyPoints.keypoint_confidence' instead.
SupervisionWarnings: 'KeyPoints.confidence' is deprecated since 0.29.0 and will be removed in 0.32.0. Use 'KeyPoints.keypoint_confidence' instead.
SupervisionWarnings: 'KeyPoints.confidence' is deprecated since 0.29.0 and will be removed in 0.32.0. Use 'KeyPoints.keypoint_confidence' instead.
SupervisionWarnings: 'KeyPoints.confidence' is deprecated since 0.29.0 and will be removed in 0.32.0. Use 'KeyPoints.keypoint_confidence' instead.

 67%|██████▋   | 978/1451 [17:01<10:08,  1.29s/it]SupervisionWarnings: 'KeyPoints.confidence' is deprecated since 0.29.0 and will be removed in 0.32.0. Use 'KeyPoints.keypoint_confidence' instead.
SupervisionWarnings: 'KeyPoints.confidence' is deprecated since 0.29.0 and will be removed in 0.32.0. Use 'KeyPoints.keypoint_confidence' instead.
SupervisionWarnings: 'KeyPoints.confidence' is deprecated since 0.29.0 and will be removed in 0.32.0. Use 'KeyPoints.keypoint_confidence' instead.
SupervisionWarnings: 'KeyPoints.confidence' is deprecated since 0.29.0 and will be removed in 0.32.0. Use 'KeyPoints.keypoint_confidence' instead.

 67%|██████▋   | 979/1451 [17:03<10:17,  1.31s/it]SupervisionWarnings: 'KeyPoints.confidence' is deprecated since 0.29.0 and will be removed in 0.32.0. Use 'KeyPoints.keypoint_confidence' instead.
SupervisionWarnings: 'KeyPoints.confidence' is deprecated since 0.29.0 and will be removed in 0.32.0. Use 'KeyPoints.keypoint_confidence' instead.
SupervisionWarnings: 'KeyPoints.confidence' is deprecated since 0.29.0 and will be removed in 0.32.0. Use 'KeyPoints.keypoint_confidence' instead.
SupervisionWarnings: 'KeyPoints.confidence' is deprecated since 0.29.0 and will be removed in 0.32.0. Use 'KeyPoints.keypoint_confidence' instead.

 68%|██████▊   | 980/1451 [17:03<09:02,  1.15s/it]SupervisionWarnings: 'KeyPoints.confidence' is deprecated since 0.29.0 and will be removed in 0.32.0. Use 'KeyPoints.keypoint_confidence' instead.
SupervisionWarnings: 'KeyPoints.confidence' is deprecated since 0.29.0 and will be removed in 0.32.0. Use 'KeyPoints.keypoint_confidence' instead.
SupervisionWarnings: 'KeyPoints.confidence' is deprecated since 0.29.0 and will be removed in 0.32.0. Use 'KeyPoints.keypoint_confidence' instead.
SupervisionWarnings: 'KeyPoints.confidence' is deprecated since 0.29.0 and will be removed in 0.32.0. Use 'KeyPoints.keypoint_confidence' instead.

 68%|██████▊   | 981/1451 [17:04<08:14,  1.05s/it]SupervisionWarnings: 'KeyPoints.confidence' is deprecated since 0.29.0 and will be removed in 0.32.0. Use 'KeyPoints.keypoint_confidence' instead.
SupervisionWarnings: 'KeyPoints.confidence' is deprecated since 0.29.0 and will be removed in 0.32.0. Use 'KeyPoints.keypoint_confidence' instead.
SupervisionWarnings: 'KeyPoints.confidence' is deprecated since 0.29.0 and will be removed in 0.32.0. Use 'KeyPoints.keypoint_confidence' instead.
SupervisionWarnings: 'KeyPoints.confidence' is deprecated since 0.29.0 and will be removed in 0.32.0. Use 'KeyPoints.keypoint_confidence' instead.

 68%|██████▊   | 982/1451 [17:05<07:37,  1.03it/s]SupervisionWarnings: 'KeyPoints.confidence' is deprecated since 0.29.0 and will be removed in 0.32.0. Use 'KeyPoints.keypoint_confidence' instead.
SupervisionWarnings: 'KeyPoints.confidence' is deprecated since 0.29.0 and will be removed in 0.32.0. Use 'KeyPoints.keypoint_confidence' instead.
SupervisionWarnings: 'KeyPoints.confidence' is deprecated since 0.29.0 and will be removed in 0.32.0. Use 'KeyPoints.keypoint_confidence' instead.
SupervisionWarnings: 'KeyPoints.confidence' is deprecated since 0.29.0 and will be removed in 0.32.0. Use 'KeyPoints.keypoint_confidence' instead.

 68%|██████▊   | 983/1451 [17:06<07:12,  1.08it/s]SupervisionWarnings: 'KeyPoints.confidence' is deprecated since 0.29.0 and will be removed in 0.32.0. Use 'KeyPoints.keypoint_confidence' instead.
SupervisionWarnings: 'KeyPoints.confidence' is deprecated since 0.29.0 and will be removed in 0.32.0. Use 'KeyPoints.keypoint_confidence' instead.
SupervisionWarnings: 'KeyPoints.confidence' is deprecated since 0.29.0 and will be removed in 0.32.0. Use 'KeyPoints.keypoint_confidence' instead.
SupervisionWarnings: 'KeyPoints.confidence' is deprecated since 0.29.0 and will be removed in 0.32.0. Use 'KeyPoints.keypoint_confidence' instead.

 68%|██████▊   | 984/1451 [17:07<06:58,  1.12it/s]SupervisionWarnings: 'KeyPoints.confidence' is deprecated since 0.29.0 and will be removed in 0.32.0. Use 'KeyPoints.keypoint_confidence' instead.
SupervisionWarnings: 'KeyPoints.confidence' is deprecated since 0.29.0 and will be removed in 0.32.0. Use 'KeyPoints.keypoint_confidence' instead.
SupervisionWarnings: 'KeyPoints.confidence' is deprecated since 0.29.0 and will be removed in 0.32.0. Use 'KeyPoints.keypoint_confidence' instead.
SupervisionWarnings: 'KeyPoints.confidence' is deprecated since 0.29.0 and will be removed in 0.32.0. Use 'KeyPoints.keypoint_confidence' instead.

 68%|██████▊   | 985/1451 [17:07<06:43,  1.15it/s]SupervisionWarnings: 'KeyPoints.confidence' is deprecated since 0.29.0 and will be removed in 0.32.0. Use 'KeyPoints.keypoint_confidence' instead.
SupervisionWarnings: 'KeyPoints.confidence' is deprecated since 0.29.0 and will be removed in 0.32.0. Use 'KeyPoints.keypoint_confidence' instead.
SupervisionWarnings: 'KeyPoints.confidence' is deprecated since 0.29.0 and will be removed in 0.32.0. Use 'KeyPoints.keypoint_confidence' instead.
SupervisionWarnings: 'KeyPoints.confidence' is deprecated since 0.29.0 and will be removed in 0.32.0. Use 'KeyPoints.keypoint_confidence' instead.

 68%|██████▊   | 986/1451 [17:09<07:32,  1.03it/s]SupervisionWarnings: 'KeyPoints.confidence' is deprecated since 0.29.0 and will be removed in 0.32.0. Use 'KeyPoints.keypoint_confidence' instead.
SupervisionWarnings: 'KeyPoints.confidence' is deprecated since 0.29.0 and will be removed in 0.32.0. Use 'KeyPoints.keypoint_confidence' instead.
SupervisionWarnings: 'KeyPoints.confidence' is deprecated since 0.29.0 and will be removed in 0.32.0. Use 'KeyPoints.keypoint_confidence' instead.
SupervisionWarnings: 'KeyPoints.confidence' is deprecated since 0.29.0 and will be removed in 0.32.0. Use 'KeyPoints.keypoint_confidence' instead.

 68%|██████▊   | 987/1451 [17:10<08:04,  1.04s/it]SupervisionWarnings: 'KeyPoints.confidence' is deprecated since 0.29.0 and will be removed in 0.32.0. Use 'KeyPoints.keypoint_confidence' instead.
SupervisionWarnings: 'KeyPoints.confidence' is deprecated since 0.29.0 and will be removed in 0.32.0. Use 'KeyPoints.keypoint_confidence' instead.
SupervisionWarnings: 'KeyPoints.confidence' is deprecated since 0.29.0 and will be removed in 0.32.0. Use 'KeyPoints.keypoint_confidence' instead.
SupervisionWarnings: 'KeyPoints.confidence' is deprecated since 0.29.0 and will be removed in 0.32.0. Use 'KeyPoints.keypoint_confidence' instead.

 68%|██████▊   | 988/1451 [17:11<08:26,  1.09s/it]SupervisionWarnings: 'KeyPoints.confidence' is deprecated since 0.29.0 and will be removed in 0.32.0. Use 'KeyPoints.keypoint_confidence' instead.
SupervisionWarnings: 'KeyPoints.confidence' is deprecated since 0.29.0 and will be removed in 0.32.0. Use 'KeyPoints.keypoint_confidence' instead.
SupervisionWarnings: 'KeyPoints.confidence' is deprecated since 0.29.0 and will be removed in 0.32.0. Use 'KeyPoints.keypoint_confidence' instead.
SupervisionWarnings: 'KeyPoints.confidence' is deprecated since 0.29.0 and will be removed in 0.32.0. Use 'KeyPoints.keypoint_confidence' instead.

 68%|██████▊   | 989/1451 [17:12<07:55,  1.03s/it]SupervisionWarnings: 'KeyPoints.confidence' is deprecated since 0.29.0 and will be removed in 0.32.0. Use 'KeyPoints.keypoint_confidence' instead.
SupervisionWarnings: 'KeyPoints.confidence' is deprecated since 0.29.0 and will be removed in 0.32.0. Use 'KeyPoints.keypoint_confidence' instead.
SupervisionWarnings: 'KeyPoints.confidence' is deprecated since 0.29.0 and will be removed in 0.32.0. Use 'KeyPoints.keypoint_confidence' instead.
SupervisionWarnings: 'KeyPoints.confidence' is deprecated since 0.29.0 and will be removed in 0.32.0. Use 'KeyPoints.keypoint_confidence' instead.

 68%|██████▊   | 990/1451 [17:13<07:45,  1.01s/it]SupervisionWarnings: 'KeyPoints.confidence' is deprecated since 0.29.0 and will be removed in 0.32.0. Use 'KeyPoints.keypoint_confidence' instead.
SupervisionWarnings: 'KeyPoints.confidence' is deprecated since 0.29.0 and will be removed in 0.32.0. Use 'KeyPoints.keypoint_confidence' instead.
SupervisionWarnings: 'KeyPoints.confidence' is deprecated since 0.29.0 and will be removed in 0.32.0. Use 'KeyPoints.keypoint_confidence' instead.
SupervisionWarnings: 'KeyPoints.confidence' is deprecated since 0.29.0 and will be removed in 0.32.0. Use 'KeyPoints.keypoint_confidence' instead.

 68%|██████▊   | 991/1451 [17:14<07:47,  1.02s/it]SupervisionWarnings: 'KeyPoints.confidence' is deprecated since 0.29.0 and will be removed in 0.32.0. Use 'KeyPoints.keypoint_confidence' instead.
SupervisionWarnings: 'KeyPoints.confidence' is deprecated since 0.29.0 and will be removed in 0.32.0. Use 'KeyPoints.keypoint_confidence' instead.
SupervisionWarnings: 'KeyPoints.confidence' is deprecated since 0.29.0 and will be removed in 0.32.0. Use 'KeyPoints.keypoint_confidence' instead.
SupervisionWarnings: 'KeyPoints.confidence' is deprecated since 0.29.0 and will be removed in 0.32.0. Use 'KeyPoints.keypoint_confidence' instead.

 68%|██████▊   | 992/1451 [17:15<07:39,  1.00s/it]SupervisionWarnings: 'KeyPoints.confidence' is deprecated since 0.29.0 and will be removed in 0.32.0. Use 'KeyPoints.keypoint_confidence' instead.
SupervisionWarnings: 'KeyPoints.confidence' is deprecated since 0.29.0 and will be removed in 0.32.0. Use 'KeyPoints.keypoint_confidence' instead.
SupervisionWarnings: 'KeyPoints.confidence' is deprecated since 0.29.0 and will be removed in 0.32.0. Use 'KeyPoints.keypoint_confidence' instead.
SupervisionWarnings: 'KeyPoints.confidence' is deprecated since 0.29.0 and will be removed in 0.32.0. Use 'KeyPoints.keypoint_confidence' instead.

 68%|██████▊   | 993/1451 [17:16<07:14,  1.05it/s]SupervisionWarnings: 'KeyPoints.confidence' is deprecated since 0.29.0 and will be removed in 0.32.0. Use 'KeyPoints.keypoint_confidence' instead.
SupervisionWarnings: 'KeyPoints.confidence' is deprecated since 0.29.0 and will be removed in 0.32.0. Use 'KeyPoints.keypoint_confidence' instead.
SupervisionWarnings: 'KeyPoints.confidence' is deprecated since 0.29.0 and will be removed in 0.32.0. Use 'KeyPoints.keypoint_confidence' instead.
SupervisionWarnings: 'KeyPoints.confidence' is deprecated since 0.29.0 and will be removed in 0.32.0. Use 'KeyPoints.keypoint_confidence' instead.

 69%|██████▊   | 994/1451 [17:17<06:53,  1.11it/s]SupervisionWarnings: 'KeyPoints.confidence' is deprecated since 0.29.0 and will be removed in 0.32.0. Use 'KeyPoints.keypoint_confidence' instead.
SupervisionWarnings: 'KeyPoints.confidence' is deprecated since 0.29.0 and will be removed in 0.32.0. Use 'KeyPoints.keypoint_confidence' instead.
SupervisionWarnings: 'KeyPoints.confidence' is deprecated since 0.29.0 and will be removed in 0.32.0. Use 'KeyPoints.keypoint_confidence' instead.
SupervisionWarnings: 'KeyPoints.confidence' is deprecated since 0.29.0 and will be removed in 0.32.0. Use 'KeyPoints.keypoint_confidence' instead.

 69%|██████▊   | 995/1451 [17:17<06:37,  1.15it/s]SupervisionWarnings: 'KeyPoints.confidence' is deprecated since 0.29.0 and will be removed in 0.32.0. Use 'KeyPoints.keypoint_confidence' instead.
SupervisionWarnings: 'KeyPoints.confidence' is deprecated since 0.29.0 and will be removed in 0.32.0. Use 'KeyPoints.keypoint_confidence' instead.
SupervisionWarnings: 'KeyPoints.confidence' is deprecated since 0.29.0 and will be removed in 0.32.0. Use 'KeyPoints.keypoint_confidence' instead.
SupervisionWarnings: 'KeyPoints.confidence' is deprecated since 0.29.0 and will be removed in 0.32.0. Use 'KeyPoints.keypoint_confidence' instead.

 69%|██████▊   | 996/1451 [17:18<06:30,  1.17it/s]SupervisionWarnings: 'KeyPoints.confidence' is deprecated since 0.29.0 and will be removed in 0.32.0. Use 'KeyPoints.keypoint_confidence' instead.
SupervisionWarnings: 'KeyPoints.confidence' is deprecated since 0.29.0 and will be removed in 0.32.0. Use 'KeyPoints.keypoint_confidence' instead.
SupervisionWarnings: 'KeyPoints.confidence' is deprecated since 0.29.0 and will be removed in 0.32.0. Use 'KeyPoints.keypoint_confidence' instead.
SupervisionWarnings: 'KeyPoints.confidence' is deprecated since 0.29.0 and will be removed in 0.32.0. Use 'KeyPoints.keypoint_confidence' instead.

 69%|██████▊   | 997/1451 [17:19<06:20,  1.19it/s]SupervisionWarnings: 'KeyPoints.confidence' is deprecated since 0.29.0 and will be removed in 0.32.0. Use 'KeyPoints.keypoint_confidence' instead.
SupervisionWarnings: 'KeyPoints.confidence' is deprecated since 0.29.0 and will be removed in 0.32.0. Use 'KeyPoints.keypoint_confidence' instead.
SupervisionWarnings: 'KeyPoints.confidence' is deprecated since 0.29.0 and will be removed in 0.32.0. Use 'KeyPoints.keypoint_confidence' instead.
SupervisionWarnings: 'KeyPoints.confidence' is deprecated since 0.29.0 and will be removed in 0.32.0. Use 'KeyPoints.keypoint_confidence' instead.

 69%|██████▉   | 998/1451 [17:20<06:15,  1.21it/s]SupervisionWarnings: 'KeyPoints.confidence' is deprecated since 0.29.0 and will be removed in 0.32.0. Use 'KeyPoints.keypoint_confidence' instead.
SupervisionWarnings: 'KeyPoints.confidence' is deprecated since 0.29.0 and will be removed in 0.32.0. Use 'KeyPoints.keypoint_confidence' instead.
SupervisionWarnings: 'KeyPoints.confidence' is deprecated since 0.29.0 and will be removed in 0.32.0. Use 'KeyPoints.keypoint_confidence' instead.
SupervisionWarnings: 'KeyPoints.confidence' is deprecated since 0.29.0 and will be removed in 0.32.0. Use 'KeyPoints.keypoint_confidence' instead.

 69%|██████▉   | 999/1451 [17:21<06:08,  1.23it/s]SupervisionWarnings: 'KeyPoints.confidence' is deprecated since 0.29.0 and will be removed in 0.32.0. Use 'KeyPoints.keypoint_confidence' instead.
SupervisionWarnings: 'KeyPoints.confidence' is deprecated since 0.29.0 and will be removed in 0.32.0. Use 'KeyPoints.keypoint_confidence' instead.
SupervisionWarnings: 'KeyPoints.confidence' is deprecated since 0.29.0 and will be removed in 0.32.0. Use 'KeyPoints.keypoint_confidence' instead.
SupervisionWarnings: 'KeyPoints.confidence' is deprecated since 0.29.0 and will be removed in 0.32.0. Use 'KeyPoints.keypoint_confidence' instead.

 69%|██████▉   | 1000/1451 [17:21<06:04,  1.24it/s]SupervisionWarnings: 'KeyPoints.confidence' is deprecated since 0.29.0 and will be removed in 0.32.0. Use 'KeyPoints.keypoint_confidence' instead.
SupervisionWarnings: 'KeyPoints.confidence' is deprecated since 0.29.0 and will be removed in 0.32.0. Use 'KeyPoints.keypoint_confidence' instead.
SupervisionWarnings: 'KeyPoints.confidence' is deprecated since 0.29.0 and will be removed in 0.32.0. Use 'KeyPoints.keypoint_confidence' instead.
SupervisionWarnings: 'KeyPoints.confidence' is deprecated since 0.29.0 and will be removed in 0.32.0. Use 'KeyPoints.keypoint_confidence' instead.

 69%|██████▉   | 1001/1451 [17:22<06:01,  1.25it/s]SupervisionWarnings: 'KeyPoints.confidence' is deprecated since 0.29.0 and will be removed in 0.32.0. Use 'KeyPoints.keypoint_confidence' instead.
SupervisionWarnings: 'KeyPoints.confidence' is deprecated since 0.29.0 and will be removed in 0.32.0. Use 'KeyPoints.keypoint_confidence' instead.
SupervisionWarnings: 'KeyPoints.confidence' is deprecated since 0.29.0 and will be removed in 0.32.0. Use 'KeyPoints.keypoint_confidence' instead.
SupervisionWarnings: 'KeyPoints.confidence' is deprecated since 0.29.0 and will be removed in 0.32.0. Use 'KeyPoints.keypoint_confidence' instead.

 69%|██████▉   | 1002/1451 [17:23<06:01,  1.24it/s]SupervisionWarnings: 'KeyPoints.confidence' is deprecated since 0.29.0 and will be removed in 0.32.0. Use 'KeyPoints.keypoint_confidence' instead.
SupervisionWarnings: 'KeyPoints.confidence' is deprecated since 0.29.0 and will be removed in 0.32.0. Use 'KeyPoints.keypoint_confidence' instead.
SupervisionWarnings: 'KeyPoints.confidence' is deprecated since 0.29.0 and will be removed in 0.32.0. Use 'KeyPoints.keypoint_confidence' instead.
SupervisionWarnings: 'KeyPoints.confidence' is deprecated since 0.29.0 and will be removed in 0.32.0. Use 'KeyPoints.keypoint_confidence' instead.

 69%|██████▉   | 1003/1451 [17:24<06:03,  1.23it/s]SupervisionWarnings: 'KeyPoints.confidence' is deprecated since 0.29.0 and will be removed in 0.32.0. Use 'KeyPoints.keypoint_confidence' instead.
SupervisionWarnings: 'KeyPoints.confidence' is deprecated since 0.29.0 and will be removed in 0.32.0. Use 'KeyPoints.keypoint_confidence' instead.
SupervisionWarnings: 'KeyPoints.confidence' is deprecated since 0.29.0 and will be removed in 0.32.0. Use 'KeyPoints.keypoint_confidence' instead.
SupervisionWarnings: 'KeyPoints.confidence' is deprecated since 0.29.0 and will be removed in 0.32.0. Use 'KeyPoints.keypoint_confidence' instead.

 69%|██████▉   | 1004/1451 [17:25<06:01,  1.24it/s]SupervisionWarnings: 'KeyPoints.confidence' is deprecated since 0.29.0 and will be removed in 0.32.0. Use 'KeyPoints.keypoint_confidence' instead.
SupervisionWarnings: 'KeyPoints.confidence' is deprecated since 0.29.0 and will be removed in 0.32.0. Use 'KeyPoints.keypoint_confidence' instead.
SupervisionWarnings: 'KeyPoints.confidence' is deprecated since 0.29.0 and will be removed in 0.32.0. Use 'KeyPoints.keypoint_confidence' instead.
SupervisionWarnings: 'KeyPoints.confidence' is deprecated since 0.29.0 and will be removed in 0.32.0. Use 'KeyPoints.keypoint_confidence' instead.

 69%|██████▉   | 1005/1451 [17:26<06:11,  1.20it/s]SupervisionWarnings: 'KeyPoints.confidence' is deprecated since 0.29.0 and will be removed in 0.32.0. Use 'KeyPoints.keypoint_confidence' instead.
SupervisionWarnings: 'KeyPoints.confidence' is deprecated since 0.29.0 and will be removed in 0.32.0. Use 'KeyPoints.keypoint_confidence' instead.
SupervisionWarnings: 'KeyPoints.confidence' is deprecated since 0.29.0 and will be removed in 0.32.0. Use 'KeyPoints.keypoint_confidence' instead.
SupervisionWarnings: 'KeyPoints.confidence' is deprecated since 0.29.0 and will be removed in 0.32.0. Use 'KeyPoints.keypoint_confidence' instead.

 69%|██████▉   | 1006/1451 [17:27<06:36,  1.12it/s]SupervisionWarnings: 'KeyPoints.confidence' is deprecated since 0.29.0 and will be removed in 0.32.0. Use 'KeyPoints.keypoint_confidence' instead.
SupervisionWarnings: 'KeyPoints.confidence' is deprecated since 0.29.0 and will be removed in 0.32.0. Use 'KeyPoints.keypoint_confidence' instead.
SupervisionWarnings: 'KeyPoints.confidence' is deprecated since 0.29.0 and will be removed in 0.32.0. Use 'KeyPoints.keypoint_confidence' instead.
SupervisionWarnings: 'KeyPoints.confidence' is deprecated since 0.29.0 and will be removed in 0.32.0. Use 'KeyPoints.keypoint_confidence' instead.

 69%|██████▉   | 1007/1451 [17:28<06:51,  1.08it/s]SupervisionWarnings: 'KeyPoints.confidence' is deprecated since 0.29.0 and will be removed in 0.32.0. Use 'KeyPoints.keypoint_confidence' instead.
SupervisionWarnings: 'KeyPoints.confidence' is deprecated since 0.29.0 and will be removed in 0.32.0. Use 'KeyPoints.keypoint_confidence' instead.
SupervisionWarnings: 'KeyPoints.confidence' is deprecated since 0.29.0 and will be removed in 0.32.0. Use 'KeyPoints.keypoint_confidence' instead.
SupervisionWarnings: 'KeyPoints.confidence' is deprecated since 0.29.0 and will be removed in 0.32.0. Use 'KeyPoints.keypoint_confidence' instead.

 69%|██████▉   | 1008/1451 [17:28<06:35,  1.12it/s]SupervisionWarnings: 'KeyPoints.confidence' is deprecated since 0.29.0 and will be removed in 0.32.0. Use 'KeyPoints.keypoint_confidence' instead.
SupervisionWarnings: 'KeyPoints.confidence' is deprecated since 0.29.0 and will be removed in 0.32.0. Use 'KeyPoints.keypoint_confidence' instead.
SupervisionWarnings: 'KeyPoints.confidence' is deprecated since 0.29.0 and will be removed in 0.32.0. Use 'KeyPoints.keypoint_confidence' instead.
SupervisionWarnings: 'KeyPoints.confidence' is deprecated since 0.29.0 and will be removed in 0.32.0. Use 'KeyPoints.keypoint_confidence' instead.

 70%|██████▉   | 1009/1451 [17:29<06:20,  1.16it/s]SupervisionWarnings: 'KeyPoints.confidence' is deprecated since 0.29.0 and will be removed in 0.32.0. Use 'KeyPoints.keypoint_confidence' instead.
SupervisionWarnings: 'KeyPoints.confidence' is deprecated since 0.29.0 and will be removed in 0.32.0. Use 'KeyPoints.keypoint_confidence' instead.
SupervisionWarnings: 'KeyPoints.confidence' is deprecated since 0.29.0 and will be removed in 0.32.0. Use 'KeyPoints.keypoint_confidence' instead.
SupervisionWarnings: 'KeyPoints.confidence' is deprecated since 0.29.0 and will be removed in 0.32.0. Use 'KeyPoints.keypoint_confidence' instead.

 70%|██████▉   | 1010/1451 [17:30<06:13,  1.18it/s]SupervisionWarnings: 'KeyPoints.confidence' is deprecated since 0.29.0 and will be removed in 0.32.0. Use 'KeyPoints.keypoint_confidence' instead.
SupervisionWarnings: 'KeyPoints.confidence' is deprecated since 0.29.0 and will be removed in 0.32.0. Use 'KeyPoints.keypoint_confidence' instead.
SupervisionWarnings: 'KeyPoints.confidence' is deprecated since 0.29.0 and will be removed in 0.32.0. Use 'KeyPoints.keypoint_confidence' instead.
SupervisionWarnings: 'KeyPoints.confidence' is deprecated since 0.29.0 and will be removed in 0.32.0. Use 'KeyPoints.keypoint_confidence' instead.

 70%|██████▉   | 1011/1451 [17:31<06:04,  1.21it/s]SupervisionWarnings: 'KeyPoints.confidence' is deprecated since 0.29.0 and will be removed in 0.32.0. Use 'KeyPoints.keypoint_confidence' instead.
SupervisionWarnings: 'KeyPoints.confidence' is deprecated since 0.29.0 and will be removed in 0.32.0. Use 'KeyPoints.keypoint_confidence' instead.
SupervisionWarnings: 'KeyPoints.confidence' is deprecated since 0.29.0 and will be removed in 0.32.0. Use 'KeyPoints.keypoint_confidence' instead.
SupervisionWarnings: 'KeyPoints.confidence' is deprecated since 0.29.0 and will be removed in 0.32.0. Use 'KeyPoints.keypoint_confidence' instead.

 70%|██████▉   | 1012/1451 [17:32<05:57,  1.23it/s]SupervisionWarnings: 'KeyPoints.confidence' is deprecated since 0.29.0 and will be removed in 0.32.0. Use 'KeyPoints.keypoint_confidence' instead.
SupervisionWarnings: 'KeyPoints.confidence' is deprecated since 0.29.0 and will be removed in 0.32.0. Use 'KeyPoints.keypoint_confidence' instead.
SupervisionWarnings: 'KeyPoints.confidence' is deprecated since 0.29.0 and will be removed in 0.32.0. Use 'KeyPoints.keypoint_confidence' instead.
SupervisionWarnings: 'KeyPoints.confidence' is deprecated since 0.29.0 and will be removed in 0.32.0. Use 'KeyPoints.keypoint_confidence' instead.

 70%|██████▉   | 1013/1451 [17:32<05:53,  1.24it/s]SupervisionWarnings: 'KeyPoints.confidence' is deprecated since 0.29.0 and will be removed in 0.32.0. Use 'KeyPoints.keypoint_confidence' instead.
SupervisionWarnings: 'KeyPoints.confidence' is deprecated since 0.29.0 and will be removed in 0.32.0. Use 'KeyPoints.keypoint_confidence' instead.
SupervisionWarnings: 'KeyPoints.confidence' is deprecated since 0.29.0 and will be removed in 0.32.0. Use 'KeyPoints.keypoint_confidence' instead.
SupervisionWarnings: 'KeyPoints.confidence' is deprecated since 0.29.0 and will be removed in 0.32.0. Use 'KeyPoints.keypoint_confidence' instead.

 70%|██████▉   | 1014/1451 [17:33<05:49,  1.25it/s]SupervisionWarnings: 'KeyPoints.confidence' is deprecated since 0.29.0 and will be removed in 0.32.0. Use 'KeyPoints.keypoint_confidence' instead.
SupervisionWarnings: 'KeyPoints.confidence' is deprecated since 0.29.0 and will be removed in 0.32.0. Use 'KeyPoints.keypoint_confidence' instead.
SupervisionWarnings: 'KeyPoints.confidence' is deprecated since 0.29.0 and will be removed in 0.32.0. Use 'KeyPoints.keypoint_confidence' instead.
SupervisionWarnings: 'KeyPoints.confidence' is deprecated since 0.29.0 and will be removed in 0.32.0. Use 'KeyPoints.keypoint_confidence' instead.

 70%|██████▉   | 1015/1451 [17:34<05:48,  1.25it/s]SupervisionWarnings: 'KeyPoints.confidence' is deprecated since 0.29.0 and will be removed in 0.32.0. Use 'KeyPoints.keypoint_confidence' instead.
SupervisionWarnings: 'KeyPoints.confidence' is deprecated since 0.29.0 and will be removed in 0.32.0. Use 'KeyPoints.keypoint_confidence' instead.
SupervisionWarnings: 'KeyPoints.confidence' is deprecated since 0.29.0 and will be removed in 0.32.0. Use 'KeyPoints.keypoint_confidence' instead.
SupervisionWarnings: 'KeyPoints.confidence' is deprecated since 0.29.0 and will be removed in 0.32.0. Use 'KeyPoints.keypoint_confidence' instead.

 70%|███████   | 1016/1451 [17:35<05:49,  1.24it/s]SupervisionWarnings: 'KeyPoints.confidence' is deprecated since 0.29.0 and will be removed in 0.32.0. Use 'KeyPoints.keypoint_confidence' instead.
SupervisionWarnings: 'KeyPoints.confidence' is deprecated since 0.29.0 and will be removed in 0.32.0. Use 'KeyPoints.keypoint_confidence' instead.
SupervisionWarnings: 'KeyPoints.confidence' is deprecated since 0.29.0 and will be removed in 0.32.0. Use 'KeyPoints.keypoint_confidence' instead.
SupervisionWarnings: 'KeyPoints.confidence' is deprecated since 0.29.0 and will be removed in 0.32.0. Use 'KeyPoints.keypoint_confidence' instead.

 70%|███████   | 1017/1451 [17:36<05:50,  1.24it/s]SupervisionWarnings: 'KeyPoints.confidence' is deprecated since 0.29.0 and will be removed in 0.32.0. Use 'KeyPoints.keypoint_confidence' instead.
SupervisionWarnings: 'KeyPoints.confidence' is deprecated since 0.29.0 and will be removed in 0.32.0. Use 'KeyPoints.keypoint_confidence' instead.
SupervisionWarnings: 'KeyPoints.confidence' is deprecated since 0.29.0 and will be removed in 0.32.0. Use 'KeyPoints.keypoint_confidence' instead.
SupervisionWarnings: 'KeyPoints.confidence' is deprecated since 0.29.0 and will be removed in 0.32.0. Use 'KeyPoints.keypoint_confidence' instead.

 70%|███████   | 1018/1451 [17:36<05:52,  1.23it/s]SupervisionWarnings: 'KeyPoints.confidence' is deprecated since 0.29.0 and will be removed in 0.32.0. Use 'KeyPoints.keypoint_confidence' instead.
SupervisionWarnings: 'KeyPoints.confidence' is deprecated since 0.29.0 and will be removed in 0.32.0. Use 'KeyPoints.keypoint_confidence' instead.
SupervisionWarnings: 'KeyPoints.confidence' is deprecated since 0.29.0 and will be removed in 0.32.0. Use 'KeyPoints.keypoint_confidence' instead.
SupervisionWarnings: 'KeyPoints.confidence' is deprecated since 0.29.0 and will be removed in 0.32.0. Use 'KeyPoints.keypoint_confidence' instead.

 70%|███████   | 1019/1451 [17:37<05:52,  1.22it/s]SupervisionWarnings: 'KeyPoints.confidence' is deprecated since 0.29.0 and will be removed in 0.32.0. Use 'KeyPoints.keypoint_confidence' instead.
SupervisionWarnings: 'KeyPoints.confidence' is deprecated since 0.29.0 and will be removed in 0.32.0. Use 'KeyPoints.keypoint_confidence' instead.
SupervisionWarnings: 'KeyPoints.confidence' is deprecated since 0.29.0 and will be removed in 0.32.0. Use 'KeyPoints.keypoint_confidence' instead.
SupervisionWarnings: 'KeyPoints.confidence' is deprecated since 0.29.0 and will be removed in 0.32.0. Use 'KeyPoints.keypoint_confidence' instead.

 70%|███████   | 1020/1451 [17:38<05:48,  1.24it/s]SupervisionWarnings: 'KeyPoints.confidence' is deprecated since 0.29.0 and will be removed in 0.32.0. Use 'KeyPoints.keypoint_confidence' instead.
SupervisionWarnings: 'KeyPoints.confidence' is deprecated since 0.29.0 and will be removed in 0.32.0. Use 'KeyPoints.keypoint_confidence' instead.
SupervisionWarnings: 'KeyPoints.confidence' is deprecated since 0.29.0 and will be removed in 0.32.0. Use 'KeyPoints.keypoint_confidence' instead.
SupervisionWarnings: 'KeyPoints.confidence' is deprecated since 0.29.0 and will be removed in 0.32.0. Use 'KeyPoints.keypoint_confidence' instead.

 70%|███████   | 1021/1451 [17:39<06:55,  1.04it/s]SupervisionWarnings: 'KeyPoints.confidence' is deprecated since 0.29.0 and will be removed in 0.32.0. Use 'KeyPoints.keypoint_confidence' instead.
SupervisionWarnings: 'KeyPoints.confidence' is deprecated since 0.29.0 and will be removed in 0.32.0. Use 'KeyPoints.keypoint_confidence' instead.
SupervisionWarnings: 'KeyPoints.confidence' is deprecated since 0.29.0 and will be removed in 0.32.0. Use 'KeyPoints.keypoint_confidence' instead.
SupervisionWarnings: 'KeyPoints.confidence' is deprecated since 0.29.0 and will be removed in 0.32.0. Use 'KeyPoints.keypoint_confidence' instead.

 70%|███████   | 1022/1451 [17:40<07:00,  1.02it/s]SupervisionWarnings: 'KeyPoints.confidence' is deprecated since 0.29.0 and will be removed in 0.32.0. Use 'KeyPoints.keypoint_confidence' instead.
SupervisionWarnings: 'KeyPoints.confidence' is deprecated since 0.29.0 and will be removed in 0.32.0. Use 'KeyPoints.keypoint_confidence' instead.
SupervisionWarnings: 'KeyPoints.confidence' is deprecated since 0.29.0 and will be removed in 0.32.0. Use 'KeyPoints.keypoint_confidence' instead.
SupervisionWarnings: 'KeyPoints.confidence' is deprecated since 0.29.0 and will be removed in 0.32.0. Use 'KeyPoints.keypoint_confidence' instead.

 71%|███████   | 1023/1451 [17:41<07:01,  1.02it/s]SupervisionWarnings: 'KeyPoints.confidence' is deprecated since 0.29.0 and will be removed in 0.32.0. Use 'KeyPoints.keypoint_confidence' instead.
SupervisionWarnings: 'KeyPoints.confidence' is deprecated since 0.29.0 and will be removed in 0.32.0. Use 'KeyPoints.keypoint_confidence' instead.
SupervisionWarnings: 'KeyPoints.confidence' is deprecated since 0.29.0 and will be removed in 0.32.0. Use 'KeyPoints.keypoint_confidence' instead.
SupervisionWarnings: 'KeyPoints.confidence' is deprecated since 0.29.0 and will be removed in 0.32.0. Use 'KeyPoints.keypoint_confidence' instead.

 71%|███████   | 1024/1451 [17:42<06:37,  1.07it/s]SupervisionWarnings: 'KeyPoints.confidence' is deprecated since 0.29.0 and will be removed in 0.32.0. Use 'KeyPoints.keypoint_confidence' instead.
SupervisionWarnings: 'KeyPoints.confidence' is deprecated since 0.29.0 and will be removed in 0.32.0. Use 'KeyPoints.keypoint_confidence' instead.
SupervisionWarnings: 'KeyPoints.confidence' is deprecated since 0.29.0 and will be removed in 0.32.0. Use 'KeyPoints.keypoint_confidence' instead.
SupervisionWarnings: 'KeyPoints.confidence' is deprecated since 0.29.0 and will be removed in 0.32.0. Use 'KeyPoints.keypoint_confidence' instead.

 71%|███████   | 1025/1451 [17:43<06:21,  1.12it/s]SupervisionWarnings: 'KeyPoints.confidence' is deprecated since 0.29.0 and will be removed in 0.32.0. Use 'KeyPoints.keypoint_confidence' instead.
SupervisionWarnings: 'KeyPoints.confidence' is deprecated since 0.29.0 and will be removed in 0.32.0. Use 'KeyPoints.keypoint_confidence' instead.
SupervisionWarnings: 'KeyPoints.confidence' is deprecated since 0.29.0 and will be removed in 0.32.0. Use 'KeyPoints.keypoint_confidence' instead.
SupervisionWarnings: 'KeyPoints.confidence' is deprecated since 0.29.0 and will be removed in 0.32.0. Use 'KeyPoints.keypoint_confidence' instead.

 71%|███████   | 1026/1451 [17:44<06:07,  1.16it/s]SupervisionWarnings: 'KeyPoints.confidence' is deprecated since 0.29.0 and will be removed in 0.32.0. Use 'KeyPoints.keypoint_confidence' instead.
SupervisionWarnings: 'KeyPoints.confidence' is deprecated since 0.29.0 and will be removed in 0.32.0. Use 'KeyPoints.keypoint_confidence' instead.
SupervisionWarnings: 'KeyPoints.confidence' is deprecated since 0.29.0 and will be removed in 0.32.0. Use 'KeyPoints.keypoint_confidence' instead.
SupervisionWarnings: 'KeyPoints.confidence' is deprecated since 0.29.0 and will be removed in 0.32.0. Use 'KeyPoints.keypoint_confidence' instead.

 71%|███████   | 1027/1451 [17:45<05:57,  1.19it/s]SupervisionWarnings: 'KeyPoints.confidence' is deprecated since 0.29.0 and will be removed in 0.32.0. Use 'KeyPoints.keypoint_confidence' instead.
SupervisionWarnings: 'KeyPoints.confidence' is deprecated since 0.29.0 and will be removed in 0.32.0. Use 'KeyPoints.keypoint_confidence' instead.
SupervisionWarnings: 'KeyPoints.confidence' is deprecated since 0.29.0 and will be removed in 0.32.0. Use 'KeyPoints.keypoint_confidence' instead.
SupervisionWarnings: 'KeyPoints.confidence' is deprecated since 0.29.0 and will be removed in 0.32.0. Use 'KeyPoints.keypoint_confidence' instead.

 71%|███████   | 1028/1451 [17:45<05:50,  1.21it/s]SupervisionWarnings: 'KeyPoints.confidence' is deprecated since 0.29.0 and will be removed in 0.32.0. Use 'KeyPoints.keypoint_confidence' instead.
SupervisionWarnings: 'KeyPoints.confidence' is deprecated since 0.29.0 and will be removed in 0.32.0. Use 'KeyPoints.keypoint_confidence' instead.
SupervisionWarnings: 'KeyPoints.confidence' is deprecated since 0.29.0 and will be removed in 0.32.0. Use 'KeyPoints.keypoint_confidence' instead.
SupervisionWarnings: 'KeyPoints.confidence' is deprecated since 0.29.0 and will be removed in 0.32.0. Use 'KeyPoints.keypoint_confidence' instead.

 71%|███████   | 1029/1451 [17:46<05:47,  1.21it/s]SupervisionWarnings: 'KeyPoints.confidence' is deprecated since 0.29.0 and will be removed in 0.32.0. Use 'KeyPoints.keypoint_confidence' instead.
SupervisionWarnings: 'KeyPoints.confidence' is deprecated since 0.29.0 and will be removed in 0.32.0. Use 'KeyPoints.keypoint_confidence' instead.
SupervisionWarnings: 'KeyPoints.confidence' is deprecated since 0.29.0 and will be removed in 0.32.0. Use 'KeyPoints.keypoint_confidence' instead.
SupervisionWarnings: 'KeyPoints.confidence' is deprecated since 0.29.0 and will be removed in 0.32.0. Use 'KeyPoints.keypoint_confidence' instead.

 71%|███████   | 1030/1451 [17:47<06:36,  1.06it/s]SupervisionWarnings: 'KeyPoints.confidence' is deprecated since 0.29.0 and will be removed in 0.32.0. Use 'KeyPoints.keypoint_confidence' instead.
SupervisionWarnings: 'KeyPoints.confidence' is deprecated since 0.29.0 and will be removed in 0.32.0. Use 'KeyPoints.keypoint_confidence' instead.
SupervisionWarnings: 'KeyPoints.confidence' is deprecated since 0.29.0 and will be removed in 0.32.0. Use 'KeyPoints.keypoint_confidence' instead.
SupervisionWarnings: 'KeyPoints.confidence' is deprecated since 0.29.0 and will be removed in 0.32.0. Use 'KeyPoints.keypoint_confidence' instead.

 71%|███████   | 1031/1451 [17:49<07:10,  1.02s/it]SupervisionWarnings: 'KeyPoints.confidence' is deprecated since 0.29.0 and will be removed in 0.32.0. Use 'KeyPoints.keypoint_confidence' instead.
SupervisionWarnings: 'KeyPoints.confidence' is deprecated since 0.29.0 and will be removed in 0.32.0. Use 'KeyPoints.keypoint_confidence' instead.
SupervisionWarnings: 'KeyPoints.confidence' is deprecated since 0.29.0 and will be removed in 0.32.0. Use 'KeyPoints.keypoint_confidence' instead.
SupervisionWarnings: 'KeyPoints.confidence' is deprecated since 0.29.0 and will be removed in 0.32.0. Use 'KeyPoints.keypoint_confidence' instead.

 71%|███████   | 1032/1451 [17:50<07:33,  1.08s/it]SupervisionWarnings: 'KeyPoints.confidence' is deprecated since 0.29.0 and will be removed in 0.32.0. Use 'KeyPoints.keypoint_confidence' instead.
SupervisionWarnings: 'KeyPoints.confidence' is deprecated since 0.29.0 and will be removed in 0.32.0. Use 'KeyPoints.keypoint_confidence' instead.
SupervisionWarnings: 'KeyPoints.confidence' is deprecated since 0.29.0 and will be removed in 0.32.0. Use 'KeyPoints.keypoint_confidence' instead.
SupervisionWarnings: 'KeyPoints.confidence' is deprecated since 0.29.0 and will be removed in 0.32.0. Use 'KeyPoints.keypoint_confidence' instead.

 71%|███████   | 1033/1451 [17:51<07:49,  1.12s/it]SupervisionWarnings: 'KeyPoints.confidence' is deprecated since 0.29.0 and will be removed in 0.32.0. Use 'KeyPoints.keypoint_confidence' instead.
SupervisionWarnings: 'KeyPoints.confidence' is deprecated since 0.29.0 and will be removed in 0.32.0. Use 'KeyPoints.keypoint_confidence' instead.
SupervisionWarnings: 'KeyPoints.confidence' is deprecated since 0.29.0 and will be removed in 0.32.0. Use 'KeyPoints.keypoint_confidence' instead.
SupervisionWarnings: 'KeyPoints.confidence' is deprecated since 0.29.0 and will be removed in 0.32.0. Use 'KeyPoints.keypoint_confidence' instead.

 71%|███████▏  | 1034/1451 [17:52<08:12,  1.18s/it]SupervisionWarnings: 'KeyPoints.confidence' is deprecated since 0.29.0 and will be removed in 0.32.0. Use 'KeyPoints.keypoint_confidence' instead.
SupervisionWarnings: 'KeyPoints.confidence' is deprecated since 0.29.0 and will be removed in 0.32.0. Use 'KeyPoints.keypoint_confidence' instead.
SupervisionWarnings: 'KeyPoints.confidence' is deprecated since 0.29.0 and will be removed in 0.32.0. Use 'KeyPoints.keypoint_confidence' instead.
SupervisionWarnings: 'KeyPoints.confidence' is deprecated since 0.29.0 and will be removed in 0.32.0. Use 'KeyPoints.keypoint_confidence' instead.

 71%|███████▏  | 1035/1451 [17:54<08:49,  1.27s/it]SupervisionWarnings: 'KeyPoints.confidence' is deprecated since 0.29.0 and will be removed in 0.32.0. Use 'KeyPoints.keypoint_confidence' instead.
SupervisionWarnings: 'KeyPoints.confidence' is deprecated since 0.29.0 and will be removed in 0.32.0. Use 'KeyPoints.keypoint_confidence' instead.
SupervisionWarnings: 'KeyPoints.confidence' is deprecated since 0.29.0 and will be removed in 0.32.0. Use 'KeyPoints.keypoint_confidence' instead.
SupervisionWarnings: 'KeyPoints.confidence' is deprecated since 0.29.0 and will be removed in 0.32.0. Use 'KeyPoints.keypoint_confidence' instead.

 71%|███████▏  | 1036/1451 [17:55<07:53,  1.14s/it]SupervisionWarnings: 'KeyPoints.confidence' is deprecated since 0.29.0 and will be removed in 0.32.0. Use 'KeyPoints.keypoint_confidence' instead.
SupervisionWarnings: 'KeyPoints.confidence' is deprecated since 0.29.0 and will be removed in 0.32.0. Use 'KeyPoints.keypoint_confidence' instead.
SupervisionWarnings: 'KeyPoints.confidence' is deprecated since 0.29.0 and will be removed in 0.32.0. Use 'KeyPoints.keypoint_confidence' instead.
SupervisionWarnings: 'KeyPoints.confidence' is deprecated since 0.29.0 and will be removed in 0.32.0. Use 'KeyPoints.keypoint_confidence' instead.

 71%|███████▏  | 1037/1451 [17:55<07:09,  1.04s/it]SupervisionWarnings: 'KeyPoints.confidence' is deprecated since 0.29.0 and will be removed in 0.32.0. Use 'KeyPoints.keypoint_confidence' instead.
SupervisionWarnings: 'KeyPoints.confidence' is deprecated since 0.29.0 and will be removed in 0.32.0. Use 'KeyPoints.keypoint_confidence' instead.
SupervisionWarnings: 'KeyPoints.confidence' is deprecated since 0.29.0 and will be removed in 0.32.0. Use 'KeyPoints.keypoint_confidence' instead.
SupervisionWarnings: 'KeyPoints.confidence' is deprecated since 0.29.0 and will be removed in 0.32.0. Use 'KeyPoints.keypoint_confidence' instead.

 72%|███████▏  | 1038/1451 [17:56<06:42,  1.02it/s]SupervisionWarnings: 'KeyPoints.confidence' is deprecated since 0.29.0 and will be removed in 0.32.0. Use 'KeyPoints.keypoint_confidence' instead.
SupervisionWarnings: 'KeyPoints.confidence' is deprecated since 0.29.0 and will be removed in 0.32.0. Use 'KeyPoints.keypoint_confidence' instead.
SupervisionWarnings: 'KeyPoints.confidence' is deprecated since 0.29.0 and will be removed in 0.32.0. Use 'KeyPoints.keypoint_confidence' instead.
SupervisionWarnings: 'KeyPoints.confidence' is deprecated since 0.29.0 and will be removed in 0.32.0. Use 'KeyPoints.keypoint_confidence' instead.

 72%|███████▏  | 1039/1451 [17:57<06:20,  1.08it/s]SupervisionWarnings: 'KeyPoints.confidence' is deprecated since 0.29.0 and will be removed in 0.32.0. Use 'KeyPoints.keypoint_confidence' instead.
SupervisionWarnings: 'KeyPoints.confidence' is deprecated since 0.29.0 and will be removed in 0.32.0. Use 'KeyPoints.keypoint_confidence' instead.
SupervisionWarnings: 'KeyPoints.confidence' is deprecated since 0.29.0 and will be removed in 0.32.0. Use 'KeyPoints.keypoint_confidence' instead.
SupervisionWarnings: 'KeyPoints.confidence' is deprecated since 0.29.0 and will be removed in 0.32.0. Use 'KeyPoints.keypoint_confidence' instead.

 72%|███████▏  | 1040/1451 [17:58<06:02,  1.14it/s]SupervisionWarnings: 'KeyPoints.confidence' is deprecated since 0.29.0 and will be removed in 0.32.0. Use 'KeyPoints.keypoint_confidence' instead.
SupervisionWarnings: 'KeyPoints.confidence' is deprecated since 0.29.0 and will be removed in 0.32.0. Use 'KeyPoints.keypoint_confidence' instead.
SupervisionWarnings: 'KeyPoints.confidence' is deprecated since 0.29.0 and will be removed in 0.32.0. Use 'KeyPoints.keypoint_confidence' instead.
SupervisionWarnings: 'KeyPoints.confidence' is deprecated since 0.29.0 and will be removed in 0.32.0. Use 'KeyPoints.keypoint_confidence' instead.

 72%|███████▏  | 1041/1451 [17:59<05:53,  1.16it/s]SupervisionWarnings: 'KeyPoints.confidence' is deprecated since 0.29.0 and will be removed in 0.32.0. Use 'KeyPoints.keypoint_confidence' instead.
SupervisionWarnings: 'KeyPoints.confidence' is deprecated since 0.29.0 and will be removed in 0.32.0. Use 'KeyPoints.keypoint_confidence' instead.
SupervisionWarnings: 'KeyPoints.confidence' is deprecated since 0.29.0 and will be removed in 0.32.0. Use 'KeyPoints.keypoint_confidence' instead.
SupervisionWarnings: 'KeyPoints.confidence' is deprecated since 0.29.0 and will be removed in 0.32.0. Use 'KeyPoints.keypoint_confidence' instead.

 72%|███████▏  | 1042/1451 [17:59<05:41,  1.20it/s]SupervisionWarnings: 'KeyPoints.confidence' is deprecated since 0.29.0 and will be removed in 0.32.0. Use 'KeyPoints.keypoint_confidence' instead.
SupervisionWarnings: 'KeyPoints.confidence' is deprecated since 0.29.0 and will be removed in 0.32.0. Use 'KeyPoints.keypoint_confidence' instead.
SupervisionWarnings: 'KeyPoints.confidence' is deprecated since 0.29.0 and will be removed in 0.32.0. Use 'KeyPoints.keypoint_confidence' instead.
SupervisionWarnings: 'KeyPoints.confidence' is deprecated since 0.29.0 and will be removed in 0.32.0. Use 'KeyPoints.keypoint_confidence' instead.

 72%|███████▏  | 1043/1451 [18:00<05:35,  1.22it/s]SupervisionWarnings: 'KeyPoints.confidence' is deprecated since 0.29.0 and will be removed in 0.32.0. Use 'KeyPoints.keypoint_confidence' instead.
SupervisionWarnings: 'KeyPoints.confidence' is deprecated since 0.29.0 and will be removed in 0.32.0. Use 'KeyPoints.keypoint_confidence' instead.
SupervisionWarnings: 'KeyPoints.confidence' is deprecated since 0.29.0 and will be removed in 0.32.0. Use 'KeyPoints.keypoint_confidence' instead.
SupervisionWarnings: 'KeyPoints.confidence' is deprecated since 0.29.0 and will be removed in 0.32.0. Use 'KeyPoints.keypoint_confidence' instead.

 72%|███████▏  | 1044/1451 [18:01<05:29,  1.23it/s]SupervisionWarnings: 'KeyPoints.confidence' is deprecated since 0.29.0 and will be removed in 0.32.0. Use 'KeyPoints.keypoint_confidence' instead.
SupervisionWarnings: 'KeyPoints.confidence' is deprecated since 0.29.0 and will be removed in 0.32.0. Use 'KeyPoints.keypoint_confidence' instead.
SupervisionWarnings: 'KeyPoints.confidence' is deprecated since 0.29.0 and will be removed in 0.32.0. Use 'KeyPoints.keypoint_confidence' instead.
SupervisionWarnings: 'KeyPoints.confidence' is deprecated since 0.29.0 and will be removed in 0.32.0. Use 'KeyPoints.keypoint_confidence' instead.

 72%|███████▏  | 1045/1451 [18:02<05:27,  1.24it/s]SupervisionWarnings: 'KeyPoints.confidence' is deprecated since 0.29.0 and will be removed in 0.32.0. Use 'KeyPoints.keypoint_confidence' instead.
SupervisionWarnings: 'KeyPoints.confidence' is deprecated since 0.29.0 and will be removed in 0.32.0. Use 'KeyPoints.keypoint_confidence' instead.
SupervisionWarnings: 'KeyPoints.confidence' is deprecated since 0.29.0 and will be removed in 0.32.0. Use 'KeyPoints.keypoint_confidence' instead.
SupervisionWarnings: 'KeyPoints.confidence' is deprecated since 0.29.0 and will be removed in 0.32.0. Use 'KeyPoints.keypoint_confidence' instead.

 72%|███████▏  | 1046/1451 [18:03<06:15,  1.08it/s]SupervisionWarnings: 'KeyPoints.confidence' is deprecated since 0.29.0 and will be removed in 0.32.0. Use 'KeyPoints.keypoint_confidence' instead.
SupervisionWarnings: 'KeyPoints.confidence' is deprecated since 0.29.0 and will be removed in 0.32.0. Use 'KeyPoints.keypoint_confidence' instead.
SupervisionWarnings: 'KeyPoints.confidence' is deprecated since 0.29.0 and will be removed in 0.32.0. Use 'KeyPoints.keypoint_confidence' instead.
SupervisionWarnings: 'KeyPoints.confidence' is deprecated since 0.29.0 and will be removed in 0.32.0. Use 'KeyPoints.keypoint_confidence' instead.

 72%|███████▏  | 1047/1451 [18:04<06:00,  1.12it/s]SupervisionWarnings: 'KeyPoints.confidence' is deprecated since 0.29.0 and will be removed in 0.32.0. Use 'KeyPoints.keypoint_confidence' instead.
SupervisionWarnings: 'KeyPoints.confidence' is deprecated since 0.29.0 and will be removed in 0.32.0. Use 'KeyPoints.keypoint_confidence' instead.
SupervisionWarnings: 'KeyPoints.confidence' is deprecated since 0.29.0 and will be removed in 0.32.0. Use 'KeyPoints.keypoint_confidence' instead.
SupervisionWarnings: 'KeyPoints.confidence' is deprecated since 0.29.0 and will be removed in 0.32.0. Use 'KeyPoints.keypoint_confidence' instead.

 72%|███████▏  | 1048/1451 [18:05<05:56,  1.13it/s]SupervisionWarnings: 'KeyPoints.confidence' is deprecated since 0.29.0 and will be removed in 0.32.0. Use 'KeyPoints.keypoint_confidence' instead.
SupervisionWarnings: 'KeyPoints.confidence' is deprecated since 0.29.0 and will be removed in 0.32.0. Use 'KeyPoints.keypoint_confidence' instead.
SupervisionWarnings: 'KeyPoints.confidence' is deprecated since 0.29.0 and will be removed in 0.32.0. Use 'KeyPoints.keypoint_confidence' instead.
SupervisionWarnings: 'KeyPoints.confidence' is deprecated since 0.29.0 and will be removed in 0.32.0. Use 'KeyPoints.keypoint_confidence' instead.

 72%|███████▏  | 1049/1451 [18:06<05:51,  1.14it/s]SupervisionWarnings: 'KeyPoints.confidence' is deprecated since 0.29.0 and will be removed in 0.32.0. Use 'KeyPoints.keypoint_confidence' instead.
SupervisionWarnings: 'KeyPoints.confidence' is deprecated since 0.29.0 and will be removed in 0.32.0. Use 'KeyPoints.keypoint_confidence' instead.
SupervisionWarnings: 'KeyPoints.confidence' is deprecated since 0.29.0 and will be removed in 0.32.0. Use 'KeyPoints.keypoint_confidence' instead.
SupervisionWarnings: 'KeyPoints.confidence' is deprecated since 0.29.0 and will be removed in 0.32.0. Use 'KeyPoints.keypoint_confidence' instead.

 72%|███████▏  | 1050/1451 [18:07<06:14,  1.07it/s]SupervisionWarnings: 'KeyPoints.confidence' is deprecated since 0.29.0 and will be removed in 0.32.0. Use 'KeyPoints.keypoint_confidence' instead.
SupervisionWarnings: 'KeyPoints.confidence' is deprecated since 0.29.0 and will be removed in 0.32.0. Use 'KeyPoints.keypoint_confidence' instead.
SupervisionWarnings: 'KeyPoints.confidence' is deprecated since 0.29.0 and will be removed in 0.32.0. Use 'KeyPoints.keypoint_confidence' instead.
SupervisionWarnings: 'KeyPoints.confidence' is deprecated since 0.29.0 and will be removed in 0.32.0. Use 'KeyPoints.keypoint_confidence' instead.

 72%|███████▏  | 1051/1451 [18:08<06:14,  1.07it/s]SupervisionWarnings: 'KeyPoints.confidence' is deprecated since 0.29.0 and will be removed in 0.32.0. Use 'KeyPoints.keypoint_confidence' instead.
SupervisionWarnings: 'KeyPoints.confidence' is deprecated since 0.29.0 and will be removed in 0.32.0. Use 'KeyPoints.keypoint_confidence' instead.
SupervisionWarnings: 'KeyPoints.confidence' is deprecated since 0.29.0 and will be removed in 0.32.0. Use 'KeyPoints.keypoint_confidence' instead.
SupervisionWarnings: 'KeyPoints.confidence' is deprecated since 0.29.0 and will be removed in 0.32.0. Use 'KeyPoints.keypoint_confidence' instead.

 73%|███████▎  | 1052/1451 [18:08<05:55,  1.12it/s]SupervisionWarnings: 'KeyPoints.confidence' is deprecated since 0.29.0 and will be removed in 0.32.0. Use 'KeyPoints.keypoint_confidence' instead.
SupervisionWarnings: 'KeyPoints.confidence' is deprecated since 0.29.0 and will be removed in 0.32.0. Use 'KeyPoints.keypoint_confidence' instead.
SupervisionWarnings: 'KeyPoints.confidence' is deprecated since 0.29.0 and will be removed in 0.32.0. Use 'KeyPoints.keypoint_confidence' instead.
SupervisionWarnings: 'KeyPoints.confidence' is deprecated since 0.29.0 and will be removed in 0.32.0. Use 'KeyPoints.keypoint_confidence' instead.

 73%|███████▎  | 1053/1451 [18:09<05:41,  1.17it/s]SupervisionWarnings: 'KeyPoints.confidence' is deprecated since 0.29.0 and will be removed in 0.32.0. Use 'KeyPoints.keypoint_confidence' instead.
SupervisionWarnings: 'KeyPoints.confidence' is deprecated since 0.29.0 and will be removed in 0.32.0. Use 'KeyPoints.keypoint_confidence' instead.
SupervisionWarnings: 'KeyPoints.confidence' is deprecated since 0.29.0 and will be removed in 0.32.0. Use 'KeyPoints.keypoint_confidence' instead.
SupervisionWarnings: 'KeyPoints.confidence' is deprecated since 0.29.0 and will be removed in 0.32.0. Use 'KeyPoints.keypoint_confidence' instead.

 73%|███████▎  | 1054/1451 [18:10<05:32,  1.19it/s]SupervisionWarnings: 'KeyPoints.confidence' is deprecated since 0.29.0 and will be removed in 0.32.0. Use 'KeyPoints.keypoint_confidence' instead.
SupervisionWarnings: 'KeyPoints.confidence' is deprecated since 0.29.0 and will be removed in 0.32.0. Use 'KeyPoints.keypoint_confidence' instead.
SupervisionWarnings: 'KeyPoints.confidence' is deprecated since 0.29.0 and will be removed in 0.32.0. Use 'KeyPoints.keypoint_confidence' instead.
SupervisionWarnings: 'KeyPoints.confidence' is deprecated since 0.29.0 and will be removed in 0.32.0. Use 'KeyPoints.keypoint_confidence' instead.

 73%|███████▎  | 1055/1451 [18:11<05:24,  1.22it/s]SupervisionWarnings: 'KeyPoints.confidence' is deprecated since 0.29.0 and will be removed in 0.32.0. Use 'KeyPoints.keypoint_confidence' instead.
SupervisionWarnings: 'KeyPoints.confidence' is deprecated since 0.29.0 and will be removed in 0.32.0. Use 'KeyPoints.keypoint_confidence' instead.
SupervisionWarnings: 'KeyPoints.confidence' is deprecated since 0.29.0 and will be removed in 0.32.0. Use 'KeyPoints.keypoint_confidence' instead.
SupervisionWarnings: 'KeyPoints.confidence' is deprecated since 0.29.0 and will be removed in 0.32.0. Use 'KeyPoints.keypoint_confidence' instead.

 73%|███████▎  | 1056/1451 [18:11<05:22,  1.23it/s]SupervisionWarnings: 'KeyPoints.confidence' is deprecated since 0.29.0 and will be removed in 0.32.0. Use 'KeyPoints.keypoint_confidence' instead.
SupervisionWarnings: 'KeyPoints.confidence' is deprecated since 0.29.0 and will be removed in 0.32.0. Use 'KeyPoints.keypoint_confidence' instead.
SupervisionWarnings: 'KeyPoints.confidence' is deprecated since 0.29.0 and will be removed in 0.32.0. Use 'KeyPoints.keypoint_confidence' instead.
SupervisionWarnings: 'KeyPoints.confidence' is deprecated since 0.29.0 and will be removed in 0.32.0. Use 'KeyPoints.keypoint_confidence' instead.

 73%|███████▎  | 1057/1451 [18:12<05:19,  1.23it/s]SupervisionWarnings: 'KeyPoints.confidence' is deprecated since 0.29.0 and will be removed in 0.32.0. Use 'KeyPoints.keypoint_confidence' instead.
SupervisionWarnings: 'KeyPoints.confidence' is deprecated since 0.29.0 and will be removed in 0.32.0. Use 'KeyPoints.keypoint_confidence' instead.
SupervisionWarnings: 'KeyPoints.confidence' is deprecated since 0.29.0 and will be removed in 0.32.0. Use 'KeyPoints.keypoint_confidence' instead.
SupervisionWarnings: 'KeyPoints.confidence' is deprecated since 0.29.0 and will be removed in 0.32.0. Use 'KeyPoints.keypoint_confidence' instead.

 73%|███████▎  | 1058/1451 [18:13<06:04,  1.08it/s]SupervisionWarnings: 'KeyPoints.confidence' is deprecated since 0.29.0 and will be removed in 0.32.0. Use 'KeyPoints.keypoint_confidence' instead.
SupervisionWarnings: 'KeyPoints.confidence' is deprecated since 0.29.0 and will be removed in 0.32.0. Use 'KeyPoints.keypoint_confidence' instead.
SupervisionWarnings: 'KeyPoints.confidence' is deprecated since 0.29.0 and will be removed in 0.32.0. Use 'KeyPoints.keypoint_confidence' instead.
SupervisionWarnings: 'KeyPoints.confidence' is deprecated since 0.29.0 and will be removed in 0.32.0. Use 'KeyPoints.keypoint_confidence' instead.

 73%|███████▎  | 1059/1451 [18:14<05:47,  1.13it/s]SupervisionWarnings: 'KeyPoints.confidence' is deprecated since 0.29.0 and will be removed in 0.32.0. Use 'KeyPoints.keypoint_confidence' instead.
SupervisionWarnings: 'KeyPoints.confidence' is deprecated since 0.29.0 and will be removed in 0.32.0. Use 'KeyPoints.keypoint_confidence' instead.
SupervisionWarnings: 'KeyPoints.confidence' is deprecated since 0.29.0 and will be removed in 0.32.0. Use 'KeyPoints.keypoint_confidence' instead.
SupervisionWarnings: 'KeyPoints.confidence' is deprecated since 0.29.0 and will be removed in 0.32.0. Use 'KeyPoints.keypoint_confidence' instead.

 73%|███████▎  | 1060/1451 [18:15<05:36,  1.16it/s]SupervisionWarnings: 'KeyPoints.confidence' is deprecated since 0.29.0 and will be removed in 0.32.0. Use 'KeyPoints.keypoint_confidence' instead.
SupervisionWarnings: 'KeyPoints.confidence' is deprecated since 0.29.0 and will be removed in 0.32.0. Use 'KeyPoints.keypoint_confidence' instead.
SupervisionWarnings: 'KeyPoints.confidence' is deprecated since 0.29.0 and will be removed in 0.32.0. Use 'KeyPoints.keypoint_confidence' instead.
SupervisionWarnings: 'KeyPoints.confidence' is deprecated since 0.29.0 and will be removed in 0.32.0. Use 'KeyPoints.keypoint_confidence' instead.

 73%|███████▎  | 1061/1451 [18:16<06:16,  1.04it/s]SupervisionWarnings: 'KeyPoints.confidence' is deprecated since 0.29.0 and will be removed in 0.32.0. Use 'KeyPoints.keypoint_confidence' instead.
SupervisionWarnings: 'KeyPoints.confidence' is deprecated since 0.29.0 and will be removed in 0.32.0. Use 'KeyPoints.keypoint_confidence' instead.
SupervisionWarnings: 'KeyPoints.confidence' is deprecated since 0.29.0 and will be removed in 0.32.0. Use 'KeyPoints.keypoint_confidence' instead.
SupervisionWarnings: 'KeyPoints.confidence' is deprecated since 0.29.0 and will be removed in 0.32.0. Use 'KeyPoints.keypoint_confidence' instead.

 73%|███████▎  | 1062/1451 [18:18<06:53,  1.06s/it]SupervisionWarnings: 'KeyPoints.confidence' is deprecated since 0.29.0 and will be removed in 0.32.0. Use 'KeyPoints.keypoint_confidence' instead.
SupervisionWarnings: 'KeyPoints.confidence' is deprecated since 0.29.0 and will be removed in 0.32.0. Use 'KeyPoints.keypoint_confidence' instead.
SupervisionWarnings: 'KeyPoints.confidence' is deprecated since 0.29.0 and will be removed in 0.32.0. Use 'KeyPoints.keypoint_confidence' instead.
SupervisionWarnings: 'KeyPoints.confidence' is deprecated since 0.29.0 and will be removed in 0.32.0. Use 'KeyPoints.keypoint_confidence' instead.

 73%|███████▎  | 1063/1451 [18:19<07:28,  1.15s/it]SupervisionWarnings: 'KeyPoints.confidence' is deprecated since 0.29.0 and will be removed in 0.32.0. Use 'KeyPoints.keypoint_confidence' instead.
SupervisionWarnings: 'KeyPoints.confidence' is deprecated since 0.29.0 and will be removed in 0.32.0. Use 'KeyPoints.keypoint_confidence' instead.
SupervisionWarnings: 'KeyPoints.confidence' is deprecated since 0.29.0 and will be removed in 0.32.0. Use 'KeyPoints.keypoint_confidence' instead.
SupervisionWarnings: 'KeyPoints.confidence' is deprecated since 0.29.0 and will be removed in 0.32.0. Use 'KeyPoints.keypoint_confidence' instead.

 73%|███████▎  | 1064/1451 [18:20<08:00,  1.24s/it]SupervisionWarnings: 'KeyPoints.confidence' is deprecated since 0.29.0 and will be removed in 0.32.0. Use 'KeyPoints.keypoint_confidence' instead.
SupervisionWarnings: 'KeyPoints.confidence' is deprecated since 0.29.0 and will be removed in 0.32.0. Use 'KeyPoints.keypoint_confidence' instead.
SupervisionWarnings: 'KeyPoints.confidence' is deprecated since 0.29.0 and will be removed in 0.32.0. Use 'KeyPoints.keypoint_confidence' instead.
SupervisionWarnings: 'KeyPoints.confidence' is deprecated since 0.29.0 and will be removed in 0.32.0. Use 'KeyPoints.keypoint_confidence' instead.

 73%|███████▎  | 1065/1451 [18:22<07:54,  1.23s/it]SupervisionWarnings: 'KeyPoints.confidence' is deprecated since 0.29.0 and will be removed in 0.32.0. Use 'KeyPoints.keypoint_confidence' instead.
SupervisionWarnings: 'KeyPoints.confidence' is deprecated since 0.29.0 and will be removed in 0.32.0. Use 'KeyPoints.keypoint_confidence' instead.
SupervisionWarnings: 'KeyPoints.confidence' is deprecated since 0.29.0 and will be removed in 0.32.0. Use 'KeyPoints.keypoint_confidence' instead.
SupervisionWarnings: 'KeyPoints.confidence' is deprecated since 0.29.0 and will be removed in 0.32.0. Use 'KeyPoints.keypoint_confidence' instead.

 73%|███████▎  | 1066/1451 [18:23<07:56,  1.24s/it]SupervisionWarnings: 'KeyPoints.confidence' is deprecated since 0.29.0 and will be removed in 0.32.0. Use 'KeyPoints.keypoint_confidence' instead.
SupervisionWarnings: 'KeyPoints.confidence' is deprecated since 0.29.0 and will be removed in 0.32.0. Use 'KeyPoints.keypoint_confidence' instead.
SupervisionWarnings: 'KeyPoints.confidence' is deprecated since 0.29.0 and will be removed in 0.32.0. Use 'KeyPoints.keypoint_confidence' instead.
SupervisionWarnings: 'KeyPoints.confidence' is deprecated since 0.29.0 and will be removed in 0.32.0. Use 'KeyPoints.keypoint_confidence' instead.

 74%|███████▎  | 1067/1451 [18:24<07:50,  1.22s/it]SupervisionWarnings: 'KeyPoints.confidence' is deprecated since 0.29.0 and will be removed in 0.32.0. Use 'KeyPoints.keypoint_confidence' instead.
SupervisionWarnings: 'KeyPoints.confidence' is deprecated since 0.29.0 and will be removed in 0.32.0. Use 'KeyPoints.keypoint_confidence' instead.
SupervisionWarnings: 'KeyPoints.confidence' is deprecated since 0.29.0 and will be removed in 0.32.0. Use 'KeyPoints.keypoint_confidence' instead.
SupervisionWarnings: 'KeyPoints.confidence' is deprecated since 0.29.0 and will be removed in 0.32.0. Use 'KeyPoints.keypoint_confidence' instead.

 74%|███████▎  | 1068/1451 [18:25<07:47,  1.22s/it]SupervisionWarnings: 'KeyPoints.confidence' is deprecated since 0.29.0 and will be removed in 0.32.0. Use 'KeyPoints.keypoint_confidence' instead.
SupervisionWarnings: 'KeyPoints.confidence' is deprecated since 0.29.0 and will be removed in 0.32.0. Use 'KeyPoints.keypoint_confidence' instead.
SupervisionWarnings: 'KeyPoints.confidence' is deprecated since 0.29.0 and will be removed in 0.32.0. Use 'KeyPoints.keypoint_confidence' instead.
SupervisionWarnings: 'KeyPoints.confidence' is deprecated since 0.29.0 and will be removed in 0.32.0. Use 'KeyPoints.keypoint_confidence' instead.

 74%|███████▎  | 1069/1451 [18:26<07:45,  1.22s/it]SupervisionWarnings: 'KeyPoints.confidence' is deprecated since 0.29.0 and will be removed in 0.32.0. Use 'KeyPoints.keypoint_confidence' instead.
SupervisionWarnings: 'KeyPoints.confidence' is deprecated since 0.29.0 and will be removed in 0.32.0. Use 'KeyPoints.keypoint_confidence' instead.
SupervisionWarnings: 'KeyPoints.confidence' is deprecated since 0.29.0 and will be removed in 0.32.0. Use 'KeyPoints.keypoint_confidence' instead.
SupervisionWarnings: 'KeyPoints.confidence' is deprecated since 0.29.0 and will be removed in 0.32.0. Use 'KeyPoints.keypoint_confidence' instead.

 74%|███████▎  | 1070/1451 [18:28<07:43,  1.22s/it]SupervisionWarnings: 'KeyPoints.confidence' is deprecated since 0.29.0 and will be removed in 0.32.0. Use 'KeyPoints.keypoint_confidence' instead.
SupervisionWarnings: 'KeyPoints.confidence' is deprecated since 0.29.0 and will be removed in 0.32.0. Use 'KeyPoints.keypoint_confidence' instead.
SupervisionWarnings: 'KeyPoints.confidence' is deprecated since 0.29.0 and will be removed in 0.32.0. Use 'KeyPoints.keypoint_confidence' instead.
SupervisionWarnings: 'KeyPoints.confidence' is deprecated since 0.29.0 and will be removed in 0.32.0. Use 'KeyPoints.keypoint_confidence' instead.

 74%|███████▍  | 1071/1451 [18:29<07:43,  1.22s/it]SupervisionWarnings: 'KeyPoints.confidence' is deprecated since 0.29.0 and will be removed in 0.32.0. Use 'KeyPoints.keypoint_confidence' instead.
SupervisionWarnings: 'KeyPoints.confidence' is deprecated since 0.29.0 and will be removed in 0.32.0. Use 'KeyPoints.keypoint_confidence' instead.
SupervisionWarnings: 'KeyPoints.confidence' is deprecated since 0.29.0 and will be removed in 0.32.0. Use 'KeyPoints.keypoint_confidence' instead.
SupervisionWarnings: 'KeyPoints.confidence' is deprecated since 0.29.0 and will be removed in 0.32.0. Use 'KeyPoints.keypoint_confidence' instead.

 74%|███████▍  | 1072/1451 [18:30<06:54,  1.09s/it]SupervisionWarnings: 'KeyPoints.confidence' is deprecated since 0.29.0 and will be removed in 0.32.0. Use 'KeyPoints.keypoint_confidence' instead.
SupervisionWarnings: 'KeyPoints.confidence' is deprecated since 0.29.0 and will be removed in 0.32.0. Use 'KeyPoints.keypoint_confidence' instead.
SupervisionWarnings: 'KeyPoints.confidence' is deprecated since 0.29.0 and will be removed in 0.32.0. Use 'KeyPoints.keypoint_confidence' instead.
SupervisionWarnings: 'KeyPoints.confidence' is deprecated since 0.29.0 and will be removed in 0.32.0. Use 'KeyPoints.keypoint_confidence' instead.

 74%|███████▍  | 1073/1451 [18:31<06:27,  1.02s/it]SupervisionWarnings: 'KeyPoints.confidence' is deprecated since 0.29.0 and will be removed in 0.32.0. Use 'KeyPoints.keypoint_confidence' instead.
SupervisionWarnings: 'KeyPoints.confidence' is deprecated since 0.29.0 and will be removed in 0.32.0. Use 'KeyPoints.keypoint_confidence' instead.
SupervisionWarnings: 'KeyPoints.confidence' is deprecated since 0.29.0 and will be removed in 0.32.0. Use 'KeyPoints.keypoint_confidence' instead.
SupervisionWarnings: 'KeyPoints.confidence' is deprecated since 0.29.0 and will be removed in 0.32.0. Use 'KeyPoints.keypoint_confidence' instead.

 74%|███████▍  | 1074/1451 [18:32<06:19,  1.01s/it]SupervisionWarnings: 'KeyPoints.confidence' is deprecated since 0.29.0 and will be removed in 0.32.0. Use 'KeyPoints.keypoint_confidence' instead.
SupervisionWarnings: 'KeyPoints.confidence' is deprecated since 0.29.0 and will be removed in 0.32.0. Use 'KeyPoints.keypoint_confidence' instead.
SupervisionWarnings: 'KeyPoints.confidence' is deprecated since 0.29.0 and will be removed in 0.32.0. Use 'KeyPoints.keypoint_confidence' instead.
SupervisionWarnings: 'KeyPoints.confidence' is deprecated since 0.29.0 and will be removed in 0.32.0. Use 'KeyPoints.keypoint_confidence' instead.

 74%|███████▍  | 1075/1451 [18:33<06:17,  1.00s/it]SupervisionWarnings: 'KeyPoints.confidence' is deprecated since 0.29.0 and will be removed in 0.32.0. Use 'KeyPoints.keypoint_confidence' instead.
SupervisionWarnings: 'KeyPoints.confidence' is deprecated since 0.29.0 and will be removed in 0.32.0. Use 'KeyPoints.keypoint_confidence' instead.
SupervisionWarnings: 'KeyPoints.confidence' is deprecated since 0.29.0 and will be removed in 0.32.0. Use 'KeyPoints.keypoint_confidence' instead.
SupervisionWarnings: 'KeyPoints.confidence' is deprecated since 0.29.0 and will be removed in 0.32.0. Use 'KeyPoints.keypoint_confidence' instead.

 74%|███████▍  | 1076/1451 [18:33<06:07,  1.02it/s]SupervisionWarnings: 'KeyPoints.confidence' is deprecated since 0.29.0 and will be removed in 0.32.0. Use 'KeyPoints.keypoint_confidence' instead.
SupervisionWarnings: 'KeyPoints.confidence' is deprecated since 0.29.0 and will be removed in 0.32.0. Use 'KeyPoints.keypoint_confidence' instead.
SupervisionWarnings: 'KeyPoints.confidence' is deprecated since 0.29.0 and will be removed in 0.32.0. Use 'KeyPoints.keypoint_confidence' instead.
SupervisionWarnings: 'KeyPoints.confidence' is deprecated since 0.29.0 and will be removed in 0.32.0. Use 'KeyPoints.keypoint_confidence' instead.

 74%|███████▍  | 1077/1451 [18:34<05:44,  1.09it/s]SupervisionWarnings: 'KeyPoints.confidence' is deprecated since 0.29.0 and will be removed in 0.32.0. Use 'KeyPoints.keypoint_confidence' instead.
SupervisionWarnings: 'KeyPoints.confidence' is deprecated since 0.29.0 and will be removed in 0.32.0. Use 'KeyPoints.keypoint_confidence' instead.
SupervisionWarnings: 'KeyPoints.confidence' is deprecated since 0.29.0 and will be removed in 0.32.0. Use 'KeyPoints.keypoint_confidence' instead.
SupervisionWarnings: 'KeyPoints.confidence' is deprecated since 0.29.0 and will be removed in 0.32.0. Use 'KeyPoints.keypoint_confidence' instead.

 74%|███████▍  | 1078/1451 [18:35<05:31,  1.13it/s]SupervisionWarnings: 'KeyPoints.confidence' is deprecated since 0.29.0 and will be removed in 0.32.0. Use 'KeyPoints.keypoint_confidence' instead.
SupervisionWarnings: 'KeyPoints.confidence' is deprecated since 0.29.0 and will be removed in 0.32.0. Use 'KeyPoints.keypoint_confidence' instead.
SupervisionWarnings: 'KeyPoints.confidence' is deprecated since 0.29.0 and will be removed in 0.32.0. Use 'KeyPoints.keypoint_confidence' instead.
SupervisionWarnings: 'KeyPoints.confidence' is deprecated since 0.29.0 and will be removed in 0.32.0. Use 'KeyPoints.keypoint_confidence' instead.

 74%|███████▍  | 1079/1451 [18:36<05:18,  1.17it/s]SupervisionWarnings: 'KeyPoints.confidence' is deprecated since 0.29.0 and will be removed in 0.32.0. Use 'KeyPoints.keypoint_confidence' instead.
SupervisionWarnings: 'KeyPoints.confidence' is deprecated since 0.29.0 and will be removed in 0.32.0. Use 'KeyPoints.keypoint_confidence' instead.
SupervisionWarnings: 'KeyPoints.confidence' is deprecated since 0.29.0 and will be removed in 0.32.0. Use 'KeyPoints.keypoint_confidence' instead.
SupervisionWarnings: 'KeyPoints.confidence' is deprecated since 0.29.0 and will be removed in 0.32.0. Use 'KeyPoints.keypoint_confidence' instead.

 74%|███████▍  | 1080/1451 [18:37<05:12,  1.19it/s]SupervisionWarnings: 'KeyPoints.confidence' is deprecated since 0.29.0 and will be removed in 0.32.0. Use 'KeyPoints.keypoint_confidence' instead.
SupervisionWarnings: 'KeyPoints.confidence' is deprecated since 0.29.0 and will be removed in 0.32.0. Use 'KeyPoints.keypoint_confidence' instead.
SupervisionWarnings: 'KeyPoints.confidence' is deprecated since 0.29.0 and will be removed in 0.32.0. Use 'KeyPoints.keypoint_confidence' instead.
SupervisionWarnings: 'KeyPoints.confidence' is deprecated since 0.29.0 and will be removed in 0.32.0. Use 'KeyPoints.keypoint_confidence' instead.

 75%|███████▍  | 1081/1451 [18:37<05:06,  1.21it/s]SupervisionWarnings: 'KeyPoints.confidence' is deprecated since 0.29.0 and will be removed in 0.32.0. Use 'KeyPoints.keypoint_confidence' instead.
SupervisionWarnings: 'KeyPoints.confidence' is deprecated since 0.29.0 and will be removed in 0.32.0. Use 'KeyPoints.keypoint_confidence' instead.
SupervisionWarnings: 'KeyPoints.confidence' is deprecated since 0.29.0 and will be removed in 0.32.0. Use 'KeyPoints.keypoint_confidence' instead.
SupervisionWarnings: 'KeyPoints.confidence' is deprecated since 0.29.0 and will be removed in 0.32.0. Use 'KeyPoints.keypoint_confidence' instead.

 75%|███████▍  | 1082/1451 [18:38<05:01,  1.22it/s]SupervisionWarnings: 'KeyPoints.confidence' is deprecated since 0.29.0 and will be removed in 0.32.0. Use 'KeyPoints.keypoint_confidence' instead.
SupervisionWarnings: 'KeyPoints.confidence' is deprecated since 0.29.0 and will be removed in 0.32.0. Use 'KeyPoints.keypoint_confidence' instead.
SupervisionWarnings: 'KeyPoints.confidence' is deprecated since 0.29.0 and will be removed in 0.32.0. Use 'KeyPoints.keypoint_confidence' instead.
SupervisionWarnings: 'KeyPoints.confidence' is deprecated since 0.29.0 and will be removed in 0.32.0. Use 'KeyPoints.keypoint_confidence' instead.

 75%|███████▍  | 1083/1451 [18:39<04:58,  1.23it/s]SupervisionWarnings: 'KeyPoints.confidence' is deprecated since 0.29.0 and will be removed in 0.32.0. Use 'KeyPoints.keypoint_confidence' instead.
SupervisionWarnings: 'KeyPoints.confidence' is deprecated since 0.29.0 and will be removed in 0.32.0. Use 'KeyPoints.keypoint_confidence' instead.
SupervisionWarnings: 'KeyPoints.confidence' is deprecated since 0.29.0 and will be removed in 0.32.0. Use 'KeyPoints.keypoint_confidence' instead.
SupervisionWarnings: 'KeyPoints.confidence' is deprecated since 0.29.0 and will be removed in 0.32.0. Use 'KeyPoints.keypoint_confidence' instead.

 75%|███████▍  | 1084/1451 [18:40<04:54,  1.24it/s]SupervisionWarnings: 'KeyPoints.confidence' is deprecated since 0.29.0 and will be removed in 0.32.0. Use 'KeyPoints.keypoint_confidence' instead.
SupervisionWarnings: 'KeyPoints.confidence' is deprecated since 0.29.0 and will be removed in 0.32.0. Use 'KeyPoints.keypoint_confidence' instead.
SupervisionWarnings: 'KeyPoints.confidence' is deprecated since 0.29.0 and will be removed in 0.32.0. Use 'KeyPoints.keypoint_confidence' instead.
SupervisionWarnings: 'KeyPoints.confidence' is deprecated since 0.29.0 and will be removed in 0.32.0. Use 'KeyPoints.keypoint_confidence' instead.

 75%|███████▍  | 1085/1451 [18:41<04:51,  1.25it/s]SupervisionWarnings: 'KeyPoints.confidence' is deprecated since 0.29.0 and will be removed in 0.32.0. Use 'KeyPoints.keypoint_confidence' instead.
SupervisionWarnings: 'KeyPoints.confidence' is deprecated since 0.29.0 and will be removed in 0.32.0. Use 'KeyPoints.keypoint_confidence' instead.
SupervisionWarnings: 'KeyPoints.confidence' is deprecated since 0.29.0 and will be removed in 0.32.0. Use 'KeyPoints.keypoint_confidence' instead.
SupervisionWarnings: 'KeyPoints.confidence' is deprecated since 0.29.0 and will be removed in 0.32.0. Use 'KeyPoints.keypoint_confidence' instead.

 75%|███████▍  | 1086/1451 [18:41<04:51,  1.25it/s]SupervisionWarnings: 'KeyPoints.confidence' is deprecated since 0.29.0 and will be removed in 0.32.0. Use 'KeyPoints.keypoint_confidence' instead.
SupervisionWarnings: 'KeyPoints.confidence' is deprecated since 0.29.0 and will be removed in 0.32.0. Use 'KeyPoints.keypoint_confidence' instead.
SupervisionWarnings: 'KeyPoints.confidence' is deprecated since 0.29.0 and will be removed in 0.32.0. Use 'KeyPoints.keypoint_confidence' instead.
SupervisionWarnings: 'KeyPoints.confidence' is deprecated since 0.29.0 and will be removed in 0.32.0. Use 'KeyPoints.keypoint_confidence' instead.

 75%|███████▍  | 1087/1451 [18:42<04:48,  1.26it/s]SupervisionWarnings: 'KeyPoints.confidence' is deprecated since 0.29.0 and will be removed in 0.32.0. Use 'KeyPoints.keypoint_confidence' instead.
SupervisionWarnings: 'KeyPoints.confidence' is deprecated since 0.29.0 and will be removed in 0.32.0. Use 'KeyPoints.keypoint_confidence' instead.
SupervisionWarnings: 'KeyPoints.confidence' is deprecated since 0.29.0 and will be removed in 0.32.0. Use 'KeyPoints.keypoint_confidence' instead.
SupervisionWarnings: 'KeyPoints.confidence' is deprecated since 0.29.0 and will be removed in 0.32.0. Use 'KeyPoints.keypoint_confidence' instead.

 75%|███████▍  | 1088/1451 [18:43<04:49,  1.25it/s]SupervisionWarnings: 'KeyPoints.confidence' is deprecated since 0.29.0 and will be removed in 0.32.0. Use 'KeyPoints.keypoint_confidence' instead.
SupervisionWarnings: 'KeyPoints.confidence' is deprecated since 0.29.0 and will be removed in 0.32.0. Use 'KeyPoints.keypoint_confidence' instead.
SupervisionWarnings: 'KeyPoints.confidence' is deprecated since 0.29.0 and will be removed in 0.32.0. Use 'KeyPoints.keypoint_confidence' instead.
SupervisionWarnings: 'KeyPoints.confidence' is deprecated since 0.29.0 and will be removed in 0.32.0. Use 'KeyPoints.keypoint_confidence' instead.

 75%|███████▌  | 1089/1451 [18:44<04:56,  1.22it/s]SupervisionWarnings: 'KeyPoints.confidence' is deprecated since 0.29.0 and will be removed in 0.32.0. Use 'KeyPoints.keypoint_confidence' instead.
SupervisionWarnings: 'KeyPoints.confidence' is deprecated since 0.29.0 and will be removed in 0.32.0. Use 'KeyPoints.keypoint_confidence' instead.
SupervisionWarnings: 'KeyPoints.confidence' is deprecated since 0.29.0 and will be removed in 0.32.0. Use 'KeyPoints.keypoint_confidence' instead.
SupervisionWarnings: 'KeyPoints.confidence' is deprecated since 0.29.0 and will be removed in 0.32.0. Use 'KeyPoints.keypoint_confidence' instead.

 75%|███████▌  | 1090/1451 [18:45<05:06,  1.18it/s]SupervisionWarnings: 'KeyPoints.confidence' is deprecated since 0.29.0 and will be removed in 0.32.0. Use 'KeyPoints.keypoint_confidence' instead.
SupervisionWarnings: 'KeyPoints.confidence' is deprecated since 0.29.0 and will be removed in 0.32.0. Use 'KeyPoints.keypoint_confidence' instead.
SupervisionWarnings: 'KeyPoints.confidence' is deprecated since 0.29.0 and will be removed in 0.32.0. Use 'KeyPoints.keypoint_confidence' instead.
SupervisionWarnings: 'KeyPoints.confidence' is deprecated since 0.29.0 and will be removed in 0.32.0. Use 'KeyPoints.keypoint_confidence' instead.

 75%|███████▌  | 1091/1451 [18:46<05:10,  1.16it/s]SupervisionWarnings: 'KeyPoints.confidence' is deprecated since 0.29.0 and will be removed in 0.32.0. Use 'KeyPoints.keypoint_confidence' instead.
SupervisionWarnings: 'KeyPoints.confidence' is deprecated since 0.29.0 and will be removed in 0.32.0. Use 'KeyPoints.keypoint_confidence' instead.
SupervisionWarnings: 'KeyPoints.confidence' is deprecated since 0.29.0 and will be removed in 0.32.0. Use 'KeyPoints.keypoint_confidence' instead.
SupervisionWarnings: 'KeyPoints.confidence' is deprecated since 0.29.0 and will be removed in 0.32.0. Use 'KeyPoints.keypoint_confidence' instead.

 75%|███████▌  | 1092/1451 [18:47<05:20,  1.12it/s]SupervisionWarnings: 'KeyPoints.confidence' is deprecated since 0.29.0 and will be removed in 0.32.0. Use 'KeyPoints.keypoint_confidence' instead.
SupervisionWarnings: 'KeyPoints.confidence' is deprecated since 0.29.0 and will be removed in 0.32.0. Use 'KeyPoints.keypoint_confidence' instead.
SupervisionWarnings: 'KeyPoints.confidence' is deprecated since 0.29.0 and will be removed in 0.32.0. Use 'KeyPoints.keypoint_confidence' instead.
SupervisionWarnings: 'KeyPoints.confidence' is deprecated since 0.29.0 and will be removed in 0.32.0. Use 'KeyPoints.keypoint_confidence' instead.

 75%|███████▌  | 1093/1451 [18:47<05:10,  1.15it/s]SupervisionWarnings: 'KeyPoints.confidence' is deprecated since 0.29.0 and will be removed in 0.32.0. Use 'KeyPoints.keypoint_confidence' instead.
SupervisionWarnings: 'KeyPoints.confidence' is deprecated since 0.29.0 and will be removed in 0.32.0. Use 'KeyPoints.keypoint_confidence' instead.
SupervisionWarnings: 'KeyPoints.confidence' is deprecated since 0.29.0 and will be removed in 0.32.0. Use 'KeyPoints.keypoint_confidence' instead.
SupervisionWarnings: 'KeyPoints.confidence' is deprecated since 0.29.0 and will be removed in 0.32.0. Use 'KeyPoints.keypoint_confidence' instead.

 75%|███████▌  | 1094/1451 [18:48<05:06,  1.16it/s]SupervisionWarnings: 'KeyPoints.confidence' is deprecated since 0.29.0 and will be removed in 0.32.0. Use 'KeyPoints.keypoint_confidence' instead.
SupervisionWarnings: 'KeyPoints.confidence' is deprecated since 0.29.0 and will be removed in 0.32.0. Use 'KeyPoints.keypoint_confidence' instead.
SupervisionWarnings: 'KeyPoints.confidence' is deprecated since 0.29.0 and will be removed in 0.32.0. Use 'KeyPoints.keypoint_confidence' instead.
SupervisionWarnings: 'KeyPoints.confidence' is deprecated since 0.29.0 and will be removed in 0.32.0. Use 'KeyPoints.keypoint_confidence' instead.

 75%|███████▌  | 1095/1451 [18:49<04:58,  1.19it/s]SupervisionWarnings: 'KeyPoints.confidence' is deprecated since 0.29.0 and will be removed in 0.32.0. Use 'KeyPoints.keypoint_confidence' instead.
SupervisionWarnings: 'KeyPoints.confidence' is deprecated since 0.29.0 and will be removed in 0.32.0. Use 'KeyPoints.keypoint_confidence' instead.
SupervisionWarnings: 'KeyPoints.confidence' is deprecated since 0.29.0 and will be removed in 0.32.0. Use 'KeyPoints.keypoint_confidence' instead.
SupervisionWarnings: 'KeyPoints.confidence' is deprecated since 0.29.0 and will be removed in 0.32.0. Use 'KeyPoints.keypoint_confidence' instead.

 76%|███████▌  | 1096/1451 [18:50<05:39,  1.05it/s]SupervisionWarnings: 'KeyPoints.confidence' is deprecated since 0.29.0 and will be removed in 0.32.0. Use 'KeyPoints.keypoint_confidence' instead.
SupervisionWarnings: 'KeyPoints.confidence' is deprecated since 0.29.0 and will be removed in 0.32.0. Use 'KeyPoints.keypoint_confidence' instead.
SupervisionWarnings: 'KeyPoints.confidence' is deprecated since 0.29.0 and will be removed in 0.32.0. Use 'KeyPoints.keypoint_confidence' instead.
SupervisionWarnings: 'KeyPoints.confidence' is deprecated since 0.29.0 and will be removed in 0.32.0. Use 'KeyPoints.keypoint_confidence' instead.

 76%|███████▌  | 1097/1451 [18:52<06:05,  1.03s/it]SupervisionWarnings: 'KeyPoints.confidence' is deprecated since 0.29.0 and will be removed in 0.32.0. Use 'KeyPoints.keypoint_confidence' instead.
SupervisionWarnings: 'KeyPoints.confidence' is deprecated since 0.29.0 and will be removed in 0.32.0. Use 'KeyPoints.keypoint_confidence' instead.
SupervisionWarnings: 'KeyPoints.confidence' is deprecated since 0.29.0 and will be removed in 0.32.0. Use 'KeyPoints.keypoint_confidence' instead.
SupervisionWarnings: 'KeyPoints.confidence' is deprecated since 0.29.0 and will be removed in 0.32.0. Use 'KeyPoints.keypoint_confidence' instead.

 76%|███████▌  | 1098/1451 [18:53<06:24,  1.09s/it]SupervisionWarnings: 'KeyPoints.confidence' is deprecated since 0.29.0 and will be removed in 0.32.0. Use 'KeyPoints.keypoint_confidence' instead.
SupervisionWarnings: 'KeyPoints.confidence' is deprecated since 0.29.0 and will be removed in 0.32.0. Use 'KeyPoints.keypoint_confidence' instead.
SupervisionWarnings: 'KeyPoints.confidence' is deprecated since 0.29.0 and will be removed in 0.32.0. Use 'KeyPoints.keypoint_confidence' instead.
SupervisionWarnings: 'KeyPoints.confidence' is deprecated since 0.29.0 and will be removed in 0.32.0. Use 'KeyPoints.keypoint_confidence' instead.

 76%|███████▌  | 1099/1451 [18:54<06:34,  1.12s/it]SupervisionWarnings: 'KeyPoints.confidence' is deprecated since 0.29.0 and will be removed in 0.32.0. Use 'KeyPoints.keypoint_confidence' instead.
SupervisionWarnings: 'KeyPoints.confidence' is deprecated since 0.29.0 and will be removed in 0.32.0. Use 'KeyPoints.keypoint_confidence' instead.
SupervisionWarnings: 'KeyPoints.confidence' is deprecated since 0.29.0 and will be removed in 0.32.0. Use 'KeyPoints.keypoint_confidence' instead.
SupervisionWarnings: 'KeyPoints.confidence' is deprecated since 0.29.0 and will be removed in 0.32.0. Use 'KeyPoints.keypoint_confidence' instead.

 76%|███████▌  | 1100/1451 [18:55<06:40,  1.14s/it]SupervisionWarnings: 'KeyPoints.confidence' is deprecated since 0.29.0 and will be removed in 0.32.0. Use 'KeyPoints.keypoint_confidence' instead.
SupervisionWarnings: 'KeyPoints.confidence' is deprecated since 0.29.0 and will be removed in 0.32.0. Use 'KeyPoints.keypoint_confidence' instead.
SupervisionWarnings: 'KeyPoints.confidence' is deprecated since 0.29.0 and will be removed in 0.32.0. Use 'KeyPoints.keypoint_confidence' instead.
SupervisionWarnings: 'KeyPoints.confidence' is deprecated since 0.29.0 and will be removed in 0.32.0. Use 'KeyPoints.keypoint_confidence' instead.

 76%|███████▌  | 1101/1451 [18:56<06:46,  1.16s/it]SupervisionWarnings: 'KeyPoints.confidence' is deprecated since 0.29.0 and will be removed in 0.32.0. Use 'KeyPoints.keypoint_confidence' instead.
SupervisionWarnings: 'KeyPoints.confidence' is deprecated since 0.29.0 and will be removed in 0.32.0. Use 'KeyPoints.keypoint_confidence' instead.
SupervisionWarnings: 'KeyPoints.confidence' is deprecated since 0.29.0 and will be removed in 0.32.0. Use 'KeyPoints.keypoint_confidence' instead.
SupervisionWarnings: 'KeyPoints.confidence' is deprecated since 0.29.0 and will be removed in 0.32.0. Use 'KeyPoints.keypoint_confidence' instead.

 76%|███████▌  | 1102/1451 [18:58<07:09,  1.23s/it]SupervisionWarnings: 'KeyPoints.confidence' is deprecated since 0.29.0 and will be removed in 0.32.0. Use 'KeyPoints.keypoint_confidence' instead.
SupervisionWarnings: 'KeyPoints.confidence' is deprecated since 0.29.0 and will be removed in 0.32.0. Use 'KeyPoints.keypoint_confidence' instead.
SupervisionWarnings: 'KeyPoints.confidence' is deprecated since 0.29.0 and will be removed in 0.32.0. Use 'KeyPoints.keypoint_confidence' instead.
SupervisionWarnings: 'KeyPoints.confidence' is deprecated since 0.29.0 and will be removed in 0.32.0. Use 'KeyPoints.keypoint_confidence' instead.

 76%|███████▌  | 1103/1451 [18:59<07:35,  1.31s/it]SupervisionWarnings: 'KeyPoints.confidence' is deprecated since 0.29.0 and will be removed in 0.32.0. Use 'KeyPoints.keypoint_confidence' instead.
SupervisionWarnings: 'KeyPoints.confidence' is deprecated since 0.29.0 and will be removed in 0.32.0. Use 'KeyPoints.keypoint_confidence' instead.
SupervisionWarnings: 'KeyPoints.confidence' is deprecated since 0.29.0 and will be removed in 0.32.0. Use 'KeyPoints.keypoint_confidence' instead.
SupervisionWarnings: 'KeyPoints.confidence' is deprecated since 0.29.0 and will be removed in 0.32.0. Use 'KeyPoints.keypoint_confidence' instead.

 76%|███████▌  | 1104/1451 [19:01<07:37,  1.32s/it]SupervisionWarnings: 'KeyPoints.confidence' is deprecated since 0.29.0 and will be removed in 0.32.0. Use 'KeyPoints.keypoint_confidence' instead.
SupervisionWarnings: 'KeyPoints.confidence' is deprecated since 0.29.0 and will be removed in 0.32.0. Use 'KeyPoints.keypoint_confidence' instead.
SupervisionWarnings: 'KeyPoints.confidence' is deprecated since 0.29.0 and will be removed in 0.32.0. Use 'KeyPoints.keypoint_confidence' instead.
SupervisionWarnings: 'KeyPoints.confidence' is deprecated since 0.29.0 and will be removed in 0.32.0. Use 'KeyPoints.keypoint_confidence' instead.

 76%|███████▌  | 1105/1451 [19:02<07:28,  1.30s/it]SupervisionWarnings: 'KeyPoints.confidence' is deprecated since 0.29.0 and will be removed in 0.32.0. Use 'KeyPoints.keypoint_confidence' instead.
SupervisionWarnings: 'KeyPoints.confidence' is deprecated since 0.29.0 and will be removed in 0.32.0. Use 'KeyPoints.keypoint_confidence' instead.
SupervisionWarnings: 'KeyPoints.confidence' is deprecated since 0.29.0 and will be removed in 0.32.0. Use 'KeyPoints.keypoint_confidence' instead.
SupervisionWarnings: 'KeyPoints.confidence' is deprecated since 0.29.0 and will be removed in 0.32.0. Use 'KeyPoints.keypoint_confidence' instead.

 76%|███████▌  | 1106/1451 [19:03<07:19,  1.27s/it]SupervisionWarnings: 'KeyPoints.confidence' is deprecated since 0.29.0 and will be removed in 0.32.0. Use 'KeyPoints.keypoint_confidence' instead.
SupervisionWarnings: 'KeyPoints.confidence' is deprecated since 0.29.0 and will be removed in 0.32.0. Use 'KeyPoints.keypoint_confidence' instead.
SupervisionWarnings: 'KeyPoints.confidence' is deprecated since 0.29.0 and will be removed in 0.32.0. Use 'KeyPoints.keypoint_confidence' instead.
SupervisionWarnings: 'KeyPoints.confidence' is deprecated since 0.29.0 and will be removed in 0.32.0. Use 'KeyPoints.keypoint_confidence' instead.

 76%|███████▋  | 1107/1451 [19:04<06:31,  1.14s/it]SupervisionWarnings: 'KeyPoints.confidence' is deprecated since 0.29.0 and will be removed in 0.32.0. Use 'KeyPoints.keypoint_confidence' instead.
SupervisionWarnings: 'KeyPoints.confidence' is deprecated since 0.29.0 and will be removed in 0.32.0. Use 'KeyPoints.keypoint_confidence' instead.
SupervisionWarnings: 'KeyPoints.confidence' is deprecated since 0.29.0 and will be removed in 0.32.0. Use 'KeyPoints.keypoint_confidence' instead.
SupervisionWarnings: 'KeyPoints.confidence' is deprecated since 0.29.0 and will be removed in 0.32.0. Use 'KeyPoints.keypoint_confidence' instead.

 76%|███████▋  | 1108/1451 [19:05<05:57,  1.04s/it]SupervisionWarnings: 'KeyPoints.confidence' is deprecated since 0.29.0 and will be removed in 0.32.0. Use 'KeyPoints.keypoint_confidence' instead.
SupervisionWarnings: 'KeyPoints.confidence' is deprecated since 0.29.0 and will be removed in 0.32.0. Use 'KeyPoints.keypoint_confidence' instead.
SupervisionWarnings: 'KeyPoints.confidence' is deprecated since 0.29.0 and will be removed in 0.32.0. Use 'KeyPoints.keypoint_confidence' instead.
SupervisionWarnings: 'KeyPoints.confidence' is deprecated since 0.29.0 and will be removed in 0.32.0. Use 'KeyPoints.keypoint_confidence' instead.

 76%|███████▋  | 1109/1451 [19:05<05:30,  1.04it/s]SupervisionWarnings: 'KeyPoints.confidence' is deprecated since 0.29.0 and will be removed in 0.32.0. Use 'KeyPoints.keypoint_confidence' instead.
SupervisionWarnings: 'KeyPoints.confidence' is deprecated since 0.29.0 and will be removed in 0.32.0. Use 'KeyPoints.keypoint_confidence' instead.
SupervisionWarnings: 'KeyPoints.confidence' is deprecated since 0.29.0 and will be removed in 0.32.0. Use 'KeyPoints.keypoint_confidence' instead.
SupervisionWarnings: 'KeyPoints.confidence' is deprecated since 0.29.0 and will be removed in 0.32.0. Use 'KeyPoints.keypoint_confidence' instead.

 76%|███████▋  | 1110/1451 [19:06<05:12,  1.09it/s]SupervisionWarnings: 'KeyPoints.confidence' is deprecated since 0.29.0 and will be removed in 0.32.0. Use 'KeyPoints.keypoint_confidence' instead.
SupervisionWarnings: 'KeyPoints.confidence' is deprecated since 0.29.0 and will be removed in 0.32.0. Use 'KeyPoints.keypoint_confidence' instead.
SupervisionWarnings: 'KeyPoints.confidence' is deprecated since 0.29.0 and will be removed in 0.32.0. Use 'KeyPoints.keypoint_confidence' instead.
SupervisionWarnings: 'KeyPoints.confidence' is deprecated since 0.29.0 and will be removed in 0.32.0. Use 'KeyPoints.keypoint_confidence' instead.

 77%|███████▋  | 1111/1451 [19:07<05:00,  1.13it/s]SupervisionWarnings: 'KeyPoints.confidence' is deprecated since 0.29.0 and will be removed in 0.32.0. Use 'KeyPoints.keypoint_confidence' instead.
SupervisionWarnings: 'KeyPoints.confidence' is deprecated since 0.29.0 and will be removed in 0.32.0. Use 'KeyPoints.keypoint_confidence' instead.
SupervisionWarnings: 'KeyPoints.confidence' is deprecated since 0.29.0 and will be removed in 0.32.0. Use 'KeyPoints.keypoint_confidence' instead.
SupervisionWarnings: 'KeyPoints.confidence' is deprecated since 0.29.0 and will be removed in 0.32.0. Use 'KeyPoints.keypoint_confidence' instead.

 77%|███████▋  | 1112/1451 [19:08<04:51,  1.16it/s]SupervisionWarnings: 'KeyPoints.confidence' is deprecated since 0.29.0 and will be removed in 0.32.0. Use 'KeyPoints.keypoint_confidence' instead.
SupervisionWarnings: 'KeyPoints.confidence' is deprecated since 0.29.0 and will be removed in 0.32.0. Use 'KeyPoints.keypoint_confidence' instead.
SupervisionWarnings: 'KeyPoints.confidence' is deprecated since 0.29.0 and will be removed in 0.32.0. Use 'KeyPoints.keypoint_confidence' instead.
SupervisionWarnings: 'KeyPoints.confidence' is deprecated since 0.29.0 and will be removed in 0.32.0. Use 'KeyPoints.keypoint_confidence' instead.

 77%|███████▋  | 1113/1451 [19:09<04:45,  1.19it/s]SupervisionWarnings: 'KeyPoints.confidence' is deprecated since 0.29.0 and will be removed in 0.32.0. Use 'KeyPoints.keypoint_confidence' instead.
SupervisionWarnings: 'KeyPoints.confidence' is deprecated since 0.29.0 and will be removed in 0.32.0. Use 'KeyPoints.keypoint_confidence' instead.
SupervisionWarnings: 'KeyPoints.confidence' is deprecated since 0.29.0 and will be removed in 0.32.0. Use 'KeyPoints.keypoint_confidence' instead.
SupervisionWarnings: 'KeyPoints.confidence' is deprecated since 0.29.0 and will be removed in 0.32.0. Use 'KeyPoints.keypoint_confidence' instead.

 77%|███████▋  | 1114/1451 [19:09<04:39,  1.21it/s]SupervisionWarnings: 'KeyPoints.confidence' is deprecated since 0.29.0 and will be removed in 0.32.0. Use 'KeyPoints.keypoint_confidence' instead.
SupervisionWarnings: 'KeyPoints.confidence' is deprecated since 0.29.0 and will be removed in 0.32.0. Use 'KeyPoints.keypoint_confidence' instead.
SupervisionWarnings: 'KeyPoints.confidence' is deprecated since 0.29.0 and will be removed in 0.32.0. Use 'KeyPoints.keypoint_confidence' instead.
SupervisionWarnings: 'KeyPoints.confidence' is deprecated since 0.29.0 and will be removed in 0.32.0. Use 'KeyPoints.keypoint_confidence' instead.

 77%|███████▋  | 1115/1451 [19:10<04:52,  1.15it/s]SupervisionWarnings: 'KeyPoints.confidence' is deprecated since 0.29.0 and will be removed in 0.32.0. Use 'KeyPoints.keypoint_confidence' instead.
SupervisionWarnings: 'KeyPoints.confidence' is deprecated since 0.29.0 and will be removed in 0.32.0. Use 'KeyPoints.keypoint_confidence' instead.
SupervisionWarnings: 'KeyPoints.confidence' is deprecated since 0.29.0 and will be removed in 0.32.0. Use 'KeyPoints.keypoint_confidence' instead.
SupervisionWarnings: 'KeyPoints.confidence' is deprecated since 0.29.0 and will be removed in 0.32.0. Use 'KeyPoints.keypoint_confidence' instead.

 77%|███████▋  | 1116/1451 [19:11<05:07,  1.09it/s]SupervisionWarnings: 'KeyPoints.confidence' is deprecated since 0.29.0 and will be removed in 0.32.0. Use 'KeyPoints.keypoint_confidence' instead.
SupervisionWarnings: 'KeyPoints.confidence' is deprecated since 0.29.0 and will be removed in 0.32.0. Use 'KeyPoints.keypoint_confidence' instead.
SupervisionWarnings: 'KeyPoints.confidence' is deprecated since 0.29.0 and will be removed in 0.32.0. Use 'KeyPoints.keypoint_confidence' instead.
SupervisionWarnings: 'KeyPoints.confidence' is deprecated since 0.29.0 and will be removed in 0.32.0. Use 'KeyPoints.keypoint_confidence' instead.

 77%|███████▋  | 1117/1451 [19:12<05:13,  1.07it/s]SupervisionWarnings: 'KeyPoints.confidence' is deprecated since 0.29.0 and will be removed in 0.32.0. Use 'KeyPoints.keypoint_confidence' instead.
SupervisionWarnings: 'KeyPoints.confidence' is deprecated since 0.29.0 and will be removed in 0.32.0. Use 'KeyPoints.keypoint_confidence' instead.
SupervisionWarnings: 'KeyPoints.confidence' is deprecated since 0.29.0 and will be removed in 0.32.0. Use 'KeyPoints.keypoint_confidence' instead.
SupervisionWarnings: 'KeyPoints.confidence' is deprecated since 0.29.0 and will be removed in 0.32.0. Use 'KeyPoints.keypoint_confidence' instead.

 77%|███████▋  | 1118/1451 [19:13<05:02,  1.10it/s]SupervisionWarnings: 'KeyPoints.confidence' is deprecated since 0.29.0 and will be removed in 0.32.0. Use 'KeyPoints.keypoint_confidence' instead.
SupervisionWarnings: 'KeyPoints.confidence' is deprecated since 0.29.0 and will be removed in 0.32.0. Use 'KeyPoints.keypoint_confidence' instead.
SupervisionWarnings: 'KeyPoints.confidence' is deprecated since 0.29.0 and will be removed in 0.32.0. Use 'KeyPoints.keypoint_confidence' instead.
SupervisionWarnings: 'KeyPoints.confidence' is deprecated since 0.29.0 and will be removed in 0.32.0. Use 'KeyPoints.keypoint_confidence' instead.

 77%|███████▋  | 1119/1451 [19:14<04:52,  1.13it/s]SupervisionWarnings: 'KeyPoints.confidence' is deprecated since 0.29.0 and will be removed in 0.32.0. Use 'KeyPoints.keypoint_confidence' instead.
SupervisionWarnings: 'KeyPoints.confidence' is deprecated since 0.29.0 and will be removed in 0.32.0. Use 'KeyPoints.keypoint_confidence' instead.
SupervisionWarnings: 'KeyPoints.confidence' is deprecated since 0.29.0 and will be removed in 0.32.0. Use 'KeyPoints.keypoint_confidence' instead.
SupervisionWarnings: 'KeyPoints.confidence' is deprecated since 0.29.0 and will be removed in 0.32.0. Use 'KeyPoints.keypoint_confidence' instead.

 77%|███████▋  | 1120/1451 [19:15<04:44,  1.17it/s]SupervisionWarnings: 'KeyPoints.confidence' is deprecated since 0.29.0 and will be removed in 0.32.0. Use 'KeyPoints.keypoint_confidence' instead.
SupervisionWarnings: 'KeyPoints.confidence' is deprecated since 0.29.0 and will be removed in 0.32.0. Use 'KeyPoints.keypoint_confidence' instead.
SupervisionWarnings: 'KeyPoints.confidence' is deprecated since 0.29.0 and will be removed in 0.32.0. Use 'KeyPoints.keypoint_confidence' instead.
SupervisionWarnings: 'KeyPoints.confidence' is deprecated since 0.29.0 and will be removed in 0.32.0. Use 'KeyPoints.keypoint_confidence' instead.

 77%|███████▋  | 1121/1451 [19:16<04:39,  1.18it/s]SupervisionWarnings: 'KeyPoints.confidence' is deprecated since 0.29.0 and will be removed in 0.32.0. Use 'KeyPoints.keypoint_confidence' instead.
SupervisionWarnings: 'KeyPoints.confidence' is deprecated since 0.29.0 and will be removed in 0.32.0. Use 'KeyPoints.keypoint_confidence' instead.
SupervisionWarnings: 'KeyPoints.confidence' is deprecated since 0.29.0 and will be removed in 0.32.0. Use 'KeyPoints.keypoint_confidence' instead.
SupervisionWarnings: 'KeyPoints.confidence' is deprecated since 0.29.0 and will be removed in 0.32.0. Use 'KeyPoints.keypoint_confidence' instead.

 77%|███████▋  | 1122/1451 [19:17<04:35,  1.19it/s]SupervisionWarnings: 'KeyPoints.confidence' is deprecated since 0.29.0 and will be removed in 0.32.0. Use 'KeyPoints.keypoint_confidence' instead.
SupervisionWarnings: 'KeyPoints.confidence' is deprecated since 0.29.0 and will be removed in 0.32.0. Use 'KeyPoints.keypoint_confidence' instead.
SupervisionWarnings: 'KeyPoints.confidence' is deprecated since 0.29.0 and will be removed in 0.32.0. Use 'KeyPoints.keypoint_confidence' instead.
SupervisionWarnings: 'KeyPoints.confidence' is deprecated since 0.29.0 and will be removed in 0.32.0. Use 'KeyPoints.keypoint_confidence' instead.

 77%|███████▋  | 1123/1451 [19:17<04:34,  1.19it/s]SupervisionWarnings: 'KeyPoints.confidence' is deprecated since 0.29.0 and will be removed in 0.32.0. Use 'KeyPoints.keypoint_confidence' instead.
SupervisionWarnings: 'KeyPoints.confidence' is deprecated since 0.29.0 and will be removed in 0.32.0. Use 'KeyPoints.keypoint_confidence' instead.
SupervisionWarnings: 'KeyPoints.confidence' is deprecated since 0.29.0 and will be removed in 0.32.0. Use 'KeyPoints.keypoint_confidence' instead.
SupervisionWarnings: 'KeyPoints.confidence' is deprecated since 0.29.0 and will be removed in 0.32.0. Use 'KeyPoints.keypoint_confidence' instead.

 77%|███████▋  | 1124/1451 [19:18<04:32,  1.20it/s]SupervisionWarnings: 'KeyPoints.confidence' is deprecated since 0.29.0 and will be removed in 0.32.0. Use 'KeyPoints.keypoint_confidence' instead.
SupervisionWarnings: 'KeyPoints.confidence' is deprecated since 0.29.0 and will be removed in 0.32.0. Use 'KeyPoints.keypoint_confidence' instead.
SupervisionWarnings: 'KeyPoints.confidence' is deprecated since 0.29.0 and will be removed in 0.32.0. Use 'KeyPoints.keypoint_confidence' instead.
SupervisionWarnings: 'KeyPoints.confidence' is deprecated since 0.29.0 and will be removed in 0.32.0. Use 'KeyPoints.keypoint_confidence' instead.

 78%|███████▊  | 1125/1451 [19:19<04:29,  1.21it/s]SupervisionWarnings: 'KeyPoints.confidence' is deprecated since 0.29.0 and will be removed in 0.32.0. Use 'KeyPoints.keypoint_confidence' instead.
SupervisionWarnings: 'KeyPoints.confidence' is deprecated since 0.29.0 and will be removed in 0.32.0. Use 'KeyPoints.keypoint_confidence' instead.
SupervisionWarnings: 'KeyPoints.confidence' is deprecated since 0.29.0 and will be removed in 0.32.0. Use 'KeyPoints.keypoint_confidence' instead.
SupervisionWarnings: 'KeyPoints.confidence' is deprecated since 0.29.0 and will be removed in 0.32.0. Use 'KeyPoints.keypoint_confidence' instead.

 78%|███████▊  | 1126/1451 [19:20<04:28,  1.21it/s]SupervisionWarnings: 'KeyPoints.confidence' is deprecated since 0.29.0 and will be removed in 0.32.0. Use 'KeyPoints.keypoint_confidence' instead.
SupervisionWarnings: 'KeyPoints.confidence' is deprecated since 0.29.0 and will be removed in 0.32.0. Use 'KeyPoints.keypoint_confidence' instead.
SupervisionWarnings: 'KeyPoints.confidence' is deprecated since 0.29.0 and will be removed in 0.32.0. Use 'KeyPoints.keypoint_confidence' instead.
SupervisionWarnings: 'KeyPoints.confidence' is deprecated since 0.29.0 and will be removed in 0.32.0. Use 'KeyPoints.keypoint_confidence' instead.

 78%|███████▊  | 1127/1451 [19:21<04:28,  1.20it/s]SupervisionWarnings: 'KeyPoints.confidence' is deprecated since 0.29.0 and will be removed in 0.32.0. Use 'KeyPoints.keypoint_confidence' instead.
SupervisionWarnings: 'KeyPoints.confidence' is deprecated since 0.29.0 and will be removed in 0.32.0. Use 'KeyPoints.keypoint_confidence' instead.
SupervisionWarnings: 'KeyPoints.confidence' is deprecated since 0.29.0 and will be removed in 0.32.0. Use 'KeyPoints.keypoint_confidence' instead.
SupervisionWarnings: 'KeyPoints.confidence' is deprecated since 0.29.0 and will be removed in 0.32.0. Use 'KeyPoints.keypoint_confidence' instead.

 78%|███████▊  | 1128/1451 [19:21<04:24,  1.22it/s]SupervisionWarnings: 'KeyPoints.confidence' is deprecated since 0.29.0 and will be removed in 0.32.0. Use 'KeyPoints.keypoint_confidence' instead.
SupervisionWarnings: 'KeyPoints.confidence' is deprecated since 0.29.0 and will be removed in 0.32.0. Use 'KeyPoints.keypoint_confidence' instead.
SupervisionWarnings: 'KeyPoints.confidence' is deprecated since 0.29.0 and will be removed in 0.32.0. Use 'KeyPoints.keypoint_confidence' instead.
SupervisionWarnings: 'KeyPoints.confidence' is deprecated since 0.29.0 and will be removed in 0.32.0. Use 'KeyPoints.keypoint_confidence' instead.

 78%|███████▊  | 1129/1451 [19:23<05:07,  1.05it/s]SupervisionWarnings: 'KeyPoints.confidence' is deprecated since 0.29.0 and will be removed in 0.32.0. Use 'KeyPoints.keypoint_confidence' instead.
SupervisionWarnings: 'KeyPoints.confidence' is deprecated since 0.29.0 and will be removed in 0.32.0. Use 'KeyPoints.keypoint_confidence' instead.
SupervisionWarnings: 'KeyPoints.confidence' is deprecated since 0.29.0 and will be removed in 0.32.0. Use 'KeyPoints.keypoint_confidence' instead.
SupervisionWarnings: 'KeyPoints.confidence' is deprecated since 0.29.0 and will be removed in 0.32.0. Use 'KeyPoints.keypoint_confidence' instead.

 78%|███████▊  | 1130/1451 [19:24<05:07,  1.05it/s]SupervisionWarnings: 'KeyPoints.confidence' is deprecated since 0.29.0 and will be removed in 0.32.0. Use 'KeyPoints.keypoint_confidence' instead.
SupervisionWarnings: 'KeyPoints.confidence' is deprecated since 0.29.0 and will be removed in 0.32.0. Use 'KeyPoints.keypoint_confidence' instead.
SupervisionWarnings: 'KeyPoints.confidence' is deprecated since 0.29.0 and will be removed in 0.32.0. Use 'KeyPoints.keypoint_confidence' instead.
SupervisionWarnings: 'KeyPoints.confidence' is deprecated since 0.29.0 and will be removed in 0.32.0. Use 'KeyPoints.keypoint_confidence' instead.

 78%|███████▊  | 1131/1451 [19:25<06:05,  1.14s/it]SupervisionWarnings: 'KeyPoints.confidence' is deprecated since 0.29.0 and will be removed in 0.32.0. Use 'KeyPoints.keypoint_confidence' instead.
SupervisionWarnings: 'KeyPoints.confidence' is deprecated since 0.29.0 and will be removed in 0.32.0. Use 'KeyPoints.keypoint_confidence' instead.
SupervisionWarnings: 'KeyPoints.confidence' is deprecated since 0.29.0 and will be removed in 0.32.0. Use 'KeyPoints.keypoint_confidence' instead.
SupervisionWarnings: 'KeyPoints.confidence' is deprecated since 0.29.0 and will be removed in 0.32.0. Use 'KeyPoints.keypoint_confidence' instead.

 78%|███████▊  | 1132/1451 [19:26<05:43,  1.08s/it]SupervisionWarnings: 'KeyPoints.confidence' is deprecated since 0.29.0 and will be removed in 0.32.0. Use 'KeyPoints.keypoint_confidence' instead.
SupervisionWarnings: 'KeyPoints.confidence' is deprecated since 0.29.0 and will be removed in 0.32.0. Use 'KeyPoints.keypoint_confidence' instead.
SupervisionWarnings: 'KeyPoints.confidence' is deprecated since 0.29.0 and will be removed in 0.32.0. Use 'KeyPoints.keypoint_confidence' instead.
SupervisionWarnings: 'KeyPoints.confidence' is deprecated since 0.29.0 and will be removed in 0.32.0. Use 'KeyPoints.keypoint_confidence' instead.

 78%|███████▊  | 1133/1451 [19:27<05:23,  1.02s/it]SupervisionWarnings: 'KeyPoints.confidence' is deprecated since 0.29.0 and will be removed in 0.32.0. Use 'KeyPoints.keypoint_confidence' instead.
SupervisionWarnings: 'KeyPoints.confidence' is deprecated since 0.29.0 and will be removed in 0.32.0. Use 'KeyPoints.keypoint_confidence' instead.
SupervisionWarnings: 'KeyPoints.confidence' is deprecated since 0.29.0 and will be removed in 0.32.0. Use 'KeyPoints.keypoint_confidence' instead.
SupervisionWarnings: 'KeyPoints.confidence' is deprecated since 0.29.0 and will be removed in 0.32.0. Use 'KeyPoints.keypoint_confidence' instead.

 78%|███████▊  | 1134/1451 [19:28<05:03,  1.04it/s]SupervisionWarnings: 'KeyPoints.confidence' is deprecated since 0.29.0 and will be removed in 0.32.0. Use 'KeyPoints.keypoint_confidence' instead.
SupervisionWarnings: 'KeyPoints.confidence' is deprecated since 0.29.0 and will be removed in 0.32.0. Use 'KeyPoints.keypoint_confidence' instead.
SupervisionWarnings: 'KeyPoints.confidence' is deprecated since 0.29.0 and will be removed in 0.32.0. Use 'KeyPoints.keypoint_confidence' instead.
SupervisionWarnings: 'KeyPoints.confidence' is deprecated since 0.29.0 and will be removed in 0.32.0. Use 'KeyPoints.keypoint_confidence' instead.

 78%|███████▊  | 1135/1451 [19:29<04:50,  1.09it/s]SupervisionWarnings: 'KeyPoints.confidence' is deprecated since 0.29.0 and will be removed in 0.32.0. Use 'KeyPoints.keypoint_confidence' instead.
SupervisionWarnings: 'KeyPoints.confidence' is deprecated since 0.29.0 and will be removed in 0.32.0. Use 'KeyPoints.keypoint_confidence' instead.
SupervisionWarnings: 'KeyPoints.confidence' is deprecated since 0.29.0 and will be removed in 0.32.0. Use 'KeyPoints.keypoint_confidence' instead.
SupervisionWarnings: 'KeyPoints.confidence' is deprecated since 0.29.0 and will be removed in 0.32.0. Use 'KeyPoints.keypoint_confidence' instead.

 78%|███████▊  | 1136/1451 [19:30<04:43,  1.11it/s]SupervisionWarnings: 'KeyPoints.confidence' is deprecated since 0.29.0 and will be removed in 0.32.0. Use 'KeyPoints.keypoint_confidence' instead.
SupervisionWarnings: 'KeyPoints.confidence' is deprecated since 0.29.0 and will be removed in 0.32.0. Use 'KeyPoints.keypoint_confidence' instead.
SupervisionWarnings: 'KeyPoints.confidence' is deprecated since 0.29.0 and will be removed in 0.32.0. Use 'KeyPoints.keypoint_confidence' instead.
SupervisionWarnings: 'KeyPoints.confidence' is deprecated since 0.29.0 and will be removed in 0.32.0. Use 'KeyPoints.keypoint_confidence' instead.

 78%|███████▊  | 1137/1451 [19:30<04:32,  1.15it/s]SupervisionWarnings: 'KeyPoints.confidence' is deprecated since 0.29.0 and will be removed in 0.32.0. Use 'KeyPoints.keypoint_confidence' instead.
SupervisionWarnings: 'KeyPoints.confidence' is deprecated since 0.29.0 and will be removed in 0.32.0. Use 'KeyPoints.keypoint_confidence' instead.
SupervisionWarnings: 'KeyPoints.confidence' is deprecated since 0.29.0 and will be removed in 0.32.0. Use 'KeyPoints.keypoint_confidence' instead.
SupervisionWarnings: 'KeyPoints.confidence' is deprecated since 0.29.0 and will be removed in 0.32.0. Use 'KeyPoints.keypoint_confidence' instead.

 78%|███████▊  | 1138/1451 [19:31<04:27,  1.17it/s]SupervisionWarnings: 'KeyPoints.confidence' is deprecated since 0.29.0 and will be removed in 0.32.0. Use 'KeyPoints.keypoint_confidence' instead.
SupervisionWarnings: 'KeyPoints.confidence' is deprecated since 0.29.0 and will be removed in 0.32.0. Use 'KeyPoints.keypoint_confidence' instead.
SupervisionWarnings: 'KeyPoints.confidence' is deprecated since 0.29.0 and will be removed in 0.32.0. Use 'KeyPoints.keypoint_confidence' instead.
SupervisionWarnings: 'KeyPoints.confidence' is deprecated since 0.29.0 and will be removed in 0.32.0. Use 'KeyPoints.keypoint_confidence' instead.

 78%|███████▊  | 1139/1451 [19:32<05:02,  1.03it/s]SupervisionWarnings: 'KeyPoints.confidence' is deprecated since 0.29.0 and will be removed in 0.32.0. Use 'KeyPoints.keypoint_confidence' instead.
SupervisionWarnings: 'KeyPoints.confidence' is deprecated since 0.29.0 and will be removed in 0.32.0. Use 'KeyPoints.keypoint_confidence' instead.
SupervisionWarnings: 'KeyPoints.confidence' is deprecated since 0.29.0 and will be removed in 0.32.0. Use 'KeyPoints.keypoint_confidence' instead.
SupervisionWarnings: 'KeyPoints.confidence' is deprecated since 0.29.0 and will be removed in 0.32.0. Use 'KeyPoints.keypoint_confidence' instead.

 79%|███████▊  | 1140/1451 [19:34<05:26,  1.05s/it]SupervisionWarnings: 'KeyPoints.confidence' is deprecated since 0.29.0 and will be removed in 0.32.0. Use 'KeyPoints.keypoint_confidence' instead.
SupervisionWarnings: 'KeyPoints.confidence' is deprecated since 0.29.0 and will be removed in 0.32.0. Use 'KeyPoints.keypoint_confidence' instead.
SupervisionWarnings: 'KeyPoints.confidence' is deprecated since 0.29.0 and will be removed in 0.32.0. Use 'KeyPoints.keypoint_confidence' instead.
SupervisionWarnings: 'KeyPoints.confidence' is deprecated since 0.29.0 and will be removed in 0.32.0. Use 'KeyPoints.keypoint_confidence' instead.

 79%|███████▊  | 1141/1451 [19:34<05:05,  1.02it/s]SupervisionWarnings: 'KeyPoints.confidence' is deprecated since 0.29.0 and will be removed in 0.32.0. Use 'KeyPoints.keypoint_confidence' instead.
SupervisionWarnings: 'KeyPoints.confidence' is deprecated since 0.29.0 and will be removed in 0.32.0. Use 'KeyPoints.keypoint_confidence' instead.
SupervisionWarnings: 'KeyPoints.confidence' is deprecated since 0.29.0 and will be removed in 0.32.0. Use 'KeyPoints.keypoint_confidence' instead.
SupervisionWarnings: 'KeyPoints.confidence' is deprecated since 0.29.0 and will be removed in 0.32.0. Use 'KeyPoints.keypoint_confidence' instead.

 79%|███████▊  | 1142/1451 [19:35<04:48,  1.07it/s]SupervisionWarnings: 'KeyPoints.confidence' is deprecated since 0.29.0 and will be removed in 0.32.0. Use 'KeyPoints.keypoint_confidence' instead.
SupervisionWarnings: 'KeyPoints.confidence' is deprecated since 0.29.0 and will be removed in 0.32.0. Use 'KeyPoints.keypoint_confidence' instead.
SupervisionWarnings: 'KeyPoints.confidence' is deprecated since 0.29.0 and will be removed in 0.32.0. Use 'KeyPoints.keypoint_confidence' instead.
SupervisionWarnings: 'KeyPoints.confidence' is deprecated since 0.29.0 and will be removed in 0.32.0. Use 'KeyPoints.keypoint_confidence' instead.

 79%|███████▉  | 1143/1451 [19:36<04:45,  1.08it/s]SupervisionWarnings: 'KeyPoints.confidence' is deprecated since 0.29.0 and will be removed in 0.32.0. Use 'KeyPoints.keypoint_confidence' instead.
SupervisionWarnings: 'KeyPoints.confidence' is deprecated since 0.29.0 and will be removed in 0.32.0. Use 'KeyPoints.keypoint_confidence' instead.
SupervisionWarnings: 'KeyPoints.confidence' is deprecated since 0.29.0 and will be removed in 0.32.0. Use 'KeyPoints.keypoint_confidence' instead.
SupervisionWarnings: 'KeyPoints.confidence' is deprecated since 0.29.0 and will be removed in 0.32.0. Use 'KeyPoints.keypoint_confidence' instead.

 79%|███████▉  | 1144/1451 [19:37<04:53,  1.05it/s]SupervisionWarnings: 'KeyPoints.confidence' is deprecated since 0.29.0 and will be removed in 0.32.0. Use 'KeyPoints.keypoint_confidence' instead.
SupervisionWarnings: 'KeyPoints.confidence' is deprecated since 0.29.0 and will be removed in 0.32.0. Use 'KeyPoints.keypoint_confidence' instead.
SupervisionWarnings: 'KeyPoints.confidence' is deprecated since 0.29.0 and will be removed in 0.32.0. Use 'KeyPoints.keypoint_confidence' instead.
SupervisionWarnings: 'KeyPoints.confidence' is deprecated since 0.29.0 and will be removed in 0.32.0. Use 'KeyPoints.keypoint_confidence' instead.

 79%|███████▉  | 1145/1451 [19:38<05:01,  1.02it/s]SupervisionWarnings: 'KeyPoints.confidence' is deprecated since 0.29.0 and will be removed in 0.32.0. Use 'KeyPoints.keypoint_confidence' instead.
SupervisionWarnings: 'KeyPoints.confidence' is deprecated since 0.29.0 and will be removed in 0.32.0. Use 'KeyPoints.keypoint_confidence' instead.
SupervisionWarnings: 'KeyPoints.confidence' is deprecated since 0.29.0 and will be removed in 0.32.0. Use 'KeyPoints.keypoint_confidence' instead.
SupervisionWarnings: 'KeyPoints.confidence' is deprecated since 0.29.0 and will be removed in 0.32.0. Use 'KeyPoints.keypoint_confidence' instead.

 79%|███████▉  | 1146/1451 [19:40<05:28,  1.08s/it]SupervisionWarnings: 'KeyPoints.confidence' is deprecated since 0.29.0 and will be removed in 0.32.0. Use 'KeyPoints.keypoint_confidence' instead.
SupervisionWarnings: 'KeyPoints.confidence' is deprecated since 0.29.0 and will be removed in 0.32.0. Use 'KeyPoints.keypoint_confidence' instead.
SupervisionWarnings: 'KeyPoints.confidence' is deprecated since 0.29.0 and will be removed in 0.32.0. Use 'KeyPoints.keypoint_confidence' instead.
SupervisionWarnings: 'KeyPoints.confidence' is deprecated since 0.29.0 and will be removed in 0.32.0. Use 'KeyPoints.keypoint_confidence' instead.

 79%|███████▉  | 1147/1451 [19:41<05:39,  1.12s/it]SupervisionWarnings: 'KeyPoints.confidence' is deprecated since 0.29.0 and will be removed in 0.32.0. Use 'KeyPoints.keypoint_confidence' instead.
SupervisionWarnings: 'KeyPoints.confidence' is deprecated since 0.29.0 and will be removed in 0.32.0. Use 'KeyPoints.keypoint_confidence' instead.
SupervisionWarnings: 'KeyPoints.confidence' is deprecated since 0.29.0 and will be removed in 0.32.0. Use 'KeyPoints.keypoint_confidence' instead.
SupervisionWarnings: 'KeyPoints.confidence' is deprecated since 0.29.0 and will be removed in 0.32.0. Use 'KeyPoints.keypoint_confidence' instead.

 79%|███████▉  | 1148/1451 [19:42<05:49,  1.15s/it]SupervisionWarnings: 'KeyPoints.confidence' is deprecated since 0.29.0 and will be removed in 0.32.0. Use 'KeyPoints.keypoint_confidence' instead.
SupervisionWarnings: 'KeyPoints.confidence' is deprecated since 0.29.0 and will be removed in 0.32.0. Use 'KeyPoints.keypoint_confidence' instead.
SupervisionWarnings: 'KeyPoints.confidence' is deprecated since 0.29.0 and will be removed in 0.32.0. Use 'KeyPoints.keypoint_confidence' instead.
SupervisionWarnings: 'KeyPoints.confidence' is deprecated since 0.29.0 and will be removed in 0.32.0. Use 'KeyPoints.keypoint_confidence' instead.

 79%|███████▉  | 1149/1451 [19:43<05:54,  1.17s/it]SupervisionWarnings: 'KeyPoints.confidence' is deprecated since 0.29.0 and will be removed in 0.32.0. Use 'KeyPoints.keypoint_confidence' instead.
SupervisionWarnings: 'KeyPoints.confidence' is deprecated since 0.29.0 and will be removed in 0.32.0. Use 'KeyPoints.keypoint_confidence' instead.
SupervisionWarnings: 'KeyPoints.confidence' is deprecated since 0.29.0 and will be removed in 0.32.0. Use 'KeyPoints.keypoint_confidence' instead.
SupervisionWarnings: 'KeyPoints.confidence' is deprecated since 0.29.0 and will be removed in 0.32.0. Use 'KeyPoints.keypoint_confidence' instead.

 79%|███████▉  | 1150/1451 [19:44<05:21,  1.07s/it]SupervisionWarnings: 'KeyPoints.confidence' is deprecated since 0.29.0 and will be removed in 0.32.0. Use 'KeyPoints.keypoint_confidence' instead.
SupervisionWarnings: 'KeyPoints.confidence' is deprecated since 0.29.0 and will be removed in 0.32.0. Use 'KeyPoints.keypoint_confidence' instead.
SupervisionWarnings: 'KeyPoints.confidence' is deprecated since 0.29.0 and will be removed in 0.32.0. Use 'KeyPoints.keypoint_confidence' instead.
SupervisionWarnings: 'KeyPoints.confidence' is deprecated since 0.29.0 and will be removed in 0.32.0. Use 'KeyPoints.keypoint_confidence' instead.

 79%|███████▉  | 1151/1451 [19:45<05:35,  1.12s/it]SupervisionWarnings: 'KeyPoints.confidence' is deprecated since 0.29.0 and will be removed in 0.32.0. Use 'KeyPoints.keypoint_confidence' instead.
SupervisionWarnings: 'KeyPoints.confidence' is deprecated since 0.29.0 and will be removed in 0.32.0. Use 'KeyPoints.keypoint_confidence' instead.
SupervisionWarnings: 'KeyPoints.confidence' is deprecated since 0.29.0 and will be removed in 0.32.0. Use 'KeyPoints.keypoint_confidence' instead.
SupervisionWarnings: 'KeyPoints.confidence' is deprecated since 0.29.0 and will be removed in 0.32.0. Use 'KeyPoints.keypoint_confidence' instead.

 79%|███████▉  | 1152/1451 [19:47<05:43,  1.15s/it]SupervisionWarnings: 'KeyPoints.confidence' is deprecated since 0.29.0 and will be removed in 0.32.0. Use 'KeyPoints.keypoint_confidence' instead.
SupervisionWarnings: 'KeyPoints.confidence' is deprecated since 0.29.0 and will be removed in 0.32.0. Use 'KeyPoints.keypoint_confidence' instead.
SupervisionWarnings: 'KeyPoints.confidence' is deprecated since 0.29.0 and will be removed in 0.32.0. Use 'KeyPoints.keypoint_confidence' instead.
SupervisionWarnings: 'KeyPoints.confidence' is deprecated since 0.29.0 and will be removed in 0.32.0. Use 'KeyPoints.keypoint_confidence' instead.

 79%|███████▉  | 1153/1451 [19:48<05:49,  1.17s/it]SupervisionWarnings: 'KeyPoints.confidence' is deprecated since 0.29.0 and will be removed in 0.32.0. Use 'KeyPoints.keypoint_confidence' instead.
SupervisionWarnings: 'KeyPoints.confidence' is deprecated since 0.29.0 and will be removed in 0.32.0. Use 'KeyPoints.keypoint_confidence' instead.
SupervisionWarnings: 'KeyPoints.confidence' is deprecated since 0.29.0 and will be removed in 0.32.0. Use 'KeyPoints.keypoint_confidence' instead.
SupervisionWarnings: 'KeyPoints.confidence' is deprecated since 0.29.0 and will be removed in 0.32.0. Use 'KeyPoints.keypoint_confidence' instead.

 80%|███████▉  | 1154/1451 [19:49<06:06,  1.23s/it]SupervisionWarnings: 'KeyPoints.confidence' is deprecated since 0.29.0 and will be removed in 0.32.0. Use 'KeyPoints.keypoint_confidence' instead.
SupervisionWarnings: 'KeyPoints.confidence' is deprecated since 0.29.0 and will be removed in 0.32.0. Use 'KeyPoints.keypoint_confidence' instead.
SupervisionWarnings: 'KeyPoints.confidence' is deprecated since 0.29.0 and will be removed in 0.32.0. Use 'KeyPoints.keypoint_confidence' instead.
SupervisionWarnings: 'KeyPoints.confidence' is deprecated since 0.29.0 and will be removed in 0.32.0. Use 'KeyPoints.keypoint_confidence' instead.

 80%|███████▉  | 1155/1451 [19:50<05:49,  1.18s/it]SupervisionWarnings: 'KeyPoints.confidence' is deprecated since 0.29.0 and will be removed in 0.32.0. Use 'KeyPoints.keypoint_confidence' instead.
SupervisionWarnings: 'KeyPoints.confidence' is deprecated since 0.29.0 and will be removed in 0.32.0. Use 'KeyPoints.keypoint_confidence' instead.
SupervisionWarnings: 'KeyPoints.confidence' is deprecated since 0.29.0 and will be removed in 0.32.0. Use 'KeyPoints.keypoint_confidence' instead.
SupervisionWarnings: 'KeyPoints.confidence' is deprecated since 0.29.0 and will be removed in 0.32.0. Use 'KeyPoints.keypoint_confidence' instead.

 80%|███████▉  | 1156/1451 [19:52<06:14,  1.27s/it]SupervisionWarnings: 'KeyPoints.confidence' is deprecated since 0.29.0 and will be removed in 0.32.0. Use 'KeyPoints.keypoint_confidence' instead.
SupervisionWarnings: 'KeyPoints.confidence' is deprecated since 0.29.0 and will be removed in 0.32.0. Use 'KeyPoints.keypoint_confidence' instead.
SupervisionWarnings: 'KeyPoints.confidence' is deprecated since 0.29.0 and will be removed in 0.32.0. Use 'KeyPoints.keypoint_confidence' instead.
SupervisionWarnings: 'KeyPoints.confidence' is deprecated since 0.29.0 and will be removed in 0.32.0. Use 'KeyPoints.keypoint_confidence' instead.

 80%|███████▉  | 1157/1451 [19:52<05:31,  1.13s/it]SupervisionWarnings: 'KeyPoints.confidence' is deprecated since 0.29.0 and will be removed in 0.32.0. Use 'KeyPoints.keypoint_confidence' instead.
SupervisionWarnings: 'KeyPoints.confidence' is deprecated since 0.29.0 and will be removed in 0.32.0. Use 'KeyPoints.keypoint_confidence' instead.
SupervisionWarnings: 'KeyPoints.confidence' is deprecated since 0.29.0 and will be removed in 0.32.0. Use 'KeyPoints.keypoint_confidence' instead.
SupervisionWarnings: 'KeyPoints.confidence' is deprecated since 0.29.0 and will be removed in 0.32.0. Use 'KeyPoints.keypoint_confidence' instead.

 80%|███████▉  | 1158/1451 [19:53<05:01,  1.03s/it]SupervisionWarnings: 'KeyPoints.confidence' is deprecated since 0.29.0 and will be removed in 0.32.0. Use 'KeyPoints.keypoint_confidence' instead.
SupervisionWarnings: 'KeyPoints.confidence' is deprecated since 0.29.0 and will be removed in 0.32.0. Use 'KeyPoints.keypoint_confidence' instead.
SupervisionWarnings: 'KeyPoints.confidence' is deprecated since 0.29.0 and will be removed in 0.32.0. Use 'KeyPoints.keypoint_confidence' instead.
SupervisionWarnings: 'KeyPoints.confidence' is deprecated since 0.29.0 and will be removed in 0.32.0. Use 'KeyPoints.keypoint_confidence' instead.

 80%|███████▉  | 1159/1451 [19:54<04:38,  1.05it/s]SupervisionWarnings: 'KeyPoints.confidence' is deprecated since 0.29.0 and will be removed in 0.32.0. Use 'KeyPoints.keypoint_confidence' instead.
SupervisionWarnings: 'KeyPoints.confidence' is deprecated since 0.29.0 and will be removed in 0.32.0. Use 'KeyPoints.keypoint_confidence' instead.
SupervisionWarnings: 'KeyPoints.confidence' is deprecated since 0.29.0 and will be removed in 0.32.0. Use 'KeyPoints.keypoint_confidence' instead.
SupervisionWarnings: 'KeyPoints.confidence' is deprecated since 0.29.0 and will be removed in 0.32.0. Use 'KeyPoints.keypoint_confidence' instead.

 80%|███████▉  | 1160/1451 [19:55<04:27,  1.09it/s]SupervisionWarnings: 'KeyPoints.confidence' is deprecated since 0.29.0 and will be removed in 0.32.0. Use 'KeyPoints.keypoint_confidence' instead.
SupervisionWarnings: 'KeyPoints.confidence' is deprecated since 0.29.0 and will be removed in 0.32.0. Use 'KeyPoints.keypoint_confidence' instead.
SupervisionWarnings: 'KeyPoints.confidence' is deprecated since 0.29.0 and will be removed in 0.32.0. Use 'KeyPoints.keypoint_confidence' instead.
SupervisionWarnings: 'KeyPoints.confidence' is deprecated since 0.29.0 and will be removed in 0.32.0. Use 'KeyPoints.keypoint_confidence' instead.

 80%|████████  | 1161/1451 [19:56<04:16,  1.13it/s]SupervisionWarnings: 'KeyPoints.confidence' is deprecated since 0.29.0 and will be removed in 0.32.0. Use 'KeyPoints.keypoint_confidence' instead.
SupervisionWarnings: 'KeyPoints.confidence' is deprecated since 0.29.0 and will be removed in 0.32.0. Use 'KeyPoints.keypoint_confidence' instead.
SupervisionWarnings: 'KeyPoints.confidence' is deprecated since 0.29.0 and will be removed in 0.32.0. Use 'KeyPoints.keypoint_confidence' instead.
SupervisionWarnings: 'KeyPoints.confidence' is deprecated since 0.29.0 and will be removed in 0.32.0. Use 'KeyPoints.keypoint_confidence' instead.

 80%|████████  | 1162/1451 [19:56<04:08,  1.17it/s]SupervisionWarnings: 'KeyPoints.confidence' is deprecated since 0.29.0 and will be removed in 0.32.0. Use 'KeyPoints.keypoint_confidence' instead.
SupervisionWarnings: 'KeyPoints.confidence' is deprecated since 0.29.0 and will be removed in 0.32.0. Use 'KeyPoints.keypoint_confidence' instead.
SupervisionWarnings: 'KeyPoints.confidence' is deprecated since 0.29.0 and will be removed in 0.32.0. Use 'KeyPoints.keypoint_confidence' instead.
SupervisionWarnings: 'KeyPoints.confidence' is deprecated since 0.29.0 and will be removed in 0.32.0. Use 'KeyPoints.keypoint_confidence' instead.

 80%|████████  | 1163/1451 [19:57<04:05,  1.18it/s]SupervisionWarnings: 'KeyPoints.confidence' is deprecated since 0.29.0 and will be removed in 0.32.0. Use 'KeyPoints.keypoint_confidence' instead.
SupervisionWarnings: 'KeyPoints.confidence' is deprecated since 0.29.0 and will be removed in 0.32.0. Use 'KeyPoints.keypoint_confidence' instead.
SupervisionWarnings: 'KeyPoints.confidence' is deprecated since 0.29.0 and will be removed in 0.32.0. Use 'KeyPoints.keypoint_confidence' instead.
SupervisionWarnings: 'KeyPoints.confidence' is deprecated since 0.29.0 and will be removed in 0.32.0. Use 'KeyPoints.keypoint_confidence' instead.

 80%|████████  | 1164/1451 [19:58<03:59,  1.20it/s]SupervisionWarnings: 'KeyPoints.confidence' is deprecated since 0.29.0 and will be removed in 0.32.0. Use 'KeyPoints.keypoint_confidence' instead.
SupervisionWarnings: 'KeyPoints.confidence' is deprecated since 0.29.0 and will be removed in 0.32.0. Use 'KeyPoints.keypoint_confidence' instead.
SupervisionWarnings: 'KeyPoints.confidence' is deprecated since 0.29.0 and will be removed in 0.32.0. Use 'KeyPoints.keypoint_confidence' instead.
SupervisionWarnings: 'KeyPoints.confidence' is deprecated since 0.29.0 and will be removed in 0.32.0. Use 'KeyPoints.keypoint_confidence' instead.

 80%|████████  | 1165/1451 [19:59<03:55,  1.21it/s]SupervisionWarnings: 'KeyPoints.confidence' is deprecated since 0.29.0 and will be removed in 0.32.0. Use 'KeyPoints.keypoint_confidence' instead.
SupervisionWarnings: 'KeyPoints.confidence' is deprecated since 0.29.0 and will be removed in 0.32.0. Use 'KeyPoints.keypoint_confidence' instead.
SupervisionWarnings: 'KeyPoints.confidence' is deprecated since 0.29.0 and will be removed in 0.32.0. Use 'KeyPoints.keypoint_confidence' instead.
SupervisionWarnings: 'KeyPoints.confidence' is deprecated since 0.29.0 and will be removed in 0.32.0. Use 'KeyPoints.keypoint_confidence' instead.

 80%|████████  | 1166/1451 [20:00<03:55,  1.21it/s]SupervisionWarnings: 'KeyPoints.confidence' is deprecated since 0.29.0 and will be removed in 0.32.0. Use 'KeyPoints.keypoint_confidence' instead.
SupervisionWarnings: 'KeyPoints.confidence' is deprecated since 0.29.0 and will be removed in 0.32.0. Use 'KeyPoints.keypoint_confidence' instead.
SupervisionWarnings: 'KeyPoints.confidence' is deprecated since 0.29.0 and will be removed in 0.32.0. Use 'KeyPoints.keypoint_confidence' instead.
SupervisionWarnings: 'KeyPoints.confidence' is deprecated since 0.29.0 and will be removed in 0.32.0. Use 'KeyPoints.keypoint_confidence' instead.

 80%|████████  | 1167/1451 [20:01<03:52,  1.22it/s]SupervisionWarnings: 'KeyPoints.confidence' is deprecated since 0.29.0 and will be removed in 0.32.0. Use 'KeyPoints.keypoint_confidence' instead.
SupervisionWarnings: 'KeyPoints.confidence' is deprecated since 0.29.0 and will be removed in 0.32.0. Use 'KeyPoints.keypoint_confidence' instead.
SupervisionWarnings: 'KeyPoints.confidence' is deprecated since 0.29.0 and will be removed in 0.32.0. Use 'KeyPoints.keypoint_confidence' instead.
SupervisionWarnings: 'KeyPoints.confidence' is deprecated since 0.29.0 and will be removed in 0.32.0. Use 'KeyPoints.keypoint_confidence' instead.

 80%|████████  | 1168/1451 [20:01<03:50,  1.23it/s]SupervisionWarnings: 'KeyPoints.confidence' is deprecated since 0.29.0 and will be removed in 0.32.0. Use 'KeyPoints.keypoint_confidence' instead.
SupervisionWarnings: 'KeyPoints.confidence' is deprecated since 0.29.0 and will be removed in 0.32.0. Use 'KeyPoints.keypoint_confidence' instead.
SupervisionWarnings: 'KeyPoints.confidence' is deprecated since 0.29.0 and will be removed in 0.32.0. Use 'KeyPoints.keypoint_confidence' instead.
SupervisionWarnings: 'KeyPoints.confidence' is deprecated since 0.29.0 and will be removed in 0.32.0. Use 'KeyPoints.keypoint_confidence' instead.

 81%|████████  | 1169/1451 [20:03<04:39,  1.01it/s]SupervisionWarnings: 'KeyPoints.confidence' is deprecated since 0.29.0 and will be removed in 0.32.0. Use 'KeyPoints.keypoint_confidence' instead.
SupervisionWarnings: 'KeyPoints.confidence' is deprecated since 0.29.0 and will be removed in 0.32.0. Use 'KeyPoints.keypoint_confidence' instead.
SupervisionWarnings: 'KeyPoints.confidence' is deprecated since 0.29.0 and will be removed in 0.32.0. Use 'KeyPoints.keypoint_confidence' instead.
SupervisionWarnings: 'KeyPoints.confidence' is deprecated since 0.29.0 and will be removed in 0.32.0. Use 'KeyPoints.keypoint_confidence' instead.

 81%|████████  | 1170/1451 [20:04<04:40,  1.00it/s]SupervisionWarnings: 'KeyPoints.confidence' is deprecated since 0.29.0 and will be removed in 0.32.0. Use 'KeyPoints.keypoint_confidence' instead.
SupervisionWarnings: 'KeyPoints.confidence' is deprecated since 0.29.0 and will be removed in 0.32.0. Use 'KeyPoints.keypoint_confidence' instead.
SupervisionWarnings: 'KeyPoints.confidence' is deprecated since 0.29.0 and will be removed in 0.32.0. Use 'KeyPoints.keypoint_confidence' instead.
SupervisionWarnings: 'KeyPoints.confidence' is deprecated since 0.29.0 and will be removed in 0.32.0. Use 'KeyPoints.keypoint_confidence' instead.

 81%|████████  | 1171/1451 [20:05<04:35,  1.02it/s]SupervisionWarnings: 'KeyPoints.confidence' is deprecated since 0.29.0 and will be removed in 0.32.0. Use 'KeyPoints.keypoint_confidence' instead.
SupervisionWarnings: 'KeyPoints.confidence' is deprecated since 0.29.0 and will be removed in 0.32.0. Use 'KeyPoints.keypoint_confidence' instead.
SupervisionWarnings: 'KeyPoints.confidence' is deprecated since 0.29.0 and will be removed in 0.32.0. Use 'KeyPoints.keypoint_confidence' instead.
SupervisionWarnings: 'KeyPoints.confidence' is deprecated since 0.29.0 and will be removed in 0.32.0. Use 'KeyPoints.keypoint_confidence' instead.

 81%|████████  | 1172/1451 [20:06<04:19,  1.07it/s]SupervisionWarnings: 'KeyPoints.confidence' is deprecated since 0.29.0 and will be removed in 0.32.0. Use 'KeyPoints.keypoint_confidence' instead.
SupervisionWarnings: 'KeyPoints.confidence' is deprecated since 0.29.0 and will be removed in 0.32.0. Use 'KeyPoints.keypoint_confidence' instead.
SupervisionWarnings: 'KeyPoints.confidence' is deprecated since 0.29.0 and will be removed in 0.32.0. Use 'KeyPoints.keypoint_confidence' instead.
SupervisionWarnings: 'KeyPoints.confidence' is deprecated since 0.29.0 and will be removed in 0.32.0. Use 'KeyPoints.keypoint_confidence' instead.

 81%|████████  | 1173/1451 [20:06<04:08,  1.12it/s]SupervisionWarnings: 'KeyPoints.confidence' is deprecated since 0.29.0 and will be removed in 0.32.0. Use 'KeyPoints.keypoint_confidence' instead.
SupervisionWarnings: 'KeyPoints.confidence' is deprecated since 0.29.0 and will be removed in 0.32.0. Use 'KeyPoints.keypoint_confidence' instead.
SupervisionWarnings: 'KeyPoints.confidence' is deprecated since 0.29.0 and will be removed in 0.32.0. Use 'KeyPoints.keypoint_confidence' instead.
SupervisionWarnings: 'KeyPoints.confidence' is deprecated since 0.29.0 and will be removed in 0.32.0. Use 'KeyPoints.keypoint_confidence' instead.

 81%|████████  | 1174/1451 [20:07<03:59,  1.16it/s]SupervisionWarnings: 'KeyPoints.confidence' is deprecated since 0.29.0 and will be removed in 0.32.0. Use 'KeyPoints.keypoint_confidence' instead.
SupervisionWarnings: 'KeyPoints.confidence' is deprecated since 0.29.0 and will be removed in 0.32.0. Use 'KeyPoints.keypoint_confidence' instead.
SupervisionWarnings: 'KeyPoints.confidence' is deprecated since 0.29.0 and will be removed in 0.32.0. Use 'KeyPoints.keypoint_confidence' instead.
SupervisionWarnings: 'KeyPoints.confidence' is deprecated since 0.29.0 and will be removed in 0.32.0. Use 'KeyPoints.keypoint_confidence' instead.

 81%|████████  | 1175/1451 [20:08<03:54,  1.18it/s]SupervisionWarnings: 'KeyPoints.confidence' is deprecated since 0.29.0 and will be removed in 0.32.0. Use 'KeyPoints.keypoint_confidence' instead.
SupervisionWarnings: 'KeyPoints.confidence' is deprecated since 0.29.0 and will be removed in 0.32.0. Use 'KeyPoints.keypoint_confidence' instead.
SupervisionWarnings: 'KeyPoints.confidence' is deprecated since 0.29.0 and will be removed in 0.32.0. Use 'KeyPoints.keypoint_confidence' instead.
SupervisionWarnings: 'KeyPoints.confidence' is deprecated since 0.29.0 and will be removed in 0.32.0. Use 'KeyPoints.keypoint_confidence' instead.

 81%|████████  | 1176/1451 [20:09<03:50,  1.19it/s]SupervisionWarnings: 'KeyPoints.confidence' is deprecated since 0.29.0 and will be removed in 0.32.0. Use 'KeyPoints.keypoint_confidence' instead.
SupervisionWarnings: 'KeyPoints.confidence' is deprecated since 0.29.0 and will be removed in 0.32.0. Use 'KeyPoints.keypoint_confidence' instead.
SupervisionWarnings: 'KeyPoints.confidence' is deprecated since 0.29.0 and will be removed in 0.32.0. Use 'KeyPoints.keypoint_confidence' instead.
SupervisionWarnings: 'KeyPoints.confidence' is deprecated since 0.29.0 and will be removed in 0.32.0. Use 'KeyPoints.keypoint_confidence' instead.

 81%|████████  | 1177/1451 [20:10<04:24,  1.03it/s]SupervisionWarnings: 'KeyPoints.confidence' is deprecated since 0.29.0 and will be removed in 0.32.0. Use 'KeyPoints.keypoint_confidence' instead.
SupervisionWarnings: 'KeyPoints.confidence' is deprecated since 0.29.0 and will be removed in 0.32.0. Use 'KeyPoints.keypoint_confidence' instead.
SupervisionWarnings: 'KeyPoints.confidence' is deprecated since 0.29.0 and will be removed in 0.32.0. Use 'KeyPoints.keypoint_confidence' instead.
SupervisionWarnings: 'KeyPoints.confidence' is deprecated since 0.29.0 and will be removed in 0.32.0. Use 'KeyPoints.keypoint_confidence' instead.

 81%|████████  | 1178/1451 [20:11<04:10,  1.09it/s]SupervisionWarnings: 'KeyPoints.confidence' is deprecated since 0.29.0 and will be removed in 0.32.0. Use 'KeyPoints.keypoint_confidence' instead.
SupervisionWarnings: 'KeyPoints.confidence' is deprecated since 0.29.0 and will be removed in 0.32.0. Use 'KeyPoints.keypoint_confidence' instead.
SupervisionWarnings: 'KeyPoints.confidence' is deprecated since 0.29.0 and will be removed in 0.32.0. Use 'KeyPoints.keypoint_confidence' instead.
SupervisionWarnings: 'KeyPoints.confidence' is deprecated since 0.29.0 and will be removed in 0.32.0. Use 'KeyPoints.keypoint_confidence' instead.

 81%|████████▏ | 1179/1451 [20:12<04:01,  1.13it/s]SupervisionWarnings: 'KeyPoints.confidence' is deprecated since 0.29.0 and will be removed in 0.32.0. Use 'KeyPoints.keypoint_confidence' instead.
SupervisionWarnings: 'KeyPoints.confidence' is deprecated since 0.29.0 and will be removed in 0.32.0. Use 'KeyPoints.keypoint_confidence' instead.
SupervisionWarnings: 'KeyPoints.confidence' is deprecated since 0.29.0 and will be removed in 0.32.0. Use 'KeyPoints.keypoint_confidence' instead.
SupervisionWarnings: 'KeyPoints.confidence' is deprecated since 0.29.0 and will be removed in 0.32.0. Use 'KeyPoints.keypoint_confidence' instead.

 81%|████████▏ | 1180/1451 [20:13<04:26,  1.02it/s]SupervisionWarnings: 'KeyPoints.confidence' is deprecated since 0.29.0 and will be removed in 0.32.0. Use 'KeyPoints.keypoint_confidence' instead.
SupervisionWarnings: 'KeyPoints.confidence' is deprecated since 0.29.0 and will be removed in 0.32.0. Use 'KeyPoints.keypoint_confidence' instead.
SupervisionWarnings: 'KeyPoints.confidence' is deprecated since 0.29.0 and will be removed in 0.32.0. Use 'KeyPoints.keypoint_confidence' instead.
SupervisionWarnings: 'KeyPoints.confidence' is deprecated since 0.29.0 and will be removed in 0.32.0. Use 'KeyPoints.keypoint_confidence' instead.

 81%|████████▏ | 1181/1451 [20:14<04:43,  1.05s/it]SupervisionWarnings: 'KeyPoints.confidence' is deprecated since 0.29.0 and will be removed in 0.32.0. Use 'KeyPoints.keypoint_confidence' instead.
SupervisionWarnings: 'KeyPoints.confidence' is deprecated since 0.29.0 and will be removed in 0.32.0. Use 'KeyPoints.keypoint_confidence' instead.
SupervisionWarnings: 'KeyPoints.confidence' is deprecated since 0.29.0 and will be removed in 0.32.0. Use 'KeyPoints.keypoint_confidence' instead.
SupervisionWarnings: 'KeyPoints.confidence' is deprecated since 0.29.0 and will be removed in 0.32.0. Use 'KeyPoints.keypoint_confidence' instead.

 81%|████████▏ | 1182/1451 [20:15<05:06,  1.14s/it]SupervisionWarnings: 'KeyPoints.confidence' is deprecated since 0.29.0 and will be removed in 0.32.0. Use 'KeyPoints.keypoint_confidence' instead.
SupervisionWarnings: 'KeyPoints.confidence' is deprecated since 0.29.0 and will be removed in 0.32.0. Use 'KeyPoints.keypoint_confidence' instead.
SupervisionWarnings: 'KeyPoints.confidence' is deprecated since 0.29.0 and will be removed in 0.32.0. Use 'KeyPoints.keypoint_confidence' instead.
SupervisionWarnings: 'KeyPoints.confidence' is deprecated since 0.29.0 and will be removed in 0.32.0. Use 'KeyPoints.keypoint_confidence' instead.

 82%|████████▏ | 1183/1451 [20:16<04:50,  1.08s/it]SupervisionWarnings: 'KeyPoints.confidence' is deprecated since 0.29.0 and will be removed in 0.32.0. Use 'KeyPoints.keypoint_confidence' instead.
SupervisionWarnings: 'KeyPoints.confidence' is deprecated since 0.29.0 and will be removed in 0.32.0. Use 'KeyPoints.keypoint_confidence' instead.
SupervisionWarnings: 'KeyPoints.confidence' is deprecated since 0.29.0 and will be removed in 0.32.0. Use 'KeyPoints.keypoint_confidence' instead.
SupervisionWarnings: 'KeyPoints.confidence' is deprecated since 0.29.0 and will be removed in 0.32.0. Use 'KeyPoints.keypoint_confidence' instead.

 82%|████████▏ | 1184/1451 [20:17<04:36,  1.04s/it]SupervisionWarnings: 'KeyPoints.confidence' is deprecated since 0.29.0 and will be removed in 0.32.0. Use 'KeyPoints.keypoint_confidence' instead.
SupervisionWarnings: 'KeyPoints.confidence' is deprecated since 0.29.0 and will be removed in 0.32.0. Use 'KeyPoints.keypoint_confidence' instead.
SupervisionWarnings: 'KeyPoints.confidence' is deprecated since 0.29.0 and will be removed in 0.32.0. Use 'KeyPoints.keypoint_confidence' instead.
SupervisionWarnings: 'KeyPoints.confidence' is deprecated since 0.29.0 and will be removed in 0.32.0. Use 'KeyPoints.keypoint_confidence' instead.

 82%|████████▏ | 1185/1451 [20:18<04:20,  1.02it/s]SupervisionWarnings: 'KeyPoints.confidence' is deprecated since 0.29.0 and will be removed in 0.32.0. Use 'KeyPoints.keypoint_confidence' instead.
SupervisionWarnings: 'KeyPoints.confidence' is deprecated since 0.29.0 and will be removed in 0.32.0. Use 'KeyPoints.keypoint_confidence' instead.
SupervisionWarnings: 'KeyPoints.confidence' is deprecated since 0.29.0 and will be removed in 0.32.0. Use 'KeyPoints.keypoint_confidence' instead.
SupervisionWarnings: 'KeyPoints.confidence' is deprecated since 0.29.0 and will be removed in 0.32.0. Use 'KeyPoints.keypoint_confidence' instead.

 82%|████████▏ | 1186/1451 [20:19<04:38,  1.05s/it]SupervisionWarnings: 'KeyPoints.confidence' is deprecated since 0.29.0 and will be removed in 0.32.0. Use 'KeyPoints.keypoint_confidence' instead.
SupervisionWarnings: 'KeyPoints.confidence' is deprecated since 0.29.0 and will be removed in 0.32.0. Use 'KeyPoints.keypoint_confidence' instead.
SupervisionWarnings: 'KeyPoints.confidence' is deprecated since 0.29.0 and will be removed in 0.32.0. Use 'KeyPoints.keypoint_confidence' instead.
SupervisionWarnings: 'KeyPoints.confidence' is deprecated since 0.29.0 and will be removed in 0.32.0. Use 'KeyPoints.keypoint_confidence' instead.

 82%|████████▏ | 1187/1451 [20:20<04:15,  1.03it/s]SupervisionWarnings: 'KeyPoints.confidence' is deprecated since 0.29.0 and will be removed in 0.32.0. Use 'KeyPoints.keypoint_confidence' instead.
SupervisionWarnings: 'KeyPoints.confidence' is deprecated since 0.29.0 and will be removed in 0.32.0. Use 'KeyPoints.keypoint_confidence' instead.
SupervisionWarnings: 'KeyPoints.confidence' is deprecated since 0.29.0 and will be removed in 0.32.0. Use 'KeyPoints.keypoint_confidence' instead.
SupervisionWarnings: 'KeyPoints.confidence' is deprecated since 0.29.0 and will be removed in 0.32.0. Use 'KeyPoints.keypoint_confidence' instead.

 82%|████████▏ | 1188/1451 [20:21<04:33,  1.04s/it]SupervisionWarnings: 'KeyPoints.confidence' is deprecated since 0.29.0 and will be removed in 0.32.0. Use 'KeyPoints.keypoint_confidence' instead.
SupervisionWarnings: 'KeyPoints.confidence' is deprecated since 0.29.0 and will be removed in 0.32.0. Use 'KeyPoints.keypoint_confidence' instead.
SupervisionWarnings: 'KeyPoints.confidence' is deprecated since 0.29.0 and will be removed in 0.32.0. Use 'KeyPoints.keypoint_confidence' instead.
SupervisionWarnings: 'KeyPoints.confidence' is deprecated since 0.29.0 and will be removed in 0.32.0. Use 'KeyPoints.keypoint_confidence' instead.

 82%|████████▏ | 1189/1451 [20:22<04:13,  1.03it/s]SupervisionWarnings: 'KeyPoints.confidence' is deprecated since 0.29.0 and will be removed in 0.32.0. Use 'KeyPoints.keypoint_confidence' instead.
SupervisionWarnings: 'KeyPoints.confidence' is deprecated since 0.29.0 and will be removed in 0.32.0. Use 'KeyPoints.keypoint_confidence' instead.
SupervisionWarnings: 'KeyPoints.confidence' is deprecated since 0.29.0 and will be removed in 0.32.0. Use 'KeyPoints.keypoint_confidence' instead.
SupervisionWarnings: 'KeyPoints.confidence' is deprecated since 0.29.0 and will be removed in 0.32.0. Use 'KeyPoints.keypoint_confidence' instead.

 82%|████████▏ | 1190/1451 [20:23<04:00,  1.09it/s]SupervisionWarnings: 'KeyPoints.confidence' is deprecated since 0.29.0 and will be removed in 0.32.0. Use 'KeyPoints.keypoint_confidence' instead.
SupervisionWarnings: 'KeyPoints.confidence' is deprecated since 0.29.0 and will be removed in 0.32.0. Use 'KeyPoints.keypoint_confidence' instead.
SupervisionWarnings: 'KeyPoints.confidence' is deprecated since 0.29.0 and will be removed in 0.32.0. Use 'KeyPoints.keypoint_confidence' instead.
SupervisionWarnings: 'KeyPoints.confidence' is deprecated since 0.29.0 and will be removed in 0.32.0. Use 'KeyPoints.keypoint_confidence' instead.

 82%|████████▏ | 1191/1451 [20:24<03:51,  1.12it/s]SupervisionWarnings: 'KeyPoints.confidence' is deprecated since 0.29.0 and will be removed in 0.32.0. Use 'KeyPoints.keypoint_confidence' instead.
SupervisionWarnings: 'KeyPoints.confidence' is deprecated since 0.29.0 and will be removed in 0.32.0. Use 'KeyPoints.keypoint_confidence' instead.
SupervisionWarnings: 'KeyPoints.confidence' is deprecated since 0.29.0 and will be removed in 0.32.0. Use 'KeyPoints.keypoint_confidence' instead.
SupervisionWarnings: 'KeyPoints.confidence' is deprecated since 0.29.0 and will be removed in 0.32.0. Use 'KeyPoints.keypoint_confidence' instead.

 82%|████████▏ | 1192/1451 [20:25<03:45,  1.15it/s]SupervisionWarnings: 'KeyPoints.confidence' is deprecated since 0.29.0 and will be removed in 0.32.0. Use 'KeyPoints.keypoint_confidence' instead.
SupervisionWarnings: 'KeyPoints.confidence' is deprecated since 0.29.0 and will be removed in 0.32.0. Use 'KeyPoints.keypoint_confidence' instead.
SupervisionWarnings: 'KeyPoints.confidence' is deprecated since 0.29.0 and will be removed in 0.32.0. Use 'KeyPoints.keypoint_confidence' instead.
SupervisionWarnings: 'KeyPoints.confidence' is deprecated since 0.29.0 and will be removed in 0.32.0. Use 'KeyPoints.keypoint_confidence' instead.

 82%|████████▏ | 1193/1451 [20:25<03:40,  1.17it/s]SupervisionWarnings: 'KeyPoints.confidence' is deprecated since 0.29.0 and will be removed in 0.32.0. Use 'KeyPoints.keypoint_confidence' instead.
SupervisionWarnings: 'KeyPoints.confidence' is deprecated since 0.29.0 and will be removed in 0.32.0. Use 'KeyPoints.keypoint_confidence' instead.
SupervisionWarnings: 'KeyPoints.confidence' is deprecated since 0.29.0 and will be removed in 0.32.0. Use 'KeyPoints.keypoint_confidence' instead.
SupervisionWarnings: 'KeyPoints.confidence' is deprecated since 0.29.0 and will be removed in 0.32.0. Use 'KeyPoints.keypoint_confidence' instead.

 82%|████████▏ | 1194/1451 [20:26<03:35,  1.19it/s]SupervisionWarnings: 'KeyPoints.confidence' is deprecated since 0.29.0 and will be removed in 0.32.0. Use 'KeyPoints.keypoint_confidence' instead.
SupervisionWarnings: 'KeyPoints.confidence' is deprecated since 0.29.0 and will be removed in 0.32.0. Use 'KeyPoints.keypoint_confidence' instead.
SupervisionWarnings: 'KeyPoints.confidence' is deprecated since 0.29.0 and will be removed in 0.32.0. Use 'KeyPoints.keypoint_confidence' instead.
SupervisionWarnings: 'KeyPoints.confidence' is deprecated since 0.29.0 and will be removed in 0.32.0. Use 'KeyPoints.keypoint_confidence' instead.

 82%|████████▏ | 1195/1451 [20:27<03:32,  1.21it/s]SupervisionWarnings: 'KeyPoints.confidence' is deprecated since 0.29.0 and will be removed in 0.32.0. Use 'KeyPoints.keypoint_confidence' instead.
SupervisionWarnings: 'KeyPoints.confidence' is deprecated since 0.29.0 and will be removed in 0.32.0. Use 'KeyPoints.keypoint_confidence' instead.
SupervisionWarnings: 'KeyPoints.confidence' is deprecated since 0.29.0 and will be removed in 0.32.0. Use 'KeyPoints.keypoint_confidence' instead.
SupervisionWarnings: 'KeyPoints.confidence' is deprecated since 0.29.0 and will be removed in 0.32.0. Use 'KeyPoints.keypoint_confidence' instead.

 82%|████████▏ | 1196/1451 [20:28<03:36,  1.18it/s]SupervisionWarnings: 'KeyPoints.confidence' is deprecated since 0.29.0 and will be removed in 0.32.0. Use 'KeyPoints.keypoint_confidence' instead.
SupervisionWarnings: 'KeyPoints.confidence' is deprecated since 0.29.0 and will be removed in 0.32.0. Use 'KeyPoints.keypoint_confidence' instead.
SupervisionWarnings: 'KeyPoints.confidence' is deprecated since 0.29.0 and will be removed in 0.32.0. Use 'KeyPoints.keypoint_confidence' instead.
SupervisionWarnings: 'KeyPoints.confidence' is deprecated since 0.29.0 and will be removed in 0.32.0. Use 'KeyPoints.keypoint_confidence' instead.

 82%|████████▏ | 1197/1451 [20:29<03:47,  1.12it/s]SupervisionWarnings: 'KeyPoints.confidence' is deprecated since 0.29.0 and will be removed in 0.32.0. Use 'KeyPoints.keypoint_confidence' instead.
SupervisionWarnings: 'KeyPoints.confidence' is deprecated since 0.29.0 and will be removed in 0.32.0. Use 'KeyPoints.keypoint_confidence' instead.
SupervisionWarnings: 'KeyPoints.confidence' is deprecated since 0.29.0 and will be removed in 0.32.0. Use 'KeyPoints.keypoint_confidence' instead.
SupervisionWarnings: 'KeyPoints.confidence' is deprecated since 0.29.0 and will be removed in 0.32.0. Use 'KeyPoints.keypoint_confidence' instead.

 83%|████████▎ | 1198/1451 [20:30<03:59,  1.06it/s]SupervisionWarnings: 'KeyPoints.confidence' is deprecated since 0.29.0 and will be removed in 0.32.0. Use 'KeyPoints.keypoint_confidence' instead.
SupervisionWarnings: 'KeyPoints.confidence' is deprecated since 0.29.0 and will be removed in 0.32.0. Use 'KeyPoints.keypoint_confidence' instead.
SupervisionWarnings: 'KeyPoints.confidence' is deprecated since 0.29.0 and will be removed in 0.32.0. Use 'KeyPoints.keypoint_confidence' instead.
SupervisionWarnings: 'KeyPoints.confidence' is deprecated since 0.29.0 and will be removed in 0.32.0. Use 'KeyPoints.keypoint_confidence' instead.

 83%|████████▎ | 1199/1451 [20:31<03:56,  1.07it/s]SupervisionWarnings: 'KeyPoints.confidence' is deprecated since 0.29.0 and will be removed in 0.32.0. Use 'KeyPoints.keypoint_confidence' instead.
SupervisionWarnings: 'KeyPoints.confidence' is deprecated since 0.29.0 and will be removed in 0.32.0. Use 'KeyPoints.keypoint_confidence' instead.
SupervisionWarnings: 'KeyPoints.confidence' is deprecated since 0.29.0 and will be removed in 0.32.0. Use 'KeyPoints.keypoint_confidence' instead.
SupervisionWarnings: 'KeyPoints.confidence' is deprecated since 0.29.0 and will be removed in 0.32.0. Use 'KeyPoints.keypoint_confidence' instead.

 83%|████████▎ | 1200/1451 [20:32<03:44,  1.12it/s]SupervisionWarnings: 'KeyPoints.confidence' is deprecated since 0.29.0 and will be removed in 0.32.0. Use 'KeyPoints.keypoint_confidence' instead.
SupervisionWarnings: 'KeyPoints.confidence' is deprecated since 0.29.0 and will be removed in 0.32.0. Use 'KeyPoints.keypoint_confidence' instead.
SupervisionWarnings: 'KeyPoints.confidence' is deprecated since 0.29.0 and will be removed in 0.32.0. Use 'KeyPoints.keypoint_confidence' instead.
SupervisionWarnings: 'KeyPoints.confidence' is deprecated since 0.29.0 and will be removed in 0.32.0. Use 'KeyPoints.keypoint_confidence' instead.

 83%|████████▎ | 1201/1451 [20:32<03:37,  1.15it/s]SupervisionWarnings: 'KeyPoints.confidence' is deprecated since 0.29.0 and will be removed in 0.32.0. Use 'KeyPoints.keypoint_confidence' instead.
SupervisionWarnings: 'KeyPoints.confidence' is deprecated since 0.29.0 and will be removed in 0.32.0. Use 'KeyPoints.keypoint_confidence' instead.
SupervisionWarnings: 'KeyPoints.confidence' is deprecated since 0.29.0 and will be removed in 0.32.0. Use 'KeyPoints.keypoint_confidence' instead.
SupervisionWarnings: 'KeyPoints.confidence' is deprecated since 0.29.0 and will be removed in 0.32.0. Use 'KeyPoints.keypoint_confidence' instead.

 83%|████████▎ | 1202/1451 [20:33<03:31,  1.18it/s]SupervisionWarnings: 'KeyPoints.confidence' is deprecated since 0.29.0 and will be removed in 0.32.0. Use 'KeyPoints.keypoint_confidence' instead.
SupervisionWarnings: 'KeyPoints.confidence' is deprecated since 0.29.0 and will be removed in 0.32.0. Use 'KeyPoints.keypoint_confidence' instead.
SupervisionWarnings: 'KeyPoints.confidence' is deprecated since 0.29.0 and will be removed in 0.32.0. Use 'KeyPoints.keypoint_confidence' instead.
SupervisionWarnings: 'KeyPoints.confidence' is deprecated since 0.29.0 and will be removed in 0.32.0. Use 'KeyPoints.keypoint_confidence' instead.

 83%|████████▎ | 1203/1451 [20:34<03:26,  1.20it/s]SupervisionWarnings: 'KeyPoints.confidence' is deprecated since 0.29.0 and will be removed in 0.32.0. Use 'KeyPoints.keypoint_confidence' instead.
SupervisionWarnings: 'KeyPoints.confidence' is deprecated since 0.29.0 and will be removed in 0.32.0. Use 'KeyPoints.keypoint_confidence' instead.
SupervisionWarnings: 'KeyPoints.confidence' is deprecated since 0.29.0 and will be removed in 0.32.0. Use 'KeyPoints.keypoint_confidence' instead.
SupervisionWarnings: 'KeyPoints.confidence' is deprecated since 0.29.0 and will be removed in 0.32.0. Use 'KeyPoints.keypoint_confidence' instead.

 83%|████████▎ | 1204/1451 [20:35<03:25,  1.20it/s]SupervisionWarnings: 'KeyPoints.confidence' is deprecated since 0.29.0 and will be removed in 0.32.0. Use 'KeyPoints.keypoint_confidence' instead.
SupervisionWarnings: 'KeyPoints.confidence' is deprecated since 0.29.0 and will be removed in 0.32.0. Use 'KeyPoints.keypoint_confidence' instead.
SupervisionWarnings: 'KeyPoints.confidence' is deprecated since 0.29.0 and will be removed in 0.32.0. Use 'KeyPoints.keypoint_confidence' instead.
SupervisionWarnings: 'KeyPoints.confidence' is deprecated since 0.29.0 and will be removed in 0.32.0. Use 'KeyPoints.keypoint_confidence' instead.

 83%|████████▎ | 1205/1451 [20:36<03:22,  1.22it/s]SupervisionWarnings: 'KeyPoints.confidence' is deprecated since 0.29.0 and will be removed in 0.32.0. Use 'KeyPoints.keypoint_confidence' instead.
SupervisionWarnings: 'KeyPoints.confidence' is deprecated since 0.29.0 and will be removed in 0.32.0. Use 'KeyPoints.keypoint_confidence' instead.
SupervisionWarnings: 'KeyPoints.confidence' is deprecated since 0.29.0 and will be removed in 0.32.0. Use 'KeyPoints.keypoint_confidence' instead.
SupervisionWarnings: 'KeyPoints.confidence' is deprecated since 0.29.0 and will be removed in 0.32.0. Use 'KeyPoints.keypoint_confidence' instead.

 83%|████████▎ | 1206/1451 [20:37<03:20,  1.22it/s]SupervisionWarnings: 'KeyPoints.confidence' is deprecated since 0.29.0 and will be removed in 0.32.0. Use 'KeyPoints.keypoint_confidence' instead.
SupervisionWarnings: 'KeyPoints.confidence' is deprecated since 0.29.0 and will be removed in 0.32.0. Use 'KeyPoints.keypoint_confidence' instead.
SupervisionWarnings: 'KeyPoints.confidence' is deprecated since 0.29.0 and will be removed in 0.32.0. Use 'KeyPoints.keypoint_confidence' instead.
SupervisionWarnings: 'KeyPoints.confidence' is deprecated since 0.29.0 and will be removed in 0.32.0. Use 'KeyPoints.keypoint_confidence' instead.

 83%|████████▎ | 1207/1451 [20:37<03:17,  1.24it/s]SupervisionWarnings: 'KeyPoints.confidence' is deprecated since 0.29.0 and will be removed in 0.32.0. Use 'KeyPoints.keypoint_confidence' instead.
SupervisionWarnings: 'KeyPoints.confidence' is deprecated since 0.29.0 and will be removed in 0.32.0. Use 'KeyPoints.keypoint_confidence' instead.
SupervisionWarnings: 'KeyPoints.confidence' is deprecated since 0.29.0 and will be removed in 0.32.0. Use 'KeyPoints.keypoint_confidence' instead.
SupervisionWarnings: 'KeyPoints.confidence' is deprecated since 0.29.0 and will be removed in 0.32.0. Use 'KeyPoints.keypoint_confidence' instead.

 83%|████████▎ | 1208/1451 [20:38<03:16,  1.24it/s]SupervisionWarnings: 'KeyPoints.confidence' is deprecated since 0.29.0 and will be removed in 0.32.0. Use 'KeyPoints.keypoint_confidence' instead.
SupervisionWarnings: 'KeyPoints.confidence' is deprecated since 0.29.0 and will be removed in 0.32.0. Use 'KeyPoints.keypoint_confidence' instead.
SupervisionWarnings: 'KeyPoints.confidence' is deprecated since 0.29.0 and will be removed in 0.32.0. Use 'KeyPoints.keypoint_confidence' instead.
SupervisionWarnings: 'KeyPoints.confidence' is deprecated since 0.29.0 and will be removed in 0.32.0. Use 'KeyPoints.keypoint_confidence' instead.

 83%|████████▎ | 1209/1451 [20:39<03:15,  1.24it/s]SupervisionWarnings: 'KeyPoints.confidence' is deprecated since 0.29.0 and will be removed in 0.32.0. Use 'KeyPoints.keypoint_confidence' instead.
SupervisionWarnings: 'KeyPoints.confidence' is deprecated since 0.29.0 and will be removed in 0.32.0. Use 'KeyPoints.keypoint_confidence' instead.
SupervisionWarnings: 'KeyPoints.confidence' is deprecated since 0.29.0 and will be removed in 0.32.0. Use 'KeyPoints.keypoint_confidence' instead.
SupervisionWarnings: 'KeyPoints.confidence' is deprecated since 0.29.0 and will be removed in 0.32.0. Use 'KeyPoints.keypoint_confidence' instead.

 83%|████████▎ | 1210/1451 [20:40<03:14,  1.24it/s]SupervisionWarnings: 'KeyPoints.confidence' is deprecated since 0.29.0 and will be removed in 0.32.0. Use 'KeyPoints.keypoint_confidence' instead.
SupervisionWarnings: 'KeyPoints.confidence' is deprecated since 0.29.0 and will be removed in 0.32.0. Use 'KeyPoints.keypoint_confidence' instead.
SupervisionWarnings: 'KeyPoints.confidence' is deprecated since 0.29.0 and will be removed in 0.32.0. Use 'KeyPoints.keypoint_confidence' instead.
SupervisionWarnings: 'KeyPoints.confidence' is deprecated since 0.29.0 and will be removed in 0.32.0. Use 'KeyPoints.keypoint_confidence' instead.

 83%|████████▎ | 1211/1451 [20:41<03:14,  1.23it/s]SupervisionWarnings: 'KeyPoints.confidence' is deprecated since 0.29.0 and will be removed in 0.32.0. Use 'KeyPoints.keypoint_confidence' instead.
SupervisionWarnings: 'KeyPoints.confidence' is deprecated since 0.29.0 and will be removed in 0.32.0. Use 'KeyPoints.keypoint_confidence' instead.
SupervisionWarnings: 'KeyPoints.confidence' is deprecated since 0.29.0 and will be removed in 0.32.0. Use 'KeyPoints.keypoint_confidence' instead.
SupervisionWarnings: 'KeyPoints.confidence' is deprecated since 0.29.0 and will be removed in 0.32.0. Use 'KeyPoints.keypoint_confidence' instead.

 84%|████████▎ | 1212/1451 [20:42<03:23,  1.17it/s]SupervisionWarnings: 'KeyPoints.confidence' is deprecated since 0.29.0 and will be removed in 0.32.0. Use 'KeyPoints.keypoint_confidence' instead.
SupervisionWarnings: 'KeyPoints.confidence' is deprecated since 0.29.0 and will be removed in 0.32.0. Use 'KeyPoints.keypoint_confidence' instead.
SupervisionWarnings: 'KeyPoints.confidence' is deprecated since 0.29.0 and will be removed in 0.32.0. Use 'KeyPoints.keypoint_confidence' instead.
SupervisionWarnings: 'KeyPoints.confidence' is deprecated since 0.29.0 and will be removed in 0.32.0. Use 'KeyPoints.keypoint_confidence' instead.

 84%|████████▎ | 1213/1451 [20:43<03:38,  1.09it/s]SupervisionWarnings: 'KeyPoints.confidence' is deprecated since 0.29.0 and will be removed in 0.32.0. Use 'KeyPoints.keypoint_confidence' instead.
SupervisionWarnings: 'KeyPoints.confidence' is deprecated since 0.29.0 and will be removed in 0.32.0. Use 'KeyPoints.keypoint_confidence' instead.
SupervisionWarnings: 'KeyPoints.confidence' is deprecated since 0.29.0 and will be removed in 0.32.0. Use 'KeyPoints.keypoint_confidence' instead.
SupervisionWarnings: 'KeyPoints.confidence' is deprecated since 0.29.0 and will be removed in 0.32.0. Use 'KeyPoints.keypoint_confidence' instead.

 84%|████████▎ | 1214/1451 [20:44<04:13,  1.07s/it]SupervisionWarnings: 'KeyPoints.confidence' is deprecated since 0.29.0 and will be removed in 0.32.0. Use 'KeyPoints.keypoint_confidence' instead.
SupervisionWarnings: 'KeyPoints.confidence' is deprecated since 0.29.0 and will be removed in 0.32.0. Use 'KeyPoints.keypoint_confidence' instead.
SupervisionWarnings: 'KeyPoints.confidence' is deprecated since 0.29.0 and will be removed in 0.32.0. Use 'KeyPoints.keypoint_confidence' instead.
SupervisionWarnings: 'KeyPoints.confidence' is deprecated since 0.29.0 and will be removed in 0.32.0. Use 'KeyPoints.keypoint_confidence' instead.

 84%|████████▎ | 1215/1451 [20:45<04:24,  1.12s/it]SupervisionWarnings: 'KeyPoints.confidence' is deprecated since 0.29.0 and will be removed in 0.32.0. Use 'KeyPoints.keypoint_confidence' instead.
SupervisionWarnings: 'KeyPoints.confidence' is deprecated since 0.29.0 and will be removed in 0.32.0. Use 'KeyPoints.keypoint_confidence' instead.
SupervisionWarnings: 'KeyPoints.confidence' is deprecated since 0.29.0 and will be removed in 0.32.0. Use 'KeyPoints.keypoint_confidence' instead.
SupervisionWarnings: 'KeyPoints.confidence' is deprecated since 0.29.0 and will be removed in 0.32.0. Use 'KeyPoints.keypoint_confidence' instead.

 84%|████████▍ | 1216/1451 [20:46<04:30,  1.15s/it]SupervisionWarnings: 'KeyPoints.confidence' is deprecated since 0.29.0 and will be removed in 0.32.0. Use 'KeyPoints.keypoint_confidence' instead.
SupervisionWarnings: 'KeyPoints.confidence' is deprecated since 0.29.0 and will be removed in 0.32.0. Use 'KeyPoints.keypoint_confidence' instead.
SupervisionWarnings: 'KeyPoints.confidence' is deprecated since 0.29.0 and will be removed in 0.32.0. Use 'KeyPoints.keypoint_confidence' instead.
SupervisionWarnings: 'KeyPoints.confidence' is deprecated since 0.29.0 and will be removed in 0.32.0. Use 'KeyPoints.keypoint_confidence' instead.

 84%|████████▍ | 1217/1451 [20:48<04:34,  1.17s/it]SupervisionWarnings: 'KeyPoints.confidence' is deprecated since 0.29.0 and will be removed in 0.32.0. Use 'KeyPoints.keypoint_confidence' instead.
SupervisionWarnings: 'KeyPoints.confidence' is deprecated since 0.29.0 and will be removed in 0.32.0. Use 'KeyPoints.keypoint_confidence' instead.
SupervisionWarnings: 'KeyPoints.confidence' is deprecated since 0.29.0 and will be removed in 0.32.0. Use 'KeyPoints.keypoint_confidence' instead.
SupervisionWarnings: 'KeyPoints.confidence' is deprecated since 0.29.0 and will be removed in 0.32.0. Use 'KeyPoints.keypoint_confidence' instead.

 84%|████████▍ | 1218/1451 [20:49<04:41,  1.21s/it]SupervisionWarnings: 'KeyPoints.confidence' is deprecated since 0.29.0 and will be removed in 0.32.0. Use 'KeyPoints.keypoint_confidence' instead.
SupervisionWarnings: 'KeyPoints.confidence' is deprecated since 0.29.0 and will be removed in 0.32.0. Use 'KeyPoints.keypoint_confidence' instead.
SupervisionWarnings: 'KeyPoints.confidence' is deprecated since 0.29.0 and will be removed in 0.32.0. Use 'KeyPoints.keypoint_confidence' instead.
SupervisionWarnings: 'KeyPoints.confidence' is deprecated since 0.29.0 and will be removed in 0.32.0. Use 'KeyPoints.keypoint_confidence' instead.

 84%|████████▍ | 1219/1451 [20:50<04:41,  1.21s/it]SupervisionWarnings: 'KeyPoints.confidence' is deprecated since 0.29.0 and will be removed in 0.32.0. Use 'KeyPoints.keypoint_confidence' instead.
SupervisionWarnings: 'KeyPoints.confidence' is deprecated since 0.29.0 and will be removed in 0.32.0. Use 'KeyPoints.keypoint_confidence' instead.
SupervisionWarnings: 'KeyPoints.confidence' is deprecated since 0.29.0 and will be removed in 0.32.0. Use 'KeyPoints.keypoint_confidence' instead.
SupervisionWarnings: 'KeyPoints.confidence' is deprecated since 0.29.0 and will be removed in 0.32.0. Use 'KeyPoints.keypoint_confidence' instead.

 84%|████████▍ | 1220/1451 [20:51<04:13,  1.10s/it]SupervisionWarnings: 'KeyPoints.confidence' is deprecated since 0.29.0 and will be removed in 0.32.0. Use 'KeyPoints.keypoint_confidence' instead.
SupervisionWarnings: 'KeyPoints.confidence' is deprecated since 0.29.0 and will be removed in 0.32.0. Use 'KeyPoints.keypoint_confidence' instead.
SupervisionWarnings: 'KeyPoints.confidence' is deprecated since 0.29.0 and will be removed in 0.32.0. Use 'KeyPoints.keypoint_confidence' instead.
SupervisionWarnings: 'KeyPoints.confidence' is deprecated since 0.29.0 and will be removed in 0.32.0. Use 'KeyPoints.keypoint_confidence' instead.

 84%|████████▍ | 1221/1451 [20:52<03:53,  1.01s/it]SupervisionWarnings: 'KeyPoints.confidence' is deprecated since 0.29.0 and will be removed in 0.32.0. Use 'KeyPoints.keypoint_confidence' instead.
SupervisionWarnings: 'KeyPoints.confidence' is deprecated since 0.29.0 and will be removed in 0.32.0. Use 'KeyPoints.keypoint_confidence' instead.
SupervisionWarnings: 'KeyPoints.confidence' is deprecated since 0.29.0 and will be removed in 0.32.0. Use 'KeyPoints.keypoint_confidence' instead.
SupervisionWarnings: 'KeyPoints.confidence' is deprecated since 0.29.0 and will be removed in 0.32.0. Use 'KeyPoints.keypoint_confidence' instead.

 84%|████████▍ | 1222/1451 [20:53<03:40,  1.04it/s]SupervisionWarnings: 'KeyPoints.confidence' is deprecated since 0.29.0 and will be removed in 0.32.0. Use 'KeyPoints.keypoint_confidence' instead.
SupervisionWarnings: 'KeyPoints.confidence' is deprecated since 0.29.0 and will be removed in 0.32.0. Use 'KeyPoints.keypoint_confidence' instead.
SupervisionWarnings: 'KeyPoints.confidence' is deprecated since 0.29.0 and will be removed in 0.32.0. Use 'KeyPoints.keypoint_confidence' instead.
SupervisionWarnings: 'KeyPoints.confidence' is deprecated since 0.29.0 and will be removed in 0.32.0. Use 'KeyPoints.keypoint_confidence' instead.

 84%|████████▍ | 1223/1451 [20:53<03:27,  1.10it/s]SupervisionWarnings: 'KeyPoints.confidence' is deprecated since 0.29.0 and will be removed in 0.32.0. Use 'KeyPoints.keypoint_confidence' instead.
SupervisionWarnings: 'KeyPoints.confidence' is deprecated since 0.29.0 and will be removed in 0.32.0. Use 'KeyPoints.keypoint_confidence' instead.
SupervisionWarnings: 'KeyPoints.confidence' is deprecated since 0.29.0 and will be removed in 0.32.0. Use 'KeyPoints.keypoint_confidence' instead.
SupervisionWarnings: 'KeyPoints.confidence' is deprecated since 0.29.0 and will be removed in 0.32.0. Use 'KeyPoints.keypoint_confidence' instead.

 84%|████████▍ | 1224/1451 [20:54<03:26,  1.10it/s]SupervisionWarnings: 'KeyPoints.confidence' is deprecated since 0.29.0 and will be removed in 0.32.0. Use 'KeyPoints.keypoint_confidence' instead.
SupervisionWarnings: 'KeyPoints.confidence' is deprecated since 0.29.0 and will be removed in 0.32.0. Use 'KeyPoints.keypoint_confidence' instead.
SupervisionWarnings: 'KeyPoints.confidence' is deprecated since 0.29.0 and will be removed in 0.32.0. Use 'KeyPoints.keypoint_confidence' instead.
SupervisionWarnings: 'KeyPoints.confidence' is deprecated since 0.29.0 and will be removed in 0.32.0. Use 'KeyPoints.keypoint_confidence' instead.

 84%|████████▍ | 1225/1451 [20:55<03:34,  1.06it/s]SupervisionWarnings: 'KeyPoints.confidence' is deprecated since 0.29.0 and will be removed in 0.32.0. Use 'KeyPoints.keypoint_confidence' instead.
SupervisionWarnings: 'KeyPoints.confidence' is deprecated since 0.29.0 and will be removed in 0.32.0. Use 'KeyPoints.keypoint_confidence' instead.
SupervisionWarnings: 'KeyPoints.confidence' is deprecated since 0.29.0 and will be removed in 0.32.0. Use 'KeyPoints.keypoint_confidence' instead.
SupervisionWarnings: 'KeyPoints.confidence' is deprecated since 0.29.0 and will be removed in 0.32.0. Use 'KeyPoints.keypoint_confidence' instead.

 84%|████████▍ | 1226/1451 [20:57<03:43,  1.01it/s]SupervisionWarnings: 'KeyPoints.confidence' is deprecated since 0.29.0 and will be removed in 0.32.0. Use 'KeyPoints.keypoint_confidence' instead.
SupervisionWarnings: 'KeyPoints.confidence' is deprecated since 0.29.0 and will be removed in 0.32.0. Use 'KeyPoints.keypoint_confidence' instead.
SupervisionWarnings: 'KeyPoints.confidence' is deprecated since 0.29.0 and will be removed in 0.32.0. Use 'KeyPoints.keypoint_confidence' instead.
SupervisionWarnings: 'KeyPoints.confidence' is deprecated since 0.29.0 and will be removed in 0.32.0. Use 'KeyPoints.keypoint_confidence' instead.

 85%|████████▍ | 1227/1451 [20:57<03:34,  1.04it/s]SupervisionWarnings: 'KeyPoints.confidence' is deprecated since 0.29.0 and will be removed in 0.32.0. Use 'KeyPoints.keypoint_confidence' instead.
SupervisionWarnings: 'KeyPoints.confidence' is deprecated since 0.29.0 and will be removed in 0.32.0. Use 'KeyPoints.keypoint_confidence' instead.
SupervisionWarnings: 'KeyPoints.confidence' is deprecated since 0.29.0 and will be removed in 0.32.0. Use 'KeyPoints.keypoint_confidence' instead.
SupervisionWarnings: 'KeyPoints.confidence' is deprecated since 0.29.0 and will be removed in 0.32.0. Use 'KeyPoints.keypoint_confidence' instead.

 85%|████████▍ | 1228/1451 [20:58<03:24,  1.09it/s]SupervisionWarnings: 'KeyPoints.confidence' is deprecated since 0.29.0 and will be removed in 0.32.0. Use 'KeyPoints.keypoint_confidence' instead.
SupervisionWarnings: 'KeyPoints.confidence' is deprecated since 0.29.0 and will be removed in 0.32.0. Use 'KeyPoints.keypoint_confidence' instead.
SupervisionWarnings: 'KeyPoints.confidence' is deprecated since 0.29.0 and will be removed in 0.32.0. Use 'KeyPoints.keypoint_confidence' instead.
SupervisionWarnings: 'KeyPoints.confidence' is deprecated since 0.29.0 and will be removed in 0.32.0. Use 'KeyPoints.keypoint_confidence' instead.

 85%|████████▍ | 1229/1451 [20:59<03:18,  1.12it/s]SupervisionWarnings: 'KeyPoints.confidence' is deprecated since 0.29.0 and will be removed in 0.32.0. Use 'KeyPoints.keypoint_confidence' instead.
SupervisionWarnings: 'KeyPoints.confidence' is deprecated since 0.29.0 and will be removed in 0.32.0. Use 'KeyPoints.keypoint_confidence' instead.
SupervisionWarnings: 'KeyPoints.confidence' is deprecated since 0.29.0 and will be removed in 0.32.0. Use 'KeyPoints.keypoint_confidence' instead.
SupervisionWarnings: 'KeyPoints.confidence' is deprecated since 0.29.0 and will be removed in 0.32.0. Use 'KeyPoints.keypoint_confidence' instead.

 85%|████████▍ | 1230/1451 [21:00<03:13,  1.14it/s]SupervisionWarnings: 'KeyPoints.confidence' is deprecated since 0.29.0 and will be removed in 0.32.0. Use 'KeyPoints.keypoint_confidence' instead.
SupervisionWarnings: 'KeyPoints.confidence' is deprecated since 0.29.0 and will be removed in 0.32.0. Use 'KeyPoints.keypoint_confidence' instead.
SupervisionWarnings: 'KeyPoints.confidence' is deprecated since 0.29.0 and will be removed in 0.32.0. Use 'KeyPoints.keypoint_confidence' instead.
SupervisionWarnings: 'KeyPoints.confidence' is deprecated since 0.29.0 and will be removed in 0.32.0. Use 'KeyPoints.keypoint_confidence' instead.

 85%|████████▍ | 1231/1451 [21:01<03:09,  1.16it/s]SupervisionWarnings: 'KeyPoints.confidence' is deprecated since 0.29.0 and will be removed in 0.32.0. Use 'KeyPoints.keypoint_confidence' instead.
SupervisionWarnings: 'KeyPoints.confidence' is deprecated since 0.29.0 and will be removed in 0.32.0. Use 'KeyPoints.keypoint_confidence' instead.
SupervisionWarnings: 'KeyPoints.confidence' is deprecated since 0.29.0 and will be removed in 0.32.0. Use 'KeyPoints.keypoint_confidence' instead.
SupervisionWarnings: 'KeyPoints.confidence' is deprecated since 0.29.0 and will be removed in 0.32.0. Use 'KeyPoints.keypoint_confidence' instead.

 85%|████████▍ | 1232/1451 [21:02<03:06,  1.17it/s]SupervisionWarnings: 'KeyPoints.confidence' is deprecated since 0.29.0 and will be removed in 0.32.0. Use 'KeyPoints.keypoint_confidence' instead.
SupervisionWarnings: 'KeyPoints.confidence' is deprecated since 0.29.0 and will be removed in 0.32.0. Use 'KeyPoints.keypoint_confidence' instead.
SupervisionWarnings: 'KeyPoints.confidence' is deprecated since 0.29.0 and will be removed in 0.32.0. Use 'KeyPoints.keypoint_confidence' instead.
SupervisionWarnings: 'KeyPoints.confidence' is deprecated since 0.29.0 and will be removed in 0.32.0. Use 'KeyPoints.keypoint_confidence' instead.

 85%|████████▍ | 1233/1451 [21:02<03:03,  1.19it/s]SupervisionWarnings: 'KeyPoints.confidence' is deprecated since 0.29.0 and will be removed in 0.32.0. Use 'KeyPoints.keypoint_confidence' instead.
SupervisionWarnings: 'KeyPoints.confidence' is deprecated since 0.29.0 and will be removed in 0.32.0. Use 'KeyPoints.keypoint_confidence' instead.
SupervisionWarnings: 'KeyPoints.confidence' is deprecated since 0.29.0 and will be removed in 0.32.0. Use 'KeyPoints.keypoint_confidence' instead.
SupervisionWarnings: 'KeyPoints.confidence' is deprecated since 0.29.0 and will be removed in 0.32.0. Use 'KeyPoints.keypoint_confidence' instead.

 85%|████████▌ | 1234/1451 [21:03<03:00,  1.20it/s]SupervisionWarnings: 'KeyPoints.confidence' is deprecated since 0.29.0 and will be removed in 0.32.0. Use 'KeyPoints.keypoint_confidence' instead.
SupervisionWarnings: 'KeyPoints.confidence' is deprecated since 0.29.0 and will be removed in 0.32.0. Use 'KeyPoints.keypoint_confidence' instead.
SupervisionWarnings: 'KeyPoints.confidence' is deprecated since 0.29.0 and will be removed in 0.32.0. Use 'KeyPoints.keypoint_confidence' instead.
SupervisionWarnings: 'KeyPoints.confidence' is deprecated since 0.29.0 and will be removed in 0.32.0. Use 'KeyPoints.keypoint_confidence' instead.

 85%|████████▌ | 1235/1451 [21:04<02:59,  1.20it/s]SupervisionWarnings: 'KeyPoints.confidence' is deprecated since 0.29.0 and will be removed in 0.32.0. Use 'KeyPoints.keypoint_confidence' instead.
SupervisionWarnings: 'KeyPoints.confidence' is deprecated since 0.29.0 and will be removed in 0.32.0. Use 'KeyPoints.keypoint_confidence' instead.
SupervisionWarnings: 'KeyPoints.confidence' is deprecated since 0.29.0 and will be removed in 0.32.0. Use 'KeyPoints.keypoint_confidence' instead.
SupervisionWarnings: 'KeyPoints.confidence' is deprecated since 0.29.0 and will be removed in 0.32.0. Use 'KeyPoints.keypoint_confidence' instead.

 85%|████████▌ | 1236/1451 [21:05<02:58,  1.20it/s]SupervisionWarnings: 'KeyPoints.confidence' is deprecated since 0.29.0 and will be removed in 0.32.0. Use 'KeyPoints.keypoint_confidence' instead.
SupervisionWarnings: 'KeyPoints.confidence' is deprecated since 0.29.0 and will be removed in 0.32.0. Use 'KeyPoints.keypoint_confidence' instead.
SupervisionWarnings: 'KeyPoints.confidence' is deprecated since 0.29.0 and will be removed in 0.32.0. Use 'KeyPoints.keypoint_confidence' instead.
SupervisionWarnings: 'KeyPoints.confidence' is deprecated since 0.29.0 and will be removed in 0.32.0. Use 'KeyPoints.keypoint_confidence' instead.

 85%|████████▌ | 1237/1451 [21:06<02:58,  1.20it/s]SupervisionWarnings: 'KeyPoints.confidence' is deprecated since 0.29.0 and will be removed in 0.32.0. Use 'KeyPoints.keypoint_confidence' instead.
SupervisionWarnings: 'KeyPoints.confidence' is deprecated since 0.29.0 and will be removed in 0.32.0. Use 'KeyPoints.keypoint_confidence' instead.
SupervisionWarnings: 'KeyPoints.confidence' is deprecated since 0.29.0 and will be removed in 0.32.0. Use 'KeyPoints.keypoint_confidence' instead.
SupervisionWarnings: 'KeyPoints.confidence' is deprecated since 0.29.0 and will be removed in 0.32.0. Use 'KeyPoints.keypoint_confidence' instead.

 85%|████████▌ | 1238/1451 [21:07<02:58,  1.20it/s]SupervisionWarnings: 'KeyPoints.confidence' is deprecated since 0.29.0 and will be removed in 0.32.0. Use 'KeyPoints.keypoint_confidence' instead.
SupervisionWarnings: 'KeyPoints.confidence' is deprecated since 0.29.0 and will be removed in 0.32.0. Use 'KeyPoints.keypoint_confidence' instead.
SupervisionWarnings: 'KeyPoints.confidence' is deprecated since 0.29.0 and will be removed in 0.32.0. Use 'KeyPoints.keypoint_confidence' instead.
SupervisionWarnings: 'KeyPoints.confidence' is deprecated since 0.29.0 and will be removed in 0.32.0. Use 'KeyPoints.keypoint_confidence' instead.

 85%|████████▌ | 1239/1451 [21:07<03:01,  1.17it/s]SupervisionWarnings: 'KeyPoints.confidence' is deprecated since 0.29.0 and will be removed in 0.32.0. Use 'KeyPoints.keypoint_confidence' instead.
SupervisionWarnings: 'KeyPoints.confidence' is deprecated since 0.29.0 and will be removed in 0.32.0. Use 'KeyPoints.keypoint_confidence' instead.
SupervisionWarnings: 'KeyPoints.confidence' is deprecated since 0.29.0 and will be removed in 0.32.0. Use 'KeyPoints.keypoint_confidence' instead.
SupervisionWarnings: 'KeyPoints.confidence' is deprecated since 0.29.0 and will be removed in 0.32.0. Use 'KeyPoints.keypoint_confidence' instead.

 85%|████████▌ | 1240/1451 [21:08<03:12,  1.10it/s]SupervisionWarnings: 'KeyPoints.confidence' is deprecated since 0.29.0 and will be removed in 0.32.0. Use 'KeyPoints.keypoint_confidence' instead.
SupervisionWarnings: 'KeyPoints.confidence' is deprecated since 0.29.0 and will be removed in 0.32.0. Use 'KeyPoints.keypoint_confidence' instead.
SupervisionWarnings: 'KeyPoints.confidence' is deprecated since 0.29.0 and will be removed in 0.32.0. Use 'KeyPoints.keypoint_confidence' instead.
SupervisionWarnings: 'KeyPoints.confidence' is deprecated since 0.29.0 and will be removed in 0.32.0. Use 'KeyPoints.keypoint_confidence' instead.

 86%|████████▌ | 1241/1451 [21:09<03:13,  1.09it/s]SupervisionWarnings: 'KeyPoints.confidence' is deprecated since 0.29.0 and will be removed in 0.32.0. Use 'KeyPoints.keypoint_confidence' instead.
SupervisionWarnings: 'KeyPoints.confidence' is deprecated since 0.29.0 and will be removed in 0.32.0. Use 'KeyPoints.keypoint_confidence' instead.
SupervisionWarnings: 'KeyPoints.confidence' is deprecated since 0.29.0 and will be removed in 0.32.0. Use 'KeyPoints.keypoint_confidence' instead.
SupervisionWarnings: 'KeyPoints.confidence' is deprecated since 0.29.0 and will be removed in 0.32.0. Use 'KeyPoints.keypoint_confidence' instead.

 86%|████████▌ | 1242/1451 [21:10<03:15,  1.07it/s]SupervisionWarnings: 'KeyPoints.confidence' is deprecated since 0.29.0 and will be removed in 0.32.0. Use 'KeyPoints.keypoint_confidence' instead.
SupervisionWarnings: 'KeyPoints.confidence' is deprecated since 0.29.0 and will be removed in 0.32.0. Use 'KeyPoints.keypoint_confidence' instead.
SupervisionWarnings: 'KeyPoints.confidence' is deprecated since 0.29.0 and will be removed in 0.32.0. Use 'KeyPoints.keypoint_confidence' instead.
SupervisionWarnings: 'KeyPoints.confidence' is deprecated since 0.29.0 and will be removed in 0.32.0. Use 'KeyPoints.keypoint_confidence' instead.

 86%|████████▌ | 1243/1451 [21:11<03:07,  1.11it/s]SupervisionWarnings: 'KeyPoints.confidence' is deprecated since 0.29.0 and will be removed in 0.32.0. Use 'KeyPoints.keypoint_confidence' instead.
SupervisionWarnings: 'KeyPoints.confidence' is deprecated since 0.29.0 and will be removed in 0.32.0. Use 'KeyPoints.keypoint_confidence' instead.
SupervisionWarnings: 'KeyPoints.confidence' is deprecated since 0.29.0 and will be removed in 0.32.0. Use 'KeyPoints.keypoint_confidence' instead.
SupervisionWarnings: 'KeyPoints.confidence' is deprecated since 0.29.0 and will be removed in 0.32.0. Use 'KeyPoints.keypoint_confidence' instead.

 86%|████████▌ | 1244/1451 [21:12<03:01,  1.14it/s]SupervisionWarnings: 'KeyPoints.confidence' is deprecated since 0.29.0 and will be removed in 0.32.0. Use 'KeyPoints.keypoint_confidence' instead.
SupervisionWarnings: 'KeyPoints.confidence' is deprecated since 0.29.0 and will be removed in 0.32.0. Use 'KeyPoints.keypoint_confidence' instead.
SupervisionWarnings: 'KeyPoints.confidence' is deprecated since 0.29.0 and will be removed in 0.32.0. Use 'KeyPoints.keypoint_confidence' instead.
SupervisionWarnings: 'KeyPoints.confidence' is deprecated since 0.29.0 and will be removed in 0.32.0. Use 'KeyPoints.keypoint_confidence' instead.

 86%|████████▌ | 1245/1451 [21:13<02:59,  1.15it/s]SupervisionWarnings: 'KeyPoints.confidence' is deprecated since 0.29.0 and will be removed in 0.32.0. Use 'KeyPoints.keypoint_confidence' instead.
SupervisionWarnings: 'KeyPoints.confidence' is deprecated since 0.29.0 and will be removed in 0.32.0. Use 'KeyPoints.keypoint_confidence' instead.
SupervisionWarnings: 'KeyPoints.confidence' is deprecated since 0.29.0 and will be removed in 0.32.0. Use 'KeyPoints.keypoint_confidence' instead.
SupervisionWarnings: 'KeyPoints.confidence' is deprecated since 0.29.0 and will be removed in 0.32.0. Use 'KeyPoints.keypoint_confidence' instead.

 86%|████████▌ | 1246/1451 [21:14<02:55,  1.17it/s]SupervisionWarnings: 'KeyPoints.confidence' is deprecated since 0.29.0 and will be removed in 0.32.0. Use 'KeyPoints.keypoint_confidence' instead.
SupervisionWarnings: 'KeyPoints.confidence' is deprecated since 0.29.0 and will be removed in 0.32.0. Use 'KeyPoints.keypoint_confidence' instead.
SupervisionWarnings: 'KeyPoints.confidence' is deprecated since 0.29.0 and will be removed in 0.32.0. Use 'KeyPoints.keypoint_confidence' instead.
SupervisionWarnings: 'KeyPoints.confidence' is deprecated since 0.29.0 and will be removed in 0.32.0. Use 'KeyPoints.keypoint_confidence' instead.

 86%|████████▌ | 1247/1451 [21:15<02:53,  1.18it/s]SupervisionWarnings: 'KeyPoints.confidence' is deprecated since 0.29.0 and will be removed in 0.32.0. Use 'KeyPoints.keypoint_confidence' instead.
SupervisionWarnings: 'KeyPoints.confidence' is deprecated since 0.29.0 and will be removed in 0.32.0. Use 'KeyPoints.keypoint_confidence' instead.
SupervisionWarnings: 'KeyPoints.confidence' is deprecated since 0.29.0 and will be removed in 0.32.0. Use 'KeyPoints.keypoint_confidence' instead.
SupervisionWarnings: 'KeyPoints.confidence' is deprecated since 0.29.0 and will be removed in 0.32.0. Use 'KeyPoints.keypoint_confidence' instead.

 86%|████████▌ | 1248/1451 [21:15<02:51,  1.18it/s]SupervisionWarnings: 'KeyPoints.confidence' is deprecated since 0.29.0 and will be removed in 0.32.0. Use 'KeyPoints.keypoint_confidence' instead.
SupervisionWarnings: 'KeyPoints.confidence' is deprecated since 0.29.0 and will be removed in 0.32.0. Use 'KeyPoints.keypoint_confidence' instead.
SupervisionWarnings: 'KeyPoints.confidence' is deprecated since 0.29.0 and will be removed in 0.32.0. Use 'KeyPoints.keypoint_confidence' instead.
SupervisionWarnings: 'KeyPoints.confidence' is deprecated since 0.29.0 and will be removed in 0.32.0. Use 'KeyPoints.keypoint_confidence' instead.

 86%|████████▌ | 1249/1451 [21:16<02:49,  1.19it/s]SupervisionWarnings: 'KeyPoints.confidence' is deprecated since 0.29.0 and will be removed in 0.32.0. Use 'KeyPoints.keypoint_confidence' instead.
SupervisionWarnings: 'KeyPoints.confidence' is deprecated since 0.29.0 and will be removed in 0.32.0. Use 'KeyPoints.keypoint_confidence' instead.
SupervisionWarnings: 'KeyPoints.confidence' is deprecated since 0.29.0 and will be removed in 0.32.0. Use 'KeyPoints.keypoint_confidence' instead.
SupervisionWarnings: 'KeyPoints.confidence' is deprecated since 0.29.0 and will be removed in 0.32.0. Use 'KeyPoints.keypoint_confidence' instead.

 86%|████████▌ | 1250/1451 [21:17<02:48,  1.19it/s]SupervisionWarnings: 'KeyPoints.confidence' is deprecated since 0.29.0 and will be removed in 0.32.0. Use 'KeyPoints.keypoint_confidence' instead.
SupervisionWarnings: 'KeyPoints.confidence' is deprecated since 0.29.0 and will be removed in 0.32.0. Use 'KeyPoints.keypoint_confidence' instead.
SupervisionWarnings: 'KeyPoints.confidence' is deprecated since 0.29.0 and will be removed in 0.32.0. Use 'KeyPoints.keypoint_confidence' instead.
SupervisionWarnings: 'KeyPoints.confidence' is deprecated since 0.29.0 and will be removed in 0.32.0. Use 'KeyPoints.keypoint_confidence' instead.

 86%|████████▌ | 1251/1451 [21:18<02:46,  1.20it/s]SupervisionWarnings: 'KeyPoints.confidence' is deprecated since 0.29.0 and will be removed in 0.32.0. Use 'KeyPoints.keypoint_confidence' instead.
SupervisionWarnings: 'KeyPoints.confidence' is deprecated since 0.29.0 and will be removed in 0.32.0. Use 'KeyPoints.keypoint_confidence' instead.
SupervisionWarnings: 'KeyPoints.confidence' is deprecated since 0.29.0 and will be removed in 0.32.0. Use 'KeyPoints.keypoint_confidence' instead.
SupervisionWarnings: 'KeyPoints.confidence' is deprecated since 0.29.0 and will be removed in 0.32.0. Use 'KeyPoints.keypoint_confidence' instead.

 86%|████████▋ | 1252/1451 [21:19<02:45,  1.21it/s]SupervisionWarnings: 'KeyPoints.confidence' is deprecated since 0.29.0 and will be removed in 0.32.0. Use 'KeyPoints.keypoint_confidence' instead.
SupervisionWarnings: 'KeyPoints.confidence' is deprecated since 0.29.0 and will be removed in 0.32.0. Use 'KeyPoints.keypoint_confidence' instead.
SupervisionWarnings: 'KeyPoints.confidence' is deprecated since 0.29.0 and will be removed in 0.32.0. Use 'KeyPoints.keypoint_confidence' instead.
SupervisionWarnings: 'KeyPoints.confidence' is deprecated since 0.29.0 and will be removed in 0.32.0. Use 'KeyPoints.keypoint_confidence' instead.

 86%|████████▋ | 1253/1451 [21:20<03:09,  1.05it/s]SupervisionWarnings: 'KeyPoints.confidence' is deprecated since 0.29.0 and will be removed in 0.32.0. Use 'KeyPoints.keypoint_confidence' instead.
SupervisionWarnings: 'KeyPoints.confidence' is deprecated since 0.29.0 and will be removed in 0.32.0. Use 'KeyPoints.keypoint_confidence' instead.
SupervisionWarnings: 'KeyPoints.confidence' is deprecated since 0.29.0 and will be removed in 0.32.0. Use 'KeyPoints.keypoint_confidence' instead.
SupervisionWarnings: 'KeyPoints.confidence' is deprecated since 0.29.0 and will be removed in 0.32.0. Use 'KeyPoints.keypoint_confidence' instead.

 86%|████████▋ | 1254/1451 [21:21<03:08,  1.04it/s]SupervisionWarnings: 'KeyPoints.confidence' is deprecated since 0.29.0 and will be removed in 0.32.0. Use 'KeyPoints.keypoint_confidence' instead.
SupervisionWarnings: 'KeyPoints.confidence' is deprecated since 0.29.0 and will be removed in 0.32.0. Use 'KeyPoints.keypoint_confidence' instead.
SupervisionWarnings: 'KeyPoints.confidence' is deprecated since 0.29.0 and will be removed in 0.32.0. Use 'KeyPoints.keypoint_confidence' instead.
SupervisionWarnings: 'KeyPoints.confidence' is deprecated since 0.29.0 and will be removed in 0.32.0. Use 'KeyPoints.keypoint_confidence' instead.

 86%|████████▋ | 1255/1451 [21:22<03:12,  1.02it/s]SupervisionWarnings: 'KeyPoints.confidence' is deprecated since 0.29.0 and will be removed in 0.32.0. Use 'KeyPoints.keypoint_confidence' instead.
SupervisionWarnings: 'KeyPoints.confidence' is deprecated since 0.29.0 and will be removed in 0.32.0. Use 'KeyPoints.keypoint_confidence' instead.
SupervisionWarnings: 'KeyPoints.confidence' is deprecated since 0.29.0 and will be removed in 0.32.0. Use 'KeyPoints.keypoint_confidence' instead.
SupervisionWarnings: 'KeyPoints.confidence' is deprecated since 0.29.0 and will be removed in 0.32.0. Use 'KeyPoints.keypoint_confidence' instead.

 87%|████████▋ | 1256/1451 [21:23<03:17,  1.01s/it]SupervisionWarnings: 'KeyPoints.confidence' is deprecated since 0.29.0 and will be removed in 0.32.0. Use 'KeyPoints.keypoint_confidence' instead.
SupervisionWarnings: 'KeyPoints.confidence' is deprecated since 0.29.0 and will be removed in 0.32.0. Use 'KeyPoints.keypoint_confidence' instead.
SupervisionWarnings: 'KeyPoints.confidence' is deprecated since 0.29.0 and will be removed in 0.32.0. Use 'KeyPoints.keypoint_confidence' instead.
SupervisionWarnings: 'KeyPoints.confidence' is deprecated since 0.29.0 and will be removed in 0.32.0. Use 'KeyPoints.keypoint_confidence' instead.

 87%|████████▋ | 1257/1451 [21:24<03:09,  1.02it/s]SupervisionWarnings: 'KeyPoints.confidence' is deprecated since 0.29.0 and will be removed in 0.32.0. Use 'KeyPoints.keypoint_confidence' instead.
SupervisionWarnings: 'KeyPoints.confidence' is deprecated since 0.29.0 and will be removed in 0.32.0. Use 'KeyPoints.keypoint_confidence' instead.
SupervisionWarnings: 'KeyPoints.confidence' is deprecated since 0.29.0 and will be removed in 0.32.0. Use 'KeyPoints.keypoint_confidence' instead.
SupervisionWarnings: 'KeyPoints.confidence' is deprecated since 0.29.0 and will be removed in 0.32.0. Use 'KeyPoints.keypoint_confidence' instead.

 87%|████████▋ | 1258/1451 [21:25<03:00,  1.07it/s]SupervisionWarnings: 'KeyPoints.confidence' is deprecated since 0.29.0 and will be removed in 0.32.0. Use 'KeyPoints.keypoint_confidence' instead.
SupervisionWarnings: 'KeyPoints.confidence' is deprecated since 0.29.0 and will be removed in 0.32.0. Use 'KeyPoints.keypoint_confidence' instead.
SupervisionWarnings: 'KeyPoints.confidence' is deprecated since 0.29.0 and will be removed in 0.32.0. Use 'KeyPoints.keypoint_confidence' instead.
SupervisionWarnings: 'KeyPoints.confidence' is deprecated since 0.29.0 and will be removed in 0.32.0. Use 'KeyPoints.keypoint_confidence' instead.

 87%|████████▋ | 1259/1451 [21:26<02:53,  1.11it/s]SupervisionWarnings: 'KeyPoints.confidence' is deprecated since 0.29.0 and will be removed in 0.32.0. Use 'KeyPoints.keypoint_confidence' instead.
SupervisionWarnings: 'KeyPoints.confidence' is deprecated since 0.29.0 and will be removed in 0.32.0. Use 'KeyPoints.keypoint_confidence' instead.
SupervisionWarnings: 'KeyPoints.confidence' is deprecated since 0.29.0 and will be removed in 0.32.0. Use 'KeyPoints.keypoint_confidence' instead.
SupervisionWarnings: 'KeyPoints.confidence' is deprecated since 0.29.0 and will be removed in 0.32.0. Use 'KeyPoints.keypoint_confidence' instead.

 87%|████████▋ | 1260/1451 [21:26<02:49,  1.13it/s]SupervisionWarnings: 'KeyPoints.confidence' is deprecated since 0.29.0 and will be removed in 0.32.0. Use 'KeyPoints.keypoint_confidence' instead.
SupervisionWarnings: 'KeyPoints.confidence' is deprecated since 0.29.0 and will be removed in 0.32.0. Use 'KeyPoints.keypoint_confidence' instead.
SupervisionWarnings: 'KeyPoints.confidence' is deprecated since 0.29.0 and will be removed in 0.32.0. Use 'KeyPoints.keypoint_confidence' instead.
SupervisionWarnings: 'KeyPoints.confidence' is deprecated since 0.29.0 and will be removed in 0.32.0. Use 'KeyPoints.keypoint_confidence' instead.

 87%|████████▋ | 1261/1451 [21:27<02:44,  1.15it/s]SupervisionWarnings: 'KeyPoints.confidence' is deprecated since 0.29.0 and will be removed in 0.32.0. Use 'KeyPoints.keypoint_confidence' instead.
SupervisionWarnings: 'KeyPoints.confidence' is deprecated since 0.29.0 and will be removed in 0.32.0. Use 'KeyPoints.keypoint_confidence' instead.
SupervisionWarnings: 'KeyPoints.confidence' is deprecated since 0.29.0 and will be removed in 0.32.0. Use 'KeyPoints.keypoint_confidence' instead.
SupervisionWarnings: 'KeyPoints.confidence' is deprecated since 0.29.0 and will be removed in 0.32.0. Use 'KeyPoints.keypoint_confidence' instead.

 87%|████████▋ | 1262/1451 [21:28<03:05,  1.02it/s]SupervisionWarnings: 'KeyPoints.confidence' is deprecated since 0.29.0 and will be removed in 0.32.0. Use 'KeyPoints.keypoint_confidence' instead.
SupervisionWarnings: 'KeyPoints.confidence' is deprecated since 0.29.0 and will be removed in 0.32.0. Use 'KeyPoints.keypoint_confidence' instead.
SupervisionWarnings: 'KeyPoints.confidence' is deprecated since 0.29.0 and will be removed in 0.32.0. Use 'KeyPoints.keypoint_confidence' instead.
SupervisionWarnings: 'KeyPoints.confidence' is deprecated since 0.29.0 and will be removed in 0.32.0. Use 'KeyPoints.keypoint_confidence' instead.

 87%|████████▋ | 1263/1451 [21:30<03:18,  1.06s/it]SupervisionWarnings: 'KeyPoints.confidence' is deprecated since 0.29.0 and will be removed in 0.32.0. Use 'KeyPoints.keypoint_confidence' instead.
SupervisionWarnings: 'KeyPoints.confidence' is deprecated since 0.29.0 and will be removed in 0.32.0. Use 'KeyPoints.keypoint_confidence' instead.
SupervisionWarnings: 'KeyPoints.confidence' is deprecated since 0.29.0 and will be removed in 0.32.0. Use 'KeyPoints.keypoint_confidence' instead.
SupervisionWarnings: 'KeyPoints.confidence' is deprecated since 0.29.0 and will be removed in 0.32.0. Use 'KeyPoints.keypoint_confidence' instead.

 87%|████████▋ | 1264/1451 [21:31<03:28,  1.11s/it]SupervisionWarnings: 'KeyPoints.confidence' is deprecated since 0.29.0 and will be removed in 0.32.0. Use 'KeyPoints.keypoint_confidence' instead.
SupervisionWarnings: 'KeyPoints.confidence' is deprecated since 0.29.0 and will be removed in 0.32.0. Use 'KeyPoints.keypoint_confidence' instead.
SupervisionWarnings: 'KeyPoints.confidence' is deprecated since 0.29.0 and will be removed in 0.32.0. Use 'KeyPoints.keypoint_confidence' instead.
SupervisionWarnings: 'KeyPoints.confidence' is deprecated since 0.29.0 and will be removed in 0.32.0. Use 'KeyPoints.keypoint_confidence' instead.

 87%|████████▋ | 1265/1451 [21:32<03:34,  1.16s/it]SupervisionWarnings: 'KeyPoints.confidence' is deprecated since 0.29.0 and will be removed in 0.32.0. Use 'KeyPoints.keypoint_confidence' instead.
SupervisionWarnings: 'KeyPoints.confidence' is deprecated since 0.29.0 and will be removed in 0.32.0. Use 'KeyPoints.keypoint_confidence' instead.
SupervisionWarnings: 'KeyPoints.confidence' is deprecated since 0.29.0 and will be removed in 0.32.0. Use 'KeyPoints.keypoint_confidence' instead.
SupervisionWarnings: 'KeyPoints.confidence' is deprecated since 0.29.0 and will be removed in 0.32.0. Use 'KeyPoints.keypoint_confidence' instead.

 87%|████████▋ | 1266/1451 [21:34<03:42,  1.20s/it]SupervisionWarnings: 'KeyPoints.confidence' is deprecated since 0.29.0 and will be removed in 0.32.0. Use 'KeyPoints.keypoint_confidence' instead.
SupervisionWarnings: 'KeyPoints.confidence' is deprecated since 0.29.0 and will be removed in 0.32.0. Use 'KeyPoints.keypoint_confidence' instead.
SupervisionWarnings: 'KeyPoints.confidence' is deprecated since 0.29.0 and will be removed in 0.32.0. Use 'KeyPoints.keypoint_confidence' instead.
SupervisionWarnings: 'KeyPoints.confidence' is deprecated since 0.29.0 and will be removed in 0.32.0. Use 'KeyPoints.keypoint_confidence' instead.

 87%|████████▋ | 1267/1451 [21:35<03:58,  1.29s/it]SupervisionWarnings: 'KeyPoints.confidence' is deprecated since 0.29.0 and will be removed in 0.32.0. Use 'KeyPoints.keypoint_confidence' instead.
SupervisionWarnings: 'KeyPoints.confidence' is deprecated since 0.29.0 and will be removed in 0.32.0. Use 'KeyPoints.keypoint_confidence' instead.
SupervisionWarnings: 'KeyPoints.confidence' is deprecated since 0.29.0 and will be removed in 0.32.0. Use 'KeyPoints.keypoint_confidence' instead.
SupervisionWarnings: 'KeyPoints.confidence' is deprecated since 0.29.0 and will be removed in 0.32.0. Use 'KeyPoints.keypoint_confidence' instead.

 87%|████████▋ | 1268/1451 [21:36<03:43,  1.22s/it]SupervisionWarnings: 'KeyPoints.confidence' is deprecated since 0.29.0 and will be removed in 0.32.0. Use 'KeyPoints.keypoint_confidence' instead.
SupervisionWarnings: 'KeyPoints.confidence' is deprecated since 0.29.0 and will be removed in 0.32.0. Use 'KeyPoints.keypoint_confidence' instead.
SupervisionWarnings: 'KeyPoints.confidence' is deprecated since 0.29.0 and will be removed in 0.32.0. Use 'KeyPoints.keypoint_confidence' instead.
SupervisionWarnings: 'KeyPoints.confidence' is deprecated since 0.29.0 and will be removed in 0.32.0. Use 'KeyPoints.keypoint_confidence' instead.

 87%|████████▋ | 1269/1451 [21:37<03:23,  1.12s/it]SupervisionWarnings: 'KeyPoints.confidence' is deprecated since 0.29.0 and will be removed in 0.32.0. Use 'KeyPoints.keypoint_confidence' instead.
SupervisionWarnings: 'KeyPoints.confidence' is deprecated since 0.29.0 and will be removed in 0.32.0. Use 'KeyPoints.keypoint_confidence' instead.
SupervisionWarnings: 'KeyPoints.confidence' is deprecated since 0.29.0 and will be removed in 0.32.0. Use 'KeyPoints.keypoint_confidence' instead.
SupervisionWarnings: 'KeyPoints.confidence' is deprecated since 0.29.0 and will be removed in 0.32.0. Use 'KeyPoints.keypoint_confidence' instead.

 88%|████████▊ | 1270/1451 [21:38<03:06,  1.03s/it]SupervisionWarnings: 'KeyPoints.confidence' is deprecated since 0.29.0 and will be removed in 0.32.0. Use 'KeyPoints.keypoint_confidence' instead.
SupervisionWarnings: 'KeyPoints.confidence' is deprecated since 0.29.0 and will be removed in 0.32.0. Use 'KeyPoints.keypoint_confidence' instead.
SupervisionWarnings: 'KeyPoints.confidence' is deprecated since 0.29.0 and will be removed in 0.32.0. Use 'KeyPoints.keypoint_confidence' instead.
SupervisionWarnings: 'KeyPoints.confidence' is deprecated since 0.29.0 and will be removed in 0.32.0. Use 'KeyPoints.keypoint_confidence' instead.

 88%|████████▊ | 1271/1451 [21:39<02:54,  1.03it/s]SupervisionWarnings: 'KeyPoints.confidence' is deprecated since 0.29.0 and will be removed in 0.32.0. Use 'KeyPoints.keypoint_confidence' instead.
SupervisionWarnings: 'KeyPoints.confidence' is deprecated since 0.29.0 and will be removed in 0.32.0. Use 'KeyPoints.keypoint_confidence' instead.
SupervisionWarnings: 'KeyPoints.confidence' is deprecated since 0.29.0 and will be removed in 0.32.0. Use 'KeyPoints.keypoint_confidence' instead.
SupervisionWarnings: 'KeyPoints.confidence' is deprecated since 0.29.0 and will be removed in 0.32.0. Use 'KeyPoints.keypoint_confidence' instead.

 88%|████████▊ | 1272/1451 [21:39<02:46,  1.08it/s]SupervisionWarnings: 'KeyPoints.confidence' is deprecated since 0.29.0 and will be removed in 0.32.0. Use 'KeyPoints.keypoint_confidence' instead.
SupervisionWarnings: 'KeyPoints.confidence' is deprecated since 0.29.0 and will be removed in 0.32.0. Use 'KeyPoints.keypoint_confidence' instead.
SupervisionWarnings: 'KeyPoints.confidence' is deprecated since 0.29.0 and will be removed in 0.32.0. Use 'KeyPoints.keypoint_confidence' instead.
SupervisionWarnings: 'KeyPoints.confidence' is deprecated since 0.29.0 and will be removed in 0.32.0. Use 'KeyPoints.keypoint_confidence' instead.

 88%|████████▊ | 1273/1451 [21:40<02:39,  1.12it/s]SupervisionWarnings: 'KeyPoints.confidence' is deprecated since 0.29.0 and will be removed in 0.32.0. Use 'KeyPoints.keypoint_confidence' instead.
SupervisionWarnings: 'KeyPoints.confidence' is deprecated since 0.29.0 and will be removed in 0.32.0. Use 'KeyPoints.keypoint_confidence' instead.
SupervisionWarnings: 'KeyPoints.confidence' is deprecated since 0.29.0 and will be removed in 0.32.0. Use 'KeyPoints.keypoint_confidence' instead.
SupervisionWarnings: 'KeyPoints.confidence' is deprecated since 0.29.0 and will be removed in 0.32.0. Use 'KeyPoints.keypoint_confidence' instead.

 88%|████████▊ | 1274/1451 [21:41<02:35,  1.14it/s]SupervisionWarnings: 'KeyPoints.confidence' is deprecated since 0.29.0 and will be removed in 0.32.0. Use 'KeyPoints.keypoint_confidence' instead.
SupervisionWarnings: 'KeyPoints.confidence' is deprecated since 0.29.0 and will be removed in 0.32.0. Use 'KeyPoints.keypoint_confidence' instead.
SupervisionWarnings: 'KeyPoints.confidence' is deprecated since 0.29.0 and will be removed in 0.32.0. Use 'KeyPoints.keypoint_confidence' instead.
SupervisionWarnings: 'KeyPoints.confidence' is deprecated since 0.29.0 and will be removed in 0.32.0. Use 'KeyPoints.keypoint_confidence' instead.

 88%|████████▊ | 1275/1451 [21:42<02:32,  1.16it/s]SupervisionWarnings: 'KeyPoints.confidence' is deprecated since 0.29.0 and will be removed in 0.32.0. Use 'KeyPoints.keypoint_confidence' instead.
SupervisionWarnings: 'KeyPoints.confidence' is deprecated since 0.29.0 and will be removed in 0.32.0. Use 'KeyPoints.keypoint_confidence' instead.
SupervisionWarnings: 'KeyPoints.confidence' is deprecated since 0.29.0 and will be removed in 0.32.0. Use 'KeyPoints.keypoint_confidence' instead.
SupervisionWarnings: 'KeyPoints.confidence' is deprecated since 0.29.0 and will be removed in 0.32.0. Use 'KeyPoints.keypoint_confidence' instead.

 88%|████████▊ | 1276/1451 [21:43<02:29,  1.17it/s]SupervisionWarnings: 'KeyPoints.confidence' is deprecated since 0.29.0 and will be removed in 0.32.0. Use 'KeyPoints.keypoint_confidence' instead.
SupervisionWarnings: 'KeyPoints.confidence' is deprecated since 0.29.0 and will be removed in 0.32.0. Use 'KeyPoints.keypoint_confidence' instead.
SupervisionWarnings: 'KeyPoints.confidence' is deprecated since 0.29.0 and will be removed in 0.32.0. Use 'KeyPoints.keypoint_confidence' instead.
SupervisionWarnings: 'KeyPoints.confidence' is deprecated since 0.29.0 and will be removed in 0.32.0. Use 'KeyPoints.keypoint_confidence' instead.

 88%|████████▊ | 1277/1451 [21:44<02:26,  1.18it/s]SupervisionWarnings: 'KeyPoints.confidence' is deprecated since 0.29.0 and will be removed in 0.32.0. Use 'KeyPoints.keypoint_confidence' instead.
SupervisionWarnings: 'KeyPoints.confidence' is deprecated since 0.29.0 and will be removed in 0.32.0. Use 'KeyPoints.keypoint_confidence' instead.
SupervisionWarnings: 'KeyPoints.confidence' is deprecated since 0.29.0 and will be removed in 0.32.0. Use 'KeyPoints.keypoint_confidence' instead.
SupervisionWarnings: 'KeyPoints.confidence' is deprecated since 0.29.0 and will be removed in 0.32.0. Use 'KeyPoints.keypoint_confidence' instead.

 88%|████████▊ | 1278/1451 [21:44<02:25,  1.19it/s]SupervisionWarnings: 'KeyPoints.confidence' is deprecated since 0.29.0 and will be removed in 0.32.0. Use 'KeyPoints.keypoint_confidence' instead.
SupervisionWarnings: 'KeyPoints.confidence' is deprecated since 0.29.0 and will be removed in 0.32.0. Use 'KeyPoints.keypoint_confidence' instead.
SupervisionWarnings: 'KeyPoints.confidence' is deprecated since 0.29.0 and will be removed in 0.32.0. Use 'KeyPoints.keypoint_confidence' instead.
SupervisionWarnings: 'KeyPoints.confidence' is deprecated since 0.29.0 and will be removed in 0.32.0. Use 'KeyPoints.keypoint_confidence' instead.

 88%|████████▊ | 1279/1451 [21:45<02:24,  1.19it/s]SupervisionWarnings: 'KeyPoints.confidence' is deprecated since 0.29.0 and will be removed in 0.32.0. Use 'KeyPoints.keypoint_confidence' instead.
SupervisionWarnings: 'KeyPoints.confidence' is deprecated since 0.29.0 and will be removed in 0.32.0. Use 'KeyPoints.keypoint_confidence' instead.
SupervisionWarnings: 'KeyPoints.confidence' is deprecated since 0.29.0 and will be removed in 0.32.0. Use 'KeyPoints.keypoint_confidence' instead.
SupervisionWarnings: 'KeyPoints.confidence' is deprecated since 0.29.0 and will be removed in 0.32.0. Use 'KeyPoints.keypoint_confidence' instead.

 88%|████████▊ | 1280/1451 [21:46<02:25,  1.17it/s]SupervisionWarnings: 'KeyPoints.confidence' is deprecated since 0.29.0 and will be removed in 0.32.0. Use 'KeyPoints.keypoint_confidence' instead.
SupervisionWarnings: 'KeyPoints.confidence' is deprecated since 0.29.0 and will be removed in 0.32.0. Use 'KeyPoints.keypoint_confidence' instead.
SupervisionWarnings: 'KeyPoints.confidence' is deprecated since 0.29.0 and will be removed in 0.32.0. Use 'KeyPoints.keypoint_confidence' instead.
SupervisionWarnings: 'KeyPoints.confidence' is deprecated since 0.29.0 and will be removed in 0.32.0. Use 'KeyPoints.keypoint_confidence' instead.

 88%|████████▊ | 1281/1451 [21:47<02:37,  1.08it/s]SupervisionWarnings: 'KeyPoints.confidence' is deprecated since 0.29.0 and will be removed in 0.32.0. Use 'KeyPoints.keypoint_confidence' instead.
SupervisionWarnings: 'KeyPoints.confidence' is deprecated since 0.29.0 and will be removed in 0.32.0. Use 'KeyPoints.keypoint_confidence' instead.
SupervisionWarnings: 'KeyPoints.confidence' is deprecated since 0.29.0 and will be removed in 0.32.0. Use 'KeyPoints.keypoint_confidence' instead.
SupervisionWarnings: 'KeyPoints.confidence' is deprecated since 0.29.0 and will be removed in 0.32.0. Use 'KeyPoints.keypoint_confidence' instead.

 88%|████████▊ | 1282/1451 [21:48<02:44,  1.03it/s]SupervisionWarnings: 'KeyPoints.confidence' is deprecated since 0.29.0 and will be removed in 0.32.0. Use 'KeyPoints.keypoint_confidence' instead.
SupervisionWarnings: 'KeyPoints.confidence' is deprecated since 0.29.0 and will be removed in 0.32.0. Use 'KeyPoints.keypoint_confidence' instead.
SupervisionWarnings: 'KeyPoints.confidence' is deprecated since 0.29.0 and will be removed in 0.32.0. Use 'KeyPoints.keypoint_confidence' instead.
SupervisionWarnings: 'KeyPoints.confidence' is deprecated since 0.29.0 and will be removed in 0.32.0. Use 'KeyPoints.keypoint_confidence' instead.

 88%|████████▊ | 1283/1451 [21:49<02:43,  1.03it/s]SupervisionWarnings: 'KeyPoints.confidence' is deprecated since 0.29.0 and will be removed in 0.32.0. Use 'KeyPoints.keypoint_confidence' instead.
SupervisionWarnings: 'KeyPoints.confidence' is deprecated since 0.29.0 and will be removed in 0.32.0. Use 'KeyPoints.keypoint_confidence' instead.
SupervisionWarnings: 'KeyPoints.confidence' is deprecated since 0.29.0 and will be removed in 0.32.0. Use 'KeyPoints.keypoint_confidence' instead.
SupervisionWarnings: 'KeyPoints.confidence' is deprecated since 0.29.0 and will be removed in 0.32.0. Use 'KeyPoints.keypoint_confidence' instead.

 88%|████████▊ | 1284/1451 [21:50<02:34,  1.08it/s]SupervisionWarnings: 'KeyPoints.confidence' is deprecated since 0.29.0 and will be removed in 0.32.0. Use 'KeyPoints.keypoint_confidence' instead.
SupervisionWarnings: 'KeyPoints.confidence' is deprecated since 0.29.0 and will be removed in 0.32.0. Use 'KeyPoints.keypoint_confidence' instead.
SupervisionWarnings: 'KeyPoints.confidence' is deprecated since 0.29.0 and will be removed in 0.32.0. Use 'KeyPoints.keypoint_confidence' instead.
SupervisionWarnings: 'KeyPoints.confidence' is deprecated since 0.29.0 and will be removed in 0.32.0. Use 'KeyPoints.keypoint_confidence' instead.

 89%|████████▊ | 1285/1451 [21:51<02:29,  1.11it/s]SupervisionWarnings: 'KeyPoints.confidence' is deprecated since 0.29.0 and will be removed in 0.32.0. Use 'KeyPoints.keypoint_confidence' instead.
SupervisionWarnings: 'KeyPoints.confidence' is deprecated since 0.29.0 and will be removed in 0.32.0. Use 'KeyPoints.keypoint_confidence' instead.
SupervisionWarnings: 'KeyPoints.confidence' is deprecated since 0.29.0 and will be removed in 0.32.0. Use 'KeyPoints.keypoint_confidence' instead.
SupervisionWarnings: 'KeyPoints.confidence' is deprecated since 0.29.0 and will be removed in 0.32.0. Use 'KeyPoints.keypoint_confidence' instead.

 89%|████████▊ | 1286/1451 [21:52<02:25,  1.14it/s]SupervisionWarnings: 'KeyPoints.confidence' is deprecated since 0.29.0 and will be removed in 0.32.0. Use 'KeyPoints.keypoint_confidence' instead.
SupervisionWarnings: 'KeyPoints.confidence' is deprecated since 0.29.0 and will be removed in 0.32.0. Use 'KeyPoints.keypoint_confidence' instead.
SupervisionWarnings: 'KeyPoints.confidence' is deprecated since 0.29.0 and will be removed in 0.32.0. Use 'KeyPoints.keypoint_confidence' instead.
SupervisionWarnings: 'KeyPoints.confidence' is deprecated since 0.29.0 and will be removed in 0.32.0. Use 'KeyPoints.keypoint_confidence' instead.

 89%|████████▊ | 1287/1451 [21:53<02:21,  1.16it/s]SupervisionWarnings: 'KeyPoints.confidence' is deprecated since 0.29.0 and will be removed in 0.32.0. Use 'KeyPoints.keypoint_confidence' instead.
SupervisionWarnings: 'KeyPoints.confidence' is deprecated since 0.29.0 and will be removed in 0.32.0. Use 'KeyPoints.keypoint_confidence' instead.
SupervisionWarnings: 'KeyPoints.confidence' is deprecated since 0.29.0 and will be removed in 0.32.0. Use 'KeyPoints.keypoint_confidence' instead.
SupervisionWarnings: 'KeyPoints.confidence' is deprecated since 0.29.0 and will be removed in 0.32.0. Use 'KeyPoints.keypoint_confidence' instead.

 89%|████████▉ | 1288/1451 [21:53<02:18,  1.18it/s]SupervisionWarnings: 'KeyPoints.confidence' is deprecated since 0.29.0 and will be removed in 0.32.0. Use 'KeyPoints.keypoint_confidence' instead.
SupervisionWarnings: 'KeyPoints.confidence' is deprecated since 0.29.0 and will be removed in 0.32.0. Use 'KeyPoints.keypoint_confidence' instead.
SupervisionWarnings: 'KeyPoints.confidence' is deprecated since 0.29.0 and will be removed in 0.32.0. Use 'KeyPoints.keypoint_confidence' instead.
SupervisionWarnings: 'KeyPoints.confidence' is deprecated since 0.29.0 and will be removed in 0.32.0. Use 'KeyPoints.keypoint_confidence' instead.

 89%|████████▉ | 1289/1451 [21:54<02:16,  1.19it/s]SupervisionWarnings: 'KeyPoints.confidence' is deprecated since 0.29.0 and will be removed in 0.32.0. Use 'KeyPoints.keypoint_confidence' instead.
SupervisionWarnings: 'KeyPoints.confidence' is deprecated since 0.29.0 and will be removed in 0.32.0. Use 'KeyPoints.keypoint_confidence' instead.
SupervisionWarnings: 'KeyPoints.confidence' is deprecated since 0.29.0 and will be removed in 0.32.0. Use 'KeyPoints.keypoint_confidence' instead.
SupervisionWarnings: 'KeyPoints.confidence' is deprecated since 0.29.0 and will be removed in 0.32.0. Use 'KeyPoints.keypoint_confidence' instead.

 89%|████████▉ | 1290/1451 [21:55<02:14,  1.19it/s]SupervisionWarnings: 'KeyPoints.confidence' is deprecated since 0.29.0 and will be removed in 0.32.0. Use 'KeyPoints.keypoint_confidence' instead.
SupervisionWarnings: 'KeyPoints.confidence' is deprecated since 0.29.0 and will be removed in 0.32.0. Use 'KeyPoints.keypoint_confidence' instead.
SupervisionWarnings: 'KeyPoints.confidence' is deprecated since 0.29.0 and will be removed in 0.32.0. Use 'KeyPoints.keypoint_confidence' instead.
SupervisionWarnings: 'KeyPoints.confidence' is deprecated since 0.29.0 and will be removed in 0.32.0. Use 'KeyPoints.keypoint_confidence' instead.

 89%|████████▉ | 1291/1451 [21:56<02:34,  1.04it/s]SupervisionWarnings: 'KeyPoints.confidence' is deprecated since 0.29.0 and will be removed in 0.32.0. Use 'KeyPoints.keypoint_confidence' instead.
SupervisionWarnings: 'KeyPoints.confidence' is deprecated since 0.29.0 and will be removed in 0.32.0. Use 'KeyPoints.keypoint_confidence' instead.
SupervisionWarnings: 'KeyPoints.confidence' is deprecated since 0.29.0 and will be removed in 0.32.0. Use 'KeyPoints.keypoint_confidence' instead.
SupervisionWarnings: 'KeyPoints.confidence' is deprecated since 0.29.0 and will be removed in 0.32.0. Use 'KeyPoints.keypoint_confidence' instead.

 89%|████████▉ | 1292/1451 [21:57<02:25,  1.09it/s]SupervisionWarnings: 'KeyPoints.confidence' is deprecated since 0.29.0 and will be removed in 0.32.0. Use 'KeyPoints.keypoint_confidence' instead.
SupervisionWarnings: 'KeyPoints.confidence' is deprecated since 0.29.0 and will be removed in 0.32.0. Use 'KeyPoints.keypoint_confidence' instead.
SupervisionWarnings: 'KeyPoints.confidence' is deprecated since 0.29.0 and will be removed in 0.32.0. Use 'KeyPoints.keypoint_confidence' instead.
SupervisionWarnings: 'KeyPoints.confidence' is deprecated since 0.29.0 and will be removed in 0.32.0. Use 'KeyPoints.keypoint_confidence' instead.

 89%|████████▉ | 1293/1451 [21:58<02:21,  1.12it/s]SupervisionWarnings: 'KeyPoints.confidence' is deprecated since 0.29.0 and will be removed in 0.32.0. Use 'KeyPoints.keypoint_confidence' instead.
SupervisionWarnings: 'KeyPoints.confidence' is deprecated since 0.29.0 and will be removed in 0.32.0. Use 'KeyPoints.keypoint_confidence' instead.
SupervisionWarnings: 'KeyPoints.confidence' is deprecated since 0.29.0 and will be removed in 0.32.0. Use 'KeyPoints.keypoint_confidence' instead.
SupervisionWarnings: 'KeyPoints.confidence' is deprecated since 0.29.0 and will be removed in 0.32.0. Use 'KeyPoints.keypoint_confidence' instead.

 89%|████████▉ | 1294/1451 [21:59<02:16,  1.15it/s]SupervisionWarnings: 'KeyPoints.confidence' is deprecated since 0.29.0 and will be removed in 0.32.0. Use 'KeyPoints.keypoint_confidence' instead.
SupervisionWarnings: 'KeyPoints.confidence' is deprecated since 0.29.0 and will be removed in 0.32.0. Use 'KeyPoints.keypoint_confidence' instead.
SupervisionWarnings: 'KeyPoints.confidence' is deprecated since 0.29.0 and will be removed in 0.32.0. Use 'KeyPoints.keypoint_confidence' instead.
SupervisionWarnings: 'KeyPoints.confidence' is deprecated since 0.29.0 and will be removed in 0.32.0. Use 'KeyPoints.keypoint_confidence' instead.

 89%|████████▉ | 1295/1451 [22:00<02:17,  1.14it/s]SupervisionWarnings: 'KeyPoints.confidence' is deprecated since 0.29.0 and will be removed in 0.32.0. Use 'KeyPoints.keypoint_confidence' instead.
SupervisionWarnings: 'KeyPoints.confidence' is deprecated since 0.29.0 and will be removed in 0.32.0. Use 'KeyPoints.keypoint_confidence' instead.
SupervisionWarnings: 'KeyPoints.confidence' is deprecated since 0.29.0 and will be removed in 0.32.0. Use 'KeyPoints.keypoint_confidence' instead.
SupervisionWarnings: 'KeyPoints.confidence' is deprecated since 0.29.0 and will be removed in 0.32.0. Use 'KeyPoints.keypoint_confidence' instead.

 89%|████████▉ | 1296/1451 [22:01<02:27,  1.05it/s]SupervisionWarnings: 'KeyPoints.confidence' is deprecated since 0.29.0 and will be removed in 0.32.0. Use 'KeyPoints.keypoint_confidence' instead.
SupervisionWarnings: 'KeyPoints.confidence' is deprecated since 0.29.0 and will be removed in 0.32.0. Use 'KeyPoints.keypoint_confidence' instead.
SupervisionWarnings: 'KeyPoints.confidence' is deprecated since 0.29.0 and will be removed in 0.32.0. Use 'KeyPoints.keypoint_confidence' instead.
SupervisionWarnings: 'KeyPoints.confidence' is deprecated since 0.29.0 and will be removed in 0.32.0. Use 'KeyPoints.keypoint_confidence' instead.

 89%|████████▉ | 1297/1451 [22:02<02:33,  1.00it/s]SupervisionWarnings: 'KeyPoints.confidence' is deprecated since 0.29.0 and will be removed in 0.32.0. Use 'KeyPoints.keypoint_confidence' instead.
SupervisionWarnings: 'KeyPoints.confidence' is deprecated since 0.29.0 and will be removed in 0.32.0. Use 'KeyPoints.keypoint_confidence' instead.
SupervisionWarnings: 'KeyPoints.confidence' is deprecated since 0.29.0 and will be removed in 0.32.0. Use 'KeyPoints.keypoint_confidence' instead.
SupervisionWarnings: 'KeyPoints.confidence' is deprecated since 0.29.0 and will be removed in 0.32.0. Use 'KeyPoints.keypoint_confidence' instead.

 89%|████████▉ | 1298/1451 [22:03<02:30,  1.01it/s]SupervisionWarnings: 'KeyPoints.confidence' is deprecated since 0.29.0 and will be removed in 0.32.0. Use 'KeyPoints.keypoint_confidence' instead.
SupervisionWarnings: 'KeyPoints.confidence' is deprecated since 0.29.0 and will be removed in 0.32.0. Use 'KeyPoints.keypoint_confidence' instead.
SupervisionWarnings: 'KeyPoints.confidence' is deprecated since 0.29.0 and will be removed in 0.32.0. Use 'KeyPoints.keypoint_confidence' instead.
SupervisionWarnings: 'KeyPoints.confidence' is deprecated since 0.29.0 and will be removed in 0.32.0. Use 'KeyPoints.keypoint_confidence' instead.

 90%|████████▉ | 1299/1451 [22:04<02:25,  1.05it/s]SupervisionWarnings: 'KeyPoints.confidence' is deprecated since 0.29.0 and will be removed in 0.32.0. Use 'KeyPoints.keypoint_confidence' instead.
SupervisionWarnings: 'KeyPoints.confidence' is deprecated since 0.29.0 and will be removed in 0.32.0. Use 'KeyPoints.keypoint_confidence' instead.
SupervisionWarnings: 'KeyPoints.confidence' is deprecated since 0.29.0 and will be removed in 0.32.0. Use 'KeyPoints.keypoint_confidence' instead.
SupervisionWarnings: 'KeyPoints.confidence' is deprecated since 0.29.0 and will be removed in 0.32.0. Use 'KeyPoints.keypoint_confidence' instead.

 90%|████████▉ | 1300/1451 [22:05<02:18,  1.09it/s]SupervisionWarnings: 'KeyPoints.confidence' is deprecated since 0.29.0 and will be removed in 0.32.0. Use 'KeyPoints.keypoint_confidence' instead.
SupervisionWarnings: 'KeyPoints.confidence' is deprecated since 0.29.0 and will be removed in 0.32.0. Use 'KeyPoints.keypoint_confidence' instead.
SupervisionWarnings: 'KeyPoints.confidence' is deprecated since 0.29.0 and will be removed in 0.32.0. Use 'KeyPoints.keypoint_confidence' instead.
SupervisionWarnings: 'KeyPoints.confidence' is deprecated since 0.29.0 and will be removed in 0.32.0. Use 'KeyPoints.keypoint_confidence' instead.

 90%|████████▉ | 1301/1451 [22:05<02:13,  1.12it/s]SupervisionWarnings: 'KeyPoints.confidence' is deprecated since 0.29.0 and will be removed in 0.32.0. Use 'KeyPoints.keypoint_confidence' instead.
SupervisionWarnings: 'KeyPoints.confidence' is deprecated since 0.29.0 and will be removed in 0.32.0. Use 'KeyPoints.keypoint_confidence' instead.
SupervisionWarnings: 'KeyPoints.confidence' is deprecated since 0.29.0 and will be removed in 0.32.0. Use 'KeyPoints.keypoint_confidence' instead.
SupervisionWarnings: 'KeyPoints.confidence' is deprecated since 0.29.0 and will be removed in 0.32.0. Use 'KeyPoints.keypoint_confidence' instead.

 90%|████████▉ | 1302/1451 [22:06<02:10,  1.15it/s]SupervisionWarnings: 'KeyPoints.confidence' is deprecated since 0.29.0 and will be removed in 0.32.0. Use 'KeyPoints.keypoint_confidence' instead.
SupervisionWarnings: 'KeyPoints.confidence' is deprecated since 0.29.0 and will be removed in 0.32.0. Use 'KeyPoints.keypoint_confidence' instead.
SupervisionWarnings: 'KeyPoints.confidence' is deprecated since 0.29.0 and will be removed in 0.32.0. Use 'KeyPoints.keypoint_confidence' instead.
SupervisionWarnings: 'KeyPoints.confidence' is deprecated since 0.29.0 and will be removed in 0.32.0. Use 'KeyPoints.keypoint_confidence' instead.

 90%|████████▉ | 1303/1451 [22:07<02:07,  1.16it/s]SupervisionWarnings: 'KeyPoints.confidence' is deprecated since 0.29.0 and will be removed in 0.32.0. Use 'KeyPoints.keypoint_confidence' instead.
SupervisionWarnings: 'KeyPoints.confidence' is deprecated since 0.29.0 and will be removed in 0.32.0. Use 'KeyPoints.keypoint_confidence' instead.
SupervisionWarnings: 'KeyPoints.confidence' is deprecated since 0.29.0 and will be removed in 0.32.0. Use 'KeyPoints.keypoint_confidence' instead.
SupervisionWarnings: 'KeyPoints.confidence' is deprecated since 0.29.0 and will be removed in 0.32.0. Use 'KeyPoints.keypoint_confidence' instead.

 90%|████████▉ | 1304/1451 [22:08<02:23,  1.02it/s]SupervisionWarnings: 'KeyPoints.confidence' is deprecated since 0.29.0 and will be removed in 0.32.0. Use 'KeyPoints.keypoint_confidence' instead.
SupervisionWarnings: 'KeyPoints.confidence' is deprecated since 0.29.0 and will be removed in 0.32.0. Use 'KeyPoints.keypoint_confidence' instead.
SupervisionWarnings: 'KeyPoints.confidence' is deprecated since 0.29.0 and will be removed in 0.32.0. Use 'KeyPoints.keypoint_confidence' instead.
SupervisionWarnings: 'KeyPoints.confidence' is deprecated since 0.29.0 and will be removed in 0.32.0. Use 'KeyPoints.keypoint_confidence' instead.

 90%|████████▉ | 1305/1451 [22:10<02:33,  1.05s/it]SupervisionWarnings: 'KeyPoints.confidence' is deprecated since 0.29.0 and will be removed in 0.32.0. Use 'KeyPoints.keypoint_confidence' instead.
SupervisionWarnings: 'KeyPoints.confidence' is deprecated since 0.29.0 and will be removed in 0.32.0. Use 'KeyPoints.keypoint_confidence' instead.
SupervisionWarnings: 'KeyPoints.confidence' is deprecated since 0.29.0 and will be removed in 0.32.0. Use 'KeyPoints.keypoint_confidence' instead.
SupervisionWarnings: 'KeyPoints.confidence' is deprecated since 0.29.0 and will be removed in 0.32.0. Use 'KeyPoints.keypoint_confidence' instead.

 90%|█████████ | 1306/1451 [22:11<02:40,  1.11s/it]SupervisionWarnings: 'KeyPoints.confidence' is deprecated since 0.29.0 and will be removed in 0.32.0. Use 'KeyPoints.keypoint_confidence' instead.
SupervisionWarnings: 'KeyPoints.confidence' is deprecated since 0.29.0 and will be removed in 0.32.0. Use 'KeyPoints.keypoint_confidence' instead.
SupervisionWarnings: 'KeyPoints.confidence' is deprecated since 0.29.0 and will be removed in 0.32.0. Use 'KeyPoints.keypoint_confidence' instead.
SupervisionWarnings: 'KeyPoints.confidence' is deprecated since 0.29.0 and will be removed in 0.32.0. Use 'KeyPoints.keypoint_confidence' instead.

 90%|█████████ | 1307/1451 [22:12<02:45,  1.15s/it]SupervisionWarnings: 'KeyPoints.confidence' is deprecated since 0.29.0 and will be removed in 0.32.0. Use 'KeyPoints.keypoint_confidence' instead.
SupervisionWarnings: 'KeyPoints.confidence' is deprecated since 0.29.0 and will be removed in 0.32.0. Use 'KeyPoints.keypoint_confidence' instead.
SupervisionWarnings: 'KeyPoints.confidence' is deprecated since 0.29.0 and will be removed in 0.32.0. Use 'KeyPoints.keypoint_confidence' instead.
SupervisionWarnings: 'KeyPoints.confidence' is deprecated since 0.29.0 and will be removed in 0.32.0. Use 'KeyPoints.keypoint_confidence' instead.

 90%|█████████ | 1308/1451 [22:13<02:52,  1.21s/it]SupervisionWarnings: 'KeyPoints.confidence' is deprecated since 0.29.0 and will be removed in 0.32.0. Use 'KeyPoints.keypoint_confidence' instead.
SupervisionWarnings: 'KeyPoints.confidence' is deprecated since 0.29.0 and will be removed in 0.32.0. Use 'KeyPoints.keypoint_confidence' instead.
SupervisionWarnings: 'KeyPoints.confidence' is deprecated since 0.29.0 and will be removed in 0.32.0. Use 'KeyPoints.keypoint_confidence' instead.
SupervisionWarnings: 'KeyPoints.confidence' is deprecated since 0.29.0 and will be removed in 0.32.0. Use 'KeyPoints.keypoint_confidence' instead.

 90%|█████████ | 1309/1451 [22:14<02:45,  1.17s/it]SupervisionWarnings: 'KeyPoints.confidence' is deprecated since 0.29.0 and will be removed in 0.32.0. Use 'KeyPoints.keypoint_confidence' instead.
SupervisionWarnings: 'KeyPoints.confidence' is deprecated since 0.29.0 and will be removed in 0.32.0. Use 'KeyPoints.keypoint_confidence' instead.
SupervisionWarnings: 'KeyPoints.confidence' is deprecated since 0.29.0 and will be removed in 0.32.0. Use 'KeyPoints.keypoint_confidence' instead.
SupervisionWarnings: 'KeyPoints.confidence' is deprecated since 0.29.0 and will be removed in 0.32.0. Use 'KeyPoints.keypoint_confidence' instead.

 90%|█████████ | 1310/1451 [22:15<02:37,  1.12s/it]SupervisionWarnings: 'KeyPoints.confidence' is deprecated since 0.29.0 and will be removed in 0.32.0. Use 'KeyPoints.keypoint_confidence' instead.
SupervisionWarnings: 'KeyPoints.confidence' is deprecated since 0.29.0 and will be removed in 0.32.0. Use 'KeyPoints.keypoint_confidence' instead.
SupervisionWarnings: 'KeyPoints.confidence' is deprecated since 0.29.0 and will be removed in 0.32.0. Use 'KeyPoints.keypoint_confidence' instead.
SupervisionWarnings: 'KeyPoints.confidence' is deprecated since 0.29.0 and will be removed in 0.32.0. Use 'KeyPoints.keypoint_confidence' instead.

 90%|█████████ | 1311/1451 [22:16<02:24,  1.03s/it]SupervisionWarnings: 'KeyPoints.confidence' is deprecated since 0.29.0 and will be removed in 0.32.0. Use 'KeyPoints.keypoint_confidence' instead.
SupervisionWarnings: 'KeyPoints.confidence' is deprecated since 0.29.0 and will be removed in 0.32.0. Use 'KeyPoints.keypoint_confidence' instead.
SupervisionWarnings: 'KeyPoints.confidence' is deprecated since 0.29.0 and will be removed in 0.32.0. Use 'KeyPoints.keypoint_confidence' instead.
SupervisionWarnings: 'KeyPoints.confidence' is deprecated since 0.29.0 and will be removed in 0.32.0. Use 'KeyPoints.keypoint_confidence' instead.

 90%|█████████ | 1312/1451 [22:18<02:32,  1.09s/it]SupervisionWarnings: 'KeyPoints.confidence' is deprecated since 0.29.0 and will be removed in 0.32.0. Use 'KeyPoints.keypoint_confidence' instead.
SupervisionWarnings: 'KeyPoints.confidence' is deprecated since 0.29.0 and will be removed in 0.32.0. Use 'KeyPoints.keypoint_confidence' instead.
SupervisionWarnings: 'KeyPoints.confidence' is deprecated since 0.29.0 and will be removed in 0.32.0. Use 'KeyPoints.keypoint_confidence' instead.
SupervisionWarnings: 'KeyPoints.confidence' is deprecated since 0.29.0 and will be removed in 0.32.0. Use 'KeyPoints.keypoint_confidence' instead.

 90%|█████████ | 1313/1451 [22:19<02:37,  1.14s/it]SupervisionWarnings: 'KeyPoints.confidence' is deprecated since 0.29.0 and will be removed in 0.32.0. Use 'KeyPoints.keypoint_confidence' instead.
SupervisionWarnings: 'KeyPoints.confidence' is deprecated since 0.29.0 and will be removed in 0.32.0. Use 'KeyPoints.keypoint_confidence' instead.
SupervisionWarnings: 'KeyPoints.confidence' is deprecated since 0.29.0 and will be removed in 0.32.0. Use 'KeyPoints.keypoint_confidence' instead.
SupervisionWarnings: 'KeyPoints.confidence' is deprecated since 0.29.0 and will be removed in 0.32.0. Use 'KeyPoints.keypoint_confidence' instead.

 91%|█████████ | 1314/1451 [22:20<02:40,  1.17s/it]SupervisionWarnings: 'KeyPoints.confidence' is deprecated since 0.29.0 and will be removed in 0.32.0. Use 'KeyPoints.keypoint_confidence' instead.
SupervisionWarnings: 'KeyPoints.confidence' is deprecated since 0.29.0 and will be removed in 0.32.0. Use 'KeyPoints.keypoint_confidence' instead.
SupervisionWarnings: 'KeyPoints.confidence' is deprecated since 0.29.0 and will be removed in 0.32.0. Use 'KeyPoints.keypoint_confidence' instead.
SupervisionWarnings: 'KeyPoints.confidence' is deprecated since 0.29.0 and will be removed in 0.32.0. Use 'KeyPoints.keypoint_confidence' instead.

 91%|█████████ | 1315/1451 [22:21<02:25,  1.07s/it]SupervisionWarnings: 'KeyPoints.confidence' is deprecated since 0.29.0 and will be removed in 0.32.0. Use 'KeyPoints.keypoint_confidence' instead.
SupervisionWarnings: 'KeyPoints.confidence' is deprecated since 0.29.0 and will be removed in 0.32.0. Use 'KeyPoints.keypoint_confidence' instead.
SupervisionWarnings: 'KeyPoints.confidence' is deprecated since 0.29.0 and will be removed in 0.32.0. Use 'KeyPoints.keypoint_confidence' instead.
SupervisionWarnings: 'KeyPoints.confidence' is deprecated since 0.29.0 and will be removed in 0.32.0. Use 'KeyPoints.keypoint_confidence' instead.

 91%|█████████ | 1316/1451 [22:22<02:31,  1.13s/it]SupervisionWarnings: 'KeyPoints.confidence' is deprecated since 0.29.0 and will be removed in 0.32.0. Use 'KeyPoints.keypoint_confidence' instead.
SupervisionWarnings: 'KeyPoints.confidence' is deprecated since 0.29.0 and will be removed in 0.32.0. Use 'KeyPoints.keypoint_confidence' instead.
SupervisionWarnings: 'KeyPoints.confidence' is deprecated since 0.29.0 and will be removed in 0.32.0. Use 'KeyPoints.keypoint_confidence' instead.
SupervisionWarnings: 'KeyPoints.confidence' is deprecated since 0.29.0 and will be removed in 0.32.0. Use 'KeyPoints.keypoint_confidence' instead.

 91%|█████████ | 1317/1451 [22:23<02:19,  1.04s/it]SupervisionWarnings: 'KeyPoints.confidence' is deprecated since 0.29.0 and will be removed in 0.32.0. Use 'KeyPoints.keypoint_confidence' instead.
SupervisionWarnings: 'KeyPoints.confidence' is deprecated since 0.29.0 and will be removed in 0.32.0. Use 'KeyPoints.keypoint_confidence' instead.
SupervisionWarnings: 'KeyPoints.confidence' is deprecated since 0.29.0 and will be removed in 0.32.0. Use 'KeyPoints.keypoint_confidence' instead.
SupervisionWarnings: 'KeyPoints.confidence' is deprecated since 0.29.0 and will be removed in 0.32.0. Use 'KeyPoints.keypoint_confidence' instead.

 91%|█████████ | 1318/1451 [22:24<02:10,  1.02it/s]SupervisionWarnings: 'KeyPoints.confidence' is deprecated since 0.29.0 and will be removed in 0.32.0. Use 'KeyPoints.keypoint_confidence' instead.
SupervisionWarnings: 'KeyPoints.confidence' is deprecated since 0.29.0 and will be removed in 0.32.0. Use 'KeyPoints.keypoint_confidence' instead.
SupervisionWarnings: 'KeyPoints.confidence' is deprecated since 0.29.0 and will be removed in 0.32.0. Use 'KeyPoints.keypoint_confidence' instead.
SupervisionWarnings: 'KeyPoints.confidence' is deprecated since 0.29.0 and will be removed in 0.32.0. Use 'KeyPoints.keypoint_confidence' instead.

 91%|█████████ | 1319/1451 [22:25<02:20,  1.07s/it]SupervisionWarnings: 'KeyPoints.confidence' is deprecated since 0.29.0 and will be removed in 0.32.0. Use 'KeyPoints.keypoint_confidence' instead.
SupervisionWarnings: 'KeyPoints.confidence' is deprecated since 0.29.0 and will be removed in 0.32.0. Use 'KeyPoints.keypoint_confidence' instead.
SupervisionWarnings: 'KeyPoints.confidence' is deprecated since 0.29.0 and will be removed in 0.32.0. Use 'KeyPoints.keypoint_confidence' instead.
SupervisionWarnings: 'KeyPoints.confidence' is deprecated since 0.29.0 and will be removed in 0.32.0. Use 'KeyPoints.keypoint_confidence' instead.

 91%|█████████ | 1320/1451 [22:26<02:30,  1.15s/it]SupervisionWarnings: 'KeyPoints.confidence' is deprecated since 0.29.0 and will be removed in 0.32.0. Use 'KeyPoints.keypoint_confidence' instead.
SupervisionWarnings: 'KeyPoints.confidence' is deprecated since 0.29.0 and will be removed in 0.32.0. Use 'KeyPoints.keypoint_confidence' instead.
SupervisionWarnings: 'KeyPoints.confidence' is deprecated since 0.29.0 and will be removed in 0.32.0. Use 'KeyPoints.keypoint_confidence' instead.
SupervisionWarnings: 'KeyPoints.confidence' is deprecated since 0.29.0 and will be removed in 0.32.0. Use 'KeyPoints.keypoint_confidence' instead.

 91%|█████████ | 1321/1451 [22:28<02:28,  1.14s/it]SupervisionWarnings: 'KeyPoints.confidence' is deprecated since 0.29.0 and will be removed in 0.32.0. Use 'KeyPoints.keypoint_confidence' instead.
SupervisionWarnings: 'KeyPoints.confidence' is deprecated since 0.29.0 and will be removed in 0.32.0. Use 'KeyPoints.keypoint_confidence' instead.
SupervisionWarnings: 'KeyPoints.confidence' is deprecated since 0.29.0 and will be removed in 0.32.0. Use 'KeyPoints.keypoint_confidence' instead.
SupervisionWarnings: 'KeyPoints.confidence' is deprecated since 0.29.0 and will be removed in 0.32.0. Use 'KeyPoints.keypoint_confidence' instead.

 91%|█████████ | 1322/1451 [22:28<02:21,  1.10s/it]SupervisionWarnings: 'KeyPoints.confidence' is deprecated since 0.29.0 and will be removed in 0.32.0. Use 'KeyPoints.keypoint_confidence' instead.
SupervisionWarnings: 'KeyPoints.confidence' is deprecated since 0.29.0 and will be removed in 0.32.0. Use 'KeyPoints.keypoint_confidence' instead.
SupervisionWarnings: 'KeyPoints.confidence' is deprecated since 0.29.0 and will be removed in 0.32.0. Use 'KeyPoints.keypoint_confidence' instead.
SupervisionWarnings: 'KeyPoints.confidence' is deprecated since 0.29.0 and will be removed in 0.32.0. Use 'KeyPoints.keypoint_confidence' instead.

 91%|█████████ | 1323/1451 [22:29<02:11,  1.03s/it]SupervisionWarnings: 'KeyPoints.confidence' is deprecated since 0.29.0 and will be removed in 0.32.0. Use 'KeyPoints.keypoint_confidence' instead.
SupervisionWarnings: 'KeyPoints.confidence' is deprecated since 0.29.0 and will be removed in 0.32.0. Use 'KeyPoints.keypoint_confidence' instead.
SupervisionWarnings: 'KeyPoints.confidence' is deprecated since 0.29.0 and will be removed in 0.32.0. Use 'KeyPoints.keypoint_confidence' instead.
SupervisionWarnings: 'KeyPoints.confidence' is deprecated since 0.29.0 and will be removed in 0.32.0. Use 'KeyPoints.keypoint_confidence' instead.

 91%|█████████ | 1324/1451 [22:31<02:18,  1.09s/it]SupervisionWarnings: 'KeyPoints.confidence' is deprecated since 0.29.0 and will be removed in 0.32.0. Use 'KeyPoints.keypoint_confidence' instead.
SupervisionWarnings: 'KeyPoints.confidence' is deprecated since 0.29.0 and will be removed in 0.32.0. Use 'KeyPoints.keypoint_confidence' instead.
SupervisionWarnings: 'KeyPoints.confidence' is deprecated since 0.29.0 and will be removed in 0.32.0. Use 'KeyPoints.keypoint_confidence' instead.
SupervisionWarnings: 'KeyPoints.confidence' is deprecated since 0.29.0 and will be removed in 0.32.0. Use 'KeyPoints.keypoint_confidence' instead.

 91%|█████████▏| 1325/1451 [22:31<02:07,  1.01s/it]SupervisionWarnings: 'KeyPoints.confidence' is deprecated since 0.29.0 and will be removed in 0.32.0. Use 'KeyPoints.keypoint_confidence' instead.
SupervisionWarnings: 'KeyPoints.confidence' is deprecated since 0.29.0 and will be removed in 0.32.0. Use 'KeyPoints.keypoint_confidence' instead.
SupervisionWarnings: 'KeyPoints.confidence' is deprecated since 0.29.0 and will be removed in 0.32.0. Use 'KeyPoints.keypoint_confidence' instead.
SupervisionWarnings: 'KeyPoints.confidence' is deprecated since 0.29.0 and will be removed in 0.32.0. Use 'KeyPoints.keypoint_confidence' instead.

 91%|█████████▏| 1326/1451 [22:32<01:59,  1.05it/s]SupervisionWarnings: 'KeyPoints.confidence' is deprecated since 0.29.0 and will be removed in 0.32.0. Use 'KeyPoints.keypoint_confidence' instead.
SupervisionWarnings: 'KeyPoints.confidence' is deprecated since 0.29.0 and will be removed in 0.32.0. Use 'KeyPoints.keypoint_confidence' instead.
SupervisionWarnings: 'KeyPoints.confidence' is deprecated since 0.29.0 and will be removed in 0.32.0. Use 'KeyPoints.keypoint_confidence' instead.
SupervisionWarnings: 'KeyPoints.confidence' is deprecated since 0.29.0 and will be removed in 0.32.0. Use 'KeyPoints.keypoint_confidence' instead.

 91%|█████████▏| 1327/1451 [22:33<02:08,  1.04s/it]SupervisionWarnings: 'KeyPoints.confidence' is deprecated since 0.29.0 and will be removed in 0.32.0. Use 'KeyPoints.keypoint_confidence' instead.
SupervisionWarnings: 'KeyPoints.confidence' is deprecated since 0.29.0 and will be removed in 0.32.0. Use 'KeyPoints.keypoint_confidence' instead.
SupervisionWarnings: 'KeyPoints.confidence' is deprecated since 0.29.0 and will be removed in 0.32.0. Use 'KeyPoints.keypoint_confidence' instead.
SupervisionWarnings: 'KeyPoints.confidence' is deprecated since 0.29.0 and will be removed in 0.32.0. Use 'KeyPoints.keypoint_confidence' instead.

 92%|█████████▏| 1328/1451 [22:34<02:00,  1.02it/s]SupervisionWarnings: 'KeyPoints.confidence' is deprecated since 0.29.0 and will be removed in 0.32.0. Use 'KeyPoints.keypoint_confidence' instead.
SupervisionWarnings: 'KeyPoints.confidence' is deprecated since 0.29.0 and will be removed in 0.32.0. Use 'KeyPoints.keypoint_confidence' instead.
SupervisionWarnings: 'KeyPoints.confidence' is deprecated since 0.29.0 and will be removed in 0.32.0. Use 'KeyPoints.keypoint_confidence' instead.
SupervisionWarnings: 'KeyPoints.confidence' is deprecated since 0.29.0 and will be removed in 0.32.0. Use 'KeyPoints.keypoint_confidence' instead.

 92%|█████████▏| 1329/1451 [22:35<01:54,  1.07it/s]SupervisionWarnings: 'KeyPoints.confidence' is deprecated since 0.29.0 and will be removed in 0.32.0. Use 'KeyPoints.keypoint_confidence' instead.
SupervisionWarnings: 'KeyPoints.confidence' is deprecated since 0.29.0 and will be removed in 0.32.0. Use 'KeyPoints.keypoint_confidence' instead.
SupervisionWarnings: 'KeyPoints.confidence' is deprecated since 0.29.0 and will be removed in 0.32.0. Use 'KeyPoints.keypoint_confidence' instead.
SupervisionWarnings: 'KeyPoints.confidence' is deprecated since 0.29.0 and will be removed in 0.32.0. Use 'KeyPoints.keypoint_confidence' instead.

 92%|█████████▏| 1330/1451 [22:36<01:48,  1.11it/s]SupervisionWarnings: 'KeyPoints.confidence' is deprecated since 0.29.0 and will be removed in 0.32.0. Use 'KeyPoints.keypoint_confidence' instead.
SupervisionWarnings: 'KeyPoints.confidence' is deprecated since 0.29.0 and will be removed in 0.32.0. Use 'KeyPoints.keypoint_confidence' instead.
SupervisionWarnings: 'KeyPoints.confidence' is deprecated since 0.29.0 and will be removed in 0.32.0. Use 'KeyPoints.keypoint_confidence' instead.
SupervisionWarnings: 'KeyPoints.confidence' is deprecated since 0.29.0 and will be removed in 0.32.0. Use 'KeyPoints.keypoint_confidence' instead.

 92%|█████████▏| 1331/1451 [22:37<01:46,  1.12it/s]SupervisionWarnings: 'KeyPoints.confidence' is deprecated since 0.29.0 and will be removed in 0.32.0. Use 'KeyPoints.keypoint_confidence' instead.
SupervisionWarnings: 'KeyPoints.confidence' is deprecated since 0.29.0 and will be removed in 0.32.0. Use 'KeyPoints.keypoint_confidence' instead.
SupervisionWarnings: 'KeyPoints.confidence' is deprecated since 0.29.0 and will be removed in 0.32.0. Use 'KeyPoints.keypoint_confidence' instead.
SupervisionWarnings: 'KeyPoints.confidence' is deprecated since 0.29.0 and will be removed in 0.32.0. Use 'KeyPoints.keypoint_confidence' instead.

 92%|█████████▏| 1332/1451 [22:38<01:58,  1.00it/s]SupervisionWarnings: 'KeyPoints.confidence' is deprecated since 0.29.0 and will be removed in 0.32.0. Use 'KeyPoints.keypoint_confidence' instead.
SupervisionWarnings: 'KeyPoints.confidence' is deprecated since 0.29.0 and will be removed in 0.32.0. Use 'KeyPoints.keypoint_confidence' instead.
SupervisionWarnings: 'KeyPoints.confidence' is deprecated since 0.29.0 and will be removed in 0.32.0. Use 'KeyPoints.keypoint_confidence' instead.
SupervisionWarnings: 'KeyPoints.confidence' is deprecated since 0.29.0 and will be removed in 0.32.0. Use 'KeyPoints.keypoint_confidence' instead.

 92%|█████████▏| 1333/1451 [22:39<01:55,  1.02it/s]SupervisionWarnings: 'KeyPoints.confidence' is deprecated since 0.29.0 and will be removed in 0.32.0. Use 'KeyPoints.keypoint_confidence' instead.
SupervisionWarnings: 'KeyPoints.confidence' is deprecated since 0.29.0 and will be removed in 0.32.0. Use 'KeyPoints.keypoint_confidence' instead.
SupervisionWarnings: 'KeyPoints.confidence' is deprecated since 0.29.0 and will be removed in 0.32.0. Use 'KeyPoints.keypoint_confidence' instead.
SupervisionWarnings: 'KeyPoints.confidence' is deprecated since 0.29.0 and will be removed in 0.32.0. Use 'KeyPoints.keypoint_confidence' instead.

 92%|█████████▏| 1334/1451 [22:40<01:57,  1.01s/it]SupervisionWarnings: 'KeyPoints.confidence' is deprecated since 0.29.0 and will be removed in 0.32.0. Use 'KeyPoints.keypoint_confidence' instead.
SupervisionWarnings: 'KeyPoints.confidence' is deprecated since 0.29.0 and will be removed in 0.32.0. Use 'KeyPoints.keypoint_confidence' instead.
SupervisionWarnings: 'KeyPoints.confidence' is deprecated since 0.29.0 and will be removed in 0.32.0. Use 'KeyPoints.keypoint_confidence' instead.
SupervisionWarnings: 'KeyPoints.confidence' is deprecated since 0.29.0 and will be removed in 0.32.0. Use 'KeyPoints.keypoint_confidence' instead.

 92%|█████████▏| 1335/1451 [22:41<01:58,  1.02s/it]SupervisionWarnings: 'KeyPoints.confidence' is deprecated since 0.29.0 and will be removed in 0.32.0. Use 'KeyPoints.keypoint_confidence' instead.
SupervisionWarnings: 'KeyPoints.confidence' is deprecated since 0.29.0 and will be removed in 0.32.0. Use 'KeyPoints.keypoint_confidence' instead.
SupervisionWarnings: 'KeyPoints.confidence' is deprecated since 0.29.0 and will be removed in 0.32.0. Use 'KeyPoints.keypoint_confidence' instead.
SupervisionWarnings: 'KeyPoints.confidence' is deprecated since 0.29.0 and will be removed in 0.32.0. Use 'KeyPoints.keypoint_confidence' instead.

 92%|█████████▏| 1336/1451 [22:42<01:52,  1.02it/s]SupervisionWarnings: 'KeyPoints.confidence' is deprecated since 0.29.0 and will be removed in 0.32.0. Use 'KeyPoints.keypoint_confidence' instead.
SupervisionWarnings: 'KeyPoints.confidence' is deprecated since 0.29.0 and will be removed in 0.32.0. Use 'KeyPoints.keypoint_confidence' instead.
SupervisionWarnings: 'KeyPoints.confidence' is deprecated since 0.29.0 and will be removed in 0.32.0. Use 'KeyPoints.keypoint_confidence' instead.
SupervisionWarnings: 'KeyPoints.confidence' is deprecated since 0.29.0 and will be removed in 0.32.0. Use 'KeyPoints.keypoint_confidence' instead.

 92%|█████████▏| 1337/1451 [22:43<01:46,  1.07it/s]SupervisionWarnings: 'KeyPoints.confidence' is deprecated since 0.29.0 and will be removed in 0.32.0. Use 'KeyPoints.keypoint_confidence' instead.
SupervisionWarnings: 'KeyPoints.confidence' is deprecated since 0.29.0 and will be removed in 0.32.0. Use 'KeyPoints.keypoint_confidence' instead.
SupervisionWarnings: 'KeyPoints.confidence' is deprecated since 0.29.0 and will be removed in 0.32.0. Use 'KeyPoints.keypoint_confidence' instead.
SupervisionWarnings: 'KeyPoints.confidence' is deprecated since 0.29.0 and will be removed in 0.32.0. Use 'KeyPoints.keypoint_confidence' instead.

 92%|█████████▏| 1338/1451 [22:44<01:42,  1.11it/s]SupervisionWarnings: 'KeyPoints.confidence' is deprecated since 0.29.0 and will be removed in 0.32.0. Use 'KeyPoints.keypoint_confidence' instead.
SupervisionWarnings: 'KeyPoints.confidence' is deprecated since 0.29.0 and will be removed in 0.32.0. Use 'KeyPoints.keypoint_confidence' instead.
SupervisionWarnings: 'KeyPoints.confidence' is deprecated since 0.29.0 and will be removed in 0.32.0. Use 'KeyPoints.keypoint_confidence' instead.
SupervisionWarnings: 'KeyPoints.confidence' is deprecated since 0.29.0 and will be removed in 0.32.0. Use 'KeyPoints.keypoint_confidence' instead.

 92%|█████████▏| 1339/1451 [22:45<01:39,  1.13it/s]SupervisionWarnings: 'KeyPoints.confidence' is deprecated since 0.29.0 and will be removed in 0.32.0. Use 'KeyPoints.keypoint_confidence' instead.
SupervisionWarnings: 'KeyPoints.confidence' is deprecated since 0.29.0 and will be removed in 0.32.0. Use 'KeyPoints.keypoint_confidence' instead.
SupervisionWarnings: 'KeyPoints.confidence' is deprecated since 0.29.0 and will be removed in 0.32.0. Use 'KeyPoints.keypoint_confidence' instead.
SupervisionWarnings: 'KeyPoints.confidence' is deprecated since 0.29.0 and will be removed in 0.32.0. Use 'KeyPoints.keypoint_confidence' instead.

 92%|█████████▏| 1340/1451 [22:46<01:50,  1.00it/s]SupervisionWarnings: 'KeyPoints.confidence' is deprecated since 0.29.0 and will be removed in 0.32.0. Use 'KeyPoints.keypoint_confidence' instead.
SupervisionWarnings: 'KeyPoints.confidence' is deprecated since 0.29.0 and will be removed in 0.32.0. Use 'KeyPoints.keypoint_confidence' instead.
SupervisionWarnings: 'KeyPoints.confidence' is deprecated since 0.29.0 and will be removed in 0.32.0. Use 'KeyPoints.keypoint_confidence' instead.
SupervisionWarnings: 'KeyPoints.confidence' is deprecated since 0.29.0 and will be removed in 0.32.0. Use 'KeyPoints.keypoint_confidence' instead.

 92%|█████████▏| 1341/1451 [22:47<01:57,  1.07s/it]SupervisionWarnings: 'KeyPoints.confidence' is deprecated since 0.29.0 and will be removed in 0.32.0. Use 'KeyPoints.keypoint_confidence' instead.
SupervisionWarnings: 'KeyPoints.confidence' is deprecated since 0.29.0 and will be removed in 0.32.0. Use 'KeyPoints.keypoint_confidence' instead.
SupervisionWarnings: 'KeyPoints.confidence' is deprecated since 0.29.0 and will be removed in 0.32.0. Use 'KeyPoints.keypoint_confidence' instead.
SupervisionWarnings: 'KeyPoints.confidence' is deprecated since 0.29.0 and will be removed in 0.32.0. Use 'KeyPoints.keypoint_confidence' instead.

 92%|█████████▏| 1342/1451 [22:48<01:49,  1.00s/it]SupervisionWarnings: 'KeyPoints.confidence' is deprecated since 0.29.0 and will be removed in 0.32.0. Use 'KeyPoints.keypoint_confidence' instead.
SupervisionWarnings: 'KeyPoints.confidence' is deprecated since 0.29.0 and will be removed in 0.32.0. Use 'KeyPoints.keypoint_confidence' instead.
SupervisionWarnings: 'KeyPoints.confidence' is deprecated since 0.29.0 and will be removed in 0.32.0. Use 'KeyPoints.keypoint_confidence' instead.
SupervisionWarnings: 'KeyPoints.confidence' is deprecated since 0.29.0 and will be removed in 0.32.0. Use 'KeyPoints.keypoint_confidence' instead.

 93%|█████████▎| 1343/1451 [22:49<01:42,  1.05it/s]SupervisionWarnings: 'KeyPoints.confidence' is deprecated since 0.29.0 and will be removed in 0.32.0. Use 'KeyPoints.keypoint_confidence' instead.
SupervisionWarnings: 'KeyPoints.confidence' is deprecated since 0.29.0 and will be removed in 0.32.0. Use 'KeyPoints.keypoint_confidence' instead.
SupervisionWarnings: 'KeyPoints.confidence' is deprecated since 0.29.0 and will be removed in 0.32.0. Use 'KeyPoints.keypoint_confidence' instead.
SupervisionWarnings: 'KeyPoints.confidence' is deprecated since 0.29.0 and will be removed in 0.32.0. Use 'KeyPoints.keypoint_confidence' instead.

 93%|█████████▎| 1344/1451 [22:50<01:37,  1.10it/s]SupervisionWarnings: 'KeyPoints.confidence' is deprecated since 0.29.0 and will be removed in 0.32.0. Use 'KeyPoints.keypoint_confidence' instead.
SupervisionWarnings: 'KeyPoints.confidence' is deprecated since 0.29.0 and will be removed in 0.32.0. Use 'KeyPoints.keypoint_confidence' instead.
SupervisionWarnings: 'KeyPoints.confidence' is deprecated since 0.29.0 and will be removed in 0.32.0. Use 'KeyPoints.keypoint_confidence' instead.
SupervisionWarnings: 'KeyPoints.confidence' is deprecated since 0.29.0 and will be removed in 0.32.0. Use 'KeyPoints.keypoint_confidence' instead.

 93%|█████████▎| 1345/1451 [22:50<01:34,  1.12it/s]SupervisionWarnings: 'KeyPoints.confidence' is deprecated since 0.29.0 and will be removed in 0.32.0. Use 'KeyPoints.keypoint_confidence' instead.
SupervisionWarnings: 'KeyPoints.confidence' is deprecated since 0.29.0 and will be removed in 0.32.0. Use 'KeyPoints.keypoint_confidence' instead.
SupervisionWarnings: 'KeyPoints.confidence' is deprecated since 0.29.0 and will be removed in 0.32.0. Use 'KeyPoints.keypoint_confidence' instead.
SupervisionWarnings: 'KeyPoints.confidence' is deprecated since 0.29.0 and will be removed in 0.32.0. Use 'KeyPoints.keypoint_confidence' instead.

 93%|█████████▎| 1346/1451 [22:51<01:31,  1.15it/s]SupervisionWarnings: 'KeyPoints.confidence' is deprecated since 0.29.0 and will be removed in 0.32.0. Use 'KeyPoints.keypoint_confidence' instead.
SupervisionWarnings: 'KeyPoints.confidence' is deprecated since 0.29.0 and will be removed in 0.32.0. Use 'KeyPoints.keypoint_confidence' instead.
SupervisionWarnings: 'KeyPoints.confidence' is deprecated since 0.29.0 and will be removed in 0.32.0. Use 'KeyPoints.keypoint_confidence' instead.
SupervisionWarnings: 'KeyPoints.confidence' is deprecated since 0.29.0 and will be removed in 0.32.0. Use 'KeyPoints.keypoint_confidence' instead.

 93%|█████████▎| 1347/1451 [22:52<01:34,  1.10it/s]SupervisionWarnings: 'KeyPoints.confidence' is deprecated since 0.29.0 and will be removed in 0.32.0. Use 'KeyPoints.keypoint_confidence' instead.
SupervisionWarnings: 'KeyPoints.confidence' is deprecated since 0.29.0 and will be removed in 0.32.0. Use 'KeyPoints.keypoint_confidence' instead.
SupervisionWarnings: 'KeyPoints.confidence' is deprecated since 0.29.0 and will be removed in 0.32.0. Use 'KeyPoints.keypoint_confidence' instead.
SupervisionWarnings: 'KeyPoints.confidence' is deprecated since 0.29.0 and will be removed in 0.32.0. Use 'KeyPoints.keypoint_confidence' instead.

 93%|█████████▎| 1348/1451 [22:53<01:38,  1.05it/s]SupervisionWarnings: 'KeyPoints.confidence' is deprecated since 0.29.0 and will be removed in 0.32.0. Use 'KeyPoints.keypoint_confidence' instead.
SupervisionWarnings: 'KeyPoints.confidence' is deprecated since 0.29.0 and will be removed in 0.32.0. Use 'KeyPoints.keypoint_confidence' instead.
SupervisionWarnings: 'KeyPoints.confidence' is deprecated since 0.29.0 and will be removed in 0.32.0. Use 'KeyPoints.keypoint_confidence' instead.
SupervisionWarnings: 'KeyPoints.confidence' is deprecated since 0.29.0 and will be removed in 0.32.0. Use 'KeyPoints.keypoint_confidence' instead.

 93%|█████████▎| 1349/1451 [22:54<01:38,  1.03it/s]SupervisionWarnings: 'KeyPoints.confidence' is deprecated since 0.29.0 and will be removed in 0.32.0. Use 'KeyPoints.keypoint_confidence' instead.
SupervisionWarnings: 'KeyPoints.confidence' is deprecated since 0.29.0 and will be removed in 0.32.0. Use 'KeyPoints.keypoint_confidence' instead.
SupervisionWarnings: 'KeyPoints.confidence' is deprecated since 0.29.0 and will be removed in 0.32.0. Use 'KeyPoints.keypoint_confidence' instead.
SupervisionWarnings: 'KeyPoints.confidence' is deprecated since 0.29.0 and will be removed in 0.32.0. Use 'KeyPoints.keypoint_confidence' instead.

 93%|█████████▎| 1350/1451 [22:55<01:38,  1.03it/s]SupervisionWarnings: 'KeyPoints.confidence' is deprecated since 0.29.0 and will be removed in 0.32.0. Use 'KeyPoints.keypoint_confidence' instead.
SupervisionWarnings: 'KeyPoints.confidence' is deprecated since 0.29.0 and will be removed in 0.32.0. Use 'KeyPoints.keypoint_confidence' instead.
SupervisionWarnings: 'KeyPoints.confidence' is deprecated since 0.29.0 and will be removed in 0.32.0. Use 'KeyPoints.keypoint_confidence' instead.
SupervisionWarnings: 'KeyPoints.confidence' is deprecated since 0.29.0 and will be removed in 0.32.0. Use 'KeyPoints.keypoint_confidence' instead.

 93%|█████████▎| 1351/1451 [22:56<01:32,  1.08it/s]SupervisionWarnings: 'KeyPoints.confidence' is deprecated since 0.29.0 and will be removed in 0.32.0. Use 'KeyPoints.keypoint_confidence' instead.
SupervisionWarnings: 'KeyPoints.confidence' is deprecated since 0.29.0 and will be removed in 0.32.0. Use 'KeyPoints.keypoint_confidence' instead.
SupervisionWarnings: 'KeyPoints.confidence' is deprecated since 0.29.0 and will be removed in 0.32.0. Use 'KeyPoints.keypoint_confidence' instead.
SupervisionWarnings: 'KeyPoints.confidence' is deprecated since 0.29.0 and will be removed in 0.32.0. Use 'KeyPoints.keypoint_confidence' instead.

 93%|█████████▎| 1352/1451 [22:57<01:29,  1.11it/s]SupervisionWarnings: 'KeyPoints.confidence' is deprecated since 0.29.0 and will be removed in 0.32.0. Use 'KeyPoints.keypoint_confidence' instead.
SupervisionWarnings: 'KeyPoints.confidence' is deprecated since 0.29.0 and will be removed in 0.32.0. Use 'KeyPoints.keypoint_confidence' instead.
SupervisionWarnings: 'KeyPoints.confidence' is deprecated since 0.29.0 and will be removed in 0.32.0. Use 'KeyPoints.keypoint_confidence' instead.
SupervisionWarnings: 'KeyPoints.confidence' is deprecated since 0.29.0 and will be removed in 0.32.0. Use 'KeyPoints.keypoint_confidence' instead.

 93%|█████████▎| 1353/1451 [22:58<01:25,  1.15it/s]SupervisionWarnings: 'KeyPoints.confidence' is deprecated since 0.29.0 and will be removed in 0.32.0. Use 'KeyPoints.keypoint_confidence' instead.
SupervisionWarnings: 'KeyPoints.confidence' is deprecated since 0.29.0 and will be removed in 0.32.0. Use 'KeyPoints.keypoint_confidence' instead.
SupervisionWarnings: 'KeyPoints.confidence' is deprecated since 0.29.0 and will be removed in 0.32.0. Use 'KeyPoints.keypoint_confidence' instead.
SupervisionWarnings: 'KeyPoints.confidence' is deprecated since 0.29.0 and will be removed in 0.32.0. Use 'KeyPoints.keypoint_confidence' instead.

 93%|█████████▎| 1354/1451 [22:59<01:22,  1.17it/s]SupervisionWarnings: 'KeyPoints.confidence' is deprecated since 0.29.0 and will be removed in 0.32.0. Use 'KeyPoints.keypoint_confidence' instead.
SupervisionWarnings: 'KeyPoints.confidence' is deprecated since 0.29.0 and will be removed in 0.32.0. Use 'KeyPoints.keypoint_confidence' instead.
SupervisionWarnings: 'KeyPoints.confidence' is deprecated since 0.29.0 and will be removed in 0.32.0. Use 'KeyPoints.keypoint_confidence' instead.
SupervisionWarnings: 'KeyPoints.confidence' is deprecated since 0.29.0 and will be removed in 0.32.0. Use 'KeyPoints.keypoint_confidence' instead.

 93%|█████████▎| 1355/1451 [22:59<01:21,  1.18it/s]SupervisionWarnings: 'KeyPoints.confidence' is deprecated since 0.29.0 and will be removed in 0.32.0. Use 'KeyPoints.keypoint_confidence' instead.
SupervisionWarnings: 'KeyPoints.confidence' is deprecated since 0.29.0 and will be removed in 0.32.0. Use 'KeyPoints.keypoint_confidence' instead.
SupervisionWarnings: 'KeyPoints.confidence' is deprecated since 0.29.0 and will be removed in 0.32.0. Use 'KeyPoints.keypoint_confidence' instead.
SupervisionWarnings: 'KeyPoints.confidence' is deprecated since 0.29.0 and will be removed in 0.32.0. Use 'KeyPoints.keypoint_confidence' instead.

 93%|█████████▎| 1356/1451 [23:00<01:20,  1.19it/s]SupervisionWarnings: 'KeyPoints.confidence' is deprecated since 0.29.0 and will be removed in 0.32.0. Use 'KeyPoints.keypoint_confidence' instead.
SupervisionWarnings: 'KeyPoints.confidence' is deprecated since 0.29.0 and will be removed in 0.32.0. Use 'KeyPoints.keypoint_confidence' instead.
SupervisionWarnings: 'KeyPoints.confidence' is deprecated since 0.29.0 and will be removed in 0.32.0. Use 'KeyPoints.keypoint_confidence' instead.
SupervisionWarnings: 'KeyPoints.confidence' is deprecated since 0.29.0 and will be removed in 0.32.0. Use 'KeyPoints.keypoint_confidence' instead.

 94%|█████████▎| 1357/1451 [23:01<01:18,  1.20it/s]SupervisionWarnings: 'KeyPoints.confidence' is deprecated since 0.29.0 and will be removed in 0.32.0. Use 'KeyPoints.keypoint_confidence' instead.
SupervisionWarnings: 'KeyPoints.confidence' is deprecated since 0.29.0 and will be removed in 0.32.0. Use 'KeyPoints.keypoint_confidence' instead.
SupervisionWarnings: 'KeyPoints.confidence' is deprecated since 0.29.0 and will be removed in 0.32.0. Use 'KeyPoints.keypoint_confidence' instead.
SupervisionWarnings: 'KeyPoints.confidence' is deprecated since 0.29.0 and will be removed in 0.32.0. Use 'KeyPoints.keypoint_confidence' instead.

 94%|█████████▎| 1358/1451 [23:02<01:17,  1.21it/s]SupervisionWarnings: 'KeyPoints.confidence' is deprecated since 0.29.0 and will be removed in 0.32.0. Use 'KeyPoints.keypoint_confidence' instead.
SupervisionWarnings: 'KeyPoints.confidence' is deprecated since 0.29.0 and will be removed in 0.32.0. Use 'KeyPoints.keypoint_confidence' instead.
SupervisionWarnings: 'KeyPoints.confidence' is deprecated since 0.29.0 and will be removed in 0.32.0. Use 'KeyPoints.keypoint_confidence' instead.
SupervisionWarnings: 'KeyPoints.confidence' is deprecated since 0.29.0 and will be removed in 0.32.0. Use 'KeyPoints.keypoint_confidence' instead.

 94%|█████████▎| 1359/1451 [23:03<01:16,  1.21it/s]SupervisionWarnings: 'KeyPoints.confidence' is deprecated since 0.29.0 and will be removed in 0.32.0. Use 'KeyPoints.keypoint_confidence' instead.
SupervisionWarnings: 'KeyPoints.confidence' is deprecated since 0.29.0 and will be removed in 0.32.0. Use 'KeyPoints.keypoint_confidence' instead.
SupervisionWarnings: 'KeyPoints.confidence' is deprecated since 0.29.0 and will be removed in 0.32.0. Use 'KeyPoints.keypoint_confidence' instead.
SupervisionWarnings: 'KeyPoints.confidence' is deprecated since 0.29.0 and will be removed in 0.32.0. Use 'KeyPoints.keypoint_confidence' instead.

 94%|█████████▎| 1360/1451 [23:03<01:15,  1.20it/s]SupervisionWarnings: 'KeyPoints.confidence' is deprecated since 0.29.0 and will be removed in 0.32.0. Use 'KeyPoints.keypoint_confidence' instead.
SupervisionWarnings: 'KeyPoints.confidence' is deprecated since 0.29.0 and will be removed in 0.32.0. Use 'KeyPoints.keypoint_confidence' instead.
SupervisionWarnings: 'KeyPoints.confidence' is deprecated since 0.29.0 and will be removed in 0.32.0. Use 'KeyPoints.keypoint_confidence' instead.
SupervisionWarnings: 'KeyPoints.confidence' is deprecated since 0.29.0 and will be removed in 0.32.0. Use 'KeyPoints.keypoint_confidence' instead.

 94%|█████████▍| 1361/1451 [23:04<01:14,  1.21it/s]SupervisionWarnings: 'KeyPoints.confidence' is deprecated since 0.29.0 and will be removed in 0.32.0. Use 'KeyPoints.keypoint_confidence' instead.
SupervisionWarnings: 'KeyPoints.confidence' is deprecated since 0.29.0 and will be removed in 0.32.0. Use 'KeyPoints.keypoint_confidence' instead.
SupervisionWarnings: 'KeyPoints.confidence' is deprecated since 0.29.0 and will be removed in 0.32.0. Use 'KeyPoints.keypoint_confidence' instead.
SupervisionWarnings: 'KeyPoints.confidence' is deprecated since 0.29.0 and will be removed in 0.32.0. Use 'KeyPoints.keypoint_confidence' instead.

 94%|█████████▍| 1362/1451 [23:05<01:16,  1.17it/s]SupervisionWarnings: 'KeyPoints.confidence' is deprecated since 0.29.0 and will be removed in 0.32.0. Use 'KeyPoints.keypoint_confidence' instead.
SupervisionWarnings: 'KeyPoints.confidence' is deprecated since 0.29.0 and will be removed in 0.32.0. Use 'KeyPoints.keypoint_confidence' instead.
SupervisionWarnings: 'KeyPoints.confidence' is deprecated since 0.29.0 and will be removed in 0.32.0. Use 'KeyPoints.keypoint_confidence' instead.
SupervisionWarnings: 'KeyPoints.confidence' is deprecated since 0.29.0 and will be removed in 0.32.0. Use 'KeyPoints.keypoint_confidence' instead.

 94%|█████████▍| 1363/1451 [23:06<01:20,  1.09it/s]SupervisionWarnings: 'KeyPoints.confidence' is deprecated since 0.29.0 and will be removed in 0.32.0. Use 'KeyPoints.keypoint_confidence' instead.
SupervisionWarnings: 'KeyPoints.confidence' is deprecated since 0.29.0 and will be removed in 0.32.0. Use 'KeyPoints.keypoint_confidence' instead.
SupervisionWarnings: 'KeyPoints.confidence' is deprecated since 0.29.0 and will be removed in 0.32.0. Use 'KeyPoints.keypoint_confidence' instead.
SupervisionWarnings: 'KeyPoints.confidence' is deprecated since 0.29.0 and will be removed in 0.32.0. Use 'KeyPoints.keypoint_confidence' instead.

 94%|█████████▍| 1364/1451 [23:07<01:23,  1.04it/s]SupervisionWarnings: 'KeyPoints.confidence' is deprecated since 0.29.0 and will be removed in 0.32.0. Use 'KeyPoints.keypoint_confidence' instead.
SupervisionWarnings: 'KeyPoints.confidence' is deprecated since 0.29.0 and will be removed in 0.32.0. Use 'KeyPoints.keypoint_confidence' instead.
SupervisionWarnings: 'KeyPoints.confidence' is deprecated since 0.29.0 and will be removed in 0.32.0. Use 'KeyPoints.keypoint_confidence' instead.
SupervisionWarnings: 'KeyPoints.confidence' is deprecated since 0.29.0 and will be removed in 0.32.0. Use 'KeyPoints.keypoint_confidence' instead.

 94%|█████████▍| 1365/1451 [23:08<01:22,  1.04it/s]SupervisionWarnings: 'KeyPoints.confidence' is deprecated since 0.29.0 and will be removed in 0.32.0. Use 'KeyPoints.keypoint_confidence' instead.
SupervisionWarnings: 'KeyPoints.confidence' is deprecated since 0.29.0 and will be removed in 0.32.0. Use 'KeyPoints.keypoint_confidence' instead.
SupervisionWarnings: 'KeyPoints.confidence' is deprecated since 0.29.0 and will be removed in 0.32.0. Use 'KeyPoints.keypoint_confidence' instead.
SupervisionWarnings: 'KeyPoints.confidence' is deprecated since 0.29.0 and will be removed in 0.32.0. Use 'KeyPoints.keypoint_confidence' instead.

 94%|█████████▍| 1366/1451 [23:09<01:18,  1.08it/s]SupervisionWarnings: 'KeyPoints.confidence' is deprecated since 0.29.0 and will be removed in 0.32.0. Use 'KeyPoints.keypoint_confidence' instead.
SupervisionWarnings: 'KeyPoints.confidence' is deprecated since 0.29.0 and will be removed in 0.32.0. Use 'KeyPoints.keypoint_confidence' instead.
SupervisionWarnings: 'KeyPoints.confidence' is deprecated since 0.29.0 and will be removed in 0.32.0. Use 'KeyPoints.keypoint_confidence' instead.
SupervisionWarnings: 'KeyPoints.confidence' is deprecated since 0.29.0 and will be removed in 0.32.0. Use 'KeyPoints.keypoint_confidence' instead.

 94%|█████████▍| 1367/1451 [23:10<01:15,  1.12it/s]SupervisionWarnings: 'KeyPoints.confidence' is deprecated since 0.29.0 and will be removed in 0.32.0. Use 'KeyPoints.keypoint_confidence' instead.
SupervisionWarnings: 'KeyPoints.confidence' is deprecated since 0.29.0 and will be removed in 0.32.0. Use 'KeyPoints.keypoint_confidence' instead.
SupervisionWarnings: 'KeyPoints.confidence' is deprecated since 0.29.0 and will be removed in 0.32.0. Use 'KeyPoints.keypoint_confidence' instead.
SupervisionWarnings: 'KeyPoints.confidence' is deprecated since 0.29.0 and will be removed in 0.32.0. Use 'KeyPoints.keypoint_confidence' instead.

 94%|█████████▍| 1368/1451 [23:11<01:12,  1.15it/s]SupervisionWarnings: 'KeyPoints.confidence' is deprecated since 0.29.0 and will be removed in 0.32.0. Use 'KeyPoints.keypoint_confidence' instead.
SupervisionWarnings: 'KeyPoints.confidence' is deprecated since 0.29.0 and will be removed in 0.32.0. Use 'KeyPoints.keypoint_confidence' instead.
SupervisionWarnings: 'KeyPoints.confidence' is deprecated since 0.29.0 and will be removed in 0.32.0. Use 'KeyPoints.keypoint_confidence' instead.
SupervisionWarnings: 'KeyPoints.confidence' is deprecated since 0.29.0 and will be removed in 0.32.0. Use 'KeyPoints.keypoint_confidence' instead.

 94%|█████████▍| 1369/1451 [23:12<01:10,  1.17it/s]SupervisionWarnings: 'KeyPoints.confidence' is deprecated since 0.29.0 and will be removed in 0.32.0. Use 'KeyPoints.keypoint_confidence' instead.
SupervisionWarnings: 'KeyPoints.confidence' is deprecated since 0.29.0 and will be removed in 0.32.0. Use 'KeyPoints.keypoint_confidence' instead.
SupervisionWarnings: 'KeyPoints.confidence' is deprecated since 0.29.0 and will be removed in 0.32.0. Use 'KeyPoints.keypoint_confidence' instead.
SupervisionWarnings: 'KeyPoints.confidence' is deprecated since 0.29.0 and will be removed in 0.32.0. Use 'KeyPoints.keypoint_confidence' instead.

 94%|█████████▍| 1370/1451 [23:12<01:08,  1.19it/s]SupervisionWarnings: 'KeyPoints.confidence' is deprecated since 0.29.0 and will be removed in 0.32.0. Use 'KeyPoints.keypoint_confidence' instead.
SupervisionWarnings: 'KeyPoints.confidence' is deprecated since 0.29.0 and will be removed in 0.32.0. Use 'KeyPoints.keypoint_confidence' instead.
SupervisionWarnings: 'KeyPoints.confidence' is deprecated since 0.29.0 and will be removed in 0.32.0. Use 'KeyPoints.keypoint_confidence' instead.
SupervisionWarnings: 'KeyPoints.confidence' is deprecated since 0.29.0 and will be removed in 0.32.0. Use 'KeyPoints.keypoint_confidence' instead.

 94%|█████████▍| 1371/1451 [23:13<01:06,  1.20it/s]SupervisionWarnings: 'KeyPoints.confidence' is deprecated since 0.29.0 and will be removed in 0.32.0. Use 'KeyPoints.keypoint_confidence' instead.
SupervisionWarnings: 'KeyPoints.confidence' is deprecated since 0.29.0 and will be removed in 0.32.0. Use 'KeyPoints.keypoint_confidence' instead.
SupervisionWarnings: 'KeyPoints.confidence' is deprecated since 0.29.0 and will be removed in 0.32.0. Use 'KeyPoints.keypoint_confidence' instead.
SupervisionWarnings: 'KeyPoints.confidence' is deprecated since 0.29.0 and will be removed in 0.32.0. Use 'KeyPoints.keypoint_confidence' instead.

 95%|█████████▍| 1372/1451 [23:14<01:05,  1.21it/s]SupervisionWarnings: 'KeyPoints.confidence' is deprecated since 0.29.0 and will be removed in 0.32.0. Use 'KeyPoints.keypoint_confidence' instead.
SupervisionWarnings: 'KeyPoints.confidence' is deprecated since 0.29.0 and will be removed in 0.32.0. Use 'KeyPoints.keypoint_confidence' instead.
SupervisionWarnings: 'KeyPoints.confidence' is deprecated since 0.29.0 and will be removed in 0.32.0. Use 'KeyPoints.keypoint_confidence' instead.
SupervisionWarnings: 'KeyPoints.confidence' is deprecated since 0.29.0 and will be removed in 0.32.0. Use 'KeyPoints.keypoint_confidence' instead.

 95%|█████████▍| 1373/1451 [23:15<01:03,  1.22it/s]SupervisionWarnings: 'KeyPoints.confidence' is deprecated since 0.29.0 and will be removed in 0.32.0. Use 'KeyPoints.keypoint_confidence' instead.
SupervisionWarnings: 'KeyPoints.confidence' is deprecated since 0.29.0 and will be removed in 0.32.0. Use 'KeyPoints.keypoint_confidence' instead.
SupervisionWarnings: 'KeyPoints.confidence' is deprecated since 0.29.0 and will be removed in 0.32.0. Use 'KeyPoints.keypoint_confidence' instead.
SupervisionWarnings: 'KeyPoints.confidence' is deprecated since 0.29.0 and will be removed in 0.32.0. Use 'KeyPoints.keypoint_confidence' instead.

 95%|█████████▍| 1374/1451 [23:16<01:12,  1.06it/s]SupervisionWarnings: 'KeyPoints.confidence' is deprecated since 0.29.0 and will be removed in 0.32.0. Use 'KeyPoints.keypoint_confidence' instead.
SupervisionWarnings: 'KeyPoints.confidence' is deprecated since 0.29.0 and will be removed in 0.32.0. Use 'KeyPoints.keypoint_confidence' instead.
SupervisionWarnings: 'KeyPoints.confidence' is deprecated since 0.29.0 and will be removed in 0.32.0. Use 'KeyPoints.keypoint_confidence' instead.
SupervisionWarnings: 'KeyPoints.confidence' is deprecated since 0.29.0 and will be removed in 0.32.0. Use 'KeyPoints.keypoint_confidence' instead.

 95%|█████████▍| 1375/1451 [23:17<01:08,  1.10it/s]SupervisionWarnings: 'KeyPoints.confidence' is deprecated since 0.29.0 and will be removed in 0.32.0. Use 'KeyPoints.keypoint_confidence' instead.
SupervisionWarnings: 'KeyPoints.confidence' is deprecated since 0.29.0 and will be removed in 0.32.0. Use 'KeyPoints.keypoint_confidence' instead.
SupervisionWarnings: 'KeyPoints.confidence' is deprecated since 0.29.0 and will be removed in 0.32.0. Use 'KeyPoints.keypoint_confidence' instead.
SupervisionWarnings: 'KeyPoints.confidence' is deprecated since 0.29.0 and will be removed in 0.32.0. Use 'KeyPoints.keypoint_confidence' instead.

 95%|█████████▍| 1376/1451 [23:18<01:05,  1.14it/s]SupervisionWarnings: 'KeyPoints.confidence' is deprecated since 0.29.0 and will be removed in 0.32.0. Use 'KeyPoints.keypoint_confidence' instead.
SupervisionWarnings: 'KeyPoints.confidence' is deprecated since 0.29.0 and will be removed in 0.32.0. Use 'KeyPoints.keypoint_confidence' instead.
SupervisionWarnings: 'KeyPoints.confidence' is deprecated since 0.29.0 and will be removed in 0.32.0. Use 'KeyPoints.keypoint_confidence' instead.
SupervisionWarnings: 'KeyPoints.confidence' is deprecated since 0.29.0 and will be removed in 0.32.0. Use 'KeyPoints.keypoint_confidence' instead.

 95%|█████████▍| 1377/1451 [23:19<01:04,  1.14it/s]SupervisionWarnings: 'KeyPoints.confidence' is deprecated since 0.29.0 and will be removed in 0.32.0. Use 'KeyPoints.keypoint_confidence' instead.
SupervisionWarnings: 'KeyPoints.confidence' is deprecated since 0.29.0 and will be removed in 0.32.0. Use 'KeyPoints.keypoint_confidence' instead.
SupervisionWarnings: 'KeyPoints.confidence' is deprecated since 0.29.0 and will be removed in 0.32.0. Use 'KeyPoints.keypoint_confidence' instead.
SupervisionWarnings: 'KeyPoints.confidence' is deprecated since 0.29.0 and will be removed in 0.32.0. Use 'KeyPoints.keypoint_confidence' instead.

 95%|█████████▍| 1378/1451 [23:20<01:06,  1.09it/s]SupervisionWarnings: 'KeyPoints.confidence' is deprecated since 0.29.0 and will be removed in 0.32.0. Use 'KeyPoints.keypoint_confidence' instead.
SupervisionWarnings: 'KeyPoints.confidence' is deprecated since 0.29.0 and will be removed in 0.32.0. Use 'KeyPoints.keypoint_confidence' instead.
SupervisionWarnings: 'KeyPoints.confidence' is deprecated since 0.29.0 and will be removed in 0.32.0. Use 'KeyPoints.keypoint_confidence' instead.
SupervisionWarnings: 'KeyPoints.confidence' is deprecated since 0.29.0 and will be removed in 0.32.0. Use 'KeyPoints.keypoint_confidence' instead.

 95%|█████████▌| 1379/1451 [23:21<01:07,  1.07it/s]SupervisionWarnings: 'KeyPoints.confidence' is deprecated since 0.29.0 and will be removed in 0.32.0. Use 'KeyPoints.keypoint_confidence' instead.
SupervisionWarnings: 'KeyPoints.confidence' is deprecated since 0.29.0 and will be removed in 0.32.0. Use 'KeyPoints.keypoint_confidence' instead.
SupervisionWarnings: 'KeyPoints.confidence' is deprecated since 0.29.0 and will be removed in 0.32.0. Use 'KeyPoints.keypoint_confidence' instead.
SupervisionWarnings: 'KeyPoints.confidence' is deprecated since 0.29.0 and will be removed in 0.32.0. Use 'KeyPoints.keypoint_confidence' instead.

 95%|█████████▌| 1380/1451 [23:21<01:04,  1.10it/s]SupervisionWarnings: 'KeyPoints.confidence' is deprecated since 0.29.0 and will be removed in 0.32.0. Use 'KeyPoints.keypoint_confidence' instead.
SupervisionWarnings: 'KeyPoints.confidence' is deprecated since 0.29.0 and will be removed in 0.32.0. Use 'KeyPoints.keypoint_confidence' instead.
SupervisionWarnings: 'KeyPoints.confidence' is deprecated since 0.29.0 and will be removed in 0.32.0. Use 'KeyPoints.keypoint_confidence' instead.
SupervisionWarnings: 'KeyPoints.confidence' is deprecated since 0.29.0 and will be removed in 0.32.0. Use 'KeyPoints.keypoint_confidence' instead.

 95%|█████████▌| 1381/1451 [23:22<01:02,  1.12it/s]SupervisionWarnings: 'KeyPoints.confidence' is deprecated since 0.29.0 and will be removed in 0.32.0. Use 'KeyPoints.keypoint_confidence' instead.
SupervisionWarnings: 'KeyPoints.confidence' is deprecated since 0.29.0 and will be removed in 0.32.0. Use 'KeyPoints.keypoint_confidence' instead.
SupervisionWarnings: 'KeyPoints.confidence' is deprecated since 0.29.0 and will be removed in 0.32.0. Use 'KeyPoints.keypoint_confidence' instead.
SupervisionWarnings: 'KeyPoints.confidence' is deprecated since 0.29.0 and will be removed in 0.32.0. Use 'KeyPoints.keypoint_confidence' instead.

 95%|█████████▌| 1382/1451 [23:23<00:59,  1.15it/s]SupervisionWarnings: 'KeyPoints.confidence' is deprecated since 0.29.0 and will be removed in 0.32.0. Use 'KeyPoints.keypoint_confidence' instead.
SupervisionWarnings: 'KeyPoints.confidence' is deprecated since 0.29.0 and will be removed in 0.32.0. Use 'KeyPoints.keypoint_confidence' instead.
SupervisionWarnings: 'KeyPoints.confidence' is deprecated since 0.29.0 and will be removed in 0.32.0. Use 'KeyPoints.keypoint_confidence' instead.
SupervisionWarnings: 'KeyPoints.confidence' is deprecated since 0.29.0 and will be removed in 0.32.0. Use 'KeyPoints.keypoint_confidence' instead.

 95%|█████████▌| 1383/1451 [23:24<00:57,  1.18it/s]SupervisionWarnings: 'KeyPoints.confidence' is deprecated since 0.29.0 and will be removed in 0.32.0. Use 'KeyPoints.keypoint_confidence' instead.
SupervisionWarnings: 'KeyPoints.confidence' is deprecated since 0.29.0 and will be removed in 0.32.0. Use 'KeyPoints.keypoint_confidence' instead.
SupervisionWarnings: 'KeyPoints.confidence' is deprecated since 0.29.0 and will be removed in 0.32.0. Use 'KeyPoints.keypoint_confidence' instead.
SupervisionWarnings: 'KeyPoints.confidence' is deprecated since 0.29.0 and will be removed in 0.32.0. Use 'KeyPoints.keypoint_confidence' instead.

 95%|█████████▌| 1384/1451 [23:25<00:56,  1.19it/s]SupervisionWarnings: 'KeyPoints.confidence' is deprecated since 0.29.0 and will be removed in 0.32.0. Use 'KeyPoints.keypoint_confidence' instead.
SupervisionWarnings: 'KeyPoints.confidence' is deprecated since 0.29.0 and will be removed in 0.32.0. Use 'KeyPoints.keypoint_confidence' instead.
SupervisionWarnings: 'KeyPoints.confidence' is deprecated since 0.29.0 and will be removed in 0.32.0. Use 'KeyPoints.keypoint_confidence' instead.
SupervisionWarnings: 'KeyPoints.confidence' is deprecated since 0.29.0 and will be removed in 0.32.0. Use 'KeyPoints.keypoint_confidence' instead.

 95%|█████████▌| 1385/1451 [23:26<00:54,  1.21it/s]SupervisionWarnings: 'KeyPoints.confidence' is deprecated since 0.29.0 and will be removed in 0.32.0. Use 'KeyPoints.keypoint_confidence' instead.
SupervisionWarnings: 'KeyPoints.confidence' is deprecated since 0.29.0 and will be removed in 0.32.0. Use 'KeyPoints.keypoint_confidence' instead.
SupervisionWarnings: 'KeyPoints.confidence' is deprecated since 0.29.0 and will be removed in 0.32.0. Use 'KeyPoints.keypoint_confidence' instead.
SupervisionWarnings: 'KeyPoints.confidence' is deprecated since 0.29.0 and will be removed in 0.32.0. Use 'KeyPoints.keypoint_confidence' instead.

 96%|█████████▌| 1386/1451 [23:26<00:54,  1.20it/s]SupervisionWarnings: 'KeyPoints.confidence' is deprecated since 0.29.0 and will be removed in 0.32.0. Use 'KeyPoints.keypoint_confidence' instead.
SupervisionWarnings: 'KeyPoints.confidence' is deprecated since 0.29.0 and will be removed in 0.32.0. Use 'KeyPoints.keypoint_confidence' instead.
SupervisionWarnings: 'KeyPoints.confidence' is deprecated since 0.29.0 and will be removed in 0.32.0. Use 'KeyPoints.keypoint_confidence' instead.
SupervisionWarnings: 'KeyPoints.confidence' is deprecated since 0.29.0 and will be removed in 0.32.0. Use 'KeyPoints.keypoint_confidence' instead.

 96%|█████████▌| 1387/1451 [23:27<00:53,  1.20it/s]SupervisionWarnings: 'KeyPoints.confidence' is deprecated since 0.29.0 and will be removed in 0.32.0. Use 'KeyPoints.keypoint_confidence' instead.
SupervisionWarnings: 'KeyPoints.confidence' is deprecated since 0.29.0 and will be removed in 0.32.0. Use 'KeyPoints.keypoint_confidence' instead.
SupervisionWarnings: 'KeyPoints.confidence' is deprecated since 0.29.0 and will be removed in 0.32.0. Use 'KeyPoints.keypoint_confidence' instead.
SupervisionWarnings: 'KeyPoints.confidence' is deprecated since 0.29.0 and will be removed in 0.32.0. Use 'KeyPoints.keypoint_confidence' instead.

 96%|█████████▌| 1388/1451 [23:28<00:52,  1.20it/s]SupervisionWarnings: 'KeyPoints.confidence' is deprecated since 0.29.0 and will be removed in 0.32.0. Use 'KeyPoints.keypoint_confidence' instead.
SupervisionWarnings: 'KeyPoints.confidence' is deprecated since 0.29.0 and will be removed in 0.32.0. Use 'KeyPoints.keypoint_confidence' instead.
SupervisionWarnings: 'KeyPoints.confidence' is deprecated since 0.29.0 and will be removed in 0.32.0. Use 'KeyPoints.keypoint_confidence' instead.
SupervisionWarnings: 'KeyPoints.confidence' is deprecated since 0.29.0 and will be removed in 0.32.0. Use 'KeyPoints.keypoint_confidence' instead.

 96%|█████████▌| 1389/1451 [23:29<00:51,  1.21it/s]SupervisionWarnings: 'KeyPoints.confidence' is deprecated since 0.29.0 and will be removed in 0.32.0. Use 'KeyPoints.keypoint_confidence' instead.
SupervisionWarnings: 'KeyPoints.confidence' is deprecated since 0.29.0 and will be removed in 0.32.0. Use 'KeyPoints.keypoint_confidence' instead.
SupervisionWarnings: 'KeyPoints.confidence' is deprecated since 0.29.0 and will be removed in 0.32.0. Use 'KeyPoints.keypoint_confidence' instead.
SupervisionWarnings: 'KeyPoints.confidence' is deprecated since 0.29.0 and will be removed in 0.32.0. Use 'KeyPoints.keypoint_confidence' instead.

 96%|█████████▌| 1390/1451 [23:30<00:50,  1.22it/s]SupervisionWarnings: 'KeyPoints.confidence' is deprecated since 0.29.0 and will be removed in 0.32.0. Use 'KeyPoints.keypoint_confidence' instead.
SupervisionWarnings: 'KeyPoints.confidence' is deprecated since 0.29.0 and will be removed in 0.32.0. Use 'KeyPoints.keypoint_confidence' instead.
SupervisionWarnings: 'KeyPoints.confidence' is deprecated since 0.29.0 and will be removed in 0.32.0. Use 'KeyPoints.keypoint_confidence' instead.
SupervisionWarnings: 'KeyPoints.confidence' is deprecated since 0.29.0 and will be removed in 0.32.0. Use 'KeyPoints.keypoint_confidence' instead.

 96%|█████████▌| 1391/1451 [23:30<00:49,  1.21it/s]SupervisionWarnings: 'KeyPoints.confidence' is deprecated since 0.29.0 and will be removed in 0.32.0. Use 'KeyPoints.keypoint_confidence' instead.
SupervisionWarnings: 'KeyPoints.confidence' is deprecated since 0.29.0 and will be removed in 0.32.0. Use 'KeyPoints.keypoint_confidence' instead.
SupervisionWarnings: 'KeyPoints.confidence' is deprecated since 0.29.0 and will be removed in 0.32.0. Use 'KeyPoints.keypoint_confidence' instead.
SupervisionWarnings: 'KeyPoints.confidence' is deprecated since 0.29.0 and will be removed in 0.32.0. Use 'KeyPoints.keypoint_confidence' instead.

 96%|█████████▌| 1392/1451 [23:31<00:49,  1.19it/s]SupervisionWarnings: 'KeyPoints.confidence' is deprecated since 0.29.0 and will be removed in 0.32.0. Use 'KeyPoints.keypoint_confidence' instead.
SupervisionWarnings: 'KeyPoints.confidence' is deprecated since 0.29.0 and will be removed in 0.32.0. Use 'KeyPoints.keypoint_confidence' instead.
SupervisionWarnings: 'KeyPoints.confidence' is deprecated since 0.29.0 and will be removed in 0.32.0. Use 'KeyPoints.keypoint_confidence' instead.
SupervisionWarnings: 'KeyPoints.confidence' is deprecated since 0.29.0 and will be removed in 0.32.0. Use 'KeyPoints.keypoint_confidence' instead.

 96%|█████████▌| 1393/1451 [23:32<00:52,  1.10it/s]SupervisionWarnings: 'KeyPoints.confidence' is deprecated since 0.29.0 and will be removed in 0.32.0. Use 'KeyPoints.keypoint_confidence' instead.
SupervisionWarnings: 'KeyPoints.confidence' is deprecated since 0.29.0 and will be removed in 0.32.0. Use 'KeyPoints.keypoint_confidence' instead.
SupervisionWarnings: 'KeyPoints.confidence' is deprecated since 0.29.0 and will be removed in 0.32.0. Use 'KeyPoints.keypoint_confidence' instead.
SupervisionWarnings: 'KeyPoints.confidence' is deprecated since 0.29.0 and will be removed in 0.32.0. Use 'KeyPoints.keypoint_confidence' instead.

 96%|█████████▌| 1394/1451 [23:33<00:53,  1.06it/s]SupervisionWarnings: 'KeyPoints.confidence' is deprecated since 0.29.0 and will be removed in 0.32.0. Use 'KeyPoints.keypoint_confidence' instead.
SupervisionWarnings: 'KeyPoints.confidence' is deprecated since 0.29.0 and will be removed in 0.32.0. Use 'KeyPoints.keypoint_confidence' instead.
SupervisionWarnings: 'KeyPoints.confidence' is deprecated since 0.29.0 and will be removed in 0.32.0. Use 'KeyPoints.keypoint_confidence' instead.
SupervisionWarnings: 'KeyPoints.confidence' is deprecated since 0.29.0 and will be removed in 0.32.0. Use 'KeyPoints.keypoint_confidence' instead.

 96%|█████████▌| 1395/1451 [23:34<00:51,  1.09it/s]SupervisionWarnings: 'KeyPoints.confidence' is deprecated since 0.29.0 and will be removed in 0.32.0. Use 'KeyPoints.keypoint_confidence' instead.
SupervisionWarnings: 'KeyPoints.confidence' is deprecated since 0.29.0 and will be removed in 0.32.0. Use 'KeyPoints.keypoint_confidence' instead.
SupervisionWarnings: 'KeyPoints.confidence' is deprecated since 0.29.0 and will be removed in 0.32.0. Use 'KeyPoints.keypoint_confidence' instead.
SupervisionWarnings: 'KeyPoints.confidence' is deprecated since 0.29.0 and will be removed in 0.32.0. Use 'KeyPoints.keypoint_confidence' instead.

 96%|█████████▌| 1396/1451 [23:36<00:55,  1.02s/it]SupervisionWarnings: 'KeyPoints.confidence' is deprecated since 0.29.0 and will be removed in 0.32.0. Use 'KeyPoints.keypoint_confidence' instead.
SupervisionWarnings: 'KeyPoints.confidence' is deprecated since 0.29.0 and will be removed in 0.32.0. Use 'KeyPoints.keypoint_confidence' instead.
SupervisionWarnings: 'KeyPoints.confidence' is deprecated since 0.29.0 and will be removed in 0.32.0. Use 'KeyPoints.keypoint_confidence' instead.
SupervisionWarnings: 'KeyPoints.confidence' is deprecated since 0.29.0 and will be removed in 0.32.0. Use 'KeyPoints.keypoint_confidence' instead.

 96%|█████████▋| 1397/1451 [23:37<00:59,  1.10s/it]SupervisionWarnings: 'KeyPoints.confidence' is deprecated since 0.29.0 and will be removed in 0.32.0. Use 'KeyPoints.keypoint_confidence' instead.
SupervisionWarnings: 'KeyPoints.confidence' is deprecated since 0.29.0 and will be removed in 0.32.0. Use 'KeyPoints.keypoint_confidence' instead.
SupervisionWarnings: 'KeyPoints.confidence' is deprecated since 0.29.0 and will be removed in 0.32.0. Use 'KeyPoints.keypoint_confidence' instead.
SupervisionWarnings: 'KeyPoints.confidence' is deprecated since 0.29.0 and will be removed in 0.32.0. Use 'KeyPoints.keypoint_confidence' instead.

 96%|█████████▋| 1398/1451 [23:38<00:53,  1.01s/it]SupervisionWarnings: 'KeyPoints.confidence' is deprecated since 0.29.0 and will be removed in 0.32.0. Use 'KeyPoints.keypoint_confidence' instead.
SupervisionWarnings: 'KeyPoints.confidence' is deprecated since 0.29.0 and will be removed in 0.32.0. Use 'KeyPoints.keypoint_confidence' instead.
SupervisionWarnings: 'KeyPoints.confidence' is deprecated since 0.29.0 and will be removed in 0.32.0. Use 'KeyPoints.keypoint_confidence' instead.
SupervisionWarnings: 'KeyPoints.confidence' is deprecated since 0.29.0 and will be removed in 0.32.0. Use 'KeyPoints.keypoint_confidence' instead.

 96%|█████████▋| 1399/1451 [23:38<00:49,  1.05it/s]SupervisionWarnings: 'KeyPoints.confidence' is deprecated since 0.29.0 and will be removed in 0.32.0. Use 'KeyPoints.keypoint_confidence' instead.
SupervisionWarnings: 'KeyPoints.confidence' is deprecated since 0.29.0 and will be removed in 0.32.0. Use 'KeyPoints.keypoint_confidence' instead.
SupervisionWarnings: 'KeyPoints.confidence' is deprecated since 0.29.0 and will be removed in 0.32.0. Use 'KeyPoints.keypoint_confidence' instead.
SupervisionWarnings: 'KeyPoints.confidence' is deprecated since 0.29.0 and will be removed in 0.32.0. Use 'KeyPoints.keypoint_confidence' instead.

 96%|█████████▋| 1400/1451 [23:40<00:52,  1.03s/it]SupervisionWarnings: 'KeyPoints.confidence' is deprecated since 0.29.0 and will be removed in 0.32.0. Use 'KeyPoints.keypoint_confidence' instead.
SupervisionWarnings: 'KeyPoints.confidence' is deprecated since 0.29.0 and will be removed in 0.32.0. Use 'KeyPoints.keypoint_confidence' instead.
SupervisionWarnings: 'KeyPoints.confidence' is deprecated since 0.29.0 and will be removed in 0.32.0. Use 'KeyPoints.keypoint_confidence' instead.
SupervisionWarnings: 'KeyPoints.confidence' is deprecated since 0.29.0 and will be removed in 0.32.0. Use 'KeyPoints.keypoint_confidence' instead.

 97%|█████████▋| 1401/1451 [23:41<00:54,  1.09s/it]SupervisionWarnings: 'KeyPoints.confidence' is deprecated since 0.29.0 and will be removed in 0.32.0. Use 'KeyPoints.keypoint_confidence' instead.
SupervisionWarnings: 'KeyPoints.confidence' is deprecated since 0.29.0 and will be removed in 0.32.0. Use 'KeyPoints.keypoint_confidence' instead.
SupervisionWarnings: 'KeyPoints.confidence' is deprecated since 0.29.0 and will be removed in 0.32.0. Use 'KeyPoints.keypoint_confidence' instead.
SupervisionWarnings: 'KeyPoints.confidence' is deprecated since 0.29.0 and will be removed in 0.32.0. Use 'KeyPoints.keypoint_confidence' instead.

 97%|█████████▋| 1402/1451 [23:42<00:55,  1.13s/it]SupervisionWarnings: 'KeyPoints.confidence' is deprecated since 0.29.0 and will be removed in 0.32.0. Use 'KeyPoints.keypoint_confidence' instead.
SupervisionWarnings: 'KeyPoints.confidence' is deprecated since 0.29.0 and will be removed in 0.32.0. Use 'KeyPoints.keypoint_confidence' instead.
SupervisionWarnings: 'KeyPoints.confidence' is deprecated since 0.29.0 and will be removed in 0.32.0. Use 'KeyPoints.keypoint_confidence' instead.
SupervisionWarnings: 'KeyPoints.confidence' is deprecated since 0.29.0 and will be removed in 0.32.0. Use 'KeyPoints.keypoint_confidence' instead.

 97%|█████████▋| 1403/1451 [23:43<00:55,  1.15s/it]SupervisionWarnings: 'KeyPoints.confidence' is deprecated since 0.29.0 and will be removed in 0.32.0. Use 'KeyPoints.keypoint_confidence' instead.
SupervisionWarnings: 'KeyPoints.confidence' is deprecated since 0.29.0 and will be removed in 0.32.0. Use 'KeyPoints.keypoint_confidence' instead.
SupervisionWarnings: 'KeyPoints.confidence' is deprecated since 0.29.0 and will be removed in 0.32.0. Use 'KeyPoints.keypoint_confidence' instead.
SupervisionWarnings: 'KeyPoints.confidence' is deprecated since 0.29.0 and will be removed in 0.32.0. Use 'KeyPoints.keypoint_confidence' instead.

 97%|█████████▋| 1404/1451 [23:44<00:50,  1.07s/it]SupervisionWarnings: 'KeyPoints.confidence' is deprecated since 0.29.0 and will be removed in 0.32.0. Use 'KeyPoints.keypoint_confidence' instead.
SupervisionWarnings: 'KeyPoints.confidence' is deprecated since 0.29.0 and will be removed in 0.32.0. Use 'KeyPoints.keypoint_confidence' instead.
SupervisionWarnings: 'KeyPoints.confidence' is deprecated since 0.29.0 and will be removed in 0.32.0. Use 'KeyPoints.keypoint_confidence' instead.
SupervisionWarnings: 'KeyPoints.confidence' is deprecated since 0.29.0 and will be removed in 0.32.0. Use 'KeyPoints.keypoint_confidence' instead.

 97%|█████████▋| 1405/1451 [23:46<00:53,  1.17s/it]SupervisionWarnings: 'KeyPoints.confidence' is deprecated since 0.29.0 and will be removed in 0.32.0. Use 'KeyPoints.keypoint_confidence' instead.
SupervisionWarnings: 'KeyPoints.confidence' is deprecated since 0.29.0 and will be removed in 0.32.0. Use 'KeyPoints.keypoint_confidence' instead.
SupervisionWarnings: 'KeyPoints.confidence' is deprecated since 0.29.0 and will be removed in 0.32.0. Use 'KeyPoints.keypoint_confidence' instead.
SupervisionWarnings: 'KeyPoints.confidence' is deprecated since 0.29.0 and will be removed in 0.32.0. Use 'KeyPoints.keypoint_confidence' instead.

 97%|█████████▋| 1406/1451 [23:47<00:51,  1.13s/it]SupervisionWarnings: 'KeyPoints.confidence' is deprecated since 0.29.0 and will be removed in 0.32.0. Use 'KeyPoints.keypoint_confidence' instead.
SupervisionWarnings: 'KeyPoints.confidence' is deprecated since 0.29.0 and will be removed in 0.32.0. Use 'KeyPoints.keypoint_confidence' instead.
SupervisionWarnings: 'KeyPoints.confidence' is deprecated since 0.29.0 and will be removed in 0.32.0. Use 'KeyPoints.keypoint_confidence' instead.
SupervisionWarnings: 'KeyPoints.confidence' is deprecated since 0.29.0 and will be removed in 0.32.0. Use 'KeyPoints.keypoint_confidence' instead.

 97%|█████████▋| 1407/1451 [23:48<00:46,  1.06s/it]SupervisionWarnings: 'KeyPoints.confidence' is deprecated since 0.29.0 and will be removed in 0.32.0. Use 'KeyPoints.keypoint_confidence' instead.
SupervisionWarnings: 'KeyPoints.confidence' is deprecated since 0.29.0 and will be removed in 0.32.0. Use 'KeyPoints.keypoint_confidence' instead.
SupervisionWarnings: 'KeyPoints.confidence' is deprecated since 0.29.0 and will be removed in 0.32.0. Use 'KeyPoints.keypoint_confidence' instead.
SupervisionWarnings: 'KeyPoints.confidence' is deprecated since 0.29.0 and will be removed in 0.32.0. Use 'KeyPoints.keypoint_confidence' instead.

 97%|█████████▋| 1408/1451 [23:48<00:42,  1.01it/s]SupervisionWarnings: 'KeyPoints.confidence' is deprecated since 0.29.0 and will be removed in 0.32.0. Use 'KeyPoints.keypoint_confidence' instead.
SupervisionWarnings: 'KeyPoints.confidence' is deprecated since 0.29.0 and will be removed in 0.32.0. Use 'KeyPoints.keypoint_confidence' instead.
SupervisionWarnings: 'KeyPoints.confidence' is deprecated since 0.29.0 and will be removed in 0.32.0. Use 'KeyPoints.keypoint_confidence' instead.
SupervisionWarnings: 'KeyPoints.confidence' is deprecated since 0.29.0 and will be removed in 0.32.0. Use 'KeyPoints.keypoint_confidence' instead.

 97%|█████████▋| 1409/1451 [23:49<00:38,  1.08it/s]SupervisionWarnings: 'KeyPoints.confidence' is deprecated since 0.29.0 and will be removed in 0.32.0. Use 'KeyPoints.keypoint_confidence' instead.
SupervisionWarnings: 'KeyPoints.confidence' is deprecated since 0.29.0 and will be removed in 0.32.0. Use 'KeyPoints.keypoint_confidence' instead.
SupervisionWarnings: 'KeyPoints.confidence' is deprecated since 0.29.0 and will be removed in 0.32.0. Use 'KeyPoints.keypoint_confidence' instead.
SupervisionWarnings: 'KeyPoints.confidence' is deprecated since 0.29.0 and will be removed in 0.32.0. Use 'KeyPoints.keypoint_confidence' instead.

 97%|█████████▋| 1410/1451 [23:50<00:41,  1.02s/it]SupervisionWarnings: 'KeyPoints.confidence' is deprecated since 0.29.0 and will be removed in 0.32.0. Use 'KeyPoints.keypoint_confidence' instead.
SupervisionWarnings: 'KeyPoints.confidence' is deprecated since 0.29.0 and will be removed in 0.32.0. Use 'KeyPoints.keypoint_confidence' instead.
SupervisionWarnings: 'KeyPoints.confidence' is deprecated since 0.29.0 and will be removed in 0.32.0. Use 'KeyPoints.keypoint_confidence' instead.
SupervisionWarnings: 'KeyPoints.confidence' is deprecated since 0.29.0 and will be removed in 0.32.0. Use 'KeyPoints.keypoint_confidence' instead.

 97%|█████████▋| 1411/1451 [23:51<00:38,  1.04it/s]SupervisionWarnings: 'KeyPoints.confidence' is deprecated since 0.29.0 and will be removed in 0.32.0. Use 'KeyPoints.keypoint_confidence' instead.
SupervisionWarnings: 'KeyPoints.confidence' is deprecated since 0.29.0 and will be removed in 0.32.0. Use 'KeyPoints.keypoint_confidence' instead.
SupervisionWarnings: 'KeyPoints.confidence' is deprecated since 0.29.0 and will be removed in 0.32.0. Use 'KeyPoints.keypoint_confidence' instead.
SupervisionWarnings: 'KeyPoints.confidence' is deprecated since 0.29.0 and will be removed in 0.32.0. Use 'KeyPoints.keypoint_confidence' instead.

 97%|█████████▋| 1412/1451 [23:53<00:41,  1.07s/it]SupervisionWarnings: 'KeyPoints.confidence' is deprecated since 0.29.0 and will be removed in 0.32.0. Use 'KeyPoints.keypoint_confidence' instead.
SupervisionWarnings: 'KeyPoints.confidence' is deprecated since 0.29.0 and will be removed in 0.32.0. Use 'KeyPoints.keypoint_confidence' instead.
SupervisionWarnings: 'KeyPoints.confidence' is deprecated since 0.29.0 and will be removed in 0.32.0. Use 'KeyPoints.keypoint_confidence' instead.
SupervisionWarnings: 'KeyPoints.confidence' is deprecated since 0.29.0 and will be removed in 0.32.0. Use 'KeyPoints.keypoint_confidence' instead.

 97%|█████████▋| 1413/1451 [23:54<00:40,  1.06s/it]SupervisionWarnings: 'KeyPoints.confidence' is deprecated since 0.29.0 and will be removed in 0.32.0. Use 'KeyPoints.keypoint_confidence' instead.
SupervisionWarnings: 'KeyPoints.confidence' is deprecated since 0.29.0 and will be removed in 0.32.0. Use 'KeyPoints.keypoint_confidence' instead.
SupervisionWarnings: 'KeyPoints.confidence' is deprecated since 0.29.0 and will be removed in 0.32.0. Use 'KeyPoints.keypoint_confidence' instead.
SupervisionWarnings: 'KeyPoints.confidence' is deprecated since 0.29.0 and will be removed in 0.32.0. Use 'KeyPoints.keypoint_confidence' instead.

 97%|█████████▋| 1414/1451 [23:55<00:39,  1.06s/it]SupervisionWarnings: 'KeyPoints.confidence' is deprecated since 0.29.0 and will be removed in 0.32.0. Use 'KeyPoints.keypoint_confidence' instead.
SupervisionWarnings: 'KeyPoints.confidence' is deprecated since 0.29.0 and will be removed in 0.32.0. Use 'KeyPoints.keypoint_confidence' instead.
SupervisionWarnings: 'KeyPoints.confidence' is deprecated since 0.29.0 and will be removed in 0.32.0. Use 'KeyPoints.keypoint_confidence' instead.
SupervisionWarnings: 'KeyPoints.confidence' is deprecated since 0.29.0 and will be removed in 0.32.0. Use 'KeyPoints.keypoint_confidence' instead.

 98%|█████████▊| 1415/1451 [23:56<00:36,  1.02s/it]SupervisionWarnings: 'KeyPoints.confidence' is deprecated since 0.29.0 and will be removed in 0.32.0. Use 'KeyPoints.keypoint_confidence' instead.
SupervisionWarnings: 'KeyPoints.confidence' is deprecated since 0.29.0 and will be removed in 0.32.0. Use 'KeyPoints.keypoint_confidence' instead.
SupervisionWarnings: 'KeyPoints.confidence' is deprecated since 0.29.0 and will be removed in 0.32.0. Use 'KeyPoints.keypoint_confidence' instead.
SupervisionWarnings: 'KeyPoints.confidence' is deprecated since 0.29.0 and will be removed in 0.32.0. Use 'KeyPoints.keypoint_confidence' instead.

 98%|█████████▊| 1416/1451 [23:56<00:33,  1.03it/s]SupervisionWarnings: 'KeyPoints.confidence' is deprecated since 0.29.0 and will be removed in 0.32.0. Use 'KeyPoints.keypoint_confidence' instead.
SupervisionWarnings: 'KeyPoints.confidence' is deprecated since 0.29.0 and will be removed in 0.32.0. Use 'KeyPoints.keypoint_confidence' instead.
SupervisionWarnings: 'KeyPoints.confidence' is deprecated since 0.29.0 and will be removed in 0.32.0. Use 'KeyPoints.keypoint_confidence' instead.
SupervisionWarnings: 'KeyPoints.confidence' is deprecated since 0.29.0 and will be removed in 0.32.0. Use 'KeyPoints.keypoint_confidence' instead.

 98%|█████████▊| 1417/1451 [23:58<00:35,  1.06s/it]SupervisionWarnings: 'KeyPoints.confidence' is deprecated since 0.29.0 and will be removed in 0.32.0. Use 'KeyPoints.keypoint_confidence' instead.
SupervisionWarnings: 'KeyPoints.confidence' is deprecated since 0.29.0 and will be removed in 0.32.0. Use 'KeyPoints.keypoint_confidence' instead.
SupervisionWarnings: 'KeyPoints.confidence' is deprecated since 0.29.0 and will be removed in 0.32.0. Use 'KeyPoints.keypoint_confidence' instead.
SupervisionWarnings: 'KeyPoints.confidence' is deprecated since 0.29.0 and will be removed in 0.32.0. Use 'KeyPoints.keypoint_confidence' instead.

 98%|█████████▊| 1418/1451 [23:59<00:34,  1.05s/it]SupervisionWarnings: 'KeyPoints.confidence' is deprecated since 0.29.0 and will be removed in 0.32.0. Use 'KeyPoints.keypoint_confidence' instead.
SupervisionWarnings: 'KeyPoints.confidence' is deprecated since 0.29.0 and will be removed in 0.32.0. Use 'KeyPoints.keypoint_confidence' instead.
SupervisionWarnings: 'KeyPoints.confidence' is deprecated since 0.29.0 and will be removed in 0.32.0. Use 'KeyPoints.keypoint_confidence' instead.
SupervisionWarnings: 'KeyPoints.confidence' is deprecated since 0.29.0 and will be removed in 0.32.0. Use 'KeyPoints.keypoint_confidence' instead.

 98%|█████████▊| 1419/1451 [24:00<00:33,  1.05s/it]SupervisionWarnings: 'KeyPoints.confidence' is deprecated since 0.29.0 and will be removed in 0.32.0. Use 'KeyPoints.keypoint_confidence' instead.
SupervisionWarnings: 'KeyPoints.confidence' is deprecated since 0.29.0 and will be removed in 0.32.0. Use 'KeyPoints.keypoint_confidence' instead.
SupervisionWarnings: 'KeyPoints.confidence' is deprecated since 0.29.0 and will be removed in 0.32.0. Use 'KeyPoints.keypoint_confidence' instead.
SupervisionWarnings: 'KeyPoints.confidence' is deprecated since 0.29.0 and will be removed in 0.32.0. Use 'KeyPoints.keypoint_confidence' instead.

 98%|█████████▊| 1420/1451 [24:01<00:35,  1.14s/it]SupervisionWarnings: 'KeyPoints.confidence' is deprecated since 0.29.0 and will be removed in 0.32.0. Use 'KeyPoints.keypoint_confidence' instead.
SupervisionWarnings: 'KeyPoints.confidence' is deprecated since 0.29.0 and will be removed in 0.32.0. Use 'KeyPoints.keypoint_confidence' instead.
SupervisionWarnings: 'KeyPoints.confidence' is deprecated since 0.29.0 and will be removed in 0.32.0. Use 'KeyPoints.keypoint_confidence' instead.
SupervisionWarnings: 'KeyPoints.confidence' is deprecated since 0.29.0 and will be removed in 0.32.0. Use 'KeyPoints.keypoint_confidence' instead.

 98%|█████████▊| 1421/1451 [24:02<00:35,  1.17s/it]SupervisionWarnings: 'KeyPoints.confidence' is deprecated since 0.29.0 and will be removed in 0.32.0. Use 'KeyPoints.keypoint_confidence' instead.
SupervisionWarnings: 'KeyPoints.confidence' is deprecated since 0.29.0 and will be removed in 0.32.0. Use 'KeyPoints.keypoint_confidence' instead.
SupervisionWarnings: 'KeyPoints.confidence' is deprecated since 0.29.0 and will be removed in 0.32.0. Use 'KeyPoints.keypoint_confidence' instead.
SupervisionWarnings: 'KeyPoints.confidence' is deprecated since 0.29.0 and will be removed in 0.32.0. Use 'KeyPoints.keypoint_confidence' instead.

 98%|█████████▊| 1422/1451 [24:03<00:31,  1.08s/it]SupervisionWarnings: 'KeyPoints.confidence' is deprecated since 0.29.0 and will be removed in 0.32.0. Use 'KeyPoints.keypoint_confidence' instead.
SupervisionWarnings: 'KeyPoints.confidence' is deprecated since 0.29.0 and will be removed in 0.32.0. Use 'KeyPoints.keypoint_confidence' instead.
SupervisionWarnings: 'KeyPoints.confidence' is deprecated since 0.29.0 and will be removed in 0.32.0. Use 'KeyPoints.keypoint_confidence' instead.
SupervisionWarnings: 'KeyPoints.confidence' is deprecated since 0.29.0 and will be removed in 0.32.0. Use 'KeyPoints.keypoint_confidence' instead.

 98%|█████████▊| 1423/1451 [24:04<00:31,  1.12s/it]SupervisionWarnings: 'KeyPoints.confidence' is deprecated since 0.29.0 and will be removed in 0.32.0. Use 'KeyPoints.keypoint_confidence' instead.
SupervisionWarnings: 'KeyPoints.confidence' is deprecated since 0.29.0 and will be removed in 0.32.0. Use 'KeyPoints.keypoint_confidence' instead.
SupervisionWarnings: 'KeyPoints.confidence' is deprecated since 0.29.0 and will be removed in 0.32.0. Use 'KeyPoints.keypoint_confidence' instead.
SupervisionWarnings: 'KeyPoints.confidence' is deprecated since 0.29.0 and will be removed in 0.32.0. Use 'KeyPoints.keypoint_confidence' instead.

 98%|█████████▊| 1424/1451 [24:05<00:27,  1.02s/it]SupervisionWarnings: 'KeyPoints.confidence' is deprecated since 0.29.0 and will be removed in 0.32.0. Use 'KeyPoints.keypoint_confidence' instead.
SupervisionWarnings: 'KeyPoints.confidence' is deprecated since 0.29.0 and will be removed in 0.32.0. Use 'KeyPoints.keypoint_confidence' instead.
SupervisionWarnings: 'KeyPoints.confidence' is deprecated since 0.29.0 and will be removed in 0.32.0. Use 'KeyPoints.keypoint_confidence' instead.
SupervisionWarnings: 'KeyPoints.confidence' is deprecated since 0.29.0 and will be removed in 0.32.0. Use 'KeyPoints.keypoint_confidence' instead.

 98%|█████████▊| 1425/1451 [24:06<00:28,  1.08s/it]SupervisionWarnings: 'KeyPoints.confidence' is deprecated since 0.29.0 and will be removed in 0.32.0. Use 'KeyPoints.keypoint_confidence' instead.
SupervisionWarnings: 'KeyPoints.confidence' is deprecated since 0.29.0 and will be removed in 0.32.0. Use 'KeyPoints.keypoint_confidence' instead.
SupervisionWarnings: 'KeyPoints.confidence' is deprecated since 0.29.0 and will be removed in 0.32.0. Use 'KeyPoints.keypoint_confidence' instead.
SupervisionWarnings: 'KeyPoints.confidence' is deprecated since 0.29.0 and will be removed in 0.32.0. Use 'KeyPoints.keypoint_confidence' instead.

 98%|█████████▊| 1426/1451 [24:08<00:28,  1.12s/it]SupervisionWarnings: 'KeyPoints.confidence' is deprecated since 0.29.0 and will be removed in 0.32.0. Use 'KeyPoints.keypoint_confidence' instead.
SupervisionWarnings: 'KeyPoints.confidence' is deprecated since 0.29.0 and will be removed in 0.32.0. Use 'KeyPoints.keypoint_confidence' instead.
SupervisionWarnings: 'KeyPoints.confidence' is deprecated since 0.29.0 and will be removed in 0.32.0. Use 'KeyPoints.keypoint_confidence' instead.
SupervisionWarnings: 'KeyPoints.confidence' is deprecated since 0.29.0 and will be removed in 0.32.0. Use 'KeyPoints.keypoint_confidence' instead.

 98%|█████████▊| 1427/1451 [24:08<00:24,  1.04s/it]SupervisionWarnings: 'KeyPoints.confidence' is deprecated since 0.29.0 and will be removed in 0.32.0. Use 'KeyPoints.keypoint_confidence' instead.
SupervisionWarnings: 'KeyPoints.confidence' is deprecated since 0.29.0 and will be removed in 0.32.0. Use 'KeyPoints.keypoint_confidence' instead.
SupervisionWarnings: 'KeyPoints.confidence' is deprecated since 0.29.0 and will be removed in 0.32.0. Use 'KeyPoints.keypoint_confidence' instead.
SupervisionWarnings: 'KeyPoints.confidence' is deprecated since 0.29.0 and will be removed in 0.32.0. Use 'KeyPoints.keypoint_confidence' instead.

 98%|█████████▊| 1428/1451 [24:09<00:22,  1.04it/s]SupervisionWarnings: 'KeyPoints.confidence' is deprecated since 0.29.0 and will be removed in 0.32.0. Use 'KeyPoints.keypoint_confidence' instead.
SupervisionWarnings: 'KeyPoints.confidence' is deprecated since 0.29.0 and will be removed in 0.32.0. Use 'KeyPoints.keypoint_confidence' instead.
SupervisionWarnings: 'KeyPoints.confidence' is deprecated since 0.29.0 and will be removed in 0.32.0. Use 'KeyPoints.keypoint_confidence' instead.
SupervisionWarnings: 'KeyPoints.confidence' is deprecated since 0.29.0 and will be removed in 0.32.0. Use 'KeyPoints.keypoint_confidence' instead.

 98%|█████████▊| 1429/1451 [24:10<00:20,  1.10it/s]SupervisionWarnings: 'KeyPoints.confidence' is deprecated since 0.29.0 and will be removed in 0.32.0. Use 'KeyPoints.keypoint_confidence' instead.
SupervisionWarnings: 'KeyPoints.confidence' is deprecated since 0.29.0 and will be removed in 0.32.0. Use 'KeyPoints.keypoint_confidence' instead.
SupervisionWarnings: 'KeyPoints.confidence' is deprecated since 0.29.0 and will be removed in 0.32.0. Use 'KeyPoints.keypoint_confidence' instead.
SupervisionWarnings: 'KeyPoints.confidence' is deprecated since 0.29.0 and will be removed in 0.32.0. Use 'KeyPoints.keypoint_confidence' instead.

 99%|█████████▊| 1430/1451 [24:11<00:21,  1.04s/it]SupervisionWarnings: 'KeyPoints.confidence' is deprecated since 0.29.0 and will be removed in 0.32.0. Use 'KeyPoints.keypoint_confidence' instead.
SupervisionWarnings: 'KeyPoints.confidence' is deprecated since 0.29.0 and will be removed in 0.32.0. Use 'KeyPoints.keypoint_confidence' instead.
SupervisionWarnings: 'KeyPoints.confidence' is deprecated since 0.29.0 and will be removed in 0.32.0. Use 'KeyPoints.keypoint_confidence' instead.
SupervisionWarnings: 'KeyPoints.confidence' is deprecated since 0.29.0 and will be removed in 0.32.0. Use 'KeyPoints.keypoint_confidence' instead.

 99%|█████████▊| 1431/1451 [24:12<00:20,  1.04s/it]SupervisionWarnings: 'KeyPoints.confidence' is deprecated since 0.29.0 and will be removed in 0.32.0. Use 'KeyPoints.keypoint_confidence' instead.
SupervisionWarnings: 'KeyPoints.confidence' is deprecated since 0.29.0 and will be removed in 0.32.0. Use 'KeyPoints.keypoint_confidence' instead.
SupervisionWarnings: 'KeyPoints.confidence' is deprecated since 0.29.0 and will be removed in 0.32.0. Use 'KeyPoints.keypoint_confidence' instead.
SupervisionWarnings: 'KeyPoints.confidence' is deprecated since 0.29.0 and will be removed in 0.32.0. Use 'KeyPoints.keypoint_confidence' instead.

 99%|█████████▊| 1432/1451 [24:13<00:18,  1.01it/s]SupervisionWarnings: 'KeyPoints.confidence' is deprecated since 0.29.0 and will be removed in 0.32.0. Use 'KeyPoints.keypoint_confidence' instead.
SupervisionWarnings: 'KeyPoints.confidence' is deprecated since 0.29.0 and will be removed in 0.32.0. Use 'KeyPoints.keypoint_confidence' instead.
SupervisionWarnings: 'KeyPoints.confidence' is deprecated since 0.29.0 and will be removed in 0.32.0. Use 'KeyPoints.keypoint_confidence' instead.
SupervisionWarnings: 'KeyPoints.confidence' is deprecated since 0.29.0 and will be removed in 0.32.0. Use 'KeyPoints.keypoint_confidence' instead.

 99%|█████████▉| 1433/1451 [24:15<00:19,  1.06s/it]SupervisionWarnings: 'KeyPoints.confidence' is deprecated since 0.29.0 and will be removed in 0.32.0. Use 'KeyPoints.keypoint_confidence' instead.
SupervisionWarnings: 'KeyPoints.confidence' is deprecated since 0.29.0 and will be removed in 0.32.0. Use 'KeyPoints.keypoint_confidence' instead.
SupervisionWarnings: 'KeyPoints.confidence' is deprecated since 0.29.0 and will be removed in 0.32.0. Use 'KeyPoints.keypoint_confidence' instead.
SupervisionWarnings: 'KeyPoints.confidence' is deprecated since 0.29.0 and will be removed in 0.32.0. Use 'KeyPoints.keypoint_confidence' instead.

 99%|█████████▉| 1434/1451 [24:16<00:18,  1.10s/it]SupervisionWarnings: 'KeyPoints.confidence' is deprecated since 0.29.0 and will be removed in 0.32.0. Use 'KeyPoints.keypoint_confidence' instead.
SupervisionWarnings: 'KeyPoints.confidence' is deprecated since 0.29.0 and will be removed in 0.32.0. Use 'KeyPoints.keypoint_confidence' instead.
SupervisionWarnings: 'KeyPoints.confidence' is deprecated since 0.29.0 and will be removed in 0.32.0. Use 'KeyPoints.keypoint_confidence' instead.
SupervisionWarnings: 'KeyPoints.confidence' is deprecated since 0.29.0 and will be removed in 0.32.0. Use 'KeyPoints.keypoint_confidence' instead.

 99%|█████████▉| 1435/1451 [24:17<00:16,  1.01s/it]SupervisionWarnings: 'KeyPoints.confidence' is deprecated since 0.29.0 and will be removed in 0.32.0. Use 'KeyPoints.keypoint_confidence' instead.
SupervisionWarnings: 'KeyPoints.confidence' is deprecated since 0.29.0 and will be removed in 0.32.0. Use 'KeyPoints.keypoint_confidence' instead.
SupervisionWarnings: 'KeyPoints.confidence' is deprecated since 0.29.0 and will be removed in 0.32.0. Use 'KeyPoints.keypoint_confidence' instead.
SupervisionWarnings: 'KeyPoints.confidence' is deprecated since 0.29.0 and will be removed in 0.32.0. Use 'KeyPoints.keypoint_confidence' instead.

 99%|█████████▉| 1436/1451 [24:17<00:14,  1.05it/s]SupervisionWarnings: 'KeyPoints.confidence' is deprecated since 0.29.0 and will be removed in 0.32.0. Use 'KeyPoints.keypoint_confidence' instead.
SupervisionWarnings: 'KeyPoints.confidence' is deprecated since 0.29.0 and will be removed in 0.32.0. Use 'KeyPoints.keypoint_confidence' instead.
SupervisionWarnings: 'KeyPoints.confidence' is deprecated since 0.29.0 and will be removed in 0.32.0. Use 'KeyPoints.keypoint_confidence' instead.
SupervisionWarnings: 'KeyPoints.confidence' is deprecated since 0.29.0 and will be removed in 0.32.0. Use 'KeyPoints.keypoint_confidence' instead.

 99%|█████████▉| 1437/1451 [24:18<00:12,  1.10it/s]SupervisionWarnings: 'KeyPoints.confidence' is deprecated since 0.29.0 and will be removed in 0.32.0. Use 'KeyPoints.keypoint_confidence' instead.
SupervisionWarnings: 'KeyPoints.confidence' is deprecated since 0.29.0 and will be removed in 0.32.0. Use 'KeyPoints.keypoint_confidence' instead.
SupervisionWarnings: 'KeyPoints.confidence' is deprecated since 0.29.0 and will be removed in 0.32.0. Use 'KeyPoints.keypoint_confidence' instead.
SupervisionWarnings: 'KeyPoints.confidence' is deprecated since 0.29.0 and will be removed in 0.32.0. Use 'KeyPoints.keypoint_confidence' instead.

 99%|█████████▉| 1438/1451 [24:19<00:11,  1.13it/s]SupervisionWarnings: 'KeyPoints.confidence' is deprecated since 0.29.0 and will be removed in 0.32.0. Use 'KeyPoints.keypoint_confidence' instead.
SupervisionWarnings: 'KeyPoints.confidence' is deprecated since 0.29.0 and will be removed in 0.32.0. Use 'KeyPoints.keypoint_confidence' instead.
SupervisionWarnings: 'KeyPoints.confidence' is deprecated since 0.29.0 and will be removed in 0.32.0. Use 'KeyPoints.keypoint_confidence' instead.
SupervisionWarnings: 'KeyPoints.confidence' is deprecated since 0.29.0 and will be removed in 0.32.0. Use 'KeyPoints.keypoint_confidence' instead.

 99%|█████████▉| 1439/1451 [24:20<00:10,  1.16it/s]SupervisionWarnings: 'KeyPoints.confidence' is deprecated since 0.29.0 and will be removed in 0.32.0. Use 'KeyPoints.keypoint_confidence' instead.
SupervisionWarnings: 'KeyPoints.confidence' is deprecated since 0.29.0 and will be removed in 0.32.0. Use 'KeyPoints.keypoint_confidence' instead.
SupervisionWarnings: 'KeyPoints.confidence' is deprecated since 0.29.0 and will be removed in 0.32.0. Use 'KeyPoints.keypoint_confidence' instead.
SupervisionWarnings: 'KeyPoints.confidence' is deprecated since 0.29.0 and will be removed in 0.32.0. Use 'KeyPoints.keypoint_confidence' instead.

 99%|█████████▉| 1440/1451 [24:21<00:09,  1.19it/s]SupervisionWarnings: 'KeyPoints.confidence' is deprecated since 0.29.0 and will be removed in 0.32.0. Use 'KeyPoints.keypoint_confidence' instead.
SupervisionWarnings: 'KeyPoints.confidence' is deprecated since 0.29.0 and will be removed in 0.32.0. Use 'KeyPoints.keypoint_confidence' instead.
SupervisionWarnings: 'KeyPoints.confidence' is deprecated since 0.29.0 and will be removed in 0.32.0. Use 'KeyPoints.keypoint_confidence' instead.
SupervisionWarnings: 'KeyPoints.confidence' is deprecated since 0.29.0 and will be removed in 0.32.0. Use 'KeyPoints.keypoint_confidence' instead.

 99%|█████████▉| 1441/1451 [24:21<00:08,  1.20it/s]SupervisionWarnings: 'KeyPoints.confidence' is deprecated since 0.29.0 and will be removed in 0.32.0. Use 'KeyPoints.keypoint_confidence' instead.
SupervisionWarnings: 'KeyPoints.confidence' is deprecated since 0.29.0 and will be removed in 0.32.0. Use 'KeyPoints.keypoint_confidence' instead.
SupervisionWarnings: 'KeyPoints.confidence' is deprecated since 0.29.0 and will be removed in 0.32.0. Use 'KeyPoints.keypoint_confidence' instead.
SupervisionWarnings: 'KeyPoints.confidence' is deprecated since 0.29.0 and will be removed in 0.32.0. Use 'KeyPoints.keypoint_confidence' instead.

 99%|█████████▉| 1442/1451 [24:22<00:07,  1.21it/s]SupervisionWarnings: 'KeyPoints.confidence' is deprecated since 0.29.0 and will be removed in 0.32.0. Use 'KeyPoints.keypoint_confidence' instead.
SupervisionWarnings: 'KeyPoints.confidence' is deprecated since 0.29.0 and will be removed in 0.32.0. Use 'KeyPoints.keypoint_confidence' instead.
SupervisionWarnings: 'KeyPoints.confidence' is deprecated since 0.29.0 and will be removed in 0.32.0. Use 'KeyPoints.keypoint_confidence' instead.
SupervisionWarnings: 'KeyPoints.confidence' is deprecated since 0.29.0 and will be removed in 0.32.0. Use 'KeyPoints.keypoint_confidence' instead.

 99%|█████████▉| 1443/1451 [24:23<00:06,  1.22it/s]SupervisionWarnings: 'KeyPoints.confidence' is deprecated since 0.29.0 and will be removed in 0.32.0. Use 'KeyPoints.keypoint_confidence' instead.
SupervisionWarnings: 'KeyPoints.confidence' is deprecated since 0.29.0 and will be removed in 0.32.0. Use 'KeyPoints.keypoint_confidence' instead.
SupervisionWarnings: 'KeyPoints.confidence' is deprecated since 0.29.0 and will be removed in 0.32.0. Use 'KeyPoints.keypoint_confidence' instead.
SupervisionWarnings: 'KeyPoints.confidence' is deprecated since 0.29.0 and will be removed in 0.32.0. Use 'KeyPoints.keypoint_confidence' instead.

100%|█████████▉| 1444/1451 [24:24<00:06,  1.04it/s]SupervisionWarnings: 'KeyPoints.confidence' is deprecated since 0.29.0 and will be removed in 0.32.0. Use 'KeyPoints.keypoint_confidence' instead.
SupervisionWarnings: 'KeyPoints.confidence' is deprecated since 0.29.0 and will be removed in 0.32.0. Use 'KeyPoints.keypoint_confidence' instead.
SupervisionWarnings: 'KeyPoints.confidence' is deprecated since 0.29.0 and will be removed in 0.32.0. Use 'KeyPoints.keypoint_confidence' instead.
SupervisionWarnings: 'KeyPoints.confidence' is deprecated since 0.29.0 and will be removed in 0.32.0. Use 'KeyPoints.keypoint_confidence' instead.

100%|█████████▉| 1445/1451 [24:25<00:05,  1.02it/s]SupervisionWarnings: 'KeyPoints.confidence' is deprecated since 0.29.0 and will be removed in 0.32.0. Use 'KeyPoints.keypoint_confidence' instead.
SupervisionWarnings: 'KeyPoints.confidence' is deprecated since 0.29.0 and will be removed in 0.32.0. Use 'KeyPoints.keypoint_confidence' instead.
SupervisionWarnings: 'KeyPoints.confidence' is deprecated since 0.29.0 and will be removed in 0.32.0. Use 'KeyPoints.keypoint_confidence' instead.
SupervisionWarnings: 'KeyPoints.confidence' is deprecated since 0.29.0 and will be removed in 0.32.0. Use 'KeyPoints.keypoint_confidence' instead.

100%|█████████▉| 1446/1451 [24:27<00:05,  1.11s/it]SupervisionWarnings: 'KeyPoints.confidence' is deprecated since 0.29.0 and will be removed in 0.32.0. Use 'KeyPoints.keypoint_confidence' instead.
SupervisionWarnings: 'KeyPoints.confidence' is deprecated since 0.29.0 and will be removed in 0.32.0. Use 'KeyPoints.keypoint_confidence' instead.
SupervisionWarnings: 'KeyPoints.confidence' is deprecated since 0.29.0 and will be removed in 0.32.0. Use 'KeyPoints.keypoint_confidence' instead.
SupervisionWarnings: 'KeyPoints.confidence' is deprecated since 0.29.0 and will be removed in 0.32.0. Use 'KeyPoints.keypoint_confidence' instead.

100%|█████████▉| 1447/1451 [24:28<00:04,  1.14s/it]SupervisionWarnings: 'KeyPoints.confidence' is deprecated since 0.29.0 and will be removed in 0.32.0. Use 'KeyPoints.keypoint_confidence' instead.
SupervisionWarnings: 'KeyPoints.confidence' is deprecated since 0.29.0 and will be removed in 0.32.0. Use 'KeyPoints.keypoint_confidence' instead.
SupervisionWarnings: 'KeyPoints.confidence' is deprecated since 0.29.0 and will be removed in 0.32.0. Use 'KeyPoints.keypoint_confidence' instead.
SupervisionWarnings: 'KeyPoints.confidence' is deprecated since 0.29.0 and will be removed in 0.32.0. Use 'KeyPoints.keypoint_confidence' instead.

100%|█████████▉| 1448/1451 [24:29<00:03,  1.04s/it]SupervisionWarnings: 'KeyPoints.confidence' is deprecated since 0.29.0 and will be removed in 0.32.0. Use 'KeyPoints.keypoint_confidence' instead.
SupervisionWarnings: 'KeyPoints.confidence' is deprecated since 0.29.0 and will be removed in 0.32.0. Use 'KeyPoints.keypoint_confidence' instead.
SupervisionWarnings: 'KeyPoints.confidence' is deprecated since 0.29.0 and will be removed in 0.32.0. Use 'KeyPoints.keypoint_confidence' instead.
SupervisionWarnings: 'KeyPoints.confidence' is deprecated since 0.29.0 and will be removed in 0.32.0. Use 'KeyPoints.keypoint_confidence' instead.

100%|█████████▉| 1449/1451 [24:30<00:01,  1.03it/s]SupervisionWarnings: 'KeyPoints.confidence' is deprecated since 0.29.0 and will be removed in 0.32.0. Use 'KeyPoints.keypoint_confidence' instead.
SupervisionWarnings: 'KeyPoints.confidence' is deprecated since 0.29.0 and will be removed in 0.32.0. Use 'KeyPoints.keypoint_confidence' instead.
SupervisionWarnings: 'KeyPoints.confidence' is deprecated since 0.29.0 and will be removed in 0.32.0. Use 'KeyPoints.keypoint_confidence' instead.
SupervisionWarnings: 'KeyPoints.confidence' is deprecated since 0.29.0 and will be removed in 0.32.0. Use 'KeyPoints.keypoint_confidence' instead.

100%|█████████▉| 1450/1451 [24:30<00:00,  1.09it/s]SupervisionWarnings: 'KeyPoints.confidence' is deprecated since 0.29.0 and will be removed in 0.32.0. Use 'KeyPoints.keypoint_confidence' instead.
SupervisionWarnings: 'KeyPoints.confidence' is deprecated since 0.29.0 and will be removed in 0.32.0. Use 'KeyPoints.keypoint_confidence' instead.
SupervisionWarnings: 'KeyPoints.confidence' is deprecated since 0.29.0 and will be removed in 0.32.0. Use 'KeyPoints.keypoint_confidence' instead.
SupervisionWarnings: 'KeyPoints.confidence' is deprecated since 0.29.0 and will be removed in 0.32.0. Use 'KeyPoints.keypoint_confidence' instead.

100%|██████████| 1451/1451 [24:32<00:00,  1.01s/it]
100%|██████████| 1451/1451 [24:32<00:00,  1.01s/it]
[detect] keypoint vertex-labels injected: n=12 labels[0:8]=[1, 2, 3, 4, 5, 7, 8, 9] conf[0:8]=[1.0, 1.0, 1.0, 1.0, 0.8999999761581421, 1.0, 1.0, 1.0] pitch_conf=0.71 n_det=10
[detect] kp class_id <-> class_name (label) pairs: [(0, '01'), (1, '02'), (2, '03'), (3, '04'), (4, '05'), (6, '07'), (7, '08'), (8, '09'), (9, '10'), (10, '11'), (11, '12'), (12, '13')]
[kp-debug] === transition none -> ok at frame=4270 ===
[kp-debug] frame=4270 n_raw=12 conf_min=0.90 conf_max=1.00 conf_mean=0.99 above_KP_CONF(0.50)=12
[kp-debug] frame=4271 n_raw=12 conf_min=0.91 conf_max=1.00 conf_mean=0.99 above_KP_CONF(0.50)=12
[kp-debug] frame=4272 n_raw=12 conf_min=0.91 conf_max=1.00 conf_mean=0.99 above_KP_CONF(0.50)=12
[kp-debug] frame=4273 n_raw=12 conf_min=0.93 conf_max=1.00 conf_mean=0.99 above_KP_CONF(0.50)=12
[kp-debug] frame=4274 n_raw=12 conf_min=0.93 conf_max=1.00 conf_mean=0.99 above_KP_CONF(0.50)=12
[kp-debug] frame=4275 n_raw=12 conf_min=0.92 conf_max=1.00 conf_mean=0.99 above_KP_CONF(0.50)=12
[kp-debug] === transition ok -> none at frame=5007 ===
[kp-debug] frame=5007 n_raw=4 conf_min=0.86 conf_max=1.00 conf_mean=0.95 above_KP_CONF(0.50)=4
[kp-debug] frame=5008 n_raw=4 conf_min=0.87 conf_max=1.00 conf_mean=0.96 above_KP_CONF(0.50)=4
[kp-debug] frame=5009 n_raw=5 conf_min=0.36 conf_max=1.00 conf_mean=0.83 above_KP_CONF(0.50)=4
[kp-debug] frame=5010 n_raw=4 conf_min=0.85 conf_max=1.00 conf_mean=0.95 above_KP_CONF(0.50)=4
[kp-debug] frame=5011 n_raw=5 conf_min=0.35 conf_max=1.00 conf_mean=0.84 above_KP_CONF(0.50)=4
[kp-debug] frame=5012 n_raw=5 conf_min=0.37 conf_max=1.00 conf_mean=0.84 above_KP_CONF(0.50)=4
[kp-debug] === transition none -> ok at frame=5023 ===
[kp-debug] frame=5023 n_raw=5 conf_min=0.51 conf_max=0.99 conf_mean=0.86 above_KP_CONF(0.50)=5
[kp-debug] frame=5024 n_raw=5 conf_min=0.43 conf_max=0.99 conf_mean=0.84 above_KP_CONF(0.50)=4
[kp-debug] frame=5025 n_raw=5 conf_min=0.39 conf_max=0.99 conf_mean=0.83 above_KP_CONF(0.50)=4
[kp-debug] frame=5026 n_raw=4 conf_min=0.80 conf_max=0.99 conf_mean=0.93 above_KP_CONF(0.50)=4
[kp-debug] frame=5027 n_raw=4 conf_min=0.82 conf_max=0.99 conf_mean=0.94 above_KP_CONF(0.50)=4
[kp-debug] frame=5028 n_raw=5 conf_min=0.41 conf_max=0.99 conf_mean=0.83 above_KP_CONF(0.50)=4
Done. Output video: /content/bench/half2/run/annotated.mp4
CSV: /content/bench/half2/run/per_frame_tracks.csv
Processed frames: 1451
Avg tracked players/frame: 13.56
Ball detected frames: 803/1451
Ball interpolated frames: 544/1451
Ball ROI-recovered frames: 66/1451
Homography OK frames: 1435/1451
Homography available frames: 1435/1451
Valid projection rows: 23369/23644
Elapsed: 1472.12s | Effective FPS: 0.99
KPI JSON: /content/bench/half2/run/kpi_summary.json
KPI CSV: /content/bench/half2/run/kpi_summary.csv
