frame,class_id,display_track_id,kind,dframe,body_heights_per_frame,speed_mps,time_s
1249,2,1,image_jump,1.0,14.911372059064352,871.1997338111254,41.630557962802484
1295,2,1,image_jump,1.0,13.457911911909132,930.540978823257,43.16378908072795
1299,2,1,image_jump,1.0,13.479219269389793,1002.4787463821549,43.29711352576495
1300,2,1,image_jump,1.0,13.449750210249938,923.7115806445612,43.3304446370242
1305,2,1,image_jump,4.0,3.334713475040365,236.15709322793504,43.49710019332045
1706,2,1,image_jump,1.0,3.0005842204756994,778.089976212589,56.86287580827945
1708,2,1,image_jump,1.0,3.0180921043705884,803.2342868005927,56.92953803079795
1726,2,1,image_jump,1.0,3.37044100416599,816.3961705588401,57.529498033464435
1730,2,1,image_jump,1.0,3.4934484800622516,811.2072432477668,57.66282247850143
1737,2,1,image_jump,1.0,16.98315269304059,1010.2313797510977,57.89614025731618
1739,2,2,image_jump,1.0,8.724050522077027,607.5009567829675,57.96280247983468
1740,2,2,image_jump,1.0,8.725956936925193,606.1102667211929,57.99613359109393
1741,2,2,image_jump,1.0,8.770863617978657,615.2120350120609,58.02946470235318
1742,2,1,image_jump,5.0,2.2177552936851486,193.17527728904662,58.062795813612425
1742,2,2,image_jump,1.0,8.784030714469267,613.9267156613229,58.062795813612425
1743,2,2,image_jump,1.0,8.772088412888296,625.4162093644426,58.096126924871676
1744,2,2,image_jump,1.0,8.788695114337827,612.1249964628984,58.12945803613093
1745,2,2,image_jump,1.0,8.847912255660809,615.2606116000532,58.16278914739018
1746,2,2,image_jump,1.0,8.79283836284104,614.4149496001119,58.19612025864942
1747,2,2,image_jump,1.0,8.838950640929324,623.0284750593652,58.22945136990867
1748,2,2,image_jump,1.0,8.917755012402544,618.0573593152616,58.262782481167925
1749,2,2,image_jump,1.0,8.93643303814801,616.9910430788328,58.296113592427176
1750,2,2,image_jump,1.0,8.92019895355529,616.3410072590752,58.32944470368642
1751,2,2,image_jump,1.0,8.974605473244079,615.9971493087135,58.36277581494567
1752,2,2,image_jump,1.0,8.915550785366511,606.1288364904291,58.39610692620492
1753,2,2,image_jump,1.0,8.953450449681753,593.6721974765509,58.42943803746417
1754,2,2,image_jump,1.0,8.995739914245519,600.4469592873228,58.46276914872342
1755,2,2,image_jump,1.0,8.966283771261779,606.305272698594,58.49610025998267
1756,2,2,image_jump,1.0,8.985142399049515,613.1561432738313,58.52943137124192
1757,2,2,image_jump,1.0,8.968183198707598,598.5438960335258,58.56276248250117
1758,2,2,image_jump,1.0,8.987288058285058,605.7051711035389,58.596093593760415
1759,2,2,image_jump,1.0,8.978032385523003,583.2741501677482,58.629424705019666
1760,2,2,image_jump,1.0,9.12088189114091,607.177084034184,58.66275581627892
1761,2,2,image_jump,1.0,8.97635079027865,625.581452423038,58.69608692753817
1762,2,2,image_jump,1.0,8.927412039252388,600.8401703212394,58.72941803879741
1763,2,2,image_jump,1.0,9.043584554143216,588.5349358482707,58.76274915005666
1764,2,2,image_jump,1.0,9.093909378673576,587.2236470930364,58.796080261315915
1765,2,2,image_jump,1.0,9.18488134615978,575.7463916605452,58.829411372575166
1766,2,2,image_jump,1.0,9.329298427977696,582.3720450754621,58.86274248383441
1767,2,2,image_jump,1.0,9.315663587911915,588.5260039268655,58.89607359509366
1768,2,2,image_jump,1.0,9.890225998125606,656.7793115264299,58.92940470635291
1770,2,2,image_jump,1.0,10.221073380138677,652.1915223634185,58.99606692887141
1773,2,2,image_jump,1.0,11.131731318622219,737.7276692091507,59.09606026264916
1792,2,2,image_jump,2.0,9.252796599654266,552.2081651912357,59.7293513765749
1982,2,2,image_jump,1.0,6.565585067333194,466.90959495658933,66.06226251583227
1983,2,2,image_jump,1.0,6.488215413061748,485.9520310921919,66.09559362709153
1984,2,2,image_jump,1.0,6.4856341287167485,492.46100175580614,66.12892473835078
1985,2,2,image_jump,1.0,6.430265279258759,483.84618729055853,66.16225584961003
1986,2,2,image_jump,1.0,6.590103227709913,493.4785323562437,66.19558696086928
1987,2,2,image_jump,1.0,6.73375941737856,492.1283443246808,66.22891807212852
1988,2,2,image_jump,1.0,6.79431517716616,496.4503493016291,66.26224918338778
1989,2,2,image_jump,1.0,6.861547768985969,488.6185266335193,66.29558029464702
1990,2,2,image_jump,1.0,6.744745549072009,499.0463383672399,66.32891140590627
1991,2,2,image_jump,1.0,6.504500493384948,500.9475234373972,66.36224251716553
1992,2,2,image_jump,1.0,6.445395822492636,501.82734031831365,66.39557362842477
1993,2,2,image_jump,1.0,6.4290410523023525,509.61814424327963,66.42890473968403
1994,2,2,image_jump,1.0,6.48769125897329,519.6776833642843,66.46223585094327
1995,2,2,image_jump,1.0,6.685026034393734,531.019752210963,66.49556696220252
1996,2,2,image_jump,1.0,6.7681718828256425,524.2568114276213,66.52889807346178
1997,2,2,image_jump,1.0,6.845924061979229,532.4273553062625,66.56222918472102
1998,2,2,image_jump,1.0,6.997667615432276,539.3000828491721,66.59556029598028
1999,2,2,image_jump,1.0,7.275541634543598,546.5093132083023,66.62889140723952
2002,2,2,image_jump,1.0,6.719190061343888,538.6719711678348,66.72888474101727
2003,2,2,image_jump,1.0,6.725259990106741,546.041413427201,66.76221585227651
2005,2,2,image_jump,1.0,7.183473593613102,577.3516000320222,66.82887807479501
2006,2,2,image_jump,1.0,6.970510649987507,563.7185059157309,66.86220918605427
2007,2,2,image_jump,1.0,7.099386355266901,559.304276736029,66.89554029731352
2008,2,2,image_jump,1.0,7.038116919865418,560.0253655080883,66.92887140857276
2009,2,2,image_jump,1.0,6.89637642671724,563.1324386597432,66.96220251983202
2010,2,2,image_jump,1.0,6.85333443245582,567.6830971228436,66.99553363109126
2011,2,2,image_jump,1.0,6.599556348783188,574.323129366862,67.0288647423505
2012,2,2,image_jump,1.0,6.536113575242485,577.0953669328775,67.06219585360977
2013,2,2,image_jump,1.0,6.648845241650532,578.1701263907607,67.09552696486901
2014,2,2,image_jump,1.0,6.728408555481601,589.7771598781615,67.12885807612827
2015,2,2,image_jump,1.0,6.724660310900922,594.4606427580002,67.16218918738751
2016,2,2,image_jump,1.0,6.942752840410254,602.8853493787226,67.19552029864676
2017,2,2,image_jump,1.0,7.173672233755299,591.4029377335524,67.22885140990601
2018,2,2,image_jump,1.0,7.023003273206874,584.7160372181669,67.26218252116526
2019,2,2,image_jump,1.0,7.121571407767293,600.9568637439754,67.2955136324245
2020,2,2,image_jump,1.0,6.729921891161546,595.2324490289182,67.32884474368376
2021,2,2,image_jump,1.0,6.429213911611728,594.3563514368398,67.362175854943
2022,2,2,image_jump,1.0,6.460315381496722,600.5468469407923,67.39550696620226
2023,2,2,image_jump,1.0,6.401518679118893,599.2475913882961,67.4288380774615
2024,2,2,image_jump,1.0,6.476423356998457,601.6164746722266,67.46216918872075
2025,2,2,image_jump,1.0,6.710736419239541,596.9980285710316,67.49550029998001
2026,2,2,image_jump,1.0,6.850716450843777,604.5608594985091,67.52883141123925
2027,2,2,image_jump,1.0,6.888396003092096,601.5190197496439,67.5621625224985
2028,2,2,image_jump,1.0,7.073587096429545,597.8072367847598,67.59549363375775
2029,2,2,image_jump,1.0,7.003305752492346,591.2293996777684,67.628824745017
2030,2,2,image_jump,1.0,6.7630556953229535,605.9130525052411,67.66215585627626
2031,2,2,image_jump,1.0,6.552377743006544,601.5617113343575,67.6954869675355
2032,2,2,image_jump,1.0,6.390498861246338,608.3393229856091,67.72881807879475
2033,2,2,image_jump,1.0,6.275657972183724,606.431102570255,67.762149190054
2034,2,2,image_jump,1.0,6.336626626133732,604.119261346866,67.79548030131325
2035,2,2,image_jump,1.0,6.470918432429214,597.2829840714278,67.82881141257249
2036,2,2,image_jump,1.0,6.493848366330304,601.7596543246258,67.86214252383175
2037,2,2,image_jump,1.0,6.808262753106472,609.0577684858124,67.895473635091
2038,2,2,image_jump,1.0,7.302503570337134,636.660447636267,67.92880474635025
2039,2,2,image_jump,1.0,7.4859794885000905,636.4755021920325,67.9621358576095
2040,2,2,image_jump,1.0,7.361263623338793,641.4905413467305,67.99546696886874
2041,2,2,image_jump,1.0,6.91809652704049,625.1788235620048,68.028798080128
2042,2,2,image_jump,1.0,6.3340409661521715,588.0969671284208,68.06212919138724
2043,2,2,image_jump,1.0,6.177075378580553,574.7054741538394,68.09546030264649
2044,2,2,image_jump,1.0,6.057504649378436,571.0972738544746,68.12879141390574
2045,2,2,image_jump,1.0,5.973710676595361,562.0973572743925,68.16212252516499
2046,2,2,image_jump,1.0,6.14390398428139,578.0308501283944,68.19545363642425
2047,2,2,image_jump,1.0,6.288364074215389,579.0196893920046,68.22878474768349
2048,2,2,image_jump,1.0,6.330578826978757,582.3953359598023,68.26211585894274
2049,2,2,image_jump,1.0,6.453888052016584,555.8284336659632,68.295446970202
2050,2,2,image_jump,1.0,6.3422125322818586,572.6964366494159,68.32877808146124
2051,2,2,image_jump,1.0,6.1611063947601705,565.5164028416317,68.36210919272048
2052,2,2,image_jump,1.0,6.138012961543512,576.2634262727322,68.39544030397974
2053,2,2,image_jump,1.0,6.188454833972288,567.3332055227215,68.42877141523898
2054,2,2,image_jump,1.0,6.216377583797042,572.4215047879088,68.46210252649824
2055,2,2,image_jump,1.0,6.21149914261949,581.503149341557,68.49543363775749
2056,2,2,image_jump,1.0,6.073381701162752,565.4180164454488,68.52876474901673
2057,2,2,image_jump,1.0,6.070981359355601,567.2041052633241,68.56209586027599
2058,2,2,image_jump,1.0,6.2166741324008,563.4331603836108,68.59542697153523
2059,2,2,image_jump,1.0,6.271642423356647,551.3511755439148,68.62875808279448
2060,2,2,image_jump,1.0,6.101166618534996,558.0262595120818,68.66208919405373
2061,2,2,image_jump,1.0,6.038446705712826,569.1821657547463,68.69542030531298
2062,2,2,image_jump,1.0,5.933454681010145,575.5027414130094,68.72875141657224
2063,2,2,image_jump,1.0,5.687596155137614,583.1296851125654,68.76208252783148
2064,2,2,image_jump,1.0,5.699897890385689,610.0751095775685,68.79541363909073
2065,2,2,image_jump,1.0,5.595293090472802,606.9150335050193,68.82874475034998
2066,2,2,image_jump,1.0,5.51339651413008,595.5432808678571,68.86207586160923
2067,2,2,image_jump,1.0,5.635140364294247,595.4402407527319,68.89540697286847
2068,2,2,image_jump,1.0,5.635194406411359,591.1204815765772,68.92873808412773
2069,2,2,image_jump,1.0,5.5873971695617435,602.4399628873565,68.96206919538697
2070,2,2,image_jump,1.0,5.580482006498196,606.2110790756236,68.99540030664623
2071,2,2,image_jump,1.0,5.445812724428759,604.8103591999492,69.02873141790548
2072,2,2,image_jump,1.0,5.327466900113314,628.3086993068538,69.06206252916472
2073,2,2,image_jump,1.0,5.328418857625705,616.390746679787,69.09539364042398
2074,2,2,image_jump,1.0,5.2855148787476125,615.8562732811183,69.12872475168322
2075,2,2,image_jump,1.0,5.195063789989408,609.0977841800105,69.16205586294247
2076,2,2,image_jump,1.0,5.201102931863463,616.2761699276691,69.19538697420172
2077,2,2,image_jump,1.0,5.1944000394470775,652.286153194653,69.22871808546097
2078,2,2,image_jump,1.0,4.985444232250417,624.0869956689615,69.26204919672023
2079,2,2,image_jump,1.0,4.9203417207050935,651.1075993780609,69.29538030797947
2080,2,2,image_jump,1.0,4.813312654577253,653.577329726477,69.32871141923872
2081,2,2,image_jump,1.0,4.7228871161297885,623.2775486139338,69.36204253049797
2082,2,2,image_jump,1.0,4.699799912689862,622.7147411366236,69.39537364175722
2083,2,2,image_jump,1.0,4.7295354132721,611.6270931673891,69.42870475301646
2084,2,2,image_jump,1.0,4.714128414231514,625.4009724077365,69.46203586427572
2085,2,2,image_jump,1.0,4.7410003901044995,625.0996895493789,69.49536697553496
2086,2,2,image_jump,1.0,4.647175094404897,629.0165029578873,69.52869808679422
2087,2,2,image_jump,1.0,4.494834839714189,627.3022189464932,69.56202919805347
2088,2,2,image_jump,1.0,4.402813703132606,615.2535781108356,69.59536030931271
2089,2,2,image_jump,1.0,4.273526342406086,616.7922160078756,69.62869142057197
2090,2,2,image_jump,1.0,4.1956555930421535,615.4854204214607,69.66202253183121
2091,2,2,image_jump,1.0,4.234246632061973,601.6432348902853,69.69535364309046
2092,2,2,image_jump,1.0,4.350777183994655,611.8590726040035,69.72868475434971
2093,2,2,image_jump,1.0,4.333441716939071,608.4210425716238,69.76201586560896
2094,2,2,image_jump,1.0,4.289887760251773,641.327384405695,69.79534697686822
2095,2,2,image_jump,1.0,4.147427382399046,627.3897829419061,69.82867808812746
2096,2,2,image_jump,1.0,4.050402689670684,633.7697740600448,69.8620091993867
2097,2,2,image_jump,1.0,4.030544183072105,618.3073204522952,69.89534031064596
2098,2,2,image_jump,1.0,3.9792270539973824,635.1134693394024,69.92867142190521
2099,2,2,image_jump,1.0,3.882885315907105,731.445920748777,69.96200253316445
2100,2,2,image_jump,1.0,3.921389470866712,717.8171393285629,69.99533364442371
2101,2,2,image_jump,1.0,3.796035314829423,700.0808871042989,70.02866475568295
2102,2,2,image_jump,1.0,3.781409514728565,714.8991050742194,70.06199586694221
2103,2,2,image_jump,1.0,3.7643609914031835,724.867873344675,70.09532697820146
2104,2,2,image_jump,1.0,3.73246253511934,697.5087318485736,70.1286580894607
2105,2,2,image_jump,1.0,3.739557764919382,710.4848914259862,70.16198920071996
2106,2,2,image_jump,1.0,3.7410795791230673,721.2665184520251,70.1953203119792
2107,2,2,image_jump,1.0,3.727422455378675,728.1420824925733,70.22865142323846
2133,2,1,image_jump,1.0,14.693154165144941,1185.4188288020337,71.09526031597893
2136,2,1,image_jump,1.0,14.792181714459058,1180.0803659538662,71.19525364975668
2144,2,2,image_jump,1.0,16.1008308825256,1092.2417970768936,71.46190253983067
2145,2,2,image_jump,1.0,16.206676183321182,1094.3983347128192,71.49523365108993
2146,2,2,image_jump,1.0,16.498096780198725,1106.806460745704,71.52856476234918
2147,2,2,image_jump,1.0,16.988271416457696,1133.7456628324778,71.56189587360844
2148,2,2,image_jump,1.0,16.862618828920077,1118.2441689852778,71.59522698486768
2149,2,2,image_jump,1.0,16.855647429870466,1110.242632304703,71.62855809612692
2162,2,2,image_jump,1.0,12.703131369767778,877.163979666071,72.06186254249717
2174,2,2,image_jump,1.0,9.804091139175114,823.9232988381514,72.46183587760817
2175,2,2,image_jump,1.0,9.749725976889636,832.82618870487,72.49516698886741
2176,2,2,image_jump,1.0,9.539907510203783,827.7482860457287,72.52849810012665
2177,2,2,image_jump,1.0,9.758957440920344,827.0155591596924,72.56182921138591
2178,2,2,image_jump,1.0,9.65730450685423,815.5107689858314,72.59516032264516
2179,2,2,image_jump,1.0,9.646630439915116,829.9886718632871,72.62849143390441
2180,2,2,image_jump,1.0,9.659865915229279,840.5795395190283,72.66182254516366
2181,2,2,image_jump,1.0,9.400641325578666,848.3726342971734,72.6951536564229
2182,2,2,image_jump,1.0,9.528087073438392,840.8845472759143,72.72848476768216
2183,2,2,image_jump,1.0,9.740540846417968,833.8619553039272,72.7618158789414
2184,2,2,image_jump,1.0,9.908808686251714,848.7594168594555,72.79514699020065
2185,2,2,image_jump,1.0,9.665218524176133,854.8886448588428,72.82847810145991
2186,2,2,image_jump,1.0,9.625388636579856,866.6728465879971,72.86180921271915
2187,2,2,image_jump,1.0,9.517996159122102,854.3562911383574,72.89514032397841
2188,2,2,image_jump,1.0,9.440352538242914,803.2004383700087,72.92847143523765
2189,2,2,image_jump,1.0,9.580717069803734,811.9698114214647,72.9618025464969
2190,2,2,image_jump,1.0,9.616210754057967,793.7226573115197,72.99513365775616
2191,2,2,image_jump,1.0,9.735483906118406,818.8226549358797,73.0284647690154
2192,2,2,image_jump,1.0,10.043339745504086,806.8013821238253,73.06179588027464
2193,2,2,image_jump,1.0,10.305315422440497,796.9797594201335,73.0951269915339
2194,2,2,image_jump,1.0,11.120377521892447,845.296507333068,73.12845810279315
2195,2,2,image_jump,1.0,11.539946579294593,834.9097086958826,73.1617892140524
2196,2,2,image_jump,1.0,11.524671740389007,837.0358197794878,73.19512032531165
2197,2,2,image_jump,1.0,10.771500406048185,812.385463451281,73.2284514365709
2198,2,2,image_jump,1.0,10.73165364926685,815.9299943161326,73.26178254783015
2199,2,2,image_jump,1.0,10.372120259376633,803.1398134250163,73.2951136590894
2200,2,2,image_jump,1.0,10.228280494748232,787.6866561576439,73.32844477034864
2201,2,2,image_jump,1.0,10.307267012731744,773.0576848301992,73.3617758816079
2202,2,2,image_jump,1.0,10.08950955872566,776.8835428771458,73.39510699286714
2203,2,2,image_jump,1.0,10.093506436685725,795.1056953293878,73.4284381041264
2205,2,2,image_jump,1.0,10.572259598959334,765.7775779254706,73.49510032664489
2235,2,2,image_jump,1.0,9.08842513777839,1263.8376430421022,74.49503366442238
2497,2,2,image_jump,1.0,18.607184092247042,946.962252247987,83.22778481434571
2498,2,2,image_jump,1.0,18.408560415120434,946.8703788075948,83.26111592560497
2499,2,2,image_jump,1.0,18.27051538895382,955.4213413500092,83.29444703686421
2500,2,2,image_jump,1.0,18.15390811533733,941.6593940974957,83.32777814812346
2501,2,2,image_jump,1.0,17.72583183786688,940.3404851493175,83.36110925938272
2502,2,2,image_jump,1.0,17.618256785211575,944.8249841049584,83.39444037064196
2503,2,2,image_jump,1.0,17.110248314021106,941.9248282342563,83.4277714819012
2504,2,2,image_jump,1.0,16.746332314267427,954.1019443448309,83.46110259316046
2505,2,2,image_jump,1.0,16.20507147094594,927.7498843947902,83.4944337044197
2506,2,2,image_jump,1.0,15.769066663900007,931.9130414809296,83.52776481567896
2509,2,2,image_jump,1.0,14.993871592708732,921.1954661722596,83.62775814945671
2510,2,2,image_jump,1.0,14.838768245765282,925.3507545810322,83.66108926071595
2511,2,2,image_jump,1.0,14.927419225904243,918.6627037933697,83.6944203719752
2512,2,2,image_jump,1.0,14.94898568550194,920.289025442231,83.72775148323446
2513,2,2,image_jump,1.0,15.099201767248054,928.5330012787302,83.7610825944937
2514,2,2,image_jump,1.0,15.117402972678045,927.9708280701502,83.79441370575296
2515,2,2,image_jump,1.0,15.071823332465012,926.1692655160163,83.8277448170122
2516,2,2,image_jump,1.0,14.93410476948757,928.6670805784195,83.86107592827145
2517,2,2,image_jump,1.0,15.078930993665635,920.0064535692833,83.8944070395307
2518,2,2,image_jump,1.0,14.960913694991897,923.6660545446766,83.92773815078995
2519,2,2,image_jump,1.0,14.656682284343354,922.2888882891376,83.9610692620492
2520,2,2,image_jump,1.0,14.657353541175313,929.082164119386,83.99440037330845
2522,2,2,image_jump,1.0,14.387399485073253,922.3985451703271,84.06106259582695
2525,2,2,image_jump,1.0,15.185977407391515,920.565133738392,84.1610559296047
2528,2,2,image_jump,1.0,15.345808466602705,916.4471673753247,84.26104926338245
2530,2,2,image_jump,1.0,15.180989956467617,917.3962996330268,84.32771148590095
2531,2,2,image_jump,1.0,14.834804306970304,907.1760428896474,84.36104259716019
2532,2,2,image_jump,1.0,14.779724647334655,894.0262642007173,84.39437370841944
2533,2,2,image_jump,1.0,14.735398740948147,868.3297141585778,84.4277048196787
2534,2,2,image_jump,1.0,14.790998583264454,876.9986883109597,84.46103593093794
2535,2,2,image_jump,1.0,14.92209619650569,891.2162837464447,84.49436704219718
2536,2,2,image_jump,1.0,15.08797442654254,889.4885660230843,84.52769815345644
2537,2,2,image_jump,1.0,15.293345277204704,881.8374051344114,84.56102926471569
2538,2,2,image_jump,1.0,15.429824048436238,867.1092126956545,84.59436037597494
2539,2,2,image_jump,1.0,15.460059522855447,883.9747365571841,84.62769148723419
2540,2,2,image_jump,1.0,15.421543461101662,904.2749733000433,84.66102259849343
2541,2,2,image_jump,1.0,15.486953759803892,897.1452024506636,84.69435370975269
2542,2,2,image_jump,1.0,15.394561255092256,936.7294947103995,84.72768482101193
2543,2,2,image_jump,1.0,15.26813785247389,943.6051397666645,84.76101593227118
2544,2,2,image_jump,1.0,15.374463302575647,931.4425365808017,84.79434704353044
2545,2,2,image_jump,1.0,15.53266166359541,948.497711463811,84.82767815478968
2547,2,2,image_jump,1.0,15.968048740199034,940.7237793960792,84.89434037730818
2548,2,2,image_jump,1.0,16.15262428826018,944.5277728545836,84.92767148856743
2549,2,2,image_jump,1.0,16.100694042198377,916.6808760789511,84.96100259982668
2550,2,2,image_jump,1.0,16.078172741920408,928.5825092600114,84.99433371108593
2551,2,2,image_jump,1.0,15.934821517949569,912.0294558019059,85.02766482234519
2552,2,2,image_jump,1.0,15.75482663166656,927.5536377984714,85.06099593360443
2553,2,2,image_jump,1.0,15.781949634153264,923.5503038468961,85.09432704486368
2569,2,2,image_jump,1.0,19.055503304006734,991.0487833970695,85.62762482501167
2570,2,2,image_jump,1.0,18.439011439203444,993.021872482527,85.66095593627092
2571,2,2,image_jump,1.0,18.70165461430224,1003.7622659677896,85.69428704753017
2572,2,2,image_jump,1.0,18.645683851145385,1012.2409702938232,85.72761815878941
2573,2,2,image_jump,1.0,18.726522787317002,1001.2481064075722,85.76094927004867
2574,2,1,image_jump,1.0,9.512762657036687,884.1679025865981,85.79428038130791
2574,2,2,image_jump,1.0,18.624125442900038,1008.0479524533112,85.79428038130791
2575,2,1,image_jump,1.0,9.480005906239084,899.9768630687702,85.82761149256717
2575,2,2,image_jump,1.0,19.11137547296225,1009.3846712828251,85.82761149256717
2576,2,1,image_jump,1.0,9.55995491072425,877.7909332860798,85.86094260382642
2576,2,2,image_jump,1.0,18.78560220469312,1017.5634060252155,85.86094260382642
2578,2,1,image_jump,1.0,9.863934159458923,881.3474653094656,85.92760482634492
2579,2,1,image_jump,1.0,10.244890767959122,882.0159131889083,85.96093593760416
2580,2,1,image_jump,1.0,10.283629201543768,872.4306504143581,85.9942670488634
2581,2,1,image_jump,1.0,10.491674798964915,873.3326110942814,86.02759816012266
2583,2,1,image_jump,1.0,10.558307889503014,881.7538877206058,86.09426038264117
2584,2,1,image_jump,1.0,10.181780417908637,872.4548041268102,86.12759149390041
2610,2,1,image_jump,1.0,9.032834788933572,912.8415326624546,86.9942003866409
2613,2,1,image_jump,1.0,9.257314888691612,885.7093593776028,87.09419372041864
2614,2,1,image_jump,1.0,9.380646296480819,880.5755425234361,87.12752483167789
2615,2,1,image_jump,1.0,9.361802271874973,890.7884317792148,87.16085594293715
2616,2,1,image_jump,1.0,9.154642372251132,900.9051072024448,87.19418705419639
2617,2,1,image_jump,1.0,8.758569845060359,909.065138404858,87.22751816545563
2618,2,1,image_jump,1.0,8.440274406053963,904.1051477095898,87.2608492767149
2619,2,1,image_jump,1.0,8.358027163142056,913.5642174586329,87.29418038797414
2720,2,1,image_jump,1.0,8.693327350362878,2198.9859176086197,90.66062262515833
2721,2,1,image_jump,1.0,8.610179389336183,2199.4914661046323,90.69395373641757
2724,2,1,image_jump,1.0,8.585794244289344,2268.6103417822833,90.79394707019533
2782,2,1,image_jump,1.0,8.808107115958324,2156.7620419099503,92.72715152323178
2857,2,1,image_jump,1.0,6.772388144914348,1716.6390585928243,95.2269848676755
2866,2,1,image_jump,2.0,3.3340803066456988,790.2315439802255,95.52696486900874
2948,2,1,image_jump,1.0,1.064164099092626,60.53806687656246,98.26011599226719
2949,2,1,image_jump,1.0,1.0582307221989835,59.60946735874773,98.29344710352643
2950,2,1,image_jump,1.0,1.0593092407600926,54.56613225050839,98.32677821478569
2951,2,1,image_jump,1.0,1.0667287929310116,48.80111779915812,98.36010932604493
2952,2,1,image_jump,1.0,1.0408121665183383,53.42609332084817,98.39344043730418
2953,2,1,image_jump,1.0,1.0272063711967838,54.03362531744874,98.42677154856344
2959,2,1,image_jump,1.0,1.071019479531243,61.23622508352627,98.62675821611893
2962,2,1,image_jump,1.0,1.0958433898016553,52.111676707646865,98.72675154989668
2964,2,1,image_jump,1.0,1.1011618079238954,53.75375480843495,98.79341377241518
2965,2,1,image_jump,1.0,1.1042408160100983,64.53929280437306,98.82674488367442
2966,2,1,image_jump,1.0,1.1217495538912994,54.518040926010315,98.86007599493368
2971,2,1,image_jump,1.0,1.1656473797194835,63.731409929843515,99.02673155122991
2972,2,1,image_jump,1.0,1.1922786549625595,63.720228085359295,99.06006266248917
3014,2,1,image_jump,1.0,4.40338287041616,1186.7517842463299,100.45996933537765
3175,2,2,image_jump,1.0,16.805087679869903,994.7555062050549,105.8262782481168
3294,2,2,image_jump,1.0,14.677725852721819,981.7148119914355,109.79268048796747
3295,2,2,image_jump,1.0,14.61062529079475,1036.039288123486,109.82601159922672
3296,2,2,image_jump,1.0,14.46921467518376,1045.5289728639475,109.85934271048598
3297,2,2,image_jump,1.0,14.499081278642562,1028.5314829816152,109.89267382174522
3298,2,2,image_jump,1.0,14.506674098086917,1036.2918173825572,109.92600493300446
3299,2,2,image_jump,1.0,14.623674367396918,1028.2380661576688,109.95933604426372
3300,2,2,image_jump,1.0,14.643105204014358,1032.5658915911322,109.99266715552297
3301,2,2,image_jump,1.0,14.592515546096443,993.2934589945878,110.02599826678222
3302,2,2,image_jump,1.0,14.702454058805744,986.6379518396633,110.05932937804147
3303,2,2,image_jump,1.0,14.81335787140928,982.0740281760411,110.09266048930071
3304,2,2,image_jump,1.0,14.873155707164582,988.602705287308,110.12599160055997
3305,2,2,image_jump,1.0,15.216664652400853,992.657597655018,110.15932271181921
3306,2,2,image_jump,1.0,15.55098117621018,966.7865405152227,110.19265382307846
3307,2,2,image_jump,1.0,16.210045813595784,974.4469993184985,110.22598493433772
3308,2,2,image_jump,1.0,16.69970757608906,964.3420013735082,110.25931604559696
3309,2,2,image_jump,1.0,17.671138105930158,955.0800329791062,110.29264715685622
3310,2,2,image_jump,1.0,18.008902007248885,991.927121461981,110.32597826811546
3311,2,2,image_jump,1.0,18.282634311369403,1011.6679839652219,110.35930937937471
1070,2,22,pitch_jump,1.0,0.028438921816172115,15.646599729511662,35.66428904739684
1072,2,18,pitch_jump,1.0,0.08367284053126721,12.200082351786781,35.73095126991534
1073,2,2,pitch_jump,1.0,0.07004071597516082,24.806043894659457,35.76428238117459
1073,2,4,pitch_jump,1.0,0.020364187275121893,17.738592217438953,35.76428238117459
1073,2,5,pitch_jump,1.0,0.028922751746353236,13.097804624119867,35.76428238117459
1073,2,9,pitch_jump,1.0,0.03493742841758326,12.651437585377195,35.76428238117459
1073,2,12,pitch_jump,1.0,0.021569160382008356,17.390038916370212,35.76428238117459
1073,2,14,pitch_jump,1.0,0.002962473412238676,12.421930154332374,35.76428238117459
1073,2,17,pitch_jump,1.0,0.03566361479605391,20.089215029711685,35.76428238117459
1073,2,18,pitch_jump,1.0,0.04453757687160268,17.291142768830984,35.76428238117459
1073,2,22,pitch_jump,1.0,0.001965415539404159,12.616424166479678,35.76428238117459
1073,2,23,pitch_jump,1.0,0.004266654444698914,12.891060491397031,35.76428238117459
1074,2,18,pitch_jump,1.0,0.05950714730229524,16.8211417488326,35.79761349243384
1076,2,2,pitch_jump,1.0,0.04377231536471912,14.270222750288811,35.864275714952335
1076,2,20,pitch_jump,1.0,0.06527627402360572,13.714850547562529,35.864275714952335
1077,2,2,pitch_jump,1.0,0.01727276346219891,15.596358262912407,35.897606826211586
1077,2,4,pitch_jump,1.0,0.014802604090020774,15.480521868669936,35.897606826211586
1077,2,12,pitch_jump,1.0,0.01705480288602901,16.200918769972215,35.897606826211586
1077,2,17,pitch_jump,1.0,0.05771843356028934,18.148698411294287,35.897606826211586
1077,2,19,pitch_jump,1.0,0.09997068320578562,12.320478934860958,35.897606826211586
1077,2,20,pitch_jump,1.0,0.07221186289658356,17.056572215409805,35.897606826211586
1077,2,23,pitch_jump,1.0,0.026783875822388017,12.58619560165914,35.897606826211586
1079,2,18,pitch_jump,1.0,0.0967550223627682,20.089000386671707,35.96426904873009
1080,2,18,pitch_jump,1.0,0.08174100301294755,16.401610475251314,35.99760015998933
1081,2,18,pitch_jump,1.0,0.1170848969439159,29.92962861553924,36.03093127124858
1083,2,2,pitch_jump,1.0,0.008693050651489604,13.896722612756081,36.097593493767086
1084,2,2,pitch_jump,1.0,0.03235401827951787,18.300683794874,36.13092460502633
1084,2,4,pitch_jump,1.0,0.03657289581110729,17.386572590702574,36.13092460502633
1084,2,18,pitch_jump,1.0,0.06877682525126028,14.19652512920084,36.13092460502633
1084,2,22,pitch_jump,1.0,0.04738073138528727,19.20446767878295,36.13092460502633
1085,2,4,pitch_jump,1.0,0.01823315660374282,13.966360000779037,36.16425571628558
1086,2,9,pitch_jump,1.0,0.03817563573854841,12.64772156121324,36.19758682754483
1086,2,13,pitch_jump,1.0,0.06080633402150312,13.17066731225866,36.19758682754483
1086,2,16,pitch_jump,1.0,0.009972269205819116,12.555476581729135,36.19758682754483
1086,2,18,pitch_jump,1.0,0.028544286204517162,13.211053775941945,36.19758682754483
1086,2,20,pitch_jump,1.0,0.0268116570230485,19.282276214860207,36.19758682754483
1086,2,22,pitch_jump,1.0,0.07220875748614995,24.799827341732826,36.19758682754483
1086,2,23,pitch_jump,1.0,0.05925544721708973,12.476553696173095,36.19758682754483
1087,2,1,pitch_jump,1.0,0.013892419768058736,22.179245618591693,36.23091793880408
1087,2,2,pitch_jump,1.0,0.04280000550795045,60.81980517089504,36.23091793880408
1087,2,4,pitch_jump,1.0,0.04065597326286986,49.754822611593355,36.23091793880408
1087,2,6,pitch_jump,1.0,0.026912304487923977,24.672008904902473,36.23091793880408
1087,2,7,pitch_jump,1.0,0.013742340183369228,12.322143660224283,36.23091793880408
1087,2,9,pitch_jump,1.0,0.03986398479543384,12.297247504551656,36.23091793880408
1087,2,11,pitch_jump,1.0,0.056029733588608285,13.331996821778027,36.23091793880408
1087,2,12,pitch_jump,1.0,0.028746273908502495,17.05719676148071,36.23091793880408
1087,2,14,pitch_jump,1.0,0.08086219702570806,25.13255648228752,36.23091793880408
1087,2,15,pitch_jump,1.0,0.029413602066147716,14.346614557830298,36.23091793880408
1087,2,16,pitch_jump,1.0,0.017140742495293414,13.713058515454364,36.23091793880408
1087,2,17,pitch_jump,1.0,0.020741210406343278,25.988160140093946,36.23091793880408
1087,2,22,pitch_jump,1.0,0.05937608622892134,39.12506485209875,36.23091793880408
1087,2,23,pitch_jump,1.0,0.07780743180333641,27.846269145436537,36.23091793880408
1088,2,14,pitch_jump,1.0,0.05161751186615012,14.17895445802991,36.26424905006333
1090,2,4,pitch_jump,1.0,0.05450016990158251,14.372408368286008,36.33091127258183
1090,2,23,pitch_jump,1.0,0.06510876075078265,14.178817886119969,36.33091127258183
1092,2,2,pitch_jump,1.0,0.02448963537663285,12.592142212790222,36.397573495100325
1092,2,4,pitch_jump,1.0,0.0454742461199301,14.628640949841117,36.397573495100325
1093,2,1,pitch_jump,1.0,0.0252379035777506,12.647557950316749,36.430904606359576
1093,2,17,pitch_jump,1.0,0.053654516321963296,12.506714761239166,36.430904606359576
1095,2,18,pitch_jump,1.0,0.05010726103411066,18.444456309941906,36.49756682887808
1095,2,20,pitch_jump,1.0,0.038345609456589935,13.853382207946675,36.49756682887808
1096,2,1,pitch_jump,1.0,0.011245408439807323,14.641097905400489,36.53089794013732
1096,2,14,pitch_jump,1.0,0.07453435149371677,12.626550174632563,36.53089794013732
1096,2,20,pitch_jump,1.0,0.07316187516918056,16.787757833643436,36.53089794013732
1097,2,14,pitch_jump,1.0,0.09009960781032575,18.082702045950473,36.56422905139657
1097,2,18,pitch_jump,1.0,0.07016897073623449,17.702536476711387,36.56422905139657
1097,2,20,pitch_jump,1.0,0.0559482726000837,14.855637186325001,36.56422905139657
1098,2,13,pitch_jump,1.0,0.023437644142425176,12.28256397831911,36.597560162655824
1098,2,16,pitch_jump,1.0,0.025843430812717366,14.39552994549857,36.597560162655824
1098,2,18,pitch_jump,1.0,0.09603897397036414,33.03027525600095,36.597560162655824
1099,2,9,pitch_jump,1.0,0.08579595233241163,14.202066951706055,36.630891273915076
1099,2,18,pitch_jump,1.0,0.068087682507747,24.14936571787801,36.630891273915076
1099,2,19,pitch_jump,1.0,0.04737662355892628,12.811598226330476,36.630891273915076
1099,2,20,pitch_jump,1.0,0.04225844183060086,12.718072994406924,36.630891273915076
1101,2,18,pitch_jump,1.0,0.055172771955852455,14.979301154268649,36.69755349643357
1102,2,18,pitch_jump,1.0,0.054919956178915694,12.136238692523285,36.73088460769282
1105,2,8,pitch_jump,1.0,0.0673334077540702,12.357471929228177,36.83087794147057
1106,2,9,pitch_jump,1.0,0.06018706609229869,16.455395979017435,36.86420905272982
1107,2,9,pitch_jump,1.0,0.15008085128349224,18.34599796811741,36.89754016398907
1108,2,8,pitch_jump,1.0,0.042796525285718916,12.226286389470726,36.93087127524832
1111,2,14,pitch_jump,1.0,0.08477690475600637,12.65256247555709,37.03086460902607
1111,2,20,pitch_jump,1.0,0.07895643851119534,13.020118053697038,37.03086460902607
1112,2,9,pitch_jump,1.0,0.05565082992212214,12.590661667125858,37.06419572028532
1112,2,14,pitch_jump,1.0,0.08473511202433572,18.023989982293635,37.06419572028532
1113,2,14,pitch_jump,1.0,0.06384450191958715,12.111748301505246,37.09752683154456
1119,2,2,pitch_jump,1.0,0.070793326050519,13.917836531751968,37.29751349910006
1119,2,20,pitch_jump,1.0,0.12867769511921917,13.822381880862437,37.29751349910006
1120,2,8,pitch_jump,1.0,0.0832852005760318,20.734929572456767,37.330844610359314
1120,2,17,pitch_jump,1.0,0.10341944022525716,17.33087922053522,37.330844610359314
1121,2,18,pitch_jump,1.0,0.07956301961661864,17.143413121003466,37.36417572161856
1122,2,8,pitch_jump,1.0,0.0954660343299575,15.476765308301081,37.39750683287781
1122,2,9,pitch_jump,1.0,0.0839341293985948,13.2979097457503,37.39750683287781
1122,2,18,pitch_jump,1.0,0.0521844471745693,16.491831731324403,37.39750683287781
1122,2,19,pitch_jump,1.0,0.11213181125631097,12.053087510874816,37.39750683287781
1123,2,19,pitch_jump,1.0,0.08150169238740282,12.267069160479423,37.43083794413706
1125,2,2,pitch_jump,1.0,0.06108469478904566,14.666358364969668,37.497500166655556
1125,2,4,pitch_jump,2.0,0.052935692904566706,15.378345709905242,37.497500166655556
1126,2,9,pitch_jump,1.0,0.07301342631739177,20.940058102672342,37.53083127791481
1126,2,19,pitch_jump,1.0,0.10444932408951751,21.90843635543501,37.53083127791481
1127,2,9,pitch_jump,1.0,0.04257961644350936,13.275483797828402,37.56416238917406
1128,2,4,pitch_jump,1.0,0.1233316709778306,45.61785051917976,37.59749350043331
1128,2,14,pitch_jump,1.0,0.06417131995269015,16.64372049812603,37.59749350043331
1128,2,19,pitch_jump,1.0,0.13452483721666772,20.78804194435664,37.59749350043331
1129,2,4,pitch_jump,1.0,0.07860532436606847,27.469390683147186,37.63082461169255
1129,2,9,pitch_jump,1.0,0.07248417381913401,14.06241040599881,37.63082461169255
1129,2,19,pitch_jump,1.0,0.13442996137774363,23.853110922541603,37.63082461169255
1130,2,9,pitch_jump,1.0,0.07962274445030947,19.782308619895005,37.664155722951804
1131,2,17,pitch_jump,1.0,0.15896455389575212,19.66054337700261,37.697486834211055
1132,2,4,pitch_jump,1.0,0.03002438553322306,19.163850081882657,37.73081794547031
1132,2,10,pitch_jump,1.0,0.029887721292531314,16.836939061243026,37.73081794547031
1132,2,14,pitch_jump,1.0,0.05821460681187561,13.12564155170391,37.73081794547031
1132,2,19,pitch_jump,1.0,0.20591711615884745,46.90853220087277,37.73081794547031
1135,2,14,pitch_jump,1.0,0.06288424561168475,15.065168402644543,37.83081127924805
1136,2,2,pitch_jump,1.0,0.04421583401011487,13.728264365124161,37.864142390507304
1137,2,4,pitch_jump,1.0,0.028205636925847034,12.67288925127079,37.89747350176655
1137,2,14,pitch_jump,1.0,0.08350814257032363,13.572325496173232,37.89747350176655
1137,2,19,pitch_jump,1.0,0.08649782661574984,12.581071906483858,37.89747350176655
1138,2,14,pitch_jump,1.0,0.08078321259062918,16.701710247315194,37.9308046130258
1138,2,19,pitch_jump,1.0,0.08939589137418609,14.927414504619097,37.9308046130258
1140,2,9,pitch_jump,1.0,0.10010935674610187,17.106424063828396,37.9974668355443
1140,2,20,pitch_jump,1.0,0.034038972654629344,14.902165913419667,37.9974668355443
1141,2,4,pitch_jump,1.0,0.10395036173196245,23.488609094740585,38.030797946803546
1141,2,10,pitch_jump,1.0,0.048598500899786456,13.50372416064614,38.030797946803546
1141,2,14,pitch_jump,1.0,0.1422829219158059,13.167926065487887,38.030797946803546
1142,2,1,pitch_jump,1.0,0.01672778873184136,21.76146414730276,38.0641290580628
1142,2,2,pitch_jump,1.0,0.015616105073520523,86.21289620784336,38.0641290580628
1142,2,4,pitch_jump,1.0,0.05434485507972778,68.80307644649331,38.0641290580628
1142,2,5,pitch_jump,1.0,0.012892862955763426,21.911500137494496,38.0641290580628
1142,2,6,pitch_jump,1.0,0.02663995951725161,26.388478141688314,38.0641290580628
1142,2,7,pitch_jump,1.0,0.023176230564574272,16.345924763352322,38.0641290580628
1142,2,8,pitch_jump,1.0,0.01193398775838393,19.51172909365034,38.0641290580628
1142,2,9,pitch_jump,1.0,0.06964599475358675,32.62237575966785,38.0641290580628
1142,2,10,pitch_jump,1.0,0.02761395798107611,17.466570866138316,38.0641290580628
1142,2,11,pitch_jump,1.0,0.015558737403156338,12.685394143206196,38.0641290580628
1142,2,14,pitch_jump,1.0,0.09851573805999178,23.77571051228586,38.0641290580628
1142,2,15,pitch_jump,1.0,0.02328344439770771,17.925893947511756,38.0641290580628
1142,2,16,pitch_jump,1.0,0.02780531114486833,17.136660239829503,38.0641290580628
1142,2,17,pitch_jump,1.0,0.05176928105321296,44.02823004254097,38.0641290580628
1142,2,18,pitch_jump,1.0,0.03628664314613814,19.72168810112862,38.0641290580628
1142,2,19,pitch_jump,1.0,0.0785167797726457,14.093006599799118,38.0641290580628
1142,2,20,pitch_jump,1.0,0.016282532369905112,23.31731428319339,38.0641290580628
1142,2,23,pitch_jump,1.0,0.020304638595189824,40.70159290623599,38.0641290580628
1143,2,1,pitch_jump,1.0,0.02443472340343685,21.453232160780917,38.09746016932205
1143,2,2,pitch_jump,1.0,0.020273634431037833,92.5166412099169,38.09746016932205
1143,2,4,pitch_jump,1.0,0.07589661620992535,76.76468134472053,38.09746016932205
1143,2,5,pitch_jump,1.0,0.0259347227998207,23.033735179128374,38.09746016932205
1143,2,6,pitch_jump,1.0,0.049912361916446095,29.04568482299504,38.09746016932205
1143,2,7,pitch_jump,1.0,0.06065080769443405,16.024863262533053,38.09746016932205
1143,2,8,pitch_jump,1.0,0.02749201801889754,18.706014506679338,38.09746016932205
1143,2,9,pitch_jump,1.0,0.03810909388812888,28.773692864038136,38.09746016932205
1143,2,10,pitch_jump,1.0,0.04285811601619,23.702175922653858,38.09746016932205
1143,2,11,pitch_jump,1.0,0.03650399711506758,16.517944461581788,38.09746016932205
1143,2,14,pitch_jump,1.0,0.17337818875326322,32.64695170676581,38.09746016932205
1143,2,15,pitch_jump,1.0,0.021251909398085286,17.110828045987247,38.09746016932205
1143,2,16,pitch_jump,1.0,0.06115715855798393,19.80551360314975,38.09746016932205
1143,2,17,pitch_jump,1.0,0.09232927301308073,49.839154697981,38.09746016932205
1143,2,18,pitch_jump,1.0,0.04892861289993282,23.06384256073336,38.09746016932205
1143,2,19,pitch_jump,1.0,0.1375045139684384,48.939070460411465,38.09746016932205
1143,2,20,pitch_jump,1.0,0.0368963215631564,15.519703701789489,38.09746016932205
1143,2,23,pitch_jump,1.0,0.020009830083632288,42.458489620867056,38.09746016932205
1144,2,9,pitch_jump,1.0,0.08524464945858719,15.708675454313529,38.1307912805813
1144,2,19,pitch_jump,1.0,0.08390872359237853,13.966351070322105,38.1307912805813
1145,2,14,pitch_jump,1.0,0.07013204512959853,22.318445395217886,38.16412239184054
1146,2,17,pitch_jump,1.0,0.12505284084122933,24.963636931029967,38.197453503099794
1147,2,2,pitch_jump,1.0,0.033105044309637885,22.742006618541595,38.230784614359045
1147,2,4,pitch_jump,1.0,0.05584896843777386,13.502643675737472,38.230784614359045
1147,2,5,pitch_jump,1.0,0.036693913539100724,14.166848502675593,38.230784614359045
1147,2,9,pitch_jump,1.0,0.005973425117039455,15.474599310882205,38.230784614359045
1147,2,10,pitch_jump,1.0,0.05575965797468569,12.177643689519265,38.230784614359045
1147,2,14,pitch_jump,1.0,0.08981986736702985,23.266176781573815,38.230784614359045
1147,2,17,pitch_jump,1.0,0.09171681269130096,12.661267032944313,38.230784614359045
1147,2,19,pitch_jump,1.0,0.01232710386798748,13.057443200770326,38.230784614359045
1148,2,14,pitch_jump,1.0,0.08449891343332082,12.763471656593591,38.264115725618296
1149,2,2,pitch_jump,1.0,0.0014299625757642493,17.692123210230573,38.29744683687754
1149,2,4,pitch_jump,1.0,0.09492948934610591,14.508571515377369,38.29744683687754
1149,2,7,pitch_jump,1.0,0.10010237083150365,14.338507821184068,38.29744683687754
1149,2,8,pitch_jump,1.0,0.04904666458452121,14.729330414410397,38.29744683687754
1149,2,9,pitch_jump,1.0,0.02053653492029486,14.642312299129498,38.29744683687754
1149,2,13,pitch_jump,1.0,0.165434459616112,13.250065460960998,38.29744683687754
1149,2,14,pitch_jump,1.0,0.10912500633929455,13.072263233959712,38.29744683687754
1149,2,17,pitch_jump,1.0,0.0984588023267427,23.105100907301033,38.29744683687754
1149,2,18,pitch_jump,1.0,0.0956779159328072,12.047865794663108,38.29744683687754
1149,2,19,pitch_jump,1.0,0.053968762882191,19.762065810429792,38.29744683687754
1149,2,20,pitch_jump,1.0,0.03926646812537556,14.761031931568446,38.29744683687754
1150,2,1,pitch_jump,1.0,0.04787276703267391,13.072062720143006,38.33077794813679
1150,2,2,pitch_jump,1.0,0.004169224504026031,17.101447297588766,38.33077794813679
1150,2,4,pitch_jump,1.0,0.07876692094176437,16.888410352887508,38.33077794813679
1150,2,5,pitch_jump,1.0,0.03886455491443286,13.918308035735025,38.33077794813679
1150,2,9,pitch_jump,1.0,0.13981663624334553,34.595644046833726,38.33077794813679
1150,2,10,pitch_jump,1.0,0.07431416747064169,14.554444323496682,38.33077794813679
1152,2,1,pitch_jump,1.0,0.0429055535235746,42.83071628747198,38.397440170655294
1152,2,2,pitch_jump,1.0,0.07516606178089637,31.26912449842862,38.397440170655294
1152,2,4,pitch_jump,1.0,0.06483492153218226,24.089280637094674,38.397440170655294
1152,2,6,pitch_jump,1.0,0.09385247363641779,45.316345532326565,38.397440170655294
1152,2,7,pitch_jump,1.0,0.10398418061690669,24.406346723522056,38.397440170655294
1152,2,8,pitch_jump,1.0,0.024535173493960703,25.73981637974759,38.397440170655294
1152,2,9,pitch_jump,1.0,0.04755338453780031,21.36584692612721,38.397440170655294
1152,2,11,pitch_jump,1.0,0.06200490602561353,25.885024731994424,38.397440170655294
1152,2,13,pitch_jump,1.0,0.1677673200875993,19.36168094958697,38.397440170655294
1152,2,15,pitch_jump,1.0,0.045944054233057884,28.974278041601078,38.397440170655294
1152,2,16,pitch_jump,1.0,0.10991850626488765,37.1209281129738,38.397440170655294
1152,2,17,pitch_jump,1.0,0.06666667091493605,15.20586965481179,38.397440170655294
1152,2,18,pitch_jump,1.0,0.10896241844332359,20.2543683614618,38.397440170655294
1152,2,19,pitch_jump,1.0,0.05744997555110584,27.640173814298777,38.397440170655294
1152,2,20,pitch_jump,1.0,0.07318164776420687,22.663102698491727,38.397440170655294
1153,2,1,pitch_jump,1.0,0.04438628934846829,15.968410698581524,38.43077128191454
1153,2,2,pitch_jump,1.0,0.03934194600428577,35.29102457582853,38.43077128191454
1153,2,4,pitch_jump,1.0,0.09432594082125172,30.094794886813606,38.43077128191454
1153,2,5,pitch_jump,1.0,0.08356959927580764,12.145166702877894,38.43077128191454
1153,2,9,pitch_jump,1.0,0.026916624263755337,19.839870822787756,38.43077128191454
1153,2,13,pitch_jump,1.0,0.17470876009904437,20.768074992939525,38.43077128191454
1153,2,14,pitch_jump,1.0,0.20925709937869919,17.927353357257896,38.43077128191454
1153,2,17,pitch_jump,1.0,0.06160670779728336,20.228558296397715,38.43077128191454
1153,2,19,pitch_jump,1.0,0.05980407133353462,19.271438129392788,38.43077128191454
1153,2,20,pitch_jump,1.0,0.0495378253092487,17.268393028467592,38.43077128191454
1153,2,23,pitch_jump,1.0,0.0019945576856129064,15.14327666387129,38.43077128191454
1155,2,2,pitch_jump,1.0,0.040656086366259614,13.334598321003075,38.49743350443304
1155,2,9,pitch_jump,1.0,0.1519640542157212,19.12300548324136,38.49743350443304
1155,2,13,pitch_jump,1.0,0.20218323412060124,12.48855659825501,38.49743350443304
1155,2,19,pitch_jump,1.0,0.038103614258664174,22.787671553470524,38.49743350443304
1156,2,19,pitch_jump,1.0,0.021278523991731534,17.835154938192172,38.53076461569229
1156,2,20,pitch_jump,1.0,0.06794709527675007,13.09256946552361,38.53076461569229
1156,2,24,pitch_jump,2.0,0.13181625950572826,44.71878684952226,38.53076461569229
1157,2,17,pitch_jump,1.0,0.08122231002399735,20.883638731122407,38.564095726951535
1157,2,24,pitch_jump,1.0,0.046227689159425316,13.344659911247135,38.564095726951535
1158,2,1,pitch_jump,1.0,0.03861378370543833,18.988085011751007,38.59742683821079
1158,2,10,pitch_jump,1.0,0.048186540475340614,13.728197270967103,38.59742683821079
1158,2,11,pitch_jump,1.0,0.0739619361388941,16.309783539910928,38.59742683821079
1158,2,13,pitch_jump,1.0,0.21238566388272864,12.631617980012155,38.59742683821079
1158,2,17,pitch_jump,1.0,0.4379803491245571,110.26940164479176,38.59742683821079
1158,2,22,pitch_jump,1.0,0.10880017356763999,18.835135621602344,38.59742683821079
1158,2,24,pitch_jump,1.0,0.20577903251374052,26.69953435105314,38.59742683821079
1159,2,1,pitch_jump,1.0,0.015782373869360898,22.553328347389993,38.63075794947004
1159,2,2,pitch_jump,1.0,0.029131421776384156,46.47395244839759,38.63075794947004
1159,2,4,pitch_jump,1.0,0.07245934384564409,27.2048779134316,38.63075794947004
1159,2,6,pitch_jump,1.0,0.1038354756045118,25.721314624770436,38.63075794947004
1159,2,7,pitch_jump,1.0,0.13500437826942455,15.743344855138972,38.63075794947004
1159,2,8,pitch_jump,1.0,0.05392559219297782,21.359090510336145,38.63075794947004
1159,2,9,pitch_jump,1.0,0.12538039161714873,16.588749021403117,38.63075794947004
1159,2,11,pitch_jump,1.0,0.06413597195388022,14.880790240062785,38.63075794947004
1159,2,15,pitch_jump,1.0,0.06471972759375146,16.30785364884006,38.63075794947004
1159,2,16,pitch_jump,1.0,0.1485891898570961,14.415245935855113,38.63075794947004
1159,2,18,pitch_jump,1.0,0.11391131401817627,15.070980137030965,38.63075794947004
1159,2,19,pitch_jump,1.0,0.01234923561216171,14.12455151030012,38.63075794947004
1159,2,20,pitch_jump,1.0,0.08294351167701693,15.883798089006683,38.63075794947004
1160,2,1,pitch_jump,1.0,0.011585868410021847,26.45011328952961,38.66408906072929
1160,2,2,pitch_jump,1.0,0.04223862042679907,37.23685864716913,38.66408906072929
1160,2,4,pitch_jump,1.0,0.08721639158735718,36.196326262483765,38.66408906072929
1160,2,6,pitch_jump,1.0,0.04740094450915359,20.913993091855442,38.66408906072929
1160,2,9,pitch_jump,1.0,0.05243512826131551,13.079208534389817,38.66408906072929
1160,2,10,pitch_jump,1.0,0.027733290647864266,15.967846115070843,38.66408906072929
1160,2,11,pitch_jump,1.0,0.020072578965405,13.498079911030839,38.66408906072929
1160,2,15,pitch_jump,1.0,0.013772209986741002,13.459662009230657,38.66408906072929
1160,2,16,pitch_jump,1.0,0.05175571618655575,13.36121180309328,38.66408906072929
1161,2,1,pitch_jump,1.0,0.009440318831700297,58.724778746144516,38.69742017198853
1161,2,2,pitch_jump,1.0,0.04636410250357586,122.63899489769754,38.69742017198853
1161,2,4,pitch_jump,1.0,0.14253058925528983,90.34137929202954,38.69742017198853
1161,2,6,pitch_jump,1.0,0.1231707082972124,56.76327594641875,38.69742017198853
1161,2,7,pitch_jump,1.0,0.1261972518586387,14.025235093904747,38.69742017198853
1161,2,8,pitch_jump,1.0,0.06948083715487077,19.163769388933424,38.69742017198853
1161,2,10,pitch_jump,1.0,0.02800264916265216,14.674236058451521,38.69742017198853
1161,2,11,pitch_jump,1.0,0.06026360771296535,19.502283713276036,38.69742017198853
1161,2,15,pitch_jump,1.0,0.06868992817233516,18.522043689985928,38.69742017198853
1161,2,16,pitch_jump,1.0,0.16541459833476874,23.391382199060654,38.69742017198853
1161,2,19,pitch_jump,1.0,0.07157630416358138,19.559783199824718,38.69742017198853
1161,2,22,pitch_jump,1.0,0.12050427256351821,75.63982680630696,38.69742017198853
1161,2,23,pitch_jump,1.0,0.012920011338702088,50.85103680118125,38.69742017198853
1161,2,24,pitch_jump,1.0,0.07856243145640414,25.569569960514258,38.69742017198853
1162,2,1,pitch_jump,1.0,0.01602822090661624,24.069557052710223,38.730751283247784
1162,2,19,pitch_jump,1.0,0.05081028077477979,13.626039629903023,38.730751283247784
1162,2,20,pitch_jump,1.0,0.09234725855345148,13.160109018595513,38.730751283247784
1162,2,24,pitch_jump,1.0,0.0671609622099006,19.49790422135377,38.730751283247784
1163,2,1,pitch_jump,1.0,0.02196905488922548,50.114015050321875,38.764082394507035
1163,2,2,pitch_jump,1.0,0.02624067520534786,123.69225448461768,38.764082394507035
1163,2,4,pitch_jump,1.0,0.07963104475266733,91.85553052308155,38.764082394507035
1163,2,6,pitch_jump,1.0,0.048208035151770634,49.52863168818052,38.764082394507035
1163,2,7,pitch_jump,1.0,0.06514108344580916,15.505969163624775,38.764082394507035
1163,2,8,pitch_jump,1.0,0.0074441580192214874,12.732500516424313,38.764082394507035
1163,2,10,pitch_jump,1.0,0.024464660910665643,14.880793069587394,38.764082394507035
1163,2,11,pitch_jump,1.0,0.015414373802606407,17.442454819596428,38.764082394507035
1163,2,14,pitch_jump,1.0,0.03893174807600112,30.196432486560962,38.764082394507035
1163,2,15,pitch_jump,1.0,0.030481432845525788,15.201796779491065,38.764082394507035
1163,2,16,pitch_jump,1.0,0.06430435873896276,23.716220999054332,38.764082394507035
1163,2,18,pitch_jump,1.0,0.04301336592396431,14.188934255635123,38.764082394507035
1163,2,19,pitch_jump,1.0,0.08925603374564314,12.078398462582832,38.764082394507035
1163,2,23,pitch_jump,1.0,0.011126962626210699,51.815873943326956,38.764082394507035
1163,2,24,pitch_jump,1.0,0.012006281675873427,23.656630988234056,38.764082394507035
1164,2,1,pitch_jump,1.0,0.03258582154678108,20.124238737069504,38.797413505766286
1164,2,6,pitch_jump,1.0,0.1256180802651006,14.287857822472654,38.797413505766286
1164,2,19,pitch_jump,1.0,0.07262460121792394,12.290459557085002,38.797413505766286
1164,2,24,pitch_jump,1.0,0.06914996156966234,27.09028152031604,38.797413505766286
1165,2,1,pitch_jump,1.0,0.01746558303208191,64.00440098746881,38.83074461702553
1165,2,2,pitch_jump,1.0,0.0612993211410363,121.95638742708225,38.83074461702553
1165,2,4,pitch_jump,1.0,0.06595899253917209,98.70540475269645,38.83074461702553
1165,2,6,pitch_jump,1.0,0.12448407224434493,60.74538024150026,38.83074461702553
1165,2,7,pitch_jump,1.0,0.14749388393942042,20.53375728655191,38.83074461702553
1165,2,8,pitch_jump,1.0,0.03613745960646541,22.453476866340733,38.83074461702553
1165,2,10,pitch_jump,1.0,0.050884188067303875,12.075537414243419,38.83074461702553
1165,2,11,pitch_jump,1.0,0.07179233636651865,23.20359743444525,38.83074461702553
1165,2,14,pitch_jump,1.0,0.1152113659937113,12.913631251871962,38.83074461702553
1165,2,15,pitch_jump,1.0,0.042315005830105404,23.438314287546458,38.83074461702553
1165,2,16,pitch_jump,1.0,0.15141843615569475,31.752959276767793,38.83074461702553
1165,2,18,pitch_jump,1.0,0.1398712660171679,14.350381854626836,38.83074461702553
1165,2,19,pitch_jump,1.0,0.0549888190223885,17.245079502162156,38.83074461702553
1165,2,20,pitch_jump,1.0,0.0876830829168223,17.96319121230396,38.83074461702553
1165,2,23,pitch_jump,1.0,0.013967741872082972,51.38273863554609,38.83074461702553
1165,2,24,pitch_jump,1.0,0.04089820781840824,16.532305233214117,38.83074461702553
1166,2,1,pitch_jump,1.0,0.02230386248437533,63.49953179509853,38.86407572828478
1166,2,2,pitch_jump,1.0,0.0519434045779281,141.58440970485782,38.86407572828478
1166,2,4,pitch_jump,1.0,0.061016401486839865,102.27825868603631,38.86407572828478
1166,2,5,pitch_jump,1.0,0.02726056111154375,19.446871452570054,38.86407572828478
1166,2,6,pitch_jump,1.0,0.04875717286336582,60.15352692302333,38.86407572828478
1166,2,7,pitch_jump,1.0,0.05870493351942208,13.500636506671007,38.86407572828478
1166,2,8,pitch_jump,1.0,0.016192125436340857,15.463464277570305,38.86407572828478
1166,2,10,pitch_jump,1.0,0.02238812674352043,29.796447712899234,38.86407572828478
1166,2,11,pitch_jump,1.0,0.03352974845497007,20.187950759532637,38.86407572828478
1166,2,14,pitch_jump,1.0,0.0478253092692077,24.78359634694392,38.86407572828478
1166,2,15,pitch_jump,1.0,0.013303854184740942,19.260501238502258,38.86407572828478
1166,2,16,pitch_jump,1.0,0.05762936039518741,28.277712445578377,38.86407572828478
1166,2,18,pitch_jump,1.0,0.06094937022339756,17.669429668936463,38.86407572828478
1166,2,19,pitch_jump,1.0,0.017684084219921067,18.211449278679833,38.86407572828478
1166,2,23,pitch_jump,1.0,0.012778692146156583,57.33492415204232,38.86407572828478
1166,2,24,pitch_jump,1.0,0.04118014707835088,28.207900232241,38.86407572828478
1167,2,4,pitch_jump,1.0,0.1130993774356806,13.307122896239402,38.89740683954403
1167,2,5,pitch_jump,1.0,0.08513200639000673,15.465858822968878,38.89740683954403
1167,2,6,pitch_jump,1.0,0.12150556708759455,14.091165661421645,38.89740683954403
1167,2,7,pitch_jump,1.0,0.1575584175240353,17.47924627346295,38.89740683954403
1167,2,8,pitch_jump,1.0,0.06830909054006012,14.68338024231569,38.89740683954403
1167,2,10,pitch_jump,1.0,0.05798099912549867,14.816131631749656,38.89740683954403
1167,2,11,pitch_jump,1.0,0.07837195461277266,15.542674852579877,38.89740683954403
1167,2,13,pitch_jump,1.0,0.2199308018524554,18.54771870463686,38.89740683954403
1167,2,14,pitch_jump,1.0,0.12963498480985447,16.206135687115182,38.89740683954403
1167,2,15,pitch_jump,1.0,0.07643200144731534,14.787518757360642,38.89740683954403
1167,2,16,pitch_jump,1.0,0.17439273909196956,17.057331299465634,38.89740683954403
1167,2,18,pitch_jump,1.0,0.14561907658784468,17.280717159722926,38.89740683954403
1167,2,19,pitch_jump,1.0,0.041586175609102195,12.927667171286473,38.89740683954403
1167,2,20,pitch_jump,1.0,0.09462886692399088,16.09777713199637,38.89740683954403
1167,2,23,pitch_jump,1.0,0.028928837498488954,14.976023218328582,38.89740683954403
1167,2,24,pitch_jump,1.0,0.07351263320167743,22.53887285522627,38.89740683954403
1168,2,1,pitch_jump,1.0,0.01513982561998704,14.10860351154374,38.930737950803284
1168,2,19,pitch_jump,1.0,0.046038444392004614,18.25840597340091,38.930737950803284
1168,2,24,pitch_jump,1.0,0.0657538270399961,12.190453172454413,38.930737950803284
1169,2,5,pitch_jump,1.0,0.030700991342796375,13.669326976283942,38.96406906206253
1169,2,7,pitch_jump,1.0,0.07088668806026974,22.04691767014493,38.96406906206253
1169,2,8,pitch_jump,1.0,0.017324424366359652,14.011750143513858,38.96406906206253
1169,2,10,pitch_jump,1.0,0.010584549021625225,12.064416708361737,38.96406906206253
1169,2,13,pitch_jump,1.0,0.10044471682365426,32.908154892601964,38.96406906206253
1169,2,14,pitch_jump,1.0,0.04788872333049296,26.410636851555562,38.96406906206253
1169,2,16,pitch_jump,1.0,0.06596971267424812,20.945018824551628,38.96406906206253
1169,2,18,pitch_jump,1.0,0.062277920926574325,19.44816794610088,38.96406906206253
1169,2,19,pitch_jump,1.0,0.043353300523622545,21.91171635779958,38.96406906206253
1169,2,20,pitch_jump,1.0,0.01805947840583918,25.489091304634652,38.96406906206253
1169,2,24,pitch_jump,1.0,0.011049676878437461,28.899600982376715,38.96406906206253
1170,2,4,pitch_jump,1.0,0.08564627669647372,12.530749463584819,38.99740017332178
1170,2,5,pitch_jump,1.0,0.0717387970818646,14.200883557035088,38.99740017332178
1170,2,7,pitch_jump,1.0,0.15201350038367054,12.960306595514263,38.99740017332178
1170,2,10,pitch_jump,1.0,0.027332136425225192,15.64243644008805,38.99740017332178
1170,2,13,pitch_jump,1.0,0.23119327716613167,17.325941919399934,38.99740017332178
1170,2,14,pitch_jump,1.0,0.09066297459112795,13.16355397848722,38.99740017332178
1170,2,16,pitch_jump,1.0,0.16365388030305456,14.000382037792328,38.99740017332178
1170,2,18,pitch_jump,1.0,0.1422481615405163,13.850343793330635,38.99740017332178
1170,2,24,pitch_jump,1.0,0.09308831674034201,12.891826681534626,38.99740017332178
1171,2,13,pitch_jump,1.0,0.22491709434992924,14.677162004836287,39.03073128458103
1171,2,24,pitch_jump,1.0,0.045264270842168296,22.020776427293217,39.03073128458103
1173,2,6,pitch_jump,1.0,0.11743806151843898,13.817518778247255,39.097393507099525
1173,2,8,pitch_jump,1.0,0.06152691953438549,13.975707866119047,39.097393507099525
1173,2,14,pitch_jump,1.0,0.05133230207362851,13.476558037842608,39.097393507099525
1173,2,20,pitch_jump,1.0,0.11276834586777305,15.70501725086834,39.097393507099525
1173,2,24,pitch_jump,1.0,0.03063145138873283,14.805259543641705,39.097393507099525
1174,2,2,pitch_jump,1.0,0.061750526476423755,18.975861264317842,39.13072461835878
1174,2,4,pitch_jump,1.0,0.05243394241741287,15.260263476544578,39.13072461835878
1174,2,13,pitch_jump,1.0,0.2549860585665348,16.041179305165734,39.13072461835878
1175,2,2,pitch_jump,1.0,0.053363296929157256,21.459356402281816,39.16405572961803
1175,2,4,pitch_jump,1.0,0.03051729990848436,16.314683826679826,39.16405572961803
1175,2,15,pitch_jump,1.0,0.035609653559063974,14.929647469653466,39.16405572961803
1175,2,20,pitch_jump,1.0,0.09241671933293207,33.062852260117545,39.16405572961803
1175,2,24,pitch_jump,1.0,0.007618109784351923,13.838647197127587,39.16405572961803
1176,2,20,pitch_jump,1.0,0.14889144772158583,21.582083332060122,39.19738684087728
1177,2,1,pitch_jump,1.0,0.012277429368624608,12.358257884047749,39.23071795213652
1177,2,6,pitch_jump,1.0,0.10650939170861687,14.560832338606708,39.23071795213652
1177,2,14,pitch_jump,1.0,0.09939223643885865,18.66305980654014,39.23071795213652
1177,2,15,pitch_jump,1.0,0.22215748590276488,52.02428786630975,39.23071795213652
1177,2,20,pitch_jump,1.0,0.1074510877497337,23.235098059142313,39.23071795213652
1177,2,23,pitch_jump,1.0,0.028160487427610133,13.735086507623981,39.23071795213652
1178,2,2,pitch_jump,1.0,0.05026310983092673,16.250002558753486,39.264049063395774
1178,2,4,pitch_jump,1.0,0.02798912246773509,12.10864603151756,39.264049063395774
1178,2,14,pitch_jump,1.0,0.028637280398605962,15.833802881281176,39.264049063395774
1178,2,20,pitch_jump,1.0,0.13332049868682855,42.22940078494953,39.264049063395774
1178,2,24,pitch_jump,1.0,0.014978493704422969,12.497768870211171,39.264049063395774
1178,2,26,pitch_jump,1.0,0.0813025361621269,20.491395517733697,39.264049063395774
1179,2,6,pitch_jump,1.0,0.10851212580379084,13.694352251066825,39.297380174655025
1179,2,7,pitch_jump,1.0,0.18779134894452887,14.477084122697129,39.297380174655025
1179,2,16,pitch_jump,1.0,0.14997690436197536,14.10485273472656,39.297380174655025
1179,2,20,pitch_jump,1.0,0.13503617195344741,21.4855304126552,39.297380174655025
1179,2,24,pitch_jump,1.0,0.061801731118947704,20.41687378900646,39.297380174655025
1179,2,26,pitch_jump,1.0,0.17681168389686913,29.856563448550244,39.297380174655025
1180,2,1,pitch_jump,1.0,0.0009969310613662699,13.089046031227317,39.330711285914276
1180,2,2,pitch_jump,1.0,0.0696377622500246,16.70634188622767,39.330711285914276
1180,2,4,pitch_jump,1.0,0.0609796758697899,14.323989331934538,39.330711285914276
1180,2,7,pitch_jump,1.0,0.14474284711433927,13.078754009030593,39.330711285914276
1180,2,14,pitch_jump,1.0,0.058723499999877644,15.551025224131688,39.330711285914276
1180,2,20,pitch_jump,1.0,0.1429693952068334,12.910623634860693,39.330711285914276
1180,2,24,pitch_jump,1.0,0.02222155410454513,12.753430376085491,39.330711285914276
1182,2,4,pitch_jump,1.0,0.07065220203818895,17.30351489161901,39.39737350843277
1182,2,14,pitch_jump,1.0,0.06776361380245943,31.160143005274296,39.39737350843277
1182,2,19,pitch_jump,1.0,0.06724620271531041,22.883192677450666,39.39737350843277
1182,2,20,pitch_jump,1.0,0.30533016589082773,68.50551784410277,39.39737350843277
1182,2,24,pitch_jump,1.0,0.04478993924683837,13.967249386912314,39.39737350843277
1183,2,6,pitch_jump,1.0,0.11465534225313105,16.76335061592884,39.43070461969202
1183,2,14,pitch_jump,1.0,0.1715676469103528,18.205977708195405,39.43070461969202
1183,2,16,pitch_jump,1.0,0.15338498918003296,14.310282447861924,39.43070461969202
1183,2,20,pitch_jump,1.0,0.1587571480263536,33.42454081350858,39.43070461969202
1183,2,24,pitch_jump,1.0,0.046862446426937814,16.75152322735488,39.43070461969202
1184,1,1,pitch_jump,2.0,0.1603788626557115,12.149616395703735,39.464035730951274
1184,2,20,pitch_jump,1.0,0.05678209961792291,15.345711575518278,39.464035730951274
1185,2,2,pitch_jump,1.0,0.08841311674141725,16.948944954120062,39.49736684221052
1185,2,4,pitch_jump,1.0,0.062286891049050414,21.635446209916665,39.49736684221052
1185,2,14,pitch_jump,1.0,0.06857794668703408,15.453316229707525,39.49736684221052
1185,2,23,pitch_jump,1.0,0.01739030709865767,13.812333648826156,39.49736684221052
1186,1,1,pitch_jump,1.0,0.2020602311464853,12.453189916542428,39.53069795346977
1186,2,1,pitch_jump,2.0,0.01310548978088212,16.930496173648798,39.53069795346977
1186,2,6,pitch_jump,1.0,0.10689812276029943,16.28105813273295,39.53069795346977
1186,2,8,pitch_jump,1.0,0.049134522090442855,12.471482538588468,39.53069795346977
1186,2,14,pitch_jump,1.0,0.0230981274618607,12.026552306939104,39.53069795346977
1186,2,16,pitch_jump,1.0,0.16397142832364664,14.856889479768567,39.53069795346977
1186,2,19,pitch_jump,1.0,0.03613702683124312,15.188207222563944,39.53069795346977
1186,2,24,pitch_jump,1.0,0.026759997881556707,14.320219019605448,39.53069795346977
1187,2,2,pitch_jump,1.0,0.0565376431427764,13.049719424132237,39.56402906472902
1187,2,14,pitch_jump,1.0,0.032187052508388964,13.935028858274627,39.56402906472902
1187,2,19,pitch_jump,1.0,0.02716749671554429,17.338453208384806,39.56402906472902
1187,2,24,pitch_jump,1.0,0.04201306563391942,12.960684856320766,39.56402906472902
1188,1,1,pitch_jump,1.0,0.19539700785930544,13.975735627522575,39.59736017598827
1188,2,2,pitch_jump,1.0,0.15198118949883455,53.04293551739121,39.59736017598827
1189,1,1,pitch_jump,1.0,0.19150440951801076,32.17528618601821,39.630691287247515
1189,2,2,pitch_jump,1.0,0.12201636116662118,19.112678699087958,39.630691287247515
1189,2,3,pitch_jump,1.0,0.008244128532588229,36.35969092807661,39.630691287247515
1189,2,6,pitch_jump,1.0,0.10153433705737393,57.20244971037229,39.630691287247515
1189,2,7,pitch_jump,1.0,0.13313384686071236,24.4565001244954,39.630691287247515
1189,2,8,pitch_jump,1.0,0.02463520510619094,13.965114126218046,39.630691287247515
1189,2,14,pitch_jump,1.0,0.036896221631272874,20.049847697040246,39.630691287247515
1189,2,15,pitch_jump,1.0,0.042000888439575695,22.31244484627921,39.630691287247515
1189,2,16,pitch_jump,1.0,0.1371051372088844,50.98942401281574,39.630691287247515
1189,2,18,pitch_jump,1.0,0.09608130287718213,16.87836696965192,39.630691287247515
1189,2,20,pitch_jump,1.0,0.09681535255613714,16.639418649766462,39.630691287247515
1189,2,24,pitch_jump,1.0,0.04613987765385013,23.041958275622726,39.630691287247515
1189,2,26,pitch_jump,1.0,0.06616698821647651,19.160372170063614,39.630691287247515
1190,1,1,pitch_jump,1.0,0.05369584873515619,72.07416014792409,39.664022398506766
1190,2,2,pitch_jump,1.0,0.1523989336126753,49.175502454932825,39.664022398506766
1190,2,4,pitch_jump,1.0,0.05150938416550211,12.183453607132867,39.664022398506766
1190,2,6,pitch_jump,1.0,0.04311838781131048,66.03555214299557,39.664022398506766
1190,2,7,pitch_jump,1.0,0.07025884027999235,38.33082077761818,39.664022398506766
1190,2,8,pitch_jump,1.0,0.03471545047820738,20.524319043328916,39.664022398506766
1190,2,15,pitch_jump,1.0,0.012036783088177348,15.793151102170187,39.664022398506766
1190,2,16,pitch_jump,1.0,0.05238533658030895,70.63154638222719,39.664022398506766
1190,2,18,pitch_jump,1.0,0.05162471529473155,24.374730048958,39.664022398506766
1190,2,20,pitch_jump,1.0,0.015363825897722493,21.38429284469764,39.664022398506766
1190,2,26,pitch_jump,1.0,0.01664035843496996,21.91664192305768,39.664022398506766
1191,2,2,pitch_jump,1.0,0.15651494311655084,15.908699679670674,39.69735350976602
1191,2,3,pitch_jump,2.0,0.025431063822736678,17.55898749945419,39.69735350976602
1191,2,6,pitch_jump,1.0,0.09469162826327145,12.214713646792255,39.69735350976602
1191,2,14,pitch_jump,1.0,0.09569842041261431,12.507223109633552,39.69735350976602
1191,2,16,pitch_jump,1.0,0.1306464605511244,15.40847365392668,39.69735350976602
1192,2,2,pitch_jump,1.0,0.1686588637680719,24.7791473544109,39.73068462102527
1192,2,4,pitch_jump,1.0,0.0848967474431674,13.55238584193595,39.73068462102527
1192,2,6,pitch_jump,1.0,0.09423935844967886,13.434805034371776,39.73068462102527
1192,2,7,pitch_jump,1.0,0.1292291249050797,15.535984735307418,39.73068462102527
1192,2,14,pitch_jump,1.0,0.05888349648296426,17.585646857231144,39.73068462102527
1192,2,26,pitch_jump,1.0,0.04653226594632577,12.902836090611146,39.73068462102527
1193,2,7,pitch_jump,1.0,0.048573190140941955,12.165019909809663,39.76401573228451
1193,2,14,pitch_jump,1.0,0.026965151417220362,15.241675939716647,39.76401573228451
1193,2,20,pitch_jump,1.0,0.008172538394404412,13.300162050591162,39.76401573228451
1193,2,24,pitch_jump,1.0,0.05488289049848718,16.106288387759843,39.76401573228451
1194,2,2,pitch_jump,1.0,0.16691993574501132,28.928440176509575,39.797346843543764
1194,2,4,pitch_jump,1.0,0.09512337724649207,13.695885778973949,39.797346843543764
1194,2,5,pitch_jump,1.0,0.054668688929854145,16.80857334759198,39.797346843543764
1194,2,6,pitch_jump,1.0,0.09003474593184824,60.384370279751934,39.797346843543764
1194,2,7,pitch_jump,1.0,0.1254723748335932,43.75060775509786,39.797346843543764
1194,2,8,pitch_jump,1.0,0.03731889666624767,19.878154771113596,39.797346843543764
1194,2,14,pitch_jump,1.0,0.014854562317467826,19.814669810509102,39.797346843543764
1194,2,15,pitch_jump,1.0,0.02458074695990404,15.8555004902697,39.797346843543764
1194,2,16,pitch_jump,1.0,0.1206421011656596,69.44633813371749,39.797346843543764
1194,2,18,pitch_jump,1.0,0.12001329062316153,27.835958851836008,39.797346843543764
1194,2,19,pitch_jump,1.0,0.04361913121966332,26.16666164940167,39.797346843543764
1194,2,20,pitch_jump,1.0,0.08615344089247384,21.367764540905647,39.797346843543764
1194,2,23,pitch_jump,1.0,0.023208163910910427,13.335321419230153,39.797346843543764
1194,2,24,pitch_jump,1.0,0.0200980248120746,19.29572252714718,39.797346843543764
1194,2,26,pitch_jump,1.0,0.07884966400772414,15.219443965550422,39.797346843543764
1195,2,2,pitch_jump,1.0,0.15265050877510744,19.876949978170718,39.830677954803015
1196,2,14,pitch_jump,1.0,0.036779335480895625,16.50774993560184,39.864009066062266
1196,2,24,pitch_jump,1.0,0.007602709555380534,15.09310558173025,39.864009066062266
1197,2,7,pitch_jump,1.0,0.12194628792952593,14.948756706987844,39.89734017732151
1197,2,16,pitch_jump,1.0,0.13839778760084498,14.975911585445866,39.89734017732151
1197,2,20,pitch_jump,1.0,0.03655164352933012,13.361546020820583,39.89734017732151
1198,2,2,pitch_jump,1.0,0.17899531613391864,12.09312361935114,39.93067128858076
1198,2,4,pitch_jump,1.0,0.12465471912430422,17.600717617513897,39.93067128858076
1198,2,6,pitch_jump,1.0,0.08701347039745895,16.446887531086304,39.93067128858076
1198,2,7,pitch_jump,1.0,0.13052527964131033,12.61357212118297,39.93067128858076
1198,2,10,pitch_jump,1.0,0.03851213695201507,12.813638192828188,39.93067128858076
1198,2,16,pitch_jump,1.0,0.07667319734902123,15.753410748278755,39.93067128858076
1198,2,24,pitch_jump,1.0,0.04343823861018307,23.5136993415417,39.93067128858076
1199,2,2,pitch_jump,1.0,0.11350956063637425,23.77875562308682,39.96400239984001
1199,2,4,pitch_jump,1.0,0.06561333261741689,13.921309362666566,39.96400239984001
1199,2,14,pitch_jump,1.0,0.028364742476987215,17.025784257320215,39.96400239984001
1200,2,4,pitch_jump,1.0,0.12227017944780236,14.07700462317798,39.997333511099264
1200,2,5,pitch_jump,1.0,0.0629863770442081,14.269872651085494,39.997333511099264
1200,2,6,pitch_jump,1.0,0.07313631431008735,12.844078293221802,39.997333511099264
1200,2,8,pitch_jump,1.0,0.04056263793519254,12.69337481159784,39.997333511099264
1200,2,10,pitch_jump,1.0,0.03703767282313687,18.043071360698814,39.997333511099264
1200,2,14,pitch_jump,1.0,0.034336163573032236,22.39765419829096,39.997333511099264
1200,2,15,pitch_jump,1.0,0.04006401029358079,12.476782509908778,39.997333511099264
1200,2,19,pitch_jump,1.0,0.028307972951708348,13.248324585815645,39.997333511099264
1200,2,20,pitch_jump,1.0,0.09167537080120892,12.819445836932728,39.997333511099264
1200,2,24,pitch_jump,1.0,0.027332527367151284,14.95277694596465,39.997333511099264
1201,2,2,pitch_jump,1.0,0.16581527479032065,14.760750140389103,40.03066462235851
1201,2,14,pitch_jump,1.0,0.03291115851943615,14.93888846269078,40.03066462235851
1201,2,24,pitch_jump,1.0,0.015544901776209074,12.767994887391826,40.03066462235851
1202,2,2,pitch_jump,1.0,0.10087666803489082,27.261896499935975,40.06399573361776
1202,2,4,pitch_jump,1.0,0.0909634562104764,14.285431624598672,40.06399573361776
1202,2,10,pitch_jump,1.0,0.025373088090238537,12.827634896303133,40.06399573361776
1202,2,14,pitch_jump,1.0,0.05909005440443366,15.217887742368111,40.06399573361776
1202,2,24,pitch_jump,1.0,0.003336956231006801,12.997658270956562,40.06399573361776
1203,2,4,pitch_jump,1.0,0.14682835671527525,24.466484877630794,40.09732684487701
1203,2,6,pitch_jump,1.0,0.09436159246464662,17.093486395638276,40.09732684487701
1203,2,7,pitch_jump,1.0,0.13501915185029076,14.100104494954241,40.09732684487701
1203,2,10,pitch_jump,1.0,0.012013566755200582,12.47695330673901,40.09732684487701
1203,2,19,pitch_jump,1.0,0.05264757102937014,13.004075483232027,40.09732684487701
1204,2,2,pitch_jump,1.0,0.15781052640462193,26.004880932354933,40.13065795613626
1204,2,6,pitch_jump,1.0,0.08779738653280106,15.36247094421288,40.13065795613626
1204,2,24,pitch_jump,1.0,0.042345689585698634,14.387325035326562,40.13065795613626
1205,2,2,pitch_jump,1.0,0.1085944090587802,42.389181237548264,40.163989067395505
1205,2,4,pitch_jump,1.0,0.1132524691102284,21.060333005983008,40.163989067395505
1205,2,19,pitch_jump,1.0,0.0289726144857738,17.87997856200629,40.163989067395505
1205,2,23,pitch_jump,1.0,0.0222826982027929,14.770907592387978,40.163989067395505
1205,2,24,pitch_jump,1.0,0.051938748724359385,20.966481161599276,40.163989067395505
1206,2,10,pitch_jump,1.0,0.03466457428912909,12.268845481261016,40.197320178654756
1206,2,14,pitch_jump,1.0,0.029830019979744216,13.963120496082517,40.197320178654756
1206,2,15,pitch_jump,1.0,0.017343761648276643,12.62499219237848,40.197320178654756
1206,2,19,pitch_jump,1.0,0.04023892913059734,13.648551956605266,40.197320178654756
1206,2,20,pitch_jump,1.0,0.053220912447145226,12.117563278134984,40.197320178654756
1206,2,24,pitch_jump,1.0,0.027750450541446047,16.409667580426262,40.197320178654756
1207,2,2,pitch_jump,1.0,0.19800202592747937,22.239092952919364,40.23065128991401
1207,2,6,pitch_jump,1.0,0.08900909469432325,17.58722518930861,40.23065128991401
1207,2,7,pitch_jump,1.0,0.11736279411726959,15.27154111464299,40.23065128991401
1207,2,14,pitch_jump,1.0,0.06818159984145385,14.78805631027243,40.23065128991401
1208,2,6,pitch_jump,1.0,0.03364309930384385,15.241600623796856,40.26398240117326
1208,2,24,pitch_jump,1.0,0.07927055625659922,14.009967772456047,40.26398240117326
1209,2,2,pitch_jump,1.0,0.15687268167876117,14.909868458791543,40.2973135124325
1209,2,19,pitch_jump,1.0,0.06518304199033462,21.308086983554947,40.2973135124325
1210,2,6,pitch_jump,1.0,0.07298497526941458,12.580951643131081,40.330644623691754
1210,2,8,pitch_jump,1.0,0.037766954475257845,17.888124286928967,40.330644623691754
1210,2,10,pitch_jump,1.0,0.015282008605178931,12.597019266405972,40.330644623691754
1210,2,14,pitch_jump,1.0,0.061949222806119426,12.615504624934562,40.330644623691754
1210,2,23,pitch_jump,1.0,0.03659826155871777,13.10706529781194,40.330644623691754
1210,2,24,pitch_jump,1.0,0.020024026081522945,15.70123861827215,40.330644623691754
1211,2,2,pitch_jump,1.0,0.09618753281367604,15.553021068993132,40.363975734951005
1211,2,4,pitch_jump,1.0,0.11716884861141666,15.654131748475631,40.363975734951005
1211,2,5,pitch_jump,1.0,0.012130494250869059,13.881037381901564,40.363975734951005
1211,2,7,pitch_jump,1.0,0.026028076868330124,12.674806669796954,40.363975734951005
1211,2,8,pitch_jump,1.0,0.047763863858642286,18.742765878781686,40.363975734951005
1211,2,14,pitch_jump,1.0,0.06543399082956607,14.465533136005451,40.363975734951005
1211,2,18,pitch_jump,1.0,0.04365553452870243,19.863914361571634,40.363975734951005
1211,2,20,pitch_jump,1.0,0.012937575080825416,13.541751407678818,40.363975734951005
1211,2,24,pitch_jump,1.0,0.03640728419039772,20.951535615639074,40.363975734951005
1212,2,8,pitch_jump,1.0,0.02769844655004102,12.016191817430377,40.397306846210256
1212,2,14,pitch_jump,1.0,0.07998669333782307,28.68845967529484,40.397306846210256
1212,2,19,pitch_jump,1.0,0.10313206069361888,27.054996933929655,40.397306846210256
1212,2,24,pitch_jump,1.0,0.024456512057050555,15.976728026715177,40.397306846210256
1213,2,6,pitch_jump,1.0,0.056373058685330615,12.43715519142664,40.4306379574695
1213,2,10,pitch_jump,1.0,0.032816427797638326,12.85554665786692,40.4306379574695
1213,2,14,pitch_jump,1.0,0.0880979827299046,22.394216777418315,40.4306379574695
1213,2,19,pitch_jump,1.0,0.049790212041295,15.566605232967875,40.4306379574695
1213,2,24,pitch_jump,1.0,0.04193477652504649,19.374394247346103,40.4306379574695
1214,2,24,pitch_jump,1.0,0.057837457048015906,13.231029109319579,40.46396906872875
1215,2,6,pitch_jump,1.0,0.07422767747771046,20.42821090363199,40.497300179988
1215,2,7,pitch_jump,1.0,0.1091328901868626,19.894518345555337,40.497300179988
1215,2,8,pitch_jump,1.0,0.18510668649459622,42.492187637372915,40.497300179988
1215,2,10,pitch_jump,1.0,0.05581290093528607,18.141159861277696,40.497300179988
1215,2,18,pitch_jump,1.0,0.08349312820158651,16.344032861933766,40.497300179988
1215,2,20,pitch_jump,1.0,0.04185594699182031,13.339842728932014,40.497300179988
1216,2,5,pitch_jump,1.0,0.03177438148105419,16.210882200035766,40.53063129124725
1216,2,6,pitch_jump,1.0,0.059876386926909504,18.850555582217137,40.53063129124725
1216,2,7,pitch_jump,1.0,0.07478008815838286,20.694561393873656,40.53063129124725
1216,2,10,pitch_jump,1.0,0.06877366999133026,19.191856557029038,40.53063129124725
1216,2,14,pitch_jump,1.0,0.07922192975826184,20.98584274684321,40.53063129124725
1216,2,15,pitch_jump,1.0,0.02602972499149152,14.196632890628363,40.53063129124725
1216,2,18,pitch_jump,1.0,0.06091385426935731,16.722108180190162,40.53063129124725
1216,2,20,pitch_jump,1.0,0.02899695077643276,18.99144674698605,40.53063129124725
1217,2,8,pitch_jump,2.0,0.03460761083081642,12.070959167689704,40.5639624025065
1217,2,19,pitch_jump,1.0,0.03694119744823516,17.20482829316598,40.5639624025065
1218,2,14,pitch_jump,1.0,0.03344979942531493,16.41363600956742,40.59729351376575
1218,2,24,pitch_jump,1.0,0.02386566922182281,14.8305219897163,40.59729351376575
1219,2,7,pitch_jump,1.0,0.10259760488035137,14.481014269216812,40.630624625025
1219,2,8,pitch_jump,1.0,0.06424209294030422,21.590188955956492,40.630624625025
1219,2,14,pitch_jump,1.0,0.05495546398810382,26.128614045358145,40.630624625025
1219,2,18,pitch_jump,1.0,0.09133867198351266,13.893465809092987,40.630624625025
1219,2,20,pitch_jump,1.0,0.07496300159313414,14.562293176518418,40.630624625025
1219,2,24,pitch_jump,1.0,0.07196166336433751,31.89542482552376,40.630624625025
1220,2,14,pitch_jump,1.0,0.23406075705709162,52.09480258537075,40.66395573628425
1220,2,24,pitch_jump,1.0,0.09775420315866541,24.116571288003698,40.66395573628425
1221,2,2,pitch_jump,1.0,0.1331738385433093,17.206018994649888,40.6972868475435
1221,2,6,pitch_jump,1.0,0.07349532787333089,12.080064634998363,40.6972868475435
1221,2,14,pitch_jump,1.0,0.08791719799999695,12.917554133769627,40.6972868475435
1221,2,15,pitch_jump,1.0,0.03331557503557886,13.880334348583382,40.6972868475435
1221,2,20,pitch_jump,1.0,0.08179200737237476,12.462707892851663,40.6972868475435
1221,2,23,pitch_jump,1.0,0.03739749932431355,13.85855019644176,40.6972868475435
1221,2,24,pitch_jump,1.0,0.10007913183776908,40.10021809917907,40.6972868475435
1222,2,14,pitch_jump,1.0,0.09615436026546424,16.581465660619163,40.730617958802746
1222,2,24,pitch_jump,1.0,0.08990425473522226,12.055305654438857,40.730617958802746
1223,2,2,pitch_jump,1.0,0.0768024929198045,14.443856257217458,40.763949070062
1223,2,19,pitch_jump,5.0,0.052124869682371545,14.808624400357074,40.763949070062
1223,2,24,pitch_jump,1.0,0.07611081856843908,16.823234046054502,40.763949070062
1224,2,6,pitch_jump,1.0,0.09032621191665027,29.16525983842965,40.79728018132125
1224,2,14,pitch_jump,1.0,0.05321773468612849,32.44166067834696,40.79728018132125
1224,2,19,pitch_jump,1.0,0.0693817822320398,15.198629462387988,40.79728018132125
1224,2,20,pitch_jump,1.0,0.0805797927204524,17.00693283094141,40.79728018132125
1224,2,24,pitch_jump,1.0,0.12435330433437645,52.93630925789433,40.79728018132125
1225,2,2,pitch_jump,1.0,0.14053012323696418,19.470710861965177,40.8306112925805
1225,2,4,pitch_jump,1.0,0.08685360259152851,12.81641683943277,40.8306112925805
1225,2,5,pitch_jump,1.0,0.057861221730756314,12.595899713263176,40.8306112925805
1225,2,6,pitch_jump,1.0,0.07548845198818435,12.815346711524867,40.8306112925805
1225,2,8,pitch_jump,1.0,0.01814133354856453,15.37989448745406,40.8306112925805
1225,2,14,pitch_jump,1.0,0.06652239470167158,20.513139981355515,40.8306112925805
1225,2,23,pitch_jump,1.0,0.005527438424634442,16.908771831705923,40.8306112925805
1225,2,24,pitch_jump,1.0,0.043096769005479964,19.57760442256293,40.8306112925805
1226,2,5,pitch_jump,1.0,0.025300878927481382,15.14543899674052,40.863942403839744
1226,2,6,pitch_jump,1.0,0.035867117767571614,12.66061766516022,40.863942403839744
1226,2,8,pitch_jump,1.0,0.008424920027630301,14.404064720729266,40.863942403839744
1226,2,10,pitch_jump,1.0,0.014826386800637727,19.16896584608507,40.863942403839744
1226,2,14,pitch_jump,1.0,0.05923685577441105,22.33175433230763,40.863942403839744
1226,2,15,pitch_jump,1.0,0.015075280975497901,16.375556943985103,40.863942403839744
1226,2,18,pitch_jump,1.0,0.017589215871873034,14.354500151434866,40.863942403839744
1226,2,19,pitch_jump,1.0,0.014609360851805395,17.372267829680897,40.863942403839744
1226,2,20,pitch_jump,1.0,0.01310460704912183,16.545180354399285,40.863942403839744
1226,2,23,pitch_jump,1.0,0.017456451303142474,15.463755346866034,40.863942403839744
1226,2,24,pitch_jump,1.0,0.03138806498061445,20.896064470192055,40.863942403839744
1226,2,26,pitch_jump,1.0,0.01227303163166424,16.562805264454404,40.863942403839744
1227,2,19,pitch_jump,1.0,0.14477752842608968,41.29437187051141,40.897273515098995
1228,2,14,pitch_jump,1.0,0.11136396383320818,21.210685810566876,40.930604626358246
1228,2,24,pitch_jump,1.0,0.10251134945911419,20.449356458370783,40.930604626358246
1229,2,20,pitch_jump,1.0,0.024418327545729243,12.135195675426317,40.9639357376175
1230,2,2,pitch_jump,1.0,0.10659672316288545,12.183865978425384,40.99726684887674
1230,2,14,pitch_jump,1.0,0.06911797352613433,13.578858618345285,40.99726684887674
1231,2,1,pitch_jump,1.0,0.09019853828006492,78.33448091508468,41.03059796013599
1231,2,2,pitch_jump,1.0,0.11205986298454003,32.758528920798945,41.03059796013599
1231,2,4,pitch_jump,1.0,0.06817902088295386,26.532627572521523,41.03059796013599
1231,2,5,pitch_jump,1.0,0.05098087663342735,45.3425355695235,41.03059796013599
1231,2,6,pitch_jump,1.0,0.04474142932711879,87.93420816639976,41.03059796013599
1231,2,8,pitch_jump,1.0,0.024923621864411744,45.46877973501023,41.03059796013599
1231,2,10,pitch_jump,1.0,0.015848008416710597,36.513991524018735,41.03059796013599
1231,2,14,pitch_jump,1.0,0.12578047894257993,63.33002865506058,41.03059796013599
1231,2,15,pitch_jump,1.0,0.04760519881473702,33.9856713188834,41.03059796013599
1231,2,17,pitch_jump,1.0,0.020290601725435918,27.026542802004478,41.03059796013599
1231,2,18,pitch_jump,1.0,0.059053630257232266,72.60394369629971,41.03059796013599
1231,2,19,pitch_jump,1.0,0.022127866112917064,52.59787286353757,41.03059796013599
1231,2,20,pitch_jump,1.0,0.0637435429008698,53.854442446541384,41.03059796013599
1231,2,23,pitch_jump,1.0,0.012802814199387478,16.368311505680914,41.03059796013599
1231,2,24,pitch_jump,1.0,0.07035908408201066,57.13046861925636,41.03059796013599
1231,2,26,pitch_jump,1.0,0.03319685040366689,47.83837495162064,41.03059796013599
1232,2,19,pitch_jump,1.0,0.06216652907572091,14.490148931214058,41.06392907139524
1234,2,17,pitch_jump,1.0,0.04154029182283083,12.242234149277406,41.13059129391374
1234,2,23,pitch_jump,1.0,0.018316701446726574,14.078289006118915,41.13059129391374
1236,2,2,pitch_jump,1.0,0.10551232339734744,18.335916271036456,41.19725351643224
1236,2,4,pitch_jump,1.0,0.09189932411102493,18.7053823763249,41.19725351643224
1237,2,3,pitch_jump,1.0,0.017906516270407628,15.687770528469015,41.23058462769149
1238,2,2,pitch_jump,1.0,0.0473229444003229,18.48113965062706,41.263915738950736
1238,2,4,pitch_jump,1.0,0.023720666368536536,17.25513664988389,41.263915738950736
1238,2,10,pitch_jump,1.0,0.015192733379056782,13.070878297031022,41.263915738950736
1238,2,14,pitch_jump,1.0,0.03873004218502793,20.422579394774843,41.263915738950736
1238,2,24,pitch_jump,1.0,0.02740259289359611,15.770836947445721,41.263915738950736
1239,2,1,pitch_jump,1.0,0.07006800699481747,15.576401020878253,41.29724685020999
1239,2,2,pitch_jump,1.0,0.12223326244734793,12.74286616892277,41.29724685020999
1239,2,4,pitch_jump,1.0,0.08325767574350519,18.05472519328435,41.29724685020999
1239,2,5,pitch_jump,1.0,0.07245153848862157,13.622308035518216,41.29724685020999
1239,2,8,pitch_jump,1.0,0.006173573644634202,15.989420181757877,41.29724685020999
1239,2,10,pitch_jump,1.0,0.023907141080003146,15.879793634557313,41.29724685020999
1239,2,14,pitch_jump,1.0,0.049711890644416716,27.6692395178541,41.29724685020999
1239,2,15,pitch_jump,1.0,0.04524826452808846,19.435460071243764,41.29724685020999
1239,2,17,pitch_jump,1.0,0.029432040169233734,14.885185723613684,41.29724685020999
1239,2,18,pitch_jump,1.0,0.10479789683459817,14.237164309306305,41.29724685020999
1239,2,19,pitch_jump,1.0,0.04750932039370349,18.991145778042394,41.29724685020999
1239,2,20,pitch_jump,1.0,0.08482599982007068,17.42481557459037,41.29724685020999
1239,2,23,pitch_jump,1.0,0.065692916482532,26.810517397952378,41.29724685020999
1239,2,24,pitch_jump,1.0,0.013576498616671616,13.024740288984368,41.29724685020999
1239,2,26,pitch_jump,1.0,0.0457371236951874,13.04172840845486,41.29724685020999
1240,2,2,pitch_jump,1.0,0.1181435480415929,12.512493327550974,41.33057796146924
1240,2,3,pitch_jump,1.0,0.04879616632620038,12.066716288850472,41.33057796146924
1240,2,14,pitch_jump,1.0,0.07177063193730933,13.517713120186151,41.33057796146924
1242,2,1,pitch_jump,1.0,0.08693835389878064,12.31323152092627,41.39724018398773
1242,2,14,pitch_jump,1.0,0.06807364205472706,12.585116090046665,41.39724018398773
1242,2,24,pitch_jump,1.0,0.07056414232455128,12.907535628820204,41.39724018398773
1243,2,14,pitch_jump,1.0,0.10173975594738469,28.039398490531156,41.430571295246985
1243,2,15,pitch_jump,1.0,0.05092984731014782,13.208124419713375,41.430571295246985
1243,2,18,pitch_jump,1.0,0.07220882321284149,12.133936811654571,41.430571295246985
1243,2,23,pitch_jump,1.0,0.010824813411784422,12.21425320093474,41.430571295246985
1243,2,24,pitch_jump,1.0,0.018961566895779103,12.887529125635682,41.430571295246985
1244,2,1,pitch_jump,1.0,0.03182506080819685,16.310221180284803,41.463902406506236
1244,2,18,pitch_jump,1.0,0.014462487429807703,12.992131958004121,41.463902406506236
1244,2,20,pitch_jump,1.0,0.009425565091322948,13.48413205952629,41.463902406506236
1246,2,1,pitch_jump,1.0,0.07875466843594685,12.242177221620373,41.53056462902473
1246,2,14,pitch_jump,1.0,0.08574247099224479,35.347216483544344,41.53056462902473
1248,2,2,pitch_jump,1.0,0.11692066256441881,13.12168432495593,41.59722685154323
1248,2,3,pitch_jump,1.0,0.057591906319592795,13.607969337130397,41.59722685154323
1248,2,4,pitch_jump,1.0,0.1489155903819448,19.542419213036414,41.59722685154323
1248,2,10,pitch_jump,1.0,0.00926346923172179,13.823942494558818,41.59722685154323
1248,2,14,pitch_jump,1.0,0.011917368891604272,15.668867032658161,41.59722685154323
1248,2,23,pitch_jump,1.0,0.023936342554906277,14.257428875264523,41.59722685154323
1248,2,24,pitch_jump,1.0,0.009498379406340749,15.954286411431777,41.59722685154323
1249,2,14,pitch_jump,1.0,0.13263284096374067,48.66357943240994,41.630557962802484
1249,2,24,pitch_jump,1.0,0.013657091731277072,13.47662640306321,41.630557962802484
1250,2,14,pitch_jump,1.0,0.15427594362984995,20.748995294309296,41.66388907406173
1251,2,4,pitch_jump,1.0,0.14119375647495552,14.965364391128494,41.69722018532098
1252,2,3,pitch_jump,1.0,0.04658832927040089,13.949678936676374,41.73055129658023
1252,2,11,pitch_jump,1.0,0.024231537580548863,12.387180415370441,41.73055129658023
1252,2,14,pitch_jump,1.0,0.08932360281822606,25.56684552655123,41.73055129658023
1252,2,24,pitch_jump,1.0,0.021360163507885842,14.904841377867578,41.73055129658023
1253,2,2,pitch_jump,1.0,0.05227834209668901,16.154625085882167,41.76388240783948
1253,2,18,pitch_jump,1.0,0.04529323135077546,14.655471481309647,41.76388240783948
1253,2,19,pitch_jump,1.0,0.025457077234170566,15.57528908822068,41.76388240783948
1253,2,20,pitch_jump,1.0,0.011893936816698245,16.86422514109582,41.76388240783948
1253,2,24,pitch_jump,1.0,0.035317833724764144,17.680682948381797,41.76388240783948
1254,2,4,pitch_jump,1.0,0.1961053556678586,15.080143406665114,41.797213519098726
1254,2,8,pitch_jump,1.0,0.013360290455697914,12.424272421451668,41.797213519098726
1254,2,14,pitch_jump,1.0,0.15392591209504167,56.45061082312052,41.797213519098726
1254,2,19,pitch_jump,1.0,0.029805965411148858,12.653878559297395,41.797213519098726
1254,2,20,pitch_jump,1.0,0.03037274870828724,12.453230676951419,41.797213519098726
1254,2,24,pitch_jump,1.0,0.012724312836433752,17.1907475974252,41.797213519098726
1255,2,2,pitch_jump,1.0,0.11816005435408129,14.132342727169021,41.83054463035798
1255,2,3,pitch_jump,1.0,0.04487708509016108,19.95671155328447,41.83054463035798
1255,2,4,pitch_jump,1.0,0.22059067080453137,13.390471249451721,41.83054463035798
1255,2,5,pitch_jump,1.0,0.07447491632296714,16.730344041821475,41.83054463035798
1255,2,10,pitch_jump,1.0,0.023650644715548938,20.91765913391061,41.83054463035798
1255,2,11,pitch_jump,1.0,0.04766513859141437,15.031617782935442,41.83054463035798
1255,2,14,pitch_jump,1.0,0.05371644859061305,30.51473181703136,41.83054463035798
1255,2,15,pitch_jump,1.0,0.048332385826248,22.641150923102522,41.83054463035798
1255,2,17,pitch_jump,1.0,0.051409393158728264,24.49583385872613,41.83054463035798
1255,2,19,pitch_jump,1.0,0.12683799105477175,48.786583257963336,41.83054463035798
1255,2,20,pitch_jump,1.0,0.02038177630924114,13.183672478123626,41.83054463035798
1255,2,23,pitch_jump,1.0,0.0318508370614427,21.4520532398192,41.83054463035798
1255,2,24,pitch_jump,1.0,0.05289368838241906,28.96517231940415,41.83054463035798
1256,2,4,pitch_jump,1.0,0.12773575210727192,13.764788678786829,41.86387574161723
1256,2,19,pitch_jump,1.0,0.10293705083120167,31.609346910102847,41.86387574161723
1257,2,1,pitch_jump,1.0,0.08668127471117354,13.655593034969689,41.89720685287648
1257,2,2,pitch_jump,1.0,0.11783386987492743,14.08209276316741,41.89720685287648
1257,2,4,pitch_jump,1.0,0.21413307122518319,19.87296059178286,41.89720685287648
1257,2,17,pitch_jump,1.0,0.04355229379741063,13.247476688739775,41.89720685287648
1257,2,19,pitch_jump,1.0,0.05609888660642129,19.092489458450032,41.89720685287648
1257,2,24,pitch_jump,1.0,0.017881875267603757,14.398077439692972,41.89720685287648
1258,2,2,pitch_jump,1.0,0.12276926555506044,12.713029581822962,41.93053796413572
1258,2,8,pitch_jump,1.0,0.03125991532791992,14.533002399608401,41.93053796413572
1258,2,10,pitch_jump,1.0,0.08236092873623418,27.94131497315525,41.93053796413572
1258,2,11,pitch_jump,1.0,0.03884206267906555,18.516043331921843,41.93053796413572
1258,2,14,pitch_jump,1.0,0.06309175375045897,21.772926023005606,41.93053796413572
1258,2,19,pitch_jump,1.0,0.02113627235571908,13.87319175285243,41.93053796413572
1258,2,24,pitch_jump,1.0,0.03362851983142086,21.17957989873927,41.93053796413572
1259,2,20,pitch_jump,1.0,0.03362373524986927,12.132794811596417,41.963869075394975
1260,2,1,pitch_jump,1.0,0.02851656843704089,26.53460465717292,41.997200186654226
1260,2,2,pitch_jump,1.0,0.13160691889195,14.249016670556848,41.997200186654226
1260,2,10,pitch_jump,1.0,0.03958073058243853,21.935628760147964,41.997200186654226
1260,2,14,pitch_jump,1.0,0.013780203241082338,15.720550740209498,41.997200186654226
1260,2,18,pitch_jump,1.0,0.0663852470164831,22.871504274332363,41.997200186654226
1260,2,23,pitch_jump,1.0,0.02199468058934061,12.195568258687185,41.997200186654226
1260,2,24,pitch_jump,1.0,0.004316386246479116,16.651559831651603,41.997200186654226
1261,2,1,pitch_jump,1.0,0.021037777487814397,20.38153275956132,42.03053129791348
1261,2,2,pitch_jump,1.0,0.1230205396343487,26.947705658167575,42.03053129791348
1261,2,3,pitch_jump,1.0,0.1448342466098332,36.82458489919008,42.03053129791348
1261,2,4,pitch_jump,1.0,0.25256628393013403,17.9573006822334,42.03053129791348
1261,2,5,pitch_jump,1.0,0.06285320149115331,13.218652152330721,42.03053129791348
1261,2,10,pitch_jump,1.0,0.02613854336888865,16.157197814367265,42.03053129791348
1261,2,14,pitch_jump,1.0,0.013842461263557251,26.730465335123935,42.03053129791348
1261,2,18,pitch_jump,1.0,0.06922948608116024,18.661819830575308,42.03053129791348
1261,2,24,pitch_jump,1.0,0.022149263334338243,27.505580321572758,42.03053129791348
1262,2,2,pitch_jump,1.0,0.05470012315261314,21.223001131214648,42.06386240917272
1262,2,3,pitch_jump,1.0,0.09975910013806225,22.604783553973338,42.06386240917272
1262,2,4,pitch_jump,1.0,0.11341575659697714,18.45921644371764,42.06386240917272
1262,2,14,pitch_jump,1.0,0.04364055881018694,15.722627726907287,42.06386240917272
1262,2,24,pitch_jump,1.0,0.04287942188061072,13.872180010410752,42.06386240917272
1263,2,2,pitch_jump,1.0,0.1274986177952349,15.250784982652041,42.09719352043197
1263,2,3,pitch_jump,1.0,0.260744613143076,51.901035739829425,42.09719352043197
1263,2,20,pitch_jump,1.0,0.06688651281445436,13.761853409747824,42.09719352043197
1263,2,24,pitch_jump,1.0,0.0362939526683205,17.642676429884983,42.09719352043197
1264,2,2,pitch_jump,1.0,0.11576641603678428,16.252970748230926,42.13052463169122
1264,2,3,pitch_jump,1.0,0.17922952290717675,23.437392924184167,42.13052463169122
1264,2,4,pitch_jump,1.0,0.19279886993070655,12.5110899774422,42.13052463169122
1264,2,11,pitch_jump,1.0,0.04465955789642531,13.256595294263025,42.13052463169122
1264,2,14,pitch_jump,1.0,0.0061028512595048615,16.65006028686186,42.13052463169122
1264,2,17,pitch_jump,1.0,0.00433049245419082,13.350988657859823,42.13052463169122
1264,2,23,pitch_jump,1.0,0.02365720341503206,14.228217743801723,42.13052463169122
1264,2,24,pitch_jump,1.0,0.042720346863343805,21.060740851877476,42.13052463169122
1265,2,3,pitch_jump,1.0,0.05327455164815635,18.3774050647671,42.163855742950474
1265,2,5,pitch_jump,1.0,0.039109815950575506,17.345113475527032,42.163855742950474
1265,2,11,pitch_jump,1.0,0.02040502786642661,14.81460711289883,42.163855742950474
1265,2,14,pitch_jump,1.0,0.04264266914826452,15.171845817523863,42.163855742950474
1265,2,17,pitch_jump,1.0,0.014926501253069591,15.99141022612868,42.163855742950474
1265,2,18,pitch_jump,1.0,0.0273789992427695,12.042298681270873,42.163855742950474
1265,2,19,pitch_jump,1.0,0.024088983095723215,17.29090392189551,42.163855742950474
1265,2,23,pitch_jump,1.0,0.022966442112187607,13.31629192600659,42.163855742950474
1265,2,24,pitch_jump,1.0,0.05808212683029411,13.08192136774619,42.163855742950474
1266,2,2,pitch_jump,1.0,0.13265402179325309,22.32896639567714,42.19718685420972
1266,2,3,pitch_jump,1.0,0.13991483761624401,12.730615322127987,42.19718685420972
1266,2,4,pitch_jump,1.0,0.1801336013944372,20.018190357536735,42.19718685420972
1266,2,5,pitch_jump,1.0,0.07973174573207935,15.088218406964168,42.19718685420972
1266,2,10,pitch_jump,1.0,0.054379519731736714,20.94425580754161,42.19718685420972
1266,2,14,pitch_jump,1.0,0.056402413307668715,25.26565765945687,42.19718685420972
1266,2,19,pitch_jump,1.0,0.06113258620718774,16.21406265187924,42.19718685420972
1266,2,24,pitch_jump,1.0,0.001469624007031379,16.33824609777941,42.19718685420972
1267,2,2,pitch_jump,1.0,0.12407667348841105,20.192591300572648,42.23051796546897
1267,2,4,pitch_jump,1.0,0.16785215504897322,18.919960167138044,42.23051796546897
1267,2,5,pitch_jump,1.0,0.07900613071725539,17.706710721933632,42.23051796546897
1267,2,10,pitch_jump,1.0,0.0630492194607703,30.354902697562373,42.23051796546897
1267,2,14,pitch_jump,1.0,0.020495165243104796,27.46208593239279,42.23051796546897
1267,2,15,pitch_jump,1.0,0.024378111083009076,13.226896140956574,42.23051796546897
1267,2,19,pitch_jump,1.0,0.06736668525189907,19.29697899483895,42.23051796546897
1267,2,20,pitch_jump,1.0,0.08049216729621317,16.065963480446143,42.23051796546897
1267,2,23,pitch_jump,1.0,0.05521618345586302,14.31586071470928,42.23051796546897
1267,2,24,pitch_jump,1.0,0.014774227523807783,28.29865733393615,42.23051796546897
1268,2,2,pitch_jump,1.0,0.059935354748269914,12.433367443412735,42.26384907672822
1268,2,4,pitch_jump,1.0,0.1092922662671703,13.026372747124379,42.26384907672822
1268,2,10,pitch_jump,1.0,0.05031759752511614,16.93871894279739,42.26384907672822
1268,2,14,pitch_jump,1.0,0.10159927722155414,33.2561535155313,42.26384907672822
1269,2,3,pitch_jump,1.0,0.4131678661839587,89.50920394442457,42.29718018798747
1269,2,8,pitch_jump,1.0,0.019809661494790638,17.346993638834,42.29718018798747
1269,2,14,pitch_jump,1.0,0.1023315485151785,28.16909608883844,42.29718018798747
1269,2,15,pitch_jump,1.0,0.05343134695433809,15.595463379764155,42.29718018798747
1269,2,18,pitch_jump,1.0,0.09493216859841797,24.266447594595817,42.29718018798747
1269,2,19,pitch_jump,1.0,0.04159447880240121,13.046933979909152,42.29718018798747
1269,2,20,pitch_jump,1.0,0.08054287313188635,14.658083377095105,42.29718018798747
1269,2,24,pitch_jump,1.0,0.026658298151448833,12.316589079570514,42.29718018798747
1269,2,26,pitch_jump,1.0,0.06229526838114054,21.02368302141101,42.29718018798747
1270,2,3,pitch_jump,1.0,0.1432676209360897,27.071742743845853,42.330511299246716
1270,2,4,pitch_jump,1.0,0.12459489369033361,13.344685842123972,42.330511299246716
1270,2,10,pitch_jump,1.0,0.07311069911430358,19.579894352953694,42.330511299246716
1270,2,23,pitch_jump,1.0,0.07991239376389601,19.861161819544055,42.330511299246716
1271,2,4,pitch_jump,1.0,0.07550862844870118,12.766448610954209,42.36384241050597
1271,2,23,pitch_jump,1.0,0.026003304413155216,15.943761761091267,42.36384241050597
1272,2,3,pitch_jump,1.0,0.08421560580043443,12.315593282087478,42.39717352176522
1272,2,4,pitch_jump,1.0,0.1381852683670359,12.520061765603167,42.39717352176522
1273,2,14,pitch_jump,1.0,0.11176988230903974,35.04612943708241,42.43050463302447
1273,2,23,pitch_jump,1.0,0.06567051873841284,15.025452157773453,42.43050463302447
1273,2,24,pitch_jump,1.0,0.09234290305315233,23.66786346367541,42.43050463302447
1274,2,14,pitch_jump,1.0,0.04358094529047035,14.201911401360642,42.46383574428371
1274,2,24,pitch_jump,1.0,0.11744180677910222,19.14063144683886,42.46383574428371
1275,2,4,pitch_jump,1.0,0.2928218534205938,42.855498778391954,42.497166855542964
1275,2,10,pitch_jump,1.0,0.05460472304664299,16.12746065420186,42.497166855542964
1275,2,14,pitch_jump,1.0,0.11569449665164226,38.684110925379564,42.497166855542964
1275,2,24,pitch_jump,1.0,0.06668388179690425,20.704669353501895,42.497166855542964
1276,2,4,pitch_jump,1.0,0.14402387441996192,37.746745003879006,42.530497966802216
1276,2,10,pitch_jump,1.0,0.48875491356212825,129.39958111191817,42.530497966802216
1276,2,14,pitch_jump,1.0,0.1351958005254461,41.38457577195942,42.530497966802216
1276,2,24,pitch_jump,1.0,0.08029659430533173,28.101471076311363,42.530497966802216
1277,2,10,pitch_jump,1.0,0.39197850105650156,96.35918243629342,42.56382907806147
1278,2,2,pitch_jump,1.0,0.0856201423630652,123.63034418857602,42.59716018932071
1278,2,3,pitch_jump,1.0,0.06356966398653906,107.69994855476875,42.59716018932071
1278,2,4,pitch_jump,1.0,0.16114188184700154,89.10359997707933,42.59716018932071
1278,2,5,pitch_jump,1.0,0.0800274236802962,124.42818760340963,42.59716018932071
1278,2,8,pitch_jump,1.0,0.014898317980097107,44.544779682189926,42.59716018932071
1278,2,10,pitch_jump,1.0,0.07120770508158554,36.80723951614553,42.59716018932071
1278,2,11,pitch_jump,1.0,0.04529997048803053,79.22402344230618,42.59716018932071
1278,2,14,pitch_jump,1.0,0.07846012987441152,146.06494323898576,42.59716018932071
1278,2,15,pitch_jump,1.0,0.02685050305587363,29.283182352820553,42.59716018932071
1278,2,17,pitch_jump,1.0,0.05338380676031404,81.7337052164968,42.59716018932071
1278,2,18,pitch_jump,1.0,0.06832944616828174,279.84398345312354,42.59716018932071
1278,2,19,pitch_jump,1.0,0.0752317500622561,81.85840925033452,42.59716018932071
1278,2,20,pitch_jump,1.0,0.08922071229690387,250.42922935742754,42.59716018932071
1278,2,23,pitch_jump,1.0,0.07993358278761278,97.35763000140204,42.59716018932071
1278,2,24,pitch_jump,1.0,0.03196236576581397,113.02297593837136,42.59716018932071
1278,2,26,pitch_jump,1.0,0.06850337252806538,78.91738833925339,42.59716018932071
1279,2,2,pitch_jump,1.0,0.08277232853179459,12.171483024648069,42.63049130057996
1279,2,10,pitch_jump,1.0,0.15598601624824934,49.94105962179734,42.63049130057996
1279,2,18,pitch_jump,1.0,0.0737176397306836,13.4543462669231,42.63049130057996
1279,2,19,pitch_jump,1.0,0.08576866134974738,12.695766105007108,42.63049130057996
1279,2,20,pitch_jump,1.0,0.08529716176485252,14.466033392112964,42.63049130057996
1279,2,23,pitch_jump,1.0,0.0800070635733214,16.65772918307182,42.63049130057996
1279,2,24,pitch_jump,1.0,0.03739349133272047,13.851447210984587,42.63049130057996
1280,2,2,pitch_jump,1.0,0.03470773205929989,12.93029952604803,42.66382241183921
1280,2,3,pitch_jump,1.0,0.008809169445912535,27.707554792107217,42.66382241183921
1280,2,4,pitch_jump,1.0,0.08021823552621825,14.805400271578625,42.66382241183921
1280,2,5,pitch_jump,1.0,0.011853478474249588,29.467730757033376,42.66382241183921
1280,2,8,pitch_jump,1.0,0.003906595633329037,20.159039588528262,42.66382241183921
1280,2,11,pitch_jump,1.0,0.0043894245628085015,16.2725063780251,42.66382241183921
1280,2,14,pitch_jump,1.0,0.027967946946557555,22.62347989892062,42.66382241183921
1280,2,15,pitch_jump,1.0,0.019299289576510503,15.783060219988606,42.66382241183921
1280,2,17,pitch_jump,1.0,0.020980396819364353,25.24561205431285,42.66382241183921
1280,2,18,pitch_jump,1.0,0.02730683179028971,50.154027041600436,42.66382241183921
1280,2,19,pitch_jump,1.0,0.029715482520575393,21.28114692770787,42.66382241183921
1280,2,20,pitch_jump,1.0,0.030524495441162706,44.30109482583451,42.66382241183921
1280,2,23,pitch_jump,1.0,0.043650043277841936,27.21953045739059,42.66382241183921
1280,2,24,pitch_jump,1.0,0.02574536200975728,18.55594672683557,42.66382241183921
1280,2,26,pitch_jump,1.0,0.02000757134533769,27.36357745857898,42.66382241183921
1281,2,2,pitch_jump,1.0,0.11198590141077625,13.423714718216727,42.697153523098464
1281,2,3,pitch_jump,1.0,0.04749519380963876,17.31107960028205,42.697153523098464
1281,2,5,pitch_jump,1.0,0.07282345962131462,18.110077687344365,42.697153523098464
1281,2,8,pitch_jump,1.0,0.04217680563424162,15.911777610145068,42.697153523098464
1281,2,11,pitch_jump,1.0,0.04101432939419104,13.665119407106756,42.697153523098464
1281,2,15,pitch_jump,1.0,0.06418325893378606,13.543249825659554,42.697153523098464
1281,2,17,pitch_jump,1.0,0.05522339279759434,13.917648539629308,42.697153523098464
1281,2,18,pitch_jump,1.0,0.11192978494852332,28.49812530481374,42.697153523098464
1281,2,19,pitch_jump,1.0,0.07089534620692398,14.855571660641628,42.697153523098464
1281,2,20,pitch_jump,1.0,0.0884676586979712,25.633290155519955,42.697153523098464
1281,2,26,pitch_jump,1.0,0.07000229534227373,18.823884772560824,42.697153523098464
1282,2,10,pitch_jump,1.0,0.04801329344390743,15.821541517322148,42.73048463435771
1282,2,14,pitch_jump,1.0,0.04105272631594639,21.25256337551724,42.73048463435771
1283,2,10,pitch_jump,1.0,0.20116980054112998,44.289948153842055,42.76381574561696
1283,2,18,pitch_jump,1.0,0.03844623867600275,14.146069545946785,42.76381574561696
1283,2,20,pitch_jump,1.0,0.018059037021755403,12.293021150488862,42.76381574561696
1283,2,23,pitch_jump,1.0,0.03848609823087671,14.624733804376943,42.76381574561696
1284,2,3,pitch_jump,1.0,0.07243167842543115,12.710578602235254,42.79714685687621
1284,2,10,pitch_jump,1.0,0.1075864380931494,28.655377612608653,42.79714685687621
1284,2,17,pitch_jump,1.0,0.05824300974994416,13.82825675397183,42.79714685687621
1284,2,18,pitch_jump,1.0,0.09469245589828564,12.680140845341695,42.79714685687621
1284,2,20,pitch_jump,1.0,0.07954898978671941,12.806663966784283,42.79714685687621
1284,2,23,pitch_jump,1.0,0.10186127312392258,13.472836934294476,42.79714685687621
1285,2,2,pitch_jump,1.0,0.14135299861769896,14.63360010314214,42.83047796813546
1285,2,3,pitch_jump,1.0,0.06732990167374558,17.274785696447246,42.83047796813546
1285,2,4,pitch_jump,1.0,0.054833036686486404,32.02314139378984,42.83047796813546
1285,2,5,pitch_jump,1.0,0.08418482386098804,12.637862041299378,42.83047796813546
1285,2,10,pitch_jump,1.0,0.04263375887204487,16.39615752922215,42.83047796813546
1285,2,14,pitch_jump,1.0,0.06284835095703578,26.572878770754006,42.83047796813546
1285,2,17,pitch_jump,1.0,0.050707767768839694,13.304534415714246,42.83047796813546
1285,2,24,pitch_jump,1.0,0.02402049568241796,23.666050861647175,42.83047796813546
1286,2,2,pitch_jump,1.0,0.05238146504092548,16.81917164541937,42.863809079394706
1286,2,5,pitch_jump,1.0,0.030936876755314122,16.686943647472646,42.863809079394706
1286,2,10,pitch_jump,1.0,0.02294619743865775,12.646115126121265,42.863809079394706
1286,2,18,pitch_jump,1.0,0.016684207719900555,19.949953284914926,42.863809079394706
1286,2,19,pitch_jump,1.0,0.025415574598095493,15.08491548268799,42.863809079394706
1286,2,20,pitch_jump,1.0,0.022987834243483482,26.613869234575297,42.863809079394706
1286,2,24,pitch_jump,1.0,0.028439234410823414,18.851920264141853,42.863809079394706
1287,2,2,pitch_jump,1.0,0.14837437843044732,15.642360926365848,42.89714019065396
1287,2,3,pitch_jump,1.0,0.10318604637769282,37.15388299337469,42.89714019065396
1287,2,4,pitch_jump,1.0,0.11510237654932912,15.760574734422955,42.89714019065396
1287,2,5,pitch_jump,1.0,0.08753775989896107,13.905425040864401,42.89714019065396
1287,2,10,pitch_jump,1.0,0.05347708096250879,18.42806085242143,42.89714019065396
1287,2,11,pitch_jump,1.0,0.029922516000619927,15.137885510517764,42.89714019065396
1287,2,18,pitch_jump,1.0,0.07362109076756515,12.493604231446966,42.89714019065396
1287,2,20,pitch_jump,1.0,0.10488317387171076,12.50951990289727,42.89714019065396
1287,2,23,pitch_jump,1.0,0.10111139408981687,13.645546278174765,42.89714019065396
1287,2,24,pitch_jump,1.0,0.004552576829404716,12.089637686804336,42.89714019065396
1288,2,2,pitch_jump,1.0,0.1110220419079762,22.766205688006913,42.93047130191321
1288,2,4,pitch_jump,1.0,0.16803704243391523,47.908259364085744,42.93047130191321
1288,2,5,pitch_jump,1.0,0.07241875868426823,15.359493046068105,42.93047130191321
1288,2,10,pitch_jump,1.0,0.040151769472373276,16.986383412574973,42.93047130191321
1288,2,14,pitch_jump,1.0,0.09099693114772023,19.973805312923695,42.93047130191321
1288,2,19,pitch_jump,1.0,0.09668045718754162,17.837214347214836,42.93047130191321
1288,2,20,pitch_jump,1.0,0.09214361128082019,15.373530280570137,42.93047130191321
1288,2,23,pitch_jump,1.0,0.0926325959495799,17.698811021452137,42.93047130191321
1289,2,1,pitch_jump,1.0,0.05103298231772454,32.520246661933214,42.96380241317246
1289,2,2,pitch_jump,1.0,0.0324870378354807,20.292567982578365,42.96380241317246
1289,2,4,pitch_jump,1.0,0.04809452730640356,19.32355103147052,42.96380241317246
1289,2,5,pitch_jump,1.0,0.02628283117545725,12.849126512293818,42.96380241317246
1289,2,10,pitch_jump,1.0,0.014248877867959036,15.694758461466117,42.96380241317246
1289,2,14,pitch_jump,1.0,0.018334607261871926,17.35212297092063,42.96380241317246
1289,2,17,pitch_jump,1.0,0.004225551960362052,12.833297146835656,42.96380241317246
1289,2,20,pitch_jump,1.0,0.029889013430278062,14.256634579714246,42.96380241317246
1289,2,24,pitch_jump,1.0,0.09073707240725253,21.87082966934519,42.96380241317246
1290,2,2,pitch_jump,1.0,0.12351615292433986,20.48718712725214,42.9971335244317
1290,2,4,pitch_jump,1.0,0.060330608373927314,12.469872004018772,42.9971335244317
1290,2,14,pitch_jump,1.0,0.0564484640947857,16.044348735606075,42.9971335244317
1290,2,20,pitch_jump,1.0,0.10086968726021332,12.972932911446033,42.9971335244317
1290,2,24,pitch_jump,1.0,0.06184431869317341,13.250037235357114,42.9971335244317
1291,2,4,pitch_jump,1.0,0.06193764902857759,13.938656268414928,43.030464635690954
1291,2,24,pitch_jump,1.0,0.03140346548602306,12.312379822745848,43.030464635690954
1292,2,2,pitch_jump,1.0,0.035122770230790315,13.156979189318287,43.063795746950206
1292,2,4,pitch_jump,1.0,0.029934061850773484,14.216556023237029,43.063795746950206
1292,2,14,pitch_jump,1.0,0.007861843583436907,13.199849269014416,43.063795746950206
1292,2,24,pitch_jump,1.0,0.043824481719295254,15.68816451642826,43.063795746950206
1293,2,3,pitch_jump,1.0,0.16404876147311986,17.31280785070689,43.09712685820946
1293,2,11,pitch_jump,1.0,0.03220527918580393,16.19449814840384,43.09712685820946
1293,2,17,pitch_jump,1.0,0.061797632068638385,21.16336110683932,43.09712685820946
1293,2,18,pitch_jump,1.0,0.08805325548738512,18.8626444792163,43.09712685820946
1293,2,20,pitch_jump,1.0,0.052833314197152495,22.371074017483647,43.09712685820946
1293,2,23,pitch_jump,1.0,0.1041107231231827,30.092677899409832,43.09712685820946
1294,2,2,pitch_jump,1.0,0.08231925885605232,15.431393836695303,43.1304579694687
1294,2,3,pitch_jump,1.0,0.08826203959219606,25.303135700818142,43.1304579694687
1294,2,4,pitch_jump,1.0,0.05627842470790612,15.189030509356144,43.1304579694687
1294,2,10,pitch_jump,1.0,0.059033353230909,12.596866310219873,43.1304579694687
1294,2,14,pitch_jump,1.0,0.03579282698979586,15.637725487833656,43.1304579694687
1294,2,18,pitch_jump,1.0,0.10176727311137562,14.366241910069137,43.1304579694687
1294,2,20,pitch_jump,1.0,0.0835157854838089,16.135610708529626,43.1304579694687
1294,2,24,pitch_jump,1.0,0.029930327191097825,20.071285478355254,43.1304579694687
1295,2,2,pitch_jump,1.0,0.014296088295469979,12.934274746494932,43.16378908072795
1295,2,14,pitch_jump,1.0,0.06102686549849935,16.223135667809274,43.16378908072795
1295,2,18,pitch_jump,1.0,0.04630453623003544,14.918625410567943,43.16378908072795
1295,2,20,pitch_jump,1.0,0.009585350760437754,17.32603434755589,43.16378908072795
1295,2,24,pitch_jump,1.0,0.02468655559904798,13.391411167520017,43.16378908072795
1296,2,1,pitch_jump,1.0,0.14622784300518496,23.537117908408998,43.1971201919872
1296,2,2,pitch_jump,1.0,0.06800294450378731,12.165994946232404,43.1971201919872
1296,2,4,pitch_jump,1.0,0.05918077347497359,13.694117707009259,43.1971201919872
1297,2,1,pitch_jump,1.0,0.12037049055237412,76.6427632631192,43.230451303246454
1297,2,2,pitch_jump,1.0,0.07874798448581746,27.029085458193812,43.230451303246454
1297,2,5,pitch_jump,1.0,0.06763943764253633,28.247075891155035,43.230451303246454
1297,2,14,pitch_jump,1.0,0.06028672496843071,15.28559776780966,43.230451303246454
1297,2,18,pitch_jump,1.0,0.09340582295041988,39.196714950647376,43.230451303246454
1297,2,19,pitch_jump,1.0,0.0997689970573992,24.986801412417638,43.230451303246454
1297,2,20,pitch_jump,1.0,0.08814942445668268,44.699636013200276,43.230451303246454
1297,2,24,pitch_jump,1.0,0.03890034107995557,19.01508164890884,43.230451303246454
1297,2,26,pitch_jump,1.0,0.07936720288989008,17.554935963159945,43.230451303246454
1298,2,1,pitch_jump,1.0,0.06255076970580672,17.739329159641354,43.2637824145057
1298,2,4,pitch_jump,1.0,0.02437515786707523,14.136513146661532,43.2637824145057
1298,2,14,pitch_jump,1.0,0.01823344367573946,12.569732269450993,43.2637824145057
1299,2,2,pitch_jump,1.0,0.11260412174737919,25.07163598585241,43.29711352576495
1299,2,10,pitch_jump,1.0,0.059326353059371895,23.041869139467746,43.29711352576495
1299,2,18,pitch_jump,1.0,0.09948812704469046,15.266018399398515,43.29711352576495
1299,2,20,pitch_jump,1.0,0.1031745874666446,15.471218347689245,43.29711352576495
1299,2,24,pitch_jump,1.0,0.1355414879425096,41.02946701493892,43.29711352576495
1300,2,2,pitch_jump,1.0,0.09767508344644349,23.580059484925272,43.3304446370242
1300,2,5,pitch_jump,1.0,0.055721019319912156,13.974438672843297,43.3304446370242
1300,2,14,pitch_jump,1.0,0.036070986930640515,15.873992485745857,43.3304446370242
1300,2,18,pitch_jump,1.0,0.08738083327120598,16.00633324525631,43.3304446370242
1300,2,19,pitch_jump,1.0,0.08384637965518878,12.396589747665265,43.3304446370242
1300,2,20,pitch_jump,1.0,0.09444560954809188,17.936959451614037,43.3304446370242
1300,2,23,pitch_jump,1.0,0.084856028274508,14.401474842542322,43.3304446370242
1300,2,24,pitch_jump,1.0,0.07020985278546073,25.09885411204236,43.3304446370242
1301,2,2,pitch_jump,1.0,0.05407264676040278,22.287435821059557,43.36377574828345
1301,2,10,pitch_jump,1.0,0.018465870524889114,14.76736554589434,43.36377574828345
1301,2,14,pitch_jump,1.0,0.0059952000164999,13.156884322734088,43.36377574828345
1301,2,24,pitch_jump,1.0,0.07435889175249845,17.504497873970266,43.36377574828345
1302,2,2,pitch_jump,1.0,0.11404660071920102,12.121880892045601,43.397106859542696
1302,2,3,pitch_jump,1.0,0.06372929847737589,18.298619403516586,43.397106859542696
1302,2,10,pitch_jump,1.0,0.05980886469557332,22.890330764420987,43.397106859542696
1302,2,18,pitch_jump,1.0,0.07133722936445605,36.34245959414634,43.397106859542696
1302,2,20,pitch_jump,1.0,0.09144776889831774,38.71913613073268,43.397106859542696
1302,2,23,pitch_jump,1.0,0.08502954591703119,17.31434229913937,43.397106859542696
1302,2,24,pitch_jump,1.0,0.011780312186863578,13.329213711791065,43.397106859542696
1303,2,2,pitch_jump,1.0,0.14094507109813514,15.392294001769942,43.43043797080195
1303,2,5,pitch_jump,1.0,0.061377162669090775,12.376314385534751,43.43043797080195
1303,2,10,pitch_jump,1.0,0.04694233361003578,18.614387057619,43.43043797080195
1303,2,15,pitch_jump,1.0,0.050963380992806846,12.705672294518578,43.43043797080195
1303,2,18,pitch_jump,1.0,0.06375229580656162,23.70475716416985,43.43043797080195
1303,2,20,pitch_jump,1.0,0.054564748906952135,23.985042055810315,43.43043797080195
1303,2,24,pitch_jump,1.0,0.05906030691716078,20.315630806069848,43.43043797080195
1304,2,2,pitch_jump,1.0,0.06503787699352799,15.077421932738046,43.4637690820612
1304,2,3,pitch_jump,1.0,0.022480035825639743,12.101677463281748,43.4637690820612
1304,2,14,pitch_jump,1.0,0.026663539869799174,16.175549284107774,43.4637690820612
1304,2,20,pitch_jump,1.0,0.010571418727048977,12.799593415756226,43.4637690820612
1304,2,24,pitch_jump,1.0,0.09208151850663647,17.531000813018714,43.4637690820612
1305,2,2,pitch_jump,1.0,0.1036683929391937,40.86684208718364,43.49710019332045
1305,2,24,pitch_jump,1.0,0.04804621457437317,15.714385325407617,43.49710019332045
1306,2,1,pitch_jump,1.0,0.10178658468491315,28.194299936435662,43.53043130457969
1306,2,2,pitch_jump,1.0,0.19087519036261907,58.097062092445995,43.53043130457969
1306,2,3,pitch_jump,1.0,0.05942065646693724,22.292082471937015,43.53043130457969
1306,2,4,pitch_jump,1.0,0.07267322383050555,14.668191314179227,43.53043130457969
1306,2,5,pitch_jump,1.0,0.05905609256037056,14.680714820641668,43.53043130457969
1306,2,8,pitch_jump,1.0,0.02309847705869046,12.97801018984694,43.53043130457969
1306,2,10,pitch_jump,1.0,0.02748266357657737,14.905314562197406,43.53043130457969
1306,2,15,pitch_jump,1.0,0.02216686998222633,12.65626726886159,43.53043130457969
1306,2,18,pitch_jump,1.0,0.01549349314246008,19.37022289660894,43.53043130457969
1306,2,19,pitch_jump,1.0,0.04015877441914544,14.882365194048415,43.53043130457969
1306,2,20,pitch_jump,1.0,0.08448300700007688,16.521825365754143,43.53043130457969
1306,2,23,pitch_jump,1.0,0.07379171103022084,12.318485135109764,43.53043130457969
1306,2,24,pitch_jump,1.0,0.11632193911921945,35.93779291583847,43.53043130457969
1306,2,26,pitch_jump,1.0,0.035311166353214296,12.041823415382174,43.53043130457969
1307,2,3,pitch_jump,1.0,0.022652158932600808,17.038187776882737,43.563762415838944
1307,2,10,pitch_jump,1.0,0.011764104366149691,12.322617260341973,43.563762415838944
1307,2,24,pitch_jump,1.0,0.10097878990289322,17.326145022907852,43.563762415838944
1308,2,2,pitch_jump,1.0,0.10387670207528515,43.592362273742275,43.597093527098195
1308,2,3,pitch_jump,1.0,0.031353504206521665,17.62110194077067,43.597093527098195
1308,2,4,pitch_jump,1.0,0.08224670639977849,19.344154798886212,43.597093527098195
1308,2,10,pitch_jump,1.0,0.03029827901441518,17.196133088691187,43.597093527098195
1308,2,14,pitch_jump,4.0,0.050541577037642435,13.729903353769844,43.597093527098195
1308,2,17,pitch_jump,1.0,0.04534035469937385,13.389276310154445,43.597093527098195
1308,2,23,pitch_jump,1.0,0.07218969953105377,14.525891261550107,43.597093527098195
1308,2,24,pitch_jump,1.0,0.06507113991316396,17.400720493075667,43.597093527098195
1309,2,20,pitch_jump,1.0,0.025947762291712115,15.87480685502139,43.63042463835745
1309,2,24,pitch_jump,1.0,0.2895439194234828,20.25833708284043,43.63042463835745
1310,2,2,pitch_jump,1.0,0.03366878072918801,12.992684264375367,43.66375574961669
1310,2,4,pitch_jump,1.0,0.047683088735157315,12.527471078744725,43.66375574961669
1310,2,14,pitch_jump,1.0,0.14734992383203396,47.89240659353949,43.66375574961669
1310,2,24,pitch_jump,1.0,0.04088913459113366,15.630851185126714,43.66375574961669
1311,2,2,pitch_jump,1.0,0.08991457320615595,35.86991393874197,43.69708686087594
1311,2,3,pitch_jump,1.0,0.07362962968390119,14.143288247578774,43.69708686087594
1312,2,5,pitch_jump,1.0,0.003950290150983408,18.164128465974752,43.73041797213519
1312,2,10,pitch_jump,1.0,0.04399783485682024,14.424846114584728,43.73041797213519
1312,2,14,pitch_jump,1.0,0.01636306634386485,22.686992011167842,43.73041797213519
1312,2,15,pitch_jump,1.0,0.044205935860859163,15.68901153207571,43.73041797213519
1312,2,19,pitch_jump,1.0,0.04870653554495282,16.25270689720614,43.73041797213519
1312,2,20,pitch_jump,1.0,0.045044578513361674,23.732119344958452,43.73041797213519
1312,2,24,pitch_jump,1.0,0.09516910607101386,15.339520228300676,43.73041797213519
1313,2,3,pitch_jump,1.0,0.03743374139081102,14.3150095114921,43.763749083394444
1313,2,14,pitch_jump,1.0,0.06261470737175304,13.508155526511414,43.763749083394444
1313,2,17,pitch_jump,1.0,0.013869449232845344,13.852613987791253,43.763749083394444
1313,2,23,pitch_jump,1.0,0.02862522807980369,13.294484535044282,43.763749083394444
1313,2,24,pitch_jump,1.0,0.04440041297260756,15.329772436595746,43.763749083394444
1314,2,2,pitch_jump,1.0,0.067298333354931,17.77801358309022,43.79708019465369
1314,2,8,pitch_jump,1.0,0.011794973877735074,13.494325550814425,43.79708019465369
1314,2,11,pitch_jump,1.0,0.02409824111032753,12.827616130126676,43.79708019465369
1314,2,17,pitch_jump,1.0,0.03262462132317659,14.308160120896368,43.79708019465369
1314,2,20,pitch_jump,1.0,0.06947596418320169,12.834028168808358,43.79708019465369
1314,2,24,pitch_jump,1.0,0.051934965298585156,15.358144002797948,43.79708019465369
1315,2,4,pitch_jump,1.0,0.18083458961662502,20.97965071119751,43.83041130591294
1315,2,5,pitch_jump,1.0,0.05005233524654984,23.580998591892623,43.83041130591294
1315,2,10,pitch_jump,1.0,0.07080536254010324,12.865646840511413,43.83041130591294
1315,2,14,pitch_jump,1.0,0.03058191987975816,29.605949388104744,43.83041130591294
1315,2,19,pitch_jump,1.0,0.07090665476257899,20.317339975069533,43.83041130591294
1315,2,20,pitch_jump,1.0,0.009515637743306904,51.218007935904,43.83041130591294
1315,2,24,pitch_jump,1.0,0.036708459415154965,16.951024434852172,43.83041130591294
1316,2,1,pitch_jump,1.0,0.051525150083059364,32.21403596491725,43.86374241717219
1316,2,20,pitch_jump,1.0,0.025505531614654492,15.813925343923975,43.86374241717219
1317,2,5,pitch_jump,1.0,0.040494869245767964,12.714030758088564,43.89707352843144
1317,2,20,pitch_jump,1.0,0.057970120545987776,13.710054613956608,43.89707352843144
1317,2,24,pitch_jump,1.0,0.06171126877533954,22.826442713589667,43.89707352843144
1318,2,1,pitch_jump,2.0,0.10544335439692822,14.794636951137775,43.930404639690686
1318,2,14,pitch_jump,1.0,0.08610420186490929,14.86468007123511,43.930404639690686
1319,2,3,pitch_jump,1.0,0.019673361057466303,18.413560890401865,43.96373575094994
1319,2,8,pitch_jump,1.0,0.005876901369587709,12.809986779236969,43.96373575094994
1319,2,20,pitch_jump,1.0,0.029830510298101683,17.399895264291892,43.96373575094994
1320,2,1,pitch_jump,2.0,0.08450420398228957,46.41348740092737,43.99706686220919
1320,2,3,pitch_jump,1.0,0.04594119350007233,19.67513020669371,43.99706686220919
1320,2,8,pitch_jump,1.0,0.025520321136327868,12.651191339682375,43.99706686220919
1320,2,10,pitch_jump,1.0,0.14591069901461692,22.291781160969883,43.99706686220919
1320,2,11,pitch_jump,1.0,0.04043025889683934,13.184231101476454,43.99706686220919
1320,2,15,pitch_jump,1.0,0.042590425560046045,12.488856616950656,43.99706686220919
1320,2,17,pitch_jump,1.0,0.04363561716954665,19.532190778868,43.99706686220919
1320,2,20,pitch_jump,1.0,0.07635258812116226,15.294710255810271,43.99706686220919
1320,2,23,pitch_jump,1.0,0.061122274667911355,17.7951567921675,43.99706686220919
1320,2,24,pitch_jump,1.0,0.037765435719879364,19.08256239230691,43.99706686220919
1321,2,10,pitch_jump,1.0,0.14763309396731814,36.008824751504655,44.03039797346844
1321,2,15,pitch_jump,1.0,0.06804599542793693,22.371590497725503,44.03039797346844
1321,2,24,pitch_jump,1.0,0.1457876563373279,46.40710850240332,44.03039797346844
1322,2,10,pitch_jump,1.0,0.05496236611040515,18.3030065976796,44.06372908472768
1322,2,20,pitch_jump,1.0,0.024601571670030273,19.32266928740269,44.06372908472768
1323,2,10,pitch_jump,1.0,0.045239580390763624,15.251542040558487,44.097060195986934
1323,2,20,pitch_jump,1.0,0.0732208415385379,15.869205298839493,44.097060195986934
1324,2,1,pitch_jump,4.0,0.08683152684271465,21.217578336352435,44.130391307246185
1324,2,2,pitch_jump,1.0,0.11136542306585805,35.273465649874296,44.130391307246185
1324,2,3,pitch_jump,1.0,0.06924731625275615,18.536477512385826,44.130391307246185
1324,2,10,pitch_jump,1.0,0.10790124691460494,25.496508356518994,44.130391307246185
1324,2,15,pitch_jump,1.0,0.06366941988606103,13.491644087530128,44.130391307246185
1324,2,24,pitch_jump,1.0,0.06401907436677097,26.666302721022646,44.130391307246185
1325,2,1,pitch_jump,1.0,0.017934536738806132,52.38459192774681,44.16372241850544
1325,2,4,pitch_jump,1.0,0.041108566755529,15.267204239008393,44.16372241850544
1325,2,5,pitch_jump,1.0,0.01721628474672378,15.052917388454812,44.16372241850544
1325,2,8,pitch_jump,1.0,0.07613696401844468,18.006840293015753,44.16372241850544
1325,2,10,pitch_jump,1.0,0.044216417160520896,18.901405539567396,44.16372241850544
1325,2,11,pitch_jump,1.0,0.0048665210574871725,13.664542281229801,44.16372241850544
1325,2,14,pitch_jump,1.0,0.019540705794574207,13.592759656940872,44.16372241850544
1325,2,15,pitch_jump,1.0,0.019442905608675457,13.694893904486678,44.16372241850544
1325,2,17,pitch_jump,1.0,0.008242494147728437,13.394514219555887,44.16372241850544
1325,2,20,pitch_jump,1.0,0.005920550407348958,18.269049639116865,44.16372241850544
1325,2,23,pitch_jump,1.0,0.02281087475081074,13.547764921828966,44.16372241850544
1325,2,24,pitch_jump,1.0,0.048751577177621,21.853420776777217,44.16372241850544
1326,2,2,pitch_jump,1.0,0.05111907300937062,23.165813309461093,44.19705352976468
1326,2,3,pitch_jump,1.0,0.06221408111626389,16.610328258464836,44.19705352976468
1326,2,4,pitch_jump,1.0,0.107129595241339,20.09537422753006,44.19705352976468
1326,2,5,pitch_jump,1.0,0.05564072142218467,19.47558047178501,44.19705352976468
1326,2,10,pitch_jump,1.0,0.06772888396107633,28.183561238505696,44.19705352976468
1326,2,14,pitch_jump,1.0,0.0549212727627423,18.44239720921337,44.19705352976468
1326,2,15,pitch_jump,1.0,0.04305204526050301,13.188876056466942,44.19705352976468
1326,2,19,pitch_jump,1.0,0.0669014147760669,13.803963982106152,44.19705352976468
1326,2,20,pitch_jump,1.0,0.07258138533425403,25.557679733371316,44.19705352976468
1326,2,23,pitch_jump,1.0,0.056515222564164434,16.152756570960474,44.19705352976468
1326,2,24,pitch_jump,1.0,0.03235000681547882,25.319559263652593,44.19705352976468
1327,2,2,pitch_jump,1.0,0.038453711889946146,19.283892427283924,44.23038464102393
1327,2,3,pitch_jump,1.0,0.06346214335415334,21.4769231655677,44.23038464102393
1327,2,10,pitch_jump,1.0,0.09365270013857913,31.78608147974524,44.23038464102393
1327,2,15,pitch_jump,1.0,0.03141853747095437,13.099401550843849,44.23038464102393
1327,2,17,pitch_jump,1.0,0.060671952996814146,14.506462849443471,44.23038464102393
1327,2,20,pitch_jump,1.0,0.04302051883664065,20.03614502030961,44.23038464102393
1327,2,23,pitch_jump,1.0,0.029688079365752393,15.39582837676328,44.23038464102393
1328,2,2,pitch_jump,1.0,0.016960078089665105,17.133564853271302,44.26371575228318
1328,2,4,pitch_jump,1.0,0.08997211144101115,18.060286273277036,44.26371575228318
1328,2,10,pitch_jump,1.0,0.06512317349057874,13.632226634978972,44.26371575228318
1328,2,14,pitch_jump,1.0,0.020540543868599017,18.24464004711965,44.26371575228318
1328,2,24,pitch_jump,1.0,0.04784239847078691,17.999029859310518,44.26371575228318
1329,2,2,pitch_jump,1.0,0.06567643376478918,18.558970416887608,44.297046863542434
1329,2,4,pitch_jump,1.0,0.11904046575616867,12.672943805350117,44.297046863542434
1329,2,14,pitch_jump,1.0,0.05180181403695163,16.24664028209719,44.297046863542434
1329,2,20,pitch_jump,1.0,0.07054730609861097,13.012860513567984,44.297046863542434
1329,2,24,pitch_jump,1.0,0.02278616303999721,13.561686136288632,44.297046863542434
1330,2,2,pitch_jump,1.0,0.05498813159572238,20.03085029425067,44.330377974801685
1330,2,4,pitch_jump,1.0,0.10579947869404252,15.140173307070288,44.330377974801685
1330,2,14,pitch_jump,1.0,0.058397553627545846,19.128239933533955,44.330377974801685
1330,2,24,pitch_jump,1.0,0.03773939101600985,17.885708825361327,44.330377974801685
1331,2,2,pitch_jump,1.0,0.038081217332417094,25.805615491371512,44.36370908606093
1331,2,3,pitch_jump,1.0,0.028647806488551624,16.83222548110826,44.36370908606093
1331,2,4,pitch_jump,1.0,0.051900595374544695,17.40456842738614,44.36370908606093
1331,2,5,pitch_jump,1.0,0.009436922103908826,13.46577502021456,44.36370908606093
1331,2,10,pitch_jump,1.0,0.04275638153414775,24.752153343826926,44.36370908606093
1331,2,14,pitch_jump,1.0,0.058577677687309794,28.672528954301693,44.36370908606093
1331,2,15,pitch_jump,1.0,0.008120186290313889,13.41536119848559,44.36370908606093
1331,2,19,pitch_jump,1.0,0.028270765393367328,12.749111477103874,44.36370908606093
1331,2,23,pitch_jump,1.0,0.046572545123935466,18.997561137285384,44.36370908606093
1331,2,24,pitch_jump,1.0,0.03879276696564537,21.900738977103632,44.36370908606093
1332,2,2,pitch_jump,1.0,0.05972562827356859,22.17677083655297,44.39704019732018
1332,2,4,pitch_jump,1.0,0.10848867850365983,14.637570922081856,44.39704019732018
1332,2,11,pitch_jump,1.0,0.03832595406687611,12.7811152314333,44.39704019732018
1332,2,14,pitch_jump,1.0,0.08929189741445866,15.955297669824615,44.39704019732018
1333,2,2,pitch_jump,1.0,0.03434548586245485,21.064581586475658,44.43037130857943
1333,2,4,pitch_jump,1.0,0.08389320998893832,15.528283464333068,44.43037130857943
1333,2,5,pitch_jump,1.0,0.021297792687850873,16.024347029115454,44.43037130857943
1333,2,8,pitch_jump,1.0,0.009613050989018976,15.356398156794842,44.43037130857943
1333,2,10,pitch_jump,1.0,0.016685501496946798,19.395457781960005,44.43037130857943
1333,2,11,pitch_jump,1.0,0.031204366085148205,15.974833642670472,44.43037130857943
1333,2,14,pitch_jump,1.0,0.060570429841533664,13.953550747303785,44.43037130857943
1333,2,15,pitch_jump,1.0,0.06686277044146406,21.06793350689032,44.43037130857943
1333,2,19,pitch_jump,1.0,0.06236614034356307,16.83940049640968,44.43037130857943
1333,2,20,pitch_jump,1.0,0.06404086228176532,21.120528018713742,44.43037130857943
1333,2,24,pitch_jump,1.0,0.03841248054562366,23.114181420062025,44.43037130857943
1334,2,2,pitch_jump,1.0,0.03038753961240448,17.428781404281985,44.46370241983868
1335,2,2,pitch_jump,1.0,0.04152323787046929,17.631788986131976,44.49703353109793
1335,2,4,pitch_jump,1.0,0.08511682448546308,13.34188869040437,44.49703353109793
1335,2,8,pitch_jump,1.0,0.028011224895866462,14.096324695244892,44.49703353109793
1335,2,10,pitch_jump,1.0,0.035991113116199853,15.569484827616954,44.49703353109793
1335,2,14,pitch_jump,1.0,0.05857803544183779,12.185873989627966,44.49703353109793
1335,2,24,pitch_jump,1.0,0.039316926008659325,18.13357340798399,44.49703353109793
1336,2,3,pitch_jump,1.0,0.04215243803982146,18.251980390667484,44.53036464235718
1336,2,4,pitch_jump,1.0,0.07932723467129948,16.13792421415868,44.53036464235718
1336,2,5,pitch_jump,1.0,0.06340493414872017,13.692540510917782,44.53036464235718
1336,2,24,pitch_jump,1.0,0.0679979130230634,17.441141393221145,44.53036464235718
1337,2,2,pitch_jump,1.0,0.016863953196362722,16.12669549748815,44.56369575361643
1337,2,10,pitch_jump,1.0,0.08087425366053745,16.15802685664767,44.56369575361643
1337,2,20,pitch_jump,1.0,0.014066653723496218,14.548776848829021,44.56369575361643
1337,2,23,pitch_jump,1.0,0.059892626765481786,12.153958224687425,44.56369575361643
1337,2,24,pitch_jump,1.0,0.041672719242955,18.22853972452835,44.56369575361643
1338,2,4,pitch_jump,1.0,0.08857975408173206,20.55299959708654,44.59702686487568
1338,2,10,pitch_jump,1.0,0.05089487447945303,20.042230130442192,44.59702686487568
1338,2,23,pitch_jump,1.0,0.022958447075543894,12.834072474669597,44.59702686487568
1338,2,24,pitch_jump,1.0,0.02564650373566247,13.343604825267395,44.59702686487568
1339,2,3,pitch_jump,1.0,0.04414866734421177,26.901210292085416,44.630357976134924
1339,2,10,pitch_jump,1.0,0.027628416777376572,22.596205228707962,44.630357976134924
1339,2,20,pitch_jump,1.0,0.06743931498630187,28.05218530189607,44.630357976134924
1339,2,23,pitch_jump,1.0,0.025650062966125722,16.240611681422536,44.630357976134924
1339,2,24,pitch_jump,1.0,0.008281993041434182,12.298513624192276,44.630357976134924
1340,2,2,pitch_jump,1.0,0.0069564339753692295,15.930740571730514,44.663689087394175
1340,2,3,pitch_jump,1.0,0.012496642781370308,13.541391265766261,44.663689087394175
1340,2,10,pitch_jump,1.0,0.03571791302250988,13.466581169751128,44.663689087394175
1340,2,19,pitch_jump,1.0,0.01623384347495244,15.324045468830805,44.663689087394175
1340,2,20,pitch_jump,1.0,0.01914816367722679,12.341049393621436,44.663689087394175
1342,2,10,pitch_jump,1.0,0.046337076334410095,15.146743963234092,44.73035130991268
1343,2,10,pitch_jump,1.0,0.09223664566297723,15.375146686991933,44.76368242117192
1343,2,20,pitch_jump,1.0,0.025718656435265084,13.489993408181281,44.76368242117192
1344,2,2,pitch_jump,1.0,0.05923499103104318,12.221858841569384,44.79701353243117
1344,2,3,pitch_jump,1.0,0.07137403786955109,12.993963724597998,44.79701353243117
1344,2,10,pitch_jump,1.0,0.06793692036165043,20.748797672066267,44.79701353243117
1344,2,17,pitch_jump,1.0,0.0362635562183045,12.254907234771235,44.79701353243117
1344,2,23,pitch_jump,1.0,0.030967147686541227,15.737624158055402,44.79701353243117
1344,2,24,pitch_jump,1.0,0.006495907909371659,16.646455306680192,44.79701353243117
1345,2,2,pitch_jump,1.0,0.06562365898377542,32.56291274218218,44.830344643690424
1345,2,24,pitch_jump,1.0,0.02138455575139594,14.573530626688273,44.830344643690424
1346,2,2,pitch_jump,1.0,0.041277954493089755,19.230958506475947,44.863675754949675
1346,2,24,pitch_jump,1.0,0.0328332397492156,16.572391781302525,44.863675754949675
1347,2,2,pitch_jump,1.0,0.04170675472567646,15.49808448364682,44.89700686620892
1347,2,5,pitch_jump,1.0,0.05998309529433402,12.249654730106165,44.89700686620892
1347,2,20,pitch_jump,1.0,0.06470771294566519,20.16120848398223,44.89700686620892
1347,2,24,pitch_jump,1.0,0.06500053429608525,16.223521044119273,44.89700686620892
1348,2,3,pitch_jump,1.0,0.03225796735326411,19.24803787424504,44.93033797746817
1348,2,8,pitch_jump,1.0,0.07693653504924866,12.446000413823901,44.93033797746817
1348,2,10,pitch_jump,1.0,0.04149071763220339,19.22972474752824,44.93033797746817
1348,2,11,pitch_jump,1.0,0.012175722797059784,16.10927630573731,44.93033797746817
1348,2,17,pitch_jump,1.0,0.034285943394233444,13.541747510535844,44.93033797746817
1348,2,20,pitch_jump,1.0,0.09950519098897871,13.217855162013345,44.93033797746817
1348,2,23,pitch_jump,1.0,0.030363162448351272,20.395706404108097,44.93033797746817
1349,2,2,pitch_jump,1.0,0.04655770641829349,15.206038998376007,44.96366908872742
1350,2,2,pitch_jump,1.0,0.08913745695476895,43.4948789252023,44.99700019998667
1350,2,10,pitch_jump,2.0,0.10076974453675556,27.48591375284939,44.99700019998667
1351,2,2,pitch_jump,1.0,0.05597835561348423,22.200395176439983,45.03033131124592
1351,2,4,pitch_jump,1.0,0.0693412142321227,13.459411220075795,45.03033131124592
1351,2,10,pitch_jump,1.0,0.11811978610946505,47.19046468514851,45.03033131124592
1351,2,14,pitch_jump,1.0,0.1299450467905468,26.535810964089617,45.03033131124592
1351,2,24,pitch_jump,1.0,0.02875595015696867,19.55574318539829,45.03033131124592
1352,2,2,pitch_jump,1.0,0.041118140079045684,19.931501735586707,45.06366242250517
1352,2,14,pitch_jump,1.0,0.05868283587703534,19.870071757664302,45.06366242250517
1352,2,23,pitch_jump,1.0,0.032688741770273165,15.588445489137314,45.06366242250517
1353,2,2,pitch_jump,1.0,0.06838822742982803,16.651369211281015,45.09699353376442
1353,2,4,pitch_jump,1.0,0.10674160941733075,13.921377870579217,45.09699353376442
1353,2,5,pitch_jump,1.0,0.09051846192572022,14.270969326093859,45.09699353376442
1353,2,14,pitch_jump,1.0,0.14568240470872282,16.588883221768295,45.09699353376442
1353,2,19,pitch_jump,1.0,0.08284331408127443,13.245633059131507,45.09699353376442
1353,2,20,pitch_jump,1.0,0.09580882667535387,16.326372394975518,45.09699353376442
1354,2,3,pitch_jump,1.0,0.06534715924321981,24.47291210536365,45.13032464502367
1354,2,4,pitch_jump,1.0,0.08045543117223285,12.85988388962329,45.13032464502367
1354,2,10,pitch_jump,1.0,0.06317088536876253,21.215216305796773,45.13032464502367
1354,2,11,pitch_jump,1.0,0.04409495730996078,17.295654318478917,45.13032464502367
1354,2,17,pitch_jump,1.0,0.07068258117638272,17.101783011960773,45.13032464502367
1354,2,20,pitch_jump,1.0,0.07035993514005404,18.09566404501431,45.13032464502367
1354,2,23,pitch_jump,1.0,0.02737519655788254,24.758940026381655,45.13032464502367
1354,2,24,pitch_jump,1.0,0.03245894160528307,22.392576575033342,45.13032464502367
1355,2,2,pitch_jump,1.0,0.010172276105391863,12.213833434868059,45.163655756282914
1355,2,5,pitch_jump,1.0,0.01804013181388606,12.40885353970752,45.163655756282914
1355,2,10,pitch_jump,1.0,0.09075234700634788,22.909651061105375,45.163655756282914
1355,2,20,pitch_jump,1.0,0.01018915513941334,14.001984854726663,45.163655756282914
1355,2,24,pitch_jump,1.0,0.03648816997376208,18.41172876428265,45.163655756282914
1356,2,10,pitch_jump,1.0,0.025462439370496526,18.66630732562362,45.196986867542165
1356,2,20,pitch_jump,1.0,0.05622214189230981,24.604231971735235,45.196986867542165
1356,2,23,pitch_jump,1.0,0.06150997310396696,13.603405038445299,45.196986867542165
1356,2,24,pitch_jump,1.0,0.04868743380372373,19.731024210214972,45.196986867542165
1358,2,10,pitch_jump,1.0,0.05098374609727981,12.756240953903859,45.26364909006067
1359,2,4,pitch_jump,1.0,0.09796846274488823,16.94684457923444,45.29698020131991
1359,2,10,pitch_jump,1.0,0.021702489462938138,14.290530476196034,45.29698020131991
1359,2,24,pitch_jump,1.0,0.02544356178743731,13.099182778220673,45.29698020131991
1360,2,2,pitch_jump,2.0,0.058903737152269056,12.360202259429546,45.33031131257916
1360,2,4,pitch_jump,1.0,0.06452114691772431,14.184191675688364,45.33031131257916
1360,2,5,pitch_jump,1.0,0.06294588606347233,13.827352161584844,45.33031131257916
1360,2,14,pitch_jump,1.0,0.0779804416733062,15.102904761295548,45.33031131257916
1360,2,20,pitch_jump,1.0,0.07581795800994107,14.57091886137499,45.33031131257916
1360,2,23,pitch_jump,1.0,0.0484647065218321,13.003401331015963,45.33031131257916
1360,2,24,pitch_jump,1.0,0.008552768761650419,12.91432063665513,45.33031131257916
1361,2,2,pitch_jump,1.0,0.04610978189271394,22.617361730365,45.363642423838414
1361,2,3,pitch_jump,1.0,0.012052483541355853,16.60780219183785,45.363642423838414
1361,2,4,pitch_jump,1.0,0.007226682159585315,12.543618981681503,45.363642423838414
1361,2,10,pitch_jump,1.0,0.03313593982918127,19.64415011115864,45.363642423838414
1361,2,17,pitch_jump,1.0,0.006617044119472667,13.531223890807407,45.363642423838414
1361,2,23,pitch_jump,1.0,0.04752663298859309,22.884865195743235,45.363642423838414
1361,2,24,pitch_jump,1.0,0.010330447323710945,16.24551533737484,45.363642423838414
1362,2,3,pitch_jump,1.0,0.062329150423756995,15.899230779754758,45.396973535097665
1362,2,15,pitch_jump,1.0,0.054109250947878024,12.817779985561495,45.396973535097665
1362,2,23,pitch_jump,1.0,0.09044084920778994,23.103020045073915,45.396973535097665
1363,2,3,pitch_jump,1.0,0.049654931851701244,18.577801810809106,45.43030464635691
1363,2,10,pitch_jump,1.0,0.027893679979919424,27.839642328173017,45.43030464635691
1363,2,23,pitch_jump,1.0,0.07723124095268198,16.353025072129785,45.43030464635691
1363,2,24,pitch_jump,1.0,0.032540886867363686,25.945359162536448,45.43030464635691
1364,2,3,pitch_jump,1.0,0.008724470331002515,12.172232153429505,45.46363575761616
1364,2,10,pitch_jump,1.0,0.0641921931732395,22.275495712920183,45.46363575761616
1364,2,11,pitch_jump,1.0,0.012225687509353994,19.48686478480995,45.46363575761616
1364,2,24,pitch_jump,1.0,0.028155555617542325,17.120285850389855,45.46363575761616
1365,2,2,pitch_jump,1.0,0.056589255713039625,20.387088326141818,45.49696686887541
1365,2,3,pitch_jump,1.0,0.044785415010151014,19.89086073003495,45.49696686887541
1365,2,10,pitch_jump,1.0,0.02161875779009496,26.977778922314247,45.49696686887541
1365,2,11,pitch_jump,1.0,0.03648198092048058,12.885529219618737,45.49696686887541
1365,2,20,pitch_jump,1.0,0.0639350841814989,15.123921660062544,45.49696686887541
1365,2,23,pitch_jump,1.0,0.08195828744219498,21.744722447788337,45.49696686887541
1365,2,24,pitch_jump,1.0,0.028712047962421605,26.04904501413802,45.49696686887541
1366,2,2,pitch_jump,1.0,0.00992853739015398,19.790806395179068,45.53029798013466
1366,2,3,pitch_jump,1.0,0.03047968769486795,15.30676118819873,45.53029798013466
1366,2,4,pitch_jump,1.0,0.06809149953090418,15.922075081753091,45.53029798013466
1366,2,10,pitch_jump,1.0,0.05564675390679412,27.296489350277184,45.53029798013466
1366,2,23,pitch_jump,1.0,0.07733075267662014,21.108876848920154,45.53029798013466
1366,2,24,pitch_jump,1.0,0.019366599847402303,20.65159287954018,45.53029798013466
1368,2,3,pitch_jump,1.0,0.002028620987639948,16.716116078548772,45.59696020265316
1368,2,5,pitch_jump,1.0,0.05359962511814594,16.464006445170373,45.59696020265316
1368,2,10,pitch_jump,1.0,0.02613904767854569,14.783230628766974,45.59696020265316
1368,2,17,pitch_jump,1.0,0.03801964186655623,12.169280776406778,45.59696020265316
1368,2,19,pitch_jump,1.0,0.06722643825708974,17.13963842652074,45.59696020265316
1368,2,20,pitch_jump,1.0,0.027115505884527467,25.080878482971,45.59696020265316
1368,2,23,pitch_jump,1.0,0.06612338662275462,21.835905476414585,45.59696020265316
1368,2,24,pitch_jump,1.0,0.022157294515614618,12.398418877159706,45.59696020265316
1368,2,26,pitch_jump,1.0,0.038437362616391205,13.490622083262737,45.59696020265316
1369,2,10,pitch_jump,1.0,0.020611813469644663,16.08895041291008,45.63029131391241
1369,2,20,pitch_jump,1.0,0.01306888092556384,18.950091836108765,45.63029131391241
1369,2,23,pitch_jump,1.0,0.1054672594112719,20.829770718990293,45.63029131391241
1369,2,26,pitch_jump,1.0,0.04738191110370057,12.58365085097014,45.63029131391241
1370,2,2,pitch_jump,1.0,0.010800095105759458,12.97935349276086,45.66362242517166
1370,2,3,pitch_jump,1.0,0.011464803433883135,19.77852503690567,45.66362242517166
1370,2,10,pitch_jump,1.0,0.026242789068817513,33.06039685424186,45.66362242517166
1370,2,20,pitch_jump,1.0,0.03357215194585027,14.102947221547913,45.66362242517166
1370,2,23,pitch_jump,1.0,0.027340844130711323,19.602027022340465,45.66362242517166
1370,2,24,pitch_jump,1.0,0.05114879122767918,20.040840595984616,45.66362242517166
1371,2,3,pitch_jump,1.0,0.042866580454345396,22.409936193930864,45.696953536430904
1371,2,5,pitch_jump,1.0,0.050522994584381344,12.971458875943693,45.696953536430904
1371,2,10,pitch_jump,1.0,0.018637859074682565,24.291201111699426,45.696953536430904
1371,2,11,pitch_jump,1.0,0.010442470086062913,12.35949192842417,45.696953536430904
1371,2,17,pitch_jump,1.0,0.005761543295368045,13.013332436479939,45.696953536430904
1371,2,20,pitch_jump,1.0,0.0240949300917834,23.78046003865906,45.696953536430904
1371,2,23,pitch_jump,1.0,0.06905512322979238,19.832940189695844,45.696953536430904
1371,2,24,pitch_jump,1.0,0.012630035881210576,23.970061894663775,45.696953536430904
1372,2,2,pitch_jump,1.0,0.052887455127437574,14.793896092352359,45.730284647690155
1372,2,3,pitch_jump,1.0,0.03722015195919386,17.86524723521201,45.730284647690155
1372,2,10,pitch_jump,1.0,0.008784647479459125,20.60602890888168,45.730284647690155
1372,2,20,pitch_jump,1.0,0.039762091264944274,14.817656075986665,45.730284647690155
1372,2,23,pitch_jump,1.0,0.05785839423162375,21.937271134253375,45.730284647690155
1374,2,3,pitch_jump,1.0,0.0394661692790667,27.726049237779925,45.79694687020866
1374,2,10,pitch_jump,1.0,0.020974528617582033,27.798223604983086,45.79694687020866
1374,2,11,pitch_jump,1.0,0.04345982758984583,16.09812352694159,45.79694687020866
1374,2,17,pitch_jump,1.0,0.05525217261276959,18.13790323664261,45.79694687020866
1374,2,23,pitch_jump,1.0,0.07207501044437349,30.98398634544445,45.79694687020866
1374,2,24,pitch_jump,1.0,0.016013234460956323,22.258962616784885,45.79694687020866
1375,2,2,pitch_jump,1.0,0.03359053200844565,16.18752542861593,45.8302779814679
1375,2,3,pitch_jump,1.0,0.03372234387147313,34.728869995659025,45.8302779814679
1375,2,4,pitch_jump,1.0,0.06281858449487097,28.060148684617985,45.8302779814679
1375,2,10,pitch_jump,1.0,0.027806690584657578,27.235782028815766,45.8302779814679
1375,2,14,pitch_jump,1.0,0.06435670372286084,13.850292134916607,45.8302779814679
1375,2,17,pitch_jump,1.0,0.028692655135158788,13.407680857478919,45.8302779814679
1375,2,23,pitch_jump,1.0,0.06663811042021796,24.820189259233285,45.8302779814679
1375,2,24,pitch_jump,1.0,0.02049213492115497,23.424864710933193,45.8302779814679
1377,2,3,pitch_jump,1.0,0.048100450242351885,28.41463514527537,45.896940203986404
1377,2,10,pitch_jump,1.0,0.04753350847216204,51.46928309486064,45.896940203986404
1377,2,23,pitch_jump,1.0,0.10502654780410944,54.712398836131506,45.896940203986404
1377,2,24,pitch_jump,1.0,0.016274155087373753,34.76136767262037,45.896940203986404
1378,2,3,pitch_jump,1.0,0.04059659534734925,30.741292571712506,45.930271315245655
1378,2,4,pitch_jump,1.0,0.048050876086563395,12.774270222417735,45.930271315245655
1378,2,10,pitch_jump,1.0,0.04948906067207516,26.158673921750673,45.930271315245655
1378,2,11,pitch_jump,1.0,0.021706963485184097,19.255898727929146,45.930271315245655
1378,2,23,pitch_jump,1.0,0.12388836160412714,16.004660187019667,45.930271315245655
1378,2,24,pitch_jump,1.0,0.017573694678976782,19.42780783165182,45.930271315245655
1380,2,10,pitch_jump,1.0,0.07163729920030111,16.650213672022318,45.99693353776415
1383,2,24,pitch_jump,1.0,0.03321730533076121,12.76837429606544,46.096926871541896
1385,2,10,pitch_jump,1.0,0.03309330522376079,12.841770855542947,46.1635890940604
1386,2,10,pitch_jump,1.0,0.06429498217180742,22.396640128545528,46.19692020531965
1387,2,10,pitch_jump,1.0,0.047856067463212006,17.10216410995514,46.230251316578894
1387,2,23,pitch_jump,3.0,0.09998035125481024,18.537246409818078,46.230251316578894
1388,2,23,pitch_jump,1.0,0.09790194513218989,37.533739938619334,46.263582427838145
1389,2,2,pitch_jump,1.0,0.06639976292084422,27.1653994956375,46.296913539097396
1389,2,23,pitch_jump,1.0,0.18799918800448265,57.762811852942335,46.296913539097396
1390,2,23,pitch_jump,1.0,0.10882334646466892,19.505467832054897,46.33024465035665
1391,2,24,pitch_jump,1.0,0.05347204503802328,12.31121500174441,46.36357576161589
1392,2,23,pitch_jump,1.0,0.1649928157034829,54.92443263052478,46.39690687287514
1414,2,19,pitch_jump,1.0,0.02840798575331794,13.038435806399965,47.13019132057863
1416,2,11,pitch_jump,1.0,0.014053878238850811,15.090155372636367,47.19685354309713
1416,2,22,pitch_jump,1.0,0.020491011271402074,17.65659932841808,47.19685354309713
1417,2,4,pitch_jump,1.0,0.00611427006946341,13.28337717291286,47.23018465435638
1418,2,24,pitch_jump,1.0,0.034618528012260084,14.227513359125942,47.26351576561563
1420,2,24,pitch_jump,1.0,0.02748441600767672,13.798919489726808,47.330177988134125
1421,2,10,pitch_jump,1.0,0.027450819348902596,16.41704099060991,47.363509099393376
1425,2,2,pitch_jump,1.0,0.019552020284676237,12.333481602051247,47.49683354443037
1425,2,3,pitch_jump,1.0,0.005532043242387333,14.13082773958173,47.49683354443037
1425,2,4,pitch_jump,1.0,0.037625288917753526,14.868367804478787,47.49683354443037
1425,2,10,pitch_jump,1.0,0.02073834042002245,14.462507147286487,47.49683354443037
1425,2,23,pitch_jump,1.0,0.02503343161713034,15.016926113078465,47.49683354443037
1426,2,2,pitch_jump,1.0,0.0729879920450743,15.914595567712983,47.530164655689624
1426,2,4,pitch_jump,1.0,0.022597472572440745,13.701072212114166,47.530164655689624
1426,2,5,pitch_jump,1.0,0.003907132671508488,14.5895645632419,47.530164655689624
1426,2,10,pitch_jump,1.0,0.045855056540037104,16.250819463212736,47.530164655689624
1426,2,14,pitch_jump,1.0,0.01822784008472637,12.095831633076326,47.530164655689624
1426,2,19,pitch_jump,1.0,0.01365737402629636,13.728215969951508,47.530164655689624
1428,2,2,pitch_jump,1.0,0.006310411533360029,12.172624545934966,47.59682687820812
1428,2,3,pitch_jump,1.0,0.012661681245793492,13.827769170586068,47.59682687820812
1428,2,10,pitch_jump,1.0,0.028527310251839175,17.01042364169248,47.59682687820812
1428,2,23,pitch_jump,1.0,0.026405463511170877,18.70985896936008,47.59682687820812
1428,2,24,pitch_jump,1.0,0.019012743430296297,18.60891573821029,47.59682687820812
1430,2,2,pitch_jump,1.0,0.00558384320259459,14.184380741001918,47.66348910072662
1430,2,10,pitch_jump,1.0,0.013401721405295173,12.857462756195511,47.66348910072662
1430,2,23,pitch_jump,1.0,0.01810231857019829,13.680449811142884,47.66348910072662
1430,2,24,pitch_jump,1.0,0.009276398963687704,14.908848843359555,47.66348910072662
1431,2,22,pitch_jump,1.0,0.018821978317951328,12.67734420508979,47.696820211985866
1432,2,3,pitch_jump,1.0,0.009231582261349996,16.479960327583655,47.73015132324512
1432,2,10,pitch_jump,1.0,0.019023268350453537,20.42611326096968,47.73015132324512
1432,2,23,pitch_jump,1.0,0.03572469189576624,15.883346319609043,47.73015132324512
1434,2,2,pitch_jump,1.0,0.013215589520213438,17.44605911734204,47.79681354576362
1434,2,4,pitch_jump,1.0,0.01715427546510909,18.048805903539655,47.79681354576362
1434,2,5,pitch_jump,1.0,0.04143914607720265,16.874649440658473,47.79681354576362
1434,2,10,pitch_jump,1.0,0.024257069587012237,13.03938728993237,47.79681354576362
1434,2,14,pitch_jump,1.0,0.03913125181141527,15.346698645914971,47.79681354576362
1434,2,15,pitch_jump,1.0,0.004813103818842677,14.132478939772012,47.79681354576362
1434,2,19,pitch_jump,1.0,0.024310112901491997,19.719591413599368,47.79681354576362
1434,2,26,pitch_jump,1.0,0.00367246284135567,15.895060387136445,47.79681354576362
1435,2,2,pitch_jump,1.0,0.011806751024294364,18.846344065625527,47.83014465702286
1435,2,4,pitch_jump,1.0,0.02593758457341256,13.446346660329068,47.83014465702286
1435,2,23,pitch_jump,1.0,0.040849202282789106,19.185079107771312,47.83014465702286
1435,2,24,pitch_jump,1.0,0.03125072544692594,17.77721966408015,47.83014465702286
1436,2,2,pitch_jump,1.0,0.0037918726777346665,15.436316079019013,47.863475768282115
1436,2,4,pitch_jump,1.0,0.026593006870493086,17.595221068839447,47.863475768282115
1436,2,14,pitch_jump,1.0,0.010607848070233933,14.74617887668247,47.863475768282115
1436,2,19,pitch_jump,1.0,0.005580181673253515,12.902621752088574,47.863475768282115
1436,2,23,pitch_jump,1.0,0.03880928094574384,25.33213110992639,47.863475768282115
1436,2,24,pitch_jump,1.0,0.011131515821621512,19.399562831285124,47.863475768282115
1439,2,4,pitch_jump,1.0,0.013822526882506805,12.827964954967745,47.96346910205986
1439,2,23,pitch_jump,1.0,0.033018944180466886,13.16494188955398,47.96346910205986
1440,2,10,pitch_jump,1.0,0.02803261001786714,13.805048162964663,47.99680021331911
1440,2,14,pitch_jump,1.0,0.03781241048044932,12.232934575676559,47.99680021331911
1440,2,19,pitch_jump,1.0,0.03483228077509224,14.387658600385643,47.99680021331911
1440,2,23,pitch_jump,1.0,0.057496334463575306,23.186872706196862,47.99680021331911
1441,2,23,pitch_jump,1.0,0.04954659071979184,13.072859902102241,48.03013132457836
1444,2,24,pitch_jump,1.0,0.02969763327672755,13.530743166117707,48.13012465835611
1446,2,4,pitch_jump,1.0,0.038243960547053236,12.060864570322698,48.19678688087461
1446,2,19,pitch_jump,1.0,0.013728942803159267,12.429320579290295,48.19678688087461
1447,2,10,pitch_jump,1.0,0.048322572932761904,16.94303432647588,48.23011799213386
1447,2,11,pitch_jump,1.0,0.029683162030266903,12.943496911131243,48.23011799213386
1447,2,23,pitch_jump,1.0,0.03888436847685513,17.271784611114796,48.23011799213386
1448,2,10,pitch_jump,1.0,0.021132224284307177,17.39383399075489,48.26344910339311
1450,2,11,pitch_jump,1.0,0.015857493741951983,15.17700396975104,48.33011132591161
1450,2,22,pitch_jump,1.0,0.010494004689675448,15.164141746052255,48.33011132591161
1453,2,2,pitch_jump,1.0,0.041149280055023725,14.59177394220107,48.430104659689356
1453,2,4,pitch_jump,1.0,0.08021457537236822,12.094490427710985,48.430104659689356
1453,2,24,pitch_jump,1.0,0.02707584769080624,12.477329229479396,48.430104659689356
1454,2,2,pitch_jump,1.0,0.03416192232360302,14.991668122043036,48.46343577094861
1454,2,18,pitch_jump,1.0,0.022279537030699542,18.91624937135667,48.46343577094861
1458,2,23,pitch_jump,1.0,0.02982421280769932,13.530816060558637,48.596760215985604
1458,2,24,pitch_jump,1.0,0.018876214050927622,15.420682714929724,48.596760215985604
1459,2,4,pitch_jump,1.0,0.04395786840503019,18.203739698478824,48.630091327244855
1459,2,23,pitch_jump,1.0,0.11324794925726563,16.59346425189984,48.630091327244855
1461,2,2,pitch_jump,1.0,0.041989292756807024,13.456172588295571,48.69675354976335
1461,2,24,pitch_jump,1.0,0.017052334936087304,15.62325070523483,48.69675354976335
1462,2,18,pitch_jump,1.0,0.06807957317222636,15.735939258534067,48.7300846610226
1463,2,4,pitch_jump,1.0,0.06224309830902816,12.50734846356797,48.76341577228185
1464,2,18,pitch_jump,1.0,0.028166893427493685,13.889069036203775,48.7967468835411
1465,2,18,pitch_jump,1.0,0.029775601082914365,17.279058619571458,48.83007799480035
1465,2,24,pitch_jump,1.0,0.034334622051547005,12.942773671399808,48.83007799480035
1468,2,24,pitch_jump,1.0,0.04802367479880105,13.677487809647424,48.930071328578094
1470,2,4,pitch_jump,1.0,0.09890803979664879,13.386742337730093,48.9967335510966
1470,2,24,pitch_jump,1.0,0.03310344886702193,16.22662445407279,48.9967335510966
1471,2,4,pitch_jump,1.0,0.07917095266638675,18.6207878154372,49.03006466235585
1473,2,19,pitch_jump,1.0,0.048664629332214354,19.351889573010496,49.09672688487434
1473,2,24,pitch_jump,1.0,0.04038148029129209,13.62954580257735,49.09672688487434
1478,2,4,pitch_jump,1.0,0.05108578093440234,12.650730510213972,49.26338244117059
1480,2,2,pitch_jump,1.0,0.061381033502415715,14.969760370465202,49.33004466368909
1480,2,4,pitch_jump,1.0,0.07738139597976841,14.273760417095257,49.33004466368909
1480,2,24,pitch_jump,1.0,0.036812745103461456,13.992600108521101,49.33004466368909
1482,2,3,pitch_jump,1.0,0.08001769291906205,14.262268842150684,49.39670688620759
1485,2,2,pitch_jump,1.0,0.026268172455786328,13.407194403493934,49.496700219985335
1485,2,3,pitch_jump,1.0,0.06135417841674133,12.101947201126608,49.496700219985335
1488,2,2,pitch_jump,1.0,0.02633342286268311,13.523450150349424,49.59669355376308
1488,2,19,pitch_jump,1.0,0.039638398060235086,12.724718242835367,49.59669355376308
1488,2,22,pitch_jump,1.0,0.025115918945148783,14.88656325104614,49.59669355376308
1488,2,24,pitch_jump,1.0,0.02588727730778713,12.728877901233243,49.59669355376308
1489,2,2,pitch_jump,1.0,0.04658459709914571,23.582367329895533,49.63002466502233
1491,2,4,pitch_jump,1.0,0.06577541855094031,12.063403729892203,49.696686887540835
1491,2,24,pitch_jump,1.0,0.02918831736693368,15.489661826159043,49.696686887540835
1492,2,2,pitch_jump,3.0,0.03375659541560469,12.686235299320474,49.73001799880008
1495,2,3,pitch_jump,1.0,0.057948994387314164,12.614434747106214,49.83001133257783
1495,2,11,pitch_jump,1.0,0.044020564165296545,14.973433011588602,49.83001133257783
1496,2,2,pitch_jump,1.0,0.12068971519058957,55.693392079194766,49.86334244383708
1496,2,23,pitch_jump,1.0,0.06510247155355148,16.063429749017818,49.86334244383708
1497,2,2,pitch_jump,1.0,0.07312127674937376,26.547616894008353,49.89667355509633
1497,2,4,pitch_jump,1.0,0.06953438002540577,21.82516148922015,49.89667355509633
1497,2,23,pitch_jump,1.0,0.07027788472650585,16.15714066185995,49.89667355509633
1498,2,2,pitch_jump,1.0,0.021363598725021596,18.49215746370222,49.93000466635558
1498,2,3,pitch_jump,1.0,0.033080370434337945,16.717350507518017,49.93000466635558
1498,2,4,pitch_jump,1.0,0.0479007509734864,13.832066824795735,49.93000466635558
1498,2,23,pitch_jump,1.0,0.07355985714470917,23.21583468582388,49.93000466635558
1498,2,24,pitch_jump,1.0,0.008902500565585792,19.0157366148304,49.93000466635558
1499,2,23,pitch_jump,1.0,0.054513937955574986,13.721828270720737,49.96333577761483
1500,2,4,pitch_jump,1.0,0.0580331329860736,14.334103632299914,49.996666888874074
1500,2,23,pitch_jump,1.0,0.03912888765841017,20.06943544427766,49.996666888874074
1501,2,4,pitch_jump,1.0,0.09807063790940035,15.734544024626992,50.029998000133325
1501,2,23,pitch_jump,1.0,0.05925674562059093,17.044919169752347,50.029998000133325
1501,2,24,pitch_jump,1.0,0.02100783838329768,15.02076129609957,50.029998000133325
1507,2,2,pitch_jump,1.0,0.03221921833915714,13.231758972930919,50.229984667688825
1507,2,11,pitch_jump,1.0,0.03608442459132942,12.37840089936505,50.229984667688825
1507,2,24,pitch_jump,1.0,0.012526344320795777,17.65978203663761,50.229984667688825
1508,2,4,pitch_jump,1.0,0.1083567123813908,45.648798353424404,50.26331577894807
1509,2,2,pitch_jump,1.0,0.05169182393548036,17.663849103883678,50.29664689020732
1509,2,4,pitch_jump,1.0,0.10986973780308,38.06452906795339,50.29664689020732
1509,2,5,pitch_jump,1.0,0.06542984959220807,15.978414958280316,50.29664689020732
1509,2,14,pitch_jump,1.0,0.025407548845428233,15.716429649756785,50.29664689020732
1509,2,15,pitch_jump,1.0,0.04629085969026685,13.662612719977158,50.29664689020732
1509,2,19,pitch_jump,1.0,0.05031214612754527,14.458796779217668,50.29664689020732
1510,2,2,pitch_jump,1.0,0.032439979979555174,12.686437253274685,50.32997800146657
1510,2,3,pitch_jump,1.0,0.04133053627095385,12.494626788747498,50.32997800146657
1510,2,4,pitch_jump,1.0,0.07116009069317092,20.771658251568,50.32997800146657
1511,2,4,pitch_jump,1.0,0.04775506931925888,13.945896206022153,50.36330911272582
1513,2,4,pitch_jump,1.0,0.07467821796841785,14.550703532471632,50.42997133524432
1513,2,11,pitch_jump,1.0,0.04571377982046743,12.242113243975428,50.42997133524432
1515,2,11,pitch_jump,1.0,0.030171741620385977,13.131635628397163,50.49663355776282
1515,2,17,pitch_jump,1.0,0.010363526336917525,13.030195796783577,50.49663355776282
1516,2,4,pitch_jump,1.0,0.05719800742193706,12.571494417714035,50.529964669022064
1516,2,24,pitch_jump,1.0,0.02395623358876242,22.200106778560453,50.529964669022064
1517,2,2,pitch_jump,1.0,0.04796377670267907,14.390795070577969,50.563295780281315
1517,2,11,pitch_jump,1.0,0.015922725946279987,15.023941825505295,50.563295780281315
1517,2,18,pitch_jump,1.0,0.044422936467900756,16.072916729992695,50.563295780281315
1517,2,22,pitch_jump,1.0,0.0207681522905421,14.482944895821598,50.563295780281315
1518,2,4,pitch_jump,1.0,0.07189081792925604,13.264915357262078,50.596626891540566
1519,2,2,pitch_jump,1.0,0.013732514487704172,21.78138111900011,50.62995800279982
1519,2,3,pitch_jump,1.0,0.03250171836224228,12.38812676686403,50.62995800279982
1519,2,11,pitch_jump,1.0,0.012967795645242796,17.256708567063896,50.62995800279982
1519,2,17,pitch_jump,1.0,0.0104986458295534,12.363830810231185,50.62995800279982
1519,2,18,pitch_jump,1.0,0.043602697627555226,18.056217562689962,50.62995800279982
1519,2,22,pitch_jump,1.0,0.02498817834773303,13.517856745942378,50.62995800279982
1519,2,24,pitch_jump,1.0,0.00853470142576226,19.174855610333754,50.62995800279982
1520,2,18,pitch_jump,1.0,0.061409114184973385,14.529851972003193,50.66328911405906
1521,2,2,pitch_jump,1.0,0.018359546199456782,14.832822078066078,50.69662022531831
1521,2,14,pitch_jump,1.0,0.016801364493150867,13.584886485221693,50.69662022531831
1527,2,18,pitch_jump,1.0,0.02363882296031832,15.21664083117182,50.89660689287381
1531,2,2,pitch_jump,1.0,0.01576733468323713,15.150558131932602,51.02993133791081
1531,2,4,pitch_jump,1.0,0.06669963149627912,13.539613119352518,51.02993133791081
1531,2,8,pitch_jump,1.0,0.03171018170497439,13.937684200821673,51.02993133791081
1531,2,20,pitch_jump,1.0,0.004014294587352081,12.749855243429133,51.02993133791081
1531,2,22,pitch_jump,1.0,0.023214020252313314,15.160718077044232,51.02993133791081
1531,2,25,pitch_jump,1.0,0.0838661837714101,21.730322891645514,51.02993133791081
1531,2,26,pitch_jump,1.0,0.012084030636997438,18.404835275440643,51.02993133791081
1533,2,2,pitch_jump,1.0,0.02270599213102503,13.929791758429543,51.096593560429305
1533,2,4,pitch_jump,1.0,0.026410632783664362,20.202089839184662,51.096593560429305
1533,2,5,pitch_jump,1.0,0.01678299424696223,12.15621602786073,51.096593560429305
1533,2,14,pitch_jump,1.0,0.012824043294126657,12.126474209047398,51.096593560429305
1533,2,25,pitch_jump,1.0,0.014000112578934677,15.115981984159827,51.096593560429305
1561,2,1,pitch_jump,1.0,0.016944031974993282,13.542340858242294,52.02986467568829
1561,2,2,pitch_jump,1.0,0.026187181281261268,15.070154313190859,52.02986467568829
1561,2,3,pitch_jump,1.0,0.016030672666237675,13.841942700153552,52.02986467568829
1561,2,4,pitch_jump,1.0,0.033202717714703095,19.52084554546712,52.02986467568829
1561,2,14,pitch_jump,1.0,0.11105080499944055,42.096960413900696,52.02986467568829
1561,2,15,pitch_jump,1.0,0.009829025583207772,15.760206973141965,52.02986467568829
1561,2,17,pitch_jump,1.0,0.01811940894808993,13.260441041314401,52.02986467568829
1561,2,22,pitch_jump,1.0,0.0017797784616202426,16.11397424387021,52.02986467568829
1561,2,24,pitch_jump,1.0,0.017094460393938745,16.492192430671636,52.02986467568829
1561,2,25,pitch_jump,1.0,0.02345183962119585,16.089742193552407,52.02986467568829
1562,2,14,pitch_jump,1.0,0.041073070208539564,13.293061756898517,52.06319578694754
1563,2,2,pitch_jump,1.0,0.02156770284446984,13.186370281403159,52.09652689820679
1563,2,22,pitch_jump,1.0,0.01241719095499124,17.901243723924157,52.09652689820679
1563,2,24,pitch_jump,1.0,0.029997730445454483,16.897820289320336,52.09652689820679
1563,2,25,pitch_jump,1.0,0.009830521592715337,16.440384890596818,52.09652689820679
1564,2,22,pitch_jump,1.0,0.005366722430938937,12.20131109745568,52.12985800946604
1566,2,4,pitch_jump,1.0,0.07871973819299564,35.72896436802291,52.196520231984536
1568,2,4,pitch_jump,1.0,0.026726747129843603,20.26994854963427,52.26318245450304
1568,2,18,pitch_jump,1.0,0.09881193575733636,29.25203836634193,52.26318245450304
1569,2,7,pitch_jump,1.0,0.007465348845845556,12.342666795164522,52.29651356576228
1569,2,18,pitch_jump,1.0,0.13493153791077256,25.746195332459614,52.29651356576228
1570,2,4,pitch_jump,1.0,0.057794166238980815,25.35903202374004,52.32984467702153
1570,2,18,pitch_jump,1.0,0.05257500040928141,20.925512485281573,52.32984467702153
1570,2,22,pitch_jump,1.0,0.0035043804194461506,15.270823117754347,52.32984467702153
1570,2,25,pitch_jump,1.0,0.018075038246996966,15.45621024583624,52.32984467702153
1572,2,4,pitch_jump,1.0,0.02549680003089107,18.752241957836677,52.396506899540036
1572,2,14,pitch_jump,1.0,0.150123244292677,42.27904852284544,52.396506899540036
1572,2,24,pitch_jump,1.0,0.016468788452255415,15.02379119561832,52.396506899540036
1573,2,1,pitch_jump,1.0,0.007485114955980423,15.933041559758626,52.42983801079928
1573,2,2,pitch_jump,1.0,0.033207723094198255,19.896225040114597,52.42983801079928
1573,2,3,pitch_jump,1.0,0.004067966263811442,17.611395684967263,52.42983801079928
1573,2,14,pitch_jump,1.0,0.10555293028255666,45.80985504783947,52.42983801079928
1573,2,15,pitch_jump,1.0,0.020331965010371083,19.046612259620797,52.42983801079928
1573,2,19,pitch_jump,1.0,0.021523150941922756,13.062668653092429,52.42983801079928
1573,2,24,pitch_jump,1.0,0.005379655971480589,16.204398582669704,52.42983801079928
1573,2,25,pitch_jump,1.0,0.041906891567315994,16.800217695470902,52.42983801079928
1574,2,14,pitch_jump,1.0,0.03933228430968035,13.358880696129578,52.46316912205853
1574,2,25,pitch_jump,1.0,0.06597734626311144,13.337584955551577,52.46316912205853
1575,2,18,pitch_jump,1.0,0.05040803867103852,14.827270367831906,52.49650023331778
1575,2,25,pitch_jump,1.0,0.05185263445192179,24.14650864742624,52.49650023331778
1576,2,22,pitch_jump,1.0,0.007212022926810015,13.118639977176668,52.52983134457703
1582,2,25,pitch_jump,1.0,0.09241125092742371,31.602750591827196,52.729818012132526
1584,2,15,pitch_jump,1.0,0.012779912332141062,12.074354351503972,52.79648023465103
1584,2,25,pitch_jump,1.0,0.03993625532253607,18.273699111284532,52.79648023465103
1585,2,18,pitch_jump,1.0,0.16296073671119038,36.53326960301664,52.82981134591027
1586,2,18,pitch_jump,1.0,0.04662742255696831,14.494752117101369,52.86314245716952
1587,2,18,pitch_jump,1.0,0.10224769993968083,21.24082832486825,52.896473568428775
1587,2,25,pitch_jump,1.0,0.02103803886691161,16.484742700939258,52.896473568428775
1588,2,3,pitch_jump,1.0,0.01849680589413846,12.864126783167189,52.929804679688026
1588,2,9,pitch_jump,1.0,0.05437904847062204,15.751518779286492,52.929804679688026
1588,2,17,pitch_jump,1.0,0.02831018266877672,13.047283996522383,52.929804679688026
1589,2,20,pitch_jump,1.0,0.012214052487834,12.894446734269756,52.96313579094727
1590,2,15,pitch_jump,1.0,0.03663441741610198,14.812594235476029,52.99646690220652
1590,2,18,pitch_jump,1.0,0.05887480796262022,21.19103059417667,52.99646690220652
1590,2,25,pitch_jump,1.0,0.048883884882196416,12.755452740702005,52.99646690220652
1591,2,22,pitch_jump,1.0,0.021569845851690618,14.669369231818298,53.02979801346577
1592,2,23,pitch_jump,1.0,0.07243565941990188,14.023373631514803,53.06312912472502
1594,2,22,pitch_jump,1.0,0.024634175621691193,13.334315040078414,53.12979134724352
1594,2,24,pitch_jump,1.0,0.11988598876354008,29.185690742462373,53.12979134724352
1595,2,22,pitch_jump,1.0,0.006418090880185855,16.79893673997007,53.16312245850277
1595,2,25,pitch_jump,1.0,0.04381142911484496,22.80507652813364,53.16312245850277
1596,2,3,pitch_jump,1.0,0.05581204560152088,17.256086175292317,53.19645356976202
1596,2,24,pitch_jump,1.0,0.08766946016200462,14.674268114620322,53.19645356976202
1597,2,3,pitch_jump,1.0,0.021874231656006504,20.50538066148158,53.229784681021265
1597,2,14,pitch_jump,1.0,0.05626558266266737,12.131624811158073,53.229784681021265
1597,2,24,pitch_jump,1.0,0.08714755433415676,12.718344020526953,53.229784681021265
1598,2,4,pitch_jump,1.0,0.03293044537668559,16.764907059787145,53.263115792280516
1599,2,22,pitch_jump,1.0,0.01636873065318838,14.895723298461652,53.29644690353977
1599,2,25,pitch_jump,1.0,0.06420950136669948,32.39319779998074,53.29644690353977
1600,2,2,pitch_jump,1.0,0.04037563182198464,14.539869827164239,53.32977801479902
1600,2,4,pitch_jump,1.0,0.03827715539177631,18.53571088574111,53.32977801479902
1600,2,24,pitch_jump,1.0,0.08590241900010619,13.442146471757564,53.32977801479902
1600,2,25,pitch_jump,1.0,0.03423278169344581,22.829626371192788,53.32977801479902
1601,2,2,pitch_jump,1.0,0.01683645629166623,12.573726645639534,53.36310912605826
1601,2,4,pitch_jump,1.0,0.02346507091308188,13.81679172466286,53.36310912605826
1601,2,25,pitch_jump,1.0,0.05109116407084208,15.381158335486568,53.36310912605826
1602,2,3,pitch_jump,1.0,0.03134795271700453,14.366518317665328,53.39644023731751
1602,2,25,pitch_jump,1.0,0.05343398778953542,15.544816933649857,53.39644023731751
1603,2,3,pitch_jump,1.0,0.02619768681218656,16.893579786916533,53.429771348576764
1605,2,3,pitch_jump,1.0,0.03040199431771088,12.467743007371169,53.49643357109526
1605,2,22,pitch_jump,1.0,0.016444254994446426,15.18358849976115,53.49643357109526
1607,2,2,pitch_jump,1.0,0.01864916517463739,13.570809680586688,53.56309579361376
1607,2,4,pitch_jump,1.0,0.016072586824257225,13.746011618768629,53.56309579361376
1607,2,22,pitch_jump,1.0,0.006468330106140443,13.43631160242928,53.56309579361376
1607,2,24,pitch_jump,1.0,0.03863656712687605,14.61201241461028,53.56309579361376
1608,2,3,pitch_jump,1.0,0.042647120468508576,12.921681046684391,53.59642690487301
1608,2,4,pitch_jump,1.0,0.041496945840590424,12.852801621059678,53.59642690487301
1608,2,24,pitch_jump,1.0,0.07396701251077815,13.82453043002149,53.59642690487301
1608,2,25,pitch_jump,1.0,0.011843809039740642,15.62961271903318,53.59642690487301
1609,2,3,pitch_jump,1.0,0.06066886635658258,12.886425358392657,53.62975801613226
1609,2,4,pitch_jump,1.0,0.05659480603336806,14.26178151530007,53.62975801613226
1609,2,24,pitch_jump,1.0,0.08759137833621682,15.764869095317213,53.62975801613226
1609,2,25,pitch_jump,1.0,0.007382348633314859,18.60017203175384,53.62975801613226
1612,2,25,pitch_jump,1.0,0.04515802012748549,12.811469576344374,53.72975134991001
1614,2,25,pitch_jump,1.0,0.05245664368146686,12.743416123769581,53.796413572428506
1616,2,25,pitch_jump,1.0,0.06609479277532214,14.41667067227452,53.86307579494701
1617,2,25,pitch_jump,1.0,0.03386770005437113,12.903788722904148,53.89640690620625
1620,2,25,pitch_jump,1.0,0.08187801377451198,32.58346343346666,53.996400239984006
1621,2,25,pitch_jump,1.0,0.09441576233479819,21.423302061224817,54.02973135124325
1622,2,25,pitch_jump,1.0,0.08288051954230984,17.078539458180696,54.0630624625025
1623,2,8,pitch_jump,1.0,0.014293197968230182,13.485089309102696,54.09639357376175
1623,2,15,pitch_jump,1.0,0.011957205814045175,12.332295909670274,54.09639357376175
1623,2,17,pitch_jump,1.0,0.05034856777254419,14.377262629995158,54.09639357376175
1623,2,19,pitch_jump,1.0,0.04225259885941218,13.038847781231711,54.09639357376175
1623,2,25,pitch_jump,1.0,0.11522024479999049,23.536244329176746,54.09639357376175
1623,2,26,pitch_jump,1.0,0.03371694537466376,12.832596256546717,54.09639357376175
1624,2,2,pitch_jump,1.0,0.027039701001700358,14.18714712278508,54.129724685021
1624,2,4,pitch_jump,1.0,0.03114068105070515,17.408565414905848,54.129724685021
1624,2,24,pitch_jump,1.0,0.011707628633284138,12.71117178748499,54.129724685021
1624,2,25,pitch_jump,1.0,0.09747517250277385,23.662091009733018,54.129724685021
1629,2,25,pitch_jump,1.0,0.04284357925334888,24.532537322379405,54.296380241317244
1630,2,24,pitch_jump,1.0,0.04290757900729518,13.29394068943501,54.329711352576496
1630,2,25,pitch_jump,1.0,0.062019565719261746,14.177992174627333,54.329711352576496
1631,2,25,pitch_jump,1.0,0.03847324200408347,12.849286343288158,54.36304246383575
1632,2,3,pitch_jump,1.0,0.019368487138350054,15.680183888883588,54.396373575095
1632,2,4,pitch_jump,1.0,0.013238052364558306,15.052068439079694,54.396373575095
1632,2,17,pitch_jump,1.0,0.04203447270616731,12.329060520795837,54.396373575095
1632,2,22,pitch_jump,1.0,0.03996826879157907,13.43810995955769,54.396373575095
1632,2,23,pitch_jump,1.0,0.14305856270704173,23.06147656229895,54.396373575095
1632,2,24,pitch_jump,1.0,0.03264902468345007,13.459150752457125,54.396373575095
1632,2,25,pitch_jump,1.0,0.026037848815931602,17.167566705021397,54.396373575095
1633,2,2,pitch_jump,1.0,0.010421006986361447,13.692736946862551,54.42970468635424
1633,2,4,pitch_jump,1.0,0.011311930324285667,16.248129202646886,54.42970468635424
1633,2,7,pitch_jump,1.0,0.6449612353039658,208.0936471612959,54.42970468635424
1633,2,23,pitch_jump,1.0,0.13742409694074387,18.7472759413449,54.42970468635424
1633,2,24,pitch_jump,1.0,0.04612746703251691,15.709914852641374,54.42970468635424
1633,2,25,pitch_jump,1.0,0.03772975810164653,12.580208755538766,54.42970468635424
1635,2,17,pitch_jump,1.0,0.05457785248200818,13.287369118455628,54.496366908872744
1635,2,22,pitch_jump,1.0,0.028015149611640488,23.374638481354275,54.496366908872744
1636,2,7,pitch_jump,1.0,0.6551176897083808,222.19816223843762,54.529698020131995
1638,2,22,pitch_jump,1.0,0.029024805028711916,14.162792439840622,54.59636024265049
1639,2,23,pitch_jump,1.0,0.11576617054097149,16.205382004776045,54.62969135390974
1640,2,25,pitch_jump,1.0,0.02570510244318681,12.188360664310457,54.66302246516899
1641,2,25,pitch_jump,1.0,0.13495639029867693,68.67011526285737,54.69635357642824
1642,2,24,pitch_jump,1.0,0.03373358711800818,14.512296838037186,54.72968468768749
1642,2,25,pitch_jump,1.0,0.042036993170885883,15.145300015192827,54.72968468768749
1643,2,25,pitch_jump,1.0,0.11068639585908442,48.414551714285835,54.76301579894674
1644,2,6,pitch_jump,1.0,0.6465552772186709,220.66901663507545,54.79634691020599
1644,2,25,pitch_jump,1.0,0.0855202699025316,31.832606767995667,54.79634691020599
1645,2,4,pitch_jump,1.0,0.030237117870298882,16.324757061965187,54.829678021465234
1645,2,25,pitch_jump,1.0,0.23227213960942977,92.36066558817892,54.829678021465234
1646,2,25,pitch_jump,1.0,0.17500671095180675,76.16536953294742,54.863009132724486
1647,2,25,pitch_jump,1.0,0.08076251969692522,36.87139321163466,54.89634024398374
1648,2,25,pitch_jump,1.0,0.07947408851398655,39.744992953819605,54.92967135524299
1649,2,25,pitch_jump,1.0,0.12634869839480212,58.31430484643071,54.96300246650223
1650,2,2,pitch_jump,1.0,0.031864350271083315,13.13491467995845,54.99633357776148
1650,2,3,pitch_jump,1.0,0.036376667176656205,12.927038601583288,54.99633357776148
1650,2,4,pitch_jump,1.0,0.07617866941561685,17.5531612861932,54.99633357776148
1650,2,15,pitch_jump,1.0,0.02037515495277093,12.880400842108308,54.99633357776148
1650,2,17,pitch_jump,1.0,0.06053888054263852,16.109714028410043,54.99633357776148
1650,2,22,pitch_jump,1.0,0.05986035647204016,24.87025270028961,54.99633357776148
1650,2,23,pitch_jump,1.0,0.06149199298652436,13.724022200593138,54.99633357776148
1650,2,25,pitch_jump,1.0,0.11143984671972289,54.98491900178107,54.99633357776148
1651,2,2,pitch_jump,1.0,0.05307602479155943,13.841360213434065,55.029664689020734
1651,2,4,pitch_jump,1.0,0.10322601265177281,16.352655474263862,55.029664689020734
1651,2,9,pitch_jump,1.0,0.02721288303474956,14.168435850475689,55.029664689020734
1651,2,19,pitch_jump,1.0,0.0725579291537763,12.290716471215807,55.029664689020734
1651,2,26,pitch_jump,1.0,0.046996527864637656,12.379424719982815,55.029664689020734
1653,2,2,pitch_jump,1.0,0.04355229797852314,15.430984096322932,55.09632691153923
1653,2,3,pitch_jump,1.0,0.06589933036058862,18.915071445931396,55.09632691153923
1653,2,4,pitch_jump,1.0,0.08607982844957462,22.228470849379715,55.09632691153923
1653,2,15,pitch_jump,1.0,0.029152166055313018,14.166114236312124,55.09632691153923
1653,2,23,pitch_jump,1.0,0.07985816937868674,18.59298541583722,55.09632691153923
1653,2,24,pitch_jump,1.0,0.019900921891393586,20.14318386694946,55.09632691153923
1653,2,25,pitch_jump,1.0,0.03081713332642021,18.775934780929965,55.09632691153923
1654,2,17,pitch_jump,1.0,0.06821010380631463,16.30794856634852,55.12965802279848
1655,2,25,pitch_jump,1.0,0.019202412346059145,13.360771220381082,55.16298913405773
1656,2,2,pitch_jump,1.0,0.06232598037646979,13.459973313200654,55.19632024531698
1656,2,4,pitch_jump,1.0,0.09925512227756422,12.06197876497174,55.19632024531698
1656,2,25,pitch_jump,1.0,0.040734952894021466,13.670686918362337,55.19632024531698
1657,2,6,pitch_jump,1.0,0.05658586992217972,13.218012354905541,55.22965135657623
1659,2,2,pitch_jump,1.0,0.06069890096973365,13.19096308013272,55.29631357909473
1659,2,3,pitch_jump,1.0,0.065744097492413,14.0454720954139,55.29631357909473
1659,2,4,pitch_jump,1.0,0.0919017162368893,16.040594155119496,55.29631357909473
1659,2,24,pitch_jump,1.0,0.027547798532321012,13.127011591684598,55.29631357909473
1659,2,25,pitch_jump,1.0,0.15392364412448453,63.647916403738066,55.29631357909473
1660,2,2,pitch_jump,1.0,0.07396786203210685,14.23438910935297,55.32964469035398
1660,2,4,pitch_jump,1.0,0.09199231409174286,14.984455565065598,55.32964469035398
1660,2,6,pitch_jump,1.0,0.06932854142612109,13.328073078647403,55.32964469035398
1660,2,15,pitch_jump,1.0,0.028365622835642652,12.602188985999163,55.32964469035398
1660,2,24,pitch_jump,1.0,0.021130543384290976,19.133405659389563,55.32964469035398
1660,2,25,pitch_jump,1.0,0.04021609723192208,13.244513235695903,55.32964469035398
1662,2,6,pitch_jump,1.0,0.06994514332506822,16.345829277801307,55.396306912872475
1662,2,9,pitch_jump,1.0,0.08640547487666812,13.071362746123794,55.396306912872475
1662,2,18,pitch_jump,1.0,0.07586825049109434,12.090188571675945,55.396306912872475
1662,2,25,pitch_jump,1.0,0.03985763805894014,25.59990747687679,55.396306912872475
1664,2,2,pitch_jump,1.0,0.051731537458720105,20.65223071537759,55.46296913539098
1664,2,3,pitch_jump,1.0,0.01825964624037307,37.952975880655046,55.46296913539098
1664,2,4,pitch_jump,1.0,0.04676726942835699,23.01072245755915,55.46296913539098
1664,2,5,pitch_jump,1.0,0.01526442604522654,16.333949243016118,55.46296913539098
1664,2,8,pitch_jump,1.0,0.022130689755385038,19.791215875173705,55.46296913539098
1664,2,14,pitch_jump,1.0,0.024904961373418546,14.171489487291327,55.46296913539098
1664,2,15,pitch_jump,1.0,0.02269463341932994,21.54027915324729,55.46296913539098
1664,2,17,pitch_jump,1.0,0.025427765843478417,33.38141825996466,55.46296913539098
1664,2,18,pitch_jump,1.0,0.03493919966000587,15.123082648903411,55.46296913539098
1664,2,19,pitch_jump,1.0,0.06065208929568702,18.1061542018915,55.46296913539098
1664,2,22,pitch_jump,1.0,0.030392111097677463,15.991608385013796,55.46296913539098
1664,2,23,pitch_jump,1.0,0.1045978678540729,31.86597415436125,55.46296913539098
1664,2,24,pitch_jump,1.0,0.014578018172616076,30.132989697521197,55.46296913539098
1664,2,25,pitch_jump,1.0,0.031341386606350316,42.21144458335094,55.46296913539098
1665,2,3,pitch_jump,1.0,0.05743986346357997,13.060818756915971,55.49630024665023
1665,2,23,pitch_jump,1.0,0.12948136303865568,22.01615545161787,55.49630024665023
1666,2,2,pitch_jump,1.0,0.17423251498400213,29.35600551293463,55.52963135790947
1666,2,3,pitch_jump,1.0,0.05774866412445711,13.16090171248922,55.52963135790947
1666,2,25,pitch_jump,1.0,0.13393365907655516,32.51511746430065,55.52963135790947
1667,2,2,pitch_jump,1.0,0.1128625017338335,19.313324656750524,55.562962469168724
1668,2,25,pitch_jump,1.0,0.09270615523100238,33.63940509594912,55.596293580427975
1669,2,3,pitch_jump,1.0,0.062276570494320185,17.366610889689078,55.629624691687226
1669,2,5,pitch_jump,1.0,0.04229830568944197,17.891336446989353,55.629624691687226
1669,2,6,pitch_jump,1.0,0.0640481833105547,28.368248325819398,55.629624691687226
1669,2,8,pitch_jump,1.0,0.028568111277603066,26.415432755811896,55.629624691687226
1669,2,9,pitch_jump,1.0,0.06450070286044586,18.96578518593049,55.629624691687226
1669,2,15,pitch_jump,1.0,0.029821870420569007,20.339441822146938,55.629624691687226
1669,2,17,pitch_jump,1.0,0.05663285660814665,39.209746419149674,55.629624691687226
1669,2,18,pitch_jump,1.0,0.05438804090112418,26.796629574930527,55.629624691687226
1669,2,19,pitch_jump,1.0,0.056130730406571974,16.449131153710013,55.629624691687226
1669,2,20,pitch_jump,1.0,0.0524089951620566,26.336766389803827,55.629624691687226
1669,2,22,pitch_jump,1.0,0.04128443133518224,34.02680131621576,55.629624691687226
1669,2,26,pitch_jump,1.0,0.059958105575695746,28.097854888674995,55.629624691687226
1671,2,2,pitch_jump,1.0,0.11657447499590837,16.685884215277145,55.69628691420572
1671,2,3,pitch_jump,1.0,0.044175110188441884,19.2233414204581,55.69628691420572
1671,2,4,pitch_jump,1.0,0.09090044109661889,18.964184506926163,55.69628691420572
1671,2,5,pitch_jump,1.0,0.035771497849546204,13.901338274378858,55.69628691420572
1671,2,6,pitch_jump,1.0,0.05374824815331229,15.406979262448834,55.69628691420572
1671,2,8,pitch_jump,1.0,0.024713303978496547,13.179217759453312,55.69628691420572
1671,2,9,pitch_jump,1.0,0.07783743456168445,15.148063879484,55.69628691420572
1671,2,14,pitch_jump,1.0,0.04948454106483061,12.719165233857263,55.69628691420572
1671,2,15,pitch_jump,1.0,0.026645243991821242,16.336097512725924,55.69628691420572
1671,2,18,pitch_jump,1.0,0.04147609840663328,15.034369313594272,55.69628691420572
1671,2,19,pitch_jump,1.0,0.06007807490948429,14.924392830786655,55.69628691420572
1671,2,20,pitch_jump,1.0,0.04973672532698207,15.899400092261715,55.69628691420572
1671,2,23,pitch_jump,1.0,0.0345918274645476,16.007436609762877,55.69628691420572
1671,2,24,pitch_jump,1.0,0.02216653483286876,14.622739231201216,55.69628691420572
1671,2,25,pitch_jump,1.0,0.016676357284413353,17.447371305495988,55.69628691420572
1671,2,26,pitch_jump,1.0,0.04706295561539137,13.4938890270958,55.69628691420572
1672,2,2,pitch_jump,1.0,0.1491980669042179,30.60584856796885,55.72961802546497
1672,2,9,pitch_jump,1.0,0.08810020530086964,12.30811194902309,55.72961802546497
1673,2,2,pitch_jump,1.0,0.08586899892119779,16.107934132369387,55.762949136724224
1674,2,24,pitch_jump,1.0,0.03803240063996433,12.80702715098568,55.79628024798347
1676,2,2,pitch_jump,1.0,0.05606303374312337,17.97986725112302,55.86294247050197
1676,2,3,pitch_jump,1.0,0.03564456941183476,17.264270811954695,55.86294247050197
1676,2,4,pitch_jump,1.0,0.04465447266181615,20.12221988873124,55.86294247050197
1676,2,9,pitch_jump,1.0,0.06584226548631118,12.729209821187917,55.86294247050197
1676,2,22,pitch_jump,1.0,0.025560267645500227,13.387265798810343,55.86294247050197
1676,2,23,pitch_jump,1.0,0.035746561642953444,15.63792736199592,55.86294247050197
1676,2,24,pitch_jump,1.0,0.0847962450991474,20.267429857710514,55.86294247050197
1676,2,25,pitch_jump,1.0,0.012730920703791736,19.299301170840508,55.86294247050197
1677,2,2,pitch_jump,1.0,0.05023690212487709,14.809151064203874,55.89627358176122
1677,2,3,pitch_jump,1.0,0.07943244524924294,17.96961876845831,55.89627358176122
1677,2,4,pitch_jump,1.0,0.07613184145181322,35.43691880838356,55.89627358176122
1677,2,17,pitch_jump,1.0,0.032136707834009536,15.46856177208389,55.89627358176122
1677,2,23,pitch_jump,1.0,0.02491197439623747,19.381981283032033,55.89627358176122
1677,2,24,pitch_jump,1.0,0.0668903008012526,25.278458367727698,55.89627358176122
1677,2,25,pitch_jump,1.0,0.034218581090249674,23.96273173340837,55.89627358176122
1678,2,2,pitch_jump,1.0,0.07371845432376767,12.381171800848161,55.929604693020465
1678,2,23,pitch_jump,1.0,0.020841389444237256,17.315341495408866,55.929604693020465
1680,2,23,pitch_jump,1.0,0.04659965424787502,14.485337625088903,55.99626691553897
1681,2,19,pitch_jump,1.0,0.07424588412145264,14.166426876421244,56.02959802679822
1683,2,2,pitch_jump,1.0,0.08261240603319447,13.096626099408141,56.096260249316714
1683,2,3,pitch_jump,1.0,0.0764967045093437,13.405761604501912,56.096260249316714
1684,2,2,pitch_jump,1.0,0.0906204393949065,14.58870365780117,56.129591360575965
1684,2,19,pitch_jump,1.0,0.07628666624674944,13.069697360166217,56.129591360575965
1684,2,22,pitch_jump,1.0,0.02165505731617719,13.421251361448533,56.129591360575965
1684,2,25,pitch_jump,1.0,0.04533123499104137,12.40158175565716,56.129591360575965
1686,2,2,pitch_jump,1.0,0.07035140919678974,15.35432978062557,56.19625358309446
1686,2,3,pitch_jump,1.0,0.05540408152042517,13.484781478131017,56.19625358309446
1686,2,4,pitch_jump,1.0,0.04711189121939926,12.53561354541799,56.19625358309446
1686,2,14,pitch_jump,1.0,0.033096940385157474,12.596172742433817,56.19625358309446
1686,2,19,pitch_jump,1.0,0.06970739855019206,12.986917488942547,56.19625358309446
1686,2,23,pitch_jump,1.0,0.019138811958828605,21.891304390119238,56.19625358309446
1686,2,25,pitch_jump,1.0,0.025037959070187358,28.224894849457343,56.19625358309446
1687,2,2,pitch_jump,1.0,0.08416215719587321,12.523518927670585,56.22958469435371
1687,2,24,pitch_jump,1.0,0.039363482417076795,14.302371631070663,56.22958469435371
1687,2,25,pitch_jump,1.0,0.019818751625479584,13.520317437681125,56.22958469435371
1689,2,25,pitch_jump,1.0,0.00466072699352934,13.406712685775311,56.296246916872214
1691,2,17,pitch_jump,1.0,0.01892937327342232,14.640405357949872,56.36290913939071
1691,2,22,pitch_jump,1.0,0.008389930202512769,20.373271081011648,56.36290913939071
1693,2,2,pitch_jump,1.0,0.09492712324559244,13.221851337399379,56.42957136190921
1693,2,4,pitch_jump,1.0,0.030771945233052662,13.610444443516782,56.42957136190921
1693,2,25,pitch_jump,1.0,0.12510376239046345,52.94634438645213,56.42957136190921
1694,2,25,pitch_jump,1.0,0.03628870941329598,15.014870882525475,56.462902473168455
1695,2,2,pitch_jump,1.0,0.066170918262782,13.111463541118631,56.496233584427706
1695,2,23,pitch_jump,1.0,0.06710174924683207,15.757319816240576,56.496233584427706
1696,2,25,pitch_jump,1.0,0.03924533105923296,14.982735543228825,56.52956469568696
1697,2,3,pitch_jump,1.0,0.03169633934599962,12.818580004522714,56.56289580694621
1697,2,23,pitch_jump,1.0,0.04363246428203965,14.825947958884711,56.56289580694621
1697,2,25,pitch_jump,1.0,0.08024865067516704,26.664699737235964,56.56289580694621
1698,2,1,pitch_jump,4.0,0.7499547661924904,188.15603664492397,56.59622691820545
1698,2,2,pitch_jump,1.0,0.07879854955371697,13.756036509256257,56.59622691820545
1698,2,19,pitch_jump,1.0,0.08158339165461115,12.009654379680164,56.59622691820545
1698,2,22,pitch_jump,1.0,0.017939685088618696,14.606478233118548,56.59622691820545
1698,2,25,pitch_jump,1.0,0.07999119913176522,25.21716797802903,56.59622691820545
1699,2,9,pitch_jump,1.0,0.052244452499750224,12.810840682620144,56.629558029464704
1699,2,25,pitch_jump,1.0,0.05197751002726329,12.001194702187524,56.629558029464704
1701,2,22,pitch_jump,1.0,0.015476781932341728,14.813703085449669,56.696220251983206
1703,2,1,pitch_jump,1.0,0.008191530949595294,16.09041249125343,56.7628824745017
1703,2,2,pitch_jump,1.0,0.04187615959731877,16.69800076918054,56.7628824745017
1703,2,19,pitch_jump,1.0,0.06060308425784895,14.510794508804475,56.7628824745017
1703,2,22,pitch_jump,1.0,0.012719508918307249,16.09079980401368,56.7628824745017
1703,2,25,pitch_jump,1.0,0.04051374186364213,14.682648928199237,56.7628824745017
1704,2,17,pitch_jump,1.0,0.009900914146757835,13.228122612400908,56.79621358576095
1704,2,19,pitch_jump,1.0,0.0713975272012907,16.44529544201604,56.79621358576095
1704,2,22,pitch_jump,1.0,0.012793297487535325,15.919562540175097,56.79621358576095
1704,2,24,pitch_jump,3.0,0.05986798649125893,14.82589703984967,56.79621358576095
1705,2,1,pitch_jump,1.0,0.01840777058645792,13.626714772954873,56.829544697020204
1705,2,23,pitch_jump,1.0,0.029000080763510468,13.854423918674257,56.829544697020204
1705,2,24,pitch_jump,1.0,0.11575551466140838,43.591029338976725,56.829544697020204
1706,2,3,pitch_jump,1.0,0.018735083390669885,14.014421823809444,56.86287580827945
1706,2,24,pitch_jump,1.0,0.037053023813586806,16.72370525803592,56.86287580827945
1707,2,2,pitch_jump,1.0,0.0673156777820155,12.007925319618204,56.8962069195387
1707,2,24,pitch_jump,1.0,0.05937815046705924,23.19020384947778,56.8962069195387
1708,2,2,pitch_jump,1.0,0.06607199036928435,12.487809522398079,56.92953803079795
1708,2,19,pitch_jump,1.0,0.07065310790479844,13.230001283618943,56.92953803079795
1708,2,23,pitch_jump,1.0,0.031955469996899556,15.762275762020122,56.92953803079795
1708,2,24,pitch_jump,1.0,0.03530819698919924,15.938118003414555,56.92953803079795
1710,2,1,pitch_jump,1.0,0.032285833486203896,12.710961320514604,56.996200253316445
1710,2,2,pitch_jump,1.0,0.05398226366079193,18.26261683383212,56.996200253316445
1710,2,3,pitch_jump,1.0,0.043830787395157306,13.296430857241456,56.996200253316445
1711,2,1,pitch_jump,1.0,0.025464213422347403,15.482255944692357,57.029531364575696
1711,2,2,pitch_jump,1.0,0.061599751506006,19.90027198440869,57.029531364575696
1711,2,3,pitch_jump,1.0,0.04948942677189211,16.42437093290334,57.029531364575696
1711,2,22,pitch_jump,1.0,0.012020578437371613,13.222356078378215,57.029531364575696
1712,2,1,pitch_jump,1.0,0.01850319939679413,12.644091450346814,57.06286247583495
1712,2,2,pitch_jump,1.0,0.037273972233049985,12.412775129844666,57.06286247583495
1712,2,19,pitch_jump,1.0,0.06730349946645198,12.634828949394135,57.06286247583495
1712,2,23,pitch_jump,1.0,0.03819431451139322,15.189431779088512,57.06286247583495
1712,2,24,pitch_jump,1.0,0.04053342348649884,13.308897236562352,57.06286247583495
1712,2,25,pitch_jump,1.0,0.04646160022074402,21.786911767627913,57.06286247583495
1713,2,2,pitch_jump,1.0,0.06259906886726914,13.94193632096895,57.0961935870942
1713,2,19,pitch_jump,1.0,0.11437348688570836,16.872617508714047,57.0961935870942
1713,2,25,pitch_jump,1.0,0.03555778726003864,18.693763129296407,57.0961935870942
1714,2,1,pitch_jump,1.0,0.02761593539149893,20.33954183532134,57.12952469835344
1714,2,2,pitch_jump,1.0,0.06949804077895792,18.204723826178714,57.12952469835344
1714,2,3,pitch_jump,1.0,0.046190649992922744,18.793742380619552,57.12952469835344
1714,2,15,pitch_jump,1.0,0.020366775340566818,12.61090367536305,57.12952469835344
1714,2,24,pitch_jump,1.0,0.05618083058989578,14.346703318969551,57.12952469835344
1714,2,25,pitch_jump,1.0,0.12259575829634925,46.23183587770917,57.12952469835344
1715,2,25,pitch_jump,1.0,0.04265140103303801,19.91912116528573,57.162855809612694
1716,2,2,pitch_jump,1.0,0.046299667093643804,17.257865085314286,57.196186920871945
1716,2,19,pitch_jump,3.0,0.10469148857360074,19.51538746761747,57.196186920871945
1716,2,23,pitch_jump,1.0,0.014854698383400025,12.244430407814084,57.196186920871945
1716,2,25,pitch_jump,1.0,0.05292437390858998,12.113689022234272,57.196186920871945
1717,2,19,pitch_jump,1.0,0.10054321730013963,26.805989521540486,57.229518032131196
1718,2,1,pitch_jump,1.0,0.008581254545037309,16.0393711624036,57.26284914339044
1718,2,2,pitch_jump,1.0,0.020852391820067394,13.516739649077161,57.26284914339044
1718,2,19,pitch_jump,1.0,0.06190164157935551,12.314210564965451,57.26284914339044
1718,2,23,pitch_jump,1.0,0.011909078171010638,12.4553332875106,57.26284914339044
1722,2,2,pitch_jump,1.0,0.03345426278081157,14.272124958822515,57.39617358842744
1722,2,19,pitch_jump,1.0,0.04032419050377011,13.532183896401824,57.39617358842744
1723,2,19,pitch_jump,1.0,0.09801543322366466,30.050616840970047,57.42950469968669
1724,2,19,pitch_jump,1.0,0.052051730561638206,18.78054705697562,57.46283581094594
1726,2,2,pitch_jump,1.0,0.04329711677658706,19.56026409855995,57.529498033464435
1731,2,25,pitch_jump,1.0,0.04685426908188,16.205738825946142,57.696153589760684
1732,2,25,pitch_jump,1.0,0.0787302953749628,27.428866009585835,57.729484701019935
1736,2,19,pitch_jump,1.0,0.11264352225406743,35.01842980931912,57.86280914605693
1737,2,2,pitch_jump,1.0,0.026666479261628857,13.372010158181338,57.89614025731618
1737,2,3,pitch_jump,1.0,0.007384180084383703,17.328316854080832,57.89614025731618
1737,2,5,pitch_jump,1.0,0.009824637897499546,15.443499959823388,57.89614025731618
1737,2,19,pitch_jump,1.0,0.0795012694151093,31.356358559144425,57.89614025731618
1737,2,23,pitch_jump,1.0,0.020029892928328324,19.811222515841955,57.89614025731618
1737,2,24,pitch_jump,1.0,0.053046793771653986,13.574622741513688,57.89614025731618
1737,2,25,pitch_jump,1.0,0.02885003525891157,16.517365130474357,57.89614025731618
1738,2,2,pitch_jump,1.0,0.020592998012544467,13.545982421595248,57.92947136857543
1738,2,3,pitch_jump,1.0,0.020868377742551552,15.579685760526143,57.92947136857543
1738,2,4,pitch_jump,1.0,0.04913550388008242,15.595840091374898,57.92947136857543
1738,2,5,pitch_jump,1.0,0.021502110801734163,15.479919568260923,57.92947136857543
1738,2,9,pitch_jump,1.0,0.035042777393308716,12.655060013583581,57.92947136857543
1738,2,19,pitch_jump,1.0,0.022015802287622625,15.637025758869399,57.92947136857543
1738,2,23,pitch_jump,1.0,0.020894877129574038,15.376956985986366,57.92947136857543
1739,2,4,pitch_jump,1.0,0.029670832698011098,13.773768890553665,57.96280247983468
1739,2,19,pitch_jump,1.0,0.034393071924431855,13.63278488803099,57.96280247983468
1739,2,23,pitch_jump,1.0,0.07673622166500817,12.182017878628741,57.96280247983468
1740,2,4,pitch_jump,1.0,0.07338420470300318,13.528106561444577,57.99613359109393
1740,2,23,pitch_jump,1.0,0.034180306014573884,20.322131373395177,57.99613359109393
1741,2,3,pitch_jump,1.0,0.049438864301892475,12.89547644158764,58.02946470235318
1741,2,4,pitch_jump,1.0,0.07713608062346942,18.805445769592048,58.02946470235318
1741,2,12,pitch_jump,1.0,0.06731489808576102,36.181266498119946,58.02946470235318
1741,2,23,pitch_jump,1.0,0.1275410289756848,33.52023321180558,58.02946470235318
1742,2,12,pitch_jump,1.0,0.1034026312024356,44.302348085651026,58.062795813612425
1742,2,19,pitch_jump,1.0,0.051037042793130614,16.892139813861558,58.062795813612425
1742,2,23,pitch_jump,1.0,0.0565482734883663,16.410665530292842,58.062795813612425
1743,2,3,pitch_jump,1.0,0.047505711957866216,15.564136152333974,58.096126924871676
1743,2,4,pitch_jump,1.0,0.0833311273594679,21.38865591757366,58.096126924871676
1743,2,12,pitch_jump,1.0,0.13995029412630286,63.49910017584098,58.096126924871676
1743,2,23,pitch_jump,1.0,0.06631419146486836,16.654145361517084,58.096126924871676
1744,2,4,pitch_jump,1.0,0.10372892600675149,15.903399518713051,58.12945803613093
1744,2,5,pitch_jump,1.0,0.05974000094734978,13.112357501854298,58.12945803613093
1744,2,24,pitch_jump,1.0,0.11151649167083255,12.502162313733244,58.12945803613093
1745,2,4,pitch_jump,1.0,0.06472553549440785,16.592372958667948,58.16278914739018
1745,2,23,pitch_jump,1.0,0.018611217015145433,15.420402818260982,58.16278914739018
1745,2,25,pitch_jump,1.0,0.09249153990423756,43.00162041000968,58.16278914739018
1746,2,17,pitch_jump,1.0,0.04444961124897849,18.31443524837556,58.19612025864942
1746,2,22,pitch_jump,1.0,0.04301756732065048,22.713875795883343,58.19612025864942
1746,2,23,pitch_jump,1.0,0.06056834005854274,21.211451014948103,58.19612025864942
1746,2,25,pitch_jump,1.0,0.10771099335940029,31.361332729960658,58.19612025864942
1747,2,4,pitch_jump,1.0,0.1326627587257958,18.367813236061377,58.22945136990867
1747,2,25,pitch_jump,1.0,0.07825385318475742,17.914102236551475,58.22945136990867
1748,2,4,pitch_jump,1.0,0.06138436641022577,13.92300427418925,58.262782481167925
1748,2,23,pitch_jump,1.0,0.04497486260068687,14.403301543338952,58.262782481167925
1749,2,3,pitch_jump,1.0,0.08671293679885855,12.944027989493572,58.296113592427176
1749,2,24,pitch_jump,1.0,0.143407213957384,12.98082213789932,58.296113592427176
1750,2,3,pitch_jump,1.0,0.09001851911090325,23.145690758815928,58.32944470368642
1750,2,4,pitch_jump,1.0,0.14328846683572644,14.54040548498329,58.32944470368642
1750,2,17,pitch_jump,1.0,0.04604196072109853,13.214270818571041,58.32944470368642
1750,2,23,pitch_jump,1.0,0.08050233055894887,20.3832916522261,58.32944470368642
1750,2,25,pitch_jump,1.0,0.13626942842064954,29.391349789214377,58.32944470368642
1753,2,4,pitch_jump,1.0,0.1666725336434669,16.02190361602395,58.42943803746417
1753,2,25,pitch_jump,1.0,0.17223188396489444,27.10903006673821,58.42943803746417
1754,2,9,pitch_jump,1.0,0.03350548783894854,12.877924808724302,58.46276914872342
1754,2,17,pitch_jump,1.0,0.03925576304000662,12.834220592294685,58.46276914872342
1754,2,25,pitch_jump,1.0,0.08596121973301801,12.398519945382278,58.46276914872342
1755,2,3,pitch_jump,1.0,0.12218238794963553,18.21694704529669,58.49610025998267
1755,2,4,pitch_jump,1.0,0.18112724861564475,18.779489160459523,58.49610025998267
1755,2,17,pitch_jump,1.0,0.08912852946441212,12.681143006375269,58.49610025998267
1755,2,22,pitch_jump,1.0,0.06579231450959762,12.695827739472607,58.49610025998267
1755,2,23,pitch_jump,1.0,0.11478208585605532,12.072024610147198,58.49610025998267
1755,2,25,pitch_jump,1.0,0.17377467453072137,13.516694025733937,58.49610025998267
1756,2,5,pitch_jump,1.0,0.10239841170734701,15.117149333703306,58.52943137124192
1756,2,8,pitch_jump,1.0,0.05268158275755899,12.334944768211196,58.52943137124192
1756,2,9,pitch_jump,1.0,0.08980937779732384,13.040347692124744,58.52943137124192
1756,2,15,pitch_jump,1.0,0.09133207649909592,14.57191051587325,58.52943137124192
1756,2,19,pitch_jump,1.0,0.08535834813660668,19.651922448124775,58.52943137124192
1756,2,23,pitch_jump,1.0,0.09453952127246129,22.466888460429583,58.52943137124192
1756,2,24,pitch_jump,1.0,0.15991943660074237,15.825192182239752,58.52943137124192
1756,2,25,pitch_jump,1.0,0.17121487715787304,13.996873127956759,58.52943137124192
1757,2,15,pitch_jump,1.0,0.07053348200077494,25.04320390395405,58.56276248250117
1757,2,17,pitch_jump,1.0,0.032228497157053136,13.079305779262203,58.56276248250117
1757,2,22,pitch_jump,1.0,0.025834462103925676,12.475987557018547,58.56276248250117
1758,2,17,pitch_jump,1.0,0.08150011886976283,13.440129607246226,58.596093593760415
1758,2,23,pitch_jump,1.0,0.08658831980893451,13.61784815359596,58.596093593760415
1759,2,3,pitch_jump,1.0,0.1579796025738537,35.6802195492189,58.629424705019666
1759,2,8,pitch_jump,1.0,0.07348626287579166,12.200478637587878,58.629424705019666
1759,2,9,pitch_jump,1.0,0.0856828619764327,13.895847471858898,58.629424705019666
1759,2,15,pitch_jump,1.0,0.19683061110074812,37.94189520770421,58.629424705019666
1759,2,17,pitch_jump,1.0,0.06696122826065093,21.11653674605824,58.629424705019666
1759,2,19,pitch_jump,1.0,0.09831112227295909,19.68615913847044,58.629424705019666
1759,2,22,pitch_jump,1.0,0.06179746648616344,12.61270893921093,58.629424705019666
1759,2,23,pitch_jump,1.0,0.0755750683774665,39.511701205311276,58.629424705019666
1759,2,24,pitch_jump,1.0,0.18159050531060006,16.510287507821086,58.629424705019666
1759,2,25,pitch_jump,1.0,0.16669780619755503,40.076860009561045,58.629424705019666
1760,2,4,pitch_jump,2.0,0.12228883225429782,15.552579823959908,58.66275581627892
1760,2,23,pitch_jump,1.0,0.013783826963346263,13.92048113721217,58.66275581627892
1761,2,3,pitch_jump,1.0,0.16636451182358422,18.94569273972789,58.69608692753817
1761,2,4,pitch_jump,1.0,0.19514834883150164,25.940351127991402,58.69608692753817
1761,2,5,pitch_jump,1.0,0.08327972506157039,13.47625330517477,58.69608692753817
1761,2,15,pitch_jump,1.0,0.16382601939629768,29.728030489378913,58.69608692753817
1761,2,19,pitch_jump,1.0,0.11161722818542666,21.117898879986534,58.69608692753817
1761,2,22,pitch_jump,1.0,0.06527338576232235,13.112071126944794,58.69608692753817
1761,2,23,pitch_jump,1.0,0.10893139318348109,27.41142055293812,58.69608692753817
1761,2,24,pitch_jump,1.0,0.1846798660496819,14.448898948520185,58.69608692753817
1761,2,25,pitch_jump,1.0,0.1794506086253006,19.765189705411014,58.69608692753817
1762,2,4,pitch_jump,1.0,0.17507644640540873,14.673304232960739,58.72941803879741
1762,2,9,pitch_jump,1.0,0.08163219936174872,12.94233675090555,58.72941803879741
1762,2,15,pitch_jump,1.0,0.1671232766328517,18.49791932279828,58.72941803879741
1762,2,25,pitch_jump,1.0,0.17493540890040463,23.88230498707458,58.72941803879741
1763,2,25,pitch_jump,1.0,0.08382679520996038,13.96467296329119,58.76274915005666
1764,2,3,pitch_jump,1.0,0.15475830477794777,12.167034515948021,58.796080261315915
1764,2,17,pitch_jump,1.0,0.11284040338920202,15.60891109111317,58.796080261315915
1764,2,22,pitch_jump,1.0,0.06718918482665427,16.89508359367476,58.796080261315915
1765,2,24,pitch_jump,1.0,0.17935746132907449,13.630607784431954,58.829411372575166
1766,2,5,pitch_jump,1.0,0.03691964021664071,14.703418711778571,58.86274248383441
1766,2,6,pitch_jump,1.0,0.03298831662286873,12.941877912483626,58.86274248383441
1766,2,9,pitch_jump,1.0,0.026963684993361596,18.615668784494957,58.86274248383441
1766,2,15,pitch_jump,1.0,0.0674101645092002,12.353581770946574,58.86274248383441
1766,2,18,pitch_jump,1.0,0.014842839062758822,15.105196043474548,58.86274248383441
1766,2,23,pitch_jump,1.0,0.040675436624214294,15.448753734759773,58.86274248383441
1766,2,24,pitch_jump,1.0,0.09159560783596873,15.891155484986788,58.86274248383441
1766,2,26,pitch_jump,1.0,0.047292925388410345,12.01258392597129,58.86274248383441
1767,2,9,pitch_jump,1.0,0.10312561827718898,12.783584475268366,58.89607359509366
1767,2,18,pitch_jump,1.0,0.06150084320257668,12.880976666892726,58.89607359509366
1768,2,3,pitch_jump,1.0,0.2034743872576992,23.936154310403246,58.92940470635291
1768,2,15,pitch_jump,1.0,0.14422565501423623,13.870448642056704,58.92940470635291
1768,2,17,pitch_jump,1.0,0.12937320896405377,15.382030938179167,58.92940470635291
1768,2,23,pitch_jump,1.0,0.11473609145264708,14.82959849928705,58.92940470635291
1769,2,2,pitch_jump,1.0,0.09202712421604133,30.730457441041104,58.96273581761216
1769,2,3,pitch_jump,1.0,0.0781537328565643,14.143623868512055,58.96273581761216
1769,2,12,pitch_jump,1.0,0.08104565495349267,14.779183343161261,58.96273581761216
1769,2,23,pitch_jump,1.0,0.03485988236303378,17.471924535804778,58.96273581761216
1769,2,25,pitch_jump,1.0,0.07925056135398936,21.916289662156228,58.96273581761216
1770,2,3,pitch_jump,1.0,0.16647346682920366,14.907679647957226,58.99606692887141
1770,2,5,pitch_jump,1.0,0.10771463057211217,16.337924881888416,58.99606692887141
1770,2,6,pitch_jump,1.0,0.06870752841568252,18.017464764296246,58.99606692887141
1770,2,8,pitch_jump,1.0,0.07413658494861475,15.96500355836229,58.99606692887141
1770,2,9,pitch_jump,1.0,0.09530276028205337,21.890078615210854,58.99606692887141
1770,2,17,pitch_jump,1.0,0.11660826851588019,28.470803337547743,58.99606692887141
1770,2,18,pitch_jump,1.0,0.0813447035422838,19.594605405700577,58.99606692887141
1770,2,19,pitch_jump,1.0,0.13471689363915523,12.789031596962852,58.99606692887141
1770,2,20,pitch_jump,1.0,0.06351596218083758,17.485976715933013,58.99606692887141
1770,2,22,pitch_jump,1.0,0.09273826174207424,32.403863168518676,58.99606692887141
1770,2,23,pitch_jump,1.0,0.10704020600720607,17.680506517399614,58.99606692887141
1770,2,24,pitch_jump,1.0,0.17402010059955,16.796491835434384,58.99606692887141
1770,2,26,pitch_jump,1.0,0.10101796227624775,16.260927085619166,58.99606692887141
1771,2,2,pitch_jump,1.0,0.48288859091652997,160.68941665058588,59.02939804013066
1771,2,6,pitch_jump,1.0,0.07096420352915936,13.930719386042696,59.02939804013066
1771,2,9,pitch_jump,1.0,0.09587448452632462,16.50434304264044,59.02939804013066
1771,2,15,pitch_jump,1.0,0.15944317028333402,26.841665787339117,59.02939804013066
1771,2,18,pitch_jump,1.0,0.09127598141039306,14.599967248273213,59.02939804013066
1771,2,25,pitch_jump,1.0,0.1811889262812953,17.1864627239864,59.02939804013066
1772,2,15,pitch_jump,1.0,0.11246209861227953,32.07696851167463,59.06272915138991
1773,2,15,pitch_jump,1.0,0.13348663622106216,19.860181125783296,59.09606026264916
1773,2,18,pitch_jump,1.0,0.08851855698602855,14.158581147252645,59.09606026264916
1774,2,23,pitch_jump,1.0,0.15055339000151657,12.193485577568632,59.12939137390841
1776,2,23,pitch_jump,1.0,0.13576399317938356,14.157119951918178,59.19605359642691
1777,2,2,pitch_jump,1.0,0.13609203598835845,12.080205284360602,59.22938470768616
1777,2,3,pitch_jump,1.0,0.1835301277434917,16.06862613987129,59.22938470768616
1777,2,9,pitch_jump,1.0,0.10863898722327109,12.989268768399757,59.22938470768616
1777,2,14,pitch_jump,1.0,0.17331344242528457,20.206687480881424,59.22938470768616
1777,2,23,pitch_jump,1.0,0.1271637791993583,22.18150146147452,59.22938470768616
1777,2,25,pitch_jump,1.0,0.17768265170909922,17.07215015942479,59.22938470768616
1778,2,14,pitch_jump,1.0,0.07436158507370409,14.36241646873913,59.26271581894541
1778,2,17,pitch_jump,1.0,0.06602687979721196,19.247925558349074,59.26271581894541
1778,2,22,pitch_jump,1.0,0.03280469525004889,19.762484334141597,59.26271581894541
1779,2,3,pitch_jump,1.0,0.2117096057070581,12.616904126959547,59.29604693020465
1779,2,17,pitch_jump,1.0,0.1298300565819832,21.680225801905344,59.29604693020465
1779,2,22,pitch_jump,1.0,0.09745881701885596,21.056653462244157,59.29604693020465
1779,2,25,pitch_jump,1.0,0.2033582385426657,12.126692930476223,59.29604693020465
1780,2,1,pitch_jump,1.0,0.16746981922265103,12.427754257111088,59.329378041463904
1780,2,3,pitch_jump,1.0,0.1860199822664045,26.534725637451512,59.329378041463904
1780,2,9,pitch_jump,1.0,0.11413546683208896,13.987542948044313,59.329378041463904
1780,2,11,pitch_jump,1.0,0.06413185464236167,24.12132187353602,59.329378041463904
1780,2,12,pitch_jump,1.0,0.19751021414474,21.910428984729784,59.329378041463904
1780,2,15,pitch_jump,1.0,0.14813212270799367,16.131769548843142,59.329378041463904
1780,2,17,pitch_jump,1.0,0.11615096983702343,24.349437529045847,59.329378041463904
1780,2,19,pitch_jump,1.0,0.16295996849392078,16.235815389988804,59.329378041463904
1780,2,22,pitch_jump,1.0,0.09369905330244316,35.326426066820396,59.329378041463904
1780,2,23,pitch_jump,1.0,0.13424174842785613,29.531154589979465,59.329378041463904
1780,2,25,pitch_jump,1.0,0.20273058995316662,23.82569201052707,59.329378041463904
1781,2,1,pitch_jump,1.0,0.0784967592818473,18.18560511578829,59.362709152723156
1781,2,2,pitch_jump,1.0,0.054835255050045904,12.96341050661696,59.362709152723156
1781,2,3,pitch_jump,1.0,0.08914502576817403,32.346683348375194,59.362709152723156
1781,2,11,pitch_jump,1.0,0.021929395249684975,19.641690959186025,59.362709152723156
1781,2,12,pitch_jump,1.0,0.10216336264826845,19.350948835835293,59.362709152723156
1781,2,15,pitch_jump,1.0,0.0614984008200339,18.000377397768812,59.362709152723156
1781,2,17,pitch_jump,1.0,0.0538688139561825,35.11072076515058,59.362709152723156
1781,2,19,pitch_jump,1.0,0.0746297705525553,22.288594911477244,59.362709152723156
1781,2,20,pitch_jump,1.0,0.021674050947346965,13.141451898488986,59.362709152723156
1781,2,22,pitch_jump,1.0,0.05595768723357011,21.15868733123523,59.362709152723156
1781,2,23,pitch_jump,1.0,0.05458122680130255,29.496257730083315,59.362709152723156
1781,2,24,pitch_jump,1.0,0.1024271376318931,18.414931725977382,59.362709152723156
1781,2,25,pitch_jump,1.0,0.09655862842098968,38.70102427618933,59.362709152723156
1781,2,26,pitch_jump,1.0,0.052789688216107675,16.627401515628314,59.362709152723156
1782,2,2,pitch_jump,1.0,0.14788769048644237,15.327222418117957,59.39604026398241
1782,2,6,pitch_jump,1.0,0.10731041657251524,12.151498098875182,59.39604026398241
1782,2,9,pitch_jump,1.0,0.13158056339875962,12.267254711353546,59.39604026398241
1782,2,11,pitch_jump,1.0,0.06341714118183082,12.45279477830272,59.39604026398241
1782,2,15,pitch_jump,1.0,0.14471185717959847,12.946381168159387,59.39604026398241
1782,2,17,pitch_jump,1.0,0.12176445851780995,14.666223007051165,59.39604026398241
1782,2,18,pitch_jump,1.0,0.04706593481430047,16.183494484495807,59.39604026398241
1782,2,20,pitch_jump,1.0,0.030008086231656433,15.672629160787924,59.39604026398241
1782,2,22,pitch_jump,1.0,0.10755349464501696,22.06892419285036,59.39604026398241
1782,2,23,pitch_jump,1.0,0.17061511118621933,18.8588564091999,59.39604026398241
1783,2,1,pitch_jump,1.0,0.1492364258855781,14.283319002803854,59.42937137524165
1783,2,11,pitch_jump,1.0,0.061136497234301486,27.06534432084761,59.42937137524165
1783,2,12,pitch_jump,1.0,0.19527243256113858,15.537718689781023,59.42937137524165
1783,2,17,pitch_jump,1.0,0.12620804624671336,13.939020571201283,59.42937137524165
1783,2,19,pitch_jump,1.0,0.17469747247807696,12.753799679530017,59.42937137524165
1783,2,22,pitch_jump,1.0,0.0945568411966005,14.810244143940196,59.42937137524165
1783,2,24,pitch_jump,1.0,0.20777125306292354,17.56692288319488,59.42937137524165
1783,2,25,pitch_jump,1.0,0.182824485804173,14.127970485543075,59.42937137524165
1783,2,26,pitch_jump,1.0,0.11775209990912863,13.63459150537611,59.42937137524165
1784,2,11,pitch_jump,1.0,0.026913261069742817,18.90700155032719,59.4627024865009
1784,2,17,pitch_jump,1.0,0.047128838023853,15.56915501101268,59.4627024865009
1784,2,22,pitch_jump,1.0,0.032691646650133424,21.175888150256014,59.4627024865009
1785,2,1,pitch_jump,1.0,0.1348568983552526,23.884041950463754,59.49603359776015
1785,2,3,pitch_jump,1.0,0.17090588461851455,32.25751631611771,59.49603359776015
1785,2,4,pitch_jump,1.0,0.24286886910905123,38.60730690633919,59.49603359776015
1785,2,11,pitch_jump,1.0,0.05714003387581391,24.289947040638797,59.49603359776015
1785,2,12,pitch_jump,1.0,0.18431607201720224,35.65422548267786,59.49603359776015
1785,2,15,pitch_jump,1.0,0.15178568566028627,27.795787585284902,59.49603359776015
1785,2,17,pitch_jump,1.0,0.1272731922484762,57.558568786422924,59.49603359776015
1785,2,19,pitch_jump,1.0,0.17685533078161716,29.632919489950694,59.49603359776015
1785,2,22,pitch_jump,1.0,0.08048222413723412,54.90259854400603,59.49603359776015
1785,2,23,pitch_jump,1.0,0.16785610394316025,31.239497351604133,59.49603359776015
1785,2,25,pitch_jump,1.0,0.19988651118168796,34.6743376045287,59.49603359776015
1786,2,11,pitch_jump,1.0,0.060327826967820145,35.35191137014806,59.529364709019404
1786,2,17,pitch_jump,1.0,0.14907707664210565,14.673156047798466,59.529364709019404
1786,2,22,pitch_jump,1.0,0.05175643409836169,20.471566382687175,59.529364709019404
1786,2,23,pitch_jump,1.0,0.13326037845487873,12.027502103583965,59.529364709019404
1787,2,1,pitch_jump,1.0,0.05468580660976626,13.964192088155103,59.56269582027865
1787,2,6,pitch_jump,1.0,0.026825602517665942,20.12485385034121,59.56269582027865
1787,2,11,pitch_jump,1.0,0.02571171124284787,29.305964489244154,59.56269582027865
1787,2,17,pitch_jump,1.0,0.058265557596144796,12.95069124777033,59.56269582027865
1787,2,22,pitch_jump,1.0,0.026566519464472495,17.423488675456213,59.56269582027865
1787,2,26,pitch_jump,1.0,0.048626828742790125,19.471666518829235,59.56269582027865
1788,2,4,pitch_jump,1.0,0.21514293142377003,12.05007661258129,59.5960269315379
1788,2,23,pitch_jump,1.0,0.13659256196223213,16.331252938172334,59.5960269315379
1789,2,2,pitch_jump,1.0,0.11085520495766742,16.469478347053478,59.62935804279715
1789,2,4,pitch_jump,1.0,0.2076014394520407,16.11421209088667,59.62935804279715
1789,2,11,pitch_jump,1.0,0.04613545303302993,16.13182783997962,59.62935804279715
1789,2,12,pitch_jump,1.0,0.16907558339005424,13.923665012407,59.62935804279715
1789,2,24,pitch_jump,1.0,0.16865005593585958,14.812544067140982,59.62935804279715
1789,2,25,pitch_jump,1.0,0.16661435293447036,17.902219592085686,59.62935804279715
1790,2,2,pitch_jump,1.0,0.1902329588195107,72.32328676008403,59.6626891540564
1790,2,6,pitch_jump,1.0,0.030744871222442054,14.298035560736853,59.6626891540564
1790,2,11,pitch_jump,1.0,0.011387135695034351,27.90266782968418,59.6626891540564
1790,2,21,pitch_jump,1.0,0.0764173300982396,19.415422829900525,59.6626891540564
1790,2,25,pitch_jump,1.0,0.07895642034311179,13.892360666453985,59.6626891540564
1791,2,3,pitch_jump,1.0,0.14908726787369692,19.419541471282336,59.696020265315646
1791,2,4,pitch_jump,1.0,0.2027552389941546,15.519656355329488,59.696020265315646
1791,2,6,pitch_jump,1.0,0.06706041596533062,12.034232035975078,59.696020265315646
1791,2,11,pitch_jump,1.0,0.04952678529151191,30.617925157439597,59.696020265315646
1791,2,17,pitch_jump,1.0,0.08762820104182353,31.890990969067534,59.696020265315646
1791,2,21,pitch_jump,1.0,0.17077464994521985,34.924626444106956,59.696020265315646
1791,2,22,pitch_jump,1.0,0.08978207553893834,23.3297085859471,59.696020265315646
1791,2,23,pitch_jump,1.0,0.12724688243470178,23.546924453250227,59.696020265315646
1791,2,25,pitch_jump,1.0,0.15490506700058015,14.34438894916035,59.696020265315646
1792,2,1,pitch_jump,1.0,0.12043563548360367,21.436200693273957,59.7293513765749
1792,2,3,pitch_jump,1.0,0.1603761009361785,64.62236507252771,59.7293513765749
1792,2,4,pitch_jump,1.0,0.2160996942807342,46.188992410865886,59.7293513765749
1792,2,6,pitch_jump,1.0,0.04932335586647697,21.89062348833316,59.7293513765749
1792,2,11,pitch_jump,1.0,0.044628122612069325,54.485810407063724,59.7293513765749
1792,2,12,pitch_jump,1.0,0.17270552026293132,43.48033159860547,59.7293513765749
1792,2,14,pitch_jump,1.0,0.1504827114408823,14.695410366975668,59.7293513765749
1792,2,15,pitch_jump,1.0,0.13734385645830136,29.56814984803565,59.7293513765749
1792,2,17,pitch_jump,1.0,0.06933293714547008,54.335745770810114,59.7293513765749
1792,2,19,pitch_jump,1.0,0.14837177245741423,34.4823617767981,59.7293513765749
1792,2,21,pitch_jump,1.0,0.16010272852639135,77.28742895912225,59.7293513765749
1792,2,22,pitch_jump,1.0,0.08445615287004282,31.109451904978126,59.7293513765749
1792,2,23,pitch_jump,1.0,0.1460162684471555,59.06504307441223,59.7293513765749
1792,2,25,pitch_jump,1.0,0.1487750586942445,57.500396683694596,59.7293513765749
1793,2,3,pitch_jump,1.0,0.07283302583119305,15.31212394651177,59.76268248783415
1793,2,12,pitch_jump,1.0,0.09087388663661856,12.014882194063938,59.76268248783415
1793,2,17,pitch_jump,1.0,0.03640004805326435,23.071506706528456,59.76268248783415
1793,2,21,pitch_jump,1.0,0.0752276495792749,23.155391721215715,59.76268248783415
1793,2,22,pitch_jump,1.0,0.04063466841791406,16.363442154555845,59.76268248783415
1793,2,23,pitch_jump,1.0,0.06019822157394901,20.363626964042915,59.76268248783415
1794,2,1,pitch_jump,1.0,0.12482231070145053,30.927601674362062,59.7960135990934
1794,2,2,pitch_jump,1.0,0.14262776417836664,25.70497353582338,59.7960135990934
1794,2,3,pitch_jump,1.0,0.163300897808316,39.5238232565279,59.7960135990934
1794,2,4,pitch_jump,1.0,0.20975658871169975,44.72514375537539,59.7960135990934
1794,2,11,pitch_jump,1.0,0.04822322534160636,22.68595860529215,59.7960135990934
1794,2,12,pitch_jump,1.0,0.17730816007403574,44.13302071477326,59.7960135990934
1794,2,14,pitch_jump,1.0,0.1444706402767734,17.860914503955353,59.7960135990934
1794,2,15,pitch_jump,1.0,0.14372295763685353,34.959685673952826,59.7960135990934
1794,2,17,pitch_jump,1.0,0.12220499414281018,25.060861287231894,59.7960135990934
1794,2,19,pitch_jump,1.0,0.15514471922473258,35.56846852065236,59.7960135990934
1794,2,21,pitch_jump,1.0,0.17308160563329608,21.44972096100037,59.7960135990934
1794,2,22,pitch_jump,1.0,0.08534118355313845,28.135550001245704,59.7960135990934
1794,2,23,pitch_jump,1.0,0.15921114374340503,46.00441566947548,59.7960135990934
1794,2,25,pitch_jump,1.0,0.1627581448658574,43.888352410439175,59.7960135990934
1794,2,26,pitch_jump,1.0,0.09886305575059078,29.57732813466834,59.7960135990934
1795,2,1,pitch_jump,1.0,0.12344542542261891,28.97470406492546,59.82934471035264
1795,2,2,pitch_jump,1.0,0.1780617232396889,40.93439977719779,59.82934471035264
1795,2,3,pitch_jump,1.0,0.1621642348794164,17.012805150203096,59.82934471035264
1795,2,4,pitch_jump,1.0,0.20531559191481233,40.77481351638091,59.82934471035264
1795,2,11,pitch_jump,1.0,0.04156531202743778,22.156045863478173,59.82934471035264
1795,2,12,pitch_jump,1.0,0.1813604929038459,36.968763448126644,59.82934471035264
1795,2,14,pitch_jump,1.0,0.14528119322795213,23.738408752361885,59.82934471035264
1795,2,15,pitch_jump,1.0,0.14450380938621482,30.752050754819617,59.82934471035264
1795,2,19,pitch_jump,1.0,0.1657129125162374,32.13090513089757,59.82934471035264
1795,2,21,pitch_jump,1.0,0.16442653747124023,24.72114096011298,59.82934471035264
1795,2,22,pitch_jump,1.0,0.0748811850024136,18.456126187331652,59.82934471035264
1795,2,23,pitch_jump,1.0,0.14021811987981395,23.95289082009105,59.82934471035264
1795,2,25,pitch_jump,1.0,0.15730893248218059,28.624215375704292,59.82934471035264
1795,2,26,pitch_jump,1.0,0.1062407679593309,26.817583355584944,59.82934471035264
1796,2,1,pitch_jump,1.0,0.058673716161089906,25.451419375981516,59.862675821611894
1796,2,2,pitch_jump,1.0,0.09658443554228116,31.736645647207418,59.862675821611894
1796,2,3,pitch_jump,1.0,0.07726083727403134,16.48450841811973,59.862675821611894
1796,2,4,pitch_jump,1.0,0.11319646212151692,31.405999404590656,59.862675821611894
1796,2,5,pitch_jump,1.0,0.0714302604772197,28.872480026264522,59.862675821611894
1796,2,12,pitch_jump,1.0,0.07924699665933507,30.60466343906402,59.862675821611894
1796,2,14,pitch_jump,1.0,0.061491445840374304,27.968089565063035,59.862675821611894
1796,2,15,pitch_jump,1.0,0.062067565878238265,25.807492804150183,59.862675821611894
1796,2,19,pitch_jump,1.0,0.07527358908684881,27.346155787208293,59.862675821611894
1796,2,21,pitch_jump,1.0,0.07401779001088767,22.478955908755697,59.862675821611894
1796,2,22,pitch_jump,1.0,0.02422450590096087,13.917392870349783,59.862675821611894
1796,2,23,pitch_jump,1.0,0.054666431396333745,23.759611134041435,59.862675821611894
1796,2,25,pitch_jump,1.0,0.08407930100169278,25.834873338448986,59.862675821611894
1796,2,26,pitch_jump,1.0,0.038478923568208125,29.687382408089697,59.862675821611894
1797,2,2,pitch_jump,1.0,0.18215521693590944,12.757657686117001,59.896006932871146
1797,2,4,pitch_jump,1.0,0.2444898611768465,15.716995429863585,59.896006932871146
1797,2,5,pitch_jump,1.0,0.13057890285570145,12.260709323495735,59.896006932871146
1797,2,12,pitch_jump,1.0,0.2080396909696235,14.347305130660803,59.896006932871146
1798,2,2,pitch_jump,1.0,0.1799635833039218,12.513149589701637,59.9293380441304
1798,2,4,pitch_jump,1.0,0.2331158443206303,14.508692335457958,59.9293380441304
1798,2,12,pitch_jump,1.0,0.2062847072663831,13.224840600504134,59.9293380441304
1798,2,14,pitch_jump,1.0,0.16458488669443336,13.407749330857536,59.9293380441304
1798,2,23,pitch_jump,1.0,0.15436466568219295,15.546039951527352,59.9293380441304
1799,2,1,pitch_jump,1.0,0.06518175743852225,56.64468852289621,59.96266915538964
1799,2,2,pitch_jump,1.0,0.09970078148004285,110.21660099793667,59.96266915538964
1799,2,3,pitch_jump,1.0,0.09036104419133353,56.34294055408198,59.96266915538964
1799,2,4,pitch_jump,1.0,0.14009714068215026,193.34409782589987,59.96266915538964
1799,2,5,pitch_jump,1.0,0.07485960934257986,122.2443578119713,59.96266915538964
1799,2,7,pitch_jump,1.0,0.042164335550285086,114.19232309737065,59.96266915538964
1799,2,11,pitch_jump,1.0,0.008590388275495946,108.92446889319974,59.96266915538964
1799,2,12,pitch_jump,1.0,0.10184775239731324,167.47417691657844,59.96266915538964
1799,2,14,pitch_jump,1.0,0.08972814323746696,168.0067531299727,59.96266915538964
1799,2,15,pitch_jump,1.0,0.07918518105063924,93.98145236147755,59.96266915538964
1799,2,17,pitch_jump,1.0,0.04631983305167186,54.799177432270184,59.96266915538964
1799,2,19,pitch_jump,1.0,0.09057703876302221,101.82414381754764,59.96266915538964
1799,2,21,pitch_jump,1.0,0.06500551017337067,90.95871990759017,59.96266915538964
1799,2,22,pitch_jump,1.0,0.04476980060571902,57.15380320611905,59.96266915538964
1799,2,23,pitch_jump,1.0,0.0587047701806127,77.11157566393967,59.96266915538964
1799,2,25,pitch_jump,1.0,0.0755942648322381,106.77055112427061,59.96266915538964
1800,2,5,pitch_jump,1.0,0.14631419930918096,15.660538857939741,59.99600026664889
1800,2,25,pitch_jump,1.0,0.18556780615995697,16.63966249906738,59.99600026664889
1801,2,4,pitch_jump,1.0,0.24054766621237872,20.66008974829499,60.02933137790814
1801,2,11,pitch_jump,1.0,0.029078303930563196,18.158468287345233,60.02933137790814
1801,2,12,pitch_jump,1.0,0.22286697748307105,14.36731087509028,60.02933137790814
1801,2,14,pitch_jump,1.0,0.21078127942021319,27.142577415540707,60.02933137790814
1801,2,17,pitch_jump,1.0,0.1060569314171265,13.352004578045328,60.02933137790814
1801,2,22,pitch_jump,1.0,0.086424691073517,19.215047429227383,60.02933137790814
1802,2,1,pitch_jump,1.0,0.07089660075888617,14.62997919454882,60.062662489167394
1802,2,2,pitch_jump,1.0,0.11065528525327827,29.64661593330733,60.062662489167394
1802,2,4,pitch_jump,1.0,0.12037093554522889,12.722539779845098,60.062662489167394
1802,2,5,pitch_jump,1.0,0.0700937359379346,26.303273818549805,60.062662489167394
1802,2,11,pitch_jump,1.0,0.004160662551008742,12.57538723347956,60.062662489167394
1802,2,14,pitch_jump,1.0,0.09358010293781414,34.68143935707595,60.062662489167394
1802,2,15,pitch_jump,1.0,0.06954362155500599,12.753982776256471,60.062662489167394
1802,2,19,pitch_jump,1.0,0.09223161381833425,12.282629279165628,60.062662489167394
1802,2,26,pitch_jump,1.0,0.06173396942242364,18.198014543604145,60.062662489167394
1803,2,1,pitch_jump,1.0,0.1554445849958296,29.743023229499784,60.09599360042664
1803,2,2,pitch_jump,1.0,0.20508927417976733,72.97979126978696,60.09599360042664
1803,2,4,pitch_jump,1.0,0.25462711474089955,59.74593688980909,60.09599360042664
1803,2,5,pitch_jump,1.0,0.16543056848042126,80.81261882037107,60.09599360042664
1803,2,7,pitch_jump,1.0,0.12649012161731807,27.421298438765824,60.09599360042664
1803,2,12,pitch_jump,1.0,0.22550472908950595,49.842685868823814,60.09599360042664
1803,2,14,pitch_jump,1.0,0.20777668736240396,104.75858088304473,60.09599360042664
1803,2,15,pitch_jump,1.0,0.16815476862107218,37.230346243604195,60.09599360042664
1803,2,19,pitch_jump,1.0,0.1993372216847512,35.6883964331737,60.09599360042664
1803,2,21,pitch_jump,1.0,0.2021772282077282,12.600719755430989,60.09599360042664
1803,2,22,pitch_jump,1.0,0.10948125707376886,14.025074958782467,60.09599360042664
1803,2,23,pitch_jump,1.0,0.21100134555177805,15.204305448528466,60.09599360042664
1803,2,25,pitch_jump,1.0,0.19584542836650515,22.364848187763112,60.09599360042664
1803,2,26,pitch_jump,1.0,0.1203106797322151,33.18943526340117,60.09599360042664
1804,2,1,pitch_jump,1.0,0.16168930680010066,12.211607813399766,60.12932471168589
1804,2,3,pitch_jump,1.0,0.2099779867770469,15.896915650561564,60.12932471168589
1804,2,4,pitch_jump,1.0,0.24496430934114805,18.798260390603502,60.12932471168589
1804,2,12,pitch_jump,1.0,0.227951674371418,18.247897178472556,60.12932471168589
1804,2,15,pitch_jump,1.0,0.18070112222993975,12.467320646048618,60.12932471168589
1804,2,19,pitch_jump,1.0,0.1884979634206439,13.079036249804606,60.12932471168589
1804,2,23,pitch_jump,1.0,0.19525838886557148,14.754973654574092,60.12932471168589
1804,2,25,pitch_jump,1.0,0.1910193115597114,15.307312115873648,60.12932471168589
1804,2,26,pitch_jump,1.0,0.14368676840886854,14.122829321358171,60.12932471168589
1805,2,4,pitch_jump,1.0,0.13412647425455468,13.791892384444973,60.16265582294514
1806,2,1,pitch_jump,1.0,0.17070615114802876,38.907853775741536,60.19598693420439
1806,2,2,pitch_jump,1.0,0.2131770407979832,131.73692412862036,60.19598693420439
1806,2,4,pitch_jump,1.0,0.251247921270795,79.91325170295534,60.19598693420439
1806,2,5,pitch_jump,1.0,0.1644922551405947,134.5044027195869,60.19598693420439
1806,2,7,pitch_jump,1.0,0.12564966778690018,161.92747212651753,60.19598693420439
1806,2,12,pitch_jump,1.0,0.2329950343636952,66.08850882355067,60.19598693420439
1806,2,14,pitch_jump,1.0,0.21321548892495107,185.42636588099688,60.19598693420439
1806,2,15,pitch_jump,1.0,0.18273661552381396,55.10316704855119,60.19598693420439
1806,2,17,pitch_jump,1.0,0.1251350609196926,49.4671501479869,60.19598693420439
1806,2,19,pitch_jump,1.0,0.20517119842507778,53.026901887883135,60.19598693420439
1806,2,21,pitch_jump,1.0,0.2147202675868914,52.35639598132779,60.19598693420439
1806,2,22,pitch_jump,1.0,0.10017436860493888,87.31434874026102,60.19598693420439
1806,2,25,pitch_jump,1.0,0.18873416925048178,19.851381437481074,60.19598693420439
1806,2,26,pitch_jump,1.0,0.15479281039044834,41.43732263951937,60.19598693420439
1807,2,1,pitch_jump,1.0,0.1569747568302465,12.054448902910986,60.229318045463636
1807,2,3,pitch_jump,1.0,0.21356954726149519,13.738801201220896,60.229318045463636
1807,2,4,pitch_jump,1.0,0.2526743029841866,21.560776837859507,60.229318045463636
1807,2,5,pitch_jump,1.0,0.17271930535283053,17.716119389738648,60.229318045463636
1807,2,7,pitch_jump,1.0,0.13315750184447714,27.98737842555728,60.229318045463636
1807,2,12,pitch_jump,1.0,0.22536825962694848,19.703152852577407,60.229318045463636
1807,2,15,pitch_jump,1.0,0.20332000073934062,12.39443920186833,60.229318045463636
1807,2,17,pitch_jump,1.0,0.12004444644144627,13.933816805978017,60.229318045463636
1807,2,19,pitch_jump,1.0,0.20370804454019284,12.99076246514957,60.229318045463636
1807,2,21,pitch_jump,1.0,0.20459270909038238,12.756863879625433,60.229318045463636
1807,2,22,pitch_jump,1.0,0.08929868216497958,20.1704410398049,60.229318045463636
1807,2,23,pitch_jump,1.0,0.17439607309452332,18.10061737101901,60.229318045463636
1807,2,25,pitch_jump,1.0,0.19483155251285839,15.80748554225845,60.229318045463636
1808,2,4,pitch_jump,1.0,0.1203019532308155,15.17615499850208,60.26264915672289
1808,2,7,pitch_jump,1.0,0.05038726708669779,17.302083835712146,60.26264915672289
1808,2,12,pitch_jump,1.0,0.10349545995474319,12.88307074305274,60.26264915672289
1808,2,22,pitch_jump,1.0,0.025956469749725715,15.208346829339424,60.26264915672289
1809,2,2,pitch_jump,1.0,0.22596263783535084,20.101699392216624,60.29598026798214
1809,2,3,pitch_jump,1.0,0.19598349200855075,13.229419274756891,60.29598026798214
1809,2,4,pitch_jump,1.0,0.2529444083991364,20.285965575605438,60.29598026798214
1809,2,5,pitch_jump,1.0,0.1779336372365981,16.92265944932525,60.29598026798214
1809,2,12,pitch_jump,1.0,0.22724297904828755,18.48243842279701,60.29598026798214
1809,2,15,pitch_jump,1.0,0.20118275914338943,14.14392382841328,60.29598026798214
1809,2,19,pitch_jump,1.0,0.2070437010630159,16.71892699062293,60.29598026798214
1809,2,23,pitch_jump,1.0,0.1724368220460311,12.826020907542317,60.29598026798214
1809,2,25,pitch_jump,1.0,0.21223324366743787,14.466456753521921,60.29598026798214
1809,2,26,pitch_jump,1.0,0.14230993572321238,12.373816190613404,60.29598026798214
1810,2,1,pitch_jump,1.0,0.1456986946474779,36.81828530049758,60.32931137924139
1810,2,2,pitch_jump,1.0,0.14634803866886886,69.4643172241904,60.32931137924139
1810,2,3,pitch_jump,1.0,0.19432330935298786,22.385937534548802,60.32931137924139
1810,2,4,pitch_jump,1.0,0.23712090937846184,69.0034806778915,60.32931137924139
1810,2,5,pitch_jump,1.0,0.15598868813669264,71.75498946646879,60.32931137924139
1810,2,7,pitch_jump,1.0,0.12378174573621825,96.0508052064762,60.32931137924139
1810,2,12,pitch_jump,1.0,0.22021123575571355,62.001724265569806,60.32931137924139
1810,2,15,pitch_jump,1.0,0.18612289652050565,45.460405735575215,60.32931137924139
1810,2,17,pitch_jump,1.0,0.10508485242753075,24.74951511055618,60.32931137924139
1810,2,19,pitch_jump,1.0,0.17844917613166617,46.80231006415622,60.32931137924139
1810,2,21,pitch_jump,1.0,0.18701507192647404,18.968618584306434,60.32931137924139
1810,2,22,pitch_jump,1.0,0.10185714808339358,51.47313763738454,60.32931137924139
1810,2,23,pitch_jump,1.0,0.18390387598761454,28.693095653208808,60.32931137924139
1810,2,25,pitch_jump,1.0,0.17292803740781076,35.30708341587885,60.32931137924139
1810,2,26,pitch_jump,1.0,0.12823530220990353,23.0136052327668,60.32931137924139
1811,2,2,pitch_jump,1.0,0.0644559145805058,18.101173972462593,60.36264249050063
1811,2,3,pitch_jump,1.0,0.08668670269512123,14.74047065500791,60.36264249050063
1811,2,7,pitch_jump,1.0,0.060229264262339,32.09813426618229,60.36264249050063
1811,2,17,pitch_jump,1.0,0.05184771215742415,23.38534048016483,60.36264249050063
1811,2,21,pitch_jump,1.0,0.08731105175866055,27.6869715166587,60.36264249050063
1811,2,22,pitch_jump,1.0,0.034910674791297454,18.987385023313273,60.36264249050063
1811,2,23,pitch_jump,1.0,0.07415185804773448,12.82417701429551,60.36264249050063
1812,2,1,pitch_jump,1.0,0.1598347823559392,15.902788323420294,60.395973601759884
1812,2,7,pitch_jump,1.0,0.09989447299418262,16.70489771689183,60.395973601759884
1812,2,17,pitch_jump,1.0,0.12848088572222996,21.6331438751963,60.395973601759884
1812,2,21,pitch_jump,1.0,0.16772710404707217,17.290791388854096,60.395973601759884
1812,2,22,pitch_jump,1.0,0.08189212639669936,18.908191475346793,60.395973601759884
1812,2,26,pitch_jump,1.0,0.12331550205341124,17.187343737520344,60.395973601759884
1813,2,4,pitch_jump,1.0,0.22583423783329576,18.558039978710944,60.429304713019135
1813,2,5,pitch_jump,1.0,0.13371583637907544,13.61543144624833,60.429304713019135
1813,2,22,pitch_jump,1.0,0.07021421830904782,12.03196172472637,60.429304713019135
1814,2,12,pitch_jump,1.0,0.08880420351332895,14.391264354302502,60.46263582427839
1814,2,17,pitch_jump,1.0,0.02419590245774461,12.681365239696785,60.46263582427839
1814,2,21,pitch_jump,1.0,0.07570273444817759,12.205612522961053,60.46263582427839
1816,2,3,pitch_jump,1.0,0.17548627783729434,16.7019082267539,60.52929804679688
1816,2,4,pitch_jump,1.0,0.21033860643945676,12.290553281220664,60.52929804679688
1816,2,12,pitch_jump,1.0,0.19203959249101288,16.574360493713545,60.52929804679688
1816,2,15,pitch_jump,1.0,0.1543570925615322,13.079919591914868,60.52929804679688
1816,2,17,pitch_jump,1.0,0.09713065107992382,14.159165780925571,60.52929804679688
1816,2,19,pitch_jump,1.0,0.17053076509120546,12.609638122328652,60.52929804679688
1816,2,21,pitch_jump,1.0,0.15240392058574273,21.291394825615708,60.52929804679688
1816,2,23,pitch_jump,1.0,0.15018795014467184,18.800707560668762,60.52929804679688
1816,2,25,pitch_jump,1.0,0.12879946265597658,15.130628211589528,60.52929804679688
1817,2,3,pitch_jump,1.0,0.07419450063103243,18.766368779679144,60.56262915805613
1817,2,4,pitch_jump,1.0,0.10085673512023945,27.29032498761195,60.56262915805613
1817,2,12,pitch_jump,1.0,0.0899724590060844,19.823885529432488,60.56262915805613
1817,2,23,pitch_jump,1.0,0.05309240472563368,16.62667576070022,60.56262915805613
1817,2,25,pitch_jump,1.0,0.049249606162093604,20.41606762785651,60.56262915805613
1818,2,3,pitch_jump,1.0,0.16991076589148077,17.829136382530677,60.595960269315384
1818,2,4,pitch_jump,1.0,0.1892375376729049,34.9243794404729,60.595960269315384
1818,2,7,pitch_jump,1.0,0.09007673201069617,12.397056423061352,60.595960269315384
1818,2,12,pitch_jump,1.0,0.18702367432631736,28.522170274739114,60.595960269315384
1818,2,15,pitch_jump,1.0,0.1595143132509249,21.94146473227215,60.595960269315384
1818,2,19,pitch_jump,1.0,0.1651022561138893,20.975745416319086,60.595960269315384
1818,2,21,pitch_jump,1.0,0.25430722695408325,45.154370872767814,60.595960269315384
1818,2,23,pitch_jump,1.0,0.14582244578298584,24.223948282051776,60.595960269315384
1818,2,25,pitch_jump,1.0,0.13690736824547556,13.528012454034084,60.595960269315384
1818,2,26,pitch_jump,1.0,0.10827243858067685,15.155904190889235,60.595960269315384
1819,2,4,pitch_jump,1.0,0.19491099182333155,16.332843950819534,60.62929138057463
1819,2,12,pitch_jump,1.0,0.19225516745742705,14.596838354168085,60.62929138057463
1819,2,21,pitch_jump,1.0,0.16154140770182737,45.39370316230629,60.62929138057463
1819,2,23,pitch_jump,1.0,0.13631182774224623,12.946233187692545,60.62929138057463
1820,2,2,pitch_jump,1.0,0.022992179738711507,13.097644146863372,60.66262249183388
1820,2,3,pitch_jump,1.0,0.07621791017091183,23.27746910648935,60.66262249183388
1820,2,4,pitch_jump,1.0,0.10790778721657393,20.957019323834956,60.66262249183388
1820,2,7,pitch_jump,1.0,0.033143589317634226,14.261609112590078,60.66262249183388
1820,2,8,pitch_jump,1.0,0.031168258468442126,13.499113743956807,60.66262249183388
1820,2,12,pitch_jump,1.0,0.08767475958872802,24.79569251420852,60.66262249183388
1820,2,15,pitch_jump,1.0,0.050678990587044004,20.246791385426867,60.66262249183388
1820,2,17,pitch_jump,1.0,0.047197634315334455,16.678924709966704,60.66262249183388
1820,2,19,pitch_jump,1.0,0.06939665277608248,16.768694010073045,60.66262249183388
1820,2,21,pitch_jump,1.0,0.08300324017176854,27.485614443315946,60.66262249183388
1820,2,23,pitch_jump,1.0,0.05424335801748188,24.64652265320239,60.66262249183388
1820,2,25,pitch_jump,1.0,0.05325563452750527,31.116011568865623,60.66262249183388
1821,2,2,pitch_jump,1.0,0.053329796389512824,13.693960365148389,60.69595360309313
1821,2,3,pitch_jump,1.0,0.15791786283258463,34.01990581508308,60.69595360309313
1821,2,4,pitch_jump,1.0,0.20123845690593908,22.20117483419551,60.69595360309313
1821,2,7,pitch_jump,1.0,0.07044142250402141,34.983874972918784,60.69595360309313
1821,2,8,pitch_jump,1.0,0.09082668537374025,12.251561892552905,60.69595360309313
1821,2,12,pitch_jump,1.0,0.19739697783458712,25.232078039710963,60.69595360309313
1821,2,15,pitch_jump,1.0,0.15006193639153761,12.006546313511915,60.69595360309313
1821,2,17,pitch_jump,1.0,0.08973064447205852,35.142331093709515,60.69595360309313
1821,2,19,pitch_jump,1.0,0.17723631835474682,13.00937437168543,60.69595360309313
1821,2,21,pitch_jump,1.0,0.2722002909455981,77.53752829858544,60.69595360309313
1821,2,22,pitch_jump,1.0,0.08678298760407488,32.020959348291775,60.69595360309313
1821,2,23,pitch_jump,1.0,0.1522552393746073,29.045963167824546,60.69595360309313
1821,2,25,pitch_jump,1.0,0.10315138026388969,27.227694573743367,60.69595360309313
1822,2,19,pitch_jump,1.0,0.18194147357340332,20.63322517977737,60.72928471435238
1822,2,21,pitch_jump,1.0,0.1703245208038695,45.807379459465395,60.72928471435238
1823,2,3,pitch_jump,1.0,0.052907308184768014,15.445416033448813,60.762615825611626
1823,2,4,pitch_jump,1.0,0.08268045962286397,13.255363539896349,60.762615825611626
1823,2,12,pitch_jump,1.0,0.08066480629121563,12.559004385464027,60.762615825611626
1823,2,17,pitch_jump,1.0,0.018955821984353492,12.110066703004717,60.762615825611626
1823,2,21,pitch_jump,1.0,0.07363421366778683,13.605162729706885,60.762615825611626
1823,2,23,pitch_jump,1.0,0.05262064606681969,14.717961021269216,60.762615825611626
1823,2,25,pitch_jump,1.0,0.04536139745234442,14.079589351578006,60.762615825611626
1824,2,4,pitch_jump,1.0,0.1747877468534665,17.309913879229985,60.79594693687088
1824,2,8,pitch_jump,1.0,0.07769198016801421,12.74283612730668,60.79594693687088
1824,2,12,pitch_jump,1.0,0.15629413429483036,17.1336295894127,60.79594693687088
1824,2,15,pitch_jump,1.0,0.12826577885670606,14.246485846036583,60.79594693687088
1824,2,19,pitch_jump,1.0,0.15369831122889308,16.852351432155682,60.79594693687088
1824,2,25,pitch_jump,1.0,0.10650240183063618,14.032821341818126,60.79594693687088
1824,2,26,pitch_jump,1.0,0.09475287841779001,14.747887159833027,60.79594693687088
1825,2,7,pitch_jump,1.0,0.06975054380643099,14.440965359750773,60.82927804813013
1825,2,8,pitch_jump,1.0,0.06544292604805825,12.545686586033787,60.82927804813013
1825,2,17,pitch_jump,1.0,0.07444893201464395,12.51941846939745,60.82927804813013
1825,2,21,pitch_jump,1.0,0.042781708660294834,18.814875704223745,60.82927804813013
1825,2,22,pitch_jump,1.0,0.05134884403230993,13.240891548254188,60.82927804813013
1825,2,26,pitch_jump,1.0,0.07231453139709149,12.379368588115259,60.82927804813013
1826,2,13,pitch_jump,1.0,0.060694981143918386,12.096232489439354,60.86260915938938
1827,2,4,pitch_jump,1.0,0.1434178116863352,20.55110604563189,60.89594027064862
1827,2,7,pitch_jump,1.0,0.07745831224924078,15.548308847750668,60.89594027064862
1827,2,12,pitch_jump,1.0,0.1363038690800391,19.152116297930263,60.89594027064862
1827,2,13,pitch_jump,1.0,0.11914086439626928,16.699483002233574,60.89594027064862
1827,2,15,pitch_jump,1.0,0.08216410562266878,16.015951498197612,60.89594027064862
1827,2,17,pitch_jump,1.0,0.06174354326769046,16.40847542676719,60.89594027064862
1827,2,19,pitch_jump,1.0,0.12203096980545382,20.904777723059468,60.89594027064862
1827,2,23,pitch_jump,1.0,0.09948235391353712,14.071934581263228,60.89594027064862
1827,2,26,pitch_jump,1.0,0.036929070802294336,12.956950364144936,60.89594027064862
1828,2,7,pitch_jump,1.0,0.046305114420369255,12.233206036737387,60.929271381907874
1829,2,7,pitch_jump,1.0,0.02112811031823254,16.840663835023232,60.962602493167125
1830,2,3,pitch_jump,1.0,0.10160344497280296,13.644057450985017,60.99593360442638
1830,2,13,pitch_jump,1.0,0.12253414578258609,15.142663122828283,60.99593360442638
1831,2,7,pitch_jump,1.0,0.03700016621084549,20.661760905621232,61.02926471568562
1831,2,13,pitch_jump,1.0,0.12343151754287475,19.257439977881134,61.02926471568562
1831,2,17,pitch_jump,1.0,0.0233026430420223,19.306716220944317,61.02926471568562
1831,2,22,pitch_jump,1.0,0.054449442464979424,12.1344809293421,61.02926471568562
1833,2,7,pitch_jump,1.0,0.028913577696095635,12.903243826174208,61.09592693820412
1834,2,25,pitch_jump,1.0,0.0525175824981071,13.875940645465256,61.129258049463374
1835,2,3,pitch_jump,1.0,0.04099341473076361,18.75925361132263,61.16258916072262
1835,2,4,pitch_jump,1.0,0.06280517180151078,24.964581970550242,61.16258916072262
1835,2,7,pitch_jump,1.0,0.016010123059841386,22.010977838542647,61.16258916072262
1835,2,8,pitch_jump,1.0,0.023029239879551553,20.24486778119338,61.16258916072262
1835,2,12,pitch_jump,1.0,0.0739864449276658,27.06251797118302,61.16258916072262
1835,2,15,pitch_jump,1.0,0.05148786896374658,21.363210419451562,61.16258916072262
1835,2,17,pitch_jump,1.0,0.008088282343363397,21.01882215303985,61.16258916072262
1835,2,19,pitch_jump,1.0,0.21691941700194406,39.1522167436626,61.16258916072262
1835,2,22,pitch_jump,1.0,0.022020170873362305,20.547396679212245,61.16258916072262
1835,2,23,pitch_jump,1.0,0.0405760950710322,23.178703697230002,61.16258916072262
1835,2,25,pitch_jump,1.0,0.025251291638234502,24.759483903744872,61.16258916072262
1836,2,3,pitch_jump,1.0,0.0907443361066254,15.089245835477177,61.19592027198187
1836,2,4,pitch_jump,1.0,0.10903781491124934,17.076237384862104,61.19592027198187
1836,2,12,pitch_jump,1.0,0.09204743535235664,13.684750125031783,61.19592027198187
1836,2,17,pitch_jump,1.0,0.019980550849698825,14.169341352866793,61.19592027198187
1836,2,19,pitch_jump,1.0,0.18067994896329845,31.45370168933643,61.19592027198187
1836,2,23,pitch_jump,1.0,0.07978099644573639,14.888933226733773,61.19592027198187
1836,2,25,pitch_jump,1.0,0.04492419537383244,15.449929077041377,61.19592027198187
1837,2,17,pitch_jump,1.0,0.01028782654395404,13.639687503696706,61.22925138324112
1837,2,19,pitch_jump,1.0,0.12494397424929958,12.21630913506482,61.22925138324112
1838,2,19,pitch_jump,1.0,0.11129061191932982,19.429969352466998,61.26258249450037
1839,2,19,pitch_jump,1.0,0.09409772718873562,14.17466302411187,61.295913605759615
1840,2,4,pitch_jump,1.0,0.06857164129495147,17.468925293254955,61.32924471701887
1840,2,12,pitch_jump,1.0,0.06296168752372047,17.884059913198133,61.32924471701887
1840,2,15,pitch_jump,1.0,0.031348295843374244,12.177196379634243,61.32924471701887
1840,2,19,pitch_jump,1.0,0.10020558021215513,30.03886911312897,61.32924471701887
1840,2,23,pitch_jump,1.0,0.04595040500695388,12.797260098391812,61.32924471701887
1840,2,25,pitch_jump,1.0,0.005228845693317044,13.227234580143655,61.32924471701887
1842,2,19,pitch_jump,1.0,0.0645526398901713,20.095159816068744,61.39590693953737
1843,2,7,pitch_jump,1.0,0.03329791492392198,19.212015693111002,61.42923805079661
1843,2,19,pitch_jump,1.0,0.05081024037778305,20.073458205399255,61.42923805079661
1845,2,7,pitch_jump,1.0,0.0312968079675534,12.400519806259116,61.495900273315115
1845,2,19,pitch_jump,1.0,0.04198234639632139,12.374732239726963,61.495900273315115
1846,2,4,pitch_jump,1.0,0.0497125392809852,12.249292534735009,61.529231384574366
1848,2,19,pitch_jump,1.0,0.05199883293594792,17.325345302817407,61.59589360709286
1848,2,22,pitch_jump,1.0,0.02751083914208603,15.447301422716382,61.59589360709286
1851,2,12,pitch_jump,1.0,0.06486949132184455,12.017043948475122,61.69588694087061
1851,2,19,pitch_jump,1.0,0.07292284701040037,12.281560114889183,61.69588694087061
1851,2,26,pitch_jump,1.0,0.10156395410962059,14.01669046352349,61.69588694087061
1852,2,23,pitch_jump,1.0,0.06086246656136032,13.482532815907327,61.72921805212986
1853,2,7,pitch_jump,1.0,0.0321777819818944,16.029842481843612,61.76254916338911
1855,2,2,pitch_jump,1.0,0.12891862139340335,14.479550478754579,61.829211385907605
1856,2,2,pitch_jump,1.0,0.07334846935304942,15.57990622166496,61.86254249716686
1856,2,26,pitch_jump,1.0,0.053111070778250204,16.17692586352224,61.86254249716686
1857,2,2,pitch_jump,1.0,0.11022356039759262,15.003644404074079,61.89587360842611
1857,2,7,pitch_jump,1.0,0.04676931715793185,12.213740659482735,61.89587360842611
1857,2,15,pitch_jump,1.0,0.08261405293322001,14.363094821458883,61.89587360842611
1857,2,19,pitch_jump,1.0,0.0718243218236542,12.946693439650316,61.89587360842611
1857,2,26,pitch_jump,1.0,0.09728001987024894,15.428644379198921,61.89587360842611
1859,2,4,pitch_jump,1.0,0.03656909326610743,13.289392837330672,61.9625358309446
1859,2,12,pitch_jump,1.0,0.02771743854131686,12.540761985591137,61.9625358309446
1864,2,2,pitch_jump,1.0,0.11279423919455571,26.257121937914054,62.12919138724085
1864,2,4,pitch_jump,1.0,0.0658868547737612,13.298928588895228,62.12919138724085
1864,2,7,pitch_jump,1.0,0.02512727050991545,13.464769438646982,62.12919138724085
1864,2,8,pitch_jump,1.0,0.0705739562183132,16.220816974812927,62.12919138724085
1864,2,12,pitch_jump,1.0,0.05291699005550245,17.953452221432293,62.12919138724085
1864,2,15,pitch_jump,1.0,0.07374071890875782,18.952210434512715,62.12919138724085
1864,2,17,pitch_jump,1.0,0.03291688772373273,15.212677723846108,62.12919138724085
1864,2,19,pitch_jump,1.0,0.054436576080619005,22.633407527452682,62.12919138724085
1864,2,22,pitch_jump,1.0,0.007810975876519894,20.17308589735554,62.12919138724085
1864,2,23,pitch_jump,1.0,0.017894400011562072,15.297888539119517,62.12919138724085
1864,2,25,pitch_jump,1.0,0.052692350878775364,16.654665480704647,62.12919138724085
1864,2,26,pitch_jump,1.0,0.07506819163550289,20.530399582487885,62.12919138724085
1866,2,7,pitch_jump,1.0,0.01712889416410017,12.936868442207727,62.195853609759354
1867,2,2,pitch_jump,1.0,0.08241057472931908,12.675554001281581,62.2291847210186
1867,2,4,pitch_jump,1.0,0.02646354409078196,15.923669287070648,62.2291847210186
1867,2,7,pitch_jump,1.0,0.021602085147699467,20.97672460356344,62.2291847210186
1867,2,12,pitch_jump,1.0,0.03046729762062441,15.270485156985464,62.2291847210186
1867,2,15,pitch_jump,1.0,0.05724182308984939,13.180894687810932,62.2291847210186
1868,2,2,pitch_jump,1.0,0.04798420858165429,12.32405530518052,62.26251583227785
1868,2,7,pitch_jump,1.0,0.01995114373621483,17.438966280717665,62.26251583227785
1868,2,19,pitch_jump,1.0,0.028468983053765905,16.56523527284176,62.26251583227785
1868,2,22,pitch_jump,1.0,0.01005043725713424,16.270798823929134,62.26251583227785
1868,2,26,pitch_jump,1.0,0.02490971281972667,12.56400898349769,62.26251583227785
1870,2,3,pitch_jump,1.0,0.01575058964581168,13.235045796994138,62.32917805479635
1870,2,4,pitch_jump,1.0,0.02563502022379678,12.875046467065545,62.32917805479635
1870,2,7,pitch_jump,1.0,0.026570592160598677,14.656526256313088,62.32917805479635
1870,2,12,pitch_jump,1.0,0.019724098344235424,14.426761292824734,62.32917805479635
1870,2,15,pitch_jump,1.0,0.04275418052898286,13.983659991673603,62.32917805479635
1870,2,19,pitch_jump,1.0,0.021176314629899086,16.778426854275754,62.32917805479635
1870,2,23,pitch_jump,1.0,0.008290612278537947,14.184473904431076,62.32917805479635
1871,2,5,pitch_jump,1.0,0.040744842855753347,16.58529753817682,62.362509166055595
1871,2,7,pitch_jump,1.0,0.009969328017350452,13.067379577209431,62.362509166055595
1871,2,8,pitch_jump,1.0,0.0218349643659111,12.205204762085053,62.362509166055595
1871,2,22,pitch_jump,1.0,0.005219746229024788,12.354206112101295,62.362509166055595
1871,2,26,pitch_jump,1.0,0.024329582740281165,13.03514235052978,62.362509166055595
1875,2,2,pitch_jump,1.0,0.04367921901728609,21.88690263496617,62.49583361109259
1875,2,3,pitch_jump,1.0,0.022616159030366262,17.184038614748705,62.49583361109259
1875,2,4,pitch_jump,1.0,0.021838890502600166,26.493817623802578,62.49583361109259
1875,2,7,pitch_jump,1.0,0.022813884539605075,17.712340598555315,62.49583361109259
1875,2,8,pitch_jump,1.0,0.024959778933332087,14.786608809895295,62.49583361109259
1875,2,12,pitch_jump,1.0,0.023772977994796468,32.210212678447526,62.49583361109259
1875,2,15,pitch_jump,1.0,0.0182217443241842,18.971062532522183,62.49583361109259
1875,2,17,pitch_jump,1.0,0.006720840272836871,18.980431519202273,62.49583361109259
1875,2,19,pitch_jump,1.0,0.031088058281636997,29.632470316842493,62.49583361109259
1875,2,22,pitch_jump,1.0,0.03467567447322855,14.713959648963636,62.49583361109259
1875,2,23,pitch_jump,1.0,0.02374312602008227,17.62312316800434,62.49583361109259
1875,2,25,pitch_jump,1.0,0.00743653084832677,21.610982275469176,62.49583361109259
1875,2,26,pitch_jump,1.0,0.03561814445465965,14.442564166728058,62.49583361109259
1877,2,7,pitch_jump,1.0,0.021321892730119054,12.305612049615481,62.562495833611095
1878,2,4,pitch_jump,1.0,0.02603907071507181,14.887662664365926,62.595826944870346
1878,2,7,pitch_jump,1.0,0.011819985320420659,12.70176616372156,62.595826944870346
1878,2,17,pitch_jump,1.0,0.02040747246609555,12.885636314453041,62.595826944870346
1878,2,23,pitch_jump,1.0,0.035025138542459526,12.636902564028286,62.595826944870346
1879,2,3,pitch_jump,1.0,0.031727280007140146,13.309092594770286,62.62915805612959
1879,2,4,pitch_jump,1.0,0.014717404576580816,19.09951454662381,62.62915805612959
1879,2,12,pitch_jump,1.0,0.01631063608308035,17.470647430414445,62.62915805612959
1879,2,23,pitch_jump,1.0,0.03292140532018731,12.104508806927084,62.62915805612959
1880,2,7,pitch_jump,1.0,0.010436553589644551,12.983654481977654,62.66248916738884
1880,2,22,pitch_jump,1.0,0.02352048566376476,14.147236260108693,62.66248916738884
1884,2,7,pitch_jump,1.0,0.028033373653451432,13.7867272253061,62.79581361242584
1884,2,23,pitch_jump,1.0,0.02700611787565272,12.617494745842095,62.79581361242584
1884,2,25,pitch_jump,1.0,0.01753669455119094,14.85204195605212,62.79581361242584
1885,2,2,pitch_jump,1.0,0.04465673934703352,22.867883235089284,62.82914472368509
1885,2,7,pitch_jump,1.0,0.02615731796390215,42.421304264338346,62.82914472368509
1885,2,8,pitch_jump,1.0,0.020460690451637342,17.936209459072664,62.82914472368509
1885,2,15,pitch_jump,1.0,0.02362521310003658,14.45167582967141,62.82914472368509
1885,2,17,pitch_jump,1.0,0.0178459451120547,27.697421641947713,62.82914472368509
1885,2,19,pitch_jump,1.0,0.014377638216179513,12.184069903370158,62.82914472368509
1885,2,22,pitch_jump,1.0,0.030256000943314952,26.15711729162252,62.82914472368509
1885,2,23,pitch_jump,1.0,0.02929662699185364,23.65864180331881,62.82914472368509
1885,2,25,pitch_jump,1.0,0.017494917781479904,25.90914865204687,62.82914472368509
1885,2,26,pitch_jump,1.0,0.013688879199936188,18.759265423197046,62.82914472368509
1887,2,5,pitch_jump,1.0,0.0367321845012863,13.007716119597923,62.89580694620359
1887,2,7,pitch_jump,1.0,0.010991384129707661,14.698319499122274,62.89580694620359
1889,2,7,pitch_jump,1.0,0.004628314156815384,12.429903271677949,62.96246916872209
1890,2,4,pitch_jump,1.0,0.03581789517808199,16.378133376656034,62.99580027998134
1890,2,7,pitch_jump,1.0,0.025126490385259496,17.40929249867798,62.99580027998134
1890,2,17,pitch_jump,1.0,0.025716150993009525,13.260702740906693,62.99580027998134
1891,2,3,pitch_jump,1.0,0.04048276103787443,22.015037847955945,63.02913139124059
1891,2,4,pitch_jump,1.0,0.014906316613357572,50.054872312041724,63.02913139124059
1891,2,7,pitch_jump,1.0,0.026476205990994008,65.63237044448272,63.02913139124059
1891,2,12,pitch_jump,1.0,0.013274489715867225,37.06664127200709,63.02913139124059
1891,2,15,pitch_jump,1.0,0.018293396903178914,27.469818242187035,63.02913139124059
1891,2,19,pitch_jump,1.0,0.017292149301029233,32.21299781318629,63.02913139124059
1891,2,22,pitch_jump,1.0,0.04122420631969731,32.254824041005506,63.02913139124059
1891,2,23,pitch_jump,1.0,0.029984375473808667,14.475965362469813,63.02913139124059
1891,2,25,pitch_jump,1.0,0.0009459954400139846,14.544607550073803,63.02913139124059
1894,2,4,pitch_jump,1.0,0.043109958596957515,25.901059503648014,63.129124725018336
1894,2,6,pitch_jump,1.0,0.01069479447088277,13.076311714382623,63.129124725018336
1894,2,7,pitch_jump,1.0,0.021352414074825802,14.183172727602813,63.129124725018336
1894,2,22,pitch_jump,1.0,0.03531439477326244,12.02694565298072,63.129124725018336
1895,2,4,pitch_jump,1.0,0.02997346652187294,21.12700517753368,63.16245583627759
1895,2,6,pitch_jump,1.0,0.012676852084205398,13.82875588553694,63.16245583627759
1895,2,12,pitch_jump,1.0,0.009154495486322895,13.642353774459307,63.16245583627759
1896,2,4,pitch_jump,1.0,0.02618003925030433,15.12256111600723,63.19578694753683
1896,2,6,pitch_jump,1.0,0.0193908275922471,12.476642452277822,63.19578694753683
1897,2,2,pitch_jump,1.0,0.04693798793825611,18.39549130383525,63.22911805879608
1897,2,4,pitch_jump,1.0,0.039822195348929126,19.37315359003802,63.22911805879608
1897,2,12,pitch_jump,1.0,0.013257349783106187,13.113147712155266,63.22911805879608
1897,2,25,pitch_jump,1.0,0.019857366486784003,14.106854303765623,63.22911805879608
1897,2,26,pitch_jump,1.0,0.02922349555565414,12.363913849154024,63.22911805879608
1900,2,6,pitch_jump,1.0,0.03533802814213978,14.707117874515971,63.32911139257383
1901,2,3,pitch_jump,1.0,0.017643309482515197,12.48273195001411,63.36244250383308
1901,2,4,pitch_jump,1.0,0.01676073116950817,16.236112863935812,63.36244250383308
1901,2,6,pitch_jump,1.0,0.01986411343617978,12.597179923343596,63.36244250383308
1901,2,7,pitch_jump,1.0,0.025574224428708034,25.231129076627962,63.36244250383308
1901,2,8,pitch_jump,1.0,0.01511709177655611,13.039367306517994,63.36244250383308
1901,2,12,pitch_jump,1.0,0.0144649954697379,14.40961217362567,63.36244250383308
1901,2,17,pitch_jump,1.0,0.025200783397712655,20.420852468108237,63.36244250383308
1901,2,22,pitch_jump,1.0,0.020686485001182833,18.645980378073173,63.36244250383308
1901,2,23,pitch_jump,1.0,0.021108199320305457,13.8076174620002,63.36244250383308
1901,2,25,pitch_jump,1.0,0.004018370139854692,12.879633000223128,63.36244250383308
1902,2,4,pitch_jump,1.0,0.020112178807792164,14.524011375388952,63.39577361509233
1904,2,2,pitch_jump,1.0,0.014675021747733547,15.513535400070284,63.462435837610826
1904,2,6,pitch_jump,1.0,0.026907042797156416,17.14913940189459,63.462435837610826
1904,2,8,pitch_jump,1.0,0.013613772184717876,12.230832395529578,63.462435837610826
1904,2,15,pitch_jump,1.0,0.009419487302138225,12.934516286279166,63.462435837610826
1904,2,19,pitch_jump,1.0,0.014921654076252384,14.31308219322591,63.462435837610826
1904,2,26,pitch_jump,1.0,0.028375718803688242,21.355413984684045,63.462435837610826
1905,2,6,pitch_jump,1.0,0.04991538408955162,73.78446784131134,63.49576694887008
1905,2,7,pitch_jump,1.0,0.033347648933622874,55.46229683350392,63.49576694887008
1905,2,8,pitch_jump,1.0,0.023155442665416536,19.86460070512405,63.49576694887008
1905,2,17,pitch_jump,1.0,0.04338640309664673,17.190101241291828,63.49576694887008
1905,2,22,pitch_jump,1.0,0.034857432986069706,37.13502092414065,63.49576694887008
1905,2,26,pitch_jump,1.0,0.03695647905192172,19.794161150121425,63.49576694887008
1906,2,6,pitch_jump,1.0,0.030630554070813727,14.922059908439698,63.52909806012933
1906,2,7,pitch_jump,1.0,0.041765878034038015,12.327177776495834,63.52909806012933
1906,2,26,pitch_jump,1.0,0.024545172644626023,13.751721589762868,63.52909806012933
1907,2,2,pitch_jump,2.0,0.03800049791479794,13.991575705618924,63.56242917138858
1908,2,2,pitch_jump,1.0,0.029925642240627832,15.322012472080964,63.595760282647824
1908,2,4,pitch_jump,1.0,0.022447833417514298,13.572803656487922,63.595760282647824
1908,2,7,pitch_jump,1.0,0.04937319745254472,12.851884001340382,63.595760282647824
1908,2,8,pitch_jump,1.0,0.01827568336419797,12.786547693788329,63.595760282647824
1908,2,17,pitch_jump,1.0,0.10713291410756308,19.97527249667517,63.595760282647824
1908,2,25,pitch_jump,1.0,0.02225618267987891,12.90100912014743,63.595760282647824
1909,2,2,pitch_jump,1.0,0.016079844504182015,18.775415128333957,63.629091393907075
1909,2,3,pitch_jump,1.0,0.07932198299574936,18.839808169223865,63.629091393907075
1909,2,4,pitch_jump,1.0,0.024122636371258627,25.144598950225465,63.629091393907075
1909,2,8,pitch_jump,1.0,0.015514206372209674,18.829659169456455,63.629091393907075
1909,2,12,pitch_jump,1.0,0.019091226318174247,25.812300104147834,63.629091393907075
1909,2,14,pitch_jump,1.0,0.008518445281756484,16.936150900745567,63.629091393907075
1909,2,15,pitch_jump,1.0,0.006393325212919238,18.810024480920305,63.629091393907075
1909,2,17,pitch_jump,1.0,0.09292650032598408,24.0902577024593,63.629091393907075
1909,2,19,pitch_jump,1.0,0.01839363621486209,18.74305505578184,63.629091393907075
1909,2,22,pitch_jump,1.0,0.048327623161634914,14.876125363768914,63.629091393907075
1909,2,23,pitch_jump,1.0,0.04197051112862378,21.014403273073373,63.629091393907075
1909,2,25,pitch_jump,1.0,0.03756436496178748,22.542690421860403,63.629091393907075
1909,2,26,pitch_jump,1.0,0.01215982577942011,12.774581627646318,63.629091393907075
1910,2,7,pitch_jump,1.0,0.022577170741454766,13.980069334927888,63.662422505166326
1910,2,17,pitch_jump,1.0,0.06039711723948489,13.904028327750948,63.662422505166326
1911,2,4,pitch_jump,1.0,0.022193295218725522,14.100040859200625,63.69575361642558
1911,2,6,pitch_jump,1.0,0.02086533165510552,20.50019282741707,63.69575361642558
1911,2,7,pitch_jump,1.0,0.04481847475760386,16.099139724238846,63.69575361642558
1913,2,4,pitch_jump,1.0,0.027054421225743915,16.237652044575885,63.76241583894407
1914,2,4,pitch_jump,1.0,0.052467642457653584,13.204729490756664,63.79574695020332
1915,2,4,pitch_jump,1.0,0.05515483442991041,16.402178714224547,63.829078061462575
1915,2,6,pitch_jump,1.0,0.020527050901059465,22.762801221191697,63.829078061462575
1915,2,7,pitch_jump,1.0,0.050217838410599715,35.15053085768408,63.829078061462575
1915,2,8,pitch_jump,1.0,0.009243079010042277,16.405126382082592,63.829078061462575
1915,2,12,pitch_jump,1.0,0.015437853073062993,12.324767831786001,63.829078061462575
1915,2,14,pitch_jump,1.0,0.016026946503143534,13.430859040116705,63.829078061462575
1915,2,15,pitch_jump,1.0,0.016865182570227996,18.588925635023024,63.829078061462575
1915,2,17,pitch_jump,1.0,0.06490628047429642,19.4504842126093,63.829078061462575
1915,2,19,pitch_jump,1.0,0.014169158291954089,15.361351968349418,63.829078061462575
1915,2,22,pitch_jump,1.0,0.03162221003323106,23.450080492914125,63.829078061462575
1915,2,25,pitch_jump,1.0,0.012398383240532038,13.394753879939449,63.829078061462575
1915,2,26,pitch_jump,1.0,0.027274528578228475,20.14875924154299,63.829078061462575
1917,2,4,pitch_jump,1.0,0.023791146329403285,17.365782459355458,63.89574028398107
1917,2,5,pitch_jump,1.0,0.022287957459007742,20.44731136843102,63.89574028398107
1917,2,6,pitch_jump,1.0,0.007269269007782959,12.187534431050405,63.89574028398107
1917,2,12,pitch_jump,1.0,0.02179274875408686,12.82036200099369,63.89574028398107
1917,2,14,pitch_jump,1.0,0.02059172904822763,19.71623003212998,63.89574028398107
1917,2,17,pitch_jump,1.0,0.07167869561566038,17.667956290702847,63.89574028398107
1917,2,19,pitch_jump,1.0,0.027953927184591797,15.582340987376448,63.89574028398107
1917,2,22,pitch_jump,1.0,0.02284702709983787,12.075203826269247,63.89574028398107
1917,2,25,pitch_jump,1.0,0.008219696403501401,14.236240471846514,63.89574028398107
1917,2,26,pitch_jump,1.0,0.026560297640814395,14.710994213609245,63.89574028398107
1918,2,3,pitch_jump,1.0,0.051025624272308556,12.073518932510057,63.92907139524032
1918,2,4,pitch_jump,1.0,0.012582375499593507,21.86924499204157,63.92907139524032
1918,2,5,pitch_jump,1.0,0.018399749344807755,18.05870253017913,63.92907139524032
1918,2,12,pitch_jump,1.0,0.025003589537122298,16.877063651037513,63.92907139524032
1918,2,15,pitch_jump,1.0,0.019611909183205392,13.629222151729486,63.92907139524032
1918,2,17,pitch_jump,1.0,0.051141315560841366,19.57192901413226,63.92907139524032
1918,2,19,pitch_jump,1.0,0.033013621691657356,18.23515094971738,63.92907139524032
1918,2,25,pitch_jump,1.0,0.01294846161472688,17.33222444641553,63.92907139524032
1919,2,6,pitch_jump,1.0,0.01681380173789687,12.719255402890308,63.96240250649957
1920,2,3,pitch_jump,1.0,0.012028718166339953,28.289539934538976,63.995733617758816
1920,2,4,pitch_jump,1.0,0.024014663860479388,30.80692146348675,63.995733617758816
1920,2,6,pitch_jump,1.0,0.019964270473011855,19.745934225334775,63.995733617758816
1920,2,7,pitch_jump,1.0,0.048442948264993485,41.27997893904995,63.995733617758816
1920,2,8,pitch_jump,1.0,0.024204975785096353,22.871394666819942,63.995733617758816
1920,2,12,pitch_jump,1.0,0.03193255514789868,20.71824997074701,63.995733617758816
1920,2,14,pitch_jump,1.0,0.029027412589308167,20.97070407062891,63.995733617758816
1920,2,15,pitch_jump,1.0,0.021688041821562233,15.614136307532712,63.995733617758816
1920,2,17,pitch_jump,1.0,0.00951793482257711,35.820417903920195,63.995733617758816
1920,2,22,pitch_jump,1.0,0.0332368595589916,27.589521525805523,63.995733617758816
1920,2,23,pitch_jump,1.0,0.024909848616606493,25.297719840849886,63.995733617758816
1920,2,25,pitch_jump,1.0,0.010592368489438397,26.98317565516605,63.995733617758816
1922,2,12,pitch_jump,1.0,0.009224503922356546,12.478137345758187,64.06239584027732
1923,2,3,pitch_jump,1.0,0.0435636809478113,17.11101487712406,64.09572695153656
1923,2,4,pitch_jump,1.0,0.037326098476179105,12.485845119146028,64.09572695153656
1923,2,17,pitch_jump,1.0,0.0421565726559539,13.993755575319364,64.09572695153656
1923,2,23,pitch_jump,1.0,0.025288609848401082,13.877132178605324,64.09572695153656
1923,2,25,pitch_jump,1.0,0.04463940750514642,17.05861211409665,64.09572695153656
1925,2,6,pitch_jump,1.0,0.028144234960438178,17.595932258175427,64.16238917405506
1926,2,3,pitch_jump,1.0,0.04334389888016982,17.530197078473535,64.19572028531431
1926,2,4,pitch_jump,1.0,0.04455512536027279,74.79417550627684,64.19572028531431
1926,2,5,pitch_jump,1.0,0.02677425140593018,37.690944687619925,64.19572028531431
1926,2,6,pitch_jump,1.0,0.03820355228513387,12.210057617934744,64.19572028531431
1926,2,7,pitch_jump,1.0,0.01547123574775882,20.398265564689975,64.19572028531431
1926,2,8,pitch_jump,1.0,0.031217286935277765,20.798352038686826,64.19572028531431
1926,2,12,pitch_jump,1.0,0.03831631238623032,58.61806499101614,64.19572028531431
1926,2,14,pitch_jump,1.0,0.041076711585062035,57.78242704694161,64.19572028531431
1926,2,15,pitch_jump,1.0,0.015242653745193702,30.885571858266598,64.19572028531431
1926,2,19,pitch_jump,1.0,0.009068931996778603,41.54451927850684,64.19572028531431
1926,2,23,pitch_jump,1.0,0.04440558621857982,16.825670743055333,64.19572028531431
1926,2,25,pitch_jump,1.0,0.023405245597146348,12.97387730401878,64.19572028531431
1926,2,26,pitch_jump,1.0,0.039849849110861355,29.526259545949536,64.19572028531431
1927,2,3,pitch_jump,1.0,0.05112308895817396,26.216817812330987,64.22905139657357
1927,2,4,pitch_jump,1.0,0.04733518963184272,16.122303921932033,64.22905139657357
1927,2,5,pitch_jump,1.0,0.02469263476671254,13.937120680613749,64.22905139657357
1927,2,12,pitch_jump,1.0,0.05047216262340459,15.347538547502289,64.22905139657357
1927,2,17,pitch_jump,1.0,0.019462067341754787,13.21174192666607,64.22905139657357
1927,2,19,pitch_jump,1.0,0.025619472936827342,15.400388686504765,64.22905139657357
1927,2,23,pitch_jump,1.0,0.03388384638812602,13.307555979299076,64.22905139657357
1927,2,25,pitch_jump,1.0,0.014475249188437522,18.035986787414036,64.22905139657357
1928,2,4,pitch_jump,1.0,0.028097918669445724,37.645805990476575,64.26238250783281
1928,2,5,pitch_jump,1.0,0.021822261176721924,16.548994819808996,64.26238250783281
1928,2,6,pitch_jump,1.0,0.00959208053972088,40.593836022423794,64.26238250783281
1928,2,7,pitch_jump,1.0,0.027973366962419092,25.760254260122924,64.26238250783281
1928,2,8,pitch_jump,1.0,0.029356385781647464,18.954898640076923,64.26238250783281
1928,2,12,pitch_jump,1.0,0.02312116569248813,19.500625064362033,64.26238250783281
1928,2,17,pitch_jump,1.0,0.02136968111144791,13.828873296976148,64.26238250783281
1928,2,22,pitch_jump,1.0,0.019533220034375305,25.083622346612053,64.26238250783281
1928,2,25,pitch_jump,1.0,0.0068943277290688994,13.282121183411315,64.26238250783281
1928,2,26,pitch_jump,1.0,0.018775031276030543,22.595426074384935,64.26238250783281
1929,2,4,pitch_jump,1.0,0.05229448717851164,18.38275518059482,64.29571361909207
1929,2,6,pitch_jump,1.0,0.013855704621015005,12.816339357698137,64.29571361909207
1929,2,12,pitch_jump,1.0,0.027803874941663895,14.005710833321201,64.29571361909207
1930,2,3,pitch_jump,1.0,0.06731812335857479,12.152720744881682,64.32904473035131
1930,2,4,pitch_jump,1.0,0.0437291841417738,12.815012987450618,64.32904473035131
1931,2,7,pitch_jump,1.0,0.04152334461434611,13.433681882997982,64.36237584161056
1932,2,7,pitch_jump,1.0,0.05355644745383402,16.456918610227632,64.39570695286982
1932,2,8,pitch_jump,1.0,0.01497023753151905,14.7033209814535,64.39570695286982
1932,2,17,pitch_jump,1.0,0.04151775702446324,13.709612392805044,64.39570695286982
1932,2,25,pitch_jump,1.0,0.018223102925218157,12.354820802109286,64.39570695286982
1932,2,26,pitch_jump,1.0,0.03817076968981718,16.367048312490443,64.39570695286982
1933,2,3,pitch_jump,1.0,0.04890976967859236,17.08972564513302,64.42903806412906
1933,2,4,pitch_jump,1.0,0.05228709633796138,22.224725242913173,64.42903806412906
1933,2,7,pitch_jump,1.0,0.059300614595999265,18.416551086391795,64.42903806412906
1933,2,8,pitch_jump,1.0,0.02536233618941896,15.160022231289519,64.42903806412906
1933,2,12,pitch_jump,1.0,0.021055090358635713,25.654451393589177,64.42903806412906
1933,2,15,pitch_jump,1.0,0.008422153210628372,14.664874512321566,64.42903806412906
1933,2,22,pitch_jump,1.0,0.02077573258124606,12.726441830398326,64.42903806412906
1933,2,23,pitch_jump,1.0,0.026331930132390075,17.315396620388032,64.42903806412906
1934,2,8,pitch_jump,1.0,0.022769326639853982,13.105901513717662,64.4623691753883
1935,2,3,pitch_jump,1.0,0.06686246414605847,14.103253634938133,64.49570028664756
1935,2,6,pitch_jump,1.0,0.019596950342898153,13.159818374946466,64.49570028664756
1936,2,2,pitch_jump,1.0,0.044973644513575925,13.547877925547779,64.5290313979068
1936,2,4,pitch_jump,1.0,0.04723783271578492,17.27014824181577,64.5290313979068
1936,2,12,pitch_jump,1.0,0.02225485609910184,12.935501917658145,64.5290313979068
1936,2,14,pitch_jump,1.0,0.03534521078632377,14.97815341462754,64.5290313979068
1936,2,19,pitch_jump,1.0,0.023316334002052803,15.579869788084437,64.5290313979068
1937,2,17,pitch_jump,1.0,0.029780933546137305,12.171527902602696,64.56236250916606
1939,2,3,pitch_jump,1.0,0.07138456790454276,18.220172588131557,64.62902473168455
1939,2,4,pitch_jump,1.0,0.023713206943352716,18.895707426467535,64.62902473168455
1939,2,6,pitch_jump,1.0,0.04476755829448862,26.18561364580901,64.62902473168455
1939,2,7,pitch_jump,1.0,0.060774444445641486,28.725120160988304,64.62902473168455
1939,2,12,pitch_jump,1.0,0.045155517676054364,18.482712165217542,64.62902473168455
1939,2,17,pitch_jump,1.0,0.01070318913919686,19.546061207920122,64.62902473168455
1940,2,3,pitch_jump,1.0,0.039244082570470976,12.955355330817053,64.66235584294381
1942,2,3,pitch_jump,1.0,0.08912419676024609,23.063435065481027,64.7290180654623
1943,2,3,pitch_jump,1.0,0.022644908124332053,23.641123081734094,64.76234917672156
1943,2,4,pitch_jump,1.0,0.018694462472788845,20.025922502781142,64.76234917672156
1943,2,12,pitch_jump,1.0,0.014385633776014812,14.27152219518641,64.76234917672156
1943,2,15,pitch_jump,1.0,0.01417287418543881,13.52737581806925,64.76234917672156
1943,2,25,pitch_jump,1.0,0.01790858803445304,12.759040986339983,64.76234917672156
1943,2,26,pitch_jump,1.0,0.04565998031227185,12.816139742970496,64.76234917672156
1945,2,12,pitch_jump,1.0,0.02249586688163402,14.04571321187126,64.82901139924006
1945,2,17,pitch_jump,1.0,0.03682978268548547,17.953670292356644,64.82901139924006
1947,2,3,pitch_jump,1.0,0.002614975677327822,12.323375205055386,64.89567362175855
1947,2,4,pitch_jump,1.0,0.07210550182518088,18.47164776956121,64.89567362175855
1948,2,4,pitch_jump,1.0,0.014491730487881925,19.09433461587989,64.9290047330178
1948,2,7,pitch_jump,1.0,0.08415914853948459,17.396369560373763,64.9290047330178
1948,2,8,pitch_jump,1.0,0.03593196155635256,12.802620947528867,64.9290047330178
1948,2,19,pitch_jump,1.0,0.021481808968210243,12.125497206766937,64.9290047330178
1948,2,25,pitch_jump,1.0,0.03403163824516728,17.810225890825706,64.9290047330178
1949,2,3,pitch_jump,1.0,0.010294258044683353,13.189311568085909,64.96233584427705
1950,2,3,pitch_jump,1.0,0.04517821752696193,13.578189523465008,64.9956669555363
1950,2,12,pitch_jump,1.0,0.04450646132154289,14.729106430291623,64.9956669555363
1951,2,7,pitch_jump,1.0,0.06928632150853273,17.145009981873933,65.02899806679555
1951,2,26,pitch_jump,1.0,0.1722031536138343,25.91759413563518,65.02899806679555
1952,2,2,pitch_jump,1.0,0.043713851813397625,13.967174996226442,65.0623291780548
1952,2,3,pitch_jump,1.0,0.020837770068557842,15.873595355232567,65.0623291780548
1952,2,4,pitch_jump,1.0,0.009796250130599598,17.70130048996013,65.0623291780548
1952,2,10,pitch_jump,1.0,0.024587701007209604,19.79580695657014,65.0623291780548
1952,2,12,pitch_jump,1.0,0.015341970216557978,15.161575388500697,65.0623291780548
1952,2,14,pitch_jump,1.0,0.019033225054426086,13.473968553744394,65.0623291780548
1952,2,15,pitch_jump,1.0,0.009306986871817769,12.416648146102046,65.0623291780548
1952,2,19,pitch_jump,1.0,0.008960386956706392,16.026797279328466,65.0623291780548
1952,2,23,pitch_jump,1.0,0.004170748672746246,14.161754002560203,65.0623291780548
1952,2,25,pitch_jump,1.0,0.011255696114468878,15.15562931172129,65.0623291780548
1952,2,26,pitch_jump,1.0,0.11909259527797987,28.316016724835507,65.0623291780548
1953,2,14,pitch_jump,1.0,0.026115950081741317,12.194188771063248,65.09566028931405
1953,2,19,pitch_jump,1.0,0.0446236454716635,12.341075272074953,65.09566028931405
1953,2,21,pitch_jump,1.0,0.14870708565470042,15.562141367110442,65.09566028931405
1954,2,3,pitch_jump,1.0,0.027764978184707852,20.556431957219523,65.1289914005733
1954,2,17,pitch_jump,1.0,0.07263352343487528,22.868136526142273,65.1289914005733
1954,2,21,pitch_jump,1.0,0.06873127254747606,13.327182668693183,65.1289914005733
1955,2,2,pitch_jump,2.0,0.06721898272185454,12.614730524006761,65.16232251183254
1955,2,3,pitch_jump,1.0,0.04490003228814261,17.844254232561433,65.16232251183254
1956,2,3,pitch_jump,1.0,0.019701621189997607,19.56943585823865,65.1956536230918
1956,2,4,pitch_jump,1.0,0.019954661258502822,16.416535487026557,65.1956536230918
1956,2,8,pitch_jump,1.0,0.05184044212793401,12.723987252249842,65.1956536230918
1956,2,12,pitch_jump,1.0,0.01972626429181118,12.731790704015635,65.1956536230918
1957,2,5,pitch_jump,1.0,0.06404325004157063,15.240610010928277,65.22898473435104
1957,2,6,pitch_jump,1.0,0.03136376955636579,13.164408778776352,65.22898473435104
1957,2,8,pitch_jump,1.0,0.05077264919999581,16.3792641905947,65.22898473435104
1957,2,10,pitch_jump,1.0,0.024261001574138883,15.924048783137843,65.22898473435104
1957,2,15,pitch_jump,1.0,0.014130159449116664,12.050360039085133,65.22898473435104
1957,2,21,pitch_jump,1.0,0.022839557402004978,12.563000149836455,65.22898473435104
1957,2,26,pitch_jump,1.0,0.03880964574395056,12.633960790127226,65.22898473435104
1959,2,3,pitch_jump,1.0,0.07444790876811704,21.296871128666538,65.29564695686955
1959,2,4,pitch_jump,1.0,0.009751504099520083,22.32183285761871,65.29564695686955
1959,2,8,pitch_jump,1.0,0.04230311974928872,18.620495953762155,65.29564695686955
1959,2,10,pitch_jump,1.0,0.024509817157353352,28.224116832768512,65.29564695686955
1959,2,12,pitch_jump,1.0,0.019188947060077205,19.478516240713738,65.29564695686955
1959,2,15,pitch_jump,1.0,0.013065182037651692,15.066755773525097,65.29564695686955
1959,2,19,pitch_jump,1.0,0.011969121450861153,17.325644776930673,65.29564695686955
1959,2,25,pitch_jump,1.0,0.022545733359014785,15.552033345280408,65.29564695686955
1960,2,3,pitch_jump,1.0,0.033637284297262454,12.636712871391873,65.32897806812879
1960,2,4,pitch_jump,1.0,0.0240084225380838,14.288795854283224,65.32897806812879
1960,2,6,pitch_jump,1.0,0.04236201328205884,15.948126670634302,65.32897806812879
1960,2,7,pitch_jump,1.0,0.0929118628211275,16.608745432777283,65.32897806812879
1960,2,8,pitch_jump,1.0,0.026000260244378796,12.505768504885456,65.32897806812879
1960,2,17,pitch_jump,1.0,0.0927506587446885,17.48032937489173,65.32897806812879
1960,2,22,pitch_jump,1.0,0.032877798637725324,13.651848118857792,65.32897806812879
1960,2,23,pitch_jump,1.0,0.04026133325404209,14.789352707461392,65.32897806812879
1960,2,25,pitch_jump,1.0,0.03164656441541363,17.815393386559776,65.32897806812879
1962,2,2,pitch_jump,1.0,0.07001238402251321,14.326090510783425,65.3956402906473
1962,2,3,pitch_jump,1.0,0.014056917336050018,19.87249686635281,65.3956402906473
1962,2,4,pitch_jump,1.0,0.02524316279596356,14.854587749410005,65.3956402906473
1962,2,10,pitch_jump,1.0,0.017095975290804342,18.043875761419972,65.3956402906473
1962,2,12,pitch_jump,1.0,0.020380718635314325,12.757603473908034,65.3956402906473
1962,2,17,pitch_jump,1.0,0.033216080618931866,14.215150827921075,65.3956402906473
1962,2,19,pitch_jump,1.0,0.015620994137574166,13.395583260233414,65.3956402906473
1962,2,22,pitch_jump,1.0,0.036828461413896146,12.936267759462305,65.3956402906473
1962,2,25,pitch_jump,1.0,0.014828848406460642,12.272481318168099,65.3956402906473
1963,2,2,pitch_jump,1.0,0.07004609356921034,17.209426930523545,65.42897140190654
1963,2,3,pitch_jump,1.0,0.011218773692462533,13.077280303240245,65.42897140190654
1963,2,25,pitch_jump,1.0,0.014111763907680307,16.28054582777968,65.42897140190654
1963,2,26,pitch_jump,1.0,0.06494011154103005,12.866469974617267,65.42897140190654
1964,2,4,pitch_jump,1.0,0.026465286540941796,14.837671695872688,65.4623025131658
1965,2,4,pitch_jump,1.0,0.04334108025754169,24.21121919343515,65.49563362442504
1965,2,7,pitch_jump,1.0,0.09083393044390722,14.916320226085098,65.49563362442504
1965,2,17,pitch_jump,1.0,0.11463924438809332,21.0432902894475,65.49563362442504
1966,2,7,pitch_jump,1.0,0.06969066309616986,19.796225157341837,65.52896473568428
1966,2,14,pitch_jump,1.0,0.039159867521606245,12.47386189708343,65.52896473568428
1966,2,15,pitch_jump,1.0,0.025471740249564088,15.724314467900125,65.52896473568428
1966,2,17,pitch_jump,1.0,0.04276909847338607,19.715362192433602,65.52896473568428
1966,2,22,pitch_jump,1.0,0.01445728041675463,14.318649918032312,65.52896473568428
1966,2,26,pitch_jump,1.0,0.04818832865088454,16.838938632468654,65.52896473568428
1967,2,17,pitch_jump,1.0,0.11874802830780655,20.2692386834472,65.56229584694354
1969,2,3,pitch_jump,1.0,0.016250573089663534,18.617123225712263,65.62895806946204
1969,2,8,pitch_jump,1.0,0.05725180077787238,15.232558971700739,65.62895806946204
1969,2,10,pitch_jump,1.0,0.07248445448325666,18.70563566108127,65.62895806946204
1969,2,12,pitch_jump,1.0,0.01775534567806551,18.124002746701482,65.62895806946204
1969,2,17,pitch_jump,1.0,0.02761611158938239,12.415918183126653,65.62895806946204
1969,2,23,pitch_jump,1.0,0.04660774006278935,14.426951043262022,65.62895806946204
1969,2,25,pitch_jump,1.0,0.03036493263747041,15.185041644797467,65.62895806946204
1971,2,4,pitch_jump,1.0,0.0202755208717223,12.631167116817966,65.69562029198053
1971,2,10,pitch_jump,1.0,0.06821476024607895,17.871407890018723,65.69562029198053
1972,2,2,pitch_jump,1.0,0.09750355383908316,13.515743908008107,65.72895140323979
1972,2,26,pitch_jump,1.0,0.0897121272112923,13.788513805502419,65.72895140323979
1975,2,4,pitch_jump,1.0,0.07200546363710791,12.197664784657281,65.82894473701754
1976,2,10,pitch_jump,1.0,0.03813214782194691,14.694703364893966,65.86227584827678
1978,2,4,pitch_jump,1.0,0.060364713303937965,12.560475800051565,65.92893807079528
1979,2,17,pitch_jump,1.0,0.04734933239489126,14.243922071969195,65.96226918205453
1981,2,2,pitch_jump,1.0,0.1205229330753766,15.985284319068986,66.02893140457303
1981,2,4,pitch_jump,1.0,0.10401542535684845,25.752741133844346,66.02893140457303
1981,2,8,pitch_jump,1.0,0.07815408931324365,12.044971477982012,66.02893140457303
1982,2,17,pitch_jump,1.0,0.09181880827925548,18.721584651524857,66.06226251583227
1983,2,3,pitch_jump,1.0,0.03004913847077718,18.25514333438894,66.09559362709153
1983,2,4,pitch_jump,1.0,0.06531656105478172,16.453625758300824,66.09559362709153
1983,2,8,pitch_jump,1.0,0.0638336043728941,18.476167063846205,66.09559362709153
1983,2,10,pitch_jump,1.0,0.0860003806302797,13.694031504950733,66.09559362709153
1983,2,12,pitch_jump,1.0,0.02431938053022048,18.129358341305213,66.09559362709153
1983,2,14,pitch_jump,1.0,0.041296531968766814,12.049548251032101,66.09559362709153
1983,2,15,pitch_jump,1.0,0.031384694360745716,13.458840178342543,66.09559362709153
1983,2,17,pitch_jump,1.0,0.06604768019954106,18.67663690862151,66.09559362709153
1983,2,18,pitch_jump,1.0,0.035701396412485535,19.95696984953685,66.09559362709153
1983,2,19,pitch_jump,1.0,0.022069640425519538,15.857320070647974,66.09559362709153
1983,2,22,pitch_jump,1.0,0.046753667162793826,13.539791828529578,66.09559362709153
1983,2,23,pitch_jump,1.0,0.047743610306877536,16.78669600591362,66.09559362709153
1983,2,25,pitch_jump,1.0,0.02891214053342421,15.769644660883362,66.09559362709153
1983,2,26,pitch_jump,1.0,0.07219440975971343,16.67744988232898,66.09559362709153
1984,2,4,pitch_jump,1.0,0.06174492670989843,14.598153290188149,66.12892473835078
1984,2,10,pitch_jump,1.0,0.0831961669972243,17.077895967800924,66.12892473835078
1986,2,15,pitch_jump,1.0,0.08299679604153526,13.76099600030122,66.19558696086928
1988,2,17,pitch_jump,1.0,0.13974307762787808,27.984655057452578,66.26224918338778
1989,2,20,pitch_jump,1.0,0.11201428810174706,18.45944828605716,66.29558029464702
1990,2,4,pitch_jump,1.0,0.046839346793523425,13.904319905640152,66.32891140590627
1990,2,17,pitch_jump,1.0,0.1271129658929945,20.666357501051703,66.32891140590627
1991,2,17,pitch_jump,1.0,0.09394790989991852,20.444188876608173,66.36224251716553
1992,2,4,pitch_jump,1.0,0.1062676681038554,45.387847281401136,66.39557362842477
1992,2,8,pitch_jump,1.0,0.10279827632608925,12.712319404097187,66.39557362842477
1993,2,7,pitch_jump,1.0,0.06433139266289628,13.914031639479683,66.42890473968403
1993,2,8,pitch_jump,1.0,0.08433098334659421,17.393733845227597,66.42890473968403
1993,2,17,pitch_jump,1.0,0.08694662302927902,21.883470554619738,66.42890473968403
1993,2,22,pitch_jump,1.0,0.0389725349045486,13.264150435715464,66.42890473968403
1993,2,26,pitch_jump,1.0,0.08854923643390761,16.402897003816268,66.42890473968403
1994,2,4,pitch_jump,1.0,0.043202528727238135,12.425827358060737,66.46223585094327
1994,2,17,pitch_jump,1.0,0.05487086949621046,12.55675534726381,66.46223585094327
1995,2,3,pitch_jump,1.0,0.048573231371662695,15.867536612039173,66.49556696220252
1995,2,4,pitch_jump,1.0,0.1168758361381583,28.935814138272168,66.49556696220252
1995,2,10,pitch_jump,1.0,0.10792017813802063,18.48020482985908,66.49556696220252
1995,2,12,pitch_jump,1.0,0.027357962920145504,15.381590396784516,66.49556696220252
1995,2,25,pitch_jump,1.0,0.06490519110313048,14.475590294942677,66.49556696220252
1996,2,4,pitch_jump,1.0,0.1567477979062807,27.590333474287483,66.52889807346178
1996,2,12,pitch_jump,1.0,0.038949540742808625,15.364229764559607,66.52889807346178
1996,2,17,pitch_jump,1.0,0.15296048062493892,23.21203455768227,66.52889807346178
1997,2,4,pitch_jump,1.0,0.06919244916426381,15.755492962055516,66.56222918472102
1997,2,17,pitch_jump,1.0,0.0532592272914325,12.072850658514374,66.56222918472102
1998,2,6,pitch_jump,1.0,0.03621191236282418,33.96145686276737,66.59556029598028
1998,2,7,pitch_jump,1.0,0.07258650609219672,37.016273849138024,66.59556029598028
1998,2,8,pitch_jump,1.0,0.06751556204150955,15.02672946578868,66.59556029598028
1998,2,17,pitch_jump,1.0,0.04206764356270833,22.70074811856226,66.59556029598028
1998,2,21,pitch_jump,1.0,0.05907838231161528,18.516533230275396,66.59556029598028
1998,2,22,pitch_jump,1.0,0.04066391944943513,21.746128274919677,66.59556029598028
1998,2,26,pitch_jump,1.0,0.048682565996343845,16.2073957035538,66.59556029598028
1999,2,3,pitch_jump,1.0,0.0686963032371568,12.541937027466314,66.62889140723952
1999,2,10,pitch_jump,1.0,0.15250462553060787,16.770034809343542,66.62889140723952
1999,2,12,pitch_jump,1.0,0.08766456069573013,14.645077708515736,66.62889140723952
1999,2,18,pitch_jump,1.0,0.11814701433884746,15.082812994813349,66.62889140723952
1999,2,20,pitch_jump,1.0,0.0590407952659904,13.137532556143423,66.62889140723952
2000,2,6,pitch_jump,1.0,0.02599504753803207,31.376674609132632,66.66222251849877
2000,2,7,pitch_jump,1.0,0.04590756726581843,34.89583567383479,66.66222251849877
2000,2,8,pitch_jump,1.0,0.0326062256895897,13.605919245925966,66.66222251849877
2000,2,17,pitch_jump,1.0,0.020470353213467046,20.067153237375507,66.66222251849877
2000,2,21,pitch_jump,1.0,0.04488443052112303,18.292796461238385,66.66222251849877
2000,2,22,pitch_jump,1.0,0.02055655171757505,20.610410910069678,66.66222251849877
2000,2,26,pitch_jump,1.0,0.011066511055354026,16.325783261716516,66.66222251849877
2001,2,4,pitch_jump,1.0,0.11881226426976967,22.455843556862728,66.69555362975802
2001,2,5,pitch_jump,1.0,0.12454805812719236,20.627007527134154,66.69555362975802
2001,2,6,pitch_jump,1.0,0.04387840597047226,20.248040005733,66.69555362975802
2001,2,7,pitch_jump,1.0,0.051758256217426794,22.946617098018027,66.69555362975802
2001,2,10,pitch_jump,1.0,0.11555720507425671,15.94721091876728,66.69555362975802
2001,2,17,pitch_jump,1.0,0.04860465773741061,17.627976447397565,66.69555362975802
2001,2,21,pitch_jump,1.0,0.095512656666994,14.471593891007874,66.69555362975802
2001,2,22,pitch_jump,1.0,0.03920073610025718,15.158277213698764,66.69555362975802
2002,2,4,pitch_jump,1.0,0.1920053258958661,19.38369883210409,66.72888474101727
2002,2,10,pitch_jump,1.0,0.17534273320550345,15.863006338189965,66.72888474101727
2002,2,12,pitch_jump,1.0,0.11913483300301349,14.843850140487481,66.72888474101727
2002,2,18,pitch_jump,1.0,0.1187234579369918,14.720861360508968,66.72888474101727
2003,2,7,pitch_jump,1.0,0.032664822966114525,12.723518161651242,66.76221585227651
2003,2,17,pitch_jump,1.0,0.025878021693823826,13.123023225086236,66.76221585227651
2004,2,2,pitch_jump,1.0,0.11561429070194082,17.081585034699366,66.79554696353577
2004,2,4,pitch_jump,1.0,0.13931358131048047,13.948664326257354,66.79554696353577
2004,2,8,pitch_jump,1.0,0.11502481562606522,17.727345144391187,66.79554696353577
2004,2,10,pitch_jump,1.0,0.11918010291029996,14.17694484008408,66.79554696353577
2004,2,18,pitch_jump,1.0,0.0986060831752104,16.168906730792003,66.79554696353577
2004,2,26,pitch_jump,1.0,0.08100792182599836,13.482210043504471,66.79554696353577
2005,2,4,pitch_jump,1.0,0.19721949477193412,28.08049328614693,66.82887807479501
2005,2,6,pitch_jump,1.0,0.05094053655122097,35.08557240624708,66.82887807479501
2005,2,7,pitch_jump,1.0,0.07620601482483223,49.27824665210052,66.82887807479501
2005,2,8,pitch_jump,1.0,0.10939817209209278,27.87527051732739,66.82887807479501
2005,2,10,pitch_jump,1.0,0.156803425462643,29.482389433952346,66.82887807479501
2005,2,12,pitch_jump,1.0,0.08721334350511029,14.648442842272672,66.82887807479501
2005,2,17,pitch_jump,1.0,0.03912258818188008,27.595431285719187,66.82887807479501
2005,2,18,pitch_jump,1.0,0.1270581150370925,21.406598370354235,66.82887807479501
2005,2,21,pitch_jump,1.0,0.09203996870020793,20.511254046882453,66.82887807479501
2005,2,22,pitch_jump,1.0,0.038973598990503025,24.79326586026058,66.82887807479501
2005,2,26,pitch_jump,1.0,0.09130478728939022,20.490576594287734,66.82887807479501
2007,2,6,pitch_jump,1.0,0.03566350324401971,21.12068401333182,66.89554029731352
2007,2,7,pitch_jump,1.0,0.07478525314591167,19.049710358421045,66.89554029731352
2007,2,17,pitch_jump,1.0,0.05394368782617482,14.054595094333475,66.89554029731352
2007,2,21,pitch_jump,1.0,0.11123227941751279,15.08579614290238,66.89554029731352
2008,2,15,pitch_jump,1.0,0.09808690532277729,13.992143411738164,66.92887140857276
2008,2,19,pitch_jump,1.0,0.05323896881718409,12.077953321138477,66.92887140857276
2008,2,22,pitch_jump,1.0,0.06283672800614569,12.48623876326429,66.92887140857276
2009,2,6,pitch_jump,1.0,0.019858066283340685,12.639877066764646,66.96220251983202
2010,2,6,pitch_jump,1.0,0.047642659682378304,31.489739696546142,66.99553363109126
2010,2,7,pitch_jump,1.0,0.0793188034474963,36.30273143970453,66.99553363109126
2010,2,8,pitch_jump,1.0,0.06849778009607604,18.146932593989895,66.99553363109126
2010,2,15,pitch_jump,1.0,0.08753459970835818,15.147600172826216,66.99553363109126
2010,2,17,pitch_jump,1.0,0.05638478301563846,29.55258561094445,66.99553363109126
2010,2,20,pitch_jump,1.0,0.12894101800423738,13.731669520615363,66.99553363109126
2010,2,21,pitch_jump,1.0,0.09006382102013202,23.585931933789816,66.99553363109126
2010,2,22,pitch_jump,1.0,0.03657514277313574,26.967894539486007,66.99553363109126
2010,2,25,pitch_jump,1.0,0.0917857048705255,13.15348743890974,66.99553363109126
2010,2,26,pitch_jump,1.0,0.07332601063088233,19.43442769611607,66.99553363109126
2011,2,10,pitch_jump,1.0,0.1712339643365374,16.937357252505226,67.0288647423505
2011,2,14,pitch_jump,1.0,0.13299486812781164,15.385520298414832,67.0288647423505
2011,2,18,pitch_jump,1.0,0.12718389864799223,18.297207376900026,67.0288647423505
2011,2,20,pitch_jump,1.0,0.08372703458901605,16.64766157948629,67.0288647423505
2011,2,21,pitch_jump,1.0,0.1125460644933247,17.648450400071727,67.0288647423505
2012,2,3,pitch_jump,1.0,0.04316190957098927,17.10665375888921,67.06219585360977
2013,2,4,pitch_jump,1.0,0.18623045792989845,13.518732077916123,67.09552696486901
2013,2,6,pitch_jump,1.0,0.04008245591459963,14.229224397190661,67.09552696486901
2013,2,7,pitch_jump,1.0,0.005935723901162081,17.809756380275175,67.09552696486901
2013,2,17,pitch_jump,1.0,0.07751660799225975,19.85198257658979,67.09552696486901
2013,2,22,pitch_jump,1.0,0.07617866029554239,14.202011369161344,67.09552696486901
2015,2,7,pitch_jump,1.0,0.046545000787793014,12.478067784482922,67.16218918738751
2015,2,10,pitch_jump,1.0,0.09510817486333555,13.633368153219822,67.16218918738751
2016,2,6,pitch_jump,1.0,0.05150598032130182,13.866225908215128,67.19552029864676
2016,2,7,pitch_jump,1.0,0.04364284132372995,13.362198151749608,67.19552029864676
2016,2,8,pitch_jump,1.0,0.12077548873630795,16.149482093284867,67.19552029864676
2016,2,19,pitch_jump,1.0,0.140333056297145,12.327994331464149,67.19552029864676
2016,2,21,pitch_jump,1.0,0.1114272414251444,12.241669108489479,67.19552029864676
2016,2,22,pitch_jump,1.0,0.07422528144665366,12.015783392663906,67.19552029864676
2016,2,26,pitch_jump,1.0,0.07563721537778355,12.724929510110542,67.19552029864676
2017,2,3,pitch_jump,1.0,0.14048503691194505,13.97943570165901,67.22885140990601
2017,2,4,pitch_jump,1.0,0.2177813298427515,13.31297176149032,67.22885140990601
2017,2,6,pitch_jump,1.0,0.061461279051198255,13.864646592677607,67.22885140990601
2017,2,7,pitch_jump,1.0,0.03346876098018557,14.204134172644949,67.22885140990601
2017,2,8,pitch_jump,1.0,0.12064178015845398,15.061754654359675,67.22885140990601
2017,2,10,pitch_jump,1.0,0.21892517807166514,14.850887288982742,67.22885140990601
2017,2,12,pitch_jump,1.0,0.14361034310286167,15.533594310901176,67.22885140990601
2017,2,14,pitch_jump,1.0,0.14882602136527062,16.159526722219155,67.22885140990601
2017,2,15,pitch_jump,1.0,0.16437147238841282,12.046306361024826,67.22885140990601
2017,2,18,pitch_jump,1.0,0.20949133220931151,15.002826120179032,67.22885140990601
2017,2,19,pitch_jump,1.0,0.12716780124236757,15.295307795557644,67.22885140990601
2017,2,20,pitch_jump,1.0,0.14846518849032206,16.31611450842994,67.22885140990601
2017,2,21,pitch_jump,1.0,0.11587128292532668,14.465212694479007,67.22885140990601
2017,2,26,pitch_jump,1.0,0.08831339973142507,14.63977032273994,67.22885140990601
2018,2,6,pitch_jump,1.0,0.023707157545398486,18.898823207233995,67.26218252116526
2018,2,7,pitch_jump,1.0,0.03724312983577731,20.641749349784767,67.26218252116526
2018,2,8,pitch_jump,1.0,0.05594369037392852,14.811431131931243,67.26218252116526
2018,2,17,pitch_jump,1.0,0.04597133242605049,12.232226573916597,67.26218252116526
2018,2,21,pitch_jump,1.0,0.05849175238749165,15.438368149849238,67.26218252116526
2018,2,22,pitch_jump,1.0,0.026619207211204716,15.428529067123977,67.26218252116526
2018,2,26,pitch_jump,1.0,0.01755987423394747,16.160025396856692,67.26218252116526
2019,2,4,pitch_jump,1.0,0.25092284007063387,14.14303477193022,67.2955136324245
2019,2,18,pitch_jump,1.0,0.2127997935255032,14.959087329172934,67.2955136324245
2019,2,21,pitch_jump,1.0,0.1299152300659278,13.333695832165063,67.2955136324245
2020,2,6,pitch_jump,1.0,0.07075722878497502,15.834012286487424,67.32884474368376
2020,2,14,pitch_jump,1.0,0.18087081101660415,13.741091875618036,67.32884474368376
2020,2,20,pitch_jump,1.0,0.14426141969567333,13.781978935387809,67.32884474368376
2020,2,21,pitch_jump,1.0,0.14211844694000728,17.896497875406254,67.32884474368376
2020,2,26,pitch_jump,1.0,0.06751001611473187,12.537398437779425,67.32884474368376
2021,2,10,pitch_jump,1.0,0.08970907817738481,13.669704011586031,67.362175854943
2022,2,3,pitch_jump,1.0,0.18898426019934322,21.64901936948321,67.39550696620226
2022,2,4,pitch_jump,1.0,0.26457623344045417,26.018895816022674,67.39550696620226
2022,2,10,pitch_jump,1.0,0.23533983749282247,18.658702778673877,67.39550696620226
2022,2,12,pitch_jump,1.0,0.20628981315875367,20.170559161311512,67.39550696620226
2022,2,14,pitch_jump,1.0,0.1715799998090619,15.24177658049726,67.39550696620226
2022,2,15,pitch_jump,1.0,0.14841433911542515,13.897769667083857,67.39550696620226
2022,2,17,pitch_jump,1.0,0.11514815809529257,14.56839801298932,67.39550696620226
2022,2,18,pitch_jump,1.0,0.1980505807888696,16.434469993022308,67.39550696620226
2022,2,19,pitch_jump,1.0,0.15793675831793014,15.292411250154856,67.39550696620226
2022,2,22,pitch_jump,1.0,0.09854423443238759,13.95257893152413,67.39550696620226
2022,2,23,pitch_jump,1.0,0.2146293681194108,18.83919836100003,67.39550696620226
2022,2,25,pitch_jump,1.0,0.16943625323663405,14.036562167657138,67.39550696620226
2023,2,6,pitch_jump,1.0,0.07306086251917496,17.24517160631711,67.4288380774615
2023,2,7,pitch_jump,1.0,0.04394868174184915,16.78304100154862,67.4288380774615
2025,2,4,pitch_jump,1.0,0.25447681841269065,16.373241697753855,67.49550029998001
2025,2,7,pitch_jump,1.0,0.04153893317619835,12.236608064891824,67.49550029998001
2025,2,10,pitch_jump,1.0,0.2525642701750882,17.943635356989105,67.49550029998001
2025,2,12,pitch_jump,1.0,0.2045721541788324,16.235372474037902,67.49550029998001
2025,2,14,pitch_jump,1.0,0.17053445866722666,14.703454554716217,67.49550029998001
2025,2,15,pitch_jump,1.0,0.16110682731202944,12.287097205080482,67.49550029998001
2025,2,17,pitch_jump,1.0,0.11507095218765673,12.095593411903026,67.49550029998001
2025,2,19,pitch_jump,1.0,0.21625794339310928,13.474929792205286,67.49550029998001
2025,2,20,pitch_jump,1.0,0.182621169285345,15.526227950343866,67.49550029998001
2026,2,3,pitch_jump,1.0,0.1965342756635209,12.308955036335146,67.52883141123925
2026,2,6,pitch_jump,1.0,0.05393741837766565,19.47245112422279,67.52883141123925
2026,2,7,pitch_jump,1.0,0.023614719941830925,21.73995435881727,67.52883141123925
2026,2,12,pitch_jump,1.0,0.185094069751725,12.296191751214282,67.52883141123925
2026,2,19,pitch_jump,1.0,0.18762338658471842,16.35448155752862,67.52883141123925
2026,2,22,pitch_jump,1.0,0.07876193777336474,12.739348471257314,67.52883141123925
2026,2,25,pitch_jump,1.0,0.1610277360477068,13.227586050980019,67.52883141123925
2028,2,3,pitch_jump,1.0,0.233345402791064,23.27354767199515,67.59549363375775
2028,2,4,pitch_jump,1.0,0.3023480910516708,16.81156127587186,67.59549363375775
2028,2,6,pitch_jump,1.0,0.04654130523081071,26.393235019330138,67.59549363375775
2028,2,7,pitch_jump,1.0,0.019092335478142396,29.642866193049286,67.59549363375775
2028,2,10,pitch_jump,1.0,0.2747323833169932,15.443684586042414,67.59549363375775
2028,2,12,pitch_jump,1.0,0.18137895893505326,13.835684063062423,67.59549363375775
2028,2,17,pitch_jump,1.0,0.12216329071490023,22.254626759834313,67.59549363375775
2028,2,18,pitch_jump,1.0,0.23027563317686975,17.161226107063502,67.59549363375775
2028,2,20,pitch_jump,1.0,0.18590586631337802,12.483868897196151,67.59549363375775
2028,2,22,pitch_jump,1.0,0.14183292377769532,12.24009941105984,67.59549363375775
2028,2,23,pitch_jump,1.0,0.24261700266579272,25.29345450393924,67.59549363375775
2028,2,25,pitch_jump,1.0,0.18459302773408692,20.904009349902793,67.59549363375775
2029,2,6,pitch_jump,1.0,0.05196527480763992,15.577680633161515,67.628824745017
2029,2,7,pitch_jump,1.0,0.007494902783522932,14.87637892874143,67.628824745017
2029,2,8,pitch_jump,1.0,0.13856255696916825,18.113891417644954,67.628824745017
2029,2,17,pitch_jump,1.0,0.12537668018855921,14.693682341970637,67.628824745017
2029,2,21,pitch_jump,1.0,0.13845384378129907,18.17323743111829,67.628824745017
2029,2,22,pitch_jump,1.0,0.1207487907574883,19.95469318938933,67.628824745017
2030,2,6,pitch_jump,1.0,0.011927430899034695,13.656367816961543,67.66215585627626
2030,2,8,pitch_jump,1.0,0.06277449609253483,12.52307998302193,67.66215585627626
2030,2,20,pitch_jump,1.0,0.033089942413806285,15.284952212069067,67.66215585627626
2030,2,21,pitch_jump,1.0,0.0556295875509565,15.509694555493262,67.66215585627626
2030,2,22,pitch_jump,1.0,0.05934950899471244,12.42943732921578,67.66215585627626
2031,2,3,pitch_jump,1.0,0.23670552956785446,15.478536864959255,67.6954869675355
2031,2,4,pitch_jump,1.0,0.3199321270876935,17.383000013031342,67.6954869675355
2031,2,6,pitch_jump,1.0,0.05405719406016774,16.996672558354547,67.6954869675355
2031,2,7,pitch_jump,1.0,0.014542766124351706,15.250379119271196,67.6954869675355
2031,2,10,pitch_jump,1.0,0.277652003821555,21.528008661379523,67.6954869675355
2031,2,12,pitch_jump,1.0,0.22392195872460743,17.923153327470043,67.6954869675355
2031,2,14,pitch_jump,1.0,0.18355625330699504,13.682509444229252,67.6954869675355
2031,2,18,pitch_jump,1.0,0.20841665189646436,18.334709246709597,67.6954869675355
2031,2,19,pitch_jump,1.0,0.1573838420268968,12.854963471309107,67.6954869675355
2031,2,20,pitch_jump,1.0,0.16936056614126097,13.932169043435094,67.6954869675355
2031,2,21,pitch_jump,1.0,0.11147911565784316,12.30727561256019,67.6954869675355
2031,2,23,pitch_jump,1.0,0.2655188492172488,13.386937246301212,67.6954869675355
2031,2,26,pitch_jump,1.0,0.12889461739310576,14.010486452958373,67.6954869675355
2032,2,7,pitch_jump,1.0,0.028526943863450744,20.327042089849044,67.72881807879475
2032,2,8,pitch_jump,1.0,0.12131336677518015,16.058717612189206,67.72881807879475
2032,2,17,pitch_jump,1.0,0.15247852330847947,23.680181069551303,67.72881807879475
2032,2,21,pitch_jump,1.0,0.10552447174203494,18.49185340053877,67.72881807879475
2032,2,22,pitch_jump,1.0,0.09804250827814898,17.42876053486731,67.72881807879475
2033,2,6,pitch_jump,2.0,0.04014665878366978,15.84302718492765,67.762149190054
2033,2,7,pitch_jump,1.0,0.021168043266022507,15.946507692862465,67.762149190054
2033,2,17,pitch_jump,1.0,0.071434725210743,16.0112281328213,67.762149190054
2033,2,21,pitch_jump,1.0,0.04570662870000239,12.925264290569762,67.762149190054
2033,2,22,pitch_jump,1.0,0.032123487889606867,12.520182711170456,67.762149190054
2034,2,3,pitch_jump,1.0,0.2207350147625262,15.28856274067035,67.79548030131325
2034,2,4,pitch_jump,1.0,0.30243443060976116,20.11088779546213,67.79548030131325
2034,2,21,pitch_jump,1.0,0.12393929068536512,16.33554817439486,67.79548030131325
2034,2,22,pitch_jump,1.0,0.09716514368499342,15.427398816455081,67.79548030131325
2035,2,7,pitch_jump,2.0,0.05044390081454577,32.62616709543747,67.82881141257249
2035,2,8,pitch_jump,1.0,0.15612018159511254,38.185410309285395,67.82881141257249
2035,2,14,pitch_jump,1.0,0.18835787867156942,16.247291303073645,67.82881141257249
2035,2,15,pitch_jump,1.0,0.17889874270983958,24.401231893476115,67.82881141257249
2035,2,17,pitch_jump,1.0,0.13822422988059857,42.13193155188321,67.82881141257249
2035,2,19,pitch_jump,1.0,0.22182010497801877,15.878249083715646,67.82881141257249
2035,2,20,pitch_jump,1.0,0.1830692534264862,23.921055386722134,67.82881141257249
2035,2,21,pitch_jump,1.0,0.10971378344378208,35.528481817360046,67.82881141257249
2035,2,22,pitch_jump,1.0,0.13574344053556825,34.07992748883624,67.82881141257249
2035,2,23,pitch_jump,1.0,0.25925276573685996,16.365635848064528,67.82881141257249
2035,2,25,pitch_jump,1.0,0.1959960813828322,23.83340071590756,67.82881141257249
2036,2,7,pitch_jump,1.0,0.02092459419350748,12.385003619449154,67.86214252383175
2037,2,3,pitch_jump,1.0,0.20702849353935163,17.928877286518635,67.895473635091
2037,2,4,pitch_jump,1.0,0.2959665525846886,22.898112946428984,67.895473635091
2037,2,7,pitch_jump,1.0,0.015427177655733426,18.33875479189836,67.895473635091
2037,2,10,pitch_jump,1.0,0.28088184294012486,21.229542006749757,67.895473635091
2037,2,12,pitch_jump,1.0,0.2255088840108205,22.623533098581333,67.895473635091
2037,2,14,pitch_jump,1.0,0.1915632088988518,14.669474239698822,67.895473635091
2037,2,15,pitch_jump,1.0,0.1821766509390448,12.73980468972732,67.895473635091
2037,2,17,pitch_jump,1.0,0.12818265459813688,18.954130820593328,67.895473635091
2037,2,18,pitch_jump,1.0,0.2606058858663559,18.32475277187605,67.895473635091
2037,2,20,pitch_jump,1.0,0.20624539423001115,15.31250376157329,67.895473635091
2037,2,22,pitch_jump,1.0,0.08900429338975216,20.082118886197463,67.895473635091
2038,2,4,pitch_jump,1.0,0.2924089951370626,19.402986675825733,67.92880474635025
2038,2,7,pitch_jump,1.0,0.03453694878963742,13.419683963188744,67.92880474635025
2038,2,8,pitch_jump,1.0,0.17586566172124188,13.556828063196804,67.92880474635025
2038,2,10,pitch_jump,1.0,0.26382367814000285,20.24777775902007,67.92880474635025
2038,2,12,pitch_jump,1.0,0.20391195212839472,17.269138184576875,67.92880474635025
2038,2,14,pitch_jump,1.0,0.18030583261735855,16.06336116076031,67.92880474635025
2038,2,15,pitch_jump,1.0,0.18854819858290528,13.03627329214701,67.92880474635025
2038,2,18,pitch_jump,1.0,0.223169297808162,20.20083440791745,67.92880474635025
2038,2,20,pitch_jump,1.0,0.16474789043888535,17.697856141516294,67.92880474635025
2038,2,21,pitch_jump,1.0,0.10599576823994813,12.720769350931063,67.92880474635025
2039,2,10,pitch_jump,1.0,0.1254228944811324,14.97501345946128,67.9621358576095
2039,2,12,pitch_jump,1.0,0.06062310794743586,13.23820846431789,67.9621358576095
2039,2,14,pitch_jump,1.0,0.06673752076973566,13.672840306704826,67.9621358576095
2039,2,18,pitch_jump,1.0,0.0665266099460374,17.196975364854293,67.9621358576095
2039,2,20,pitch_jump,1.0,0.06586338846136744,13.963993643129438,67.9621358576095
2040,2,7,pitch_jump,1.0,0.04157366090191358,21.450152230449778,67.99546696886874
2040,2,17,pitch_jump,1.0,0.12549522616070394,15.891276371156893,67.99546696886874
2040,2,19,pitch_jump,1.0,0.21901279981352642,18.24930301282586,67.99546696886874
2040,2,22,pitch_jump,1.0,0.07666991428081942,14.86981815691577,67.99546696886874
2041,2,3,pitch_jump,1.0,0.19983679632977885,23.235352996326554,68.028798080128
2041,2,7,pitch_jump,1.0,0.037107795176021086,61.145893697654884,68.028798080128
2041,2,8,pitch_jump,1.0,0.1521388372296163,34.03933173436985,68.028798080128
2041,2,10,pitch_jump,1.0,0.26180024280874664,27.200395254391776,68.028798080128
2041,2,14,pitch_jump,1.0,0.18494253865245897,23.084374572717785,68.028798080128
2041,2,15,pitch_jump,1.0,0.15898752468504648,18.523292311081782,68.028798080128
2041,2,17,pitch_jump,1.0,0.1241282465799734,70.3453031990672,68.028798080128
2041,2,18,pitch_jump,1.0,0.17754642663216968,28.803637398644828,68.028798080128
2041,2,19,pitch_jump,1.0,0.1850818213589105,14.045032972866105,68.028798080128
2041,2,20,pitch_jump,1.0,0.12172817324796652,29.272477663734914,68.028798080128
2041,2,21,pitch_jump,1.0,0.09723215708301015,25.7819624596136,68.028798080128
2041,2,22,pitch_jump,1.0,0.05632637825604621,51.24171911167363,68.028798080128
2041,2,23,pitch_jump,1.0,0.243051338083031,34.018026467843036,68.028798080128
2041,2,24,pitch_jump,1.0,0.30123967162601495,86.332120297855,68.028798080128
2041,2,25,pitch_jump,1.0,0.18413153364014304,38.88291150567277,68.028798080128
2042,2,7,pitch_jump,1.0,0.0038664217834577987,12.144436472670781,68.06212919138724
2042,2,19,pitch_jump,1.0,0.09961019253860563,15.1757492732896,68.06212919138724
2043,2,18,pitch_jump,1.0,0.20612560435626914,13.732394639427051,68.09546030264649
2043,2,22,pitch_jump,1.0,0.13516099713070096,12.539002755567758,68.09546030264649
2043,2,23,pitch_jump,1.0,0.24569818175786481,13.3891622196921,68.09546030264649
2043,2,24,pitch_jump,1.0,0.2733495032272796,17.350558780342542,68.09546030264649
2044,2,4,pitch_jump,1.0,0.2674958870391753,21.39947258672288,68.12879141390574
2044,2,6,pitch_jump,1.0,0.06566043868781311,20.231518955358435,68.12879141390574
2044,2,7,pitch_jump,1.0,0.037203031442399205,20.95895019717067,68.12879141390574
2044,2,10,pitch_jump,1.0,0.2557511741027101,18.797854316986164,68.12879141390574
2044,2,12,pitch_jump,1.0,0.20392259899969864,13.768930702412083,68.12879141390574
2044,2,18,pitch_jump,1.0,0.23594103747009454,16.176170024727096,68.12879141390574
2044,2,21,pitch_jump,1.0,0.09157109897056549,15.859469123358192,68.12879141390574
2045,2,4,pitch_jump,1.0,0.10737897837631065,12.058679739739418,68.16212252516499
2045,2,7,pitch_jump,1.0,0.022112480993300744,12.842212719900326,68.16212252516499
2045,2,17,pitch_jump,1.0,0.07753591358155107,15.35155722900787,68.16212252516499
2045,2,22,pitch_jump,1.0,0.0626866564967104,15.58770446993166,68.16212252516499
2045,2,26,pitch_jump,1.0,0.06717892750104036,12.234651609580908,68.16212252516499
2046,2,6,pitch_jump,1.0,0.09824760490011426,21.904687752075834,68.19545363642425
2046,2,7,pitch_jump,1.0,0.06800996859903465,21.691424836130263,68.19545363642425
2046,2,8,pitch_jump,1.0,0.15056056100279888,18.283830385808,68.19545363642425
2046,2,17,pitch_jump,1.0,0.11982528744623426,21.82694836844463,68.19545363642425
2046,2,21,pitch_jump,1.0,0.10360548916170864,17.431164643643054,68.19545363642425
2046,2,22,pitch_jump,1.0,0.08451112536272476,19.96607105652877,68.19545363642425
2046,2,24,pitch_jump,1.0,0.27030860932161194,23.90880427133164,68.19545363642425
2046,2,25,pitch_jump,1.0,0.17847299980793724,14.127883118526976,68.19545363642425
2046,2,26,pitch_jump,1.0,0.18137574425477995,15.96923050378954,68.19545363642425
2047,2,6,pitch_jump,1.0,0.06251877399782466,25.175456225843295,68.22878474768349
2047,2,7,pitch_jump,1.0,0.03684834135208941,32.48668470433662,68.22878474768349
2047,2,8,pitch_jump,1.0,0.15654511528835627,17.016662369017556,68.22878474768349
2047,2,17,pitch_jump,1.0,0.12271883407855448,37.10866834303999,68.22878474768349
2047,2,21,pitch_jump,1.0,0.1083949909654189,21.509847304437482,68.22878474768349
2047,2,22,pitch_jump,1.0,0.07777995951897594,27.028997494341212,68.22878474768349
2047,2,24,pitch_jump,1.0,0.2813119443379153,34.211613884344146,68.22878474768349
2047,2,25,pitch_jump,1.0,0.1618322341047387,14.313478318642444,68.22878474768349
2047,2,26,pitch_jump,1.0,0.21847918527893176,28.35132247637034,68.22878474768349
2048,2,3,pitch_jump,1.0,0.10741418120138313,27.58939539554066,68.26211585894274
2048,2,10,pitch_jump,1.0,0.1054747043881305,26.679114853857506,68.26211585894274
2048,2,14,pitch_jump,1.0,0.055478002831423553,19.76467021625837,68.26211585894274
2048,2,17,pitch_jump,1.0,0.060607609688308174,28.18492588250526,68.26211585894274
2048,2,18,pitch_jump,1.0,0.07152258808389618,35.83940219121791,68.26211585894274
2048,2,19,pitch_jump,1.0,0.08094630828783106,12.312588300657763,68.26211585894274
2048,2,20,pitch_jump,1.0,0.052181134232267515,29.26500452252458,68.26211585894274
2048,2,21,pitch_jump,1.0,0.09256026756060903,15.69577402923459,68.26211585894274
2048,2,23,pitch_jump,1.0,0.12419708773247924,35.59775972330581,68.26211585894274
2048,2,24,pitch_jump,1.0,0.13285384506014575,49.65544440764757,68.26211585894274
2048,2,25,pitch_jump,1.0,0.0752581918056361,30.90462353809109,68.26211585894274
2049,2,6,pitch_jump,1.0,0.04464664365018205,21.60607446734295,68.295446970202
2049,2,7,pitch_jump,1.0,0.040870090792473085,16.187553953975847,68.295446970202
2049,2,8,pitch_jump,1.0,0.18137557259073378,12.43969686021476,68.295446970202
2049,2,10,pitch_jump,1.0,0.2640264081233316,23.682348081725202,68.295446970202
2049,2,12,pitch_jump,1.0,0.2027186257711082,13.544292370798168,68.295446970202
2049,2,14,pitch_jump,1.0,0.14178606634970978,24.05899270998731,68.295446970202
2049,2,15,pitch_jump,1.0,0.1479834667940051,14.673148996924565,68.295446970202
2049,2,18,pitch_jump,1.0,0.22090647045257186,27.914340389123346,68.295446970202
2049,2,19,pitch_jump,1.0,0.17813627570481486,18.60360206818883,68.295446970202
2049,2,20,pitch_jump,1.0,0.16820394375651973,26.57710962293157,68.295446970202
2049,2,21,pitch_jump,1.0,0.08932478184049537,22.089442478251442,68.295446970202
2049,2,22,pitch_jump,1.0,0.08689558312241608,14.309786335627038,68.295446970202
2049,2,26,pitch_jump,1.0,0.08532119740741041,22.209027675556086,68.295446970202
2050,2,6,pitch_jump,1.0,0.0171194008668738,19.809379187894365,68.32877808146124
2050,2,7,pitch_jump,1.0,0.022680640217239572,20.56771225705159,68.32877808146124
2050,2,17,pitch_jump,1.0,0.09552285219702782,14.909200678756852,68.32877808146124
2050,2,21,pitch_jump,1.0,0.0888737297882858,14.54762246762051,68.32877808146124
2050,2,26,pitch_jump,1.0,0.05762465617570376,15.36527967488178,68.32877808146124
2051,2,6,pitch_jump,1.0,0.004514125137019548,12.032551106305549,68.36210919272048
2051,2,7,pitch_jump,1.0,0.015512293106396836,13.582329962395832,68.36210919272048
2051,2,17,pitch_jump,1.0,0.055329042548049115,13.11582174437855,68.36210919272048
2052,2,8,pitch_jump,1.0,0.19573069067304769,17.0387464438987,68.39544030397974
2052,2,23,pitch_jump,1.0,0.22960255649408315,13.775123518057818,68.39544030397974
2053,2,4,pitch_jump,1.0,0.24721021564198745,14.481603443208792,68.42877141523898
2053,2,6,pitch_jump,1.0,0.031960380347053716,12.814665604724594,68.42877141523898
2053,2,7,pitch_jump,1.0,0.032765802008856475,14.913129385201442,68.42877141523898
2053,2,10,pitch_jump,1.0,0.2433026234741104,16.479988237918285,68.42877141523898
2054,2,4,pitch_jump,1.0,0.1253628280633261,12.512729535262293,68.46210252649824
2054,2,6,pitch_jump,1.0,0.0034628132282411785,23.33275484796219,68.46210252649824
2054,2,7,pitch_jump,1.0,0.0051436635379574994,22.49763083529843,68.46210252649824
2054,2,8,pitch_jump,1.0,0.09664060153172675,17.625414349409905,68.46210252649824
2054,2,10,pitch_jump,1.0,0.1050176680404765,17.887339193747902,68.46210252649824
2054,2,12,pitch_jump,1.0,0.07571549190924234,14.612633487901974,68.46210252649824
2054,2,14,pitch_jump,1.0,0.0607192902398787,13.901788830822825,68.46210252649824
2054,2,17,pitch_jump,1.0,0.08491210286642596,24.89222129458795,68.46210252649824
2054,2,18,pitch_jump,1.0,0.07191705522753054,21.460119830371784,68.46210252649824
2054,2,19,pitch_jump,1.0,0.05163682895999456,14.415003080345716,68.46210252649824
2054,2,20,pitch_jump,1.0,0.04075152129457406,17.023979039193602,68.46210252649824
2054,2,21,pitch_jump,1.0,0.01222257553416466,19.65078102763884,68.46210252649824
2054,2,22,pitch_jump,1.0,0.05946847301372444,23.7312501126087,68.46210252649824
2054,2,26,pitch_jump,1.0,0.05081705292834364,17.14012084350765,68.46210252649824
2055,2,3,pitch_jump,1.0,0.20765089874341697,17.964288408709223,68.49543363775749
2055,2,4,pitch_jump,1.0,0.2841336031249654,22.023572099864893,68.49543363775749
2055,2,6,pitch_jump,1.0,0.049063537832836186,13.719797526712767,68.49543363775749
2055,2,10,pitch_jump,1.0,0.24672552105316903,15.12672678231844,68.49543363775749
2055,2,12,pitch_jump,1.0,0.2242597921711272,15.191117182116969,68.49543363775749
2055,2,17,pitch_jump,1.0,0.124364423039827,13.248081914045915,68.49543363775749
2055,2,23,pitch_jump,1.0,0.21109493989664482,18.782689246654765,68.49543363775749
2056,2,6,pitch_jump,1.0,0.045347240202133474,20.58493275037729,68.52876474901673
2056,2,7,pitch_jump,1.0,0.011165514876253783,21.071285380800575,68.52876474901673
2056,2,21,pitch_jump,1.0,0.07345437294907499,18.02090423940257,68.52876474901673
2056,2,22,pitch_jump,1.0,0.03806321074036431,16.34161231651885,68.52876474901673
2056,2,26,pitch_jump,1.0,0.018487243715347983,13.574417530014223,68.52876474901673
2058,2,4,pitch_jump,1.0,0.28081321578109947,26.634520566386136,68.59542697153523
2058,2,10,pitch_jump,1.0,0.2902169158642048,26.591327794021634,68.59542697153523
2058,2,12,pitch_jump,1.0,0.19961774144628353,26.13533950216461,68.59542697153523
2058,2,14,pitch_jump,1.0,0.15818618240712892,15.168861596378177,68.59542697153523
2058,2,15,pitch_jump,1.0,0.17343238469455421,13.107972259456172,68.59542697153523
2058,2,18,pitch_jump,1.0,0.218236596160748,26.17874635240542,68.59542697153523
2058,2,19,pitch_jump,1.0,0.14735349677023277,17.31473302064154,68.59542697153523
2058,2,20,pitch_jump,1.0,0.13522753306505972,12.932719335797199,68.59542697153523
2061,2,8,pitch_jump,1.0,0.17196009723541256,13.614796920376262,68.69542030531298
2061,2,21,pitch_jump,1.0,0.07425476295371387,12.316155103014562,68.69542030531298
2062,2,4,pitch_jump,1.0,0.26322228621191684,15.620625611896058,68.72875141657224
2062,2,10,pitch_jump,1.0,0.22925150199545621,25.735931053028576,68.72875141657224
2062,2,12,pitch_jump,1.0,0.17797751521091462,16.497593428702906,68.72875141657224
2062,2,14,pitch_jump,1.0,0.1623012415729716,13.445039534030828,68.72875141657224
2062,2,17,pitch_jump,1.0,0.08976955001890174,15.471558117718008,68.72875141657224
2062,2,18,pitch_jump,1.0,0.1885683291699835,25.37382240914033,68.72875141657224
2062,2,19,pitch_jump,1.0,0.16054802833554796,16.651124093565787,68.72875141657224
2062,2,20,pitch_jump,1.0,0.10164800879429786,14.2248742157106,68.72875141657224
2063,2,3,pitch_jump,1.0,0.10223368852926742,14.339386277172498,68.76208252783148
2063,2,23,pitch_jump,1.0,0.13140359507952412,15.487412128052231,68.76208252783148
2064,2,3,pitch_jump,1.0,0.17901989313509462,17.307235089001267,68.79541363909073
2064,2,6,pitch_jump,1.0,0.0266970938132626,47.402372947149246,68.79541363909073
2064,2,7,pitch_jump,1.0,0.06929371875357715,46.92245687529437,68.79541363909073
2064,2,8,pitch_jump,1.0,0.1556474955793149,32.45141442236334,68.79541363909073
2064,2,17,pitch_jump,1.0,0.09084877229129909,32.877483724209554,68.79541363909073
2064,2,21,pitch_jump,1.0,0.08476584277467313,40.40505744118354,68.79541363909073
2064,2,22,pitch_jump,1.0,0.09425221164218635,45.488630897404136,68.79541363909073
2064,2,23,pitch_jump,1.0,0.2181981598568372,16.88736202532488,68.79541363909073
2064,2,26,pitch_jump,1.0,0.019258074350548618,24.076185905203314,68.79541363909073
2065,2,3,pitch_jump,1.0,0.17349190241609835,28.18757007659506,68.82874475034998
2065,2,4,pitch_jump,1.0,0.2653806173891024,19.207035767130723,68.82874475034998
2065,2,7,pitch_jump,1.0,0.09643319721952712,16.311178136088508,68.82874475034998
2065,2,8,pitch_jump,1.0,0.16051545702385375,22.020238536345765,68.82874475034998
2065,2,12,pitch_jump,1.0,0.16958311210649213,13.415667793997205,68.82874475034998
2065,2,17,pitch_jump,1.0,0.11758064445691387,28.752805307423003,68.82874475034998
2065,2,19,pitch_jump,1.0,0.16466181864943466,17.70659942828328,68.82874475034998
2065,2,22,pitch_jump,1.0,0.10134603400000222,18.568325367241556,68.82874475034998
2065,2,23,pitch_jump,1.0,0.21285281780029153,28.086301544665957,68.82874475034998
2065,2,25,pitch_jump,1.0,0.18116852691088353,18.0927645841418,68.82874475034998
2066,2,6,pitch_jump,1.0,0.0357464174249766,15.903765363884629,68.86207586160923
2066,2,7,pitch_jump,1.0,0.04029136197416223,12.412066641723356,68.86207586160923
2066,2,21,pitch_jump,1.0,0.025814395897040984,13.173032063703367,68.86207586160923
2066,2,26,pitch_jump,1.0,0.02753755865287074,12.639429130357245,68.86207586160923
2067,2,3,pitch_jump,1.0,0.1937516007772441,16.64162746891331,68.89540697286847
2067,2,6,pitch_jump,1.0,0.004242138143470074,15.930011560184347,68.89540697286847
2067,2,7,pitch_jump,1.0,0.04010830658377117,13.715306618003382,68.89540697286847
2067,2,17,pitch_jump,1.0,0.10972889467344182,15.85788981595318,68.89540697286847
2067,2,21,pitch_jump,1.0,0.10055308069422754,13.149786504960602,68.89540697286847
2067,2,22,pitch_jump,1.0,0.01008180661319276,14.02821085117327,68.89540697286847
2067,2,23,pitch_jump,1.0,0.2207774297876489,24.938232781085972,68.89540697286847
2067,2,26,pitch_jump,1.0,0.038026145271938136,14.998102558922323,68.89540697286847
2068,2,3,pitch_jump,1.0,0.20559797317251444,36.54649582290761,68.92873808412773
2068,2,4,pitch_jump,1.0,0.28144209896965716,17.617501427359777,68.92873808412773
2068,2,6,pitch_jump,1.0,0.031881884213035186,24.533564949757825,68.92873808412773
2068,2,8,pitch_jump,1.0,0.1558186683533951,56.820928278763674,68.92873808412773
2068,2,10,pitch_jump,1.0,0.23413737776010962,46.38633973349212,68.92873808412773
2068,2,14,pitch_jump,1.0,0.102058751442839,25.939063281711352,68.92873808412773
2068,2,15,pitch_jump,1.0,0.13529692076257643,12.129321576685086,68.92873808412773
2068,2,17,pitch_jump,1.0,0.11731879624553983,89.17066882295453,68.92873808412773
2068,2,18,pitch_jump,1.0,0.18140208067041602,69.98651200420825,68.92873808412773
2068,2,19,pitch_jump,1.0,0.12204340033993487,17.162893789247295,68.92873808412773
2068,2,20,pitch_jump,1.0,0.09250843812775142,47.3579785548566,68.92873808412773
2068,2,22,pitch_jump,1.0,0.015112314481379088,55.779913747185944,68.92873808412773
2068,2,23,pitch_jump,1.0,0.22440670892027445,34.14946820182529,68.92873808412773
2068,2,25,pitch_jump,1.0,0.1520636456852032,50.596006815742754,68.92873808412773
2068,2,26,pitch_jump,1.0,0.06655583198483188,13.141717127638506,68.92873808412773
2069,2,3,pitch_jump,1.0,0.09843014667594402,15.065034593773682,68.96206919538697
2069,2,7,pitch_jump,2.0,0.028087479990160497,29.08212419198355,68.96206919538697
2069,2,23,pitch_jump,1.0,0.1012868796199397,19.68697459413059,68.96206919538697
2071,2,3,pitch_jump,1.0,0.18349869407049704,18.03810590046171,69.02873141790548
2071,2,6,pitch_jump,1.0,0.02751157611652741,22.84101652009155,69.02873141790548
2071,2,8,pitch_jump,1.0,0.14413687864006633,16.683832477539465,69.02873141790548
2071,2,15,pitch_jump,1.0,0.1147398578752315,16.309883240961547,69.02873141790548
2071,2,17,pitch_jump,1.0,0.11631473633482552,25.050693786269488,69.02873141790548
2071,2,19,pitch_jump,1.0,0.15819936920638794,12.955867473744103,69.02873141790548
2071,2,20,pitch_jump,1.0,0.07079611298356797,15.929691661888688,69.02873141790548
2071,2,21,pitch_jump,1.0,0.057190466117566466,21.267333373982844,69.02873141790548
2071,2,22,pitch_jump,1.0,0.07471277344524202,25.03375216030758,69.02873141790548
2071,2,23,pitch_jump,1.0,0.23058739628541025,16.793758275165384,69.02873141790548
2071,2,25,pitch_jump,1.0,0.16521767500028725,25.017429375061806,69.02873141790548
2071,2,26,pitch_jump,1.0,0.036885268171876394,23.08756528144916,69.02873141790548
2072,2,6,pitch_jump,1.0,0.020606751052243258,22.871132684030652,69.06206252916472
2072,2,7,pitch_jump,2.0,0.049878157717298074,15.187730282673664,69.06206252916472
2072,2,8,pitch_jump,1.0,0.0806140544015881,22.91219144321798,69.06206252916472
2072,2,10,pitch_jump,1.0,0.11562982401073044,12.101624305832146,69.06206252916472
2072,2,12,pitch_jump,1.0,0.08152591473189526,13.36362048201035,69.06206252916472
2072,2,17,pitch_jump,1.0,0.05541214914439224,31.736984950291312,69.06206252916472
2072,2,19,pitch_jump,1.0,0.02782937581670743,12.967464642693296,69.06206252916472
2072,2,20,pitch_jump,1.0,0.022673802356908742,12.102407294191574,69.06206252916472
2072,2,21,pitch_jump,1.0,0.006644721198404165,20.228097442947817,69.06206252916472
2072,2,22,pitch_jump,1.0,0.03882765809930052,27.30440015870466,69.06206252916472
2072,2,25,pitch_jump,1.0,0.09752128672580952,18.932175146431415,69.06206252916472
2072,2,26,pitch_jump,1.0,0.06794808414114986,14.123564162296317,69.06206252916472
2073,2,4,pitch_jump,1.0,0.26026657288076105,13.52564837703398,69.09539364042398
2073,2,6,pitch_jump,1.0,0.0361466590866182,18.33940887066901,69.09539364042398
2073,2,7,pitch_jump,1.0,0.11936205094568875,22.91173537665387,69.09539364042398
2073,2,18,pitch_jump,1.0,0.21813238369440605,12.675267214037657,69.09539364042398
2073,2,20,pitch_jump,1.0,0.132845074966639,15.6661675330267,69.09539364042398
2073,2,21,pitch_jump,1.0,0.0524609183430452,16.625065992927254,69.09539364042398
2073,2,22,pitch_jump,1.0,0.05716103721720151,12.438331814702876,69.09539364042398
2073,2,26,pitch_jump,1.0,0.042356837446238034,14.80767586518726,69.09539364042398
2074,2,4,pitch_jump,1.0,0.28918371749096977,13.821758297368904,69.12872475168322
2074,2,6,pitch_jump,1.0,0.04424294100831335,15.084632092301478,69.12872475168322
2074,2,15,pitch_jump,1.0,0.17541735396687527,18.627389232759942,69.12872475168322
2074,2,21,pitch_jump,1.0,0.03816916261781153,12.121511329445076,69.12872475168322
2074,2,26,pitch_jump,1.0,0.028837118706368684,12.584774007149601,69.12872475168322
2075,2,4,pitch_jump,1.0,0.1155606616423886,12.583808753167096,69.16205586294247
2075,2,6,pitch_jump,1.0,0.02402829772344895,15.64165696129472,69.16205586294247
2075,2,21,pitch_jump,1.0,0.0017445217274340322,14.01350934764089,69.16205586294247
2075,2,22,pitch_jump,1.0,0.006158124117724989,12.053242535198473,69.16205586294247
2076,2,6,pitch_jump,1.0,0.033949242516397686,12.77992399525574,69.19538697420172
2076,2,7,pitch_jump,1.0,0.06969892007298266,21.093332972783674,69.19538697420172
2076,2,8,pitch_jump,1.0,0.14415123818711972,22.85696459383696,69.19538697420172
2076,2,14,pitch_jump,1.0,0.1509332841046772,12.953051184481142,69.19538697420172
2076,2,17,pitch_jump,1.0,0.09739949734157295,24.85618264948271,69.19538697420172
2076,2,21,pitch_jump,1.0,0.05608794949538713,14.569400360431032,69.19538697420172
2076,2,22,pitch_jump,1.0,0.03955937864261498,16.29871065436994,69.19538697420172
2076,2,23,pitch_jump,1.0,0.2429228345841305,13.200930441800327,69.19538697420172
2076,2,25,pitch_jump,1.0,0.14476205830738856,13.547145182818713,69.19538697420172
2076,2,26,pitch_jump,1.0,0.04272411542122234,12.204400916078379,69.19538697420172
2077,2,3,pitch_jump,1.0,0.18294914232269505,110.08539034921058,69.22871808546097
2077,2,4,pitch_jump,1.0,0.27564065240999486,26.347686791921657,69.22871808546097
2077,2,6,pitch_jump,1.0,0.025977493353585644,63.837436141616266,69.22871808546097
2077,2,7,pitch_jump,1.0,0.0671994040902898,32.94339042719037,69.22871808546097
2077,2,8,pitch_jump,1.0,0.13589426769586851,28.942081495468816,69.22871808546097
2077,2,10,pitch_jump,1.0,0.19957799899145187,24.188136045763795,69.22871808546097
2077,2,14,pitch_jump,1.0,0.14056833882998068,31.60851425160175,69.22871808546097
2077,2,15,pitch_jump,1.0,0.13056283733745308,14.35119256872214,69.22871808546097
2077,2,17,pitch_jump,1.0,0.08962893907811553,52.315118391227806,69.22871808546097
2077,2,18,pitch_jump,1.0,0.18768172919495688,33.7683442616125,69.22871808546097
2077,2,19,pitch_jump,1.0,0.12673828152813682,18.05796579198849,69.22871808546097
2077,2,20,pitch_jump,1.0,0.04835149089736169,53.06471362114608,69.22871808546097
2077,2,21,pitch_jump,1.0,0.05603780511769783,65.03291316377228,69.22871808546097
2077,2,22,pitch_jump,1.0,0.05585490815013888,38.47835775689805,69.22871808546097
2077,2,23,pitch_jump,1.0,0.22759186549276944,142.55301044194687,69.22871808546097
2077,2,25,pitch_jump,1.0,0.1592386286259161,77.49476201596222,69.22871808546097
2077,2,26,pitch_jump,1.0,0.024906687405132653,53.16036076686246,69.22871808546097
2078,2,3,pitch_jump,1.0,0.08274395701814531,29.268522667220587,69.26204919672023
2078,2,6,pitch_jump,1.0,0.01828875182421846,71.91090710278111,69.26204919672023
2078,2,7,pitch_jump,1.0,0.023823664139819088,68.6853730428364,69.26204919672023
2078,2,8,pitch_jump,1.0,0.0747279995814077,54.64791393125711,69.26204919672023
2078,2,10,pitch_jump,1.0,0.0984522952237707,19.23928263675357,69.26204919672023
2078,2,14,pitch_jump,1.0,0.06775486879744944,28.181453964288313,69.26204919672023
2078,2,15,pitch_jump,1.0,0.037058264943322546,12.6165776146628,69.26204919672023
2078,2,17,pitch_jump,1.0,0.049927631107230586,74.0138732045924,69.26204919672023
2078,2,18,pitch_jump,1.0,0.07772375893144477,36.9547218313256,69.26204919672023
2078,2,19,pitch_jump,1.0,0.029992045394356986,24.335926423363127,69.26204919672023
2078,2,20,pitch_jump,1.0,0.016748117477777873,47.78607935379527,69.26204919672023
2078,2,21,pitch_jump,1.0,0.02386020233629227,63.3586071080183,69.26204919672023
2078,2,22,pitch_jump,1.0,0.04162065427456288,70.00282241933299,69.26204919672023
2078,2,23,pitch_jump,1.0,0.11053799993152347,42.74967850935409,69.26204919672023
2078,2,25,pitch_jump,1.0,0.08182485458405239,36.407092964726225,69.26204919672023
2078,2,26,pitch_jump,1.0,0.04344179351928671,48.060614416843066,69.26204919672023
2079,2,6,pitch_jump,1.0,0.015930891454654685,12.593450060935393,69.29538030797947
2079,2,7,pitch_jump,1.0,0.08552095556027758,12.144213239792577,69.29538030797947
2079,2,23,pitch_jump,1.0,0.24871821234205116,14.443243913352392,69.29538030797947
2080,2,4,pitch_jump,1.0,0.23963146578945108,14.364550313235148,69.32871141923872
2080,2,6,pitch_jump,1.0,0.03165473957585534,17.093036469408194,69.32871141923872
2080,2,7,pitch_jump,1.0,0.09573881905876896,13.232978291555707,69.32871141923872
2080,2,8,pitch_jump,1.0,0.12073608783129376,16.762304296143995,69.32871141923872
2080,2,10,pitch_jump,1.0,0.21091871400186887,17.034886920649203,69.32871141923872
2080,2,12,pitch_jump,1.0,0.17668261359834808,13.741207591938721,69.32871141923872
2080,2,14,pitch_jump,1.0,0.1457665376577343,12.42752813771303,69.32871141923872
2080,2,17,pitch_jump,1.0,0.08462988658105004,18.53691093255498,69.32871141923872
2080,2,18,pitch_jump,1.0,0.16438779686134053,16.299914038050645,69.32871141923872
2080,2,19,pitch_jump,1.0,0.09919398636914203,15.692647753299392,69.32871141923872
2080,2,20,pitch_jump,1.0,0.10714487308141787,13.258544679816572,69.32871141923872
2080,2,21,pitch_jump,1.0,0.053537970224850295,17.581958780857057,69.32871141923872
2080,2,22,pitch_jump,1.0,0.0722877157492219,23.056212449875275,69.32871141923872
2080,2,25,pitch_jump,1.0,0.1392060503790694,16.92644579610216,69.32871141923872
2080,2,26,pitch_jump,1.0,0.04038982801308521,17.282795648090268,69.32871141923872
2081,2,3,pitch_jump,1.0,0.08406394834797702,19.920868742525887,69.36204253049797
2081,2,4,pitch_jump,1.0,0.09624325698842878,15.221083961112894,69.36204253049797
2081,2,6,pitch_jump,1.0,0.05076322601762612,67.55334707912108,69.36204253049797
2081,2,7,pitch_jump,1.0,0.04076119728576052,62.775193135079626,69.36204253049797
2081,2,8,pitch_jump,1.0,0.05718644847596066,42.36523227894425,69.36204253049797
2081,2,10,pitch_jump,1.0,0.08022220917522443,29.265744946928827,69.36204253049797
2081,2,17,pitch_jump,1.0,0.04848252387855185,48.81286894230525,69.36204253049797
2081,2,18,pitch_jump,1.0,0.030204932485074193,22.909357737436288,69.36204253049797
2081,2,20,pitch_jump,1.0,0.02848256751906971,20.596085547588803,69.36204253049797
2081,2,21,pitch_jump,1.0,0.012165722688353682,58.6185914469685,69.36204253049797
2081,2,22,pitch_jump,1.0,0.03011002931371788,59.349200789087625,69.36204253049797
2081,2,23,pitch_jump,1.0,0.11222195340222461,33.28617723295802,69.36204253049797
2081,2,25,pitch_jump,1.0,0.07209917031718589,16.428085604732956,69.36204253049797
2081,2,26,pitch_jump,1.0,0.05041234921271981,39.36298302159119,69.36204253049797
2082,2,4,pitch_jump,1.0,0.2254102506103295,13.005151413231165,69.39537364175722
2082,2,6,pitch_jump,1.0,0.057122944014420245,19.950390691991498,69.39537364175722
2082,2,7,pitch_jump,1.0,0.09674697708483088,19.03739600673573,69.39537364175722
2082,2,8,pitch_jump,1.0,0.10991780584848161,14.93425191931925,69.39537364175722
2082,2,10,pitch_jump,1.0,0.22527987756586496,12.716496258910498,69.39537364175722
2082,2,17,pitch_jump,1.0,0.08158102563989866,23.618277695136864,69.39537364175722
2082,2,22,pitch_jump,1.0,0.01522941579844197,20.598267770862577,69.39537364175722
2083,2,3,pitch_jump,1.0,0.14893921480501404,12.15555313542481,69.42870475301646
2083,2,17,pitch_jump,1.0,0.07423132775954949,13.60659123775723,69.42870475301646
2083,2,23,pitch_jump,1.0,0.18192344072628988,21.308291879946278,69.42870475301646
2083,2,25,pitch_jump,1.0,0.1250826009379048,15.733841463286787,69.42870475301646
2084,2,10,pitch_jump,1.0,0.08395127074168035,12.502024486153278,69.46203586427572
2085,2,23,pitch_jump,1.0,0.19118205647265266,13.893351839760921,69.49536697553496
2086,2,3,pitch_jump,1.0,0.15254002114687518,31.536957512166257,69.52869808679422
2086,2,4,pitch_jump,1.0,0.21433959023072535,38.463185534588284,69.52869808679422
2086,2,7,pitch_jump,1.0,0.09938153202488277,14.740121546490414,69.52869808679422
2086,2,8,pitch_jump,1.0,0.153686677054392,19.29830547830342,69.52869808679422
2086,2,10,pitch_jump,1.0,0.20060557290191486,30.330996048890928,69.52869808679422
2086,2,12,pitch_jump,1.0,0.16417228547530327,29.11359451203715,69.52869808679422
2086,2,14,pitch_jump,1.0,0.057097457355983205,13.420697930971878,69.52869808679422
2086,2,15,pitch_jump,1.0,0.12444747747702385,13.233628514749372,69.52869808679422
2086,2,17,pitch_jump,1.0,0.07916933771168,13.34228787114101,69.52869808679422
2086,2,18,pitch_jump,1.0,0.17527758141572353,16.504513975391962,69.52869808679422
2086,2,19,pitch_jump,1.0,0.060113860453144055,16.677848967624637,69.52869808679422
2086,2,23,pitch_jump,1.0,0.19086191281516357,26.257575088994834,69.52869808679422
2086,2,25,pitch_jump,1.0,0.11805899464298794,12.413823529456643,69.52869808679422
2087,2,6,pitch_jump,1.0,0.054229569476644084,16.135836861946746,69.56202919805347
2087,2,21,pitch_jump,1.0,0.04315817179693365,12.024543998644816,69.56202919805347
2088,2,3,pitch_jump,1.0,0.1573982487297964,12.544127767412785,69.59536030931271
2088,2,6,pitch_jump,1.0,0.040711289620795024,22.83853648362246,69.59536030931271
2088,2,7,pitch_jump,1.0,0.0745918174912488,21.07343643651535,69.59536030931271
2088,2,8,pitch_jump,1.0,0.12248142716704667,20.620292362463466,69.59536030931271
2088,2,14,pitch_jump,1.0,0.09584840996678722,12.002072589643111,69.59536030931271
2088,2,17,pitch_jump,1.0,0.065257903838055,27.11880399619103,69.59536030931271
2088,2,20,pitch_jump,1.0,0.07426308119320094,12.653232563152761,69.59536030931271
2088,2,21,pitch_jump,1.0,0.08986543539671069,16.38841360442065,69.59536030931271
2088,2,22,pitch_jump,1.0,0.04439991422038591,21.76358215496638,69.59536030931271
2088,2,23,pitch_jump,1.0,0.20237302195642143,15.323931922119874,69.59536030931271
2088,2,25,pitch_jump,1.0,0.13063078202693296,19.16578399211067,69.59536030931271
2088,2,26,pitch_jump,1.0,0.02628451137165346,19.047016816040223,69.59536030931271
2089,2,3,pitch_jump,1.0,0.16509751385142724,21.579761055529882,69.62869142057197
2089,2,4,pitch_jump,1.0,0.23760238616796592,18.620144604659185,69.62869142057197
2089,2,6,pitch_jump,1.0,0.07608499994309942,14.050302610887165,69.62869142057197
2089,2,7,pitch_jump,1.0,0.06315232332105135,14.17269571266256,69.62869142057197
2089,2,8,pitch_jump,1.0,0.11715452523508496,22.315747523257656,69.62869142057197
2089,2,12,pitch_jump,1.0,0.20059777491260802,12.103184808777133,69.62869142057197
2089,2,17,pitch_jump,1.0,0.053732043745456655,19.728429706507537,69.62869142057197
2089,2,22,pitch_jump,1.0,0.034205205855390365,15.652899376163322,69.62869142057197
2089,2,23,pitch_jump,1.0,0.19583875921185248,25.57044077780456,69.62869142057197
2089,2,25,pitch_jump,1.0,0.13145339932629493,21.0315595120602,69.62869142057197
2090,2,3,pitch_jump,1.0,0.08187856434538913,14.763853080654838,69.66202253183121
2090,2,4,pitch_jump,1.0,0.11441478754368009,14.691112789449308,69.66202253183121
2090,2,23,pitch_jump,1.0,0.10472956308177364,14.940087732277366,69.66202253183121
2091,2,3,pitch_jump,1.0,0.19265473125436686,12.988080093093744,69.69535364309046
2091,2,10,pitch_jump,1.0,0.2375307257652772,12.003327337252113,69.69535364309046
2091,2,23,pitch_jump,1.0,0.22199632968221494,16.951313643505145,69.69535364309046
2092,2,3,pitch_jump,1.0,0.19739059922092994,19.009500006926785,69.72868475434971
2092,2,23,pitch_jump,1.0,0.21595481044870796,23.25221172331652,69.72868475434971
2092,2,25,pitch_jump,1.0,0.13752976678609297,14.122941509511797,69.72868475434971
2094,2,3,pitch_jump,1.0,0.17261694486534357,13.854734785686166,69.79534697686822
2094,2,6,pitch_jump,1.0,0.033489635121428586,44.76421111842584,69.79534697686822
2094,2,7,pitch_jump,1.0,0.09379476341065461,38.235674469373606,69.79534697686822
2094,2,8,pitch_jump,1.0,0.09693941977351232,30.82310511678995,69.79534697686822
2094,2,15,pitch_jump,1.0,0.13696682689908818,12.318628998444826,69.79534697686822
2094,2,20,pitch_jump,1.0,0.05011506706099071,21.313803611967145,69.79534697686822
2094,2,21,pitch_jump,1.0,0.05388144432643436,38.96541841752736,69.79534697686822
2094,2,22,pitch_jump,1.0,0.034188610679180415,43.941627971550936,69.79534697686822
2094,2,23,pitch_jump,1.0,0.22479600127059987,14.878520614967604,69.79534697686822
2094,2,26,pitch_jump,1.0,0.07632476069992536,25.062679495376834,69.79534697686822
2095,2,6,pitch_jump,1.0,0.05504139917851848,22.920119552922817,69.82867808812746
2095,2,7,pitch_jump,1.0,0.08776298001331606,29.67059904672777,69.82867808812746
2095,2,8,pitch_jump,1.0,0.10005267484633937,17.575544091111666,69.82867808812746
2095,2,14,pitch_jump,1.0,0.11254129944678921,12.310908712064025,69.82867808812746
2095,2,21,pitch_jump,1.0,0.07520987097760173,22.50412980575021,69.82867808812746
2095,2,22,pitch_jump,1.0,0.03671014715530271,22.200009968003467,69.82867808812746
2095,2,26,pitch_jump,1.0,0.056161867260945846,13.309347327162355,69.82867808812746
2097,2,3,pitch_jump,1.0,0.19915489597919286,14.919183893263979,69.89534031064596
2097,2,4,pitch_jump,1.0,0.2430035050805957,14.677956490646672,69.89534031064596
2097,2,6,pitch_jump,1.0,0.05590429532028289,18.315130004328438,69.89534031064596
2097,2,7,pitch_jump,1.0,0.07875954936385056,18.09751073798029,69.89534031064596
2097,2,8,pitch_jump,1.0,0.10002723201972767,13.545023794773352,69.89534031064596
2097,2,12,pitch_jump,1.0,0.17176392262091544,15.335214385241395,69.89534031064596
2097,2,21,pitch_jump,1.0,0.0735409865044289,16.269158593359247,69.89534031064596
2097,2,22,pitch_jump,1.0,0.02536060327495638,16.994662697054746,69.89534031064596
2097,2,23,pitch_jump,1.0,0.23828408241559065,14.399728679374702,69.89534031064596
2097,2,25,pitch_jump,1.0,0.13091279243639936,13.287121294006779,69.89534031064596
2097,2,26,pitch_jump,1.0,0.06056741655542442,17.88059034730648,69.89534031064596
2098,2,8,pitch_jump,1.0,0.11810741705276656,14.290303473467754,69.92867142190521
2098,2,15,pitch_jump,1.0,0.17551357528661574,22.17474789243719,69.92867142190521
2098,2,20,pitch_jump,1.0,0.06348099205118095,12.20702895653719,69.92867142190521
2099,2,3,pitch_jump,1.0,0.09461820042014245,44.23415462033558,69.96200253316445
2099,2,6,pitch_jump,1.0,0.030096878661401233,174.24577236634144,69.96200253316445
2099,2,7,pitch_jump,1.0,0.04115234022776727,123.52857393243441,69.96200253316445
2099,2,8,pitch_jump,1.0,0.07108832346776686,83.84957520652635,69.96200253316445
2099,2,10,pitch_jump,1.0,0.10569890496879879,25.67077292905969,69.96200253316445
2099,2,12,pitch_jump,1.0,0.08341833380379815,18.957025269863376,69.96200253316445
2099,2,14,pitch_jump,1.0,0.05740210532323121,42.36161339023383,69.96200253316445
2099,2,15,pitch_jump,1.0,0.09969389416441597,43.90485208419618,69.96200253316445
2099,2,18,pitch_jump,1.0,0.05540717660769661,16.29895663881208,69.96200253316445
2099,2,19,pitch_jump,1.0,0.03178280411322829,25.598765876694614,69.96200253316445
2099,2,20,pitch_jump,1.0,0.008219249040167942,91.24178990508757,69.96200253316445
2099,2,21,pitch_jump,1.0,0.03425305444028804,147.25393105294478,69.96200253316445
2099,2,22,pitch_jump,1.0,0.016008878200671543,139.66598677364706,69.96200253316445
2099,2,23,pitch_jump,1.0,0.1497243617923946,62.70598049656274,69.96200253316445
2099,2,26,pitch_jump,1.0,0.058082808506129145,125.00229294058131,69.96200253316445
2100,2,8,pitch_jump,1.0,0.1033890343872203,58.20169515631863,69.99533364442371
2100,2,14,pitch_jump,1.0,0.14873382085646536,17.812785720203884,69.99533364442371
2100,2,19,pitch_jump,1.0,0.11300985896244331,14.271286791831775,69.99533364442371
2100,2,20,pitch_jump,1.0,0.06998070392919002,37.40165093488325,69.99533364442371
2100,2,21,pitch_jump,1.0,0.02975477477827331,59.41001586860782,69.99533364442371
2100,2,25,pitch_jump,1.0,0.17342276572361331,18.59196772411733,69.99533364442371
2100,2,26,pitch_jump,1.0,0.017443569052497852,48.6561625040489,69.99533364442371
2101,2,3,pitch_jump,1.0,0.2247976462848138,14.195564245580131,70.02866475568295
2101,2,4,pitch_jump,1.0,0.2885148060992974,14.328683664631312,70.02866475568295
2101,2,10,pitch_jump,1.0,0.3127013717501032,12.737418075834624,70.02866475568295
2101,2,18,pitch_jump,1.0,0.2140536265441663,12.729372881218076,70.02866475568295
2101,2,23,pitch_jump,1.0,0.2783083663998385,13.380580701751,70.02866475568295
2102,2,8,pitch_jump,1.0,0.06292422774455687,16.17228308619848,70.06199586694221
2102,2,15,pitch_jump,1.0,0.11820457448594297,24.81761925805126,70.06199586694221
2102,2,19,pitch_jump,1.0,0.1362734041395601,33.22158168434863,70.06199586694221
2103,2,3,pitch_jump,1.0,0.26896660375613896,14.264611033289235,70.09532697820146
2103,2,8,pitch_jump,1.0,0.1054260498418174,15.141526934007581,70.09532697820146
2103,2,14,pitch_jump,1.0,0.14008082367144586,19.179809735282692,70.09532697820146
2103,2,18,pitch_jump,1.0,0.2671784769531299,13.704830038612192,70.09532697820146
2103,2,19,pitch_jump,1.0,0.25317893901271166,27.496472374024304,70.09532697820146
2103,2,23,pitch_jump,1.0,0.28786606610279014,19.465184873054056,70.09532697820146
2103,2,25,pitch_jump,1.0,0.17699532937679094,22.086809489972644,70.09532697820146
2104,2,4,pitch_jump,1.0,0.30555212310809376,15.992931830915449,70.1286580894607
2104,2,8,pitch_jump,1.0,0.10369012375194013,16.773915433384335,70.1286580894607
2104,2,10,pitch_jump,1.0,0.3576888467022837,13.17052135788824,70.1286580894607
2104,2,15,pitch_jump,1.0,0.13624144811570077,14.35530938372872,70.1286580894607
2104,2,20,pitch_jump,1.0,0.11548053264381244,13.718404965193718,70.1286580894607
2104,2,25,pitch_jump,1.0,0.17178262893933416,13.871271187843611,70.1286580894607
2104,2,26,pitch_jump,1.0,0.054096726960658106,19.337122500329166,70.1286580894607
2105,2,23,pitch_jump,1.0,0.15660618613872918,13.543342752980536,70.16198920071996
2105,2,26,pitch_jump,1.0,0.10585976425216856,12.643442535273936,70.16198920071996
2106,2,4,pitch_jump,1.0,0.32287015231994803,17.80255803744751,70.1953203119792
2106,2,20,pitch_jump,1.0,0.11898268318576079,14.921358921893168,70.1953203119792
2106,2,26,pitch_jump,1.0,0.1351119212401699,31.25062702148383,70.1953203119792
2107,2,8,pitch_jump,1.0,0.08761608009469754,15.680460477336085,70.22865142323846
2107,2,20,pitch_jump,1.0,0.056709356880405584,19.483498459231544,70.22865142323846
2107,2,26,pitch_jump,1.0,0.10776029385938159,13.156419479954227,70.22865142323846
2108,2,8,pitch_jump,1.0,0.0362615038944944,17.517956066581217,70.2619825344977
2108,2,16,pitch_jump,1.0,0.10253730083379808,12.007780981722957,70.2619825344977
2108,2,20,pitch_jump,1.0,0.016175806528305192,12.239896006720159,70.2619825344977
2108,2,26,pitch_jump,1.0,0.043637737208690706,17.918294127872407,70.2619825344977
2109,2,3,pitch_jump,1.0,0.2628716291875848,13.954522423676408,70.29531364575695
2109,2,4,pitch_jump,1.0,0.34429348105391594,16.90711518355681,70.29531364575695
2109,2,25,pitch_jump,1.0,0.22614878563102253,25.190191592628107,70.29531364575695
2110,2,4,pitch_jump,1.0,0.3629059345826902,13.91117733523105,70.3286447570162
2110,2,5,pitch_jump,1.0,0.05199071241034285,15.237892402177364,70.3286447570162
2110,2,25,pitch_jump,1.0,0.26777601575510196,23.073649072890657,70.3286447570162
2110,2,26,pitch_jump,1.0,0.04749445384735565,15.303874968239333,70.3286447570162
2111,2,14,pitch_jump,1.0,0.10627069907719065,21.63616160095371,70.36197586827545
2112,2,3,pitch_jump,1.0,0.29690708612118216,13.996967614317041,70.3953069795347
2112,2,4,pitch_jump,1.0,0.3904256454370507,15.803919195068955,70.3953069795347
2112,2,10,pitch_jump,1.0,0.3899645633134207,13.329724014863576,70.3953069795347
2112,2,12,pitch_jump,1.0,0.2498373512490766,14.204483506088037,70.3953069795347
2112,2,14,pitch_jump,1.0,0.23411124808957445,19.73969903411845,70.3953069795347
2113,2,2,pitch_jump,1.0,0.1278046323298923,14.927819293973412,70.42863809079395
2113,2,5,pitch_jump,1.0,0.04837901472243427,18.214599130473488,70.42863809079395
2113,2,7,pitch_jump,1.0,0.14411798641576234,16.059885033136144,70.42863809079395
2113,2,19,pitch_jump,1.0,0.19453485323390896,14.576289344647657,70.42863809079395
2113,2,20,pitch_jump,1.0,0.14650919610736451,18.883888954153043,70.42863809079395
2113,2,26,pitch_jump,1.0,0.05097131656992759,16.441365529367054,70.42863809079395
2114,2,4,pitch_jump,1.0,0.19085223321847686,23.042900091812847,70.4619692020532
2114,2,7,pitch_jump,1.0,0.04107057440293057,18.52266943172716,70.4619692020532
2114,2,8,pitch_jump,1.0,0.05241999413878426,13.987240163032068,70.4619692020532
2114,2,10,pitch_jump,1.0,0.16772434637634434,13.98029599239446,70.4619692020532
2115,2,3,pitch_jump,1.0,0.3306229287468911,12.440000416595407,70.49530031331246
2115,2,4,pitch_jump,1.0,0.4015540907663829,20.474155569270586,70.49530031331246
2115,2,5,pitch_jump,1.0,0.07570461164076364,12.785457013285988,70.49530031331246
2115,2,7,pitch_jump,1.0,0.0689000006455934,12.10438954883631,70.49530031331246
2116,2,5,pitch_jump,1.0,0.014453927317646763,17.88691304669893,70.5286314245717
2116,2,7,pitch_jump,1.0,0.09162548406896585,16.476067018354588,70.5286314245717
2116,2,8,pitch_jump,1.0,0.09856074277659926,17.253483538865908,70.5286314245717
2116,2,20,pitch_jump,1.0,0.09245715977119916,17.885661488525834,70.5286314245717
2116,2,21,pitch_jump,1.0,0.046699405671265286,14.53656243478554,70.5286314245717
2116,2,26,pitch_jump,1.0,0.04635940096322164,18.52548472187303,70.5286314245717
2117,2,4,pitch_jump,1.0,0.22307075648848299,39.439781150193966,70.56196253583094
2117,2,21,pitch_jump,1.0,0.017806748989111745,14.246291246630651,70.56196253583094
2118,2,4,pitch_jump,1.0,0.44042786210203744,19.53657993341202,70.5952936470902
2118,2,15,pitch_jump,1.0,0.20336088455490942,12.188962840041567,70.5952936470902
2119,2,3,pitch_jump,1.0,0.3255832600493355,20.56019427634338,70.62862475834945
2119,2,4,pitch_jump,1.0,0.40682348803096524,28.184950958133815,70.62862475834945
2119,2,15,pitch_jump,1.0,0.17396514315946493,16.02879510373708,70.62862475834945
2119,2,25,pitch_jump,1.0,0.1520080534567936,16.855474643091323,70.62862475834945
2119,2,26,pitch_jump,1.0,0.18192325260135636,25.66767472263957,70.62862475834945
2120,2,1,pitch_jump,1.0,0.15425288703244908,22.15927810076187,70.66195586960869
2120,2,2,pitch_jump,1.0,0.08530402217958089,22.36901177511824,70.66195586960869
2120,2,3,pitch_jump,1.0,0.14790150981516298,26.346049506401243,70.66195586960869
2120,2,4,pitch_jump,1.0,0.1831541868473616,14.174678870074493,70.66195586960869
2120,2,5,pitch_jump,1.0,0.026977488489585425,40.61331423489855,70.66195586960869
2120,2,7,pitch_jump,1.0,0.030304493297088966,34.31161418536804,70.66195586960869
2120,2,8,pitch_jump,1.0,0.04785249896459332,24.170484318722384,70.66195586960869
2120,2,14,pitch_jump,1.0,0.06543852935465234,23.01270981800973,70.66195586960869
2120,2,15,pitch_jump,1.0,0.10288386469462023,13.540313543315825,70.66195586960869
2120,2,18,pitch_jump,1.0,0.11525858475345786,19.66142436967201,70.66195586960869
2120,2,19,pitch_jump,1.0,0.027753089227079385,19.385353262949202,70.66195586960869
2120,2,20,pitch_jump,1.0,0.05365659291632086,36.366119049810905,70.66195586960869
2120,2,21,pitch_jump,1.0,0.0644757983265605,49.5904780650162,70.66195586960869
2120,2,26,pitch_jump,1.0,0.13019650040563768,52.5923766234659,70.66195586960869
2121,2,1,pitch_jump,1.0,0.31075697883966147,13.365864150557368,70.69528698086795
2121,2,5,pitch_jump,1.0,0.05723177413505393,17.69487315430151,70.69528698086795
2121,2,7,pitch_jump,1.0,0.10232478526369428,26.01809135905273,70.69528698086795
2121,2,8,pitch_jump,1.0,0.12065592470939707,18.004804408347734,70.69528698086795
2121,2,21,pitch_jump,1.0,0.0497476658439623,17.706144729760954,70.69528698086795
2122,2,7,pitch_jump,1.0,0.1224095650044031,16.78197119707287,70.72861809212719
2122,2,26,pitch_jump,1.0,0.1246518156292233,17.37433456623435,70.72861809212719
2123,2,3,pitch_jump,1.0,0.13366928639401227,13.459211051495672,70.76194920338645
2123,2,4,pitch_jump,1.0,0.19739577778405096,18.38737091059652,70.76194920338645
2123,2,6,pitch_jump,1.0,0.08176309767253394,14.019837628643605,70.76194920338645
2123,2,10,pitch_jump,1.0,0.15268351387779758,16.596836339750006,70.76194920338645
2123,2,12,pitch_jump,1.0,0.12044889649556463,15.731737449150769,70.76194920338645
2124,2,1,pitch_jump,1.0,0.3156678262451715,15.607887434188886,70.7952803146457
2124,2,2,pitch_jump,1.0,0.18346467333177638,14.232479200650232,70.7952803146457
2124,2,5,pitch_jump,1.0,0.018881557328807728,16.12480991930986,70.7952803146457
2124,2,6,pitch_jump,1.0,0.09436476754048996,14.12505500155401,70.7952803146457
2124,2,10,pitch_jump,1.0,0.3248710635590242,17.36139605588028,70.7952803146457
2124,2,12,pitch_jump,1.0,0.2583800348661723,12.050852856986907,70.7952803146457
2124,2,14,pitch_jump,1.0,0.13905213845698242,13.994929751654224,70.7952803146457
2124,2,15,pitch_jump,1.0,0.23167135194942318,25.60721180218953,70.7952803146457
2124,2,18,pitch_jump,1.0,0.29237080623260747,12.927654202993931,70.7952803146457
2124,2,19,pitch_jump,1.0,0.21328934493767066,17.557385523355293,70.7952803146457
2124,2,20,pitch_jump,1.0,0.10923700619563574,14.924153372595551,70.7952803146457
2124,2,26,pitch_jump,1.0,0.08347860779322433,14.152366989685174,70.7952803146457
2125,2,4,pitch_jump,1.0,0.3842957856326366,20.89385207432275,70.82861142590494
2125,2,6,pitch_jump,1.0,0.05180498189911649,18.142958179384983,70.82861142590494
2125,2,7,pitch_jump,1.0,0.049607259768528984,17.1948270496761,70.82861142590494
2125,2,8,pitch_jump,1.0,0.1043999601574506,18.618014636537474,70.82861142590494
2125,2,14,pitch_jump,1.0,0.16118240009602394,21.718070879909366,70.82861142590494
2125,2,15,pitch_jump,1.0,0.18363326856918138,18.869051633817126,70.82861142590494
2125,2,19,pitch_jump,1.0,0.18429251132029084,12.151253006708652,70.82861142590494
2125,2,21,pitch_jump,1.0,0.08170490993551756,18.98311105937749,70.82861142590494
2125,2,22,pitch_jump,1.0,0.12336737222998267,22.659539433339663,70.82861142590494
2126,2,5,pitch_jump,1.0,0.09543094311796183,14.2891070683668,70.8619425371642
2126,2,6,pitch_jump,1.0,0.0077470208655727015,12.28202424952848,70.8619425371642
2126,2,21,pitch_jump,1.0,0.05861467954230915,16.310446377558055,70.8619425371642
2127,2,15,pitch_jump,1.0,0.21175601452596227,22.981496138972723,70.89527364842344
2127,2,26,pitch_jump,1.0,0.10327548684604293,13.352894551648976,70.89527364842344
2128,2,4,pitch_jump,1.0,0.3987772862464104,14.225137410420816,70.92860475968268
2128,2,5,pitch_jump,1.0,0.03878281076074615,14.31918755847335,70.92860475968268
2128,2,6,pitch_jump,1.0,0.045104420674814585,19.074930905191458,70.92860475968268
2128,2,7,pitch_jump,1.0,0.10468239684871775,16.458544100682893,70.92860475968268
2128,2,8,pitch_jump,1.0,0.11138370988325802,16.333440428593054,70.92860475968268
2128,2,20,pitch_jump,1.0,0.11882657138179763,12.238291876393038,70.92860475968268
2128,2,21,pitch_jump,1.0,0.06046572235598346,20.24355203047756,70.92860475968268
2128,2,22,pitch_jump,1.0,0.08278085834229201,20.05917925526978,70.92860475968268
2129,2,5,pitch_jump,1.0,0.07209431925522199,21.368258371433832,70.96193587094194
2129,2,6,pitch_jump,1.0,0.02081084211707966,17.297716110012875,70.96193587094194
2129,2,7,pitch_jump,1.0,0.02985296804470951,13.403962006971465,70.96193587094194
2129,2,8,pitch_jump,1.0,0.05350829233297091,13.030220960215162,70.96193587094194
2129,2,15,pitch_jump,1.0,0.06096217384706812,15.636704650239452,70.96193587094194
2129,2,20,pitch_jump,1.0,0.009972741530234287,13.89617324671126,70.96193587094194
2129,2,21,pitch_jump,1.0,0.033919618273238306,17.53716486171606,70.96193587094194
2129,2,22,pitch_jump,1.0,0.03438677453529791,14.920193188683877,70.96193587094194
2129,2,26,pitch_jump,1.0,0.03786596366797868,15.14924933980268,70.96193587094194
2130,2,1,pitch_jump,1.0,0.26493430025922937,20.72217892440472,70.99526698220119
2130,2,4,pitch_jump,1.0,0.38373562516723814,18.057282336786326,70.99526698220119
2130,2,6,pitch_jump,1.0,0.15067706157875185,12.662573542017938,70.99526698220119
2130,2,7,pitch_jump,1.0,0.11672310767233614,19.868887947533565,70.99526698220119
2130,2,8,pitch_jump,1.0,0.09152733842470422,19.44405285813925,70.99526698220119
2130,2,10,pitch_jump,1.0,0.3302633718903628,22.726398270208417,70.99526698220119
2130,2,12,pitch_jump,1.0,0.2553370946937083,14.439270918868282,70.99526698220119
2130,2,18,pitch_jump,1.0,0.2900351134204873,17.14866790339013,70.99526698220119
2130,2,22,pitch_jump,1.0,0.0761852740219326,20.323528674528387,70.99526698220119
2131,2,4,pitch_jump,1.0,0.3797904894380572,22.249463659437556,71.02859809346045
2131,2,6,pitch_jump,1.0,0.12512471904989364,30.305924972555154,71.02859809346045
2131,2,7,pitch_jump,1.0,0.10878475505944821,30.359677176274136,71.02859809346045
2131,2,8,pitch_jump,1.0,0.05915550037134837,25.59826294128911,71.02859809346045
2131,2,10,pitch_jump,1.0,0.3160687625464158,20.663298675634742,71.02859809346045
2131,2,12,pitch_jump,1.0,0.28026950179498694,17.14050830043948,71.02859809346045
2131,2,18,pitch_jump,1.0,0.26151037017380235,15.72818345841083,71.02859809346045
2131,2,21,pitch_jump,1.0,0.07851466083563816,19.401055920954636,71.02859809346045
2131,2,22,pitch_jump,1.0,0.08753860096373856,23.95130293151388,71.02859809346045
2131,2,26,pitch_jump,1.0,0.0028058586439594067,12.294301720097192,71.02859809346045
2132,2,1,pitch_jump,1.0,0.07977331245734832,13.212294837208269,71.06192920471969
2132,2,26,pitch_jump,1.0,0.08400573989785183,12.431530948213798,71.06192920471969
2133,2,4,pitch_jump,1.0,0.36753589618899474,22.199161802907692,71.09526031597893
2133,2,8,pitch_jump,1.0,0.0954526881234519,20.29884647077476,71.09526031597893
2133,2,12,pitch_jump,1.0,0.2774357389964255,15.181668387535229,71.09526031597893
2133,2,22,pitch_jump,1.0,0.10465932001746157,16.379212415633273,71.09526031597893
2134,2,1,pitch_jump,1.0,0.24666714415309504,13.061195308682848,71.12859142723819
2134,2,2,pitch_jump,1.0,0.14589523029088305,16.550108941303122,71.12859142723819
2134,2,5,pitch_jump,1.0,0.02836547359844305,25.475116259591402,71.12859142723819
2134,2,6,pitch_jump,1.0,0.06624263846169053,24.980686441603094,71.12859142723819
2134,2,8,pitch_jump,1.0,0.06177258416785016,30.041061075895026,71.12859142723819
2134,2,12,pitch_jump,1.0,0.25166376126043205,12.020864861183451,71.12859142723819
2134,2,14,pitch_jump,1.0,0.12874467767613515,18.29892234632672,71.12859142723819
2134,2,15,pitch_jump,1.0,0.12738897570669652,26.503705614562836,71.12859142723819
2134,2,18,pitch_jump,1.0,0.2586486152711981,13.604460289551348,71.12859142723819
2134,2,19,pitch_jump,1.0,0.19036114809477356,18.35846505588924,71.12859142723819
2134,2,20,pitch_jump,1.0,0.05792761671462339,18.97927689802829,71.12859142723819
2134,2,21,pitch_jump,1.0,0.0792978330796718,30.23998506278351,71.12859142723819
2134,2,22,pitch_jump,1.0,0.09787033937506666,27.74665521466863,71.12859142723819
2134,2,26,pitch_jump,1.0,0.1449134210104509,38.823895645722885,71.12859142723819
2137,2,5,pitch_jump,1.0,0.08409350124860708,14.794490272062017,71.22858476101594
2137,2,6,pitch_jump,1.0,0.18934543854971883,22.957588484694888,71.22858476101594
2137,2,20,pitch_jump,1.0,0.14267243266918805,12.462711028146282,71.22858476101594
2138,2,4,pitch_jump,1.0,0.23000788393082505,12.93003495676619,71.26191587227518
2138,2,5,pitch_jump,1.0,0.08269925383598507,14.652027188953554,71.26191587227518
2138,2,6,pitch_jump,1.0,0.11178405080531144,27.592944586503915,71.26191587227518
2138,2,7,pitch_jump,1.0,0.04511517105213339,16.32908263427285,71.26191587227518
2138,2,21,pitch_jump,1.0,0.012978765771623995,14.77120353335023,71.26191587227518
2138,2,22,pitch_jump,1.0,0.03516653176682909,21.159140857869232,71.26191587227518
2138,2,26,pitch_jump,1.0,0.06748282613808515,15.059573988628067,71.26191587227518
2139,2,5,pitch_jump,1.0,0.018170409986629606,13.40219522925968,71.29524698353444
2139,2,7,pitch_jump,1.0,0.12514450156743726,12.67257655791219,71.29524698353444
2139,2,26,pitch_jump,1.0,0.03889742223927924,14.293452666349125,71.29524698353444
2140,2,5,pitch_jump,1.0,0.01161096374235498,13.812034372804371,71.32857809479368
2140,2,7,pitch_jump,1.0,0.13392397422906283,13.904356060168068,71.32857809479368
2140,2,15,pitch_jump,1.0,0.22824713058172547,15.12616529862279,71.32857809479368
2140,2,22,pitch_jump,1.0,0.09668851646526526,22.868345245647692,71.32857809479368
2140,2,26,pitch_jump,1.0,0.014829261505436626,12.968847264112156,71.32857809479368
2141,2,2,pitch_jump,1.0,0.06882093135927349,14.08641635775469,71.36190920605293
2141,2,4,pitch_jump,1.0,0.2487907556319247,22.19963996386348,71.36190920605293
2141,2,5,pitch_jump,1.0,0.061134761483859025,17.76608901112298,71.36190920605293
2141,2,6,pitch_jump,1.0,0.035364501009554995,12.807439001099159,71.36190920605293
2141,2,7,pitch_jump,1.0,0.12654632896659734,18.714524840063063,71.36190920605293
2141,2,10,pitch_jump,1.0,0.164193202806901,15.040594773621935,71.36190920605293
2141,2,12,pitch_jump,1.0,0.14652024204564848,13.102952624831913,71.36190920605293
2141,2,14,pitch_jump,1.0,0.05201229796259351,15.316639529392706,71.36190920605293
2141,2,15,pitch_jump,1.0,0.08085140430396692,15.788148380677367,71.36190920605293
2141,2,18,pitch_jump,1.0,0.15384733565148184,12.210943472123896,71.36190920605293
2141,2,19,pitch_jump,1.0,0.08644072703472633,14.287622661603223,71.36190920605293
2141,2,20,pitch_jump,1.0,0.00922099512542996,15.723866669511724,71.36190920605293
2141,2,21,pitch_jump,1.0,0.0767808806843288,16.71808152977886,71.36190920605293
2141,2,22,pitch_jump,1.0,0.0368475854184076,14.803220347607866,71.36190920605293
2141,2,26,pitch_jump,1.0,0.03276183326104635,15.66973343762056,71.36190920605293
2142,2,1,pitch_jump,1.0,0.30522370321256487,12.508617721170898,71.39524031731219
2142,2,5,pitch_jump,1.0,0.04485299863133372,16.169591804186812,71.39524031731219
2142,2,10,pitch_jump,1.0,0.4086945647499654,12.492034106783812,71.39524031731219
2142,2,14,pitch_jump,1.0,0.18916492577996222,13.39917976745683,71.39524031731219
2142,2,19,pitch_jump,1.0,0.24760904058539362,12.831520488659764,71.39524031731219
2142,2,21,pitch_jump,1.0,0.07283514951051182,13.307111914484551,71.39524031731219
2142,2,26,pitch_jump,1.0,0.090777079830427,16.598943727804073,71.39524031731219
2143,2,2,pitch_jump,1.0,0.2135108103620016,12.472821462008573,71.42857142857143
2143,2,7,pitch_jump,1.0,0.12295910928177778,16.597323070399156,71.42857142857143
2143,2,10,pitch_jump,1.0,0.4070230904501414,15.333915683032144,71.42857142857143
2143,2,12,pitch_jump,1.0,0.3473476222726726,19.674394876916786,71.42857142857143
2143,2,18,pitch_jump,1.0,0.33508096011548516,14.785381555933533,71.42857142857143
2143,2,22,pitch_jump,1.0,0.12817541061951923,13.463406640737773,71.42857142857143
2144,2,5,pitch_jump,1.0,0.0928525467687042,20.1310107922619,71.46190253983067
2144,2,6,pitch_jump,1.0,0.04069631098664636,14.807816642204967,71.46190253983067
2144,2,7,pitch_jump,1.0,0.05652619143441958,12.97314487824089,71.46190253983067
2144,2,14,pitch_jump,1.0,0.07165332645998763,12.224470030080745,71.46190253983067
2144,2,16,pitch_jump,1.0,0.08233761449992034,15.310535421895718,71.46190253983067
2144,2,19,pitch_jump,1.0,0.09799673229110839,16.064273189029215,71.46190253983067
2144,2,20,pitch_jump,1.0,0.022525257557000068,12.65319994570957,71.46190253983067
2144,2,26,pitch_jump,1.0,0.03963697694725042,13.82828202815378,71.46190253983067
2145,2,5,pitch_jump,1.0,0.09769213499151357,16.384540333207795,71.49523365108993
2145,2,6,pitch_jump,1.0,0.20527732840025878,36.58809807388517,71.49523365108993
2145,2,7,pitch_jump,1.0,0.13061472281290437,19.75572201303902,71.49523365108993
2145,2,12,pitch_jump,1.0,0.36605437767154647,12.051114984456412,71.49523365108993
2145,2,15,pitch_jump,1.0,0.19979889745151758,12.70372986089456,71.49523365108993
2145,2,21,pitch_jump,1.0,0.12615492512526583,19.8055149272644,71.49523365108993
2145,2,22,pitch_jump,1.0,0.14851860042411555,20.621243556327013,71.49523365108993
2145,2,26,pitch_jump,1.0,0.0820044183780996,16.765338504019677,71.49523365108993
2146,2,6,pitch_jump,1.0,0.1866919718936021,15.843693609878148,71.52856476234918
2146,2,7,pitch_jump,1.0,0.11454115187643564,12.729258007241553,71.52856476234918
2146,2,10,pitch_jump,1.0,0.38911307534316913,13.656178969306993,71.52856476234918
2146,2,12,pitch_jump,1.0,0.32234918702631615,12.890402766715177,71.52856476234918
2146,2,21,pitch_jump,1.0,0.13637589369491537,14.847408370461165,71.52856476234918
2147,2,5,pitch_jump,1.0,0.04320843582193104,15.556223799166622,71.56189587360844
2147,2,6,pitch_jump,1.0,0.04008328155117028,13.655575208794968,71.56189587360844
2147,2,12,pitch_jump,1.0,0.1372653816039039,14.72881733863825,71.56189587360844
2147,2,18,pitch_jump,1.0,0.10917864060638505,14.263194425700656,71.56189587360844
2147,2,19,pitch_jump,1.0,0.04307609151916144,15.003387580081096,71.56189587360844
2147,2,20,pitch_jump,1.0,0.04084583675115497,14.38205098192404,71.56189587360844
2147,2,21,pitch_jump,1.0,0.07489512901974443,16.29513538994353,71.56189587360844
2147,2,26,pitch_jump,1.0,0.03552663692101717,14.773611275724265,71.56189587360844
2148,2,5,pitch_jump,1.0,0.03968198188267373,12.365942644108426,71.59522698486768
2148,2,16,pitch_jump,1.0,0.29929445581766695,21.069629504544555,71.59522698486768
2148,2,21,pitch_jump,1.0,0.10863151698757267,16.084700893415267,71.59522698486768
2148,2,26,pitch_jump,1.0,0.03994551580931382,17.594169136983542,71.59522698486768
2149,2,6,pitch_jump,1.0,0.19475259445216395,25.183049042656513,71.62855809612692
2149,2,7,pitch_jump,1.0,0.22398417320855357,32.11263585691317,71.62855809612692
2149,2,12,pitch_jump,1.0,0.36538470463742456,21.28720141912826,71.62855809612692
2149,2,15,pitch_jump,1.0,0.22493702316683206,17.38754069803657,71.62855809612692
2149,2,16,pitch_jump,1.0,0.2911914217428427,21.13240403028126,71.62855809612692
2149,2,22,pitch_jump,1.0,0.13060877824342554,15.815564100730958,71.62855809612692
2150,2,7,pitch_jump,1.0,0.15010124878827308,16.156189282295475,71.66188920738618
2150,2,10,pitch_jump,2.0,0.29842422799420676,12.637278494237657,71.66188920738618
2150,2,12,pitch_jump,1.0,0.1742185671044284,14.371621600043,71.66188920738618
2151,2,7,pitch_jump,1.0,0.3663231612718493,25.364583821255273,71.69522031864543
2151,2,10,pitch_jump,1.0,0.4171997241719997,18.812473497417898,71.69522031864543
2151,2,26,pitch_jump,1.0,0.09097684046593767,12.285026518593854,71.69522031864543
2152,2,5,pitch_jump,1.0,0.08280329634565377,12.393238159327993,71.72855142990467
2152,2,10,pitch_jump,1.0,0.3841409901651365,21.524786885334454,71.72855142990467
2152,2,12,pitch_jump,1.0,0.3421634175810695,17.645719588644187,71.72855142990467
2152,2,14,pitch_jump,1.0,0.19037943916002983,14.239975348611383,71.72855142990467
2152,2,15,pitch_jump,1.0,0.22389382766495614,34.79894444185779,71.72855142990467
2152,2,22,pitch_jump,1.0,0.08118896793121683,18.84212993109591,71.72855142990467
2153,2,6,pitch_jump,1.0,0.11771728346370104,17.27898468160004,71.76188254116393
2154,2,2,pitch_jump,1.0,0.20209892026588738,13.663123828706379,71.79521365242317
2154,2,10,pitch_jump,1.0,0.4005136769870636,43.84612276556211,71.79521365242317
2154,2,12,pitch_jump,1.0,0.3650929027523601,43.894241960961686,71.79521365242317
2154,2,14,pitch_jump,1.0,0.2057457658488934,14.280731168618274,71.79521365242317
2154,2,15,pitch_jump,1.0,0.20642013903688614,14.714094439212694,71.79521365242317
2154,2,16,pitch_jump,1.0,0.21819297307940758,15.880285063333714,71.79521365242317
2154,2,18,pitch_jump,1.0,0.32425133140828266,23.9617233436241,71.79521365242317
2154,2,19,pitch_jump,1.0,0.21433864248251797,21.621548700167597,71.79521365242317
2155,2,7,pitch_jump,1.0,0.11786975271738483,19.790326844611467,71.82854476368243
2155,2,10,pitch_jump,1.0,0.4082091099329252,41.872425879812226,71.82854476368243
2155,2,12,pitch_jump,1.0,0.3758728426420073,12.706364971440234,71.82854476368243
2156,2,2,pitch_jump,1.0,0.0735348579791578,25.820392351964067,71.86187587494167
2156,2,5,pitch_jump,1.0,0.05865139877847907,25.947915297159387,71.86187587494167
2156,2,6,pitch_jump,1.0,0.0069944769366522335,23.930705383691876,71.86187587494167
2156,2,7,pitch_jump,1.0,0.04419340804507606,30.35064331192898,71.86187587494167
2156,2,10,pitch_jump,1.0,0.14874480092074352,43.36976325984245,71.86187587494167
2156,2,12,pitch_jump,1.0,0.1873942503744134,23.875532895509263,71.86187587494167
2156,2,14,pitch_jump,1.0,0.09585582876599781,25.494540319519277,71.86187587494167
2156,2,15,pitch_jump,1.0,0.0631443177236483,20.44006901877505,71.86187587494167
2156,2,16,pitch_jump,1.0,0.09350919097728864,23.42595447724546,71.86187587494167
2156,2,18,pitch_jump,1.0,0.09093499786787115,32.179318980177555,71.86187587494167
2156,2,19,pitch_jump,1.0,0.037056280988482085,29.51951791106077,71.86187587494167
2156,2,20,pitch_jump,1.0,0.014107739217481291,24.465859862533616,71.86187587494167
2156,2,21,pitch_jump,1.0,0.006868622529766468,24.316165830253073,71.86187587494167
2156,2,22,pitch_jump,1.0,0.05825819785571034,32.390934468609004,71.86187587494167
2156,2,26,pitch_jump,1.0,0.03935700860881731,24.24851086035852,71.86187587494167
2157,2,5,pitch_jump,1.0,0.0313977942200019,16.66609446321328,71.89520698620092
2157,2,6,pitch_jump,1.0,0.09939107289316532,18.65498129949198,71.89520698620092
2157,2,7,pitch_jump,1.0,0.10708648484839564,30.280982007197448,71.89520698620092
2157,2,9,pitch_jump,1.0,0.4592094648188806,12.68506853000787,71.89520698620092
2157,2,10,pitch_jump,1.0,0.519703273336007,22.207944555963692,71.89520698620092
2157,2,12,pitch_jump,1.0,0.33423767465064563,26.216296149232353,71.89520698620092
2157,2,14,pitch_jump,1.0,0.1771359653708563,27.04463718763311,71.89520698620092
2157,2,15,pitch_jump,1.0,0.1510769515822979,18.000936167937127,71.89520698620092
2157,2,19,pitch_jump,1.0,0.19215797663537182,12.788365297631842,71.89520698620092
2157,2,20,pitch_jump,1.0,0.030813419930169884,14.81611054672356,71.89520698620092
2157,2,21,pitch_jump,1.0,0.06070502682855125,17.822794524246152,71.89520698620092
2157,2,22,pitch_jump,1.0,0.12070413199294208,36.95385949847772,71.89520698620092
2157,2,26,pitch_jump,1.0,0.04987939546253742,14.432178182103842,71.89520698620092
2158,2,6,pitch_jump,1.0,0.16297809369588523,17.052054812480506,71.92853809746018
2158,2,7,pitch_jump,1.0,0.1248458368782851,28.248871209282736,71.92853809746018
2158,2,9,pitch_jump,1.0,0.42906241212381685,24.368860507239102,71.92853809746018
2158,2,10,pitch_jump,1.0,0.4314352902206373,37.82197571157392,71.92853809746018
2158,2,12,pitch_jump,1.0,0.3230684521832367,25.067242624546925,71.92853809746018
2158,2,16,pitch_jump,1.0,0.15900369238192175,13.446777578961,71.92853809746018
2158,2,22,pitch_jump,1.0,0.12417213672631441,26.41582532920139,71.92853809746018
2158,2,26,pitch_jump,1.0,0.05116485592101797,13.93216960720625,71.92853809746018
2159,2,6,pitch_jump,1.0,0.08731130446739041,16.90585819433316,71.96186920871942
2159,2,10,pitch_jump,1.0,0.17106739732118748,30.35391601594325,71.96186920871942
2159,2,12,pitch_jump,1.0,0.119659349933885,23.500468882584784,71.96186920871942
2159,2,15,pitch_jump,1.0,0.023545755645225,13.320565985969143,71.96186920871942
2159,2,16,pitch_jump,1.0,0.11460929962195791,14.078152650153484,71.96186920871942
2159,2,18,pitch_jump,1.0,0.12263954817658423,17.849042797030183,71.96186920871942
2159,2,19,pitch_jump,1.0,0.05944882139134625,15.651611559694146,71.96186920871942
2160,2,2,pitch_jump,1.0,0.1898245926874214,23.209065598062313,71.99520031997866
2160,2,5,pitch_jump,1.0,0.08253857633114292,31.728636596181957,71.99520031997866
2160,2,6,pitch_jump,1.0,0.1475620271442112,35.39740207152833,71.99520031997866
2160,2,10,pitch_jump,1.0,0.28838731751247965,15.868690753898917,71.99520031997866
2160,2,12,pitch_jump,1.0,0.3245300154113349,24.08399349260674,71.99520031997866
2160,2,14,pitch_jump,1.0,0.1651791098585239,13.150117903309734,71.99520031997866
2160,2,16,pitch_jump,1.0,0.22378747327139162,36.435450931316495,71.99520031997866
2160,2,18,pitch_jump,1.0,0.27494226150127726,19.9023790328498,71.99520031997866
2160,2,19,pitch_jump,1.0,0.217298143040302,31.371705324290577,71.99520031997866
2160,2,20,pitch_jump,1.0,0.055395873198168834,23.806300110131044,71.99520031997866
2160,2,21,pitch_jump,1.0,0.15356240888169198,31.336317963635246,71.99520031997866
2160,2,22,pitch_jump,1.0,0.10607734399295561,14.178739450612106,71.99520031997866
2160,2,26,pitch_jump,1.0,0.019457376761401083,26.32782482640994,71.99520031997866
2161,2,2,pitch_jump,1.0,0.1792120627363681,24.636746667525887,72.02853143123792
2161,2,5,pitch_jump,1.0,0.05209135213914102,12.446070604146216,72.02853143123792
2161,2,7,pitch_jump,1.0,0.11092552664557255,15.683423081283767,72.02853143123792
2161,2,10,pitch_jump,1.0,0.2980936578983697,24.531595252878137,72.02853143123792
2161,2,12,pitch_jump,1.0,0.3164389346658843,18.70791603038216,72.02853143123792
2161,2,14,pitch_jump,1.0,0.15140634495566804,12.392866849994823,72.02853143123792
2161,2,18,pitch_jump,1.0,0.255129421803736,20.970707411508048,72.02853143123792
2161,2,19,pitch_jump,1.0,0.16679543199015512,22.724466154945627,72.02853143123792
2161,2,22,pitch_jump,1.0,0.11000889729688758,24.480455596860676,72.02853143123792
2162,2,7,pitch_jump,1.0,0.1914344795737063,16.499571615830412,72.06186254249717
2162,2,10,pitch_jump,1.0,0.15670586887651244,35.2131345526976,72.06186254249717
2162,2,15,pitch_jump,1.0,0.034484725171680074,14.90517455660748,72.06186254249717
2162,2,16,pitch_jump,1.0,0.0695871063995456,23.721670101241322,72.06186254249717
2162,2,18,pitch_jump,1.0,0.10404838778830529,31.17430310720956,72.06186254249717
2162,2,19,pitch_jump,1.0,0.05803447505744343,20.836848509167293,72.06186254249717
2163,2,2,pitch_jump,1.0,0.15416679478651935,22.238855738222565,72.09519365375643
2163,2,5,pitch_jump,1.0,0.021859082101828357,29.988398320010102,72.09519365375643
2163,2,6,pitch_jump,1.0,0.05045668930238829,29.197538879712663,72.09519365375643
2163,2,7,pitch_jump,1.0,0.29947538485381003,53.91693585503959,72.09519365375643
2163,2,10,pitch_jump,1.0,0.3454642940142622,26.741606499578467,72.09519365375643
2163,2,14,pitch_jump,1.0,0.22935362562099293,43.0499866743709,72.09519365375643
2163,2,15,pitch_jump,1.0,0.1709428443353949,21.337407522579998,72.09519365375643
2163,2,16,pitch_jump,1.0,0.15022924021523895,20.848669251389534,72.09519365375643
2163,2,18,pitch_jump,1.0,0.25418707824535214,24.601499287202174,72.09519365375643
2163,2,19,pitch_jump,1.0,0.16660620101334833,25.768420401705463,72.09519365375643
2163,2,20,pitch_jump,1.0,0.0695108199041984,22.56538727866863,72.09519365375643
2163,2,21,pitch_jump,1.0,0.03537438368909934,28.630156362948924,72.09519365375643
2163,2,26,pitch_jump,1.0,0.036941337144728276,30.84734898688343,72.09519365375643
2164,2,5,pitch_jump,1.0,0.031919119535042936,21.738902757149827,72.12852476501567
2164,2,6,pitch_jump,1.0,0.04133330291096021,19.099904219297176,72.12852476501567
2164,2,7,pitch_jump,1.0,0.0657926014926426,22.572761070452945,72.12852476501567
2164,2,14,pitch_jump,1.0,0.2169710893426133,24.57294856841469,72.12852476501567
2164,2,15,pitch_jump,1.0,0.13484917285294443,18.538177094063673,72.12852476501567
2164,2,18,pitch_jump,1.0,0.21827872081144273,14.638048840055294,72.12852476501567
2164,2,20,pitch_jump,1.0,0.046882142207848816,15.691557397259109,72.12852476501567
2164,2,21,pitch_jump,1.0,0.04843027557512126,21.115975666025232,72.12852476501567
2164,2,26,pitch_jump,1.0,0.015804121818513255,20.52889664790993,72.12852476501567
2165,2,5,pitch_jump,1.0,0.050707566045684514,12.393556201363523,72.16185587627491
2165,2,7,pitch_jump,1.0,0.01583356148392631,18.02017806034573,72.16185587627491
2165,2,10,pitch_jump,2.0,0.21887337043814398,21.110900073754422,72.16185587627491
2165,2,11,pitch_jump,1.0,0.0822660786687992,20.09359033964883,72.16185587627491
2165,2,14,pitch_jump,1.0,0.19952809326494256,34.748670670892714,72.16185587627491
2165,2,18,pitch_jump,1.0,0.06386365888505895,15.059277355981294,72.16185587627491
2165,2,26,pitch_jump,1.0,0.05076872643207651,12.721066990585486,72.16185587627491
2166,2,2,pitch_jump,1.0,0.1501440196714056,12.925654004160153,72.19518698753417
2166,2,5,pitch_jump,1.0,0.017267499271153577,20.60242341946295,72.19518698753417
2166,2,6,pitch_jump,1.0,0.09052247322726255,15.594393435507316,72.19518698753417
2166,2,7,pitch_jump,1.0,0.12334340496466008,30.51885714397243,72.19518698753417
2166,2,10,pitch_jump,1.0,0.25609192231865907,20.565829055739187,72.19518698753417
2166,2,14,pitch_jump,1.0,0.17352826381101266,17.45243287359475,72.19518698753417
2166,2,18,pitch_jump,1.0,0.24797424779733787,17.870806825137382,72.19518698753417
2166,2,20,pitch_jump,1.0,0.060951054092419736,19.413922056309783,72.19518698753417
2166,2,21,pitch_jump,1.0,0.07633350525031891,13.460133530701729,72.19518698753417
2166,2,26,pitch_jump,1.0,0.03292256107777678,21.580825139068725,72.19518698753417
2167,2,5,pitch_jump,1.0,0.07172140498344533,16.4951654618593,72.22851809879342
2167,2,10,pitch_jump,1.0,0.2504373747490834,13.392824442892547,72.22851809879342
2167,2,11,pitch_jump,1.0,0.18356021376946435,13.63415852856785,72.22851809879342
2167,2,21,pitch_jump,1.0,0.1503534241066398,28.155201381778383,72.22851809879342
2168,2,19,pitch_jump,1.0,0.07984435687643632,14.7699179966874,72.26184921005266
2169,2,2,pitch_jump,1.0,0.140753482026376,12.745628943137367,72.29518032131192
2169,2,5,pitch_jump,1.0,0.05213162528547489,19.477949853626786,72.29518032131192
2169,2,6,pitch_jump,1.0,0.1092687459862513,17.07146715005076,72.29518032131192
2169,2,7,pitch_jump,1.0,0.0824656450480359,41.74276570459699,72.29518032131192
2169,2,10,pitch_jump,1.0,0.28047387832847537,24.2422052007953,72.29518032131192
2169,2,11,pitch_jump,1.0,0.1418695231627358,24.605094491791128,72.29518032131192
2169,2,15,pitch_jump,1.0,0.12872077574799004,17.871116707806518,72.29518032131192
2169,2,18,pitch_jump,1.0,0.23804013495904308,19.795654386971435,72.29518032131192
2169,2,19,pitch_jump,1.0,0.1644146042675329,19.42936450422297,72.29518032131192
2169,2,20,pitch_jump,1.0,0.03556173448520696,17.216529847471183,72.29518032131192
2169,2,21,pitch_jump,1.0,0.03248061302815929,15.315224925133013,72.29518032131192
2169,2,26,pitch_jump,1.0,0.028083303696238113,17.105287291447947,72.29518032131192
2170,2,2,pitch_jump,1.0,0.14598321077227053,12.43000761137764,72.32851143257116
2170,2,5,pitch_jump,1.0,0.03475592405266664,19.428840819141634,72.32851143257116
2170,2,6,pitch_jump,1.0,0.04931709744298544,25.845692302760295,72.32851143257116
2170,2,7,pitch_jump,1.0,0.07407605538068102,30.539060067726563,72.32851143257116
2170,2,10,pitch_jump,1.0,0.2456361639904481,17.677550506390688,72.32851143257116
2170,2,14,pitch_jump,1.0,0.13010447561340857,16.306253900958875,72.32851143257116
2170,2,15,pitch_jump,1.0,0.12009678488459552,17.210179996217878,72.32851143257116
2170,2,18,pitch_jump,1.0,0.19787770917798528,13.026681962246132,72.32851143257116
2170,2,19,pitch_jump,1.0,0.107767291936631,15.764115363185585,72.32851143257116
2170,2,20,pitch_jump,1.0,0.050328416319846976,20.240512336232555,72.32851143257116
2170,2,21,pitch_jump,1.0,0.03524309355623265,20.066926829174793,72.32851143257116
2170,2,26,pitch_jump,1.0,0.050823260696481264,18.266639481370902,72.32851143257116
2171,2,5,pitch_jump,1.0,0.03207862156272658,20.258350206510396,72.36184254383042
2171,2,6,pitch_jump,1.0,0.03564586283067751,17.841813500548124,72.36184254383042
2171,2,7,pitch_jump,1.0,0.01434600298521045,49.29290416843176,72.36184254383042
2171,2,11,pitch_jump,1.0,0.08351794858942332,12.858535536259307,72.36184254383042
2171,2,15,pitch_jump,1.0,0.018548231236357463,21.80245072807747,72.36184254383042
2171,2,21,pitch_jump,1.0,0.006179328085926756,22.68219259522703,72.36184254383042
2171,2,26,pitch_jump,1.0,0.06783636033299215,13.463428323963193,72.36184254383042
2172,2,11,pitch_jump,1.0,0.15159193258113485,13.979116338620216,72.39517365508966
2172,2,18,pitch_jump,1.0,0.23312993999673604,12.124605520742174,72.39517365508966
2172,2,19,pitch_jump,1.0,0.1347138937933261,16.271315222877536,72.39517365508966
2173,2,2,pitch_jump,1.0,0.11105745755388258,13.493627751478597,72.42850476634891
2173,2,5,pitch_jump,1.0,0.03614133247545572,19.42545950169958,72.42850476634891
2173,2,6,pitch_jump,1.0,0.012043314902301185,16.887238131453195,72.42850476634891
2173,2,7,pitch_jump,1.0,0.06920901910886527,35.48583122303031,72.42850476634891
2173,2,11,pitch_jump,1.0,0.12312482059572932,17.405326085945696,72.42850476634891
2173,2,15,pitch_jump,1.0,0.1184732371055083,12.765831941680139,72.42850476634891
2173,2,18,pitch_jump,1.0,0.17110555569165858,18.664225583407756,72.42850476634891
2173,2,19,pitch_jump,1.0,0.1097388998628222,12.704779639203117,72.42850476634891
2173,2,20,pitch_jump,1.0,0.01929418797585715,15.872501630028214,72.42850476634891
2173,2,26,pitch_jump,1.0,0.03375052320311973,15.971076941326137,72.42850476634891
2174,2,5,pitch_jump,1.0,0.025254870979983367,14.626954282343577,72.46183587760817
2174,2,6,pitch_jump,1.0,0.009761839656534613,12.046771070530275,72.46183587760817
2174,2,7,pitch_jump,1.0,0.05346505652980926,12.899472320737019,72.46183587760817
2174,2,19,pitch_jump,1.0,0.02436866783734257,12.525905681201735,72.46183587760817
2174,2,20,pitch_jump,1.0,0.020687360672079276,12.284088826357218,72.46183587760817
2174,2,21,pitch_jump,1.0,0.08611350210095138,26.62086182385727,72.46183587760817
2174,2,26,pitch_jump,1.0,0.07535212113641779,17.721742879865133,72.46183587760817
2175,2,18,pitch_jump,1.0,0.22205676404007932,16.434721727937646,72.49516698886741
2175,2,21,pitch_jump,1.0,0.10788231564260445,21.806955426822988,72.49516698886741
2176,2,11,pitch_jump,1.0,0.14585735774493422,16.04556880701516,72.52849810012665
2176,2,14,pitch_jump,1.0,0.07902484578652227,12.910614621370298,72.52849810012665
2176,2,18,pitch_jump,1.0,0.20644820260970737,20.858611266109342,72.52849810012665
2176,2,19,pitch_jump,1.0,0.13985451280379504,24.995497487945368,72.52849810012665
2176,2,26,pitch_jump,1.0,0.048171806498552065,12.097909602433063,72.52849810012665
2177,2,5,pitch_jump,1.0,0.06389726713769708,17.837785564161965,72.56182921138591
2177,2,6,pitch_jump,1.0,0.07500862734744947,21.28028240748725,72.56182921138591
2177,2,7,pitch_jump,2.0,0.03866596949905171,35.907066568362325,72.56182921138591
2177,2,11,pitch_jump,1.0,0.0638414525568332,12.736862766609935,72.56182921138591
2177,2,18,pitch_jump,1.0,0.08314203562964928,13.341104981720667,72.56182921138591
2177,2,19,pitch_jump,1.0,0.077831092761968,24.649743484233248,72.56182921138591
2177,2,20,pitch_jump,1.0,0.026171072927392895,15.182819250576832,72.56182921138591
2177,2,21,pitch_jump,1.0,0.029361036083598618,13.545211589047417,72.56182921138591
2177,2,26,pitch_jump,1.0,0.050972497326314696,17.053122999840575,72.56182921138591
2178,2,5,pitch_jump,1.0,0.03615900532032282,21.300646157605883,72.59516032264516
2178,2,6,pitch_jump,1.0,0.050320992066038885,26.027568854491328,72.59516032264516
2178,2,11,pitch_jump,1.0,0.12432092182401995,14.59242936945871,72.59516032264516
2178,2,14,pitch_jump,1.0,0.11369697754441987,12.86704128752044,72.59516032264516
2178,2,18,pitch_jump,1.0,0.18704967619869745,22.367964016795426,72.59516032264516
2178,2,19,pitch_jump,1.0,0.12193503289238872,14.87551341322274,72.59516032264516
2178,2,20,pitch_jump,1.0,0.032920430698112554,15.315922238656016,72.59516032264516
2178,2,21,pitch_jump,1.0,0.027651951166054956,12.936435750423682,72.59516032264516
2178,2,26,pitch_jump,1.0,0.034682707094271896,17.466391186118877,72.59516032264516
2179,2,5,pitch_jump,1.0,0.02717613012335296,19.09685237965463,72.62849143390441
2179,2,6,pitch_jump,1.0,0.009369312550239341,20.500301679686473,72.62849143390441
2179,2,11,pitch_jump,1.0,0.13937053927086288,12.531346318737139,72.62849143390441
2179,2,15,pitch_jump,1.0,0.09172732194142537,31.816785975151046,72.62849143390441
2179,2,20,pitch_jump,1.0,0.015850018499064783,15.448428669195513,72.62849143390441
2179,2,21,pitch_jump,1.0,0.02925321807366314,19.03476925791688,72.62849143390441
2179,2,26,pitch_jump,1.0,0.031661494452685006,17.103551558429583,72.62849143390441
2180,2,15,pitch_jump,1.0,0.027631836135571502,12.021647925209207,72.66182254516366
2181,2,5,pitch_jump,1.0,0.04052361978633952,16.357373682077647,72.6951536564229
2181,2,6,pitch_jump,1.0,0.019637368434205854,13.880556474981939,72.6951536564229
2181,2,7,pitch_jump,2.0,0.13222474096308254,26.023455831411496,72.6951536564229
2181,2,15,pitch_jump,1.0,0.06497850749015449,27.968168599889065,72.6951536564229
2181,2,18,pitch_jump,1.0,0.13477069201268357,19.963038994509528,72.6951536564229
2181,2,19,pitch_jump,1.0,0.047722524017224634,24.142637783536134,72.6951536564229
2181,2,20,pitch_jump,1.0,0.02796339657419497,15.122667421830355,72.6951536564229
2181,2,21,pitch_jump,1.0,0.03932598758242758,20.112854960066613,72.6951536564229
2181,2,26,pitch_jump,1.0,0.03292111413676129,17.86170163954788,72.6951536564229
2182,2,5,pitch_jump,1.0,0.08730100868757452,27.74043294827748,72.72848476768216
2182,2,6,pitch_jump,1.0,0.010064970842371875,26.028672233529004,72.72848476768216
2182,2,7,pitch_jump,1.0,0.15462365106718037,34.52677900667865,72.72848476768216
2182,2,14,pitch_jump,2.0,0.07441646659645686,13.59875689272738,72.72848476768216
2182,2,15,pitch_jump,1.0,0.059153328274185187,33.37551196026703,72.72848476768216
2182,2,18,pitch_jump,1.0,0.13973204963056893,17.05694410302482,72.72848476768216
2182,2,19,pitch_jump,1.0,0.09693806736564974,19.08598767278226,72.72848476768216
2182,2,20,pitch_jump,1.0,0.021004713018882928,24.792859727644032,72.72848476768216
2182,2,21,pitch_jump,1.0,0.08447681058433044,16.750434526979788,72.72848476768216
2182,2,26,pitch_jump,1.0,0.0948100550959455,21.195579905124294,72.72848476768216
2183,2,5,pitch_jump,1.0,0.06143041388419691,19.90248107924356,72.7618158789414
2183,2,6,pitch_jump,1.0,0.015505240056695062,13.865699995285786,72.7618158789414
2183,2,21,pitch_jump,1.0,0.06584295358640216,25.61858493254672,72.7618158789414
2183,2,26,pitch_jump,1.0,0.04674601249881707,19.70336045231345,72.7618158789414
2184,2,15,pitch_jump,1.0,0.09061143343652658,16.52440821985717,72.79514699020065
2184,2,19,pitch_jump,1.0,0.09975684897335015,21.544803094097652,72.79514699020065
2185,2,5,pitch_jump,1.0,0.03454794605825468,24.777919537137507,72.82847810145991
2185,2,6,pitch_jump,1.0,0.06105038094754722,37.6365826355145,72.82847810145991
2185,2,11,pitch_jump,1.0,0.09776205145518928,23.23940810536061,72.82847810145991
2185,2,14,pitch_jump,1.0,0.05805397043434314,20.60753781656122,72.82847810145991
2185,2,15,pitch_jump,1.0,0.053060230010241974,22.987738893494477,72.82847810145991
2185,2,18,pitch_jump,1.0,0.14079406564812008,20.332659671849353,72.82847810145991
2185,2,19,pitch_jump,1.0,0.07412402349969242,32.5033744652684,72.82847810145991
2185,2,20,pitch_jump,1.0,0.01910362307847561,21.138090564462406,72.82847810145991
2185,2,21,pitch_jump,1.0,0.04266753537601628,20.7860399338482,72.82847810145991
2186,2,5,pitch_jump,1.0,0.021890753335045,14.147168529445803,72.86180921271915
2186,2,6,pitch_jump,1.0,0.06801241589803711,25.059155573195348,72.86180921271915
2186,2,14,pitch_jump,1.0,0.007962412151900742,17.918369054653663,72.86180921271915
2186,2,15,pitch_jump,1.0,0.03782458990161538,30.934937502154636,72.86180921271915
2186,2,18,pitch_jump,1.0,0.02846525483671223,20.15861089964236,72.86180921271915
2186,2,19,pitch_jump,1.0,0.06793343974295055,26.163692014359107,72.86180921271915
2186,2,20,pitch_jump,1.0,0.03903148624554618,15.495887060525975,72.86180921271915
2186,2,21,pitch_jump,1.0,0.02678655998470412,16.384370145750122,72.86180921271915
2187,2,5,pitch_jump,1.0,0.023230055017565428,25.72277323186544,72.89514032397841
2187,2,6,pitch_jump,1.0,0.012087721747066859,39.14321345523913,72.89514032397841
2187,2,14,pitch_jump,1.0,0.07044741957177864,46.47412993891963,72.89514032397841
2187,2,15,pitch_jump,1.0,0.05235304411235021,90.62890941311875,72.89514032397841
2187,2,18,pitch_jump,1.0,0.11075208277369564,44.155908710357494,72.89514032397841
2187,2,19,pitch_jump,1.0,0.11763422130869203,44.51504598904231,72.89514032397841
2187,2,20,pitch_jump,1.0,0.021097833938837754,27.075461951527323,72.89514032397841
2187,2,21,pitch_jump,1.0,0.026013779958327,43.14754891054602,72.89514032397841
2187,2,26,pitch_jump,1.0,0.07799548980792903,18.95840958714896,72.89514032397841
2188,2,7,pitch_jump,4.0,0.137359935741473,35.324542264136475,72.92847143523765
2189,2,7,pitch_jump,1.0,0.02742983239784695,17.525923021250456,72.9618025464969
2189,2,15,pitch_jump,1.0,0.01831244492483383,18.09567059941926,72.9618025464969
2189,2,18,pitch_jump,1.0,0.021145087263223544,13.369869668608938,72.9618025464969
2189,2,19,pitch_jump,1.0,0.03436704329254564,14.166892742801704,72.9618025464969
2189,2,26,pitch_jump,1.0,0.028952509695115404,12.2406992221622,72.9618025464969
2190,2,5,pitch_jump,1.0,0.03157782462473521,13.862806417814946,72.99513365775616
2190,2,7,pitch_jump,1.0,0.04315781199323633,16.137208099868907,72.99513365775616
2190,2,11,pitch_jump,1.0,0.10150206075294466,13.059403996216522,72.99513365775616
2190,2,14,pitch_jump,1.0,0.05331217742533147,22.94130031067143,72.99513365775616
2190,2,21,pitch_jump,1.0,0.06646182909947204,24.168276956303856,72.99513365775616
2191,2,5,pitch_jump,1.0,0.02831172888129896,23.441909397698954,73.0284647690154
2191,2,6,pitch_jump,1.0,0.03573950936882356,20.0446383262756,73.0284647690154
2191,2,7,pitch_jump,1.0,0.029804471531369007,19.340910158625245,73.0284647690154
2191,2,11,pitch_jump,1.0,0.10026936977201197,16.034014686050305,73.0284647690154
2191,2,14,pitch_jump,1.0,0.04255292063323822,29.77596933290012,73.0284647690154
2191,2,15,pitch_jump,1.0,0.03329917782674302,28.46301484352501,73.0284647690154
2191,2,18,pitch_jump,1.0,0.08256495896354901,36.2225591561436,73.0284647690154
2191,2,19,pitch_jump,1.0,0.057379779367527854,34.12923473495309,73.0284647690154
2191,2,20,pitch_jump,1.0,0.047526925394369764,18.942617361393395,73.0284647690154
2191,2,21,pitch_jump,1.0,0.03262582950137472,28.196738679153253,73.0284647690154
2191,2,26,pitch_jump,1.0,0.05302174633717083,22.15342199239289,73.0284647690154
2193,2,5,pitch_jump,1.0,0.03686985554250746,13.094971186795133,73.0951269915339
2193,2,6,pitch_jump,1.0,0.06177028210707324,20.764218082375468,73.0951269915339
2193,2,19,pitch_jump,1.0,0.047850315991381565,17.854745995725544,73.0951269915339
2194,2,6,pitch_jump,1.0,0.1033832741547451,14.83705320244125,73.12845810279315
2194,2,7,pitch_jump,1.0,0.03905426873120852,20.973797071784197,73.12845810279315
2194,2,26,pitch_jump,1.0,0.05489451435329752,14.64958238787847,73.12845810279315
2195,2,5,pitch_jump,1.0,0.02076076445104268,20.302509310634864,73.1617892140524
2195,2,6,pitch_jump,1.0,0.05657925878627656,27.909846566149035,73.1617892140524
2195,2,7,pitch_jump,1.0,0.06055985225565984,36.57279813400601,73.1617892140524
2195,2,11,pitch_jump,1.0,0.03669856922508676,15.435049518412375,73.1617892140524
2195,2,14,pitch_jump,1.0,0.006556767484842995,14.74676663999889,73.1617892140524
2195,2,15,pitch_jump,1.0,0.04811746464830013,28.650079263593888,73.1617892140524
2195,2,20,pitch_jump,1.0,0.02758968068125472,18.95114859561208,73.1617892140524
2195,2,21,pitch_jump,1.0,0.01469884115570069,16.912419198180324,73.1617892140524
2195,2,26,pitch_jump,1.0,0.03176513711241472,15.161278306765885,73.1617892140524
2196,2,5,pitch_jump,1.0,0.012794067580283607,17.9910695999236,73.19512032531165
2196,2,6,pitch_jump,1.0,0.051292495925336454,13.393784810706679,73.19512032531165
2196,2,7,pitch_jump,1.0,0.012981930509461696,17.984655168906773,73.19512032531165
2196,2,20,pitch_jump,1.0,0.02730702791505247,19.303246834368686,73.19512032531165
2196,2,21,pitch_jump,1.0,0.014809050258721828,16.394039643680124,73.19512032531165
2196,2,26,pitch_jump,1.0,0.0403881817633535,13.725172404277851,73.19512032531165
2197,2,14,pitch_jump,1.0,0.043945377774544145,12.410262062331833,73.2284514365709
2197,2,20,pitch_jump,1.0,0.03637329189626502,12.902925938815336,73.2284514365709
2197,2,21,pitch_jump,1.0,0.02735939581326695,12.240832520070384,73.2284514365709
2198,2,7,pitch_jump,1.0,0.04980836029541497,22.255601069324143,73.26178254783015
2198,2,14,pitch_jump,1.0,0.03805344084490503,19.783478305937294,73.26178254783015
2198,2,15,pitch_jump,1.0,0.012705241090902757,18.854429496576348,73.26178254783015
2198,2,21,pitch_jump,1.0,0.05041302183648787,14.447729348153262,73.26178254783015
2199,2,7,pitch_jump,1.0,0.03822460315272864,25.05305146938248,73.2951136590894
2199,2,18,pitch_jump,1.0,0.14025251396296168,13.769335515321737,73.2951136590894
2199,2,19,pitch_jump,1.0,0.003118506352398232,16.860639263748798,73.2951136590894
2199,2,21,pitch_jump,1.0,0.07206666939592399,17.357638689188217,73.2951136590894
2199,2,26,pitch_jump,1.0,0.02548185554095172,12.014731743697139,73.2951136590894
2200,2,21,pitch_jump,1.0,0.04444527477407883,13.135372507644481,73.32844477034864
2201,2,6,pitch_jump,1.0,0.027881313320202585,13.348590961524424,73.3617758816079
2201,2,19,pitch_jump,1.0,0.020971033248381923,13.799076602366808,73.3617758816079
2202,2,5,pitch_jump,1.0,0.023268113603158672,12.820029290802523,73.39510699286714
2202,2,6,pitch_jump,1.0,0.06740249490480545,22.802182350053464,73.39510699286714
2202,2,7,pitch_jump,1.0,0.020119934883001418,33.18385209444937,73.39510699286714
2202,2,11,pitch_jump,1.0,0.11096966176381805,13.519113196840104,73.39510699286714
2202,2,18,pitch_jump,1.0,0.10891583881853896,13.18839985679624,73.39510699286714
2202,2,19,pitch_jump,1.0,0.033323715124560956,12.813806030641523,73.39510699286714
2202,2,20,pitch_jump,1.0,0.035901146575529584,12.724264098658612,73.39510699286714
2202,2,26,pitch_jump,1.0,0.010718027402613314,16.220376201827033,73.39510699286714
2203,2,6,pitch_jump,1.0,0.09661703780769793,22.28916573100318,73.4284381041264
2204,2,6,pitch_jump,1.0,0.04137125836131734,16.0040985197114,73.46176921538564
2204,2,7,pitch_jump,2.0,0.02690155286367859,12.847006967790279,73.46176921538564
2204,2,14,pitch_jump,1.0,0.03443787186305297,14.391863225624958,73.46176921538564
2204,2,20,pitch_jump,1.0,0.028538552907747004,15.307808095615783,73.46176921538564
2204,2,21,pitch_jump,1.0,0.030616876544563933,13.014304905589814,73.46176921538564
2205,2,5,pitch_jump,1.0,0.02479254001830008,30.001731603365137,73.49510032664489
2205,2,6,pitch_jump,1.0,0.06426572164298425,14.570591089887278,73.49510032664489
2205,2,7,pitch_jump,1.0,0.027689883396447852,75.3863774883457,73.49510032664489
2205,2,14,pitch_jump,1.0,0.04012273619390374,34.22844722968731,73.49510032664489
2205,2,15,pitch_jump,1.0,0.04743730521569231,61.52140629518031,73.49510032664489
2205,2,18,pitch_jump,1.0,0.14153442582311002,17.714437791657673,73.49510032664489
2205,2,26,pitch_jump,1.0,0.06734762566843004,31.62133376062544,73.49510032664489
2206,2,7,pitch_jump,1.0,0.04940295755807494,23.5983061310747,73.52843143790415
2207,2,7,pitch_jump,1.0,0.05185091049702015,19.08411570019171,73.56176254916339
2208,2,7,pitch_jump,1.0,0.01570887877142188,15.025283737597693,73.59509366042263
2208,2,21,pitch_jump,1.0,0.04189825043387033,13.405315787844259,73.59509366042263
2209,2,2,pitch_jump,1.0,0.04640953640940619,14.438825668913962,73.62842477168189
2209,2,5,pitch_jump,1.0,0.02676080191802143,18.597253603367268,73.62842477168189
2209,2,6,pitch_jump,1.0,0.08520895455808418,17.931746506311036,73.62842477168189
2209,2,7,pitch_jump,1.0,0.016360579146248833,21.13809562042725,73.62842477168189
2209,2,13,pitch_jump,1.0,0.026813810739837657,13.421597237512172,73.62842477168189
2209,2,14,pitch_jump,1.0,0.022104889949062515,16.027510685568522,73.62842477168189
2209,2,15,pitch_jump,1.0,0.030266151012442614,17.25636745085794,73.62842477168189
2209,2,21,pitch_jump,1.0,0.025344051159926797,16.340754404688322,73.62842477168189
2211,2,2,pitch_jump,1.0,0.029396453937200407,13.941277295161182,73.6950869942004
2211,2,7,pitch_jump,1.0,0.008141521964695269,15.06417535912215,73.6950869942004
2211,2,13,pitch_jump,1.0,0.05778324584556766,13.498789000397108,73.6950869942004
2211,2,14,pitch_jump,1.0,0.017110109975989368,16.628570404702973,73.6950869942004
2211,2,15,pitch_jump,1.0,0.0395482941147877,14.457751559846507,73.6950869942004
2211,2,18,pitch_jump,1.0,0.11665119808060409,12.812269843181097,73.6950869942004
2211,2,20,pitch_jump,1.0,0.05947547664567826,13.163192601733853,73.6950869942004
2212,2,7,pitch_jump,1.0,0.011946397622013225,25.79549847106045,73.72841810545964
2212,2,14,pitch_jump,1.0,0.07130438681573627,17.20517641028432,73.72841810545964
2212,2,15,pitch_jump,1.0,0.033507397889551246,12.355130737631455,73.72841810545964
2213,2,20,pitch_jump,1.0,0.07412573054246965,18.642132190126926,73.76174921671888
2214,2,20,pitch_jump,1.0,0.08111391642596257,18.036192902763062,73.79508032797814
2215,2,7,pitch_jump,1.0,0.05107792892167227,41.279643962926336,73.82841143923739
2215,2,15,pitch_jump,1.0,0.03299195649499511,23.4384918736554,73.82841143923739
2215,2,18,pitch_jump,1.0,0.12859439381842316,12.07183787382329,73.82841143923739
2215,2,21,pitch_jump,1.0,0.06010440171504792,12.770161682868965,73.82841143923739
2216,2,5,pitch_jump,1.0,0.01535334780168103,13.11025387905157,73.86174255049664
2216,2,7,pitch_jump,1.0,0.05437575047556389,27.767015799560696,73.86174255049664
2216,2,14,pitch_jump,1.0,0.01575617746506831,12.043982257885085,73.86174255049664
2216,2,15,pitch_jump,1.0,0.03621154789110743,18.43112998331847,73.86174255049664
2216,2,21,pitch_jump,1.0,0.023450698975167574,12.011149241588132,73.86174255049664
2217,2,18,pitch_jump,1.0,0.09210798292050938,12.317908341694979,73.89507366175589
2220,2,2,pitch_jump,1.0,0.006761673734777123,13.25050882936047,73.99506699553363
2220,2,5,pitch_jump,1.0,0.005710593239942367,13.126606211481661,73.99506699553363
2220,2,7,pitch_jump,1.0,0.021778036889231717,30.68288952260121,73.99506699553363
2220,2,12,pitch_jump,1.0,0.03273276976917244,14.501394438647651,73.99506699553363
2220,2,14,pitch_jump,1.0,0.010017914072618117,13.45083113132941,73.99506699553363
2220,2,15,pitch_jump,1.0,0.03204487351370358,15.36971799488417,73.99506699553363
2220,2,20,pitch_jump,1.0,0.0742006657217806,21.26125943098651,73.99506699553363
2220,2,21,pitch_jump,1.0,0.05214134641692004,17.517224450237386,73.99506699553363
2221,2,6,pitch_jump,1.0,0.08109199500997373,16.661994382055994,74.02839810679288
2221,2,7,pitch_jump,1.0,0.014448380646596044,23.550950749131246,74.02839810679288
2221,2,20,pitch_jump,1.0,0.10407020236375797,18.17565146542518,74.02839810679288
2222,2,20,pitch_jump,1.0,0.09233684494154354,18.091844026472298,74.06172921805214
2223,2,18,pitch_jump,1.0,0.07327774543272311,15.538370522073672,74.09506032931138
2224,2,2,pitch_jump,1.0,0.025060867386965335,13.499014845176445,74.12839144057064
2224,2,7,pitch_jump,1.0,0.016637606760176928,19.402102316094428,74.12839144057064
2224,2,15,pitch_jump,1.0,0.03846330638288652,14.467659527244123,74.12839144057064
2224,2,20,pitch_jump,1.0,0.04665166254579158,12.330071680204673,74.12839144057064
2225,2,2,pitch_jump,1.0,0.022057373355974522,12.52144183333953,74.16172255182988
2225,2,7,pitch_jump,1.0,0.026633692995790232,17.701586156746576,74.16172255182988
2225,2,14,pitch_jump,1.0,0.056011490556347195,18.165882208067003,74.16172255182988
2226,2,7,pitch_jump,1.0,0.04595781201763351,47.48221502416725,74.19505366308913
2226,2,14,pitch_jump,1.0,0.025107962116581655,15.535729323983148,74.19505366308913
2226,2,15,pitch_jump,1.0,0.07614224941357929,37.3212548332034,74.19505366308913
2227,2,18,pitch_jump,1.0,0.07484512589030463,14.597282957282875,74.22838477434838
2229,2,6,pitch_jump,1.0,0.059159945177443135,13.317099752359296,74.29504699686687
2230,2,5,pitch_jump,1.0,0.02800845370366033,12.224082058814185,74.32837810812613
2230,2,6,pitch_jump,1.0,0.05611722715268309,19.473259252713948,74.32837810812613
2230,2,21,pitch_jump,1.0,0.053171828063155784,15.882560888823091,74.32837810812613
2231,2,21,pitch_jump,1.0,0.047794048967371924,12.84826057038778,74.36170921938538
2232,2,2,pitch_jump,1.0,0.060383446010303675,13.293866970670035,74.39504033064463
2232,2,5,pitch_jump,1.0,0.03876043508747336,36.22518371126024,74.39504033064463
2232,2,6,pitch_jump,1.0,0.021042164599819942,16.656868922404094,74.39504033064463
2232,2,7,pitch_jump,1.0,0.003911386086156262,26.87574227658759,74.39504033064463
2232,2,14,pitch_jump,1.0,0.07285792216463219,14.205913432372105,74.39504033064463
2232,2,15,pitch_jump,1.0,0.033472655325673686,22.024425776774642,74.39504033064463
2232,2,18,pitch_jump,1.0,0.03103997457547358,26.187094547328755,74.39504033064463
2232,2,20,pitch_jump,1.0,0.017009454718983862,13.524762960631362,74.39504033064463
2232,2,21,pitch_jump,1.0,0.06475608837143282,15.16333418206048,74.39504033064463
2232,2,24,pitch_jump,1.0,0.04239426656588524,18.02649399866851,74.39504033064463
2233,2,5,pitch_jump,1.0,0.032804210994703965,39.18958325266591,74.42837144190388
2233,2,6,pitch_jump,1.0,0.04427980116891441,21.004107725592696,74.42837144190388
2233,2,7,pitch_jump,1.0,0.010131589172369641,17.595939614984236,74.42837144190388
2233,2,14,pitch_jump,1.0,0.10401350651179271,14.958970419596682,74.42837144190388
2233,2,15,pitch_jump,1.0,0.05728076810725925,31.799442239418262,74.42837144190388
2233,2,18,pitch_jump,1.0,0.03096748385270921,18.6935684174172,74.42837144190388
2233,2,20,pitch_jump,1.0,0.014748015210834504,14.610391610592572,74.42837144190388
2233,2,21,pitch_jump,1.0,0.06400956927102264,20.820478409248356,74.42837144190388
2234,2,5,pitch_jump,1.0,0.02531229259607505,33.42180740067883,74.46170255316312
2234,2,6,pitch_jump,1.0,0.027575725565005003,16.76061116844049,74.46170255316312
2234,2,18,pitch_jump,1.0,0.02322910203039603,16.933514076540305,74.46170255316312
2234,2,20,pitch_jump,1.0,0.005376863849672284,18.685156825406697,74.46170255316312
2234,2,21,pitch_jump,1.0,0.03312158401155553,21.13785968832634,74.46170255316312
2235,2,14,pitch_jump,1.0,0.12784372095764396,16.86672232084309,74.49503366442238
2235,2,15,pitch_jump,1.0,0.08520119726618985,16.313851746400736,74.49503366442238
2235,2,26,pitch_jump,2.0,0.08854647166263986,20.73724952440664,74.49503366442238
2236,2,7,pitch_jump,1.0,0.048523181967446566,25.005036711300033,74.52836477568162
2236,2,14,pitch_jump,1.0,0.15257841101969175,15.891672720825063,74.52836477568162
2236,2,15,pitch_jump,1.0,0.07666829172012332,19.78428231673272,74.52836477568162
2238,2,10,pitch_jump,1.0,0.19375840050331994,12.637646927665886,74.59502699820013
2239,2,6,pitch_jump,1.0,0.05731381225525027,12.535540253882658,74.62835810945937
2239,2,7,pitch_jump,1.0,0.047472300335969934,12.033931616187779,74.62835810945937
2240,2,2,pitch_jump,1.0,0.0461512034026356,13.688788482027306,74.66168922071863
2240,2,5,pitch_jump,1.0,0.049892525656731024,15.98322437666587,74.66168922071863
2240,2,6,pitch_jump,1.0,0.02872180129172697,18.868441238557793,74.66168922071863
2240,2,14,pitch_jump,1.0,0.06473886169639259,14.838882962168157,74.66168922071863
2240,2,18,pitch_jump,1.0,0.09761973318134604,16.22045901955748,74.66168922071863
2240,2,20,pitch_jump,1.0,0.021375965999787458,17.188181717680873,74.66168922071863
2240,2,21,pitch_jump,1.0,0.059317177909169606,19.984311545966335,74.66168922071863
2241,2,2,pitch_jump,1.0,0.09441362176150078,12.36828259551995,74.69502033197787
2241,2,7,pitch_jump,1.0,0.047867108400123835,17.402087556706,74.69502033197787
2241,2,10,pitch_jump,1.0,0.17661714279955024,23.111792702675153,74.69502033197787
2241,2,11,pitch_jump,1.0,0.1348802751897987,19.946181503788043,74.69502033197787
2241,2,18,pitch_jump,1.0,0.14165586422431128,18.901448164879532,74.69502033197787
2241,2,20,pitch_jump,1.0,0.05880979424340039,17.428399290678755,74.69502033197787
2241,2,24,pitch_jump,1.0,0.16922288743701716,19.47537757927978,74.69502033197787
2242,2,2,pitch_jump,1.0,0.08979345792859683,23.748025833698048,74.72835144323712
2242,2,5,pitch_jump,1.0,0.047073877260733,12.04676618188341,74.72835144323712
2242,2,6,pitch_jump,1.0,0.0433657719060828,16.605243907944946,74.72835144323712
2242,2,10,pitch_jump,1.0,0.19540094179835268,19.07612152523148,74.72835144323712
2242,2,11,pitch_jump,1.0,0.12608691988809081,20.578297933282833,74.72835144323712
2242,2,14,pitch_jump,1.0,0.16902603346665732,31.256807201844317,74.72835144323712
2242,2,15,pitch_jump,1.0,0.10104870511884562,13.878763371027599,74.72835144323712
2242,2,18,pitch_jump,1.0,0.142980777004712,17.079643224830274,74.72835144323712
2242,2,20,pitch_jump,1.0,0.02325603864966781,15.358079125249278,74.72835144323712
2242,2,24,pitch_jump,1.0,0.1465538940588162,15.036735664722338,74.72835144323712
2243,2,7,pitch_jump,1.0,0.04227286597853381,12.053644331643882,74.76168255449637
2243,2,18,pitch_jump,1.0,0.08794199394084634,15.07622729615901,74.76168255449637
2244,2,6,pitch_jump,1.0,0.1175199207493274,20.073116718705872,74.79501366575562
2244,2,10,pitch_jump,1.0,0.23374612545399204,15.452747541288753,74.79501366575562
2244,2,15,pitch_jump,1.0,0.09566209591926718,15.500566936872271,74.79501366575562
2244,2,18,pitch_jump,1.0,0.1586012093175669,17.78760359734109,74.79501366575562
2245,2,2,pitch_jump,1.0,0.11610544593287209,17.734589263300354,74.82834477701486
2245,2,6,pitch_jump,1.0,0.13771962401382937,17.09081401630757,74.82834477701486
2245,2,15,pitch_jump,1.0,0.1041923555785572,18.05289044615351,74.82834477701486
2245,2,18,pitch_jump,1.0,0.2374957757077186,13.285344451835023,74.82834477701486
2246,2,15,pitch_jump,1.0,0.07019570513444401,13.175309166572546,74.86167588827412
2247,2,10,pitch_jump,2.0,0.22791740746007,18.48607399705523,74.89500699953336
2247,2,20,pitch_jump,1.0,0.10198959191716077,19.20152850992364,74.89500699953336
2248,2,7,pitch_jump,1.0,0.05015296461836256,18.584225224045817,74.92833811079262
2248,2,10,pitch_jump,1.0,0.17903262388548283,16.944828155322785,74.92833811079262
2248,2,20,pitch_jump,1.0,0.10022854095525152,19.490679570087547,74.92833811079262
2249,2,7,pitch_jump,1.0,0.04972738696380855,19.81167881707751,74.96166922205187
2249,2,14,pitch_jump,1.0,0.07232338934147041,13.207831699982867,74.96166922205187
2249,2,21,pitch_jump,1.0,0.06608294822026431,14.460481718133783,74.96166922205187
2250,2,2,pitch_jump,1.0,0.15260000665691945,12.012932827880459,74.99500033331111
2250,2,5,pitch_jump,1.0,0.11790301655097075,12.13087420282913,74.99500033331111
2250,2,6,pitch_jump,1.0,0.10878264369935037,25.4124544388745,74.99500033331111
2250,2,7,pitch_jump,1.0,0.06709130511096777,27.438680038329444,74.99500033331111
2250,2,10,pitch_jump,1.0,0.2367436153302762,35.86529113847124,74.99500033331111
2250,2,14,pitch_jump,1.0,0.14398755002054545,26.138998910751624,74.99500033331111
2250,2,15,pitch_jump,1.0,0.11838240364963211,21.58162450999794,74.99500033331111
2250,2,18,pitch_jump,1.0,0.17277609833120622,23.76014001318184,74.99500033331111
2250,2,21,pitch_jump,1.0,0.1328924237763359,18.457372038429273,74.99500033331111
2250,2,24,pitch_jump,1.0,0.21121654331791187,15.639735698774594,74.99500033331111
2251,2,5,pitch_jump,1.0,0.11915788859690246,12.047908495699538,75.02833144457037
2251,2,6,pitch_jump,1.0,0.09958698379016287,15.124785309274573,75.02833144457037
2251,2,7,pitch_jump,1.0,0.05942931634701478,25.374433544938295,75.02833144457037
2251,2,10,pitch_jump,1.0,0.3004648109535267,12.097983716812482,75.02833144457037
2251,2,11,pitch_jump,1.0,0.14059803443324367,12.284942015793593,75.02833144457037
2251,2,20,pitch_jump,1.0,0.0852882666844363,14.475240862491377,75.02833144457037
2251,2,26,pitch_jump,1.0,0.13365100455035683,12.675700417519137,75.02833144457037
2252,2,10,pitch_jump,1.0,0.23875542959765916,15.14665875476417,75.06166255582961
2252,2,14,pitch_jump,1.0,0.06290579691495514,12.20412223252298,75.06166255582961
2252,2,15,pitch_jump,1.0,0.05444774504575581,13.49088988087546,75.06166255582961
2252,2,18,pitch_jump,1.0,0.11275140032414852,15.55430864508389,75.06166255582961
2253,2,2,pitch_jump,1.0,0.13926608504840335,12.269032624066377,75.09499366708886
2253,2,5,pitch_jump,1.0,0.10297486195128308,15.353437945726483,75.09499366708886
2253,2,6,pitch_jump,1.0,0.10426016248194404,17.11641763775936,75.09499366708886
2253,2,7,pitch_jump,1.0,0.05764368626018481,19.174598556228556,75.09499366708886
2253,2,10,pitch_jump,1.0,0.29285620860947975,15.35613578813456,75.09499366708886
2253,2,13,pitch_jump,1.0,0.256163651211737,14.383973019278676,75.09499366708886
2253,2,18,pitch_jump,1.0,0.22795905970573463,14.008760482246535,75.09499366708886
2254,2,2,pitch_jump,1.0,0.13440459820369474,29.113885638261355,75.12832477834812
2254,2,7,pitch_jump,1.0,0.05422117287664285,23.367040761804287,75.12832477834812
2254,2,10,pitch_jump,1.0,0.3571526941859782,45.870356311959014,75.12832477834812
2254,2,14,pitch_jump,1.0,0.1246270154487308,18.232444753418317,75.12832477834812
2254,2,15,pitch_jump,1.0,0.10099916891133445,27.34586707668137,75.12832477834812
2254,2,18,pitch_jump,1.0,0.1844142623615012,24.728338739855662,75.12832477834812
2254,2,20,pitch_jump,1.0,0.0690295620470043,12.619472651710415,75.12832477834812
2255,2,10,pitch_jump,1.0,0.17133268033685806,15.147204893399966,75.16165588960736
2256,2,14,pitch_jump,1.0,0.10329244012138455,15.236554876856445,75.19498700086662
2256,2,15,pitch_jump,1.0,0.09438475695161028,13.01634073562128,75.19498700086662
2256,2,20,pitch_jump,1.0,0.07707480203192073,21.78943665485142,75.19498700086662
2257,2,7,pitch_jump,1.0,0.0278342964595671,15.873947690102094,75.22831811212586
2257,2,14,pitch_jump,1.0,0.10681370267501948,16.78921668667261,75.22831811212586
2257,2,20,pitch_jump,1.0,0.08805365526919556,19.553833525161814,75.22831811212586
2258,2,7,pitch_jump,1.0,0.016296413656997737,16.347914002264435,75.2616492233851
2258,2,10,pitch_jump,1.0,0.15802893774724566,14.55875077673844,75.2616492233851
2258,2,14,pitch_jump,1.0,0.05350648846197052,13.599882351574598,75.2616492233851
2258,2,20,pitch_jump,1.0,0.12215685681040087,30.048329373307205,75.2616492233851
2259,2,10,pitch_jump,1.0,0.2595410501258966,29.92604783041797,75.29498033464436
2259,2,14,pitch_jump,1.0,0.09008891970938988,17.923570804716224,75.29498033464436
2259,2,18,pitch_jump,1.0,0.20441345580631815,13.567740995259316,75.29498033464436
2260,2,2,pitch_jump,1.0,0.11244024747266922,13.766607467444155,75.32831144590361
2260,2,5,pitch_jump,1.0,0.09712468300725895,14.943797110451236,75.32831144590361
2260,2,7,pitch_jump,1.0,0.030454516453303267,19.773464676055674,75.32831144590361
2260,2,10,pitch_jump,1.0,0.34666610399007797,19.367575098658808,75.32831144590361
2260,2,18,pitch_jump,1.0,0.2514206711721719,14.175256990849068,75.32831144590361
2260,2,20,pitch_jump,1.0,0.20149968625291395,48.646842923464206,75.32831144590361
2260,2,21,pitch_jump,1.0,0.12060962347206641,14.644967765400239,75.32831144590361
2261,2,10,pitch_jump,1.0,0.3051834015765869,32.42227750552146,75.36164255716285
2261,2,20,pitch_jump,1.0,0.07601617983269646,15.843823355028567,75.36164255716285
2262,2,2,pitch_jump,1.0,0.1149486683977135,26.28123954962143,75.39497366842211
2262,2,10,pitch_jump,1.0,0.2608403848062144,13.778775358884811,75.39497366842211
2262,2,18,pitch_jump,1.0,0.1969924028443332,15.8712770838981,75.39497366842211
2262,2,20,pitch_jump,1.0,0.12256169403503797,14.39772865555169,75.39497366842211
2263,2,2,pitch_jump,1.0,0.11641366917467133,12.771226578791373,75.42830477968135
2263,2,7,pitch_jump,1.0,0.038538152411357184,25.17642332795872,75.42830477968135
2264,2,2,pitch_jump,1.0,0.05279169873092429,13.215198253221665,75.46163589094061
2264,2,10,pitch_jump,1.0,0.2082983146271441,22.599308780569938,75.46163589094061
2264,2,15,pitch_jump,1.0,0.05867543488030195,15.001990697037664,75.46163589094061
2265,2,5,pitch_jump,1.0,0.10063056651557434,13.725652521052977,75.49496700219986
2265,2,7,pitch_jump,1.0,0.03701603461794573,23.858738241680857,75.49496700219986
2265,2,10,pitch_jump,1.0,0.16918979614340351,27.827417155811165,75.49496700219986
2265,2,14,pitch_jump,1.0,0.08402800177744102,15.832934542113394,75.49496700219986
2265,2,15,pitch_jump,1.0,0.08357548566171252,14.062190301355963,75.49496700219986
2265,2,25,pitch_jump,1.0,0.1569911427139116,18.08638303865609,75.49496700219986
2266,2,2,pitch_jump,1.0,0.10557096335578732,12.90241329641146,75.5282981134591
2266,2,5,pitch_jump,1.0,0.07404687879602084,14.14121520642401,75.5282981134591
2266,2,6,pitch_jump,1.0,0.07936023880966589,13.804433627730168,75.5282981134591
2266,2,7,pitch_jump,1.0,0.01224607026481054,36.35161963536926,75.5282981134591
2266,2,10,pitch_jump,1.0,0.1880612144804901,25.398419626730735,75.5282981134591
2266,2,14,pitch_jump,1.0,0.09350606492752939,34.56071321460822,75.5282981134591
2266,2,15,pitch_jump,1.0,0.09401781288079439,25.14256607873146,75.5282981134591
2266,2,18,pitch_jump,1.0,0.1974717175533045,23.684601132043706,75.5282981134591
2266,2,20,pitch_jump,1.0,0.10160294729559034,13.95935523793058,75.5282981134591
2266,2,21,pitch_jump,1.0,0.11230845729895865,16.705018238547623,75.5282981134591
2266,2,26,pitch_jump,1.0,0.12068132855344063,14.977513621995767,75.5282981134591
2267,2,7,pitch_jump,1.0,0.01020955176561102,24.119465900482417,75.56162922471836
2267,2,20,pitch_jump,1.0,0.13809402058781503,30.87274709345792,75.56162922471836
2268,2,20,pitch_jump,1.0,0.1815046735021788,22.743933253599582,75.5949603359776
2269,2,7,pitch_jump,1.0,0.008339791312578296,12.11466244984388,75.62829144723685
2269,2,14,pitch_jump,1.0,0.08156186754333898,13.805737595376822,75.62829144723685
2269,2,15,pitch_jump,1.0,0.10251867694992965,13.946822815403511,75.62829144723685
2269,2,20,pitch_jump,1.0,0.09329700435444607,18.502832565783297,75.62829144723685
2269,2,25,pitch_jump,1.0,0.12325497287193353,12.85746650076412,75.62829144723685
2270,2,10,pitch_jump,3.0,0.25944085355028257,19.582035406245424,75.6616225584961
2272,2,2,pitch_jump,1.0,0.0917722282606558,26.061082914155477,75.72828478101461
2272,2,5,pitch_jump,1.0,0.06110590884433876,17.047440635947524,75.72828478101461
2272,2,6,pitch_jump,1.0,0.06739670399677843,19.211873495025607,75.72828478101461
2272,2,7,pitch_jump,1.0,0.04025654541234719,23.073565783324543,75.72828478101461
2272,2,10,pitch_jump,1.0,0.23081665823703226,20.212389012052782,75.72828478101461
2272,2,15,pitch_jump,1.0,0.07162897688636441,23.102475213352992,75.72828478101461
2272,2,18,pitch_jump,1.0,0.182717277153122,24.23101811414314,75.72828478101461
2272,2,20,pitch_jump,1.0,0.04545026239682853,17.614195784871267,75.72828478101461
2272,2,26,pitch_jump,1.0,0.09252488523684614,17.010793427954955,75.72828478101461
2273,2,20,pitch_jump,1.0,0.04076099098467695,14.007751784006269,75.76161589227385
2274,2,2,pitch_jump,1.0,0.07266148039449426,17.25227280276442,75.7949470035331
2274,2,7,pitch_jump,1.0,0.016066473711955635,28.229619157452852,75.7949470035331
2274,2,10,pitch_jump,1.0,0.22038700851961546,22.296316499721907,75.7949470035331
2274,2,14,pitch_jump,1.0,0.05318940476261855,20.06651123366489,75.7949470035331
2274,2,15,pitch_jump,1.0,0.06133583178662907,21.20495235142879,75.7949470035331
2274,2,18,pitch_jump,1.0,0.1502413083477136,16.050398299487526,75.7949470035331
2274,2,26,pitch_jump,1.0,0.05527847629939076,12.284306811578425,75.7949470035331
2275,2,7,pitch_jump,1.0,0.0434068378770522,15.570618966833623,75.82827811479235
2275,2,10,pitch_jump,1.0,0.16503927560272474,30.596038209653805,75.82827811479235
2275,2,15,pitch_jump,1.0,0.06626978589376697,13.33176161114846,75.82827811479235
2276,2,10,pitch_jump,1.0,0.12300648734629814,14.616501326439112,75.8616092260516
2277,2,7,pitch_jump,1.0,0.011081463188075728,19.697303207039997,75.89494033731084
2277,2,10,pitch_jump,1.0,0.222697222215174,15.416287892582655,75.89494033731084
2277,2,14,pitch_jump,1.0,0.044276811756100105,23.676697428925873,75.89494033731084
2277,2,15,pitch_jump,1.0,0.05531219800900082,13.223859080067948,75.89494033731084
2277,2,18,pitch_jump,1.0,0.17949667676000422,12.776213082022965,75.89494033731084
2278,2,2,pitch_jump,1.0,0.07791068120724083,14.331997868888442,75.9282714485701
2278,2,5,pitch_jump,1.0,0.057891238907290615,12.65941888760669,75.9282714485701
2278,2,6,pitch_jump,1.0,0.07154818359153348,15.536791774710155,75.9282714485701
2278,2,7,pitch_jump,1.0,0.027900539026278322,69.49990653707277,75.9282714485701
2278,2,10,pitch_jump,1.0,0.25858322241001613,54.84563238406193,75.9282714485701
2278,2,14,pitch_jump,1.0,0.03405659242677799,15.714533235725519,75.9282714485701
2278,2,15,pitch_jump,1.0,0.06364857619518194,34.76008539171657,75.9282714485701
2278,2,18,pitch_jump,1.0,0.12675983524025286,14.360133252349483,75.9282714485701
2278,2,20,pitch_jump,1.0,0.05136232079823139,14.707526129759634,75.9282714485701
2278,2,21,pitch_jump,1.0,0.0721213892109618,19.47861743734793,75.9282714485701
2278,2,24,pitch_jump,1.0,0.09804022446301135,17.94685411996138,75.9282714485701
2278,2,25,pitch_jump,1.0,0.11847625866226115,25.119245873386557,75.9282714485701
2278,2,26,pitch_jump,1.0,0.07987404692822493,16.575109384257964,75.9282714485701
2279,2,7,pitch_jump,1.0,0.01246174937748959,14.439172230763832,75.96160255982934
2280,2,10,pitch_jump,1.0,0.19291344547639555,21.555622586562887,75.9949336710886
2280,2,21,pitch_jump,1.0,0.055261864732783134,12.009708692262093,75.9949336710886
2281,2,2,pitch_jump,1.0,0.06077207447176865,14.512419360580296,76.02826478234785
2281,2,5,pitch_jump,1.0,0.0411532856588702,14.16310427827096,76.02826478234785
2281,2,7,pitch_jump,1.0,0.02166775744888096,18.872643372673107,76.02826478234785
2281,2,18,pitch_jump,1.0,0.1282254990598732,16.225305743926864,76.02826478234785
2281,2,20,pitch_jump,1.0,0.03814512857938247,17.120453829365044,76.02826478234785
2281,2,26,pitch_jump,1.0,0.06610065973414901,16.152088252666104,76.02826478234785
2282,2,7,pitch_jump,1.0,0.01043216157095662,18.663932428722646,76.06159589360709
2282,2,20,pitch_jump,1.0,0.037338780800602635,15.808178183015773,76.06159589360709
2283,2,2,pitch_jump,1.0,0.08706915128168617,18.522746311979162,76.09492700486635
2283,2,7,pitch_jump,1.0,0.025871398787443323,13.569191610150261,76.09492700486635
2283,2,10,pitch_jump,1.0,0.19554015500872465,14.911588039123487,76.09492700486635
2284,2,7,pitch_jump,1.0,0.05246265144660775,14.222981623661127,76.1282581161256
2285,2,2,pitch_jump,1.0,0.04156096525226632,14.780481152999412,76.16158922738484
2285,2,10,pitch_jump,1.0,0.13778117008540877,24.592763611905642,76.16158922738484
2285,2,14,pitch_jump,1.0,0.019737574269572986,15.523026588289392,76.16158922738484
2285,2,15,pitch_jump,1.0,0.03835636190035107,13.663929743891376,76.16158922738484
2285,2,18,pitch_jump,1.0,0.08120810719349347,18.871561805829202,76.16158922738484
2285,2,24,pitch_jump,1.0,0.03823137316343052,13.28641919000363,76.16158922738484
2285,2,25,pitch_jump,1.0,0.04245586028940287,13.531309086542421,76.16158922738484
2286,2,6,pitch_jump,1.0,0.04238229214509671,17.81803065810061,76.1949203386441
2286,2,15,pitch_jump,1.0,0.06015431480673758,17.556732967268438,76.1949203386441
2287,2,7,pitch_jump,1.0,0.051593624579664536,40.33294620364439,76.22825144990334
2287,2,10,pitch_jump,1.0,0.1871057638536838,13.379528673380232,76.22825144990334
2287,2,15,pitch_jump,1.0,0.03491366884687515,22.33339909490236,76.22825144990334
2288,2,7,pitch_jump,1.0,0.029439727346264506,21.63021953490754,76.2615825611626
2288,2,10,pitch_jump,1.0,0.10584975079624712,14.684480347589034,76.2615825611626
2288,2,15,pitch_jump,1.0,0.022737678804511736,17.421807240327475,76.2615825611626
2288,2,25,pitch_jump,1.0,0.03454018939644577,12.208789846086042,76.2615825611626
2288,2,26,pitch_jump,1.0,0.015896613314727383,14.231273915373134,76.2615825611626
2289,2,7,pitch_jump,1.0,0.022582820220972594,16.406007455165,76.29491367242184
2290,2,2,pitch_jump,1.0,0.06697270403279873,14.413479731501877,76.32824478368109
2290,2,14,pitch_jump,1.0,0.021985659534961215,15.286911477391913,76.32824478368109
2291,2,7,pitch_jump,1.0,0.02383249991342451,19.868672625333108,76.36157589494034
2291,2,10,pitch_jump,1.0,0.1264574858121318,12.53250370526052,76.36157589494034
2292,2,2,pitch_jump,1.0,0.06158108890165835,16.097738272397144,76.39490700619959
2292,2,7,pitch_jump,1.0,0.02313167990632193,13.863047649224862,76.39490700619959
2292,2,10,pitch_jump,1.0,0.16206833235908946,18.93717489513496,76.39490700619959
2292,2,18,pitch_jump,1.0,0.13185204229487524,16.726675404379247,76.39490700619959
2292,2,20,pitch_jump,1.0,0.04811198108156327,19.87544955814734,76.39490700619959
2294,2,5,pitch_jump,1.0,0.006928839437752785,14.507181771365675,76.46156922871809
2294,2,18,pitch_jump,1.0,0.08406837376326774,15.76505829688979,76.46156922871809
2294,2,20,pitch_jump,1.0,0.010311766584159122,15.015911733647899,76.46156922871809
2295,2,2,pitch_jump,1.0,0.06690882128584567,12.060866547152227,76.49490033997733
2295,2,5,pitch_jump,1.0,0.013635865967688579,12.987705654881449,76.49490033997733
2295,2,7,pitch_jump,1.0,0.02881699761864657,20.528440372268065,76.49490033997733
2295,2,14,pitch_jump,1.0,0.04212292980475472,13.441720818800693,76.49490033997733
2295,2,20,pitch_jump,1.0,0.026703962773568003,12.901813652655383,76.49490033997733
2295,2,21,pitch_jump,1.0,0.03689914886688904,15.21408702078629,76.49490033997733
2295,2,24,pitch_jump,1.0,0.05731480248947651,12.85819991869482,76.49490033997733
2296,2,7,pitch_jump,1.0,0.042594400248713776,29.66369952652127,76.52823145123659
2296,2,18,pitch_jump,1.0,0.11689361836562975,12.352090461260895,76.52823145123659
2297,2,14,pitch_jump,1.0,0.07502208939203187,23.9634235305199,76.56156256249584
2297,2,15,pitch_jump,1.0,0.021398484280569945,12.885747737519962,76.56156256249584
2298,2,7,pitch_jump,1.0,0.034803320094705145,121.4512909335823,76.59489367375508
2298,2,14,pitch_jump,1.0,0.07560221416033792,12.024613885913,76.59489367375508
2298,2,15,pitch_jump,1.0,0.013478704004056189,28.572558652699634,76.59489367375508
2298,2,24,pitch_jump,1.0,0.05633451035371682,14.148670299233826,76.59489367375508
2298,2,25,pitch_jump,1.0,0.03780437472857146,13.436030264942463,76.59489367375508
2299,2,5,pitch_jump,1.0,0.03937285374427324,14.571572180076881,76.62822478501434
2299,2,7,pitch_jump,1.0,0.03541228712461633,126.54112544697946,76.62822478501434
2299,2,14,pitch_jump,1.0,0.09166815651709828,17.495875097121733,76.62822478501434
2299,2,15,pitch_jump,1.0,0.019591731946755696,33.093707290190295,76.62822478501434
2299,2,25,pitch_jump,1.0,0.03428552903849493,23.55670165367856,76.62822478501434
2301,2,2,pitch_jump,1.0,0.036476026963635035,18.585343575746904,76.69488700753283
2301,2,10,pitch_jump,1.0,0.122746869473793,17.684700838540966,76.69488700753283
2301,2,14,pitch_jump,1.0,0.11220285718532572,21.761236678410953,76.69488700753283
2301,2,18,pitch_jump,1.0,0.13241446336556612,13.087989502754652,76.69488700753283
2301,2,21,pitch_jump,1.0,0.017816016363537187,13.661941016454694,76.69488700753283
2301,2,25,pitch_jump,1.0,0.025317842215558887,12.375281336866548,76.69488700753283
2302,2,7,pitch_jump,1.0,0.02669912643063677,15.052944260935375,76.72821811879209
2304,2,2,pitch_jump,1.0,0.05225581251413756,23.92877906159919,76.79488034131059
2304,2,5,pitch_jump,1.0,0.023527532197942982,41.750266665376095,76.79488034131059
2304,2,6,pitch_jump,1.0,0.006197737933430544,28.15816819909215,76.79488034131059
2304,2,7,pitch_jump,1.0,0.030408815602378368,130.08200717516564,76.79488034131059
2304,2,10,pitch_jump,1.0,0.04439948823710425,26.092911215368023,76.79488034131059
2304,2,14,pitch_jump,1.0,0.03808952236986775,21.751194927470898,76.79488034131059
2304,2,15,pitch_jump,1.0,0.014861065358233318,28.552083897070116,76.79488034131059
2304,2,20,pitch_jump,1.0,0.002554588795225103,31.923278463529726,76.79488034131059
2304,2,21,pitch_jump,1.0,0.014624941388395572,40.6707213099462,76.79488034131059
2304,2,24,pitch_jump,1.0,0.04468028798911906,35.60191809471682,76.79488034131059
2304,2,25,pitch_jump,1.0,0.022360256764563834,17.541595817115894,76.79488034131059
2305,2,6,pitch_jump,1.0,0.013041496915527395,13.27658388012753,76.82821145256983
2305,2,14,pitch_jump,1.0,0.08796700503718474,12.433214622383273,76.82821145256983
2305,2,20,pitch_jump,1.0,0.017019743290132103,15.80307037593957,76.82821145256983
2307,2,1,pitch_jump,1.0,0.027287341426581322,13.950185857119392,76.89487367508833
2310,2,2,pitch_jump,1.0,0.0406319247557125,15.45753043395332,76.99486700886608
2310,2,10,pitch_jump,1.0,0.05387729378687584,15.441955367793858,76.99486700886608
2310,2,13,pitch_jump,1.0,0.09743731215086293,18.797736868437134,76.99486700886608
2310,2,14,pitch_jump,1.0,0.03196479855849516,14.9872936609826,76.99486700886608
2310,2,24,pitch_jump,1.0,0.04404335421612829,13.109705595802613,76.99486700886608
2311,2,1,pitch_jump,1.0,0.019844398079934558,20.14179941027182,77.02819812012532
2311,2,2,pitch_jump,1.0,0.031258564051744535,14.224282493600837,77.02819812012532
2311,2,10,pitch_jump,1.0,0.07353195554871722,14.135419261868574,77.02819812012532
2311,2,14,pitch_jump,1.0,0.11682310092761632,18.263273651184072,77.02819812012532
2313,2,24,pitch_jump,1.0,0.038320993444592014,12.433772275945579,77.09486034264383
2314,2,7,pitch_jump,1.0,0.04029183210199387,12.725250909884865,77.12819145390307
2316,2,1,pitch_jump,1.0,0.015386807293327238,14.24234657604873,77.19485367642157
2316,2,7,pitch_jump,1.0,0.03343844815040234,16.469889339098216,77.19485367642157
2316,2,18,pitch_jump,1.0,0.15809102969408323,13.041919864267793,77.19485367642157
2316,2,20,pitch_jump,1.0,0.0421448552825762,20.179007989441224,77.19485367642157
2317,2,14,pitch_jump,1.0,0.26815932305273144,14.334827390807158,77.22818478768082
2319,2,1,pitch_jump,1.0,0.01289480334780896,22.66817585847953,77.29484701019932
2319,2,2,pitch_jump,1.0,0.0504081435994147,13.915706277992197,77.29484701019932
2319,2,6,pitch_jump,1.0,0.00963948455276714,13.56700727434305,77.29484701019932
2319,2,14,pitch_jump,1.0,0.19795749657678655,18.218634332809657,77.29484701019932
2319,2,15,pitch_jump,1.0,0.024776140478933544,20.48750047841027,77.29484701019932
2319,2,18,pitch_jump,1.0,0.12400530881233467,17.9290537078464,77.29484701019932
2319,2,20,pitch_jump,1.0,0.021590032591293207,13.069560563445028,77.29484701019932
2319,2,22,pitch_jump,1.0,0.0375878791870679,14.549672157537568,77.29484701019932
2319,2,24,pitch_jump,1.0,0.03883969164587036,14.044284259676129,77.29484701019932
2319,2,25,pitch_jump,1.0,0.023876026226911595,15.60154298500392,77.29484701019932
2321,2,7,pitch_jump,1.0,0.02922517251824637,16.56294759508839,77.36150923271782
2322,2,1,pitch_jump,1.0,0.003951946110883218,15.766302874793892,77.39484034397707
2322,2,2,pitch_jump,1.0,0.042986339194219965,14.22094620888163,77.39484034397707
2322,2,7,pitch_jump,1.0,0.026251288494247373,20.79709543531206,77.39484034397707
2322,2,14,pitch_jump,1.0,0.1999564740215501,12.30452908573664,77.39484034397707
2322,2,15,pitch_jump,1.0,0.0040956775123639965,12.09498681728942,77.39484034397707
2322,2,18,pitch_jump,1.0,0.12240092451647001,13.331930980856418,77.39484034397707
2322,2,22,pitch_jump,1.0,0.041709376817514306,22.957448861639744,77.39484034397707
2323,2,6,pitch_jump,1.0,0.022111920860855616,14.025560857850602,77.42817145523632
2323,2,7,pitch_jump,1.0,0.03162623735195351,19.273771391263374,77.42817145523632
2323,2,18,pitch_jump,1.0,0.12918205442309058,16.591090519884112,77.42817145523632
2324,2,7,pitch_jump,1.0,0.022661471753452088,16.04361559487544,77.46150256649557
2326,2,2,pitch_jump,1.0,0.05340406206448901,14.67324831622539,77.52816478901407
2326,2,7,pitch_jump,1.0,0.0339465473002695,20.141451151050596,77.52816478901407
2327,2,18,pitch_jump,1.0,0.07913374176697412,22.035322163089948,77.56149590027331
2331,2,7,pitch_jump,1.0,0.048988764084855356,14.262807018558293,77.69482034531032
2331,2,18,pitch_jump,1.0,0.22748238255519812,31.26932436481022,77.69482034531032
2334,2,1,pitch_jump,1.0,0.017595976048512627,13.215505501079273,77.79481367908807
2334,2,18,pitch_jump,1.0,0.12373105145738422,16.350588772155948,77.79481367908807
2338,2,18,pitch_jump,1.0,0.07922372531695958,17.863278641947623,77.92813812412506
2342,2,1,pitch_jump,1.0,0.009111794379188803,13.591823598022946,78.06146256916206
2343,2,26,pitch_jump,1.0,0.07795302174668801,19.331667297951512,78.0947936804213
2344,2,18,pitch_jump,1.0,0.09695412582649396,13.76809136395445,78.12812479168056
2344,2,20,pitch_jump,1.0,0.04591554879382161,12.730714008455042,78.12812479168056
2344,2,22,pitch_jump,1.0,0.03956620660437637,13.59278494428753,78.12812479168056
2344,2,25,pitch_jump,1.0,0.07221076152806949,12.784599750395138,78.12812479168056
2347,2,25,pitch_jump,1.0,0.13839592073416315,24.00737586756983,78.22811812545831
2350,2,18,pitch_jump,1.0,0.10059361035881098,13.57182433433417,78.32811145923606
2350,2,25,pitch_jump,1.0,0.1318701971464936,13.583472039059652,78.32811145923606
2352,2,14,pitch_jump,1.0,0.03201573579517008,13.54000870836011,78.39477368175456
2352,2,18,pitch_jump,1.0,0.062238650392986164,12.710908084041835,78.39477368175456
2352,2,24,pitch_jump,1.0,0.00990800579612544,12.380406917469665,78.39477368175456
2352,2,25,pitch_jump,1.0,0.12016714436417139,27.558644869338483,78.39477368175456
2353,2,1,pitch_jump,1.0,0.02728341901539917,15.620206620229132,78.4281047930138
2353,2,2,pitch_jump,1.0,0.03542121192256445,13.317249829085833,78.4281047930138
2353,2,26,pitch_jump,1.0,0.06426675379226214,14.383194867296327,78.4281047930138
2354,2,1,pitch_jump,1.0,0.018758217370741327,18.272474752089064,78.46143590427305
2354,2,2,pitch_jump,1.0,0.100043495209077,33.23798446511595,78.46143590427305
2355,2,2,pitch_jump,1.0,0.0909550207244068,23.12740669025687,78.4947670155323
2356,2,1,pitch_jump,1.0,0.02483319861922081,13.31399037797435,78.52809812679155
2356,2,2,pitch_jump,1.0,0.041936479511819585,15.466708103955943,78.52809812679155
2356,2,18,pitch_jump,1.0,0.11686463379366166,12.901191366552144,78.52809812679155
2356,2,25,pitch_jump,1.0,0.21019515206377407,20.696517345283993,78.52809812679155
2357,2,2,pitch_jump,1.0,0.04345638952848777,20.220094123520223,78.5614292380508
2358,2,2,pitch_jump,1.0,0.0418073384973065,16.716398857105254,78.59476034931005
2361,2,20,pitch_jump,1.0,0.06078095853901186,13.848619584771226,78.6947536830878
2363,2,5,pitch_jump,1.0,0.07026233381409636,13.300474033902228,78.7614159056063
2364,2,11,pitch_jump,1.0,0.01345926553163431,12.663648756056348,78.79474701686554
2364,2,18,pitch_jump,1.0,0.07596722734889813,15.837256100190022,78.79474701686554
2364,2,20,pitch_jump,1.0,0.046248047705500325,14.087521950115514,78.79474701686554
2364,2,25,pitch_jump,1.0,0.12005883972804415,20.402207273805175,78.79474701686554
2371,2,15,pitch_jump,1.0,0.07136841061808095,19.920357111603238,79.0280647956803
2371,2,21,pitch_jump,1.0,0.04201358606301235,12.449129801215083,79.0280647956803
2374,2,15,pitch_jump,1.0,0.04888842075388659,14.737449024871138,79.12805812945804
2379,2,2,pitch_jump,1.0,0.012336960691197345,12.09709464448093,79.29471368575429
2379,2,6,pitch_jump,1.0,0.019513899702777896,14.778319328555277,79.29471368575429
2379,2,15,pitch_jump,1.0,0.017238705784676712,13.391651167873285,79.29471368575429
2389,2,26,pitch_jump,1.0,0.0921469394060188,12.485769406851889,79.62802479834679
2392,2,15,pitch_jump,1.0,0.03473107153501964,12.707070190335713,79.72801813212453
2394,2,15,pitch_jump,1.0,0.020831265195091573,12.620001735444104,79.79468035464302
2395,2,26,pitch_jump,1.0,0.13821384559733055,15.23914792867344,79.82801146590228
2396,2,7,pitch_jump,1.0,0.04762752740348026,13.127892762458314,79.86134257716152
2398,2,15,pitch_jump,1.0,0.014284193162159457,12.70417031962946,79.92800479968002
2399,2,7,pitch_jump,1.0,0.007943384354300543,16.63178038124196,79.96133591093927
2404,2,15,pitch_jump,1.0,0.031017551760733588,12.458492472115942,80.12799146723552
2406,2,14,pitch_jump,1.0,0.04649486086269923,13.204123541754477,80.19465368975402
2406,2,20,pitch_jump,1.0,0.018739610479605113,14.81401468191689,80.19465368975402
2407,2,2,pitch_jump,1.0,0.05069893510269473,13.526355572928248,80.22798480101326
2407,2,5,pitch_jump,1.0,0.04822355261293566,12.430153138706483,80.22798480101326
2407,2,14,pitch_jump,1.0,0.03676127426458956,12.762850463294198,80.22798480101326
2407,2,20,pitch_jump,1.0,0.039358179262042825,12.556931473836384,80.22798480101326
2409,2,2,pitch_jump,1.0,0.05315817664719113,13.634787643533436,80.29464702353177
2409,2,14,pitch_jump,1.0,0.03273962737517692,12.428465915634453,80.29464702353177
2409,2,21,pitch_jump,1.0,0.029223866159675985,12.434446565078689,80.29464702353177
2411,2,26,pitch_jump,1.0,0.06162009324022962,13.531687124399335,80.36130924605027
2412,1,2,pitch_jump,1.0,0.06714258910128414,13.20784428856051,80.39464035730951
2413,2,6,pitch_jump,1.0,0.004019320592262414,14.491735591760563,80.42797146856877
2413,2,21,pitch_jump,1.0,0.017562033016043366,13.226210109462071,80.42797146856877
2413,2,26,pitch_jump,1.0,0.0512692787352468,16.74300203074841,80.42797146856877
2414,2,25,pitch_jump,1.0,0.07154514191276656,17.692629586793007,80.46130257982801
2415,2,6,pitch_jump,1.0,0.020416055746931824,12.85440987872843,80.49463369108726
2415,2,18,pitch_jump,1.0,0.07002991508339744,20.638823378722275,80.49463369108726
2416,1,2,pitch_jump,1.0,0.07885122604690166,14.801967127395011,80.52796480234652
2416,2,7,pitch_jump,2.0,0.05150400356409018,12.730829220132808,80.52796480234652
2416,2,18,pitch_jump,1.0,0.16262694628443533,35.91405866516592,80.52796480234652
2417,2,7,pitch_jump,1.0,0.02980390643937111,30.09388411338413,80.56129591360576
2417,2,15,pitch_jump,1.0,0.004581360693673832,15.594107007044693,80.56129591360576
2417,2,18,pitch_jump,1.0,0.13143192964043743,25.334697076465403,80.56129591360576
2419,2,7,pitch_jump,1.0,0.028984416640688966,19.217714519921525,80.62795813612426
2419,2,26,pitch_jump,1.0,0.059504388352543416,12.576989771920154,80.62795813612426
2421,2,18,pitch_jump,1.0,0.17542254553970943,44.883354497831284,80.69462035864277
2422,2,6,pitch_jump,1.0,0.008426679041184602,18.426791039562115,80.72795146990201
2422,2,18,pitch_jump,1.0,0.15938791648624726,17.322067687380006,80.72795146990201
2422,2,25,pitch_jump,1.0,0.016403859880080928,14.336226095349222,80.72795146990201
2422,2,26,pitch_jump,1.0,0.04744888650598233,21.17118483370035,80.72795146990201
2423,2,18,pitch_jump,1.0,0.10378794801897974,18.77737281014266,80.76128258116125
2424,1,2,pitch_jump,1.0,0.052421284189342984,17.730840818485092,80.79461369242051
2424,2,7,pitch_jump,1.0,0.047125627882912774,13.184777218119946,80.79461369242051
2425,1,1,pitch_jump,1.0,0.04418090386172879,14.900185568648455,80.82794480367976
2425,2,2,pitch_jump,1.0,0.08801514119501515,14.99698096554459,80.82794480367976
2425,2,5,pitch_jump,1.0,0.06321571172526562,17.154226650750516,80.82794480367976
2425,2,7,pitch_jump,1.0,0.0814706958471852,24.88956929185104,80.82794480367976
2425,2,18,pitch_jump,1.0,0.06189353247774253,14.279440337553162,80.82794480367976
2425,2,20,pitch_jump,1.0,0.034931413354052004,13.15190374307721,80.82794480367976
2425,2,21,pitch_jump,1.0,0.03258233919458554,13.176637277411947,80.82794480367976
2425,2,25,pitch_jump,1.0,0.0348220640234647,14.290949376464312,80.82794480367976
2425,2,26,pitch_jump,1.0,0.038846541354652674,15.279635185758499,80.82794480367976
2426,2,18,pitch_jump,1.0,0.047663902917651775,21.422383084801357,80.861275914939
2427,2,5,pitch_jump,1.0,0.0648384692959317,12.494981246057884,80.89460702619826
2427,2,7,pitch_jump,1.0,0.09199651948715083,31.584302488054067,80.89460702619826
2427,2,15,pitch_jump,1.0,0.021889456668756736,26.979558958094845,80.89460702619826
2427,2,18,pitch_jump,1.0,0.09181663430392034,40.569587235228965,80.89460702619826
2428,2,18,pitch_jump,1.0,0.017126865326795075,17.292649460711917,80.9279381374575
2429,2,5,pitch_jump,1.0,0.012438682180967381,13.970782296880857,80.96126924871676
2429,2,7,pitch_jump,1.0,0.06444875720611072,23.37252148574959,80.96126924871676
2429,2,15,pitch_jump,1.0,0.019724988434297777,15.600886701814106,80.96126924871676
2429,2,18,pitch_jump,1.0,0.015068430100461916,14.947765081309202,80.96126924871676
2429,2,26,pitch_jump,1.0,0.031181426937296506,20.361747481260387,80.96126924871676
2430,2,7,pitch_jump,1.0,0.09454007380290647,31.802376504410493,80.994600359976
2430,2,15,pitch_jump,1.0,0.06529148426352836,13.739727837214993,80.994600359976
2431,2,15,pitch_jump,1.0,0.07957925397228946,14.912103949583067,81.02793147123525
2431,2,26,pitch_jump,1.0,0.011277203008732117,12.670189020173158,81.02793147123525
2432,1,1,pitch_jump,1.0,0.0412470627701981,18.06333032462105,81.0612625824945
2432,2,5,pitch_jump,1.0,0.005531027218605053,18.64381177190818,81.0612625824945
2432,2,6,pitch_jump,1.0,0.03255343994831002,23.71772180987106,81.0612625824945
2432,2,14,pitch_jump,1.0,0.03959296342997138,13.866493107445349,81.0612625824945
2432,2,15,pitch_jump,1.0,0.04187668576461301,24.985451966241612,81.0612625824945
2432,2,18,pitch_jump,1.0,0.017018367220070524,22.06109019102156,81.0612625824945
2432,2,20,pitch_jump,1.0,0.02018157538506251,24.521568440178886,81.0612625824945
2432,2,21,pitch_jump,1.0,0.03217898788874816,32.48597821107252,81.0612625824945
2432,2,25,pitch_jump,1.0,0.029716701962952074,20.43517894935034,81.0612625824945
2432,2,26,pitch_jump,1.0,0.01969360678763983,27.921121481404406,81.0612625824945
2433,1,2,pitch_jump,2.0,0.07756212793152313,19.08606907945055,81.09459369375375
2435,1,2,pitch_jump,2.0,0.0701168772860147,13.293670283776626,81.16125591627225
2435,2,5,pitch_jump,1.0,0.01308396104661904,14.068357837724722,81.16125591627225
2435,2,14,pitch_jump,1.0,0.05067137676514944,13.503882707579706,81.16125591627225
2435,2,15,pitch_jump,1.0,0.03071030933741702,28.50331495890484,81.16125591627225
2436,2,1,pitch_jump,1.0,0.07301711276893516,23.104121856756205,81.1945870275315
2437,2,1,pitch_jump,1.0,0.05582711317780236,13.668626313365055,81.22791813879076
2437,2,2,pitch_jump,1.0,0.18821767527069255,16.529772159128335,81.22791813879076
2437,2,5,pitch_jump,1.0,0.054434618431270336,16.66869810336773,81.22791813879076
2437,2,6,pitch_jump,1.0,0.07722716632094365,18.798450544627677,81.22791813879076
2437,2,7,pitch_jump,1.0,0.1628206012905922,15.930920365628962,81.22791813879076
2437,2,14,pitch_jump,1.0,0.10562888764399299,13.36084870814871,81.22791813879076
2437,2,15,pitch_jump,1.0,0.08501465732821317,24.438303963694977,81.22791813879076
2437,2,18,pitch_jump,1.0,0.06800125836518536,17.789570464711186,81.22791813879076
2437,2,20,pitch_jump,1.0,0.06298401182384591,18.49226837665373,81.22791813879076
2437,2,21,pitch_jump,1.0,0.07881578319930867,15.204176725480833,81.22791813879076
2437,2,25,pitch_jump,1.0,0.0680159026168317,19.831967806601266,81.22791813879076
2437,2,26,pitch_jump,1.0,0.042580432189460095,19.159211989398035,81.22791813879076
2439,2,1,pitch_jump,1.0,0.08811163234374159,12.894942359040776,81.29458036130924
2439,2,5,pitch_jump,1.0,0.07695268285236397,13.701667546101142,81.29458036130924
2439,2,14,pitch_jump,1.0,0.11477610540147674,14.120537539775357,81.29458036130924
2440,2,1,pitch_jump,1.0,0.09556542954340627,17.12655867986406,81.3279114725685
2440,2,7,pitch_jump,1.0,0.1611820199989131,21.161692295669148,81.3279114725685
2440,2,26,pitch_jump,1.0,0.03888509225360305,18.680100669021204,81.3279114725685
2442,2,5,pitch_jump,1.0,0.045936109858260125,12.045488431779782,81.394573695087
2442,2,14,pitch_jump,1.0,0.09512411733718545,12.807902757747057,81.394573695087
2442,2,18,pitch_jump,1.0,0.06920653489767817,13.485917964868436,81.394573695087
2442,2,25,pitch_jump,1.0,0.06807915477423238,14.204258081235533,81.394573695087
2445,2,1,pitch_jump,1.0,0.10424659096391593,26.79264569002047,81.49456702886475
2445,2,6,pitch_jump,1.0,0.0761613348219033,12.986945227328235,81.49456702886475
2445,2,15,pitch_jump,1.0,0.10179416160442258,21.287828759342382,81.49456702886475
2445,2,21,pitch_jump,1.0,0.07429346531070896,12.605950805414535,81.49456702886475
2447,2,1,pitch_jump,1.0,0.04741880638248537,19.708257661867442,81.56122925138324
2448,1,1,pitch_jump,1.0,0.1110982159455928,15.050788973920366,81.5945603626425
2448,2,1,pitch_jump,1.0,0.11205877864028554,19.817062670668257,81.5945603626425
2448,2,2,pitch_jump,1.0,0.2313073977656141,15.823431391471592,81.5945603626425
2448,2,5,pitch_jump,1.0,0.08374562497586964,14.558810759050823,81.5945603626425
2448,2,6,pitch_jump,1.0,0.08829562518185914,19.38636015696529,81.5945603626425
2448,2,14,pitch_jump,1.0,0.13071542932950023,17.49879347346351,81.5945603626425
2448,2,15,pitch_jump,1.0,0.12012104211427602,22.553027364785795,81.5945603626425
2448,2,18,pitch_jump,1.0,0.09997492498120879,17.19183651723484,81.5945603626425
2448,2,20,pitch_jump,1.0,0.0927477271709125,15.663316012023754,81.5945603626425
2448,2,21,pitch_jump,1.0,0.09140944450868914,12.083955145277484,81.5945603626425
2448,2,25,pitch_jump,1.0,0.09674783473227498,12.07081790778331,81.5945603626425
2448,2,26,pitch_jump,1.0,0.02177631026243495,24.118829228063028,81.5945603626425
2450,2,1,pitch_jump,1.0,0.06011138498256237,12.944315391694781,81.661222585161
2450,2,15,pitch_jump,1.0,0.06262135571185815,12.918632219366614,81.661222585161
2451,2,7,pitch_jump,1.0,0.16475438177555204,13.625216861939618,81.69455369642024
2452,1,1,pitch_jump,1.0,0.11229971343887306,15.06863403620282,81.72788480767949
2452,2,1,pitch_jump,1.0,0.1255757645840293,14.504590193318231,81.72788480767949
2452,2,2,pitch_jump,1.0,0.22929993656992695,17.43705123875714,81.72788480767949
2452,2,5,pitch_jump,1.0,0.06395104414637895,15.842938895152312,81.72788480767949
2452,2,13,pitch_jump,1.0,0.12643227128149545,29.78955220067219,81.72788480767949
2452,2,14,pitch_jump,1.0,0.12365062093842458,17.619978307570875,81.72788480767949
2452,2,15,pitch_jump,1.0,0.145097741104585,19.996818857163444,81.72788480767949
2452,2,18,pitch_jump,1.0,0.08850860850432538,20.818932021708765,81.72788480767949
2452,2,20,pitch_jump,1.0,0.09554894303313376,15.292333993170445,81.72788480767949
2452,2,25,pitch_jump,1.0,0.0854408757150507,14.761779157190952,81.72788480767949
2452,2,26,pitch_jump,1.0,0.0651355267452989,13.282170583943367,81.72788480767949
2453,2,1,pitch_jump,1.0,0.06391210020112664,15.487708906494685,81.76121591893875
2453,2,7,pitch_jump,1.0,0.12453887252692177,16.005635791162078,81.76121591893875
2455,1,1,pitch_jump,1.0,0.13795426436316435,17.573459362524275,81.82787814145723
2455,2,1,pitch_jump,1.0,0.13001883245198467,13.338966139424228,81.82787814145723
2455,2,2,pitch_jump,1.0,0.25878140211773504,14.677146395458012,81.82787814145723
2455,2,7,pitch_jump,1.0,0.18540863125256052,19.69597316832203,81.82787814145723
2455,2,13,pitch_jump,1.0,0.15137137965073472,23.529733060571964,81.82787814145723
2455,2,14,pitch_jump,1.0,0.15528664752392368,15.38847938569027,81.82787814145723
2455,2,18,pitch_jump,1.0,0.11623187603179151,13.638886158094904,81.82787814145723
2455,2,20,pitch_jump,1.0,0.11059852837533458,14.593077682519649,81.82787814145723
2455,2,21,pitch_jump,1.0,0.1160346766515691,14.326917298750384,81.82787814145723
2455,2,25,pitch_jump,1.0,0.11785133701629794,13.077637011220112,81.82787814145723
2456,2,1,pitch_jump,1.0,0.0693937793737726,22.296718799821367,81.86120925271649
2456,2,5,pitch_jump,1.0,0.030314445391822653,17.19604293519468,81.86120925271649
2456,2,6,pitch_jump,1.0,0.041725877793498796,15.472511408947671,81.86120925271649
2456,2,7,pitch_jump,1.0,0.1136465999567216,23.828972570238133,81.86120925271649
2456,2,13,pitch_jump,1.0,0.077929896280565,23.965872302104536,81.86120925271649
2456,2,15,pitch_jump,1.0,0.039078183198026785,25.441050515180283,81.86120925271649
2456,2,26,pitch_jump,1.0,0.024795057534090642,17.322013323176876,81.86120925271649
2457,2,1,pitch_jump,1.0,0.10998312640635242,37.31247537679669,81.89454036397574
2457,2,5,pitch_jump,1.0,0.08086725784486275,20.19616497681974,81.89454036397574
2457,2,7,pitch_jump,1.0,0.1451139027779662,32.9652698660179,81.89454036397574
2457,2,13,pitch_jump,1.0,0.15604158517274025,27.36951624134437,81.89454036397574
2457,2,15,pitch_jump,1.0,0.10747443578169219,22.375345166021987,81.89454036397574
2457,2,18,pitch_jump,1.0,0.10814598455503971,12.671546252020617,81.89454036397574
2458,2,1,pitch_jump,1.0,0.09867688367536859,21.80868622830057,81.927871475235
2458,2,6,pitch_jump,1.0,0.07814330691048404,13.418194100000735,81.927871475235
2458,2,7,pitch_jump,1.0,0.1257998261862608,23.886172152440082,81.927871475235
2458,2,8,pitch_jump,1.0,0.1921309174316754,22.13462035812122,81.927871475235
2458,2,13,pitch_jump,1.0,0.15778906775712648,13.257414976600481,81.927871475235
2458,2,15,pitch_jump,1.0,0.12183222445977543,15.483270296385102,81.927871475235
2458,2,18,pitch_jump,1.0,0.07786106068026913,12.114956023799927,81.927871475235
2458,2,26,pitch_jump,1.0,0.013700437396962886,19.86984022949983,81.927871475235
2459,2,1,pitch_jump,1.0,0.05410484657321932,14.314851466415389,81.96120258649424
2459,2,6,pitch_jump,1.0,0.05747418491184614,13.028267526636556,81.96120258649424
2459,2,7,pitch_jump,1.0,0.09048995489043168,14.109507789046871,81.96120258649424
2459,2,13,pitch_jump,1.0,0.07390287493936766,17.987875844059694,81.96120258649424
2459,2,15,pitch_jump,1.0,0.046007503126935814,16.52126339703042,81.96120258649424
2459,2,26,pitch_jump,1.0,0.01149911027085513,14.587745634503598,81.96120258649424
2460,2,1,pitch_jump,1.0,0.1049994347439284,31.875527098338523,81.99453369775348
2460,2,5,pitch_jump,1.0,0.09016786310218235,12.675157264931944,81.99453369775348
2460,2,7,pitch_jump,1.0,0.14896703294907085,33.89506868130257,81.99453369775348
2460,2,8,pitch_jump,2.0,0.07444164727635826,21.95070993883533,81.99453369775348
2460,2,13,pitch_jump,1.0,0.16287260060887793,29.79741412154832,81.99453369775348
2460,2,15,pitch_jump,1.0,0.12581933239130458,20.131556875366634,81.99453369775348
2460,2,26,pitch_jump,1.0,0.0382585059087447,20.917176497875968,81.99453369775348
2461,2,13,pitch_jump,1.0,0.16578429553598553,24.808519804288604,82.02786480901274
2462,2,13,pitch_jump,1.0,0.07101888596633854,19.81543373282774,82.06119592027198
2463,1,1,pitch_jump,1.0,0.09972934498271058,13.948625959243868,82.09452703153123
2463,2,1,pitch_jump,1.0,0.11257033689170985,33.762542210346965,82.09452703153123
2463,2,2,pitch_jump,1.0,0.15540887414064541,15.232328025541669,82.09452703153123
2463,2,5,pitch_jump,1.0,0.072771018779731,22.038293240199796,82.09452703153123
2463,2,6,pitch_jump,1.0,0.0895080014668069,19.57561729534872,82.09452703153123
2463,2,7,pitch_jump,1.0,0.14569468596375945,32.66662830724486,82.09452703153123
2463,2,8,pitch_jump,1.0,0.08144830730922312,26.179022955767906,82.09452703153123
2463,2,13,pitch_jump,1.0,0.16828542876716812,44.22722236660886,82.09452703153123
2463,2,14,pitch_jump,1.0,0.10854364398795299,23.145276985413602,82.09452703153123
2463,2,15,pitch_jump,1.0,0.12446632525341965,32.62991573191584,82.09452703153123
2463,2,18,pitch_jump,1.0,0.07081330017415836,17.05060495050072,82.09452703153123
2463,2,20,pitch_jump,1.0,0.08277922574558248,17.6832301315478,82.09452703153123
2463,2,21,pitch_jump,1.0,0.07234766201004675,12.900793252505027,82.09452703153123
2463,2,22,pitch_jump,1.0,0.12424479894180937,34.2269595556779,82.09452703153123
2463,2,25,pitch_jump,1.0,0.08342298041205615,20.026519390977857,82.09452703153123
2463,2,26,pitch_jump,1.0,0.05820248717953455,19.499267690259373,82.09452703153123
2464,2,22,pitch_jump,1.0,0.1318818650118661,13.409822254736781,82.12785814279049
2465,2,1,pitch_jump,1.0,0.053568847302460615,17.77887981395331,82.16118925404973
2465,2,2,pitch_jump,1.0,0.12199378874873991,26.310761329286073,82.16118925404973
2465,2,8,pitch_jump,1.0,0.06086584987319408,19.913730707761665,82.16118925404973
2465,2,13,pitch_jump,1.0,0.06829433310854532,13.827359578612175,82.16118925404973
2465,2,15,pitch_jump,1.0,0.048965002372800846,15.171214742701371,82.16118925404973
2465,2,26,pitch_jump,1.0,0.023847130059628623,14.283485555770989,82.16118925404973
2466,2,8,pitch_jump,1.0,0.06414740437059642,12.501524396239216,82.19452036530899
2467,2,1,pitch_jump,1.0,0.10038579278351571,13.906794277936326,82.22785147656823
2467,2,2,pitch_jump,1.0,0.26389867367447356,27.652680051423978,82.22785147656823
2467,2,5,pitch_jump,1.0,0.05507765492736759,18.979400444703757,82.22785147656823
2467,2,6,pitch_jump,1.0,0.07124478297028468,25.92320813138995,82.22785147656823
2467,2,7,pitch_jump,1.0,0.14346328137974979,20.437211707286743,82.22785147656823
2467,2,8,pitch_jump,1.0,0.011266476688474253,18.865759619893147,82.22785147656823
2467,2,13,pitch_jump,1.0,0.14075278115099182,21.10880567401659,82.22785147656823
2467,2,14,pitch_jump,1.0,0.10313750997490102,22.92498423976139,82.22785147656823
2467,2,15,pitch_jump,1.0,0.09537297470287946,17.43830866349705,82.22785147656823
2467,2,18,pitch_jump,1.0,0.07019801955544275,24.274316700639904,82.22785147656823
2467,2,20,pitch_jump,1.0,0.05940336896134165,25.352498319871337,82.22785147656823
2467,2,21,pitch_jump,1.0,0.06503074508887478,21.34669078395502,82.22785147656823
2467,2,25,pitch_jump,1.0,0.06882284708293078,22.80971915982158,82.22785147656823
2467,2,26,pitch_jump,1.0,0.010102699392646325,22.907022868170905,82.22785147656823
2468,2,2,pitch_jump,1.0,0.14973780781510704,18.24462021957089,82.26118258782748
2468,2,15,pitch_jump,1.0,0.041887728688413346,12.36685768405973,82.26118258782748
2469,2,1,pitch_jump,1.0,0.09785211994546407,13.96508996965613,82.29451369908674
2469,2,7,pitch_jump,1.0,0.13914873535225752,15.321706720934714,82.29451369908674
2469,2,8,pitch_jump,1.0,0.029830397526181152,13.840036543677295,82.29451369908674
2469,2,26,pitch_jump,1.0,0.001831192634442374,12.354449634224508,82.29451369908674
2470,1,1,pitch_jump,1.0,0.06413815861039893,12.463767534014204,82.32784481034598
2470,2,1,pitch_jump,1.0,0.09568623783558877,16.202568007177177,82.32784481034598
2470,2,2,pitch_jump,1.0,0.15056002399364388,12.09027531437691,82.32784481034598
2470,2,6,pitch_jump,1.0,0.0601852943017173,15.506340071736286,82.32784481034598
2470,2,8,pitch_jump,1.0,0.05046966112630684,13.452652937722814,82.32784481034598
2470,2,13,pitch_jump,1.0,0.16322946998681193,23.49056869821148,82.32784481034598
2470,2,14,pitch_jump,1.0,0.08720160428638435,12.168986142600223,82.32784481034598
2470,2,15,pitch_jump,1.0,0.08183040998683365,17.799646372869425,82.32784481034598
2470,2,18,pitch_jump,1.0,0.03353034987008903,16.510433219069693,82.32784481034598
2470,2,25,pitch_jump,1.0,0.03919670649806695,15.732669767669515,82.32784481034598
2470,2,26,pitch_jump,1.0,0.01359962877151115,17.11907960754209,82.32784481034598
2471,1,1,pitch_jump,1.0,0.036282044497173864,20.421251091975666,82.36117592160522
2471,2,2,pitch_jump,1.0,0.09354333350219207,21.928162367109046,82.36117592160522
2471,2,6,pitch_jump,1.0,0.0334038366517395,13.7936248273184,82.36117592160522
2471,2,7,pitch_jump,1.0,0.0934504113848075,13.233727445771622,82.36117592160522
2471,2,14,pitch_jump,1.0,0.034546422393591965,15.293070085568104,82.36117592160522
2471,2,18,pitch_jump,1.0,0.01899371200415731,17.002872535432484,82.36117592160522
2471,2,20,pitch_jump,1.0,0.026111551134013124,19.0505458713843,82.36117592160522
2471,2,21,pitch_jump,1.0,0.025536483069761997,17.92130400084708,82.36117592160522
2471,2,25,pitch_jump,1.0,0.012898378940507542,14.367799853761717,82.36117592160522
2472,1,1,pitch_jump,1.0,0.056323707711536185,13.239491311659187,82.39450703286448
2472,2,2,pitch_jump,1.0,0.14476928588426072,14.078716048321985,82.39450703286448
2472,2,4,pitch_jump,1.0,0.10795619674903251,27.024645866712063,82.39450703286448
2472,2,13,pitch_jump,1.0,0.13567224424735344,22.946718073530686,82.39450703286448
2472,2,14,pitch_jump,1.0,0.07327222732983885,18.64200800788206,82.39450703286448
2472,2,18,pitch_jump,1.0,0.024058631619827214,21.99865839700342,82.39450703286448
2472,2,20,pitch_jump,1.0,0.04202200217310843,16.061111339628784,82.39450703286448
2472,2,21,pitch_jump,1.0,0.04399924848722097,12.768290196907548,82.39450703286448
2472,2,25,pitch_jump,1.0,0.043483829690849955,13.02338054336656,82.39450703286448
2473,2,1,pitch_jump,1.0,0.07729477482962643,25.117920566179713,82.42783814412373
2473,2,2,pitch_jump,1.0,0.12031132571730319,15.981480541140641,82.42783814412373
2473,2,4,pitch_jump,1.0,0.13518941059130987,30.369679079386756,82.42783814412373
2473,2,5,pitch_jump,1.0,0.045694030769964936,14.861927901480332,82.42783814412373
2473,2,6,pitch_jump,1.0,0.066128664153871,18.576765997069877,82.42783814412373
2473,2,8,pitch_jump,1.0,0.08106646036269925,26.08048629351017,82.42783814412373
2473,2,13,pitch_jump,1.0,0.11306668892355486,23.344669772756667,82.42783814412373
2473,2,14,pitch_jump,1.0,0.07632370200417528,20.49921207836117,82.42783814412373
2473,2,15,pitch_jump,1.0,0.08706823528376693,26.605696235769475,82.42783814412373
2473,2,18,pitch_jump,1.0,0.04574084788934087,17.427563446814833,82.42783814412373
2473,2,20,pitch_jump,1.0,0.034011835627036864,14.632357395230866,82.42783814412373
2473,2,21,pitch_jump,1.0,0.04285267900389162,17.5105585136973,82.42783814412373
2473,2,25,pitch_jump,1.0,0.028721104503293734,15.867747979954935,82.42783814412373
2473,2,26,pitch_jump,1.0,0.06591174780003123,22.797172156340107,82.42783814412373
2474,2,4,pitch_jump,1.0,0.054837436167678985,12.109872048797277,82.46116925538298
2475,2,1,pitch_jump,1.0,0.07298110130349428,28.093380783553467,82.49450036664223
2475,2,4,pitch_jump,1.0,0.12797980325770153,18.40779404195401,82.49450036664223
2475,2,5,pitch_jump,1.0,0.042558550588934624,16.908018672396203,82.49450036664223
2475,2,8,pitch_jump,1.0,0.11637730028612421,15.993282614913078,82.49450036664223
2475,2,15,pitch_jump,1.0,0.06686802408765014,22.77797637064631,82.49450036664223
2475,2,26,pitch_jump,1.0,0.034963674807229124,27.806441782406715,82.49450036664223
2476,2,1,pitch_jump,1.0,0.07074966612921872,89.07924035224096,82.52783147790147
2476,2,4,pitch_jump,1.0,0.10399138231728153,75.14644299143914,82.52783147790147
2476,2,5,pitch_jump,1.0,0.04231348728428625,26.2014687237305,82.52783147790147
2476,2,7,pitch_jump,1.0,0.1780643446744255,95.5815038035179,82.52783147790147
2476,2,8,pitch_jump,1.0,0.09245918508575966,92.95065879383517,82.52783147790147
2476,2,13,pitch_jump,1.0,0.11633247019241097,54.29771755182592,82.52783147790147
2476,2,15,pitch_jump,1.0,0.05730402030894235,38.976736007733415,82.52783147790147
2476,2,26,pitch_jump,1.0,0.04182006626647335,30.25078214336425,82.52783147790147
2477,2,1,pitch_jump,1.0,0.03216703885605564,102.28719554120168,82.56116258916073
2477,2,5,pitch_jump,1.0,0.016728578934321576,31.455598192535547,82.56116258916073
2477,2,7,pitch_jump,1.0,0.06699701801883493,98.38465517072771,82.56116258916073
2477,2,8,pitch_jump,1.0,0.045174838284502916,86.43995086375143,82.56116258916073
2477,2,13,pitch_jump,1.0,0.0496813966278488,86.18900261218073,82.56116258916073
2477,2,15,pitch_jump,1.0,0.02135668336542417,56.14479190838696,82.56116258916073
2477,2,21,pitch_jump,1.0,0.017691936798826118,12.270512935703598,82.56116258916073
2477,2,22,pitch_jump,1.0,0.036925354482305224,67.20113461124164,82.56116258916073
2477,2,26,pitch_jump,1.0,0.02743983861028516,48.20734349868594,82.56116258916073
2478,2,1,pitch_jump,1.0,0.07181673396901993,114.42247486964487,82.59449370041997
2478,2,5,pitch_jump,1.0,0.027067507884570283,30.016170789080252,82.59449370041997
2478,2,7,pitch_jump,1.0,0.09372858927733907,111.13695532875437,82.59449370041997
2478,2,8,pitch_jump,1.0,0.08313132910900857,105.79524663008971,82.59449370041997
2478,2,13,pitch_jump,1.0,0.12361424702942828,94.28658147608283,82.59449370041997
2478,2,15,pitch_jump,1.0,0.06463704467708752,59.026346474163795,82.59449370041997
2478,2,26,pitch_jump,1.0,0.03260876427110199,42.94183315520459,82.59449370041997
2479,1,1,pitch_jump,1.0,0.029621050650340253,12.699167490535547,82.62782481167922
2479,2,1,pitch_jump,1.0,0.0629990595186516,73.55703242083622,82.62782481167922
2479,2,2,pitch_jump,1.0,0.08498049077350944,13.627637096575077,82.62782481167922
2479,2,5,pitch_jump,1.0,0.02573134688676948,27.5540726293172,82.62782481167922
2479,2,6,pitch_jump,1.0,0.037013444769896243,16.6661030803402,82.62782481167922
2479,2,7,pitch_jump,1.0,0.13217078203926896,69.08730523217629,82.62782481167922
2479,2,8,pitch_jump,1.0,0.06419042940007082,59.5909171794119,82.62782481167922
2479,2,13,pitch_jump,1.0,0.12236028018367048,49.89221314541827,82.62782481167922
2479,2,15,pitch_jump,1.0,0.06274589885283573,41.441159310213656,82.62782481167922
2479,2,26,pitch_jump,1.0,0.033199055064125675,40.265161169703234,82.62782481167922
2480,2,1,pitch_jump,1.0,0.028788188446130934,13.724667858341846,82.66115592293848
2480,2,4,pitch_jump,2.0,0.07667668359802571,46.44595994232746,82.66115592293848
2480,2,13,pitch_jump,1.0,0.043233932486251285,14.679831577155905,82.66115592293848
2480,2,15,pitch_jump,1.0,0.02915439375697528,13.930218472000995,82.66115592293848
2481,2,1,pitch_jump,1.0,0.06620244432051965,108.27918621833399,82.69448703419772
2481,2,4,pitch_jump,1.0,0.11733876554012317,106.54319370160543,82.69448703419772
2481,2,5,pitch_jump,1.0,0.025904924177817798,40.36120109806593,82.69448703419772
2481,2,6,pitch_jump,1.0,0.03205863388415813,13.29926487669583,82.69448703419772
2481,2,7,pitch_jump,1.0,0.1107273751100084,107.51057019061125,82.69448703419772
2481,2,8,pitch_jump,1.0,0.07764482583809218,105.30611404302424,82.69448703419772
2481,2,13,pitch_jump,1.0,0.11687175846999402,75.53812648154118,82.69448703419772
2481,2,15,pitch_jump,1.0,0.07296694776697096,54.95159688380874,82.69448703419772
2481,2,25,pitch_jump,1.0,0.011193277863296977,13.233101306114921,82.69448703419772
2481,2,26,pitch_jump,1.0,0.021973586214462038,53.98121856847837,82.69448703419772
2482,2,1,pitch_jump,1.0,0.07369211404704835,14.641842121251571,82.72781814545698
2482,2,6,pitch_jump,1.0,0.03429143905582142,15.415338315641002,82.72781814545698
2482,2,7,pitch_jump,1.0,0.10181762891900412,20.402084333891267,82.72781814545698
2482,2,8,pitch_jump,1.0,0.060562752399331884,18.301665547110144,82.72781814545698
2482,2,21,pitch_jump,1.0,0.019009417819713114,12.539516880828241,82.72781814545698
2482,2,26,pitch_jump,1.0,0.04352667927080578,24.822529868107978,82.72781814545698
2484,2,1,pitch_jump,1.0,0.09457877960912042,13.790724221348379,82.79448036797547
2484,2,7,pitch_jump,1.0,0.09461666081960136,14.720428604199954,82.79448036797547
2484,2,8,pitch_jump,1.0,0.09098212088867122,17.528034271582527,82.79448036797547
2484,2,17,pitch_jump,1.0,0.18056619536997692,17.453039124077414,82.79448036797547
2485,2,2,pitch_jump,1.0,0.12624924446610436,12.440734965572304,82.82781147923473
2485,2,4,pitch_jump,1.0,0.1383078284821089,12.465367472733895,82.82781147923473
2485,2,5,pitch_jump,1.0,0.04486342183487769,17.453905998925762,82.82781147923473
2485,2,6,pitch_jump,1.0,0.036509711703650916,12.300291315076828,82.82781147923473
2485,2,14,pitch_jump,1.0,0.06580313608689312,15.624883274612323,82.82781147923473
2485,2,15,pitch_jump,1.0,0.08528867338895797,15.267366554318684,82.82781147923473
2485,2,17,pitch_jump,1.0,0.21670368742535265,17.108744636170467,82.82781147923473
2485,2,18,pitch_jump,1.0,0.006274616273347912,14.84999288616649,82.82781147923473
2485,2,20,pitch_jump,1.0,0.028637889889934983,14.675583555198335,82.82781147923473
2485,2,21,pitch_jump,1.0,0.027308999307498066,12.944174895807853,82.82781147923473
2485,2,25,pitch_jump,1.0,0.0340634490619552,13.230743002320107,82.82781147923473
2485,2,26,pitch_jump,1.0,0.041952493651751036,19.05716108470713,82.82781147923473
2486,2,8,pitch_jump,1.0,0.10347629425272292,13.904442240164135,82.86114259049397
2486,2,13,pitch_jump,1.0,0.03234620891665766,12.575038312018862,82.86114259049397
2487,1,1,pitch_jump,1.0,0.03874347835379473,13.168707475757397,82.89447370175321
2487,2,4,pitch_jump,1.0,0.16307244278558736,17.012940743268313,82.89447370175321
2487,2,13,pitch_jump,1.0,0.10328928152961829,13.895589492367039,82.89447370175321
2487,2,15,pitch_jump,1.0,0.06957522566472304,13.194822712736698,82.89447370175321
2487,2,17,pitch_jump,1.0,0.1711112985232545,15.706331752509755,82.89447370175321
2488,2,1,pitch_jump,1.0,0.08664362416134139,16.00212395249564,82.92780481301247
2488,2,4,pitch_jump,1.0,0.1362058751792565,15.79154059267439,82.92780481301247
2488,2,7,pitch_jump,1.0,0.09178895869303791,21.521380076506155,82.92780481301247
2488,2,8,pitch_jump,1.0,0.04057862406491311,16.90371636284371,82.92780481301247
2488,2,17,pitch_jump,1.0,0.16349549067697977,22.712290573335014,82.92780481301247
2490,2,2,pitch_jump,1.0,0.12784244106296552,12.319111378236725,82.99446703553097
2490,2,6,pitch_jump,1.0,0.05016941159948106,15.202436651250531,82.99446703553097
2490,2,13,pitch_jump,1.0,0.13850351569592836,16.97385990622624,82.99446703553097
2490,2,18,pitch_jump,1.0,0.043279173390772856,17.10405690995946,82.99446703553097
2490,2,20,pitch_jump,1.0,0.03697169293296322,14.165213059187021,82.99446703553097
2490,2,25,pitch_jump,1.0,0.013899379552766033,13.464401532778725,82.99446703553097
2491,2,7,pitch_jump,1.0,0.03758418752046177,13.196041134068151,83.02779814679022
2491,2,8,pitch_jump,1.0,0.03731320356057346,13.84340859095839,83.02779814679022
2491,2,17,pitch_jump,1.0,0.17458400775705113,13.262688629361786,83.02779814679022
2492,1,1,pitch_jump,1.0,0.03668959151732326,16.199388233526374,83.06112925804946
2492,2,2,pitch_jump,1.0,0.07500278746257202,12.384601908875327,83.06112925804946
2492,2,4,pitch_jump,1.0,0.04860654767872098,13.367009981089168,83.06112925804946
2492,2,6,pitch_jump,1.0,0.03636543811894074,14.559184205964968,83.06112925804946
2492,2,13,pitch_jump,1.0,0.05101906053019469,14.22737791448168,83.06112925804946
2492,2,14,pitch_jump,1.0,0.04257220804916574,18.53537898467856,83.06112925804946
2492,2,18,pitch_jump,1.0,0.035545051634031884,18.781592878528308,83.06112925804946
2492,2,20,pitch_jump,1.0,0.03162087131254622,19.475135985071436,83.06112925804946
2492,2,21,pitch_jump,1.0,0.029238411648453925,16.399195355911388,83.06112925804946
2492,2,25,pitch_jump,1.0,0.026928552025207796,18.857808136120703,83.06112925804946
2492,2,26,pitch_jump,1.0,0.0668737567145313,13.406643420636046,83.06112925804946
2493,2,4,pitch_jump,1.0,0.12801333003982496,18.403435308942502,83.09446036930872
2493,2,13,pitch_jump,1.0,0.1474596744288952,15.06095750811981,83.09446036930872
2493,2,17,pitch_jump,1.0,0.19551399633196956,14.341429153166635,83.09446036930872
2493,2,26,pitch_jump,1.0,0.09924366709515221,18.50383773732787,83.09446036930872
2494,2,4,pitch_jump,1.0,0.11413413599552538,12.929458099177065,83.12779148056796
2495,2,7,pitch_jump,1.0,0.005931864280198539,12.17866623597995,83.16112259182721
2495,2,8,pitch_jump,1.0,0.019807086542824637,12.884624440771264,83.16112259182721
2495,2,17,pitch_jump,1.0,0.10297476373931454,12.691937949802217,83.16112259182721
2495,2,19,pitch_jump,1.0,0.11756332774524397,18.189296815342185,83.16112259182721
2496,2,26,pitch_jump,1.0,0.08933026851411888,12.512776876058384,83.19445370308647
2497,2,4,pitch_jump,1.0,0.10396363281693274,15.567584664700506,83.22778481434571
2499,2,4,pitch_jump,1.0,0.1592165835543705,12.115540239423753,83.29444703686421
2499,2,14,pitch_jump,1.0,0.07040229051255195,12.675615289917411,83.29444703686421
2500,2,8,pitch_jump,1.0,0.1531766643143953,12.303936326188738,83.32777814812346
2500,2,26,pitch_jump,1.0,0.11637440153996625,14.792199231284775,83.32777814812346
2501,2,4,pitch_jump,1.0,0.04996783688661197,17.663522766131557,83.36110925938272
2501,2,18,pitch_jump,1.0,0.02488045624765039,12.319685104439179,83.36110925938272
2501,2,26,pitch_jump,1.0,0.09565825376406148,13.591094248942536,83.36110925938272
2502,2,4,pitch_jump,1.0,0.09528598496806037,21.21226689569848,83.39444037064196
2502,2,6,pitch_jump,1.0,0.03256498992517022,12.020688366842506,83.39444037064196
2502,2,17,pitch_jump,1.0,0.17580290863605663,18.436403274700726,83.39444037064196
2502,2,26,pitch_jump,1.0,0.11663266375854228,17.713933497430173,83.39444037064196
2503,2,18,pitch_jump,1.0,0.04876829363810096,12.626471930818914,83.4277714819012
2503,2,26,pitch_jump,1.0,0.12248890588912405,12.011837586134824,83.4277714819012
2505,1,1,pitch_jump,1.0,0.029788628051869732,19.221608027192545,83.4944337044197
2505,2,5,pitch_jump,1.0,0.02675438571552154,12.195114724046736,83.4944337044197
2505,2,6,pitch_jump,1.0,0.03415992512043042,14.089351816457306,83.4944337044197
2505,2,8,pitch_jump,1.0,0.11751672401736032,13.552233967192656,83.4944337044197
2505,2,14,pitch_jump,1.0,0.0628958228850255,13.601200743702131,83.4944337044197
2505,2,18,pitch_jump,1.0,0.003132921923939098,16.00836869004004,83.4944337044197
2505,2,20,pitch_jump,1.0,0.03671801571457904,14.14051076529689,83.4944337044197
2505,2,21,pitch_jump,1.0,0.016851415376250664,13.722694577342983,83.4944337044197
2505,2,22,pitch_jump,1.0,0.050748327100055356,15.842884291756196,83.4944337044197
2505,2,25,pitch_jump,1.0,0.006469903079005313,15.034254864551063,83.4944337044197
2505,2,26,pitch_jump,1.0,0.056447147093397855,14.111094458950333,83.4944337044197
2507,2,4,pitch_jump,1.0,0.016187695834796904,14.598788648042758,83.56109592693821
2508,2,2,pitch_jump,1.0,0.06745300044981327,12.356300788974398,83.59442703819745
2508,2,9,pitch_jump,1.0,0.14513541364444396,12.873919140581924,83.59442703819745
2508,2,20,pitch_jump,1.0,0.01649647823715767,12.203589745825708,83.59442703819745
2508,2,26,pitch_jump,1.0,0.16624036672485265,16.534167182366087,83.59442703819745
2509,2,4,pitch_jump,1.0,0.08563030361965485,16.08555335349344,83.62775814945671
2509,2,9,pitch_jump,1.0,0.15031041080428154,15.61305755172219,83.62775814945671
2509,2,17,pitch_jump,1.0,0.0945607622505787,12.148061116236066,83.62775814945671
2510,2,8,pitch_jump,1.0,0.09460427730918868,13.7233125763828,83.66108926071595
2510,2,9,pitch_jump,1.0,0.04956992209541576,22.682285958052827,83.66108926071595
2511,2,26,pitch_jump,1.0,0.15034950877497183,14.74742418982265,83.6944203719752
2512,2,17,pitch_jump,1.0,0.10226108042202003,13.585239575901026,83.72775148323446
2513,2,17,pitch_jump,1.0,0.06422349238213078,12.857291945247663,83.7610825944937
2515,2,4,pitch_jump,1.0,0.03785685377656953,14.441515707526706,83.8277448170122
2516,1,1,pitch_jump,1.0,0.032216152578888727,13.727820361800799,83.86107592827145
2516,2,6,pitch_jump,1.0,0.025550385476980363,12.61143964960721,83.86107592827145
2516,2,21,pitch_jump,1.0,0.024917443989789383,12.809970134102706,83.86107592827145
2517,2,7,pitch_jump,1.0,0.12950077786555622,15.37999704767614,83.8944070395307
2517,2,8,pitch_jump,1.0,0.07361575770936864,15.102976923518188,83.8944070395307
2517,2,26,pitch_jump,1.0,0.1312363646351294,15.80375377108708,83.8944070395307
2518,2,7,pitch_jump,1.0,0.046741603136565654,12.547489001641424,83.92773815078995
2518,2,17,pitch_jump,1.0,0.09937517611262106,16.227532998177686,83.92773815078995
2518,2,19,pitch_jump,1.0,0.040026358050407086,12.493354709931465,83.92773815078995
2518,2,26,pitch_jump,1.0,0.16533447167571946,12.814446168819446,83.92773815078995
2519,2,4,pitch_jump,1.0,0.035225522437833105,13.572267773628758,83.9610692620492
2520,2,8,pitch_jump,1.0,0.28497013781961467,18.8997048419739,83.99440037330845
2521,2,2,pitch_jump,1.0,0.06844369689727693,12.961734402604225,84.0277314845677
2522,2,7,pitch_jump,1.0,0.10722897076090694,12.183177089019955,84.06106259582695
2523,2,26,pitch_jump,1.0,0.13880145124290172,15.424817588444952,84.0943937070862
2524,1,1,pitch_jump,1.0,0.06261837093309179,12.229205913291592,84.12772481834544
2524,2,8,pitch_jump,1.0,0.2132217635579497,16.294770842326358,84.12772481834544
2525,2,26,pitch_jump,1.0,0.16197656204277633,12.209343206321611,84.1610559296047
2526,2,1,pitch_jump,1.0,0.05396822617180152,13.364815639293436,84.19438704086394
2526,2,2,pitch_jump,1.0,0.07680751694597018,12.50054319112599,84.19438704086394
2526,2,4,pitch_jump,1.0,0.06360131267572787,12.676732117253428,84.19438704086394
2526,2,7,pitch_jump,1.0,0.026237004715956212,13.814591375563747,84.19438704086394
2526,2,8,pitch_jump,1.0,0.1576649462122703,18.75279122955394,84.19438704086394
2526,2,14,pitch_jump,1.0,0.07202735804338654,13.396771317556635,84.19438704086394
2526,2,17,pitch_jump,1.0,0.07802634900128289,13.622602401431942,84.19438704086394
2526,2,18,pitch_jump,1.0,0.03948292096805904,14.403204842450172,84.19438704086394
2526,2,19,pitch_jump,1.0,0.042524079120690006,12.299800104270728,84.19438704086394
2526,2,20,pitch_jump,1.0,0.04628566857698916,13.109022255985735,84.19438704086394
2526,2,22,pitch_jump,1.0,0.0183156325553938,14.502603740420666,84.19438704086394
2526,2,25,pitch_jump,1.0,0.043268747534037456,12.200889506582577,84.19438704086394
2526,2,26,pitch_jump,1.0,0.16305640497668863,21.363915718243774,84.19438704086394
2527,2,17,pitch_jump,1.0,0.1092333286700286,16.21717392736923,84.22771815212319
2528,2,8,pitch_jump,1.0,0.13741403089698623,14.745401312488038,84.26104926338245
2529,1,1,pitch_jump,1.0,0.07620632710060782,21.012759131032134,84.29438037464169
2529,2,1,pitch_jump,1.0,0.05071585261396544,12.676438496633454,84.29438037464169
2529,2,2,pitch_jump,1.0,0.0826925310296284,15.301505733673539,84.29438037464169
2529,2,4,pitch_jump,1.0,0.10807551994068597,13.756267088097577,84.29438037464169
2529,2,7,pitch_jump,1.0,0.06650796550929394,15.190732798490497,84.29438037464169
2529,2,8,pitch_jump,1.0,0.11475051003014405,13.80305887294344,84.29438037464169
2529,2,17,pitch_jump,1.0,0.0843283153259523,12.992202765123702,84.29438037464169
2529,2,19,pitch_jump,1.0,0.05579554476633766,16.573714297807804,84.29438037464169
2529,2,20,pitch_jump,1.0,0.04058222380143892,12.269563367122288,84.29438037464169
2530,1,1,pitch_jump,1.0,0.09781669233926264,12.53880431026888,84.32771148590095
2530,2,7,pitch_jump,1.0,0.08462038139050827,15.281406208405352,84.32771148590095
2530,2,8,pitch_jump,1.0,0.14952381949431365,17.667306576146373,84.32771148590095
2530,2,9,pitch_jump,1.0,0.16111320763010753,17.89906031069844,84.32771148590095
2530,2,17,pitch_jump,1.0,0.058553615785897774,18.56246623368184,84.32771148590095
2530,2,19,pitch_jump,1.0,0.030099692396000716,13.434365895143495,84.32771148590095
2531,1,1,pitch_jump,1.0,0.06380319030402123,29.19787988043635,84.36104259716019
2531,2,5,pitch_jump,1.0,0.022628473005921194,12.483093445053582,84.36104259716019
2531,2,6,pitch_jump,1.0,0.029105291354843535,17.055096146910802,84.36104259716019
2531,2,8,pitch_jump,1.0,0.1498796297021136,14.015776286211768,84.36104259716019
2531,2,14,pitch_jump,1.0,0.05249465746502699,17.311921847457473,84.36104259716019
2531,2,18,pitch_jump,1.0,0.0228354591208256,17.22301326276586,84.36104259716019
2531,2,20,pitch_jump,1.0,0.04472771099898777,22.826005005646085,84.36104259716019
2531,2,21,pitch_jump,1.0,0.039253993228058934,23.432523948783373,84.36104259716019
2531,2,25,pitch_jump,1.0,0.04531010256339343,21.54239105797839,84.36104259716019
2532,2,1,pitch_jump,1.0,0.044020485808843365,69.79348891076427,84.39437370841944
2532,2,4,pitch_jump,1.0,0.10809465661797509,30.61263634681125,84.39437370841944
2532,2,5,pitch_jump,1.0,0.05007626304813657,75.09179646279024,84.39437370841944
2532,2,6,pitch_jump,1.0,0.04300496509244277,90.79301503286197,84.39437370841944
2532,2,7,pitch_jump,1.0,0.11836060052686219,114.79064529022237,84.39437370841944
2532,2,8,pitch_jump,1.0,0.11714069174244943,113.23763955387841,84.39437370841944
2532,2,17,pitch_jump,1.0,0.07240594680263535,71.24633909863475,84.39437370841944
2532,2,18,pitch_jump,1.0,0.005729171239099768,22.081624633734904,84.39437370841944
2532,2,19,pitch_jump,1.0,0.07859722034234953,82.34668610964003,84.39437370841944
2532,2,20,pitch_jump,1.0,0.06538237760195527,23.9204278732034,84.39437370841944
2532,2,21,pitch_jump,1.0,0.0538271954063684,67.49298732972088,84.39437370841944
2532,2,22,pitch_jump,1.0,0.06847649633167405,28.05967641047345,84.39437370841944
2532,2,25,pitch_jump,1.0,0.06423036036127798,35.131799348479525,84.39437370841944
2532,2,26,pitch_jump,1.0,0.1817001505178997,96.21431441367727,84.39437370841944
2533,2,4,pitch_jump,1.0,0.09522076054800444,12.668719040725874,84.4277048196787
2533,2,5,pitch_jump,1.0,0.0344479505491125,15.092902391711998,84.4277048196787
2533,2,6,pitch_jump,1.0,0.07736195528262729,22.964599732550173,84.4277048196787
2533,2,7,pitch_jump,1.0,0.06806250240844436,15.096789698090989,84.4277048196787
2533,2,8,pitch_jump,1.0,0.061697416253940374,21.690723595249636,84.4277048196787
2533,2,14,pitch_jump,1.0,0.11707240884466087,12.179751829319637,84.4277048196787
2533,2,17,pitch_jump,1.0,0.08394098815189033,13.350365947176664,84.4277048196787
2533,2,18,pitch_jump,1.0,0.046617882474109786,14.902875593832707,84.4277048196787
2533,2,19,pitch_jump,1.0,0.07362545018300615,16.599917783059293,84.4277048196787
2533,2,21,pitch_jump,1.0,0.07440472664010164,18.04166274479075,84.4277048196787
2533,2,22,pitch_jump,1.0,0.0475752074899881,12.740042837165264,84.4277048196787
2533,2,26,pitch_jump,1.0,0.19099582666273232,30.058635240714096,84.4277048196787
2534,2,1,pitch_jump,1.0,0.006117124849777578,17.920635425812293,84.46103593093794
2534,2,5,pitch_jump,1.0,0.009754572949984055,14.861189620864955,84.46103593093794
2534,2,6,pitch_jump,1.0,0.057085163269251026,13.079075231409453,84.46103593093794
2534,2,7,pitch_jump,1.0,0.04545637191183417,29.13243566728363,84.46103593093794
2534,2,8,pitch_jump,1.0,0.045214070271474505,22.999322348699586,84.46103593093794
2534,2,17,pitch_jump,1.0,0.008943841586920158,17.788533324494324,84.46103593093794
2534,2,19,pitch_jump,1.0,0.025995217044642284,18.90610840926601,84.46103593093794
2534,2,21,pitch_jump,1.0,0.06102864662991003,12.405037849234338,84.46103593093794
2534,2,26,pitch_jump,1.0,0.15117106434279107,17.39028371396394,84.46103593093794
2535,1,1,pitch_jump,1.0,0.12076786722858575,16.25687637397987,84.49436704219718
2535,2,1,pitch_jump,1.0,0.05558047459972298,14.110946261186601,84.49436704219718
2535,2,5,pitch_jump,1.0,0.03474963422598163,18.092193563232065,84.49436704219718
2535,2,6,pitch_jump,1.0,0.07153286277723336,18.891051004349148,84.49436704219718
2535,2,7,pitch_jump,1.0,0.047164200647123754,16.141278248940402,84.49436704219718
2535,2,8,pitch_jump,1.0,0.03235700075269768,15.86676162007613,84.49436704219718
2535,2,14,pitch_jump,1.0,0.12815437205835664,13.82682155878242,84.49436704219718
2535,2,17,pitch_jump,1.0,0.09456240279394809,12.64441051550096,84.49436704219718
2535,2,18,pitch_jump,1.0,0.11406994681757882,15.5082026825057,84.49436704219718
2535,2,20,pitch_jump,1.0,0.0720149438180245,18.248174903985102,84.49436704219718
2535,2,21,pitch_jump,1.0,0.08435370350254168,21.654269327989194,84.49436704219718
2535,2,25,pitch_jump,1.0,0.08604011279737402,16.336937867919065,84.49436704219718
2535,2,26,pitch_jump,1.0,0.05736250832007627,15.212935649920912,84.49436704219718
2536,1,1,pitch_jump,1.0,0.18771393955313675,18.479010187769177,84.52769815345644
2536,2,1,pitch_jump,1.0,0.07081689103295259,16.39045661415832,84.52769815345644
2536,2,4,pitch_jump,1.0,0.1421449852349136,14.901392623235086,84.52769815345644
2536,2,5,pitch_jump,1.0,0.07865519040743948,20.189974675769115,84.52769815345644
2536,2,6,pitch_jump,1.0,0.12046512820133025,29.89444707863373,84.52769815345644
2536,2,7,pitch_jump,1.0,0.06510958254847814,35.696923217538384,84.52769815345644
2536,2,8,pitch_jump,1.0,0.09889760291359723,25.404435744316785,84.52769815345644
2536,2,9,pitch_jump,1.0,0.2336926370378077,17.385128126796776,84.52769815345644
2536,2,17,pitch_jump,1.0,0.1274161198572833,28.990051802161474,84.52769815345644
2536,2,19,pitch_jump,1.0,0.02680479069358872,27.42100188925447,84.52769815345644
2536,2,20,pitch_jump,1.0,0.1278854395173543,13.65533473231936,84.52769815345644
2536,2,21,pitch_jump,1.0,0.13184828020807643,25.931171784159762,84.52769815345644
2536,2,22,pitch_jump,1.0,0.060026222485923875,16.364277793841985,84.52769815345644
2536,2,25,pitch_jump,1.0,0.10758525121236752,14.852157205040262,84.52769815345644
2536,2,26,pitch_jump,1.0,0.03660547964306233,30.415494594606642,84.52769815345644
2537,2,9,pitch_jump,1.0,0.11403620984995635,23.824973664261346,84.56102926471569
2538,2,4,pitch_jump,1.0,0.21355742467227792,12.15841889994204,84.59436037597494
2538,2,9,pitch_jump,1.0,0.22569529359314583,23.77401187420366,84.59436037597494
2538,2,26,pitch_jump,1.0,0.13498817593870155,15.439792022919624,84.59436037597494
2539,2,1,pitch_jump,1.0,0.09444612915876281,21.68940853705841,84.62769148723419
2539,2,4,pitch_jump,1.0,0.1482867315292834,23.729029964024182,84.62769148723419
2539,2,5,pitch_jump,1.0,0.09715082386455928,17.489518860057487,84.62769148723419
2539,2,6,pitch_jump,1.0,0.1367047576561197,26.59242248708015,84.62769148723419
2539,2,7,pitch_jump,1.0,0.10349317651478665,32.0229973658085,84.62769148723419
2539,2,8,pitch_jump,1.0,0.09470852679703222,22.503138916950068,84.62769148723419
2539,2,9,pitch_jump,1.0,0.2646972200527037,16.980867591500306,84.62769148723419
2539,2,17,pitch_jump,1.0,0.07490396243899101,12.67692283262641,84.62769148723419
2539,2,19,pitch_jump,1.0,0.05015416638372307,20.481071271478495,84.62769148723419
2539,2,21,pitch_jump,1.0,0.17035722717237475,17.597979249034307,84.62769148723419
2539,2,26,pitch_jump,1.0,0.12044202744556402,19.399224331323715,84.62769148723419
2540,2,8,pitch_jump,1.0,0.08385666474555452,17.17532737311127,84.66102259849343
2540,2,9,pitch_jump,1.0,0.1064302396327784,12.213517250946682,84.66102259849343
2540,2,17,pitch_jump,1.0,0.026187176041592618,14.442339894495252,84.66102259849343
2540,2,19,pitch_jump,1.0,0.033631523461473745,15.773429167361774,84.66102259849343
2541,1,1,pitch_jump,1.0,0.19983900358894047,34.24638147895774,84.69435370975269
2541,2,1,pitch_jump,1.0,0.07732746778035189,12.678840221725535,84.69435370975269
2541,2,4,pitch_jump,1.0,0.14657742975666102,47.55712681205182,84.69435370975269
2541,2,5,pitch_jump,1.0,0.10116457606548153,15.058344039781073,84.69435370975269
2541,2,6,pitch_jump,1.0,0.1303015400170035,20.650823816955693,84.69435370975269
2541,2,7,pitch_jump,1.0,0.07315759375046908,26.815394586765102,84.69435370975269
2541,2,8,pitch_jump,1.0,0.03556258888358269,23.586124143909185,84.69435370975269
2541,2,9,pitch_jump,1.0,0.2785148310349543,34.17856127974638,84.69435370975269
2541,2,14,pitch_jump,1.0,0.19370480933936768,15.467036640823634,84.69435370975269
2541,2,17,pitch_jump,1.0,0.04216867711115556,12.379348598924446,84.69435370975269
2541,2,18,pitch_jump,1.0,0.14875265242266816,12.32131864064113,84.69435370975269
2541,2,19,pitch_jump,1.0,0.08220572928764826,12.081241764204588,84.69435370975269
2542,2,8,pitch_jump,1.0,0.0885933072675702,18.587913527259737,84.72768482101193
2542,2,26,pitch_jump,1.0,0.09229328985090933,15.284452918870452,84.72768482101193
2544,2,1,pitch_jump,1.0,0.12135908283305405,14.744733571305229,84.79434704353044
2544,2,5,pitch_jump,1.0,0.10152626185284451,18.237473121115688,84.79434704353044
2544,2,6,pitch_jump,1.0,0.1361121047680242,20.648515328264793,84.79434704353044
2544,2,7,pitch_jump,1.0,0.042345573602430894,23.42629788901673,84.79434704353044
2544,2,8,pitch_jump,1.0,0.06222326625926326,16.384727740173936,84.79434704353044
2544,2,14,pitch_jump,1.0,0.21401725399785299,12.98012274377612,84.79434704353044
2544,2,17,pitch_jump,1.0,0.12232368230498517,14.025211064419112,84.79434704353044
2544,2,18,pitch_jump,1.0,0.1354812416743776,17.461916643546406,84.79434704353044
2544,2,19,pitch_jump,1.0,0.05473416597115368,17.673087495960033,84.79434704353044
2544,2,20,pitch_jump,1.0,0.16406990938153654,15.01993019391723,84.79434704353044
2544,2,22,pitch_jump,1.0,0.10414932081581521,18.27127833836319,84.79434704353044
2544,2,25,pitch_jump,1.0,0.1768373084724562,15.604147501099082,84.79434704353044
2544,2,26,pitch_jump,1.0,0.043795703243318954,18.243406552515783,84.79434704353044
2545,2,1,pitch_jump,1.0,0.13921092402979393,18.58924053856955,84.82767815478968
2545,2,4,pitch_jump,1.0,0.1676555075662239,12.776814278863675,84.82767815478968
2545,2,5,pitch_jump,1.0,0.09229100853208864,17.97146313198037,84.82767815478968
2545,2,6,pitch_jump,1.0,0.13194799708394533,17.150633324560406,84.82767815478968
2545,2,8,pitch_jump,1.0,0.03337655041352823,13.609644386153807,84.82767815478968
2545,2,14,pitch_jump,1.0,0.21523656715929632,19.481382060832743,84.82767815478968
2545,2,17,pitch_jump,1.0,0.12387987643676478,16.19714778667862,84.82767815478968
2545,2,18,pitch_jump,1.0,0.16085664236942285,15.78195657194594,84.82767815478968
2545,2,20,pitch_jump,1.0,0.19013005916858802,17.55933973295541,84.82767815478968
2545,2,22,pitch_jump,1.0,0.10218854929080887,13.283226475473427,84.82767815478968
2545,2,25,pitch_jump,1.0,0.18040659541054063,19.160906952397074,84.82767815478968
2545,2,26,pitch_jump,1.0,0.08021114483885493,17.07106313972491,84.82767815478968
2546,2,1,pitch_jump,1.0,0.07436489258237132,13.39854038135825,84.86100926604894
2546,2,4,pitch_jump,1.0,0.08476565479434643,19.149253741828066,84.86100926604894
2546,2,7,pitch_jump,1.0,0.10124057838764607,18.21582330862679,84.86100926604894
2546,2,8,pitch_jump,1.0,0.053932389674902007,15.954202965241034,84.86100926604894
2546,2,17,pitch_jump,1.0,0.04376118766317681,12.076169311421273,84.86100926604894
2546,2,19,pitch_jump,1.0,0.025930146482089984,17.578358912696164,84.86100926604894
2546,2,22,pitch_jump,1.0,0.03657700510853968,15.395322927966188,84.86100926604894
2546,2,26,pitch_jump,1.0,0.1293850037995699,23.66915179363407,84.86100926604894
2547,2,8,pitch_jump,1.0,0.09714420356509665,13.097822397554655,84.89434037730818
2548,2,6,pitch_jump,1.0,0.15627605110331214,13.603988121825777,84.92767148856743
2548,2,8,pitch_jump,1.0,0.030697955463264412,15.39645295746265,84.92767148856743
2548,2,17,pitch_jump,1.0,0.07421603290837653,14.647195771828924,84.92767148856743
2549,1,1,pitch_jump,1.0,0.13943922421169103,22.94779240313538,84.96100259982668
2549,2,5,pitch_jump,1.0,0.04976830982678652,12.88684052686235,84.96100259982668
2549,2,6,pitch_jump,1.0,0.07833962832221451,16.505713705355255,84.96100259982668
2549,2,8,pitch_jump,1.0,0.06108014412631311,12.141046584429041,84.96100259982668
2549,2,14,pitch_jump,1.0,0.09901409799352577,19.09225792760073,84.96100259982668
2549,2,18,pitch_jump,1.0,0.07141648943870531,17.571750701201267,84.96100259982668
2549,2,20,pitch_jump,1.0,0.09715960547220594,19.040862040419523,84.96100259982668
2549,2,25,pitch_jump,1.0,0.08954775135645249,17.292894770882334,84.96100259982668
2549,2,26,pitch_jump,1.0,0.3510271367178461,35.63289682352877,84.96100259982668
2550,2,7,pitch_jump,1.0,0.3212972047781969,12.98139924619392,84.99433371108593
2551,2,1,pitch_jump,1.0,0.11313182728968453,12.79704989583645,85.02766482234519
2551,2,8,pitch_jump,1.0,0.04745608799024299,12.450020313974225,85.02766482234519
2551,2,17,pitch_jump,1.0,0.05784136802812897,16.93718284157156,85.02766482234519
2551,2,18,pitch_jump,1.0,0.17276366354095185,12.15774057908671,85.02766482234519
2551,2,20,pitch_jump,1.0,0.20367496548764097,14.640095601011314,85.02766482234519
2551,2,22,pitch_jump,1.0,0.14247943932522047,14.857094321840009,85.02766482234519
2551,2,26,pitch_jump,1.0,0.049965018139500876,17.591856928020473,85.02766482234519
2552,2,3,pitch_jump,1.0,0.07873743085468436,12.049439668640698,85.06099593360443
2552,2,7,pitch_jump,1.0,0.11631293693901026,14.402712622931958,85.06099593360443
2552,2,8,pitch_jump,1.0,0.008018939378952424,13.902553714508034,85.06099593360443
2552,2,19,pitch_jump,1.0,0.03641566898658151,19.411557916224446,85.06099593360443
2553,2,4,pitch_jump,1.0,0.186046563386957,13.849417245796356,85.09432704486368
2554,2,2,pitch_jump,1.0,0.2405109203786414,14.422867230788007,85.12765815612293
2554,2,6,pitch_jump,1.0,0.14076791605970213,12.740421600250489,85.12765815612293
2554,2,13,pitch_jump,1.0,0.21462671020071195,12.7193542222788,85.12765815612293
2554,2,14,pitch_jump,1.0,0.23284326684017168,15.471679541700336,85.12765815612293
2554,2,18,pitch_jump,1.0,0.1925947879198477,15.710164878318222,85.12765815612293
2554,2,20,pitch_jump,1.0,0.1896970567574037,17.096698891379017,85.12765815612293
2554,2,25,pitch_jump,1.0,0.17316728674204956,12.691920354712959,85.12765815612293
2555,2,2,pitch_jump,1.0,0.07774947691828783,16.067760667145798,85.16098926738218
2555,2,20,pitch_jump,1.0,0.0728498937499599,13.237265811171609,85.16098926738218
2556,2,1,pitch_jump,1.0,0.13099852961009717,12.873087047057583,85.19432037864142
2556,2,2,pitch_jump,1.0,0.25268280422899203,17.032696235527425,85.19432037864142
2556,2,7,pitch_jump,1.0,0.1052578960531206,12.34376418505342,85.19432037864142
2556,2,8,pitch_jump,1.0,0.08135825634165292,20.917408860659247,85.19432037864142
2556,2,17,pitch_jump,1.0,0.06829455887996515,17.4120700098001,85.19432037864142
2556,2,19,pitch_jump,1.0,0.1077523750215548,13.266449858386572,85.19432037864142
2556,2,20,pitch_jump,1.0,0.2112820922925349,23.755940421092912,85.19432037864142
2556,2,22,pitch_jump,1.0,0.1401640406276241,14.0197545566502,85.19432037864142
2556,2,26,pitch_jump,1.0,0.0677322977241545,19.527838096407674,85.19432037864142
2557,2,2,pitch_jump,1.0,0.2443750634151665,15.380070277225053,85.22765148990068
2557,2,8,pitch_jump,1.0,0.08199119830268019,17.987886404685135,85.22765148990068
2557,2,14,pitch_jump,1.0,0.2561854427944385,12.85849278087278,85.22765148990068
2557,2,17,pitch_jump,1.0,0.02304843410054761,13.111401418647368,85.22765148990068
2557,2,20,pitch_jump,1.0,0.22087844274153787,17.7545480411971,85.22765148990068
2557,2,26,pitch_jump,1.0,0.074999986793333,15.121201468723626,85.22765148990068
2558,2,7,pitch_jump,1.0,0.09222111046740744,13.355011094172795,85.26098260115992
2559,2,1,pitch_jump,1.0,0.14582962634592767,14.974881992949095,85.29431371241918
2559,2,2,pitch_jump,1.0,0.21509898629260402,24.645014345280078,85.29431371241918
2559,2,5,pitch_jump,1.0,0.15308381845532737,28.617279244194357,85.29431371241918
2559,2,7,pitch_jump,1.0,0.2462393500003331,16.584625532563354,85.29431371241918
2559,2,8,pitch_jump,1.0,0.0353458644929909,20.943280346646894,85.29431371241918
2559,2,14,pitch_jump,1.0,0.2542815786067558,22.57346023815937,85.29431371241918
2559,2,17,pitch_jump,1.0,0.10331706520363287,14.86928568656811,85.29431371241918
2559,2,18,pitch_jump,1.0,0.19469034933243112,22.696942971555323,85.29431371241918
2559,2,19,pitch_jump,1.0,0.13222492505907427,12.197582674414889,85.29431371241918
2559,2,20,pitch_jump,1.0,0.21464568429452066,26.03520732190351,85.29431371241918
2559,2,22,pitch_jump,1.0,0.1466480037717477,13.016929904517522,85.29431371241918
2559,2,25,pitch_jump,1.0,0.21928496906430842,27.153052569500986,85.29431371241918
2559,2,26,pitch_jump,1.0,0.05939682049544315,19.749617511029324,85.29431371241918
2560,2,1,pitch_jump,1.0,0.15824237024966709,65.80449041763188,85.32764482367843
2560,2,2,pitch_jump,1.0,0.23977647279973413,109.08809920183967,85.32764482367843
2560,2,3,pitch_jump,1.0,0.2152980122831317,29.978184176957345,85.32764482367843
2560,2,4,pitch_jump,1.0,0.2432020308932217,32.30337030710002,85.32764482367843
2560,2,5,pitch_jump,1.0,0.1259019640577875,110.93344389353693,85.32764482367843
2560,2,7,pitch_jump,1.0,0.23079700280533585,89.61382694990145,85.32764482367843
2560,2,8,pitch_jump,1.0,0.03680393357258492,89.83574513148648,85.32764482367843
2560,2,13,pitch_jump,1.0,0.21238109908324992,18.184414225141918,85.32764482367843
2560,2,14,pitch_jump,1.0,0.2496290851892772,97.51591715033197,85.32764482367843
2560,2,17,pitch_jump,1.0,0.04021982780540334,66.65729286876773,85.32764482367843
2560,2,18,pitch_jump,1.0,0.1910924672985881,82.87618340444368,85.32764482367843
2560,2,19,pitch_jump,1.0,0.1668722271399556,46.18762778765979,85.32764482367843
2560,2,20,pitch_jump,1.0,0.2349646097028224,119.20928596690737,85.32764482367843
2560,2,22,pitch_jump,1.0,0.12505688152761021,34.615596078707696,85.32764482367843
2560,2,25,pitch_jump,1.0,0.220334097945439,121.64540686761829,85.32764482367843
2560,2,26,pitch_jump,1.0,0.04497619021400847,78.77244738491817,85.32764482367843
2561,2,1,pitch_jump,1.0,0.07403910739286444,40.84719021656609,85.36097593493767
2561,2,2,pitch_jump,1.0,0.13781910341133669,60.201732696283955,85.36097593493767
2561,2,3,pitch_jump,1.0,0.10543312750280799,13.8721165213096,85.36097593493767
2561,2,4,pitch_jump,1.0,0.11666931539119825,13.308491146019529,85.36097593493767
2561,2,5,pitch_jump,1.0,0.04978408630472123,66.15562730886867,85.36097593493767
2561,2,7,pitch_jump,1.0,0.11633464280412494,49.244251101708876,85.36097593493767
2561,2,8,pitch_jump,1.0,0.01632845018386794,47.936733735355865,85.36097593493767
2561,2,13,pitch_jump,1.0,0.09907307137133053,17.81783672593645,85.36097593493767
2561,2,14,pitch_jump,1.0,0.13452425732509338,55.60935031624094,85.36097593493767
2561,2,17,pitch_jump,1.0,0.045954775280063094,36.819094874293256,85.36097593493767
2561,2,18,pitch_jump,1.0,0.08377477135129645,49.106663787725765,85.36097593493767
2561,2,19,pitch_jump,1.0,0.08326838224199248,23.66620237903142,85.36097593493767
2561,2,20,pitch_jump,1.0,0.11145961478517064,70.27919712492125,85.36097593493767
2561,2,22,pitch_jump,1.0,0.05823107571166859,24.594636943433883,85.36097593493767
2561,2,25,pitch_jump,1.0,0.11037073624497888,70.97792964221306,85.36097593493767
2561,2,26,pitch_jump,1.0,0.0063452349511254474,42.4544150650971,85.36097593493767
2562,2,1,pitch_jump,1.0,0.1668535455544228,28.112247752041913,85.39430704619693
2562,2,2,pitch_jump,1.0,0.2656096595714422,76.42327291543299,85.39430704619693
2562,2,3,pitch_jump,1.0,0.2267139118899733,21.337737667307945,85.39430704619693
2562,2,4,pitch_jump,1.0,0.24289063109228964,17.07664432198132,85.39430704619693
2562,2,5,pitch_jump,1.0,0.1412065734378569,57.468649535701225,85.39430704619693
2562,2,7,pitch_jump,1.0,0.2075183634687462,32.34717656810381,85.39430704619693
2562,2,8,pitch_jump,1.0,0.08911884211556984,29.066762618261123,85.39430704619693
2562,2,13,pitch_jump,1.0,0.2590529252202079,14.670267135126748,85.39430704619693
2562,2,14,pitch_jump,1.0,0.2591575042723979,67.61647362366607,85.39430704619693
2562,2,17,pitch_jump,1.0,0.08958465133292265,18.97698904854061,85.39430704619693
2562,2,18,pitch_jump,1.0,0.22727005285350746,51.237434046744674,85.39430704619693
2562,2,19,pitch_jump,1.0,0.12076484257999855,20.69158383998853,85.39430704619693
2562,2,20,pitch_jump,1.0,0.23663212723417118,76.8752412977686,85.39430704619693
2562,2,25,pitch_jump,1.0,0.2063279256293118,75.83098598637994,85.39430704619693
2562,2,26,pitch_jump,1.0,0.08627912646678786,28.096476147378745,85.39430704619693
2563,2,1,pitch_jump,1.0,0.1590697048139083,24.01384290294282,85.42763815745617
2563,2,2,pitch_jump,1.0,0.25689968676386965,66.22968697644427,85.42763815745617
2563,2,3,pitch_jump,1.0,0.22824413191865056,25.072050702217478,85.42763815745617
2563,2,4,pitch_jump,1.0,0.23120454756556114,16.39479191208097,85.42763815745617
2563,2,5,pitch_jump,1.0,0.14214393596393438,49.95095962713377,85.42763815745617
2563,2,7,pitch_jump,1.0,0.18242948292410607,29.498434476378268,85.42763815745617
2563,2,8,pitch_jump,1.0,0.09742281102558555,21.458232795931817,85.42763815745617
2563,2,13,pitch_jump,1.0,0.2583228601491703,12.508700333351324,85.42763815745617
2563,2,14,pitch_jump,1.0,0.24870268269269238,55.860910177386536,85.42763815745617
2563,2,17,pitch_jump,1.0,0.175957389522691,34.628241686015784,85.42763815745617
2563,2,18,pitch_jump,1.0,0.2348448454721212,44.61293541051583,85.42763815745617
2563,2,20,pitch_jump,1.0,0.25399968504085424,76.40691699805957,85.42763815745617
2563,2,25,pitch_jump,1.0,0.2299679536966728,64.78208437296401,85.42763815745617
2563,2,26,pitch_jump,1.0,0.06860144786145152,21.68477385322309,85.42763815745617
2564,2,12,pitch_jump,1.0,0.16073567645344722,13.617426700673823,85.46096926871542
2565,2,1,pitch_jump,1.0,0.15029727302339044,23.951168727668996,85.49430037997467
2565,2,2,pitch_jump,1.0,0.267782316597664,40.309085418919764,85.49430037997467
2565,2,3,pitch_jump,1.0,0.21586485191554977,27.029293303857973,85.49430037997467
2565,2,4,pitch_jump,1.0,0.2233588209222534,24.976986719603982,85.49430037997467
2565,2,5,pitch_jump,1.0,0.14092676207727267,38.56616289459733,85.49430037997467
2565,2,7,pitch_jump,1.0,0.17451542261438072,40.58293172157641,85.49430037997467
2565,2,8,pitch_jump,1.0,0.10871848898005662,50.130812788401975,85.49430037997467
2565,2,12,pitch_jump,1.0,0.34361166021682826,36.95668485784211,85.49430037997467
2565,2,13,pitch_jump,1.0,0.2557964939449157,14.34389037789718,85.49430037997467
2565,2,14,pitch_jump,1.0,0.2554572288377726,34.88257784337055,85.49430037997467
2565,2,17,pitch_jump,1.0,0.11520265041099655,36.12452684255255,85.49430037997467
2565,2,18,pitch_jump,1.0,0.20454111707260295,21.842152884608563,85.49430037997467
2565,2,19,pitch_jump,1.0,0.09527895817836322,37.42645335234907,85.49430037997467
2565,2,20,pitch_jump,1.0,0.2360770326277496,40.00400577220732,85.49430037997467
2565,2,22,pitch_jump,1.0,0.15207847424341006,12.632868579459188,85.49430037997467
2565,2,25,pitch_jump,1.0,0.19295994266180805,42.313567813190666,85.49430037997467
2565,2,26,pitch_jump,1.0,0.08890663710133793,41.45611754103051,85.49430037997467
2566,2,1,pitch_jump,1.0,0.14874951850942103,14.213300823917526,85.52763149123392
2566,2,5,pitch_jump,1.0,0.13774268941229992,15.17310298676082,85.52763149123392
2566,2,7,pitch_jump,1.0,0.1564774018460367,15.468589631031344,85.52763149123392
2566,2,8,pitch_jump,1.0,0.036010179958924166,14.56683876452674,85.52763149123392
2566,2,19,pitch_jump,1.0,0.10689041647563469,13.49574822840942,85.52763149123392
2567,2,2,pitch_jump,1.0,0.11940464496444164,16.153652827657982,85.56096260249318
2567,2,4,pitch_jump,1.0,0.10669179047713863,12.853981536078695,85.56096260249318
2567,2,12,pitch_jump,1.0,0.17230940723284494,12.484969774270224,85.56096260249318
2567,2,13,pitch_jump,1.0,0.09528382525744555,14.925769086778637,85.56096260249318
2568,2,8,pitch_jump,1.0,0.024634892241121302,17.242648600334107,85.59429371375242
2568,2,12,pitch_jump,1.0,0.3408643437295285,15.237604450704598,85.59429371375242
2568,2,17,pitch_jump,1.0,0.08796504893806413,12.696254940624595,85.59429371375242
2568,2,26,pitch_jump,1.0,0.12711689193075296,13.766505924096704,85.59429371375242
2573,2,7,pitch_jump,1.0,0.05941089278600973,17.499935616157014,85.76094927004867
2573,2,8,pitch_jump,1.0,0.0022024931443146156,22.554759265675663,85.76094927004867
2573,2,17,pitch_jump,1.0,0.005024371265982904,14.547776636884853,85.76094927004867
2573,2,19,pitch_jump,1.0,0.058688985993949776,26.603058672500126,85.76094927004867
2573,2,26,pitch_jump,1.0,0.0543429070975604,23.07658598468494,85.76094927004867
2574,2,7,pitch_jump,1.0,0.14689323554037748,14.895831369911258,85.79428038130791
2574,2,8,pitch_jump,1.0,0.06169819325497117,17.327836762697864,85.79428038130791
2574,2,26,pitch_jump,1.0,0.11273845886131895,14.459415362370336,85.79428038130791
2575,2,5,pitch_jump,1.0,0.12447305826313902,12.796982279394133,85.82761149256717
2575,2,8,pitch_jump,1.0,0.025588307201067372,12.456904071243773,85.82761149256717
2575,2,12,pitch_jump,1.0,0.2830819536095964,14.894843259000526,85.82761149256717
2575,2,13,pitch_jump,1.0,0.184323661141366,12.476561542480379,85.82761149256717
2575,2,20,pitch_jump,4.0,0.28652056058778613,54.47574257194119,85.82761149256717
2576,2,5,pitch_jump,1.0,0.05046627701415186,12.336452338576311,85.86094260382642
2576,2,18,pitch_jump,1.0,0.04613017270379162,16.378719849747633,85.86094260382642
2576,2,20,pitch_jump,1.0,0.026644815738987537,18.05614507807043,85.86094260382642
2577,2,5,pitch_jump,1.0,0.12214006375465798,12.801351954279005,85.89427371508566
2577,2,22,pitch_jump,1.0,0.22994746287994852,16.29242447336434,85.89427371508566
2577,2,26,pitch_jump,1.0,0.0791390819491313,12.283973229733252,85.89427371508566
2578,2,7,pitch_jump,1.0,0.19180291788497209,14.268755037446239,85.92760482634492
2578,2,22,pitch_jump,1.0,0.12408035499093775,19.30872840050592,85.92760482634492
2580,2,5,pitch_jump,1.0,0.09482894013175698,15.774138444033081,85.9942670488634
2580,2,7,pitch_jump,1.0,0.1445376859856697,24.35069909363922,85.9942670488634
2580,2,8,pitch_jump,1.0,0.04735847836762577,23.667253472574615,85.9942670488634
2580,2,17,pitch_jump,1.0,0.04520179301236812,16.500347499899842,85.9942670488634
2580,2,18,pitch_jump,1.0,0.07908725401131196,13.276522562716734,85.9942670488634
2580,2,19,pitch_jump,1.0,0.03909978889018378,23.437999218205604,85.9942670488634
2580,2,26,pitch_jump,1.0,0.037169806906802876,22.334571343915297,85.9942670488634
2581,2,2,pitch_jump,1.0,0.1078832638494483,12.698648997022277,86.02759816012266
2581,2,5,pitch_jump,1.0,0.05956710478170615,49.46545604149364,86.02759816012266
2581,2,7,pitch_jump,1.0,0.1257919870058865,60.82479382866577,86.02759816012266
2581,2,8,pitch_jump,1.0,0.05025203482874142,60.938604219370255,86.02759816012266
2581,2,13,pitch_jump,1.0,0.09486103482648518,16.981137537130024,86.02759816012266
2581,2,17,pitch_jump,1.0,0.032347512927775574,44.50437192529439,86.02759816012266
2581,2,18,pitch_jump,1.0,0.08814013847987716,13.587306249014174,86.02759816012266
2581,2,19,pitch_jump,1.0,0.03027433262746152,55.00882920185538,86.02759816012266
2581,2,22,pitch_jump,1.0,0.08901166016178058,14.909512123975707,86.02759816012266
2581,2,26,pitch_jump,1.0,0.10302801654167386,54.67973635805366,86.02759816012266
2582,2,1,pitch_jump,1.0,0.0414770980804425,33.52749857019202,86.06092927138191
2582,2,2,pitch_jump,1.0,0.03775166834270938,15.168379424039836,86.06092927138191
2582,2,5,pitch_jump,1.0,0.029247273319035053,34.371209748068615,86.06092927138191
2582,2,7,pitch_jump,1.0,0.049758848388072964,53.52621006229551,86.06092927138191
2582,2,8,pitch_jump,1.0,0.04154506186054824,61.96667300067452,86.06092927138191
2582,2,17,pitch_jump,1.0,0.011330004138465582,42.32215590943362,86.06092927138191
2582,2,19,pitch_jump,1.0,0.03022743862520941,56.358781706761334,86.06092927138191
2582,2,22,pitch_jump,1.0,0.012787375317075881,17.976013863427607,86.06092927138191
2582,2,26,pitch_jump,1.0,0.032378668387390994,54.125858575398794,86.06092927138191
2583,2,5,pitch_jump,1.0,0.0557716707662067,53.093955656049175,86.09426038264117
2583,2,7,pitch_jump,1.0,0.10181846656927644,69.82975597848883,86.09426038264117
2583,2,8,pitch_jump,1.0,0.0294171559045371,73.08575697475293,86.09426038264117
2583,2,17,pitch_jump,1.0,0.021260737388202406,51.80013976119892,86.09426038264117
2583,2,18,pitch_jump,1.0,0.10267522779951388,13.208257767831284,86.09426038264117
2583,2,19,pitch_jump,1.0,0.017547241099182157,68.13015263026003,86.09426038264117
2583,2,22,pitch_jump,1.0,0.04250211155583798,19.411898877262047,86.09426038264117
2583,2,26,pitch_jump,1.0,0.11027234113361088,69.36733556268406,86.09426038264117
2584,2,2,pitch_jump,1.0,0.06778875074004259,16.149944192783884,86.12759149390041
2584,2,5,pitch_jump,1.0,0.05129480780787331,56.270051555569275,86.12759149390041
2584,2,7,pitch_jump,1.0,0.09921171907067249,77.11087856754992,86.12759149390041
2584,2,8,pitch_jump,1.0,0.032276207785884886,79.72570488474851,86.12759149390041
2584,2,12,pitch_jump,1.0,0.18141866238540605,14.669317682722113,86.12759149390041
2584,2,13,pitch_jump,1.0,0.07468680541104974,23.789008332718865,86.12759149390041
2584,2,17,pitch_jump,1.0,0.006619718604263725,57.356688319868,86.12759149390041
2584,2,18,pitch_jump,1.0,0.0886766892274536,13.923783510302869,86.12759149390041
2584,2,19,pitch_jump,1.0,0.007016644774186633,72.83916961619416,86.12759149390041
2584,2,22,pitch_jump,1.0,0.04537724577003061,20.85638816974988,86.12759149390041
2584,2,26,pitch_jump,1.0,0.10953623146770759,67.05220112493865,86.12759149390041
2587,2,13,pitch_jump,1.0,0.0603308878643036,13.570349308472542,86.22758482767816
2588,2,1,pitch_jump,1.0,0.051096097243552484,49.75300969463443,86.2609159389374
2588,2,2,pitch_jump,1.0,0.013046127702916927,12.65914096382655,86.2609159389374
2588,2,5,pitch_jump,1.0,0.025590360109948737,51.60268433212991,86.2609159389374
2588,2,7,pitch_jump,1.0,0.04619779051924783,63.86018995766682,86.2609159389374
2588,2,8,pitch_jump,1.0,0.04632090398877786,70.8153442340064,86.2609159389374
2588,2,13,pitch_jump,1.0,0.01644475162531916,15.703170298869166,86.2609159389374
2588,2,17,pitch_jump,1.0,0.01517428492323716,48.47057695992823,86.2609159389374
2588,2,19,pitch_jump,1.0,0.026279641008962417,66.4830163684319,86.2609159389374
2588,2,22,pitch_jump,1.0,0.023884866282379756,21.82219805559699,86.2609159389374
2588,2,26,pitch_jump,1.0,0.043272325878646066,64.79955900828087,86.2609159389374
2589,2,10,pitch_jump,1.0,0.02675663500140029,14.770515646510495,86.29424705019666
2589,2,13,pitch_jump,1.0,0.03108638865040046,12.126837786002556,86.29424705019666
2590,2,1,pitch_jump,1.0,0.05710631082513913,51.34648743019062,86.3275781614559
2590,2,2,pitch_jump,1.0,0.017379694519526014,15.007960776569751,86.3275781614559
2590,2,5,pitch_jump,1.0,0.07204357180067311,54.313287357969394,86.3275781614559
2590,2,7,pitch_jump,1.0,0.06767929185925758,73.57446025671807,86.3275781614559
2590,2,8,pitch_jump,1.0,0.013653506965066045,77.33574438512898,86.3275781614559
2590,2,13,pitch_jump,1.0,0.018295389512805942,20.538353026082902,86.3275781614559
2590,2,17,pitch_jump,1.0,0.022391858663126384,53.66504382931477,86.3275781614559
2590,2,19,pitch_jump,1.0,0.03919949309387876,67.34259548680772,86.3275781614559
2590,2,22,pitch_jump,1.0,0.044520958616640065,19.727109555005207,86.3275781614559
2590,2,26,pitch_jump,1.0,0.09712738906023116,68.08414395809758,86.3275781614559
2591,2,1,pitch_jump,1.0,0.02700698888971472,61.50285767813046,86.36090927271516
2591,2,3,pitch_jump,1.0,0.02736005332352536,12.898964108669539,86.36090927271516
2591,2,5,pitch_jump,1.0,0.048081182922566454,76.01155969926363,86.36090927271516
2591,2,7,pitch_jump,1.0,0.028183848640203082,85.53326622870654,86.36090927271516
2591,2,8,pitch_jump,1.0,0.015345876499875047,92.69834448821635,86.36090927271516
2591,2,10,pitch_jump,1.0,0.00783653181428773,18.643950075476507,86.36090927271516
2591,2,12,pitch_jump,1.0,0.06120534565281624,13.063744213485368,86.36090927271516
2591,2,13,pitch_jump,1.0,0.012646227948539318,20.767983902053867,86.36090927271516
2591,2,17,pitch_jump,1.0,0.02243093636422749,68.95351940697714,86.36090927271516
2591,2,18,pitch_jump,1.0,0.0033450579490667378,18.20412938361629,86.36090927271516
2591,2,19,pitch_jump,1.0,0.03163491082720863,88.87196958864904,86.36090927271516
2591,2,22,pitch_jump,1.0,0.022929943445942066,29.48675181192781,86.36090927271516
2591,2,26,pitch_jump,1.0,0.07010080478280853,91.67289490794307,86.36090927271516
2592,2,1,pitch_jump,1.0,0.05017919275039867,78.56858291594502,86.3942403839744
2592,2,3,pitch_jump,1.0,0.061936921163515374,15.382361191548465,86.3942403839744
2592,2,5,pitch_jump,1.0,0.05429165323225459,87.18537634559799,86.3942403839744
2592,2,7,pitch_jump,1.0,0.05204845902093701,110.18483166044616,86.3942403839744
2592,2,8,pitch_jump,1.0,0.013207395496621572,114.73134500365113,86.3942403839744
2592,2,13,pitch_jump,1.0,0.03069540558759341,20.319557505473036,86.3942403839744
2592,2,17,pitch_jump,1.0,0.023518611527223274,82.21738530409708,86.3942403839744
2592,2,18,pitch_jump,1.0,0.03046573714402023,22.95856440440565,86.3942403839744
2592,2,19,pitch_jump,1.0,0.02784212724650442,102.77220313334583,86.3942403839744
2592,2,22,pitch_jump,1.0,0.0391734141131987,36.10270105559045,86.3942403839744
2592,2,26,pitch_jump,1.0,0.11501827751069885,101.24720573213243,86.3942403839744
2593,2,1,pitch_jump,1.0,0.052632626329957105,58.09327032736716,86.42757149523365
2593,2,5,pitch_jump,1.0,0.047194615264787895,75.0427617589714,86.42757149523365
2593,2,7,pitch_jump,1.0,0.05572666424367626,77.72088485132564,86.42757149523365
2593,2,8,pitch_jump,1.0,0.02669286153603233,85.23276876131011,86.42757149523365
2593,2,13,pitch_jump,1.0,0.02739587216260036,19.304307031313684,86.42757149523365
2593,2,17,pitch_jump,1.0,0.021932179420080418,64.26007226087512,86.42757149523365
2593,2,18,pitch_jump,1.0,0.01699866906520734,15.141121247936233,86.42757149523365
2593,2,19,pitch_jump,1.0,0.02952511601900838,84.78594704898074,86.42757149523365
2593,2,22,pitch_jump,1.0,0.03445099346587894,32.36521104993442,86.42757149523365
2593,2,26,pitch_jump,1.0,0.10171722673172383,84.26162117156645,86.42757149523365
2596,2,1,pitch_jump,1.0,0.09688761626929543,14.003445264257484,86.5275648290114
2599,2,1,pitch_jump,1.0,0.08652914183480026,16.801548453622125,86.62755816278916
2599,2,5,pitch_jump,1.0,0.06123432957175933,14.242001536683553,86.62755816278916
2600,2,5,pitch_jump,1.0,0.04904619794404646,13.577750800756371,86.6608892740484
2601,2,1,pitch_jump,1.0,0.011477443387800764,55.36992616182947,86.69422038530764
2601,2,2,pitch_jump,1.0,0.05089802161244179,12.265966826537705,86.69422038530764
2601,2,5,pitch_jump,1.0,0.051867592910599426,61.11833743808839,86.69422038530764
2601,2,7,pitch_jump,1.0,0.032701096055032644,70.44734371437526,86.69422038530764
2601,2,8,pitch_jump,1.0,0.04859440392895902,71.85747538373677,86.69422038530764
2601,2,13,pitch_jump,1.0,0.02984453697142014,22.69451598145674,86.69422038530764
2601,2,17,pitch_jump,1.0,0.013178591974257607,52.76354784285836,86.69422038530764
2601,2,18,pitch_jump,1.0,0.08007370904955849,12.779087899055066,86.69422038530764
2601,2,19,pitch_jump,1.0,0.03375730356344148,69.09659131408145,86.69422038530764
2601,2,22,pitch_jump,1.0,0.01445102866698614,24.79470866812735,86.69422038530764
2601,2,26,pitch_jump,1.0,0.04532913935944543,72.86605499217539,86.69422038530764
2604,2,1,pitch_jump,1.0,0.014887573850243186,52.38687491550169,86.79421371908539
2604,2,5,pitch_jump,1.0,0.05483835502351604,66.73967591885078,86.79421371908539
2604,2,7,pitch_jump,1.0,0.05199441542427361,58.920918349944984,86.79421371908539
2604,2,8,pitch_jump,1.0,0.035934763946681936,67.27089050660439,86.79421371908539
2604,2,17,pitch_jump,1.0,0.02408333965753154,50.0641789066824,86.79421371908539
2604,2,18,pitch_jump,1.0,0.07646162511647032,14.61110962555524,86.79421371908539
2604,2,19,pitch_jump,1.0,0.03252828860198711,65.22097795548183,86.79421371908539
2604,2,22,pitch_jump,1.0,0.04856169087990367,30.46148766713167,86.79421371908539
2604,2,26,pitch_jump,1.0,0.08645837720515284,77.0004874194681,86.79421371908539
2605,2,1,pitch_jump,1.0,0.008308670037443228,41.53807501818955,86.82754483034465
2605,2,5,pitch_jump,1.0,0.046201454147893194,48.223460478870116,86.82754483034465
2605,2,7,pitch_jump,1.0,0.03253510939030977,52.99852270116036,86.82754483034465
2605,2,8,pitch_jump,1.0,0.030261279055016407,55.843871756541404,86.82754483034465
2605,2,13,pitch_jump,1.0,0.08934139239309899,21.76394566517991,86.82754483034465
2605,2,17,pitch_jump,1.0,0.040681827216926834,39.924116468537974,86.82754483034465
2605,2,19,pitch_jump,1.0,0.04787136327639111,51.037327909136145,86.82754483034465
2605,2,26,pitch_jump,1.0,0.1451400184768048,53.74233457109158,86.82754483034465
2607,2,5,pitch_jump,1.0,0.04340105901538764,17.561474641550163,86.89420705286315
2607,2,7,pitch_jump,1.0,0.025326700550162052,16.57872862953782,86.89420705286315
2607,2,8,pitch_jump,1.0,0.02638191523832489,17.969256662541788,86.89420705286315
2607,2,17,pitch_jump,1.0,0.05256637723943045,12.914323621790341,86.89420705286315
2607,2,19,pitch_jump,1.0,0.0672405865064236,15.083681461310299,86.89420705286315
2607,2,26,pitch_jump,1.0,0.055077643921527066,17.803412996681747,86.89420705286315
2608,2,1,pitch_jump,1.0,0.06884009403162164,14.784180778143835,86.9275381641224
2608,2,13,pitch_jump,1.0,0.10996192366898509,14.410861414521966,86.9275381641224
2611,2,5,pitch_jump,1.0,0.0966726545359223,15.21340724521983,87.02753149790014
2611,2,10,pitch_jump,1.0,0.15084529132041297,16.731848906860886,87.02753149790014
2611,2,13,pitch_jump,1.0,0.15450567398901946,20.097116808659262,87.02753149790014
2611,2,18,pitch_jump,1.0,0.176279226864075,19.642214248187955,87.02753149790014
2612,2,5,pitch_jump,1.0,0.04986665835732871,16.039235457164374,87.06086260915939
2612,2,15,pitch_jump,1.0,0.10644986347156248,15.599653752642926,87.06086260915939
2614,2,2,pitch_jump,1.0,0.1939325984771353,16.622863582320104,87.12752483167789
2614,2,3,pitch_jump,1.0,0.14510935151800966,15.384905290025083,87.12752483167789
2614,2,12,pitch_jump,1.0,0.15503737606364243,16.896820272993004,87.12752483167789
2614,2,13,pitch_jump,1.0,0.1822889186434131,12.632952168132682,87.12752483167789
2614,2,17,pitch_jump,1.0,0.09675432085012668,12.961826309025573,87.12752483167789
2615,2,2,pitch_jump,1.0,0.09560137455554335,14.420704058644855,87.16085594293715
2615,2,12,pitch_jump,1.0,0.07678837285133928,16.284176909252082,87.16085594293715
2615,2,13,pitch_jump,1.0,0.07349843483579821,16.265474290584685,87.16085594293715
2615,2,15,pitch_jump,1.0,0.2108504452434098,17.490226522917723,87.16085594293715
2615,2,19,pitch_jump,1.0,0.04156415588097439,12.4198016087635,87.16085594293715
2615,2,26,pitch_jump,1.0,0.029693986050962858,14.604466429394442,87.16085594293715
2617,2,8,pitch_jump,1.0,0.02282221178193248,15.4506510150992,87.22751816545563
2617,2,19,pitch_jump,1.0,0.10031291800870963,17.760819104172285,87.22751816545563
2617,2,26,pitch_jump,1.0,0.04582591458200226,15.34507117569536,87.22751816545563
2618,2,8,pitch_jump,1.0,0.03355403574287159,13.159918737371948,87.2608492767149
2618,2,19,pitch_jump,1.0,0.04188127084135764,12.685264347145761,87.2608492767149
2619,2,5,pitch_jump,1.0,0.13561161012368064,23.83514478701997,87.29418038797414
2619,2,7,pitch_jump,1.0,0.09046448318778068,19.485486938169,87.29418038797414
2619,2,8,pitch_jump,1.0,0.03659466810433515,24.679795939557213,87.29418038797414
2619,2,15,pitch_jump,2.0,0.2920374195123224,13.320428151594077,87.29418038797414
2619,2,17,pitch_jump,1.0,0.12409255948854293,19.95698837979169,87.29418038797414
2619,2,19,pitch_jump,1.0,0.10834617167436825,26.12910288672012,87.29418038797414
2619,2,22,pitch_jump,1.0,0.12769155412161234,13.94110191183504,87.29418038797414
2619,2,25,pitch_jump,1.0,0.23373259871681804,15.074407730569812,87.29418038797414
2619,2,26,pitch_jump,1.0,0.03902381283566532,26.261874115596452,87.29418038797414
2620,2,15,pitch_jump,1.0,0.37292488213008057,12.609774054563747,87.32751149923338
2620,2,20,pitch_jump,5.0,0.18304554978619017,16.093068702934843,87.32751149923338
2621,2,15,pitch_jump,1.0,0.18756623005125783,15.862679323386487,87.36084261049264
2622,2,15,pitch_jump,1.0,0.3493911733895715,12.341731365223374,87.39417372175188
2622,2,20,pitch_jump,1.0,0.3155507291422899,19.43196546303689,87.39417372175188
2623,2,7,pitch_jump,1.0,0.10313177967448044,12.93330115921538,87.42750483301114
2624,2,8,pitch_jump,1.0,0.051352068488765126,12.584268202269289,87.46083594427039
2624,2,13,pitch_jump,1.0,0.10070716056483962,12.364494355326716,87.46083594427039
2624,2,19,pitch_jump,1.0,0.05006665529203402,12.213040404801278,87.46083594427039
2624,2,20,pitch_jump,1.0,0.14296142422454775,13.158345879898434,87.46083594427039
2625,2,1,pitch_jump,1.0,0.15105933697987617,155.28693477457,87.49416705552963
2625,2,4,pitch_jump,1.0,0.23882627329332137,16.275100495324505,87.49416705552963
2625,2,5,pitch_jump,1.0,0.1239804269547075,179.11087811334764,87.49416705552963
2625,2,7,pitch_jump,1.0,0.12188835393761469,129.1609640237463,87.49416705552963
2625,2,8,pitch_jump,1.0,0.02320275066962194,136.77275009038976,87.49416705552963
2625,2,10,pitch_jump,1.0,0.24446537510614663,35.94921969740748,87.49416705552963
2625,2,12,pitch_jump,1.0,0.22966720112475064,24.952677275495425,87.49416705552963
2625,2,13,pitch_jump,1.0,0.22843827468684536,14.984325095964888,87.49416705552963
2625,2,14,pitch_jump,1.0,0.2589760781457639,88.9063532271496,87.49416705552963
2625,2,15,pitch_jump,1.0,0.3457248634986394,68.71800475066193,87.49416705552963
2625,2,17,pitch_jump,1.0,0.1267499278918963,101.08503806469386,87.49416705552963
2625,2,18,pitch_jump,1.0,0.22754638922560078,58.57975390349308,87.49416705552963
2625,2,19,pitch_jump,1.0,0.10970506719726641,123.37809574441302,87.49416705552963
2625,2,20,pitch_jump,1.0,0.2817158592364369,121.29208652028049,87.49416705552963
2625,2,22,pitch_jump,1.0,0.1550487858252705,73.21621237281421,87.49416705552963
2625,2,25,pitch_jump,1.0,0.2370816444895693,132.58313105146723,87.49416705552963
2625,2,26,pitch_jump,1.0,0.05300871015899878,164.68636131456375,87.49416705552963
2626,2,1,pitch_jump,1.0,0.15289128317461187,128.48365142374035,87.52749816678889
2626,2,4,pitch_jump,1.0,0.2433460509371094,13.851594712128987,87.52749816678889
2626,2,5,pitch_jump,1.0,0.11533974401531251,166.54922446419917,87.52749816678889
2626,2,7,pitch_jump,1.0,0.11300895713002031,127.79783219228464,87.52749816678889
2626,2,8,pitch_jump,1.0,0.013292478572191561,130.35329696110958,87.52749816678889
2626,2,10,pitch_jump,1.0,0.23732118206669447,43.067717191885045,87.52749816678889
2626,2,12,pitch_jump,1.0,0.24836114673929408,22.463457040445956,87.52749816678889
2626,2,13,pitch_jump,1.0,0.22872846611204598,12.773831004951324,87.52749816678889
2626,2,14,pitch_jump,1.0,0.2654340656250198,96.34707331705708,87.52749816678889
2626,2,15,pitch_jump,1.0,0.3710165626102971,78.99017839036996,87.52749816678889
2626,2,17,pitch_jump,1.0,0.12502355309882407,97.86932736730684,87.52749816678889
2626,2,18,pitch_jump,1.0,0.24228198215761607,66.27102273214328,87.52749816678889
2626,2,19,pitch_jump,1.0,0.10831068120685819,116.260887616365,87.52749816678889
2626,2,20,pitch_jump,1.0,0.28350948447280594,116.46002324703622,87.52749816678889
2626,2,22,pitch_jump,1.0,0.12678471569472086,60.1913351897029,87.52749816678889
2626,2,25,pitch_jump,1.0,0.2525276168646097,128.21808994966625,87.52749816678889
2626,2,26,pitch_jump,1.0,0.042796948753151716,155.0161078631556,87.52749816678889
2627,2,1,pitch_jump,1.0,0.06902863818875217,136.13298051539272,87.56082927804813
2627,2,3,pitch_jump,1.0,0.07551995730676397,15.435310296469284,87.56082927804813
2627,2,4,pitch_jump,1.0,0.11398642925068794,17.985775771785505,87.56082927804813
2627,2,5,pitch_jump,1.0,0.05695465901241398,156.40325421981757,87.56082927804813
2627,2,7,pitch_jump,1.0,0.057388287341378054,109.14842848725216,87.56082927804813
2627,2,8,pitch_jump,1.0,0.04954365339639571,112.62199552822864,87.56082927804813
2627,2,10,pitch_jump,1.0,0.11580795826335201,44.36117410138461,87.56082927804813
2627,2,12,pitch_jump,1.0,0.09135604862654921,42.39418967125828,87.56082927804813
2627,2,14,pitch_jump,1.0,0.14383534104510523,93.16132882592443,87.56082927804813
2627,2,15,pitch_jump,1.0,0.20696868088433443,86.28235352875369,87.56082927804813
2627,2,17,pitch_jump,1.0,0.06902451975597798,80.0330118360969,87.56082927804813
2627,2,18,pitch_jump,1.0,0.11495209838282625,61.53771288648461,87.56082927804813
2627,2,19,pitch_jump,1.0,0.050773426561798375,91.19134250719073,87.56082927804813
2627,2,20,pitch_jump,1.0,0.1728093901879805,111.2897837443218,87.56082927804813
2627,2,22,pitch_jump,1.0,0.03343143395916954,55.32324187221651,87.56082927804813
2627,2,25,pitch_jump,1.0,0.15505212641241448,128.8204774061679,87.56082927804813
2627,2,26,pitch_jump,1.0,0.03230592661273155,142.126074900976,87.56082927804813
2628,2,1,pitch_jump,1.0,0.11792372746787752,30.691998109188948,87.59416038930738
2628,2,5,pitch_jump,1.0,0.12209148233286761,22.474893023842505,87.59416038930738
2628,2,7,pitch_jump,1.0,0.12791229782440047,17.067726210204317,87.59416038930738
2628,2,8,pitch_jump,1.0,0.017986738383840784,26.02934516425485,87.59416038930738
2628,2,14,pitch_jump,1.0,0.25855575801482783,17.597459426001663,87.59416038930738
2628,2,17,pitch_jump,1.0,0.12885344474960547,17.826003349825832,87.59416038930738
2628,2,18,pitch_jump,1.0,0.24594492915117075,15.230466840945926,87.59416038930738
2628,2,19,pitch_jump,1.0,0.1262607255150734,28.490844151488464,87.59416038930738
2628,2,20,pitch_jump,1.0,0.2878175478094124,16.611394742514754,87.59416038930738
2628,2,22,pitch_jump,1.0,0.12668616262647497,14.821925096452825,87.59416038930738
2628,2,25,pitch_jump,1.0,0.2383042551145756,14.628697031037918,87.59416038930738
2628,2,26,pitch_jump,1.0,0.018827081863407168,30.206330041894073,87.59416038930738
2629,2,4,pitch_jump,1.0,0.2731510254675138,20.716825673564813,87.62749150056663
2629,2,10,pitch_jump,1.0,0.2547148351679652,19.308414586313752,87.62749150056663
2629,2,12,pitch_jump,1.0,0.2569100798134337,18.022964538026343,87.62749150056663
2629,2,13,pitch_jump,1.0,0.24457803866883598,23.450034329086492,87.62749150056663
2629,2,14,pitch_jump,1.0,0.27569980626545937,20.060778330530155,87.62749150056663
2629,2,15,pitch_jump,1.0,0.37010287444314033,24.52612295509155,87.62749150056663
2629,2,18,pitch_jump,1.0,0.2541310729800149,18.89239870161659,87.62749150056663
2629,2,20,pitch_jump,1.0,0.2974931440844022,21.07327148772392,87.62749150056663
2629,2,25,pitch_jump,1.0,0.2196420960722375,17.018703739691883,87.62749150056663
2630,2,19,pitch_jump,1.0,0.06942773869182921,13.556134208594303,87.66082261182588
2630,2,26,pitch_jump,1.0,0.024634909622116292,12.775614759803252,87.66082261182588
2631,2,1,pitch_jump,1.0,0.11197356656474053,26.826499101291322,87.69415372308514
2631,2,3,pitch_jump,1.0,0.1940088532020691,13.258508087037814,87.69415372308514
2631,2,5,pitch_jump,1.0,0.1455073033739859,20.69351570077271,87.69415372308514
2631,2,7,pitch_jump,1.0,0.14002946108698086,29.776565986001305,87.69415372308514
2631,2,8,pitch_jump,1.0,0.07984271489590068,29.979622179783085,87.69415372308514
2631,2,10,pitch_jump,1.0,0.2666227327632439,12.79135373718539,87.69415372308514
2631,2,14,pitch_jump,1.0,0.2940659427026846,12.58143199349349,87.69415372308514
2631,2,17,pitch_jump,1.0,0.12733045253161449,25.64479039434585,87.69415372308514
2631,2,18,pitch_jump,1.0,0.27711790673832276,12.465368681521056,87.69415372308514
2631,2,19,pitch_jump,1.0,0.12073669343793529,26.383166345260378,87.69415372308514
2631,2,22,pitch_jump,1.0,0.12737249380729943,22.18792755378301,87.69415372308514
2631,2,25,pitch_jump,1.0,0.24308167282585635,16.281767398984428,87.69415372308514
2631,2,26,pitch_jump,1.0,0.03793218908529373,31.22567429633689,87.69415372308514
2632,2,7,pitch_jump,1.0,0.141148783698246,14.236874120501676,87.72748483434438
2632,2,15,pitch_jump,1.0,0.32737730598742415,13.789611757584593,87.72748483434438
2632,2,20,pitch_jump,1.0,0.31547001035654454,16.27799320905397,87.72748483434438
2632,2,26,pitch_jump,1.0,0.057999210769298565,18.59674120637898,87.72748483434438
2634,2,1,pitch_jump,1.0,0.09560456003963982,18.55193995386246,87.79414705686288
2634,2,5,pitch_jump,1.0,0.15149454941215182,14.255087657012874,87.79414705686288
2634,2,8,pitch_jump,1.0,0.060835597873377445,17.466009962388448,87.79414705686288
2634,2,13,pitch_jump,1.0,0.2233433555305516,12.665076487548706,87.79414705686288
2634,2,14,pitch_jump,1.0,0.26275932603632274,13.38372826708695,87.79414705686288
2634,2,15,pitch_jump,1.0,0.31095918169293496,29.630756356725126,87.79414705686288
2634,2,18,pitch_jump,1.0,0.25462907376801397,12.899405611344948,87.79414705686288
2634,2,20,pitch_jump,1.0,0.25286431238068374,16.471078197522978,87.79414705686288
2634,2,25,pitch_jump,1.0,0.2320590064979596,18.774285871226706,87.79414705686288
2634,2,26,pitch_jump,1.0,0.04272219526251793,17.254534599459085,87.79414705686288
2635,2,4,pitch_jump,1.0,0.2366209182177633,13.111206273453405,87.82747816812213
2635,2,13,pitch_jump,1.0,0.21737050515089865,12.074463313032119,87.82747816812213
2635,2,14,pitch_jump,1.0,0.25616841664436096,12.484684542258954,87.82747816812213
2635,2,15,pitch_jump,1.0,0.27022945168772533,18.238913830484456,87.82747816812213
2635,2,20,pitch_jump,1.0,0.27209373920541463,14.421497513010989,87.82747816812213
2636,2,3,pitch_jump,1.0,0.10335518650401375,14.711964649476917,87.86080927938137
2636,2,4,pitch_jump,1.0,0.10715219819388369,16.046579667871846,87.86080927938137
2636,2,5,pitch_jump,1.0,0.07244621738455156,15.822221480283904,87.86080927938137
2636,2,6,pitch_jump,1.0,0.05054884805192675,21.76393359347322,87.86080927938137
2636,2,8,pitch_jump,1.0,0.05439628216586659,13.147342910843436,87.86080927938137
2636,2,12,pitch_jump,1.0,0.11998316332057207,19.250668602286805,87.86080927938137
2636,2,13,pitch_jump,1.0,0.10365219433184336,14.82146392945181,87.86080927938137
2636,2,19,pitch_jump,1.0,0.06390626576379028,13.682039814896005,87.86080927938137
2636,2,20,pitch_jump,1.0,0.11690862354776678,17.09775546420008,87.86080927938137
2636,2,25,pitch_jump,1.0,0.11312582027010533,15.04521050649294,87.86080927938137
2636,2,26,pitch_jump,1.0,0.09453334000817754,12.074189918139991,87.86080927938137
2637,2,6,pitch_jump,1.0,0.1508109536272143,15.147111681956943,87.89414039064063
2637,2,9,pitch_jump,1.0,0.4275583526973633,17.452584454593023,87.89414039064063
2637,2,14,pitch_jump,1.0,0.2798253612004866,17.06379196097838,87.89414039064063
2637,2,15,pitch_jump,1.0,0.2784888157710747,27.467473942482297,87.89414039064063
2637,2,18,pitch_jump,1.0,0.2492736524615974,12.637563913878873,87.89414039064063
2637,2,20,pitch_jump,1.0,0.25428820237684985,25.394544802593604,87.89414039064063
2637,2,25,pitch_jump,1.0,0.22039388667377832,20.88410736259202,87.89414039064063
2638,2,3,pitch_jump,1.0,0.20126669847770703,17.029060418605752,87.92747150189987
2638,2,4,pitch_jump,1.0,0.24966884016764815,12.7602699539736,87.92747150189987
2638,2,5,pitch_jump,1.0,0.18022890817784565,15.35993943056798,87.92747150189987
2638,2,6,pitch_jump,1.0,0.15163150371303355,14.790340937706855,87.92747150189987
2638,2,7,pitch_jump,1.0,0.11556252044862103,12.06221944710972,87.92747150189987
2638,2,8,pitch_jump,1.0,0.04082262447144844,12.013336755852166,87.92747150189987
2638,2,12,pitch_jump,1.0,0.23224896936358186,20.2102043498131,87.92747150189987
2638,2,15,pitch_jump,1.0,0.2439265786888429,13.285580466474906,87.92747150189987
2638,2,19,pitch_jump,1.0,0.12043671446553779,15.551140798089383,87.92747150189987
2638,2,20,pitch_jump,1.0,0.2469830643055095,22.0896099915554,87.92747150189987
2638,2,25,pitch_jump,1.0,0.2264695541044172,14.135736944049079,87.92747150189987
2638,2,26,pitch_jump,1.0,0.06076908970433842,16.150035624512697,87.92747150189987
2639,2,1,pitch_jump,1.0,0.06706731594440574,16.89240329446072,87.96080261315913
2639,2,5,pitch_jump,1.0,0.08391758113603923,12.171271235398946,87.96080261315913
2639,2,6,pitch_jump,1.0,0.0706541874527283,19.86908879897319,87.96080261315913
2639,2,9,pitch_jump,1.0,0.21977162220237334,27.612842329919438,87.96080261315913
2639,2,10,pitch_jump,1.0,0.11658804172942386,18.45700526041466,87.96080261315913
2639,2,12,pitch_jump,1.0,0.12151123155780942,16.199380708268404,87.96080261315913
2639,2,14,pitch_jump,1.0,0.131591733392956,28.088391226093595,87.96080261315913
2639,2,15,pitch_jump,1.0,0.12902570648609624,29.136419797226115,87.96080261315913
2639,2,18,pitch_jump,1.0,0.10441343533432797,18.689827861383204,87.96080261315913
2639,2,20,pitch_jump,1.0,0.11370748286958841,24.87489788238842,87.96080261315913
2639,2,21,pitch_jump,1.0,0.093812155531736,20.934299470236915,87.96080261315913
2639,2,25,pitch_jump,1.0,0.11567848240777044,22.953307842574926,87.96080261315913
2640,2,3,pitch_jump,1.0,0.20479031813118703,16.294795435838683,87.99413372441838
2640,2,4,pitch_jump,1.0,0.25767105961084535,13.906519532700289,87.99413372441838
2640,2,5,pitch_jump,1.0,0.18770156381644576,13.1354710048166,87.99413372441838
2640,2,7,pitch_jump,1.0,0.1271819983285627,16.51525876575037,87.99413372441838
2640,2,8,pitch_jump,1.0,0.0546012599610947,19.014065629356494,87.99413372441838
2640,2,10,pitch_jump,1.0,0.24509186504649938,13.140391681044992,87.99413372441838
2640,2,12,pitch_jump,1.0,0.2633577201990205,17.160966254239046,87.99413372441838
2640,2,17,pitch_jump,1.0,0.12016188938462335,15.56549138222187,87.99413372441838
2640,2,18,pitch_jump,1.0,0.2374284089767885,12.122727951925881,87.99413372441838
2640,2,19,pitch_jump,1.0,0.12464738831738154,15.8648193553028,87.99413372441838
2640,2,22,pitch_jump,1.0,0.11768559996712498,16.335002511271266,87.99413372441838
2640,2,25,pitch_jump,1.0,0.2359709144137439,13.741440781150187,87.99413372441838
2640,2,26,pitch_jump,1.0,0.10120812850720479,13.386742977621681,87.99413372441838
2641,2,1,pitch_jump,1.0,0.12201117682310642,19.538725792962186,88.02746483567762
2641,2,3,pitch_jump,1.0,0.21614179426941046,16.77875523839882,88.02746483567762
2641,2,4,pitch_jump,1.0,0.24706471409132155,13.153346858968652,88.02746483567762
2641,2,5,pitch_jump,1.0,0.19769835939677355,12.905446093822087,88.02746483567762
2641,2,6,pitch_jump,1.0,0.08691658915672033,13.438668888402253,88.02746483567762
2641,2,8,pitch_jump,1.0,0.024820907888119657,12.051943346525016,88.02746483567762
2641,2,12,pitch_jump,1.0,0.2813080088051031,17.015632715030318,88.02746483567762
2641,2,13,pitch_jump,1.0,0.2647687783349629,15.493710885574703,88.02746483567762
2641,2,15,pitch_jump,1.0,0.25805787275675585,12.305017050830717,88.02746483567762
2641,2,17,pitch_jump,1.0,0.11541374713279098,14.779980695838349,88.02746483567762
2641,2,19,pitch_jump,1.0,0.12738634804963667,17.512745197487565,88.02746483567762
2641,2,20,pitch_jump,1.0,0.24789595446420373,24.757525294107392,88.02746483567762
2641,2,21,pitch_jump,1.0,0.2003130376023897,21.746948837871916,88.02746483567762
2641,2,22,pitch_jump,1.0,0.11741715850916791,14.032600766898728,88.02746483567762
2641,2,25,pitch_jump,1.0,0.24063326500792653,15.93927854892433,88.02746483567762
2641,2,26,pitch_jump,1.0,0.08662981932374207,12.787892401850392,88.02746483567762
2642,2,1,pitch_jump,1.0,0.062066682757043766,13.400328633334732,88.06079594693688
2643,1,1,pitch_jump,1.0,0.28235901980423755,19.02637343553867,88.09412705819612
2643,2,6,pitch_jump,1.0,0.09476470631528341,13.090142786374557,88.09412705819612
2643,2,7,pitch_jump,1.0,0.13953883769961223,12.790018018981243,88.09412705819612
2643,2,8,pitch_jump,1.0,0.03984676776639782,17.281938439564033,88.09412705819612
2643,2,17,pitch_jump,1.0,0.13249393294148865,14.828694149385717,88.09412705819612
2643,2,19,pitch_jump,1.0,0.1283155218199513,20.40540165832075,88.09412705819612
2643,2,26,pitch_jump,1.0,0.050678644559955056,19.910488685926904,88.09412705819612
2644,1,1,pitch_jump,1.0,0.29977858747815245,13.822954870811508,88.12745816945537
2644,2,1,pitch_jump,1.0,0.13070938627306639,21.878971780971074,88.12745816945537
2644,2,5,pitch_jump,1.0,0.20764533406170668,14.279029019195304,88.12745816945537
2644,2,17,pitch_jump,1.0,0.14224324454225973,12.51420782982312,88.12745816945537
2644,2,19,pitch_jump,1.0,0.12835372960982877,17.750393725907546,88.12745816945537
2644,2,21,pitch_jump,1.0,0.18545077767948093,14.553352861099146,88.12745816945537
2645,2,26,pitch_jump,1.0,0.061030013693095665,12.073972774341645,88.16078928071462
2646,1,1,pitch_jump,1.0,0.2789532765270046,28.762124302055057,88.19412039197387
2646,2,1,pitch_jump,1.0,0.12547525536184445,12.807103698054101,88.19412039197387
2646,2,10,pitch_jump,1.0,0.2345177782081023,12.258865037408654,88.19412039197387
2646,2,14,pitch_jump,1.0,0.2454205685397424,14.752294094176746,88.19412039197387
2646,2,15,pitch_jump,1.0,0.23887514261067366,18.80052511055927,88.19412039197387
2646,2,18,pitch_jump,1.0,0.23943865133941689,13.27634628126133,88.19412039197387
2646,2,20,pitch_jump,1.0,0.22086276640189856,15.395031960398104,88.19412039197387
2646,2,25,pitch_jump,1.0,0.19721077255893538,15.764922571696683,88.19412039197387
2647,2,26,pitch_jump,1.0,0.07066141515970902,12.35011490450216,88.22745150323313
2648,2,6,pitch_jump,1.0,0.027431477166555782,13.557165672312054,88.26078261449237
2648,2,17,pitch_jump,1.0,0.060715584312169564,12.443272585483365,88.26078261449237
2648,2,19,pitch_jump,1.0,0.06346769019885488,18.218785223882065,88.26078261449237
2649,1,1,pitch_jump,1.0,0.29168697979801256,14.980146358602873,88.29411372575161
2649,2,1,pitch_jump,1.0,0.13572747403426746,14.918933643631929,88.29411372575161
2649,2,10,pitch_jump,1.0,0.2305995581556938,12.556904927853749,88.29411372575161
2649,2,15,pitch_jump,1.0,0.23562108465627277,14.346273957208874,88.29411372575161
2649,2,22,pitch_jump,1.0,0.06676895010479646,12.759030360386566,88.29411372575161
2650,2,5,pitch_jump,1.0,0.13185364739889024,14.894905162968124,88.32744483701087
2650,2,6,pitch_jump,1.0,0.08296850393061989,14.102385211911413,88.32744483701087
2650,2,7,pitch_jump,1.0,0.13044119153007172,16.14626444462006,88.32744483701087
2650,2,8,pitch_jump,1.0,0.018066477040983978,20.618955232363508,88.32744483701087
2650,2,17,pitch_jump,1.0,0.11123756684300311,13.135240473303728,88.32744483701087
2650,2,19,pitch_jump,1.0,0.1095432509619966,16.646115980189734,88.32744483701087
2650,2,22,pitch_jump,1.0,0.053213664064726475,12.877224594458102,88.32744483701087
2650,2,26,pitch_jump,1.0,0.06473237030600712,26.455505795388763,88.32744483701087
2651,2,26,pitch_jump,1.0,0.15414255840528351,16.61167882474972,88.36077594827012
2652,2,5,pitch_jump,1.0,0.13455131856237307,22.728050274461367,88.39410705952936
2652,2,6,pitch_jump,1.0,0.10680844211591455,16.58506764062099,88.39410705952936
2652,2,8,pitch_jump,1.0,0.02643183115350659,16.904489782212206,88.39410705952936
2652,2,19,pitch_jump,1.0,0.10244711715417794,12.651021902812852,88.39410705952936
2653,2,4,pitch_jump,1.0,0.24183513347483715,13.0490891407014,88.42743817078862
2653,2,6,pitch_jump,1.0,0.11814903278648292,18.23611282197226,88.42743817078862
2653,2,8,pitch_jump,1.0,0.024148754077178806,15.137595979035744,88.42743817078862
2653,2,11,pitch_jump,1.0,0.07300977087996532,17.93824653813438,88.42743817078862
2653,2,21,pitch_jump,1.0,0.16358851013677855,12.563675879868729,88.42743817078862
2654,2,5,pitch_jump,1.0,0.05080027411818922,21.778324201841805,88.46076928204786
2654,2,6,pitch_jump,1.0,0.03382111598412411,28.13239868337233,88.46076928204786
2654,2,7,pitch_jump,1.0,0.04572551748824653,17.563763598862884,88.46076928204786
2654,2,8,pitch_jump,1.0,0.0185928540668862,21.423893041289272,88.46076928204786
2654,2,10,pitch_jump,1.0,0.12250298296942955,12.786030153698137,88.46076928204786
2654,2,11,pitch_jump,1.0,0.048960790490923514,19.88144114446027,88.46076928204786
2654,2,13,pitch_jump,1.0,0.103914469691177,14.274156540998813,88.46076928204786
2654,2,14,pitch_jump,1.0,0.10106812632834727,12.603874263882506,88.46076928204786
2654,2,17,pitch_jump,1.0,0.06324134137813613,15.163168784392203,88.46076928204786
2654,2,21,pitch_jump,1.0,0.06512957139732391,23.618278952241525,88.46076928204786
2654,2,22,pitch_jump,1.0,0.01766419929104748,17.91879922787564,88.46076928204786
2654,2,25,pitch_jump,1.0,0.06826637202936373,12.13781026496117,88.46076928204786
2655,1,1,pitch_jump,1.0,0.2910679893359762,22.672723599072693,88.49410039330712
2655,2,5,pitch_jump,1.0,0.16731700230685492,13.161907898616366,88.49410039330712
2655,2,6,pitch_jump,1.0,0.143030684273143,18.180065833295025,88.49410039330712
2655,2,8,pitch_jump,1.0,0.008229819354916219,14.116269833117332,88.49410039330712
2655,2,14,pitch_jump,1.0,0.2463930305561605,15.878689507156102,88.49410039330712
2655,2,18,pitch_jump,1.0,0.21586999248958336,12.793242982538786,88.49410039330712
2655,2,20,pitch_jump,1.0,0.17744209839760341,18.091521498038723,88.49410039330712
2655,2,21,pitch_jump,1.0,0.19194695729430084,20.573627839268752,88.49410039330712
2655,2,22,pitch_jump,1.0,0.09496891174648005,15.376172065680047,88.49410039330712
2655,2,25,pitch_jump,1.0,0.19170937855932388,16.531818327077243,88.49410039330712
2656,2,4,pitch_jump,1.0,0.21088701197051107,14.976757153455685,88.52743150456637
2656,2,13,pitch_jump,1.0,0.21714608871940722,14.504452297628077,88.52743150456637
2657,1,1,pitch_jump,1.0,0.13206370604159617,16.673062125215598,88.56076261582561
2657,2,6,pitch_jump,1.0,0.04712970862160653,12.749078756252539,88.56076261582561
2657,2,10,pitch_jump,1.0,0.1068480239112208,12.8252966295248,88.56076261582561
2657,2,14,pitch_jump,1.0,0.10945303912575577,16.15838242594563,88.56076261582561
2657,2,18,pitch_jump,1.0,0.080449265193908,15.32526885315267,88.56076261582561
2657,2,20,pitch_jump,1.0,0.06905230722973973,12.001717044077868,88.56076261582561
2658,1,1,pitch_jump,1.0,0.24909144981942594,23.718799996852965,88.59409372708487
2658,2,1,pitch_jump,1.0,0.1041520329862691,30.282917293833776,88.59409372708487
2658,2,4,pitch_jump,1.0,0.20896111952020296,12.853041239853757,88.59409372708487
2658,2,5,pitch_jump,1.0,0.19086242686076674,24.506465836402644,88.59409372708487
2658,2,6,pitch_jump,1.0,0.11080718281555976,24.835906845822493,88.59409372708487
2658,2,7,pitch_jump,1.0,0.118724882570489,13.940450269156434,88.59409372708487
2658,2,8,pitch_jump,1.0,0.042975211278776404,16.670842240225046,88.59409372708487
2658,2,10,pitch_jump,1.0,0.22082022590073444,15.558538711585578,88.59409372708487
2658,2,11,pitch_jump,1.0,0.020323947519958405,20.841381140050466,88.59409372708487
2658,2,14,pitch_jump,1.0,0.2318850168505923,21.612713016198683,88.59409372708487
2658,2,15,pitch_jump,1.0,0.202187997322723,23.25308879898225,88.59409372708487
2658,2,17,pitch_jump,1.0,0.1097636554915747,16.895453910593172,88.59409372708487
2658,2,18,pitch_jump,1.0,0.21969312663654264,18.932674608531016,88.59409372708487
2658,2,21,pitch_jump,1.0,0.16985792028641808,28.92766847575373,88.59409372708487
2658,2,22,pitch_jump,1.0,0.09150770602206776,16.04915661442659,88.59409372708487
2658,2,25,pitch_jump,1.0,0.1678899193908842,29.677709259292342,88.59409372708487
2659,1,1,pitch_jump,1.0,0.2440881856178655,12.914252070323453,88.62742483834411
2659,2,6,pitch_jump,1.0,0.07847974197811428,13.205443550126198,88.62742483834411
2659,2,7,pitch_jump,1.0,0.11822831040417199,13.304826659183618,88.62742483834411
2659,2,8,pitch_jump,1.0,0.03606880251434455,13.391872169267197,88.62742483834411
2660,2,1,pitch_jump,1.0,0.04674089114432842,12.173839388860669,88.66075594960337
2660,2,4,pitch_jump,1.0,0.126443409257483,15.44700264274803,88.66075594960337
2660,2,25,pitch_jump,1.0,0.06544938025098078,13.017811645676701,88.66075594960337
2661,1,1,pitch_jump,1.0,0.26494989080901743,15.696469998489823,88.69408706086261
2661,2,7,pitch_jump,1.0,0.1485430026581913,14.142796370684684,88.69408706086261
2661,2,10,pitch_jump,1.0,0.2049546376376707,12.082810467044304,88.69408706086261
2661,2,14,pitch_jump,1.0,0.21715291818799012,15.619914337691169,88.69408706086261
2661,2,15,pitch_jump,1.0,0.21190117396010077,18.341872685783887,88.69408706086261
2661,2,18,pitch_jump,1.0,0.20209256369122428,12.413230417386664,88.69408706086261
2661,2,20,pitch_jump,1.0,0.19515324619444258,23.49271317054185,88.69408706086261
2661,2,21,pitch_jump,1.0,0.1635822163051568,12.929254885987888,88.69408706086261
2661,2,25,pitch_jump,1.0,0.15279641812795322,21.70712591967904,88.69408706086261
2662,2,1,pitch_jump,1.0,0.06979630612091874,15.752826656954799,88.72741817212186
2662,2,4,pitch_jump,1.0,0.22264437453045652,24.875052051563408,88.72741817212186
2662,2,5,pitch_jump,1.0,0.09819582147022878,15.135093499091546,88.72741817212186
2662,2,7,pitch_jump,1.0,0.13111058070108134,16.392177236194065,88.72741817212186
2662,2,8,pitch_jump,1.0,0.017808648205056198,19.91428201773535,88.72741817212186
2662,2,10,pitch_jump,1.0,0.22369921579824525,16.927323647335317,88.72741817212186
2662,2,11,pitch_jump,1.0,0.0071801112301676465,19.30796913337469,88.72741817212186
2662,2,13,pitch_jump,1.0,0.20653572028492173,22.0741911534164,88.72741817212186
2662,2,14,pitch_jump,1.0,0.21503091515207928,15.747814188457985,88.72741817212186
2662,2,15,pitch_jump,1.0,0.19880361786229567,15.839733016573838,88.72741817212186
2662,2,17,pitch_jump,1.0,0.11952803315443167,18.384839518819224,88.72741817212186
2662,2,18,pitch_jump,1.0,0.21589994209563215,17.246657825278533,88.72741817212186
2662,2,20,pitch_jump,1.0,0.17067890614068681,18.44849934230336,88.72741817212186
2662,2,22,pitch_jump,1.0,0.08806290531072088,20.17595592224262,88.72741817212186
2662,2,25,pitch_jump,1.0,0.14406995714187143,14.273637088487197,88.72741817212186
2663,1,1,pitch_jump,1.0,0.11830109638074324,12.706343891746089,88.76074928338112
2663,2,1,pitch_jump,1.0,0.04983620306058299,15.784611472608457,88.76074928338112
2663,2,11,pitch_jump,1.0,0.032064540467324015,12.104373868815593,88.76074928338112
2664,2,1,pitch_jump,1.0,0.07459600072842505,21.91414097197324,88.79408039464036
2664,2,4,pitch_jump,1.0,0.2333675179784517,28.285679702657127,88.79408039464036
2664,2,5,pitch_jump,1.0,0.13568987837216676,21.69385839772011,88.79408039464036
2664,2,6,pitch_jump,1.0,0.09073481843884094,19.576675741404234,88.79408039464036
2664,2,7,pitch_jump,1.0,0.11722569369580618,18.130242062740507,88.79408039464036
2664,2,8,pitch_jump,1.0,0.03192763280338164,19.30681685891258,88.79408039464036
2664,2,10,pitch_jump,1.0,0.2165399664336826,14.079441406745339,88.79408039464036
2664,2,11,pitch_jump,1.0,0.028888762851282675,17.952116494143162,88.79408039464036
2664,2,13,pitch_jump,1.0,0.21377702637915666,20.28670332976253,88.79408039464036
2664,2,14,pitch_jump,1.0,0.21791170475206553,17.58658608660549,88.79408039464036
2664,2,15,pitch_jump,1.0,0.22605758900476128,14.28825679183145,88.79408039464036
2664,2,17,pitch_jump,1.0,0.12202102371524087,26.3314747871675,88.79408039464036
2664,2,18,pitch_jump,1.0,0.23111423907891235,15.771972322178831,88.79408039464036
2664,2,20,pitch_jump,1.0,0.1773453102029963,19.636689531006038,88.79408039464036
2664,2,21,pitch_jump,1.0,0.17588548132713208,18.04550883263935,88.79408039464036
2664,2,22,pitch_jump,1.0,0.08115215772845988,14.456732565266922,88.79408039464036
2664,2,25,pitch_jump,1.0,0.1624173308388754,17.43493703381655,88.79408039464036
2665,1,1,pitch_jump,1.0,0.2268981824974087,13.701235438667021,88.8274115058996
2666,2,1,pitch_jump,1.0,0.03708155203127073,12.357634970181053,88.86074261715886
2666,2,4,pitch_jump,1.0,0.11924963516007034,23.37990067157759,88.86074261715886
2666,2,7,pitch_jump,1.0,0.05137315576832885,16.48865196967689,88.86074261715886
2666,2,8,pitch_jump,1.0,0.012771646529827742,16.676192464585863,88.86074261715886
2666,2,11,pitch_jump,1.0,0.059676840479370726,16.5912303262795,88.86074261715886
2666,2,13,pitch_jump,1.0,0.10658240388492653,19.302160631547263,88.86074261715886
2666,2,17,pitch_jump,1.0,0.0520638435802066,19.77622757164099,88.86074261715886
2666,2,22,pitch_jump,1.0,0.011914109223211093,18.203819796807814,88.86074261715886
2667,2,1,pitch_jump,1.0,0.09158890599886184,20.706377954598953,88.8940737284181
2667,2,5,pitch_jump,1.0,0.16708881421380856,14.17730721818259,88.8940737284181
2667,2,6,pitch_jump,1.0,0.0838777195887174,18.25027372750977,88.8940737284181
2667,2,7,pitch_jump,1.0,0.11527446523569812,17.174624158863796,88.8940737284181
2667,2,8,pitch_jump,1.0,0.059485459784820054,21.789444975792126,88.8940737284181
2667,2,9,pitch_jump,1.0,0.3506763633858355,21.959974034397046,88.8940737284181
2667,2,11,pitch_jump,1.0,0.04289740006707944,20.612708200336034,88.8940737284181
2667,2,17,pitch_jump,1.0,0.10583172037374979,21.889601649660598,88.8940737284181
2667,2,21,pitch_jump,1.0,0.16273450913573362,16.599283182403937,88.8940737284181
2667,2,22,pitch_jump,1.0,0.07880119133373928,12.88703975982957,88.8940737284181
2668,2,9,pitch_jump,1.0,0.350631268168315,12.102743106819025,88.92740483967737
2668,2,25,pitch_jump,1.0,0.1377860095166637,15.244990849748437,88.92740483967737
2669,2,7,pitch_jump,1.0,0.05903128449222152,12.332416181364371,88.96073595093661
2670,2,11,pitch_jump,1.0,0.09202854915808925,12.048144126424896,88.99406706219585
2673,2,2,pitch_jump,1.0,0.20412154604365965,15.480503852920409,89.0940603959736
2673,2,8,pitch_jump,1.0,0.01406183556596622,14.769734132093813,89.0940603959736
2673,2,9,pitch_jump,1.0,0.33202422135416726,14.582534909534536,89.0940603959736
2673,2,11,pitch_jump,1.0,0.01369707001781512,14.879270802812435,89.0940603959736
2673,2,13,pitch_jump,1.0,0.22570649021249864,13.849484110017977,89.0940603959736
2673,2,20,pitch_jump,1.0,0.14597736709986445,12.60378790617111,89.0940603959736
2674,1,1,pitch_jump,1.0,0.17819352844309788,12.96313463120631,89.12739150723286
2674,2,9,pitch_jump,1.0,0.3118387834810996,31.524448521310603,89.12739150723286
2674,2,10,pitch_jump,1.0,0.191511797990279,14.399416921603382,89.12739150723286
2674,2,13,pitch_jump,1.0,0.217962324874847,13.906594706371715,89.12739150723286
2674,2,18,pitch_jump,1.0,0.16687634053318454,12.887837762621942,89.12739150723286
2675,1,1,pitch_jump,1.0,0.11615682173586024,16.61609186223855,89.1607226184921
2675,2,2,pitch_jump,1.0,0.044634885431052616,19.81050565249988,89.1607226184921
2675,2,10,pitch_jump,1.0,0.09823174625790225,22.797676494783286,89.1607226184921
2675,2,13,pitch_jump,1.0,0.10448598750727443,26.848061445432755,89.1607226184921
2675,2,14,pitch_jump,1.0,0.09343269067428062,22.200594208207896,89.1607226184921
2675,2,15,pitch_jump,1.0,0.09067572410578119,19.260631403087977,89.1607226184921
2675,2,18,pitch_jump,1.0,0.08308205533489171,18.443431150382757,89.1607226184921
2675,2,20,pitch_jump,1.0,0.06971347520867294,20.719386944584613,89.1607226184921
2675,2,25,pitch_jump,1.0,0.07042196582095878,21.475661711365266,89.1607226184921
2676,2,5,pitch_jump,1.0,0.0855990168797007,12.226506471723075,89.19405372975136
2676,2,6,pitch_jump,1.0,0.10068909648317738,17.310648399447505,89.19405372975136
2676,2,7,pitch_jump,1.0,0.08264170719364258,17.17476852489265,89.19405372975136
2676,2,10,pitch_jump,1.0,0.21101430273826016,14.867090365507028,89.19405372975136
2676,2,11,pitch_jump,1.0,0.05752688670332279,13.13844560147985,89.19405372975136
2676,2,13,pitch_jump,1.0,0.20735401464050113,13.577104239962722,89.19405372975136
2676,2,14,pitch_jump,1.0,0.18810146508130832,13.041984033012447,89.19405372975136
2676,2,15,pitch_jump,1.0,0.17847179090265203,17.177728768996932,89.19405372975136
2676,2,18,pitch_jump,1.0,0.17596258532872086,15.196831873823246,89.19405372975136
2676,2,20,pitch_jump,1.0,0.1335889678040559,18.854546489536865,89.19405372975136
2676,2,21,pitch_jump,1.0,0.1397350861979031,16.845171660486923,89.19405372975136
2676,2,22,pitch_jump,1.0,0.09193560699154467,19.089151949375584,89.19405372975136
2677,2,1,pitch_jump,1.0,0.054745739326884715,23.609187866368245,89.2273848410106
2677,2,5,pitch_jump,1.0,0.09497721431948707,18.46296703284666,89.2273848410106
2677,2,6,pitch_jump,1.0,0.07678935022744995,18.20257394648289,89.2273848410106
2677,2,7,pitch_jump,1.0,0.1057063817190216,21.035069814767773,89.2273848410106
2677,2,8,pitch_jump,1.0,0.04643127763602648,16.917826342170432,89.2273848410106
2677,2,10,pitch_jump,1.0,0.1918966922186596,13.41236176541782,89.2273848410106
2677,2,11,pitch_jump,1.0,0.06974312256719979,12.335285729794904,89.2273848410106
2677,2,13,pitch_jump,1.0,0.1939790360537433,13.792070629101277,89.2273848410106
2677,2,14,pitch_jump,1.0,0.15766795667638606,17.765667346532318,89.2273848410106
2677,2,17,pitch_jump,1.0,0.11205051746865763,18.016980802768025,89.2273848410106
2677,2,18,pitch_jump,1.0,0.16408850061580202,13.652268628443023,89.2273848410106
2677,2,20,pitch_jump,1.0,0.11730881944669716,12.539767177592397,89.2273848410106
2677,2,21,pitch_jump,1.0,0.11046392582644886,14.740530397915343,89.2273848410106
2677,2,25,pitch_jump,1.0,0.11658980863214258,24.43170581351892,89.2273848410106
2678,2,10,pitch_jump,1.0,0.09543185348424738,12.116919737974229,89.26071595226985
2679,2,8,pitch_jump,1.0,0.04871687509930554,14.023662348932325,89.2940470635291
2679,2,25,pitch_jump,1.0,0.15470582870556027,25.331704487758138,89.2940470635291
2680,2,8,pitch_jump,1.0,0.07766222778390472,12.056627491932883,89.32737817478835
2680,2,22,pitch_jump,1.0,0.11634421963204511,19.06621393650822,89.32737817478835
2681,1,1,pitch_jump,1.0,0.11892563100102724,22.919527422518005,89.3607092860476
2681,2,7,pitch_jump,1.0,0.0690622830170525,15.262871119864275,89.3607092860476
2681,2,10,pitch_jump,1.0,0.09272517650070006,23.660634477611488,89.3607092860476
2681,2,13,pitch_jump,1.0,0.07908351339451593,18.51061564258073,89.3607092860476
2681,2,14,pitch_jump,1.0,0.08886094791725048,19.70595589806886,89.3607092860476
2681,2,15,pitch_jump,1.0,0.08037593628119222,22.808351743647215,89.3607092860476
2681,2,17,pitch_jump,1.0,0.0443125646427601,12.657287128418284,89.3607092860476
2681,2,18,pitch_jump,1.0,0.10075440461835311,21.436462356609855,89.3607092860476
2681,2,20,pitch_jump,1.0,0.060566724882107396,16.274495419451384,89.3607092860476
2681,2,25,pitch_jump,1.0,0.05357539736170607,12.855410164439506,89.3607092860476
2682,1,1,pitch_jump,1.0,0.16904794474647372,28.91999517979408,89.39404039730685
2682,2,1,pitch_jump,1.0,0.06402104449570034,15.086549569549511,89.39404039730685
2682,2,8,pitch_jump,1.0,0.0007330482828911182,14.8894576015004,89.39404039730685
2682,2,10,pitch_jump,1.0,0.1799474512507412,26.69676208831667,89.39404039730685
2682,2,11,pitch_jump,1.0,0.028917351371288563,14.340125031016333,89.39404039730685
2682,2,13,pitch_jump,1.0,0.17673223904489396,28.223868759041462,89.39404039730685
2682,2,14,pitch_jump,1.0,0.15245689013728456,23.999248137568244,89.39404039730685
2682,2,15,pitch_jump,1.0,0.1510704796456309,21.34596518844,89.39404039730685
2682,2,18,pitch_jump,1.0,0.17158771045144702,25.163541716749208,89.39404039730685
2682,2,20,pitch_jump,1.0,0.10777442288758793,16.09873306708921,89.39404039730685
2682,2,21,pitch_jump,1.0,0.08865265993163905,15.911866484646447,89.39404039730685
2682,2,22,pitch_jump,1.0,0.07008759463697997,13.859366479597977,89.39404039730685
2682,2,25,pitch_jump,1.0,0.0964535365786761,18.092139809788858,89.39404039730685
2683,2,7,pitch_jump,1.0,0.1294954500094458,17.796587248073514,89.4273715085661
2685,2,10,pitch_jump,1.0,0.16653033001939904,12.772880984896604,89.4940337310846
2685,2,13,pitch_jump,1.0,0.14366409658125956,13.390813200744647,89.4940337310846
2685,2,17,pitch_jump,1.0,0.10384079151457147,12.506441219007439,89.4940337310846
2686,2,1,pitch_jump,1.0,0.053860969983255305,15.967042021824586,89.52736484234384
2686,2,5,pitch_jump,1.0,0.03822539361463275,18.615912307072218,89.52736484234384
2686,2,6,pitch_jump,1.0,0.024400506240650526,24.457187777648524,89.52736484234384
2686,2,7,pitch_jump,1.0,0.06269597246764272,16.241094509467747,89.52736484234384
2686,2,8,pitch_jump,1.0,0.02466004283250359,19.409220578229167,89.52736484234384
2686,2,10,pitch_jump,1.0,0.15769300813345202,12.914368908051049,89.52736484234384
2686,2,11,pitch_jump,1.0,0.03651030656471388,21.422929122915622,89.52736484234384
2686,2,14,pitch_jump,1.0,0.13800925631245167,15.554934709800886,89.52736484234384
2686,2,15,pitch_jump,1.0,0.15083003246626678,14.317227234305903,89.52736484234384
2686,2,18,pitch_jump,1.0,0.126331809950129,15.801255168523937,89.52736484234384
2686,2,20,pitch_jump,1.0,0.04755012945632252,19.629661291026267,89.52736484234384
2686,2,21,pitch_jump,1.0,0.055141526396177705,18.9138853322956,89.52736484234384
2686,2,22,pitch_jump,1.0,0.022016950701764834,21.011780620592337,89.52736484234384
2686,2,25,pitch_jump,1.0,0.07903524813452449,17.365122826525248,89.52736484234384
2687,2,1,pitch_jump,1.0,0.015817497915407076,23.171613472632732,89.5606959536031
2687,2,5,pitch_jump,1.0,0.04635035273918898,14.813026097841707,89.5606959536031
2687,2,6,pitch_jump,1.0,0.02614128953006497,13.834394914594332,89.5606959536031
2687,2,7,pitch_jump,1.0,0.01965151939938306,13.587341927069662,89.5606959536031
2687,2,8,pitch_jump,1.0,0.023091348821753413,17.33383074861319,89.5606959536031
2687,2,11,pitch_jump,1.0,0.05912063246701912,12.640598032053674,89.5606959536031
2687,2,17,pitch_jump,1.0,0.04938111622406516,23.54840232547083,89.5606959536031
2687,2,22,pitch_jump,1.0,0.01274159191343665,15.20152127466909,89.5606959536031
2687,2,25,pitch_jump,1.0,0.028839337344980603,17.17182627650547,89.5606959536031
2688,2,1,pitch_jump,1.0,0.04248784222944584,22.10080726554933,89.59402706486235
2688,2,5,pitch_jump,1.0,0.0701009733021179,22.513971759613064,89.59402706486235
2688,2,6,pitch_jump,1.0,0.04182706768227364,29.993285455742324,89.59402706486235
2688,2,7,pitch_jump,1.0,0.06936765949218858,15.528322194256747,89.59402706486235
2688,2,8,pitch_jump,1.0,0.04137140713500224,14.414339919682334,89.59402706486235
2688,2,10,pitch_jump,1.0,0.15384270875790834,16.82176941590968,89.59402706486235
2688,2,11,pitch_jump,1.0,0.05247309783986828,17.370761302499165,89.59402706486235
2688,2,13,pitch_jump,1.0,0.1888311497799367,19.526724859519657,89.59402706486235
2688,2,14,pitch_jump,1.0,0.13772778750205583,23.771123913954266,89.59402706486235
2688,2,15,pitch_jump,1.0,0.09289039658809295,21.100046047454352,89.59402706486235
2688,2,17,pitch_jump,1.0,0.09286054416964096,23.05661897100154,89.59402706486235
2688,2,18,pitch_jump,1.0,0.134905505819158,17.54074552042562,89.59402706486235
2688,2,20,pitch_jump,1.0,0.06509494991868368,25.750943412533736,89.59402706486235
2688,2,21,pitch_jump,1.0,0.0629079179763152,31.53845519164253,89.59402706486235
2688,2,25,pitch_jump,1.0,0.11569528519509728,32.972193219771384,89.59402706486235
2689,2,7,pitch_jump,1.0,0.07752269003943367,14.059467794678305,89.62735817612159
2689,2,8,pitch_jump,1.0,0.07077228524796866,15.240977812493373,89.62735817612159
2689,2,13,pitch_jump,1.0,0.18854276119651953,17.120714166202855,89.62735817612159
2689,2,22,pitch_jump,1.0,0.09536624868453447,18.47998729167279,89.62735817612159
2690,2,10,pitch_jump,1.0,0.07176758950463082,15.831543772275012,89.66068928738085
2690,2,13,pitch_jump,1.0,0.0876635743352219,15.579606625595455,89.66068928738085
2691,2,6,pitch_jump,1.0,0.0268142348562149,12.50662989429193,89.69402039864009
2691,2,8,pitch_jump,1.0,0.08384030447269006,15.304679375199841,89.69402039864009
2691,2,22,pitch_jump,1.0,0.09652120446428746,15.526117800815214,89.69402039864009
2691,2,25,pitch_jump,1.0,0.11310134772224391,12.916268833684578,89.69402039864009
2692,2,1,pitch_jump,1.0,0.031846586643848034,27.978479804757733,89.72735150989935
2692,2,5,pitch_jump,1.0,0.0794695980962495,13.171400960462558,89.72735150989935
2692,2,6,pitch_jump,1.0,0.015503494577471561,20.683912748267144,89.72735150989935
2692,2,7,pitch_jump,1.0,0.06034757798472375,16.52485812898261,89.72735150989935
2692,2,8,pitch_jump,1.0,0.031233049952566285,24.428341946741202,89.72735150989935
2692,2,10,pitch_jump,1.0,0.15222098707903964,15.329832757149816,89.72735150989935
2692,2,11,pitch_jump,1.0,0.028469625245410878,21.465534800899764,89.72735150989935
2692,2,14,pitch_jump,1.0,0.13335235956521885,15.745566903167122,89.72735150989935
2692,2,15,pitch_jump,1.0,0.11763939954135706,19.431027620642276,89.72735150989935
2692,2,18,pitch_jump,1.0,0.1543378541124697,15.274560651351276,89.72735150989935
2692,2,20,pitch_jump,1.0,0.07311529103911399,18.156215937668122,89.72735150989935
2692,2,21,pitch_jump,1.0,0.07487088089903517,16.9019109495543,89.72735150989935
2692,2,22,pitch_jump,1.0,0.051336577627125346,21.23889442973768,89.72735150989935
2692,2,23,pitch_jump,1.0,0.14418029778375482,16.16000017204545,89.72735150989935
2692,2,25,pitch_jump,1.0,0.09301683050161286,21.085619525713675,89.72735150989935
2693,2,13,pitch_jump,1.0,0.07993638640565044,12.031456511770816,89.7606826211586
2694,2,1,pitch_jump,1.0,0.046383581971367695,15.706864416929918,89.79401373241784
2694,2,6,pitch_jump,1.0,0.023419987404166325,13.072272299954559,89.79401373241784
2694,2,8,pitch_jump,1.0,0.009826620708838022,13.831821766701907,89.79401373241784
2694,2,11,pitch_jump,1.0,0.005242011438304851,13.019909035974917,89.79401373241784
2694,2,13,pitch_jump,1.0,0.19557825314758626,13.947902589932564,89.79401373241784
2695,2,1,pitch_jump,1.0,0.020587857765814174,42.23216672447276,89.8273448436771
2695,2,5,pitch_jump,1.0,0.07860332456487913,19.389243617941432,89.8273448436771
2695,2,6,pitch_jump,1.0,0.04163034659942031,26.098452899084933,89.8273448436771
2695,2,7,pitch_jump,1.0,0.04002025162317806,25.941114953244014,89.8273448436771
2695,2,8,pitch_jump,1.0,0.008756226252030834,30.130210401545693,89.8273448436771
2695,2,10,pitch_jump,1.0,0.15781530026691634,17.963428312281845,89.8273448436771
2695,2,11,pitch_jump,1.0,0.044784624658825836,27.61555051408079,89.8273448436771
2695,2,13,pitch_jump,1.0,0.17001782757547748,15.081479175722592,89.8273448436771
2695,2,14,pitch_jump,1.0,0.1377705722392143,15.26518106520443,89.8273448436771
2695,2,15,pitch_jump,1.0,0.12219619084571438,15.68095050906227,89.8273448436771
2695,2,18,pitch_jump,1.0,0.157968167011829,15.880123796192015,89.8273448436771
2695,2,20,pitch_jump,1.0,0.07166723934827071,18.473183446103032,89.8273448436771
2695,2,21,pitch_jump,1.0,0.03468251959295026,18.201373863891508,89.8273448436771
2695,2,22,pitch_jump,1.0,0.053869373878400045,20.267706068300566,89.8273448436771
2695,2,23,pitch_jump,1.0,0.13427816683915134,18.235604966074035,89.8273448436771
2695,2,25,pitch_jump,1.0,0.08735042777701137,26.7682572353955,89.8273448436771
2696,2,22,pitch_jump,1.0,0.07352388921842369,15.54406480773779,89.86067595493634
2697,2,1,pitch_jump,1.0,0.04436640702616484,22.80489379757781,89.89400706619558
2697,2,6,pitch_jump,1.0,0.04329621611611208,22.70989060765928,89.89400706619558
2697,2,11,pitch_jump,1.0,0.039460690710743776,16.652126105193425,89.89400706619558
2697,2,21,pitch_jump,1.0,0.038037465797828886,16.588727817973965,89.89400706619558
2697,2,25,pitch_jump,1.0,0.09501281731337272,12.574031961614422,89.89400706619558
2698,2,13,pitch_jump,1.0,0.17774891501369017,17.20554876545277,89.92733817745484
2698,2,22,pitch_jump,1.0,0.127753308224164,17.847422146727347,89.92733817745484
2700,2,6,pitch_jump,1.0,0.03457619012901955,13.650205269594988,89.99400039997334
2700,2,7,pitch_jump,1.0,0.045120887191516273,12.57782367167834,89.99400039997334
2700,2,8,pitch_jump,1.0,0.02868542597212839,14.818510106020245,89.99400039997334
2700,2,11,pitch_jump,1.0,0.013609189542851499,14.598453672420955,89.99400039997334
2700,2,14,pitch_jump,1.0,0.0860556450484003,16.762562735280465,89.99400039997334
2700,2,15,pitch_jump,1.0,0.10408325474438294,13.135499903375072,89.99400039997334
2700,2,18,pitch_jump,1.0,0.09911568580046617,17.91981024384078,89.99400039997334
2700,2,20,pitch_jump,1.0,0.05719945908367287,14.896565267048427,89.99400039997334
2700,2,21,pitch_jump,1.0,0.06457097614849298,14.78109304304368,89.99400039997334
2700,2,22,pitch_jump,1.0,0.039307651617771444,13.477815736861498,89.99400039997334
2700,2,23,pitch_jump,1.0,0.11273236282219193,14.671615465014938,89.99400039997334
2700,2,25,pitch_jump,1.0,0.07157043407802068,12.690836426970643,89.99400039997334
2701,2,5,pitch_jump,1.0,0.06075208984475521,18.695335191408788,90.02733151123259
2701,2,7,pitch_jump,1.0,0.06989661441298772,23.449550600725622,90.02733151123259
2701,2,8,pitch_jump,1.0,0.051572921603965864,12.600837715286604,90.02733151123259
2701,2,21,pitch_jump,1.0,0.06333108494540253,12.126038753137866,90.02733151123259
2701,2,22,pitch_jump,1.0,0.16622115772872603,17.23662103106676,90.02733151123259
2702,2,22,pitch_jump,1.0,0.10364716298928092,19.47925007297112,90.06066262249183
2703,2,5,pitch_jump,1.0,0.029120878121654918,19.37806087638544,90.09399373375109
2703,2,6,pitch_jump,1.0,0.05347760395158537,18.403614575022505,90.09399373375109
2703,2,7,pitch_jump,1.0,0.06184212029891711,28.661482564553364,90.09399373375109
2703,2,8,pitch_jump,1.0,0.04453719606929826,21.98041253150192,90.09399373375109
2703,2,10,pitch_jump,1.0,0.12004508002255809,15.111621556036765,90.09399373375109
2703,2,11,pitch_jump,1.0,0.08309972963385513,34.44340814921206,90.09399373375109
2703,2,13,pitch_jump,1.0,0.13481127288903527,18.458958044004206,90.09399373375109
2703,2,21,pitch_jump,1.0,0.05309967859949961,15.378031225601058,90.09399373375109
2703,2,25,pitch_jump,1.0,0.048326040621666136,16.94845513209976,90.09399373375109
2704,2,6,pitch_jump,1.0,0.026475521203299397,13.622148891405356,90.12732484501034
2704,2,7,pitch_jump,1.0,0.06264537365704198,18.28115947395014,90.12732484501034
2704,2,8,pitch_jump,1.0,0.026396501311111542,20.329150744568626,90.12732484501034
2704,2,10,pitch_jump,1.0,0.14840129168816182,13.991484812935736,90.12732484501034
2704,2,11,pitch_jump,1.0,0.0636539090902304,25.03275211375352,90.12732484501034
2704,2,13,pitch_jump,1.0,0.09260541962252551,14.432954884959894,90.12732484501034
2704,2,22,pitch_jump,1.0,0.0440356860358387,15.201890741933022,90.12732484501034
2705,2,1,pitch_jump,1.0,0.01524311274038064,33.11411124491902,90.16065595626958
2705,2,5,pitch_jump,1.0,0.027796840150104835,22.24607411055529,90.16065595626958
2705,2,6,pitch_jump,1.0,0.013725896842394053,17.590039685448417,90.16065595626958
2705,2,7,pitch_jump,1.0,0.043902015263968405,15.986851787810695,90.16065595626958
2705,2,8,pitch_jump,1.0,0.029155715608408142,23.187969381456792,90.16065595626958
2705,2,10,pitch_jump,1.0,0.06509195141017128,17.633332074986487,90.16065595626958
2705,2,11,pitch_jump,1.0,0.05193473270409795,20.13402436922056,90.16065595626958
2705,2,13,pitch_jump,1.0,0.03096236331725096,24.457010579467205,90.16065595626958
2705,2,18,pitch_jump,1.0,0.04605822884703672,14.227819851893045,90.16065595626958
2705,2,20,pitch_jump,1.0,0.004617799757128422,12.18793874405011,90.16065595626958
2705,2,21,pitch_jump,1.0,0.017473621846216328,18.1583770155751,90.16065595626958
2705,2,22,pitch_jump,1.0,0.03548670270641212,24.326139794938708,90.16065595626958
2705,2,25,pitch_jump,1.0,0.011547026115669701,18.297916724433104,90.16065595626958
2706,2,5,pitch_jump,1.0,0.015678277985080685,17.003281652799384,90.19398706752884
2706,2,7,pitch_jump,1.0,0.08497882495064486,15.571721178725095,90.19398706752884
2706,2,8,pitch_jump,1.0,0.024818661994242885,21.87597437521276,90.19398706752884
2706,2,10,pitch_jump,1.0,0.10815365316028333,20.44200273163163,90.19398706752884
2706,2,11,pitch_jump,1.0,0.03811318570337621,17.58125912423517,90.19398706752884
2706,2,14,pitch_jump,1.0,0.08045436510547857,13.932974303539723,90.19398706752884
2706,2,15,pitch_jump,1.0,0.06329424304514542,14.935006501035081,90.19398706752884
2706,2,18,pitch_jump,1.0,0.10954653791095839,17.517135884334998,90.19398706752884
2706,2,20,pitch_jump,1.0,0.005555964837392314,15.878661915636885,90.19398706752884
2706,2,22,pitch_jump,1.0,0.051476595821332606,16.42389750687739,90.19398706752884
2707,2,8,pitch_jump,1.0,0.07283661995782678,12.791663545270506,90.22731817878808
2708,2,1,pitch_jump,1.0,0.014087570590705267,23.571368685416868,90.26064929004734
2708,2,5,pitch_jump,1.0,0.05164597173136325,24.49273907645186,90.26064929004734
2708,2,6,pitch_jump,1.0,0.008004021648213932,14.034445294103717,90.26064929004734
2708,2,7,pitch_jump,1.0,0.1579099569047124,42.07900050774829,90.26064929004734
2708,2,8,pitch_jump,1.0,0.06198668031779783,25.38098815550131,90.26064929004734
2708,2,11,pitch_jump,1.0,0.0404798360984379,21.56578289391183,90.26064929004734
2708,2,22,pitch_jump,1.0,0.011310306777198423,12.71694565574622,90.26064929004734
2709,2,1,pitch_jump,1.0,0.04334209818314396,24.029434246188917,90.29398040130658
2709,2,8,pitch_jump,1.0,0.028828419755653215,13.6416652382237,90.29398040130658
2709,2,10,pitch_jump,1.0,0.11218058652183478,15.185245391626376,90.29398040130658
2709,2,11,pitch_jump,1.0,0.020653291662520026,15.939050585286001,90.29398040130658
2709,2,14,pitch_jump,1.0,0.08971729196567957,14.31158445266637,90.29398040130658
2709,2,22,pitch_jump,1.0,0.012602942187285594,14.144362598438727,90.29398040130658
2709,2,25,pitch_jump,1.0,0.033443637459908325,15.072899499066384,90.29398040130658
2710,2,7,pitch_jump,1.0,0.16078615976348773,29.144434319907813,90.32731151256583
2711,2,7,pitch_jump,1.0,0.08723834727863157,13.51475770405107,90.36064262382509
2711,2,11,pitch_jump,1.0,0.04690231151499779,13.745260234689502,90.36064262382509
2711,2,12,pitch_jump,1.0,0.05128011623454337,12.068510221264287,90.36064262382509
2712,2,5,pitch_jump,1.0,0.028276235320096783,14.16826975416662,90.39397373508433
2712,2,8,pitch_jump,1.0,0.10152200450869156,12.591416219595075,90.39397373508433
2712,2,11,pitch_jump,1.0,0.06638866880502126,20.571445354254625,90.39397373508433
2712,2,22,pitch_jump,1.0,0.02449786876289103,12.803153906949364,90.39397373508433
2714,2,11,pitch_jump,1.0,0.0572345963757011,13.67570697417375,90.46063595760283
2714,2,22,pitch_jump,1.0,0.03575438822172542,12.258009997289218,90.46063595760283
2715,2,1,pitch_jump,1.0,0.03684733106427275,17.665534706073043,90.49396706886208
2715,2,5,pitch_jump,1.0,0.023912882616660098,14.493606759161315,90.49396706886208
2715,2,6,pitch_jump,1.0,0.015598375331198842,14.045510750417488,90.49396706886208
2715,2,8,pitch_jump,1.0,0.010031657625588762,16.4696859117613,90.49396706886208
2715,2,11,pitch_jump,1.0,0.04371169020877994,19.968784178072024,90.49396706886208
2715,2,18,pitch_jump,1.0,0.09839044478219028,12.378078141999378,90.49396706886208
2715,2,19,pitch_jump,1.0,0.04568020263591128,15.288544648213666,90.49396706886208
2715,2,22,pitch_jump,1.0,0.01267342681483693,19.745095210053314,90.49396706886208
2715,2,25,pitch_jump,1.0,0.0818658057133085,15.229321787437721,90.49396706886208
2716,2,1,pitch_jump,1.0,0.028875626780519185,15.5095368858504,90.52729818012133
2716,2,5,pitch_jump,1.0,0.011771195076493138,15.628916424282814,90.52729818012133
2716,2,6,pitch_jump,1.0,0.004297459613990969,12.606838445391887,90.52729818012133
2716,2,8,pitch_jump,1.0,0.012979883866779047,14.850505807736967,90.52729818012133
2716,2,11,pitch_jump,1.0,0.03633263447075676,15.493366646656575,90.52729818012133
2716,2,19,pitch_jump,1.0,0.04082326385530561,16.28755279981538,90.52729818012133
2716,2,20,pitch_jump,1.0,0.0383091333748795,16.3813588398093,90.52729818012133
2716,2,22,pitch_jump,1.0,0.029934763130856402,16.074345586821508,90.52729818012133
2716,2,25,pitch_jump,1.0,0.09028819416742691,20.00204851965284,90.52729818012133
2717,2,8,pitch_jump,1.0,0.05587265933159865,12.24917989212701,90.56062929138058
2718,2,19,pitch_jump,1.0,0.13452327817755444,28.571211601771047,90.59396040263982
2719,2,19,pitch_jump,1.0,0.12894804167466295,24.98923945307122,90.62729151389908
2720,2,10,pitch_jump,1.0,0.05661993283637106,17.249890548681993,90.66062262515833
2720,2,14,pitch_jump,1.0,0.030101539300055193,13.380113937846335,90.66062262515833
2720,2,15,pitch_jump,1.0,0.04972248532220294,13.100026085458333,90.66062262515833
2720,2,18,pitch_jump,1.0,0.038501325574332765,17.500875260697065,90.66062262515833
2720,2,20,pitch_jump,1.0,0.006587674518243686,12.70562832421262,90.66062262515833
2720,2,22,pitch_jump,1.0,0.018582694692078718,13.11985102938032,90.66062262515833
2720,2,23,pitch_jump,1.0,0.06870623394367775,16.332694106943734,90.66062262515833
2720,2,25,pitch_jump,1.0,0.017553264259933754,12.277035789434448,90.66062262515833
2721,2,11,pitch_jump,1.0,0.01576225734282688,12.519385940866565,90.69395373641757
2722,2,14,pitch_jump,1.0,0.09673301264352083,12.09556575606587,90.72728484767683
2722,2,19,pitch_jump,1.0,0.06739825101211055,15.781074006586783,90.72728484767683
2722,2,20,pitch_jump,1.0,0.0586381941820144,12.261553816434361,90.72728484767683
2724,2,5,pitch_jump,1.0,0.05497652800547356,58.09730665743329,90.79394707019533
2724,2,6,pitch_jump,1.0,0.02979601654529426,39.61785812817129,90.79394707019533
2724,2,8,pitch_jump,1.0,0.009883205861050242,62.368832796072816,90.79394707019533
2724,2,10,pitch_jump,1.0,0.14119984955477807,29.754949901615184,90.79394707019533
2724,2,11,pitch_jump,1.0,0.019881370972004476,46.140171951189764,90.79394707019533
2724,2,17,pitch_jump,1.0,0.09458390885311475,17.481378211406252,90.79394707019533
2724,2,18,pitch_jump,1.0,0.09705988146931054,15.369515959593654,90.79394707019533
2724,2,19,pitch_jump,1.0,0.0646959443293237,65.25941452545327,90.79394707019533
2724,2,21,pitch_jump,1.0,0.12337415675048176,29.448629878281615,90.79394707019533
2724,2,22,pitch_jump,1.0,0.021700267490429852,50.05064825049944,90.79394707019533
2724,2,25,pitch_jump,1.0,0.07450462033506806,32.448625574880545,90.79394707019533
2725,2,10,pitch_jump,1.0,0.1274710284542491,14.450523321884342,90.82727818145457
2725,2,25,pitch_jump,1.0,0.08551937508647531,12.001093382582628,90.82727818145457
2727,2,8,pitch_jump,1.0,0.05198676516525984,15.800718712132534,90.89394040397308
2729,2,5,pitch_jump,1.0,0.03222050519584414,12.872804489056355,90.96060262649156
2729,2,10,pitch_jump,1.0,0.0643369873828746,12.908269043466083,90.96060262649156
2730,2,8,pitch_jump,1.0,0.05445351022387723,12.80264027396462,90.99393373775082
2730,2,25,pitch_jump,1.0,0.07742012036364193,12.661776377780592,90.99393373775082
2731,2,8,pitch_jump,1.0,0.035384830641550714,13.816795726330305,91.02726484901007
2731,2,11,pitch_jump,1.0,0.05119493159676674,15.957681630763748,91.02726484901007
2734,2,22,pitch_jump,1.0,0.004134360903099873,12.453121628378904,91.12725818278781
2735,2,10,pitch_jump,1.0,0.05959517614286204,13.209057695857359,91.16058929404707
2735,2,19,pitch_jump,1.0,0.030911763244035027,12.905224944660938,91.16058929404707
2736,2,5,pitch_jump,1.0,0.06495939728167704,24.225350636542167,91.19392040530632
2736,2,6,pitch_jump,1.0,0.03342052518681553,14.582348923810073,91.19392040530632
2736,2,8,pitch_jump,1.0,0.029452133066707097,29.291519516201415,91.19392040530632
2736,2,10,pitch_jump,1.0,0.10158759511975558,17.366943998306798,91.19392040530632
2736,2,11,pitch_jump,1.0,0.07955369837444964,21.778494328036917,91.19392040530632
2736,2,18,pitch_jump,1.0,0.07621084548027704,12.330231808480761,91.19392040530632
2736,2,19,pitch_jump,1.0,0.07269888813240868,25.98084107793193,91.19392040530632
2736,2,21,pitch_jump,1.0,0.029973744033920287,13.619766555076952,91.19392040530632
2736,2,22,pitch_jump,1.0,0.015203072949512392,27.447364595604498,91.19392040530632
2736,2,25,pitch_jump,1.0,0.02215414138536695,17.751241035792635,91.19392040530632
2739,2,8,pitch_jump,1.0,0.03913282202110626,12.091467581555884,91.29391373908406
2742,2,5,pitch_jump,1.0,0.05294762435991969,13.571284758426211,91.39390707286181
2742,2,6,pitch_jump,1.0,0.02885593218451101,13.561184275843635,91.39390707286181
2742,2,8,pitch_jump,1.0,0.045182296234324446,14.889038744679885,91.39390707286181
2742,2,19,pitch_jump,1.0,0.02596896938084812,14.696972218828982,91.39390707286181
2742,2,21,pitch_jump,1.0,0.04045760115041784,13.074970194811687,91.39390707286181
2743,2,5,pitch_jump,1.0,0.04547426803104016,13.00278023029486,91.42723818412107
2743,2,6,pitch_jump,1.0,0.027872878613674865,13.037482488551234,91.42723818412107
2743,2,8,pitch_jump,1.0,0.06057322137967447,14.95225284732621,91.42723818412107
2743,2,11,pitch_jump,1.0,0.07989582255302011,19.462022813463864,91.42723818412107
2743,2,25,pitch_jump,1.0,0.029964751602688123,15.640589386895854,91.42723818412107
2744,2,11,pitch_jump,1.0,0.04942557048282423,12.750642176575022,91.46056929538031
2745,2,8,pitch_jump,1.0,0.05214671029430935,14.492497688523116,91.49390040663955
2745,2,11,pitch_jump,1.0,0.06270319035926995,14.869470075369014,91.49390040663955
2745,2,25,pitch_jump,1.0,0.03217018534989927,13.765169810886784,91.49390040663955
2747,2,19,pitch_jump,1.0,0.024214416354427833,14.674680983346528,91.56056262915806
2748,2,5,pitch_jump,1.0,0.03270388288801585,18.69167226895535,91.59389374041731
2748,2,6,pitch_jump,1.0,0.018070775756637233,14.490621399916101,91.59389374041731
2748,2,8,pitch_jump,1.0,0.04919562167962039,18.340438730862736,91.59389374041731
2748,2,11,pitch_jump,1.0,0.05208527014488998,15.800374695558876,91.59389374041731
2748,2,19,pitch_jump,1.0,0.02757876584086523,17.063623771828336,91.59389374041731
2748,2,21,pitch_jump,1.0,0.01607807701023462,15.638614441862048,91.59389374041731
2748,2,22,pitch_jump,1.0,0.03199504751973204,16.53133505823868,91.59389374041731
2764,2,12,pitch_jump,1.0,0.05251840682083053,17.330023915509145,92.1271915205653
2766,2,8,pitch_jump,1.0,0.11141291003557834,12.523823109875593,92.19385374308379
2766,2,19,pitch_jump,1.0,0.037423824652041096,13.88192204291105,92.19385374308379
2767,2,5,pitch_jump,1.0,0.03671193885304753,12.456869489787648,92.22718485434305
2767,2,11,pitch_jump,1.0,0.012002546189713675,12.986179135280356,92.22718485434305
2767,2,18,pitch_jump,1.0,0.06722431985099529,12.164365740206158,92.22718485434305
2767,2,21,pitch_jump,1.0,0.04324449424973907,15.078084660687821,92.22718485434305
2767,2,22,pitch_jump,1.0,0.030510933291078516,13.552951176402324,92.22718485434305
2769,2,19,pitch_jump,1.0,0.03698102474050426,15.704567104931863,92.29384707686154
2770,2,15,pitch_jump,1.0,0.11901756291612568,34.49996314432098,92.3271781881208
2770,2,22,pitch_jump,1.0,0.0243776906196495,12.207285489849026,92.3271781881208
2771,2,15,pitch_jump,1.0,0.10873326465793366,28.042383769693004,92.36050929938004
2772,2,15,pitch_jump,1.0,0.21150102387939096,43.14685309136113,92.3938404106393
2773,2,5,pitch_jump,1.0,0.024669499955869877,30.51154024162047,92.42717152189854
2773,2,6,pitch_jump,1.0,0.0924503635944525,23.233803397739354,92.42717152189854
2773,2,8,pitch_jump,1.0,0.1300966967708835,23.61209640407246,92.42717152189854
2773,2,10,pitch_jump,1.0,0.09102596987102989,17.910912547543298,92.42717152189854
2773,2,11,pitch_jump,1.0,0.06774696645956328,22.106995952160183,92.42717152189854
2773,2,14,pitch_jump,1.0,0.12782136466110702,18.158131810583257,92.42717152189854
2773,2,15,pitch_jump,1.0,0.11698685650645897,23.051914827518956,92.42717152189854
2773,2,18,pitch_jump,1.0,0.13735261447893943,13.410166312760856,92.42717152189854
2773,2,19,pitch_jump,1.0,0.05510375797575883,30.085622951453516,92.42717152189854
2773,2,20,pitch_jump,1.0,0.09102414737586441,17.737396872598943,92.42717152189854
2773,2,21,pitch_jump,1.0,0.10941762782972254,18.851784833131557,92.42717152189854
2773,2,22,pitch_jump,1.0,0.05028230940570515,23.105867535230544,92.42717152189854
2773,2,25,pitch_jump,1.0,0.1166757848506986,15.034420274242015,92.42717152189854
2774,2,8,pitch_jump,1.0,0.07387856373351764,13.023052526463019,92.46050263315779
2774,2,19,pitch_jump,1.0,0.017112883574425,13.290792226329414,92.46050263315779
2775,2,10,pitch_jump,1.0,0.12267284169947432,19.6801959826067,92.49383374441705
2775,2,12,pitch_jump,1.0,0.15619162451676785,16.67784470891245,92.49383374441705
2775,2,14,pitch_jump,1.0,0.13471166462372944,19.136337919081342,92.49383374441705
2775,2,15,pitch_jump,1.0,0.13213926022033715,13.101068720122722,92.49383374441705
2775,2,18,pitch_jump,1.0,0.13532008490546518,17.140069329123115,92.49383374441705
2775,2,22,pitch_jump,1.0,0.11166476143865764,13.943200367354253,92.49383374441705
2775,2,25,pitch_jump,1.0,0.1393232045504636,16.8120266038124,92.49383374441705
2776,2,5,pitch_jump,1.0,0.09364701338711665,15.533335301453539,92.52716485567629
2776,2,6,pitch_jump,1.0,0.07118036152435815,18.10231604306709,92.52716485567629
2776,2,8,pitch_jump,1.0,0.1176720470353936,15.493134450572452,92.52716485567629
2776,2,11,pitch_jump,1.0,0.06672742854653246,17.55550957374651,92.52716485567629
2776,2,19,pitch_jump,1.0,0.08732027674994633,16.704470400752253,92.52716485567629
2776,2,20,pitch_jump,1.0,0.09446397036484673,13.78647891525802,92.52716485567629
2776,2,21,pitch_jump,1.0,0.09905324338781753,15.116361282699764,92.52716485567629
2776,2,22,pitch_jump,1.0,0.12297627597307832,12.375764860827138,92.52716485567629
2776,2,25,pitch_jump,1.0,0.11169505682777905,15.294799221284588,92.52716485567629
2777,2,10,pitch_jump,1.0,0.06853723156632592,13.384455153288188,92.56049596693555
2778,2,5,pitch_jump,1.0,0.1369294314815071,47.5933337392524,92.59382707819479
2778,2,6,pitch_jump,1.0,0.12738642508551767,19.133751321444855,92.59382707819479
2778,2,8,pitch_jump,1.0,0.16007895824397111,24.08551798301976,92.59382707819479
2778,2,10,pitch_jump,1.0,0.1732209226263006,37.23526014608244,92.59382707819479
2778,2,11,pitch_jump,1.0,0.12686915105828125,27.956759902206635,92.59382707819479
2778,2,14,pitch_jump,1.0,0.18760388795889468,14.234756728641088,92.59382707819479
2778,2,15,pitch_jump,1.0,0.16749765701936373,13.183385886998213,92.59382707819479
2778,2,18,pitch_jump,1.0,0.21694322996526236,19.572127707713253,92.59382707819479
2778,2,19,pitch_jump,1.0,0.12104406947791829,54.36042205526276,92.59382707819479
2778,2,22,pitch_jump,1.0,0.14839028165639748,36.933600768605146,92.59382707819479
2778,2,25,pitch_jump,1.0,0.19238648745784345,12.331426853752648,92.59382707819479
2780,2,1,pitch_jump,1.0,0.0540558999864543,13.113903020030506,92.6604893007133
2780,2,8,pitch_jump,1.0,0.07052056005281704,13.997745103225094,92.6604893007133
2781,2,1,pitch_jump,1.0,0.11911177437650995,15.172568064477208,92.69382041197254
2782,2,12,pitch_jump,1.0,0.2954313199610624,17.9137575365153,92.72715152323178
2783,2,1,pitch_jump,1.0,0.06885333194773238,18.561255539296962,92.76048263449104
2783,2,5,pitch_jump,1.0,0.07474343800406172,12.969387775607302,92.76048263449104
2783,2,9,pitch_jump,1.0,0.2553352310808414,19.365706538174997,92.76048263449104
2783,2,18,pitch_jump,1.0,0.14478641709594794,12.473467080566168,92.76048263449104
2784,2,1,pitch_jump,1.0,0.1488632668716581,30.38766759944676,92.79381374575028
2784,2,5,pitch_jump,1.0,0.18764919417942777,27.410712105684237,92.79381374575028
2784,2,6,pitch_jump,1.0,0.20675791197174498,22.89322195275444,92.79381374575028
2784,2,8,pitch_jump,1.0,0.22837581770938212,21.845564248017073,92.79381374575028
2784,2,9,pitch_jump,1.0,0.5127417877489739,26.282424546195475,92.79381374575028
2784,2,10,pitch_jump,1.0,0.31956741221250806,23.801482432028195,92.79381374575028
2784,2,11,pitch_jump,1.0,0.22850072860612727,24.132426473987305,92.79381374575028
2784,2,12,pitch_jump,1.0,0.35084286348755056,16.784753244610705,92.79381374575028
2784,2,14,pitch_jump,1.0,0.2942386561006728,18.719614234854536,92.79381374575028
2784,2,15,pitch_jump,1.0,0.30934926438061755,18.7217477582682,92.79381374575028
2784,2,18,pitch_jump,1.0,0.3398397526612933,19.583099451296327,92.79381374575028
2784,2,19,pitch_jump,1.0,0.1982364315712281,30.572911011345308,92.79381374575028
2784,2,20,pitch_jump,1.0,0.23568347900835943,18.17765160724801,92.79381374575028
2784,2,22,pitch_jump,1.0,0.24588117018839573,24.158556796379496,92.79381374575028
2784,2,25,pitch_jump,1.0,0.2677487090709528,16.653222581658273,92.79381374575028
2785,2,1,pitch_jump,1.0,0.14705799857071736,16.116198719077307,92.82714485700954
2785,2,9,pitch_jump,1.0,0.5487281359953706,23.06761101723149,92.82714485700954
2785,2,19,pitch_jump,1.0,0.23343338577106337,12.765804786137599,92.82714485700954
2786,2,9,pitch_jump,1.0,0.2923013130546519,20.67760032431003,92.86047596826879
2786,2,10,pitch_jump,1.0,0.17849633513860028,14.738773895716147,92.86047596826879
2786,2,15,pitch_jump,1.0,0.147676504613645,15.602089556916965,92.86047596826879
2786,2,18,pitch_jump,1.0,0.18569209697969943,13.869034402921656,92.86047596826879
2786,2,22,pitch_jump,1.0,0.10112266411087327,13.290371930747652,92.86047596826879
2787,2,1,pitch_jump,1.0,0.16261119431365742,21.378382649641722,92.89380707952803
2787,2,5,pitch_jump,1.0,0.24230049984054458,14.72835644294794,92.89380707952803
2787,2,9,pitch_jump,1.0,0.6042245372680712,22.000186568067203,92.89380707952803
2787,2,10,pitch_jump,1.0,0.38343431953908563,12.356073043845853,92.89380707952803
2787,2,11,pitch_jump,1.0,0.25134989062076185,13.013755622589589,92.89380707952803
2787,2,19,pitch_jump,1.0,0.27635640761800456,16.741917634964953,92.89380707952803
2787,2,21,pitch_jump,1.0,0.38385178652043045,19.963402794656194,92.89380707952803
2788,2,8,pitch_jump,1.0,0.23213914047916392,13.167559657171283,92.92713819078729
2788,2,9,pitch_jump,1.0,0.6403577468642873,18.34146055018278,92.92713819078729
2789,2,1,pitch_jump,1.0,0.08061312079399799,27.688806704983552,92.96046930204653
2789,2,5,pitch_jump,1.0,0.11411065958380426,19.342799819926732,92.96046930204653
2789,2,6,pitch_jump,1.0,0.11029705792098857,16.46440416603359,92.96046930204653
2789,2,8,pitch_jump,1.0,0.12292171319420993,20.857274816317904,92.96046930204653
2789,2,10,pitch_jump,1.0,0.1965978617902544,15.243305863217175,92.96046930204653
2789,2,11,pitch_jump,1.0,0.1155107337478311,15.573903775034124,92.96046930204653
2789,2,12,pitch_jump,1.0,0.20620433665138962,13.127302655929793,92.96046930204653
2789,2,14,pitch_jump,1.0,0.17461476106185228,12.943473639188785,92.96046930204653
2789,2,15,pitch_jump,1.0,0.15333909313053243,15.14966457297733,92.96046930204653
2789,2,18,pitch_jump,1.0,0.2199998138741541,12.705124520183272,92.96046930204653
2789,2,19,pitch_jump,1.0,0.1270799997670183,21.32384660231162,92.96046930204653
2789,2,20,pitch_jump,1.0,0.12808957446571753,14.164419809307612,92.96046930204653
2789,2,22,pitch_jump,1.0,0.1527440480488199,16.851860344511728,92.96046930204653
2789,2,25,pitch_jump,1.0,0.14370038648991165,12.715463600124659,92.96046930204653
2790,2,1,pitch_jump,1.0,0.1767438072779035,15.44463572896022,92.99380041330578
2790,2,5,pitch_jump,1.0,0.2430701173087593,15.935545906910848,92.99380041330578
2790,2,6,pitch_jump,1.0,0.23931454241653785,13.37106916837718,92.99380041330578
2790,2,8,pitch_jump,1.0,0.24045366679146346,14.947360899900474,92.99380041330578
2790,2,10,pitch_jump,1.0,0.4098545111562307,14.47603597812434,92.99380041330578
2790,2,11,pitch_jump,1.0,0.2494413581958038,15.132995765096725,92.99380041330578
2790,2,14,pitch_jump,1.0,0.34442360407727585,13.54367161327429,92.99380041330578
2790,2,15,pitch_jump,1.0,0.34733100649359894,15.266219861463979,92.99380041330578
2790,2,18,pitch_jump,1.0,0.4342469201398412,13.19580228176245,92.99380041330578
2790,2,19,pitch_jump,1.0,0.2701053570091398,17.2325187536787,92.99380041330578
2790,2,20,pitch_jump,1.0,0.30906102549751796,13.843173957838118,92.99380041330578
2790,2,21,pitch_jump,1.0,0.2928984295592023,13.816775986240076,92.99380041330578
2790,2,22,pitch_jump,1.0,0.32895141387093124,14.64071410003949,92.99380041330578
2791,2,1,pitch_jump,1.0,0.17795195043260192,32.41359079388201,93.02713152456504
2791,2,5,pitch_jump,1.0,0.24798082942016555,22.40859340804763,93.02713152456504
2791,2,6,pitch_jump,1.0,0.24322848326531504,18.86193216227674,93.02713152456504
2791,2,8,pitch_jump,1.0,0.23618927300596926,22.286632872573104,93.02713152456504
2791,2,10,pitch_jump,1.0,0.4071979918990601,22.837039652627915,93.02713152456504
2791,2,11,pitch_jump,1.0,0.2535800353908665,20.45854569714086,93.02713152456504
2791,2,13,pitch_jump,1.0,0.4558583048743783,33.115741113756904,93.02713152456504
2791,2,14,pitch_jump,1.0,0.36685527439743404,16.334004382370054,93.02713152456504
2791,2,15,pitch_jump,1.0,0.3804199821434936,20.081814090974774,93.02713152456504
2791,2,18,pitch_jump,1.0,0.43068865775591203,17.979624616095904,93.02713152456504
2791,2,19,pitch_jump,1.0,0.2817195171917242,33.23830431206138,93.02713152456504
2791,2,20,pitch_jump,1.0,0.3348845830115981,17.401121255793726,93.02713152456504
2791,2,21,pitch_jump,1.0,0.33020269825607357,16.086222620345183,93.02713152456504
2791,2,22,pitch_jump,1.0,0.32714331187027695,23.059561078279568,93.02713152456504
2791,2,25,pitch_jump,1.0,0.2905134374946199,16.84003754473656,93.02713152456504
2792,2,1,pitch_jump,1.0,0.09178250879793133,19.635092223771828,93.06046263582428
2792,2,5,pitch_jump,1.0,0.10625148732844669,19.56917148881049,93.06046263582428
2792,2,9,pitch_jump,3.0,0.5577265347888611,15.86801362828848,93.06046263582428
2792,2,10,pitch_jump,1.0,0.194939254561543,23.253837995396818,93.06046263582428
2792,2,11,pitch_jump,1.0,0.11865283029925529,14.387790857991998,93.06046263582428
2792,2,13,pitch_jump,1.0,0.23663064886117666,36.396673386388755,93.06046263582428
2792,2,14,pitch_jump,1.0,0.17795053353315446,14.599960971051809,93.06046263582428
2792,2,15,pitch_jump,1.0,0.18373625694570764,15.580619695732949,93.06046263582428
2792,2,18,pitch_jump,1.0,0.2261724850386391,16.192726525490706,93.06046263582428
2792,2,19,pitch_jump,1.0,0.1180021554939297,23.189228334808675,93.06046263582428
2792,2,20,pitch_jump,1.0,0.16109611305002955,12.175022131061617,93.06046263582428
2792,2,21,pitch_jump,1.0,0.12092941369964497,12.026133451467276,93.06046263582428
2792,2,22,pitch_jump,1.0,0.15999857528143305,19.398013935808233,93.06046263582428
2793,2,1,pitch_jump,1.0,0.19386507857832533,46.43190953564262,93.09379374708354
2793,2,5,pitch_jump,1.0,0.2643180876702411,31.397836017766576,93.09379374708354
2793,2,6,pitch_jump,1.0,0.25398496096411627,19.950954013752007,93.09379374708354
2793,2,8,pitch_jump,1.0,0.24385807021448483,24.059032634371995,93.09379374708354
2793,2,10,pitch_jump,1.0,0.43337263225813066,13.493703567374403,93.09379374708354
2793,2,11,pitch_jump,1.0,0.2769036890958697,21.710152121308283,93.09379374708354
2793,2,12,pitch_jump,1.0,0.44917942196507243,14.361890034997751,93.09379374708354
2793,2,13,pitch_jump,1.0,0.4893733328597562,30.616358130809196,93.09379374708354
2793,2,19,pitch_jump,1.0,0.27484426086446484,31.126874783343098,93.09379374708354
2793,2,20,pitch_jump,1.0,0.34407692264218664,15.856825269884284,93.09379374708354
2793,2,21,pitch_jump,1.0,0.33096259980090414,15.575173126201827,93.09379374708354
2793,2,22,pitch_jump,1.0,0.3680586895608967,18.949866223368264,93.09379374708354
2793,2,25,pitch_jump,1.0,0.31401218581782236,13.263062627521693,93.09379374708354
2794,2,1,pitch_jump,1.0,0.2059475696097198,142.9732219677059,93.12712485834278
2794,2,5,pitch_jump,1.0,0.2528937534831984,88.22764908203627,93.12712485834278
2794,2,6,pitch_jump,1.0,0.25035399830387495,51.68085330219112,93.12712485834278
2794,2,8,pitch_jump,1.0,0.24625269395487268,65.1204578325649,93.12712485834278
2794,2,9,pitch_jump,2.0,0.6986003568196757,43.78529270791908,93.12712485834278
2794,2,10,pitch_jump,1.0,0.44825390514348395,51.670923623188976,93.12712485834278
2794,2,11,pitch_jump,1.0,0.29128099264845914,60.660392616527034,93.12712485834278
2794,2,13,pitch_jump,1.0,0.5050228552653279,142.83798237937694,93.12712485834278
2794,2,14,pitch_jump,1.0,0.40012268611472346,22.366147689354506,93.12712485834278
2794,2,15,pitch_jump,1.0,0.3934434481160032,20.17884696081643,93.12712485834278
2794,2,18,pitch_jump,1.0,0.49407889678557126,22.600719169147016,93.12712485834278
2794,2,19,pitch_jump,1.0,0.2698772306005911,97.45925680436909,93.12712485834278
2794,2,20,pitch_jump,1.0,0.3389466458801061,30.59586677202024,93.12712485834278
2794,2,21,pitch_jump,1.0,0.3153264134672371,31.165678627843707,93.12712485834278
2794,2,22,pitch_jump,1.0,0.3629285099733585,68.23841350973979,93.12712485834278
2794,2,25,pitch_jump,1.0,0.3140204334790563,31.730929415531463,93.12712485834278
2795,2,13,pitch_jump,1.0,0.25327906262322136,13.886395594191365,93.16045596960203
2796,2,1,pitch_jump,1.0,0.21131734726387874,17.790485304909552,93.19378708086128
2796,2,5,pitch_jump,1.0,0.2705172941909258,14.238102503025821,93.19378708086128
2796,2,6,pitch_jump,1.0,0.2592968351909392,18.88222863084058,93.19378708086128
2796,2,8,pitch_jump,1.0,0.2574857687781184,20.960617683073714,93.19378708086128
2796,2,11,pitch_jump,1.0,0.2870305894709265,13.457873449846774,93.19378708086128
2796,2,25,pitch_jump,1.0,0.3175718822692108,14.490216224651926,93.19378708086128
2797,2,9,pitch_jump,2.0,0.7466909284038923,19.968786989345578,93.22711819212053
2798,2,1,pitch_jump,1.0,0.10592961312712885,12.92999470830219,93.26044930337977
2798,2,6,pitch_jump,1.0,0.1284095425162137,14.723808748873557,93.26044930337977
2798,2,8,pitch_jump,1.0,0.13409230446076667,16.28639643752621,93.26044930337977
2798,2,9,pitch_jump,1.0,0.388029099378249,16.708448468474206,93.26044930337977
2798,2,21,pitch_jump,1.0,0.15728417331042477,13.012423937497033,93.26044930337977
2798,2,25,pitch_jump,1.0,0.18017009843045703,15.090691217627144,93.26044930337977
2799,2,1,pitch_jump,1.0,0.2228607850342495,15.361055403632227,93.29378041463903
2799,2,9,pitch_jump,1.0,0.7241077442000705,38.35548752849591,93.29378041463903
2800,2,6,pitch_jump,1.0,0.2313490243279975,12.623441590944097,93.32711152589827
2800,2,8,pitch_jump,1.0,0.25365482993021915,16.496846307016007,93.32711152589827
2800,2,9,pitch_jump,1.0,0.7559701594328607,22.66808257235622,93.32711152589827
2801,2,1,pitch_jump,1.0,0.09848867322362477,12.193810517934384,93.36044263715753
2801,2,8,pitch_jump,1.0,0.12206888520602724,19.379970509724924,93.36044263715753
2801,2,9,pitch_jump,1.0,0.3564608159051322,27.169755101801083,93.36044263715753
2801,2,25,pitch_jump,1.0,0.176550864710176,12.642997710110926,93.36044263715753
2802,2,1,pitch_jump,1.0,0.2044594838448846,112.72810349832793,93.39377374841678
2802,2,3,pitch_jump,1.0,0.3205445041943968,37.52069737471219,93.39377374841678
2802,2,5,pitch_jump,1.0,0.27226798930209334,74.79440694576496,93.39377374841678
2802,2,8,pitch_jump,1.0,0.23566172868487525,137.20875815692733,93.39377374841678
2802,2,9,pitch_jump,1.0,0.7193941964193651,30.92994450397809,93.39377374841678
2802,2,11,pitch_jump,1.0,0.3151024690081802,94.74478015539084,93.39377374841678
2802,2,12,pitch_jump,2.0,0.35399028814439637,26.524820089786875,93.39377374841678
2802,2,13,pitch_jump,1.0,0.49717965143943654,20.698405371816907,93.39377374841678
2802,2,14,pitch_jump,1.0,0.39676620600527807,47.49447436336812,93.39377374841678
2802,2,15,pitch_jump,1.0,0.41186394193114684,37.44455497726791,93.39377374841678
2802,2,18,pitch_jump,1.0,0.4952421335361375,22.269492117591852,93.39377374841678
2802,2,19,pitch_jump,1.0,0.3093896294264027,58.75177238741196,93.39377374841678
2802,2,20,pitch_jump,1.0,0.3375394575803272,75.39508121432914,93.39377374841678
2802,2,21,pitch_jump,1.0,0.31161915717640615,101.03833391527013,93.39377374841678
2802,2,22,pitch_jump,1.0,0.3819536330602143,52.84472804427162,93.39377374841678
2802,2,25,pitch_jump,1.0,0.33286387262771167,113.27747128815405,93.39377374841678
2802,2,26,pitch_jump,1.0,0.5495484071277321,36.27301359111631,93.39377374841678
2803,1,2,pitch_jump,2.0,0.46209951146307404,15.541948025824235,93.42710485967602
2803,2,9,pitch_jump,1.0,0.7214268053117662,21.041374783292433,93.42710485967602
2804,1,2,pitch_jump,1.0,0.23375905502393776,13.179306622158485,93.46043597093528
2804,2,1,pitch_jump,1.0,0.09865118736431801,46.101754085841144,93.46043597093528
2804,2,3,pitch_jump,1.0,0.15187642583938557,12.787112778386478,93.46043597093528
2804,2,5,pitch_jump,1.0,0.12428843498841197,23.75798641005117,93.46043597093528
2804,2,11,pitch_jump,1.0,0.1505100543783258,26.867274198767745,93.46043597093528
2804,2,13,pitch_jump,1.0,0.23239782658450825,15.349097093446202,93.46043597093528
2804,2,21,pitch_jump,1.0,0.12301093619316106,22.925393494492322,93.46043597093528
2804,2,26,pitch_jump,1.0,0.2574578544007581,19.753409829720923,93.46043597093528
2805,2,1,pitch_jump,1.0,0.21124603211483256,38.61102712070933,93.49376708219452
2805,2,3,pitch_jump,1.0,0.3075700226516883,17.04744422734952,93.49376708219452
2805,2,5,pitch_jump,1.0,0.27577161909596626,28.503306948279562,93.49376708219452
2805,2,11,pitch_jump,1.0,0.29691176844078926,32.70947625817786,93.49376708219452
2805,2,14,pitch_jump,1.0,0.35837493258885716,12.139058352619783,93.49376708219452
2805,2,19,pitch_jump,1.0,0.30770809789272346,25.552926202570696,93.49376708219452
2805,2,20,pitch_jump,1.0,0.34636587074296876,20.31214481333775,93.49376708219452
2805,2,21,pitch_jump,1.0,0.2755660490993691,34.33845534266537,93.49376708219452
2805,2,22,pitch_jump,1.0,0.3600062253618338,17.477824879618716,93.49376708219452
2805,2,26,pitch_jump,1.0,0.5166750744321181,12.902907291498954,93.49376708219452
2806,2,1,pitch_jump,1.0,0.20157605513236088,26.960111817218387,93.52709819345377
2806,2,3,pitch_jump,1.0,0.3073477849820012,12.362621598876725,93.52709819345377
2806,2,5,pitch_jump,1.0,0.2506941949582324,17.753912531509958,93.52709819345377
2806,2,9,pitch_jump,1.0,0.6745993482705585,29.300134080543323,93.52709819345377
2806,2,11,pitch_jump,1.0,0.28149085207359387,21.205944363211135,93.52709819345377
2806,2,21,pitch_jump,1.0,0.2972920988807966,17.55707325082423,93.52709819345377
2807,2,1,pitch_jump,1.0,0.09687444947872041,40.81510178788782,93.56042930471303
2807,2,3,pitch_jump,1.0,0.1426141596255249,14.832740416812339,93.56042930471303
2807,2,5,pitch_jump,1.0,0.10211484336718266,24.504106671767477,93.56042930471303
2807,2,9,pitch_jump,1.0,0.31277907027361285,40.7733919246083,93.56042930471303
2807,2,11,pitch_jump,1.0,0.12911307878931708,29.80687300223579,93.56042930471303
2807,2,12,pitch_jump,1.0,0.2370421444526036,15.154016838909444,93.56042930471303
2807,2,13,pitch_jump,1.0,0.22487923167873292,22.33093184917022,93.56042930471303
2807,2,14,pitch_jump,1.0,0.17543807441217235,12.777687403051075,93.56042930471303
2807,2,19,pitch_jump,1.0,0.12109749876186085,19.015533233249236,93.56042930471303
2807,2,20,pitch_jump,1.0,0.16440751139302465,22.87698705601494,93.56042930471303
2807,2,21,pitch_jump,1.0,0.11818685110804385,42.56930972069256,93.56042930471303
2807,2,22,pitch_jump,1.0,0.17589841040152696,15.65669278850499,93.56042930471303
2807,2,26,pitch_jump,1.0,0.2582142019683613,22.082336160207145,93.56042930471303
2808,2,1,pitch_jump,1.0,0.19529262056434207,87.1645338920668,93.59376041597227
2808,2,3,pitch_jump,1.0,0.3042083350110488,37.836890267800385,93.59376041597227
2808,2,5,pitch_jump,1.0,0.2314717360327423,61.78112700889437,93.59376041597227
2808,2,9,pitch_jump,1.0,0.6486160268468144,95.05231343138162,93.59376041597227
2808,2,10,pitch_jump,1.0,0.45329744287664864,34.14914520293114,93.59376041597227
2808,2,11,pitch_jump,1.0,0.2763490929326258,72.32030134399086,93.59376041597227
2808,2,14,pitch_jump,1.0,0.36608233976491045,32.21988287712231,93.59376041597227
2808,2,15,pitch_jump,1.0,0.38264034050551293,32.1342001971716,93.59376041597227
2808,2,18,pitch_jump,1.0,0.47138446290467173,32.083610721387075,93.59376041597227
2808,2,19,pitch_jump,1.0,0.2951173274674059,56.12314787969053,93.59376041597227
2808,2,20,pitch_jump,1.0,0.32950772082343993,50.842418562446944,93.59376041597227
2808,2,22,pitch_jump,1.0,0.3581900900407145,49.66841894395203,93.59376041597227
2808,2,26,pitch_jump,1.0,0.502474714485781,49.53004013309105,93.59376041597227
2810,2,1,pitch_jump,1.0,0.07533967928233198,13.068384221049305,93.66042263849077
2810,2,5,pitch_jump,1.0,0.10761996249268807,12.446221264297934,93.66042263849077
2810,2,11,pitch_jump,1.0,0.12185738223288863,16.692266809803208,93.66042263849077
2810,2,14,pitch_jump,1.0,0.1722850240199631,20.73638335245296,93.66042263849077
2810,2,15,pitch_jump,1.0,0.1748773162068438,15.05699246886137,93.66042263849077
2810,2,20,pitch_jump,1.0,0.13926589127173414,13.924907848877007,93.66042263849077
2811,2,1,pitch_jump,1.0,0.17155304287053633,12.7504918223496,93.69375374975002
2811,2,11,pitch_jump,1.0,0.2665782381145745,17.52272578627931,93.69375374975002
2811,2,14,pitch_jump,1.0,0.3531796493752568,13.835102332393244,93.69375374975002
2811,2,15,pitch_jump,1.0,0.366293578486913,13.713005916105185,93.69375374975002
2811,2,20,pitch_jump,1.0,0.30907671516186586,17.344719045964812,93.69375374975002
2811,2,22,pitch_jump,1.0,0.3100208982498673,13.684388591377706,93.69375374975002
2813,2,1,pitch_jump,1.0,0.07176400261944628,21.50623868477178,93.76041597226852
2813,2,3,pitch_jump,1.0,0.13231289034659402,18.860362676207124,93.76041597226852
2813,2,4,pitch_jump,1.0,0.09384982372737541,25.51103181442859,93.76041597226852
2813,2,5,pitch_jump,1.0,0.09251152595625849,15.726948813984189,93.76041597226852
2813,2,9,pitch_jump,1.0,0.2781675188361754,16.909591860124035,93.76041597226852
2813,2,11,pitch_jump,1.0,0.11065125501217137,16.009746073575712,93.76041597226852
2813,2,19,pitch_jump,1.0,0.10477254170607347,13.820226239771603,93.76041597226852
2813,2,22,pitch_jump,1.0,0.1396103880132474,13.023795588061715,93.76041597226852
2814,2,5,pitch_jump,1.0,0.20843531319281072,16.18830370515514,93.79374708352776
2814,2,9,pitch_jump,1.0,0.5111097219910221,14.401108341626724,93.79374708352776
2814,2,11,pitch_jump,1.0,0.27144822112390543,12.736253920375932,93.79374708352776
2814,2,13,pitch_jump,1.0,0.38910761328715404,13.63069602794532,93.79374708352776
2814,2,15,pitch_jump,1.0,0.3724730326138238,13.861337051759174,93.79374708352776
2814,2,18,pitch_jump,1.0,0.37200300548198745,14.755788868333767,93.79374708352776
2814,2,20,pitch_jump,1.0,0.2827472901509976,13.588085675653396,93.79374708352776
2814,2,26,pitch_jump,1.0,0.42839850894185866,12.86304526272196,93.79374708352776
2815,2,1,pitch_jump,1.0,0.16131445996543844,147.9509765096218,93.82707819478702
2815,2,3,pitch_jump,1.0,0.25897148046258844,33.76068420725967,93.82707819478702
2815,2,4,pitch_jump,1.0,0.1999773719413789,70.66090950196036,93.82707819478702
2815,2,5,pitch_jump,1.0,0.20232652995737094,112.0665510587743,93.82707819478702
2815,2,9,pitch_jump,1.0,0.4686396558722156,66.21970346110321,93.82707819478702
2815,2,10,pitch_jump,1.0,0.3551491725570248,22.998239369927795,93.82707819478702
2815,2,11,pitch_jump,1.0,0.28369106747579637,153.0736825407956,93.82707819478702
2815,2,13,pitch_jump,1.0,0.37622569887502083,16.75664427253623,93.82707819478702
2815,2,14,pitch_jump,1.0,0.31962872420679367,90.25457403660388,93.82707819478702
2815,2,15,pitch_jump,1.0,0.34134184672735957,74.7556848173137,93.82707819478702
2815,2,16,pitch_jump,1.0,0.4028273996847664,24.4094132986004,93.82707819478702
2815,2,18,pitch_jump,1.0,0.3795741363020325,49.03006644997364,93.82707819478702
2815,2,19,pitch_jump,1.0,0.22819825993083487,78.07452417789848,93.82707819478702
2815,2,20,pitch_jump,1.0,0.26593066032299484,131.4121942438615,93.82707819478702
2815,2,22,pitch_jump,1.0,0.280325664678367,79.561961927283,93.82707819478702
2815,2,26,pitch_jump,1.0,0.4095812268941849,28.014665764521933,93.82707819478702
2816,2,1,pitch_jump,1.0,0.07239879080909853,82.00759340197364,93.86040930604626
2816,2,3,pitch_jump,1.0,0.11424221277791129,15.07034096495167,93.86040930604626
2816,2,4,pitch_jump,1.0,0.08950924788969393,33.69256511357462,93.86040930604626
2816,2,5,pitch_jump,1.0,0.0954821528223569,70.58139806914008,93.86040930604626
2816,2,10,pitch_jump,1.0,0.16709443496583393,38.250688109225386,93.86040930604626
2816,2,11,pitch_jump,1.0,0.1330263816555905,96.51621210609105,93.86040930604626
2816,2,13,pitch_jump,1.0,0.16502275243161968,17.04324510472901,93.86040930604626
2816,2,14,pitch_jump,1.0,0.15243990074032956,77.85433651581558,93.86040930604626
2816,2,15,pitch_jump,1.0,0.16484010729220522,70.78849814208291,93.86040930604626
2816,2,16,pitch_jump,1.0,0.20658398225141772,31.524474368827494,93.86040930604626
2816,2,18,pitch_jump,1.0,0.17573305773135212,59.97652505796254,93.86040930604626
2816,2,19,pitch_jump,1.0,0.09017862860374184,52.101831487631955,93.86040930604626
2816,2,20,pitch_jump,1.0,0.13074634461540344,95.2990967080426,93.86040930604626
2816,2,22,pitch_jump,1.0,0.13738664567850314,59.5556207291326,93.86040930604626
2816,2,26,pitch_jump,1.0,0.2063764624406914,28.56372699359027,93.86040930604626
2817,2,1,pitch_jump,1.0,0.1569900606543976,15.78815059562592,93.89374041730552
2817,2,4,pitch_jump,1.0,0.1959532352437781,14.785271139318704,93.89374041730552
2817,2,5,pitch_jump,1.0,0.20563827166394855,14.153529297970628,93.89374041730552
2817,2,9,pitch_jump,1.0,0.5100990455227757,18.112135221518287,93.89374041730552
2817,2,10,pitch_jump,1.0,0.33163517962596856,12.377982190087792,93.89374041730552
2817,2,11,pitch_jump,1.0,0.21887601786767874,19.264448243365155,93.89374041730552
2817,2,14,pitch_jump,1.0,0.2949599954064629,15.69647684531426,93.89374041730552
2817,2,15,pitch_jump,1.0,0.3186724152781116,14.95224151370534,93.89374041730552
2817,2,20,pitch_jump,1.0,0.2662172211819199,18.374424898363234,93.89374041730552
2817,2,22,pitch_jump,1.0,0.2706829934319542,13.328842263730873,93.89374041730552
2820,2,1,pitch_jump,1.0,0.1543974683318553,16.77679968612358,93.99373375108327
2820,2,5,pitch_jump,1.0,0.17736388902123038,14.59134664951297,93.99373375108327
2820,2,9,pitch_jump,1.0,0.48548425645674603,22.208221844758004,93.99373375108327
2820,2,11,pitch_jump,1.0,0.22802946445322156,19.053921584937196,93.99373375108327
2820,2,13,pitch_jump,1.0,0.34881807597040965,12.291925959334897,93.99373375108327
2820,2,16,pitch_jump,1.0,0.36861884410082746,13.807191350895359,93.99373375108327
2820,2,26,pitch_jump,1.0,0.3502160062312002,15.388359231621108,93.99373375108327
2821,2,9,pitch_jump,1.0,0.47085890046321843,19.9798330171628,94.02706486234251
2823,2,1,pitch_jump,1.0,0.14283960060627043,12.270066668595968,94.09372708486102
2823,2,3,pitch_jump,1.0,0.23079950948394004,16.930748978116906,94.09372708486102
2823,2,4,pitch_jump,1.0,0.17825512980689878,21.272129005649948,94.09372708486102
2823,2,5,pitch_jump,1.0,0.18916351681547433,13.038041473387432,94.09372708486102
2823,2,16,pitch_jump,1.0,0.3582726621149541,13.589461740371286,94.09372708486102
2823,2,19,pitch_jump,1.0,0.1929488763667382,13.0667449958632,94.09372708486102
2824,2,1,pitch_jump,1.0,0.14525838095467555,19.783786427710925,94.12705819612026
2824,2,4,pitch_jump,1.0,0.17021116786131185,20.708160593149525,94.12705819612026
2824,2,14,pitch_jump,1.0,0.25979734523688985,13.518976911389412,94.12705819612026
2825,2,1,pitch_jump,1.0,0.06299353885246702,13.397123331676623,94.16038930737952
2825,2,5,pitch_jump,1.0,0.07600335430340702,12.260336593913618,94.16038930737952
2825,2,14,pitch_jump,1.0,0.1276184878758169,16.899777034507306,94.16038930737952
2825,2,15,pitch_jump,1.0,0.12593888626922964,18.140549062227276,94.16038930737952
2825,2,16,pitch_jump,1.0,0.16124687623912912,13.591120256863478,94.16038930737952
2825,2,18,pitch_jump,1.0,0.17082493832410678,14.658248182148721,94.16038930737952
2825,2,19,pitch_jump,1.0,0.08475472833197704,16.54801107707076,94.16038930737952
2825,2,22,pitch_jump,1.0,0.10926231770312646,15.90423604652996,94.16038930737952
2826,2,1,pitch_jump,1.0,0.14771472530493002,35.149836256504905,94.19372041863876
2826,2,4,pitch_jump,1.0,0.17348356271334953,19.812936155495763,94.19372041863876
2826,2,5,pitch_jump,1.0,0.18864935359043142,21.987580057954652,94.19372041863876
2826,2,13,pitch_jump,1.0,0.3304570675226354,14.11685695370536,94.19372041863876
2826,2,14,pitch_jump,1.0,0.2624795799130277,20.878282408398046,94.19372041863876
2826,2,15,pitch_jump,1.0,0.26982636737439814,16.553325834637782,94.19372041863876
2826,2,16,pitch_jump,1.0,0.3367798355887535,14.542369933236337,94.19372041863876
2826,2,18,pitch_jump,1.0,0.3245951356701143,12.350309654407749,94.19372041863876
2826,2,19,pitch_jump,1.0,0.1961495189693254,15.098185066752983,94.19372041863876
2826,2,22,pitch_jump,1.0,0.24287179158019484,16.07140361640118,94.19372041863876
2826,2,26,pitch_jump,1.0,0.3445292499550274,14.972240203451943,94.19372041863876
2827,2,1,pitch_jump,1.0,0.13704070712857097,15.72976513394907,94.227051529898
2827,2,5,pitch_jump,1.0,0.17372924664578515,15.065766726605029,94.227051529898
2827,2,10,pitch_jump,1.0,0.28987830756534955,14.542458951808433,94.227051529898
2827,2,14,pitch_jump,1.0,0.24008925740204623,16.81806827742554,94.227051529898
2827,2,15,pitch_jump,1.0,0.27954977936076303,17.78456947250991,94.227051529898
2827,2,18,pitch_jump,1.0,0.30719451634904776,15.94312001123634,94.227051529898
2827,2,22,pitch_jump,1.0,0.22277822633946603,13.88320032294471,94.227051529898
2828,2,9,pitch_jump,1.0,0.1834192471820937,24.842556433544292,94.26038264115726
2829,2,1,pitch_jump,1.0,0.14389915074901627,26.391982084273607,94.29371375241651
2829,2,3,pitch_jump,1.0,0.20333757836459082,12.072025975204555,94.29371375241651
2829,2,4,pitch_jump,1.0,0.16952208458546478,23.964177259668887,94.29371375241651
2830,2,9,pitch_jump,1.0,0.41045764599948886,17.0444032665218,94.32704486367575
2830,2,15,pitch_jump,1.0,0.28178084997791136,12.368589547060457,94.32704486367575
2831,2,1,pitch_jump,1.0,0.0690682572544038,30.606960063463575,94.36037597493501
2831,2,3,pitch_jump,1.0,0.08300288175397025,12.701077188749993,94.36037597493501
2831,2,5,pitch_jump,1.0,0.07232036573047845,41.296826846329935,94.36037597493501
2831,2,6,pitch_jump,1.0,0.06775588404493273,17.892457111379855,94.36037597493501
2831,2,10,pitch_jump,1.0,0.13056747533768645,43.93988489422734,94.36037597493501
2831,2,13,pitch_jump,1.0,0.14490082363563733,28.196432701753608,94.36037597493501
2831,2,15,pitch_jump,1.0,0.09141676606794731,56.908303652820976,94.36037597493501
2831,2,18,pitch_jump,1.0,0.129396777993102,54.51606026833749,94.36037597493501
2831,2,19,pitch_jump,1.0,0.07229166523741927,38.24506322937905,94.36037597493501
2831,2,22,pitch_jump,1.0,0.10681437712087029,47.30256270250857,94.36037597493501
2832,2,1,pitch_jump,1.0,0.1346508181096351,27.93165262950445,94.39370708619425
2832,2,3,pitch_jump,1.0,0.19895653246209566,12.11559157225113,94.39370708619425
2832,2,4,pitch_jump,1.0,0.16003882815042567,16.406899449491515,94.39370708619425
2832,2,5,pitch_jump,1.0,0.17989983774967808,35.40862732299262,94.39370708619425
2832,2,6,pitch_jump,1.0,0.17281115665677174,31.302212806819018,94.39370708619425
2832,2,10,pitch_jump,1.0,0.27399152145150774,51.4058759004995,94.39370708619425
2832,2,13,pitch_jump,1.0,0.28174769168144237,35.42438006503694,94.39370708619425
2832,2,18,pitch_jump,1.0,0.2848750163464124,58.94231174299789,94.39370708619425
2832,2,19,pitch_jump,1.0,0.20356871209071128,31.0589672611513,94.39370708619425
2832,2,22,pitch_jump,1.0,0.24327489255700063,46.11053806061619,94.39370708619425
2832,2,26,pitch_jump,1.0,0.2821288429554154,23.446050884094124,94.39370708619425
2833,2,1,pitch_jump,1.0,0.1224025364469589,36.217188925501546,94.42703819745351
2833,2,5,pitch_jump,1.0,0.16644466381403553,46.086364142113354,94.42703819745351
2833,2,6,pitch_jump,1.0,0.19911338383915356,18.226913309388078,94.42703819745351
2833,2,10,pitch_jump,1.0,0.2754396310124064,57.30600598220384,94.42703819745351
2833,2,13,pitch_jump,1.0,0.2541972596437702,35.61255611814758,94.42703819745351
2833,2,18,pitch_jump,1.0,0.30364609197968173,72.0785766961792,94.42703819745351
2833,2,19,pitch_jump,1.0,0.1785075189348467,40.373692000008226,94.42703819745351
2833,2,22,pitch_jump,1.0,0.23554678104324564,52.838558401924814,94.42703819745351
2833,2,26,pitch_jump,1.0,0.26129503620304584,20.91707893792006,94.42703819745351
2834,2,1,pitch_jump,1.0,0.04640657870912716,47.64498007598788,94.46036930871276
2834,2,3,pitch_jump,1.0,0.08893685149529858,15.94478629752445,94.46036930871276
2834,2,4,pitch_jump,1.0,0.06808870999002613,15.268219832735264,94.46036930871276
2834,2,5,pitch_jump,1.0,0.06386608870643036,59.06081713349816,94.46036930871276
2834,2,6,pitch_jump,1.0,0.08122669685371735,20.327964406463096,94.46036930871276
2834,2,10,pitch_jump,1.0,0.11243638120652028,70.20841978045598,94.46036930871276
2834,2,13,pitch_jump,1.0,0.12489710424059282,42.499099672540204,94.46036930871276
2834,2,18,pitch_jump,1.0,0.14393073426527625,88.76965752856655,94.46036930871276
2834,2,19,pitch_jump,1.0,0.06790501617284554,48.46451318923121,94.46036930871276
2834,2,22,pitch_jump,1.0,0.1041837764390865,66.81059309634378,94.46036930871276
2834,2,26,pitch_jump,1.0,0.12629930210706736,25.920411345124172,94.46036930871276
2835,2,1,pitch_jump,1.0,0.11501009230790653,25.27266679965006,94.493700419972
2835,2,4,pitch_jump,1.0,0.14340933891945998,30.092442392413123,94.493700419972
2835,2,5,pitch_jump,1.0,0.15332296677574983,24.51257009255074,94.493700419972
2835,2,6,pitch_jump,1.0,0.2027012158315069,14.548104744078511,94.493700419972
2835,2,10,pitch_jump,1.0,0.268587399967426,40.99700047246418,94.493700419972
2835,2,13,pitch_jump,1.0,0.2759075759644218,33.51294312600694,94.493700419972
2835,2,18,pitch_jump,1.0,0.305309637383946,43.69629319688874,94.493700419972
2835,2,19,pitch_jump,1.0,0.16607714003325677,22.69677002486842,94.493700419972
2835,2,22,pitch_jump,1.0,0.223613538068279,31.987303939848196,94.493700419972
2835,2,26,pitch_jump,1.0,0.2687567524306516,18.28889194202183,94.493700419972
2836,2,1,pitch_jump,1.0,0.10488209279342917,23.901892591465693,94.52703153123126
2836,2,5,pitch_jump,1.0,0.15441599783431526,24.7480704638579,94.52703153123126
2836,2,10,pitch_jump,1.0,0.2828702451823034,26.189836457852405,94.52703153123126
2836,2,13,pitch_jump,1.0,0.26817392862493167,15.794441675570848,94.52703153123126
2836,2,18,pitch_jump,1.0,0.30824845739177825,28.515881989170914,94.52703153123126
2836,2,19,pitch_jump,1.0,0.1670841309611806,24.245989438672694,94.52703153123126
2836,2,22,pitch_jump,1.0,0.2038886329838333,29.24590175647857,94.52703153123126
2837,2,1,pitch_jump,1.0,0.04480582941143368,14.598773196454806,94.5603626424905
2837,2,5,pitch_jump,1.0,0.06841829819667586,13.81127563730299,94.5603626424905
2839,2,1,pitch_jump,1.0,0.1147843755061069,22.936716332868894,94.627024865009
2839,2,3,pitch_jump,1.0,0.19495222337704132,13.500703389475321,94.627024865009
2839,2,4,pitch_jump,1.0,0.14397302699192419,17.93589377082297,94.627024865009
2839,2,5,pitch_jump,1.0,0.14583040735386982,21.958466463044278,94.627024865009
2839,2,10,pitch_jump,1.0,0.2820683312025679,15.708265701799899,94.627024865009
2839,2,13,pitch_jump,1.0,0.260908332465121,13.618607810346017,94.627024865009
2839,2,19,pitch_jump,1.0,0.1369374537562502,20.84135862805099,94.627024865009
2839,2,22,pitch_jump,1.0,0.18716183329688682,20.148287128462037,94.627024865009
2840,2,6,pitch_jump,1.0,0.005760224084678858,14.204764391188698,94.66035597626825
2841,2,1,pitch_jump,1.0,0.1202750539827022,13.505034939619076,94.69368708752751
2841,2,4,pitch_jump,1.0,0.12099678094006097,19.818089893939632,94.69368708752751
2841,2,6,pitch_jump,1.0,0.12209550672937164,16.47850964002247,94.69368708752751
2842,2,1,pitch_jump,1.0,0.12625862003261082,17.576253123087966,94.72701819878675
2842,2,5,pitch_jump,1.0,0.1652794552239576,18.851428774461613,94.72701819878675
2842,2,6,pitch_jump,1.0,0.1443027495913216,14.442788741945078,94.72701819878675
2842,2,10,pitch_jump,1.0,0.258845880896905,21.059719167401646,94.72701819878675
2842,2,19,pitch_jump,1.0,0.1772810903709523,12.834019410455541,94.72701819878675
2842,2,22,pitch_jump,1.0,0.19291105458114563,19.919066369380502,94.72701819878675
2843,2,6,pitch_jump,1.0,0.05884966665636692,16.57832684957214,94.760349310046
2844,2,1,pitch_jump,1.0,0.12432666827049879,27.388813914674994,94.79368042130525
2844,2,4,pitch_jump,1.0,0.13242364472608734,15.791352425058257,94.79368042130525
2844,2,5,pitch_jump,1.0,0.15458879671764458,21.919130524103846,94.79368042130525
2844,2,9,pitch_jump,3.0,0.3130675906598102,14.554933300514968,94.79368042130525
2844,2,10,pitch_jump,1.0,0.2476763966625422,13.6676172935944,94.79368042130525
2844,2,13,pitch_jump,1.0,0.2762467248003074,13.073938155308284,94.79368042130525
2844,2,19,pitch_jump,1.0,0.17168971229217356,17.73358945272318,94.79368042130525
2844,2,22,pitch_jump,1.0,0.2054060579009409,16.996748937442145,94.79368042130525
2846,2,10,pitch_jump,1.0,0.12562798140841822,13.40056073110886,94.86034264382374
2846,2,13,pitch_jump,1.0,0.1314774461620771,17.616976157375376,94.86034264382374
2846,2,26,pitch_jump,1.0,0.12352760397627123,15.162656736385431,94.86034264382374
2847,2,1,pitch_jump,1.0,0.10605052891592993,28.57773701568522,94.893673755083
2847,2,3,pitch_jump,1.0,0.17662918580618114,15.17967452481882,94.893673755083
2847,2,4,pitch_jump,1.0,0.13486842709960595,57.27445392514675,94.893673755083
2847,2,5,pitch_jump,1.0,0.14957025160680112,64.14142097436275,94.893673755083
2847,2,6,pitch_jump,1.0,0.12055689319555826,53.76687247146994,94.893673755083
2847,2,13,pitch_jump,1.0,0.24204055492359447,53.14876979022298,94.893673755083
2847,2,16,pitch_jump,1.0,0.25068014496702173,16.622139009866803,94.893673755083
2847,2,22,pitch_jump,1.0,0.19145274210418858,94.07283935701406,94.893673755083
2847,2,26,pitch_jump,1.0,0.2457889001284995,15.850444752417605,94.893673755083
2848,2,9,pitch_jump,4.0,0.309738051599941,64.95155660586016,94.92700486634224
2849,2,1,pitch_jump,1.0,0.03246027429219145,47.33073307149075,94.9603359776015
2849,2,2,pitch_jump,1.0,0.06035528129295681,135.2760021255039,94.9603359776015
2849,2,4,pitch_jump,1.0,0.050877024082338594,43.59302178217603,94.9603359776015
2849,2,5,pitch_jump,1.0,0.02877108132468195,78.10832723235355,94.9603359776015
2849,2,6,pitch_jump,1.0,0.02114821549499243,42.7333337108579,94.9603359776015
2849,2,9,pitch_jump,1.0,0.10814595933198257,338.61490536488395,94.9603359776015
2849,2,13,pitch_jump,1.0,0.07286714586917895,45.67480866762372,94.9603359776015
2849,2,26,pitch_jump,1.0,0.08399471201810735,12.172325812958723,94.9603359776015
2850,2,1,pitch_jump,1.0,0.1259391376894069,23.76020689960277,94.99366708886075
2850,2,2,pitch_jump,1.0,0.2533878754373943,111.27667999564007,94.99366708886075
2850,2,4,pitch_jump,1.0,0.1284482942248976,49.51532637484581,94.99366708886075
2850,2,5,pitch_jump,1.0,0.15524440340199536,52.100971166644534,94.99366708886075
2850,2,6,pitch_jump,1.0,0.05717448595263697,47.91974274217885,94.99366708886075
2850,2,13,pitch_jump,1.0,0.23612548035936037,49.41097229224185,94.99366708886075
2850,2,16,pitch_jump,1.0,0.2418779526259324,12.181074231252252,94.99366708886075
2850,2,26,pitch_jump,1.0,0.250263606079931,17.87816399902347,94.99366708886075
2851,2,9,pitch_jump,2.0,0.37681507469745645,127.52652675406067,95.02699820011999
2851,2,26,pitch_jump,1.0,0.24456632534582523,12.545992909722582,95.02699820011999
2852,2,1,pitch_jump,1.0,0.04186503228764192,12.858791256901075,95.06032931137925
2852,2,2,pitch_jump,1.0,0.12428838913180876,13.743776965581892,95.06032931137925
2852,2,9,pitch_jump,1.0,0.18175785245414838,20.232216532623156,95.06032931137925
2853,2,1,pitch_jump,1.0,0.10315396755824427,25.334605481541857,95.0936604226385
2853,2,5,pitch_jump,1.0,0.12682097471550827,19.92501101441307,95.0936604226385
2853,2,6,pitch_jump,1.0,0.14881866246511666,12.229761585450992,95.0936604226385
2854,2,2,pitch_jump,1.0,0.19120148139260199,19.021972402879054,95.12699153389774
2854,2,13,pitch_jump,1.0,0.2141062863079224,15.74547345173174,95.12699153389774
2855,2,2,pitch_jump,1.0,0.06474479793749868,31.632814271614425,95.160322645157
2855,2,3,pitch_jump,1.0,0.0683000626070844,12.121409443143643,95.160322645157
2855,2,5,pitch_jump,1.0,0.011683166257791762,17.234137376703984,95.160322645157
2855,2,6,pitch_jump,1.0,0.0255359942254866,13.999937923263538,95.160322645157
2855,2,13,pitch_jump,1.0,0.09913984256857795,25.600143640102914,95.160322645157
2855,2,16,pitch_jump,1.0,0.1158125851616748,12.52293663920499,95.160322645157
2855,2,26,pitch_jump,1.0,0.09075256866560123,20.46831174631842,95.160322645157
2856,2,4,pitch_jump,1.0,0.09953717992187147,18.615757089758933,95.19365375641624
2856,2,6,pitch_jump,1.0,0.07704206493674874,16.886834955281667,95.19365375641624
2856,2,13,pitch_jump,1.0,0.21923657396088153,14.384475694850831,95.19365375641624
2856,2,16,pitch_jump,1.0,0.2219647927577296,15.431783187655425,95.19365375641624
2856,2,19,pitch_jump,1.0,0.11046604849609323,14.243183635592304,95.19365375641624
2857,2,3,pitch_jump,1.0,0.1228262348986646,16.052809744243774,95.2269848676755
2857,2,4,pitch_jump,1.0,0.08567843152431417,12.215569136274981,95.2269848676755
2857,2,6,pitch_jump,1.0,0.06887822795524522,16.291105891508966,95.2269848676755
2857,2,16,pitch_jump,1.0,0.21151165525309118,16.141570918055624,95.2269848676755
2857,2,19,pitch_jump,1.0,0.0927959315744057,19.236628890607353,95.2269848676755
2859,2,1,pitch_jump,1.0,0.09350699607982932,22.648311064646307,95.29364709019399
2859,2,13,pitch_jump,1.0,0.23016070322833387,19.335976924466735,95.29364709019399
2859,2,26,pitch_jump,1.0,0.23752418514896798,17.075214712277965,95.29364709019399
2860,2,1,pitch_jump,1.0,0.05185676376812533,17.012128486444173,95.32697820145324
2860,2,13,pitch_jump,1.0,0.19975582625067465,29.40601253428173,95.32697820145324
2860,2,26,pitch_jump,1.0,0.2123560086817013,24.359527163610522,95.32697820145324
2861,2,1,pitch_jump,1.0,0.007401106605977509,19.33226595646599,95.36030931271249
2861,2,15,pitch_jump,1.0,0.031694262181162614,13.777807480764572,95.36030931271249
2861,2,26,pitch_jump,1.0,0.07304823225908232,16.067070190931044,95.36030931271249
2862,2,1,pitch_jump,1.0,0.0575927689025811,29.911971243240778,95.39364042397173
2862,2,4,pitch_jump,1.0,0.08698865462712076,13.357764942398209,95.39364042397173
2862,2,15,pitch_jump,1.0,0.12298695856577253,15.924179981335202,95.39364042397173
2863,2,1,pitch_jump,1.0,0.18366737511745923,25.42900210377335,95.42697153523099
2863,2,4,pitch_jump,1.0,0.07546443715726407,13.12819656495912,95.42697153523099
2863,2,6,pitch_jump,1.0,0.076169410461424,18.066110241919247,95.42697153523099
2864,2,1,pitch_jump,1.0,0.08318032583324417,15.713333430591831,95.46030264649023
2865,2,3,pitch_jump,1.0,0.13508145406462707,17.750309142250646,95.49363375774949
2865,2,6,pitch_jump,1.0,0.056821552973609794,13.655877401977847,95.49363375774949
2865,2,15,pitch_jump,1.0,0.10995533776733499,27.968072304141064,95.49363375774949
2865,2,26,pitch_jump,1.0,0.201598613922125,15.290857091349782,95.49363375774949
2867,2,1,pitch_jump,1.0,0.12325164867527107,26.22499692356603,95.56029598026798
2867,2,6,pitch_jump,1.0,0.020313629907441032,14.164748849730236,95.56029598026798
2867,2,13,pitch_jump,1.0,0.07998158016891217,18.296027080938813,95.56029598026798
2867,2,16,pitch_jump,1.0,0.09065745929349243,14.729904395869662,95.56029598026798
2867,2,26,pitch_jump,1.0,0.08432445905893379,12.381475598278048,95.56029598026798
2868,2,6,pitch_jump,1.0,0.049284286795703805,15.199012314820887,95.59362709152724
2869,2,3,pitch_jump,1.0,0.10371615591738402,12.893088536688209,95.62695820278648
2869,2,4,pitch_jump,1.0,0.0791983950160614,20.56090775093092,95.62695820278648
2869,2,6,pitch_jump,1.0,0.04232120947807783,19.002107019986447,95.62695820278648
2869,2,13,pitch_jump,1.0,0.12864401270094183,16.858823121257064,95.62695820278648
2869,2,26,pitch_jump,1.0,0.1545554039345787,18.333742484071482,95.62695820278648
2871,2,6,pitch_jump,1.0,0.02680071646600533,14.088042107038051,95.69362042530499
2871,2,13,pitch_jump,1.0,0.15237117725593663,12.268452548454219,95.69362042530499
2873,2,13,pitch_jump,1.0,0.05739061077935252,25.89248133540385,95.76028264782349
2873,2,19,pitch_jump,1.0,0.020653504219913126,16.237849849554326,95.76028264782349
2873,2,26,pitch_jump,1.0,0.05698605122602761,14.93616693090898,95.76028264782349
2874,2,19,pitch_jump,1.0,0.04052458524189934,12.051781404189967,95.79361375908273
2875,2,6,pitch_jump,1.0,0.029611122250243514,25.70954878513541,95.82694487034198
2875,2,13,pitch_jump,1.0,0.07592998602638353,22.045310671252413,95.82694487034198
2875,2,19,pitch_jump,1.0,0.009883555449033353,16.976375328586258,95.82694487034198
2876,2,6,pitch_jump,1.0,0.047375613583701764,15.469516628822683,95.86027598160123
2876,2,13,pitch_jump,1.0,0.0681167513402031,20.351633707844698,95.86027598160123
2876,2,19,pitch_jump,1.0,0.022579328791168148,16.656186751989505,95.86027598160123
2876,2,26,pitch_jump,1.0,0.0718442975243107,12.129759033635871,95.86027598160123
2878,2,23,pitch_jump,1.0,0.12863889840606102,17.4164017986951,95.92693820411972
2881,2,19,pitch_jump,1.0,0.04820190708018875,18.632409115374355,96.02693153789748
2881,2,23,pitch_jump,1.0,0.16117110890381114,39.271673432320384,96.02693153789748
2883,2,23,pitch_jump,1.0,0.14939535973786514,16.52859771475761,96.09359376041597
2884,2,23,pitch_jump,1.0,0.1541043779963171,16.78582909482591,96.12692487167523
2886,2,3,pitch_jump,1.0,0.025525057543301005,12.894878521208188,96.19358709419373
2886,2,4,pitch_jump,1.0,0.026994607876096987,14.374593055985672,96.19358709419373
2886,2,23,pitch_jump,1.0,0.13086020000987628,13.692268512533307,96.19358709419373
2886,2,26,pitch_jump,1.0,0.07911861427702349,16.328726162464374,96.19358709419373
2887,2,3,pitch_jump,1.0,0.03583788979575596,12.955425600142599,96.22691820545298
2887,2,6,pitch_jump,1.0,0.019236553831095928,15.040933656561318,96.22691820545298
2887,2,26,pitch_jump,1.0,0.07344361965511789,12.692331520550994,96.22691820545298
2889,2,4,pitch_jump,1.0,0.02956468214326407,14.913873280735498,96.29358042797148
2889,2,6,pitch_jump,1.0,0.019261603834443558,12.613471255701748,96.29358042797148
2889,2,13,pitch_jump,1.0,0.060607873616776296,15.082344913615792,96.29358042797148
2889,2,26,pitch_jump,1.0,0.05329448150301145,12.326992723111777,96.29358042797148
2890,2,4,pitch_jump,1.0,0.028923087032379335,12.74545896827714,96.32691153923072
2890,2,6,pitch_jump,1.0,0.04145418911005848,15.511637508876422,96.32691153923072
2890,2,19,pitch_jump,1.0,0.019327659851703656,14.97801048966234,96.32691153923072
2892,2,2,pitch_jump,1.0,0.10090138531644569,23.54832328506946,96.39357376174922
2893,2,2,pitch_jump,1.0,0.10151877651072434,20.346019453097536,96.42690487300847
2894,2,2,pitch_jump,1.0,0.07334182127034061,17.18354627867404,96.46023598426773
2895,2,2,pitch_jump,1.0,0.07705431765792435,16.742936451702736,96.49356709552697
2895,2,13,pitch_jump,1.0,0.02524924927429698,17.227396958985402,96.49356709552697
2895,2,26,pitch_jump,1.0,0.04469336107832793,13.253809393063987,96.49356709552697
2896,2,2,pitch_jump,1.0,0.10294423302671982,20.003238382351626,96.52689820678621
2896,2,3,pitch_jump,1.0,0.030551696230215496,12.35751813234643,96.52689820678621
2896,2,6,pitch_jump,1.0,0.00657239665832394,13.31887958313667,96.52689820678621
2896,2,13,pitch_jump,1.0,0.02601663195268397,12.996616030815453,96.52689820678621
2896,2,16,pitch_jump,1.0,0.03338399597260323,16.37496839240436,96.52689820678621
2896,2,19,pitch_jump,1.0,0.020473483375382937,13.87823610059147,96.52689820678621
2896,2,26,pitch_jump,1.0,0.04652204365241824,21.449043235377612,96.52689820678621
2900,2,2,pitch_jump,1.0,0.07197847961017713,14.645366989584023,96.66022265182322
2904,2,4,pitch_jump,1.0,0.014280701757218071,13.63960176297455,96.79354709686021
2904,2,19,pitch_jump,1.0,0.02478304359610445,13.158818661859348,96.79354709686021
2905,2,2,pitch_jump,1.0,0.0968108148464494,14.464494751153936,96.82687820811947
2909,2,4,pitch_jump,1.0,0.003430215401813264,12.259816442671953,96.96020265315646
2913,2,6,pitch_jump,1.0,0.06918618634159392,12.417096624352013,97.09352709819346
2913,2,26,pitch_jump,1.0,0.02902133155873574,15.140949449130854,97.09352709819346
2920,2,26,pitch_jump,1.0,0.045499755828075396,13.3980751908281,97.3268448770082
2922,2,6,pitch_jump,1.0,0.06504554879459115,14.88163888584642,97.3935070995267
2926,2,2,pitch_jump,1.0,0.025957093841584122,12.732100883900573,97.5268315445637
2932,2,6,pitch_jump,1.0,0.0711778170752217,13.715982339558323,97.7268182121192
2935,2,6,pitch_jump,1.0,0.19521197551276134,14.056522083546815,97.82681154589694
2939,2,1,pitch_jump,1.0,0.9807237457632338,45.27181308184166,97.96013599093394
2940,2,1,pitch_jump,1.0,0.9562998124843268,44.302065278195826,97.9934671021932
2941,2,1,pitch_jump,1.0,0.9304955707275264,44.098175703636294,98.02679821345244
2942,2,1,pitch_jump,1.0,0.9193610293927799,39.18847683540378,98.0601293247117
2944,2,1,pitch_jump,1.0,0.9173031717483113,61.13443057544987,98.12679154723018
2944,2,2,pitch_jump,1.0,0.03335029412242712,80.42939009235215,98.12679154723018
2944,2,3,pitch_jump,1.0,0.02842621549687582,12.404459823239671,98.12679154723018
2944,2,4,pitch_jump,1.0,0.016327693480416263,13.177116448462165,98.12679154723018
2944,2,6,pitch_jump,1.0,0.06627644947300272,50.43593459261938,98.12679154723018
2944,2,19,pitch_jump,1.0,0.049066281895759435,30.903004498593,98.12679154723018
2945,2,1,pitch_jump,1.0,0.017496374633174838,12.68907029384974,98.16012265848944
2945,2,2,pitch_jump,1.0,0.0206490734299881,31.651118833364187,98.16012265848944
2946,2,1,pitch_jump,1.0,0.978025978186334,40.30124795509195,98.19345376974869
2946,2,2,pitch_jump,1.0,0.03381237712771387,37.96182643098863,98.19345376974869
2946,2,4,pitch_jump,1.0,0.008008752897726422,17.85441039863385,98.19345376974869
2946,2,6,pitch_jump,1.0,0.02070615028260208,16.007361633165356,98.19345376974869
2946,2,19,pitch_jump,1.0,0.028331765224930274,21.02573251283159,98.19345376974869
2948,2,2,pitch_jump,1.0,0.022438472487733573,49.27883263723005,98.26011599226719
2948,2,6,pitch_jump,1.0,0.023047597256791164,33.52315262813199,98.26011599226719
2948,2,19,pitch_jump,1.0,0.021912865774493955,14.209303182722035,98.26011599226719
2949,2,2,pitch_jump,1.0,0.035050129851207985,13.798704586773505,98.29344710352643
2949,2,4,pitch_jump,1.0,0.015121326676664134,17.830213965528568,98.29344710352643
2949,2,6,pitch_jump,1.0,0.05465712008151891,15.601172872546957,98.29344710352643
2949,2,19,pitch_jump,1.0,0.036241913254428326,13.5568767476517,98.29344710352643
2950,2,6,pitch_jump,1.0,0.047997361280776446,15.28613011091965,98.32677821478569
2951,2,3,pitch_jump,1.0,0.029543681469755025,12.984963199583984,98.36010932604493
2951,2,4,pitch_jump,1.0,0.00781843238177741,12.7085932117597,98.36010932604493
2952,2,13,pitch_jump,1.0,0.07193651438797248,12.531658023017197,98.39344043730418
2958,2,2,pitch_jump,1.0,0.05377945410573618,14.92697005557706,98.59342710485969
2959,2,13,pitch_jump,1.0,0.05923506383413986,20.53112807619979,98.62675821611893
2959,2,26,pitch_jump,1.0,0.055372567192157086,17.061745478594048,98.62675821611893
2960,2,6,pitch_jump,1.0,0.042970102931161956,12.355392911223943,98.66008932737817
2961,2,2,pitch_jump,1.0,0.038706848711106516,43.78172941957328,98.69342043863743
2961,2,6,pitch_jump,1.0,0.03187059292825696,17.634566173301653,98.69342043863743
2961,2,26,pitch_jump,1.0,0.057392181285835515,12.519069598108445,98.69342043863743
2962,2,2,pitch_jump,1.0,0.03616869144449613,20.786658689725833,98.72675154989668
2963,2,13,pitch_jump,1.0,0.027582204202614546,12.855749918556793,98.76008266115592
2963,2,26,pitch_jump,1.0,0.01931450210829636,13.050683303289842,98.76008266115592
2965,2,2,pitch_jump,1.0,0.03009394016423759,13.327700385496424,98.82674488367442
2965,2,26,pitch_jump,1.0,0.06936906383265673,21.61191396951124,98.82674488367442
2967,2,2,pitch_jump,1.0,0.03638630866568086,22.735911732606006,98.89340710619292
2968,2,2,pitch_jump,1.0,0.0364810779318332,13.88726663941207,98.92673821745217
2968,2,6,pitch_jump,1.0,0.03736483702466324,13.604733900721344,98.92673821745217
2974,2,2,pitch_jump,1.0,0.03312107415208011,36.237636437864516,99.12672488500768
2974,2,26,pitch_jump,1.0,0.06214536360119123,21.225324030395083,99.12672488500768
2976,2,1,pitch_jump,1.0,0.02900355078286844,12.49663545309998,99.19338710752616
2977,2,2,pitch_jump,1.0,0.07835134252313976,15.266654463299668,99.22671821878542
2977,2,19,pitch_jump,1.0,0.02605263178181502,12.182651500428614,99.22671821878542
2979,2,2,pitch_jump,1.0,0.07647017686587047,23.16585559255349,99.29338044130391
2979,2,16,pitch_jump,1.0,0.09006586262676758,17.567889303746387,99.29338044130391
2980,2,2,pitch_jump,1.0,0.07898118894500612,25.687303997073297,99.32671155256317
2980,2,6,pitch_jump,1.0,0.024957423273014066,17.873672571968843,99.32671155256317
2981,2,2,pitch_jump,1.0,0.04767948055824779,12.066127121226696,99.36004266382241
2982,2,26,pitch_jump,1.0,0.07909059748540295,19.37283549119827,99.39337377508167
2983,2,2,pitch_jump,1.0,0.07710182206897044,15.193065630752338,99.42670488634091
2983,2,26,pitch_jump,1.0,0.09919863920824186,24.883633138388397,99.42670488634091
2984,2,2,pitch_jump,1.0,0.04078934797811125,13.661770211613279,99.46003599760016
2985,2,2,pitch_jump,1.0,0.06612194062403234,23.34292440193992,99.49336710885942
2985,2,26,pitch_jump,1.0,0.04869465266263951,14.862794372784508,99.49336710885942
2989,2,6,pitch_jump,1.0,0.05433685007542213,15.349671714229258,99.6266915538964
2989,2,26,pitch_jump,1.0,0.045916065147649905,12.931054261776197,99.6266915538964
2990,2,16,pitch_jump,1.0,0.05877591865472393,14.747594687447318,99.66002266515567
2991,2,2,pitch_jump,1.0,0.057572071317392705,24.33961785481228,99.69335377641491
2991,2,16,pitch_jump,1.0,0.051773661123155706,12.093252464384218,99.69335377641491
2992,2,2,pitch_jump,1.0,0.062305033768840175,22.142868471326622,99.72668488767415
2992,2,4,pitch_jump,1.0,0.02048168661785686,14.228044198156033,99.72668488767415
2992,2,16,pitch_jump,1.0,0.11848563334936082,27.832751147892775,99.72668488767415
2992,2,19,pitch_jump,1.0,0.0193796531920398,15.527728162878045,99.72668488767415
2994,2,2,pitch_jump,1.0,0.05360235942261031,22.574223071516414,99.79334711019266
2994,2,26,pitch_jump,1.0,0.016198013010245076,12.320425833585743,99.79334711019266
2996,2,13,pitch_jump,1.0,0.018056719301487664,12.742242118506796,99.86000933271116
2997,2,4,pitch_jump,1.0,0.023013049645659988,12.027544437300554,99.8933404439704
2997,2,26,pitch_jump,1.0,0.03915523931125071,13.654549535936738,99.8933404439704
2998,2,2,pitch_jump,1.0,0.06582910988752555,17.125724529768654,99.92667155522966
2998,2,26,pitch_jump,1.0,0.1537840590091274,44.71146597045591,99.92667155522966
3000,2,26,pitch_jump,1.0,0.12466958434265052,33.640897592647924,99.99333377774815
3001,2,1,pitch_jump,1.0,0.009352332700000607,14.282489487457019,100.0266648890074
3001,2,4,pitch_jump,1.0,0.025705548849948145,17.3746194002406,100.0266648890074
3001,2,10,pitch_jump,1.0,0.057078601401911844,12.371439179659996,100.0266648890074
3001,2,13,pitch_jump,1.0,0.021474847724148812,14.828863990685006,100.0266648890074
3001,2,19,pitch_jump,1.0,0.011894222895747849,16.52184141828967,100.0266648890074
3001,2,26,pitch_jump,1.0,0.1165156379933455,27.164543007416817,100.0266648890074
3004,2,9,pitch_jump,1.0,0.06364334415375424,12.69560152340507,100.12665822278515
3004,2,10,pitch_jump,1.0,0.09716732393837554,14.918950784686098,100.12665822278515
3005,2,4,pitch_jump,1.0,0.014134013975042192,13.017444245123613,100.1599893340444
3005,2,26,pitch_jump,1.0,0.01637205706561115,12.557128079648605,100.1599893340444
3007,2,2,pitch_jump,1.0,0.08569420667386377,18.623915098600918,100.2266515565629
3007,2,26,pitch_jump,1.0,0.04179073323373545,21.0886468157275,100.2266515565629
3008,2,4,pitch_jump,1.0,0.021087329694532548,14.854654953977455,100.25998266782214
3008,2,19,pitch_jump,1.0,0.00910123884655256,12.496613551432805,100.25998266782214
3009,2,1,pitch_jump,1.0,0.0327055433719714,16.76073936867366,100.2933137790814
3009,2,2,pitch_jump,2.0,0.07037553333388434,22.845345278316152,100.2933137790814
3009,2,9,pitch_jump,1.0,0.10553901386183331,12.273038385793294,100.2933137790814
3009,2,10,pitch_jump,1.0,0.09806833145693362,13.850206639037777,100.2933137790814
3009,2,19,pitch_jump,1.0,0.03815923974649559,21.98369110348285,100.2933137790814
3010,2,1,pitch_jump,1.0,0.026185762788345363,21.399791660195714,100.32664489034065
3010,2,2,pitch_jump,1.0,0.11329159843506904,40.337083970412515,100.32664489034065
3010,2,3,pitch_jump,1.0,0.08683823634921344,16.600528255924075,100.32664489034065
3010,2,4,pitch_jump,1.0,0.039068082727425645,18.206943510271852,100.32664489034065
3010,2,6,pitch_jump,1.0,0.04701076599134366,23.912421566894647,100.32664489034065
3010,2,9,pitch_jump,1.0,0.09847150073976786,25.038959951886287,100.32664489034065
3010,2,10,pitch_jump,1.0,0.12842506390330086,17.0385312220473,100.32664489034065
3010,2,16,pitch_jump,1.0,0.0756631531040394,14.154156966581299,100.32664489034065
3010,2,19,pitch_jump,1.0,0.029849428905542104,21.500207677334686,100.32664489034065
3012,2,2,pitch_jump,2.0,0.07347614323124825,30.581962488726308,100.39330711285915
3012,2,6,pitch_jump,1.0,0.042962128286368195,15.419391725612133,100.39330711285915
3013,2,1,pitch_jump,1.0,0.028248893947769846,31.822836572331408,100.42663822411839
3013,2,2,pitch_jump,1.0,0.10505665754777123,56.99748320832477,100.42663822411839
3013,2,3,pitch_jump,1.0,0.09964834923404892,20.055773807847064,100.42663822411839
3013,2,6,pitch_jump,1.0,0.009844278980618314,23.468600149394096,100.42663822411839
3013,2,9,pitch_jump,1.0,0.12225404910508986,35.29501198298933,100.42663822411839
3013,2,10,pitch_jump,1.0,0.12716959274503958,37.67135514696907,100.42663822411839
3013,2,13,pitch_jump,1.0,0.057165810246067476,18.274991193198222,100.42663822411839
3013,2,15,pitch_jump,1.0,0.07853994252351439,30.27340536007618,100.42663822411839
3013,2,16,pitch_jump,1.0,0.06029397674566922,21.42938755085047,100.42663822411839
3013,2,19,pitch_jump,1.0,0.012663961895326138,26.258554740851828,100.42663822411839
3013,2,26,pitch_jump,1.0,0.008015665214094055,15.12304867476242,100.42663822411839
3015,2,1,pitch_jump,1.0,0.049753524877819706,12.859567201490485,100.4933004466369
3015,2,26,pitch_jump,1.0,0.028686887441002538,14.190661913639104,100.4933004466369
3016,2,2,pitch_jump,2.0,0.10292448569918422,23.34219547925745,100.52663155789614
3016,2,9,pitch_jump,1.0,0.10181542266088324,15.66999867965008,100.52663155789614
3016,2,10,pitch_jump,1.0,0.1763139473072227,19.184007338180674,100.52663155789614
3016,2,13,pitch_jump,1.0,0.04495725624736694,12.032183877892347,100.52663155789614
3017,2,10,pitch_jump,1.0,0.08904120898904322,16.1041954861515,100.5599626691554
3017,2,13,pitch_jump,1.0,0.023983545238471585,12.144109257255547,100.5599626691554
3017,2,26,pitch_jump,1.0,0.039192500039830776,13.661374678177136,100.5599626691554
3019,2,1,pitch_jump,1.0,0.06225202993716637,16.263352569379848,100.6266248916739
3019,2,2,pitch_jump,1.0,0.08611329190031002,19.14973031278599,100.6266248916739
3019,2,9,pitch_jump,1.0,0.11752564354704814,12.489202688706861,100.6266248916739
3019,2,15,pitch_jump,1.0,0.07380404929681157,12.981141155010768,100.6266248916739
3019,2,19,pitch_jump,1.0,0.012083087987910891,18.331725082125086,100.6266248916739
3020,2,6,pitch_jump,1.0,0.031996257129485804,12.249299972355939,100.65995600293314
3020,2,9,pitch_jump,1.0,0.0804398442066724,12.010006375088832,100.65995600293314
3021,2,2,pitch_jump,1.0,0.094866202724157,23.730455558816704,100.69328711419239
3021,2,10,pitch_jump,1.0,0.12918437805386473,13.689044567684405,100.69328711419239
3021,2,13,pitch_jump,1.0,0.062226359896592226,13.057743722971487,100.69328711419239
3021,2,26,pitch_jump,1.0,0.029170134132295245,19.30741218240054,100.69328711419239
3022,2,1,pitch_jump,1.0,0.03959359106407128,12.413595999957844,100.72661822545165
3022,2,2,pitch_jump,1.0,0.0772637317928414,16.312532716145483,100.72661822545165
3022,2,4,pitch_jump,1.0,0.04469434772748565,24.365423192585308,100.72661822545165
3022,2,9,pitch_jump,1.0,0.10493702992367386,13.286554369315478,100.72661822545165
3022,2,19,pitch_jump,1.0,0.02239696299062793,16.92681585795944,100.72661822545165
3024,2,6,pitch_jump,1.0,0.03306300518899481,12.383878102723688,100.79328044797013
3024,2,9,pitch_jump,1.0,0.15529536535694546,14.624947580579848,100.79328044797013
3024,2,19,pitch_jump,1.0,0.026677581620389697,13.444349122644882,100.79328044797013
3025,2,1,pitch_jump,1.0,0.03504717594787875,22.087860788495473,100.82661155922939
3025,2,4,pitch_jump,1.0,0.050444001776927865,12.786096648543637,100.82661155922939
3025,2,9,pitch_jump,1.0,0.12739226729348097,24.655480173111957,100.82661155922939
3025,2,10,pitch_jump,1.0,0.1376288205509954,24.708567474724088,100.82661155922939
3025,2,13,pitch_jump,1.0,0.06689607001428155,17.16982324629872,100.82661155922939
3025,2,19,pitch_jump,1.0,0.021794757239866493,12.200571968418725,100.82661155922939
3025,2,26,pitch_jump,1.0,0.05013462598509876,16.184424999311364,100.82661155922939
3026,2,10,pitch_jump,1.0,0.10786608526113443,14.941877920711228,100.85994267048864
3027,2,3,pitch_jump,1.0,0.0984793730641286,12.059319255292289,100.8932737817479
3027,2,13,pitch_jump,1.0,0.04991068679314394,13.407548223923188,100.8932737817479
3027,2,16,pitch_jump,1.0,0.05783023024268458,12.379217150961237,100.8932737817479
3027,2,26,pitch_jump,1.0,0.03229733143639541,20.05464377740673,100.8932737817479
3028,2,9,pitch_jump,1.0,0.12585999627228048,16.907665296942742,100.92660489300714
3029,2,9,pitch_jump,1.0,0.07305492539532585,15.67007038259853,100.95993600426638
3029,2,10,pitch_jump,1.0,0.08751191821603722,15.992785296827217,100.95993600426638
3029,2,13,pitch_jump,1.0,0.018385580519974166,17.575631067317648,100.95993600426638
3029,2,18,pitch_jump,1.0,0.054721850852771446,27.843587500300345,100.95993600426638
3029,2,26,pitch_jump,1.0,0.12265709541771432,17.81620375822264,100.95993600426638
3030,2,1,pitch_jump,1.0,0.03264880088648605,16.998063931989634,100.99326711552564
3030,2,3,pitch_jump,1.0,0.1029882152724958,17.80513120227838,100.99326711552564
3030,2,4,pitch_jump,1.0,0.0378097742135783,15.032007459509526,100.99326711552564
3030,2,6,pitch_jump,1.0,0.04517267150733715,16.722199754299105,100.99326711552564
3030,2,9,pitch_jump,1.0,0.10361183821401226,17.297137722315426,100.99326711552564
3030,2,10,pitch_jump,1.0,0.10315303428213848,15.176225254450916,100.99326711552564
3030,2,13,pitch_jump,1.0,0.03272596379851556,15.353865777504659,100.99326711552564
3030,2,15,pitch_jump,1.0,0.06417123580694932,16.188652614278794,100.99326711552564
3030,2,16,pitch_jump,1.0,0.052085537614974725,13.087267674819028,100.99326711552564
3030,2,18,pitch_jump,1.0,0.09151114224022333,19.969427997768612,100.99326711552564
3030,2,19,pitch_jump,1.0,0.006925201372252043,16.13616675310436,100.99326711552564
3031,2,6,pitch_jump,1.0,0.04483875050109737,18.198012114142188,101.02659822678488
3031,2,10,pitch_jump,1.0,0.10983197590404847,13.56456373283391,101.02659822678488
3031,2,16,pitch_jump,1.0,0.061316056186728606,13.29950768176373,101.02659822678488
3031,2,18,pitch_jump,1.0,0.10174350648639523,14.319865184671432,101.02659822678488
3031,2,26,pitch_jump,1.0,0.09447829704142881,34.46248353387261,101.02659822678488
3032,2,13,pitch_jump,1.0,0.012995296464543891,12.248499025327538,101.05992933804413
3033,2,26,pitch_jump,1.0,0.11978691697454884,24.549015225169672,101.09326044930339
3034,2,9,pitch_jump,1.0,0.10709621816849497,14.743465338616177,101.12659156056263
3034,2,10,pitch_jump,1.0,0.11446531144923405,20.92265432472451,101.12659156056263
3034,2,13,pitch_jump,1.0,0.038453514629408235,14.28004023945122,101.12659156056263
3034,2,18,pitch_jump,1.0,0.11230747997117417,22.44402210968709,101.12659156056263
3035,2,18,pitch_jump,1.0,0.07329813359830613,12.487000574601057,101.15992267182189
3037,2,1,pitch_jump,1.0,0.026148060362611147,29.655500508587938,101.22658489434038
3037,2,3,pitch_jump,1.0,0.06567299362150653,12.60251108748872,101.22658489434038
3037,2,5,pitch_jump,1.0,0.03867414211532751,21.875607322249206,101.22658489434038
3037,2,6,pitch_jump,1.0,0.0017622179074702074,19.972602939276157,101.22658489434038
3037,2,9,pitch_jump,1.0,0.0940898308641932,24.399284008420956,101.22658489434038
3037,2,10,pitch_jump,1.0,0.13963130561681852,22.864660185390047,101.22658489434038
3037,2,13,pitch_jump,1.0,0.04046268679762229,17.22275390916655,101.22658489434038
3037,2,15,pitch_jump,1.0,0.05325658717390443,17.2130078341863,101.22658489434038
3037,2,16,pitch_jump,1.0,0.04387805453702157,12.009540786877572,101.22658489434038
3037,2,18,pitch_jump,1.0,0.07649792326726244,47.61133261670148,101.22658489434038
3037,2,19,pitch_jump,1.0,0.010905170035897086,29.63084115360327,101.22658489434038
3037,2,20,pitch_jump,1.0,0.025429025281576183,39.73890761901326,101.22658489434038
3037,2,26,pitch_jump,1.0,0.06469901145670563,31.961164302464116,101.22658489434038
3039,2,18,pitch_jump,1.0,0.07752584864590842,18.66985468357292,101.29324711685888
3039,2,20,pitch_jump,1.0,0.022670818170165544,12.395198212903596,101.29324711685888
3039,2,26,pitch_jump,1.0,0.08887888087865316,30.936614269884384,101.29324711685888
3040,2,18,pitch_jump,1.0,0.08711960060411858,14.270191063705084,101.32657822811812
3040,2,26,pitch_jump,1.0,0.09810962855854528,25.727941269083747,101.32657822811812
3042,2,1,pitch_jump,1.0,0.04746815362457338,16.14379193298372,101.39324045063663
3042,2,4,pitch_jump,1.0,0.027324862986618837,12.361426072234094,101.39324045063663
3042,2,9,pitch_jump,1.0,0.09899181844547955,18.572160933163126,101.39324045063663
3042,2,10,pitch_jump,1.0,0.09693677368264762,19.107374234574028,101.39324045063663
3042,2,13,pitch_jump,1.0,0.07313825137074575,16.016348364943603,101.39324045063663
3042,2,15,pitch_jump,1.0,0.05619103643868863,12.028824328709062,101.39324045063663
3042,2,18,pitch_jump,1.0,0.07924184329617016,21.751363644576422,101.39324045063663
3042,2,19,pitch_jump,1.0,0.012384874538967049,13.84250482729849,101.39324045063663
3042,2,20,pitch_jump,1.0,0.032686373885205434,17.287320262613363,101.39324045063663
3042,2,26,pitch_jump,1.0,0.15292620026183953,41.8829788654085,101.39324045063663
3043,2,1,pitch_jump,1.0,0.04404650251005874,15.520583343040089,101.42657156189588
3043,2,9,pitch_jump,1.0,0.12507853540154729,12.601214186694763,101.42657156189588
3043,2,10,pitch_jump,1.0,0.11905974850832715,14.24708522710089,101.42657156189588
3043,2,13,pitch_jump,1.0,0.05807511117733945,14.340427703256841,101.42657156189588
3043,2,18,pitch_jump,1.0,0.08110430226367117,23.102876507174752,101.42657156189588
3043,2,20,pitch_jump,1.0,0.05189266502918138,12.156249317663876,101.42657156189588
3043,2,26,pitch_jump,1.0,0.07226721556903244,40.03675626668964,101.42657156189588
3044,2,10,pitch_jump,1.0,0.07728380950670169,14.57837594172714,101.45990267315513
3044,2,18,pitch_jump,1.0,0.04654080440406069,15.749894758959991,101.45990267315513
3045,2,1,pitch_jump,1.0,0.03944497528920286,15.038948096391598,101.49323378441437
3045,2,9,pitch_jump,1.0,0.10299360982683686,13.79602221209498,101.49323378441437
3045,2,13,pitch_jump,1.0,0.059024955426885815,15.12365463793156,101.49323378441437
3045,2,18,pitch_jump,1.0,0.08118510674601184,22.40337518081493,101.49323378441437
3045,2,26,pitch_jump,2.0,0.06792238269234727,17.111364812112306,101.49323378441437
3046,2,1,pitch_jump,1.0,0.043254827084985265,18.135992063971877,101.52656489567363
3046,2,9,pitch_jump,1.0,0.09477473407553667,21.90657995987843,101.52656489567363
3046,2,10,pitch_jump,1.0,0.07498467579254581,17.43846376834868,101.52656489567363
3046,2,15,pitch_jump,1.0,0.06368213170110397,15.498637494903017,101.52656489567363
3046,2,18,pitch_jump,1.0,0.07615579969039718,23.24380648624946,101.52656489567363
3046,2,19,pitch_jump,1.0,0.029767480266496796,12.084729102395707,101.52656489567363
3046,2,20,pitch_jump,1.0,0.06522551411525304,17.838037979773837,101.52656489567363
3046,2,26,pitch_jump,1.0,0.10150668079980221,13.087327311017656,101.52656489567363
3047,2,18,pitch_jump,1.0,0.04480875593689362,14.443142838981922,101.55989600693287
3047,2,26,pitch_jump,1.0,0.12405789975784288,48.54774474823055,101.55989600693287
3048,2,9,pitch_jump,1.0,0.08910803795771748,13.793533734152321,101.59322711819212
3048,2,10,pitch_jump,1.0,0.13611629196273656,13.116714596222721,101.59322711819212
3048,2,18,pitch_jump,1.0,0.05728930534416492,15.565769663843396,101.59322711819212
3049,2,26,pitch_jump,1.0,0.08166687295010248,16.454992349210038,101.62655822945138
3050,2,9,pitch_jump,1.0,0.0779170237555909,14.731795863706518,101.65988934071062
3050,2,13,pitch_jump,1.0,0.014574677955136813,13.438105592786224,101.65988934071062
3050,2,18,pitch_jump,1.0,0.03336736483615682,14.488611502610087,101.65988934071062
3050,2,26,pitch_jump,1.0,0.03322211980591921,17.736981528271123,101.65988934071062
3051,2,13,pitch_jump,1.0,0.035448668367963426,12.580999322429372,101.69322045196988
3051,2,18,pitch_jump,1.0,0.03465859824848608,19.617365785492463,101.69322045196988
3051,2,26,pitch_jump,1.0,0.10086972028187446,32.938904300516,101.69322045196988
3053,2,20,pitch_jump,1.0,0.027193464444351827,12.178287869246166,101.75988267448837
3053,2,26,pitch_jump,1.0,0.04923330091964258,13.84498720519401,101.75988267448837
3054,2,20,pitch_jump,1.0,0.05601773439255228,12.309383075384691,101.79321378574762
3055,2,26,pitch_jump,1.0,0.11913926190069313,16.62756509186866,101.82654489700687
3057,2,9,pitch_jump,1.0,0.10429500670313885,17.923520141025993,101.89320711952537
3057,2,10,pitch_jump,1.0,0.1091639091473605,21.810866758531557,101.89320711952537
3057,2,13,pitch_jump,1.0,0.07975868397128903,20.563063937477093,101.89320711952537
3057,2,15,pitch_jump,1.0,0.051148063437440654,12.727101785244859,101.89320711952537
3057,2,18,pitch_jump,1.0,0.058685085195622,23.968644149325463,101.89320711952537
3057,2,26,pitch_jump,1.0,0.0991542217026248,18.53720190473388,101.89320711952537
3058,2,13,pitch_jump,1.0,0.0798525551390292,12.603322622202455,101.92653823078462
3058,2,18,pitch_jump,1.0,0.06027621524248918,20.803120213030567,101.92653823078462
3058,2,26,pitch_jump,1.0,0.14632368893767633,27.373892017736182,101.92653823078462
3059,2,26,pitch_jump,1.0,0.06824448515305752,22.05818673320588,101.95986934204387
3060,2,1,pitch_jump,1.0,0.03757766670324409,13.280067843021685,101.99320045330312
3060,2,4,pitch_jump,1.0,0.04368152571763809,14.430992148713912,101.99320045330312
3060,2,9,pitch_jump,1.0,0.1300912095050674,21.052477818853088,101.99320045330312
3060,2,10,pitch_jump,1.0,0.16011051207770094,15.494736051708475,101.99320045330312
3060,2,13,pitch_jump,1.0,0.0876988525536208,23.59902873711837,101.99320045330312
3060,2,18,pitch_jump,1.0,0.07266053085691572,34.32586878253662,101.99320045330312
3060,2,26,pitch_jump,1.0,0.005823191278797232,50.26266999555464,101.99320045330312
3061,2,1,pitch_jump,1.0,0.044068885900561586,17.10778110731003,102.02653156456236
3061,2,4,pitch_jump,1.0,0.053003094572821756,16.12233702388989,102.02653156456236
3061,2,18,pitch_jump,1.0,0.07827740449144795,14.803173586977811,102.02653156456236
3061,2,19,pitch_jump,1.0,0.010402173012163934,22.06563751321847,102.02653156456236
3061,2,20,pitch_jump,1.0,0.05306510543737053,23.366989673792364,102.02653156456236
3061,2,26,pitch_jump,1.0,0.15294328474196034,51.01408357136967,102.02653156456236
3062,2,1,pitch_jump,1.0,0.022593108156729512,14.49689823683469,102.05986267582162
3062,2,9,pitch_jump,1.0,0.09349739491482699,12.628046576587197,102.05986267582162
3062,2,15,pitch_jump,1.0,0.05203217741857902,12.925641518657459,102.05986267582162
3062,2,19,pitch_jump,1.0,0.004030911500808771,16.223135607940648,102.05986267582162
3062,2,20,pitch_jump,1.0,0.03239761635766546,21.457814576526083,102.05986267582162
3063,2,26,pitch_jump,1.0,0.09495251545382984,13.83172391503619,102.09319378708086
3064,2,19,pitch_jump,1.0,0.03642175520355677,12.334968480791963,102.12652489834011
3064,2,26,pitch_jump,1.0,0.09966454602692489,26.063549213307493,102.12652489834011
3065,2,9,pitch_jump,1.0,0.11637605932377987,18.100672084203907,102.15985600959937
3065,2,26,pitch_jump,1.0,0.10831348992165929,27.739091027429552,102.15985600959937
3066,2,9,pitch_jump,1.0,0.20169705649010825,13.11407178501432,102.19318712085861
3066,2,10,pitch_jump,1.0,0.1267726056043084,14.23353229281382,102.19318712085861
3066,2,13,pitch_jump,1.0,0.10455023482100255,14.661426206764611,102.19318712085861
3066,2,18,pitch_jump,1.0,0.07106756492846225,12.39313659975151,102.19318712085861
3066,2,26,pitch_jump,1.0,0.0874332169302706,27.6451547461788,102.19318712085861
3067,2,1,pitch_jump,1.0,0.04655945843441364,28.92769226636194,102.22651823211787
3067,2,3,pitch_jump,1.0,0.08106968239701783,12.027200111409845,102.22651823211787
3067,2,9,pitch_jump,1.0,0.1913319450596546,22.011482221248873,102.22651823211787
3067,2,10,pitch_jump,1.0,0.125139718995958,22.463142017241005,102.22651823211787
3067,2,13,pitch_jump,1.0,0.10221531263863373,20.58473760144082,102.22651823211787
3067,2,15,pitch_jump,1.0,0.0725970465739538,19.877581809379013,102.22651823211787
3067,2,16,pitch_jump,1.0,0.07209262914082813,18.68791477111428,102.22651823211787
3067,2,18,pitch_jump,1.0,0.06222382472332406,34.21355370965928,102.22651823211787
3067,2,19,pitch_jump,1.0,0.019944425599799143,20.361856125476944,102.22651823211787
3067,2,20,pitch_jump,1.0,0.05144978327783099,22.203808987460633,102.22651823211787
3067,2,26,pitch_jump,1.0,0.11394219070895709,14.041792272465909,102.22651823211787
3068,2,9,pitch_jump,1.0,0.1319330648650023,12.764804368577124,102.25984934337711
3068,2,18,pitch_jump,1.0,0.03220333729809544,16.74477404913772,102.25984934337711
3068,2,26,pitch_jump,1.0,0.031854626541577995,24.415577858987195,102.25984934337711
3069,2,6,pitch_jump,1.0,0.022906004279711633,15.439241461699071,102.29318045463636
3069,2,19,pitch_jump,1.0,0.042578459213584094,15.67312319580573,102.29318045463636
3069,2,20,pitch_jump,1.0,0.04821064743297716,16.174362364437638,102.29318045463636
3069,2,26,pitch_jump,1.0,0.08096109199436541,19.014467244617336,102.29318045463636
3070,2,1,pitch_jump,1.0,0.06458946360275061,12.41090943432806,102.32651156589561
3070,2,9,pitch_jump,1.0,0.1666565414592403,15.085116231779132,102.32651156589561
3070,2,10,pitch_jump,1.0,0.16963148389482885,13.767622359995913,102.32651156589561
3070,2,18,pitch_jump,1.0,0.06789243681063137,15.40034794173045,102.32651156589561
3070,2,19,pitch_jump,1.0,0.032715207395414746,12.59352952981362,102.32651156589561
3070,2,20,pitch_jump,1.0,0.05681169935502475,17.747938852042566,102.32651156589561
3070,2,26,pitch_jump,1.0,0.08335365574262268,15.967685911862432,102.32651156589561
3072,2,1,pitch_jump,1.0,0.06042372948181968,44.194043609535875,102.3931737884141
3072,2,3,pitch_jump,1.0,0.09403824140803546,14.05894962585873,102.3931737884141
3072,2,6,pitch_jump,1.0,0.06355289289576924,32.29962264401872,102.3931737884141
3072,2,9,pitch_jump,1.0,0.12159697345200282,34.61840001870089,102.3931737884141
3072,2,10,pitch_jump,1.0,0.14711535334852485,32.98846623195077,102.3931737884141
3072,2,13,pitch_jump,1.0,0.1149969306628237,23.780620273366726,102.3931737884141
3072,2,15,pitch_jump,1.0,0.07396259410470098,20.378384881407325,102.3931737884141
3072,2,16,pitch_jump,1.0,0.07791934638328028,13.246804363302244,102.3931737884141
3072,2,18,pitch_jump,1.0,0.05182380633337378,55.820540277387266,102.3931737884141
3072,2,19,pitch_jump,1.0,0.016358457144748605,33.095967933800495,102.3931737884141
3072,2,20,pitch_jump,1.0,0.054031833782074226,43.475142897132216,102.3931737884141
3072,2,26,pitch_jump,1.0,0.10015036032277347,33.22800487999579,102.3931737884141
3073,2,18,pitch_jump,1.0,0.04888736264678091,14.508918232444323,102.42650489967336
3073,2,26,pitch_jump,1.0,0.11838940276836393,31.47103053685548,102.42650489967336
3074,2,13,pitch_jump,1.0,0.062361632147929676,16.19102044371253,102.4598360109326
3074,2,18,pitch_jump,1.0,0.028891532759093928,16.245617290250834,102.4598360109326
3074,2,26,pitch_jump,1.0,0.08033271084119226,29.514898050037324,102.4598360109326
3075,2,3,pitch_jump,1.0,0.10001814946900074,14.176952782228168,102.49316712219186
3075,2,6,pitch_jump,1.0,0.08286878849416765,13.919696364266501,102.49316712219186
3075,2,9,pitch_jump,1.0,0.13108254750835527,15.272775747165607,102.49316712219186
3075,2,10,pitch_jump,1.0,0.11467870113731757,12.75920272449499,102.49316712219186
3076,2,6,pitch_jump,1.0,0.08484037766484256,14.554141460369882,102.52649823345111
3076,2,26,pitch_jump,1.0,0.06273874489639522,27.160988559359268,102.52649823345111
3077,2,18,pitch_jump,1.0,0.03548789999073863,13.84809913031916,102.55982934471035
3078,2,13,pitch_jump,1.0,0.09405558888583167,13.90465935937438,102.59316045596961
3078,2,26,pitch_jump,1.0,0.07045122056955228,24.78205902195821,102.59316045596961
3079,2,3,pitch_jump,1.0,0.0803454201934311,13.645326527258689,102.62649156722885
3079,2,4,pitch_jump,1.0,0.049525227396245076,14.468416639454707,102.62649156722885
3079,2,6,pitch_jump,1.0,0.10093557426811993,16.021509011146698,102.62649156722885
3079,2,15,pitch_jump,1.0,0.08191431807089973,12.286515573895585,102.62649156722885
3079,2,16,pitch_jump,1.0,0.07961452716474686,12.017691794887025,102.62649156722885
3079,2,19,pitch_jump,1.0,0.020965842006428974,16.175450980978383,102.62649156722885
3080,2,26,pitch_jump,1.0,0.15372414959642008,47.21021711667698,102.6598226784881
3081,2,18,pitch_jump,1.0,0.0562877970418963,24.964340369443242,102.69315378974736
3081,2,26,pitch_jump,1.0,0.07456399801564009,23.58301492336744,102.69315378974736
3082,2,18,pitch_jump,1.0,0.03217496713879192,13.050070499787834,102.7264849010066
3082,2,26,pitch_jump,1.0,0.1287599613235775,13.640050690175961,102.7264849010066
3083,2,1,pitch_jump,1.0,0.02256366868144711,17.073905834269176,102.75981601226586
3083,2,9,pitch_jump,1.0,0.08928564343262214,12.53914751381861,102.75981601226586
3083,2,15,pitch_jump,1.0,0.051784160992189986,14.259752141406889,102.75981601226586
3083,2,16,pitch_jump,1.0,0.03741411486274112,13.791504869576723,102.75981601226586
3083,2,19,pitch_jump,1.0,0.007521517185334127,16.518110277641085,102.75981601226586
3083,2,20,pitch_jump,1.0,0.02880754803833882,16.7003139893303,102.75981601226586
3083,2,26,pitch_jump,1.0,0.20345103627040517,63.795686303415145,102.75981601226586
3084,2,1,pitch_jump,1.0,0.039003033618055086,12.793172218279137,102.7931471235251
3084,2,5,pitch_jump,1.0,0.059078166657936304,12.585476393950723,102.7931471235251
3084,2,9,pitch_jump,1.0,0.12903580736662068,17.485350104410852,102.7931471235251
3084,2,10,pitch_jump,1.0,0.1267685174766081,18.83837005227771,102.7931471235251
3084,2,13,pitch_jump,1.0,0.08600614033299187,21.052930350750433,102.7931471235251
3084,2,16,pitch_jump,1.0,0.07171464664285072,13.520336511962082,102.7931471235251
3084,2,18,pitch_jump,1.0,0.053626108497616586,25.102234900000223,102.7931471235251
3084,2,26,pitch_jump,1.0,0.1623374788351119,76.23148260931075,102.7931471235251
3085,2,4,pitch_jump,1.0,0.04625461509568157,21.241727715648356,102.82647823478435
3085,2,18,pitch_jump,1.0,0.07953722622669747,27.014310979771984,102.82647823478435
3085,2,26,pitch_jump,1.0,0.11126941682764248,68.57175214880333,102.82647823478435
3087,2,1,pitch_jump,1.0,0.07628656573082587,18.800572273841397,102.89314045730285
3087,2,9,pitch_jump,1.0,0.1337712933492594,13.70078724477459,102.89314045730285
3087,2,10,pitch_jump,1.0,0.14151202345755612,12.096773647255517,102.89314045730285
3087,2,13,pitch_jump,1.0,0.08660724493605663,15.043151973614373,102.89314045730285
3087,2,18,pitch_jump,1.0,0.09387622918371777,28.389586483199597,102.89314045730285
3087,2,19,pitch_jump,1.0,0.02132284478843102,17.216001624188344,102.89314045730285
3087,2,20,pitch_jump,1.0,0.06473742086395841,16.04928529762885,102.89314045730285
3087,2,26,pitch_jump,1.0,0.02171086932247918,31.541153510598036,102.89314045730285
3088,2,26,pitch_jump,1.0,0.1997671839415142,46.6072751936719,102.92647156856209
3089,2,26,pitch_jump,1.0,0.13185496702755994,32.87716878420709,102.95980267982135
3090,2,4,pitch_jump,1.0,0.04960513396584224,21.55865278738378,102.9931337910806
3090,2,18,pitch_jump,1.0,0.06731095019540231,17.40401772624669,102.9931337910806
3090,2,19,pitch_jump,1.0,0.021576333352728953,13.515740811763838,102.9931337910806
3090,2,20,pitch_jump,1.0,0.059534061558344724,13.84525037599718,102.9931337910806
3090,2,26,pitch_jump,1.0,0.08003251669053171,24.150767054188943,102.9931337910806
3091,2,9,pitch_jump,1.0,0.14206921193841657,24.371759740313994,103.02646490233985
3091,2,10,pitch_jump,1.0,0.1355523767538458,16.550148763087243,103.02646490233985
3091,2,13,pitch_jump,1.0,0.1113901761589541,12.415567900481758,103.02646490233985
3091,2,18,pitch_jump,1.0,0.06719064683170071,20.05416681936457,103.02646490233985
3091,2,26,pitch_jump,1.0,0.1749527125927758,82.5734415205314,103.02646490233985
3092,2,3,pitch_jump,1.0,0.0381294526949676,12.257901578137194,103.0597960135991
3092,2,4,pitch_jump,1.0,0.023984072640309283,15.40176947873754,103.0597960135991
3092,2,13,pitch_jump,1.0,0.05739745677738731,15.172465268317671,103.0597960135991
3092,2,16,pitch_jump,1.0,0.0460929746720532,12.955570410726313,103.0597960135991
3092,2,18,pitch_jump,1.0,0.025762351887851982,20.86114397110643,103.0597960135991
3092,2,26,pitch_jump,1.0,0.041352801687294855,21.85270758693107,103.0597960135991
3093,2,13,pitch_jump,1.0,0.0943658120293439,14.60255547291707,103.09312712485834
3093,2,26,pitch_jump,1.0,0.1078181797206879,19.793498147402744,103.09312712485834
3094,2,3,pitch_jump,1.0,0.07571210555381688,13.373796218481058,103.1264582361176
3094,2,6,pitch_jump,1.0,0.1014236514031557,18.256368622160114,103.1264582361176
3094,2,18,pitch_jump,1.0,0.10711315411561248,15.121088819568692,103.1264582361176
3094,2,20,pitch_jump,1.0,0.08680912713308514,12.200415595184275,103.1264582361176
3094,2,26,pitch_jump,1.0,0.06847519270034627,41.67782872555685,103.1264582361176
3095,2,1,pitch_jump,1.0,0.025239611770035798,12.669595572736377,103.15978934737684
3095,2,10,pitch_jump,1.0,0.07945317658574964,14.074146237987634,103.15978934737684
3095,2,18,pitch_jump,1.0,0.01923566614303169,31.37177440104023,103.15978934737684
3095,2,25,pitch_jump,1.0,0.0389687227097604,14.558516777854019,103.15978934737684
3095,2,26,pitch_jump,1.0,0.11262083817401271,16.14560216077034,103.15978934737684
3096,2,1,pitch_jump,1.0,0.06599319097502887,19.35972672953381,103.19312045863609
3096,2,3,pitch_jump,1.0,0.07956094168649981,13.123461177745416,103.19312045863609
3096,2,9,pitch_jump,1.0,0.11930429070490604,17.767574321752154,103.19312045863609
3096,2,10,pitch_jump,1.0,0.15213454764985437,20.612547237833688,103.19312045863609
3096,2,13,pitch_jump,1.0,0.1194764181501555,15.642749866788543,103.19312045863609
3096,2,15,pitch_jump,1.0,0.07400714412793886,15.83855290130415,103.19312045863609
3096,2,16,pitch_jump,1.0,0.10367128007084347,13.2824326656829,103.19312045863609
3096,2,18,pitch_jump,1.0,0.05785306705955479,17.116570613422372,103.19312045863609
3096,2,25,pitch_jump,1.0,0.08000534472633841,16.53748358421443,103.19312045863609
3096,2,26,pitch_jump,1.0,0.087020088312871,32.84428120245243,103.19312045863609
3097,2,26,pitch_jump,1.0,0.06974677646869507,26.363636110426775,103.22645156989535
3098,2,18,pitch_jump,1.0,0.012477227747240376,18.449364059647767,103.25978268115459
3099,2,13,pitch_jump,1.0,0.08853570094237974,12.06520994286563,103.29311379241385
3099,2,18,pitch_jump,1.0,0.07143277731014255,16.903804446034997,103.29311379241385
3099,2,26,pitch_jump,2.0,0.08405581499180151,23.12870672669545,103.29311379241385
3100,2,9,pitch_jump,1.0,0.138938113704141,17.446090260200638,103.32644490367309
3100,2,26,pitch_jump,1.0,0.18483885068957948,55.483220670364595,103.32644490367309
3101,2,1,pitch_jump,1.0,0.032121164781705965,48.9461760117558,103.35977601493234
3101,2,4,pitch_jump,1.0,0.024555089285666225,27.410519713214665,103.35977601493234
3101,2,7,pitch_jump,1.0,0.008324555270231392,111.62783899364064,103.35977601493234
3101,2,9,pitch_jump,1.0,0.0734728140059985,30.52019986561962,103.35977601493234
3101,2,10,pitch_jump,1.0,0.12228677873642296,24.052749985368422,103.35977601493234
3101,2,13,pitch_jump,1.0,0.008866566037786025,46.29356792153329,103.35977601493234
3101,2,18,pitch_jump,1.0,0.028810703008106862,145.60604899257797,103.35977601493234
3101,2,19,pitch_jump,1.0,0.022131501061431934,37.642094154170934,103.35977601493234
3101,2,20,pitch_jump,1.0,0.030377625397233397,41.22866619089393,103.35977601493234
3101,2,25,pitch_jump,1.0,0.04991755646981365,81.01312707286098,103.35977601493234
3101,2,26,pitch_jump,1.0,0.10165629375800067,239.34105349266548,103.35977601493234
3102,2,4,pitch_jump,1.0,0.05876679185079208,13.409401544894477,103.3931071261916
3102,2,13,pitch_jump,1.0,0.15158176270063906,52.12383695186669,103.3931071261916
3102,2,19,pitch_jump,1.0,0.03469718975168248,17.038340213795628,103.3931071261916
3102,2,20,pitch_jump,1.0,0.06578561173078333,16.427191893257284,103.3931071261916
3102,2,25,pitch_jump,1.0,0.07341341278753628,12.769225477622628,103.3931071261916
3103,2,1,pitch_jump,1.0,0.10152674538569754,13.06495574016425,103.42643823745084
3103,2,4,pitch_jump,1.0,0.05927111859283457,17.622426443736128,103.42643823745084
3103,2,7,pitch_jump,1.0,0.08652933389260997,18.360954311822404,103.42643823745084
3103,2,15,pitch_jump,1.0,0.09560716539104488,12.757023838643692,103.42643823745084
3103,2,18,pitch_jump,1.0,0.019238008991032833,12.229742629870934,103.42643823745084
3103,2,19,pitch_jump,1.0,0.057733199335360266,23.726314966385132,103.42643823745084
3103,2,20,pitch_jump,1.0,0.08674178452232259,24.660702605590203,103.42643823745084
3103,2,25,pitch_jump,1.0,0.11833029063979682,19.082230010816946,103.42643823745084
3103,2,26,pitch_jump,2.0,0.05009762013509107,20.62453229801316,103.42643823745084
3104,2,7,pitch_jump,1.0,0.04071787770388594,15.31340040575779,103.4597693487101
3104,2,13,pitch_jump,1.0,0.056530965194686714,12.34201889360117,103.4597693487101
3104,2,18,pitch_jump,1.0,0.025194903997293384,13.716392251307399,103.4597693487101
3104,2,25,pitch_jump,1.0,0.05825756386969252,15.297449754452359,103.4597693487101
3104,2,26,pitch_jump,1.0,0.05439962843435466,34.996489203207474,103.4597693487101
3105,2,7,pitch_jump,1.0,0.062377831176659154,12.601042753252372,103.49310045996934
3105,2,9,pitch_jump,1.0,0.13563434244445033,15.261318836544561,103.49310045996934
3105,2,10,pitch_jump,1.0,0.14970140617718086,13.273660839170834,103.49310045996934
3105,2,18,pitch_jump,1.0,0.05197855292933406,28.28527612123514,103.49310045996934
3105,2,26,pitch_jump,1.0,0.21309473666430587,107.94896984582537,103.49310045996934
3106,2,10,pitch_jump,1.0,0.17715449594644475,14.158864625392006,103.52643157122858
3106,2,13,pitch_jump,1.0,0.15210690221324796,21.73242413893063,103.52643157122858
3106,2,18,pitch_jump,1.0,0.12283302089920144,14.526146509623826,103.52643157122858
3107,2,26,pitch_jump,1.0,0.1113642602119188,25.08700263428798,103.55976268248784
3108,2,10,pitch_jump,1.0,0.158967448000906,12.374253075092337,103.59309379374709
3108,2,18,pitch_jump,1.0,0.10765039032456619,22.8515742729236,103.59309379374709
3108,2,26,pitch_jump,1.0,0.034920178924876366,38.382640675325916,103.59309379374709
3109,2,7,pitch_jump,1.0,0.09487232769507298,15.868496693784703,103.62642490500633
3109,2,18,pitch_jump,1.0,0.10089399461422968,12.018453861964849,103.62642490500633
3109,2,20,pitch_jump,1.0,0.09558267581704394,16.742501081910607,103.62642490500633
3109,2,25,pitch_jump,1.0,0.10945612437361077,14.87262447420257,103.62642490500633
3111,2,9,pitch_jump,1.0,0.13576394237754927,15.20629494058705,103.69308712752483
3111,2,13,pitch_jump,1.0,0.12123428016388438,14.36274800312913,103.69308712752483
3111,2,26,pitch_jump,1.0,0.2420209506187913,73.76679893833915,103.69308712752483
3112,2,26,pitch_jump,1.0,0.06592349945850337,37.200231569088494,103.72641823878409
3114,2,4,pitch_jump,1.0,0.08036054416087537,14.07982334790721,103.79308046130258
3114,2,13,pitch_jump,1.0,0.10681390574773926,14.150625274115855,103.79308046130258
3114,2,18,pitch_jump,1.0,0.10853424657653812,15.42477301342155,103.79308046130258
3114,2,23,pitch_jump,1.0,0.06618495622661501,14.934444923277704,103.79308046130258
3114,2,26,pitch_jump,1.0,0.08120832596899784,21.444134921636728,103.79308046130258
3115,2,18,pitch_jump,1.0,0.10849675662501974,17.237796688502822,103.82641157256184
3115,2,23,pitch_jump,1.0,0.02286326994402117,14.493813421241393,103.82641157256184
3116,2,1,pitch_jump,1.0,0.041029036387880344,12.222680808335172,103.85974268382108
3116,2,4,pitch_jump,1.0,0.03359274119273397,13.874490734009072,103.85974268382108
3116,2,18,pitch_jump,1.0,0.035841036881068294,12.814024576064352,103.85974268382108
3116,2,19,pitch_jump,1.0,0.024292726326620773,12.277806352728796,103.85974268382108
3116,2,20,pitch_jump,3.0,0.14930143652760933,13.346841456949846,103.85974268382108
3116,2,23,pitch_jump,1.0,0.205280565803319,71.99464537337214,103.85974268382108
3117,2,1,pitch_jump,1.0,0.11609504631581079,16.687881451125232,103.89307379508033
3117,2,9,pitch_jump,1.0,0.13918934499898744,13.995673752901778,103.89307379508033
3117,2,13,pitch_jump,1.0,0.10378685229710263,18.967511336401802,103.89307379508033
3117,2,18,pitch_jump,1.0,0.10333078153735145,14.51504191036714,103.89307379508033
3117,2,19,pitch_jump,1.0,0.07170416043397541,12.301059503061769,103.89307379508033
3117,2,20,pitch_jump,1.0,0.16337944349017164,19.75371120990229,103.89307379508033
3117,2,23,pitch_jump,1.0,0.13978446365629252,48.75725752101111,103.89307379508033
3117,2,26,pitch_jump,1.0,0.1707754240896226,60.54449555412638,103.89307379508033
3118,2,2,pitch_jump,1.0,0.09728376637777687,17.086563738023656,103.92640490633958
3118,2,7,pitch_jump,1.0,0.09156818283984013,14.704388367468864,103.92640490633958
3118,2,19,pitch_jump,1.0,0.06231988991266537,17.172535289591682,103.92640490633958
3118,2,23,pitch_jump,1.0,0.1294099666626104,41.228513144287675,103.92640490633958
3118,2,25,pitch_jump,1.0,0.11018247864121482,17.700193777637825,103.92640490633958
3119,2,19,pitch_jump,1.0,0.02231182280998696,13.184955192608234,103.95973601759883
3119,2,23,pitch_jump,1.0,0.039774501865722574,16.751001906337894,103.95973601759883
3120,2,1,pitch_jump,1.0,0.0975932300217742,13.129505583454318,103.99306712885809
3120,2,2,pitch_jump,1.0,0.09837597530129882,39.14161587789201,103.99306712885809
3120,2,3,pitch_jump,1.0,0.10349693500915697,26.81721476048643,103.99306712885809
3120,2,4,pitch_jump,1.0,0.06522269499793908,23.646299098910728,103.99306712885809
3120,2,5,pitch_jump,1.0,0.25826476377892343,24.053722901788525,103.99306712885809
3120,2,6,pitch_jump,1.0,0.1149033576962185,33.77311509688853,103.99306712885809
3120,2,7,pitch_jump,1.0,0.0963754089521183,36.07084918549869,103.99306712885809
3120,2,9,pitch_jump,1.0,0.10500645657810008,15.964582429927715,103.99306712885809
3120,2,10,pitch_jump,1.0,0.17059615481223062,18.35970341029501,103.99306712885809
3120,2,13,pitch_jump,1.0,0.126668131403337,23.6769036987333,103.99306712885809
3120,2,16,pitch_jump,1.0,0.16525866920229437,16.333897063449587,103.99306712885809
3120,2,19,pitch_jump,1.0,0.07691811456885506,33.29666956942351,103.99306712885809
3120,2,22,pitch_jump,1.0,0.08441436825662163,18.98062781559204,103.99306712885809
3120,2,23,pitch_jump,1.0,0.09851650794742177,32.66008723235885,103.99306712885809
3120,2,25,pitch_jump,1.0,0.10586082095362842,38.34902074726396,103.99306712885809
3121,2,4,pitch_jump,1.0,0.061507968691177875,12.08628691002687,104.02639824011733
3121,2,5,pitch_jump,1.0,0.23411514803276,30.89731590501836,104.02639824011733
3121,2,6,pitch_jump,1.0,0.10906127687544999,12.182204064595286,104.02639824011733
3121,2,22,pitch_jump,1.0,0.04385606826693316,25.34637404165978,104.02639824011733
3121,2,23,pitch_jump,1.0,0.1057873334164681,14.101478151493824,104.02639824011733
3122,2,1,pitch_jump,1.0,0.04058249682162868,12.136003487974005,104.05972935137657
3122,2,2,pitch_jump,1.0,0.042154891383054886,22.217390987328027,104.05972935137657
3122,2,5,pitch_jump,1.0,0.06697621910510076,32.249503410150716,104.05972935137657
3122,2,7,pitch_jump,1.0,0.03543970785849872,23.688374357177047,104.05972935137657
3122,2,19,pitch_jump,1.0,0.04080760053259303,25.86256786305353,104.05972935137657
3122,2,23,pitch_jump,1.0,0.03285566290055859,20.133047679940194,104.05972935137657
3122,2,25,pitch_jump,1.0,0.05415437614533868,23.01764403735161,104.05972935137657
3123,2,2,pitch_jump,1.0,0.0891475646362816,21.503586601658924,104.09306046263583
3123,2,5,pitch_jump,1.0,0.09362430550087038,13.900304857935646,104.09306046263583
3123,2,7,pitch_jump,1.0,0.08890174349964342,15.468097517062336,104.09306046263583
3123,2,19,pitch_jump,1.0,0.07455559446847737,17.651819746702817,104.09306046263583
3123,2,23,pitch_jump,1.0,0.15340968042811987,21.85924211674656,104.09306046263583
3123,2,25,pitch_jump,1.0,0.11383500629652347,21.425190545958362,104.09306046263583
3123,2,26,pitch_jump,1.0,0.07993183684911649,13.859492194775731,104.09306046263583
3124,2,2,pitch_jump,1.0,0.07055965278254157,12.980743977985304,104.12639157389508
3124,2,18,pitch_jump,1.0,0.09291001453886678,27.656932755882547,104.12639157389508
3124,2,23,pitch_jump,1.0,0.13498859545668493,16.5656144275984,104.12639157389508
3124,2,26,pitch_jump,1.0,0.041828432058378474,19.87545837050651,104.12639157389508
3125,2,26,pitch_jump,1.0,0.06763964695767544,23.23036877267656,104.15972268515432
3126,2,1,pitch_jump,1.0,0.132559848837317,18.724426604595582,104.19305379641358
3126,2,19,pitch_jump,1.0,0.058832907375731706,14.419817729915957,104.19305379641358
3126,2,26,pitch_jump,1.0,0.12571852831362218,32.81306763056965,104.19305379641358
3127,2,2,pitch_jump,1.0,0.0566362829535499,13.259919861918608,104.22638490767282
3127,2,4,pitch_jump,1.0,0.05993600629849813,14.216817681128537,104.22638490767282
3127,2,6,pitch_jump,1.0,0.15051584201839213,16.998049536638224,104.22638490767282
3128,2,1,pitch_jump,1.0,0.03604142502493137,13.81809784483104,104.25971601893208
3128,2,2,pitch_jump,1.0,0.02680760959338178,18.927543704638992,104.25971601893208
3128,2,7,pitch_jump,1.0,0.05035763301041448,18.38680743117251,104.25971601893208
3128,2,9,pitch_jump,1.0,0.05676676922039128,14.982429405727983,104.25971601893208
3128,2,13,pitch_jump,1.0,0.031221600387257478,14.89004395877085,104.25971601893208
3128,2,18,pitch_jump,1.0,0.029827242782239107,22.069093117904576,104.25971601893208
3128,2,23,pitch_jump,1.0,0.06203650635712355,29.549133737117508,104.25971601893208
3128,2,25,pitch_jump,1.0,0.06294805983024605,12.277363056594801,104.25971601893208
3128,2,26,pitch_jump,1.0,0.03752465442355763,22.808412929624332,104.25971601893208
3129,2,1,pitch_jump,1.0,0.10681901541964228,14.424616259621866,104.29304713019133
3129,2,2,pitch_jump,1.0,0.09176260498927234,26.880974083344253,104.29304713019133
3129,2,6,pitch_jump,1.0,0.15988712526963078,13.671934605886541,104.29304713019133
3129,2,7,pitch_jump,1.0,0.12021858074792015,21.4008232537088,104.29304713019133
3129,2,9,pitch_jump,1.0,0.1323298432668997,18.267650536784814,104.29304713019133
3129,2,10,pitch_jump,1.0,0.18878917980352655,14.981314305049743,104.29304713019133
3129,2,13,pitch_jump,1.0,0.15498363538617052,13.541937934965267,104.29304713019133
3129,2,18,pitch_jump,1.0,0.0652497958873298,19.13494507987608,104.29304713019133
3129,2,19,pitch_jump,1.0,0.08195732485346839,12.880024000141258,104.29304713019133
3129,2,23,pitch_jump,1.0,0.12446371738905636,35.308549591726724,104.29304713019133
3129,2,25,pitch_jump,1.0,0.12656267445372582,18.140649672011026,104.29304713019133
3130,2,1,pitch_jump,1.0,0.12606814231211905,17.69186872626253,104.32637824145057
3130,2,2,pitch_jump,1.0,0.11276691637291711,29.88955309197206,104.32637824145057
3130,2,4,pitch_jump,1.0,0.08239474323410505,17.391384429181397,104.32637824145057
3130,2,5,pitch_jump,1.0,0.09631110841516148,30.772679465605773,104.32637824145057
3130,2,6,pitch_jump,1.0,0.13823420961293492,18.621322877648105,104.32637824145057
3130,2,7,pitch_jump,1.0,0.12278432012702671,27.23382437522053,104.32637824145057
3130,2,9,pitch_jump,1.0,0.14842622827018126,19.062645106260725,104.32637824145057
3130,2,10,pitch_jump,1.0,0.19049564963484555,17.877748905108632,104.32637824145057
3130,2,16,pitch_jump,1.0,0.1796401987187416,15.978432828278544,104.32637824145057
3130,2,18,pitch_jump,1.0,0.12311105525261534,12.165124788004839,104.32637824145057
3130,2,19,pitch_jump,1.0,0.09459674755928313,35.927853574064635,104.32637824145057
3130,2,23,pitch_jump,1.0,0.13716862425067475,23.13397316426562,104.32637824145057
3130,2,25,pitch_jump,1.0,0.13111703484121,29.960965862703368,104.32637824145057
3130,2,26,pitch_jump,1.0,0.11218477915720176,14.519386420606649,104.32637824145057
3131,2,1,pitch_jump,1.0,0.05895436332767368,17.219170507549133,104.35970935270983
3131,2,2,pitch_jump,1.0,0.05644869061109019,25.353336469195984,104.35970935270983
3131,2,7,pitch_jump,1.0,0.05287898243460521,25.136338162203856,104.35970935270983
3131,2,9,pitch_jump,1.0,0.04895679361094558,14.288599483771113,104.35970935270983
3131,2,13,pitch_jump,1.0,0.05489514451836031,12.44344237631674,104.35970935270983
3131,2,18,pitch_jump,1.0,0.057432752682692295,26.50512135245299,104.35970935270983
3131,2,23,pitch_jump,1.0,0.012983728207119164,25.12071201785819,104.35970935270983
3131,2,25,pitch_jump,1.0,0.056786009044874214,19.26056819718401,104.35970935270983
3131,2,26,pitch_jump,1.0,0.0323366138689856,27.192466127932708,104.35970935270983
3132,2,2,pitch_jump,1.0,0.11513992262745193,24.45215461380896,104.39304046396907
3132,2,3,pitch_jump,1.0,0.12729695899229795,14.758363868136438,104.39304046396907
3132,2,5,pitch_jump,1.0,0.117266633344391,13.95457359132789,104.39304046396907
3132,2,9,pitch_jump,1.0,0.13646861580778988,15.952341330548926,104.39304046396907
3132,2,13,pitch_jump,1.0,0.1667567241912255,12.436626033945505,104.39304046396907
3132,2,16,pitch_jump,1.0,0.19538559725170718,14.474473663982042,104.39304046396907
3132,2,18,pitch_jump,1.0,0.17531873688480093,13.612447535514534,104.39304046396907
3132,2,19,pitch_jump,1.0,0.1049671360351971,16.927187243565605,104.39304046396907
3132,2,23,pitch_jump,1.0,0.15303776933503674,12.907486887709918,104.39304046396907
3132,2,25,pitch_jump,1.0,0.1366036212060205,18.337097035076322,104.39304046396907
3132,2,26,pitch_jump,1.0,0.0924572232781771,15.565507007305278,104.39304046396907
3133,2,2,pitch_jump,1.0,0.10261920411984993,20.22854404488814,104.42637157522832
3133,2,4,pitch_jump,1.0,0.1057049811077013,16.241995072432594,104.42637157522832
3133,2,5,pitch_jump,1.0,0.10483870206313721,31.30825723356837,104.42637157522832
3133,2,7,pitch_jump,1.0,0.11477116308641672,21.709174206302336,104.42637157522832
3133,2,9,pitch_jump,1.0,0.13848845148384065,19.54268731810464,104.42637157522832
3133,2,10,pitch_jump,1.0,0.20649702401977063,23.136280122666903,104.42637157522832
3133,2,13,pitch_jump,1.0,0.15067659337422076,26.36075495263678,104.42637157522832
3133,2,15,pitch_jump,1.0,0.14835782398150948,12.253608319056896,104.42637157522832
3133,2,16,pitch_jump,1.0,0.2116525054803732,13.322676934937702,104.42637157522832
3133,2,18,pitch_jump,1.0,0.1456514460785008,24.31741527826048,104.42637157522832
3133,2,19,pitch_jump,1.0,0.0967594652311925,34.44402814400653,104.42637157522832
3133,2,23,pitch_jump,1.0,0.13418047054698953,24.215872540743078,104.42637157522832
3133,2,25,pitch_jump,1.0,0.14487742581209964,23.769930510532472,104.42637157522832
3133,2,26,pitch_jump,1.0,0.1299371718768875,33.245803603608714,104.42637157522832
3134,2,1,pitch_jump,1.0,0.06569906249803381,58.77976537228501,104.45970268648757
3134,2,2,pitch_jump,1.0,0.04033822162471019,73.44290730250823,104.45970268648757
3134,2,3,pitch_jump,1.0,0.06283790362822814,19.25102393756064,104.45970268648757
3134,2,4,pitch_jump,1.0,0.053032523742128725,35.19010442436986,104.45970268648757
3134,2,5,pitch_jump,1.0,0.04799716483336793,80.16691273963808,104.45970268648757
3134,2,7,pitch_jump,1.0,0.04351468417306731,72.42010788525376,104.45970268648757
3134,2,9,pitch_jump,1.0,0.06717672571981105,51.416195909108154,104.45970268648757
3134,2,10,pitch_jump,1.0,0.09993660932708381,39.31428426954618,104.45970268648757
3134,2,13,pitch_jump,1.0,0.06088770492537577,61.55752910316383,104.45970268648757
3134,2,15,pitch_jump,1.0,0.06420363476056853,29.107232162849023,104.45970268648757
3134,2,18,pitch_jump,1.0,0.042063432919304075,65.61058481067124,104.45970268648757
3134,2,19,pitch_jump,1.0,0.05439663610165615,89.55463397410198,104.45970268648757
3134,2,23,pitch_jump,1.0,0.054512380645183565,57.667974843717154,104.45970268648757
3134,2,25,pitch_jump,1.0,0.0658219937899532,79.14247548705565,104.45970268648757
3134,2,26,pitch_jump,1.0,0.10406374848384779,95.0062937563719,104.45970268648757
3135,2,9,pitch_jump,1.0,0.17875033294232168,12.255023941523884,104.49303379774682
3135,2,13,pitch_jump,1.0,0.16037714014683238,12.245024989534894,104.49303379774682
3135,2,19,pitch_jump,1.0,0.10610491708458257,13.202201087934366,104.49303379774682
3135,2,26,pitch_jump,1.0,0.2669436498407608,47.694885438802025,104.49303379774682
3136,2,2,pitch_jump,1.0,0.10564229774464882,12.546227175961445,104.52636490900608
3136,2,19,pitch_jump,1.0,0.10845327869046137,12.924740301649297,104.52636490900608
3137,2,26,pitch_jump,1.0,0.03197146810087968,12.034122324760444,104.55969602026532
3138,2,5,pitch_jump,1.0,0.13371166374373517,12.52063940100677,104.59302713152456
3138,2,9,pitch_jump,1.0,0.15902980436070127,17.671417163031474,104.59302713152456
3138,2,10,pitch_jump,1.0,0.22897468269269372,17.33530266291617,104.59302713152456
3138,2,13,pitch_jump,1.0,0.1470624702678664,16.583671374435554,104.59302713152456
3138,2,19,pitch_jump,1.0,0.12201903270678105,15.287066143520436,104.59302713152456
3138,2,26,pitch_jump,1.0,0.17370427562747734,16.0779076430117,104.59302713152456
3139,2,9,pitch_jump,1.0,0.18353657790661285,17.701581391146238,104.62635824278382
3139,2,10,pitch_jump,1.0,0.22807320243192586,18.139447170205635,104.62635824278382
3139,2,13,pitch_jump,1.0,0.16710177714086585,17.876990428784975,104.62635824278382
3139,2,16,pitch_jump,1.0,0.21486793403862162,17.02448619950667,104.62635824278382
3139,2,18,pitch_jump,1.0,0.19456156828721205,13.466655433692623,104.62635824278382
3139,2,26,pitch_jump,1.0,0.1888098088835201,18.722105144263704,104.62635824278382
3140,2,1,pitch_jump,1.0,0.06503051038101483,12.988210157086764,104.65968935404307
3140,2,2,pitch_jump,1.0,0.07261888604008598,15.35429154843631,104.65968935404307
3140,2,7,pitch_jump,1.0,0.06400528667639997,15.832202658756152,104.65968935404307
3140,2,9,pitch_jump,1.0,0.05612204133916332,18.210428219317016,104.65968935404307
3140,2,10,pitch_jump,1.0,0.11915658123874748,18.082344369668757,104.65968935404307
3140,2,13,pitch_jump,1.0,0.06480192614000468,21.02290484491224,104.65968935404307
3140,2,18,pitch_jump,1.0,0.066698046712175,24.189103297896988,104.65968935404307
3140,2,23,pitch_jump,1.0,0.05998383932741716,15.926766278101224,104.65968935404307
3140,2,25,pitch_jump,1.0,0.06790328071734948,16.2425319225737,104.65968935404307
3141,2,2,pitch_jump,1.0,0.1651742478193529,17.431305908857382,104.69302046530231
3141,2,7,pitch_jump,1.0,0.1510718709666526,15.748791982219377,104.69302046530231
3141,2,9,pitch_jump,1.0,0.15204536894608017,14.121975156780266,104.69302046530231
3141,2,13,pitch_jump,1.0,0.18955076870176094,14.650430780834022,104.69302046530231
3141,2,18,pitch_jump,1.0,0.18811977205353456,14.708776181665726,104.69302046530231
3141,2,19,pitch_jump,1.0,0.1048520124122902,15.154814200767934,104.69302046530231
3141,2,21,pitch_jump,1.0,0.14564638847423983,18.153566593853412,104.69302046530231
3141,2,26,pitch_jump,1.0,0.16709815466437924,16.128916172990134,104.69302046530231
3142,2,1,pitch_jump,1.0,0.162557427950168,13.992107355389908,104.72635157656157
3142,2,4,pitch_jump,1.0,0.08346907724615991,20.176708225148587,104.72635157656157
3142,2,5,pitch_jump,1.0,0.12881195376143456,17.05591736870311,104.72635157656157
3142,2,9,pitch_jump,1.0,0.13354535040605936,17.766933992422413,104.72635157656157
3142,2,10,pitch_jump,1.0,0.24613919728010225,12.525535801924448,104.72635157656157
3142,2,13,pitch_jump,1.0,0.2122134757522378,12.44668298463381,104.72635157656157
3142,2,15,pitch_jump,1.0,0.1594775252643836,14.41432990579356,104.72635157656157
3142,2,18,pitch_jump,1.0,0.15525518166710622,17.12498236293368,104.72635157656157
3142,2,19,pitch_jump,1.0,0.12166307028888942,15.721415310131304,104.72635157656157
3142,2,21,pitch_jump,1.0,0.14851684536697665,18.482719278780227,104.72635157656157
3142,2,25,pitch_jump,1.0,0.15776780910150506,13.602934816001508,104.72635157656157
3142,2,26,pitch_jump,1.0,0.1750573740731952,19.512055502613396,104.72635157656157
3144,2,1,pitch_jump,1.0,0.18814013752248948,22.993501149370577,104.79301379908007
3145,2,1,pitch_jump,1.0,0.18079534779611076,15.703921694973792,104.82634491033932
3145,2,2,pitch_jump,1.0,0.14683267235306682,21.04943520242113,104.82634491033932
3145,2,7,pitch_jump,1.0,0.14850647630274122,17.884600839597045,104.82634491033932
3145,2,21,pitch_jump,1.0,0.1311013430641733,23.512374568897027,104.82634491033932
3145,2,23,pitch_jump,1.0,0.1917322139587645,17.991273359428444,104.82634491033932
3145,2,25,pitch_jump,1.0,0.17765048210247983,13.452734965948762,104.82634491033932
3145,2,26,pitch_jump,1.0,0.16136210560875347,14.834816793318238,104.82634491033932
3146,2,2,pitch_jump,1.0,0.05549817863751983,14.826896386093283,104.85967602159856
3146,2,7,pitch_jump,1.0,0.07696110101922671,14.63656178290854,104.85967602159856
3146,2,18,pitch_jump,1.0,0.09770397391045389,13.13462249413354,104.85967602159856
3146,2,21,pitch_jump,1.0,0.045795751758016257,14.724651990050523,104.85967602159856
3146,2,23,pitch_jump,1.0,0.09480855672035132,17.021460777747375,104.85967602159856
3146,2,25,pitch_jump,1.0,0.0770212877814751,13.475138889730273,104.85967602159856
3146,2,26,pitch_jump,1.0,0.0858272299988696,12.56554419981738,104.85967602159856
3147,2,10,pitch_jump,1.0,0.26761193744220785,16.94545032060966,104.89300713285782
3147,2,13,pitch_jump,1.0,0.20649797963498018,12.505679853604764,104.89300713285782
3147,2,16,pitch_jump,1.0,0.2707391874707641,15.795341561000654,104.89300713285782
3147,2,18,pitch_jump,1.0,0.2487086923379655,16.4093001595613,104.89300713285782
3148,2,5,pitch_jump,1.0,0.15033843873594457,19.21196290689441,104.92633824411706
3148,2,18,pitch_jump,1.0,0.20033607526390879,12.034108914062259,104.92633824411706
3148,2,19,pitch_jump,1.0,0.14708936271103393,20.128463244964536,104.92633824411706
3148,2,23,pitch_jump,1.0,0.20503475650774763,17.690961045903954,104.92633824411706
3148,2,25,pitch_jump,1.0,0.18658514869334245,12.250079544655199,104.92633824411706
3148,2,26,pitch_jump,1.0,0.2368437972828759,26.878950815919367,104.92633824411706
3149,2,1,pitch_jump,1.0,0.06042359638067075,22.801595225795488,104.9596693553763
3149,2,2,pitch_jump,1.0,0.08562002990298276,61.98132318049688,104.9596693553763
3149,2,5,pitch_jump,1.0,0.06445670326161426,50.36909752236218,104.9596693553763
3149,2,7,pitch_jump,1.0,0.07838673774634063,54.38867702931704,104.9596693553763
3149,2,9,pitch_jump,1.0,0.0761789699188239,23.26925728579475,104.9596693553763
3149,2,10,pitch_jump,1.0,0.13607544631895513,29.316369022131802,104.9596693553763
3149,2,13,pitch_jump,1.0,0.07617453422226109,27.809406844674214,104.9596693553763
3149,2,15,pitch_jump,1.0,0.06739850706240327,15.99869354052877,104.9596693553763
3149,2,16,pitch_jump,1.0,0.13529089976146202,32.14415702721819,104.9596693553763
3149,2,18,pitch_jump,1.0,0.09529903810267154,12.986126582918462,104.9596693553763
3149,2,19,pitch_jump,1.0,0.0545520744843142,55.350436711029694,104.9596693553763
3149,2,21,pitch_jump,1.0,0.06950494592358028,88.42956231552574,104.9596693553763
3149,2,23,pitch_jump,1.0,0.09318537045374531,53.21024029598441,104.9596693553763
3149,2,25,pitch_jump,1.0,0.08255582792237748,50.08350385734199,104.9596693553763
3149,2,26,pitch_jump,1.0,0.07690004304719521,16.684201842984407,104.9596693553763
3150,2,2,pitch_jump,1.0,0.18707401929994197,13.388796764355467,104.99300046663556
3150,2,5,pitch_jump,1.0,0.14200141302903851,12.51899937951085,104.99300046663556
3150,2,18,pitch_jump,1.0,0.2184287932031201,14.426963696797237,104.99300046663556
3150,2,19,pitch_jump,1.0,0.1497563370923407,20.28403926927866,104.99300046663556
3150,2,21,pitch_jump,1.0,0.1603621447031076,19.702812254119014,104.99300046663556
3150,2,25,pitch_jump,1.0,0.18691666372625146,12.157917550660322,104.99300046663556
3150,2,26,pitch_jump,1.0,0.22141126193678023,25.553598693172635,104.99300046663556
3151,2,1,pitch_jump,1.0,0.19152864584271015,18.260162324814573,105.02633157789481
3151,2,2,pitch_jump,1.0,0.1574709832658343,23.57274679637588,105.02633157789481
3151,2,5,pitch_jump,1.0,0.14488200375143284,16.906317010025795,105.02633157789481
3151,2,7,pitch_jump,1.0,0.14908891804913996,24.91003135784377,105.02633157789481
3151,2,9,pitch_jump,1.0,0.15127848718741455,14.347805243438756,105.02633157789481
3151,2,15,pitch_jump,1.0,0.1640394893119749,12.526923099716122,105.02633157789481
3151,2,18,pitch_jump,1.0,0.1943792493813627,13.780105769728683,105.02633157789481
3151,2,19,pitch_jump,1.0,0.15135760164930837,19.451583490129536,105.02633157789481
3151,2,21,pitch_jump,1.0,0.16905589879810512,31.08092317943606,105.02633157789481
3151,2,23,pitch_jump,1.0,0.1926984513726044,43.54296605092223,105.02633157789481
3151,2,25,pitch_jump,1.0,0.1764125662315458,21.767433492916446,105.02633157789481
3152,2,1,pitch_jump,1.0,0.07843781864629061,16.86698018573144,105.05966268915407
3152,2,2,pitch_jump,1.0,0.045397751566310304,50.865247259798714,105.05966268915407
3152,2,5,pitch_jump,1.0,0.06153187235139174,95.83998623472284,105.05966268915407
3152,2,7,pitch_jump,1.0,0.06757957346381539,47.93119740897153,105.05966268915407
3152,2,9,pitch_jump,1.0,0.06269207989260177,38.648362092488135,105.05966268915407
3152,2,10,pitch_jump,1.0,0.11894901111688799,59.05125112559576,105.05966268915407
3152,2,11,pitch_jump,1.0,0.05502255017521794,115.55729618010328,105.05966268915407
3152,2,13,pitch_jump,1.0,0.09772118373520489,65.39694458112473,105.05966268915407
3152,2,14,pitch_jump,1.0,0.055917062463284276,145.76987003046213,105.05966268915407
3152,2,16,pitch_jump,1.0,0.14330405622944006,46.4087504312965,105.05966268915407
3152,2,18,pitch_jump,1.0,0.07038353044509468,25.72912767287588,105.05966268915407
3152,2,19,pitch_jump,1.0,0.05902252389443911,106.5425367285103,105.05966268915407
3152,2,21,pitch_jump,1.0,0.07348930668000621,91.48360849844698,105.05966268915407
3152,2,23,pitch_jump,1.0,0.10079446678090734,23.358104075642558,105.05966268915407
3152,2,25,pitch_jump,1.0,0.0713069492197831,59.77357377711055,105.05966268915407
3152,2,26,pitch_jump,1.0,0.0779942504853753,41.443185412818515,105.05966268915407
3153,2,1,pitch_jump,1.0,0.19220078765939033,19.61063549841791,105.09299380041331
3153,2,2,pitch_jump,1.0,0.14778138851874215,18.944504349482543,105.09299380041331
3153,2,5,pitch_jump,1.0,0.14263255456017254,18.843905756365377,105.09299380041331
3153,2,7,pitch_jump,1.0,0.16071097156109881,19.059764875509703,105.09299380041331
3153,2,9,pitch_jump,1.0,0.20351438563438973,17.46183547266956,105.09299380041331
3153,2,10,pitch_jump,1.0,0.290846767949833,14.250481092257605,105.09299380041331
3153,2,11,pitch_jump,1.0,0.1429868482544033,35.848655359337535,105.09299380041331
3153,2,13,pitch_jump,1.0,0.22627100348088242,20.725863466031424,105.09299380041331
3153,2,14,pitch_jump,1.0,0.14548338893213242,35.273341766601156,105.09299380041331
3153,2,18,pitch_jump,1.0,0.2509059253425556,14.949026590555036,105.09299380041331
3153,2,19,pitch_jump,1.0,0.12950614970097488,19.812489207116094,105.09299380041331
3153,2,21,pitch_jump,1.0,0.1654317162756321,29.406785188384777,105.09299380041331
3153,2,23,pitch_jump,1.0,0.25092079632455205,50.112546590580614,105.09299380041331
3153,2,25,pitch_jump,1.0,0.16935684603044515,23.849976233935987,105.09299380041331
3153,2,26,pitch_jump,1.0,0.2119683208764475,25.432613368556176,105.09299380041331
3154,2,1,pitch_jump,1.0,0.18512210155651782,16.75205177923708,105.12632491167255
3154,2,5,pitch_jump,1.0,0.13976071595523037,20.960955509845235,105.12632491167255
3154,2,11,pitch_jump,1.0,0.13795245730994246,30.941096960673647,105.12632491167255
3154,2,14,pitch_jump,1.0,0.1383788289153419,36.16939709267932,105.12632491167255
3154,2,18,pitch_jump,1.0,0.21951888274129888,12.607800400230685,105.12632491167255
3154,2,19,pitch_jump,1.0,0.13390988449907987,21.529713235193913,105.12632491167255
3154,2,21,pitch_jump,1.0,0.15468781081722102,15.849189097685212,105.12632491167255
3154,2,23,pitch_jump,1.0,0.24691571484135325,31.83763258443354,105.12632491167255
3154,2,25,pitch_jump,1.0,0.16106089621226813,12.60747454773654,105.12632491167255
3154,2,26,pitch_jump,1.0,0.1950830016988823,13.022375752752605,105.12632491167255
3155,2,2,pitch_jump,1.0,0.0592178057765809,15.159846574083058,105.15965602293181
3155,2,5,pitch_jump,1.0,0.062446449669906104,35.87049732336944,105.15965602293181
3155,2,7,pitch_jump,1.0,0.04278510039011967,13.841533984492592,105.15965602293181
3155,2,9,pitch_jump,1.0,0.07907182975613503,19.642807049687896,105.15965602293181
3155,2,10,pitch_jump,1.0,0.1211823951571717,30.53717030204437,105.15965602293181
3155,2,11,pitch_jump,1.0,0.06032528403533186,34.65036929526999,105.15965602293181
3155,2,13,pitch_jump,1.0,0.08404690070445833,27.932840603915615,105.15965602293181
3155,2,14,pitch_jump,1.0,0.06712440262142572,53.69661763420729,105.15965602293181
3155,2,18,pitch_jump,1.0,0.08825163777647126,15.354214002544692,105.15965602293181
3155,2,19,pitch_jump,1.0,0.07051124490752063,43.77044969401939,105.15965602293181
3155,2,21,pitch_jump,1.0,0.0600850351278048,27.825608067188952,105.15965602293181
3155,2,23,pitch_jump,1.0,0.08724624422976678,13.719511983769767,105.15965602293181
3155,2,25,pitch_jump,1.0,0.05974191930389884,20.134371993341563,105.15965602293181
3156,2,5,pitch_jump,1.0,0.1459194853290861,13.874716946861875,105.19298713419106
3156,2,9,pitch_jump,1.0,0.2026581322201331,12.408561824411057,105.19298713419106
3156,2,10,pitch_jump,1.0,0.28788618868131616,17.119828913817976,105.19298713419106
3156,2,13,pitch_jump,1.0,0.20482969392570902,16.005459536557428,105.19298713419106
3156,2,15,pitch_jump,1.0,0.18755239312113087,12.05691119152155,105.19298713419106
3156,2,23,pitch_jump,1.0,0.21581773843675736,22.21039309889282,105.19298713419106
3157,2,1,pitch_jump,1.0,0.1472908906448196,34.078105117384744,105.2263182454503
3157,2,2,pitch_jump,1.0,0.20858175049140001,64.46436187775737,105.2263182454503
3157,2,5,pitch_jump,1.0,0.13954895663942496,74.60045315791675,105.2263182454503
3157,2,7,pitch_jump,1.0,0.17987029554359335,58.7698078838579,105.2263182454503
3157,2,9,pitch_jump,1.0,0.19456925211870324,22.077043687064155,105.2263182454503
3157,2,10,pitch_jump,1.0,0.2662205986998088,25.666739571585683,105.2263182454503
3157,2,11,pitch_jump,1.0,0.1376302363950267,108.89376271472197,105.2263182454503
3157,2,13,pitch_jump,1.0,0.21419945182330122,24.314604249829035,105.2263182454503
3157,2,14,pitch_jump,1.0,0.12914151071639896,127.92961257710083,105.2263182454503
3157,2,15,pitch_jump,1.0,0.15858505991314817,14.961661284307063,105.2263182454503
3157,2,18,pitch_jump,1.0,0.20647254966777506,30.469763430470184,105.2263182454503
3157,2,19,pitch_jump,1.0,0.11884013517389845,84.53425531338391,105.2263182454503
3157,2,21,pitch_jump,1.0,0.1510146261943952,88.59302706598541,105.2263182454503
3157,2,23,pitch_jump,1.0,0.2226154531256551,57.70171004332281,105.2263182454503
3157,2,25,pitch_jump,1.0,0.16838427873924086,62.112372091231485,105.2263182454503
3158,2,1,pitch_jump,1.0,0.05582427397433192,20.53628574412469,105.25964935670956
3158,2,2,pitch_jump,1.0,0.08445104139531703,63.43337983586421,105.25964935670956
3158,2,5,pitch_jump,1.0,0.06260945957943509,174.56662962251886,105.25964935670956
3158,2,7,pitch_jump,1.0,0.07687572778960015,59.38932375690854,105.25964935670956
3158,2,9,pitch_jump,1.0,0.06405604575016359,31.991864466084124,105.25964935670956
3158,2,11,pitch_jump,1.0,0.04710774044517971,199.24183992757483,105.25964935670956
3158,2,13,pitch_jump,1.0,0.09289102145029073,54.87957119977008,105.25964935670956
3158,2,14,pitch_jump,1.0,0.05936747889310536,295.9363672929292,105.25964935670956
3158,2,15,pitch_jump,1.0,0.06911187704183351,14.03568655343618,105.25964935670956
3158,2,19,pitch_jump,1.0,0.05266316026106438,203.0973853316567,105.25964935670956
3158,2,21,pitch_jump,1.0,0.05663979796959132,134.07935542055654,105.25964935670956
3158,2,23,pitch_jump,1.0,0.09690435680639486,31.89449591228271,105.25964935670956
3158,2,25,pitch_jump,1.0,0.08047580207601934,97.75991474895514,105.25964935670956
3159,2,2,pitch_jump,1.0,0.1880875196283327,14.740025974980826,105.2929804679688
3159,2,5,pitch_jump,1.0,0.13780662334366722,20.305283505507685,105.2929804679688
3159,2,7,pitch_jump,1.0,0.18816696284008105,15.70136255381911,105.2929804679688
3159,2,10,pitch_jump,2.0,0.19226940764645137,31.261442809610145,105.2929804679688
3159,2,14,pitch_jump,1.0,0.15895157624874304,18.524126408924495,105.2929804679688
3159,2,19,pitch_jump,1.0,0.13478258747763394,21.196357968928055,105.2929804679688
3159,2,21,pitch_jump,1.0,0.1817243679525029,15.165516256698686,105.2929804679688
3159,2,23,pitch_jump,1.0,0.20331538457897458,23.08097281116426,105.2929804679688
3159,2,25,pitch_jump,1.0,0.188260024304689,20.438497931532083,105.2929804679688
3160,2,11,pitch_jump,1.0,0.12416666793193375,12.840704707329452,105.32631157922806
3160,2,14,pitch_jump,1.0,0.12946409692373065,19.529900355483,105.32631157922806
3160,2,18,pitch_jump,1.0,0.2517782931801435,13.204515021441825,105.32631157922806
3160,2,21,pitch_jump,1.0,0.17849769247373304,13.697562941715336,105.32631157922806
3160,2,22,pitch_jump,1.0,0.29258046150230516,19.78651114372453,105.32631157922806
3161,2,5,pitch_jump,1.0,0.059668915439138694,18.534676526488834,105.3596426904873
3161,2,10,pitch_jump,1.0,0.130649494994653,14.092265544132832,105.3596426904873
3161,2,11,pitch_jump,1.0,0.06372533304971752,13.069398617149139,105.3596426904873
3161,2,14,pitch_jump,1.0,0.06828025744215316,22.68245530643216,105.3596426904873
3161,2,19,pitch_jump,1.0,0.07268289750756254,18.779477503172842,105.3596426904873
3162,2,1,pitch_jump,1.0,0.1913507535471576,18.364293834710704,105.39297380174655
3162,2,10,pitch_jump,1.0,0.23294130057874524,14.570394952847515,105.39297380174655
3162,2,14,pitch_jump,1.0,0.14735040016280587,12.200451799092155,105.39297380174655
3162,2,18,pitch_jump,1.0,0.2306142776588521,25.077660377162605,105.39297380174655
3162,2,21,pitch_jump,1.0,0.18506600516505547,13.069099719567108,105.39297380174655
3162,2,25,pitch_jump,1.0,0.17529786210203457,12.270016367908545,105.39297380174655
3163,2,1,pitch_jump,1.0,0.1803223663111289,25.643415371365446,105.42630491300581
3163,2,11,pitch_jump,1.0,0.1573902689553858,22.362570307964507,105.42630491300581
3163,2,18,pitch_jump,1.0,0.2281536787278022,17.954688474308448,105.42630491300581
3163,2,21,pitch_jump,1.0,0.16293020861524726,15.74023133966489,105.42630491300581
3164,2,14,pitch_jump,1.0,0.06669321368519614,12.320611343279268,105.45963602426505
3164,2,23,pitch_jump,1.0,0.09254721354990435,12.671524159780656,105.45963602426505
3165,2,9,pitch_jump,1.0,0.2000243663643202,16.578875823607945,105.4929671355243
3165,2,11,pitch_jump,1.0,0.16563476897813348,18.232200558100303,105.4929671355243
3165,2,13,pitch_jump,1.0,0.20380148604049453,13.570372923326442,105.4929671355243
3165,2,18,pitch_jump,1.0,0.21655288084137336,13.73432447849046,105.4929671355243
3165,2,19,pitch_jump,1.0,0.13890905392882621,13.94267054923346,105.4929671355243
3166,2,9,pitch_jump,1.0,0.16898618722205166,12.059723143081314,105.52629824678355
3166,2,10,pitch_jump,1.0,0.25320451999791194,23.958153583781574,105.52629824678355
3166,2,13,pitch_jump,1.0,0.18249075196077125,16.963775402953523,105.52629824678355
3166,2,14,pitch_jump,1.0,0.14848963500933046,20.18024233373459,105.52629824678355
3166,2,19,pitch_jump,1.0,0.13713306573838382,13.511102803756065,105.52629824678355
3167,2,1,pitch_jump,1.0,0.053159796931084025,20.86594816061545,105.5596293580428
3167,2,2,pitch_jump,1.0,0.07103525805336504,31.804046192371832,105.5596293580428
3167,2,5,pitch_jump,1.0,0.07862559544544423,30.281471611056816,105.5596293580428
3167,2,7,pitch_jump,1.0,0.0763168811508793,29.014775525993727,105.5596293580428
3167,2,9,pitch_jump,1.0,0.047976479895740824,18.564223195362516,105.5596293580428
3167,2,10,pitch_jump,1.0,0.12148408965895219,17.16781511174982,105.5596293580428
3167,2,11,pitch_jump,1.0,0.05776944066515094,32.56291991313662,105.5596293580428
3167,2,13,pitch_jump,1.0,0.07620036508635933,18.31238286676411,105.5596293580428
3167,2,14,pitch_jump,1.0,0.07152800536386635,33.04624209656011,105.5596293580428
3167,2,15,pitch_jump,1.0,0.07177681949091799,21.861157882910906,105.5596293580428
3167,2,18,pitch_jump,1.0,0.10109416302215775,20.2594983312229,105.5596293580428
3167,2,19,pitch_jump,1.0,0.06172833333745253,31.235491911171827,105.5596293580428
3167,2,21,pitch_jump,1.0,0.040455615505211054,32.65002162937831,105.5596293580428
3167,2,23,pitch_jump,1.0,0.08738046559555922,35.2428702077911,105.5596293580428
3167,2,25,pitch_jump,1.0,0.07912696758990365,28.866631495788557,105.5596293580428
3168,2,1,pitch_jump,1.0,0.14711814773130363,19.693991421139426,105.59296046930206
3168,2,2,pitch_jump,1.0,0.18152641152255397,19.029114823188383,105.59296046930206
3168,2,5,pitch_jump,1.0,0.13495343813312988,21.392728462286875,105.59296046930206
3168,2,7,pitch_jump,1.0,0.17139391000066778,18.221149887041832,105.59296046930206
3168,2,11,pitch_jump,1.0,0.12684210420792447,15.50431488101228,105.59296046930206
3168,2,14,pitch_jump,1.0,0.14773757044336658,25.314824877660133,105.59296046930206
3168,2,18,pitch_jump,1.0,0.22375268074204505,16.20229639109636,105.59296046930206
3168,2,19,pitch_jump,1.0,0.12491379687927745,22.83222514660987,105.59296046930206
3168,2,21,pitch_jump,1.0,0.1565077783821352,15.202610234793571,105.59296046930206
3168,2,23,pitch_jump,1.0,0.20739805205719886,16.202812942128602,105.59296046930206
3168,2,25,pitch_jump,1.0,0.16719103592260787,19.036723425678275,105.59296046930206
3169,2,2,pitch_jump,1.0,0.1800291536187723,13.75857076492807,105.6262915805613
3169,2,10,pitch_jump,1.0,0.24805167738065367,12.652801122925705,105.6262915805613
3169,2,14,pitch_jump,1.0,0.14818091647457046,14.861493634005537,105.6262915805613
3169,2,18,pitch_jump,1.0,0.21238084243247127,15.400730205637942,105.6262915805613
3169,2,23,pitch_jump,1.0,0.19175041831887701,15.630256397150188,105.6262915805613
3170,2,5,pitch_jump,1.0,0.05886805950691101,13.779658689699492,105.65962269182054
3170,2,11,pitch_jump,1.0,0.049208613988208284,15.556436747947194,105.65962269182054
3170,2,14,pitch_jump,1.0,0.06782067696164762,20.628954671251023,105.65962269182054
3170,2,19,pitch_jump,1.0,0.05471313758023538,17.080598397603886,105.65962269182054
3171,2,5,pitch_jump,1.0,0.12015851731325009,13.256241230110756,105.6929538030798
3171,2,18,pitch_jump,1.0,0.20411728545653848,22.974592468932084,105.6929538030798
3171,2,19,pitch_jump,1.0,0.11964956528247836,15.905316895907578,105.6929538030798
3172,1,1,pitch_jump,1.0,0.2113117437617673,16.470000660163322,105.72628491433905
3172,2,5,pitch_jump,1.0,0.12732148883482,13.148720285949693,105.72628491433905
3172,2,19,pitch_jump,1.0,0.11340028576636567,13.035581297212628,105.72628491433905
3173,1,1,pitch_jump,1.0,0.1039273175664451,14.416795076456726,105.75961602559829
3173,2,1,pitch_jump,1.0,0.08066997102738578,22.509885037561315,105.75961602559829
3173,2,2,pitch_jump,1.0,0.052752061350824046,16.340251816017876,105.75961602559829
3173,2,5,pitch_jump,1.0,0.05336348919899329,21.859262371922103,105.75961602559829
3173,2,7,pitch_jump,1.0,0.04499061017724716,18.964878899093613,105.75961602559829
3173,2,9,pitch_jump,1.0,0.06647481029187743,14.163828850023052,105.75961602559829
3173,2,11,pitch_jump,1.0,0.06835122111401874,28.332567445268328,105.75961602559829
3173,2,13,pitch_jump,1.0,0.056538564674668924,12.264580059348487,105.75961602559829
3173,2,14,pitch_jump,1.0,0.07529230176781673,33.72326916989048,105.75961602559829
3173,2,18,pitch_jump,1.0,0.10714731801136504,29.395317764411093,105.75961602559829
3173,2,19,pitch_jump,1.0,0.05883547231389018,24.514365567240397,105.75961602559829
3173,2,21,pitch_jump,1.0,0.06801439616653103,25.706102783593785,105.75961602559829
3173,2,23,pitch_jump,1.0,0.07151055602546506,17.15838604399565,105.75961602559829
3173,2,25,pitch_jump,1.0,0.06787030208291349,18.740334447037487,105.75961602559829
3174,1,1,pitch_jump,1.0,0.20224178063379286,33.691963152395644,105.79294713685755
3174,2,1,pitch_jump,1.0,0.1645216762254528,18.464197138668844,105.79294713685755
3174,2,2,pitch_jump,1.0,0.15949857839552403,27.51468169929171,105.79294713685755
3174,2,5,pitch_jump,1.0,0.12705718788754095,16.912498512411872,105.79294713685755
3174,2,7,pitch_jump,1.0,0.1450699022179398,25.56725186977646,105.79294713685755
3174,2,11,pitch_jump,1.0,0.14966114292103574,32.97830625761797,105.79294713685755
3174,2,14,pitch_jump,1.0,0.15088863210474796,22.91383007926868,105.79294713685755
3174,2,18,pitch_jump,1.0,0.19659564074653976,22.64964538523101,105.79294713685755
3174,2,19,pitch_jump,1.0,0.12283844205747475,17.52052559293625,105.79294713685755
3174,2,21,pitch_jump,1.0,0.14260550484262507,27.094596927768627,105.79294713685755
3174,2,23,pitch_jump,1.0,0.16291446124200337,27.32587503858897,105.79294713685755
3174,2,25,pitch_jump,1.0,0.15824693672011664,20.497454233062406,105.79294713685755
3175,1,1,pitch_jump,1.0,0.2113736603509807,23.56022648116168,105.8262782481168
3175,2,5,pitch_jump,1.0,0.11878214644735365,22.619383963476224,105.8262782481168
3175,2,14,pitch_jump,1.0,0.12317210701411475,29.733973044649613,105.8262782481168
3175,2,19,pitch_jump,1.0,0.1174961248083469,27.426552992255015,105.8262782481168
3175,2,21,pitch_jump,1.0,0.1313541039974466,14.845553768371545,105.8262782481168
3176,2,9,pitch_jump,1.0,0.05206694111731723,14.194536189326783,105.85960935937605
3176,2,11,pitch_jump,1.0,0.059030948926163215,13.229841807177769,105.85960935937605
3176,2,14,pitch_jump,1.0,0.0688271920514467,12.557343425429208,105.85960935937605
3177,1,1,pitch_jump,1.0,0.20767893398166634,17.950021197685967,105.8929404706353
3177,2,5,pitch_jump,1.0,0.11776226922552369,13.713422016527183,105.8929404706353
3177,2,14,pitch_jump,1.0,0.11549737723809857,14.248469805569023,105.8929404706353
3177,2,19,pitch_jump,1.0,0.1136607809626449,16.55861815856536,105.8929404706353
3177,2,23,pitch_jump,1.0,0.17308643893409253,13.018486961259217,105.8929404706353
3177,2,26,pitch_jump,1.0,0.21724649105586055,12.920829408905437,105.8929404706353
3178,2,2,pitch_jump,1.0,0.16795600659428467,21.21381309066635,105.92627158189454
3178,2,5,pitch_jump,1.0,0.10924631352992509,12.424980071004917,105.92627158189454
3178,2,11,pitch_jump,1.0,0.1053362565961741,14.240667874663878,105.92627158189454
3178,2,14,pitch_jump,1.0,0.11922647183760371,13.63491837161964,105.92627158189454
3178,2,21,pitch_jump,1.0,0.12726720438376507,12.253079269492552,105.92627158189454
3178,2,23,pitch_jump,1.0,0.16097154319703683,13.317359054460432,105.92627158189454
3179,1,1,pitch_jump,1.0,0.1058535239765328,18.665472678268106,105.9596026931538
3179,2,2,pitch_jump,1.0,0.07942187052427377,18.375857262189285,105.9596026931538
3179,2,5,pitch_jump,1.0,0.05505305935949949,13.80053140750074,105.9596026931538
3179,2,7,pitch_jump,1.0,0.06612799105410232,18.071230077158916,105.9596026931538
3179,2,11,pitch_jump,1.0,0.044671719510133295,17.332263206574872,105.9596026931538
3179,2,14,pitch_jump,1.0,0.05338650944807927,23.205026843702985,105.9596026931538
3179,2,19,pitch_jump,1.0,0.05245556094773027,15.524466733115547,105.9596026931538
3179,2,21,pitch_jump,1.0,0.05879161199376442,15.375471550361565,105.9596026931538
3179,2,23,pitch_jump,1.0,0.0854125204856148,18.686403803203774,105.9596026931538
3179,2,25,pitch_jump,1.0,0.06253378996325619,12.5332999504911,105.9596026931538
3179,2,26,pitch_jump,1.0,0.1085469836711976,13.289083577598914,105.9596026931538
3180,1,1,pitch_jump,1.0,0.22150404462998122,29.948493924814407,105.99293380441304
3180,2,1,pitch_jump,1.0,0.13863495849177118,14.073870635783505,105.99293380441304
3180,2,2,pitch_jump,1.0,0.16787546774574327,18.118219810206732,105.99293380441304
3180,2,5,pitch_jump,1.0,0.11472472890547877,42.60886224630333,105.99293380441304
3180,2,7,pitch_jump,1.0,0.1497822138366134,15.152629329955221,105.99293380441304
3180,2,9,pitch_jump,1.0,0.12253613419518004,15.1105798087836,105.99293380441304
3180,2,11,pitch_jump,1.0,0.12544840678208258,42.256511889484244,105.99293380441304
3180,2,13,pitch_jump,1.0,0.15689812528647126,15.300772616141387,105.99293380441304
3180,2,14,pitch_jump,1.0,0.12313004787011576,56.74341111743507,105.99293380441304
3180,2,15,pitch_jump,1.0,0.12584684146310113,17.959071050607502,105.99293380441304
3180,2,19,pitch_jump,1.0,0.11564696672634812,41.33646291343959,105.99293380441304
3180,2,21,pitch_jump,1.0,0.14362467841766818,27.160532704979612,105.99293380441304
3180,2,23,pitch_jump,1.0,0.16996191861705776,15.310078644490954,105.99293380441304
3180,2,25,pitch_jump,1.0,0.14210388739874108,24.09263189379997,105.99293380441304
3180,2,26,pitch_jump,1.0,0.26318448959472984,17.647925037604534,105.99293380441304
3183,1,1,pitch_jump,1.0,0.2128180479990702,37.66534748006197,106.09292713819079
3183,2,1,pitch_jump,1.0,0.15853210243185142,40.321152727336916,106.09292713819079
3183,2,2,pitch_jump,1.0,0.14587358743665005,34.92367474969732,106.09292713819079
3183,2,5,pitch_jump,1.0,0.09754015179546972,60.247189470729786,106.09292713819079
3183,2,7,pitch_jump,1.0,0.13494557392761683,33.15789229979977,106.09292713819079
3183,2,9,pitch_jump,1.0,0.16385765350365153,15.706235318490153,106.09292713819079
3183,2,11,pitch_jump,1.0,0.1421169856327396,67.7915473300169,106.09292713819079
3183,2,14,pitch_jump,1.0,0.13041594376628154,80.67814038261757,106.09292713819079
3183,2,15,pitch_jump,1.0,0.10031800752730319,22.63343832379846,106.09292713819079
3183,2,19,pitch_jump,1.0,0.14515230399860168,65.58639912092372,106.09292713819079
3183,2,21,pitch_jump,1.0,0.14792618433239862,55.177591985818715,106.09292713819079
3183,2,23,pitch_jump,1.0,0.15084976565267066,26.968575855837653,106.09292713819079
3183,2,25,pitch_jump,1.0,0.14566904265996977,41.41110309222263,106.09292713819079
3183,2,26,pitch_jump,1.0,0.22427589370458212,17.349806742608056,106.09292713819079
3184,1,1,pitch_jump,1.0,0.2038351191904511,18.351780557901268,106.12625824945005
3184,2,1,pitch_jump,1.0,0.14331979944226975,64.36283494766498,106.12625824945005
3184,2,5,pitch_jump,1.0,0.10304649827295356,202.4751369852147,106.12625824945005
3184,2,7,pitch_jump,1.0,0.13857024784587346,26.991377165981277,106.12625824945005
3184,2,9,pitch_jump,1.0,0.1441882561270004,133.1524613948523,106.12625824945005
3184,2,13,pitch_jump,1.0,0.138997741421774,166.820641198835,106.12625824945005
3184,2,14,pitch_jump,1.0,0.10868157879190021,89.48841985899091,106.12625824945005
3184,2,15,pitch_jump,1.0,0.10854098810118015,239.20445815533446,106.12625824945005
3184,2,19,pitch_jump,1.0,0.12120084733279644,208.41424685648678,106.12625824945005
3184,2,21,pitch_jump,1.0,0.1201931490132686,18.548677594823047,106.12625824945005
3184,2,25,pitch_jump,1.0,0.1314710745251415,76.21398175420191,106.12625824945005
3184,2,26,pitch_jump,1.0,0.20482616801555092,38.273898132686476,106.12625824945005
3185,2,1,pitch_jump,1.0,0.04648249549308582,13.507874196863087,106.15958936070929
3185,2,5,pitch_jump,1.0,0.03742930101572591,29.88986578840734,106.15958936070929
3185,2,9,pitch_jump,1.0,0.0473347648965523,29.604368135469983,106.15958936070929
3185,2,11,pitch_jump,1.0,0.04409938632281056,12.026622896973656,106.15958936070929
3185,2,13,pitch_jump,1.0,0.07143577827285691,41.017385065233874,106.15958936070929
3185,2,15,pitch_jump,1.0,0.051860037664584094,51.62128764836115,106.15958936070929
3185,2,19,pitch_jump,1.0,0.0562337215068039,33.80071857412187,106.15958936070929
3186,2,1,pitch_jump,1.0,0.11563810600393212,74.68224086111852,106.19292047196853
3186,2,2,pitch_jump,1.0,0.14823524732404225,14.96645024382628,106.19292047196853
3186,2,5,pitch_jump,1.0,0.09750272653804953,239.28976032025056,106.19292047196853
3186,2,7,pitch_jump,1.0,0.13550700199574192,30.728085876688816,106.19292047196853
3186,2,9,pitch_jump,1.0,0.1205632000033586,150.33800330670522,106.19292047196853
3186,2,11,pitch_jump,1.0,0.11833277214471472,26.934681365728327,106.19292047196853
3186,2,13,pitch_jump,1.0,0.15487073148268923,182.88104001519798,106.19292047196853
3186,2,14,pitch_jump,1.0,0.1125647510858856,106.8480221426247,106.19292047196853
3186,2,15,pitch_jump,1.0,0.09783643805668188,276.0776879569916,106.19292047196853
3186,2,19,pitch_jump,1.0,0.10396355784772193,241.4620499686761,106.19292047196853
3186,2,21,pitch_jump,1.0,0.1038851982553834,25.416000577848152,106.19292047196853
3186,2,25,pitch_jump,1.0,0.12774802990456452,92.97620983830664,106.19292047196853
3186,2,26,pitch_jump,1.0,0.21087125322108963,13.94595181918355,106.19292047196853
3187,1,1,pitch_jump,1.0,0.16274044503458246,35.98875213930455,106.22625158322779
3187,2,1,pitch_jump,1.0,0.08852187740448929,34.06615501667689,106.22625158322779
3187,2,2,pitch_jump,1.0,0.1269744966291524,21.72510766513922,106.22625158322779
3187,2,5,pitch_jump,1.0,0.09401535624515019,192.52344655103522,106.22625158322779
3187,2,9,pitch_jump,1.0,0.10582393594866646,92.56468089130004,106.22625158322779
3187,2,11,pitch_jump,1.0,0.10050378391040984,17.10040756945598,106.22625158322779
3187,2,13,pitch_jump,1.0,0.13789284301073965,127.22701384634878,106.22625158322779
3187,2,14,pitch_jump,1.0,0.10656406040329844,79.57781975322487,106.22625158322779
3187,2,15,pitch_jump,1.0,0.06936965313989235,210.3429502430418,106.22625158322779
3187,2,19,pitch_jump,1.0,0.10216412158650742,203.62253250481803,106.22625158322779
3187,2,21,pitch_jump,1.0,0.10365080650006402,15.73266123209906,106.22625158322779
3187,2,23,pitch_jump,1.0,0.13808588644454725,28.376274854529456,106.22625158322779
3187,2,25,pitch_jump,1.0,0.12799339159923773,53.64542432269688,106.22625158322779
3187,2,26,pitch_jump,1.0,0.20744788687380966,51.939211641480604,106.22625158322779
3188,2,1,pitch_jump,1.0,0.024259598556007223,13.860717311566434,106.25958269448704
3188,2,5,pitch_jump,1.0,0.04367990822066094,22.605567379713982,106.25958269448704
3188,2,9,pitch_jump,1.0,0.03225197220465983,20.431762017999723,106.25958269448704
3188,2,13,pitch_jump,1.0,0.05052960813318967,27.01744388857352,106.25958269448704
3188,2,15,pitch_jump,1.0,0.022642029805488604,31.91388212630291,106.25958269448704
3188,2,19,pitch_jump,1.0,0.02658099676120794,21.31609488198739,106.25958269448704
3189,1,1,pitch_jump,1.0,0.16106295562183584,16.936948806202892,106.29291380574628
3189,2,2,pitch_jump,1.0,0.10751385509344874,16.95512344828788,106.29291380574628
3189,2,5,pitch_jump,1.0,0.09694671886164005,27.546830652344244,106.29291380574628
3189,2,9,pitch_jump,1.0,0.08612932128204995,12.180457856725832,106.29291380574628
3189,2,13,pitch_jump,1.0,0.11403143207661823,24.43864651449996,106.29291380574628
3189,2,15,pitch_jump,1.0,0.07005476746072997,30.920231600586863,106.29291380574628
3189,2,19,pitch_jump,1.0,0.08428544751697568,28.005926859961203,106.29291380574628
3189,2,23,pitch_jump,1.0,0.13790686675516423,21.3304199517707,106.29291380574628
3189,2,26,pitch_jump,1.0,0.1939291870230893,15.019378947234923,106.29291380574628
3190,2,2,pitch_jump,1.0,0.07394902820735877,13.757809711130331,106.32624491700554
3190,2,7,pitch_jump,1.0,0.04909495132560773,14.521723180985026,106.32624491700554
3190,2,21,pitch_jump,1.0,0.09768346552959438,15.26663310013852,106.32624491700554
3190,2,23,pitch_jump,1.0,0.11520173392954065,15.686762675063035,106.32624491700554
3191,1,1,pitch_jump,1.0,0.05008541032635245,22.111505700056984,106.35957602826478
3191,2,1,pitch_jump,1.0,0.03412014749187404,12.874431596105023,106.35957602826478
3191,2,2,pitch_jump,1.0,0.009513935494347515,17.828223955677995,106.35957602826478
3191,2,5,pitch_jump,1.0,0.035270238762670734,17.747957357393084,106.35957602826478
3191,2,7,pitch_jump,1.0,0.001022708116476171,14.735314473627643,106.35957602826478
3191,2,11,pitch_jump,1.0,0.022542897481766844,20.001455983605833,106.35957602826478
3191,2,14,pitch_jump,1.0,0.03513508120258392,20.52776823814369,106.35957602826478
3191,2,15,pitch_jump,1.0,0.03571419799776505,12.623079113811812,106.35957602826478
3191,2,19,pitch_jump,1.0,0.03961974938369657,17.23177092912656,106.35957602826478
3191,2,21,pitch_jump,1.0,0.03057474664103923,13.55816884053633,106.35957602826478
3191,2,23,pitch_jump,1.0,0.021484211817428055,14.300046478335021,106.35957602826478
3191,2,25,pitch_jump,1.0,0.03325026342827959,15.83683922085523,106.35957602826478
3192,1,1,pitch_jump,1.0,0.14349365771311196,14.721505560337421,106.39290713952404
3192,2,1,pitch_jump,1.0,0.09652555334725556,28.421787517831206,106.39290713952404
3192,2,2,pitch_jump,1.0,0.044681741383807226,25.540976398651274,106.39290713952404
3192,2,5,pitch_jump,1.0,0.07509958936051958,20.13370711062956,106.39290713952404
3192,2,7,pitch_jump,1.0,0.07042129924051638,26.952741919204325,106.39290713952404
3192,2,9,pitch_jump,1.0,0.0853320779218804,27.87476984017739,106.39290713952404
3192,2,11,pitch_jump,1.0,0.08230258954868343,27.661293653452123,106.39290713952404
3192,2,13,pitch_jump,1.0,0.11339879165879674,21.521628548701962,106.39290713952404
3192,2,14,pitch_jump,1.0,0.08929774309394335,20.527009998987168,106.39290713952404
3192,2,15,pitch_jump,1.0,0.06756532492958699,22.321661171407012,106.39290713952404
3192,2,19,pitch_jump,1.0,0.08655077977735604,20.553933014078716,106.39290713952404
3192,2,21,pitch_jump,1.0,0.09378311278117331,26.180087445812493,106.39290713952404
3192,2,23,pitch_jump,1.0,0.0971655040895812,25.85312624330664,106.39290713952404
3192,2,25,pitch_jump,1.0,0.09715361286206263,24.394333210410412,106.39290713952404
3192,2,26,pitch_jump,1.0,0.1886063746354887,18.954148007915183,106.39290713952404
3193,1,1,pitch_jump,1.0,0.13697161538979366,12.307927220122677,106.42623825078329
3193,2,1,pitch_jump,1.0,0.10670653719890028,28.394939212899672,106.42623825078329
3193,2,5,pitch_jump,1.0,0.07103303310880019,18.738804949116112,106.42623825078329
3193,2,9,pitch_jump,1.0,0.0839159590693753,17.813573731154655,106.42623825078329
3193,2,11,pitch_jump,1.0,0.09770473937025533,17.5680697781786,106.42623825078329
3193,2,13,pitch_jump,1.0,0.09010766935113063,14.070674194023823,106.42623825078329
3193,2,15,pitch_jump,1.0,0.06454219710371902,31.143217596613464,106.42623825078329
3193,2,19,pitch_jump,1.0,0.08082732787316059,23.260139078475703,106.42623825078329
3193,2,21,pitch_jump,1.0,0.09167149682719813,15.895434962452423,106.42623825078329
3194,2,5,pitch_jump,1.0,0.029094996883827842,43.99745114877395,106.45956936204253
3194,2,9,pitch_jump,1.0,0.03839543517133619,17.408531863228337,106.45956936204253
3194,2,13,pitch_jump,1.0,0.013618034491769907,27.20535269798431,106.45956936204253
3194,2,14,pitch_jump,1.0,0.03185596556141354,25.964540659967007,106.45956936204253
3194,2,15,pitch_jump,1.0,0.02261313885005933,41.67523505594672,106.45956936204253
3194,2,19,pitch_jump,1.0,0.03524095855874336,44.916752798179054,106.45956936204253
3195,1,1,pitch_jump,1.0,0.12941649274331668,20.879809222859596,106.49290047330179
3195,2,1,pitch_jump,1.0,0.06526247907932484,20.07847401565864,106.49290047330179
3195,2,2,pitch_jump,1.0,0.10591996407377528,16.442532000825093,106.49290047330179
3195,2,5,pitch_jump,1.0,0.07648319990694791,37.20414974404893,106.49290047330179
3195,2,7,pitch_jump,1.0,0.11053460990261908,25.201444889738994,106.49290047330179
3195,2,9,pitch_jump,1.0,0.1255238353161007,47.33274670340739,106.49290047330179
3195,2,11,pitch_jump,1.0,0.08084997283611407,20.123564742639036,106.49290047330179
3195,2,13,pitch_jump,1.0,0.052229422115837754,28.247729903652235,106.49290047330179
3195,2,14,pitch_jump,1.0,0.07860246363423928,24.131878205711484,106.49290047330179
3195,2,15,pitch_jump,1.0,0.03354694671120187,46.40980487524142,106.49290047330179
3195,2,19,pitch_jump,1.0,0.07788718853644874,38.98825055815022,106.49290047330179
3195,2,21,pitch_jump,1.0,0.07443226922630769,16.981546213769416,106.49290047330179
3195,2,25,pitch_jump,1.0,0.08996882111624477,20.500594955013728,106.49290047330179
3195,2,26,pitch_jump,1.0,0.1399391974403858,12.16124716070761,106.49290047330179
3196,1,1,pitch_jump,1.0,0.08142010759318477,17.00890842544935,106.52623158456103
3196,2,1,pitch_jump,1.0,0.043006776177410534,16.971227819997495,106.52623158456103
3196,2,2,pitch_jump,1.0,0.058259698544800335,20.402734635670313,106.52623158456103
3196,2,5,pitch_jump,1.0,0.06662318511028457,18.325635918201847,106.52623158456103
3196,2,7,pitch_jump,1.0,0.051671935380624305,20.686844796733347,106.52623158456103
3196,2,9,pitch_jump,1.0,0.10339651313256477,31.16724579712168,106.52623158456103
3196,2,11,pitch_jump,1.0,0.03759014435040405,17.133018943776086,106.52623158456103
3196,2,13,pitch_jump,1.0,0.08462109838308175,12.318203772866587,106.52623158456103
3196,2,14,pitch_jump,1.0,0.05828589880050764,17.165676552857555,106.52623158456103
3196,2,15,pitch_jump,1.0,0.04824997497918429,15.68251929276136,106.52623158456103
3196,2,19,pitch_jump,1.0,0.07122628076099181,20.740364148569007,106.52623158456103
3196,2,21,pitch_jump,1.0,0.01661577288740975,18.417110004595497,106.52623158456103
3196,2,23,pitch_jump,1.0,0.04112470057230647,17.32979348010707,106.52623158456103
3196,2,25,pitch_jump,1.0,0.05950798202686873,17.79242779776008,106.52623158456103
3196,2,26,pitch_jump,1.0,0.11037353995430417,17.826314500442617,106.52623158456103
3197,1,1,pitch_jump,1.0,0.0771865960025791,16.99149820317539,106.55956269582028
3197,2,1,pitch_jump,1.0,0.00880445545622898,38.2146032193038,106.55956269582028
3197,2,2,pitch_jump,1.0,0.0461727654602052,15.635817161820805,106.55956269582028
3197,2,5,pitch_jump,1.0,0.026534719635345715,140.41256228397071,106.55956269582028
3197,2,7,pitch_jump,1.0,0.019938766524589854,17.939092139584357,106.55956269582028
3197,2,9,pitch_jump,1.0,0.09699458663701978,82.41173944943132,106.55956269582028
3197,2,13,pitch_jump,1.0,0.021863779048053648,91.82741011981683,106.55956269582028
3197,2,14,pitch_jump,1.0,0.03963303900143666,61.47248373639247,106.55956269582028
3197,2,15,pitch_jump,1.0,0.0052563895536825635,149.6269089374137,106.55956269582028
3197,2,19,pitch_jump,1.0,0.03346798572527524,143.6776666580967,106.55956269582028
3197,2,21,pitch_jump,1.0,0.00999455405456803,12.434172402975888,106.55956269582028
3197,2,25,pitch_jump,1.0,0.029036169030289907,49.529495223419005,106.55956269582028
3197,2,26,pitch_jump,1.0,0.036879482123476526,12.00051396302906,106.55956269582028
3199,2,5,pitch_jump,1.0,0.05597733638789974,32.55280447718085,106.62622491833878
3199,2,9,pitch_jump,1.0,0.035889161170200065,15.124853990938625,106.62622491833878
3199,2,13,pitch_jump,1.0,0.03631553202762208,16.55144245242426,106.62622491833878
3199,2,14,pitch_jump,1.0,0.08361765336722368,17.547004052426036,106.62622491833878
3199,2,15,pitch_jump,1.0,0.013519224125850014,28.602387676337912,106.62622491833878
3199,2,19,pitch_jump,1.0,0.053838821843135175,29.503164574523954,106.62622491833878
3200,1,1,pitch_jump,1.0,0.0526480522277018,44.584085736253016,106.65955602959804
3200,2,1,pitch_jump,1.0,0.02429699303428558,56.01055710100107,106.65955602959804
3200,2,2,pitch_jump,1.0,0.0067392316835970505,40.473510852854645,106.65955602959804
3200,2,5,pitch_jump,1.0,0.023309629853889208,182.29301280000018,106.65955602959804
3200,2,7,pitch_jump,1.0,0.016930577624421083,46.46770766495477,106.65955602959804
3200,2,9,pitch_jump,1.0,0.057972819460067715,63.64006106757863,106.65955602959804
3200,2,11,pitch_jump,1.0,0.01762734791828493,57.07674217447906,106.65955602959804
3200,2,13,pitch_jump,1.0,0.0034119881672682686,75.14513367450252,106.65955602959804
3200,2,14,pitch_jump,1.0,0.02025030771187497,119.5679147255986,106.65955602959804
3200,2,15,pitch_jump,1.0,0.02590459394230794,168.7272777852922,106.65955602959804
3200,2,19,pitch_jump,1.0,0.04700035047735106,194.05353234886402,106.65955602959804
3200,2,21,pitch_jump,1.0,0.027367832456698975,51.00311462553569,106.65955602959804
3200,2,23,pitch_jump,1.0,0.02462069486805404,24.683449458627436,106.65955602959804
3200,2,25,pitch_jump,1.0,0.028810820533013197,87.34186387883062,106.65955602959804
3201,2,15,pitch_jump,1.0,0.004776768720747663,12.539727034975217,106.69288714085728
3202,1,1,pitch_jump,1.0,0.11494147766294287,17.304689969082872,106.72621825211652
3202,2,1,pitch_jump,1.0,0.0795775015323708,35.515959421002954,106.72621825211652
3202,2,2,pitch_jump,1.0,0.010808358866853928,14.257829841021625,106.72621825211652
3202,2,5,pitch_jump,1.0,0.04407127852291132,16.842777097419606,106.72621825211652
3202,2,7,pitch_jump,1.0,0.0610601865028981,29.01575865205913,106.72621825211652
3202,2,11,pitch_jump,1.0,0.11054746104485381,39.17590107067598,106.72621825211652
3202,2,13,pitch_jump,1.0,0.03516595923917833,14.913187512977316,106.72621825211652
3202,2,14,pitch_jump,1.0,0.07661349293180861,20.38792362931598,106.72621825211652
3202,2,15,pitch_jump,1.0,0.019101960060349955,17.576481768500635,106.72621825211652
3202,2,19,pitch_jump,1.0,0.039715268251332016,14.073212322123634,106.72621825211652
3202,2,21,pitch_jump,1.0,0.06075575026293814,21.775181159474347,106.72621825211652
3202,2,23,pitch_jump,1.0,0.042913140767185304,13.615471793894493,106.72621825211652
3202,2,25,pitch_jump,1.0,0.05368633303118686,18.197678377488035,106.72621825211652
3202,2,26,pitch_jump,1.0,0.09804171469815794,18.633564599886814,106.72621825211652
3203,1,1,pitch_jump,1.0,0.04502964092784576,14.069276829275232,106.75954936337578
3203,2,1,pitch_jump,1.0,0.04402825653230336,17.295936854589606,106.75954936337578
3203,2,5,pitch_jump,1.0,0.007713512744586355,25.23748092605466,106.75954936337578
3203,2,7,pitch_jump,1.0,0.04457713177634977,12.612072337281012,106.75954936337578
3203,2,11,pitch_jump,1.0,0.06560447113979014,30.622043106932633,106.75954936337578
3203,2,13,pitch_jump,1.0,0.01312398756871328,36.72806184170541,106.75954936337578
3203,2,15,pitch_jump,1.0,0.0005654470236067908,42.15834628881429,106.75954936337578
3203,2,19,pitch_jump,1.0,0.016376442650874665,26.44952648112666,106.75954936337578
3203,2,21,pitch_jump,1.0,0.03390855874476539,19.89057359620768,106.75954936337578
3203,2,26,pitch_jump,1.0,0.04376629439128751,18.01719099910983,106.75954936337578
3204,1,1,pitch_jump,1.0,0.09508925188209567,19.44533995135152,106.79288047463503
3204,2,1,pitch_jump,1.0,0.059874253245939625,38.250668539810356,106.79288047463503
3204,2,5,pitch_jump,1.0,0.06875011469162802,132.0915693515953,106.79288047463503
3204,2,11,pitch_jump,1.0,0.05580924106136269,12.608177829684811,106.79288047463503
3204,2,13,pitch_jump,1.0,0.04393946164749168,64.65058818752709,106.79288047463503
3204,2,14,pitch_jump,1.0,0.05407017770005135,53.64711493480219,106.79288047463503
3204,2,15,pitch_jump,1.0,0.03568137461550068,126.20821857066845,106.79288047463503
3204,2,19,pitch_jump,1.0,0.04333211527690261,125.82182678663831,106.79288047463503
3204,2,25,pitch_jump,1.0,0.05546916669401395,46.97703680445197,106.79288047463503
3205,2,1,pitch_jump,1.0,0.01905230416944803,16.55786915511376,106.82621158589427
3205,2,5,pitch_jump,1.0,0.06056914779233666,18.241898148141047,106.82621158589427
3205,2,9,pitch_jump,1.0,0.0422170312631362,25.79602219436789,106.82621158589427
3205,2,13,pitch_jump,1.0,0.009868400167547281,26.605338111663382,106.82621158589427
3205,2,15,pitch_jump,1.0,0.03508950802867523,26.555503786314375,106.82621158589427
3205,2,19,pitch_jump,1.0,0.03475852359636378,18.525629192387875,106.82621158589427
3205,2,25,pitch_jump,1.0,0.05848443436831026,16.81600028036708,106.82621158589427
3206,2,1,pitch_jump,1.0,0.01652721378156107,12.950725459499095,106.85954269715353
3206,2,5,pitch_jump,1.0,0.01638654865667566,14.548918177819246,106.85954269715353
3206,2,9,pitch_jump,1.0,0.031167309724387676,18.443952217413436,106.85954269715353
3206,2,13,pitch_jump,1.0,0.017609415788016565,22.445736764020925,106.85954269715353
3206,2,15,pitch_jump,1.0,0.022785857576108723,24.88437063028169,106.85954269715353
3206,2,19,pitch_jump,1.0,0.012899749399596936,16.86552694132948,106.85954269715353
3206,2,25,pitch_jump,1.0,0.011379794301691398,12.05930636778356,106.85954269715353
3206,2,26,pitch_jump,1.0,0.016186526474878303,15.234426054946734,106.85954269715353
3208,2,1,pitch_jump,1.0,0.018748355089613693,13.325774212334833,106.92620491967203
3208,2,2,pitch_jump,1.0,0.00775769592574562,15.640258026209528,106.92620491967203
3208,2,5,pitch_jump,1.0,0.03923787921734319,16.811686475807456,106.92620491967203
3208,2,7,pitch_jump,1.0,0.06513739123851701,32.059910453496485,106.92620491967203
3208,2,9,pitch_jump,1.0,0.05811807940718371,19.0826169593063,106.92620491967203
3208,2,11,pitch_jump,1.0,0.016098074802602332,14.193798688040633,106.92620491967203
3208,2,13,pitch_jump,1.0,0.031358517173813306,14.184254483100883,106.92620491967203
3208,2,14,pitch_jump,1.0,0.0344881241848184,13.698289115333534,106.92620491967203
3208,2,15,pitch_jump,1.0,0.0103650970626805,16.261927391098876,106.92620491967203
3208,2,19,pitch_jump,1.0,0.06844214868085916,15.18643077351885,106.92620491967203
3208,2,21,pitch_jump,1.0,0.010644235308912162,15.554155804362258,106.92620491967203
3208,2,23,pitch_jump,1.0,0.03399324035285531,20.688428803907208,106.92620491967203
3208,2,25,pitch_jump,1.0,0.03622555653088483,15.659918400765237,106.92620491967203
3208,2,26,pitch_jump,1.0,0.044604902605559354,18.451035749873814,106.92620491967203
3209,2,1,pitch_jump,1.0,0.019089040743638083,12.572542794366056,106.95953603093128
3209,2,7,pitch_jump,1.0,0.05651116570976125,23.13154149723377,106.95953603093128
3209,2,13,pitch_jump,1.0,0.016648522346333242,15.887072375448106,106.95953603093128
3209,2,21,pitch_jump,1.0,0.020903994709391513,12.228695394752464,106.95953603093128
3209,2,26,pitch_jump,1.0,0.01342439247535113,13.891304588251081,106.95953603093128
3210,2,7,pitch_jump,1.0,0.043314830614144595,19.101371860667847,106.99286714219052
3210,2,11,pitch_jump,1.0,0.04377889447524937,17.60422337598864,106.99286714219052
3210,2,21,pitch_jump,1.0,0.0340148485938143,15.884642862384737,106.99286714219052
3211,2,5,pitch_jump,1.0,0.016204378931462454,20.751428212053437,107.02619825344978
3211,2,9,pitch_jump,1.0,0.034886274715388264,19.676219534900742,107.02619825344978
3211,2,11,pitch_jump,1.0,0.04820100582273614,12.837172216256468,107.02619825344978
3211,2,13,pitch_jump,1.0,0.016257396893818533,30.35851657973936,107.02619825344978
3211,2,15,pitch_jump,1.0,0.012852637235421788,33.31400052994276,107.02619825344978
3211,2,19,pitch_jump,1.0,0.047111740713199214,21.534150563811604,107.02619825344978
3211,2,21,pitch_jump,1.0,0.052036974245402906,13.409821599039567,107.02619825344978
3212,2,1,pitch_jump,1.0,0.025183893988309947,19.39623421613748,107.05952936470902
3212,2,5,pitch_jump,1.0,0.05108770143957123,34.67423199765034,107.05952936470902
3212,2,9,pitch_jump,1.0,0.06331022342189445,33.35439592007952,107.05952936470902
3212,2,13,pitch_jump,1.0,0.009921335894768105,30.095091009151435,107.05952936470902
3212,2,14,pitch_jump,1.0,0.01945246746290327,13.041737135511303,107.05952936470902
3212,2,15,pitch_jump,1.0,0.01773973009729205,34.51420551426294,107.05952936470902
3212,2,19,pitch_jump,1.0,0.03236544860665542,29.49164980451834,107.05952936470902
3212,2,21,pitch_jump,1.0,0.03361865000757929,13.519571682826184,107.05952936470902
3212,2,25,pitch_jump,1.0,0.009704648115948478,12.036590621988658,107.05952936470902
3213,2,1,pitch_jump,1.0,0.03598189811626768,21.012212561897098,107.09286047596828
3213,2,5,pitch_jump,1.0,0.09919015625863874,36.91106034146803,107.09286047596828
3213,2,9,pitch_jump,1.0,0.022544430214343776,21.719372122615226,107.09286047596828
3213,2,11,pitch_jump,1.0,0.06742056752261986,23.95999630786181,107.09286047596828
3213,2,13,pitch_jump,1.0,0.023975609652707564,22.63611347306828,107.09286047596828
3213,2,15,pitch_jump,1.0,0.007877038402952403,27.588855421898415,107.09286047596828
3213,2,19,pitch_jump,1.0,0.0525440010581232,23.577239884803475,107.09286047596828
3214,2,5,pitch_jump,1.0,0.1666717980900616,18.986688464376808,107.12619158722752
3214,2,15,pitch_jump,1.0,0.03443758953413696,12.164909919187743,107.12619158722752
3214,2,19,pitch_jump,1.0,0.03646916658693475,20.45313694459237,107.12619158722752
3214,2,26,pitch_jump,1.0,0.025131696861613893,12.620173997869035,107.12619158722752
3215,2,14,pitch_jump,1.0,0.013241816211963034,17.711056531913872,107.15952269848677
3215,2,15,pitch_jump,1.0,0.022735025479273863,17.95914591630513,107.15952269848677
3215,2,19,pitch_jump,1.0,0.01908912776658339,22.72087849667301,107.15952269848677
3215,2,25,pitch_jump,1.0,0.02530292652983721,13.458221177473037,107.15952269848677
3216,2,1,pitch_jump,1.0,0.020569144026429186,13.92260456306139,107.19285380974603
3216,2,7,pitch_jump,1.0,0.04231165239810927,17.15555329675765,107.19285380974603
3216,2,9,pitch_jump,1.0,0.035244775473555374,17.810088812880743,107.19285380974603
3216,2,13,pitch_jump,1.0,0.01169053391028568,18.239335175193478,107.19285380974603
3216,2,15,pitch_jump,1.0,0.010931943062865553,12.913367770158931,107.19285380974603
3216,2,26,pitch_jump,1.0,0.040943851256954836,17.248516864777798,107.19285380974603
3217,2,7,pitch_jump,1.0,0.0639240954893848,22.130152732928263,107.22618492100527
3217,2,14,pitch_jump,1.0,0.02535965151704863,13.65622539906312,107.22618492100527
3217,2,23,pitch_jump,1.0,0.038467473033858925,14.139619309954355,107.22618492100527
3218,2,5,pitch_jump,1.0,0.14398644231315022,19.66928179576244,107.25951603226451
3218,2,7,pitch_jump,1.0,0.040523406344207195,14.042893832073155,107.25951603226451
3220,2,11,pitch_jump,1.0,0.030374378606414426,14.072411340481127,107.32617825478302
3220,2,21,pitch_jump,1.0,0.0439092254570138,16.620319924451238,107.32617825478302
3221,2,11,pitch_jump,1.0,0.03259068607567061,12.312787939392463,107.35950936604227
3222,2,1,pitch_jump,1.0,0.05963962275246036,19.930256595288228,107.39284047730152
3222,2,11,pitch_jump,1.0,0.08507582378456229,26.529393756427716,107.39284047730152
3222,2,13,pitch_jump,1.0,0.008164850825191392,12.495254326890535,107.39284047730152
3223,2,5,pitch_jump,1.0,0.018273246319357974,23.80654904857543,107.42617158856076
3223,2,9,pitch_jump,1.0,0.014824031052941148,13.965501794364647,107.42617158856076
3223,2,11,pitch_jump,1.0,0.06738909756863856,14.613866473060082,107.42617158856076
3223,2,14,pitch_jump,1.0,0.024643118931615363,21.28782287687721,107.42617158856076
3223,2,15,pitch_jump,1.0,0.005862068825766969,20.913008391687406,107.42617158856076
3223,2,19,pitch_jump,1.0,0.02912653017214131,25.512775899408716,107.42617158856076
3223,2,21,pitch_jump,1.0,0.030054552548642983,13.0529281578887,107.42617158856076
3223,2,23,pitch_jump,1.0,0.010345000564437067,12.578031893034312,107.42617158856076
3225,2,2,pitch_jump,1.0,0.05492047790345907,17.056785135233206,107.49283381107927
3226,2,9,pitch_jump,1.0,0.029050469665376985,14.027969288055973,107.52616492233851
3226,2,13,pitch_jump,1.0,0.02032654120010718,12.994819230675454,107.52616492233851
3226,2,15,pitch_jump,1.0,0.02824400380248587,17.495195166277288,107.52616492233851
3226,2,19,pitch_jump,1.0,0.033133136502507564,13.8295315836488,107.52616492233851
3226,2,23,pitch_jump,1.0,0.07729433298496174,17.524620964512742,107.52616492233851
3227,2,21,pitch_jump,1.0,0.05116156767088529,17.42589437916131,107.55949603359777
3227,2,23,pitch_jump,1.0,0.14767353102858163,44.89896976664426,107.55949603359777
3228,2,21,pitch_jump,1.0,0.05607652112836813,14.8099510540005,107.59282714485701
3228,2,23,pitch_jump,1.0,0.08027698688780312,13.522775103086486,107.59282714485701
3229,2,1,pitch_jump,1.0,0.0339541826196859,15.585060396360742,107.62615825611627
3229,2,5,pitch_jump,1.0,0.019408607828751277,26.841491249843166,107.62615825611627
3229,2,6,pitch_jump,1.0,0.06381972493905295,17.52212082628106,107.62615825611627
3229,2,9,pitch_jump,1.0,0.030864187625498776,26.19658245448545,107.62615825611627
3229,2,13,pitch_jump,1.0,0.0037644163952552673,32.37524109461746,107.62615825611627
3229,2,15,pitch_jump,1.0,0.01140140710803208,30.447523278219556,107.62615825611627
3229,2,19,pitch_jump,1.0,0.019088460887335543,25.900317458314156,107.62615825611627
3229,2,23,pitch_jump,1.0,0.046772848163522104,13.698238616580214,107.62615825611627
3229,2,25,pitch_jump,1.0,0.01869521465651333,16.222149515852536,107.62615825611627
3230,2,5,pitch_jump,1.0,0.005549329539845103,24.7906030799104,107.65948936737551
3230,2,6,pitch_jump,1.0,0.05617577496351819,14.536015452051972,107.65948936737551
3230,2,9,pitch_jump,1.0,0.02318448987731241,16.85425488401363,107.65948936737551
3230,2,13,pitch_jump,1.0,0.012083259546226102,21.179383902393766,107.65948936737551
3230,2,14,pitch_jump,1.0,0.012246434009610126,14.561086397224537,107.65948936737551
3230,2,15,pitch_jump,1.0,0.00815050168134627,27.761252181707853,107.65948936737551
3230,2,19,pitch_jump,1.0,0.015011297008955161,25.63044406438788,107.65948936737551
3230,2,23,pitch_jump,1.0,0.20663667642936365,68.09243566014759,107.65948936737551
3231,2,1,pitch_jump,1.0,0.02040295475350087,15.38223651932236,107.69282047863476
3231,2,2,pitch_jump,1.0,0.05620369890498533,12.37084609927646,107.69282047863476
3231,2,6,pitch_jump,1.0,0.07120122232896839,17.587467464620723,107.69282047863476
3231,2,7,pitch_jump,1.0,0.06154330945153767,12.823296574878515,107.69282047863476
3231,2,9,pitch_jump,1.0,0.04268457235399771,16.434685512226658,107.69282047863476
3231,2,13,pitch_jump,1.0,0.033356896841580407,20.013158883541976,107.69282047863476
3232,2,1,pitch_jump,1.0,0.03537616836086018,12.541370823607586,107.72615158989402
3232,2,2,pitch_jump,1.0,0.03180144996403108,12.457865589974205,107.72615158989402
3232,2,11,pitch_jump,1.0,0.035682388751132776,12.406878436085266,107.72615158989402
3233,2,1,pitch_jump,1.0,0.040243024165956764,19.826112799162456,107.75948270115326
3233,2,2,pitch_jump,1.0,0.026857061876950875,15.801096309282588,107.75948270115326
3233,2,9,pitch_jump,1.0,0.028560930445971446,13.981439348918267,107.75948270115326
3233,2,11,pitch_jump,1.0,0.045786988415146015,21.368638790392417,107.75948270115326
3233,2,13,pitch_jump,1.0,0.006916600384415212,12.842458144525283,107.75948270115326
3233,2,21,pitch_jump,1.0,0.016995201832548157,12.272095615649295,107.75948270115326
3233,2,23,pitch_jump,1.0,0.019705366561369286,14.27492196144745,107.75948270115326
3233,2,25,pitch_jump,1.0,0.01289880819379725,13.037092412000677,107.75948270115326
3234,2,6,pitch_jump,1.0,0.10773572745536703,31.990101362914572,107.7928138124125
3234,2,9,pitch_jump,1.0,0.009576557910974047,13.430173164741541,107.7928138124125
3234,2,13,pitch_jump,1.0,0.013431780984822086,13.568547818219445,107.7928138124125
3236,2,9,pitch_jump,1.0,0.01861171472759439,13.041016020048772,107.859476034931
3236,2,13,pitch_jump,1.0,0.002741408861560461,16.135141923690945,107.859476034931
3236,2,15,pitch_jump,1.0,0.002765508292110373,13.441062509662018,107.859476034931
3237,2,1,pitch_jump,1.0,0.014334625920348386,19.695402619874766,107.89280714619026
3237,2,2,pitch_jump,1.0,0.01551656512032346,16.27345343686666,107.89280714619026
3237,2,7,pitch_jump,1.0,0.02305153407809207,15.919691279978744,107.89280714619026
3237,2,9,pitch_jump,1.0,0.03893853282128563,19.115463586928268,107.89280714619026
3237,2,11,pitch_jump,1.0,0.03251939785315121,14.8769829115613,107.89280714619026
3237,2,13,pitch_jump,1.0,0.038283000677185146,18.598526445211288,107.89280714619026
3237,2,15,pitch_jump,1.0,0.02741897970139345,15.6396442144058,107.89280714619026
3237,2,21,pitch_jump,1.0,0.016900062598136992,21.276185357047122,107.89280714619026
3237,2,25,pitch_jump,1.0,0.02959190681335359,15.162730373558734,107.89280714619026
3238,2,1,pitch_jump,1.0,0.023512824835810176,13.58516603893128,107.92613825744951
3238,2,5,pitch_jump,1.0,0.03798638248534088,13.923343317829623,107.92613825744951
3238,2,7,pitch_jump,1.0,0.02761860355535255,12.169443486459967,107.92613825744951
3238,2,9,pitch_jump,1.0,0.04088848163910858,18.206880958886796,107.92613825744951
3238,2,13,pitch_jump,1.0,0.04940800308242615,20.727482358140264,107.92613825744951
3238,2,15,pitch_jump,1.0,0.009874179082383007,21.33813339435503,107.92613825744951
3238,2,19,pitch_jump,1.0,0.04794805506854266,13.54305170656115,107.92613825744951
3238,2,21,pitch_jump,1.0,0.01653554402942749,12.937463743320574,107.92613825744951
3238,2,25,pitch_jump,1.0,0.019155169844363034,14.005420465109708,107.92613825744951
3239,2,8,pitch_jump,1.0,0.036912697601080735,13.05553441832698,107.95946936870875
3240,2,9,pitch_jump,1.0,0.04142220750984503,12.950514664389987,107.99280047996801
3240,2,13,pitch_jump,1.0,0.041871412724247735,12.72013609392783,107.99280047996801
3242,2,1,pitch_jump,1.0,0.02290804243568655,16.060911983365283,108.0594627024865
3243,1,1,pitch_jump,1.0,0.0407438234688347,15.667100081075102,108.09279381374576
3243,2,1,pitch_jump,1.0,0.0372885192394044,33.56101541415596,108.09279381374576
3243,2,2,pitch_jump,1.0,0.023097366246005047,20.747384336417753,108.09279381374576
3243,2,6,pitch_jump,1.0,0.06369057905833367,21.664332568759967,108.09279381374576
3243,2,7,pitch_jump,1.0,0.022602589361867233,18.323216449408136,108.09279381374576
3243,2,9,pitch_jump,1.0,0.02211314196754448,16.763263182307625,108.09279381374576
3243,2,11,pitch_jump,1.0,0.007769026958177404,22.002346847616476,108.09279381374576
3243,2,13,pitch_jump,1.0,0.029950771957383816,17.639086126231962,108.09279381374576
3243,2,21,pitch_jump,1.0,0.010936390099985498,20.61218237032598,108.09279381374576
3243,2,23,pitch_jump,1.0,0.0378784152086147,18.71540304341232,108.09279381374576
3243,2,25,pitch_jump,1.0,0.03034350175851881,13.853456046879325,108.09279381374576
3244,2,8,pitch_jump,1.0,0.06600958381844574,12.1150433014233,108.126124925005
3245,2,6,pitch_jump,1.0,0.059184360886056483,13.67988654102347,108.15945603626426
3245,2,8,pitch_jump,1.0,0.03184931581495666,12.698228584133284,108.15945603626426
3246,2,1,pitch_jump,1.0,0.05685970065637589,15.889351366935713,108.1927871475235
3246,2,2,pitch_jump,1.0,0.03390805059968796,13.244616787554897,108.1927871475235
3246,2,5,pitch_jump,1.0,0.019602759609401277,12.809188907355557,108.1927871475235
3246,2,6,pitch_jump,1.0,0.05939742338490759,22.131379123750428,108.1927871475235
3246,2,7,pitch_jump,1.0,0.024002639124248874,16.978236004700925,108.1927871475235
3246,2,9,pitch_jump,1.0,0.028252106532231272,18.400709852816988,108.1927871475235
3246,2,11,pitch_jump,1.0,0.03847318335570268,12.41121932417791,108.1927871475235
3246,2,13,pitch_jump,1.0,0.04345485102972015,14.45437207646476,108.1927871475235
3246,2,14,pitch_jump,1.0,0.016065940590657902,14.30126719944453,108.1927871475235
3246,2,15,pitch_jump,1.0,0.016344171120447854,16.255114871087088,108.1927871475235
3246,2,21,pitch_jump,1.0,0.01843885091422331,16.4831726821275,108.1927871475235
3246,2,23,pitch_jump,1.0,0.04108419404602013,14.723265259748313,108.1927871475235
3246,2,25,pitch_jump,1.0,0.012671910843887873,18.17899001113855,108.1927871475235
3248,2,6,pitch_jump,1.0,0.14453904999444764,41.93719496814923,108.259449370042
3248,2,13,pitch_jump,1.0,0.026572329285516495,12.572014535256768,108.259449370042
3249,2,2,pitch_jump,1.0,0.05506323640309997,16.790513153966657,108.29278048130125
3249,2,5,pitch_jump,1.0,0.03513500669763941,30.39315040872397,108.29278048130125
3249,2,6,pitch_jump,1.0,0.11016788817426904,22.999020705060772,108.29278048130125
3249,2,7,pitch_jump,1.0,0.03882162543650505,13.41770106324546,108.29278048130125
3249,2,9,pitch_jump,1.0,0.06637073137610909,18.670569512221913,108.29278048130125
3249,2,14,pitch_jump,1.0,0.013676997973403401,16.894887934290775,108.29278048130125
3249,2,15,pitch_jump,1.0,0.0377414527964708,25.187375810959427,108.29278048130125
3249,2,19,pitch_jump,1.0,0.04791581370581637,33.54234815530694,108.29278048130125
3249,2,23,pitch_jump,1.0,0.06353379052838758,20.473446401236608,108.29278048130125
3249,2,25,pitch_jump,1.0,0.02688126837329909,13.28220880401422,108.29278048130125
3250,2,1,pitch_jump,1.0,0.04676613517878498,34.37598133236184,108.3261115925605
3250,2,5,pitch_jump,1.0,0.03339900883370337,30.202269547023686,108.3261115925605
3250,2,9,pitch_jump,1.0,0.07713857424939596,17.667376775524943,108.3261115925605
3250,2,13,pitch_jump,1.0,0.03845729542271096,24.73751731658585,108.3261115925605
3250,2,14,pitch_jump,1.0,0.022568274107278172,18.989918513044152,108.3261115925605
3250,2,15,pitch_jump,1.0,0.026076763110312904,32.536417490344874,108.3261115925605
3250,2,19,pitch_jump,1.0,0.03423320383250242,31.5505149730654,108.3261115925605
3250,2,25,pitch_jump,1.0,0.025008812629588414,17.967222970333086,108.3261115925605
3251,2,1,pitch_jump,1.0,0.04211585868580832,12.81008723578032,108.35944270381975
3251,2,13,pitch_jump,1.0,0.014671229647420169,14.304797626961488,108.35944270381975
3251,2,23,pitch_jump,1.0,0.04231175633865093,12.718028925864475,108.35944270381975
3252,2,1,pitch_jump,1.0,0.08042811160360434,16.55576809135735,108.392773815079
3252,2,2,pitch_jump,1.0,0.03625303483153177,13.263773272362405,108.392773815079
3252,2,6,pitch_jump,1.0,0.1442980514682846,23.87279384724584,108.392773815079
3252,2,7,pitch_jump,1.0,0.010158890122891603,20.726149321759003,108.392773815079
3252,2,9,pitch_jump,1.0,0.09322569735572667,16.405180286533362,108.392773815079
3252,2,11,pitch_jump,1.0,0.03457687654148347,12.56241060446054,108.392773815079
3252,2,13,pitch_jump,1.0,0.041001107696641136,12.146823728884476,108.392773815079
3252,2,21,pitch_jump,1.0,0.03897493500486214,14.731055018911873,108.392773815079
3252,2,23,pitch_jump,1.0,0.041519057647581896,12.114886086683686,108.392773815079
3253,2,1,pitch_jump,1.0,0.11109903877846442,16.1264215209021,108.42610492633825
3253,2,2,pitch_jump,1.0,0.04014093196371123,12.323446290158124,108.42610492633825
3253,2,5,pitch_jump,1.0,0.02624684232973858,16.327383440498966,108.42610492633825
3253,2,13,pitch_jump,1.0,0.047301810698601655,15.441239353418057,108.42610492633825
3253,2,14,pitch_jump,1.0,0.03825011188698944,16.58726309348588,108.42610492633825
3253,2,15,pitch_jump,1.0,0.04056599011885775,14.72546176170497,108.42610492633825
3253,2,19,pitch_jump,1.0,0.0420700555906631,19.170319582049355,108.42610492633825
3253,2,23,pitch_jump,1.0,0.052334629775250455,16.40648196107478,108.42610492633825
3254,2,13,pitch_jump,1.0,0.01678376000209564,20.237244346397976,108.4594360375975
3254,2,15,pitch_jump,1.0,0.021487532356756506,12.958249932651558,108.4594360375975
3255,2,13,pitch_jump,1.0,0.03974459800707181,13.34706245266151,108.49276714885674
3256,2,1,pitch_jump,1.0,0.06623348599060234,12.337092887590368,108.526098260116
3256,2,5,pitch_jump,1.0,0.02469687748585568,13.986773680897779,108.526098260116
3256,2,15,pitch_jump,1.0,0.044444621839485346,12.287952243181902,108.526098260116
3256,2,19,pitch_jump,1.0,0.031182843796659414,14.734020175266652,108.526098260116
3258,1,1,pitch_jump,1.0,0.02852554833014495,16.59958350328587,108.59276048263449
3258,2,1,pitch_jump,1.0,0.0594519034596737,47.86065734200875,108.59276048263449
3258,2,2,pitch_jump,1.0,0.04534227375912263,21.405637535884626,108.59276048263449
3258,2,5,pitch_jump,1.0,0.022138739035473323,21.641460380234125,108.59276048263449
3258,2,7,pitch_jump,1.0,0.048226431188318104,18.42163619281691,108.59276048263449
3258,2,9,pitch_jump,1.0,0.0652992521391043,33.36262451484167,108.59276048263449
3258,2,11,pitch_jump,1.0,0.03426681017176959,12.036264662940658,108.59276048263449
3258,2,13,pitch_jump,1.0,0.03368013462146009,38.36063118720363,108.59276048263449
3258,2,14,pitch_jump,1.0,0.041907655079628334,16.28462474106852,108.59276048263449
3258,2,15,pitch_jump,1.0,0.030775643810772333,29.756649858944822,108.59276048263449
3258,2,19,pitch_jump,1.0,0.021207653379825334,21.81071783942705,108.59276048263449
3258,2,21,pitch_jump,1.0,0.04506601998807444,18.812200743050873,108.59276048263449
3258,2,23,pitch_jump,1.0,0.02446748431299176,29.151172034568493,108.59276048263449
3258,2,25,pitch_jump,1.0,0.016155464112249534,27.539960317656533,108.59276048263449
3259,1,1,pitch_jump,1.0,0.04180149869305255,12.555409223935854,108.62609159389375
3259,2,1,pitch_jump,1.0,0.08449297085709498,13.254594208553524,108.62609159389375
3259,2,5,pitch_jump,1.0,0.02033727617550514,12.261631123827785,108.62609159389375
3259,2,7,pitch_jump,1.0,0.051583916828401626,13.770058122347443,108.62609159389375
3259,2,9,pitch_jump,1.0,0.06381120619955293,15.754247096300299,108.62609159389375
3259,2,13,pitch_jump,1.0,0.03612867048605109,12.004555707524759,108.62609159389375
3259,2,14,pitch_jump,1.0,0.019748755118494738,14.529788282800864,108.62609159389375
3259,2,15,pitch_jump,1.0,0.030149473968003347,13.852533287746,108.62609159389375
3259,2,25,pitch_jump,1.0,0.05239335975909864,12.789221046458534,108.62609159389375
3260,2,1,pitch_jump,1.0,0.06941498462040337,15.558113586272095,108.65942270515299
3260,2,5,pitch_jump,1.0,0.008009435971670267,14.021582116350913,108.65942270515299
3260,2,9,pitch_jump,1.0,0.068816738588778,14.438809003868569,108.65942270515299
3260,2,14,pitch_jump,1.0,0.02188203600740548,13.878221719774016,108.65942270515299
3260,2,19,pitch_jump,1.0,0.010019117540751476,12.871428156195305,108.65942270515299
3260,2,23,pitch_jump,1.0,0.022204840750683446,16.057762935615276,108.65942270515299
3260,2,25,pitch_jump,1.0,0.03627347398974754,13.200662505529287,108.65942270515299
3261,1,1,pitch_jump,1.0,0.04453362541787478,14.64825291610402,108.69275381641225
3261,2,2,pitch_jump,1.0,0.030140575001539043,13.339961852467205,108.69275381641225
3261,2,7,pitch_jump,1.0,0.028136740303426697,13.337156906598022,108.69275381641225
3261,2,11,pitch_jump,1.0,0.026827936977042076,14.10190298586822,108.69275381641225
3261,2,21,pitch_jump,1.0,0.03322189935049381,12.314961952569199,108.69275381641225
3261,2,23,pitch_jump,1.0,0.025080016305514072,13.949243899728216,108.69275381641225
3261,2,25,pitch_jump,1.0,0.026330745893794794,15.12684817357874,108.69275381641225
3262,2,1,pitch_jump,1.0,0.09376825804645998,12.04127222414114,108.7260849276715
3262,2,2,pitch_jump,1.0,0.018656454792833545,12.502848199030923,108.7260849276715
3262,2,8,pitch_jump,1.0,0.04705319844092287,16.251656649005675,108.7260849276715
3263,2,8,pitch_jump,1.0,0.022542684461623635,12.107730182284701,108.75941603893074
3263,2,13,pitch_jump,1.0,0.021452604832640346,14.093576131968073,108.75941603893074
3264,1,1,pitch_jump,1.0,0.037967279751618864,14.090013443028933,108.79274715019
3264,2,2,pitch_jump,1.0,0.028525268180033224,12.483815468999003,108.79274715019
3264,2,11,pitch_jump,1.0,0.03129220765900314,13.707315448283353,108.79274715019
3264,2,21,pitch_jump,1.0,0.004774272019169651,13.939050792782922,108.79274715019
3264,2,23,pitch_jump,1.0,0.04055987199205824,14.339316223657551,108.79274715019
3264,2,25,pitch_jump,1.0,0.05298346155086915,14.592338273960832,108.79274715019
3265,1,1,pitch_jump,1.0,0.04233037572713012,15.091588778142846,108.82607826144924
3265,2,1,pitch_jump,1.0,0.02935648855966709,33.74016932373034,108.82607826144924
3265,2,2,pitch_jump,1.0,0.03515103484881758,17.427605816664165,108.82607826144924
3265,2,7,pitch_jump,1.0,0.02485148190882458,20.28102578587059,108.82607826144924
3265,2,9,pitch_jump,1.0,0.01354165778251787,19.91511853866127,108.82607826144924
3265,2,13,pitch_jump,1.0,0.04739637234272266,15.626955987068062,108.82607826144924
3265,2,21,pitch_jump,1.0,0.01647164624406441,18.700943118686716,108.82607826144924
3265,2,23,pitch_jump,1.0,0.030994660252248753,19.348832555475436,108.82607826144924
3265,2,25,pitch_jump,1.0,0.016695020364184274,22.699560967761688,108.82607826144924
3266,1,1,pitch_jump,1.0,0.03353498252364189,13.808178742120074,108.85940937270848
3266,2,1,pitch_jump,1.0,0.03737237029388675,17.974160566587752,108.85940937270848
3266,2,2,pitch_jump,1.0,0.03763369990878342,13.572085889648227,108.85940937270848
3266,2,5,pitch_jump,1.0,0.024948107213345297,20.787664555355917,108.85940937270848
3266,2,7,pitch_jump,1.0,0.019282854725626606,12.189417311786706,108.85940937270848
3266,2,8,pitch_jump,3.0,0.9740404940865223,107.46951020317802,108.85940937270848
3266,2,11,pitch_jump,1.0,0.025067554725573985,14.586381348684917,108.85940937270848
3266,2,13,pitch_jump,1.0,0.021587754642584927,12.580387954631206,108.85940937270848
3266,2,14,pitch_jump,1.0,0.0080796691544184,17.303418371278514,108.85940937270848
3266,2,15,pitch_jump,1.0,0.012381091088282907,15.894282525626508,108.85940937270848
3266,2,19,pitch_jump,1.0,0.034512020807645157,21.261467936445765,108.85940937270848
3267,2,1,pitch_jump,1.0,0.04638123125004346,16.08885743038287,108.89274048396774
3267,2,5,pitch_jump,1.0,0.03681361185385049,16.273884583869677,108.89274048396774
3267,2,8,pitch_jump,1.0,0.07794301573002169,39.946582926941794,108.89274048396774
3267,2,9,pitch_jump,1.0,0.031426267228297555,20.746089110289216,108.89274048396774
3267,2,14,pitch_jump,1.0,0.02884030780617505,13.378566067649894,108.89274048396774
3267,2,15,pitch_jump,1.0,0.023261509930892592,18.009401127150433,108.89274048396774
3267,2,19,pitch_jump,1.0,0.04859443884457915,16.60135521134327,108.89274048396774
3267,2,21,pitch_jump,1.0,0.015767952986726883,14.242884297909223,108.89274048396774
3267,2,25,pitch_jump,1.0,0.007233016237416847,17.442054615933184,108.89274048396774
3268,2,1,pitch_jump,1.0,0.05957659267602818,18.268407254630368,108.92607159522699
3268,2,5,pitch_jump,1.0,0.03700484299776281,12.908623072255912,108.92607159522699
3268,2,8,pitch_jump,1.0,0.03843094931655973,34.15347600283046,108.92607159522699
3268,2,9,pitch_jump,1.0,0.06178649465724476,19.342148722514533,108.92607159522699
3268,2,13,pitch_jump,1.0,0.04560783729463986,15.215081344641055,108.92607159522699
3268,2,15,pitch_jump,1.0,0.038509856053001945,16.83277910059697,108.92607159522699
3268,2,19,pitch_jump,1.0,0.05158801698248857,12.719815480838394,108.92607159522699
3269,2,2,pitch_jump,1.0,0.034334002677776684,17.84243086497225,108.95940270648624
3269,2,8,pitch_jump,1.0,0.12731360183265222,41.36291639806703,108.95940270648624
3269,2,9,pitch_jump,1.0,0.05036987047367793,12.816143294778463,108.95940270648624
3269,2,21,pitch_jump,1.0,0.023199717362670833,13.500553175428523,108.95940270648624
3270,2,8,pitch_jump,1.0,0.1649575119555647,42.76645211729253,108.99273381774549
3271,2,5,pitch_jump,1.0,0.03564408511240391,13.44121042074632,109.02606492900473
3271,2,8,pitch_jump,1.0,0.0816594033916046,23.691143038876568,109.02606492900473
3271,2,9,pitch_jump,1.0,0.08143942870081583,12.633983431472924,109.02606492900473
3271,2,19,pitch_jump,1.0,0.047148125137853346,16.571043928865528,109.02606492900473
3271,2,23,pitch_jump,1.0,0.033239138358695096,13.14338864503415,109.02606492900473
3272,1,1,pitch_jump,1.0,0.02582732335996354,16.149498019928533,109.05939604026399
3272,2,1,pitch_jump,1.0,0.03732374144427754,23.479870507001074,109.05939604026399
3272,2,2,pitch_jump,1.0,0.012690072331641425,17.532410168078133,109.05939604026399
3272,2,7,pitch_jump,1.0,0.016671633714844983,16.453825639097293,109.05939604026399
3272,2,8,pitch_jump,1.0,0.05985797345770246,18.78098135295091,109.05939604026399
3272,2,9,pitch_jump,1.0,0.051519245252340425,21.728706279696894,109.05939604026399
3272,2,11,pitch_jump,1.0,0.015232700693662246,17.612342319509285,109.05939604026399
3272,2,13,pitch_jump,1.0,0.004160441094099949,20.95506721958448,109.05939604026399
3272,2,21,pitch_jump,1.0,0.01438780991514056,16.510982782375493,109.05939604026399
3272,2,23,pitch_jump,1.0,0.008822672652341037,19.500204212685055,109.05939604026399
3272,2,25,pitch_jump,1.0,0.009727582541117162,16.848430980786887,109.05939604026399
3273,1,1,pitch_jump,1.0,0.05069540863387788,12.799752843729825,109.09272715152323
3273,2,1,pitch_jump,1.0,0.027424568456587806,17.131411678962788,109.09272715152323
3273,2,2,pitch_jump,1.0,0.017792032261950603,12.440621494081302,109.09272715152323
3273,2,5,pitch_jump,1.0,0.026137516917872167,13.535069821276856,109.09272715152323
3273,2,7,pitch_jump,1.0,0.016744333740271376,13.612207075921535,109.09272715152323
3273,2,8,pitch_jump,1.0,0.0466971842388652,17.233459889460967,109.09272715152323
3273,2,9,pitch_jump,1.0,0.012590525363778964,18.363309178511297,109.09272715152323
3273,2,11,pitch_jump,1.0,0.03765839739085228,15.19951121473689,109.09272715152323
3273,2,13,pitch_jump,1.0,0.034604896034073816,21.90723376444132,109.09272715152323
3273,2,14,pitch_jump,1.0,0.02819783298904711,12.78884165246271,109.09272715152323
3273,2,15,pitch_jump,1.0,0.03959044545910849,18.51599324116739,109.09272715152323
3273,2,19,pitch_jump,1.0,0.042468458102108066,12.79714984325139,109.09272715152323
3273,2,21,pitch_jump,1.0,0.033650683354853994,16.35914568486389,109.09272715152323
3273,2,23,pitch_jump,1.0,0.031237521654204656,13.849595733726549,109.09272715152323
3273,2,25,pitch_jump,1.0,0.016385425176712685,14.181856857824597,109.09272715152323
3274,2,1,pitch_jump,1.0,0.053941712678907114,21.151673968778166,109.12605826278248
3274,2,2,pitch_jump,1.0,0.03470319601287609,15.779374089434128,109.12605826278248
3274,2,7,pitch_jump,1.0,0.0332603943878423,24.34301770616042,109.12605826278248
3274,2,13,pitch_jump,1.0,0.059469189023392814,15.482528463039916,109.12605826278248
3275,2,1,pitch_jump,1.0,0.05334363293376105,19.348894489101525,109.15938937404174
3275,2,5,pitch_jump,1.0,0.006651583172361941,14.004964719487774,109.15938937404174
3275,2,7,pitch_jump,1.0,0.009129521634903952,12.619619687277948,109.15938937404174
3275,2,8,pitch_jump,1.0,0.026101473007275777,17.664991061289086,109.15938937404174
3275,2,9,pitch_jump,1.0,0.02528604657320937,13.771396941668595,109.15938937404174
3275,2,13,pitch_jump,1.0,0.027509924101956695,15.358055834505485,109.15938937404174
3275,2,14,pitch_jump,1.0,0.01128938195494696,14.92736118354508,109.15938937404174
3275,2,19,pitch_jump,1.0,0.018105207142057864,15.901029396455977,109.15938937404174
3275,2,23,pitch_jump,1.0,0.013470656125688525,12.843600902604114,109.15938937404174
3276,2,13,pitch_jump,1.0,0.071254324355524,13.11547860849599,109.19272048530098
3276,2,25,pitch_jump,1.0,0.0023794069387033344,13.18755636392925,109.19272048530098
3277,1,1,pitch_jump,1.0,0.04688934085735919,12.80357804659262,109.22605159656024
3277,2,1,pitch_jump,1.0,0.06806425955169268,12.74305567667856,109.22605159656024
3277,2,2,pitch_jump,1.0,0.04026903686634564,13.86063642414418,109.22605159656024
3277,2,7,pitch_jump,1.0,0.033055456384881554,13.245450224120901,109.22605159656024
3277,2,9,pitch_jump,1.0,0.05936646619993238,19.599109704668024,109.22605159656024
3277,2,13,pitch_jump,1.0,0.06276490903989021,25.468521227987257,109.22605159656024
3277,2,15,pitch_jump,1.0,0.034039765429392334,16.751893993556106,109.22605159656024
3279,2,7,pitch_jump,1.0,0.012769633676747352,12.58059048668143,109.29271381907873
3279,2,23,pitch_jump,1.0,0.027528606554581333,21.005357977456875,109.29271381907873
3280,2,1,pitch_jump,1.0,0.05133002089120636,12.253493339256154,109.32604493033799
3280,2,2,pitch_jump,1.0,0.05860698585043894,21.145592599839762,109.32604493033799
3280,2,8,pitch_jump,1.0,0.07902081778375,20.82881132397849,109.32604493033799
3281,1,1,pitch_jump,1.0,0.025475655327066297,13.937398196539904,109.35937604159723
3281,2,2,pitch_jump,1.0,0.02647807073268905,14.053450783775814,109.35937604159723
3281,2,5,pitch_jump,1.0,0.014520755824141626,12.6692966594963,109.35937604159723
3281,2,8,pitch_jump,1.0,0.04452828603183235,24.95600531656574,109.35937604159723
3281,2,11,pitch_jump,1.0,0.014215525654246657,13.042542635540656,109.35937604159723
3281,2,13,pitch_jump,1.0,0.02006501962069473,13.259387217311577,109.35937604159723
3281,2,19,pitch_jump,1.0,0.019709808432216834,12.729333576774822,109.35937604159723
3281,2,21,pitch_jump,1.0,0.012102197376746542,12.788862936417674,109.35937604159723
3281,2,23,pitch_jump,1.0,0.00475335852886981,12.244600427270253,109.35937604159723
3282,1,1,pitch_jump,1.0,0.03417406936557649,13.960944642562945,109.39270715285647
3282,2,1,pitch_jump,1.0,0.0593055680898818,23.638299987131347,109.39270715285647
3282,2,14,pitch_jump,1.0,0.007639239974602105,12.770173029536073,109.39270715285647
3283,2,23,pitch_jump,1.0,0.040445929814771325,14.605814546876811,109.42603826411573
3284,1,1,pitch_jump,1.0,0.06178926196139351,19.30894294415275,109.45936937537498
3284,2,1,pitch_jump,1.0,0.049230198700038946,14.556965634333226,109.45936937537498
3284,2,5,pitch_jump,1.0,0.014409358685852823,14.049488774837963,109.45936937537498
3284,2,8,pitch_jump,1.0,0.018306883243253032,17.127765041297064,109.45936937537498
3284,2,9,pitch_jump,1.0,0.025594665791346838,12.054166450584335,109.45936937537498
3284,2,13,pitch_jump,1.0,0.017832402439193148,17.554894806230873,109.45936937537498
3284,2,15,pitch_jump,1.0,0.004060140801135356,15.298539440311636,109.45936937537498
3284,2,19,pitch_jump,1.0,0.012148629926415347,15.432702474284964,109.45936937537498
3285,1,1,pitch_jump,1.0,0.06099180171193697,18.11551442270249,109.49270048663423
3286,2,1,pitch_jump,1.0,0.04585029636389429,19.398965389093686,109.52603159789348
3286,2,2,pitch_jump,1.0,0.02878320623389758,13.783185127396035,109.52603159789348
3286,2,7,pitch_jump,1.0,0.00626409538795891,15.64493645404837,109.52603159789348
3286,2,8,pitch_jump,1.0,0.02112335574615522,17.567353628513146,109.52603159789348
3286,2,9,pitch_jump,1.0,0.04912449758977426,20.085132004489196,109.52603159789348
3286,2,11,pitch_jump,1.0,0.01600789794232364,13.992695499307533,109.52603159789348
3286,2,13,pitch_jump,1.0,0.04847378655771998,22.06239645814043,109.52603159789348
3286,2,15,pitch_jump,1.0,0.019663650374175206,21.2897031083872,109.52603159789348
3286,2,19,pitch_jump,1.0,0.0242791813568178,13.905656368806634,109.52603159789348
3286,2,21,pitch_jump,1.0,0.020891220718978504,15.535554682739376,109.52603159789348
3286,2,23,pitch_jump,1.0,0.01696500563275547,15.094343686060839,109.52603159789348
3286,2,25,pitch_jump,1.0,0.008336816924089238,15.055354121002978,109.52603159789348
3288,2,1,pitch_jump,1.0,0.04683210893077856,19.789626604833614,109.59269382041198
3288,2,7,pitch_jump,1.0,0.00923274273381571,12.181809286272783,109.59269382041198
3288,2,8,pitch_jump,1.0,0.007166624689748154,13.718986736551468,109.59269382041198
3289,2,1,pitch_jump,1.0,0.05996694033373342,13.99317616883911,109.62602493167122
3289,2,2,pitch_jump,1.0,0.027447676047871298,15.890451747569537,109.62602493167122
3289,2,6,pitch_jump,2.0,0.05146603276274759,13.324401448472958,109.62602493167122
3289,2,7,pitch_jump,1.0,0.0620845665430703,15.664469024939871,109.62602493167122
3289,2,8,pitch_jump,1.0,0.057919587542766555,39.74358583393219,109.62602493167122
3289,2,9,pitch_jump,1.0,0.048625505327104045,17.34601344635973,109.62602493167122
3289,2,11,pitch_jump,1.0,0.021406931820955117,13.231778527365565,109.62602493167122
3289,2,13,pitch_jump,1.0,0.03286361605087327,25.815493196602024,109.62602493167122
3289,2,21,pitch_jump,1.0,0.017675057649023836,16.178280127979278,109.62602493167122
3289,2,23,pitch_jump,1.0,0.023372925674071277,20.636208968012586,109.62602493167122
3290,2,1,pitch_jump,1.0,0.03250750569955438,12.651696001185977,109.65935604293047
3290,2,7,pitch_jump,1.0,0.03606718852317308,16.11906493868214,109.65935604293047
3291,2,5,pitch_jump,1.0,0.030081234160761115,20.130758526411242,109.69268715418973
3291,2,7,pitch_jump,1.0,0.04382929027069503,20.068206657417537,109.69268715418973
3291,2,8,pitch_jump,1.0,0.034145457037532315,17.536294533331155,109.69268715418973
3291,2,9,pitch_jump,1.0,0.06296452660004997,13.419983563819748,109.69268715418973
3291,2,13,pitch_jump,1.0,0.027561855387413053,24.111394203477698,109.69268715418973
3291,2,15,pitch_jump,1.0,0.022307008625454604,22.875497121070726,109.69268715418973
3291,2,19,pitch_jump,1.0,0.0329549836982605,20.778076051528128,109.69268715418973
3291,2,25,pitch_jump,1.0,0.020787609915032597,13.462159255227775,109.69268715418973
3292,2,6,pitch_jump,1.0,0.06838913810377777,19.83498482618769,109.72601826544897
3292,2,7,pitch_jump,1.0,0.039783409153151664,20.118007458194672,109.72601826544897
3292,2,13,pitch_jump,1.0,0.021563623698741836,12.253643489085116,109.72601826544897
3292,2,23,pitch_jump,1.0,0.020584242373769452,12.411648966853864,109.72601826544897
3293,2,1,pitch_jump,1.0,0.03912989632880359,15.987654101163836,109.75934937670823
3293,2,5,pitch_jump,1.0,0.008671873272257678,15.10524897157308,109.75934937670823
3293,2,6,pitch_jump,1.0,0.034909154234161424,17.738761203513384,109.75934937670823
3293,2,7,pitch_jump,1.0,0.014314862245510703,13.360482831831966,109.75934937670823
3293,2,8,pitch_jump,1.0,0.010801533074283935,14.020493057487922,109.75934937670823
3293,2,9,pitch_jump,1.0,0.026163031655232382,19.786403645669555,109.75934937670823
3293,2,13,pitch_jump,1.0,0.018916453511097903,21.05614670326439,109.75934937670823
3293,2,14,pitch_jump,1.0,0.010709449057840485,13.173348957746956,109.75934937670823
3293,2,15,pitch_jump,1.0,0.008982749893733584,18.151819268823893,109.75934937670823
3293,2,19,pitch_jump,1.0,0.010884974464270858,15.92255388103341,109.75934937670823
3293,2,25,pitch_jump,1.0,0.013914566607004993,16.447070648502393,109.75934937670823
3294,2,1,pitch_jump,1.0,0.06068309632846949,21.86617371364299,109.79268048796747
3294,2,6,pitch_jump,1.0,0.06361141146613677,13.922533190474775,109.79268048796747
3294,2,8,pitch_jump,1.0,0.01655026162985559,12.4575862325192,109.79268048796747
3294,2,9,pitch_jump,1.0,0.025604638079009083,16.50172274083642,109.79268048796747
3295,2,1,pitch_jump,1.0,0.07002486863354386,25.279391292561904,109.82601159922672
3295,2,5,pitch_jump,1.0,0.016459265443471968,98.22751125357762,109.82601159922672
3295,2,6,pitch_jump,1.0,0.05420673095710905,26.643609835705572,109.82601159922672
3295,2,7,pitch_jump,1.0,0.006531217842123724,16.063278288679335,109.82601159922672
3295,2,8,pitch_jump,1.0,0.013168599822647885,22.85046203854177,109.82601159922672
3295,2,14,pitch_jump,1.0,0.009739749313195796,29.126780082757293,109.82601159922672
3295,2,15,pitch_jump,1.0,0.01368849782470124,75.80301097212575,109.82601159922672
3295,2,19,pitch_jump,1.0,0.030010753912214142,115.09100834171903,109.82601159922672
3295,2,23,pitch_jump,1.0,0.018804034239454013,17.673512999548958,109.82601159922672
3296,2,1,pitch_jump,1.0,0.05576055254839899,12.559675162716886,109.85934271048598
3296,2,6,pitch_jump,1.0,0.05162951781508669,17.638120884119342,109.85934271048598
3296,2,8,pitch_jump,1.0,0.009910942677952797,14.76630424267579,109.85934271048598
3297,2,1,pitch_jump,1.0,0.028434806966553195,15.094571255240748,109.89267382174522
3297,2,5,pitch_jump,1.0,0.021787091401242163,15.436701165402189,109.89267382174522
3297,2,6,pitch_jump,1.0,0.07111218260736259,15.030551893607406,109.89267382174522
3297,2,9,pitch_jump,1.0,0.044896297161144,15.301956977417642,109.89267382174522
3297,2,14,pitch_jump,1.0,0.01766757823029896,14.969800085441273,109.89267382174522
3297,2,15,pitch_jump,1.0,0.014862376523865637,18.313056796616927,109.89267382174522
3297,2,19,pitch_jump,1.0,0.02442791843625464,15.804572194654474,109.89267382174522
3297,2,21,pitch_jump,1.0,0.015716064885379816,15.20610584382895,109.89267382174522
3297,2,25,pitch_jump,1.0,0.013723934786058226,14.402909331050658,109.89267382174522
3298,2,6,pitch_jump,1.0,0.07084719147163097,12.89472601101566,109.92600493300446
3300,2,5,pitch_jump,1.0,0.01855556055755687,15.659029884810995,109.99266715552297
3300,2,8,pitch_jump,1.0,0.03801167194940493,19.634284415610605,109.99266715552297
3300,2,9,pitch_jump,1.0,0.09397675761242515,13.938004095756865,109.99266715552297
3300,2,19,pitch_jump,1.0,0.02759348681176232,16.489764238977234,109.99266715552297
3301,2,1,pitch_jump,1.0,0.00946189181605854,19.23175095694177,110.02599826678222
3301,2,5,pitch_jump,1.0,0.013337621896716171,95.03694914119349,110.02599826678222
3301,2,6,pitch_jump,1.0,0.02635862112473494,20.438496373922835,110.02599826678222
3301,2,7,pitch_jump,1.0,0.04190173096930821,14.631045529386508,110.02599826678222
3301,2,8,pitch_jump,1.0,0.022876299244032613,25.668549027635347,110.02599826678222
3301,2,14,pitch_jump,1.0,0.033187112074090926,39.94727077852976,110.02599826678222
3301,2,15,pitch_jump,1.0,0.021760590099092494,74.71228108511951,110.02599826678222
3301,2,16,pitch_jump,1.0,0.039675768011658834,22.94930708475091,110.02599826678222
3301,2,19,pitch_jump,1.0,0.025739231341957224,110.72994288163524,110.02599826678222
3301,2,23,pitch_jump,1.0,0.05316786398373928,16.996439967779686,110.02599826678222
3302,2,1,pitch_jump,1.0,0.016596971033114825,18.325319247018427,110.05932937804147
3302,2,7,pitch_jump,1.0,0.026237490892986066,14.564543695121515,110.05932937804147
3302,2,8,pitch_jump,1.0,0.010770261013276966,16.82812130488653,110.05932937804147
3302,2,23,pitch_jump,1.0,0.027393114869227318,14.800934634012068,110.05932937804147
3303,2,6,pitch_jump,1.0,0.08877676477655755,20.47285614558541,110.09266048930071
3303,2,11,pitch_jump,1.0,0.03246100529365089,18.28938081884128,110.09266048930071
3303,2,14,pitch_jump,1.0,0.013615374337387059,13.58986596184247,110.09266048930071
3303,2,25,pitch_jump,1.0,0.04640927126553159,22.76467189918596,110.09266048930071
3304,2,1,pitch_jump,1.0,0.036325436515674756,15.945086049102969,110.12599160055997
3304,2,6,pitch_jump,1.0,0.0668761748834644,15.365188908713963,110.12599160055997
3304,2,9,pitch_jump,1.0,0.06223188675909891,17.958803352253664,110.12599160055997
3305,2,1,pitch_jump,1.0,0.04591135147743218,12.493792827100156,110.15932271181921
3305,2,6,pitch_jump,1.0,0.05681464059625453,25.04411082995874,110.15932271181921
3305,2,8,pitch_jump,1.0,0.00855090770108155,12.0780751135302,110.15932271181921
3305,2,18,pitch_jump,1.0,0.02671789709430071,12.196420566221803,110.15932271181921
3306,2,1,pitch_jump,1.0,0.0070781573275453405,16.288826161836298,110.19265382307846
3306,2,5,pitch_jump,1.0,0.018129342615883684,17.84171714098127,110.19265382307846
3306,2,6,pitch_jump,1.0,0.03589502669315462,12.065346124509254,110.19265382307846
3306,2,8,pitch_jump,1.0,0.01640585204304428,13.377416021449585,110.19265382307846
3306,2,9,pitch_jump,1.0,0.06676498267771248,16.542501724889977,110.19265382307846
3306,2,15,pitch_jump,1.0,0.021504192997347064,19.523869962930647,110.19265382307846
3306,2,16,pitch_jump,1.0,0.02951009745082964,17.704743003749993,110.19265382307846
3306,2,19,pitch_jump,1.0,0.023496234772896137,21.131658381533338,110.19265382307846
3306,2,25,pitch_jump,1.0,0.027137436987536213,15.571484579554555,110.19265382307846
3308,2,1,pitch_jump,1.0,0.027835876657653538,15.996744780312804,110.25931604559696
3308,2,8,pitch_jump,1.0,0.015140238292997361,12.061225389577094,110.25931604559696
3308,2,9,pitch_jump,1.0,0.0735408523420807,12.506013568954852,110.25931604559696
3308,2,25,pitch_jump,1.0,0.03435837772887033,12.731399836182524,110.25931604559696
3309,2,1,pitch_jump,1.0,0.029065863365244533,13.566615157565709,110.29264715685622
3309,2,5,pitch_jump,1.0,0.010504789224937161,17.30023753251857,110.29264715685622
3309,2,6,pitch_jump,1.0,0.013149589733855332,15.294432166481196,110.29264715685622
3309,2,8,pitch_jump,1.0,0.03733574858887354,12.032705412173362,110.29264715685622
3309,2,9,pitch_jump,1.0,0.08055964215876536,17.70891736974103,110.29264715685622
3309,2,14,pitch_jump,1.0,0.004759938148631525,12.551776547698218,110.29264715685622
3309,2,15,pitch_jump,1.0,0.02532350969453133,16.847874282077267,110.29264715685622
3309,2,16,pitch_jump,1.0,0.022419301294546286,14.866798779871912,110.29264715685622
3309,2,19,pitch_jump,1.0,0.025111598358294584,18.721270405353117,110.29264715685622
3309,2,25,pitch_jump,1.0,0.03585496597291224,12.524901379075567,110.29264715685622
3310,2,1,pitch_jump,1.0,0.006614395155077017,16.283150598262793,110.32597826811546
3310,2,5,pitch_jump,1.0,0.008089626441568791,82.82911090654514,110.32597826811546
3310,2,6,pitch_jump,1.0,0.01957077846414316,15.779788022668452,110.32597826811546
3310,2,8,pitch_jump,1.0,0.014672507538161956,16.999073971050375,110.32597826811546
3310,2,14,pitch_jump,1.0,0.012459930826861209,27.756251830761922,110.32597826811546
3310,2,15,pitch_jump,1.0,0.010815352446507543,60.90392436409356,110.32597826811546
3310,2,16,pitch_jump,1.0,0.009941452254157214,22.12374076025608,110.32597826811546
3310,2,19,pitch_jump,1.0,0.02101310905245059,97.19112406796273,110.32597826811546
3312,2,5,pitch_jump,1.0,0.007844581120659957,14.283665607843204,110.39264049063397
3312,2,19,pitch_jump,1.0,0.008177987321950107,15.532912415713007,110.39264049063397
3313,2,1,pitch_jump,1.0,0.02809980230018224,17.71558896532816,110.42597160189321
3313,2,2,pitch_jump,1.0,0.07009408115339558,15.371996286707203,110.42597160189321
3313,2,6,pitch_jump,1.0,0.046209231798702816,16.995078446318914,110.42597160189321
3313,2,7,pitch_jump,1.0,0.03400794919011294,15.654940513519602,110.42597160189321
3313,2,8,pitch_jump,1.0,0.005773864352798609,17.73622370247108,110.42597160189321
3313,2,9,pitch_jump,1.0,0.057157022395143475,15.165968529801056,110.42597160189321
3313,2,15,pitch_jump,1.0,0.009602867051129177,15.299202344790363,110.42597160189321
3313,2,16,pitch_jump,1.0,0.023305103247324745,21.00788400846548,110.42597160189321
3313,2,18,pitch_jump,1.0,0.03608100036847494,13.93600661648522,110.42597160189321
3313,2,23,pitch_jump,1.0,0.09855121049807834,21.88238577029293,110.42597160189321
3313,2,25,pitch_jump,1.0,0.035493366594938666,13.500934481207054,110.42597160189321
3315,2,8,pitch_jump,1.0,0.026539708519413688,13.647643986052552,110.49263382441171
3315,2,9,pitch_jump,1.0,0.09067573308170701,13.667075952143694,110.49263382441171
3315,2,23,pitch_jump,1.0,0.13925374391916576,18.31264915015529,110.49263382441171
3317,2,14,pitch_jump,1.0,0.011195650162233447,12.630389791532753,110.55929604693021
3317,2,25,pitch_jump,1.0,0.046903591284953236,12.074263120575791,110.55929604693021
3318,2,5,pitch_jump,1.0,0.015883305666485308,93.24055394080969,110.59262715818946
3318,2,6,pitch_jump,1.0,0.05336258732850307,12.527888731873292,110.59262715818946
3318,2,8,pitch_jump,1.0,0.0266914009770848,14.940943694319351,110.59262715818946
3318,2,14,pitch_jump,1.0,0.017991154506168915,29.547044305699753,110.59262715818946
3318,2,15,pitch_jump,1.0,0.008683932788493502,67.56613763429664,110.59262715818946
3318,2,19,pitch_jump,1.0,0.013590839734066518,104.8928403177631,110.59262715818946
3318,2,23,pitch_jump,1.0,0.07939612601842397,13.870271574819405,110.59262715818946
3319,2,5,pitch_jump,1.0,0.02611027545897835,96.96896363576036,110.6259582694487
3319,2,6,pitch_jump,1.0,0.0635902789246867,25.491991955002437,110.6259582694487
3319,2,8,pitch_jump,1.0,0.03387830692678745,17.252250253664727,110.6259582694487
3319,2,14,pitch_jump,1.0,0.007249702468388171,32.071633995795466,110.6259582694487
3319,2,15,pitch_jump,1.0,0.0063628239201253545,79.215473136549,110.6259582694487
3319,2,19,pitch_jump,1.0,0.023301395102145666,114.53878918396782,110.6259582694487
3320,2,5,pitch_jump,1.0,0.014962612360860363,96.31752555234328,110.65928938070796
3320,2,9,pitch_jump,1.0,0.03823074384539262,12.169744287439562,110.65928938070796
3320,2,14,pitch_jump,1.0,0.007883235016160653,34.85790316009831,110.65928938070796
3320,2,15,pitch_jump,1.0,0.00226787745671067,74.26969483789416,110.65928938070796
3320,2,19,pitch_jump,1.0,0.009893801674917558,108.47653692021248,110.65928938070796
3321,2,5,pitch_jump,1.0,0.005188364119544483,85.63657201127145,110.6926204919672
3321,2,14,pitch_jump,1.0,0.009815841803814935,26.275175874266935,110.6926204919672
3321,2,15,pitch_jump,1.0,0.010058350582126509,69.34899334491651,110.6926204919672
3321,2,19,pitch_jump,1.0,0.02347038268526082,95.07457615258927,110.6926204919672
3322,2,9,pitch_jump,1.0,0.10194119711213565,17.967542661355136,110.72595160322645
3323,2,2,pitch_jump,1.0,0.036683983800860166,12.978950449849277,110.7592827144857
3323,2,19,pitch_jump,1.0,0.0068556725444019195,12.069355319319342,110.7592827144857
3324,2,6,pitch_jump,1.0,0.07858379546823267,25.819266183919098,110.79261382574495
3324,2,8,pitch_jump,1.0,0.01117534919464044,13.91805820395747,110.79261382574495
3324,2,9,pitch_jump,1.0,0.07659970549277144,13.681944415892813,110.79261382574495
3324,2,23,pitch_jump,1.0,0.06896477854828935,12.369871447270599,110.79261382574495
3325,2,5,pitch_jump,1.0,0.0027184378384390983,15.540831176100218,110.82594493700421
3325,2,19,pitch_jump,1.0,0.010420455073671826,18.211088167464794,110.82594493700421
3327,2,5,pitch_jump,1.0,0.0021044222465765924,13.828322219798585,110.8926071595227
3327,2,19,pitch_jump,1.0,0.006233990459758004,15.507699169828301,110.8926071595227
3328,2,1,pitch_jump,1.0,0.02721676475948732,23.210744611029373,110.92593827078196
3328,2,2,pitch_jump,1.0,0.043494680845375056,31.160888246288966,110.92593827078196
3328,2,5,pitch_jump,1.0,0.0023357456169904216,56.14768685703745,110.92593827078196
3328,2,7,pitch_jump,1.0,0.03023373960631976,25.772489875735353,110.92593827078196
3328,2,8,pitch_jump,1.0,0.01406158933295626,23.522450441382738,110.92593827078196
3328,2,9,pitch_jump,1.0,0.015156221466451627,22.509030894563775,110.92593827078196
3328,2,11,pitch_jump,1.0,0.015512207147309574,33.42462062309981,110.92593827078196
3328,2,14,pitch_jump,1.0,0.0308530773453004,12.316473491984155,110.92593827078196
3328,2,15,pitch_jump,1.0,0.007732642060777959,59.96145014337123,110.92593827078196
3328,2,18,pitch_jump,1.0,0.01806224612483305,31.04995245093818,110.92593827078196
3328,2,19,pitch_jump,1.0,0.005654237290595447,68.99156731837381,110.92593827078196
3328,2,21,pitch_jump,1.0,0.03308896317799418,35.163249316676605,110.92593827078196
3328,2,23,pitch_jump,1.0,0.05988618528191223,26.03188596267543,110.92593827078196
3328,2,25,pitch_jump,1.0,0.03579858063072648,19.046463963621655,110.92593827078196
3329,2,6,pitch_jump,5.0,0.06209042326529292,13.955110635722644,110.9592693820412
3330,2,8,pitch_jump,1.0,0.14437528816278938,62.53624143519581,110.99260049330046
3331,2,8,pitch_jump,1.0,0.03002012163779457,14.835369178113593,111.0259316045597
3331,2,23,pitch_jump,1.0,0.08494374033091441,12.753573666369746,111.0259316045597
3332,2,8,pitch_jump,1.0,0.07845522026798259,30.250663501109123,111.05926271581895
3333,2,1,pitch_jump,1.0,0.029873292140846917,12.911935458219988,111.0925938270782
3333,2,5,pitch_jump,1.0,0.00352565698747706,75.34239181348876,111.0925938270782
3333,2,7,pitch_jump,1.0,0.011325169006857256,12.571128517554747,111.0925938270782
3333,2,8,pitch_jump,1.0,0.06003284079871919,32.340509061171375,111.0925938270782
3333,2,9,pitch_jump,1.0,0.04783982444305822,15.937442577747357,111.0925938270782
3333,2,14,pitch_jump,1.0,0.02186697350848118,21.611336563186207,111.0925938270782
3333,2,15,pitch_jump,1.0,0.021032821067895415,56.86218191212026,111.0925938270782
3333,2,19,pitch_jump,1.0,0.004924604922107156,87.16239622392489,111.0925938270782
