frame,track_id,display_track_id,class_id,conf,x1,y1,x2,y2,team_id,notes
0,0,0,2,1.0,1098.32,631.71,1131.72,725.0,-1,cvat_keyframe
0,1,1,2,1.0,650.8,494.59,677.2,566.98,-1,cvat_keyframe
0,2,2,2,1.0,808.5,402.71,830.51,468.14,-1,cvat_keyframe
0,3,3,2,1.0,891.0,408.06,912.2,473.25,-1,cvat_keyframe
0,4,4,2,1.0,1670.72,670.97,1722.17,773.87,-1,cvat_keyframe
0,5,5,2,1.0,1568.7,429.7,1598.9,495.4,-1,cvat_keyframe
0,6,6,1,1.0,1401.1,357.0,1421.86,412.97,-1,cvat_keyframe
0,7,7,2,1.0,1254.22,335.42,1274.92,387.58,-1,cvat_keyframe
0,8,8,2,1.0,682.32,310.58,703.81,360.47,-1,cvat_keyframe
0,9,9,2,1.0,439.6,375.16,460.3,439.44,-1,cvat_keyframe
0,10,10,2,1.0,486.2,400.0,507.26,465.0,-1,cvat_keyframe
0,11,11,3,1.0,576.8,436.81,603.11,507.5,-1,cvat_keyframe
0,12,12,2,1.0,73.43,488.55,110.8,561.32,-1,cvat_keyframe
0,13,13,0,1.0,1255.93,381.95,1265.33,390.0,-1,cvat_keyframe
0,15,15,2,1.0,989.0,429.8,1019.2,505.09,-1,cvat_keyframe
1,0,0,2,1.0,1097.59,631.9,1131.72,725.36,-1,cvat_interp
1,1,1,2,1.0,652.17,494.94,678.57,567.33,-1,cvat_interp
1,2,2,2,1.0,808.27,403.17,830.28,468.6,-1,cvat_interp
1,3,3,2,1.0,891.8,408.18,913.23,473.36,-1,cvat_interp
1,4,4,2,1.0,1673.13,671.11,1724.58,774.02,-1,cvat_interp
1,5,5,2,1.0,1568.7,429.7,1598.9,496.09,-1,cvat_interp
1,6,6,1,1.0,1401.44,357.6,1422.89,413.77,-1,cvat_interp
1,7,7,2,1.0,1254.27,335.65,1275.31,388.27,-1,cvat_interp
1,8,8,2,1.0,681.87,311.16,703.35,361.04,-1,cvat_interp
1,9,9,2,1.0,438.83,375.54,461.32,439.83,-1,cvat_interp
1,10,10,2,1.0,485.69,400.38,508.02,465.39,-1,cvat_interp
1,11,11,3,1.0,577.18,437.32,603.5,508.01,-1,cvat_interp
1,12,12,2,1.0,73.44,488.68,110.67,562.08,-1,cvat_interp
1,13,13,0,1.0,1256.93,382.28,1266.26,390.32,-1,cvat_interp
1,15,15,2,1.0,989.78,430.69,1019.46,505.45,-1,cvat_interp
2,0,0,2,1.0,1096.86,632.08,1131.72,725.73,-1,cvat_interp
2,1,1,2,1.0,653.55,495.28,679.95,567.67,-1,cvat_interp
2,2,2,2,1.0,808.04,403.63,830.05,469.06,-1,cvat_interp
2,3,3,2,1.0,892.6,408.29,914.26,473.48,-1,cvat_interp
2,4,4,2,1.0,1675.53,671.26,1726.98,774.16,-1,cvat_interp
2,5,5,2,1.0,1568.7,429.7,1598.9,496.78,-1,cvat_interp
2,6,6,1,1.0,1401.78,358.2,1423.92,414.57,-1,cvat_interp
2,7,7,2,1.0,1254.31,335.88,1275.69,388.96,-1,cvat_interp
2,8,8,2,1.0,681.41,311.73,702.89,361.61,-1,cvat_interp
2,9,9,2,1.0,438.07,375.93,462.35,440.21,-1,cvat_interp
2,10,10,2,1.0,485.18,400.77,508.79,465.77,-1,cvat_interp
2,11,11,3,1.0,577.57,437.83,603.88,508.52,-1,cvat_interp
2,12,12,2,1.0,73.44,488.81,110.55,562.85,-1,cvat_interp
2,13,13,0,1.0,1257.94,382.6,1267.19,390.65,-1,cvat_interp
2,15,15,2,1.0,990.56,431.58,1019.72,505.82,-1,cvat_interp
3,0,0,2,1.0,1096.13,632.27,1131.72,726.09,-1,cvat_interp
3,1,1,2,1.0,654.92,495.62,681.32,568.01,-1,cvat_interp
3,2,2,2,1.0,807.81,404.09,829.82,469.52,-1,cvat_interp
3,3,3,2,1.0,893.4,408.4,915.29,473.59,-1,cvat_interp
3,4,4,2,1.0,1677.93,671.4,1729.38,774.3,-1,cvat_interp
3,5,5,2,1.0,1568.7,429.7,1598.9,497.47,-1,cvat_interp
3,6,6,1,1.0,1402.12,358.8,1424.95,415.37,-1,cvat_interp
3,7,7,2,1.0,1254.35,336.11,1276.07,389.65,-1,cvat_interp
3,8,8,2,1.0,680.95,312.3,702.43,362.19,-1,cvat_interp
3,9,9,2,1.0,437.3,376.31,463.37,440.59,-1,cvat_interp
3,10,10,2,1.0,484.67,401.15,509.55,466.15,-1,cvat_interp
3,11,11,3,1.0,577.95,438.34,604.26,509.03,-1,cvat_interp
3,12,12,2,1.0,73.45,488.93,110.42,563.61,-1,cvat_interp
3,13,13,0,1.0,1258.94,382.92,1268.11,390.97,-1,cvat_interp
3,15,15,2,1.0,991.34,432.47,1019.98,506.18,-1,cvat_interp
4,0,0,2,1.0,1095.39,632.45,1131.72,726.46,-1,cvat_interp
4,1,1,2,1.0,656.29,495.97,682.69,568.36,-1,cvat_interp
4,2,2,2,1.0,807.58,404.55,829.59,469.97,-1,cvat_interp
4,3,3,2,1.0,894.2,408.52,916.32,473.71,-1,cvat_interp
4,4,4,2,1.0,1680.34,671.54,1731.79,774.44,-1,cvat_interp
4,5,5,2,1.0,1568.7,429.7,1598.9,498.16,-1,cvat_interp
4,6,6,1,1.0,1402.46,359.4,1425.98,416.18,-1,cvat_interp
4,7,7,2,1.0,1254.39,336.34,1276.45,390.34,-1,cvat_interp
4,8,8,2,1.0,680.49,312.87,701.98,362.76,-1,cvat_interp
4,9,9,2,1.0,436.54,376.69,464.4,440.97,-1,cvat_interp
4,10,10,2,1.0,484.16,401.53,510.31,466.54,-1,cvat_interp
4,11,11,3,1.0,578.33,438.85,604.64,509.54,-1,cvat_interp
4,12,12,2,1.0,73.46,489.06,110.29,564.38,-1,cvat_interp
4,13,13,0,1.0,1259.94,383.25,1269.04,391.29,-1,cvat_interp
4,15,15,2,1.0,992.12,433.36,1020.24,506.55,-1,cvat_interp
5,0,0,2,1.0,1094.66,632.64,1131.72,726.82,-1,cvat_interp
5,1,1,2,1.0,657.67,496.31,684.07,568.7,-1,cvat_interp
5,2,2,2,1.0,807.36,405.0,829.36,470.43,-1,cvat_interp
5,3,3,2,1.0,895.01,408.63,917.35,473.82,-1,cvat_interp
5,4,4,2,1.0,1682.74,671.69,1734.19,774.59,-1,cvat_interp
5,5,5,2,1.0,1568.7,429.7,1598.9,498.85,-1,cvat_interp
5,6,6,1,1.0,1402.8,360.0,1427.01,416.98,-1,cvat_interp
5,7,7,2,1.0,1254.43,336.57,1276.83,391.04,-1,cvat_interp
5,8,8,2,1.0,680.04,313.45,701.52,363.33,-1,cvat_interp
5,9,9,2,1.0,435.77,377.08,465.42,441.36,-1,cvat_interp
5,10,10,2,1.0,483.65,401.91,511.08,466.92,-1,cvat_interp
5,11,11,3,1.0,578.71,439.36,605.03,510.05,-1,cvat_interp
5,12,12,2,1.0,73.46,489.19,110.16,565.14,-1,cvat_interp
5,13,13,0,1.0,1260.95,383.57,1269.97,391.61,-1,cvat_interp
5,15,15,2,1.0,992.9,434.25,1020.5,506.91,-1,cvat_interp
6,0,0,2,1.0,1093.93,632.82,1131.72,727.19,-1,cvat_interp
6,1,1,2,1.0,659.04,496.65,685.44,569.04,-1,cvat_interp
6,2,2,2,1.0,807.13,405.46,829.13,470.89,-1,cvat_interp
6,3,3,2,1.0,895.81,408.75,918.38,473.94,-1,cvat_interp
6,4,4,2,1.0,1685.15,671.83,1736.6,774.73,-1,cvat_interp
6,5,5,2,1.0,1568.7,429.7,1598.9,499.54,-1,cvat_interp
6,6,6,1,1.0,1403.14,360.6,1428.04,417.78,-1,cvat_keyframe
6,7,7,2,1.0,1254.48,336.8,1277.22,391.73,-1,cvat_interp
6,8,8,2,1.0,679.58,314.02,701.06,363.9,-1,cvat_interp
6,9,9,2,1.0,435.01,377.46,466.45,441.74,-1,cvat_interp
6,10,10,2,1.0,483.14,402.3,511.84,467.3,-1,cvat_interp
6,11,11,3,1.0,579.1,439.87,605.41,510.56,-1,cvat_interp
6,12,12,2,1.0,73.47,489.32,110.04,565.91,-1,cvat_interp
6,13,13,0,1.0,1261.95,383.89,1270.89,391.94,-1,cvat_interp
6,15,15,2,1.0,993.68,435.14,1020.76,507.28,-1,cvat_interp
7,0,0,2,1.0,1093.2,633.0,1131.72,727.55,-1,cvat_interp
7,1,1,2,1.0,660.42,497.0,686.82,569.39,-1,cvat_interp
7,2,2,2,1.0,806.9,405.92,828.9,471.35,-1,cvat_interp
7,3,3,2,1.0,896.61,408.86,919.41,474.05,-1,cvat_interp
7,4,4,2,1.0,1687.55,671.97,1739.0,774.87,-1,cvat_interp
7,5,5,2,1.0,1568.7,429.7,1598.9,500.23,-1,cvat_interp
7,6,6,1,1.0,1403.48,361.7,1429.07,418.58,-1,cvat_interp
7,7,7,2,1.0,1254.52,337.03,1277.6,392.42,-1,cvat_interp
7,8,8,2,1.0,679.12,314.59,700.6,364.48,-1,cvat_interp
7,9,9,2,1.0,434.24,377.84,467.47,442.12,-1,cvat_interp
7,10,10,2,1.0,482.63,402.68,512.61,467.68,-1,cvat_interp
7,11,11,3,1.0,579.48,440.38,605.79,511.07,-1,cvat_interp
7,12,12,2,1.0,73.48,489.44,109.91,566.68,-1,cvat_interp
7,13,13,0,1.0,1262.95,384.21,1271.82,392.26,-1,cvat_interp
7,15,15,2,1.0,994.46,436.03,1021.02,507.65,-1,cvat_interp
8,0,0,2,1.0,1092.46,633.19,1131.72,727.91,-1,cvat_interp
8,1,1,2,1.0,661.79,497.34,688.19,569.73,-1,cvat_interp
8,2,2,2,1.0,806.67,406.38,828.67,471.81,-1,cvat_interp
8,3,3,2,1.0,897.41,408.98,920.44,474.16,-1,cvat_interp
8,4,4,2,1.0,1689.96,672.12,1741.41,775.02,-1,cvat_interp
8,5,5,2,1.0,1568.7,429.7,1598.9,500.92,-1,cvat_interp
8,6,6,1,1.0,1403.82,362.81,1430.1,419.38,-1,cvat_interp
8,7,7,2,1.0,1254.56,337.27,1277.98,393.11,-1,cvat_interp
8,8,8,2,1.0,678.66,315.16,700.15,365.05,-1,cvat_interp
8,9,9,2,1.0,433.48,378.22,468.5,442.5,-1,cvat_interp
8,10,10,2,1.0,482.12,403.06,513.37,468.07,-1,cvat_interp
8,11,11,3,1.0,579.86,440.89,606.18,511.58,-1,cvat_interp
8,12,12,2,1.0,73.49,489.57,109.78,567.44,-1,cvat_interp
8,13,13,0,1.0,1263.96,384.54,1272.75,392.58,-1,cvat_interp
8,15,15,2,1.0,995.24,436.92,1021.28,508.01,-1,cvat_interp
9,0,0,2,1.0,1091.73,633.37,1131.72,728.28,-1,cvat_interp
9,1,1,2,1.0,663.16,497.68,689.56,570.07,-1,cvat_interp
9,2,2,2,1.0,806.44,406.84,828.45,472.26,-1,cvat_interp
9,3,3,2,1.0,898.21,409.09,921.47,474.28,-1,cvat_interp
9,4,4,2,1.0,1692.36,672.26,1743.81,775.16,-1,cvat_interp
9,5,5,2,1.0,1568.7,429.7,1598.9,501.61,-1,cvat_interp
9,6,6,1,1.0,1404.16,363.91,1431.13,420.18,-1,cvat_interp
9,7,7,2,1.0,1254.6,337.5,1278.36,393.8,-1,cvat_interp
9,8,8,2,1.0,678.2,315.73,699.69,365.62,-1,cvat_interp
9,9,9,2,1.0,432.71,378.61,469.52,442.89,-1,cvat_interp
9,10,10,2,1.0,481.61,403.44,514.14,468.45,-1,cvat_interp
9,11,11,3,1.0,580.24,441.4,606.56,512.09,-1,cvat_interp
9,12,12,2,1.0,73.49,489.7,109.65,568.21,-1,cvat_interp
9,13,13,0,1.0,1264.96,384.86,1273.67,392.91,-1,cvat_interp
9,15,15,2,1.0,996.02,437.81,1021.54,508.38,-1,cvat_interp
10,0,0,2,1.0,1091.0,633.56,1131.72,728.64,-1,cvat_keyframe
10,1,1,2,1.0,664.54,498.03,690.94,570.42,-1,cvat_keyframe
10,2,2,2,1.0,806.21,407.29,828.22,472.72,-1,cvat_keyframe
10,3,3,2,1.0,899.01,409.21,922.5,474.39,-1,cvat_keyframe
10,4,4,2,1.0,1694.76,672.4,1746.22,775.3,-1,cvat_keyframe
10,5,5,2,1.0,1568.7,429.7,1598.9,502.3,-1,cvat_keyframe
10,6,6,1,1.0,1404.5,365.01,1432.16,420.98,-1,cvat_keyframe
10,7,7,2,1.0,1254.64,337.73,1278.74,394.49,-1,cvat_keyframe
10,8,8,2,1.0,677.75,316.31,699.23,366.19,-1,cvat_keyframe
10,9,9,2,1.0,431.95,378.99,470.55,443.27,-1,cvat_keyframe
10,10,10,2,1.0,481.1,403.83,514.9,468.83,-1,cvat_keyframe
10,11,11,3,1.0,580.63,441.91,606.94,512.6,-1,cvat_keyframe
10,12,12,2,1.0,73.5,489.83,109.53,568.97,-1,cvat_keyframe
10,13,13,0,1.0,1265.96,385.18,1274.6,393.23,-1,cvat_keyframe
10,15,15,2,1.0,996.8,438.7,1021.8,508.74,-1,cvat_keyframe
11,0,0,2,1.0,1090.39,634.41,1131.12,728.64,-1,cvat_interp
11,1,1,2,1.0,665.22,498.03,691.62,570.42,-1,cvat_interp
11,2,2,2,1.0,804.72,407.56,827.99,472.98,-1,cvat_interp
11,3,3,2,1.0,899.38,409.46,922.87,474.65,-1,cvat_interp
11,4,4,2,1.0,1694.92,673.38,1746.37,775.76,-1,cvat_interp
11,5,5,2,1.0,1567.81,430.41,1598.01,502.58,-1,cvat_interp
11,6,6,1,1.0,1404.28,365.63,1431.94,421.6,-1,cvat_interp
11,7,7,2,1.0,1254.54,338.5,1278.44,394.79,-1,cvat_interp
11,8,8,2,1.0,677.04,316.23,698.52,366.12,-1,cvat_interp
11,9,9,2,1.0,431.34,379.47,469.22,443.75,-1,cvat_interp
11,10,10,2,1.0,480.14,404.31,513.94,469.31,-1,cvat_interp
11,11,11,3,1.0,580.76,442.6,607.36,513.29,-1,cvat_interp
11,12,12,2,1.0,73.74,489.95,109.77,569.09,-1,cvat_interp
11,13,13,0,1.0,1264.43,385.85,1273.07,393.9,-1,cvat_interp
11,15,15,2,1.0,996.8,439.53,1021.8,509.71,-1,cvat_interp
12,0,0,2,1.0,1089.79,635.27,1130.51,728.64,-1,cvat_interp
12,1,1,2,1.0,665.91,498.03,692.31,570.42,-1,cvat_interp
12,2,2,2,1.0,803.23,407.82,827.77,473.25,-1,cvat_interp
12,3,3,2,1.0,899.76,409.71,923.25,474.9,-1,cvat_interp
12,4,4,2,1.0,1695.07,674.36,1746.52,776.21,-1,cvat_interp
12,5,5,2,1.0,1566.92,431.12,1597.12,502.86,-1,cvat_interp
12,6,6,1,1.0,1404.05,366.24,1431.72,422.21,-1,cvat_interp
12,7,7,2,1.0,1254.43,339.28,1278.14,395.09,-1,cvat_interp
12,8,8,2,1.0,676.33,316.16,697.81,366.04,-1,cvat_interp
12,9,9,2,1.0,430.74,379.96,467.89,444.24,-1,cvat_interp
12,10,10,2,1.0,479.18,404.79,512.98,469.79,-1,cvat_interp
12,11,11,3,1.0,580.9,443.28,607.77,513.97,-1,cvat_interp
12,12,12,2,1.0,73.98,490.07,110.01,569.21,-1,cvat_interp
12,13,13,0,1.0,1262.9,386.52,1271.53,394.57,-1,cvat_interp
12,15,15,2,1.0,996.8,440.36,1021.8,510.67,-1,cvat_interp
13,0,0,2,1.0,1089.18,636.12,1129.9,728.64,-1,cvat_interp
13,1,1,2,1.0,666.59,498.03,692.99,570.42,-1,cvat_interp
13,2,2,2,1.0,801.74,408.08,827.55,473.51,-1,cvat_interp
13,3,3,2,1.0,900.13,409.96,923.62,475.15,-1,cvat_interp
13,4,4,2,1.0,1695.22,675.34,1746.67,776.67,-1,cvat_interp
13,5,5,2,1.0,1566.03,431.83,1596.23,503.14,-1,cvat_interp
13,6,6,1,1.0,1403.83,366.85,1431.49,422.82,-1,cvat_interp
13,7,7,2,1.0,1254.32,340.06,1277.84,395.39,-1,cvat_interp
13,8,8,2,1.0,675.62,316.08,697.1,365.97,-1,cvat_interp
13,9,9,2,1.0,430.13,380.44,466.56,444.72,-1,cvat_interp
13,10,10,2,1.0,478.22,405.27,512.02,470.27,-1,cvat_interp
13,11,11,3,1.0,581.04,443.97,608.19,514.66,-1,cvat_interp
13,12,12,2,1.0,74.23,490.19,110.25,569.33,-1,cvat_interp
13,13,13,0,1.0,1261.37,387.19,1270.0,395.24,-1,cvat_interp
13,15,15,2,1.0,996.8,441.19,1021.8,511.64,-1,cvat_interp
14,0,0,2,1.0,1088.58,636.97,1129.3,728.64,-1,cvat_interp
14,1,1,2,1.0,667.28,498.03,693.68,570.42,-1,cvat_interp
14,2,2,2,1.0,800.25,408.34,827.33,473.77,-1,cvat_interp
14,3,3,2,1.0,900.5,410.22,923.99,475.41,-1,cvat_interp
14,4,4,2,1.0,1695.37,676.32,1746.82,777.12,-1,cvat_interp
14,5,5,2,1.0,1565.13,432.54,1595.33,503.41,-1,cvat_interp
14,6,6,1,1.0,1403.61,367.46,1431.27,423.43,-1,cvat_interp
14,7,7,2,1.0,1254.21,340.84,1277.54,395.69,-1,cvat_interp
14,8,8,2,1.0,674.91,316.01,696.39,365.89,-1,cvat_interp
14,9,9,2,1.0,429.53,380.92,465.23,445.2,-1,cvat_interp
14,10,10,2,1.0,477.26,405.75,511.06,470.75,-1,cvat_interp
14,11,11,3,1.0,581.18,444.66,608.6,515.34,-1,cvat_interp
14,12,12,2,1.0,74.47,490.31,110.49,569.46,-1,cvat_interp
14,13,13,0,1.0,1259.83,387.86,1268.47,395.91,-1,cvat_interp
14,15,15,2,1.0,996.8,442.02,1021.8,512.61,-1,cvat_interp
15,0,0,2,1.0,1087.97,637.83,1128.69,728.64,-1,cvat_interp
15,1,1,2,1.0,667.96,498.03,694.36,570.42,-1,cvat_interp
15,2,2,2,1.0,798.76,408.6,827.11,474.03,-1,cvat_interp
15,3,3,2,1.0,900.88,410.47,924.37,475.66,-1,cvat_interp
15,4,4,2,1.0,1695.52,677.3,1746.97,777.58,-1,cvat_interp
15,5,5,2,1.0,1564.24,433.25,1594.44,503.69,-1,cvat_interp
15,6,6,1,1.0,1403.39,368.08,1431.05,424.05,-1,cvat_interp
15,7,7,2,1.0,1254.1,341.61,1277.23,396.0,-1,cvat_interp
15,8,8,2,1.0,674.2,315.93,695.68,365.82,-1,cvat_interp
15,9,9,2,1.0,428.92,381.41,463.9,445.69,-1,cvat_interp
15,10,10,2,1.0,476.3,406.23,510.1,471.23,-1,cvat_interp
15,11,11,3,1.0,581.31,445.34,609.02,516.03,-1,cvat_interp
15,12,12,2,1.0,74.71,490.43,110.73,569.58,-1,cvat_interp
15,13,13,0,1.0,1258.3,388.53,1266.94,396.57,-1,cvat_interp
15,15,15,2,1.0,996.8,442.85,1021.8,513.57,-1,cvat_interp
16,0,0,2,1.0,1087.36,638.68,1128.09,728.64,-1,cvat_interp
16,1,1,2,1.0,668.65,498.03,695.05,570.42,-1,cvat_interp
16,2,2,2,1.0,797.26,408.86,826.89,474.29,-1,cvat_interp
16,3,3,2,1.0,901.25,410.72,924.74,475.91,-1,cvat_interp
16,4,4,2,1.0,1695.67,678.28,1747.12,778.03,-1,cvat_interp
16,5,5,2,1.0,1563.35,433.96,1593.55,503.97,-1,cvat_interp
16,6,6,1,1.0,1403.16,368.69,1430.83,424.66,-1,cvat_interp
16,7,7,2,1.0,1254.0,342.39,1276.93,396.3,-1,cvat_interp
16,8,8,2,1.0,673.49,315.86,694.97,365.74,-1,cvat_interp
16,9,9,2,1.0,428.32,381.89,462.57,446.17,-1,cvat_interp
16,10,10,2,1.0,475.34,406.71,509.14,471.71,-1,cvat_interp
16,11,11,3,1.0,581.45,446.03,609.44,516.72,-1,cvat_interp
16,12,12,2,1.0,74.95,490.55,110.98,569.7,-1,cvat_interp
16,13,13,0,1.0,1256.77,389.2,1265.4,397.24,-1,cvat_interp
16,15,15,2,1.0,996.8,443.68,1021.8,514.54,-1,cvat_interp
17,0,0,2,1.0,1086.76,639.54,1127.48,728.64,-1,cvat_interp
17,1,1,2,1.0,669.33,498.03,695.73,570.42,-1,cvat_interp
17,2,2,2,1.0,795.77,409.12,826.66,474.55,-1,cvat_interp
17,3,3,2,1.0,901.62,410.98,925.11,476.16,-1,cvat_interp
17,4,4,2,1.0,1695.82,679.26,1747.28,778.49,-1,cvat_interp
17,5,5,2,1.0,1562.46,434.67,1592.66,504.25,-1,cvat_interp
17,6,6,1,1.0,1402.94,369.3,1430.6,425.27,-1,cvat_interp
17,7,7,2,1.0,1253.89,343.17,1276.63,396.6,-1,cvat_interp
17,8,8,2,1.0,672.78,315.78,694.27,365.67,-1,cvat_interp
17,9,9,2,1.0,427.71,382.37,461.24,446.65,-1,cvat_interp
17,10,10,2,1.0,474.38,407.19,508.18,472.19,-1,cvat_interp
17,11,11,3,1.0,581.59,446.71,609.85,517.4,-1,cvat_interp
17,12,12,2,1.0,75.19,490.67,111.22,569.82,-1,cvat_interp
17,13,13,0,1.0,1255.24,389.87,1263.87,397.91,-1,cvat_interp
17,15,15,2,1.0,996.8,444.52,1021.8,515.5,-1,cvat_interp
18,0,0,2,1.0,1086.15,640.39,1126.87,728.64,-1,cvat_interp
18,1,1,2,1.0,670.02,498.03,696.42,570.42,-1,cvat_interp
18,2,2,2,1.0,794.28,409.38,826.44,474.81,-1,cvat_interp
18,3,3,2,1.0,902.0,411.23,925.49,476.42,-1,cvat_interp
18,4,4,2,1.0,1695.98,680.24,1747.43,778.94,-1,cvat_interp
18,5,5,2,1.0,1561.57,435.38,1591.77,504.53,-1,cvat_interp
18,6,6,1,1.0,1402.72,369.92,1430.38,425.89,-1,cvat_interp
18,7,7,2,1.0,1253.78,343.95,1276.33,396.9,-1,cvat_interp
18,8,8,2,1.0,672.07,315.71,693.56,365.59,-1,cvat_interp
18,9,9,2,1.0,427.11,382.85,459.92,447.14,-1,cvat_interp
18,10,10,2,1.0,473.42,407.67,507.22,472.67,-1,cvat_interp
18,11,11,3,1.0,581.72,447.4,610.27,518.09,-1,cvat_interp
18,12,12,2,1.0,75.43,490.79,111.46,569.94,-1,cvat_interp
18,13,13,0,1.0,1253.7,390.54,1262.34,398.58,-1,cvat_interp
18,15,15,2,1.0,996.8,445.35,1021.8,516.47,-1,cvat_interp
19,0,0,2,1.0,1085.54,641.25,1126.27,728.64,-1,cvat_interp
19,1,1,2,1.0,670.71,498.03,697.11,570.42,-1,cvat_interp
19,2,2,2,1.0,792.79,409.65,826.22,475.07,-1,cvat_interp
19,3,3,2,1.0,902.37,411.48,925.86,476.67,-1,cvat_interp
19,4,4,2,1.0,1696.13,681.22,1747.58,779.4,-1,cvat_interp
19,5,5,2,1.0,1560.68,436.09,1590.88,504.81,-1,cvat_interp
19,6,6,1,1.0,1402.49,370.53,1430.16,426.5,-1,cvat_interp
19,7,7,2,1.0,1253.67,344.72,1276.02,397.2,-1,cvat_interp
19,8,8,2,1.0,671.36,315.63,692.85,365.52,-1,cvat_interp
19,9,9,2,1.0,426.5,383.34,458.59,447.62,-1,cvat_interp
19,10,10,2,1.0,472.46,408.15,506.26,473.15,-1,cvat_interp
19,11,11,3,1.0,581.86,448.08,610.68,518.77,-1,cvat_interp
19,12,12,2,1.0,75.68,490.91,111.7,570.06,-1,cvat_interp
19,13,13,0,1.0,1252.17,391.2,1260.81,399.25,-1,cvat_interp
19,15,15,2,1.0,996.8,446.18,1021.8,517.43,-1,cvat_interp
20,0,0,2,1.0,1084.94,642.1,1125.66,728.64,-1,cvat_keyframe
20,1,1,2,1.0,671.39,498.03,697.79,570.42,-1,cvat_keyframe
20,2,2,2,1.0,791.3,409.91,826.0,475.34,-1,cvat_keyframe
20,3,3,2,1.0,902.74,411.74,926.23,476.92,-1,cvat_keyframe
20,4,4,2,1.0,1696.28,682.2,1747.73,779.85,-1,cvat_keyframe
20,5,5,2,1.0,1559.79,436.8,1589.98,505.09,-1,cvat_keyframe
20,6,6,1,1.0,1402.27,371.14,1429.93,427.11,-1,cvat_keyframe
20,7,7,2,1.0,1253.57,345.5,1275.72,397.5,-1,cvat_keyframe
20,8,8,2,1.0,670.65,315.56,692.14,365.45,-1,cvat_keyframe
20,9,9,2,1.0,425.9,383.82,457.26,448.1,-1,cvat_keyframe
20,10,10,2,1.0,471.5,408.62,505.3,473.63,-1,cvat_keyframe
20,11,11,3,1.0,582.0,448.77,611.1,519.46,-1,cvat_keyframe
20,12,12,2,1.0,75.92,491.04,111.94,570.18,-1,cvat_keyframe
20,13,13,0,1.0,1250.64,391.87,1259.27,399.92,-1,cvat_keyframe
20,15,15,2,1.0,996.8,447.01,1021.8,518.4,-1,cvat_keyframe
21,0,0,2,1.0,1083.4,642.44,1124.12,729.61,-1,cvat_interp
21,1,1,2,1.0,671.9,498.54,698.3,570.93,-1,cvat_interp
21,2,2,2,1.0,790.85,410.47,824.02,475.9,-1,cvat_interp
21,3,3,2,1.0,902.69,412.13,926.18,477.32,-1,cvat_interp
21,4,4,2,1.0,1697.3,682.19,1748.75,780.36,-1,cvat_interp
21,5,5,2,1.0,1558.52,437.51,1588.72,506.23,-1,cvat_interp
21,6,6,1,1.0,1401.54,371.91,1429.2,428.07,-1,cvat_interp
21,7,7,2,1.0,1252.47,346.45,1274.63,398.45,-1,cvat_interp
21,8,8,2,1.0,669.76,316.82,691.25,366.7,-1,cvat_interp
21,9,9,2,1.0,425.0,384.75,456.36,448.49,-1,cvat_interp
21,10,10,2,1.0,470.73,409.52,504.54,474.53,-1,cvat_interp
21,11,11,3,1.0,581.61,449.15,610.72,519.84,-1,cvat_interp
21,12,12,2,1.0,75.92,491.74,111.94,570.88,-1,cvat_interp
21,13,13,0,1.0,1248.92,392.79,1257.55,400.78,-1,cvat_interp
21,15,15,2,1.0,996.16,448.05,1021.16,519.44,-1,cvat_interp
22,0,0,2,1.0,1081.87,642.78,1122.59,730.59,-1,cvat_interp
22,1,1,2,1.0,672.41,499.05,698.81,571.44,-1,cvat_interp
22,2,2,2,1.0,790.4,411.04,822.04,476.47,-1,cvat_interp
22,3,3,2,1.0,902.63,412.53,926.12,477.71,-1,cvat_interp
22,4,4,2,1.0,1698.33,682.17,1749.78,780.88,-1,cvat_interp
22,5,5,2,1.0,1557.25,438.22,1587.45,507.37,-1,cvat_interp
22,6,6,1,1.0,1400.8,372.67,1428.47,429.03,-1,cvat_interp
22,7,7,2,1.0,1251.38,347.4,1273.54,399.4,-1,cvat_interp
22,8,8,2,1.0,668.87,318.07,690.35,367.96,-1,cvat_interp
22,9,9,2,1.0,424.11,385.68,455.47,448.87,-1,cvat_interp
22,10,10,2,1.0,469.97,410.42,503.77,475.42,-1,cvat_interp
22,11,11,3,1.0,581.23,449.54,610.33,520.23,-1,cvat_interp
22,12,12,2,1.0,75.92,492.44,111.94,571.58,-1,cvat_interp
22,13,13,0,1.0,1247.2,393.7,1255.83,401.64,-1,cvat_interp
22,15,15,2,1.0,995.52,449.09,1020.52,520.48,-1,cvat_interp
23,0,0,2,1.0,1080.33,643.12,1121.05,731.56,-1,cvat_interp
23,1,1,2,1.0,672.93,499.56,699.33,571.95,-1,cvat_interp
23,2,2,2,1.0,789.95,411.6,820.06,477.03,-1,cvat_interp
23,3,3,2,1.0,902.57,412.92,926.06,478.11,-1,cvat_interp
23,4,4,2,1.0,1699.35,682.16,1750.8,781.39,-1,cvat_interp
23,5,5,2,1.0,1555.98,438.93,1586.18,508.51,-1,cvat_interp
23,6,6,1,1.0,1400.07,373.44,1427.73,429.99,-1,cvat_interp
23,7,7,2,1.0,1250.29,348.35,1272.44,400.35,-1,cvat_interp
23,8,8,2,1.0,667.98,319.33,689.46,369.22,-1,cvat_interp
23,9,9,2,1.0,423.21,386.6,454.57,449.25,-1,cvat_interp
23,10,10,2,1.0,469.2,411.31,503.0,476.32,-1,cvat_interp
23,11,11,3,1.0,580.85,449.92,609.95,520.61,-1,cvat_interp
23,12,12,2,1.0,75.92,493.14,111.94,572.29,-1,cvat_interp
23,13,13,0,1.0,1245.48,394.61,1254.11,402.5,-1,cvat_interp
23,15,15,2,1.0,994.88,450.13,1019.88,521.52,-1,cvat_interp
24,0,0,2,1.0,1078.79,643.46,1119.52,732.53,-1,cvat_interp
24,1,1,2,1.0,673.44,500.07,699.84,572.46,-1,cvat_interp
24,2,2,2,1.0,789.5,412.17,818.08,477.59,-1,cvat_interp
24,3,3,2,1.0,902.52,413.32,926.01,478.5,-1,cvat_interp
24,4,4,2,1.0,1700.37,682.15,1751.83,781.9,-1,cvat_interp
24,5,5,2,1.0,1554.71,439.65,1584.91,509.66,-1,cvat_interp
24,6,6,1,1.0,1399.33,374.2,1427.0,430.95,-1,cvat_interp
24,7,7,2,1.0,1249.19,349.3,1271.35,401.3,-1,cvat_interp
24,8,8,2,1.0,667.09,320.59,688.57,370.48,-1,cvat_interp
24,9,9,2,1.0,422.32,387.53,453.67,449.64,-1,cvat_interp
24,10,10,2,1.0,468.43,412.21,502.23,477.21,-1,cvat_interp
24,11,11,3,1.0,580.46,450.3,609.56,520.99,-1,cvat_interp
24,12,12,2,1.0,75.92,493.84,111.94,572.99,-1,cvat_interp
24,13,13,0,1.0,1243.76,395.52,1252.39,403.36,-1,cvat_interp
24,15,15,2,1.0,994.24,451.17,1019.24,522.56,-1,cvat_interp
25,0,0,2,1.0,1077.26,643.8,1117.98,733.5,-1,cvat_interp
25,1,1,2,1.0,673.95,500.59,700.35,572.98,-1,cvat_interp
25,2,2,2,1.0,789.05,412.73,816.1,478.16,-1,cvat_interp
25,3,3,2,1.0,902.46,413.71,925.95,478.9,-1,cvat_interp
25,4,4,2,1.0,1701.4,682.13,1752.85,782.41,-1,cvat_interp
25,5,5,2,1.0,1553.44,440.36,1583.64,510.8,-1,cvat_interp
25,6,6,1,1.0,1398.6,374.97,1426.26,431.91,-1,cvat_interp
25,7,7,2,1.0,1248.1,350.25,1270.26,402.25,-1,cvat_interp
25,8,8,2,1.0,666.19,321.85,687.68,371.73,-1,cvat_interp
25,9,9,2,1.0,421.42,388.46,452.78,450.02,-1,cvat_interp
25,10,10,2,1.0,467.66,413.1,501.46,478.11,-1,cvat_interp
25,11,11,3,1.0,580.08,450.69,609.18,521.38,-1,cvat_interp
25,12,12,2,1.0,75.92,494.55,111.94,573.69,-1,cvat_interp
25,13,13,0,1.0,1242.04,396.44,1250.67,404.22,-1,cvat_interp
25,15,15,2,1.0,993.6,452.21,1018.6,523.61,-1,cvat_interp
26,0,0,2,1.0,1075.72,644.14,1116.45,734.47,-1,cvat_interp
26,1,1,2,1.0,674.46,501.1,700.86,573.49,-1,cvat_interp
26,2,2,2,1.0,788.6,413.3,814.12,478.72,-1,cvat_interp
26,3,3,2,1.0,902.4,414.11,925.89,479.29,-1,cvat_interp
26,4,4,2,1.0,1702.42,682.12,1753.87,782.92,-1,cvat_interp
26,5,5,2,1.0,1552.17,441.07,1582.37,511.94,-1,cvat_interp
26,6,6,1,1.0,1397.87,375.74,1425.53,432.87,-1,cvat_interp
26,7,7,2,1.0,1247.01,351.2,1269.16,403.2,-1,cvat_interp
26,8,8,2,1.0,665.3,323.1,686.78,372.99,-1,cvat_interp
26,9,9,2,1.0,420.52,389.39,451.88,450.41,-1,cvat_interp
26,10,10,2,1.0,466.89,414.0,500.7,479.0,-1,cvat_interp
26,11,11,3,1.0,579.69,451.07,608.8,521.76,-1,cvat_interp
26,12,12,2,1.0,75.92,495.25,111.94,574.39,-1,cvat_interp
26,13,13,0,1.0,1240.32,397.35,1248.95,405.08,-1,cvat_interp
26,15,15,2,1.0,992.96,453.25,1017.96,524.65,-1,cvat_interp
27,0,0,2,1.0,1074.19,644.48,1114.91,735.45,-1,cvat_interp
27,1,1,2,1.0,674.97,501.61,701.37,574.0,-1,cvat_interp
27,2,2,2,1.0,788.15,413.86,812.14,479.29,-1,cvat_interp
27,3,3,2,1.0,902.35,414.5,925.84,479.69,-1,cvat_interp
27,4,4,2,1.0,1703.45,682.11,1754.9,783.43,-1,cvat_interp
27,5,5,2,1.0,1550.9,441.78,1581.1,513.09,-1,cvat_interp
27,6,6,1,1.0,1397.13,376.5,1424.79,433.83,-1,cvat_interp
27,7,7,2,1.0,1245.92,352.14,1268.07,404.14,-1,cvat_interp
27,8,8,2,1.0,664.41,324.36,685.89,374.25,-1,cvat_interp
27,9,9,2,1.0,419.63,390.32,450.99,450.79,-1,cvat_interp
27,10,10,2,1.0,466.13,414.9,499.93,479.9,-1,cvat_interp
27,11,11,3,1.0,579.31,451.46,608.41,522.14,-1,cvat_interp
27,12,12,2,1.0,75.92,495.95,111.94,575.1,-1,cvat_interp
27,13,13,0,1.0,1238.6,398.26,1247.23,405.94,-1,cvat_interp
27,15,15,2,1.0,992.31,454.3,1017.31,525.69,-1,cvat_interp
28,0,0,2,1.0,1072.65,644.82,1113.37,736.42,-1,cvat_interp
28,1,1,2,1.0,675.49,502.12,701.89,574.51,-1,cvat_interp
28,2,2,2,1.0,787.7,414.43,810.16,479.85,-1,cvat_interp
28,3,3,2,1.0,902.29,414.9,925.78,480.09,-1,cvat_interp
28,4,4,2,1.0,1704.47,682.09,1755.92,783.95,-1,cvat_interp
28,5,5,2,1.0,1549.63,442.49,1579.83,514.23,-1,cvat_interp
28,6,6,1,1.0,1396.4,377.27,1424.06,434.79,-1,cvat_interp
28,7,7,2,1.0,1244.82,353.09,1266.98,405.09,-1,cvat_interp
28,8,8,2,1.0,663.52,325.62,685.0,375.51,-1,cvat_interp
28,9,9,2,1.0,418.73,391.24,450.09,451.17,-1,cvat_interp
28,10,10,2,1.0,465.36,415.79,499.16,480.8,-1,cvat_interp
28,11,11,3,1.0,578.93,451.84,608.03,522.53,-1,cvat_interp
28,12,12,2,1.0,75.92,496.65,111.94,575.8,-1,cvat_interp
28,13,13,0,1.0,1236.88,399.18,1245.51,406.8,-1,cvat_interp
28,15,15,2,1.0,991.67,455.34,1016.67,526.73,-1,cvat_interp
29,0,0,2,1.0,1071.11,645.16,1111.84,737.39,-1,cvat_interp
29,1,1,2,1.0,676.0,502.63,702.4,575.02,-1,cvat_interp
29,2,2,2,1.0,787.25,414.99,808.18,480.42,-1,cvat_interp
29,3,3,2,1.0,902.24,415.29,925.72,480.48,-1,cvat_interp
29,4,4,2,1.0,1705.49,682.08,1756.94,784.46,-1,cvat_interp
29,5,5,2,1.0,1548.36,443.2,1578.56,515.37,-1,cvat_interp
29,6,6,1,1.0,1395.66,378.03,1423.33,435.75,-1,cvat_interp
29,7,7,2,1.0,1243.73,354.04,1265.89,406.04,-1,cvat_interp
29,8,8,2,1.0,662.62,326.88,684.11,376.76,-1,cvat_interp
29,9,9,2,1.0,417.84,392.17,449.19,451.56,-1,cvat_interp
29,10,10,2,1.0,464.59,416.69,498.39,481.69,-1,cvat_interp
29,11,11,3,1.0,578.54,452.22,607.64,522.91,-1,cvat_interp
29,12,12,2,1.0,75.92,497.36,111.94,576.5,-1,cvat_interp
29,13,13,0,1.0,1235.16,400.09,1243.79,407.66,-1,cvat_interp
29,15,15,2,1.0,991.03,456.38,1016.03,527.77,-1,cvat_interp
30,0,0,2,1.0,1069.58,645.5,1110.3,738.36,-1,cvat_keyframe
30,1,1,2,1.0,676.51,503.15,702.91,575.54,-1,cvat_keyframe
30,2,2,2,1.0,786.8,415.55,806.2,480.98,-1,cvat_keyframe
30,3,3,2,1.0,902.18,415.69,925.67,480.88,-1,cvat_keyframe
30,4,4,2,1.0,1706.52,682.07,1757.97,784.97,-1,cvat_keyframe
30,5,5,2,1.0,1547.09,443.92,1577.29,516.51,-1,cvat_keyframe
30,6,6,1,1.0,1394.93,378.8,1422.59,436.71,-1,cvat_keyframe
30,7,7,2,1.0,1242.64,354.99,1264.79,406.99,-1,cvat_keyframe
30,8,8,2,1.0,661.73,328.13,683.22,378.02,-1,cvat_keyframe
30,9,9,2,1.0,416.94,393.1,448.3,451.94,-1,cvat_keyframe
30,10,10,2,1.0,463.82,417.58,497.62,482.59,-1,cvat_keyframe
30,11,11,3,1.0,578.16,452.61,607.26,523.3,-1,cvat_keyframe
30,12,12,2,1.0,75.92,498.06,111.94,577.2,-1,cvat_keyframe
30,13,13,0,1.0,1233.44,401.0,1242.07,408.52,-1,cvat_keyframe
30,15,15,2,1.0,990.39,457.42,1015.39,528.81,-1,cvat_keyframe
31,0,0,2,1.0,1068.77,645.59,1109.49,738.33,-1,cvat_interp
31,1,1,2,1.0,677.22,503.15,703.62,575.54,-1,cvat_interp
31,2,2,2,1.0,785.07,416.18,806.28,481.61,-1,cvat_interp
31,3,3,2,1.0,901.71,415.92,925.19,481.11,-1,cvat_interp
31,4,4,2,1.0,1706.86,682.67,1758.31,785.4,-1,cvat_interp
31,5,5,2,1.0,1546.26,444.34,1575.45,516.94,-1,cvat_interp
31,6,6,1,1.0,1393.65,379.5,1421.31,437.22,-1,cvat_interp
31,7,7,2,1.0,1241.08,355.65,1263.24,407.65,-1,cvat_interp
31,8,8,2,1.0,661.3,328.63,682.79,378.07,-1,cvat_interp
31,9,9,2,1.0,416.15,393.86,447.51,452.65,-1,cvat_interp
31,10,10,2,1.0,463.35,418.37,496.84,483.37,-1,cvat_interp
31,11,11,3,1.0,577.53,453.4,606.63,524.08,-1,cvat_interp
31,12,12,2,1.0,76.07,498.78,112.1,577.2,-1,cvat_interp
31,13,13,0,1.0,1231.84,401.38,1240.6,409.11,-1,cvat_interp
31,15,15,2,1.0,989.89,458.33,1014.89,529.26,-1,cvat_interp
32,0,0,2,1.0,1067.96,645.68,1108.68,738.29,-1,cvat_interp
32,1,1,2,1.0,677.93,503.15,704.33,575.54,-1,cvat_interp
32,2,2,2,1.0,783.34,416.81,806.36,482.24,-1,cvat_interp
32,3,3,2,1.0,901.23,416.16,924.72,481.35,-1,cvat_interp
32,4,4,2,1.0,1707.21,683.28,1758.66,785.84,-1,cvat_interp
32,5,5,2,1.0,1545.43,444.77,1573.61,517.37,-1,cvat_interp
32,6,6,1,1.0,1392.37,380.2,1420.03,437.73,-1,cvat_interp
32,7,7,2,1.0,1239.53,356.3,1261.68,408.3,-1,cvat_interp
32,8,8,2,1.0,660.87,329.13,682.35,378.12,-1,cvat_interp
32,9,9,2,1.0,415.37,394.62,446.73,453.36,-1,cvat_interp
32,10,10,2,1.0,462.88,419.16,496.06,484.16,-1,cvat_interp
32,11,11,3,1.0,576.9,454.18,606.0,524.87,-1,cvat_interp
32,12,12,2,1.0,76.23,499.51,112.26,577.2,-1,cvat_interp
32,13,13,0,1.0,1230.24,401.76,1239.12,409.7,-1,cvat_interp
32,15,15,2,1.0,989.38,459.23,1014.38,529.71,-1,cvat_interp
33,0,0,2,1.0,1067.15,645.77,1107.87,738.25,-1,cvat_interp
33,1,1,2,1.0,678.63,503.15,705.03,575.54,-1,cvat_interp
33,2,2,2,1.0,781.61,417.44,806.44,482.87,-1,cvat_interp
33,3,3,2,1.0,900.76,416.4,924.25,481.58,-1,cvat_interp
33,4,4,2,1.0,1707.55,683.89,1759.01,786.27,-1,cvat_interp
33,5,5,2,1.0,1544.6,445.2,1571.77,517.8,-1,cvat_interp
33,6,6,1,1.0,1391.09,380.9,1418.75,438.23,-1,cvat_interp
33,7,7,2,1.0,1237.97,356.96,1260.13,408.96,-1,cvat_interp
33,8,8,2,1.0,660.44,329.63,681.92,378.17,-1,cvat_interp
33,9,9,2,1.0,414.58,395.38,445.94,454.07,-1,cvat_interp
33,10,10,2,1.0,462.41,419.94,495.28,484.95,-1,cvat_interp
33,11,11,3,1.0,576.27,454.97,605.37,525.66,-1,cvat_interp
33,12,12,2,1.0,76.39,500.23,112.41,577.2,-1,cvat_interp
33,13,13,0,1.0,1228.64,402.14,1237.64,410.28,-1,cvat_interp
33,15,15,2,1.0,988.87,460.14,1013.87,530.16,-1,cvat_interp
34,0,0,2,1.0,1066.33,645.86,1107.06,738.21,-1,cvat_interp
34,1,1,2,1.0,679.34,503.15,705.74,575.54,-1,cvat_interp
34,2,2,2,1.0,779.88,418.07,806.52,483.5,-1,cvat_interp
34,3,3,2,1.0,900.29,416.63,923.78,481.82,-1,cvat_interp
34,4,4,2,1.0,1707.9,684.49,1759.35,786.71,-1,cvat_interp
34,5,5,2,1.0,1543.77,445.62,1569.93,518.22,-1,cvat_interp
34,6,6,1,1.0,1389.81,381.6,1417.47,438.74,-1,cvat_interp
34,7,7,2,1.0,1236.41,357.61,1258.57,409.61,-1,cvat_interp
34,8,8,2,1.0,660.01,330.13,681.49,378.22,-1,cvat_interp
34,9,9,2,1.0,413.79,396.14,445.15,454.77,-1,cvat_interp
34,10,10,2,1.0,461.93,420.73,494.49,485.74,-1,cvat_interp
34,11,11,3,1.0,575.64,455.76,604.74,526.44,-1,cvat_interp
34,12,12,2,1.0,76.55,500.95,112.57,577.2,-1,cvat_interp
34,13,13,0,1.0,1227.04,402.53,1236.16,410.87,-1,cvat_interp
34,15,15,2,1.0,988.36,461.05,1013.36,530.61,-1,cvat_interp
35,0,0,2,1.0,1065.52,645.95,1106.25,738.17,-1,cvat_interp
35,1,1,2,1.0,680.05,503.15,706.45,575.54,-1,cvat_interp
35,2,2,2,1.0,778.15,418.7,806.6,484.13,-1,cvat_interp
35,3,3,2,1.0,899.82,416.87,923.31,482.06,-1,cvat_interp
35,4,4,2,1.0,1708.25,685.1,1759.7,787.14,-1,cvat_interp
35,5,5,2,1.0,1542.94,446.05,1568.09,518.65,-1,cvat_interp
35,6,6,1,1.0,1388.53,382.31,1416.19,439.25,-1,cvat_interp
35,7,7,2,1.0,1234.86,358.26,1257.01,410.26,-1,cvat_interp
35,8,8,2,1.0,659.58,330.63,681.06,378.27,-1,cvat_interp
35,9,9,2,1.0,413.01,396.9,444.37,455.48,-1,cvat_interp
35,10,10,2,1.0,461.46,421.52,493.71,486.52,-1,cvat_interp
35,11,11,3,1.0,575.01,456.54,604.11,527.23,-1,cvat_interp
35,12,12,2,1.0,76.7,501.68,112.73,577.2,-1,cvat_interp
35,13,13,0,1.0,1225.44,402.91,1234.69,411.46,-1,cvat_interp
35,15,15,2,1.0,987.86,461.96,1012.86,531.06,-1,cvat_interp
36,0,0,2,1.0,1064.71,646.04,1105.44,738.13,-1,cvat_interp
36,1,1,2,1.0,680.76,503.15,707.16,575.54,-1,cvat_interp
36,2,2,2,1.0,776.41,419.33,806.68,484.76,-1,cvat_interp
36,3,3,2,1.0,899.35,417.1,922.83,482.29,-1,cvat_interp
36,4,4,2,1.0,1708.59,685.71,1760.04,787.57,-1,cvat_interp
36,5,5,2,1.0,1542.11,446.48,1566.25,519.08,-1,cvat_interp
36,6,6,1,1.0,1387.25,383.01,1414.91,439.75,-1,cvat_interp
36,7,7,2,1.0,1233.3,358.92,1255.46,410.92,-1,cvat_interp
36,8,8,2,1.0,659.15,331.13,680.63,378.31,-1,cvat_interp
36,9,9,2,1.0,412.22,397.66,443.58,456.19,-1,cvat_interp
36,10,10,2,1.0,460.99,422.3,492.93,487.31,-1,cvat_interp
36,11,11,3,1.0,574.38,457.33,603.48,528.02,-1,cvat_interp
36,12,12,2,1.0,76.86,502.4,112.89,577.2,-1,cvat_interp
36,13,13,0,1.0,1223.84,403.29,1233.21,412.05,-1,cvat_interp
36,15,15,2,1.0,987.35,462.87,1012.35,531.5,-1,cvat_interp
37,0,0,2,1.0,1063.9,646.13,1104.62,738.1,-1,cvat_interp
37,1,1,2,1.0,681.47,503.15,707.87,575.54,-1,cvat_interp
37,2,2,2,1.0,774.68,419.96,806.76,485.39,-1,cvat_interp
37,3,3,2,1.0,898.87,417.34,922.36,482.53,-1,cvat_interp
37,4,4,2,1.0,1708.94,686.31,1760.39,788.01,-1,cvat_interp
37,5,5,2,1.0,1541.29,446.9,1564.42,519.5,-1,cvat_interp
37,6,6,1,1.0,1385.97,383.71,1413.63,440.26,-1,cvat_interp
37,7,7,2,1.0,1231.75,359.57,1253.9,411.57,-1,cvat_interp
37,8,8,2,1.0,658.72,331.63,680.2,378.36,-1,cvat_interp
37,9,9,2,1.0,411.43,398.42,442.79,456.9,-1,cvat_interp
37,10,10,2,1.0,460.52,423.09,492.15,488.1,-1,cvat_interp
37,11,11,3,1.0,573.75,458.12,602.85,528.8,-1,cvat_interp
37,12,12,2,1.0,77.02,503.13,113.04,577.2,-1,cvat_interp
37,13,13,0,1.0,1222.25,403.67,1231.73,412.64,-1,cvat_interp
37,15,15,2,1.0,986.84,463.77,1011.84,531.95,-1,cvat_interp
38,0,0,2,1.0,1063.09,646.22,1103.81,738.06,-1,cvat_interp
38,1,1,2,1.0,682.17,503.15,708.57,575.54,-1,cvat_interp
38,2,2,2,1.0,772.95,420.59,806.84,486.02,-1,cvat_interp
38,3,3,2,1.0,898.4,417.58,921.89,482.76,-1,cvat_interp
38,4,4,2,1.0,1709.28,686.92,1760.73,788.44,-1,cvat_interp
38,5,5,2,1.0,1540.46,447.33,1562.58,519.93,-1,cvat_interp
38,6,6,1,1.0,1384.69,384.41,1412.35,440.77,-1,cvat_interp
38,7,7,2,1.0,1230.19,360.23,1252.35,412.23,-1,cvat_interp
38,8,8,2,1.0,658.28,332.13,679.77,378.41,-1,cvat_interp
38,9,9,2,1.0,410.65,399.18,442.01,457.61,-1,cvat_interp
38,10,10,2,1.0,460.04,423.88,491.36,488.88,-1,cvat_interp
38,11,11,3,1.0,573.12,458.9,602.23,529.59,-1,cvat_interp
38,12,12,2,1.0,77.18,503.85,113.2,577.2,-1,cvat_interp
38,13,13,0,1.0,1220.65,404.05,1230.25,413.22,-1,cvat_interp
38,15,15,2,1.0,986.33,464.68,1011.33,532.4,-1,cvat_interp
39,0,0,2,1.0,1062.28,646.31,1103.0,738.02,-1,cvat_interp
39,1,1,2,1.0,682.88,503.15,709.28,575.54,-1,cvat_interp
39,2,2,2,1.0,771.22,421.22,806.92,486.65,-1,cvat_interp
39,3,3,2,1.0,897.93,417.81,921.42,483.0,-1,cvat_interp
39,4,4,2,1.0,1709.63,687.53,1761.08,788.87,-1,cvat_interp
39,5,5,2,1.0,1539.63,447.76,1560.74,520.36,-1,cvat_interp
39,6,6,1,1.0,1383.41,385.11,1411.07,441.27,-1,cvat_interp
39,7,7,2,1.0,1228.64,360.88,1250.79,412.88,-1,cvat_interp
39,8,8,2,1.0,657.85,332.63,679.34,378.46,-1,cvat_interp
39,9,9,2,1.0,409.86,399.94,441.22,458.31,-1,cvat_interp
39,10,10,2,1.0,459.57,424.66,490.58,489.67,-1,cvat_interp
39,11,11,3,1.0,572.49,459.69,601.6,530.38,-1,cvat_interp
39,12,12,2,1.0,77.33,504.58,113.36,577.2,-1,cvat_interp
39,13,13,0,1.0,1219.05,404.43,1228.78,413.81,-1,cvat_interp
39,15,15,2,1.0,985.83,465.59,1010.83,532.85,-1,cvat_interp
40,0,0,2,1.0,1061.47,646.4,1102.19,737.98,-1,cvat_interp
40,1,1,2,1.0,683.59,503.15,709.99,575.54,-1,cvat_keyframe
40,2,2,2,1.0,769.49,421.85,807.0,487.28,-1,cvat_keyframe
40,3,3,2,1.0,897.46,418.05,920.95,483.24,-1,cvat_keyframe
40,4,4,2,1.0,1709.97,688.13,1761.42,789.31,-1,cvat_interp
40,5,5,2,1.0,1538.8,448.18,1558.9,520.78,-1,cvat_keyframe
40,6,6,1,1.0,1382.13,385.81,1409.79,441.78,-1,cvat_keyframe
40,7,7,2,1.0,1227.08,361.54,1249.24,413.54,-1,cvat_keyframe
40,8,8,2,1.0,657.42,333.13,678.91,378.51,-1,cvat_keyframe
40,9,9,2,1.0,409.07,400.7,440.43,459.02,-1,cvat_keyframe
40,10,10,2,1.0,459.1,425.45,489.8,490.46,-1,cvat_keyframe
40,11,11,3,1.0,571.86,460.48,600.97,531.17,-1,cvat_keyframe
40,12,12,2,1.0,77.49,505.3,113.52,577.2,-1,cvat_keyframe
40,13,13,0,1.0,1217.45,404.81,1227.3,414.4,-1,cvat_keyframe
40,15,15,2,1.0,985.32,466.5,1010.32,533.3,-1,cvat_keyframe
41,0,0,2,1.0,1060.66,646.49,1101.38,737.94,-1,cvat_interp
41,1,1,2,1.0,684.03,503.1,710.43,575.49,-1,cvat_interp
41,2,2,2,1.0,768.76,421.85,804.86,487.28,-1,cvat_interp
41,3,3,2,1.0,896.78,418.23,920.4,483.42,-1,cvat_interp
41,4,4,2,1.0,1710.32,688.74,1761.77,789.74,-1,cvat_interp
41,5,5,2,1.0,1538.36,448.8,1558.46,520.86,-1,cvat_interp
41,6,6,1,1.0,1381.3,385.93,1408.79,442.32,-1,cvat_interp
41,7,7,2,1.0,1226.13,361.77,1248.29,413.77,-1,cvat_interp
41,8,8,2,1.0,657.04,333.06,678.53,378.89,-1,cvat_interp
41,9,9,2,1.0,408.04,400.79,439.4,459.2,-1,cvat_interp
41,10,10,2,1.0,459.28,425.58,489.75,490.47,-1,cvat_interp
41,11,11,3,1.0,571.77,460.62,600.87,531.31,-1,cvat_interp
41,12,12,2,1.0,76.88,505.44,112.9,577.57,-1,cvat_interp
41,13,13,0,1.0,1216.54,405.08,1226.18,414.67,-1,cvat_interp
41,15,15,2,1.0,984.73,466.84,1009.73,533.65,-1,cvat_interp
42,0,0,2,1.0,1059.85,646.58,1100.57,737.91,-1,cvat_interp
42,1,1,2,1.0,684.47,503.05,710.87,575.44,-1,cvat_interp
42,2,2,2,1.0,768.04,421.85,802.72,487.28,-1,cvat_interp
42,3,3,2,1.0,896.09,418.41,919.86,483.6,-1,cvat_interp
42,4,4,2,1.0,1710.66,689.35,1762.11,790.18,-1,cvat_interp
42,5,5,2,1.0,1537.93,449.43,1558.03,520.93,-1,cvat_interp
42,6,6,1,1.0,1380.47,386.05,1407.79,442.86,-1,cvat_interp
42,7,7,2,1.0,1225.18,362.01,1247.34,414.01,-1,cvat_interp
42,8,8,2,1.0,656.66,332.99,678.15,379.27,-1,cvat_interp
42,9,9,2,1.0,407.0,400.88,438.36,459.37,-1,cvat_interp
42,10,10,2,1.0,459.47,425.7,489.71,490.48,-1,cvat_interp
42,11,11,3,1.0,571.67,460.77,600.77,531.46,-1,cvat_interp
42,12,12,2,1.0,76.26,505.58,112.29,577.94,-1,cvat_interp
42,13,13,0,1.0,1215.63,405.36,1225.06,414.95,-1,cvat_interp
42,15,15,2,1.0,984.13,467.19,1009.13,533.99,-1,cvat_interp
43,0,0,2,1.0,1059.03,646.67,1099.76,737.87,-1,cvat_interp
43,1,1,2,1.0,684.91,503.0,711.31,575.39,-1,cvat_interp
43,2,2,2,1.0,767.31,421.85,800.58,487.28,-1,cvat_interp
43,3,3,2,1.0,895.41,418.59,919.31,483.78,-1,cvat_interp
43,4,4,2,1.0,1711.01,689.95,1762.46,790.61,-1,cvat_interp
43,5,5,2,1.0,1537.49,450.05,1557.59,521.0,-1,cvat_interp
43,6,6,1,1.0,1379.64,386.17,1406.79,443.41,-1,cvat_interp
43,7,7,2,1.0,1224.23,362.25,1246.39,414.25,-1,cvat_interp
43,8,8,2,1.0,656.28,332.92,677.77,379.65,-1,cvat_interp
43,9,9,2,1.0,405.97,400.97,437.32,459.54,-1,cvat_interp
43,10,10,2,1.0,459.65,425.83,489.66,490.49,-1,cvat_interp
43,11,11,3,1.0,571.57,460.92,600.67,531.61,-1,cvat_interp
43,12,12,2,1.0,75.65,505.72,111.67,578.31,-1,cvat_interp
43,13,13,0,1.0,1214.72,405.63,1223.94,415.22,-1,cvat_interp
43,15,15,2,1.0,983.54,467.53,1008.54,534.34,-1,cvat_interp
44,0,0,2,1.0,1058.22,646.76,1098.95,737.83,-1,cvat_interp
44,1,1,2,1.0,685.35,502.95,711.75,575.34,-1,cvat_interp
44,2,2,2,1.0,766.58,421.85,798.44,487.28,-1,cvat_interp
44,3,3,2,1.0,894.73,418.78,918.77,483.96,-1,cvat_interp
44,4,4,2,1.0,1711.35,690.56,1762.81,791.04,-1,cvat_interp
44,5,5,2,1.0,1537.05,450.67,1557.15,521.07,-1,cvat_interp
44,6,6,1,1.0,1378.81,386.28,1405.79,443.95,-1,cvat_interp
44,7,7,2,1.0,1223.28,362.48,1245.44,414.48,-1,cvat_interp
44,8,8,2,1.0,655.9,332.84,677.39,380.03,-1,cvat_interp
44,9,9,2,1.0,404.93,401.06,436.29,459.71,-1,cvat_interp
44,10,10,2,1.0,459.83,425.95,489.61,490.5,-1,cvat_interp
44,11,11,3,1.0,571.47,461.06,600.57,531.75,-1,cvat_interp
44,12,12,2,1.0,75.03,505.86,111.06,578.68,-1,cvat_interp
44,13,13,0,1.0,1213.81,405.91,1222.82,415.49,-1,cvat_interp
44,15,15,2,1.0,982.94,467.88,1007.94,534.69,-1,cvat_interp
45,0,0,2,1.0,1057.41,646.85,1098.14,737.79,-1,cvat_interp
45,1,1,2,1.0,685.8,502.9,712.2,575.29,-1,cvat_interp
45,2,2,2,1.0,765.86,421.85,796.3,487.28,-1,cvat_interp
45,3,3,2,1.0,894.05,418.96,918.22,484.14,-1,cvat_interp
45,4,4,2,1.0,1711.7,691.17,1763.15,791.48,-1,cvat_interp
45,5,5,2,1.0,1536.62,451.29,1556.72,521.15,-1,cvat_interp
45,6,6,1,1.0,1377.98,386.4,1404.79,444.49,-1,cvat_interp
45,7,7,2,1.0,1222.33,362.72,1244.49,414.72,-1,cvat_interp
45,8,8,2,1.0,655.52,332.77,677.01,380.41,-1,cvat_interp
45,9,9,2,1.0,403.89,401.15,435.25,459.89,-1,cvat_interp
45,10,10,2,1.0,460.02,426.08,489.57,490.51,-1,cvat_interp
45,11,11,3,1.0,571.37,461.21,600.48,531.9,-1,cvat_interp
45,12,12,2,1.0,74.42,506.0,110.44,579.05,-1,cvat_interp
45,13,13,0,1.0,1212.91,406.18,1221.7,415.77,-1,cvat_interp
45,15,15,2,1.0,982.35,468.23,1007.35,535.03,-1,cvat_interp
46,0,0,2,1.0,1056.6,646.94,1097.32,737.75,-1,cvat_interp
46,1,1,2,1.0,686.24,502.85,712.64,575.24,-1,cvat_interp
46,2,2,2,1.0,765.13,421.85,794.16,487.28,-1,cvat_interp
46,3,3,2,1.0,893.37,419.14,917.68,484.33,-1,cvat_interp
46,4,4,2,1.0,1712.05,691.77,1763.5,791.91,-1,cvat_interp
46,5,5,2,1.0,1536.18,451.91,1556.28,521.22,-1,cvat_interp
46,6,6,1,1.0,1377.15,386.52,1403.8,445.03,-1,cvat_interp
46,7,7,2,1.0,1221.38,362.96,1243.54,414.96,-1,cvat_interp
46,8,8,2,1.0,655.14,332.7,676.63,380.79,-1,cvat_interp
46,9,9,2,1.0,402.86,401.24,434.22,460.06,-1,cvat_interp
46,10,10,2,1.0,460.2,426.2,489.52,490.52,-1,cvat_interp
46,11,11,3,1.0,571.28,461.36,600.38,532.05,-1,cvat_interp
46,12,12,2,1.0,73.8,506.14,109.83,579.41,-1,cvat_interp
46,13,13,0,1.0,1212.0,406.45,1220.58,416.04,-1,cvat_interp
46,15,15,2,1.0,981.76,468.57,1006.76,535.38,-1,cvat_interp
47,0,0,2,1.0,1055.79,647.03,1096.51,737.72,-1,cvat_interp
47,1,1,2,1.0,686.68,502.8,713.08,575.19,-1,cvat_interp
47,2,2,2,1.0,764.4,421.85,792.02,487.28,-1,cvat_interp
47,3,3,2,1.0,892.69,419.32,917.13,484.51,-1,cvat_interp
47,4,4,2,1.0,1712.39,692.38,1763.84,792.34,-1,cvat_interp
47,5,5,2,1.0,1535.74,452.53,1555.84,521.29,-1,cvat_interp
47,6,6,1,1.0,1376.32,386.64,1402.8,445.57,-1,cvat_interp
47,7,7,2,1.0,1220.43,363.19,1242.59,415.19,-1,cvat_interp
47,8,8,2,1.0,654.76,332.63,676.25,381.17,-1,cvat_interp
47,9,9,2,1.0,401.82,401.33,433.18,460.23,-1,cvat_interp
47,10,10,2,1.0,460.38,426.33,489.47,490.54,-1,cvat_interp
47,11,11,3,1.0,571.18,461.51,600.28,532.19,-1,cvat_interp
47,12,12,2,1.0,73.19,506.28,109.21,579.78,-1,cvat_interp
47,13,13,0,1.0,1211.09,406.73,1219.46,416.31,-1,cvat_interp
47,15,15,2,1.0,981.16,468.92,1006.16,535.72,-1,cvat_interp
48,0,0,2,1.0,1054.98,647.12,1095.7,737.68,-1,cvat_interp
48,1,1,2,1.0,687.12,502.75,713.52,575.14,-1,cvat_interp
48,2,2,2,1.0,763.67,421.85,789.88,487.28,-1,cvat_interp
48,3,3,2,1.0,892.0,419.5,916.59,484.69,-1,cvat_interp
48,4,4,2,1.0,1712.74,692.99,1764.19,792.78,-1,cvat_interp
48,5,5,2,1.0,1535.31,453.16,1555.41,521.36,-1,cvat_interp
48,6,6,1,1.0,1375.49,386.76,1401.8,446.12,-1,cvat_interp
48,7,7,2,1.0,1219.48,363.43,1241.64,415.43,-1,cvat_interp
48,8,8,2,1.0,654.39,332.56,675.87,381.55,-1,cvat_interp
48,9,9,2,1.0,400.79,401.42,432.14,460.4,-1,cvat_interp
48,10,10,2,1.0,460.57,426.45,489.43,490.55,-1,cvat_interp
48,11,11,3,1.0,571.08,461.65,600.18,532.34,-1,cvat_interp
48,12,12,2,1.0,72.57,506.42,108.6,580.15,-1,cvat_interp
48,13,13,0,1.0,1210.18,407.0,1218.34,416.59,-1,cvat_interp
48,15,15,2,1.0,980.57,469.27,1005.57,536.07,-1,cvat_interp
49,0,0,2,1.0,1054.17,647.21,1094.89,737.64,-1,cvat_interp
49,1,1,2,1.0,687.56,502.71,713.96,575.09,-1,cvat_interp
49,2,2,2,1.0,762.95,421.85,787.74,487.28,-1,cvat_interp
49,3,3,2,1.0,891.32,419.68,916.04,484.87,-1,cvat_interp
49,4,4,2,1.0,1713.08,693.59,1764.53,793.21,-1,cvat_interp
49,5,5,2,1.0,1534.87,453.78,1554.97,521.44,-1,cvat_interp
49,6,6,1,1.0,1374.66,386.88,1400.8,446.66,-1,cvat_interp
49,7,7,2,1.0,1218.53,363.67,1240.69,415.67,-1,cvat_interp
49,8,8,2,1.0,654.01,332.49,675.49,381.93,-1,cvat_interp
49,9,9,2,1.0,399.75,401.51,431.11,460.58,-1,cvat_interp
49,10,10,2,1.0,460.75,426.58,489.38,490.56,-1,cvat_interp
49,11,11,3,1.0,570.98,461.8,600.08,532.49,-1,cvat_interp
49,12,12,2,1.0,71.96,506.56,107.99,580.52,-1,cvat_interp
49,13,13,0,1.0,1209.27,407.27,1217.22,416.86,-1,cvat_interp
49,15,15,2,1.0,979.97,469.61,1004.97,536.42,-1,cvat_interp
50,0,0,2,1.0,1053.36,647.3,1094.08,737.6,-1,cvat_keyframe
50,1,1,2,1.0,688.0,502.66,714.4,575.05,-1,cvat_keyframe
50,2,2,2,1.0,762.22,421.85,785.6,487.28,-1,cvat_keyframe
50,3,3,2,1.0,890.64,419.87,915.5,485.05,-1,cvat_keyframe
50,4,4,2,1.0,1713.43,694.2,1764.88,793.65,-1,cvat_keyframe
50,5,5,2,1.0,1534.43,454.4,1554.53,521.51,-1,cvat_keyframe
50,6,6,1,1.0,1373.83,387.0,1399.8,447.2,-1,cvat_keyframe
50,7,7,2,1.0,1217.58,363.91,1239.74,415.91,-1,cvat_keyframe
50,8,8,2,1.0,653.63,332.42,675.11,382.31,-1,cvat_keyframe
50,9,9,2,1.0,398.71,401.6,430.07,460.75,-1,cvat_keyframe
50,10,10,2,1.0,460.93,426.7,489.33,490.57,-1,cvat_interp
50,11,11,3,1.0,570.88,461.95,599.99,532.63,-1,cvat_keyframe
50,12,12,2,1.0,71.35,506.7,107.37,580.89,-1,cvat_keyframe
50,13,13,0,1.0,1208.36,407.55,1216.1,417.13,-1,cvat_keyframe
50,15,15,2,1.0,979.38,469.96,1004.38,536.76,-1,cvat_keyframe
51,0,0,2,1.0,1052.5,647.52,1093.22,737.6,-1,cvat_interp
51,1,1,2,1.0,688.67,502.51,715.07,574.9,-1,cvat_interp
51,2,2,2,1.0,761.47,421.85,785.6,487.28,-1,cvat_interp
51,3,3,2,1.0,890.64,419.87,915.38,484.69,-1,cvat_interp
51,4,4,2,1.0,1713.43,694.62,1764.88,793.65,-1,cvat_interp
51,5,5,2,1.0,1534.07,454.65,1554.76,521.51,-1,cvat_interp
51,6,6,1,1.0,1373.01,387.36,1399.14,447.37,-1,cvat_interp
51,7,7,2,1.0,1216.77,364.0,1238.93,416.0,-1,cvat_interp
51,8,8,2,1.0,653.96,332.49,675.22,382.14,-1,cvat_interp
51,9,9,2,1.0,398.57,401.16,428.74,460.82,-1,cvat_interp
51,10,10,2,1.0,461.12,426.83,489.29,490.58,-1,cvat_interp
51,11,11,3,1.0,570.3,462.02,599.71,532.71,-1,cvat_interp
51,12,12,2,1.0,70.97,506.92,107.0,580.89,-1,cvat_interp
51,13,13,0,1.0,1207.86,407.63,1215.39,417.08,-1,cvat_interp
51,15,15,2,1.0,979.28,470.48,1004.28,537.28,-1,cvat_interp
52,0,0,2,1.0,1051.63,647.74,1092.36,737.6,-1,cvat_interp
52,1,1,2,1.0,689.34,502.36,715.74,574.75,-1,cvat_interp
52,2,2,2,1.0,760.73,421.85,785.6,487.28,-1,cvat_interp
52,3,3,2,1.0,890.64,419.87,915.26,484.32,-1,cvat_interp
52,4,4,2,1.0,1713.43,695.04,1764.88,793.65,-1,cvat_interp
52,5,5,2,1.0,1533.72,454.9,1554.99,521.51,-1,cvat_interp
52,6,6,1,1.0,1372.18,387.72,1398.48,447.54,-1,cvat_interp
52,7,7,2,1.0,1215.96,364.09,1238.12,416.09,-1,cvat_interp
52,8,8,2,1.0,654.3,332.56,675.33,381.97,-1,cvat_interp
52,9,9,2,1.0,398.42,400.72,427.4,460.9,-1,cvat_interp
52,10,10,2,1.0,461.3,426.95,489.24,490.59,-1,cvat_interp
52,11,11,3,1.0,569.72,462.1,599.43,532.78,-1,cvat_interp
52,12,12,2,1.0,70.6,507.14,106.63,580.89,-1,cvat_interp
52,13,13,0,1.0,1207.37,407.72,1214.68,417.03,-1,cvat_interp
52,15,15,2,1.0,979.18,470.99,1004.18,537.8,-1,cvat_interp
53,0,0,2,1.0,1050.77,647.96,1091.5,737.6,-1,cvat_interp
53,1,1,2,1.0,690.01,502.21,716.41,574.6,-1,cvat_interp
53,2,2,2,1.0,759.98,421.85,785.6,487.28,-1,cvat_interp
53,3,3,2,1.0,890.64,419.87,915.14,483.95,-1,cvat_interp
53,4,4,2,1.0,1713.43,695.46,1764.88,793.65,-1,cvat_interp
53,5,5,2,1.0,1533.36,455.15,1555.21,521.51,-1,cvat_interp
53,6,6,1,1.0,1371.35,388.08,1397.82,447.71,-1,cvat_interp
53,7,7,2,1.0,1215.15,364.18,1237.31,416.18,-1,cvat_interp
53,8,8,2,1.0,654.64,332.63,675.44,381.8,-1,cvat_interp
53,9,9,2,1.0,398.27,400.28,426.06,460.97,-1,cvat_interp
53,10,10,2,1.0,461.48,427.08,489.19,490.6,-1,cvat_interp
53,11,11,3,1.0,569.14,462.17,599.15,532.86,-1,cvat_interp
53,12,12,2,1.0,70.23,507.36,106.26,580.89,-1,cvat_interp
53,13,13,0,1.0,1206.87,407.81,1213.97,416.97,-1,cvat_interp
53,15,15,2,1.0,979.07,471.51,1004.07,538.32,-1,cvat_interp
54,0,0,2,1.0,1049.91,648.18,1090.64,737.6,-1,cvat_interp
54,1,1,2,1.0,690.68,502.06,717.08,574.45,-1,cvat_interp
54,2,2,2,1.0,759.24,421.85,785.6,487.28,-1,cvat_interp
54,3,3,2,1.0,890.64,419.87,915.02,483.58,-1,cvat_interp
54,4,4,2,1.0,1713.43,695.88,1764.88,793.65,-1,cvat_interp
54,5,5,2,1.0,1533.0,455.4,1555.44,521.51,-1,cvat_interp
54,6,6,1,1.0,1370.52,388.44,1397.16,447.88,-1,cvat_interp
54,7,7,2,1.0,1214.34,364.27,1236.5,416.27,-1,cvat_interp
54,8,8,2,1.0,654.98,332.7,675.55,381.63,-1,cvat_interp
54,9,9,2,1.0,398.12,399.85,424.72,461.05,-1,cvat_interp
54,10,10,2,1.0,461.67,427.2,489.15,490.62,-1,cvat_interp
54,11,11,3,1.0,568.56,462.24,598.87,532.93,-1,cvat_interp
54,12,12,2,1.0,69.86,507.58,105.89,580.89,-1,cvat_interp
54,13,13,0,1.0,1206.37,407.89,1213.26,416.92,-1,cvat_interp
54,15,15,2,1.0,978.97,472.03,1003.97,538.83,-1,cvat_interp
55,0,0,2,1.0,1049.05,648.4,1089.77,737.6,-1,cvat_interp
55,1,1,2,1.0,691.35,501.91,717.75,574.3,-1,cvat_interp
55,2,2,2,1.0,758.49,421.85,785.6,487.28,-1,cvat_interp
55,3,3,2,1.0,890.64,419.87,914.9,483.22,-1,cvat_interp
55,4,4,2,1.0,1713.43,696.3,1764.88,793.65,-1,cvat_interp
55,5,5,2,1.0,1532.64,455.65,1555.67,521.51,-1,cvat_interp
55,6,6,1,1.0,1369.69,388.8,1396.51,448.05,-1,cvat_interp
55,7,7,2,1.0,1213.53,364.35,1235.69,416.35,-1,cvat_interp
55,8,8,2,1.0,655.32,332.77,675.66,381.46,-1,cvat_interp
55,9,9,2,1.0,397.97,399.41,423.39,461.12,-1,cvat_interp
55,10,10,2,1.0,461.85,427.33,489.1,490.63,-1,cvat_interp
55,11,11,3,1.0,567.98,462.32,598.59,533.01,-1,cvat_interp
55,12,12,2,1.0,69.49,507.8,105.52,580.89,-1,cvat_interp
55,13,13,0,1.0,1205.88,407.98,1212.55,416.87,-1,cvat_interp
55,15,15,2,1.0,978.87,472.55,1003.87,539.35,-1,cvat_interp
56,0,0,2,1.0,1048.19,648.62,1088.91,737.6,-1,cvat_interp
56,1,1,2,1.0,692.02,501.76,718.42,574.15,-1,cvat_interp
56,2,2,2,1.0,757.75,421.85,785.6,487.28,-1,cvat_interp
56,3,3,2,1.0,890.64,419.87,914.78,482.85,-1,cvat_interp
56,4,4,2,1.0,1713.43,696.72,1764.88,793.65,-1,cvat_interp
56,5,5,2,1.0,1532.28,455.9,1555.89,521.51,-1,cvat_interp
56,6,6,1,1.0,1368.86,389.16,1395.85,448.22,-1,cvat_interp
56,7,7,2,1.0,1212.72,364.44,1234.88,416.44,-1,cvat_interp
56,8,8,2,1.0,655.66,332.84,675.77,381.29,-1,cvat_interp
56,9,9,2,1.0,397.82,398.97,422.05,461.2,-1,cvat_interp
56,10,10,2,1.0,462.03,427.45,489.05,490.64,-1,cvat_interp
56,11,11,3,1.0,567.4,462.39,598.31,533.08,-1,cvat_interp
56,12,12,2,1.0,69.12,508.02,105.14,580.89,-1,cvat_interp
56,13,13,0,1.0,1205.38,408.06,1211.84,416.81,-1,cvat_interp
56,15,15,2,1.0,978.77,473.07,1003.77,539.87,-1,cvat_interp
57,0,0,2,1.0,1047.33,648.84,1088.05,737.6,-1,cvat_interp
57,1,1,2,1.0,692.69,501.61,719.1,574.0,-1,cvat_interp
57,2,2,2,1.0,757.0,421.85,785.6,487.28,-1,cvat_interp
57,3,3,2,1.0,890.64,419.87,914.66,482.48,-1,cvat_interp
57,4,4,2,1.0,1713.43,697.14,1764.88,793.65,-1,cvat_interp
57,5,5,2,1.0,1531.93,456.15,1556.12,521.51,-1,cvat_interp
57,6,6,1,1.0,1368.04,389.52,1395.19,448.39,-1,cvat_interp
57,7,7,2,1.0,1211.91,364.53,1234.07,416.53,-1,cvat_interp
57,8,8,2,1.0,656.0,332.9,675.88,381.12,-1,cvat_interp
57,9,9,2,1.0,397.67,398.53,420.71,461.27,-1,cvat_interp
57,10,10,2,1.0,462.22,427.58,489.01,490.65,-1,cvat_interp
57,11,11,3,1.0,566.82,462.47,598.04,533.16,-1,cvat_interp
57,12,12,2,1.0,68.75,508.24,104.77,580.89,-1,cvat_interp
57,13,13,0,1.0,1204.88,408.15,1211.13,416.76,-1,cvat_interp
57,15,15,2,1.0,978.67,473.58,1003.67,540.39,-1,cvat_interp
58,0,0,2,1.0,1046.47,649.06,1087.19,737.6,-1,cvat_interp
58,1,1,2,1.0,693.37,501.46,719.77,573.85,-1,cvat_interp
58,2,2,2,1.0,756.26,421.85,785.6,487.28,-1,cvat_interp
58,3,3,2,1.0,890.64,419.87,914.54,482.11,-1,cvat_interp
58,4,4,2,1.0,1713.43,697.56,1764.88,793.65,-1,cvat_interp
58,5,5,2,1.0,1531.57,456.4,1556.35,521.51,-1,cvat_interp
58,6,6,1,1.0,1367.21,389.88,1394.53,448.56,-1,cvat_interp
58,7,7,2,1.0,1211.1,364.62,1233.26,416.62,-1,cvat_interp
58,8,8,2,1.0,656.34,332.97,675.99,380.94,-1,cvat_interp
58,9,9,2,1.0,397.52,398.09,419.37,461.35,-1,cvat_interp
58,10,10,2,1.0,462.4,427.7,488.96,490.66,-1,cvat_interp
58,11,11,3,1.0,566.24,462.54,597.76,533.23,-1,cvat_interp
58,12,12,2,1.0,68.38,508.46,104.4,580.89,-1,cvat_interp
58,13,13,0,1.0,1204.38,408.24,1210.42,416.71,-1,cvat_interp
58,15,15,2,1.0,978.57,474.1,1003.57,540.91,-1,cvat_interp
59,0,0,2,1.0,1045.61,649.28,1086.33,737.6,-1,cvat_interp
59,1,1,2,1.0,694.04,501.32,720.44,573.7,-1,cvat_interp
59,2,2,2,1.0,755.51,421.85,785.6,487.28,-1,cvat_interp
59,3,3,2,1.0,890.64,419.87,914.42,481.74,-1,cvat_interp
59,4,4,2,1.0,1713.43,697.98,1764.88,793.65,-1,cvat_interp
59,5,5,2,1.0,1531.21,456.65,1556.57,521.51,-1,cvat_interp
59,6,6,1,1.0,1366.38,390.24,1393.87,448.73,-1,cvat_interp
59,7,7,2,1.0,1210.29,364.71,1232.45,416.71,-1,cvat_interp
59,8,8,2,1.0,656.67,333.04,676.1,380.77,-1,cvat_interp
59,9,9,2,1.0,397.37,397.65,418.04,461.42,-1,cvat_interp
59,10,10,2,1.0,462.58,427.83,488.91,490.67,-1,cvat_interp
59,11,11,3,1.0,565.66,462.62,597.48,533.31,-1,cvat_interp
59,12,12,2,1.0,68.01,508.68,104.03,580.89,-1,cvat_interp
59,13,13,0,1.0,1203.89,408.32,1209.71,416.65,-1,cvat_interp
59,15,15,2,1.0,978.47,474.62,1003.47,541.42,-1,cvat_interp
60,0,0,2,1.0,1044.75,649.5,1085.47,737.6,-1,cvat_keyframe
60,1,1,2,1.0,694.71,501.17,721.11,573.55,-1,cvat_keyframe
60,2,2,2,1.0,754.77,421.85,785.6,487.28,-1,cvat_keyframe
60,3,3,2,1.0,890.64,419.87,914.3,481.38,-1,cvat_interp
60,4,4,2,1.0,1713.43,698.4,1764.88,793.65,-1,cvat_keyframe
60,5,5,2,1.0,1530.85,456.9,1556.8,521.51,-1,cvat_keyframe
60,6,6,1,1.0,1365.55,390.6,1393.21,448.9,-1,cvat_keyframe
60,7,7,2,1.0,1209.48,364.8,1231.64,416.8,-1,cvat_keyframe
60,8,8,2,1.0,657.01,333.11,676.21,380.6,-1,cvat_interp
60,9,9,2,1.0,397.22,397.21,416.7,461.5,-1,cvat_keyframe
60,10,10,2,1.0,462.77,427.95,488.87,490.68,-1,cvat_interp
60,11,11,3,1.0,565.08,462.69,597.2,533.38,-1,cvat_keyframe
60,12,12,2,1.0,67.64,508.9,103.66,580.89,-1,cvat_interp
60,13,13,0,1.0,1203.39,408.41,1209.0,416.6,-1,cvat_keyframe
60,15,15,2,1.0,978.36,475.14,1003.36,541.94,-1,cvat_keyframe
61,0,0,2,1.0,1044.03,649.33,1084.75,737.17,-1,cvat_interp
61,1,1,2,1.0,695.35,501.38,721.75,573.13,-1,cvat_interp
61,2,2,2,1.0,754.72,421.85,784.27,487.28,-1,cvat_interp
61,3,3,2,1.0,890.64,419.87,914.18,481.01,-1,cvat_interp
61,4,4,2,1.0,1715.54,698.4,1765.81,793.65,-1,cvat_interp
61,5,5,2,1.0,1530.41,457.05,1556.92,521.66,-1,cvat_interp
61,6,6,1,1.0,1365.36,390.65,1392.42,448.95,-1,cvat_interp
61,7,7,2,1.0,1208.94,364.97,1230.93,416.97,-1,cvat_interp
61,8,8,2,1.0,657.35,333.18,676.31,380.43,-1,cvat_interp
61,9,9,2,1.0,396.57,397.55,416.52,461.83,-1,cvat_interp
61,10,10,2,1.0,462.95,428.08,488.82,490.7,-1,cvat_interp
61,11,11,3,1.0,565.08,462.69,596.53,533.38,-1,cvat_interp
61,12,12,2,1.0,67.26,509.12,103.29,580.9,-1,cvat_interp
61,13,13,0,1.0,1203.24,408.64,1208.85,416.68,-1,cvat_interp
61,15,15,2,1.0,978.22,475.64,1003.22,542.44,-1,cvat_interp
62,0,0,2,1.0,1043.31,649.17,1084.03,736.74,-1,cvat_interp
62,1,1,2,1.0,696.0,501.59,722.4,572.7,-1,cvat_interp
62,2,2,2,1.0,754.67,421.85,782.95,487.28,-1,cvat_interp
62,3,3,2,1.0,890.64,419.87,914.06,480.64,-1,cvat_interp
62,4,4,2,1.0,1717.66,698.4,1766.74,793.65,-1,cvat_interp
62,5,5,2,1.0,1529.96,457.2,1557.04,521.81,-1,cvat_interp
62,6,6,1,1.0,1365.17,390.71,1391.63,449.01,-1,cvat_interp
62,7,7,2,1.0,1208.4,365.14,1230.23,417.14,-1,cvat_interp
62,8,8,2,1.0,657.69,333.25,676.42,380.26,-1,cvat_interp
62,9,9,2,1.0,395.92,397.89,416.34,462.17,-1,cvat_interp
62,10,10,2,1.0,463.13,428.2,488.77,490.71,-1,cvat_interp
62,11,11,3,1.0,565.08,462.69,595.86,533.38,-1,cvat_interp
62,12,12,2,1.0,66.89,509.34,102.92,580.9,-1,cvat_interp
62,13,13,0,1.0,1203.09,408.87,1208.7,416.76,-1,cvat_interp
62,15,15,2,1.0,978.08,476.13,1003.08,542.94,-1,cvat_interp
63,0,0,2,1.0,1042.59,649.0,1083.32,736.31,-1,cvat_interp
63,1,1,2,1.0,696.64,501.81,723.04,572.28,-1,cvat_interp
63,2,2,2,1.0,754.63,421.85,781.62,487.28,-1,cvat_interp
63,3,3,2,1.0,890.64,419.87,913.94,480.27,-1,cvat_interp
63,4,4,2,1.0,1719.78,698.4,1767.68,793.65,-1,cvat_interp
63,5,5,2,1.0,1529.52,457.35,1557.16,521.95,-1,cvat_interp
63,6,6,1,1.0,1364.97,390.76,1390.84,449.06,-1,cvat_interp
63,7,7,2,1.0,1207.87,365.31,1229.52,417.31,-1,cvat_interp
63,8,8,2,1.0,658.03,333.32,676.53,380.09,-1,cvat_interp
63,9,9,2,1.0,395.27,398.23,416.16,462.51,-1,cvat_interp
63,10,10,2,1.0,463.32,428.33,488.73,490.72,-1,cvat_interp
63,11,11,3,1.0,565.08,462.69,595.19,533.38,-1,cvat_interp
63,12,12,2,1.0,66.52,509.56,102.55,580.9,-1,cvat_interp
63,13,13,0,1.0,1202.94,409.1,1208.55,416.84,-1,cvat_interp
63,15,15,2,1.0,977.94,476.63,1002.94,543.44,-1,cvat_interp
64,0,0,2,1.0,1041.88,648.84,1082.6,735.88,-1,cvat_interp
64,1,1,2,1.0,697.29,502.02,723.69,571.85,-1,cvat_interp
64,2,2,2,1.0,754.58,421.85,780.29,487.28,-1,cvat_interp
64,3,3,2,1.0,890.64,419.87,913.82,479.91,-1,cvat_interp
64,4,4,2,1.0,1721.9,698.4,1768.61,793.65,-1,cvat_interp
64,5,5,2,1.0,1529.07,457.49,1557.28,522.1,-1,cvat_interp
64,6,6,1,1.0,1364.78,390.82,1390.05,449.12,-1,cvat_interp
64,7,7,2,1.0,1207.33,365.47,1228.82,417.47,-1,cvat_interp
64,8,8,2,1.0,658.37,333.39,676.64,379.92,-1,cvat_interp
64,9,9,2,1.0,394.61,398.57,415.98,462.85,-1,cvat_interp
64,10,10,2,1.0,463.5,428.45,488.68,490.73,-1,cvat_interp
64,11,11,3,1.0,565.08,462.69,594.52,533.38,-1,cvat_interp
64,12,12,2,1.0,66.15,509.78,102.18,580.9,-1,cvat_interp
64,13,13,0,1.0,1202.79,409.33,1208.4,416.92,-1,cvat_interp
64,15,15,2,1.0,977.79,477.13,1002.79,543.94,-1,cvat_interp
65,0,0,2,1.0,1041.16,648.67,1081.88,735.45,-1,cvat_interp
65,1,1,2,1.0,697.93,502.23,724.33,571.43,-1,cvat_interp
65,2,2,2,1.0,754.53,421.85,778.97,487.28,-1,cvat_interp
65,3,3,2,1.0,890.64,419.87,913.7,479.54,-1,cvat_interp
65,4,4,2,1.0,1724.01,698.4,1769.54,793.65,-1,cvat_interp
65,5,5,2,1.0,1528.63,457.64,1557.4,522.25,-1,cvat_interp
65,6,6,1,1.0,1364.59,390.87,1389.26,449.17,-1,cvat_interp
65,7,7,2,1.0,1206.79,365.64,1228.12,417.64,-1,cvat_interp
65,8,8,2,1.0,658.71,333.46,676.75,379.75,-1,cvat_interp
65,9,9,2,1.0,393.96,398.91,415.8,463.19,-1,cvat_interp
65,10,10,2,1.0,463.68,428.58,488.63,490.74,-1,cvat_interp
65,11,11,3,1.0,565.08,462.69,593.85,533.38,-1,cvat_interp
65,12,12,2,1.0,65.78,510.0,101.81,580.9,-1,cvat_interp
65,13,13,0,1.0,1202.64,409.56,1208.25,417.0,-1,cvat_interp
65,15,15,2,1.0,977.65,477.63,1002.65,544.44,-1,cvat_interp
66,0,0,2,1.0,1040.44,648.51,1081.17,735.02,-1,cvat_interp
66,1,1,2,1.0,698.58,502.45,724.98,571.0,-1,cvat_interp
66,2,2,2,1.0,754.49,421.85,777.64,487.28,-1,cvat_interp
66,3,3,2,1.0,890.64,419.87,913.58,479.17,-1,cvat_interp
66,4,4,2,1.0,1726.13,698.4,1770.47,793.65,-1,cvat_interp
66,5,5,2,1.0,1528.18,457.79,1557.52,522.4,-1,cvat_interp
66,6,6,1,1.0,1364.4,390.93,1388.46,449.23,-1,cvat_interp
66,7,7,2,1.0,1206.25,365.81,1227.41,417.81,-1,cvat_interp
66,8,8,2,1.0,659.05,333.52,676.86,379.58,-1,cvat_interp
66,9,9,2,1.0,393.31,399.25,415.62,463.53,-1,cvat_interp
66,10,10,2,1.0,463.87,428.7,488.59,490.75,-1,cvat_interp
66,11,11,3,1.0,565.08,462.69,593.18,533.38,-1,cvat_interp
66,12,12,2,1.0,65.41,510.22,101.43,580.9,-1,cvat_interp
66,13,13,0,1.0,1202.49,409.78,1208.1,417.08,-1,cvat_interp
66,15,15,2,1.0,977.51,478.13,1002.51,544.94,-1,cvat_interp
67,0,0,2,1.0,1039.73,648.34,1080.45,734.59,-1,cvat_interp
67,1,1,2,1.0,699.22,502.66,725.62,570.58,-1,cvat_interp
67,2,2,2,1.0,754.44,421.85,776.31,487.28,-1,cvat_interp
67,3,3,2,1.0,890.64,419.87,913.46,478.8,-1,cvat_interp
67,4,4,2,1.0,1728.25,698.4,1771.4,793.65,-1,cvat_interp
67,5,5,2,1.0,1527.74,457.94,1557.64,522.55,-1,cvat_interp
67,6,6,1,1.0,1364.21,390.98,1387.67,449.28,-1,cvat_interp
67,7,7,2,1.0,1205.71,365.98,1226.71,417.98,-1,cvat_interp
67,8,8,2,1.0,659.38,333.59,676.97,379.41,-1,cvat_interp
67,9,9,2,1.0,392.66,399.58,415.44,463.86,-1,cvat_interp
67,10,10,2,1.0,464.05,428.83,488.54,490.76,-1,cvat_interp
67,11,11,3,1.0,565.08,462.69,592.51,533.38,-1,cvat_interp
67,12,12,2,1.0,65.04,510.44,101.06,580.9,-1,cvat_interp
67,13,13,0,1.0,1202.34,410.01,1207.95,417.16,-1,cvat_interp
67,15,15,2,1.0,977.37,478.63,1002.37,545.43,-1,cvat_interp
68,0,0,2,1.0,1039.01,648.18,1079.73,734.16,-1,cvat_interp
68,1,1,2,1.0,699.87,502.87,726.27,570.15,-1,cvat_interp
68,2,2,2,1.0,754.39,421.85,774.98,487.28,-1,cvat_interp
68,3,3,2,1.0,890.64,419.87,913.34,478.44,-1,cvat_interp
68,4,4,2,1.0,1730.37,698.4,1772.34,793.65,-1,cvat_interp
68,5,5,2,1.0,1527.29,458.09,1557.76,522.7,-1,cvat_interp
68,6,6,1,1.0,1364.02,391.04,1386.88,449.34,-1,cvat_interp
68,7,7,2,1.0,1205.18,366.14,1226.01,418.14,-1,cvat_interp
68,8,8,2,1.0,659.72,333.66,677.08,379.24,-1,cvat_interp
68,9,9,2,1.0,392.01,399.92,415.26,464.2,-1,cvat_interp
68,10,10,2,1.0,464.23,428.95,488.49,490.78,-1,cvat_interp
68,11,11,3,1.0,565.08,462.69,591.84,533.38,-1,cvat_interp
68,12,12,2,1.0,64.67,510.66,100.69,580.9,-1,cvat_interp
68,13,13,0,1.0,1202.19,410.24,1207.8,417.24,-1,cvat_interp
68,15,15,2,1.0,977.22,479.13,1002.22,545.93,-1,cvat_interp
69,0,0,2,1.0,1038.29,648.01,1079.01,733.73,-1,cvat_interp
69,1,1,2,1.0,700.51,503.09,726.91,569.73,-1,cvat_interp
69,2,2,2,1.0,754.35,421.85,773.66,487.28,-1,cvat_interp
69,3,3,2,1.0,890.64,419.87,913.22,478.07,-1,cvat_interp
69,4,4,2,1.0,1732.48,698.4,1773.27,793.65,-1,cvat_interp
69,5,5,2,1.0,1526.85,458.23,1557.88,522.84,-1,cvat_interp
69,6,6,1,1.0,1363.82,391.09,1386.09,449.39,-1,cvat_interp
69,7,7,2,1.0,1204.64,366.31,1225.3,418.31,-1,cvat_interp
69,8,8,2,1.0,660.06,333.73,677.19,379.07,-1,cvat_interp
69,9,9,2,1.0,391.35,400.26,415.08,464.54,-1,cvat_interp
69,10,10,2,1.0,464.42,429.08,488.45,490.79,-1,cvat_interp
69,11,11,3,1.0,565.08,462.69,591.17,533.38,-1,cvat_interp
69,12,12,2,1.0,64.3,510.88,100.32,580.9,-1,cvat_interp
69,13,13,0,1.0,1202.04,410.47,1207.65,417.32,-1,cvat_interp
69,15,15,2,1.0,977.08,479.63,1002.08,546.43,-1,cvat_interp
70,0,0,2,1.0,1037.57,647.85,1078.3,733.3,-1,cvat_keyframe
70,1,1,2,1.0,701.16,503.3,727.56,569.3,-1,cvat_keyframe
70,2,2,2,1.0,754.3,421.85,772.33,487.28,-1,cvat_keyframe
70,3,3,2,1.0,890.64,419.87,913.1,477.7,-1,cvat_keyframe
70,4,4,2,1.0,1734.6,698.4,1774.2,793.65,-1,cvat_keyframe
70,5,5,2,1.0,1526.4,458.38,1558.0,522.99,-1,cvat_keyframe
70,6,6,1,1.0,1363.63,391.15,1385.3,449.45,-1,cvat_keyframe
70,7,7,2,1.0,1204.1,366.48,1224.6,418.48,-1,cvat_keyframe
70,8,8,2,1.0,660.4,333.8,677.3,378.9,-1,cvat_keyframe
70,9,9,2,1.0,390.7,400.6,414.9,464.88,-1,cvat_keyframe
70,10,10,2,1.0,464.6,429.2,488.4,490.8,-1,cvat_keyframe
70,11,11,3,1.0,565.08,462.69,590.5,533.38,-1,cvat_keyframe
70,12,12,2,1.0,63.93,511.1,99.95,580.9,-1,cvat_keyframe
70,13,13,0,1.0,1201.89,410.7,1207.5,417.4,-1,cvat_keyframe
70,15,15,2,1.0,976.94,480.13,1001.94,546.93,-1,cvat_keyframe
71,0,0,2,1.0,1037.6,647.65,1078.19,733.1,-1,cvat_interp
71,1,1,2,1.0,702.52,503.18,728.92,569.18,-1,cvat_interp
71,2,2,2,1.0,753.78,422.23,773.08,487.02,-1,cvat_interp
71,3,3,2,1.0,891.33,419.41,913.79,477.56,-1,cvat_interp
71,4,4,2,1.0,1735.94,699.01,1776.26,794.26,-1,cvat_interp
71,5,5,2,1.0,1528.56,458.58,1559.23,523.19,-1,cvat_interp
71,6,6,1,1.0,1364.37,391.15,1386.04,449.45,-1,cvat_interp
71,7,7,2,1.0,1204.55,366.7,1225.05,418.7,-1,cvat_interp
71,8,8,2,1.0,661.41,333.74,678.31,378.84,-1,cvat_interp
71,9,9,2,1.0,390.04,400.82,414.46,464.66,-1,cvat_interp
71,10,10,2,1.0,465.56,429.2,489.36,490.8,-1,cvat_interp
71,11,11,3,1.0,565.47,462.87,591.19,533.55,-1,cvat_interp
71,12,12,2,1.0,63.77,511.18,99.79,581.06,-1,cvat_interp
71,13,13,0,1.0,1202.75,410.86,1208.36,417.56,-1,cvat_interp
71,15,15,2,1.0,977.12,480.41,1002.12,547.22,-1,cvat_interp
72,0,0,2,1.0,1037.62,647.45,1078.08,732.9,-1,cvat_interp
72,1,1,2,1.0,703.89,503.05,730.29,569.05,-1,cvat_interp
72,2,2,2,1.0,753.26,422.62,773.82,486.76,-1,cvat_interp
72,3,3,2,1.0,892.03,418.96,914.49,477.42,-1,cvat_interp
72,4,4,2,1.0,1737.28,699.62,1778.32,794.87,-1,cvat_interp
72,5,5,2,1.0,1530.72,458.78,1560.46,523.39,-1,cvat_interp
72,6,6,1,1.0,1365.12,391.15,1386.78,449.45,-1,cvat_interp
72,7,7,2,1.0,1205.0,366.93,1225.5,418.93,-1,cvat_interp
72,8,8,2,1.0,662.43,333.67,679.33,378.77,-1,cvat_interp
72,9,9,2,1.0,389.38,401.04,414.01,464.44,-1,cvat_interp
72,10,10,2,1.0,466.52,429.2,490.32,490.8,-1,cvat_interp
72,11,11,3,1.0,565.87,463.04,591.88,533.73,-1,cvat_interp
72,12,12,2,1.0,63.61,511.26,99.64,581.21,-1,cvat_interp
72,13,13,0,1.0,1203.62,411.03,1209.22,417.73,-1,cvat_interp
72,15,15,2,1.0,977.29,480.7,1002.3,547.5,-1,cvat_interp
73,0,0,2,1.0,1037.64,647.25,1077.97,732.7,-1,cvat_interp
73,1,1,2,1.0,705.26,502.93,731.66,568.93,-1,cvat_interp
73,2,2,2,1.0,752.74,423.0,774.57,486.5,-1,cvat_interp
73,3,3,2,1.0,892.72,418.51,915.18,477.28,-1,cvat_interp
73,4,4,2,1.0,1738.62,700.23,1780.38,795.48,-1,cvat_interp
73,5,5,2,1.0,1532.88,458.98,1561.69,523.59,-1,cvat_interp
73,6,6,1,1.0,1365.86,391.15,1387.53,449.45,-1,cvat_interp
73,7,7,2,1.0,1205.45,367.16,1225.95,419.16,-1,cvat_interp
73,8,8,2,1.0,663.44,333.61,680.34,378.71,-1,cvat_interp
73,9,9,2,1.0,388.72,401.27,413.57,464.23,-1,cvat_interp
73,10,10,2,1.0,467.49,429.2,491.29,490.8,-1,cvat_interp
73,11,11,3,1.0,566.26,463.22,592.57,533.9,-1,cvat_interp
73,12,12,2,1.0,63.46,511.34,99.48,581.37,-1,cvat_interp
73,13,13,0,1.0,1204.48,411.19,1210.09,417.89,-1,cvat_interp
73,15,15,2,1.0,977.47,480.98,1002.47,547.79,-1,cvat_interp
74,0,0,2,1.0,1037.66,647.05,1077.86,732.5,-1,cvat_interp
74,1,1,2,1.0,706.62,502.8,733.02,568.8,-1,cvat_interp
74,2,2,2,1.0,752.22,423.39,775.32,486.25,-1,cvat_interp
74,3,3,2,1.0,893.41,418.06,915.87,477.14,-1,cvat_interp
74,4,4,2,1.0,1739.96,700.84,1782.44,796.09,-1,cvat_interp
74,5,5,2,1.0,1535.04,459.17,1562.92,523.78,-1,cvat_interp
74,6,6,1,1.0,1366.6,391.15,1388.27,449.45,-1,cvat_interp
74,7,7,2,1.0,1205.91,367.38,1226.41,419.38,-1,cvat_interp
74,8,8,2,1.0,664.45,333.55,681.35,378.65,-1,cvat_interp
74,9,9,2,1.0,388.06,401.49,413.12,464.01,-1,cvat_interp
74,10,10,2,1.0,468.45,429.2,492.25,490.8,-1,cvat_interp
74,11,11,3,1.0,566.65,463.39,593.26,534.08,-1,cvat_interp
74,12,12,2,1.0,63.3,511.42,99.33,581.52,-1,cvat_interp
74,13,13,0,1.0,1205.34,411.35,1210.95,418.05,-1,cvat_interp
74,15,15,2,1.0,977.65,481.27,1002.65,548.07,-1,cvat_interp
75,0,0,2,1.0,1037.68,646.85,1077.75,732.3,-1,cvat_interp
75,1,1,2,1.0,707.99,502.68,734.39,568.68,-1,cvat_interp
75,2,2,2,1.0,751.7,423.77,776.07,485.99,-1,cvat_interp
75,3,3,2,1.0,894.1,417.6,916.56,477.0,-1,cvat_interp
75,4,4,2,1.0,1741.3,701.45,1784.5,796.7,-1,cvat_interp
75,5,5,2,1.0,1537.2,459.37,1564.15,523.98,-1,cvat_interp
75,6,6,1,1.0,1367.34,391.15,1389.01,449.45,-1,cvat_interp
75,7,7,2,1.0,1206.36,367.61,1226.86,419.61,-1,cvat_interp
75,8,8,2,1.0,665.47,333.48,682.37,378.58,-1,cvat_interp
75,9,9,2,1.0,387.4,401.71,412.68,463.79,-1,cvat_interp
75,10,10,2,1.0,469.41,429.2,493.21,490.8,-1,cvat_interp
75,11,11,3,1.0,567.05,463.57,593.95,534.25,-1,cvat_interp
75,12,12,2,1.0,63.15,511.5,99.17,581.68,-1,cvat_interp
75,13,13,0,1.0,1206.2,411.51,1211.81,418.21,-1,cvat_interp
75,15,15,2,1.0,977.83,481.55,1002.83,548.36,-1,cvat_interp
76,0,0,2,1.0,1037.71,646.65,1077.64,732.11,-1,cvat_interp
76,1,1,2,1.0,709.35,502.56,735.75,568.56,-1,cvat_interp
76,2,2,2,1.0,751.18,424.16,776.81,485.73,-1,cvat_interp
76,3,3,2,1.0,894.8,417.15,917.26,476.86,-1,cvat_interp
76,4,4,2,1.0,1742.64,702.06,1786.55,797.31,-1,cvat_interp
76,5,5,2,1.0,1539.36,459.57,1565.38,524.18,-1,cvat_interp
76,6,6,1,1.0,1368.08,391.15,1389.75,449.45,-1,cvat_interp
76,7,7,2,1.0,1206.81,367.83,1227.31,419.83,-1,cvat_interp
76,8,8,2,1.0,666.48,333.42,683.38,378.52,-1,cvat_interp
76,9,9,2,1.0,386.74,401.93,412.23,463.57,-1,cvat_interp
76,10,10,2,1.0,470.37,429.2,494.17,490.8,-1,cvat_interp
76,11,11,3,1.0,567.44,463.74,594.64,534.43,-1,cvat_interp
76,12,12,2,1.0,62.99,511.58,99.02,581.84,-1,cvat_interp
76,13,13,0,1.0,1207.07,411.68,1212.67,418.38,-1,cvat_interp
76,15,15,2,1.0,978.01,481.84,1003.01,548.64,-1,cvat_interp
77,0,0,2,1.0,1037.73,646.45,1077.53,731.91,-1,cvat_interp
77,1,1,2,1.0,710.72,502.43,737.12,568.43,-1,cvat_interp
77,2,2,2,1.0,750.66,424.54,777.56,485.47,-1,cvat_interp
77,3,3,2,1.0,895.49,416.7,917.95,476.72,-1,cvat_interp
77,4,4,2,1.0,1743.98,702.67,1788.61,797.92,-1,cvat_interp
77,5,5,2,1.0,1541.52,459.77,1566.61,524.38,-1,cvat_interp
77,6,6,1,1.0,1368.83,391.15,1390.49,449.45,-1,cvat_interp
77,7,7,2,1.0,1207.26,368.06,1227.76,420.06,-1,cvat_interp
77,8,8,2,1.0,667.49,333.36,684.39,378.46,-1,cvat_interp
77,9,9,2,1.0,386.08,402.16,411.79,463.35,-1,cvat_interp
77,10,10,2,1.0,471.33,429.2,495.13,490.8,-1,cvat_interp
77,11,11,3,1.0,567.83,463.92,595.33,534.6,-1,cvat_interp
77,12,12,2,1.0,62.83,511.66,98.86,581.99,-1,cvat_interp
77,13,13,0,1.0,1207.93,411.84,1213.54,418.54,-1,cvat_interp
77,15,15,2,1.0,978.19,482.12,1003.19,548.93,-1,cvat_interp
78,0,0,2,1.0,1037.75,646.25,1077.42,731.71,-1,cvat_interp
78,1,1,2,1.0,712.08,502.31,738.48,568.31,-1,cvat_interp
78,2,2,2,1.0,750.14,424.93,778.31,485.22,-1,cvat_interp
78,3,3,2,1.0,896.18,416.25,918.64,476.58,-1,cvat_interp
78,4,4,2,1.0,1745.32,703.28,1790.67,798.53,-1,cvat_interp
78,5,5,2,1.0,1543.68,459.97,1567.84,524.58,-1,cvat_interp
78,6,6,1,1.0,1369.57,391.15,1391.24,449.45,-1,cvat_interp
78,7,7,2,1.0,1207.71,368.28,1228.21,420.28,-1,cvat_interp
78,8,8,2,1.0,668.51,333.29,685.41,378.39,-1,cvat_interp
78,9,9,2,1.0,385.42,402.38,411.34,463.14,-1,cvat_interp
78,10,10,2,1.0,472.3,429.2,496.1,490.8,-1,cvat_interp
78,11,11,3,1.0,568.23,464.09,596.02,534.78,-1,cvat_interp
78,12,12,2,1.0,62.68,511.74,98.7,582.15,-1,cvat_interp
78,13,13,0,1.0,1208.79,412.0,1214.4,418.7,-1,cvat_interp
78,15,15,2,1.0,978.36,482.41,1003.36,549.21,-1,cvat_interp
79,0,0,2,1.0,1037.77,646.05,1077.31,731.51,-1,cvat_interp
79,1,1,2,1.0,713.45,502.18,739.85,568.18,-1,cvat_interp
79,2,2,2,1.0,749.62,425.31,779.05,484.96,-1,cvat_interp
79,3,3,2,1.0,896.88,415.79,919.33,476.44,-1,cvat_interp
79,4,4,2,1.0,1746.66,703.89,1792.73,799.14,-1,cvat_interp
79,5,5,2,1.0,1545.84,460.16,1569.07,524.77,-1,cvat_interp
79,6,6,1,1.0,1370.31,391.15,1391.98,449.45,-1,cvat_interp
79,7,7,2,1.0,1208.16,368.51,1228.66,420.51,-1,cvat_interp
79,8,8,2,1.0,669.52,333.23,686.42,378.33,-1,cvat_interp
79,9,9,2,1.0,384.76,402.6,410.9,462.92,-1,cvat_interp
79,10,10,2,1.0,473.26,429.2,497.06,490.8,-1,cvat_interp
79,11,11,3,1.0,568.62,464.27,596.71,534.95,-1,cvat_interp
79,12,12,2,1.0,62.52,511.82,98.55,582.3,-1,cvat_interp
79,13,13,0,1.0,1209.65,412.17,1215.26,418.87,-1,cvat_interp
79,15,15,2,1.0,978.54,482.69,1003.54,549.5,-1,cvat_interp
80,0,0,2,1.0,1037.79,645.86,1077.2,731.31,-1,cvat_interp
80,1,1,2,1.0,714.81,502.06,741.21,568.06,-1,cvat_keyframe
80,2,2,2,1.0,749.1,425.7,779.8,484.7,-1,cvat_keyframe
80,3,3,2,1.0,897.57,415.34,920.03,476.3,-1,cvat_keyframe
80,4,4,2,1.0,1748.0,704.5,1794.79,799.75,-1,cvat_keyframe
80,5,5,2,1.0,1548.0,460.36,1570.3,524.97,-1,cvat_keyframe
80,6,6,1,1.0,1371.05,391.15,1392.72,449.45,-1,cvat_keyframe
80,7,7,2,1.0,1208.62,368.74,1229.12,420.74,-1,cvat_keyframe
80,8,8,2,1.0,670.53,333.17,687.43,378.27,-1,cvat_keyframe
80,9,9,2,1.0,384.1,402.82,410.45,462.7,-1,cvat_keyframe
80,10,10,2,1.0,474.22,429.2,498.02,490.8,-1,cvat_keyframe
80,11,11,3,1.0,569.02,464.44,597.4,535.13,-1,cvat_keyframe
80,12,12,2,1.0,62.37,511.9,98.39,582.46,-1,cvat_interp
80,13,13,0,1.0,1210.51,412.33,1216.12,419.03,-1,cvat_keyframe
80,15,15,2,1.0,978.72,482.98,1003.72,549.78,-1,cvat_keyframe
81,0,0,2,1.0,1037.82,645.66,1077.09,731.11,-1,cvat_interp
81,1,1,2,1.0,715.9,502.02,742.3,568.02,-1,cvat_interp
81,2,2,2,1.0,748.98,425.58,778.7,484.66,-1,cvat_interp
81,3,3,2,1.0,898.48,415.12,920.94,476.08,-1,cvat_interp
81,4,4,2,1.0,1750.97,704.91,1796.83,800.16,-1,cvat_interp
81,5,5,2,1.0,1549.06,460.64,1571.54,525.24,-1,cvat_interp
81,6,6,1,1.0,1371.74,391.15,1393.41,449.45,-1,cvat_interp
81,7,7,2,1.0,1209.2,368.66,1229.97,420.46,-1,cvat_interp
81,8,8,2,1.0,671.46,332.87,688.36,377.97,-1,cvat_interp
81,9,9,2,1.0,383.78,402.85,409.91,462.73,-1,cvat_interp
81,10,10,2,1.0,474.96,429.26,498.76,490.86,-1,cvat_interp
81,11,11,3,1.0,569.42,464.77,598.22,535.26,-1,cvat_interp
81,12,12,2,1.0,62.21,511.98,98.24,582.61,-1,cvat_interp
81,13,13,0,1.0,1211.21,412.31,1216.82,419.01,-1,cvat_interp
81,15,15,2,1.0,978.93,483.37,1003.93,550.18,-1,cvat_interp
82,0,0,2,1.0,1037.84,645.46,1076.98,730.91,-1,cvat_interp
82,1,1,2,1.0,716.99,501.97,743.39,567.97,-1,cvat_interp
82,2,2,2,1.0,748.86,425.46,777.6,484.62,-1,cvat_interp
82,3,3,2,1.0,899.4,414.9,921.86,475.86,-1,cvat_interp
82,4,4,2,1.0,1753.94,705.32,1798.87,800.57,-1,cvat_interp
82,5,5,2,1.0,1550.12,460.91,1572.78,525.52,-1,cvat_interp
82,6,6,1,1.0,1372.43,391.15,1394.1,449.45,-1,cvat_interp
82,7,7,2,1.0,1209.79,368.59,1230.83,420.19,-1,cvat_interp
82,8,8,2,1.0,672.38,332.58,689.28,377.68,-1,cvat_interp
82,9,9,2,1.0,383.46,402.89,409.36,462.76,-1,cvat_interp
82,10,10,2,1.0,475.7,429.33,499.5,490.93,-1,cvat_interp
82,11,11,3,1.0,569.83,465.09,599.04,535.38,-1,cvat_interp
82,12,12,2,1.0,62.06,512.06,98.08,582.77,-1,cvat_interp
82,13,13,0,1.0,1211.91,412.29,1217.52,418.99,-1,cvat_interp
82,15,15,2,1.0,979.15,483.76,1004.15,550.57,-1,cvat_interp
83,0,0,2,1.0,1037.86,645.26,1076.87,730.71,-1,cvat_interp
83,1,1,2,1.0,718.08,501.93,744.48,567.93,-1,cvat_interp
83,2,2,2,1.0,748.74,425.33,776.5,484.58,-1,cvat_interp
83,3,3,2,1.0,900.31,414.69,922.77,475.65,-1,cvat_interp
83,4,4,2,1.0,1756.91,705.73,1800.91,800.97,-1,cvat_interp
83,5,5,2,1.0,1551.18,461.19,1574.02,525.79,-1,cvat_interp
83,6,6,1,1.0,1373.13,391.15,1394.79,449.45,-1,cvat_interp
83,7,7,2,1.0,1210.38,368.52,1231.69,419.91,-1,cvat_interp
83,8,8,2,1.0,673.31,332.28,690.21,377.38,-1,cvat_interp
83,9,9,2,1.0,383.13,402.92,408.82,462.8,-1,cvat_interp
83,10,10,2,1.0,476.44,429.39,500.24,490.99,-1,cvat_interp
83,11,11,3,1.0,570.24,465.42,599.86,535.51,-1,cvat_interp
83,12,12,2,1.0,61.9,512.14,97.92,582.93,-1,cvat_interp
83,13,13,0,1.0,1212.61,412.27,1218.22,418.97,-1,cvat_interp
83,15,15,2,1.0,979.36,484.16,1004.36,550.96,-1,cvat_interp
84,0,0,2,1.0,1037.88,645.06,1076.76,730.51,-1,cvat_interp
84,1,1,2,1.0,719.17,501.88,745.57,567.88,-1,cvat_interp
84,2,2,2,1.0,748.62,425.21,775.4,484.54,-1,cvat_interp
84,3,3,2,1.0,901.23,414.47,923.68,475.43,-1,cvat_interp
84,4,4,2,1.0,1759.88,706.14,1802.95,801.38,-1,cvat_interp
84,5,5,2,1.0,1552.24,461.47,1575.26,526.06,-1,cvat_interp
84,6,6,1,1.0,1373.82,391.15,1395.49,449.45,-1,cvat_interp
84,7,7,2,1.0,1210.97,368.44,1232.55,419.64,-1,cvat_interp
84,8,8,2,1.0,674.24,331.99,691.14,377.09,-1,cvat_interp
84,9,9,2,1.0,382.81,402.95,408.27,462.83,-1,cvat_interp
84,10,10,2,1.0,477.18,429.46,500.98,491.06,-1,cvat_interp
84,11,11,3,1.0,570.65,465.74,600.68,535.64,-1,cvat_interp
84,12,12,2,1.0,61.74,512.22,97.77,583.08,-1,cvat_interp
84,13,13,0,1.0,1213.31,412.25,1218.92,418.95,-1,cvat_interp
84,15,15,2,1.0,979.58,484.55,1004.58,551.35,-1,cvat_interp
85,0,0,2,1.0,1037.9,644.86,1076.65,730.31,-1,cvat_interp
85,1,1,2,1.0,720.26,501.84,746.66,567.84,-1,cvat_interp
85,2,2,2,1.0,748.5,425.09,774.3,484.5,-1,cvat_interp
85,3,3,2,1.0,902.14,414.25,924.6,475.21,-1,cvat_interp
85,4,4,2,1.0,1762.85,706.55,1805.0,801.79,-1,cvat_interp
85,5,5,2,1.0,1553.3,461.74,1576.5,526.34,-1,cvat_interp
85,6,6,1,1.0,1374.51,391.15,1396.18,449.45,-1,cvat_interp
85,7,7,2,1.0,1211.55,368.37,1233.41,419.37,-1,cvat_interp
85,8,8,2,1.0,675.17,331.69,692.07,376.79,-1,cvat_interp
85,9,9,2,1.0,382.49,402.98,407.73,462.86,-1,cvat_interp
85,10,10,2,1.0,477.92,429.52,501.72,491.12,-1,cvat_interp
85,11,11,3,1.0,571.06,466.07,601.5,535.76,-1,cvat_interp
85,12,12,2,1.0,61.59,512.3,97.61,583.24,-1,cvat_interp
85,13,13,0,1.0,1214.01,412.23,1219.62,418.93,-1,cvat_interp
85,15,15,2,1.0,979.79,484.94,1004.79,551.74,-1,cvat_interp
86,0,0,2,1.0,1037.93,644.66,1076.54,730.12,-1,cvat_interp
86,1,1,2,1.0,721.35,501.8,747.75,567.8,-1,cvat_interp
86,2,2,2,1.0,748.38,424.97,773.2,484.46,-1,cvat_interp
86,3,3,2,1.0,903.05,414.03,925.51,474.99,-1,cvat_interp
86,4,4,2,1.0,1765.82,706.96,1807.04,802.2,-1,cvat_interp
86,5,5,2,1.0,1554.36,462.02,1577.74,526.61,-1,cvat_interp
86,6,6,1,1.0,1375.2,391.15,1396.87,449.45,-1,cvat_interp
86,7,7,2,1.0,1212.14,368.29,1234.27,419.09,-1,cvat_interp
86,8,8,2,1.0,676.09,331.4,692.99,376.5,-1,cvat_interp
86,9,9,2,1.0,382.17,403.02,407.18,462.89,-1,cvat_interp
86,10,10,2,1.0,478.66,429.59,502.46,491.18,-1,cvat_interp
86,11,11,3,1.0,571.47,466.4,602.32,535.89,-1,cvat_interp
86,12,12,2,1.0,61.43,512.38,97.46,583.39,-1,cvat_interp
86,13,13,0,1.0,1214.71,412.21,1220.32,418.91,-1,cvat_interp
86,15,15,2,1.0,980.0,485.33,1005.0,552.14,-1,cvat_interp
87,0,0,2,1.0,1037.95,644.46,1076.43,729.92,-1,cvat_interp
87,1,1,2,1.0,722.43,501.75,748.83,567.75,-1,cvat_interp
87,2,2,2,1.0,748.26,424.84,772.1,484.41,-1,cvat_interp
87,3,3,2,1.0,903.97,413.82,926.43,474.78,-1,cvat_interp
87,4,4,2,1.0,1768.79,707.37,1809.08,802.61,-1,cvat_interp
87,5,5,2,1.0,1555.42,462.3,1578.98,526.88,-1,cvat_interp
87,6,6,1,1.0,1375.89,391.15,1397.56,449.45,-1,cvat_interp
87,7,7,2,1.0,1212.73,368.22,1235.12,418.82,-1,cvat_interp
87,8,8,2,1.0,677.02,331.1,693.92,376.2,-1,cvat_interp
87,9,9,2,1.0,381.85,403.05,406.64,462.93,-1,cvat_interp
87,10,10,2,1.0,479.4,429.65,503.2,491.25,-1,cvat_interp
87,11,11,3,1.0,571.87,466.72,603.14,536.02,-1,cvat_interp
87,12,12,2,1.0,61.28,512.46,97.3,583.55,-1,cvat_interp
87,13,13,0,1.0,1215.41,412.19,1221.02,418.89,-1,cvat_interp
87,15,15,2,1.0,980.22,485.72,1005.22,552.53,-1,cvat_interp
88,0,0,2,1.0,1037.97,644.26,1076.32,729.72,-1,cvat_interp
88,1,1,2,1.0,723.52,501.71,749.92,567.71,-1,cvat_interp
88,2,2,2,1.0,748.14,424.72,771.0,484.37,-1,cvat_interp
88,3,3,2,1.0,904.88,413.6,927.34,474.56,-1,cvat_interp
88,4,4,2,1.0,1771.76,707.77,1811.12,803.02,-1,cvat_interp
88,5,5,2,1.0,1556.48,462.57,1580.22,527.15,-1,cvat_interp
88,6,6,1,1.0,1376.58,391.15,1398.25,449.45,-1,cvat_interp
88,7,7,2,1.0,1213.32,368.15,1235.98,418.54,-1,cvat_interp
88,8,8,2,1.0,677.95,330.81,694.85,375.91,-1,cvat_interp
88,9,9,2,1.0,381.52,403.08,406.09,462.96,-1,cvat_interp
88,10,10,2,1.0,480.14,429.72,503.94,491.31,-1,cvat_interp
88,11,11,3,1.0,572.28,467.05,603.96,536.15,-1,cvat_interp
88,12,12,2,1.0,61.12,512.54,97.15,583.71,-1,cvat_interp
88,13,13,0,1.0,1216.11,412.17,1221.72,418.87,-1,cvat_interp
88,15,15,2,1.0,980.43,486.12,1005.43,552.92,-1,cvat_interp
89,0,0,2,1.0,1037.99,644.06,1076.21,729.52,-1,cvat_interp
89,1,1,2,1.0,724.61,501.67,751.01,567.67,-1,cvat_interp
89,2,2,2,1.0,748.02,424.6,769.9,484.33,-1,cvat_interp
89,3,3,2,1.0,905.8,413.38,928.26,474.34,-1,cvat_interp
89,4,4,2,1.0,1774.73,708.18,1813.16,803.43,-1,cvat_interp
89,5,5,2,1.0,1557.54,462.85,1581.46,527.43,-1,cvat_interp
89,6,6,1,1.0,1377.27,391.15,1398.94,449.45,-1,cvat_interp
89,7,7,2,1.0,1213.9,368.07,1236.84,418.27,-1,cvat_interp
89,8,8,2,1.0,678.87,330.51,695.77,375.61,-1,cvat_interp
89,9,9,2,1.0,381.2,403.11,405.55,462.99,-1,cvat_interp
89,10,10,2,1.0,480.88,429.78,504.68,491.38,-1,cvat_interp
89,11,11,3,1.0,572.69,467.37,604.78,536.27,-1,cvat_interp
89,12,12,2,1.0,60.96,512.62,96.99,583.86,-1,cvat_interp
89,13,13,0,1.0,1216.81,412.15,1222.42,418.85,-1,cvat_interp
89,15,15,2,1.0,980.65,486.51,1005.65,553.31,-1,cvat_interp
90,0,0,2,1.0,1038.02,643.86,1076.1,729.32,-1,cvat_interp
90,1,1,2,1.0,725.7,501.62,752.1,567.62,-1,cvat_keyframe
90,2,2,2,1.0,747.9,424.48,768.8,484.29,-1,cvat_keyframe
90,3,3,2,1.0,906.71,413.16,929.17,474.12,-1,cvat_keyframe
90,4,4,2,1.0,1777.7,708.59,1815.2,803.84,-1,cvat_keyframe
90,5,5,2,1.0,1558.6,463.13,1582.7,527.7,-1,cvat_keyframe
90,6,6,1,1.0,1377.96,391.15,1399.63,449.45,-1,cvat_keyframe
90,7,7,2,1.0,1214.49,368.0,1237.7,417.99,-1,cvat_keyframe
90,8,8,2,1.0,679.8,330.22,696.7,375.32,-1,cvat_keyframe
90,9,9,2,1.0,380.88,403.14,405.0,463.02,-1,cvat_keyframe
90,10,10,2,1.0,481.62,429.84,505.42,491.44,-1,cvat_keyframe
90,11,11,3,1.0,573.1,467.7,605.6,536.4,-1,cvat_keyframe
90,12,12,2,1.0,60.81,512.7,96.83,584.02,-1,cvat_keyframe
90,13,13,0,1.0,1217.5,412.13,1223.11,418.83,-1,cvat_keyframe
90,15,15,2,1.0,980.86,486.9,1005.86,553.71,-1,cvat_keyframe
91,0,0,2,1.0,1038.04,643.67,1075.99,729.12,-1,cvat_interp
91,1,1,2,1.0,727.25,501.22,753.65,567.22,-1,cvat_interp
91,2,2,2,1.0,747.9,423.79,769.14,483.6,-1,cvat_interp
91,3,3,2,1.0,908.08,412.71,930.54,473.67,-1,cvat_interp
91,4,4,2,1.0,1779.89,709.09,1818.86,804.33,-1,cvat_interp
91,5,5,2,1.0,1560.85,463.08,1584.95,527.66,-1,cvat_interp
91,6,6,1,1.0,1380.1,391.0,1401.26,449.11,-1,cvat_interp
91,7,7,2,1.0,1216.06,367.7,1239.04,417.69,-1,cvat_interp
91,8,8,2,1.0,681.24,329.59,698.14,374.69,-1,cvat_interp
91,9,9,2,1.0,380.55,402.62,405.14,462.5,-1,cvat_interp
91,10,10,2,1.0,483.29,429.21,507.09,490.81,-1,cvat_interp
91,11,11,3,1.0,573.1,467.47,605.6,536.17,-1,cvat_interp
91,12,12,2,1.0,60.57,512.3,96.59,583.62,-1,cvat_interp
91,13,13,0,1.0,1219.05,411.6,1224.66,418.3,-1,cvat_interp
91,15,15,2,1.0,981.32,486.97,1006.32,553.78,-1,cvat_interp
92,0,0,2,1.0,1038.06,643.47,1075.88,728.92,-1,cvat_interp
92,1,1,2,1.0,728.8,500.82,755.2,566.82,-1,cvat_interp
92,2,2,2,1.0,747.9,423.1,769.48,482.91,-1,cvat_interp
92,3,3,2,1.0,909.44,412.25,931.9,473.21,-1,cvat_interp
92,4,4,2,1.0,1782.08,709.58,1822.52,804.83,-1,cvat_interp
92,5,5,2,1.0,1563.1,463.04,1587.21,527.61,-1,cvat_interp
92,6,6,1,1.0,1382.23,390.85,1402.89,448.78,-1,cvat_interp
92,7,7,2,1.0,1217.62,367.4,1240.38,417.39,-1,cvat_interp
92,8,8,2,1.0,682.67,328.95,699.57,374.05,-1,cvat_interp
92,9,9,2,1.0,380.21,402.1,405.28,461.97,-1,cvat_interp
92,10,10,2,1.0,484.96,428.58,508.76,490.18,-1,cvat_interp
92,11,11,3,1.0,573.1,467.24,605.6,535.94,-1,cvat_interp
92,12,12,2,1.0,60.33,511.9,96.35,583.22,-1,cvat_interp
92,13,13,0,1.0,1220.6,411.06,1226.21,417.76,-1,cvat_interp
92,15,15,2,1.0,981.79,487.04,1006.79,553.85,-1,cvat_interp
93,0,0,2,1.0,1038.08,643.27,1075.77,728.72,-1,cvat_interp
93,1,1,2,1.0,730.36,500.42,756.76,566.42,-1,cvat_interp
93,2,2,2,1.0,747.9,422.41,769.82,482.22,-1,cvat_interp
93,3,3,2,1.0,910.81,411.8,933.27,472.76,-1,cvat_interp
93,4,4,2,1.0,1784.27,710.08,1826.18,805.32,-1,cvat_interp
93,5,5,2,1.0,1565.35,463.0,1589.46,527.57,-1,cvat_interp
93,6,6,1,1.0,1384.36,390.69,1404.51,448.44,-1,cvat_interp
93,7,7,2,1.0,1219.19,367.1,1241.72,417.09,-1,cvat_interp
93,8,8,2,1.0,684.11,328.32,701.01,373.42,-1,cvat_interp
93,9,9,2,1.0,379.88,401.57,405.42,461.45,-1,cvat_interp
93,10,10,2,1.0,486.63,427.95,510.43,489.54,-1,cvat_interp
93,11,11,3,1.0,573.1,467.01,605.6,535.71,-1,cvat_interp
93,12,12,2,1.0,60.09,511.5,96.11,582.82,-1,cvat_interp
93,13,13,0,1.0,1222.14,410.53,1227.75,417.23,-1,cvat_interp
93,15,15,2,1.0,982.25,487.12,1007.25,553.92,-1,cvat_interp
94,0,0,2,1.0,1038.1,643.07,1075.66,728.52,-1,cvat_interp
94,1,1,2,1.0,731.91,500.01,758.31,566.01,-1,cvat_interp
94,2,2,2,1.0,747.9,421.72,770.16,481.53,-1,cvat_interp
94,3,3,2,1.0,912.18,411.34,934.63,472.3,-1,cvat_interp
94,4,4,2,1.0,1786.46,710.57,1829.84,805.82,-1,cvat_interp
94,5,5,2,1.0,1567.61,462.95,1591.71,527.53,-1,cvat_interp
94,6,6,1,1.0,1386.5,390.54,1406.14,448.11,-1,cvat_interp
94,7,7,2,1.0,1220.76,366.79,1243.06,416.79,-1,cvat_interp
94,8,8,2,1.0,685.55,327.69,702.45,372.79,-1,cvat_interp
94,9,9,2,1.0,379.55,401.05,405.56,460.93,-1,cvat_interp
94,10,10,2,1.0,488.29,427.31,512.09,488.91,-1,cvat_interp
94,11,11,3,1.0,573.1,466.78,605.6,535.48,-1,cvat_interp
94,12,12,2,1.0,59.85,511.1,95.87,582.42,-1,cvat_interp
94,13,13,0,1.0,1223.69,409.99,1229.3,416.69,-1,cvat_interp
94,15,15,2,1.0,982.71,487.19,1007.71,553.99,-1,cvat_interp
95,0,0,2,1.0,1038.13,642.87,1075.55,728.32,-1,cvat_interp
95,1,1,2,1.0,733.46,499.61,759.86,565.61,-1,cvat_interp
95,2,2,2,1.0,747.9,421.03,770.5,480.84,-1,cvat_interp
95,3,3,2,1.0,913.54,410.89,936.0,471.85,-1,cvat_interp
95,4,4,2,1.0,1788.65,711.06,1833.5,806.31,-1,cvat_interp
95,5,5,2,1.0,1569.86,462.91,1593.96,527.48,-1,cvat_interp
95,6,6,1,1.0,1388.63,390.39,1407.76,447.77,-1,cvat_interp
95,7,7,2,1.0,1222.32,366.49,1244.4,416.49,-1,cvat_interp
95,8,8,2,1.0,686.98,327.06,703.88,372.16,-1,cvat_interp
95,9,9,2,1.0,379.21,400.53,405.7,460.4,-1,cvat_interp
95,10,10,2,1.0,489.96,426.68,513.76,488.28,-1,cvat_interp
95,11,11,3,1.0,573.1,466.55,605.6,535.25,-1,cvat_interp
95,12,12,2,1.0,59.61,510.7,95.63,582.02,-1,cvat_interp
95,13,13,0,1.0,1225.24,409.46,1230.85,416.16,-1,cvat_interp
95,15,15,2,1.0,983.18,487.26,1008.18,554.06,-1,cvat_interp
96,0,0,2,1.0,1038.15,642.67,1075.44,728.12,-1,cvat_interp
96,1,1,2,1.0,735.01,499.21,761.41,565.21,-1,cvat_interp
96,2,2,2,1.0,747.9,420.34,770.84,480.15,-1,cvat_interp
96,3,3,2,1.0,914.91,410.43,937.37,471.39,-1,cvat_interp
96,4,4,2,1.0,1790.84,711.56,1837.16,806.8,-1,cvat_interp
96,5,5,2,1.0,1572.11,462.87,1596.22,527.44,-1,cvat_interp
96,6,6,1,1.0,1390.77,390.24,1409.39,447.44,-1,cvat_interp
96,7,7,2,1.0,1223.89,366.19,1245.74,416.19,-1,cvat_interp
96,8,8,2,1.0,688.42,326.42,705.32,371.52,-1,cvat_interp
96,9,9,2,1.0,378.88,400.0,405.84,459.88,-1,cvat_interp
96,10,10,2,1.0,491.63,426.05,515.43,487.65,-1,cvat_interp
96,11,11,3,1.0,573.1,466.32,605.6,535.02,-1,cvat_interp
96,12,12,2,1.0,59.37,510.3,95.39,581.62,-1,cvat_interp
96,13,13,0,1.0,1226.78,408.92,1232.39,415.62,-1,cvat_interp
96,15,15,2,1.0,983.64,487.33,1008.64,554.13,-1,cvat_interp
97,0,0,2,1.0,1038.17,642.47,1075.33,727.93,-1,cvat_interp
97,1,1,2,1.0,736.56,498.81,762.96,564.81,-1,cvat_interp
97,2,2,2,1.0,747.9,419.65,771.18,479.46,-1,cvat_interp
97,3,3,2,1.0,916.27,409.98,938.73,470.94,-1,cvat_interp
97,4,4,2,1.0,1793.03,712.05,1840.82,807.3,-1,cvat_interp
97,5,5,2,1.0,1574.36,462.82,1598.47,527.4,-1,cvat_interp
97,6,6,1,1.0,1392.9,390.09,1411.02,447.1,-1,cvat_interp
97,7,7,2,1.0,1225.46,365.89,1247.08,415.88,-1,cvat_interp
97,8,8,2,1.0,689.86,325.79,706.76,370.89,-1,cvat_interp
97,9,9,2,1.0,378.55,399.48,405.98,459.36,-1,cvat_interp
97,10,10,2,1.0,493.29,425.42,517.09,487.02,-1,cvat_interp
97,11,11,3,1.0,573.1,466.09,605.6,534.79,-1,cvat_interp
97,12,12,2,1.0,59.13,509.9,95.15,581.22,-1,cvat_interp
97,13,13,0,1.0,1228.33,408.39,1233.94,415.09,-1,cvat_interp
97,15,15,2,1.0,984.1,487.4,1009.1,554.2,-1,cvat_interp
98,0,0,2,1.0,1038.19,642.27,1075.22,727.73,-1,cvat_interp
98,1,1,2,1.0,738.11,498.4,764.52,564.4,-1,cvat_interp
98,2,2,2,1.0,747.9,418.96,771.52,478.77,-1,cvat_interp
98,3,3,2,1.0,917.64,409.52,940.1,470.48,-1,cvat_interp
98,4,4,2,1.0,1795.22,712.55,1844.48,807.79,-1,cvat_interp
98,5,5,2,1.0,1576.62,462.78,1600.72,527.35,-1,cvat_interp
98,6,6,1,1.0,1395.03,389.94,1412.64,446.77,-1,cvat_interp
98,7,7,2,1.0,1227.02,365.59,1248.42,415.58,-1,cvat_interp
98,8,8,2,1.0,691.3,325.16,708.2,370.26,-1,cvat_interp
98,9,9,2,1.0,378.21,398.95,406.12,458.83,-1,cvat_interp
98,10,10,2,1.0,494.96,424.79,518.76,486.38,-1,cvat_interp
98,11,11,3,1.0,573.1,465.86,605.6,534.56,-1,cvat_interp
98,12,12,2,1.0,58.89,509.5,94.91,580.82,-1,cvat_interp
98,13,13,0,1.0,1229.88,407.85,1235.49,414.55,-1,cvat_interp
98,15,15,2,1.0,984.57,487.47,1009.57,554.28,-1,cvat_interp
99,0,0,2,1.0,1038.21,642.07,1075.11,727.53,-1,cvat_interp
99,1,1,2,1.0,739.67,498.0,766.07,564.0,-1,cvat_interp
99,2,2,2,1.0,747.9,418.27,771.86,478.09,-1,cvat_interp
99,3,3,2,1.0,919.01,409.06,941.47,470.02,-1,cvat_interp
99,4,4,2,1.0,1797.41,713.04,1848.14,808.29,-1,cvat_interp
99,5,5,2,1.0,1578.87,462.74,1602.97,527.31,-1,cvat_interp
99,6,6,1,1.0,1397.17,389.79,1414.27,446.43,-1,cvat_interp
99,7,7,2,1.0,1228.59,365.29,1249.76,415.28,-1,cvat_interp
99,8,8,2,1.0,692.73,324.53,709.63,369.63,-1,cvat_interp
99,9,9,2,1.0,377.88,398.43,406.26,458.31,-1,cvat_interp
99,10,10,2,1.0,496.63,424.15,520.43,485.75,-1,cvat_interp
99,11,11,3,1.0,573.1,465.63,605.6,534.33,-1,cvat_interp
99,12,12,2,1.0,58.65,509.1,94.67,580.42,-1,cvat_interp
99,13,13,0,1.0,1231.42,407.32,1237.03,414.02,-1,cvat_interp
99,15,15,2,1.0,985.03,487.54,1010.03,554.35,-1,cvat_interp
100,0,0,2,1.0,1038.24,641.87,1075.0,727.33,-1,cvat_keyframe
100,1,1,2,1.0,741.22,497.6,767.62,563.6,-1,cvat_keyframe
100,2,2,2,1.0,747.9,417.58,772.2,477.4,-1,cvat_keyframe
100,3,3,2,1.0,920.37,408.61,942.83,469.57,-1,cvat_keyframe
100,4,4,2,1.0,1799.6,713.53,1851.8,808.78,-1,cvat_keyframe
100,5,5,2,1.0,1581.12,462.69,1605.23,527.27,-1,cvat_keyframe
100,6,6,1,1.0,1399.3,389.64,1415.9,446.1,-1,cvat_keyframe
100,7,7,2,1.0,1230.16,364.99,1251.1,414.98,-1,cvat_keyframe
100,8,8,2,1.0,694.17,323.9,711.07,369.0,-1,cvat_keyframe
100,9,9,2,1.0,377.55,397.91,406.4,457.78,-1,cvat_keyframe
100,10,10,2,1.0,498.29,423.52,522.09,485.12,-1,cvat_keyframe
100,11,11,3,1.0,573.1,465.4,605.6,534.1,-1,cvat_keyframe
100,12,12,2,1.0,58.41,508.7,94.43,580.02,-1,cvat_keyframe
100,13,13,0,1.0,1232.97,406.79,1238.58,413.49,-1,cvat_keyframe
100,15,15,2,1.0,985.49,487.61,1010.49,554.42,-1,cvat_keyframe
101,0,0,2,1.0,1038.82,641.87,1076.03,727.33,-1,cvat_interp
101,1,1,2,1.0,741.94,497.39,768.34,563.39,-1,cvat_interp
101,2,2,2,1.0,748.02,417.28,772.32,477.1,-1,cvat_interp
101,3,3,2,1.0,921.45,407.79,943.91,468.75,-1,cvat_interp
101,4,4,2,1.0,1804.44,713.67,1856.64,808.91,-1,cvat_interp
101,5,5,2,1.0,1583.84,462.35,1607.95,526.93,-1,cvat_interp
101,6,6,1,1.0,1401.18,389.07,1417.78,445.86,-1,cvat_interp
101,7,7,2,1.0,1231.87,364.47,1252.82,414.46,-1,cvat_interp
101,8,8,2,1.0,695.62,323.19,712.52,368.29,-1,cvat_interp
101,9,9,2,1.0,377.15,397.3,405.49,457.18,-1,cvat_interp
101,10,10,2,1.0,499.88,422.99,523.68,484.59,-1,cvat_interp
101,11,11,3,1.0,573.74,464.81,606.24,533.51,-1,cvat_interp
101,12,12,2,1.0,57.29,508.33,93.31,579.86,-1,cvat_interp
101,13,13,0,1.0,1234.8,406.35,1240.41,413.05,-1,cvat_interp
101,15,15,2,1.0,986.35,487.5,1011.35,554.45,-1,cvat_interp
102,0,0,2,1.0,1039.41,641.87,1077.06,727.33,-1,cvat_interp
102,1,1,2,1.0,742.66,497.19,769.06,563.19,-1,cvat_interp
102,2,2,2,1.0,748.14,416.98,772.44,476.8,-1,cvat_interp
102,3,3,2,1.0,922.53,406.96,944.99,467.92,-1,cvat_interp
102,4,4,2,1.0,1809.28,713.8,1861.48,809.05,-1,cvat_interp
102,5,5,2,1.0,1586.57,462.01,1610.67,526.59,-1,cvat_interp
102,6,6,1,1.0,1403.06,388.49,1419.65,445.62,-1,cvat_interp
102,7,7,2,1.0,1233.59,363.95,1254.53,413.94,-1,cvat_interp
102,8,8,2,1.0,697.07,322.49,713.97,367.59,-1,cvat_interp
102,9,9,2,1.0,376.75,396.69,404.58,456.57,-1,cvat_interp
102,10,10,2,1.0,501.46,422.47,525.26,484.07,-1,cvat_interp
102,11,11,3,1.0,574.38,464.22,606.88,532.92,-1,cvat_interp
102,12,12,2,1.0,56.17,507.96,92.19,579.7,-1,cvat_interp
102,13,13,0,1.0,1236.63,405.92,1242.24,412.62,-1,cvat_interp
102,15,15,2,1.0,987.2,487.39,1012.2,554.49,-1,cvat_interp
103,0,0,2,1.0,1039.99,641.87,1078.09,727.33,-1,cvat_interp
103,1,1,2,1.0,743.38,496.98,769.78,562.98,-1,cvat_interp
103,2,2,2,1.0,748.26,416.69,772.56,476.5,-1,cvat_interp
103,3,3,2,1.0,923.61,406.14,946.07,467.1,-1,cvat_interp
103,4,4,2,1.0,1814.12,713.94,1866.32,809.18,-1,cvat_interp
103,5,5,2,1.0,1589.29,461.67,1613.39,526.25,-1,cvat_interp
103,6,6,1,1.0,1404.93,387.92,1421.53,445.37,-1,cvat_interp
103,7,7,2,1.0,1235.31,363.43,1256.25,413.42,-1,cvat_interp
103,8,8,2,1.0,698.51,321.79,715.41,366.89,-1,cvat_interp
103,9,9,2,1.0,376.35,396.08,403.67,455.96,-1,cvat_interp
103,10,10,2,1.0,503.04,421.94,526.84,483.54,-1,cvat_interp
103,11,11,3,1.0,575.03,463.64,607.53,532.34,-1,cvat_interp
103,12,12,2,1.0,55.05,507.59,91.08,579.54,-1,cvat_interp
103,13,13,0,1.0,1238.45,405.49,1244.06,412.19,-1,cvat_interp
103,15,15,2,1.0,988.06,487.28,1013.06,554.53,-1,cvat_interp
104,0,0,2,1.0,1040.58,641.87,1079.12,727.33,-1,cvat_interp
104,1,1,2,1.0,744.1,496.78,770.5,562.78,-1,cvat_interp
104,2,2,2,1.0,748.38,416.39,772.68,476.21,-1,cvat_interp
104,3,3,2,1.0,924.7,405.32,947.15,466.28,-1,cvat_interp
104,4,4,2,1.0,1818.97,714.07,1871.17,809.32,-1,cvat_interp
104,5,5,2,1.0,1592.01,461.33,1616.11,525.91,-1,cvat_interp
104,6,6,1,1.0,1406.81,387.34,1423.41,445.13,-1,cvat_interp
104,7,7,2,1.0,1237.02,362.91,1257.97,412.9,-1,cvat_interp
104,8,8,2,1.0,699.96,321.09,716.86,366.19,-1,cvat_interp
104,9,9,2,1.0,375.96,395.47,402.76,455.35,-1,cvat_interp
104,10,10,2,1.0,504.62,421.41,528.42,483.01,-1,cvat_interp
104,11,11,3,1.0,575.67,463.05,608.17,531.75,-1,cvat_interp
104,12,12,2,1.0,53.93,507.22,89.96,579.38,-1,cvat_interp
104,13,13,0,1.0,1240.28,405.06,1245.89,411.76,-1,cvat_interp
104,15,15,2,1.0,988.92,487.17,1013.92,554.56,-1,cvat_interp
105,0,0,2,1.0,1041.16,641.87,1080.15,727.33,-1,cvat_interp
105,1,1,2,1.0,744.82,496.57,771.22,562.57,-1,cvat_interp
105,2,2,2,1.0,748.5,416.09,772.8,475.91,-1,cvat_interp
105,3,3,2,1.0,925.78,404.49,948.24,465.45,-1,cvat_interp
105,4,4,2,1.0,1823.81,714.21,1876.01,809.45,-1,cvat_interp
105,5,5,2,1.0,1594.73,460.99,1618.84,525.57,-1,cvat_interp
105,6,6,1,1.0,1408.69,386.77,1425.29,444.89,-1,cvat_interp
105,7,7,2,1.0,1238.74,362.39,1259.69,412.38,-1,cvat_interp
105,8,8,2,1.0,701.41,320.38,718.31,365.48,-1,cvat_interp
105,9,9,2,1.0,375.56,394.86,401.85,454.74,-1,cvat_interp
105,10,10,2,1.0,506.2,420.89,530.0,482.48,-1,cvat_interp
105,11,11,3,1.0,576.31,462.46,608.81,531.16,-1,cvat_interp
105,12,12,2,1.0,52.81,506.85,88.84,579.22,-1,cvat_interp
105,13,13,0,1.0,1242.11,404.63,1247.72,411.33,-1,cvat_interp
105,15,15,2,1.0,989.77,487.06,1014.77,554.6,-1,cvat_interp
106,0,0,2,1.0,1041.74,641.87,1081.18,727.33,-1,cvat_interp
106,1,1,2,1.0,745.54,496.36,771.94,562.36,-1,cvat_interp
106,2,2,2,1.0,748.61,415.79,772.91,475.61,-1,cvat_interp
106,3,3,2,1.0,926.86,403.67,949.32,464.63,-1,cvat_interp
106,4,4,2,1.0,1828.65,714.34,1880.85,809.59,-1,cvat_interp
106,5,5,2,1.0,1597.46,460.65,1621.56,525.23,-1,cvat_interp
106,6,6,1,1.0,1410.57,386.2,1427.17,444.65,-1,cvat_interp
106,7,7,2,1.0,1240.46,361.87,1261.4,411.86,-1,cvat_interp
106,8,8,2,1.0,702.86,319.68,719.76,364.78,-1,cvat_interp
106,9,9,2,1.0,375.16,394.25,400.94,454.13,-1,cvat_interp
106,10,10,2,1.0,507.78,420.36,531.58,481.96,-1,cvat_interp
106,11,11,3,1.0,576.95,461.87,609.45,530.57,-1,cvat_interp
106,12,12,2,1.0,51.69,506.48,87.72,579.06,-1,cvat_interp
106,13,13,0,1.0,1243.94,404.2,1249.54,410.9,-1,cvat_interp
106,15,15,2,1.0,990.63,486.95,1015.63,554.63,-1,cvat_interp
107,0,0,2,1.0,1042.33,641.87,1082.21,727.33,-1,cvat_interp
107,1,1,2,1.0,746.26,496.16,772.66,562.16,-1,cvat_interp
107,2,2,2,1.0,748.73,415.5,773.03,475.31,-1,cvat_interp
107,3,3,2,1.0,927.94,402.84,950.4,463.8,-1,cvat_interp
107,4,4,2,1.0,1833.49,714.48,1885.69,809.72,-1,cvat_interp
107,5,5,2,1.0,1600.18,460.31,1624.28,524.89,-1,cvat_interp
107,6,6,1,1.0,1412.45,385.62,1429.04,444.4,-1,cvat_interp
107,7,7,2,1.0,1242.17,361.35,1263.12,411.34,-1,cvat_interp
107,8,8,2,1.0,704.31,318.98,721.21,364.08,-1,cvat_interp
107,9,9,2,1.0,374.77,393.64,400.03,453.52,-1,cvat_interp
107,10,10,2,1.0,509.36,419.83,533.16,481.43,-1,cvat_interp
107,11,11,3,1.0,577.6,461.28,610.1,529.98,-1,cvat_interp
107,12,12,2,1.0,50.57,506.11,86.6,578.9,-1,cvat_interp
107,13,13,0,1.0,1245.76,403.77,1251.37,410.47,-1,cvat_interp
107,15,15,2,1.0,991.48,486.83,1016.48,554.67,-1,cvat_interp
108,0,0,2,1.0,1042.91,641.87,1083.24,727.33,-1,cvat_interp
108,1,1,2,1.0,746.98,495.95,773.38,561.95,-1,cvat_interp
108,2,2,2,1.0,748.85,415.2,773.15,475.01,-1,cvat_interp
108,3,3,2,1.0,929.02,402.02,951.48,462.98,-1,cvat_interp
108,4,4,2,1.0,1838.33,714.61,1890.53,809.86,-1,cvat_interp
108,5,5,2,1.0,1602.9,459.97,1627.0,524.55,-1,cvat_interp
108,6,6,1,1.0,1414.32,385.05,1430.92,444.16,-1,cvat_interp
108,7,7,2,1.0,1243.89,360.82,1264.84,410.82,-1,cvat_interp
108,8,8,2,1.0,705.76,318.28,722.66,363.38,-1,cvat_interp
108,9,9,2,1.0,374.37,393.03,399.12,452.91,-1,cvat_interp
108,10,10,2,1.0,510.94,419.31,534.74,480.9,-1,cvat_interp
108,11,11,3,1.0,578.24,460.69,610.74,529.39,-1,cvat_interp
108,12,12,2,1.0,49.45,505.74,85.48,578.74,-1,cvat_interp
108,13,13,0,1.0,1247.59,403.34,1253.2,410.04,-1,cvat_interp
108,15,15,2,1.0,992.34,486.72,1017.34,554.7,-1,cvat_interp
109,0,0,2,1.0,1043.5,641.87,1084.27,727.33,-1,cvat_interp
109,1,1,2,1.0,747.7,495.75,774.1,561.75,-1,cvat_interp
109,2,2,2,1.0,748.97,414.9,773.27,474.72,-1,cvat_interp
109,3,3,2,1.0,930.1,401.2,952.56,462.16,-1,cvat_interp
109,4,4,2,1.0,1843.17,714.75,1895.37,809.99,-1,cvat_interp
109,5,5,2,1.0,1605.62,459.63,1629.72,524.21,-1,cvat_interp
109,6,6,1,1.0,1416.2,384.47,1432.8,443.92,-1,cvat_interp
109,7,7,2,1.0,1245.61,360.3,1266.55,410.3,-1,cvat_interp
109,8,8,2,1.0,707.2,317.57,724.1,362.67,-1,cvat_interp
109,9,9,2,1.0,373.97,392.42,398.21,452.3,-1,cvat_interp
109,10,10,2,1.0,512.52,418.78,536.32,480.38,-1,cvat_interp
109,11,11,3,1.0,578.88,460.1,611.38,528.8,-1,cvat_interp
109,12,12,2,1.0,48.33,505.37,84.36,578.58,-1,cvat_interp
109,13,13,0,1.0,1249.42,402.91,1255.03,409.61,-1,cvat_interp
109,15,15,2,1.0,993.19,486.61,1018.19,554.74,-1,cvat_interp
110,0,0,2,1.0,1044.08,641.87,1085.3,727.33,-1,cvat_keyframe
110,1,1,2,1.0,748.42,495.54,774.83,561.54,-1,cvat_keyframe
110,2,2,2,1.0,749.09,414.6,773.39,474.42,-1,cvat_keyframe
110,3,3,2,1.0,931.18,400.37,953.64,461.33,-1,cvat_keyframe
110,4,4,2,1.0,1848.02,714.88,1900.22,810.13,-1,cvat_keyframe
110,5,5,2,1.0,1608.34,459.29,1632.45,523.87,-1,cvat_keyframe
110,6,6,1,1.0,1418.08,383.9,1434.68,443.68,-1,cvat_keyframe
110,7,7,2,1.0,1247.33,359.78,1268.27,409.78,-1,cvat_keyframe
110,8,8,2,1.0,708.65,316.87,725.55,361.97,-1,cvat_keyframe
110,9,9,2,1.0,373.57,391.81,397.3,451.69,-1,cvat_keyframe
110,10,10,2,1.0,514.1,418.25,537.9,479.85,-1,cvat_keyframe
110,11,11,3,1.0,579.52,459.51,612.02,528.21,-1,cvat_keyframe
110,12,12,2,1.0,47.21,505.0,83.24,578.42,-1,cvat_keyframe
110,13,13,0,1.0,1251.24,402.48,1256.85,409.18,-1,cvat_keyframe
110,15,15,2,1.0,994.05,486.5,1019.05,554.77,-1,cvat_keyframe
111,0,0,2,1.0,1044.01,641.31,1085.23,726.76,-1,cvat_interp
111,1,1,2,1.0,748.71,495.47,775.11,561.47,-1,cvat_interp
111,2,2,2,1.0,748.24,414.25,772.89,474.35,-1,cvat_interp
111,3,3,2,1.0,931.96,399.95,954.42,460.91,-1,cvat_interp
111,4,4,2,1.0,1850.8,715.4,1903.0,811.61,-1,cvat_interp
111,5,5,2,1.0,1610.96,459.51,1635.06,524.99,-1,cvat_interp
111,6,6,1,1.0,1420.02,383.7,1436.61,443.48,-1,cvat_interp
111,7,7,2,1.0,1248.05,359.46,1268.99,409.45,-1,cvat_interp
111,8,8,2,1.0,709.58,316.3,726.48,361.4,-1,cvat_interp
111,9,9,2,1.0,373.09,391.57,396.81,451.45,-1,cvat_interp
111,10,10,2,1.0,515.16,418.03,538.96,479.62,-1,cvat_interp
111,11,11,3,1.0,579.15,459.21,611.49,528.03,-1,cvat_interp
111,12,12,2,1.0,45.78,504.86,82.53,578.28,-1,cvat_interp
111,13,13,0,1.0,1252.51,402.28,1258.12,408.98,-1,cvat_interp
111,15,15,2,1.0,993.98,486.79,1018.98,555.27,-1,cvat_interp
112,0,0,2,1.0,1043.94,640.74,1085.16,726.19,-1,cvat_interp
112,1,1,2,1.0,748.99,495.4,775.39,561.4,-1,cvat_interp
112,2,2,2,1.0,747.39,413.9,772.39,474.28,-1,cvat_interp
112,3,3,2,1.0,932.75,399.52,955.21,460.48,-1,cvat_interp
112,4,4,2,1.0,1853.58,715.92,1905.78,813.1,-1,cvat_interp
112,5,5,2,1.0,1613.57,459.74,1637.67,526.11,-1,cvat_interp
112,6,6,1,1.0,1421.95,383.5,1438.55,443.28,-1,cvat_interp
112,7,7,2,1.0,1248.77,359.13,1269.72,409.12,-1,cvat_interp
112,8,8,2,1.0,710.5,315.73,727.4,360.83,-1,cvat_interp
112,9,9,2,1.0,372.6,391.33,396.33,451.21,-1,cvat_interp
112,10,10,2,1.0,516.22,417.8,540.02,479.4,-1,cvat_interp
112,11,11,3,1.0,578.78,458.91,610.96,527.84,-1,cvat_interp
112,12,12,2,1.0,44.35,504.71,81.83,578.13,-1,cvat_interp
112,13,13,0,1.0,1253.78,402.08,1259.39,408.78,-1,cvat_interp
112,15,15,2,1.0,993.91,487.08,1018.91,555.77,-1,cvat_interp
113,0,0,2,1.0,1043.87,640.17,1085.09,725.63,-1,cvat_interp
113,1,1,2,1.0,749.27,495.33,775.67,561.33,-1,cvat_interp
113,2,2,2,1.0,746.55,413.55,771.89,474.21,-1,cvat_interp
113,3,3,2,1.0,933.53,399.09,955.99,460.05,-1,cvat_interp
113,4,4,2,1.0,1856.37,716.44,1908.57,814.58,-1,cvat_interp
113,5,5,2,1.0,1616.18,459.96,1640.29,527.23,-1,cvat_interp
113,6,6,1,1.0,1423.89,383.3,1440.49,443.08,-1,cvat_interp
113,7,7,2,1.0,1249.49,358.8,1270.44,408.8,-1,cvat_interp
113,8,8,2,1.0,711.43,315.16,728.33,360.26,-1,cvat_interp
113,9,9,2,1.0,372.12,391.08,395.84,450.96,-1,cvat_interp
113,10,10,2,1.0,517.29,417.57,541.09,479.17,-1,cvat_interp
113,11,11,3,1.0,578.41,458.61,610.43,527.66,-1,cvat_interp
113,12,12,2,1.0,42.92,504.57,81.12,577.99,-1,cvat_interp
113,13,13,0,1.0,1255.05,401.88,1260.66,408.58,-1,cvat_interp
113,15,15,2,1.0,993.83,487.37,1018.84,556.27,-1,cvat_interp
114,0,0,2,1.0,1043.8,639.61,1085.02,725.06,-1,cvat_interp
114,1,1,2,1.0,749.55,495.26,775.95,561.26,-1,cvat_interp
114,2,2,2,1.0,745.7,413.2,771.4,474.14,-1,cvat_interp
114,3,3,2,1.0,934.31,398.66,956.77,459.62,-1,cvat_interp
114,4,4,2,1.0,1859.15,716.96,1911.35,816.06,-1,cvat_interp
114,5,5,2,1.0,1618.8,460.19,1642.9,528.36,-1,cvat_interp
114,6,6,1,1.0,1425.82,383.1,1442.42,442.88,-1,cvat_interp
114,7,7,2,1.0,1250.22,358.48,1271.16,408.47,-1,cvat_interp
114,8,8,2,1.0,712.36,314.59,729.26,359.69,-1,cvat_interp
114,9,9,2,1.0,371.63,390.84,395.36,450.72,-1,cvat_interp
114,10,10,2,1.0,518.35,417.34,542.15,478.94,-1,cvat_interp
114,11,11,3,1.0,578.04,458.31,609.9,527.47,-1,cvat_interp
114,12,12,2,1.0,41.49,504.43,80.41,577.85,-1,cvat_interp
114,13,13,0,1.0,1256.32,401.68,1261.93,408.38,-1,cvat_interp
114,15,15,2,1.0,993.76,487.66,1018.76,556.77,-1,cvat_interp
115,0,0,2,1.0,1043.73,639.04,1084.95,724.49,-1,cvat_interp
115,1,1,2,1.0,749.83,495.19,776.23,561.19,-1,cvat_interp
115,2,2,2,1.0,744.85,412.85,770.9,474.06,-1,cvat_interp
115,3,3,2,1.0,935.1,398.24,957.56,459.2,-1,cvat_interp
115,4,4,2,1.0,1861.94,717.48,1914.14,817.55,-1,cvat_interp
115,5,5,2,1.0,1621.41,460.41,1645.51,529.48,-1,cvat_interp
115,6,6,1,1.0,1427.76,382.9,1444.36,442.68,-1,cvat_interp
115,7,7,2,1.0,1250.94,358.15,1271.88,408.15,-1,cvat_interp
115,8,8,2,1.0,713.28,314.02,730.18,359.12,-1,cvat_interp
115,9,9,2,1.0,371.14,390.6,394.87,450.48,-1,cvat_interp
115,10,10,2,1.0,519.42,417.11,543.22,478.71,-1,cvat_interp
115,11,11,3,1.0,577.67,458.01,609.37,527.29,-1,cvat_interp
115,12,12,2,1.0,40.06,504.28,79.71,577.7,-1,cvat_interp
115,13,13,0,1.0,1257.59,401.48,1263.19,408.18,-1,cvat_interp
115,15,15,2,1.0,993.69,487.95,1018.69,557.27,-1,cvat_interp
116,0,0,2,1.0,1043.66,638.47,1084.88,723.93,-1,cvat_keyframe
116,1,1,2,1.0,750.12,495.12,776.52,561.12,-1,cvat_keyframe
116,2,2,2,1.0,744.0,412.5,770.4,473.99,-1,cvat_keyframe
116,3,3,2,1.0,935.88,397.81,958.34,458.77,-1,cvat_keyframe
116,4,4,2,1.0,1864.72,718.0,1916.92,819.03,-1,cvat_keyframe
116,5,5,2,1.0,1624.02,460.63,1648.12,530.6,-1,cvat_keyframe
116,6,6,1,1.0,1429.7,382.7,1446.29,442.48,-1,cvat_keyframe
116,7,7,2,1.0,1251.66,357.82,1272.61,407.82,-1,cvat_interp
116,8,8,2,1.0,714.21,313.45,731.11,358.55,-1,cvat_keyframe
116,9,9,2,1.0,370.66,390.36,394.38,450.23,-1,cvat_keyframe
116,10,10,2,1.0,520.48,416.89,544.28,478.48,-1,cvat_keyframe
116,11,11,3,1.0,577.3,457.71,608.84,527.1,-1,cvat_interp
116,12,12,2,1.0,38.63,504.14,79.0,577.56,-1,cvat_keyframe
116,13,13,0,1.0,1258.85,401.28,1264.46,407.98,-1,cvat_keyframe
116,15,15,2,1.0,993.62,488.24,1018.62,557.77,-1,cvat_interp
117,0,0,2,1.0,1043.25,638.51,1084.46,723.96,-1,cvat_interp
117,1,1,2,1.0,749.55,494.68,775.95,560.85,-1,cvat_interp
117,2,2,2,1.0,742.99,411.92,769.38,473.41,-1,cvat_interp
117,3,3,2,1.0,936.08,397.37,958.54,458.33,-1,cvat_interp
117,4,4,2,1.0,1864.72,718.0,1916.92,819.03,-1,cvat_interp
117,5,5,2,1.0,1625.47,460.46,1649.57,530.42,-1,cvat_interp
117,6,6,1,1.0,1429.75,382.28,1446.46,441.76,-1,cvat_interp
117,7,7,2,1.0,1252.38,357.5,1273.33,407.49,-1,cvat_interp
117,8,8,2,1.0,714.34,312.68,731.24,357.78,-1,cvat_interp
117,9,9,2,1.0,368.53,389.71,392.26,449.82,-1,cvat_interp
117,10,10,2,1.0,520.58,416.55,544.38,478.15,-1,cvat_interp
117,11,11,3,1.0,576.93,457.41,608.3,526.91,-1,cvat_interp
117,12,12,2,1.0,36.16,503.82,76.53,577.44,-1,cvat_interp
117,13,13,0,1.0,1259.26,400.81,1264.87,407.51,-1,cvat_interp
117,15,15,2,1.0,993.55,488.53,1018.55,558.27,-1,cvat_interp
118,0,0,2,1.0,1042.83,638.54,1084.05,724.0,-1,cvat_interp
118,1,1,2,1.0,748.99,494.24,775.39,560.58,-1,cvat_interp
118,2,2,2,1.0,741.97,411.34,768.37,472.83,-1,cvat_interp
118,3,3,2,1.0,936.28,396.93,958.74,457.89,-1,cvat_interp
118,4,4,2,1.0,1864.72,718.0,1916.92,819.03,-1,cvat_interp
118,5,5,2,1.0,1626.91,460.28,1651.02,530.25,-1,cvat_interp
118,6,6,1,1.0,1429.81,381.87,1446.62,441.05,-1,cvat_interp
118,7,7,2,1.0,1253.11,357.17,1274.05,407.17,-1,cvat_interp
118,8,8,2,1.0,714.47,311.9,731.37,357.0,-1,cvat_interp
118,9,9,2,1.0,366.4,389.06,390.13,449.4,-1,cvat_interp
118,10,10,2,1.0,520.68,416.22,544.48,477.82,-1,cvat_interp
118,11,11,3,1.0,576.56,457.1,607.77,526.73,-1,cvat_interp
118,12,12,2,1.0,33.7,503.51,74.07,577.31,-1,cvat_interp
118,13,13,0,1.0,1259.66,400.35,1265.27,407.05,-1,cvat_interp
118,15,15,2,1.0,993.48,488.82,1018.48,558.77,-1,cvat_interp
119,0,0,2,1.0,1042.42,638.58,1083.63,724.03,-1,cvat_interp
119,1,1,2,1.0,748.42,493.81,774.82,560.32,-1,cvat_interp
119,2,2,2,1.0,740.96,410.76,767.35,472.25,-1,cvat_interp
119,3,3,2,1.0,936.48,396.49,958.94,457.45,-1,cvat_interp
119,4,4,2,1.0,1864.72,718.0,1916.92,819.03,-1,cvat_interp
119,5,5,2,1.0,1628.36,460.11,1652.46,530.07,-1,cvat_interp
119,6,6,1,1.0,1429.86,381.45,1446.78,440.34,-1,cvat_interp
119,7,7,2,1.0,1253.83,356.85,1274.77,406.84,-1,cvat_interp
119,8,8,2,1.0,714.6,311.13,731.5,356.23,-1,cvat_interp
119,9,9,2,1.0,364.27,388.41,388.0,448.98,-1,cvat_interp
119,10,10,2,1.0,520.78,415.89,544.58,477.49,-1,cvat_interp
119,11,11,3,1.0,576.19,456.8,607.24,526.54,-1,cvat_interp
119,12,12,2,1.0,31.23,503.19,71.6,577.19,-1,cvat_interp
119,13,13,0,1.0,1260.07,399.88,1265.68,406.58,-1,cvat_interp
119,15,15,2,1.0,993.41,489.11,1018.41,559.27,-1,cvat_interp
120,0,0,2,1.0,1042.0,638.61,1083.22,724.07,-1,cvat_interp
120,1,1,2,1.0,747.86,493.37,774.26,560.05,-1,cvat_interp
120,2,2,2,1.0,739.94,410.18,766.34,471.67,-1,cvat_interp
120,3,3,2,1.0,936.68,396.06,959.14,457.02,-1,cvat_interp
120,4,4,2,1.0,1864.72,718.0,1916.92,819.03,-1,cvat_interp
120,5,5,2,1.0,1629.81,459.93,1653.91,529.9,-1,cvat_interp
120,6,6,1,1.0,1429.92,381.04,1446.94,439.63,-1,cvat_interp
120,7,7,2,1.0,1254.55,356.52,1275.5,406.51,-1,cvat_interp
120,8,8,2,1.0,714.72,310.35,731.62,355.45,-1,cvat_interp
120,9,9,2,1.0,362.15,387.77,385.87,448.57,-1,cvat_interp
120,10,10,2,1.0,520.88,415.56,544.68,477.16,-1,cvat_interp
120,11,11,3,1.0,575.82,456.5,606.71,526.36,-1,cvat_interp
120,12,12,2,1.0,28.77,502.87,69.14,577.07,-1,cvat_interp
120,13,13,0,1.0,1260.47,399.42,1266.08,406.12,-1,cvat_interp
120,15,15,2,1.0,993.34,489.4,1018.34,559.76,-1,cvat_keyframe
121,0,0,2,1.0,1041.59,638.65,1082.81,724.1,-1,cvat_interp
121,1,1,2,1.0,747.3,492.93,773.7,559.78,-1,cvat_interp
121,2,2,2,1.0,738.93,409.6,765.32,471.09,-1,cvat_interp
121,3,3,2,1.0,936.88,395.62,959.34,456.58,-1,cvat_interp
121,4,4,2,1.0,1864.72,718.0,1916.92,819.03,-1,cvat_interp
121,5,5,2,1.0,1631.25,459.76,1655.36,529.72,-1,cvat_interp
121,6,6,1,1.0,1429.97,380.62,1447.11,438.92,-1,cvat_interp
121,7,7,2,1.0,1255.27,356.19,1276.22,406.19,-1,cvat_interp
121,8,8,2,1.0,714.85,309.58,731.75,354.68,-1,cvat_interp
121,9,9,2,1.0,360.02,387.12,383.75,448.15,-1,cvat_interp
121,10,10,2,1.0,520.97,415.23,544.77,476.83,-1,cvat_interp
121,11,11,3,1.0,575.45,456.2,606.18,526.17,-1,cvat_interp
121,12,12,2,1.0,26.3,502.56,66.67,576.94,-1,cvat_interp
121,13,13,0,1.0,1260.88,398.96,1266.49,405.66,-1,cvat_interp
121,15,15,2,1.0,992.22,489.15,1017.37,559.94,-1,cvat_interp
122,0,0,2,1.0,1041.18,638.68,1082.39,724.14,-1,cvat_interp
122,1,1,2,1.0,746.73,492.5,773.13,559.52,-1,cvat_interp
122,2,2,2,1.0,737.91,409.02,764.31,470.51,-1,cvat_interp
122,3,3,2,1.0,937.08,395.18,959.54,456.14,-1,cvat_interp
122,4,4,2,1.0,1864.72,718.0,1916.92,819.03,-1,cvat_interp
122,5,5,2,1.0,1632.7,459.58,1656.8,529.55,-1,cvat_interp
122,6,6,1,1.0,1430.03,380.21,1447.27,438.21,-1,cvat_interp
122,7,7,2,1.0,1256.0,355.87,1276.94,405.86,-1,cvat_interp
122,8,8,2,1.0,714.98,308.81,731.88,353.91,-1,cvat_interp
122,9,9,2,1.0,357.89,386.47,381.62,447.73,-1,cvat_interp
122,10,10,2,1.0,521.07,414.9,544.87,476.5,-1,cvat_interp
122,11,11,3,1.0,575.08,455.9,605.65,525.99,-1,cvat_interp
122,12,12,2,1.0,23.84,502.24,64.21,576.82,-1,cvat_interp
122,13,13,0,1.0,1261.28,398.49,1266.89,405.19,-1,cvat_interp
122,15,15,2,1.0,991.11,488.9,1016.41,560.11,-1,cvat_interp
123,0,0,2,1.0,1040.76,638.72,1081.98,724.17,-1,cvat_interp
123,1,1,2,1.0,746.17,492.06,772.57,559.25,-1,cvat_interp
123,2,2,2,1.0,736.9,408.44,763.29,469.93,-1,cvat_interp
123,3,3,2,1.0,937.28,394.74,959.74,455.7,-1,cvat_interp
123,4,4,2,1.0,1864.72,718.0,1916.92,819.03,-1,cvat_interp
123,5,5,2,1.0,1634.15,459.41,1658.25,529.37,-1,cvat_interp
123,6,6,1,1.0,1430.08,379.79,1447.43,437.5,-1,cvat_interp
123,7,7,2,1.0,1256.72,355.54,1277.66,405.53,-1,cvat_interp
123,8,8,2,1.0,715.11,308.03,732.01,353.13,-1,cvat_interp
123,9,9,2,1.0,355.76,385.83,379.49,447.32,-1,cvat_interp
123,10,10,2,1.0,521.17,414.57,544.97,476.17,-1,cvat_interp
123,11,11,3,1.0,574.7,455.6,605.12,525.8,-1,cvat_interp
123,12,12,2,1.0,21.37,501.92,61.74,576.7,-1,cvat_interp
123,13,13,0,1.0,1261.69,398.03,1267.3,404.73,-1,cvat_interp
123,15,15,2,1.0,990.0,488.65,1015.45,560.29,-1,cvat_interp
124,0,0,2,1.0,1040.35,638.75,1081.56,724.2,-1,cvat_interp
124,1,1,2,1.0,745.61,491.62,772.01,558.98,-1,cvat_interp
124,2,2,2,1.0,735.88,407.86,762.28,469.35,-1,cvat_interp
124,3,3,2,1.0,937.48,394.3,959.93,455.26,-1,cvat_interp
124,4,4,2,1.0,1864.72,718.0,1916.92,819.03,-1,cvat_interp
124,5,5,2,1.0,1635.59,459.23,1659.7,529.2,-1,cvat_interp
124,6,6,1,1.0,1430.14,379.38,1447.6,436.78,-1,cvat_interp
124,7,7,2,1.0,1257.44,355.21,1278.39,405.21,-1,cvat_interp
124,8,8,2,1.0,715.24,307.26,732.14,352.36,-1,cvat_interp
124,9,9,2,1.0,353.63,385.18,377.36,446.9,-1,cvat_interp
124,10,10,2,1.0,521.27,414.24,545.07,475.84,-1,cvat_interp
124,11,11,3,1.0,574.33,455.3,604.59,525.61,-1,cvat_interp
124,12,12,2,1.0,18.9,501.6,59.28,576.57,-1,cvat_interp
124,13,13,0,1.0,1262.09,397.57,1267.7,404.27,-1,cvat_interp
124,15,15,2,1.0,988.88,488.4,1014.49,560.46,-1,cvat_interp
125,0,0,2,1.0,1039.93,638.78,1081.15,724.24,-1,cvat_interp
125,1,1,2,1.0,745.04,491.18,771.44,558.72,-1,cvat_interp
125,2,2,2,1.0,734.87,407.28,761.26,468.77,-1,cvat_interp
125,3,3,2,1.0,937.67,393.87,960.13,454.83,-1,cvat_interp
125,4,4,2,1.0,1864.72,718.0,1916.92,819.03,-1,cvat_interp
125,5,5,2,1.0,1637.04,459.06,1661.14,529.02,-1,cvat_interp
125,6,6,1,1.0,1430.19,378.96,1447.76,436.07,-1,cvat_interp
125,7,7,2,1.0,1258.16,354.89,1279.11,404.88,-1,cvat_interp
125,8,8,2,1.0,715.37,306.48,732.27,351.58,-1,cvat_interp
125,9,9,2,1.0,351.51,384.53,375.23,446.48,-1,cvat_interp
125,10,10,2,1.0,521.37,413.91,545.17,475.51,-1,cvat_interp
125,11,11,3,1.0,573.96,455.0,604.06,525.43,-1,cvat_interp
125,12,12,2,1.0,16.44,501.29,56.81,576.45,-1,cvat_interp
125,13,13,0,1.0,1262.5,397.1,1268.1,403.8,-1,cvat_interp
125,15,15,2,1.0,987.77,488.15,1013.52,560.63,-1,cvat_interp
126,0,0,2,1.0,1039.52,638.82,1080.74,724.27,-1,cvat_interp
126,1,1,2,1.0,744.48,490.75,770.88,558.45,-1,cvat_interp
126,2,2,2,1.0,733.85,406.7,760.25,468.19,-1,cvat_interp
126,3,3,2,1.0,937.87,393.43,960.33,454.39,-1,cvat_interp
126,4,4,2,1.0,1864.72,718.0,1916.92,819.03,-1,cvat_interp
126,5,5,2,1.0,1638.49,458.88,1662.59,528.85,-1,cvat_interp
126,6,6,1,1.0,1430.24,378.55,1447.92,435.36,-1,cvat_interp
126,7,7,2,1.0,1258.89,354.56,1279.83,404.55,-1,cvat_interp
126,8,8,2,1.0,715.5,305.71,732.4,350.81,-1,cvat_interp
126,9,9,2,1.0,349.38,383.89,373.11,446.07,-1,cvat_interp
126,10,10,2,1.0,521.47,413.58,545.27,475.17,-1,cvat_interp
126,11,11,3,1.0,573.59,454.7,603.52,525.24,-1,cvat_interp
126,12,12,2,1.0,13.97,500.97,54.35,576.33,-1,cvat_interp
126,13,13,0,1.0,1262.9,396.64,1268.51,403.34,-1,cvat_interp
126,15,15,2,1.0,986.65,487.9,1012.56,560.81,-1,cvat_interp
127,0,0,2,1.0,1039.11,638.85,1080.32,724.31,-1,cvat_interp
127,1,1,2,1.0,743.92,490.31,770.32,558.18,-1,cvat_interp
127,2,2,2,1.0,732.84,406.12,759.23,467.61,-1,cvat_interp
127,3,3,2,1.0,938.07,392.99,960.53,453.95,-1,cvat_interp
127,5,5,2,1.0,1639.93,458.71,1664.04,528.67,-1,cvat_interp
127,6,6,1,1.0,1430.3,378.13,1448.08,434.65,-1,cvat_interp
127,7,7,2,1.0,1259.61,354.23,1280.55,404.23,-1,cvat_interp
127,8,8,2,1.0,715.63,304.93,732.53,350.03,-1,cvat_interp
127,9,9,2,1.0,347.25,383.24,370.98,445.65,-1,cvat_interp
127,10,10,2,1.0,521.57,413.25,545.37,474.84,-1,cvat_interp
127,11,11,3,1.0,573.22,454.39,602.99,525.06,-1,cvat_interp
127,12,12,2,1.0,11.51,500.65,51.88,576.2,-1,cvat_interp
127,13,13,0,1.0,1263.3,396.18,1268.91,402.88,-1,cvat_interp
127,15,15,2,1.0,985.54,487.65,1011.6,560.98,-1,cvat_interp
128,0,0,2,1.0,1038.69,638.89,1079.91,724.34,-1,cvat_interp
128,1,1,2,1.0,743.35,489.87,769.75,557.92,-1,cvat_interp
128,2,2,2,1.0,731.82,405.54,758.22,467.03,-1,cvat_interp
128,3,3,2,1.0,938.27,392.55,960.73,453.51,-1,cvat_interp
128,5,5,2,1.0,1641.38,458.53,1665.48,528.5,-1,cvat_interp
128,6,6,1,1.0,1430.35,377.72,1448.25,433.94,-1,cvat_interp
128,7,7,2,1.0,1260.33,353.91,1281.28,403.9,-1,cvat_interp
128,8,8,2,1.0,715.76,304.16,732.66,349.26,-1,cvat_interp
128,9,9,2,1.0,345.12,382.59,368.85,445.23,-1,cvat_interp
128,10,10,2,1.0,521.67,412.91,545.47,474.51,-1,cvat_interp
128,11,11,3,1.0,572.85,454.09,602.46,524.87,-1,cvat_interp
128,12,12,2,1.0,9.04,500.33,49.42,576.08,-1,cvat_interp
128,13,13,0,1.0,1263.71,395.71,1269.32,402.41,-1,cvat_interp
128,15,15,2,1.0,984.43,487.4,1010.64,561.15,-1,cvat_interp
129,0,0,2,1.0,1038.28,638.92,1079.49,724.38,-1,cvat_interp
129,1,1,2,1.0,742.79,489.44,769.19,557.65,-1,cvat_interp
129,2,2,2,1.0,730.81,404.96,757.2,466.45,-1,cvat_interp
129,3,3,2,1.0,938.47,392.11,960.93,453.07,-1,cvat_interp
129,5,5,2,1.0,1642.83,458.36,1666.93,528.32,-1,cvat_interp
129,6,6,1,1.0,1430.41,377.3,1448.41,433.23,-1,cvat_interp
129,7,7,2,1.0,1261.05,353.58,1282.0,403.57,-1,cvat_interp
129,8,8,2,1.0,715.89,303.39,732.79,348.49,-1,cvat_interp
129,9,9,2,1.0,343.0,381.95,366.72,444.82,-1,cvat_interp
129,10,10,2,1.0,521.77,412.58,545.57,474.18,-1,cvat_interp
129,11,11,3,1.0,572.48,453.79,601.93,524.69,-1,cvat_interp
129,12,12,2,1.0,6.58,500.02,46.95,575.96,-1,cvat_interp
129,13,13,0,1.0,1264.11,395.25,1269.72,401.95,-1,cvat_interp
129,15,15,2,1.0,983.31,487.15,1009.67,561.33,-1,cvat_interp
130,0,0,2,1.0,1037.86,638.96,1079.08,724.41,-1,cvat_keyframe
130,1,1,2,1.0,742.23,489.0,768.63,557.38,-1,cvat_keyframe
130,2,2,2,1.0,729.79,404.38,756.19,465.87,-1,cvat_keyframe
130,3,3,2,1.0,938.67,391.67,961.13,452.63,-1,cvat_keyframe
130,5,5,2,1.0,1644.27,458.18,1668.38,528.15,-1,cvat_keyframe
130,6,6,1,1.0,1430.46,376.89,1448.57,432.52,-1,cvat_keyframe
130,7,7,2,1.0,1261.78,353.25,1282.72,403.25,-1,cvat_keyframe
130,8,8,2,1.0,716.01,302.61,732.91,347.71,-1,cvat_keyframe
130,9,9,2,1.0,340.87,381.3,364.59,444.4,-1,cvat_keyframe
130,10,10,2,1.0,521.87,412.25,545.67,473.85,-1,cvat_keyframe
130,11,11,3,1.0,572.11,453.49,601.4,524.5,-1,cvat_keyframe
130,12,12,2,1.0,4.11,499.7,44.48,575.83,-1,cvat_keyframe
130,13,13,0,1.0,1264.52,394.78,1270.13,401.48,-1,cvat_keyframe
130,15,15,2,1.0,982.2,486.9,1008.71,561.5,-1,cvat_keyframe
131,0,0,2,1.0,1036.77,638.71,1077.99,724.53,-1,cvat_interp
131,1,1,2,1.0,741.24,489.08,767.9,557.47,-1,cvat_interp
131,2,2,2,1.0,728.29,404.21,754.68,465.7,-1,cvat_interp
131,3,3,2,1.0,938.07,391.2,960.85,452.41,-1,cvat_interp
131,5,5,2,1.0,1644.87,457.94,1669.21,528.42,-1,cvat_interp
131,6,6,1,1.0,1430.51,376.61,1448.62,432.25,-1,cvat_interp
131,7,7,2,1.0,1261.78,352.83,1282.91,403.25,-1,cvat_interp
131,8,8,2,1.0,715.98,302.16,732.88,347.26,-1,cvat_interp
131,9,9,2,1.0,338.86,381.16,362.59,444.26,-1,cvat_interp
131,10,10,2,1.0,521.93,412.12,545.73,473.72,-1,cvat_interp
131,11,11,3,1.0,571.26,453.49,600.55,524.5,-1,cvat_interp
131,12,12,2,1.0,3.6,499.61,40.87,575.75,-1,cvat_interp
131,13,13,0,1.0,1264.47,394.59,1270.07,401.29,-1,cvat_interp
131,15,15,2,1.0,980.98,487.23,1007.5,561.83,-1,cvat_interp
132,0,0,2,1.0,1035.68,638.47,1076.9,724.65,-1,cvat_interp
132,1,1,2,1.0,740.25,489.16,767.18,557.55,-1,cvat_interp
132,2,2,2,1.0,726.78,404.04,753.18,465.53,-1,cvat_interp
132,3,3,2,1.0,937.47,390.72,960.56,452.18,-1,cvat_interp
132,5,5,2,1.0,1645.46,457.7,1670.04,528.7,-1,cvat_interp
132,6,6,1,1.0,1430.56,376.34,1448.66,431.97,-1,cvat_interp
132,7,7,2,1.0,1261.78,352.4,1283.1,403.25,-1,cvat_interp
132,8,8,2,1.0,715.95,301.7,732.85,346.8,-1,cvat_interp
132,9,9,2,1.0,336.85,381.01,360.58,444.11,-1,cvat_interp
132,10,10,2,1.0,522.0,411.99,545.8,473.59,-1,cvat_interp
132,11,11,3,1.0,570.41,453.49,599.7,524.5,-1,cvat_interp
132,12,12,2,1.0,3.08,499.52,37.26,575.66,-1,cvat_interp
132,13,13,0,1.0,1264.41,394.4,1270.02,401.1,-1,cvat_interp
132,15,15,2,1.0,979.77,487.57,1006.28,562.17,-1,cvat_interp
133,0,0,2,1.0,1034.59,638.23,1075.8,724.77,-1,cvat_interp
133,1,1,2,1.0,739.26,489.25,766.46,557.63,-1,cvat_interp
133,2,2,2,1.0,725.28,403.86,751.68,465.36,-1,cvat_interp
133,3,3,2,1.0,936.86,390.24,960.28,451.96,-1,cvat_interp
133,5,5,2,1.0,1646.05,457.45,1670.87,528.97,-1,cvat_interp
133,6,6,1,1.0,1430.6,376.07,1448.71,431.7,-1,cvat_interp
133,7,7,2,1.0,1261.78,351.98,1283.28,403.25,-1,cvat_interp
133,8,8,2,1.0,715.92,301.25,732.82,346.35,-1,cvat_interp
133,9,9,2,1.0,334.85,380.87,358.57,443.97,-1,cvat_interp
133,10,10,2,1.0,522.06,411.86,545.86,473.46,-1,cvat_interp
133,11,11,3,1.0,569.56,453.49,598.85,524.5,-1,cvat_interp
133,12,12,2,1.0,2.57,499.44,33.65,575.57,-1,cvat_interp
133,13,13,0,1.0,1264.36,394.2,1269.97,400.9,-1,cvat_interp
133,15,15,2,1.0,978.55,487.9,1005.06,562.5,-1,cvat_interp
134,0,0,2,1.0,1033.5,637.99,1074.71,724.89,-1,cvat_interp
134,1,1,2,1.0,738.27,489.33,765.74,557.71,-1,cvat_interp
134,2,2,2,1.0,723.78,403.69,750.17,465.19,-1,cvat_interp
134,3,3,2,1.0,936.26,389.76,960.0,451.73,-1,cvat_interp
134,5,5,2,1.0,1646.64,457.21,1671.71,529.25,-1,cvat_interp
134,6,6,1,1.0,1430.65,375.8,1448.75,431.43,-1,cvat_interp
134,7,7,2,1.0,1261.78,351.55,1283.47,403.25,-1,cvat_interp
134,8,8,2,1.0,715.88,300.8,732.78,345.9,-1,cvat_interp
134,9,9,2,1.0,332.84,380.73,356.56,443.83,-1,cvat_interp
134,10,10,2,1.0,522.13,411.73,545.93,473.33,-1,cvat_interp
134,11,11,3,1.0,568.7,453.49,597.99,524.5,-1,cvat_interp
134,12,12,2,1.0,2.06,499.35,30.04,575.48,-1,cvat_interp
134,13,13,0,1.0,1264.31,394.01,1269.92,400.71,-1,cvat_interp
134,15,15,2,1.0,977.34,488.24,1003.85,562.84,-1,cvat_interp
135,0,0,2,1.0,1032.41,637.74,1073.62,725.01,-1,cvat_interp
135,1,1,2,1.0,737.28,489.41,765.01,557.8,-1,cvat_interp
135,2,2,2,1.0,722.27,403.52,748.67,465.01,-1,cvat_interp
135,3,3,2,1.0,935.66,389.29,959.72,451.51,-1,cvat_interp
135,5,5,2,1.0,1647.24,456.97,1672.54,529.52,-1,cvat_interp
135,6,6,1,1.0,1430.69,375.53,1448.8,431.16,-1,cvat_interp
135,7,7,2,1.0,1261.78,351.13,1283.66,403.25,-1,cvat_interp
135,8,8,2,1.0,715.85,300.34,732.75,345.44,-1,cvat_interp
135,9,9,2,1.0,330.83,380.58,354.56,443.68,-1,cvat_interp
135,10,10,2,1.0,522.2,411.6,546.0,473.2,-1,cvat_interp
135,11,11,3,1.0,567.85,453.49,597.14,524.5,-1,cvat_interp
135,12,12,2,1.0,1.54,499.26,26.43,575.39,-1,cvat_interp
135,13,13,0,1.0,1264.25,393.82,1269.86,400.52,-1,cvat_interp
135,15,15,2,1.0,976.12,488.57,1002.63,563.17,-1,cvat_interp
136,0,0,2,1.0,1031.31,637.5,1072.53,725.12,-1,cvat_interp
136,1,1,2,1.0,736.29,489.49,764.29,557.88,-1,cvat_interp
136,2,2,2,1.0,720.77,403.35,747.17,464.84,-1,cvat_interp
136,3,3,2,1.0,935.06,388.81,959.43,451.28,-1,cvat_interp
136,5,5,2,1.0,1647.83,456.72,1673.37,529.8,-1,cvat_interp
136,6,6,1,1.0,1430.74,375.26,1448.84,430.89,-1,cvat_interp
136,7,7,2,1.0,1261.78,350.7,1283.85,403.25,-1,cvat_interp
136,8,8,2,1.0,715.82,299.89,732.72,344.99,-1,cvat_interp
136,9,9,2,1.0,328.82,380.44,352.55,443.54,-1,cvat_interp
136,10,10,2,1.0,522.26,411.47,546.06,473.06,-1,cvat_interp
136,11,11,3,1.0,567.0,453.49,596.29,524.5,-1,cvat_interp
136,12,12,2,1.0,1.03,499.17,22.82,575.31,-1,cvat_interp
136,13,13,0,1.0,1264.2,393.62,1269.81,400.32,-1,cvat_interp
136,15,15,2,1.0,974.9,488.91,1001.41,563.51,-1,cvat_interp
137,0,0,2,1.0,1030.22,637.26,1071.44,725.24,-1,cvat_interp
137,1,1,2,1.0,735.3,489.58,763.57,557.96,-1,cvat_interp
137,2,2,2,1.0,719.27,403.18,745.66,464.67,-1,cvat_interp
137,3,3,2,1.0,934.46,388.33,959.15,451.05,-1,cvat_interp
137,5,5,2,1.0,1648.42,456.48,1674.2,530.07,-1,cvat_interp
137,6,6,1,1.0,1430.78,374.98,1448.89,430.62,-1,cvat_interp
137,7,7,2,1.0,1261.78,350.28,1284.04,403.25,-1,cvat_interp
137,8,8,2,1.0,715.79,299.43,732.69,344.53,-1,cvat_interp
137,9,9,2,1.0,326.82,380.3,350.54,443.4,-1,cvat_interp
137,10,10,2,1.0,522.33,411.34,546.13,472.93,-1,cvat_interp
137,11,11,3,1.0,566.15,453.49,595.44,524.5,-1,cvat_interp
137,12,12,2,1.0,0.51,499.08,19.21,575.22,-1,cvat_interp
137,13,13,0,1.0,1264.15,393.43,1269.76,400.13,-1,cvat_interp
137,15,15,2,1.0,973.69,489.24,1000.2,563.84,-1,cvat_interp
138,0,0,2,1.0,1029.13,637.02,1070.35,725.36,-1,cvat_interp
138,1,1,2,1.0,734.31,489.66,762.85,558.04,-1,cvat_interp
138,2,2,2,1.0,717.76,403.01,744.16,464.5,-1,cvat_interp
138,3,3,2,1.0,933.85,387.85,958.87,450.83,-1,cvat_interp
138,5,5,2,1.0,1649.01,456.24,1675.04,530.35,-1,cvat_interp
138,6,6,1,1.0,1430.83,374.71,1448.94,430.34,-1,cvat_interp
138,7,7,2,1.0,1261.78,349.85,1284.22,403.25,-1,cvat_interp
138,8,8,2,1.0,715.76,298.98,732.66,344.08,-1,cvat_interp
138,9,9,2,1.0,324.81,380.15,348.54,443.25,-1,cvat_interp
138,10,10,2,1.0,522.39,411.2,546.19,472.8,-1,cvat_interp
138,11,11,3,1.0,565.3,453.49,594.59,524.5,-1,cvat_interp
138,12,12,2,1.0,0.0,499.0,15.6,575.13,-1,cvat_keyframe
138,13,13,0,1.0,1264.09,393.24,1269.7,399.94,-1,cvat_interp
138,15,15,2,1.0,972.47,489.58,998.98,564.18,-1,cvat_interp
139,0,0,2,1.0,1028.04,636.77,1069.25,725.48,-1,cvat_interp
139,1,1,2,1.0,733.32,489.74,762.12,558.12,-1,cvat_interp
139,2,2,2,1.0,716.26,402.83,742.66,464.33,-1,cvat_interp
139,3,3,2,1.0,933.25,387.38,958.58,450.6,-1,cvat_interp
139,5,5,2,1.0,1649.61,456.0,1675.87,530.62,-1,cvat_interp
139,6,6,1,1.0,1430.87,374.44,1448.98,430.07,-1,cvat_interp
139,7,7,2,1.0,1261.78,349.43,1284.41,403.25,-1,cvat_interp
139,8,8,2,1.0,715.72,298.53,732.62,343.63,-1,cvat_interp
139,9,9,2,1.0,322.8,380.01,346.53,443.11,-1,cvat_interp
139,10,10,2,1.0,522.46,411.07,546.26,472.67,-1,cvat_interp
139,11,11,3,1.0,564.45,453.49,593.74,524.5,-1,cvat_interp
139,12,12,2,1.0,0.0,500.05,13.1,576.19,-1,cvat_keyframe
139,13,13,0,1.0,1264.04,393.04,1269.65,399.74,-1,cvat_interp
139,15,15,2,1.0,971.26,489.91,997.77,564.51,-1,cvat_interp
140,0,0,2,1.0,1026.95,636.53,1068.16,725.6,-1,cvat_keyframe
140,1,1,2,1.0,732.33,489.82,761.4,558.21,-1,cvat_keyframe
140,2,2,2,1.0,714.75,402.66,741.15,464.15,-1,cvat_keyframe
140,3,3,2,1.0,932.65,386.9,958.3,450.38,-1,cvat_keyframe
140,5,5,2,1.0,1650.2,455.75,1676.7,530.9,-1,cvat_keyframe
140,6,6,1,1.0,1430.92,374.17,1449.03,429.8,-1,cvat_keyframe
140,7,7,2,1.0,1261.78,349.0,1284.6,403.25,-1,cvat_keyframe
140,8,8,2,1.0,715.69,298.07,732.59,343.17,-1,cvat_keyframe
140,9,9,2,1.0,320.79,379.87,344.52,442.97,-1,cvat_keyframe
140,10,10,2,1.0,522.52,410.94,546.32,472.54,-1,cvat_keyframe
140,11,11,3,1.0,563.59,453.49,592.88,524.5,-1,cvat_keyframe
140,13,13,0,1.0,1263.99,392.85,1269.6,399.55,-1,cvat_keyframe
140,15,15,2,1.0,970.04,490.24,996.55,564.84,-1,cvat_keyframe
141,0,0,2,1.0,1026.15,636.85,1067.36,725.92,-1,cvat_interp
141,1,1,2,1.0,731.64,489.82,760.7,558.21,-1,cvat_interp
141,2,2,2,1.0,713.93,402.79,740.32,464.29,-1,cvat_interp
141,3,3,2,1.0,932.74,387.15,958.39,450.29,-1,cvat_interp
141,5,5,2,1.0,1651.65,456.3,1678.15,531.45,-1,cvat_interp
141,6,6,1,1.0,1430.84,374.19,1448.94,429.82,-1,cvat_interp
141,7,7,2,1.0,1261.37,348.91,1284.19,403.16,-1,cvat_interp
141,8,8,2,1.0,715.56,297.99,732.46,343.09,-1,cvat_interp
141,9,9,2,1.0,318.33,379.95,342.06,443.05,-1,cvat_interp
141,10,10,2,1.0,522.52,411.03,546.32,472.63,-1,cvat_interp
141,11,11,3,1.0,562.68,453.76,591.97,524.77,-1,cvat_interp
141,13,13,0,1.0,1266.08,393.13,1271.69,399.83,-1,cvat_interp
141,15,15,2,1.0,968.94,491.16,995.46,565.85,-1,cvat_interp
142,0,0,2,1.0,1025.35,637.17,1066.56,726.24,-1,cvat_interp
142,1,1,2,1.0,730.94,489.82,760.0,558.21,-1,cvat_interp
142,2,2,2,1.0,713.1,402.92,739.5,464.42,-1,cvat_interp
142,3,3,2,1.0,932.84,387.41,958.49,450.2,-1,cvat_interp
142,5,5,2,1.0,1653.11,456.85,1679.61,532.0,-1,cvat_interp
142,6,6,1,1.0,1430.75,374.21,1448.86,429.84,-1,cvat_interp
142,7,7,2,1.0,1260.97,348.82,1283.79,403.07,-1,cvat_interp
142,8,8,2,1.0,715.43,297.91,732.33,343.01,-1,cvat_interp
142,9,9,2,1.0,315.87,380.03,339.6,443.13,-1,cvat_interp
142,10,10,2,1.0,522.51,411.13,546.31,472.73,-1,cvat_interp
142,11,11,3,1.0,561.77,454.02,591.06,525.03,-1,cvat_interp
142,13,13,0,1.0,1268.16,393.4,1273.77,400.1,-1,cvat_interp
142,15,15,2,1.0,967.85,492.08,994.36,566.85,-1,cvat_interp
143,0,0,2,1.0,1024.55,637.49,1065.76,726.56,-1,cvat_interp
143,1,1,2,1.0,730.24,489.82,759.31,558.21,-1,cvat_interp
143,2,2,2,1.0,712.27,403.05,738.67,464.55,-1,cvat_interp
143,3,3,2,1.0,932.93,387.66,958.58,450.11,-1,cvat_interp
143,5,5,2,1.0,1654.56,457.4,1681.06,532.55,-1,cvat_interp
143,6,6,1,1.0,1430.67,374.23,1448.78,429.86,-1,cvat_interp
143,7,7,2,1.0,1260.56,348.73,1283.38,402.98,-1,cvat_interp
143,8,8,2,1.0,715.3,297.83,732.2,342.93,-1,cvat_interp
143,9,9,2,1.0,313.41,380.11,337.14,443.21,-1,cvat_interp
143,10,10,2,1.0,522.5,411.22,546.3,472.82,-1,cvat_interp
143,11,11,3,1.0,560.86,454.29,590.15,525.3,-1,cvat_interp
143,13,13,0,1.0,1270.25,393.68,1275.86,400.38,-1,cvat_interp
143,15,15,2,1.0,966.76,492.99,993.27,567.85,-1,cvat_interp
144,0,0,2,1.0,1023.74,637.81,1064.96,726.88,-1,cvat_interp
144,1,1,2,1.0,729.54,489.82,758.61,558.21,-1,cvat_interp
144,2,2,2,1.0,711.44,403.19,737.84,464.68,-1,cvat_interp
144,3,3,2,1.0,933.02,387.91,958.67,450.03,-1,cvat_interp
144,5,5,2,1.0,1656.01,457.95,1682.51,533.09,-1,cvat_interp
144,6,6,1,1.0,1430.59,374.25,1448.69,429.88,-1,cvat_interp
144,7,7,2,1.0,1260.16,348.64,1282.98,402.89,-1,cvat_interp
144,8,8,2,1.0,715.18,297.75,732.08,342.85,-1,cvat_interp
144,9,9,2,1.0,310.95,380.19,334.68,443.29,-1,cvat_interp
144,10,10,2,1.0,522.49,411.31,546.29,472.91,-1,cvat_interp
144,11,11,3,1.0,559.95,454.55,589.24,525.56,-1,cvat_interp
144,13,13,0,1.0,1272.34,393.95,1277.95,400.65,-1,cvat_interp
144,15,15,2,1.0,965.66,493.91,992.17,568.86,-1,cvat_interp
145,0,0,2,1.0,1022.94,638.13,1064.16,727.2,-1,cvat_keyframe
145,1,1,2,1.0,728.84,489.82,757.91,558.21,-1,cvat_interp
145,2,2,2,1.0,710.61,403.32,737.01,464.81,-1,cvat_interp
145,3,3,2,1.0,933.11,388.16,958.76,449.94,-1,cvat_interp
145,5,5,2,1.0,1657.46,458.5,1683.96,533.64,-1,cvat_interp
145,6,6,1,1.0,1430.5,374.27,1448.61,429.9,-1,cvat_interp
145,7,7,2,1.0,1259.75,348.55,1282.57,402.8,-1,cvat_interp
145,8,8,2,1.0,715.05,297.67,731.95,342.77,-1,cvat_interp
145,9,9,2,1.0,308.5,380.27,332.22,443.37,-1,cvat_interp
145,10,10,2,1.0,522.48,411.4,546.28,473.0,-1,cvat_interp
145,11,11,3,1.0,559.04,454.82,588.33,525.83,-1,cvat_interp
145,13,13,0,1.0,1274.43,394.23,1280.04,400.93,-1,cvat_keyframe
145,15,15,2,1.0,964.57,494.82,991.08,569.86,-1,cvat_interp
146,0,0,2,1.0,1022.14,638.45,1063.36,727.52,-1,cvat_interp
146,1,1,2,1.0,728.15,489.82,757.21,558.21,-1,cvat_interp
146,2,2,2,1.0,709.78,403.45,736.18,464.94,-1,cvat_interp
146,3,3,2,1.0,933.21,388.42,958.86,449.85,-1,cvat_interp
146,5,5,2,1.0,1658.92,459.05,1685.42,534.19,-1,cvat_interp
146,6,6,1,1.0,1430.42,374.29,1448.53,429.93,-1,cvat_interp
146,7,7,2,1.0,1259.35,348.46,1282.17,402.71,-1,cvat_interp
146,8,8,2,1.0,714.92,297.59,731.82,342.69,-1,cvat_interp
146,9,9,2,1.0,306.04,380.35,329.76,443.45,-1,cvat_interp
146,10,10,2,1.0,522.48,411.5,546.28,473.1,-1,cvat_interp
146,11,11,3,1.0,558.13,455.09,587.42,526.09,-1,cvat_interp
146,13,13,0,1.0,1281.53,395.98,1287.14,402.68,-1,cvat_interp
146,15,15,2,1.0,963.47,495.74,989.98,570.86,-1,cvat_interp
147,0,0,2,1.0,1021.34,638.77,1062.56,727.84,-1,cvat_interp
147,1,1,2,1.0,727.45,489.82,756.52,558.21,-1,cvat_interp
147,2,2,2,1.0,708.96,403.58,735.35,465.07,-1,cvat_interp
147,3,3,2,1.0,933.3,388.67,958.95,449.76,-1,cvat_interp
147,5,5,2,1.0,1660.37,459.59,1686.87,534.74,-1,cvat_interp
147,6,6,1,1.0,1430.34,374.32,1448.45,429.95,-1,cvat_interp
147,7,7,2,1.0,1258.94,348.37,1281.76,402.62,-1,cvat_interp
147,8,8,2,1.0,714.79,297.51,731.69,342.61,-1,cvat_interp
147,9,9,2,1.0,303.58,380.43,327.3,443.53,-1,cvat_interp
147,10,10,2,1.0,522.47,411.59,546.27,473.19,-1,cvat_interp
147,11,11,3,1.0,557.22,455.35,586.51,526.36,-1,cvat_interp
147,13,13,0,1.0,1288.63,397.72,1294.24,404.42,-1,cvat_interp
147,15,15,2,1.0,962.38,496.65,988.89,571.87,-1,cvat_interp
148,0,0,2,1.0,1020.54,639.09,1061.76,728.16,-1,cvat_interp
148,1,1,2,1.0,726.75,489.82,755.82,558.21,-1,cvat_interp
148,2,2,2,1.0,708.13,403.71,734.53,465.2,-1,cvat_interp
148,3,3,2,1.0,933.39,388.92,959.04,449.68,-1,cvat_interp
148,5,5,2,1.0,1661.82,460.14,1688.32,535.29,-1,cvat_interp
148,6,6,1,1.0,1430.25,374.34,1448.36,429.97,-1,cvat_interp
148,7,7,2,1.0,1258.54,348.28,1281.36,402.53,-1,cvat_interp
148,8,8,2,1.0,714.66,297.43,731.56,342.53,-1,cvat_interp
148,9,9,2,1.0,301.12,380.51,324.84,443.61,-1,cvat_interp
148,10,10,2,1.0,522.46,411.68,546.26,473.28,-1,cvat_interp
148,11,11,3,1.0,556.3,455.62,585.59,526.63,-1,cvat_interp
148,13,13,0,1.0,1295.74,399.47,1301.35,406.17,-1,cvat_interp
148,15,15,2,1.0,961.28,497.57,987.79,572.87,-1,cvat_interp
149,0,0,2,1.0,1019.74,639.41,1060.96,728.48,-1,cvat_interp
149,1,1,2,1.0,726.05,489.82,755.12,558.21,-1,cvat_interp
149,2,2,2,1.0,707.3,403.84,733.7,465.33,-1,cvat_interp
149,3,3,2,1.0,933.49,389.17,959.13,449.59,-1,cvat_interp
149,5,5,2,1.0,1663.27,460.69,1689.77,535.84,-1,cvat_interp
149,6,6,1,1.0,1430.17,374.36,1448.28,429.99,-1,cvat_interp
149,7,7,2,1.0,1258.13,348.19,1280.95,402.44,-1,cvat_interp
149,8,8,2,1.0,714.53,297.35,731.43,342.45,-1,cvat_interp
149,9,9,2,1.0,298.66,380.59,322.38,443.69,-1,cvat_interp
149,10,10,2,1.0,522.45,411.77,546.25,473.37,-1,cvat_interp
149,11,11,3,1.0,555.39,455.88,584.68,526.89,-1,cvat_interp
149,13,13,0,1.0,1302.84,401.22,1308.45,407.92,-1,cvat_interp
149,15,15,2,1.0,960.19,498.48,986.7,573.87,-1,cvat_interp
150,0,0,2,1.0,1018.94,639.73,1060.16,728.8,-1,cvat_keyframe
150,1,1,2,1.0,725.36,489.82,754.42,558.21,-1,cvat_keyframe
150,2,2,2,1.0,706.47,403.97,732.87,465.46,-1,cvat_keyframe
150,3,3,2,1.0,933.58,389.43,959.23,449.5,-1,cvat_keyframe
150,5,5,2,1.0,1664.73,461.24,1691.23,536.39,-1,cvat_keyframe
150,6,6,1,1.0,1430.09,374.38,1448.2,430.01,-1,cvat_interp
150,7,7,2,1.0,1257.73,348.1,1280.55,402.35,-1,cvat_interp
150,8,8,2,1.0,714.4,297.27,731.3,342.37,-1,cvat_interp
150,9,9,2,1.0,296.2,380.67,319.92,443.77,-1,cvat_keyframe
150,10,10,2,1.0,522.45,411.87,546.25,473.47,-1,cvat_interp
150,11,11,3,1.0,554.48,456.15,583.77,527.16,-1,cvat_keyframe
150,13,13,0,1.0,1309.94,402.96,1315.55,409.66,-1,cvat_keyframe
150,15,15,2,1.0,959.09,499.4,985.6,574.88,-1,cvat_keyframe
151,0,0,2,1.0,1018.36,640.1,1059.58,729.16,-1,cvat_interp
151,1,1,2,1.0,724.7,490.01,753.77,558.68,-1,cvat_interp
151,2,2,2,1.0,705.34,403.82,731.73,465.71,-1,cvat_interp
151,3,3,2,1.0,934.53,389.8,960.66,449.88,-1,cvat_interp
151,5,5,2,1.0,1664.88,461.51,1691.38,536.66,-1,cvat_interp
151,6,6,1,1.0,1430.01,374.4,1448.11,430.03,-1,cvat_interp
151,7,7,2,1.0,1257.32,348.01,1280.14,402.26,-1,cvat_interp
151,8,8,2,1.0,714.27,297.19,731.17,342.29,-1,cvat_interp
151,9,9,2,1.0,294.08,380.93,318.4,444.03,-1,cvat_interp
151,10,10,2,1.0,522.44,411.96,546.24,473.56,-1,cvat_interp
151,11,11,3,1.0,553.44,456.31,582.73,527.32,-1,cvat_interp
151,13,13,0,1.0,1319.3,405.8,1324.91,412.5,-1,cvat_keyframe
151,15,15,2,1.0,957.63,499.76,984.15,575.58,-1,cvat_interp
152,0,0,2,1.0,1017.78,640.46,1059.0,729.53,-1,cvat_interp
152,1,1,2,1.0,724.04,490.2,753.11,559.14,-1,cvat_interp
152,2,2,2,1.0,704.2,403.68,730.6,465.95,-1,cvat_interp
152,3,3,2,1.0,935.47,390.18,962.1,450.25,-1,cvat_interp
152,5,5,2,1.0,1665.04,461.78,1691.54,536.93,-1,cvat_interp
152,6,6,1,1.0,1429.92,374.42,1448.03,430.05,-1,cvat_interp
152,7,7,2,1.0,1256.92,347.92,1279.74,402.17,-1,cvat_interp
152,8,8,2,1.0,714.15,297.11,731.05,342.21,-1,cvat_interp
152,9,9,2,1.0,291.96,381.19,316.87,444.29,-1,cvat_interp
152,10,10,2,1.0,522.43,412.05,546.23,473.65,-1,cvat_interp
152,11,11,3,1.0,552.41,456.47,581.7,527.48,-1,cvat_interp
152,13,13,0,1.0,1326.48,409.46,1332.09,416.16,-1,cvat_interp
152,15,15,2,1.0,956.17,500.12,982.69,576.28,-1,cvat_interp
153,0,0,2,1.0,1017.2,640.82,1058.42,729.89,-1,cvat_interp
153,1,1,2,1.0,723.39,490.39,752.46,559.61,-1,cvat_interp
153,2,2,2,1.0,703.07,403.53,729.47,466.19,-1,cvat_interp
153,3,3,2,1.0,936.42,390.56,963.54,450.63,-1,cvat_interp
153,5,5,2,1.0,1665.2,462.05,1691.7,537.2,-1,cvat_interp
153,6,6,1,1.0,1429.84,374.44,1447.95,430.07,-1,cvat_interp
153,7,7,2,1.0,1256.51,347.83,1279.33,402.08,-1,cvat_interp
153,8,8,2,1.0,714.02,297.03,730.92,342.13,-1,cvat_interp
153,9,9,2,1.0,289.83,381.44,315.34,444.55,-1,cvat_interp
153,10,10,2,1.0,522.42,412.14,546.22,473.74,-1,cvat_interp
153,11,11,3,1.0,551.37,456.63,580.66,527.64,-1,cvat_interp
153,13,13,0,1.0,1333.65,413.12,1339.26,419.82,-1,cvat_interp
153,15,15,2,1.0,954.72,500.48,981.23,576.98,-1,cvat_interp
154,0,0,2,1.0,1016.62,641.18,1057.84,730.25,-1,cvat_interp
154,1,1,2,1.0,722.73,490.57,751.8,560.08,-1,cvat_interp
154,2,2,2,1.0,701.93,403.38,728.33,466.43,-1,cvat_interp
154,3,3,2,1.0,937.37,390.94,964.98,451.01,-1,cvat_interp
154,5,5,2,1.0,1665.36,462.32,1691.86,537.47,-1,cvat_interp
154,6,6,1,1.0,1429.76,374.46,1447.87,430.09,-1,cvat_interp
154,7,7,2,1.0,1256.11,347.74,1278.93,401.99,-1,cvat_interp
154,8,8,2,1.0,713.89,296.95,730.79,342.05,-1,cvat_interp
154,9,9,2,1.0,287.71,381.7,313.81,444.8,-1,cvat_interp
154,10,10,2,1.0,522.42,412.24,546.22,473.83,-1,cvat_interp
154,11,11,3,1.0,550.33,456.79,579.62,527.8,-1,cvat_interp
154,13,13,0,1.0,1340.83,416.78,1346.44,423.48,-1,cvat_interp
154,15,15,2,1.0,953.26,500.84,979.77,577.67,-1,cvat_interp
155,0,0,2,1.0,1016.04,641.55,1057.26,730.61,-1,cvat_interp
155,1,1,2,1.0,722.08,490.76,751.14,560.55,-1,cvat_interp
155,2,2,2,1.0,700.8,403.23,727.2,466.68,-1,cvat_interp
155,3,3,2,1.0,938.32,391.31,966.41,451.39,-1,cvat_interp
155,5,5,2,1.0,1665.51,462.59,1692.01,537.74,-1,cvat_interp
155,6,6,1,1.0,1429.67,374.48,1447.78,430.11,-1,cvat_interp
155,7,7,2,1.0,1255.7,347.65,1278.52,401.9,-1,cvat_interp
155,8,8,2,1.0,713.76,296.87,730.66,341.97,-1,cvat_interp
155,9,9,2,1.0,285.59,381.96,312.29,445.06,-1,cvat_interp
155,10,10,2,1.0,522.41,412.33,546.21,473.93,-1,cvat_interp
155,11,11,3,1.0,549.3,456.95,578.59,527.96,-1,cvat_interp
155,13,13,0,1.0,1348.01,420.44,1353.62,427.14,-1,cvat_interp
155,15,15,2,1.0,951.8,501.2,978.31,578.37,-1,cvat_interp
156,0,0,2,1.0,1015.46,641.91,1056.68,730.98,-1,cvat_interp
156,1,1,2,1.0,721.42,490.95,750.49,561.02,-1,cvat_interp
156,2,2,2,1.0,699.67,403.09,726.07,466.92,-1,cvat_interp
156,3,3,2,1.0,939.27,391.69,967.85,451.76,-1,cvat_interp
156,5,5,2,1.0,1665.67,462.86,1692.17,538.01,-1,cvat_interp
156,6,6,1,1.0,1429.59,374.5,1447.7,430.13,-1,cvat_interp
156,7,7,2,1.0,1255.3,347.56,1278.12,401.81,-1,cvat_interp
156,8,8,2,1.0,713.63,296.79,730.53,341.89,-1,cvat_interp
156,9,9,2,1.0,283.47,382.22,310.76,445.32,-1,cvat_interp
156,10,10,2,1.0,522.4,412.42,546.2,474.02,-1,cvat_interp
156,11,11,3,1.0,548.26,457.11,577.55,528.12,-1,cvat_interp
156,13,13,0,1.0,1355.18,424.1,1360.79,430.8,-1,cvat_interp
156,15,15,2,1.0,950.34,501.56,976.85,579.07,-1,cvat_interp
157,0,0,2,1.0,1014.88,642.27,1056.1,731.34,-1,cvat_interp
157,1,1,2,1.0,720.77,491.14,749.83,561.49,-1,cvat_interp
157,2,2,2,1.0,698.53,402.94,724.93,467.16,-1,cvat_interp
157,3,3,2,1.0,940.22,392.07,969.29,452.14,-1,cvat_interp
157,5,5,2,1.0,1665.83,463.13,1692.33,538.28,-1,cvat_interp
157,6,6,1,1.0,1429.51,374.52,1447.62,430.15,-1,cvat_interp
157,7,7,2,1.0,1254.89,347.47,1277.71,401.72,-1,cvat_interp
157,8,8,2,1.0,713.5,296.71,730.4,341.81,-1,cvat_interp
157,9,9,2,1.0,281.35,382.47,309.23,445.57,-1,cvat_interp
157,10,10,2,1.0,522.39,412.51,546.19,474.11,-1,cvat_interp
157,11,11,3,1.0,547.22,457.27,576.51,528.28,-1,cvat_interp
157,13,13,0,1.0,1362.36,427.76,1367.97,434.46,-1,cvat_interp
157,15,15,2,1.0,948.88,501.92,975.39,579.77,-1,cvat_interp
158,0,0,2,1.0,1014.3,642.63,1055.52,731.7,-1,cvat_interp
158,1,1,2,1.0,720.11,491.32,749.18,561.95,-1,cvat_interp
158,2,2,2,1.0,697.4,402.79,723.8,467.41,-1,cvat_interp
158,3,3,2,1.0,941.16,392.45,970.73,452.52,-1,cvat_interp
158,5,5,2,1.0,1665.99,463.41,1692.49,538.55,-1,cvat_interp
158,6,6,1,1.0,1429.43,374.54,1447.53,430.17,-1,cvat_interp
158,7,7,2,1.0,1254.49,347.38,1277.31,401.63,-1,cvat_interp
158,8,8,2,1.0,713.37,296.62,730.27,341.72,-1,cvat_interp
158,9,9,2,1.0,279.23,382.73,307.7,445.83,-1,cvat_interp
158,10,10,2,1.0,522.38,412.61,546.18,474.2,-1,cvat_interp
158,11,11,3,1.0,546.18,457.43,575.47,528.43,-1,cvat_interp
158,13,13,0,1.0,1369.54,431.42,1375.15,438.12,-1,cvat_interp
158,15,15,2,1.0,947.42,502.28,973.93,580.47,-1,cvat_interp
159,0,0,2,1.0,1013.72,643.0,1054.94,732.06,-1,cvat_interp
159,1,1,2,1.0,719.45,491.51,748.52,562.42,-1,cvat_interp
159,2,2,2,1.0,696.27,402.65,722.66,467.65,-1,cvat_interp
159,3,3,2,1.0,942.11,392.82,972.16,452.9,-1,cvat_interp
159,5,5,2,1.0,1666.15,463.68,1692.65,538.82,-1,cvat_interp
159,6,6,1,1.0,1429.34,374.56,1447.45,430.2,-1,cvat_interp
159,7,7,2,1.0,1254.08,347.29,1276.9,401.54,-1,cvat_interp
159,8,8,2,1.0,713.24,296.54,730.14,341.64,-1,cvat_interp
159,9,9,2,1.0,277.11,382.99,306.18,446.09,-1,cvat_interp
159,10,10,2,1.0,522.38,412.7,546.18,474.3,-1,cvat_interp
159,11,11,3,1.0,545.15,457.59,574.44,528.59,-1,cvat_interp
159,13,13,0,1.0,1376.71,435.08,1382.32,441.78,-1,cvat_interp
159,15,15,2,1.0,945.96,502.64,972.47,581.17,-1,cvat_interp
160,0,0,2,1.0,1013.14,643.36,1054.36,732.43,-1,cvat_keyframe
160,1,1,2,1.0,718.8,491.7,747.87,562.89,-1,cvat_keyframe
160,2,2,2,1.0,695.13,402.5,721.53,467.89,-1,cvat_keyframe
160,3,3,2,1.0,943.06,393.2,973.6,453.27,-1,cvat_keyframe
160,5,5,2,1.0,1666.3,463.95,1692.8,539.09,-1,cvat_keyframe
160,6,6,1,1.0,1429.26,374.58,1447.37,430.22,-1,cvat_keyframe
160,7,7,2,1.0,1253.68,347.2,1276.5,401.45,-1,cvat_keyframe
160,8,8,2,1.0,713.12,296.46,730.02,341.56,-1,cvat_keyframe
160,9,9,2,1.0,274.99,383.25,304.65,446.35,-1,cvat_keyframe
160,10,10,2,1.0,522.37,412.79,546.17,474.39,-1,cvat_interp
160,11,11,3,1.0,544.11,457.75,573.4,528.75,-1,cvat_keyframe
160,13,13,0,1.0,1383.89,438.74,1389.5,445.44,-1,cvat_keyframe
160,15,15,2,1.0,944.5,503.0,971.01,581.87,-1,cvat_keyframe
161,0,0,2,1.0,1012.16,643.85,1053.38,733.38,-1,cvat_interp
161,1,1,2,1.0,717.46,492.27,746.53,563.46,-1,cvat_interp
161,2,2,2,1.0,693.73,402.7,720.12,468.09,-1,cvat_interp
161,3,3,2,1.0,944.95,393.86,975.48,453.93,-1,cvat_interp
161,5,5,2,1.0,1665.96,464.8,1692.46,539.94,-1,cvat_interp
161,6,6,1,1.0,1428.02,374.34,1446.47,430.62,-1,cvat_interp
161,7,7,2,1.0,1252.26,346.96,1275.09,401.21,-1,cvat_interp
161,8,8,2,1.0,712.0,296.3,728.9,341.4,-1,cvat_interp
161,9,9,2,1.0,271.23,383.51,300.89,446.61,-1,cvat_interp
161,10,10,2,1.0,522.36,412.88,546.16,474.48,-1,cvat_interp
161,11,11,3,1.0,542.65,458.25,571.94,529.26,-1,cvat_interp
161,13,13,0,1.0,1390.19,441.77,1396.17,448.62,-1,cvat_interp
161,15,15,2,1.0,942.4,503.52,968.91,582.39,-1,cvat_interp
162,0,0,2,1.0,1011.18,644.34,1052.4,734.34,-1,cvat_interp
162,1,1,2,1.0,716.13,492.84,745.2,564.03,-1,cvat_interp
162,2,2,2,1.0,692.32,402.9,718.72,468.29,-1,cvat_interp
162,3,3,2,1.0,946.83,394.51,977.37,454.58,-1,cvat_interp
162,5,5,2,1.0,1665.62,465.65,1692.12,540.79,-1,cvat_interp
162,6,6,1,1.0,1426.79,374.09,1445.56,431.03,-1,cvat_interp
162,7,7,2,1.0,1250.85,346.72,1273.67,400.97,-1,cvat_interp
162,8,8,2,1.0,710.89,296.15,727.79,341.25,-1,cvat_interp
162,9,9,2,1.0,267.47,383.76,297.13,446.86,-1,cvat_interp
162,10,10,2,1.0,522.35,412.98,546.15,474.57,-1,cvat_interp
162,11,11,3,1.0,541.19,458.76,570.48,529.77,-1,cvat_interp
162,13,13,0,1.0,1396.49,444.8,1402.84,451.8,-1,cvat_interp
162,15,15,2,1.0,940.3,504.03,966.82,582.9,-1,cvat_interp
163,0,0,2,1.0,1010.2,644.83,1051.42,735.3,-1,cvat_interp
163,1,1,2,1.0,714.8,493.42,743.86,564.61,-1,cvat_interp
163,2,2,2,1.0,690.91,403.1,717.31,468.49,-1,cvat_interp
163,3,3,2,1.0,948.71,395.17,979.25,455.24,-1,cvat_interp
163,5,5,2,1.0,1665.28,466.5,1691.78,541.64,-1,cvat_interp
163,6,6,1,1.0,1425.55,373.85,1444.66,431.43,-1,cvat_interp
163,7,7,2,1.0,1249.43,346.48,1272.26,400.73,-1,cvat_interp
163,8,8,2,1.0,709.77,295.99,726.67,341.09,-1,cvat_interp
163,9,9,2,1.0,263.71,384.02,293.37,447.12,-1,cvat_interp
163,10,10,2,1.0,522.35,413.07,546.15,474.67,-1,cvat_interp
163,11,11,3,1.0,539.73,459.27,569.02,530.28,-1,cvat_interp
163,13,13,0,1.0,1402.79,447.83,1409.51,454.98,-1,cvat_interp
163,15,15,2,1.0,938.21,504.55,964.72,583.42,-1,cvat_interp
164,0,0,2,1.0,1009.22,645.32,1050.43,736.26,-1,cvat_interp
164,1,1,2,1.0,713.46,493.99,742.53,565.18,-1,cvat_interp
164,2,2,2,1.0,689.5,403.3,715.9,468.7,-1,cvat_interp
164,3,3,2,1.0,950.6,395.82,981.14,455.9,-1,cvat_interp
164,5,5,2,1.0,1664.94,467.35,1691.44,542.49,-1,cvat_interp
164,6,6,1,1.0,1424.32,373.6,1443.76,431.84,-1,cvat_interp
164,7,7,2,1.0,1248.02,346.24,1270.84,400.48,-1,cvat_interp
164,8,8,2,1.0,708.66,295.83,725.56,340.93,-1,cvat_interp
164,9,9,2,1.0,259.95,384.28,289.61,447.38,-1,cvat_interp
164,10,10,2,1.0,522.34,413.16,546.14,474.76,-1,cvat_interp
164,11,11,3,1.0,538.27,459.78,567.56,530.79,-1,cvat_interp
164,13,13,0,1.0,1409.1,450.87,1416.18,458.17,-1,cvat_interp
164,15,15,2,1.0,936.11,505.07,962.62,583.94,-1,cvat_interp
165,0,0,2,1.0,1008.24,645.81,1049.45,737.21,-1,cvat_interp
165,1,1,2,1.0,712.13,494.56,741.2,565.75,-1,cvat_interp
165,2,2,2,1.0,688.1,403.51,714.49,468.9,-1,cvat_interp
165,3,3,2,1.0,952.48,396.48,983.02,456.55,-1,cvat_interp
165,5,5,2,1.0,1664.6,468.2,1691.1,543.34,-1,cvat_interp
165,6,6,1,1.0,1423.08,373.35,1442.86,432.24,-1,cvat_interp
165,7,7,2,1.0,1246.6,346.0,1269.43,400.24,-1,cvat_interp
165,8,8,2,1.0,707.54,295.67,724.44,340.77,-1,cvat_interp
165,9,9,2,1.0,256.19,384.54,285.85,447.64,-1,cvat_interp
165,10,10,2,1.0,522.33,413.25,546.13,474.85,-1,cvat_interp
165,11,11,3,1.0,536.8,460.29,566.09,531.29,-1,cvat_interp
165,13,13,0,1.0,1415.4,453.9,1422.85,461.35,-1,cvat_interp
165,15,15,2,1.0,934.01,505.58,960.52,584.45,-1,cvat_interp
166,0,0,2,1.0,1007.26,646.3,1048.47,738.17,-1,cvat_interp
166,1,1,2,1.0,710.8,495.13,739.86,566.32,-1,cvat_interp
166,2,2,2,1.0,686.69,403.71,713.09,469.1,-1,cvat_interp
166,3,3,2,1.0,954.37,397.13,984.91,457.21,-1,cvat_interp
166,5,5,2,1.0,1664.26,469.05,1690.76,544.19,-1,cvat_interp
166,6,6,1,1.0,1421.84,373.11,1441.96,432.65,-1,cvat_interp
166,7,7,2,1.0,1245.19,345.76,1268.01,400.0,-1,cvat_interp
166,8,8,2,1.0,706.43,295.51,723.33,340.61,-1,cvat_interp
166,9,9,2,1.0,252.43,384.8,282.08,447.9,-1,cvat_interp
166,10,10,2,1.0,522.32,413.35,546.12,474.94,-1,cvat_interp
166,11,11,3,1.0,535.34,460.79,564.63,531.8,-1,cvat_interp
166,13,13,0,1.0,1421.7,456.93,1429.52,464.53,-1,cvat_interp
166,15,15,2,1.0,931.91,506.1,958.42,584.97,-1,cvat_interp
167,0,0,2,1.0,1006.27,646.79,1047.49,739.13,-1,cvat_interp
167,1,1,2,1.0,709.46,495.7,738.53,566.89,-1,cvat_interp
167,2,2,2,1.0,685.28,403.91,711.68,469.3,-1,cvat_interp
167,3,3,2,1.0,956.25,397.79,986.79,457.86,-1,cvat_interp
167,5,5,2,1.0,1663.92,469.9,1690.42,545.04,-1,cvat_interp
167,6,6,1,1.0,1420.61,372.86,1441.06,433.05,-1,cvat_interp
167,7,7,2,1.0,1243.78,345.52,1266.6,399.76,-1,cvat_interp
167,8,8,2,1.0,705.32,295.35,722.22,340.45,-1,cvat_interp
167,9,9,2,1.0,248.67,385.06,278.32,448.16,-1,cvat_interp
167,10,10,2,1.0,522.32,413.44,546.12,475.04,-1,cvat_interp
167,11,11,3,1.0,533.88,461.3,563.17,532.31,-1,cvat_interp
167,13,13,0,1.0,1428.0,459.97,1436.19,467.72,-1,cvat_interp
167,15,15,2,1.0,929.82,506.62,956.33,585.49,-1,cvat_interp
168,0,0,2,1.0,1005.29,647.28,1046.51,740.09,-1,cvat_interp
168,1,1,2,1.0,708.13,496.27,737.19,567.46,-1,cvat_interp
168,2,2,2,1.0,683.88,404.11,710.27,469.5,-1,cvat_interp
168,3,3,2,1.0,958.14,398.44,988.68,458.52,-1,cvat_interp
168,5,5,2,1.0,1663.58,470.75,1690.08,545.89,-1,cvat_interp
168,6,6,1,1.0,1419.37,372.62,1440.16,433.46,-1,cvat_interp
168,7,7,2,1.0,1242.36,345.28,1265.18,399.52,-1,cvat_interp
168,8,8,2,1.0,704.2,295.19,721.1,340.29,-1,cvat_interp
168,9,9,2,1.0,244.91,385.32,274.56,448.42,-1,cvat_interp
168,10,10,2,1.0,522.31,413.53,546.11,475.13,-1,cvat_interp
168,11,11,3,1.0,532.42,461.81,561.71,532.82,-1,cvat_interp
168,13,13,0,1.0,1434.3,463.0,1442.86,470.9,-1,cvat_interp
168,15,15,2,1.0,927.72,507.14,954.23,586.01,-1,cvat_interp
169,0,0,2,1.0,1004.31,647.77,1045.53,741.04,-1,cvat_interp
169,1,1,2,1.0,706.79,496.85,735.86,568.04,-1,cvat_interp
169,2,2,2,1.0,682.47,404.31,708.87,469.7,-1,cvat_interp
169,3,3,2,1.0,960.02,399.1,990.56,459.17,-1,cvat_interp
169,5,5,2,1.0,1663.24,471.6,1689.74,546.74,-1,cvat_interp
169,6,6,1,1.0,1418.14,372.37,1439.25,433.86,-1,cvat_interp
169,7,7,2,1.0,1240.95,345.04,1263.77,399.28,-1,cvat_interp
169,8,8,2,1.0,703.09,295.03,719.99,340.13,-1,cvat_interp
169,9,9,2,1.0,241.15,385.58,270.8,448.68,-1,cvat_interp
169,10,10,2,1.0,522.3,413.62,546.1,475.22,-1,cvat_interp
169,11,11,3,1.0,530.96,462.32,560.25,533.33,-1,cvat_interp
169,13,13,0,1.0,1440.6,466.03,1449.53,474.08,-1,cvat_interp
169,15,15,2,1.0,925.62,507.65,952.13,586.52,-1,cvat_interp
170,0,0,2,1.0,1003.33,648.26,1044.55,742.0,-1,cvat_keyframe
170,1,1,2,1.0,705.46,497.42,734.53,568.61,-1,cvat_keyframe
170,2,2,2,1.0,681.06,404.51,707.46,469.9,-1,cvat_keyframe
170,3,3,2,1.0,961.91,399.75,992.45,459.83,-1,cvat_keyframe
170,5,5,2,1.0,1662.9,472.45,1689.4,547.59,-1,cvat_keyframe
170,6,6,1,1.0,1416.9,372.12,1438.35,434.27,-1,cvat_keyframe
170,7,7,2,1.0,1239.53,344.8,1262.36,399.04,-1,cvat_keyframe
170,8,8,2,1.0,701.97,294.87,718.87,339.97,-1,cvat_keyframe
170,9,9,2,1.0,237.39,385.84,267.04,448.94,-1,cvat_keyframe
170,10,10,2,1.0,522.29,413.72,546.09,475.31,-1,cvat_keyframe
170,11,11,3,1.0,529.5,462.83,558.79,533.84,-1,cvat_keyframe
170,13,13,0,1.0,1446.9,469.07,1456.2,477.27,-1,cvat_keyframe
170,15,15,2,1.0,923.52,508.17,950.03,587.04,-1,cvat_keyframe
171,0,0,2,1.0,1002.75,648.85,1043.96,742.58,-1,cvat_interp
171,1,1,2,1.0,704.29,497.51,733.36,568.71,-1,cvat_interp
171,2,2,2,1.0,679.72,404.69,706.12,470.08,-1,cvat_interp
171,3,3,2,1.0,962.59,400.5,993.91,460.58,-1,cvat_interp
171,5,5,2,1.0,1662.59,472.52,1689.09,547.67,-1,cvat_interp
171,6,6,1,1.0,1416.32,372.09,1437.77,434.23,-1,cvat_interp
171,7,7,2,1.0,1237.64,344.94,1260.46,399.19,-1,cvat_interp
171,8,8,2,1.0,700.61,294.59,717.51,339.69,-1,cvat_interp
171,9,9,2,1.0,234.68,386.25,264.33,449.35,-1,cvat_interp
171,10,10,2,1.0,521.72,413.85,545.52,475.44,-1,cvat_interp
171,11,11,3,1.0,528.71,463.31,558.0,534.32,-1,cvat_interp
171,13,13,0,1.0,1452.64,471.49,1461.94,479.82,-1,cvat_interp
171,15,15,2,1.0,920.51,509.32,947.79,588.19,-1,cvat_interp
172,0,0,2,1.0,1002.16,649.43,1043.38,743.17,-1,cvat_interp
172,1,1,2,1.0,703.12,497.61,732.19,568.8,-1,cvat_interp
172,2,2,2,1.0,678.39,404.86,704.79,470.25,-1,cvat_interp
172,3,3,2,1.0,963.26,401.25,995.37,461.33,-1,cvat_interp
172,5,5,2,1.0,1662.28,472.6,1688.78,547.75,-1,cvat_interp
172,6,6,1,1.0,1415.74,372.05,1437.19,434.19,-1,cvat_interp
172,7,7,2,1.0,1235.75,345.09,1258.57,399.33,-1,cvat_interp
172,8,8,2,1.0,699.25,294.3,716.15,339.4,-1,cvat_interp
172,9,9,2,1.0,231.97,386.66,261.63,449.76,-1,cvat_interp
172,10,10,2,1.0,521.16,413.98,544.96,475.58,-1,cvat_interp
172,11,11,3,1.0,527.93,463.79,557.22,534.8,-1,cvat_interp
172,13,13,0,1.0,1458.38,473.91,1467.68,482.37,-1,cvat_interp
172,15,15,2,1.0,917.5,510.48,945.54,589.35,-1,cvat_interp
173,0,0,2,1.0,1001.58,650.02,1042.79,743.75,-1,cvat_interp
173,1,1,2,1.0,701.96,497.71,731.02,568.9,-1,cvat_interp
173,2,2,2,1.0,677.05,405.03,703.45,470.43,-1,cvat_interp
173,3,3,2,1.0,963.94,402.0,996.83,462.08,-1,cvat_interp
173,5,5,2,1.0,1661.97,472.68,1688.47,547.83,-1,cvat_interp
173,6,6,1,1.0,1415.16,372.01,1436.61,434.15,-1,cvat_interp
173,7,7,2,1.0,1233.85,345.23,1256.68,399.48,-1,cvat_interp
173,8,8,2,1.0,697.89,294.02,714.79,339.12,-1,cvat_interp
173,9,9,2,1.0,229.26,387.07,258.92,450.17,-1,cvat_interp
173,10,10,2,1.0,520.59,414.11,544.39,475.71,-1,cvat_interp
173,11,11,3,1.0,527.14,464.27,556.43,535.28,-1,cvat_interp
173,13,13,0,1.0,1464.11,476.33,1473.41,484.92,-1,cvat_interp
173,15,15,2,1.0,914.49,511.63,943.3,590.5,-1,cvat_interp
174,0,0,2,1.0,1000.99,650.6,1042.21,744.34,-1,cvat_interp
174,1,1,2,1.0,700.79,497.81,729.85,569.0,-1,cvat_interp
174,2,2,2,1.0,675.72,405.21,702.11,470.6,-1,cvat_interp
174,3,3,2,1.0,964.62,402.75,998.29,462.83,-1,cvat_interp
174,5,5,2,1.0,1661.66,472.76,1688.16,547.9,-1,cvat_interp
174,6,6,1,1.0,1414.58,371.97,1436.03,434.11,-1,cvat_interp
174,7,7,2,1.0,1231.96,345.38,1254.78,399.62,-1,cvat_interp
174,8,8,2,1.0,696.54,293.73,713.44,338.83,-1,cvat_interp
174,9,9,2,1.0,226.55,387.48,256.21,450.59,-1,cvat_interp
174,10,10,2,1.0,520.02,414.24,543.82,475.84,-1,cvat_interp
174,11,11,3,1.0,526.36,464.75,555.65,535.76,-1,cvat_interp
174,13,13,0,1.0,1469.85,478.75,1479.15,487.47,-1,cvat_interp
174,15,15,2,1.0,911.48,512.79,941.05,591.66,-1,cvat_interp
175,0,0,2,1.0,1000.41,651.18,1041.63,744.92,-1,cvat_interp
175,1,1,2,1.0,699.62,497.9,728.69,569.1,-1,cvat_interp
175,2,2,2,1.0,674.38,405.38,700.78,470.78,-1,cvat_keyframe
175,3,3,2,1.0,965.3,403.5,999.75,463.58,-1,cvat_keyframe
175,5,5,2,1.0,1661.34,472.83,1687.84,547.98,-1,cvat_interp
175,6,6,1,1.0,1414.0,371.93,1435.45,434.07,-1,cvat_interp
175,7,7,2,1.0,1230.07,345.52,1252.89,399.77,-1,cvat_interp
175,8,8,2,1.0,695.18,293.44,712.08,338.54,-1,cvat_interp
175,9,9,2,1.0,223.85,387.9,253.5,451.0,-1,cvat_interp
175,10,10,2,1.0,519.46,414.37,543.26,475.97,-1,cvat_interp
175,11,11,3,1.0,525.57,465.23,554.86,536.24,-1,cvat_interp
175,13,13,0,1.0,1475.59,481.17,1484.89,490.02,-1,cvat_interp
175,15,15,2,1.0,908.47,513.95,938.81,592.82,-1,cvat_interp
176,0,0,2,1.0,999.83,651.77,1041.04,745.5,-1,cvat_interp
176,1,1,2,1.0,698.45,498.0,727.52,569.19,-1,cvat_interp
176,2,2,2,1.0,673.97,405.56,700.37,470.95,-1,cvat_interp
176,3,3,2,1.0,967.54,404.25,1001.21,464.33,-1,cvat_interp
176,5,5,2,1.0,1661.03,472.91,1687.53,548.06,-1,cvat_interp
176,6,6,1,1.0,1413.42,371.89,1434.87,434.04,-1,cvat_interp
176,7,7,2,1.0,1228.17,345.66,1251.0,399.91,-1,cvat_interp
176,8,8,2,1.0,693.82,293.16,710.72,338.26,-1,cvat_interp
176,9,9,2,1.0,221.14,388.31,250.79,451.41,-1,cvat_interp
176,10,10,2,1.0,518.89,414.5,542.69,476.1,-1,cvat_interp
176,11,11,3,1.0,524.79,465.71,554.08,536.72,-1,cvat_interp
176,13,13,0,1.0,1481.33,483.59,1490.63,492.57,-1,cvat_interp
176,15,15,2,1.0,905.46,515.1,936.56,593.97,-1,cvat_interp
177,0,0,2,1.0,999.24,652.35,1040.46,746.09,-1,cvat_interp
177,1,1,2,1.0,697.28,498.1,726.35,569.29,-1,cvat_interp
177,2,2,2,1.0,673.56,405.73,699.96,471.12,-1,cvat_interp
177,3,3,2,1.0,969.79,405.0,1002.67,465.08,-1,cvat_interp
177,5,5,2,1.0,1660.72,472.99,1687.22,548.14,-1,cvat_interp
177,6,6,1,1.0,1412.84,371.85,1434.29,434.0,-1,cvat_interp
177,7,7,2,1.0,1226.28,345.81,1249.1,400.06,-1,cvat_interp
177,8,8,2,1.0,692.46,292.87,709.36,337.97,-1,cvat_interp
177,9,9,2,1.0,218.43,388.72,248.09,451.82,-1,cvat_interp
177,10,10,2,1.0,518.32,414.63,542.12,476.23,-1,cvat_interp
177,11,11,3,1.0,524.0,466.19,553.29,537.2,-1,cvat_interp
177,13,13,0,1.0,1487.06,486.01,1496.36,495.12,-1,cvat_interp
177,15,15,2,1.0,902.45,516.26,934.32,595.13,-1,cvat_interp
178,0,0,2,1.0,998.66,652.94,1039.87,746.67,-1,cvat_interp
178,1,1,2,1.0,696.11,498.2,725.18,569.39,-1,cvat_interp
178,2,2,2,1.0,673.15,405.91,699.55,471.3,-1,cvat_interp
178,3,3,2,1.0,972.03,405.75,1004.13,465.83,-1,cvat_interp
178,5,5,2,1.0,1660.41,473.07,1686.91,548.22,-1,cvat_interp
178,6,6,1,1.0,1412.26,371.82,1433.71,433.96,-1,cvat_interp
178,7,7,2,1.0,1224.39,345.95,1247.21,400.2,-1,cvat_interp
178,8,8,2,1.0,691.1,292.59,708.0,337.69,-1,cvat_interp
178,9,9,2,1.0,215.72,389.13,245.38,452.23,-1,cvat_interp
178,10,10,2,1.0,517.75,414.76,541.55,476.36,-1,cvat_interp
178,11,11,3,1.0,523.21,466.67,552.5,537.68,-1,cvat_interp
178,13,13,0,1.0,1492.8,488.43,1502.1,497.67,-1,cvat_interp
178,15,15,2,1.0,899.44,517.41,932.07,596.28,-1,cvat_interp
179,0,0,2,1.0,998.07,653.52,1039.29,747.26,-1,cvat_interp
179,1,1,2,1.0,694.95,498.29,724.01,569.48,-1,cvat_interp
179,2,2,2,1.0,672.74,406.08,699.14,471.47,-1,cvat_interp
179,3,3,2,1.0,974.27,406.5,1005.59,466.58,-1,cvat_interp
179,5,5,2,1.0,1660.1,473.15,1686.6,548.29,-1,cvat_interp
179,6,6,1,1.0,1411.68,371.78,1433.13,433.92,-1,cvat_interp
179,7,7,2,1.0,1222.49,346.1,1245.32,400.35,-1,cvat_interp
179,8,8,2,1.0,689.74,292.3,706.64,337.4,-1,cvat_interp
179,9,9,2,1.0,213.01,389.54,242.67,452.64,-1,cvat_interp
179,10,10,2,1.0,517.19,414.89,540.99,476.49,-1,cvat_interp
179,11,11,3,1.0,522.43,467.15,551.72,538.16,-1,cvat_interp
179,13,13,0,1.0,1498.54,490.85,1507.84,500.22,-1,cvat_interp
179,15,15,2,1.0,896.43,518.57,929.83,597.44,-1,cvat_interp
180,0,0,2,1.0,997.49,654.1,1038.71,747.84,-1,cvat_keyframe
180,1,1,2,1.0,693.78,498.39,722.84,569.58,-1,cvat_keyframe
180,2,2,2,1.0,672.33,406.26,698.73,471.65,-1,cvat_keyframe
180,3,3,2,1.0,976.51,407.25,1007.05,467.33,-1,cvat_keyframe
180,5,5,2,1.0,1659.79,473.22,1686.29,548.37,-1,cvat_keyframe
180,6,6,1,1.0,1411.1,371.74,1432.55,433.88,-1,cvat_keyframe
180,7,7,2,1.0,1220.6,346.24,1243.42,400.49,-1,cvat_keyframe
180,8,8,2,1.0,688.38,292.02,705.28,337.12,-1,cvat_keyframe
180,9,9,2,1.0,210.3,389.95,239.96,453.05,-1,cvat_keyframe
180,10,10,2,1.0,516.62,415.03,540.42,476.62,-1,cvat_keyframe
180,11,11,3,1.0,521.64,467.63,550.93,538.64,-1,cvat_keyframe
180,13,13,0,1.0,1504.28,493.27,1513.58,502.77,-1,cvat_keyframe
180,15,15,2,1.0,893.42,519.72,927.58,598.59,-1,cvat_keyframe
181,0,0,2,1.0,998.2,654.64,1039.42,748.37,-1,cvat_interp
181,1,1,2,1.0,693.43,499.51,722.49,570.7,-1,cvat_interp
181,2,2,2,1.0,671.84,406.47,698.24,471.86,-1,cvat_interp
181,3,3,2,1.0,979.17,407.99,1009.71,468.06,-1,cvat_interp
181,5,5,2,1.0,1658.67,474.34,1685.65,549.49,-1,cvat_interp
181,6,6,1,1.0,1410.63,372.42,1432.56,434.56,-1,cvat_interp
181,7,7,2,1.0,1218.7,346.17,1241.52,400.42,-1,cvat_interp
181,8,8,2,1.0,687.1,292.17,704.0,337.27,-1,cvat_interp
181,9,9,2,1.0,207.35,390.73,237.0,453.83,-1,cvat_interp
181,10,10,2,1.0,516.93,415.47,540.73,477.2,-1,cvat_interp
181,11,11,3,1.0,521.08,467.91,550.37,538.92,-1,cvat_interp
181,13,13,0,1.0,1509.9,495.66,1519.2,505.16,-1,cvat_interp
181,15,15,2,1.0,890.93,520.54,925.76,599.41,-1,cvat_interp
182,0,0,2,1.0,998.91,655.17,1040.13,748.91,-1,cvat_interp
182,1,1,2,1.0,693.08,500.64,722.14,571.83,-1,cvat_interp
182,2,2,2,1.0,671.35,406.68,697.75,472.07,-1,cvat_interp
182,3,3,2,1.0,981.82,408.73,1012.36,468.8,-1,cvat_interp
182,5,5,2,1.0,1657.54,475.46,1685.02,550.61,-1,cvat_interp
182,6,6,1,1.0,1410.16,373.1,1432.56,435.25,-1,cvat_interp
182,7,7,2,1.0,1216.8,346.11,1239.62,400.35,-1,cvat_interp
182,8,8,2,1.0,685.81,292.33,702.71,337.43,-1,cvat_interp
182,9,9,2,1.0,204.39,391.51,234.05,454.61,-1,cvat_interp
182,10,10,2,1.0,517.25,415.92,541.05,477.78,-1,cvat_interp
182,11,11,3,1.0,520.52,468.19,549.81,539.2,-1,cvat_interp
182,13,13,0,1.0,1515.51,498.06,1524.81,507.56,-1,cvat_interp
182,15,15,2,1.0,888.44,521.36,923.93,600.23,-1,cvat_interp
183,0,0,2,1.0,999.62,655.7,1040.84,749.44,-1,cvat_interp
183,1,1,2,1.0,692.73,501.76,721.79,572.95,-1,cvat_interp
183,2,2,2,1.0,670.86,406.89,697.26,472.28,-1,cvat_interp
183,3,3,2,1.0,984.48,409.47,1015.02,469.54,-1,cvat_interp
183,5,5,2,1.0,1656.42,476.57,1684.39,551.72,-1,cvat_interp
183,6,6,1,1.0,1409.69,373.78,1432.57,435.93,-1,cvat_interp
183,7,7,2,1.0,1214.9,346.04,1237.73,400.28,-1,cvat_interp
183,8,8,2,1.0,684.53,292.48,701.43,337.58,-1,cvat_interp
183,9,9,2,1.0,201.43,392.29,231.09,455.39,-1,cvat_interp
183,10,10,2,1.0,517.57,416.37,541.37,478.36,-1,cvat_interp
183,11,11,3,1.0,519.96,468.47,549.25,539.48,-1,cvat_interp
183,13,13,0,1.0,1521.13,500.46,1530.43,509.96,-1,cvat_interp
183,15,15,2,1.0,885.94,522.18,922.1,601.05,-1,cvat_interp
184,0,0,2,1.0,1000.33,656.24,1041.55,749.97,-1,cvat_interp
184,1,1,2,1.0,692.37,502.88,721.44,574.07,-1,cvat_interp
184,2,2,2,1.0,670.37,407.1,696.77,472.49,-1,cvat_interp
184,3,3,2,1.0,987.13,410.2,1017.67,470.28,-1,cvat_interp
184,5,5,2,1.0,1655.3,477.69,1683.75,552.84,-1,cvat_interp
184,6,6,1,1.0,1409.22,374.47,1432.57,436.61,-1,cvat_interp
184,7,7,2,1.0,1213.0,345.97,1235.83,400.22,-1,cvat_interp
184,8,8,2,1.0,683.25,292.64,700.15,337.74,-1,cvat_interp
184,9,9,2,1.0,198.47,393.07,228.13,456.17,-1,cvat_interp
184,10,10,2,1.0,517.88,416.82,541.68,478.94,-1,cvat_interp
184,11,11,3,1.0,519.4,468.75,548.69,539.76,-1,cvat_interp
184,13,13,0,1.0,1526.75,502.85,1536.05,512.35,-1,cvat_interp
184,15,15,2,1.0,883.45,523.01,920.27,601.88,-1,cvat_interp
185,0,0,2,1.0,1001.05,656.77,1042.26,750.51,-1,cvat_interp
185,1,1,2,1.0,692.02,504.0,721.09,575.19,-1,cvat_interp
185,2,2,2,1.0,669.88,407.31,696.28,472.7,-1,cvat_interp
185,3,3,2,1.0,989.79,410.94,1020.33,471.01,-1,cvat_interp
185,5,5,2,1.0,1654.18,478.81,1683.12,553.96,-1,cvat_interp
185,6,6,1,1.0,1408.75,375.15,1432.58,437.29,-1,cvat_interp
185,7,7,2,1.0,1211.1,345.9,1233.93,400.15,-1,cvat_interp
185,8,8,2,1.0,681.97,292.79,698.87,337.89,-1,cvat_interp
185,9,9,2,1.0,195.52,393.85,225.17,456.95,-1,cvat_interp
185,10,10,2,1.0,518.2,417.27,542.0,479.52,-1,cvat_interp
185,11,11,3,1.0,518.84,469.03,548.13,540.04,-1,cvat_interp
185,13,13,0,1.0,1532.37,505.25,1541.67,514.75,-1,cvat_interp
185,15,15,2,1.0,880.96,523.83,918.44,602.7,-1,cvat_interp
186,0,0,2,1.0,1001.76,657.31,1042.97,751.04,-1,cvat_interp
186,1,1,2,1.0,691.67,505.12,720.74,576.32,-1,cvat_interp
186,2,2,2,1.0,669.39,407.52,695.78,472.91,-1,cvat_interp
186,3,3,2,1.0,992.44,411.68,1022.98,471.75,-1,cvat_interp
186,5,5,2,1.0,1653.06,479.93,1682.49,555.07,-1,cvat_interp
186,6,6,1,1.0,1408.28,375.83,1432.58,437.97,-1,cvat_interp
186,7,7,2,1.0,1209.21,345.83,1232.03,400.08,-1,cvat_interp
186,8,8,2,1.0,680.69,292.95,697.59,338.05,-1,cvat_interp
186,9,9,2,1.0,192.56,394.62,222.21,457.72,-1,cvat_interp
186,10,10,2,1.0,518.52,417.72,542.32,480.1,-1,cvat_interp
186,11,11,3,1.0,518.28,469.31,547.57,540.32,-1,cvat_interp
186,13,13,0,1.0,1537.99,507.64,1547.29,517.14,-1,cvat_interp
186,15,15,2,1.0,878.46,524.65,916.61,603.52,-1,cvat_interp
187,0,0,2,1.0,1002.47,657.84,1043.68,751.58,-1,cvat_interp
187,1,1,2,1.0,691.32,506.25,720.39,577.44,-1,cvat_interp
187,2,2,2,1.0,668.89,407.73,695.29,473.12,-1,cvat_interp
187,3,3,2,1.0,995.1,412.42,1025.64,472.49,-1,cvat_interp
187,5,5,2,1.0,1651.94,481.04,1681.85,556.19,-1,cvat_interp
187,6,6,1,1.0,1407.81,376.51,1432.59,438.66,-1,cvat_interp
187,7,7,2,1.0,1207.31,345.76,1230.13,400.01,-1,cvat_interp
187,8,8,2,1.0,679.41,293.11,696.31,338.21,-1,cvat_interp
187,9,9,2,1.0,189.6,395.4,219.26,458.5,-1,cvat_interp
187,10,10,2,1.0,518.83,418.17,542.63,480.68,-1,cvat_interp
187,11,11,3,1.0,517.72,469.59,547.01,540.6,-1,cvat_interp
187,13,13,0,1.0,1543.6,510.04,1552.9,519.54,-1,cvat_interp
187,15,15,2,1.0,875.97,525.47,914.79,604.34,-1,cvat_interp
188,0,0,2,1.0,1003.18,658.37,1044.4,752.11,-1,cvat_interp
188,1,1,2,1.0,690.97,507.37,720.04,578.56,-1,cvat_interp
188,2,2,2,1.0,668.4,407.94,694.8,473.33,-1,cvat_interp
188,3,3,2,1.0,997.75,413.15,1028.29,473.23,-1,cvat_interp
188,5,5,2,1.0,1650.82,482.16,1681.22,557.31,-1,cvat_interp
188,6,6,1,1.0,1407.34,377.2,1432.59,439.34,-1,cvat_interp
188,7,7,2,1.0,1205.41,345.69,1228.23,399.94,-1,cvat_interp
188,8,8,2,1.0,678.12,293.26,695.02,338.36,-1,cvat_interp
188,9,9,2,1.0,186.64,396.18,216.3,459.28,-1,cvat_interp
188,10,10,2,1.0,519.15,418.62,542.95,481.26,-1,cvat_interp
188,11,11,3,1.0,517.15,469.87,546.44,540.88,-1,cvat_interp
188,13,13,0,1.0,1549.22,512.44,1558.52,521.94,-1,cvat_interp
188,15,15,2,1.0,873.48,526.29,912.96,605.16,-1,cvat_interp
189,0,0,2,1.0,1003.89,658.91,1045.11,752.64,-1,cvat_interp
189,1,1,2,1.0,690.62,508.49,719.69,579.68,-1,cvat_interp
189,2,2,2,1.0,667.91,408.15,694.31,473.54,-1,cvat_interp
189,3,3,2,1.0,1000.41,413.89,1030.95,473.96,-1,cvat_interp
189,5,5,2,1.0,1649.7,483.28,1680.59,558.42,-1,cvat_interp
189,6,6,1,1.0,1406.87,377.88,1432.6,440.02,-1,cvat_interp
189,7,7,2,1.0,1203.51,345.63,1226.33,399.87,-1,cvat_interp
189,8,8,2,1.0,676.84,293.42,693.74,338.52,-1,cvat_interp
189,9,9,2,1.0,183.68,396.96,213.34,460.06,-1,cvat_interp
189,10,10,2,1.0,519.46,419.06,543.26,481.84,-1,cvat_interp
189,11,11,3,1.0,516.59,470.15,545.88,541.16,-1,cvat_interp
189,13,13,0,1.0,1554.84,514.83,1564.14,524.33,-1,cvat_interp
189,15,15,2,1.0,870.99,527.11,911.13,605.98,-1,cvat_interp
190,0,0,2,1.0,1004.6,659.44,1045.82,753.18,-1,cvat_keyframe
190,1,1,2,1.0,690.27,509.61,719.34,580.8,-1,cvat_keyframe
190,2,2,2,1.0,667.42,408.36,693.82,473.75,-1,cvat_keyframe
190,3,3,2,1.0,1003.06,414.63,1033.6,474.7,-1,cvat_keyframe
190,5,5,2,1.0,1648.58,484.39,1679.96,559.54,-1,cvat_keyframe
190,6,6,1,1.0,1406.4,378.56,1432.6,440.7,-1,cvat_keyframe
190,7,7,2,1.0,1201.61,345.56,1224.43,399.8,-1,cvat_keyframe
190,8,8,2,1.0,675.56,293.57,692.46,338.67,-1,cvat_keyframe
190,9,9,2,1.0,180.73,397.74,210.38,460.84,-1,cvat_keyframe
190,10,10,2,1.0,519.78,419.51,543.58,482.42,-1,cvat_interp
190,11,11,3,1.0,516.03,470.43,545.32,541.44,-1,cvat_keyframe
190,13,13,0,1.0,1560.46,517.23,1569.76,526.73,-1,cvat_keyframe
190,15,15,2,1.0,868.49,527.93,909.3,606.8,-1,cvat_keyframe
191,0,0,2,1.0,1006.43,662.69,1052.7,757.45,-1,cvat_keyframe
191,1,1,2,1.0,687.3,515.8,724.7,581.63,-1,cvat_keyframe
191,2,2,2,1.0,666.21,412.51,697.81,477.9,-1,cvat_keyframe
191,3,3,2,1.0,1005.22,415.27,1037.37,476.08,-1,cvat_interp
191,5,5,2,1.0,1648.58,484.43,1682.1,562.4,-1,cvat_keyframe
191,6,6,1,1.0,1405.2,378.69,1432.73,440.83,-1,cvat_keyframe
191,7,7,2,1.0,1197.68,345.6,1227.4,400.7,-1,cvat_keyframe
191,8,8,2,1.0,673.78,293.43,691.82,339.09,-1,cvat_interp
191,9,9,2,1.0,177.97,397.99,207.62,461.09,-1,cvat_interp
191,10,10,2,1.0,520.1,419.96,543.9,483.0,-1,cvat_interp
191,11,11,3,1.0,513.59,475.38,542.88,546.39,-1,cvat_keyframe
191,13,13,0,1.0,1565.62,519.73,1574.92,529.23,-1,cvat_interp
191,15,15,2,1.0,866.0,529.45,906.81,608.62,-1,cvat_interp
192,0,0,2,1.0,1008.25,663.1,1053.96,757.75,-1,cvat_interp
192,1,1,2,1.0,689.23,516.03,725.71,582.45,-1,cvat_interp
192,2,2,2,1.0,666.71,412.66,698.39,478.05,-1,cvat_interp
192,3,3,2,1.0,1007.39,415.91,1041.13,477.46,-1,cvat_interp
192,5,5,2,1.0,1648.58,484.47,1681.86,562.46,-1,cvat_interp
192,6,6,1,1.0,1405.47,378.81,1432.85,440.95,-1,cvat_interp
192,7,7,2,1.0,1196.63,345.65,1225.58,400.65,-1,cvat_interp
192,8,8,2,1.0,671.99,293.28,691.19,339.51,-1,cvat_interp
192,9,9,2,1.0,175.21,398.25,204.86,461.35,-1,cvat_interp
192,10,10,2,1.0,520.41,420.41,544.21,483.58,-1,cvat_interp
192,11,11,3,1.0,513.32,475.97,542.61,546.98,-1,cvat_interp
192,13,13,0,1.0,1570.78,522.23,1580.08,531.73,-1,cvat_interp
192,15,15,2,1.0,863.51,530.96,904.31,610.45,-1,cvat_interp
193,0,0,2,1.0,1010.08,663.52,1055.23,758.05,-1,cvat_interp
193,1,1,2,1.0,691.17,516.26,726.72,583.28,-1,cvat_interp
193,2,2,2,1.0,667.21,412.81,698.97,478.2,-1,cvat_interp
193,3,3,2,1.0,1009.55,416.54,1044.9,478.84,-1,cvat_interp
193,5,5,2,1.0,1648.58,484.52,1681.62,562.52,-1,cvat_interp
193,6,6,1,1.0,1405.74,378.93,1432.97,441.08,-1,cvat_interp
193,7,7,2,1.0,1195.58,345.7,1223.77,400.61,-1,cvat_interp
193,8,8,2,1.0,670.2,293.14,690.55,339.93,-1,cvat_interp
193,9,9,2,1.0,172.45,398.5,202.1,461.6,-1,cvat_interp
193,10,10,2,1.0,520.73,420.86,544.53,484.16,-1,cvat_interp
193,11,11,3,1.0,513.06,476.56,542.35,547.57,-1,cvat_interp
193,13,13,0,1.0,1575.94,524.73,1585.24,534.23,-1,cvat_interp
193,15,15,2,1.0,861.01,532.48,901.82,612.27,-1,cvat_interp
194,0,0,2,1.0,1011.9,663.93,1056.49,758.35,-1,cvat_interp
194,1,1,2,1.0,693.1,516.49,727.72,584.1,-1,cvat_interp
194,2,2,2,1.0,667.71,412.96,699.55,478.35,-1,cvat_interp
194,3,3,2,1.0,1011.71,417.18,1048.66,480.23,-1,cvat_interp
194,5,5,2,1.0,1648.58,484.56,1681.39,562.58,-1,cvat_interp
194,6,6,1,1.0,1406.02,379.06,1433.1,441.2,-1,cvat_interp
194,7,7,2,1.0,1194.53,345.75,1221.95,400.56,-1,cvat_interp
194,8,8,2,1.0,668.42,292.99,689.91,340.34,-1,cvat_interp
194,9,9,2,1.0,169.69,398.76,199.35,461.86,-1,cvat_interp
194,10,10,2,1.0,521.05,421.31,544.85,484.74,-1,cvat_interp
194,11,11,3,1.0,512.79,477.15,542.08,548.16,-1,cvat_interp
194,13,13,0,1.0,1581.1,527.23,1590.4,536.73,-1,cvat_interp
194,15,15,2,1.0,858.52,534.0,899.33,614.1,-1,cvat_interp
195,0,0,2,1.0,1013.73,664.35,1057.75,758.66,-1,cvat_interp
195,1,1,2,1.0,695.04,516.72,728.73,584.93,-1,cvat_interp
195,2,2,2,1.0,668.21,413.11,700.14,478.5,-1,cvat_interp
195,3,3,2,1.0,1013.87,417.82,1052.43,481.61,-1,cvat_interp
195,5,5,2,1.0,1648.58,484.6,1681.15,562.63,-1,cvat_interp
195,6,6,1,1.0,1406.29,379.18,1433.22,441.33,-1,cvat_interp
195,7,7,2,1.0,1193.48,345.8,1220.13,400.51,-1,cvat_interp
195,8,8,2,1.0,666.63,292.85,689.27,340.76,-1,cvat_interp
195,9,9,2,1.0,166.93,399.01,196.59,462.11,-1,cvat_interp
195,10,10,2,1.0,521.36,421.76,545.16,485.32,-1,cvat_interp
195,11,11,3,1.0,512.53,477.75,541.82,548.75,-1,cvat_interp
195,13,13,0,1.0,1586.26,529.73,1595.56,539.23,-1,cvat_interp
195,15,15,2,1.0,856.03,535.52,896.83,615.92,-1,cvat_interp
196,0,0,2,1.0,1015.55,664.77,1059.02,758.96,-1,cvat_interp
196,1,1,2,1.0,696.97,516.95,729.74,585.75,-1,cvat_interp
196,2,2,2,1.0,668.71,413.25,700.72,478.65,-1,cvat_interp
196,3,3,2,1.0,1016.04,418.46,1056.19,482.99,-1,cvat_interp
196,5,5,2,1.0,1648.58,484.64,1680.91,562.69,-1,cvat_interp
196,6,6,1,1.0,1406.56,379.31,1433.35,441.45,-1,cvat_interp
196,7,7,2,1.0,1192.43,345.84,1218.31,400.47,-1,cvat_interp
196,8,8,2,1.0,664.84,292.7,688.64,341.18,-1,cvat_interp
196,9,9,2,1.0,164.17,399.26,193.83,462.36,-1,cvat_interp
196,10,10,2,1.0,521.68,422.21,545.48,485.9,-1,cvat_interp
196,11,11,3,1.0,512.26,478.34,541.55,549.34,-1,cvat_interp
196,13,13,0,1.0,1591.42,532.23,1600.72,541.73,-1,cvat_interp
196,15,15,2,1.0,853.53,537.03,894.34,617.75,-1,cvat_interp
197,0,0,2,1.0,1017.38,665.18,1060.28,759.26,-1,cvat_interp
197,1,1,2,1.0,698.9,517.17,730.75,586.58,-1,cvat_interp
197,2,2,2,1.0,669.21,413.4,701.3,478.79,-1,cvat_keyframe
197,3,3,2,1.0,1018.2,419.1,1059.96,484.37,-1,cvat_keyframe
197,5,5,2,1.0,1648.58,484.68,1680.67,562.75,-1,cvat_interp
197,6,6,1,1.0,1406.83,379.43,1433.47,441.58,-1,cvat_interp
197,7,7,2,1.0,1191.38,345.89,1216.5,400.42,-1,cvat_interp
197,8,8,2,1.0,663.06,292.56,688.0,341.6,-1,cvat_keyframe
197,9,9,2,1.0,161.41,399.52,191.07,462.62,-1,cvat_interp
197,10,10,2,1.0,521.99,422.65,545.79,486.48,-1,cvat_interp
197,11,11,3,1.0,512.0,478.93,541.29,549.94,-1,cvat_interp
197,13,13,0,1.0,1596.58,534.73,1605.88,544.23,-1,cvat_interp
197,15,15,2,1.0,851.04,538.55,891.85,619.57,-1,cvat_interp
198,0,0,2,1.0,1019.2,665.6,1061.54,759.56,-1,cvat_interp
198,1,1,2,1.0,700.84,517.4,731.76,587.4,-1,cvat_interp
198,2,2,2,1.0,671.6,413.41,704.27,478.8,-1,cvat_interp
198,3,3,2,1.0,1025.7,421.52,1063.72,485.75,-1,cvat_interp
198,5,5,2,1.0,1648.58,484.72,1680.43,562.81,-1,cvat_interp
198,6,6,1,1.0,1407.1,379.56,1433.6,441.7,-1,cvat_interp
198,7,7,2,1.0,1190.32,345.94,1214.68,400.37,-1,cvat_interp
198,8,8,2,1.0,661.27,292.41,685.93,340.14,-1,cvat_interp
198,9,9,2,1.0,158.65,399.77,188.31,462.87,-1,cvat_interp
198,10,10,2,1.0,522.31,423.1,546.11,487.06,-1,cvat_interp
198,11,11,3,1.0,511.73,479.52,541.02,550.53,-1,cvat_interp
198,13,13,0,1.0,1601.74,537.23,1611.04,546.73,-1,cvat_interp
198,15,15,2,1.0,848.55,540.07,889.36,621.39,-1,cvat_interp
199,0,0,2,1.0,1021.03,666.01,1062.81,759.86,-1,cvat_interp
199,1,1,2,1.0,702.77,517.63,732.76,588.23,-1,cvat_interp
199,2,2,2,1.0,673.99,413.42,707.23,478.81,-1,cvat_interp
199,3,3,2,1.0,1033.21,423.94,1067.48,487.13,-1,cvat_interp
199,5,5,2,1.0,1648.58,484.76,1680.19,562.87,-1,cvat_interp
199,6,6,1,1.0,1407.37,379.68,1433.72,441.83,-1,cvat_interp
199,7,7,2,1.0,1189.27,345.99,1212.86,400.33,-1,cvat_interp
199,8,8,2,1.0,659.49,292.27,683.87,338.68,-1,cvat_interp
199,9,9,2,1.0,155.89,400.03,185.55,463.13,-1,cvat_interp
199,10,10,2,1.0,522.63,423.55,546.43,487.64,-1,cvat_interp
199,11,11,3,1.0,511.47,480.11,540.76,551.12,-1,cvat_interp
199,13,13,0,1.0,1606.9,539.73,1616.2,549.23,-1,cvat_interp
199,15,15,2,1.0,846.05,541.58,886.86,623.22,-1,cvat_interp
200,0,0,2,1.0,1022.86,666.43,1064.07,760.17,-1,cvat_keyframe
200,1,1,2,1.0,704.71,517.86,733.77,589.05,-1,cvat_keyframe
200,2,2,2,1.0,676.38,413.43,710.2,478.82,-1,cvat_keyframe
200,3,3,2,1.0,1040.71,426.36,1071.25,488.51,-1,cvat_keyframe
200,5,5,2,1.0,1648.58,484.8,1679.96,562.93,-1,cvat_keyframe
200,6,6,1,1.0,1407.65,379.81,1433.85,441.95,-1,cvat_keyframe
200,7,7,2,1.0,1188.22,346.04,1211.05,400.28,-1,cvat_keyframe
200,8,8,2,1.0,657.7,292.12,681.8,337.22,-1,cvat_keyframe
200,9,9,2,1.0,153.13,400.28,182.79,463.38,-1,cvat_keyframe
200,10,10,2,1.0,522.94,424.0,546.74,488.22,-1,cvat_keyframe
200,11,11,3,1.0,511.2,480.7,540.49,551.71,-1,cvat_keyframe
200,13,13,0,1.0,1612.06,542.23,1621.36,551.73,-1,cvat_keyframe
200,15,15,2,1.0,843.56,543.1,884.37,625.04,-1,cvat_keyframe
201,0,0,2,1.0,1023.3,667.86,1065.73,762.15,-1,cvat_interp
201,1,1,2,1.0,705.23,519.07,734.73,590.66,-1,cvat_interp
201,2,2,2,1.0,676.38,414.47,710.2,479.86,-1,cvat_interp
201,3,3,2,1.0,1042.36,426.32,1074.86,489.41,-1,cvat_interp
201,5,5,2,1.0,1647.69,485.19,1680.04,563.31,-1,cvat_interp
201,6,6,1,1.0,1407.75,380.41,1434.01,443.54,-1,cvat_interp
201,7,7,2,1.0,1186.16,346.22,1208.98,400.55,-1,cvat_interp
201,8,8,2,1.0,654.88,292.4,678.98,337.5,-1,cvat_interp
201,9,9,2,1.0,149.48,401.07,179.14,464.84,-1,cvat_interp
201,10,10,2,1.0,522.46,424.48,546.26,488.99,-1,cvat_interp
201,11,11,3,1.0,509.86,481.51,539.15,552.52,-1,cvat_interp
201,13,13,0,1.0,1616.66,544.0,1625.96,553.5,-1,cvat_interp
201,15,15,2,1.0,839.46,543.4,880.27,625.69,-1,cvat_interp
202,0,0,2,1.0,1023.75,669.29,1067.39,764.13,-1,cvat_interp
202,1,1,2,1.0,705.75,520.27,735.69,592.26,-1,cvat_interp
202,2,2,2,1.0,676.38,415.5,710.2,480.9,-1,cvat_interp
202,3,3,2,1.0,1044.0,426.28,1078.48,490.3,-1,cvat_interp
202,5,5,2,1.0,1646.79,485.57,1680.13,563.7,-1,cvat_interp
202,6,6,1,1.0,1407.85,381.01,1434.17,445.12,-1,cvat_interp
202,7,7,2,1.0,1184.09,346.41,1206.91,400.81,-1,cvat_interp
202,8,8,2,1.0,652.06,292.68,676.16,337.78,-1,cvat_interp
202,9,9,2,1.0,145.83,401.86,175.49,466.29,-1,cvat_interp
202,10,10,2,1.0,521.98,424.96,545.78,489.76,-1,cvat_interp
202,11,11,3,1.0,508.52,482.33,537.81,553.34,-1,cvat_interp
202,13,13,0,1.0,1621.26,545.78,1630.56,555.28,-1,cvat_interp
202,15,15,2,1.0,835.36,543.7,876.17,626.33,-1,cvat_interp
203,0,0,2,1.0,1024.2,670.71,1069.04,766.12,-1,cvat_interp
203,1,1,2,1.0,706.27,521.47,736.65,593.86,-1,cvat_interp
203,2,2,2,1.0,676.38,416.54,710.2,481.94,-1,cvat_interp
203,3,3,2,1.0,1045.65,426.24,1082.09,491.2,-1,cvat_interp
203,5,5,2,1.0,1645.89,485.96,1680.21,564.08,-1,cvat_interp
203,6,6,1,1.0,1407.95,381.6,1434.34,446.71,-1,cvat_interp
203,7,7,2,1.0,1182.02,346.6,1204.85,401.08,-1,cvat_interp
203,8,8,2,1.0,649.24,292.96,673.34,338.06,-1,cvat_interp
203,9,9,2,1.0,142.18,402.65,171.83,467.75,-1,cvat_interp
203,10,10,2,1.0,521.5,425.44,545.3,490.53,-1,cvat_interp
203,11,11,3,1.0,507.18,483.14,536.47,554.15,-1,cvat_interp
203,13,13,0,1.0,1625.86,547.55,1635.16,557.05,-1,cvat_keyframe
203,15,15,2,1.0,831.26,544.0,872.07,626.97,-1,cvat_interp
204,0,0,2,1.0,1024.65,672.14,1070.7,768.1,-1,cvat_keyframe
204,1,1,2,1.0,706.79,522.67,737.61,595.47,-1,cvat_keyframe
204,2,2,2,1.0,676.38,417.58,710.2,482.98,-1,cvat_interp
204,3,3,2,1.0,1047.3,426.2,1085.7,492.1,-1,cvat_keyframe
204,5,5,2,1.0,1644.99,486.34,1680.3,564.47,-1,cvat_interp
204,6,6,1,1.0,1408.05,382.2,1434.5,448.3,-1,cvat_keyframe
204,7,7,2,1.0,1179.96,346.79,1202.78,401.34,-1,cvat_interp
204,8,8,2,1.0,646.42,293.24,670.52,338.34,-1,cvat_interp
204,9,9,2,1.0,138.53,403.44,168.18,469.2,-1,cvat_keyframe
204,10,10,2,1.0,521.03,425.92,544.83,491.3,-1,cvat_interp
204,11,11,3,1.0,505.84,483.96,535.13,554.96,-1,cvat_interp
204,13,13,0,1.0,1629.86,549.22,1639.16,558.72,-1,cvat_interp
204,15,15,2,1.0,827.16,544.31,867.97,627.62,-1,cvat_keyframe
205,0,0,2,1.0,1025.1,673.57,1072.0,769.21,-1,cvat_interp
205,1,1,2,1.0,707.03,523.47,738.29,596.66,-1,cvat_interp
205,2,2,2,1.0,676.38,418.62,710.2,484.01,-1,cvat_interp
205,3,3,2,1.0,1050.97,427.42,1089.32,494.14,-1,cvat_interp
205,5,5,2,1.0,1644.09,486.73,1680.39,564.85,-1,cvat_interp
205,6,6,1,1.0,1408.15,382.8,1434.56,448.57,-1,cvat_interp
205,7,7,2,1.0,1177.89,346.97,1200.71,401.61,-1,cvat_interp
205,8,8,2,1.0,643.6,293.51,667.7,338.61,-1,cvat_interp
205,9,9,2,1.0,134.87,404.23,164.53,469.61,-1,cvat_interp
205,10,10,2,1.0,520.55,426.4,544.35,492.07,-1,cvat_interp
205,11,11,3,1.0,504.49,484.77,533.78,555.78,-1,cvat_interp
205,13,13,0,1.0,1633.86,550.89,1643.16,560.39,-1,cvat_keyframe
205,15,15,2,1.0,823.5,546.21,864.3,629.86,-1,cvat_interp
206,0,0,2,1.0,1025.55,675.0,1073.3,770.32,-1,cvat_interp
206,1,1,2,1.0,707.28,524.26,738.98,597.85,-1,cvat_interp
206,2,2,2,1.0,676.38,419.66,710.2,485.05,-1,cvat_interp
206,3,3,2,1.0,1054.63,428.63,1092.93,496.17,-1,cvat_interp
206,5,5,2,1.0,1643.19,487.11,1680.47,565.24,-1,cvat_interp
206,6,6,1,1.0,1408.25,383.4,1434.63,448.84,-1,cvat_interp
206,7,7,2,1.0,1175.82,347.16,1198.65,401.87,-1,cvat_interp
206,8,8,2,1.0,640.79,293.79,664.89,338.89,-1,cvat_interp
206,9,9,2,1.0,131.22,405.02,160.88,470.02,-1,cvat_interp
206,10,10,2,1.0,520.07,426.87,543.87,492.85,-1,cvat_interp
206,11,11,3,1.0,503.15,485.58,532.44,556.59,-1,cvat_interp
206,13,13,0,1.0,1638.36,552.92,1647.66,562.42,-1,cvat_interp
206,15,15,2,1.0,819.83,548.12,860.64,632.11,-1,cvat_interp
207,0,0,2,1.0,1026.0,676.43,1074.59,771.43,-1,cvat_interp
207,1,1,2,1.0,707.52,525.05,739.66,599.04,-1,cvat_interp
207,2,2,2,1.0,676.38,420.7,710.2,486.09,-1,cvat_interp
207,3,3,2,1.0,1058.3,429.85,1096.55,498.21,-1,cvat_interp
207,5,5,2,1.0,1642.29,487.5,1680.56,565.62,-1,cvat_interp
207,6,6,1,1.0,1408.35,384.0,1434.69,449.11,-1,cvat_interp
207,7,7,2,1.0,1173.76,347.35,1196.58,402.14,-1,cvat_interp
207,8,8,2,1.0,637.97,294.07,662.07,339.17,-1,cvat_interp
207,9,9,2,1.0,127.57,405.81,157.22,470.43,-1,cvat_interp
207,10,10,2,1.0,519.59,427.35,543.39,493.62,-1,cvat_interp
207,11,11,3,1.0,501.81,486.4,531.1,557.41,-1,cvat_interp
207,13,13,0,1.0,1642.87,554.94,1652.17,564.44,-1,cvat_keyframe
207,15,15,2,1.0,816.17,550.02,856.98,634.36,-1,cvat_interp
208,0,0,2,1.0,1026.45,677.86,1075.89,772.54,-1,cvat_interp
208,1,1,2,1.0,707.77,525.84,740.35,600.23,-1,cvat_interp
208,2,2,2,1.0,676.38,421.74,710.2,487.13,-1,cvat_interp
208,3,3,2,1.0,1061.97,431.07,1100.16,500.25,-1,cvat_interp
208,5,5,2,1.0,1641.4,487.88,1680.64,566.01,-1,cvat_interp
208,6,6,1,1.0,1408.45,384.6,1434.75,449.38,-1,cvat_interp
208,7,7,2,1.0,1171.69,347.54,1194.52,402.4,-1,cvat_interp
208,8,8,2,1.0,635.15,294.35,659.25,339.45,-1,cvat_interp
208,9,9,2,1.0,123.91,406.6,153.57,470.84,-1,cvat_interp
208,10,10,2,1.0,519.11,427.83,542.91,494.39,-1,cvat_interp
208,11,11,3,1.0,500.47,487.21,529.76,558.22,-1,cvat_interp
208,13,13,0,1.0,1640.59,555.48,1649.89,564.98,-1,cvat_interp
208,15,15,2,1.0,812.51,551.93,853.31,636.61,-1,cvat_interp
209,0,0,2,1.0,1026.9,679.28,1077.19,773.66,-1,cvat_interp
209,1,1,2,1.0,708.01,526.63,741.03,601.42,-1,cvat_interp
209,2,2,2,1.0,676.38,422.78,710.2,488.17,-1,cvat_interp
209,3,3,2,1.0,1065.63,432.28,1103.77,502.28,-1,cvat_interp
209,5,5,2,1.0,1640.5,488.27,1680.73,566.39,-1,cvat_interp
209,6,6,1,1.0,1408.55,385.2,1434.82,449.66,-1,cvat_interp
209,7,7,2,1.0,1169.63,347.73,1192.45,402.67,-1,cvat_interp
209,8,8,2,1.0,632.33,294.62,656.43,339.72,-1,cvat_interp
209,9,9,2,1.0,120.26,407.4,149.92,471.25,-1,cvat_interp
209,10,10,2,1.0,518.63,428.31,542.43,495.16,-1,cvat_interp
209,11,11,3,1.0,499.13,488.03,528.42,559.04,-1,cvat_interp
209,13,13,0,1.0,1638.32,556.03,1647.62,565.53,-1,cvat_interp
209,15,15,2,1.0,808.84,553.83,849.65,638.85,-1,cvat_interp
210,0,0,2,1.0,1027.35,680.71,1078.49,774.77,-1,cvat_interp
210,1,1,2,1.0,708.26,527.42,741.72,602.61,-1,cvat_interp
210,2,2,2,1.0,676.38,423.82,710.2,489.21,-1,cvat_interp
210,3,3,2,1.0,1069.3,433.5,1107.39,504.32,-1,cvat_keyframe
210,5,5,2,1.0,1639.6,488.65,1680.81,566.78,-1,cvat_interp
210,6,6,1,1.0,1408.65,385.8,1434.88,449.93,-1,cvat_interp
210,7,7,2,1.0,1167.56,347.91,1190.38,402.93,-1,cvat_interp
210,8,8,2,1.0,629.51,294.9,653.61,340.0,-1,cvat_interp
210,9,9,2,1.0,116.61,408.19,146.27,471.67,-1,cvat_interp
210,10,10,2,1.0,518.15,428.79,541.95,495.93,-1,cvat_interp
210,11,11,3,1.0,497.79,488.84,527.08,559.85,-1,cvat_interp
210,13,13,0,1.0,1636.05,556.57,1645.35,566.07,-1,cvat_keyframe
210,15,15,2,1.0,805.18,555.74,845.99,641.1,-1,cvat_keyframe
211,0,0,2,1.0,1027.8,682.14,1079.78,775.88,-1,cvat_keyframe
211,1,1,2,1.0,708.5,528.21,742.4,603.8,-1,cvat_keyframe
211,2,2,2,1.0,676.38,424.86,710.2,490.25,-1,cvat_keyframe
211,3,3,2,1.0,1076.6,436.2,1111.0,505.9,-1,cvat_keyframe
211,5,5,2,1.0,1638.7,489.04,1680.9,567.16,-1,cvat_keyframe
211,6,6,1,1.0,1408.75,386.4,1434.95,450.2,-1,cvat_keyframe
211,7,7,2,1.0,1165.49,348.1,1188.32,403.2,-1,cvat_keyframe
211,8,8,2,1.0,626.69,295.18,650.79,340.28,-1,cvat_keyframe
211,9,9,2,1.0,112.96,408.98,142.61,472.08,-1,cvat_keyframe
211,10,10,2,1.0,517.67,429.27,541.47,496.7,-1,cvat_keyframe
211,11,11,3,1.0,496.45,489.66,525.73,560.67,-1,cvat_keyframe
211,13,13,0,1.0,1632.07,557.67,1641.37,567.17,-1,cvat_keyframe
211,15,15,2,1.0,800.13,557.07,840.94,643.78,-1,cvat_interp
212,0,0,2,1.0,1030.62,681.83,1082.6,776.58,-1,cvat_interp
212,1,1,2,1.0,707.91,528.92,741.81,604.51,-1,cvat_interp
212,2,2,2,1.0,676.21,424.87,710.02,490.27,-1,cvat_interp
212,3,3,2,1.0,1079.06,436.24,1115.2,505.98,-1,cvat_interp
212,5,5,2,1.0,1638.59,490.14,1680.79,569.14,-1,cvat_interp
212,6,6,1,1.0,1408.75,386.93,1434.95,450.73,-1,cvat_interp
212,7,7,2,1.0,1163.04,348.0,1185.86,403.38,-1,cvat_interp
212,8,8,2,1.0,623.94,294.99,648.04,340.86,-1,cvat_interp
212,9,9,2,1.0,108.69,409.69,139.27,473.24,-1,cvat_interp
212,10,10,2,1.0,515.6,430.43,540.62,497.86,-1,cvat_interp
212,11,11,3,1.0,494.28,490.53,523.57,563.08,-1,cvat_interp
212,13,13,0,1.0,1630.27,558.33,1639.57,567.83,-1,cvat_interp
212,15,15,2,1.0,795.08,558.41,835.89,646.45,-1,cvat_interp
213,0,0,2,1.0,1033.44,681.51,1085.42,777.29,-1,cvat_interp
213,1,1,2,1.0,707.32,529.63,741.22,605.22,-1,cvat_interp
213,2,2,2,1.0,676.03,424.89,709.85,490.28,-1,cvat_interp
213,3,3,2,1.0,1081.52,436.28,1119.4,506.06,-1,cvat_interp
213,5,5,2,1.0,1638.48,491.25,1680.68,571.12,-1,cvat_interp
213,6,6,1,1.0,1408.75,387.46,1434.95,451.26,-1,cvat_interp
213,7,7,2,1.0,1160.58,347.9,1183.41,403.56,-1,cvat_interp
213,8,8,2,1.0,621.19,294.79,645.29,341.43,-1,cvat_interp
213,9,9,2,1.0,104.42,410.4,135.93,474.41,-1,cvat_interp
213,10,10,2,1.0,513.53,431.6,539.76,499.03,-1,cvat_interp
213,11,11,3,1.0,492.12,491.4,521.41,565.49,-1,cvat_interp
213,13,13,0,1.0,1628.47,559.0,1637.77,568.5,-1,cvat_interp
213,15,15,2,1.0,790.03,559.75,830.84,649.13,-1,cvat_interp
214,0,0,2,1.0,1036.26,681.2,1088.24,777.99,-1,cvat_keyframe
214,1,1,2,1.0,706.73,530.33,740.63,605.93,-1,cvat_interp
214,2,2,2,1.0,675.85,424.9,709.67,490.29,-1,cvat_keyframe
214,3,3,2,1.0,1083.98,436.32,1123.6,506.14,-1,cvat_interp
214,5,5,2,1.0,1638.37,492.36,1680.57,573.1,-1,cvat_keyframe
214,6,6,1,1.0,1408.75,387.99,1434.95,451.79,-1,cvat_interp
214,7,7,2,1.0,1158.13,347.8,1180.95,403.74,-1,cvat_interp
214,8,8,2,1.0,618.45,294.6,642.55,342.01,-1,cvat_keyframe
214,9,9,2,1.0,100.16,411.12,132.59,475.57,-1,cvat_interp
214,10,10,2,1.0,511.46,432.76,538.91,500.19,-1,cvat_keyframe
214,11,11,3,1.0,489.96,492.28,519.24,567.9,-1,cvat_keyframe
214,13,13,0,1.0,1626.67,559.66,1635.97,569.16,-1,cvat_interp
214,15,15,2,1.0,784.99,561.08,825.79,651.8,-1,cvat_keyframe
215,0,0,2,1.0,1039.08,682.41,1091.06,778.7,-1,cvat_interp
215,1,1,2,1.0,706.14,531.04,740.04,606.63,-1,cvat_interp
215,2,2,2,1.0,675.67,425.96,709.49,491.35,-1,cvat_interp
215,3,3,2,1.0,1086.44,436.36,1127.79,506.22,-1,cvat_interp
215,5,5,2,1.0,1638.26,493.47,1680.46,574.8,-1,cvat_interp
215,6,6,1,1.0,1408.75,388.52,1434.95,452.32,-1,cvat_interp
215,7,7,2,1.0,1155.68,347.7,1178.5,403.92,-1,cvat_interp
215,8,8,2,1.0,615.41,294.7,639.51,341.72,-1,cvat_interp
215,9,9,2,1.0,95.89,411.83,129.24,476.74,-1,cvat_interp
215,10,10,2,1.0,510.98,433.24,537.82,500.67,-1,cvat_interp
215,11,11,3,1.0,487.79,493.15,517.08,568.0,-1,cvat_interp
215,13,13,0,1.0,1624.87,560.33,1634.17,569.83,-1,cvat_interp
215,15,15,2,1.0,780.54,562.42,820.74,654.8,-1,cvat_interp
216,0,0,2,1.0,1041.9,683.63,1093.88,779.4,-1,cvat_interp
216,1,1,2,1.0,705.55,531.75,739.45,607.34,-1,cvat_interp
216,2,2,2,1.0,675.5,427.01,709.32,492.4,-1,cvat_interp
216,3,3,2,1.0,1088.9,436.4,1131.99,506.3,-1,cvat_keyframe
216,5,5,2,1.0,1638.15,494.58,1680.35,576.5,-1,cvat_keyframe
216,6,6,1,1.0,1408.75,389.05,1434.95,452.85,-1,cvat_interp
216,7,7,2,1.0,1153.22,347.6,1176.04,404.1,-1,cvat_keyframe
216,8,8,2,1.0,612.38,294.79,636.47,341.43,-1,cvat_interp
216,9,9,2,1.0,91.63,412.54,125.9,477.9,-1,cvat_keyframe
216,10,10,2,1.0,510.51,433.72,536.74,501.15,-1,cvat_interp
216,11,11,3,1.0,485.63,494.03,514.92,568.11,-1,cvat_interp
216,13,13,0,1.0,1623.07,560.99,1632.37,570.49,-1,cvat_interp
216,15,15,2,1.0,776.1,563.75,815.7,657.8,-1,cvat_keyframe
217,0,0,2,1.0,1044.72,684.84,1096.7,780.11,-1,cvat_interp
217,1,1,2,1.0,704.96,532.46,738.86,608.05,-1,cvat_interp
217,2,2,2,1.0,675.32,428.06,709.14,493.46,-1,cvat_interp
217,3,3,2,1.0,1094.18,437.55,1136.19,507.77,-1,cvat_interp
217,5,5,2,1.0,1638.03,495.69,1680.23,576.66,-1,cvat_interp
217,6,6,1,1.0,1408.75,389.58,1434.95,453.38,-1,cvat_interp
217,7,7,2,1.0,1150.77,347.5,1173.59,403.95,-1,cvat_interp
217,8,8,2,1.0,609.34,294.89,633.44,341.15,-1,cvat_interp
217,9,9,2,1.0,87.36,413.25,121.98,478.05,-1,cvat_interp
217,10,10,2,1.0,510.04,434.2,535.66,501.63,-1,cvat_interp
217,11,11,3,1.0,483.46,494.9,512.75,568.21,-1,cvat_interp
217,13,13,0,1.0,1621.27,561.66,1630.57,571.16,-1,cvat_interp
217,15,15,2,1.0,770.75,565.09,810.65,657.6,-1,cvat_interp
218,0,0,2,1.0,1047.54,686.06,1099.52,780.81,-1,cvat_interp
218,1,1,2,1.0,704.37,533.17,738.27,608.76,-1,cvat_interp
218,2,2,2,1.0,675.14,429.12,708.96,494.51,-1,cvat_interp
218,3,3,2,1.0,1099.45,438.7,1140.39,509.25,-1,cvat_interp
218,5,5,2,1.0,1637.92,496.8,1680.12,576.82,-1,cvat_interp
218,6,6,1,1.0,1408.75,390.11,1434.95,453.91,-1,cvat_interp
218,7,7,2,1.0,1148.31,347.4,1171.14,403.81,-1,cvat_interp
218,8,8,2,1.0,606.3,294.99,630.4,340.86,-1,cvat_interp
218,9,9,2,1.0,83.09,413.97,118.05,478.2,-1,cvat_interp
218,10,10,2,1.0,509.56,434.68,534.58,502.11,-1,cvat_interp
218,11,11,3,1.0,481.3,495.77,510.59,568.32,-1,cvat_interp
218,13,13,0,1.0,1619.47,562.32,1628.77,571.82,-1,cvat_interp
218,15,15,2,1.0,765.4,566.43,805.6,657.4,-1,cvat_interp
219,0,0,2,1.0,1050.36,687.27,1102.34,781.52,-1,cvat_interp
219,1,1,2,1.0,703.78,533.88,737.68,609.47,-1,cvat_interp
219,2,2,2,1.0,674.97,430.17,708.79,495.56,-1,cvat_interp
219,3,3,2,1.0,1104.73,439.85,1144.59,510.72,-1,cvat_interp
219,5,5,2,1.0,1637.81,497.9,1680.01,576.98,-1,cvat_interp
219,6,6,1,1.0,1408.75,390.64,1434.95,454.44,-1,cvat_interp
219,7,7,2,1.0,1145.86,347.3,1168.68,403.66,-1,cvat_interp
219,8,8,2,1.0,603.27,295.08,627.37,340.57,-1,cvat_interp
219,9,9,2,1.0,78.83,414.68,114.13,478.35,-1,cvat_interp
219,10,10,2,1.0,509.09,435.16,533.5,502.59,-1,cvat_interp
219,11,11,3,1.0,479.14,496.65,508.43,568.42,-1,cvat_interp
219,13,13,0,1.0,1617.66,562.99,1626.96,572.49,-1,cvat_interp
219,15,15,2,1.0,760.04,567.76,800.55,657.21,-1,cvat_interp
220,0,0,2,1.0,1053.18,688.49,1105.16,782.22,-1,cvat_keyframe
220,1,1,2,1.0,703.19,534.58,737.09,610.18,-1,cvat_keyframe
220,2,2,2,1.0,674.79,431.23,708.61,496.62,-1,cvat_keyframe
220,3,3,2,1.0,1110.0,441.0,1148.79,512.2,-1,cvat_keyframe
220,5,5,2,1.0,1637.7,499.01,1679.9,577.14,-1,cvat_keyframe
220,6,6,1,1.0,1408.75,391.17,1434.95,454.97,-1,cvat_keyframe
220,7,7,2,1.0,1143.4,347.2,1166.23,403.52,-1,cvat_keyframe
220,8,8,2,1.0,600.23,295.18,624.33,340.28,-1,cvat_keyframe
220,9,9,2,1.0,74.56,415.39,110.2,478.49,-1,cvat_keyframe
220,10,10,2,1.0,508.61,435.64,532.41,503.07,-1,cvat_keyframe
220,11,11,3,1.0,476.97,497.52,506.26,568.53,-1,cvat_keyframe
220,13,13,0,1.0,1615.86,563.66,1625.16,573.16,-1,cvat_keyframe
220,15,15,2,1.0,754.69,569.1,795.5,657.01,-1,cvat_keyframe
221,0,0,2,1.0,1052.93,688.39,1106.98,783.32,-1,cvat_interp
221,1,1,2,1.0,701.88,536.33,735.78,612.64,-1,cvat_interp
221,2,2,2,1.0,676.22,430.37,710.43,496.73,-1,cvat_interp
221,3,3,2,1.0,1115.0,441.52,1154.72,512.93,-1,cvat_interp
221,5,5,2,1.0,1635.38,498.93,1678.49,577.06,-1,cvat_interp
221,6,6,1,1.0,1408.66,390.08,1435.54,454.87,-1,cvat_interp
221,7,7,2,1.0,1139.93,346.38,1164.47,403.89,-1,cvat_interp
221,8,8,2,1.0,597.45,294.56,621.8,339.96,-1,cvat_interp
221,9,9,2,1.0,68.9,415.6,104.54,478.7,-1,cvat_interp
221,10,10,2,1.0,507.48,435.57,531.86,503.48,-1,cvat_interp
221,11,11,3,1.0,474.27,497.62,504.84,570.55,-1,cvat_interp
221,13,13,0,1.0,1614.63,563.63,1623.93,573.13,-1,cvat_interp
221,15,15,2,1.0,750.44,569.99,793.3,660.63,-1,cvat_interp
222,0,0,2,1.0,1052.69,688.29,1108.8,784.41,-1,cvat_interp
222,1,1,2,1.0,700.58,538.08,734.48,615.11,-1,cvat_interp
222,2,2,2,1.0,677.65,429.51,712.25,496.84,-1,cvat_interp
222,3,3,2,1.0,1120.0,442.04,1160.65,513.66,-1,cvat_interp
222,5,5,2,1.0,1633.06,498.86,1677.09,576.98,-1,cvat_interp
222,6,6,1,1.0,1408.57,388.99,1436.14,454.77,-1,cvat_interp
222,7,7,2,1.0,1136.45,345.55,1162.71,404.26,-1,cvat_interp
222,8,8,2,1.0,594.68,293.95,619.27,339.64,-1,cvat_interp
222,9,9,2,1.0,63.25,415.81,98.89,478.91,-1,cvat_interp
222,10,10,2,1.0,506.36,435.5,531.31,503.89,-1,cvat_interp
222,11,11,3,1.0,471.57,497.73,503.43,572.58,-1,cvat_interp
222,13,13,0,1.0,1613.39,563.6,1622.69,573.1,-1,cvat_interp
222,15,15,2,1.0,746.2,570.88,791.1,664.25,-1,cvat_interp
223,0,0,2,1.0,1052.44,688.2,1110.62,785.51,-1,cvat_interp
223,1,1,2,1.0,699.28,539.82,733.18,617.58,-1,cvat_interp
223,2,2,2,1.0,679.07,428.66,714.08,496.95,-1,cvat_interp
223,3,3,2,1.0,1125.0,442.56,1166.58,514.39,-1,cvat_interp
223,5,5,2,1.0,1630.74,498.78,1675.68,576.9,-1,cvat_interp
223,6,6,1,1.0,1408.49,387.89,1436.74,454.67,-1,cvat_interp
223,7,7,2,1.0,1132.98,344.73,1160.95,404.63,-1,cvat_interp
223,8,8,2,1.0,591.9,293.33,616.73,339.32,-1,cvat_interp
223,9,9,2,1.0,57.59,416.01,93.23,479.11,-1,cvat_interp
223,10,10,2,1.0,505.23,435.44,530.77,504.3,-1,cvat_interp
223,11,11,3,1.0,468.86,497.83,502.01,574.61,-1,cvat_interp
223,13,13,0,1.0,1612.15,563.57,1621.45,573.07,-1,cvat_interp
223,15,15,2,1.0,741.95,571.77,788.9,667.88,-1,cvat_interp
224,0,0,2,1.0,1052.2,688.1,1112.44,786.6,-1,cvat_keyframe
224,1,1,2,1.0,697.98,541.57,731.88,620.05,-1,cvat_keyframe
224,2,2,2,1.0,680.5,427.8,715.9,497.06,-1,cvat_keyframe
224,3,3,2,1.0,1130.0,443.08,1172.51,515.12,-1,cvat_interp
224,5,5,2,1.0,1628.42,498.7,1674.27,576.83,-1,cvat_interp
224,6,6,1,1.0,1408.4,386.8,1437.33,454.57,-1,cvat_keyframe
224,7,7,2,1.0,1129.5,343.9,1159.2,405.0,-1,cvat_keyframe
224,8,8,2,1.0,589.12,292.71,614.2,339.0,-1,cvat_keyframe
224,9,9,2,1.0,51.93,416.22,87.57,479.32,-1,cvat_keyframe
224,10,10,2,1.0,504.1,435.37,530.22,504.71,-1,cvat_keyframe
224,11,11,3,1.0,466.16,497.93,500.59,576.63,-1,cvat_keyframe
224,13,13,0,1.0,1610.91,563.54,1620.21,573.04,-1,cvat_interp
224,15,15,2,1.0,737.7,572.66,786.7,671.5,-1,cvat_keyframe
225,0,0,2,1.0,1055.4,688.58,1114.26,786.54,-1,cvat_interp
225,1,1,2,1.0,697.48,542.12,731.38,621.32,-1,cvat_interp
225,2,2,2,1.0,681.93,428.55,717.06,497.17,-1,cvat_interp
225,3,3,2,1.0,1135.0,443.6,1178.44,515.85,-1,cvat_interp
225,5,5,2,1.0,1626.1,498.62,1672.86,576.75,-1,cvat_interp
225,6,6,1,1.0,1409.45,386.98,1437.93,454.47,-1,cvat_interp
225,7,7,2,1.0,1128.89,344.14,1157.44,404.44,-1,cvat_interp
225,8,8,2,1.0,586.34,292.1,611.26,338.19,-1,cvat_interp
225,9,9,2,1.0,48.15,416.42,83.79,479.52,-1,cvat_interp
225,10,10,2,1.0,503.94,435.78,529.67,504.8,-1,cvat_interp
225,11,11,3,1.0,464.53,498.89,498.1,576.31,-1,cvat_interp
225,13,13,0,1.0,1609.68,563.51,1618.98,573.01,-1,cvat_interp
225,15,15,2,1.0,734.58,573.55,782.22,671.69,-1,cvat_interp
226,0,0,2,1.0,1058.59,689.07,1116.08,786.49,-1,cvat_interp
226,1,1,2,1.0,696.97,542.67,730.87,622.6,-1,cvat_interp
226,2,2,2,1.0,683.36,429.31,718.23,497.28,-1,cvat_interp
226,3,3,2,1.0,1140.0,444.12,1184.37,516.58,-1,cvat_interp
226,5,5,2,1.0,1623.78,498.54,1671.45,576.67,-1,cvat_interp
226,6,6,1,1.0,1410.5,387.17,1438.53,454.37,-1,cvat_interp
226,7,7,2,1.0,1128.28,344.38,1155.68,403.89,-1,cvat_interp
226,8,8,2,1.0,583.56,291.48,608.32,337.37,-1,cvat_interp
226,9,9,2,1.0,44.38,416.63,80.02,479.73,-1,cvat_interp
226,10,10,2,1.0,503.77,436.19,529.12,504.9,-1,cvat_interp
226,11,11,3,1.0,462.9,499.86,495.62,575.99,-1,cvat_interp
226,13,13,0,1.0,1608.44,563.48,1617.74,572.98,-1,cvat_interp
226,15,15,2,1.0,731.46,574.44,777.73,671.88,-1,cvat_interp
227,0,0,2,1.0,1061.79,689.55,1117.9,786.43,-1,cvat_interp
227,1,1,2,1.0,696.47,543.22,730.37,623.87,-1,cvat_interp
227,2,2,2,1.0,684.78,430.06,719.39,497.39,-1,cvat_interp
227,3,3,2,1.0,1145.0,444.64,1190.31,517.31,-1,cvat_interp
227,5,5,2,1.0,1621.46,498.47,1670.05,576.59,-1,cvat_interp
227,6,6,1,1.0,1411.56,387.35,1439.12,454.27,-1,cvat_interp
227,7,7,2,1.0,1127.66,344.63,1153.92,403.33,-1,cvat_interp
227,8,8,2,1.0,580.78,290.87,605.37,336.56,-1,cvat_interp
227,9,9,2,1.0,40.6,416.83,76.24,479.93,-1,cvat_interp
227,10,10,2,1.0,503.61,436.6,528.57,504.99,-1,cvat_interp
227,11,11,3,1.0,461.27,500.82,493.13,575.67,-1,cvat_interp
227,13,13,0,1.0,1607.2,563.45,1616.5,572.95,-1,cvat_interp
227,15,15,2,1.0,728.35,575.33,773.25,672.06,-1,cvat_interp
228,0,0,2,1.0,1064.99,690.03,1119.72,786.38,-1,cvat_interp
228,1,1,2,1.0,695.96,543.77,729.86,625.15,-1,cvat_interp
228,2,2,2,1.0,686.21,430.82,720.56,497.5,-1,cvat_interp
228,3,3,2,1.0,1150.0,445.16,1196.24,518.04,-1,cvat_interp
228,5,5,2,1.0,1619.14,498.39,1668.64,576.51,-1,cvat_interp
228,6,6,1,1.0,1412.61,387.53,1439.72,454.17,-1,cvat_interp
228,7,7,2,1.0,1127.05,344.87,1152.17,402.78,-1,cvat_interp
228,8,8,2,1.0,578.01,290.25,602.43,335.74,-1,cvat_interp
228,9,9,2,1.0,36.82,417.04,72.46,480.14,-1,cvat_interp
228,10,10,2,1.0,503.45,437.01,528.02,505.08,-1,cvat_interp
228,11,11,3,1.0,459.64,501.78,490.65,575.35,-1,cvat_interp
228,13,13,0,1.0,1605.96,563.42,1615.26,572.92,-1,cvat_interp
228,15,15,2,1.0,725.23,576.22,768.77,672.25,-1,cvat_interp
229,0,0,2,1.0,1068.18,690.52,1121.54,786.32,-1,cvat_interp
229,1,1,2,1.0,695.46,544.33,729.36,626.42,-1,cvat_interp
229,2,2,2,1.0,687.64,431.57,721.72,497.61,-1,cvat_interp
229,3,3,2,1.0,1155.0,445.68,1202.17,518.77,-1,cvat_interp
229,5,5,2,1.0,1616.82,498.31,1667.23,576.44,-1,cvat_interp
229,6,6,1,1.0,1413.66,387.72,1440.32,454.07,-1,cvat_interp
229,7,7,2,1.0,1126.44,345.11,1150.41,402.22,-1,cvat_interp
229,8,8,2,1.0,575.23,289.63,599.49,334.93,-1,cvat_interp
229,9,9,2,1.0,33.05,417.25,68.69,480.35,-1,cvat_interp
229,10,10,2,1.0,503.28,437.42,527.47,505.17,-1,cvat_interp
229,11,11,3,1.0,458.02,502.74,488.16,575.03,-1,cvat_interp
229,13,13,0,1.0,1604.73,563.39,1614.03,572.89,-1,cvat_interp
229,15,15,2,1.0,722.11,577.11,764.28,672.44,-1,cvat_interp
230,0,0,2,1.0,1071.38,691.0,1123.36,786.27,-1,cvat_keyframe
230,1,1,2,1.0,694.95,544.88,728.85,627.7,-1,cvat_keyframe
230,2,2,2,1.0,689.07,432.33,722.89,497.72,-1,cvat_keyframe
230,3,3,2,1.0,1160.0,446.2,1208.1,519.5,-1,cvat_keyframe
230,5,5,2,1.0,1614.5,498.23,1665.82,576.36,-1,cvat_keyframe
230,6,6,1,1.0,1414.71,387.9,1440.91,453.97,-1,cvat_keyframe
230,7,7,2,1.0,1125.83,345.35,1148.65,401.67,-1,cvat_keyframe
230,8,8,2,1.0,572.45,289.02,596.55,334.12,-1,cvat_keyframe
230,9,9,2,1.0,29.27,417.45,64.91,480.55,-1,cvat_keyframe
230,10,10,2,1.0,503.12,437.83,526.92,505.26,-1,cvat_keyframe
230,11,11,3,1.0,456.39,503.7,485.68,574.71,-1,cvat_keyframe
230,13,13,0,1.0,1603.49,563.36,1612.79,572.86,-1,cvat_keyframe
230,15,15,2,1.0,718.99,578.0,759.8,672.62,-1,cvat_keyframe
231,0,0,2,1.0,1072.85,691.27,1125.4,787.51,-1,cvat_interp
231,1,1,2,1.0,694.1,545.44,728.0,628.67,-1,cvat_interp
231,2,2,2,1.0,690.58,432.37,725.07,498.86,-1,cvat_interp
231,3,3,2,1.0,1167.95,447.38,1214.93,520.67,-1,cvat_interp
231,5,5,2,1.0,1614.01,497.76,1663.92,576.7,-1,cvat_interp
231,6,6,1,1.0,1415.2,387.64,1441.4,453.71,-1,cvat_interp
231,7,7,2,1.0,1124.2,344.24,1147.51,401.36,-1,cvat_interp
231,8,8,2,1.0,569.9,288.48,594.0,334.19,-1,cvat_interp
231,9,9,2,1.0,25.88,416.58,61.73,481.53,-1,cvat_interp
231,10,10,2,1.0,502.74,437.73,526.9,505.34,-1,cvat_interp
231,11,11,3,1.0,454.53,504.25,484.09,576.48,-1,cvat_interp
231,13,13,0,1.0,1602.62,562.54,1611.92,572.04,-1,cvat_interp
231,15,15,2,1.0,717.6,579.47,758.41,674.09,-1,cvat_interp
232,0,0,2,1.0,1074.32,691.54,1127.45,788.75,-1,cvat_interp
232,1,1,2,1.0,693.25,546.01,727.15,629.63,-1,cvat_interp
232,2,2,2,1.0,692.1,432.42,727.26,500.01,-1,cvat_interp
232,3,3,2,1.0,1175.9,448.55,1221.75,521.84,-1,cvat_interp
232,5,5,2,1.0,1613.52,497.3,1662.02,577.04,-1,cvat_interp
232,6,6,1,1.0,1415.68,387.38,1441.88,453.46,-1,cvat_interp
232,7,7,2,1.0,1122.56,343.14,1146.36,401.05,-1,cvat_interp
232,8,8,2,1.0,567.36,287.94,591.46,334.26,-1,cvat_interp
232,9,9,2,1.0,22.48,415.7,58.54,482.51,-1,cvat_interp
232,10,10,2,1.0,502.35,437.63,526.88,505.43,-1,cvat_interp
232,11,11,3,1.0,452.67,504.81,482.49,578.25,-1,cvat_interp
232,13,13,0,1.0,1601.75,561.72,1611.05,571.22,-1,cvat_interp
232,15,15,2,1.0,716.21,580.94,757.02,675.56,-1,cvat_interp
233,0,0,2,1.0,1075.79,691.81,1129.49,789.99,-1,cvat_interp
233,1,1,2,1.0,692.41,546.58,726.31,630.6,-1,cvat_interp
233,2,2,2,1.0,693.62,432.47,729.45,501.16,-1,cvat_interp
233,3,3,2,1.0,1183.85,449.72,1228.58,523.02,-1,cvat_interp
233,5,5,2,1.0,1613.03,496.83,1660.12,577.39,-1,cvat_interp
233,6,6,1,1.0,1416.17,387.12,1442.37,453.2,-1,cvat_interp
233,7,7,2,1.0,1120.93,342.03,1145.22,400.74,-1,cvat_interp
233,8,8,2,1.0,564.81,287.4,588.91,334.33,-1,cvat_interp
233,9,9,2,1.0,19.08,414.83,55.36,483.5,-1,cvat_interp
233,10,10,2,1.0,501.97,437.52,526.85,505.51,-1,cvat_interp
233,11,11,3,1.0,450.81,505.37,480.9,580.03,-1,cvat_interp
233,13,13,0,1.0,1600.88,560.9,1610.18,570.4,-1,cvat_interp
233,15,15,2,1.0,714.82,582.4,755.63,677.03,-1,cvat_interp
234,0,0,2,1.0,1077.26,692.08,1131.53,791.23,-1,cvat_interp
234,1,1,2,1.0,691.56,547.14,725.46,631.57,-1,cvat_interp
234,2,2,2,1.0,695.13,432.51,731.64,502.31,-1,cvat_interp
234,3,3,2,1.0,1191.8,450.89,1235.41,524.19,-1,cvat_interp
234,5,5,2,1.0,1612.54,496.37,1658.21,577.73,-1,cvat_interp
234,6,6,1,1.0,1416.65,386.87,1442.85,452.94,-1,cvat_interp
234,7,7,2,1.0,1119.3,340.93,1144.08,400.43,-1,cvat_interp
234,8,8,2,1.0,562.26,286.86,586.36,334.4,-1,cvat_interp
234,9,9,2,1.0,15.69,413.95,52.17,484.48,-1,cvat_interp
234,10,10,2,1.0,501.58,437.42,526.83,505.59,-1,cvat_interp
234,11,11,3,1.0,448.94,505.92,479.31,581.8,-1,cvat_interp
234,13,13,0,1.0,1600.01,560.08,1609.31,569.58,-1,cvat_interp
234,15,15,2,1.0,713.43,583.87,754.24,678.5,-1,cvat_interp
235,0,0,2,1.0,1078.73,692.35,1133.57,792.48,-1,cvat_interp
235,1,1,2,1.0,690.71,547.71,724.61,632.53,-1,cvat_interp
235,2,2,2,1.0,696.65,432.56,733.83,503.46,-1,cvat_interp
235,3,3,2,1.0,1199.75,452.07,1242.24,525.36,-1,cvat_interp
235,5,5,2,1.0,1612.05,495.9,1656.31,578.07,-1,cvat_interp
235,6,6,1,1.0,1417.14,386.61,1443.34,452.68,-1,cvat_interp
235,7,7,2,1.0,1117.67,339.82,1142.93,400.12,-1,cvat_interp
235,8,8,2,1.0,559.72,286.32,583.82,334.47,-1,cvat_interp
235,9,9,2,1.0,12.29,413.08,48.99,485.46,-1,cvat_interp
235,10,10,2,1.0,501.2,437.32,526.81,505.67,-1,cvat_interp
235,11,11,3,1.0,447.08,506.48,477.72,583.58,-1,cvat_interp
235,13,13,0,1.0,1599.14,559.26,1608.44,568.76,-1,cvat_interp
235,15,15,2,1.0,712.04,585.34,752.85,679.96,-1,cvat_interp
236,0,0,2,1.0,1080.2,692.62,1135.62,793.72,-1,cvat_interp
236,1,1,2,1.0,689.86,548.27,723.76,633.5,-1,cvat_interp
236,2,2,2,1.0,698.17,432.61,736.02,504.6,-1,cvat_interp
236,3,3,2,1.0,1207.7,453.24,1249.06,526.53,-1,cvat_interp
236,5,5,2,1.0,1611.56,495.43,1654.41,578.41,-1,cvat_interp
236,6,6,1,1.0,1417.62,386.35,1443.82,452.42,-1,cvat_interp
236,7,7,2,1.0,1116.04,338.71,1141.79,399.81,-1,cvat_interp
236,8,8,2,1.0,557.17,285.78,581.27,334.54,-1,cvat_interp
236,9,9,2,1.0,8.89,412.2,45.81,486.44,-1,cvat_interp
236,10,10,2,1.0,500.81,437.21,526.78,505.75,-1,cvat_interp
236,11,11,3,1.0,445.22,507.04,476.13,585.35,-1,cvat_interp
236,13,13,0,1.0,1598.27,558.44,1607.57,567.94,-1,cvat_interp
236,15,15,2,1.0,710.65,586.81,751.46,681.43,-1,cvat_interp
237,0,0,2,1.0,1081.67,692.89,1137.66,794.96,-1,cvat_interp
237,1,1,2,1.0,689.01,548.84,722.91,634.47,-1,cvat_interp
237,2,2,2,1.0,699.68,432.65,738.21,505.75,-1,cvat_interp
237,3,3,2,1.0,1215.65,454.41,1255.89,527.71,-1,cvat_interp
237,5,5,2,1.0,1611.07,494.97,1652.51,578.76,-1,cvat_interp
237,6,6,1,1.0,1418.11,386.09,1444.31,452.16,-1,cvat_interp
237,7,7,2,1.0,1114.41,337.61,1140.64,399.5,-1,cvat_interp
237,8,8,2,1.0,554.63,285.24,578.73,334.61,-1,cvat_interp
237,9,9,2,1.0,5.5,411.33,42.62,487.42,-1,cvat_interp
237,10,10,2,1.0,500.42,437.11,526.76,505.83,-1,cvat_interp
237,11,11,3,1.0,443.36,507.6,474.53,587.13,-1,cvat_interp
237,13,13,0,1.0,1597.4,557.62,1606.7,567.12,-1,cvat_interp
237,15,15,2,1.0,709.26,588.27,750.07,682.9,-1,cvat_interp
238,0,0,2,1.0,1083.14,693.16,1139.7,796.2,-1,cvat_keyframe
238,1,1,2,1.0,688.16,549.4,722.06,635.43,-1,cvat_interp
238,2,2,2,1.0,701.2,432.7,740.4,506.9,-1,cvat_keyframe
238,3,3,2,1.0,1223.6,455.58,1262.72,528.88,-1,cvat_interp
238,5,5,2,1.0,1610.58,494.5,1650.6,579.1,-1,cvat_keyframe
238,6,6,1,1.0,1418.59,385.83,1444.79,451.91,-1,cvat_interp
238,7,7,2,1.0,1112.78,336.5,1139.5,399.19,-1,cvat_keyframe
238,8,8,2,1.0,552.08,284.7,576.18,334.68,-1,cvat_keyframe
238,9,9,2,1.0,2.1,410.45,39.44,488.4,-1,cvat_keyframe
238,10,10,2,1.0,500.04,437.01,526.74,505.92,-1,cvat_interp
238,11,11,3,1.0,441.5,508.15,472.94,588.9,-1,cvat_keyframe
238,13,13,0,1.0,1596.53,556.8,1605.83,566.3,-1,cvat_interp
238,15,15,2,1.0,707.87,589.74,748.68,684.37,-1,cvat_interp
239,0,0,2,1.0,1084.61,693.43,1138.88,795.07,-1,cvat_interp
239,1,1,2,1.0,687.31,549.97,721.21,636.4,-1,cvat_keyframe
239,2,2,2,1.0,704.75,434.1,742.39,505.3,-1,cvat_interp
239,3,3,2,1.0,1231.55,456.75,1269.54,530.05,-1,cvat_interp
239,5,5,2,1.0,1610.09,495.3,1648.7,578.51,-1,cvat_interp
239,6,6,1,1.0,1419.08,385.57,1445.27,451.65,-1,cvat_interp
239,7,7,2,1.0,1113.78,338.17,1138.56,397.67,-1,cvat_interp
239,8,8,2,1.0,549.54,287.21,573.63,334.75,-1,cvat_interp
239,9,9,2,1.0,1.05,409.58,36.25,487.26,-1,cvat_interp
239,10,10,2,1.0,499.65,436.9,526.71,506.0,-1,cvat_interp
239,11,11,3,1.0,440.98,508.71,471.35,586.6,-1,cvat_interp
239,13,13,0,1.0,1595.66,555.98,1604.96,565.48,-1,cvat_interp
239,15,15,2,1.0,706.48,591.21,747.29,685.83,-1,cvat_interp
240,0,0,2,1.0,1086.08,693.7,1138.07,793.93,-1,cvat_keyframe
240,1,1,2,1.0,686.46,550.54,720.36,633.36,-1,cvat_keyframe
240,2,2,2,1.0,708.3,435.51,744.38,503.7,-1,cvat_keyframe
240,3,3,2,1.0,1239.5,457.93,1276.37,531.22,-1,cvat_keyframe
240,5,5,2,1.0,1609.6,496.1,1646.8,577.92,-1,cvat_keyframe
240,6,6,1,1.0,1419.56,385.32,1445.76,451.39,-1,cvat_keyframe
240,7,7,2,1.0,1114.79,339.83,1137.62,396.15,-1,cvat_keyframe
240,8,8,2,1.0,546.99,289.72,571.09,334.82,-1,cvat_keyframe
240,9,9,2,1.0,0.0,408.7,33.07,486.12,-1,cvat_keyframe
240,10,10,2,1.0,499.27,436.8,526.69,506.08,-1,cvat_keyframe
240,11,11,3,1.0,440.47,509.27,469.76,584.3,-1,cvat_keyframe
240,13,13,0,1.0,1594.79,555.16,1604.09,564.66,-1,cvat_keyframe
240,15,15,2,1.0,705.09,592.68,745.89,687.3,-1,cvat_keyframe
241,0,0,2,1.0,1086.36,692.43,1138.11,795.39,-1,cvat_interp
241,1,1,2,1.0,685.31,551.17,720.09,636.77,-1,cvat_interp
241,2,2,2,1.0,709.83,434.37,748.58,504.17,-1,cvat_interp
241,3,3,2,1.0,1241.07,457.18,1285.58,530.08,-1,cvat_interp
241,5,5,2,1.0,1606.36,495.7,1646.07,577.51,-1,cvat_interp
241,6,6,1,1.0,1420.59,385.38,1446.79,451.46,-1,cvat_interp
241,7,7,2,1.0,1113.0,338.92,1136.37,396.11,-1,cvat_interp
241,8,8,2,1.0,545.18,287.25,569.28,334.46,-1,cvat_interp
241,9,9,2,1.0,0.0,408.7,30.11,486.12,-1,cvat_interp
241,10,10,2,1.0,499.74,437.17,527.53,508.39,-1,cvat_interp
241,11,11,3,1.0,438.12,509.18,468.49,586.17,-1,cvat_interp
241,13,13,0,1.0,1594.07,554.31,1603.37,563.81,-1,cvat_interp
241,15,15,2,1.0,705.03,592.2,746.44,689.57,-1,cvat_interp
242,0,0,2,1.0,1086.64,691.17,1138.16,796.84,-1,cvat_interp
242,1,1,2,1.0,684.15,551.8,719.82,640.19,-1,cvat_interp
242,2,2,2,1.0,711.37,433.24,752.78,504.63,-1,cvat_interp
242,3,3,2,1.0,1242.63,456.42,1294.79,528.94,-1,cvat_interp
242,5,5,2,1.0,1603.12,495.31,1645.33,577.11,-1,cvat_interp
242,6,6,1,1.0,1421.63,385.45,1447.83,451.52,-1,cvat_interp
242,7,7,2,1.0,1111.21,338.01,1135.13,396.08,-1,cvat_interp
242,8,8,2,1.0,543.37,284.77,567.47,334.09,-1,cvat_interp
242,9,9,2,1.0,0.0,408.7,27.16,486.12,-1,cvat_interp
242,10,10,2,1.0,500.22,437.55,528.36,510.69,-1,cvat_interp
242,11,11,3,1.0,435.78,509.1,467.22,588.04,-1,cvat_interp
242,13,13,0,1.0,1593.35,553.47,1602.65,562.97,-1,cvat_interp
242,15,15,2,1.0,704.97,591.72,746.98,691.83,-1,cvat_interp
243,0,0,2,1.0,1086.93,689.9,1138.2,798.3,-1,cvat_keyframe
243,1,1,2,1.0,683.0,552.43,719.55,643.6,-1,cvat_keyframe
243,2,2,2,1.0,712.9,432.1,756.98,505.1,-1,cvat_keyframe
243,3,3,2,1.0,1244.2,455.67,1304.0,527.8,-1,cvat_keyframe
243,5,5,2,1.0,1599.88,494.91,1644.6,576.7,-1,cvat_keyframe
243,6,6,1,1.0,1422.66,385.52,1448.86,451.59,-1,cvat_interp
243,7,7,2,1.0,1109.42,337.1,1133.89,396.04,-1,cvat_keyframe
243,8,8,2,1.0,541.57,282.3,565.67,333.72,-1,cvat_keyframe
243,9,9,2,1.0,0.0,408.7,24.2,486.12,-1,cvat_keyframe
243,10,10,2,1.0,500.69,437.92,529.2,513.0,-1,cvat_keyframe
243,11,11,3,1.0,433.43,509.01,465.96,589.91,-1,cvat_interp
243,13,13,0,1.0,1592.64,552.63,1601.94,562.13,-1,cvat_interp
243,15,15,2,1.0,704.91,591.24,747.52,694.1,-1,cvat_keyframe
244,0,0,2,1.0,1087.21,690.44,1141.87,797.68,-1,cvat_interp
244,1,1,2,1.0,682.63,552.71,719.28,643.57,-1,cvat_interp
244,2,2,2,1.0,715.37,432.27,761.17,506.13,-1,cvat_interp
244,3,3,2,1.0,1251.53,454.92,1308.06,527.22,-1,cvat_interp
244,5,5,2,1.0,1596.64,494.51,1642.34,576.31,-1,cvat_interp
244,6,6,1,1.0,1423.69,385.58,1449.89,451.66,-1,cvat_interp
244,7,7,2,1.0,1107.64,336.54,1132.64,396.01,-1,cvat_interp
244,8,8,2,1.0,539.76,281.77,563.86,333.36,-1,cvat_interp
244,9,9,2,1.0,0.0,408.7,26.42,486.12,-1,cvat_interp
244,10,10,2,1.0,500.33,438.3,530.03,512.8,-1,cvat_interp
244,11,11,3,1.0,431.08,508.92,464.69,591.78,-1,cvat_interp
244,13,13,0,1.0,1591.92,551.78,1601.22,561.28,-1,cvat_interp
244,15,15,2,1.0,704.85,590.77,748.06,694.16,-1,cvat_interp
245,0,0,2,1.0,1087.49,690.99,1145.54,797.05,-1,cvat_interp
245,1,1,2,1.0,682.26,552.99,719.01,643.54,-1,cvat_interp
245,2,2,2,1.0,717.83,432.45,765.37,507.15,-1,cvat_interp
245,3,3,2,1.0,1258.87,454.17,1312.12,526.63,-1,cvat_interp
245,5,5,2,1.0,1593.4,494.11,1640.09,575.91,-1,cvat_interp
245,6,6,1,1.0,1424.73,385.65,1450.93,451.72,-1,cvat_interp
245,7,7,2,1.0,1105.85,335.99,1131.4,395.97,-1,cvat_interp
245,8,8,2,1.0,537.95,281.24,562.05,332.99,-1,cvat_interp
245,9,9,2,1.0,0.0,408.7,28.64,486.12,-1,cvat_interp
245,10,10,2,1.0,499.98,438.67,530.87,512.6,-1,cvat_interp
245,11,11,3,1.0,428.74,508.84,463.42,593.65,-1,cvat_interp
245,13,13,0,1.0,1591.21,550.94,1600.51,560.44,-1,cvat_interp
245,15,15,2,1.0,704.79,590.29,748.6,694.22,-1,cvat_interp
246,0,0,2,1.0,1087.77,691.53,1149.21,796.43,-1,cvat_interp
246,1,1,2,1.0,681.89,553.28,718.74,643.51,-1,cvat_interp
246,2,2,2,1.0,720.3,432.62,769.57,508.18,-1,cvat_keyframe
246,3,3,2,1.0,1266.2,453.42,1316.18,526.05,-1,cvat_interp
246,5,5,2,1.0,1590.16,493.72,1637.83,575.52,-1,cvat_interp
246,6,6,1,1.0,1425.76,385.72,1451.96,451.79,-1,cvat_interp
246,7,7,2,1.0,1104.06,335.43,1130.16,395.94,-1,cvat_interp
246,8,8,2,1.0,536.14,280.71,560.24,332.62,-1,cvat_interp
246,9,9,2,1.0,0.0,408.7,30.85,486.12,-1,cvat_interp
246,10,10,2,1.0,499.62,439.04,531.7,512.4,-1,cvat_interp
246,11,11,3,1.0,426.39,508.75,462.15,595.52,-1,cvat_interp
246,13,13,0,1.0,1590.49,550.09,1599.79,559.59,-1,cvat_interp
246,15,15,2,1.0,704.73,589.81,749.14,694.28,-1,cvat_interp
247,0,0,2,1.0,1088.05,692.07,1152.89,795.8,-1,cvat_interp
247,1,1,2,1.0,681.51,553.56,718.47,643.49,-1,cvat_interp
247,2,2,2,1.0,727.8,432.79,773.77,509.2,-1,cvat_interp
247,3,3,2,1.0,1273.54,452.67,1320.24,525.46,-1,cvat_interp
247,5,5,2,1.0,1586.92,493.32,1635.57,575.13,-1,cvat_interp
247,6,6,1,1.0,1426.79,385.78,1452.99,451.86,-1,cvat_interp
247,7,7,2,1.0,1102.27,334.87,1128.91,395.9,-1,cvat_interp
247,8,8,2,1.0,534.34,280.19,558.44,332.26,-1,cvat_interp
247,10,10,2,1.0,499.27,439.42,532.54,512.2,-1,cvat_interp
247,11,11,3,1.0,424.05,508.67,460.89,597.39,-1,cvat_interp
247,13,13,0,1.0,1589.77,549.25,1599.07,558.75,-1,cvat_interp
247,15,15,2,1.0,704.67,589.33,749.68,694.33,-1,cvat_interp
248,0,0,2,1.0,1088.34,692.61,1156.56,795.18,-1,cvat_interp
248,1,1,2,1.0,681.14,553.84,718.2,643.46,-1,cvat_interp
248,2,2,2,1.0,735.3,432.96,777.97,510.23,-1,cvat_interp
248,3,3,2,1.0,1280.87,451.92,1324.3,524.88,-1,cvat_interp
248,5,5,2,1.0,1583.68,492.92,1633.31,574.73,-1,cvat_interp
248,6,6,1,1.0,1427.83,385.85,1454.03,451.92,-1,cvat_interp
248,7,7,2,1.0,1100.48,334.31,1127.67,395.87,-1,cvat_interp
248,8,8,2,1.0,532.53,279.66,556.63,331.89,-1,cvat_interp
248,10,10,2,1.0,498.91,439.79,533.37,512.0,-1,cvat_interp
248,11,11,3,1.0,421.7,508.58,459.62,599.26,-1,cvat_interp
248,13,13,0,1.0,1589.06,548.41,1598.36,557.91,-1,cvat_interp
248,15,15,2,1.0,704.61,588.86,750.22,694.39,-1,cvat_interp
249,0,0,2,1.0,1088.62,693.16,1160.23,794.56,-1,cvat_interp
249,1,1,2,1.0,680.77,554.12,717.93,643.43,-1,cvat_interp
249,2,2,2,1.0,742.79,433.14,782.17,511.26,-1,cvat_interp
249,3,3,2,1.0,1288.21,451.16,1328.35,524.29,-1,cvat_interp
249,5,5,2,1.0,1580.44,492.52,1631.06,574.34,-1,cvat_interp
249,6,6,1,1.0,1428.86,385.92,1455.06,451.99,-1,cvat_interp
249,7,7,2,1.0,1098.69,333.76,1126.43,395.83,-1,cvat_interp
249,8,8,2,1.0,530.72,279.13,554.82,331.53,-1,cvat_interp
249,10,10,2,1.0,498.56,440.17,534.21,511.8,-1,cvat_interp
249,11,11,3,1.0,419.35,508.49,458.35,601.13,-1,cvat_interp
249,13,13,0,1.0,1588.34,547.56,1597.64,557.06,-1,cvat_interp
249,15,15,2,1.0,704.55,588.38,750.76,694.45,-1,cvat_interp
250,0,0,2,1.0,1088.9,693.7,1163.9,793.93,-1,cvat_keyframe
250,1,1,2,1.0,680.4,554.4,717.66,643.4,-1,cvat_keyframe
250,2,2,2,1.0,750.29,433.31,786.37,512.28,-1,cvat_keyframe
250,3,3,2,1.0,1295.54,450.41,1332.41,523.71,-1,cvat_keyframe
250,5,5,2,1.0,1577.2,492.13,1628.8,573.95,-1,cvat_keyframe
250,6,6,1,1.0,1429.89,385.98,1456.09,452.06,-1,cvat_keyframe
250,7,7,2,1.0,1096.9,333.2,1125.18,395.8,-1,cvat_keyframe
250,8,8,2,1.0,528.91,278.6,553.01,331.16,-1,cvat_keyframe
250,10,10,2,1.0,498.2,440.54,535.04,511.6,-1,cvat_keyframe
250,11,11,3,1.0,417.01,508.41,457.09,603.0,-1,cvat_keyframe
250,13,13,0,1.0,1587.62,546.72,1596.92,556.22,-1,cvat_keyframe
250,15,15,2,1.0,704.49,587.9,751.3,694.51,-1,cvat_keyframe
251,0,0,2,1.0,1088.96,693.32,1164.42,794.32,-1,cvat_interp
251,1,1,2,1.0,679.63,554.74,716.56,644.42,-1,cvat_interp
251,2,2,2,1.0,752.27,433.42,791.44,512.39,-1,cvat_interp
251,3,3,2,1.0,1300.63,450.25,1342.81,523.2,-1,cvat_interp
251,5,5,2,1.0,1574.75,491.69,1628.9,572.68,-1,cvat_interp
251,6,6,1,1.0,1430.98,385.79,1457.67,452.14,-1,cvat_interp
251,7,7,2,1.0,1096.24,333.03,1125.46,395.58,-1,cvat_interp
251,8,8,2,1.0,527.59,278.44,551.69,331.0,-1,cvat_interp
251,10,10,2,1.0,498.56,440.54,538.38,512.7,-1,cvat_interp
251,11,11,3,1.0,417.06,508.27,457.36,602.67,-1,cvat_interp
251,13,13,0,1.0,1588.04,546.51,1597.34,556.01,-1,cvat_interp
251,15,15,2,1.0,705.65,588.88,752.46,695.49,-1,cvat_interp
252,0,0,2,1.0,1089.02,692.94,1164.94,794.71,-1,cvat_interp
252,1,1,2,1.0,678.87,555.08,715.45,645.44,-1,cvat_interp
252,2,2,2,1.0,754.25,433.53,796.51,512.49,-1,cvat_interp
252,3,3,2,1.0,1305.72,450.08,1353.2,522.7,-1,cvat_keyframe
252,5,5,2,1.0,1572.3,491.26,1629.0,571.41,-1,cvat_interp
252,6,6,1,1.0,1432.06,385.61,1459.26,452.22,-1,cvat_interp
252,7,7,2,1.0,1095.58,332.86,1125.74,395.36,-1,cvat_interp
252,8,8,2,1.0,526.26,278.27,550.36,330.83,-1,cvat_interp
252,10,10,2,1.0,498.92,440.54,541.73,513.8,-1,cvat_interp
252,11,11,3,1.0,417.11,508.14,457.62,602.34,-1,cvat_interp
252,13,13,0,1.0,1588.46,546.29,1597.76,555.79,-1,cvat_interp
252,15,15,2,1.0,706.81,589.87,753.62,696.48,-1,cvat_interp
253,0,0,2,1.0,1089.08,692.56,1165.46,795.09,-1,cvat_interp
253,1,1,2,1.0,678.1,555.42,714.35,646.46,-1,cvat_interp
253,2,2,2,1.0,756.24,433.64,801.58,512.59,-1,cvat_interp
253,3,3,2,1.0,1310.82,449.91,1359.14,522.76,-1,cvat_interp
253,5,5,2,1.0,1569.85,490.83,1629.1,570.14,-1,cvat_interp
253,6,6,1,1.0,1433.14,385.42,1460.84,452.3,-1,cvat_interp
253,7,7,2,1.0,1094.92,332.69,1126.01,395.14,-1,cvat_interp
253,8,8,2,1.0,524.94,278.11,549.04,330.67,-1,cvat_interp
253,10,10,2,1.0,499.28,440.54,545.07,514.9,-1,cvat_interp
253,11,11,3,1.0,417.15,508.0,457.89,602.01,-1,cvat_interp
253,13,13,0,1.0,1588.88,546.08,1598.18,555.58,-1,cvat_interp
253,15,15,2,1.0,707.97,590.85,754.79,697.46,-1,cvat_interp
254,0,0,2,1.0,1089.14,692.18,1165.98,795.48,-1,cvat_interp
254,1,1,2,1.0,677.33,555.76,713.25,647.48,-1,cvat_interp
254,2,2,2,1.0,758.22,433.75,806.65,512.7,-1,cvat_interp
254,3,3,2,1.0,1315.91,449.75,1365.09,522.82,-1,cvat_interp
254,5,5,2,1.0,1567.4,490.39,1629.2,568.87,-1,cvat_interp
254,6,6,1,1.0,1434.22,385.23,1462.42,452.39,-1,cvat_interp
254,7,7,2,1.0,1094.26,332.52,1126.29,394.92,-1,cvat_interp
254,8,8,2,1.0,523.61,277.94,547.71,330.5,-1,cvat_interp
254,10,10,2,1.0,499.64,440.54,548.41,516.0,-1,cvat_interp
254,11,11,3,1.0,417.2,507.87,458.16,601.68,-1,cvat_interp
254,13,13,0,1.0,1589.29,545.86,1598.59,555.36,-1,cvat_interp
254,15,15,2,1.0,709.13,591.84,755.95,698.44,-1,cvat_interp
255,0,0,2,1.0,1089.2,691.8,1166.5,795.87,-1,cvat_keyframe
255,1,1,2,1.0,676.57,556.1,712.15,648.5,-1,cvat_keyframe
255,2,2,2,1.0,760.2,433.86,811.72,512.8,-1,cvat_keyframe
255,3,3,2,1.0,1321.0,449.58,1371.03,522.88,-1,cvat_keyframe
255,5,5,2,1.0,1564.95,489.96,1629.3,567.6,-1,cvat_keyframe
255,6,6,1,1.0,1435.3,385.04,1464.0,452.47,-1,cvat_interp
255,7,7,2,1.0,1093.6,332.35,1126.57,394.7,-1,cvat_keyframe
255,8,8,2,1.0,522.29,277.78,546.39,330.34,-1,cvat_interp
255,10,10,2,1.0,500.0,440.54,551.75,517.1,-1,cvat_keyframe
255,11,11,3,1.0,417.25,507.73,458.43,601.35,-1,cvat_interp
255,13,13,0,1.0,1589.71,545.65,1599.01,555.15,-1,cvat_interp
255,15,15,2,1.0,710.3,592.82,757.11,699.43,-1,cvat_interp
256,0,0,2,1.0,1091.34,691.42,1162.46,796.25,-1,cvat_interp
256,1,1,2,1.0,675.8,557.84,711.04,649.52,-1,cvat_interp
256,2,2,2,1.0,766.5,433.97,816.79,512.92,-1,cvat_interp
256,3,3,2,1.0,1328.63,449.41,1378.75,522.71,-1,cvat_interp
256,5,5,2,1.0,1562.5,489.52,1627.23,566.34,-1,cvat_interp
256,6,6,1,1.0,1436.38,384.85,1465.58,452.55,-1,cvat_interp
256,7,7,2,1.0,1094.81,332.18,1126.84,394.0,-1,cvat_interp
256,8,8,2,1.0,520.96,277.61,545.06,330.17,-1,cvat_interp
256,10,10,2,1.0,505.03,440.54,555.09,517.57,-1,cvat_interp
256,11,11,3,1.0,417.3,507.6,458.7,601.02,-1,cvat_interp
256,13,13,0,1.0,1590.13,545.43,1599.43,554.93,-1,cvat_interp
256,15,15,2,1.0,711.46,593.8,758.27,700.41,-1,cvat_interp
257,0,0,2,1.0,1093.48,691.04,1158.42,796.64,-1,cvat_interp
257,1,1,2,1.0,675.03,559.58,709.94,650.54,-1,cvat_interp
257,2,2,2,1.0,772.8,434.08,821.87,513.04,-1,cvat_interp
257,3,3,2,1.0,1336.27,449.25,1386.48,522.54,-1,cvat_interp
257,5,5,2,1.0,1560.05,489.09,1625.16,565.08,-1,cvat_interp
257,6,6,1,1.0,1437.46,384.66,1467.16,452.64,-1,cvat_interp
257,7,7,2,1.0,1096.03,332.01,1127.12,393.3,-1,cvat_interp
257,8,8,2,1.0,519.64,277.45,543.74,330.01,-1,cvat_interp
257,10,10,2,1.0,510.07,440.54,558.43,518.03,-1,cvat_interp
257,11,11,3,1.0,417.35,507.46,458.97,600.69,-1,cvat_interp
257,13,13,0,1.0,1590.55,545.22,1599.85,554.72,-1,cvat_interp
257,15,15,2,1.0,712.62,594.79,759.43,701.4,-1,cvat_interp
258,0,0,2,1.0,1095.62,690.66,1154.38,797.03,-1,cvat_interp
258,1,1,2,1.0,674.27,561.32,708.84,651.56,-1,cvat_interp
258,2,2,2,1.0,779.1,434.19,826.94,513.16,-1,cvat_keyframe
258,3,3,2,1.0,1343.9,449.08,1394.2,522.38,-1,cvat_keyframe
258,5,5,2,1.0,1557.6,488.66,1623.08,563.82,-1,cvat_interp
258,6,6,1,1.0,1438.54,384.48,1468.74,452.72,-1,cvat_interp
258,7,7,2,1.0,1097.24,331.84,1127.4,392.6,-1,cvat_interp
258,8,8,2,1.0,518.31,277.28,542.41,329.84,-1,cvat_interp
258,10,10,2,1.0,515.1,440.54,561.77,518.5,-1,cvat_keyframe
258,11,11,3,1.0,417.4,507.33,459.24,600.36,-1,cvat_interp
258,13,13,0,1.0,1590.97,545.0,1600.27,554.5,-1,cvat_keyframe
258,15,15,2,1.0,713.78,595.77,760.59,702.38,-1,cvat_interp
259,0,0,2,1.0,1097.76,690.28,1150.34,797.41,-1,cvat_interp
259,1,1,2,1.0,673.5,563.06,707.74,652.58,-1,cvat_interp
259,2,2,2,1.0,790.05,434.3,832.01,513.27,-1,cvat_interp
259,3,3,2,1.0,1351.45,448.91,1396.58,522.21,-1,cvat_interp
259,5,5,2,1.0,1555.15,488.22,1621.01,562.56,-1,cvat_interp
259,6,6,1,1.0,1439.62,384.29,1470.32,452.8,-1,cvat_interp
259,7,7,2,1.0,1098.45,331.67,1127.67,391.89,-1,cvat_interp
259,8,8,2,1.0,516.99,277.12,541.09,329.68,-1,cvat_interp
259,10,10,2,1.0,521.12,440.54,565.11,516.4,-1,cvat_interp
259,11,11,3,1.0,417.45,507.2,459.51,600.03,-1,cvat_interp
259,13,13,0,1.0,1587.61,544.03,1596.91,553.53,-1,cvat_interp
259,15,15,2,1.0,714.94,596.76,761.76,703.36,-1,cvat_interp
260,0,0,2,1.0,1099.9,689.9,1146.3,797.8,-1,cvat_keyframe
260,1,1,2,1.0,672.73,564.8,706.63,653.6,-1,cvat_keyframe
260,2,2,2,1.0,801.0,434.41,837.08,513.38,-1,cvat_keyframe
260,3,3,2,1.0,1359.0,448.75,1398.96,522.04,-1,cvat_keyframe
260,5,5,2,1.0,1552.7,487.79,1618.94,561.3,-1,cvat_keyframe
260,6,6,1,1.0,1440.7,384.1,1471.9,452.89,-1,cvat_keyframe
260,7,7,2,1.0,1099.66,331.5,1127.95,391.19,-1,cvat_keyframe
260,8,8,2,1.0,515.66,276.96,539.76,329.51,-1,cvat_keyframe
260,10,10,2,1.0,527.14,440.54,568.45,514.3,-1,cvat_keyframe
260,11,11,3,1.0,417.5,507.06,459.78,599.7,-1,cvat_keyframe
260,13,13,0,1.0,1584.26,543.06,1593.56,552.56,-1,cvat_keyframe
260,15,15,2,1.0,716.11,597.74,762.92,704.35,-1,cvat_keyframe
261,0,0,2,1.0,1099.9,689.9,1147.34,797.8,-1,cvat_interp
261,1,1,2,1.0,672.39,564.4,706.29,653.4,-1,cvat_interp
261,2,2,2,1.0,806.38,433.37,843.57,513.78,-1,cvat_interp
261,3,3,2,1.0,1362.98,449.65,1405.37,521.98,-1,cvat_interp
261,5,5,2,1.0,1550.99,487.59,1619.96,562.27,-1,cvat_interp
261,6,6,1,1.0,1442.99,384.08,1473.69,452.82,-1,cvat_interp
261,7,7,2,1.0,1100.31,331.2,1128.6,390.9,-1,cvat_interp
261,8,8,2,1.0,515.48,277.14,539.58,329.69,-1,cvat_interp
261,10,10,2,1.0,529.13,440.45,574.49,515.93,-1,cvat_interp
261,11,11,3,1.0,417.72,507.15,459.78,599.2,-1,cvat_interp
261,13,13,0,1.0,1578.37,542.96,1587.86,552.56,-1,cvat_interp
261,15,15,2,1.0,715.56,597.61,763.03,704.22,-1,cvat_interp
262,0,0,2,1.0,1099.9,689.9,1148.38,797.8,-1,cvat_interp
262,1,1,2,1.0,672.04,564.0,705.94,653.19,-1,cvat_interp
262,2,2,2,1.0,811.76,432.34,850.06,514.17,-1,cvat_interp
262,3,3,2,1.0,1366.96,450.56,1411.77,521.91,-1,cvat_interp
262,5,5,2,1.0,1549.29,487.39,1620.98,563.23,-1,cvat_interp
262,6,6,1,1.0,1445.28,384.05,1475.48,452.74,-1,cvat_interp
262,7,7,2,1.0,1100.96,330.91,1129.25,390.61,-1,cvat_interp
262,8,8,2,1.0,515.3,277.32,539.4,329.88,-1,cvat_interp
262,10,10,2,1.0,531.11,440.36,580.53,517.57,-1,cvat_interp
262,11,11,3,1.0,417.94,507.24,459.78,598.69,-1,cvat_interp
262,13,13,0,1.0,1572.49,542.85,1582.16,552.56,-1,cvat_interp
262,15,15,2,1.0,715.0,597.48,763.14,704.09,-1,cvat_interp
263,0,0,2,1.0,1099.9,689.9,1149.42,797.8,-1,cvat_interp
263,1,1,2,1.0,671.7,563.6,705.6,652.99,-1,cvat_interp
263,2,2,2,1.0,817.14,431.3,856.56,514.56,-1,cvat_keyframe
263,3,3,2,1.0,1370.94,451.47,1418.18,521.85,-1,cvat_interp
263,5,5,2,1.0,1547.58,487.2,1622.0,564.2,-1,cvat_keyframe
263,6,6,1,1.0,1447.57,384.03,1477.27,452.67,-1,cvat_interp
263,7,7,2,1.0,1101.61,330.62,1129.9,390.32,-1,cvat_interp
263,8,8,2,1.0,515.12,277.5,539.22,330.06,-1,cvat_interp
263,10,10,2,1.0,533.1,440.27,586.57,519.2,-1,cvat_keyframe
263,11,11,3,1.0,418.16,507.33,459.78,598.19,-1,cvat_interp
263,13,13,0,1.0,1566.6,542.74,1576.46,552.56,-1,cvat_interp
263,15,15,2,1.0,714.45,597.34,763.25,703.95,-1,cvat_interp
264,0,0,2,1.0,1099.9,689.9,1150.46,797.8,-1,cvat_interp
264,1,1,2,1.0,671.35,563.2,705.25,652.78,-1,cvat_interp
264,2,2,2,1.0,822.52,432.31,863.05,514.95,-1,cvat_interp
264,3,3,2,1.0,1374.92,452.37,1424.59,521.79,-1,cvat_interp
264,5,5,2,1.0,1545.88,487.0,1617.44,563.5,-1,cvat_interp
264,6,6,1,1.0,1449.86,384.0,1479.06,452.6,-1,cvat_interp
264,7,7,2,1.0,1102.26,330.33,1130.54,390.02,-1,cvat_interp
264,8,8,2,1.0,514.94,277.68,539.04,330.24,-1,cvat_interp
264,10,10,2,1.0,540.87,440.18,592.6,518.37,-1,cvat_interp
264,11,11,3,1.0,418.38,507.42,459.78,597.69,-1,cvat_interp
264,13,13,0,1.0,1560.71,542.64,1570.76,552.56,-1,cvat_interp
264,15,15,2,1.0,713.9,597.21,763.36,703.82,-1,cvat_interp
265,0,0,2,1.0,1099.9,689.9,1151.5,797.8,-1,cvat_interp
265,1,1,2,1.0,671.01,562.8,704.91,652.58,-1,cvat_interp
265,2,2,2,1.0,827.9,433.31,869.54,515.35,-1,cvat_interp
265,3,3,2,1.0,1378.9,453.28,1430.99,521.72,-1,cvat_interp
265,5,5,2,1.0,1544.17,486.8,1612.89,562.81,-1,cvat_interp
265,6,6,1,1.0,1452.15,383.98,1480.85,452.53,-1,cvat_interp
265,7,7,2,1.0,1102.91,330.04,1131.19,389.73,-1,cvat_interp
265,8,8,2,1.0,514.76,277.86,538.86,330.42,-1,cvat_interp
265,10,10,2,1.0,548.65,440.09,598.64,517.54,-1,cvat_interp
265,11,11,3,1.0,418.6,507.51,459.78,597.19,-1,cvat_interp
265,13,13,0,1.0,1554.83,542.53,1565.06,552.56,-1,cvat_interp
265,15,15,2,1.0,713.35,597.08,763.47,703.69,-1,cvat_interp
266,0,0,2,1.0,1099.9,689.9,1152.54,797.8,-1,cvat_interp
266,1,1,2,1.0,670.66,562.4,704.56,652.38,-1,cvat_interp
266,2,2,2,1.0,833.28,434.32,876.03,515.74,-1,cvat_interp
266,3,3,2,1.0,1382.88,454.19,1437.4,521.66,-1,cvat_keyframe
266,5,5,2,1.0,1542.47,486.61,1608.33,562.11,-1,cvat_interp
266,6,6,1,1.0,1454.44,383.95,1482.64,452.46,-1,cvat_interp
266,7,7,2,1.0,1103.56,329.74,1131.84,389.44,-1,cvat_interp
266,8,8,2,1.0,514.58,278.04,538.68,330.6,-1,cvat_interp
266,10,10,2,1.0,556.42,440.0,604.68,516.71,-1,cvat_interp
266,11,11,3,1.0,418.82,507.59,459.78,596.68,-1,cvat_interp
266,13,13,0,1.0,1548.94,542.42,1559.36,552.56,-1,cvat_interp
266,15,15,2,1.0,712.8,596.95,763.58,703.56,-1,cvat_interp
267,0,0,2,1.0,1099.9,689.9,1153.58,797.8,-1,cvat_interp
267,1,1,2,1.0,670.32,562.0,704.22,652.17,-1,cvat_interp
267,2,2,2,1.0,838.66,435.32,882.52,516.13,-1,cvat_interp
267,3,3,2,1.0,1386.86,455.09,1438.35,521.59,-1,cvat_interp
267,5,5,2,1.0,1540.76,486.41,1603.77,561.42,-1,cvat_interp
267,6,6,1,1.0,1456.73,383.93,1484.43,452.39,-1,cvat_interp
267,7,7,2,1.0,1104.21,329.45,1132.49,389.15,-1,cvat_interp
267,8,8,2,1.0,514.4,278.22,538.5,330.78,-1,cvat_interp
267,10,10,2,1.0,564.19,439.91,610.71,515.88,-1,cvat_interp
267,11,11,3,1.0,419.04,507.68,459.78,596.18,-1,cvat_interp
267,13,13,0,1.0,1543.06,542.32,1553.66,552.56,-1,cvat_interp
267,15,15,2,1.0,712.25,596.82,763.69,703.43,-1,cvat_interp
268,0,0,2,1.0,1099.9,689.9,1154.62,797.8,-1,cvat_interp
268,1,1,2,1.0,669.97,561.6,703.87,651.97,-1,cvat_keyframe
268,2,2,2,1.0,844.04,436.33,889.02,516.53,-1,cvat_interp
268,3,3,2,1.0,1390.84,456.0,1439.3,521.53,-1,cvat_keyframe
268,5,5,2,1.0,1539.06,486.21,1599.21,560.72,-1,cvat_interp
268,6,6,1,1.0,1459.02,383.9,1486.22,452.31,-1,cvat_keyframe
268,7,7,2,1.0,1104.86,329.16,1133.14,388.86,-1,cvat_interp
268,8,8,2,1.0,514.22,278.4,538.32,330.96,-1,cvat_interp
268,10,10,2,1.0,571.97,439.82,616.75,515.06,-1,cvat_interp
268,11,11,3,1.0,419.26,507.77,459.78,595.68,-1,cvat_interp
268,13,13,0,1.0,1537.17,542.21,1547.96,552.56,-1,cvat_interp
268,15,15,2,1.0,711.7,596.69,763.8,703.3,-1,cvat_interp
269,0,0,2,1.0,1099.9,689.9,1155.66,797.8,-1,cvat_interp
269,1,1,2,1.0,669.63,565.17,703.53,651.77,-1,cvat_interp
269,2,2,2,1.0,849.42,437.33,895.51,516.92,-1,cvat_interp
269,3,3,2,1.0,1394.82,454.35,1440.45,521.46,-1,cvat_interp
269,5,5,2,1.0,1537.35,486.02,1594.66,560.03,-1,cvat_interp
269,6,6,1,1.0,1461.31,385.0,1488.01,452.24,-1,cvat_interp
269,7,7,2,1.0,1105.51,328.87,1133.79,388.56,-1,cvat_interp
269,8,8,2,1.0,514.04,278.58,538.14,331.14,-1,cvat_interp
269,10,10,2,1.0,579.74,439.73,622.79,514.23,-1,cvat_interp
269,11,11,3,1.0,419.48,507.86,459.78,595.18,-1,cvat_interp
269,13,13,0,1.0,1531.29,542.11,1542.26,552.56,-1,cvat_interp
269,15,15,2,1.0,711.15,596.55,763.91,703.16,-1,cvat_interp
270,0,0,2,1.0,1099.9,689.9,1156.7,797.8,-1,cvat_keyframe
270,1,1,2,1.0,669.28,568.74,703.18,651.56,-1,cvat_keyframe
270,2,2,2,1.0,854.8,438.34,902.0,517.31,-1,cvat_keyframe
270,3,3,2,1.0,1398.8,452.7,1441.6,521.4,-1,cvat_keyframe
270,5,5,2,1.0,1535.65,485.82,1590.1,559.33,-1,cvat_keyframe
270,6,6,1,1.0,1463.6,386.1,1489.8,452.17,-1,cvat_keyframe
270,7,7,2,1.0,1106.16,328.58,1134.44,388.27,-1,cvat_keyframe
270,8,8,2,1.0,513.86,278.76,537.96,331.32,-1,cvat_keyframe
270,10,10,2,1.0,587.52,439.64,628.83,513.4,-1,cvat_keyframe
270,11,11,3,1.0,419.7,507.95,459.78,594.67,-1,cvat_keyframe
270,13,13,0,1.0,1525.4,542.0,1536.56,552.56,-1,cvat_keyframe
270,15,15,2,1.0,710.6,596.42,764.02,703.03,-1,cvat_interp
271,0,0,2,1.0,1100.2,689.8,1157.0,797.7,-1,cvat_interp
271,1,1,2,1.0,669.09,567.58,702.99,651.47,-1,cvat_interp
271,2,2,2,1.0,861.06,438.14,907.0,517.11,-1,cvat_interp
271,3,3,2,1.0,1399.07,452.88,1441.87,521.58,-1,cvat_interp
271,5,5,2,1.0,1532.66,484.71,1585.82,559.29,-1,cvat_interp
271,6,6,1,1.0,1466.05,385.88,1492.25,451.95,-1,cvat_interp
271,7,7,2,1.0,1107.64,328.43,1135.92,388.13,-1,cvat_interp
271,8,8,2,1.0,513.38,278.57,537.48,331.13,-1,cvat_interp
271,10,10,2,1.0,593.29,439.73,635.43,513.7,-1,cvat_interp
271,11,11,3,1.0,421.37,507.37,461.72,595.0,-1,cvat_interp
271,13,13,0,1.0,1521.9,541.91,1533.06,552.47,-1,cvat_interp
271,15,15,2,1.0,710.05,596.29,764.12,702.9,-1,cvat_interp
272,0,0,2,1.0,1100.51,689.7,1157.3,797.6,-1,cvat_interp
272,1,1,2,1.0,668.89,566.42,702.79,651.37,-1,cvat_interp
272,2,2,2,1.0,867.32,437.93,911.99,516.91,-1,cvat_interp
272,3,3,2,1.0,1399.33,453.06,1442.13,521.76,-1,cvat_interp
272,5,5,2,1.0,1529.68,483.6,1581.54,559.25,-1,cvat_interp
272,6,6,1,1.0,1468.5,385.65,1494.7,451.73,-1,cvat_interp
272,7,7,2,1.0,1109.12,328.29,1137.4,387.99,-1,cvat_interp
272,8,8,2,1.0,512.91,278.38,537.01,330.94,-1,cvat_interp
272,10,10,2,1.0,599.07,439.83,642.04,514.0,-1,cvat_interp
272,11,11,3,1.0,423.04,506.78,463.66,595.32,-1,cvat_interp
272,13,13,0,1.0,1518.39,541.82,1529.56,552.38,-1,cvat_interp
272,15,15,2,1.0,709.5,596.16,764.23,702.77,-1,cvat_interp
273,0,0,2,1.0,1100.81,689.6,1157.61,797.5,-1,cvat_interp
273,1,1,2,1.0,668.7,565.26,702.6,651.27,-1,cvat_interp
273,2,2,2,1.0,873.58,437.73,916.99,516.7,-1,cvat_interp
273,3,3,2,1.0,1399.6,453.23,1442.4,521.93,-1,cvat_interp
273,5,5,2,1.0,1526.69,482.48,1577.26,559.2,-1,cvat_interp
273,6,6,1,1.0,1470.95,385.43,1497.15,451.5,-1,cvat_interp
273,7,7,2,1.0,1110.6,328.15,1138.88,387.85,-1,cvat_interp
273,8,8,2,1.0,512.43,278.18,536.53,330.74,-1,cvat_interp
273,10,10,2,1.0,604.85,439.93,648.65,514.3,-1,cvat_interp
273,11,11,3,1.0,424.71,506.2,465.61,595.64,-1,cvat_interp
273,13,13,0,1.0,1514.89,541.73,1526.06,552.3,-1,cvat_interp
273,15,15,2,1.0,708.95,596.03,764.34,702.64,-1,cvat_interp
274,0,0,2,1.0,1101.11,689.5,1157.91,797.4,-1,cvat_interp
274,1,1,2,1.0,668.5,564.1,702.4,651.17,-1,cvat_interp
274,2,2,2,1.0,879.84,437.53,921.98,516.5,-1,cvat_interp
274,3,3,2,1.0,1399.87,453.41,1442.67,522.11,-1,cvat_interp
274,5,5,2,1.0,1523.71,481.37,1572.98,559.16,-1,cvat_interp
274,6,6,1,1.0,1473.4,385.21,1499.6,451.28,-1,cvat_interp
274,7,7,2,1.0,1112.08,328.01,1140.37,387.71,-1,cvat_interp
274,8,8,2,1.0,511.95,277.99,536.05,330.55,-1,cvat_interp
274,10,10,2,1.0,610.63,440.03,655.26,514.6,-1,cvat_interp
274,11,11,3,1.0,426.38,505.61,467.55,595.96,-1,cvat_interp
274,13,13,0,1.0,1511.39,541.64,1522.55,552.21,-1,cvat_interp
274,15,15,2,1.0,708.4,595.9,764.45,702.51,-1,cvat_interp
275,0,0,2,1.0,1101.41,689.4,1158.21,797.3,-1,cvat_interp
275,1,1,2,1.0,668.31,562.94,702.21,651.08,-1,cvat_interp
275,2,2,2,1.0,886.1,437.33,926.98,516.3,-1,cvat_interp
275,3,3,2,1.0,1400.14,453.59,1442.94,522.29,-1,cvat_interp
275,5,5,2,1.0,1520.72,480.26,1568.7,559.12,-1,cvat_interp
275,6,6,1,1.0,1475.85,384.99,1502.05,451.06,-1,cvat_interp
275,7,7,2,1.0,1113.56,327.87,1141.85,387.57,-1,cvat_interp
275,8,8,2,1.0,511.47,277.8,535.57,330.36,-1,cvat_interp
275,10,10,2,1.0,616.41,440.12,661.86,514.9,-1,cvat_interp
275,11,11,3,1.0,428.05,505.03,469.49,596.29,-1,cvat_interp
275,13,13,0,1.0,1507.89,541.55,1519.05,552.12,-1,cvat_interp
275,15,15,2,1.0,707.85,595.77,764.56,702.37,-1,cvat_interp
276,0,0,2,1.0,1101.71,689.3,1158.51,797.2,-1,cvat_interp
276,1,1,2,1.0,668.12,561.77,702.02,650.98,-1,cvat_interp
276,2,2,2,1.0,892.36,437.13,931.97,516.1,-1,cvat_interp
276,3,3,2,1.0,1400.4,453.77,1443.2,522.47,-1,cvat_interp
276,5,5,2,1.0,1517.74,479.15,1564.42,559.07,-1,cvat_interp
276,6,6,1,1.0,1478.3,384.76,1504.5,450.84,-1,cvat_interp
276,7,7,2,1.0,1115.04,327.73,1143.33,387.43,-1,cvat_interp
276,8,8,2,1.0,511.0,277.61,535.1,330.17,-1,cvat_interp
276,10,10,2,1.0,622.19,440.22,668.47,515.2,-1,cvat_interp
276,11,11,3,1.0,429.72,504.44,471.43,596.61,-1,cvat_interp
276,13,13,0,1.0,1504.38,541.47,1515.55,552.03,-1,cvat_interp
276,15,15,2,1.0,707.3,595.63,764.67,702.24,-1,cvat_interp
277,0,0,2,1.0,1102.02,689.19,1158.82,797.09,-1,cvat_interp
277,1,1,2,1.0,667.92,560.61,701.82,650.88,-1,cvat_interp
277,2,2,2,1.0,898.62,436.92,936.97,515.9,-1,cvat_interp
277,3,3,2,1.0,1400.67,453.95,1443.47,522.65,-1,cvat_interp
277,5,5,2,1.0,1514.76,478.04,1560.14,559.03,-1,cvat_interp
277,6,6,1,1.0,1480.75,384.54,1506.94,450.61,-1,cvat_interp
277,7,7,2,1.0,1116.53,327.59,1144.81,387.28,-1,cvat_interp
277,8,8,2,1.0,510.52,277.42,534.62,329.98,-1,cvat_interp
277,10,10,2,1.0,627.96,440.32,675.08,515.5,-1,cvat_interp
277,11,11,3,1.0,431.39,503.86,473.37,596.93,-1,cvat_interp
277,13,13,0,1.0,1500.88,541.38,1512.05,551.94,-1,cvat_interp
277,15,15,2,1.0,706.75,595.5,764.78,702.11,-1,cvat_interp
278,0,0,2,1.0,1102.32,689.09,1159.12,796.99,-1,cvat_interp
278,1,1,2,1.0,667.73,559.45,701.63,650.78,-1,cvat_interp
278,2,2,2,1.0,904.88,436.72,941.96,515.7,-1,cvat_interp
278,3,3,2,1.0,1400.94,454.13,1443.74,522.83,-1,cvat_interp
278,5,5,2,1.0,1511.77,476.92,1555.86,558.99,-1,cvat_interp
278,6,6,1,1.0,1483.19,384.32,1509.39,450.39,-1,cvat_interp
278,7,7,2,1.0,1118.01,327.45,1146.29,387.14,-1,cvat_interp
278,8,8,2,1.0,510.04,277.23,534.14,329.79,-1,cvat_interp
278,10,10,2,1.0,633.74,440.42,681.68,515.8,-1,cvat_interp
278,11,11,3,1.0,433.06,503.27,475.32,597.25,-1,cvat_interp
278,13,13,0,1.0,1497.38,541.29,1508.54,551.85,-1,cvat_interp
278,15,15,2,1.0,706.2,595.37,764.89,701.98,-1,cvat_interp
279,0,0,2,1.0,1102.62,688.99,1159.42,796.89,-1,cvat_interp
279,1,1,2,1.0,667.53,558.29,701.43,650.69,-1,cvat_interp
279,2,2,2,1.0,911.14,436.52,946.96,515.49,-1,cvat_interp
279,3,3,2,1.0,1401.21,454.3,1444.01,523.0,-1,cvat_interp
279,5,5,2,1.0,1508.79,475.81,1551.58,558.94,-1,cvat_interp
279,6,6,1,1.0,1485.64,384.09,1511.84,450.17,-1,cvat_interp
279,7,7,2,1.0,1119.49,327.31,1147.77,387.0,-1,cvat_interp
279,8,8,2,1.0,509.57,277.04,533.67,329.6,-1,cvat_interp
279,10,10,2,1.0,639.52,440.51,688.29,516.1,-1,cvat_interp
279,11,11,3,1.0,434.73,502.68,477.26,597.58,-1,cvat_interp
279,13,13,0,1.0,1493.88,541.2,1505.04,551.76,-1,cvat_interp
279,15,15,2,1.0,705.65,595.24,765.0,701.85,-1,cvat_interp
280,0,0,2,1.0,1102.92,688.89,1159.72,796.79,-1,cvat_keyframe
280,1,1,2,1.0,667.34,557.13,701.24,650.59,-1,cvat_keyframe
280,2,2,2,1.0,917.4,436.32,951.95,515.29,-1,cvat_keyframe
280,3,3,2,1.0,1401.47,454.48,1444.27,523.18,-1,cvat_keyframe
280,5,5,2,1.0,1505.8,474.7,1547.3,558.9,-1,cvat_keyframe
280,6,6,1,1.0,1488.09,383.87,1514.29,449.94,-1,cvat_keyframe
280,7,7,2,1.0,1120.97,327.17,1149.25,386.86,-1,cvat_keyframe
280,8,8,2,1.0,509.09,276.85,533.19,329.41,-1,cvat_interp
280,10,10,2,1.0,645.3,440.61,694.9,516.4,-1,cvat_keyframe
280,11,11,3,1.0,436.4,502.1,479.2,597.9,-1,cvat_keyframe
280,13,13,0,1.0,1490.37,541.11,1501.54,551.67,-1,cvat_keyframe
280,15,15,2,1.0,705.1,595.11,765.11,701.72,-1,cvat_keyframe
281,0,0,2,1.0,1102.47,688.74,1159.27,796.73,-1,cvat_interp
281,1,1,2,1.0,665.72,556.91,700.15,650.37,-1,cvat_interp
281,2,2,2,1.0,919.83,436.23,954.38,515.21,-1,cvat_interp
281,3,3,2,1.0,1398.45,456.31,1443.16,524.14,-1,cvat_interp
281,5,5,2,1.0,1500.53,474.49,1545.5,558.93,-1,cvat_interp
281,6,6,1,1.0,1489.22,384.05,1515.42,450.12,-1,cvat_interp
281,7,7,2,1.0,1121.54,327.05,1149.83,386.75,-1,cvat_interp
281,8,8,2,1.0,508.61,276.66,532.71,329.22,-1,cvat_interp
281,10,10,2,1.0,650.4,440.61,702.68,515.39,-1,cvat_interp
281,11,11,3,1.0,437.28,502.29,479.94,597.81,-1,cvat_interp
281,13,13,0,1.0,1487.02,541.08,1498.18,551.65,-1,cvat_interp
281,15,15,2,1.0,703.18,595.65,760.85,702.26,-1,cvat_interp
282,0,0,2,1.0,1102.01,688.58,1158.81,796.67,-1,cvat_interp
282,1,1,2,1.0,664.09,556.7,699.07,650.16,-1,cvat_interp
282,2,2,2,1.0,922.25,436.15,956.8,515.12,-1,cvat_interp
282,3,3,2,1.0,1395.43,458.15,1442.04,525.09,-1,cvat_interp
282,5,5,2,1.0,1495.26,474.29,1543.7,558.97,-1,cvat_interp
282,6,6,1,1.0,1490.36,384.23,1516.56,450.3,-1,cvat_interp
282,7,7,2,1.0,1122.11,326.94,1150.4,386.63,-1,cvat_interp
282,8,8,2,1.0,508.13,276.47,532.23,329.03,-1,cvat_interp
282,10,10,2,1.0,655.5,440.61,710.46,514.37,-1,cvat_keyframe
282,11,11,3,1.0,438.16,502.49,480.68,597.72,-1,cvat_interp
282,13,13,0,1.0,1483.66,541.06,1494.82,551.62,-1,cvat_interp
282,15,15,2,1.0,701.26,596.19,756.59,702.8,-1,cvat_interp
283,0,0,2,1.0,1101.55,688.42,1158.35,796.61,-1,cvat_interp
283,1,1,2,1.0,662.47,556.48,697.99,649.94,-1,cvat_interp
283,2,2,2,1.0,924.68,436.06,959.23,515.03,-1,cvat_interp
283,3,3,2,1.0,1392.41,459.98,1440.92,526.04,-1,cvat_interp
283,5,5,2,1.0,1489.99,474.08,1541.9,559.0,-1,cvat_keyframe
283,6,6,1,1.0,1491.49,384.41,1517.69,450.48,-1,cvat_interp
283,7,7,2,1.0,1122.69,326.82,1150.97,386.52,-1,cvat_interp
283,8,8,2,1.0,507.66,276.27,531.76,328.83,-1,cvat_interp
283,10,10,2,1.0,667.3,440.61,718.24,514.37,-1,cvat_keyframe
283,11,11,3,1.0,439.03,502.68,481.42,597.63,-1,cvat_interp
283,13,13,0,1.0,1480.3,541.04,1491.47,551.6,-1,cvat_interp
283,15,15,2,1.0,699.33,596.73,752.33,703.34,-1,cvat_interp
284,0,0,2,1.0,1101.1,688.26,1157.9,796.55,-1,cvat_interp
284,1,1,2,1.0,660.85,556.26,696.9,649.72,-1,cvat_interp
284,2,2,2,1.0,927.1,435.97,961.65,514.95,-1,cvat_interp
284,3,3,2,1.0,1389.39,461.81,1439.8,527.0,-1,cvat_interp
284,5,5,2,1.0,1484.72,473.88,1536.22,558.69,-1,cvat_interp
284,6,6,1,1.0,1492.62,384.59,1518.82,450.66,-1,cvat_interp
284,7,7,2,1.0,1123.26,326.71,1151.54,386.4,-1,cvat_interp
284,8,8,2,1.0,507.18,276.08,531.28,328.64,-1,cvat_interp
284,10,10,2,1.0,674.76,440.61,726.02,514.37,-1,cvat_interp
284,11,11,3,1.0,439.91,502.88,482.16,597.54,-1,cvat_interp
284,13,13,0,1.0,1476.95,541.01,1488.11,551.58,-1,cvat_interp
284,15,15,2,1.0,697.41,597.27,748.07,703.88,-1,cvat_interp
285,0,0,2,1.0,1100.64,688.11,1157.44,796.49,-1,cvat_interp
285,1,1,2,1.0,659.22,556.05,695.82,649.51,-1,cvat_interp
285,2,2,2,1.0,929.53,435.89,964.08,514.86,-1,cvat_interp
285,3,3,2,1.0,1386.37,463.64,1438.69,527.95,-1,cvat_interp
285,5,5,2,1.0,1479.45,473.67,1530.53,558.38,-1,cvat_interp
285,6,6,1,1.0,1493.76,384.77,1519.96,450.84,-1,cvat_interp
285,7,7,2,1.0,1123.83,326.59,1152.11,386.29,-1,cvat_interp
285,8,8,2,1.0,506.7,275.89,530.8,328.45,-1,cvat_interp
285,10,10,2,1.0,682.21,440.61,733.8,514.37,-1,cvat_interp
285,11,11,3,1.0,440.78,503.07,482.9,597.45,-1,cvat_interp
285,13,13,0,1.0,1473.59,540.99,1484.75,551.55,-1,cvat_interp
285,15,15,2,1.0,695.49,597.81,743.81,704.42,-1,cvat_interp
286,0,0,2,1.0,1100.18,687.95,1156.98,796.43,-1,cvat_interp
286,1,1,2,1.0,657.6,555.83,694.74,649.29,-1,cvat_interp
286,2,2,2,1.0,931.95,435.8,966.5,514.77,-1,cvat_interp
286,3,3,2,1.0,1383.35,465.47,1437.57,528.9,-1,cvat_interp
286,5,5,2,1.0,1474.18,473.47,1524.85,558.08,-1,cvat_interp
286,6,6,1,1.0,1494.89,384.95,1521.09,451.02,-1,cvat_interp
286,7,7,2,1.0,1124.4,326.48,1152.68,386.18,-1,cvat_interp
286,8,8,2,1.0,506.22,275.7,530.32,328.26,-1,cvat_interp
286,10,10,2,1.0,689.67,440.61,741.58,514.37,-1,cvat_interp
286,11,11,3,1.0,441.66,503.27,483.64,597.36,-1,cvat_interp
286,13,13,0,1.0,1470.23,540.97,1481.4,551.53,-1,cvat_interp
286,15,15,2,1.0,693.57,598.35,739.54,704.96,-1,cvat_interp
287,0,0,2,1.0,1099.72,687.79,1156.52,796.37,-1,cvat_interp
287,1,1,2,1.0,655.98,555.62,693.65,649.08,-1,cvat_interp
287,2,2,2,1.0,934.38,435.71,968.93,514.69,-1,cvat_interp
287,3,3,2,1.0,1380.33,467.3,1436.45,529.86,-1,cvat_interp
287,5,5,2,1.0,1468.91,473.26,1519.16,557.77,-1,cvat_interp
287,6,6,1,1.0,1496.02,385.12,1522.22,451.2,-1,cvat_interp
287,7,7,2,1.0,1124.97,326.37,1153.26,386.06,-1,cvat_interp
287,8,8,2,1.0,505.75,275.51,529.85,328.07,-1,cvat_interp
287,10,10,2,1.0,697.13,440.61,749.36,514.37,-1,cvat_interp
287,11,11,3,1.0,442.54,503.46,484.38,597.27,-1,cvat_interp
287,13,13,0,1.0,1466.88,540.94,1478.04,551.51,-1,cvat_keyframe
287,15,15,2,1.0,691.65,598.89,735.28,705.5,-1,cvat_interp
288,0,0,2,1.0,1099.27,687.63,1156.07,796.3,-1,cvat_interp
288,1,1,2,1.0,654.36,555.4,692.57,648.86,-1,cvat_interp
288,2,2,2,1.0,936.8,435.63,971.35,514.6,-1,cvat_interp
288,3,3,2,1.0,1377.31,469.14,1435.33,530.81,-1,cvat_interp
288,5,5,2,1.0,1463.64,473.06,1513.48,557.46,-1,cvat_interp
288,6,6,1,1.0,1497.15,385.3,1523.35,451.38,-1,cvat_interp
288,7,7,2,1.0,1125.54,326.25,1153.83,385.95,-1,cvat_interp
288,8,8,2,1.0,505.27,275.32,529.37,327.88,-1,cvat_interp
288,10,10,2,1.0,704.59,440.61,757.14,514.37,-1,cvat_interp
288,11,11,3,1.0,443.41,503.66,485.12,597.18,-1,cvat_interp
288,13,13,0,1.0,1467.73,540.46,1478.9,551.03,-1,cvat_keyframe
288,15,15,2,1.0,689.72,599.43,731.02,706.04,-1,cvat_interp
289,0,0,2,1.0,1098.81,687.48,1155.61,796.24,-1,cvat_interp
289,1,1,2,1.0,652.73,555.18,691.48,648.64,-1,cvat_interp
289,2,2,2,1.0,939.23,435.54,973.78,514.51,-1,cvat_interp
289,3,3,2,1.0,1374.29,470.97,1434.22,531.77,-1,cvat_interp
289,5,5,2,1.0,1458.37,472.85,1507.79,557.15,-1,cvat_interp
289,6,6,1,1.0,1498.29,385.48,1524.49,451.56,-1,cvat_interp
289,7,7,2,1.0,1126.12,326.14,1154.4,385.83,-1,cvat_interp
289,8,8,2,1.0,504.79,275.13,528.89,327.69,-1,cvat_interp
289,10,10,2,1.0,712.04,440.61,764.92,514.37,-1,cvat_interp
289,11,11,3,1.0,444.29,503.85,485.86,597.09,-1,cvat_interp
289,13,13,0,1.0,1441.22,537.77,1452.38,548.33,-1,cvat_interp
289,15,15,2,1.0,687.8,599.97,726.76,706.58,-1,cvat_interp
290,0,0,2,1.0,1098.35,687.32,1155.15,796.18,-1,cvat_interp
290,1,1,2,1.0,651.11,554.97,690.4,648.43,-1,cvat_keyframe
290,2,2,2,1.0,941.65,435.45,976.2,514.43,-1,cvat_keyframe
290,3,3,2,1.0,1371.27,472.8,1433.1,532.72,-1,cvat_keyframe
290,5,5,2,1.0,1453.1,472.65,1502.11,556.85,-1,cvat_keyframe
290,6,6,1,1.0,1499.42,385.66,1525.62,451.73,-1,cvat_keyframe
290,7,7,2,1.0,1126.69,326.02,1154.97,385.72,-1,cvat_keyframe
290,8,8,2,1.0,504.32,274.94,528.42,327.5,-1,cvat_keyframe
290,10,10,2,1.0,719.5,440.61,772.7,514.37,-1,cvat_keyframe
290,11,11,3,1.0,445.16,504.05,486.6,597.0,-1,cvat_interp
290,13,13,0,1.0,1414.71,535.07,1425.87,545.63,-1,cvat_keyframe
290,15,15,2,1.0,685.88,600.51,722.5,707.12,-1,cvat_keyframe
291,0,0,2,1.0,1097.9,687.16,1154.7,796.12,-1,cvat_interp
291,1,1,2,1.0,649.45,554.97,688.74,648.43,-1,cvat_interp
291,2,2,2,1.0,944.91,435.9,979.46,514.87,-1,cvat_interp
291,3,3,2,1.0,1370.08,470.85,1428.87,532.97,-1,cvat_interp
291,5,5,2,1.0,1450.9,472.22,1499.91,556.42,-1,cvat_interp
291,6,6,1,1.0,1499.25,385.41,1526.38,451.48,-1,cvat_interp
291,7,7,2,1.0,1126.49,325.92,1155.13,385.65,-1,cvat_interp
291,8,8,2,1.0,503.33,274.91,527.43,327.47,-1,cvat_interp
291,10,10,2,1.0,726.68,440.04,780.13,514.24,-1,cvat_interp
291,11,11,3,1.0,446.04,504.24,487.34,596.91,-1,cvat_interp
291,13,13,0,1.0,1394.54,533.59,1405.7,544.15,-1,cvat_interp
291,15,15,2,1.0,682.52,601.23,720.04,707.84,-1,cvat_interp
292,0,0,2,1.0,1097.44,687.0,1154.24,796.06,-1,cvat_interp
292,1,1,2,1.0,647.79,554.97,687.08,648.43,-1,cvat_interp
292,2,2,2,1.0,948.18,436.34,982.73,515.31,-1,cvat_interp
292,3,3,2,1.0,1368.89,468.9,1424.64,533.23,-1,cvat_interp
292,5,5,2,1.0,1448.7,471.8,1497.7,556.0,-1,cvat_interp
292,6,6,1,1.0,1499.09,385.16,1527.14,451.23,-1,cvat_interp
292,7,7,2,1.0,1126.28,325.82,1155.29,385.58,-1,cvat_interp
292,8,8,2,1.0,502.35,274.88,526.45,327.44,-1,cvat_interp
292,10,10,2,1.0,733.86,439.47,787.56,514.11,-1,cvat_interp
292,11,11,3,1.0,446.91,504.44,488.08,596.82,-1,cvat_interp
292,13,13,0,1.0,1374.37,532.1,1385.54,542.67,-1,cvat_interp
292,15,15,2,1.0,679.15,601.95,717.58,708.56,-1,cvat_interp
293,0,0,2,1.0,1096.98,686.85,1153.78,796.0,-1,cvat_interp
293,1,1,2,1.0,646.13,554.97,685.42,648.43,-1,cvat_interp
293,2,2,2,1.0,951.44,436.78,985.99,515.75,-1,cvat_interp
293,3,3,2,1.0,1367.71,466.95,1420.41,533.48,-1,cvat_interp
293,5,5,2,1.0,1446.49,471.38,1495.5,555.58,-1,cvat_interp
293,6,6,1,1.0,1498.92,384.91,1527.89,450.98,-1,cvat_interp
293,7,7,2,1.0,1126.08,325.72,1155.45,385.51,-1,cvat_interp
293,8,8,2,1.0,501.37,274.85,525.47,327.41,-1,cvat_interp
293,10,10,2,1.0,741.04,438.9,794.99,513.98,-1,cvat_interp
293,11,11,3,1.0,447.79,504.63,488.82,596.73,-1,cvat_interp
293,13,13,0,1.0,1354.2,530.62,1365.37,541.19,-1,cvat_interp
293,15,15,2,1.0,675.79,602.67,715.12,709.28,-1,cvat_interp
294,0,0,2,1.0,1096.52,686.69,1153.32,795.94,-1,cvat_interp
294,1,1,2,1.0,644.47,554.97,683.76,648.43,-1,cvat_interp
294,2,2,2,1.0,954.7,437.22,989.25,516.2,-1,cvat_interp
294,3,3,2,1.0,1366.52,465.0,1416.18,533.74,-1,cvat_interp
294,5,5,2,1.0,1444.29,470.95,1493.3,555.15,-1,cvat_interp
294,6,6,1,1.0,1498.75,384.66,1528.65,450.73,-1,cvat_interp
294,7,7,2,1.0,1125.88,325.62,1155.6,385.44,-1,cvat_interp
294,8,8,2,1.0,500.39,274.82,524.49,327.38,-1,cvat_interp
294,10,10,2,1.0,748.22,438.33,802.42,513.85,-1,cvat_interp
294,11,11,3,1.0,448.67,504.83,489.56,596.64,-1,cvat_interp
294,13,13,0,1.0,1334.04,529.14,1345.2,539.71,-1,cvat_interp
294,15,15,2,1.0,672.43,603.4,712.66,710.0,-1,cvat_interp
295,0,0,2,1.0,1096.07,686.53,1152.87,795.88,-1,cvat_interp
295,1,1,2,1.0,642.81,554.97,682.1,648.43,-1,cvat_interp
295,2,2,2,1.0,957.97,437.67,992.52,516.64,-1,cvat_interp
295,3,3,2,1.0,1365.33,463.05,1411.95,533.99,-1,cvat_interp
295,5,5,2,1.0,1442.09,470.53,1491.1,554.73,-1,cvat_interp
295,6,6,1,1.0,1498.58,384.41,1529.41,450.48,-1,cvat_interp
295,7,7,2,1.0,1125.68,325.52,1155.76,385.36,-1,cvat_interp
295,8,8,2,1.0,499.41,274.79,523.51,327.35,-1,cvat_interp
295,10,10,2,1.0,755.4,437.75,809.85,513.72,-1,cvat_interp
295,11,11,3,1.0,449.54,505.02,490.3,596.55,-1,cvat_interp
295,13,13,0,1.0,1313.87,527.66,1325.03,538.22,-1,cvat_interp
295,15,15,2,1.0,669.06,604.12,710.2,710.73,-1,cvat_interp
296,0,0,2,1.0,1095.61,686.37,1152.41,795.82,-1,cvat_interp
296,1,1,2,1.0,641.15,554.97,680.44,648.43,-1,cvat_interp
296,2,2,2,1.0,961.23,438.11,995.78,517.08,-1,cvat_interp
296,3,3,2,1.0,1364.15,461.1,1407.72,534.24,-1,cvat_interp
296,5,5,2,1.0,1439.89,470.11,1488.9,554.31,-1,cvat_interp
296,6,6,1,1.0,1498.42,384.16,1530.17,450.23,-1,cvat_interp
296,7,7,2,1.0,1125.47,325.41,1155.92,385.29,-1,cvat_interp
296,8,8,2,1.0,498.43,274.76,522.53,327.32,-1,cvat_interp
296,10,10,2,1.0,762.58,437.18,817.28,513.59,-1,cvat_interp
296,11,11,3,1.0,450.42,505.22,491.04,596.46,-1,cvat_interp
296,13,13,0,1.0,1293.7,526.18,1304.86,536.74,-1,cvat_interp
296,15,15,2,1.0,665.7,604.84,707.74,711.45,-1,cvat_interp
297,0,0,2,1.0,1095.15,686.22,1151.95,795.76,-1,cvat_interp
297,1,1,2,1.0,639.49,554.97,678.78,648.43,-1,cvat_interp
297,2,2,2,1.0,964.49,438.55,999.04,517.52,-1,cvat_interp
297,3,3,2,1.0,1362.96,459.15,1403.49,534.5,-1,cvat_interp
297,5,5,2,1.0,1437.68,469.68,1486.69,553.88,-1,cvat_interp
297,6,6,1,1.0,1498.25,383.9,1530.93,449.98,-1,cvat_interp
297,7,7,2,1.0,1125.27,325.31,1156.08,385.22,-1,cvat_interp
297,8,8,2,1.0,497.45,274.73,521.55,327.29,-1,cvat_interp
297,10,10,2,1.0,769.76,436.61,824.71,513.46,-1,cvat_interp
297,11,11,3,1.0,451.29,505.41,491.78,596.37,-1,cvat_interp
297,13,13,0,1.0,1273.53,524.7,1284.7,535.26,-1,cvat_interp
297,15,15,2,1.0,662.34,605.56,705.28,712.17,-1,cvat_interp
298,0,0,2,1.0,1094.7,686.06,1151.5,795.7,-1,cvat_interp
298,1,1,2,1.0,637.83,554.97,677.12,648.43,-1,cvat_interp
298,2,2,2,1.0,967.76,438.99,1002.31,517.97,-1,cvat_interp
298,3,3,2,1.0,1361.77,457.2,1399.26,534.75,-1,cvat_interp
298,5,5,2,1.0,1435.48,469.26,1484.49,553.46,-1,cvat_interp
298,6,6,1,1.0,1498.08,383.65,1531.68,449.73,-1,cvat_interp
298,7,7,2,1.0,1125.07,325.21,1156.24,385.15,-1,cvat_interp
298,8,8,2,1.0,496.46,274.7,520.56,327.26,-1,cvat_interp
298,10,10,2,1.0,776.94,436.04,832.14,513.33,-1,cvat_interp
298,11,11,3,1.0,452.17,505.61,492.52,596.28,-1,cvat_interp
298,13,13,0,1.0,1253.36,523.22,1264.53,533.78,-1,cvat_interp
298,15,15,2,1.0,658.97,606.28,702.82,712.89,-1,cvat_interp
299,0,0,2,1.0,1094.24,685.9,1151.04,795.63,-1,cvat_interp
299,1,1,2,1.0,636.17,554.97,675.46,648.43,-1,cvat_interp
299,2,2,2,1.0,971.02,439.44,1005.57,518.41,-1,cvat_interp
299,3,3,2,1.0,1360.59,455.25,1395.03,535.01,-1,cvat_interp
299,5,5,2,1.0,1433.28,468.84,1482.29,553.04,-1,cvat_interp
299,6,6,1,1.0,1497.91,383.4,1532.44,449.48,-1,cvat_interp
299,7,7,2,1.0,1124.87,325.11,1156.39,385.08,-1,cvat_interp
299,8,8,2,1.0,495.48,274.67,519.58,327.23,-1,cvat_interp
299,10,10,2,1.0,784.12,435.47,839.57,513.2,-1,cvat_interp
299,11,11,3,1.0,453.05,505.8,493.26,596.19,-1,cvat_interp
299,13,13,0,1.0,1233.2,521.74,1244.36,532.3,-1,cvat_interp
299,15,15,2,1.0,655.61,607.0,700.36,713.61,-1,cvat_interp
300,0,0,2,1.0,1093.78,685.74,1150.58,795.57,-1,cvat_interp
300,1,1,2,1.0,634.5,554.97,673.79,648.43,-1,cvat_keyframe
300,2,2,2,1.0,974.28,439.88,1008.83,518.85,-1,cvat_keyframe
300,3,3,2,1.0,1359.4,453.3,1390.8,535.26,-1,cvat_keyframe
300,5,5,2,1.0,1431.08,468.41,1480.09,552.61,-1,cvat_keyframe
300,6,6,1,1.0,1497.75,383.15,1533.2,449.22,-1,cvat_keyframe
300,7,7,2,1.0,1124.66,325.01,1156.55,385.01,-1,cvat_interp
300,8,8,2,1.0,494.5,274.64,518.6,327.2,-1,cvat_keyframe
300,10,10,2,1.0,791.3,434.9,847.0,513.07,-1,cvat_keyframe
300,11,11,3,1.0,453.92,506.0,494.0,596.1,-1,cvat_keyframe
300,13,13,0,1.0,1213.03,520.26,1224.19,530.82,-1,cvat_keyframe
300,15,15,2,1.0,652.25,607.72,697.9,714.33,-1,cvat_keyframe
301,0,0,2,1.0,1093.33,685.59,1150.12,795.51,-1,cvat_interp
301,1,1,2,1.0,631.67,555.14,670.96,648.6,-1,cvat_interp
301,2,2,2,1.0,977.53,440.06,1012.08,519.03,-1,cvat_interp
301,3,3,2,1.0,1355.11,453.3,1388.3,535.26,-1,cvat_interp
301,5,5,2,1.0,1427.53,468.47,1476.87,553.38,-1,cvat_interp
301,6,6,1,1.0,1496.46,382.13,1531.91,448.93,-1,cvat_interp
301,7,7,2,1.0,1124.46,324.91,1156.71,384.94,-1,cvat_interp
301,8,8,2,1.0,493.36,274.56,517.45,327.12,-1,cvat_interp
301,10,10,2,1.0,799.97,434.81,855.67,512.98,-1,cvat_interp
301,11,11,3,1.0,454.27,506.0,494.35,596.1,-1,cvat_interp
301,13,13,0,1.0,1195.8,518.99,1206.96,529.55,-1,cvat_interp
301,15,15,2,1.0,648.16,608.5,693.82,715.11,-1,cvat_interp
302,0,0,2,1.0,1092.87,685.43,1149.67,795.45,-1,cvat_interp
302,1,1,2,1.0,628.84,555.32,668.13,648.78,-1,cvat_interp
302,2,2,2,1.0,980.78,440.23,1015.33,519.21,-1,cvat_interp
302,3,3,2,1.0,1350.83,453.3,1385.8,535.26,-1,cvat_interp
302,5,5,2,1.0,1423.98,468.53,1473.65,554.14,-1,cvat_interp
302,6,6,1,1.0,1495.17,381.1,1530.63,448.63,-1,cvat_interp
302,7,7,2,1.0,1124.26,324.81,1156.87,384.87,-1,cvat_interp
302,8,8,2,1.0,492.21,274.48,516.31,327.04,-1,cvat_interp
302,10,10,2,1.0,808.64,434.72,864.34,512.9,-1,cvat_interp
302,11,11,3,1.0,454.63,506.0,494.71,596.1,-1,cvat_interp
302,13,13,0,1.0,1178.56,517.72,1189.73,528.28,-1,cvat_interp
302,15,15,2,1.0,644.08,609.28,689.73,715.89,-1,cvat_interp
303,0,0,2,1.0,1092.41,685.27,1149.21,795.39,-1,cvat_interp
303,1,1,2,1.0,626.01,555.5,665.3,648.96,-1,cvat_interp
303,2,2,2,1.0,984.03,440.41,1018.58,519.38,-1,cvat_interp
303,3,3,2,1.0,1346.54,453.3,1383.3,535.26,-1,cvat_interp
303,5,5,2,1.0,1420.44,468.59,1470.43,554.91,-1,cvat_interp
303,6,6,1,1.0,1493.89,380.08,1529.34,448.33,-1,cvat_interp
303,7,7,2,1.0,1124.06,324.7,1157.03,384.8,-1,cvat_interp
303,8,8,2,1.0,491.06,274.4,515.16,326.96,-1,cvat_interp
303,10,10,2,1.0,817.31,434.63,873.01,512.81,-1,cvat_interp
303,11,11,3,1.0,454.98,506.0,495.06,596.1,-1,cvat_interp
303,13,13,0,1.0,1161.33,516.45,1172.5,527.01,-1,cvat_interp
303,15,15,2,1.0,640.0,610.06,685.65,716.67,-1,cvat_interp
304,0,0,2,1.0,1091.95,685.11,1148.75,795.33,-1,cvat_interp
304,1,1,2,1.0,623.18,555.67,662.47,649.13,-1,cvat_interp
304,2,2,2,1.0,987.28,440.59,1021.83,519.56,-1,cvat_interp
304,3,3,2,1.0,1342.25,453.3,1380.8,535.26,-1,cvat_interp
304,5,5,2,1.0,1416.89,468.65,1467.21,555.67,-1,cvat_interp
304,6,6,1,1.0,1492.6,379.05,1528.05,448.04,-1,cvat_interp
304,7,7,2,1.0,1123.85,324.6,1157.18,384.73,-1,cvat_interp
304,8,8,2,1.0,489.92,274.32,514.02,326.88,-1,cvat_interp
304,10,10,2,1.0,825.98,434.55,881.68,512.72,-1,cvat_interp
304,11,11,3,1.0,455.34,506.0,495.42,596.1,-1,cvat_interp
304,13,13,0,1.0,1144.1,515.18,1155.27,525.75,-1,cvat_interp
304,15,15,2,1.0,635.91,610.84,681.56,717.45,-1,cvat_interp
305,0,0,2,1.0,1091.5,684.96,1148.3,795.27,-1,cvat_interp
305,1,1,2,1.0,620.35,555.85,659.64,649.31,-1,cvat_interp
305,2,2,2,1.0,990.53,440.76,1025.08,519.74,-1,cvat_interp
305,3,3,2,1.0,1337.96,453.3,1378.3,535.26,-1,cvat_interp
305,5,5,2,1.0,1413.35,468.71,1463.99,556.44,-1,cvat_interp
305,6,6,1,1.0,1491.31,378.03,1526.77,447.74,-1,cvat_interp
305,7,7,2,1.0,1123.65,324.5,1157.34,384.66,-1,cvat_interp
305,8,8,2,1.0,488.77,274.24,512.87,326.8,-1,cvat_interp
305,10,10,2,1.0,834.65,434.46,890.35,512.63,-1,cvat_interp
305,11,11,3,1.0,455.69,506.0,495.77,596.1,-1,cvat_interp
305,13,13,0,1.0,1126.87,513.91,1138.03,524.48,-1,cvat_interp
305,15,15,2,1.0,631.83,611.62,677.48,718.23,-1,cvat_interp
306,0,0,2,1.0,1091.04,684.8,1147.84,795.21,-1,cvat_keyframe
306,1,1,2,1.0,617.52,556.03,656.81,649.49,-1,cvat_interp
306,2,2,2,1.0,993.79,440.94,1028.34,519.91,-1,cvat_interp
306,3,3,2,1.0,1333.68,453.3,1375.8,535.26,-1,cvat_interp
306,5,5,2,1.0,1409.8,468.76,1460.77,557.2,-1,cvat_keyframe
306,6,6,1,1.0,1490.03,377.0,1525.48,447.44,-1,cvat_keyframe
306,7,7,2,1.0,1123.45,324.4,1157.5,384.59,-1,cvat_keyframe
306,8,8,2,1.0,487.63,274.17,511.73,326.72,-1,cvat_interp
306,10,10,2,1.0,843.32,434.37,899.02,512.54,-1,cvat_interp
306,11,11,3,1.0,456.04,506.0,496.12,596.1,-1,cvat_interp
306,13,13,0,1.0,1109.64,512.65,1120.8,523.21,-1,cvat_interp
306,15,15,2,1.0,627.74,612.4,673.4,719.01,-1,cvat_interp
307,0,0,2,1.0,1090.58,685.37,1147.38,795.15,-1,cvat_interp
307,1,1,2,1.0,614.69,556.2,653.98,649.67,-1,cvat_interp
307,2,2,2,1.0,997.04,441.12,1031.59,520.09,-1,cvat_interp
307,3,3,2,1.0,1329.39,453.3,1373.3,535.26,-1,cvat_interp
307,5,5,2,1.0,1408.57,468.82,1457.56,557.39,-1,cvat_interp
307,6,6,1,1.0,1488.74,377.8,1524.19,447.15,-1,cvat_interp
307,7,7,2,1.0,1123.25,324.34,1157.46,384.85,-1,cvat_interp
307,8,8,2,1.0,486.48,274.09,510.58,326.65,-1,cvat_interp
307,10,10,2,1.0,851.99,434.28,907.69,512.45,-1,cvat_interp
307,11,11,3,1.0,456.4,506.0,496.48,596.1,-1,cvat_interp
307,13,13,0,1.0,1092.41,511.38,1103.57,521.94,-1,cvat_interp
307,15,15,2,1.0,623.66,613.19,669.31,719.79,-1,cvat_interp
308,0,0,2,1.0,1090.13,685.93,1146.93,795.09,-1,cvat_interp
308,1,1,2,1.0,611.86,556.38,651.15,649.84,-1,cvat_interp
308,2,2,2,1.0,1000.29,441.3,1034.84,520.27,-1,cvat_interp
308,3,3,2,1.0,1325.1,453.3,1370.8,535.26,-1,cvat_interp
308,5,5,2,1.0,1407.34,468.88,1454.34,557.59,-1,cvat_interp
308,6,6,1,1.0,1487.45,378.59,1522.9,446.85,-1,cvat_interp
308,7,7,2,1.0,1123.05,324.29,1157.42,385.11,-1,cvat_interp
308,8,8,2,1.0,485.33,274.01,509.43,326.57,-1,cvat_interp
308,10,10,2,1.0,860.66,434.19,916.36,512.37,-1,cvat_interp
308,11,11,3,1.0,456.75,506.0,496.83,596.1,-1,cvat_interp
308,13,13,0,1.0,1075.17,510.11,1086.34,520.67,-1,cvat_interp
308,15,15,2,1.0,619.58,613.97,665.23,720.57,-1,cvat_interp
309,0,0,2,1.0,1089.67,686.5,1146.47,795.03,-1,cvat_interp
309,1,1,2,1.0,609.03,556.56,648.32,650.02,-1,cvat_interp
309,2,2,2,1.0,1003.54,441.47,1038.09,520.45,-1,cvat_interp
309,3,3,2,1.0,1320.81,453.3,1368.3,535.26,-1,cvat_interp
309,5,5,2,1.0,1406.11,468.94,1451.12,557.78,-1,cvat_interp
309,6,6,1,1.0,1486.16,379.39,1521.62,446.55,-1,cvat_interp
309,7,7,2,1.0,1122.84,324.23,1157.38,385.37,-1,cvat_interp
309,8,8,2,1.0,484.19,273.93,508.29,326.49,-1,cvat_interp
309,10,10,2,1.0,869.33,434.1,925.03,512.28,-1,cvat_interp
309,11,11,3,1.0,457.1,506.0,497.18,596.1,-1,cvat_interp
309,13,13,0,1.0,1057.94,508.84,1069.11,519.4,-1,cvat_interp
309,15,15,2,1.0,615.49,614.75,661.15,721.36,-1,cvat_interp
310,0,0,2,1.0,1089.21,687.06,1146.01,794.96,-1,cvat_keyframe
310,1,1,2,1.0,606.2,556.74,645.49,650.2,-1,cvat_keyframe
310,2,2,2,1.0,1006.79,441.65,1041.34,520.62,-1,cvat_keyframe
310,3,3,2,1.0,1316.53,453.3,1365.8,535.26,-1,cvat_keyframe
310,5,5,2,1.0,1404.88,469.0,1447.9,557.97,-1,cvat_keyframe
310,6,6,1,1.0,1484.88,380.18,1520.33,446.25,-1,cvat_keyframe
310,7,7,2,1.0,1122.64,324.17,1157.34,385.63,-1,cvat_interp
310,8,8,2,1.0,483.04,273.85,507.14,326.41,-1,cvat_keyframe
310,10,10,2,1.0,878.0,434.02,933.7,512.19,-1,cvat_keyframe
310,11,11,3,1.0,457.46,506.0,497.54,596.1,-1,cvat_interp
310,13,13,0,1.0,1040.71,507.57,1051.87,518.13,-1,cvat_keyframe
310,15,15,2,1.0,611.41,615.53,657.06,722.14,-1,cvat_keyframe
311,0,0,2,1.0,1089.5,686.78,1146.29,794.68,-1,cvat_interp
311,1,1,2,1.0,603.48,556.38,643.57,649.84,-1,cvat_interp
311,2,2,2,1.0,1007.8,441.65,1042.36,520.62,-1,cvat_interp
311,3,3,2,1.0,1310.96,452.6,1361.82,534.56,-1,cvat_interp
311,5,5,2,1.0,1402.84,469.07,1445.87,558.04,-1,cvat_interp
311,6,6,1,1.0,1483.98,380.29,1519.43,446.37,-1,cvat_interp
311,7,7,2,1.0,1122.44,324.12,1157.3,385.89,-1,cvat_interp
311,8,8,2,1.0,482.15,273.9,506.25,326.93,-1,cvat_interp
311,10,10,2,1.0,886.42,434.6,941.18,512.77,-1,cvat_interp
311,11,11,3,1.0,457.81,506.0,497.89,596.1,-1,cvat_interp
311,13,13,0,1.0,1048.67,505.63,1059.83,516.19,-1,cvat_interp
311,15,15,2,1.0,607.03,615.83,654.84,722.43,-1,cvat_interp
312,0,0,2,1.0,1089.78,686.5,1146.58,794.4,-1,cvat_interp
312,1,1,2,1.0,600.77,556.03,641.64,649.49,-1,cvat_interp
312,2,2,2,1.0,1008.82,441.65,1043.37,520.62,-1,cvat_interp
312,3,3,2,1.0,1305.4,451.9,1357.83,533.86,-1,cvat_interp
312,5,5,2,1.0,1400.81,469.15,1443.83,558.12,-1,cvat_interp
312,6,6,1,1.0,1483.07,380.41,1518.53,446.48,-1,cvat_interp
312,7,7,2,1.0,1122.24,324.06,1157.26,386.15,-1,cvat_interp
312,8,8,2,1.0,481.26,273.95,505.36,327.46,-1,cvat_interp
312,10,10,2,1.0,894.84,435.18,948.66,513.35,-1,cvat_interp
312,11,11,3,1.0,458.17,506.0,498.25,596.1,-1,cvat_interp
312,13,13,0,1.0,1056.63,503.68,1067.79,514.25,-1,cvat_keyframe
312,15,15,2,1.0,602.65,616.13,652.61,722.73,-1,cvat_interp
313,0,0,2,1.0,1090.06,686.22,1146.86,794.12,-1,cvat_interp
313,1,1,2,1.0,598.06,555.67,639.72,649.13,-1,cvat_interp
313,2,2,2,1.0,1009.84,441.65,1044.39,520.62,-1,cvat_interp
313,3,3,2,1.0,1299.83,451.2,1353.84,533.16,-1,cvat_interp
313,5,5,2,1.0,1398.78,469.22,1441.8,558.19,-1,cvat_interp
313,6,6,1,1.0,1482.17,380.52,1517.62,446.59,-1,cvat_interp
313,7,7,2,1.0,1122.03,324.01,1157.22,386.41,-1,cvat_interp
313,8,8,2,1.0,480.36,274.0,504.46,327.98,-1,cvat_interp
313,10,10,2,1.0,903.26,435.76,956.14,513.93,-1,cvat_interp
313,11,11,3,1.0,458.52,506.0,498.6,596.1,-1,cvat_interp
313,13,13,0,1.0,1071.8,499.79,1082.97,510.35,-1,cvat_interp
313,15,15,2,1.0,598.27,616.43,650.38,723.02,-1,cvat_interp
314,0,0,2,1.0,1090.34,685.93,1147.14,793.83,-1,cvat_interp
314,1,1,2,1.0,595.35,555.32,637.8,648.78,-1,cvat_interp
314,2,2,2,1.0,1010.86,441.65,1045.41,520.62,-1,cvat_interp
314,3,3,2,1.0,1294.26,450.5,1349.86,532.46,-1,cvat_interp
314,5,5,2,1.0,1396.74,469.29,1439.77,558.26,-1,cvat_interp
314,6,6,1,1.0,1481.27,380.63,1516.72,446.71,-1,cvat_interp
314,7,7,2,1.0,1121.83,323.95,1157.18,386.67,-1,cvat_interp
314,8,8,2,1.0,479.47,274.05,503.57,328.51,-1,cvat_interp
314,10,10,2,1.0,911.68,436.34,963.62,514.51,-1,cvat_interp
314,11,11,3,1.0,458.87,506.0,498.95,596.1,-1,cvat_interp
314,13,13,0,1.0,1086.98,495.9,1098.14,506.46,-1,cvat_interp
314,15,15,2,1.0,593.89,616.73,648.16,723.32,-1,cvat_interp
315,0,0,2,1.0,1090.63,685.65,1147.43,793.55,-1,cvat_interp
315,1,1,2,1.0,592.64,554.97,635.88,648.42,-1,cvat_interp
315,2,2,2,1.0,1011.87,441.65,1046.42,520.62,-1,cvat_interp
315,3,3,2,1.0,1288.7,449.79,1345.87,531.75,-1,cvat_interp
315,5,5,2,1.0,1394.71,469.36,1437.73,558.33,-1,cvat_interp
315,6,6,1,1.0,1480.37,380.75,1515.82,446.82,-1,cvat_interp
315,7,7,2,1.0,1121.63,323.89,1157.14,386.93,-1,cvat_interp
315,8,8,2,1.0,478.58,274.1,502.68,329.03,-1,cvat_interp
315,10,10,2,1.0,920.1,436.92,971.1,515.09,-1,cvat_interp
315,11,11,3,1.0,459.23,506.0,499.31,596.1,-1,cvat_interp
315,13,13,0,1.0,1102.15,492.01,1113.32,502.57,-1,cvat_interp
315,15,15,2,1.0,589.52,617.03,645.93,723.62,-1,cvat_interp
316,0,0,2,1.0,1090.91,685.37,1147.71,793.27,-1,cvat_interp
316,1,1,2,1.0,589.92,554.61,633.96,648.07,-1,cvat_interp
316,2,2,2,1.0,1012.89,441.65,1047.44,520.62,-1,cvat_interp
316,3,3,2,1.0,1283.13,449.09,1341.88,531.05,-1,cvat_interp
316,5,5,2,1.0,1392.67,469.44,1435.7,558.41,-1,cvat_interp
316,6,6,1,1.0,1479.47,380.86,1514.92,446.93,-1,cvat_interp
316,7,7,2,1.0,1121.43,323.84,1157.1,387.19,-1,cvat_interp
316,8,8,2,1.0,477.68,274.15,501.78,329.56,-1,cvat_interp
316,10,10,2,1.0,928.52,437.5,978.58,515.67,-1,cvat_interp
316,11,11,3,1.0,459.58,506.0,499.66,596.1,-1,cvat_interp
316,13,13,0,1.0,1117.33,488.12,1128.49,498.68,-1,cvat_keyframe
316,15,15,2,1.0,585.14,617.33,643.7,723.91,-1,cvat_interp
317,0,0,2,1.0,1091.19,685.08,1147.99,792.98,-1,cvat_interp
317,1,1,2,1.0,587.21,554.26,632.04,647.71,-1,cvat_interp
317,2,2,2,1.0,1013.91,441.65,1048.46,520.62,-1,cvat_interp
317,3,3,2,1.0,1277.57,448.39,1337.89,530.35,-1,cvat_interp
317,5,5,2,1.0,1390.64,469.51,1433.66,558.48,-1,cvat_interp
317,6,6,1,1.0,1478.56,380.97,1514.02,447.04,-1,cvat_interp
317,7,7,2,1.0,1121.22,323.78,1157.06,387.45,-1,cvat_interp
317,8,8,2,1.0,476.79,274.2,500.89,330.08,-1,cvat_interp
317,10,10,2,1.0,936.94,438.08,986.06,516.26,-1,cvat_interp
317,11,11,3,1.0,459.93,506.0,500.01,596.1,-1,cvat_interp
317,13,13,0,1.0,1130.7,486.63,1141.87,497.2,-1,cvat_interp
317,15,15,2,1.0,580.76,617.63,641.48,724.21,-1,cvat_interp
318,0,0,2,1.0,1091.48,684.8,1148.28,792.7,-1,cvat_interp
318,1,1,2,1.0,584.5,553.91,630.12,647.36,-1,cvat_interp
318,2,2,2,1.0,1014.92,441.65,1049.47,520.62,-1,cvat_interp
318,3,3,2,1.0,1272.0,447.69,1333.91,529.65,-1,cvat_interp
318,5,5,2,1.0,1388.61,469.58,1431.63,558.55,-1,cvat_interp
318,6,6,1,1.0,1477.66,381.08,1513.11,447.16,-1,cvat_interp
318,7,7,2,1.0,1121.02,323.72,1157.02,387.71,-1,cvat_interp
318,8,8,2,1.0,475.9,274.25,500.0,330.61,-1,cvat_interp
318,10,10,2,1.0,945.36,438.66,993.54,516.84,-1,cvat_interp
318,11,11,3,1.0,460.29,506.0,500.37,596.1,-1,cvat_interp
318,13,13,0,1.0,1144.07,485.15,1155.24,495.71,-1,cvat_interp
318,15,15,2,1.0,576.38,617.93,639.25,724.5,-1,cvat_interp
319,0,0,2,1.0,1091.76,684.52,1148.56,792.42,-1,cvat_interp
319,1,1,2,1.0,581.79,553.55,628.2,647.0,-1,cvat_keyframe
319,2,2,2,1.0,1015.94,441.65,1050.49,520.62,-1,cvat_interp
319,3,3,2,1.0,1266.44,446.99,1329.92,528.95,-1,cvat_interp
319,5,5,2,1.0,1386.57,469.65,1429.6,558.62,-1,cvat_interp
319,6,6,1,1.0,1476.76,381.2,1512.21,447.27,-1,cvat_interp
319,7,7,2,1.0,1120.82,323.67,1156.98,387.97,-1,cvat_interp
319,8,8,2,1.0,475.01,274.3,499.11,331.13,-1,cvat_interp
319,10,10,2,1.0,953.78,439.25,1001.02,517.42,-1,cvat_interp
319,11,11,3,1.0,460.64,506.0,500.72,596.1,-1,cvat_interp
319,13,13,0,1.0,1157.45,483.66,1168.61,494.23,-1,cvat_interp
319,15,15,2,1.0,572.0,618.23,637.03,724.8,-1,cvat_keyframe
320,0,0,2,1.0,1092.04,684.23,1148.84,792.13,-1,cvat_interp
320,1,1,2,1.0,579.08,553.2,618.37,646.66,-1,cvat_keyframe
320,2,2,2,1.0,1016.96,441.65,1051.51,520.62,-1,cvat_keyframe
320,3,3,2,1.0,1260.87,446.29,1325.93,528.25,-1,cvat_keyframe
320,5,5,2,1.0,1384.54,469.73,1427.56,558.7,-1,cvat_keyframe
320,6,6,1,1.0,1475.86,381.31,1511.31,447.38,-1,cvat_keyframe
320,7,7,2,1.0,1120.62,323.61,1156.94,388.24,-1,cvat_interp
320,8,8,2,1.0,474.11,274.35,498.21,331.66,-1,cvat_keyframe
320,10,10,2,1.0,962.2,439.83,1008.5,518.0,-1,cvat_keyframe
320,11,11,3,1.0,461.0,506.0,501.08,596.1,-1,cvat_keyframe
320,13,13,0,1.0,1170.82,482.18,1181.98,492.74,-1,cvat_keyframe
320,15,15,2,1.0,577.18,618.53,634.8,725.14,-1,cvat_keyframe
321,0,0,2,1.0,1092.33,683.95,1149.13,791.85,-1,cvat_interp
321,1,1,2,1.0,576.84,552.34,616.13,645.8,-1,cvat_interp
321,2,2,2,1.0,1016.25,441.17,1050.8,520.14,-1,cvat_interp
321,3,3,2,1.0,1260.32,445.85,1320.65,527.81,-1,cvat_interp
321,5,5,2,1.0,1383.94,469.81,1426.97,558.78,-1,cvat_interp
321,6,6,1,1.0,1474.03,381.31,1510.64,447.38,-1,cvat_interp
321,7,7,2,1.0,1120.41,323.55,1156.9,388.5,-1,cvat_interp
321,8,8,2,1.0,472.85,274.55,496.95,331.86,-1,cvat_interp
321,10,10,2,1.0,964.0,439.63,1009.75,517.81,-1,cvat_interp
321,11,11,3,1.0,461.06,504.92,501.14,595.02,-1,cvat_interp
321,13,13,0,1.0,1181.19,479.98,1192.35,490.54,-1,cvat_interp
321,15,15,2,1.0,576.64,618.17,632.22,724.78,-1,cvat_interp
322,0,0,2,1.0,1092.61,683.67,1149.41,791.57,-1,cvat_interp
322,1,1,2,1.0,574.61,551.48,613.9,644.94,-1,cvat_interp
322,2,2,2,1.0,1015.54,440.68,1050.09,519.65,-1,cvat_interp
322,3,3,2,1.0,1259.77,445.41,1315.36,527.37,-1,cvat_interp
322,5,5,2,1.0,1383.34,469.9,1426.37,558.87,-1,cvat_interp
322,6,6,1,1.0,1472.21,381.31,1509.97,447.38,-1,cvat_interp
322,7,7,2,1.0,1120.21,323.5,1156.86,388.76,-1,cvat_interp
322,8,8,2,1.0,471.59,274.75,495.69,332.06,-1,cvat_interp
322,10,10,2,1.0,965.8,439.44,1011.0,517.61,-1,cvat_interp
322,11,11,3,1.0,461.12,503.84,501.2,593.94,-1,cvat_interp
322,13,13,0,1.0,1191.56,477.77,1202.72,488.33,-1,cvat_interp
322,15,15,2,1.0,576.1,617.81,629.64,724.42,-1,cvat_interp
323,0,0,2,1.0,1092.89,683.38,1149.69,791.28,-1,cvat_interp
323,1,1,2,1.0,572.37,550.62,611.66,644.08,-1,cvat_interp
323,2,2,2,1.0,1014.83,440.19,1049.38,519.17,-1,cvat_interp
323,3,3,2,1.0,1259.22,444.97,1310.08,526.93,-1,cvat_interp
323,5,5,2,1.0,1382.74,469.98,1425.77,558.95,-1,cvat_interp
323,6,6,1,1.0,1470.39,381.31,1509.29,447.38,-1,cvat_interp
323,7,7,2,1.0,1120.01,323.44,1156.82,389.02,-1,cvat_interp
323,8,8,2,1.0,470.33,274.95,494.43,332.26,-1,cvat_interp
323,10,10,2,1.0,967.6,439.25,1012.25,517.42,-1,cvat_interp
323,11,11,3,1.0,461.19,502.76,501.27,592.87,-1,cvat_interp
323,13,13,0,1.0,1201.92,475.57,1213.09,486.13,-1,cvat_interp
323,15,15,2,1.0,575.56,617.45,627.06,724.06,-1,cvat_interp
324,0,0,2,1.0,1093.18,683.1,1149.97,791.0,-1,cvat_interp
324,1,1,2,1.0,570.14,549.76,609.43,643.22,-1,cvat_interp
324,2,2,2,1.0,1014.12,439.71,1048.67,518.68,-1,cvat_interp
324,3,3,2,1.0,1258.67,444.52,1304.8,526.49,-1,cvat_interp
324,5,5,2,1.0,1382.15,470.07,1425.17,559.04,-1,cvat_interp
324,6,6,1,1.0,1468.57,381.31,1508.62,447.38,-1,cvat_interp
324,7,7,2,1.0,1119.81,323.38,1156.78,389.28,-1,cvat_interp
324,8,8,2,1.0,469.06,275.15,493.16,332.46,-1,cvat_interp
324,10,10,2,1.0,969.4,439.06,1013.5,517.23,-1,cvat_interp
324,11,11,3,1.0,461.25,501.68,501.33,591.79,-1,cvat_interp
324,13,13,0,1.0,1212.29,473.36,1223.46,483.93,-1,cvat_interp
324,15,15,2,1.0,575.03,617.09,624.48,723.7,-1,cvat_interp
325,0,0,2,1.0,1093.46,682.82,1150.26,790.72,-1,cvat_interp
325,1,1,2,1.0,567.9,548.9,607.19,642.36,-1,cvat_interp
325,2,2,2,1.0,1013.41,439.22,1047.96,518.2,-1,cvat_interp
325,3,3,2,1.0,1258.12,444.08,1299.51,526.04,-1,cvat_interp
325,5,5,2,1.0,1381.55,470.15,1424.57,559.12,-1,cvat_interp
325,6,6,1,1.0,1466.74,381.31,1507.95,447.38,-1,cvat_interp
325,7,7,2,1.0,1119.6,323.33,1156.74,389.54,-1,cvat_interp
325,8,8,2,1.0,467.8,275.35,491.9,332.66,-1,cvat_interp
325,10,10,2,1.0,971.2,438.87,1014.74,517.04,-1,cvat_interp
325,11,11,3,1.0,461.31,500.61,501.39,590.71,-1,cvat_interp
325,13,13,0,1.0,1222.66,471.16,1233.83,481.72,-1,cvat_interp
325,15,15,2,1.0,574.49,616.73,621.9,723.34,-1,cvat_interp
326,0,0,2,1.0,1093.74,682.54,1150.54,790.44,-1,cvat_interp
326,1,1,2,1.0,565.67,548.04,604.96,641.5,-1,cvat_interp
326,2,2,2,1.0,1012.7,438.74,1047.25,517.71,-1,cvat_interp
326,3,3,2,1.0,1257.57,443.64,1294.23,525.6,-1,cvat_interp
326,5,5,2,1.0,1380.95,470.24,1423.97,559.21,-1,cvat_interp
326,6,6,1,1.0,1464.92,381.31,1507.28,447.38,-1,cvat_interp
326,7,7,2,1.0,1119.4,323.27,1156.7,389.8,-1,cvat_keyframe
326,8,8,2,1.0,466.54,275.54,490.64,332.86,-1,cvat_interp
326,10,10,2,1.0,973.0,438.67,1015.99,516.85,-1,cvat_keyframe
326,11,11,3,1.0,461.38,499.53,501.46,589.63,-1,cvat_interp
326,13,13,0,1.0,1233.03,468.96,1244.19,479.52,-1,cvat_keyframe
326,15,15,2,1.0,573.95,616.37,619.32,722.98,-1,cvat_interp
327,0,0,2,1.0,1094.02,682.25,1150.82,790.15,-1,cvat_keyframe
327,1,1,2,1.0,563.43,547.18,602.72,640.64,-1,cvat_keyframe
327,2,2,2,1.0,1011.99,438.25,1046.54,517.22,-1,cvat_interp
327,3,3,2,1.0,1257.01,443.2,1288.94,525.16,-1,cvat_keyframe
327,5,5,2,1.0,1380.35,470.32,1423.37,559.3,-1,cvat_interp
327,6,6,1,1.0,1463.1,381.31,1506.6,447.38,-1,cvat_keyframe
327,7,7,2,1.0,1119.2,323.22,1155.85,389.26,-1,cvat_interp
327,8,8,2,1.0,465.28,275.74,489.38,333.05,-1,cvat_keyframe
327,10,10,2,1.0,970.94,438.48,1017.24,516.65,-1,cvat_keyframe
327,11,11,3,1.0,461.44,498.45,501.52,588.55,-1,cvat_keyframe
327,13,13,0,1.0,1236.77,466.75,1247.93,477.32,-1,cvat_keyframe
327,15,15,2,1.0,573.41,616.01,616.74,722.62,-1,cvat_interp
328,0,0,2,1.0,1095.42,682.6,1152.22,790.5,-1,cvat_interp
328,1,1,2,1.0,559.63,547.05,598.92,640.51,-1,cvat_interp
328,2,2,2,1.0,1011.28,437.77,1045.83,516.74,-1,cvat_interp
328,3,3,2,1.0,1253.61,442.58,1287.5,522.74,-1,cvat_interp
328,5,5,2,1.0,1379.75,470.41,1422.78,559.38,-1,cvat_interp
328,6,6,1,1.0,1462.5,380.91,1505.17,447.08,-1,cvat_interp
328,7,7,2,1.0,1119.0,323.16,1155.01,388.71,-1,cvat_interp
328,8,8,2,1.0,464.35,275.74,489.38,333.05,-1,cvat_interp
328,10,10,2,1.0,973.81,437.5,1016.71,515.67,-1,cvat_interp
328,11,11,3,1.0,462.39,498.45,502.47,588.55,-1,cvat_interp
328,13,13,0,1.0,1246.0,465.03,1257.16,475.6,-1,cvat_interp
328,15,15,2,1.0,572.88,615.65,614.16,722.26,-1,cvat_interp
329,0,0,2,1.0,1096.82,682.95,1153.62,790.85,-1,cvat_interp
329,1,1,2,1.0,555.83,546.91,595.12,640.37,-1,cvat_interp
329,2,2,2,1.0,1010.57,437.28,1045.12,516.25,-1,cvat_interp
329,3,3,2,1.0,1250.2,441.96,1286.06,520.32,-1,cvat_interp
329,5,5,2,1.0,1379.15,470.5,1422.18,559.47,-1,cvat_interp
329,6,6,1,1.0,1461.9,380.51,1503.74,446.78,-1,cvat_interp
329,7,7,2,1.0,1118.8,323.1,1154.16,388.17,-1,cvat_interp
329,8,8,2,1.0,463.43,275.74,489.38,333.05,-1,cvat_interp
329,10,10,2,1.0,976.68,436.51,1016.19,514.68,-1,cvat_interp
329,11,11,3,1.0,463.34,498.45,503.42,588.55,-1,cvat_interp
329,13,13,0,1.0,1255.23,463.32,1266.39,473.88,-1,cvat_interp
329,15,15,2,1.0,572.34,615.29,611.58,721.9,-1,cvat_interp
330,0,0,2,1.0,1098.22,683.3,1155.01,791.2,-1,cvat_interp
330,1,1,2,1.0,552.03,546.78,591.32,640.24,-1,cvat_interp
330,2,2,2,1.0,1009.86,436.79,1044.41,515.77,-1,cvat_interp
330,3,3,2,1.0,1246.79,441.34,1284.62,517.9,-1,cvat_interp
330,5,5,2,1.0,1378.55,470.58,1421.58,559.55,-1,cvat_interp
330,6,6,1,1.0,1461.3,380.11,1502.31,446.48,-1,cvat_interp
330,7,7,2,1.0,1118.59,323.05,1153.32,387.62,-1,cvat_interp
330,8,8,2,1.0,462.5,275.74,489.38,333.05,-1,cvat_keyframe
330,10,10,2,1.0,979.56,435.52,1015.66,513.7,-1,cvat_interp
330,11,11,3,1.0,464.29,498.45,504.37,588.55,-1,cvat_interp
330,13,13,0,1.0,1264.45,461.6,1275.62,472.16,-1,cvat_interp
330,15,15,2,1.0,571.8,614.93,609.0,721.53,-1,cvat_keyframe
330,16,16,2,1.0,1.44,400.46,19.11,483.5,-1,cvat_keyframe
331,0,0,2,1.0,1099.61,683.65,1156.41,791.55,-1,cvat_interp
331,1,1,2,1.0,548.23,546.64,587.52,640.1,-1,cvat_interp
331,2,2,2,1.0,1009.15,436.31,1043.7,515.28,-1,cvat_interp
331,3,3,2,1.0,1243.39,440.72,1283.18,515.48,-1,cvat_interp
331,5,5,2,1.0,1377.96,470.67,1420.98,559.64,-1,cvat_interp
331,6,6,1,1.0,1460.7,379.71,1500.88,446.18,-1,cvat_interp
331,7,7,2,1.0,1118.39,322.99,1152.47,387.08,-1,cvat_interp
331,8,8,2,1.0,461.13,275.74,489.39,333.27,-1,cvat_interp
331,10,10,2,1.0,982.43,434.54,1015.13,512.71,-1,cvat_interp
331,11,11,3,1.0,465.24,498.45,505.32,588.55,-1,cvat_interp
331,13,13,0,1.0,1273.68,459.88,1284.85,470.44,-1,cvat_interp
331,15,15,2,1.0,570.95,614.8,609.13,721.4,-1,cvat_interp
331,16,16,2,1.0,1.44,400.46,21.7,483.3,-1,cvat_interp
332,0,0,2,1.0,1101.01,684.0,1157.81,791.9,-1,cvat_keyframe
332,1,1,2,1.0,544.42,546.5,583.71,639.96,-1,cvat_keyframe
332,2,2,2,1.0,1008.44,435.82,1042.99,514.8,-1,cvat_keyframe
332,3,3,2,1.0,1239.98,440.1,1281.74,513.06,-1,cvat_keyframe
332,5,5,2,1.0,1377.36,470.75,1420.38,559.72,-1,cvat_keyframe
332,6,6,1,1.0,1460.1,379.3,1499.45,445.87,-1,cvat_interp
332,7,7,2,1.0,1118.19,322.93,1151.62,386.53,-1,cvat_interp
332,8,8,2,1.0,459.77,275.74,489.39,333.48,-1,cvat_interp
332,10,10,2,1.0,985.3,433.55,1014.6,511.72,-1,cvat_keyframe
332,11,11,3,1.0,466.19,498.45,506.26,588.55,-1,cvat_keyframe
332,13,13,0,1.0,1282.91,458.16,1294.07,468.72,-1,cvat_keyframe
332,15,15,2,1.0,570.1,614.66,609.26,721.27,-1,cvat_interp
332,16,16,2,1.0,1.44,400.46,24.3,483.1,-1,cvat_interp
333,0,0,2,1.0,1100.54,683.45,1156.84,791.35,-1,cvat_interp
333,1,1,2,1.0,542.45,545.96,581.74,639.42,-1,cvat_interp
333,2,2,2,1.0,1006.66,435.5,1045.3,514.0,-1,cvat_keyframe
333,3,3,2,1.0,1239.89,438.83,1281.66,510.86,-1,cvat_interp
333,5,5,2,1.0,1377.76,471.07,1420.79,560.04,-1,cvat_interp
333,6,6,1,1.0,1459.5,378.9,1498.02,445.57,-1,cvat_interp
333,7,7,2,1.0,1117.99,322.88,1150.78,385.99,-1,cvat_interp
333,8,8,2,1.0,458.4,275.74,489.4,333.7,-1,cvat_keyframe
333,10,10,2,1.0,984.94,433.19,1015.94,511.37,-1,cvat_interp
333,11,11,3,1.0,467.41,498.21,507.49,588.31,-1,cvat_interp
333,13,13,0,1.0,1289.66,456.49,1300.82,467.06,-1,cvat_interp
333,15,15,2,1.0,569.25,614.53,609.39,721.14,-1,cvat_interp
333,16,16,2,1.0,1.44,400.46,26.9,482.9,-1,cvat_keyframe
334,0,0,2,1.0,1100.08,682.91,1155.86,790.81,-1,cvat_interp
334,1,1,2,1.0,540.47,545.41,579.76,638.87,-1,cvat_interp
334,2,2,2,1.0,1005.35,434.76,1041.87,513.64,-1,cvat_interp
334,3,3,2,1.0,1239.81,437.55,1281.57,508.67,-1,cvat_interp
334,5,5,2,1.0,1378.17,471.39,1421.19,560.36,-1,cvat_interp
334,6,6,1,1.0,1458.9,378.5,1496.59,445.27,-1,cvat_interp
334,7,7,2,1.0,1117.78,322.82,1149.93,385.44,-1,cvat_interp
334,8,8,2,1.0,457.03,275.74,487.44,333.61,-1,cvat_interp
334,10,10,2,1.0,984.57,432.83,1017.27,511.01,-1,cvat_interp
334,11,11,3,1.0,468.63,497.96,508.71,588.06,-1,cvat_interp
334,13,13,0,1.0,1296.41,454.83,1307.57,465.39,-1,cvat_interp
334,15,15,2,1.0,568.41,614.4,609.52,721.01,-1,cvat_interp
334,16,16,2,1.0,1.44,400.46,27.84,482.99,-1,cvat_interp
335,0,0,2,1.0,1099.61,682.37,1154.89,790.27,-1,cvat_interp
335,1,1,2,1.0,538.5,544.87,577.79,638.33,-1,cvat_interp
335,2,2,2,1.0,1004.03,434.03,1038.44,513.29,-1,cvat_interp
335,3,3,2,1.0,1239.72,436.28,1281.49,506.47,-1,cvat_interp
335,5,5,2,1.0,1378.57,471.71,1421.59,560.68,-1,cvat_interp
335,6,6,1,1.0,1458.3,378.1,1495.16,444.97,-1,cvat_interp
335,7,7,2,1.0,1117.58,322.76,1149.08,384.9,-1,cvat_interp
335,8,8,2,1.0,455.66,275.74,485.49,333.52,-1,cvat_interp
335,10,10,2,1.0,984.21,432.48,1018.61,510.65,-1,cvat_interp
335,11,11,3,1.0,469.86,497.72,509.94,587.82,-1,cvat_interp
335,13,13,0,1.0,1303.16,453.16,1314.32,463.73,-1,cvat_interp
335,15,15,2,1.0,567.56,614.27,609.65,720.88,-1,cvat_interp
335,16,16,2,1.0,1.44,400.46,28.79,483.07,-1,cvat_interp
336,0,0,2,1.0,1099.15,681.82,1153.92,789.72,-1,cvat_interp
336,1,1,2,1.0,536.52,544.32,575.81,637.79,-1,cvat_interp
336,2,2,2,1.0,1002.71,433.29,1035.01,512.93,-1,cvat_interp
336,3,3,2,1.0,1239.64,435.0,1281.4,504.28,-1,cvat_interp
336,5,5,2,1.0,1378.97,472.03,1422.0,561.0,-1,cvat_interp
336,6,6,1,1.0,1457.7,377.7,1493.72,444.67,-1,cvat_interp
336,7,7,2,1.0,1117.38,322.71,1148.24,384.36,-1,cvat_interp
336,8,8,2,1.0,454.3,275.74,483.53,333.42,-1,cvat_interp
336,10,10,2,1.0,983.84,432.12,1019.95,510.29,-1,cvat_interp
336,11,11,3,1.0,471.08,497.47,511.16,587.57,-1,cvat_interp
336,13,13,0,1.0,1309.9,451.5,1321.07,462.06,-1,cvat_interp
336,15,15,2,1.0,566.71,614.14,609.78,720.75,-1,cvat_interp
336,16,16,2,1.0,1.44,400.46,29.73,483.16,-1,cvat_interp
337,0,0,2,1.0,1098.68,681.28,1152.94,789.18,-1,cvat_interp
337,1,1,2,1.0,534.55,543.78,573.84,637.24,-1,cvat_interp
337,2,2,2,1.0,1001.39,432.55,1031.58,512.57,-1,cvat_interp
337,3,3,2,1.0,1239.55,433.73,1281.32,502.08,-1,cvat_interp
337,5,5,2,1.0,1379.38,472.35,1422.4,561.32,-1,cvat_interp
337,6,6,1,1.0,1457.1,377.3,1492.29,444.37,-1,cvat_interp
337,7,7,2,1.0,1117.18,322.65,1147.39,383.81,-1,cvat_interp
337,8,8,2,1.0,452.93,275.74,481.58,333.33,-1,cvat_interp
337,10,10,2,1.0,983.48,431.76,1021.29,509.93,-1,cvat_interp
337,11,11,3,1.0,472.31,497.23,512.38,587.33,-1,cvat_interp
337,13,13,0,1.0,1316.65,449.84,1327.82,460.4,-1,cvat_interp
337,15,15,2,1.0,565.86,614.01,609.91,720.62,-1,cvat_interp
337,16,16,2,1.0,1.44,400.46,30.67,483.24,-1,cvat_interp
338,0,0,2,1.0,1098.21,680.74,1151.97,788.64,-1,cvat_interp
338,1,1,2,1.0,532.57,543.24,571.86,636.7,-1,cvat_interp
338,2,2,2,1.0,1000.07,431.82,1028.15,512.21,-1,cvat_interp
338,3,3,2,1.0,1239.47,432.45,1281.23,499.89,-1,cvat_interp
338,5,5,2,1.0,1379.78,472.67,1422.8,561.64,-1,cvat_interp
338,6,6,1,1.0,1456.5,376.9,1490.86,444.06,-1,cvat_keyframe
338,7,7,2,1.0,1116.97,322.59,1146.55,383.27,-1,cvat_interp
338,8,8,2,1.0,451.56,275.74,479.62,333.24,-1,cvat_interp
338,10,10,2,1.0,983.12,431.4,1022.62,509.58,-1,cvat_interp
338,11,11,3,1.0,473.53,496.98,513.61,587.08,-1,cvat_interp
338,13,13,0,1.0,1323.4,448.17,1334.57,458.73,-1,cvat_interp
338,15,15,2,1.0,565.01,613.88,610.04,720.49,-1,cvat_interp
338,16,16,2,1.0,1.44,400.46,31.61,483.33,-1,cvat_interp
339,0,0,2,1.0,1097.75,680.19,1151.0,788.09,-1,cvat_interp
339,1,1,2,1.0,530.6,542.69,569.89,636.15,-1,cvat_interp
339,2,2,2,1.0,998.75,431.08,1024.72,511.86,-1,cvat_interp
339,3,3,2,1.0,1239.38,431.18,1281.14,497.69,-1,cvat_interp
339,5,5,2,1.0,1380.18,472.98,1423.21,561.96,-1,cvat_interp
339,6,6,1,1.0,1455.9,377.14,1489.43,443.76,-1,cvat_interp
339,7,7,2,1.0,1116.77,322.54,1145.7,382.72,-1,cvat_interp
339,8,8,2,1.0,450.2,275.74,477.66,333.15,-1,cvat_interp
339,10,10,2,1.0,982.75,431.04,1023.96,509.22,-1,cvat_interp
339,11,11,3,1.0,474.75,496.74,514.83,586.84,-1,cvat_interp
339,13,13,0,1.0,1330.15,446.51,1341.31,457.07,-1,cvat_interp
339,15,15,2,1.0,564.16,613.75,610.17,720.36,-1,cvat_interp
339,16,16,2,1.0,1.44,400.46,32.56,483.41,-1,cvat_interp
340,0,0,2,1.0,1097.28,679.65,1150.03,787.55,-1,cvat_interp
340,1,1,2,1.0,528.62,542.15,567.91,635.61,-1,cvat_keyframe
340,2,2,2,1.0,997.43,430.34,1021.29,511.5,-1,cvat_keyframe
340,3,3,2,1.0,1239.29,429.9,1281.06,495.5,-1,cvat_keyframe
340,5,5,2,1.0,1380.59,473.3,1423.61,562.27,-1,cvat_interp
340,6,6,1,1.0,1455.3,377.39,1488.0,443.46,-1,cvat_keyframe
340,7,7,2,1.0,1116.57,322.48,1144.85,382.18,-1,cvat_keyframe
340,8,8,2,1.0,448.83,275.74,475.71,333.05,-1,cvat_keyframe
340,10,10,2,1.0,982.39,430.69,1025.3,508.86,-1,cvat_keyframe
340,11,11,3,1.0,475.98,496.49,516.06,586.59,-1,cvat_keyframe
340,13,13,0,1.0,1336.9,444.84,1348.06,455.4,-1,cvat_keyframe
340,15,15,2,1.0,563.31,613.62,610.3,720.23,-1,cvat_keyframe
340,16,16,2,1.0,1.44,400.46,33.5,483.5,-1,cvat_keyframe
341,0,0,2,1.0,1096.82,679.11,1149.05,787.01,-1,cvat_interp
341,1,1,2,1.0,527.8,541.6,567.09,635.06,-1,cvat_interp
341,2,2,2,1.0,994.08,430.63,1019.01,511.57,-1,cvat_interp
341,3,3,2,1.0,1241.88,428.16,1283.33,494.26,-1,cvat_interp
341,5,5,2,1.0,1380.99,473.62,1424.02,562.59,-1,cvat_interp
341,6,6,1,1.0,1455.02,377.05,1487.72,443.12,-1,cvat_interp
341,7,7,2,1.0,1116.06,322.18,1144.35,381.88,-1,cvat_interp
341,8,8,2,1.0,447.12,275.74,474.0,333.05,-1,cvat_interp
341,10,10,2,1.0,981.89,429.81,1023.44,507.98,-1,cvat_interp
341,11,11,3,1.0,476.46,495.06,516.54,585.16,-1,cvat_interp
341,13,13,0,1.0,1342.37,443.85,1353.54,454.41,-1,cvat_interp
341,15,15,2,1.0,561.81,613.0,608.8,719.61,-1,cvat_interp
341,16,16,2,1.0,2.13,400.15,34.19,483.19,-1,cvat_interp
342,0,0,2,1.0,1096.35,678.56,1148.08,786.46,-1,cvat_interp
342,1,1,2,1.0,526.98,541.05,566.27,634.51,-1,cvat_interp
342,2,2,2,1.0,990.74,430.92,1016.73,511.64,-1,cvat_interp
342,3,3,2,1.0,1244.46,426.42,1285.61,493.01,-1,cvat_interp
342,5,5,2,1.0,1381.4,473.94,1424.42,562.91,-1,cvat_interp
342,6,6,1,1.0,1454.74,376.7,1487.44,442.78,-1,cvat_interp
342,7,7,2,1.0,1115.55,321.88,1143.84,381.58,-1,cvat_interp
342,8,8,2,1.0,445.41,275.74,472.29,333.05,-1,cvat_interp
342,10,10,2,1.0,981.38,428.93,1021.57,507.1,-1,cvat_interp
342,11,11,3,1.0,476.93,493.62,517.01,583.72,-1,cvat_interp
342,13,13,0,1.0,1347.84,442.85,1359.01,453.41,-1,cvat_interp
342,15,15,2,1.0,560.31,612.39,607.29,719.0,-1,cvat_interp
342,16,16,2,1.0,2.82,399.85,34.88,482.88,-1,cvat_interp
343,0,0,2,1.0,1095.88,678.02,1147.11,785.92,-1,cvat_interp
343,1,1,2,1.0,526.16,540.5,565.45,633.97,-1,cvat_interp
343,2,2,2,1.0,987.39,431.21,1014.45,511.71,-1,cvat_interp
343,3,3,2,1.0,1247.04,424.68,1287.88,491.77,-1,cvat_interp
343,5,5,2,1.0,1381.8,474.26,1424.82,563.23,-1,cvat_interp
343,6,6,1,1.0,1454.46,376.36,1487.16,442.43,-1,cvat_interp
343,7,7,2,1.0,1115.05,321.58,1143.33,381.28,-1,cvat_interp
343,8,8,2,1.0,443.7,275.74,470.58,333.05,-1,cvat_interp
343,10,10,2,1.0,980.88,428.05,1019.71,506.22,-1,cvat_interp
343,11,11,3,1.0,477.41,492.19,517.49,582.29,-1,cvat_interp
343,13,13,0,1.0,1353.32,441.86,1364.48,452.42,-1,cvat_interp
343,15,15,2,1.0,558.8,611.77,605.79,718.38,-1,cvat_interp
343,16,16,2,1.0,3.5,399.54,35.57,482.58,-1,cvat_interp
344,0,0,2,1.0,1095.42,677.48,1146.14,785.38,-1,cvat_interp
344,1,1,2,1.0,525.34,539.96,564.63,633.42,-1,cvat_interp
344,2,2,2,1.0,984.04,431.5,1012.18,511.79,-1,cvat_interp
344,3,3,2,1.0,1249.62,422.94,1290.16,490.53,-1,cvat_interp
344,5,5,2,1.0,1382.2,474.58,1425.23,563.55,-1,cvat_interp
344,6,6,1,1.0,1454.18,376.02,1486.88,442.09,-1,cvat_interp
344,7,7,2,1.0,1114.54,321.29,1142.82,380.98,-1,cvat_interp
344,8,8,2,1.0,441.99,275.74,468.87,333.05,-1,cvat_interp
344,10,10,2,1.0,980.38,427.17,1017.84,505.34,-1,cvat_interp
344,11,11,3,1.0,477.89,490.75,517.97,580.85,-1,cvat_interp
344,13,13,0,1.0,1358.79,440.86,1369.95,451.42,-1,cvat_interp
344,15,15,2,1.0,557.3,611.16,604.29,717.77,-1,cvat_interp
344,16,16,2,1.0,4.19,399.24,36.25,482.27,-1,cvat_interp
345,0,0,2,1.0,1094.95,676.93,1145.16,784.83,-1,cvat_interp
345,1,1,2,1.0,524.52,539.41,563.81,632.87,-1,cvat_interp
345,2,2,2,1.0,980.69,431.79,1009.9,511.86,-1,cvat_interp
345,3,3,2,1.0,1252.2,421.2,1292.43,489.28,-1,cvat_interp
345,5,5,2,1.0,1382.61,474.9,1425.63,563.87,-1,cvat_interp
345,6,6,1,1.0,1453.9,375.68,1486.6,441.75,-1,cvat_interp
345,7,7,2,1.0,1114.03,320.99,1142.31,380.68,-1,cvat_interp
345,8,8,2,1.0,440.28,275.74,467.16,333.05,-1,cvat_interp
345,10,10,2,1.0,979.87,426.29,1015.98,504.46,-1,cvat_interp
345,11,11,3,1.0,478.37,489.31,518.45,579.42,-1,cvat_interp
345,13,13,0,1.0,1364.26,439.87,1375.42,450.43,-1,cvat_interp
345,15,15,2,1.0,555.79,610.54,602.78,717.15,-1,cvat_interp
345,16,16,2,1.0,4.88,398.93,36.94,481.97,-1,cvat_interp
346,0,0,2,1.0,1094.49,676.39,1144.19,784.29,-1,cvat_interp
346,1,1,2,1.0,523.7,538.86,562.99,632.32,-1,cvat_interp
346,2,2,2,1.0,977.35,432.08,1007.62,511.93,-1,cvat_interp
346,3,3,2,1.0,1254.78,419.46,1294.71,488.04,-1,cvat_interp
346,5,5,2,1.0,1383.01,475.22,1426.04,564.19,-1,cvat_interp
346,6,6,1,1.0,1453.62,375.33,1486.32,441.41,-1,cvat_interp
346,7,7,2,1.0,1113.52,320.69,1141.8,380.38,-1,cvat_interp
346,8,8,2,1.0,438.58,275.74,465.46,333.05,-1,cvat_interp
346,10,10,2,1.0,979.37,425.41,1014.11,503.58,-1,cvat_interp
346,11,11,3,1.0,478.85,487.88,518.93,577.98,-1,cvat_interp
346,13,13,0,1.0,1369.73,438.87,1380.9,449.43,-1,cvat_interp
346,15,15,2,1.0,554.29,609.93,601.28,716.54,-1,cvat_interp
346,16,16,2,1.0,5.57,398.62,37.63,481.66,-1,cvat_interp
347,0,0,2,1.0,1094.02,675.84,1143.22,783.74,-1,cvat_interp
347,1,1,2,1.0,522.88,538.32,562.17,631.78,-1,cvat_interp
347,2,2,2,1.0,974.0,432.37,1005.34,512.0,-1,cvat_interp
347,3,3,2,1.0,1257.36,417.72,1296.98,486.8,-1,cvat_interp
347,5,5,2,1.0,1383.42,475.54,1426.44,564.51,-1,cvat_interp
347,6,6,1,1.0,1453.34,374.99,1486.04,441.06,-1,cvat_interp
347,7,7,2,1.0,1113.01,320.39,1141.3,380.09,-1,cvat_interp
347,8,8,2,1.0,436.87,275.74,463.75,333.05,-1,cvat_interp
347,10,10,2,1.0,978.87,424.53,1012.25,502.7,-1,cvat_interp
347,11,11,3,1.0,479.33,486.44,519.41,576.55,-1,cvat_interp
347,13,13,0,1.0,1375.2,437.88,1386.37,448.44,-1,cvat_interp
347,15,15,2,1.0,552.79,609.31,599.77,715.92,-1,cvat_interp
347,16,16,2,1.0,6.26,398.32,38.32,481.35,-1,cvat_interp
348,0,0,2,1.0,1093.55,675.3,1142.25,783.2,-1,cvat_interp
348,1,1,2,1.0,522.06,537.77,561.35,631.23,-1,cvat_interp
348,2,2,2,1.0,970.65,432.66,1003.06,512.07,-1,cvat_interp
348,3,3,2,1.0,1259.94,415.98,1299.26,485.55,-1,cvat_interp
348,5,5,2,1.0,1383.82,475.85,1426.84,564.83,-1,cvat_interp
348,6,6,1,1.0,1453.06,374.65,1485.76,440.72,-1,cvat_interp
348,7,7,2,1.0,1112.5,320.09,1140.79,379.79,-1,cvat_interp
348,8,8,2,1.0,435.16,275.74,462.04,333.05,-1,cvat_interp
348,10,10,2,1.0,978.36,423.65,1010.39,501.82,-1,cvat_interp
348,11,11,3,1.0,479.81,485.01,519.88,575.11,-1,cvat_interp
348,13,13,0,1.0,1380.68,436.88,1391.84,447.44,-1,cvat_interp
348,15,15,2,1.0,551.28,608.7,598.27,715.31,-1,cvat_interp
348,16,16,2,1.0,6.95,398.01,39.01,481.05,-1,cvat_interp
349,0,0,2,1.0,1093.09,674.76,1141.27,782.66,-1,cvat_interp
349,1,1,2,1.0,521.24,537.22,560.53,630.68,-1,cvat_interp
349,2,2,2,1.0,967.3,432.95,1000.78,512.14,-1,cvat_interp
349,3,3,2,1.0,1262.52,414.24,1301.53,484.31,-1,cvat_interp
349,5,5,2,1.0,1384.22,476.17,1427.25,565.14,-1,cvat_interp
349,6,6,1,1.0,1452.78,374.3,1485.48,440.38,-1,cvat_interp
349,7,7,2,1.0,1112.0,319.79,1140.28,379.49,-1,cvat_interp
349,8,8,2,1.0,433.45,275.74,460.33,333.05,-1,cvat_interp
349,10,10,2,1.0,977.86,422.76,1008.52,500.94,-1,cvat_interp
349,11,11,3,1.0,480.28,483.57,520.36,573.68,-1,cvat_interp
349,13,13,0,1.0,1386.15,435.89,1397.31,446.45,-1,cvat_interp
349,15,15,2,1.0,549.78,608.08,596.77,714.69,-1,cvat_interp
349,16,16,2,1.0,7.64,397.71,39.7,480.74,-1,cvat_interp
350,0,0,2,1.0,1092.62,674.21,1140.3,782.11,-1,cvat_keyframe
350,1,1,2,1.0,520.42,536.68,559.71,630.14,-1,cvat_keyframe
350,2,2,2,1.0,963.95,433.24,998.5,512.21,-1,cvat_keyframe
350,3,3,2,1.0,1265.1,412.5,1303.81,483.07,-1,cvat_keyframe
350,5,5,2,1.0,1384.63,476.49,1427.65,565.46,-1,cvat_keyframe
350,6,6,1,1.0,1452.5,373.96,1485.2,440.03,-1,cvat_keyframe
350,7,7,2,1.0,1111.49,319.49,1139.77,379.19,-1,cvat_keyframe
350,8,8,2,1.0,431.74,275.74,458.62,333.05,-1,cvat_keyframe
350,10,10,2,1.0,977.36,421.88,1006.66,500.06,-1,cvat_keyframe
350,11,11,3,1.0,480.76,482.14,520.84,572.24,-1,cvat_keyframe
350,13,13,0,1.0,1391.62,434.89,1402.78,445.46,-1,cvat_keyframe
350,15,15,2,1.0,548.28,607.47,595.26,714.08,-1,cvat_keyframe
350,16,16,2,1.0,8.33,397.4,40.39,480.43,-1,cvat_keyframe
350,17,17,2,1.0,1865.8,783.0,1920.0,906.37,-1,cvat_keyframe
351,0,0,2,1.0,1092.62,674.0,1140.3,781.9,-1,cvat_interp
351,1,1,2,1.0,520.02,536.03,559.31,629.49,-1,cvat_interp
351,2,2,2,1.0,961.84,432.79,996.39,511.77,-1,cvat_interp
351,3,3,2,1.0,1268.73,411.1,1307.77,481.66,-1,cvat_interp
351,5,5,2,1.0,1384.82,476.42,1429.51,565.95,-1,cvat_interp
351,6,6,1,1.0,1450.53,373.89,1484.79,440.43,-1,cvat_interp
351,7,7,2,1.0,1110.9,319.37,1139.18,379.06,-1,cvat_interp
351,8,8,2,1.0,430.85,275.68,457.73,332.99,-1,cvat_interp
351,10,10,2,1.0,975.5,421.26,1005.6,499.43,-1,cvat_interp
351,11,11,3,1.0,481.82,481.08,521.89,571.19,-1,cvat_interp
351,13,13,0,1.0,1396.28,433.62,1407.45,444.19,-1,cvat_interp
351,15,15,2,1.0,547.26,607.58,594.24,714.19,-1,cvat_interp
351,16,16,2,1.0,9.28,396.84,41.34,479.88,-1,cvat_interp
351,17,17,2,1.0,1862.3,782.54,1920.0,905.91,-1,cvat_interp
352,0,0,2,1.0,1092.62,673.79,1140.3,781.69,-1,cvat_interp
352,1,1,2,1.0,519.61,535.38,558.9,628.84,-1,cvat_interp
352,2,2,2,1.0,959.72,432.34,994.27,511.32,-1,cvat_interp
352,3,3,2,1.0,1272.36,409.69,1311.73,480.26,-1,cvat_interp
352,5,5,2,1.0,1385.02,476.35,1431.36,566.44,-1,cvat_interp
352,6,6,1,1.0,1448.56,373.82,1484.39,440.84,-1,cvat_interp
352,7,7,2,1.0,1110.31,319.24,1138.59,378.94,-1,cvat_interp
352,8,8,2,1.0,429.95,275.61,456.83,332.92,-1,cvat_interp
352,10,10,2,1.0,973.65,420.63,1004.55,498.8,-1,cvat_interp
352,11,11,3,1.0,482.87,480.03,522.95,570.13,-1,cvat_interp
352,13,13,0,1.0,1400.94,432.35,1412.11,442.92,-1,cvat_interp
352,15,15,2,1.0,546.24,607.7,593.22,714.3,-1,cvat_interp
352,16,16,2,1.0,10.23,396.29,42.3,479.32,-1,cvat_interp
352,17,17,2,1.0,1858.8,782.08,1920.0,905.46,-1,cvat_interp
353,0,0,2,1.0,1092.62,673.58,1140.3,781.48,-1,cvat_interp
353,1,1,2,1.0,519.21,534.73,558.5,628.19,-1,cvat_interp
353,2,2,2,1.0,957.61,431.9,992.16,510.87,-1,cvat_interp
353,3,3,2,1.0,1275.99,408.29,1315.68,478.85,-1,cvat_interp
353,5,5,2,1.0,1385.21,476.28,1433.21,566.93,-1,cvat_interp
353,6,6,1,1.0,1446.59,373.74,1483.99,441.24,-1,cvat_interp
353,7,7,2,1.0,1109.71,319.11,1138.0,378.81,-1,cvat_interp
353,8,8,2,1.0,429.06,275.54,455.94,332.85,-1,cvat_interp
353,10,10,2,1.0,971.8,420.0,1003.49,498.17,-1,cvat_interp
353,11,11,3,1.0,483.92,478.98,524.0,569.08,-1,cvat_interp
353,13,13,0,1.0,1405.61,431.08,1416.77,441.65,-1,cvat_interp
353,15,15,2,1.0,545.22,607.81,592.2,714.42,-1,cvat_interp
353,16,16,2,1.0,11.19,395.73,43.25,478.76,-1,cvat_interp
353,17,17,2,1.0,1855.3,781.61,1920.0,905.01,-1,cvat_interp
354,0,0,2,1.0,1092.62,673.37,1140.3,781.27,-1,cvat_interp
354,1,1,2,1.0,518.8,534.08,558.09,627.55,-1,cvat_interp
354,2,2,2,1.0,955.49,431.45,990.04,510.42,-1,cvat_interp
354,3,3,2,1.0,1279.62,406.88,1319.64,477.45,-1,cvat_interp
354,5,5,2,1.0,1385.41,476.21,1435.07,567.41,-1,cvat_interp
354,6,6,1,1.0,1444.62,373.67,1483.58,441.64,-1,cvat_interp
354,7,7,2,1.0,1109.12,318.99,1137.41,378.68,-1,cvat_interp
354,8,8,2,1.0,428.16,275.47,455.04,332.78,-1,cvat_interp
354,10,10,2,1.0,969.95,419.37,1002.44,497.54,-1,cvat_interp
354,11,11,3,1.0,484.98,477.93,525.05,568.03,-1,cvat_interp
354,13,13,0,1.0,1410.27,429.81,1421.43,440.38,-1,cvat_interp
354,15,15,2,1.0,544.2,607.92,591.18,714.53,-1,cvat_interp
354,16,16,2,1.0,12.14,395.17,44.21,478.21,-1,cvat_interp
354,17,17,2,1.0,1851.8,781.15,1920.0,904.55,-1,cvat_interp
355,0,0,2,1.0,1092.62,673.16,1140.3,781.06,-1,cvat_interp
355,1,1,2,1.0,518.4,533.44,557.69,626.9,-1,cvat_interp
355,2,2,2,1.0,953.38,431.0,987.93,509.97,-1,cvat_interp
355,3,3,2,1.0,1283.25,405.48,1323.6,476.04,-1,cvat_interp
355,5,5,2,1.0,1385.6,476.14,1436.92,567.9,-1,cvat_keyframe
355,6,6,1,1.0,1442.65,373.6,1483.18,442.04,-1,cvat_keyframe
355,7,7,2,1.0,1108.53,318.86,1136.82,378.56,-1,cvat_interp
355,8,8,2,1.0,427.27,275.4,454.15,332.71,-1,cvat_interp
355,10,10,2,1.0,968.1,418.74,1001.38,496.91,-1,cvat_interp
355,11,11,3,1.0,486.03,476.87,526.11,566.98,-1,cvat_interp
355,13,13,0,1.0,1414.93,428.54,1426.09,439.11,-1,cvat_interp
355,15,15,2,1.0,543.18,608.04,590.16,714.64,-1,cvat_interp
355,16,16,2,1.0,13.1,394.61,45.16,477.65,-1,cvat_interp
355,17,17,2,1.0,1848.3,780.69,1920.0,904.1,-1,cvat_keyframe
356,0,0,2,1.0,1092.62,672.95,1140.3,780.85,-1,cvat_interp
356,1,1,2,1.0,517.99,532.79,557.28,626.25,-1,cvat_interp
356,2,2,2,1.0,951.26,430.55,985.81,509.52,-1,cvat_interp
356,3,3,2,1.0,1286.88,404.07,1327.56,474.64,-1,cvat_interp
356,5,5,2,1.0,1389.11,476.06,1438.77,567.27,-1,cvat_interp
356,6,6,1,1.0,1440.68,374.47,1482.78,442.44,-1,cvat_interp
356,7,7,2,1.0,1107.94,318.73,1136.23,378.43,-1,cvat_interp
356,8,8,2,1.0,426.38,275.33,453.25,332.64,-1,cvat_interp
356,10,10,2,1.0,966.24,418.11,1000.33,496.28,-1,cvat_interp
356,11,11,3,1.0,487.08,475.82,527.16,565.92,-1,cvat_interp
356,13,13,0,1.0,1419.59,427.27,1430.76,437.84,-1,cvat_interp
356,15,15,2,1.0,542.16,608.15,589.14,714.76,-1,cvat_interp
356,16,16,2,1.0,14.05,394.06,46.11,477.09,-1,cvat_interp
356,17,17,2,1.0,1848.1,780.23,1919.7,905.1,-1,cvat_interp
357,0,0,2,1.0,1092.62,672.74,1140.3,780.64,-1,cvat_interp
357,1,1,2,1.0,517.59,532.14,556.88,625.6,-1,cvat_interp
357,2,2,2,1.0,949.14,430.1,983.69,509.07,-1,cvat_interp
357,3,3,2,1.0,1290.51,402.67,1331.52,473.23,-1,cvat_interp
357,5,5,2,1.0,1392.63,475.99,1440.63,566.64,-1,cvat_interp
357,6,6,1,1.0,1438.72,375.35,1482.38,442.84,-1,cvat_interp
357,7,7,2,1.0,1107.35,318.61,1135.63,378.3,-1,cvat_interp
357,8,8,2,1.0,425.48,275.26,452.36,332.57,-1,cvat_interp
357,10,10,2,1.0,964.39,417.48,999.28,495.66,-1,cvat_interp
357,11,11,3,1.0,488.13,474.77,528.21,564.87,-1,cvat_interp
357,13,13,0,1.0,1424.25,426.0,1435.42,436.57,-1,cvat_interp
357,15,15,2,1.0,541.13,608.26,588.12,714.87,-1,cvat_interp
357,16,16,2,1.0,15.01,393.5,47.07,476.54,-1,cvat_interp
357,17,17,2,1.0,1847.91,779.76,1919.4,906.1,-1,cvat_keyframe
358,0,0,2,1.0,1092.62,672.53,1140.3,780.43,-1,cvat_interp
358,1,1,2,1.0,517.18,531.49,556.47,624.95,-1,cvat_interp
358,2,2,2,1.0,947.03,429.65,981.58,508.62,-1,cvat_interp
358,3,3,2,1.0,1294.14,401.26,1335.48,471.83,-1,cvat_interp
358,5,5,2,1.0,1396.14,475.92,1442.48,566.01,-1,cvat_interp
358,6,6,1,1.0,1436.75,376.22,1481.97,443.24,-1,cvat_interp
358,7,7,2,1.0,1106.76,318.48,1135.04,378.18,-1,cvat_interp
358,8,8,2,1.0,424.59,275.19,451.47,332.5,-1,cvat_interp
358,10,10,2,1.0,962.54,416.85,998.22,495.03,-1,cvat_interp
358,11,11,3,1.0,489.19,473.71,529.27,563.82,-1,cvat_interp
358,13,13,0,1.0,1428.92,424.73,1440.08,435.3,-1,cvat_interp
358,15,15,2,1.0,540.11,608.38,587.1,714.98,-1,cvat_interp
358,16,16,2,1.0,15.96,392.94,48.02,475.98,-1,cvat_interp
358,17,17,2,1.0,1847.71,779.3,1913.44,904.65,-1,cvat_interp
359,0,0,2,1.0,1092.62,672.32,1140.3,780.22,-1,cvat_interp
359,1,1,2,1.0,516.78,530.84,556.07,624.3,-1,cvat_interp
359,2,2,2,1.0,944.91,429.2,979.46,508.17,-1,cvat_interp
359,3,3,2,1.0,1297.78,399.86,1339.44,470.42,-1,cvat_interp
359,5,5,2,1.0,1399.65,475.85,1444.33,565.38,-1,cvat_interp
359,6,6,1,1.0,1434.78,377.09,1481.57,443.64,-1,cvat_interp
359,7,7,2,1.0,1106.17,318.35,1134.45,378.05,-1,cvat_interp
359,8,8,2,1.0,423.69,275.12,450.57,332.43,-1,cvat_interp
359,10,10,2,1.0,960.69,416.23,997.17,494.4,-1,cvat_interp
359,11,11,3,1.0,490.24,472.66,530.32,562.76,-1,cvat_interp
359,13,13,0,1.0,1433.58,423.46,1444.74,434.03,-1,cvat_keyframe
359,15,15,2,1.0,539.09,608.49,586.08,715.1,-1,cvat_interp
359,16,16,2,1.0,16.92,392.39,48.98,475.42,-1,cvat_interp
359,17,17,2,1.0,1847.51,778.84,1907.48,903.2,-1,cvat_interp
360,0,0,2,1.0,1092.62,672.11,1140.3,780.01,-1,cvat_interp
360,1,1,2,1.0,516.37,530.2,555.66,623.66,-1,cvat_keyframe
360,2,2,2,1.0,942.8,428.75,977.35,507.72,-1,cvat_keyframe
360,3,3,2,1.0,1301.41,398.45,1343.4,469.02,-1,cvat_keyframe
360,5,5,2,1.0,1403.16,475.78,1446.19,564.75,-1,cvat_keyframe
360,6,6,1,1.0,1432.81,377.96,1481.17,444.04,-1,cvat_keyframe
360,7,7,2,1.0,1105.58,318.23,1133.86,377.92,-1,cvat_keyframe
360,8,8,2,1.0,422.8,275.06,449.68,332.37,-1,cvat_keyframe
360,10,10,2,1.0,958.83,415.6,996.11,493.77,-1,cvat_keyframe
360,11,11,3,1.0,491.29,471.61,531.37,561.71,-1,cvat_keyframe
360,13,13,0,1.0,1403.25,417.92,1414.42,428.48,-1,cvat_keyframe
360,15,15,2,1.0,538.07,608.6,585.06,715.21,-1,cvat_keyframe
360,16,16,2,1.0,17.87,391.83,49.93,474.87,-1,cvat_keyframe
360,17,17,2,1.0,1847.31,778.38,1901.51,901.74,-1,cvat_keyframe
361,0,0,2,1.0,1092.62,671.9,1140.3,779.8,-1,cvat_interp
361,1,1,2,1.0,515.99,529.4,554.23,622.15,-1,cvat_interp
361,2,2,2,1.0,942.01,428.55,976.03,507.52,-1,cvat_interp
361,3,3,2,1.0,1302.57,397.52,1344.57,467.26,-1,cvat_interp
361,5,5,2,1.0,1405.18,476.32,1448.2,565.29,-1,cvat_interp
361,6,6,1,1.0,1433.52,377.56,1479.76,443.63,-1,cvat_interp
361,7,7,2,1.0,1104.58,317.92,1133.27,377.61,-1,cvat_interp
361,8,8,2,1.0,422.65,274.7,448.92,332.01,-1,cvat_interp
361,10,10,2,1.0,956.5,415.01,993.78,493.19,-1,cvat_interp
361,11,11,3,1.0,493.42,470.97,532.53,560.38,-1,cvat_interp
361,13,13,0,1.0,1390.19,416.34,1401.35,426.9,-1,cvat_interp
361,15,15,2,1.0,538.25,607.92,584.42,714.34,-1,cvat_interp
361,16,16,2,1.0,19.78,392.32,51.39,474.2,-1,cvat_interp
361,17,17,2,1.0,1841.65,777.79,1899.27,901.16,-1,cvat_interp
362,0,0,2,1.0,1092.62,671.69,1140.3,779.59,-1,cvat_interp
362,1,1,2,1.0,515.62,528.61,552.79,620.65,-1,cvat_interp
362,2,2,2,1.0,941.22,428.34,974.72,507.32,-1,cvat_interp
362,3,3,2,1.0,1303.73,396.58,1345.73,465.5,-1,cvat_interp
362,5,5,2,1.0,1407.19,476.86,1450.22,565.84,-1,cvat_interp
362,6,6,1,1.0,1434.23,377.16,1478.35,443.23,-1,cvat_interp
362,7,7,2,1.0,1103.58,317.61,1132.69,377.3,-1,cvat_interp
362,8,8,2,1.0,422.5,274.35,448.16,331.66,-1,cvat_interp
362,10,10,2,1.0,954.17,414.43,991.45,492.6,-1,cvat_interp
362,11,11,3,1.0,495.56,470.33,533.68,559.05,-1,cvat_interp
362,13,13,0,1.0,1377.13,414.76,1388.29,425.32,-1,cvat_interp
362,15,15,2,1.0,538.42,607.24,583.79,713.46,-1,cvat_interp
362,16,16,2,1.0,21.69,392.8,52.85,473.53,-1,cvat_interp
362,17,17,2,1.0,1835.99,777.2,1897.03,900.57,-1,cvat_interp
363,0,0,2,1.0,1092.62,671.48,1140.3,779.38,-1,cvat_interp
363,1,1,2,1.0,515.24,527.81,551.35,619.14,-1,cvat_interp
363,2,2,2,1.0,940.44,428.14,973.4,507.11,-1,cvat_interp
363,3,3,2,1.0,1304.89,395.64,1346.9,463.75,-1,cvat_interp
363,5,5,2,1.0,1409.21,477.41,1452.23,566.38,-1,cvat_interp
363,6,6,1,1.0,1434.94,376.75,1476.95,442.83,-1,cvat_interp
363,7,7,2,1.0,1102.58,317.3,1132.1,376.99,-1,cvat_interp
363,8,8,2,1.0,422.35,274.0,447.4,331.31,-1,cvat_interp
363,10,10,2,1.0,951.84,413.85,989.12,492.02,-1,cvat_interp
363,11,11,3,1.0,497.69,469.7,534.83,557.72,-1,cvat_interp
363,13,13,0,1.0,1364.07,413.18,1375.23,423.75,-1,cvat_interp
363,15,15,2,1.0,538.59,606.56,583.15,712.59,-1,cvat_interp
363,16,16,2,1.0,23.6,393.29,54.3,472.87,-1,cvat_interp
363,17,17,2,1.0,1830.32,776.61,1894.79,899.98,-1,cvat_interp
364,0,0,2,1.0,1092.62,671.27,1140.3,779.17,-1,cvat_interp
364,1,1,2,1.0,514.86,527.01,549.92,617.63,-1,cvat_interp
364,2,2,2,1.0,939.65,427.94,972.09,506.91,-1,cvat_interp
364,3,3,2,1.0,1306.06,394.71,1348.07,461.99,-1,cvat_interp
364,5,5,2,1.0,1411.22,477.95,1454.25,566.92,-1,cvat_interp
364,6,6,1,1.0,1435.65,376.35,1475.54,442.42,-1,cvat_interp
364,7,7,2,1.0,1101.58,316.99,1131.52,376.68,-1,cvat_interp
364,8,8,2,1.0,422.19,273.64,446.65,330.95,-1,cvat_interp
364,10,10,2,1.0,949.51,413.27,986.79,491.44,-1,cvat_interp
364,11,11,3,1.0,499.82,469.06,535.98,556.39,-1,cvat_interp
364,13,13,0,1.0,1351.01,411.61,1362.17,422.17,-1,cvat_interp
364,15,15,2,1.0,538.77,605.88,582.52,711.71,-1,cvat_interp
364,16,16,2,1.0,25.51,393.78,55.76,472.2,-1,cvat_interp
364,17,17,2,1.0,1824.66,776.02,1892.55,899.39,-1,cvat_interp
365,0,0,2,1.0,1092.62,671.06,1140.3,778.96,-1,cvat_interp
365,1,1,2,1.0,514.49,526.22,548.48,616.13,-1,cvat_interp
365,2,2,2,1.0,938.86,427.73,970.77,506.7,-1,cvat_interp
365,3,3,2,1.0,1307.22,393.77,1349.23,460.23,-1,cvat_interp
365,5,5,2,1.0,1413.24,478.49,1456.26,567.46,-1,cvat_interp
365,6,6,1,1.0,1436.36,375.95,1474.13,442.02,-1,cvat_interp
365,7,7,2,1.0,1100.58,316.68,1130.93,376.37,-1,cvat_interp
365,8,8,2,1.0,422.04,273.29,445.89,330.6,-1,cvat_interp
365,10,10,2,1.0,947.18,412.68,984.46,490.86,-1,cvat_interp
365,11,11,3,1.0,501.95,468.42,537.14,555.06,-1,cvat_interp
365,13,13,0,1.0,1337.94,410.03,1349.11,420.59,-1,cvat_interp
365,15,15,2,1.0,538.94,605.2,581.88,710.84,-1,cvat_interp
365,16,16,2,1.0,27.42,394.27,57.22,471.53,-1,cvat_interp
365,17,17,2,1.0,1818.99,775.43,1890.31,898.8,-1,cvat_interp
366,0,0,2,1.0,1092.62,670.85,1140.3,778.75,-1,cvat_interp
366,1,1,2,1.0,514.11,525.42,547.04,614.62,-1,cvat_interp
366,2,2,2,1.0,938.08,427.53,969.46,506.5,-1,cvat_interp
366,3,3,2,1.0,1308.38,392.84,1350.4,458.47,-1,cvat_interp
366,5,5,2,1.0,1415.25,479.03,1458.28,568.0,-1,cvat_interp
366,6,6,1,1.0,1437.06,375.54,1472.73,441.62,-1,cvat_interp
366,7,7,2,1.0,1099.58,316.37,1130.34,376.06,-1,cvat_interp
366,8,8,2,1.0,421.89,272.94,445.13,330.25,-1,cvat_interp
366,10,10,2,1.0,944.85,412.1,982.13,490.27,-1,cvat_interp
366,11,11,3,1.0,504.08,467.79,538.29,553.72,-1,cvat_interp
366,13,13,0,1.0,1324.88,408.45,1336.05,419.01,-1,cvat_interp
366,15,15,2,1.0,539.11,604.52,581.25,709.96,-1,cvat_interp
366,16,16,2,1.0,29.33,394.75,58.67,470.87,-1,cvat_interp
366,17,17,2,1.0,1813.33,774.84,1888.07,898.21,-1,cvat_interp
367,0,0,2,1.0,1092.62,670.64,1140.3,778.54,-1,cvat_interp
367,1,1,2,1.0,513.73,524.63,545.61,613.12,-1,cvat_interp
367,2,2,2,1.0,937.29,427.32,968.14,506.3,-1,cvat_interp
367,3,3,2,1.0,1309.54,391.9,1351.57,456.72,-1,cvat_interp
367,5,5,2,1.0,1417.27,479.58,1460.29,568.55,-1,cvat_interp
367,6,6,1,1.0,1437.77,375.14,1471.32,441.21,-1,cvat_interp
367,7,7,2,1.0,1098.58,316.06,1129.76,375.75,-1,cvat_interp
367,8,8,2,1.0,421.74,272.58,444.37,329.89,-1,cvat_interp
367,10,10,2,1.0,942.51,411.52,979.79,489.69,-1,cvat_interp
367,11,11,3,1.0,506.21,467.15,539.44,552.39,-1,cvat_interp
367,13,13,0,1.0,1311.82,406.87,1322.99,417.44,-1,cvat_interp
367,15,15,2,1.0,539.28,603.84,580.61,709.09,-1,cvat_interp
367,16,16,2,1.0,31.24,395.24,60.13,470.2,-1,cvat_interp
367,17,17,2,1.0,1807.66,774.25,1885.82,897.62,-1,cvat_interp
368,0,0,2,1.0,1092.62,670.43,1140.3,778.33,-1,cvat_interp
368,1,1,2,1.0,513.35,523.83,544.17,611.61,-1,cvat_interp
368,2,2,2,1.0,936.5,427.12,966.83,506.09,-1,cvat_interp
368,3,3,2,1.0,1310.7,390.97,1352.73,454.96,-1,cvat_interp
368,5,5,2,1.0,1419.28,480.12,1462.3,569.09,-1,cvat_interp
368,6,6,1,1.0,1438.48,374.74,1469.91,440.81,-1,cvat_interp
368,7,7,2,1.0,1097.59,315.75,1129.17,375.44,-1,cvat_interp
368,8,8,2,1.0,421.59,272.23,443.62,329.54,-1,cvat_interp
368,10,10,2,1.0,940.18,410.93,977.46,489.11,-1,cvat_interp
368,11,11,3,1.0,508.34,466.52,540.59,551.06,-1,cvat_interp
368,13,13,0,1.0,1298.76,405.3,1309.92,415.86,-1,cvat_interp
368,15,15,2,1.0,539.46,603.16,579.97,708.21,-1,cvat_interp
368,16,16,2,1.0,33.15,395.73,61.59,469.53,-1,cvat_interp
368,17,17,2,1.0,1802.0,773.67,1883.58,897.03,-1,cvat_keyframe
369,0,0,2,1.0,1092.62,670.22,1140.3,778.12,-1,cvat_interp
369,1,1,2,1.0,512.98,523.04,542.74,610.11,-1,cvat_interp
369,2,2,2,1.0,935.72,426.92,965.51,505.89,-1,cvat_interp
369,3,3,2,1.0,1311.87,390.03,1353.9,453.2,-1,cvat_keyframe
369,5,5,2,1.0,1421.3,480.66,1464.32,569.63,-1,cvat_interp
369,6,6,1,1.0,1439.19,374.33,1468.51,440.41,-1,cvat_interp
369,7,7,2,1.0,1096.59,315.44,1128.59,375.13,-1,cvat_interp
369,8,8,2,1.0,421.44,271.88,442.86,329.19,-1,cvat_interp
369,10,10,2,1.0,937.85,410.35,975.13,488.52,-1,cvat_interp
369,11,11,3,1.0,510.47,465.88,541.75,549.73,-1,cvat_interp
369,13,13,0,1.0,1285.7,403.72,1296.86,414.28,-1,cvat_interp
369,15,15,2,1.0,539.63,602.48,579.34,707.33,-1,cvat_interp
369,16,16,2,1.0,35.06,396.21,63.04,468.87,-1,cvat_interp
369,17,17,2,1.0,1802.27,773.08,1881.34,896.44,-1,cvat_interp
370,0,0,2,1.0,1092.62,670.01,1140.3,777.91,-1,cvat_keyframe
370,1,1,2,1.0,512.6,522.24,541.3,608.6,-1,cvat_keyframe
370,2,2,2,1.0,934.93,426.71,964.2,505.68,-1,cvat_keyframe
370,3,3,2,1.0,1313.03,389.1,1355.02,445.0,-1,cvat_keyframe
370,5,5,2,1.0,1423.31,481.2,1466.33,570.17,-1,cvat_keyframe
370,6,6,1,1.0,1439.9,373.93,1467.1,440.0,-1,cvat_keyframe
370,7,7,2,1.0,1095.59,315.13,1128.0,374.82,-1,cvat_keyframe
370,8,8,2,1.0,421.29,271.53,442.1,328.84,-1,cvat_keyframe
370,10,10,2,1.0,935.52,409.77,972.8,487.94,-1,cvat_keyframe
370,11,11,3,1.0,512.6,465.24,542.9,548.4,-1,cvat_keyframe
370,13,13,0,1.0,1272.64,402.14,1283.8,412.7,-1,cvat_keyframe
370,15,15,2,1.0,539.8,601.8,578.7,706.46,-1,cvat_keyframe
370,16,16,2,1.0,36.97,396.7,64.5,468.2,-1,cvat_keyframe
370,17,17,2,1.0,1802.53,772.49,1879.1,895.85,-1,cvat_keyframe
371,0,0,2,1.0,1091.27,669.48,1138.94,777.38,-1,cvat_interp
371,1,1,2,1.0,512.02,521.74,541.16,607.71,-1,cvat_interp
371,2,2,2,1.0,934.89,426.13,963.5,505.1,-1,cvat_interp
371,3,3,2,1.0,1312.63,388.87,1356.51,445.17,-1,cvat_interp
371,5,5,2,1.0,1424.8,481.24,1467.54,570.21,-1,cvat_interp
371,6,6,1,1.0,1439.75,372.98,1466.95,439.06,-1,cvat_interp
371,7,7,2,1.0,1095.13,314.66,1128.8,375.61,-1,cvat_interp
371,8,8,2,1.0,421.44,271.58,442.26,328.89,-1,cvat_interp
371,10,10,2,1.0,932.89,409.68,969.91,487.11,-1,cvat_interp
371,11,11,3,1.0,513.79,464.51,544.09,547.66,-1,cvat_interp
371,13,13,0,1.0,1263.01,400.58,1274.18,411.14,-1,cvat_interp
371,15,15,2,1.0,539.36,601.53,578.26,706.19,-1,cvat_interp
371,16,16,2,1.0,38.84,395.7,66.37,467.2,-1,cvat_interp
371,17,17,2,1.0,1799.42,772.69,1877.45,896.06,-1,cvat_interp
372,0,0,2,1.0,1089.91,668.95,1137.59,776.85,-1,cvat_interp
372,1,1,2,1.0,511.43,521.24,541.02,606.82,-1,cvat_interp
372,2,2,2,1.0,934.85,425.54,962.8,504.51,-1,cvat_interp
372,3,3,2,1.0,1312.22,388.63,1358.0,445.34,-1,cvat_interp
372,5,5,2,1.0,1426.29,481.28,1468.74,570.25,-1,cvat_interp
372,6,6,1,1.0,1439.59,372.04,1466.79,438.11,-1,cvat_interp
372,7,7,2,1.0,1094.67,314.2,1129.6,376.4,-1,cvat_keyframe
372,8,8,2,1.0,421.6,271.63,442.42,328.94,-1,cvat_interp
372,10,10,2,1.0,930.25,409.59,967.02,486.27,-1,cvat_interp
372,11,11,3,1.0,514.98,463.77,545.28,546.93,-1,cvat_interp
372,13,13,0,1.0,1253.39,399.01,1264.55,409.57,-1,cvat_interp
372,15,15,2,1.0,538.91,601.26,577.81,705.92,-1,cvat_interp
372,16,16,2,1.0,40.7,394.69,68.24,466.19,-1,cvat_interp
372,17,17,2,1.0,1796.3,772.9,1875.8,896.27,-1,cvat_keyframe
373,0,0,2,1.0,1088.55,668.42,1136.23,776.32,-1,cvat_interp
373,1,1,2,1.0,510.85,520.74,540.88,605.93,-1,cvat_interp
373,2,2,2,1.0,934.8,424.96,962.1,503.93,-1,cvat_interp
373,3,3,2,1.0,1311.82,388.4,1359.49,445.51,-1,cvat_interp
373,5,5,2,1.0,1427.78,481.31,1469.95,570.28,-1,cvat_interp
373,6,6,1,1.0,1439.44,371.09,1466.64,437.16,-1,cvat_interp
373,7,7,2,1.0,1094.21,313.74,1127.24,375.63,-1,cvat_interp
373,8,8,2,1.0,421.76,271.68,442.57,328.99,-1,cvat_interp
373,10,10,2,1.0,927.62,409.51,964.13,485.44,-1,cvat_interp
373,11,11,3,1.0,516.16,463.04,546.46,546.19,-1,cvat_interp
373,13,13,0,1.0,1243.77,397.45,1254.93,408.01,-1,cvat_interp
373,15,15,2,1.0,538.46,601.0,577.36,705.66,-1,cvat_interp
373,16,16,2,1.0,42.57,393.69,70.11,465.19,-1,cvat_interp
373,17,17,2,1.0,1793.19,773.11,1869.85,896.48,-1,cvat_interp
374,0,0,2,1.0,1087.19,667.88,1134.87,775.78,-1,cvat_interp
374,1,1,2,1.0,510.26,520.24,540.74,605.04,-1,cvat_interp
374,2,2,2,1.0,934.76,424.37,961.4,503.34,-1,cvat_interp
374,3,3,2,1.0,1311.42,388.17,1360.97,445.68,-1,cvat_interp
374,5,5,2,1.0,1429.27,481.35,1471.15,570.32,-1,cvat_interp
374,6,6,1,1.0,1439.28,370.14,1466.48,436.21,-1,cvat_interp
374,7,7,2,1.0,1093.75,313.28,1124.88,374.85,-1,cvat_interp
374,8,8,2,1.0,421.92,271.74,442.73,329.05,-1,cvat_interp
374,10,10,2,1.0,924.98,409.42,961.24,484.6,-1,cvat_interp
374,11,11,3,1.0,517.35,462.3,547.65,545.46,-1,cvat_interp
374,13,13,0,1.0,1234.14,395.88,1245.31,406.45,-1,cvat_interp
374,15,15,2,1.0,538.02,600.73,576.92,705.39,-1,cvat_interp
374,16,16,2,1.0,44.44,392.69,71.98,464.19,-1,cvat_interp
374,17,17,2,1.0,1790.08,773.32,1863.9,896.68,-1,cvat_interp
375,0,0,2,1.0,1085.84,667.35,1133.52,775.25,-1,cvat_interp
375,1,1,2,1.0,509.68,519.74,540.6,604.15,-1,cvat_interp
375,2,2,2,1.0,934.72,423.78,960.7,502.76,-1,cvat_interp
375,3,3,2,1.0,1311.02,387.93,1362.46,445.84,-1,cvat_keyframe
375,5,5,2,1.0,1430.75,481.39,1472.36,570.36,-1,cvat_interp
375,6,6,1,1.0,1439.13,369.19,1466.33,435.27,-1,cvat_interp
375,7,7,2,1.0,1093.29,312.82,1122.51,374.08,-1,cvat_interp
375,8,8,2,1.0,422.07,271.79,442.89,329.1,-1,cvat_interp
375,10,10,2,1.0,922.35,409.33,958.35,483.77,-1,cvat_interp
375,11,11,3,1.0,518.54,461.56,548.84,544.72,-1,cvat_interp
375,13,13,0,1.0,1224.52,394.32,1235.68,404.88,-1,cvat_interp
375,15,15,2,1.0,537.57,600.46,576.47,705.12,-1,cvat_interp
375,16,16,2,1.0,46.31,391.69,73.85,463.19,-1,cvat_interp
375,17,17,2,1.0,1786.96,773.52,1857.95,896.89,-1,cvat_interp
376,0,0,2,1.0,1084.48,666.82,1132.16,774.72,-1,cvat_interp
376,1,1,2,1.0,509.09,519.23,540.46,603.26,-1,cvat_interp
376,2,2,2,1.0,934.68,423.2,960.0,502.17,-1,cvat_interp
376,3,3,2,1.0,1304.87,383.39,1358.2,441.7,-1,cvat_keyframe
376,5,5,2,1.0,1432.24,481.42,1473.56,570.39,-1,cvat_interp
376,6,6,1,1.0,1438.98,368.25,1466.18,434.32,-1,cvat_interp
376,7,7,2,1.0,1092.83,312.36,1120.15,373.3,-1,cvat_interp
376,8,8,2,1.0,422.23,271.84,443.05,329.15,-1,cvat_interp
376,10,10,2,1.0,919.72,409.25,955.46,482.94,-1,cvat_interp
376,11,11,3,1.0,519.73,460.83,550.03,543.99,-1,cvat_interp
376,13,13,0,1.0,1214.9,392.76,1226.06,403.32,-1,cvat_interp
376,15,15,2,1.0,537.12,600.19,576.02,704.85,-1,cvat_interp
376,16,16,2,1.0,48.18,390.68,75.71,462.18,-1,cvat_interp
376,17,17,2,1.0,1783.85,773.73,1852.0,897.1,-1,cvat_interp
377,0,0,2,1.0,1083.12,666.29,1130.8,774.19,-1,cvat_interp
377,1,1,2,1.0,508.51,518.73,540.32,602.37,-1,cvat_interp
377,2,2,2,1.0,934.64,422.61,959.3,501.59,-1,cvat_interp
377,3,3,2,1.0,1303.51,382.43,1354.0,440.14,-1,cvat_interp
377,5,5,2,1.0,1433.73,481.46,1474.77,570.43,-1,cvat_interp
377,6,6,1,1.0,1438.82,367.3,1466.02,433.37,-1,cvat_interp
377,7,7,2,1.0,1092.38,311.9,1117.79,372.53,-1,cvat_interp
377,8,8,2,1.0,422.39,271.89,443.2,329.2,-1,cvat_interp
377,10,10,2,1.0,917.08,409.16,952.57,482.1,-1,cvat_interp
377,11,11,3,1.0,520.92,460.09,551.22,543.25,-1,cvat_interp
377,13,13,0,1.0,1205.27,391.19,1216.44,401.75,-1,cvat_interp
377,15,15,2,1.0,536.68,599.92,575.58,704.58,-1,cvat_interp
377,16,16,2,1.0,50.05,389.68,77.58,461.18,-1,cvat_interp
377,17,17,2,1.0,1780.73,773.94,1846.05,897.31,-1,cvat_interp
378,0,0,2,1.0,1081.77,665.76,1129.45,773.66,-1,cvat_interp
378,1,1,2,1.0,507.93,518.23,540.18,601.48,-1,cvat_interp
378,2,2,2,1.0,934.6,422.03,958.6,501.0,-1,cvat_interp
378,3,3,2,1.0,1302.15,381.48,1349.81,438.59,-1,cvat_interp
378,5,5,2,1.0,1435.22,481.5,1475.97,570.47,-1,cvat_interp
378,6,6,1,1.0,1438.67,366.35,1465.87,432.42,-1,cvat_interp
378,7,7,2,1.0,1091.92,311.43,1115.43,371.76,-1,cvat_interp
378,8,8,2,1.0,422.55,271.95,443.36,329.26,-1,cvat_interp
378,10,10,2,1.0,914.45,409.07,949.68,481.27,-1,cvat_interp
378,11,11,3,1.0,522.1,459.36,552.4,542.52,-1,cvat_interp
378,13,13,0,1.0,1195.65,389.63,1206.81,400.19,-1,cvat_interp
378,15,15,2,1.0,536.23,599.66,575.13,704.32,-1,cvat_interp
378,16,16,2,1.0,51.92,388.68,79.45,460.18,-1,cvat_interp
378,17,17,2,1.0,1777.62,774.15,1840.1,897.51,-1,cvat_interp
379,0,0,2,1.0,1080.41,665.23,1128.09,773.13,-1,cvat_interp
379,1,1,2,1.0,507.34,517.73,540.04,600.59,-1,cvat_interp
379,2,2,2,1.0,934.55,421.44,957.9,500.42,-1,cvat_interp
379,3,3,2,1.0,1300.79,380.53,1345.61,437.03,-1,cvat_interp
379,5,5,2,1.0,1436.71,481.53,1477.18,570.5,-1,cvat_interp
379,6,6,1,1.0,1438.51,365.4,1465.71,431.48,-1,cvat_interp
379,7,7,2,1.0,1091.46,310.97,1113.06,370.98,-1,cvat_interp
379,8,8,2,1.0,422.71,272.0,443.52,329.31,-1,cvat_interp
379,10,10,2,1.0,911.81,408.99,946.79,480.43,-1,cvat_interp
379,11,11,3,1.0,523.29,458.62,553.59,541.78,-1,cvat_interp
379,13,13,0,1.0,1186.02,388.06,1197.19,398.62,-1,cvat_interp
379,15,15,2,1.0,535.78,599.39,574.68,704.05,-1,cvat_interp
379,16,16,2,1.0,53.79,387.67,81.32,459.17,-1,cvat_interp
379,17,17,2,1.0,1774.5,774.35,1834.15,897.72,-1,cvat_interp
380,0,0,2,1.0,1079.05,664.7,1126.73,772.6,-1,cvat_keyframe
380,1,1,2,1.0,506.76,517.23,539.9,599.7,-1,cvat_keyframe
380,2,2,2,1.0,934.51,420.86,957.2,499.83,-1,cvat_keyframe
380,3,3,2,1.0,1299.43,379.58,1341.42,435.48,-1,cvat_keyframe
380,5,5,2,1.0,1438.2,481.57,1478.38,570.54,-1,cvat_keyframe
380,6,6,1,1.0,1438.36,364.46,1465.56,430.53,-1,cvat_keyframe
380,7,7,2,1.0,1091.0,310.51,1110.7,370.21,-1,cvat_keyframe
380,8,8,2,1.0,422.86,272.05,443.68,329.36,-1,cvat_interp
380,10,10,2,1.0,909.18,408.9,943.9,479.6,-1,cvat_keyframe
380,11,11,3,1.0,524.48,457.89,554.78,541.05,-1,cvat_keyframe
380,13,13,0,1.0,1176.4,386.5,1187.57,397.06,-1,cvat_keyframe
380,15,15,2,1.0,535.33,599.12,574.23,703.78,-1,cvat_keyframe
380,16,16,2,1.0,55.66,386.67,83.19,458.17,-1,cvat_keyframe
380,17,17,2,1.0,1771.39,774.56,1828.2,897.93,-1,cvat_keyframe
381,0,0,2,1.0,1077.69,664.81,1126.05,771.97,-1,cvat_interp
381,1,1,2,1.0,505.81,516.65,538.95,599.12,-1,cvat_interp
381,2,2,2,1.0,934.06,420.27,957.3,498.58,-1,cvat_interp
381,3,3,2,1.0,1296.73,378.6,1342.81,435.81,-1,cvat_interp
381,5,5,2,1.0,1438.91,481.84,1479.1,570.81,-1,cvat_interp
381,6,6,1,1.0,1437.96,364.06,1465.16,430.13,-1,cvat_interp
381,7,7,2,1.0,1089.34,311.12,1110.52,370.45,-1,cvat_interp
381,8,8,2,1.0,423.02,272.1,443.83,329.41,-1,cvat_interp
381,10,10,2,1.0,906.22,408.48,941.39,479.43,-1,cvat_interp
381,11,11,3,1.0,524.99,457.45,555.29,540.61,-1,cvat_interp
381,13,13,0,1.0,1170.0,385.71,1181.16,396.27,-1,cvat_interp
381,15,15,2,1.0,534.5,598.35,573.4,703.01,-1,cvat_interp
381,16,16,2,1.0,57.89,385.9,85.42,457.4,-1,cvat_interp
381,17,17,2,1.0,1764.59,774.47,1828.15,897.1,-1,cvat_interp
382,0,0,2,1.0,1076.32,664.92,1125.37,771.35,-1,cvat_interp
382,1,1,2,1.0,504.86,516.06,538.0,598.53,-1,cvat_interp
382,2,2,2,1.0,933.61,419.69,957.4,497.32,-1,cvat_interp
382,3,3,2,1.0,1294.03,377.63,1344.21,436.14,-1,cvat_interp
382,5,5,2,1.0,1439.62,482.1,1479.81,571.07,-1,cvat_interp
382,6,6,1,1.0,1437.56,363.66,1464.76,429.73,-1,cvat_interp
382,7,7,2,1.0,1087.68,311.73,1110.34,370.69,-1,cvat_interp
382,8,8,2,1.0,423.18,272.16,443.99,329.47,-1,cvat_interp
382,10,10,2,1.0,903.25,408.06,938.88,479.26,-1,cvat_interp
382,11,11,3,1.0,525.5,457.01,555.8,540.17,-1,cvat_interp
382,13,13,0,1.0,1163.59,384.93,1174.75,395.49,-1,cvat_interp
382,15,15,2,1.0,533.66,597.59,572.56,702.25,-1,cvat_interp
382,16,16,2,1.0,60.12,385.12,87.66,456.62,-1,cvat_interp
382,17,17,2,1.0,1757.8,774.37,1828.1,896.26,-1,cvat_interp
383,0,0,2,1.0,1074.95,665.03,1124.68,770.72,-1,cvat_interp
383,1,1,2,1.0,503.91,515.48,537.05,597.95,-1,cvat_interp
383,2,2,2,1.0,933.16,419.1,957.5,496.07,-1,cvat_interp
383,3,3,2,1.0,1291.33,376.66,1345.6,436.47,-1,cvat_interp
383,5,5,2,1.0,1440.33,482.37,1480.52,571.34,-1,cvat_interp
383,6,6,1,1.0,1437.16,363.26,1464.36,429.33,-1,cvat_interp
383,7,7,2,1.0,1086.02,312.34,1110.16,370.93,-1,cvat_interp
383,8,8,2,1.0,423.34,272.21,444.15,329.52,-1,cvat_interp
383,10,10,2,1.0,900.29,407.64,936.37,479.09,-1,cvat_interp
383,11,11,3,1.0,526.01,456.57,556.31,539.73,-1,cvat_interp
383,13,13,0,1.0,1157.18,384.14,1168.35,394.7,-1,cvat_interp
383,15,15,2,1.0,532.82,596.82,571.72,701.48,-1,cvat_interp
383,16,16,2,1.0,62.36,384.35,89.89,455.85,-1,cvat_interp
383,17,17,2,1.0,1751.0,774.27,1828.06,895.43,-1,cvat_interp
384,0,0,2,1.0,1073.59,665.14,1124.0,770.09,-1,cvat_interp
384,1,1,2,1.0,502.96,514.9,536.11,597.37,-1,cvat_interp
384,2,2,2,1.0,932.71,418.51,957.6,494.82,-1,cvat_interp
384,3,3,2,1.0,1288.63,375.68,1347.0,436.8,-1,cvat_keyframe
384,5,5,2,1.0,1441.05,482.64,1481.23,571.61,-1,cvat_interp
384,6,6,1,1.0,1436.76,362.86,1463.96,428.93,-1,cvat_interp
384,7,7,2,1.0,1084.36,312.95,1109.98,371.16,-1,cvat_interp
384,8,8,2,1.0,423.49,272.26,444.31,329.57,-1,cvat_interp
384,10,10,2,1.0,897.33,407.22,933.86,478.92,-1,cvat_interp
384,11,11,3,1.0,526.52,456.14,556.82,539.29,-1,cvat_interp
384,13,13,0,1.0,1150.78,383.35,1161.94,393.91,-1,cvat_interp
384,15,15,2,1.0,531.98,596.06,570.88,700.72,-1,cvat_interp
384,16,16,2,1.0,64.59,383.57,92.13,455.07,-1,cvat_interp
384,17,17,2,1.0,1744.21,774.18,1828.01,894.6,-1,cvat_keyframe
385,0,0,2,1.0,1072.22,665.25,1123.32,769.47,-1,cvat_interp
385,1,1,2,1.0,502.02,514.31,535.16,596.78,-1,cvat_interp
385,2,2,2,1.0,932.26,417.93,957.7,493.57,-1,cvat_interp
385,3,3,2,1.0,1285.93,374.71,1341.57,434.96,-1,cvat_interp
385,5,5,2,1.0,1441.76,482.9,1481.94,571.87,-1,cvat_interp
385,6,6,1,1.0,1436.36,362.46,1463.56,428.53,-1,cvat_interp
385,7,7,2,1.0,1082.69,313.56,1109.8,371.4,-1,cvat_interp
385,8,8,2,1.0,423.65,272.31,444.47,329.62,-1,cvat_interp
385,10,10,2,1.0,894.37,406.81,931.35,478.75,-1,cvat_interp
385,11,11,3,1.0,527.03,455.7,557.33,538.86,-1,cvat_interp
385,13,13,0,1.0,1144.37,382.57,1155.54,393.13,-1,cvat_interp
385,15,15,2,1.0,531.14,595.29,570.04,699.95,-1,cvat_interp
385,16,16,2,1.0,66.83,382.8,94.36,454.3,-1,cvat_interp
385,17,17,2,1.0,1744.14,774.08,1824.21,893.76,-1,cvat_interp
386,0,0,2,1.0,1070.85,665.36,1122.63,768.84,-1,cvat_interp
386,1,1,2,1.0,501.07,513.73,534.21,596.2,-1,cvat_interp
386,2,2,2,1.0,931.81,417.34,957.8,492.31,-1,cvat_interp
386,3,3,2,1.0,1283.23,373.74,1336.14,433.11,-1,cvat_interp
386,5,5,2,1.0,1442.47,483.17,1482.65,572.14,-1,cvat_interp
386,6,6,1,1.0,1435.96,362.06,1463.16,428.13,-1,cvat_interp
386,7,7,2,1.0,1081.03,314.16,1109.62,371.64,-1,cvat_interp
386,8,8,2,1.0,423.81,272.37,444.62,329.68,-1,cvat_interp
386,10,10,2,1.0,891.41,406.39,928.84,478.58,-1,cvat_interp
386,11,11,3,1.0,527.54,455.26,557.85,538.42,-1,cvat_interp
386,13,13,0,1.0,1137.97,381.78,1149.13,392.34,-1,cvat_interp
386,15,15,2,1.0,530.3,594.52,569.2,699.18,-1,cvat_interp
386,16,16,2,1.0,69.06,382.02,96.59,453.52,-1,cvat_interp
386,17,17,2,1.0,1744.08,773.99,1820.41,892.93,-1,cvat_interp
387,0,0,2,1.0,1069.49,665.47,1121.95,768.21,-1,cvat_interp
387,1,1,2,1.0,500.12,513.15,533.26,595.61,-1,cvat_interp
387,2,2,2,1.0,931.35,416.76,957.9,491.06,-1,cvat_interp
387,3,3,2,1.0,1280.53,372.76,1330.71,431.27,-1,cvat_interp
387,5,5,2,1.0,1443.18,483.44,1483.36,572.41,-1,cvat_interp
387,6,6,1,1.0,1435.56,361.66,1462.76,427.73,-1,cvat_interp
387,7,7,2,1.0,1079.37,314.77,1109.44,371.88,-1,cvat_interp
387,8,8,2,1.0,423.97,272.42,444.78,329.73,-1,cvat_interp
387,10,10,2,1.0,888.45,405.97,926.33,478.41,-1,cvat_interp
387,11,11,3,1.0,528.06,454.82,558.36,537.98,-1,cvat_interp
387,13,13,0,1.0,1131.56,380.99,1142.73,391.55,-1,cvat_interp
387,15,15,2,1.0,529.46,593.76,568.36,698.42,-1,cvat_interp
387,16,16,2,1.0,71.29,381.25,98.83,452.75,-1,cvat_interp
387,17,17,2,1.0,1744.02,773.89,1816.6,892.1,-1,cvat_interp
388,0,0,2,1.0,1068.12,665.58,1121.27,767.59,-1,cvat_interp
388,1,1,2,1.0,499.17,512.56,532.31,595.03,-1,cvat_interp
388,2,2,2,1.0,930.9,416.17,958.0,489.81,-1,cvat_interp
388,3,3,2,1.0,1277.83,371.79,1325.28,429.43,-1,cvat_interp
388,5,5,2,1.0,1443.89,483.7,1484.08,572.67,-1,cvat_interp
388,6,6,1,1.0,1435.16,361.26,1462.36,427.33,-1,cvat_interp
388,7,7,2,1.0,1077.71,315.38,1109.26,372.12,-1,cvat_interp
388,8,8,2,1.0,424.12,272.47,444.94,329.78,-1,cvat_interp
388,10,10,2,1.0,885.49,405.55,923.82,478.24,-1,cvat_interp
388,11,11,3,1.0,528.57,454.39,558.87,537.54,-1,cvat_interp
388,13,13,0,1.0,1125.16,380.21,1136.32,390.77,-1,cvat_interp
388,15,15,2,1.0,528.62,592.99,567.52,697.65,-1,cvat_interp
388,16,16,2,1.0,73.53,380.47,101.06,451.97,-1,cvat_interp
388,17,17,2,1.0,1743.95,773.79,1812.8,891.27,-1,cvat_interp
389,0,0,2,1.0,1066.76,665.69,1120.58,766.96,-1,cvat_interp
389,1,1,2,1.0,498.22,511.98,531.36,594.45,-1,cvat_interp
389,2,2,2,1.0,930.45,415.59,958.1,488.55,-1,cvat_interp
389,3,3,2,1.0,1275.13,370.81,1319.85,427.58,-1,cvat_interp
389,5,5,2,1.0,1444.6,483.97,1484.79,572.94,-1,cvat_interp
389,6,6,1,1.0,1434.76,360.86,1461.96,426.93,-1,cvat_interp
389,7,7,2,1.0,1076.05,315.99,1109.08,372.36,-1,cvat_interp
389,8,8,2,1.0,424.28,272.52,445.1,329.83,-1,cvat_interp
389,10,10,2,1.0,882.52,405.13,921.31,478.07,-1,cvat_interp
389,11,11,3,1.0,529.08,453.95,559.38,537.11,-1,cvat_interp
389,13,13,0,1.0,1118.75,379.42,1129.91,389.98,-1,cvat_interp
389,15,15,2,1.0,527.78,592.23,566.68,696.89,-1,cvat_interp
389,16,16,2,1.0,75.76,379.7,103.29,451.2,-1,cvat_interp
389,17,17,2,1.0,1743.89,773.7,1809.0,890.43,-1,cvat_interp
390,0,0,2,1.0,1065.39,665.8,1119.9,766.34,-1,cvat_keyframe
390,1,1,2,1.0,497.27,511.4,530.42,593.86,-1,cvat_keyframe
390,2,2,2,1.0,930.0,415.0,958.2,487.3,-1,cvat_keyframe
390,3,3,2,1.0,1272.43,369.84,1314.43,425.74,-1,cvat_keyframe
390,5,5,2,1.0,1445.31,484.24,1485.5,573.21,-1,cvat_keyframe
390,6,6,1,1.0,1434.36,360.46,1461.56,426.53,-1,cvat_keyframe
390,7,7,2,1.0,1074.39,316.6,1108.9,372.6,-1,cvat_keyframe
390,8,8,2,1.0,424.44,272.58,445.25,329.89,-1,cvat_keyframe
390,10,10,2,1.0,879.56,404.71,918.8,477.9,-1,cvat_keyframe
390,11,11,3,1.0,529.59,453.51,559.89,536.67,-1,cvat_keyframe
390,13,13,0,1.0,1112.34,378.63,1123.51,389.2,-1,cvat_keyframe
390,15,15,2,1.0,526.95,591.46,565.85,696.12,-1,cvat_keyframe
390,16,16,2,1.0,77.99,378.92,105.53,450.42,-1,cvat_keyframe
390,17,17,2,1.0,1743.83,773.6,1805.2,889.6,-1,cvat_keyframe
391,0,0,2,1.0,1062.62,665.99,1117.57,766.52,-1,cvat_interp
391,1,1,2,1.0,496.24,511.23,529.76,593.7,-1,cvat_interp
391,2,2,2,1.0,929.7,414.96,957.9,487.26,-1,cvat_interp
391,3,3,2,1.0,1267.75,368.53,1311.58,425.36,-1,cvat_interp
391,5,5,2,1.0,1445.68,484.38,1485.87,573.35,-1,cvat_interp
391,6,6,1,1.0,1433.24,360.6,1460.44,426.67,-1,cvat_interp
391,7,7,2,1.0,1071.74,315.9,1106.25,373.06,-1,cvat_interp
391,8,8,2,1.0,424.44,273.09,445.25,329.89,-1,cvat_interp
391,10,10,2,1.0,876.42,405.01,915.66,478.2,-1,cvat_interp
391,11,11,3,1.0,529.43,452.21,560.16,536.12,-1,cvat_interp
391,13,13,0,1.0,1107.17,378.27,1118.33,388.84,-1,cvat_interp
391,15,15,2,1.0,523.76,591.33,564.65,695.98,-1,cvat_interp
391,16,16,2,1.0,79.77,378.46,107.3,452.71,-1,cvat_interp
391,17,17,2,1.0,1738.98,774.54,1801.36,889.85,-1,cvat_interp
392,0,0,2,1.0,1059.85,666.18,1115.24,766.71,-1,cvat_interp
392,1,1,2,1.0,495.21,511.07,529.11,593.54,-1,cvat_interp
392,2,2,2,1.0,929.4,414.91,957.6,487.21,-1,cvat_interp
392,3,3,2,1.0,1263.08,367.21,1308.74,424.98,-1,cvat_interp
392,5,5,2,1.0,1446.05,484.53,1486.23,573.5,-1,cvat_interp
392,6,6,1,1.0,1432.11,360.73,1459.31,426.81,-1,cvat_interp
392,7,7,2,1.0,1069.09,315.2,1103.6,373.51,-1,cvat_interp
392,8,8,2,1.0,424.44,273.6,445.25,329.89,-1,cvat_interp
392,10,10,2,1.0,873.28,405.31,912.52,478.5,-1,cvat_interp
392,11,11,3,1.0,529.26,450.9,560.43,535.57,-1,cvat_interp
392,13,13,0,1.0,1101.99,377.91,1113.15,388.48,-1,cvat_interp
392,15,15,2,1.0,520.58,591.21,563.46,695.84,-1,cvat_interp
392,16,16,2,1.0,81.54,378.0,109.07,455.01,-1,cvat_interp
392,17,17,2,1.0,1734.14,775.48,1797.52,890.1,-1,cvat_interp
393,0,0,2,1.0,1057.09,666.37,1112.91,766.89,-1,cvat_interp
393,1,1,2,1.0,494.18,510.91,528.46,593.38,-1,cvat_interp
393,2,2,2,1.0,929.1,414.87,957.3,487.17,-1,cvat_interp
393,3,3,2,1.0,1258.4,365.9,1305.9,424.6,-1,cvat_keyframe
393,5,5,2,1.0,1446.42,484.68,1486.6,573.65,-1,cvat_interp
393,6,6,1,1.0,1430.99,360.87,1458.19,426.94,-1,cvat_interp
393,7,7,2,1.0,1066.44,314.5,1100.95,373.97,-1,cvat_interp
393,8,8,2,1.0,424.44,274.11,445.25,329.89,-1,cvat_interp
393,10,10,2,1.0,870.14,405.62,909.38,478.8,-1,cvat_interp
393,11,11,3,1.0,529.1,449.6,560.7,535.03,-1,cvat_interp
393,13,13,0,1.0,1096.81,377.56,1107.98,388.12,-1,cvat_interp
393,15,15,2,1.0,517.4,591.08,562.27,695.7,-1,cvat_keyframe
393,16,16,2,1.0,83.31,377.53,110.85,457.3,-1,cvat_keyframe
393,17,17,2,1.0,1729.3,776.42,1793.68,890.35,-1,cvat_interp
394,0,0,2,1.0,1054.32,666.56,1110.58,767.08,-1,cvat_interp
394,1,1,2,1.0,493.15,510.74,527.81,593.21,-1,cvat_interp
394,2,2,2,1.0,928.8,414.83,957.0,487.13,-1,cvat_interp
394,3,3,2,1.0,1252.89,365.9,1299.6,424.2,-1,cvat_interp
394,5,5,2,1.0,1446.79,484.83,1486.97,573.8,-1,cvat_interp
394,6,6,1,1.0,1429.86,361.01,1457.06,427.08,-1,cvat_interp
394,7,7,2,1.0,1063.79,313.8,1098.3,374.42,-1,cvat_keyframe
394,8,8,2,1.0,424.44,274.63,445.25,329.89,-1,cvat_interp
394,10,10,2,1.0,867.0,405.92,906.24,479.1,-1,cvat_interp
394,11,11,3,1.0,528.94,448.3,560.97,534.48,-1,cvat_keyframe
394,13,13,0,1.0,1091.64,377.2,1102.8,387.76,-1,cvat_keyframe
394,15,15,2,1.0,517.06,590.96,561.08,695.58,-1,cvat_interp
394,16,16,2,1.0,85.09,377.07,112.62,455.66,-1,cvat_interp
394,17,17,2,1.0,1724.45,777.36,1789.84,890.61,-1,cvat_interp
395,0,0,2,1.0,1051.55,666.74,1108.25,767.27,-1,cvat_interp
395,1,1,2,1.0,492.12,510.58,527.16,593.05,-1,cvat_interp
395,2,2,2,1.0,928.5,414.78,956.69,487.08,-1,cvat_interp
395,3,3,2,1.0,1247.37,365.89,1293.3,423.79,-1,cvat_interp
395,5,5,2,1.0,1447.16,484.97,1487.34,573.94,-1,cvat_interp
395,6,6,1,1.0,1428.74,361.15,1455.94,427.22,-1,cvat_interp
395,7,7,2,1.0,1061.14,315.03,1095.65,374.88,-1,cvat_interp
395,8,8,2,1.0,424.44,275.14,445.25,329.89,-1,cvat_interp
395,10,10,2,1.0,863.86,406.22,903.1,479.41,-1,cvat_interp
395,11,11,3,1.0,528.77,449.53,561.24,533.93,-1,cvat_interp
395,13,13,0,1.0,1087.43,377.16,1098.59,387.72,-1,cvat_interp
395,15,15,2,1.0,516.72,590.83,559.89,695.46,-1,cvat_interp
395,16,16,2,1.0,86.86,376.61,114.39,454.01,-1,cvat_interp
395,17,17,2,1.0,1719.61,778.3,1786.0,890.86,-1,cvat_interp
396,0,0,2,1.0,1048.78,666.93,1105.92,767.45,-1,cvat_interp
396,1,1,2,1.0,491.08,510.42,526.51,592.89,-1,cvat_interp
396,2,2,2,1.0,928.2,414.74,956.39,487.04,-1,cvat_interp
396,3,3,2,1.0,1241.86,365.89,1287.0,423.39,-1,cvat_interp
396,5,5,2,1.0,1447.52,485.12,1487.71,574.09,-1,cvat_interp
396,6,6,1,1.0,1427.62,361.29,1454.82,427.36,-1,cvat_interp
396,7,7,2,1.0,1058.49,316.25,1093.0,375.33,-1,cvat_interp
396,8,8,2,1.0,424.44,275.65,445.25,329.89,-1,cvat_interp
396,10,10,2,1.0,860.72,406.52,899.96,479.71,-1,cvat_interp
396,11,11,3,1.0,528.61,450.77,561.52,533.39,-1,cvat_interp
396,13,13,0,1.0,1083.22,377.12,1094.38,387.69,-1,cvat_interp
396,15,15,2,1.0,516.39,590.71,558.7,695.34,-1,cvat_interp
396,16,16,2,1.0,88.63,376.15,116.17,452.37,-1,cvat_interp
396,17,17,2,1.0,1714.77,779.24,1782.16,891.11,-1,cvat_interp
397,0,0,2,1.0,1046.01,667.12,1103.59,767.64,-1,cvat_interp
397,1,1,2,1.0,490.05,510.26,525.85,592.72,-1,cvat_interp
397,2,2,2,1.0,927.89,414.7,956.09,487.0,-1,cvat_interp
397,3,3,2,1.0,1236.34,365.88,1280.7,422.98,-1,cvat_interp
397,5,5,2,1.0,1447.89,485.27,1488.08,574.24,-1,cvat_interp
397,6,6,1,1.0,1426.49,361.42,1453.69,427.5,-1,cvat_interp
397,7,7,2,1.0,1055.84,317.48,1090.35,375.79,-1,cvat_interp
397,8,8,2,1.0,424.44,276.16,445.25,329.89,-1,cvat_interp
397,10,10,2,1.0,857.58,406.82,896.82,480.01,-1,cvat_interp
397,11,11,3,1.0,528.45,452.0,561.79,532.84,-1,cvat_interp
397,13,13,0,1.0,1079.01,377.09,1090.17,387.65,-1,cvat_interp
397,15,15,2,1.0,516.05,590.58,557.51,695.22,-1,cvat_interp
397,16,16,2,1.0,90.41,375.68,117.94,450.73,-1,cvat_interp
397,17,17,2,1.0,1709.92,780.18,1778.32,891.36,-1,cvat_interp
398,0,0,2,1.0,1043.25,667.31,1101.26,767.83,-1,cvat_interp
398,1,1,2,1.0,489.02,510.09,525.2,592.56,-1,cvat_interp
398,2,2,2,1.0,927.59,414.66,955.79,486.96,-1,cvat_interp
398,3,3,2,1.0,1230.83,365.88,1274.4,422.58,-1,cvat_interp
398,5,5,2,1.0,1448.26,485.42,1488.45,574.39,-1,cvat_interp
398,6,6,1,1.0,1425.37,361.56,1452.57,427.63,-1,cvat_interp
398,7,7,2,1.0,1053.19,318.7,1087.7,376.24,-1,cvat_interp
398,8,8,2,1.0,424.44,276.68,445.25,329.89,-1,cvat_interp
398,10,10,2,1.0,854.45,407.12,893.68,480.31,-1,cvat_interp
398,11,11,3,1.0,528.29,453.23,562.06,532.29,-1,cvat_interp
398,13,13,0,1.0,1074.8,377.05,1085.96,387.61,-1,cvat_interp
398,15,15,2,1.0,515.71,590.46,556.32,695.1,-1,cvat_interp
398,16,16,2,1.0,92.18,375.22,119.71,449.08,-1,cvat_interp
398,17,17,2,1.0,1705.08,781.12,1774.48,891.61,-1,cvat_interp
399,0,0,2,1.0,1040.48,667.5,1098.93,768.01,-1,cvat_interp
399,1,1,2,1.0,487.99,509.93,524.55,592.4,-1,cvat_interp
399,2,2,2,1.0,927.29,414.61,955.49,486.91,-1,cvat_interp
399,3,3,2,1.0,1225.31,365.87,1268.1,422.17,-1,cvat_interp
399,5,5,2,1.0,1448.63,485.56,1488.81,574.53,-1,cvat_interp
399,6,6,1,1.0,1424.24,361.7,1451.44,427.77,-1,cvat_interp
399,7,7,2,1.0,1050.54,319.93,1085.05,376.7,-1,cvat_interp
399,8,8,2,1.0,424.44,277.19,445.25,329.89,-1,cvat_interp
399,10,10,2,1.0,851.31,407.42,890.54,480.61,-1,cvat_interp
399,11,11,3,1.0,528.12,454.47,562.33,531.75,-1,cvat_interp
399,13,13,0,1.0,1070.59,377.01,1081.75,387.57,-1,cvat_interp
399,15,15,2,1.0,515.37,590.33,555.13,694.98,-1,cvat_interp
399,16,16,2,1.0,93.95,374.76,121.48,447.44,-1,cvat_interp
399,17,17,2,1.0,1700.23,782.06,1770.64,891.86,-1,cvat_interp
400,0,0,2,1.0,1037.71,667.69,1096.6,768.2,-1,cvat_keyframe
400,1,1,2,1.0,486.96,509.77,523.9,592.24,-1,cvat_keyframe
400,2,2,2,1.0,926.99,414.57,955.19,486.87,-1,cvat_keyframe
400,3,3,2,1.0,1219.8,365.87,1261.79,421.77,-1,cvat_keyframe
400,5,5,2,1.0,1449.0,485.71,1489.18,574.68,-1,cvat_keyframe
400,6,6,1,1.0,1423.12,361.84,1450.32,427.91,-1,cvat_keyframe
400,7,7,2,1.0,1047.89,321.15,1082.4,377.15,-1,cvat_keyframe
400,8,8,2,1.0,424.44,277.7,445.25,329.89,-1,cvat_keyframe
400,10,10,2,1.0,848.17,407.72,887.4,480.91,-1,cvat_keyframe
400,11,11,3,1.0,527.96,455.7,562.6,531.2,-1,cvat_keyframe
400,13,13,0,1.0,1066.38,376.98,1077.54,387.54,-1,cvat_keyframe
400,15,15,2,1.0,515.04,590.21,553.94,694.87,-1,cvat_keyframe
400,16,16,2,1.0,95.72,374.29,123.26,445.79,-1,cvat_keyframe
400,17,17,2,1.0,1695.39,783.0,1766.8,892.12,-1,cvat_keyframe
401,0,0,2,1.0,1036.69,668.42,1096.6,768.93,-1,cvat_interp
401,1,1,2,1.0,485.71,510.64,522.65,592.67,-1,cvat_interp
401,2,2,2,1.0,926.66,414.4,954.86,486.7,-1,cvat_interp
401,3,3,2,1.0,1214.85,364.28,1260.65,421.68,-1,cvat_interp
401,5,5,2,1.0,1447.55,486.89,1489.03,575.86,-1,cvat_interp
401,6,6,1,1.0,1421.82,362.53,1449.02,428.6,-1,cvat_interp
401,7,7,2,1.0,1046.03,322.14,1080.22,377.94,-1,cvat_interp
401,8,8,2,1.0,425.35,278.89,446.16,331.08,-1,cvat_interp
401,10,10,2,1.0,845.11,408.46,884.35,481.65,-1,cvat_interp
401,11,11,3,1.0,527.46,455.58,562.1,531.08,-1,cvat_interp
401,13,13,0,1.0,1062.4,377.26,1073.57,387.82,-1,cvat_interp
401,15,15,2,1.0,513.63,590.91,553.33,695.57,-1,cvat_interp
401,16,16,2,1.0,98.06,374.67,125.59,447.33,-1,cvat_interp
401,17,17,2,1.0,1689.76,783.16,1761.17,892.56,-1,cvat_interp
402,0,0,2,1.0,1035.67,669.16,1096.6,769.67,-1,cvat_interp
402,1,1,2,1.0,484.46,511.51,521.4,593.11,-1,cvat_interp
402,2,2,2,1.0,926.33,414.24,954.52,486.54,-1,cvat_interp
402,3,3,2,1.0,1209.9,362.7,1259.5,421.6,-1,cvat_keyframe
402,5,5,2,1.0,1446.1,488.07,1488.87,577.04,-1,cvat_interp
402,6,6,1,1.0,1420.51,363.22,1447.71,429.29,-1,cvat_interp
402,7,7,2,1.0,1044.18,323.13,1078.04,378.72,-1,cvat_interp
402,8,8,2,1.0,426.26,280.08,447.07,332.27,-1,cvat_interp
402,10,10,2,1.0,842.06,409.21,881.3,482.4,-1,cvat_interp
402,11,11,3,1.0,526.96,455.45,561.6,530.95,-1,cvat_interp
402,13,13,0,1.0,1058.42,377.54,1069.59,388.1,-1,cvat_interp
402,15,15,2,1.0,512.23,591.61,552.73,696.27,-1,cvat_interp
402,16,16,2,1.0,100.39,375.04,127.92,448.86,-1,cvat_interp
402,17,17,2,1.0,1684.12,783.32,1755.53,893.0,-1,cvat_interp
403,0,0,2,1.0,1034.65,669.9,1096.6,770.4,-1,cvat_keyframe
403,1,1,2,1.0,483.22,512.39,520.16,593.55,-1,cvat_interp
403,2,2,2,1.0,925.99,414.07,954.19,486.37,-1,cvat_interp
403,3,3,2,1.0,1204.96,362.86,1252.7,422.43,-1,cvat_interp
403,5,5,2,1.0,1444.65,489.25,1488.71,578.23,-1,cvat_interp
403,6,6,1,1.0,1419.21,363.91,1446.41,429.98,-1,cvat_interp
403,7,7,2,1.0,1042.33,324.12,1075.86,379.51,-1,cvat_interp
403,8,8,2,1.0,427.16,281.27,447.98,333.46,-1,cvat_interp
403,10,10,2,1.0,839.01,409.95,878.25,483.14,-1,cvat_interp
403,11,11,3,1.0,526.46,455.33,561.1,530.83,-1,cvat_interp
403,13,13,0,1.0,1054.44,377.82,1065.61,388.39,-1,cvat_interp
403,15,15,2,1.0,510.83,592.31,552.13,696.97,-1,cvat_interp
403,16,16,2,1.0,102.72,375.41,130.26,450.4,-1,cvat_keyframe
403,17,17,2,1.0,1678.49,783.48,1749.9,893.44,-1,cvat_interp
404,0,0,2,1.0,1033.63,670.63,1091.91,771.14,-1,cvat_interp
404,1,1,2,1.0,481.97,513.26,518.91,593.98,-1,cvat_interp
404,2,2,2,1.0,925.66,413.9,953.86,486.2,-1,cvat_interp
404,3,3,2,1.0,1200.03,363.02,1245.9,423.27,-1,cvat_interp
404,5,5,2,1.0,1443.2,490.43,1488.55,579.41,-1,cvat_interp
404,6,6,1,1.0,1417.91,364.6,1445.11,430.67,-1,cvat_interp
404,7,7,2,1.0,1040.47,325.11,1073.68,380.29,-1,cvat_interp
404,8,8,2,1.0,428.07,282.46,448.88,334.65,-1,cvat_interp
404,10,10,2,1.0,835.96,410.69,875.2,483.88,-1,cvat_interp
404,11,11,3,1.0,525.96,455.2,560.6,530.7,-1,cvat_interp
404,13,13,0,1.0,1050.46,378.1,1061.63,388.67,-1,cvat_interp
404,15,15,2,1.0,509.42,593.01,551.52,697.67,-1,cvat_interp
404,16,16,2,1.0,105.06,375.78,132.59,450.27,-1,cvat_interp
404,17,17,2,1.0,1672.85,783.64,1744.26,893.88,-1,cvat_interp
405,0,0,2,1.0,1032.6,671.37,1087.23,771.87,-1,cvat_interp
405,1,1,2,1.0,480.72,514.13,517.66,594.42,-1,cvat_interp
405,2,2,2,1.0,925.33,413.74,953.53,486.04,-1,cvat_interp
405,3,3,2,1.0,1195.09,363.19,1239.1,424.1,-1,cvat_interp
405,5,5,2,1.0,1441.75,491.62,1488.39,580.59,-1,cvat_interp
405,6,6,1,1.0,1416.61,365.29,1443.81,431.36,-1,cvat_interp
405,7,7,2,1.0,1038.62,326.1,1071.5,381.08,-1,cvat_interp
405,8,8,2,1.0,428.98,283.65,449.79,335.84,-1,cvat_interp
405,10,10,2,1.0,832.91,411.43,872.15,484.62,-1,cvat_interp
405,11,11,3,1.0,525.46,455.08,560.1,530.58,-1,cvat_interp
405,13,13,0,1.0,1046.49,378.39,1057.65,388.95,-1,cvat_interp
405,15,15,2,1.0,508.02,593.71,550.92,698.37,-1,cvat_interp
405,16,16,2,1.0,107.39,376.15,134.92,450.14,-1,cvat_interp
405,17,17,2,1.0,1667.22,783.8,1738.63,894.32,-1,cvat_interp
406,0,0,2,1.0,1031.58,672.11,1082.54,772.61,-1,cvat_interp
406,1,1,2,1.0,479.47,515.01,516.41,594.86,-1,cvat_interp
406,2,2,2,1.0,924.99,413.57,953.19,485.87,-1,cvat_interp
406,3,3,2,1.0,1190.15,363.35,1232.3,424.93,-1,cvat_interp
406,5,5,2,1.0,1440.3,492.8,1488.23,581.77,-1,cvat_interp
406,6,6,1,1.0,1415.3,365.98,1442.5,432.05,-1,cvat_interp
406,7,7,2,1.0,1036.77,327.09,1069.32,381.86,-1,cvat_interp
406,8,8,2,1.0,429.88,284.85,450.7,337.03,-1,cvat_interp
406,10,10,2,1.0,829.86,412.18,869.09,485.36,-1,cvat_interp
406,11,11,3,1.0,524.97,454.95,559.61,530.45,-1,cvat_interp
406,13,13,0,1.0,1042.51,378.67,1053.67,389.23,-1,cvat_interp
406,15,15,2,1.0,506.62,594.41,550.31,699.07,-1,cvat_interp
406,16,16,2,1.0,109.72,376.52,137.26,450.02,-1,cvat_interp
406,17,17,2,1.0,1661.58,783.96,1732.99,894.76,-1,cvat_interp
407,0,0,2,1.0,1030.56,672.84,1077.86,773.35,-1,cvat_interp
407,1,1,2,1.0,478.23,515.88,515.17,595.29,-1,cvat_interp
407,2,2,2,1.0,924.66,413.4,952.86,485.7,-1,cvat_interp
407,3,3,2,1.0,1185.21,363.51,1225.5,425.77,-1,cvat_interp
407,5,5,2,1.0,1438.85,493.98,1488.08,582.95,-1,cvat_interp
407,6,6,1,1.0,1414.0,366.67,1441.2,432.74,-1,cvat_interp
407,7,7,2,1.0,1034.91,328.08,1067.14,382.65,-1,cvat_interp
407,8,8,2,1.0,430.79,286.04,451.61,338.22,-1,cvat_interp
407,10,10,2,1.0,826.81,412.92,866.04,486.11,-1,cvat_interp
407,11,11,3,1.0,524.47,454.83,559.11,530.33,-1,cvat_interp
407,13,13,0,1.0,1038.53,378.95,1049.69,389.51,-1,cvat_interp
407,15,15,2,1.0,505.22,595.12,549.71,699.78,-1,cvat_interp
407,16,16,2,1.0,112.06,376.89,139.59,449.89,-1,cvat_interp
407,17,17,2,1.0,1655.95,784.12,1727.36,895.2,-1,cvat_interp
408,0,0,2,1.0,1029.54,673.58,1073.17,774.09,-1,cvat_interp
408,1,1,2,1.0,476.98,516.75,513.92,595.73,-1,cvat_interp
408,2,2,2,1.0,924.33,413.24,952.53,485.54,-1,cvat_interp
408,3,3,2,1.0,1180.28,363.67,1218.7,426.6,-1,cvat_keyframe
408,5,5,2,1.0,1437.4,495.16,1487.92,584.13,-1,cvat_interp
408,6,6,1,1.0,1412.7,367.36,1439.9,433.43,-1,cvat_interp
408,7,7,2,1.0,1033.06,329.07,1064.96,383.43,-1,cvat_interp
408,8,8,2,1.0,431.7,287.23,452.51,339.41,-1,cvat_interp
408,10,10,2,1.0,823.75,413.66,862.99,486.85,-1,cvat_interp
408,11,11,3,1.0,523.97,454.7,558.61,530.2,-1,cvat_interp
408,13,13,0,1.0,1034.55,379.23,1045.71,389.8,-1,cvat_interp
408,15,15,2,1.0,503.81,595.82,549.11,700.48,-1,cvat_interp
408,16,16,2,1.0,114.39,377.26,141.92,449.76,-1,cvat_interp
408,17,17,2,1.0,1650.31,784.28,1721.72,895.64,-1,cvat_interp
409,0,0,2,1.0,1028.52,674.31,1068.49,774.82,-1,cvat_interp
409,1,1,2,1.0,475.73,517.63,512.67,596.17,-1,cvat_interp
409,2,2,2,1.0,924.0,413.07,952.19,485.37,-1,cvat_interp
409,3,3,2,1.0,1175.34,363.84,1211.9,423.8,-1,cvat_interp
409,5,5,2,1.0,1435.95,496.34,1487.76,585.31,-1,cvat_interp
409,6,6,1,1.0,1411.39,368.05,1438.59,434.13,-1,cvat_interp
409,7,7,2,1.0,1031.21,330.05,1062.78,384.22,-1,cvat_interp
409,8,8,2,1.0,432.61,288.42,453.42,340.61,-1,cvat_interp
409,10,10,2,1.0,820.7,414.4,859.94,487.59,-1,cvat_interp
409,11,11,3,1.0,523.47,454.58,558.11,530.08,-1,cvat_interp
409,13,13,0,1.0,1030.57,379.52,1041.73,390.08,-1,cvat_interp
409,15,15,2,1.0,502.41,596.52,548.5,701.18,-1,cvat_interp
409,16,16,2,1.0,116.72,377.64,144.25,449.63,-1,cvat_interp
409,17,17,2,1.0,1644.68,784.44,1716.09,896.08,-1,cvat_interp
410,0,0,2,1.0,1027.5,675.05,1063.8,775.56,-1,cvat_keyframe
410,1,1,2,1.0,474.48,518.5,511.42,596.6,-1,cvat_keyframe
410,2,2,2,1.0,923.66,412.91,951.86,485.21,-1,cvat_keyframe
410,3,3,2,1.0,1170.4,364.0,1205.1,421.0,-1,cvat_keyframe
410,5,5,2,1.0,1434.5,497.52,1487.6,586.49,-1,cvat_keyframe
410,6,6,1,1.0,1410.09,368.74,1437.29,434.82,-1,cvat_keyframe
410,7,7,2,1.0,1029.35,331.04,1060.6,385.0,-1,cvat_keyframe
410,8,8,2,1.0,433.51,289.61,454.33,341.8,-1,cvat_keyframe
410,10,10,2,1.0,817.65,415.14,856.89,488.33,-1,cvat_keyframe
410,11,11,3,1.0,522.97,454.45,557.61,529.95,-1,cvat_keyframe
410,13,13,0,1.0,1026.59,379.8,1037.75,390.36,-1,cvat_keyframe
410,15,15,2,1.0,501.01,597.22,547.9,701.88,-1,cvat_keyframe
410,16,16,2,1.0,119.05,378.01,146.59,449.51,-1,cvat_keyframe
410,17,17,2,1.0,1639.04,784.6,1710.45,896.52,-1,cvat_keyframe
411,0,0,2,1.0,1022.82,675.5,1064.0,776.7,-1,cvat_interp
411,1,1,2,1.0,472.82,518.23,510.18,597.36,-1,cvat_interp
411,2,2,2,1.0,922.38,413.06,950.58,485.36,-1,cvat_interp
411,3,3,2,1.0,1164.61,364.69,1199.78,421.69,-1,cvat_interp
411,5,5,2,1.0,1434.71,498.38,1487.5,587.1,-1,cvat_interp
411,6,6,1,1.0,1408.6,369.33,1435.8,435.4,-1,cvat_interp
411,7,7,2,1.0,1027.78,332.08,1059.03,386.04,-1,cvat_interp
411,8,8,2,1.0,433.97,290.73,454.79,342.92,-1,cvat_interp
411,10,10,2,1.0,815.46,415.83,854.7,489.01,-1,cvat_interp
411,11,11,3,1.0,521.84,455.06,557.01,531.94,-1,cvat_interp
411,13,13,0,1.0,1023.69,380.42,1034.85,390.98,-1,cvat_interp
411,15,15,2,1.0,500.17,597.99,547.06,702.0,-1,cvat_interp
411,16,16,2,1.0,121.33,378.98,148.86,450.48,-1,cvat_interp
411,17,17,2,1.0,1635.46,785.69,1706.64,897.84,-1,cvat_interp
412,0,0,2,1.0,1018.15,675.94,1064.2,777.83,-1,cvat_interp
412,1,1,2,1.0,471.16,517.95,508.94,598.12,-1,cvat_interp
412,2,2,2,1.0,921.09,413.21,949.29,485.51,-1,cvat_interp
412,3,3,2,1.0,1158.82,365.37,1194.46,422.37,-1,cvat_interp
412,5,5,2,1.0,1434.92,499.24,1487.4,587.7,-1,cvat_interp
412,6,6,1,1.0,1407.11,369.92,1434.31,435.99,-1,cvat_interp
412,7,7,2,1.0,1026.2,333.12,1057.45,387.07,-1,cvat_interp
412,8,8,2,1.0,434.43,291.85,455.25,344.04,-1,cvat_interp
412,10,10,2,1.0,813.27,416.51,852.5,489.69,-1,cvat_interp
412,11,11,3,1.0,520.7,455.66,556.4,533.93,-1,cvat_interp
412,13,13,0,1.0,1020.79,381.04,1031.95,391.6,-1,cvat_interp
412,15,15,2,1.0,499.34,598.76,546.23,702.12,-1,cvat_interp
412,16,16,2,1.0,123.6,379.94,151.13,451.44,-1,cvat_interp
412,17,17,2,1.0,1631.87,786.78,1702.83,899.16,-1,cvat_interp
413,0,0,2,1.0,1013.47,676.39,1064.4,778.97,-1,cvat_interp
413,1,1,2,1.0,469.49,517.68,507.7,598.87,-1,cvat_interp
413,2,2,2,1.0,919.81,413.36,948.01,485.66,-1,cvat_interp
413,3,3,2,1.0,1153.03,366.06,1189.14,423.06,-1,cvat_interp
413,5,5,2,1.0,1435.13,500.1,1487.3,588.3,-1,cvat_interp
413,6,6,1,1.0,1405.61,370.51,1432.81,436.58,-1,cvat_interp
413,7,7,2,1.0,1024.63,334.15,1055.88,388.11,-1,cvat_interp
413,8,8,2,1.0,434.89,292.98,455.71,345.17,-1,cvat_interp
413,10,10,2,1.0,811.07,417.19,850.31,490.37,-1,cvat_interp
413,11,11,3,1.0,519.57,456.27,555.8,535.91,-1,cvat_interp
413,13,13,0,1.0,1017.89,381.66,1029.05,392.23,-1,cvat_interp
413,15,15,2,1.0,498.5,599.52,545.39,702.24,-1,cvat_interp
413,16,16,2,1.0,125.87,380.91,153.4,452.41,-1,cvat_interp
413,17,17,2,1.0,1628.29,787.87,1699.01,900.48,-1,cvat_interp
414,0,0,2,1.0,1008.8,676.84,1064.6,780.1,-1,cvat_keyframe
414,1,1,2,1.0,467.83,517.4,506.46,599.63,-1,cvat_keyframe
414,2,2,2,1.0,918.52,413.51,946.72,485.81,-1,cvat_interp
414,3,3,2,1.0,1147.24,366.74,1183.82,423.74,-1,cvat_interp
414,5,5,2,1.0,1435.34,500.95,1487.2,588.9,-1,cvat_keyframe
414,6,6,1,1.0,1404.12,371.09,1431.32,437.17,-1,cvat_interp
414,7,7,2,1.0,1023.05,335.19,1054.3,389.14,-1,cvat_interp
414,8,8,2,1.0,435.35,294.1,456.17,346.29,-1,cvat_interp
414,10,10,2,1.0,808.88,417.87,848.12,491.05,-1,cvat_interp
414,11,11,3,1.0,518.43,456.87,555.2,537.9,-1,cvat_keyframe
414,13,13,0,1.0,1014.99,382.28,1026.15,392.85,-1,cvat_interp
414,15,15,2,1.0,497.67,600.29,544.56,702.36,-1,cvat_interp
414,16,16,2,1.0,128.14,381.88,155.68,453.38,-1,cvat_interp
414,17,17,2,1.0,1624.7,788.97,1695.2,901.8,-1,cvat_keyframe
415,0,0,2,1.0,1008.0,677.28,1060.55,780.09,-1,cvat_interp
415,1,1,2,1.0,466.17,518.84,505.21,600.38,-1,cvat_interp
415,2,2,2,1.0,917.24,413.66,945.43,485.96,-1,cvat_interp
415,3,3,2,1.0,1141.45,367.43,1178.5,424.43,-1,cvat_interp
415,5,5,2,1.0,1435.55,501.81,1484.78,589.49,-1,cvat_interp
415,6,6,1,1.0,1402.63,371.68,1429.83,437.75,-1,cvat_interp
415,7,7,2,1.0,1021.48,336.22,1052.73,390.18,-1,cvat_interp
415,8,8,2,1.0,435.81,295.22,456.62,347.41,-1,cvat_interp
415,10,10,2,1.0,806.69,418.55,845.92,491.74,-1,cvat_interp
415,11,11,3,1.0,517.3,457.48,554.6,537.58,-1,cvat_interp
415,13,13,0,1.0,1012.09,382.91,1023.25,393.47,-1,cvat_interp
415,15,15,2,1.0,496.83,601.06,543.72,702.48,-1,cvat_interp
415,16,16,2,1.0,130.42,382.85,157.95,454.35,-1,cvat_interp
415,17,17,2,1.0,1617.24,790.06,1687.89,902.74,-1,cvat_interp
416,0,0,2,1.0,1007.2,677.73,1056.5,780.08,-1,cvat_interp
416,1,1,2,1.0,464.5,520.29,503.97,601.14,-1,cvat_interp
416,2,2,2,1.0,915.95,413.81,944.15,486.11,-1,cvat_interp
416,3,3,2,1.0,1135.66,368.12,1173.18,425.12,-1,cvat_interp
416,5,5,2,1.0,1435.76,502.67,1482.37,590.09,-1,cvat_interp
416,6,6,1,1.0,1401.13,372.27,1428.33,438.34,-1,cvat_interp
416,7,7,2,1.0,1019.91,337.26,1051.15,391.21,-1,cvat_interp
416,8,8,2,1.0,436.27,296.35,457.08,348.54,-1,cvat_interp
416,10,10,2,1.0,804.49,419.23,843.73,492.42,-1,cvat_interp
416,11,11,3,1.0,516.16,458.08,554.0,537.27,-1,cvat_interp
416,13,13,0,1.0,1009.19,383.53,1020.35,394.09,-1,cvat_interp
416,15,15,2,1.0,496.0,601.83,542.89,702.6,-1,cvat_interp
416,16,16,2,1.0,132.69,383.82,160.22,455.32,-1,cvat_interp
416,17,17,2,1.0,1609.77,791.15,1680.58,903.68,-1,cvat_interp
417,0,0,2,1.0,1006.4,678.18,1052.45,780.06,-1,cvat_interp
417,1,1,2,1.0,462.84,521.73,502.73,601.9,-1,cvat_interp
417,2,2,2,1.0,914.67,413.96,942.86,486.26,-1,cvat_interp
417,3,3,2,1.0,1129.87,368.8,1167.86,425.8,-1,cvat_interp
417,5,5,2,1.0,1435.97,503.53,1479.95,590.68,-1,cvat_interp
417,6,6,1,1.0,1399.64,372.86,1426.84,438.93,-1,cvat_interp
417,7,7,2,1.0,1018.33,338.29,1049.58,392.25,-1,cvat_interp
417,8,8,2,1.0,436.73,297.47,457.54,349.66,-1,cvat_interp
417,10,10,2,1.0,802.3,419.91,841.54,493.1,-1,cvat_interp
417,11,11,3,1.0,515.03,458.69,553.4,536.95,-1,cvat_interp
417,13,13,0,1.0,1006.29,384.15,1017.45,394.71,-1,cvat_interp
417,15,15,2,1.0,495.16,602.6,542.05,702.72,-1,cvat_interp
417,16,16,2,1.0,134.96,384.79,162.49,456.29,-1,cvat_interp
417,17,17,2,1.0,1602.31,792.24,1673.27,904.62,-1,cvat_interp
418,0,0,2,1.0,1005.6,678.62,1048.4,780.05,-1,cvat_interp
418,1,1,2,1.0,461.17,523.18,501.49,602.65,-1,cvat_interp
418,2,2,2,1.0,913.38,414.11,941.58,486.41,-1,cvat_interp
418,3,3,2,1.0,1124.08,369.49,1162.54,426.49,-1,cvat_interp
418,5,5,2,1.0,1436.18,504.38,1477.53,591.28,-1,cvat_interp
418,6,6,1,1.0,1398.15,373.44,1425.35,439.52,-1,cvat_interp
418,7,7,2,1.0,1016.76,339.33,1048.0,393.29,-1,cvat_interp
418,8,8,2,1.0,437.19,298.59,458.0,350.78,-1,cvat_interp
418,10,10,2,1.0,800.11,420.59,839.35,493.78,-1,cvat_interp
418,11,11,3,1.0,513.9,459.29,552.8,536.64,-1,cvat_interp
418,13,13,0,1.0,1003.39,384.77,1014.55,395.33,-1,cvat_interp
418,15,15,2,1.0,494.32,603.36,541.22,702.84,-1,cvat_interp
418,16,16,2,1.0,137.23,385.76,164.77,457.26,-1,cvat_interp
418,17,17,2,1.0,1594.85,793.33,1665.95,905.56,-1,cvat_interp
419,0,0,2,1.0,1004.8,679.07,1044.35,780.04,-1,cvat_interp
419,1,1,2,1.0,459.51,524.62,500.24,603.41,-1,cvat_interp
419,2,2,2,1.0,912.09,414.27,940.29,486.57,-1,cvat_interp
419,3,3,2,1.0,1118.29,370.18,1157.22,427.18,-1,cvat_interp
419,5,5,2,1.0,1436.39,505.24,1475.12,591.87,-1,cvat_interp
419,6,6,1,1.0,1396.65,374.03,1423.85,440.1,-1,cvat_interp
419,7,7,2,1.0,1015.18,340.37,1046.43,394.32,-1,cvat_interp
419,8,8,2,1.0,437.65,299.72,458.46,351.91,-1,cvat_interp
419,10,10,2,1.0,797.91,421.27,837.15,494.46,-1,cvat_interp
419,11,11,3,1.0,512.76,459.9,552.2,536.32,-1,cvat_interp
419,13,13,0,1.0,1000.49,385.39,1011.65,395.95,-1,cvat_interp
419,15,15,2,1.0,493.49,604.13,540.38,702.95,-1,cvat_interp
419,16,16,2,1.0,139.51,386.72,167.04,458.22,-1,cvat_interp
419,17,17,2,1.0,1587.39,794.42,1658.64,906.5,-1,cvat_interp
420,0,0,2,1.0,1003.99,679.52,1040.29,780.03,-1,cvat_keyframe
420,1,1,2,1.0,457.85,526.06,499.0,604.17,-1,cvat_keyframe
420,2,2,2,1.0,910.81,414.42,939.01,486.72,-1,cvat_keyframe
420,3,3,2,1.0,1112.5,370.86,1151.9,427.86,-1,cvat_keyframe
420,5,5,2,1.0,1436.6,506.1,1472.7,592.46,-1,cvat_keyframe
420,6,6,1,1.0,1395.16,374.62,1422.36,440.69,-1,cvat_keyframe
420,7,7,2,1.0,1013.61,341.4,1044.86,395.36,-1,cvat_keyframe
420,8,8,2,1.0,438.11,300.84,458.92,353.03,-1,cvat_keyframe
420,10,10,2,1.0,795.72,421.95,834.96,495.14,-1,cvat_keyframe
420,11,11,3,1.0,511.63,460.5,551.6,536.0,-1,cvat_keyframe
420,13,13,0,1.0,997.59,386.01,1008.75,396.58,-1,cvat_keyframe
420,15,15,2,1.0,492.65,604.9,539.55,703.07,-1,cvat_keyframe
420,16,16,2,1.0,141.78,387.69,169.31,459.19,-1,cvat_keyframe
420,17,17,2,1.0,1579.92,795.51,1651.33,907.44,-1,cvat_keyframe
421,0,0,2,1.0,999.24,681.14,1039.34,781.47,-1,cvat_interp
421,1,1,2,1.0,456.71,527.09,496.66,605.19,-1,cvat_interp
421,2,2,2,1.0,909.66,415.71,938.72,487.12,-1,cvat_interp
421,3,3,2,1.0,1105.57,371.53,1144.97,429.26,-1,cvat_interp
421,5,5,2,1.0,1435.38,507.7,1471.48,594.06,-1,cvat_interp
421,6,6,1,1.0,1394.07,376.37,1421.27,441.92,-1,cvat_interp
421,7,7,2,1.0,1010.64,343.86,1041.89,397.81,-1,cvat_interp
421,8,8,2,1.0,439.45,302.76,460.27,354.95,-1,cvat_interp
421,10,10,2,1.0,795.05,422.66,832.7,495.85,-1,cvat_interp
421,11,11,3,1.0,509.61,461.81,549.68,536.98,-1,cvat_interp
421,13,13,0,1.0,994.02,387.22,1005.18,397.78,-1,cvat_interp
421,15,15,2,1.0,491.12,606.01,537.5,704.19,-1,cvat_interp
421,16,16,2,1.0,144.11,388.8,171.65,459.77,-1,cvat_interp
421,17,17,2,1.0,1575.99,797.25,1647.55,909.18,-1,cvat_interp
422,0,0,2,1.0,994.48,682.77,1038.4,782.91,-1,cvat_interp
422,1,1,2,1.0,455.58,528.11,494.32,606.21,-1,cvat_interp
422,2,2,2,1.0,908.5,416.99,938.43,487.51,-1,cvat_interp
422,3,3,2,1.0,1098.64,372.2,1138.04,430.66,-1,cvat_interp
422,5,5,2,1.0,1434.16,509.3,1470.26,595.67,-1,cvat_interp
422,6,6,1,1.0,1392.99,378.11,1420.19,443.15,-1,cvat_interp
422,7,7,2,1.0,1007.68,346.31,1038.93,400.27,-1,cvat_interp
422,8,8,2,1.0,440.79,304.68,461.61,356.87,-1,cvat_interp
422,10,10,2,1.0,794.38,423.37,830.43,496.56,-1,cvat_interp
422,11,11,3,1.0,507.59,463.12,547.76,537.95,-1,cvat_interp
422,13,13,0,1.0,990.45,388.42,1001.61,398.99,-1,cvat_interp
422,15,15,2,1.0,489.59,607.12,535.46,705.3,-1,cvat_interp
422,16,16,2,1.0,146.45,389.91,173.98,460.34,-1,cvat_interp
422,17,17,2,1.0,1572.06,798.99,1643.77,910.92,-1,cvat_interp
423,0,0,2,1.0,989.73,684.4,1037.45,784.35,-1,cvat_interp
423,1,1,2,1.0,454.45,529.13,491.98,607.24,-1,cvat_interp
423,2,2,2,1.0,907.35,418.28,938.15,487.91,-1,cvat_interp
423,3,3,2,1.0,1091.71,372.87,1131.11,432.06,-1,cvat_interp
423,5,5,2,1.0,1432.94,510.9,1469.04,597.27,-1,cvat_interp
423,6,6,1,1.0,1391.9,379.86,1419.1,444.38,-1,cvat_interp
423,7,7,2,1.0,1004.72,348.77,1035.97,402.73,-1,cvat_interp
423,8,8,2,1.0,442.14,306.6,462.95,358.78,-1,cvat_interp
423,10,10,2,1.0,793.71,424.08,828.17,497.26,-1,cvat_interp
423,11,11,3,1.0,505.58,464.43,545.84,538.93,-1,cvat_interp
423,13,13,0,1.0,986.88,389.63,998.04,400.19,-1,cvat_interp
423,15,15,2,1.0,488.05,608.24,533.41,706.41,-1,cvat_interp
423,16,16,2,1.0,148.79,391.02,176.32,460.91,-1,cvat_interp
423,17,17,2,1.0,1568.13,800.73,1639.98,912.66,-1,cvat_interp
424,0,0,2,1.0,984.97,686.03,1036.5,785.78,-1,cvat_interp
424,1,1,2,1.0,453.31,530.16,489.64,608.26,-1,cvat_interp
424,2,2,2,1.0,906.2,419.57,937.86,488.31,-1,cvat_interp
424,3,3,2,1.0,1084.78,373.54,1124.19,433.47,-1,cvat_keyframe
424,5,5,2,1.0,1431.72,512.5,1467.82,598.87,-1,cvat_interp
424,6,6,1,1.0,1390.81,381.61,1418.01,445.61,-1,cvat_interp
424,7,7,2,1.0,1001.76,351.23,1033.0,405.18,-1,cvat_keyframe
424,8,8,2,1.0,443.48,308.52,464.29,360.7,-1,cvat_interp
424,10,10,2,1.0,793.04,424.79,825.91,497.97,-1,cvat_interp
424,11,11,3,1.0,503.56,465.74,543.92,539.9,-1,cvat_interp
424,13,13,0,1.0,983.31,390.84,994.48,401.4,-1,cvat_keyframe
424,15,15,2,1.0,486.52,609.35,531.37,707.52,-1,cvat_interp
424,16,16,2,1.0,151.12,392.14,178.66,461.49,-1,cvat_interp
424,17,17,2,1.0,1564.19,802.47,1636.2,914.4,-1,cvat_keyframe
425,0,0,2,1.0,980.21,687.66,1035.55,787.22,-1,cvat_interp
425,1,1,2,1.0,452.18,531.18,487.3,609.28,-1,cvat_interp
425,2,2,2,1.0,905.05,420.86,937.57,488.71,-1,cvat_interp
425,3,3,2,1.0,1080.14,374.55,1119.54,435.68,-1,cvat_interp
425,5,5,2,1.0,1430.5,514.1,1466.6,600.47,-1,cvat_interp
425,6,6,1,1.0,1389.73,383.36,1416.93,446.84,-1,cvat_interp
425,7,7,2,1.0,999.5,351.57,1030.74,405.53,-1,cvat_interp
425,8,8,2,1.0,444.82,310.43,465.64,362.62,-1,cvat_interp
425,10,10,2,1.0,792.37,425.49,823.64,498.68,-1,cvat_interp
425,11,11,3,1.0,501.54,467.05,542.0,540.88,-1,cvat_interp
425,13,13,0,1.0,981.42,392.04,992.58,402.61,-1,cvat_interp
425,15,15,2,1.0,484.99,610.46,529.32,708.63,-1,cvat_interp
425,16,16,2,1.0,153.46,393.25,180.99,462.06,-1,cvat_interp
425,17,17,2,1.0,1560.26,804.21,1628.83,916.14,-1,cvat_interp
426,0,0,2,1.0,975.46,689.29,1034.6,788.66,-1,cvat_interp
426,1,1,2,1.0,451.05,532.2,484.96,610.31,-1,cvat_interp
426,2,2,2,1.0,903.9,422.15,937.29,489.11,-1,cvat_interp
426,3,3,2,1.0,1075.5,375.56,1114.9,437.89,-1,cvat_interp
426,5,5,2,1.0,1429.28,515.7,1465.38,602.07,-1,cvat_interp
426,6,6,1,1.0,1388.64,385.11,1415.84,448.07,-1,cvat_interp
426,7,7,2,1.0,997.24,351.92,1028.49,405.88,-1,cvat_interp
426,8,8,2,1.0,446.17,312.35,466.98,364.54,-1,cvat_interp
426,10,10,2,1.0,791.71,426.2,821.38,499.39,-1,cvat_interp
426,11,11,3,1.0,499.53,468.36,540.08,541.85,-1,cvat_interp
426,13,13,0,1.0,979.53,393.25,990.69,403.81,-1,cvat_interp
426,15,15,2,1.0,483.45,611.57,527.28,709.75,-1,cvat_interp
426,16,16,2,1.0,155.8,394.36,183.33,462.64,-1,cvat_interp
426,17,17,2,1.0,1556.33,805.95,1621.47,917.88,-1,cvat_interp
427,0,0,2,1.0,970.7,690.92,1033.65,790.1,-1,cvat_keyframe
427,1,1,2,1.0,449.91,533.23,482.62,611.33,-1,cvat_interp
427,2,2,2,1.0,902.74,423.44,937.0,489.51,-1,cvat_keyframe
427,3,3,2,1.0,1070.85,376.57,1110.25,440.1,-1,cvat_keyframe
427,5,5,2,1.0,1428.06,517.31,1464.16,603.67,-1,cvat_interp
427,6,6,1,1.0,1387.55,386.86,1414.75,449.29,-1,cvat_interp
427,7,7,2,1.0,994.98,352.27,1026.23,406.23,-1,cvat_interp
427,8,8,2,1.0,447.51,314.27,468.32,366.46,-1,cvat_interp
427,10,10,2,1.0,791.04,426.91,819.12,500.1,-1,cvat_interp
427,11,11,3,1.0,497.51,469.67,538.16,542.83,-1,cvat_interp
427,13,13,0,1.0,977.64,394.45,988.8,405.02,-1,cvat_interp
427,15,15,2,1.0,481.92,612.68,525.23,710.86,-1,cvat_interp
427,16,16,2,1.0,158.13,395.47,185.67,463.21,-1,cvat_interp
427,17,17,2,1.0,1552.4,807.69,1614.1,919.62,-1,cvat_interp
428,0,0,2,1.0,972.34,692.54,1032.7,790.17,-1,cvat_interp
428,1,1,2,1.0,448.78,534.25,480.28,612.35,-1,cvat_interp
428,2,2,2,1.0,901.59,424.72,933.83,489.91,-1,cvat_interp
428,3,3,2,1.0,1066.21,377.58,1105.61,438.93,-1,cvat_interp
428,5,5,2,1.0,1426.84,518.91,1462.94,605.27,-1,cvat_interp
428,6,6,1,1.0,1386.46,388.6,1413.66,450.52,-1,cvat_interp
428,7,7,2,1.0,992.72,352.62,1023.97,406.57,-1,cvat_interp
428,8,8,2,1.0,448.85,316.19,469.67,368.38,-1,cvat_interp
428,10,10,2,1.0,790.37,427.62,816.85,500.81,-1,cvat_interp
428,11,11,3,1.0,495.49,470.98,536.24,543.8,-1,cvat_interp
428,13,13,0,1.0,975.75,395.66,986.91,406.22,-1,cvat_interp
428,15,15,2,1.0,480.39,613.8,523.19,711.97,-1,cvat_interp
428,16,16,2,1.0,160.47,396.58,188.0,463.78,-1,cvat_interp
428,17,17,2,1.0,1548.46,809.43,1606.73,921.36,-1,cvat_interp
429,0,0,2,1.0,973.97,694.17,1031.75,790.24,-1,cvat_interp
429,1,1,2,1.0,447.65,535.27,477.94,613.38,-1,cvat_interp
429,2,2,2,1.0,900.44,426.01,930.66,490.31,-1,cvat_interp
429,3,3,2,1.0,1061.56,378.59,1100.96,437.76,-1,cvat_interp
429,5,5,2,1.0,1425.62,520.51,1461.72,606.87,-1,cvat_interp
429,6,6,1,1.0,1385.38,390.35,1412.58,451.75,-1,cvat_interp
429,7,7,2,1.0,990.46,352.96,1021.71,406.92,-1,cvat_interp
429,8,8,2,1.0,450.2,318.11,471.01,370.3,-1,cvat_interp
429,10,10,2,1.0,789.7,428.33,814.59,501.52,-1,cvat_interp
429,11,11,3,1.0,493.48,472.29,534.32,544.78,-1,cvat_interp
429,13,13,0,1.0,973.85,396.87,985.02,407.43,-1,cvat_interp
429,15,15,2,1.0,478.85,614.91,521.14,713.08,-1,cvat_interp
429,16,16,2,1.0,162.81,397.69,190.34,464.36,-1,cvat_interp
429,17,17,2,1.0,1544.53,811.17,1599.37,923.1,-1,cvat_interp
430,0,0,2,1.0,975.61,695.8,1030.8,790.32,-1,cvat_keyframe
430,1,1,2,1.0,446.51,536.3,475.6,614.4,-1,cvat_keyframe
430,2,2,2,1.0,899.29,427.3,927.49,490.7,-1,cvat_keyframe
430,3,3,2,1.0,1056.92,379.6,1096.32,436.6,-1,cvat_keyframe
430,5,5,2,1.0,1424.4,522.11,1460.5,608.47,-1,cvat_keyframe
430,6,6,1,1.0,1384.29,392.1,1411.49,452.98,-1,cvat_keyframe
430,7,7,2,1.0,988.2,353.31,1019.45,407.27,-1,cvat_keyframe
430,8,8,2,1.0,451.54,320.03,472.35,372.22,-1,cvat_keyframe
430,10,10,2,1.0,789.03,429.04,812.33,502.23,-1,cvat_keyframe
430,11,11,3,1.0,491.46,473.6,532.4,545.75,-1,cvat_keyframe
430,13,13,0,1.0,971.96,398.07,983.13,408.63,-1,cvat_keyframe
430,15,15,2,1.0,477.32,616.02,519.1,714.19,-1,cvat_keyframe
430,16,16,2,1.0,165.14,398.8,192.68,464.93,-1,cvat_keyframe
430,17,17,2,1.0,1540.6,812.91,1592.0,924.84,-1,cvat_keyframe
431,0,0,2,1.0,974.81,696.7,1028.24,792.25,-1,cvat_interp
431,1,1,2,1.0,445.23,537.46,476.8,615.57,-1,cvat_interp
431,2,2,2,1.0,898.59,428.51,927.57,491.91,-1,cvat_interp
431,3,3,2,1.0,1053.57,380.6,1092.19,438.86,-1,cvat_interp
431,5,5,2,1.0,1425.42,523.3,1462.48,609.67,-1,cvat_interp
431,6,6,1,1.0,1384.13,393.76,1411.33,454.65,-1,cvat_interp
431,7,7,2,1.0,987.27,355.47,1018.52,409.42,-1,cvat_interp
431,8,8,2,1.0,455.38,321.35,476.2,373.54,-1,cvat_interp
431,10,10,2,1.0,788.8,429.94,813.27,502.93,-1,cvat_interp
431,11,11,3,1.0,490.26,474.86,531.48,547.9,-1,cvat_interp
431,13,13,0,1.0,972.0,399.61,983.16,410.18,-1,cvat_interp
431,15,15,2,1.0,478.58,617.46,520.36,715.63,-1,cvat_interp
431,16,16,2,1.0,168.39,400.47,196.83,466.21,-1,cvat_interp
431,17,17,2,1.0,1535.08,814.19,1591.06,926.86,-1,cvat_interp
432,0,0,2,1.0,974.01,697.6,1025.68,794.18,-1,cvat_interp
432,1,1,2,1.0,443.95,538.63,478.0,616.73,-1,cvat_interp
432,2,2,2,1.0,897.89,429.71,927.65,493.12,-1,cvat_interp
432,3,3,2,1.0,1050.23,381.59,1088.07,441.12,-1,cvat_interp
432,5,5,2,1.0,1426.44,524.49,1464.45,610.86,-1,cvat_interp
432,6,6,1,1.0,1383.97,395.42,1411.17,456.32,-1,cvat_interp
432,7,7,2,1.0,986.34,357.62,1017.59,411.58,-1,cvat_interp
432,8,8,2,1.0,459.22,322.68,480.04,374.86,-1,cvat_interp
432,10,10,2,1.0,788.58,430.83,814.21,503.63,-1,cvat_interp
432,11,11,3,1.0,489.06,476.12,530.56,550.05,-1,cvat_interp
432,13,13,0,1.0,972.03,401.15,983.2,411.72,-1,cvat_interp
432,15,15,2,1.0,479.84,618.9,521.62,717.07,-1,cvat_interp
432,16,16,2,1.0,171.65,402.14,200.99,467.49,-1,cvat_interp
432,17,17,2,1.0,1529.56,815.47,1590.12,928.88,-1,cvat_interp
433,0,0,2,1.0,973.21,698.5,1023.12,796.11,-1,cvat_interp
433,1,1,2,1.0,442.67,539.79,479.2,617.9,-1,cvat_interp
433,2,2,2,1.0,897.2,430.92,927.73,494.32,-1,cvat_interp
433,3,3,2,1.0,1046.89,382.59,1083.95,443.38,-1,cvat_interp
433,5,5,2,1.0,1427.46,525.69,1466.43,612.05,-1,cvat_interp
433,6,6,1,1.0,1383.82,397.08,1411.02,457.99,-1,cvat_interp
433,7,7,2,1.0,985.42,359.77,1016.66,413.73,-1,cvat_interp
433,8,8,2,1.0,463.07,324.0,483.88,376.19,-1,cvat_interp
433,10,10,2,1.0,788.35,431.73,815.15,504.33,-1,cvat_interp
433,11,11,3,1.0,487.86,477.38,529.64,552.2,-1,cvat_interp
433,13,13,0,1.0,972.07,402.7,983.23,413.26,-1,cvat_interp
433,15,15,2,1.0,481.1,620.34,522.88,718.51,-1,cvat_interp
433,16,16,2,1.0,174.9,403.8,205.15,468.77,-1,cvat_interp
433,17,17,2,1.0,1524.04,816.74,1589.18,930.91,-1,cvat_interp
434,0,0,2,1.0,972.4,699.4,1020.56,798.04,-1,cvat_interp
434,1,1,2,1.0,441.38,540.96,480.4,619.06,-1,cvat_interp
434,2,2,2,1.0,896.5,432.12,927.81,495.53,-1,cvat_interp
434,3,3,2,1.0,1043.54,383.59,1079.82,445.64,-1,cvat_interp
434,5,5,2,1.0,1428.48,526.88,1468.4,613.24,-1,cvat_interp
434,6,6,1,1.0,1383.66,398.74,1410.86,459.65,-1,cvat_interp
434,7,7,2,1.0,984.49,361.93,1015.74,415.88,-1,cvat_interp
434,8,8,2,1.0,466.91,325.32,487.72,377.51,-1,cvat_interp
434,10,10,2,1.0,788.13,432.63,816.09,505.03,-1,cvat_interp
434,11,11,3,1.0,486.66,478.65,528.72,554.35,-1,cvat_interp
434,13,13,0,1.0,972.1,404.24,983.27,414.8,-1,cvat_interp
434,15,15,2,1.0,482.36,621.78,524.14,719.95,-1,cvat_interp
434,16,16,2,1.0,178.15,405.47,209.31,470.04,-1,cvat_interp
434,17,17,2,1.0,1518.52,818.02,1588.24,932.93,-1,cvat_interp
435,0,0,2,1.0,971.6,700.3,1018.0,799.97,-1,cvat_keyframe
435,1,1,2,1.0,440.1,542.13,481.6,620.23,-1,cvat_keyframe
435,2,2,2,1.0,895.8,433.33,927.89,496.73,-1,cvat_keyframe
435,3,3,2,1.0,1040.2,384.59,1075.7,447.9,-1,cvat_keyframe
435,5,5,2,1.0,1429.5,528.07,1470.38,614.44,-1,cvat_keyframe
435,6,6,1,1.0,1383.5,400.4,1410.7,461.32,-1,cvat_keyframe
435,7,7,2,1.0,983.56,364.08,1014.81,418.04,-1,cvat_keyframe
435,8,8,2,1.0,470.75,326.65,491.56,378.83,-1,cvat_interp
435,10,10,2,1.0,787.9,433.53,817.04,505.73,-1,cvat_keyframe
435,11,11,3,1.0,485.46,479.91,527.8,556.5,-1,cvat_keyframe
435,13,13,0,1.0,972.14,405.78,983.3,416.34,-1,cvat_interp
435,15,15,2,1.0,483.62,623.22,525.4,721.39,-1,cvat_interp
435,16,16,2,1.0,181.4,407.14,213.46,471.32,-1,cvat_keyframe
435,17,17,2,1.0,1513.0,819.3,1587.3,934.95,-1,cvat_keyframe
436,0,0,2,1.0,970.8,702.82,1018.96,801.9,-1,cvat_interp
436,1,1,2,1.0,441.75,543.29,480.76,621.39,-1,cvat_interp
436,2,2,2,1.0,896.66,434.53,927.97,497.94,-1,cvat_interp
436,3,3,2,1.0,1037.5,385.59,1073.78,447.64,-1,cvat_interp
436,5,5,2,1.0,1432.07,529.26,1472.35,615.63,-1,cvat_interp
436,6,6,1,1.0,1385.24,401.76,1412.44,462.99,-1,cvat_interp
436,7,7,2,1.0,982.25,364.89,1013.5,418.85,-1,cvat_interp
436,8,8,2,1.0,474.59,327.97,495.4,380.16,-1,cvat_interp
436,10,10,2,1.0,789.75,434.42,817.98,506.43,-1,cvat_interp
436,11,11,3,1.0,484.26,481.17,526.88,556.87,-1,cvat_interp
436,13,13,0,1.0,972.17,407.32,983.33,417.88,-1,cvat_interp
436,15,15,2,1.0,484.88,624.66,526.66,722.83,-1,cvat_interp
436,16,16,2,1.0,186.46,408.81,217.62,472.6,-1,cvat_interp
436,17,17,2,1.0,1511.13,821.49,1580.85,936.98,-1,cvat_interp
437,0,0,2,1.0,970.0,705.34,1019.91,803.83,-1,cvat_interp
437,1,1,2,1.0,443.39,544.46,479.93,622.56,-1,cvat_interp
437,2,2,2,1.0,897.52,435.74,928.05,499.14,-1,cvat_interp
437,3,3,2,1.0,1034.8,386.59,1071.86,447.37,-1,cvat_interp
437,5,5,2,1.0,1434.64,530.46,1474.33,616.82,-1,cvat_interp
437,6,6,1,1.0,1386.98,403.12,1414.18,464.66,-1,cvat_interp
437,7,7,2,1.0,980.94,365.7,1012.19,419.65,-1,cvat_interp
437,8,8,2,1.0,478.43,329.29,499.25,381.48,-1,cvat_interp
437,10,10,2,1.0,791.6,435.32,818.92,507.13,-1,cvat_interp
437,11,11,3,1.0,483.06,482.43,525.96,557.25,-1,cvat_interp
437,13,13,0,1.0,972.21,408.86,983.37,419.42,-1,cvat_interp
437,15,15,2,1.0,486.14,626.1,527.92,724.27,-1,cvat_interp
437,16,16,2,1.0,191.53,410.47,221.78,473.88,-1,cvat_interp
437,17,17,2,1.0,1509.26,823.69,1574.4,939.0,-1,cvat_interp
438,0,0,2,1.0,969.2,707.86,1020.87,805.76,-1,cvat_interp
438,1,1,2,1.0,445.04,545.62,479.09,623.73,-1,cvat_interp
438,2,2,2,1.0,898.38,436.94,928.13,500.35,-1,cvat_interp
438,3,3,2,1.0,1032.1,387.58,1069.94,447.11,-1,cvat_interp
438,5,5,2,1.0,1437.21,531.65,1476.3,618.01,-1,cvat_interp
438,6,6,1,1.0,1388.72,404.48,1415.92,466.33,-1,cvat_interp
438,7,7,2,1.0,979.62,366.51,1010.87,420.46,-1,cvat_interp
438,8,8,2,1.0,482.27,330.62,503.09,382.81,-1,cvat_interp
438,10,10,2,1.0,793.45,436.22,819.86,507.83,-1,cvat_interp
438,11,11,3,1.0,481.86,483.69,525.04,557.62,-1,cvat_interp
438,13,13,0,1.0,972.24,410.4,983.4,420.96,-1,cvat_interp
438,15,15,2,1.0,487.4,627.54,529.18,725.71,-1,cvat_interp
438,16,16,2,1.0,196.59,412.14,225.94,475.16,-1,cvat_interp
438,17,17,2,1.0,1507.39,825.88,1567.95,941.02,-1,cvat_interp
439,0,0,2,1.0,968.39,710.38,1021.82,807.69,-1,cvat_interp
439,1,1,2,1.0,446.68,546.79,478.25,624.89,-1,cvat_interp
439,2,2,2,1.0,899.24,438.15,928.21,501.55,-1,cvat_interp
439,3,3,2,1.0,1029.39,388.58,1068.01,446.85,-1,cvat_interp
439,5,5,2,1.0,1439.79,532.84,1478.28,619.21,-1,cvat_interp
439,6,6,1,1.0,1390.46,405.83,1417.66,468.0,-1,cvat_interp
439,7,7,2,1.0,978.31,367.31,1009.56,421.27,-1,cvat_interp
439,8,8,2,1.0,486.12,331.94,506.93,384.13,-1,cvat_interp
439,10,10,2,1.0,795.3,437.12,820.8,508.53,-1,cvat_interp
439,11,11,3,1.0,480.66,484.95,524.12,557.99,-1,cvat_interp
439,13,13,0,1.0,972.28,411.94,983.44,422.5,-1,cvat_interp
439,15,15,2,1.0,488.66,628.98,530.44,727.15,-1,cvat_interp
439,16,16,2,1.0,201.66,413.81,230.09,476.44,-1,cvat_interp
439,17,17,2,1.0,1505.52,828.07,1561.5,943.05,-1,cvat_interp
440,0,0,2,1.0,967.59,712.9,1022.78,809.62,-1,cvat_keyframe
440,1,1,2,1.0,448.33,547.95,477.42,626.06,-1,cvat_keyframe
440,2,2,2,1.0,900.1,439.36,928.3,502.76,-1,cvat_keyframe
440,3,3,2,1.0,1026.69,389.58,1066.09,446.58,-1,cvat_keyframe
440,5,5,2,1.0,1442.36,534.03,1480.25,620.4,-1,cvat_keyframe
440,6,6,1,1.0,1392.2,407.19,1419.4,469.66,-1,cvat_keyframe
440,7,7,2,1.0,977.0,368.12,1008.25,422.08,-1,cvat_keyframe
440,8,8,2,1.0,489.96,333.27,510.77,385.45,-1,cvat_keyframe
440,10,10,2,1.0,797.15,438.01,821.74,509.23,-1,cvat_keyframe
440,11,11,3,1.0,479.46,486.21,523.2,558.36,-1,cvat_keyframe
440,13,13,0,1.0,972.31,413.48,983.47,424.04,-1,cvat_keyframe
440,15,15,2,1.0,489.92,630.42,531.7,728.59,-1,cvat_interp
440,16,16,2,1.0,206.72,415.48,234.25,477.72,-1,cvat_keyframe
440,17,17,2,1.0,1503.64,830.26,1555.04,945.07,-1,cvat_keyframe
441,0,0,2,1.0,970.46,714.61,1025.65,811.1,-1,cvat_interp
441,1,1,2,1.0,450.04,549.58,479.12,627.68,-1,cvat_interp
441,2,2,2,1.0,902.4,440.13,930.6,503.54,-1,cvat_interp
441,3,3,2,1.0,1027.77,390.65,1067.17,447.65,-1,cvat_interp
441,5,5,2,1.0,1446.69,535.78,1484.77,622.15,-1,cvat_interp
441,6,6,1,1.0,1396.03,408.36,1423.23,471.0,-1,cvat_interp
441,7,7,2,1.0,978.39,369.4,1009.64,423.36,-1,cvat_interp
441,8,8,2,1.0,495.35,334.76,516.16,386.95,-1,cvat_interp
441,10,10,2,1.0,800.1,439.17,824.82,510.19,-1,cvat_interp
441,11,11,3,1.0,480.24,487.93,524.26,560.08,-1,cvat_interp
441,13,13,0,1.0,973.44,414.15,984.6,424.71,-1,cvat_interp
441,15,15,2,1.0,491.18,631.86,532.96,730.03,-1,cvat_interp
441,16,16,2,1.0,212.86,416.23,240.39,478.08,-1,cvat_interp
441,17,17,2,1.0,1504.48,833.21,1555.88,948.3,-1,cvat_interp
442,0,0,2,1.0,973.33,716.32,1028.52,812.59,-1,cvat_interp
442,1,1,2,1.0,451.75,551.2,480.83,629.3,-1,cvat_interp
442,2,2,2,1.0,904.7,440.91,932.9,504.32,-1,cvat_interp
442,3,3,2,1.0,1028.84,391.71,1068.25,448.71,-1,cvat_interp
442,5,5,2,1.0,1451.03,537.53,1489.28,623.9,-1,cvat_interp
442,6,6,1,1.0,1399.86,409.53,1427.06,472.33,-1,cvat_interp
442,7,7,2,1.0,979.78,370.69,1011.03,424.64,-1,cvat_interp
442,8,8,2,1.0,500.74,336.26,521.56,388.45,-1,cvat_interp
442,10,10,2,1.0,803.04,440.32,827.89,511.15,-1,cvat_interp
442,11,11,3,1.0,481.03,489.65,525.33,561.8,-1,cvat_interp
442,13,13,0,1.0,974.56,414.82,985.73,425.38,-1,cvat_interp
442,15,15,2,1.0,492.44,633.3,534.22,731.47,-1,cvat_interp
442,16,16,2,1.0,219.0,416.98,246.53,478.44,-1,cvat_interp
442,17,17,2,1.0,1505.32,836.15,1556.72,951.54,-1,cvat_interp
443,0,0,2,1.0,976.21,718.03,1031.39,814.08,-1,cvat_interp
443,1,1,2,1.0,453.45,552.82,482.54,630.93,-1,cvat_interp
443,2,2,2,1.0,907.0,441.69,935.2,505.1,-1,cvat_interp
443,3,3,2,1.0,1029.92,392.78,1069.32,449.78,-1,cvat_interp
443,5,5,2,1.0,1455.36,539.28,1493.8,625.65,-1,cvat_interp
443,6,6,1,1.0,1403.7,410.7,1430.9,473.66,-1,cvat_interp
443,7,7,2,1.0,981.18,371.97,1012.43,425.93,-1,cvat_interp
443,8,8,2,1.0,506.13,337.75,526.95,389.94,-1,cvat_interp
443,10,10,2,1.0,805.99,441.47,830.97,512.1,-1,cvat_interp
443,11,11,3,1.0,481.81,491.37,526.39,563.52,-1,cvat_interp
443,13,13,0,1.0,975.69,415.48,986.85,426.05,-1,cvat_interp
443,15,15,2,1.0,493.7,634.73,535.48,732.91,-1,cvat_interp
443,16,16,2,1.0,225.14,417.73,252.68,478.81,-1,cvat_interp
443,17,17,2,1.0,1506.15,839.1,1557.55,954.77,-1,cvat_interp
444,0,0,2,1.0,979.08,719.74,1034.26,815.57,-1,cvat_interp
444,1,1,2,1.0,455.16,554.45,484.25,632.55,-1,cvat_interp
444,2,2,2,1.0,909.3,442.47,937.5,505.88,-1,cvat_interp
444,3,3,2,1.0,1031.0,393.84,1070.4,450.84,-1,cvat_interp
444,5,5,2,1.0,1459.7,541.03,1498.31,627.4,-1,cvat_interp
444,6,6,1,1.0,1407.53,411.87,1434.73,474.99,-1,cvat_interp
444,7,7,2,1.0,982.57,373.25,1013.82,427.21,-1,cvat_interp
444,8,8,2,1.0,511.52,339.25,532.34,391.44,-1,cvat_interp
444,10,10,2,1.0,808.94,442.63,834.05,513.06,-1,cvat_interp
444,11,11,3,1.0,482.6,493.09,527.45,565.24,-1,cvat_interp
444,13,13,0,1.0,976.82,416.15,987.98,426.71,-1,cvat_interp
444,15,15,2,1.0,494.95,636.17,536.73,734.35,-1,cvat_interp
444,16,16,2,1.0,231.28,418.49,258.82,479.17,-1,cvat_interp
444,17,17,2,1.0,1506.99,842.04,1558.39,958.0,-1,cvat_interp
445,0,0,2,1.0,981.95,721.44,1037.14,817.06,-1,cvat_interp
445,1,1,2,1.0,456.87,556.07,485.95,634.17,-1,cvat_interp
445,2,2,2,1.0,911.6,443.25,939.8,506.65,-1,cvat_interp
445,3,3,2,1.0,1032.07,394.9,1071.47,451.9,-1,cvat_interp
445,5,5,2,1.0,1464.03,542.78,1502.83,629.14,-1,cvat_interp
445,6,6,1,1.0,1411.37,413.05,1438.57,476.32,-1,cvat_interp
445,7,7,2,1.0,983.96,374.53,1015.21,428.49,-1,cvat_interp
445,8,8,2,1.0,516.92,340.75,537.73,392.93,-1,cvat_interp
445,10,10,2,1.0,811.88,443.78,837.12,514.02,-1,cvat_interp
445,11,11,3,1.0,483.38,494.81,528.52,566.96,-1,cvat_interp
445,13,13,0,1.0,977.94,416.82,989.11,427.38,-1,cvat_keyframe
445,15,15,2,1.0,496.21,637.61,537.99,735.79,-1,cvat_interp
445,16,16,2,1.0,237.43,419.24,264.96,479.53,-1,cvat_interp
445,17,17,2,1.0,1507.82,844.98,1559.22,961.23,-1,cvat_interp
446,0,0,2,1.0,984.82,723.15,1040.01,818.55,-1,cvat_interp
446,1,1,2,1.0,458.58,557.69,487.66,635.8,-1,cvat_interp
446,2,2,2,1.0,913.9,444.03,942.1,507.43,-1,cvat_interp
446,3,3,2,1.0,1033.15,395.97,1072.55,452.97,-1,cvat_interp
446,5,5,2,1.0,1468.37,544.53,1507.34,630.89,-1,cvat_interp
446,6,6,1,1.0,1415.2,414.22,1442.4,477.65,-1,cvat_interp
446,7,7,2,1.0,985.35,375.82,1016.6,429.77,-1,cvat_interp
446,8,8,2,1.0,522.31,342.24,543.12,394.43,-1,cvat_interp
446,10,10,2,1.0,814.83,444.93,840.2,514.97,-1,cvat_interp
446,11,11,3,1.0,484.16,496.53,529.58,568.68,-1,cvat_interp
446,13,13,0,1.0,980.45,420.8,991.61,431.36,-1,cvat_keyframe
446,15,15,2,1.0,497.47,639.05,539.25,737.23,-1,cvat_interp
446,16,16,2,1.0,243.57,419.99,271.1,479.89,-1,cvat_interp
446,17,17,2,1.0,1508.66,847.93,1560.06,964.46,-1,cvat_interp
447,0,0,2,1.0,987.69,724.86,1042.88,820.04,-1,cvat_interp
447,1,1,2,1.0,460.29,559.32,489.37,637.42,-1,cvat_interp
447,2,2,2,1.0,916.2,444.81,944.4,508.21,-1,cvat_interp
447,3,3,2,1.0,1034.23,397.03,1073.63,454.03,-1,cvat_interp
447,5,5,2,1.0,1472.7,546.28,1511.86,632.64,-1,cvat_interp
447,6,6,1,1.0,1419.04,415.39,1446.24,478.98,-1,cvat_interp
447,7,7,2,1.0,986.75,377.1,1017.99,431.06,-1,cvat_interp
447,8,8,2,1.0,527.7,343.74,548.51,395.93,-1,cvat_interp
447,10,10,2,1.0,817.78,446.09,843.27,515.93,-1,cvat_interp
447,11,11,3,1.0,484.95,498.25,530.65,570.4,-1,cvat_interp
447,13,13,0,1.0,958.04,419.03,969.2,429.59,-1,cvat_keyframe
447,15,15,2,1.0,498.73,640.49,540.51,738.67,-1,cvat_interp
447,16,16,2,1.0,249.71,420.74,277.24,480.26,-1,cvat_interp
447,17,17,2,1.0,1509.49,850.87,1560.89,967.7,-1,cvat_interp
448,0,0,2,1.0,990.56,726.57,1045.75,821.53,-1,cvat_interp
448,1,1,2,1.0,461.99,560.94,491.08,639.04,-1,cvat_interp
448,2,2,2,1.0,918.5,445.59,946.7,508.99,-1,cvat_interp
448,3,3,2,1.0,1035.3,398.1,1074.7,455.1,-1,cvat_interp
448,5,5,2,1.0,1477.04,548.03,1516.37,634.39,-1,cvat_interp
448,6,6,1,1.0,1422.87,416.56,1450.07,480.31,-1,cvat_interp
448,7,7,2,1.0,988.14,378.38,1019.39,432.34,-1,cvat_interp
448,8,8,2,1.0,533.09,345.23,553.9,397.42,-1,cvat_interp
448,10,10,2,1.0,820.72,447.24,846.35,516.89,-1,cvat_interp
448,11,11,3,1.0,485.73,499.97,531.71,572.12,-1,cvat_interp
448,13,13,0,1.0,946.2,418.63,957.37,429.2,-1,cvat_keyframe
448,15,15,2,1.0,499.99,641.93,541.77,740.11,-1,cvat_interp
448,16,16,2,1.0,255.85,421.5,283.38,480.62,-1,cvat_interp
448,17,17,2,1.0,1510.33,853.81,1561.73,970.93,-1,cvat_interp
449,0,0,2,1.0,993.43,728.28,1048.62,823.02,-1,cvat_interp
449,1,1,2,1.0,463.7,562.57,492.79,640.67,-1,cvat_interp
449,2,2,2,1.0,920.8,446.36,949.0,509.77,-1,cvat_interp
449,3,3,2,1.0,1036.38,399.16,1075.78,456.16,-1,cvat_interp
449,5,5,2,1.0,1481.37,549.78,1520.89,636.14,-1,cvat_interp
449,6,6,1,1.0,1426.7,417.73,1453.9,481.64,-1,cvat_interp
449,7,7,2,1.0,989.53,379.67,1020.78,433.62,-1,cvat_interp
449,8,8,2,1.0,538.48,346.73,559.3,398.92,-1,cvat_interp
449,10,10,2,1.0,823.67,448.4,849.42,517.84,-1,cvat_interp
449,11,11,3,1.0,486.52,501.69,532.77,573.84,-1,cvat_interp
449,13,13,0,1.0,934.95,418.24,946.11,428.81,-1,cvat_keyframe
449,15,15,2,1.0,501.25,643.37,543.03,741.55,-1,cvat_interp
449,16,16,2,1.0,261.99,422.25,289.53,480.98,-1,cvat_interp
449,17,17,2,1.0,1511.16,856.76,1562.56,974.16,-1,cvat_interp
450,0,0,2,1.0,996.31,729.99,1051.49,824.51,-1,cvat_keyframe
450,1,1,2,1.0,465.41,564.19,494.49,642.29,-1,cvat_keyframe
450,2,2,2,1.0,923.1,447.14,951.3,510.55,-1,cvat_keyframe
450,3,3,2,1.0,1037.46,400.23,1076.86,457.23,-1,cvat_keyframe
450,5,5,2,1.0,1485.71,551.53,1525.4,637.89,-1,cvat_keyframe
450,6,6,1,1.0,1430.54,418.9,1457.74,482.97,-1,cvat_keyframe
450,7,7,2,1.0,990.92,380.95,1022.17,434.9,-1,cvat_keyframe
450,8,8,2,1.0,543.87,348.23,564.69,400.41,-1,cvat_keyframe
450,10,10,2,1.0,826.61,449.55,852.5,518.8,-1,cvat_keyframe
450,11,11,3,1.0,487.3,503.4,533.84,575.55,-1,cvat_keyframe
450,13,13,0,1.0,928.37,418.31,939.53,428.88,-1,cvat_keyframe
450,15,15,2,1.0,502.51,644.81,544.29,742.99,-1,cvat_keyframe
450,16,16,2,1.0,268.13,423.0,295.67,481.35,-1,cvat_keyframe
450,17,17,2,1.0,1512.0,859.7,1563.4,977.39,-1,cvat_keyframe
451,0,0,2,1.0,999.92,731.49,1055.11,826.92,-1,cvat_interp
451,1,1,2,1.0,467.89,565.27,498.13,643.38,-1,cvat_interp
451,2,2,2,1.0,925.64,448.3,953.84,513.77,-1,cvat_interp
451,3,3,2,1.0,1038.74,400.89,1078.14,458.27,-1,cvat_interp
451,5,5,2,1.0,1493.14,553.82,1532.84,640.19,-1,cvat_interp
451,6,6,1,1.0,1436.61,420.57,1463.81,484.64,-1,cvat_interp
451,7,7,2,1.0,997.56,382.39,1028.81,436.35,-1,cvat_interp
451,8,8,2,1.0,552.12,349.98,572.93,402.17,-1,cvat_interp
451,10,10,2,1.0,830.09,450.29,855.97,519.54,-1,cvat_interp
451,11,11,3,1.0,490.72,503.71,537.25,577.1,-1,cvat_interp
451,13,13,0,1.0,918.91,418.92,930.08,429.48,-1,cvat_interp
451,15,15,2,1.0,505.27,646.34,552.05,744.49,-1,cvat_interp
451,16,16,2,1.0,276.59,423.45,305.63,482.1,-1,cvat_interp
451,17,17,2,1.0,1513.27,862.05,1565.31,980.56,-1,cvat_interp
452,0,0,2,1.0,1003.53,732.99,1058.72,829.32,-1,cvat_interp
452,1,1,2,1.0,470.36,566.36,501.77,644.46,-1,cvat_interp
452,2,2,2,1.0,928.18,449.46,956.37,517.0,-1,cvat_keyframe
452,3,3,2,1.0,1040.02,401.56,1079.42,459.32,-1,cvat_interp
452,5,5,2,1.0,1500.58,556.12,1540.27,642.48,-1,cvat_interp
452,6,6,1,1.0,1442.68,422.24,1469.88,486.31,-1,cvat_interp
452,7,7,2,1.0,1004.19,383.83,1035.44,437.79,-1,cvat_keyframe
452,8,8,2,1.0,560.36,351.73,581.17,403.92,-1,cvat_keyframe
452,10,10,2,1.0,833.56,451.03,859.45,520.28,-1,cvat_interp
452,11,11,3,1.0,494.13,504.02,540.67,578.65,-1,cvat_keyframe
452,13,13,0,1.0,909.46,419.53,920.62,430.09,-1,cvat_keyframe
452,15,15,2,1.0,508.03,647.87,559.8,746.0,-1,cvat_keyframe
452,16,16,2,1.0,285.04,423.9,315.6,482.85,-1,cvat_keyframe
452,17,17,2,1.0,1514.54,864.4,1567.22,983.74,-1,cvat_interp
453,0,0,2,1.0,1007.15,734.49,1062.33,831.73,-1,cvat_interp
453,1,1,2,1.0,472.84,567.44,505.42,645.54,-1,cvat_interp
453,2,2,2,1.0,930.71,450.62,958.91,517.64,-1,cvat_interp
453,3,3,2,1.0,1041.3,402.23,1080.71,460.36,-1,cvat_interp
453,5,5,2,1.0,1508.02,558.41,1547.71,644.78,-1,cvat_interp
453,6,6,1,1.0,1448.75,423.91,1475.95,487.98,-1,cvat_interp
453,7,7,2,1.0,1007.88,384.64,1039.13,438.6,-1,cvat_interp
453,8,8,2,1.0,566.04,352.84,586.85,405.03,-1,cvat_interp
453,10,10,2,1.0,837.04,451.77,862.92,521.02,-1,cvat_interp
453,11,11,3,1.0,493.28,504.33,539.81,580.2,-1,cvat_interp
453,13,13,0,1.0,901.75,419.74,912.91,430.31,-1,cvat_interp
453,15,15,2,1.0,510.79,649.39,561.31,747.53,-1,cvat_interp
453,16,16,2,1.0,291.64,423.98,321.82,482.85,-1,cvat_interp
453,17,17,2,1.0,1515.8,866.75,1569.13,986.91,-1,cvat_interp
454,0,0,2,1.0,1010.76,735.99,1065.95,834.14,-1,cvat_interp
454,1,1,2,1.0,475.32,568.52,509.06,646.63,-1,cvat_interp
454,2,2,2,1.0,933.25,451.78,961.45,518.28,-1,cvat_interp
454,3,3,2,1.0,1042.59,402.9,1081.99,461.41,-1,cvat_interp
454,5,5,2,1.0,1515.45,560.71,1555.15,647.07,-1,cvat_interp
454,6,6,1,1.0,1454.81,425.58,1482.01,489.65,-1,cvat_interp
454,7,7,2,1.0,1011.57,385.45,1042.82,439.41,-1,cvat_interp
454,8,8,2,1.0,571.72,353.95,592.53,406.14,-1,cvat_interp
454,10,10,2,1.0,840.51,452.51,866.4,521.76,-1,cvat_interp
454,11,11,3,1.0,492.42,504.64,538.96,581.75,-1,cvat_interp
454,13,13,0,1.0,894.04,419.96,905.2,430.52,-1,cvat_interp
454,15,15,2,1.0,513.55,650.92,562.82,749.06,-1,cvat_interp
454,16,16,2,1.0,298.23,424.06,328.03,482.86,-1,cvat_interp
454,17,17,2,1.0,1517.07,869.1,1571.04,990.08,-1,cvat_interp
455,0,0,2,1.0,1014.37,737.49,1069.56,836.55,-1,cvat_interp
455,1,1,2,1.0,477.79,569.61,512.7,647.71,-1,cvat_interp
455,2,2,2,1.0,935.79,452.93,963.99,518.92,-1,cvat_interp
455,3,3,2,1.0,1043.87,403.56,1083.27,462.46,-1,cvat_interp
455,5,5,2,1.0,1522.89,563.0,1562.58,649.37,-1,cvat_interp
455,6,6,1,1.0,1460.88,427.25,1488.08,491.32,-1,cvat_interp
455,7,7,2,1.0,1015.25,386.26,1046.5,440.22,-1,cvat_interp
455,8,8,2,1.0,577.4,355.06,598.21,407.25,-1,cvat_interp
455,10,10,2,1.0,843.99,453.25,869.87,522.5,-1,cvat_interp
455,11,11,3,1.0,491.57,504.95,538.11,583.3,-1,cvat_interp
455,13,13,0,1.0,886.33,420.18,897.5,430.74,-1,cvat_interp
455,15,15,2,1.0,516.3,652.45,564.33,750.59,-1,cvat_interp
455,16,16,2,1.0,304.83,424.14,334.25,482.86,-1,cvat_interp
455,17,17,2,1.0,1518.34,871.45,1572.95,993.25,-1,cvat_interp
456,0,0,2,1.0,1017.99,739.0,1073.17,838.96,-1,cvat_interp
456,1,1,2,1.0,480.27,570.69,516.34,648.79,-1,cvat_interp
456,2,2,2,1.0,938.32,454.09,966.52,519.56,-1,cvat_interp
456,3,3,2,1.0,1045.15,404.23,1084.56,463.5,-1,cvat_interp
456,5,5,2,1.0,1530.32,565.3,1570.02,651.66,-1,cvat_interp
456,6,6,1,1.0,1466.95,428.92,1494.15,492.99,-1,cvat_interp
456,7,7,2,1.0,1018.94,387.07,1050.19,441.03,-1,cvat_interp
456,8,8,2,1.0,583.08,356.17,603.89,408.36,-1,cvat_interp
456,10,10,2,1.0,847.46,453.98,873.35,523.23,-1,cvat_interp
456,11,11,3,1.0,490.72,505.26,537.25,584.84,-1,cvat_interp
456,13,13,0,1.0,878.63,420.4,889.79,430.96,-1,cvat_interp
456,15,15,2,1.0,519.06,653.97,565.84,752.13,-1,cvat_interp
456,16,16,2,1.0,311.42,424.22,340.47,482.87,-1,cvat_interp
456,17,17,2,1.0,1519.61,873.8,1574.86,996.42,-1,cvat_interp
457,0,0,2,1.0,1021.6,740.5,1076.79,841.37,-1,cvat_interp
457,1,1,2,1.0,482.75,571.77,519.98,649.88,-1,cvat_interp
457,2,2,2,1.0,940.86,455.25,969.06,520.21,-1,cvat_interp
457,3,3,2,1.0,1046.44,404.9,1085.84,464.55,-1,cvat_interp
457,5,5,2,1.0,1537.76,567.59,1577.45,653.96,-1,cvat_interp
457,6,6,1,1.0,1473.02,430.6,1500.22,494.66,-1,cvat_interp
457,7,7,2,1.0,1022.63,387.88,1053.88,441.84,-1,cvat_interp
457,8,8,2,1.0,588.76,357.28,609.57,409.47,-1,cvat_interp
457,10,10,2,1.0,850.93,454.72,876.82,523.97,-1,cvat_interp
457,11,11,3,1.0,489.86,505.57,536.4,586.39,-1,cvat_interp
457,13,13,0,1.0,870.92,420.62,882.08,431.18,-1,cvat_interp
457,15,15,2,1.0,521.82,655.5,567.35,753.66,-1,cvat_interp
457,16,16,2,1.0,318.02,424.3,346.68,482.88,-1,cvat_interp
457,17,17,2,1.0,1520.88,876.15,1576.77,999.6,-1,cvat_interp
458,0,0,2,1.0,1025.21,742.0,1080.4,843.78,-1,cvat_interp
458,1,1,2,1.0,485.22,572.86,523.62,650.96,-1,cvat_interp
458,2,2,2,1.0,943.4,456.41,971.6,520.85,-1,cvat_interp
458,3,3,2,1.0,1047.72,405.57,1087.12,465.59,-1,cvat_interp
458,5,5,2,1.0,1545.2,569.89,1584.89,656.25,-1,cvat_interp
458,6,6,1,1.0,1479.09,432.27,1506.29,496.33,-1,cvat_interp
458,7,7,2,1.0,1026.32,388.69,1057.57,442.65,-1,cvat_interp
458,8,8,2,1.0,594.44,358.39,615.25,410.58,-1,cvat_interp
458,10,10,2,1.0,854.41,455.46,880.29,524.71,-1,cvat_interp
458,11,11,3,1.0,489.01,505.88,535.55,587.94,-1,cvat_interp
458,13,13,0,1.0,863.21,420.83,874.37,431.4,-1,cvat_interp
458,15,15,2,1.0,524.58,657.02,568.86,755.19,-1,cvat_interp
458,16,16,2,1.0,324.61,424.39,352.9,482.88,-1,cvat_interp
458,17,17,2,1.0,1522.15,878.5,1578.68,1002.77,-1,cvat_interp
459,0,0,2,1.0,1028.83,743.5,1084.02,846.19,-1,cvat_interp
459,1,1,2,1.0,487.7,573.94,527.26,652.05,-1,cvat_interp
459,2,2,2,1.0,945.94,457.57,974.13,521.49,-1,cvat_interp
459,3,3,2,1.0,1049.0,406.23,1088.41,466.64,-1,cvat_interp
459,5,5,2,1.0,1552.63,572.18,1592.33,658.55,-1,cvat_interp
459,6,6,1,1.0,1485.16,433.94,1512.36,498.0,-1,cvat_interp
459,7,7,2,1.0,1030.01,389.5,1061.26,443.46,-1,cvat_interp
459,8,8,2,1.0,600.12,359.5,620.93,411.69,-1,cvat_interp
459,10,10,2,1.0,857.88,456.2,883.77,525.45,-1,cvat_interp
459,11,11,3,1.0,488.15,506.19,534.69,589.49,-1,cvat_interp
459,13,13,0,1.0,855.5,421.05,866.67,431.61,-1,cvat_interp
459,15,15,2,1.0,527.34,658.55,570.37,756.72,-1,cvat_interp
459,16,16,2,1.0,331.2,424.47,359.12,482.89,-1,cvat_interp
459,17,17,2,1.0,1523.42,880.85,1580.59,1005.94,-1,cvat_interp
460,0,0,2,1.0,1032.44,745.0,1087.63,848.6,-1,cvat_keyframe
460,1,1,2,1.0,490.18,575.03,530.9,653.13,-1,cvat_keyframe
460,2,2,2,1.0,948.47,458.73,976.67,522.13,-1,cvat_keyframe
460,3,3,2,1.0,1050.29,406.9,1089.69,467.68,-1,cvat_keyframe
460,5,5,2,1.0,1560.07,574.48,1599.76,660.84,-1,cvat_keyframe
460,6,6,1,1.0,1491.23,435.61,1518.43,499.67,-1,cvat_keyframe
460,7,7,2,1.0,1033.7,390.31,1064.94,444.27,-1,cvat_keyframe
460,8,8,2,1.0,605.8,360.61,626.61,412.8,-1,cvat_keyframe
460,10,10,2,1.0,861.36,456.94,887.24,526.19,-1,cvat_keyframe
460,11,11,3,1.0,487.3,506.5,533.84,591.04,-1,cvat_keyframe
460,13,13,0,1.0,847.8,421.27,858.96,431.83,-1,cvat_keyframe
460,15,15,2,1.0,530.09,660.08,571.87,758.25,-1,cvat_keyframe
460,16,16,2,1.0,337.8,424.55,365.33,482.89,-1,cvat_keyframe
460,17,17,2,1.0,1524.69,883.2,1582.5,1009.11,-1,cvat_keyframe
461,0,0,2,1.0,1034.56,746.96,1089.75,851.11,-1,cvat_interp
461,1,1,2,1.0,491.44,575.75,530.9,653.85,-1,cvat_interp
461,2,2,2,1.0,948.99,458.87,977.77,522.72,-1,cvat_interp
461,3,3,2,1.0,1050.22,407.43,1088.95,468.32,-1,cvat_interp
461,5,5,2,1.0,1564.62,575.73,1605.64,662.1,-1,cvat_interp
461,6,6,1,1.0,1496.13,436.24,1523.33,500.31,-1,cvat_interp
461,7,7,2,1.0,1037.45,390.67,1067.92,444.62,-1,cvat_interp
461,8,8,2,1.0,610.81,361.14,631.62,413.33,-1,cvat_interp
461,10,10,2,1.0,862.35,457.68,888.97,526.93,-1,cvat_interp
461,11,11,3,1.0,487.2,507.37,533.74,591.91,-1,cvat_interp
461,13,13,0,1.0,840.46,421.48,851.63,432.04,-1,cvat_interp
461,15,15,2,1.0,531.15,661.67,572.93,759.84,-1,cvat_interp
461,16,16,2,1.0,342.71,424.54,370.29,483.22,-1,cvat_interp
461,17,17,2,1.0,1524.21,885.82,1583.61,1012.28,-1,cvat_interp
462,0,0,2,1.0,1036.68,748.92,1091.87,853.62,-1,cvat_interp
462,1,1,2,1.0,492.7,576.47,530.9,654.57,-1,cvat_interp
462,2,2,2,1.0,949.5,459.02,978.88,523.31,-1,cvat_interp
462,3,3,2,1.0,1050.15,407.96,1088.21,468.96,-1,cvat_interp
462,5,5,2,1.0,1569.18,576.99,1611.52,663.35,-1,cvat_interp
462,6,6,1,1.0,1501.04,436.88,1528.24,500.95,-1,cvat_interp
462,7,7,2,1.0,1041.2,391.02,1070.89,444.98,-1,cvat_interp
462,8,8,2,1.0,615.81,361.68,636.63,413.86,-1,cvat_interp
462,10,10,2,1.0,863.34,458.41,890.69,527.66,-1,cvat_interp
462,11,11,3,1.0,487.11,508.25,533.64,592.79,-1,cvat_interp
462,13,13,0,1.0,833.13,421.68,844.3,432.24,-1,cvat_interp
462,15,15,2,1.0,532.21,663.26,573.99,761.43,-1,cvat_interp
462,16,16,2,1.0,347.62,424.54,375.25,483.55,-1,cvat_interp
462,17,17,2,1.0,1523.74,888.44,1584.72,1015.44,-1,cvat_interp
463,0,0,2,1.0,1038.8,750.88,1093.99,856.14,-1,cvat_interp
463,1,1,2,1.0,493.97,577.19,530.9,655.3,-1,cvat_interp
463,2,2,2,1.0,950.02,459.17,979.98,523.9,-1,cvat_interp
463,3,3,2,1.0,1050.08,408.49,1087.47,469.59,-1,cvat_interp
463,5,5,2,1.0,1573.73,578.24,1617.4,664.61,-1,cvat_interp
463,6,6,1,1.0,1505.94,437.52,1533.14,501.59,-1,cvat_interp
463,7,7,2,1.0,1044.95,391.38,1073.86,445.33,-1,cvat_interp
463,8,8,2,1.0,620.82,362.21,641.64,414.4,-1,cvat_interp
463,10,10,2,1.0,864.34,459.15,892.42,528.4,-1,cvat_interp
463,11,11,3,1.0,487.01,509.12,533.55,593.66,-1,cvat_interp
463,13,13,0,1.0,825.8,421.89,836.96,432.45,-1,cvat_interp
463,15,15,2,1.0,533.27,664.85,575.05,763.02,-1,cvat_interp
463,16,16,2,1.0,352.54,424.53,380.2,483.88,-1,cvat_interp
463,17,17,2,1.0,1523.26,891.06,1585.83,1018.61,-1,cvat_interp
464,0,0,2,1.0,1040.93,752.84,1096.11,858.65,-1,cvat_interp
464,1,1,2,1.0,495.23,577.91,530.9,656.02,-1,cvat_interp
464,2,2,2,1.0,950.53,459.32,981.08,524.48,-1,cvat_interp
464,3,3,2,1.0,1050.0,409.03,1086.73,470.23,-1,cvat_interp
464,5,5,2,1.0,1578.28,579.5,1623.28,665.86,-1,cvat_interp
464,6,6,1,1.0,1510.84,438.16,1538.04,502.22,-1,cvat_interp
464,7,7,2,1.0,1048.7,391.73,1076.84,445.69,-1,cvat_interp
464,8,8,2,1.0,625.83,362.74,646.64,414.93,-1,cvat_interp
464,10,10,2,1.0,865.33,459.88,894.15,529.13,-1,cvat_interp
464,11,11,3,1.0,486.91,510.0,533.45,594.54,-1,cvat_interp
464,13,13,0,1.0,818.47,422.09,829.63,432.66,-1,cvat_interp
464,15,15,2,1.0,534.33,666.44,576.11,764.61,-1,cvat_interp
464,16,16,2,1.0,357.45,424.53,385.16,484.2,-1,cvat_interp
464,17,17,2,1.0,1522.79,893.68,1586.94,1021.78,-1,cvat_interp
465,0,0,2,1.0,1043.05,754.8,1098.23,861.17,-1,cvat_interp
465,1,1,2,1.0,496.49,578.64,530.9,656.74,-1,cvat_interp
465,2,2,2,1.0,951.05,459.46,982.19,525.07,-1,cvat_interp
465,3,3,2,1.0,1049.93,409.56,1085.99,470.87,-1,cvat_interp
465,5,5,2,1.0,1582.84,580.75,1629.15,667.12,-1,cvat_interp
465,6,6,1,1.0,1515.75,438.79,1542.95,502.86,-1,cvat_interp
465,7,7,2,1.0,1052.45,392.08,1079.81,446.04,-1,cvat_interp
465,8,8,2,1.0,630.84,363.27,651.65,415.46,-1,cvat_interp
465,10,10,2,1.0,866.32,460.62,895.87,529.87,-1,cvat_interp
465,11,11,3,1.0,486.81,510.87,533.35,595.41,-1,cvat_interp
465,13,13,0,1.0,811.14,422.3,822.3,432.86,-1,cvat_interp
465,15,15,2,1.0,535.4,668.03,577.17,766.2,-1,cvat_interp
465,16,16,2,1.0,362.36,424.52,390.12,484.53,-1,cvat_interp
465,17,17,2,1.0,1522.31,896.3,1588.05,1024.94,-1,cvat_interp
466,0,0,2,1.0,1045.17,756.76,1100.36,863.68,-1,cvat_interp
466,1,1,2,1.0,497.75,579.36,530.9,657.46,-1,cvat_interp
466,2,2,2,1.0,951.56,459.61,983.29,525.66,-1,cvat_interp
466,3,3,2,1.0,1049.86,410.09,1085.25,471.51,-1,cvat_interp
466,5,5,2,1.0,1587.39,582.01,1635.03,668.37,-1,cvat_interp
466,6,6,1,1.0,1520.65,439.43,1547.85,503.5,-1,cvat_interp
466,7,7,2,1.0,1056.2,392.44,1082.78,446.39,-1,cvat_interp
466,8,8,2,1.0,635.85,363.81,656.66,416.0,-1,cvat_interp
466,10,10,2,1.0,867.32,461.36,897.6,530.61,-1,cvat_interp
466,11,11,3,1.0,486.72,511.75,533.25,596.29,-1,cvat_interp
466,13,13,0,1.0,803.81,422.51,814.97,433.07,-1,cvat_interp
466,15,15,2,1.0,536.46,669.62,578.23,767.79,-1,cvat_interp
466,16,16,2,1.0,367.28,424.52,395.07,484.86,-1,cvat_interp
466,17,17,2,1.0,1521.84,898.92,1589.16,1028.11,-1,cvat_interp
467,0,0,2,1.0,1047.29,758.72,1102.48,866.19,-1,cvat_interp
467,1,1,2,1.0,499.01,580.08,530.9,658.19,-1,cvat_interp
467,2,2,2,1.0,952.08,459.76,984.39,526.25,-1,cvat_interp
467,3,3,2,1.0,1049.79,410.62,1084.51,472.14,-1,cvat_interp
467,5,5,2,1.0,1591.94,583.26,1640.91,669.63,-1,cvat_interp
467,6,6,1,1.0,1525.56,440.07,1552.76,504.14,-1,cvat_interp
467,7,7,2,1.0,1059.95,392.79,1085.75,446.75,-1,cvat_interp
467,8,8,2,1.0,640.85,364.34,661.67,416.53,-1,cvat_interp
467,10,10,2,1.0,868.31,462.09,899.32,531.34,-1,cvat_interp
467,11,11,3,1.0,486.62,512.62,533.16,597.16,-1,cvat_interp
467,13,13,0,1.0,796.47,422.71,807.64,433.27,-1,cvat_interp
467,15,15,2,1.0,537.52,671.21,579.29,769.38,-1,cvat_interp
467,16,16,2,1.0,372.19,424.51,400.03,485.19,-1,cvat_interp
467,17,17,2,1.0,1521.36,901.54,1590.27,1031.28,-1,cvat_interp
468,0,0,2,1.0,1049.41,760.68,1104.6,868.71,-1,cvat_interp
468,1,1,2,1.0,500.28,580.8,530.9,658.91,-1,cvat_interp
468,2,2,2,1.0,952.59,459.91,985.49,526.84,-1,cvat_interp
468,3,3,2,1.0,1049.72,411.15,1083.77,472.78,-1,cvat_interp
468,5,5,2,1.0,1596.49,584.52,1646.79,670.88,-1,cvat_interp
468,6,6,1,1.0,1530.46,440.71,1557.66,504.77,-1,cvat_interp
468,7,7,2,1.0,1063.7,393.15,1088.73,447.1,-1,cvat_interp
468,8,8,2,1.0,645.86,364.87,666.68,417.06,-1,cvat_interp
468,10,10,2,1.0,869.3,462.83,901.05,532.08,-1,cvat_interp
468,11,11,3,1.0,486.52,513.5,533.06,598.03,-1,cvat_interp
468,13,13,0,1.0,789.14,422.92,800.31,433.48,-1,cvat_interp
468,15,15,2,1.0,538.58,672.8,580.35,770.97,-1,cvat_interp
468,16,16,2,1.0,377.1,424.51,404.99,485.52,-1,cvat_interp
468,17,17,2,1.0,1520.89,904.16,1591.38,1034.44,-1,cvat_interp
469,0,0,2,1.0,1051.53,762.64,1106.72,871.22,-1,cvat_interp
469,1,1,2,1.0,501.54,581.53,530.9,659.63,-1,cvat_interp
469,2,2,2,1.0,953.11,460.05,986.6,527.43,-1,cvat_interp
469,3,3,2,1.0,1049.65,411.68,1083.03,473.42,-1,cvat_interp
469,5,5,2,1.0,1601.05,585.77,1652.66,672.14,-1,cvat_interp
469,6,6,1,1.0,1535.36,441.34,1562.56,505.41,-1,cvat_interp
469,7,7,2,1.0,1067.45,393.5,1091.7,447.46,-1,cvat_interp
469,8,8,2,1.0,650.87,365.41,671.68,417.59,-1,cvat_interp
469,10,10,2,1.0,870.3,463.56,902.77,532.81,-1,cvat_interp
469,11,11,3,1.0,486.43,514.37,532.96,598.91,-1,cvat_interp
469,13,13,0,1.0,781.81,423.12,792.97,433.69,-1,cvat_interp
469,15,15,2,1.0,539.64,674.39,581.41,772.56,-1,cvat_interp
469,16,16,2,1.0,382.02,424.5,409.94,485.84,-1,cvat_interp
469,17,17,2,1.0,1520.41,906.78,1592.49,1037.61,-1,cvat_interp
470,0,0,2,1.0,1053.65,764.6,1108.84,873.73,-1,cvat_keyframe
470,1,1,2,1.0,502.8,582.25,530.9,660.35,-1,cvat_keyframe
470,2,2,2,1.0,953.62,460.2,987.7,528.02,-1,cvat_keyframe
470,3,3,2,1.0,1049.58,412.22,1082.29,474.05,-1,cvat_keyframe
470,5,5,2,1.0,1605.6,587.03,1658.54,673.39,-1,cvat_keyframe
470,6,6,1,1.0,1540.27,441.98,1567.47,506.05,-1,cvat_keyframe
470,7,7,2,1.0,1071.2,393.85,1094.67,447.81,-1,cvat_keyframe
470,8,8,2,1.0,655.88,365.94,676.69,418.13,-1,cvat_keyframe
470,10,10,2,1.0,871.29,464.3,904.5,533.55,-1,cvat_keyframe
470,11,11,3,1.0,486.33,515.25,532.87,599.78,-1,cvat_keyframe
470,13,13,0,1.0,774.48,423.33,785.64,433.89,-1,cvat_keyframe
470,15,15,2,1.0,540.7,675.98,582.48,774.15,-1,cvat_keyframe
470,16,16,2,1.0,386.93,424.5,414.9,486.17,-1,cvat_keyframe
470,17,17,2,1.0,1519.94,909.4,1593.6,1040.77,-1,cvat_keyframe
471,0,0,2,1.0,1055.97,765.8,1110.13,875.55,-1,cvat_interp
471,1,1,2,1.0,503.95,583.46,532.05,661.56,-1,cvat_interp
471,2,2,2,1.0,954.57,460.36,988.65,528.17,-1,cvat_interp
471,3,3,2,1.0,1049.6,411.85,1084.01,474.22,-1,cvat_interp
471,5,5,2,1.0,1609.2,587.88,1664.92,675.13,-1,cvat_interp
471,6,6,1,1.0,1543.92,442.87,1572.2,507.95,-1,cvat_interp
471,7,7,2,1.0,1073.37,394.05,1097.88,448.71,-1,cvat_interp
471,8,8,2,1.0,659.87,366.71,680.68,418.89,-1,cvat_interp
471,10,10,2,1.0,872.0,463.98,905.21,534.18,-1,cvat_interp
471,11,11,3,1.0,485.15,516.34,531.83,600.88,-1,cvat_interp
471,13,13,0,1.0,770.18,423.41,781.35,433.97,-1,cvat_interp
471,15,15,2,1.0,540.7,677.07,582.48,775.79,-1,cvat_interp
471,16,16,2,1.0,392.33,423.67,420.89,485.34,-1,cvat_interp
471,17,17,2,1.0,1518.82,910.66,1593.32,1043.28,-1,cvat_interp
472,0,0,2,1.0,1058.29,767.0,1111.41,877.36,-1,cvat_interp
472,1,1,2,1.0,505.1,584.67,533.2,662.78,-1,cvat_interp
472,2,2,2,1.0,955.52,460.52,989.6,528.33,-1,cvat_interp
472,3,3,2,1.0,1049.63,411.49,1085.74,474.39,-1,cvat_interp
472,5,5,2,1.0,1612.8,588.74,1671.31,676.87,-1,cvat_interp
472,6,6,1,1.0,1547.57,443.75,1576.93,509.86,-1,cvat_interp
472,7,7,2,1.0,1075.55,394.24,1101.08,449.6,-1,cvat_interp
472,8,8,2,1.0,663.85,367.47,684.67,419.66,-1,cvat_interp
472,10,10,2,1.0,872.72,463.66,905.93,534.82,-1,cvat_interp
472,11,11,3,1.0,483.96,517.43,530.79,601.97,-1,cvat_interp
472,13,13,0,1.0,765.89,423.48,777.05,434.05,-1,cvat_interp
472,15,15,2,1.0,540.7,678.16,582.48,777.43,-1,cvat_interp
472,16,16,2,1.0,397.74,422.84,426.88,484.51,-1,cvat_interp
472,17,17,2,1.0,1517.7,911.91,1593.04,1045.78,-1,cvat_interp
473,0,0,2,1.0,1060.61,768.2,1112.7,879.18,-1,cvat_interp
473,1,1,2,1.0,506.25,585.89,534.35,663.99,-1,cvat_interp
473,2,2,2,1.0,956.47,460.68,990.55,528.49,-1,cvat_interp
473,3,3,2,1.0,1049.65,411.13,1087.46,474.56,-1,cvat_interp
473,5,5,2,1.0,1616.4,589.59,1677.69,678.61,-1,cvat_interp
473,6,6,1,1.0,1551.23,444.63,1581.66,511.76,-1,cvat_interp
473,7,7,2,1.0,1077.72,394.44,1104.28,450.5,-1,cvat_interp
473,8,8,2,1.0,667.84,368.24,688.66,420.43,-1,cvat_interp
473,10,10,2,1.0,873.43,463.34,906.64,535.45,-1,cvat_interp
473,11,11,3,1.0,482.78,518.52,529.76,603.06,-1,cvat_interp
473,13,13,0,1.0,761.59,423.56,772.76,434.12,-1,cvat_interp
473,15,15,2,1.0,540.7,679.26,582.48,779.06,-1,cvat_interp
473,16,16,2,1.0,403.14,422.01,432.87,483.68,-1,cvat_interp
473,17,17,2,1.0,1516.59,913.17,1592.76,1048.29,-1,cvat_interp
474,0,0,2,1.0,1062.93,769.4,1113.98,880.99,-1,cvat_interp
474,1,1,2,1.0,507.41,587.1,535.51,665.2,-1,cvat_interp
474,2,2,2,1.0,957.42,460.83,991.5,528.65,-1,cvat_interp
474,3,3,2,1.0,1049.68,410.76,1089.18,474.73,-1,cvat_interp
474,5,5,2,1.0,1620.0,590.45,1684.07,680.35,-1,cvat_interp
474,6,6,1,1.0,1554.88,445.52,1586.4,513.66,-1,cvat_interp
474,7,7,2,1.0,1079.9,394.63,1107.48,451.39,-1,cvat_interp
474,8,8,2,1.0,671.83,369.01,692.64,421.19,-1,cvat_interp
474,10,10,2,1.0,874.14,463.02,907.35,536.08,-1,cvat_interp
474,11,11,3,1.0,481.6,519.61,528.72,604.15,-1,cvat_interp
474,13,13,0,1.0,757.3,423.64,768.46,434.2,-1,cvat_interp
474,15,15,2,1.0,540.7,680.35,582.48,780.7,-1,cvat_interp
474,16,16,2,1.0,408.54,421.17,438.86,482.85,-1,cvat_interp
474,17,17,2,1.0,1515.47,914.42,1592.48,1050.79,-1,cvat_interp
475,0,0,2,1.0,1065.24,770.6,1115.27,882.8,-1,cvat_interp
475,1,1,2,1.0,508.56,588.31,536.66,666.41,-1,cvat_interp
475,2,2,2,1.0,958.37,460.99,992.45,528.81,-1,cvat_interp
475,3,3,2,1.0,1049.7,410.4,1090.9,474.9,-1,cvat_keyframe
475,5,5,2,1.0,1623.6,591.3,1690.45,682.09,-1,cvat_keyframe
475,6,6,1,1.0,1558.53,446.4,1591.13,515.57,-1,cvat_keyframe
475,7,7,2,1.0,1082.07,394.83,1110.69,452.29,-1,cvat_interp
475,8,8,2,1.0,675.82,369.77,696.63,421.96,-1,cvat_interp
475,10,10,2,1.0,874.85,462.7,908.06,536.72,-1,cvat_keyframe
475,11,11,3,1.0,480.41,520.7,527.68,605.24,-1,cvat_interp
475,13,13,0,1.0,753.0,423.71,764.17,434.28,-1,cvat_interp
475,15,15,2,1.0,540.7,681.44,582.48,782.33,-1,cvat_interp
475,16,16,2,1.0,413.95,420.34,444.85,482.01,-1,cvat_interp
475,17,17,2,1.0,1514.36,915.68,1592.2,1053.3,-1,cvat_keyframe
476,0,0,2,1.0,1067.56,771.8,1116.56,884.62,-1,cvat_interp
476,1,1,2,1.0,509.71,589.52,537.81,667.62,-1,cvat_interp
476,2,2,2,1.0,959.32,461.15,993.4,528.97,-1,cvat_interp
476,3,3,2,1.0,1050.57,411.53,1090.07,475.5,-1,cvat_interp
476,5,5,2,1.0,1632.76,592.16,1696.83,683.84,-1,cvat_interp
476,6,6,1,1.0,1564.09,448.08,1597.76,516.43,-1,cvat_interp
476,7,7,2,1.0,1084.25,395.02,1113.89,453.18,-1,cvat_interp
476,8,8,2,1.0,679.81,370.54,700.62,422.73,-1,cvat_interp
476,10,10,2,1.0,875.57,464.29,908.78,537.35,-1,cvat_interp
476,11,11,3,1.0,479.23,521.79,526.65,606.33,-1,cvat_interp
476,13,13,0,1.0,748.71,423.79,759.87,434.35,-1,cvat_interp
476,15,15,2,1.0,540.7,682.53,582.48,783.97,-1,cvat_interp
476,16,16,2,1.0,419.35,419.51,450.84,481.18,-1,cvat_interp
476,17,17,2,1.0,1513.24,916.93,1591.92,1053.31,-1,cvat_interp
477,0,0,2,1.0,1069.88,773.0,1117.84,886.43,-1,cvat_interp
477,1,1,2,1.0,510.86,590.73,538.96,668.84,-1,cvat_interp
477,2,2,2,1.0,960.27,461.31,994.35,529.12,-1,cvat_interp
477,3,3,2,1.0,1051.44,412.66,1089.25,476.1,-1,cvat_interp
477,5,5,2,1.0,1641.93,593.02,1703.21,685.58,-1,cvat_interp
477,6,6,1,1.0,1569.64,449.76,1604.4,517.28,-1,cvat_interp
477,7,7,2,1.0,1086.42,395.22,1117.09,454.08,-1,cvat_interp
477,8,8,2,1.0,683.8,371.31,704.61,423.49,-1,cvat_interp
477,10,10,2,1.0,876.28,465.87,909.49,537.98,-1,cvat_interp
477,11,11,3,1.0,478.05,522.88,525.61,607.42,-1,cvat_interp
477,13,13,0,1.0,744.41,423.87,755.58,434.43,-1,cvat_interp
477,15,15,2,1.0,540.7,683.62,582.48,785.61,-1,cvat_interp
477,16,16,2,1.0,424.75,418.68,456.83,480.35,-1,cvat_interp
477,17,17,2,1.0,1512.12,918.19,1591.64,1053.31,-1,cvat_interp
478,0,0,2,1.0,1072.2,774.2,1119.13,888.24,-1,cvat_interp
478,1,1,2,1.0,512.01,591.95,540.11,670.05,-1,cvat_interp
478,2,2,2,1.0,961.22,461.47,995.3,529.28,-1,cvat_interp
478,3,3,2,1.0,1052.31,413.79,1088.42,476.7,-1,cvat_interp
478,5,5,2,1.0,1651.09,593.87,1709.6,687.32,-1,cvat_interp
478,6,6,1,1.0,1575.2,451.44,1611.03,518.14,-1,cvat_interp
478,7,7,2,1.0,1088.6,395.41,1120.29,454.97,-1,cvat_interp
478,8,8,2,1.0,687.78,372.07,708.6,424.26,-1,cvat_interp
478,10,10,2,1.0,876.99,467.46,910.2,538.62,-1,cvat_interp
478,11,11,3,1.0,476.87,523.98,524.57,608.51,-1,cvat_interp
478,13,13,0,1.0,740.12,423.94,751.28,434.51,-1,cvat_interp
478,15,15,2,1.0,540.7,684.72,582.48,787.24,-1,cvat_interp
478,16,16,2,1.0,430.16,417.85,462.82,479.52,-1,cvat_interp
478,17,17,2,1.0,1511.01,919.45,1591.36,1053.32,-1,cvat_interp
479,0,0,2,1.0,1074.52,775.4,1120.41,890.06,-1,cvat_interp
479,1,1,2,1.0,513.16,593.16,541.26,671.26,-1,cvat_interp
479,2,2,2,1.0,962.17,461.63,996.25,529.44,-1,cvat_interp
479,3,3,2,1.0,1053.19,414.92,1087.6,477.29,-1,cvat_interp
479,5,5,2,1.0,1660.25,594.73,1715.98,689.06,-1,cvat_interp
479,6,6,1,1.0,1580.75,453.12,1617.67,519.0,-1,cvat_interp
479,7,7,2,1.0,1090.77,395.61,1123.5,455.87,-1,cvat_interp
479,8,8,2,1.0,691.77,372.84,712.59,425.03,-1,cvat_interp
479,10,10,2,1.0,877.7,469.05,910.91,539.25,-1,cvat_interp
479,11,11,3,1.0,475.68,525.07,523.54,609.6,-1,cvat_interp
479,13,13,0,1.0,735.82,424.02,746.99,434.58,-1,cvat_interp
479,15,15,2,1.0,540.7,685.81,582.48,788.88,-1,cvat_interp
479,16,16,2,1.0,435.56,417.02,468.81,478.69,-1,cvat_interp
479,17,17,2,1.0,1509.89,920.7,1591.08,1053.33,-1,cvat_interp
480,0,0,2,1.0,1076.84,776.6,1121.7,891.87,-1,cvat_keyframe
480,1,1,2,1.0,514.31,594.37,542.41,672.47,-1,cvat_keyframe
480,2,2,2,1.0,963.12,461.78,997.2,529.6,-1,cvat_keyframe
480,3,3,2,1.0,1054.06,416.05,1086.77,477.89,-1,cvat_keyframe
480,5,5,2,1.0,1669.42,595.58,1722.36,690.8,-1,cvat_keyframe
480,6,6,1,1.0,1586.31,454.8,1624.3,519.86,-1,cvat_keyframe
480,7,7,2,1.0,1092.95,395.8,1126.7,456.76,-1,cvat_keyframe
480,8,8,2,1.0,695.76,373.61,716.57,425.8,-1,cvat_keyframe
480,10,10,2,1.0,878.42,470.63,911.63,539.88,-1,cvat_keyframe
480,11,11,3,1.0,474.5,526.16,522.5,610.69,-1,cvat_keyframe
480,13,13,0,1.0,731.53,424.1,742.69,434.66,-1,cvat_keyframe
480,15,15,2,1.0,540.7,686.9,582.48,790.52,-1,cvat_keyframe
480,16,16,2,1.0,440.96,416.19,474.8,477.86,-1,cvat_keyframe
480,17,17,2,1.0,1508.78,921.96,1590.8,1053.33,-1,cvat_keyframe
481,0,0,2,1.0,1078.29,777.97,1124.43,893.24,-1,cvat_interp
481,1,1,2,1.0,515.9,593.64,544.0,673.06,-1,cvat_interp
481,2,2,2,1.0,962.98,462.79,998.2,530.38,-1,cvat_interp
481,3,3,2,1.0,1053.43,416.31,1087.46,478.15,-1,cvat_interp
481,5,5,2,1.0,1675.16,590.79,1730.23,692.02,-1,cvat_interp
481,6,6,1,1.0,1591.1,455.73,1629.09,520.79,-1,cvat_interp
481,7,7,2,1.0,1096.18,396.34,1129.93,457.3,-1,cvat_interp
481,8,8,2,1.0,699.35,374.61,720.17,427.15,-1,cvat_interp
481,10,10,2,1.0,879.24,469.71,913.8,540.34,-1,cvat_interp
481,11,11,3,1.0,473.62,526.49,523.18,611.69,-1,cvat_interp
481,13,13,0,1.0,728.09,424.44,739.26,435.0,-1,cvat_interp
481,15,15,2,1.0,542.05,687.67,584.48,791.78,-1,cvat_interp
481,16,16,2,1.0,446.97,416.3,481.98,478.45,-1,cvat_interp
481,17,17,2,1.0,1510.06,926.37,1590.53,1057.75,-1,cvat_interp
482,0,0,2,1.0,1079.75,779.33,1127.16,894.6,-1,cvat_interp
482,1,1,2,1.0,517.48,592.91,545.58,673.64,-1,cvat_interp
482,2,2,2,1.0,962.83,463.79,999.2,531.17,-1,cvat_interp
482,3,3,2,1.0,1052.81,416.56,1088.15,478.4,-1,cvat_interp
482,5,5,2,1.0,1680.9,586.0,1738.1,693.24,-1,cvat_keyframe
482,6,6,1,1.0,1595.89,456.66,1633.88,521.72,-1,cvat_interp
482,7,7,2,1.0,1099.41,396.88,1133.17,457.84,-1,cvat_interp
482,8,8,2,1.0,702.94,375.61,723.76,428.5,-1,cvat_interp
482,10,10,2,1.0,880.05,468.79,915.98,540.79,-1,cvat_interp
482,11,11,3,1.0,472.74,526.82,523.87,612.7,-1,cvat_interp
482,13,13,0,1.0,724.66,424.78,735.82,435.34,-1,cvat_interp
482,15,15,2,1.0,543.41,688.44,586.48,793.04,-1,cvat_interp
482,16,16,2,1.0,452.98,416.41,489.17,479.04,-1,cvat_interp
482,17,17,2,1.0,1511.35,930.78,1590.26,1062.16,-1,cvat_interp
483,0,0,2,1.0,1081.2,780.7,1129.89,895.97,-1,cvat_keyframe
483,1,1,2,1.0,519.07,592.18,547.17,674.22,-1,cvat_interp
483,2,2,2,1.0,962.68,464.79,1000.2,531.95,-1,cvat_interp
483,3,3,2,1.0,1052.19,416.82,1088.83,478.66,-1,cvat_interp
483,5,5,2,1.0,1686.64,585.9,1744.18,694.46,-1,cvat_interp
483,6,6,1,1.0,1600.68,457.59,1638.67,522.65,-1,cvat_interp
483,7,7,2,1.0,1102.65,397.42,1136.4,458.38,-1,cvat_interp
483,8,8,2,1.0,706.53,376.61,727.35,429.86,-1,cvat_interp
483,10,10,2,1.0,880.87,467.87,918.16,541.24,-1,cvat_interp
483,11,11,3,1.0,471.86,527.15,524.55,613.7,-1,cvat_interp
483,13,13,0,1.0,721.22,425.11,732.38,435.68,-1,cvat_keyframe
483,15,15,2,1.0,544.76,689.21,588.49,794.31,-1,cvat_interp
483,16,16,2,1.0,458.98,416.52,496.35,479.63,-1,cvat_interp
483,17,17,2,1.0,1512.63,935.2,1590.0,1066.57,-1,cvat_keyframe
484,0,0,2,1.0,1084.48,782.06,1135.9,897.71,-1,cvat_interp
484,1,1,2,1.0,520.65,591.46,548.75,674.81,-1,cvat_interp
484,2,2,2,1.0,962.53,465.79,1001.2,532.73,-1,cvat_interp
484,3,3,2,1.0,1051.56,417.07,1089.52,478.91,-1,cvat_interp
484,5,5,2,1.0,1692.39,585.8,1750.25,695.68,-1,cvat_interp
484,6,6,1,1.0,1605.47,458.53,1643.47,523.59,-1,cvat_interp
484,7,7,2,1.0,1105.88,397.96,1139.63,458.92,-1,cvat_interp
484,8,8,2,1.0,710.13,377.61,730.94,431.21,-1,cvat_interp
484,10,10,2,1.0,881.69,466.94,920.34,541.69,-1,cvat_interp
484,11,11,3,1.0,470.98,527.48,525.23,614.7,-1,cvat_interp
484,13,13,0,1.0,723.45,426.02,734.61,436.58,-1,cvat_interp
484,15,15,2,1.0,546.12,689.98,590.49,795.57,-1,cvat_interp
484,16,16,2,1.0,464.99,416.63,503.54,480.22,-1,cvat_interp
484,17,17,2,1.0,1513.31,934.78,1589.13,1069.11,-1,cvat_interp
485,0,0,2,1.0,1087.76,783.43,1141.9,899.46,-1,cvat_interp
485,1,1,2,1.0,522.24,590.73,550.34,675.39,-1,cvat_interp
485,2,2,2,1.0,962.38,466.79,1002.2,533.52,-1,cvat_interp
485,3,3,2,1.0,1050.94,417.33,1090.21,479.17,-1,cvat_interp
485,5,5,2,1.0,1698.13,585.7,1756.33,696.9,-1,cvat_interp
485,6,6,1,1.0,1610.26,459.46,1648.26,524.52,-1,cvat_interp
485,7,7,2,1.0,1109.11,398.49,1142.87,459.46,-1,cvat_interp
485,8,8,2,1.0,713.72,378.6,734.53,432.57,-1,cvat_interp
485,10,10,2,1.0,882.51,466.02,922.52,542.15,-1,cvat_interp
485,11,11,3,1.0,470.1,527.81,525.92,615.7,-1,cvat_interp
485,13,13,0,1.0,725.68,426.93,736.84,437.49,-1,cvat_interp
485,15,15,2,1.0,547.48,690.75,592.5,796.84,-1,cvat_interp
485,16,16,2,1.0,470.99,416.74,510.72,480.81,-1,cvat_interp
485,17,17,2,1.0,1513.99,934.36,1588.25,1071.66,-1,cvat_interp
486,0,0,2,1.0,1091.03,784.79,1147.9,901.2,-1,cvat_keyframe
486,1,1,2,1.0,523.82,590.0,551.92,675.98,-1,cvat_keyframe
486,2,2,2,1.0,962.23,467.79,1003.2,534.3,-1,cvat_keyframe
486,3,3,2,1.0,1050.32,417.58,1090.9,479.42,-1,cvat_keyframe
486,5,5,2,1.0,1703.87,585.6,1762.4,698.12,-1,cvat_interp
486,6,6,1,1.0,1615.06,460.39,1653.05,525.45,-1,cvat_interp
486,7,7,2,1.0,1112.35,399.03,1146.1,460.0,-1,cvat_interp
486,8,8,2,1.0,717.31,379.6,738.12,433.92,-1,cvat_interp
486,10,10,2,1.0,883.33,465.1,924.7,542.6,-1,cvat_keyframe
486,11,11,3,1.0,469.22,528.13,526.6,616.7,-1,cvat_keyframe
486,13,13,0,1.0,727.91,427.83,739.07,438.39,-1,cvat_interp
486,15,15,2,1.0,548.83,691.52,594.5,798.1,-1,cvat_keyframe
486,16,16,2,1.0,477.0,416.85,517.9,481.4,-1,cvat_keyframe
486,17,17,2,1.0,1514.67,933.95,1587.38,1074.2,-1,cvat_keyframe
487,0,0,2,1.0,1094.31,786.16,1148.18,902.28,-1,cvat_interp
487,1,1,2,1.0,525.41,592.55,553.51,676.56,-1,cvat_interp
487,2,2,2,1.0,962.08,468.8,1001.33,534.8,-1,cvat_interp
487,3,3,2,1.0,1049.7,417.84,1089.71,479.68,-1,cvat_interp
487,5,5,2,1.0,1709.62,585.5,1768.48,699.34,-1,cvat_interp
487,6,6,1,1.0,1619.85,461.32,1657.84,526.38,-1,cvat_interp
487,7,7,2,1.0,1115.58,399.57,1149.33,460.54,-1,cvat_interp
487,8,8,2,1.0,720.9,380.6,741.71,435.27,-1,cvat_interp
487,10,10,2,1.0,884.15,467.04,924.33,542.48,-1,cvat_interp
487,11,11,3,1.0,468.35,528.46,523.38,617.7,-1,cvat_interp
487,13,13,0,1.0,730.14,428.74,741.3,439.3,-1,cvat_interp
487,15,15,2,1.0,550.19,692.29,594.88,799.11,-1,cvat_interp
487,16,16,2,1.0,485.95,416.97,525.09,478.77,-1,cvat_interp
487,17,17,2,1.0,1515.36,933.53,1586.51,1071.56,-1,cvat_interp
488,0,0,2,1.0,1097.59,787.52,1148.46,903.36,-1,cvat_interp
488,1,1,2,1.0,526.99,595.1,555.09,677.14,-1,cvat_interp
488,2,2,2,1.0,961.93,469.8,999.46,535.3,-1,cvat_interp
488,3,3,2,1.0,1049.07,418.09,1088.53,479.93,-1,cvat_interp
488,5,5,2,1.0,1715.36,585.4,1774.55,700.56,-1,cvat_interp
488,6,6,1,1.0,1624.64,462.25,1662.63,527.31,-1,cvat_interp
488,7,7,2,1.0,1118.81,400.11,1152.56,461.07,-1,cvat_interp
488,8,8,2,1.0,724.49,381.6,745.3,436.63,-1,cvat_interp
488,10,10,2,1.0,884.97,468.98,923.95,542.36,-1,cvat_interp
488,11,11,3,1.0,467.47,528.79,520.15,618.7,-1,cvat_interp
488,13,13,0,1.0,732.37,429.64,743.53,440.21,-1,cvat_interp
488,15,15,2,1.0,551.55,693.06,595.27,800.12,-1,cvat_interp
488,16,16,2,1.0,494.9,417.08,532.27,476.15,-1,cvat_interp
488,17,17,2,1.0,1516.04,933.11,1585.64,1068.93,-1,cvat_interp
489,0,0,2,1.0,1100.87,788.89,1148.73,904.45,-1,cvat_interp
489,1,1,2,1.0,528.58,597.66,556.68,677.73,-1,cvat_interp
489,2,2,2,1.0,961.78,470.8,997.58,535.8,-1,cvat_interp
489,3,3,2,1.0,1048.45,418.35,1087.34,480.19,-1,cvat_interp
489,5,5,2,1.0,1721.1,585.3,1780.63,701.78,-1,cvat_interp
489,6,6,1,1.0,1629.43,463.18,1667.42,528.24,-1,cvat_interp
489,7,7,2,1.0,1122.04,400.65,1155.8,461.61,-1,cvat_interp
489,8,8,2,1.0,728.08,382.6,748.89,437.98,-1,cvat_interp
489,10,10,2,1.0,885.79,470.93,923.58,542.24,-1,cvat_interp
489,11,11,3,1.0,466.59,529.12,516.93,619.7,-1,cvat_interp
489,13,13,0,1.0,734.6,430.55,745.76,441.11,-1,cvat_interp
489,15,15,2,1.0,552.9,693.83,595.65,801.13,-1,cvat_interp
489,16,16,2,1.0,503.85,417.19,539.46,473.52,-1,cvat_interp
489,17,17,2,1.0,1516.72,932.7,1584.77,1066.29,-1,cvat_interp
490,0,0,2,1.0,1104.15,790.25,1149.01,905.53,-1,cvat_keyframe
490,1,1,2,1.0,530.16,600.21,558.26,678.31,-1,cvat_keyframe
490,2,2,2,1.0,961.64,471.8,995.71,536.3,-1,cvat_keyframe
490,3,3,2,1.0,1047.83,418.6,1086.16,480.44,-1,cvat_interp
490,5,5,2,1.0,1726.85,585.2,1786.7,703.0,-1,cvat_keyframe
490,6,6,1,1.0,1634.22,464.12,1672.21,529.18,-1,cvat_keyframe
490,7,7,2,1.0,1125.28,401.19,1159.03,462.15,-1,cvat_keyframe
490,8,8,2,1.0,731.67,383.6,752.49,439.34,-1,cvat_keyframe
490,10,10,2,1.0,886.61,472.87,923.2,542.12,-1,cvat_keyframe
490,11,11,3,1.0,465.71,529.45,513.71,620.7,-1,cvat_keyframe
490,13,13,0,1.0,736.83,431.46,747.99,442.02,-1,cvat_keyframe
490,15,15,2,1.0,554.26,694.6,596.04,802.14,-1,cvat_keyframe
490,16,16,2,1.0,512.8,417.3,546.64,470.9,-1,cvat_keyframe
490,17,17,2,1.0,1517.4,932.28,1583.9,1063.65,-1,cvat_keyframe
491,0,0,2,1.0,1105.74,791.28,1150.79,906.56,-1,cvat_interp
491,1,1,2,1.0,531.43,600.1,559.53,678.2,-1,cvat_interp
491,2,2,2,1.0,960.73,471.8,994.81,536.3,-1,cvat_interp
491,3,3,2,1.0,1047.2,418.86,1084.97,480.7,-1,cvat_interp
491,5,5,2,1.0,1731.76,585.99,1791.62,703.79,-1,cvat_interp
491,6,6,1,1.0,1637.87,464.59,1675.86,529.65,-1,cvat_interp
491,7,7,2,1.0,1128.68,401.36,1161.52,462.32,-1,cvat_interp
491,8,8,2,1.0,734.85,384.04,755.95,439.77,-1,cvat_interp
491,10,10,2,1.0,886.61,472.3,923.2,542.12,-1,cvat_interp
491,11,11,3,1.0,463.74,530.58,511.74,621.28,-1,cvat_interp
491,13,13,0,1.0,739.16,431.82,749.92,442.38,-1,cvat_interp
491,15,15,2,1.0,555.04,695.49,596.82,803.03,-1,cvat_interp
491,16,16,2,1.0,519.83,417.03,553.67,470.62,-1,cvat_interp
491,17,17,2,1.0,1517.59,931.53,1584.09,1062.91,-1,cvat_interp
492,0,0,2,1.0,1107.33,792.31,1152.57,907.59,-1,cvat_interp
492,1,1,2,1.0,532.69,599.99,560.79,678.09,-1,cvat_interp
492,2,2,2,1.0,959.82,471.8,993.9,536.3,-1,cvat_interp
492,3,3,2,1.0,1046.58,419.11,1083.79,480.95,-1,cvat_interp
492,5,5,2,1.0,1736.68,586.79,1796.53,704.59,-1,cvat_interp
492,6,6,1,1.0,1641.52,465.07,1679.51,530.13,-1,cvat_interp
492,7,7,2,1.0,1132.08,401.53,1164.02,462.49,-1,cvat_interp
492,8,8,2,1.0,738.02,384.47,759.42,440.21,-1,cvat_interp
492,10,10,2,1.0,886.61,471.73,923.2,542.12,-1,cvat_interp
492,11,11,3,1.0,461.77,531.7,509.77,621.86,-1,cvat_interp
492,13,13,0,1.0,741.49,432.19,751.85,442.75,-1,cvat_interp
492,15,15,2,1.0,555.81,696.38,597.59,803.92,-1,cvat_interp
492,16,16,2,1.0,526.86,416.75,560.69,470.35,-1,cvat_interp
492,17,17,2,1.0,1517.77,930.78,1584.27,1062.16,-1,cvat_interp
493,0,0,2,1.0,1108.92,793.34,1154.35,908.62,-1,cvat_interp
493,1,1,2,1.0,533.95,599.88,562.05,677.98,-1,cvat_interp
493,2,2,2,1.0,958.92,471.8,992.99,536.3,-1,cvat_interp
493,3,3,2,1.0,1045.96,419.37,1082.6,481.21,-1,cvat_interp
493,5,5,2,1.0,1741.6,587.58,1801.45,705.38,-1,cvat_interp
493,6,6,1,1.0,1645.17,465.54,1683.16,530.6,-1,cvat_interp
493,7,7,2,1.0,1135.48,401.7,1166.51,462.66,-1,cvat_interp
493,8,8,2,1.0,741.2,384.91,762.89,440.64,-1,cvat_interp
493,10,10,2,1.0,886.61,471.17,923.2,542.12,-1,cvat_interp
493,11,11,3,1.0,459.8,532.83,507.8,622.44,-1,cvat_interp
493,13,13,0,1.0,743.82,432.55,753.79,443.12,-1,cvat_interp
493,15,15,2,1.0,556.59,697.27,598.37,804.81,-1,cvat_interp
493,16,16,2,1.0,533.88,416.48,567.72,470.07,-1,cvat_interp
493,17,17,2,1.0,1517.96,930.03,1584.46,1061.41,-1,cvat_interp
494,0,0,2,1.0,1110.51,794.37,1156.13,909.65,-1,cvat_interp
494,1,1,2,1.0,535.21,599.77,563.31,677.87,-1,cvat_interp
494,2,2,2,1.0,958.01,471.8,992.09,536.3,-1,cvat_interp
494,3,3,2,1.0,1045.33,419.62,1081.42,481.46,-1,cvat_interp
494,5,5,2,1.0,1746.52,588.37,1806.37,706.17,-1,cvat_interp
494,6,6,1,1.0,1648.82,466.02,1686.81,531.08,-1,cvat_interp
494,7,7,2,1.0,1138.89,401.87,1169.0,462.83,-1,cvat_interp
494,8,8,2,1.0,744.37,385.34,766.36,441.08,-1,cvat_interp
494,10,10,2,1.0,886.61,470.6,923.2,542.12,-1,cvat_interp
494,11,11,3,1.0,457.83,533.95,505.83,623.02,-1,cvat_interp
494,13,13,0,1.0,746.15,432.92,755.72,443.48,-1,cvat_interp
494,15,15,2,1.0,557.37,698.16,599.15,805.7,-1,cvat_interp
494,16,16,2,1.0,540.91,416.2,574.74,469.8,-1,cvat_interp
494,17,17,2,1.0,1518.15,929.28,1584.65,1060.66,-1,cvat_interp
495,0,0,2,1.0,1112.1,795.4,1157.91,910.68,-1,cvat_interp
495,1,1,2,1.0,536.48,599.66,564.58,677.76,-1,cvat_interp
495,2,2,2,1.0,957.1,471.8,991.18,536.3,-1,cvat_interp
495,3,3,2,1.0,1044.71,419.88,1080.23,481.72,-1,cvat_interp
495,5,5,2,1.0,1751.43,589.17,1811.29,706.97,-1,cvat_interp
495,6,6,1,1.0,1652.47,466.5,1690.47,531.56,-1,cvat_interp
495,7,7,2,1.0,1142.29,402.04,1171.49,463.0,-1,cvat_interp
495,8,8,2,1.0,747.55,385.78,769.82,441.52,-1,cvat_interp
495,10,10,2,1.0,886.61,470.03,923.2,542.12,-1,cvat_interp
495,11,11,3,1.0,455.86,535.08,503.86,623.6,-1,cvat_interp
495,13,13,0,1.0,748.48,433.28,757.65,443.85,-1,cvat_interp
495,15,15,2,1.0,558.15,699.05,599.93,806.59,-1,cvat_interp
495,16,16,2,1.0,547.94,415.93,581.77,469.53,-1,cvat_interp
495,17,17,2,1.0,1518.34,928.54,1584.84,1059.91,-1,cvat_interp
496,0,0,2,1.0,1113.69,796.43,1159.68,911.71,-1,cvat_interp
496,1,1,2,1.0,537.74,599.55,565.84,677.65,-1,cvat_interp
496,2,2,2,1.0,956.2,471.8,990.27,536.3,-1,cvat_interp
496,3,3,2,1.0,1044.09,420.13,1079.05,481.97,-1,cvat_interp
496,5,5,2,1.0,1756.35,589.96,1816.2,707.76,-1,cvat_interp
496,6,6,1,1.0,1656.12,466.97,1694.12,532.03,-1,cvat_interp
496,7,7,2,1.0,1145.69,402.21,1173.99,463.17,-1,cvat_interp
496,8,8,2,1.0,750.72,386.22,773.29,441.95,-1,cvat_interp
496,10,10,2,1.0,886.61,469.47,923.2,542.12,-1,cvat_interp
496,11,11,3,1.0,453.89,536.2,501.89,624.18,-1,cvat_interp
496,13,13,0,1.0,750.81,433.65,759.58,444.21,-1,cvat_interp
496,15,15,2,1.0,558.93,699.94,600.71,807.48,-1,cvat_interp
496,16,16,2,1.0,554.96,415.65,588.8,469.25,-1,cvat_interp
496,17,17,2,1.0,1518.52,927.79,1585.02,1059.16,-1,cvat_interp
497,0,0,2,1.0,1115.28,797.46,1161.46,912.73,-1,cvat_interp
497,1,1,2,1.0,539.0,599.44,567.1,677.54,-1,cvat_interp
497,2,2,2,1.0,955.29,471.8,989.37,536.3,-1,cvat_interp
497,3,3,2,1.0,1043.46,420.39,1077.86,482.23,-1,cvat_interp
497,5,5,2,1.0,1761.27,590.75,1821.12,708.55,-1,cvat_interp
497,6,6,1,1.0,1659.77,467.45,1697.77,532.51,-1,cvat_interp
497,7,7,2,1.0,1149.09,402.38,1176.48,463.34,-1,cvat_interp
497,8,8,2,1.0,753.9,386.65,776.76,442.39,-1,cvat_interp
497,10,10,2,1.0,886.61,468.9,923.2,542.12,-1,cvat_interp
497,11,11,3,1.0,451.92,537.33,499.92,624.76,-1,cvat_interp
497,13,13,0,1.0,753.14,434.02,761.51,444.58,-1,cvat_interp
497,15,15,2,1.0,559.71,700.83,601.49,808.37,-1,cvat_interp
497,16,16,2,1.0,561.99,415.38,595.82,468.98,-1,cvat_interp
497,17,17,2,1.0,1518.71,927.04,1585.21,1058.41,-1,cvat_interp
498,0,0,2,1.0,1116.88,798.49,1163.24,913.76,-1,cvat_interp
498,1,1,2,1.0,540.26,599.33,568.36,677.43,-1,cvat_interp
498,2,2,2,1.0,954.38,471.8,988.46,536.3,-1,cvat_interp
498,3,3,2,1.0,1042.84,420.64,1076.68,482.48,-1,cvat_interp
498,5,5,2,1.0,1766.18,591.54,1826.04,709.34,-1,cvat_interp
498,6,6,1,1.0,1663.42,467.92,1701.42,532.98,-1,cvat_interp
498,7,7,2,1.0,1152.5,402.55,1178.97,463.51,-1,cvat_interp
498,8,8,2,1.0,757.07,387.09,780.23,442.82,-1,cvat_interp
498,10,10,2,1.0,886.61,468.33,923.2,542.12,-1,cvat_interp
498,11,11,3,1.0,449.95,538.45,497.95,625.34,-1,cvat_interp
498,13,13,0,1.0,755.47,434.38,763.44,444.94,-1,cvat_interp
498,15,15,2,1.0,560.49,701.72,602.26,809.26,-1,cvat_interp
498,16,16,2,1.0,569.01,415.1,602.85,468.7,-1,cvat_interp
498,17,17,2,1.0,1518.9,926.29,1585.4,1057.66,-1,cvat_interp
499,0,0,2,1.0,1118.47,799.52,1165.02,914.79,-1,cvat_interp
499,1,1,2,1.0,541.53,599.22,569.63,677.32,-1,cvat_interp
499,2,2,2,1.0,953.48,471.8,987.55,536.3,-1,cvat_interp
499,3,3,2,1.0,1042.22,420.9,1075.49,482.74,-1,cvat_interp
499,5,5,2,1.0,1771.1,592.34,1830.95,710.14,-1,cvat_interp
499,6,6,1,1.0,1667.07,468.4,1705.07,533.46,-1,cvat_interp
499,7,7,2,1.0,1155.9,402.72,1181.46,463.68,-1,cvat_interp
499,8,8,2,1.0,760.25,387.52,783.69,443.26,-1,cvat_interp
499,10,10,2,1.0,886.61,467.77,923.2,542.12,-1,cvat_interp
499,11,11,3,1.0,447.98,539.58,495.98,625.91,-1,cvat_interp
499,13,13,0,1.0,757.8,434.75,765.38,445.31,-1,cvat_interp
499,15,15,2,1.0,561.26,702.61,603.04,810.15,-1,cvat_interp
499,16,16,2,1.0,576.04,414.83,609.88,468.43,-1,cvat_interp
499,17,17,2,1.0,1519.09,925.54,1585.59,1056.91,-1,cvat_interp
500,0,0,2,1.0,1120.06,800.55,1166.8,915.82,-1,cvat_keyframe
500,1,1,2,1.0,542.79,599.11,570.89,677.21,-1,cvat_keyframe
500,2,2,2,1.0,952.57,471.8,986.65,536.3,-1,cvat_keyframe
500,3,3,2,1.0,1041.59,421.15,1074.31,482.99,-1,cvat_keyframe
500,5,5,2,1.0,1776.02,593.13,1835.87,710.93,-1,cvat_keyframe
500,6,6,1,1.0,1670.72,468.88,1708.72,533.94,-1,cvat_keyframe
500,7,7,2,1.0,1159.3,402.89,1183.96,463.85,-1,cvat_keyframe
500,8,8,2,1.0,763.42,387.96,787.16,443.69,-1,cvat_keyframe
500,10,10,2,1.0,886.61,467.2,923.2,542.12,-1,cvat_keyframe
500,11,11,3,1.0,446.01,540.7,494.01,626.49,-1,cvat_keyframe
500,13,13,0,1.0,760.13,435.11,767.31,445.67,-1,cvat_keyframe
500,15,15,2,1.0,562.04,703.5,603.82,811.04,-1,cvat_keyframe
500,16,16,2,1.0,583.07,414.56,616.9,468.15,-1,cvat_keyframe
500,17,17,2,1.0,1519.27,924.79,1585.77,1056.17,-1,cvat_keyframe
501,0,0,2,1.0,1121.67,800.87,1168.41,916.47,-1,cvat_interp
501,1,1,2,1.0,544.51,598.27,573.96,677.4,-1,cvat_interp
501,2,2,2,1.0,951.65,472.03,985.73,536.53,-1,cvat_interp
501,3,3,2,1.0,1042.05,420.84,1074.77,482.99,-1,cvat_interp
501,5,5,2,1.0,1781.29,593.88,1841.14,711.68,-1,cvat_interp
501,6,6,1,1.0,1674.42,468.97,1712.53,534.87,-1,cvat_interp
501,7,7,2,1.0,1161.21,403.46,1186.63,464.81,-1,cvat_interp
501,8,8,2,1.0,766.22,388.28,790.73,444.22,-1,cvat_interp
501,10,10,2,1.0,886.07,467.2,922.67,542.12,-1,cvat_interp
501,11,11,3,1.0,446.01,540.38,492.17,626.49,-1,cvat_interp
501,13,13,0,1.0,762.55,435.58,769.72,446.15,-1,cvat_interp
501,15,15,2,1.0,563.37,703.83,605.15,811.37,-1,cvat_interp
501,16,16,2,1.0,589.48,414.41,623.31,468.34,-1,cvat_interp
501,17,17,2,1.0,1520.41,923.85,1586.91,1056.26,-1,cvat_interp
502,0,0,2,1.0,1123.29,801.2,1170.03,917.12,-1,cvat_interp
502,1,1,2,1.0,546.23,597.42,577.03,677.58,-1,cvat_interp
502,2,2,2,1.0,950.74,472.26,984.81,536.76,-1,cvat_interp
502,3,3,2,1.0,1042.51,420.54,1075.22,482.99,-1,cvat_interp
502,5,5,2,1.0,1786.55,594.64,1846.41,712.44,-1,cvat_interp
502,6,6,1,1.0,1678.12,469.06,1716.33,535.81,-1,cvat_interp
502,7,7,2,1.0,1163.13,404.03,1189.31,465.77,-1,cvat_interp
502,8,8,2,1.0,769.02,388.61,794.29,444.75,-1,cvat_interp
502,10,10,2,1.0,885.54,467.2,922.13,542.12,-1,cvat_interp
502,11,11,3,1.0,446.01,540.06,490.33,626.49,-1,cvat_interp
502,13,13,0,1.0,764.96,436.05,772.14,446.62,-1,cvat_interp
502,15,15,2,1.0,564.7,704.16,606.48,811.7,-1,cvat_interp
502,16,16,2,1.0,595.89,414.26,629.72,468.52,-1,cvat_interp
502,17,17,2,1.0,1521.55,922.91,1588.05,1056.35,-1,cvat_interp
503,0,0,2,1.0,1124.9,801.52,1171.64,917.77,-1,cvat_interp
503,1,1,2,1.0,547.95,596.58,580.1,677.76,-1,cvat_interp
503,2,2,2,1.0,949.82,472.49,983.9,536.99,-1,cvat_interp
503,3,3,2,1.0,1042.97,420.23,1075.68,482.99,-1,cvat_interp
503,5,5,2,1.0,1791.82,595.39,1851.67,713.19,-1,cvat_interp
503,6,6,1,1.0,1681.82,469.15,1720.14,536.75,-1,cvat_interp
503,7,7,2,1.0,1165.04,404.6,1191.98,466.72,-1,cvat_interp
503,8,8,2,1.0,771.82,388.93,797.85,445.28,-1,cvat_interp
503,10,10,2,1.0,885.0,467.2,921.6,542.12,-1,cvat_interp
503,11,11,3,1.0,446.01,539.74,488.49,626.49,-1,cvat_interp
503,13,13,0,1.0,767.38,436.53,774.55,447.09,-1,cvat_interp
503,15,15,2,1.0,566.03,704.49,607.81,812.03,-1,cvat_interp
503,16,16,2,1.0,602.3,414.11,636.14,468.71,-1,cvat_interp
503,17,17,2,1.0,1522.69,921.97,1589.19,1056.45,-1,cvat_interp
504,0,0,2,1.0,1126.52,801.84,1173.26,918.41,-1,cvat_interp
504,1,1,2,1.0,549.66,595.73,583.17,677.94,-1,cvat_interp
504,2,2,2,1.0,948.9,472.72,982.98,537.22,-1,cvat_interp
504,3,3,2,1.0,1043.43,419.92,1076.14,482.99,-1,cvat_interp
504,5,5,2,1.0,1797.09,596.14,1856.94,713.94,-1,cvat_interp
504,6,6,1,1.0,1685.52,469.25,1723.95,537.68,-1,cvat_interp
504,7,7,2,1.0,1166.95,405.17,1194.65,467.68,-1,cvat_interp
504,8,8,2,1.0,774.61,389.26,801.42,445.81,-1,cvat_interp
504,10,10,2,1.0,884.47,467.2,921.06,542.12,-1,cvat_interp
504,11,11,3,1.0,446.01,539.42,486.65,626.49,-1,cvat_interp
504,13,13,0,1.0,769.79,437.0,776.96,447.56,-1,cvat_interp
504,15,15,2,1.0,567.35,704.83,609.13,812.37,-1,cvat_interp
504,16,16,2,1.0,608.71,413.97,642.55,468.89,-1,cvat_interp
504,17,17,2,1.0,1523.83,921.03,1590.33,1056.54,-1,cvat_interp
505,0,0,2,1.0,1128.13,802.17,1174.87,919.06,-1,cvat_interp
505,1,1,2,1.0,551.38,594.89,586.24,678.12,-1,cvat_interp
505,2,2,2,1.0,947.99,472.95,982.06,537.44,-1,cvat_interp
505,3,3,2,1.0,1043.89,419.61,1076.6,482.99,-1,cvat_interp
505,5,5,2,1.0,1802.36,596.89,1862.21,714.69,-1,cvat_interp
505,6,6,1,1.0,1689.22,469.34,1727.76,538.62,-1,cvat_interp
505,7,7,2,1.0,1168.87,405.74,1197.33,468.64,-1,cvat_interp
505,8,8,2,1.0,777.41,389.58,804.98,446.34,-1,cvat_interp
505,10,10,2,1.0,883.93,467.2,920.53,542.12,-1,cvat_interp
505,11,11,3,1.0,446.01,539.1,484.8,626.49,-1,cvat_interp
505,13,13,0,1.0,772.21,437.47,779.38,448.03,-1,cvat_interp
505,15,15,2,1.0,568.68,705.16,610.46,812.7,-1,cvat_interp
505,16,16,2,1.0,615.12,413.82,648.96,469.08,-1,cvat_interp
505,17,17,2,1.0,1524.97,920.1,1591.47,1056.64,-1,cvat_interp
506,0,0,2,1.0,1129.74,802.49,1176.49,919.71,-1,cvat_interp
506,1,1,2,1.0,553.1,594.04,589.32,678.3,-1,cvat_interp
506,2,2,2,1.0,947.07,473.18,981.15,537.67,-1,cvat_interp
506,3,3,2,1.0,1044.35,419.31,1077.06,482.99,-1,cvat_interp
506,5,5,2,1.0,1807.62,597.65,1867.48,715.45,-1,cvat_interp
506,6,6,1,1.0,1692.92,469.43,1731.57,539.55,-1,cvat_interp
506,7,7,2,1.0,1170.78,406.31,1200.0,469.59,-1,cvat_interp
506,8,8,2,1.0,780.21,389.9,808.54,446.87,-1,cvat_interp
506,10,10,2,1.0,883.4,467.2,919.99,542.12,-1,cvat_interp
506,11,11,3,1.0,446.01,538.78,482.96,626.49,-1,cvat_interp
506,13,13,0,1.0,774.62,437.94,781.79,448.5,-1,cvat_interp
506,15,15,2,1.0,570.01,705.49,611.79,813.03,-1,cvat_interp
506,16,16,2,1.0,621.53,413.67,655.37,469.26,-1,cvat_interp
506,17,17,2,1.0,1526.11,919.16,1592.61,1056.73,-1,cvat_interp
507,0,0,2,1.0,1131.36,802.81,1178.1,920.36,-1,cvat_interp
507,1,1,2,1.0,554.82,593.2,592.39,678.48,-1,cvat_keyframe
507,2,2,2,1.0,946.15,473.4,980.23,537.9,-1,cvat_interp
507,3,3,2,1.0,1044.8,419.0,1077.52,482.99,-1,cvat_keyframe
507,5,5,2,1.0,1812.89,598.4,1872.75,716.2,-1,cvat_interp
507,6,6,1,1.0,1696.62,469.52,1735.38,540.49,-1,cvat_interp
507,7,7,2,1.0,1172.7,406.89,1202.68,470.55,-1,cvat_interp
507,8,8,2,1.0,783.01,390.23,812.11,447.4,-1,cvat_interp
507,10,10,2,1.0,882.86,467.2,919.46,542.12,-1,cvat_interp
507,11,11,3,1.0,446.01,538.46,481.12,626.49,-1,cvat_interp
507,13,13,0,1.0,777.04,438.41,784.21,448.97,-1,cvat_interp
507,15,15,2,1.0,571.34,705.82,613.12,813.36,-1,cvat_interp
507,16,16,2,1.0,627.94,413.52,661.78,469.45,-1,cvat_interp
507,17,17,2,1.0,1527.25,918.22,1593.75,1056.82,-1,cvat_interp
508,0,0,2,1.0,1132.97,803.13,1179.71,921.0,-1,cvat_interp
508,1,1,2,1.0,556.54,594.43,595.46,678.66,-1,cvat_interp
508,2,2,2,1.0,945.24,473.63,979.31,538.13,-1,cvat_interp
508,3,3,2,1.0,1045.26,419.72,1077.97,482.99,-1,cvat_interp
508,5,5,2,1.0,1818.16,599.15,1878.01,716.95,-1,cvat_interp
508,6,6,1,1.0,1700.32,469.62,1739.18,541.43,-1,cvat_interp
508,7,7,2,1.0,1174.61,407.46,1205.35,471.51,-1,cvat_interp
508,8,8,2,1.0,785.8,390.55,815.67,447.93,-1,cvat_interp
508,10,10,2,1.0,882.33,467.2,918.92,542.12,-1,cvat_interp
508,11,11,3,1.0,446.01,538.14,479.28,626.49,-1,cvat_interp
508,13,13,0,1.0,779.45,438.88,786.62,449.44,-1,cvat_interp
508,15,15,2,1.0,572.67,706.15,614.45,813.69,-1,cvat_interp
508,16,16,2,1.0,634.35,413.38,668.19,469.63,-1,cvat_interp
508,17,17,2,1.0,1528.39,917.28,1594.89,1056.92,-1,cvat_interp
509,0,0,2,1.0,1134.59,803.46,1181.33,921.65,-1,cvat_interp
509,1,1,2,1.0,558.26,595.67,598.53,678.84,-1,cvat_interp
509,2,2,2,1.0,944.32,473.86,978.4,538.36,-1,cvat_interp
509,3,3,2,1.0,1045.72,420.43,1078.43,482.99,-1,cvat_interp
509,5,5,2,1.0,1823.43,599.9,1883.28,717.7,-1,cvat_interp
509,6,6,1,1.0,1704.02,469.71,1742.99,542.36,-1,cvat_interp
509,7,7,2,1.0,1176.52,408.03,1208.03,472.46,-1,cvat_interp
509,8,8,2,1.0,788.6,390.88,819.24,448.46,-1,cvat_interp
509,10,10,2,1.0,881.79,467.2,918.39,542.12,-1,cvat_interp
509,11,11,3,1.0,446.01,537.82,477.44,626.49,-1,cvat_interp
509,13,13,0,1.0,781.86,439.35,789.04,449.91,-1,cvat_interp
509,15,15,2,1.0,574.0,706.49,615.78,814.03,-1,cvat_interp
509,16,16,2,1.0,640.77,413.23,674.6,469.82,-1,cvat_interp
509,17,17,2,1.0,1529.53,916.34,1596.03,1057.01,-1,cvat_interp
510,0,0,2,1.0,1136.2,803.78,1182.94,922.3,-1,cvat_keyframe
510,1,1,2,1.0,559.98,596.9,601.6,679.02,-1,cvat_keyframe
510,2,2,2,1.0,943.4,474.09,977.48,538.59,-1,cvat_keyframe
510,3,3,2,1.0,1046.18,421.15,1078.89,482.99,-1,cvat_keyframe
510,5,5,2,1.0,1828.7,600.66,1888.55,718.46,-1,cvat_keyframe
510,6,6,1,1.0,1707.72,469.8,1746.8,543.3,-1,cvat_keyframe
510,7,7,2,1.0,1178.44,408.6,1210.7,473.42,-1,cvat_keyframe
510,8,8,2,1.0,791.4,391.2,822.8,448.99,-1,cvat_keyframe
510,10,10,2,1.0,881.26,467.2,917.85,542.12,-1,cvat_keyframe
510,11,11,3,1.0,446.01,537.5,475.6,626.49,-1,cvat_keyframe
510,13,13,0,1.0,784.28,439.82,791.45,450.39,-1,cvat_keyframe
510,15,15,2,1.0,575.32,706.82,617.1,814.36,-1,cvat_keyframe
510,16,16,2,1.0,647.18,413.08,681.01,470.0,-1,cvat_keyframe
510,17,17,2,1.0,1530.67,915.4,1597.17,1057.1,-1,cvat_keyframe
511,0,0,2,1.0,1138.5,805.38,1185.24,923.9,-1,cvat_interp
511,1,1,2,1.0,561.81,596.9,603.43,679.02,-1,cvat_interp
511,2,2,2,1.0,944.26,473.09,978.33,538.45,-1,cvat_interp
511,3,3,2,1.0,1048.25,421.68,1080.96,485.32,-1,cvat_interp
511,5,5,2,1.0,1831.29,600.97,1894.86,720.36,-1,cvat_interp
511,6,6,1,1.0,1714.14,470.23,1753.22,544.16,-1,cvat_interp
511,7,7,2,1.0,1181.7,408.89,1213.97,473.71,-1,cvat_interp
511,8,8,2,1.0,794.2,392.4,825.6,450.2,-1,cvat_interp
511,10,10,2,1.0,881.32,467.66,917.27,542.58,-1,cvat_interp
511,11,11,3,1.0,443.23,538.4,477.1,627.49,-1,cvat_interp
511,13,13,0,1.0,787.19,440.25,794.37,450.81,-1,cvat_interp
511,15,15,2,1.0,578.17,707.06,619.95,814.6,-1,cvat_interp
511,16,16,2,1.0,652.92,412.56,686.76,470.07,-1,cvat_interp
511,17,17,2,1.0,1533.39,914.31,1599.89,1056.01,-1,cvat_interp
512,0,0,2,1.0,1140.8,806.99,1187.54,925.51,-1,cvat_interp
512,1,1,2,1.0,563.63,596.9,605.26,679.02,-1,cvat_interp
512,2,2,2,1.0,945.11,472.09,979.19,538.31,-1,cvat_interp
512,3,3,2,1.0,1050.31,422.2,1083.02,487.65,-1,cvat_interp
512,5,5,2,1.0,1833.89,601.28,1901.17,722.26,-1,cvat_interp
512,6,6,1,1.0,1720.56,470.66,1759.64,545.01,-1,cvat_interp
512,7,7,2,1.0,1184.97,409.18,1217.24,474.0,-1,cvat_interp
512,8,8,2,1.0,797.0,393.6,828.41,451.4,-1,cvat_interp
512,10,10,2,1.0,881.39,468.12,916.69,543.04,-1,cvat_interp
512,11,11,3,1.0,440.45,539.3,478.6,628.5,-1,cvat_interp
512,13,13,0,1.0,790.11,440.68,797.28,451.24,-1,cvat_interp
512,15,15,2,1.0,581.02,707.31,622.8,814.85,-1,cvat_interp
512,16,16,2,1.0,658.66,412.04,692.5,470.14,-1,cvat_interp
512,17,17,2,1.0,1536.12,913.22,1602.62,1054.93,-1,cvat_interp
513,0,0,2,1.0,1143.1,808.59,1189.84,927.11,-1,cvat_interp
513,1,1,2,1.0,565.46,596.9,607.09,679.02,-1,cvat_interp
513,2,2,2,1.0,945.97,471.09,980.04,538.16,-1,cvat_interp
513,3,3,2,1.0,1052.38,422.73,1085.09,489.97,-1,cvat_interp
513,5,5,2,1.0,1836.49,601.6,1907.47,724.16,-1,cvat_interp
513,6,6,1,1.0,1726.98,471.09,1766.06,545.87,-1,cvat_interp
513,7,7,2,1.0,1188.24,409.46,1220.5,474.29,-1,cvat_interp
513,8,8,2,1.0,799.81,394.8,831.21,452.6,-1,cvat_interp
513,10,10,2,1.0,881.46,468.58,916.1,543.5,-1,cvat_interp
513,11,11,3,1.0,437.68,540.2,480.1,629.5,-1,cvat_interp
513,13,13,0,1.0,793.02,441.11,800.2,451.67,-1,cvat_interp
513,15,15,2,1.0,583.86,707.56,625.64,815.1,-1,cvat_interp
513,16,16,2,1.0,664.41,411.52,698.24,470.21,-1,cvat_interp
513,17,17,2,1.0,1538.84,912.13,1605.34,1053.84,-1,cvat_interp
514,0,0,2,1.0,1145.4,810.2,1192.14,928.72,-1,cvat_keyframe
514,1,1,2,1.0,567.29,596.9,608.92,679.02,-1,cvat_keyframe
514,2,2,2,1.0,946.82,470.1,980.9,538.02,-1,cvat_interp
514,3,3,2,1.0,1054.44,423.25,1087.16,492.3,-1,cvat_keyframe
514,5,5,2,1.0,1839.08,601.91,1913.78,726.06,-1,cvat_keyframe
514,6,6,1,1.0,1733.4,471.52,1772.47,546.72,-1,cvat_interp
514,7,7,2,1.0,1191.51,409.75,1223.77,474.57,-1,cvat_interp
514,8,8,2,1.0,802.61,396.01,834.01,453.8,-1,cvat_interp
514,10,10,2,1.0,881.52,469.04,915.52,543.96,-1,cvat_keyframe
514,11,11,3,1.0,434.9,541.1,481.6,630.5,-1,cvat_keyframe
514,13,13,0,1.0,795.94,441.53,803.11,452.1,-1,cvat_interp
514,15,15,2,1.0,586.71,707.81,628.49,815.35,-1,cvat_interp
514,16,16,2,1.0,670.15,411.0,703.99,470.29,-1,cvat_keyframe
514,17,17,2,1.0,1541.56,911.04,1608.06,1052.75,-1,cvat_interp
515,0,0,2,1.0,1149.21,810.3,1195.95,928.82,-1,cvat_interp
515,1,1,2,1.0,573.92,596.9,615.54,679.02,-1,cvat_interp
515,2,2,2,1.0,947.68,469.1,981.75,537.88,-1,cvat_interp
515,3,3,2,1.0,1056.51,423.78,1089.22,492.17,-1,cvat_interp
515,5,5,2,1.0,1846.19,603.74,1914.82,726.83,-1,cvat_interp
515,6,6,1,1.0,1739.81,471.95,1778.89,547.58,-1,cvat_interp
515,7,7,2,1.0,1194.78,410.04,1227.04,474.86,-1,cvat_interp
515,8,8,2,1.0,805.41,397.21,836.81,455.0,-1,cvat_interp
515,10,10,2,1.0,884.1,468.5,917.45,543.42,-1,cvat_interp
515,11,11,3,1.0,436.75,542.0,483.1,631.5,-1,cvat_interp
515,13,13,0,1.0,798.86,441.96,806.03,452.52,-1,cvat_interp
515,15,15,2,1.0,589.56,708.06,631.34,815.6,-1,cvat_interp
515,16,16,2,1.0,677.6,411.47,711.44,470.36,-1,cvat_interp
515,17,17,2,1.0,1544.29,909.95,1610.79,1051.66,-1,cvat_interp
516,0,0,2,1.0,1153.01,810.39,1199.75,928.91,-1,cvat_interp
516,1,1,2,1.0,580.54,596.9,622.16,679.02,-1,cvat_interp
516,2,2,2,1.0,948.53,468.1,982.61,537.74,-1,cvat_interp
516,3,3,2,1.0,1058.58,424.3,1091.29,492.05,-1,cvat_interp
516,5,5,2,1.0,1853.29,605.57,1915.86,727.6,-1,cvat_interp
516,6,6,1,1.0,1746.23,472.38,1785.31,548.43,-1,cvat_interp
516,7,7,2,1.0,1198.04,410.33,1230.31,475.15,-1,cvat_interp
516,8,8,2,1.0,808.22,398.41,839.62,456.2,-1,cvat_interp
516,10,10,2,1.0,886.68,467.95,919.39,542.87,-1,cvat_interp
516,11,11,3,1.0,438.6,542.9,484.6,632.5,-1,cvat_interp
516,13,13,0,1.0,801.77,442.39,808.94,452.95,-1,cvat_interp
516,15,15,2,1.0,592.4,708.3,634.18,815.84,-1,cvat_interp
516,16,16,2,1.0,685.05,411.93,718.89,470.43,-1,cvat_interp
516,17,17,2,1.0,1547.01,908.86,1613.51,1050.57,-1,cvat_interp
517,0,0,2,1.0,1156.82,810.49,1203.56,929.01,-1,cvat_interp
517,1,1,2,1.0,587.16,596.9,628.78,679.02,-1,cvat_interp
517,2,2,2,1.0,949.39,467.1,983.46,537.59,-1,cvat_interp
517,3,3,2,1.0,1060.64,424.83,1093.35,491.92,-1,cvat_interp
517,5,5,2,1.0,1860.39,607.4,1916.89,728.38,-1,cvat_interp
517,6,6,1,1.0,1752.65,472.81,1791.73,549.29,-1,cvat_interp
517,7,7,2,1.0,1201.31,410.62,1233.58,475.44,-1,cvat_interp
517,8,8,2,1.0,811.02,399.61,842.42,457.4,-1,cvat_interp
517,10,10,2,1.0,889.26,467.41,921.32,542.33,-1,cvat_interp
517,11,11,3,1.0,440.45,543.8,486.1,633.5,-1,cvat_interp
517,13,13,0,1.0,804.69,442.82,811.86,453.38,-1,cvat_interp
517,15,15,2,1.0,595.25,708.55,637.03,816.09,-1,cvat_interp
517,16,16,2,1.0,692.51,412.4,726.34,470.5,-1,cvat_interp
517,17,17,2,1.0,1549.73,907.77,1616.23,1049.48,-1,cvat_interp
518,0,0,2,1.0,1160.62,810.59,1207.36,929.11,-1,cvat_interp
518,1,1,2,1.0,593.78,596.9,635.4,679.02,-1,cvat_interp
518,2,2,2,1.0,950.24,466.1,984.32,537.45,-1,cvat_interp
518,3,3,2,1.0,1062.71,425.35,1095.42,491.79,-1,cvat_interp
518,5,5,2,1.0,1867.49,609.23,1917.93,729.15,-1,cvat_interp
518,6,6,1,1.0,1759.07,473.24,1798.15,550.15,-1,cvat_interp
518,7,7,2,1.0,1204.58,410.91,1236.84,475.73,-1,cvat_interp
518,8,8,2,1.0,813.82,400.81,845.22,458.61,-1,cvat_interp
518,10,10,2,1.0,891.84,466.86,923.25,541.78,-1,cvat_interp
518,11,11,3,1.0,442.31,544.7,487.6,634.5,-1,cvat_interp
518,13,13,0,1.0,807.6,443.24,814.77,453.81,-1,cvat_interp
518,15,15,2,1.0,598.1,708.8,639.88,816.34,-1,cvat_interp
518,16,16,2,1.0,699.96,412.86,733.79,470.57,-1,cvat_interp
518,17,17,2,1.0,1552.46,906.68,1618.96,1048.39,-1,cvat_interp
519,0,0,2,1.0,1164.43,810.69,1211.17,929.21,-1,cvat_interp
519,1,1,2,1.0,600.4,596.9,642.03,679.02,-1,cvat_interp
519,2,2,2,1.0,951.1,465.1,985.17,537.31,-1,cvat_interp
519,3,3,2,1.0,1064.77,425.88,1097.49,491.67,-1,cvat_interp
519,5,5,2,1.0,1874.6,611.06,1918.96,729.92,-1,cvat_interp
519,6,6,1,1.0,1765.49,473.67,1804.57,551.0,-1,cvat_interp
519,7,7,2,1.0,1207.85,411.2,1240.11,476.02,-1,cvat_interp
519,8,8,2,1.0,816.62,402.01,848.03,459.81,-1,cvat_interp
519,10,10,2,1.0,894.42,466.32,925.18,541.24,-1,cvat_interp
519,11,11,3,1.0,444.16,545.6,489.1,635.5,-1,cvat_interp
519,13,13,0,1.0,810.52,443.67,817.69,454.23,-1,cvat_interp
519,15,15,2,1.0,600.95,709.05,642.72,816.59,-1,cvat_interp
519,16,16,2,1.0,707.41,413.33,741.24,470.64,-1,cvat_interp
519,17,17,2,1.0,1555.18,905.59,1621.68,1047.3,-1,cvat_interp
520,0,0,2,1.0,1168.23,810.79,1214.98,929.31,-1,cvat_keyframe
520,1,1,2,1.0,607.03,596.9,648.65,679.02,-1,cvat_keyframe
520,2,2,2,1.0,951.95,464.1,986.03,537.17,-1,cvat_keyframe
520,3,3,2,1.0,1066.84,426.4,1099.55,491.54,-1,cvat_keyframe
520,5,5,2,1.0,1881.7,612.89,1920.0,730.69,-1,cvat_keyframe
520,6,6,1,1.0,1771.91,474.1,1810.99,551.86,-1,cvat_keyframe
520,7,7,2,1.0,1211.12,411.48,1243.38,476.3,-1,cvat_keyframe
520,8,8,2,1.0,819.43,403.21,850.83,461.01,-1,cvat_keyframe
520,10,10,2,1.0,897.0,465.78,927.11,540.69,-1,cvat_keyframe
520,11,11,3,1.0,446.01,546.5,490.6,636.5,-1,cvat_keyframe
520,13,13,0,1.0,813.43,444.1,820.6,454.66,-1,cvat_keyframe
520,15,15,2,1.0,603.79,709.29,645.57,816.83,-1,cvat_keyframe
520,16,16,2,1.0,714.86,413.79,748.7,470.71,-1,cvat_keyframe
520,17,17,2,1.0,1557.91,904.5,1624.41,1046.21,-1,cvat_keyframe
521,0,0,2,1.0,1171.17,811.4,1224.39,929.92,-1,cvat_interp
521,1,1,2,1.0,613.92,596.7,658.57,678.82,-1,cvat_interp
521,2,2,2,1.0,958.03,463.36,992.11,536.43,-1,cvat_interp
521,3,3,2,1.0,1070.85,426.27,1104.06,492.64,-1,cvat_interp
521,5,5,2,1.0,1890.2,612.89,1920.0,730.69,-1,cvat_keyframe
521,6,6,1,1.0,1782.26,475.62,1821.89,553.94,-1,cvat_interp
521,7,7,2,1.0,1217.92,412.21,1250.18,477.04,-1,cvat_interp
521,8,8,2,1.0,823.06,404.04,857.46,461.84,-1,cvat_interp
521,10,10,2,1.0,901.8,465.73,933.72,540.9,-1,cvat_interp
521,11,11,3,1.0,449.57,547.11,494.16,637.11,-1,cvat_interp
521,13,13,0,1.0,801.77,442.93,808.85,452.69,-1,cvat_interp
521,15,15,2,1.0,613.82,709.42,656.09,816.96,-1,cvat_interp
521,16,16,2,1.0,725.07,414.13,758.9,471.05,-1,cvat_interp
521,17,17,2,1.0,1565.46,903.25,1631.96,1044.95,-1,cvat_interp
522,0,0,2,1.0,1174.1,812.01,1233.8,930.53,-1,cvat_keyframe
522,1,1,2,1.0,620.81,596.5,668.49,678.63,-1,cvat_interp
522,2,2,2,1.0,964.12,462.63,998.19,535.69,-1,cvat_interp
522,3,3,2,1.0,1074.87,426.14,1108.57,493.75,-1,cvat_keyframe
522,6,6,1,1.0,1792.6,477.14,1832.79,556.03,-1,cvat_interp
522,7,7,2,1.0,1224.72,412.95,1256.98,477.77,-1,cvat_keyframe
522,8,8,2,1.0,826.69,404.88,864.09,462.67,-1,cvat_keyframe
522,10,10,2,1.0,906.6,465.69,940.33,541.11,-1,cvat_interp
522,11,11,3,1.0,453.13,547.72,497.72,637.72,-1,cvat_keyframe
522,13,13,0,1.0,790.11,441.77,797.09,450.72,-1,cvat_keyframe
522,15,15,2,1.0,623.84,709.54,666.62,817.08,-1,cvat_interp
522,16,16,2,1.0,735.27,414.47,769.11,471.39,-1,cvat_interp
522,17,17,2,1.0,1573.01,901.99,1639.51,1043.69,-1,cvat_interp
523,0,0,2,1.0,1183.91,812.62,1243.22,931.14,-1,cvat_interp
523,1,1,2,1.0,627.7,596.29,678.41,678.43,-1,cvat_interp
523,2,2,2,1.0,970.2,461.89,1004.27,534.96,-1,cvat_interp
523,3,3,2,1.0,1086.93,425.12,1121.13,493.96,-1,cvat_interp
523,6,6,1,1.0,1802.95,478.66,1843.69,558.11,-1,cvat_interp
523,7,7,2,1.0,1234.87,413.96,1267.14,478.78,-1,cvat_interp
523,8,8,2,1.0,839.33,405.71,873.74,463.5,-1,cvat_interp
523,10,10,2,1.0,911.4,465.64,946.93,541.31,-1,cvat_interp
523,11,11,3,1.0,460.8,547.41,505.39,637.41,-1,cvat_interp
523,13,13,0,1.0,777.31,445.13,784.2,453.28,-1,cvat_interp
523,15,15,2,1.0,633.87,709.66,677.14,817.2,-1,cvat_interp
523,16,16,2,1.0,745.48,414.81,779.31,471.72,-1,cvat_interp
523,17,17,2,1.0,1580.56,900.73,1647.06,1042.43,-1,cvat_interp
524,0,0,2,1.0,1193.73,813.23,1252.63,931.75,-1,cvat_interp
524,1,1,2,1.0,634.59,596.09,688.33,678.23,-1,cvat_keyframe
524,2,2,2,1.0,976.28,461.16,1010.36,534.22,-1,cvat_keyframe
524,3,3,2,1.0,1099.0,424.1,1133.69,494.17,-1,cvat_keyframe
524,6,6,1,1.0,1813.3,480.18,1854.59,560.2,-1,cvat_keyframe
524,7,7,2,1.0,1245.03,414.97,1277.29,479.79,-1,cvat_interp
524,8,8,2,1.0,851.98,406.54,883.38,464.33,-1,cvat_keyframe
524,10,10,2,1.0,916.2,465.6,953.54,541.52,-1,cvat_keyframe
524,11,11,3,1.0,468.46,547.11,513.06,637.11,-1,cvat_interp
524,13,13,0,1.0,764.52,448.48,771.32,455.83,-1,cvat_keyframe
524,15,15,2,1.0,643.89,709.78,687.66,817.32,-1,cvat_interp
524,16,16,2,1.0,755.69,415.14,789.52,472.06,-1,cvat_keyframe
524,17,17,2,1.0,1588.12,899.47,1654.62,1041.17,-1,cvat_interp
525,0,0,2,1.0,1203.54,813.84,1262.05,932.36,-1,cvat_interp
525,1,1,2,1.0,648.75,596.84,700.47,678.97,-1,cvat_interp
525,2,2,2,1.0,984.24,460.42,1018.32,533.49,-1,cvat_interp
525,3,3,2,1.0,1107.26,424.98,1142.23,494.82,-1,cvat_interp
525,6,6,1,1.0,1825.87,481.7,1865.49,561.34,-1,cvat_interp
525,7,7,2,1.0,1255.19,415.98,1287.45,480.8,-1,cvat_interp
525,8,8,2,1.0,863.67,406.54,895.07,464.33,-1,cvat_interp
525,10,10,2,1.0,924.77,465.14,961.4,540.89,-1,cvat_interp
525,11,11,3,1.0,476.13,546.8,520.72,636.8,-1,cvat_interp
525,13,13,0,1.0,754.5,445.83,761.48,453.71,-1,cvat_interp
525,15,15,2,1.0,653.92,709.9,698.19,817.44,-1,cvat_interp
525,16,16,2,1.0,767.79,415.48,801.63,472.4,-1,cvat_interp
525,17,17,2,1.0,1595.67,898.21,1662.17,1039.92,-1,cvat_interp
526,0,0,2,1.0,1213.35,814.46,1271.46,932.98,-1,cvat_interp
526,1,1,2,1.0,662.9,597.58,712.6,679.71,-1,cvat_interp
526,2,2,2,1.0,992.2,459.69,1026.28,532.75,-1,cvat_interp
526,3,3,2,1.0,1115.52,425.87,1150.76,495.48,-1,cvat_interp
526,6,6,1,1.0,1838.43,483.22,1876.39,562.48,-1,cvat_interp
526,7,7,2,1.0,1265.34,416.99,1297.61,481.81,-1,cvat_interp
526,8,8,2,1.0,875.35,406.53,906.76,464.33,-1,cvat_interp
526,10,10,2,1.0,933.34,464.68,969.26,540.26,-1,cvat_interp
526,11,11,3,1.0,483.8,546.5,528.39,636.5,-1,cvat_interp
526,13,13,0,1.0,744.49,443.18,751.64,451.59,-1,cvat_interp
526,15,15,2,1.0,663.95,710.03,708.71,817.57,-1,cvat_interp
526,16,16,2,1.0,779.9,415.82,813.73,472.73,-1,cvat_interp
526,17,17,2,1.0,1603.22,896.95,1669.72,1038.66,-1,cvat_interp
527,0,0,2,1.0,1223.16,815.07,1280.88,933.59,-1,cvat_interp
527,1,1,2,1.0,677.05,598.33,724.73,680.46,-1,cvat_interp
527,2,2,2,1.0,1000.17,458.95,1034.24,532.02,-1,cvat_interp
527,3,3,2,1.0,1123.78,426.75,1159.3,496.14,-1,cvat_interp
527,6,6,1,1.0,1851.0,484.73,1887.3,563.62,-1,cvat_interp
527,7,7,2,1.0,1275.5,418.0,1307.76,482.82,-1,cvat_interp
527,8,8,2,1.0,887.04,406.53,918.45,464.32,-1,cvat_interp
527,10,10,2,1.0,941.92,464.22,977.12,539.63,-1,cvat_interp
527,11,11,3,1.0,491.47,546.19,536.06,636.19,-1,cvat_interp
527,13,13,0,1.0,734.48,440.52,741.81,449.47,-1,cvat_interp
527,15,15,2,1.0,673.97,710.15,719.23,817.69,-1,cvat_interp
527,16,16,2,1.0,792.0,416.15,825.84,473.07,-1,cvat_interp
527,17,17,2,1.0,1610.77,895.69,1677.27,1037.4,-1,cvat_interp
528,0,0,2,1.0,1232.98,815.68,1290.29,934.2,-1,cvat_interp
528,1,1,2,1.0,691.2,599.08,736.87,681.2,-1,cvat_interp
528,2,2,2,1.0,1008.13,458.21,1042.21,531.28,-1,cvat_interp
528,3,3,2,1.0,1132.04,427.63,1167.83,496.79,-1,cvat_interp
528,6,6,1,1.0,1863.56,486.25,1898.2,564.77,-1,cvat_interp
528,7,7,2,1.0,1285.65,419.01,1317.92,483.83,-1,cvat_interp
528,8,8,2,1.0,898.73,406.53,930.13,464.32,-1,cvat_interp
528,10,10,2,1.0,950.49,463.75,984.98,539.01,-1,cvat_interp
528,11,11,3,1.0,499.14,545.89,543.73,635.89,-1,cvat_interp
528,13,13,0,1.0,724.46,437.87,731.97,447.36,-1,cvat_interp
528,15,15,2,1.0,684.0,710.27,729.75,817.81,-1,cvat_interp
528,16,16,2,1.0,804.11,416.49,837.94,473.41,-1,cvat_interp
528,17,17,2,1.0,1618.32,894.43,1684.82,1036.14,-1,cvat_interp
529,0,0,2,1.0,1242.79,816.29,1299.7,934.81,-1,cvat_interp
529,1,1,2,1.0,705.36,599.82,749.0,681.95,-1,cvat_interp
529,2,2,2,1.0,1016.09,457.48,1050.17,530.54,-1,cvat_interp
529,3,3,2,1.0,1140.31,428.52,1176.37,497.45,-1,cvat_interp
529,6,6,1,1.0,1876.13,487.77,1909.1,565.91,-1,cvat_interp
529,7,7,2,1.0,1295.81,420.02,1328.07,484.84,-1,cvat_interp
529,8,8,2,1.0,910.42,406.52,941.82,464.32,-1,cvat_interp
529,10,10,2,1.0,959.06,463.29,992.84,538.38,-1,cvat_interp
529,11,11,3,1.0,506.81,545.58,551.4,635.58,-1,cvat_interp
529,13,13,0,1.0,714.45,435.21,722.14,445.24,-1,cvat_interp
529,15,15,2,1.0,694.02,710.39,740.28,817.93,-1,cvat_interp
529,16,16,2,1.0,816.21,416.83,850.05,473.75,-1,cvat_interp
529,17,17,2,1.0,1625.88,893.18,1692.38,1034.88,-1,cvat_interp
530,0,0,2,1.0,1252.6,816.9,1309.12,935.42,-1,cvat_keyframe
530,1,1,2,1.0,719.51,600.57,761.13,682.69,-1,cvat_keyframe
530,2,2,2,1.0,1024.05,456.74,1058.13,529.81,-1,cvat_keyframe
530,3,3,2,1.0,1148.57,429.4,1184.9,498.1,-1,cvat_keyframe
530,6,6,1,1.0,1888.7,489.29,1920.0,567.05,-1,cvat_keyframe
530,7,7,2,1.0,1305.97,421.03,1338.23,485.85,-1,cvat_keyframe
530,8,8,2,1.0,922.11,406.52,953.51,464.31,-1,cvat_keyframe
530,10,10,2,1.0,967.63,462.83,1000.7,537.75,-1,cvat_keyframe
530,11,11,3,1.0,514.48,545.28,559.07,635.28,-1,cvat_keyframe
530,13,13,0,1.0,704.44,432.56,712.3,443.12,-1,cvat_keyframe
530,15,15,2,1.0,704.05,710.52,750.8,818.06,-1,cvat_keyframe
530,16,16,2,1.0,828.32,417.17,862.15,474.08,-1,cvat_keyframe
530,17,17,2,1.0,1633.43,891.92,1699.93,1033.62,-1,cvat_keyframe
531,0,0,2,1.0,1263.62,817.26,1320.14,935.78,-1,cvat_interp
531,1,1,2,1.0,733.84,599.93,775.46,682.06,-1,cvat_interp
531,2,2,2,1.0,1033.21,457.26,1068.44,530.04,-1,cvat_interp
531,3,3,2,1.0,1156.75,432.29,1193.08,500.99,-1,cvat_keyframe
531,6,6,1,1.0,1894.68,488.69,1920.0,566.45,-1,cvat_keyframe
531,7,7,2,1.0,1316.75,416.8,1349.79,486.95,-1,cvat_keyframe
531,8,8,2,1.0,929.82,407.08,961.23,464.87,-1,cvat_keyframe
531,10,10,2,1.0,971.32,463.88,1005.07,538.8,-1,cvat_keyframe
531,11,11,3,1.0,522.12,545.62,566.71,635.62,-1,cvat_interp
531,13,13,0,1.0,696.11,434.49,703.97,445.06,-1,cvat_interp
531,15,15,2,1.0,716.52,710.02,763.27,818.07,-1,cvat_interp
531,16,16,2,1.0,841.23,417.11,875.63,474.08,-1,cvat_interp
531,17,17,2,1.0,1642.48,889.9,1708.98,1030.18,-1,cvat_interp
532,0,0,2,1.0,1274.65,817.61,1331.17,936.13,-1,cvat_interp
532,1,1,2,1.0,748.17,599.29,789.8,681.42,-1,cvat_interp
532,2,2,2,1.0,1042.37,457.77,1078.74,530.27,-1,cvat_interp
532,3,3,2,1.0,1168.06,432.83,1204.39,501.53,-1,cvat_interp
532,7,7,2,1.0,1327.53,418.07,1361.35,488.06,-1,cvat_interp
532,8,8,2,1.0,942.22,408.42,973.62,466.21,-1,cvat_interp
532,10,10,2,1.0,980.47,464.14,1014.91,539.06,-1,cvat_interp
532,11,11,3,1.0,529.77,545.96,574.36,635.96,-1,cvat_interp
532,13,13,0,1.0,687.79,436.43,695.65,446.99,-1,cvat_interp
532,15,15,2,1.0,728.99,709.53,775.74,818.08,-1,cvat_interp
532,16,16,2,1.0,854.14,417.05,889.11,474.08,-1,cvat_interp
532,17,17,2,1.0,1651.52,887.87,1718.02,1026.73,-1,cvat_interp
532,20,20,2,1.0,1.06,509.1,33.6,591.7,-1,cvat_keyframe
533,0,0,2,1.0,1285.67,817.97,1342.19,936.49,-1,cvat_interp
533,1,1,2,1.0,762.51,598.66,804.13,680.78,-1,cvat_interp
533,2,2,2,1.0,1051.52,458.29,1089.05,530.5,-1,cvat_interp
533,3,3,2,1.0,1179.37,433.37,1215.7,502.07,-1,cvat_interp
533,7,7,2,1.0,1338.32,419.34,1372.91,489.16,-1,cvat_interp
533,8,8,2,1.0,954.62,409.76,986.02,467.55,-1,cvat_interp
533,10,10,2,1.0,989.62,464.41,1024.75,539.33,-1,cvat_interp
533,11,11,3,1.0,537.42,546.3,582.01,636.3,-1,cvat_keyframe
533,13,13,0,1.0,679.46,438.36,687.32,448.92,-1,cvat_keyframe
533,15,15,2,1.0,741.46,709.04,788.21,818.1,-1,cvat_interp
533,16,16,2,1.0,867.04,417.0,902.59,474.08,-1,cvat_interp
533,17,17,2,1.0,1660.57,885.85,1727.07,1023.29,-1,cvat_keyframe
533,20,20,2,1.0,10.44,505.98,45.1,588.57,-1,cvat_keyframe
534,0,0,2,1.0,1296.7,818.32,1353.22,936.84,-1,cvat_interp
534,1,1,2,1.0,776.84,598.02,818.46,680.14,-1,cvat_interp
534,2,2,2,1.0,1060.68,458.81,1099.36,530.72,-1,cvat_interp
534,3,3,2,1.0,1190.67,433.91,1227.01,502.61,-1,cvat_interp
534,7,7,2,1.0,1349.1,420.61,1384.47,490.27,-1,cvat_interp
534,8,8,2,1.0,967.02,411.1,998.42,468.89,-1,cvat_interp
534,10,10,2,1.0,998.77,464.68,1034.58,539.59,-1,cvat_interp
534,11,11,3,1.0,548.59,546.2,593.18,636.2,-1,cvat_interp
534,13,13,0,1.0,673.25,441.43,681.11,452.0,-1,cvat_interp
534,15,15,2,1.0,753.93,708.55,800.68,818.11,-1,cvat_interp
534,16,16,2,1.0,879.95,416.94,916.07,474.08,-1,cvat_interp
534,17,17,2,1.0,1670.15,885.45,1736.65,1021.46,-1,cvat_interp
534,20,20,2,1.0,19.82,505.19,56.29,587.79,-1,cvat_interp
535,0,0,2,1.0,1307.72,818.68,1364.24,937.2,-1,cvat_interp
535,1,1,2,1.0,791.17,597.38,832.8,679.51,-1,cvat_interp
535,2,2,2,1.0,1069.83,459.32,1109.67,530.95,-1,cvat_interp
535,3,3,2,1.0,1201.98,434.45,1238.32,503.16,-1,cvat_interp
535,7,7,2,1.0,1359.88,421.88,1396.04,491.37,-1,cvat_interp
535,8,8,2,1.0,979.42,412.44,1010.82,470.23,-1,cvat_interp
535,10,10,2,1.0,1007.92,464.94,1044.42,539.86,-1,cvat_interp
535,11,11,3,1.0,559.76,546.1,604.35,636.1,-1,cvat_interp
535,13,13,0,1.0,667.03,444.5,674.9,455.07,-1,cvat_interp
535,15,15,2,1.0,766.4,708.06,813.15,818.13,-1,cvat_interp
535,16,16,2,1.0,892.86,416.88,929.55,474.08,-1,cvat_interp
535,17,17,2,1.0,1679.74,885.05,1746.24,1019.63,-1,cvat_interp
535,20,20,2,1.0,29.2,504.41,67.49,587.01,-1,cvat_keyframe
536,0,0,2,1.0,1318.75,819.04,1375.27,937.56,-1,cvat_interp
536,1,1,2,1.0,805.5,596.75,847.13,678.87,-1,cvat_interp
536,2,2,2,1.0,1078.99,459.84,1119.97,531.18,-1,cvat_interp
536,3,3,2,1.0,1213.29,434.99,1249.62,503.7,-1,cvat_interp
536,7,7,2,1.0,1370.67,423.15,1407.6,492.48,-1,cvat_interp
536,8,8,2,1.0,991.81,413.78,1023.22,471.57,-1,cvat_interp
536,10,10,2,1.0,1017.07,465.21,1054.25,540.13,-1,cvat_interp
536,11,11,3,1.0,570.92,546.0,615.52,636.0,-1,cvat_interp
536,13,13,0,1.0,660.82,447.58,668.68,458.14,-1,cvat_interp
536,15,15,2,1.0,778.87,707.57,825.62,818.14,-1,cvat_interp
536,16,16,2,1.0,905.77,416.83,943.03,474.08,-1,cvat_interp
536,17,17,2,1.0,1689.33,884.64,1755.83,1017.81,-1,cvat_interp
536,20,20,2,1.0,41.35,504.41,79.64,587.01,-1,cvat_interp
537,0,0,2,1.0,1329.77,819.39,1386.29,937.91,-1,cvat_interp
537,1,1,2,1.0,819.84,596.11,861.46,678.23,-1,cvat_interp
537,2,2,2,1.0,1088.14,460.35,1130.28,531.41,-1,cvat_interp
537,3,3,2,1.0,1224.6,435.54,1260.93,504.24,-1,cvat_interp
537,7,7,2,1.0,1381.45,424.42,1419.16,493.58,-1,cvat_interp
537,8,8,2,1.0,1004.21,415.12,1035.62,472.91,-1,cvat_interp
537,10,10,2,1.0,1026.21,465.47,1064.09,540.39,-1,cvat_interp
537,11,11,3,1.0,582.09,545.9,626.68,635.9,-1,cvat_interp
537,13,13,0,1.0,654.61,450.65,662.47,461.21,-1,cvat_interp
537,15,15,2,1.0,791.33,707.07,838.09,818.15,-1,cvat_interp
537,16,16,2,1.0,918.68,416.77,956.5,474.08,-1,cvat_interp
537,17,17,2,1.0,1698.91,884.24,1765.41,1015.98,-1,cvat_interp
537,20,20,2,1.0,53.5,504.41,91.79,587.01,-1,cvat_interp
537,21,21,2,1.0,0.0,442.32,21.23,499.59,-1,cvat_keyframe
538,0,0,2,1.0,1340.8,819.75,1397.31,938.27,-1,cvat_interp
538,1,1,2,1.0,834.17,595.47,875.79,677.6,-1,cvat_interp
538,2,2,2,1.0,1097.3,460.87,1140.59,531.64,-1,cvat_interp
538,3,3,2,1.0,1235.91,436.08,1272.24,504.78,-1,cvat_interp
538,7,7,2,1.0,1392.23,425.69,1430.72,494.69,-1,cvat_interp
538,8,8,2,1.0,1016.61,416.46,1048.01,474.25,-1,cvat_interp
538,10,10,2,1.0,1035.36,465.74,1073.93,540.66,-1,cvat_interp
538,11,11,3,1.0,593.26,545.8,637.85,635.8,-1,cvat_interp
538,13,13,0,1.0,648.39,453.72,656.26,464.28,-1,cvat_interp
538,15,15,2,1.0,803.8,706.58,850.56,818.17,-1,cvat_interp
538,16,16,2,1.0,931.58,416.71,969.98,474.08,-1,cvat_interp
538,17,17,2,1.0,1708.5,883.83,1775.0,1014.15,-1,cvat_interp
538,20,20,2,1.0,65.65,504.41,103.94,587.01,-1,cvat_keyframe
538,21,21,2,1.0,14.06,442.32,47.8,499.59,-1,cvat_keyframe
539,0,0,2,1.0,1351.82,820.1,1408.34,938.62,-1,cvat_interp
539,1,1,2,1.0,848.5,594.84,890.13,676.96,-1,cvat_interp
539,2,2,2,1.0,1106.45,461.38,1150.89,531.87,-1,cvat_interp
539,3,3,2,1.0,1247.21,436.62,1283.55,505.32,-1,cvat_interp
539,7,7,2,1.0,1403.02,426.95,1442.28,495.79,-1,cvat_interp
539,8,8,2,1.0,1029.01,417.8,1060.41,475.59,-1,cvat_interp
539,10,10,2,1.0,1044.51,466.01,1083.76,540.92,-1,cvat_interp
539,11,11,3,1.0,604.43,545.71,649.02,635.71,-1,cvat_interp
539,13,13,0,1.0,642.18,456.79,650.04,467.35,-1,cvat_interp
539,15,15,2,1.0,816.27,706.09,863.03,818.18,-1,cvat_interp
539,16,16,2,1.0,944.49,416.66,983.46,474.08,-1,cvat_interp
539,17,17,2,1.0,1718.08,883.43,1784.58,1012.33,-1,cvat_interp
539,20,20,2,1.0,80.75,507.02,119.04,589.61,-1,cvat_interp
539,21,21,2,1.0,33.06,443.36,66.81,500.64,-1,cvat_interp
540,0,0,2,1.0,1362.84,820.46,1419.36,938.98,-1,cvat_keyframe
540,1,1,2,1.0,862.84,594.2,904.46,676.32,-1,cvat_keyframe
540,2,2,2,1.0,1115.61,461.9,1161.2,532.1,-1,cvat_keyframe
540,3,3,2,1.0,1258.52,437.16,1294.86,505.87,-1,cvat_keyframe
540,7,7,2,1.0,1413.8,428.22,1453.84,496.9,-1,cvat_keyframe
540,8,8,2,1.0,1041.41,419.14,1072.81,476.93,-1,cvat_keyframe
540,10,10,2,1.0,1053.66,466.27,1093.6,541.19,-1,cvat_keyframe
540,11,11,3,1.0,615.6,545.61,660.19,635.61,-1,cvat_keyframe
540,13,13,0,1.0,635.97,459.86,643.83,470.43,-1,cvat_keyframe
540,15,15,2,1.0,828.74,705.6,875.5,818.2,-1,cvat_keyframe
540,16,16,2,1.0,957.4,416.6,996.94,474.08,-1,cvat_keyframe
540,17,17,2,1.0,1727.67,883.03,1794.17,1010.5,-1,cvat_keyframe
540,20,20,2,1.0,95.85,509.62,134.14,592.22,-1,cvat_keyframe
540,21,21,2,1.0,52.07,444.4,85.81,501.68,-1,cvat_keyframe
540,22,22,2,1.0,0.0,458.98,34.25,530.31,-1,cvat_keyframe
541,0,0,2,1.0,1370.8,820.46,1430.31,938.98,-1,cvat_interp
541,1,1,2,1.0,876.71,594.56,918.33,677.21,-1,cvat_interp
541,2,2,2,1.0,1125.01,461.88,1170.6,532.07,-1,cvat_interp
541,3,3,2,1.0,1270.43,438.41,1308.45,507.12,-1,cvat_interp
541,7,7,2,1.0,1426.42,429.29,1466.46,497.96,-1,cvat_interp
541,8,8,2,1.0,1052.53,420.22,1083.93,478.02,-1,cvat_interp
541,10,10,2,1.0,1063.5,466.61,1104.59,541.53,-1,cvat_interp
541,11,11,3,1.0,624.34,546.16,669.78,636.17,-1,cvat_interp
541,13,13,0,1.0,628.72,465.98,636.58,476.54,-1,cvat_keyframe
541,15,15,2,1.0,840.84,705.27,887.59,817.86,-1,cvat_interp
541,16,16,2,1.0,970.62,417.75,1010.78,475.24,-1,cvat_interp
541,17,17,2,1.0,1738.62,882.31,1805.12,1009.78,-1,cvat_interp
541,20,20,2,1.0,106.14,509.51,147.9,590.38,-1,cvat_interp
541,21,21,2,1.0,74.03,444.3,107.77,501.57,-1,cvat_interp
541,22,22,2,1.0,21.36,457.58,55.61,528.92,-1,cvat_interp
542,0,0,2,1.0,1378.75,820.46,1441.25,938.98,-1,cvat_interp
542,1,1,2,1.0,890.58,594.92,932.2,678.1,-1,cvat_interp
542,2,2,2,1.0,1134.4,461.85,1179.99,532.05,-1,cvat_interp
542,3,3,2,1.0,1282.33,439.66,1322.05,508.37,-1,cvat_interp
542,7,7,2,1.0,1439.04,430.35,1479.08,499.02,-1,cvat_interp
542,8,8,2,1.0,1063.65,421.31,1095.05,479.1,-1,cvat_interp
542,10,10,2,1.0,1073.33,466.95,1115.58,541.87,-1,cvat_interp
542,11,11,3,1.0,633.08,546.72,679.37,636.73,-1,cvat_interp
542,13,13,0,1.0,625.04,470.73,632.9,481.29,-1,cvat_interp
542,15,15,2,1.0,852.93,704.93,899.69,817.53,-1,cvat_interp
542,16,16,2,1.0,983.85,418.91,1024.61,476.39,-1,cvat_interp
542,17,17,2,1.0,1749.56,881.59,1816.06,1009.06,-1,cvat_interp
542,20,20,2,1.0,116.43,509.41,161.66,588.54,-1,cvat_interp
542,21,21,2,1.0,96.0,444.19,129.74,501.47,-1,cvat_interp
542,22,22,2,1.0,42.72,456.19,76.97,527.52,-1,cvat_interp
543,0,0,2,1.0,1386.7,820.46,1452.2,938.98,-1,cvat_keyframe
543,1,1,2,1.0,904.45,595.28,946.07,678.99,-1,cvat_interp
543,2,2,2,1.0,1143.8,461.82,1189.39,532.02,-1,cvat_interp
543,3,3,2,1.0,1294.24,440.91,1335.65,509.62,-1,cvat_interp
543,7,7,2,1.0,1451.66,431.41,1491.7,500.08,-1,cvat_interp
543,8,8,2,1.0,1074.77,422.39,1106.17,480.19,-1,cvat_interp
543,10,10,2,1.0,1083.16,467.29,1126.56,542.21,-1,cvat_interp
543,11,11,3,1.0,641.82,547.27,688.96,637.28,-1,cvat_interp
543,13,13,0,1.0,621.36,475.48,629.22,486.04,-1,cvat_keyframe
543,15,15,2,1.0,865.03,704.6,911.78,817.2,-1,cvat_interp
543,16,16,2,1.0,997.07,420.06,1038.45,477.54,-1,cvat_interp
543,17,17,2,1.0,1760.51,880.87,1827.01,1008.34,-1,cvat_interp
543,20,20,2,1.0,126.72,509.3,175.42,586.71,-1,cvat_interp
543,21,21,2,1.0,117.96,444.08,151.7,501.36,-1,cvat_interp
543,22,22,2,1.0,64.08,454.79,98.33,526.13,-1,cvat_interp
544,0,0,2,1.0,1398.93,820.46,1463.14,938.98,-1,cvat_interp
544,1,1,2,1.0,918.32,595.64,959.94,679.87,-1,cvat_interp
544,2,2,2,1.0,1153.19,461.8,1198.78,532.0,-1,cvat_interp
544,3,3,2,1.0,1306.14,442.16,1349.24,510.87,-1,cvat_interp
544,7,7,2,1.0,1464.28,432.47,1504.32,501.15,-1,cvat_interp
544,8,8,2,1.0,1085.89,423.48,1117.29,481.27,-1,cvat_interp
544,10,10,2,1.0,1092.99,467.63,1137.55,542.55,-1,cvat_interp
544,11,11,3,1.0,650.56,547.83,698.55,637.84,-1,cvat_interp
544,13,13,0,1.0,617.4,474.99,625.26,485.55,-1,cvat_interp
544,15,15,2,1.0,877.13,704.27,923.88,816.86,-1,cvat_interp
544,16,16,2,1.0,1010.29,421.21,1052.28,478.69,-1,cvat_interp
544,17,17,2,1.0,1771.45,880.15,1837.95,1007.62,-1,cvat_interp
544,20,20,2,1.0,137.02,509.2,189.18,584.87,-1,cvat_interp
544,21,21,2,1.0,139.92,443.98,173.66,501.25,-1,cvat_interp
544,22,22,2,1.0,85.45,453.39,119.7,524.73,-1,cvat_interp
545,0,0,2,1.0,1411.16,820.46,1474.09,938.98,-1,cvat_interp
545,1,1,2,1.0,932.19,596.0,973.82,680.76,-1,cvat_interp
545,2,2,2,1.0,1162.59,461.77,1208.18,531.97,-1,cvat_interp
545,3,3,2,1.0,1318.04,443.41,1362.84,512.12,-1,cvat_interp
545,7,7,2,1.0,1476.9,433.53,1516.94,502.21,-1,cvat_interp
545,8,8,2,1.0,1097.01,424.56,1128.41,482.36,-1,cvat_interp
545,10,10,2,1.0,1102.82,467.97,1148.54,542.89,-1,cvat_interp
545,11,11,3,1.0,659.3,548.38,708.14,638.4,-1,cvat_interp
545,13,13,0,1.0,613.44,474.5,621.3,485.07,-1,cvat_interp
545,15,15,2,1.0,889.22,703.94,935.97,816.53,-1,cvat_interp
545,16,16,2,1.0,1023.51,422.36,1066.12,479.85,-1,cvat_interp
545,17,17,2,1.0,1782.4,879.43,1848.9,1006.9,-1,cvat_interp
545,20,20,2,1.0,147.31,509.09,202.94,583.04,-1,cvat_interp
545,21,21,2,1.0,161.88,443.87,195.63,501.15,-1,cvat_interp
545,22,22,2,1.0,106.81,452.0,141.06,523.33,-1,cvat_interp
546,0,0,2,1.0,1423.38,820.46,1485.03,938.98,-1,cvat_interp
546,1,1,2,1.0,946.06,596.36,987.69,681.65,-1,cvat_interp
546,2,2,2,1.0,1171.98,461.75,1217.57,531.95,-1,cvat_interp
546,3,3,2,1.0,1329.95,444.66,1376.44,513.37,-1,cvat_interp
546,7,7,2,1.0,1489.52,434.59,1529.56,503.27,-1,cvat_interp
546,8,8,2,1.0,1108.13,425.65,1139.53,483.44,-1,cvat_interp
546,10,10,2,1.0,1112.66,468.31,1159.53,543.22,-1,cvat_interp
546,11,11,3,1.0,668.04,548.94,717.74,638.96,-1,cvat_interp
546,13,13,0,1.0,609.48,474.02,617.34,484.58,-1,cvat_interp
546,15,15,2,1.0,901.32,703.6,948.07,816.2,-1,cvat_interp
546,16,16,2,1.0,1036.74,423.52,1079.96,481.0,-1,cvat_interp
546,17,17,2,1.0,1793.34,878.71,1859.84,1006.18,-1,cvat_interp
546,20,20,2,1.0,157.6,508.98,216.7,581.2,-1,cvat_keyframe
546,21,21,2,1.0,183.85,443.76,217.59,501.04,-1,cvat_interp
546,22,22,2,1.0,128.17,450.6,162.42,521.94,-1,cvat_keyframe
546,23,23,2,1.0,0.25,513.81,37.9,585.1,-1,cvat_keyframe
547,0,0,2,1.0,1435.61,820.46,1495.98,938.98,-1,cvat_interp
547,1,1,2,1.0,959.93,596.72,1001.56,682.54,-1,cvat_interp
547,2,2,2,1.0,1181.38,461.72,1226.97,531.92,-1,cvat_interp
547,3,3,2,1.0,1341.85,445.91,1390.04,514.62,-1,cvat_interp
547,7,7,2,1.0,1502.14,435.65,1542.18,504.33,-1,cvat_interp
547,8,8,2,1.0,1119.25,426.73,1150.65,484.53,-1,cvat_interp
547,10,10,2,1.0,1122.49,468.65,1170.51,543.56,-1,cvat_interp
547,11,11,3,1.0,676.78,549.49,727.33,639.52,-1,cvat_interp
547,13,13,0,1.0,605.52,473.53,613.39,484.09,-1,cvat_interp
547,15,15,2,1.0,913.41,703.27,960.17,815.87,-1,cvat_interp
547,16,16,2,1.0,1049.96,424.67,1093.79,482.15,-1,cvat_interp
547,17,17,2,1.0,1804.29,877.99,1870.79,1005.46,-1,cvat_interp
547,20,20,2,1.0,167.89,508.88,221.79,583.69,-1,cvat_interp
547,21,21,2,1.0,205.81,443.66,239.55,500.93,-1,cvat_interp
547,22,22,2,1.0,150.77,447.66,185.02,518.99,-1,cvat_interp
547,23,23,2,1.0,8.46,515.18,46.12,586.47,-1,cvat_keyframe
548,0,0,2,1.0,1447.84,820.46,1506.92,938.98,-1,cvat_interp
548,1,1,2,1.0,973.81,597.08,1015.43,683.42,-1,cvat_interp
548,2,2,2,1.0,1190.77,461.7,1236.36,531.9,-1,cvat_interp
548,3,3,2,1.0,1353.76,447.16,1403.63,515.87,-1,cvat_keyframe
548,7,7,2,1.0,1514.76,436.72,1554.8,505.39,-1,cvat_interp
548,8,8,2,1.0,1130.37,427.82,1161.78,485.61,-1,cvat_interp
548,10,10,2,1.0,1132.32,468.99,1181.5,543.9,-1,cvat_keyframe
548,11,11,3,1.0,685.52,550.04,736.92,640.08,-1,cvat_interp
548,13,13,0,1.0,601.57,473.04,609.43,483.6,-1,cvat_interp
548,15,15,2,1.0,925.51,702.94,972.26,815.53,-1,cvat_interp
548,16,16,2,1.0,1063.18,425.82,1107.63,483.3,-1,cvat_interp
548,17,17,2,1.0,1815.23,877.27,1881.73,1004.74,-1,cvat_interp
548,20,20,2,1.0,178.18,508.77,226.88,586.18,-1,cvat_interp
548,21,21,2,1.0,227.77,443.55,261.52,500.83,-1,cvat_interp
548,22,22,2,1.0,173.37,444.71,207.62,516.05,-1,cvat_interp
548,23,23,2,1.0,16.47,514.73,54.12,586.02,-1,cvat_interp
549,0,0,2,1.0,1460.07,820.46,1517.87,938.98,-1,cvat_interp
549,1,1,2,1.0,987.68,597.44,1029.3,684.31,-1,cvat_interp
549,2,2,2,1.0,1200.17,461.67,1245.76,531.87,-1,cvat_interp
549,3,3,2,1.0,1366.14,447.94,1411.02,516.64,-1,cvat_interp
549,7,7,2,1.0,1527.37,437.78,1567.42,506.45,-1,cvat_interp
549,8,8,2,1.0,1141.49,428.9,1172.9,486.7,-1,cvat_interp
549,10,10,2,1.0,1142.15,469.32,1186.71,544.24,-1,cvat_interp
549,11,11,3,1.0,694.26,550.6,746.51,640.64,-1,cvat_interp
549,13,13,0,1.0,597.61,472.55,605.47,483.11,-1,cvat_interp
549,15,15,2,1.0,937.61,702.6,984.36,815.2,-1,cvat_interp
549,16,16,2,1.0,1076.4,426.97,1121.46,484.46,-1,cvat_interp
549,17,17,2,1.0,1826.18,876.55,1892.68,1004.02,-1,cvat_interp
549,20,20,2,1.0,188.48,508.67,231.97,588.67,-1,cvat_interp
549,21,21,2,1.0,249.74,443.45,283.48,500.72,-1,cvat_interp
549,22,22,2,1.0,195.97,441.76,230.22,513.1,-1,cvat_interp
549,23,23,2,1.0,24.47,514.29,62.13,585.57,-1,cvat_interp
550,0,0,2,1.0,1472.3,820.46,1528.82,938.98,-1,cvat_keyframe
550,1,1,2,1.0,1001.55,597.8,1043.17,685.2,-1,cvat_keyframe
550,2,2,2,1.0,1209.56,461.65,1255.15,531.85,-1,cvat_keyframe
550,3,3,2,1.0,1378.53,448.71,1418.4,517.41,-1,cvat_keyframe
550,7,7,2,1.0,1539.99,438.84,1580.04,507.51,-1,cvat_keyframe
550,8,8,2,1.0,1152.61,429.99,1184.02,487.78,-1,cvat_keyframe
550,10,10,2,1.0,1151.99,469.66,1191.92,544.58,-1,cvat_keyframe
550,11,11,3,1.0,703.0,551.15,756.1,641.2,-1,cvat_keyframe
550,13,13,0,1.0,593.65,472.06,601.51,482.62,-1,cvat_keyframe
550,15,15,2,1.0,949.7,702.27,996.45,814.87,-1,cvat_keyframe
550,16,16,2,1.0,1089.63,428.13,1135.3,485.61,-1,cvat_keyframe
550,17,17,2,1.0,1837.12,875.83,1903.62,1003.3,-1,cvat_keyframe
550,20,20,2,1.0,198.77,508.56,237.06,591.16,-1,cvat_keyframe
550,21,21,2,1.0,271.7,443.34,305.44,500.62,-1,cvat_keyframe
550,22,22,2,1.0,218.57,438.82,252.82,510.15,-1,cvat_keyframe
550,23,23,2,1.0,32.48,513.84,70.13,585.12,-1,cvat_interp
551,0,0,2,1.0,1481.42,821.75,1537.94,940.27,-1,cvat_interp
551,1,1,2,1.0,1012.47,597.71,1054.09,685.11,-1,cvat_interp
551,2,2,2,1.0,1215.61,462.51,1261.2,532.71,-1,cvat_interp
551,3,3,2,1.0,1389.1,449.55,1428.98,518.25,-1,cvat_interp
551,7,7,2,1.0,1550.77,439.39,1590.81,508.07,-1,cvat_interp
551,8,8,2,1.0,1160.56,430.73,1191.96,488.53,-1,cvat_interp
551,10,10,2,1.0,1158.72,469.84,1198.66,544.75,-1,cvat_interp
551,11,11,3,1.0,712.07,551.33,763.8,641.37,-1,cvat_interp
551,13,13,0,1.0,589.02,474.48,596.88,485.05,-1,cvat_interp
551,15,15,2,1.0,959.27,702.27,1006.02,814.87,-1,cvat_interp
551,16,16,2,1.0,1098.72,428.65,1144.39,486.13,-1,cvat_interp
551,17,17,2,1.0,1847.59,873.65,1906.9,1001.12,-1,cvat_interp
551,20,20,2,1.0,207.6,507.82,246.31,589.37,-1,cvat_interp
551,21,21,2,1.0,290.64,443.17,324.38,500.45,-1,cvat_interp
551,22,22,2,1.0,238.02,439.24,272.27,510.58,-1,cvat_interp
551,23,23,2,1.0,40.48,513.39,78.14,584.68,-1,cvat_interp
552,0,0,2,1.0,1490.54,823.05,1547.06,941.57,-1,cvat_interp
552,1,1,2,1.0,1023.39,597.62,1065.01,685.02,-1,cvat_interp
552,2,2,2,1.0,1221.65,463.38,1267.24,533.57,-1,cvat_interp
552,3,3,2,1.0,1399.68,450.39,1439.55,519.09,-1,cvat_interp
552,7,7,2,1.0,1561.54,439.94,1601.58,508.62,-1,cvat_interp
552,8,8,2,1.0,1168.5,431.48,1199.9,489.28,-1,cvat_interp
552,10,10,2,1.0,1165.45,470.01,1205.39,544.93,-1,cvat_interp
552,11,11,3,1.0,721.13,551.51,771.49,641.53,-1,cvat_interp
552,13,13,0,1.0,584.39,476.9,592.25,487.47,-1,cvat_interp
552,15,15,2,1.0,968.83,702.27,1015.59,814.87,-1,cvat_interp
552,16,16,2,1.0,1107.81,429.16,1153.49,486.65,-1,cvat_interp
552,17,17,2,1.0,1858.06,871.47,1910.17,998.94,-1,cvat_interp
552,20,20,2,1.0,216.43,507.09,255.56,587.59,-1,cvat_interp
552,21,21,2,1.0,309.57,443.0,343.31,500.28,-1,cvat_interp
552,22,22,2,1.0,257.46,439.67,291.71,511.0,-1,cvat_interp
552,23,23,2,1.0,48.49,512.94,86.14,584.23,-1,cvat_interp
553,0,0,2,1.0,1499.66,824.34,1556.18,942.86,-1,cvat_interp
553,1,1,2,1.0,1034.3,597.53,1075.93,684.93,-1,cvat_interp
553,2,2,2,1.0,1227.7,464.24,1273.29,534.44,-1,cvat_interp
553,3,3,2,1.0,1410.25,451.23,1450.13,519.93,-1,cvat_interp
553,7,7,2,1.0,1572.31,440.49,1612.35,509.17,-1,cvat_interp
553,8,8,2,1.0,1176.44,432.23,1207.85,490.03,-1,cvat_interp
553,10,10,2,1.0,1172.19,470.18,1212.12,545.1,-1,cvat_interp
553,11,11,3,1.0,730.2,551.69,779.19,641.7,-1,cvat_keyframe
553,13,13,0,1.0,579.76,479.32,587.62,489.89,-1,cvat_interp
553,15,15,2,1.0,978.4,702.27,1025.15,814.87,-1,cvat_interp
553,16,16,2,1.0,1116.91,429.68,1162.58,487.16,-1,cvat_interp
553,17,17,2,1.0,1868.53,869.29,1913.45,996.76,-1,cvat_interp
553,20,20,2,1.0,225.26,506.35,264.8,585.81,-1,cvat_interp
553,21,21,2,1.0,328.51,442.83,362.25,500.11,-1,cvat_interp
553,22,22,2,1.0,276.91,440.09,311.16,511.43,-1,cvat_interp
553,23,23,2,1.0,56.49,512.49,94.15,583.78,-1,cvat_interp
554,0,0,2,1.0,1508.78,825.63,1565.3,944.15,-1,cvat_interp
554,1,1,2,1.0,1045.22,597.44,1086.85,684.84,-1,cvat_interp
554,2,2,2,1.0,1233.74,465.1,1279.33,535.3,-1,cvat_interp
554,3,3,2,1.0,1420.83,452.07,1460.7,520.77,-1,cvat_interp
554,7,7,2,1.0,1583.08,441.05,1623.12,509.72,-1,cvat_interp
554,8,8,2,1.0,1184.39,432.98,1215.79,490.77,-1,cvat_interp
554,10,10,2,1.0,1178.92,470.35,1218.86,545.27,-1,cvat_interp
554,11,11,3,1.0,738.52,551.87,789.87,641.88,-1,cvat_interp
554,13,13,0,1.0,575.13,481.74,582.99,492.31,-1,cvat_interp
554,15,15,2,1.0,987.97,702.27,1034.72,814.87,-1,cvat_interp
554,16,16,2,1.0,1126.0,430.2,1171.68,487.68,-1,cvat_interp
554,17,17,2,1.0,1879.0,867.11,1916.72,994.59,-1,cvat_interp
554,20,20,2,1.0,234.09,505.61,274.05,584.02,-1,cvat_interp
554,21,21,2,1.0,347.45,442.66,381.19,499.94,-1,cvat_interp
554,22,22,2,1.0,296.35,440.52,330.6,511.85,-1,cvat_interp
554,23,23,2,1.0,64.5,512.04,102.15,583.33,-1,cvat_interp
555,0,0,2,1.0,1517.9,826.93,1574.42,945.45,-1,cvat_interp
555,1,1,2,1.0,1056.14,597.35,1097.76,684.75,-1,cvat_interp
555,2,2,2,1.0,1239.78,465.97,1285.37,536.16,-1,cvat_interp
555,3,3,2,1.0,1431.4,452.91,1471.28,521.61,-1,cvat_interp
555,7,7,2,1.0,1593.85,441.6,1633.9,510.28,-1,cvat_interp
555,8,8,2,1.0,1192.33,433.73,1223.73,491.52,-1,cvat_interp
555,10,10,2,1.0,1185.66,470.53,1225.59,545.44,-1,cvat_interp
555,11,11,3,1.0,746.85,552.05,800.54,642.06,-1,cvat_interp
555,13,13,0,1.0,570.5,484.16,578.36,494.73,-1,cvat_interp
555,15,15,2,1.0,997.54,702.27,1044.29,814.87,-1,cvat_interp
555,16,16,2,1.0,1135.1,430.72,1180.77,488.2,-1,cvat_interp
555,17,17,2,1.0,1889.47,864.93,1920.0,992.41,-1,cvat_keyframe
555,20,20,2,1.0,242.92,504.87,283.3,582.24,-1,cvat_interp
555,21,21,2,1.0,366.38,442.49,400.12,499.77,-1,cvat_interp
555,22,22,2,1.0,315.8,440.94,350.05,512.28,-1,cvat_interp
555,23,23,2,1.0,72.5,511.6,110.16,582.88,-1,cvat_interp
556,0,0,2,1.0,1527.02,828.22,1583.54,946.74,-1,cvat_interp
556,1,1,2,1.0,1067.06,597.26,1108.68,684.66,-1,cvat_interp
556,2,2,2,1.0,1245.83,466.83,1291.42,537.03,-1,cvat_interp
556,3,3,2,1.0,1441.98,453.75,1481.86,522.45,-1,cvat_interp
556,7,7,2,1.0,1604.62,442.15,1644.67,510.83,-1,cvat_interp
556,8,8,2,1.0,1200.27,434.48,1231.68,492.27,-1,cvat_interp
556,10,10,2,1.0,1192.39,470.7,1232.33,545.62,-1,cvat_interp
556,11,11,3,1.0,755.17,552.23,811.22,642.23,-1,cvat_interp
556,13,13,0,1.0,565.87,486.58,573.73,497.15,-1,cvat_interp
556,15,15,2,1.0,1007.1,702.27,1053.85,814.87,-1,cvat_interp
556,16,16,2,1.0,1144.19,431.24,1189.87,488.72,-1,cvat_interp
556,17,17,2,1.0,1890.4,862.76,1920.0,990.23,-1,cvat_keyframe
556,20,20,2,1.0,251.76,504.14,292.55,580.46,-1,cvat_interp
556,21,21,2,1.0,385.32,442.32,419.06,499.6,-1,cvat_interp
556,22,22,2,1.0,335.25,441.37,369.5,512.7,-1,cvat_interp
556,23,23,2,1.0,80.51,511.15,118.16,582.43,-1,cvat_interp
557,0,0,2,1.0,1536.15,829.52,1592.66,948.04,-1,cvat_interp
557,1,1,2,1.0,1077.98,597.17,1119.6,684.57,-1,cvat_interp
557,2,2,2,1.0,1251.87,467.69,1297.46,537.89,-1,cvat_interp
557,3,3,2,1.0,1452.56,454.59,1492.43,523.29,-1,cvat_interp
557,7,7,2,1.0,1615.4,442.7,1655.44,511.38,-1,cvat_interp
557,8,8,2,1.0,1208.22,435.22,1239.62,493.02,-1,cvat_interp
557,10,10,2,1.0,1199.13,470.87,1239.06,545.79,-1,cvat_interp
557,11,11,3,1.0,763.5,552.41,821.9,642.41,-1,cvat_keyframe
557,13,13,0,1.0,561.24,489.0,569.1,499.57,-1,cvat_keyframe
557,15,15,2,1.0,1016.67,702.27,1063.42,814.87,-1,cvat_interp
557,16,16,2,1.0,1153.29,431.75,1198.96,489.24,-1,cvat_interp
557,20,20,2,1.0,260.59,503.4,301.8,578.67,-1,cvat_keyframe
557,21,21,2,1.0,404.26,442.15,438.0,499.43,-1,cvat_keyframe
557,22,22,2,1.0,354.69,441.79,388.94,513.13,-1,cvat_keyframe
557,23,23,2,1.0,88.51,510.7,126.17,581.99,-1,cvat_keyframe
558,0,0,2,1.0,1545.27,830.81,1601.79,949.33,-1,cvat_interp
558,1,1,2,1.0,1088.9,597.08,1130.52,684.48,-1,cvat_interp
558,2,2,2,1.0,1257.91,468.56,1303.5,538.76,-1,cvat_interp
558,3,3,2,1.0,1463.13,455.43,1503.01,524.13,-1,cvat_interp
558,7,7,2,1.0,1626.17,443.26,1666.21,511.93,-1,cvat_interp
558,8,8,2,1.0,1216.16,435.97,1247.56,493.77,-1,cvat_interp
558,10,10,2,1.0,1205.86,471.05,1245.8,545.96,-1,cvat_interp
558,11,11,3,1.0,771.82,552.59,825.62,642.59,-1,cvat_interp
558,13,13,0,1.0,560.18,488.79,568.04,499.36,-1,cvat_interp
558,15,15,2,1.0,1026.24,702.27,1072.99,814.87,-1,cvat_interp
558,16,16,2,1.0,1162.38,432.27,1208.05,489.75,-1,cvat_interp
558,20,20,2,1.0,265.53,503.93,306.74,579.2,-1,cvat_interp
558,21,21,2,1.0,421.9,442.33,455.64,499.6,-1,cvat_interp
558,22,22,2,1.0,370.22,445.49,404.47,513.48,-1,cvat_interp
558,23,23,2,1.0,94.61,510.26,132.27,581.55,-1,cvat_interp
559,0,0,2,1.0,1554.39,832.1,1610.91,950.62,-1,cvat_interp
559,1,1,2,1.0,1099.81,596.99,1141.44,684.39,-1,cvat_interp
559,2,2,2,1.0,1263.96,469.42,1309.55,539.62,-1,cvat_interp
559,3,3,2,1.0,1473.71,456.27,1513.58,524.97,-1,cvat_interp
559,7,7,2,1.0,1636.94,443.81,1676.98,512.49,-1,cvat_interp
559,8,8,2,1.0,1224.1,436.72,1255.51,494.52,-1,cvat_interp
559,10,10,2,1.0,1212.6,471.22,1252.53,546.14,-1,cvat_interp
559,11,11,3,1.0,780.15,552.77,829.34,642.77,-1,cvat_interp
559,13,13,0,1.0,559.11,488.59,566.98,499.15,-1,cvat_interp
559,15,15,2,1.0,1035.8,702.27,1082.56,814.87,-1,cvat_interp
559,16,16,2,1.0,1171.47,432.79,1217.15,490.27,-1,cvat_interp
559,20,20,2,1.0,270.47,504.46,311.68,579.73,-1,cvat_interp
559,21,21,2,1.0,439.53,442.5,473.28,499.78,-1,cvat_interp
559,22,22,2,1.0,385.74,449.2,419.99,513.83,-1,cvat_interp
559,23,23,2,1.0,100.71,509.83,138.36,581.12,-1,cvat_interp
559,24,24,2,1.0,39.3,581.5,77.98,675.8,-1,cvat_keyframe
559,25,25,2,1.0,0.0,679.2,20.48,775.9,-1,cvat_keyframe
560,0,0,2,1.0,1563.51,833.4,1620.03,951.92,-1,cvat_keyframe
560,1,1,2,1.0,1110.73,596.9,1152.36,684.3,-1,cvat_keyframe
560,2,2,2,1.0,1270.0,470.28,1315.59,540.48,-1,cvat_keyframe
560,3,3,2,1.0,1484.28,457.11,1524.16,525.81,-1,cvat_keyframe
560,7,7,2,1.0,1647.71,444.36,1687.75,513.04,-1,cvat_keyframe
560,8,8,2,1.0,1232.05,437.47,1263.45,495.26,-1,cvat_keyframe
560,10,10,2,1.0,1219.33,471.39,1259.27,546.31,-1,cvat_keyframe
560,11,11,3,1.0,788.47,552.94,833.06,642.94,-1,cvat_keyframe
560,13,13,0,1.0,558.05,488.38,565.92,498.94,-1,cvat_keyframe
560,15,15,2,1.0,1045.37,702.27,1092.12,814.87,-1,cvat_keyframe
560,16,16,2,1.0,1180.57,433.31,1226.24,490.79,-1,cvat_keyframe
560,18,18,2,1.0,0.0,570.9,17.19,647.89,-1,cvat_keyframe
560,19,19,3,1.0,0.0,447.36,30.2,516.7,-1,cvat_keyframe
560,20,20,2,1.0,275.4,504.99,316.62,580.26,-1,cvat_keyframe
560,21,21,2,1.0,457.17,442.68,490.91,499.96,-1,cvat_keyframe
560,22,22,2,1.0,401.26,452.9,435.51,514.19,-1,cvat_keyframe
560,23,23,2,1.0,106.81,509.39,144.46,580.68,-1,cvat_keyframe
560,24,24,2,1.0,54.87,580.3,93.55,674.6,-1,cvat_keyframe
560,25,25,2,1.0,0.0,669.6,37.2,775.9,-1,cvat_keyframe
561,0,0,2,1.0,1570.81,833.31,1627.33,951.83,-1,cvat_interp
561,1,1,2,1.0,1118.97,597.15,1160.59,684.55,-1,cvat_interp
561,2,2,2,1.0,1275.77,470.33,1321.36,540.53,-1,cvat_interp
561,3,3,2,1.0,1492.83,457.32,1532.71,526.67,-1,cvat_interp
561,7,7,2,1.0,1656.88,444.67,1696.93,513.35,-1,cvat_interp
561,8,8,2,1.0,1237.06,438.09,1269.22,495.89,-1,cvat_interp
561,10,10,2,1.0,1224.77,471.0,1265.08,545.92,-1,cvat_interp
561,11,11,3,1.0,794.58,552.69,839.17,642.69,-1,cvat_interp
561,13,13,0,1.0,556.1,488.98,563.96,499.54,-1,cvat_interp
561,15,15,2,1.0,1052.49,702.43,1099.64,815.03,-1,cvat_interp
561,16,16,2,1.0,1187.4,433.25,1233.07,490.74,-1,cvat_interp
561,18,18,2,1.0,0.0,566.94,26.6,644.15,-1,cvat_keyframe
561,19,19,3,1.0,2.01,443.7,32.84,513.04,-1,cvat_keyframe
561,20,20,2,1.0,282.44,503.58,323.66,578.85,-1,cvat_keyframe
561,21,21,2,1.0,469.04,441.57,502.79,498.84,-1,cvat_interp
561,22,22,2,1.0,406.79,450.62,441.04,511.91,-1,cvat_keyframe
561,23,23,2,1.0,113.12,507.54,150.77,578.83,-1,cvat_interp
561,24,24,2,1.0,61.44,578.89,100.11,673.19,-1,cvat_keyframe
561,25,25,2,1.0,0.0,669.6,40.5,775.9,-1,cvat_keyframe
562,0,0,2,1.0,1578.1,833.22,1634.62,951.74,-1,cvat_interp
562,1,1,2,1.0,1127.2,597.39,1168.83,684.79,-1,cvat_interp
562,2,2,2,1.0,1281.54,470.38,1327.13,540.57,-1,cvat_interp
562,3,3,2,1.0,1501.39,457.53,1541.26,527.52,-1,cvat_interp
562,7,7,2,1.0,1666.06,444.98,1706.1,513.66,-1,cvat_interp
562,8,8,2,1.0,1242.08,438.71,1274.99,496.51,-1,cvat_interp
562,10,10,2,1.0,1230.21,470.61,1270.89,545.53,-1,cvat_interp
562,11,11,3,1.0,800.68,552.44,845.28,642.44,-1,cvat_interp
562,13,13,0,1.0,554.15,489.57,562.01,500.13,-1,cvat_interp
562,15,15,2,1.0,1059.62,702.6,1107.15,815.19,-1,cvat_interp
562,16,16,2,1.0,1194.23,433.2,1239.91,490.68,-1,cvat_interp
562,18,18,2,1.0,5.3,566.97,40.8,652.6,-1,cvat_keyframe
562,19,19,3,1.0,6.1,443.68,45.7,512.3,-1,cvat_keyframe
562,20,20,2,1.0,289.12,502.84,330.33,578.11,-1,cvat_keyframe
562,21,21,2,1.0,480.92,440.45,514.66,497.73,-1,cvat_keyframe
562,22,22,2,1.0,425.34,444.69,459.59,505.97,-1,cvat_keyframe
562,23,23,2,1.0,119.42,505.68,157.07,576.97,-1,cvat_keyframe
562,24,24,2,1.0,74.79,575.93,113.47,670.23,-1,cvat_keyframe
562,25,25,2,1.0,14.23,670.79,54.73,777.08,-1,cvat_keyframe
563,0,0,2,1.0,1585.4,833.13,1641.92,951.65,-1,cvat_interp
563,1,1,2,1.0,1135.44,597.64,1177.06,685.04,-1,cvat_interp
563,2,2,2,1.0,1287.31,470.42,1332.9,540.62,-1,cvat_interp
563,3,3,2,1.0,1509.94,457.74,1549.81,528.38,-1,cvat_interp
563,7,7,2,1.0,1675.23,445.29,1715.27,513.97,-1,cvat_interp
563,8,8,2,1.0,1247.09,439.33,1280.76,497.13,-1,cvat_interp
563,10,10,2,1.0,1235.65,470.22,1276.71,545.14,-1,cvat_interp
563,11,11,3,1.0,806.79,552.18,851.38,642.18,-1,cvat_interp
563,13,13,0,1.0,552.2,490.17,560.06,500.73,-1,cvat_interp
563,15,15,2,1.0,1066.74,702.76,1114.66,815.36,-1,cvat_interp
563,16,16,2,1.0,1201.06,433.15,1246.74,490.63,-1,cvat_interp
563,18,18,2,1.0,14.8,567.0,50.79,656.05,-1,cvat_interp
563,19,19,3,1.0,16.07,443.67,55.28,512.38,-1,cvat_interp
563,20,20,2,1.0,296.63,502.16,337.84,577.43,-1,cvat_interp
563,21,21,2,1.0,496.62,440.45,530.36,497.73,-1,cvat_interp
563,22,22,2,1.0,441.04,444.69,475.29,505.97,-1,cvat_interp
563,23,23,2,1.0,126.65,504.83,164.3,576.12,-1,cvat_interp
563,24,24,2,1.0,84.14,575.93,122.82,670.23,-1,cvat_interp
563,25,25,2,1.0,23.58,668.24,64.08,774.53,-1,cvat_interp
564,0,0,2,1.0,1592.7,833.04,1649.22,951.56,-1,cvat_interp
564,1,1,2,1.0,1143.67,597.88,1185.29,685.29,-1,cvat_interp
564,2,2,2,1.0,1293.08,470.47,1338.67,540.67,-1,cvat_interp
564,3,3,2,1.0,1518.49,457.94,1558.36,529.23,-1,cvat_interp
564,7,7,2,1.0,1684.4,445.61,1724.44,514.28,-1,cvat_interp
564,8,8,2,1.0,1252.11,439.96,1286.54,497.75,-1,cvat_interp
564,10,10,2,1.0,1241.1,469.84,1282.52,544.75,-1,cvat_interp
564,11,11,3,1.0,812.89,551.93,857.49,641.93,-1,cvat_interp
564,13,13,0,1.0,550.25,490.77,558.11,501.33,-1,cvat_interp
564,15,15,2,1.0,1073.86,702.92,1122.17,815.52,-1,cvat_interp
564,16,16,2,1.0,1207.89,433.09,1253.57,490.58,-1,cvat_interp
564,18,18,2,1.0,24.3,567.03,60.78,659.5,-1,cvat_keyframe
564,19,19,3,1.0,26.03,443.66,64.85,512.46,-1,cvat_interp
564,20,20,2,1.0,304.14,501.47,345.35,576.75,-1,cvat_keyframe
564,21,21,2,1.0,512.32,440.45,546.06,497.73,-1,cvat_keyframe
564,22,22,2,1.0,456.74,444.69,490.99,505.97,-1,cvat_keyframe
564,23,23,2,1.0,133.87,503.99,171.52,575.27,-1,cvat_keyframe
564,24,24,2,1.0,93.49,575.93,132.17,670.23,-1,cvat_keyframe
564,25,25,2,1.0,32.93,665.69,73.43,771.98,-1,cvat_keyframe
565,0,0,2,1.0,1600.0,832.95,1656.52,951.47,-1,cvat_interp
565,1,1,2,1.0,1151.9,598.13,1193.53,685.53,-1,cvat_interp
565,2,2,2,1.0,1298.85,470.51,1344.44,540.71,-1,cvat_interp
565,3,3,2,1.0,1527.04,458.15,1566.91,530.09,-1,cvat_interp
565,7,7,2,1.0,1693.57,445.92,1733.62,514.59,-1,cvat_interp
565,8,8,2,1.0,1257.12,440.58,1292.31,498.37,-1,cvat_interp
565,10,10,2,1.0,1246.54,469.45,1288.33,544.36,-1,cvat_interp
565,11,11,3,1.0,819.0,551.67,863.59,641.67,-1,cvat_interp
565,13,13,0,1.0,548.3,491.36,556.16,501.93,-1,cvat_interp
565,15,15,2,1.0,1080.99,703.09,1129.69,815.68,-1,cvat_interp
565,16,16,2,1.0,1214.73,433.04,1260.4,490.52,-1,cvat_interp
565,18,18,2,1.0,33.8,567.06,70.76,657.32,-1,cvat_interp
565,19,19,3,1.0,36.0,443.65,74.43,512.54,-1,cvat_interp
565,20,20,2,1.0,309.86,500.86,351.07,576.13,-1,cvat_interp
565,21,21,2,1.0,526.92,440.23,560.66,498.17,-1,cvat_interp
565,22,22,2,1.0,470.85,445.13,505.1,506.41,-1,cvat_interp
565,23,23,2,1.0,141.42,502.96,179.08,574.25,-1,cvat_interp
565,24,24,2,1.0,105.51,574.53,144.19,668.83,-1,cvat_interp
565,25,25,2,1.0,43.1,665.14,83.6,771.44,-1,cvat_interp
566,0,0,2,1.0,1607.3,832.85,1663.81,951.37,-1,cvat_interp
566,1,1,2,1.0,1160.14,598.38,1201.76,685.78,-1,cvat_interp
566,2,2,2,1.0,1304.62,470.56,1350.21,540.76,-1,cvat_interp
566,3,3,2,1.0,1535.59,458.36,1575.46,530.94,-1,cvat_interp
566,7,7,2,1.0,1702.75,446.23,1742.79,514.9,-1,cvat_interp
566,8,8,2,1.0,1262.14,441.2,1298.08,498.99,-1,cvat_interp
566,10,10,2,1.0,1251.98,469.06,1294.15,543.98,-1,cvat_interp
566,11,11,3,1.0,825.1,551.42,869.7,641.42,-1,cvat_interp
566,13,13,0,1.0,546.35,491.96,554.21,502.52,-1,cvat_interp
566,15,15,2,1.0,1088.11,703.25,1137.2,815.84,-1,cvat_interp
566,16,16,2,1.0,1221.56,432.98,1267.23,490.47,-1,cvat_interp
566,18,18,2,1.0,43.3,567.09,80.75,655.13,-1,cvat_interp
566,19,19,3,1.0,45.96,443.64,84.0,512.61,-1,cvat_interp
566,20,20,2,1.0,315.57,500.25,356.78,575.52,-1,cvat_interp
566,21,21,2,1.0,541.51,440.0,575.26,498.62,-1,cvat_interp
566,22,22,2,1.0,484.96,445.57,519.21,506.86,-1,cvat_interp
566,23,23,2,1.0,148.98,501.94,186.63,573.23,-1,cvat_interp
566,24,24,2,1.0,117.54,573.13,156.22,667.43,-1,cvat_interp
566,25,25,2,1.0,53.27,664.59,93.77,770.89,-1,cvat_interp
567,0,0,2,1.0,1614.59,832.76,1671.11,951.28,-1,cvat_interp
567,1,1,2,1.0,1168.37,598.62,1210.0,686.02,-1,cvat_interp
567,2,2,2,1.0,1310.4,470.61,1355.98,540.81,-1,cvat_interp
567,3,3,2,1.0,1544.14,458.57,1584.01,531.8,-1,cvat_interp
567,7,7,2,1.0,1711.92,446.54,1751.96,515.21,-1,cvat_interp
567,8,8,2,1.0,1267.15,441.82,1303.85,499.62,-1,cvat_interp
567,10,10,2,1.0,1257.42,468.67,1299.96,543.59,-1,cvat_interp
567,11,11,3,1.0,831.21,551.16,875.8,641.16,-1,cvat_interp
567,13,13,0,1.0,544.4,492.56,552.26,503.12,-1,cvat_interp
567,15,15,2,1.0,1095.23,703.41,1144.71,816.01,-1,cvat_interp
567,16,16,2,1.0,1228.39,432.93,1274.06,490.41,-1,cvat_interp
567,18,18,2,1.0,52.8,567.12,90.74,652.95,-1,cvat_interp
567,19,19,3,1.0,55.93,443.62,93.58,512.69,-1,cvat_interp
567,20,20,2,1.0,321.29,499.64,362.5,574.91,-1,cvat_interp
567,21,21,2,1.0,556.11,439.78,589.85,499.06,-1,cvat_interp
567,22,22,2,1.0,499.08,446.01,533.33,507.3,-1,cvat_interp
567,23,23,2,1.0,156.53,500.92,194.18,572.21,-1,cvat_interp
567,24,24,2,1.0,129.56,571.73,168.24,666.03,-1,cvat_interp
567,25,25,2,1.0,63.43,664.05,103.93,770.34,-1,cvat_interp
568,0,0,2,1.0,1621.89,832.67,1678.41,951.19,-1,cvat_interp
568,1,1,2,1.0,1176.61,598.87,1218.23,686.27,-1,cvat_interp
568,2,2,2,1.0,1316.17,470.65,1361.76,540.85,-1,cvat_interp
568,3,3,2,1.0,1552.69,458.78,1592.57,532.65,-1,cvat_interp
568,7,7,2,1.0,1721.09,446.85,1761.14,515.53,-1,cvat_interp
568,8,8,2,1.0,1272.17,442.44,1309.62,500.24,-1,cvat_interp
568,10,10,2,1.0,1262.86,468.28,1305.77,543.2,-1,cvat_interp
568,11,11,3,1.0,837.32,550.91,881.91,640.91,-1,cvat_interp
568,13,13,0,1.0,542.45,493.16,550.31,503.72,-1,cvat_interp
568,15,15,2,1.0,1102.36,703.57,1152.23,816.17,-1,cvat_interp
568,16,16,2,1.0,1235.22,432.88,1280.89,490.36,-1,cvat_interp
568,18,18,2,1.0,62.3,567.15,100.73,650.77,-1,cvat_interp
568,19,19,3,1.0,65.89,443.61,103.15,512.77,-1,cvat_interp
568,20,20,2,1.0,327.0,499.02,368.21,574.3,-1,cvat_interp
568,21,21,2,1.0,570.71,439.55,604.45,499.51,-1,cvat_interp
568,22,22,2,1.0,513.19,446.45,547.44,507.74,-1,cvat_interp
568,23,23,2,1.0,164.08,499.9,201.73,571.19,-1,cvat_interp
568,24,24,2,1.0,141.59,570.33,180.27,664.63,-1,cvat_keyframe
568,25,25,2,1.0,73.6,663.5,114.1,769.8,-1,cvat_interp
568,26,26,2,1.0,0.0,871.5,25.2,992.0,-1,cvat_keyframe
569,0,0,2,1.0,1629.19,832.58,1685.71,951.1,-1,cvat_interp
569,1,1,2,1.0,1184.84,599.11,1226.46,686.51,-1,cvat_interp
569,2,2,2,1.0,1321.94,470.7,1367.53,540.9,-1,cvat_interp
569,3,3,2,1.0,1561.24,458.99,1601.12,533.51,-1,cvat_interp
569,7,7,2,1.0,1730.26,447.16,1770.31,515.84,-1,cvat_interp
569,8,8,2,1.0,1277.18,443.07,1315.39,500.86,-1,cvat_interp
569,10,10,2,1.0,1268.3,467.89,1311.59,542.81,-1,cvat_interp
569,11,11,3,1.0,843.42,550.65,888.01,640.65,-1,cvat_interp
569,13,13,0,1.0,540.49,493.75,548.36,504.32,-1,cvat_interp
569,15,15,2,1.0,1109.48,703.74,1159.74,816.33,-1,cvat_interp
569,16,16,2,1.0,1242.05,432.82,1287.73,490.31,-1,cvat_interp
569,18,18,2,1.0,71.81,567.18,110.71,648.58,-1,cvat_interp
569,19,19,3,1.0,75.86,443.6,112.73,512.85,-1,cvat_interp
569,20,20,2,1.0,332.72,498.41,373.93,573.68,-1,cvat_interp
569,21,21,2,1.0,585.31,439.33,619.05,499.95,-1,cvat_interp
569,22,22,2,1.0,527.3,446.9,561.55,508.18,-1,cvat_interp
569,23,23,2,1.0,171.63,498.88,209.29,570.17,-1,cvat_interp
569,24,24,2,1.0,149.28,570.33,187.96,664.63,-1,cvat_interp
569,25,25,2,1.0,83.77,662.95,124.27,769.25,-1,cvat_interp
569,26,26,2,1.0,0.0,867.0,35.95,992.0,-1,cvat_interp
570,0,0,2,1.0,1636.49,832.49,1693.0,951.01,-1,cvat_keyframe
570,1,1,2,1.0,1193.07,599.36,1234.7,686.76,-1,cvat_keyframe
570,2,2,2,1.0,1327.71,470.75,1373.3,540.95,-1,cvat_keyframe
570,3,3,2,1.0,1569.79,459.2,1609.67,534.36,-1,cvat_keyframe
570,7,7,2,1.0,1739.44,447.47,1779.48,516.15,-1,cvat_keyframe
570,8,8,2,1.0,1282.2,443.69,1321.17,501.48,-1,cvat_keyframe
570,10,10,2,1.0,1273.74,467.5,1317.4,542.42,-1,cvat_keyframe
570,11,11,3,1.0,849.53,550.4,894.12,640.4,-1,cvat_keyframe
570,13,13,0,1.0,538.54,494.35,546.41,504.91,-1,cvat_keyframe
570,15,15,2,1.0,1116.6,703.9,1167.25,816.5,-1,cvat_keyframe
570,16,16,2,1.0,1248.88,432.77,1294.56,490.25,-1,cvat_keyframe
570,18,18,2,1.0,81.31,567.21,120.7,646.4,-1,cvat_keyframe
570,19,19,3,1.0,85.83,443.59,122.3,512.93,-1,cvat_keyframe
570,20,20,2,1.0,338.43,497.8,379.65,573.07,-1,cvat_interp
570,21,21,2,1.0,599.91,439.1,633.65,500.4,-1,cvat_interp
570,22,22,2,1.0,541.41,447.34,575.66,508.62,-1,cvat_interp
570,23,23,2,1.0,179.19,497.86,216.84,569.15,-1,cvat_interp
570,24,24,2,1.0,156.97,570.33,195.65,664.63,-1,cvat_keyframe
570,25,25,2,1.0,93.94,662.41,134.44,768.7,-1,cvat_interp
570,26,26,2,1.0,0.0,862.5,46.7,992.0,-1,cvat_keyframe
571,0,0,2,1.0,1644.83,833.11,1703.07,951.79,-1,cvat_interp
571,1,1,2,1.0,1201.42,599.61,1244.26,687.18,-1,cvat_interp
571,2,2,2,1.0,1332.17,471.58,1377.76,541.78,-1,cvat_interp
571,3,3,2,1.0,1578.43,459.46,1618.31,534.62,-1,cvat_interp
571,7,7,2,1.0,1749.99,448.17,1789.13,517.19,-1,cvat_interp
571,8,8,2,1.0,1286.54,443.78,1325.51,501.58,-1,cvat_interp
571,10,10,2,1.0,1278.28,467.69,1321.93,542.61,-1,cvat_interp
571,11,11,3,1.0,854.43,550.51,899.66,640.51,-1,cvat_interp
571,13,13,0,1.0,538.19,494.42,546.05,504.98,-1,cvat_interp
571,15,15,2,1.0,1123.89,703.7,1176.29,816.75,-1,cvat_interp
571,16,16,2,1.0,1254.12,433.52,1299.8,491.62,-1,cvat_interp
571,18,18,2,1.0,91.49,565.37,130.88,646.2,-1,cvat_interp
571,19,19,3,1.0,93.74,443.46,130.22,512.8,-1,cvat_interp
571,20,20,2,1.0,344.15,497.19,385.36,572.46,-1,cvat_interp
571,21,21,2,1.0,614.5,438.88,648.25,500.84,-1,cvat_interp
571,22,22,2,1.0,555.52,447.78,589.77,509.07,-1,cvat_interp
571,23,23,2,1.0,186.74,496.84,224.39,568.13,-1,cvat_interp
571,24,24,2,1.0,166.86,569.98,208.3,664.28,-1,cvat_interp
571,25,25,2,1.0,104.11,661.86,144.61,768.16,-1,cvat_interp
571,26,26,2,1.0,7.28,862.5,53.98,992.0,-1,cvat_interp
572,0,0,2,1.0,1653.17,833.72,1713.14,952.57,-1,cvat_interp
572,1,1,2,1.0,1209.77,599.86,1253.83,687.6,-1,cvat_interp
572,2,2,2,1.0,1336.63,472.41,1382.22,542.61,-1,cvat_interp
572,3,3,2,1.0,1587.07,459.72,1626.94,534.88,-1,cvat_interp
572,7,7,2,1.0,1760.55,448.88,1798.78,518.24,-1,cvat_interp
572,8,8,2,1.0,1290.89,443.88,1329.85,501.67,-1,cvat_interp
572,10,10,2,1.0,1282.81,467.88,1326.47,542.8,-1,cvat_interp
572,11,11,3,1.0,859.34,550.62,905.21,640.62,-1,cvat_interp
572,13,13,0,1.0,537.83,494.49,545.69,505.06,-1,cvat_interp
572,15,15,2,1.0,1131.18,703.5,1185.32,817.01,-1,cvat_interp
572,16,16,2,1.0,1259.37,434.28,1305.04,492.99,-1,cvat_interp
572,18,18,2,1.0,101.67,563.54,141.06,646.0,-1,cvat_interp
572,19,19,3,1.0,101.66,443.34,138.14,512.68,-1,cvat_interp
572,20,20,2,1.0,349.87,496.57,391.08,571.85,-1,cvat_interp
572,21,21,2,1.0,629.1,438.65,662.84,501.29,-1,cvat_interp
572,22,22,2,1.0,569.63,448.22,603.88,509.51,-1,cvat_interp
572,23,23,2,1.0,194.29,495.82,231.95,567.11,-1,cvat_interp
572,24,24,2,1.0,176.75,569.63,220.95,663.93,-1,cvat_interp
572,25,25,2,1.0,114.27,661.31,154.77,767.61,-1,cvat_interp
572,26,26,2,1.0,14.57,862.5,61.27,992.0,-1,cvat_interp
573,0,0,2,1.0,1661.51,834.33,1723.2,953.36,-1,cvat_interp
573,1,1,2,1.0,1218.12,600.11,1263.4,688.03,-1,cvat_interp
573,2,2,2,1.0,1341.09,473.25,1386.67,543.44,-1,cvat_interp
573,3,3,2,1.0,1595.71,459.98,1635.58,535.14,-1,cvat_interp
573,7,7,2,1.0,1771.11,449.58,1808.43,519.29,-1,cvat_interp
573,8,8,2,1.0,1295.23,443.97,1334.2,501.77,-1,cvat_interp
573,10,10,2,1.0,1287.34,468.07,1331.0,542.99,-1,cvat_interp
573,11,11,3,1.0,864.25,550.73,910.76,640.73,-1,cvat_interp
573,13,13,0,1.0,537.47,494.57,545.34,505.13,-1,cvat_interp
573,15,15,2,1.0,1138.47,703.29,1194.36,817.27,-1,cvat_interp
573,16,16,2,1.0,1264.61,435.03,1310.28,494.36,-1,cvat_interp
573,18,18,2,1.0,111.85,561.7,151.25,645.79,-1,cvat_keyframe
573,19,19,3,1.0,109.58,443.22,146.05,512.56,-1,cvat_interp
573,20,20,2,1.0,355.58,495.96,396.79,571.23,-1,cvat_interp
573,21,21,2,1.0,643.7,438.43,677.44,501.73,-1,cvat_interp
573,22,22,2,1.0,583.74,448.66,617.99,509.95,-1,cvat_interp
573,23,23,2,1.0,201.85,494.8,239.5,566.09,-1,cvat_interp
573,24,24,2,1.0,186.65,569.27,233.6,663.57,-1,cvat_keyframe
573,25,25,2,1.0,124.44,660.77,164.94,767.06,-1,cvat_interp
573,26,26,2,1.0,21.85,862.5,68.55,992.0,-1,cvat_keyframe
574,0,0,2,1.0,1669.85,834.95,1733.27,954.14,-1,cvat_interp
574,1,1,2,1.0,1226.47,600.36,1272.97,688.45,-1,cvat_interp
574,2,2,2,1.0,1345.54,474.08,1391.13,544.28,-1,cvat_interp
574,3,3,2,1.0,1604.35,460.24,1644.22,535.4,-1,cvat_interp
574,7,7,2,1.0,1781.66,450.28,1818.08,520.34,-1,cvat_interp
574,8,8,2,1.0,1299.58,444.07,1338.54,501.86,-1,cvat_interp
574,10,10,2,1.0,1291.88,468.26,1335.53,543.18,-1,cvat_interp
574,11,11,3,1.0,869.16,550.84,916.31,640.84,-1,cvat_interp
574,13,13,0,1.0,537.12,494.64,544.98,505.2,-1,cvat_interp
574,15,15,2,1.0,1145.76,703.09,1203.39,817.53,-1,cvat_interp
574,16,16,2,1.0,1269.85,435.78,1315.52,495.73,-1,cvat_interp
574,18,18,2,1.0,122.03,562.2,161.43,645.59,-1,cvat_interp
574,19,19,3,1.0,117.5,443.09,153.97,512.43,-1,cvat_interp
574,20,20,2,1.0,361.3,495.35,402.51,570.62,-1,cvat_keyframe
574,21,21,2,1.0,658.3,438.2,692.04,502.17,-1,cvat_keyframe
574,22,22,2,1.0,597.86,449.11,632.11,510.39,-1,cvat_keyframe
574,23,23,2,1.0,209.4,493.78,247.05,565.07,-1,cvat_keyframe
574,24,24,2,1.0,196.59,569.71,243.54,664.01,-1,cvat_interp
574,25,25,2,1.0,134.61,660.22,175.11,766.52,-1,cvat_keyframe
574,26,26,2,1.0,29.6,862.35,77.8,991.85,-1,cvat_interp
575,0,0,2,1.0,1678.2,835.56,1743.33,954.92,-1,cvat_interp
575,1,1,2,1.0,1234.82,600.61,1282.53,688.88,-1,cvat_interp
575,2,2,2,1.0,1350.0,474.91,1395.59,545.11,-1,cvat_interp
575,3,3,2,1.0,1612.99,460.5,1652.86,535.67,-1,cvat_interp
575,7,7,2,1.0,1792.22,450.99,1827.73,521.38,-1,cvat_interp
575,8,8,2,1.0,1303.92,444.16,1342.89,501.95,-1,cvat_interp
575,10,10,2,1.0,1296.41,468.45,1340.07,543.37,-1,cvat_interp
575,11,11,3,1.0,874.06,550.95,921.86,640.95,-1,cvat_interp
575,13,13,0,1.0,536.76,494.71,544.62,505.27,-1,cvat_interp
575,15,15,2,1.0,1153.05,702.89,1212.43,817.78,-1,cvat_interp
575,16,16,2,1.0,1275.09,436.53,1320.76,497.1,-1,cvat_interp
575,18,18,2,1.0,132.22,562.7,171.61,645.39,-1,cvat_interp
575,19,19,3,1.0,125.42,442.97,161.89,512.31,-1,cvat_interp
575,20,20,2,1.0,367.22,494.69,408.43,569.96,-1,cvat_interp
575,21,21,2,1.0,669.24,438.2,702.99,502.17,-1,cvat_interp
575,22,22,2,1.0,608.12,448.76,642.37,510.05,-1,cvat_interp
575,23,23,2,1.0,215.76,493.78,253.42,565.07,-1,cvat_interp
575,24,24,2,1.0,206.54,570.15,253.49,664.45,-1,cvat_interp
575,25,25,2,1.0,143.16,662.63,183.66,768.93,-1,cvat_interp
575,26,26,2,1.0,37.35,862.21,87.05,991.71,-1,cvat_interp
576,0,0,2,1.0,1686.54,836.17,1753.4,955.7,-1,cvat_keyframe
576,1,1,2,1.0,1243.16,600.86,1292.1,689.3,-1,cvat_keyframe
576,2,2,2,1.0,1354.46,475.74,1400.05,545.94,-1,cvat_interp
576,3,3,2,1.0,1621.63,460.76,1661.5,535.93,-1,cvat_interp
576,7,7,2,1.0,1802.78,451.69,1837.38,522.43,-1,cvat_interp
576,8,8,2,1.0,1308.27,444.25,1347.23,502.05,-1,cvat_interp
576,10,10,2,1.0,1300.94,468.64,1344.6,543.55,-1,cvat_interp
576,11,11,3,1.0,878.97,551.06,927.41,641.06,-1,cvat_interp
576,13,13,0,1.0,536.4,494.78,544.26,505.34,-1,cvat_interp
576,15,15,2,1.0,1160.34,702.69,1221.46,818.04,-1,cvat_interp
576,16,16,2,1.0,1280.33,437.29,1326.01,498.47,-1,cvat_interp
576,18,18,2,1.0,142.4,563.2,181.79,645.19,-1,cvat_interp
576,19,19,3,1.0,133.33,442.85,169.81,512.19,-1,cvat_interp
576,20,20,2,1.0,373.14,494.03,414.35,569.31,-1,cvat_keyframe
576,21,21,2,1.0,680.19,438.2,713.93,502.17,-1,cvat_keyframe
576,22,22,2,1.0,618.38,448.42,652.63,509.71,-1,cvat_keyframe
576,23,23,2,1.0,222.13,493.78,259.78,565.07,-1,cvat_keyframe
576,24,24,2,1.0,216.48,570.59,263.43,664.89,-1,cvat_keyframe
576,25,25,2,1.0,151.72,665.05,192.22,771.34,-1,cvat_keyframe
576,26,26,2,1.0,45.1,862.06,96.3,991.56,-1,cvat_keyframe
577,0,0,2,1.0,1694.88,836.79,1759.16,956.06,-1,cvat_interp
577,1,1,2,1.0,1251.51,601.12,1298.62,689.29,-1,cvat_interp
577,2,2,2,1.0,1358.92,476.58,1404.51,546.78,-1,cvat_interp
577,3,3,2,1.0,1630.26,461.02,1670.14,536.19,-1,cvat_interp
577,7,7,2,1.0,1813.33,452.39,1847.03,523.48,-1,cvat_interp
577,8,8,2,1.0,1312.61,444.35,1351.58,502.14,-1,cvat_interp
577,10,10,2,1.0,1305.48,468.83,1349.13,543.74,-1,cvat_interp
577,11,11,3,1.0,883.88,551.17,932.95,641.17,-1,cvat_interp
577,13,13,0,1.0,536.04,494.85,543.91,505.41,-1,cvat_interp
577,15,15,2,1.0,1167.63,702.48,1230.5,818.3,-1,cvat_keyframe
577,16,16,2,1.0,1285.57,438.04,1331.25,499.84,-1,cvat_interp
577,18,18,2,1.0,152.58,563.69,191.98,644.99,-1,cvat_interp
577,19,19,3,1.0,141.25,442.72,177.73,512.06,-1,cvat_interp
577,20,20,2,1.0,378.18,494.16,419.39,569.43,-1,cvat_interp
577,21,21,2,1.0,693.59,437.59,727.33,501.57,-1,cvat_interp
577,22,22,2,1.0,629.64,447.51,663.89,508.79,-1,cvat_interp
577,23,23,2,1.0,229.68,493.78,267.34,565.07,-1,cvat_interp
577,24,24,2,1.0,226.18,570.09,273.13,664.39,-1,cvat_interp
577,25,25,2,1.0,160.42,664.23,200.92,770.53,-1,cvat_interp
577,26,26,2,1.0,55.16,862.06,106.36,991.56,-1,cvat_interp
578,0,0,2,1.0,1703.22,837.4,1764.91,956.43,-1,cvat_interp
578,1,1,2,1.0,1259.86,601.37,1305.14,689.29,-1,cvat_interp
578,2,2,2,1.0,1363.38,477.41,1408.97,547.61,-1,cvat_interp
578,3,3,2,1.0,1638.9,461.28,1678.78,536.45,-1,cvat_interp
578,7,7,2,1.0,1823.89,453.09,1856.68,524.52,-1,cvat_interp
578,8,8,2,1.0,1316.95,444.44,1355.92,502.24,-1,cvat_interp
578,10,10,2,1.0,1310.01,469.01,1353.66,543.93,-1,cvat_interp
578,11,11,3,1.0,888.79,551.28,938.5,641.28,-1,cvat_interp
578,13,13,0,1.0,535.69,494.92,543.55,505.48,-1,cvat_interp
578,15,15,2,1.0,1174.92,702.28,1233.72,817.02,-1,cvat_interp
578,16,16,2,1.0,1290.81,438.79,1336.49,501.21,-1,cvat_interp
578,18,18,2,1.0,162.76,564.19,202.16,644.79,-1,cvat_interp
578,19,19,3,1.0,149.17,442.6,185.64,511.94,-1,cvat_interp
578,20,20,2,1.0,383.22,494.28,424.43,569.56,-1,cvat_interp
578,21,21,2,1.0,706.98,436.98,740.72,500.96,-1,cvat_interp
578,22,22,2,1.0,640.91,446.6,675.16,507.88,-1,cvat_interp
578,23,23,2,1.0,237.24,493.78,274.89,565.07,-1,cvat_interp
578,24,24,2,1.0,235.88,569.58,282.83,663.88,-1,cvat_interp
578,25,25,2,1.0,169.11,663.42,209.61,769.71,-1,cvat_interp
578,26,26,2,1.0,65.21,862.06,116.41,991.56,-1,cvat_interp
579,0,0,2,1.0,1711.57,838.02,1770.67,956.79,-1,cvat_interp
579,1,1,2,1.0,1268.21,601.62,1311.66,689.28,-1,cvat_interp
579,2,2,2,1.0,1367.84,478.24,1413.43,548.44,-1,cvat_interp
579,3,3,2,1.0,1647.54,461.55,1687.42,536.71,-1,cvat_interp
579,7,7,2,1.0,1834.44,453.8,1866.33,525.57,-1,cvat_interp
579,8,8,2,1.0,1321.3,444.54,1360.26,502.33,-1,cvat_interp
579,10,10,2,1.0,1314.54,469.2,1358.2,544.12,-1,cvat_interp
579,11,11,3,1.0,893.7,551.38,944.05,641.38,-1,cvat_interp
579,13,13,0,1.0,535.33,494.99,543.19,505.56,-1,cvat_interp
579,15,15,2,1.0,1182.21,702.08,1236.93,815.75,-1,cvat_interp
579,16,16,2,1.0,1296.06,439.55,1341.73,502.58,-1,cvat_interp
579,18,18,2,1.0,172.95,564.69,212.34,644.59,-1,cvat_interp
579,19,19,3,1.0,157.09,442.48,193.56,511.82,-1,cvat_interp
579,20,20,2,1.0,388.26,494.41,429.47,569.68,-1,cvat_interp
579,21,21,2,1.0,720.38,436.37,754.12,500.35,-1,cvat_interp
579,22,22,2,1.0,652.17,445.68,686.42,506.97,-1,cvat_interp
579,23,23,2,1.0,244.8,493.78,282.45,565.07,-1,cvat_interp
579,24,24,2,1.0,245.58,569.08,292.53,663.38,-1,cvat_interp
579,25,25,2,1.0,177.81,662.6,218.31,768.9,-1,cvat_interp
579,26,26,2,1.0,75.27,862.06,126.47,991.56,-1,cvat_interp
580,0,0,2,1.0,1719.91,838.63,1776.43,957.15,-1,cvat_keyframe
580,1,1,2,1.0,1276.56,601.87,1318.18,689.27,-1,cvat_keyframe
580,2,2,2,1.0,1372.3,479.07,1417.89,549.27,-1,cvat_keyframe
580,3,3,2,1.0,1656.18,461.81,1696.06,536.97,-1,cvat_keyframe
580,7,7,2,1.0,1845.0,454.5,1875.98,526.62,-1,cvat_keyframe
580,8,8,2,1.0,1325.64,444.63,1364.61,502.43,-1,cvat_keyframe
580,10,10,2,1.0,1319.08,469.39,1362.73,544.31,-1,cvat_keyframe
580,11,11,3,1.0,898.6,551.49,949.6,641.49,-1,cvat_keyframe
580,13,13,0,1.0,534.97,495.07,542.84,505.63,-1,cvat_keyframe
580,15,15,2,1.0,1189.5,701.88,1240.15,814.47,-1,cvat_keyframe
580,16,16,2,1.0,1301.3,440.3,1346.97,503.95,-1,cvat_keyframe
580,18,18,2,1.0,183.13,565.19,222.52,644.38,-1,cvat_keyframe
580,19,19,3,1.0,165.01,442.35,201.48,511.7,-1,cvat_keyframe
580,20,20,2,1.0,393.3,494.54,434.51,569.81,-1,cvat_keyframe
580,21,21,2,1.0,733.77,435.76,767.51,499.74,-1,cvat_keyframe
580,22,22,2,1.0,663.44,444.77,697.69,506.05,-1,cvat_keyframe
580,23,23,2,1.0,252.36,493.78,290.01,565.07,-1,cvat_keyframe
580,24,24,2,1.0,255.28,568.58,302.23,662.88,-1,cvat_keyframe
580,25,25,2,1.0,186.51,661.79,227.01,768.08,-1,cvat_keyframe
580,26,26,2,1.0,85.32,862.06,136.52,991.56,-1,cvat_keyframe
581,0,0,2,1.0,1727.07,839.12,1783.59,957.64,-1,cvat_interp
581,1,1,2,1.0,1284.83,601.5,1326.46,688.9,-1,cvat_interp
581,2,2,2,1.0,1376.33,479.16,1421.92,549.36,-1,cvat_interp
581,3,3,2,1.0,1665.07,461.81,1704.95,536.97,-1,cvat_interp
581,7,7,2,1.0,1853.27,455.33,1884.24,527.45,-1,cvat_interp
581,8,8,2,1.0,1327.19,443.72,1365.31,501.52,-1,cvat_interp
581,10,10,2,1.0,1323.04,470.81,1366.69,545.73,-1,cvat_interp
581,11,11,3,1.0,902.37,551.25,953.79,641.25,-1,cvat_interp
581,13,13,0,1.0,534.73,494.97,542.59,505.53,-1,cvat_interp
581,15,15,2,1.0,1196.66,702.44,1247.31,815.04,-1,cvat_interp
581,16,16,2,1.0,1307.33,441.64,1352.0,505.28,-1,cvat_interp
581,18,18,2,1.0,191.43,564.48,230.83,643.67,-1,cvat_interp
581,19,19,3,1.0,173.17,441.84,210.37,511.18,-1,cvat_interp
581,20,20,2,1.0,398.43,494.33,439.64,569.6,-1,cvat_interp
581,21,21,2,1.0,745.37,436.34,779.43,500.22,-1,cvat_interp
581,22,22,2,1.0,673.09,443.88,707.34,505.16,-1,cvat_interp
581,23,23,2,1.0,259.72,492.65,297.38,563.93,-1,cvat_interp
581,24,24,2,1.0,265.23,567.87,312.19,662.17,-1,cvat_interp
581,25,25,2,1.0,195.7,661.06,236.2,766.85,-1,cvat_interp
581,26,26,2,1.0,93.31,861.06,144.51,990.56,-1,cvat_interp
582,0,0,2,1.0,1734.24,839.62,1790.75,958.14,-1,cvat_interp
582,1,1,2,1.0,1293.11,601.13,1334.73,688.53,-1,cvat_interp
582,2,2,2,1.0,1380.36,479.25,1425.95,549.45,-1,cvat_interp
582,3,3,2,1.0,1673.97,461.81,1713.84,536.97,-1,cvat_interp
582,7,7,2,1.0,1861.53,456.15,1892.51,528.27,-1,cvat_interp
582,8,8,2,1.0,1328.74,442.81,1366.01,500.61,-1,cvat_interp
582,10,10,2,1.0,1327.0,472.24,1370.65,547.15,-1,cvat_interp
582,11,11,3,1.0,906.13,551.0,957.98,641.0,-1,cvat_interp
582,13,13,0,1.0,534.49,494.88,542.35,505.44,-1,cvat_interp
582,15,15,2,1.0,1203.82,703.0,1254.47,815.6,-1,cvat_interp
582,16,16,2,1.0,1313.36,442.97,1357.02,506.62,-1,cvat_interp
582,18,18,2,1.0,199.74,563.77,239.13,642.96,-1,cvat_interp
582,19,19,3,1.0,181.33,441.32,219.25,510.66,-1,cvat_interp
582,20,20,2,1.0,403.57,494.13,444.78,569.4,-1,cvat_interp
582,21,21,2,1.0,756.96,436.91,791.35,500.7,-1,cvat_interp
582,22,22,2,1.0,682.75,442.99,717.0,504.27,-1,cvat_interp
582,23,23,2,1.0,267.09,491.51,304.74,562.8,-1,cvat_interp
582,24,24,2,1.0,275.19,567.17,322.15,661.47,-1,cvat_interp
582,25,25,2,1.0,204.9,660.33,245.4,765.63,-1,cvat_interp
582,26,26,2,1.0,101.3,860.06,152.5,989.56,-1,cvat_interp
583,0,0,2,1.0,1741.4,840.11,1797.92,958.63,-1,cvat_interp
583,1,1,2,1.0,1301.38,600.76,1343.01,688.16,-1,cvat_interp
583,2,2,2,1.0,1384.39,479.33,1429.98,549.53,-1,cvat_interp
583,3,3,2,1.0,1682.86,461.81,1722.73,536.97,-1,cvat_interp
583,7,7,2,1.0,1869.8,456.98,1900.77,529.1,-1,cvat_interp
583,8,8,2,1.0,1330.28,441.91,1366.7,499.7,-1,cvat_interp
583,10,10,2,1.0,1330.96,473.66,1374.61,548.58,-1,cvat_interp
583,11,11,3,1.0,909.89,550.76,962.17,640.76,-1,cvat_interp
583,13,13,0,1.0,534.25,494.78,542.11,505.35,-1,cvat_interp
583,15,15,2,1.0,1210.98,703.57,1261.63,816.16,-1,cvat_interp
583,16,16,2,1.0,1319.39,444.31,1362.05,507.95,-1,cvat_interp
583,18,18,2,1.0,208.04,563.05,247.43,642.25,-1,cvat_interp
583,19,19,3,1.0,189.49,440.8,228.14,510.15,-1,cvat_interp
583,20,20,2,1.0,408.7,493.92,449.92,569.19,-1,cvat_interp
583,21,21,2,1.0,768.55,437.49,803.26,501.18,-1,cvat_interp
583,22,22,2,1.0,692.4,442.1,726.65,503.38,-1,cvat_interp
583,23,23,2,1.0,274.46,490.38,312.11,561.67,-1,cvat_interp
583,24,24,2,1.0,285.15,566.47,332.11,660.77,-1,cvat_interp
583,25,25,2,1.0,214.1,659.6,254.6,764.4,-1,cvat_interp
583,26,26,2,1.0,109.28,859.07,160.48,988.57,-1,cvat_interp
584,0,0,2,1.0,1748.56,840.61,1805.08,959.13,-1,cvat_interp
584,1,1,2,1.0,1309.66,600.39,1351.28,687.79,-1,cvat_interp
584,2,2,2,1.0,1388.42,479.42,1434.01,549.62,-1,cvat_interp
584,3,3,2,1.0,1691.75,461.81,1731.63,536.97,-1,cvat_interp
584,7,7,2,1.0,1878.06,457.81,1909.04,529.93,-1,cvat_interp
584,8,8,2,1.0,1331.83,441.0,1367.4,498.79,-1,cvat_interp
584,10,10,2,1.0,1334.92,475.08,1378.58,550.0,-1,cvat_interp
584,11,11,3,1.0,913.65,550.51,966.36,640.51,-1,cvat_interp
584,13,13,0,1.0,534.0,494.69,541.87,505.25,-1,cvat_interp
584,15,15,2,1.0,1218.14,704.13,1268.79,816.73,-1,cvat_interp
584,16,16,2,1.0,1325.42,445.64,1367.07,509.29,-1,cvat_interp
584,18,18,2,1.0,216.34,562.34,255.74,641.54,-1,cvat_interp
584,19,19,3,1.0,197.65,440.29,237.02,509.63,-1,cvat_interp
584,20,20,2,1.0,413.84,493.71,455.05,568.99,-1,cvat_interp
584,21,21,2,1.0,780.14,438.06,815.18,501.66,-1,cvat_interp
584,22,22,2,1.0,702.06,441.21,736.31,502.5,-1,cvat_interp
584,23,23,2,1.0,281.83,489.25,319.48,560.53,-1,cvat_interp
584,24,24,2,1.0,295.11,565.76,342.06,660.06,-1,cvat_interp
584,25,25,2,1.0,223.3,658.87,263.8,763.17,-1,cvat_interp
584,26,26,2,1.0,117.27,858.07,168.47,987.57,-1,cvat_interp
585,0,0,2,1.0,1755.73,841.1,1812.25,959.62,-1,cvat_interp
585,1,1,2,1.0,1317.94,600.02,1359.56,687.42,-1,cvat_interp
585,2,2,2,1.0,1392.45,479.5,1438.04,549.7,-1,cvat_interp
585,3,3,2,1.0,1700.65,461.81,1740.52,536.97,-1,cvat_interp
585,7,7,2,1.0,1886.33,458.63,1917.31,530.75,-1,cvat_keyframe
585,8,8,2,1.0,1333.38,440.09,1368.1,497.88,-1,cvat_keyframe
585,10,10,2,1.0,1338.88,476.5,1382.54,551.42,-1,cvat_keyframe
585,11,11,3,1.0,917.41,550.27,970.55,640.27,-1,cvat_interp
585,13,13,0,1.0,533.76,494.6,541.63,505.16,-1,cvat_interp
585,15,15,2,1.0,1225.3,704.7,1275.95,817.29,-1,cvat_interp
585,16,16,2,1.0,1331.46,446.98,1372.1,510.63,-1,cvat_keyframe
585,18,18,2,1.0,224.65,561.63,264.04,640.82,-1,cvat_interp
585,19,19,3,1.0,205.81,439.77,245.91,509.11,-1,cvat_interp
585,20,20,2,1.0,418.98,493.51,460.19,568.78,-1,cvat_interp
585,21,21,2,1.0,791.74,438.63,827.09,502.14,-1,cvat_interp
585,22,22,2,1.0,711.71,440.32,745.96,501.61,-1,cvat_interp
585,23,23,2,1.0,289.2,488.11,326.85,559.4,-1,cvat_interp
585,24,24,2,1.0,305.07,565.06,352.02,659.36,-1,cvat_interp
585,25,25,2,1.0,232.49,658.14,272.99,761.94,-1,cvat_interp
585,26,26,2,1.0,125.26,857.07,176.46,986.57,-1,cvat_interp
586,0,0,2,1.0,1762.89,841.6,1819.41,960.11,-1,cvat_interp
586,1,1,2,1.0,1326.21,599.65,1367.83,687.05,-1,cvat_interp
586,2,2,2,1.0,1396.48,479.59,1442.07,549.79,-1,cvat_interp
586,3,3,2,1.0,1709.54,461.81,1749.41,536.97,-1,cvat_interp
586,7,7,2,1.0,1892.03,456.23,1920.0,528.35,-1,cvat_keyframe
586,8,8,2,1.0,1337.67,439.18,1373.24,496.97,-1,cvat_interp
586,10,10,2,1.0,1342.98,474.22,1386.63,549.14,-1,cvat_interp
586,11,11,3,1.0,921.17,550.02,974.74,640.02,-1,cvat_interp
586,13,13,0,1.0,533.52,494.5,541.38,505.07,-1,cvat_interp
586,15,15,2,1.0,1232.46,705.26,1283.11,817.86,-1,cvat_interp
586,16,16,2,1.0,1334.61,446.12,1376.26,509.77,-1,cvat_interp
586,18,18,2,1.0,232.95,560.92,272.34,640.11,-1,cvat_interp
586,19,19,3,1.0,213.98,439.25,254.79,508.6,-1,cvat_interp
586,20,20,2,1.0,424.11,493.3,465.32,568.58,-1,cvat_interp
586,21,21,2,1.0,803.33,439.21,839.01,502.61,-1,cvat_interp
586,22,22,2,1.0,721.37,439.43,755.62,500.72,-1,cvat_interp
586,23,23,2,1.0,296.56,486.98,334.22,558.27,-1,cvat_interp
586,24,24,2,1.0,315.03,564.36,361.98,658.66,-1,cvat_interp
586,25,25,2,1.0,241.69,657.41,282.19,760.71,-1,cvat_interp
586,26,26,2,1.0,133.25,856.07,184.44,985.57,-1,cvat_interp
587,0,0,2,1.0,1770.05,842.09,1826.57,960.61,-1,cvat_interp
587,1,1,2,1.0,1334.49,599.28,1376.11,686.68,-1,cvat_interp
587,2,2,2,1.0,1400.51,479.67,1446.1,549.87,-1,cvat_interp
587,3,3,2,1.0,1718.43,461.81,1758.31,536.97,-1,cvat_interp
587,8,8,2,1.0,1341.96,438.27,1378.38,496.06,-1,cvat_interp
587,10,10,2,1.0,1347.08,471.94,1390.73,546.86,-1,cvat_interp
587,11,11,3,1.0,924.93,549.78,978.93,639.78,-1,cvat_interp
587,13,13,0,1.0,533.28,494.41,541.14,504.97,-1,cvat_interp
587,15,15,2,1.0,1239.62,705.82,1290.27,818.42,-1,cvat_interp
587,16,16,2,1.0,1337.76,445.26,1380.42,508.91,-1,cvat_interp
587,18,18,2,1.0,241.25,560.21,280.65,639.4,-1,cvat_interp
587,19,19,3,1.0,222.14,438.74,263.68,508.08,-1,cvat_interp
587,20,20,2,1.0,429.25,493.1,470.46,568.37,-1,cvat_interp
587,21,21,2,1.0,814.92,439.78,850.92,503.09,-1,cvat_interp
587,22,22,2,1.0,731.02,438.54,765.27,499.83,-1,cvat_interp
587,23,23,2,1.0,303.93,485.85,341.58,557.13,-1,cvat_interp
587,24,24,2,1.0,324.99,563.65,371.94,657.95,-1,cvat_interp
587,25,25,2,1.0,250.89,656.69,291.39,759.48,-1,cvat_interp
587,26,26,2,1.0,141.23,855.07,192.43,984.57,-1,cvat_interp
588,0,0,2,1.0,1777.22,842.58,1833.74,961.1,-1,cvat_interp
588,1,1,2,1.0,1342.76,598.91,1384.39,686.31,-1,cvat_interp
588,2,2,2,1.0,1404.54,479.76,1450.13,549.96,-1,cvat_interp
588,3,3,2,1.0,1727.33,461.81,1767.2,536.97,-1,cvat_interp
588,8,8,2,1.0,1346.25,437.36,1383.51,495.16,-1,cvat_interp
588,10,10,2,1.0,1351.17,469.66,1394.83,544.58,-1,cvat_interp
588,11,11,3,1.0,928.69,549.53,983.12,639.53,-1,cvat_interp
588,13,13,0,1.0,533.04,494.32,540.9,504.88,-1,cvat_interp
588,15,15,2,1.0,1246.78,706.39,1297.43,818.98,-1,cvat_interp
588,16,16,2,1.0,1340.92,444.41,1384.58,508.05,-1,cvat_interp
588,18,18,2,1.0,249.56,559.49,288.95,638.69,-1,cvat_interp
588,19,19,3,1.0,230.3,438.22,272.56,507.56,-1,cvat_keyframe
588,20,20,2,1.0,434.38,492.89,475.6,568.17,-1,cvat_interp
588,21,21,2,1.0,826.51,440.35,862.84,503.57,-1,cvat_interp
588,22,22,2,1.0,740.68,437.65,774.93,498.94,-1,cvat_interp
588,23,23,2,1.0,311.3,484.71,348.95,556.0,-1,cvat_interp
588,24,24,2,1.0,334.95,562.95,381.9,657.25,-1,cvat_interp
588,25,25,2,1.0,260.08,655.96,300.58,758.26,-1,cvat_interp
588,26,26,2,1.0,149.22,854.07,200.42,983.57,-1,cvat_interp
589,0,0,2,1.0,1784.38,843.08,1840.9,961.6,-1,cvat_interp
589,1,1,2,1.0,1351.04,598.54,1392.66,685.94,-1,cvat_interp
589,2,2,2,1.0,1408.57,479.85,1454.16,550.05,-1,cvat_interp
589,3,3,2,1.0,1736.22,461.81,1776.09,536.97,-1,cvat_interp
589,8,8,2,1.0,1350.54,436.45,1388.65,494.25,-1,cvat_interp
589,10,10,2,1.0,1355.27,467.38,1398.93,542.3,-1,cvat_interp
589,11,11,3,1.0,932.45,549.29,987.31,639.29,-1,cvat_interp
589,13,13,0,1.0,532.79,494.22,540.66,504.78,-1,cvat_interp
589,15,15,2,1.0,1253.95,706.95,1304.6,819.55,-1,cvat_interp
589,16,16,2,1.0,1344.07,443.55,1388.74,507.2,-1,cvat_interp
589,18,18,2,1.0,257.86,558.78,297.25,637.98,-1,cvat_interp
589,19,19,3,1.0,242.08,437.7,281.45,507.05,-1,cvat_interp
589,20,20,2,1.0,439.52,492.69,480.73,567.96,-1,cvat_interp
589,21,21,2,1.0,838.11,440.93,874.75,504.05,-1,cvat_interp
589,22,22,2,1.0,750.33,436.76,784.58,498.05,-1,cvat_interp
589,23,23,2,1.0,318.67,483.58,356.32,554.87,-1,cvat_interp
589,24,24,2,1.0,344.9,562.25,391.86,656.55,-1,cvat_interp
589,25,25,2,1.0,269.28,655.23,309.78,757.03,-1,cvat_interp
589,26,26,2,1.0,157.21,853.08,208.4,982.57,-1,cvat_interp
590,0,0,2,1.0,1791.55,843.57,1848.07,962.09,-1,cvat_keyframe
590,1,1,2,1.0,1359.31,598.17,1400.94,685.57,-1,cvat_keyframe
590,2,2,2,1.0,1412.6,479.93,1458.19,550.13,-1,cvat_keyframe
590,3,3,2,1.0,1745.11,461.81,1784.99,536.97,-1,cvat_keyframe
590,8,8,2,1.0,1354.82,435.54,1393.79,493.34,-1,cvat_keyframe
590,10,10,2,1.0,1359.37,465.11,1403.03,540.02,-1,cvat_keyframe
590,11,11,3,1.0,936.21,549.04,991.5,639.04,-1,cvat_keyframe
590,13,13,0,1.0,532.55,494.13,540.42,504.69,-1,cvat_keyframe
590,15,15,2,1.0,1261.11,707.52,1311.76,820.11,-1,cvat_keyframe
590,16,16,2,1.0,1347.22,442.69,1392.9,506.34,-1,cvat_keyframe
590,18,18,2,1.0,266.16,558.07,305.56,637.26,-1,cvat_keyframe
590,19,19,3,1.0,253.86,437.19,290.34,506.53,-1,cvat_keyframe
590,20,20,2,1.0,444.66,492.48,485.87,567.76,-1,cvat_keyframe
590,21,21,2,1.0,849.7,441.5,886.67,504.53,-1,cvat_keyframe
590,22,22,2,1.0,759.99,435.87,794.24,497.16,-1,cvat_keyframe
590,23,23,2,1.0,326.03,482.45,363.69,553.73,-1,cvat_keyframe
590,24,24,2,1.0,354.86,561.54,401.82,655.84,-1,cvat_keyframe
590,25,25,2,1.0,278.48,654.5,318.98,755.8,-1,cvat_keyframe
590,26,26,2,1.0,165.19,852.08,216.39,981.58,-1,cvat_keyframe
591,0,0,2,1.0,1798.95,842.97,1855.26,962.02,-1,cvat_interp
591,1,1,2,1.0,1365.39,598.17,1407.02,685.57,-1,cvat_interp
591,2,2,2,1.0,1416.42,479.81,1462.67,550.25,-1,cvat_interp
591,3,3,2,1.0,1752.65,462.05,1792.53,537.21,-1,cvat_interp
591,8,8,2,1.0,1358.52,435.41,1397.48,493.2,-1,cvat_interp
591,10,10,2,1.0,1363.31,465.23,1406.97,540.14,-1,cvat_interp
591,11,11,3,1.0,939.88,548.52,994.74,638.52,-1,cvat_interp
591,13,13,0,1.0,533.43,493.9,541.3,504.46,-1,cvat_interp
591,15,15,2,1.0,1266.06,707.08,1316.71,819.68,-1,cvat_interp
591,16,16,2,1.0,1348.78,443.51,1394.45,507.15,-1,cvat_interp
591,18,18,2,1.0,271.9,556.56,311.3,635.76,-1,cvat_interp
591,19,19,3,1.0,260.25,436.54,296.72,505.88,-1,cvat_interp
591,20,20,2,1.0,447.49,490.66,489.14,565.93,-1,cvat_interp
591,21,21,2,1.0,858.52,441.5,895.49,504.53,-1,cvat_interp
591,22,22,2,1.0,766.22,435.81,803.25,497.09,-1,cvat_interp
591,23,23,2,1.0,333.34,480.62,370.99,551.91,-1,cvat_interp
591,24,24,2,1.0,363.3,560.66,410.25,654.96,-1,cvat_interp
591,25,25,2,1.0,286.29,653.49,326.79,754.79,-1,cvat_interp
591,26,26,2,1.0,171.17,851.07,223.19,980.57,-1,cvat_interp
592,0,0,2,1.0,1806.35,842.38,1862.45,961.94,-1,cvat_interp
592,1,1,2,1.0,1371.47,598.17,1413.1,685.57,-1,cvat_interp
592,2,2,2,1.0,1420.24,479.69,1467.15,550.37,-1,cvat_interp
592,3,3,2,1.0,1760.2,462.29,1800.07,537.45,-1,cvat_interp
592,8,8,2,1.0,1362.21,435.27,1401.18,493.07,-1,cvat_interp
592,10,10,2,1.0,1367.25,465.35,1410.91,540.27,-1,cvat_interp
592,11,11,3,1.0,943.54,548.0,997.97,638.0,-1,cvat_interp
592,13,13,0,1.0,534.31,493.68,542.18,504.24,-1,cvat_interp
592,15,15,2,1.0,1271.01,706.65,1321.66,819.24,-1,cvat_interp
592,16,16,2,1.0,1350.34,444.32,1396.01,507.97,-1,cvat_interp
592,18,18,2,1.0,277.65,555.06,317.04,634.25,-1,cvat_interp
592,19,19,3,1.0,266.64,435.9,303.11,505.24,-1,cvat_interp
592,20,20,2,1.0,450.32,488.83,492.41,564.1,-1,cvat_interp
592,21,21,2,1.0,867.33,441.5,904.3,504.53,-1,cvat_interp
592,22,22,2,1.0,772.46,435.75,812.25,497.03,-1,cvat_interp
592,23,23,2,1.0,340.64,478.79,378.3,550.08,-1,cvat_interp
592,24,24,2,1.0,371.74,559.78,418.69,654.08,-1,cvat_interp
592,25,25,2,1.0,294.1,652.48,334.6,753.78,-1,cvat_interp
592,26,26,2,1.0,177.16,850.06,229.99,979.56,-1,cvat_interp
593,0,0,2,1.0,1813.75,841.78,1869.65,961.87,-1,cvat_interp
593,1,1,2,1.0,1377.55,598.17,1419.18,685.57,-1,cvat_interp
593,2,2,2,1.0,1424.06,479.57,1471.64,550.48,-1,cvat_interp
593,3,3,2,1.0,1767.74,462.53,1807.61,537.7,-1,cvat_interp
593,8,8,2,1.0,1365.9,435.14,1404.87,492.93,-1,cvat_interp
593,10,10,2,1.0,1371.2,465.47,1414.85,540.39,-1,cvat_interp
593,11,11,3,1.0,947.21,547.47,1001.21,637.47,-1,cvat_interp
593,13,13,0,1.0,535.2,493.45,543.06,504.01,-1,cvat_interp
593,15,15,2,1.0,1275.96,706.21,1326.61,818.81,-1,cvat_interp
593,16,16,2,1.0,1351.89,445.14,1397.57,508.78,-1,cvat_interp
593,18,18,2,1.0,283.39,553.55,322.78,632.74,-1,cvat_interp
593,19,19,3,1.0,273.03,435.25,309.5,504.59,-1,cvat_interp
593,20,20,2,1.0,453.16,487.0,495.69,562.28,-1,cvat_interp
593,21,21,2,1.0,876.15,441.5,913.12,504.53,-1,cvat_interp
593,22,22,2,1.0,778.69,435.68,821.26,496.97,-1,cvat_interp
593,23,23,2,1.0,347.95,476.97,385.6,548.25,-1,cvat_interp
593,24,24,2,1.0,380.18,558.9,427.13,653.2,-1,cvat_interp
593,25,25,2,1.0,301.9,651.48,342.4,752.78,-1,cvat_interp
593,26,26,2,1.0,183.14,849.05,236.79,978.55,-1,cvat_interp
594,0,0,2,1.0,1821.15,841.18,1876.84,961.8,-1,cvat_interp
594,1,1,2,1.0,1383.63,598.17,1425.25,685.57,-1,cvat_interp
594,2,2,2,1.0,1427.88,479.45,1476.12,550.6,-1,cvat_interp
594,3,3,2,1.0,1775.28,462.78,1815.15,537.94,-1,cvat_interp
594,8,8,2,1.0,1369.59,435.0,1408.56,492.8,-1,cvat_interp
594,10,10,2,1.0,1375.14,465.59,1418.79,540.51,-1,cvat_interp
594,11,11,3,1.0,950.87,546.95,1004.44,636.95,-1,cvat_interp
594,13,13,0,1.0,536.08,493.22,543.94,503.79,-1,cvat_interp
594,15,15,2,1.0,1280.91,705.78,1331.56,818.37,-1,cvat_interp
594,16,16,2,1.0,1353.45,445.95,1399.13,509.6,-1,cvat_interp
594,18,18,2,1.0,289.13,552.04,328.53,631.24,-1,cvat_interp
594,19,19,3,1.0,279.41,434.61,315.89,503.95,-1,cvat_interp
594,20,20,2,1.0,455.99,485.18,498.96,560.45,-1,cvat_interp
594,21,21,2,1.0,884.97,441.5,921.93,504.53,-1,cvat_interp
594,22,22,2,1.0,784.93,435.62,830.26,496.91,-1,cvat_interp
594,23,23,2,1.0,355.25,475.14,392.91,546.43,-1,cvat_interp
594,24,24,2,1.0,388.62,558.02,435.57,652.32,-1,cvat_interp
594,25,25,2,1.0,309.71,650.47,350.21,751.77,-1,cvat_interp
594,26,26,2,1.0,189.12,848.05,243.6,977.55,-1,cvat_interp
595,0,0,2,1.0,1828.56,840.59,1884.03,961.72,-1,cvat_interp
595,1,1,2,1.0,1389.71,598.17,1431.33,685.57,-1,cvat_interp
595,2,2,2,1.0,1431.7,479.33,1480.6,550.72,-1,cvat_interp
595,3,3,2,1.0,1782.82,463.02,1822.7,538.18,-1,cvat_interp
595,8,8,2,1.0,1373.29,434.87,1412.25,492.66,-1,cvat_interp
595,10,10,2,1.0,1379.08,465.71,1422.74,540.63,-1,cvat_interp
595,11,11,3,1.0,954.54,546.42,1007.68,636.42,-1,cvat_interp
595,13,13,0,1.0,536.96,493.0,544.82,503.56,-1,cvat_interp
595,15,15,2,1.0,1285.86,705.34,1336.51,817.94,-1,cvat_interp
595,16,16,2,1.0,1355.01,446.77,1400.68,510.42,-1,cvat_interp
595,18,18,2,1.0,294.88,550.53,334.27,629.73,-1,cvat_interp
595,19,19,3,1.0,285.8,433.96,322.28,503.3,-1,cvat_interp
595,20,20,2,1.0,458.82,483.35,502.23,558.62,-1,cvat_interp
595,21,21,2,1.0,893.78,441.5,930.75,504.53,-1,cvat_interp
595,22,22,2,1.0,791.16,435.56,839.27,496.84,-1,cvat_interp
595,23,23,2,1.0,362.56,473.32,400.21,544.6,-1,cvat_interp
595,24,24,2,1.0,397.05,557.14,444.01,651.44,-1,cvat_interp
595,25,25,2,1.0,317.52,649.46,358.02,750.76,-1,cvat_interp
595,26,26,2,1.0,195.1,847.04,250.4,976.54,-1,cvat_interp
596,0,0,2,1.0,1835.96,839.99,1891.23,961.65,-1,cvat_interp
596,1,1,2,1.0,1395.79,598.17,1437.41,685.57,-1,cvat_interp
596,2,2,2,1.0,1435.52,479.2,1485.09,550.83,-1,cvat_interp
596,3,3,2,1.0,1790.36,463.26,1830.24,538.42,-1,cvat_interp
596,8,8,2,1.0,1376.98,434.73,1415.95,492.53,-1,cvat_interp
596,10,10,2,1.0,1383.02,465.83,1426.68,540.75,-1,cvat_interp
596,11,11,3,1.0,958.2,545.9,1010.91,635.9,-1,cvat_interp
596,13,13,0,1.0,537.84,492.77,545.7,503.34,-1,cvat_interp
596,15,15,2,1.0,1290.81,704.91,1341.46,817.51,-1,cvat_interp
596,16,16,2,1.0,1356.56,447.59,1402.24,511.23,-1,cvat_interp
596,18,18,2,1.0,300.62,549.03,340.01,628.22,-1,cvat_interp
596,19,19,3,1.0,292.19,433.32,328.66,502.66,-1,cvat_interp
596,20,20,2,1.0,461.66,481.53,505.51,556.8,-1,cvat_interp
596,21,21,2,1.0,902.6,441.5,939.57,504.53,-1,cvat_interp
596,22,22,2,1.0,797.4,435.49,848.28,496.78,-1,cvat_interp
596,23,23,2,1.0,369.86,471.49,407.52,542.78,-1,cvat_interp
596,24,24,2,1.0,405.49,556.26,452.45,650.56,-1,cvat_interp
596,25,25,2,1.0,325.33,648.45,365.83,749.75,-1,cvat_interp
596,26,26,2,1.0,201.09,846.03,257.2,975.53,-1,cvat_interp
597,0,0,2,1.0,1843.36,839.39,1898.42,961.58,-1,cvat_interp
597,1,1,2,1.0,1401.87,598.17,1443.49,685.57,-1,cvat_interp
597,2,2,2,1.0,1439.34,479.08,1489.57,550.95,-1,cvat_interp
597,3,3,2,1.0,1797.9,463.5,1837.78,538.67,-1,cvat_interp
597,8,8,2,1.0,1380.67,434.6,1419.64,492.39,-1,cvat_interp
597,10,10,2,1.0,1386.96,465.95,1430.62,540.87,-1,cvat_interp
597,11,11,3,1.0,961.86,545.38,1014.15,635.38,-1,cvat_interp
597,13,13,0,1.0,538.72,492.55,546.58,503.11,-1,cvat_interp
597,15,15,2,1.0,1295.76,704.48,1346.41,817.07,-1,cvat_interp
597,16,16,2,1.0,1358.12,448.4,1403.8,512.05,-1,cvat_interp
597,18,18,2,1.0,306.36,547.52,345.76,626.72,-1,cvat_interp
597,19,19,3,1.0,298.58,432.67,335.05,502.01,-1,cvat_interp
597,20,20,2,1.0,464.49,479.7,508.78,554.97,-1,cvat_interp
597,21,21,2,1.0,911.41,441.5,948.38,504.53,-1,cvat_interp
597,22,22,2,1.0,803.63,435.43,857.28,496.72,-1,cvat_interp
597,23,23,2,1.0,377.17,469.66,414.82,540.95,-1,cvat_interp
597,24,24,2,1.0,413.93,555.37,460.89,649.67,-1,cvat_interp
597,25,25,2,1.0,333.14,647.45,373.64,748.75,-1,cvat_interp
597,26,26,2,1.0,207.07,845.02,264.0,974.52,-1,cvat_interp
598,0,0,2,1.0,1850.76,838.79,1905.61,961.5,-1,cvat_interp
598,1,1,2,1.0,1407.95,598.17,1449.57,685.57,-1,cvat_interp
598,2,2,2,1.0,1443.16,478.96,1494.05,551.07,-1,cvat_interp
598,3,3,2,1.0,1805.45,463.75,1845.32,538.91,-1,cvat_interp
598,8,8,2,1.0,1384.37,434.46,1423.33,492.26,-1,cvat_interp
598,10,10,2,1.0,1390.91,466.08,1434.56,540.99,-1,cvat_interp
598,11,11,3,1.0,965.53,544.85,1017.38,634.85,-1,cvat_interp
598,13,13,0,1.0,539.6,492.32,547.46,502.88,-1,cvat_interp
598,15,15,2,1.0,1300.71,704.04,1351.36,816.64,-1,cvat_interp
598,16,16,2,1.0,1359.68,449.22,1405.35,512.86,-1,cvat_interp
598,18,18,2,1.0,312.1,546.01,351.5,625.21,-1,cvat_interp
598,19,19,3,1.0,304.97,432.03,341.44,501.37,-1,cvat_interp
598,20,20,2,1.0,467.33,477.87,512.05,553.15,-1,cvat_interp
598,21,21,2,1.0,920.23,441.5,957.2,504.53,-1,cvat_interp
598,22,22,2,1.0,809.86,435.37,866.29,496.65,-1,cvat_interp
598,23,23,2,1.0,384.47,467.84,422.13,539.12,-1,cvat_interp
598,24,24,2,1.0,422.37,554.49,469.32,648.79,-1,cvat_interp
598,25,25,2,1.0,340.95,646.44,381.45,747.74,-1,cvat_interp
598,26,26,2,1.0,213.05,844.02,270.8,973.52,-1,cvat_interp
599,0,0,2,1.0,1858.16,838.2,1912.81,961.43,-1,cvat_interp
599,1,1,2,1.0,1414.03,598.17,1455.65,685.57,-1,cvat_interp
599,2,2,2,1.0,1446.98,478.84,1498.54,551.18,-1,cvat_interp
599,3,3,2,1.0,1812.99,463.99,1852.86,539.15,-1,cvat_interp
599,8,8,2,1.0,1388.06,434.33,1427.02,492.12,-1,cvat_interp
599,10,10,2,1.0,1394.85,466.2,1438.5,541.11,-1,cvat_interp
599,11,11,3,1.0,969.19,544.33,1020.62,634.33,-1,cvat_interp
599,13,13,0,1.0,540.48,492.1,548.35,502.66,-1,cvat_interp
599,15,15,2,1.0,1305.66,703.61,1356.31,816.2,-1,cvat_interp
599,16,16,2,1.0,1361.24,450.03,1406.91,513.68,-1,cvat_interp
599,18,18,2,1.0,317.85,544.51,357.24,623.7,-1,cvat_interp
599,19,19,3,1.0,311.35,431.38,347.83,500.72,-1,cvat_interp
599,20,20,2,1.0,470.16,476.05,515.33,551.32,-1,cvat_interp
599,21,21,2,1.0,929.05,441.5,966.02,504.53,-1,cvat_interp
599,22,22,2,1.0,816.1,435.31,875.29,496.59,-1,cvat_interp
599,23,23,2,1.0,391.78,466.01,429.43,537.3,-1,cvat_interp
599,24,24,2,1.0,430.81,553.61,477.76,647.91,-1,cvat_interp
599,25,25,2,1.0,348.76,645.43,389.26,746.73,-1,cvat_interp
599,26,26,2,1.0,219.03,843.01,277.6,972.51,-1,cvat_interp
600,0,0,2,1.0,1865.56,837.6,1920.0,961.36,-1,cvat_keyframe
600,1,1,2,1.0,1420.11,598.17,1461.73,685.57,-1,cvat_keyframe
600,2,2,2,1.0,1450.8,478.72,1503.02,551.3,-1,cvat_keyframe
600,3,3,2,1.0,1820.53,464.23,1860.4,539.39,-1,cvat_keyframe
600,8,8,2,1.0,1391.75,434.2,1430.72,491.99,-1,cvat_keyframe
600,10,10,2,1.0,1398.79,466.32,1442.44,541.24,-1,cvat_keyframe
600,11,11,3,1.0,972.86,543.81,1023.85,633.81,-1,cvat_keyframe
600,13,13,0,1.0,541.36,491.87,549.23,502.43,-1,cvat_keyframe
600,15,15,2,1.0,1310.61,703.17,1361.26,815.77,-1,cvat_keyframe
600,16,16,2,1.0,1362.79,450.85,1408.47,514.49,-1,cvat_keyframe
600,18,18,2,1.0,323.59,543.0,362.98,622.19,-1,cvat_keyframe
600,19,19,3,1.0,317.74,430.74,354.22,500.08,-1,cvat_keyframe
600,20,20,2,1.0,472.99,474.22,518.6,549.49,-1,cvat_keyframe
600,21,21,2,1.0,937.86,441.5,974.83,504.53,-1,cvat_keyframe
600,22,22,2,1.0,822.33,435.24,884.3,496.53,-1,cvat_keyframe
600,23,23,2,1.0,399.08,464.18,436.74,535.47,-1,cvat_keyframe
600,24,24,2,1.0,439.25,552.73,486.2,647.03,-1,cvat_keyframe
600,25,25,2,1.0,356.57,644.42,397.07,745.72,-1,cvat_keyframe
600,26,26,2,1.0,225.02,842.0,284.4,971.5,-1,cvat_keyframe
601,0,0,2,1.0,1868.04,837.6,1920.0,961.36,-1,cvat_interp
601,1,1,2,1.0,1426.35,598.33,1474.57,685.73,-1,cvat_interp
601,2,2,2,1.0,1455.88,478.72,1508.1,551.3,-1,cvat_interp
601,3,3,2,1.0,1829.15,465.05,1869.02,540.21,-1,cvat_interp
601,8,8,2,1.0,1397.71,434.26,1436.68,492.05,-1,cvat_interp
601,10,10,2,1.0,1404.09,466.55,1447.74,541.47,-1,cvat_interp
601,11,11,3,1.0,976.96,543.75,1027.95,633.75,-1,cvat_interp
601,13,13,0,1.0,543.46,491.09,551.32,501.65,-1,cvat_interp
601,15,15,2,1.0,1317.32,703.17,1371.42,815.77,-1,cvat_interp
601,16,16,2,1.0,1365.71,450.91,1410.88,514.56,-1,cvat_interp
601,18,18,2,1.0,329.44,542.06,370.25,621.25,-1,cvat_interp
601,19,19,3,1.0,324.72,430.17,361.2,499.51,-1,cvat_interp
601,20,20,2,1.0,477.27,472.28,522.88,547.55,-1,cvat_interp
601,21,21,2,1.0,945.83,441.5,983.68,504.53,-1,cvat_interp
601,22,22,2,1.0,827.77,434.85,889.74,496.14,-1,cvat_interp
601,23,23,2,1.0,407.73,462.05,445.39,533.33,-1,cvat_interp
601,24,24,2,1.0,448.38,552.44,495.34,646.74,-1,cvat_interp
601,25,25,2,1.0,363.95,643.84,406.1,745.14,-1,cvat_interp
601,26,26,2,1.0,232.3,841.13,291.69,970.63,-1,cvat_interp
602,0,0,2,1.0,1870.52,837.6,1920.0,961.36,-1,cvat_interp
602,1,1,2,1.0,1432.6,598.5,1487.4,685.9,-1,cvat_keyframe
602,2,2,2,1.0,1460.96,478.72,1513.17,551.3,-1,cvat_interp
602,3,3,2,1.0,1837.77,465.87,1877.64,541.04,-1,cvat_interp
602,8,8,2,1.0,1403.67,434.32,1442.64,492.11,-1,cvat_interp
602,10,10,2,1.0,1409.39,466.78,1453.04,541.7,-1,cvat_interp
602,11,11,3,1.0,981.05,543.68,1032.05,633.68,-1,cvat_interp
602,13,13,0,1.0,545.56,490.31,553.42,500.87,-1,cvat_interp
602,15,15,2,1.0,1324.02,703.17,1381.57,815.77,-1,cvat_interp
602,16,16,2,1.0,1368.63,450.97,1413.29,514.62,-1,cvat_interp
602,18,18,2,1.0,335.29,541.11,377.51,620.31,-1,cvat_interp
602,19,19,3,1.0,331.7,429.6,368.18,498.94,-1,cvat_interp
602,20,20,2,1.0,481.54,470.33,527.15,545.61,-1,cvat_interp
602,21,21,2,1.0,953.8,441.5,992.53,504.53,-1,cvat_interp
602,22,22,2,1.0,833.22,434.46,895.18,495.75,-1,cvat_interp
602,23,23,2,1.0,416.38,459.91,454.03,531.2,-1,cvat_interp
602,24,24,2,1.0,457.52,552.15,504.47,646.45,-1,cvat_interp
602,25,25,2,1.0,371.33,643.26,415.14,744.56,-1,cvat_interp
602,26,26,2,1.0,239.59,840.25,298.98,969.75,-1,cvat_interp
603,0,0,2,1.0,1873.0,837.6,1920.0,961.36,-1,cvat_keyframe
603,1,1,2,1.0,1441.93,598.67,1495.09,686.07,-1,cvat_interp
603,2,2,2,1.0,1466.04,478.72,1518.25,551.3,-1,cvat_interp
603,3,3,2,1.0,1846.39,466.69,1886.26,541.86,-1,cvat_keyframe
603,8,8,2,1.0,1409.63,434.38,1448.6,492.18,-1,cvat_interp
603,10,10,2,1.0,1414.68,467.01,1458.34,541.93,-1,cvat_interp
603,11,11,3,1.0,985.15,543.62,1036.15,633.62,-1,cvat_interp
603,13,13,0,1.0,547.66,489.53,555.52,500.09,-1,cvat_interp
603,15,15,2,1.0,1330.73,703.17,1391.73,815.77,-1,cvat_interp
603,16,16,2,1.0,1371.55,451.03,1415.71,514.68,-1,cvat_interp
603,18,18,2,1.0,341.13,540.17,384.77,619.37,-1,cvat_interp
603,19,19,3,1.0,338.68,429.04,375.16,498.38,-1,cvat_interp
603,20,20,2,1.0,485.82,468.39,531.43,543.66,-1,cvat_interp
603,21,21,2,1.0,961.77,441.5,1001.37,504.53,-1,cvat_interp
603,22,22,2,1.0,838.66,434.08,900.63,495.36,-1,cvat_interp
603,23,23,2,1.0,425.03,457.77,462.68,529.06,-1,cvat_interp
603,24,24,2,1.0,466.65,551.85,513.6,646.15,-1,cvat_interp
603,25,25,2,1.0,378.72,642.67,424.18,743.97,-1,cvat_interp
603,26,26,2,1.0,246.88,839.38,306.26,968.88,-1,cvat_interp
604,0,0,2,1.0,1881.8,837.6,1920.0,961.36,-1,cvat_keyframe
604,1,1,2,1.0,1451.27,598.84,1502.78,686.24,-1,cvat_interp
604,2,2,2,1.0,1471.11,478.72,1523.33,551.3,-1,cvat_interp
604,3,3,2,1.0,1862.45,467.33,1902.33,542.49,-1,cvat_keyframe
604,8,8,2,1.0,1415.59,434.44,1454.55,492.24,-1,cvat_interp
604,10,10,2,1.0,1419.98,467.24,1463.64,542.16,-1,cvat_interp
604,11,11,3,1.0,989.25,543.56,1040.24,633.56,-1,cvat_interp
604,13,13,0,1.0,549.76,488.75,557.62,499.31,-1,cvat_interp
604,15,15,2,1.0,1337.43,703.17,1401.89,815.77,-1,cvat_interp
604,16,16,2,1.0,1374.46,451.1,1418.12,514.74,-1,cvat_interp
604,18,18,2,1.0,346.98,539.23,392.03,618.42,-1,cvat_interp
604,19,19,3,1.0,345.66,428.47,382.14,497.81,-1,cvat_interp
604,20,20,2,1.0,490.1,466.45,535.7,541.72,-1,cvat_interp
604,21,21,2,1.0,969.74,441.5,1010.22,504.53,-1,cvat_interp
604,22,22,2,1.0,844.1,433.69,906.07,494.97,-1,cvat_interp
604,23,23,2,1.0,433.68,455.63,471.33,526.92,-1,cvat_interp
604,24,24,2,1.0,475.79,551.56,522.74,645.86,-1,cvat_interp
604,25,25,2,1.0,386.1,642.09,433.22,743.39,-1,cvat_interp
604,26,26,2,1.0,254.17,838.5,313.55,968.0,-1,cvat_interp
605,0,0,2,1.0,1879.09,837.6,1920.0,961.36,-1,cvat_interp
605,1,1,2,1.0,1460.6,599.01,1510.46,686.41,-1,cvat_interp
605,2,2,2,1.0,1476.19,478.72,1528.41,551.3,-1,cvat_interp
605,3,3,2,1.0,1869.79,468.3,1909.67,543.46,-1,cvat_interp
605,8,8,2,1.0,1421.55,434.51,1460.51,492.3,-1,cvat_interp
605,10,10,2,1.0,1425.28,467.47,1468.94,542.39,-1,cvat_interp
605,11,11,3,1.0,993.34,543.5,1044.34,633.5,-1,cvat_interp
605,13,13,0,1.0,551.85,487.97,559.72,498.53,-1,cvat_interp
605,15,15,2,1.0,1344.14,703.17,1412.04,815.77,-1,cvat_interp
605,16,16,2,1.0,1377.38,451.16,1420.53,514.8,-1,cvat_interp
605,18,18,2,1.0,352.83,538.28,399.29,617.48,-1,cvat_interp
605,19,19,3,1.0,352.64,427.91,389.12,497.25,-1,cvat_interp
605,20,20,2,1.0,494.37,464.5,539.98,539.78,-1,cvat_interp
605,21,21,2,1.0,977.71,441.5,1019.07,504.53,-1,cvat_interp
605,22,22,2,1.0,849.54,433.3,911.51,494.58,-1,cvat_interp
605,23,23,2,1.0,442.33,453.5,479.98,524.78,-1,cvat_interp
605,24,24,2,1.0,484.92,551.27,531.87,645.57,-1,cvat_interp
605,25,25,2,1.0,393.48,641.51,442.25,742.81,-1,cvat_interp
605,26,26,2,1.0,261.46,837.63,320.84,967.13,-1,cvat_interp
606,1,1,2,1.0,1469.94,599.18,1518.15,686.58,-1,cvat_interp
606,2,2,2,1.0,1481.27,478.72,1533.49,551.3,-1,cvat_interp
606,3,3,2,1.0,1877.13,469.26,1917.0,544.42,-1,cvat_keyframe
606,8,8,2,1.0,1427.51,434.57,1466.47,492.36,-1,cvat_interp
606,10,10,2,1.0,1430.58,467.71,1474.23,542.62,-1,cvat_interp
606,11,11,3,1.0,997.44,543.44,1048.44,633.44,-1,cvat_interp
606,13,13,0,1.0,553.95,487.19,561.81,497.75,-1,cvat_interp
606,15,15,2,1.0,1350.84,703.17,1422.2,815.77,-1,cvat_keyframe
606,16,16,2,1.0,1380.3,451.22,1422.95,514.87,-1,cvat_interp
606,18,18,2,1.0,358.68,537.34,406.55,616.54,-1,cvat_interp
606,19,19,3,1.0,359.62,427.34,396.1,496.68,-1,cvat_interp
606,20,20,2,1.0,498.65,462.56,544.25,537.83,-1,cvat_interp
606,21,21,2,1.0,985.67,441.5,1027.91,504.53,-1,cvat_interp
606,22,22,2,1.0,854.98,432.91,916.95,494.2,-1,cvat_interp
606,23,23,2,1.0,450.98,451.36,488.63,522.64,-1,cvat_interp
606,24,24,2,1.0,494.05,550.98,541.01,645.28,-1,cvat_interp
606,25,25,2,1.0,400.87,640.93,451.29,742.23,-1,cvat_interp
606,26,26,2,1.0,268.75,836.75,328.13,966.25,-1,cvat_interp
607,1,1,2,1.0,1479.27,599.35,1525.84,686.75,-1,cvat_interp
607,2,2,2,1.0,1486.35,478.72,1538.56,551.3,-1,cvat_interp
607,3,3,2,1.0,1886.69,471.96,1920.0,547.12,-1,cvat_keyframe
607,8,8,2,1.0,1433.47,434.63,1472.43,492.42,-1,cvat_interp
607,10,10,2,1.0,1435.88,467.94,1479.53,542.85,-1,cvat_interp
607,11,11,3,1.0,1001.54,543.37,1052.53,633.37,-1,cvat_interp
607,13,13,0,1.0,556.05,486.41,563.91,496.97,-1,cvat_interp
607,15,15,2,1.0,1357.55,703.17,1423.73,815.77,-1,cvat_interp
607,16,16,2,1.0,1383.22,451.28,1425.36,514.93,-1,cvat_interp
607,18,18,2,1.0,364.53,536.4,413.82,615.59,-1,cvat_interp
607,19,19,3,1.0,366.6,426.77,403.08,496.11,-1,cvat_interp
607,20,20,2,1.0,502.92,460.62,548.53,535.89,-1,cvat_interp
607,21,21,2,1.0,993.64,441.5,1036.76,504.53,-1,cvat_interp
607,22,22,2,1.0,860.43,432.52,922.39,493.81,-1,cvat_interp
607,23,23,2,1.0,459.63,449.22,497.28,520.51,-1,cvat_interp
607,24,24,2,1.0,503.19,550.69,550.14,644.99,-1,cvat_interp
607,25,25,2,1.0,408.25,640.34,460.33,741.64,-1,cvat_interp
607,26,26,2,1.0,276.03,835.88,335.42,965.38,-1,cvat_interp
608,1,1,2,1.0,1488.61,599.52,1533.53,686.92,-1,cvat_interp
608,2,2,2,1.0,1491.43,478.72,1543.64,551.3,-1,cvat_interp
608,3,3,2,1.0,1898.23,468.39,1920.0,543.56,-1,cvat_keyframe
608,8,8,2,1.0,1439.43,434.69,1478.39,492.49,-1,cvat_interp
608,10,10,2,1.0,1441.17,468.17,1484.83,543.09,-1,cvat_interp
608,11,11,3,1.0,1005.64,543.31,1056.63,633.31,-1,cvat_interp
608,13,13,0,1.0,558.15,485.63,566.01,496.19,-1,cvat_interp
608,15,15,2,1.0,1364.26,703.17,1425.26,815.77,-1,cvat_interp
608,16,16,2,1.0,1386.13,451.34,1427.77,514.99,-1,cvat_interp
608,18,18,2,1.0,370.38,535.45,421.08,614.65,-1,cvat_interp
608,19,19,3,1.0,373.58,426.21,410.06,495.55,-1,cvat_interp
608,20,20,2,1.0,507.2,458.67,552.81,533.95,-1,cvat_interp
608,21,21,2,1.0,1001.61,441.5,1045.61,504.53,-1,cvat_interp
608,22,22,2,1.0,865.87,432.13,927.84,493.42,-1,cvat_interp
608,23,23,2,1.0,468.27,447.08,505.93,518.37,-1,cvat_interp
608,24,24,2,1.0,512.32,550.4,559.28,644.7,-1,cvat_interp
608,25,25,2,1.0,415.63,639.76,469.36,741.06,-1,cvat_interp
608,26,26,2,1.0,283.32,835.01,342.71,964.5,-1,cvat_interp
609,1,1,2,1.0,1497.94,599.69,1541.21,687.09,-1,cvat_interp
609,2,2,2,1.0,1496.5,478.72,1548.72,551.3,-1,cvat_interp
609,3,3,2,1.0,1898.9,470.26,1920.0,545.43,-1,cvat_keyframe
609,8,8,2,1.0,1445.39,434.75,1484.35,492.55,-1,cvat_interp
609,10,10,2,1.0,1446.47,468.4,1490.13,543.32,-1,cvat_interp
609,11,11,3,1.0,1009.73,543.25,1060.73,633.25,-1,cvat_interp
609,13,13,0,1.0,560.24,484.85,568.11,495.41,-1,cvat_interp
609,15,15,2,1.0,1370.96,703.17,1426.79,815.77,-1,cvat_interp
609,16,16,2,1.0,1389.05,451.41,1430.19,515.05,-1,cvat_interp
609,18,18,2,1.0,376.22,534.51,428.34,613.71,-1,cvat_interp
609,19,19,3,1.0,380.56,425.64,417.04,494.98,-1,cvat_interp
609,20,20,2,1.0,511.48,456.73,557.08,532.0,-1,cvat_interp
609,21,21,2,1.0,1009.58,441.5,1054.45,504.53,-1,cvat_interp
609,22,22,2,1.0,871.31,431.74,933.28,493.03,-1,cvat_interp
609,23,23,2,1.0,476.92,444.94,514.58,516.23,-1,cvat_interp
609,24,24,2,1.0,521.46,550.1,568.41,644.4,-1,cvat_interp
609,25,25,2,1.0,423.02,639.18,478.4,740.48,-1,cvat_interp
609,26,26,2,1.0,290.61,834.13,349.99,963.63,-1,cvat_interp
610,1,1,2,1.0,1507.28,599.86,1548.9,687.26,-1,cvat_keyframe
610,2,2,2,1.0,1501.58,478.72,1553.8,551.3,-1,cvat_keyframe
610,8,8,2,1.0,1451.34,434.82,1490.31,492.61,-1,cvat_keyframe
610,10,10,2,1.0,1451.77,468.63,1495.43,543.55,-1,cvat_keyframe
610,11,11,3,1.0,1013.83,543.19,1064.83,633.19,-1,cvat_keyframe
610,13,13,0,1.0,562.34,484.07,570.21,494.63,-1,cvat_keyframe
610,15,15,2,1.0,1377.67,703.17,1428.32,815.77,-1,cvat_keyframe
610,16,16,2,1.0,1391.97,451.47,1432.6,515.11,-1,cvat_keyframe
610,18,18,2,1.0,382.07,533.57,435.6,612.76,-1,cvat_keyframe
610,19,19,3,1.0,387.54,425.08,424.02,494.42,-1,cvat_keyframe
610,20,20,2,1.0,515.75,454.79,561.36,530.06,-1,cvat_keyframe
610,21,21,2,1.0,1017.55,441.5,1063.3,504.53,-1,cvat_keyframe
610,22,22,2,1.0,876.75,431.36,938.72,492.64,-1,cvat_keyframe
610,23,23,2,1.0,485.57,442.81,523.22,514.09,-1,cvat_keyframe
610,24,24,2,1.0,530.59,549.81,577.55,644.11,-1,cvat_keyframe
610,25,25,2,1.0,430.4,638.59,487.44,739.89,-1,cvat_keyframe
610,26,26,2,1.0,297.9,833.26,357.28,962.75,-1,cvat_keyframe
611,1,1,2,1.0,1514.46,599.68,1556.94,687.08,-1,cvat_interp
611,2,2,2,1.0,1506.53,478.93,1558.74,551.77,-1,cvat_interp
611,8,8,2,1.0,1456.34,435.02,1495.3,493.87,-1,cvat_interp
611,10,10,2,1.0,1455.97,468.47,1499.63,543.39,-1,cvat_interp
611,11,11,3,1.0,1017.25,542.71,1068.24,632.71,-1,cvat_interp
611,13,13,0,1.0,564.93,483.88,572.8,494.44,-1,cvat_interp
611,15,15,2,1.0,1381.95,701.15,1436.79,813.95,-1,cvat_interp
611,16,16,2,1.0,1394.23,451.36,1434.23,515.64,-1,cvat_interp
611,18,18,2,1.0,389.6,532.48,441.34,611.68,-1,cvat_interp
611,19,19,3,1.0,392.35,424.13,428.82,493.47,-1,cvat_interp
611,20,20,2,1.0,519.65,453.88,565.25,529.15,-1,cvat_interp
611,21,21,2,1.0,1024.2,442.05,1070.6,505.08,-1,cvat_interp
611,22,22,2,1.0,882.92,430.84,941.77,492.12,-1,cvat_interp
611,23,23,2,1.0,492.32,441.38,529.97,512.66,-1,cvat_interp
611,24,24,2,1.0,538.71,548.65,585.66,642.95,-1,cvat_interp
611,25,25,2,1.0,435.79,637.43,492.83,738.73,-1,cvat_interp
611,26,26,2,1.0,305.0,832.76,364.38,962.26,-1,cvat_interp
612,1,1,2,1.0,1521.63,599.51,1564.98,686.91,-1,cvat_interp
612,2,2,2,1.0,1511.47,479.14,1563.69,552.24,-1,cvat_interp
612,8,8,2,1.0,1461.33,435.23,1500.3,495.13,-1,cvat_interp
612,10,10,2,1.0,1460.18,468.32,1503.83,543.23,-1,cvat_interp
612,11,11,3,1.0,1020.66,542.24,1071.66,632.24,-1,cvat_interp
612,13,13,0,1.0,567.53,483.69,575.39,494.26,-1,cvat_interp
612,15,15,2,1.0,1386.23,699.14,1445.26,812.13,-1,cvat_interp
612,16,16,2,1.0,1396.49,451.26,1435.86,516.17,-1,cvat_interp
612,18,18,2,1.0,397.14,531.4,447.07,610.6,-1,cvat_interp
612,19,19,3,1.0,397.15,423.19,433.63,492.53,-1,cvat_interp
612,20,20,2,1.0,523.54,452.97,569.15,528.24,-1,cvat_interp
612,21,21,2,1.0,1030.85,442.59,1077.9,505.62,-1,cvat_interp
612,22,22,2,1.0,889.09,430.32,944.83,491.6,-1,cvat_interp
612,23,23,2,1.0,499.07,439.95,536.72,511.24,-1,cvat_interp
612,24,24,2,1.0,546.82,547.48,593.77,641.78,-1,cvat_interp
612,25,25,2,1.0,441.17,636.26,498.21,737.56,-1,cvat_interp
612,26,26,2,1.0,312.09,832.26,371.48,961.76,-1,cvat_interp
613,1,1,2,1.0,1528.81,599.34,1573.02,686.74,-1,cvat_interp
613,2,2,2,1.0,1516.41,479.35,1568.63,552.71,-1,cvat_interp
613,8,8,2,1.0,1466.32,435.44,1505.29,496.39,-1,cvat_interp
613,10,10,2,1.0,1464.38,468.16,1508.04,543.08,-1,cvat_interp
613,11,11,3,1.0,1024.08,541.77,1075.07,631.77,-1,cvat_interp
613,13,13,0,1.0,570.12,483.5,577.98,494.07,-1,cvat_interp
613,15,15,2,1.0,1390.52,697.12,1453.73,810.32,-1,cvat_interp
613,16,16,2,1.0,1398.75,451.15,1437.49,516.69,-1,cvat_interp
613,18,18,2,1.0,404.67,530.32,452.81,609.51,-1,cvat_interp
613,19,19,3,1.0,401.96,422.25,438.43,491.59,-1,cvat_interp
613,20,20,2,1.0,527.43,452.06,573.04,527.33,-1,cvat_interp
613,21,21,2,1.0,1037.5,443.14,1085.2,506.17,-1,cvat_interp
613,22,22,2,1.0,895.26,429.8,947.88,491.08,-1,cvat_interp
613,23,23,2,1.0,505.82,438.52,543.47,509.81,-1,cvat_interp
613,24,24,2,1.0,554.93,546.31,601.89,640.61,-1,cvat_interp
613,25,25,2,1.0,446.56,635.09,503.6,736.39,-1,cvat_interp
613,26,26,2,1.0,319.19,831.76,378.57,961.26,-1,cvat_interp
614,1,1,2,1.0,1535.99,599.17,1581.06,686.57,-1,cvat_interp
614,2,2,2,1.0,1521.36,479.56,1573.57,553.18,-1,cvat_interp
614,8,8,2,1.0,1471.32,435.65,1510.28,497.66,-1,cvat_interp
614,10,10,2,1.0,1468.59,468.0,1512.24,542.92,-1,cvat_interp
614,11,11,3,1.0,1027.49,541.3,1078.49,631.3,-1,cvat_interp
614,13,13,0,1.0,572.71,483.32,580.57,493.88,-1,cvat_interp
614,15,15,2,1.0,1394.8,695.1,1462.2,808.5,-1,cvat_keyframe
614,16,16,2,1.0,1401.01,451.04,1439.12,517.22,-1,cvat_interp
614,18,18,2,1.0,412.2,529.23,458.54,608.43,-1,cvat_interp
614,19,19,3,1.0,406.77,421.31,443.24,490.65,-1,cvat_interp
614,20,20,2,1.0,531.33,451.15,576.94,526.42,-1,cvat_interp
614,21,21,2,1.0,1044.15,443.68,1092.5,506.71,-1,cvat_interp
614,22,22,2,1.0,901.43,429.28,950.93,490.56,-1,cvat_interp
614,23,23,2,1.0,512.57,437.09,550.22,508.38,-1,cvat_interp
614,24,24,2,1.0,563.05,545.14,610.0,639.44,-1,cvat_interp
614,25,25,2,1.0,451.95,633.92,508.99,735.22,-1,cvat_interp
614,26,26,2,1.0,326.29,831.26,385.67,960.76,-1,cvat_interp
615,1,1,2,1.0,1543.16,598.99,1589.1,686.39,-1,cvat_interp
615,2,2,2,1.0,1526.3,479.77,1578.52,553.65,-1,cvat_interp
615,8,8,2,1.0,1476.31,435.86,1515.27,498.92,-1,cvat_interp
615,10,10,2,1.0,1472.79,467.84,1516.45,542.76,-1,cvat_interp
615,11,11,3,1.0,1030.91,540.82,1081.91,630.82,-1,cvat_interp
615,13,13,0,1.0,575.3,483.13,583.16,493.69,-1,cvat_interp
615,15,15,2,1.0,1399.44,695.87,1464.05,809.14,-1,cvat_interp
615,16,16,2,1.0,1403.27,450.93,1440.75,517.74,-1,cvat_interp
615,18,18,2,1.0,419.74,528.15,464.28,607.35,-1,cvat_interp
615,19,19,3,1.0,411.57,420.36,448.04,489.71,-1,cvat_interp
615,20,20,2,1.0,535.22,450.24,580.83,525.52,-1,cvat_interp
615,21,21,2,1.0,1050.8,444.23,1099.8,507.26,-1,cvat_interp
615,22,22,2,1.0,907.6,428.76,953.98,490.04,-1,cvat_interp
615,23,23,2,1.0,519.32,435.67,556.97,506.95,-1,cvat_interp
615,24,24,2,1.0,571.16,543.97,618.11,638.27,-1,cvat_interp
615,25,25,2,1.0,457.34,632.75,514.38,734.05,-1,cvat_interp
615,26,26,2,1.0,333.38,830.77,392.77,960.26,-1,cvat_interp
616,1,1,2,1.0,1550.34,598.82,1597.14,686.22,-1,cvat_interp
616,2,2,2,1.0,1531.25,479.98,1583.46,554.12,-1,cvat_interp
616,8,8,2,1.0,1481.3,436.07,1520.27,500.18,-1,cvat_interp
616,10,10,2,1.0,1477.0,467.69,1520.65,542.6,-1,cvat_interp
616,11,11,3,1.0,1034.33,540.35,1085.32,630.35,-1,cvat_interp
616,13,13,0,1.0,577.89,482.94,585.75,493.5,-1,cvat_interp
616,15,15,2,1.0,1404.08,696.64,1465.89,809.77,-1,cvat_interp
616,16,16,2,1.0,1405.53,450.83,1442.38,518.27,-1,cvat_interp
616,18,18,2,1.0,427.27,527.07,470.02,606.26,-1,cvat_interp
616,19,19,3,1.0,416.38,419.42,452.85,488.76,-1,cvat_interp
616,20,20,2,1.0,539.12,449.33,584.72,524.61,-1,cvat_interp
616,21,21,2,1.0,1057.45,444.77,1107.1,507.8,-1,cvat_interp
616,22,22,2,1.0,913.77,428.24,957.04,489.53,-1,cvat_interp
616,23,23,2,1.0,526.07,434.24,563.72,505.52,-1,cvat_interp
616,24,24,2,1.0,579.27,542.8,626.23,637.1,-1,cvat_interp
616,25,25,2,1.0,462.72,631.58,519.76,732.88,-1,cvat_interp
616,26,26,2,1.0,340.48,830.27,399.86,959.77,-1,cvat_interp
617,1,1,2,1.0,1557.52,598.65,1605.18,686.05,-1,cvat_interp
617,2,2,2,1.0,1536.19,480.19,1588.41,554.59,-1,cvat_interp
617,8,8,2,1.0,1486.29,436.27,1525.26,501.44,-1,cvat_interp
617,10,10,2,1.0,1481.2,467.53,1524.86,542.44,-1,cvat_interp
617,11,11,3,1.0,1037.74,539.88,1088.74,629.88,-1,cvat_interp
617,13,13,0,1.0,580.48,482.75,588.35,493.31,-1,cvat_interp
617,15,15,2,1.0,1408.72,697.41,1467.74,810.41,-1,cvat_interp
617,16,16,2,1.0,1407.79,450.72,1444.01,518.79,-1,cvat_interp
617,18,18,2,1.0,434.8,525.98,475.75,605.18,-1,cvat_interp
617,19,19,3,1.0,421.18,418.48,457.66,487.82,-1,cvat_interp
617,20,20,2,1.0,543.01,448.43,588.62,523.7,-1,cvat_interp
617,21,21,2,1.0,1064.1,445.32,1114.4,508.35,-1,cvat_interp
617,22,22,2,1.0,919.94,427.72,960.09,489.01,-1,cvat_interp
617,23,23,2,1.0,532.82,432.81,570.47,504.1,-1,cvat_interp
617,24,24,2,1.0,587.39,541.63,634.34,635.93,-1,cvat_interp
617,25,25,2,1.0,468.11,630.42,525.15,731.72,-1,cvat_interp
617,26,26,2,1.0,347.58,829.77,406.96,959.27,-1,cvat_interp
618,1,1,2,1.0,1564.7,598.47,1613.22,685.87,-1,cvat_interp
618,2,2,2,1.0,1541.13,480.4,1593.35,555.06,-1,cvat_interp
618,8,8,2,1.0,1491.29,436.48,1530.25,502.7,-1,cvat_interp
618,10,10,2,1.0,1485.4,467.37,1529.06,542.29,-1,cvat_interp
618,11,11,3,1.0,1041.16,539.4,1092.15,629.4,-1,cvat_interp
618,13,13,0,1.0,583.07,482.56,590.94,493.12,-1,cvat_interp
618,15,15,2,1.0,1413.35,698.18,1469.59,811.04,-1,cvat_interp
618,16,16,2,1.0,1410.05,450.61,1445.64,519.32,-1,cvat_interp
618,18,18,2,1.0,442.33,524.9,481.49,604.1,-1,cvat_interp
618,19,19,3,1.0,425.99,417.54,462.46,486.88,-1,cvat_interp
618,20,20,2,1.0,546.91,447.52,592.51,522.79,-1,cvat_interp
618,21,21,2,1.0,1070.75,445.86,1121.7,508.9,-1,cvat_interp
618,22,22,2,1.0,926.11,427.2,963.14,488.49,-1,cvat_interp
618,23,23,2,1.0,539.57,431.38,577.23,502.67,-1,cvat_interp
618,24,24,2,1.0,595.5,540.47,642.45,634.77,-1,cvat_interp
618,25,25,2,1.0,473.5,629.25,530.54,730.55,-1,cvat_interp
618,26,26,2,1.0,354.67,829.27,414.06,958.77,-1,cvat_interp
619,1,1,2,1.0,1571.87,598.3,1621.26,685.7,-1,cvat_interp
619,2,2,2,1.0,1546.08,480.61,1598.29,555.53,-1,cvat_interp
619,8,8,2,1.0,1496.28,436.69,1535.24,503.96,-1,cvat_interp
619,10,10,2,1.0,1489.61,467.21,1533.27,542.13,-1,cvat_interp
619,11,11,3,1.0,1044.57,538.93,1095.57,628.93,-1,cvat_interp
619,13,13,0,1.0,585.66,482.37,593.53,492.94,-1,cvat_interp
619,15,15,2,1.0,1417.99,698.95,1471.43,811.68,-1,cvat_interp
619,16,16,2,1.0,1412.31,450.51,1447.27,519.85,-1,cvat_interp
619,18,18,2,1.0,449.87,523.82,487.22,603.01,-1,cvat_interp
619,19,19,3,1.0,430.79,416.59,467.27,485.94,-1,cvat_interp
619,20,20,2,1.0,550.8,446.61,596.41,521.88,-1,cvat_interp
619,21,21,2,1.0,1077.4,446.41,1129.0,509.44,-1,cvat_interp
619,22,22,2,1.0,932.28,426.68,966.2,487.97,-1,cvat_interp
619,23,23,2,1.0,546.32,429.95,583.98,501.24,-1,cvat_interp
619,24,24,2,1.0,603.61,539.3,650.56,633.6,-1,cvat_interp
619,25,25,2,1.0,478.88,628.08,535.92,729.38,-1,cvat_interp
619,26,26,2,1.0,361.77,828.77,421.15,958.27,-1,cvat_interp
620,1,1,2,1.0,1579.05,598.13,1629.3,685.53,-1,cvat_keyframe
620,2,2,2,1.0,1551.02,480.82,1603.24,556.0,-1,cvat_keyframe
620,8,8,2,1.0,1501.27,436.9,1540.24,505.22,-1,cvat_keyframe
620,10,10,2,1.0,1493.81,467.05,1537.47,541.97,-1,cvat_keyframe
620,11,11,3,1.0,1047.99,538.46,1098.99,628.46,-1,cvat_keyframe
620,13,13,0,1.0,588.26,482.19,596.12,492.75,-1,cvat_keyframe
620,15,15,2,1.0,1422.63,699.71,1473.28,812.31,-1,cvat_keyframe
620,16,16,2,1.0,1414.57,450.4,1448.9,520.37,-1,cvat_keyframe
620,18,18,2,1.0,457.4,522.73,492.96,601.93,-1,cvat_keyframe
620,19,19,3,1.0,435.6,415.65,472.07,484.99,-1,cvat_keyframe
620,20,20,2,1.0,554.69,445.7,600.3,520.97,-1,cvat_keyframe
620,21,21,2,1.0,1084.05,446.95,1136.3,509.99,-1,cvat_keyframe
620,22,22,2,1.0,938.45,426.16,969.25,487.45,-1,cvat_keyframe
620,23,23,2,1.0,553.07,428.53,590.73,499.81,-1,cvat_keyframe
620,24,24,2,1.0,611.72,538.13,658.68,632.43,-1,cvat_keyframe
620,25,25,2,1.0,484.27,626.91,541.31,728.21,-1,cvat_keyframe
620,26,26,2,1.0,368.87,828.28,428.25,957.77,-1,cvat_keyframe
621,1,1,2,1.0,1583.88,598.02,1634.14,685.42,-1,cvat_interp
621,2,2,2,1.0,1554.6,480.82,1606.81,556.54,-1,cvat_interp
621,8,8,2,1.0,1504.95,436.37,1545.39,504.7,-1,cvat_interp
621,10,10,2,1.0,1497.28,466.95,1541.4,541.87,-1,cvat_interp
621,11,11,3,1.0,1049.46,538.46,1102.41,628.46,-1,cvat_interp
621,13,13,0,1.0,590.02,481.8,597.88,492.36,-1,cvat_interp
621,15,15,2,1.0,1425.48,699.38,1478.04,811.98,-1,cvat_interp
621,16,16,2,1.0,1415.72,449.77,1450.06,519.74,-1,cvat_interp
621,18,18,2,1.0,463.04,521.86,498.6,601.06,-1,cvat_interp
621,19,19,3,1.0,439.17,415.44,476.3,484.78,-1,cvat_interp
621,20,20,2,1.0,560.4,445.12,602.26,518.34,-1,cvat_interp
621,21,21,2,1.0,1087.51,447.12,1139.82,511.62,-1,cvat_interp
621,22,22,2,1.0,940.55,425.94,972.1,487.22,-1,cvat_interp
621,23,23,2,1.0,559.85,429.32,595.46,497.33,-1,cvat_interp
621,24,24,2,1.0,618.03,538.13,665.49,632.43,-1,cvat_interp
621,25,25,2,1.0,487.53,625.69,544.57,726.99,-1,cvat_interp
621,26,26,2,1.0,372.73,827.68,432.55,957.18,-1,cvat_interp
622,1,1,2,1.0,1588.72,597.92,1638.97,685.32,-1,cvat_interp
622,2,2,2,1.0,1558.17,480.82,1610.39,557.08,-1,cvat_interp
622,8,8,2,1.0,1508.63,435.85,1550.54,504.17,-1,cvat_interp
622,10,10,2,1.0,1500.75,466.84,1545.32,541.76,-1,cvat_interp
622,11,11,3,1.0,1050.93,538.46,1105.83,628.46,-1,cvat_interp
622,13,13,0,1.0,591.78,481.42,599.64,491.98,-1,cvat_interp
622,15,15,2,1.0,1428.33,699.04,1482.81,811.64,-1,cvat_interp
622,16,16,2,1.0,1416.88,449.14,1451.21,519.11,-1,cvat_interp
622,18,18,2,1.0,468.69,520.99,504.24,600.18,-1,cvat_interp
622,19,19,3,1.0,442.74,415.22,480.52,484.56,-1,cvat_interp
622,20,20,2,1.0,566.1,444.54,604.22,515.7,-1,cvat_interp
622,21,21,2,1.0,1090.96,447.29,1143.33,513.25,-1,cvat_interp
622,22,22,2,1.0,942.65,425.71,974.95,486.99,-1,cvat_interp
622,23,23,2,1.0,566.63,430.12,600.2,494.85,-1,cvat_interp
622,24,24,2,1.0,624.34,538.13,672.3,632.43,-1,cvat_interp
622,25,25,2,1.0,490.78,624.47,547.82,725.77,-1,cvat_interp
622,26,26,2,1.0,376.59,827.09,436.86,956.59,-1,cvat_interp
623,1,1,2,1.0,1593.55,597.81,1643.81,685.21,-1,cvat_interp
623,2,2,2,1.0,1561.74,480.82,1613.96,557.62,-1,cvat_interp
623,8,8,2,1.0,1512.31,435.32,1555.69,503.65,-1,cvat_interp
623,10,10,2,1.0,1504.22,466.74,1549.25,541.66,-1,cvat_interp
623,11,11,3,1.0,1052.41,538.46,1109.25,628.46,-1,cvat_interp
623,13,13,0,1.0,593.54,481.03,601.4,491.6,-1,cvat_interp
623,15,15,2,1.0,1431.17,698.71,1487.57,811.31,-1,cvat_interp
623,16,16,2,1.0,1418.04,448.51,1452.37,518.48,-1,cvat_interp
623,18,18,2,1.0,474.33,520.12,509.89,599.31,-1,cvat_interp
623,19,19,3,1.0,446.31,415.0,484.74,484.35,-1,cvat_interp
623,20,20,2,1.0,571.8,443.96,606.18,513.07,-1,cvat_interp
623,21,21,2,1.0,1094.42,447.46,1146.85,514.88,-1,cvat_interp
623,22,22,2,1.0,944.76,425.48,977.8,486.77,-1,cvat_interp
623,23,23,2,1.0,573.41,430.91,604.93,492.37,-1,cvat_interp
623,24,24,2,1.0,630.65,538.13,679.11,632.43,-1,cvat_interp
623,25,25,2,1.0,494.04,623.25,551.08,724.55,-1,cvat_interp
623,26,26,2,1.0,380.44,826.49,441.16,955.99,-1,cvat_interp
624,1,1,2,1.0,1598.39,597.71,1648.64,685.11,-1,cvat_interp
624,2,2,2,1.0,1565.32,480.82,1617.53,558.16,-1,cvat_interp
624,8,8,2,1.0,1515.99,434.8,1560.85,503.12,-1,cvat_interp
624,10,10,2,1.0,1507.69,466.63,1553.17,541.55,-1,cvat_interp
624,11,11,3,1.0,1053.88,538.46,1112.68,628.46,-1,cvat_interp
624,13,13,0,1.0,595.3,480.65,603.16,491.21,-1,cvat_interp
624,15,15,2,1.0,1434.02,698.38,1492.34,810.97,-1,cvat_interp
624,16,16,2,1.0,1419.19,447.88,1453.53,517.85,-1,cvat_interp
624,18,18,2,1.0,479.97,519.24,515.53,598.44,-1,cvat_interp
624,19,19,3,1.0,449.87,414.79,488.96,484.13,-1,cvat_interp
624,20,20,2,1.0,577.5,443.38,608.14,510.43,-1,cvat_interp
624,21,21,2,1.0,1097.87,447.63,1150.36,516.52,-1,cvat_interp
624,22,22,2,1.0,946.86,425.25,980.65,486.54,-1,cvat_interp
624,23,23,2,1.0,580.18,431.71,609.67,489.88,-1,cvat_interp
624,24,24,2,1.0,636.95,538.13,685.93,632.43,-1,cvat_interp
624,25,25,2,1.0,497.29,622.03,554.33,723.33,-1,cvat_interp
624,26,26,2,1.0,384.3,825.9,445.47,955.4,-1,cvat_interp
625,1,1,2,1.0,1603.23,597.6,1653.48,685.0,-1,cvat_interp
625,2,2,2,1.0,1568.89,480.82,1621.11,558.7,-1,cvat_keyframe
625,8,8,2,1.0,1519.67,434.27,1566.0,502.6,-1,cvat_keyframe
625,10,10,2,1.0,1511.16,466.53,1557.1,541.45,-1,cvat_keyframe
625,11,11,3,1.0,1055.35,538.46,1116.1,628.46,-1,cvat_keyframe
625,13,13,0,1.0,597.06,480.27,604.92,490.83,-1,cvat_interp
625,15,15,2,1.0,1436.87,698.04,1497.1,810.64,-1,cvat_keyframe
625,16,16,2,1.0,1420.35,447.25,1454.68,517.22,-1,cvat_interp
625,18,18,2,1.0,485.61,518.37,521.17,597.57,-1,cvat_interp
625,19,19,3,1.0,453.44,414.57,493.19,483.91,-1,cvat_interp
625,20,20,2,1.0,583.2,442.8,610.1,507.8,-1,cvat_keyframe
625,21,21,2,1.0,1101.33,447.8,1153.88,518.15,-1,cvat_keyframe
625,22,22,2,1.0,948.96,425.03,983.5,486.31,-1,cvat_keyframe
625,23,23,2,1.0,586.96,432.5,614.4,487.4,-1,cvat_keyframe
625,24,24,2,1.0,643.26,538.13,692.74,632.43,-1,cvat_interp
625,25,25,2,1.0,500.55,620.81,557.59,722.11,-1,cvat_interp
625,26,26,2,1.0,388.16,825.31,449.77,954.81,-1,cvat_interp
626,1,1,2,1.0,1608.06,597.5,1658.31,684.9,-1,cvat_interp
626,2,2,2,1.0,1572.47,480.82,1624.68,558.16,-1,cvat_interp
626,8,8,2,1.0,1523.34,433.75,1568.2,502.07,-1,cvat_interp
626,10,10,2,1.0,1514.62,466.42,1560.11,541.34,-1,cvat_interp
626,11,11,3,1.0,1056.82,538.46,1115.62,628.46,-1,cvat_interp
626,13,13,0,1.0,598.82,479.88,606.68,490.45,-1,cvat_interp
626,15,15,2,1.0,1439.71,697.71,1500.98,810.3,-1,cvat_interp
626,16,16,2,1.0,1421.5,446.62,1455.84,516.59,-1,cvat_interp
626,18,18,2,1.0,491.26,517.5,526.81,596.69,-1,cvat_interp
626,19,19,3,1.0,457.01,414.35,497.41,483.7,-1,cvat_interp
626,20,20,2,1.0,584.86,441.75,613.38,506.75,-1,cvat_interp
626,21,21,2,1.0,1104.78,448.2,1157.39,517.65,-1,cvat_interp
626,22,22,2,1.0,951.06,424.8,984.85,486.08,-1,cvat_interp
626,23,23,2,1.0,590.66,432.09,619.46,486.99,-1,cvat_interp
626,24,24,2,1.0,649.57,538.13,699.55,632.43,-1,cvat_interp
626,25,25,2,1.0,503.8,619.59,560.84,720.89,-1,cvat_interp
626,26,26,2,1.0,392.02,824.71,454.08,954.21,-1,cvat_interp
627,1,1,2,1.0,1612.9,597.39,1663.15,684.79,-1,cvat_interp
627,2,2,2,1.0,1576.04,480.82,1628.25,557.62,-1,cvat_interp
627,8,8,2,1.0,1527.02,433.22,1570.41,501.55,-1,cvat_interp
627,10,10,2,1.0,1518.09,466.32,1563.12,541.24,-1,cvat_interp
627,11,11,3,1.0,1058.29,538.46,1115.14,628.46,-1,cvat_interp
627,13,13,0,1.0,600.58,479.5,608.45,490.06,-1,cvat_interp
627,15,15,2,1.0,1442.56,697.37,1504.86,809.97,-1,cvat_interp
627,16,16,2,1.0,1422.66,445.99,1456.99,515.96,-1,cvat_interp
627,18,18,2,1.0,496.9,516.63,532.46,595.82,-1,cvat_interp
627,19,19,3,1.0,460.58,414.14,501.63,483.48,-1,cvat_interp
627,20,20,2,1.0,586.51,440.7,616.66,505.7,-1,cvat_interp
627,21,21,2,1.0,1108.24,448.6,1160.91,517.15,-1,cvat_interp
627,22,22,2,1.0,953.16,424.57,986.21,485.86,-1,cvat_interp
627,23,23,2,1.0,594.35,431.67,624.52,486.57,-1,cvat_interp
627,24,24,2,1.0,655.88,538.13,706.36,632.43,-1,cvat_interp
627,25,25,2,1.0,507.06,618.37,564.1,719.67,-1,cvat_interp
627,26,26,2,1.0,395.88,824.12,458.38,953.62,-1,cvat_interp
628,1,1,2,1.0,1617.73,597.29,1667.98,684.69,-1,cvat_interp
628,2,2,2,1.0,1579.61,480.82,1631.83,557.08,-1,cvat_interp
628,8,8,2,1.0,1530.7,432.7,1572.61,501.02,-1,cvat_interp
628,10,10,2,1.0,1521.56,466.21,1566.13,541.13,-1,cvat_interp
628,11,11,3,1.0,1059.76,538.46,1114.66,628.46,-1,cvat_interp
628,13,13,0,1.0,602.34,479.12,610.21,489.68,-1,cvat_interp
628,15,15,2,1.0,1445.41,697.04,1508.74,809.63,-1,cvat_interp
628,16,16,2,1.0,1423.82,445.36,1458.15,515.33,-1,cvat_interp
628,18,18,2,1.0,502.54,515.75,538.1,594.95,-1,cvat_interp
628,19,19,3,1.0,464.15,413.92,505.85,483.26,-1,cvat_interp
628,20,20,2,1.0,588.17,439.65,619.93,504.65,-1,cvat_interp
628,21,21,2,1.0,1111.69,449.0,1164.43,516.65,-1,cvat_interp
628,22,22,2,1.0,955.27,424.34,987.56,485.63,-1,cvat_interp
628,23,23,2,1.0,598.04,431.26,629.58,486.16,-1,cvat_interp
628,24,24,2,1.0,662.18,538.13,713.18,632.43,-1,cvat_interp
628,25,25,2,1.0,510.31,617.14,567.35,718.44,-1,cvat_interp
628,26,26,2,1.0,399.74,823.53,462.69,953.02,-1,cvat_interp
629,1,1,2,1.0,1622.57,597.18,1672.82,684.58,-1,cvat_interp
629,2,2,2,1.0,1583.19,480.82,1635.4,556.54,-1,cvat_interp
629,8,8,2,1.0,1534.38,432.17,1574.82,500.49,-1,cvat_interp
629,10,10,2,1.0,1525.03,466.11,1569.14,541.03,-1,cvat_interp
629,11,11,3,1.0,1061.23,538.46,1114.18,628.46,-1,cvat_interp
629,13,13,0,1.0,604.1,478.73,611.97,489.29,-1,cvat_interp
629,15,15,2,1.0,1448.26,696.7,1512.62,809.3,-1,cvat_interp
629,16,16,2,1.0,1424.97,444.72,1459.31,514.69,-1,cvat_interp
629,18,18,2,1.0,508.18,514.88,543.74,594.08,-1,cvat_interp
629,19,19,3,1.0,467.72,413.71,510.08,483.05,-1,cvat_interp
629,20,20,2,1.0,589.82,438.6,623.21,503.6,-1,cvat_interp
629,21,21,2,1.0,1115.15,449.4,1167.94,516.16,-1,cvat_interp
629,22,22,2,1.0,957.37,424.12,988.92,485.4,-1,cvat_interp
629,23,23,2,1.0,601.74,430.84,634.64,485.74,-1,cvat_interp
629,24,24,2,1.0,668.49,538.13,719.99,632.43,-1,cvat_interp
629,25,25,2,1.0,513.57,615.92,570.61,717.22,-1,cvat_interp
629,26,26,2,1.0,403.6,822.93,466.99,952.43,-1,cvat_interp
630,1,1,2,1.0,1627.4,597.08,1677.65,684.48,-1,cvat_keyframe
630,2,2,2,1.0,1586.76,480.82,1638.98,556.0,-1,cvat_keyframe
630,8,8,2,1.0,1538.06,431.65,1577.02,499.97,-1,cvat_keyframe
630,10,10,2,1.0,1528.5,466.0,1572.15,540.92,-1,cvat_keyframe
630,11,11,3,1.0,1062.71,538.46,1113.7,628.46,-1,cvat_keyframe
630,13,13,0,1.0,605.86,478.35,613.73,488.91,-1,cvat_keyframe
630,15,15,2,1.0,1451.1,696.37,1516.5,808.96,-1,cvat_keyframe
630,16,16,2,1.0,1426.13,444.09,1460.46,514.06,-1,cvat_keyframe
630,18,18,2,1.0,513.83,514.01,549.38,593.2,-1,cvat_keyframe
630,19,19,3,1.0,471.29,413.49,514.3,482.83,-1,cvat_keyframe
630,20,20,2,1.0,591.48,437.54,626.49,502.54,-1,cvat_interp
630,21,21,2,1.0,1118.6,449.8,1171.46,515.66,-1,cvat_keyframe
630,22,22,2,1.0,959.47,423.89,990.27,485.18,-1,cvat_keyframe
630,23,23,2,1.0,605.43,430.43,639.7,485.33,-1,cvat_interp
630,24,24,2,1.0,674.8,538.13,726.8,632.43,-1,cvat_keyframe
630,25,25,2,1.0,516.83,614.7,573.86,716.0,-1,cvat_keyframe
630,26,26,2,1.0,407.46,822.34,471.3,951.84,-1,cvat_keyframe
631,1,1,2,1.0,1632.52,597.14,1682.77,684.54,-1,cvat_interp
631,2,2,2,1.0,1591.73,480.77,1642.49,555.95,-1,cvat_interp
631,8,8,2,1.0,1541.58,432.05,1582.76,500.72,-1,cvat_interp
631,10,10,2,1.0,1530.81,465.95,1574.47,540.87,-1,cvat_interp
631,11,11,3,1.0,1064.33,538.05,1117.57,628.05,-1,cvat_interp
631,13,13,0,1.0,607.37,477.86,615.24,488.42,-1,cvat_interp
631,15,15,2,1.0,1452.96,696.2,1518.36,808.79,-1,cvat_interp
631,16,16,2,1.0,1426.24,444.26,1461.41,514.19,-1,cvat_interp
631,18,18,2,1.0,518.6,513.23,554.42,592.43,-1,cvat_interp
631,19,19,3,1.0,475.67,413.19,517.65,482.53,-1,cvat_interp
631,20,20,2,1.0,593.14,436.49,629.77,501.49,-1,cvat_interp
631,21,21,2,1.0,1120.7,450.25,1171.33,516.99,-1,cvat_interp
631,22,22,2,1.0,962.47,424.28,993.27,485.56,-1,cvat_interp
631,23,23,2,1.0,609.13,430.02,644.76,484.92,-1,cvat_interp
631,24,24,2,1.0,680.71,536.21,732.71,630.51,-1,cvat_interp
631,25,25,2,1.0,519.7,614.7,575.15,716.0,-1,cvat_interp
631,26,26,2,1.0,410.62,822.34,476.14,951.84,-1,cvat_interp
632,1,1,2,1.0,1637.63,597.21,1687.88,684.61,-1,cvat_interp
632,2,2,2,1.0,1596.71,480.72,1646.01,555.9,-1,cvat_interp
632,8,8,2,1.0,1545.09,432.46,1588.49,501.48,-1,cvat_interp
632,10,10,2,1.0,1533.12,465.9,1576.78,540.82,-1,cvat_interp
632,11,11,3,1.0,1065.95,537.65,1121.45,627.65,-1,cvat_interp
632,13,13,0,1.0,608.89,477.37,616.75,487.93,-1,cvat_interp
632,15,15,2,1.0,1454.82,696.03,1520.22,808.62,-1,cvat_interp
632,16,16,2,1.0,1426.36,444.43,1462.36,514.31,-1,cvat_interp
632,18,18,2,1.0,523.38,512.46,559.46,591.65,-1,cvat_interp
632,19,19,3,1.0,480.05,412.88,520.99,482.22,-1,cvat_interp
632,20,20,2,1.0,594.79,435.44,633.05,500.44,-1,cvat_interp
632,21,21,2,1.0,1122.79,450.7,1171.19,518.31,-1,cvat_interp
632,22,22,2,1.0,965.46,424.66,996.26,485.95,-1,cvat_interp
632,23,23,2,1.0,612.82,429.6,649.82,484.5,-1,cvat_interp
632,24,24,2,1.0,686.63,534.29,738.63,628.59,-1,cvat_interp
632,25,25,2,1.0,522.58,614.7,576.44,716.0,-1,cvat_interp
632,26,26,2,1.0,413.77,822.34,480.98,951.84,-1,cvat_interp
633,1,1,2,1.0,1642.75,597.27,1693.0,684.67,-1,cvat_interp
633,2,2,2,1.0,1601.68,480.67,1649.53,555.85,-1,cvat_interp
633,8,8,2,1.0,1548.61,432.86,1594.23,502.23,-1,cvat_interp
633,10,10,2,1.0,1535.43,465.85,1579.09,540.77,-1,cvat_interp
633,11,11,3,1.0,1067.58,537.24,1125.32,627.24,-1,cvat_interp
633,13,13,0,1.0,610.4,476.88,618.26,487.44,-1,cvat_interp
633,15,15,2,1.0,1456.68,695.86,1522.08,808.45,-1,cvat_interp
633,16,16,2,1.0,1426.47,444.6,1463.3,514.43,-1,cvat_interp
633,18,18,2,1.0,528.16,511.68,564.49,590.88,-1,cvat_interp
633,19,19,3,1.0,484.43,412.58,524.34,481.92,-1,cvat_interp
633,20,20,2,1.0,596.45,434.39,636.32,499.39,-1,cvat_interp
633,21,21,2,1.0,1124.89,451.15,1171.06,519.64,-1,cvat_interp
633,22,22,2,1.0,968.46,425.05,999.26,486.34,-1,cvat_interp
633,23,23,2,1.0,616.52,429.19,654.88,484.09,-1,cvat_interp
633,24,24,2,1.0,692.54,532.38,744.54,626.68,-1,cvat_interp
633,25,25,2,1.0,525.45,614.7,577.73,716.0,-1,cvat_interp
633,26,26,2,1.0,416.93,822.34,485.82,951.84,-1,cvat_interp
634,1,1,2,1.0,1647.87,597.33,1698.12,684.73,-1,cvat_interp
634,2,2,2,1.0,1606.66,480.62,1653.05,555.8,-1,cvat_interp
634,8,8,2,1.0,1552.13,433.27,1599.96,502.98,-1,cvat_interp
634,10,10,2,1.0,1537.75,465.8,1581.4,540.72,-1,cvat_interp
634,11,11,3,1.0,1069.2,536.84,1129.19,626.84,-1,cvat_interp
634,13,13,0,1.0,611.91,476.38,619.77,486.95,-1,cvat_interp
634,15,15,2,1.0,1458.54,695.69,1523.93,808.29,-1,cvat_interp
634,16,16,2,1.0,1426.58,444.77,1464.25,514.56,-1,cvat_interp
634,18,18,2,1.0,532.94,510.91,569.53,590.1,-1,cvat_interp
634,19,19,3,1.0,488.81,412.27,527.69,481.61,-1,cvat_interp
634,20,20,2,1.0,598.1,433.34,639.6,498.34,-1,cvat_interp
634,21,21,2,1.0,1126.98,451.6,1170.93,520.97,-1,cvat_interp
634,22,22,2,1.0,971.45,425.44,1002.25,486.72,-1,cvat_interp
634,23,23,2,1.0,620.21,428.77,659.94,483.67,-1,cvat_interp
634,24,24,2,1.0,698.46,530.46,750.46,624.76,-1,cvat_interp
634,25,25,2,1.0,528.33,614.7,579.01,716.0,-1,cvat_interp
634,26,26,2,1.0,420.08,822.34,490.66,951.84,-1,cvat_interp
635,1,1,2,1.0,1652.98,597.4,1703.24,684.8,-1,cvat_interp
635,2,2,2,1.0,1611.63,480.57,1656.56,555.75,-1,cvat_interp
635,8,8,2,1.0,1555.65,433.67,1605.7,503.74,-1,cvat_keyframe
635,10,10,2,1.0,1540.06,465.75,1583.71,540.67,-1,cvat_interp
635,11,11,3,1.0,1070.83,536.43,1133.06,626.43,-1,cvat_keyframe
635,13,13,0,1.0,613.42,475.89,621.28,486.46,-1,cvat_keyframe
635,15,15,2,1.0,1460.4,695.52,1525.79,808.12,-1,cvat_interp
635,16,16,2,1.0,1426.7,444.94,1465.2,514.68,-1,cvat_interp
635,18,18,2,1.0,537.71,510.13,574.57,589.33,-1,cvat_interp
635,19,19,3,1.0,493.19,411.97,531.03,481.31,-1,cvat_interp
635,20,20,2,1.0,599.76,432.29,642.88,497.29,-1,cvat_keyframe
635,21,21,2,1.0,1129.08,452.04,1170.8,522.3,-1,cvat_keyframe
635,22,22,2,1.0,974.45,425.82,1005.25,487.11,-1,cvat_keyframe
635,23,23,2,1.0,623.9,428.36,665.0,483.26,-1,cvat_keyframe
635,24,24,2,1.0,704.37,528.54,756.37,622.84,-1,cvat_keyframe
635,25,25,2,1.0,531.2,614.7,580.3,716.0,-1,cvat_keyframe
635,26,26,2,1.0,423.24,822.34,495.5,951.84,-1,cvat_keyframe
636,1,1,2,1.0,1658.1,597.46,1708.35,684.86,-1,cvat_interp
636,2,2,2,1.0,1616.6,480.52,1660.08,555.7,-1,cvat_interp
636,8,8,2,1.0,1559.16,434.08,1607.0,504.49,-1,cvat_interp
636,10,10,2,1.0,1542.37,465.7,1586.02,540.62,-1,cvat_interp
636,11,11,3,1.0,1074.79,536.03,1132.25,626.03,-1,cvat_interp
636,13,13,0,1.0,617.22,475.77,625.08,486.33,-1,cvat_interp
636,15,15,2,1.0,1462.25,695.35,1527.65,807.95,-1,cvat_interp
636,16,16,2,1.0,1426.81,445.11,1466.14,514.8,-1,cvat_interp
636,18,18,2,1.0,542.49,509.36,579.6,588.55,-1,cvat_interp
636,19,19,3,1.0,497.57,411.66,534.38,481.01,-1,cvat_interp
636,20,20,2,1.0,602.56,431.86,645.68,496.86,-1,cvat_interp
636,21,21,2,1.0,1131.09,452.39,1176.8,522.65,-1,cvat_interp
636,22,22,2,1.0,976.46,426.0,1010.32,487.52,-1,cvat_interp
636,23,23,2,1.0,625.42,427.97,670.15,482.87,-1,cvat_interp
636,24,24,2,1.0,709.53,527.93,761.53,622.23,-1,cvat_interp
636,25,25,2,1.0,533.3,614.0,584.97,715.3,-1,cvat_interp
636,26,26,2,1.0,426.04,820.77,498.3,950.26,-1,cvat_interp
637,1,1,2,1.0,1663.22,597.52,1713.47,684.93,-1,cvat_interp
637,2,2,2,1.0,1621.58,480.47,1663.6,555.65,-1,cvat_interp
637,8,8,2,1.0,1562.68,434.48,1608.3,505.25,-1,cvat_interp
637,10,10,2,1.0,1544.68,465.65,1588.34,540.57,-1,cvat_interp
637,11,11,3,1.0,1078.74,535.62,1131.44,625.62,-1,cvat_interp
637,13,13,0,1.0,621.02,475.65,628.89,486.21,-1,cvat_interp
637,15,15,2,1.0,1464.11,695.18,1529.51,807.78,-1,cvat_interp
637,16,16,2,1.0,1426.92,445.28,1467.09,514.93,-1,cvat_interp
637,18,18,2,1.0,547.27,508.58,584.64,587.78,-1,cvat_interp
637,19,19,3,1.0,501.96,411.36,537.73,480.7,-1,cvat_interp
637,20,20,2,1.0,605.36,431.43,648.49,496.43,-1,cvat_interp
637,21,21,2,1.0,1133.1,452.74,1182.8,523.0,-1,cvat_keyframe
637,22,22,2,1.0,978.47,426.17,1015.4,487.93,-1,cvat_keyframe
637,23,23,2,1.0,626.94,427.58,675.3,482.48,-1,cvat_keyframe
637,24,24,2,1.0,714.68,527.32,766.68,621.62,-1,cvat_interp
637,25,25,2,1.0,535.39,613.31,589.65,714.61,-1,cvat_interp
637,26,26,2,1.0,428.83,819.19,501.09,948.69,-1,cvat_interp
638,1,1,2,1.0,1668.34,597.59,1718.59,684.99,-1,cvat_interp
638,2,2,2,1.0,1626.55,480.42,1667.12,555.6,-1,cvat_interp
638,8,8,2,1.0,1566.2,434.89,1609.6,506.0,-1,cvat_interp
638,10,10,2,1.0,1546.99,465.6,1590.65,540.52,-1,cvat_interp
638,11,11,3,1.0,1082.7,535.21,1130.63,625.21,-1,cvat_interp
638,13,13,0,1.0,624.82,475.52,632.69,486.08,-1,cvat_interp
638,15,15,2,1.0,1465.97,695.01,1531.37,807.61,-1,cvat_interp
638,16,16,2,1.0,1427.03,445.45,1468.04,515.05,-1,cvat_interp
638,18,18,2,1.0,552.05,507.81,589.68,587.0,-1,cvat_interp
638,19,19,3,1.0,506.34,411.06,541.07,480.4,-1,cvat_interp
638,20,20,2,1.0,608.17,431.0,651.29,496.0,-1,cvat_interp
638,21,21,2,1.0,1135.11,453.09,1183.81,523.35,-1,cvat_interp
638,22,22,2,1.0,980.48,426.35,1016.64,488.34,-1,cvat_interp
638,23,23,2,1.0,628.46,427.19,675.91,482.09,-1,cvat_interp
638,24,24,2,1.0,719.84,526.7,771.84,621.0,-1,cvat_interp
638,25,25,2,1.0,537.49,612.61,594.32,713.91,-1,cvat_interp
638,26,26,2,1.0,431.63,817.62,503.89,947.12,-1,cvat_interp
639,1,1,2,1.0,1673.45,597.65,1723.7,685.05,-1,cvat_interp
639,2,2,2,1.0,1631.53,480.37,1670.63,555.55,-1,cvat_interp
639,8,8,2,1.0,1569.72,435.29,1610.9,506.75,-1,cvat_interp
639,10,10,2,1.0,1549.3,465.55,1592.96,540.47,-1,cvat_interp
639,11,11,3,1.0,1086.66,534.81,1129.81,624.81,-1,cvat_interp
639,13,13,0,1.0,628.63,475.4,636.49,485.96,-1,cvat_interp
639,15,15,2,1.0,1467.83,694.84,1533.23,807.44,-1,cvat_interp
639,16,16,2,1.0,1427.15,445.62,1468.98,515.17,-1,cvat_interp
639,18,18,2,1.0,556.82,507.03,594.71,586.23,-1,cvat_interp
639,19,19,3,1.0,510.72,410.75,544.42,480.09,-1,cvat_interp
639,20,20,2,1.0,610.97,430.58,654.09,495.58,-1,cvat_interp
639,21,21,2,1.0,1137.12,453.44,1184.82,523.7,-1,cvat_interp
639,22,22,2,1.0,982.49,426.52,1017.89,488.75,-1,cvat_interp
639,23,23,2,1.0,629.98,426.8,676.52,481.7,-1,cvat_interp
639,24,24,2,1.0,724.99,526.09,776.99,620.39,-1,cvat_interp
639,25,25,2,1.0,539.59,611.91,599.0,713.21,-1,cvat_keyframe
639,26,26,2,1.0,434.42,816.05,506.68,945.55,-1,cvat_interp
640,1,1,2,1.0,1678.57,597.72,1728.82,685.12,-1,cvat_keyframe
640,2,2,2,1.0,1636.5,480.32,1674.15,555.5,-1,cvat_keyframe
640,8,8,2,1.0,1573.24,435.7,1612.2,507.51,-1,cvat_keyframe
640,10,10,2,1.0,1551.62,465.5,1595.27,540.42,-1,cvat_keyframe
640,11,11,3,1.0,1090.62,534.4,1129.0,624.4,-1,cvat_keyframe
640,13,13,0,1.0,632.43,475.27,640.29,485.84,-1,cvat_keyframe
640,15,15,2,1.0,1469.69,694.68,1535.08,807.27,-1,cvat_keyframe
640,16,16,2,1.0,1427.26,445.79,1469.93,515.3,-1,cvat_keyframe
640,18,18,2,1.0,561.6,506.26,599.75,585.45,-1,cvat_keyframe
640,19,19,3,1.0,515.1,410.45,547.76,479.79,-1,cvat_keyframe
640,20,20,2,1.0,613.77,430.15,656.89,495.15,-1,cvat_interp
640,21,21,2,1.0,1139.13,453.79,1185.84,524.05,-1,cvat_interp
640,22,22,2,1.0,984.5,426.7,1019.13,489.15,-1,cvat_interp
640,23,23,2,1.0,631.49,426.41,677.13,481.31,-1,cvat_interp
640,24,24,2,1.0,730.15,525.48,782.15,619.78,-1,cvat_interp
640,25,25,2,1.0,541.69,611.21,599.38,712.51,-1,cvat_interp
640,26,26,2,1.0,437.22,814.47,509.48,943.97,-1,cvat_interp
641,1,1,2,1.0,1683.12,597.91,1733.37,685.31,-1,cvat_interp
641,2,2,2,1.0,1640.02,480.1,1677.67,555.91,-1,cvat_interp
641,8,8,2,1.0,1576.42,434.76,1617.76,507.01,-1,cvat_interp
641,10,10,2,1.0,1554.37,465.6,1600.42,540.71,-1,cvat_interp
641,11,11,3,1.0,1090.95,534.11,1134.18,624.11,-1,cvat_interp
641,13,13,0,1.0,634.98,474.57,642.84,485.13,-1,cvat_interp
641,15,15,2,1.0,1471.1,694.48,1536.5,807.08,-1,cvat_interp
641,16,16,2,1.0,1426.87,445.45,1469.54,514.96,-1,cvat_interp
641,18,18,2,1.0,565.17,505.91,604.8,585.1,-1,cvat_interp
641,19,19,3,1.0,518.39,410.24,551.06,479.58,-1,cvat_interp
641,20,20,2,1.0,616.57,429.72,659.69,494.72,-1,cvat_interp
641,21,21,2,1.0,1141.14,454.14,1186.85,524.4,-1,cvat_interp
641,22,22,2,1.0,986.51,426.87,1020.37,489.56,-1,cvat_interp
641,23,23,2,1.0,633.01,426.02,677.74,480.92,-1,cvat_interp
641,24,24,2,1.0,735.3,524.87,787.3,619.17,-1,cvat_interp
641,25,25,2,1.0,543.78,610.51,599.76,711.81,-1,cvat_interp
641,26,26,2,1.0,440.02,812.9,512.28,942.4,-1,cvat_interp
642,1,1,2,1.0,1687.68,598.1,1737.93,685.5,-1,cvat_interp
642,2,2,2,1.0,1643.54,479.87,1681.19,556.32,-1,cvat_interp
642,8,8,2,1.0,1579.61,433.82,1623.32,506.5,-1,cvat_interp
642,10,10,2,1.0,1557.12,465.7,1605.56,541.01,-1,cvat_interp
642,11,11,3,1.0,1091.28,533.81,1139.36,623.81,-1,cvat_interp
642,13,13,0,1.0,637.53,473.87,645.4,484.43,-1,cvat_interp
642,15,15,2,1.0,1472.51,694.29,1537.91,806.89,-1,cvat_interp
642,16,16,2,1.0,1426.49,445.11,1469.16,514.62,-1,cvat_interp
642,18,18,2,1.0,568.74,505.56,609.84,584.75,-1,cvat_interp
642,19,19,3,1.0,521.68,410.03,554.35,479.37,-1,cvat_interp
642,20,20,2,1.0,619.38,429.29,662.5,494.29,-1,cvat_interp
642,21,21,2,1.0,1143.15,454.49,1187.86,524.75,-1,cvat_interp
642,22,22,2,1.0,988.52,427.05,1021.62,489.97,-1,cvat_interp
642,23,23,2,1.0,634.53,425.64,678.35,480.54,-1,cvat_interp
642,24,24,2,1.0,740.46,524.26,792.46,618.56,-1,cvat_interp
642,25,25,2,1.0,545.88,609.81,600.14,711.11,-1,cvat_interp
642,26,26,2,1.0,442.81,811.33,515.07,940.83,-1,cvat_interp
643,1,1,2,1.0,1692.23,598.29,1742.48,685.69,-1,cvat_interp
643,2,2,2,1.0,1647.06,479.65,1684.71,556.73,-1,cvat_interp
643,8,8,2,1.0,1582.79,432.88,1628.88,506.0,-1,cvat_interp
643,10,10,2,1.0,1559.87,465.8,1610.71,541.31,-1,cvat_interp
643,11,11,3,1.0,1091.61,533.52,1144.54,623.52,-1,cvat_interp
643,13,13,0,1.0,640.09,473.16,647.95,483.72,-1,cvat_interp
643,15,15,2,1.0,1473.92,694.1,1539.32,806.69,-1,cvat_interp
643,16,16,2,1.0,1426.1,444.78,1468.77,514.28,-1,cvat_interp
643,18,18,2,1.0,572.31,505.21,614.89,584.4,-1,cvat_interp
643,19,19,3,1.0,524.97,409.82,557.64,479.16,-1,cvat_interp
643,20,20,2,1.0,622.18,428.86,665.3,493.86,-1,cvat_interp
643,21,21,2,1.0,1145.16,454.84,1188.87,525.1,-1,cvat_interp
643,22,22,2,1.0,990.53,427.22,1022.86,490.38,-1,cvat_interp
643,23,23,2,1.0,636.05,425.25,678.96,480.15,-1,cvat_interp
643,24,24,2,1.0,745.61,523.65,797.61,617.95,-1,cvat_interp
643,25,25,2,1.0,547.98,609.11,600.51,710.41,-1,cvat_interp
643,26,26,2,1.0,445.61,809.76,517.87,939.25,-1,cvat_interp
644,1,1,2,1.0,1696.79,598.49,1747.04,685.89,-1,cvat_interp
644,2,2,2,1.0,1650.58,479.43,1688.23,557.14,-1,cvat_interp
644,8,8,2,1.0,1585.98,431.94,1634.44,505.5,-1,cvat_interp
644,10,10,2,1.0,1562.62,465.89,1615.85,541.6,-1,cvat_interp
644,11,11,3,1.0,1091.94,533.22,1149.72,623.22,-1,cvat_interp
644,13,13,0,1.0,642.64,472.46,650.5,483.02,-1,cvat_interp
644,15,15,2,1.0,1475.33,693.91,1540.73,806.5,-1,cvat_interp
644,16,16,2,1.0,1425.72,444.44,1468.39,513.94,-1,cvat_interp
644,18,18,2,1.0,575.89,504.86,619.93,584.05,-1,cvat_interp
644,19,19,3,1.0,528.27,409.61,560.93,478.95,-1,cvat_interp
644,20,20,2,1.0,624.98,428.44,668.1,493.44,-1,cvat_interp
644,21,21,2,1.0,1147.17,455.19,1189.88,525.45,-1,cvat_interp
644,22,22,2,1.0,992.54,427.4,1024.1,490.79,-1,cvat_interp
644,23,23,2,1.0,637.57,424.86,679.57,479.76,-1,cvat_interp
644,24,24,2,1.0,750.77,523.03,802.77,617.33,-1,cvat_interp
644,25,25,2,1.0,550.07,608.41,600.89,709.71,-1,cvat_interp
644,26,26,2,1.0,448.4,808.18,520.66,937.68,-1,cvat_interp
645,1,1,2,1.0,1701.34,598.68,1751.59,686.08,-1,cvat_interp
645,2,2,2,1.0,1654.1,479.21,1691.75,557.55,-1,cvat_interp
645,8,8,2,1.0,1589.16,431.0,1640.0,505.0,-1,cvat_keyframe
645,10,10,2,1.0,1565.37,465.99,1621.0,541.9,-1,cvat_keyframe
645,11,11,3,1.0,1092.27,532.93,1154.9,622.93,-1,cvat_keyframe
645,13,13,0,1.0,645.19,471.75,653.05,482.32,-1,cvat_interp
645,15,15,2,1.0,1476.74,693.71,1542.14,806.31,-1,cvat_interp
645,16,16,2,1.0,1425.33,444.1,1468.0,513.61,-1,cvat_interp
645,18,18,2,1.0,579.46,504.51,624.98,583.7,-1,cvat_interp
645,19,19,3,1.0,531.56,409.4,564.22,478.74,-1,cvat_interp
645,20,20,2,1.0,627.78,428.01,670.9,493.01,-1,cvat_keyframe
645,21,21,2,1.0,1149.18,455.54,1190.9,525.8,-1,cvat_keyframe
645,22,22,2,1.0,994.55,427.57,1025.35,491.2,-1,cvat_keyframe
645,23,23,2,1.0,639.08,424.47,680.18,479.37,-1,cvat_keyframe
645,24,24,2,1.0,755.92,522.42,807.92,616.72,-1,cvat_keyframe
645,25,25,2,1.0,552.17,607.71,601.27,709.01,-1,cvat_keyframe
645,26,26,2,1.0,451.2,806.61,523.46,936.11,-1,cvat_keyframe
646,1,1,2,1.0,1705.89,598.87,1756.14,686.27,-1,cvat_interp
646,2,2,2,1.0,1657.62,478.99,1695.27,557.95,-1,cvat_interp
646,8,8,2,1.0,1592.35,432.13,1640.81,505.69,-1,cvat_interp
646,10,10,2,1.0,1568.12,466.09,1621.35,541.8,-1,cvat_interp
646,11,11,3,1.0,1096.3,533.1,1154.07,623.1,-1,cvat_interp
646,13,13,0,1.0,647.74,471.05,655.61,481.61,-1,cvat_interp
646,15,15,2,1.0,1478.15,693.52,1543.55,806.12,-1,cvat_interp
646,16,16,2,1.0,1424.94,443.76,1467.61,513.27,-1,cvat_interp
646,18,18,2,1.0,583.03,504.16,630.02,583.35,-1,cvat_interp
646,19,19,3,1.0,534.85,409.19,567.51,478.53,-1,cvat_interp
646,20,20,2,1.0,630.06,427.69,671.75,492.19,-1,cvat_interp
646,21,21,2,1.0,1149.5,455.22,1192.27,525.47,-1,cvat_interp
646,22,22,2,1.0,996.08,427.49,1026.88,491.12,-1,cvat_interp
646,23,23,2,1.0,641.53,424.15,681.29,479.05,-1,cvat_interp
646,24,24,2,1.0,759.48,522.1,811.48,616.4,-1,cvat_interp
646,25,25,2,1.0,553.95,606.98,603.46,707.78,-1,cvat_interp
646,26,26,2,1.0,452.33,806.1,524.59,935.6,-1,cvat_interp
647,1,1,2,1.0,1710.45,599.06,1760.7,686.46,-1,cvat_interp
647,2,2,2,1.0,1661.14,478.77,1698.79,558.36,-1,cvat_interp
647,8,8,2,1.0,1595.53,433.27,1641.62,506.39,-1,cvat_interp
647,10,10,2,1.0,1570.87,466.19,1621.71,541.7,-1,cvat_interp
647,11,11,3,1.0,1100.32,533.26,1153.25,623.26,-1,cvat_interp
647,13,13,0,1.0,650.3,470.35,658.16,480.91,-1,cvat_interp
647,15,15,2,1.0,1479.57,693.33,1544.96,805.93,-1,cvat_interp
647,16,16,2,1.0,1424.56,443.42,1467.23,512.93,-1,cvat_interp
647,18,18,2,1.0,586.6,503.81,635.07,583.0,-1,cvat_interp
647,19,19,3,1.0,538.14,408.98,570.81,478.32,-1,cvat_interp
647,20,20,2,1.0,632.35,427.37,672.6,491.37,-1,cvat_interp
647,21,21,2,1.0,1149.82,454.89,1193.64,525.15,-1,cvat_interp
647,22,22,2,1.0,997.62,427.41,1028.42,491.04,-1,cvat_interp
647,23,23,2,1.0,643.97,423.83,682.4,478.73,-1,cvat_interp
647,24,24,2,1.0,763.04,521.78,815.04,616.08,-1,cvat_interp
647,25,25,2,1.0,555.74,606.26,605.64,706.55,-1,cvat_interp
647,26,26,2,1.0,453.46,805.59,525.72,935.09,-1,cvat_interp
648,1,1,2,1.0,1715.0,599.26,1765.25,686.66,-1,cvat_interp
648,2,2,2,1.0,1664.66,478.54,1702.31,558.77,-1,cvat_interp
648,8,8,2,1.0,1598.72,434.4,1642.43,507.08,-1,cvat_interp
648,10,10,2,1.0,1573.62,466.29,1622.06,541.6,-1,cvat_interp
648,11,11,3,1.0,1104.35,533.43,1152.42,623.43,-1,cvat_interp
648,13,13,0,1.0,652.85,469.64,660.71,480.2,-1,cvat_interp
648,15,15,2,1.0,1480.98,693.14,1546.37,805.73,-1,cvat_interp
648,16,16,2,1.0,1424.17,443.09,1466.84,512.59,-1,cvat_interp
648,18,18,2,1.0,590.17,503.46,640.11,582.65,-1,cvat_interp
648,19,19,3,1.0,541.43,408.77,574.1,478.11,-1,cvat_interp
648,20,20,2,1.0,634.63,427.05,673.45,490.55,-1,cvat_interp
648,21,21,2,1.0,1150.15,454.57,1195.02,524.82,-1,cvat_interp
648,22,22,2,1.0,999.16,427.33,1029.96,490.96,-1,cvat_interp
648,23,23,2,1.0,646.41,423.51,683.52,478.41,-1,cvat_interp
648,24,24,2,1.0,766.6,521.45,818.6,615.75,-1,cvat_interp
648,25,25,2,1.0,557.52,605.53,607.83,705.32,-1,cvat_interp
648,26,26,2,1.0,454.58,805.09,526.84,934.59,-1,cvat_interp
649,1,1,2,1.0,1719.56,599.45,1769.81,686.85,-1,cvat_interp
649,2,2,2,1.0,1668.18,478.32,1705.83,559.18,-1,cvat_interp
649,8,8,2,1.0,1601.9,435.53,1643.24,507.78,-1,cvat_interp
649,10,10,2,1.0,1576.37,466.39,1622.42,541.5,-1,cvat_interp
649,11,11,3,1.0,1108.37,533.6,1151.6,623.6,-1,cvat_interp
649,13,13,0,1.0,655.4,468.94,663.26,479.5,-1,cvat_interp
649,15,15,2,1.0,1482.39,692.94,1547.79,805.54,-1,cvat_interp
649,16,16,2,1.0,1423.79,442.75,1466.46,512.26,-1,cvat_interp
649,18,18,2,1.0,593.74,503.11,645.16,582.3,-1,cvat_interp
649,19,19,3,1.0,544.72,408.56,577.39,477.9,-1,cvat_interp
649,20,20,2,1.0,636.91,426.74,674.3,489.72,-1,cvat_interp
649,21,21,2,1.0,1150.47,454.25,1196.39,524.5,-1,cvat_interp
649,22,22,2,1.0,1000.7,427.25,1031.5,490.88,-1,cvat_interp
649,23,23,2,1.0,648.85,423.2,684.63,478.1,-1,cvat_interp
649,24,24,2,1.0,770.17,521.13,822.17,615.43,-1,cvat_interp
649,25,25,2,1.0,559.3,604.8,610.01,704.09,-1,cvat_interp
649,26,26,2,1.0,455.71,804.58,527.97,934.08,-1,cvat_interp
650,1,1,2,1.0,1724.11,599.64,1774.36,687.04,-1,cvat_keyframe
650,2,2,2,1.0,1671.7,478.1,1709.35,559.59,-1,cvat_keyframe
650,8,8,2,1.0,1605.08,436.67,1644.05,508.47,-1,cvat_keyframe
650,10,10,2,1.0,1579.12,466.48,1622.77,541.4,-1,cvat_keyframe
650,11,11,3,1.0,1112.4,533.76,1150.77,623.76,-1,cvat_keyframe
650,13,13,0,1.0,657.95,468.23,665.82,478.79,-1,cvat_keyframe
650,15,15,2,1.0,1483.8,692.75,1549.2,805.35,-1,cvat_keyframe
650,16,16,2,1.0,1423.4,442.41,1466.07,511.92,-1,cvat_keyframe
650,18,18,2,1.0,597.32,502.76,650.2,581.95,-1,cvat_keyframe
650,19,19,3,1.0,548.01,408.35,580.68,477.69,-1,cvat_keyframe
650,20,20,2,1.0,639.19,426.42,675.15,488.9,-1,cvat_interp
650,21,21,2,1.0,1150.79,453.92,1197.77,524.18,-1,cvat_interp
650,22,22,2,1.0,1002.23,427.17,1033.03,490.8,-1,cvat_interp
650,23,23,2,1.0,651.29,422.88,685.74,477.78,-1,cvat_interp
650,24,24,2,1.0,773.73,520.8,825.73,615.1,-1,cvat_interp
650,25,25,2,1.0,561.09,604.07,612.2,702.86,-1,cvat_interp
650,26,26,2,1.0,456.84,804.07,529.1,933.57,-1,cvat_interp
651,1,1,2,1.0,1727.76,599.95,1778.01,687.35,-1,cvat_interp
651,2,2,2,1.0,1675.53,478.1,1713.18,559.59,-1,cvat_interp
651,8,8,2,1.0,1608.92,436.73,1647.88,508.53,-1,cvat_interp
651,10,10,2,1.0,1581.24,466.85,1624.9,541.77,-1,cvat_interp
651,11,11,3,1.0,1112.62,533.27,1154.46,623.69,-1,cvat_interp
651,13,13,0,1.0,661.16,468.14,669.02,478.71,-1,cvat_interp
651,15,15,2,1.0,1485.25,693.38,1550.49,805.98,-1,cvat_interp
651,16,16,2,1.0,1425.78,443.59,1468.45,513.1,-1,cvat_interp
651,18,18,2,1.0,598.47,502.31,651.67,581.51,-1,cvat_interp
651,19,19,3,1.0,551.26,407.75,583.92,477.09,-1,cvat_interp
651,20,20,2,1.0,641.47,426.1,676.0,488.08,-1,cvat_interp
651,21,21,2,1.0,1151.12,453.6,1199.14,523.85,-1,cvat_interp
651,22,22,2,1.0,1003.77,427.09,1034.57,490.71,-1,cvat_interp
651,23,23,2,1.0,653.73,422.56,686.85,477.46,-1,cvat_interp
651,24,24,2,1.0,777.29,520.48,829.29,614.78,-1,cvat_interp
651,25,25,2,1.0,562.87,603.34,614.38,701.63,-1,cvat_interp
651,26,26,2,1.0,457.97,803.56,530.23,933.06,-1,cvat_interp
652,1,1,2,1.0,1731.41,600.25,1781.66,687.65,-1,cvat_interp
652,2,2,2,1.0,1679.37,478.1,1717.02,559.59,-1,cvat_interp
652,8,8,2,1.0,1612.75,436.79,1651.72,508.59,-1,cvat_interp
652,10,10,2,1.0,1583.37,467.21,1627.03,542.13,-1,cvat_interp
652,11,11,3,1.0,1112.84,532.78,1158.14,623.61,-1,cvat_interp
652,13,13,0,1.0,664.36,468.05,672.23,478.62,-1,cvat_interp
652,15,15,2,1.0,1486.69,694.01,1551.78,806.6,-1,cvat_interp
652,16,16,2,1.0,1428.16,444.77,1470.83,514.28,-1,cvat_interp
652,18,18,2,1.0,599.63,501.87,653.14,581.06,-1,cvat_interp
652,19,19,3,1.0,554.5,407.15,587.16,476.5,-1,cvat_interp
652,20,20,2,1.0,643.75,425.78,676.85,487.26,-1,cvat_interp
652,21,21,2,1.0,1151.44,453.27,1200.52,523.53,-1,cvat_interp
652,22,22,2,1.0,1005.31,427.0,1036.11,490.63,-1,cvat_interp
652,23,23,2,1.0,656.18,422.24,687.96,477.14,-1,cvat_interp
652,24,24,2,1.0,780.85,520.16,832.85,614.46,-1,cvat_interp
652,25,25,2,1.0,564.65,602.61,616.57,700.39,-1,cvat_interp
652,26,26,2,1.0,459.1,803.06,531.36,932.55,-1,cvat_interp
653,1,1,2,1.0,1735.06,600.55,1785.31,687.95,-1,cvat_interp
653,2,2,2,1.0,1683.2,478.1,1720.85,559.59,-1,cvat_interp
653,8,8,2,1.0,1616.58,436.85,1655.55,508.65,-1,cvat_interp
653,10,10,2,1.0,1585.5,467.58,1629.16,542.5,-1,cvat_interp
653,11,11,3,1.0,1113.06,532.29,1161.83,623.53,-1,cvat_interp
653,13,13,0,1.0,667.57,467.97,675.43,478.53,-1,cvat_interp
653,15,15,2,1.0,1488.14,694.63,1553.07,807.23,-1,cvat_interp
653,16,16,2,1.0,1430.54,445.96,1473.21,515.46,-1,cvat_interp
653,18,18,2,1.0,600.79,501.42,654.61,580.62,-1,cvat_interp
653,19,19,3,1.0,557.74,406.56,590.4,475.9,-1,cvat_interp
653,20,20,2,1.0,646.04,425.46,677.7,486.44,-1,cvat_interp
653,21,21,2,1.0,1151.77,452.95,1201.89,523.21,-1,cvat_interp
653,22,22,2,1.0,1006.85,426.92,1037.65,490.55,-1,cvat_interp
653,23,23,2,1.0,658.62,421.92,689.08,476.82,-1,cvat_interp
653,24,24,2,1.0,784.41,519.83,836.41,614.13,-1,cvat_interp
653,25,25,2,1.0,566.43,601.89,618.75,699.16,-1,cvat_interp
653,26,26,2,1.0,460.23,802.55,532.49,932.05,-1,cvat_interp
654,1,1,2,1.0,1738.71,600.86,1788.96,688.26,-1,cvat_interp
654,2,2,2,1.0,1687.03,478.1,1724.68,559.59,-1,cvat_interp
654,8,8,2,1.0,1620.42,436.91,1659.38,508.72,-1,cvat_interp
654,10,10,2,1.0,1587.63,467.94,1631.29,542.86,-1,cvat_interp
654,11,11,3,1.0,1113.28,531.79,1165.51,623.46,-1,cvat_interp
654,13,13,0,1.0,670.77,467.88,678.63,478.44,-1,cvat_interp
654,15,15,2,1.0,1489.59,695.26,1554.37,807.86,-1,cvat_interp
654,16,16,2,1.0,1432.92,447.14,1475.59,516.64,-1,cvat_interp
654,18,18,2,1.0,601.95,500.98,656.08,580.17,-1,cvat_interp
654,19,19,3,1.0,560.98,405.96,593.64,475.3,-1,cvat_interp
654,20,20,2,1.0,648.32,425.15,678.55,485.62,-1,cvat_interp
654,21,21,2,1.0,1152.09,452.63,1203.26,522.88,-1,cvat_interp
654,22,22,2,1.0,1008.38,426.84,1039.18,490.47,-1,cvat_interp
654,23,23,2,1.0,661.06,421.6,690.19,476.5,-1,cvat_interp
654,24,24,2,1.0,787.97,519.51,839.97,613.81,-1,cvat_interp
654,25,25,2,1.0,568.22,601.16,620.94,697.93,-1,cvat_interp
654,26,26,2,1.0,461.35,802.04,533.61,931.54,-1,cvat_interp
655,1,1,2,1.0,1742.36,601.16,1792.61,688.56,-1,cvat_interp
655,2,2,2,1.0,1690.86,478.1,1728.51,559.59,-1,cvat_interp
655,8,8,2,1.0,1624.25,436.97,1663.21,508.78,-1,cvat_interp
655,10,10,2,1.0,1589.76,468.31,1633.42,543.23,-1,cvat_interp
655,11,11,3,1.0,1113.5,531.3,1169.2,623.38,-1,cvat_keyframe
655,13,13,0,1.0,673.98,467.79,681.84,478.35,-1,cvat_interp
655,15,15,2,1.0,1491.03,695.89,1555.66,808.49,-1,cvat_interp
655,16,16,2,1.0,1435.3,448.32,1477.97,517.82,-1,cvat_keyframe
655,18,18,2,1.0,603.11,500.53,657.54,579.73,-1,cvat_interp
655,19,19,3,1.0,564.22,405.37,596.89,474.71,-1,cvat_interp
655,20,20,2,1.0,650.6,424.83,679.4,484.8,-1,cvat_keyframe
655,21,21,2,1.0,1152.41,452.3,1204.64,522.56,-1,cvat_keyframe
655,22,22,2,1.0,1009.92,426.76,1040.72,490.39,-1,cvat_keyframe
655,23,23,2,1.0,663.5,421.29,691.3,476.19,-1,cvat_keyframe
655,24,24,2,1.0,791.53,519.19,843.53,613.49,-1,cvat_keyframe
655,25,25,2,1.0,570.0,600.43,623.12,696.7,-1,cvat_keyframe
655,26,26,2,1.0,462.48,801.53,534.74,931.03,-1,cvat_keyframe
656,1,1,2,1.0,1746.01,601.47,1796.26,688.87,-1,cvat_interp
656,2,2,2,1.0,1694.7,478.1,1732.35,559.59,-1,cvat_interp
656,8,8,2,1.0,1628.08,437.03,1667.05,508.84,-1,cvat_interp
656,10,10,2,1.0,1591.89,468.67,1635.55,543.59,-1,cvat_interp
656,11,11,3,1.0,1115.82,531.64,1170.3,623.3,-1,cvat_interp
656,13,13,0,1.0,677.18,467.7,685.04,478.26,-1,cvat_interp
656,15,15,2,1.0,1492.48,696.52,1556.95,809.11,-1,cvat_interp
656,16,16,2,1.0,1435.42,446.91,1478.09,516.42,-1,cvat_interp
656,18,18,2,1.0,604.27,500.09,659.01,579.28,-1,cvat_interp
656,19,19,3,1.0,567.46,404.77,600.13,474.11,-1,cvat_interp
656,20,20,2,1.0,651.11,424.6,681.35,484.57,-1,cvat_interp
656,21,21,2,1.0,1152.06,452.73,1204.29,523.34,-1,cvat_interp
656,22,22,2,1.0,1010.5,426.51,1041.67,490.14,-1,cvat_interp
656,23,23,2,1.0,667.7,420.98,695.5,475.88,-1,cvat_interp
656,24,24,2,1.0,793.15,519.12,846.84,613.42,-1,cvat_interp
656,25,25,2,1.0,570.0,600.43,625.51,695.77,-1,cvat_interp
656,26,26,2,1.0,461.7,800.75,535.52,930.25,-1,cvat_interp
657,1,1,2,1.0,1749.66,601.77,1799.91,689.17,-1,cvat_interp
657,2,2,2,1.0,1698.53,478.1,1736.18,559.59,-1,cvat_interp
657,8,8,2,1.0,1631.91,437.09,1670.88,508.9,-1,cvat_interp
657,10,10,2,1.0,1594.02,469.04,1637.67,543.96,-1,cvat_interp
657,11,11,3,1.0,1118.15,531.98,1171.4,623.22,-1,cvat_interp
657,13,13,0,1.0,680.38,467.61,688.25,478.17,-1,cvat_interp
657,15,15,2,1.0,1493.93,697.14,1558.24,809.74,-1,cvat_interp
657,16,16,2,1.0,1435.54,445.5,1478.21,515.01,-1,cvat_interp
657,18,18,2,1.0,605.42,499.64,660.48,578.84,-1,cvat_interp
657,19,19,3,1.0,570.7,404.18,603.37,473.52,-1,cvat_interp
657,20,20,2,1.0,651.61,424.37,683.3,484.34,-1,cvat_interp
657,21,21,2,1.0,1151.71,453.16,1203.94,524.12,-1,cvat_interp
657,22,22,2,1.0,1011.08,426.25,1042.62,489.88,-1,cvat_interp
657,23,23,2,1.0,671.89,420.68,699.69,475.58,-1,cvat_interp
657,24,24,2,1.0,794.77,519.05,850.14,613.35,-1,cvat_interp
657,25,25,2,1.0,570.0,600.43,627.89,694.84,-1,cvat_interp
657,26,26,2,1.0,460.93,799.98,536.29,929.48,-1,cvat_interp
658,1,1,2,1.0,1753.31,602.07,1803.56,689.47,-1,cvat_interp
658,2,2,2,1.0,1702.36,478.1,1740.01,559.59,-1,cvat_interp
658,8,8,2,1.0,1635.75,437.15,1674.71,508.96,-1,cvat_interp
658,10,10,2,1.0,1596.15,469.4,1639.8,544.32,-1,cvat_interp
658,11,11,3,1.0,1120.47,532.32,1172.5,623.15,-1,cvat_interp
658,13,13,0,1.0,683.59,467.52,691.45,478.08,-1,cvat_interp
658,15,15,2,1.0,1495.37,697.77,1559.54,810.37,-1,cvat_interp
658,16,16,2,1.0,1435.65,444.09,1478.32,513.6,-1,cvat_interp
658,18,18,2,1.0,606.58,499.2,661.95,578.39,-1,cvat_interp
658,19,19,3,1.0,573.94,403.58,606.61,472.92,-1,cvat_interp
658,20,20,2,1.0,652.12,424.14,685.25,484.12,-1,cvat_interp
658,21,21,2,1.0,1151.36,453.59,1203.58,524.9,-1,cvat_interp
658,22,22,2,1.0,1011.66,426.0,1043.56,489.63,-1,cvat_interp
658,23,23,2,1.0,676.09,420.38,703.89,475.28,-1,cvat_interp
658,24,24,2,1.0,796.38,518.98,853.45,613.28,-1,cvat_interp
658,25,25,2,1.0,570.0,600.43,630.28,693.91,-1,cvat_interp
658,26,26,2,1.0,460.15,799.2,537.07,928.7,-1,cvat_interp
659,1,1,2,1.0,1756.96,602.38,1807.21,689.78,-1,cvat_interp
659,2,2,2,1.0,1706.19,478.1,1743.84,559.59,-1,cvat_interp
659,8,8,2,1.0,1639.58,437.21,1678.54,509.02,-1,cvat_interp
659,10,10,2,1.0,1598.28,469.77,1641.93,544.69,-1,cvat_interp
659,11,11,3,1.0,1122.8,532.65,1173.6,623.07,-1,cvat_interp
659,13,13,0,1.0,686.79,467.43,694.66,477.99,-1,cvat_interp
659,15,15,2,1.0,1496.82,698.4,1560.83,811.0,-1,cvat_interp
659,16,16,2,1.0,1435.77,442.68,1478.44,512.19,-1,cvat_interp
659,18,18,2,1.0,607.74,498.75,663.42,577.95,-1,cvat_interp
659,19,19,3,1.0,577.19,402.99,609.85,472.33,-1,cvat_interp
659,20,20,2,1.0,652.62,423.92,687.2,483.89,-1,cvat_interp
659,21,21,2,1.0,1151.01,454.02,1203.23,525.68,-1,cvat_interp
659,22,22,2,1.0,1012.24,425.75,1044.51,489.37,-1,cvat_interp
659,23,23,2,1.0,680.28,420.07,708.08,474.97,-1,cvat_interp
659,24,24,2,1.0,798.0,518.92,856.76,613.22,-1,cvat_interp
659,25,25,2,1.0,570.0,600.43,632.66,692.98,-1,cvat_interp
659,26,26,2,1.0,459.37,798.42,537.85,927.92,-1,cvat_interp
660,1,1,2,1.0,1760.61,602.68,1810.86,690.08,-1,cvat_keyframe
660,2,2,2,1.0,1710.03,478.1,1747.68,559.59,-1,cvat_keyframe
660,8,8,2,1.0,1643.41,437.27,1682.38,509.08,-1,cvat_keyframe
660,10,10,2,1.0,1600.41,470.13,1644.06,545.05,-1,cvat_keyframe
660,11,11,3,1.0,1125.12,532.99,1174.7,622.99,-1,cvat_keyframe
660,13,13,0,1.0,690.0,467.34,697.86,477.9,-1,cvat_keyframe
660,15,15,2,1.0,1498.27,699.03,1562.12,811.62,-1,cvat_interp
660,16,16,2,1.0,1435.88,441.28,1478.55,510.78,-1,cvat_keyframe
660,18,18,2,1.0,608.9,498.31,664.89,577.5,-1,cvat_keyframe
660,19,19,3,1.0,580.43,402.39,613.09,471.73,-1,cvat_keyframe
660,20,20,2,1.0,653.13,423.69,689.15,483.66,-1,cvat_interp
660,21,21,2,1.0,1150.66,454.45,1202.88,526.46,-1,cvat_interp
660,22,22,2,1.0,1012.82,425.49,1045.46,489.12,-1,cvat_interp
660,23,23,2,1.0,684.48,419.77,712.28,474.67,-1,cvat_interp
660,24,24,2,1.0,799.62,518.85,860.06,613.15,-1,cvat_interp
660,25,25,2,1.0,570.0,600.43,635.05,692.05,-1,cvat_interp
660,26,26,2,1.0,458.59,797.64,538.62,927.14,-1,cvat_interp
661,1,1,2,1.0,1763.88,604.17,1815.71,691.56,-1,cvat_interp
661,2,2,2,1.0,1714.28,479.8,1751.93,561.29,-1,cvat_interp
661,8,8,2,1.0,1646.49,437.06,1685.46,508.87,-1,cvat_interp
661,10,10,2,1.0,1604.23,469.71,1649.49,544.63,-1,cvat_interp
661,11,11,3,1.0,1126.61,532.99,1176.19,622.99,-1,cvat_interp
661,13,13,0,1.0,697.48,467.56,705.34,478.12,-1,cvat_interp
661,15,15,2,1.0,1499.71,699.65,1563.41,812.25,-1,cvat_interp
661,16,16,2,1.0,1435.88,442.24,1478.55,510.78,-1,cvat_interp
661,18,18,2,1.0,608.9,498.31,664.89,577.5,-1,cvat_interp
661,19,19,3,1.0,582.27,402.57,617.57,471.91,-1,cvat_interp
661,20,20,2,1.0,653.63,423.46,691.1,483.43,-1,cvat_interp
661,21,21,2,1.0,1150.31,454.88,1202.53,527.24,-1,cvat_interp
661,22,22,2,1.0,1013.4,425.24,1046.41,488.87,-1,cvat_interp
661,23,23,2,1.0,688.68,419.47,716.48,474.37,-1,cvat_interp
661,24,24,2,1.0,801.24,518.78,863.37,613.08,-1,cvat_interp
661,25,25,2,1.0,570.0,600.43,637.43,691.12,-1,cvat_interp
661,26,26,2,1.0,457.81,796.86,539.4,926.36,-1,cvat_interp
662,1,1,2,1.0,1767.15,605.66,1820.55,693.03,-1,cvat_interp
662,2,2,2,1.0,1718.53,481.5,1756.18,563.0,-1,cvat_interp
662,8,8,2,1.0,1649.58,436.85,1688.54,508.66,-1,cvat_interp
662,10,10,2,1.0,1608.06,469.28,1654.92,544.2,-1,cvat_interp
662,11,11,3,1.0,1128.1,532.99,1177.68,622.99,-1,cvat_interp
662,13,13,0,1.0,704.96,467.78,712.82,478.34,-1,cvat_interp
662,15,15,2,1.0,1501.16,700.28,1564.71,812.88,-1,cvat_interp
662,16,16,2,1.0,1435.88,443.21,1478.55,510.78,-1,cvat_interp
662,18,18,2,1.0,608.9,498.31,664.89,577.5,-1,cvat_interp
662,19,19,3,1.0,584.11,402.74,622.05,472.08,-1,cvat_interp
662,20,20,2,1.0,654.14,423.23,693.05,483.21,-1,cvat_interp
662,21,21,2,1.0,1149.96,455.31,1202.18,528.02,-1,cvat_interp
662,22,22,2,1.0,1013.98,424.98,1047.36,488.61,-1,cvat_interp
662,23,23,2,1.0,692.87,419.16,720.67,474.06,-1,cvat_interp
662,24,24,2,1.0,802.86,518.71,866.68,613.01,-1,cvat_interp
662,25,25,2,1.0,570.0,600.43,639.82,690.19,-1,cvat_interp
662,26,26,2,1.0,457.04,796.09,540.17,925.59,-1,cvat_interp
663,1,1,2,1.0,1770.42,607.14,1825.4,694.5,-1,cvat_keyframe
663,2,2,2,1.0,1722.79,483.2,1760.44,564.7,-1,cvat_interp
663,8,8,2,1.0,1652.66,436.64,1691.63,508.44,-1,cvat_interp
663,10,10,2,1.0,1611.89,468.86,1660.34,543.78,-1,cvat_interp
663,11,11,3,1.0,1129.59,532.99,1179.17,622.99,-1,cvat_interp
663,13,13,0,1.0,712.43,468.0,720.3,478.56,-1,cvat_interp
663,15,15,2,1.0,1502.61,700.91,1566.0,813.51,-1,cvat_keyframe
663,16,16,2,1.0,1435.88,444.17,1478.55,510.78,-1,cvat_interp
663,18,18,2,1.0,608.9,498.31,664.89,577.5,-1,cvat_interp
663,19,19,3,1.0,585.96,402.92,626.54,472.26,-1,cvat_interp
663,20,20,2,1.0,654.64,423.01,695.0,482.98,-1,cvat_interp
663,21,21,2,1.0,1149.61,455.74,1201.83,528.8,-1,cvat_interp
663,22,22,2,1.0,1014.56,424.73,1048.3,488.36,-1,cvat_interp
663,23,23,2,1.0,697.07,418.86,724.87,473.76,-1,cvat_interp
663,24,24,2,1.0,804.48,518.65,869.99,612.95,-1,cvat_interp
663,25,25,2,1.0,570.0,600.43,642.2,689.26,-1,cvat_keyframe
663,26,26,2,1.0,456.26,795.31,540.95,924.81,-1,cvat_interp
664,1,1,2,1.0,1773.69,608.63,1826.31,696.01,-1,cvat_interp
664,2,2,2,1.0,1727.04,484.91,1764.69,566.4,-1,cvat_interp
664,8,8,2,1.0,1655.75,436.42,1694.71,508.23,-1,cvat_interp
664,10,10,2,1.0,1615.72,468.43,1665.77,543.35,-1,cvat_interp
664,11,11,3,1.0,1131.08,532.99,1180.65,622.99,-1,cvat_interp
664,13,13,0,1.0,719.91,468.22,727.78,478.78,-1,cvat_interp
664,15,15,2,1.0,1504.05,701.54,1560.3,814.13,-1,cvat_interp
664,16,16,2,1.0,1435.88,445.14,1478.55,510.78,-1,cvat_interp
664,18,18,2,1.0,608.9,498.31,664.89,577.5,-1,cvat_interp
664,19,19,3,1.0,587.8,403.09,631.02,472.43,-1,cvat_interp
664,20,20,2,1.0,655.15,422.78,696.95,482.75,-1,cvat_interp
664,21,21,2,1.0,1149.25,456.17,1201.48,529.58,-1,cvat_interp
664,22,22,2,1.0,1015.15,424.48,1049.25,488.1,-1,cvat_interp
664,23,23,2,1.0,701.26,418.56,729.06,473.46,-1,cvat_interp
664,24,24,2,1.0,806.1,518.58,873.29,612.88,-1,cvat_interp
664,25,25,2,1.0,570.0,600.43,638.05,688.33,-1,cvat_interp
664,26,26,2,1.0,455.48,794.53,541.72,924.03,-1,cvat_interp
665,1,1,2,1.0,1776.96,610.11,1827.21,697.51,-1,cvat_keyframe
665,2,2,2,1.0,1731.29,486.61,1768.95,568.1,-1,cvat_keyframe
665,8,8,2,1.0,1658.83,436.21,1697.8,508.02,-1,cvat_keyframe
665,10,10,2,1.0,1619.55,468.01,1671.2,542.92,-1,cvat_keyframe
665,11,11,3,1.0,1132.57,532.99,1182.14,622.99,-1,cvat_keyframe
665,13,13,0,1.0,727.39,468.44,735.26,479.0,-1,cvat_keyframe
665,15,15,2,1.0,1505.5,702.16,1554.6,814.76,-1,cvat_keyframe
665,16,16,2,1.0,1435.88,446.1,1478.55,510.78,-1,cvat_keyframe
665,18,18,2,1.0,608.9,498.31,664.89,577.5,-1,cvat_interp
665,19,19,3,1.0,589.64,403.27,635.5,472.61,-1,cvat_keyframe
665,20,20,2,1.0,655.65,422.55,698.9,482.52,-1,cvat_keyframe
665,21,21,2,1.0,1148.9,456.6,1201.13,530.36,-1,cvat_keyframe
665,22,22,2,1.0,1015.73,424.22,1050.2,487.85,-1,cvat_keyframe
665,23,23,2,1.0,705.46,418.25,733.26,473.15,-1,cvat_keyframe
665,24,24,2,1.0,807.71,518.51,876.6,612.81,-1,cvat_keyframe
665,25,25,2,1.0,570.0,600.43,633.9,687.4,-1,cvat_keyframe
665,26,26,2,1.0,454.7,793.75,542.5,923.25,-1,cvat_keyframe
