2026-09-25 21:23:32.349962: E external/local_xla/xla/stream_executor/cuda/cuda_fft.cc:467] Unable to register cuFFT factory: Attempting to register factory for plugin cuFFT when one has already been registered
WARNING: All log messages before absl::InitializeLog() is called are written to STDERR
E0000 00:00:1790371412.370521   10433 cuda_dnn.cc:8579] Unable to register cuDNN factory: Attempting to register factory for plugin cuDNN when one has already been registered
E0000 00:00:1790371412.376671   10433 cuda_blas.cc:1407] Unable to register cuBLAS factory: Attempting to register factory for plugin cuBLAS when one has already been registered
W0000 00:00:1790371412.393012   10433 computation_placer.cc:177] computation placer already registered. Please check linkage and avoid linking the same target more than once.
W0000 00:00:1790371412.393041   10433 computation_placer.cc:177] computation placer already registered. Please check linkage and avoid linking the same target more than once.
W0000 00:00:1790371412.393043   10433 computation_placer.cc:177] computation placer already registered. Please check linkage and avoid linking the same target more than once.
W0000 00:00:1790371412.393045   10433 computation_placer.cc:177] computation placer already registered. Please check linkage and avoid linking the same target more than once.
2026-09-25 21:23:32.397810: I tensorflow/core/platform/cpu_feature_guard.cc:210] This TensorFlow binary is optimized to use available CPU instructions in performance-critical operations.
To enable the following instructions: AVX2 AVX512F FMA, in other operations, rebuild TensorFlow with the appropriate compiler flags.
AttributeError: 'MessageFactory' object has no attribute 'GetPrototype'
AttributeError: 'MessageFactory' object has no attribute 'GetPrototype'
AttributeError: 'MessageFactory' object has no attribute 'GetPrototype'
AttributeError: 'MessageFactory' object has no attribute 'GetPrototype'
AttributeError: 'MessageFactory' object has no attribute 'GetPrototype'
[models] Using ONNX execution provider: CUDAExecutionProvider
[09/25/26 21:23:55] WARNING  Your inference package version 1.3.0 __init__.py:41
                             is out of date! Please upgrade to                  
                             version 1.7.2 of inference for the                 
                             latest features and bug fixes by                   
                             running `pip install --upgrade                     
                             inference`.                                        
[stage] Loading models...
719afb0a8c911d68ff5487c7792f0772: Download    ━━━━━━━━ 528/528  ?        0:00:00
                                                       bytes                    
455c6983c42c196af6a4cc8630a643fc: Download    ━━━━━━━━ 53/53    ?        0:00:00
                                                       bytes                    
5149aa012b10128c675b7c55f9667f47: Verify hash ━━━━━━━━ 122.6/1… 501.9    0:00:00
                                                       MB       MB/s            
e0e5ee7f4889df2ef443c20474bc0d64: Download    ━━━━━━━━ 28/28    ?        0:00:00
                                                       bytes                    
69ddd82ae46fb3e8561602371d9d2db9: Download    ━━━━━━━━ 586/586  ?        0:00:00
                                                       bytes                    
636df383d3582f812e44d85bb49cd514: Download    ━━━━━━━━ 1.3/1.3  ?        0:00:00
                                                       kB                       
79d37ae79e2a136b9955b1e89292468e: Verify hash ━━━━━━━━ 145.0/1… 504.3    0:00:00
                                                       MB       MB/s            
[0;93m2026-09-25 21:24:12.094530604 [W:onnxruntime:Default, scatter_nd.h:51 ScatterNDWithAtomicReduction] ScatterND with reduction=='none' only guarantees to be correct if indices are not duplicated.[m
[0;93m2026-09-25 21:24:12.094598405 [W:onnxruntime:Default, scatter_nd.h:51 ScatterNDWithAtomicReduction] ScatterND with reduction=='none' only guarantees to be correct if indices are not duplicated.[m
[0;93m2026-09-25 21:24:12.094629692 [W:onnxruntime:Default, scatter_nd.h:51 ScatterNDWithAtomicReduction] ScatterND with reduction=='none' only guarantees to be correct if indices are not duplicated.[m
[0;93m2026-09-25 21:24:12.094635199 [W:onnxruntime:Default, scatter_nd.h:51 ScatterNDWithAtomicReduction] ScatterND with reduction=='none' only guarantees to be correct if indices are not duplicated.[m
[0;93m2026-09-25 21:24:12.094639817 [W:onnxruntime:Default, scatter_nd.h:51 ScatterNDWithAtomicReduction] ScatterND with reduction=='none' only guarantees to be correct if indices are not duplicated.[m
[0;93m2026-09-25 21:24:12.094644267 [W:onnxruntime:Default, scatter_nd.h:51 ScatterNDWithAtomicReduction] ScatterND with reduction=='none' only guarantees to be correct if indices are not duplicated.[m
[0;93m2026-09-25 21:24:12.094648551 [W:onnxruntime:Default, scatter_nd.h:51 ScatterNDWithAtomicReduction] ScatterND with reduction=='none' only guarantees to be correct if indices are not duplicated.[m
[0;93m2026-09-25 21:24:12.094653174 [W:onnxruntime:Default, scatter_nd.h:51 ScatterNDWithAtomicReduction] ScatterND with reduction=='none' only guarantees to be correct if indices are not duplicated.[m
[0;93m2026-09-25 21:24:12.094657599 [W:onnxruntime:Default, scatter_nd.h:51 ScatterNDWithAtomicReduction] ScatterND with reduction=='none' only guarantees to be correct if indices are not duplicated.[m
[0;93m2026-09-25 21:24:12.094674619 [W:onnxruntime:Default, scatter_nd.h:51 ScatterNDWithAtomicReduction] ScatterND with reduction=='none' only guarantees to be correct if indices are not duplicated.[m
[0;93m2026-09-25 21:24:12.094682667 [W:onnxruntime:Default, scatter_nd.h:51 ScatterNDWithAtomicReduction] ScatterND with reduction=='none' only guarantees to be correct if indices are not duplicated.[m
[0;93m2026-09-25 21:24:12.094690040 [W:onnxruntime:Default, scatter_nd.h:51 ScatterNDWithAtomicReduction] ScatterND with reduction=='none' only guarantees to be correct if indices are not duplicated.[m
[0;93m2026-09-25 21:24:12.094697285 [W:onnxruntime:Default, scatter_nd.h:51 ScatterNDWithAtomicReduction] ScatterND with reduction=='none' only guarantees to be correct if indices are not duplicated.[m
[0;93m2026-09-25 21:24:12.094704389 [W:onnxruntime:Default, scatter_nd.h:51 ScatterNDWithAtomicReduction] ScatterND with reduction=='none' only guarantees to be correct if indices are not duplicated.[m
[0;93m2026-09-25 21:24:12.094711201 [W:onnxruntime:Default, scatter_nd.h:51 ScatterNDWithAtomicReduction] ScatterND with reduction=='none' only guarantees to be correct if indices are not duplicated.[m
[0;93m2026-09-25 21:24:12.094717831 [W:onnxruntime:Default, scatter_nd.h:51 ScatterNDWithAtomicReduction] ScatterND with reduction=='none' only guarantees to be correct if indices are not duplicated.[m
[0;93m2026-09-25 21:24:12.094725091 [W:onnxruntime:Default, scatter_nd.h:51 ScatterNDWithAtomicReduction] ScatterND with reduction=='none' only guarantees to be correct if indices are not duplicated.[m
[0;93m2026-09-25 21:24:12.094736813 [W:onnxruntime:Default, scatter_nd.h:51 ScatterNDWithAtomicReduction] ScatterND with reduction=='none' only guarantees to be correct if indices are not duplicated.[m
[0;93m2026-09-25 21:24:12.094741953 [W:onnxruntime:Default, scatter_nd.h:51 ScatterNDWithAtomicReduction] ScatterND with reduction=='none' only guarantees to be correct if indices are not duplicated.[m
[0;93m2026-09-25 21:24:12.094746632 [W:onnxruntime:Default, scatter_nd.h:51 ScatterNDWithAtomicReduction] ScatterND with reduction=='none' only guarantees to be correct if indices are not duplicated.[m
[0;93m2026-09-25 21:24:12.094751025 [W:onnxruntime:Default, scatter_nd.h:51 ScatterNDWithAtomicReduction] ScatterND with reduction=='none' only guarantees to be correct if indices are not duplicated.[m
[0;93m2026-09-25 21:24:12.094766739 [W:onnxruntime:Default, scatter_nd.h:51 ScatterNDWithAtomicReduction] ScatterND with reduction=='none' only guarantees to be correct if indices are not duplicated.[m
[0;93m2026-09-25 21:24:12.094780129 [W:onnxruntime:Default, scatter_nd.h:51 ScatterNDWithAtomicReduction] ScatterND with reduction=='none' only guarantees to be correct if indices are not duplicated.[m
[0;93m2026-09-25 21:24:12.094787689 [W:onnxruntime:Default, scatter_nd.h:51 ScatterNDWithAtomicReduction] ScatterND with reduction=='none' only guarantees to be correct if indices are not duplicated.[m
[0;93m2026-09-25 21:24:12.094795200 [W:onnxruntime:Default, scatter_nd.h:51 ScatterNDWithAtomicReduction] ScatterND with reduction=='none' only guarantees to be correct if indices are not duplicated.[m
[0;93m2026-09-25 21:24:12.094801764 [W:onnxruntime:Default, scatter_nd.h:51 ScatterNDWithAtomicReduction] ScatterND with reduction=='none' only guarantees to be correct if indices are not duplicated.[m
[0;93m2026-09-25 21:24:12.094809039 [W:onnxruntime:Default, scatter_nd.h:51 ScatterNDWithAtomicReduction] ScatterND with reduction=='none' only guarantees to be correct if indices are not duplicated.[m
[0;93m2026-09-25 21:24:12.094815991 [W:onnxruntime:Default, scatter_nd.h:51 ScatterNDWithAtomicReduction] ScatterND with reduction=='none' only guarantees to be correct if indices are not duplicated.[m
[0;93m2026-09-25 21:24:12.094823190 [W:onnxruntime:Default, scatter_nd.h:51 ScatterNDWithAtomicReduction] ScatterND with reduction=='none' only guarantees to be correct if indices are not duplicated.[m
[0;93m2026-09-25 21:24:12.094829794 [W:onnxruntime:Default, scatter_nd.h:51 ScatterNDWithAtomicReduction] ScatterND with reduction=='none' only guarantees to be correct if indices are not duplicated.[m
[0;93m2026-09-25 21:24:12.094840999 [W:onnxruntime:Default, scatter_nd.h:51 ScatterNDWithAtomicReduction] ScatterND with reduction=='none' only guarantees to be correct if indices are not duplicated.[m
[0;93m2026-09-25 21:24:12.094845901 [W:onnxruntime:Default, scatter_nd.h:51 ScatterNDWithAtomicReduction] ScatterND with reduction=='none' only guarantees to be correct if indices are not duplicated.[m
[stage] Models loaded.
[stage] Opening video: /content/SoccerNetGS/valid/SNGS-055.mp4
[stage] Video ready. total_frames=750, processing=750 (frames 0-749)
Creating new Ultralytics Settings v0.0.8 file ✅ 
View Ultralytics Settings with 'yolo settings' or at '/root/.config/Ultralytics/settings.json'
Update Settings with 'yolo settings key=value', i.e. 'yolo settings runs_dir=path/to/dir'. For help see https://docs.ultralytics.com/usage/settings.
WARNING ⚠️ 'source' is missing. Using 'source=/usr/local/lib/python3.12/dist-packages/ultralytics/assets'.
[stage] Tracker mode: botsort
[stage] Color team classifier enabled (init_samples=30, margin=0.08).
[stage] Starting frame loop...
  0%|          | 0/750 [00:00<?, ?it/s]/usr/local/lib/python3.12/dist-packages/supervision/key_points/core.py:316: SupervisionWarnings: 'KeyPoints.confidence' is deprecated since 0.29.0 and will be removed in 0.32.0. Use 'KeyPoints.keypoint_confidence' instead.
  warn_deprecated(
/usr/local/lib/python3.12/dist-packages/supervision/key_points/core.py:308: SupervisionWarnings: 'KeyPoints.confidence' is deprecated since 0.29.0 and will be removed in 0.32.0. Use 'KeyPoints.keypoint_confidence' instead.
  warn_deprecated(
/usr/local/lib/python3.12/dist-packages/supervision/key_points/core.py:308: SupervisionWarnings: 'KeyPoints.confidence' is deprecated since 0.29.0 and will be removed in 0.32.0. Use 'KeyPoints.keypoint_confidence' instead.
  warn_deprecated(
/usr/local/lib/python3.12/dist-packages/supervision/key_points/core.py:308: SupervisionWarnings: 'KeyPoints.confidence' is deprecated since 0.29.0 and will be removed in 0.32.0. Use 'KeyPoints.keypoint_confidence' instead.
  warn_deprecated(
/usr/local/lib/python3.12/dist-packages/supervision/key_points/core.py:308: SupervisionWarnings: 'KeyPoints.confidence' is deprecated since 0.29.0 and will be removed in 0.32.0. Use 'KeyPoints.keypoint_confidence' instead.
  warn_deprecated(
/usr/local/lib/python3.12/dist-packages/supervision/key_points/core.py:308: SupervisionWarnings: 'KeyPoints.confidence' is deprecated since 0.29.0 and will be removed in 0.32.0. Use 'KeyPoints.keypoint_confidence' instead.
  warn_deprecated(
/usr/local/lib/python3.12/dist-packages/supervision/key_points/core.py:308: SupervisionWarnings: 'KeyPoints.confidence' is deprecated since 0.29.0 and will be removed in 0.32.0. Use 'KeyPoints.keypoint_confidence' instead.
  warn_deprecated(
/usr/local/lib/python3.12/dist-packages/supervision/key_points/core.py:308: SupervisionWarnings: 'KeyPoints.confidence' is deprecated since 0.29.0 and will be removed in 0.32.0. Use 'KeyPoints.keypoint_confidence' instead.
  warn_deprecated(
/usr/local/lib/python3.12/dist-packages/supervision/key_points/core.py:308: SupervisionWarnings: 'KeyPoints.confidence' is deprecated since 0.29.0 and will be removed in 0.32.0. Use 'KeyPoints.keypoint_confidence' instead.
  warn_deprecated(
  0%|          | 1/750 [00:03<39:14,  3.14s/it]/usr/local/lib/python3.12/dist-packages/supervision/key_points/core.py:316: SupervisionWarnings: 'KeyPoints.confidence' is deprecated since 0.29.0 and will be removed in 0.32.0. Use 'KeyPoints.keypoint_confidence' instead.
  warn_deprecated(
/usr/local/lib/python3.12/dist-packages/supervision/key_points/core.py:308: SupervisionWarnings: 'KeyPoints.confidence' is deprecated since 0.29.0 and will be removed in 0.32.0. Use 'KeyPoints.keypoint_confidence' instead.
  warn_deprecated(
/usr/local/lib/python3.12/dist-packages/supervision/key_points/core.py:308: SupervisionWarnings: 'KeyPoints.confidence' is deprecated since 0.29.0 and will be removed in 0.32.0. Use 'KeyPoints.keypoint_confidence' instead.
  warn_deprecated(
/usr/local/lib/python3.12/dist-packages/supervision/key_points/core.py:308: SupervisionWarnings: 'KeyPoints.confidence' is deprecated since 0.29.0 and will be removed in 0.32.0. Use 'KeyPoints.keypoint_confidence' instead.
  warn_deprecated(
/usr/local/lib/python3.12/dist-packages/supervision/key_points/core.py:308: SupervisionWarnings: 'KeyPoints.confidence' is deprecated since 0.29.0 and will be removed in 0.32.0. Use 'KeyPoints.keypoint_confidence' instead.
  warn_deprecated(
/usr/local/lib/python3.12/dist-packages/supervision/key_points/core.py:308: SupervisionWarnings: 'KeyPoints.confidence' is deprecated since 0.29.0 and will be removed in 0.32.0. Use 'KeyPoints.keypoint_confidence' instead.
  warn_deprecated(
/usr/local/lib/python3.12/dist-packages/supervision/key_points/core.py:308: SupervisionWarnings: 'KeyPoints.confidence' is deprecated since 0.29.0 and will be removed in 0.32.0. Use 'KeyPoints.keypoint_confidence' instead.
  warn_deprecated(
/usr/local/lib/python3.12/dist-packages/supervision/key_points/core.py:308: SupervisionWarnings: 'KeyPoints.confidence' is deprecated since 0.29.0 and will be removed in 0.32.0. Use 'KeyPoints.keypoint_confidence' instead.
  warn_deprecated(
  0%|          | 2/750 [00:04<24:25,  1.96s/it]/usr/local/lib/python3.12/dist-packages/supervision/key_points/core.py:316: SupervisionWarnings: 'KeyPoints.confidence' is deprecated since 0.29.0 and will be removed in 0.32.0. Use 'KeyPoints.keypoint_confidence' instead.
  warn_deprecated(
/usr/local/lib/python3.12/dist-packages/supervision/key_points/core.py:308: SupervisionWarnings: 'KeyPoints.confidence' is deprecated since 0.29.0 and will be removed in 0.32.0. Use 'KeyPoints.keypoint_confidence' instead.
  warn_deprecated(
/usr/local/lib/python3.12/dist-packages/supervision/key_points/core.py:308: SupervisionWarnings: 'KeyPoints.confidence' is deprecated since 0.29.0 and will be removed in 0.32.0. Use 'KeyPoints.keypoint_confidence' instead.
  warn_deprecated(
/usr/local/lib/python3.12/dist-packages/supervision/key_points/core.py:308: SupervisionWarnings: 'KeyPoints.confidence' is deprecated since 0.29.0 and will be removed in 0.32.0. Use 'KeyPoints.keypoint_confidence' instead.
  warn_deprecated(
/usr/local/lib/python3.12/dist-packages/supervision/key_points/core.py:308: SupervisionWarnings: 'KeyPoints.confidence' is deprecated since 0.29.0 and will be removed in 0.32.0. Use 'KeyPoints.keypoint_confidence' instead.
  warn_deprecated(
/usr/local/lib/python3.12/dist-packages/supervision/key_points/core.py:308: SupervisionWarnings: 'KeyPoints.confidence' is deprecated since 0.29.0 and will be removed in 0.32.0. Use 'KeyPoints.keypoint_confidence' instead.
  warn_deprecated(
/usr/local/lib/python3.12/dist-packages/supervision/key_points/core.py:308: SupervisionWarnings: 'KeyPoints.confidence' is deprecated since 0.29.0 and will be removed in 0.32.0. Use 'KeyPoints.keypoint_confidence' instead.
  warn_deprecated(
/usr/local/lib/python3.12/dist-packages/supervision/key_points/core.py:308: SupervisionWarnings: 'KeyPoints.confidence' is deprecated since 0.29.0 and will be removed in 0.32.0. Use 'KeyPoints.keypoint_confidence' instead.
  warn_deprecated(
  0%|          | 3/750 [00:04<17:15,  1.39s/it]/usr/local/lib/python3.12/dist-packages/supervision/key_points/core.py:316: SupervisionWarnings: 'KeyPoints.confidence' is deprecated since 0.29.0 and will be removed in 0.32.0. Use 'KeyPoints.keypoint_confidence' instead.
  warn_deprecated(
/usr/local/lib/python3.12/dist-packages/supervision/key_points/core.py:308: SupervisionWarnings: 'KeyPoints.confidence' is deprecated since 0.29.0 and will be removed in 0.32.0. Use 'KeyPoints.keypoint_confidence' instead.
  warn_deprecated(
/usr/local/lib/python3.12/dist-packages/supervision/key_points/core.py:308: SupervisionWarnings: 'KeyPoints.confidence' is deprecated since 0.29.0 and will be removed in 0.32.0. Use 'KeyPoints.keypoint_confidence' instead.
  warn_deprecated(
/usr/local/lib/python3.12/dist-packages/supervision/key_points/core.py:308: SupervisionWarnings: 'KeyPoints.confidence' is deprecated since 0.29.0 and will be removed in 0.32.0. Use 'KeyPoints.keypoint_confidence' instead.
  warn_deprecated(
/usr/local/lib/python3.12/dist-packages/supervision/key_points/core.py:308: SupervisionWarnings: 'KeyPoints.confidence' is deprecated since 0.29.0 and will be removed in 0.32.0. Use 'KeyPoints.keypoint_confidence' instead.
  warn_deprecated(
/usr/local/lib/python3.12/dist-packages/supervision/key_points/core.py:308: SupervisionWarnings: 'KeyPoints.confidence' is deprecated since 0.29.0 and will be removed in 0.32.0. Use 'KeyPoints.keypoint_confidence' instead.
  warn_deprecated(
/usr/local/lib/python3.12/dist-packages/supervision/key_points/core.py:308: SupervisionWarnings: 'KeyPoints.confidence' is deprecated since 0.29.0 and will be removed in 0.32.0. Use 'KeyPoints.keypoint_confidence' instead.
  warn_deprecated(
/usr/local/lib/python3.12/dist-packages/supervision/key_points/core.py:308: SupervisionWarnings: 'KeyPoints.confidence' is deprecated since 0.29.0 and will be removed in 0.32.0. Use 'KeyPoints.keypoint_confidence' instead.
  warn_deprecated(
  1%|          | 4/750 [00:05<13:31,  1.09s/it]/usr/local/lib/python3.12/dist-packages/supervision/key_points/core.py:316: SupervisionWarnings: 'KeyPoints.confidence' is deprecated since 0.29.0 and will be removed in 0.32.0. Use 'KeyPoints.keypoint_confidence' instead.
  warn_deprecated(
/usr/local/lib/python3.12/dist-packages/supervision/key_points/core.py:308: SupervisionWarnings: 'KeyPoints.confidence' is deprecated since 0.29.0 and will be removed in 0.32.0. Use 'KeyPoints.keypoint_confidence' instead.
  warn_deprecated(
/usr/local/lib/python3.12/dist-packages/supervision/key_points/core.py:308: SupervisionWarnings: 'KeyPoints.confidence' is deprecated since 0.29.0 and will be removed in 0.32.0. Use 'KeyPoints.keypoint_confidence' instead.
  warn_deprecated(
/usr/local/lib/python3.12/dist-packages/supervision/key_points/core.py:308: SupervisionWarnings: 'KeyPoints.confidence' is deprecated since 0.29.0 and will be removed in 0.32.0. Use 'KeyPoints.keypoint_confidence' instead.
  warn_deprecated(
/usr/local/lib/python3.12/dist-packages/supervision/key_points/core.py:308: SupervisionWarnings: 'KeyPoints.confidence' is deprecated since 0.29.0 and will be removed in 0.32.0. Use 'KeyPoints.keypoint_confidence' instead.
  warn_deprecated(
/usr/local/lib/python3.12/dist-packages/supervision/key_points/core.py:308: SupervisionWarnings: 'KeyPoints.confidence' is deprecated since 0.29.0 and will be removed in 0.32.0. Use 'KeyPoints.keypoint_confidence' instead.
  warn_deprecated(
/usr/local/lib/python3.12/dist-packages/supervision/key_points/core.py:308: SupervisionWarnings: 'KeyPoints.confidence' is deprecated since 0.29.0 and will be removed in 0.32.0. Use 'KeyPoints.keypoint_confidence' instead.
  warn_deprecated(
/usr/local/lib/python3.12/dist-packages/supervision/key_points/core.py:308: SupervisionWarnings: 'KeyPoints.confidence' is deprecated since 0.29.0 and will be removed in 0.32.0. Use 'KeyPoints.keypoint_confidence' instead.
  warn_deprecated(
  1%|          | 5/750 [00:06<11:34,  1.07it/s]/usr/local/lib/python3.12/dist-packages/supervision/key_points/core.py:316: SupervisionWarnings: 'KeyPoints.confidence' is deprecated since 0.29.0 and will be removed in 0.32.0. Use 'KeyPoints.keypoint_confidence' instead.
  warn_deprecated(
/usr/local/lib/python3.12/dist-packages/supervision/key_points/core.py:308: SupervisionWarnings: 'KeyPoints.confidence' is deprecated since 0.29.0 and will be removed in 0.32.0. Use 'KeyPoints.keypoint_confidence' instead.
  warn_deprecated(
/usr/local/lib/python3.12/dist-packages/supervision/key_points/core.py:308: SupervisionWarnings: 'KeyPoints.confidence' is deprecated since 0.29.0 and will be removed in 0.32.0. Use 'KeyPoints.keypoint_confidence' instead.
  warn_deprecated(
/usr/local/lib/python3.12/dist-packages/supervision/key_points/core.py:308: SupervisionWarnings: 'KeyPoints.confidence' is deprecated since 0.29.0 and will be removed in 0.32.0. Use 'KeyPoints.keypoint_confidence' instead.
  warn_deprecated(
/usr/local/lib/python3.12/dist-packages/supervision/key_points/core.py:308: SupervisionWarnings: 'KeyPoints.confidence' is deprecated since 0.29.0 and will be removed in 0.32.0. Use 'KeyPoints.keypoint_confidence' instead.
  warn_deprecated(
/usr/local/lib/python3.12/dist-packages/supervision/key_points/core.py:308: SupervisionWarnings: 'KeyPoints.confidence' is deprecated since 0.29.0 and will be removed in 0.32.0. Use 'KeyPoints.keypoint_confidence' instead.
  warn_deprecated(
/usr/local/lib/python3.12/dist-packages/supervision/key_points/core.py:308: SupervisionWarnings: 'KeyPoints.confidence' is deprecated since 0.29.0 and will be removed in 0.32.0. Use 'KeyPoints.keypoint_confidence' instead.
  warn_deprecated(
/usr/local/lib/python3.12/dist-packages/supervision/key_points/core.py:308: SupervisionWarnings: 'KeyPoints.confidence' is deprecated since 0.29.0 and will be removed in 0.32.0. Use 'KeyPoints.keypoint_confidence' instead.
  warn_deprecated(
  1%|          | 6/750 [00:06<10:23,  1.19it/s]/usr/local/lib/python3.12/dist-packages/supervision/key_points/core.py:316: SupervisionWarnings: 'KeyPoints.confidence' is deprecated since 0.29.0 and will be removed in 0.32.0. Use 'KeyPoints.keypoint_confidence' instead.
  warn_deprecated(
/usr/local/lib/python3.12/dist-packages/supervision/key_points/core.py:308: SupervisionWarnings: 'KeyPoints.confidence' is deprecated since 0.29.0 and will be removed in 0.32.0. Use 'KeyPoints.keypoint_confidence' instead.
  warn_deprecated(
/usr/local/lib/python3.12/dist-packages/supervision/key_points/core.py:308: SupervisionWarnings: 'KeyPoints.confidence' is deprecated since 0.29.0 and will be removed in 0.32.0. Use 'KeyPoints.keypoint_confidence' instead.
  warn_deprecated(
/usr/local/lib/python3.12/dist-packages/supervision/key_points/core.py:308: SupervisionWarnings: 'KeyPoints.confidence' is deprecated since 0.29.0 and will be removed in 0.32.0. Use 'KeyPoints.keypoint_confidence' instead.
  warn_deprecated(
/usr/local/lib/python3.12/dist-packages/supervision/key_points/core.py:308: SupervisionWarnings: 'KeyPoints.confidence' is deprecated since 0.29.0 and will be removed in 0.32.0. Use 'KeyPoints.keypoint_confidence' instead.
  warn_deprecated(
  1%|          | 7/750 [00:07<09:38,  1.28it/s]/usr/local/lib/python3.12/dist-packages/supervision/key_points/core.py:316: SupervisionWarnings: 'KeyPoints.confidence' is deprecated since 0.29.0 and will be removed in 0.32.0. Use 'KeyPoints.keypoint_confidence' instead.
  warn_deprecated(
/usr/local/lib/python3.12/dist-packages/supervision/key_points/core.py:308: SupervisionWarnings: 'KeyPoints.confidence' is deprecated since 0.29.0 and will be removed in 0.32.0. Use 'KeyPoints.keypoint_confidence' instead.
  warn_deprecated(
/usr/local/lib/python3.12/dist-packages/supervision/key_points/core.py:308: SupervisionWarnings: 'KeyPoints.confidence' is deprecated since 0.29.0 and will be removed in 0.32.0. Use 'KeyPoints.keypoint_confidence' instead.
  warn_deprecated(
/usr/local/lib/python3.12/dist-packages/supervision/key_points/core.py:308: SupervisionWarnings: 'KeyPoints.confidence' is deprecated since 0.29.0 and will be removed in 0.32.0. Use 'KeyPoints.keypoint_confidence' instead.
  warn_deprecated(
/usr/local/lib/python3.12/dist-packages/supervision/key_points/core.py:308: SupervisionWarnings: 'KeyPoints.confidence' is deprecated since 0.29.0 and will be removed in 0.32.0. Use 'KeyPoints.keypoint_confidence' instead.
  warn_deprecated(
  1%|          | 8/750 [00:08<09:06,  1.36it/s]/usr/local/lib/python3.12/dist-packages/supervision/key_points/core.py:316: SupervisionWarnings: 'KeyPoints.confidence' is deprecated since 0.29.0 and will be removed in 0.32.0. Use 'KeyPoints.keypoint_confidence' instead.
  warn_deprecated(
/usr/local/lib/python3.12/dist-packages/supervision/key_points/core.py:308: SupervisionWarnings: 'KeyPoints.confidence' is deprecated since 0.29.0 and will be removed in 0.32.0. Use 'KeyPoints.keypoint_confidence' instead.
  warn_deprecated(
/usr/local/lib/python3.12/dist-packages/supervision/key_points/core.py:308: SupervisionWarnings: 'KeyPoints.confidence' is deprecated since 0.29.0 and will be removed in 0.32.0. Use 'KeyPoints.keypoint_confidence' instead.
  warn_deprecated(
/usr/local/lib/python3.12/dist-packages/supervision/key_points/core.py:308: SupervisionWarnings: 'KeyPoints.confidence' is deprecated since 0.29.0 and will be removed in 0.32.0. Use 'KeyPoints.keypoint_confidence' instead.
  warn_deprecated(
/usr/local/lib/python3.12/dist-packages/supervision/key_points/core.py:308: SupervisionWarnings: 'KeyPoints.confidence' is deprecated since 0.29.0 and will be removed in 0.32.0. Use 'KeyPoints.keypoint_confidence' instead.
  warn_deprecated(
  1%|          | 9/750 [00:08<08:50,  1.40it/s]/usr/local/lib/python3.12/dist-packages/supervision/key_points/core.py:316: SupervisionWarnings: 'KeyPoints.confidence' is deprecated since 0.29.0 and will be removed in 0.32.0. Use 'KeyPoints.keypoint_confidence' instead.
  warn_deprecated(
/usr/local/lib/python3.12/dist-packages/supervision/key_points/core.py:308: SupervisionWarnings: 'KeyPoints.confidence' is deprecated since 0.29.0 and will be removed in 0.32.0. Use 'KeyPoints.keypoint_confidence' instead.
  warn_deprecated(
/usr/local/lib/python3.12/dist-packages/supervision/key_points/core.py:308: SupervisionWarnings: 'KeyPoints.confidence' is deprecated since 0.29.0 and will be removed in 0.32.0. Use 'KeyPoints.keypoint_confidence' instead.
  warn_deprecated(
/usr/local/lib/python3.12/dist-packages/supervision/key_points/core.py:308: SupervisionWarnings: 'KeyPoints.confidence' is deprecated since 0.29.0 and will be removed in 0.32.0. Use 'KeyPoints.keypoint_confidence' instead.
  warn_deprecated(
/usr/local/lib/python3.12/dist-packages/supervision/key_points/core.py:308: SupervisionWarnings: 'KeyPoints.confidence' is deprecated since 0.29.0 and will be removed in 0.32.0. Use 'KeyPoints.keypoint_confidence' instead.
  warn_deprecated(
  1%|▏         | 10/750 [00:09<08:37,  1.43it/s]/usr/local/lib/python3.12/dist-packages/supervision/key_points/core.py:316: SupervisionWarnings: 'KeyPoints.confidence' is deprecated since 0.29.0 and will be removed in 0.32.0. Use 'KeyPoints.keypoint_confidence' instead.
  warn_deprecated(
/usr/local/lib/python3.12/dist-packages/supervision/key_points/core.py:308: SupervisionWarnings: 'KeyPoints.confidence' is deprecated since 0.29.0 and will be removed in 0.32.0. Use 'KeyPoints.keypoint_confidence' instead.
  warn_deprecated(
/usr/local/lib/python3.12/dist-packages/supervision/key_points/core.py:308: SupervisionWarnings: 'KeyPoints.confidence' is deprecated since 0.29.0 and will be removed in 0.32.0. Use 'KeyPoints.keypoint_confidence' instead.
  warn_deprecated(
/usr/local/lib/python3.12/dist-packages/supervision/key_points/core.py:308: SupervisionWarnings: 'KeyPoints.confidence' is deprecated since 0.29.0 and will be removed in 0.32.0. Use 'KeyPoints.keypoint_confidence' instead.
  warn_deprecated(
/usr/local/lib/python3.12/dist-packages/supervision/key_points/core.py:308: SupervisionWarnings: 'KeyPoints.confidence' is deprecated since 0.29.0 and will be removed in 0.32.0. Use 'KeyPoints.keypoint_confidence' instead.
  warn_deprecated(
  1%|▏         | 11/750 [00:10<09:42,  1.27it/s]/usr/local/lib/python3.12/dist-packages/supervision/key_points/core.py:316: SupervisionWarnings: 'KeyPoints.confidence' is deprecated since 0.29.0 and will be removed in 0.32.0. Use 'KeyPoints.keypoint_confidence' instead.
  warn_deprecated(
/usr/local/lib/python3.12/dist-packages/supervision/key_points/core.py:308: SupervisionWarnings: 'KeyPoints.confidence' is deprecated since 0.29.0 and will be removed in 0.32.0. Use 'KeyPoints.keypoint_confidence' instead.
  warn_deprecated(
/usr/local/lib/python3.12/dist-packages/supervision/key_points/core.py:308: SupervisionWarnings: 'KeyPoints.confidence' is deprecated since 0.29.0 and will be removed in 0.32.0. Use 'KeyPoints.keypoint_confidence' instead.
  warn_deprecated(
/usr/local/lib/python3.12/dist-packages/supervision/key_points/core.py:308: SupervisionWarnings: 'KeyPoints.confidence' is deprecated since 0.29.0 and will be removed in 0.32.0. Use 'KeyPoints.keypoint_confidence' instead.
  warn_deprecated(
/usr/local/lib/python3.12/dist-packages/supervision/key_points/core.py:308: SupervisionWarnings: 'KeyPoints.confidence' is deprecated since 0.29.0 and will be removed in 0.32.0. Use 'KeyPoints.keypoint_confidence' instead.
  warn_deprecated(
  2%|▏         | 12/750 [00:11<09:13,  1.33it/s]/usr/local/lib/python3.12/dist-packages/supervision/key_points/core.py:316: SupervisionWarnings: 'KeyPoints.confidence' is deprecated since 0.29.0 and will be removed in 0.32.0. Use 'KeyPoints.keypoint_confidence' instead.
  warn_deprecated(
/usr/local/lib/python3.12/dist-packages/supervision/key_points/core.py:308: SupervisionWarnings: 'KeyPoints.confidence' is deprecated since 0.29.0 and will be removed in 0.32.0. Use 'KeyPoints.keypoint_confidence' instead.
  warn_deprecated(
/usr/local/lib/python3.12/dist-packages/supervision/key_points/core.py:308: SupervisionWarnings: 'KeyPoints.confidence' is deprecated since 0.29.0 and will be removed in 0.32.0. Use 'KeyPoints.keypoint_confidence' instead.
  warn_deprecated(
/usr/local/lib/python3.12/dist-packages/supervision/key_points/core.py:308: SupervisionWarnings: 'KeyPoints.confidence' is deprecated since 0.29.0 and will be removed in 0.32.0. Use 'KeyPoints.keypoint_confidence' instead.
  warn_deprecated(
/usr/local/lib/python3.12/dist-packages/supervision/key_points/core.py:308: SupervisionWarnings: 'KeyPoints.confidence' is deprecated since 0.29.0 and will be removed in 0.32.0. Use 'KeyPoints.keypoint_confidence' instead.
  warn_deprecated(
  2%|▏         | 13/750 [00:12<10:06,  1.22it/s]/usr/local/lib/python3.12/dist-packages/supervision/key_points/core.py:316: SupervisionWarnings: 'KeyPoints.confidence' is deprecated since 0.29.0 and will be removed in 0.32.0. Use 'KeyPoints.keypoint_confidence' instead.
  warn_deprecated(
/usr/local/lib/python3.12/dist-packages/supervision/key_points/core.py:308: SupervisionWarnings: 'KeyPoints.confidence' is deprecated since 0.29.0 and will be removed in 0.32.0. Use 'KeyPoints.keypoint_confidence' instead.
  warn_deprecated(
/usr/local/lib/python3.12/dist-packages/supervision/key_points/core.py:308: SupervisionWarnings: 'KeyPoints.confidence' is deprecated since 0.29.0 and will be removed in 0.32.0. Use 'KeyPoints.keypoint_confidence' instead.
  warn_deprecated(
/usr/local/lib/python3.12/dist-packages/supervision/key_points/core.py:308: SupervisionWarnings: 'KeyPoints.confidence' is deprecated since 0.29.0 and will be removed in 0.32.0. Use 'KeyPoints.keypoint_confidence' instead.
  warn_deprecated(
/usr/local/lib/python3.12/dist-packages/supervision/key_points/core.py:308: SupervisionWarnings: 'KeyPoints.confidence' is deprecated since 0.29.0 and will be removed in 0.32.0. Use 'KeyPoints.keypoint_confidence' instead.
  warn_deprecated(
  2%|▏         | 14/750 [00:12<09:42,  1.26it/s]/usr/local/lib/python3.12/dist-packages/supervision/key_points/core.py:316: SupervisionWarnings: 'KeyPoints.confidence' is deprecated since 0.29.0 and will be removed in 0.32.0. Use 'KeyPoints.keypoint_confidence' instead.
  warn_deprecated(
/usr/local/lib/python3.12/dist-packages/supervision/key_points/core.py:308: SupervisionWarnings: 'KeyPoints.confidence' is deprecated since 0.29.0 and will be removed in 0.32.0. Use 'KeyPoints.keypoint_confidence' instead.
  warn_deprecated(
/usr/local/lib/python3.12/dist-packages/supervision/key_points/core.py:308: SupervisionWarnings: 'KeyPoints.confidence' is deprecated since 0.29.0 and will be removed in 0.32.0. Use 'KeyPoints.keypoint_confidence' instead.
  warn_deprecated(
/usr/local/lib/python3.12/dist-packages/supervision/key_points/core.py:308: SupervisionWarnings: 'KeyPoints.confidence' is deprecated since 0.29.0 and will be removed in 0.32.0. Use 'KeyPoints.keypoint_confidence' instead.
  warn_deprecated(
/usr/local/lib/python3.12/dist-packages/supervision/key_points/core.py:308: SupervisionWarnings: 'KeyPoints.confidence' is deprecated since 0.29.0 and will be removed in 0.32.0. Use 'KeyPoints.keypoint_confidence' instead.
  warn_deprecated(
  2%|▏         | 15/750 [00:13<09:11,  1.33it/s]/usr/local/lib/python3.12/dist-packages/supervision/key_points/core.py:316: SupervisionWarnings: 'KeyPoints.confidence' is deprecated since 0.29.0 and will be removed in 0.32.0. Use 'KeyPoints.keypoint_confidence' instead.
  warn_deprecated(
/usr/local/lib/python3.12/dist-packages/supervision/key_points/core.py:308: SupervisionWarnings: 'KeyPoints.confidence' is deprecated since 0.29.0 and will be removed in 0.32.0. Use 'KeyPoints.keypoint_confidence' instead.
  warn_deprecated(
/usr/local/lib/python3.12/dist-packages/supervision/key_points/core.py:308: SupervisionWarnings: 'KeyPoints.confidence' is deprecated since 0.29.0 and will be removed in 0.32.0. Use 'KeyPoints.keypoint_confidence' instead.
  warn_deprecated(
/usr/local/lib/python3.12/dist-packages/supervision/key_points/core.py:308: SupervisionWarnings: 'KeyPoints.confidence' is deprecated since 0.29.0 and will be removed in 0.32.0. Use 'KeyPoints.keypoint_confidence' instead.
  warn_deprecated(
/usr/local/lib/python3.12/dist-packages/supervision/key_points/core.py:308: SupervisionWarnings: 'KeyPoints.confidence' is deprecated since 0.29.0 and will be removed in 0.32.0. Use 'KeyPoints.keypoint_confidence' instead.
  warn_deprecated(
  2%|▏         | 16/750 [00:14<08:52,  1.38it/s]/usr/local/lib/python3.12/dist-packages/supervision/key_points/core.py:316: SupervisionWarnings: 'KeyPoints.confidence' is deprecated since 0.29.0 and will be removed in 0.32.0. Use 'KeyPoints.keypoint_confidence' instead.
  warn_deprecated(
/usr/local/lib/python3.12/dist-packages/supervision/key_points/core.py:308: SupervisionWarnings: 'KeyPoints.confidence' is deprecated since 0.29.0 and will be removed in 0.32.0. Use 'KeyPoints.keypoint_confidence' instead.
  warn_deprecated(
/usr/local/lib/python3.12/dist-packages/supervision/key_points/core.py:308: SupervisionWarnings: 'KeyPoints.confidence' is deprecated since 0.29.0 and will be removed in 0.32.0. Use 'KeyPoints.keypoint_confidence' instead.
  warn_deprecated(
/usr/local/lib/python3.12/dist-packages/supervision/key_points/core.py:308: SupervisionWarnings: 'KeyPoints.confidence' is deprecated since 0.29.0 and will be removed in 0.32.0. Use 'KeyPoints.keypoint_confidence' instead.
  warn_deprecated(
/usr/local/lib/python3.12/dist-packages/supervision/key_points/core.py:308: SupervisionWarnings: 'KeyPoints.confidence' is deprecated since 0.29.0 and will be removed in 0.32.0. Use 'KeyPoints.keypoint_confidence' instead.
  warn_deprecated(
  2%|▏         | 17/750 [00:15<09:00,  1.36it/s]/usr/local/lib/python3.12/dist-packages/supervision/key_points/core.py:316: SupervisionWarnings: 'KeyPoints.confidence' is deprecated since 0.29.0 and will be removed in 0.32.0. Use 'KeyPoints.keypoint_confidence' instead.
  warn_deprecated(
/usr/local/lib/python3.12/dist-packages/supervision/key_points/core.py:308: SupervisionWarnings: 'KeyPoints.confidence' is deprecated since 0.29.0 and will be removed in 0.32.0. Use 'KeyPoints.keypoint_confidence' instead.
  warn_deprecated(
/usr/local/lib/python3.12/dist-packages/supervision/key_points/core.py:308: SupervisionWarnings: 'KeyPoints.confidence' is deprecated since 0.29.0 and will be removed in 0.32.0. Use 'KeyPoints.keypoint_confidence' instead.
  warn_deprecated(
/usr/local/lib/python3.12/dist-packages/supervision/key_points/core.py:308: SupervisionWarnings: 'KeyPoints.confidence' is deprecated since 0.29.0 and will be removed in 0.32.0. Use 'KeyPoints.keypoint_confidence' instead.
  warn_deprecated(
/usr/local/lib/python3.12/dist-packages/supervision/key_points/core.py:308: SupervisionWarnings: 'KeyPoints.confidence' is deprecated since 0.29.0 and will be removed in 0.32.0. Use 'KeyPoints.keypoint_confidence' instead.
  warn_deprecated(
  2%|▏         | 18/750 [00:16<10:55,  1.12it/s]/usr/local/lib/python3.12/dist-packages/supervision/key_points/core.py:316: SupervisionWarnings: 'KeyPoints.confidence' is deprecated since 0.29.0 and will be removed in 0.32.0. Use 'KeyPoints.keypoint_confidence' instead.
  warn_deprecated(
/usr/local/lib/python3.12/dist-packages/supervision/key_points/core.py:308: SupervisionWarnings: 'KeyPoints.confidence' is deprecated since 0.29.0 and will be removed in 0.32.0. Use 'KeyPoints.keypoint_confidence' instead.
  warn_deprecated(
/usr/local/lib/python3.12/dist-packages/supervision/key_points/core.py:308: SupervisionWarnings: 'KeyPoints.confidence' is deprecated since 0.29.0 and will be removed in 0.32.0. Use 'KeyPoints.keypoint_confidence' instead.
  warn_deprecated(
/usr/local/lib/python3.12/dist-packages/supervision/key_points/core.py:308: SupervisionWarnings: 'KeyPoints.confidence' is deprecated since 0.29.0 and will be removed in 0.32.0. Use 'KeyPoints.keypoint_confidence' instead.
  warn_deprecated(
/usr/local/lib/python3.12/dist-packages/supervision/key_points/core.py:308: SupervisionWarnings: 'KeyPoints.confidence' is deprecated since 0.29.0 and will be removed in 0.32.0. Use 'KeyPoints.keypoint_confidence' instead.
  warn_deprecated(
  3%|▎         | 19/750 [00:17<12:06,  1.01it/s]/usr/local/lib/python3.12/dist-packages/supervision/key_points/core.py:316: SupervisionWarnings: 'KeyPoints.confidence' is deprecated since 0.29.0 and will be removed in 0.32.0. Use 'KeyPoints.keypoint_confidence' instead.
  warn_deprecated(
/usr/local/lib/python3.12/dist-packages/supervision/key_points/core.py:308: SupervisionWarnings: 'KeyPoints.confidence' is deprecated since 0.29.0 and will be removed in 0.32.0. Use 'KeyPoints.keypoint_confidence' instead.
  warn_deprecated(
/usr/local/lib/python3.12/dist-packages/supervision/key_points/core.py:308: SupervisionWarnings: 'KeyPoints.confidence' is deprecated since 0.29.0 and will be removed in 0.32.0. Use 'KeyPoints.keypoint_confidence' instead.
  warn_deprecated(
/usr/local/lib/python3.12/dist-packages/supervision/key_points/core.py:308: SupervisionWarnings: 'KeyPoints.confidence' is deprecated since 0.29.0 and will be removed in 0.32.0. Use 'KeyPoints.keypoint_confidence' instead.
  warn_deprecated(
/usr/local/lib/python3.12/dist-packages/supervision/key_points/core.py:308: SupervisionWarnings: 'KeyPoints.confidence' is deprecated since 0.29.0 and will be removed in 0.32.0. Use 'KeyPoints.keypoint_confidence' instead.
  warn_deprecated(
  3%|▎         | 20/750 [00:18<13:01,  1.07s/it]/usr/local/lib/python3.12/dist-packages/supervision/key_points/core.py:316: SupervisionWarnings: 'KeyPoints.confidence' is deprecated since 0.29.0 and will be removed in 0.32.0. Use 'KeyPoints.keypoint_confidence' instead.
  warn_deprecated(
/usr/local/lib/python3.12/dist-packages/supervision/key_points/core.py:308: SupervisionWarnings: 'KeyPoints.confidence' is deprecated since 0.29.0 and will be removed in 0.32.0. Use 'KeyPoints.keypoint_confidence' instead.
  warn_deprecated(
/usr/local/lib/python3.12/dist-packages/supervision/key_points/core.py:308: SupervisionWarnings: 'KeyPoints.confidence' is deprecated since 0.29.0 and will be removed in 0.32.0. Use 'KeyPoints.keypoint_confidence' instead.
  warn_deprecated(
/usr/local/lib/python3.12/dist-packages/supervision/key_points/core.py:308: SupervisionWarnings: 'KeyPoints.confidence' is deprecated since 0.29.0 and will be removed in 0.32.0. Use 'KeyPoints.keypoint_confidence' instead.
  warn_deprecated(
/usr/local/lib/python3.12/dist-packages/supervision/key_points/core.py:308: SupervisionWarnings: 'KeyPoints.confidence' is deprecated since 0.29.0 and will be removed in 0.32.0. Use 'KeyPoints.keypoint_confidence' instead.
  warn_deprecated(
  3%|▎         | 21/750 [00:19<11:51,  1.02it/s]/usr/local/lib/python3.12/dist-packages/supervision/key_points/core.py:316: SupervisionWarnings: 'KeyPoints.confidence' is deprecated since 0.29.0 and will be removed in 0.32.0. Use 'KeyPoints.keypoint_confidence' instead.
  warn_deprecated(
/usr/local/lib/python3.12/dist-packages/supervision/key_points/core.py:308: SupervisionWarnings: 'KeyPoints.confidence' is deprecated since 0.29.0 and will be removed in 0.32.0. Use 'KeyPoints.keypoint_confidence' instead.
  warn_deprecated(
/usr/local/lib/python3.12/dist-packages/supervision/key_points/core.py:308: SupervisionWarnings: 'KeyPoints.confidence' is deprecated since 0.29.0 and will be removed in 0.32.0. Use 'KeyPoints.keypoint_confidence' instead.
  warn_deprecated(
/usr/local/lib/python3.12/dist-packages/supervision/key_points/core.py:308: SupervisionWarnings: 'KeyPoints.confidence' is deprecated since 0.29.0 and will be removed in 0.32.0. Use 'KeyPoints.keypoint_confidence' instead.
  warn_deprecated(
/usr/local/lib/python3.12/dist-packages/supervision/key_points/core.py:308: SupervisionWarnings: 'KeyPoints.confidence' is deprecated since 0.29.0 and will be removed in 0.32.0. Use 'KeyPoints.keypoint_confidence' instead.
  warn_deprecated(
  3%|▎         | 22/750 [00:20<10:55,  1.11it/s]/usr/local/lib/python3.12/dist-packages/supervision/key_points/core.py:316: SupervisionWarnings: 'KeyPoints.confidence' is deprecated since 0.29.0 and will be removed in 0.32.0. Use 'KeyPoints.keypoint_confidence' instead.
  warn_deprecated(
/usr/local/lib/python3.12/dist-packages/supervision/key_points/core.py:308: SupervisionWarnings: 'KeyPoints.confidence' is deprecated since 0.29.0 and will be removed in 0.32.0. Use 'KeyPoints.keypoint_confidence' instead.
  warn_deprecated(
/usr/local/lib/python3.12/dist-packages/supervision/key_points/core.py:308: SupervisionWarnings: 'KeyPoints.confidence' is deprecated since 0.29.0 and will be removed in 0.32.0. Use 'KeyPoints.keypoint_confidence' instead.
  warn_deprecated(
/usr/local/lib/python3.12/dist-packages/supervision/key_points/core.py:308: SupervisionWarnings: 'KeyPoints.confidence' is deprecated since 0.29.0 and will be removed in 0.32.0. Use 'KeyPoints.keypoint_confidence' instead.
  warn_deprecated(
/usr/local/lib/python3.12/dist-packages/supervision/key_points/core.py:308: SupervisionWarnings: 'KeyPoints.confidence' is deprecated since 0.29.0 and will be removed in 0.32.0. Use 'KeyPoints.keypoint_confidence' instead.
  warn_deprecated(
  3%|▎         | 23/750 [00:21<11:18,  1.07it/s]/usr/local/lib/python3.12/dist-packages/supervision/key_points/core.py:316: SupervisionWarnings: 'KeyPoints.confidence' is deprecated since 0.29.0 and will be removed in 0.32.0. Use 'KeyPoints.keypoint_confidence' instead.
  warn_deprecated(
/usr/local/lib/python3.12/dist-packages/supervision/key_points/core.py:308: SupervisionWarnings: 'KeyPoints.confidence' is deprecated since 0.29.0 and will be removed in 0.32.0. Use 'KeyPoints.keypoint_confidence' instead.
  warn_deprecated(
/usr/local/lib/python3.12/dist-packages/supervision/key_points/core.py:308: SupervisionWarnings: 'KeyPoints.confidence' is deprecated since 0.29.0 and will be removed in 0.32.0. Use 'KeyPoints.keypoint_confidence' instead.
  warn_deprecated(
/usr/local/lib/python3.12/dist-packages/supervision/key_points/core.py:308: SupervisionWarnings: 'KeyPoints.confidence' is deprecated since 0.29.0 and will be removed in 0.32.0. Use 'KeyPoints.keypoint_confidence' instead.
  warn_deprecated(
/usr/local/lib/python3.12/dist-packages/supervision/key_points/core.py:308: SupervisionWarnings: 'KeyPoints.confidence' is deprecated since 0.29.0 and will be removed in 0.32.0. Use 'KeyPoints.keypoint_confidence' instead.
  warn_deprecated(
  3%|▎         | 24/750 [00:21<10:20,  1.17it/s]/usr/local/lib/python3.12/dist-packages/supervision/key_points/core.py:316: SupervisionWarnings: 'KeyPoints.confidence' is deprecated since 0.29.0 and will be removed in 0.32.0. Use 'KeyPoints.keypoint_confidence' instead.
  warn_deprecated(
/usr/local/lib/python3.12/dist-packages/supervision/key_points/core.py:308: SupervisionWarnings: 'KeyPoints.confidence' is deprecated since 0.29.0 and will be removed in 0.32.0. Use 'KeyPoints.keypoint_confidence' instead.
  warn_deprecated(
/usr/local/lib/python3.12/dist-packages/supervision/key_points/core.py:308: SupervisionWarnings: 'KeyPoints.confidence' is deprecated since 0.29.0 and will be removed in 0.32.0. Use 'KeyPoints.keypoint_confidence' instead.
  warn_deprecated(
/usr/local/lib/python3.12/dist-packages/supervision/key_points/core.py:308: SupervisionWarnings: 'KeyPoints.confidence' is deprecated since 0.29.0 and will be removed in 0.32.0. Use 'KeyPoints.keypoint_confidence' instead.
  warn_deprecated(
/usr/local/lib/python3.12/dist-packages/supervision/key_points/core.py:308: SupervisionWarnings: 'KeyPoints.confidence' is deprecated since 0.29.0 and will be removed in 0.32.0. Use 'KeyPoints.keypoint_confidence' instead.
  warn_deprecated(
  3%|▎         | 25/750 [00:22<10:47,  1.12it/s]/usr/local/lib/python3.12/dist-packages/supervision/key_points/core.py:316: SupervisionWarnings: 'KeyPoints.confidence' is deprecated since 0.29.0 and will be removed in 0.32.0. Use 'KeyPoints.keypoint_confidence' instead.
  warn_deprecated(
/usr/local/lib/python3.12/dist-packages/supervision/key_points/core.py:308: SupervisionWarnings: 'KeyPoints.confidence' is deprecated since 0.29.0 and will be removed in 0.32.0. Use 'KeyPoints.keypoint_confidence' instead.
  warn_deprecated(
/usr/local/lib/python3.12/dist-packages/supervision/key_points/core.py:308: SupervisionWarnings: 'KeyPoints.confidence' is deprecated since 0.29.0 and will be removed in 0.32.0. Use 'KeyPoints.keypoint_confidence' instead.
  warn_deprecated(
/usr/local/lib/python3.12/dist-packages/supervision/key_points/core.py:308: SupervisionWarnings: 'KeyPoints.confidence' is deprecated since 0.29.0 and will be removed in 0.32.0. Use 'KeyPoints.keypoint_confidence' instead.
  warn_deprecated(
/usr/local/lib/python3.12/dist-packages/supervision/key_points/core.py:308: SupervisionWarnings: 'KeyPoints.confidence' is deprecated since 0.29.0 and will be removed in 0.32.0. Use 'KeyPoints.keypoint_confidence' instead.
  warn_deprecated(
  3%|▎         | 26/750 [00:23<10:03,  1.20it/s]/usr/local/lib/python3.12/dist-packages/supervision/key_points/core.py:316: SupervisionWarnings: 'KeyPoints.confidence' is deprecated since 0.29.0 and will be removed in 0.32.0. Use 'KeyPoints.keypoint_confidence' instead.
  warn_deprecated(
/usr/local/lib/python3.12/dist-packages/supervision/key_points/core.py:308: SupervisionWarnings: 'KeyPoints.confidence' is deprecated since 0.29.0 and will be removed in 0.32.0. Use 'KeyPoints.keypoint_confidence' instead.
  warn_deprecated(
/usr/local/lib/python3.12/dist-packages/supervision/key_points/core.py:308: SupervisionWarnings: 'KeyPoints.confidence' is deprecated since 0.29.0 and will be removed in 0.32.0. Use 'KeyPoints.keypoint_confidence' instead.
  warn_deprecated(
/usr/local/lib/python3.12/dist-packages/supervision/key_points/core.py:308: SupervisionWarnings: 'KeyPoints.confidence' is deprecated since 0.29.0 and will be removed in 0.32.0. Use 'KeyPoints.keypoint_confidence' instead.
  warn_deprecated(
/usr/local/lib/python3.12/dist-packages/supervision/key_points/core.py:308: SupervisionWarnings: 'KeyPoints.confidence' is deprecated since 0.29.0 and will be removed in 0.32.0. Use 'KeyPoints.keypoint_confidence' instead.
  warn_deprecated(
  4%|▎         | 27/750 [00:24<09:28,  1.27it/s]/usr/local/lib/python3.12/dist-packages/supervision/key_points/core.py:316: SupervisionWarnings: 'KeyPoints.confidence' is deprecated since 0.29.0 and will be removed in 0.32.0. Use 'KeyPoints.keypoint_confidence' instead.
  warn_deprecated(
/usr/local/lib/python3.12/dist-packages/supervision/key_points/core.py:308: SupervisionWarnings: 'KeyPoints.confidence' is deprecated since 0.29.0 and will be removed in 0.32.0. Use 'KeyPoints.keypoint_confidence' instead.
  warn_deprecated(
/usr/local/lib/python3.12/dist-packages/supervision/key_points/core.py:308: SupervisionWarnings: 'KeyPoints.confidence' is deprecated since 0.29.0 and will be removed in 0.32.0. Use 'KeyPoints.keypoint_confidence' instead.
  warn_deprecated(
/usr/local/lib/python3.12/dist-packages/supervision/key_points/core.py:308: SupervisionWarnings: 'KeyPoints.confidence' is deprecated since 0.29.0 and will be removed in 0.32.0. Use 'KeyPoints.keypoint_confidence' instead.
  warn_deprecated(
/usr/local/lib/python3.12/dist-packages/supervision/key_points/core.py:308: SupervisionWarnings: 'KeyPoints.confidence' is deprecated since 0.29.0 and will be removed in 0.32.0. Use 'KeyPoints.keypoint_confidence' instead.
  warn_deprecated(
  4%|▎         | 28/750 [00:24<09:06,  1.32it/s]/usr/local/lib/python3.12/dist-packages/supervision/key_points/core.py:316: SupervisionWarnings: 'KeyPoints.confidence' is deprecated since 0.29.0 and will be removed in 0.32.0. Use 'KeyPoints.keypoint_confidence' instead.
  warn_deprecated(
/usr/local/lib/python3.12/dist-packages/supervision/key_points/core.py:308: SupervisionWarnings: 'KeyPoints.confidence' is deprecated since 0.29.0 and will be removed in 0.32.0. Use 'KeyPoints.keypoint_confidence' instead.
  warn_deprecated(
/usr/local/lib/python3.12/dist-packages/supervision/key_points/core.py:308: SupervisionWarnings: 'KeyPoints.confidence' is deprecated since 0.29.0 and will be removed in 0.32.0. Use 'KeyPoints.keypoint_confidence' instead.
  warn_deprecated(
/usr/local/lib/python3.12/dist-packages/supervision/key_points/core.py:308: SupervisionWarnings: 'KeyPoints.confidence' is deprecated since 0.29.0 and will be removed in 0.32.0. Use 'KeyPoints.keypoint_confidence' instead.
  warn_deprecated(
/usr/local/lib/python3.12/dist-packages/supervision/key_points/core.py:308: SupervisionWarnings: 'KeyPoints.confidence' is deprecated since 0.29.0 and will be removed in 0.32.0. Use 'KeyPoints.keypoint_confidence' instead.
  warn_deprecated(
  4%|▍         | 29/750 [00:25<08:40,  1.38it/s]/usr/local/lib/python3.12/dist-packages/supervision/key_points/core.py:316: SupervisionWarnings: 'KeyPoints.confidence' is deprecated since 0.29.0 and will be removed in 0.32.0. Use 'KeyPoints.keypoint_confidence' instead.
  warn_deprecated(
/usr/local/lib/python3.12/dist-packages/supervision/key_points/core.py:308: SupervisionWarnings: 'KeyPoints.confidence' is deprecated since 0.29.0 and will be removed in 0.32.0. Use 'KeyPoints.keypoint_confidence' instead.
  warn_deprecated(
/usr/local/lib/python3.12/dist-packages/supervision/key_points/core.py:308: SupervisionWarnings: 'KeyPoints.confidence' is deprecated since 0.29.0 and will be removed in 0.32.0. Use 'KeyPoints.keypoint_confidence' instead.
  warn_deprecated(
/usr/local/lib/python3.12/dist-packages/supervision/key_points/core.py:308: SupervisionWarnings: 'KeyPoints.confidence' is deprecated since 0.29.0 and will be removed in 0.32.0. Use 'KeyPoints.keypoint_confidence' instead.
  warn_deprecated(
/usr/local/lib/python3.12/dist-packages/supervision/key_points/core.py:308: SupervisionWarnings: 'KeyPoints.confidence' is deprecated since 0.29.0 and will be removed in 0.32.0. Use 'KeyPoints.keypoint_confidence' instead.
  warn_deprecated(
  4%|▍         | 30/750 [00:26<08:29,  1.41it/s]/usr/local/lib/python3.12/dist-packages/supervision/key_points/core.py:316: SupervisionWarnings: 'KeyPoints.confidence' is deprecated since 0.29.0 and will be removed in 0.32.0. Use 'KeyPoints.keypoint_confidence' instead.
  warn_deprecated(
/usr/local/lib/python3.12/dist-packages/supervision/key_points/core.py:308: SupervisionWarnings: 'KeyPoints.confidence' is deprecated since 0.29.0 and will be removed in 0.32.0. Use 'KeyPoints.keypoint_confidence' instead.
  warn_deprecated(
/usr/local/lib/python3.12/dist-packages/supervision/key_points/core.py:308: SupervisionWarnings: 'KeyPoints.confidence' is deprecated since 0.29.0 and will be removed in 0.32.0. Use 'KeyPoints.keypoint_confidence' instead.
  warn_deprecated(
/usr/local/lib/python3.12/dist-packages/supervision/key_points/core.py:308: SupervisionWarnings: 'KeyPoints.confidence' is deprecated since 0.29.0 and will be removed in 0.32.0. Use 'KeyPoints.keypoint_confidence' instead.
  warn_deprecated(
/usr/local/lib/python3.12/dist-packages/supervision/key_points/core.py:308: SupervisionWarnings: 'KeyPoints.confidence' is deprecated since 0.29.0 and will be removed in 0.32.0. Use 'KeyPoints.keypoint_confidence' instead.
  warn_deprecated(
  4%|▍         | 31/750 [00:26<08:21,  1.44it/s]/usr/local/lib/python3.12/dist-packages/supervision/key_points/core.py:316: SupervisionWarnings: 'KeyPoints.confidence' is deprecated since 0.29.0 and will be removed in 0.32.0. Use 'KeyPoints.keypoint_confidence' instead.
  warn_deprecated(
/usr/local/lib/python3.12/dist-packages/supervision/key_points/core.py:308: SupervisionWarnings: 'KeyPoints.confidence' is deprecated since 0.29.0 and will be removed in 0.32.0. Use 'KeyPoints.keypoint_confidence' instead.
  warn_deprecated(
/usr/local/lib/python3.12/dist-packages/supervision/key_points/core.py:308: SupervisionWarnings: 'KeyPoints.confidence' is deprecated since 0.29.0 and will be removed in 0.32.0. Use 'KeyPoints.keypoint_confidence' instead.
  warn_deprecated(
/usr/local/lib/python3.12/dist-packages/supervision/key_points/core.py:308: SupervisionWarnings: 'KeyPoints.confidence' is deprecated since 0.29.0 and will be removed in 0.32.0. Use 'KeyPoints.keypoint_confidence' instead.
  warn_deprecated(
/usr/local/lib/python3.12/dist-packages/supervision/key_points/core.py:308: SupervisionWarnings: 'KeyPoints.confidence' is deprecated since 0.29.0 and will be removed in 0.32.0. Use 'KeyPoints.keypoint_confidence' instead.
  warn_deprecated(
  4%|▍         | 32/750 [00:27<08:14,  1.45it/s]/usr/local/lib/python3.12/dist-packages/supervision/key_points/core.py:316: SupervisionWarnings: 'KeyPoints.confidence' is deprecated since 0.29.0 and will be removed in 0.32.0. Use 'KeyPoints.keypoint_confidence' instead.
  warn_deprecated(
/usr/local/lib/python3.12/dist-packages/supervision/key_points/core.py:308: SupervisionWarnings: 'KeyPoints.confidence' is deprecated since 0.29.0 and will be removed in 0.32.0. Use 'KeyPoints.keypoint_confidence' instead.
  warn_deprecated(
/usr/local/lib/python3.12/dist-packages/supervision/key_points/core.py:308: SupervisionWarnings: 'KeyPoints.confidence' is deprecated since 0.29.0 and will be removed in 0.32.0. Use 'KeyPoints.keypoint_confidence' instead.
  warn_deprecated(
/usr/local/lib/python3.12/dist-packages/supervision/key_points/core.py:308: SupervisionWarnings: 'KeyPoints.confidence' is deprecated since 0.29.0 and will be removed in 0.32.0. Use 'KeyPoints.keypoint_confidence' instead.
  warn_deprecated(
/usr/local/lib/python3.12/dist-packages/supervision/key_points/core.py:308: SupervisionWarnings: 'KeyPoints.confidence' is deprecated since 0.29.0 and will be removed in 0.32.0. Use 'KeyPoints.keypoint_confidence' instead.
  warn_deprecated(
  4%|▍         | 33/750 [00:28<09:34,  1.25it/s]/usr/local/lib/python3.12/dist-packages/supervision/key_points/core.py:316: SupervisionWarnings: 'KeyPoints.confidence' is deprecated since 0.29.0 and will be removed in 0.32.0. Use 'KeyPoints.keypoint_confidence' instead.
  warn_deprecated(
/usr/local/lib/python3.12/dist-packages/supervision/key_points/core.py:308: SupervisionWarnings: 'KeyPoints.confidence' is deprecated since 0.29.0 and will be removed in 0.32.0. Use 'KeyPoints.keypoint_confidence' instead.
  warn_deprecated(
/usr/local/lib/python3.12/dist-packages/supervision/key_points/core.py:308: SupervisionWarnings: 'KeyPoints.confidence' is deprecated since 0.29.0 and will be removed in 0.32.0. Use 'KeyPoints.keypoint_confidence' instead.
  warn_deprecated(
/usr/local/lib/python3.12/dist-packages/supervision/key_points/core.py:308: SupervisionWarnings: 'KeyPoints.confidence' is deprecated since 0.29.0 and will be removed in 0.32.0. Use 'KeyPoints.keypoint_confidence' instead.
  warn_deprecated(
/usr/local/lib/python3.12/dist-packages/supervision/key_points/core.py:308: SupervisionWarnings: 'KeyPoints.confidence' is deprecated since 0.29.0 and will be removed in 0.32.0. Use 'KeyPoints.keypoint_confidence' instead.
  warn_deprecated(
  5%|▍         | 34/750 [00:29<10:37,  1.12it/s]/usr/local/lib/python3.12/dist-packages/supervision/key_points/core.py:316: SupervisionWarnings: 'KeyPoints.confidence' is deprecated since 0.29.0 and will be removed in 0.32.0. Use 'KeyPoints.keypoint_confidence' instead.
  warn_deprecated(
/usr/local/lib/python3.12/dist-packages/supervision/key_points/core.py:308: SupervisionWarnings: 'KeyPoints.confidence' is deprecated since 0.29.0 and will be removed in 0.32.0. Use 'KeyPoints.keypoint_confidence' instead.
  warn_deprecated(
/usr/local/lib/python3.12/dist-packages/supervision/key_points/core.py:308: SupervisionWarnings: 'KeyPoints.confidence' is deprecated since 0.29.0 and will be removed in 0.32.0. Use 'KeyPoints.keypoint_confidence' instead.
  warn_deprecated(
/usr/local/lib/python3.12/dist-packages/supervision/key_points/core.py:308: SupervisionWarnings: 'KeyPoints.confidence' is deprecated since 0.29.0 and will be removed in 0.32.0. Use 'KeyPoints.keypoint_confidence' instead.
  warn_deprecated(
/usr/local/lib/python3.12/dist-packages/supervision/key_points/core.py:308: SupervisionWarnings: 'KeyPoints.confidence' is deprecated since 0.29.0 and will be removed in 0.32.0. Use 'KeyPoints.keypoint_confidence' instead.
  warn_deprecated(
  5%|▍         | 35/750 [00:31<12:04,  1.01s/it]/usr/local/lib/python3.12/dist-packages/supervision/key_points/core.py:316: SupervisionWarnings: 'KeyPoints.confidence' is deprecated since 0.29.0 and will be removed in 0.32.0. Use 'KeyPoints.keypoint_confidence' instead.
  warn_deprecated(
/usr/local/lib/python3.12/dist-packages/supervision/key_points/core.py:308: SupervisionWarnings: 'KeyPoints.confidence' is deprecated since 0.29.0 and will be removed in 0.32.0. Use 'KeyPoints.keypoint_confidence' instead.
  warn_deprecated(
/usr/local/lib/python3.12/dist-packages/supervision/key_points/core.py:308: SupervisionWarnings: 'KeyPoints.confidence' is deprecated since 0.29.0 and will be removed in 0.32.0. Use 'KeyPoints.keypoint_confidence' instead.
  warn_deprecated(
/usr/local/lib/python3.12/dist-packages/supervision/key_points/core.py:308: SupervisionWarnings: 'KeyPoints.confidence' is deprecated since 0.29.0 and will be removed in 0.32.0. Use 'KeyPoints.keypoint_confidence' instead.
  warn_deprecated(
/usr/local/lib/python3.12/dist-packages/supervision/key_points/core.py:308: SupervisionWarnings: 'KeyPoints.confidence' is deprecated since 0.29.0 and will be removed in 0.32.0. Use 'KeyPoints.keypoint_confidence' instead.
  warn_deprecated(
  5%|▍         | 36/750 [00:31<11:34,  1.03it/s]/usr/local/lib/python3.12/dist-packages/supervision/key_points/core.py:316: SupervisionWarnings: 'KeyPoints.confidence' is deprecated since 0.29.0 and will be removed in 0.32.0. Use 'KeyPoints.keypoint_confidence' instead.
  warn_deprecated(
/usr/local/lib/python3.12/dist-packages/supervision/key_points/core.py:308: SupervisionWarnings: 'KeyPoints.confidence' is deprecated since 0.29.0 and will be removed in 0.32.0. Use 'KeyPoints.keypoint_confidence' instead.
  warn_deprecated(
/usr/local/lib/python3.12/dist-packages/supervision/key_points/core.py:308: SupervisionWarnings: 'KeyPoints.confidence' is deprecated since 0.29.0 and will be removed in 0.32.0. Use 'KeyPoints.keypoint_confidence' instead.
  warn_deprecated(
/usr/local/lib/python3.12/dist-packages/supervision/key_points/core.py:308: SupervisionWarnings: 'KeyPoints.confidence' is deprecated since 0.29.0 and will be removed in 0.32.0. Use 'KeyPoints.keypoint_confidence' instead.
  warn_deprecated(
/usr/local/lib/python3.12/dist-packages/supervision/key_points/core.py:308: SupervisionWarnings: 'KeyPoints.confidence' is deprecated since 0.29.0 and will be removed in 0.32.0. Use 'KeyPoints.keypoint_confidence' instead.
  warn_deprecated(
  5%|▍         | 37/750 [00:32<11:21,  1.05it/s]/usr/local/lib/python3.12/dist-packages/supervision/key_points/core.py:316: SupervisionWarnings: 'KeyPoints.confidence' is deprecated since 0.29.0 and will be removed in 0.32.0. Use 'KeyPoints.keypoint_confidence' instead.
  warn_deprecated(
/usr/local/lib/python3.12/dist-packages/supervision/key_points/core.py:308: SupervisionWarnings: 'KeyPoints.confidence' is deprecated since 0.29.0 and will be removed in 0.32.0. Use 'KeyPoints.keypoint_confidence' instead.
  warn_deprecated(
/usr/local/lib/python3.12/dist-packages/supervision/key_points/core.py:308: SupervisionWarnings: 'KeyPoints.confidence' is deprecated since 0.29.0 and will be removed in 0.32.0. Use 'KeyPoints.keypoint_confidence' instead.
  warn_deprecated(
/usr/local/lib/python3.12/dist-packages/supervision/key_points/core.py:308: SupervisionWarnings: 'KeyPoints.confidence' is deprecated since 0.29.0 and will be removed in 0.32.0. Use 'KeyPoints.keypoint_confidence' instead.
  warn_deprecated(
/usr/local/lib/python3.12/dist-packages/supervision/key_points/core.py:308: SupervisionWarnings: 'KeyPoints.confidence' is deprecated since 0.29.0 and will be removed in 0.32.0. Use 'KeyPoints.keypoint_confidence' instead.
  warn_deprecated(
  5%|▌         | 38/750 [00:33<10:47,  1.10it/s]/usr/local/lib/python3.12/dist-packages/supervision/key_points/core.py:316: SupervisionWarnings: 'KeyPoints.confidence' is deprecated since 0.29.0 and will be removed in 0.32.0. Use 'KeyPoints.keypoint_confidence' instead.
  warn_deprecated(
/usr/local/lib/python3.12/dist-packages/supervision/key_points/core.py:308: SupervisionWarnings: 'KeyPoints.confidence' is deprecated since 0.29.0 and will be removed in 0.32.0. Use 'KeyPoints.keypoint_confidence' instead.
  warn_deprecated(
/usr/local/lib/python3.12/dist-packages/supervision/key_points/core.py:308: SupervisionWarnings: 'KeyPoints.confidence' is deprecated since 0.29.0 and will be removed in 0.32.0. Use 'KeyPoints.keypoint_confidence' instead.
  warn_deprecated(
/usr/local/lib/python3.12/dist-packages/supervision/key_points/core.py:308: SupervisionWarnings: 'KeyPoints.confidence' is deprecated since 0.29.0 and will be removed in 0.32.0. Use 'KeyPoints.keypoint_confidence' instead.
  warn_deprecated(
/usr/local/lib/python3.12/dist-packages/supervision/key_points/core.py:308: SupervisionWarnings: 'KeyPoints.confidence' is deprecated since 0.29.0 and will be removed in 0.32.0. Use 'KeyPoints.keypoint_confidence' instead.
  warn_deprecated(
  5%|▌         | 39/750 [00:34<09:48,  1.21it/s]/usr/local/lib/python3.12/dist-packages/supervision/key_points/core.py:316: SupervisionWarnings: 'KeyPoints.confidence' is deprecated since 0.29.0 and will be removed in 0.32.0. Use 'KeyPoints.keypoint_confidence' instead.
  warn_deprecated(
/usr/local/lib/python3.12/dist-packages/supervision/key_points/core.py:308: SupervisionWarnings: 'KeyPoints.confidence' is deprecated since 0.29.0 and will be removed in 0.32.0. Use 'KeyPoints.keypoint_confidence' instead.
  warn_deprecated(
/usr/local/lib/python3.12/dist-packages/supervision/key_points/core.py:308: SupervisionWarnings: 'KeyPoints.confidence' is deprecated since 0.29.0 and will be removed in 0.32.0. Use 'KeyPoints.keypoint_confidence' instead.
  warn_deprecated(
/usr/local/lib/python3.12/dist-packages/supervision/key_points/core.py:308: SupervisionWarnings: 'KeyPoints.confidence' is deprecated since 0.29.0 and will be removed in 0.32.0. Use 'KeyPoints.keypoint_confidence' instead.
  warn_deprecated(
/usr/local/lib/python3.12/dist-packages/supervision/key_points/core.py:308: SupervisionWarnings: 'KeyPoints.confidence' is deprecated since 0.29.0 and will be removed in 0.32.0. Use 'KeyPoints.keypoint_confidence' instead.
  warn_deprecated(
  5%|▌         | 40/750 [00:34<09:14,  1.28it/s]/usr/local/lib/python3.12/dist-packages/supervision/key_points/core.py:316: SupervisionWarnings: 'KeyPoints.confidence' is deprecated since 0.29.0 and will be removed in 0.32.0. Use 'KeyPoints.keypoint_confidence' instead.
  warn_deprecated(
/usr/local/lib/python3.12/dist-packages/supervision/key_points/core.py:308: SupervisionWarnings: 'KeyPoints.confidence' is deprecated since 0.29.0 and will be removed in 0.32.0. Use 'KeyPoints.keypoint_confidence' instead.
  warn_deprecated(
/usr/local/lib/python3.12/dist-packages/supervision/key_points/core.py:308: SupervisionWarnings: 'KeyPoints.confidence' is deprecated since 0.29.0 and will be removed in 0.32.0. Use 'KeyPoints.keypoint_confidence' instead.
  warn_deprecated(
/usr/local/lib/python3.12/dist-packages/supervision/key_points/core.py:308: SupervisionWarnings: 'KeyPoints.confidence' is deprecated since 0.29.0 and will be removed in 0.32.0. Use 'KeyPoints.keypoint_confidence' instead.
  warn_deprecated(
/usr/local/lib/python3.12/dist-packages/supervision/key_points/core.py:308: SupervisionWarnings: 'KeyPoints.confidence' is deprecated since 0.29.0 and will be removed in 0.32.0. Use 'KeyPoints.keypoint_confidence' instead.
  warn_deprecated(
  5%|▌         | 41/750 [00:35<08:54,  1.33it/s]/usr/local/lib/python3.12/dist-packages/supervision/key_points/core.py:316: SupervisionWarnings: 'KeyPoints.confidence' is deprecated since 0.29.0 and will be removed in 0.32.0. Use 'KeyPoints.keypoint_confidence' instead.
  warn_deprecated(
/usr/local/lib/python3.12/dist-packages/supervision/key_points/core.py:308: SupervisionWarnings: 'KeyPoints.confidence' is deprecated since 0.29.0 and will be removed in 0.32.0. Use 'KeyPoints.keypoint_confidence' instead.
  warn_deprecated(
/usr/local/lib/python3.12/dist-packages/supervision/key_points/core.py:308: SupervisionWarnings: 'KeyPoints.confidence' is deprecated since 0.29.0 and will be removed in 0.32.0. Use 'KeyPoints.keypoint_confidence' instead.
  warn_deprecated(
/usr/local/lib/python3.12/dist-packages/supervision/key_points/core.py:308: SupervisionWarnings: 'KeyPoints.confidence' is deprecated since 0.29.0 and will be removed in 0.32.0. Use 'KeyPoints.keypoint_confidence' instead.
  warn_deprecated(
/usr/local/lib/python3.12/dist-packages/supervision/key_points/core.py:308: SupervisionWarnings: 'KeyPoints.confidence' is deprecated since 0.29.0 and will be removed in 0.32.0. Use 'KeyPoints.keypoint_confidence' instead.
  warn_deprecated(
  6%|▌         | 42/750 [00:36<09:46,  1.21it/s]/usr/local/lib/python3.12/dist-packages/supervision/key_points/core.py:316: SupervisionWarnings: 'KeyPoints.confidence' is deprecated since 0.29.0 and will be removed in 0.32.0. Use 'KeyPoints.keypoint_confidence' instead.
  warn_deprecated(
/usr/local/lib/python3.12/dist-packages/supervision/key_points/core.py:308: SupervisionWarnings: 'KeyPoints.confidence' is deprecated since 0.29.0 and will be removed in 0.32.0. Use 'KeyPoints.keypoint_confidence' instead.
  warn_deprecated(
/usr/local/lib/python3.12/dist-packages/supervision/key_points/core.py:308: SupervisionWarnings: 'KeyPoints.confidence' is deprecated since 0.29.0 and will be removed in 0.32.0. Use 'KeyPoints.keypoint_confidence' instead.
  warn_deprecated(
/usr/local/lib/python3.12/dist-packages/supervision/key_points/core.py:308: SupervisionWarnings: 'KeyPoints.confidence' is deprecated since 0.29.0 and will be removed in 0.32.0. Use 'KeyPoints.keypoint_confidence' instead.
  warn_deprecated(
/usr/local/lib/python3.12/dist-packages/supervision/key_points/core.py:308: SupervisionWarnings: 'KeyPoints.confidence' is deprecated since 0.29.0 and will be removed in 0.32.0. Use 'KeyPoints.keypoint_confidence' instead.
  warn_deprecated(
  6%|▌         | 43/750 [00:37<10:22,  1.14it/s]/usr/local/lib/python3.12/dist-packages/supervision/key_points/core.py:316: SupervisionWarnings: 'KeyPoints.confidence' is deprecated since 0.29.0 and will be removed in 0.32.0. Use 'KeyPoints.keypoint_confidence' instead.
  warn_deprecated(
/usr/local/lib/python3.12/dist-packages/supervision/key_points/core.py:308: SupervisionWarnings: 'KeyPoints.confidence' is deprecated since 0.29.0 and will be removed in 0.32.0. Use 'KeyPoints.keypoint_confidence' instead.
  warn_deprecated(
/usr/local/lib/python3.12/dist-packages/supervision/key_points/core.py:308: SupervisionWarnings: 'KeyPoints.confidence' is deprecated since 0.29.0 and will be removed in 0.32.0. Use 'KeyPoints.keypoint_confidence' instead.
  warn_deprecated(
/usr/local/lib/python3.12/dist-packages/supervision/key_points/core.py:308: SupervisionWarnings: 'KeyPoints.confidence' is deprecated since 0.29.0 and will be removed in 0.32.0. Use 'KeyPoints.keypoint_confidence' instead.
  warn_deprecated(
/usr/local/lib/python3.12/dist-packages/supervision/key_points/core.py:308: SupervisionWarnings: 'KeyPoints.confidence' is deprecated since 0.29.0 and will be removed in 0.32.0. Use 'KeyPoints.keypoint_confidence' instead.
  warn_deprecated(
  6%|▌         | 44/750 [00:38<10:49,  1.09it/s]/usr/local/lib/python3.12/dist-packages/supervision/key_points/core.py:316: SupervisionWarnings: 'KeyPoints.confidence' is deprecated since 0.29.0 and will be removed in 0.32.0. Use 'KeyPoints.keypoint_confidence' instead.
  warn_deprecated(
/usr/local/lib/python3.12/dist-packages/supervision/key_points/core.py:308: SupervisionWarnings: 'KeyPoints.confidence' is deprecated since 0.29.0 and will be removed in 0.32.0. Use 'KeyPoints.keypoint_confidence' instead.
  warn_deprecated(
/usr/local/lib/python3.12/dist-packages/supervision/key_points/core.py:308: SupervisionWarnings: 'KeyPoints.confidence' is deprecated since 0.29.0 and will be removed in 0.32.0. Use 'KeyPoints.keypoint_confidence' instead.
  warn_deprecated(
/usr/local/lib/python3.12/dist-packages/supervision/key_points/core.py:308: SupervisionWarnings: 'KeyPoints.confidence' is deprecated since 0.29.0 and will be removed in 0.32.0. Use 'KeyPoints.keypoint_confidence' instead.
  warn_deprecated(
/usr/local/lib/python3.12/dist-packages/supervision/key_points/core.py:308: SupervisionWarnings: 'KeyPoints.confidence' is deprecated since 0.29.0 and will be removed in 0.32.0. Use 'KeyPoints.keypoint_confidence' instead.
  warn_deprecated(
  6%|▌         | 45/750 [00:39<09:54,  1.19it/s]/usr/local/lib/python3.12/dist-packages/supervision/key_points/core.py:316: SupervisionWarnings: 'KeyPoints.confidence' is deprecated since 0.29.0 and will be removed in 0.32.0. Use 'KeyPoints.keypoint_confidence' instead.
  warn_deprecated(
/usr/local/lib/python3.12/dist-packages/supervision/key_points/core.py:308: SupervisionWarnings: 'KeyPoints.confidence' is deprecated since 0.29.0 and will be removed in 0.32.0. Use 'KeyPoints.keypoint_confidence' instead.
  warn_deprecated(
/usr/local/lib/python3.12/dist-packages/supervision/key_points/core.py:308: SupervisionWarnings: 'KeyPoints.confidence' is deprecated since 0.29.0 and will be removed in 0.32.0. Use 'KeyPoints.keypoint_confidence' instead.
  warn_deprecated(
/usr/local/lib/python3.12/dist-packages/supervision/key_points/core.py:308: SupervisionWarnings: 'KeyPoints.confidence' is deprecated since 0.29.0 and will be removed in 0.32.0. Use 'KeyPoints.keypoint_confidence' instead.
  warn_deprecated(
/usr/local/lib/python3.12/dist-packages/supervision/key_points/core.py:308: SupervisionWarnings: 'KeyPoints.confidence' is deprecated since 0.29.0 and will be removed in 0.32.0. Use 'KeyPoints.keypoint_confidence' instead.
  warn_deprecated(
  6%|▌         | 46/750 [00:40<09:20,  1.25it/s]/usr/local/lib/python3.12/dist-packages/supervision/key_points/core.py:316: SupervisionWarnings: 'KeyPoints.confidence' is deprecated since 0.29.0 and will be removed in 0.32.0. Use 'KeyPoints.keypoint_confidence' instead.
  warn_deprecated(
/usr/local/lib/python3.12/dist-packages/supervision/key_points/core.py:308: SupervisionWarnings: 'KeyPoints.confidence' is deprecated since 0.29.0 and will be removed in 0.32.0. Use 'KeyPoints.keypoint_confidence' instead.
  warn_deprecated(
/usr/local/lib/python3.12/dist-packages/supervision/key_points/core.py:308: SupervisionWarnings: 'KeyPoints.confidence' is deprecated since 0.29.0 and will be removed in 0.32.0. Use 'KeyPoints.keypoint_confidence' instead.
  warn_deprecated(
/usr/local/lib/python3.12/dist-packages/supervision/key_points/core.py:308: SupervisionWarnings: 'KeyPoints.confidence' is deprecated since 0.29.0 and will be removed in 0.32.0. Use 'KeyPoints.keypoint_confidence' instead.
  warn_deprecated(
/usr/local/lib/python3.12/dist-packages/supervision/key_points/core.py:308: SupervisionWarnings: 'KeyPoints.confidence' is deprecated since 0.29.0 and will be removed in 0.32.0. Use 'KeyPoints.keypoint_confidence' instead.
  warn_deprecated(
  6%|▋         | 47/750 [00:40<08:51,  1.32it/s]/usr/local/lib/python3.12/dist-packages/supervision/key_points/core.py:316: SupervisionWarnings: 'KeyPoints.confidence' is deprecated since 0.29.0 and will be removed in 0.32.0. Use 'KeyPoints.keypoint_confidence' instead.
  warn_deprecated(
/usr/local/lib/python3.12/dist-packages/supervision/key_points/core.py:308: SupervisionWarnings: 'KeyPoints.confidence' is deprecated since 0.29.0 and will be removed in 0.32.0. Use 'KeyPoints.keypoint_confidence' instead.
  warn_deprecated(
/usr/local/lib/python3.12/dist-packages/supervision/key_points/core.py:308: SupervisionWarnings: 'KeyPoints.confidence' is deprecated since 0.29.0 and will be removed in 0.32.0. Use 'KeyPoints.keypoint_confidence' instead.
  warn_deprecated(
/usr/local/lib/python3.12/dist-packages/supervision/key_points/core.py:308: SupervisionWarnings: 'KeyPoints.confidence' is deprecated since 0.29.0 and will be removed in 0.32.0. Use 'KeyPoints.keypoint_confidence' instead.
  warn_deprecated(
/usr/local/lib/python3.12/dist-packages/supervision/key_points/core.py:308: SupervisionWarnings: 'KeyPoints.confidence' is deprecated since 0.29.0 and will be removed in 0.32.0. Use 'KeyPoints.keypoint_confidence' instead.
  warn_deprecated(
  6%|▋         | 48/750 [00:41<09:44,  1.20it/s]/usr/local/lib/python3.12/dist-packages/supervision/key_points/core.py:316: SupervisionWarnings: 'KeyPoints.confidence' is deprecated since 0.29.0 and will be removed in 0.32.0. Use 'KeyPoints.keypoint_confidence' instead.
  warn_deprecated(
/usr/local/lib/python3.12/dist-packages/supervision/key_points/core.py:308: SupervisionWarnings: 'KeyPoints.confidence' is deprecated since 0.29.0 and will be removed in 0.32.0. Use 'KeyPoints.keypoint_confidence' instead.
  warn_deprecated(
/usr/local/lib/python3.12/dist-packages/supervision/key_points/core.py:308: SupervisionWarnings: 'KeyPoints.confidence' is deprecated since 0.29.0 and will be removed in 0.32.0. Use 'KeyPoints.keypoint_confidence' instead.
  warn_deprecated(
/usr/local/lib/python3.12/dist-packages/supervision/key_points/core.py:308: SupervisionWarnings: 'KeyPoints.confidence' is deprecated since 0.29.0 and will be removed in 0.32.0. Use 'KeyPoints.keypoint_confidence' instead.
  warn_deprecated(
/usr/local/lib/python3.12/dist-packages/supervision/key_points/core.py:308: SupervisionWarnings: 'KeyPoints.confidence' is deprecated since 0.29.0 and will be removed in 0.32.0. Use 'KeyPoints.keypoint_confidence' instead.
  warn_deprecated(
  7%|▋         | 49/750 [00:42<09:14,  1.26it/s]/usr/local/lib/python3.12/dist-packages/supervision/key_points/core.py:316: SupervisionWarnings: 'KeyPoints.confidence' is deprecated since 0.29.0 and will be removed in 0.32.0. Use 'KeyPoints.keypoint_confidence' instead.
  warn_deprecated(
/usr/local/lib/python3.12/dist-packages/supervision/key_points/core.py:308: SupervisionWarnings: 'KeyPoints.confidence' is deprecated since 0.29.0 and will be removed in 0.32.0. Use 'KeyPoints.keypoint_confidence' instead.
  warn_deprecated(
/usr/local/lib/python3.12/dist-packages/supervision/key_points/core.py:308: SupervisionWarnings: 'KeyPoints.confidence' is deprecated since 0.29.0 and will be removed in 0.32.0. Use 'KeyPoints.keypoint_confidence' instead.
  warn_deprecated(
/usr/local/lib/python3.12/dist-packages/supervision/key_points/core.py:308: SupervisionWarnings: 'KeyPoints.confidence' is deprecated since 0.29.0 and will be removed in 0.32.0. Use 'KeyPoints.keypoint_confidence' instead.
  warn_deprecated(
/usr/local/lib/python3.12/dist-packages/supervision/key_points/core.py:308: SupervisionWarnings: 'KeyPoints.confidence' is deprecated since 0.29.0 and will be removed in 0.32.0. Use 'KeyPoints.keypoint_confidence' instead.
  warn_deprecated(
  7%|▋         | 50/750 [00:43<10:03,  1.16it/s]/usr/local/lib/python3.12/dist-packages/supervision/key_points/core.py:316: SupervisionWarnings: 'KeyPoints.confidence' is deprecated since 0.29.0 and will be removed in 0.32.0. Use 'KeyPoints.keypoint_confidence' instead.
  warn_deprecated(
/usr/local/lib/python3.12/dist-packages/supervision/key_points/core.py:308: SupervisionWarnings: 'KeyPoints.confidence' is deprecated since 0.29.0 and will be removed in 0.32.0. Use 'KeyPoints.keypoint_confidence' instead.
  warn_deprecated(
/usr/local/lib/python3.12/dist-packages/supervision/key_points/core.py:308: SupervisionWarnings: 'KeyPoints.confidence' is deprecated since 0.29.0 and will be removed in 0.32.0. Use 'KeyPoints.keypoint_confidence' instead.
  warn_deprecated(
/usr/local/lib/python3.12/dist-packages/supervision/key_points/core.py:308: SupervisionWarnings: 'KeyPoints.confidence' is deprecated since 0.29.0 and will be removed in 0.32.0. Use 'KeyPoints.keypoint_confidence' instead.
  warn_deprecated(
/usr/local/lib/python3.12/dist-packages/supervision/key_points/core.py:308: SupervisionWarnings: 'KeyPoints.confidence' is deprecated since 0.29.0 and will be removed in 0.32.0. Use 'KeyPoints.keypoint_confidence' instead.
  warn_deprecated(
  7%|▋         | 51/750 [00:44<11:12,  1.04it/s]/usr/local/lib/python3.12/dist-packages/supervision/key_points/core.py:316: SupervisionWarnings: 'KeyPoints.confidence' is deprecated since 0.29.0 and will be removed in 0.32.0. Use 'KeyPoints.keypoint_confidence' instead.
  warn_deprecated(
/usr/local/lib/python3.12/dist-packages/supervision/key_points/core.py:308: SupervisionWarnings: 'KeyPoints.confidence' is deprecated since 0.29.0 and will be removed in 0.32.0. Use 'KeyPoints.keypoint_confidence' instead.
  warn_deprecated(
/usr/local/lib/python3.12/dist-packages/supervision/key_points/core.py:308: SupervisionWarnings: 'KeyPoints.confidence' is deprecated since 0.29.0 and will be removed in 0.32.0. Use 'KeyPoints.keypoint_confidence' instead.
  warn_deprecated(
/usr/local/lib/python3.12/dist-packages/supervision/key_points/core.py:308: SupervisionWarnings: 'KeyPoints.confidence' is deprecated since 0.29.0 and will be removed in 0.32.0. Use 'KeyPoints.keypoint_confidence' instead.
  warn_deprecated(
/usr/local/lib/python3.12/dist-packages/supervision/key_points/core.py:308: SupervisionWarnings: 'KeyPoints.confidence' is deprecated since 0.29.0 and will be removed in 0.32.0. Use 'KeyPoints.keypoint_confidence' instead.
  warn_deprecated(
  7%|▋         | 52/750 [00:45<11:01,  1.06it/s]/usr/local/lib/python3.12/dist-packages/supervision/key_points/core.py:316: SupervisionWarnings: 'KeyPoints.confidence' is deprecated since 0.29.0 and will be removed in 0.32.0. Use 'KeyPoints.keypoint_confidence' instead.
  warn_deprecated(
/usr/local/lib/python3.12/dist-packages/supervision/key_points/core.py:308: SupervisionWarnings: 'KeyPoints.confidence' is deprecated since 0.29.0 and will be removed in 0.32.0. Use 'KeyPoints.keypoint_confidence' instead.
  warn_deprecated(
/usr/local/lib/python3.12/dist-packages/supervision/key_points/core.py:308: SupervisionWarnings: 'KeyPoints.confidence' is deprecated since 0.29.0 and will be removed in 0.32.0. Use 'KeyPoints.keypoint_confidence' instead.
  warn_deprecated(
/usr/local/lib/python3.12/dist-packages/supervision/key_points/core.py:308: SupervisionWarnings: 'KeyPoints.confidence' is deprecated since 0.29.0 and will be removed in 0.32.0. Use 'KeyPoints.keypoint_confidence' instead.
  warn_deprecated(
/usr/local/lib/python3.12/dist-packages/supervision/key_points/core.py:308: SupervisionWarnings: 'KeyPoints.confidence' is deprecated since 0.29.0 and will be removed in 0.32.0. Use 'KeyPoints.keypoint_confidence' instead.
  warn_deprecated(
  7%|▋         | 53/750 [00:46<11:49,  1.02s/it]/usr/local/lib/python3.12/dist-packages/supervision/key_points/core.py:316: SupervisionWarnings: 'KeyPoints.confidence' is deprecated since 0.29.0 and will be removed in 0.32.0. Use 'KeyPoints.keypoint_confidence' instead.
  warn_deprecated(
/usr/local/lib/python3.12/dist-packages/supervision/key_points/core.py:308: SupervisionWarnings: 'KeyPoints.confidence' is deprecated since 0.29.0 and will be removed in 0.32.0. Use 'KeyPoints.keypoint_confidence' instead.
  warn_deprecated(
/usr/local/lib/python3.12/dist-packages/supervision/key_points/core.py:308: SupervisionWarnings: 'KeyPoints.confidence' is deprecated since 0.29.0 and will be removed in 0.32.0. Use 'KeyPoints.keypoint_confidence' instead.
  warn_deprecated(
/usr/local/lib/python3.12/dist-packages/supervision/key_points/core.py:308: SupervisionWarnings: 'KeyPoints.confidence' is deprecated since 0.29.0 and will be removed in 0.32.0. Use 'KeyPoints.keypoint_confidence' instead.
  warn_deprecated(
/usr/local/lib/python3.12/dist-packages/supervision/key_points/core.py:308: SupervisionWarnings: 'KeyPoints.confidence' is deprecated since 0.29.0 and will be removed in 0.32.0. Use 'KeyPoints.keypoint_confidence' instead.
  warn_deprecated(
  7%|▋         | 54/750 [00:47<12:36,  1.09s/it]/usr/local/lib/python3.12/dist-packages/supervision/key_points/core.py:316: SupervisionWarnings: 'KeyPoints.confidence' is deprecated since 0.29.0 and will be removed in 0.32.0. Use 'KeyPoints.keypoint_confidence' instead.
  warn_deprecated(
/usr/local/lib/python3.12/dist-packages/supervision/key_points/core.py:308: SupervisionWarnings: 'KeyPoints.confidence' is deprecated since 0.29.0 and will be removed in 0.32.0. Use 'KeyPoints.keypoint_confidence' instead.
  warn_deprecated(
/usr/local/lib/python3.12/dist-packages/supervision/key_points/core.py:308: SupervisionWarnings: 'KeyPoints.confidence' is deprecated since 0.29.0 and will be removed in 0.32.0. Use 'KeyPoints.keypoint_confidence' instead.
  warn_deprecated(
/usr/local/lib/python3.12/dist-packages/supervision/key_points/core.py:308: SupervisionWarnings: 'KeyPoints.confidence' is deprecated since 0.29.0 and will be removed in 0.32.0. Use 'KeyPoints.keypoint_confidence' instead.
  warn_deprecated(
/usr/local/lib/python3.12/dist-packages/supervision/key_points/core.py:308: SupervisionWarnings: 'KeyPoints.confidence' is deprecated since 0.29.0 and will be removed in 0.32.0. Use 'KeyPoints.keypoint_confidence' instead.
  warn_deprecated(
  7%|▋         | 55/750 [00:48<11:29,  1.01it/s]/usr/local/lib/python3.12/dist-packages/supervision/key_points/core.py:316: SupervisionWarnings: 'KeyPoints.confidence' is deprecated since 0.29.0 and will be removed in 0.32.0. Use 'KeyPoints.keypoint_confidence' instead.
  warn_deprecated(
/usr/local/lib/python3.12/dist-packages/supervision/key_points/core.py:308: SupervisionWarnings: 'KeyPoints.confidence' is deprecated since 0.29.0 and will be removed in 0.32.0. Use 'KeyPoints.keypoint_confidence' instead.
  warn_deprecated(
/usr/local/lib/python3.12/dist-packages/supervision/key_points/core.py:308: SupervisionWarnings: 'KeyPoints.confidence' is deprecated since 0.29.0 and will be removed in 0.32.0. Use 'KeyPoints.keypoint_confidence' instead.
  warn_deprecated(
/usr/local/lib/python3.12/dist-packages/supervision/key_points/core.py:308: SupervisionWarnings: 'KeyPoints.confidence' is deprecated since 0.29.0 and will be removed in 0.32.0. Use 'KeyPoints.keypoint_confidence' instead.
  warn_deprecated(
/usr/local/lib/python3.12/dist-packages/supervision/key_points/core.py:308: SupervisionWarnings: 'KeyPoints.confidence' is deprecated since 0.29.0 and will be removed in 0.32.0. Use 'KeyPoints.keypoint_confidence' instead.
  warn_deprecated(
  7%|▋         | 56/750 [00:49<10:23,  1.11it/s]/usr/local/lib/python3.12/dist-packages/supervision/key_points/core.py:316: SupervisionWarnings: 'KeyPoints.confidence' is deprecated since 0.29.0 and will be removed in 0.32.0. Use 'KeyPoints.keypoint_confidence' instead.
  warn_deprecated(
/usr/local/lib/python3.12/dist-packages/supervision/key_points/core.py:308: SupervisionWarnings: 'KeyPoints.confidence' is deprecated since 0.29.0 and will be removed in 0.32.0. Use 'KeyPoints.keypoint_confidence' instead.
  warn_deprecated(
/usr/local/lib/python3.12/dist-packages/supervision/key_points/core.py:308: SupervisionWarnings: 'KeyPoints.confidence' is deprecated since 0.29.0 and will be removed in 0.32.0. Use 'KeyPoints.keypoint_confidence' instead.
  warn_deprecated(
/usr/local/lib/python3.12/dist-packages/supervision/key_points/core.py:308: SupervisionWarnings: 'KeyPoints.confidence' is deprecated since 0.29.0 and will be removed in 0.32.0. Use 'KeyPoints.keypoint_confidence' instead.
  warn_deprecated(
/usr/local/lib/python3.12/dist-packages/supervision/key_points/core.py:308: SupervisionWarnings: 'KeyPoints.confidence' is deprecated since 0.29.0 and will be removed in 0.32.0. Use 'KeyPoints.keypoint_confidence' instead.
  warn_deprecated(
  8%|▊         | 57/750 [00:50<10:48,  1.07it/s]/usr/local/lib/python3.12/dist-packages/supervision/key_points/core.py:316: SupervisionWarnings: 'KeyPoints.confidence' is deprecated since 0.29.0 and will be removed in 0.32.0. Use 'KeyPoints.keypoint_confidence' instead.
  warn_deprecated(
/usr/local/lib/python3.12/dist-packages/supervision/key_points/core.py:308: SupervisionWarnings: 'KeyPoints.confidence' is deprecated since 0.29.0 and will be removed in 0.32.0. Use 'KeyPoints.keypoint_confidence' instead.
  warn_deprecated(
/usr/local/lib/python3.12/dist-packages/supervision/key_points/core.py:308: SupervisionWarnings: 'KeyPoints.confidence' is deprecated since 0.29.0 and will be removed in 0.32.0. Use 'KeyPoints.keypoint_confidence' instead.
  warn_deprecated(
/usr/local/lib/python3.12/dist-packages/supervision/key_points/core.py:308: SupervisionWarnings: 'KeyPoints.confidence' is deprecated since 0.29.0 and will be removed in 0.32.0. Use 'KeyPoints.keypoint_confidence' instead.
  warn_deprecated(
/usr/local/lib/python3.12/dist-packages/supervision/key_points/core.py:308: SupervisionWarnings: 'KeyPoints.confidence' is deprecated since 0.29.0 and will be removed in 0.32.0. Use 'KeyPoints.keypoint_confidence' instead.
  warn_deprecated(
  8%|▊         | 58/750 [00:51<09:59,  1.15it/s]/usr/local/lib/python3.12/dist-packages/supervision/key_points/core.py:316: SupervisionWarnings: 'KeyPoints.confidence' is deprecated since 0.29.0 and will be removed in 0.32.0. Use 'KeyPoints.keypoint_confidence' instead.
  warn_deprecated(
/usr/local/lib/python3.12/dist-packages/supervision/key_points/core.py:308: SupervisionWarnings: 'KeyPoints.confidence' is deprecated since 0.29.0 and will be removed in 0.32.0. Use 'KeyPoints.keypoint_confidence' instead.
  warn_deprecated(
/usr/local/lib/python3.12/dist-packages/supervision/key_points/core.py:308: SupervisionWarnings: 'KeyPoints.confidence' is deprecated since 0.29.0 and will be removed in 0.32.0. Use 'KeyPoints.keypoint_confidence' instead.
  warn_deprecated(
/usr/local/lib/python3.12/dist-packages/supervision/key_points/core.py:308: SupervisionWarnings: 'KeyPoints.confidence' is deprecated since 0.29.0 and will be removed in 0.32.0. Use 'KeyPoints.keypoint_confidence' instead.
  warn_deprecated(
/usr/local/lib/python3.12/dist-packages/supervision/key_points/core.py:308: SupervisionWarnings: 'KeyPoints.confidence' is deprecated since 0.29.0 and will be removed in 0.32.0. Use 'KeyPoints.keypoint_confidence' instead.
  warn_deprecated(
  8%|▊         | 59/750 [00:51<09:25,  1.22it/s]/usr/local/lib/python3.12/dist-packages/supervision/key_points/core.py:316: SupervisionWarnings: 'KeyPoints.confidence' is deprecated since 0.29.0 and will be removed in 0.32.0. Use 'KeyPoints.keypoint_confidence' instead.
  warn_deprecated(
/usr/local/lib/python3.12/dist-packages/supervision/key_points/core.py:308: SupervisionWarnings: 'KeyPoints.confidence' is deprecated since 0.29.0 and will be removed in 0.32.0. Use 'KeyPoints.keypoint_confidence' instead.
  warn_deprecated(
/usr/local/lib/python3.12/dist-packages/supervision/key_points/core.py:308: SupervisionWarnings: 'KeyPoints.confidence' is deprecated since 0.29.0 and will be removed in 0.32.0. Use 'KeyPoints.keypoint_confidence' instead.
  warn_deprecated(
/usr/local/lib/python3.12/dist-packages/supervision/key_points/core.py:308: SupervisionWarnings: 'KeyPoints.confidence' is deprecated since 0.29.0 and will be removed in 0.32.0. Use 'KeyPoints.keypoint_confidence' instead.
  warn_deprecated(
/usr/local/lib/python3.12/dist-packages/supervision/key_points/core.py:308: SupervisionWarnings: 'KeyPoints.confidence' is deprecated since 0.29.0 and will be removed in 0.32.0. Use 'KeyPoints.keypoint_confidence' instead.
  warn_deprecated(
  8%|▊         | 60/750 [00:52<10:05,  1.14it/s]/usr/local/lib/python3.12/dist-packages/supervision/key_points/core.py:316: SupervisionWarnings: 'KeyPoints.confidence' is deprecated since 0.29.0 and will be removed in 0.32.0. Use 'KeyPoints.keypoint_confidence' instead.
  warn_deprecated(
/usr/local/lib/python3.12/dist-packages/supervision/key_points/core.py:308: SupervisionWarnings: 'KeyPoints.confidence' is deprecated since 0.29.0 and will be removed in 0.32.0. Use 'KeyPoints.keypoint_confidence' instead.
  warn_deprecated(
/usr/local/lib/python3.12/dist-packages/supervision/key_points/core.py:308: SupervisionWarnings: 'KeyPoints.confidence' is deprecated since 0.29.0 and will be removed in 0.32.0. Use 'KeyPoints.keypoint_confidence' instead.
  warn_deprecated(
/usr/local/lib/python3.12/dist-packages/supervision/key_points/core.py:308: SupervisionWarnings: 'KeyPoints.confidence' is deprecated since 0.29.0 and will be removed in 0.32.0. Use 'KeyPoints.keypoint_confidence' instead.
  warn_deprecated(
/usr/local/lib/python3.12/dist-packages/supervision/key_points/core.py:308: SupervisionWarnings: 'KeyPoints.confidence' is deprecated since 0.29.0 and will be removed in 0.32.0. Use 'KeyPoints.keypoint_confidence' instead.
  warn_deprecated(
  8%|▊         | 61/750 [00:53<10:36,  1.08it/s]/usr/local/lib/python3.12/dist-packages/supervision/key_points/core.py:316: SupervisionWarnings: 'KeyPoints.confidence' is deprecated since 0.29.0 and will be removed in 0.32.0. Use 'KeyPoints.keypoint_confidence' instead.
  warn_deprecated(
/usr/local/lib/python3.12/dist-packages/supervision/key_points/core.py:308: SupervisionWarnings: 'KeyPoints.confidence' is deprecated since 0.29.0 and will be removed in 0.32.0. Use 'KeyPoints.keypoint_confidence' instead.
  warn_deprecated(
/usr/local/lib/python3.12/dist-packages/supervision/key_points/core.py:308: SupervisionWarnings: 'KeyPoints.confidence' is deprecated since 0.29.0 and will be removed in 0.32.0. Use 'KeyPoints.keypoint_confidence' instead.
  warn_deprecated(
/usr/local/lib/python3.12/dist-packages/supervision/key_points/core.py:308: SupervisionWarnings: 'KeyPoints.confidence' is deprecated since 0.29.0 and will be removed in 0.32.0. Use 'KeyPoints.keypoint_confidence' instead.
  warn_deprecated(
/usr/local/lib/python3.12/dist-packages/supervision/key_points/core.py:308: SupervisionWarnings: 'KeyPoints.confidence' is deprecated since 0.29.0 and will be removed in 0.32.0. Use 'KeyPoints.keypoint_confidence' instead.
  warn_deprecated(
  8%|▊         | 62/750 [00:54<11:06,  1.03it/s]/usr/local/lib/python3.12/dist-packages/supervision/key_points/core.py:316: SupervisionWarnings: 'KeyPoints.confidence' is deprecated since 0.29.0 and will be removed in 0.32.0. Use 'KeyPoints.keypoint_confidence' instead.
  warn_deprecated(
/usr/local/lib/python3.12/dist-packages/supervision/key_points/core.py:308: SupervisionWarnings: 'KeyPoints.confidence' is deprecated since 0.29.0 and will be removed in 0.32.0. Use 'KeyPoints.keypoint_confidence' instead.
  warn_deprecated(
/usr/local/lib/python3.12/dist-packages/supervision/key_points/core.py:308: SupervisionWarnings: 'KeyPoints.confidence' is deprecated since 0.29.0 and will be removed in 0.32.0. Use 'KeyPoints.keypoint_confidence' instead.
  warn_deprecated(
/usr/local/lib/python3.12/dist-packages/supervision/key_points/core.py:308: SupervisionWarnings: 'KeyPoints.confidence' is deprecated since 0.29.0 and will be removed in 0.32.0. Use 'KeyPoints.keypoint_confidence' instead.
  warn_deprecated(
/usr/local/lib/python3.12/dist-packages/supervision/key_points/core.py:308: SupervisionWarnings: 'KeyPoints.confidence' is deprecated since 0.29.0 and will be removed in 0.32.0. Use 'KeyPoints.keypoint_confidence' instead.
  warn_deprecated(
  8%|▊         | 63/750 [00:55<10:10,  1.12it/s]/usr/local/lib/python3.12/dist-packages/supervision/key_points/core.py:316: SupervisionWarnings: 'KeyPoints.confidence' is deprecated since 0.29.0 and will be removed in 0.32.0. Use 'KeyPoints.keypoint_confidence' instead.
  warn_deprecated(
/usr/local/lib/python3.12/dist-packages/supervision/key_points/core.py:308: SupervisionWarnings: 'KeyPoints.confidence' is deprecated since 0.29.0 and will be removed in 0.32.0. Use 'KeyPoints.keypoint_confidence' instead.
  warn_deprecated(
/usr/local/lib/python3.12/dist-packages/supervision/key_points/core.py:308: SupervisionWarnings: 'KeyPoints.confidence' is deprecated since 0.29.0 and will be removed in 0.32.0. Use 'KeyPoints.keypoint_confidence' instead.
  warn_deprecated(
/usr/local/lib/python3.12/dist-packages/supervision/key_points/core.py:308: SupervisionWarnings: 'KeyPoints.confidence' is deprecated since 0.29.0 and will be removed in 0.32.0. Use 'KeyPoints.keypoint_confidence' instead.
  warn_deprecated(
/usr/local/lib/python3.12/dist-packages/supervision/key_points/core.py:308: SupervisionWarnings: 'KeyPoints.confidence' is deprecated since 0.29.0 and will be removed in 0.32.0. Use 'KeyPoints.keypoint_confidence' instead.
  warn_deprecated(
  9%|▊         | 64/750 [00:56<10:36,  1.08it/s]/usr/local/lib/python3.12/dist-packages/supervision/key_points/core.py:316: SupervisionWarnings: 'KeyPoints.confidence' is deprecated since 0.29.0 and will be removed in 0.32.0. Use 'KeyPoints.keypoint_confidence' instead.
  warn_deprecated(
/usr/local/lib/python3.12/dist-packages/supervision/key_points/core.py:308: SupervisionWarnings: 'KeyPoints.confidence' is deprecated since 0.29.0 and will be removed in 0.32.0. Use 'KeyPoints.keypoint_confidence' instead.
  warn_deprecated(
/usr/local/lib/python3.12/dist-packages/supervision/key_points/core.py:308: SupervisionWarnings: 'KeyPoints.confidence' is deprecated since 0.29.0 and will be removed in 0.32.0. Use 'KeyPoints.keypoint_confidence' instead.
  warn_deprecated(
/usr/local/lib/python3.12/dist-packages/supervision/key_points/core.py:308: SupervisionWarnings: 'KeyPoints.confidence' is deprecated since 0.29.0 and will be removed in 0.32.0. Use 'KeyPoints.keypoint_confidence' instead.
  warn_deprecated(
/usr/local/lib/python3.12/dist-packages/supervision/key_points/core.py:308: SupervisionWarnings: 'KeyPoints.confidence' is deprecated since 0.29.0 and will be removed in 0.32.0. Use 'KeyPoints.keypoint_confidence' instead.
  warn_deprecated(
  9%|▊         | 65/750 [00:57<09:49,  1.16it/s]/usr/local/lib/python3.12/dist-packages/supervision/key_points/core.py:316: SupervisionWarnings: 'KeyPoints.confidence' is deprecated since 0.29.0 and will be removed in 0.32.0. Use 'KeyPoints.keypoint_confidence' instead.
  warn_deprecated(
/usr/local/lib/python3.12/dist-packages/supervision/key_points/core.py:308: SupervisionWarnings: 'KeyPoints.confidence' is deprecated since 0.29.0 and will be removed in 0.32.0. Use 'KeyPoints.keypoint_confidence' instead.
  warn_deprecated(
/usr/local/lib/python3.12/dist-packages/supervision/key_points/core.py:308: SupervisionWarnings: 'KeyPoints.confidence' is deprecated since 0.29.0 and will be removed in 0.32.0. Use 'KeyPoints.keypoint_confidence' instead.
  warn_deprecated(
/usr/local/lib/python3.12/dist-packages/supervision/key_points/core.py:308: SupervisionWarnings: 'KeyPoints.confidence' is deprecated since 0.29.0 and will be removed in 0.32.0. Use 'KeyPoints.keypoint_confidence' instead.
  warn_deprecated(
/usr/local/lib/python3.12/dist-packages/supervision/key_points/core.py:308: SupervisionWarnings: 'KeyPoints.confidence' is deprecated since 0.29.0 and will be removed in 0.32.0. Use 'KeyPoints.keypoint_confidence' instead.
  warn_deprecated(
  9%|▉         | 66/750 [00:58<10:36,  1.07it/s]/usr/local/lib/python3.12/dist-packages/supervision/key_points/core.py:316: SupervisionWarnings: 'KeyPoints.confidence' is deprecated since 0.29.0 and will be removed in 0.32.0. Use 'KeyPoints.keypoint_confidence' instead.
  warn_deprecated(
/usr/local/lib/python3.12/dist-packages/supervision/key_points/core.py:308: SupervisionWarnings: 'KeyPoints.confidence' is deprecated since 0.29.0 and will be removed in 0.32.0. Use 'KeyPoints.keypoint_confidence' instead.
  warn_deprecated(
/usr/local/lib/python3.12/dist-packages/supervision/key_points/core.py:308: SupervisionWarnings: 'KeyPoints.confidence' is deprecated since 0.29.0 and will be removed in 0.32.0. Use 'KeyPoints.keypoint_confidence' instead.
  warn_deprecated(
/usr/local/lib/python3.12/dist-packages/supervision/key_points/core.py:308: SupervisionWarnings: 'KeyPoints.confidence' is deprecated since 0.29.0 and will be removed in 0.32.0. Use 'KeyPoints.keypoint_confidence' instead.
  warn_deprecated(
/usr/local/lib/python3.12/dist-packages/supervision/key_points/core.py:308: SupervisionWarnings: 'KeyPoints.confidence' is deprecated since 0.29.0 and will be removed in 0.32.0. Use 'KeyPoints.keypoint_confidence' instead.
  warn_deprecated(
  9%|▉         | 67/750 [00:59<11:23,  1.00s/it]/usr/local/lib/python3.12/dist-packages/supervision/key_points/core.py:316: SupervisionWarnings: 'KeyPoints.confidence' is deprecated since 0.29.0 and will be removed in 0.32.0. Use 'KeyPoints.keypoint_confidence' instead.
  warn_deprecated(
/usr/local/lib/python3.12/dist-packages/supervision/key_points/core.py:308: SupervisionWarnings: 'KeyPoints.confidence' is deprecated since 0.29.0 and will be removed in 0.32.0. Use 'KeyPoints.keypoint_confidence' instead.
  warn_deprecated(
/usr/local/lib/python3.12/dist-packages/supervision/key_points/core.py:308: SupervisionWarnings: 'KeyPoints.confidence' is deprecated since 0.29.0 and will be removed in 0.32.0. Use 'KeyPoints.keypoint_confidence' instead.
  warn_deprecated(
/usr/local/lib/python3.12/dist-packages/supervision/key_points/core.py:308: SupervisionWarnings: 'KeyPoints.confidence' is deprecated since 0.29.0 and will be removed in 0.32.0. Use 'KeyPoints.keypoint_confidence' instead.
  warn_deprecated(
/usr/local/lib/python3.12/dist-packages/supervision/key_points/core.py:308: SupervisionWarnings: 'KeyPoints.confidence' is deprecated since 0.29.0 and will be removed in 0.32.0. Use 'KeyPoints.keypoint_confidence' instead.
  warn_deprecated(
  9%|▉         | 68/750 [01:00<12:08,  1.07s/it]/usr/local/lib/python3.12/dist-packages/supervision/key_points/core.py:316: SupervisionWarnings: 'KeyPoints.confidence' is deprecated since 0.29.0 and will be removed in 0.32.0. Use 'KeyPoints.keypoint_confidence' instead.
  warn_deprecated(
/usr/local/lib/python3.12/dist-packages/supervision/key_points/core.py:308: SupervisionWarnings: 'KeyPoints.confidence' is deprecated since 0.29.0 and will be removed in 0.32.0. Use 'KeyPoints.keypoint_confidence' instead.
  warn_deprecated(
/usr/local/lib/python3.12/dist-packages/supervision/key_points/core.py:308: SupervisionWarnings: 'KeyPoints.confidence' is deprecated since 0.29.0 and will be removed in 0.32.0. Use 'KeyPoints.keypoint_confidence' instead.
  warn_deprecated(
/usr/local/lib/python3.12/dist-packages/supervision/key_points/core.py:308: SupervisionWarnings: 'KeyPoints.confidence' is deprecated since 0.29.0 and will be removed in 0.32.0. Use 'KeyPoints.keypoint_confidence' instead.
  warn_deprecated(
/usr/local/lib/python3.12/dist-packages/supervision/key_points/core.py:308: SupervisionWarnings: 'KeyPoints.confidence' is deprecated since 0.29.0 and will be removed in 0.32.0. Use 'KeyPoints.keypoint_confidence' instead.
  warn_deprecated(
  9%|▉         | 69/750 [01:02<12:57,  1.14s/it]/usr/local/lib/python3.12/dist-packages/supervision/key_points/core.py:316: SupervisionWarnings: 'KeyPoints.confidence' is deprecated since 0.29.0 and will be removed in 0.32.0. Use 'KeyPoints.keypoint_confidence' instead.
  warn_deprecated(
/usr/local/lib/python3.12/dist-packages/supervision/key_points/core.py:308: SupervisionWarnings: 'KeyPoints.confidence' is deprecated since 0.29.0 and will be removed in 0.32.0. Use 'KeyPoints.keypoint_confidence' instead.
  warn_deprecated(
/usr/local/lib/python3.12/dist-packages/supervision/key_points/core.py:308: SupervisionWarnings: 'KeyPoints.confidence' is deprecated since 0.29.0 and will be removed in 0.32.0. Use 'KeyPoints.keypoint_confidence' instead.
  warn_deprecated(
/usr/local/lib/python3.12/dist-packages/supervision/key_points/core.py:308: SupervisionWarnings: 'KeyPoints.confidence' is deprecated since 0.29.0 and will be removed in 0.32.0. Use 'KeyPoints.keypoint_confidence' instead.
  warn_deprecated(
/usr/local/lib/python3.12/dist-packages/supervision/key_points/core.py:308: SupervisionWarnings: 'KeyPoints.confidence' is deprecated since 0.29.0 and will be removed in 0.32.0. Use 'KeyPoints.keypoint_confidence' instead.
  warn_deprecated(
  9%|▉         | 70/750 [01:03<12:57,  1.14s/it]/usr/local/lib/python3.12/dist-packages/supervision/key_points/core.py:316: SupervisionWarnings: 'KeyPoints.confidence' is deprecated since 0.29.0 and will be removed in 0.32.0. Use 'KeyPoints.keypoint_confidence' instead.
  warn_deprecated(
/usr/local/lib/python3.12/dist-packages/supervision/key_points/core.py:308: SupervisionWarnings: 'KeyPoints.confidence' is deprecated since 0.29.0 and will be removed in 0.32.0. Use 'KeyPoints.keypoint_confidence' instead.
  warn_deprecated(
/usr/local/lib/python3.12/dist-packages/supervision/key_points/core.py:308: SupervisionWarnings: 'KeyPoints.confidence' is deprecated since 0.29.0 and will be removed in 0.32.0. Use 'KeyPoints.keypoint_confidence' instead.
  warn_deprecated(
/usr/local/lib/python3.12/dist-packages/supervision/key_points/core.py:308: SupervisionWarnings: 'KeyPoints.confidence' is deprecated since 0.29.0 and will be removed in 0.32.0. Use 'KeyPoints.keypoint_confidence' instead.
  warn_deprecated(
/usr/local/lib/python3.12/dist-packages/supervision/key_points/core.py:308: SupervisionWarnings: 'KeyPoints.confidence' is deprecated since 0.29.0 and will be removed in 0.32.0. Use 'KeyPoints.keypoint_confidence' instead.
  warn_deprecated(
  9%|▉         | 71/750 [01:04<12:39,  1.12s/it]/usr/local/lib/python3.12/dist-packages/supervision/key_points/core.py:316: SupervisionWarnings: 'KeyPoints.confidence' is deprecated since 0.29.0 and will be removed in 0.32.0. Use 'KeyPoints.keypoint_confidence' instead.
  warn_deprecated(
/usr/local/lib/python3.12/dist-packages/supervision/key_points/core.py:308: SupervisionWarnings: 'KeyPoints.confidence' is deprecated since 0.29.0 and will be removed in 0.32.0. Use 'KeyPoints.keypoint_confidence' instead.
  warn_deprecated(
/usr/local/lib/python3.12/dist-packages/supervision/key_points/core.py:308: SupervisionWarnings: 'KeyPoints.confidence' is deprecated since 0.29.0 and will be removed in 0.32.0. Use 'KeyPoints.keypoint_confidence' instead.
  warn_deprecated(
/usr/local/lib/python3.12/dist-packages/supervision/key_points/core.py:308: SupervisionWarnings: 'KeyPoints.confidence' is deprecated since 0.29.0 and will be removed in 0.32.0. Use 'KeyPoints.keypoint_confidence' instead.
  warn_deprecated(
/usr/local/lib/python3.12/dist-packages/supervision/key_points/core.py:308: SupervisionWarnings: 'KeyPoints.confidence' is deprecated since 0.29.0 and will be removed in 0.32.0. Use 'KeyPoints.keypoint_confidence' instead.
  warn_deprecated(
 10%|▉         | 72/750 [01:05<12:22,  1.09s/it]/usr/local/lib/python3.12/dist-packages/supervision/key_points/core.py:316: SupervisionWarnings: 'KeyPoints.confidence' is deprecated since 0.29.0 and will be removed in 0.32.0. Use 'KeyPoints.keypoint_confidence' instead.
  warn_deprecated(
/usr/local/lib/python3.12/dist-packages/supervision/key_points/core.py:308: SupervisionWarnings: 'KeyPoints.confidence' is deprecated since 0.29.0 and will be removed in 0.32.0. Use 'KeyPoints.keypoint_confidence' instead.
  warn_deprecated(
/usr/local/lib/python3.12/dist-packages/supervision/key_points/core.py:308: SupervisionWarnings: 'KeyPoints.confidence' is deprecated since 0.29.0 and will be removed in 0.32.0. Use 'KeyPoints.keypoint_confidence' instead.
  warn_deprecated(
/usr/local/lib/python3.12/dist-packages/supervision/key_points/core.py:308: SupervisionWarnings: 'KeyPoints.confidence' is deprecated since 0.29.0 and will be removed in 0.32.0. Use 'KeyPoints.keypoint_confidence' instead.
  warn_deprecated(
/usr/local/lib/python3.12/dist-packages/supervision/key_points/core.py:308: SupervisionWarnings: 'KeyPoints.confidence' is deprecated since 0.29.0 and will be removed in 0.32.0. Use 'KeyPoints.keypoint_confidence' instead.
  warn_deprecated(
 10%|▉         | 73/750 [01:06<12:12,  1.08s/it]/usr/local/lib/python3.12/dist-packages/supervision/key_points/core.py:316: SupervisionWarnings: 'KeyPoints.confidence' is deprecated since 0.29.0 and will be removed in 0.32.0. Use 'KeyPoints.keypoint_confidence' instead.
  warn_deprecated(
/usr/local/lib/python3.12/dist-packages/supervision/key_points/core.py:308: SupervisionWarnings: 'KeyPoints.confidence' is deprecated since 0.29.0 and will be removed in 0.32.0. Use 'KeyPoints.keypoint_confidence' instead.
  warn_deprecated(
/usr/local/lib/python3.12/dist-packages/supervision/key_points/core.py:308: SupervisionWarnings: 'KeyPoints.confidence' is deprecated since 0.29.0 and will be removed in 0.32.0. Use 'KeyPoints.keypoint_confidence' instead.
  warn_deprecated(
/usr/local/lib/python3.12/dist-packages/supervision/key_points/core.py:308: SupervisionWarnings: 'KeyPoints.confidence' is deprecated since 0.29.0 and will be removed in 0.32.0. Use 'KeyPoints.keypoint_confidence' instead.
  warn_deprecated(
/usr/local/lib/python3.12/dist-packages/supervision/key_points/core.py:308: SupervisionWarnings: 'KeyPoints.confidence' is deprecated since 0.29.0 and will be removed in 0.32.0. Use 'KeyPoints.keypoint_confidence' instead.
  warn_deprecated(
 10%|▉         | 74/750 [01:07<12:05,  1.07s/it]/usr/local/lib/python3.12/dist-packages/supervision/key_points/core.py:316: SupervisionWarnings: 'KeyPoints.confidence' is deprecated since 0.29.0 and will be removed in 0.32.0. Use 'KeyPoints.keypoint_confidence' instead.
  warn_deprecated(
/usr/local/lib/python3.12/dist-packages/supervision/key_points/core.py:308: SupervisionWarnings: 'KeyPoints.confidence' is deprecated since 0.29.0 and will be removed in 0.32.0. Use 'KeyPoints.keypoint_confidence' instead.
  warn_deprecated(
/usr/local/lib/python3.12/dist-packages/supervision/key_points/core.py:308: SupervisionWarnings: 'KeyPoints.confidence' is deprecated since 0.29.0 and will be removed in 0.32.0. Use 'KeyPoints.keypoint_confidence' instead.
  warn_deprecated(
/usr/local/lib/python3.12/dist-packages/supervision/key_points/core.py:308: SupervisionWarnings: 'KeyPoints.confidence' is deprecated since 0.29.0 and will be removed in 0.32.0. Use 'KeyPoints.keypoint_confidence' instead.
  warn_deprecated(
/usr/local/lib/python3.12/dist-packages/supervision/key_points/core.py:308: SupervisionWarnings: 'KeyPoints.confidence' is deprecated since 0.29.0 and will be removed in 0.32.0. Use 'KeyPoints.keypoint_confidence' instead.
  warn_deprecated(
 10%|█         | 75/750 [01:08<12:05,  1.07s/it]/usr/local/lib/python3.12/dist-packages/supervision/key_points/core.py:316: SupervisionWarnings: 'KeyPoints.confidence' is deprecated since 0.29.0 and will be removed in 0.32.0. Use 'KeyPoints.keypoint_confidence' instead.
  warn_deprecated(
/usr/local/lib/python3.12/dist-packages/supervision/key_points/core.py:308: SupervisionWarnings: 'KeyPoints.confidence' is deprecated since 0.29.0 and will be removed in 0.32.0. Use 'KeyPoints.keypoint_confidence' instead.
  warn_deprecated(
/usr/local/lib/python3.12/dist-packages/supervision/key_points/core.py:308: SupervisionWarnings: 'KeyPoints.confidence' is deprecated since 0.29.0 and will be removed in 0.32.0. Use 'KeyPoints.keypoint_confidence' instead.
  warn_deprecated(
/usr/local/lib/python3.12/dist-packages/supervision/key_points/core.py:308: SupervisionWarnings: 'KeyPoints.confidence' is deprecated since 0.29.0 and will be removed in 0.32.0. Use 'KeyPoints.keypoint_confidence' instead.
  warn_deprecated(
/usr/local/lib/python3.12/dist-packages/supervision/key_points/core.py:308: SupervisionWarnings: 'KeyPoints.confidence' is deprecated since 0.29.0 and will be removed in 0.32.0. Use 'KeyPoints.keypoint_confidence' instead.
  warn_deprecated(
 10%|█         | 76/750 [01:09<11:56,  1.06s/it]/usr/local/lib/python3.12/dist-packages/supervision/key_points/core.py:316: SupervisionWarnings: 'KeyPoints.confidence' is deprecated since 0.29.0 and will be removed in 0.32.0. Use 'KeyPoints.keypoint_confidence' instead.
  warn_deprecated(
/usr/local/lib/python3.12/dist-packages/supervision/key_points/core.py:308: SupervisionWarnings: 'KeyPoints.confidence' is deprecated since 0.29.0 and will be removed in 0.32.0. Use 'KeyPoints.keypoint_confidence' instead.
  warn_deprecated(
/usr/local/lib/python3.12/dist-packages/supervision/key_points/core.py:308: SupervisionWarnings: 'KeyPoints.confidence' is deprecated since 0.29.0 and will be removed in 0.32.0. Use 'KeyPoints.keypoint_confidence' instead.
  warn_deprecated(
/usr/local/lib/python3.12/dist-packages/supervision/key_points/core.py:308: SupervisionWarnings: 'KeyPoints.confidence' is deprecated since 0.29.0 and will be removed in 0.32.0. Use 'KeyPoints.keypoint_confidence' instead.
  warn_deprecated(
/usr/local/lib/python3.12/dist-packages/supervision/key_points/core.py:308: SupervisionWarnings: 'KeyPoints.confidence' is deprecated since 0.29.0 and will be removed in 0.32.0. Use 'KeyPoints.keypoint_confidence' instead.
  warn_deprecated(
 10%|█         | 77/750 [01:10<10:47,  1.04it/s]/usr/local/lib/python3.12/dist-packages/supervision/key_points/core.py:316: SupervisionWarnings: 'KeyPoints.confidence' is deprecated since 0.29.0 and will be removed in 0.32.0. Use 'KeyPoints.keypoint_confidence' instead.
  warn_deprecated(
/usr/local/lib/python3.12/dist-packages/supervision/key_points/core.py:308: SupervisionWarnings: 'KeyPoints.confidence' is deprecated since 0.29.0 and will be removed in 0.32.0. Use 'KeyPoints.keypoint_confidence' instead.
  warn_deprecated(
/usr/local/lib/python3.12/dist-packages/supervision/key_points/core.py:308: SupervisionWarnings: 'KeyPoints.confidence' is deprecated since 0.29.0 and will be removed in 0.32.0. Use 'KeyPoints.keypoint_confidence' instead.
  warn_deprecated(
/usr/local/lib/python3.12/dist-packages/supervision/key_points/core.py:308: SupervisionWarnings: 'KeyPoints.confidence' is deprecated since 0.29.0 and will be removed in 0.32.0. Use 'KeyPoints.keypoint_confidence' instead.
  warn_deprecated(
/usr/local/lib/python3.12/dist-packages/supervision/key_points/core.py:308: SupervisionWarnings: 'KeyPoints.confidence' is deprecated since 0.29.0 and will be removed in 0.32.0. Use 'KeyPoints.keypoint_confidence' instead.
  warn_deprecated(
 10%|█         | 78/750 [01:11<09:54,  1.13it/s]/usr/local/lib/python3.12/dist-packages/supervision/key_points/core.py:316: SupervisionWarnings: 'KeyPoints.confidence' is deprecated since 0.29.0 and will be removed in 0.32.0. Use 'KeyPoints.keypoint_confidence' instead.
  warn_deprecated(
/usr/local/lib/python3.12/dist-packages/supervision/key_points/core.py:308: SupervisionWarnings: 'KeyPoints.confidence' is deprecated since 0.29.0 and will be removed in 0.32.0. Use 'KeyPoints.keypoint_confidence' instead.
  warn_deprecated(
/usr/local/lib/python3.12/dist-packages/supervision/key_points/core.py:308: SupervisionWarnings: 'KeyPoints.confidence' is deprecated since 0.29.0 and will be removed in 0.32.0. Use 'KeyPoints.keypoint_confidence' instead.
  warn_deprecated(
/usr/local/lib/python3.12/dist-packages/supervision/key_points/core.py:308: SupervisionWarnings: 'KeyPoints.confidence' is deprecated since 0.29.0 and will be removed in 0.32.0. Use 'KeyPoints.keypoint_confidence' instead.
  warn_deprecated(
/usr/local/lib/python3.12/dist-packages/supervision/key_points/core.py:308: SupervisionWarnings: 'KeyPoints.confidence' is deprecated since 0.29.0 and will be removed in 0.32.0. Use 'KeyPoints.keypoint_confidence' instead.
  warn_deprecated(
 11%|█         | 79/750 [01:11<09:24,  1.19it/s]/usr/local/lib/python3.12/dist-packages/supervision/key_points/core.py:316: SupervisionWarnings: 'KeyPoints.confidence' is deprecated since 0.29.0 and will be removed in 0.32.0. Use 'KeyPoints.keypoint_confidence' instead.
  warn_deprecated(
/usr/local/lib/python3.12/dist-packages/supervision/key_points/core.py:308: SupervisionWarnings: 'KeyPoints.confidence' is deprecated since 0.29.0 and will be removed in 0.32.0. Use 'KeyPoints.keypoint_confidence' instead.
  warn_deprecated(
/usr/local/lib/python3.12/dist-packages/supervision/key_points/core.py:308: SupervisionWarnings: 'KeyPoints.confidence' is deprecated since 0.29.0 and will be removed in 0.32.0. Use 'KeyPoints.keypoint_confidence' instead.
  warn_deprecated(
/usr/local/lib/python3.12/dist-packages/supervision/key_points/core.py:308: SupervisionWarnings: 'KeyPoints.confidence' is deprecated since 0.29.0 and will be removed in 0.32.0. Use 'KeyPoints.keypoint_confidence' instead.
  warn_deprecated(
/usr/local/lib/python3.12/dist-packages/supervision/key_points/core.py:308: SupervisionWarnings: 'KeyPoints.confidence' is deprecated since 0.29.0 and will be removed in 0.32.0. Use 'KeyPoints.keypoint_confidence' instead.
  warn_deprecated(
 11%|█         | 80/750 [01:12<08:56,  1.25it/s]/usr/local/lib/python3.12/dist-packages/supervision/key_points/core.py:316: SupervisionWarnings: 'KeyPoints.confidence' is deprecated since 0.29.0 and will be removed in 0.32.0. Use 'KeyPoints.keypoint_confidence' instead.
  warn_deprecated(
/usr/local/lib/python3.12/dist-packages/supervision/key_points/core.py:308: SupervisionWarnings: 'KeyPoints.confidence' is deprecated since 0.29.0 and will be removed in 0.32.0. Use 'KeyPoints.keypoint_confidence' instead.
  warn_deprecated(
/usr/local/lib/python3.12/dist-packages/supervision/key_points/core.py:308: SupervisionWarnings: 'KeyPoints.confidence' is deprecated since 0.29.0 and will be removed in 0.32.0. Use 'KeyPoints.keypoint_confidence' instead.
  warn_deprecated(
/usr/local/lib/python3.12/dist-packages/supervision/key_points/core.py:308: SupervisionWarnings: 'KeyPoints.confidence' is deprecated since 0.29.0 and will be removed in 0.32.0. Use 'KeyPoints.keypoint_confidence' instead.
  warn_deprecated(
/usr/local/lib/python3.12/dist-packages/supervision/key_points/core.py:308: SupervisionWarnings: 'KeyPoints.confidence' is deprecated since 0.29.0 and will be removed in 0.32.0. Use 'KeyPoints.keypoint_confidence' instead.
  warn_deprecated(
 11%|█         | 81/750 [01:13<10:03,  1.11it/s]/usr/local/lib/python3.12/dist-packages/supervision/key_points/core.py:316: SupervisionWarnings: 'KeyPoints.confidence' is deprecated since 0.29.0 and will be removed in 0.32.0. Use 'KeyPoints.keypoint_confidence' instead.
  warn_deprecated(
/usr/local/lib/python3.12/dist-packages/supervision/key_points/core.py:308: SupervisionWarnings: 'KeyPoints.confidence' is deprecated since 0.29.0 and will be removed in 0.32.0. Use 'KeyPoints.keypoint_confidence' instead.
  warn_deprecated(
/usr/local/lib/python3.12/dist-packages/supervision/key_points/core.py:308: SupervisionWarnings: 'KeyPoints.confidence' is deprecated since 0.29.0 and will be removed in 0.32.0. Use 'KeyPoints.keypoint_confidence' instead.
  warn_deprecated(
/usr/local/lib/python3.12/dist-packages/supervision/key_points/core.py:308: SupervisionWarnings: 'KeyPoints.confidence' is deprecated since 0.29.0 and will be removed in 0.32.0. Use 'KeyPoints.keypoint_confidence' instead.
  warn_deprecated(
/usr/local/lib/python3.12/dist-packages/supervision/key_points/core.py:308: SupervisionWarnings: 'KeyPoints.confidence' is deprecated since 0.29.0 and will be removed in 0.32.0. Use 'KeyPoints.keypoint_confidence' instead.
  warn_deprecated(
 11%|█         | 82/750 [01:15<11:30,  1.03s/it]/usr/local/lib/python3.12/dist-packages/supervision/key_points/core.py:316: SupervisionWarnings: 'KeyPoints.confidence' is deprecated since 0.29.0 and will be removed in 0.32.0. Use 'KeyPoints.keypoint_confidence' instead.
  warn_deprecated(
/usr/local/lib/python3.12/dist-packages/supervision/key_points/core.py:308: SupervisionWarnings: 'KeyPoints.confidence' is deprecated since 0.29.0 and will be removed in 0.32.0. Use 'KeyPoints.keypoint_confidence' instead.
  warn_deprecated(
/usr/local/lib/python3.12/dist-packages/supervision/key_points/core.py:308: SupervisionWarnings: 'KeyPoints.confidence' is deprecated since 0.29.0 and will be removed in 0.32.0. Use 'KeyPoints.keypoint_confidence' instead.
  warn_deprecated(
/usr/local/lib/python3.12/dist-packages/supervision/key_points/core.py:308: SupervisionWarnings: 'KeyPoints.confidence' is deprecated since 0.29.0 and will be removed in 0.32.0. Use 'KeyPoints.keypoint_confidence' instead.
  warn_deprecated(
/usr/local/lib/python3.12/dist-packages/supervision/key_points/core.py:308: SupervisionWarnings: 'KeyPoints.confidence' is deprecated since 0.29.0 and will be removed in 0.32.0. Use 'KeyPoints.keypoint_confidence' instead.
  warn_deprecated(
 11%|█         | 83/750 [01:16<12:38,  1.14s/it]/usr/local/lib/python3.12/dist-packages/supervision/key_points/core.py:316: SupervisionWarnings: 'KeyPoints.confidence' is deprecated since 0.29.0 and will be removed in 0.32.0. Use 'KeyPoints.keypoint_confidence' instead.
  warn_deprecated(
/usr/local/lib/python3.12/dist-packages/supervision/key_points/core.py:308: SupervisionWarnings: 'KeyPoints.confidence' is deprecated since 0.29.0 and will be removed in 0.32.0. Use 'KeyPoints.keypoint_confidence' instead.
  warn_deprecated(
/usr/local/lib/python3.12/dist-packages/supervision/key_points/core.py:308: SupervisionWarnings: 'KeyPoints.confidence' is deprecated since 0.29.0 and will be removed in 0.32.0. Use 'KeyPoints.keypoint_confidence' instead.
  warn_deprecated(
/usr/local/lib/python3.12/dist-packages/supervision/key_points/core.py:308: SupervisionWarnings: 'KeyPoints.confidence' is deprecated since 0.29.0 and will be removed in 0.32.0. Use 'KeyPoints.keypoint_confidence' instead.
  warn_deprecated(
/usr/local/lib/python3.12/dist-packages/supervision/key_points/core.py:308: SupervisionWarnings: 'KeyPoints.confidence' is deprecated since 0.29.0 and will be removed in 0.32.0. Use 'KeyPoints.keypoint_confidence' instead.
  warn_deprecated(
 11%|█         | 84/750 [01:17<12:02,  1.08s/it]/usr/local/lib/python3.12/dist-packages/supervision/key_points/core.py:316: SupervisionWarnings: 'KeyPoints.confidence' is deprecated since 0.29.0 and will be removed in 0.32.0. Use 'KeyPoints.keypoint_confidence' instead.
  warn_deprecated(
/usr/local/lib/python3.12/dist-packages/supervision/key_points/core.py:308: SupervisionWarnings: 'KeyPoints.confidence' is deprecated since 0.29.0 and will be removed in 0.32.0. Use 'KeyPoints.keypoint_confidence' instead.
  warn_deprecated(
/usr/local/lib/python3.12/dist-packages/supervision/key_points/core.py:308: SupervisionWarnings: 'KeyPoints.confidence' is deprecated since 0.29.0 and will be removed in 0.32.0. Use 'KeyPoints.keypoint_confidence' instead.
  warn_deprecated(
/usr/local/lib/python3.12/dist-packages/supervision/key_points/core.py:308: SupervisionWarnings: 'KeyPoints.confidence' is deprecated since 0.29.0 and will be removed in 0.32.0. Use 'KeyPoints.keypoint_confidence' instead.
  warn_deprecated(
/usr/local/lib/python3.12/dist-packages/supervision/key_points/core.py:308: SupervisionWarnings: 'KeyPoints.confidence' is deprecated since 0.29.0 and will be removed in 0.32.0. Use 'KeyPoints.keypoint_confidence' instead.
  warn_deprecated(
 11%|█▏        | 85/750 [01:18<10:46,  1.03it/s]/usr/local/lib/python3.12/dist-packages/supervision/key_points/core.py:316: SupervisionWarnings: 'KeyPoints.confidence' is deprecated since 0.29.0 and will be removed in 0.32.0. Use 'KeyPoints.keypoint_confidence' instead.
  warn_deprecated(
/usr/local/lib/python3.12/dist-packages/supervision/key_points/core.py:308: SupervisionWarnings: 'KeyPoints.confidence' is deprecated since 0.29.0 and will be removed in 0.32.0. Use 'KeyPoints.keypoint_confidence' instead.
  warn_deprecated(
/usr/local/lib/python3.12/dist-packages/supervision/key_points/core.py:308: SupervisionWarnings: 'KeyPoints.confidence' is deprecated since 0.29.0 and will be removed in 0.32.0. Use 'KeyPoints.keypoint_confidence' instead.
  warn_deprecated(
/usr/local/lib/python3.12/dist-packages/supervision/key_points/core.py:308: SupervisionWarnings: 'KeyPoints.confidence' is deprecated since 0.29.0 and will be removed in 0.32.0. Use 'KeyPoints.keypoint_confidence' instead.
  warn_deprecated(
/usr/local/lib/python3.12/dist-packages/supervision/key_points/core.py:308: SupervisionWarnings: 'KeyPoints.confidence' is deprecated since 0.29.0 and will be removed in 0.32.0. Use 'KeyPoints.keypoint_confidence' instead.
  warn_deprecated(
 11%|█▏        | 86/750 [01:19<11:13,  1.01s/it]/usr/local/lib/python3.12/dist-packages/supervision/key_points/core.py:316: SupervisionWarnings: 'KeyPoints.confidence' is deprecated since 0.29.0 and will be removed in 0.32.0. Use 'KeyPoints.keypoint_confidence' instead.
  warn_deprecated(
/usr/local/lib/python3.12/dist-packages/supervision/key_points/core.py:308: SupervisionWarnings: 'KeyPoints.confidence' is deprecated since 0.29.0 and will be removed in 0.32.0. Use 'KeyPoints.keypoint_confidence' instead.
  warn_deprecated(
/usr/local/lib/python3.12/dist-packages/supervision/key_points/core.py:308: SupervisionWarnings: 'KeyPoints.confidence' is deprecated since 0.29.0 and will be removed in 0.32.0. Use 'KeyPoints.keypoint_confidence' instead.
  warn_deprecated(
/usr/local/lib/python3.12/dist-packages/supervision/key_points/core.py:308: SupervisionWarnings: 'KeyPoints.confidence' is deprecated since 0.29.0 and will be removed in 0.32.0. Use 'KeyPoints.keypoint_confidence' instead.
  warn_deprecated(
/usr/local/lib/python3.12/dist-packages/supervision/key_points/core.py:308: SupervisionWarnings: 'KeyPoints.confidence' is deprecated since 0.29.0 and will be removed in 0.32.0. Use 'KeyPoints.keypoint_confidence' instead.
  warn_deprecated(
 12%|█▏        | 87/750 [01:19<10:18,  1.07it/s]/usr/local/lib/python3.12/dist-packages/supervision/key_points/core.py:316: SupervisionWarnings: 'KeyPoints.confidence' is deprecated since 0.29.0 and will be removed in 0.32.0. Use 'KeyPoints.keypoint_confidence' instead.
  warn_deprecated(
/usr/local/lib/python3.12/dist-packages/supervision/key_points/core.py:308: SupervisionWarnings: 'KeyPoints.confidence' is deprecated since 0.29.0 and will be removed in 0.32.0. Use 'KeyPoints.keypoint_confidence' instead.
  warn_deprecated(
/usr/local/lib/python3.12/dist-packages/supervision/key_points/core.py:308: SupervisionWarnings: 'KeyPoints.confidence' is deprecated since 0.29.0 and will be removed in 0.32.0. Use 'KeyPoints.keypoint_confidence' instead.
  warn_deprecated(
/usr/local/lib/python3.12/dist-packages/supervision/key_points/core.py:308: SupervisionWarnings: 'KeyPoints.confidence' is deprecated since 0.29.0 and will be removed in 0.32.0. Use 'KeyPoints.keypoint_confidence' instead.
  warn_deprecated(
/usr/local/lib/python3.12/dist-packages/supervision/key_points/core.py:308: SupervisionWarnings: 'KeyPoints.confidence' is deprecated since 0.29.0 and will be removed in 0.32.0. Use 'KeyPoints.keypoint_confidence' instead.
  warn_deprecated(
 12%|█▏        | 88/750 [01:20<09:37,  1.15it/s]/usr/local/lib/python3.12/dist-packages/supervision/key_points/core.py:316: SupervisionWarnings: 'KeyPoints.confidence' is deprecated since 0.29.0 and will be removed in 0.32.0. Use 'KeyPoints.keypoint_confidence' instead.
  warn_deprecated(
/usr/local/lib/python3.12/dist-packages/supervision/key_points/core.py:308: SupervisionWarnings: 'KeyPoints.confidence' is deprecated since 0.29.0 and will be removed in 0.32.0. Use 'KeyPoints.keypoint_confidence' instead.
  warn_deprecated(
/usr/local/lib/python3.12/dist-packages/supervision/key_points/core.py:308: SupervisionWarnings: 'KeyPoints.confidence' is deprecated since 0.29.0 and will be removed in 0.32.0. Use 'KeyPoints.keypoint_confidence' instead.
  warn_deprecated(
/usr/local/lib/python3.12/dist-packages/supervision/key_points/core.py:308: SupervisionWarnings: 'KeyPoints.confidence' is deprecated since 0.29.0 and will be removed in 0.32.0. Use 'KeyPoints.keypoint_confidence' instead.
  warn_deprecated(
/usr/local/lib/python3.12/dist-packages/supervision/key_points/core.py:308: SupervisionWarnings: 'KeyPoints.confidence' is deprecated since 0.29.0 and will be removed in 0.32.0. Use 'KeyPoints.keypoint_confidence' instead.
  warn_deprecated(
 12%|█▏        | 89/750 [01:21<10:20,  1.07it/s]/usr/local/lib/python3.12/dist-packages/supervision/key_points/core.py:316: SupervisionWarnings: 'KeyPoints.confidence' is deprecated since 0.29.0 and will be removed in 0.32.0. Use 'KeyPoints.keypoint_confidence' instead.
  warn_deprecated(
/usr/local/lib/python3.12/dist-packages/supervision/key_points/core.py:308: SupervisionWarnings: 'KeyPoints.confidence' is deprecated since 0.29.0 and will be removed in 0.32.0. Use 'KeyPoints.keypoint_confidence' instead.
  warn_deprecated(
/usr/local/lib/python3.12/dist-packages/supervision/key_points/core.py:308: SupervisionWarnings: 'KeyPoints.confidence' is deprecated since 0.29.0 and will be removed in 0.32.0. Use 'KeyPoints.keypoint_confidence' instead.
  warn_deprecated(
/usr/local/lib/python3.12/dist-packages/supervision/key_points/core.py:308: SupervisionWarnings: 'KeyPoints.confidence' is deprecated since 0.29.0 and will be removed in 0.32.0. Use 'KeyPoints.keypoint_confidence' instead.
  warn_deprecated(
/usr/local/lib/python3.12/dist-packages/supervision/key_points/core.py:308: SupervisionWarnings: 'KeyPoints.confidence' is deprecated since 0.29.0 and will be removed in 0.32.0. Use 'KeyPoints.keypoint_confidence' instead.
  warn_deprecated(
 12%|█▏        | 90/750 [01:22<10:48,  1.02it/s]/usr/local/lib/python3.12/dist-packages/supervision/key_points/core.py:316: SupervisionWarnings: 'KeyPoints.confidence' is deprecated since 0.29.0 and will be removed in 0.32.0. Use 'KeyPoints.keypoint_confidence' instead.
  warn_deprecated(
/usr/local/lib/python3.12/dist-packages/supervision/key_points/core.py:308: SupervisionWarnings: 'KeyPoints.confidence' is deprecated since 0.29.0 and will be removed in 0.32.0. Use 'KeyPoints.keypoint_confidence' instead.
  warn_deprecated(
/usr/local/lib/python3.12/dist-packages/supervision/key_points/core.py:308: SupervisionWarnings: 'KeyPoints.confidence' is deprecated since 0.29.0 and will be removed in 0.32.0. Use 'KeyPoints.keypoint_confidence' instead.
  warn_deprecated(
/usr/local/lib/python3.12/dist-packages/supervision/key_points/core.py:308: SupervisionWarnings: 'KeyPoints.confidence' is deprecated since 0.29.0 and will be removed in 0.32.0. Use 'KeyPoints.keypoint_confidence' instead.
  warn_deprecated(
/usr/local/lib/python3.12/dist-packages/supervision/key_points/core.py:308: SupervisionWarnings: 'KeyPoints.confidence' is deprecated since 0.29.0 and will be removed in 0.32.0. Use 'KeyPoints.keypoint_confidence' instead.
  warn_deprecated(
 12%|█▏        | 91/750 [01:23<11:10,  1.02s/it]/usr/local/lib/python3.12/dist-packages/supervision/key_points/core.py:316: SupervisionWarnings: 'KeyPoints.confidence' is deprecated since 0.29.0 and will be removed in 0.32.0. Use 'KeyPoints.keypoint_confidence' instead.
  warn_deprecated(
/usr/local/lib/python3.12/dist-packages/supervision/key_points/core.py:308: SupervisionWarnings: 'KeyPoints.confidence' is deprecated since 0.29.0 and will be removed in 0.32.0. Use 'KeyPoints.keypoint_confidence' instead.
  warn_deprecated(
/usr/local/lib/python3.12/dist-packages/supervision/key_points/core.py:308: SupervisionWarnings: 'KeyPoints.confidence' is deprecated since 0.29.0 and will be removed in 0.32.0. Use 'KeyPoints.keypoint_confidence' instead.
  warn_deprecated(
/usr/local/lib/python3.12/dist-packages/supervision/key_points/core.py:308: SupervisionWarnings: 'KeyPoints.confidence' is deprecated since 0.29.0 and will be removed in 0.32.0. Use 'KeyPoints.keypoint_confidence' instead.
  warn_deprecated(
/usr/local/lib/python3.12/dist-packages/supervision/key_points/core.py:308: SupervisionWarnings: 'KeyPoints.confidence' is deprecated since 0.29.0 and will be removed in 0.32.0. Use 'KeyPoints.keypoint_confidence' instead.
  warn_deprecated(
 12%|█▏        | 92/750 [01:25<11:27,  1.05s/it]/usr/local/lib/python3.12/dist-packages/supervision/key_points/core.py:316: SupervisionWarnings: 'KeyPoints.confidence' is deprecated since 0.29.0 and will be removed in 0.32.0. Use 'KeyPoints.keypoint_confidence' instead.
  warn_deprecated(
/usr/local/lib/python3.12/dist-packages/supervision/key_points/core.py:308: SupervisionWarnings: 'KeyPoints.confidence' is deprecated since 0.29.0 and will be removed in 0.32.0. Use 'KeyPoints.keypoint_confidence' instead.
  warn_deprecated(
/usr/local/lib/python3.12/dist-packages/supervision/key_points/core.py:308: SupervisionWarnings: 'KeyPoints.confidence' is deprecated since 0.29.0 and will be removed in 0.32.0. Use 'KeyPoints.keypoint_confidence' instead.
  warn_deprecated(
/usr/local/lib/python3.12/dist-packages/supervision/key_points/core.py:308: SupervisionWarnings: 'KeyPoints.confidence' is deprecated since 0.29.0 and will be removed in 0.32.0. Use 'KeyPoints.keypoint_confidence' instead.
  warn_deprecated(
/usr/local/lib/python3.12/dist-packages/supervision/key_points/core.py:308: SupervisionWarnings: 'KeyPoints.confidence' is deprecated since 0.29.0 and will be removed in 0.32.0. Use 'KeyPoints.keypoint_confidence' instead.
  warn_deprecated(
 12%|█▏        | 93/750 [01:26<11:32,  1.05s/it]/usr/local/lib/python3.12/dist-packages/supervision/key_points/core.py:316: SupervisionWarnings: 'KeyPoints.confidence' is deprecated since 0.29.0 and will be removed in 0.32.0. Use 'KeyPoints.keypoint_confidence' instead.
  warn_deprecated(
/usr/local/lib/python3.12/dist-packages/supervision/key_points/core.py:308: SupervisionWarnings: 'KeyPoints.confidence' is deprecated since 0.29.0 and will be removed in 0.32.0. Use 'KeyPoints.keypoint_confidence' instead.
  warn_deprecated(
/usr/local/lib/python3.12/dist-packages/supervision/key_points/core.py:308: SupervisionWarnings: 'KeyPoints.confidence' is deprecated since 0.29.0 and will be removed in 0.32.0. Use 'KeyPoints.keypoint_confidence' instead.
  warn_deprecated(
/usr/local/lib/python3.12/dist-packages/supervision/key_points/core.py:308: SupervisionWarnings: 'KeyPoints.confidence' is deprecated since 0.29.0 and will be removed in 0.32.0. Use 'KeyPoints.keypoint_confidence' instead.
  warn_deprecated(
/usr/local/lib/python3.12/dist-packages/supervision/key_points/core.py:308: SupervisionWarnings: 'KeyPoints.confidence' is deprecated since 0.29.0 and will be removed in 0.32.0. Use 'KeyPoints.keypoint_confidence' instead.
  warn_deprecated(
 13%|█▎        | 94/750 [01:27<11:34,  1.06s/it]/usr/local/lib/python3.12/dist-packages/supervision/key_points/core.py:316: SupervisionWarnings: 'KeyPoints.confidence' is deprecated since 0.29.0 and will be removed in 0.32.0. Use 'KeyPoints.keypoint_confidence' instead.
  warn_deprecated(
/usr/local/lib/python3.12/dist-packages/supervision/key_points/core.py:308: SupervisionWarnings: 'KeyPoints.confidence' is deprecated since 0.29.0 and will be removed in 0.32.0. Use 'KeyPoints.keypoint_confidence' instead.
  warn_deprecated(
/usr/local/lib/python3.12/dist-packages/supervision/key_points/core.py:308: SupervisionWarnings: 'KeyPoints.confidence' is deprecated since 0.29.0 and will be removed in 0.32.0. Use 'KeyPoints.keypoint_confidence' instead.
  warn_deprecated(
/usr/local/lib/python3.12/dist-packages/supervision/key_points/core.py:308: SupervisionWarnings: 'KeyPoints.confidence' is deprecated since 0.29.0 and will be removed in 0.32.0. Use 'KeyPoints.keypoint_confidence' instead.
  warn_deprecated(
/usr/local/lib/python3.12/dist-packages/supervision/key_points/core.py:308: SupervisionWarnings: 'KeyPoints.confidence' is deprecated since 0.29.0 and will be removed in 0.32.0. Use 'KeyPoints.keypoint_confidence' instead.
  warn_deprecated(
 13%|█▎        | 95/750 [01:28<11:59,  1.10s/it]/usr/local/lib/python3.12/dist-packages/supervision/key_points/core.py:316: SupervisionWarnings: 'KeyPoints.confidence' is deprecated since 0.29.0 and will be removed in 0.32.0. Use 'KeyPoints.keypoint_confidence' instead.
  warn_deprecated(
/usr/local/lib/python3.12/dist-packages/supervision/key_points/core.py:308: SupervisionWarnings: 'KeyPoints.confidence' is deprecated since 0.29.0 and will be removed in 0.32.0. Use 'KeyPoints.keypoint_confidence' instead.
  warn_deprecated(
/usr/local/lib/python3.12/dist-packages/supervision/key_points/core.py:308: SupervisionWarnings: 'KeyPoints.confidence' is deprecated since 0.29.0 and will be removed in 0.32.0. Use 'KeyPoints.keypoint_confidence' instead.
  warn_deprecated(
/usr/local/lib/python3.12/dist-packages/supervision/key_points/core.py:308: SupervisionWarnings: 'KeyPoints.confidence' is deprecated since 0.29.0 and will be removed in 0.32.0. Use 'KeyPoints.keypoint_confidence' instead.
  warn_deprecated(
/usr/local/lib/python3.12/dist-packages/supervision/key_points/core.py:308: SupervisionWarnings: 'KeyPoints.confidence' is deprecated since 0.29.0 and will be removed in 0.32.0. Use 'KeyPoints.keypoint_confidence' instead.
  warn_deprecated(
 13%|█▎        | 96/750 [01:29<12:34,  1.15s/it]/usr/local/lib/python3.12/dist-packages/supervision/key_points/core.py:316: SupervisionWarnings: 'KeyPoints.confidence' is deprecated since 0.29.0 and will be removed in 0.32.0. Use 'KeyPoints.keypoint_confidence' instead.
  warn_deprecated(
/usr/local/lib/python3.12/dist-packages/supervision/key_points/core.py:308: SupervisionWarnings: 'KeyPoints.confidence' is deprecated since 0.29.0 and will be removed in 0.32.0. Use 'KeyPoints.keypoint_confidence' instead.
  warn_deprecated(
/usr/local/lib/python3.12/dist-packages/supervision/key_points/core.py:308: SupervisionWarnings: 'KeyPoints.confidence' is deprecated since 0.29.0 and will be removed in 0.32.0. Use 'KeyPoints.keypoint_confidence' instead.
  warn_deprecated(
/usr/local/lib/python3.12/dist-packages/supervision/key_points/core.py:308: SupervisionWarnings: 'KeyPoints.confidence' is deprecated since 0.29.0 and will be removed in 0.32.0. Use 'KeyPoints.keypoint_confidence' instead.
  warn_deprecated(
/usr/local/lib/python3.12/dist-packages/supervision/key_points/core.py:308: SupervisionWarnings: 'KeyPoints.confidence' is deprecated since 0.29.0 and will be removed in 0.32.0. Use 'KeyPoints.keypoint_confidence' instead.
  warn_deprecated(
 13%|█▎        | 97/750 [01:30<12:58,  1.19s/it]/usr/local/lib/python3.12/dist-packages/supervision/key_points/core.py:316: SupervisionWarnings: 'KeyPoints.confidence' is deprecated since 0.29.0 and will be removed in 0.32.0. Use 'KeyPoints.keypoint_confidence' instead.
  warn_deprecated(
/usr/local/lib/python3.12/dist-packages/supervision/key_points/core.py:308: SupervisionWarnings: 'KeyPoints.confidence' is deprecated since 0.29.0 and will be removed in 0.32.0. Use 'KeyPoints.keypoint_confidence' instead.
  warn_deprecated(
/usr/local/lib/python3.12/dist-packages/supervision/key_points/core.py:308: SupervisionWarnings: 'KeyPoints.confidence' is deprecated since 0.29.0 and will be removed in 0.32.0. Use 'KeyPoints.keypoint_confidence' instead.
  warn_deprecated(
/usr/local/lib/python3.12/dist-packages/supervision/key_points/core.py:308: SupervisionWarnings: 'KeyPoints.confidence' is deprecated since 0.29.0 and will be removed in 0.32.0. Use 'KeyPoints.keypoint_confidence' instead.
  warn_deprecated(
/usr/local/lib/python3.12/dist-packages/supervision/key_points/core.py:308: SupervisionWarnings: 'KeyPoints.confidence' is deprecated since 0.29.0 and will be removed in 0.32.0. Use 'KeyPoints.keypoint_confidence' instead.
  warn_deprecated(
 13%|█▎        | 98/750 [01:32<12:57,  1.19s/it]/usr/local/lib/python3.12/dist-packages/supervision/key_points/core.py:316: SupervisionWarnings: 'KeyPoints.confidence' is deprecated since 0.29.0 and will be removed in 0.32.0. Use 'KeyPoints.keypoint_confidence' instead.
  warn_deprecated(
/usr/local/lib/python3.12/dist-packages/supervision/key_points/core.py:308: SupervisionWarnings: 'KeyPoints.confidence' is deprecated since 0.29.0 and will be removed in 0.32.0. Use 'KeyPoints.keypoint_confidence' instead.
  warn_deprecated(
/usr/local/lib/python3.12/dist-packages/supervision/key_points/core.py:308: SupervisionWarnings: 'KeyPoints.confidence' is deprecated since 0.29.0 and will be removed in 0.32.0. Use 'KeyPoints.keypoint_confidence' instead.
  warn_deprecated(
/usr/local/lib/python3.12/dist-packages/supervision/key_points/core.py:308: SupervisionWarnings: 'KeyPoints.confidence' is deprecated since 0.29.0 and will be removed in 0.32.0. Use 'KeyPoints.keypoint_confidence' instead.
  warn_deprecated(
/usr/local/lib/python3.12/dist-packages/supervision/key_points/core.py:308: SupervisionWarnings: 'KeyPoints.confidence' is deprecated since 0.29.0 and will be removed in 0.32.0. Use 'KeyPoints.keypoint_confidence' instead.
  warn_deprecated(
 13%|█▎        | 99/750 [01:33<12:33,  1.16s/it]/usr/local/lib/python3.12/dist-packages/supervision/key_points/core.py:316: SupervisionWarnings: 'KeyPoints.confidence' is deprecated since 0.29.0 and will be removed in 0.32.0. Use 'KeyPoints.keypoint_confidence' instead.
  warn_deprecated(
/usr/local/lib/python3.12/dist-packages/supervision/key_points/core.py:308: SupervisionWarnings: 'KeyPoints.confidence' is deprecated since 0.29.0 and will be removed in 0.32.0. Use 'KeyPoints.keypoint_confidence' instead.
  warn_deprecated(
/usr/local/lib/python3.12/dist-packages/supervision/key_points/core.py:308: SupervisionWarnings: 'KeyPoints.confidence' is deprecated since 0.29.0 and will be removed in 0.32.0. Use 'KeyPoints.keypoint_confidence' instead.
  warn_deprecated(
/usr/local/lib/python3.12/dist-packages/supervision/key_points/core.py:308: SupervisionWarnings: 'KeyPoints.confidence' is deprecated since 0.29.0 and will be removed in 0.32.0. Use 'KeyPoints.keypoint_confidence' instead.
  warn_deprecated(
/usr/local/lib/python3.12/dist-packages/supervision/key_points/core.py:308: SupervisionWarnings: 'KeyPoints.confidence' is deprecated since 0.29.0 and will be removed in 0.32.0. Use 'KeyPoints.keypoint_confidence' instead.
  warn_deprecated(
 13%|█▎        | 100/750 [01:34<12:12,  1.13s/it]/usr/local/lib/python3.12/dist-packages/supervision/key_points/core.py:316: SupervisionWarnings: 'KeyPoints.confidence' is deprecated since 0.29.0 and will be removed in 0.32.0. Use 'KeyPoints.keypoint_confidence' instead.
  warn_deprecated(
/usr/local/lib/python3.12/dist-packages/supervision/key_points/core.py:308: SupervisionWarnings: 'KeyPoints.confidence' is deprecated since 0.29.0 and will be removed in 0.32.0. Use 'KeyPoints.keypoint_confidence' instead.
  warn_deprecated(
/usr/local/lib/python3.12/dist-packages/supervision/key_points/core.py:308: SupervisionWarnings: 'KeyPoints.confidence' is deprecated since 0.29.0 and will be removed in 0.32.0. Use 'KeyPoints.keypoint_confidence' instead.
  warn_deprecated(
/usr/local/lib/python3.12/dist-packages/supervision/key_points/core.py:308: SupervisionWarnings: 'KeyPoints.confidence' is deprecated since 0.29.0 and will be removed in 0.32.0. Use 'KeyPoints.keypoint_confidence' instead.
  warn_deprecated(
/usr/local/lib/python3.12/dist-packages/supervision/key_points/core.py:308: SupervisionWarnings: 'KeyPoints.confidence' is deprecated since 0.29.0 and will be removed in 0.32.0. Use 'KeyPoints.keypoint_confidence' instead.
  warn_deprecated(
 13%|█▎        | 101/750 [01:35<12:01,  1.11s/it]/usr/local/lib/python3.12/dist-packages/supervision/key_points/core.py:316: SupervisionWarnings: 'KeyPoints.confidence' is deprecated since 0.29.0 and will be removed in 0.32.0. Use 'KeyPoints.keypoint_confidence' instead.
  warn_deprecated(
/usr/local/lib/python3.12/dist-packages/supervision/key_points/core.py:308: SupervisionWarnings: 'KeyPoints.confidence' is deprecated since 0.29.0 and will be removed in 0.32.0. Use 'KeyPoints.keypoint_confidence' instead.
  warn_deprecated(
/usr/local/lib/python3.12/dist-packages/supervision/key_points/core.py:308: SupervisionWarnings: 'KeyPoints.confidence' is deprecated since 0.29.0 and will be removed in 0.32.0. Use 'KeyPoints.keypoint_confidence' instead.
  warn_deprecated(
/usr/local/lib/python3.12/dist-packages/supervision/key_points/core.py:308: SupervisionWarnings: 'KeyPoints.confidence' is deprecated since 0.29.0 and will be removed in 0.32.0. Use 'KeyPoints.keypoint_confidence' instead.
  warn_deprecated(
/usr/local/lib/python3.12/dist-packages/supervision/key_points/core.py:308: SupervisionWarnings: 'KeyPoints.confidence' is deprecated since 0.29.0 and will be removed in 0.32.0. Use 'KeyPoints.keypoint_confidence' instead.
  warn_deprecated(
 14%|█▎        | 102/750 [01:36<10:50,  1.00s/it]/usr/local/lib/python3.12/dist-packages/supervision/key_points/core.py:316: SupervisionWarnings: 'KeyPoints.confidence' is deprecated since 0.29.0 and will be removed in 0.32.0. Use 'KeyPoints.keypoint_confidence' instead.
  warn_deprecated(
/usr/local/lib/python3.12/dist-packages/supervision/key_points/core.py:308: SupervisionWarnings: 'KeyPoints.confidence' is deprecated since 0.29.0 and will be removed in 0.32.0. Use 'KeyPoints.keypoint_confidence' instead.
  warn_deprecated(
/usr/local/lib/python3.12/dist-packages/supervision/key_points/core.py:308: SupervisionWarnings: 'KeyPoints.confidence' is deprecated since 0.29.0 and will be removed in 0.32.0. Use 'KeyPoints.keypoint_confidence' instead.
  warn_deprecated(
/usr/local/lib/python3.12/dist-packages/supervision/key_points/core.py:308: SupervisionWarnings: 'KeyPoints.confidence' is deprecated since 0.29.0 and will be removed in 0.32.0. Use 'KeyPoints.keypoint_confidence' instead.
  warn_deprecated(
/usr/local/lib/python3.12/dist-packages/supervision/key_points/core.py:308: SupervisionWarnings: 'KeyPoints.confidence' is deprecated since 0.29.0 and will be removed in 0.32.0. Use 'KeyPoints.keypoint_confidence' instead.
  warn_deprecated(
 14%|█▎        | 103/750 [01:36<09:53,  1.09it/s]/usr/local/lib/python3.12/dist-packages/supervision/key_points/core.py:316: SupervisionWarnings: 'KeyPoints.confidence' is deprecated since 0.29.0 and will be removed in 0.32.0. Use 'KeyPoints.keypoint_confidence' instead.
  warn_deprecated(
/usr/local/lib/python3.12/dist-packages/supervision/key_points/core.py:308: SupervisionWarnings: 'KeyPoints.confidence' is deprecated since 0.29.0 and will be removed in 0.32.0. Use 'KeyPoints.keypoint_confidence' instead.
  warn_deprecated(
/usr/local/lib/python3.12/dist-packages/supervision/key_points/core.py:308: SupervisionWarnings: 'KeyPoints.confidence' is deprecated since 0.29.0 and will be removed in 0.32.0. Use 'KeyPoints.keypoint_confidence' instead.
  warn_deprecated(
/usr/local/lib/python3.12/dist-packages/supervision/key_points/core.py:308: SupervisionWarnings: 'KeyPoints.confidence' is deprecated since 0.29.0 and will be removed in 0.32.0. Use 'KeyPoints.keypoint_confidence' instead.
  warn_deprecated(
/usr/local/lib/python3.12/dist-packages/supervision/key_points/core.py:308: SupervisionWarnings: 'KeyPoints.confidence' is deprecated since 0.29.0 and will be removed in 0.32.0. Use 'KeyPoints.keypoint_confidence' instead.
  warn_deprecated(
 14%|█▍        | 104/750 [01:37<09:17,  1.16it/s]/usr/local/lib/python3.12/dist-packages/supervision/key_points/core.py:316: SupervisionWarnings: 'KeyPoints.confidence' is deprecated since 0.29.0 and will be removed in 0.32.0. Use 'KeyPoints.keypoint_confidence' instead.
  warn_deprecated(
/usr/local/lib/python3.12/dist-packages/supervision/key_points/core.py:308: SupervisionWarnings: 'KeyPoints.confidence' is deprecated since 0.29.0 and will be removed in 0.32.0. Use 'KeyPoints.keypoint_confidence' instead.
  warn_deprecated(
/usr/local/lib/python3.12/dist-packages/supervision/key_points/core.py:308: SupervisionWarnings: 'KeyPoints.confidence' is deprecated since 0.29.0 and will be removed in 0.32.0. Use 'KeyPoints.keypoint_confidence' instead.
  warn_deprecated(
/usr/local/lib/python3.12/dist-packages/supervision/key_points/core.py:308: SupervisionWarnings: 'KeyPoints.confidence' is deprecated since 0.29.0 and will be removed in 0.32.0. Use 'KeyPoints.keypoint_confidence' instead.
  warn_deprecated(
/usr/local/lib/python3.12/dist-packages/supervision/key_points/core.py:308: SupervisionWarnings: 'KeyPoints.confidence' is deprecated since 0.29.0 and will be removed in 0.32.0. Use 'KeyPoints.keypoint_confidence' instead.
  warn_deprecated(
 14%|█▍        | 105/750 [01:38<10:11,  1.06it/s]/usr/local/lib/python3.12/dist-packages/supervision/key_points/core.py:316: SupervisionWarnings: 'KeyPoints.confidence' is deprecated since 0.29.0 and will be removed in 0.32.0. Use 'KeyPoints.keypoint_confidence' instead.
  warn_deprecated(
/usr/local/lib/python3.12/dist-packages/supervision/key_points/core.py:308: SupervisionWarnings: 'KeyPoints.confidence' is deprecated since 0.29.0 and will be removed in 0.32.0. Use 'KeyPoints.keypoint_confidence' instead.
  warn_deprecated(
/usr/local/lib/python3.12/dist-packages/supervision/key_points/core.py:308: SupervisionWarnings: 'KeyPoints.confidence' is deprecated since 0.29.0 and will be removed in 0.32.0. Use 'KeyPoints.keypoint_confidence' instead.
  warn_deprecated(
/usr/local/lib/python3.12/dist-packages/supervision/key_points/core.py:308: SupervisionWarnings: 'KeyPoints.confidence' is deprecated since 0.29.0 and will be removed in 0.32.0. Use 'KeyPoints.keypoint_confidence' instead.
  warn_deprecated(
/usr/local/lib/python3.12/dist-packages/supervision/key_points/core.py:308: SupervisionWarnings: 'KeyPoints.confidence' is deprecated since 0.29.0 and will be removed in 0.32.0. Use 'KeyPoints.keypoint_confidence' instead.
  warn_deprecated(
 14%|█▍        | 106/750 [01:39<09:36,  1.12it/s]/usr/local/lib/python3.12/dist-packages/supervision/key_points/core.py:316: SupervisionWarnings: 'KeyPoints.confidence' is deprecated since 0.29.0 and will be removed in 0.32.0. Use 'KeyPoints.keypoint_confidence' instead.
  warn_deprecated(
/usr/local/lib/python3.12/dist-packages/supervision/key_points/core.py:308: SupervisionWarnings: 'KeyPoints.confidence' is deprecated since 0.29.0 and will be removed in 0.32.0. Use 'KeyPoints.keypoint_confidence' instead.
  warn_deprecated(
/usr/local/lib/python3.12/dist-packages/supervision/key_points/core.py:308: SupervisionWarnings: 'KeyPoints.confidence' is deprecated since 0.29.0 and will be removed in 0.32.0. Use 'KeyPoints.keypoint_confidence' instead.
  warn_deprecated(
/usr/local/lib/python3.12/dist-packages/supervision/key_points/core.py:308: SupervisionWarnings: 'KeyPoints.confidence' is deprecated since 0.29.0 and will be removed in 0.32.0. Use 'KeyPoints.keypoint_confidence' instead.
  warn_deprecated(
/usr/local/lib/python3.12/dist-packages/supervision/key_points/core.py:308: SupervisionWarnings: 'KeyPoints.confidence' is deprecated since 0.29.0 and will be removed in 0.32.0. Use 'KeyPoints.keypoint_confidence' instead.
  warn_deprecated(
 14%|█▍        | 107/750 [01:40<09:06,  1.18it/s]/usr/local/lib/python3.12/dist-packages/supervision/key_points/core.py:316: SupervisionWarnings: 'KeyPoints.confidence' is deprecated since 0.29.0 and will be removed in 0.32.0. Use 'KeyPoints.keypoint_confidence' instead.
  warn_deprecated(
/usr/local/lib/python3.12/dist-packages/supervision/key_points/core.py:308: SupervisionWarnings: 'KeyPoints.confidence' is deprecated since 0.29.0 and will be removed in 0.32.0. Use 'KeyPoints.keypoint_confidence' instead.
  warn_deprecated(
/usr/local/lib/python3.12/dist-packages/supervision/key_points/core.py:308: SupervisionWarnings: 'KeyPoints.confidence' is deprecated since 0.29.0 and will be removed in 0.32.0. Use 'KeyPoints.keypoint_confidence' instead.
  warn_deprecated(
/usr/local/lib/python3.12/dist-packages/supervision/key_points/core.py:308: SupervisionWarnings: 'KeyPoints.confidence' is deprecated since 0.29.0 and will be removed in 0.32.0. Use 'KeyPoints.keypoint_confidence' instead.
  warn_deprecated(
/usr/local/lib/python3.12/dist-packages/supervision/key_points/core.py:308: SupervisionWarnings: 'KeyPoints.confidence' is deprecated since 0.29.0 and will be removed in 0.32.0. Use 'KeyPoints.keypoint_confidence' instead.
  warn_deprecated(
 14%|█▍        | 108/750 [01:40<08:44,  1.22it/s]/usr/local/lib/python3.12/dist-packages/supervision/key_points/core.py:316: SupervisionWarnings: 'KeyPoints.confidence' is deprecated since 0.29.0 and will be removed in 0.32.0. Use 'KeyPoints.keypoint_confidence' instead.
  warn_deprecated(
/usr/local/lib/python3.12/dist-packages/supervision/key_points/core.py:308: SupervisionWarnings: 'KeyPoints.confidence' is deprecated since 0.29.0 and will be removed in 0.32.0. Use 'KeyPoints.keypoint_confidence' instead.
  warn_deprecated(
/usr/local/lib/python3.12/dist-packages/supervision/key_points/core.py:308: SupervisionWarnings: 'KeyPoints.confidence' is deprecated since 0.29.0 and will be removed in 0.32.0. Use 'KeyPoints.keypoint_confidence' instead.
  warn_deprecated(
/usr/local/lib/python3.12/dist-packages/supervision/key_points/core.py:308: SupervisionWarnings: 'KeyPoints.confidence' is deprecated since 0.29.0 and will be removed in 0.32.0. Use 'KeyPoints.keypoint_confidence' instead.
  warn_deprecated(
/usr/local/lib/python3.12/dist-packages/supervision/key_points/core.py:308: SupervisionWarnings: 'KeyPoints.confidence' is deprecated since 0.29.0 and will be removed in 0.32.0. Use 'KeyPoints.keypoint_confidence' instead.
  warn_deprecated(
 15%|█▍        | 109/750 [01:41<08:21,  1.28it/s]/usr/local/lib/python3.12/dist-packages/supervision/key_points/core.py:316: SupervisionWarnings: 'KeyPoints.confidence' is deprecated since 0.29.0 and will be removed in 0.32.0. Use 'KeyPoints.keypoint_confidence' instead.
  warn_deprecated(
/usr/local/lib/python3.12/dist-packages/supervision/key_points/core.py:308: SupervisionWarnings: 'KeyPoints.confidence' is deprecated since 0.29.0 and will be removed in 0.32.0. Use 'KeyPoints.keypoint_confidence' instead.
  warn_deprecated(
/usr/local/lib/python3.12/dist-packages/supervision/key_points/core.py:308: SupervisionWarnings: 'KeyPoints.confidence' is deprecated since 0.29.0 and will be removed in 0.32.0. Use 'KeyPoints.keypoint_confidence' instead.
  warn_deprecated(
/usr/local/lib/python3.12/dist-packages/supervision/key_points/core.py:308: SupervisionWarnings: 'KeyPoints.confidence' is deprecated since 0.29.0 and will be removed in 0.32.0. Use 'KeyPoints.keypoint_confidence' instead.
  warn_deprecated(
/usr/local/lib/python3.12/dist-packages/supervision/key_points/core.py:308: SupervisionWarnings: 'KeyPoints.confidence' is deprecated since 0.29.0 and will be removed in 0.32.0. Use 'KeyPoints.keypoint_confidence' instead.
  warn_deprecated(
 15%|█▍        | 110/750 [01:42<09:41,  1.10it/s]/usr/local/lib/python3.12/dist-packages/supervision/key_points/core.py:316: SupervisionWarnings: 'KeyPoints.confidence' is deprecated since 0.29.0 and will be removed in 0.32.0. Use 'KeyPoints.keypoint_confidence' instead.
  warn_deprecated(
/usr/local/lib/python3.12/dist-packages/supervision/key_points/core.py:308: SupervisionWarnings: 'KeyPoints.confidence' is deprecated since 0.29.0 and will be removed in 0.32.0. Use 'KeyPoints.keypoint_confidence' instead.
  warn_deprecated(
/usr/local/lib/python3.12/dist-packages/supervision/key_points/core.py:308: SupervisionWarnings: 'KeyPoints.confidence' is deprecated since 0.29.0 and will be removed in 0.32.0. Use 'KeyPoints.keypoint_confidence' instead.
  warn_deprecated(
/usr/local/lib/python3.12/dist-packages/supervision/key_points/core.py:308: SupervisionWarnings: 'KeyPoints.confidence' is deprecated since 0.29.0 and will be removed in 0.32.0. Use 'KeyPoints.keypoint_confidence' instead.
  warn_deprecated(
/usr/local/lib/python3.12/dist-packages/supervision/key_points/core.py:308: SupervisionWarnings: 'KeyPoints.confidence' is deprecated since 0.29.0 and will be removed in 0.32.0. Use 'KeyPoints.keypoint_confidence' instead.
  warn_deprecated(
 15%|█▍        | 111/750 [01:44<11:06,  1.04s/it]/usr/local/lib/python3.12/dist-packages/supervision/key_points/core.py:316: SupervisionWarnings: 'KeyPoints.confidence' is deprecated since 0.29.0 and will be removed in 0.32.0. Use 'KeyPoints.keypoint_confidence' instead.
  warn_deprecated(
/usr/local/lib/python3.12/dist-packages/supervision/key_points/core.py:308: SupervisionWarnings: 'KeyPoints.confidence' is deprecated since 0.29.0 and will be removed in 0.32.0. Use 'KeyPoints.keypoint_confidence' instead.
  warn_deprecated(
/usr/local/lib/python3.12/dist-packages/supervision/key_points/core.py:308: SupervisionWarnings: 'KeyPoints.confidence' is deprecated since 0.29.0 and will be removed in 0.32.0. Use 'KeyPoints.keypoint_confidence' instead.
  warn_deprecated(
/usr/local/lib/python3.12/dist-packages/supervision/key_points/core.py:308: SupervisionWarnings: 'KeyPoints.confidence' is deprecated since 0.29.0 and will be removed in 0.32.0. Use 'KeyPoints.keypoint_confidence' instead.
  warn_deprecated(
/usr/local/lib/python3.12/dist-packages/supervision/key_points/core.py:308: SupervisionWarnings: 'KeyPoints.confidence' is deprecated since 0.29.0 and will be removed in 0.32.0. Use 'KeyPoints.keypoint_confidence' instead.
  warn_deprecated(
 15%|█▍        | 112/750 [01:45<11:01,  1.04s/it]/usr/local/lib/python3.12/dist-packages/supervision/key_points/core.py:316: SupervisionWarnings: 'KeyPoints.confidence' is deprecated since 0.29.0 and will be removed in 0.32.0. Use 'KeyPoints.keypoint_confidence' instead.
  warn_deprecated(
/usr/local/lib/python3.12/dist-packages/supervision/key_points/core.py:308: SupervisionWarnings: 'KeyPoints.confidence' is deprecated since 0.29.0 and will be removed in 0.32.0. Use 'KeyPoints.keypoint_confidence' instead.
  warn_deprecated(
/usr/local/lib/python3.12/dist-packages/supervision/key_points/core.py:308: SupervisionWarnings: 'KeyPoints.confidence' is deprecated since 0.29.0 and will be removed in 0.32.0. Use 'KeyPoints.keypoint_confidence' instead.
  warn_deprecated(
/usr/local/lib/python3.12/dist-packages/supervision/key_points/core.py:308: SupervisionWarnings: 'KeyPoints.confidence' is deprecated since 0.29.0 and will be removed in 0.32.0. Use 'KeyPoints.keypoint_confidence' instead.
  warn_deprecated(
/usr/local/lib/python3.12/dist-packages/supervision/key_points/core.py:308: SupervisionWarnings: 'KeyPoints.confidence' is deprecated since 0.29.0 and will be removed in 0.32.0. Use 'KeyPoints.keypoint_confidence' instead.
  warn_deprecated(
 15%|█▌        | 113/750 [01:46<10:33,  1.00it/s]/usr/local/lib/python3.12/dist-packages/supervision/key_points/core.py:316: SupervisionWarnings: 'KeyPoints.confidence' is deprecated since 0.29.0 and will be removed in 0.32.0. Use 'KeyPoints.keypoint_confidence' instead.
  warn_deprecated(
/usr/local/lib/python3.12/dist-packages/supervision/key_points/core.py:308: SupervisionWarnings: 'KeyPoints.confidence' is deprecated since 0.29.0 and will be removed in 0.32.0. Use 'KeyPoints.keypoint_confidence' instead.
  warn_deprecated(
/usr/local/lib/python3.12/dist-packages/supervision/key_points/core.py:308: SupervisionWarnings: 'KeyPoints.confidence' is deprecated since 0.29.0 and will be removed in 0.32.0. Use 'KeyPoints.keypoint_confidence' instead.
  warn_deprecated(
/usr/local/lib/python3.12/dist-packages/supervision/key_points/core.py:308: SupervisionWarnings: 'KeyPoints.confidence' is deprecated since 0.29.0 and will be removed in 0.32.0. Use 'KeyPoints.keypoint_confidence' instead.
  warn_deprecated(
/usr/local/lib/python3.12/dist-packages/supervision/key_points/core.py:308: SupervisionWarnings: 'KeyPoints.confidence' is deprecated since 0.29.0 and will be removed in 0.32.0. Use 'KeyPoints.keypoint_confidence' instead.
  warn_deprecated(
 15%|█▌        | 114/750 [01:47<11:25,  1.08s/it]/usr/local/lib/python3.12/dist-packages/supervision/key_points/core.py:316: SupervisionWarnings: 'KeyPoints.confidence' is deprecated since 0.29.0 and will be removed in 0.32.0. Use 'KeyPoints.keypoint_confidence' instead.
  warn_deprecated(
/usr/local/lib/python3.12/dist-packages/supervision/key_points/core.py:308: SupervisionWarnings: 'KeyPoints.confidence' is deprecated since 0.29.0 and will be removed in 0.32.0. Use 'KeyPoints.keypoint_confidence' instead.
  warn_deprecated(
/usr/local/lib/python3.12/dist-packages/supervision/key_points/core.py:308: SupervisionWarnings: 'KeyPoints.confidence' is deprecated since 0.29.0 and will be removed in 0.32.0. Use 'KeyPoints.keypoint_confidence' instead.
  warn_deprecated(
/usr/local/lib/python3.12/dist-packages/supervision/key_points/core.py:308: SupervisionWarnings: 'KeyPoints.confidence' is deprecated since 0.29.0 and will be removed in 0.32.0. Use 'KeyPoints.keypoint_confidence' instead.
  warn_deprecated(
/usr/local/lib/python3.12/dist-packages/supervision/key_points/core.py:308: SupervisionWarnings: 'KeyPoints.confidence' is deprecated since 0.29.0 and will be removed in 0.32.0. Use 'KeyPoints.keypoint_confidence' instead.
  warn_deprecated(
 15%|█▌        | 115/750 [01:48<10:21,  1.02it/s]/usr/local/lib/python3.12/dist-packages/supervision/key_points/core.py:316: SupervisionWarnings: 'KeyPoints.confidence' is deprecated since 0.29.0 and will be removed in 0.32.0. Use 'KeyPoints.keypoint_confidence' instead.
  warn_deprecated(
/usr/local/lib/python3.12/dist-packages/supervision/key_points/core.py:308: SupervisionWarnings: 'KeyPoints.confidence' is deprecated since 0.29.0 and will be removed in 0.32.0. Use 'KeyPoints.keypoint_confidence' instead.
  warn_deprecated(
/usr/local/lib/python3.12/dist-packages/supervision/key_points/core.py:308: SupervisionWarnings: 'KeyPoints.confidence' is deprecated since 0.29.0 and will be removed in 0.32.0. Use 'KeyPoints.keypoint_confidence' instead.
  warn_deprecated(
/usr/local/lib/python3.12/dist-packages/supervision/key_points/core.py:308: SupervisionWarnings: 'KeyPoints.confidence' is deprecated since 0.29.0 and will be removed in 0.32.0. Use 'KeyPoints.keypoint_confidence' instead.
  warn_deprecated(
/usr/local/lib/python3.12/dist-packages/supervision/key_points/core.py:308: SupervisionWarnings: 'KeyPoints.confidence' is deprecated since 0.29.0 and will be removed in 0.32.0. Use 'KeyPoints.keypoint_confidence' instead.
  warn_deprecated(
 15%|█▌        | 116/750 [01:49<10:40,  1.01s/it]/usr/local/lib/python3.12/dist-packages/supervision/key_points/core.py:316: SupervisionWarnings: 'KeyPoints.confidence' is deprecated since 0.29.0 and will be removed in 0.32.0. Use 'KeyPoints.keypoint_confidence' instead.
  warn_deprecated(
/usr/local/lib/python3.12/dist-packages/supervision/key_points/core.py:308: SupervisionWarnings: 'KeyPoints.confidence' is deprecated since 0.29.0 and will be removed in 0.32.0. Use 'KeyPoints.keypoint_confidence' instead.
  warn_deprecated(
/usr/local/lib/python3.12/dist-packages/supervision/key_points/core.py:308: SupervisionWarnings: 'KeyPoints.confidence' is deprecated since 0.29.0 and will be removed in 0.32.0. Use 'KeyPoints.keypoint_confidence' instead.
  warn_deprecated(
/usr/local/lib/python3.12/dist-packages/supervision/key_points/core.py:308: SupervisionWarnings: 'KeyPoints.confidence' is deprecated since 0.29.0 and will be removed in 0.32.0. Use 'KeyPoints.keypoint_confidence' instead.
  warn_deprecated(
/usr/local/lib/python3.12/dist-packages/supervision/key_points/core.py:308: SupervisionWarnings: 'KeyPoints.confidence' is deprecated since 0.29.0 and will be removed in 0.32.0. Use 'KeyPoints.keypoint_confidence' instead.
  warn_deprecated(
 16%|█▌        | 117/750 [01:49<09:44,  1.08it/s]/usr/local/lib/python3.12/dist-packages/supervision/key_points/core.py:316: SupervisionWarnings: 'KeyPoints.confidence' is deprecated since 0.29.0 and will be removed in 0.32.0. Use 'KeyPoints.keypoint_confidence' instead.
  warn_deprecated(
/usr/local/lib/python3.12/dist-packages/supervision/key_points/core.py:308: SupervisionWarnings: 'KeyPoints.confidence' is deprecated since 0.29.0 and will be removed in 0.32.0. Use 'KeyPoints.keypoint_confidence' instead.
  warn_deprecated(
/usr/local/lib/python3.12/dist-packages/supervision/key_points/core.py:308: SupervisionWarnings: 'KeyPoints.confidence' is deprecated since 0.29.0 and will be removed in 0.32.0. Use 'KeyPoints.keypoint_confidence' instead.
  warn_deprecated(
/usr/local/lib/python3.12/dist-packages/supervision/key_points/core.py:308: SupervisionWarnings: 'KeyPoints.confidence' is deprecated since 0.29.0 and will be removed in 0.32.0. Use 'KeyPoints.keypoint_confidence' instead.
  warn_deprecated(
/usr/local/lib/python3.12/dist-packages/supervision/key_points/core.py:308: SupervisionWarnings: 'KeyPoints.confidence' is deprecated since 0.29.0 and will be removed in 0.32.0. Use 'KeyPoints.keypoint_confidence' instead.
  warn_deprecated(
 16%|█▌        | 118/750 [01:50<09:07,  1.15it/s]/usr/local/lib/python3.12/dist-packages/supervision/key_points/core.py:316: SupervisionWarnings: 'KeyPoints.confidence' is deprecated since 0.29.0 and will be removed in 0.32.0. Use 'KeyPoints.keypoint_confidence' instead.
  warn_deprecated(
/usr/local/lib/python3.12/dist-packages/supervision/key_points/core.py:308: SupervisionWarnings: 'KeyPoints.confidence' is deprecated since 0.29.0 and will be removed in 0.32.0. Use 'KeyPoints.keypoint_confidence' instead.
  warn_deprecated(
/usr/local/lib/python3.12/dist-packages/supervision/key_points/core.py:308: SupervisionWarnings: 'KeyPoints.confidence' is deprecated since 0.29.0 and will be removed in 0.32.0. Use 'KeyPoints.keypoint_confidence' instead.
  warn_deprecated(
/usr/local/lib/python3.12/dist-packages/supervision/key_points/core.py:308: SupervisionWarnings: 'KeyPoints.confidence' is deprecated since 0.29.0 and will be removed in 0.32.0. Use 'KeyPoints.keypoint_confidence' instead.
  warn_deprecated(
/usr/local/lib/python3.12/dist-packages/supervision/key_points/core.py:308: SupervisionWarnings: 'KeyPoints.confidence' is deprecated since 0.29.0 and will be removed in 0.32.0. Use 'KeyPoints.keypoint_confidence' instead.
  warn_deprecated(
 16%|█▌        | 119/750 [01:51<08:40,  1.21it/s]/usr/local/lib/python3.12/dist-packages/supervision/key_points/core.py:316: SupervisionWarnings: 'KeyPoints.confidence' is deprecated since 0.29.0 and will be removed in 0.32.0. Use 'KeyPoints.keypoint_confidence' instead.
  warn_deprecated(
/usr/local/lib/python3.12/dist-packages/supervision/key_points/core.py:308: SupervisionWarnings: 'KeyPoints.confidence' is deprecated since 0.29.0 and will be removed in 0.32.0. Use 'KeyPoints.keypoint_confidence' instead.
  warn_deprecated(
/usr/local/lib/python3.12/dist-packages/supervision/key_points/core.py:308: SupervisionWarnings: 'KeyPoints.confidence' is deprecated since 0.29.0 and will be removed in 0.32.0. Use 'KeyPoints.keypoint_confidence' instead.
  warn_deprecated(
/usr/local/lib/python3.12/dist-packages/supervision/key_points/core.py:308: SupervisionWarnings: 'KeyPoints.confidence' is deprecated since 0.29.0 and will be removed in 0.32.0. Use 'KeyPoints.keypoint_confidence' instead.
  warn_deprecated(
/usr/local/lib/python3.12/dist-packages/supervision/key_points/core.py:308: SupervisionWarnings: 'KeyPoints.confidence' is deprecated since 0.29.0 and will be removed in 0.32.0. Use 'KeyPoints.keypoint_confidence' instead.
  warn_deprecated(
 16%|█▌        | 120/750 [01:52<09:32,  1.10it/s]/usr/local/lib/python3.12/dist-packages/supervision/key_points/core.py:316: SupervisionWarnings: 'KeyPoints.confidence' is deprecated since 0.29.0 and will be removed in 0.32.0. Use 'KeyPoints.keypoint_confidence' instead.
  warn_deprecated(
/usr/local/lib/python3.12/dist-packages/supervision/key_points/core.py:308: SupervisionWarnings: 'KeyPoints.confidence' is deprecated since 0.29.0 and will be removed in 0.32.0. Use 'KeyPoints.keypoint_confidence' instead.
  warn_deprecated(
/usr/local/lib/python3.12/dist-packages/supervision/key_points/core.py:308: SupervisionWarnings: 'KeyPoints.confidence' is deprecated since 0.29.0 and will be removed in 0.32.0. Use 'KeyPoints.keypoint_confidence' instead.
  warn_deprecated(
/usr/local/lib/python3.12/dist-packages/supervision/key_points/core.py:308: SupervisionWarnings: 'KeyPoints.confidence' is deprecated since 0.29.0 and will be removed in 0.32.0. Use 'KeyPoints.keypoint_confidence' instead.
  warn_deprecated(
/usr/local/lib/python3.12/dist-packages/supervision/key_points/core.py:308: SupervisionWarnings: 'KeyPoints.confidence' is deprecated since 0.29.0 and will be removed in 0.32.0. Use 'KeyPoints.keypoint_confidence' instead.
  warn_deprecated(
 16%|█▌        | 121/750 [01:53<10:13,  1.03it/s]/usr/local/lib/python3.12/dist-packages/supervision/key_points/core.py:316: SupervisionWarnings: 'KeyPoints.confidence' is deprecated since 0.29.0 and will be removed in 0.32.0. Use 'KeyPoints.keypoint_confidence' instead.
  warn_deprecated(
/usr/local/lib/python3.12/dist-packages/supervision/key_points/core.py:308: SupervisionWarnings: 'KeyPoints.confidence' is deprecated since 0.29.0 and will be removed in 0.32.0. Use 'KeyPoints.keypoint_confidence' instead.
  warn_deprecated(
/usr/local/lib/python3.12/dist-packages/supervision/key_points/core.py:308: SupervisionWarnings: 'KeyPoints.confidence' is deprecated since 0.29.0 and will be removed in 0.32.0. Use 'KeyPoints.keypoint_confidence' instead.
  warn_deprecated(
/usr/local/lib/python3.12/dist-packages/supervision/key_points/core.py:308: SupervisionWarnings: 'KeyPoints.confidence' is deprecated since 0.29.0 and will be removed in 0.32.0. Use 'KeyPoints.keypoint_confidence' instead.
  warn_deprecated(
/usr/local/lib/python3.12/dist-packages/supervision/key_points/core.py:308: SupervisionWarnings: 'KeyPoints.confidence' is deprecated since 0.29.0 and will be removed in 0.32.0. Use 'KeyPoints.keypoint_confidence' instead.
  warn_deprecated(
 16%|█▋        | 122/750 [01:54<09:29,  1.10it/s]/usr/local/lib/python3.12/dist-packages/supervision/key_points/core.py:316: SupervisionWarnings: 'KeyPoints.confidence' is deprecated since 0.29.0 and will be removed in 0.32.0. Use 'KeyPoints.keypoint_confidence' instead.
  warn_deprecated(
/usr/local/lib/python3.12/dist-packages/supervision/key_points/core.py:308: SupervisionWarnings: 'KeyPoints.confidence' is deprecated since 0.29.0 and will be removed in 0.32.0. Use 'KeyPoints.keypoint_confidence' instead.
  warn_deprecated(
/usr/local/lib/python3.12/dist-packages/supervision/key_points/core.py:308: SupervisionWarnings: 'KeyPoints.confidence' is deprecated since 0.29.0 and will be removed in 0.32.0. Use 'KeyPoints.keypoint_confidence' instead.
  warn_deprecated(
/usr/local/lib/python3.12/dist-packages/supervision/key_points/core.py:308: SupervisionWarnings: 'KeyPoints.confidence' is deprecated since 0.29.0 and will be removed in 0.32.0. Use 'KeyPoints.keypoint_confidence' instead.
  warn_deprecated(
/usr/local/lib/python3.12/dist-packages/supervision/key_points/core.py:308: SupervisionWarnings: 'KeyPoints.confidence' is deprecated since 0.29.0 and will be removed in 0.32.0. Use 'KeyPoints.keypoint_confidence' instead.
  warn_deprecated(
 16%|█▋        | 123/750 [01:55<08:55,  1.17it/s]/usr/local/lib/python3.12/dist-packages/supervision/key_points/core.py:316: SupervisionWarnings: 'KeyPoints.confidence' is deprecated since 0.29.0 and will be removed in 0.32.0. Use 'KeyPoints.keypoint_confidence' instead.
  warn_deprecated(
/usr/local/lib/python3.12/dist-packages/supervision/key_points/core.py:308: SupervisionWarnings: 'KeyPoints.confidence' is deprecated since 0.29.0 and will be removed in 0.32.0. Use 'KeyPoints.keypoint_confidence' instead.
  warn_deprecated(
/usr/local/lib/python3.12/dist-packages/supervision/key_points/core.py:308: SupervisionWarnings: 'KeyPoints.confidence' is deprecated since 0.29.0 and will be removed in 0.32.0. Use 'KeyPoints.keypoint_confidence' instead.
  warn_deprecated(
/usr/local/lib/python3.12/dist-packages/supervision/key_points/core.py:308: SupervisionWarnings: 'KeyPoints.confidence' is deprecated since 0.29.0 and will be removed in 0.32.0. Use 'KeyPoints.keypoint_confidence' instead.
  warn_deprecated(
/usr/local/lib/python3.12/dist-packages/supervision/key_points/core.py:308: SupervisionWarnings: 'KeyPoints.confidence' is deprecated since 0.29.0 and will be removed in 0.32.0. Use 'KeyPoints.keypoint_confidence' instead.
  warn_deprecated(
 17%|█▋        | 124/750 [01:55<08:32,  1.22it/s]/usr/local/lib/python3.12/dist-packages/supervision/key_points/core.py:316: SupervisionWarnings: 'KeyPoints.confidence' is deprecated since 0.29.0 and will be removed in 0.32.0. Use 'KeyPoints.keypoint_confidence' instead.
  warn_deprecated(
/usr/local/lib/python3.12/dist-packages/supervision/key_points/core.py:308: SupervisionWarnings: 'KeyPoints.confidence' is deprecated since 0.29.0 and will be removed in 0.32.0. Use 'KeyPoints.keypoint_confidence' instead.
  warn_deprecated(
/usr/local/lib/python3.12/dist-packages/supervision/key_points/core.py:308: SupervisionWarnings: 'KeyPoints.confidence' is deprecated since 0.29.0 and will be removed in 0.32.0. Use 'KeyPoints.keypoint_confidence' instead.
  warn_deprecated(
/usr/local/lib/python3.12/dist-packages/supervision/key_points/core.py:308: SupervisionWarnings: 'KeyPoints.confidence' is deprecated since 0.29.0 and will be removed in 0.32.0. Use 'KeyPoints.keypoint_confidence' instead.
  warn_deprecated(
/usr/local/lib/python3.12/dist-packages/supervision/key_points/core.py:308: SupervisionWarnings: 'KeyPoints.confidence' is deprecated since 0.29.0 and will be removed in 0.32.0. Use 'KeyPoints.keypoint_confidence' instead.
  warn_deprecated(
 17%|█▋        | 125/750 [01:56<08:29,  1.23it/s]/usr/local/lib/python3.12/dist-packages/supervision/key_points/core.py:316: SupervisionWarnings: 'KeyPoints.confidence' is deprecated since 0.29.0 and will be removed in 0.32.0. Use 'KeyPoints.keypoint_confidence' instead.
  warn_deprecated(
/usr/local/lib/python3.12/dist-packages/supervision/key_points/core.py:308: SupervisionWarnings: 'KeyPoints.confidence' is deprecated since 0.29.0 and will be removed in 0.32.0. Use 'KeyPoints.keypoint_confidence' instead.
  warn_deprecated(
/usr/local/lib/python3.12/dist-packages/supervision/key_points/core.py:308: SupervisionWarnings: 'KeyPoints.confidence' is deprecated since 0.29.0 and will be removed in 0.32.0. Use 'KeyPoints.keypoint_confidence' instead.
  warn_deprecated(
/usr/local/lib/python3.12/dist-packages/supervision/key_points/core.py:308: SupervisionWarnings: 'KeyPoints.confidence' is deprecated since 0.29.0 and will be removed in 0.32.0. Use 'KeyPoints.keypoint_confidence' instead.
  warn_deprecated(
/usr/local/lib/python3.12/dist-packages/supervision/key_points/core.py:308: SupervisionWarnings: 'KeyPoints.confidence' is deprecated since 0.29.0 and will be removed in 0.32.0. Use 'KeyPoints.keypoint_confidence' instead.
  warn_deprecated(
 17%|█▋        | 126/750 [01:58<10:13,  1.02it/s]/usr/local/lib/python3.12/dist-packages/supervision/key_points/core.py:316: SupervisionWarnings: 'KeyPoints.confidence' is deprecated since 0.29.0 and will be removed in 0.32.0. Use 'KeyPoints.keypoint_confidence' instead.
  warn_deprecated(
/usr/local/lib/python3.12/dist-packages/supervision/key_points/core.py:308: SupervisionWarnings: 'KeyPoints.confidence' is deprecated since 0.29.0 and will be removed in 0.32.0. Use 'KeyPoints.keypoint_confidence' instead.
  warn_deprecated(
/usr/local/lib/python3.12/dist-packages/supervision/key_points/core.py:308: SupervisionWarnings: 'KeyPoints.confidence' is deprecated since 0.29.0 and will be removed in 0.32.0. Use 'KeyPoints.keypoint_confidence' instead.
  warn_deprecated(
/usr/local/lib/python3.12/dist-packages/supervision/key_points/core.py:308: SupervisionWarnings: 'KeyPoints.confidence' is deprecated since 0.29.0 and will be removed in 0.32.0. Use 'KeyPoints.keypoint_confidence' instead.
  warn_deprecated(
/usr/local/lib/python3.12/dist-packages/supervision/key_points/core.py:308: SupervisionWarnings: 'KeyPoints.confidence' is deprecated since 0.29.0 and will be removed in 0.32.0. Use 'KeyPoints.keypoint_confidence' instead.
  warn_deprecated(
 17%|█▋        | 127/750 [01:59<11:07,  1.07s/it]/usr/local/lib/python3.12/dist-packages/supervision/key_points/core.py:316: SupervisionWarnings: 'KeyPoints.confidence' is deprecated since 0.29.0 and will be removed in 0.32.0. Use 'KeyPoints.keypoint_confidence' instead.
  warn_deprecated(
/usr/local/lib/python3.12/dist-packages/supervision/key_points/core.py:308: SupervisionWarnings: 'KeyPoints.confidence' is deprecated since 0.29.0 and will be removed in 0.32.0. Use 'KeyPoints.keypoint_confidence' instead.
  warn_deprecated(
/usr/local/lib/python3.12/dist-packages/supervision/key_points/core.py:308: SupervisionWarnings: 'KeyPoints.confidence' is deprecated since 0.29.0 and will be removed in 0.32.0. Use 'KeyPoints.keypoint_confidence' instead.
  warn_deprecated(
/usr/local/lib/python3.12/dist-packages/supervision/key_points/core.py:308: SupervisionWarnings: 'KeyPoints.confidence' is deprecated since 0.29.0 and will be removed in 0.32.0. Use 'KeyPoints.keypoint_confidence' instead.
  warn_deprecated(
/usr/local/lib/python3.12/dist-packages/supervision/key_points/core.py:308: SupervisionWarnings: 'KeyPoints.confidence' is deprecated since 0.29.0 and will be removed in 0.32.0. Use 'KeyPoints.keypoint_confidence' instead.
  warn_deprecated(
 17%|█▋        | 128/750 [02:00<11:51,  1.14s/it]/usr/local/lib/python3.12/dist-packages/supervision/key_points/core.py:316: SupervisionWarnings: 'KeyPoints.confidence' is deprecated since 0.29.0 and will be removed in 0.32.0. Use 'KeyPoints.keypoint_confidence' instead.
  warn_deprecated(
/usr/local/lib/python3.12/dist-packages/supervision/key_points/core.py:308: SupervisionWarnings: 'KeyPoints.confidence' is deprecated since 0.29.0 and will be removed in 0.32.0. Use 'KeyPoints.keypoint_confidence' instead.
  warn_deprecated(
/usr/local/lib/python3.12/dist-packages/supervision/key_points/core.py:308: SupervisionWarnings: 'KeyPoints.confidence' is deprecated since 0.29.0 and will be removed in 0.32.0. Use 'KeyPoints.keypoint_confidence' instead.
  warn_deprecated(
/usr/local/lib/python3.12/dist-packages/supervision/key_points/core.py:308: SupervisionWarnings: 'KeyPoints.confidence' is deprecated since 0.29.0 and will be removed in 0.32.0. Use 'KeyPoints.keypoint_confidence' instead.
  warn_deprecated(
/usr/local/lib/python3.12/dist-packages/supervision/key_points/core.py:308: SupervisionWarnings: 'KeyPoints.confidence' is deprecated since 0.29.0 and will be removed in 0.32.0. Use 'KeyPoints.keypoint_confidence' instead.
  warn_deprecated(
 17%|█▋        | 129/750 [02:01<10:42,  1.04s/it]/usr/local/lib/python3.12/dist-packages/supervision/key_points/core.py:316: SupervisionWarnings: 'KeyPoints.confidence' is deprecated since 0.29.0 and will be removed in 0.32.0. Use 'KeyPoints.keypoint_confidence' instead.
  warn_deprecated(
/usr/local/lib/python3.12/dist-packages/supervision/key_points/core.py:308: SupervisionWarnings: 'KeyPoints.confidence' is deprecated since 0.29.0 and will be removed in 0.32.0. Use 'KeyPoints.keypoint_confidence' instead.
  warn_deprecated(
/usr/local/lib/python3.12/dist-packages/supervision/key_points/core.py:308: SupervisionWarnings: 'KeyPoints.confidence' is deprecated since 0.29.0 and will be removed in 0.32.0. Use 'KeyPoints.keypoint_confidence' instead.
  warn_deprecated(
/usr/local/lib/python3.12/dist-packages/supervision/key_points/core.py:308: SupervisionWarnings: 'KeyPoints.confidence' is deprecated since 0.29.0 and will be removed in 0.32.0. Use 'KeyPoints.keypoint_confidence' instead.
  warn_deprecated(
/usr/local/lib/python3.12/dist-packages/supervision/key_points/core.py:308: SupervisionWarnings: 'KeyPoints.confidence' is deprecated since 0.29.0 and will be removed in 0.32.0. Use 'KeyPoints.keypoint_confidence' instead.
  warn_deprecated(
 17%|█▋        | 130/750 [02:02<10:56,  1.06s/it]/usr/local/lib/python3.12/dist-packages/supervision/key_points/core.py:316: SupervisionWarnings: 'KeyPoints.confidence' is deprecated since 0.29.0 and will be removed in 0.32.0. Use 'KeyPoints.keypoint_confidence' instead.
  warn_deprecated(
/usr/local/lib/python3.12/dist-packages/supervision/key_points/core.py:308: SupervisionWarnings: 'KeyPoints.confidence' is deprecated since 0.29.0 and will be removed in 0.32.0. Use 'KeyPoints.keypoint_confidence' instead.
  warn_deprecated(
/usr/local/lib/python3.12/dist-packages/supervision/key_points/core.py:308: SupervisionWarnings: 'KeyPoints.confidence' is deprecated since 0.29.0 and will be removed in 0.32.0. Use 'KeyPoints.keypoint_confidence' instead.
  warn_deprecated(
/usr/local/lib/python3.12/dist-packages/supervision/key_points/core.py:308: SupervisionWarnings: 'KeyPoints.confidence' is deprecated since 0.29.0 and will be removed in 0.32.0. Use 'KeyPoints.keypoint_confidence' instead.
  warn_deprecated(
/usr/local/lib/python3.12/dist-packages/supervision/key_points/core.py:308: SupervisionWarnings: 'KeyPoints.confidence' is deprecated since 0.29.0 and will be removed in 0.32.0. Use 'KeyPoints.keypoint_confidence' instead.
  warn_deprecated(
 17%|█▋        | 131/750 [02:03<11:16,  1.09s/it]/usr/local/lib/python3.12/dist-packages/supervision/key_points/core.py:316: SupervisionWarnings: 'KeyPoints.confidence' is deprecated since 0.29.0 and will be removed in 0.32.0. Use 'KeyPoints.keypoint_confidence' instead.
  warn_deprecated(
/usr/local/lib/python3.12/dist-packages/supervision/key_points/core.py:308: SupervisionWarnings: 'KeyPoints.confidence' is deprecated since 0.29.0 and will be removed in 0.32.0. Use 'KeyPoints.keypoint_confidence' instead.
  warn_deprecated(
/usr/local/lib/python3.12/dist-packages/supervision/key_points/core.py:308: SupervisionWarnings: 'KeyPoints.confidence' is deprecated since 0.29.0 and will be removed in 0.32.0. Use 'KeyPoints.keypoint_confidence' instead.
  warn_deprecated(
/usr/local/lib/python3.12/dist-packages/supervision/key_points/core.py:308: SupervisionWarnings: 'KeyPoints.confidence' is deprecated since 0.29.0 and will be removed in 0.32.0. Use 'KeyPoints.keypoint_confidence' instead.
  warn_deprecated(
/usr/local/lib/python3.12/dist-packages/supervision/key_points/core.py:308: SupervisionWarnings: 'KeyPoints.confidence' is deprecated since 0.29.0 and will be removed in 0.32.0. Use 'KeyPoints.keypoint_confidence' instead.
  warn_deprecated(
 18%|█▊        | 132/750 [02:04<11:22,  1.11s/it]/usr/local/lib/python3.12/dist-packages/supervision/key_points/core.py:316: SupervisionWarnings: 'KeyPoints.confidence' is deprecated since 0.29.0 and will be removed in 0.32.0. Use 'KeyPoints.keypoint_confidence' instead.
  warn_deprecated(
/usr/local/lib/python3.12/dist-packages/supervision/key_points/core.py:308: SupervisionWarnings: 'KeyPoints.confidence' is deprecated since 0.29.0 and will be removed in 0.32.0. Use 'KeyPoints.keypoint_confidence' instead.
  warn_deprecated(
/usr/local/lib/python3.12/dist-packages/supervision/key_points/core.py:308: SupervisionWarnings: 'KeyPoints.confidence' is deprecated since 0.29.0 and will be removed in 0.32.0. Use 'KeyPoints.keypoint_confidence' instead.
  warn_deprecated(
/usr/local/lib/python3.12/dist-packages/supervision/key_points/core.py:308: SupervisionWarnings: 'KeyPoints.confidence' is deprecated since 0.29.0 and will be removed in 0.32.0. Use 'KeyPoints.keypoint_confidence' instead.
  warn_deprecated(
/usr/local/lib/python3.12/dist-packages/supervision/key_points/core.py:308: SupervisionWarnings: 'KeyPoints.confidence' is deprecated since 0.29.0 and will be removed in 0.32.0. Use 'KeyPoints.keypoint_confidence' instead.
  warn_deprecated(
 18%|█▊        | 133/750 [02:05<11:26,  1.11s/it]/usr/local/lib/python3.12/dist-packages/supervision/key_points/core.py:316: SupervisionWarnings: 'KeyPoints.confidence' is deprecated since 0.29.0 and will be removed in 0.32.0. Use 'KeyPoints.keypoint_confidence' instead.
  warn_deprecated(
/usr/local/lib/python3.12/dist-packages/supervision/key_points/core.py:308: SupervisionWarnings: 'KeyPoints.confidence' is deprecated since 0.29.0 and will be removed in 0.32.0. Use 'KeyPoints.keypoint_confidence' instead.
  warn_deprecated(
/usr/local/lib/python3.12/dist-packages/supervision/key_points/core.py:308: SupervisionWarnings: 'KeyPoints.confidence' is deprecated since 0.29.0 and will be removed in 0.32.0. Use 'KeyPoints.keypoint_confidence' instead.
  warn_deprecated(
/usr/local/lib/python3.12/dist-packages/supervision/key_points/core.py:308: SupervisionWarnings: 'KeyPoints.confidence' is deprecated since 0.29.0 and will be removed in 0.32.0. Use 'KeyPoints.keypoint_confidence' instead.
  warn_deprecated(
/usr/local/lib/python3.12/dist-packages/supervision/key_points/core.py:308: SupervisionWarnings: 'KeyPoints.confidence' is deprecated since 0.29.0 and will be removed in 0.32.0. Use 'KeyPoints.keypoint_confidence' instead.
  warn_deprecated(
 18%|█▊        | 134/750 [02:07<11:34,  1.13s/it]/usr/local/lib/python3.12/dist-packages/supervision/key_points/core.py:316: SupervisionWarnings: 'KeyPoints.confidence' is deprecated since 0.29.0 and will be removed in 0.32.0. Use 'KeyPoints.keypoint_confidence' instead.
  warn_deprecated(
/usr/local/lib/python3.12/dist-packages/supervision/key_points/core.py:308: SupervisionWarnings: 'KeyPoints.confidence' is deprecated since 0.29.0 and will be removed in 0.32.0. Use 'KeyPoints.keypoint_confidence' instead.
  warn_deprecated(
/usr/local/lib/python3.12/dist-packages/supervision/key_points/core.py:308: SupervisionWarnings: 'KeyPoints.confidence' is deprecated since 0.29.0 and will be removed in 0.32.0. Use 'KeyPoints.keypoint_confidence' instead.
  warn_deprecated(
/usr/local/lib/python3.12/dist-packages/supervision/key_points/core.py:308: SupervisionWarnings: 'KeyPoints.confidence' is deprecated since 0.29.0 and will be removed in 0.32.0. Use 'KeyPoints.keypoint_confidence' instead.
  warn_deprecated(
/usr/local/lib/python3.12/dist-packages/supervision/key_points/core.py:308: SupervisionWarnings: 'KeyPoints.confidence' is deprecated since 0.29.0 and will be removed in 0.32.0. Use 'KeyPoints.keypoint_confidence' instead.
  warn_deprecated(
 18%|█▊        | 135/750 [02:08<11:35,  1.13s/it]/usr/local/lib/python3.12/dist-packages/supervision/key_points/core.py:316: SupervisionWarnings: 'KeyPoints.confidence' is deprecated since 0.29.0 and will be removed in 0.32.0. Use 'KeyPoints.keypoint_confidence' instead.
  warn_deprecated(
/usr/local/lib/python3.12/dist-packages/supervision/key_points/core.py:308: SupervisionWarnings: 'KeyPoints.confidence' is deprecated since 0.29.0 and will be removed in 0.32.0. Use 'KeyPoints.keypoint_confidence' instead.
  warn_deprecated(
/usr/local/lib/python3.12/dist-packages/supervision/key_points/core.py:308: SupervisionWarnings: 'KeyPoints.confidence' is deprecated since 0.29.0 and will be removed in 0.32.0. Use 'KeyPoints.keypoint_confidence' instead.
  warn_deprecated(
/usr/local/lib/python3.12/dist-packages/supervision/key_points/core.py:308: SupervisionWarnings: 'KeyPoints.confidence' is deprecated since 0.29.0 and will be removed in 0.32.0. Use 'KeyPoints.keypoint_confidence' instead.
  warn_deprecated(
/usr/local/lib/python3.12/dist-packages/supervision/key_points/core.py:308: SupervisionWarnings: 'KeyPoints.confidence' is deprecated since 0.29.0 and will be removed in 0.32.0. Use 'KeyPoints.keypoint_confidence' instead.
  warn_deprecated(
 18%|█▊        | 136/750 [02:09<11:31,  1.13s/it]/usr/local/lib/python3.12/dist-packages/supervision/key_points/core.py:316: SupervisionWarnings: 'KeyPoints.confidence' is deprecated since 0.29.0 and will be removed in 0.32.0. Use 'KeyPoints.keypoint_confidence' instead.
  warn_deprecated(
/usr/local/lib/python3.12/dist-packages/supervision/key_points/core.py:308: SupervisionWarnings: 'KeyPoints.confidence' is deprecated since 0.29.0 and will be removed in 0.32.0. Use 'KeyPoints.keypoint_confidence' instead.
  warn_deprecated(
/usr/local/lib/python3.12/dist-packages/supervision/key_points/core.py:308: SupervisionWarnings: 'KeyPoints.confidence' is deprecated since 0.29.0 and will be removed in 0.32.0. Use 'KeyPoints.keypoint_confidence' instead.
  warn_deprecated(
/usr/local/lib/python3.12/dist-packages/supervision/key_points/core.py:308: SupervisionWarnings: 'KeyPoints.confidence' is deprecated since 0.29.0 and will be removed in 0.32.0. Use 'KeyPoints.keypoint_confidence' instead.
  warn_deprecated(
/usr/local/lib/python3.12/dist-packages/supervision/key_points/core.py:308: SupervisionWarnings: 'KeyPoints.confidence' is deprecated since 0.29.0 and will be removed in 0.32.0. Use 'KeyPoints.keypoint_confidence' instead.
  warn_deprecated(
 18%|█▊        | 137/750 [02:10<11:39,  1.14s/it]/usr/local/lib/python3.12/dist-packages/supervision/key_points/core.py:316: SupervisionWarnings: 'KeyPoints.confidence' is deprecated since 0.29.0 and will be removed in 0.32.0. Use 'KeyPoints.keypoint_confidence' instead.
  warn_deprecated(
/usr/local/lib/python3.12/dist-packages/supervision/key_points/core.py:308: SupervisionWarnings: 'KeyPoints.confidence' is deprecated since 0.29.0 and will be removed in 0.32.0. Use 'KeyPoints.keypoint_confidence' instead.
  warn_deprecated(
/usr/local/lib/python3.12/dist-packages/supervision/key_points/core.py:308: SupervisionWarnings: 'KeyPoints.confidence' is deprecated since 0.29.0 and will be removed in 0.32.0. Use 'KeyPoints.keypoint_confidence' instead.
  warn_deprecated(
/usr/local/lib/python3.12/dist-packages/supervision/key_points/core.py:308: SupervisionWarnings: 'KeyPoints.confidence' is deprecated since 0.29.0 and will be removed in 0.32.0. Use 'KeyPoints.keypoint_confidence' instead.
  warn_deprecated(
/usr/local/lib/python3.12/dist-packages/supervision/key_points/core.py:308: SupervisionWarnings: 'KeyPoints.confidence' is deprecated since 0.29.0 and will be removed in 0.32.0. Use 'KeyPoints.keypoint_confidence' instead.
  warn_deprecated(
 18%|█▊        | 138/750 [02:11<11:56,  1.17s/it]/usr/local/lib/python3.12/dist-packages/supervision/key_points/core.py:316: SupervisionWarnings: 'KeyPoints.confidence' is deprecated since 0.29.0 and will be removed in 0.32.0. Use 'KeyPoints.keypoint_confidence' instead.
  warn_deprecated(
/usr/local/lib/python3.12/dist-packages/supervision/key_points/core.py:308: SupervisionWarnings: 'KeyPoints.confidence' is deprecated since 0.29.0 and will be removed in 0.32.0. Use 'KeyPoints.keypoint_confidence' instead.
  warn_deprecated(
/usr/local/lib/python3.12/dist-packages/supervision/key_points/core.py:308: SupervisionWarnings: 'KeyPoints.confidence' is deprecated since 0.29.0 and will be removed in 0.32.0. Use 'KeyPoints.keypoint_confidence' instead.
  warn_deprecated(
/usr/local/lib/python3.12/dist-packages/supervision/key_points/core.py:308: SupervisionWarnings: 'KeyPoints.confidence' is deprecated since 0.29.0 and will be removed in 0.32.0. Use 'KeyPoints.keypoint_confidence' instead.
  warn_deprecated(
/usr/local/lib/python3.12/dist-packages/supervision/key_points/core.py:308: SupervisionWarnings: 'KeyPoints.confidence' is deprecated since 0.29.0 and will be removed in 0.32.0. Use 'KeyPoints.keypoint_confidence' instead.
  warn_deprecated(
 19%|█▊        | 139/750 [02:12<11:05,  1.09s/it]/usr/local/lib/python3.12/dist-packages/supervision/key_points/core.py:316: SupervisionWarnings: 'KeyPoints.confidence' is deprecated since 0.29.0 and will be removed in 0.32.0. Use 'KeyPoints.keypoint_confidence' instead.
  warn_deprecated(
/usr/local/lib/python3.12/dist-packages/supervision/key_points/core.py:308: SupervisionWarnings: 'KeyPoints.confidence' is deprecated since 0.29.0 and will be removed in 0.32.0. Use 'KeyPoints.keypoint_confidence' instead.
  warn_deprecated(
/usr/local/lib/python3.12/dist-packages/supervision/key_points/core.py:308: SupervisionWarnings: 'KeyPoints.confidence' is deprecated since 0.29.0 and will be removed in 0.32.0. Use 'KeyPoints.keypoint_confidence' instead.
  warn_deprecated(
/usr/local/lib/python3.12/dist-packages/supervision/key_points/core.py:308: SupervisionWarnings: 'KeyPoints.confidence' is deprecated since 0.29.0 and will be removed in 0.32.0. Use 'KeyPoints.keypoint_confidence' instead.
  warn_deprecated(
/usr/local/lib/python3.12/dist-packages/supervision/key_points/core.py:308: SupervisionWarnings: 'KeyPoints.confidence' is deprecated since 0.29.0 and will be removed in 0.32.0. Use 'KeyPoints.keypoint_confidence' instead.
  warn_deprecated(
 19%|█▊        | 140/750 [02:14<11:46,  1.16s/it]/usr/local/lib/python3.12/dist-packages/supervision/key_points/core.py:316: SupervisionWarnings: 'KeyPoints.confidence' is deprecated since 0.29.0 and will be removed in 0.32.0. Use 'KeyPoints.keypoint_confidence' instead.
  warn_deprecated(
/usr/local/lib/python3.12/dist-packages/supervision/key_points/core.py:308: SupervisionWarnings: 'KeyPoints.confidence' is deprecated since 0.29.0 and will be removed in 0.32.0. Use 'KeyPoints.keypoint_confidence' instead.
  warn_deprecated(
/usr/local/lib/python3.12/dist-packages/supervision/key_points/core.py:308: SupervisionWarnings: 'KeyPoints.confidence' is deprecated since 0.29.0 and will be removed in 0.32.0. Use 'KeyPoints.keypoint_confidence' instead.
  warn_deprecated(
/usr/local/lib/python3.12/dist-packages/supervision/key_points/core.py:308: SupervisionWarnings: 'KeyPoints.confidence' is deprecated since 0.29.0 and will be removed in 0.32.0. Use 'KeyPoints.keypoint_confidence' instead.
  warn_deprecated(
/usr/local/lib/python3.12/dist-packages/supervision/key_points/core.py:308: SupervisionWarnings: 'KeyPoints.confidence' is deprecated since 0.29.0 and will be removed in 0.32.0. Use 'KeyPoints.keypoint_confidence' instead.
  warn_deprecated(
 19%|█▉        | 141/750 [02:15<12:30,  1.23s/it]/usr/local/lib/python3.12/dist-packages/supervision/key_points/core.py:316: SupervisionWarnings: 'KeyPoints.confidence' is deprecated since 0.29.0 and will be removed in 0.32.0. Use 'KeyPoints.keypoint_confidence' instead.
  warn_deprecated(
/usr/local/lib/python3.12/dist-packages/supervision/key_points/core.py:308: SupervisionWarnings: 'KeyPoints.confidence' is deprecated since 0.29.0 and will be removed in 0.32.0. Use 'KeyPoints.keypoint_confidence' instead.
  warn_deprecated(
/usr/local/lib/python3.12/dist-packages/supervision/key_points/core.py:308: SupervisionWarnings: 'KeyPoints.confidence' is deprecated since 0.29.0 and will be removed in 0.32.0. Use 'KeyPoints.keypoint_confidence' instead.
  warn_deprecated(
/usr/local/lib/python3.12/dist-packages/supervision/key_points/core.py:308: SupervisionWarnings: 'KeyPoints.confidence' is deprecated since 0.29.0 and will be removed in 0.32.0. Use 'KeyPoints.keypoint_confidence' instead.
  warn_deprecated(
/usr/local/lib/python3.12/dist-packages/supervision/key_points/core.py:308: SupervisionWarnings: 'KeyPoints.confidence' is deprecated since 0.29.0 and will be removed in 0.32.0. Use 'KeyPoints.keypoint_confidence' instead.
  warn_deprecated(
 19%|█▉        | 142/750 [02:16<11:03,  1.09s/it]/usr/local/lib/python3.12/dist-packages/supervision/key_points/core.py:316: SupervisionWarnings: 'KeyPoints.confidence' is deprecated since 0.29.0 and will be removed in 0.32.0. Use 'KeyPoints.keypoint_confidence' instead.
  warn_deprecated(
/usr/local/lib/python3.12/dist-packages/supervision/key_points/core.py:308: SupervisionWarnings: 'KeyPoints.confidence' is deprecated since 0.29.0 and will be removed in 0.32.0. Use 'KeyPoints.keypoint_confidence' instead.
  warn_deprecated(
/usr/local/lib/python3.12/dist-packages/supervision/key_points/core.py:308: SupervisionWarnings: 'KeyPoints.confidence' is deprecated since 0.29.0 and will be removed in 0.32.0. Use 'KeyPoints.keypoint_confidence' instead.
  warn_deprecated(
/usr/local/lib/python3.12/dist-packages/supervision/key_points/core.py:308: SupervisionWarnings: 'KeyPoints.confidence' is deprecated since 0.29.0 and will be removed in 0.32.0. Use 'KeyPoints.keypoint_confidence' instead.
  warn_deprecated(
/usr/local/lib/python3.12/dist-packages/supervision/key_points/core.py:308: SupervisionWarnings: 'KeyPoints.confidence' is deprecated since 0.29.0 and will be removed in 0.32.0. Use 'KeyPoints.keypoint_confidence' instead.
  warn_deprecated(
 19%|█▉        | 143/750 [02:17<11:19,  1.12s/it]/usr/local/lib/python3.12/dist-packages/supervision/key_points/core.py:316: SupervisionWarnings: 'KeyPoints.confidence' is deprecated since 0.29.0 and will be removed in 0.32.0. Use 'KeyPoints.keypoint_confidence' instead.
  warn_deprecated(
/usr/local/lib/python3.12/dist-packages/supervision/key_points/core.py:308: SupervisionWarnings: 'KeyPoints.confidence' is deprecated since 0.29.0 and will be removed in 0.32.0. Use 'KeyPoints.keypoint_confidence' instead.
  warn_deprecated(
/usr/local/lib/python3.12/dist-packages/supervision/key_points/core.py:308: SupervisionWarnings: 'KeyPoints.confidence' is deprecated since 0.29.0 and will be removed in 0.32.0. Use 'KeyPoints.keypoint_confidence' instead.
  warn_deprecated(
/usr/local/lib/python3.12/dist-packages/supervision/key_points/core.py:308: SupervisionWarnings: 'KeyPoints.confidence' is deprecated since 0.29.0 and will be removed in 0.32.0. Use 'KeyPoints.keypoint_confidence' instead.
  warn_deprecated(
/usr/local/lib/python3.12/dist-packages/supervision/key_points/core.py:308: SupervisionWarnings: 'KeyPoints.confidence' is deprecated since 0.29.0 and will be removed in 0.32.0. Use 'KeyPoints.keypoint_confidence' instead.
  warn_deprecated(
 19%|█▉        | 144/750 [02:18<11:26,  1.13s/it]/usr/local/lib/python3.12/dist-packages/supervision/key_points/core.py:316: SupervisionWarnings: 'KeyPoints.confidence' is deprecated since 0.29.0 and will be removed in 0.32.0. Use 'KeyPoints.keypoint_confidence' instead.
  warn_deprecated(
/usr/local/lib/python3.12/dist-packages/supervision/key_points/core.py:308: SupervisionWarnings: 'KeyPoints.confidence' is deprecated since 0.29.0 and will be removed in 0.32.0. Use 'KeyPoints.keypoint_confidence' instead.
  warn_deprecated(
/usr/local/lib/python3.12/dist-packages/supervision/key_points/core.py:308: SupervisionWarnings: 'KeyPoints.confidence' is deprecated since 0.29.0 and will be removed in 0.32.0. Use 'KeyPoints.keypoint_confidence' instead.
  warn_deprecated(
/usr/local/lib/python3.12/dist-packages/supervision/key_points/core.py:308: SupervisionWarnings: 'KeyPoints.confidence' is deprecated since 0.29.0 and will be removed in 0.32.0. Use 'KeyPoints.keypoint_confidence' instead.
  warn_deprecated(
/usr/local/lib/python3.12/dist-packages/supervision/key_points/core.py:308: SupervisionWarnings: 'KeyPoints.confidence' is deprecated since 0.29.0 and will be removed in 0.32.0. Use 'KeyPoints.keypoint_confidence' instead.
  warn_deprecated(
 19%|█▉        | 145/750 [02:19<10:20,  1.03s/it]/usr/local/lib/python3.12/dist-packages/supervision/key_points/core.py:316: SupervisionWarnings: 'KeyPoints.confidence' is deprecated since 0.29.0 and will be removed in 0.32.0. Use 'KeyPoints.keypoint_confidence' instead.
  warn_deprecated(
/usr/local/lib/python3.12/dist-packages/supervision/key_points/core.py:308: SupervisionWarnings: 'KeyPoints.confidence' is deprecated since 0.29.0 and will be removed in 0.32.0. Use 'KeyPoints.keypoint_confidence' instead.
  warn_deprecated(
/usr/local/lib/python3.12/dist-packages/supervision/key_points/core.py:308: SupervisionWarnings: 'KeyPoints.confidence' is deprecated since 0.29.0 and will be removed in 0.32.0. Use 'KeyPoints.keypoint_confidence' instead.
  warn_deprecated(
/usr/local/lib/python3.12/dist-packages/supervision/key_points/core.py:308: SupervisionWarnings: 'KeyPoints.confidence' is deprecated since 0.29.0 and will be removed in 0.32.0. Use 'KeyPoints.keypoint_confidence' instead.
  warn_deprecated(
/usr/local/lib/python3.12/dist-packages/supervision/key_points/core.py:308: SupervisionWarnings: 'KeyPoints.confidence' is deprecated since 0.29.0 and will be removed in 0.32.0. Use 'KeyPoints.keypoint_confidence' instead.
  warn_deprecated(
 19%|█▉        | 146/750 [02:20<09:37,  1.05it/s]/usr/local/lib/python3.12/dist-packages/supervision/key_points/core.py:316: SupervisionWarnings: 'KeyPoints.confidence' is deprecated since 0.29.0 and will be removed in 0.32.0. Use 'KeyPoints.keypoint_confidence' instead.
  warn_deprecated(
/usr/local/lib/python3.12/dist-packages/supervision/key_points/core.py:308: SupervisionWarnings: 'KeyPoints.confidence' is deprecated since 0.29.0 and will be removed in 0.32.0. Use 'KeyPoints.keypoint_confidence' instead.
  warn_deprecated(
/usr/local/lib/python3.12/dist-packages/supervision/key_points/core.py:308: SupervisionWarnings: 'KeyPoints.confidence' is deprecated since 0.29.0 and will be removed in 0.32.0. Use 'KeyPoints.keypoint_confidence' instead.
  warn_deprecated(
/usr/local/lib/python3.12/dist-packages/supervision/key_points/core.py:308: SupervisionWarnings: 'KeyPoints.confidence' is deprecated since 0.29.0 and will be removed in 0.32.0. Use 'KeyPoints.keypoint_confidence' instead.
  warn_deprecated(
/usr/local/lib/python3.12/dist-packages/supervision/key_points/core.py:308: SupervisionWarnings: 'KeyPoints.confidence' is deprecated since 0.29.0 and will be removed in 0.32.0. Use 'KeyPoints.keypoint_confidence' instead.
  warn_deprecated(
 20%|█▉        | 147/750 [02:20<09:02,  1.11it/s]/usr/local/lib/python3.12/dist-packages/supervision/key_points/core.py:316: SupervisionWarnings: 'KeyPoints.confidence' is deprecated since 0.29.0 and will be removed in 0.32.0. Use 'KeyPoints.keypoint_confidence' instead.
  warn_deprecated(
/usr/local/lib/python3.12/dist-packages/supervision/key_points/core.py:308: SupervisionWarnings: 'KeyPoints.confidence' is deprecated since 0.29.0 and will be removed in 0.32.0. Use 'KeyPoints.keypoint_confidence' instead.
  warn_deprecated(
/usr/local/lib/python3.12/dist-packages/supervision/key_points/core.py:308: SupervisionWarnings: 'KeyPoints.confidence' is deprecated since 0.29.0 and will be removed in 0.32.0. Use 'KeyPoints.keypoint_confidence' instead.
  warn_deprecated(
/usr/local/lib/python3.12/dist-packages/supervision/key_points/core.py:308: SupervisionWarnings: 'KeyPoints.confidence' is deprecated since 0.29.0 and will be removed in 0.32.0. Use 'KeyPoints.keypoint_confidence' instead.
  warn_deprecated(
/usr/local/lib/python3.12/dist-packages/supervision/key_points/core.py:308: SupervisionWarnings: 'KeyPoints.confidence' is deprecated since 0.29.0 and will be removed in 0.32.0. Use 'KeyPoints.keypoint_confidence' instead.
  warn_deprecated(
 20%|█▉        | 148/750 [02:21<08:38,  1.16it/s]/usr/local/lib/python3.12/dist-packages/supervision/key_points/core.py:316: SupervisionWarnings: 'KeyPoints.confidence' is deprecated since 0.29.0 and will be removed in 0.32.0. Use 'KeyPoints.keypoint_confidence' instead.
  warn_deprecated(
/usr/local/lib/python3.12/dist-packages/supervision/key_points/core.py:308: SupervisionWarnings: 'KeyPoints.confidence' is deprecated since 0.29.0 and will be removed in 0.32.0. Use 'KeyPoints.keypoint_confidence' instead.
  warn_deprecated(
/usr/local/lib/python3.12/dist-packages/supervision/key_points/core.py:308: SupervisionWarnings: 'KeyPoints.confidence' is deprecated since 0.29.0 and will be removed in 0.32.0. Use 'KeyPoints.keypoint_confidence' instead.
  warn_deprecated(
/usr/local/lib/python3.12/dist-packages/supervision/key_points/core.py:308: SupervisionWarnings: 'KeyPoints.confidence' is deprecated since 0.29.0 and will be removed in 0.32.0. Use 'KeyPoints.keypoint_confidence' instead.
  warn_deprecated(
/usr/local/lib/python3.12/dist-packages/supervision/key_points/core.py:308: SupervisionWarnings: 'KeyPoints.confidence' is deprecated since 0.29.0 and will be removed in 0.32.0. Use 'KeyPoints.keypoint_confidence' instead.
  warn_deprecated(
 20%|█▉        | 149/750 [02:22<08:15,  1.21it/s]/usr/local/lib/python3.12/dist-packages/supervision/key_points/core.py:316: SupervisionWarnings: 'KeyPoints.confidence' is deprecated since 0.29.0 and will be removed in 0.32.0. Use 'KeyPoints.keypoint_confidence' instead.
  warn_deprecated(
/usr/local/lib/python3.12/dist-packages/supervision/key_points/core.py:308: SupervisionWarnings: 'KeyPoints.confidence' is deprecated since 0.29.0 and will be removed in 0.32.0. Use 'KeyPoints.keypoint_confidence' instead.
  warn_deprecated(
/usr/local/lib/python3.12/dist-packages/supervision/key_points/core.py:308: SupervisionWarnings: 'KeyPoints.confidence' is deprecated since 0.29.0 and will be removed in 0.32.0. Use 'KeyPoints.keypoint_confidence' instead.
  warn_deprecated(
/usr/local/lib/python3.12/dist-packages/supervision/key_points/core.py:308: SupervisionWarnings: 'KeyPoints.confidence' is deprecated since 0.29.0 and will be removed in 0.32.0. Use 'KeyPoints.keypoint_confidence' instead.
  warn_deprecated(
/usr/local/lib/python3.12/dist-packages/supervision/key_points/core.py:308: SupervisionWarnings: 'KeyPoints.confidence' is deprecated since 0.29.0 and will be removed in 0.32.0. Use 'KeyPoints.keypoint_confidence' instead.
  warn_deprecated(
 20%|██        | 150/750 [02:23<07:59,  1.25it/s]/usr/local/lib/python3.12/dist-packages/supervision/key_points/core.py:316: SupervisionWarnings: 'KeyPoints.confidence' is deprecated since 0.29.0 and will be removed in 0.32.0. Use 'KeyPoints.keypoint_confidence' instead.
  warn_deprecated(
/usr/local/lib/python3.12/dist-packages/supervision/key_points/core.py:308: SupervisionWarnings: 'KeyPoints.confidence' is deprecated since 0.29.0 and will be removed in 0.32.0. Use 'KeyPoints.keypoint_confidence' instead.
  warn_deprecated(
/usr/local/lib/python3.12/dist-packages/supervision/key_points/core.py:308: SupervisionWarnings: 'KeyPoints.confidence' is deprecated since 0.29.0 and will be removed in 0.32.0. Use 'KeyPoints.keypoint_confidence' instead.
  warn_deprecated(
/usr/local/lib/python3.12/dist-packages/supervision/key_points/core.py:308: SupervisionWarnings: 'KeyPoints.confidence' is deprecated since 0.29.0 and will be removed in 0.32.0. Use 'KeyPoints.keypoint_confidence' instead.
  warn_deprecated(
/usr/local/lib/python3.12/dist-packages/supervision/key_points/core.py:308: SupervisionWarnings: 'KeyPoints.confidence' is deprecated since 0.29.0 and will be removed in 0.32.0. Use 'KeyPoints.keypoint_confidence' instead.
  warn_deprecated(
 20%|██        | 151/750 [02:23<07:49,  1.28it/s]/usr/local/lib/python3.12/dist-packages/supervision/key_points/core.py:316: SupervisionWarnings: 'KeyPoints.confidence' is deprecated since 0.29.0 and will be removed in 0.32.0. Use 'KeyPoints.keypoint_confidence' instead.
  warn_deprecated(
/usr/local/lib/python3.12/dist-packages/supervision/key_points/core.py:308: SupervisionWarnings: 'KeyPoints.confidence' is deprecated since 0.29.0 and will be removed in 0.32.0. Use 'KeyPoints.keypoint_confidence' instead.
  warn_deprecated(
/usr/local/lib/python3.12/dist-packages/supervision/key_points/core.py:308: SupervisionWarnings: 'KeyPoints.confidence' is deprecated since 0.29.0 and will be removed in 0.32.0. Use 'KeyPoints.keypoint_confidence' instead.
  warn_deprecated(
/usr/local/lib/python3.12/dist-packages/supervision/key_points/core.py:308: SupervisionWarnings: 'KeyPoints.confidence' is deprecated since 0.29.0 and will be removed in 0.32.0. Use 'KeyPoints.keypoint_confidence' instead.
  warn_deprecated(
/usr/local/lib/python3.12/dist-packages/supervision/key_points/core.py:308: SupervisionWarnings: 'KeyPoints.confidence' is deprecated since 0.29.0 and will be removed in 0.32.0. Use 'KeyPoints.keypoint_confidence' instead.
  warn_deprecated(
 20%|██        | 152/750 [02:24<07:49,  1.27it/s]/usr/local/lib/python3.12/dist-packages/supervision/key_points/core.py:316: SupervisionWarnings: 'KeyPoints.confidence' is deprecated since 0.29.0 and will be removed in 0.32.0. Use 'KeyPoints.keypoint_confidence' instead.
  warn_deprecated(
/usr/local/lib/python3.12/dist-packages/supervision/key_points/core.py:308: SupervisionWarnings: 'KeyPoints.confidence' is deprecated since 0.29.0 and will be removed in 0.32.0. Use 'KeyPoints.keypoint_confidence' instead.
  warn_deprecated(
/usr/local/lib/python3.12/dist-packages/supervision/key_points/core.py:308: SupervisionWarnings: 'KeyPoints.confidence' is deprecated since 0.29.0 and will be removed in 0.32.0. Use 'KeyPoints.keypoint_confidence' instead.
  warn_deprecated(
/usr/local/lib/python3.12/dist-packages/supervision/key_points/core.py:308: SupervisionWarnings: 'KeyPoints.confidence' is deprecated since 0.29.0 and will be removed in 0.32.0. Use 'KeyPoints.keypoint_confidence' instead.
  warn_deprecated(
/usr/local/lib/python3.12/dist-packages/supervision/key_points/core.py:308: SupervisionWarnings: 'KeyPoints.confidence' is deprecated since 0.29.0 and will be removed in 0.32.0. Use 'KeyPoints.keypoint_confidence' instead.
  warn_deprecated(
 20%|██        | 153/750 [02:25<09:04,  1.10it/s]/usr/local/lib/python3.12/dist-packages/supervision/key_points/core.py:316: SupervisionWarnings: 'KeyPoints.confidence' is deprecated since 0.29.0 and will be removed in 0.32.0. Use 'KeyPoints.keypoint_confidence' instead.
  warn_deprecated(
/usr/local/lib/python3.12/dist-packages/supervision/key_points/core.py:308: SupervisionWarnings: 'KeyPoints.confidence' is deprecated since 0.29.0 and will be removed in 0.32.0. Use 'KeyPoints.keypoint_confidence' instead.
  warn_deprecated(
/usr/local/lib/python3.12/dist-packages/supervision/key_points/core.py:308: SupervisionWarnings: 'KeyPoints.confidence' is deprecated since 0.29.0 and will be removed in 0.32.0. Use 'KeyPoints.keypoint_confidence' instead.
  warn_deprecated(
/usr/local/lib/python3.12/dist-packages/supervision/key_points/core.py:308: SupervisionWarnings: 'KeyPoints.confidence' is deprecated since 0.29.0 and will be removed in 0.32.0. Use 'KeyPoints.keypoint_confidence' instead.
  warn_deprecated(
/usr/local/lib/python3.12/dist-packages/supervision/key_points/core.py:308: SupervisionWarnings: 'KeyPoints.confidence' is deprecated since 0.29.0 and will be removed in 0.32.0. Use 'KeyPoints.keypoint_confidence' instead.
  warn_deprecated(
 21%|██        | 154/750 [02:27<10:39,  1.07s/it]/usr/local/lib/python3.12/dist-packages/supervision/key_points/core.py:316: SupervisionWarnings: 'KeyPoints.confidence' is deprecated since 0.29.0 and will be removed in 0.32.0. Use 'KeyPoints.keypoint_confidence' instead.
  warn_deprecated(
/usr/local/lib/python3.12/dist-packages/supervision/key_points/core.py:308: SupervisionWarnings: 'KeyPoints.confidence' is deprecated since 0.29.0 and will be removed in 0.32.0. Use 'KeyPoints.keypoint_confidence' instead.
  warn_deprecated(
/usr/local/lib/python3.12/dist-packages/supervision/key_points/core.py:308: SupervisionWarnings: 'KeyPoints.confidence' is deprecated since 0.29.0 and will be removed in 0.32.0. Use 'KeyPoints.keypoint_confidence' instead.
  warn_deprecated(
/usr/local/lib/python3.12/dist-packages/supervision/key_points/core.py:308: SupervisionWarnings: 'KeyPoints.confidence' is deprecated since 0.29.0 and will be removed in 0.32.0. Use 'KeyPoints.keypoint_confidence' instead.
  warn_deprecated(
/usr/local/lib/python3.12/dist-packages/supervision/key_points/core.py:308: SupervisionWarnings: 'KeyPoints.confidence' is deprecated since 0.29.0 and will be removed in 0.32.0. Use 'KeyPoints.keypoint_confidence' instead.
  warn_deprecated(
 21%|██        | 155/750 [02:28<11:48,  1.19s/it]/usr/local/lib/python3.12/dist-packages/supervision/key_points/core.py:316: SupervisionWarnings: 'KeyPoints.confidence' is deprecated since 0.29.0 and will be removed in 0.32.0. Use 'KeyPoints.keypoint_confidence' instead.
  warn_deprecated(
/usr/local/lib/python3.12/dist-packages/supervision/key_points/core.py:308: SupervisionWarnings: 'KeyPoints.confidence' is deprecated since 0.29.0 and will be removed in 0.32.0. Use 'KeyPoints.keypoint_confidence' instead.
  warn_deprecated(
/usr/local/lib/python3.12/dist-packages/supervision/key_points/core.py:308: SupervisionWarnings: 'KeyPoints.confidence' is deprecated since 0.29.0 and will be removed in 0.32.0. Use 'KeyPoints.keypoint_confidence' instead.
  warn_deprecated(
/usr/local/lib/python3.12/dist-packages/supervision/key_points/core.py:308: SupervisionWarnings: 'KeyPoints.confidence' is deprecated since 0.29.0 and will be removed in 0.32.0. Use 'KeyPoints.keypoint_confidence' instead.
  warn_deprecated(
/usr/local/lib/python3.12/dist-packages/supervision/key_points/core.py:308: SupervisionWarnings: 'KeyPoints.confidence' is deprecated since 0.29.0 and will be removed in 0.32.0. Use 'KeyPoints.keypoint_confidence' instead.
  warn_deprecated(
 21%|██        | 156/750 [02:30<12:25,  1.26s/it]/usr/local/lib/python3.12/dist-packages/supervision/key_points/core.py:316: SupervisionWarnings: 'KeyPoints.confidence' is deprecated since 0.29.0 and will be removed in 0.32.0. Use 'KeyPoints.keypoint_confidence' instead.
  warn_deprecated(
/usr/local/lib/python3.12/dist-packages/supervision/key_points/core.py:308: SupervisionWarnings: 'KeyPoints.confidence' is deprecated since 0.29.0 and will be removed in 0.32.0. Use 'KeyPoints.keypoint_confidence' instead.
  warn_deprecated(
/usr/local/lib/python3.12/dist-packages/supervision/key_points/core.py:308: SupervisionWarnings: 'KeyPoints.confidence' is deprecated since 0.29.0 and will be removed in 0.32.0. Use 'KeyPoints.keypoint_confidence' instead.
  warn_deprecated(
/usr/local/lib/python3.12/dist-packages/supervision/key_points/core.py:308: SupervisionWarnings: 'KeyPoints.confidence' is deprecated since 0.29.0 and will be removed in 0.32.0. Use 'KeyPoints.keypoint_confidence' instead.
  warn_deprecated(
/usr/local/lib/python3.12/dist-packages/supervision/key_points/core.py:308: SupervisionWarnings: 'KeyPoints.confidence' is deprecated since 0.29.0 and will be removed in 0.32.0. Use 'KeyPoints.keypoint_confidence' instead.
  warn_deprecated(
 21%|██        | 157/750 [02:31<12:15,  1.24s/it]/usr/local/lib/python3.12/dist-packages/supervision/key_points/core.py:316: SupervisionWarnings: 'KeyPoints.confidence' is deprecated since 0.29.0 and will be removed in 0.32.0. Use 'KeyPoints.keypoint_confidence' instead.
  warn_deprecated(
/usr/local/lib/python3.12/dist-packages/supervision/key_points/core.py:308: SupervisionWarnings: 'KeyPoints.confidence' is deprecated since 0.29.0 and will be removed in 0.32.0. Use 'KeyPoints.keypoint_confidence' instead.
  warn_deprecated(
/usr/local/lib/python3.12/dist-packages/supervision/key_points/core.py:308: SupervisionWarnings: 'KeyPoints.confidence' is deprecated since 0.29.0 and will be removed in 0.32.0. Use 'KeyPoints.keypoint_confidence' instead.
  warn_deprecated(
/usr/local/lib/python3.12/dist-packages/supervision/key_points/core.py:308: SupervisionWarnings: 'KeyPoints.confidence' is deprecated since 0.29.0 and will be removed in 0.32.0. Use 'KeyPoints.keypoint_confidence' instead.
  warn_deprecated(
/usr/local/lib/python3.12/dist-packages/supervision/key_points/core.py:308: SupervisionWarnings: 'KeyPoints.confidence' is deprecated since 0.29.0 and will be removed in 0.32.0. Use 'KeyPoints.keypoint_confidence' instead.
  warn_deprecated(
 21%|██        | 158/750 [02:32<10:55,  1.11s/it]/usr/local/lib/python3.12/dist-packages/supervision/key_points/core.py:316: SupervisionWarnings: 'KeyPoints.confidence' is deprecated since 0.29.0 and will be removed in 0.32.0. Use 'KeyPoints.keypoint_confidence' instead.
  warn_deprecated(
/usr/local/lib/python3.12/dist-packages/supervision/key_points/core.py:308: SupervisionWarnings: 'KeyPoints.confidence' is deprecated since 0.29.0 and will be removed in 0.32.0. Use 'KeyPoints.keypoint_confidence' instead.
  warn_deprecated(
/usr/local/lib/python3.12/dist-packages/supervision/key_points/core.py:308: SupervisionWarnings: 'KeyPoints.confidence' is deprecated since 0.29.0 and will be removed in 0.32.0. Use 'KeyPoints.keypoint_confidence' instead.
  warn_deprecated(
/usr/local/lib/python3.12/dist-packages/supervision/key_points/core.py:308: SupervisionWarnings: 'KeyPoints.confidence' is deprecated since 0.29.0 and will be removed in 0.32.0. Use 'KeyPoints.keypoint_confidence' instead.
  warn_deprecated(
/usr/local/lib/python3.12/dist-packages/supervision/key_points/core.py:308: SupervisionWarnings: 'KeyPoints.confidence' is deprecated since 0.29.0 and will be removed in 0.32.0. Use 'KeyPoints.keypoint_confidence' instead.
  warn_deprecated(
 21%|██        | 159/750 [02:32<09:56,  1.01s/it]/usr/local/lib/python3.12/dist-packages/supervision/key_points/core.py:316: SupervisionWarnings: 'KeyPoints.confidence' is deprecated since 0.29.0 and will be removed in 0.32.0. Use 'KeyPoints.keypoint_confidence' instead.
  warn_deprecated(
/usr/local/lib/python3.12/dist-packages/supervision/key_points/core.py:308: SupervisionWarnings: 'KeyPoints.confidence' is deprecated since 0.29.0 and will be removed in 0.32.0. Use 'KeyPoints.keypoint_confidence' instead.
  warn_deprecated(
/usr/local/lib/python3.12/dist-packages/supervision/key_points/core.py:308: SupervisionWarnings: 'KeyPoints.confidence' is deprecated since 0.29.0 and will be removed in 0.32.0. Use 'KeyPoints.keypoint_confidence' instead.
  warn_deprecated(
/usr/local/lib/python3.12/dist-packages/supervision/key_points/core.py:308: SupervisionWarnings: 'KeyPoints.confidence' is deprecated since 0.29.0 and will be removed in 0.32.0. Use 'KeyPoints.keypoint_confidence' instead.
  warn_deprecated(
/usr/local/lib/python3.12/dist-packages/supervision/key_points/core.py:308: SupervisionWarnings: 'KeyPoints.confidence' is deprecated since 0.29.0 and will be removed in 0.32.0. Use 'KeyPoints.keypoint_confidence' instead.
  warn_deprecated(
 21%|██▏       | 160/750 [02:33<09:16,  1.06it/s]/usr/local/lib/python3.12/dist-packages/supervision/key_points/core.py:316: SupervisionWarnings: 'KeyPoints.confidence' is deprecated since 0.29.0 and will be removed in 0.32.0. Use 'KeyPoints.keypoint_confidence' instead.
  warn_deprecated(
/usr/local/lib/python3.12/dist-packages/supervision/key_points/core.py:308: SupervisionWarnings: 'KeyPoints.confidence' is deprecated since 0.29.0 and will be removed in 0.32.0. Use 'KeyPoints.keypoint_confidence' instead.
  warn_deprecated(
/usr/local/lib/python3.12/dist-packages/supervision/key_points/core.py:308: SupervisionWarnings: 'KeyPoints.confidence' is deprecated since 0.29.0 and will be removed in 0.32.0. Use 'KeyPoints.keypoint_confidence' instead.
  warn_deprecated(
/usr/local/lib/python3.12/dist-packages/supervision/key_points/core.py:308: SupervisionWarnings: 'KeyPoints.confidence' is deprecated since 0.29.0 and will be removed in 0.32.0. Use 'KeyPoints.keypoint_confidence' instead.
  warn_deprecated(
/usr/local/lib/python3.12/dist-packages/supervision/key_points/core.py:308: SupervisionWarnings: 'KeyPoints.confidence' is deprecated since 0.29.0 and will be removed in 0.32.0. Use 'KeyPoints.keypoint_confidence' instead.
  warn_deprecated(
 21%|██▏       | 161/750 [02:34<08:50,  1.11it/s]/usr/local/lib/python3.12/dist-packages/supervision/key_points/core.py:316: SupervisionWarnings: 'KeyPoints.confidence' is deprecated since 0.29.0 and will be removed in 0.32.0. Use 'KeyPoints.keypoint_confidence' instead.
  warn_deprecated(
/usr/local/lib/python3.12/dist-packages/supervision/key_points/core.py:308: SupervisionWarnings: 'KeyPoints.confidence' is deprecated since 0.29.0 and will be removed in 0.32.0. Use 'KeyPoints.keypoint_confidence' instead.
  warn_deprecated(
/usr/local/lib/python3.12/dist-packages/supervision/key_points/core.py:308: SupervisionWarnings: 'KeyPoints.confidence' is deprecated since 0.29.0 and will be removed in 0.32.0. Use 'KeyPoints.keypoint_confidence' instead.
  warn_deprecated(
/usr/local/lib/python3.12/dist-packages/supervision/key_points/core.py:308: SupervisionWarnings: 'KeyPoints.confidence' is deprecated since 0.29.0 and will be removed in 0.32.0. Use 'KeyPoints.keypoint_confidence' instead.
  warn_deprecated(
/usr/local/lib/python3.12/dist-packages/supervision/key_points/core.py:308: SupervisionWarnings: 'KeyPoints.confidence' is deprecated since 0.29.0 and will be removed in 0.32.0. Use 'KeyPoints.keypoint_confidence' instead.
  warn_deprecated(
 22%|██▏       | 162/750 [02:35<08:33,  1.15it/s]/usr/local/lib/python3.12/dist-packages/supervision/key_points/core.py:316: SupervisionWarnings: 'KeyPoints.confidence' is deprecated since 0.29.0 and will be removed in 0.32.0. Use 'KeyPoints.keypoint_confidence' instead.
  warn_deprecated(
/usr/local/lib/python3.12/dist-packages/supervision/key_points/core.py:308: SupervisionWarnings: 'KeyPoints.confidence' is deprecated since 0.29.0 and will be removed in 0.32.0. Use 'KeyPoints.keypoint_confidence' instead.
  warn_deprecated(
/usr/local/lib/python3.12/dist-packages/supervision/key_points/core.py:308: SupervisionWarnings: 'KeyPoints.confidence' is deprecated since 0.29.0 and will be removed in 0.32.0. Use 'KeyPoints.keypoint_confidence' instead.
  warn_deprecated(
/usr/local/lib/python3.12/dist-packages/supervision/key_points/core.py:308: SupervisionWarnings: 'KeyPoints.confidence' is deprecated since 0.29.0 and will be removed in 0.32.0. Use 'KeyPoints.keypoint_confidence' instead.
  warn_deprecated(
/usr/local/lib/python3.12/dist-packages/supervision/key_points/core.py:308: SupervisionWarnings: 'KeyPoints.confidence' is deprecated since 0.29.0 and will be removed in 0.32.0. Use 'KeyPoints.keypoint_confidence' instead.
  warn_deprecated(
 22%|██▏       | 163/750 [02:36<09:34,  1.02it/s]/usr/local/lib/python3.12/dist-packages/supervision/key_points/core.py:316: SupervisionWarnings: 'KeyPoints.confidence' is deprecated since 0.29.0 and will be removed in 0.32.0. Use 'KeyPoints.keypoint_confidence' instead.
  warn_deprecated(
/usr/local/lib/python3.12/dist-packages/supervision/key_points/core.py:308: SupervisionWarnings: 'KeyPoints.confidence' is deprecated since 0.29.0 and will be removed in 0.32.0. Use 'KeyPoints.keypoint_confidence' instead.
  warn_deprecated(
/usr/local/lib/python3.12/dist-packages/supervision/key_points/core.py:308: SupervisionWarnings: 'KeyPoints.confidence' is deprecated since 0.29.0 and will be removed in 0.32.0. Use 'KeyPoints.keypoint_confidence' instead.
  warn_deprecated(
/usr/local/lib/python3.12/dist-packages/supervision/key_points/core.py:308: SupervisionWarnings: 'KeyPoints.confidence' is deprecated since 0.29.0 and will be removed in 0.32.0. Use 'KeyPoints.keypoint_confidence' instead.
  warn_deprecated(
/usr/local/lib/python3.12/dist-packages/supervision/key_points/core.py:308: SupervisionWarnings: 'KeyPoints.confidence' is deprecated since 0.29.0 and will be removed in 0.32.0. Use 'KeyPoints.keypoint_confidence' instead.
  warn_deprecated(
 22%|██▏       | 164/750 [02:37<09:03,  1.08it/s]/usr/local/lib/python3.12/dist-packages/supervision/key_points/core.py:316: SupervisionWarnings: 'KeyPoints.confidence' is deprecated since 0.29.0 and will be removed in 0.32.0. Use 'KeyPoints.keypoint_confidence' instead.
  warn_deprecated(
/usr/local/lib/python3.12/dist-packages/supervision/key_points/core.py:308: SupervisionWarnings: 'KeyPoints.confidence' is deprecated since 0.29.0 and will be removed in 0.32.0. Use 'KeyPoints.keypoint_confidence' instead.
  warn_deprecated(
/usr/local/lib/python3.12/dist-packages/supervision/key_points/core.py:308: SupervisionWarnings: 'KeyPoints.confidence' is deprecated since 0.29.0 and will be removed in 0.32.0. Use 'KeyPoints.keypoint_confidence' instead.
  warn_deprecated(
/usr/local/lib/python3.12/dist-packages/supervision/key_points/core.py:308: SupervisionWarnings: 'KeyPoints.confidence' is deprecated since 0.29.0 and will be removed in 0.32.0. Use 'KeyPoints.keypoint_confidence' instead.
  warn_deprecated(
/usr/local/lib/python3.12/dist-packages/supervision/key_points/core.py:308: SupervisionWarnings: 'KeyPoints.confidence' is deprecated since 0.29.0 and will be removed in 0.32.0. Use 'KeyPoints.keypoint_confidence' instead.
  warn_deprecated(
 22%|██▏       | 165/750 [02:38<08:43,  1.12it/s]/usr/local/lib/python3.12/dist-packages/supervision/key_points/core.py:316: SupervisionWarnings: 'KeyPoints.confidence' is deprecated since 0.29.0 and will be removed in 0.32.0. Use 'KeyPoints.keypoint_confidence' instead.
  warn_deprecated(
/usr/local/lib/python3.12/dist-packages/supervision/key_points/core.py:308: SupervisionWarnings: 'KeyPoints.confidence' is deprecated since 0.29.0 and will be removed in 0.32.0. Use 'KeyPoints.keypoint_confidence' instead.
  warn_deprecated(
/usr/local/lib/python3.12/dist-packages/supervision/key_points/core.py:308: SupervisionWarnings: 'KeyPoints.confidence' is deprecated since 0.29.0 and will be removed in 0.32.0. Use 'KeyPoints.keypoint_confidence' instead.
  warn_deprecated(
/usr/local/lib/python3.12/dist-packages/supervision/key_points/core.py:308: SupervisionWarnings: 'KeyPoints.confidence' is deprecated since 0.29.0 and will be removed in 0.32.0. Use 'KeyPoints.keypoint_confidence' instead.
  warn_deprecated(
/usr/local/lib/python3.12/dist-packages/supervision/key_points/core.py:308: SupervisionWarnings: 'KeyPoints.confidence' is deprecated since 0.29.0 and will be removed in 0.32.0. Use 'KeyPoints.keypoint_confidence' instead.
  warn_deprecated(
 22%|██▏       | 166/750 [02:39<08:27,  1.15it/s]/usr/local/lib/python3.12/dist-packages/supervision/key_points/core.py:316: SupervisionWarnings: 'KeyPoints.confidence' is deprecated since 0.29.0 and will be removed in 0.32.0. Use 'KeyPoints.keypoint_confidence' instead.
  warn_deprecated(
/usr/local/lib/python3.12/dist-packages/supervision/key_points/core.py:308: SupervisionWarnings: 'KeyPoints.confidence' is deprecated since 0.29.0 and will be removed in 0.32.0. Use 'KeyPoints.keypoint_confidence' instead.
  warn_deprecated(
/usr/local/lib/python3.12/dist-packages/supervision/key_points/core.py:308: SupervisionWarnings: 'KeyPoints.confidence' is deprecated since 0.29.0 and will be removed in 0.32.0. Use 'KeyPoints.keypoint_confidence' instead.
  warn_deprecated(
/usr/local/lib/python3.12/dist-packages/supervision/key_points/core.py:308: SupervisionWarnings: 'KeyPoints.confidence' is deprecated since 0.29.0 and will be removed in 0.32.0. Use 'KeyPoints.keypoint_confidence' instead.
  warn_deprecated(
/usr/local/lib/python3.12/dist-packages/supervision/key_points/core.py:308: SupervisionWarnings: 'KeyPoints.confidence' is deprecated since 0.29.0 and will be removed in 0.32.0. Use 'KeyPoints.keypoint_confidence' instead.
  warn_deprecated(
 22%|██▏       | 167/750 [02:40<09:32,  1.02it/s]/usr/local/lib/python3.12/dist-packages/supervision/key_points/core.py:316: SupervisionWarnings: 'KeyPoints.confidence' is deprecated since 0.29.0 and will be removed in 0.32.0. Use 'KeyPoints.keypoint_confidence' instead.
  warn_deprecated(
/usr/local/lib/python3.12/dist-packages/supervision/key_points/core.py:308: SupervisionWarnings: 'KeyPoints.confidence' is deprecated since 0.29.0 and will be removed in 0.32.0. Use 'KeyPoints.keypoint_confidence' instead.
  warn_deprecated(
/usr/local/lib/python3.12/dist-packages/supervision/key_points/core.py:308: SupervisionWarnings: 'KeyPoints.confidence' is deprecated since 0.29.0 and will be removed in 0.32.0. Use 'KeyPoints.keypoint_confidence' instead.
  warn_deprecated(
/usr/local/lib/python3.12/dist-packages/supervision/key_points/core.py:308: SupervisionWarnings: 'KeyPoints.confidence' is deprecated since 0.29.0 and will be removed in 0.32.0. Use 'KeyPoints.keypoint_confidence' instead.
  warn_deprecated(
/usr/local/lib/python3.12/dist-packages/supervision/key_points/core.py:308: SupervisionWarnings: 'KeyPoints.confidence' is deprecated since 0.29.0 and will be removed in 0.32.0. Use 'KeyPoints.keypoint_confidence' instead.
  warn_deprecated(
 22%|██▏       | 168/750 [02:41<09:10,  1.06it/s]/usr/local/lib/python3.12/dist-packages/supervision/key_points/core.py:316: SupervisionWarnings: 'KeyPoints.confidence' is deprecated since 0.29.0 and will be removed in 0.32.0. Use 'KeyPoints.keypoint_confidence' instead.
  warn_deprecated(
/usr/local/lib/python3.12/dist-packages/supervision/key_points/core.py:308: SupervisionWarnings: 'KeyPoints.confidence' is deprecated since 0.29.0 and will be removed in 0.32.0. Use 'KeyPoints.keypoint_confidence' instead.
  warn_deprecated(
/usr/local/lib/python3.12/dist-packages/supervision/key_points/core.py:308: SupervisionWarnings: 'KeyPoints.confidence' is deprecated since 0.29.0 and will be removed in 0.32.0. Use 'KeyPoints.keypoint_confidence' instead.
  warn_deprecated(
/usr/local/lib/python3.12/dist-packages/supervision/key_points/core.py:308: SupervisionWarnings: 'KeyPoints.confidence' is deprecated since 0.29.0 and will be removed in 0.32.0. Use 'KeyPoints.keypoint_confidence' instead.
  warn_deprecated(
/usr/local/lib/python3.12/dist-packages/supervision/key_points/core.py:308: SupervisionWarnings: 'KeyPoints.confidence' is deprecated since 0.29.0 and will be removed in 0.32.0. Use 'KeyPoints.keypoint_confidence' instead.
  warn_deprecated(
 23%|██▎       | 169/750 [02:42<10:31,  1.09s/it]/usr/local/lib/python3.12/dist-packages/supervision/key_points/core.py:316: SupervisionWarnings: 'KeyPoints.confidence' is deprecated since 0.29.0 and will be removed in 0.32.0. Use 'KeyPoints.keypoint_confidence' instead.
  warn_deprecated(
/usr/local/lib/python3.12/dist-packages/supervision/key_points/core.py:308: SupervisionWarnings: 'KeyPoints.confidence' is deprecated since 0.29.0 and will be removed in 0.32.0. Use 'KeyPoints.keypoint_confidence' instead.
  warn_deprecated(
/usr/local/lib/python3.12/dist-packages/supervision/key_points/core.py:308: SupervisionWarnings: 'KeyPoints.confidence' is deprecated since 0.29.0 and will be removed in 0.32.0. Use 'KeyPoints.keypoint_confidence' instead.
  warn_deprecated(
/usr/local/lib/python3.12/dist-packages/supervision/key_points/core.py:308: SupervisionWarnings: 'KeyPoints.confidence' is deprecated since 0.29.0 and will be removed in 0.32.0. Use 'KeyPoints.keypoint_confidence' instead.
  warn_deprecated(
/usr/local/lib/python3.12/dist-packages/supervision/key_points/core.py:308: SupervisionWarnings: 'KeyPoints.confidence' is deprecated since 0.29.0 and will be removed in 0.32.0. Use 'KeyPoints.keypoint_confidence' instead.
  warn_deprecated(
 23%|██▎       | 170/750 [02:43<10:31,  1.09s/it]/usr/local/lib/python3.12/dist-packages/supervision/key_points/core.py:316: SupervisionWarnings: 'KeyPoints.confidence' is deprecated since 0.29.0 and will be removed in 0.32.0. Use 'KeyPoints.keypoint_confidence' instead.
  warn_deprecated(
/usr/local/lib/python3.12/dist-packages/supervision/key_points/core.py:308: SupervisionWarnings: 'KeyPoints.confidence' is deprecated since 0.29.0 and will be removed in 0.32.0. Use 'KeyPoints.keypoint_confidence' instead.
  warn_deprecated(
/usr/local/lib/python3.12/dist-packages/supervision/key_points/core.py:308: SupervisionWarnings: 'KeyPoints.confidence' is deprecated since 0.29.0 and will be removed in 0.32.0. Use 'KeyPoints.keypoint_confidence' instead.
  warn_deprecated(
/usr/local/lib/python3.12/dist-packages/supervision/key_points/core.py:308: SupervisionWarnings: 'KeyPoints.confidence' is deprecated since 0.29.0 and will be removed in 0.32.0. Use 'KeyPoints.keypoint_confidence' instead.
  warn_deprecated(
/usr/local/lib/python3.12/dist-packages/supervision/key_points/core.py:308: SupervisionWarnings: 'KeyPoints.confidence' is deprecated since 0.29.0 and will be removed in 0.32.0. Use 'KeyPoints.keypoint_confidence' instead.
  warn_deprecated(
 23%|██▎       | 171/750 [02:45<11:41,  1.21s/it]/usr/local/lib/python3.12/dist-packages/supervision/key_points/core.py:316: SupervisionWarnings: 'KeyPoints.confidence' is deprecated since 0.29.0 and will be removed in 0.32.0. Use 'KeyPoints.keypoint_confidence' instead.
  warn_deprecated(
/usr/local/lib/python3.12/dist-packages/supervision/key_points/core.py:308: SupervisionWarnings: 'KeyPoints.confidence' is deprecated since 0.29.0 and will be removed in 0.32.0. Use 'KeyPoints.keypoint_confidence' instead.
  warn_deprecated(
/usr/local/lib/python3.12/dist-packages/supervision/key_points/core.py:308: SupervisionWarnings: 'KeyPoints.confidence' is deprecated since 0.29.0 and will be removed in 0.32.0. Use 'KeyPoints.keypoint_confidence' instead.
  warn_deprecated(
/usr/local/lib/python3.12/dist-packages/supervision/key_points/core.py:308: SupervisionWarnings: 'KeyPoints.confidence' is deprecated since 0.29.0 and will be removed in 0.32.0. Use 'KeyPoints.keypoint_confidence' instead.
  warn_deprecated(
/usr/local/lib/python3.12/dist-packages/supervision/key_points/core.py:308: SupervisionWarnings: 'KeyPoints.confidence' is deprecated since 0.29.0 and will be removed in 0.32.0. Use 'KeyPoints.keypoint_confidence' instead.
  warn_deprecated(
 23%|██▎       | 172/750 [02:45<10:31,  1.09s/it]/usr/local/lib/python3.12/dist-packages/supervision/key_points/core.py:316: SupervisionWarnings: 'KeyPoints.confidence' is deprecated since 0.29.0 and will be removed in 0.32.0. Use 'KeyPoints.keypoint_confidence' instead.
  warn_deprecated(
/usr/local/lib/python3.12/dist-packages/supervision/key_points/core.py:308: SupervisionWarnings: 'KeyPoints.confidence' is deprecated since 0.29.0 and will be removed in 0.32.0. Use 'KeyPoints.keypoint_confidence' instead.
  warn_deprecated(
/usr/local/lib/python3.12/dist-packages/supervision/key_points/core.py:308: SupervisionWarnings: 'KeyPoints.confidence' is deprecated since 0.29.0 and will be removed in 0.32.0. Use 'KeyPoints.keypoint_confidence' instead.
  warn_deprecated(
/usr/local/lib/python3.12/dist-packages/supervision/key_points/core.py:308: SupervisionWarnings: 'KeyPoints.confidence' is deprecated since 0.29.0 and will be removed in 0.32.0. Use 'KeyPoints.keypoint_confidence' instead.
  warn_deprecated(
/usr/local/lib/python3.12/dist-packages/supervision/key_points/core.py:308: SupervisionWarnings: 'KeyPoints.confidence' is deprecated since 0.29.0 and will be removed in 0.32.0. Use 'KeyPoints.keypoint_confidence' instead.
  warn_deprecated(
 23%|██▎       | 173/750 [02:46<09:40,  1.01s/it]/usr/local/lib/python3.12/dist-packages/supervision/key_points/core.py:316: SupervisionWarnings: 'KeyPoints.confidence' is deprecated since 0.29.0 and will be removed in 0.32.0. Use 'KeyPoints.keypoint_confidence' instead.
  warn_deprecated(
/usr/local/lib/python3.12/dist-packages/supervision/key_points/core.py:308: SupervisionWarnings: 'KeyPoints.confidence' is deprecated since 0.29.0 and will be removed in 0.32.0. Use 'KeyPoints.keypoint_confidence' instead.
  warn_deprecated(
/usr/local/lib/python3.12/dist-packages/supervision/key_points/core.py:308: SupervisionWarnings: 'KeyPoints.confidence' is deprecated since 0.29.0 and will be removed in 0.32.0. Use 'KeyPoints.keypoint_confidence' instead.
  warn_deprecated(
/usr/local/lib/python3.12/dist-packages/supervision/key_points/core.py:308: SupervisionWarnings: 'KeyPoints.confidence' is deprecated since 0.29.0 and will be removed in 0.32.0. Use 'KeyPoints.keypoint_confidence' instead.
  warn_deprecated(
/usr/local/lib/python3.12/dist-packages/supervision/key_points/core.py:308: SupervisionWarnings: 'KeyPoints.confidence' is deprecated since 0.29.0 and will be removed in 0.32.0. Use 'KeyPoints.keypoint_confidence' instead.
  warn_deprecated(
 23%|██▎       | 174/750 [02:48<10:26,  1.09s/it]/usr/local/lib/python3.12/dist-packages/supervision/key_points/core.py:316: SupervisionWarnings: 'KeyPoints.confidence' is deprecated since 0.29.0 and will be removed in 0.32.0. Use 'KeyPoints.keypoint_confidence' instead.
  warn_deprecated(
/usr/local/lib/python3.12/dist-packages/supervision/key_points/core.py:308: SupervisionWarnings: 'KeyPoints.confidence' is deprecated since 0.29.0 and will be removed in 0.32.0. Use 'KeyPoints.keypoint_confidence' instead.
  warn_deprecated(
/usr/local/lib/python3.12/dist-packages/supervision/key_points/core.py:308: SupervisionWarnings: 'KeyPoints.confidence' is deprecated since 0.29.0 and will be removed in 0.32.0. Use 'KeyPoints.keypoint_confidence' instead.
  warn_deprecated(
/usr/local/lib/python3.12/dist-packages/supervision/key_points/core.py:308: SupervisionWarnings: 'KeyPoints.confidence' is deprecated since 0.29.0 and will be removed in 0.32.0. Use 'KeyPoints.keypoint_confidence' instead.
  warn_deprecated(
/usr/local/lib/python3.12/dist-packages/supervision/key_points/core.py:308: SupervisionWarnings: 'KeyPoints.confidence' is deprecated since 0.29.0 and will be removed in 0.32.0. Use 'KeyPoints.keypoint_confidence' instead.
  warn_deprecated(
 23%|██▎       | 175/750 [02:49<10:56,  1.14s/it]/usr/local/lib/python3.12/dist-packages/supervision/key_points/core.py:316: SupervisionWarnings: 'KeyPoints.confidence' is deprecated since 0.29.0 and will be removed in 0.32.0. Use 'KeyPoints.keypoint_confidence' instead.
  warn_deprecated(
/usr/local/lib/python3.12/dist-packages/supervision/key_points/core.py:308: SupervisionWarnings: 'KeyPoints.confidence' is deprecated since 0.29.0 and will be removed in 0.32.0. Use 'KeyPoints.keypoint_confidence' instead.
  warn_deprecated(
/usr/local/lib/python3.12/dist-packages/supervision/key_points/core.py:308: SupervisionWarnings: 'KeyPoints.confidence' is deprecated since 0.29.0 and will be removed in 0.32.0. Use 'KeyPoints.keypoint_confidence' instead.
  warn_deprecated(
/usr/local/lib/python3.12/dist-packages/supervision/key_points/core.py:308: SupervisionWarnings: 'KeyPoints.confidence' is deprecated since 0.29.0 and will be removed in 0.32.0. Use 'KeyPoints.keypoint_confidence' instead.
  warn_deprecated(
/usr/local/lib/python3.12/dist-packages/supervision/key_points/core.py:308: SupervisionWarnings: 'KeyPoints.confidence' is deprecated since 0.29.0 and will be removed in 0.32.0. Use 'KeyPoints.keypoint_confidence' instead.
  warn_deprecated(
 23%|██▎       | 176/750 [02:50<11:13,  1.17s/it]/usr/local/lib/python3.12/dist-packages/supervision/key_points/core.py:316: SupervisionWarnings: 'KeyPoints.confidence' is deprecated since 0.29.0 and will be removed in 0.32.0. Use 'KeyPoints.keypoint_confidence' instead.
  warn_deprecated(
/usr/local/lib/python3.12/dist-packages/supervision/key_points/core.py:308: SupervisionWarnings: 'KeyPoints.confidence' is deprecated since 0.29.0 and will be removed in 0.32.0. Use 'KeyPoints.keypoint_confidence' instead.
  warn_deprecated(
/usr/local/lib/python3.12/dist-packages/supervision/key_points/core.py:308: SupervisionWarnings: 'KeyPoints.confidence' is deprecated since 0.29.0 and will be removed in 0.32.0. Use 'KeyPoints.keypoint_confidence' instead.
  warn_deprecated(
/usr/local/lib/python3.12/dist-packages/supervision/key_points/core.py:308: SupervisionWarnings: 'KeyPoints.confidence' is deprecated since 0.29.0 and will be removed in 0.32.0. Use 'KeyPoints.keypoint_confidence' instead.
  warn_deprecated(
/usr/local/lib/python3.12/dist-packages/supervision/key_points/core.py:308: SupervisionWarnings: 'KeyPoints.confidence' is deprecated since 0.29.0 and will be removed in 0.32.0. Use 'KeyPoints.keypoint_confidence' instead.
  warn_deprecated(
 24%|██▎       | 177/750 [02:51<11:30,  1.20s/it]/usr/local/lib/python3.12/dist-packages/supervision/key_points/core.py:316: SupervisionWarnings: 'KeyPoints.confidence' is deprecated since 0.29.0 and will be removed in 0.32.0. Use 'KeyPoints.keypoint_confidence' instead.
  warn_deprecated(
/usr/local/lib/python3.12/dist-packages/supervision/key_points/core.py:308: SupervisionWarnings: 'KeyPoints.confidence' is deprecated since 0.29.0 and will be removed in 0.32.0. Use 'KeyPoints.keypoint_confidence' instead.
  warn_deprecated(
/usr/local/lib/python3.12/dist-packages/supervision/key_points/core.py:308: SupervisionWarnings: 'KeyPoints.confidence' is deprecated since 0.29.0 and will be removed in 0.32.0. Use 'KeyPoints.keypoint_confidence' instead.
  warn_deprecated(
/usr/local/lib/python3.12/dist-packages/supervision/key_points/core.py:308: SupervisionWarnings: 'KeyPoints.confidence' is deprecated since 0.29.0 and will be removed in 0.32.0. Use 'KeyPoints.keypoint_confidence' instead.
  warn_deprecated(
/usr/local/lib/python3.12/dist-packages/supervision/key_points/core.py:308: SupervisionWarnings: 'KeyPoints.confidence' is deprecated since 0.29.0 and will be removed in 0.32.0. Use 'KeyPoints.keypoint_confidence' instead.
  warn_deprecated(
 24%|██▎       | 178/750 [02:53<11:47,  1.24s/it]/usr/local/lib/python3.12/dist-packages/supervision/key_points/core.py:316: SupervisionWarnings: 'KeyPoints.confidence' is deprecated since 0.29.0 and will be removed in 0.32.0. Use 'KeyPoints.keypoint_confidence' instead.
  warn_deprecated(
/usr/local/lib/python3.12/dist-packages/supervision/key_points/core.py:308: SupervisionWarnings: 'KeyPoints.confidence' is deprecated since 0.29.0 and will be removed in 0.32.0. Use 'KeyPoints.keypoint_confidence' instead.
  warn_deprecated(
/usr/local/lib/python3.12/dist-packages/supervision/key_points/core.py:308: SupervisionWarnings: 'KeyPoints.confidence' is deprecated since 0.29.0 and will be removed in 0.32.0. Use 'KeyPoints.keypoint_confidence' instead.
  warn_deprecated(
/usr/local/lib/python3.12/dist-packages/supervision/key_points/core.py:308: SupervisionWarnings: 'KeyPoints.confidence' is deprecated since 0.29.0 and will be removed in 0.32.0. Use 'KeyPoints.keypoint_confidence' instead.
  warn_deprecated(
/usr/local/lib/python3.12/dist-packages/supervision/key_points/core.py:308: SupervisionWarnings: 'KeyPoints.confidence' is deprecated since 0.29.0 and will be removed in 0.32.0. Use 'KeyPoints.keypoint_confidence' instead.
  warn_deprecated(
 24%|██▍       | 179/750 [02:54<11:53,  1.25s/it]/usr/local/lib/python3.12/dist-packages/supervision/key_points/core.py:316: SupervisionWarnings: 'KeyPoints.confidence' is deprecated since 0.29.0 and will be removed in 0.32.0. Use 'KeyPoints.keypoint_confidence' instead.
  warn_deprecated(
/usr/local/lib/python3.12/dist-packages/supervision/key_points/core.py:308: SupervisionWarnings: 'KeyPoints.confidence' is deprecated since 0.29.0 and will be removed in 0.32.0. Use 'KeyPoints.keypoint_confidence' instead.
  warn_deprecated(
/usr/local/lib/python3.12/dist-packages/supervision/key_points/core.py:308: SupervisionWarnings: 'KeyPoints.confidence' is deprecated since 0.29.0 and will be removed in 0.32.0. Use 'KeyPoints.keypoint_confidence' instead.
  warn_deprecated(
/usr/local/lib/python3.12/dist-packages/supervision/key_points/core.py:308: SupervisionWarnings: 'KeyPoints.confidence' is deprecated since 0.29.0 and will be removed in 0.32.0. Use 'KeyPoints.keypoint_confidence' instead.
  warn_deprecated(
/usr/local/lib/python3.12/dist-packages/supervision/key_points/core.py:308: SupervisionWarnings: 'KeyPoints.confidence' is deprecated since 0.29.0 and will be removed in 0.32.0. Use 'KeyPoints.keypoint_confidence' instead.
  warn_deprecated(
 24%|██▍       | 180/750 [02:55<10:50,  1.14s/it]/usr/local/lib/python3.12/dist-packages/supervision/key_points/core.py:316: SupervisionWarnings: 'KeyPoints.confidence' is deprecated since 0.29.0 and will be removed in 0.32.0. Use 'KeyPoints.keypoint_confidence' instead.
  warn_deprecated(
/usr/local/lib/python3.12/dist-packages/supervision/key_points/core.py:308: SupervisionWarnings: 'KeyPoints.confidence' is deprecated since 0.29.0 and will be removed in 0.32.0. Use 'KeyPoints.keypoint_confidence' instead.
  warn_deprecated(
/usr/local/lib/python3.12/dist-packages/supervision/key_points/core.py:308: SupervisionWarnings: 'KeyPoints.confidence' is deprecated since 0.29.0 and will be removed in 0.32.0. Use 'KeyPoints.keypoint_confidence' instead.
  warn_deprecated(
/usr/local/lib/python3.12/dist-packages/supervision/key_points/core.py:308: SupervisionWarnings: 'KeyPoints.confidence' is deprecated since 0.29.0 and will be removed in 0.32.0. Use 'KeyPoints.keypoint_confidence' instead.
  warn_deprecated(
/usr/local/lib/python3.12/dist-packages/supervision/key_points/core.py:308: SupervisionWarnings: 'KeyPoints.confidence' is deprecated since 0.29.0 and will be removed in 0.32.0. Use 'KeyPoints.keypoint_confidence' instead.
  warn_deprecated(
 24%|██▍       | 181/750 [02:56<10:06,  1.07s/it]/usr/local/lib/python3.12/dist-packages/supervision/key_points/core.py:316: SupervisionWarnings: 'KeyPoints.confidence' is deprecated since 0.29.0 and will be removed in 0.32.0. Use 'KeyPoints.keypoint_confidence' instead.
  warn_deprecated(
/usr/local/lib/python3.12/dist-packages/supervision/key_points/core.py:308: SupervisionWarnings: 'KeyPoints.confidence' is deprecated since 0.29.0 and will be removed in 0.32.0. Use 'KeyPoints.keypoint_confidence' instead.
  warn_deprecated(
/usr/local/lib/python3.12/dist-packages/supervision/key_points/core.py:308: SupervisionWarnings: 'KeyPoints.confidence' is deprecated since 0.29.0 and will be removed in 0.32.0. Use 'KeyPoints.keypoint_confidence' instead.
  warn_deprecated(
/usr/local/lib/python3.12/dist-packages/supervision/key_points/core.py:308: SupervisionWarnings: 'KeyPoints.confidence' is deprecated since 0.29.0 and will be removed in 0.32.0. Use 'KeyPoints.keypoint_confidence' instead.
  warn_deprecated(
/usr/local/lib/python3.12/dist-packages/supervision/key_points/core.py:308: SupervisionWarnings: 'KeyPoints.confidence' is deprecated since 0.29.0 and will be removed in 0.32.0. Use 'KeyPoints.keypoint_confidence' instead.
  warn_deprecated(
 24%|██▍       | 182/750 [02:57<11:21,  1.20s/it]/usr/local/lib/python3.12/dist-packages/supervision/key_points/core.py:316: SupervisionWarnings: 'KeyPoints.confidence' is deprecated since 0.29.0 and will be removed in 0.32.0. Use 'KeyPoints.keypoint_confidence' instead.
  warn_deprecated(
/usr/local/lib/python3.12/dist-packages/supervision/key_points/core.py:308: SupervisionWarnings: 'KeyPoints.confidence' is deprecated since 0.29.0 and will be removed in 0.32.0. Use 'KeyPoints.keypoint_confidence' instead.
  warn_deprecated(
/usr/local/lib/python3.12/dist-packages/supervision/key_points/core.py:308: SupervisionWarnings: 'KeyPoints.confidence' is deprecated since 0.29.0 and will be removed in 0.32.0. Use 'KeyPoints.keypoint_confidence' instead.
  warn_deprecated(
/usr/local/lib/python3.12/dist-packages/supervision/key_points/core.py:308: SupervisionWarnings: 'KeyPoints.confidence' is deprecated since 0.29.0 and will be removed in 0.32.0. Use 'KeyPoints.keypoint_confidence' instead.
  warn_deprecated(
/usr/local/lib/python3.12/dist-packages/supervision/key_points/core.py:308: SupervisionWarnings: 'KeyPoints.confidence' is deprecated since 0.29.0 and will be removed in 0.32.0. Use 'KeyPoints.keypoint_confidence' instead.
  warn_deprecated(
 24%|██▍       | 183/750 [02:58<10:45,  1.14s/it]/usr/local/lib/python3.12/dist-packages/supervision/key_points/core.py:316: SupervisionWarnings: 'KeyPoints.confidence' is deprecated since 0.29.0 and will be removed in 0.32.0. Use 'KeyPoints.keypoint_confidence' instead.
  warn_deprecated(
/usr/local/lib/python3.12/dist-packages/supervision/key_points/core.py:308: SupervisionWarnings: 'KeyPoints.confidence' is deprecated since 0.29.0 and will be removed in 0.32.0. Use 'KeyPoints.keypoint_confidence' instead.
  warn_deprecated(
/usr/local/lib/python3.12/dist-packages/supervision/key_points/core.py:308: SupervisionWarnings: 'KeyPoints.confidence' is deprecated since 0.29.0 and will be removed in 0.32.0. Use 'KeyPoints.keypoint_confidence' instead.
  warn_deprecated(
/usr/local/lib/python3.12/dist-packages/supervision/key_points/core.py:308: SupervisionWarnings: 'KeyPoints.confidence' is deprecated since 0.29.0 and will be removed in 0.32.0. Use 'KeyPoints.keypoint_confidence' instead.
  warn_deprecated(
/usr/local/lib/python3.12/dist-packages/supervision/key_points/core.py:308: SupervisionWarnings: 'KeyPoints.confidence' is deprecated since 0.29.0 and will be removed in 0.32.0. Use 'KeyPoints.keypoint_confidence' instead.
  warn_deprecated(
 25%|██▍       | 184/750 [03:00<11:43,  1.24s/it]/usr/local/lib/python3.12/dist-packages/supervision/key_points/core.py:316: SupervisionWarnings: 'KeyPoints.confidence' is deprecated since 0.29.0 and will be removed in 0.32.0. Use 'KeyPoints.keypoint_confidence' instead.
  warn_deprecated(
/usr/local/lib/python3.12/dist-packages/supervision/key_points/core.py:308: SupervisionWarnings: 'KeyPoints.confidence' is deprecated since 0.29.0 and will be removed in 0.32.0. Use 'KeyPoints.keypoint_confidence' instead.
  warn_deprecated(
/usr/local/lib/python3.12/dist-packages/supervision/key_points/core.py:308: SupervisionWarnings: 'KeyPoints.confidence' is deprecated since 0.29.0 and will be removed in 0.32.0. Use 'KeyPoints.keypoint_confidence' instead.
  warn_deprecated(
/usr/local/lib/python3.12/dist-packages/supervision/key_points/core.py:308: SupervisionWarnings: 'KeyPoints.confidence' is deprecated since 0.29.0 and will be removed in 0.32.0. Use 'KeyPoints.keypoint_confidence' instead.
  warn_deprecated(
/usr/local/lib/python3.12/dist-packages/supervision/key_points/core.py:308: SupervisionWarnings: 'KeyPoints.confidence' is deprecated since 0.29.0 and will be removed in 0.32.0. Use 'KeyPoints.keypoint_confidence' instead.
  warn_deprecated(
 25%|██▍       | 185/750 [03:01<11:52,  1.26s/it]/usr/local/lib/python3.12/dist-packages/supervision/key_points/core.py:316: SupervisionWarnings: 'KeyPoints.confidence' is deprecated since 0.29.0 and will be removed in 0.32.0. Use 'KeyPoints.keypoint_confidence' instead.
  warn_deprecated(
/usr/local/lib/python3.12/dist-packages/supervision/key_points/core.py:308: SupervisionWarnings: 'KeyPoints.confidence' is deprecated since 0.29.0 and will be removed in 0.32.0. Use 'KeyPoints.keypoint_confidence' instead.
  warn_deprecated(
/usr/local/lib/python3.12/dist-packages/supervision/key_points/core.py:308: SupervisionWarnings: 'KeyPoints.confidence' is deprecated since 0.29.0 and will be removed in 0.32.0. Use 'KeyPoints.keypoint_confidence' instead.
  warn_deprecated(
/usr/local/lib/python3.12/dist-packages/supervision/key_points/core.py:308: SupervisionWarnings: 'KeyPoints.confidence' is deprecated since 0.29.0 and will be removed in 0.32.0. Use 'KeyPoints.keypoint_confidence' instead.
  warn_deprecated(
/usr/local/lib/python3.12/dist-packages/supervision/key_points/core.py:308: SupervisionWarnings: 'KeyPoints.confidence' is deprecated since 0.29.0 and will be removed in 0.32.0. Use 'KeyPoints.keypoint_confidence' instead.
  warn_deprecated(
 25%|██▍       | 186/750 [03:02<11:58,  1.27s/it]/usr/local/lib/python3.12/dist-packages/supervision/key_points/core.py:316: SupervisionWarnings: 'KeyPoints.confidence' is deprecated since 0.29.0 and will be removed in 0.32.0. Use 'KeyPoints.keypoint_confidence' instead.
  warn_deprecated(
/usr/local/lib/python3.12/dist-packages/supervision/key_points/core.py:308: SupervisionWarnings: 'KeyPoints.confidence' is deprecated since 0.29.0 and will be removed in 0.32.0. Use 'KeyPoints.keypoint_confidence' instead.
  warn_deprecated(
/usr/local/lib/python3.12/dist-packages/supervision/key_points/core.py:308: SupervisionWarnings: 'KeyPoints.confidence' is deprecated since 0.29.0 and will be removed in 0.32.0. Use 'KeyPoints.keypoint_confidence' instead.
  warn_deprecated(
/usr/local/lib/python3.12/dist-packages/supervision/key_points/core.py:308: SupervisionWarnings: 'KeyPoints.confidence' is deprecated since 0.29.0 and will be removed in 0.32.0. Use 'KeyPoints.keypoint_confidence' instead.
  warn_deprecated(
/usr/local/lib/python3.12/dist-packages/supervision/key_points/core.py:308: SupervisionWarnings: 'KeyPoints.confidence' is deprecated since 0.29.0 and will be removed in 0.32.0. Use 'KeyPoints.keypoint_confidence' instead.
  warn_deprecated(
 25%|██▍       | 187/750 [03:04<11:57,  1.28s/it]/usr/local/lib/python3.12/dist-packages/supervision/key_points/core.py:316: SupervisionWarnings: 'KeyPoints.confidence' is deprecated since 0.29.0 and will be removed in 0.32.0. Use 'KeyPoints.keypoint_confidence' instead.
  warn_deprecated(
/usr/local/lib/python3.12/dist-packages/supervision/key_points/core.py:308: SupervisionWarnings: 'KeyPoints.confidence' is deprecated since 0.29.0 and will be removed in 0.32.0. Use 'KeyPoints.keypoint_confidence' instead.
  warn_deprecated(
/usr/local/lib/python3.12/dist-packages/supervision/key_points/core.py:308: SupervisionWarnings: 'KeyPoints.confidence' is deprecated since 0.29.0 and will be removed in 0.32.0. Use 'KeyPoints.keypoint_confidence' instead.
  warn_deprecated(
/usr/local/lib/python3.12/dist-packages/supervision/key_points/core.py:308: SupervisionWarnings: 'KeyPoints.confidence' is deprecated since 0.29.0 and will be removed in 0.32.0. Use 'KeyPoints.keypoint_confidence' instead.
  warn_deprecated(
/usr/local/lib/python3.12/dist-packages/supervision/key_points/core.py:308: SupervisionWarnings: 'KeyPoints.confidence' is deprecated since 0.29.0 and will be removed in 0.32.0. Use 'KeyPoints.keypoint_confidence' instead.
  warn_deprecated(
 25%|██▌       | 188/750 [03:04<10:45,  1.15s/it]/usr/local/lib/python3.12/dist-packages/supervision/key_points/core.py:316: SupervisionWarnings: 'KeyPoints.confidence' is deprecated since 0.29.0 and will be removed in 0.32.0. Use 'KeyPoints.keypoint_confidence' instead.
  warn_deprecated(
/usr/local/lib/python3.12/dist-packages/supervision/key_points/core.py:308: SupervisionWarnings: 'KeyPoints.confidence' is deprecated since 0.29.0 and will be removed in 0.32.0. Use 'KeyPoints.keypoint_confidence' instead.
  warn_deprecated(
/usr/local/lib/python3.12/dist-packages/supervision/key_points/core.py:308: SupervisionWarnings: 'KeyPoints.confidence' is deprecated since 0.29.0 and will be removed in 0.32.0. Use 'KeyPoints.keypoint_confidence' instead.
  warn_deprecated(
/usr/local/lib/python3.12/dist-packages/supervision/key_points/core.py:308: SupervisionWarnings: 'KeyPoints.confidence' is deprecated since 0.29.0 and will be removed in 0.32.0. Use 'KeyPoints.keypoint_confidence' instead.
  warn_deprecated(
/usr/local/lib/python3.12/dist-packages/supervision/key_points/core.py:308: SupervisionWarnings: 'KeyPoints.confidence' is deprecated since 0.29.0 and will be removed in 0.32.0. Use 'KeyPoints.keypoint_confidence' instead.
  warn_deprecated(
 25%|██▌       | 189/750 [03:06<11:11,  1.20s/it]/usr/local/lib/python3.12/dist-packages/supervision/key_points/core.py:316: SupervisionWarnings: 'KeyPoints.confidence' is deprecated since 0.29.0 and will be removed in 0.32.0. Use 'KeyPoints.keypoint_confidence' instead.
  warn_deprecated(
/usr/local/lib/python3.12/dist-packages/supervision/key_points/core.py:308: SupervisionWarnings: 'KeyPoints.confidence' is deprecated since 0.29.0 and will be removed in 0.32.0. Use 'KeyPoints.keypoint_confidence' instead.
  warn_deprecated(
/usr/local/lib/python3.12/dist-packages/supervision/key_points/core.py:308: SupervisionWarnings: 'KeyPoints.confidence' is deprecated since 0.29.0 and will be removed in 0.32.0. Use 'KeyPoints.keypoint_confidence' instead.
  warn_deprecated(
/usr/local/lib/python3.12/dist-packages/supervision/key_points/core.py:308: SupervisionWarnings: 'KeyPoints.confidence' is deprecated since 0.29.0 and will be removed in 0.32.0. Use 'KeyPoints.keypoint_confidence' instead.
  warn_deprecated(
/usr/local/lib/python3.12/dist-packages/supervision/key_points/core.py:308: SupervisionWarnings: 'KeyPoints.confidence' is deprecated since 0.29.0 and will be removed in 0.32.0. Use 'KeyPoints.keypoint_confidence' instead.
  warn_deprecated(
 25%|██▌       | 190/750 [03:07<10:13,  1.10s/it]/usr/local/lib/python3.12/dist-packages/supervision/key_points/core.py:316: SupervisionWarnings: 'KeyPoints.confidence' is deprecated since 0.29.0 and will be removed in 0.32.0. Use 'KeyPoints.keypoint_confidence' instead.
  warn_deprecated(
/usr/local/lib/python3.12/dist-packages/supervision/key_points/core.py:308: SupervisionWarnings: 'KeyPoints.confidence' is deprecated since 0.29.0 and will be removed in 0.32.0. Use 'KeyPoints.keypoint_confidence' instead.
  warn_deprecated(
/usr/local/lib/python3.12/dist-packages/supervision/key_points/core.py:308: SupervisionWarnings: 'KeyPoints.confidence' is deprecated since 0.29.0 and will be removed in 0.32.0. Use 'KeyPoints.keypoint_confidence' instead.
  warn_deprecated(
/usr/local/lib/python3.12/dist-packages/supervision/key_points/core.py:308: SupervisionWarnings: 'KeyPoints.confidence' is deprecated since 0.29.0 and will be removed in 0.32.0. Use 'KeyPoints.keypoint_confidence' instead.
  warn_deprecated(
/usr/local/lib/python3.12/dist-packages/supervision/key_points/core.py:308: SupervisionWarnings: 'KeyPoints.confidence' is deprecated since 0.29.0 and will be removed in 0.32.0. Use 'KeyPoints.keypoint_confidence' instead.
  warn_deprecated(
 25%|██▌       | 191/750 [03:07<09:28,  1.02s/it]/usr/local/lib/python3.12/dist-packages/supervision/key_points/core.py:316: SupervisionWarnings: 'KeyPoints.confidence' is deprecated since 0.29.0 and will be removed in 0.32.0. Use 'KeyPoints.keypoint_confidence' instead.
  warn_deprecated(
/usr/local/lib/python3.12/dist-packages/supervision/key_points/core.py:308: SupervisionWarnings: 'KeyPoints.confidence' is deprecated since 0.29.0 and will be removed in 0.32.0. Use 'KeyPoints.keypoint_confidence' instead.
  warn_deprecated(
/usr/local/lib/python3.12/dist-packages/supervision/key_points/core.py:308: SupervisionWarnings: 'KeyPoints.confidence' is deprecated since 0.29.0 and will be removed in 0.32.0. Use 'KeyPoints.keypoint_confidence' instead.
  warn_deprecated(
/usr/local/lib/python3.12/dist-packages/supervision/key_points/core.py:308: SupervisionWarnings: 'KeyPoints.confidence' is deprecated since 0.29.0 and will be removed in 0.32.0. Use 'KeyPoints.keypoint_confidence' instead.
  warn_deprecated(
/usr/local/lib/python3.12/dist-packages/supervision/key_points/core.py:308: SupervisionWarnings: 'KeyPoints.confidence' is deprecated since 0.29.0 and will be removed in 0.32.0. Use 'KeyPoints.keypoint_confidence' instead.
  warn_deprecated(
 26%|██▌       | 192/750 [03:09<10:19,  1.11s/it]/usr/local/lib/python3.12/dist-packages/supervision/key_points/core.py:316: SupervisionWarnings: 'KeyPoints.confidence' is deprecated since 0.29.0 and will be removed in 0.32.0. Use 'KeyPoints.keypoint_confidence' instead.
  warn_deprecated(
/usr/local/lib/python3.12/dist-packages/supervision/key_points/core.py:308: SupervisionWarnings: 'KeyPoints.confidence' is deprecated since 0.29.0 and will be removed in 0.32.0. Use 'KeyPoints.keypoint_confidence' instead.
  warn_deprecated(
/usr/local/lib/python3.12/dist-packages/supervision/key_points/core.py:308: SupervisionWarnings: 'KeyPoints.confidence' is deprecated since 0.29.0 and will be removed in 0.32.0. Use 'KeyPoints.keypoint_confidence' instead.
  warn_deprecated(
/usr/local/lib/python3.12/dist-packages/supervision/key_points/core.py:308: SupervisionWarnings: 'KeyPoints.confidence' is deprecated since 0.29.0 and will be removed in 0.32.0. Use 'KeyPoints.keypoint_confidence' instead.
  warn_deprecated(
/usr/local/lib/python3.12/dist-packages/supervision/key_points/core.py:308: SupervisionWarnings: 'KeyPoints.confidence' is deprecated since 0.29.0 and will be removed in 0.32.0. Use 'KeyPoints.keypoint_confidence' instead.
  warn_deprecated(
 26%|██▌       | 193/750 [03:10<11:32,  1.24s/it]/usr/local/lib/python3.12/dist-packages/supervision/key_points/core.py:316: SupervisionWarnings: 'KeyPoints.confidence' is deprecated since 0.29.0 and will be removed in 0.32.0. Use 'KeyPoints.keypoint_confidence' instead.
  warn_deprecated(
/usr/local/lib/python3.12/dist-packages/supervision/key_points/core.py:308: SupervisionWarnings: 'KeyPoints.confidence' is deprecated since 0.29.0 and will be removed in 0.32.0. Use 'KeyPoints.keypoint_confidence' instead.
  warn_deprecated(
/usr/local/lib/python3.12/dist-packages/supervision/key_points/core.py:308: SupervisionWarnings: 'KeyPoints.confidence' is deprecated since 0.29.0 and will be removed in 0.32.0. Use 'KeyPoints.keypoint_confidence' instead.
  warn_deprecated(
/usr/local/lib/python3.12/dist-packages/supervision/key_points/core.py:308: SupervisionWarnings: 'KeyPoints.confidence' is deprecated since 0.29.0 and will be removed in 0.32.0. Use 'KeyPoints.keypoint_confidence' instead.
  warn_deprecated(
/usr/local/lib/python3.12/dist-packages/supervision/key_points/core.py:308: SupervisionWarnings: 'KeyPoints.confidence' is deprecated since 0.29.0 and will be removed in 0.32.0. Use 'KeyPoints.keypoint_confidence' instead.
  warn_deprecated(
 26%|██▌       | 194/750 [03:12<12:27,  1.34s/it]/usr/local/lib/python3.12/dist-packages/supervision/key_points/core.py:316: SupervisionWarnings: 'KeyPoints.confidence' is deprecated since 0.29.0 and will be removed in 0.32.0. Use 'KeyPoints.keypoint_confidence' instead.
  warn_deprecated(
/usr/local/lib/python3.12/dist-packages/supervision/key_points/core.py:308: SupervisionWarnings: 'KeyPoints.confidence' is deprecated since 0.29.0 and will be removed in 0.32.0. Use 'KeyPoints.keypoint_confidence' instead.
  warn_deprecated(
/usr/local/lib/python3.12/dist-packages/supervision/key_points/core.py:308: SupervisionWarnings: 'KeyPoints.confidence' is deprecated since 0.29.0 and will be removed in 0.32.0. Use 'KeyPoints.keypoint_confidence' instead.
  warn_deprecated(
/usr/local/lib/python3.12/dist-packages/supervision/key_points/core.py:308: SupervisionWarnings: 'KeyPoints.confidence' is deprecated since 0.29.0 and will be removed in 0.32.0. Use 'KeyPoints.keypoint_confidence' instead.
  warn_deprecated(
/usr/local/lib/python3.12/dist-packages/supervision/key_points/core.py:308: SupervisionWarnings: 'KeyPoints.confidence' is deprecated since 0.29.0 and will be removed in 0.32.0. Use 'KeyPoints.keypoint_confidence' instead.
  warn_deprecated(
 26%|██▌       | 195/750 [03:13<12:49,  1.39s/it]/usr/local/lib/python3.12/dist-packages/supervision/key_points/core.py:316: SupervisionWarnings: 'KeyPoints.confidence' is deprecated since 0.29.0 and will be removed in 0.32.0. Use 'KeyPoints.keypoint_confidence' instead.
  warn_deprecated(
/usr/local/lib/python3.12/dist-packages/supervision/key_points/core.py:308: SupervisionWarnings: 'KeyPoints.confidence' is deprecated since 0.29.0 and will be removed in 0.32.0. Use 'KeyPoints.keypoint_confidence' instead.
  warn_deprecated(
/usr/local/lib/python3.12/dist-packages/supervision/key_points/core.py:308: SupervisionWarnings: 'KeyPoints.confidence' is deprecated since 0.29.0 and will be removed in 0.32.0. Use 'KeyPoints.keypoint_confidence' instead.
  warn_deprecated(
/usr/local/lib/python3.12/dist-packages/supervision/key_points/core.py:308: SupervisionWarnings: 'KeyPoints.confidence' is deprecated since 0.29.0 and will be removed in 0.32.0. Use 'KeyPoints.keypoint_confidence' instead.
  warn_deprecated(
/usr/local/lib/python3.12/dist-packages/supervision/key_points/core.py:308: SupervisionWarnings: 'KeyPoints.confidence' is deprecated since 0.29.0 and will be removed in 0.32.0. Use 'KeyPoints.keypoint_confidence' instead.
  warn_deprecated(
 26%|██▌       | 196/750 [03:14<11:20,  1.23s/it]/usr/local/lib/python3.12/dist-packages/supervision/key_points/core.py:316: SupervisionWarnings: 'KeyPoints.confidence' is deprecated since 0.29.0 and will be removed in 0.32.0. Use 'KeyPoints.keypoint_confidence' instead.
  warn_deprecated(
/usr/local/lib/python3.12/dist-packages/supervision/key_points/core.py:308: SupervisionWarnings: 'KeyPoints.confidence' is deprecated since 0.29.0 and will be removed in 0.32.0. Use 'KeyPoints.keypoint_confidence' instead.
  warn_deprecated(
/usr/local/lib/python3.12/dist-packages/supervision/key_points/core.py:308: SupervisionWarnings: 'KeyPoints.confidence' is deprecated since 0.29.0 and will be removed in 0.32.0. Use 'KeyPoints.keypoint_confidence' instead.
  warn_deprecated(
/usr/local/lib/python3.12/dist-packages/supervision/key_points/core.py:308: SupervisionWarnings: 'KeyPoints.confidence' is deprecated since 0.29.0 and will be removed in 0.32.0. Use 'KeyPoints.keypoint_confidence' instead.
  warn_deprecated(
/usr/local/lib/python3.12/dist-packages/supervision/key_points/core.py:308: SupervisionWarnings: 'KeyPoints.confidence' is deprecated since 0.29.0 and will be removed in 0.32.0. Use 'KeyPoints.keypoint_confidence' instead.
  warn_deprecated(
 26%|██▋       | 197/750 [03:15<11:18,  1.23s/it]/usr/local/lib/python3.12/dist-packages/supervision/key_points/core.py:316: SupervisionWarnings: 'KeyPoints.confidence' is deprecated since 0.29.0 and will be removed in 0.32.0. Use 'KeyPoints.keypoint_confidence' instead.
  warn_deprecated(
/usr/local/lib/python3.12/dist-packages/supervision/key_points/core.py:308: SupervisionWarnings: 'KeyPoints.confidence' is deprecated since 0.29.0 and will be removed in 0.32.0. Use 'KeyPoints.keypoint_confidence' instead.
  warn_deprecated(
/usr/local/lib/python3.12/dist-packages/supervision/key_points/core.py:308: SupervisionWarnings: 'KeyPoints.confidence' is deprecated since 0.29.0 and will be removed in 0.32.0. Use 'KeyPoints.keypoint_confidence' instead.
  warn_deprecated(
/usr/local/lib/python3.12/dist-packages/supervision/key_points/core.py:308: SupervisionWarnings: 'KeyPoints.confidence' is deprecated since 0.29.0 and will be removed in 0.32.0. Use 'KeyPoints.keypoint_confidence' instead.
  warn_deprecated(
/usr/local/lib/python3.12/dist-packages/supervision/key_points/core.py:308: SupervisionWarnings: 'KeyPoints.confidence' is deprecated since 0.29.0 and will be removed in 0.32.0. Use 'KeyPoints.keypoint_confidence' instead.
  warn_deprecated(
 26%|██▋       | 198/750 [03:17<11:24,  1.24s/it]/usr/local/lib/python3.12/dist-packages/supervision/key_points/core.py:316: SupervisionWarnings: 'KeyPoints.confidence' is deprecated since 0.29.0 and will be removed in 0.32.0. Use 'KeyPoints.keypoint_confidence' instead.
  warn_deprecated(
/usr/local/lib/python3.12/dist-packages/supervision/key_points/core.py:308: SupervisionWarnings: 'KeyPoints.confidence' is deprecated since 0.29.0 and will be removed in 0.32.0. Use 'KeyPoints.keypoint_confidence' instead.
  warn_deprecated(
/usr/local/lib/python3.12/dist-packages/supervision/key_points/core.py:308: SupervisionWarnings: 'KeyPoints.confidence' is deprecated since 0.29.0 and will be removed in 0.32.0. Use 'KeyPoints.keypoint_confidence' instead.
  warn_deprecated(
/usr/local/lib/python3.12/dist-packages/supervision/key_points/core.py:308: SupervisionWarnings: 'KeyPoints.confidence' is deprecated since 0.29.0 and will be removed in 0.32.0. Use 'KeyPoints.keypoint_confidence' instead.
  warn_deprecated(
/usr/local/lib/python3.12/dist-packages/supervision/key_points/core.py:308: SupervisionWarnings: 'KeyPoints.confidence' is deprecated since 0.29.0 and will be removed in 0.32.0. Use 'KeyPoints.keypoint_confidence' instead.
  warn_deprecated(
 27%|██▋       | 199/750 [03:18<11:26,  1.25s/it]/usr/local/lib/python3.12/dist-packages/supervision/key_points/core.py:316: SupervisionWarnings: 'KeyPoints.confidence' is deprecated since 0.29.0 and will be removed in 0.32.0. Use 'KeyPoints.keypoint_confidence' instead.
  warn_deprecated(
/usr/local/lib/python3.12/dist-packages/supervision/key_points/core.py:308: SupervisionWarnings: 'KeyPoints.confidence' is deprecated since 0.29.0 and will be removed in 0.32.0. Use 'KeyPoints.keypoint_confidence' instead.
  warn_deprecated(
/usr/local/lib/python3.12/dist-packages/supervision/key_points/core.py:308: SupervisionWarnings: 'KeyPoints.confidence' is deprecated since 0.29.0 and will be removed in 0.32.0. Use 'KeyPoints.keypoint_confidence' instead.
  warn_deprecated(
/usr/local/lib/python3.12/dist-packages/supervision/key_points/core.py:308: SupervisionWarnings: 'KeyPoints.confidence' is deprecated since 0.29.0 and will be removed in 0.32.0. Use 'KeyPoints.keypoint_confidence' instead.
  warn_deprecated(
/usr/local/lib/python3.12/dist-packages/supervision/key_points/core.py:308: SupervisionWarnings: 'KeyPoints.confidence' is deprecated since 0.29.0 and will be removed in 0.32.0. Use 'KeyPoints.keypoint_confidence' instead.
  warn_deprecated(
 27%|██▋       | 200/750 [03:19<11:23,  1.24s/it]/usr/local/lib/python3.12/dist-packages/supervision/key_points/core.py:316: SupervisionWarnings: 'KeyPoints.confidence' is deprecated since 0.29.0 and will be removed in 0.32.0. Use 'KeyPoints.keypoint_confidence' instead.
  warn_deprecated(
/usr/local/lib/python3.12/dist-packages/supervision/key_points/core.py:308: SupervisionWarnings: 'KeyPoints.confidence' is deprecated since 0.29.0 and will be removed in 0.32.0. Use 'KeyPoints.keypoint_confidence' instead.
  warn_deprecated(
/usr/local/lib/python3.12/dist-packages/supervision/key_points/core.py:308: SupervisionWarnings: 'KeyPoints.confidence' is deprecated since 0.29.0 and will be removed in 0.32.0. Use 'KeyPoints.keypoint_confidence' instead.
  warn_deprecated(
/usr/local/lib/python3.12/dist-packages/supervision/key_points/core.py:308: SupervisionWarnings: 'KeyPoints.confidence' is deprecated since 0.29.0 and will be removed in 0.32.0. Use 'KeyPoints.keypoint_confidence' instead.
  warn_deprecated(
/usr/local/lib/python3.12/dist-packages/supervision/key_points/core.py:308: SupervisionWarnings: 'KeyPoints.confidence' is deprecated since 0.29.0 and will be removed in 0.32.0. Use 'KeyPoints.keypoint_confidence' instead.
  warn_deprecated(
 27%|██▋       | 201/750 [03:20<11:20,  1.24s/it]/usr/local/lib/python3.12/dist-packages/supervision/key_points/core.py:316: SupervisionWarnings: 'KeyPoints.confidence' is deprecated since 0.29.0 and will be removed in 0.32.0. Use 'KeyPoints.keypoint_confidence' instead.
  warn_deprecated(
/usr/local/lib/python3.12/dist-packages/supervision/key_points/core.py:308: SupervisionWarnings: 'KeyPoints.confidence' is deprecated since 0.29.0 and will be removed in 0.32.0. Use 'KeyPoints.keypoint_confidence' instead.
  warn_deprecated(
/usr/local/lib/python3.12/dist-packages/supervision/key_points/core.py:308: SupervisionWarnings: 'KeyPoints.confidence' is deprecated since 0.29.0 and will be removed in 0.32.0. Use 'KeyPoints.keypoint_confidence' instead.
  warn_deprecated(
/usr/local/lib/python3.12/dist-packages/supervision/key_points/core.py:308: SupervisionWarnings: 'KeyPoints.confidence' is deprecated since 0.29.0 and will be removed in 0.32.0. Use 'KeyPoints.keypoint_confidence' instead.
  warn_deprecated(
/usr/local/lib/python3.12/dist-packages/supervision/key_points/core.py:308: SupervisionWarnings: 'KeyPoints.confidence' is deprecated since 0.29.0 and will be removed in 0.32.0. Use 'KeyPoints.keypoint_confidence' instead.
  warn_deprecated(
 27%|██▋       | 202/750 [03:22<11:21,  1.24s/it]/usr/local/lib/python3.12/dist-packages/supervision/key_points/core.py:316: SupervisionWarnings: 'KeyPoints.confidence' is deprecated since 0.29.0 and will be removed in 0.32.0. Use 'KeyPoints.keypoint_confidence' instead.
  warn_deprecated(
/usr/local/lib/python3.12/dist-packages/supervision/key_points/core.py:308: SupervisionWarnings: 'KeyPoints.confidence' is deprecated since 0.29.0 and will be removed in 0.32.0. Use 'KeyPoints.keypoint_confidence' instead.
  warn_deprecated(
/usr/local/lib/python3.12/dist-packages/supervision/key_points/core.py:308: SupervisionWarnings: 'KeyPoints.confidence' is deprecated since 0.29.0 and will be removed in 0.32.0. Use 'KeyPoints.keypoint_confidence' instead.
  warn_deprecated(
/usr/local/lib/python3.12/dist-packages/supervision/key_points/core.py:308: SupervisionWarnings: 'KeyPoints.confidence' is deprecated since 0.29.0 and will be removed in 0.32.0. Use 'KeyPoints.keypoint_confidence' instead.
  warn_deprecated(
/usr/local/lib/python3.12/dist-packages/supervision/key_points/core.py:308: SupervisionWarnings: 'KeyPoints.confidence' is deprecated since 0.29.0 and will be removed in 0.32.0. Use 'KeyPoints.keypoint_confidence' instead.
  warn_deprecated(
 27%|██▋       | 203/750 [03:23<11:19,  1.24s/it]/usr/local/lib/python3.12/dist-packages/supervision/key_points/core.py:316: SupervisionWarnings: 'KeyPoints.confidence' is deprecated since 0.29.0 and will be removed in 0.32.0. Use 'KeyPoints.keypoint_confidence' instead.
  warn_deprecated(
/usr/local/lib/python3.12/dist-packages/supervision/key_points/core.py:308: SupervisionWarnings: 'KeyPoints.confidence' is deprecated since 0.29.0 and will be removed in 0.32.0. Use 'KeyPoints.keypoint_confidence' instead.
  warn_deprecated(
/usr/local/lib/python3.12/dist-packages/supervision/key_points/core.py:308: SupervisionWarnings: 'KeyPoints.confidence' is deprecated since 0.29.0 and will be removed in 0.32.0. Use 'KeyPoints.keypoint_confidence' instead.
  warn_deprecated(
/usr/local/lib/python3.12/dist-packages/supervision/key_points/core.py:308: SupervisionWarnings: 'KeyPoints.confidence' is deprecated since 0.29.0 and will be removed in 0.32.0. Use 'KeyPoints.keypoint_confidence' instead.
  warn_deprecated(
/usr/local/lib/python3.12/dist-packages/supervision/key_points/core.py:308: SupervisionWarnings: 'KeyPoints.confidence' is deprecated since 0.29.0 and will be removed in 0.32.0. Use 'KeyPoints.keypoint_confidence' instead.
  warn_deprecated(
 27%|██▋       | 204/750 [03:24<11:45,  1.29s/it]/usr/local/lib/python3.12/dist-packages/supervision/key_points/core.py:316: SupervisionWarnings: 'KeyPoints.confidence' is deprecated since 0.29.0 and will be removed in 0.32.0. Use 'KeyPoints.keypoint_confidence' instead.
  warn_deprecated(
/usr/local/lib/python3.12/dist-packages/supervision/key_points/core.py:308: SupervisionWarnings: 'KeyPoints.confidence' is deprecated since 0.29.0 and will be removed in 0.32.0. Use 'KeyPoints.keypoint_confidence' instead.
  warn_deprecated(
/usr/local/lib/python3.12/dist-packages/supervision/key_points/core.py:308: SupervisionWarnings: 'KeyPoints.confidence' is deprecated since 0.29.0 and will be removed in 0.32.0. Use 'KeyPoints.keypoint_confidence' instead.
  warn_deprecated(
/usr/local/lib/python3.12/dist-packages/supervision/key_points/core.py:308: SupervisionWarnings: 'KeyPoints.confidence' is deprecated since 0.29.0 and will be removed in 0.32.0. Use 'KeyPoints.keypoint_confidence' instead.
  warn_deprecated(
/usr/local/lib/python3.12/dist-packages/supervision/key_points/core.py:308: SupervisionWarnings: 'KeyPoints.confidence' is deprecated since 0.29.0 and will be removed in 0.32.0. Use 'KeyPoints.keypoint_confidence' instead.
  warn_deprecated(
 27%|██▋       | 205/750 [03:26<12:12,  1.34s/it]/usr/local/lib/python3.12/dist-packages/supervision/key_points/core.py:316: SupervisionWarnings: 'KeyPoints.confidence' is deprecated since 0.29.0 and will be removed in 0.32.0. Use 'KeyPoints.keypoint_confidence' instead.
  warn_deprecated(
/usr/local/lib/python3.12/dist-packages/supervision/key_points/core.py:308: SupervisionWarnings: 'KeyPoints.confidence' is deprecated since 0.29.0 and will be removed in 0.32.0. Use 'KeyPoints.keypoint_confidence' instead.
  warn_deprecated(
/usr/local/lib/python3.12/dist-packages/supervision/key_points/core.py:308: SupervisionWarnings: 'KeyPoints.confidence' is deprecated since 0.29.0 and will be removed in 0.32.0. Use 'KeyPoints.keypoint_confidence' instead.
  warn_deprecated(
/usr/local/lib/python3.12/dist-packages/supervision/key_points/core.py:308: SupervisionWarnings: 'KeyPoints.confidence' is deprecated since 0.29.0 and will be removed in 0.32.0. Use 'KeyPoints.keypoint_confidence' instead.
  warn_deprecated(
/usr/local/lib/python3.12/dist-packages/supervision/key_points/core.py:308: SupervisionWarnings: 'KeyPoints.confidence' is deprecated since 0.29.0 and will be removed in 0.32.0. Use 'KeyPoints.keypoint_confidence' instead.
  warn_deprecated(
 27%|██▋       | 206/750 [03:27<12:28,  1.38s/it]/usr/local/lib/python3.12/dist-packages/supervision/key_points/core.py:316: SupervisionWarnings: 'KeyPoints.confidence' is deprecated since 0.29.0 and will be removed in 0.32.0. Use 'KeyPoints.keypoint_confidence' instead.
  warn_deprecated(
/usr/local/lib/python3.12/dist-packages/supervision/key_points/core.py:308: SupervisionWarnings: 'KeyPoints.confidence' is deprecated since 0.29.0 and will be removed in 0.32.0. Use 'KeyPoints.keypoint_confidence' instead.
  warn_deprecated(
/usr/local/lib/python3.12/dist-packages/supervision/key_points/core.py:308: SupervisionWarnings: 'KeyPoints.confidence' is deprecated since 0.29.0 and will be removed in 0.32.0. Use 'KeyPoints.keypoint_confidence' instead.
  warn_deprecated(
/usr/local/lib/python3.12/dist-packages/supervision/key_points/core.py:308: SupervisionWarnings: 'KeyPoints.confidence' is deprecated since 0.29.0 and will be removed in 0.32.0. Use 'KeyPoints.keypoint_confidence' instead.
  warn_deprecated(
/usr/local/lib/python3.12/dist-packages/supervision/key_points/core.py:308: SupervisionWarnings: 'KeyPoints.confidence' is deprecated since 0.29.0 and will be removed in 0.32.0. Use 'KeyPoints.keypoint_confidence' instead.
  warn_deprecated(
 28%|██▊       | 207/750 [03:29<12:11,  1.35s/it]/usr/local/lib/python3.12/dist-packages/supervision/key_points/core.py:316: SupervisionWarnings: 'KeyPoints.confidence' is deprecated since 0.29.0 and will be removed in 0.32.0. Use 'KeyPoints.keypoint_confidence' instead.
  warn_deprecated(
/usr/local/lib/python3.12/dist-packages/supervision/key_points/core.py:308: SupervisionWarnings: 'KeyPoints.confidence' is deprecated since 0.29.0 and will be removed in 0.32.0. Use 'KeyPoints.keypoint_confidence' instead.
  warn_deprecated(
/usr/local/lib/python3.12/dist-packages/supervision/key_points/core.py:308: SupervisionWarnings: 'KeyPoints.confidence' is deprecated since 0.29.0 and will be removed in 0.32.0. Use 'KeyPoints.keypoint_confidence' instead.
  warn_deprecated(
/usr/local/lib/python3.12/dist-packages/supervision/key_points/core.py:308: SupervisionWarnings: 'KeyPoints.confidence' is deprecated since 0.29.0 and will be removed in 0.32.0. Use 'KeyPoints.keypoint_confidence' instead.
  warn_deprecated(
/usr/local/lib/python3.12/dist-packages/supervision/key_points/core.py:308: SupervisionWarnings: 'KeyPoints.confidence' is deprecated since 0.29.0 and will be removed in 0.32.0. Use 'KeyPoints.keypoint_confidence' instead.
  warn_deprecated(
 28%|██▊       | 208/750 [03:29<10:44,  1.19s/it]/usr/local/lib/python3.12/dist-packages/supervision/key_points/core.py:316: SupervisionWarnings: 'KeyPoints.confidence' is deprecated since 0.29.0 and will be removed in 0.32.0. Use 'KeyPoints.keypoint_confidence' instead.
  warn_deprecated(
/usr/local/lib/python3.12/dist-packages/supervision/key_points/core.py:308: SupervisionWarnings: 'KeyPoints.confidence' is deprecated since 0.29.0 and will be removed in 0.32.0. Use 'KeyPoints.keypoint_confidence' instead.
  warn_deprecated(
/usr/local/lib/python3.12/dist-packages/supervision/key_points/core.py:308: SupervisionWarnings: 'KeyPoints.confidence' is deprecated since 0.29.0 and will be removed in 0.32.0. Use 'KeyPoints.keypoint_confidence' instead.
  warn_deprecated(
/usr/local/lib/python3.12/dist-packages/supervision/key_points/core.py:308: SupervisionWarnings: 'KeyPoints.confidence' is deprecated since 0.29.0 and will be removed in 0.32.0. Use 'KeyPoints.keypoint_confidence' instead.
  warn_deprecated(
/usr/local/lib/python3.12/dist-packages/supervision/key_points/core.py:308: SupervisionWarnings: 'KeyPoints.confidence' is deprecated since 0.29.0 and will be removed in 0.32.0. Use 'KeyPoints.keypoint_confidence' instead.
  warn_deprecated(
 28%|██▊       | 209/750 [03:30<09:47,  1.09s/it]/usr/local/lib/python3.12/dist-packages/supervision/key_points/core.py:316: SupervisionWarnings: 'KeyPoints.confidence' is deprecated since 0.29.0 and will be removed in 0.32.0. Use 'KeyPoints.keypoint_confidence' instead.
  warn_deprecated(
/usr/local/lib/python3.12/dist-packages/supervision/key_points/core.py:308: SupervisionWarnings: 'KeyPoints.confidence' is deprecated since 0.29.0 and will be removed in 0.32.0. Use 'KeyPoints.keypoint_confidence' instead.
  warn_deprecated(
/usr/local/lib/python3.12/dist-packages/supervision/key_points/core.py:308: SupervisionWarnings: 'KeyPoints.confidence' is deprecated since 0.29.0 and will be removed in 0.32.0. Use 'KeyPoints.keypoint_confidence' instead.
  warn_deprecated(
/usr/local/lib/python3.12/dist-packages/supervision/key_points/core.py:308: SupervisionWarnings: 'KeyPoints.confidence' is deprecated since 0.29.0 and will be removed in 0.32.0. Use 'KeyPoints.keypoint_confidence' instead.
  warn_deprecated(
/usr/local/lib/python3.12/dist-packages/supervision/key_points/core.py:308: SupervisionWarnings: 'KeyPoints.confidence' is deprecated since 0.29.0 and will be removed in 0.32.0. Use 'KeyPoints.keypoint_confidence' instead.
  warn_deprecated(
 28%|██▊       | 210/750 [03:31<09:00,  1.00s/it]/usr/local/lib/python3.12/dist-packages/supervision/key_points/core.py:316: SupervisionWarnings: 'KeyPoints.confidence' is deprecated since 0.29.0 and will be removed in 0.32.0. Use 'KeyPoints.keypoint_confidence' instead.
  warn_deprecated(
/usr/local/lib/python3.12/dist-packages/supervision/key_points/core.py:308: SupervisionWarnings: 'KeyPoints.confidence' is deprecated since 0.29.0 and will be removed in 0.32.0. Use 'KeyPoints.keypoint_confidence' instead.
  warn_deprecated(
/usr/local/lib/python3.12/dist-packages/supervision/key_points/core.py:308: SupervisionWarnings: 'KeyPoints.confidence' is deprecated since 0.29.0 and will be removed in 0.32.0. Use 'KeyPoints.keypoint_confidence' instead.
  warn_deprecated(
/usr/local/lib/python3.12/dist-packages/supervision/key_points/core.py:308: SupervisionWarnings: 'KeyPoints.confidence' is deprecated since 0.29.0 and will be removed in 0.32.0. Use 'KeyPoints.keypoint_confidence' instead.
  warn_deprecated(
/usr/local/lib/python3.12/dist-packages/supervision/key_points/core.py:308: SupervisionWarnings: 'KeyPoints.confidence' is deprecated since 0.29.0 and will be removed in 0.32.0. Use 'KeyPoints.keypoint_confidence' instead.
  warn_deprecated(
 28%|██▊       | 211/750 [03:32<08:25,  1.07it/s]/usr/local/lib/python3.12/dist-packages/supervision/key_points/core.py:316: SupervisionWarnings: 'KeyPoints.confidence' is deprecated since 0.29.0 and will be removed in 0.32.0. Use 'KeyPoints.keypoint_confidence' instead.
  warn_deprecated(
/usr/local/lib/python3.12/dist-packages/supervision/key_points/core.py:308: SupervisionWarnings: 'KeyPoints.confidence' is deprecated since 0.29.0 and will be removed in 0.32.0. Use 'KeyPoints.keypoint_confidence' instead.
  warn_deprecated(
/usr/local/lib/python3.12/dist-packages/supervision/key_points/core.py:308: SupervisionWarnings: 'KeyPoints.confidence' is deprecated since 0.29.0 and will be removed in 0.32.0. Use 'KeyPoints.keypoint_confidence' instead.
  warn_deprecated(
/usr/local/lib/python3.12/dist-packages/supervision/key_points/core.py:308: SupervisionWarnings: 'KeyPoints.confidence' is deprecated since 0.29.0 and will be removed in 0.32.0. Use 'KeyPoints.keypoint_confidence' instead.
  warn_deprecated(
/usr/local/lib/python3.12/dist-packages/supervision/key_points/core.py:308: SupervisionWarnings: 'KeyPoints.confidence' is deprecated since 0.29.0 and will be removed in 0.32.0. Use 'KeyPoints.keypoint_confidence' instead.
  warn_deprecated(
 28%|██▊       | 212/750 [03:33<08:03,  1.11it/s]/usr/local/lib/python3.12/dist-packages/supervision/key_points/core.py:316: SupervisionWarnings: 'KeyPoints.confidence' is deprecated since 0.29.0 and will be removed in 0.32.0. Use 'KeyPoints.keypoint_confidence' instead.
  warn_deprecated(
/usr/local/lib/python3.12/dist-packages/supervision/key_points/core.py:308: SupervisionWarnings: 'KeyPoints.confidence' is deprecated since 0.29.0 and will be removed in 0.32.0. Use 'KeyPoints.keypoint_confidence' instead.
  warn_deprecated(
/usr/local/lib/python3.12/dist-packages/supervision/key_points/core.py:308: SupervisionWarnings: 'KeyPoints.confidence' is deprecated since 0.29.0 and will be removed in 0.32.0. Use 'KeyPoints.keypoint_confidence' instead.
  warn_deprecated(
/usr/local/lib/python3.12/dist-packages/supervision/key_points/core.py:308: SupervisionWarnings: 'KeyPoints.confidence' is deprecated since 0.29.0 and will be removed in 0.32.0. Use 'KeyPoints.keypoint_confidence' instead.
  warn_deprecated(
/usr/local/lib/python3.12/dist-packages/supervision/key_points/core.py:308: SupervisionWarnings: 'KeyPoints.confidence' is deprecated since 0.29.0 and will be removed in 0.32.0. Use 'KeyPoints.keypoint_confidence' instead.
  warn_deprecated(
 28%|██▊       | 213/750 [03:33<07:45,  1.15it/s]/usr/local/lib/python3.12/dist-packages/supervision/key_points/core.py:316: SupervisionWarnings: 'KeyPoints.confidence' is deprecated since 0.29.0 and will be removed in 0.32.0. Use 'KeyPoints.keypoint_confidence' instead.
  warn_deprecated(
/usr/local/lib/python3.12/dist-packages/supervision/key_points/core.py:308: SupervisionWarnings: 'KeyPoints.confidence' is deprecated since 0.29.0 and will be removed in 0.32.0. Use 'KeyPoints.keypoint_confidence' instead.
  warn_deprecated(
/usr/local/lib/python3.12/dist-packages/supervision/key_points/core.py:308: SupervisionWarnings: 'KeyPoints.confidence' is deprecated since 0.29.0 and will be removed in 0.32.0. Use 'KeyPoints.keypoint_confidence' instead.
  warn_deprecated(
/usr/local/lib/python3.12/dist-packages/supervision/key_points/core.py:308: SupervisionWarnings: 'KeyPoints.confidence' is deprecated since 0.29.0 and will be removed in 0.32.0. Use 'KeyPoints.keypoint_confidence' instead.
  warn_deprecated(
/usr/local/lib/python3.12/dist-packages/supervision/key_points/core.py:308: SupervisionWarnings: 'KeyPoints.confidence' is deprecated since 0.29.0 and will be removed in 0.32.0. Use 'KeyPoints.keypoint_confidence' instead.
  warn_deprecated(
 29%|██▊       | 214/750 [03:35<08:47,  1.02it/s]/usr/local/lib/python3.12/dist-packages/supervision/key_points/core.py:316: SupervisionWarnings: 'KeyPoints.confidence' is deprecated since 0.29.0 and will be removed in 0.32.0. Use 'KeyPoints.keypoint_confidence' instead.
  warn_deprecated(
/usr/local/lib/python3.12/dist-packages/supervision/key_points/core.py:308: SupervisionWarnings: 'KeyPoints.confidence' is deprecated since 0.29.0 and will be removed in 0.32.0. Use 'KeyPoints.keypoint_confidence' instead.
  warn_deprecated(
/usr/local/lib/python3.12/dist-packages/supervision/key_points/core.py:308: SupervisionWarnings: 'KeyPoints.confidence' is deprecated since 0.29.0 and will be removed in 0.32.0. Use 'KeyPoints.keypoint_confidence' instead.
  warn_deprecated(
/usr/local/lib/python3.12/dist-packages/supervision/key_points/core.py:308: SupervisionWarnings: 'KeyPoints.confidence' is deprecated since 0.29.0 and will be removed in 0.32.0. Use 'KeyPoints.keypoint_confidence' instead.
  warn_deprecated(
/usr/local/lib/python3.12/dist-packages/supervision/key_points/core.py:308: SupervisionWarnings: 'KeyPoints.confidence' is deprecated since 0.29.0 and will be removed in 0.32.0. Use 'KeyPoints.keypoint_confidence' instead.
  warn_deprecated(
 29%|██▊       | 215/750 [03:35<08:18,  1.07it/s]/usr/local/lib/python3.12/dist-packages/supervision/key_points/core.py:316: SupervisionWarnings: 'KeyPoints.confidence' is deprecated since 0.29.0 and will be removed in 0.32.0. Use 'KeyPoints.keypoint_confidence' instead.
  warn_deprecated(
/usr/local/lib/python3.12/dist-packages/supervision/key_points/core.py:308: SupervisionWarnings: 'KeyPoints.confidence' is deprecated since 0.29.0 and will be removed in 0.32.0. Use 'KeyPoints.keypoint_confidence' instead.
  warn_deprecated(
/usr/local/lib/python3.12/dist-packages/supervision/key_points/core.py:308: SupervisionWarnings: 'KeyPoints.confidence' is deprecated since 0.29.0 and will be removed in 0.32.0. Use 'KeyPoints.keypoint_confidence' instead.
  warn_deprecated(
/usr/local/lib/python3.12/dist-packages/supervision/key_points/core.py:308: SupervisionWarnings: 'KeyPoints.confidence' is deprecated since 0.29.0 and will be removed in 0.32.0. Use 'KeyPoints.keypoint_confidence' instead.
  warn_deprecated(
/usr/local/lib/python3.12/dist-packages/supervision/key_points/core.py:308: SupervisionWarnings: 'KeyPoints.confidence' is deprecated since 0.29.0 and will be removed in 0.32.0. Use 'KeyPoints.keypoint_confidence' instead.
  warn_deprecated(
 29%|██▉       | 216/750 [03:37<09:07,  1.02s/it]/usr/local/lib/python3.12/dist-packages/supervision/key_points/core.py:316: SupervisionWarnings: 'KeyPoints.confidence' is deprecated since 0.29.0 and will be removed in 0.32.0. Use 'KeyPoints.keypoint_confidence' instead.
  warn_deprecated(
/usr/local/lib/python3.12/dist-packages/supervision/key_points/core.py:308: SupervisionWarnings: 'KeyPoints.confidence' is deprecated since 0.29.0 and will be removed in 0.32.0. Use 'KeyPoints.keypoint_confidence' instead.
  warn_deprecated(
/usr/local/lib/python3.12/dist-packages/supervision/key_points/core.py:308: SupervisionWarnings: 'KeyPoints.confidence' is deprecated since 0.29.0 and will be removed in 0.32.0. Use 'KeyPoints.keypoint_confidence' instead.
  warn_deprecated(
/usr/local/lib/python3.12/dist-packages/supervision/key_points/core.py:308: SupervisionWarnings: 'KeyPoints.confidence' is deprecated since 0.29.0 and will be removed in 0.32.0. Use 'KeyPoints.keypoint_confidence' instead.
  warn_deprecated(
/usr/local/lib/python3.12/dist-packages/supervision/key_points/core.py:308: SupervisionWarnings: 'KeyPoints.confidence' is deprecated since 0.29.0 and will be removed in 0.32.0. Use 'KeyPoints.keypoint_confidence' instead.
  warn_deprecated(
 29%|██▉       | 217/750 [03:38<09:43,  1.09s/it]/usr/local/lib/python3.12/dist-packages/supervision/key_points/core.py:316: SupervisionWarnings: 'KeyPoints.confidence' is deprecated since 0.29.0 and will be removed in 0.32.0. Use 'KeyPoints.keypoint_confidence' instead.
  warn_deprecated(
/usr/local/lib/python3.12/dist-packages/supervision/key_points/core.py:308: SupervisionWarnings: 'KeyPoints.confidence' is deprecated since 0.29.0 and will be removed in 0.32.0. Use 'KeyPoints.keypoint_confidence' instead.
  warn_deprecated(
/usr/local/lib/python3.12/dist-packages/supervision/key_points/core.py:308: SupervisionWarnings: 'KeyPoints.confidence' is deprecated since 0.29.0 and will be removed in 0.32.0. Use 'KeyPoints.keypoint_confidence' instead.
  warn_deprecated(
/usr/local/lib/python3.12/dist-packages/supervision/key_points/core.py:308: SupervisionWarnings: 'KeyPoints.confidence' is deprecated since 0.29.0 and will be removed in 0.32.0. Use 'KeyPoints.keypoint_confidence' instead.
  warn_deprecated(
/usr/local/lib/python3.12/dist-packages/supervision/key_points/core.py:308: SupervisionWarnings: 'KeyPoints.confidence' is deprecated since 0.29.0 and will be removed in 0.32.0. Use 'KeyPoints.keypoint_confidence' instead.
  warn_deprecated(
 29%|██▉       | 218/750 [03:39<09:08,  1.03s/it]/usr/local/lib/python3.12/dist-packages/supervision/key_points/core.py:316: SupervisionWarnings: 'KeyPoints.confidence' is deprecated since 0.29.0 and will be removed in 0.32.0. Use 'KeyPoints.keypoint_confidence' instead.
  warn_deprecated(
/usr/local/lib/python3.12/dist-packages/supervision/key_points/core.py:308: SupervisionWarnings: 'KeyPoints.confidence' is deprecated since 0.29.0 and will be removed in 0.32.0. Use 'KeyPoints.keypoint_confidence' instead.
  warn_deprecated(
/usr/local/lib/python3.12/dist-packages/supervision/key_points/core.py:308: SupervisionWarnings: 'KeyPoints.confidence' is deprecated since 0.29.0 and will be removed in 0.32.0. Use 'KeyPoints.keypoint_confidence' instead.
  warn_deprecated(
/usr/local/lib/python3.12/dist-packages/supervision/key_points/core.py:308: SupervisionWarnings: 'KeyPoints.confidence' is deprecated since 0.29.0 and will be removed in 0.32.0. Use 'KeyPoints.keypoint_confidence' instead.
  warn_deprecated(
/usr/local/lib/python3.12/dist-packages/supervision/key_points/core.py:308: SupervisionWarnings: 'KeyPoints.confidence' is deprecated since 0.29.0 and will be removed in 0.32.0. Use 'KeyPoints.keypoint_confidence' instead.
  warn_deprecated(
 29%|██▉       | 219/750 [03:40<10:14,  1.16s/it]/usr/local/lib/python3.12/dist-packages/supervision/key_points/core.py:316: SupervisionWarnings: 'KeyPoints.confidence' is deprecated since 0.29.0 and will be removed in 0.32.0. Use 'KeyPoints.keypoint_confidence' instead.
  warn_deprecated(
/usr/local/lib/python3.12/dist-packages/supervision/key_points/core.py:308: SupervisionWarnings: 'KeyPoints.confidence' is deprecated since 0.29.0 and will be removed in 0.32.0. Use 'KeyPoints.keypoint_confidence' instead.
  warn_deprecated(
/usr/local/lib/python3.12/dist-packages/supervision/key_points/core.py:308: SupervisionWarnings: 'KeyPoints.confidence' is deprecated since 0.29.0 and will be removed in 0.32.0. Use 'KeyPoints.keypoint_confidence' instead.
  warn_deprecated(
/usr/local/lib/python3.12/dist-packages/supervision/key_points/core.py:308: SupervisionWarnings: 'KeyPoints.confidence' is deprecated since 0.29.0 and will be removed in 0.32.0. Use 'KeyPoints.keypoint_confidence' instead.
  warn_deprecated(
/usr/local/lib/python3.12/dist-packages/supervision/key_points/core.py:308: SupervisionWarnings: 'KeyPoints.confidence' is deprecated since 0.29.0 and will be removed in 0.32.0. Use 'KeyPoints.keypoint_confidence' instead.
  warn_deprecated(
 29%|██▉       | 220/750 [03:42<11:21,  1.29s/it]/usr/local/lib/python3.12/dist-packages/supervision/key_points/core.py:316: SupervisionWarnings: 'KeyPoints.confidence' is deprecated since 0.29.0 and will be removed in 0.32.0. Use 'KeyPoints.keypoint_confidence' instead.
  warn_deprecated(
/usr/local/lib/python3.12/dist-packages/supervision/key_points/core.py:308: SupervisionWarnings: 'KeyPoints.confidence' is deprecated since 0.29.0 and will be removed in 0.32.0. Use 'KeyPoints.keypoint_confidence' instead.
  warn_deprecated(
/usr/local/lib/python3.12/dist-packages/supervision/key_points/core.py:308: SupervisionWarnings: 'KeyPoints.confidence' is deprecated since 0.29.0 and will be removed in 0.32.0. Use 'KeyPoints.keypoint_confidence' instead.
  warn_deprecated(
/usr/local/lib/python3.12/dist-packages/supervision/key_points/core.py:308: SupervisionWarnings: 'KeyPoints.confidence' is deprecated since 0.29.0 and will be removed in 0.32.0. Use 'KeyPoints.keypoint_confidence' instead.
  warn_deprecated(
/usr/local/lib/python3.12/dist-packages/supervision/key_points/core.py:308: SupervisionWarnings: 'KeyPoints.confidence' is deprecated since 0.29.0 and will be removed in 0.32.0. Use 'KeyPoints.keypoint_confidence' instead.
  warn_deprecated(
 29%|██▉       | 221/750 [03:43<11:26,  1.30s/it]/usr/local/lib/python3.12/dist-packages/supervision/key_points/core.py:316: SupervisionWarnings: 'KeyPoints.confidence' is deprecated since 0.29.0 and will be removed in 0.32.0. Use 'KeyPoints.keypoint_confidence' instead.
  warn_deprecated(
/usr/local/lib/python3.12/dist-packages/supervision/key_points/core.py:308: SupervisionWarnings: 'KeyPoints.confidence' is deprecated since 0.29.0 and will be removed in 0.32.0. Use 'KeyPoints.keypoint_confidence' instead.
  warn_deprecated(
/usr/local/lib/python3.12/dist-packages/supervision/key_points/core.py:308: SupervisionWarnings: 'KeyPoints.confidence' is deprecated since 0.29.0 and will be removed in 0.32.0. Use 'KeyPoints.keypoint_confidence' instead.
  warn_deprecated(
/usr/local/lib/python3.12/dist-packages/supervision/key_points/core.py:308: SupervisionWarnings: 'KeyPoints.confidence' is deprecated since 0.29.0 and will be removed in 0.32.0. Use 'KeyPoints.keypoint_confidence' instead.
  warn_deprecated(
/usr/local/lib/python3.12/dist-packages/supervision/key_points/core.py:308: SupervisionWarnings: 'KeyPoints.confidence' is deprecated since 0.29.0 and will be removed in 0.32.0. Use 'KeyPoints.keypoint_confidence' instead.
  warn_deprecated(
 30%|██▉       | 222/750 [03:44<11:06,  1.26s/it]/usr/local/lib/python3.12/dist-packages/supervision/key_points/core.py:316: SupervisionWarnings: 'KeyPoints.confidence' is deprecated since 0.29.0 and will be removed in 0.32.0. Use 'KeyPoints.keypoint_confidence' instead.
  warn_deprecated(
/usr/local/lib/python3.12/dist-packages/supervision/key_points/core.py:308: SupervisionWarnings: 'KeyPoints.confidence' is deprecated since 0.29.0 and will be removed in 0.32.0. Use 'KeyPoints.keypoint_confidence' instead.
  warn_deprecated(
/usr/local/lib/python3.12/dist-packages/supervision/key_points/core.py:308: SupervisionWarnings: 'KeyPoints.confidence' is deprecated since 0.29.0 and will be removed in 0.32.0. Use 'KeyPoints.keypoint_confidence' instead.
  warn_deprecated(
/usr/local/lib/python3.12/dist-packages/supervision/key_points/core.py:308: SupervisionWarnings: 'KeyPoints.confidence' is deprecated since 0.29.0 and will be removed in 0.32.0. Use 'KeyPoints.keypoint_confidence' instead.
  warn_deprecated(
/usr/local/lib/python3.12/dist-packages/supervision/key_points/core.py:308: SupervisionWarnings: 'KeyPoints.confidence' is deprecated since 0.29.0 and will be removed in 0.32.0. Use 'KeyPoints.keypoint_confidence' instead.
  warn_deprecated(
 30%|██▉       | 223/750 [03:46<10:57,  1.25s/it]/usr/local/lib/python3.12/dist-packages/supervision/key_points/core.py:316: SupervisionWarnings: 'KeyPoints.confidence' is deprecated since 0.29.0 and will be removed in 0.32.0. Use 'KeyPoints.keypoint_confidence' instead.
  warn_deprecated(
/usr/local/lib/python3.12/dist-packages/supervision/key_points/core.py:308: SupervisionWarnings: 'KeyPoints.confidence' is deprecated since 0.29.0 and will be removed in 0.32.0. Use 'KeyPoints.keypoint_confidence' instead.
  warn_deprecated(
/usr/local/lib/python3.12/dist-packages/supervision/key_points/core.py:308: SupervisionWarnings: 'KeyPoints.confidence' is deprecated since 0.29.0 and will be removed in 0.32.0. Use 'KeyPoints.keypoint_confidence' instead.
  warn_deprecated(
/usr/local/lib/python3.12/dist-packages/supervision/key_points/core.py:308: SupervisionWarnings: 'KeyPoints.confidence' is deprecated since 0.29.0 and will be removed in 0.32.0. Use 'KeyPoints.keypoint_confidence' instead.
  warn_deprecated(
/usr/local/lib/python3.12/dist-packages/supervision/key_points/core.py:308: SupervisionWarnings: 'KeyPoints.confidence' is deprecated since 0.29.0 and will be removed in 0.32.0. Use 'KeyPoints.keypoint_confidence' instead.
  warn_deprecated(
 30%|██▉       | 224/750 [03:46<09:44,  1.11s/it]/usr/local/lib/python3.12/dist-packages/supervision/key_points/core.py:316: SupervisionWarnings: 'KeyPoints.confidence' is deprecated since 0.29.0 and will be removed in 0.32.0. Use 'KeyPoints.keypoint_confidence' instead.
  warn_deprecated(
/usr/local/lib/python3.12/dist-packages/supervision/key_points/core.py:308: SupervisionWarnings: 'KeyPoints.confidence' is deprecated since 0.29.0 and will be removed in 0.32.0. Use 'KeyPoints.keypoint_confidence' instead.
  warn_deprecated(
/usr/local/lib/python3.12/dist-packages/supervision/key_points/core.py:308: SupervisionWarnings: 'KeyPoints.confidence' is deprecated since 0.29.0 and will be removed in 0.32.0. Use 'KeyPoints.keypoint_confidence' instead.
  warn_deprecated(
/usr/local/lib/python3.12/dist-packages/supervision/key_points/core.py:308: SupervisionWarnings: 'KeyPoints.confidence' is deprecated since 0.29.0 and will be removed in 0.32.0. Use 'KeyPoints.keypoint_confidence' instead.
  warn_deprecated(
/usr/local/lib/python3.12/dist-packages/supervision/key_points/core.py:308: SupervisionWarnings: 'KeyPoints.confidence' is deprecated since 0.29.0 and will be removed in 0.32.0. Use 'KeyPoints.keypoint_confidence' instead.
  warn_deprecated(
 30%|███       | 225/750 [03:47<08:55,  1.02s/it]/usr/local/lib/python3.12/dist-packages/supervision/key_points/core.py:316: SupervisionWarnings: 'KeyPoints.confidence' is deprecated since 0.29.0 and will be removed in 0.32.0. Use 'KeyPoints.keypoint_confidence' instead.
  warn_deprecated(
/usr/local/lib/python3.12/dist-packages/supervision/key_points/core.py:308: SupervisionWarnings: 'KeyPoints.confidence' is deprecated since 0.29.0 and will be removed in 0.32.0. Use 'KeyPoints.keypoint_confidence' instead.
  warn_deprecated(
/usr/local/lib/python3.12/dist-packages/supervision/key_points/core.py:308: SupervisionWarnings: 'KeyPoints.confidence' is deprecated since 0.29.0 and will be removed in 0.32.0. Use 'KeyPoints.keypoint_confidence' instead.
  warn_deprecated(
/usr/local/lib/python3.12/dist-packages/supervision/key_points/core.py:308: SupervisionWarnings: 'KeyPoints.confidence' is deprecated since 0.29.0 and will be removed in 0.32.0. Use 'KeyPoints.keypoint_confidence' instead.
  warn_deprecated(
/usr/local/lib/python3.12/dist-packages/supervision/key_points/core.py:308: SupervisionWarnings: 'KeyPoints.confidence' is deprecated since 0.29.0 and will be removed in 0.32.0. Use 'KeyPoints.keypoint_confidence' instead.
  warn_deprecated(
 30%|███       | 226/750 [03:48<08:15,  1.06it/s]/usr/local/lib/python3.12/dist-packages/supervision/key_points/core.py:316: SupervisionWarnings: 'KeyPoints.confidence' is deprecated since 0.29.0 and will be removed in 0.32.0. Use 'KeyPoints.keypoint_confidence' instead.
  warn_deprecated(
/usr/local/lib/python3.12/dist-packages/supervision/key_points/core.py:308: SupervisionWarnings: 'KeyPoints.confidence' is deprecated since 0.29.0 and will be removed in 0.32.0. Use 'KeyPoints.keypoint_confidence' instead.
  warn_deprecated(
/usr/local/lib/python3.12/dist-packages/supervision/key_points/core.py:308: SupervisionWarnings: 'KeyPoints.confidence' is deprecated since 0.29.0 and will be removed in 0.32.0. Use 'KeyPoints.keypoint_confidence' instead.
  warn_deprecated(
/usr/local/lib/python3.12/dist-packages/supervision/key_points/core.py:308: SupervisionWarnings: 'KeyPoints.confidence' is deprecated since 0.29.0 and will be removed in 0.32.0. Use 'KeyPoints.keypoint_confidence' instead.
  warn_deprecated(
/usr/local/lib/python3.12/dist-packages/supervision/key_points/core.py:308: SupervisionWarnings: 'KeyPoints.confidence' is deprecated since 0.29.0 and will be removed in 0.32.0. Use 'KeyPoints.keypoint_confidence' instead.
  warn_deprecated(
 30%|███       | 227/750 [03:49<08:56,  1.02s/it]/usr/local/lib/python3.12/dist-packages/supervision/key_points/core.py:316: SupervisionWarnings: 'KeyPoints.confidence' is deprecated since 0.29.0 and will be removed in 0.32.0. Use 'KeyPoints.keypoint_confidence' instead.
  warn_deprecated(
/usr/local/lib/python3.12/dist-packages/supervision/key_points/core.py:308: SupervisionWarnings: 'KeyPoints.confidence' is deprecated since 0.29.0 and will be removed in 0.32.0. Use 'KeyPoints.keypoint_confidence' instead.
  warn_deprecated(
/usr/local/lib/python3.12/dist-packages/supervision/key_points/core.py:308: SupervisionWarnings: 'KeyPoints.confidence' is deprecated since 0.29.0 and will be removed in 0.32.0. Use 'KeyPoints.keypoint_confidence' instead.
  warn_deprecated(
/usr/local/lib/python3.12/dist-packages/supervision/key_points/core.py:308: SupervisionWarnings: 'KeyPoints.confidence' is deprecated since 0.29.0 and will be removed in 0.32.0. Use 'KeyPoints.keypoint_confidence' instead.
  warn_deprecated(
/usr/local/lib/python3.12/dist-packages/supervision/key_points/core.py:308: SupervisionWarnings: 'KeyPoints.confidence' is deprecated since 0.29.0 and will be removed in 0.32.0. Use 'KeyPoints.keypoint_confidence' instead.
  warn_deprecated(
 30%|███       | 228/750 [03:50<09:35,  1.10s/it]/usr/local/lib/python3.12/dist-packages/supervision/key_points/core.py:316: SupervisionWarnings: 'KeyPoints.confidence' is deprecated since 0.29.0 and will be removed in 0.32.0. Use 'KeyPoints.keypoint_confidence' instead.
  warn_deprecated(
/usr/local/lib/python3.12/dist-packages/supervision/key_points/core.py:308: SupervisionWarnings: 'KeyPoints.confidence' is deprecated since 0.29.0 and will be removed in 0.32.0. Use 'KeyPoints.keypoint_confidence' instead.
  warn_deprecated(
/usr/local/lib/python3.12/dist-packages/supervision/key_points/core.py:308: SupervisionWarnings: 'KeyPoints.confidence' is deprecated since 0.29.0 and will be removed in 0.32.0. Use 'KeyPoints.keypoint_confidence' instead.
  warn_deprecated(
/usr/local/lib/python3.12/dist-packages/supervision/key_points/core.py:308: SupervisionWarnings: 'KeyPoints.confidence' is deprecated since 0.29.0 and will be removed in 0.32.0. Use 'KeyPoints.keypoint_confidence' instead.
  warn_deprecated(
/usr/local/lib/python3.12/dist-packages/supervision/key_points/core.py:308: SupervisionWarnings: 'KeyPoints.confidence' is deprecated since 0.29.0 and will be removed in 0.32.0. Use 'KeyPoints.keypoint_confidence' instead.
  warn_deprecated(
 31%|███       | 229/750 [03:52<10:00,  1.15s/it]/usr/local/lib/python3.12/dist-packages/supervision/key_points/core.py:316: SupervisionWarnings: 'KeyPoints.confidence' is deprecated since 0.29.0 and will be removed in 0.32.0. Use 'KeyPoints.keypoint_confidence' instead.
  warn_deprecated(
/usr/local/lib/python3.12/dist-packages/supervision/key_points/core.py:308: SupervisionWarnings: 'KeyPoints.confidence' is deprecated since 0.29.0 and will be removed in 0.32.0. Use 'KeyPoints.keypoint_confidence' instead.
  warn_deprecated(
/usr/local/lib/python3.12/dist-packages/supervision/key_points/core.py:308: SupervisionWarnings: 'KeyPoints.confidence' is deprecated since 0.29.0 and will be removed in 0.32.0. Use 'KeyPoints.keypoint_confidence' instead.
  warn_deprecated(
/usr/local/lib/python3.12/dist-packages/supervision/key_points/core.py:308: SupervisionWarnings: 'KeyPoints.confidence' is deprecated since 0.29.0 and will be removed in 0.32.0. Use 'KeyPoints.keypoint_confidence' instead.
  warn_deprecated(
/usr/local/lib/python3.12/dist-packages/supervision/key_points/core.py:308: SupervisionWarnings: 'KeyPoints.confidence' is deprecated since 0.29.0 and will be removed in 0.32.0. Use 'KeyPoints.keypoint_confidence' instead.
  warn_deprecated(
 31%|███       | 230/750 [03:53<10:25,  1.20s/it]/usr/local/lib/python3.12/dist-packages/supervision/key_points/core.py:316: SupervisionWarnings: 'KeyPoints.confidence' is deprecated since 0.29.0 and will be removed in 0.32.0. Use 'KeyPoints.keypoint_confidence' instead.
  warn_deprecated(
/usr/local/lib/python3.12/dist-packages/supervision/key_points/core.py:308: SupervisionWarnings: 'KeyPoints.confidence' is deprecated since 0.29.0 and will be removed in 0.32.0. Use 'KeyPoints.keypoint_confidence' instead.
  warn_deprecated(
/usr/local/lib/python3.12/dist-packages/supervision/key_points/core.py:308: SupervisionWarnings: 'KeyPoints.confidence' is deprecated since 0.29.0 and will be removed in 0.32.0. Use 'KeyPoints.keypoint_confidence' instead.
  warn_deprecated(
/usr/local/lib/python3.12/dist-packages/supervision/key_points/core.py:308: SupervisionWarnings: 'KeyPoints.confidence' is deprecated since 0.29.0 and will be removed in 0.32.0. Use 'KeyPoints.keypoint_confidence' instead.
  warn_deprecated(
/usr/local/lib/python3.12/dist-packages/supervision/key_points/core.py:308: SupervisionWarnings: 'KeyPoints.confidence' is deprecated since 0.29.0 and will be removed in 0.32.0. Use 'KeyPoints.keypoint_confidence' instead.
  warn_deprecated(
 31%|███       | 231/750 [03:54<09:54,  1.15s/it]/usr/local/lib/python3.12/dist-packages/supervision/key_points/core.py:316: SupervisionWarnings: 'KeyPoints.confidence' is deprecated since 0.29.0 and will be removed in 0.32.0. Use 'KeyPoints.keypoint_confidence' instead.
  warn_deprecated(
/usr/local/lib/python3.12/dist-packages/supervision/key_points/core.py:308: SupervisionWarnings: 'KeyPoints.confidence' is deprecated since 0.29.0 and will be removed in 0.32.0. Use 'KeyPoints.keypoint_confidence' instead.
  warn_deprecated(
/usr/local/lib/python3.12/dist-packages/supervision/key_points/core.py:308: SupervisionWarnings: 'KeyPoints.confidence' is deprecated since 0.29.0 and will be removed in 0.32.0. Use 'KeyPoints.keypoint_confidence' instead.
  warn_deprecated(
/usr/local/lib/python3.12/dist-packages/supervision/key_points/core.py:308: SupervisionWarnings: 'KeyPoints.confidence' is deprecated since 0.29.0 and will be removed in 0.32.0. Use 'KeyPoints.keypoint_confidence' instead.
  warn_deprecated(
/usr/local/lib/python3.12/dist-packages/supervision/key_points/core.py:308: SupervisionWarnings: 'KeyPoints.confidence' is deprecated since 0.29.0 and will be removed in 0.32.0. Use 'KeyPoints.keypoint_confidence' instead.
  warn_deprecated(
 31%|███       | 232/750 [03:56<10:38,  1.23s/it]/usr/local/lib/python3.12/dist-packages/supervision/key_points/core.py:316: SupervisionWarnings: 'KeyPoints.confidence' is deprecated since 0.29.0 and will be removed in 0.32.0. Use 'KeyPoints.keypoint_confidence' instead.
  warn_deprecated(
/usr/local/lib/python3.12/dist-packages/supervision/key_points/core.py:308: SupervisionWarnings: 'KeyPoints.confidence' is deprecated since 0.29.0 and will be removed in 0.32.0. Use 'KeyPoints.keypoint_confidence' instead.
  warn_deprecated(
/usr/local/lib/python3.12/dist-packages/supervision/key_points/core.py:308: SupervisionWarnings: 'KeyPoints.confidence' is deprecated since 0.29.0 and will be removed in 0.32.0. Use 'KeyPoints.keypoint_confidence' instead.
  warn_deprecated(
/usr/local/lib/python3.12/dist-packages/supervision/key_points/core.py:308: SupervisionWarnings: 'KeyPoints.confidence' is deprecated since 0.29.0 and will be removed in 0.32.0. Use 'KeyPoints.keypoint_confidence' instead.
  warn_deprecated(
/usr/local/lib/python3.12/dist-packages/supervision/key_points/core.py:308: SupervisionWarnings: 'KeyPoints.confidence' is deprecated since 0.29.0 and will be removed in 0.32.0. Use 'KeyPoints.keypoint_confidence' instead.
  warn_deprecated(
 31%|███       | 233/750 [03:57<11:12,  1.30s/it]/usr/local/lib/python3.12/dist-packages/supervision/key_points/core.py:316: SupervisionWarnings: 'KeyPoints.confidence' is deprecated since 0.29.0 and will be removed in 0.32.0. Use 'KeyPoints.keypoint_confidence' instead.
  warn_deprecated(
/usr/local/lib/python3.12/dist-packages/supervision/key_points/core.py:308: SupervisionWarnings: 'KeyPoints.confidence' is deprecated since 0.29.0 and will be removed in 0.32.0. Use 'KeyPoints.keypoint_confidence' instead.
  warn_deprecated(
/usr/local/lib/python3.12/dist-packages/supervision/key_points/core.py:308: SupervisionWarnings: 'KeyPoints.confidence' is deprecated since 0.29.0 and will be removed in 0.32.0. Use 'KeyPoints.keypoint_confidence' instead.
  warn_deprecated(
/usr/local/lib/python3.12/dist-packages/supervision/key_points/core.py:308: SupervisionWarnings: 'KeyPoints.confidence' is deprecated since 0.29.0 and will be removed in 0.32.0. Use 'KeyPoints.keypoint_confidence' instead.
  warn_deprecated(
/usr/local/lib/python3.12/dist-packages/supervision/key_points/core.py:308: SupervisionWarnings: 'KeyPoints.confidence' is deprecated since 0.29.0 and will be removed in 0.32.0. Use 'KeyPoints.keypoint_confidence' instead.
  warn_deprecated(
/usr/local/lib/python3.12/dist-packages/supervision/key_points/core.py:308: SupervisionWarnings: 'KeyPoints.confidence' is deprecated since 0.29.0 and will be removed in 0.32.0. Use 'KeyPoints.keypoint_confidence' instead.
  warn_deprecated(
/usr/local/lib/python3.12/dist-packages/supervision/key_points/core.py:308: SupervisionWarnings: 'KeyPoints.confidence' is deprecated since 0.29.0 and will be removed in 0.32.0. Use 'KeyPoints.keypoint_confidence' instead.
  warn_deprecated(
/usr/local/lib/python3.12/dist-packages/supervision/key_points/core.py:308: SupervisionWarnings: 'KeyPoints.confidence' is deprecated since 0.29.0 and will be removed in 0.32.0. Use 'KeyPoints.keypoint_confidence' instead.
  warn_deprecated(
 31%|███       | 234/750 [03:58<11:09,  1.30s/it]/usr/local/lib/python3.12/dist-packages/supervision/key_points/core.py:316: SupervisionWarnings: 'KeyPoints.confidence' is deprecated since 0.29.0 and will be removed in 0.32.0. Use 'KeyPoints.keypoint_confidence' instead.
  warn_deprecated(
/usr/local/lib/python3.12/dist-packages/supervision/key_points/core.py:308: SupervisionWarnings: 'KeyPoints.confidence' is deprecated since 0.29.0 and will be removed in 0.32.0. Use 'KeyPoints.keypoint_confidence' instead.
  warn_deprecated(
/usr/local/lib/python3.12/dist-packages/supervision/key_points/core.py:308: SupervisionWarnings: 'KeyPoints.confidence' is deprecated since 0.29.0 and will be removed in 0.32.0. Use 'KeyPoints.keypoint_confidence' instead.
  warn_deprecated(
/usr/local/lib/python3.12/dist-packages/supervision/key_points/core.py:308: SupervisionWarnings: 'KeyPoints.confidence' is deprecated since 0.29.0 and will be removed in 0.32.0. Use 'KeyPoints.keypoint_confidence' instead.
  warn_deprecated(
/usr/local/lib/python3.12/dist-packages/supervision/key_points/core.py:308: SupervisionWarnings: 'KeyPoints.confidence' is deprecated since 0.29.0 and will be removed in 0.32.0. Use 'KeyPoints.keypoint_confidence' instead.
  warn_deprecated(
/usr/local/lib/python3.12/dist-packages/supervision/key_points/core.py:308: SupervisionWarnings: 'KeyPoints.confidence' is deprecated since 0.29.0 and will be removed in 0.32.0. Use 'KeyPoints.keypoint_confidence' instead.
  warn_deprecated(
/usr/local/lib/python3.12/dist-packages/supervision/key_points/core.py:308: SupervisionWarnings: 'KeyPoints.confidence' is deprecated since 0.29.0 and will be removed in 0.32.0. Use 'KeyPoints.keypoint_confidence' instead.
  warn_deprecated(
/usr/local/lib/python3.12/dist-packages/supervision/key_points/core.py:308: SupervisionWarnings: 'KeyPoints.confidence' is deprecated since 0.29.0 and will be removed in 0.32.0. Use 'KeyPoints.keypoint_confidence' instead.
  warn_deprecated(
 31%|███▏      | 235/750 [04:00<10:58,  1.28s/it]/usr/local/lib/python3.12/dist-packages/supervision/key_points/core.py:316: SupervisionWarnings: 'KeyPoints.confidence' is deprecated since 0.29.0 and will be removed in 0.32.0. Use 'KeyPoints.keypoint_confidence' instead.
  warn_deprecated(
/usr/local/lib/python3.12/dist-packages/supervision/key_points/core.py:308: SupervisionWarnings: 'KeyPoints.confidence' is deprecated since 0.29.0 and will be removed in 0.32.0. Use 'KeyPoints.keypoint_confidence' instead.
  warn_deprecated(
/usr/local/lib/python3.12/dist-packages/supervision/key_points/core.py:308: SupervisionWarnings: 'KeyPoints.confidence' is deprecated since 0.29.0 and will be removed in 0.32.0. Use 'KeyPoints.keypoint_confidence' instead.
  warn_deprecated(
/usr/local/lib/python3.12/dist-packages/supervision/key_points/core.py:308: SupervisionWarnings: 'KeyPoints.confidence' is deprecated since 0.29.0 and will be removed in 0.32.0. Use 'KeyPoints.keypoint_confidence' instead.
  warn_deprecated(
/usr/local/lib/python3.12/dist-packages/supervision/key_points/core.py:308: SupervisionWarnings: 'KeyPoints.confidence' is deprecated since 0.29.0 and will be removed in 0.32.0. Use 'KeyPoints.keypoint_confidence' instead.
  warn_deprecated(
/usr/local/lib/python3.12/dist-packages/supervision/key_points/core.py:308: SupervisionWarnings: 'KeyPoints.confidence' is deprecated since 0.29.0 and will be removed in 0.32.0. Use 'KeyPoints.keypoint_confidence' instead.
  warn_deprecated(
/usr/local/lib/python3.12/dist-packages/supervision/key_points/core.py:308: SupervisionWarnings: 'KeyPoints.confidence' is deprecated since 0.29.0 and will be removed in 0.32.0. Use 'KeyPoints.keypoint_confidence' instead.
  warn_deprecated(
/usr/local/lib/python3.12/dist-packages/supervision/key_points/core.py:308: SupervisionWarnings: 'KeyPoints.confidence' is deprecated since 0.29.0 and will be removed in 0.32.0. Use 'KeyPoints.keypoint_confidence' instead.
  warn_deprecated(
 31%|███▏      | 236/750 [04:01<10:48,  1.26s/it]/usr/local/lib/python3.12/dist-packages/supervision/key_points/core.py:316: SupervisionWarnings: 'KeyPoints.confidence' is deprecated since 0.29.0 and will be removed in 0.32.0. Use 'KeyPoints.keypoint_confidence' instead.
  warn_deprecated(
/usr/local/lib/python3.12/dist-packages/supervision/key_points/core.py:308: SupervisionWarnings: 'KeyPoints.confidence' is deprecated since 0.29.0 and will be removed in 0.32.0. Use 'KeyPoints.keypoint_confidence' instead.
  warn_deprecated(
/usr/local/lib/python3.12/dist-packages/supervision/key_points/core.py:308: SupervisionWarnings: 'KeyPoints.confidence' is deprecated since 0.29.0 and will be removed in 0.32.0. Use 'KeyPoints.keypoint_confidence' instead.
  warn_deprecated(
/usr/local/lib/python3.12/dist-packages/supervision/key_points/core.py:308: SupervisionWarnings: 'KeyPoints.confidence' is deprecated since 0.29.0 and will be removed in 0.32.0. Use 'KeyPoints.keypoint_confidence' instead.
  warn_deprecated(
/usr/local/lib/python3.12/dist-packages/supervision/key_points/core.py:308: SupervisionWarnings: 'KeyPoints.confidence' is deprecated since 0.29.0 and will be removed in 0.32.0. Use 'KeyPoints.keypoint_confidence' instead.
  warn_deprecated(
/usr/local/lib/python3.12/dist-packages/supervision/key_points/core.py:308: SupervisionWarnings: 'KeyPoints.confidence' is deprecated since 0.29.0 and will be removed in 0.32.0. Use 'KeyPoints.keypoint_confidence' instead.
  warn_deprecated(
/usr/local/lib/python3.12/dist-packages/supervision/key_points/core.py:308: SupervisionWarnings: 'KeyPoints.confidence' is deprecated since 0.29.0 and will be removed in 0.32.0. Use 'KeyPoints.keypoint_confidence' instead.
  warn_deprecated(
/usr/local/lib/python3.12/dist-packages/supervision/key_points/core.py:308: SupervisionWarnings: 'KeyPoints.confidence' is deprecated since 0.29.0 and will be removed in 0.32.0. Use 'KeyPoints.keypoint_confidence' instead.
  warn_deprecated(
 32%|███▏      | 237/750 [04:02<10:51,  1.27s/it]/usr/local/lib/python3.12/dist-packages/supervision/key_points/core.py:316: SupervisionWarnings: 'KeyPoints.confidence' is deprecated since 0.29.0 and will be removed in 0.32.0. Use 'KeyPoints.keypoint_confidence' instead.
  warn_deprecated(
/usr/local/lib/python3.12/dist-packages/supervision/key_points/core.py:308: SupervisionWarnings: 'KeyPoints.confidence' is deprecated since 0.29.0 and will be removed in 0.32.0. Use 'KeyPoints.keypoint_confidence' instead.
  warn_deprecated(
/usr/local/lib/python3.12/dist-packages/supervision/key_points/core.py:308: SupervisionWarnings: 'KeyPoints.confidence' is deprecated since 0.29.0 and will be removed in 0.32.0. Use 'KeyPoints.keypoint_confidence' instead.
  warn_deprecated(
/usr/local/lib/python3.12/dist-packages/supervision/key_points/core.py:308: SupervisionWarnings: 'KeyPoints.confidence' is deprecated since 0.29.0 and will be removed in 0.32.0. Use 'KeyPoints.keypoint_confidence' instead.
  warn_deprecated(
/usr/local/lib/python3.12/dist-packages/supervision/key_points/core.py:308: SupervisionWarnings: 'KeyPoints.confidence' is deprecated since 0.29.0 and will be removed in 0.32.0. Use 'KeyPoints.keypoint_confidence' instead.
  warn_deprecated(
/usr/local/lib/python3.12/dist-packages/supervision/key_points/core.py:308: SupervisionWarnings: 'KeyPoints.confidence' is deprecated since 0.29.0 and will be removed in 0.32.0. Use 'KeyPoints.keypoint_confidence' instead.
  warn_deprecated(
/usr/local/lib/python3.12/dist-packages/supervision/key_points/core.py:308: SupervisionWarnings: 'KeyPoints.confidence' is deprecated since 0.29.0 and will be removed in 0.32.0. Use 'KeyPoints.keypoint_confidence' instead.
  warn_deprecated(
/usr/local/lib/python3.12/dist-packages/supervision/key_points/core.py:308: SupervisionWarnings: 'KeyPoints.confidence' is deprecated since 0.29.0 and will be removed in 0.32.0. Use 'KeyPoints.keypoint_confidence' instead.
  warn_deprecated(
 32%|███▏      | 238/750 [04:03<10:49,  1.27s/it]/usr/local/lib/python3.12/dist-packages/supervision/key_points/core.py:316: SupervisionWarnings: 'KeyPoints.confidence' is deprecated since 0.29.0 and will be removed in 0.32.0. Use 'KeyPoints.keypoint_confidence' instead.
  warn_deprecated(
/usr/local/lib/python3.12/dist-packages/supervision/key_points/core.py:308: SupervisionWarnings: 'KeyPoints.confidence' is deprecated since 0.29.0 and will be removed in 0.32.0. Use 'KeyPoints.keypoint_confidence' instead.
  warn_deprecated(
/usr/local/lib/python3.12/dist-packages/supervision/key_points/core.py:308: SupervisionWarnings: 'KeyPoints.confidence' is deprecated since 0.29.0 and will be removed in 0.32.0. Use 'KeyPoints.keypoint_confidence' instead.
  warn_deprecated(
/usr/local/lib/python3.12/dist-packages/supervision/key_points/core.py:308: SupervisionWarnings: 'KeyPoints.confidence' is deprecated since 0.29.0 and will be removed in 0.32.0. Use 'KeyPoints.keypoint_confidence' instead.
  warn_deprecated(
/usr/local/lib/python3.12/dist-packages/supervision/key_points/core.py:308: SupervisionWarnings: 'KeyPoints.confidence' is deprecated since 0.29.0 and will be removed in 0.32.0. Use 'KeyPoints.keypoint_confidence' instead.
  warn_deprecated(
/usr/local/lib/python3.12/dist-packages/supervision/key_points/core.py:308: SupervisionWarnings: 'KeyPoints.confidence' is deprecated since 0.29.0 and will be removed in 0.32.0. Use 'KeyPoints.keypoint_confidence' instead.
  warn_deprecated(
/usr/local/lib/python3.12/dist-packages/supervision/key_points/core.py:308: SupervisionWarnings: 'KeyPoints.confidence' is deprecated since 0.29.0 and will be removed in 0.32.0. Use 'KeyPoints.keypoint_confidence' instead.
  warn_deprecated(
/usr/local/lib/python3.12/dist-packages/supervision/key_points/core.py:308: SupervisionWarnings: 'KeyPoints.confidence' is deprecated since 0.29.0 and will be removed in 0.32.0. Use 'KeyPoints.keypoint_confidence' instead.
  warn_deprecated(
 32%|███▏      | 239/750 [04:05<10:55,  1.28s/it]/usr/local/lib/python3.12/dist-packages/supervision/key_points/core.py:316: SupervisionWarnings: 'KeyPoints.confidence' is deprecated since 0.29.0 and will be removed in 0.32.0. Use 'KeyPoints.keypoint_confidence' instead.
  warn_deprecated(
/usr/local/lib/python3.12/dist-packages/supervision/key_points/core.py:308: SupervisionWarnings: 'KeyPoints.confidence' is deprecated since 0.29.0 and will be removed in 0.32.0. Use 'KeyPoints.keypoint_confidence' instead.
  warn_deprecated(
/usr/local/lib/python3.12/dist-packages/supervision/key_points/core.py:308: SupervisionWarnings: 'KeyPoints.confidence' is deprecated since 0.29.0 and will be removed in 0.32.0. Use 'KeyPoints.keypoint_confidence' instead.
  warn_deprecated(
/usr/local/lib/python3.12/dist-packages/supervision/key_points/core.py:308: SupervisionWarnings: 'KeyPoints.confidence' is deprecated since 0.29.0 and will be removed in 0.32.0. Use 'KeyPoints.keypoint_confidence' instead.
  warn_deprecated(
/usr/local/lib/python3.12/dist-packages/supervision/key_points/core.py:308: SupervisionWarnings: 'KeyPoints.confidence' is deprecated since 0.29.0 and will be removed in 0.32.0. Use 'KeyPoints.keypoint_confidence' instead.
  warn_deprecated(
/usr/local/lib/python3.12/dist-packages/supervision/key_points/core.py:308: SupervisionWarnings: 'KeyPoints.confidence' is deprecated since 0.29.0 and will be removed in 0.32.0. Use 'KeyPoints.keypoint_confidence' instead.
  warn_deprecated(
/usr/local/lib/python3.12/dist-packages/supervision/key_points/core.py:308: SupervisionWarnings: 'KeyPoints.confidence' is deprecated since 0.29.0 and will be removed in 0.32.0. Use 'KeyPoints.keypoint_confidence' instead.
  warn_deprecated(
/usr/local/lib/python3.12/dist-packages/supervision/key_points/core.py:308: SupervisionWarnings: 'KeyPoints.confidence' is deprecated since 0.29.0 and will be removed in 0.32.0. Use 'KeyPoints.keypoint_confidence' instead.
  warn_deprecated(
 32%|███▏      | 240/750 [04:06<10:47,  1.27s/it]/usr/local/lib/python3.12/dist-packages/supervision/key_points/core.py:316: SupervisionWarnings: 'KeyPoints.confidence' is deprecated since 0.29.0 and will be removed in 0.32.0. Use 'KeyPoints.keypoint_confidence' instead.
  warn_deprecated(
/usr/local/lib/python3.12/dist-packages/supervision/key_points/core.py:308: SupervisionWarnings: 'KeyPoints.confidence' is deprecated since 0.29.0 and will be removed in 0.32.0. Use 'KeyPoints.keypoint_confidence' instead.
  warn_deprecated(
/usr/local/lib/python3.12/dist-packages/supervision/key_points/core.py:308: SupervisionWarnings: 'KeyPoints.confidence' is deprecated since 0.29.0 and will be removed in 0.32.0. Use 'KeyPoints.keypoint_confidence' instead.
  warn_deprecated(
/usr/local/lib/python3.12/dist-packages/supervision/key_points/core.py:308: SupervisionWarnings: 'KeyPoints.confidence' is deprecated since 0.29.0 and will be removed in 0.32.0. Use 'KeyPoints.keypoint_confidence' instead.
  warn_deprecated(
/usr/local/lib/python3.12/dist-packages/supervision/key_points/core.py:308: SupervisionWarnings: 'KeyPoints.confidence' is deprecated since 0.29.0 and will be removed in 0.32.0. Use 'KeyPoints.keypoint_confidence' instead.
  warn_deprecated(
 32%|███▏      | 241/750 [04:07<10:42,  1.26s/it]/usr/local/lib/python3.12/dist-packages/supervision/key_points/core.py:316: SupervisionWarnings: 'KeyPoints.confidence' is deprecated since 0.29.0 and will be removed in 0.32.0. Use 'KeyPoints.keypoint_confidence' instead.
  warn_deprecated(
/usr/local/lib/python3.12/dist-packages/supervision/key_points/core.py:308: SupervisionWarnings: 'KeyPoints.confidence' is deprecated since 0.29.0 and will be removed in 0.32.0. Use 'KeyPoints.keypoint_confidence' instead.
  warn_deprecated(
/usr/local/lib/python3.12/dist-packages/supervision/key_points/core.py:308: SupervisionWarnings: 'KeyPoints.confidence' is deprecated since 0.29.0 and will be removed in 0.32.0. Use 'KeyPoints.keypoint_confidence' instead.
  warn_deprecated(
/usr/local/lib/python3.12/dist-packages/supervision/key_points/core.py:308: SupervisionWarnings: 'KeyPoints.confidence' is deprecated since 0.29.0 and will be removed in 0.32.0. Use 'KeyPoints.keypoint_confidence' instead.
  warn_deprecated(
/usr/local/lib/python3.12/dist-packages/supervision/key_points/core.py:308: SupervisionWarnings: 'KeyPoints.confidence' is deprecated since 0.29.0 and will be removed in 0.32.0. Use 'KeyPoints.keypoint_confidence' instead.
  warn_deprecated(
 32%|███▏      | 242/750 [04:08<11:02,  1.30s/it]/usr/local/lib/python3.12/dist-packages/supervision/key_points/core.py:316: SupervisionWarnings: 'KeyPoints.confidence' is deprecated since 0.29.0 and will be removed in 0.32.0. Use 'KeyPoints.keypoint_confidence' instead.
  warn_deprecated(
/usr/local/lib/python3.12/dist-packages/supervision/key_points/core.py:308: SupervisionWarnings: 'KeyPoints.confidence' is deprecated since 0.29.0 and will be removed in 0.32.0. Use 'KeyPoints.keypoint_confidence' instead.
  warn_deprecated(
/usr/local/lib/python3.12/dist-packages/supervision/key_points/core.py:308: SupervisionWarnings: 'KeyPoints.confidence' is deprecated since 0.29.0 and will be removed in 0.32.0. Use 'KeyPoints.keypoint_confidence' instead.
  warn_deprecated(
/usr/local/lib/python3.12/dist-packages/supervision/key_points/core.py:308: SupervisionWarnings: 'KeyPoints.confidence' is deprecated since 0.29.0 and will be removed in 0.32.0. Use 'KeyPoints.keypoint_confidence' instead.
  warn_deprecated(
/usr/local/lib/python3.12/dist-packages/supervision/key_points/core.py:308: SupervisionWarnings: 'KeyPoints.confidence' is deprecated since 0.29.0 and will be removed in 0.32.0. Use 'KeyPoints.keypoint_confidence' instead.
  warn_deprecated(
 32%|███▏      | 243/750 [04:09<10:07,  1.20s/it]/usr/local/lib/python3.12/dist-packages/supervision/key_points/core.py:316: SupervisionWarnings: 'KeyPoints.confidence' is deprecated since 0.29.0 and will be removed in 0.32.0. Use 'KeyPoints.keypoint_confidence' instead.
  warn_deprecated(
/usr/local/lib/python3.12/dist-packages/supervision/key_points/core.py:308: SupervisionWarnings: 'KeyPoints.confidence' is deprecated since 0.29.0 and will be removed in 0.32.0. Use 'KeyPoints.keypoint_confidence' instead.
  warn_deprecated(
/usr/local/lib/python3.12/dist-packages/supervision/key_points/core.py:308: SupervisionWarnings: 'KeyPoints.confidence' is deprecated since 0.29.0 and will be removed in 0.32.0. Use 'KeyPoints.keypoint_confidence' instead.
  warn_deprecated(
/usr/local/lib/python3.12/dist-packages/supervision/key_points/core.py:308: SupervisionWarnings: 'KeyPoints.confidence' is deprecated since 0.29.0 and will be removed in 0.32.0. Use 'KeyPoints.keypoint_confidence' instead.
  warn_deprecated(
/usr/local/lib/python3.12/dist-packages/supervision/key_points/core.py:308: SupervisionWarnings: 'KeyPoints.confidence' is deprecated since 0.29.0 and will be removed in 0.32.0. Use 'KeyPoints.keypoint_confidence' instead.
  warn_deprecated(
 33%|███▎      | 244/750 [04:11<09:48,  1.16s/it]/usr/local/lib/python3.12/dist-packages/supervision/key_points/core.py:316: SupervisionWarnings: 'KeyPoints.confidence' is deprecated since 0.29.0 and will be removed in 0.32.0. Use 'KeyPoints.keypoint_confidence' instead.
  warn_deprecated(
/usr/local/lib/python3.12/dist-packages/supervision/key_points/core.py:308: SupervisionWarnings: 'KeyPoints.confidence' is deprecated since 0.29.0 and will be removed in 0.32.0. Use 'KeyPoints.keypoint_confidence' instead.
  warn_deprecated(
/usr/local/lib/python3.12/dist-packages/supervision/key_points/core.py:308: SupervisionWarnings: 'KeyPoints.confidence' is deprecated since 0.29.0 and will be removed in 0.32.0. Use 'KeyPoints.keypoint_confidence' instead.
  warn_deprecated(
/usr/local/lib/python3.12/dist-packages/supervision/key_points/core.py:308: SupervisionWarnings: 'KeyPoints.confidence' is deprecated since 0.29.0 and will be removed in 0.32.0. Use 'KeyPoints.keypoint_confidence' instead.
  warn_deprecated(
/usr/local/lib/python3.12/dist-packages/supervision/key_points/core.py:308: SupervisionWarnings: 'KeyPoints.confidence' is deprecated since 0.29.0 and will be removed in 0.32.0. Use 'KeyPoints.keypoint_confidence' instead.
  warn_deprecated(
 33%|███▎      | 245/750 [04:12<09:23,  1.12s/it]/usr/local/lib/python3.12/dist-packages/supervision/key_points/core.py:316: SupervisionWarnings: 'KeyPoints.confidence' is deprecated since 0.29.0 and will be removed in 0.32.0. Use 'KeyPoints.keypoint_confidence' instead.
  warn_deprecated(
/usr/local/lib/python3.12/dist-packages/supervision/key_points/core.py:308: SupervisionWarnings: 'KeyPoints.confidence' is deprecated since 0.29.0 and will be removed in 0.32.0. Use 'KeyPoints.keypoint_confidence' instead.
  warn_deprecated(
/usr/local/lib/python3.12/dist-packages/supervision/key_points/core.py:308: SupervisionWarnings: 'KeyPoints.confidence' is deprecated since 0.29.0 and will be removed in 0.32.0. Use 'KeyPoints.keypoint_confidence' instead.
  warn_deprecated(
/usr/local/lib/python3.12/dist-packages/supervision/key_points/core.py:308: SupervisionWarnings: 'KeyPoints.confidence' is deprecated since 0.29.0 and will be removed in 0.32.0. Use 'KeyPoints.keypoint_confidence' instead.
  warn_deprecated(
/usr/local/lib/python3.12/dist-packages/supervision/key_points/core.py:308: SupervisionWarnings: 'KeyPoints.confidence' is deprecated since 0.29.0 and will be removed in 0.32.0. Use 'KeyPoints.keypoint_confidence' instead.
  warn_deprecated(
 33%|███▎      | 246/750 [04:12<09:00,  1.07s/it]/usr/local/lib/python3.12/dist-packages/supervision/key_points/core.py:316: SupervisionWarnings: 'KeyPoints.confidence' is deprecated since 0.29.0 and will be removed in 0.32.0. Use 'KeyPoints.keypoint_confidence' instead.
  warn_deprecated(
/usr/local/lib/python3.12/dist-packages/supervision/key_points/core.py:308: SupervisionWarnings: 'KeyPoints.confidence' is deprecated since 0.29.0 and will be removed in 0.32.0. Use 'KeyPoints.keypoint_confidence' instead.
  warn_deprecated(
/usr/local/lib/python3.12/dist-packages/supervision/key_points/core.py:308: SupervisionWarnings: 'KeyPoints.confidence' is deprecated since 0.29.0 and will be removed in 0.32.0. Use 'KeyPoints.keypoint_confidence' instead.
  warn_deprecated(
/usr/local/lib/python3.12/dist-packages/supervision/key_points/core.py:308: SupervisionWarnings: 'KeyPoints.confidence' is deprecated since 0.29.0 and will be removed in 0.32.0. Use 'KeyPoints.keypoint_confidence' instead.
  warn_deprecated(
/usr/local/lib/python3.12/dist-packages/supervision/key_points/core.py:308: SupervisionWarnings: 'KeyPoints.confidence' is deprecated since 0.29.0 and will be removed in 0.32.0. Use 'KeyPoints.keypoint_confidence' instead.
  warn_deprecated(
 33%|███▎      | 247/750 [04:13<08:24,  1.00s/it]/usr/local/lib/python3.12/dist-packages/supervision/key_points/core.py:316: SupervisionWarnings: 'KeyPoints.confidence' is deprecated since 0.29.0 and will be removed in 0.32.0. Use 'KeyPoints.keypoint_confidence' instead.
  warn_deprecated(
/usr/local/lib/python3.12/dist-packages/supervision/key_points/core.py:308: SupervisionWarnings: 'KeyPoints.confidence' is deprecated since 0.29.0 and will be removed in 0.32.0. Use 'KeyPoints.keypoint_confidence' instead.
  warn_deprecated(
/usr/local/lib/python3.12/dist-packages/supervision/key_points/core.py:308: SupervisionWarnings: 'KeyPoints.confidence' is deprecated since 0.29.0 and will be removed in 0.32.0. Use 'KeyPoints.keypoint_confidence' instead.
  warn_deprecated(
/usr/local/lib/python3.12/dist-packages/supervision/key_points/core.py:308: SupervisionWarnings: 'KeyPoints.confidence' is deprecated since 0.29.0 and will be removed in 0.32.0. Use 'KeyPoints.keypoint_confidence' instead.
  warn_deprecated(
/usr/local/lib/python3.12/dist-packages/supervision/key_points/core.py:308: SupervisionWarnings: 'KeyPoints.confidence' is deprecated since 0.29.0 and will be removed in 0.32.0. Use 'KeyPoints.keypoint_confidence' instead.
  warn_deprecated(
 33%|███▎      | 248/750 [04:14<07:54,  1.06it/s]/usr/local/lib/python3.12/dist-packages/supervision/key_points/core.py:316: SupervisionWarnings: 'KeyPoints.confidence' is deprecated since 0.29.0 and will be removed in 0.32.0. Use 'KeyPoints.keypoint_confidence' instead.
  warn_deprecated(
/usr/local/lib/python3.12/dist-packages/supervision/key_points/core.py:308: SupervisionWarnings: 'KeyPoints.confidence' is deprecated since 0.29.0 and will be removed in 0.32.0. Use 'KeyPoints.keypoint_confidence' instead.
  warn_deprecated(
/usr/local/lib/python3.12/dist-packages/supervision/key_points/core.py:308: SupervisionWarnings: 'KeyPoints.confidence' is deprecated since 0.29.0 and will be removed in 0.32.0. Use 'KeyPoints.keypoint_confidence' instead.
  warn_deprecated(
/usr/local/lib/python3.12/dist-packages/supervision/key_points/core.py:308: SupervisionWarnings: 'KeyPoints.confidence' is deprecated since 0.29.0 and will be removed in 0.32.0. Use 'KeyPoints.keypoint_confidence' instead.
  warn_deprecated(
/usr/local/lib/python3.12/dist-packages/supervision/key_points/core.py:308: SupervisionWarnings: 'KeyPoints.confidence' is deprecated since 0.29.0 and will be removed in 0.32.0. Use 'KeyPoints.keypoint_confidence' instead.
  warn_deprecated(
 33%|███▎      | 249/750 [04:15<08:40,  1.04s/it]/usr/local/lib/python3.12/dist-packages/supervision/key_points/core.py:316: SupervisionWarnings: 'KeyPoints.confidence' is deprecated since 0.29.0 and will be removed in 0.32.0. Use 'KeyPoints.keypoint_confidence' instead.
  warn_deprecated(
/usr/local/lib/python3.12/dist-packages/supervision/key_points/core.py:308: SupervisionWarnings: 'KeyPoints.confidence' is deprecated since 0.29.0 and will be removed in 0.32.0. Use 'KeyPoints.keypoint_confidence' instead.
  warn_deprecated(
/usr/local/lib/python3.12/dist-packages/supervision/key_points/core.py:308: SupervisionWarnings: 'KeyPoints.confidence' is deprecated since 0.29.0 and will be removed in 0.32.0. Use 'KeyPoints.keypoint_confidence' instead.
  warn_deprecated(
/usr/local/lib/python3.12/dist-packages/supervision/key_points/core.py:308: SupervisionWarnings: 'KeyPoints.confidence' is deprecated since 0.29.0 and will be removed in 0.32.0. Use 'KeyPoints.keypoint_confidence' instead.
  warn_deprecated(
/usr/local/lib/python3.12/dist-packages/supervision/key_points/core.py:308: SupervisionWarnings: 'KeyPoints.confidence' is deprecated since 0.29.0 and will be removed in 0.32.0. Use 'KeyPoints.keypoint_confidence' instead.
  warn_deprecated(
 33%|███▎      | 250/750 [04:17<09:08,  1.10s/it]/usr/local/lib/python3.12/dist-packages/supervision/key_points/core.py:316: SupervisionWarnings: 'KeyPoints.confidence' is deprecated since 0.29.0 and will be removed in 0.32.0. Use 'KeyPoints.keypoint_confidence' instead.
  warn_deprecated(
/usr/local/lib/python3.12/dist-packages/supervision/key_points/core.py:308: SupervisionWarnings: 'KeyPoints.confidence' is deprecated since 0.29.0 and will be removed in 0.32.0. Use 'KeyPoints.keypoint_confidence' instead.
  warn_deprecated(
/usr/local/lib/python3.12/dist-packages/supervision/key_points/core.py:308: SupervisionWarnings: 'KeyPoints.confidence' is deprecated since 0.29.0 and will be removed in 0.32.0. Use 'KeyPoints.keypoint_confidence' instead.
  warn_deprecated(
/usr/local/lib/python3.12/dist-packages/supervision/key_points/core.py:308: SupervisionWarnings: 'KeyPoints.confidence' is deprecated since 0.29.0 and will be removed in 0.32.0. Use 'KeyPoints.keypoint_confidence' instead.
  warn_deprecated(
/usr/local/lib/python3.12/dist-packages/supervision/key_points/core.py:308: SupervisionWarnings: 'KeyPoints.confidence' is deprecated since 0.29.0 and will be removed in 0.32.0. Use 'KeyPoints.keypoint_confidence' instead.
  warn_deprecated(
 33%|███▎      | 251/750 [04:18<09:27,  1.14s/it]/usr/local/lib/python3.12/dist-packages/supervision/key_points/core.py:316: SupervisionWarnings: 'KeyPoints.confidence' is deprecated since 0.29.0 and will be removed in 0.32.0. Use 'KeyPoints.keypoint_confidence' instead.
  warn_deprecated(
/usr/local/lib/python3.12/dist-packages/supervision/key_points/core.py:308: SupervisionWarnings: 'KeyPoints.confidence' is deprecated since 0.29.0 and will be removed in 0.32.0. Use 'KeyPoints.keypoint_confidence' instead.
  warn_deprecated(
/usr/local/lib/python3.12/dist-packages/supervision/key_points/core.py:308: SupervisionWarnings: 'KeyPoints.confidence' is deprecated since 0.29.0 and will be removed in 0.32.0. Use 'KeyPoints.keypoint_confidence' instead.
  warn_deprecated(
/usr/local/lib/python3.12/dist-packages/supervision/key_points/core.py:308: SupervisionWarnings: 'KeyPoints.confidence' is deprecated since 0.29.0 and will be removed in 0.32.0. Use 'KeyPoints.keypoint_confidence' instead.
  warn_deprecated(
/usr/local/lib/python3.12/dist-packages/supervision/key_points/core.py:308: SupervisionWarnings: 'KeyPoints.confidence' is deprecated since 0.29.0 and will be removed in 0.32.0. Use 'KeyPoints.keypoint_confidence' instead.
  warn_deprecated(
 34%|███▎      | 252/750 [04:19<09:53,  1.19s/it]/usr/local/lib/python3.12/dist-packages/supervision/key_points/core.py:316: SupervisionWarnings: 'KeyPoints.confidence' is deprecated since 0.29.0 and will be removed in 0.32.0. Use 'KeyPoints.keypoint_confidence' instead.
  warn_deprecated(
/usr/local/lib/python3.12/dist-packages/supervision/key_points/core.py:308: SupervisionWarnings: 'KeyPoints.confidence' is deprecated since 0.29.0 and will be removed in 0.32.0. Use 'KeyPoints.keypoint_confidence' instead.
  warn_deprecated(
/usr/local/lib/python3.12/dist-packages/supervision/key_points/core.py:308: SupervisionWarnings: 'KeyPoints.confidence' is deprecated since 0.29.0 and will be removed in 0.32.0. Use 'KeyPoints.keypoint_confidence' instead.
  warn_deprecated(
/usr/local/lib/python3.12/dist-packages/supervision/key_points/core.py:308: SupervisionWarnings: 'KeyPoints.confidence' is deprecated since 0.29.0 and will be removed in 0.32.0. Use 'KeyPoints.keypoint_confidence' instead.
  warn_deprecated(
/usr/local/lib/python3.12/dist-packages/supervision/key_points/core.py:308: SupervisionWarnings: 'KeyPoints.confidence' is deprecated since 0.29.0 and will be removed in 0.32.0. Use 'KeyPoints.keypoint_confidence' instead.
  warn_deprecated(
 34%|███▎      | 253/750 [04:20<10:09,  1.23s/it]/usr/local/lib/python3.12/dist-packages/supervision/key_points/core.py:316: SupervisionWarnings: 'KeyPoints.confidence' is deprecated since 0.29.0 and will be removed in 0.32.0. Use 'KeyPoints.keypoint_confidence' instead.
  warn_deprecated(
/usr/local/lib/python3.12/dist-packages/supervision/key_points/core.py:308: SupervisionWarnings: 'KeyPoints.confidence' is deprecated since 0.29.0 and will be removed in 0.32.0. Use 'KeyPoints.keypoint_confidence' instead.
  warn_deprecated(
/usr/local/lib/python3.12/dist-packages/supervision/key_points/core.py:308: SupervisionWarnings: 'KeyPoints.confidence' is deprecated since 0.29.0 and will be removed in 0.32.0. Use 'KeyPoints.keypoint_confidence' instead.
  warn_deprecated(
/usr/local/lib/python3.12/dist-packages/supervision/key_points/core.py:308: SupervisionWarnings: 'KeyPoints.confidence' is deprecated since 0.29.0 and will be removed in 0.32.0. Use 'KeyPoints.keypoint_confidence' instead.
  warn_deprecated(
/usr/local/lib/python3.12/dist-packages/supervision/key_points/core.py:308: SupervisionWarnings: 'KeyPoints.confidence' is deprecated since 0.29.0 and will be removed in 0.32.0. Use 'KeyPoints.keypoint_confidence' instead.
  warn_deprecated(
 34%|███▍      | 254/750 [04:22<10:15,  1.24s/it]/usr/local/lib/python3.12/dist-packages/supervision/key_points/core.py:316: SupervisionWarnings: 'KeyPoints.confidence' is deprecated since 0.29.0 and will be removed in 0.32.0. Use 'KeyPoints.keypoint_confidence' instead.
  warn_deprecated(
/usr/local/lib/python3.12/dist-packages/supervision/key_points/core.py:308: SupervisionWarnings: 'KeyPoints.confidence' is deprecated since 0.29.0 and will be removed in 0.32.0. Use 'KeyPoints.keypoint_confidence' instead.
  warn_deprecated(
/usr/local/lib/python3.12/dist-packages/supervision/key_points/core.py:308: SupervisionWarnings: 'KeyPoints.confidence' is deprecated since 0.29.0 and will be removed in 0.32.0. Use 'KeyPoints.keypoint_confidence' instead.
  warn_deprecated(
/usr/local/lib/python3.12/dist-packages/supervision/key_points/core.py:308: SupervisionWarnings: 'KeyPoints.confidence' is deprecated since 0.29.0 and will be removed in 0.32.0. Use 'KeyPoints.keypoint_confidence' instead.
  warn_deprecated(
/usr/local/lib/python3.12/dist-packages/supervision/key_points/core.py:308: SupervisionWarnings: 'KeyPoints.confidence' is deprecated since 0.29.0 and will be removed in 0.32.0. Use 'KeyPoints.keypoint_confidence' instead.
  warn_deprecated(
 34%|███▍      | 255/750 [04:23<09:20,  1.13s/it]/usr/local/lib/python3.12/dist-packages/supervision/key_points/core.py:316: SupervisionWarnings: 'KeyPoints.confidence' is deprecated since 0.29.0 and will be removed in 0.32.0. Use 'KeyPoints.keypoint_confidence' instead.
  warn_deprecated(
/usr/local/lib/python3.12/dist-packages/supervision/key_points/core.py:308: SupervisionWarnings: 'KeyPoints.confidence' is deprecated since 0.29.0 and will be removed in 0.32.0. Use 'KeyPoints.keypoint_confidence' instead.
  warn_deprecated(
/usr/local/lib/python3.12/dist-packages/supervision/key_points/core.py:308: SupervisionWarnings: 'KeyPoints.confidence' is deprecated since 0.29.0 and will be removed in 0.32.0. Use 'KeyPoints.keypoint_confidence' instead.
  warn_deprecated(
/usr/local/lib/python3.12/dist-packages/supervision/key_points/core.py:308: SupervisionWarnings: 'KeyPoints.confidence' is deprecated since 0.29.0 and will be removed in 0.32.0. Use 'KeyPoints.keypoint_confidence' instead.
  warn_deprecated(
/usr/local/lib/python3.12/dist-packages/supervision/key_points/core.py:308: SupervisionWarnings: 'KeyPoints.confidence' is deprecated since 0.29.0 and will be removed in 0.32.0. Use 'KeyPoints.keypoint_confidence' instead.
  warn_deprecated(
 34%|███▍      | 256/750 [04:24<10:10,  1.24s/it]/usr/local/lib/python3.12/dist-packages/supervision/key_points/core.py:316: SupervisionWarnings: 'KeyPoints.confidence' is deprecated since 0.29.0 and will be removed in 0.32.0. Use 'KeyPoints.keypoint_confidence' instead.
  warn_deprecated(
/usr/local/lib/python3.12/dist-packages/supervision/key_points/core.py:308: SupervisionWarnings: 'KeyPoints.confidence' is deprecated since 0.29.0 and will be removed in 0.32.0. Use 'KeyPoints.keypoint_confidence' instead.
  warn_deprecated(
/usr/local/lib/python3.12/dist-packages/supervision/key_points/core.py:308: SupervisionWarnings: 'KeyPoints.confidence' is deprecated since 0.29.0 and will be removed in 0.32.0. Use 'KeyPoints.keypoint_confidence' instead.
  warn_deprecated(
/usr/local/lib/python3.12/dist-packages/supervision/key_points/core.py:308: SupervisionWarnings: 'KeyPoints.confidence' is deprecated since 0.29.0 and will be removed in 0.32.0. Use 'KeyPoints.keypoint_confidence' instead.
  warn_deprecated(
/usr/local/lib/python3.12/dist-packages/supervision/key_points/core.py:308: SupervisionWarnings: 'KeyPoints.confidence' is deprecated since 0.29.0 and will be removed in 0.32.0. Use 'KeyPoints.keypoint_confidence' instead.
  warn_deprecated(
 34%|███▍      | 257/750 [04:26<10:52,  1.32s/it]/usr/local/lib/python3.12/dist-packages/supervision/key_points/core.py:316: SupervisionWarnings: 'KeyPoints.confidence' is deprecated since 0.29.0 and will be removed in 0.32.0. Use 'KeyPoints.keypoint_confidence' instead.
  warn_deprecated(
/usr/local/lib/python3.12/dist-packages/supervision/key_points/core.py:308: SupervisionWarnings: 'KeyPoints.confidence' is deprecated since 0.29.0 and will be removed in 0.32.0. Use 'KeyPoints.keypoint_confidence' instead.
  warn_deprecated(
/usr/local/lib/python3.12/dist-packages/supervision/key_points/core.py:308: SupervisionWarnings: 'KeyPoints.confidence' is deprecated since 0.29.0 and will be removed in 0.32.0. Use 'KeyPoints.keypoint_confidence' instead.
  warn_deprecated(
/usr/local/lib/python3.12/dist-packages/supervision/key_points/core.py:308: SupervisionWarnings: 'KeyPoints.confidence' is deprecated since 0.29.0 and will be removed in 0.32.0. Use 'KeyPoints.keypoint_confidence' instead.
  warn_deprecated(
/usr/local/lib/python3.12/dist-packages/supervision/key_points/core.py:308: SupervisionWarnings: 'KeyPoints.confidence' is deprecated since 0.29.0 and will be removed in 0.32.0. Use 'KeyPoints.keypoint_confidence' instead.
  warn_deprecated(
 34%|███▍      | 258/750 [04:27<11:00,  1.34s/it]/usr/local/lib/python3.12/dist-packages/supervision/key_points/core.py:316: SupervisionWarnings: 'KeyPoints.confidence' is deprecated since 0.29.0 and will be removed in 0.32.0. Use 'KeyPoints.keypoint_confidence' instead.
  warn_deprecated(
/usr/local/lib/python3.12/dist-packages/supervision/key_points/core.py:308: SupervisionWarnings: 'KeyPoints.confidence' is deprecated since 0.29.0 and will be removed in 0.32.0. Use 'KeyPoints.keypoint_confidence' instead.
  warn_deprecated(
/usr/local/lib/python3.12/dist-packages/supervision/key_points/core.py:308: SupervisionWarnings: 'KeyPoints.confidence' is deprecated since 0.29.0 and will be removed in 0.32.0. Use 'KeyPoints.keypoint_confidence' instead.
  warn_deprecated(
/usr/local/lib/python3.12/dist-packages/supervision/key_points/core.py:308: SupervisionWarnings: 'KeyPoints.confidence' is deprecated since 0.29.0 and will be removed in 0.32.0. Use 'KeyPoints.keypoint_confidence' instead.
  warn_deprecated(
/usr/local/lib/python3.12/dist-packages/supervision/key_points/core.py:308: SupervisionWarnings: 'KeyPoints.confidence' is deprecated since 0.29.0 and will be removed in 0.32.0. Use 'KeyPoints.keypoint_confidence' instead.
  warn_deprecated(
 35%|███▍      | 259/750 [04:28<09:37,  1.18s/it]/usr/local/lib/python3.12/dist-packages/supervision/key_points/core.py:316: SupervisionWarnings: 'KeyPoints.confidence' is deprecated since 0.29.0 and will be removed in 0.32.0. Use 'KeyPoints.keypoint_confidence' instead.
  warn_deprecated(
/usr/local/lib/python3.12/dist-packages/supervision/key_points/core.py:308: SupervisionWarnings: 'KeyPoints.confidence' is deprecated since 0.29.0 and will be removed in 0.32.0. Use 'KeyPoints.keypoint_confidence' instead.
  warn_deprecated(
/usr/local/lib/python3.12/dist-packages/supervision/key_points/core.py:308: SupervisionWarnings: 'KeyPoints.confidence' is deprecated since 0.29.0 and will be removed in 0.32.0. Use 'KeyPoints.keypoint_confidence' instead.
  warn_deprecated(
/usr/local/lib/python3.12/dist-packages/supervision/key_points/core.py:308: SupervisionWarnings: 'KeyPoints.confidence' is deprecated since 0.29.0 and will be removed in 0.32.0. Use 'KeyPoints.keypoint_confidence' instead.
  warn_deprecated(
/usr/local/lib/python3.12/dist-packages/supervision/key_points/core.py:308: SupervisionWarnings: 'KeyPoints.confidence' is deprecated since 0.29.0 and will be removed in 0.32.0. Use 'KeyPoints.keypoint_confidence' instead.
  warn_deprecated(
 35%|███▍      | 260/750 [04:29<08:43,  1.07s/it]/usr/local/lib/python3.12/dist-packages/supervision/key_points/core.py:316: SupervisionWarnings: 'KeyPoints.confidence' is deprecated since 0.29.0 and will be removed in 0.32.0. Use 'KeyPoints.keypoint_confidence' instead.
  warn_deprecated(
/usr/local/lib/python3.12/dist-packages/supervision/key_points/core.py:308: SupervisionWarnings: 'KeyPoints.confidence' is deprecated since 0.29.0 and will be removed in 0.32.0. Use 'KeyPoints.keypoint_confidence' instead.
  warn_deprecated(
/usr/local/lib/python3.12/dist-packages/supervision/key_points/core.py:308: SupervisionWarnings: 'KeyPoints.confidence' is deprecated since 0.29.0 and will be removed in 0.32.0. Use 'KeyPoints.keypoint_confidence' instead.
  warn_deprecated(
/usr/local/lib/python3.12/dist-packages/supervision/key_points/core.py:308: SupervisionWarnings: 'KeyPoints.confidence' is deprecated since 0.29.0 and will be removed in 0.32.0. Use 'KeyPoints.keypoint_confidence' instead.
  warn_deprecated(
/usr/local/lib/python3.12/dist-packages/supervision/key_points/core.py:308: SupervisionWarnings: 'KeyPoints.confidence' is deprecated since 0.29.0 and will be removed in 0.32.0. Use 'KeyPoints.keypoint_confidence' instead.
  warn_deprecated(
 35%|███▍      | 261/750 [04:29<08:08,  1.00it/s]/usr/local/lib/python3.12/dist-packages/supervision/key_points/core.py:316: SupervisionWarnings: 'KeyPoints.confidence' is deprecated since 0.29.0 and will be removed in 0.32.0. Use 'KeyPoints.keypoint_confidence' instead.
  warn_deprecated(
/usr/local/lib/python3.12/dist-packages/supervision/key_points/core.py:308: SupervisionWarnings: 'KeyPoints.confidence' is deprecated since 0.29.0 and will be removed in 0.32.0. Use 'KeyPoints.keypoint_confidence' instead.
  warn_deprecated(
/usr/local/lib/python3.12/dist-packages/supervision/key_points/core.py:308: SupervisionWarnings: 'KeyPoints.confidence' is deprecated since 0.29.0 and will be removed in 0.32.0. Use 'KeyPoints.keypoint_confidence' instead.
  warn_deprecated(
/usr/local/lib/python3.12/dist-packages/supervision/key_points/core.py:308: SupervisionWarnings: 'KeyPoints.confidence' is deprecated since 0.29.0 and will be removed in 0.32.0. Use 'KeyPoints.keypoint_confidence' instead.
  warn_deprecated(
/usr/local/lib/python3.12/dist-packages/supervision/key_points/core.py:308: SupervisionWarnings: 'KeyPoints.confidence' is deprecated since 0.29.0 and will be removed in 0.32.0. Use 'KeyPoints.keypoint_confidence' instead.
  warn_deprecated(
 35%|███▍      | 262/750 [04:30<07:45,  1.05it/s]/usr/local/lib/python3.12/dist-packages/supervision/key_points/core.py:316: SupervisionWarnings: 'KeyPoints.confidence' is deprecated since 0.29.0 and will be removed in 0.32.0. Use 'KeyPoints.keypoint_confidence' instead.
  warn_deprecated(
/usr/local/lib/python3.12/dist-packages/supervision/key_points/core.py:308: SupervisionWarnings: 'KeyPoints.confidence' is deprecated since 0.29.0 and will be removed in 0.32.0. Use 'KeyPoints.keypoint_confidence' instead.
  warn_deprecated(
/usr/local/lib/python3.12/dist-packages/supervision/key_points/core.py:308: SupervisionWarnings: 'KeyPoints.confidence' is deprecated since 0.29.0 and will be removed in 0.32.0. Use 'KeyPoints.keypoint_confidence' instead.
  warn_deprecated(
/usr/local/lib/python3.12/dist-packages/supervision/key_points/core.py:308: SupervisionWarnings: 'KeyPoints.confidence' is deprecated since 0.29.0 and will be removed in 0.32.0. Use 'KeyPoints.keypoint_confidence' instead.
  warn_deprecated(
/usr/local/lib/python3.12/dist-packages/supervision/key_points/core.py:308: SupervisionWarnings: 'KeyPoints.confidence' is deprecated since 0.29.0 and will be removed in 0.32.0. Use 'KeyPoints.keypoint_confidence' instead.
  warn_deprecated(
 35%|███▌      | 263/750 [04:32<08:34,  1.06s/it]/usr/local/lib/python3.12/dist-packages/supervision/key_points/core.py:316: SupervisionWarnings: 'KeyPoints.confidence' is deprecated since 0.29.0 and will be removed in 0.32.0. Use 'KeyPoints.keypoint_confidence' instead.
  warn_deprecated(
/usr/local/lib/python3.12/dist-packages/supervision/key_points/core.py:308: SupervisionWarnings: 'KeyPoints.confidence' is deprecated since 0.29.0 and will be removed in 0.32.0. Use 'KeyPoints.keypoint_confidence' instead.
  warn_deprecated(
/usr/local/lib/python3.12/dist-packages/supervision/key_points/core.py:308: SupervisionWarnings: 'KeyPoints.confidence' is deprecated since 0.29.0 and will be removed in 0.32.0. Use 'KeyPoints.keypoint_confidence' instead.
  warn_deprecated(
/usr/local/lib/python3.12/dist-packages/supervision/key_points/core.py:308: SupervisionWarnings: 'KeyPoints.confidence' is deprecated since 0.29.0 and will be removed in 0.32.0. Use 'KeyPoints.keypoint_confidence' instead.
  warn_deprecated(
/usr/local/lib/python3.12/dist-packages/supervision/key_points/core.py:308: SupervisionWarnings: 'KeyPoints.confidence' is deprecated since 0.29.0 and will be removed in 0.32.0. Use 'KeyPoints.keypoint_confidence' instead.
  warn_deprecated(
 35%|███▌      | 264/750 [04:32<08:01,  1.01it/s]/usr/local/lib/python3.12/dist-packages/supervision/key_points/core.py:316: SupervisionWarnings: 'KeyPoints.confidence' is deprecated since 0.29.0 and will be removed in 0.32.0. Use 'KeyPoints.keypoint_confidence' instead.
  warn_deprecated(
/usr/local/lib/python3.12/dist-packages/supervision/key_points/core.py:308: SupervisionWarnings: 'KeyPoints.confidence' is deprecated since 0.29.0 and will be removed in 0.32.0. Use 'KeyPoints.keypoint_confidence' instead.
  warn_deprecated(
/usr/local/lib/python3.12/dist-packages/supervision/key_points/core.py:308: SupervisionWarnings: 'KeyPoints.confidence' is deprecated since 0.29.0 and will be removed in 0.32.0. Use 'KeyPoints.keypoint_confidence' instead.
  warn_deprecated(
/usr/local/lib/python3.12/dist-packages/supervision/key_points/core.py:308: SupervisionWarnings: 'KeyPoints.confidence' is deprecated since 0.29.0 and will be removed in 0.32.0. Use 'KeyPoints.keypoint_confidence' instead.
  warn_deprecated(
/usr/local/lib/python3.12/dist-packages/supervision/key_points/core.py:308: SupervisionWarnings: 'KeyPoints.confidence' is deprecated since 0.29.0 and will be removed in 0.32.0. Use 'KeyPoints.keypoint_confidence' instead.
  warn_deprecated(
 35%|███▌      | 265/750 [04:33<07:29,  1.08it/s]/usr/local/lib/python3.12/dist-packages/supervision/key_points/core.py:316: SupervisionWarnings: 'KeyPoints.confidence' is deprecated since 0.29.0 and will be removed in 0.32.0. Use 'KeyPoints.keypoint_confidence' instead.
  warn_deprecated(
/usr/local/lib/python3.12/dist-packages/supervision/key_points/core.py:308: SupervisionWarnings: 'KeyPoints.confidence' is deprecated since 0.29.0 and will be removed in 0.32.0. Use 'KeyPoints.keypoint_confidence' instead.
  warn_deprecated(
/usr/local/lib/python3.12/dist-packages/supervision/key_points/core.py:308: SupervisionWarnings: 'KeyPoints.confidence' is deprecated since 0.29.0 and will be removed in 0.32.0. Use 'KeyPoints.keypoint_confidence' instead.
  warn_deprecated(
/usr/local/lib/python3.12/dist-packages/supervision/key_points/core.py:308: SupervisionWarnings: 'KeyPoints.confidence' is deprecated since 0.29.0 and will be removed in 0.32.0. Use 'KeyPoints.keypoint_confidence' instead.
  warn_deprecated(
/usr/local/lib/python3.12/dist-packages/supervision/key_points/core.py:308: SupervisionWarnings: 'KeyPoints.confidence' is deprecated since 0.29.0 and will be removed in 0.32.0. Use 'KeyPoints.keypoint_confidence' instead.
  warn_deprecated(
 35%|███▌      | 266/750 [04:34<07:13,  1.12it/s]/usr/local/lib/python3.12/dist-packages/supervision/key_points/core.py:316: SupervisionWarnings: 'KeyPoints.confidence' is deprecated since 0.29.0 and will be removed in 0.32.0. Use 'KeyPoints.keypoint_confidence' instead.
  warn_deprecated(
/usr/local/lib/python3.12/dist-packages/supervision/key_points/core.py:308: SupervisionWarnings: 'KeyPoints.confidence' is deprecated since 0.29.0 and will be removed in 0.32.0. Use 'KeyPoints.keypoint_confidence' instead.
  warn_deprecated(
/usr/local/lib/python3.12/dist-packages/supervision/key_points/core.py:308: SupervisionWarnings: 'KeyPoints.confidence' is deprecated since 0.29.0 and will be removed in 0.32.0. Use 'KeyPoints.keypoint_confidence' instead.
  warn_deprecated(
/usr/local/lib/python3.12/dist-packages/supervision/key_points/core.py:308: SupervisionWarnings: 'KeyPoints.confidence' is deprecated since 0.29.0 and will be removed in 0.32.0. Use 'KeyPoints.keypoint_confidence' instead.
  warn_deprecated(
/usr/local/lib/python3.12/dist-packages/supervision/key_points/core.py:308: SupervisionWarnings: 'KeyPoints.confidence' is deprecated since 0.29.0 and will be removed in 0.32.0. Use 'KeyPoints.keypoint_confidence' instead.
  warn_deprecated(
 36%|███▌      | 267/750 [04:35<07:01,  1.15it/s]/usr/local/lib/python3.12/dist-packages/supervision/key_points/core.py:316: SupervisionWarnings: 'KeyPoints.confidence' is deprecated since 0.29.0 and will be removed in 0.32.0. Use 'KeyPoints.keypoint_confidence' instead.
  warn_deprecated(
/usr/local/lib/python3.12/dist-packages/supervision/key_points/core.py:308: SupervisionWarnings: 'KeyPoints.confidence' is deprecated since 0.29.0 and will be removed in 0.32.0. Use 'KeyPoints.keypoint_confidence' instead.
  warn_deprecated(
/usr/local/lib/python3.12/dist-packages/supervision/key_points/core.py:308: SupervisionWarnings: 'KeyPoints.confidence' is deprecated since 0.29.0 and will be removed in 0.32.0. Use 'KeyPoints.keypoint_confidence' instead.
  warn_deprecated(
/usr/local/lib/python3.12/dist-packages/supervision/key_points/core.py:308: SupervisionWarnings: 'KeyPoints.confidence' is deprecated since 0.29.0 and will be removed in 0.32.0. Use 'KeyPoints.keypoint_confidence' instead.
  warn_deprecated(
/usr/local/lib/python3.12/dist-packages/supervision/key_points/core.py:308: SupervisionWarnings: 'KeyPoints.confidence' is deprecated since 0.29.0 and will be removed in 0.32.0. Use 'KeyPoints.keypoint_confidence' instead.
  warn_deprecated(
 36%|███▌      | 268/750 [04:36<06:53,  1.17it/s]/usr/local/lib/python3.12/dist-packages/supervision/key_points/core.py:316: SupervisionWarnings: 'KeyPoints.confidence' is deprecated since 0.29.0 and will be removed in 0.32.0. Use 'KeyPoints.keypoint_confidence' instead.
  warn_deprecated(
/usr/local/lib/python3.12/dist-packages/supervision/key_points/core.py:308: SupervisionWarnings: 'KeyPoints.confidence' is deprecated since 0.29.0 and will be removed in 0.32.0. Use 'KeyPoints.keypoint_confidence' instead.
  warn_deprecated(
/usr/local/lib/python3.12/dist-packages/supervision/key_points/core.py:308: SupervisionWarnings: 'KeyPoints.confidence' is deprecated since 0.29.0 and will be removed in 0.32.0. Use 'KeyPoints.keypoint_confidence' instead.
  warn_deprecated(
/usr/local/lib/python3.12/dist-packages/supervision/key_points/core.py:308: SupervisionWarnings: 'KeyPoints.confidence' is deprecated since 0.29.0 and will be removed in 0.32.0. Use 'KeyPoints.keypoint_confidence' instead.
  warn_deprecated(
/usr/local/lib/python3.12/dist-packages/supervision/key_points/core.py:308: SupervisionWarnings: 'KeyPoints.confidence' is deprecated since 0.29.0 and will be removed in 0.32.0. Use 'KeyPoints.keypoint_confidence' instead.
  warn_deprecated(
 36%|███▌      | 269/750 [04:37<06:50,  1.17it/s]/usr/local/lib/python3.12/dist-packages/supervision/key_points/core.py:316: SupervisionWarnings: 'KeyPoints.confidence' is deprecated since 0.29.0 and will be removed in 0.32.0. Use 'KeyPoints.keypoint_confidence' instead.
  warn_deprecated(
/usr/local/lib/python3.12/dist-packages/supervision/key_points/core.py:308: SupervisionWarnings: 'KeyPoints.confidence' is deprecated since 0.29.0 and will be removed in 0.32.0. Use 'KeyPoints.keypoint_confidence' instead.
  warn_deprecated(
/usr/local/lib/python3.12/dist-packages/supervision/key_points/core.py:308: SupervisionWarnings: 'KeyPoints.confidence' is deprecated since 0.29.0 and will be removed in 0.32.0. Use 'KeyPoints.keypoint_confidence' instead.
  warn_deprecated(
/usr/local/lib/python3.12/dist-packages/supervision/key_points/core.py:308: SupervisionWarnings: 'KeyPoints.confidence' is deprecated since 0.29.0 and will be removed in 0.32.0. Use 'KeyPoints.keypoint_confidence' instead.
  warn_deprecated(
/usr/local/lib/python3.12/dist-packages/supervision/key_points/core.py:308: SupervisionWarnings: 'KeyPoints.confidence' is deprecated since 0.29.0 and will be removed in 0.32.0. Use 'KeyPoints.keypoint_confidence' instead.
  warn_deprecated(
 36%|███▌      | 270/750 [04:37<07:01,  1.14it/s]/usr/local/lib/python3.12/dist-packages/supervision/key_points/core.py:316: SupervisionWarnings: 'KeyPoints.confidence' is deprecated since 0.29.0 and will be removed in 0.32.0. Use 'KeyPoints.keypoint_confidence' instead.
  warn_deprecated(
/usr/local/lib/python3.12/dist-packages/supervision/key_points/core.py:308: SupervisionWarnings: 'KeyPoints.confidence' is deprecated since 0.29.0 and will be removed in 0.32.0. Use 'KeyPoints.keypoint_confidence' instead.
  warn_deprecated(
/usr/local/lib/python3.12/dist-packages/supervision/key_points/core.py:308: SupervisionWarnings: 'KeyPoints.confidence' is deprecated since 0.29.0 and will be removed in 0.32.0. Use 'KeyPoints.keypoint_confidence' instead.
  warn_deprecated(
/usr/local/lib/python3.12/dist-packages/supervision/key_points/core.py:308: SupervisionWarnings: 'KeyPoints.confidence' is deprecated since 0.29.0 and will be removed in 0.32.0. Use 'KeyPoints.keypoint_confidence' instead.
  warn_deprecated(
/usr/local/lib/python3.12/dist-packages/supervision/key_points/core.py:308: SupervisionWarnings: 'KeyPoints.confidence' is deprecated since 0.29.0 and will be removed in 0.32.0. Use 'KeyPoints.keypoint_confidence' instead.
  warn_deprecated(
 36%|███▌      | 271/750 [04:39<08:26,  1.06s/it]/usr/local/lib/python3.12/dist-packages/supervision/key_points/core.py:316: SupervisionWarnings: 'KeyPoints.confidence' is deprecated since 0.29.0 and will be removed in 0.32.0. Use 'KeyPoints.keypoint_confidence' instead.
  warn_deprecated(
/usr/local/lib/python3.12/dist-packages/supervision/key_points/core.py:308: SupervisionWarnings: 'KeyPoints.confidence' is deprecated since 0.29.0 and will be removed in 0.32.0. Use 'KeyPoints.keypoint_confidence' instead.
  warn_deprecated(
/usr/local/lib/python3.12/dist-packages/supervision/key_points/core.py:308: SupervisionWarnings: 'KeyPoints.confidence' is deprecated since 0.29.0 and will be removed in 0.32.0. Use 'KeyPoints.keypoint_confidence' instead.
  warn_deprecated(
/usr/local/lib/python3.12/dist-packages/supervision/key_points/core.py:308: SupervisionWarnings: 'KeyPoints.confidence' is deprecated since 0.29.0 and will be removed in 0.32.0. Use 'KeyPoints.keypoint_confidence' instead.
  warn_deprecated(
/usr/local/lib/python3.12/dist-packages/supervision/key_points/core.py:308: SupervisionWarnings: 'KeyPoints.confidence' is deprecated since 0.29.0 and will be removed in 0.32.0. Use 'KeyPoints.keypoint_confidence' instead.
  warn_deprecated(
 36%|███▋      | 272/750 [04:40<09:25,  1.18s/it]/usr/local/lib/python3.12/dist-packages/supervision/key_points/core.py:316: SupervisionWarnings: 'KeyPoints.confidence' is deprecated since 0.29.0 and will be removed in 0.32.0. Use 'KeyPoints.keypoint_confidence' instead.
  warn_deprecated(
/usr/local/lib/python3.12/dist-packages/supervision/key_points/core.py:308: SupervisionWarnings: 'KeyPoints.confidence' is deprecated since 0.29.0 and will be removed in 0.32.0. Use 'KeyPoints.keypoint_confidence' instead.
  warn_deprecated(
/usr/local/lib/python3.12/dist-packages/supervision/key_points/core.py:308: SupervisionWarnings: 'KeyPoints.confidence' is deprecated since 0.29.0 and will be removed in 0.32.0. Use 'KeyPoints.keypoint_confidence' instead.
  warn_deprecated(
/usr/local/lib/python3.12/dist-packages/supervision/key_points/core.py:308: SupervisionWarnings: 'KeyPoints.confidence' is deprecated since 0.29.0 and will be removed in 0.32.0. Use 'KeyPoints.keypoint_confidence' instead.
  warn_deprecated(
/usr/local/lib/python3.12/dist-packages/supervision/key_points/core.py:308: SupervisionWarnings: 'KeyPoints.confidence' is deprecated since 0.29.0 and will be removed in 0.32.0. Use 'KeyPoints.keypoint_confidence' instead.
  warn_deprecated(
 36%|███▋      | 273/750 [04:41<08:48,  1.11s/it]/usr/local/lib/python3.12/dist-packages/supervision/key_points/core.py:316: SupervisionWarnings: 'KeyPoints.confidence' is deprecated since 0.29.0 and will be removed in 0.32.0. Use 'KeyPoints.keypoint_confidence' instead.
  warn_deprecated(
/usr/local/lib/python3.12/dist-packages/supervision/key_points/core.py:308: SupervisionWarnings: 'KeyPoints.confidence' is deprecated since 0.29.0 and will be removed in 0.32.0. Use 'KeyPoints.keypoint_confidence' instead.
  warn_deprecated(
/usr/local/lib/python3.12/dist-packages/supervision/key_points/core.py:308: SupervisionWarnings: 'KeyPoints.confidence' is deprecated since 0.29.0 and will be removed in 0.32.0. Use 'KeyPoints.keypoint_confidence' instead.
  warn_deprecated(
/usr/local/lib/python3.12/dist-packages/supervision/key_points/core.py:308: SupervisionWarnings: 'KeyPoints.confidence' is deprecated since 0.29.0 and will be removed in 0.32.0. Use 'KeyPoints.keypoint_confidence' instead.
  warn_deprecated(
/usr/local/lib/python3.12/dist-packages/supervision/key_points/core.py:308: SupervisionWarnings: 'KeyPoints.confidence' is deprecated since 0.29.0 and will be removed in 0.32.0. Use 'KeyPoints.keypoint_confidence' instead.
  warn_deprecated(
 37%|███▋      | 274/750 [04:42<08:06,  1.02s/it]/usr/local/lib/python3.12/dist-packages/supervision/key_points/core.py:316: SupervisionWarnings: 'KeyPoints.confidence' is deprecated since 0.29.0 and will be removed in 0.32.0. Use 'KeyPoints.keypoint_confidence' instead.
  warn_deprecated(
/usr/local/lib/python3.12/dist-packages/supervision/key_points/core.py:308: SupervisionWarnings: 'KeyPoints.confidence' is deprecated since 0.29.0 and will be removed in 0.32.0. Use 'KeyPoints.keypoint_confidence' instead.
  warn_deprecated(
/usr/local/lib/python3.12/dist-packages/supervision/key_points/core.py:308: SupervisionWarnings: 'KeyPoints.confidence' is deprecated since 0.29.0 and will be removed in 0.32.0. Use 'KeyPoints.keypoint_confidence' instead.
  warn_deprecated(
/usr/local/lib/python3.12/dist-packages/supervision/key_points/core.py:308: SupervisionWarnings: 'KeyPoints.confidence' is deprecated since 0.29.0 and will be removed in 0.32.0. Use 'KeyPoints.keypoint_confidence' instead.
  warn_deprecated(
/usr/local/lib/python3.12/dist-packages/supervision/key_points/core.py:308: SupervisionWarnings: 'KeyPoints.confidence' is deprecated since 0.29.0 and will be removed in 0.32.0. Use 'KeyPoints.keypoint_confidence' instead.
  warn_deprecated(
 37%|███▋      | 275/750 [04:43<07:35,  1.04it/s]/usr/local/lib/python3.12/dist-packages/supervision/key_points/core.py:316: SupervisionWarnings: 'KeyPoints.confidence' is deprecated since 0.29.0 and will be removed in 0.32.0. Use 'KeyPoints.keypoint_confidence' instead.
  warn_deprecated(
/usr/local/lib/python3.12/dist-packages/supervision/key_points/core.py:308: SupervisionWarnings: 'KeyPoints.confidence' is deprecated since 0.29.0 and will be removed in 0.32.0. Use 'KeyPoints.keypoint_confidence' instead.
  warn_deprecated(
/usr/local/lib/python3.12/dist-packages/supervision/key_points/core.py:308: SupervisionWarnings: 'KeyPoints.confidence' is deprecated since 0.29.0 and will be removed in 0.32.0. Use 'KeyPoints.keypoint_confidence' instead.
  warn_deprecated(
/usr/local/lib/python3.12/dist-packages/supervision/key_points/core.py:308: SupervisionWarnings: 'KeyPoints.confidence' is deprecated since 0.29.0 and will be removed in 0.32.0. Use 'KeyPoints.keypoint_confidence' instead.
  warn_deprecated(
/usr/local/lib/python3.12/dist-packages/supervision/key_points/core.py:308: SupervisionWarnings: 'KeyPoints.confidence' is deprecated since 0.29.0 and will be removed in 0.32.0. Use 'KeyPoints.keypoint_confidence' instead.
  warn_deprecated(
 37%|███▋      | 276/750 [04:44<08:11,  1.04s/it]/usr/local/lib/python3.12/dist-packages/supervision/key_points/core.py:316: SupervisionWarnings: 'KeyPoints.confidence' is deprecated since 0.29.0 and will be removed in 0.32.0. Use 'KeyPoints.keypoint_confidence' instead.
  warn_deprecated(
/usr/local/lib/python3.12/dist-packages/supervision/key_points/core.py:308: SupervisionWarnings: 'KeyPoints.confidence' is deprecated since 0.29.0 and will be removed in 0.32.0. Use 'KeyPoints.keypoint_confidence' instead.
  warn_deprecated(
/usr/local/lib/python3.12/dist-packages/supervision/key_points/core.py:308: SupervisionWarnings: 'KeyPoints.confidence' is deprecated since 0.29.0 and will be removed in 0.32.0. Use 'KeyPoints.keypoint_confidence' instead.
  warn_deprecated(
/usr/local/lib/python3.12/dist-packages/supervision/key_points/core.py:308: SupervisionWarnings: 'KeyPoints.confidence' is deprecated since 0.29.0 and will be removed in 0.32.0. Use 'KeyPoints.keypoint_confidence' instead.
  warn_deprecated(
/usr/local/lib/python3.12/dist-packages/supervision/key_points/core.py:308: SupervisionWarnings: 'KeyPoints.confidence' is deprecated since 0.29.0 and will be removed in 0.32.0. Use 'KeyPoints.keypoint_confidence' instead.
  warn_deprecated(
 37%|███▋      | 277/750 [04:45<07:36,  1.04it/s]/usr/local/lib/python3.12/dist-packages/supervision/key_points/core.py:316: SupervisionWarnings: 'KeyPoints.confidence' is deprecated since 0.29.0 and will be removed in 0.32.0. Use 'KeyPoints.keypoint_confidence' instead.
  warn_deprecated(
/usr/local/lib/python3.12/dist-packages/supervision/key_points/core.py:308: SupervisionWarnings: 'KeyPoints.confidence' is deprecated since 0.29.0 and will be removed in 0.32.0. Use 'KeyPoints.keypoint_confidence' instead.
  warn_deprecated(
/usr/local/lib/python3.12/dist-packages/supervision/key_points/core.py:308: SupervisionWarnings: 'KeyPoints.confidence' is deprecated since 0.29.0 and will be removed in 0.32.0. Use 'KeyPoints.keypoint_confidence' instead.
  warn_deprecated(
/usr/local/lib/python3.12/dist-packages/supervision/key_points/core.py:308: SupervisionWarnings: 'KeyPoints.confidence' is deprecated since 0.29.0 and will be removed in 0.32.0. Use 'KeyPoints.keypoint_confidence' instead.
  warn_deprecated(
/usr/local/lib/python3.12/dist-packages/supervision/key_points/core.py:308: SupervisionWarnings: 'KeyPoints.confidence' is deprecated since 0.29.0 and will be removed in 0.32.0. Use 'KeyPoints.keypoint_confidence' instead.
  warn_deprecated(
 37%|███▋      | 278/750 [04:46<07:11,  1.09it/s]/usr/local/lib/python3.12/dist-packages/supervision/key_points/core.py:316: SupervisionWarnings: 'KeyPoints.confidence' is deprecated since 0.29.0 and will be removed in 0.32.0. Use 'KeyPoints.keypoint_confidence' instead.
  warn_deprecated(
/usr/local/lib/python3.12/dist-packages/supervision/key_points/core.py:308: SupervisionWarnings: 'KeyPoints.confidence' is deprecated since 0.29.0 and will be removed in 0.32.0. Use 'KeyPoints.keypoint_confidence' instead.
  warn_deprecated(
/usr/local/lib/python3.12/dist-packages/supervision/key_points/core.py:308: SupervisionWarnings: 'KeyPoints.confidence' is deprecated since 0.29.0 and will be removed in 0.32.0. Use 'KeyPoints.keypoint_confidence' instead.
  warn_deprecated(
/usr/local/lib/python3.12/dist-packages/supervision/key_points/core.py:308: SupervisionWarnings: 'KeyPoints.confidence' is deprecated since 0.29.0 and will be removed in 0.32.0. Use 'KeyPoints.keypoint_confidence' instead.
  warn_deprecated(
/usr/local/lib/python3.12/dist-packages/supervision/key_points/core.py:308: SupervisionWarnings: 'KeyPoints.confidence' is deprecated since 0.29.0 and will be removed in 0.32.0. Use 'KeyPoints.keypoint_confidence' instead.
  warn_deprecated(
 37%|███▋      | 279/750 [04:47<06:56,  1.13it/s]/usr/local/lib/python3.12/dist-packages/supervision/key_points/core.py:316: SupervisionWarnings: 'KeyPoints.confidence' is deprecated since 0.29.0 and will be removed in 0.32.0. Use 'KeyPoints.keypoint_confidence' instead.
  warn_deprecated(
/usr/local/lib/python3.12/dist-packages/supervision/key_points/core.py:308: SupervisionWarnings: 'KeyPoints.confidence' is deprecated since 0.29.0 and will be removed in 0.32.0. Use 'KeyPoints.keypoint_confidence' instead.
  warn_deprecated(
/usr/local/lib/python3.12/dist-packages/supervision/key_points/core.py:308: SupervisionWarnings: 'KeyPoints.confidence' is deprecated since 0.29.0 and will be removed in 0.32.0. Use 'KeyPoints.keypoint_confidence' instead.
  warn_deprecated(
/usr/local/lib/python3.12/dist-packages/supervision/key_points/core.py:308: SupervisionWarnings: 'KeyPoints.confidence' is deprecated since 0.29.0 and will be removed in 0.32.0. Use 'KeyPoints.keypoint_confidence' instead.
  warn_deprecated(
/usr/local/lib/python3.12/dist-packages/supervision/key_points/core.py:308: SupervisionWarnings: 'KeyPoints.confidence' is deprecated since 0.29.0 and will be removed in 0.32.0. Use 'KeyPoints.keypoint_confidence' instead.
  warn_deprecated(
 37%|███▋      | 280/750 [04:47<06:41,  1.17it/s]/usr/local/lib/python3.12/dist-packages/supervision/key_points/core.py:316: SupervisionWarnings: 'KeyPoints.confidence' is deprecated since 0.29.0 and will be removed in 0.32.0. Use 'KeyPoints.keypoint_confidence' instead.
  warn_deprecated(
/usr/local/lib/python3.12/dist-packages/supervision/key_points/core.py:308: SupervisionWarnings: 'KeyPoints.confidence' is deprecated since 0.29.0 and will be removed in 0.32.0. Use 'KeyPoints.keypoint_confidence' instead.
  warn_deprecated(
/usr/local/lib/python3.12/dist-packages/supervision/key_points/core.py:308: SupervisionWarnings: 'KeyPoints.confidence' is deprecated since 0.29.0 and will be removed in 0.32.0. Use 'KeyPoints.keypoint_confidence' instead.
  warn_deprecated(
/usr/local/lib/python3.12/dist-packages/supervision/key_points/core.py:308: SupervisionWarnings: 'KeyPoints.confidence' is deprecated since 0.29.0 and will be removed in 0.32.0. Use 'KeyPoints.keypoint_confidence' instead.
  warn_deprecated(
/usr/local/lib/python3.12/dist-packages/supervision/key_points/core.py:308: SupervisionWarnings: 'KeyPoints.confidence' is deprecated since 0.29.0 and will be removed in 0.32.0. Use 'KeyPoints.keypoint_confidence' instead.
  warn_deprecated(
 37%|███▋      | 281/750 [04:48<06:34,  1.19it/s]/usr/local/lib/python3.12/dist-packages/supervision/key_points/core.py:316: SupervisionWarnings: 'KeyPoints.confidence' is deprecated since 0.29.0 and will be removed in 0.32.0. Use 'KeyPoints.keypoint_confidence' instead.
  warn_deprecated(
/usr/local/lib/python3.12/dist-packages/supervision/key_points/core.py:308: SupervisionWarnings: 'KeyPoints.confidence' is deprecated since 0.29.0 and will be removed in 0.32.0. Use 'KeyPoints.keypoint_confidence' instead.
  warn_deprecated(
/usr/local/lib/python3.12/dist-packages/supervision/key_points/core.py:308: SupervisionWarnings: 'KeyPoints.confidence' is deprecated since 0.29.0 and will be removed in 0.32.0. Use 'KeyPoints.keypoint_confidence' instead.
  warn_deprecated(
/usr/local/lib/python3.12/dist-packages/supervision/key_points/core.py:308: SupervisionWarnings: 'KeyPoints.confidence' is deprecated since 0.29.0 and will be removed in 0.32.0. Use 'KeyPoints.keypoint_confidence' instead.
  warn_deprecated(
/usr/local/lib/python3.12/dist-packages/supervision/key_points/core.py:308: SupervisionWarnings: 'KeyPoints.confidence' is deprecated since 0.29.0 and will be removed in 0.32.0. Use 'KeyPoints.keypoint_confidence' instead.
  warn_deprecated(
 38%|███▊      | 282/750 [04:49<06:25,  1.21it/s]/usr/local/lib/python3.12/dist-packages/supervision/key_points/core.py:316: SupervisionWarnings: 'KeyPoints.confidence' is deprecated since 0.29.0 and will be removed in 0.32.0. Use 'KeyPoints.keypoint_confidence' instead.
  warn_deprecated(
/usr/local/lib/python3.12/dist-packages/supervision/key_points/core.py:308: SupervisionWarnings: 'KeyPoints.confidence' is deprecated since 0.29.0 and will be removed in 0.32.0. Use 'KeyPoints.keypoint_confidence' instead.
  warn_deprecated(
/usr/local/lib/python3.12/dist-packages/supervision/key_points/core.py:308: SupervisionWarnings: 'KeyPoints.confidence' is deprecated since 0.29.0 and will be removed in 0.32.0. Use 'KeyPoints.keypoint_confidence' instead.
  warn_deprecated(
/usr/local/lib/python3.12/dist-packages/supervision/key_points/core.py:308: SupervisionWarnings: 'KeyPoints.confidence' is deprecated since 0.29.0 and will be removed in 0.32.0. Use 'KeyPoints.keypoint_confidence' instead.
  warn_deprecated(
/usr/local/lib/python3.12/dist-packages/supervision/key_points/core.py:308: SupervisionWarnings: 'KeyPoints.confidence' is deprecated since 0.29.0 and will be removed in 0.32.0. Use 'KeyPoints.keypoint_confidence' instead.
  warn_deprecated(
 38%|███▊      | 283/750 [04:50<06:15,  1.24it/s]/usr/local/lib/python3.12/dist-packages/supervision/key_points/core.py:316: SupervisionWarnings: 'KeyPoints.confidence' is deprecated since 0.29.0 and will be removed in 0.32.0. Use 'KeyPoints.keypoint_confidence' instead.
  warn_deprecated(
/usr/local/lib/python3.12/dist-packages/supervision/key_points/core.py:308: SupervisionWarnings: 'KeyPoints.confidence' is deprecated since 0.29.0 and will be removed in 0.32.0. Use 'KeyPoints.keypoint_confidence' instead.
  warn_deprecated(
/usr/local/lib/python3.12/dist-packages/supervision/key_points/core.py:308: SupervisionWarnings: 'KeyPoints.confidence' is deprecated since 0.29.0 and will be removed in 0.32.0. Use 'KeyPoints.keypoint_confidence' instead.
  warn_deprecated(
/usr/local/lib/python3.12/dist-packages/supervision/key_points/core.py:308: SupervisionWarnings: 'KeyPoints.confidence' is deprecated since 0.29.0 and will be removed in 0.32.0. Use 'KeyPoints.keypoint_confidence' instead.
  warn_deprecated(
/usr/local/lib/python3.12/dist-packages/supervision/key_points/core.py:308: SupervisionWarnings: 'KeyPoints.confidence' is deprecated since 0.29.0 and will be removed in 0.32.0. Use 'KeyPoints.keypoint_confidence' instead.
  warn_deprecated(
/usr/local/lib/python3.12/dist-packages/supervision/key_points/core.py:308: SupervisionWarnings: 'KeyPoints.confidence' is deprecated since 0.29.0 and will be removed in 0.32.0. Use 'KeyPoints.keypoint_confidence' instead.
  warn_deprecated(
/usr/local/lib/python3.12/dist-packages/supervision/key_points/core.py:308: SupervisionWarnings: 'KeyPoints.confidence' is deprecated since 0.29.0 and will be removed in 0.32.0. Use 'KeyPoints.keypoint_confidence' instead.
  warn_deprecated(
/usr/local/lib/python3.12/dist-packages/supervision/key_points/core.py:308: SupervisionWarnings: 'KeyPoints.confidence' is deprecated since 0.29.0 and will be removed in 0.32.0. Use 'KeyPoints.keypoint_confidence' instead.
  warn_deprecated(
 38%|███▊      | 284/750 [04:51<06:10,  1.26it/s]/usr/local/lib/python3.12/dist-packages/supervision/key_points/core.py:316: SupervisionWarnings: 'KeyPoints.confidence' is deprecated since 0.29.0 and will be removed in 0.32.0. Use 'KeyPoints.keypoint_confidence' instead.
  warn_deprecated(
/usr/local/lib/python3.12/dist-packages/supervision/key_points/core.py:308: SupervisionWarnings: 'KeyPoints.confidence' is deprecated since 0.29.0 and will be removed in 0.32.0. Use 'KeyPoints.keypoint_confidence' instead.
  warn_deprecated(
/usr/local/lib/python3.12/dist-packages/supervision/key_points/core.py:308: SupervisionWarnings: 'KeyPoints.confidence' is deprecated since 0.29.0 and will be removed in 0.32.0. Use 'KeyPoints.keypoint_confidence' instead.
  warn_deprecated(
/usr/local/lib/python3.12/dist-packages/supervision/key_points/core.py:308: SupervisionWarnings: 'KeyPoints.confidence' is deprecated since 0.29.0 and will be removed in 0.32.0. Use 'KeyPoints.keypoint_confidence' instead.
  warn_deprecated(
/usr/local/lib/python3.12/dist-packages/supervision/key_points/core.py:308: SupervisionWarnings: 'KeyPoints.confidence' is deprecated since 0.29.0 and will be removed in 0.32.0. Use 'KeyPoints.keypoint_confidence' instead.
  warn_deprecated(
/usr/local/lib/python3.12/dist-packages/supervision/key_points/core.py:308: SupervisionWarnings: 'KeyPoints.confidence' is deprecated since 0.29.0 and will be removed in 0.32.0. Use 'KeyPoints.keypoint_confidence' instead.
  warn_deprecated(
/usr/local/lib/python3.12/dist-packages/supervision/key_points/core.py:308: SupervisionWarnings: 'KeyPoints.confidence' is deprecated since 0.29.0 and will be removed in 0.32.0. Use 'KeyPoints.keypoint_confidence' instead.
  warn_deprecated(
/usr/local/lib/python3.12/dist-packages/supervision/key_points/core.py:308: SupervisionWarnings: 'KeyPoints.confidence' is deprecated since 0.29.0 and will be removed in 0.32.0. Use 'KeyPoints.keypoint_confidence' instead.
  warn_deprecated(
 38%|███▊      | 285/750 [04:51<06:10,  1.25it/s]/usr/local/lib/python3.12/dist-packages/supervision/key_points/core.py:316: SupervisionWarnings: 'KeyPoints.confidence' is deprecated since 0.29.0 and will be removed in 0.32.0. Use 'KeyPoints.keypoint_confidence' instead.
  warn_deprecated(
/usr/local/lib/python3.12/dist-packages/supervision/key_points/core.py:308: SupervisionWarnings: 'KeyPoints.confidence' is deprecated since 0.29.0 and will be removed in 0.32.0. Use 'KeyPoints.keypoint_confidence' instead.
  warn_deprecated(
/usr/local/lib/python3.12/dist-packages/supervision/key_points/core.py:308: SupervisionWarnings: 'KeyPoints.confidence' is deprecated since 0.29.0 and will be removed in 0.32.0. Use 'KeyPoints.keypoint_confidence' instead.
  warn_deprecated(
/usr/local/lib/python3.12/dist-packages/supervision/key_points/core.py:308: SupervisionWarnings: 'KeyPoints.confidence' is deprecated since 0.29.0 and will be removed in 0.32.0. Use 'KeyPoints.keypoint_confidence' instead.
  warn_deprecated(
/usr/local/lib/python3.12/dist-packages/supervision/key_points/core.py:308: SupervisionWarnings: 'KeyPoints.confidence' is deprecated since 0.29.0 and will be removed in 0.32.0. Use 'KeyPoints.keypoint_confidence' instead.
  warn_deprecated(
/usr/local/lib/python3.12/dist-packages/supervision/key_points/core.py:308: SupervisionWarnings: 'KeyPoints.confidence' is deprecated since 0.29.0 and will be removed in 0.32.0. Use 'KeyPoints.keypoint_confidence' instead.
  warn_deprecated(
/usr/local/lib/python3.12/dist-packages/supervision/key_points/core.py:308: SupervisionWarnings: 'KeyPoints.confidence' is deprecated since 0.29.0 and will be removed in 0.32.0. Use 'KeyPoints.keypoint_confidence' instead.
  warn_deprecated(
/usr/local/lib/python3.12/dist-packages/supervision/key_points/core.py:308: SupervisionWarnings: 'KeyPoints.confidence' is deprecated since 0.29.0 and will be removed in 0.32.0. Use 'KeyPoints.keypoint_confidence' instead.
  warn_deprecated(
 38%|███▊      | 286/750 [04:52<06:38,  1.17it/s]/usr/local/lib/python3.12/dist-packages/supervision/key_points/core.py:316: SupervisionWarnings: 'KeyPoints.confidence' is deprecated since 0.29.0 and will be removed in 0.32.0. Use 'KeyPoints.keypoint_confidence' instead.
  warn_deprecated(
/usr/local/lib/python3.12/dist-packages/supervision/key_points/core.py:308: SupervisionWarnings: 'KeyPoints.confidence' is deprecated since 0.29.0 and will be removed in 0.32.0. Use 'KeyPoints.keypoint_confidence' instead.
  warn_deprecated(
/usr/local/lib/python3.12/dist-packages/supervision/key_points/core.py:308: SupervisionWarnings: 'KeyPoints.confidence' is deprecated since 0.29.0 and will be removed in 0.32.0. Use 'KeyPoints.keypoint_confidence' instead.
  warn_deprecated(
/usr/local/lib/python3.12/dist-packages/supervision/key_points/core.py:308: SupervisionWarnings: 'KeyPoints.confidence' is deprecated since 0.29.0 and will be removed in 0.32.0. Use 'KeyPoints.keypoint_confidence' instead.
  warn_deprecated(
/usr/local/lib/python3.12/dist-packages/supervision/key_points/core.py:308: SupervisionWarnings: 'KeyPoints.confidence' is deprecated since 0.29.0 and will be removed in 0.32.0. Use 'KeyPoints.keypoint_confidence' instead.
  warn_deprecated(
/usr/local/lib/python3.12/dist-packages/supervision/key_points/core.py:308: SupervisionWarnings: 'KeyPoints.confidence' is deprecated since 0.29.0 and will be removed in 0.32.0. Use 'KeyPoints.keypoint_confidence' instead.
  warn_deprecated(
/usr/local/lib/python3.12/dist-packages/supervision/key_points/core.py:308: SupervisionWarnings: 'KeyPoints.confidence' is deprecated since 0.29.0 and will be removed in 0.32.0. Use 'KeyPoints.keypoint_confidence' instead.
  warn_deprecated(
/usr/local/lib/python3.12/dist-packages/supervision/key_points/core.py:308: SupervisionWarnings: 'KeyPoints.confidence' is deprecated since 0.29.0 and will be removed in 0.32.0. Use 'KeyPoints.keypoint_confidence' instead.
  warn_deprecated(
 38%|███▊      | 287/750 [04:54<08:04,  1.05s/it]/usr/local/lib/python3.12/dist-packages/supervision/key_points/core.py:316: SupervisionWarnings: 'KeyPoints.confidence' is deprecated since 0.29.0 and will be removed in 0.32.0. Use 'KeyPoints.keypoint_confidence' instead.
  warn_deprecated(
/usr/local/lib/python3.12/dist-packages/supervision/key_points/core.py:308: SupervisionWarnings: 'KeyPoints.confidence' is deprecated since 0.29.0 and will be removed in 0.32.0. Use 'KeyPoints.keypoint_confidence' instead.
  warn_deprecated(
/usr/local/lib/python3.12/dist-packages/supervision/key_points/core.py:308: SupervisionWarnings: 'KeyPoints.confidence' is deprecated since 0.29.0 and will be removed in 0.32.0. Use 'KeyPoints.keypoint_confidence' instead.
  warn_deprecated(
/usr/local/lib/python3.12/dist-packages/supervision/key_points/core.py:308: SupervisionWarnings: 'KeyPoints.confidence' is deprecated since 0.29.0 and will be removed in 0.32.0. Use 'KeyPoints.keypoint_confidence' instead.
  warn_deprecated(
/usr/local/lib/python3.12/dist-packages/supervision/key_points/core.py:308: SupervisionWarnings: 'KeyPoints.confidence' is deprecated since 0.29.0 and will be removed in 0.32.0. Use 'KeyPoints.keypoint_confidence' instead.
  warn_deprecated(
/usr/local/lib/python3.12/dist-packages/supervision/key_points/core.py:308: SupervisionWarnings: 'KeyPoints.confidence' is deprecated since 0.29.0 and will be removed in 0.32.0. Use 'KeyPoints.keypoint_confidence' instead.
  warn_deprecated(
/usr/local/lib/python3.12/dist-packages/supervision/key_points/core.py:308: SupervisionWarnings: 'KeyPoints.confidence' is deprecated since 0.29.0 and will be removed in 0.32.0. Use 'KeyPoints.keypoint_confidence' instead.
  warn_deprecated(
/usr/local/lib/python3.12/dist-packages/supervision/key_points/core.py:308: SupervisionWarnings: 'KeyPoints.confidence' is deprecated since 0.29.0 and will be removed in 0.32.0. Use 'KeyPoints.keypoint_confidence' instead.
  warn_deprecated(
 38%|███▊      | 288/750 [04:55<08:03,  1.05s/it]/usr/local/lib/python3.12/dist-packages/supervision/key_points/core.py:316: SupervisionWarnings: 'KeyPoints.confidence' is deprecated since 0.29.0 and will be removed in 0.32.0. Use 'KeyPoints.keypoint_confidence' instead.
  warn_deprecated(
/usr/local/lib/python3.12/dist-packages/supervision/key_points/core.py:308: SupervisionWarnings: 'KeyPoints.confidence' is deprecated since 0.29.0 and will be removed in 0.32.0. Use 'KeyPoints.keypoint_confidence' instead.
  warn_deprecated(
/usr/local/lib/python3.12/dist-packages/supervision/key_points/core.py:308: SupervisionWarnings: 'KeyPoints.confidence' is deprecated since 0.29.0 and will be removed in 0.32.0. Use 'KeyPoints.keypoint_confidence' instead.
  warn_deprecated(
/usr/local/lib/python3.12/dist-packages/supervision/key_points/core.py:308: SupervisionWarnings: 'KeyPoints.confidence' is deprecated since 0.29.0 and will be removed in 0.32.0. Use 'KeyPoints.keypoint_confidence' instead.
  warn_deprecated(
/usr/local/lib/python3.12/dist-packages/supervision/key_points/core.py:308: SupervisionWarnings: 'KeyPoints.confidence' is deprecated since 0.29.0 and will be removed in 0.32.0. Use 'KeyPoints.keypoint_confidence' instead.
  warn_deprecated(
/usr/local/lib/python3.12/dist-packages/supervision/key_points/core.py:308: SupervisionWarnings: 'KeyPoints.confidence' is deprecated since 0.29.0 and will be removed in 0.32.0. Use 'KeyPoints.keypoint_confidence' instead.
  warn_deprecated(
/usr/local/lib/python3.12/dist-packages/supervision/key_points/core.py:308: SupervisionWarnings: 'KeyPoints.confidence' is deprecated since 0.29.0 and will be removed in 0.32.0. Use 'KeyPoints.keypoint_confidence' instead.
  warn_deprecated(
/usr/local/lib/python3.12/dist-packages/supervision/key_points/core.py:308: SupervisionWarnings: 'KeyPoints.confidence' is deprecated since 0.29.0 and will be removed in 0.32.0. Use 'KeyPoints.keypoint_confidence' instead.
  warn_deprecated(
 39%|███▊      | 289/750 [04:56<07:51,  1.02s/it]/usr/local/lib/python3.12/dist-packages/supervision/key_points/core.py:316: SupervisionWarnings: 'KeyPoints.confidence' is deprecated since 0.29.0 and will be removed in 0.32.0. Use 'KeyPoints.keypoint_confidence' instead.
  warn_deprecated(
/usr/local/lib/python3.12/dist-packages/supervision/key_points/core.py:308: SupervisionWarnings: 'KeyPoints.confidence' is deprecated since 0.29.0 and will be removed in 0.32.0. Use 'KeyPoints.keypoint_confidence' instead.
  warn_deprecated(
/usr/local/lib/python3.12/dist-packages/supervision/key_points/core.py:308: SupervisionWarnings: 'KeyPoints.confidence' is deprecated since 0.29.0 and will be removed in 0.32.0. Use 'KeyPoints.keypoint_confidence' instead.
  warn_deprecated(
/usr/local/lib/python3.12/dist-packages/supervision/key_points/core.py:308: SupervisionWarnings: 'KeyPoints.confidence' is deprecated since 0.29.0 and will be removed in 0.32.0. Use 'KeyPoints.keypoint_confidence' instead.
  warn_deprecated(
/usr/local/lib/python3.12/dist-packages/supervision/key_points/core.py:308: SupervisionWarnings: 'KeyPoints.confidence' is deprecated since 0.29.0 and will be removed in 0.32.0. Use 'KeyPoints.keypoint_confidence' instead.
  warn_deprecated(
 39%|███▊      | 290/750 [04:57<07:15,  1.06it/s]/usr/local/lib/python3.12/dist-packages/supervision/key_points/core.py:316: SupervisionWarnings: 'KeyPoints.confidence' is deprecated since 0.29.0 and will be removed in 0.32.0. Use 'KeyPoints.keypoint_confidence' instead.
  warn_deprecated(
/usr/local/lib/python3.12/dist-packages/supervision/key_points/core.py:308: SupervisionWarnings: 'KeyPoints.confidence' is deprecated since 0.29.0 and will be removed in 0.32.0. Use 'KeyPoints.keypoint_confidence' instead.
  warn_deprecated(
/usr/local/lib/python3.12/dist-packages/supervision/key_points/core.py:308: SupervisionWarnings: 'KeyPoints.confidence' is deprecated since 0.29.0 and will be removed in 0.32.0. Use 'KeyPoints.keypoint_confidence' instead.
  warn_deprecated(
/usr/local/lib/python3.12/dist-packages/supervision/key_points/core.py:308: SupervisionWarnings: 'KeyPoints.confidence' is deprecated since 0.29.0 and will be removed in 0.32.0. Use 'KeyPoints.keypoint_confidence' instead.
  warn_deprecated(
/usr/local/lib/python3.12/dist-packages/supervision/key_points/core.py:308: SupervisionWarnings: 'KeyPoints.confidence' is deprecated since 0.29.0 and will be removed in 0.32.0. Use 'KeyPoints.keypoint_confidence' instead.
  warn_deprecated(
 39%|███▉      | 291/750 [04:57<06:50,  1.12it/s]/usr/local/lib/python3.12/dist-packages/supervision/key_points/core.py:316: SupervisionWarnings: 'KeyPoints.confidence' is deprecated since 0.29.0 and will be removed in 0.32.0. Use 'KeyPoints.keypoint_confidence' instead.
  warn_deprecated(
/usr/local/lib/python3.12/dist-packages/supervision/key_points/core.py:308: SupervisionWarnings: 'KeyPoints.confidence' is deprecated since 0.29.0 and will be removed in 0.32.0. Use 'KeyPoints.keypoint_confidence' instead.
  warn_deprecated(
/usr/local/lib/python3.12/dist-packages/supervision/key_points/core.py:308: SupervisionWarnings: 'KeyPoints.confidence' is deprecated since 0.29.0 and will be removed in 0.32.0. Use 'KeyPoints.keypoint_confidence' instead.
  warn_deprecated(
/usr/local/lib/python3.12/dist-packages/supervision/key_points/core.py:308: SupervisionWarnings: 'KeyPoints.confidence' is deprecated since 0.29.0 and will be removed in 0.32.0. Use 'KeyPoints.keypoint_confidence' instead.
  warn_deprecated(
/usr/local/lib/python3.12/dist-packages/supervision/key_points/core.py:308: SupervisionWarnings: 'KeyPoints.confidence' is deprecated since 0.29.0 and will be removed in 0.32.0. Use 'KeyPoints.keypoint_confidence' instead.
  warn_deprecated(
 39%|███▉      | 292/750 [04:58<06:32,  1.17it/s]/usr/local/lib/python3.12/dist-packages/supervision/key_points/core.py:316: SupervisionWarnings: 'KeyPoints.confidence' is deprecated since 0.29.0 and will be removed in 0.32.0. Use 'KeyPoints.keypoint_confidence' instead.
  warn_deprecated(
/usr/local/lib/python3.12/dist-packages/supervision/key_points/core.py:308: SupervisionWarnings: 'KeyPoints.confidence' is deprecated since 0.29.0 and will be removed in 0.32.0. Use 'KeyPoints.keypoint_confidence' instead.
  warn_deprecated(
/usr/local/lib/python3.12/dist-packages/supervision/key_points/core.py:308: SupervisionWarnings: 'KeyPoints.confidence' is deprecated since 0.29.0 and will be removed in 0.32.0. Use 'KeyPoints.keypoint_confidence' instead.
  warn_deprecated(
/usr/local/lib/python3.12/dist-packages/supervision/key_points/core.py:308: SupervisionWarnings: 'KeyPoints.confidence' is deprecated since 0.29.0 and will be removed in 0.32.0. Use 'KeyPoints.keypoint_confidence' instead.
  warn_deprecated(
/usr/local/lib/python3.12/dist-packages/supervision/key_points/core.py:308: SupervisionWarnings: 'KeyPoints.confidence' is deprecated since 0.29.0 and will be removed in 0.32.0. Use 'KeyPoints.keypoint_confidence' instead.
  warn_deprecated(
 39%|███▉      | 293/750 [04:59<06:18,  1.21it/s]/usr/local/lib/python3.12/dist-packages/supervision/key_points/core.py:316: SupervisionWarnings: 'KeyPoints.confidence' is deprecated since 0.29.0 and will be removed in 0.32.0. Use 'KeyPoints.keypoint_confidence' instead.
  warn_deprecated(
/usr/local/lib/python3.12/dist-packages/supervision/key_points/core.py:308: SupervisionWarnings: 'KeyPoints.confidence' is deprecated since 0.29.0 and will be removed in 0.32.0. Use 'KeyPoints.keypoint_confidence' instead.
  warn_deprecated(
/usr/local/lib/python3.12/dist-packages/supervision/key_points/core.py:308: SupervisionWarnings: 'KeyPoints.confidence' is deprecated since 0.29.0 and will be removed in 0.32.0. Use 'KeyPoints.keypoint_confidence' instead.
  warn_deprecated(
/usr/local/lib/python3.12/dist-packages/supervision/key_points/core.py:308: SupervisionWarnings: 'KeyPoints.confidence' is deprecated since 0.29.0 and will be removed in 0.32.0. Use 'KeyPoints.keypoint_confidence' instead.
  warn_deprecated(
/usr/local/lib/python3.12/dist-packages/supervision/key_points/core.py:308: SupervisionWarnings: 'KeyPoints.confidence' is deprecated since 0.29.0 and will be removed in 0.32.0. Use 'KeyPoints.keypoint_confidence' instead.
  warn_deprecated(
 39%|███▉      | 294/750 [05:00<07:11,  1.06it/s]/usr/local/lib/python3.12/dist-packages/supervision/key_points/core.py:316: SupervisionWarnings: 'KeyPoints.confidence' is deprecated since 0.29.0 and will be removed in 0.32.0. Use 'KeyPoints.keypoint_confidence' instead.
  warn_deprecated(
/usr/local/lib/python3.12/dist-packages/supervision/key_points/core.py:308: SupervisionWarnings: 'KeyPoints.confidence' is deprecated since 0.29.0 and will be removed in 0.32.0. Use 'KeyPoints.keypoint_confidence' instead.
  warn_deprecated(
/usr/local/lib/python3.12/dist-packages/supervision/key_points/core.py:308: SupervisionWarnings: 'KeyPoints.confidence' is deprecated since 0.29.0 and will be removed in 0.32.0. Use 'KeyPoints.keypoint_confidence' instead.
  warn_deprecated(
/usr/local/lib/python3.12/dist-packages/supervision/key_points/core.py:308: SupervisionWarnings: 'KeyPoints.confidence' is deprecated since 0.29.0 and will be removed in 0.32.0. Use 'KeyPoints.keypoint_confidence' instead.
  warn_deprecated(
/usr/local/lib/python3.12/dist-packages/supervision/key_points/core.py:308: SupervisionWarnings: 'KeyPoints.confidence' is deprecated since 0.29.0 and will be removed in 0.32.0. Use 'KeyPoints.keypoint_confidence' instead.
  warn_deprecated(
 39%|███▉      | 295/750 [05:01<06:50,  1.11it/s]/usr/local/lib/python3.12/dist-packages/supervision/key_points/core.py:316: SupervisionWarnings: 'KeyPoints.confidence' is deprecated since 0.29.0 and will be removed in 0.32.0. Use 'KeyPoints.keypoint_confidence' instead.
  warn_deprecated(
/usr/local/lib/python3.12/dist-packages/supervision/key_points/core.py:308: SupervisionWarnings: 'KeyPoints.confidence' is deprecated since 0.29.0 and will be removed in 0.32.0. Use 'KeyPoints.keypoint_confidence' instead.
  warn_deprecated(
/usr/local/lib/python3.12/dist-packages/supervision/key_points/core.py:308: SupervisionWarnings: 'KeyPoints.confidence' is deprecated since 0.29.0 and will be removed in 0.32.0. Use 'KeyPoints.keypoint_confidence' instead.
  warn_deprecated(
/usr/local/lib/python3.12/dist-packages/supervision/key_points/core.py:308: SupervisionWarnings: 'KeyPoints.confidence' is deprecated since 0.29.0 and will be removed in 0.32.0. Use 'KeyPoints.keypoint_confidence' instead.
  warn_deprecated(
/usr/local/lib/python3.12/dist-packages/supervision/key_points/core.py:308: SupervisionWarnings: 'KeyPoints.confidence' is deprecated since 0.29.0 and will be removed in 0.32.0. Use 'KeyPoints.keypoint_confidence' instead.
  warn_deprecated(
 39%|███▉      | 296/750 [05:02<06:31,  1.16it/s]/usr/local/lib/python3.12/dist-packages/supervision/key_points/core.py:316: SupervisionWarnings: 'KeyPoints.confidence' is deprecated since 0.29.0 and will be removed in 0.32.0. Use 'KeyPoints.keypoint_confidence' instead.
  warn_deprecated(
/usr/local/lib/python3.12/dist-packages/supervision/key_points/core.py:308: SupervisionWarnings: 'KeyPoints.confidence' is deprecated since 0.29.0 and will be removed in 0.32.0. Use 'KeyPoints.keypoint_confidence' instead.
  warn_deprecated(
/usr/local/lib/python3.12/dist-packages/supervision/key_points/core.py:308: SupervisionWarnings: 'KeyPoints.confidence' is deprecated since 0.29.0 and will be removed in 0.32.0. Use 'KeyPoints.keypoint_confidence' instead.
  warn_deprecated(
/usr/local/lib/python3.12/dist-packages/supervision/key_points/core.py:308: SupervisionWarnings: 'KeyPoints.confidence' is deprecated since 0.29.0 and will be removed in 0.32.0. Use 'KeyPoints.keypoint_confidence' instead.
  warn_deprecated(
/usr/local/lib/python3.12/dist-packages/supervision/key_points/core.py:308: SupervisionWarnings: 'KeyPoints.confidence' is deprecated since 0.29.0 and will be removed in 0.32.0. Use 'KeyPoints.keypoint_confidence' instead.
  warn_deprecated(
 40%|███▉      | 297/750 [05:02<06:19,  1.19it/s]/usr/local/lib/python3.12/dist-packages/supervision/key_points/core.py:316: SupervisionWarnings: 'KeyPoints.confidence' is deprecated since 0.29.0 and will be removed in 0.32.0. Use 'KeyPoints.keypoint_confidence' instead.
  warn_deprecated(
/usr/local/lib/python3.12/dist-packages/supervision/key_points/core.py:308: SupervisionWarnings: 'KeyPoints.confidence' is deprecated since 0.29.0 and will be removed in 0.32.0. Use 'KeyPoints.keypoint_confidence' instead.
  warn_deprecated(
/usr/local/lib/python3.12/dist-packages/supervision/key_points/core.py:308: SupervisionWarnings: 'KeyPoints.confidence' is deprecated since 0.29.0 and will be removed in 0.32.0. Use 'KeyPoints.keypoint_confidence' instead.
  warn_deprecated(
/usr/local/lib/python3.12/dist-packages/supervision/key_points/core.py:308: SupervisionWarnings: 'KeyPoints.confidence' is deprecated since 0.29.0 and will be removed in 0.32.0. Use 'KeyPoints.keypoint_confidence' instead.
  warn_deprecated(
/usr/local/lib/python3.12/dist-packages/supervision/key_points/core.py:308: SupervisionWarnings: 'KeyPoints.confidence' is deprecated since 0.29.0 and will be removed in 0.32.0. Use 'KeyPoints.keypoint_confidence' instead.
  warn_deprecated(
 40%|███▉      | 298/750 [05:03<06:07,  1.23it/s]/usr/local/lib/python3.12/dist-packages/supervision/key_points/core.py:316: SupervisionWarnings: 'KeyPoints.confidence' is deprecated since 0.29.0 and will be removed in 0.32.0. Use 'KeyPoints.keypoint_confidence' instead.
  warn_deprecated(
/usr/local/lib/python3.12/dist-packages/supervision/key_points/core.py:308: SupervisionWarnings: 'KeyPoints.confidence' is deprecated since 0.29.0 and will be removed in 0.32.0. Use 'KeyPoints.keypoint_confidence' instead.
  warn_deprecated(
/usr/local/lib/python3.12/dist-packages/supervision/key_points/core.py:308: SupervisionWarnings: 'KeyPoints.confidence' is deprecated since 0.29.0 and will be removed in 0.32.0. Use 'KeyPoints.keypoint_confidence' instead.
  warn_deprecated(
/usr/local/lib/python3.12/dist-packages/supervision/key_points/core.py:308: SupervisionWarnings: 'KeyPoints.confidence' is deprecated since 0.29.0 and will be removed in 0.32.0. Use 'KeyPoints.keypoint_confidence' instead.
  warn_deprecated(
/usr/local/lib/python3.12/dist-packages/supervision/key_points/core.py:308: SupervisionWarnings: 'KeyPoints.confidence' is deprecated since 0.29.0 and will be removed in 0.32.0. Use 'KeyPoints.keypoint_confidence' instead.
  warn_deprecated(
 40%|███▉      | 299/750 [05:04<06:01,  1.25it/s]/usr/local/lib/python3.12/dist-packages/supervision/key_points/core.py:316: SupervisionWarnings: 'KeyPoints.confidence' is deprecated since 0.29.0 and will be removed in 0.32.0. Use 'KeyPoints.keypoint_confidence' instead.
  warn_deprecated(
/usr/local/lib/python3.12/dist-packages/supervision/key_points/core.py:308: SupervisionWarnings: 'KeyPoints.confidence' is deprecated since 0.29.0 and will be removed in 0.32.0. Use 'KeyPoints.keypoint_confidence' instead.
  warn_deprecated(
/usr/local/lib/python3.12/dist-packages/supervision/key_points/core.py:308: SupervisionWarnings: 'KeyPoints.confidence' is deprecated since 0.29.0 and will be removed in 0.32.0. Use 'KeyPoints.keypoint_confidence' instead.
  warn_deprecated(
/usr/local/lib/python3.12/dist-packages/supervision/key_points/core.py:308: SupervisionWarnings: 'KeyPoints.confidence' is deprecated since 0.29.0 and will be removed in 0.32.0. Use 'KeyPoints.keypoint_confidence' instead.
  warn_deprecated(
/usr/local/lib/python3.12/dist-packages/supervision/key_points/core.py:308: SupervisionWarnings: 'KeyPoints.confidence' is deprecated since 0.29.0 and will be removed in 0.32.0. Use 'KeyPoints.keypoint_confidence' instead.
  warn_deprecated(
 40%|████      | 300/750 [05:05<05:55,  1.27it/s]/usr/local/lib/python3.12/dist-packages/supervision/key_points/core.py:316: SupervisionWarnings: 'KeyPoints.confidence' is deprecated since 0.29.0 and will be removed in 0.32.0. Use 'KeyPoints.keypoint_confidence' instead.
  warn_deprecated(
/usr/local/lib/python3.12/dist-packages/supervision/key_points/core.py:308: SupervisionWarnings: 'KeyPoints.confidence' is deprecated since 0.29.0 and will be removed in 0.32.0. Use 'KeyPoints.keypoint_confidence' instead.
  warn_deprecated(
/usr/local/lib/python3.12/dist-packages/supervision/key_points/core.py:308: SupervisionWarnings: 'KeyPoints.confidence' is deprecated since 0.29.0 and will be removed in 0.32.0. Use 'KeyPoints.keypoint_confidence' instead.
  warn_deprecated(
/usr/local/lib/python3.12/dist-packages/supervision/key_points/core.py:308: SupervisionWarnings: 'KeyPoints.confidence' is deprecated since 0.29.0 and will be removed in 0.32.0. Use 'KeyPoints.keypoint_confidence' instead.
  warn_deprecated(
/usr/local/lib/python3.12/dist-packages/supervision/key_points/core.py:308: SupervisionWarnings: 'KeyPoints.confidence' is deprecated since 0.29.0 and will be removed in 0.32.0. Use 'KeyPoints.keypoint_confidence' instead.
  warn_deprecated(
 40%|████      | 301/750 [05:06<05:51,  1.28it/s]/usr/local/lib/python3.12/dist-packages/supervision/key_points/core.py:316: SupervisionWarnings: 'KeyPoints.confidence' is deprecated since 0.29.0 and will be removed in 0.32.0. Use 'KeyPoints.keypoint_confidence' instead.
  warn_deprecated(
/usr/local/lib/python3.12/dist-packages/supervision/key_points/core.py:308: SupervisionWarnings: 'KeyPoints.confidence' is deprecated since 0.29.0 and will be removed in 0.32.0. Use 'KeyPoints.keypoint_confidence' instead.
  warn_deprecated(
/usr/local/lib/python3.12/dist-packages/supervision/key_points/core.py:308: SupervisionWarnings: 'KeyPoints.confidence' is deprecated since 0.29.0 and will be removed in 0.32.0. Use 'KeyPoints.keypoint_confidence' instead.
  warn_deprecated(
/usr/local/lib/python3.12/dist-packages/supervision/key_points/core.py:308: SupervisionWarnings: 'KeyPoints.confidence' is deprecated since 0.29.0 and will be removed in 0.32.0. Use 'KeyPoints.keypoint_confidence' instead.
  warn_deprecated(
/usr/local/lib/python3.12/dist-packages/supervision/key_points/core.py:308: SupervisionWarnings: 'KeyPoints.confidence' is deprecated since 0.29.0 and will be removed in 0.32.0. Use 'KeyPoints.keypoint_confidence' instead.
  warn_deprecated(
 40%|████      | 302/750 [05:06<05:56,  1.26it/s]/usr/local/lib/python3.12/dist-packages/supervision/key_points/core.py:316: SupervisionWarnings: 'KeyPoints.confidence' is deprecated since 0.29.0 and will be removed in 0.32.0. Use 'KeyPoints.keypoint_confidence' instead.
  warn_deprecated(
/usr/local/lib/python3.12/dist-packages/supervision/key_points/core.py:308: SupervisionWarnings: 'KeyPoints.confidence' is deprecated since 0.29.0 and will be removed in 0.32.0. Use 'KeyPoints.keypoint_confidence' instead.
  warn_deprecated(
/usr/local/lib/python3.12/dist-packages/supervision/key_points/core.py:308: SupervisionWarnings: 'KeyPoints.confidence' is deprecated since 0.29.0 and will be removed in 0.32.0. Use 'KeyPoints.keypoint_confidence' instead.
  warn_deprecated(
/usr/local/lib/python3.12/dist-packages/supervision/key_points/core.py:308: SupervisionWarnings: 'KeyPoints.confidence' is deprecated since 0.29.0 and will be removed in 0.32.0. Use 'KeyPoints.keypoint_confidence' instead.
  warn_deprecated(
/usr/local/lib/python3.12/dist-packages/supervision/key_points/core.py:308: SupervisionWarnings: 'KeyPoints.confidence' is deprecated since 0.29.0 and will be removed in 0.32.0. Use 'KeyPoints.keypoint_confidence' instead.
  warn_deprecated(
 40%|████      | 303/750 [05:07<06:13,  1.20it/s]/usr/local/lib/python3.12/dist-packages/supervision/key_points/core.py:316: SupervisionWarnings: 'KeyPoints.confidence' is deprecated since 0.29.0 and will be removed in 0.32.0. Use 'KeyPoints.keypoint_confidence' instead.
  warn_deprecated(
/usr/local/lib/python3.12/dist-packages/supervision/key_points/core.py:308: SupervisionWarnings: 'KeyPoints.confidence' is deprecated since 0.29.0 and will be removed in 0.32.0. Use 'KeyPoints.keypoint_confidence' instead.
  warn_deprecated(
/usr/local/lib/python3.12/dist-packages/supervision/key_points/core.py:308: SupervisionWarnings: 'KeyPoints.confidence' is deprecated since 0.29.0 and will be removed in 0.32.0. Use 'KeyPoints.keypoint_confidence' instead.
  warn_deprecated(
/usr/local/lib/python3.12/dist-packages/supervision/key_points/core.py:308: SupervisionWarnings: 'KeyPoints.confidence' is deprecated since 0.29.0 and will be removed in 0.32.0. Use 'KeyPoints.keypoint_confidence' instead.
  warn_deprecated(
/usr/local/lib/python3.12/dist-packages/supervision/key_points/core.py:308: SupervisionWarnings: 'KeyPoints.confidence' is deprecated since 0.29.0 and will be removed in 0.32.0. Use 'KeyPoints.keypoint_confidence' instead.
  warn_deprecated(
 41%|████      | 304/750 [05:08<06:25,  1.16it/s]/usr/local/lib/python3.12/dist-packages/supervision/key_points/core.py:316: SupervisionWarnings: 'KeyPoints.confidence' is deprecated since 0.29.0 and will be removed in 0.32.0. Use 'KeyPoints.keypoint_confidence' instead.
  warn_deprecated(
/usr/local/lib/python3.12/dist-packages/supervision/key_points/core.py:308: SupervisionWarnings: 'KeyPoints.confidence' is deprecated since 0.29.0 and will be removed in 0.32.0. Use 'KeyPoints.keypoint_confidence' instead.
  warn_deprecated(
/usr/local/lib/python3.12/dist-packages/supervision/key_points/core.py:308: SupervisionWarnings: 'KeyPoints.confidence' is deprecated since 0.29.0 and will be removed in 0.32.0. Use 'KeyPoints.keypoint_confidence' instead.
  warn_deprecated(
/usr/local/lib/python3.12/dist-packages/supervision/key_points/core.py:308: SupervisionWarnings: 'KeyPoints.confidence' is deprecated since 0.29.0 and will be removed in 0.32.0. Use 'KeyPoints.keypoint_confidence' instead.
  warn_deprecated(
/usr/local/lib/python3.12/dist-packages/supervision/key_points/core.py:308: SupervisionWarnings: 'KeyPoints.confidence' is deprecated since 0.29.0 and will be removed in 0.32.0. Use 'KeyPoints.keypoint_confidence' instead.
  warn_deprecated(
 41%|████      | 305/750 [05:09<06:35,  1.13it/s]/usr/local/lib/python3.12/dist-packages/supervision/key_points/core.py:316: SupervisionWarnings: 'KeyPoints.confidence' is deprecated since 0.29.0 and will be removed in 0.32.0. Use 'KeyPoints.keypoint_confidence' instead.
  warn_deprecated(
/usr/local/lib/python3.12/dist-packages/supervision/key_points/core.py:308: SupervisionWarnings: 'KeyPoints.confidence' is deprecated since 0.29.0 and will be removed in 0.32.0. Use 'KeyPoints.keypoint_confidence' instead.
  warn_deprecated(
/usr/local/lib/python3.12/dist-packages/supervision/key_points/core.py:308: SupervisionWarnings: 'KeyPoints.confidence' is deprecated since 0.29.0 and will be removed in 0.32.0. Use 'KeyPoints.keypoint_confidence' instead.
  warn_deprecated(
/usr/local/lib/python3.12/dist-packages/supervision/key_points/core.py:308: SupervisionWarnings: 'KeyPoints.confidence' is deprecated since 0.29.0 and will be removed in 0.32.0. Use 'KeyPoints.keypoint_confidence' instead.
  warn_deprecated(
/usr/local/lib/python3.12/dist-packages/supervision/key_points/core.py:308: SupervisionWarnings: 'KeyPoints.confidence' is deprecated since 0.29.0 and will be removed in 0.32.0. Use 'KeyPoints.keypoint_confidence' instead.
  warn_deprecated(
 41%|████      | 306/750 [05:11<07:45,  1.05s/it]/usr/local/lib/python3.12/dist-packages/supervision/key_points/core.py:316: SupervisionWarnings: 'KeyPoints.confidence' is deprecated since 0.29.0 and will be removed in 0.32.0. Use 'KeyPoints.keypoint_confidence' instead.
  warn_deprecated(
/usr/local/lib/python3.12/dist-packages/supervision/key_points/core.py:308: SupervisionWarnings: 'KeyPoints.confidence' is deprecated since 0.29.0 and will be removed in 0.32.0. Use 'KeyPoints.keypoint_confidence' instead.
  warn_deprecated(
/usr/local/lib/python3.12/dist-packages/supervision/key_points/core.py:308: SupervisionWarnings: 'KeyPoints.confidence' is deprecated since 0.29.0 and will be removed in 0.32.0. Use 'KeyPoints.keypoint_confidence' instead.
  warn_deprecated(
/usr/local/lib/python3.12/dist-packages/supervision/key_points/core.py:308: SupervisionWarnings: 'KeyPoints.confidence' is deprecated since 0.29.0 and will be removed in 0.32.0. Use 'KeyPoints.keypoint_confidence' instead.
  warn_deprecated(
/usr/local/lib/python3.12/dist-packages/supervision/key_points/core.py:308: SupervisionWarnings: 'KeyPoints.confidence' is deprecated since 0.29.0 and will be removed in 0.32.0. Use 'KeyPoints.keypoint_confidence' instead.
  warn_deprecated(
/usr/local/lib/python3.12/dist-packages/supervision/key_points/core.py:308: SupervisionWarnings: 'KeyPoints.confidence' is deprecated since 0.29.0 and will be removed in 0.32.0. Use 'KeyPoints.keypoint_confidence' instead.
  warn_deprecated(
/usr/local/lib/python3.12/dist-packages/supervision/key_points/core.py:308: SupervisionWarnings: 'KeyPoints.confidence' is deprecated since 0.29.0 and will be removed in 0.32.0. Use 'KeyPoints.keypoint_confidence' instead.
  warn_deprecated(
/usr/local/lib/python3.12/dist-packages/supervision/key_points/core.py:308: SupervisionWarnings: 'KeyPoints.confidence' is deprecated since 0.29.0 and will be removed in 0.32.0. Use 'KeyPoints.keypoint_confidence' instead.
  warn_deprecated(
 41%|████      | 307/750 [05:12<08:11,  1.11s/it]/usr/local/lib/python3.12/dist-packages/supervision/key_points/core.py:316: SupervisionWarnings: 'KeyPoints.confidence' is deprecated since 0.29.0 and will be removed in 0.32.0. Use 'KeyPoints.keypoint_confidence' instead.
  warn_deprecated(
/usr/local/lib/python3.12/dist-packages/supervision/key_points/core.py:308: SupervisionWarnings: 'KeyPoints.confidence' is deprecated since 0.29.0 and will be removed in 0.32.0. Use 'KeyPoints.keypoint_confidence' instead.
  warn_deprecated(
/usr/local/lib/python3.12/dist-packages/supervision/key_points/core.py:308: SupervisionWarnings: 'KeyPoints.confidence' is deprecated since 0.29.0 and will be removed in 0.32.0. Use 'KeyPoints.keypoint_confidence' instead.
  warn_deprecated(
/usr/local/lib/python3.12/dist-packages/supervision/key_points/core.py:308: SupervisionWarnings: 'KeyPoints.confidence' is deprecated since 0.29.0 and will be removed in 0.32.0. Use 'KeyPoints.keypoint_confidence' instead.
  warn_deprecated(
/usr/local/lib/python3.12/dist-packages/supervision/key_points/core.py:308: SupervisionWarnings: 'KeyPoints.confidence' is deprecated since 0.29.0 and will be removed in 0.32.0. Use 'KeyPoints.keypoint_confidence' instead.
  warn_deprecated(
/usr/local/lib/python3.12/dist-packages/supervision/key_points/core.py:308: SupervisionWarnings: 'KeyPoints.confidence' is deprecated since 0.29.0 and will be removed in 0.32.0. Use 'KeyPoints.keypoint_confidence' instead.
  warn_deprecated(
/usr/local/lib/python3.12/dist-packages/supervision/key_points/core.py:308: SupervisionWarnings: 'KeyPoints.confidence' is deprecated since 0.29.0 and will be removed in 0.32.0. Use 'KeyPoints.keypoint_confidence' instead.
  warn_deprecated(
/usr/local/lib/python3.12/dist-packages/supervision/key_points/core.py:308: SupervisionWarnings: 'KeyPoints.confidence' is deprecated since 0.29.0 and will be removed in 0.32.0. Use 'KeyPoints.keypoint_confidence' instead.
  warn_deprecated(
 41%|████      | 308/750 [05:13<08:21,  1.13s/it]/usr/local/lib/python3.12/dist-packages/supervision/key_points/core.py:316: SupervisionWarnings: 'KeyPoints.confidence' is deprecated since 0.29.0 and will be removed in 0.32.0. Use 'KeyPoints.keypoint_confidence' instead.
  warn_deprecated(
/usr/local/lib/python3.12/dist-packages/supervision/key_points/core.py:308: SupervisionWarnings: 'KeyPoints.confidence' is deprecated since 0.29.0 and will be removed in 0.32.0. Use 'KeyPoints.keypoint_confidence' instead.
  warn_deprecated(
/usr/local/lib/python3.12/dist-packages/supervision/key_points/core.py:308: SupervisionWarnings: 'KeyPoints.confidence' is deprecated since 0.29.0 and will be removed in 0.32.0. Use 'KeyPoints.keypoint_confidence' instead.
  warn_deprecated(
/usr/local/lib/python3.12/dist-packages/supervision/key_points/core.py:308: SupervisionWarnings: 'KeyPoints.confidence' is deprecated since 0.29.0 and will be removed in 0.32.0. Use 'KeyPoints.keypoint_confidence' instead.
  warn_deprecated(
/usr/local/lib/python3.12/dist-packages/supervision/key_points/core.py:308: SupervisionWarnings: 'KeyPoints.confidence' is deprecated since 0.29.0 and will be removed in 0.32.0. Use 'KeyPoints.keypoint_confidence' instead.
  warn_deprecated(
/usr/local/lib/python3.12/dist-packages/supervision/key_points/core.py:308: SupervisionWarnings: 'KeyPoints.confidence' is deprecated since 0.29.0 and will be removed in 0.32.0. Use 'KeyPoints.keypoint_confidence' instead.
  warn_deprecated(
/usr/local/lib/python3.12/dist-packages/supervision/key_points/core.py:308: SupervisionWarnings: 'KeyPoints.confidence' is deprecated since 0.29.0 and will be removed in 0.32.0. Use 'KeyPoints.keypoint_confidence' instead.
  warn_deprecated(
/usr/local/lib/python3.12/dist-packages/supervision/key_points/core.py:308: SupervisionWarnings: 'KeyPoints.confidence' is deprecated since 0.29.0 and will be removed in 0.32.0. Use 'KeyPoints.keypoint_confidence' instead.
  warn_deprecated(
 41%|████      | 309/750 [05:14<07:33,  1.03s/it]/usr/local/lib/python3.12/dist-packages/supervision/key_points/core.py:316: SupervisionWarnings: 'KeyPoints.confidence' is deprecated since 0.29.0 and will be removed in 0.32.0. Use 'KeyPoints.keypoint_confidence' instead.
  warn_deprecated(
/usr/local/lib/python3.12/dist-packages/supervision/key_points/core.py:308: SupervisionWarnings: 'KeyPoints.confidence' is deprecated since 0.29.0 and will be removed in 0.32.0. Use 'KeyPoints.keypoint_confidence' instead.
  warn_deprecated(
/usr/local/lib/python3.12/dist-packages/supervision/key_points/core.py:308: SupervisionWarnings: 'KeyPoints.confidence' is deprecated since 0.29.0 and will be removed in 0.32.0. Use 'KeyPoints.keypoint_confidence' instead.
  warn_deprecated(
/usr/local/lib/python3.12/dist-packages/supervision/key_points/core.py:308: SupervisionWarnings: 'KeyPoints.confidence' is deprecated since 0.29.0 and will be removed in 0.32.0. Use 'KeyPoints.keypoint_confidence' instead.
  warn_deprecated(
/usr/local/lib/python3.12/dist-packages/supervision/key_points/core.py:308: SupervisionWarnings: 'KeyPoints.confidence' is deprecated since 0.29.0 and will be removed in 0.32.0. Use 'KeyPoints.keypoint_confidence' instead.
  warn_deprecated(
/usr/local/lib/python3.12/dist-packages/supervision/key_points/core.py:308: SupervisionWarnings: 'KeyPoints.confidence' is deprecated since 0.29.0 and will be removed in 0.32.0. Use 'KeyPoints.keypoint_confidence' instead.
  warn_deprecated(
/usr/local/lib/python3.12/dist-packages/supervision/key_points/core.py:308: SupervisionWarnings: 'KeyPoints.confidence' is deprecated since 0.29.0 and will be removed in 0.32.0. Use 'KeyPoints.keypoint_confidence' instead.
  warn_deprecated(
/usr/local/lib/python3.12/dist-packages/supervision/key_points/core.py:308: SupervisionWarnings: 'KeyPoints.confidence' is deprecated since 0.29.0 and will be removed in 0.32.0. Use 'KeyPoints.keypoint_confidence' instead.
  warn_deprecated(
 41%|████▏     | 310/750 [05:15<06:55,  1.06it/s]/usr/local/lib/python3.12/dist-packages/supervision/key_points/core.py:316: SupervisionWarnings: 'KeyPoints.confidence' is deprecated since 0.29.0 and will be removed in 0.32.0. Use 'KeyPoints.keypoint_confidence' instead.
  warn_deprecated(
/usr/local/lib/python3.12/dist-packages/supervision/key_points/core.py:308: SupervisionWarnings: 'KeyPoints.confidence' is deprecated since 0.29.0 and will be removed in 0.32.0. Use 'KeyPoints.keypoint_confidence' instead.
  warn_deprecated(
/usr/local/lib/python3.12/dist-packages/supervision/key_points/core.py:308: SupervisionWarnings: 'KeyPoints.confidence' is deprecated since 0.29.0 and will be removed in 0.32.0. Use 'KeyPoints.keypoint_confidence' instead.
  warn_deprecated(
/usr/local/lib/python3.12/dist-packages/supervision/key_points/core.py:308: SupervisionWarnings: 'KeyPoints.confidence' is deprecated since 0.29.0 and will be removed in 0.32.0. Use 'KeyPoints.keypoint_confidence' instead.
  warn_deprecated(
/usr/local/lib/python3.12/dist-packages/supervision/key_points/core.py:308: SupervisionWarnings: 'KeyPoints.confidence' is deprecated since 0.29.0 and will be removed in 0.32.0. Use 'KeyPoints.keypoint_confidence' instead.
  warn_deprecated(
/usr/local/lib/python3.12/dist-packages/supervision/key_points/core.py:308: SupervisionWarnings: 'KeyPoints.confidence' is deprecated since 0.29.0 and will be removed in 0.32.0. Use 'KeyPoints.keypoint_confidence' instead.
  warn_deprecated(
/usr/local/lib/python3.12/dist-packages/supervision/key_points/core.py:308: SupervisionWarnings: 'KeyPoints.confidence' is deprecated since 0.29.0 and will be removed in 0.32.0. Use 'KeyPoints.keypoint_confidence' instead.
  warn_deprecated(
/usr/local/lib/python3.12/dist-packages/supervision/key_points/core.py:308: SupervisionWarnings: 'KeyPoints.confidence' is deprecated since 0.29.0 and will be removed in 0.32.0. Use 'KeyPoints.keypoint_confidence' instead.
  warn_deprecated(
 41%|████▏     | 311/750 [05:15<06:33,  1.11it/s]/usr/local/lib/python3.12/dist-packages/supervision/key_points/core.py:316: SupervisionWarnings: 'KeyPoints.confidence' is deprecated since 0.29.0 and will be removed in 0.32.0. Use 'KeyPoints.keypoint_confidence' instead.
  warn_deprecated(
/usr/local/lib/python3.12/dist-packages/supervision/key_points/core.py:308: SupervisionWarnings: 'KeyPoints.confidence' is deprecated since 0.29.0 and will be removed in 0.32.0. Use 'KeyPoints.keypoint_confidence' instead.
  warn_deprecated(
/usr/local/lib/python3.12/dist-packages/supervision/key_points/core.py:308: SupervisionWarnings: 'KeyPoints.confidence' is deprecated since 0.29.0 and will be removed in 0.32.0. Use 'KeyPoints.keypoint_confidence' instead.
  warn_deprecated(
/usr/local/lib/python3.12/dist-packages/supervision/key_points/core.py:308: SupervisionWarnings: 'KeyPoints.confidence' is deprecated since 0.29.0 and will be removed in 0.32.0. Use 'KeyPoints.keypoint_confidence' instead.
  warn_deprecated(
/usr/local/lib/python3.12/dist-packages/supervision/key_points/core.py:308: SupervisionWarnings: 'KeyPoints.confidence' is deprecated since 0.29.0 and will be removed in 0.32.0. Use 'KeyPoints.keypoint_confidence' instead.
  warn_deprecated(
/usr/local/lib/python3.12/dist-packages/supervision/key_points/core.py:308: SupervisionWarnings: 'KeyPoints.confidence' is deprecated since 0.29.0 and will be removed in 0.32.0. Use 'KeyPoints.keypoint_confidence' instead.
  warn_deprecated(
/usr/local/lib/python3.12/dist-packages/supervision/key_points/core.py:308: SupervisionWarnings: 'KeyPoints.confidence' is deprecated since 0.29.0 and will be removed in 0.32.0. Use 'KeyPoints.keypoint_confidence' instead.
  warn_deprecated(
/usr/local/lib/python3.12/dist-packages/supervision/key_points/core.py:308: SupervisionWarnings: 'KeyPoints.confidence' is deprecated since 0.29.0 and will be removed in 0.32.0. Use 'KeyPoints.keypoint_confidence' instead.
  warn_deprecated(
 42%|████▏     | 312/750 [05:16<06:12,  1.18it/s]/usr/local/lib/python3.12/dist-packages/supervision/key_points/core.py:316: SupervisionWarnings: 'KeyPoints.confidence' is deprecated since 0.29.0 and will be removed in 0.32.0. Use 'KeyPoints.keypoint_confidence' instead.
  warn_deprecated(
/usr/local/lib/python3.12/dist-packages/supervision/key_points/core.py:308: SupervisionWarnings: 'KeyPoints.confidence' is deprecated since 0.29.0 and will be removed in 0.32.0. Use 'KeyPoints.keypoint_confidence' instead.
  warn_deprecated(
/usr/local/lib/python3.12/dist-packages/supervision/key_points/core.py:308: SupervisionWarnings: 'KeyPoints.confidence' is deprecated since 0.29.0 and will be removed in 0.32.0. Use 'KeyPoints.keypoint_confidence' instead.
  warn_deprecated(
/usr/local/lib/python3.12/dist-packages/supervision/key_points/core.py:308: SupervisionWarnings: 'KeyPoints.confidence' is deprecated since 0.29.0 and will be removed in 0.32.0. Use 'KeyPoints.keypoint_confidence' instead.
  warn_deprecated(
/usr/local/lib/python3.12/dist-packages/supervision/key_points/core.py:308: SupervisionWarnings: 'KeyPoints.confidence' is deprecated since 0.29.0 and will be removed in 0.32.0. Use 'KeyPoints.keypoint_confidence' instead.
  warn_deprecated(
 42%|████▏     | 313/750 [05:17<06:05,  1.20it/s]/usr/local/lib/python3.12/dist-packages/supervision/key_points/core.py:316: SupervisionWarnings: 'KeyPoints.confidence' is deprecated since 0.29.0 and will be removed in 0.32.0. Use 'KeyPoints.keypoint_confidence' instead.
  warn_deprecated(
/usr/local/lib/python3.12/dist-packages/supervision/key_points/core.py:308: SupervisionWarnings: 'KeyPoints.confidence' is deprecated since 0.29.0 and will be removed in 0.32.0. Use 'KeyPoints.keypoint_confidence' instead.
  warn_deprecated(
/usr/local/lib/python3.12/dist-packages/supervision/key_points/core.py:308: SupervisionWarnings: 'KeyPoints.confidence' is deprecated since 0.29.0 and will be removed in 0.32.0. Use 'KeyPoints.keypoint_confidence' instead.
  warn_deprecated(
/usr/local/lib/python3.12/dist-packages/supervision/key_points/core.py:308: SupervisionWarnings: 'KeyPoints.confidence' is deprecated since 0.29.0 and will be removed in 0.32.0. Use 'KeyPoints.keypoint_confidence' instead.
  warn_deprecated(
/usr/local/lib/python3.12/dist-packages/supervision/key_points/core.py:308: SupervisionWarnings: 'KeyPoints.confidence' is deprecated since 0.29.0 and will be removed in 0.32.0. Use 'KeyPoints.keypoint_confidence' instead.
  warn_deprecated(
 42%|████▏     | 314/750 [05:18<05:55,  1.23it/s]/usr/local/lib/python3.12/dist-packages/supervision/key_points/core.py:316: SupervisionWarnings: 'KeyPoints.confidence' is deprecated since 0.29.0 and will be removed in 0.32.0. Use 'KeyPoints.keypoint_confidence' instead.
  warn_deprecated(
/usr/local/lib/python3.12/dist-packages/supervision/key_points/core.py:308: SupervisionWarnings: 'KeyPoints.confidence' is deprecated since 0.29.0 and will be removed in 0.32.0. Use 'KeyPoints.keypoint_confidence' instead.
  warn_deprecated(
/usr/local/lib/python3.12/dist-packages/supervision/key_points/core.py:308: SupervisionWarnings: 'KeyPoints.confidence' is deprecated since 0.29.0 and will be removed in 0.32.0. Use 'KeyPoints.keypoint_confidence' instead.
  warn_deprecated(
/usr/local/lib/python3.12/dist-packages/supervision/key_points/core.py:308: SupervisionWarnings: 'KeyPoints.confidence' is deprecated since 0.29.0 and will be removed in 0.32.0. Use 'KeyPoints.keypoint_confidence' instead.
  warn_deprecated(
/usr/local/lib/python3.12/dist-packages/supervision/key_points/core.py:308: SupervisionWarnings: 'KeyPoints.confidence' is deprecated since 0.29.0 and will be removed in 0.32.0. Use 'KeyPoints.keypoint_confidence' instead.
  warn_deprecated(
 42%|████▏     | 315/750 [05:18<05:48,  1.25it/s]/usr/local/lib/python3.12/dist-packages/supervision/key_points/core.py:316: SupervisionWarnings: 'KeyPoints.confidence' is deprecated since 0.29.0 and will be removed in 0.32.0. Use 'KeyPoints.keypoint_confidence' instead.
  warn_deprecated(
/usr/local/lib/python3.12/dist-packages/supervision/key_points/core.py:308: SupervisionWarnings: 'KeyPoints.confidence' is deprecated since 0.29.0 and will be removed in 0.32.0. Use 'KeyPoints.keypoint_confidence' instead.
  warn_deprecated(
/usr/local/lib/python3.12/dist-packages/supervision/key_points/core.py:308: SupervisionWarnings: 'KeyPoints.confidence' is deprecated since 0.29.0 and will be removed in 0.32.0. Use 'KeyPoints.keypoint_confidence' instead.
  warn_deprecated(
/usr/local/lib/python3.12/dist-packages/supervision/key_points/core.py:308: SupervisionWarnings: 'KeyPoints.confidence' is deprecated since 0.29.0 and will be removed in 0.32.0. Use 'KeyPoints.keypoint_confidence' instead.
  warn_deprecated(
/usr/local/lib/python3.12/dist-packages/supervision/key_points/core.py:308: SupervisionWarnings: 'KeyPoints.confidence' is deprecated since 0.29.0 and will be removed in 0.32.0. Use 'KeyPoints.keypoint_confidence' instead.
  warn_deprecated(
 42%|████▏     | 316/750 [05:19<05:40,  1.28it/s]/usr/local/lib/python3.12/dist-packages/supervision/key_points/core.py:316: SupervisionWarnings: 'KeyPoints.confidence' is deprecated since 0.29.0 and will be removed in 0.32.0. Use 'KeyPoints.keypoint_confidence' instead.
  warn_deprecated(
/usr/local/lib/python3.12/dist-packages/supervision/key_points/core.py:308: SupervisionWarnings: 'KeyPoints.confidence' is deprecated since 0.29.0 and will be removed in 0.32.0. Use 'KeyPoints.keypoint_confidence' instead.
  warn_deprecated(
/usr/local/lib/python3.12/dist-packages/supervision/key_points/core.py:308: SupervisionWarnings: 'KeyPoints.confidence' is deprecated since 0.29.0 and will be removed in 0.32.0. Use 'KeyPoints.keypoint_confidence' instead.
  warn_deprecated(
/usr/local/lib/python3.12/dist-packages/supervision/key_points/core.py:308: SupervisionWarnings: 'KeyPoints.confidence' is deprecated since 0.29.0 and will be removed in 0.32.0. Use 'KeyPoints.keypoint_confidence' instead.
  warn_deprecated(
/usr/local/lib/python3.12/dist-packages/supervision/key_points/core.py:308: SupervisionWarnings: 'KeyPoints.confidence' is deprecated since 0.29.0 and will be removed in 0.32.0. Use 'KeyPoints.keypoint_confidence' instead.
  warn_deprecated(
 42%|████▏     | 317/750 [05:20<05:38,  1.28it/s]/usr/local/lib/python3.12/dist-packages/supervision/key_points/core.py:316: SupervisionWarnings: 'KeyPoints.confidence' is deprecated since 0.29.0 and will be removed in 0.32.0. Use 'KeyPoints.keypoint_confidence' instead.
  warn_deprecated(
/usr/local/lib/python3.12/dist-packages/supervision/key_points/core.py:308: SupervisionWarnings: 'KeyPoints.confidence' is deprecated since 0.29.0 and will be removed in 0.32.0. Use 'KeyPoints.keypoint_confidence' instead.
  warn_deprecated(
/usr/local/lib/python3.12/dist-packages/supervision/key_points/core.py:308: SupervisionWarnings: 'KeyPoints.confidence' is deprecated since 0.29.0 and will be removed in 0.32.0. Use 'KeyPoints.keypoint_confidence' instead.
  warn_deprecated(
/usr/local/lib/python3.12/dist-packages/supervision/key_points/core.py:308: SupervisionWarnings: 'KeyPoints.confidence' is deprecated since 0.29.0 and will be removed in 0.32.0. Use 'KeyPoints.keypoint_confidence' instead.
  warn_deprecated(
/usr/local/lib/python3.12/dist-packages/supervision/key_points/core.py:308: SupervisionWarnings: 'KeyPoints.confidence' is deprecated since 0.29.0 and will be removed in 0.32.0. Use 'KeyPoints.keypoint_confidence' instead.
  warn_deprecated(
 42%|████▏     | 318/750 [05:21<05:34,  1.29it/s]/usr/local/lib/python3.12/dist-packages/supervision/key_points/core.py:316: SupervisionWarnings: 'KeyPoints.confidence' is deprecated since 0.29.0 and will be removed in 0.32.0. Use 'KeyPoints.keypoint_confidence' instead.
  warn_deprecated(
/usr/local/lib/python3.12/dist-packages/supervision/key_points/core.py:308: SupervisionWarnings: 'KeyPoints.confidence' is deprecated since 0.29.0 and will be removed in 0.32.0. Use 'KeyPoints.keypoint_confidence' instead.
  warn_deprecated(
/usr/local/lib/python3.12/dist-packages/supervision/key_points/core.py:308: SupervisionWarnings: 'KeyPoints.confidence' is deprecated since 0.29.0 and will be removed in 0.32.0. Use 'KeyPoints.keypoint_confidence' instead.
  warn_deprecated(
/usr/local/lib/python3.12/dist-packages/supervision/key_points/core.py:308: SupervisionWarnings: 'KeyPoints.confidence' is deprecated since 0.29.0 and will be removed in 0.32.0. Use 'KeyPoints.keypoint_confidence' instead.
  warn_deprecated(
/usr/local/lib/python3.12/dist-packages/supervision/key_points/core.py:308: SupervisionWarnings: 'KeyPoints.confidence' is deprecated since 0.29.0 and will be removed in 0.32.0. Use 'KeyPoints.keypoint_confidence' instead.
  warn_deprecated(
 43%|████▎     | 319/750 [05:22<05:49,  1.23it/s]/usr/local/lib/python3.12/dist-packages/supervision/key_points/core.py:316: SupervisionWarnings: 'KeyPoints.confidence' is deprecated since 0.29.0 and will be removed in 0.32.0. Use 'KeyPoints.keypoint_confidence' instead.
  warn_deprecated(
/usr/local/lib/python3.12/dist-packages/supervision/key_points/core.py:308: SupervisionWarnings: 'KeyPoints.confidence' is deprecated since 0.29.0 and will be removed in 0.32.0. Use 'KeyPoints.keypoint_confidence' instead.
  warn_deprecated(
/usr/local/lib/python3.12/dist-packages/supervision/key_points/core.py:308: SupervisionWarnings: 'KeyPoints.confidence' is deprecated since 0.29.0 and will be removed in 0.32.0. Use 'KeyPoints.keypoint_confidence' instead.
  warn_deprecated(
/usr/local/lib/python3.12/dist-packages/supervision/key_points/core.py:308: SupervisionWarnings: 'KeyPoints.confidence' is deprecated since 0.29.0 and will be removed in 0.32.0. Use 'KeyPoints.keypoint_confidence' instead.
  warn_deprecated(
/usr/local/lib/python3.12/dist-packages/supervision/key_points/core.py:308: SupervisionWarnings: 'KeyPoints.confidence' is deprecated since 0.29.0 and will be removed in 0.32.0. Use 'KeyPoints.keypoint_confidence' instead.
  warn_deprecated(
 43%|████▎     | 320/750 [05:23<06:12,  1.15it/s]/usr/local/lib/python3.12/dist-packages/supervision/key_points/core.py:316: SupervisionWarnings: 'KeyPoints.confidence' is deprecated since 0.29.0 and will be removed in 0.32.0. Use 'KeyPoints.keypoint_confidence' instead.
  warn_deprecated(
/usr/local/lib/python3.12/dist-packages/supervision/key_points/core.py:308: SupervisionWarnings: 'KeyPoints.confidence' is deprecated since 0.29.0 and will be removed in 0.32.0. Use 'KeyPoints.keypoint_confidence' instead.
  warn_deprecated(
/usr/local/lib/python3.12/dist-packages/supervision/key_points/core.py:308: SupervisionWarnings: 'KeyPoints.confidence' is deprecated since 0.29.0 and will be removed in 0.32.0. Use 'KeyPoints.keypoint_confidence' instead.
  warn_deprecated(
/usr/local/lib/python3.12/dist-packages/supervision/key_points/core.py:308: SupervisionWarnings: 'KeyPoints.confidence' is deprecated since 0.29.0 and will be removed in 0.32.0. Use 'KeyPoints.keypoint_confidence' instead.
  warn_deprecated(
/usr/local/lib/python3.12/dist-packages/supervision/key_points/core.py:308: SupervisionWarnings: 'KeyPoints.confidence' is deprecated since 0.29.0 and will be removed in 0.32.0. Use 'KeyPoints.keypoint_confidence' instead.
  warn_deprecated(
 43%|████▎     | 321/750 [05:24<06:25,  1.11it/s]/usr/local/lib/python3.12/dist-packages/supervision/key_points/core.py:316: SupervisionWarnings: 'KeyPoints.confidence' is deprecated since 0.29.0 and will be removed in 0.32.0. Use 'KeyPoints.keypoint_confidence' instead.
  warn_deprecated(
/usr/local/lib/python3.12/dist-packages/supervision/key_points/core.py:308: SupervisionWarnings: 'KeyPoints.confidence' is deprecated since 0.29.0 and will be removed in 0.32.0. Use 'KeyPoints.keypoint_confidence' instead.
  warn_deprecated(
/usr/local/lib/python3.12/dist-packages/supervision/key_points/core.py:308: SupervisionWarnings: 'KeyPoints.confidence' is deprecated since 0.29.0 and will be removed in 0.32.0. Use 'KeyPoints.keypoint_confidence' instead.
  warn_deprecated(
/usr/local/lib/python3.12/dist-packages/supervision/key_points/core.py:308: SupervisionWarnings: 'KeyPoints.confidence' is deprecated since 0.29.0 and will be removed in 0.32.0. Use 'KeyPoints.keypoint_confidence' instead.
  warn_deprecated(
/usr/local/lib/python3.12/dist-packages/supervision/key_points/core.py:308: SupervisionWarnings: 'KeyPoints.confidence' is deprecated since 0.29.0 and will be removed in 0.32.0. Use 'KeyPoints.keypoint_confidence' instead.
  warn_deprecated(
 43%|████▎     | 322/750 [05:25<07:25,  1.04s/it]/usr/local/lib/python3.12/dist-packages/supervision/key_points/core.py:316: SupervisionWarnings: 'KeyPoints.confidence' is deprecated since 0.29.0 and will be removed in 0.32.0. Use 'KeyPoints.keypoint_confidence' instead.
  warn_deprecated(
/usr/local/lib/python3.12/dist-packages/supervision/key_points/core.py:308: SupervisionWarnings: 'KeyPoints.confidence' is deprecated since 0.29.0 and will be removed in 0.32.0. Use 'KeyPoints.keypoint_confidence' instead.
  warn_deprecated(
/usr/local/lib/python3.12/dist-packages/supervision/key_points/core.py:308: SupervisionWarnings: 'KeyPoints.confidence' is deprecated since 0.29.0 and will be removed in 0.32.0. Use 'KeyPoints.keypoint_confidence' instead.
  warn_deprecated(
/usr/local/lib/python3.12/dist-packages/supervision/key_points/core.py:308: SupervisionWarnings: 'KeyPoints.confidence' is deprecated since 0.29.0 and will be removed in 0.32.0. Use 'KeyPoints.keypoint_confidence' instead.
  warn_deprecated(
/usr/local/lib/python3.12/dist-packages/supervision/key_points/core.py:308: SupervisionWarnings: 'KeyPoints.confidence' is deprecated since 0.29.0 and will be removed in 0.32.0. Use 'KeyPoints.keypoint_confidence' instead.
  warn_deprecated(
 43%|████▎     | 323/750 [05:26<07:56,  1.12s/it]/usr/local/lib/python3.12/dist-packages/supervision/key_points/core.py:316: SupervisionWarnings: 'KeyPoints.confidence' is deprecated since 0.29.0 and will be removed in 0.32.0. Use 'KeyPoints.keypoint_confidence' instead.
  warn_deprecated(
/usr/local/lib/python3.12/dist-packages/supervision/key_points/core.py:308: SupervisionWarnings: 'KeyPoints.confidence' is deprecated since 0.29.0 and will be removed in 0.32.0. Use 'KeyPoints.keypoint_confidence' instead.
  warn_deprecated(
/usr/local/lib/python3.12/dist-packages/supervision/key_points/core.py:308: SupervisionWarnings: 'KeyPoints.confidence' is deprecated since 0.29.0 and will be removed in 0.32.0. Use 'KeyPoints.keypoint_confidence' instead.
  warn_deprecated(
/usr/local/lib/python3.12/dist-packages/supervision/key_points/core.py:308: SupervisionWarnings: 'KeyPoints.confidence' is deprecated since 0.29.0 and will be removed in 0.32.0. Use 'KeyPoints.keypoint_confidence' instead.
  warn_deprecated(
/usr/local/lib/python3.12/dist-packages/supervision/key_points/core.py:308: SupervisionWarnings: 'KeyPoints.confidence' is deprecated since 0.29.0 and will be removed in 0.32.0. Use 'KeyPoints.keypoint_confidence' instead.
  warn_deprecated(
 43%|████▎     | 324/750 [05:27<08:00,  1.13s/it]/usr/local/lib/python3.12/dist-packages/supervision/key_points/core.py:316: SupervisionWarnings: 'KeyPoints.confidence' is deprecated since 0.29.0 and will be removed in 0.32.0. Use 'KeyPoints.keypoint_confidence' instead.
  warn_deprecated(
/usr/local/lib/python3.12/dist-packages/supervision/key_points/core.py:308: SupervisionWarnings: 'KeyPoints.confidence' is deprecated since 0.29.0 and will be removed in 0.32.0. Use 'KeyPoints.keypoint_confidence' instead.
  warn_deprecated(
/usr/local/lib/python3.12/dist-packages/supervision/key_points/core.py:308: SupervisionWarnings: 'KeyPoints.confidence' is deprecated since 0.29.0 and will be removed in 0.32.0. Use 'KeyPoints.keypoint_confidence' instead.
  warn_deprecated(
/usr/local/lib/python3.12/dist-packages/supervision/key_points/core.py:308: SupervisionWarnings: 'KeyPoints.confidence' is deprecated since 0.29.0 and will be removed in 0.32.0. Use 'KeyPoints.keypoint_confidence' instead.
  warn_deprecated(
/usr/local/lib/python3.12/dist-packages/supervision/key_points/core.py:308: SupervisionWarnings: 'KeyPoints.confidence' is deprecated since 0.29.0 and will be removed in 0.32.0. Use 'KeyPoints.keypoint_confidence' instead.
  warn_deprecated(
 43%|████▎     | 325/750 [05:28<07:13,  1.02s/it]/usr/local/lib/python3.12/dist-packages/supervision/key_points/core.py:316: SupervisionWarnings: 'KeyPoints.confidence' is deprecated since 0.29.0 and will be removed in 0.32.0. Use 'KeyPoints.keypoint_confidence' instead.
  warn_deprecated(
/usr/local/lib/python3.12/dist-packages/supervision/key_points/core.py:308: SupervisionWarnings: 'KeyPoints.confidence' is deprecated since 0.29.0 and will be removed in 0.32.0. Use 'KeyPoints.keypoint_confidence' instead.
  warn_deprecated(
/usr/local/lib/python3.12/dist-packages/supervision/key_points/core.py:308: SupervisionWarnings: 'KeyPoints.confidence' is deprecated since 0.29.0 and will be removed in 0.32.0. Use 'KeyPoints.keypoint_confidence' instead.
  warn_deprecated(
/usr/local/lib/python3.12/dist-packages/supervision/key_points/core.py:308: SupervisionWarnings: 'KeyPoints.confidence' is deprecated since 0.29.0 and will be removed in 0.32.0. Use 'KeyPoints.keypoint_confidence' instead.
  warn_deprecated(
/usr/local/lib/python3.12/dist-packages/supervision/key_points/core.py:308: SupervisionWarnings: 'KeyPoints.confidence' is deprecated since 0.29.0 and will be removed in 0.32.0. Use 'KeyPoints.keypoint_confidence' instead.
  warn_deprecated(
 43%|████▎     | 326/750 [05:29<06:37,  1.07it/s]/usr/local/lib/python3.12/dist-packages/supervision/key_points/core.py:316: SupervisionWarnings: 'KeyPoints.confidence' is deprecated since 0.29.0 and will be removed in 0.32.0. Use 'KeyPoints.keypoint_confidence' instead.
  warn_deprecated(
/usr/local/lib/python3.12/dist-packages/supervision/key_points/core.py:308: SupervisionWarnings: 'KeyPoints.confidence' is deprecated since 0.29.0 and will be removed in 0.32.0. Use 'KeyPoints.keypoint_confidence' instead.
  warn_deprecated(
/usr/local/lib/python3.12/dist-packages/supervision/key_points/core.py:308: SupervisionWarnings: 'KeyPoints.confidence' is deprecated since 0.29.0 and will be removed in 0.32.0. Use 'KeyPoints.keypoint_confidence' instead.
  warn_deprecated(
/usr/local/lib/python3.12/dist-packages/supervision/key_points/core.py:308: SupervisionWarnings: 'KeyPoints.confidence' is deprecated since 0.29.0 and will be removed in 0.32.0. Use 'KeyPoints.keypoint_confidence' instead.
  warn_deprecated(
/usr/local/lib/python3.12/dist-packages/supervision/key_points/core.py:308: SupervisionWarnings: 'KeyPoints.confidence' is deprecated since 0.29.0 and will be removed in 0.32.0. Use 'KeyPoints.keypoint_confidence' instead.
  warn_deprecated(
 44%|████▎     | 327/750 [05:30<06:16,  1.12it/s]/usr/local/lib/python3.12/dist-packages/supervision/key_points/core.py:316: SupervisionWarnings: 'KeyPoints.confidence' is deprecated since 0.29.0 and will be removed in 0.32.0. Use 'KeyPoints.keypoint_confidence' instead.
  warn_deprecated(
/usr/local/lib/python3.12/dist-packages/supervision/key_points/core.py:308: SupervisionWarnings: 'KeyPoints.confidence' is deprecated since 0.29.0 and will be removed in 0.32.0. Use 'KeyPoints.keypoint_confidence' instead.
  warn_deprecated(
/usr/local/lib/python3.12/dist-packages/supervision/key_points/core.py:308: SupervisionWarnings: 'KeyPoints.confidence' is deprecated since 0.29.0 and will be removed in 0.32.0. Use 'KeyPoints.keypoint_confidence' instead.
  warn_deprecated(
/usr/local/lib/python3.12/dist-packages/supervision/key_points/core.py:308: SupervisionWarnings: 'KeyPoints.confidence' is deprecated since 0.29.0 and will be removed in 0.32.0. Use 'KeyPoints.keypoint_confidence' instead.
  warn_deprecated(
/usr/local/lib/python3.12/dist-packages/supervision/key_points/core.py:308: SupervisionWarnings: 'KeyPoints.confidence' is deprecated since 0.29.0 and will be removed in 0.32.0. Use 'KeyPoints.keypoint_confidence' instead.
  warn_deprecated(
/usr/local/lib/python3.12/dist-packages/supervision/key_points/core.py:308: SupervisionWarnings: 'KeyPoints.confidence' is deprecated since 0.29.0 and will be removed in 0.32.0. Use 'KeyPoints.keypoint_confidence' instead.
  warn_deprecated(
/usr/local/lib/python3.12/dist-packages/supervision/key_points/core.py:308: SupervisionWarnings: 'KeyPoints.confidence' is deprecated since 0.29.0 and will be removed in 0.32.0. Use 'KeyPoints.keypoint_confidence' instead.
  warn_deprecated(
/usr/local/lib/python3.12/dist-packages/supervision/key_points/core.py:308: SupervisionWarnings: 'KeyPoints.confidence' is deprecated since 0.29.0 and will be removed in 0.32.0. Use 'KeyPoints.keypoint_confidence' instead.
  warn_deprecated(
 44%|████▎     | 328/750 [05:31<06:08,  1.15it/s]/usr/local/lib/python3.12/dist-packages/supervision/key_points/core.py:316: SupervisionWarnings: 'KeyPoints.confidence' is deprecated since 0.29.0 and will be removed in 0.32.0. Use 'KeyPoints.keypoint_confidence' instead.
  warn_deprecated(
/usr/local/lib/python3.12/dist-packages/supervision/key_points/core.py:308: SupervisionWarnings: 'KeyPoints.confidence' is deprecated since 0.29.0 and will be removed in 0.32.0. Use 'KeyPoints.keypoint_confidence' instead.
  warn_deprecated(
/usr/local/lib/python3.12/dist-packages/supervision/key_points/core.py:308: SupervisionWarnings: 'KeyPoints.confidence' is deprecated since 0.29.0 and will be removed in 0.32.0. Use 'KeyPoints.keypoint_confidence' instead.
  warn_deprecated(
/usr/local/lib/python3.12/dist-packages/supervision/key_points/core.py:308: SupervisionWarnings: 'KeyPoints.confidence' is deprecated since 0.29.0 and will be removed in 0.32.0. Use 'KeyPoints.keypoint_confidence' instead.
  warn_deprecated(
/usr/local/lib/python3.12/dist-packages/supervision/key_points/core.py:308: SupervisionWarnings: 'KeyPoints.confidence' is deprecated since 0.29.0 and will be removed in 0.32.0. Use 'KeyPoints.keypoint_confidence' instead.
  warn_deprecated(
/usr/local/lib/python3.12/dist-packages/supervision/key_points/core.py:308: SupervisionWarnings: 'KeyPoints.confidence' is deprecated since 0.29.0 and will be removed in 0.32.0. Use 'KeyPoints.keypoint_confidence' instead.
  warn_deprecated(
/usr/local/lib/python3.12/dist-packages/supervision/key_points/core.py:308: SupervisionWarnings: 'KeyPoints.confidence' is deprecated since 0.29.0 and will be removed in 0.32.0. Use 'KeyPoints.keypoint_confidence' instead.
  warn_deprecated(
/usr/local/lib/python3.12/dist-packages/supervision/key_points/core.py:308: SupervisionWarnings: 'KeyPoints.confidence' is deprecated since 0.29.0 and will be removed in 0.32.0. Use 'KeyPoints.keypoint_confidence' instead.
  warn_deprecated(
 44%|████▍     | 329/750 [05:32<06:47,  1.03it/s]/usr/local/lib/python3.12/dist-packages/supervision/key_points/core.py:316: SupervisionWarnings: 'KeyPoints.confidence' is deprecated since 0.29.0 and will be removed in 0.32.0. Use 'KeyPoints.keypoint_confidence' instead.
  warn_deprecated(
/usr/local/lib/python3.12/dist-packages/supervision/key_points/core.py:308: SupervisionWarnings: 'KeyPoints.confidence' is deprecated since 0.29.0 and will be removed in 0.32.0. Use 'KeyPoints.keypoint_confidence' instead.
  warn_deprecated(
/usr/local/lib/python3.12/dist-packages/supervision/key_points/core.py:308: SupervisionWarnings: 'KeyPoints.confidence' is deprecated since 0.29.0 and will be removed in 0.32.0. Use 'KeyPoints.keypoint_confidence' instead.
  warn_deprecated(
/usr/local/lib/python3.12/dist-packages/supervision/key_points/core.py:308: SupervisionWarnings: 'KeyPoints.confidence' is deprecated since 0.29.0 and will be removed in 0.32.0. Use 'KeyPoints.keypoint_confidence' instead.
  warn_deprecated(
/usr/local/lib/python3.12/dist-packages/supervision/key_points/core.py:308: SupervisionWarnings: 'KeyPoints.confidence' is deprecated since 0.29.0 and will be removed in 0.32.0. Use 'KeyPoints.keypoint_confidence' instead.
  warn_deprecated(
/usr/local/lib/python3.12/dist-packages/supervision/key_points/core.py:308: SupervisionWarnings: 'KeyPoints.confidence' is deprecated since 0.29.0 and will be removed in 0.32.0. Use 'KeyPoints.keypoint_confidence' instead.
  warn_deprecated(
/usr/local/lib/python3.12/dist-packages/supervision/key_points/core.py:308: SupervisionWarnings: 'KeyPoints.confidence' is deprecated since 0.29.0 and will be removed in 0.32.0. Use 'KeyPoints.keypoint_confidence' instead.
  warn_deprecated(
/usr/local/lib/python3.12/dist-packages/supervision/key_points/core.py:308: SupervisionWarnings: 'KeyPoints.confidence' is deprecated since 0.29.0 and will be removed in 0.32.0. Use 'KeyPoints.keypoint_confidence' instead.
  warn_deprecated(
 44%|████▍     | 330/750 [05:33<06:24,  1.09it/s]/usr/local/lib/python3.12/dist-packages/supervision/key_points/core.py:316: SupervisionWarnings: 'KeyPoints.confidence' is deprecated since 0.29.0 and will be removed in 0.32.0. Use 'KeyPoints.keypoint_confidence' instead.
  warn_deprecated(
/usr/local/lib/python3.12/dist-packages/supervision/key_points/core.py:308: SupervisionWarnings: 'KeyPoints.confidence' is deprecated since 0.29.0 and will be removed in 0.32.0. Use 'KeyPoints.keypoint_confidence' instead.
  warn_deprecated(
/usr/local/lib/python3.12/dist-packages/supervision/key_points/core.py:308: SupervisionWarnings: 'KeyPoints.confidence' is deprecated since 0.29.0 and will be removed in 0.32.0. Use 'KeyPoints.keypoint_confidence' instead.
  warn_deprecated(
/usr/local/lib/python3.12/dist-packages/supervision/key_points/core.py:308: SupervisionWarnings: 'KeyPoints.confidence' is deprecated since 0.29.0 and will be removed in 0.32.0. Use 'KeyPoints.keypoint_confidence' instead.
  warn_deprecated(
/usr/local/lib/python3.12/dist-packages/supervision/key_points/core.py:308: SupervisionWarnings: 'KeyPoints.confidence' is deprecated since 0.29.0 and will be removed in 0.32.0. Use 'KeyPoints.keypoint_confidence' instead.
  warn_deprecated(
/usr/local/lib/python3.12/dist-packages/supervision/key_points/core.py:308: SupervisionWarnings: 'KeyPoints.confidence' is deprecated since 0.29.0 and will be removed in 0.32.0. Use 'KeyPoints.keypoint_confidence' instead.
  warn_deprecated(
/usr/local/lib/python3.12/dist-packages/supervision/key_points/core.py:308: SupervisionWarnings: 'KeyPoints.confidence' is deprecated since 0.29.0 and will be removed in 0.32.0. Use 'KeyPoints.keypoint_confidence' instead.
  warn_deprecated(
/usr/local/lib/python3.12/dist-packages/supervision/key_points/core.py:308: SupervisionWarnings: 'KeyPoints.confidence' is deprecated since 0.29.0 and will be removed in 0.32.0. Use 'KeyPoints.keypoint_confidence' instead.
  warn_deprecated(
 44%|████▍     | 331/750 [05:34<06:59,  1.00s/it]/usr/local/lib/python3.12/dist-packages/supervision/key_points/core.py:316: SupervisionWarnings: 'KeyPoints.confidence' is deprecated since 0.29.0 and will be removed in 0.32.0. Use 'KeyPoints.keypoint_confidence' instead.
  warn_deprecated(
/usr/local/lib/python3.12/dist-packages/supervision/key_points/core.py:308: SupervisionWarnings: 'KeyPoints.confidence' is deprecated since 0.29.0 and will be removed in 0.32.0. Use 'KeyPoints.keypoint_confidence' instead.
  warn_deprecated(
/usr/local/lib/python3.12/dist-packages/supervision/key_points/core.py:308: SupervisionWarnings: 'KeyPoints.confidence' is deprecated since 0.29.0 and will be removed in 0.32.0. Use 'KeyPoints.keypoint_confidence' instead.
  warn_deprecated(
/usr/local/lib/python3.12/dist-packages/supervision/key_points/core.py:308: SupervisionWarnings: 'KeyPoints.confidence' is deprecated since 0.29.0 and will be removed in 0.32.0. Use 'KeyPoints.keypoint_confidence' instead.
  warn_deprecated(
/usr/local/lib/python3.12/dist-packages/supervision/key_points/core.py:308: SupervisionWarnings: 'KeyPoints.confidence' is deprecated since 0.29.0 and will be removed in 0.32.0. Use 'KeyPoints.keypoint_confidence' instead.
  warn_deprecated(
/usr/local/lib/python3.12/dist-packages/supervision/key_points/core.py:308: SupervisionWarnings: 'KeyPoints.confidence' is deprecated since 0.29.0 and will be removed in 0.32.0. Use 'KeyPoints.keypoint_confidence' instead.
  warn_deprecated(
/usr/local/lib/python3.12/dist-packages/supervision/key_points/core.py:308: SupervisionWarnings: 'KeyPoints.confidence' is deprecated since 0.29.0 and will be removed in 0.32.0. Use 'KeyPoints.keypoint_confidence' instead.
  warn_deprecated(
/usr/local/lib/python3.12/dist-packages/supervision/key_points/core.py:308: SupervisionWarnings: 'KeyPoints.confidence' is deprecated since 0.29.0 and will be removed in 0.32.0. Use 'KeyPoints.keypoint_confidence' instead.
  warn_deprecated(
 44%|████▍     | 332/750 [05:35<07:18,  1.05s/it]/usr/local/lib/python3.12/dist-packages/supervision/key_points/core.py:316: SupervisionWarnings: 'KeyPoints.confidence' is deprecated since 0.29.0 and will be removed in 0.32.0. Use 'KeyPoints.keypoint_confidence' instead.
  warn_deprecated(
/usr/local/lib/python3.12/dist-packages/supervision/key_points/core.py:308: SupervisionWarnings: 'KeyPoints.confidence' is deprecated since 0.29.0 and will be removed in 0.32.0. Use 'KeyPoints.keypoint_confidence' instead.
  warn_deprecated(
/usr/local/lib/python3.12/dist-packages/supervision/key_points/core.py:308: SupervisionWarnings: 'KeyPoints.confidence' is deprecated since 0.29.0 and will be removed in 0.32.0. Use 'KeyPoints.keypoint_confidence' instead.
  warn_deprecated(
/usr/local/lib/python3.12/dist-packages/supervision/key_points/core.py:308: SupervisionWarnings: 'KeyPoints.confidence' is deprecated since 0.29.0 and will be removed in 0.32.0. Use 'KeyPoints.keypoint_confidence' instead.
  warn_deprecated(
/usr/local/lib/python3.12/dist-packages/supervision/key_points/core.py:308: SupervisionWarnings: 'KeyPoints.confidence' is deprecated since 0.29.0 and will be removed in 0.32.0. Use 'KeyPoints.keypoint_confidence' instead.
  warn_deprecated(
/usr/local/lib/python3.12/dist-packages/supervision/key_points/core.py:308: SupervisionWarnings: 'KeyPoints.confidence' is deprecated since 0.29.0 and will be removed in 0.32.0. Use 'KeyPoints.keypoint_confidence' instead.
  warn_deprecated(
/usr/local/lib/python3.12/dist-packages/supervision/key_points/core.py:308: SupervisionWarnings: 'KeyPoints.confidence' is deprecated since 0.29.0 and will be removed in 0.32.0. Use 'KeyPoints.keypoint_confidence' instead.
  warn_deprecated(
/usr/local/lib/python3.12/dist-packages/supervision/key_points/core.py:308: SupervisionWarnings: 'KeyPoints.confidence' is deprecated since 0.29.0 and will be removed in 0.32.0. Use 'KeyPoints.keypoint_confidence' instead.
  warn_deprecated(
 44%|████▍     | 333/750 [05:36<06:44,  1.03it/s]/usr/local/lib/python3.12/dist-packages/supervision/key_points/core.py:316: SupervisionWarnings: 'KeyPoints.confidence' is deprecated since 0.29.0 and will be removed in 0.32.0. Use 'KeyPoints.keypoint_confidence' instead.
  warn_deprecated(
/usr/local/lib/python3.12/dist-packages/supervision/key_points/core.py:308: SupervisionWarnings: 'KeyPoints.confidence' is deprecated since 0.29.0 and will be removed in 0.32.0. Use 'KeyPoints.keypoint_confidence' instead.
  warn_deprecated(
/usr/local/lib/python3.12/dist-packages/supervision/key_points/core.py:308: SupervisionWarnings: 'KeyPoints.confidence' is deprecated since 0.29.0 and will be removed in 0.32.0. Use 'KeyPoints.keypoint_confidence' instead.
  warn_deprecated(
/usr/local/lib/python3.12/dist-packages/supervision/key_points/core.py:308: SupervisionWarnings: 'KeyPoints.confidence' is deprecated since 0.29.0 and will be removed in 0.32.0. Use 'KeyPoints.keypoint_confidence' instead.
  warn_deprecated(
/usr/local/lib/python3.12/dist-packages/supervision/key_points/core.py:308: SupervisionWarnings: 'KeyPoints.confidence' is deprecated since 0.29.0 and will be removed in 0.32.0. Use 'KeyPoints.keypoint_confidence' instead.
  warn_deprecated(
 45%|████▍     | 334/750 [05:36<06:23,  1.09it/s]/usr/local/lib/python3.12/dist-packages/supervision/key_points/core.py:316: SupervisionWarnings: 'KeyPoints.confidence' is deprecated since 0.29.0 and will be removed in 0.32.0. Use 'KeyPoints.keypoint_confidence' instead.
  warn_deprecated(
/usr/local/lib/python3.12/dist-packages/supervision/key_points/core.py:308: SupervisionWarnings: 'KeyPoints.confidence' is deprecated since 0.29.0 and will be removed in 0.32.0. Use 'KeyPoints.keypoint_confidence' instead.
  warn_deprecated(
/usr/local/lib/python3.12/dist-packages/supervision/key_points/core.py:308: SupervisionWarnings: 'KeyPoints.confidence' is deprecated since 0.29.0 and will be removed in 0.32.0. Use 'KeyPoints.keypoint_confidence' instead.
  warn_deprecated(
/usr/local/lib/python3.12/dist-packages/supervision/key_points/core.py:308: SupervisionWarnings: 'KeyPoints.confidence' is deprecated since 0.29.0 and will be removed in 0.32.0. Use 'KeyPoints.keypoint_confidence' instead.
  warn_deprecated(
/usr/local/lib/python3.12/dist-packages/supervision/key_points/core.py:308: SupervisionWarnings: 'KeyPoints.confidence' is deprecated since 0.29.0 and will be removed in 0.32.0. Use 'KeyPoints.keypoint_confidence' instead.
  warn_deprecated(
/usr/local/lib/python3.12/dist-packages/supervision/key_points/core.py:308: SupervisionWarnings: 'KeyPoints.confidence' is deprecated since 0.29.0 and will be removed in 0.32.0. Use 'KeyPoints.keypoint_confidence' instead.
  warn_deprecated(
/usr/local/lib/python3.12/dist-packages/supervision/key_points/core.py:308: SupervisionWarnings: 'KeyPoints.confidence' is deprecated since 0.29.0 and will be removed in 0.32.0. Use 'KeyPoints.keypoint_confidence' instead.
  warn_deprecated(
/usr/local/lib/python3.12/dist-packages/supervision/key_points/core.py:308: SupervisionWarnings: 'KeyPoints.confidence' is deprecated since 0.29.0 and will be removed in 0.32.0. Use 'KeyPoints.keypoint_confidence' instead.
  warn_deprecated(
 45%|████▍     | 335/750 [05:37<06:19,  1.09it/s]/usr/local/lib/python3.12/dist-packages/supervision/key_points/core.py:316: SupervisionWarnings: 'KeyPoints.confidence' is deprecated since 0.29.0 and will be removed in 0.32.0. Use 'KeyPoints.keypoint_confidence' instead.
  warn_deprecated(
/usr/local/lib/python3.12/dist-packages/supervision/key_points/core.py:308: SupervisionWarnings: 'KeyPoints.confidence' is deprecated since 0.29.0 and will be removed in 0.32.0. Use 'KeyPoints.keypoint_confidence' instead.
  warn_deprecated(
/usr/local/lib/python3.12/dist-packages/supervision/key_points/core.py:308: SupervisionWarnings: 'KeyPoints.confidence' is deprecated since 0.29.0 and will be removed in 0.32.0. Use 'KeyPoints.keypoint_confidence' instead.
  warn_deprecated(
/usr/local/lib/python3.12/dist-packages/supervision/key_points/core.py:308: SupervisionWarnings: 'KeyPoints.confidence' is deprecated since 0.29.0 and will be removed in 0.32.0. Use 'KeyPoints.keypoint_confidence' instead.
  warn_deprecated(
/usr/local/lib/python3.12/dist-packages/supervision/key_points/core.py:308: SupervisionWarnings: 'KeyPoints.confidence' is deprecated since 0.29.0 and will be removed in 0.32.0. Use 'KeyPoints.keypoint_confidence' instead.
  warn_deprecated(
/usr/local/lib/python3.12/dist-packages/supervision/key_points/core.py:308: SupervisionWarnings: 'KeyPoints.confidence' is deprecated since 0.29.0 and will be removed in 0.32.0. Use 'KeyPoints.keypoint_confidence' instead.
  warn_deprecated(
/usr/local/lib/python3.12/dist-packages/supervision/key_points/core.py:308: SupervisionWarnings: 'KeyPoints.confidence' is deprecated since 0.29.0 and will be removed in 0.32.0. Use 'KeyPoints.keypoint_confidence' instead.
  warn_deprecated(
/usr/local/lib/python3.12/dist-packages/supervision/key_points/core.py:308: SupervisionWarnings: 'KeyPoints.confidence' is deprecated since 0.29.0 and will be removed in 0.32.0. Use 'KeyPoints.keypoint_confidence' instead.
  warn_deprecated(
 45%|████▍     | 336/750 [05:38<06:27,  1.07it/s]/usr/local/lib/python3.12/dist-packages/supervision/key_points/core.py:316: SupervisionWarnings: 'KeyPoints.confidence' is deprecated since 0.29.0 and will be removed in 0.32.0. Use 'KeyPoints.keypoint_confidence' instead.
  warn_deprecated(
/usr/local/lib/python3.12/dist-packages/supervision/key_points/core.py:308: SupervisionWarnings: 'KeyPoints.confidence' is deprecated since 0.29.0 and will be removed in 0.32.0. Use 'KeyPoints.keypoint_confidence' instead.
  warn_deprecated(
/usr/local/lib/python3.12/dist-packages/supervision/key_points/core.py:308: SupervisionWarnings: 'KeyPoints.confidence' is deprecated since 0.29.0 and will be removed in 0.32.0. Use 'KeyPoints.keypoint_confidence' instead.
  warn_deprecated(
/usr/local/lib/python3.12/dist-packages/supervision/key_points/core.py:308: SupervisionWarnings: 'KeyPoints.confidence' is deprecated since 0.29.0 and will be removed in 0.32.0. Use 'KeyPoints.keypoint_confidence' instead.
  warn_deprecated(
/usr/local/lib/python3.12/dist-packages/supervision/key_points/core.py:308: SupervisionWarnings: 'KeyPoints.confidence' is deprecated since 0.29.0 and will be removed in 0.32.0. Use 'KeyPoints.keypoint_confidence' instead.
  warn_deprecated(
/usr/local/lib/python3.12/dist-packages/supervision/key_points/core.py:308: SupervisionWarnings: 'KeyPoints.confidence' is deprecated since 0.29.0 and will be removed in 0.32.0. Use 'KeyPoints.keypoint_confidence' instead.
  warn_deprecated(
/usr/local/lib/python3.12/dist-packages/supervision/key_points/core.py:308: SupervisionWarnings: 'KeyPoints.confidence' is deprecated since 0.29.0 and will be removed in 0.32.0. Use 'KeyPoints.keypoint_confidence' instead.
  warn_deprecated(
/usr/local/lib/python3.12/dist-packages/supervision/key_points/core.py:308: SupervisionWarnings: 'KeyPoints.confidence' is deprecated since 0.29.0 and will be removed in 0.32.0. Use 'KeyPoints.keypoint_confidence' instead.
  warn_deprecated(
 45%|████▍     | 337/750 [05:40<07:31,  1.09s/it]/usr/local/lib/python3.12/dist-packages/supervision/key_points/core.py:316: SupervisionWarnings: 'KeyPoints.confidence' is deprecated since 0.29.0 and will be removed in 0.32.0. Use 'KeyPoints.keypoint_confidence' instead.
  warn_deprecated(
/usr/local/lib/python3.12/dist-packages/supervision/key_points/core.py:308: SupervisionWarnings: 'KeyPoints.confidence' is deprecated since 0.29.0 and will be removed in 0.32.0. Use 'KeyPoints.keypoint_confidence' instead.
  warn_deprecated(
/usr/local/lib/python3.12/dist-packages/supervision/key_points/core.py:308: SupervisionWarnings: 'KeyPoints.confidence' is deprecated since 0.29.0 and will be removed in 0.32.0. Use 'KeyPoints.keypoint_confidence' instead.
  warn_deprecated(
/usr/local/lib/python3.12/dist-packages/supervision/key_points/core.py:308: SupervisionWarnings: 'KeyPoints.confidence' is deprecated since 0.29.0 and will be removed in 0.32.0. Use 'KeyPoints.keypoint_confidence' instead.
  warn_deprecated(
/usr/local/lib/python3.12/dist-packages/supervision/key_points/core.py:308: SupervisionWarnings: 'KeyPoints.confidence' is deprecated since 0.29.0 and will be removed in 0.32.0. Use 'KeyPoints.keypoint_confidence' instead.
  warn_deprecated(
/usr/local/lib/python3.12/dist-packages/supervision/key_points/core.py:308: SupervisionWarnings: 'KeyPoints.confidence' is deprecated since 0.29.0 and will be removed in 0.32.0. Use 'KeyPoints.keypoint_confidence' instead.
  warn_deprecated(
/usr/local/lib/python3.12/dist-packages/supervision/key_points/core.py:308: SupervisionWarnings: 'KeyPoints.confidence' is deprecated since 0.29.0 and will be removed in 0.32.0. Use 'KeyPoints.keypoint_confidence' instead.
  warn_deprecated(
/usr/local/lib/python3.12/dist-packages/supervision/key_points/core.py:308: SupervisionWarnings: 'KeyPoints.confidence' is deprecated since 0.29.0 and will be removed in 0.32.0. Use 'KeyPoints.keypoint_confidence' instead.
  warn_deprecated(
 45%|████▌     | 338/750 [05:41<07:49,  1.14s/it]/usr/local/lib/python3.12/dist-packages/supervision/key_points/core.py:316: SupervisionWarnings: 'KeyPoints.confidence' is deprecated since 0.29.0 and will be removed in 0.32.0. Use 'KeyPoints.keypoint_confidence' instead.
  warn_deprecated(
/usr/local/lib/python3.12/dist-packages/supervision/key_points/core.py:308: SupervisionWarnings: 'KeyPoints.confidence' is deprecated since 0.29.0 and will be removed in 0.32.0. Use 'KeyPoints.keypoint_confidence' instead.
  warn_deprecated(
/usr/local/lib/python3.12/dist-packages/supervision/key_points/core.py:308: SupervisionWarnings: 'KeyPoints.confidence' is deprecated since 0.29.0 and will be removed in 0.32.0. Use 'KeyPoints.keypoint_confidence' instead.
  warn_deprecated(
/usr/local/lib/python3.12/dist-packages/supervision/key_points/core.py:308: SupervisionWarnings: 'KeyPoints.confidence' is deprecated since 0.29.0 and will be removed in 0.32.0. Use 'KeyPoints.keypoint_confidence' instead.
  warn_deprecated(
/usr/local/lib/python3.12/dist-packages/supervision/key_points/core.py:308: SupervisionWarnings: 'KeyPoints.confidence' is deprecated since 0.29.0 and will be removed in 0.32.0. Use 'KeyPoints.keypoint_confidence' instead.
  warn_deprecated(
/usr/local/lib/python3.12/dist-packages/supervision/key_points/core.py:308: SupervisionWarnings: 'KeyPoints.confidence' is deprecated since 0.29.0 and will be removed in 0.32.0. Use 'KeyPoints.keypoint_confidence' instead.
  warn_deprecated(
/usr/local/lib/python3.12/dist-packages/supervision/key_points/core.py:308: SupervisionWarnings: 'KeyPoints.confidence' is deprecated since 0.29.0 and will be removed in 0.32.0. Use 'KeyPoints.keypoint_confidence' instead.
  warn_deprecated(
/usr/local/lib/python3.12/dist-packages/supervision/key_points/core.py:308: SupervisionWarnings: 'KeyPoints.confidence' is deprecated since 0.29.0 and will be removed in 0.32.0. Use 'KeyPoints.keypoint_confidence' instead.
  warn_deprecated(
 45%|████▌     | 339/750 [05:42<07:00,  1.02s/it]/usr/local/lib/python3.12/dist-packages/supervision/key_points/core.py:316: SupervisionWarnings: 'KeyPoints.confidence' is deprecated since 0.29.0 and will be removed in 0.32.0. Use 'KeyPoints.keypoint_confidence' instead.
  warn_deprecated(
/usr/local/lib/python3.12/dist-packages/supervision/key_points/core.py:308: SupervisionWarnings: 'KeyPoints.confidence' is deprecated since 0.29.0 and will be removed in 0.32.0. Use 'KeyPoints.keypoint_confidence' instead.
  warn_deprecated(
/usr/local/lib/python3.12/dist-packages/supervision/key_points/core.py:308: SupervisionWarnings: 'KeyPoints.confidence' is deprecated since 0.29.0 and will be removed in 0.32.0. Use 'KeyPoints.keypoint_confidence' instead.
  warn_deprecated(
/usr/local/lib/python3.12/dist-packages/supervision/key_points/core.py:308: SupervisionWarnings: 'KeyPoints.confidence' is deprecated since 0.29.0 and will be removed in 0.32.0. Use 'KeyPoints.keypoint_confidence' instead.
  warn_deprecated(
/usr/local/lib/python3.12/dist-packages/supervision/key_points/core.py:308: SupervisionWarnings: 'KeyPoints.confidence' is deprecated since 0.29.0 and will be removed in 0.32.0. Use 'KeyPoints.keypoint_confidence' instead.
  warn_deprecated(
/usr/local/lib/python3.12/dist-packages/supervision/key_points/core.py:308: SupervisionWarnings: 'KeyPoints.confidence' is deprecated since 0.29.0 and will be removed in 0.32.0. Use 'KeyPoints.keypoint_confidence' instead.
  warn_deprecated(
/usr/local/lib/python3.12/dist-packages/supervision/key_points/core.py:308: SupervisionWarnings: 'KeyPoints.confidence' is deprecated since 0.29.0 and will be removed in 0.32.0. Use 'KeyPoints.keypoint_confidence' instead.
  warn_deprecated(
/usr/local/lib/python3.12/dist-packages/supervision/key_points/core.py:308: SupervisionWarnings: 'KeyPoints.confidence' is deprecated since 0.29.0 and will be removed in 0.32.0. Use 'KeyPoints.keypoint_confidence' instead.
  warn_deprecated(
 45%|████▌     | 340/750 [05:43<06:24,  1.07it/s]/usr/local/lib/python3.12/dist-packages/supervision/key_points/core.py:316: SupervisionWarnings: 'KeyPoints.confidence' is deprecated since 0.29.0 and will be removed in 0.32.0. Use 'KeyPoints.keypoint_confidence' instead.
  warn_deprecated(
/usr/local/lib/python3.12/dist-packages/supervision/key_points/core.py:308: SupervisionWarnings: 'KeyPoints.confidence' is deprecated since 0.29.0 and will be removed in 0.32.0. Use 'KeyPoints.keypoint_confidence' instead.
  warn_deprecated(
/usr/local/lib/python3.12/dist-packages/supervision/key_points/core.py:308: SupervisionWarnings: 'KeyPoints.confidence' is deprecated since 0.29.0 and will be removed in 0.32.0. Use 'KeyPoints.keypoint_confidence' instead.
  warn_deprecated(
/usr/local/lib/python3.12/dist-packages/supervision/key_points/core.py:308: SupervisionWarnings: 'KeyPoints.confidence' is deprecated since 0.29.0 and will be removed in 0.32.0. Use 'KeyPoints.keypoint_confidence' instead.
  warn_deprecated(
/usr/local/lib/python3.12/dist-packages/supervision/key_points/core.py:308: SupervisionWarnings: 'KeyPoints.confidence' is deprecated since 0.29.0 and will be removed in 0.32.0. Use 'KeyPoints.keypoint_confidence' instead.
  warn_deprecated(
 45%|████▌     | 341/750 [05:43<06:02,  1.13it/s]/usr/local/lib/python3.12/dist-packages/supervision/key_points/core.py:316: SupervisionWarnings: 'KeyPoints.confidence' is deprecated since 0.29.0 and will be removed in 0.32.0. Use 'KeyPoints.keypoint_confidence' instead.
  warn_deprecated(
/usr/local/lib/python3.12/dist-packages/supervision/key_points/core.py:308: SupervisionWarnings: 'KeyPoints.confidence' is deprecated since 0.29.0 and will be removed in 0.32.0. Use 'KeyPoints.keypoint_confidence' instead.
  warn_deprecated(
/usr/local/lib/python3.12/dist-packages/supervision/key_points/core.py:308: SupervisionWarnings: 'KeyPoints.confidence' is deprecated since 0.29.0 and will be removed in 0.32.0. Use 'KeyPoints.keypoint_confidence' instead.
  warn_deprecated(
/usr/local/lib/python3.12/dist-packages/supervision/key_points/core.py:308: SupervisionWarnings: 'KeyPoints.confidence' is deprecated since 0.29.0 and will be removed in 0.32.0. Use 'KeyPoints.keypoint_confidence' instead.
  warn_deprecated(
/usr/local/lib/python3.12/dist-packages/supervision/key_points/core.py:308: SupervisionWarnings: 'KeyPoints.confidence' is deprecated since 0.29.0 and will be removed in 0.32.0. Use 'KeyPoints.keypoint_confidence' instead.
  warn_deprecated(
 46%|████▌     | 342/750 [05:44<05:47,  1.17it/s]/usr/local/lib/python3.12/dist-packages/supervision/key_points/core.py:316: SupervisionWarnings: 'KeyPoints.confidence' is deprecated since 0.29.0 and will be removed in 0.32.0. Use 'KeyPoints.keypoint_confidence' instead.
  warn_deprecated(
/usr/local/lib/python3.12/dist-packages/supervision/key_points/core.py:308: SupervisionWarnings: 'KeyPoints.confidence' is deprecated since 0.29.0 and will be removed in 0.32.0. Use 'KeyPoints.keypoint_confidence' instead.
  warn_deprecated(
/usr/local/lib/python3.12/dist-packages/supervision/key_points/core.py:308: SupervisionWarnings: 'KeyPoints.confidence' is deprecated since 0.29.0 and will be removed in 0.32.0. Use 'KeyPoints.keypoint_confidence' instead.
  warn_deprecated(
/usr/local/lib/python3.12/dist-packages/supervision/key_points/core.py:308: SupervisionWarnings: 'KeyPoints.confidence' is deprecated since 0.29.0 and will be removed in 0.32.0. Use 'KeyPoints.keypoint_confidence' instead.
  warn_deprecated(
/usr/local/lib/python3.12/dist-packages/supervision/key_points/core.py:308: SupervisionWarnings: 'KeyPoints.confidence' is deprecated since 0.29.0 and will be removed in 0.32.0. Use 'KeyPoints.keypoint_confidence' instead.
  warn_deprecated(
 46%|████▌     | 343/750 [05:45<05:37,  1.21it/s]/usr/local/lib/python3.12/dist-packages/supervision/key_points/core.py:316: SupervisionWarnings: 'KeyPoints.confidence' is deprecated since 0.29.0 and will be removed in 0.32.0. Use 'KeyPoints.keypoint_confidence' instead.
  warn_deprecated(
/usr/local/lib/python3.12/dist-packages/supervision/key_points/core.py:308: SupervisionWarnings: 'KeyPoints.confidence' is deprecated since 0.29.0 and will be removed in 0.32.0. Use 'KeyPoints.keypoint_confidence' instead.
  warn_deprecated(
/usr/local/lib/python3.12/dist-packages/supervision/key_points/core.py:308: SupervisionWarnings: 'KeyPoints.confidence' is deprecated since 0.29.0 and will be removed in 0.32.0. Use 'KeyPoints.keypoint_confidence' instead.
  warn_deprecated(
/usr/local/lib/python3.12/dist-packages/supervision/key_points/core.py:308: SupervisionWarnings: 'KeyPoints.confidence' is deprecated since 0.29.0 and will be removed in 0.32.0. Use 'KeyPoints.keypoint_confidence' instead.
  warn_deprecated(
/usr/local/lib/python3.12/dist-packages/supervision/key_points/core.py:308: SupervisionWarnings: 'KeyPoints.confidence' is deprecated since 0.29.0 and will be removed in 0.32.0. Use 'KeyPoints.keypoint_confidence' instead.
  warn_deprecated(
 46%|████▌     | 344/750 [05:46<06:22,  1.06it/s]/usr/local/lib/python3.12/dist-packages/supervision/key_points/core.py:316: SupervisionWarnings: 'KeyPoints.confidence' is deprecated since 0.29.0 and will be removed in 0.32.0. Use 'KeyPoints.keypoint_confidence' instead.
  warn_deprecated(
/usr/local/lib/python3.12/dist-packages/supervision/key_points/core.py:308: SupervisionWarnings: 'KeyPoints.confidence' is deprecated since 0.29.0 and will be removed in 0.32.0. Use 'KeyPoints.keypoint_confidence' instead.
  warn_deprecated(
/usr/local/lib/python3.12/dist-packages/supervision/key_points/core.py:308: SupervisionWarnings: 'KeyPoints.confidence' is deprecated since 0.29.0 and will be removed in 0.32.0. Use 'KeyPoints.keypoint_confidence' instead.
  warn_deprecated(
/usr/local/lib/python3.12/dist-packages/supervision/key_points/core.py:308: SupervisionWarnings: 'KeyPoints.confidence' is deprecated since 0.29.0 and will be removed in 0.32.0. Use 'KeyPoints.keypoint_confidence' instead.
  warn_deprecated(
/usr/local/lib/python3.12/dist-packages/supervision/key_points/core.py:308: SupervisionWarnings: 'KeyPoints.confidence' is deprecated since 0.29.0 and will be removed in 0.32.0. Use 'KeyPoints.keypoint_confidence' instead.
  warn_deprecated(
 46%|████▌     | 345/750 [05:47<06:55,  1.03s/it]/usr/local/lib/python3.12/dist-packages/supervision/key_points/core.py:316: SupervisionWarnings: 'KeyPoints.confidence' is deprecated since 0.29.0 and will be removed in 0.32.0. Use 'KeyPoints.keypoint_confidence' instead.
  warn_deprecated(
/usr/local/lib/python3.12/dist-packages/supervision/key_points/core.py:308: SupervisionWarnings: 'KeyPoints.confidence' is deprecated since 0.29.0 and will be removed in 0.32.0. Use 'KeyPoints.keypoint_confidence' instead.
  warn_deprecated(
/usr/local/lib/python3.12/dist-packages/supervision/key_points/core.py:308: SupervisionWarnings: 'KeyPoints.confidence' is deprecated since 0.29.0 and will be removed in 0.32.0. Use 'KeyPoints.keypoint_confidence' instead.
  warn_deprecated(
/usr/local/lib/python3.12/dist-packages/supervision/key_points/core.py:308: SupervisionWarnings: 'KeyPoints.confidence' is deprecated since 0.29.0 and will be removed in 0.32.0. Use 'KeyPoints.keypoint_confidence' instead.
  warn_deprecated(
/usr/local/lib/python3.12/dist-packages/supervision/key_points/core.py:308: SupervisionWarnings: 'KeyPoints.confidence' is deprecated since 0.29.0 and will be removed in 0.32.0. Use 'KeyPoints.keypoint_confidence' instead.
  warn_deprecated(
 46%|████▌     | 346/750 [05:48<06:23,  1.05it/s]/usr/local/lib/python3.12/dist-packages/supervision/key_points/core.py:316: SupervisionWarnings: 'KeyPoints.confidence' is deprecated since 0.29.0 and will be removed in 0.32.0. Use 'KeyPoints.keypoint_confidence' instead.
  warn_deprecated(
/usr/local/lib/python3.12/dist-packages/supervision/key_points/core.py:308: SupervisionWarnings: 'KeyPoints.confidence' is deprecated since 0.29.0 and will be removed in 0.32.0. Use 'KeyPoints.keypoint_confidence' instead.
  warn_deprecated(
/usr/local/lib/python3.12/dist-packages/supervision/key_points/core.py:308: SupervisionWarnings: 'KeyPoints.confidence' is deprecated since 0.29.0 and will be removed in 0.32.0. Use 'KeyPoints.keypoint_confidence' instead.
  warn_deprecated(
/usr/local/lib/python3.12/dist-packages/supervision/key_points/core.py:308: SupervisionWarnings: 'KeyPoints.confidence' is deprecated since 0.29.0 and will be removed in 0.32.0. Use 'KeyPoints.keypoint_confidence' instead.
  warn_deprecated(
/usr/local/lib/python3.12/dist-packages/supervision/key_points/core.py:308: SupervisionWarnings: 'KeyPoints.confidence' is deprecated since 0.29.0 and will be removed in 0.32.0. Use 'KeyPoints.keypoint_confidence' instead.
  warn_deprecated(
 46%|████▋     | 347/750 [05:49<06:51,  1.02s/it]/usr/local/lib/python3.12/dist-packages/supervision/key_points/core.py:316: SupervisionWarnings: 'KeyPoints.confidence' is deprecated since 0.29.0 and will be removed in 0.32.0. Use 'KeyPoints.keypoint_confidence' instead.
  warn_deprecated(
/usr/local/lib/python3.12/dist-packages/supervision/key_points/core.py:308: SupervisionWarnings: 'KeyPoints.confidence' is deprecated since 0.29.0 and will be removed in 0.32.0. Use 'KeyPoints.keypoint_confidence' instead.
  warn_deprecated(
/usr/local/lib/python3.12/dist-packages/supervision/key_points/core.py:308: SupervisionWarnings: 'KeyPoints.confidence' is deprecated since 0.29.0 and will be removed in 0.32.0. Use 'KeyPoints.keypoint_confidence' instead.
  warn_deprecated(
/usr/local/lib/python3.12/dist-packages/supervision/key_points/core.py:308: SupervisionWarnings: 'KeyPoints.confidence' is deprecated since 0.29.0 and will be removed in 0.32.0. Use 'KeyPoints.keypoint_confidence' instead.
  warn_deprecated(
/usr/local/lib/python3.12/dist-packages/supervision/key_points/core.py:308: SupervisionWarnings: 'KeyPoints.confidence' is deprecated since 0.29.0 and will be removed in 0.32.0. Use 'KeyPoints.keypoint_confidence' instead.
  warn_deprecated(
 46%|████▋     | 348/750 [05:50<06:28,  1.04it/s]/usr/local/lib/python3.12/dist-packages/supervision/key_points/core.py:316: SupervisionWarnings: 'KeyPoints.confidence' is deprecated since 0.29.0 and will be removed in 0.32.0. Use 'KeyPoints.keypoint_confidence' instead.
  warn_deprecated(
/usr/local/lib/python3.12/dist-packages/supervision/key_points/core.py:308: SupervisionWarnings: 'KeyPoints.confidence' is deprecated since 0.29.0 and will be removed in 0.32.0. Use 'KeyPoints.keypoint_confidence' instead.
  warn_deprecated(
/usr/local/lib/python3.12/dist-packages/supervision/key_points/core.py:308: SupervisionWarnings: 'KeyPoints.confidence' is deprecated since 0.29.0 and will be removed in 0.32.0. Use 'KeyPoints.keypoint_confidence' instead.
  warn_deprecated(
/usr/local/lib/python3.12/dist-packages/supervision/key_points/core.py:308: SupervisionWarnings: 'KeyPoints.confidence' is deprecated since 0.29.0 and will be removed in 0.32.0. Use 'KeyPoints.keypoint_confidence' instead.
  warn_deprecated(
/usr/local/lib/python3.12/dist-packages/supervision/key_points/core.py:308: SupervisionWarnings: 'KeyPoints.confidence' is deprecated since 0.29.0 and will be removed in 0.32.0. Use 'KeyPoints.keypoint_confidence' instead.
  warn_deprecated(
 47%|████▋     | 349/750 [05:51<06:19,  1.06it/s]/usr/local/lib/python3.12/dist-packages/supervision/key_points/core.py:316: SupervisionWarnings: 'KeyPoints.confidence' is deprecated since 0.29.0 and will be removed in 0.32.0. Use 'KeyPoints.keypoint_confidence' instead.
  warn_deprecated(
/usr/local/lib/python3.12/dist-packages/supervision/key_points/core.py:308: SupervisionWarnings: 'KeyPoints.confidence' is deprecated since 0.29.0 and will be removed in 0.32.0. Use 'KeyPoints.keypoint_confidence' instead.
  warn_deprecated(
/usr/local/lib/python3.12/dist-packages/supervision/key_points/core.py:308: SupervisionWarnings: 'KeyPoints.confidence' is deprecated since 0.29.0 and will be removed in 0.32.0. Use 'KeyPoints.keypoint_confidence' instead.
  warn_deprecated(
/usr/local/lib/python3.12/dist-packages/supervision/key_points/core.py:308: SupervisionWarnings: 'KeyPoints.confidence' is deprecated since 0.29.0 and will be removed in 0.32.0. Use 'KeyPoints.keypoint_confidence' instead.
  warn_deprecated(
/usr/local/lib/python3.12/dist-packages/supervision/key_points/core.py:308: SupervisionWarnings: 'KeyPoints.confidence' is deprecated since 0.29.0 and will be removed in 0.32.0. Use 'KeyPoints.keypoint_confidence' instead.
  warn_deprecated(
 47%|████▋     | 350/750 [05:52<06:25,  1.04it/s]/usr/local/lib/python3.12/dist-packages/supervision/key_points/core.py:316: SupervisionWarnings: 'KeyPoints.confidence' is deprecated since 0.29.0 and will be removed in 0.32.0. Use 'KeyPoints.keypoint_confidence' instead.
  warn_deprecated(
/usr/local/lib/python3.12/dist-packages/supervision/key_points/core.py:308: SupervisionWarnings: 'KeyPoints.confidence' is deprecated since 0.29.0 and will be removed in 0.32.0. Use 'KeyPoints.keypoint_confidence' instead.
  warn_deprecated(
/usr/local/lib/python3.12/dist-packages/supervision/key_points/core.py:308: SupervisionWarnings: 'KeyPoints.confidence' is deprecated since 0.29.0 and will be removed in 0.32.0. Use 'KeyPoints.keypoint_confidence' instead.
  warn_deprecated(
/usr/local/lib/python3.12/dist-packages/supervision/key_points/core.py:308: SupervisionWarnings: 'KeyPoints.confidence' is deprecated since 0.29.0 and will be removed in 0.32.0. Use 'KeyPoints.keypoint_confidence' instead.
  warn_deprecated(
/usr/local/lib/python3.12/dist-packages/supervision/key_points/core.py:308: SupervisionWarnings: 'KeyPoints.confidence' is deprecated since 0.29.0 and will be removed in 0.32.0. Use 'KeyPoints.keypoint_confidence' instead.
  warn_deprecated(
 47%|████▋     | 351/750 [05:53<06:23,  1.04it/s]/usr/local/lib/python3.12/dist-packages/supervision/key_points/core.py:316: SupervisionWarnings: 'KeyPoints.confidence' is deprecated since 0.29.0 and will be removed in 0.32.0. Use 'KeyPoints.keypoint_confidence' instead.
  warn_deprecated(
/usr/local/lib/python3.12/dist-packages/supervision/key_points/core.py:308: SupervisionWarnings: 'KeyPoints.confidence' is deprecated since 0.29.0 and will be removed in 0.32.0. Use 'KeyPoints.keypoint_confidence' instead.
  warn_deprecated(
/usr/local/lib/python3.12/dist-packages/supervision/key_points/core.py:308: SupervisionWarnings: 'KeyPoints.confidence' is deprecated since 0.29.0 and will be removed in 0.32.0. Use 'KeyPoints.keypoint_confidence' instead.
  warn_deprecated(
/usr/local/lib/python3.12/dist-packages/supervision/key_points/core.py:308: SupervisionWarnings: 'KeyPoints.confidence' is deprecated since 0.29.0 and will be removed in 0.32.0. Use 'KeyPoints.keypoint_confidence' instead.
  warn_deprecated(
/usr/local/lib/python3.12/dist-packages/supervision/key_points/core.py:308: SupervisionWarnings: 'KeyPoints.confidence' is deprecated since 0.29.0 and will be removed in 0.32.0. Use 'KeyPoints.keypoint_confidence' instead.
  warn_deprecated(
 47%|████▋     | 352/750 [05:54<06:25,  1.03it/s]/usr/local/lib/python3.12/dist-packages/supervision/key_points/core.py:316: SupervisionWarnings: 'KeyPoints.confidence' is deprecated since 0.29.0 and will be removed in 0.32.0. Use 'KeyPoints.keypoint_confidence' instead.
  warn_deprecated(
/usr/local/lib/python3.12/dist-packages/supervision/key_points/core.py:308: SupervisionWarnings: 'KeyPoints.confidence' is deprecated since 0.29.0 and will be removed in 0.32.0. Use 'KeyPoints.keypoint_confidence' instead.
  warn_deprecated(
/usr/local/lib/python3.12/dist-packages/supervision/key_points/core.py:308: SupervisionWarnings: 'KeyPoints.confidence' is deprecated since 0.29.0 and will be removed in 0.32.0. Use 'KeyPoints.keypoint_confidence' instead.
  warn_deprecated(
/usr/local/lib/python3.12/dist-packages/supervision/key_points/core.py:308: SupervisionWarnings: 'KeyPoints.confidence' is deprecated since 0.29.0 and will be removed in 0.32.0. Use 'KeyPoints.keypoint_confidence' instead.
  warn_deprecated(
/usr/local/lib/python3.12/dist-packages/supervision/key_points/core.py:308: SupervisionWarnings: 'KeyPoints.confidence' is deprecated since 0.29.0 and will be removed in 0.32.0. Use 'KeyPoints.keypoint_confidence' instead.
  warn_deprecated(
 47%|████▋     | 353/750 [05:55<06:14,  1.06it/s]/usr/local/lib/python3.12/dist-packages/supervision/key_points/core.py:316: SupervisionWarnings: 'KeyPoints.confidence' is deprecated since 0.29.0 and will be removed in 0.32.0. Use 'KeyPoints.keypoint_confidence' instead.
  warn_deprecated(
/usr/local/lib/python3.12/dist-packages/supervision/key_points/core.py:308: SupervisionWarnings: 'KeyPoints.confidence' is deprecated since 0.29.0 and will be removed in 0.32.0. Use 'KeyPoints.keypoint_confidence' instead.
  warn_deprecated(
/usr/local/lib/python3.12/dist-packages/supervision/key_points/core.py:308: SupervisionWarnings: 'KeyPoints.confidence' is deprecated since 0.29.0 and will be removed in 0.32.0. Use 'KeyPoints.keypoint_confidence' instead.
  warn_deprecated(
/usr/local/lib/python3.12/dist-packages/supervision/key_points/core.py:308: SupervisionWarnings: 'KeyPoints.confidence' is deprecated since 0.29.0 and will be removed in 0.32.0. Use 'KeyPoints.keypoint_confidence' instead.
  warn_deprecated(
/usr/local/lib/python3.12/dist-packages/supervision/key_points/core.py:308: SupervisionWarnings: 'KeyPoints.confidence' is deprecated since 0.29.0 and will be removed in 0.32.0. Use 'KeyPoints.keypoint_confidence' instead.
  warn_deprecated(
 47%|████▋     | 354/750 [05:56<06:43,  1.02s/it]/usr/local/lib/python3.12/dist-packages/supervision/key_points/core.py:316: SupervisionWarnings: 'KeyPoints.confidence' is deprecated since 0.29.0 and will be removed in 0.32.0. Use 'KeyPoints.keypoint_confidence' instead.
  warn_deprecated(
/usr/local/lib/python3.12/dist-packages/supervision/key_points/core.py:308: SupervisionWarnings: 'KeyPoints.confidence' is deprecated since 0.29.0 and will be removed in 0.32.0. Use 'KeyPoints.keypoint_confidence' instead.
  warn_deprecated(
/usr/local/lib/python3.12/dist-packages/supervision/key_points/core.py:308: SupervisionWarnings: 'KeyPoints.confidence' is deprecated since 0.29.0 and will be removed in 0.32.0. Use 'KeyPoints.keypoint_confidence' instead.
  warn_deprecated(
/usr/local/lib/python3.12/dist-packages/supervision/key_points/core.py:308: SupervisionWarnings: 'KeyPoints.confidence' is deprecated since 0.29.0 and will be removed in 0.32.0. Use 'KeyPoints.keypoint_confidence' instead.
  warn_deprecated(
/usr/local/lib/python3.12/dist-packages/supervision/key_points/core.py:308: SupervisionWarnings: 'KeyPoints.confidence' is deprecated since 0.29.0 and will be removed in 0.32.0. Use 'KeyPoints.keypoint_confidence' instead.
  warn_deprecated(
 47%|████▋     | 355/750 [05:57<06:15,  1.05it/s]/usr/local/lib/python3.12/dist-packages/supervision/key_points/core.py:316: SupervisionWarnings: 'KeyPoints.confidence' is deprecated since 0.29.0 and will be removed in 0.32.0. Use 'KeyPoints.keypoint_confidence' instead.
  warn_deprecated(
/usr/local/lib/python3.12/dist-packages/supervision/key_points/core.py:308: SupervisionWarnings: 'KeyPoints.confidence' is deprecated since 0.29.0 and will be removed in 0.32.0. Use 'KeyPoints.keypoint_confidence' instead.
  warn_deprecated(
/usr/local/lib/python3.12/dist-packages/supervision/key_points/core.py:308: SupervisionWarnings: 'KeyPoints.confidence' is deprecated since 0.29.0 and will be removed in 0.32.0. Use 'KeyPoints.keypoint_confidence' instead.
  warn_deprecated(
/usr/local/lib/python3.12/dist-packages/supervision/key_points/core.py:308: SupervisionWarnings: 'KeyPoints.confidence' is deprecated since 0.29.0 and will be removed in 0.32.0. Use 'KeyPoints.keypoint_confidence' instead.
  warn_deprecated(
/usr/local/lib/python3.12/dist-packages/supervision/key_points/core.py:308: SupervisionWarnings: 'KeyPoints.confidence' is deprecated since 0.29.0 and will be removed in 0.32.0. Use 'KeyPoints.keypoint_confidence' instead.
  warn_deprecated(
 47%|████▋     | 356/750 [05:58<06:00,  1.09it/s]/usr/local/lib/python3.12/dist-packages/supervision/key_points/core.py:316: SupervisionWarnings: 'KeyPoints.confidence' is deprecated since 0.29.0 and will be removed in 0.32.0. Use 'KeyPoints.keypoint_confidence' instead.
  warn_deprecated(
/usr/local/lib/python3.12/dist-packages/supervision/key_points/core.py:308: SupervisionWarnings: 'KeyPoints.confidence' is deprecated since 0.29.0 and will be removed in 0.32.0. Use 'KeyPoints.keypoint_confidence' instead.
  warn_deprecated(
/usr/local/lib/python3.12/dist-packages/supervision/key_points/core.py:308: SupervisionWarnings: 'KeyPoints.confidence' is deprecated since 0.29.0 and will be removed in 0.32.0. Use 'KeyPoints.keypoint_confidence' instead.
  warn_deprecated(
/usr/local/lib/python3.12/dist-packages/supervision/key_points/core.py:308: SupervisionWarnings: 'KeyPoints.confidence' is deprecated since 0.29.0 and will be removed in 0.32.0. Use 'KeyPoints.keypoint_confidence' instead.
  warn_deprecated(
/usr/local/lib/python3.12/dist-packages/supervision/key_points/core.py:308: SupervisionWarnings: 'KeyPoints.confidence' is deprecated since 0.29.0 and will be removed in 0.32.0. Use 'KeyPoints.keypoint_confidence' instead.
  warn_deprecated(
 48%|████▊     | 357/750 [05:58<05:41,  1.15it/s]/usr/local/lib/python3.12/dist-packages/supervision/key_points/core.py:316: SupervisionWarnings: 'KeyPoints.confidence' is deprecated since 0.29.0 and will be removed in 0.32.0. Use 'KeyPoints.keypoint_confidence' instead.
  warn_deprecated(
/usr/local/lib/python3.12/dist-packages/supervision/key_points/core.py:308: SupervisionWarnings: 'KeyPoints.confidence' is deprecated since 0.29.0 and will be removed in 0.32.0. Use 'KeyPoints.keypoint_confidence' instead.
  warn_deprecated(
/usr/local/lib/python3.12/dist-packages/supervision/key_points/core.py:308: SupervisionWarnings: 'KeyPoints.confidence' is deprecated since 0.29.0 and will be removed in 0.32.0. Use 'KeyPoints.keypoint_confidence' instead.
  warn_deprecated(
/usr/local/lib/python3.12/dist-packages/supervision/key_points/core.py:308: SupervisionWarnings: 'KeyPoints.confidence' is deprecated since 0.29.0 and will be removed in 0.32.0. Use 'KeyPoints.keypoint_confidence' instead.
  warn_deprecated(
/usr/local/lib/python3.12/dist-packages/supervision/key_points/core.py:308: SupervisionWarnings: 'KeyPoints.confidence' is deprecated since 0.29.0 and will be removed in 0.32.0. Use 'KeyPoints.keypoint_confidence' instead.
  warn_deprecated(
 48%|████▊     | 358/750 [05:59<05:27,  1.20it/s]/usr/local/lib/python3.12/dist-packages/supervision/key_points/core.py:316: SupervisionWarnings: 'KeyPoints.confidence' is deprecated since 0.29.0 and will be removed in 0.32.0. Use 'KeyPoints.keypoint_confidence' instead.
  warn_deprecated(
/usr/local/lib/python3.12/dist-packages/supervision/key_points/core.py:308: SupervisionWarnings: 'KeyPoints.confidence' is deprecated since 0.29.0 and will be removed in 0.32.0. Use 'KeyPoints.keypoint_confidence' instead.
  warn_deprecated(
/usr/local/lib/python3.12/dist-packages/supervision/key_points/core.py:308: SupervisionWarnings: 'KeyPoints.confidence' is deprecated since 0.29.0 and will be removed in 0.32.0. Use 'KeyPoints.keypoint_confidence' instead.
  warn_deprecated(
/usr/local/lib/python3.12/dist-packages/supervision/key_points/core.py:308: SupervisionWarnings: 'KeyPoints.confidence' is deprecated since 0.29.0 and will be removed in 0.32.0. Use 'KeyPoints.keypoint_confidence' instead.
  warn_deprecated(
/usr/local/lib/python3.12/dist-packages/supervision/key_points/core.py:308: SupervisionWarnings: 'KeyPoints.confidence' is deprecated since 0.29.0 and will be removed in 0.32.0. Use 'KeyPoints.keypoint_confidence' instead.
  warn_deprecated(
 48%|████▊     | 359/750 [06:00<05:20,  1.22it/s]/usr/local/lib/python3.12/dist-packages/supervision/key_points/core.py:316: SupervisionWarnings: 'KeyPoints.confidence' is deprecated since 0.29.0 and will be removed in 0.32.0. Use 'KeyPoints.keypoint_confidence' instead.
  warn_deprecated(
/usr/local/lib/python3.12/dist-packages/supervision/key_points/core.py:308: SupervisionWarnings: 'KeyPoints.confidence' is deprecated since 0.29.0 and will be removed in 0.32.0. Use 'KeyPoints.keypoint_confidence' instead.
  warn_deprecated(
/usr/local/lib/python3.12/dist-packages/supervision/key_points/core.py:308: SupervisionWarnings: 'KeyPoints.confidence' is deprecated since 0.29.0 and will be removed in 0.32.0. Use 'KeyPoints.keypoint_confidence' instead.
  warn_deprecated(
/usr/local/lib/python3.12/dist-packages/supervision/key_points/core.py:308: SupervisionWarnings: 'KeyPoints.confidence' is deprecated since 0.29.0 and will be removed in 0.32.0. Use 'KeyPoints.keypoint_confidence' instead.
  warn_deprecated(
/usr/local/lib/python3.12/dist-packages/supervision/key_points/core.py:308: SupervisionWarnings: 'KeyPoints.confidence' is deprecated since 0.29.0 and will be removed in 0.32.0. Use 'KeyPoints.keypoint_confidence' instead.
  warn_deprecated(
 48%|████▊     | 360/750 [06:01<05:15,  1.24it/s]/usr/local/lib/python3.12/dist-packages/supervision/key_points/core.py:316: SupervisionWarnings: 'KeyPoints.confidence' is deprecated since 0.29.0 and will be removed in 0.32.0. Use 'KeyPoints.keypoint_confidence' instead.
  warn_deprecated(
/usr/local/lib/python3.12/dist-packages/supervision/key_points/core.py:308: SupervisionWarnings: 'KeyPoints.confidence' is deprecated since 0.29.0 and will be removed in 0.32.0. Use 'KeyPoints.keypoint_confidence' instead.
  warn_deprecated(
/usr/local/lib/python3.12/dist-packages/supervision/key_points/core.py:308: SupervisionWarnings: 'KeyPoints.confidence' is deprecated since 0.29.0 and will be removed in 0.32.0. Use 'KeyPoints.keypoint_confidence' instead.
  warn_deprecated(
/usr/local/lib/python3.12/dist-packages/supervision/key_points/core.py:308: SupervisionWarnings: 'KeyPoints.confidence' is deprecated since 0.29.0 and will be removed in 0.32.0. Use 'KeyPoints.keypoint_confidence' instead.
  warn_deprecated(
/usr/local/lib/python3.12/dist-packages/supervision/key_points/core.py:308: SupervisionWarnings: 'KeyPoints.confidence' is deprecated since 0.29.0 and will be removed in 0.32.0. Use 'KeyPoints.keypoint_confidence' instead.
  warn_deprecated(
 48%|████▊     | 361/750 [06:02<05:12,  1.25it/s]/usr/local/lib/python3.12/dist-packages/supervision/key_points/core.py:316: SupervisionWarnings: 'KeyPoints.confidence' is deprecated since 0.29.0 and will be removed in 0.32.0. Use 'KeyPoints.keypoint_confidence' instead.
  warn_deprecated(
/usr/local/lib/python3.12/dist-packages/supervision/key_points/core.py:308: SupervisionWarnings: 'KeyPoints.confidence' is deprecated since 0.29.0 and will be removed in 0.32.0. Use 'KeyPoints.keypoint_confidence' instead.
  warn_deprecated(
/usr/local/lib/python3.12/dist-packages/supervision/key_points/core.py:308: SupervisionWarnings: 'KeyPoints.confidence' is deprecated since 0.29.0 and will be removed in 0.32.0. Use 'KeyPoints.keypoint_confidence' instead.
  warn_deprecated(
/usr/local/lib/python3.12/dist-packages/supervision/key_points/core.py:308: SupervisionWarnings: 'KeyPoints.confidence' is deprecated since 0.29.0 and will be removed in 0.32.0. Use 'KeyPoints.keypoint_confidence' instead.
  warn_deprecated(
/usr/local/lib/python3.12/dist-packages/supervision/key_points/core.py:308: SupervisionWarnings: 'KeyPoints.confidence' is deprecated since 0.29.0 and will be removed in 0.32.0. Use 'KeyPoints.keypoint_confidence' instead.
  warn_deprecated(
 48%|████▊     | 362/750 [06:03<06:00,  1.08it/s]/usr/local/lib/python3.12/dist-packages/supervision/key_points/core.py:316: SupervisionWarnings: 'KeyPoints.confidence' is deprecated since 0.29.0 and will be removed in 0.32.0. Use 'KeyPoints.keypoint_confidence' instead.
  warn_deprecated(
/usr/local/lib/python3.12/dist-packages/supervision/key_points/core.py:308: SupervisionWarnings: 'KeyPoints.confidence' is deprecated since 0.29.0 and will be removed in 0.32.0. Use 'KeyPoints.keypoint_confidence' instead.
  warn_deprecated(
/usr/local/lib/python3.12/dist-packages/supervision/key_points/core.py:308: SupervisionWarnings: 'KeyPoints.confidence' is deprecated since 0.29.0 and will be removed in 0.32.0. Use 'KeyPoints.keypoint_confidence' instead.
  warn_deprecated(
/usr/local/lib/python3.12/dist-packages/supervision/key_points/core.py:308: SupervisionWarnings: 'KeyPoints.confidence' is deprecated since 0.29.0 and will be removed in 0.32.0. Use 'KeyPoints.keypoint_confidence' instead.
  warn_deprecated(
/usr/local/lib/python3.12/dist-packages/supervision/key_points/core.py:308: SupervisionWarnings: 'KeyPoints.confidence' is deprecated since 0.29.0 and will be removed in 0.32.0. Use 'KeyPoints.keypoint_confidence' instead.
  warn_deprecated(
 48%|████▊     | 363/750 [06:04<05:42,  1.13it/s]/usr/local/lib/python3.12/dist-packages/supervision/key_points/core.py:316: SupervisionWarnings: 'KeyPoints.confidence' is deprecated since 0.29.0 and will be removed in 0.32.0. Use 'KeyPoints.keypoint_confidence' instead.
  warn_deprecated(
/usr/local/lib/python3.12/dist-packages/supervision/key_points/core.py:308: SupervisionWarnings: 'KeyPoints.confidence' is deprecated since 0.29.0 and will be removed in 0.32.0. Use 'KeyPoints.keypoint_confidence' instead.
  warn_deprecated(
/usr/local/lib/python3.12/dist-packages/supervision/key_points/core.py:308: SupervisionWarnings: 'KeyPoints.confidence' is deprecated since 0.29.0 and will be removed in 0.32.0. Use 'KeyPoints.keypoint_confidence' instead.
  warn_deprecated(
/usr/local/lib/python3.12/dist-packages/supervision/key_points/core.py:308: SupervisionWarnings: 'KeyPoints.confidence' is deprecated since 0.29.0 and will be removed in 0.32.0. Use 'KeyPoints.keypoint_confidence' instead.
  warn_deprecated(
/usr/local/lib/python3.12/dist-packages/supervision/key_points/core.py:308: SupervisionWarnings: 'KeyPoints.confidence' is deprecated since 0.29.0 and will be removed in 0.32.0. Use 'KeyPoints.keypoint_confidence' instead.
  warn_deprecated(
 49%|████▊     | 364/750 [06:05<06:28,  1.01s/it]/usr/local/lib/python3.12/dist-packages/supervision/key_points/core.py:316: SupervisionWarnings: 'KeyPoints.confidence' is deprecated since 0.29.0 and will be removed in 0.32.0. Use 'KeyPoints.keypoint_confidence' instead.
  warn_deprecated(
/usr/local/lib/python3.12/dist-packages/supervision/key_points/core.py:308: SupervisionWarnings: 'KeyPoints.confidence' is deprecated since 0.29.0 and will be removed in 0.32.0. Use 'KeyPoints.keypoint_confidence' instead.
  warn_deprecated(
/usr/local/lib/python3.12/dist-packages/supervision/key_points/core.py:308: SupervisionWarnings: 'KeyPoints.confidence' is deprecated since 0.29.0 and will be removed in 0.32.0. Use 'KeyPoints.keypoint_confidence' instead.
  warn_deprecated(
/usr/local/lib/python3.12/dist-packages/supervision/key_points/core.py:308: SupervisionWarnings: 'KeyPoints.confidence' is deprecated since 0.29.0 and will be removed in 0.32.0. Use 'KeyPoints.keypoint_confidence' instead.
  warn_deprecated(
/usr/local/lib/python3.12/dist-packages/supervision/key_points/core.py:308: SupervisionWarnings: 'KeyPoints.confidence' is deprecated since 0.29.0 and will be removed in 0.32.0. Use 'KeyPoints.keypoint_confidence' instead.
  warn_deprecated(
 49%|████▊     | 365/750 [06:06<06:11,  1.04it/s]/usr/local/lib/python3.12/dist-packages/supervision/key_points/core.py:316: SupervisionWarnings: 'KeyPoints.confidence' is deprecated since 0.29.0 and will be removed in 0.32.0. Use 'KeyPoints.keypoint_confidence' instead.
  warn_deprecated(
/usr/local/lib/python3.12/dist-packages/supervision/key_points/core.py:308: SupervisionWarnings: 'KeyPoints.confidence' is deprecated since 0.29.0 and will be removed in 0.32.0. Use 'KeyPoints.keypoint_confidence' instead.
  warn_deprecated(
/usr/local/lib/python3.12/dist-packages/supervision/key_points/core.py:308: SupervisionWarnings: 'KeyPoints.confidence' is deprecated since 0.29.0 and will be removed in 0.32.0. Use 'KeyPoints.keypoint_confidence' instead.
  warn_deprecated(
/usr/local/lib/python3.12/dist-packages/supervision/key_points/core.py:308: SupervisionWarnings: 'KeyPoints.confidence' is deprecated since 0.29.0 and will be removed in 0.32.0. Use 'KeyPoints.keypoint_confidence' instead.
  warn_deprecated(
/usr/local/lib/python3.12/dist-packages/supervision/key_points/core.py:308: SupervisionWarnings: 'KeyPoints.confidence' is deprecated since 0.29.0 and will be removed in 0.32.0. Use 'KeyPoints.keypoint_confidence' instead.
  warn_deprecated(
 49%|████▉     | 366/750 [06:07<06:11,  1.03it/s]/usr/local/lib/python3.12/dist-packages/supervision/key_points/core.py:316: SupervisionWarnings: 'KeyPoints.confidence' is deprecated since 0.29.0 and will be removed in 0.32.0. Use 'KeyPoints.keypoint_confidence' instead.
  warn_deprecated(
/usr/local/lib/python3.12/dist-packages/supervision/key_points/core.py:308: SupervisionWarnings: 'KeyPoints.confidence' is deprecated since 0.29.0 and will be removed in 0.32.0. Use 'KeyPoints.keypoint_confidence' instead.
  warn_deprecated(
/usr/local/lib/python3.12/dist-packages/supervision/key_points/core.py:308: SupervisionWarnings: 'KeyPoints.confidence' is deprecated since 0.29.0 and will be removed in 0.32.0. Use 'KeyPoints.keypoint_confidence' instead.
  warn_deprecated(
/usr/local/lib/python3.12/dist-packages/supervision/key_points/core.py:308: SupervisionWarnings: 'KeyPoints.confidence' is deprecated since 0.29.0 and will be removed in 0.32.0. Use 'KeyPoints.keypoint_confidence' instead.
  warn_deprecated(
/usr/local/lib/python3.12/dist-packages/supervision/key_points/core.py:308: SupervisionWarnings: 'KeyPoints.confidence' is deprecated since 0.29.0 and will be removed in 0.32.0. Use 'KeyPoints.keypoint_confidence' instead.
  warn_deprecated(
 49%|████▉     | 367/750 [06:08<06:17,  1.02it/s]/usr/local/lib/python3.12/dist-packages/supervision/key_points/core.py:316: SupervisionWarnings: 'KeyPoints.confidence' is deprecated since 0.29.0 and will be removed in 0.32.0. Use 'KeyPoints.keypoint_confidence' instead.
  warn_deprecated(
/usr/local/lib/python3.12/dist-packages/supervision/key_points/core.py:308: SupervisionWarnings: 'KeyPoints.confidence' is deprecated since 0.29.0 and will be removed in 0.32.0. Use 'KeyPoints.keypoint_confidence' instead.
  warn_deprecated(
/usr/local/lib/python3.12/dist-packages/supervision/key_points/core.py:308: SupervisionWarnings: 'KeyPoints.confidence' is deprecated since 0.29.0 and will be removed in 0.32.0. Use 'KeyPoints.keypoint_confidence' instead.
  warn_deprecated(
/usr/local/lib/python3.12/dist-packages/supervision/key_points/core.py:308: SupervisionWarnings: 'KeyPoints.confidence' is deprecated since 0.29.0 and will be removed in 0.32.0. Use 'KeyPoints.keypoint_confidence' instead.
  warn_deprecated(
/usr/local/lib/python3.12/dist-packages/supervision/key_points/core.py:308: SupervisionWarnings: 'KeyPoints.confidence' is deprecated since 0.29.0 and will be removed in 0.32.0. Use 'KeyPoints.keypoint_confidence' instead.
  warn_deprecated(
 49%|████▉     | 368/750 [06:09<07:02,  1.11s/it]/usr/local/lib/python3.12/dist-packages/supervision/key_points/core.py:316: SupervisionWarnings: 'KeyPoints.confidence' is deprecated since 0.29.0 and will be removed in 0.32.0. Use 'KeyPoints.keypoint_confidence' instead.
  warn_deprecated(
/usr/local/lib/python3.12/dist-packages/supervision/key_points/core.py:308: SupervisionWarnings: 'KeyPoints.confidence' is deprecated since 0.29.0 and will be removed in 0.32.0. Use 'KeyPoints.keypoint_confidence' instead.
  warn_deprecated(
/usr/local/lib/python3.12/dist-packages/supervision/key_points/core.py:308: SupervisionWarnings: 'KeyPoints.confidence' is deprecated since 0.29.0 and will be removed in 0.32.0. Use 'KeyPoints.keypoint_confidence' instead.
  warn_deprecated(
/usr/local/lib/python3.12/dist-packages/supervision/key_points/core.py:308: SupervisionWarnings: 'KeyPoints.confidence' is deprecated since 0.29.0 and will be removed in 0.32.0. Use 'KeyPoints.keypoint_confidence' instead.
  warn_deprecated(
/usr/local/lib/python3.12/dist-packages/supervision/key_points/core.py:308: SupervisionWarnings: 'KeyPoints.confidence' is deprecated since 0.29.0 and will be removed in 0.32.0. Use 'KeyPoints.keypoint_confidence' instead.
  warn_deprecated(
 49%|████▉     | 369/750 [06:10<06:33,  1.03s/it]/usr/local/lib/python3.12/dist-packages/supervision/key_points/core.py:316: SupervisionWarnings: 'KeyPoints.confidence' is deprecated since 0.29.0 and will be removed in 0.32.0. Use 'KeyPoints.keypoint_confidence' instead.
  warn_deprecated(
/usr/local/lib/python3.12/dist-packages/supervision/key_points/core.py:308: SupervisionWarnings: 'KeyPoints.confidence' is deprecated since 0.29.0 and will be removed in 0.32.0. Use 'KeyPoints.keypoint_confidence' instead.
  warn_deprecated(
/usr/local/lib/python3.12/dist-packages/supervision/key_points/core.py:308: SupervisionWarnings: 'KeyPoints.confidence' is deprecated since 0.29.0 and will be removed in 0.32.0. Use 'KeyPoints.keypoint_confidence' instead.
  warn_deprecated(
/usr/local/lib/python3.12/dist-packages/supervision/key_points/core.py:308: SupervisionWarnings: 'KeyPoints.confidence' is deprecated since 0.29.0 and will be removed in 0.32.0. Use 'KeyPoints.keypoint_confidence' instead.
  warn_deprecated(
/usr/local/lib/python3.12/dist-packages/supervision/key_points/core.py:308: SupervisionWarnings: 'KeyPoints.confidence' is deprecated since 0.29.0 and will be removed in 0.32.0. Use 'KeyPoints.keypoint_confidence' instead.
  warn_deprecated(
 49%|████▉     | 370/750 [06:11<06:51,  1.08s/it]/usr/local/lib/python3.12/dist-packages/supervision/key_points/core.py:316: SupervisionWarnings: 'KeyPoints.confidence' is deprecated since 0.29.0 and will be removed in 0.32.0. Use 'KeyPoints.keypoint_confidence' instead.
  warn_deprecated(
/usr/local/lib/python3.12/dist-packages/supervision/key_points/core.py:308: SupervisionWarnings: 'KeyPoints.confidence' is deprecated since 0.29.0 and will be removed in 0.32.0. Use 'KeyPoints.keypoint_confidence' instead.
  warn_deprecated(
/usr/local/lib/python3.12/dist-packages/supervision/key_points/core.py:308: SupervisionWarnings: 'KeyPoints.confidence' is deprecated since 0.29.0 and will be removed in 0.32.0. Use 'KeyPoints.keypoint_confidence' instead.
  warn_deprecated(
/usr/local/lib/python3.12/dist-packages/supervision/key_points/core.py:308: SupervisionWarnings: 'KeyPoints.confidence' is deprecated since 0.29.0 and will be removed in 0.32.0. Use 'KeyPoints.keypoint_confidence' instead.
  warn_deprecated(
/usr/local/lib/python3.12/dist-packages/supervision/key_points/core.py:308: SupervisionWarnings: 'KeyPoints.confidence' is deprecated since 0.29.0 and will be removed in 0.32.0. Use 'KeyPoints.keypoint_confidence' instead.
  warn_deprecated(
 49%|████▉     | 371/750 [06:12<07:08,  1.13s/it]/usr/local/lib/python3.12/dist-packages/supervision/key_points/core.py:316: SupervisionWarnings: 'KeyPoints.confidence' is deprecated since 0.29.0 and will be removed in 0.32.0. Use 'KeyPoints.keypoint_confidence' instead.
  warn_deprecated(
/usr/local/lib/python3.12/dist-packages/supervision/key_points/core.py:308: SupervisionWarnings: 'KeyPoints.confidence' is deprecated since 0.29.0 and will be removed in 0.32.0. Use 'KeyPoints.keypoint_confidence' instead.
  warn_deprecated(
/usr/local/lib/python3.12/dist-packages/supervision/key_points/core.py:308: SupervisionWarnings: 'KeyPoints.confidence' is deprecated since 0.29.0 and will be removed in 0.32.0. Use 'KeyPoints.keypoint_confidence' instead.
  warn_deprecated(
/usr/local/lib/python3.12/dist-packages/supervision/key_points/core.py:308: SupervisionWarnings: 'KeyPoints.confidence' is deprecated since 0.29.0 and will be removed in 0.32.0. Use 'KeyPoints.keypoint_confidence' instead.
  warn_deprecated(
/usr/local/lib/python3.12/dist-packages/supervision/key_points/core.py:308: SupervisionWarnings: 'KeyPoints.confidence' is deprecated since 0.29.0 and will be removed in 0.32.0. Use 'KeyPoints.keypoint_confidence' instead.
  warn_deprecated(
 50%|████▉     | 372/750 [06:14<07:15,  1.15s/it]/usr/local/lib/python3.12/dist-packages/supervision/key_points/core.py:316: SupervisionWarnings: 'KeyPoints.confidence' is deprecated since 0.29.0 and will be removed in 0.32.0. Use 'KeyPoints.keypoint_confidence' instead.
  warn_deprecated(
/usr/local/lib/python3.12/dist-packages/supervision/key_points/core.py:308: SupervisionWarnings: 'KeyPoints.confidence' is deprecated since 0.29.0 and will be removed in 0.32.0. Use 'KeyPoints.keypoint_confidence' instead.
  warn_deprecated(
/usr/local/lib/python3.12/dist-packages/supervision/key_points/core.py:308: SupervisionWarnings: 'KeyPoints.confidence' is deprecated since 0.29.0 and will be removed in 0.32.0. Use 'KeyPoints.keypoint_confidence' instead.
  warn_deprecated(
/usr/local/lib/python3.12/dist-packages/supervision/key_points/core.py:308: SupervisionWarnings: 'KeyPoints.confidence' is deprecated since 0.29.0 and will be removed in 0.32.0. Use 'KeyPoints.keypoint_confidence' instead.
  warn_deprecated(
/usr/local/lib/python3.12/dist-packages/supervision/key_points/core.py:308: SupervisionWarnings: 'KeyPoints.confidence' is deprecated since 0.29.0 and will be removed in 0.32.0. Use 'KeyPoints.keypoint_confidence' instead.
  warn_deprecated(
 50%|████▉     | 373/750 [06:14<06:36,  1.05s/it]/usr/local/lib/python3.12/dist-packages/supervision/key_points/core.py:316: SupervisionWarnings: 'KeyPoints.confidence' is deprecated since 0.29.0 and will be removed in 0.32.0. Use 'KeyPoints.keypoint_confidence' instead.
  warn_deprecated(
/usr/local/lib/python3.12/dist-packages/supervision/key_points/core.py:308: SupervisionWarnings: 'KeyPoints.confidence' is deprecated since 0.29.0 and will be removed in 0.32.0. Use 'KeyPoints.keypoint_confidence' instead.
  warn_deprecated(
/usr/local/lib/python3.12/dist-packages/supervision/key_points/core.py:308: SupervisionWarnings: 'KeyPoints.confidence' is deprecated since 0.29.0 and will be removed in 0.32.0. Use 'KeyPoints.keypoint_confidence' instead.
  warn_deprecated(
/usr/local/lib/python3.12/dist-packages/supervision/key_points/core.py:308: SupervisionWarnings: 'KeyPoints.confidence' is deprecated since 0.29.0 and will be removed in 0.32.0. Use 'KeyPoints.keypoint_confidence' instead.
  warn_deprecated(
/usr/local/lib/python3.12/dist-packages/supervision/key_points/core.py:308: SupervisionWarnings: 'KeyPoints.confidence' is deprecated since 0.29.0 and will be removed in 0.32.0. Use 'KeyPoints.keypoint_confidence' instead.
  warn_deprecated(
 50%|████▉     | 374/750 [06:16<06:52,  1.10s/it]/usr/local/lib/python3.12/dist-packages/supervision/key_points/core.py:316: SupervisionWarnings: 'KeyPoints.confidence' is deprecated since 0.29.0 and will be removed in 0.32.0. Use 'KeyPoints.keypoint_confidence' instead.
  warn_deprecated(
/usr/local/lib/python3.12/dist-packages/supervision/key_points/core.py:308: SupervisionWarnings: 'KeyPoints.confidence' is deprecated since 0.29.0 and will be removed in 0.32.0. Use 'KeyPoints.keypoint_confidence' instead.
  warn_deprecated(
/usr/local/lib/python3.12/dist-packages/supervision/key_points/core.py:308: SupervisionWarnings: 'KeyPoints.confidence' is deprecated since 0.29.0 and will be removed in 0.32.0. Use 'KeyPoints.keypoint_confidence' instead.
  warn_deprecated(
/usr/local/lib/python3.12/dist-packages/supervision/key_points/core.py:308: SupervisionWarnings: 'KeyPoints.confidence' is deprecated since 0.29.0 and will be removed in 0.32.0. Use 'KeyPoints.keypoint_confidence' instead.
  warn_deprecated(
/usr/local/lib/python3.12/dist-packages/supervision/key_points/core.py:308: SupervisionWarnings: 'KeyPoints.confidence' is deprecated since 0.29.0 and will be removed in 0.32.0. Use 'KeyPoints.keypoint_confidence' instead.
  warn_deprecated(
 50%|█████     | 375/750 [06:17<07:02,  1.13s/it]/usr/local/lib/python3.12/dist-packages/supervision/key_points/core.py:316: SupervisionWarnings: 'KeyPoints.confidence' is deprecated since 0.29.0 and will be removed in 0.32.0. Use 'KeyPoints.keypoint_confidence' instead.
  warn_deprecated(
/usr/local/lib/python3.12/dist-packages/supervision/key_points/core.py:308: SupervisionWarnings: 'KeyPoints.confidence' is deprecated since 0.29.0 and will be removed in 0.32.0. Use 'KeyPoints.keypoint_confidence' instead.
  warn_deprecated(
/usr/local/lib/python3.12/dist-packages/supervision/key_points/core.py:308: SupervisionWarnings: 'KeyPoints.confidence' is deprecated since 0.29.0 and will be removed in 0.32.0. Use 'KeyPoints.keypoint_confidence' instead.
  warn_deprecated(
/usr/local/lib/python3.12/dist-packages/supervision/key_points/core.py:308: SupervisionWarnings: 'KeyPoints.confidence' is deprecated since 0.29.0 and will be removed in 0.32.0. Use 'KeyPoints.keypoint_confidence' instead.
  warn_deprecated(
/usr/local/lib/python3.12/dist-packages/supervision/key_points/core.py:308: SupervisionWarnings: 'KeyPoints.confidence' is deprecated since 0.29.0 and will be removed in 0.32.0. Use 'KeyPoints.keypoint_confidence' instead.
  warn_deprecated(
 50%|█████     | 376/750 [06:18<07:12,  1.16s/it]/usr/local/lib/python3.12/dist-packages/supervision/key_points/core.py:316: SupervisionWarnings: 'KeyPoints.confidence' is deprecated since 0.29.0 and will be removed in 0.32.0. Use 'KeyPoints.keypoint_confidence' instead.
  warn_deprecated(
/usr/local/lib/python3.12/dist-packages/supervision/key_points/core.py:308: SupervisionWarnings: 'KeyPoints.confidence' is deprecated since 0.29.0 and will be removed in 0.32.0. Use 'KeyPoints.keypoint_confidence' instead.
  warn_deprecated(
/usr/local/lib/python3.12/dist-packages/supervision/key_points/core.py:308: SupervisionWarnings: 'KeyPoints.confidence' is deprecated since 0.29.0 and will be removed in 0.32.0. Use 'KeyPoints.keypoint_confidence' instead.
  warn_deprecated(
/usr/local/lib/python3.12/dist-packages/supervision/key_points/core.py:308: SupervisionWarnings: 'KeyPoints.confidence' is deprecated since 0.29.0 and will be removed in 0.32.0. Use 'KeyPoints.keypoint_confidence' instead.
  warn_deprecated(
/usr/local/lib/python3.12/dist-packages/supervision/key_points/core.py:308: SupervisionWarnings: 'KeyPoints.confidence' is deprecated since 0.29.0 and will be removed in 0.32.0. Use 'KeyPoints.keypoint_confidence' instead.
  warn_deprecated(
 50%|█████     | 377/750 [06:19<07:17,  1.17s/it]/usr/local/lib/python3.12/dist-packages/supervision/key_points/core.py:316: SupervisionWarnings: 'KeyPoints.confidence' is deprecated since 0.29.0 and will be removed in 0.32.0. Use 'KeyPoints.keypoint_confidence' instead.
  warn_deprecated(
/usr/local/lib/python3.12/dist-packages/supervision/key_points/core.py:308: SupervisionWarnings: 'KeyPoints.confidence' is deprecated since 0.29.0 and will be removed in 0.32.0. Use 'KeyPoints.keypoint_confidence' instead.
  warn_deprecated(
/usr/local/lib/python3.12/dist-packages/supervision/key_points/core.py:308: SupervisionWarnings: 'KeyPoints.confidence' is deprecated since 0.29.0 and will be removed in 0.32.0. Use 'KeyPoints.keypoint_confidence' instead.
  warn_deprecated(
/usr/local/lib/python3.12/dist-packages/supervision/key_points/core.py:308: SupervisionWarnings: 'KeyPoints.confidence' is deprecated since 0.29.0 and will be removed in 0.32.0. Use 'KeyPoints.keypoint_confidence' instead.
  warn_deprecated(
/usr/local/lib/python3.12/dist-packages/supervision/key_points/core.py:308: SupervisionWarnings: 'KeyPoints.confidence' is deprecated since 0.29.0 and will be removed in 0.32.0. Use 'KeyPoints.keypoint_confidence' instead.
  warn_deprecated(
 50%|█████     | 378/750 [06:20<06:41,  1.08s/it]/usr/local/lib/python3.12/dist-packages/supervision/key_points/core.py:316: SupervisionWarnings: 'KeyPoints.confidence' is deprecated since 0.29.0 and will be removed in 0.32.0. Use 'KeyPoints.keypoint_confidence' instead.
  warn_deprecated(
/usr/local/lib/python3.12/dist-packages/supervision/key_points/core.py:308: SupervisionWarnings: 'KeyPoints.confidence' is deprecated since 0.29.0 and will be removed in 0.32.0. Use 'KeyPoints.keypoint_confidence' instead.
  warn_deprecated(
/usr/local/lib/python3.12/dist-packages/supervision/key_points/core.py:308: SupervisionWarnings: 'KeyPoints.confidence' is deprecated since 0.29.0 and will be removed in 0.32.0. Use 'KeyPoints.keypoint_confidence' instead.
  warn_deprecated(
/usr/local/lib/python3.12/dist-packages/supervision/key_points/core.py:308: SupervisionWarnings: 'KeyPoints.confidence' is deprecated since 0.29.0 and will be removed in 0.32.0. Use 'KeyPoints.keypoint_confidence' instead.
  warn_deprecated(
/usr/local/lib/python3.12/dist-packages/supervision/key_points/core.py:308: SupervisionWarnings: 'KeyPoints.confidence' is deprecated since 0.29.0 and will be removed in 0.32.0. Use 'KeyPoints.keypoint_confidence' instead.
  warn_deprecated(
 51%|█████     | 379/750 [06:21<06:30,  1.05s/it]/usr/local/lib/python3.12/dist-packages/supervision/key_points/core.py:316: SupervisionWarnings: 'KeyPoints.confidence' is deprecated since 0.29.0 and will be removed in 0.32.0. Use 'KeyPoints.keypoint_confidence' instead.
  warn_deprecated(
/usr/local/lib/python3.12/dist-packages/supervision/key_points/core.py:308: SupervisionWarnings: 'KeyPoints.confidence' is deprecated since 0.29.0 and will be removed in 0.32.0. Use 'KeyPoints.keypoint_confidence' instead.
  warn_deprecated(
/usr/local/lib/python3.12/dist-packages/supervision/key_points/core.py:308: SupervisionWarnings: 'KeyPoints.confidence' is deprecated since 0.29.0 and will be removed in 0.32.0. Use 'KeyPoints.keypoint_confidence' instead.
  warn_deprecated(
/usr/local/lib/python3.12/dist-packages/supervision/key_points/core.py:308: SupervisionWarnings: 'KeyPoints.confidence' is deprecated since 0.29.0 and will be removed in 0.32.0. Use 'KeyPoints.keypoint_confidence' instead.
  warn_deprecated(
/usr/local/lib/python3.12/dist-packages/supervision/key_points/core.py:308: SupervisionWarnings: 'KeyPoints.confidence' is deprecated since 0.29.0 and will be removed in 0.32.0. Use 'KeyPoints.keypoint_confidence' instead.
  warn_deprecated(
 51%|█████     | 380/750 [06:22<06:17,  1.02s/it]/usr/local/lib/python3.12/dist-packages/supervision/key_points/core.py:316: SupervisionWarnings: 'KeyPoints.confidence' is deprecated since 0.29.0 and will be removed in 0.32.0. Use 'KeyPoints.keypoint_confidence' instead.
  warn_deprecated(
/usr/local/lib/python3.12/dist-packages/supervision/key_points/core.py:308: SupervisionWarnings: 'KeyPoints.confidence' is deprecated since 0.29.0 and will be removed in 0.32.0. Use 'KeyPoints.keypoint_confidence' instead.
  warn_deprecated(
/usr/local/lib/python3.12/dist-packages/supervision/key_points/core.py:308: SupervisionWarnings: 'KeyPoints.confidence' is deprecated since 0.29.0 and will be removed in 0.32.0. Use 'KeyPoints.keypoint_confidence' instead.
  warn_deprecated(
/usr/local/lib/python3.12/dist-packages/supervision/key_points/core.py:308: SupervisionWarnings: 'KeyPoints.confidence' is deprecated since 0.29.0 and will be removed in 0.32.0. Use 'KeyPoints.keypoint_confidence' instead.
  warn_deprecated(
/usr/local/lib/python3.12/dist-packages/supervision/key_points/core.py:308: SupervisionWarnings: 'KeyPoints.confidence' is deprecated since 0.29.0 and will be removed in 0.32.0. Use 'KeyPoints.keypoint_confidence' instead.
  warn_deprecated(
 51%|█████     | 381/750 [06:23<07:07,  1.16s/it]/usr/local/lib/python3.12/dist-packages/supervision/key_points/core.py:316: SupervisionWarnings: 'KeyPoints.confidence' is deprecated since 0.29.0 and will be removed in 0.32.0. Use 'KeyPoints.keypoint_confidence' instead.
  warn_deprecated(
/usr/local/lib/python3.12/dist-packages/supervision/key_points/core.py:308: SupervisionWarnings: 'KeyPoints.confidence' is deprecated since 0.29.0 and will be removed in 0.32.0. Use 'KeyPoints.keypoint_confidence' instead.
  warn_deprecated(
/usr/local/lib/python3.12/dist-packages/supervision/key_points/core.py:308: SupervisionWarnings: 'KeyPoints.confidence' is deprecated since 0.29.0 and will be removed in 0.32.0. Use 'KeyPoints.keypoint_confidence' instead.
  warn_deprecated(
/usr/local/lib/python3.12/dist-packages/supervision/key_points/core.py:308: SupervisionWarnings: 'KeyPoints.confidence' is deprecated since 0.29.0 and will be removed in 0.32.0. Use 'KeyPoints.keypoint_confidence' instead.
  warn_deprecated(
/usr/local/lib/python3.12/dist-packages/supervision/key_points/core.py:308: SupervisionWarnings: 'KeyPoints.confidence' is deprecated since 0.29.0 and will be removed in 0.32.0. Use 'KeyPoints.keypoint_confidence' instead.
  warn_deprecated(
 51%|█████     | 382/750 [06:24<06:37,  1.08s/it]/usr/local/lib/python3.12/dist-packages/supervision/key_points/core.py:316: SupervisionWarnings: 'KeyPoints.confidence' is deprecated since 0.29.0 and will be removed in 0.32.0. Use 'KeyPoints.keypoint_confidence' instead.
  warn_deprecated(
/usr/local/lib/python3.12/dist-packages/supervision/key_points/core.py:308: SupervisionWarnings: 'KeyPoints.confidence' is deprecated since 0.29.0 and will be removed in 0.32.0. Use 'KeyPoints.keypoint_confidence' instead.
  warn_deprecated(
/usr/local/lib/python3.12/dist-packages/supervision/key_points/core.py:308: SupervisionWarnings: 'KeyPoints.confidence' is deprecated since 0.29.0 and will be removed in 0.32.0. Use 'KeyPoints.keypoint_confidence' instead.
  warn_deprecated(
/usr/local/lib/python3.12/dist-packages/supervision/key_points/core.py:308: SupervisionWarnings: 'KeyPoints.confidence' is deprecated since 0.29.0 and will be removed in 0.32.0. Use 'KeyPoints.keypoint_confidence' instead.
  warn_deprecated(
/usr/local/lib/python3.12/dist-packages/supervision/key_points/core.py:308: SupervisionWarnings: 'KeyPoints.confidence' is deprecated since 0.29.0 and will be removed in 0.32.0. Use 'KeyPoints.keypoint_confidence' instead.
  warn_deprecated(
 51%|█████     | 383/750 [06:25<06:04,  1.01it/s]/usr/local/lib/python3.12/dist-packages/supervision/key_points/core.py:316: SupervisionWarnings: 'KeyPoints.confidence' is deprecated since 0.29.0 and will be removed in 0.32.0. Use 'KeyPoints.keypoint_confidence' instead.
  warn_deprecated(
/usr/local/lib/python3.12/dist-packages/supervision/key_points/core.py:308: SupervisionWarnings: 'KeyPoints.confidence' is deprecated since 0.29.0 and will be removed in 0.32.0. Use 'KeyPoints.keypoint_confidence' instead.
  warn_deprecated(
/usr/local/lib/python3.12/dist-packages/supervision/key_points/core.py:308: SupervisionWarnings: 'KeyPoints.confidence' is deprecated since 0.29.0 and will be removed in 0.32.0. Use 'KeyPoints.keypoint_confidence' instead.
  warn_deprecated(
/usr/local/lib/python3.12/dist-packages/supervision/key_points/core.py:308: SupervisionWarnings: 'KeyPoints.confidence' is deprecated since 0.29.0 and will be removed in 0.32.0. Use 'KeyPoints.keypoint_confidence' instead.
  warn_deprecated(
/usr/local/lib/python3.12/dist-packages/supervision/key_points/core.py:308: SupervisionWarnings: 'KeyPoints.confidence' is deprecated since 0.29.0 and will be removed in 0.32.0. Use 'KeyPoints.keypoint_confidence' instead.
  warn_deprecated(
 51%|█████     | 384/750 [06:26<06:30,  1.07s/it]/usr/local/lib/python3.12/dist-packages/supervision/key_points/core.py:316: SupervisionWarnings: 'KeyPoints.confidence' is deprecated since 0.29.0 and will be removed in 0.32.0. Use 'KeyPoints.keypoint_confidence' instead.
  warn_deprecated(
/usr/local/lib/python3.12/dist-packages/supervision/key_points/core.py:308: SupervisionWarnings: 'KeyPoints.confidence' is deprecated since 0.29.0 and will be removed in 0.32.0. Use 'KeyPoints.keypoint_confidence' instead.
  warn_deprecated(
/usr/local/lib/python3.12/dist-packages/supervision/key_points/core.py:308: SupervisionWarnings: 'KeyPoints.confidence' is deprecated since 0.29.0 and will be removed in 0.32.0. Use 'KeyPoints.keypoint_confidence' instead.
  warn_deprecated(
/usr/local/lib/python3.12/dist-packages/supervision/key_points/core.py:308: SupervisionWarnings: 'KeyPoints.confidence' is deprecated since 0.29.0 and will be removed in 0.32.0. Use 'KeyPoints.keypoint_confidence' instead.
  warn_deprecated(
/usr/local/lib/python3.12/dist-packages/supervision/key_points/core.py:308: SupervisionWarnings: 'KeyPoints.confidence' is deprecated since 0.29.0 and will be removed in 0.32.0. Use 'KeyPoints.keypoint_confidence' instead.
  warn_deprecated(
 51%|█████▏    | 385/750 [06:27<05:59,  1.02it/s]/usr/local/lib/python3.12/dist-packages/supervision/key_points/core.py:316: SupervisionWarnings: 'KeyPoints.confidence' is deprecated since 0.29.0 and will be removed in 0.32.0. Use 'KeyPoints.keypoint_confidence' instead.
  warn_deprecated(
/usr/local/lib/python3.12/dist-packages/supervision/key_points/core.py:308: SupervisionWarnings: 'KeyPoints.confidence' is deprecated since 0.29.0 and will be removed in 0.32.0. Use 'KeyPoints.keypoint_confidence' instead.
  warn_deprecated(
/usr/local/lib/python3.12/dist-packages/supervision/key_points/core.py:308: SupervisionWarnings: 'KeyPoints.confidence' is deprecated since 0.29.0 and will be removed in 0.32.0. Use 'KeyPoints.keypoint_confidence' instead.
  warn_deprecated(
/usr/local/lib/python3.12/dist-packages/supervision/key_points/core.py:308: SupervisionWarnings: 'KeyPoints.confidence' is deprecated since 0.29.0 and will be removed in 0.32.0. Use 'KeyPoints.keypoint_confidence' instead.
  warn_deprecated(
/usr/local/lib/python3.12/dist-packages/supervision/key_points/core.py:308: SupervisionWarnings: 'KeyPoints.confidence' is deprecated since 0.29.0 and will be removed in 0.32.0. Use 'KeyPoints.keypoint_confidence' instead.
  warn_deprecated(
/usr/local/lib/python3.12/dist-packages/supervision/key_points/core.py:308: SupervisionWarnings: 'KeyPoints.confidence' is deprecated since 0.29.0 and will be removed in 0.32.0. Use 'KeyPoints.keypoint_confidence' instead.
  warn_deprecated(
/usr/local/lib/python3.12/dist-packages/supervision/key_points/core.py:308: SupervisionWarnings: 'KeyPoints.confidence' is deprecated since 0.29.0 and will be removed in 0.32.0. Use 'KeyPoints.keypoint_confidence' instead.
  warn_deprecated(
/usr/local/lib/python3.12/dist-packages/supervision/key_points/core.py:308: SupervisionWarnings: 'KeyPoints.confidence' is deprecated since 0.29.0 and will be removed in 0.32.0. Use 'KeyPoints.keypoint_confidence' instead.
  warn_deprecated(
 51%|█████▏    | 386/750 [06:28<06:23,  1.05s/it]/usr/local/lib/python3.12/dist-packages/supervision/key_points/core.py:316: SupervisionWarnings: 'KeyPoints.confidence' is deprecated since 0.29.0 and will be removed in 0.32.0. Use 'KeyPoints.keypoint_confidence' instead.
  warn_deprecated(
/usr/local/lib/python3.12/dist-packages/supervision/key_points/core.py:308: SupervisionWarnings: 'KeyPoints.confidence' is deprecated since 0.29.0 and will be removed in 0.32.0. Use 'KeyPoints.keypoint_confidence' instead.
  warn_deprecated(
/usr/local/lib/python3.12/dist-packages/supervision/key_points/core.py:308: SupervisionWarnings: 'KeyPoints.confidence' is deprecated since 0.29.0 and will be removed in 0.32.0. Use 'KeyPoints.keypoint_confidence' instead.
  warn_deprecated(
/usr/local/lib/python3.12/dist-packages/supervision/key_points/core.py:308: SupervisionWarnings: 'KeyPoints.confidence' is deprecated since 0.29.0 and will be removed in 0.32.0. Use 'KeyPoints.keypoint_confidence' instead.
  warn_deprecated(
/usr/local/lib/python3.12/dist-packages/supervision/key_points/core.py:308: SupervisionWarnings: 'KeyPoints.confidence' is deprecated since 0.29.0 and will be removed in 0.32.0. Use 'KeyPoints.keypoint_confidence' instead.
  warn_deprecated(
/usr/local/lib/python3.12/dist-packages/supervision/key_points/core.py:308: SupervisionWarnings: 'KeyPoints.confidence' is deprecated since 0.29.0 and will be removed in 0.32.0. Use 'KeyPoints.keypoint_confidence' instead.
  warn_deprecated(
/usr/local/lib/python3.12/dist-packages/supervision/key_points/core.py:308: SupervisionWarnings: 'KeyPoints.confidence' is deprecated since 0.29.0 and will be removed in 0.32.0. Use 'KeyPoints.keypoint_confidence' instead.
  warn_deprecated(
/usr/local/lib/python3.12/dist-packages/supervision/key_points/core.py:308: SupervisionWarnings: 'KeyPoints.confidence' is deprecated since 0.29.0 and will be removed in 0.32.0. Use 'KeyPoints.keypoint_confidence' instead.
  warn_deprecated(
 52%|█████▏    | 387/750 [06:30<06:40,  1.10s/it]/usr/local/lib/python3.12/dist-packages/supervision/key_points/core.py:316: SupervisionWarnings: 'KeyPoints.confidence' is deprecated since 0.29.0 and will be removed in 0.32.0. Use 'KeyPoints.keypoint_confidence' instead.
  warn_deprecated(
/usr/local/lib/python3.12/dist-packages/supervision/key_points/core.py:308: SupervisionWarnings: 'KeyPoints.confidence' is deprecated since 0.29.0 and will be removed in 0.32.0. Use 'KeyPoints.keypoint_confidence' instead.
  warn_deprecated(
/usr/local/lib/python3.12/dist-packages/supervision/key_points/core.py:308: SupervisionWarnings: 'KeyPoints.confidence' is deprecated since 0.29.0 and will be removed in 0.32.0. Use 'KeyPoints.keypoint_confidence' instead.
  warn_deprecated(
/usr/local/lib/python3.12/dist-packages/supervision/key_points/core.py:308: SupervisionWarnings: 'KeyPoints.confidence' is deprecated since 0.29.0 and will be removed in 0.32.0. Use 'KeyPoints.keypoint_confidence' instead.
  warn_deprecated(
/usr/local/lib/python3.12/dist-packages/supervision/key_points/core.py:308: SupervisionWarnings: 'KeyPoints.confidence' is deprecated since 0.29.0 and will be removed in 0.32.0. Use 'KeyPoints.keypoint_confidence' instead.
  warn_deprecated(
/usr/local/lib/python3.12/dist-packages/supervision/key_points/core.py:308: SupervisionWarnings: 'KeyPoints.confidence' is deprecated since 0.29.0 and will be removed in 0.32.0. Use 'KeyPoints.keypoint_confidence' instead.
  warn_deprecated(
/usr/local/lib/python3.12/dist-packages/supervision/key_points/core.py:308: SupervisionWarnings: 'KeyPoints.confidence' is deprecated since 0.29.0 and will be removed in 0.32.0. Use 'KeyPoints.keypoint_confidence' instead.
  warn_deprecated(
/usr/local/lib/python3.12/dist-packages/supervision/key_points/core.py:308: SupervisionWarnings: 'KeyPoints.confidence' is deprecated since 0.29.0 and will be removed in 0.32.0. Use 'KeyPoints.keypoint_confidence' instead.
  warn_deprecated(
 52%|█████▏    | 388/750 [06:31<06:55,  1.15s/it]/usr/local/lib/python3.12/dist-packages/supervision/key_points/core.py:316: SupervisionWarnings: 'KeyPoints.confidence' is deprecated since 0.29.0 and will be removed in 0.32.0. Use 'KeyPoints.keypoint_confidence' instead.
  warn_deprecated(
/usr/local/lib/python3.12/dist-packages/supervision/key_points/core.py:308: SupervisionWarnings: 'KeyPoints.confidence' is deprecated since 0.29.0 and will be removed in 0.32.0. Use 'KeyPoints.keypoint_confidence' instead.
  warn_deprecated(
/usr/local/lib/python3.12/dist-packages/supervision/key_points/core.py:308: SupervisionWarnings: 'KeyPoints.confidence' is deprecated since 0.29.0 and will be removed in 0.32.0. Use 'KeyPoints.keypoint_confidence' instead.
  warn_deprecated(
/usr/local/lib/python3.12/dist-packages/supervision/key_points/core.py:308: SupervisionWarnings: 'KeyPoints.confidence' is deprecated since 0.29.0 and will be removed in 0.32.0. Use 'KeyPoints.keypoint_confidence' instead.
  warn_deprecated(
/usr/local/lib/python3.12/dist-packages/supervision/key_points/core.py:308: SupervisionWarnings: 'KeyPoints.confidence' is deprecated since 0.29.0 and will be removed in 0.32.0. Use 'KeyPoints.keypoint_confidence' instead.
  warn_deprecated(
/usr/local/lib/python3.12/dist-packages/supervision/key_points/core.py:308: SupervisionWarnings: 'KeyPoints.confidence' is deprecated since 0.29.0 and will be removed in 0.32.0. Use 'KeyPoints.keypoint_confidence' instead.
  warn_deprecated(
/usr/local/lib/python3.12/dist-packages/supervision/key_points/core.py:308: SupervisionWarnings: 'KeyPoints.confidence' is deprecated since 0.29.0 and will be removed in 0.32.0. Use 'KeyPoints.keypoint_confidence' instead.
  warn_deprecated(
/usr/local/lib/python3.12/dist-packages/supervision/key_points/core.py:308: SupervisionWarnings: 'KeyPoints.confidence' is deprecated since 0.29.0 and will be removed in 0.32.0. Use 'KeyPoints.keypoint_confidence' instead.
  warn_deprecated(
 52%|█████▏    | 389/750 [06:32<07:03,  1.17s/it]/usr/local/lib/python3.12/dist-packages/supervision/key_points/core.py:316: SupervisionWarnings: 'KeyPoints.confidence' is deprecated since 0.29.0 and will be removed in 0.32.0. Use 'KeyPoints.keypoint_confidence' instead.
  warn_deprecated(
/usr/local/lib/python3.12/dist-packages/supervision/key_points/core.py:308: SupervisionWarnings: 'KeyPoints.confidence' is deprecated since 0.29.0 and will be removed in 0.32.0. Use 'KeyPoints.keypoint_confidence' instead.
  warn_deprecated(
/usr/local/lib/python3.12/dist-packages/supervision/key_points/core.py:308: SupervisionWarnings: 'KeyPoints.confidence' is deprecated since 0.29.0 and will be removed in 0.32.0. Use 'KeyPoints.keypoint_confidence' instead.
  warn_deprecated(
/usr/local/lib/python3.12/dist-packages/supervision/key_points/core.py:308: SupervisionWarnings: 'KeyPoints.confidence' is deprecated since 0.29.0 and will be removed in 0.32.0. Use 'KeyPoints.keypoint_confidence' instead.
  warn_deprecated(
/usr/local/lib/python3.12/dist-packages/supervision/key_points/core.py:308: SupervisionWarnings: 'KeyPoints.confidence' is deprecated since 0.29.0 and will be removed in 0.32.0. Use 'KeyPoints.keypoint_confidence' instead.
  warn_deprecated(
/usr/local/lib/python3.12/dist-packages/supervision/key_points/core.py:308: SupervisionWarnings: 'KeyPoints.confidence' is deprecated since 0.29.0 and will be removed in 0.32.0. Use 'KeyPoints.keypoint_confidence' instead.
  warn_deprecated(
/usr/local/lib/python3.12/dist-packages/supervision/key_points/core.py:308: SupervisionWarnings: 'KeyPoints.confidence' is deprecated since 0.29.0 and will be removed in 0.32.0. Use 'KeyPoints.keypoint_confidence' instead.
  warn_deprecated(
/usr/local/lib/python3.12/dist-packages/supervision/key_points/core.py:308: SupervisionWarnings: 'KeyPoints.confidence' is deprecated since 0.29.0 and will be removed in 0.32.0. Use 'KeyPoints.keypoint_confidence' instead.
  warn_deprecated(
 52%|█████▏    | 390/750 [06:33<07:12,  1.20s/it]/usr/local/lib/python3.12/dist-packages/supervision/key_points/core.py:316: SupervisionWarnings: 'KeyPoints.confidence' is deprecated since 0.29.0 and will be removed in 0.32.0. Use 'KeyPoints.keypoint_confidence' instead.
  warn_deprecated(
/usr/local/lib/python3.12/dist-packages/supervision/key_points/core.py:308: SupervisionWarnings: 'KeyPoints.confidence' is deprecated since 0.29.0 and will be removed in 0.32.0. Use 'KeyPoints.keypoint_confidence' instead.
  warn_deprecated(
/usr/local/lib/python3.12/dist-packages/supervision/key_points/core.py:308: SupervisionWarnings: 'KeyPoints.confidence' is deprecated since 0.29.0 and will be removed in 0.32.0. Use 'KeyPoints.keypoint_confidence' instead.
  warn_deprecated(
/usr/local/lib/python3.12/dist-packages/supervision/key_points/core.py:308: SupervisionWarnings: 'KeyPoints.confidence' is deprecated since 0.29.0 and will be removed in 0.32.0. Use 'KeyPoints.keypoint_confidence' instead.
  warn_deprecated(
/usr/local/lib/python3.12/dist-packages/supervision/key_points/core.py:308: SupervisionWarnings: 'KeyPoints.confidence' is deprecated since 0.29.0 and will be removed in 0.32.0. Use 'KeyPoints.keypoint_confidence' instead.
  warn_deprecated(
/usr/local/lib/python3.12/dist-packages/supervision/key_points/core.py:308: SupervisionWarnings: 'KeyPoints.confidence' is deprecated since 0.29.0 and will be removed in 0.32.0. Use 'KeyPoints.keypoint_confidence' instead.
  warn_deprecated(
/usr/local/lib/python3.12/dist-packages/supervision/key_points/core.py:308: SupervisionWarnings: 'KeyPoints.confidence' is deprecated since 0.29.0 and will be removed in 0.32.0. Use 'KeyPoints.keypoint_confidence' instead.
  warn_deprecated(
/usr/local/lib/python3.12/dist-packages/supervision/key_points/core.py:308: SupervisionWarnings: 'KeyPoints.confidence' is deprecated since 0.29.0 and will be removed in 0.32.0. Use 'KeyPoints.keypoint_confidence' instead.
  warn_deprecated(
 52%|█████▏    | 391/750 [06:34<06:38,  1.11s/it]/usr/local/lib/python3.12/dist-packages/supervision/key_points/core.py:316: SupervisionWarnings: 'KeyPoints.confidence' is deprecated since 0.29.0 and will be removed in 0.32.0. Use 'KeyPoints.keypoint_confidence' instead.
  warn_deprecated(
/usr/local/lib/python3.12/dist-packages/supervision/key_points/core.py:308: SupervisionWarnings: 'KeyPoints.confidence' is deprecated since 0.29.0 and will be removed in 0.32.0. Use 'KeyPoints.keypoint_confidence' instead.
  warn_deprecated(
/usr/local/lib/python3.12/dist-packages/supervision/key_points/core.py:308: SupervisionWarnings: 'KeyPoints.confidence' is deprecated since 0.29.0 and will be removed in 0.32.0. Use 'KeyPoints.keypoint_confidence' instead.
  warn_deprecated(
/usr/local/lib/python3.12/dist-packages/supervision/key_points/core.py:308: SupervisionWarnings: 'KeyPoints.confidence' is deprecated since 0.29.0 and will be removed in 0.32.0. Use 'KeyPoints.keypoint_confidence' instead.
  warn_deprecated(
/usr/local/lib/python3.12/dist-packages/supervision/key_points/core.py:308: SupervisionWarnings: 'KeyPoints.confidence' is deprecated since 0.29.0 and will be removed in 0.32.0. Use 'KeyPoints.keypoint_confidence' instead.
  warn_deprecated(
 52%|█████▏    | 392/750 [06:35<06:27,  1.08s/it]/usr/local/lib/python3.12/dist-packages/supervision/key_points/core.py:316: SupervisionWarnings: 'KeyPoints.confidence' is deprecated since 0.29.0 and will be removed in 0.32.0. Use 'KeyPoints.keypoint_confidence' instead.
  warn_deprecated(
/usr/local/lib/python3.12/dist-packages/supervision/key_points/core.py:308: SupervisionWarnings: 'KeyPoints.confidence' is deprecated since 0.29.0 and will be removed in 0.32.0. Use 'KeyPoints.keypoint_confidence' instead.
  warn_deprecated(
/usr/local/lib/python3.12/dist-packages/supervision/key_points/core.py:308: SupervisionWarnings: 'KeyPoints.confidence' is deprecated since 0.29.0 and will be removed in 0.32.0. Use 'KeyPoints.keypoint_confidence' instead.
  warn_deprecated(
/usr/local/lib/python3.12/dist-packages/supervision/key_points/core.py:308: SupervisionWarnings: 'KeyPoints.confidence' is deprecated since 0.29.0 and will be removed in 0.32.0. Use 'KeyPoints.keypoint_confidence' instead.
  warn_deprecated(
/usr/local/lib/python3.12/dist-packages/supervision/key_points/core.py:308: SupervisionWarnings: 'KeyPoints.confidence' is deprecated since 0.29.0 and will be removed in 0.32.0. Use 'KeyPoints.keypoint_confidence' instead.
  warn_deprecated(
 52%|█████▏    | 393/750 [06:36<06:20,  1.06s/it]/usr/local/lib/python3.12/dist-packages/supervision/key_points/core.py:316: SupervisionWarnings: 'KeyPoints.confidence' is deprecated since 0.29.0 and will be removed in 0.32.0. Use 'KeyPoints.keypoint_confidence' instead.
  warn_deprecated(
/usr/local/lib/python3.12/dist-packages/supervision/key_points/core.py:308: SupervisionWarnings: 'KeyPoints.confidence' is deprecated since 0.29.0 and will be removed in 0.32.0. Use 'KeyPoints.keypoint_confidence' instead.
  warn_deprecated(
/usr/local/lib/python3.12/dist-packages/supervision/key_points/core.py:308: SupervisionWarnings: 'KeyPoints.confidence' is deprecated since 0.29.0 and will be removed in 0.32.0. Use 'KeyPoints.keypoint_confidence' instead.
  warn_deprecated(
/usr/local/lib/python3.12/dist-packages/supervision/key_points/core.py:308: SupervisionWarnings: 'KeyPoints.confidence' is deprecated since 0.29.0 and will be removed in 0.32.0. Use 'KeyPoints.keypoint_confidence' instead.
  warn_deprecated(
/usr/local/lib/python3.12/dist-packages/supervision/key_points/core.py:308: SupervisionWarnings: 'KeyPoints.confidence' is deprecated since 0.29.0 and will be removed in 0.32.0. Use 'KeyPoints.keypoint_confidence' instead.
  warn_deprecated(
 53%|█████▎    | 394/750 [06:38<07:09,  1.21s/it]/usr/local/lib/python3.12/dist-packages/supervision/key_points/core.py:316: SupervisionWarnings: 'KeyPoints.confidence' is deprecated since 0.29.0 and will be removed in 0.32.0. Use 'KeyPoints.keypoint_confidence' instead.
  warn_deprecated(
/usr/local/lib/python3.12/dist-packages/supervision/key_points/core.py:308: SupervisionWarnings: 'KeyPoints.confidence' is deprecated since 0.29.0 and will be removed in 0.32.0. Use 'KeyPoints.keypoint_confidence' instead.
  warn_deprecated(
/usr/local/lib/python3.12/dist-packages/supervision/key_points/core.py:308: SupervisionWarnings: 'KeyPoints.confidence' is deprecated since 0.29.0 and will be removed in 0.32.0. Use 'KeyPoints.keypoint_confidence' instead.
  warn_deprecated(
/usr/local/lib/python3.12/dist-packages/supervision/key_points/core.py:308: SupervisionWarnings: 'KeyPoints.confidence' is deprecated since 0.29.0 and will be removed in 0.32.0. Use 'KeyPoints.keypoint_confidence' instead.
  warn_deprecated(
/usr/local/lib/python3.12/dist-packages/supervision/key_points/core.py:308: SupervisionWarnings: 'KeyPoints.confidence' is deprecated since 0.29.0 and will be removed in 0.32.0. Use 'KeyPoints.keypoint_confidence' instead.
  warn_deprecated(
 53%|█████▎    | 395/750 [06:39<07:26,  1.26s/it]/usr/local/lib/python3.12/dist-packages/supervision/key_points/core.py:316: SupervisionWarnings: 'KeyPoints.confidence' is deprecated since 0.29.0 and will be removed in 0.32.0. Use 'KeyPoints.keypoint_confidence' instead.
  warn_deprecated(
/usr/local/lib/python3.12/dist-packages/supervision/key_points/core.py:308: SupervisionWarnings: 'KeyPoints.confidence' is deprecated since 0.29.0 and will be removed in 0.32.0. Use 'KeyPoints.keypoint_confidence' instead.
  warn_deprecated(
/usr/local/lib/python3.12/dist-packages/supervision/key_points/core.py:308: SupervisionWarnings: 'KeyPoints.confidence' is deprecated since 0.29.0 and will be removed in 0.32.0. Use 'KeyPoints.keypoint_confidence' instead.
  warn_deprecated(
/usr/local/lib/python3.12/dist-packages/supervision/key_points/core.py:308: SupervisionWarnings: 'KeyPoints.confidence' is deprecated since 0.29.0 and will be removed in 0.32.0. Use 'KeyPoints.keypoint_confidence' instead.
  warn_deprecated(
/usr/local/lib/python3.12/dist-packages/supervision/key_points/core.py:308: SupervisionWarnings: 'KeyPoints.confidence' is deprecated since 0.29.0 and will be removed in 0.32.0. Use 'KeyPoints.keypoint_confidence' instead.
  warn_deprecated(
 53%|█████▎    | 396/750 [06:40<06:37,  1.12s/it]/usr/local/lib/python3.12/dist-packages/supervision/key_points/core.py:316: SupervisionWarnings: 'KeyPoints.confidence' is deprecated since 0.29.0 and will be removed in 0.32.0. Use 'KeyPoints.keypoint_confidence' instead.
  warn_deprecated(
/usr/local/lib/python3.12/dist-packages/supervision/key_points/core.py:308: SupervisionWarnings: 'KeyPoints.confidence' is deprecated since 0.29.0 and will be removed in 0.32.0. Use 'KeyPoints.keypoint_confidence' instead.
  warn_deprecated(
/usr/local/lib/python3.12/dist-packages/supervision/key_points/core.py:308: SupervisionWarnings: 'KeyPoints.confidence' is deprecated since 0.29.0 and will be removed in 0.32.0. Use 'KeyPoints.keypoint_confidence' instead.
  warn_deprecated(
/usr/local/lib/python3.12/dist-packages/supervision/key_points/core.py:308: SupervisionWarnings: 'KeyPoints.confidence' is deprecated since 0.29.0 and will be removed in 0.32.0. Use 'KeyPoints.keypoint_confidence' instead.
  warn_deprecated(
/usr/local/lib/python3.12/dist-packages/supervision/key_points/core.py:308: SupervisionWarnings: 'KeyPoints.confidence' is deprecated since 0.29.0 and will be removed in 0.32.0. Use 'KeyPoints.keypoint_confidence' instead.
  warn_deprecated(
 53%|█████▎    | 397/750 [06:41<06:49,  1.16s/it]/usr/local/lib/python3.12/dist-packages/supervision/key_points/core.py:316: SupervisionWarnings: 'KeyPoints.confidence' is deprecated since 0.29.0 and will be removed in 0.32.0. Use 'KeyPoints.keypoint_confidence' instead.
  warn_deprecated(
/usr/local/lib/python3.12/dist-packages/supervision/key_points/core.py:308: SupervisionWarnings: 'KeyPoints.confidence' is deprecated since 0.29.0 and will be removed in 0.32.0. Use 'KeyPoints.keypoint_confidence' instead.
  warn_deprecated(
/usr/local/lib/python3.12/dist-packages/supervision/key_points/core.py:308: SupervisionWarnings: 'KeyPoints.confidence' is deprecated since 0.29.0 and will be removed in 0.32.0. Use 'KeyPoints.keypoint_confidence' instead.
  warn_deprecated(
/usr/local/lib/python3.12/dist-packages/supervision/key_points/core.py:308: SupervisionWarnings: 'KeyPoints.confidence' is deprecated since 0.29.0 and will be removed in 0.32.0. Use 'KeyPoints.keypoint_confidence' instead.
  warn_deprecated(
/usr/local/lib/python3.12/dist-packages/supervision/key_points/core.py:308: SupervisionWarnings: 'KeyPoints.confidence' is deprecated since 0.29.0 and will be removed in 0.32.0. Use 'KeyPoints.keypoint_confidence' instead.
  warn_deprecated(
 53%|█████▎    | 398/750 [06:42<06:09,  1.05s/it]/usr/local/lib/python3.12/dist-packages/supervision/key_points/core.py:316: SupervisionWarnings: 'KeyPoints.confidence' is deprecated since 0.29.0 and will be removed in 0.32.0. Use 'KeyPoints.keypoint_confidence' instead.
  warn_deprecated(
/usr/local/lib/python3.12/dist-packages/supervision/key_points/core.py:308: SupervisionWarnings: 'KeyPoints.confidence' is deprecated since 0.29.0 and will be removed in 0.32.0. Use 'KeyPoints.keypoint_confidence' instead.
  warn_deprecated(
/usr/local/lib/python3.12/dist-packages/supervision/key_points/core.py:308: SupervisionWarnings: 'KeyPoints.confidence' is deprecated since 0.29.0 and will be removed in 0.32.0. Use 'KeyPoints.keypoint_confidence' instead.
  warn_deprecated(
/usr/local/lib/python3.12/dist-packages/supervision/key_points/core.py:308: SupervisionWarnings: 'KeyPoints.confidence' is deprecated since 0.29.0 and will be removed in 0.32.0. Use 'KeyPoints.keypoint_confidence' instead.
  warn_deprecated(
/usr/local/lib/python3.12/dist-packages/supervision/key_points/core.py:308: SupervisionWarnings: 'KeyPoints.confidence' is deprecated since 0.29.0 and will be removed in 0.32.0. Use 'KeyPoints.keypoint_confidence' instead.
  warn_deprecated(
 53%|█████▎    | 399/750 [06:43<05:44,  1.02it/s]/usr/local/lib/python3.12/dist-packages/supervision/key_points/core.py:316: SupervisionWarnings: 'KeyPoints.confidence' is deprecated since 0.29.0 and will be removed in 0.32.0. Use 'KeyPoints.keypoint_confidence' instead.
  warn_deprecated(
/usr/local/lib/python3.12/dist-packages/supervision/key_points/core.py:308: SupervisionWarnings: 'KeyPoints.confidence' is deprecated since 0.29.0 and will be removed in 0.32.0. Use 'KeyPoints.keypoint_confidence' instead.
  warn_deprecated(
/usr/local/lib/python3.12/dist-packages/supervision/key_points/core.py:308: SupervisionWarnings: 'KeyPoints.confidence' is deprecated since 0.29.0 and will be removed in 0.32.0. Use 'KeyPoints.keypoint_confidence' instead.
  warn_deprecated(
/usr/local/lib/python3.12/dist-packages/supervision/key_points/core.py:308: SupervisionWarnings: 'KeyPoints.confidence' is deprecated since 0.29.0 and will be removed in 0.32.0. Use 'KeyPoints.keypoint_confidence' instead.
  warn_deprecated(
/usr/local/lib/python3.12/dist-packages/supervision/key_points/core.py:308: SupervisionWarnings: 'KeyPoints.confidence' is deprecated since 0.29.0 and will be removed in 0.32.0. Use 'KeyPoints.keypoint_confidence' instead.
  warn_deprecated(
 53%|█████▎    | 400/750 [06:44<05:24,  1.08it/s]/usr/local/lib/python3.12/dist-packages/supervision/key_points/core.py:316: SupervisionWarnings: 'KeyPoints.confidence' is deprecated since 0.29.0 and will be removed in 0.32.0. Use 'KeyPoints.keypoint_confidence' instead.
  warn_deprecated(
/usr/local/lib/python3.12/dist-packages/supervision/key_points/core.py:308: SupervisionWarnings: 'KeyPoints.confidence' is deprecated since 0.29.0 and will be removed in 0.32.0. Use 'KeyPoints.keypoint_confidence' instead.
  warn_deprecated(
/usr/local/lib/python3.12/dist-packages/supervision/key_points/core.py:308: SupervisionWarnings: 'KeyPoints.confidence' is deprecated since 0.29.0 and will be removed in 0.32.0. Use 'KeyPoints.keypoint_confidence' instead.
  warn_deprecated(
/usr/local/lib/python3.12/dist-packages/supervision/key_points/core.py:308: SupervisionWarnings: 'KeyPoints.confidence' is deprecated since 0.29.0 and will be removed in 0.32.0. Use 'KeyPoints.keypoint_confidence' instead.
  warn_deprecated(
/usr/local/lib/python3.12/dist-packages/supervision/key_points/core.py:308: SupervisionWarnings: 'KeyPoints.confidence' is deprecated since 0.29.0 and will be removed in 0.32.0. Use 'KeyPoints.keypoint_confidence' instead.
  warn_deprecated(
 53%|█████▎    | 401/750 [06:45<06:00,  1.03s/it]/usr/local/lib/python3.12/dist-packages/supervision/key_points/core.py:316: SupervisionWarnings: 'KeyPoints.confidence' is deprecated since 0.29.0 and will be removed in 0.32.0. Use 'KeyPoints.keypoint_confidence' instead.
  warn_deprecated(
/usr/local/lib/python3.12/dist-packages/supervision/key_points/core.py:308: SupervisionWarnings: 'KeyPoints.confidence' is deprecated since 0.29.0 and will be removed in 0.32.0. Use 'KeyPoints.keypoint_confidence' instead.
  warn_deprecated(
/usr/local/lib/python3.12/dist-packages/supervision/key_points/core.py:308: SupervisionWarnings: 'KeyPoints.confidence' is deprecated since 0.29.0 and will be removed in 0.32.0. Use 'KeyPoints.keypoint_confidence' instead.
  warn_deprecated(
/usr/local/lib/python3.12/dist-packages/supervision/key_points/core.py:308: SupervisionWarnings: 'KeyPoints.confidence' is deprecated since 0.29.0 and will be removed in 0.32.0. Use 'KeyPoints.keypoint_confidence' instead.
  warn_deprecated(
/usr/local/lib/python3.12/dist-packages/supervision/key_points/core.py:308: SupervisionWarnings: 'KeyPoints.confidence' is deprecated since 0.29.0 and will be removed in 0.32.0. Use 'KeyPoints.keypoint_confidence' instead.
  warn_deprecated(
 54%|█████▎    | 402/750 [06:46<05:37,  1.03it/s]/usr/local/lib/python3.12/dist-packages/supervision/key_points/core.py:316: SupervisionWarnings: 'KeyPoints.confidence' is deprecated since 0.29.0 and will be removed in 0.32.0. Use 'KeyPoints.keypoint_confidence' instead.
  warn_deprecated(
/usr/local/lib/python3.12/dist-packages/supervision/key_points/core.py:308: SupervisionWarnings: 'KeyPoints.confidence' is deprecated since 0.29.0 and will be removed in 0.32.0. Use 'KeyPoints.keypoint_confidence' instead.
  warn_deprecated(
/usr/local/lib/python3.12/dist-packages/supervision/key_points/core.py:308: SupervisionWarnings: 'KeyPoints.confidence' is deprecated since 0.29.0 and will be removed in 0.32.0. Use 'KeyPoints.keypoint_confidence' instead.
  warn_deprecated(
/usr/local/lib/python3.12/dist-packages/supervision/key_points/core.py:308: SupervisionWarnings: 'KeyPoints.confidence' is deprecated since 0.29.0 and will be removed in 0.32.0. Use 'KeyPoints.keypoint_confidence' instead.
  warn_deprecated(
/usr/local/lib/python3.12/dist-packages/supervision/key_points/core.py:308: SupervisionWarnings: 'KeyPoints.confidence' is deprecated since 0.29.0 and will be removed in 0.32.0. Use 'KeyPoints.keypoint_confidence' instead.
  warn_deprecated(
 54%|█████▎    | 403/750 [06:47<06:05,  1.05s/it]/usr/local/lib/python3.12/dist-packages/supervision/key_points/core.py:316: SupervisionWarnings: 'KeyPoints.confidence' is deprecated since 0.29.0 and will be removed in 0.32.0. Use 'KeyPoints.keypoint_confidence' instead.
  warn_deprecated(
/usr/local/lib/python3.12/dist-packages/supervision/key_points/core.py:308: SupervisionWarnings: 'KeyPoints.confidence' is deprecated since 0.29.0 and will be removed in 0.32.0. Use 'KeyPoints.keypoint_confidence' instead.
  warn_deprecated(
/usr/local/lib/python3.12/dist-packages/supervision/key_points/core.py:308: SupervisionWarnings: 'KeyPoints.confidence' is deprecated since 0.29.0 and will be removed in 0.32.0. Use 'KeyPoints.keypoint_confidence' instead.
  warn_deprecated(
/usr/local/lib/python3.12/dist-packages/supervision/key_points/core.py:308: SupervisionWarnings: 'KeyPoints.confidence' is deprecated since 0.29.0 and will be removed in 0.32.0. Use 'KeyPoints.keypoint_confidence' instead.
  warn_deprecated(
/usr/local/lib/python3.12/dist-packages/supervision/key_points/core.py:308: SupervisionWarnings: 'KeyPoints.confidence' is deprecated since 0.29.0 and will be removed in 0.32.0. Use 'KeyPoints.keypoint_confidence' instead.
  warn_deprecated(
 54%|█████▍    | 404/750 [06:48<06:24,  1.11s/it]/usr/local/lib/python3.12/dist-packages/supervision/key_points/core.py:316: SupervisionWarnings: 'KeyPoints.confidence' is deprecated since 0.29.0 and will be removed in 0.32.0. Use 'KeyPoints.keypoint_confidence' instead.
  warn_deprecated(
/usr/local/lib/python3.12/dist-packages/supervision/key_points/core.py:308: SupervisionWarnings: 'KeyPoints.confidence' is deprecated since 0.29.0 and will be removed in 0.32.0. Use 'KeyPoints.keypoint_confidence' instead.
  warn_deprecated(
/usr/local/lib/python3.12/dist-packages/supervision/key_points/core.py:308: SupervisionWarnings: 'KeyPoints.confidence' is deprecated since 0.29.0 and will be removed in 0.32.0. Use 'KeyPoints.keypoint_confidence' instead.
  warn_deprecated(
/usr/local/lib/python3.12/dist-packages/supervision/key_points/core.py:308: SupervisionWarnings: 'KeyPoints.confidence' is deprecated since 0.29.0 and will be removed in 0.32.0. Use 'KeyPoints.keypoint_confidence' instead.
  warn_deprecated(
/usr/local/lib/python3.12/dist-packages/supervision/key_points/core.py:308: SupervisionWarnings: 'KeyPoints.confidence' is deprecated since 0.29.0 and will be removed in 0.32.0. Use 'KeyPoints.keypoint_confidence' instead.
  warn_deprecated(
 54%|█████▍    | 405/750 [06:49<06:02,  1.05s/it]/usr/local/lib/python3.12/dist-packages/supervision/key_points/core.py:316: SupervisionWarnings: 'KeyPoints.confidence' is deprecated since 0.29.0 and will be removed in 0.32.0. Use 'KeyPoints.keypoint_confidence' instead.
  warn_deprecated(
/usr/local/lib/python3.12/dist-packages/supervision/key_points/core.py:308: SupervisionWarnings: 'KeyPoints.confidence' is deprecated since 0.29.0 and will be removed in 0.32.0. Use 'KeyPoints.keypoint_confidence' instead.
  warn_deprecated(
/usr/local/lib/python3.12/dist-packages/supervision/key_points/core.py:308: SupervisionWarnings: 'KeyPoints.confidence' is deprecated since 0.29.0 and will be removed in 0.32.0. Use 'KeyPoints.keypoint_confidence' instead.
  warn_deprecated(
/usr/local/lib/python3.12/dist-packages/supervision/key_points/core.py:308: SupervisionWarnings: 'KeyPoints.confidence' is deprecated since 0.29.0 and will be removed in 0.32.0. Use 'KeyPoints.keypoint_confidence' instead.
  warn_deprecated(
/usr/local/lib/python3.12/dist-packages/supervision/key_points/core.py:308: SupervisionWarnings: 'KeyPoints.confidence' is deprecated since 0.29.0 and will be removed in 0.32.0. Use 'KeyPoints.keypoint_confidence' instead.
  warn_deprecated(
 54%|█████▍    | 406/750 [06:51<06:47,  1.18s/it]/usr/local/lib/python3.12/dist-packages/supervision/key_points/core.py:316: SupervisionWarnings: 'KeyPoints.confidence' is deprecated since 0.29.0 and will be removed in 0.32.0. Use 'KeyPoints.keypoint_confidence' instead.
  warn_deprecated(
/usr/local/lib/python3.12/dist-packages/supervision/key_points/core.py:308: SupervisionWarnings: 'KeyPoints.confidence' is deprecated since 0.29.0 and will be removed in 0.32.0. Use 'KeyPoints.keypoint_confidence' instead.
  warn_deprecated(
/usr/local/lib/python3.12/dist-packages/supervision/key_points/core.py:308: SupervisionWarnings: 'KeyPoints.confidence' is deprecated since 0.29.0 and will be removed in 0.32.0. Use 'KeyPoints.keypoint_confidence' instead.
  warn_deprecated(
/usr/local/lib/python3.12/dist-packages/supervision/key_points/core.py:308: SupervisionWarnings: 'KeyPoints.confidence' is deprecated since 0.29.0 and will be removed in 0.32.0. Use 'KeyPoints.keypoint_confidence' instead.
  warn_deprecated(
/usr/local/lib/python3.12/dist-packages/supervision/key_points/core.py:308: SupervisionWarnings: 'KeyPoints.confidence' is deprecated since 0.29.0 and will be removed in 0.32.0. Use 'KeyPoints.keypoint_confidence' instead.
  warn_deprecated(
 54%|█████▍    | 407/750 [06:52<06:33,  1.15s/it]/usr/local/lib/python3.12/dist-packages/supervision/key_points/core.py:316: SupervisionWarnings: 'KeyPoints.confidence' is deprecated since 0.29.0 and will be removed in 0.32.0. Use 'KeyPoints.keypoint_confidence' instead.
  warn_deprecated(
/usr/local/lib/python3.12/dist-packages/supervision/key_points/core.py:308: SupervisionWarnings: 'KeyPoints.confidence' is deprecated since 0.29.0 and will be removed in 0.32.0. Use 'KeyPoints.keypoint_confidence' instead.
  warn_deprecated(
/usr/local/lib/python3.12/dist-packages/supervision/key_points/core.py:308: SupervisionWarnings: 'KeyPoints.confidence' is deprecated since 0.29.0 and will be removed in 0.32.0. Use 'KeyPoints.keypoint_confidence' instead.
  warn_deprecated(
/usr/local/lib/python3.12/dist-packages/supervision/key_points/core.py:308: SupervisionWarnings: 'KeyPoints.confidence' is deprecated since 0.29.0 and will be removed in 0.32.0. Use 'KeyPoints.keypoint_confidence' instead.
  warn_deprecated(
/usr/local/lib/python3.12/dist-packages/supervision/key_points/core.py:308: SupervisionWarnings: 'KeyPoints.confidence' is deprecated since 0.29.0 and will be removed in 0.32.0. Use 'KeyPoints.keypoint_confidence' instead.
  warn_deprecated(
 54%|█████▍    | 408/750 [06:53<07:07,  1.25s/it]/usr/local/lib/python3.12/dist-packages/supervision/key_points/core.py:316: SupervisionWarnings: 'KeyPoints.confidence' is deprecated since 0.29.0 and will be removed in 0.32.0. Use 'KeyPoints.keypoint_confidence' instead.
  warn_deprecated(
/usr/local/lib/python3.12/dist-packages/supervision/key_points/core.py:308: SupervisionWarnings: 'KeyPoints.confidence' is deprecated since 0.29.0 and will be removed in 0.32.0. Use 'KeyPoints.keypoint_confidence' instead.
  warn_deprecated(
/usr/local/lib/python3.12/dist-packages/supervision/key_points/core.py:308: SupervisionWarnings: 'KeyPoints.confidence' is deprecated since 0.29.0 and will be removed in 0.32.0. Use 'KeyPoints.keypoint_confidence' instead.
  warn_deprecated(
/usr/local/lib/python3.12/dist-packages/supervision/key_points/core.py:308: SupervisionWarnings: 'KeyPoints.confidence' is deprecated since 0.29.0 and will be removed in 0.32.0. Use 'KeyPoints.keypoint_confidence' instead.
  warn_deprecated(
/usr/local/lib/python3.12/dist-packages/supervision/key_points/core.py:308: SupervisionWarnings: 'KeyPoints.confidence' is deprecated since 0.29.0 and will be removed in 0.32.0. Use 'KeyPoints.keypoint_confidence' instead.
  warn_deprecated(
 55%|█████▍    | 409/750 [06:54<07:03,  1.24s/it]/usr/local/lib/python3.12/dist-packages/supervision/key_points/core.py:316: SupervisionWarnings: 'KeyPoints.confidence' is deprecated since 0.29.0 and will be removed in 0.32.0. Use 'KeyPoints.keypoint_confidence' instead.
  warn_deprecated(
/usr/local/lib/python3.12/dist-packages/supervision/key_points/core.py:308: SupervisionWarnings: 'KeyPoints.confidence' is deprecated since 0.29.0 and will be removed in 0.32.0. Use 'KeyPoints.keypoint_confidence' instead.
  warn_deprecated(
/usr/local/lib/python3.12/dist-packages/supervision/key_points/core.py:308: SupervisionWarnings: 'KeyPoints.confidence' is deprecated since 0.29.0 and will be removed in 0.32.0. Use 'KeyPoints.keypoint_confidence' instead.
  warn_deprecated(
/usr/local/lib/python3.12/dist-packages/supervision/key_points/core.py:308: SupervisionWarnings: 'KeyPoints.confidence' is deprecated since 0.29.0 and will be removed in 0.32.0. Use 'KeyPoints.keypoint_confidence' instead.
  warn_deprecated(
/usr/local/lib/python3.12/dist-packages/supervision/key_points/core.py:308: SupervisionWarnings: 'KeyPoints.confidence' is deprecated since 0.29.0 and will be removed in 0.32.0. Use 'KeyPoints.keypoint_confidence' instead.
  warn_deprecated(
 55%|█████▍    | 410/750 [06:56<07:02,  1.24s/it]/usr/local/lib/python3.12/dist-packages/supervision/key_points/core.py:316: SupervisionWarnings: 'KeyPoints.confidence' is deprecated since 0.29.0 and will be removed in 0.32.0. Use 'KeyPoints.keypoint_confidence' instead.
  warn_deprecated(
/usr/local/lib/python3.12/dist-packages/supervision/key_points/core.py:308: SupervisionWarnings: 'KeyPoints.confidence' is deprecated since 0.29.0 and will be removed in 0.32.0. Use 'KeyPoints.keypoint_confidence' instead.
  warn_deprecated(
/usr/local/lib/python3.12/dist-packages/supervision/key_points/core.py:308: SupervisionWarnings: 'KeyPoints.confidence' is deprecated since 0.29.0 and will be removed in 0.32.0. Use 'KeyPoints.keypoint_confidence' instead.
  warn_deprecated(
/usr/local/lib/python3.12/dist-packages/supervision/key_points/core.py:308: SupervisionWarnings: 'KeyPoints.confidence' is deprecated since 0.29.0 and will be removed in 0.32.0. Use 'KeyPoints.keypoint_confidence' instead.
  warn_deprecated(
/usr/local/lib/python3.12/dist-packages/supervision/key_points/core.py:308: SupervisionWarnings: 'KeyPoints.confidence' is deprecated since 0.29.0 and will be removed in 0.32.0. Use 'KeyPoints.keypoint_confidence' instead.
  warn_deprecated(
 55%|█████▍    | 411/750 [06:57<06:58,  1.23s/it]/usr/local/lib/python3.12/dist-packages/supervision/key_points/core.py:316: SupervisionWarnings: 'KeyPoints.confidence' is deprecated since 0.29.0 and will be removed in 0.32.0. Use 'KeyPoints.keypoint_confidence' instead.
  warn_deprecated(
/usr/local/lib/python3.12/dist-packages/supervision/key_points/core.py:308: SupervisionWarnings: 'KeyPoints.confidence' is deprecated since 0.29.0 and will be removed in 0.32.0. Use 'KeyPoints.keypoint_confidence' instead.
  warn_deprecated(
/usr/local/lib/python3.12/dist-packages/supervision/key_points/core.py:308: SupervisionWarnings: 'KeyPoints.confidence' is deprecated since 0.29.0 and will be removed in 0.32.0. Use 'KeyPoints.keypoint_confidence' instead.
  warn_deprecated(
/usr/local/lib/python3.12/dist-packages/supervision/key_points/core.py:308: SupervisionWarnings: 'KeyPoints.confidence' is deprecated since 0.29.0 and will be removed in 0.32.0. Use 'KeyPoints.keypoint_confidence' instead.
  warn_deprecated(
/usr/local/lib/python3.12/dist-packages/supervision/key_points/core.py:308: SupervisionWarnings: 'KeyPoints.confidence' is deprecated since 0.29.0 and will be removed in 0.32.0. Use 'KeyPoints.keypoint_confidence' instead.
  warn_deprecated(
 55%|█████▍    | 412/750 [06:58<06:57,  1.23s/it]/usr/local/lib/python3.12/dist-packages/supervision/key_points/core.py:316: SupervisionWarnings: 'KeyPoints.confidence' is deprecated since 0.29.0 and will be removed in 0.32.0. Use 'KeyPoints.keypoint_confidence' instead.
  warn_deprecated(
/usr/local/lib/python3.12/dist-packages/supervision/key_points/core.py:308: SupervisionWarnings: 'KeyPoints.confidence' is deprecated since 0.29.0 and will be removed in 0.32.0. Use 'KeyPoints.keypoint_confidence' instead.
  warn_deprecated(
/usr/local/lib/python3.12/dist-packages/supervision/key_points/core.py:308: SupervisionWarnings: 'KeyPoints.confidence' is deprecated since 0.29.0 and will be removed in 0.32.0. Use 'KeyPoints.keypoint_confidence' instead.
  warn_deprecated(
/usr/local/lib/python3.12/dist-packages/supervision/key_points/core.py:308: SupervisionWarnings: 'KeyPoints.confidence' is deprecated since 0.29.0 and will be removed in 0.32.0. Use 'KeyPoints.keypoint_confidence' instead.
  warn_deprecated(
/usr/local/lib/python3.12/dist-packages/supervision/key_points/core.py:308: SupervisionWarnings: 'KeyPoints.confidence' is deprecated since 0.29.0 and will be removed in 0.32.0. Use 'KeyPoints.keypoint_confidence' instead.
  warn_deprecated(
 55%|█████▌    | 413/750 [06:59<06:56,  1.24s/it]/usr/local/lib/python3.12/dist-packages/supervision/key_points/core.py:316: SupervisionWarnings: 'KeyPoints.confidence' is deprecated since 0.29.0 and will be removed in 0.32.0. Use 'KeyPoints.keypoint_confidence' instead.
  warn_deprecated(
/usr/local/lib/python3.12/dist-packages/supervision/key_points/core.py:308: SupervisionWarnings: 'KeyPoints.confidence' is deprecated since 0.29.0 and will be removed in 0.32.0. Use 'KeyPoints.keypoint_confidence' instead.
  warn_deprecated(
/usr/local/lib/python3.12/dist-packages/supervision/key_points/core.py:308: SupervisionWarnings: 'KeyPoints.confidence' is deprecated since 0.29.0 and will be removed in 0.32.0. Use 'KeyPoints.keypoint_confidence' instead.
  warn_deprecated(
/usr/local/lib/python3.12/dist-packages/supervision/key_points/core.py:308: SupervisionWarnings: 'KeyPoints.confidence' is deprecated since 0.29.0 and will be removed in 0.32.0. Use 'KeyPoints.keypoint_confidence' instead.
  warn_deprecated(
/usr/local/lib/python3.12/dist-packages/supervision/key_points/core.py:308: SupervisionWarnings: 'KeyPoints.confidence' is deprecated since 0.29.0 and will be removed in 0.32.0. Use 'KeyPoints.keypoint_confidence' instead.
  warn_deprecated(
 55%|█████▌    | 414/750 [07:00<06:09,  1.10s/it]/usr/local/lib/python3.12/dist-packages/supervision/key_points/core.py:316: SupervisionWarnings: 'KeyPoints.confidence' is deprecated since 0.29.0 and will be removed in 0.32.0. Use 'KeyPoints.keypoint_confidence' instead.
  warn_deprecated(
/usr/local/lib/python3.12/dist-packages/supervision/key_points/core.py:308: SupervisionWarnings: 'KeyPoints.confidence' is deprecated since 0.29.0 and will be removed in 0.32.0. Use 'KeyPoints.keypoint_confidence' instead.
  warn_deprecated(
/usr/local/lib/python3.12/dist-packages/supervision/key_points/core.py:308: SupervisionWarnings: 'KeyPoints.confidence' is deprecated since 0.29.0 and will be removed in 0.32.0. Use 'KeyPoints.keypoint_confidence' instead.
  warn_deprecated(
/usr/local/lib/python3.12/dist-packages/supervision/key_points/core.py:308: SupervisionWarnings: 'KeyPoints.confidence' is deprecated since 0.29.0 and will be removed in 0.32.0. Use 'KeyPoints.keypoint_confidence' instead.
  warn_deprecated(
/usr/local/lib/python3.12/dist-packages/supervision/key_points/core.py:308: SupervisionWarnings: 'KeyPoints.confidence' is deprecated since 0.29.0 and will be removed in 0.32.0. Use 'KeyPoints.keypoint_confidence' instead.
  warn_deprecated(
 55%|█████▌    | 415/750 [07:01<06:16,  1.12s/it]/usr/local/lib/python3.12/dist-packages/supervision/key_points/core.py:316: SupervisionWarnings: 'KeyPoints.confidence' is deprecated since 0.29.0 and will be removed in 0.32.0. Use 'KeyPoints.keypoint_confidence' instead.
  warn_deprecated(
/usr/local/lib/python3.12/dist-packages/supervision/key_points/core.py:308: SupervisionWarnings: 'KeyPoints.confidence' is deprecated since 0.29.0 and will be removed in 0.32.0. Use 'KeyPoints.keypoint_confidence' instead.
  warn_deprecated(
/usr/local/lib/python3.12/dist-packages/supervision/key_points/core.py:308: SupervisionWarnings: 'KeyPoints.confidence' is deprecated since 0.29.0 and will be removed in 0.32.0. Use 'KeyPoints.keypoint_confidence' instead.
  warn_deprecated(
/usr/local/lib/python3.12/dist-packages/supervision/key_points/core.py:308: SupervisionWarnings: 'KeyPoints.confidence' is deprecated since 0.29.0 and will be removed in 0.32.0. Use 'KeyPoints.keypoint_confidence' instead.
  warn_deprecated(
/usr/local/lib/python3.12/dist-packages/supervision/key_points/core.py:308: SupervisionWarnings: 'KeyPoints.confidence' is deprecated since 0.29.0 and will be removed in 0.32.0. Use 'KeyPoints.keypoint_confidence' instead.
  warn_deprecated(
 55%|█████▌    | 416/750 [07:02<05:41,  1.02s/it]/usr/local/lib/python3.12/dist-packages/supervision/key_points/core.py:316: SupervisionWarnings: 'KeyPoints.confidence' is deprecated since 0.29.0 and will be removed in 0.32.0. Use 'KeyPoints.keypoint_confidence' instead.
  warn_deprecated(
/usr/local/lib/python3.12/dist-packages/supervision/key_points/core.py:308: SupervisionWarnings: 'KeyPoints.confidence' is deprecated since 0.29.0 and will be removed in 0.32.0. Use 'KeyPoints.keypoint_confidence' instead.
  warn_deprecated(
/usr/local/lib/python3.12/dist-packages/supervision/key_points/core.py:308: SupervisionWarnings: 'KeyPoints.confidence' is deprecated since 0.29.0 and will be removed in 0.32.0. Use 'KeyPoints.keypoint_confidence' instead.
  warn_deprecated(
/usr/local/lib/python3.12/dist-packages/supervision/key_points/core.py:308: SupervisionWarnings: 'KeyPoints.confidence' is deprecated since 0.29.0 and will be removed in 0.32.0. Use 'KeyPoints.keypoint_confidence' instead.
  warn_deprecated(
/usr/local/lib/python3.12/dist-packages/supervision/key_points/core.py:308: SupervisionWarnings: 'KeyPoints.confidence' is deprecated since 0.29.0 and will be removed in 0.32.0. Use 'KeyPoints.keypoint_confidence' instead.
  warn_deprecated(
 56%|█████▌    | 417/750 [07:03<05:17,  1.05it/s]/usr/local/lib/python3.12/dist-packages/supervision/key_points/core.py:316: SupervisionWarnings: 'KeyPoints.confidence' is deprecated since 0.29.0 and will be removed in 0.32.0. Use 'KeyPoints.keypoint_confidence' instead.
  warn_deprecated(
/usr/local/lib/python3.12/dist-packages/supervision/key_points/core.py:308: SupervisionWarnings: 'KeyPoints.confidence' is deprecated since 0.29.0 and will be removed in 0.32.0. Use 'KeyPoints.keypoint_confidence' instead.
  warn_deprecated(
/usr/local/lib/python3.12/dist-packages/supervision/key_points/core.py:308: SupervisionWarnings: 'KeyPoints.confidence' is deprecated since 0.29.0 and will be removed in 0.32.0. Use 'KeyPoints.keypoint_confidence' instead.
  warn_deprecated(
/usr/local/lib/python3.12/dist-packages/supervision/key_points/core.py:308: SupervisionWarnings: 'KeyPoints.confidence' is deprecated since 0.29.0 and will be removed in 0.32.0. Use 'KeyPoints.keypoint_confidence' instead.
  warn_deprecated(
/usr/local/lib/python3.12/dist-packages/supervision/key_points/core.py:308: SupervisionWarnings: 'KeyPoints.confidence' is deprecated since 0.29.0 and will be removed in 0.32.0. Use 'KeyPoints.keypoint_confidence' instead.
  warn_deprecated(
 56%|█████▌    | 418/750 [07:04<05:06,  1.08it/s]/usr/local/lib/python3.12/dist-packages/supervision/key_points/core.py:316: SupervisionWarnings: 'KeyPoints.confidence' is deprecated since 0.29.0 and will be removed in 0.32.0. Use 'KeyPoints.keypoint_confidence' instead.
  warn_deprecated(
/usr/local/lib/python3.12/dist-packages/supervision/key_points/core.py:308: SupervisionWarnings: 'KeyPoints.confidence' is deprecated since 0.29.0 and will be removed in 0.32.0. Use 'KeyPoints.keypoint_confidence' instead.
  warn_deprecated(
/usr/local/lib/python3.12/dist-packages/supervision/key_points/core.py:308: SupervisionWarnings: 'KeyPoints.confidence' is deprecated since 0.29.0 and will be removed in 0.32.0. Use 'KeyPoints.keypoint_confidence' instead.
  warn_deprecated(
/usr/local/lib/python3.12/dist-packages/supervision/key_points/core.py:308: SupervisionWarnings: 'KeyPoints.confidence' is deprecated since 0.29.0 and will be removed in 0.32.0. Use 'KeyPoints.keypoint_confidence' instead.
  warn_deprecated(
/usr/local/lib/python3.12/dist-packages/supervision/key_points/core.py:308: SupervisionWarnings: 'KeyPoints.confidence' is deprecated since 0.29.0 and will be removed in 0.32.0. Use 'KeyPoints.keypoint_confidence' instead.
  warn_deprecated(
 56%|█████▌    | 419/750 [07:05<05:11,  1.06it/s]/usr/local/lib/python3.12/dist-packages/supervision/key_points/core.py:316: SupervisionWarnings: 'KeyPoints.confidence' is deprecated since 0.29.0 and will be removed in 0.32.0. Use 'KeyPoints.keypoint_confidence' instead.
  warn_deprecated(
/usr/local/lib/python3.12/dist-packages/supervision/key_points/core.py:308: SupervisionWarnings: 'KeyPoints.confidence' is deprecated since 0.29.0 and will be removed in 0.32.0. Use 'KeyPoints.keypoint_confidence' instead.
  warn_deprecated(
/usr/local/lib/python3.12/dist-packages/supervision/key_points/core.py:308: SupervisionWarnings: 'KeyPoints.confidence' is deprecated since 0.29.0 and will be removed in 0.32.0. Use 'KeyPoints.keypoint_confidence' instead.
  warn_deprecated(
/usr/local/lib/python3.12/dist-packages/supervision/key_points/core.py:308: SupervisionWarnings: 'KeyPoints.confidence' is deprecated since 0.29.0 and will be removed in 0.32.0. Use 'KeyPoints.keypoint_confidence' instead.
  warn_deprecated(
/usr/local/lib/python3.12/dist-packages/supervision/key_points/core.py:308: SupervisionWarnings: 'KeyPoints.confidence' is deprecated since 0.29.0 and will be removed in 0.32.0. Use 'KeyPoints.keypoint_confidence' instead.
  warn_deprecated(
 56%|█████▌    | 420/750 [07:06<05:13,  1.05it/s]/usr/local/lib/python3.12/dist-packages/supervision/key_points/core.py:316: SupervisionWarnings: 'KeyPoints.confidence' is deprecated since 0.29.0 and will be removed in 0.32.0. Use 'KeyPoints.keypoint_confidence' instead.
  warn_deprecated(
/usr/local/lib/python3.12/dist-packages/supervision/key_points/core.py:308: SupervisionWarnings: 'KeyPoints.confidence' is deprecated since 0.29.0 and will be removed in 0.32.0. Use 'KeyPoints.keypoint_confidence' instead.
  warn_deprecated(
/usr/local/lib/python3.12/dist-packages/supervision/key_points/core.py:308: SupervisionWarnings: 'KeyPoints.confidence' is deprecated since 0.29.0 and will be removed in 0.32.0. Use 'KeyPoints.keypoint_confidence' instead.
  warn_deprecated(
/usr/local/lib/python3.12/dist-packages/supervision/key_points/core.py:308: SupervisionWarnings: 'KeyPoints.confidence' is deprecated since 0.29.0 and will be removed in 0.32.0. Use 'KeyPoints.keypoint_confidence' instead.
  warn_deprecated(
/usr/local/lib/python3.12/dist-packages/supervision/key_points/core.py:308: SupervisionWarnings: 'KeyPoints.confidence' is deprecated since 0.29.0 and will be removed in 0.32.0. Use 'KeyPoints.keypoint_confidence' instead.
  warn_deprecated(
 56%|█████▌    | 421/750 [07:07<05:18,  1.03it/s]/usr/local/lib/python3.12/dist-packages/supervision/key_points/core.py:316: SupervisionWarnings: 'KeyPoints.confidence' is deprecated since 0.29.0 and will be removed in 0.32.0. Use 'KeyPoints.keypoint_confidence' instead.
  warn_deprecated(
/usr/local/lib/python3.12/dist-packages/supervision/key_points/core.py:308: SupervisionWarnings: 'KeyPoints.confidence' is deprecated since 0.29.0 and will be removed in 0.32.0. Use 'KeyPoints.keypoint_confidence' instead.
  warn_deprecated(
/usr/local/lib/python3.12/dist-packages/supervision/key_points/core.py:308: SupervisionWarnings: 'KeyPoints.confidence' is deprecated since 0.29.0 and will be removed in 0.32.0. Use 'KeyPoints.keypoint_confidence' instead.
  warn_deprecated(
/usr/local/lib/python3.12/dist-packages/supervision/key_points/core.py:308: SupervisionWarnings: 'KeyPoints.confidence' is deprecated since 0.29.0 and will be removed in 0.32.0. Use 'KeyPoints.keypoint_confidence' instead.
  warn_deprecated(
/usr/local/lib/python3.12/dist-packages/supervision/key_points/core.py:308: SupervisionWarnings: 'KeyPoints.confidence' is deprecated since 0.29.0 and will be removed in 0.32.0. Use 'KeyPoints.keypoint_confidence' instead.
  warn_deprecated(
 56%|█████▋    | 422/750 [07:08<06:02,  1.11s/it]/usr/local/lib/python3.12/dist-packages/supervision/key_points/core.py:316: SupervisionWarnings: 'KeyPoints.confidence' is deprecated since 0.29.0 and will be removed in 0.32.0. Use 'KeyPoints.keypoint_confidence' instead.
  warn_deprecated(
/usr/local/lib/python3.12/dist-packages/supervision/key_points/core.py:308: SupervisionWarnings: 'KeyPoints.confidence' is deprecated since 0.29.0 and will be removed in 0.32.0. Use 'KeyPoints.keypoint_confidence' instead.
  warn_deprecated(
/usr/local/lib/python3.12/dist-packages/supervision/key_points/core.py:308: SupervisionWarnings: 'KeyPoints.confidence' is deprecated since 0.29.0 and will be removed in 0.32.0. Use 'KeyPoints.keypoint_confidence' instead.
  warn_deprecated(
/usr/local/lib/python3.12/dist-packages/supervision/key_points/core.py:308: SupervisionWarnings: 'KeyPoints.confidence' is deprecated since 0.29.0 and will be removed in 0.32.0. Use 'KeyPoints.keypoint_confidence' instead.
  warn_deprecated(
/usr/local/lib/python3.12/dist-packages/supervision/key_points/core.py:308: SupervisionWarnings: 'KeyPoints.confidence' is deprecated since 0.29.0 and will be removed in 0.32.0. Use 'KeyPoints.keypoint_confidence' instead.
  warn_deprecated(
 56%|█████▋    | 423/750 [07:09<05:32,  1.02s/it]/usr/local/lib/python3.12/dist-packages/supervision/key_points/core.py:316: SupervisionWarnings: 'KeyPoints.confidence' is deprecated since 0.29.0 and will be removed in 0.32.0. Use 'KeyPoints.keypoint_confidence' instead.
  warn_deprecated(
/usr/local/lib/python3.12/dist-packages/supervision/key_points/core.py:308: SupervisionWarnings: 'KeyPoints.confidence' is deprecated since 0.29.0 and will be removed in 0.32.0. Use 'KeyPoints.keypoint_confidence' instead.
  warn_deprecated(
/usr/local/lib/python3.12/dist-packages/supervision/key_points/core.py:308: SupervisionWarnings: 'KeyPoints.confidence' is deprecated since 0.29.0 and will be removed in 0.32.0. Use 'KeyPoints.keypoint_confidence' instead.
  warn_deprecated(
/usr/local/lib/python3.12/dist-packages/supervision/key_points/core.py:308: SupervisionWarnings: 'KeyPoints.confidence' is deprecated since 0.29.0 and will be removed in 0.32.0. Use 'KeyPoints.keypoint_confidence' instead.
  warn_deprecated(
/usr/local/lib/python3.12/dist-packages/supervision/key_points/core.py:308: SupervisionWarnings: 'KeyPoints.confidence' is deprecated since 0.29.0 and will be removed in 0.32.0. Use 'KeyPoints.keypoint_confidence' instead.
  warn_deprecated(
 57%|█████▋    | 424/750 [07:10<05:11,  1.05it/s]/usr/local/lib/python3.12/dist-packages/supervision/key_points/core.py:316: SupervisionWarnings: 'KeyPoints.confidence' is deprecated since 0.29.0 and will be removed in 0.32.0. Use 'KeyPoints.keypoint_confidence' instead.
  warn_deprecated(
/usr/local/lib/python3.12/dist-packages/supervision/key_points/core.py:308: SupervisionWarnings: 'KeyPoints.confidence' is deprecated since 0.29.0 and will be removed in 0.32.0. Use 'KeyPoints.keypoint_confidence' instead.
  warn_deprecated(
/usr/local/lib/python3.12/dist-packages/supervision/key_points/core.py:308: SupervisionWarnings: 'KeyPoints.confidence' is deprecated since 0.29.0 and will be removed in 0.32.0. Use 'KeyPoints.keypoint_confidence' instead.
  warn_deprecated(
/usr/local/lib/python3.12/dist-packages/supervision/key_points/core.py:308: SupervisionWarnings: 'KeyPoints.confidence' is deprecated since 0.29.0 and will be removed in 0.32.0. Use 'KeyPoints.keypoint_confidence' instead.
  warn_deprecated(
/usr/local/lib/python3.12/dist-packages/supervision/key_points/core.py:308: SupervisionWarnings: 'KeyPoints.confidence' is deprecated since 0.29.0 and will be removed in 0.32.0. Use 'KeyPoints.keypoint_confidence' instead.
  warn_deprecated(
 57%|█████▋    | 425/750 [07:11<04:54,  1.10it/s]/usr/local/lib/python3.12/dist-packages/supervision/key_points/core.py:316: SupervisionWarnings: 'KeyPoints.confidence' is deprecated since 0.29.0 and will be removed in 0.32.0. Use 'KeyPoints.keypoint_confidence' instead.
  warn_deprecated(
/usr/local/lib/python3.12/dist-packages/supervision/key_points/core.py:308: SupervisionWarnings: 'KeyPoints.confidence' is deprecated since 0.29.0 and will be removed in 0.32.0. Use 'KeyPoints.keypoint_confidence' instead.
  warn_deprecated(
/usr/local/lib/python3.12/dist-packages/supervision/key_points/core.py:308: SupervisionWarnings: 'KeyPoints.confidence' is deprecated since 0.29.0 and will be removed in 0.32.0. Use 'KeyPoints.keypoint_confidence' instead.
  warn_deprecated(
/usr/local/lib/python3.12/dist-packages/supervision/key_points/core.py:308: SupervisionWarnings: 'KeyPoints.confidence' is deprecated since 0.29.0 and will be removed in 0.32.0. Use 'KeyPoints.keypoint_confidence' instead.
  warn_deprecated(
/usr/local/lib/python3.12/dist-packages/supervision/key_points/core.py:308: SupervisionWarnings: 'KeyPoints.confidence' is deprecated since 0.29.0 and will be removed in 0.32.0. Use 'KeyPoints.keypoint_confidence' instead.
  warn_deprecated(
 57%|█████▋    | 426/750 [07:11<04:42,  1.15it/s]/usr/local/lib/python3.12/dist-packages/supervision/key_points/core.py:316: SupervisionWarnings: 'KeyPoints.confidence' is deprecated since 0.29.0 and will be removed in 0.32.0. Use 'KeyPoints.keypoint_confidence' instead.
  warn_deprecated(
/usr/local/lib/python3.12/dist-packages/supervision/key_points/core.py:308: SupervisionWarnings: 'KeyPoints.confidence' is deprecated since 0.29.0 and will be removed in 0.32.0. Use 'KeyPoints.keypoint_confidence' instead.
  warn_deprecated(
/usr/local/lib/python3.12/dist-packages/supervision/key_points/core.py:308: SupervisionWarnings: 'KeyPoints.confidence' is deprecated since 0.29.0 and will be removed in 0.32.0. Use 'KeyPoints.keypoint_confidence' instead.
  warn_deprecated(
/usr/local/lib/python3.12/dist-packages/supervision/key_points/core.py:308: SupervisionWarnings: 'KeyPoints.confidence' is deprecated since 0.29.0 and will be removed in 0.32.0. Use 'KeyPoints.keypoint_confidence' instead.
  warn_deprecated(
/usr/local/lib/python3.12/dist-packages/supervision/key_points/core.py:308: SupervisionWarnings: 'KeyPoints.confidence' is deprecated since 0.29.0 and will be removed in 0.32.0. Use 'KeyPoints.keypoint_confidence' instead.
  warn_deprecated(
 57%|█████▋    | 427/750 [07:13<05:13,  1.03it/s]/usr/local/lib/python3.12/dist-packages/supervision/key_points/core.py:316: SupervisionWarnings: 'KeyPoints.confidence' is deprecated since 0.29.0 and will be removed in 0.32.0. Use 'KeyPoints.keypoint_confidence' instead.
  warn_deprecated(
/usr/local/lib/python3.12/dist-packages/supervision/key_points/core.py:308: SupervisionWarnings: 'KeyPoints.confidence' is deprecated since 0.29.0 and will be removed in 0.32.0. Use 'KeyPoints.keypoint_confidence' instead.
  warn_deprecated(
/usr/local/lib/python3.12/dist-packages/supervision/key_points/core.py:308: SupervisionWarnings: 'KeyPoints.confidence' is deprecated since 0.29.0 and will be removed in 0.32.0. Use 'KeyPoints.keypoint_confidence' instead.
  warn_deprecated(
/usr/local/lib/python3.12/dist-packages/supervision/key_points/core.py:308: SupervisionWarnings: 'KeyPoints.confidence' is deprecated since 0.29.0 and will be removed in 0.32.0. Use 'KeyPoints.keypoint_confidence' instead.
  warn_deprecated(
/usr/local/lib/python3.12/dist-packages/supervision/key_points/core.py:308: SupervisionWarnings: 'KeyPoints.confidence' is deprecated since 0.29.0 and will be removed in 0.32.0. Use 'KeyPoints.keypoint_confidence' instead.
  warn_deprecated(
 57%|█████▋    | 428/750 [07:13<04:57,  1.08it/s]/usr/local/lib/python3.12/dist-packages/supervision/key_points/core.py:316: SupervisionWarnings: 'KeyPoints.confidence' is deprecated since 0.29.0 and will be removed in 0.32.0. Use 'KeyPoints.keypoint_confidence' instead.
  warn_deprecated(
/usr/local/lib/python3.12/dist-packages/supervision/key_points/core.py:308: SupervisionWarnings: 'KeyPoints.confidence' is deprecated since 0.29.0 and will be removed in 0.32.0. Use 'KeyPoints.keypoint_confidence' instead.
  warn_deprecated(
/usr/local/lib/python3.12/dist-packages/supervision/key_points/core.py:308: SupervisionWarnings: 'KeyPoints.confidence' is deprecated since 0.29.0 and will be removed in 0.32.0. Use 'KeyPoints.keypoint_confidence' instead.
  warn_deprecated(
/usr/local/lib/python3.12/dist-packages/supervision/key_points/core.py:308: SupervisionWarnings: 'KeyPoints.confidence' is deprecated since 0.29.0 and will be removed in 0.32.0. Use 'KeyPoints.keypoint_confidence' instead.
  warn_deprecated(
/usr/local/lib/python3.12/dist-packages/supervision/key_points/core.py:308: SupervisionWarnings: 'KeyPoints.confidence' is deprecated since 0.29.0 and will be removed in 0.32.0. Use 'KeyPoints.keypoint_confidence' instead.
  warn_deprecated(
 57%|█████▋    | 429/750 [07:14<04:45,  1.13it/s]/usr/local/lib/python3.12/dist-packages/supervision/key_points/core.py:316: SupervisionWarnings: 'KeyPoints.confidence' is deprecated since 0.29.0 and will be removed in 0.32.0. Use 'KeyPoints.keypoint_confidence' instead.
  warn_deprecated(
/usr/local/lib/python3.12/dist-packages/supervision/key_points/core.py:308: SupervisionWarnings: 'KeyPoints.confidence' is deprecated since 0.29.0 and will be removed in 0.32.0. Use 'KeyPoints.keypoint_confidence' instead.
  warn_deprecated(
/usr/local/lib/python3.12/dist-packages/supervision/key_points/core.py:308: SupervisionWarnings: 'KeyPoints.confidence' is deprecated since 0.29.0 and will be removed in 0.32.0. Use 'KeyPoints.keypoint_confidence' instead.
  warn_deprecated(
/usr/local/lib/python3.12/dist-packages/supervision/key_points/core.py:308: SupervisionWarnings: 'KeyPoints.confidence' is deprecated since 0.29.0 and will be removed in 0.32.0. Use 'KeyPoints.keypoint_confidence' instead.
  warn_deprecated(
/usr/local/lib/python3.12/dist-packages/supervision/key_points/core.py:308: SupervisionWarnings: 'KeyPoints.confidence' is deprecated since 0.29.0 and will be removed in 0.32.0. Use 'KeyPoints.keypoint_confidence' instead.
  warn_deprecated(
 57%|█████▋    | 430/750 [07:15<04:34,  1.16it/s]/usr/local/lib/python3.12/dist-packages/supervision/key_points/core.py:316: SupervisionWarnings: 'KeyPoints.confidence' is deprecated since 0.29.0 and will be removed in 0.32.0. Use 'KeyPoints.keypoint_confidence' instead.
  warn_deprecated(
/usr/local/lib/python3.12/dist-packages/supervision/key_points/core.py:308: SupervisionWarnings: 'KeyPoints.confidence' is deprecated since 0.29.0 and will be removed in 0.32.0. Use 'KeyPoints.keypoint_confidence' instead.
  warn_deprecated(
/usr/local/lib/python3.12/dist-packages/supervision/key_points/core.py:308: SupervisionWarnings: 'KeyPoints.confidence' is deprecated since 0.29.0 and will be removed in 0.32.0. Use 'KeyPoints.keypoint_confidence' instead.
  warn_deprecated(
/usr/local/lib/python3.12/dist-packages/supervision/key_points/core.py:308: SupervisionWarnings: 'KeyPoints.confidence' is deprecated since 0.29.0 and will be removed in 0.32.0. Use 'KeyPoints.keypoint_confidence' instead.
  warn_deprecated(
/usr/local/lib/python3.12/dist-packages/supervision/key_points/core.py:308: SupervisionWarnings: 'KeyPoints.confidence' is deprecated since 0.29.0 and will be removed in 0.32.0. Use 'KeyPoints.keypoint_confidence' instead.
  warn_deprecated(
 57%|█████▋    | 431/750 [07:16<05:06,  1.04it/s]/usr/local/lib/python3.12/dist-packages/supervision/key_points/core.py:316: SupervisionWarnings: 'KeyPoints.confidence' is deprecated since 0.29.0 and will be removed in 0.32.0. Use 'KeyPoints.keypoint_confidence' instead.
  warn_deprecated(
/usr/local/lib/python3.12/dist-packages/supervision/key_points/core.py:308: SupervisionWarnings: 'KeyPoints.confidence' is deprecated since 0.29.0 and will be removed in 0.32.0. Use 'KeyPoints.keypoint_confidence' instead.
  warn_deprecated(
/usr/local/lib/python3.12/dist-packages/supervision/key_points/core.py:308: SupervisionWarnings: 'KeyPoints.confidence' is deprecated since 0.29.0 and will be removed in 0.32.0. Use 'KeyPoints.keypoint_confidence' instead.
  warn_deprecated(
/usr/local/lib/python3.12/dist-packages/supervision/key_points/core.py:308: SupervisionWarnings: 'KeyPoints.confidence' is deprecated since 0.29.0 and will be removed in 0.32.0. Use 'KeyPoints.keypoint_confidence' instead.
  warn_deprecated(
/usr/local/lib/python3.12/dist-packages/supervision/key_points/core.py:308: SupervisionWarnings: 'KeyPoints.confidence' is deprecated since 0.29.0 and will be removed in 0.32.0. Use 'KeyPoints.keypoint_confidence' instead.
  warn_deprecated(
 58%|█████▊    | 432/750 [07:17<04:49,  1.10it/s]/usr/local/lib/python3.12/dist-packages/supervision/key_points/core.py:316: SupervisionWarnings: 'KeyPoints.confidence' is deprecated since 0.29.0 and will be removed in 0.32.0. Use 'KeyPoints.keypoint_confidence' instead.
  warn_deprecated(
/usr/local/lib/python3.12/dist-packages/supervision/key_points/core.py:308: SupervisionWarnings: 'KeyPoints.confidence' is deprecated since 0.29.0 and will be removed in 0.32.0. Use 'KeyPoints.keypoint_confidence' instead.
  warn_deprecated(
/usr/local/lib/python3.12/dist-packages/supervision/key_points/core.py:308: SupervisionWarnings: 'KeyPoints.confidence' is deprecated since 0.29.0 and will be removed in 0.32.0. Use 'KeyPoints.keypoint_confidence' instead.
  warn_deprecated(
/usr/local/lib/python3.12/dist-packages/supervision/key_points/core.py:308: SupervisionWarnings: 'KeyPoints.confidence' is deprecated since 0.29.0 and will be removed in 0.32.0. Use 'KeyPoints.keypoint_confidence' instead.
  warn_deprecated(
/usr/local/lib/python3.12/dist-packages/supervision/key_points/core.py:308: SupervisionWarnings: 'KeyPoints.confidence' is deprecated since 0.29.0 and will be removed in 0.32.0. Use 'KeyPoints.keypoint_confidence' instead.
  warn_deprecated(
 58%|█████▊    | 433/750 [07:18<04:40,  1.13it/s]/usr/local/lib/python3.12/dist-packages/supervision/key_points/core.py:316: SupervisionWarnings: 'KeyPoints.confidence' is deprecated since 0.29.0 and will be removed in 0.32.0. Use 'KeyPoints.keypoint_confidence' instead.
  warn_deprecated(
/usr/local/lib/python3.12/dist-packages/supervision/key_points/core.py:308: SupervisionWarnings: 'KeyPoints.confidence' is deprecated since 0.29.0 and will be removed in 0.32.0. Use 'KeyPoints.keypoint_confidence' instead.
  warn_deprecated(
/usr/local/lib/python3.12/dist-packages/supervision/key_points/core.py:308: SupervisionWarnings: 'KeyPoints.confidence' is deprecated since 0.29.0 and will be removed in 0.32.0. Use 'KeyPoints.keypoint_confidence' instead.
  warn_deprecated(
/usr/local/lib/python3.12/dist-packages/supervision/key_points/core.py:308: SupervisionWarnings: 'KeyPoints.confidence' is deprecated since 0.29.0 and will be removed in 0.32.0. Use 'KeyPoints.keypoint_confidence' instead.
  warn_deprecated(
/usr/local/lib/python3.12/dist-packages/supervision/key_points/core.py:308: SupervisionWarnings: 'KeyPoints.confidence' is deprecated since 0.29.0 and will be removed in 0.32.0. Use 'KeyPoints.keypoint_confidence' instead.
  warn_deprecated(
 58%|█████▊    | 434/750 [07:19<04:41,  1.12it/s]/usr/local/lib/python3.12/dist-packages/supervision/key_points/core.py:316: SupervisionWarnings: 'KeyPoints.confidence' is deprecated since 0.29.0 and will be removed in 0.32.0. Use 'KeyPoints.keypoint_confidence' instead.
  warn_deprecated(
/usr/local/lib/python3.12/dist-packages/supervision/key_points/core.py:308: SupervisionWarnings: 'KeyPoints.confidence' is deprecated since 0.29.0 and will be removed in 0.32.0. Use 'KeyPoints.keypoint_confidence' instead.
  warn_deprecated(
/usr/local/lib/python3.12/dist-packages/supervision/key_points/core.py:308: SupervisionWarnings: 'KeyPoints.confidence' is deprecated since 0.29.0 and will be removed in 0.32.0. Use 'KeyPoints.keypoint_confidence' instead.
  warn_deprecated(
/usr/local/lib/python3.12/dist-packages/supervision/key_points/core.py:308: SupervisionWarnings: 'KeyPoints.confidence' is deprecated since 0.29.0 and will be removed in 0.32.0. Use 'KeyPoints.keypoint_confidence' instead.
  warn_deprecated(
/usr/local/lib/python3.12/dist-packages/supervision/key_points/core.py:308: SupervisionWarnings: 'KeyPoints.confidence' is deprecated since 0.29.0 and will be removed in 0.32.0. Use 'KeyPoints.keypoint_confidence' instead.
  warn_deprecated(
 58%|█████▊    | 435/750 [07:20<04:45,  1.10it/s]/usr/local/lib/python3.12/dist-packages/supervision/key_points/core.py:316: SupervisionWarnings: 'KeyPoints.confidence' is deprecated since 0.29.0 and will be removed in 0.32.0. Use 'KeyPoints.keypoint_confidence' instead.
  warn_deprecated(
/usr/local/lib/python3.12/dist-packages/supervision/key_points/core.py:308: SupervisionWarnings: 'KeyPoints.confidence' is deprecated since 0.29.0 and will be removed in 0.32.0. Use 'KeyPoints.keypoint_confidence' instead.
  warn_deprecated(
/usr/local/lib/python3.12/dist-packages/supervision/key_points/core.py:308: SupervisionWarnings: 'KeyPoints.confidence' is deprecated since 0.29.0 and will be removed in 0.32.0. Use 'KeyPoints.keypoint_confidence' instead.
  warn_deprecated(
/usr/local/lib/python3.12/dist-packages/supervision/key_points/core.py:308: SupervisionWarnings: 'KeyPoints.confidence' is deprecated since 0.29.0 and will be removed in 0.32.0. Use 'KeyPoints.keypoint_confidence' instead.
  warn_deprecated(
/usr/local/lib/python3.12/dist-packages/supervision/key_points/core.py:308: SupervisionWarnings: 'KeyPoints.confidence' is deprecated since 0.29.0 and will be removed in 0.32.0. Use 'KeyPoints.keypoint_confidence' instead.
  warn_deprecated(
 58%|█████▊    | 436/750 [07:21<04:55,  1.06it/s]/usr/local/lib/python3.12/dist-packages/supervision/key_points/core.py:316: SupervisionWarnings: 'KeyPoints.confidence' is deprecated since 0.29.0 and will be removed in 0.32.0. Use 'KeyPoints.keypoint_confidence' instead.
  warn_deprecated(
/usr/local/lib/python3.12/dist-packages/supervision/key_points/core.py:308: SupervisionWarnings: 'KeyPoints.confidence' is deprecated since 0.29.0 and will be removed in 0.32.0. Use 'KeyPoints.keypoint_confidence' instead.
  warn_deprecated(
/usr/local/lib/python3.12/dist-packages/supervision/key_points/core.py:308: SupervisionWarnings: 'KeyPoints.confidence' is deprecated since 0.29.0 and will be removed in 0.32.0. Use 'KeyPoints.keypoint_confidence' instead.
  warn_deprecated(
/usr/local/lib/python3.12/dist-packages/supervision/key_points/core.py:308: SupervisionWarnings: 'KeyPoints.confidence' is deprecated since 0.29.0 and will be removed in 0.32.0. Use 'KeyPoints.keypoint_confidence' instead.
  warn_deprecated(
/usr/local/lib/python3.12/dist-packages/supervision/key_points/core.py:308: SupervisionWarnings: 'KeyPoints.confidence' is deprecated since 0.29.0 and will be removed in 0.32.0. Use 'KeyPoints.keypoint_confidence' instead.
  warn_deprecated(
 58%|█████▊    | 437/750 [07:22<05:01,  1.04it/s]/usr/local/lib/python3.12/dist-packages/supervision/key_points/core.py:316: SupervisionWarnings: 'KeyPoints.confidence' is deprecated since 0.29.0 and will be removed in 0.32.0. Use 'KeyPoints.keypoint_confidence' instead.
  warn_deprecated(
/usr/local/lib/python3.12/dist-packages/supervision/key_points/core.py:308: SupervisionWarnings: 'KeyPoints.confidence' is deprecated since 0.29.0 and will be removed in 0.32.0. Use 'KeyPoints.keypoint_confidence' instead.
  warn_deprecated(
/usr/local/lib/python3.12/dist-packages/supervision/key_points/core.py:308: SupervisionWarnings: 'KeyPoints.confidence' is deprecated since 0.29.0 and will be removed in 0.32.0. Use 'KeyPoints.keypoint_confidence' instead.
  warn_deprecated(
/usr/local/lib/python3.12/dist-packages/supervision/key_points/core.py:308: SupervisionWarnings: 'KeyPoints.confidence' is deprecated since 0.29.0 and will be removed in 0.32.0. Use 'KeyPoints.keypoint_confidence' instead.
  warn_deprecated(
/usr/local/lib/python3.12/dist-packages/supervision/key_points/core.py:308: SupervisionWarnings: 'KeyPoints.confidence' is deprecated since 0.29.0 and will be removed in 0.32.0. Use 'KeyPoints.keypoint_confidence' instead.
  warn_deprecated(
 58%|█████▊    | 438/750 [07:23<05:00,  1.04it/s]/usr/local/lib/python3.12/dist-packages/supervision/key_points/core.py:316: SupervisionWarnings: 'KeyPoints.confidence' is deprecated since 0.29.0 and will be removed in 0.32.0. Use 'KeyPoints.keypoint_confidence' instead.
  warn_deprecated(
/usr/local/lib/python3.12/dist-packages/supervision/key_points/core.py:308: SupervisionWarnings: 'KeyPoints.confidence' is deprecated since 0.29.0 and will be removed in 0.32.0. Use 'KeyPoints.keypoint_confidence' instead.
  warn_deprecated(
/usr/local/lib/python3.12/dist-packages/supervision/key_points/core.py:308: SupervisionWarnings: 'KeyPoints.confidence' is deprecated since 0.29.0 and will be removed in 0.32.0. Use 'KeyPoints.keypoint_confidence' instead.
  warn_deprecated(
/usr/local/lib/python3.12/dist-packages/supervision/key_points/core.py:308: SupervisionWarnings: 'KeyPoints.confidence' is deprecated since 0.29.0 and will be removed in 0.32.0. Use 'KeyPoints.keypoint_confidence' instead.
  warn_deprecated(
/usr/local/lib/python3.12/dist-packages/supervision/key_points/core.py:308: SupervisionWarnings: 'KeyPoints.confidence' is deprecated since 0.29.0 and will be removed in 0.32.0. Use 'KeyPoints.keypoint_confidence' instead.
  warn_deprecated(
 59%|█████▊    | 439/750 [07:23<04:43,  1.10it/s]/usr/local/lib/python3.12/dist-packages/supervision/key_points/core.py:316: SupervisionWarnings: 'KeyPoints.confidence' is deprecated since 0.29.0 and will be removed in 0.32.0. Use 'KeyPoints.keypoint_confidence' instead.
  warn_deprecated(
/usr/local/lib/python3.12/dist-packages/supervision/key_points/core.py:308: SupervisionWarnings: 'KeyPoints.confidence' is deprecated since 0.29.0 and will be removed in 0.32.0. Use 'KeyPoints.keypoint_confidence' instead.
  warn_deprecated(
/usr/local/lib/python3.12/dist-packages/supervision/key_points/core.py:308: SupervisionWarnings: 'KeyPoints.confidence' is deprecated since 0.29.0 and will be removed in 0.32.0. Use 'KeyPoints.keypoint_confidence' instead.
  warn_deprecated(
/usr/local/lib/python3.12/dist-packages/supervision/key_points/core.py:308: SupervisionWarnings: 'KeyPoints.confidence' is deprecated since 0.29.0 and will be removed in 0.32.0. Use 'KeyPoints.keypoint_confidence' instead.
  warn_deprecated(
/usr/local/lib/python3.12/dist-packages/supervision/key_points/core.py:308: SupervisionWarnings: 'KeyPoints.confidence' is deprecated since 0.29.0 and will be removed in 0.32.0. Use 'KeyPoints.keypoint_confidence' instead.
  warn_deprecated(
 59%|█████▊    | 440/750 [07:24<04:31,  1.14it/s]/usr/local/lib/python3.12/dist-packages/supervision/key_points/core.py:316: SupervisionWarnings: 'KeyPoints.confidence' is deprecated since 0.29.0 and will be removed in 0.32.0. Use 'KeyPoints.keypoint_confidence' instead.
  warn_deprecated(
/usr/local/lib/python3.12/dist-packages/supervision/key_points/core.py:308: SupervisionWarnings: 'KeyPoints.confidence' is deprecated since 0.29.0 and will be removed in 0.32.0. Use 'KeyPoints.keypoint_confidence' instead.
  warn_deprecated(
/usr/local/lib/python3.12/dist-packages/supervision/key_points/core.py:308: SupervisionWarnings: 'KeyPoints.confidence' is deprecated since 0.29.0 and will be removed in 0.32.0. Use 'KeyPoints.keypoint_confidence' instead.
  warn_deprecated(
/usr/local/lib/python3.12/dist-packages/supervision/key_points/core.py:308: SupervisionWarnings: 'KeyPoints.confidence' is deprecated since 0.29.0 and will be removed in 0.32.0. Use 'KeyPoints.keypoint_confidence' instead.
  warn_deprecated(
/usr/local/lib/python3.12/dist-packages/supervision/key_points/core.py:308: SupervisionWarnings: 'KeyPoints.confidence' is deprecated since 0.29.0 and will be removed in 0.32.0. Use 'KeyPoints.keypoint_confidence' instead.
  warn_deprecated(
 59%|█████▉    | 441/750 [07:25<04:22,  1.18it/s]/usr/local/lib/python3.12/dist-packages/supervision/key_points/core.py:316: SupervisionWarnings: 'KeyPoints.confidence' is deprecated since 0.29.0 and will be removed in 0.32.0. Use 'KeyPoints.keypoint_confidence' instead.
  warn_deprecated(
/usr/local/lib/python3.12/dist-packages/supervision/key_points/core.py:308: SupervisionWarnings: 'KeyPoints.confidence' is deprecated since 0.29.0 and will be removed in 0.32.0. Use 'KeyPoints.keypoint_confidence' instead.
  warn_deprecated(
/usr/local/lib/python3.12/dist-packages/supervision/key_points/core.py:308: SupervisionWarnings: 'KeyPoints.confidence' is deprecated since 0.29.0 and will be removed in 0.32.0. Use 'KeyPoints.keypoint_confidence' instead.
  warn_deprecated(
/usr/local/lib/python3.12/dist-packages/supervision/key_points/core.py:308: SupervisionWarnings: 'KeyPoints.confidence' is deprecated since 0.29.0 and will be removed in 0.32.0. Use 'KeyPoints.keypoint_confidence' instead.
  warn_deprecated(
/usr/local/lib/python3.12/dist-packages/supervision/key_points/core.py:308: SupervisionWarnings: 'KeyPoints.confidence' is deprecated since 0.29.0 and will be removed in 0.32.0. Use 'KeyPoints.keypoint_confidence' instead.
  warn_deprecated(
 59%|█████▉    | 442/750 [07:26<04:18,  1.19it/s]/usr/local/lib/python3.12/dist-packages/supervision/key_points/core.py:316: SupervisionWarnings: 'KeyPoints.confidence' is deprecated since 0.29.0 and will be removed in 0.32.0. Use 'KeyPoints.keypoint_confidence' instead.
  warn_deprecated(
/usr/local/lib/python3.12/dist-packages/supervision/key_points/core.py:308: SupervisionWarnings: 'KeyPoints.confidence' is deprecated since 0.29.0 and will be removed in 0.32.0. Use 'KeyPoints.keypoint_confidence' instead.
  warn_deprecated(
/usr/local/lib/python3.12/dist-packages/supervision/key_points/core.py:308: SupervisionWarnings: 'KeyPoints.confidence' is deprecated since 0.29.0 and will be removed in 0.32.0. Use 'KeyPoints.keypoint_confidence' instead.
  warn_deprecated(
/usr/local/lib/python3.12/dist-packages/supervision/key_points/core.py:308: SupervisionWarnings: 'KeyPoints.confidence' is deprecated since 0.29.0 and will be removed in 0.32.0. Use 'KeyPoints.keypoint_confidence' instead.
  warn_deprecated(
/usr/local/lib/python3.12/dist-packages/supervision/key_points/core.py:308: SupervisionWarnings: 'KeyPoints.confidence' is deprecated since 0.29.0 and will be removed in 0.32.0. Use 'KeyPoints.keypoint_confidence' instead.
  warn_deprecated(
 59%|█████▉    | 443/750 [07:27<04:54,  1.04it/s]/usr/local/lib/python3.12/dist-packages/supervision/key_points/core.py:316: SupervisionWarnings: 'KeyPoints.confidence' is deprecated since 0.29.0 and will be removed in 0.32.0. Use 'KeyPoints.keypoint_confidence' instead.
  warn_deprecated(
/usr/local/lib/python3.12/dist-packages/supervision/key_points/core.py:308: SupervisionWarnings: 'KeyPoints.confidence' is deprecated since 0.29.0 and will be removed in 0.32.0. Use 'KeyPoints.keypoint_confidence' instead.
  warn_deprecated(
/usr/local/lib/python3.12/dist-packages/supervision/key_points/core.py:308: SupervisionWarnings: 'KeyPoints.confidence' is deprecated since 0.29.0 and will be removed in 0.32.0. Use 'KeyPoints.keypoint_confidence' instead.
  warn_deprecated(
/usr/local/lib/python3.12/dist-packages/supervision/key_points/core.py:308: SupervisionWarnings: 'KeyPoints.confidence' is deprecated since 0.29.0 and will be removed in 0.32.0. Use 'KeyPoints.keypoint_confidence' instead.
  warn_deprecated(
/usr/local/lib/python3.12/dist-packages/supervision/key_points/core.py:308: SupervisionWarnings: 'KeyPoints.confidence' is deprecated since 0.29.0 and will be removed in 0.32.0. Use 'KeyPoints.keypoint_confidence' instead.
  warn_deprecated(
 59%|█████▉    | 444/750 [07:28<04:39,  1.09it/s]/usr/local/lib/python3.12/dist-packages/supervision/key_points/core.py:316: SupervisionWarnings: 'KeyPoints.confidence' is deprecated since 0.29.0 and will be removed in 0.32.0. Use 'KeyPoints.keypoint_confidence' instead.
  warn_deprecated(
/usr/local/lib/python3.12/dist-packages/supervision/key_points/core.py:308: SupervisionWarnings: 'KeyPoints.confidence' is deprecated since 0.29.0 and will be removed in 0.32.0. Use 'KeyPoints.keypoint_confidence' instead.
  warn_deprecated(
/usr/local/lib/python3.12/dist-packages/supervision/key_points/core.py:308: SupervisionWarnings: 'KeyPoints.confidence' is deprecated since 0.29.0 and will be removed in 0.32.0. Use 'KeyPoints.keypoint_confidence' instead.
  warn_deprecated(
/usr/local/lib/python3.12/dist-packages/supervision/key_points/core.py:308: SupervisionWarnings: 'KeyPoints.confidence' is deprecated since 0.29.0 and will be removed in 0.32.0. Use 'KeyPoints.keypoint_confidence' instead.
  warn_deprecated(
/usr/local/lib/python3.12/dist-packages/supervision/key_points/core.py:308: SupervisionWarnings: 'KeyPoints.confidence' is deprecated since 0.29.0 and will be removed in 0.32.0. Use 'KeyPoints.keypoint_confidence' instead.
  warn_deprecated(
 59%|█████▉    | 445/750 [07:29<04:30,  1.13it/s]/usr/local/lib/python3.12/dist-packages/supervision/key_points/core.py:316: SupervisionWarnings: 'KeyPoints.confidence' is deprecated since 0.29.0 and will be removed in 0.32.0. Use 'KeyPoints.keypoint_confidence' instead.
  warn_deprecated(
/usr/local/lib/python3.12/dist-packages/supervision/key_points/core.py:308: SupervisionWarnings: 'KeyPoints.confidence' is deprecated since 0.29.0 and will be removed in 0.32.0. Use 'KeyPoints.keypoint_confidence' instead.
  warn_deprecated(
/usr/local/lib/python3.12/dist-packages/supervision/key_points/core.py:308: SupervisionWarnings: 'KeyPoints.confidence' is deprecated since 0.29.0 and will be removed in 0.32.0. Use 'KeyPoints.keypoint_confidence' instead.
  warn_deprecated(
/usr/local/lib/python3.12/dist-packages/supervision/key_points/core.py:308: SupervisionWarnings: 'KeyPoints.confidence' is deprecated since 0.29.0 and will be removed in 0.32.0. Use 'KeyPoints.keypoint_confidence' instead.
  warn_deprecated(
/usr/local/lib/python3.12/dist-packages/supervision/key_points/core.py:308: SupervisionWarnings: 'KeyPoints.confidence' is deprecated since 0.29.0 and will be removed in 0.32.0. Use 'KeyPoints.keypoint_confidence' instead.
  warn_deprecated(
 59%|█████▉    | 446/750 [07:30<04:21,  1.16it/s]/usr/local/lib/python3.12/dist-packages/supervision/key_points/core.py:316: SupervisionWarnings: 'KeyPoints.confidence' is deprecated since 0.29.0 and will be removed in 0.32.0. Use 'KeyPoints.keypoint_confidence' instead.
  warn_deprecated(
/usr/local/lib/python3.12/dist-packages/supervision/key_points/core.py:308: SupervisionWarnings: 'KeyPoints.confidence' is deprecated since 0.29.0 and will be removed in 0.32.0. Use 'KeyPoints.keypoint_confidence' instead.
  warn_deprecated(
/usr/local/lib/python3.12/dist-packages/supervision/key_points/core.py:308: SupervisionWarnings: 'KeyPoints.confidence' is deprecated since 0.29.0 and will be removed in 0.32.0. Use 'KeyPoints.keypoint_confidence' instead.
  warn_deprecated(
/usr/local/lib/python3.12/dist-packages/supervision/key_points/core.py:308: SupervisionWarnings: 'KeyPoints.confidence' is deprecated since 0.29.0 and will be removed in 0.32.0. Use 'KeyPoints.keypoint_confidence' instead.
  warn_deprecated(
/usr/local/lib/python3.12/dist-packages/supervision/key_points/core.py:308: SupervisionWarnings: 'KeyPoints.confidence' is deprecated since 0.29.0 and will be removed in 0.32.0. Use 'KeyPoints.keypoint_confidence' instead.
  warn_deprecated(
 60%|█████▉    | 447/750 [07:30<04:13,  1.19it/s]/usr/local/lib/python3.12/dist-packages/supervision/key_points/core.py:316: SupervisionWarnings: 'KeyPoints.confidence' is deprecated since 0.29.0 and will be removed in 0.32.0. Use 'KeyPoints.keypoint_confidence' instead.
  warn_deprecated(
/usr/local/lib/python3.12/dist-packages/supervision/key_points/core.py:308: SupervisionWarnings: 'KeyPoints.confidence' is deprecated since 0.29.0 and will be removed in 0.32.0. Use 'KeyPoints.keypoint_confidence' instead.
  warn_deprecated(
/usr/local/lib/python3.12/dist-packages/supervision/key_points/core.py:308: SupervisionWarnings: 'KeyPoints.confidence' is deprecated since 0.29.0 and will be removed in 0.32.0. Use 'KeyPoints.keypoint_confidence' instead.
  warn_deprecated(
/usr/local/lib/python3.12/dist-packages/supervision/key_points/core.py:308: SupervisionWarnings: 'KeyPoints.confidence' is deprecated since 0.29.0 and will be removed in 0.32.0. Use 'KeyPoints.keypoint_confidence' instead.
  warn_deprecated(
/usr/local/lib/python3.12/dist-packages/supervision/key_points/core.py:308: SupervisionWarnings: 'KeyPoints.confidence' is deprecated since 0.29.0 and will be removed in 0.32.0. Use 'KeyPoints.keypoint_confidence' instead.
  warn_deprecated(
 60%|█████▉    | 448/750 [07:31<04:12,  1.20it/s]/usr/local/lib/python3.12/dist-packages/supervision/key_points/core.py:316: SupervisionWarnings: 'KeyPoints.confidence' is deprecated since 0.29.0 and will be removed in 0.32.0. Use 'KeyPoints.keypoint_confidence' instead.
  warn_deprecated(
/usr/local/lib/python3.12/dist-packages/supervision/key_points/core.py:308: SupervisionWarnings: 'KeyPoints.confidence' is deprecated since 0.29.0 and will be removed in 0.32.0. Use 'KeyPoints.keypoint_confidence' instead.
  warn_deprecated(
/usr/local/lib/python3.12/dist-packages/supervision/key_points/core.py:308: SupervisionWarnings: 'KeyPoints.confidence' is deprecated since 0.29.0 and will be removed in 0.32.0. Use 'KeyPoints.keypoint_confidence' instead.
  warn_deprecated(
/usr/local/lib/python3.12/dist-packages/supervision/key_points/core.py:308: SupervisionWarnings: 'KeyPoints.confidence' is deprecated since 0.29.0 and will be removed in 0.32.0. Use 'KeyPoints.keypoint_confidence' instead.
  warn_deprecated(
/usr/local/lib/python3.12/dist-packages/supervision/key_points/core.py:308: SupervisionWarnings: 'KeyPoints.confidence' is deprecated since 0.29.0 and will be removed in 0.32.0. Use 'KeyPoints.keypoint_confidence' instead.
  warn_deprecated(
 60%|█████▉    | 449/750 [07:32<04:08,  1.21it/s]/usr/local/lib/python3.12/dist-packages/supervision/key_points/core.py:316: SupervisionWarnings: 'KeyPoints.confidence' is deprecated since 0.29.0 and will be removed in 0.32.0. Use 'KeyPoints.keypoint_confidence' instead.
  warn_deprecated(
/usr/local/lib/python3.12/dist-packages/supervision/key_points/core.py:308: SupervisionWarnings: 'KeyPoints.confidence' is deprecated since 0.29.0 and will be removed in 0.32.0. Use 'KeyPoints.keypoint_confidence' instead.
  warn_deprecated(
/usr/local/lib/python3.12/dist-packages/supervision/key_points/core.py:308: SupervisionWarnings: 'KeyPoints.confidence' is deprecated since 0.29.0 and will be removed in 0.32.0. Use 'KeyPoints.keypoint_confidence' instead.
  warn_deprecated(
/usr/local/lib/python3.12/dist-packages/supervision/key_points/core.py:308: SupervisionWarnings: 'KeyPoints.confidence' is deprecated since 0.29.0 and will be removed in 0.32.0. Use 'KeyPoints.keypoint_confidence' instead.
  warn_deprecated(
/usr/local/lib/python3.12/dist-packages/supervision/key_points/core.py:308: SupervisionWarnings: 'KeyPoints.confidence' is deprecated since 0.29.0 and will be removed in 0.32.0. Use 'KeyPoints.keypoint_confidence' instead.
  warn_deprecated(
 60%|██████    | 450/750 [07:33<04:54,  1.02it/s]/usr/local/lib/python3.12/dist-packages/supervision/key_points/core.py:316: SupervisionWarnings: 'KeyPoints.confidence' is deprecated since 0.29.0 and will be removed in 0.32.0. Use 'KeyPoints.keypoint_confidence' instead.
  warn_deprecated(
/usr/local/lib/python3.12/dist-packages/supervision/key_points/core.py:308: SupervisionWarnings: 'KeyPoints.confidence' is deprecated since 0.29.0 and will be removed in 0.32.0. Use 'KeyPoints.keypoint_confidence' instead.
  warn_deprecated(
/usr/local/lib/python3.12/dist-packages/supervision/key_points/core.py:308: SupervisionWarnings: 'KeyPoints.confidence' is deprecated since 0.29.0 and will be removed in 0.32.0. Use 'KeyPoints.keypoint_confidence' instead.
  warn_deprecated(
/usr/local/lib/python3.12/dist-packages/supervision/key_points/core.py:308: SupervisionWarnings: 'KeyPoints.confidence' is deprecated since 0.29.0 and will be removed in 0.32.0. Use 'KeyPoints.keypoint_confidence' instead.
  warn_deprecated(
/usr/local/lib/python3.12/dist-packages/supervision/key_points/core.py:308: SupervisionWarnings: 'KeyPoints.confidence' is deprecated since 0.29.0 and will be removed in 0.32.0. Use 'KeyPoints.keypoint_confidence' instead.
  warn_deprecated(
 60%|██████    | 451/750 [07:35<05:33,  1.12s/it]/usr/local/lib/python3.12/dist-packages/supervision/key_points/core.py:316: SupervisionWarnings: 'KeyPoints.confidence' is deprecated since 0.29.0 and will be removed in 0.32.0. Use 'KeyPoints.keypoint_confidence' instead.
  warn_deprecated(
/usr/local/lib/python3.12/dist-packages/supervision/key_points/core.py:308: SupervisionWarnings: 'KeyPoints.confidence' is deprecated since 0.29.0 and will be removed in 0.32.0. Use 'KeyPoints.keypoint_confidence' instead.
  warn_deprecated(
/usr/local/lib/python3.12/dist-packages/supervision/key_points/core.py:308: SupervisionWarnings: 'KeyPoints.confidence' is deprecated since 0.29.0 and will be removed in 0.32.0. Use 'KeyPoints.keypoint_confidence' instead.
  warn_deprecated(
/usr/local/lib/python3.12/dist-packages/supervision/key_points/core.py:308: SupervisionWarnings: 'KeyPoints.confidence' is deprecated since 0.29.0 and will be removed in 0.32.0. Use 'KeyPoints.keypoint_confidence' instead.
  warn_deprecated(
/usr/local/lib/python3.12/dist-packages/supervision/key_points/core.py:308: SupervisionWarnings: 'KeyPoints.confidence' is deprecated since 0.29.0 and will be removed in 0.32.0. Use 'KeyPoints.keypoint_confidence' instead.
  warn_deprecated(
 60%|██████    | 452/750 [07:36<05:18,  1.07s/it]/usr/local/lib/python3.12/dist-packages/supervision/key_points/core.py:316: SupervisionWarnings: 'KeyPoints.confidence' is deprecated since 0.29.0 and will be removed in 0.32.0. Use 'KeyPoints.keypoint_confidence' instead.
  warn_deprecated(
/usr/local/lib/python3.12/dist-packages/supervision/key_points/core.py:308: SupervisionWarnings: 'KeyPoints.confidence' is deprecated since 0.29.0 and will be removed in 0.32.0. Use 'KeyPoints.keypoint_confidence' instead.
  warn_deprecated(
/usr/local/lib/python3.12/dist-packages/supervision/key_points/core.py:308: SupervisionWarnings: 'KeyPoints.confidence' is deprecated since 0.29.0 and will be removed in 0.32.0. Use 'KeyPoints.keypoint_confidence' instead.
  warn_deprecated(
/usr/local/lib/python3.12/dist-packages/supervision/key_points/core.py:308: SupervisionWarnings: 'KeyPoints.confidence' is deprecated since 0.29.0 and will be removed in 0.32.0. Use 'KeyPoints.keypoint_confidence' instead.
  warn_deprecated(
/usr/local/lib/python3.12/dist-packages/supervision/key_points/core.py:308: SupervisionWarnings: 'KeyPoints.confidence' is deprecated since 0.29.0 and will be removed in 0.32.0. Use 'KeyPoints.keypoint_confidence' instead.
  warn_deprecated(
 60%|██████    | 453/750 [07:37<05:03,  1.02s/it]/usr/local/lib/python3.12/dist-packages/supervision/key_points/core.py:316: SupervisionWarnings: 'KeyPoints.confidence' is deprecated since 0.29.0 and will be removed in 0.32.0. Use 'KeyPoints.keypoint_confidence' instead.
  warn_deprecated(
/usr/local/lib/python3.12/dist-packages/supervision/key_points/core.py:308: SupervisionWarnings: 'KeyPoints.confidence' is deprecated since 0.29.0 and will be removed in 0.32.0. Use 'KeyPoints.keypoint_confidence' instead.
  warn_deprecated(
/usr/local/lib/python3.12/dist-packages/supervision/key_points/core.py:308: SupervisionWarnings: 'KeyPoints.confidence' is deprecated since 0.29.0 and will be removed in 0.32.0. Use 'KeyPoints.keypoint_confidence' instead.
  warn_deprecated(
/usr/local/lib/python3.12/dist-packages/supervision/key_points/core.py:308: SupervisionWarnings: 'KeyPoints.confidence' is deprecated since 0.29.0 and will be removed in 0.32.0. Use 'KeyPoints.keypoint_confidence' instead.
  warn_deprecated(
/usr/local/lib/python3.12/dist-packages/supervision/key_points/core.py:308: SupervisionWarnings: 'KeyPoints.confidence' is deprecated since 0.29.0 and will be removed in 0.32.0. Use 'KeyPoints.keypoint_confidence' instead.
  warn_deprecated(
 61%|██████    | 454/750 [07:38<04:55,  1.00it/s]/usr/local/lib/python3.12/dist-packages/supervision/key_points/core.py:316: SupervisionWarnings: 'KeyPoints.confidence' is deprecated since 0.29.0 and will be removed in 0.32.0. Use 'KeyPoints.keypoint_confidence' instead.
  warn_deprecated(
/usr/local/lib/python3.12/dist-packages/supervision/key_points/core.py:308: SupervisionWarnings: 'KeyPoints.confidence' is deprecated since 0.29.0 and will be removed in 0.32.0. Use 'KeyPoints.keypoint_confidence' instead.
  warn_deprecated(
/usr/local/lib/python3.12/dist-packages/supervision/key_points/core.py:308: SupervisionWarnings: 'KeyPoints.confidence' is deprecated since 0.29.0 and will be removed in 0.32.0. Use 'KeyPoints.keypoint_confidence' instead.
  warn_deprecated(
/usr/local/lib/python3.12/dist-packages/supervision/key_points/core.py:308: SupervisionWarnings: 'KeyPoints.confidence' is deprecated since 0.29.0 and will be removed in 0.32.0. Use 'KeyPoints.keypoint_confidence' instead.
  warn_deprecated(
/usr/local/lib/python3.12/dist-packages/supervision/key_points/core.py:308: SupervisionWarnings: 'KeyPoints.confidence' is deprecated since 0.29.0 and will be removed in 0.32.0. Use 'KeyPoints.keypoint_confidence' instead.
  warn_deprecated(
 61%|██████    | 455/750 [07:38<04:35,  1.07it/s]/usr/local/lib/python3.12/dist-packages/supervision/key_points/core.py:316: SupervisionWarnings: 'KeyPoints.confidence' is deprecated since 0.29.0 and will be removed in 0.32.0. Use 'KeyPoints.keypoint_confidence' instead.
  warn_deprecated(
/usr/local/lib/python3.12/dist-packages/supervision/key_points/core.py:308: SupervisionWarnings: 'KeyPoints.confidence' is deprecated since 0.29.0 and will be removed in 0.32.0. Use 'KeyPoints.keypoint_confidence' instead.
  warn_deprecated(
/usr/local/lib/python3.12/dist-packages/supervision/key_points/core.py:308: SupervisionWarnings: 'KeyPoints.confidence' is deprecated since 0.29.0 and will be removed in 0.32.0. Use 'KeyPoints.keypoint_confidence' instead.
  warn_deprecated(
/usr/local/lib/python3.12/dist-packages/supervision/key_points/core.py:308: SupervisionWarnings: 'KeyPoints.confidence' is deprecated since 0.29.0 and will be removed in 0.32.0. Use 'KeyPoints.keypoint_confidence' instead.
  warn_deprecated(
/usr/local/lib/python3.12/dist-packages/supervision/key_points/core.py:308: SupervisionWarnings: 'KeyPoints.confidence' is deprecated since 0.29.0 and will be removed in 0.32.0. Use 'KeyPoints.keypoint_confidence' instead.
  warn_deprecated(
 61%|██████    | 456/750 [07:39<04:23,  1.12it/s]/usr/local/lib/python3.12/dist-packages/supervision/key_points/core.py:316: SupervisionWarnings: 'KeyPoints.confidence' is deprecated since 0.29.0 and will be removed in 0.32.0. Use 'KeyPoints.keypoint_confidence' instead.
  warn_deprecated(
/usr/local/lib/python3.12/dist-packages/supervision/key_points/core.py:308: SupervisionWarnings: 'KeyPoints.confidence' is deprecated since 0.29.0 and will be removed in 0.32.0. Use 'KeyPoints.keypoint_confidence' instead.
  warn_deprecated(
/usr/local/lib/python3.12/dist-packages/supervision/key_points/core.py:308: SupervisionWarnings: 'KeyPoints.confidence' is deprecated since 0.29.0 and will be removed in 0.32.0. Use 'KeyPoints.keypoint_confidence' instead.
  warn_deprecated(
/usr/local/lib/python3.12/dist-packages/supervision/key_points/core.py:308: SupervisionWarnings: 'KeyPoints.confidence' is deprecated since 0.29.0 and will be removed in 0.32.0. Use 'KeyPoints.keypoint_confidence' instead.
  warn_deprecated(
/usr/local/lib/python3.12/dist-packages/supervision/key_points/core.py:308: SupervisionWarnings: 'KeyPoints.confidence' is deprecated since 0.29.0 and will be removed in 0.32.0. Use 'KeyPoints.keypoint_confidence' instead.
  warn_deprecated(
 61%|██████    | 457/750 [07:40<04:15,  1.15it/s]/usr/local/lib/python3.12/dist-packages/supervision/key_points/core.py:316: SupervisionWarnings: 'KeyPoints.confidence' is deprecated since 0.29.0 and will be removed in 0.32.0. Use 'KeyPoints.keypoint_confidence' instead.
  warn_deprecated(
/usr/local/lib/python3.12/dist-packages/supervision/key_points/core.py:308: SupervisionWarnings: 'KeyPoints.confidence' is deprecated since 0.29.0 and will be removed in 0.32.0. Use 'KeyPoints.keypoint_confidence' instead.
  warn_deprecated(
/usr/local/lib/python3.12/dist-packages/supervision/key_points/core.py:308: SupervisionWarnings: 'KeyPoints.confidence' is deprecated since 0.29.0 and will be removed in 0.32.0. Use 'KeyPoints.keypoint_confidence' instead.
  warn_deprecated(
/usr/local/lib/python3.12/dist-packages/supervision/key_points/core.py:308: SupervisionWarnings: 'KeyPoints.confidence' is deprecated since 0.29.0 and will be removed in 0.32.0. Use 'KeyPoints.keypoint_confidence' instead.
  warn_deprecated(
/usr/local/lib/python3.12/dist-packages/supervision/key_points/core.py:308: SupervisionWarnings: 'KeyPoints.confidence' is deprecated since 0.29.0 and will be removed in 0.32.0. Use 'KeyPoints.keypoint_confidence' instead.
  warn_deprecated(
 61%|██████    | 458/750 [07:41<04:10,  1.16it/s]/usr/local/lib/python3.12/dist-packages/supervision/key_points/core.py:316: SupervisionWarnings: 'KeyPoints.confidence' is deprecated since 0.29.0 and will be removed in 0.32.0. Use 'KeyPoints.keypoint_confidence' instead.
  warn_deprecated(
/usr/local/lib/python3.12/dist-packages/supervision/key_points/core.py:308: SupervisionWarnings: 'KeyPoints.confidence' is deprecated since 0.29.0 and will be removed in 0.32.0. Use 'KeyPoints.keypoint_confidence' instead.
  warn_deprecated(
/usr/local/lib/python3.12/dist-packages/supervision/key_points/core.py:308: SupervisionWarnings: 'KeyPoints.confidence' is deprecated since 0.29.0 and will be removed in 0.32.0. Use 'KeyPoints.keypoint_confidence' instead.
  warn_deprecated(
/usr/local/lib/python3.12/dist-packages/supervision/key_points/core.py:308: SupervisionWarnings: 'KeyPoints.confidence' is deprecated since 0.29.0 and will be removed in 0.32.0. Use 'KeyPoints.keypoint_confidence' instead.
  warn_deprecated(
/usr/local/lib/python3.12/dist-packages/supervision/key_points/core.py:308: SupervisionWarnings: 'KeyPoints.confidence' is deprecated since 0.29.0 and will be removed in 0.32.0. Use 'KeyPoints.keypoint_confidence' instead.
  warn_deprecated(
 61%|██████    | 459/750 [07:42<04:05,  1.19it/s]/usr/local/lib/python3.12/dist-packages/supervision/key_points/core.py:316: SupervisionWarnings: 'KeyPoints.confidence' is deprecated since 0.29.0 and will be removed in 0.32.0. Use 'KeyPoints.keypoint_confidence' instead.
  warn_deprecated(
/usr/local/lib/python3.12/dist-packages/supervision/key_points/core.py:308: SupervisionWarnings: 'KeyPoints.confidence' is deprecated since 0.29.0 and will be removed in 0.32.0. Use 'KeyPoints.keypoint_confidence' instead.
  warn_deprecated(
/usr/local/lib/python3.12/dist-packages/supervision/key_points/core.py:308: SupervisionWarnings: 'KeyPoints.confidence' is deprecated since 0.29.0 and will be removed in 0.32.0. Use 'KeyPoints.keypoint_confidence' instead.
  warn_deprecated(
/usr/local/lib/python3.12/dist-packages/supervision/key_points/core.py:308: SupervisionWarnings: 'KeyPoints.confidence' is deprecated since 0.29.0 and will be removed in 0.32.0. Use 'KeyPoints.keypoint_confidence' instead.
  warn_deprecated(
/usr/local/lib/python3.12/dist-packages/supervision/key_points/core.py:308: SupervisionWarnings: 'KeyPoints.confidence' is deprecated since 0.29.0 and will be removed in 0.32.0. Use 'KeyPoints.keypoint_confidence' instead.
  warn_deprecated(
 61%|██████▏   | 460/750 [07:42<04:02,  1.20it/s]/usr/local/lib/python3.12/dist-packages/supervision/key_points/core.py:316: SupervisionWarnings: 'KeyPoints.confidence' is deprecated since 0.29.0 and will be removed in 0.32.0. Use 'KeyPoints.keypoint_confidence' instead.
  warn_deprecated(
/usr/local/lib/python3.12/dist-packages/supervision/key_points/core.py:308: SupervisionWarnings: 'KeyPoints.confidence' is deprecated since 0.29.0 and will be removed in 0.32.0. Use 'KeyPoints.keypoint_confidence' instead.
  warn_deprecated(
/usr/local/lib/python3.12/dist-packages/supervision/key_points/core.py:308: SupervisionWarnings: 'KeyPoints.confidence' is deprecated since 0.29.0 and will be removed in 0.32.0. Use 'KeyPoints.keypoint_confidence' instead.
  warn_deprecated(
/usr/local/lib/python3.12/dist-packages/supervision/key_points/core.py:308: SupervisionWarnings: 'KeyPoints.confidence' is deprecated since 0.29.0 and will be removed in 0.32.0. Use 'KeyPoints.keypoint_confidence' instead.
  warn_deprecated(
/usr/local/lib/python3.12/dist-packages/supervision/key_points/core.py:308: SupervisionWarnings: 'KeyPoints.confidence' is deprecated since 0.29.0 and will be removed in 0.32.0. Use 'KeyPoints.keypoint_confidence' instead.
  warn_deprecated(
 61%|██████▏   | 461/750 [07:43<03:59,  1.21it/s]/usr/local/lib/python3.12/dist-packages/supervision/key_points/core.py:316: SupervisionWarnings: 'KeyPoints.confidence' is deprecated since 0.29.0 and will be removed in 0.32.0. Use 'KeyPoints.keypoint_confidence' instead.
  warn_deprecated(
/usr/local/lib/python3.12/dist-packages/supervision/key_points/core.py:308: SupervisionWarnings: 'KeyPoints.confidence' is deprecated since 0.29.0 and will be removed in 0.32.0. Use 'KeyPoints.keypoint_confidence' instead.
  warn_deprecated(
/usr/local/lib/python3.12/dist-packages/supervision/key_points/core.py:308: SupervisionWarnings: 'KeyPoints.confidence' is deprecated since 0.29.0 and will be removed in 0.32.0. Use 'KeyPoints.keypoint_confidence' instead.
  warn_deprecated(
/usr/local/lib/python3.12/dist-packages/supervision/key_points/core.py:308: SupervisionWarnings: 'KeyPoints.confidence' is deprecated since 0.29.0 and will be removed in 0.32.0. Use 'KeyPoints.keypoint_confidence' instead.
  warn_deprecated(
/usr/local/lib/python3.12/dist-packages/supervision/key_points/core.py:308: SupervisionWarnings: 'KeyPoints.confidence' is deprecated since 0.29.0 and will be removed in 0.32.0. Use 'KeyPoints.keypoint_confidence' instead.
  warn_deprecated(
 62%|██████▏   | 462/750 [07:44<03:55,  1.22it/s]/usr/local/lib/python3.12/dist-packages/supervision/key_points/core.py:316: SupervisionWarnings: 'KeyPoints.confidence' is deprecated since 0.29.0 and will be removed in 0.32.0. Use 'KeyPoints.keypoint_confidence' instead.
  warn_deprecated(
/usr/local/lib/python3.12/dist-packages/supervision/key_points/core.py:308: SupervisionWarnings: 'KeyPoints.confidence' is deprecated since 0.29.0 and will be removed in 0.32.0. Use 'KeyPoints.keypoint_confidence' instead.
  warn_deprecated(
/usr/local/lib/python3.12/dist-packages/supervision/key_points/core.py:308: SupervisionWarnings: 'KeyPoints.confidence' is deprecated since 0.29.0 and will be removed in 0.32.0. Use 'KeyPoints.keypoint_confidence' instead.
  warn_deprecated(
/usr/local/lib/python3.12/dist-packages/supervision/key_points/core.py:308: SupervisionWarnings: 'KeyPoints.confidence' is deprecated since 0.29.0 and will be removed in 0.32.0. Use 'KeyPoints.keypoint_confidence' instead.
  warn_deprecated(
/usr/local/lib/python3.12/dist-packages/supervision/key_points/core.py:308: SupervisionWarnings: 'KeyPoints.confidence' is deprecated since 0.29.0 and will be removed in 0.32.0. Use 'KeyPoints.keypoint_confidence' instead.
  warn_deprecated(
 62%|██████▏   | 463/750 [07:45<03:54,  1.22it/s]/usr/local/lib/python3.12/dist-packages/supervision/key_points/core.py:316: SupervisionWarnings: 'KeyPoints.confidence' is deprecated since 0.29.0 and will be removed in 0.32.0. Use 'KeyPoints.keypoint_confidence' instead.
  warn_deprecated(
/usr/local/lib/python3.12/dist-packages/supervision/key_points/core.py:308: SupervisionWarnings: 'KeyPoints.confidence' is deprecated since 0.29.0 and will be removed in 0.32.0. Use 'KeyPoints.keypoint_confidence' instead.
  warn_deprecated(
/usr/local/lib/python3.12/dist-packages/supervision/key_points/core.py:308: SupervisionWarnings: 'KeyPoints.confidence' is deprecated since 0.29.0 and will be removed in 0.32.0. Use 'KeyPoints.keypoint_confidence' instead.
  warn_deprecated(
/usr/local/lib/python3.12/dist-packages/supervision/key_points/core.py:308: SupervisionWarnings: 'KeyPoints.confidence' is deprecated since 0.29.0 and will be removed in 0.32.0. Use 'KeyPoints.keypoint_confidence' instead.
  warn_deprecated(
/usr/local/lib/python3.12/dist-packages/supervision/key_points/core.py:308: SupervisionWarnings: 'KeyPoints.confidence' is deprecated since 0.29.0 and will be removed in 0.32.0. Use 'KeyPoints.keypoint_confidence' instead.
  warn_deprecated(
 62%|██████▏   | 464/750 [07:46<03:52,  1.23it/s]/usr/local/lib/python3.12/dist-packages/supervision/key_points/core.py:316: SupervisionWarnings: 'KeyPoints.confidence' is deprecated since 0.29.0 and will be removed in 0.32.0. Use 'KeyPoints.keypoint_confidence' instead.
  warn_deprecated(
/usr/local/lib/python3.12/dist-packages/supervision/key_points/core.py:308: SupervisionWarnings: 'KeyPoints.confidence' is deprecated since 0.29.0 and will be removed in 0.32.0. Use 'KeyPoints.keypoint_confidence' instead.
  warn_deprecated(
/usr/local/lib/python3.12/dist-packages/supervision/key_points/core.py:308: SupervisionWarnings: 'KeyPoints.confidence' is deprecated since 0.29.0 and will be removed in 0.32.0. Use 'KeyPoints.keypoint_confidence' instead.
  warn_deprecated(
/usr/local/lib/python3.12/dist-packages/supervision/key_points/core.py:308: SupervisionWarnings: 'KeyPoints.confidence' is deprecated since 0.29.0 and will be removed in 0.32.0. Use 'KeyPoints.keypoint_confidence' instead.
  warn_deprecated(
/usr/local/lib/python3.12/dist-packages/supervision/key_points/core.py:308: SupervisionWarnings: 'KeyPoints.confidence' is deprecated since 0.29.0 and will be removed in 0.32.0. Use 'KeyPoints.keypoint_confidence' instead.
  warn_deprecated(
 62%|██████▏   | 465/750 [07:46<03:51,  1.23it/s]/usr/local/lib/python3.12/dist-packages/supervision/key_points/core.py:316: SupervisionWarnings: 'KeyPoints.confidence' is deprecated since 0.29.0 and will be removed in 0.32.0. Use 'KeyPoints.keypoint_confidence' instead.
  warn_deprecated(
/usr/local/lib/python3.12/dist-packages/supervision/key_points/core.py:308: SupervisionWarnings: 'KeyPoints.confidence' is deprecated since 0.29.0 and will be removed in 0.32.0. Use 'KeyPoints.keypoint_confidence' instead.
  warn_deprecated(
/usr/local/lib/python3.12/dist-packages/supervision/key_points/core.py:308: SupervisionWarnings: 'KeyPoints.confidence' is deprecated since 0.29.0 and will be removed in 0.32.0. Use 'KeyPoints.keypoint_confidence' instead.
  warn_deprecated(
/usr/local/lib/python3.12/dist-packages/supervision/key_points/core.py:308: SupervisionWarnings: 'KeyPoints.confidence' is deprecated since 0.29.0 and will be removed in 0.32.0. Use 'KeyPoints.keypoint_confidence' instead.
  warn_deprecated(
/usr/local/lib/python3.12/dist-packages/supervision/key_points/core.py:308: SupervisionWarnings: 'KeyPoints.confidence' is deprecated since 0.29.0 and will be removed in 0.32.0. Use 'KeyPoints.keypoint_confidence' instead.
  warn_deprecated(
 62%|██████▏   | 466/750 [07:47<03:55,  1.20it/s]/usr/local/lib/python3.12/dist-packages/supervision/key_points/core.py:316: SupervisionWarnings: 'KeyPoints.confidence' is deprecated since 0.29.0 and will be removed in 0.32.0. Use 'KeyPoints.keypoint_confidence' instead.
  warn_deprecated(
/usr/local/lib/python3.12/dist-packages/supervision/key_points/core.py:308: SupervisionWarnings: 'KeyPoints.confidence' is deprecated since 0.29.0 and will be removed in 0.32.0. Use 'KeyPoints.keypoint_confidence' instead.
  warn_deprecated(
/usr/local/lib/python3.12/dist-packages/supervision/key_points/core.py:308: SupervisionWarnings: 'KeyPoints.confidence' is deprecated since 0.29.0 and will be removed in 0.32.0. Use 'KeyPoints.keypoint_confidence' instead.
  warn_deprecated(
/usr/local/lib/python3.12/dist-packages/supervision/key_points/core.py:308: SupervisionWarnings: 'KeyPoints.confidence' is deprecated since 0.29.0 and will be removed in 0.32.0. Use 'KeyPoints.keypoint_confidence' instead.
  warn_deprecated(
/usr/local/lib/python3.12/dist-packages/supervision/key_points/core.py:308: SupervisionWarnings: 'KeyPoints.confidence' is deprecated since 0.29.0 and will be removed in 0.32.0. Use 'KeyPoints.keypoint_confidence' instead.
  warn_deprecated(
 62%|██████▏   | 467/750 [07:48<04:08,  1.14it/s]/usr/local/lib/python3.12/dist-packages/supervision/key_points/core.py:316: SupervisionWarnings: 'KeyPoints.confidence' is deprecated since 0.29.0 and will be removed in 0.32.0. Use 'KeyPoints.keypoint_confidence' instead.
  warn_deprecated(
/usr/local/lib/python3.12/dist-packages/supervision/key_points/core.py:308: SupervisionWarnings: 'KeyPoints.confidence' is deprecated since 0.29.0 and will be removed in 0.32.0. Use 'KeyPoints.keypoint_confidence' instead.
  warn_deprecated(
/usr/local/lib/python3.12/dist-packages/supervision/key_points/core.py:308: SupervisionWarnings: 'KeyPoints.confidence' is deprecated since 0.29.0 and will be removed in 0.32.0. Use 'KeyPoints.keypoint_confidence' instead.
  warn_deprecated(
/usr/local/lib/python3.12/dist-packages/supervision/key_points/core.py:308: SupervisionWarnings: 'KeyPoints.confidence' is deprecated since 0.29.0 and will be removed in 0.32.0. Use 'KeyPoints.keypoint_confidence' instead.
  warn_deprecated(
/usr/local/lib/python3.12/dist-packages/supervision/key_points/core.py:308: SupervisionWarnings: 'KeyPoints.confidence' is deprecated since 0.29.0 and will be removed in 0.32.0. Use 'KeyPoints.keypoint_confidence' instead.
  warn_deprecated(
 62%|██████▏   | 468/750 [07:49<04:20,  1.08it/s]/usr/local/lib/python3.12/dist-packages/supervision/key_points/core.py:316: SupervisionWarnings: 'KeyPoints.confidence' is deprecated since 0.29.0 and will be removed in 0.32.0. Use 'KeyPoints.keypoint_confidence' instead.
  warn_deprecated(
/usr/local/lib/python3.12/dist-packages/supervision/key_points/core.py:308: SupervisionWarnings: 'KeyPoints.confidence' is deprecated since 0.29.0 and will be removed in 0.32.0. Use 'KeyPoints.keypoint_confidence' instead.
  warn_deprecated(
/usr/local/lib/python3.12/dist-packages/supervision/key_points/core.py:308: SupervisionWarnings: 'KeyPoints.confidence' is deprecated since 0.29.0 and will be removed in 0.32.0. Use 'KeyPoints.keypoint_confidence' instead.
  warn_deprecated(
/usr/local/lib/python3.12/dist-packages/supervision/key_points/core.py:308: SupervisionWarnings: 'KeyPoints.confidence' is deprecated since 0.29.0 and will be removed in 0.32.0. Use 'KeyPoints.keypoint_confidence' instead.
  warn_deprecated(
/usr/local/lib/python3.12/dist-packages/supervision/key_points/core.py:308: SupervisionWarnings: 'KeyPoints.confidence' is deprecated since 0.29.0 and will be removed in 0.32.0. Use 'KeyPoints.keypoint_confidence' instead.
  warn_deprecated(
 63%|██████▎   | 469/750 [07:50<04:25,  1.06it/s]/usr/local/lib/python3.12/dist-packages/supervision/key_points/core.py:316: SupervisionWarnings: 'KeyPoints.confidence' is deprecated since 0.29.0 and will be removed in 0.32.0. Use 'KeyPoints.keypoint_confidence' instead.
  warn_deprecated(
/usr/local/lib/python3.12/dist-packages/supervision/key_points/core.py:308: SupervisionWarnings: 'KeyPoints.confidence' is deprecated since 0.29.0 and will be removed in 0.32.0. Use 'KeyPoints.keypoint_confidence' instead.
  warn_deprecated(
/usr/local/lib/python3.12/dist-packages/supervision/key_points/core.py:308: SupervisionWarnings: 'KeyPoints.confidence' is deprecated since 0.29.0 and will be removed in 0.32.0. Use 'KeyPoints.keypoint_confidence' instead.
  warn_deprecated(
/usr/local/lib/python3.12/dist-packages/supervision/key_points/core.py:308: SupervisionWarnings: 'KeyPoints.confidence' is deprecated since 0.29.0 and will be removed in 0.32.0. Use 'KeyPoints.keypoint_confidence' instead.
  warn_deprecated(
/usr/local/lib/python3.12/dist-packages/supervision/key_points/core.py:308: SupervisionWarnings: 'KeyPoints.confidence' is deprecated since 0.29.0 and will be removed in 0.32.0. Use 'KeyPoints.keypoint_confidence' instead.
  warn_deprecated(
 63%|██████▎   | 470/750 [07:51<04:28,  1.04it/s]/usr/local/lib/python3.12/dist-packages/supervision/key_points/core.py:316: SupervisionWarnings: 'KeyPoints.confidence' is deprecated since 0.29.0 and will be removed in 0.32.0. Use 'KeyPoints.keypoint_confidence' instead.
  warn_deprecated(
/usr/local/lib/python3.12/dist-packages/supervision/key_points/core.py:308: SupervisionWarnings: 'KeyPoints.confidence' is deprecated since 0.29.0 and will be removed in 0.32.0. Use 'KeyPoints.keypoint_confidence' instead.
  warn_deprecated(
/usr/local/lib/python3.12/dist-packages/supervision/key_points/core.py:308: SupervisionWarnings: 'KeyPoints.confidence' is deprecated since 0.29.0 and will be removed in 0.32.0. Use 'KeyPoints.keypoint_confidence' instead.
  warn_deprecated(
/usr/local/lib/python3.12/dist-packages/supervision/key_points/core.py:308: SupervisionWarnings: 'KeyPoints.confidence' is deprecated since 0.29.0 and will be removed in 0.32.0. Use 'KeyPoints.keypoint_confidence' instead.
  warn_deprecated(
/usr/local/lib/python3.12/dist-packages/supervision/key_points/core.py:308: SupervisionWarnings: 'KeyPoints.confidence' is deprecated since 0.29.0 and will be removed in 0.32.0. Use 'KeyPoints.keypoint_confidence' instead.
  warn_deprecated(
 63%|██████▎   | 471/750 [07:52<04:17,  1.08it/s]/usr/local/lib/python3.12/dist-packages/supervision/key_points/core.py:316: SupervisionWarnings: 'KeyPoints.confidence' is deprecated since 0.29.0 and will be removed in 0.32.0. Use 'KeyPoints.keypoint_confidence' instead.
  warn_deprecated(
/usr/local/lib/python3.12/dist-packages/supervision/key_points/core.py:308: SupervisionWarnings: 'KeyPoints.confidence' is deprecated since 0.29.0 and will be removed in 0.32.0. Use 'KeyPoints.keypoint_confidence' instead.
  warn_deprecated(
/usr/local/lib/python3.12/dist-packages/supervision/key_points/core.py:308: SupervisionWarnings: 'KeyPoints.confidence' is deprecated since 0.29.0 and will be removed in 0.32.0. Use 'KeyPoints.keypoint_confidence' instead.
  warn_deprecated(
/usr/local/lib/python3.12/dist-packages/supervision/key_points/core.py:308: SupervisionWarnings: 'KeyPoints.confidence' is deprecated since 0.29.0 and will be removed in 0.32.0. Use 'KeyPoints.keypoint_confidence' instead.
  warn_deprecated(
/usr/local/lib/python3.12/dist-packages/supervision/key_points/core.py:308: SupervisionWarnings: 'KeyPoints.confidence' is deprecated since 0.29.0 and will be removed in 0.32.0. Use 'KeyPoints.keypoint_confidence' instead.
  warn_deprecated(
 63%|██████▎   | 472/750 [07:53<04:06,  1.13it/s]/usr/local/lib/python3.12/dist-packages/supervision/key_points/core.py:316: SupervisionWarnings: 'KeyPoints.confidence' is deprecated since 0.29.0 and will be removed in 0.32.0. Use 'KeyPoints.keypoint_confidence' instead.
  warn_deprecated(
/usr/local/lib/python3.12/dist-packages/supervision/key_points/core.py:308: SupervisionWarnings: 'KeyPoints.confidence' is deprecated since 0.29.0 and will be removed in 0.32.0. Use 'KeyPoints.keypoint_confidence' instead.
  warn_deprecated(
/usr/local/lib/python3.12/dist-packages/supervision/key_points/core.py:308: SupervisionWarnings: 'KeyPoints.confidence' is deprecated since 0.29.0 and will be removed in 0.32.0. Use 'KeyPoints.keypoint_confidence' instead.
  warn_deprecated(
/usr/local/lib/python3.12/dist-packages/supervision/key_points/core.py:308: SupervisionWarnings: 'KeyPoints.confidence' is deprecated since 0.29.0 and will be removed in 0.32.0. Use 'KeyPoints.keypoint_confidence' instead.
  warn_deprecated(
/usr/local/lib/python3.12/dist-packages/supervision/key_points/core.py:308: SupervisionWarnings: 'KeyPoints.confidence' is deprecated since 0.29.0 and will be removed in 0.32.0. Use 'KeyPoints.keypoint_confidence' instead.
  warn_deprecated(
 63%|██████▎   | 473/750 [07:54<04:37,  1.00s/it]/usr/local/lib/python3.12/dist-packages/supervision/key_points/core.py:316: SupervisionWarnings: 'KeyPoints.confidence' is deprecated since 0.29.0 and will be removed in 0.32.0. Use 'KeyPoints.keypoint_confidence' instead.
  warn_deprecated(
/usr/local/lib/python3.12/dist-packages/supervision/key_points/core.py:308: SupervisionWarnings: 'KeyPoints.confidence' is deprecated since 0.29.0 and will be removed in 0.32.0. Use 'KeyPoints.keypoint_confidence' instead.
  warn_deprecated(
/usr/local/lib/python3.12/dist-packages/supervision/key_points/core.py:308: SupervisionWarnings: 'KeyPoints.confidence' is deprecated since 0.29.0 and will be removed in 0.32.0. Use 'KeyPoints.keypoint_confidence' instead.
  warn_deprecated(
/usr/local/lib/python3.12/dist-packages/supervision/key_points/core.py:308: SupervisionWarnings: 'KeyPoints.confidence' is deprecated since 0.29.0 and will be removed in 0.32.0. Use 'KeyPoints.keypoint_confidence' instead.
  warn_deprecated(
/usr/local/lib/python3.12/dist-packages/supervision/key_points/core.py:308: SupervisionWarnings: 'KeyPoints.confidence' is deprecated since 0.29.0 and will be removed in 0.32.0. Use 'KeyPoints.keypoint_confidence' instead.
  warn_deprecated(
 63%|██████▎   | 474/750 [07:55<04:20,  1.06it/s]/usr/local/lib/python3.12/dist-packages/supervision/key_points/core.py:316: SupervisionWarnings: 'KeyPoints.confidence' is deprecated since 0.29.0 and will be removed in 0.32.0. Use 'KeyPoints.keypoint_confidence' instead.
  warn_deprecated(
/usr/local/lib/python3.12/dist-packages/supervision/key_points/core.py:308: SupervisionWarnings: 'KeyPoints.confidence' is deprecated since 0.29.0 and will be removed in 0.32.0. Use 'KeyPoints.keypoint_confidence' instead.
  warn_deprecated(
/usr/local/lib/python3.12/dist-packages/supervision/key_points/core.py:308: SupervisionWarnings: 'KeyPoints.confidence' is deprecated since 0.29.0 and will be removed in 0.32.0. Use 'KeyPoints.keypoint_confidence' instead.
  warn_deprecated(
/usr/local/lib/python3.12/dist-packages/supervision/key_points/core.py:308: SupervisionWarnings: 'KeyPoints.confidence' is deprecated since 0.29.0 and will be removed in 0.32.0. Use 'KeyPoints.keypoint_confidence' instead.
  warn_deprecated(
/usr/local/lib/python3.12/dist-packages/supervision/key_points/core.py:308: SupervisionWarnings: 'KeyPoints.confidence' is deprecated since 0.29.0 and will be removed in 0.32.0. Use 'KeyPoints.keypoint_confidence' instead.
  warn_deprecated(
 63%|██████▎   | 475/750 [07:56<04:06,  1.12it/s]/usr/local/lib/python3.12/dist-packages/supervision/key_points/core.py:316: SupervisionWarnings: 'KeyPoints.confidence' is deprecated since 0.29.0 and will be removed in 0.32.0. Use 'KeyPoints.keypoint_confidence' instead.
  warn_deprecated(
/usr/local/lib/python3.12/dist-packages/supervision/key_points/core.py:308: SupervisionWarnings: 'KeyPoints.confidence' is deprecated since 0.29.0 and will be removed in 0.32.0. Use 'KeyPoints.keypoint_confidence' instead.
  warn_deprecated(
/usr/local/lib/python3.12/dist-packages/supervision/key_points/core.py:308: SupervisionWarnings: 'KeyPoints.confidence' is deprecated since 0.29.0 and will be removed in 0.32.0. Use 'KeyPoints.keypoint_confidence' instead.
  warn_deprecated(
/usr/local/lib/python3.12/dist-packages/supervision/key_points/core.py:308: SupervisionWarnings: 'KeyPoints.confidence' is deprecated since 0.29.0 and will be removed in 0.32.0. Use 'KeyPoints.keypoint_confidence' instead.
  warn_deprecated(
/usr/local/lib/python3.12/dist-packages/supervision/key_points/core.py:308: SupervisionWarnings: 'KeyPoints.confidence' is deprecated since 0.29.0 and will be removed in 0.32.0. Use 'KeyPoints.keypoint_confidence' instead.
  warn_deprecated(
 63%|██████▎   | 476/750 [07:57<04:00,  1.14it/s]/usr/local/lib/python3.12/dist-packages/supervision/key_points/core.py:316: SupervisionWarnings: 'KeyPoints.confidence' is deprecated since 0.29.0 and will be removed in 0.32.0. Use 'KeyPoints.keypoint_confidence' instead.
  warn_deprecated(
/usr/local/lib/python3.12/dist-packages/supervision/key_points/core.py:308: SupervisionWarnings: 'KeyPoints.confidence' is deprecated since 0.29.0 and will be removed in 0.32.0. Use 'KeyPoints.keypoint_confidence' instead.
  warn_deprecated(
/usr/local/lib/python3.12/dist-packages/supervision/key_points/core.py:308: SupervisionWarnings: 'KeyPoints.confidence' is deprecated since 0.29.0 and will be removed in 0.32.0. Use 'KeyPoints.keypoint_confidence' instead.
  warn_deprecated(
/usr/local/lib/python3.12/dist-packages/supervision/key_points/core.py:308: SupervisionWarnings: 'KeyPoints.confidence' is deprecated since 0.29.0 and will be removed in 0.32.0. Use 'KeyPoints.keypoint_confidence' instead.
  warn_deprecated(
/usr/local/lib/python3.12/dist-packages/supervision/key_points/core.py:308: SupervisionWarnings: 'KeyPoints.confidence' is deprecated since 0.29.0 and will be removed in 0.32.0. Use 'KeyPoints.keypoint_confidence' instead.
  warn_deprecated(
 64%|██████▎   | 477/750 [07:57<03:53,  1.17it/s]/usr/local/lib/python3.12/dist-packages/supervision/key_points/core.py:316: SupervisionWarnings: 'KeyPoints.confidence' is deprecated since 0.29.0 and will be removed in 0.32.0. Use 'KeyPoints.keypoint_confidence' instead.
  warn_deprecated(
/usr/local/lib/python3.12/dist-packages/supervision/key_points/core.py:308: SupervisionWarnings: 'KeyPoints.confidence' is deprecated since 0.29.0 and will be removed in 0.32.0. Use 'KeyPoints.keypoint_confidence' instead.
  warn_deprecated(
/usr/local/lib/python3.12/dist-packages/supervision/key_points/core.py:308: SupervisionWarnings: 'KeyPoints.confidence' is deprecated since 0.29.0 and will be removed in 0.32.0. Use 'KeyPoints.keypoint_confidence' instead.
  warn_deprecated(
/usr/local/lib/python3.12/dist-packages/supervision/key_points/core.py:308: SupervisionWarnings: 'KeyPoints.confidence' is deprecated since 0.29.0 and will be removed in 0.32.0. Use 'KeyPoints.keypoint_confidence' instead.
  warn_deprecated(
/usr/local/lib/python3.12/dist-packages/supervision/key_points/core.py:308: SupervisionWarnings: 'KeyPoints.confidence' is deprecated since 0.29.0 and will be removed in 0.32.0. Use 'KeyPoints.keypoint_confidence' instead.
  warn_deprecated(
 64%|██████▎   | 478/750 [07:58<03:47,  1.20it/s]/usr/local/lib/python3.12/dist-packages/supervision/key_points/core.py:316: SupervisionWarnings: 'KeyPoints.confidence' is deprecated since 0.29.0 and will be removed in 0.32.0. Use 'KeyPoints.keypoint_confidence' instead.
  warn_deprecated(
/usr/local/lib/python3.12/dist-packages/supervision/key_points/core.py:308: SupervisionWarnings: 'KeyPoints.confidence' is deprecated since 0.29.0 and will be removed in 0.32.0. Use 'KeyPoints.keypoint_confidence' instead.
  warn_deprecated(
/usr/local/lib/python3.12/dist-packages/supervision/key_points/core.py:308: SupervisionWarnings: 'KeyPoints.confidence' is deprecated since 0.29.0 and will be removed in 0.32.0. Use 'KeyPoints.keypoint_confidence' instead.
  warn_deprecated(
/usr/local/lib/python3.12/dist-packages/supervision/key_points/core.py:308: SupervisionWarnings: 'KeyPoints.confidence' is deprecated since 0.29.0 and will be removed in 0.32.0. Use 'KeyPoints.keypoint_confidence' instead.
  warn_deprecated(
/usr/local/lib/python3.12/dist-packages/supervision/key_points/core.py:308: SupervisionWarnings: 'KeyPoints.confidence' is deprecated since 0.29.0 and will be removed in 0.32.0. Use 'KeyPoints.keypoint_confidence' instead.
  warn_deprecated(
 64%|██████▍   | 479/750 [07:59<03:43,  1.21it/s]/usr/local/lib/python3.12/dist-packages/supervision/key_points/core.py:316: SupervisionWarnings: 'KeyPoints.confidence' is deprecated since 0.29.0 and will be removed in 0.32.0. Use 'KeyPoints.keypoint_confidence' instead.
  warn_deprecated(
/usr/local/lib/python3.12/dist-packages/supervision/key_points/core.py:308: SupervisionWarnings: 'KeyPoints.confidence' is deprecated since 0.29.0 and will be removed in 0.32.0. Use 'KeyPoints.keypoint_confidence' instead.
  warn_deprecated(
/usr/local/lib/python3.12/dist-packages/supervision/key_points/core.py:308: SupervisionWarnings: 'KeyPoints.confidence' is deprecated since 0.29.0 and will be removed in 0.32.0. Use 'KeyPoints.keypoint_confidence' instead.
  warn_deprecated(
/usr/local/lib/python3.12/dist-packages/supervision/key_points/core.py:308: SupervisionWarnings: 'KeyPoints.confidence' is deprecated since 0.29.0 and will be removed in 0.32.0. Use 'KeyPoints.keypoint_confidence' instead.
  warn_deprecated(
/usr/local/lib/python3.12/dist-packages/supervision/key_points/core.py:308: SupervisionWarnings: 'KeyPoints.confidence' is deprecated since 0.29.0 and will be removed in 0.32.0. Use 'KeyPoints.keypoint_confidence' instead.
  warn_deprecated(
 64%|██████▍   | 480/750 [08:00<03:42,  1.21it/s]/usr/local/lib/python3.12/dist-packages/supervision/key_points/core.py:316: SupervisionWarnings: 'KeyPoints.confidence' is deprecated since 0.29.0 and will be removed in 0.32.0. Use 'KeyPoints.keypoint_confidence' instead.
  warn_deprecated(
/usr/local/lib/python3.12/dist-packages/supervision/key_points/core.py:308: SupervisionWarnings: 'KeyPoints.confidence' is deprecated since 0.29.0 and will be removed in 0.32.0. Use 'KeyPoints.keypoint_confidence' instead.
  warn_deprecated(
/usr/local/lib/python3.12/dist-packages/supervision/key_points/core.py:308: SupervisionWarnings: 'KeyPoints.confidence' is deprecated since 0.29.0 and will be removed in 0.32.0. Use 'KeyPoints.keypoint_confidence' instead.
  warn_deprecated(
/usr/local/lib/python3.12/dist-packages/supervision/key_points/core.py:308: SupervisionWarnings: 'KeyPoints.confidence' is deprecated since 0.29.0 and will be removed in 0.32.0. Use 'KeyPoints.keypoint_confidence' instead.
  warn_deprecated(
/usr/local/lib/python3.12/dist-packages/supervision/key_points/core.py:308: SupervisionWarnings: 'KeyPoints.confidence' is deprecated since 0.29.0 and will be removed in 0.32.0. Use 'KeyPoints.keypoint_confidence' instead.
  warn_deprecated(
 64%|██████▍   | 481/750 [08:01<04:15,  1.05it/s]/usr/local/lib/python3.12/dist-packages/supervision/key_points/core.py:316: SupervisionWarnings: 'KeyPoints.confidence' is deprecated since 0.29.0 and will be removed in 0.32.0. Use 'KeyPoints.keypoint_confidence' instead.
  warn_deprecated(
/usr/local/lib/python3.12/dist-packages/supervision/key_points/core.py:308: SupervisionWarnings: 'KeyPoints.confidence' is deprecated since 0.29.0 and will be removed in 0.32.0. Use 'KeyPoints.keypoint_confidence' instead.
  warn_deprecated(
/usr/local/lib/python3.12/dist-packages/supervision/key_points/core.py:308: SupervisionWarnings: 'KeyPoints.confidence' is deprecated since 0.29.0 and will be removed in 0.32.0. Use 'KeyPoints.keypoint_confidence' instead.
  warn_deprecated(
/usr/local/lib/python3.12/dist-packages/supervision/key_points/core.py:308: SupervisionWarnings: 'KeyPoints.confidence' is deprecated since 0.29.0 and will be removed in 0.32.0. Use 'KeyPoints.keypoint_confidence' instead.
  warn_deprecated(
/usr/local/lib/python3.12/dist-packages/supervision/key_points/core.py:308: SupervisionWarnings: 'KeyPoints.confidence' is deprecated since 0.29.0 and will be removed in 0.32.0. Use 'KeyPoints.keypoint_confidence' instead.
  warn_deprecated(
 64%|██████▍   | 482/750 [08:02<04:13,  1.06it/s]/usr/local/lib/python3.12/dist-packages/supervision/key_points/core.py:316: SupervisionWarnings: 'KeyPoints.confidence' is deprecated since 0.29.0 and will be removed in 0.32.0. Use 'KeyPoints.keypoint_confidence' instead.
  warn_deprecated(
/usr/local/lib/python3.12/dist-packages/supervision/key_points/core.py:308: SupervisionWarnings: 'KeyPoints.confidence' is deprecated since 0.29.0 and will be removed in 0.32.0. Use 'KeyPoints.keypoint_confidence' instead.
  warn_deprecated(
/usr/local/lib/python3.12/dist-packages/supervision/key_points/core.py:308: SupervisionWarnings: 'KeyPoints.confidence' is deprecated since 0.29.0 and will be removed in 0.32.0. Use 'KeyPoints.keypoint_confidence' instead.
  warn_deprecated(
/usr/local/lib/python3.12/dist-packages/supervision/key_points/core.py:308: SupervisionWarnings: 'KeyPoints.confidence' is deprecated since 0.29.0 and will be removed in 0.32.0. Use 'KeyPoints.keypoint_confidence' instead.
  warn_deprecated(
/usr/local/lib/python3.12/dist-packages/supervision/key_points/core.py:308: SupervisionWarnings: 'KeyPoints.confidence' is deprecated since 0.29.0 and will be removed in 0.32.0. Use 'KeyPoints.keypoint_confidence' instead.
  warn_deprecated(
 64%|██████▍   | 483/750 [08:03<04:18,  1.03it/s]/usr/local/lib/python3.12/dist-packages/supervision/key_points/core.py:316: SupervisionWarnings: 'KeyPoints.confidence' is deprecated since 0.29.0 and will be removed in 0.32.0. Use 'KeyPoints.keypoint_confidence' instead.
  warn_deprecated(
/usr/local/lib/python3.12/dist-packages/supervision/key_points/core.py:308: SupervisionWarnings: 'KeyPoints.confidence' is deprecated since 0.29.0 and will be removed in 0.32.0. Use 'KeyPoints.keypoint_confidence' instead.
  warn_deprecated(
/usr/local/lib/python3.12/dist-packages/supervision/key_points/core.py:308: SupervisionWarnings: 'KeyPoints.confidence' is deprecated since 0.29.0 and will be removed in 0.32.0. Use 'KeyPoints.keypoint_confidence' instead.
  warn_deprecated(
/usr/local/lib/python3.12/dist-packages/supervision/key_points/core.py:308: SupervisionWarnings: 'KeyPoints.confidence' is deprecated since 0.29.0 and will be removed in 0.32.0. Use 'KeyPoints.keypoint_confidence' instead.
  warn_deprecated(
/usr/local/lib/python3.12/dist-packages/supervision/key_points/core.py:308: SupervisionWarnings: 'KeyPoints.confidence' is deprecated since 0.29.0 and will be removed in 0.32.0. Use 'KeyPoints.keypoint_confidence' instead.
  warn_deprecated(
 65%|██████▍   | 484/750 [08:04<04:25,  1.00it/s]/usr/local/lib/python3.12/dist-packages/supervision/key_points/core.py:316: SupervisionWarnings: 'KeyPoints.confidence' is deprecated since 0.29.0 and will be removed in 0.32.0. Use 'KeyPoints.keypoint_confidence' instead.
  warn_deprecated(
/usr/local/lib/python3.12/dist-packages/supervision/key_points/core.py:308: SupervisionWarnings: 'KeyPoints.confidence' is deprecated since 0.29.0 and will be removed in 0.32.0. Use 'KeyPoints.keypoint_confidence' instead.
  warn_deprecated(
/usr/local/lib/python3.12/dist-packages/supervision/key_points/core.py:308: SupervisionWarnings: 'KeyPoints.confidence' is deprecated since 0.29.0 and will be removed in 0.32.0. Use 'KeyPoints.keypoint_confidence' instead.
  warn_deprecated(
/usr/local/lib/python3.12/dist-packages/supervision/key_points/core.py:308: SupervisionWarnings: 'KeyPoints.confidence' is deprecated since 0.29.0 and will be removed in 0.32.0. Use 'KeyPoints.keypoint_confidence' instead.
  warn_deprecated(
/usr/local/lib/python3.12/dist-packages/supervision/key_points/core.py:308: SupervisionWarnings: 'KeyPoints.confidence' is deprecated since 0.29.0 and will be removed in 0.32.0. Use 'KeyPoints.keypoint_confidence' instead.
  warn_deprecated(
 65%|██████▍   | 485/750 [08:05<04:30,  1.02s/it]/usr/local/lib/python3.12/dist-packages/supervision/key_points/core.py:316: SupervisionWarnings: 'KeyPoints.confidence' is deprecated since 0.29.0 and will be removed in 0.32.0. Use 'KeyPoints.keypoint_confidence' instead.
  warn_deprecated(
/usr/local/lib/python3.12/dist-packages/supervision/key_points/core.py:308: SupervisionWarnings: 'KeyPoints.confidence' is deprecated since 0.29.0 and will be removed in 0.32.0. Use 'KeyPoints.keypoint_confidence' instead.
  warn_deprecated(
/usr/local/lib/python3.12/dist-packages/supervision/key_points/core.py:308: SupervisionWarnings: 'KeyPoints.confidence' is deprecated since 0.29.0 and will be removed in 0.32.0. Use 'KeyPoints.keypoint_confidence' instead.
  warn_deprecated(
/usr/local/lib/python3.12/dist-packages/supervision/key_points/core.py:308: SupervisionWarnings: 'KeyPoints.confidence' is deprecated since 0.29.0 and will be removed in 0.32.0. Use 'KeyPoints.keypoint_confidence' instead.
  warn_deprecated(
/usr/local/lib/python3.12/dist-packages/supervision/key_points/core.py:308: SupervisionWarnings: 'KeyPoints.confidence' is deprecated since 0.29.0 and will be removed in 0.32.0. Use 'KeyPoints.keypoint_confidence' instead.
  warn_deprecated(
 65%|██████▍   | 486/750 [08:06<04:28,  1.02s/it]/usr/local/lib/python3.12/dist-packages/supervision/key_points/core.py:316: SupervisionWarnings: 'KeyPoints.confidence' is deprecated since 0.29.0 and will be removed in 0.32.0. Use 'KeyPoints.keypoint_confidence' instead.
  warn_deprecated(
/usr/local/lib/python3.12/dist-packages/supervision/key_points/core.py:308: SupervisionWarnings: 'KeyPoints.confidence' is deprecated since 0.29.0 and will be removed in 0.32.0. Use 'KeyPoints.keypoint_confidence' instead.
  warn_deprecated(
/usr/local/lib/python3.12/dist-packages/supervision/key_points/core.py:308: SupervisionWarnings: 'KeyPoints.confidence' is deprecated since 0.29.0 and will be removed in 0.32.0. Use 'KeyPoints.keypoint_confidence' instead.
  warn_deprecated(
/usr/local/lib/python3.12/dist-packages/supervision/key_points/core.py:308: SupervisionWarnings: 'KeyPoints.confidence' is deprecated since 0.29.0 and will be removed in 0.32.0. Use 'KeyPoints.keypoint_confidence' instead.
  warn_deprecated(
/usr/local/lib/python3.12/dist-packages/supervision/key_points/core.py:308: SupervisionWarnings: 'KeyPoints.confidence' is deprecated since 0.29.0 and will be removed in 0.32.0. Use 'KeyPoints.keypoint_confidence' instead.
  warn_deprecated(
 65%|██████▍   | 487/750 [08:07<04:22,  1.00it/s]/usr/local/lib/python3.12/dist-packages/supervision/key_points/core.py:316: SupervisionWarnings: 'KeyPoints.confidence' is deprecated since 0.29.0 and will be removed in 0.32.0. Use 'KeyPoints.keypoint_confidence' instead.
  warn_deprecated(
/usr/local/lib/python3.12/dist-packages/supervision/key_points/core.py:308: SupervisionWarnings: 'KeyPoints.confidence' is deprecated since 0.29.0 and will be removed in 0.32.0. Use 'KeyPoints.keypoint_confidence' instead.
  warn_deprecated(
/usr/local/lib/python3.12/dist-packages/supervision/key_points/core.py:308: SupervisionWarnings: 'KeyPoints.confidence' is deprecated since 0.29.0 and will be removed in 0.32.0. Use 'KeyPoints.keypoint_confidence' instead.
  warn_deprecated(
/usr/local/lib/python3.12/dist-packages/supervision/key_points/core.py:308: SupervisionWarnings: 'KeyPoints.confidence' is deprecated since 0.29.0 and will be removed in 0.32.0. Use 'KeyPoints.keypoint_confidence' instead.
  warn_deprecated(
/usr/local/lib/python3.12/dist-packages/supervision/key_points/core.py:308: SupervisionWarnings: 'KeyPoints.confidence' is deprecated since 0.29.0 and will be removed in 0.32.0. Use 'KeyPoints.keypoint_confidence' instead.
  warn_deprecated(
 65%|██████▌   | 488/750 [08:08<04:06,  1.06it/s]/usr/local/lib/python3.12/dist-packages/supervision/key_points/core.py:316: SupervisionWarnings: 'KeyPoints.confidence' is deprecated since 0.29.0 and will be removed in 0.32.0. Use 'KeyPoints.keypoint_confidence' instead.
  warn_deprecated(
/usr/local/lib/python3.12/dist-packages/supervision/key_points/core.py:308: SupervisionWarnings: 'KeyPoints.confidence' is deprecated since 0.29.0 and will be removed in 0.32.0. Use 'KeyPoints.keypoint_confidence' instead.
  warn_deprecated(
/usr/local/lib/python3.12/dist-packages/supervision/key_points/core.py:308: SupervisionWarnings: 'KeyPoints.confidence' is deprecated since 0.29.0 and will be removed in 0.32.0. Use 'KeyPoints.keypoint_confidence' instead.
  warn_deprecated(
/usr/local/lib/python3.12/dist-packages/supervision/key_points/core.py:308: SupervisionWarnings: 'KeyPoints.confidence' is deprecated since 0.29.0 and will be removed in 0.32.0. Use 'KeyPoints.keypoint_confidence' instead.
  warn_deprecated(
/usr/local/lib/python3.12/dist-packages/supervision/key_points/core.py:308: SupervisionWarnings: 'KeyPoints.confidence' is deprecated since 0.29.0 and will be removed in 0.32.0. Use 'KeyPoints.keypoint_confidence' instead.
  warn_deprecated(
 65%|██████▌   | 489/750 [08:09<03:55,  1.11it/s]/usr/local/lib/python3.12/dist-packages/supervision/key_points/core.py:316: SupervisionWarnings: 'KeyPoints.confidence' is deprecated since 0.29.0 and will be removed in 0.32.0. Use 'KeyPoints.keypoint_confidence' instead.
  warn_deprecated(
/usr/local/lib/python3.12/dist-packages/supervision/key_points/core.py:308: SupervisionWarnings: 'KeyPoints.confidence' is deprecated since 0.29.0 and will be removed in 0.32.0. Use 'KeyPoints.keypoint_confidence' instead.
  warn_deprecated(
/usr/local/lib/python3.12/dist-packages/supervision/key_points/core.py:308: SupervisionWarnings: 'KeyPoints.confidence' is deprecated since 0.29.0 and will be removed in 0.32.0. Use 'KeyPoints.keypoint_confidence' instead.
  warn_deprecated(
/usr/local/lib/python3.12/dist-packages/supervision/key_points/core.py:308: SupervisionWarnings: 'KeyPoints.confidence' is deprecated since 0.29.0 and will be removed in 0.32.0. Use 'KeyPoints.keypoint_confidence' instead.
  warn_deprecated(
/usr/local/lib/python3.12/dist-packages/supervision/key_points/core.py:308: SupervisionWarnings: 'KeyPoints.confidence' is deprecated since 0.29.0 and will be removed in 0.32.0. Use 'KeyPoints.keypoint_confidence' instead.
  warn_deprecated(
 65%|██████▌   | 490/750 [08:10<03:47,  1.14it/s]/usr/local/lib/python3.12/dist-packages/supervision/key_points/core.py:316: SupervisionWarnings: 'KeyPoints.confidence' is deprecated since 0.29.0 and will be removed in 0.32.0. Use 'KeyPoints.keypoint_confidence' instead.
  warn_deprecated(
/usr/local/lib/python3.12/dist-packages/supervision/key_points/core.py:308: SupervisionWarnings: 'KeyPoints.confidence' is deprecated since 0.29.0 and will be removed in 0.32.0. Use 'KeyPoints.keypoint_confidence' instead.
  warn_deprecated(
/usr/local/lib/python3.12/dist-packages/supervision/key_points/core.py:308: SupervisionWarnings: 'KeyPoints.confidence' is deprecated since 0.29.0 and will be removed in 0.32.0. Use 'KeyPoints.keypoint_confidence' instead.
  warn_deprecated(
/usr/local/lib/python3.12/dist-packages/supervision/key_points/core.py:308: SupervisionWarnings: 'KeyPoints.confidence' is deprecated since 0.29.0 and will be removed in 0.32.0. Use 'KeyPoints.keypoint_confidence' instead.
  warn_deprecated(
/usr/local/lib/python3.12/dist-packages/supervision/key_points/core.py:308: SupervisionWarnings: 'KeyPoints.confidence' is deprecated since 0.29.0 and will be removed in 0.32.0. Use 'KeyPoints.keypoint_confidence' instead.
  warn_deprecated(
 65%|██████▌   | 491/750 [08:10<03:42,  1.16it/s]/usr/local/lib/python3.12/dist-packages/supervision/key_points/core.py:316: SupervisionWarnings: 'KeyPoints.confidence' is deprecated since 0.29.0 and will be removed in 0.32.0. Use 'KeyPoints.keypoint_confidence' instead.
  warn_deprecated(
/usr/local/lib/python3.12/dist-packages/supervision/key_points/core.py:308: SupervisionWarnings: 'KeyPoints.confidence' is deprecated since 0.29.0 and will be removed in 0.32.0. Use 'KeyPoints.keypoint_confidence' instead.
  warn_deprecated(
/usr/local/lib/python3.12/dist-packages/supervision/key_points/core.py:308: SupervisionWarnings: 'KeyPoints.confidence' is deprecated since 0.29.0 and will be removed in 0.32.0. Use 'KeyPoints.keypoint_confidence' instead.
  warn_deprecated(
/usr/local/lib/python3.12/dist-packages/supervision/key_points/core.py:308: SupervisionWarnings: 'KeyPoints.confidence' is deprecated since 0.29.0 and will be removed in 0.32.0. Use 'KeyPoints.keypoint_confidence' instead.
  warn_deprecated(
/usr/local/lib/python3.12/dist-packages/supervision/key_points/core.py:308: SupervisionWarnings: 'KeyPoints.confidence' is deprecated since 0.29.0 and will be removed in 0.32.0. Use 'KeyPoints.keypoint_confidence' instead.
  warn_deprecated(
 66%|██████▌   | 492/750 [08:11<03:36,  1.19it/s]/usr/local/lib/python3.12/dist-packages/supervision/key_points/core.py:316: SupervisionWarnings: 'KeyPoints.confidence' is deprecated since 0.29.0 and will be removed in 0.32.0. Use 'KeyPoints.keypoint_confidence' instead.
  warn_deprecated(
/usr/local/lib/python3.12/dist-packages/supervision/key_points/core.py:308: SupervisionWarnings: 'KeyPoints.confidence' is deprecated since 0.29.0 and will be removed in 0.32.0. Use 'KeyPoints.keypoint_confidence' instead.
  warn_deprecated(
/usr/local/lib/python3.12/dist-packages/supervision/key_points/core.py:308: SupervisionWarnings: 'KeyPoints.confidence' is deprecated since 0.29.0 and will be removed in 0.32.0. Use 'KeyPoints.keypoint_confidence' instead.
  warn_deprecated(
/usr/local/lib/python3.12/dist-packages/supervision/key_points/core.py:308: SupervisionWarnings: 'KeyPoints.confidence' is deprecated since 0.29.0 and will be removed in 0.32.0. Use 'KeyPoints.keypoint_confidence' instead.
  warn_deprecated(
/usr/local/lib/python3.12/dist-packages/supervision/key_points/core.py:308: SupervisionWarnings: 'KeyPoints.confidence' is deprecated since 0.29.0 and will be removed in 0.32.0. Use 'KeyPoints.keypoint_confidence' instead.
  warn_deprecated(
 66%|██████▌   | 493/750 [08:12<03:31,  1.21it/s]/usr/local/lib/python3.12/dist-packages/supervision/key_points/core.py:316: SupervisionWarnings: 'KeyPoints.confidence' is deprecated since 0.29.0 and will be removed in 0.32.0. Use 'KeyPoints.keypoint_confidence' instead.
  warn_deprecated(
/usr/local/lib/python3.12/dist-packages/supervision/key_points/core.py:308: SupervisionWarnings: 'KeyPoints.confidence' is deprecated since 0.29.0 and will be removed in 0.32.0. Use 'KeyPoints.keypoint_confidence' instead.
  warn_deprecated(
/usr/local/lib/python3.12/dist-packages/supervision/key_points/core.py:308: SupervisionWarnings: 'KeyPoints.confidence' is deprecated since 0.29.0 and will be removed in 0.32.0. Use 'KeyPoints.keypoint_confidence' instead.
  warn_deprecated(
/usr/local/lib/python3.12/dist-packages/supervision/key_points/core.py:308: SupervisionWarnings: 'KeyPoints.confidence' is deprecated since 0.29.0 and will be removed in 0.32.0. Use 'KeyPoints.keypoint_confidence' instead.
  warn_deprecated(
/usr/local/lib/python3.12/dist-packages/supervision/key_points/core.py:308: SupervisionWarnings: 'KeyPoints.confidence' is deprecated since 0.29.0 and will be removed in 0.32.0. Use 'KeyPoints.keypoint_confidence' instead.
  warn_deprecated(
 66%|██████▌   | 494/750 [08:13<03:31,  1.21it/s]/usr/local/lib/python3.12/dist-packages/supervision/key_points/core.py:316: SupervisionWarnings: 'KeyPoints.confidence' is deprecated since 0.29.0 and will be removed in 0.32.0. Use 'KeyPoints.keypoint_confidence' instead.
  warn_deprecated(
/usr/local/lib/python3.12/dist-packages/supervision/key_points/core.py:308: SupervisionWarnings: 'KeyPoints.confidence' is deprecated since 0.29.0 and will be removed in 0.32.0. Use 'KeyPoints.keypoint_confidence' instead.
  warn_deprecated(
/usr/local/lib/python3.12/dist-packages/supervision/key_points/core.py:308: SupervisionWarnings: 'KeyPoints.confidence' is deprecated since 0.29.0 and will be removed in 0.32.0. Use 'KeyPoints.keypoint_confidence' instead.
  warn_deprecated(
/usr/local/lib/python3.12/dist-packages/supervision/key_points/core.py:308: SupervisionWarnings: 'KeyPoints.confidence' is deprecated since 0.29.0 and will be removed in 0.32.0. Use 'KeyPoints.keypoint_confidence' instead.
  warn_deprecated(
/usr/local/lib/python3.12/dist-packages/supervision/key_points/core.py:308: SupervisionWarnings: 'KeyPoints.confidence' is deprecated since 0.29.0 and will be removed in 0.32.0. Use 'KeyPoints.keypoint_confidence' instead.
  warn_deprecated(
 66%|██████▌   | 495/750 [08:14<03:30,  1.21it/s]/usr/local/lib/python3.12/dist-packages/supervision/key_points/core.py:316: SupervisionWarnings: 'KeyPoints.confidence' is deprecated since 0.29.0 and will be removed in 0.32.0. Use 'KeyPoints.keypoint_confidence' instead.
  warn_deprecated(
/usr/local/lib/python3.12/dist-packages/supervision/key_points/core.py:308: SupervisionWarnings: 'KeyPoints.confidence' is deprecated since 0.29.0 and will be removed in 0.32.0. Use 'KeyPoints.keypoint_confidence' instead.
  warn_deprecated(
/usr/local/lib/python3.12/dist-packages/supervision/key_points/core.py:308: SupervisionWarnings: 'KeyPoints.confidence' is deprecated since 0.29.0 and will be removed in 0.32.0. Use 'KeyPoints.keypoint_confidence' instead.
  warn_deprecated(
/usr/local/lib/python3.12/dist-packages/supervision/key_points/core.py:308: SupervisionWarnings: 'KeyPoints.confidence' is deprecated since 0.29.0 and will be removed in 0.32.0. Use 'KeyPoints.keypoint_confidence' instead.
  warn_deprecated(
/usr/local/lib/python3.12/dist-packages/supervision/key_points/core.py:308: SupervisionWarnings: 'KeyPoints.confidence' is deprecated since 0.29.0 and will be removed in 0.32.0. Use 'KeyPoints.keypoint_confidence' instead.
  warn_deprecated(
 66%|██████▌   | 496/750 [08:14<03:27,  1.22it/s]/usr/local/lib/python3.12/dist-packages/supervision/key_points/core.py:316: SupervisionWarnings: 'KeyPoints.confidence' is deprecated since 0.29.0 and will be removed in 0.32.0. Use 'KeyPoints.keypoint_confidence' instead.
  warn_deprecated(
/usr/local/lib/python3.12/dist-packages/supervision/key_points/core.py:308: SupervisionWarnings: 'KeyPoints.confidence' is deprecated since 0.29.0 and will be removed in 0.32.0. Use 'KeyPoints.keypoint_confidence' instead.
  warn_deprecated(
/usr/local/lib/python3.12/dist-packages/supervision/key_points/core.py:308: SupervisionWarnings: 'KeyPoints.confidence' is deprecated since 0.29.0 and will be removed in 0.32.0. Use 'KeyPoints.keypoint_confidence' instead.
  warn_deprecated(
/usr/local/lib/python3.12/dist-packages/supervision/key_points/core.py:308: SupervisionWarnings: 'KeyPoints.confidence' is deprecated since 0.29.0 and will be removed in 0.32.0. Use 'KeyPoints.keypoint_confidence' instead.
  warn_deprecated(
/usr/local/lib/python3.12/dist-packages/supervision/key_points/core.py:308: SupervisionWarnings: 'KeyPoints.confidence' is deprecated since 0.29.0 and will be removed in 0.32.0. Use 'KeyPoints.keypoint_confidence' instead.
  warn_deprecated(
 66%|██████▋   | 497/750 [08:15<03:25,  1.23it/s]/usr/local/lib/python3.12/dist-packages/supervision/key_points/core.py:316: SupervisionWarnings: 'KeyPoints.confidence' is deprecated since 0.29.0 and will be removed in 0.32.0. Use 'KeyPoints.keypoint_confidence' instead.
  warn_deprecated(
/usr/local/lib/python3.12/dist-packages/supervision/key_points/core.py:308: SupervisionWarnings: 'KeyPoints.confidence' is deprecated since 0.29.0 and will be removed in 0.32.0. Use 'KeyPoints.keypoint_confidence' instead.
  warn_deprecated(
/usr/local/lib/python3.12/dist-packages/supervision/key_points/core.py:308: SupervisionWarnings: 'KeyPoints.confidence' is deprecated since 0.29.0 and will be removed in 0.32.0. Use 'KeyPoints.keypoint_confidence' instead.
  warn_deprecated(
/usr/local/lib/python3.12/dist-packages/supervision/key_points/core.py:308: SupervisionWarnings: 'KeyPoints.confidence' is deprecated since 0.29.0 and will be removed in 0.32.0. Use 'KeyPoints.keypoint_confidence' instead.
  warn_deprecated(
/usr/local/lib/python3.12/dist-packages/supervision/key_points/core.py:308: SupervisionWarnings: 'KeyPoints.confidence' is deprecated since 0.29.0 and will be removed in 0.32.0. Use 'KeyPoints.keypoint_confidence' instead.
  warn_deprecated(
 66%|██████▋   | 498/750 [08:16<03:22,  1.24it/s]/usr/local/lib/python3.12/dist-packages/supervision/key_points/core.py:316: SupervisionWarnings: 'KeyPoints.confidence' is deprecated since 0.29.0 and will be removed in 0.32.0. Use 'KeyPoints.keypoint_confidence' instead.
  warn_deprecated(
/usr/local/lib/python3.12/dist-packages/supervision/key_points/core.py:308: SupervisionWarnings: 'KeyPoints.confidence' is deprecated since 0.29.0 and will be removed in 0.32.0. Use 'KeyPoints.keypoint_confidence' instead.
  warn_deprecated(
/usr/local/lib/python3.12/dist-packages/supervision/key_points/core.py:308: SupervisionWarnings: 'KeyPoints.confidence' is deprecated since 0.29.0 and will be removed in 0.32.0. Use 'KeyPoints.keypoint_confidence' instead.
  warn_deprecated(
/usr/local/lib/python3.12/dist-packages/supervision/key_points/core.py:308: SupervisionWarnings: 'KeyPoints.confidence' is deprecated since 0.29.0 and will be removed in 0.32.0. Use 'KeyPoints.keypoint_confidence' instead.
  warn_deprecated(
/usr/local/lib/python3.12/dist-packages/supervision/key_points/core.py:308: SupervisionWarnings: 'KeyPoints.confidence' is deprecated since 0.29.0 and will be removed in 0.32.0. Use 'KeyPoints.keypoint_confidence' instead.
  warn_deprecated(
 67%|██████▋   | 499/750 [08:17<03:21,  1.24it/s]/usr/local/lib/python3.12/dist-packages/supervision/key_points/core.py:316: SupervisionWarnings: 'KeyPoints.confidence' is deprecated since 0.29.0 and will be removed in 0.32.0. Use 'KeyPoints.keypoint_confidence' instead.
  warn_deprecated(
/usr/local/lib/python3.12/dist-packages/supervision/key_points/core.py:308: SupervisionWarnings: 'KeyPoints.confidence' is deprecated since 0.29.0 and will be removed in 0.32.0. Use 'KeyPoints.keypoint_confidence' instead.
  warn_deprecated(
/usr/local/lib/python3.12/dist-packages/supervision/key_points/core.py:308: SupervisionWarnings: 'KeyPoints.confidence' is deprecated since 0.29.0 and will be removed in 0.32.0. Use 'KeyPoints.keypoint_confidence' instead.
  warn_deprecated(
/usr/local/lib/python3.12/dist-packages/supervision/key_points/core.py:308: SupervisionWarnings: 'KeyPoints.confidence' is deprecated since 0.29.0 and will be removed in 0.32.0. Use 'KeyPoints.keypoint_confidence' instead.
  warn_deprecated(
/usr/local/lib/python3.12/dist-packages/supervision/key_points/core.py:308: SupervisionWarnings: 'KeyPoints.confidence' is deprecated since 0.29.0 and will be removed in 0.32.0. Use 'KeyPoints.keypoint_confidence' instead.
  warn_deprecated(
 67%|██████▋   | 500/750 [08:18<04:01,  1.04it/s]/usr/local/lib/python3.12/dist-packages/supervision/key_points/core.py:316: SupervisionWarnings: 'KeyPoints.confidence' is deprecated since 0.29.0 and will be removed in 0.32.0. Use 'KeyPoints.keypoint_confidence' instead.
  warn_deprecated(
/usr/local/lib/python3.12/dist-packages/supervision/key_points/core.py:308: SupervisionWarnings: 'KeyPoints.confidence' is deprecated since 0.29.0 and will be removed in 0.32.0. Use 'KeyPoints.keypoint_confidence' instead.
  warn_deprecated(
/usr/local/lib/python3.12/dist-packages/supervision/key_points/core.py:308: SupervisionWarnings: 'KeyPoints.confidence' is deprecated since 0.29.0 and will be removed in 0.32.0. Use 'KeyPoints.keypoint_confidence' instead.
  warn_deprecated(
/usr/local/lib/python3.12/dist-packages/supervision/key_points/core.py:308: SupervisionWarnings: 'KeyPoints.confidence' is deprecated since 0.29.0 and will be removed in 0.32.0. Use 'KeyPoints.keypoint_confidence' instead.
  warn_deprecated(
/usr/local/lib/python3.12/dist-packages/supervision/key_points/core.py:308: SupervisionWarnings: 'KeyPoints.confidence' is deprecated since 0.29.0 and will be removed in 0.32.0. Use 'KeyPoints.keypoint_confidence' instead.
  warn_deprecated(
 67%|██████▋   | 501/750 [08:19<04:03,  1.02it/s]/usr/local/lib/python3.12/dist-packages/supervision/key_points/core.py:316: SupervisionWarnings: 'KeyPoints.confidence' is deprecated since 0.29.0 and will be removed in 0.32.0. Use 'KeyPoints.keypoint_confidence' instead.
  warn_deprecated(
/usr/local/lib/python3.12/dist-packages/supervision/key_points/core.py:308: SupervisionWarnings: 'KeyPoints.confidence' is deprecated since 0.29.0 and will be removed in 0.32.0. Use 'KeyPoints.keypoint_confidence' instead.
  warn_deprecated(
/usr/local/lib/python3.12/dist-packages/supervision/key_points/core.py:308: SupervisionWarnings: 'KeyPoints.confidence' is deprecated since 0.29.0 and will be removed in 0.32.0. Use 'KeyPoints.keypoint_confidence' instead.
  warn_deprecated(
/usr/local/lib/python3.12/dist-packages/supervision/key_points/core.py:308: SupervisionWarnings: 'KeyPoints.confidence' is deprecated since 0.29.0 and will be removed in 0.32.0. Use 'KeyPoints.keypoint_confidence' instead.
  warn_deprecated(
/usr/local/lib/python3.12/dist-packages/supervision/key_points/core.py:308: SupervisionWarnings: 'KeyPoints.confidence' is deprecated since 0.29.0 and will be removed in 0.32.0. Use 'KeyPoints.keypoint_confidence' instead.
  warn_deprecated(
 67%|██████▋   | 502/750 [08:20<04:04,  1.01it/s]/usr/local/lib/python3.12/dist-packages/supervision/key_points/core.py:316: SupervisionWarnings: 'KeyPoints.confidence' is deprecated since 0.29.0 and will be removed in 0.32.0. Use 'KeyPoints.keypoint_confidence' instead.
  warn_deprecated(
/usr/local/lib/python3.12/dist-packages/supervision/key_points/core.py:308: SupervisionWarnings: 'KeyPoints.confidence' is deprecated since 0.29.0 and will be removed in 0.32.0. Use 'KeyPoints.keypoint_confidence' instead.
  warn_deprecated(
/usr/local/lib/python3.12/dist-packages/supervision/key_points/core.py:308: SupervisionWarnings: 'KeyPoints.confidence' is deprecated since 0.29.0 and will be removed in 0.32.0. Use 'KeyPoints.keypoint_confidence' instead.
  warn_deprecated(
/usr/local/lib/python3.12/dist-packages/supervision/key_points/core.py:308: SupervisionWarnings: 'KeyPoints.confidence' is deprecated since 0.29.0 and will be removed in 0.32.0. Use 'KeyPoints.keypoint_confidence' instead.
  warn_deprecated(
/usr/local/lib/python3.12/dist-packages/supervision/key_points/core.py:308: SupervisionWarnings: 'KeyPoints.confidence' is deprecated since 0.29.0 and will be removed in 0.32.0. Use 'KeyPoints.keypoint_confidence' instead.
  warn_deprecated(
 67%|██████▋   | 503/750 [08:21<04:04,  1.01it/s]/usr/local/lib/python3.12/dist-packages/supervision/key_points/core.py:316: SupervisionWarnings: 'KeyPoints.confidence' is deprecated since 0.29.0 and will be removed in 0.32.0. Use 'KeyPoints.keypoint_confidence' instead.
  warn_deprecated(
/usr/local/lib/python3.12/dist-packages/supervision/key_points/core.py:308: SupervisionWarnings: 'KeyPoints.confidence' is deprecated since 0.29.0 and will be removed in 0.32.0. Use 'KeyPoints.keypoint_confidence' instead.
  warn_deprecated(
/usr/local/lib/python3.12/dist-packages/supervision/key_points/core.py:308: SupervisionWarnings: 'KeyPoints.confidence' is deprecated since 0.29.0 and will be removed in 0.32.0. Use 'KeyPoints.keypoint_confidence' instead.
  warn_deprecated(
/usr/local/lib/python3.12/dist-packages/supervision/key_points/core.py:308: SupervisionWarnings: 'KeyPoints.confidence' is deprecated since 0.29.0 and will be removed in 0.32.0. Use 'KeyPoints.keypoint_confidence' instead.
  warn_deprecated(
/usr/local/lib/python3.12/dist-packages/supervision/key_points/core.py:308: SupervisionWarnings: 'KeyPoints.confidence' is deprecated since 0.29.0 and will be removed in 0.32.0. Use 'KeyPoints.keypoint_confidence' instead.
  warn_deprecated(
 67%|██████▋   | 504/750 [08:22<03:59,  1.03it/s]/usr/local/lib/python3.12/dist-packages/supervision/key_points/core.py:316: SupervisionWarnings: 'KeyPoints.confidence' is deprecated since 0.29.0 and will be removed in 0.32.0. Use 'KeyPoints.keypoint_confidence' instead.
  warn_deprecated(
/usr/local/lib/python3.12/dist-packages/supervision/key_points/core.py:308: SupervisionWarnings: 'KeyPoints.confidence' is deprecated since 0.29.0 and will be removed in 0.32.0. Use 'KeyPoints.keypoint_confidence' instead.
  warn_deprecated(
/usr/local/lib/python3.12/dist-packages/supervision/key_points/core.py:308: SupervisionWarnings: 'KeyPoints.confidence' is deprecated since 0.29.0 and will be removed in 0.32.0. Use 'KeyPoints.keypoint_confidence' instead.
  warn_deprecated(
/usr/local/lib/python3.12/dist-packages/supervision/key_points/core.py:308: SupervisionWarnings: 'KeyPoints.confidence' is deprecated since 0.29.0 and will be removed in 0.32.0. Use 'KeyPoints.keypoint_confidence' instead.
  warn_deprecated(
/usr/local/lib/python3.12/dist-packages/supervision/key_points/core.py:308: SupervisionWarnings: 'KeyPoints.confidence' is deprecated since 0.29.0 and will be removed in 0.32.0. Use 'KeyPoints.keypoint_confidence' instead.
  warn_deprecated(
 67%|██████▋   | 505/750 [08:23<03:46,  1.08it/s]/usr/local/lib/python3.12/dist-packages/supervision/key_points/core.py:316: SupervisionWarnings: 'KeyPoints.confidence' is deprecated since 0.29.0 and will be removed in 0.32.0. Use 'KeyPoints.keypoint_confidence' instead.
  warn_deprecated(
/usr/local/lib/python3.12/dist-packages/supervision/key_points/core.py:308: SupervisionWarnings: 'KeyPoints.confidence' is deprecated since 0.29.0 and will be removed in 0.32.0. Use 'KeyPoints.keypoint_confidence' instead.
  warn_deprecated(
/usr/local/lib/python3.12/dist-packages/supervision/key_points/core.py:308: SupervisionWarnings: 'KeyPoints.confidence' is deprecated since 0.29.0 and will be removed in 0.32.0. Use 'KeyPoints.keypoint_confidence' instead.
  warn_deprecated(
/usr/local/lib/python3.12/dist-packages/supervision/key_points/core.py:308: SupervisionWarnings: 'KeyPoints.confidence' is deprecated since 0.29.0 and will be removed in 0.32.0. Use 'KeyPoints.keypoint_confidence' instead.
  warn_deprecated(
/usr/local/lib/python3.12/dist-packages/supervision/key_points/core.py:308: SupervisionWarnings: 'KeyPoints.confidence' is deprecated since 0.29.0 and will be removed in 0.32.0. Use 'KeyPoints.keypoint_confidence' instead.
  warn_deprecated(
 67%|██████▋   | 506/750 [08:24<03:37,  1.12it/s]/usr/local/lib/python3.12/dist-packages/supervision/key_points/core.py:316: SupervisionWarnings: 'KeyPoints.confidence' is deprecated since 0.29.0 and will be removed in 0.32.0. Use 'KeyPoints.keypoint_confidence' instead.
  warn_deprecated(
/usr/local/lib/python3.12/dist-packages/supervision/key_points/core.py:308: SupervisionWarnings: 'KeyPoints.confidence' is deprecated since 0.29.0 and will be removed in 0.32.0. Use 'KeyPoints.keypoint_confidence' instead.
  warn_deprecated(
/usr/local/lib/python3.12/dist-packages/supervision/key_points/core.py:308: SupervisionWarnings: 'KeyPoints.confidence' is deprecated since 0.29.0 and will be removed in 0.32.0. Use 'KeyPoints.keypoint_confidence' instead.
  warn_deprecated(
/usr/local/lib/python3.12/dist-packages/supervision/key_points/core.py:308: SupervisionWarnings: 'KeyPoints.confidence' is deprecated since 0.29.0 and will be removed in 0.32.0. Use 'KeyPoints.keypoint_confidence' instead.
  warn_deprecated(
/usr/local/lib/python3.12/dist-packages/supervision/key_points/core.py:308: SupervisionWarnings: 'KeyPoints.confidence' is deprecated since 0.29.0 and will be removed in 0.32.0. Use 'KeyPoints.keypoint_confidence' instead.
  warn_deprecated(
 68%|██████▊   | 507/750 [08:25<03:57,  1.02it/s]/usr/local/lib/python3.12/dist-packages/supervision/key_points/core.py:316: SupervisionWarnings: 'KeyPoints.confidence' is deprecated since 0.29.0 and will be removed in 0.32.0. Use 'KeyPoints.keypoint_confidence' instead.
  warn_deprecated(
/usr/local/lib/python3.12/dist-packages/supervision/key_points/core.py:308: SupervisionWarnings: 'KeyPoints.confidence' is deprecated since 0.29.0 and will be removed in 0.32.0. Use 'KeyPoints.keypoint_confidence' instead.
  warn_deprecated(
/usr/local/lib/python3.12/dist-packages/supervision/key_points/core.py:308: SupervisionWarnings: 'KeyPoints.confidence' is deprecated since 0.29.0 and will be removed in 0.32.0. Use 'KeyPoints.keypoint_confidence' instead.
  warn_deprecated(
/usr/local/lib/python3.12/dist-packages/supervision/key_points/core.py:308: SupervisionWarnings: 'KeyPoints.confidence' is deprecated since 0.29.0 and will be removed in 0.32.0. Use 'KeyPoints.keypoint_confidence' instead.
  warn_deprecated(
/usr/local/lib/python3.12/dist-packages/supervision/key_points/core.py:308: SupervisionWarnings: 'KeyPoints.confidence' is deprecated since 0.29.0 and will be removed in 0.32.0. Use 'KeyPoints.keypoint_confidence' instead.
  warn_deprecated(
 68%|██████▊   | 508/750 [08:26<03:45,  1.07it/s]/usr/local/lib/python3.12/dist-packages/supervision/key_points/core.py:316: SupervisionWarnings: 'KeyPoints.confidence' is deprecated since 0.29.0 and will be removed in 0.32.0. Use 'KeyPoints.keypoint_confidence' instead.
  warn_deprecated(
/usr/local/lib/python3.12/dist-packages/supervision/key_points/core.py:308: SupervisionWarnings: 'KeyPoints.confidence' is deprecated since 0.29.0 and will be removed in 0.32.0. Use 'KeyPoints.keypoint_confidence' instead.
  warn_deprecated(
/usr/local/lib/python3.12/dist-packages/supervision/key_points/core.py:308: SupervisionWarnings: 'KeyPoints.confidence' is deprecated since 0.29.0 and will be removed in 0.32.0. Use 'KeyPoints.keypoint_confidence' instead.
  warn_deprecated(
/usr/local/lib/python3.12/dist-packages/supervision/key_points/core.py:308: SupervisionWarnings: 'KeyPoints.confidence' is deprecated since 0.29.0 and will be removed in 0.32.0. Use 'KeyPoints.keypoint_confidence' instead.
  warn_deprecated(
/usr/local/lib/python3.12/dist-packages/supervision/key_points/core.py:308: SupervisionWarnings: 'KeyPoints.confidence' is deprecated since 0.29.0 and will be removed in 0.32.0. Use 'KeyPoints.keypoint_confidence' instead.
  warn_deprecated(
 68%|██████▊   | 509/750 [08:27<03:33,  1.13it/s]/usr/local/lib/python3.12/dist-packages/supervision/key_points/core.py:316: SupervisionWarnings: 'KeyPoints.confidence' is deprecated since 0.29.0 and will be removed in 0.32.0. Use 'KeyPoints.keypoint_confidence' instead.
  warn_deprecated(
/usr/local/lib/python3.12/dist-packages/supervision/key_points/core.py:308: SupervisionWarnings: 'KeyPoints.confidence' is deprecated since 0.29.0 and will be removed in 0.32.0. Use 'KeyPoints.keypoint_confidence' instead.
  warn_deprecated(
/usr/local/lib/python3.12/dist-packages/supervision/key_points/core.py:308: SupervisionWarnings: 'KeyPoints.confidence' is deprecated since 0.29.0 and will be removed in 0.32.0. Use 'KeyPoints.keypoint_confidence' instead.
  warn_deprecated(
/usr/local/lib/python3.12/dist-packages/supervision/key_points/core.py:308: SupervisionWarnings: 'KeyPoints.confidence' is deprecated since 0.29.0 and will be removed in 0.32.0. Use 'KeyPoints.keypoint_confidence' instead.
  warn_deprecated(
/usr/local/lib/python3.12/dist-packages/supervision/key_points/core.py:308: SupervisionWarnings: 'KeyPoints.confidence' is deprecated since 0.29.0 and will be removed in 0.32.0. Use 'KeyPoints.keypoint_confidence' instead.
  warn_deprecated(
 68%|██████▊   | 510/750 [08:28<03:55,  1.02it/s]/usr/local/lib/python3.12/dist-packages/supervision/key_points/core.py:316: SupervisionWarnings: 'KeyPoints.confidence' is deprecated since 0.29.0 and will be removed in 0.32.0. Use 'KeyPoints.keypoint_confidence' instead.
  warn_deprecated(
/usr/local/lib/python3.12/dist-packages/supervision/key_points/core.py:308: SupervisionWarnings: 'KeyPoints.confidence' is deprecated since 0.29.0 and will be removed in 0.32.0. Use 'KeyPoints.keypoint_confidence' instead.
  warn_deprecated(
/usr/local/lib/python3.12/dist-packages/supervision/key_points/core.py:308: SupervisionWarnings: 'KeyPoints.confidence' is deprecated since 0.29.0 and will be removed in 0.32.0. Use 'KeyPoints.keypoint_confidence' instead.
  warn_deprecated(
/usr/local/lib/python3.12/dist-packages/supervision/key_points/core.py:308: SupervisionWarnings: 'KeyPoints.confidence' is deprecated since 0.29.0 and will be removed in 0.32.0. Use 'KeyPoints.keypoint_confidence' instead.
  warn_deprecated(
/usr/local/lib/python3.12/dist-packages/supervision/key_points/core.py:308: SupervisionWarnings: 'KeyPoints.confidence' is deprecated since 0.29.0 and will be removed in 0.32.0. Use 'KeyPoints.keypoint_confidence' instead.
  warn_deprecated(
 68%|██████▊   | 511/750 [08:29<03:40,  1.08it/s]/usr/local/lib/python3.12/dist-packages/supervision/key_points/core.py:316: SupervisionWarnings: 'KeyPoints.confidence' is deprecated since 0.29.0 and will be removed in 0.32.0. Use 'KeyPoints.keypoint_confidence' instead.
  warn_deprecated(
/usr/local/lib/python3.12/dist-packages/supervision/key_points/core.py:308: SupervisionWarnings: 'KeyPoints.confidence' is deprecated since 0.29.0 and will be removed in 0.32.0. Use 'KeyPoints.keypoint_confidence' instead.
  warn_deprecated(
/usr/local/lib/python3.12/dist-packages/supervision/key_points/core.py:308: SupervisionWarnings: 'KeyPoints.confidence' is deprecated since 0.29.0 and will be removed in 0.32.0. Use 'KeyPoints.keypoint_confidence' instead.
  warn_deprecated(
/usr/local/lib/python3.12/dist-packages/supervision/key_points/core.py:308: SupervisionWarnings: 'KeyPoints.confidence' is deprecated since 0.29.0 and will be removed in 0.32.0. Use 'KeyPoints.keypoint_confidence' instead.
  warn_deprecated(
/usr/local/lib/python3.12/dist-packages/supervision/key_points/core.py:308: SupervisionWarnings: 'KeyPoints.confidence' is deprecated since 0.29.0 and will be removed in 0.32.0. Use 'KeyPoints.keypoint_confidence' instead.
  warn_deprecated(
 68%|██████▊   | 512/750 [08:29<03:31,  1.13it/s]/usr/local/lib/python3.12/dist-packages/supervision/key_points/core.py:316: SupervisionWarnings: 'KeyPoints.confidence' is deprecated since 0.29.0 and will be removed in 0.32.0. Use 'KeyPoints.keypoint_confidence' instead.
  warn_deprecated(
/usr/local/lib/python3.12/dist-packages/supervision/key_points/core.py:308: SupervisionWarnings: 'KeyPoints.confidence' is deprecated since 0.29.0 and will be removed in 0.32.0. Use 'KeyPoints.keypoint_confidence' instead.
  warn_deprecated(
/usr/local/lib/python3.12/dist-packages/supervision/key_points/core.py:308: SupervisionWarnings: 'KeyPoints.confidence' is deprecated since 0.29.0 and will be removed in 0.32.0. Use 'KeyPoints.keypoint_confidence' instead.
  warn_deprecated(
/usr/local/lib/python3.12/dist-packages/supervision/key_points/core.py:308: SupervisionWarnings: 'KeyPoints.confidence' is deprecated since 0.29.0 and will be removed in 0.32.0. Use 'KeyPoints.keypoint_confidence' instead.
  warn_deprecated(
/usr/local/lib/python3.12/dist-packages/supervision/key_points/core.py:308: SupervisionWarnings: 'KeyPoints.confidence' is deprecated since 0.29.0 and will be removed in 0.32.0. Use 'KeyPoints.keypoint_confidence' instead.
  warn_deprecated(
 68%|██████▊   | 513/750 [08:30<03:23,  1.16it/s]/usr/local/lib/python3.12/dist-packages/supervision/key_points/core.py:316: SupervisionWarnings: 'KeyPoints.confidence' is deprecated since 0.29.0 and will be removed in 0.32.0. Use 'KeyPoints.keypoint_confidence' instead.
  warn_deprecated(
/usr/local/lib/python3.12/dist-packages/supervision/key_points/core.py:308: SupervisionWarnings: 'KeyPoints.confidence' is deprecated since 0.29.0 and will be removed in 0.32.0. Use 'KeyPoints.keypoint_confidence' instead.
  warn_deprecated(
/usr/local/lib/python3.12/dist-packages/supervision/key_points/core.py:308: SupervisionWarnings: 'KeyPoints.confidence' is deprecated since 0.29.0 and will be removed in 0.32.0. Use 'KeyPoints.keypoint_confidence' instead.
  warn_deprecated(
/usr/local/lib/python3.12/dist-packages/supervision/key_points/core.py:308: SupervisionWarnings: 'KeyPoints.confidence' is deprecated since 0.29.0 and will be removed in 0.32.0. Use 'KeyPoints.keypoint_confidence' instead.
  warn_deprecated(
/usr/local/lib/python3.12/dist-packages/supervision/key_points/core.py:308: SupervisionWarnings: 'KeyPoints.confidence' is deprecated since 0.29.0 and will be removed in 0.32.0. Use 'KeyPoints.keypoint_confidence' instead.
  warn_deprecated(
 69%|██████▊   | 514/750 [08:31<03:17,  1.20it/s]/usr/local/lib/python3.12/dist-packages/supervision/key_points/core.py:316: SupervisionWarnings: 'KeyPoints.confidence' is deprecated since 0.29.0 and will be removed in 0.32.0. Use 'KeyPoints.keypoint_confidence' instead.
  warn_deprecated(
/usr/local/lib/python3.12/dist-packages/supervision/key_points/core.py:308: SupervisionWarnings: 'KeyPoints.confidence' is deprecated since 0.29.0 and will be removed in 0.32.0. Use 'KeyPoints.keypoint_confidence' instead.
  warn_deprecated(
/usr/local/lib/python3.12/dist-packages/supervision/key_points/core.py:308: SupervisionWarnings: 'KeyPoints.confidence' is deprecated since 0.29.0 and will be removed in 0.32.0. Use 'KeyPoints.keypoint_confidence' instead.
  warn_deprecated(
/usr/local/lib/python3.12/dist-packages/supervision/key_points/core.py:308: SupervisionWarnings: 'KeyPoints.confidence' is deprecated since 0.29.0 and will be removed in 0.32.0. Use 'KeyPoints.keypoint_confidence' instead.
  warn_deprecated(
/usr/local/lib/python3.12/dist-packages/supervision/key_points/core.py:308: SupervisionWarnings: 'KeyPoints.confidence' is deprecated since 0.29.0 and will be removed in 0.32.0. Use 'KeyPoints.keypoint_confidence' instead.
  warn_deprecated(
 69%|██████▊   | 515/750 [08:32<03:13,  1.22it/s]/usr/local/lib/python3.12/dist-packages/supervision/key_points/core.py:316: SupervisionWarnings: 'KeyPoints.confidence' is deprecated since 0.29.0 and will be removed in 0.32.0. Use 'KeyPoints.keypoint_confidence' instead.
  warn_deprecated(
/usr/local/lib/python3.12/dist-packages/supervision/key_points/core.py:308: SupervisionWarnings: 'KeyPoints.confidence' is deprecated since 0.29.0 and will be removed in 0.32.0. Use 'KeyPoints.keypoint_confidence' instead.
  warn_deprecated(
/usr/local/lib/python3.12/dist-packages/supervision/key_points/core.py:308: SupervisionWarnings: 'KeyPoints.confidence' is deprecated since 0.29.0 and will be removed in 0.32.0. Use 'KeyPoints.keypoint_confidence' instead.
  warn_deprecated(
/usr/local/lib/python3.12/dist-packages/supervision/key_points/core.py:308: SupervisionWarnings: 'KeyPoints.confidence' is deprecated since 0.29.0 and will be removed in 0.32.0. Use 'KeyPoints.keypoint_confidence' instead.
  warn_deprecated(
/usr/local/lib/python3.12/dist-packages/supervision/key_points/core.py:308: SupervisionWarnings: 'KeyPoints.confidence' is deprecated since 0.29.0 and will be removed in 0.32.0. Use 'KeyPoints.keypoint_confidence' instead.
  warn_deprecated(
 69%|██████▉   | 516/750 [08:33<03:19,  1.17it/s]/usr/local/lib/python3.12/dist-packages/supervision/key_points/core.py:316: SupervisionWarnings: 'KeyPoints.confidence' is deprecated since 0.29.0 and will be removed in 0.32.0. Use 'KeyPoints.keypoint_confidence' instead.
  warn_deprecated(
/usr/local/lib/python3.12/dist-packages/supervision/key_points/core.py:308: SupervisionWarnings: 'KeyPoints.confidence' is deprecated since 0.29.0 and will be removed in 0.32.0. Use 'KeyPoints.keypoint_confidence' instead.
  warn_deprecated(
/usr/local/lib/python3.12/dist-packages/supervision/key_points/core.py:308: SupervisionWarnings: 'KeyPoints.confidence' is deprecated since 0.29.0 and will be removed in 0.32.0. Use 'KeyPoints.keypoint_confidence' instead.
  warn_deprecated(
/usr/local/lib/python3.12/dist-packages/supervision/key_points/core.py:308: SupervisionWarnings: 'KeyPoints.confidence' is deprecated since 0.29.0 and will be removed in 0.32.0. Use 'KeyPoints.keypoint_confidence' instead.
  warn_deprecated(
/usr/local/lib/python3.12/dist-packages/supervision/key_points/core.py:308: SupervisionWarnings: 'KeyPoints.confidence' is deprecated since 0.29.0 and will be removed in 0.32.0. Use 'KeyPoints.keypoint_confidence' instead.
  warn_deprecated(
 69%|██████▉   | 517/750 [08:34<03:24,  1.14it/s]/usr/local/lib/python3.12/dist-packages/supervision/key_points/core.py:316: SupervisionWarnings: 'KeyPoints.confidence' is deprecated since 0.29.0 and will be removed in 0.32.0. Use 'KeyPoints.keypoint_confidence' instead.
  warn_deprecated(
/usr/local/lib/python3.12/dist-packages/supervision/key_points/core.py:308: SupervisionWarnings: 'KeyPoints.confidence' is deprecated since 0.29.0 and will be removed in 0.32.0. Use 'KeyPoints.keypoint_confidence' instead.
  warn_deprecated(
/usr/local/lib/python3.12/dist-packages/supervision/key_points/core.py:308: SupervisionWarnings: 'KeyPoints.confidence' is deprecated since 0.29.0 and will be removed in 0.32.0. Use 'KeyPoints.keypoint_confidence' instead.
  warn_deprecated(
/usr/local/lib/python3.12/dist-packages/supervision/key_points/core.py:308: SupervisionWarnings: 'KeyPoints.confidence' is deprecated since 0.29.0 and will be removed in 0.32.0. Use 'KeyPoints.keypoint_confidence' instead.
  warn_deprecated(
/usr/local/lib/python3.12/dist-packages/supervision/key_points/core.py:308: SupervisionWarnings: 'KeyPoints.confidence' is deprecated since 0.29.0 and will be removed in 0.32.0. Use 'KeyPoints.keypoint_confidence' instead.
  warn_deprecated(
 69%|██████▉   | 518/750 [08:35<03:33,  1.09it/s]/usr/local/lib/python3.12/dist-packages/supervision/key_points/core.py:316: SupervisionWarnings: 'KeyPoints.confidence' is deprecated since 0.29.0 and will be removed in 0.32.0. Use 'KeyPoints.keypoint_confidence' instead.
  warn_deprecated(
/usr/local/lib/python3.12/dist-packages/supervision/key_points/core.py:308: SupervisionWarnings: 'KeyPoints.confidence' is deprecated since 0.29.0 and will be removed in 0.32.0. Use 'KeyPoints.keypoint_confidence' instead.
  warn_deprecated(
/usr/local/lib/python3.12/dist-packages/supervision/key_points/core.py:308: SupervisionWarnings: 'KeyPoints.confidence' is deprecated since 0.29.0 and will be removed in 0.32.0. Use 'KeyPoints.keypoint_confidence' instead.
  warn_deprecated(
/usr/local/lib/python3.12/dist-packages/supervision/key_points/core.py:308: SupervisionWarnings: 'KeyPoints.confidence' is deprecated since 0.29.0 and will be removed in 0.32.0. Use 'KeyPoints.keypoint_confidence' instead.
  warn_deprecated(
/usr/local/lib/python3.12/dist-packages/supervision/key_points/core.py:308: SupervisionWarnings: 'KeyPoints.confidence' is deprecated since 0.29.0 and will be removed in 0.32.0. Use 'KeyPoints.keypoint_confidence' instead.
  warn_deprecated(
 69%|██████▉   | 519/750 [08:36<03:34,  1.08it/s]/usr/local/lib/python3.12/dist-packages/supervision/key_points/core.py:316: SupervisionWarnings: 'KeyPoints.confidence' is deprecated since 0.29.0 and will be removed in 0.32.0. Use 'KeyPoints.keypoint_confidence' instead.
  warn_deprecated(
/usr/local/lib/python3.12/dist-packages/supervision/key_points/core.py:308: SupervisionWarnings: 'KeyPoints.confidence' is deprecated since 0.29.0 and will be removed in 0.32.0. Use 'KeyPoints.keypoint_confidence' instead.
  warn_deprecated(
/usr/local/lib/python3.12/dist-packages/supervision/key_points/core.py:308: SupervisionWarnings: 'KeyPoints.confidence' is deprecated since 0.29.0 and will be removed in 0.32.0. Use 'KeyPoints.keypoint_confidence' instead.
  warn_deprecated(
/usr/local/lib/python3.12/dist-packages/supervision/key_points/core.py:308: SupervisionWarnings: 'KeyPoints.confidence' is deprecated since 0.29.0 and will be removed in 0.32.0. Use 'KeyPoints.keypoint_confidence' instead.
  warn_deprecated(
/usr/local/lib/python3.12/dist-packages/supervision/key_points/core.py:308: SupervisionWarnings: 'KeyPoints.confidence' is deprecated since 0.29.0 and will be removed in 0.32.0. Use 'KeyPoints.keypoint_confidence' instead.
  warn_deprecated(
 69%|██████▉   | 520/750 [08:37<03:39,  1.05it/s]/usr/local/lib/python3.12/dist-packages/supervision/key_points/core.py:316: SupervisionWarnings: 'KeyPoints.confidence' is deprecated since 0.29.0 and will be removed in 0.32.0. Use 'KeyPoints.keypoint_confidence' instead.
  warn_deprecated(
/usr/local/lib/python3.12/dist-packages/supervision/key_points/core.py:308: SupervisionWarnings: 'KeyPoints.confidence' is deprecated since 0.29.0 and will be removed in 0.32.0. Use 'KeyPoints.keypoint_confidence' instead.
  warn_deprecated(
/usr/local/lib/python3.12/dist-packages/supervision/key_points/core.py:308: SupervisionWarnings: 'KeyPoints.confidence' is deprecated since 0.29.0 and will be removed in 0.32.0. Use 'KeyPoints.keypoint_confidence' instead.
  warn_deprecated(
/usr/local/lib/python3.12/dist-packages/supervision/key_points/core.py:308: SupervisionWarnings: 'KeyPoints.confidence' is deprecated since 0.29.0 and will be removed in 0.32.0. Use 'KeyPoints.keypoint_confidence' instead.
  warn_deprecated(
/usr/local/lib/python3.12/dist-packages/supervision/key_points/core.py:308: SupervisionWarnings: 'KeyPoints.confidence' is deprecated since 0.29.0 and will be removed in 0.32.0. Use 'KeyPoints.keypoint_confidence' instead.
  warn_deprecated(
 69%|██████▉   | 521/750 [08:37<03:33,  1.07it/s]/usr/local/lib/python3.12/dist-packages/supervision/key_points/core.py:316: SupervisionWarnings: 'KeyPoints.confidence' is deprecated since 0.29.0 and will be removed in 0.32.0. Use 'KeyPoints.keypoint_confidence' instead.
  warn_deprecated(
/usr/local/lib/python3.12/dist-packages/supervision/key_points/core.py:308: SupervisionWarnings: 'KeyPoints.confidence' is deprecated since 0.29.0 and will be removed in 0.32.0. Use 'KeyPoints.keypoint_confidence' instead.
  warn_deprecated(
/usr/local/lib/python3.12/dist-packages/supervision/key_points/core.py:308: SupervisionWarnings: 'KeyPoints.confidence' is deprecated since 0.29.0 and will be removed in 0.32.0. Use 'KeyPoints.keypoint_confidence' instead.
  warn_deprecated(
/usr/local/lib/python3.12/dist-packages/supervision/key_points/core.py:308: SupervisionWarnings: 'KeyPoints.confidence' is deprecated since 0.29.0 and will be removed in 0.32.0. Use 'KeyPoints.keypoint_confidence' instead.
  warn_deprecated(
/usr/local/lib/python3.12/dist-packages/supervision/key_points/core.py:308: SupervisionWarnings: 'KeyPoints.confidence' is deprecated since 0.29.0 and will be removed in 0.32.0. Use 'KeyPoints.keypoint_confidence' instead.
  warn_deprecated(
 70%|██████▉   | 522/750 [08:38<03:22,  1.12it/s]/usr/local/lib/python3.12/dist-packages/supervision/key_points/core.py:316: SupervisionWarnings: 'KeyPoints.confidence' is deprecated since 0.29.0 and will be removed in 0.32.0. Use 'KeyPoints.keypoint_confidence' instead.
  warn_deprecated(
/usr/local/lib/python3.12/dist-packages/supervision/key_points/core.py:308: SupervisionWarnings: 'KeyPoints.confidence' is deprecated since 0.29.0 and will be removed in 0.32.0. Use 'KeyPoints.keypoint_confidence' instead.
  warn_deprecated(
/usr/local/lib/python3.12/dist-packages/supervision/key_points/core.py:308: SupervisionWarnings: 'KeyPoints.confidence' is deprecated since 0.29.0 and will be removed in 0.32.0. Use 'KeyPoints.keypoint_confidence' instead.
  warn_deprecated(
/usr/local/lib/python3.12/dist-packages/supervision/key_points/core.py:308: SupervisionWarnings: 'KeyPoints.confidence' is deprecated since 0.29.0 and will be removed in 0.32.0. Use 'KeyPoints.keypoint_confidence' instead.
  warn_deprecated(
/usr/local/lib/python3.12/dist-packages/supervision/key_points/core.py:308: SupervisionWarnings: 'KeyPoints.confidence' is deprecated since 0.29.0 and will be removed in 0.32.0. Use 'KeyPoints.keypoint_confidence' instead.
  warn_deprecated(
 70%|██████▉   | 523/750 [08:39<03:17,  1.15it/s]/usr/local/lib/python3.12/dist-packages/supervision/key_points/core.py:316: SupervisionWarnings: 'KeyPoints.confidence' is deprecated since 0.29.0 and will be removed in 0.32.0. Use 'KeyPoints.keypoint_confidence' instead.
  warn_deprecated(
/usr/local/lib/python3.12/dist-packages/supervision/key_points/core.py:308: SupervisionWarnings: 'KeyPoints.confidence' is deprecated since 0.29.0 and will be removed in 0.32.0. Use 'KeyPoints.keypoint_confidence' instead.
  warn_deprecated(
/usr/local/lib/python3.12/dist-packages/supervision/key_points/core.py:308: SupervisionWarnings: 'KeyPoints.confidence' is deprecated since 0.29.0 and will be removed in 0.32.0. Use 'KeyPoints.keypoint_confidence' instead.
  warn_deprecated(
/usr/local/lib/python3.12/dist-packages/supervision/key_points/core.py:308: SupervisionWarnings: 'KeyPoints.confidence' is deprecated since 0.29.0 and will be removed in 0.32.0. Use 'KeyPoints.keypoint_confidence' instead.
  warn_deprecated(
/usr/local/lib/python3.12/dist-packages/supervision/key_points/core.py:308: SupervisionWarnings: 'KeyPoints.confidence' is deprecated since 0.29.0 and will be removed in 0.32.0. Use 'KeyPoints.keypoint_confidence' instead.
  warn_deprecated(
 70%|██████▉   | 524/750 [08:40<03:12,  1.17it/s]/usr/local/lib/python3.12/dist-packages/supervision/key_points/core.py:316: SupervisionWarnings: 'KeyPoints.confidence' is deprecated since 0.29.0 and will be removed in 0.32.0. Use 'KeyPoints.keypoint_confidence' instead.
  warn_deprecated(
/usr/local/lib/python3.12/dist-packages/supervision/key_points/core.py:308: SupervisionWarnings: 'KeyPoints.confidence' is deprecated since 0.29.0 and will be removed in 0.32.0. Use 'KeyPoints.keypoint_confidence' instead.
  warn_deprecated(
/usr/local/lib/python3.12/dist-packages/supervision/key_points/core.py:308: SupervisionWarnings: 'KeyPoints.confidence' is deprecated since 0.29.0 and will be removed in 0.32.0. Use 'KeyPoints.keypoint_confidence' instead.
  warn_deprecated(
/usr/local/lib/python3.12/dist-packages/supervision/key_points/core.py:308: SupervisionWarnings: 'KeyPoints.confidence' is deprecated since 0.29.0 and will be removed in 0.32.0. Use 'KeyPoints.keypoint_confidence' instead.
  warn_deprecated(
/usr/local/lib/python3.12/dist-packages/supervision/key_points/core.py:308: SupervisionWarnings: 'KeyPoints.confidence' is deprecated since 0.29.0 and will be removed in 0.32.0. Use 'KeyPoints.keypoint_confidence' instead.
  warn_deprecated(
 70%|███████   | 525/750 [08:41<03:36,  1.04it/s]/usr/local/lib/python3.12/dist-packages/supervision/key_points/core.py:316: SupervisionWarnings: 'KeyPoints.confidence' is deprecated since 0.29.0 and will be removed in 0.32.0. Use 'KeyPoints.keypoint_confidence' instead.
  warn_deprecated(
/usr/local/lib/python3.12/dist-packages/supervision/key_points/core.py:308: SupervisionWarnings: 'KeyPoints.confidence' is deprecated since 0.29.0 and will be removed in 0.32.0. Use 'KeyPoints.keypoint_confidence' instead.
  warn_deprecated(
/usr/local/lib/python3.12/dist-packages/supervision/key_points/core.py:308: SupervisionWarnings: 'KeyPoints.confidence' is deprecated since 0.29.0 and will be removed in 0.32.0. Use 'KeyPoints.keypoint_confidence' instead.
  warn_deprecated(
/usr/local/lib/python3.12/dist-packages/supervision/key_points/core.py:308: SupervisionWarnings: 'KeyPoints.confidence' is deprecated since 0.29.0 and will be removed in 0.32.0. Use 'KeyPoints.keypoint_confidence' instead.
  warn_deprecated(
/usr/local/lib/python3.12/dist-packages/supervision/key_points/core.py:308: SupervisionWarnings: 'KeyPoints.confidence' is deprecated since 0.29.0 and will be removed in 0.32.0. Use 'KeyPoints.keypoint_confidence' instead.
  warn_deprecated(
 70%|███████   | 526/750 [08:42<03:53,  1.04s/it]/usr/local/lib/python3.12/dist-packages/supervision/key_points/core.py:316: SupervisionWarnings: 'KeyPoints.confidence' is deprecated since 0.29.0 and will be removed in 0.32.0. Use 'KeyPoints.keypoint_confidence' instead.
  warn_deprecated(
/usr/local/lib/python3.12/dist-packages/supervision/key_points/core.py:308: SupervisionWarnings: 'KeyPoints.confidence' is deprecated since 0.29.0 and will be removed in 0.32.0. Use 'KeyPoints.keypoint_confidence' instead.
  warn_deprecated(
/usr/local/lib/python3.12/dist-packages/supervision/key_points/core.py:308: SupervisionWarnings: 'KeyPoints.confidence' is deprecated since 0.29.0 and will be removed in 0.32.0. Use 'KeyPoints.keypoint_confidence' instead.
  warn_deprecated(
/usr/local/lib/python3.12/dist-packages/supervision/key_points/core.py:308: SupervisionWarnings: 'KeyPoints.confidence' is deprecated since 0.29.0 and will be removed in 0.32.0. Use 'KeyPoints.keypoint_confidence' instead.
  warn_deprecated(
/usr/local/lib/python3.12/dist-packages/supervision/key_points/core.py:308: SupervisionWarnings: 'KeyPoints.confidence' is deprecated since 0.29.0 and will be removed in 0.32.0. Use 'KeyPoints.keypoint_confidence' instead.
  warn_deprecated(
 70%|███████   | 527/750 [08:43<03:35,  1.03it/s]/usr/local/lib/python3.12/dist-packages/supervision/key_points/core.py:316: SupervisionWarnings: 'KeyPoints.confidence' is deprecated since 0.29.0 and will be removed in 0.32.0. Use 'KeyPoints.keypoint_confidence' instead.
  warn_deprecated(
/usr/local/lib/python3.12/dist-packages/supervision/key_points/core.py:308: SupervisionWarnings: 'KeyPoints.confidence' is deprecated since 0.29.0 and will be removed in 0.32.0. Use 'KeyPoints.keypoint_confidence' instead.
  warn_deprecated(
/usr/local/lib/python3.12/dist-packages/supervision/key_points/core.py:308: SupervisionWarnings: 'KeyPoints.confidence' is deprecated since 0.29.0 and will be removed in 0.32.0. Use 'KeyPoints.keypoint_confidence' instead.
  warn_deprecated(
/usr/local/lib/python3.12/dist-packages/supervision/key_points/core.py:308: SupervisionWarnings: 'KeyPoints.confidence' is deprecated since 0.29.0 and will be removed in 0.32.0. Use 'KeyPoints.keypoint_confidence' instead.
  warn_deprecated(
/usr/local/lib/python3.12/dist-packages/supervision/key_points/core.py:308: SupervisionWarnings: 'KeyPoints.confidence' is deprecated since 0.29.0 and will be removed in 0.32.0. Use 'KeyPoints.keypoint_confidence' instead.
  warn_deprecated(
 70%|███████   | 528/750 [08:44<03:24,  1.09it/s]/usr/local/lib/python3.12/dist-packages/supervision/key_points/core.py:316: SupervisionWarnings: 'KeyPoints.confidence' is deprecated since 0.29.0 and will be removed in 0.32.0. Use 'KeyPoints.keypoint_confidence' instead.
  warn_deprecated(
/usr/local/lib/python3.12/dist-packages/supervision/key_points/core.py:308: SupervisionWarnings: 'KeyPoints.confidence' is deprecated since 0.29.0 and will be removed in 0.32.0. Use 'KeyPoints.keypoint_confidence' instead.
  warn_deprecated(
/usr/local/lib/python3.12/dist-packages/supervision/key_points/core.py:308: SupervisionWarnings: 'KeyPoints.confidence' is deprecated since 0.29.0 and will be removed in 0.32.0. Use 'KeyPoints.keypoint_confidence' instead.
  warn_deprecated(
/usr/local/lib/python3.12/dist-packages/supervision/key_points/core.py:308: SupervisionWarnings: 'KeyPoints.confidence' is deprecated since 0.29.0 and will be removed in 0.32.0. Use 'KeyPoints.keypoint_confidence' instead.
  warn_deprecated(
/usr/local/lib/python3.12/dist-packages/supervision/key_points/core.py:308: SupervisionWarnings: 'KeyPoints.confidence' is deprecated since 0.29.0 and will be removed in 0.32.0. Use 'KeyPoints.keypoint_confidence' instead.
  warn_deprecated(
 71%|███████   | 529/750 [08:45<03:16,  1.12it/s]/usr/local/lib/python3.12/dist-packages/supervision/key_points/core.py:316: SupervisionWarnings: 'KeyPoints.confidence' is deprecated since 0.29.0 and will be removed in 0.32.0. Use 'KeyPoints.keypoint_confidence' instead.
  warn_deprecated(
/usr/local/lib/python3.12/dist-packages/supervision/key_points/core.py:308: SupervisionWarnings: 'KeyPoints.confidence' is deprecated since 0.29.0 and will be removed in 0.32.0. Use 'KeyPoints.keypoint_confidence' instead.
  warn_deprecated(
/usr/local/lib/python3.12/dist-packages/supervision/key_points/core.py:308: SupervisionWarnings: 'KeyPoints.confidence' is deprecated since 0.29.0 and will be removed in 0.32.0. Use 'KeyPoints.keypoint_confidence' instead.
  warn_deprecated(
/usr/local/lib/python3.12/dist-packages/supervision/key_points/core.py:308: SupervisionWarnings: 'KeyPoints.confidence' is deprecated since 0.29.0 and will be removed in 0.32.0. Use 'KeyPoints.keypoint_confidence' instead.
  warn_deprecated(
/usr/local/lib/python3.12/dist-packages/supervision/key_points/core.py:308: SupervisionWarnings: 'KeyPoints.confidence' is deprecated since 0.29.0 and will be removed in 0.32.0. Use 'KeyPoints.keypoint_confidence' instead.
  warn_deprecated(
 71%|███████   | 530/750 [08:46<03:36,  1.02it/s]/usr/local/lib/python3.12/dist-packages/supervision/key_points/core.py:316: SupervisionWarnings: 'KeyPoints.confidence' is deprecated since 0.29.0 and will be removed in 0.32.0. Use 'KeyPoints.keypoint_confidence' instead.
  warn_deprecated(
/usr/local/lib/python3.12/dist-packages/supervision/key_points/core.py:308: SupervisionWarnings: 'KeyPoints.confidence' is deprecated since 0.29.0 and will be removed in 0.32.0. Use 'KeyPoints.keypoint_confidence' instead.
  warn_deprecated(
/usr/local/lib/python3.12/dist-packages/supervision/key_points/core.py:308: SupervisionWarnings: 'KeyPoints.confidence' is deprecated since 0.29.0 and will be removed in 0.32.0. Use 'KeyPoints.keypoint_confidence' instead.
  warn_deprecated(
/usr/local/lib/python3.12/dist-packages/supervision/key_points/core.py:308: SupervisionWarnings: 'KeyPoints.confidence' is deprecated since 0.29.0 and will be removed in 0.32.0. Use 'KeyPoints.keypoint_confidence' instead.
  warn_deprecated(
/usr/local/lib/python3.12/dist-packages/supervision/key_points/core.py:308: SupervisionWarnings: 'KeyPoints.confidence' is deprecated since 0.29.0 and will be removed in 0.32.0. Use 'KeyPoints.keypoint_confidence' instead.
  warn_deprecated(
 71%|███████   | 531/750 [08:47<03:22,  1.08it/s]/usr/local/lib/python3.12/dist-packages/supervision/key_points/core.py:316: SupervisionWarnings: 'KeyPoints.confidence' is deprecated since 0.29.0 and will be removed in 0.32.0. Use 'KeyPoints.keypoint_confidence' instead.
  warn_deprecated(
/usr/local/lib/python3.12/dist-packages/supervision/key_points/core.py:308: SupervisionWarnings: 'KeyPoints.confidence' is deprecated since 0.29.0 and will be removed in 0.32.0. Use 'KeyPoints.keypoint_confidence' instead.
  warn_deprecated(
/usr/local/lib/python3.12/dist-packages/supervision/key_points/core.py:308: SupervisionWarnings: 'KeyPoints.confidence' is deprecated since 0.29.0 and will be removed in 0.32.0. Use 'KeyPoints.keypoint_confidence' instead.
  warn_deprecated(
/usr/local/lib/python3.12/dist-packages/supervision/key_points/core.py:308: SupervisionWarnings: 'KeyPoints.confidence' is deprecated since 0.29.0 and will be removed in 0.32.0. Use 'KeyPoints.keypoint_confidence' instead.
  warn_deprecated(
/usr/local/lib/python3.12/dist-packages/supervision/key_points/core.py:308: SupervisionWarnings: 'KeyPoints.confidence' is deprecated since 0.29.0 and will be removed in 0.32.0. Use 'KeyPoints.keypoint_confidence' instead.
  warn_deprecated(
 71%|███████   | 532/750 [08:48<03:19,  1.09it/s]/usr/local/lib/python3.12/dist-packages/supervision/key_points/core.py:316: SupervisionWarnings: 'KeyPoints.confidence' is deprecated since 0.29.0 and will be removed in 0.32.0. Use 'KeyPoints.keypoint_confidence' instead.
  warn_deprecated(
/usr/local/lib/python3.12/dist-packages/supervision/key_points/core.py:308: SupervisionWarnings: 'KeyPoints.confidence' is deprecated since 0.29.0 and will be removed in 0.32.0. Use 'KeyPoints.keypoint_confidence' instead.
  warn_deprecated(
/usr/local/lib/python3.12/dist-packages/supervision/key_points/core.py:308: SupervisionWarnings: 'KeyPoints.confidence' is deprecated since 0.29.0 and will be removed in 0.32.0. Use 'KeyPoints.keypoint_confidence' instead.
  warn_deprecated(
/usr/local/lib/python3.12/dist-packages/supervision/key_points/core.py:308: SupervisionWarnings: 'KeyPoints.confidence' is deprecated since 0.29.0 and will be removed in 0.32.0. Use 'KeyPoints.keypoint_confidence' instead.
  warn_deprecated(
/usr/local/lib/python3.12/dist-packages/supervision/key_points/core.py:308: SupervisionWarnings: 'KeyPoints.confidence' is deprecated since 0.29.0 and will be removed in 0.32.0. Use 'KeyPoints.keypoint_confidence' instead.
  warn_deprecated(
 71%|███████   | 533/750 [08:49<03:26,  1.05it/s]/usr/local/lib/python3.12/dist-packages/supervision/key_points/core.py:316: SupervisionWarnings: 'KeyPoints.confidence' is deprecated since 0.29.0 and will be removed in 0.32.0. Use 'KeyPoints.keypoint_confidence' instead.
  warn_deprecated(
/usr/local/lib/python3.12/dist-packages/supervision/key_points/core.py:308: SupervisionWarnings: 'KeyPoints.confidence' is deprecated since 0.29.0 and will be removed in 0.32.0. Use 'KeyPoints.keypoint_confidence' instead.
  warn_deprecated(
/usr/local/lib/python3.12/dist-packages/supervision/key_points/core.py:308: SupervisionWarnings: 'KeyPoints.confidence' is deprecated since 0.29.0 and will be removed in 0.32.0. Use 'KeyPoints.keypoint_confidence' instead.
  warn_deprecated(
/usr/local/lib/python3.12/dist-packages/supervision/key_points/core.py:308: SupervisionWarnings: 'KeyPoints.confidence' is deprecated since 0.29.0 and will be removed in 0.32.0. Use 'KeyPoints.keypoint_confidence' instead.
  warn_deprecated(
/usr/local/lib/python3.12/dist-packages/supervision/key_points/core.py:308: SupervisionWarnings: 'KeyPoints.confidence' is deprecated since 0.29.0 and will be removed in 0.32.0. Use 'KeyPoints.keypoint_confidence' instead.
  warn_deprecated(
 71%|███████   | 534/750 [08:50<03:22,  1.06it/s]/usr/local/lib/python3.12/dist-packages/supervision/key_points/core.py:316: SupervisionWarnings: 'KeyPoints.confidence' is deprecated since 0.29.0 and will be removed in 0.32.0. Use 'KeyPoints.keypoint_confidence' instead.
  warn_deprecated(
/usr/local/lib/python3.12/dist-packages/supervision/key_points/core.py:308: SupervisionWarnings: 'KeyPoints.confidence' is deprecated since 0.29.0 and will be removed in 0.32.0. Use 'KeyPoints.keypoint_confidence' instead.
  warn_deprecated(
/usr/local/lib/python3.12/dist-packages/supervision/key_points/core.py:308: SupervisionWarnings: 'KeyPoints.confidence' is deprecated since 0.29.0 and will be removed in 0.32.0. Use 'KeyPoints.keypoint_confidence' instead.
  warn_deprecated(
/usr/local/lib/python3.12/dist-packages/supervision/key_points/core.py:308: SupervisionWarnings: 'KeyPoints.confidence' is deprecated since 0.29.0 and will be removed in 0.32.0. Use 'KeyPoints.keypoint_confidence' instead.
  warn_deprecated(
/usr/local/lib/python3.12/dist-packages/supervision/key_points/core.py:308: SupervisionWarnings: 'KeyPoints.confidence' is deprecated since 0.29.0 and will be removed in 0.32.0. Use 'KeyPoints.keypoint_confidence' instead.
  warn_deprecated(
 71%|███████▏  | 535/750 [08:51<03:55,  1.09s/it]/usr/local/lib/python3.12/dist-packages/supervision/key_points/core.py:316: SupervisionWarnings: 'KeyPoints.confidence' is deprecated since 0.29.0 and will be removed in 0.32.0. Use 'KeyPoints.keypoint_confidence' instead.
  warn_deprecated(
/usr/local/lib/python3.12/dist-packages/supervision/key_points/core.py:308: SupervisionWarnings: 'KeyPoints.confidence' is deprecated since 0.29.0 and will be removed in 0.32.0. Use 'KeyPoints.keypoint_confidence' instead.
  warn_deprecated(
/usr/local/lib/python3.12/dist-packages/supervision/key_points/core.py:308: SupervisionWarnings: 'KeyPoints.confidence' is deprecated since 0.29.0 and will be removed in 0.32.0. Use 'KeyPoints.keypoint_confidence' instead.
  warn_deprecated(
/usr/local/lib/python3.12/dist-packages/supervision/key_points/core.py:308: SupervisionWarnings: 'KeyPoints.confidence' is deprecated since 0.29.0 and will be removed in 0.32.0. Use 'KeyPoints.keypoint_confidence' instead.
  warn_deprecated(
/usr/local/lib/python3.12/dist-packages/supervision/key_points/core.py:308: SupervisionWarnings: 'KeyPoints.confidence' is deprecated since 0.29.0 and will be removed in 0.32.0. Use 'KeyPoints.keypoint_confidence' instead.
  warn_deprecated(
 71%|███████▏  | 536/750 [08:52<04:05,  1.15s/it]/usr/local/lib/python3.12/dist-packages/supervision/key_points/core.py:316: SupervisionWarnings: 'KeyPoints.confidence' is deprecated since 0.29.0 and will be removed in 0.32.0. Use 'KeyPoints.keypoint_confidence' instead.
  warn_deprecated(
/usr/local/lib/python3.12/dist-packages/supervision/key_points/core.py:308: SupervisionWarnings: 'KeyPoints.confidence' is deprecated since 0.29.0 and will be removed in 0.32.0. Use 'KeyPoints.keypoint_confidence' instead.
  warn_deprecated(
/usr/local/lib/python3.12/dist-packages/supervision/key_points/core.py:308: SupervisionWarnings: 'KeyPoints.confidence' is deprecated since 0.29.0 and will be removed in 0.32.0. Use 'KeyPoints.keypoint_confidence' instead.
  warn_deprecated(
/usr/local/lib/python3.12/dist-packages/supervision/key_points/core.py:308: SupervisionWarnings: 'KeyPoints.confidence' is deprecated since 0.29.0 and will be removed in 0.32.0. Use 'KeyPoints.keypoint_confidence' instead.
  warn_deprecated(
/usr/local/lib/python3.12/dist-packages/supervision/key_points/core.py:308: SupervisionWarnings: 'KeyPoints.confidence' is deprecated since 0.29.0 and will be removed in 0.32.0. Use 'KeyPoints.keypoint_confidence' instead.
  warn_deprecated(
 72%|███████▏  | 537/750 [08:54<04:09,  1.17s/it]/usr/local/lib/python3.12/dist-packages/supervision/key_points/core.py:316: SupervisionWarnings: 'KeyPoints.confidence' is deprecated since 0.29.0 and will be removed in 0.32.0. Use 'KeyPoints.keypoint_confidence' instead.
  warn_deprecated(
/usr/local/lib/python3.12/dist-packages/supervision/key_points/core.py:308: SupervisionWarnings: 'KeyPoints.confidence' is deprecated since 0.29.0 and will be removed in 0.32.0. Use 'KeyPoints.keypoint_confidence' instead.
  warn_deprecated(
/usr/local/lib/python3.12/dist-packages/supervision/key_points/core.py:308: SupervisionWarnings: 'KeyPoints.confidence' is deprecated since 0.29.0 and will be removed in 0.32.0. Use 'KeyPoints.keypoint_confidence' instead.
  warn_deprecated(
/usr/local/lib/python3.12/dist-packages/supervision/key_points/core.py:308: SupervisionWarnings: 'KeyPoints.confidence' is deprecated since 0.29.0 and will be removed in 0.32.0. Use 'KeyPoints.keypoint_confidence' instead.
  warn_deprecated(
/usr/local/lib/python3.12/dist-packages/supervision/key_points/core.py:308: SupervisionWarnings: 'KeyPoints.confidence' is deprecated since 0.29.0 and will be removed in 0.32.0. Use 'KeyPoints.keypoint_confidence' instead.
  warn_deprecated(
 72%|███████▏  | 538/750 [08:54<03:46,  1.07s/it]/usr/local/lib/python3.12/dist-packages/supervision/key_points/core.py:316: SupervisionWarnings: 'KeyPoints.confidence' is deprecated since 0.29.0 and will be removed in 0.32.0. Use 'KeyPoints.keypoint_confidence' instead.
  warn_deprecated(
/usr/local/lib/python3.12/dist-packages/supervision/key_points/core.py:308: SupervisionWarnings: 'KeyPoints.confidence' is deprecated since 0.29.0 and will be removed in 0.32.0. Use 'KeyPoints.keypoint_confidence' instead.
  warn_deprecated(
/usr/local/lib/python3.12/dist-packages/supervision/key_points/core.py:308: SupervisionWarnings: 'KeyPoints.confidence' is deprecated since 0.29.0 and will be removed in 0.32.0. Use 'KeyPoints.keypoint_confidence' instead.
  warn_deprecated(
/usr/local/lib/python3.12/dist-packages/supervision/key_points/core.py:308: SupervisionWarnings: 'KeyPoints.confidence' is deprecated since 0.29.0 and will be removed in 0.32.0. Use 'KeyPoints.keypoint_confidence' instead.
  warn_deprecated(
/usr/local/lib/python3.12/dist-packages/supervision/key_points/core.py:308: SupervisionWarnings: 'KeyPoints.confidence' is deprecated since 0.29.0 and will be removed in 0.32.0. Use 'KeyPoints.keypoint_confidence' instead.
  warn_deprecated(
 72%|███████▏  | 539/750 [08:55<03:27,  1.02it/s]/usr/local/lib/python3.12/dist-packages/supervision/key_points/core.py:316: SupervisionWarnings: 'KeyPoints.confidence' is deprecated since 0.29.0 and will be removed in 0.32.0. Use 'KeyPoints.keypoint_confidence' instead.
  warn_deprecated(
/usr/local/lib/python3.12/dist-packages/supervision/key_points/core.py:308: SupervisionWarnings: 'KeyPoints.confidence' is deprecated since 0.29.0 and will be removed in 0.32.0. Use 'KeyPoints.keypoint_confidence' instead.
  warn_deprecated(
/usr/local/lib/python3.12/dist-packages/supervision/key_points/core.py:308: SupervisionWarnings: 'KeyPoints.confidence' is deprecated since 0.29.0 and will be removed in 0.32.0. Use 'KeyPoints.keypoint_confidence' instead.
  warn_deprecated(
/usr/local/lib/python3.12/dist-packages/supervision/key_points/core.py:308: SupervisionWarnings: 'KeyPoints.confidence' is deprecated since 0.29.0 and will be removed in 0.32.0. Use 'KeyPoints.keypoint_confidence' instead.
  warn_deprecated(
/usr/local/lib/python3.12/dist-packages/supervision/key_points/core.py:308: SupervisionWarnings: 'KeyPoints.confidence' is deprecated since 0.29.0 and will be removed in 0.32.0. Use 'KeyPoints.keypoint_confidence' instead.
  warn_deprecated(
 72%|███████▏  | 540/750 [08:56<03:16,  1.07it/s]/usr/local/lib/python3.12/dist-packages/supervision/key_points/core.py:316: SupervisionWarnings: 'KeyPoints.confidence' is deprecated since 0.29.0 and will be removed in 0.32.0. Use 'KeyPoints.keypoint_confidence' instead.
  warn_deprecated(
/usr/local/lib/python3.12/dist-packages/supervision/key_points/core.py:308: SupervisionWarnings: 'KeyPoints.confidence' is deprecated since 0.29.0 and will be removed in 0.32.0. Use 'KeyPoints.keypoint_confidence' instead.
  warn_deprecated(
/usr/local/lib/python3.12/dist-packages/supervision/key_points/core.py:308: SupervisionWarnings: 'KeyPoints.confidence' is deprecated since 0.29.0 and will be removed in 0.32.0. Use 'KeyPoints.keypoint_confidence' instead.
  warn_deprecated(
/usr/local/lib/python3.12/dist-packages/supervision/key_points/core.py:308: SupervisionWarnings: 'KeyPoints.confidence' is deprecated since 0.29.0 and will be removed in 0.32.0. Use 'KeyPoints.keypoint_confidence' instead.
  warn_deprecated(
/usr/local/lib/python3.12/dist-packages/supervision/key_points/core.py:308: SupervisionWarnings: 'KeyPoints.confidence' is deprecated since 0.29.0 and will be removed in 0.32.0. Use 'KeyPoints.keypoint_confidence' instead.
  warn_deprecated(
 72%|███████▏  | 541/750 [08:57<03:33,  1.02s/it]/usr/local/lib/python3.12/dist-packages/supervision/key_points/core.py:316: SupervisionWarnings: 'KeyPoints.confidence' is deprecated since 0.29.0 and will be removed in 0.32.0. Use 'KeyPoints.keypoint_confidence' instead.
  warn_deprecated(
/usr/local/lib/python3.12/dist-packages/supervision/key_points/core.py:308: SupervisionWarnings: 'KeyPoints.confidence' is deprecated since 0.29.0 and will be removed in 0.32.0. Use 'KeyPoints.keypoint_confidence' instead.
  warn_deprecated(
/usr/local/lib/python3.12/dist-packages/supervision/key_points/core.py:308: SupervisionWarnings: 'KeyPoints.confidence' is deprecated since 0.29.0 and will be removed in 0.32.0. Use 'KeyPoints.keypoint_confidence' instead.
  warn_deprecated(
/usr/local/lib/python3.12/dist-packages/supervision/key_points/core.py:308: SupervisionWarnings: 'KeyPoints.confidence' is deprecated since 0.29.0 and will be removed in 0.32.0. Use 'KeyPoints.keypoint_confidence' instead.
  warn_deprecated(
/usr/local/lib/python3.12/dist-packages/supervision/key_points/core.py:308: SupervisionWarnings: 'KeyPoints.confidence' is deprecated since 0.29.0 and will be removed in 0.32.0. Use 'KeyPoints.keypoint_confidence' instead.
  warn_deprecated(
 72%|███████▏  | 542/750 [08:58<03:18,  1.05it/s]/usr/local/lib/python3.12/dist-packages/supervision/key_points/core.py:316: SupervisionWarnings: 'KeyPoints.confidence' is deprecated since 0.29.0 and will be removed in 0.32.0. Use 'KeyPoints.keypoint_confidence' instead.
  warn_deprecated(
/usr/local/lib/python3.12/dist-packages/supervision/key_points/core.py:308: SupervisionWarnings: 'KeyPoints.confidence' is deprecated since 0.29.0 and will be removed in 0.32.0. Use 'KeyPoints.keypoint_confidence' instead.
  warn_deprecated(
/usr/local/lib/python3.12/dist-packages/supervision/key_points/core.py:308: SupervisionWarnings: 'KeyPoints.confidence' is deprecated since 0.29.0 and will be removed in 0.32.0. Use 'KeyPoints.keypoint_confidence' instead.
  warn_deprecated(
/usr/local/lib/python3.12/dist-packages/supervision/key_points/core.py:308: SupervisionWarnings: 'KeyPoints.confidence' is deprecated since 0.29.0 and will be removed in 0.32.0. Use 'KeyPoints.keypoint_confidence' instead.
  warn_deprecated(
/usr/local/lib/python3.12/dist-packages/supervision/key_points/core.py:308: SupervisionWarnings: 'KeyPoints.confidence' is deprecated since 0.29.0 and will be removed in 0.32.0. Use 'KeyPoints.keypoint_confidence' instead.
  warn_deprecated(
 72%|███████▏  | 543/750 [08:59<03:08,  1.10it/s]/usr/local/lib/python3.12/dist-packages/supervision/key_points/core.py:316: SupervisionWarnings: 'KeyPoints.confidence' is deprecated since 0.29.0 and will be removed in 0.32.0. Use 'KeyPoints.keypoint_confidence' instead.
  warn_deprecated(
/usr/local/lib/python3.12/dist-packages/supervision/key_points/core.py:308: SupervisionWarnings: 'KeyPoints.confidence' is deprecated since 0.29.0 and will be removed in 0.32.0. Use 'KeyPoints.keypoint_confidence' instead.
  warn_deprecated(
/usr/local/lib/python3.12/dist-packages/supervision/key_points/core.py:308: SupervisionWarnings: 'KeyPoints.confidence' is deprecated since 0.29.0 and will be removed in 0.32.0. Use 'KeyPoints.keypoint_confidence' instead.
  warn_deprecated(
/usr/local/lib/python3.12/dist-packages/supervision/key_points/core.py:308: SupervisionWarnings: 'KeyPoints.confidence' is deprecated since 0.29.0 and will be removed in 0.32.0. Use 'KeyPoints.keypoint_confidence' instead.
  warn_deprecated(
/usr/local/lib/python3.12/dist-packages/supervision/key_points/core.py:308: SupervisionWarnings: 'KeyPoints.confidence' is deprecated since 0.29.0 and will be removed in 0.32.0. Use 'KeyPoints.keypoint_confidence' instead.
  warn_deprecated(
 73%|███████▎  | 544/750 [09:00<03:00,  1.14it/s]/usr/local/lib/python3.12/dist-packages/supervision/key_points/core.py:316: SupervisionWarnings: 'KeyPoints.confidence' is deprecated since 0.29.0 and will be removed in 0.32.0. Use 'KeyPoints.keypoint_confidence' instead.
  warn_deprecated(
/usr/local/lib/python3.12/dist-packages/supervision/key_points/core.py:308: SupervisionWarnings: 'KeyPoints.confidence' is deprecated since 0.29.0 and will be removed in 0.32.0. Use 'KeyPoints.keypoint_confidence' instead.
  warn_deprecated(
/usr/local/lib/python3.12/dist-packages/supervision/key_points/core.py:308: SupervisionWarnings: 'KeyPoints.confidence' is deprecated since 0.29.0 and will be removed in 0.32.0. Use 'KeyPoints.keypoint_confidence' instead.
  warn_deprecated(
/usr/local/lib/python3.12/dist-packages/supervision/key_points/core.py:308: SupervisionWarnings: 'KeyPoints.confidence' is deprecated since 0.29.0 and will be removed in 0.32.0. Use 'KeyPoints.keypoint_confidence' instead.
  warn_deprecated(
/usr/local/lib/python3.12/dist-packages/supervision/key_points/core.py:308: SupervisionWarnings: 'KeyPoints.confidence' is deprecated since 0.29.0 and will be removed in 0.32.0. Use 'KeyPoints.keypoint_confidence' instead.
  warn_deprecated(
 73%|███████▎  | 545/750 [09:01<03:21,  1.02it/s]/usr/local/lib/python3.12/dist-packages/supervision/key_points/core.py:316: SupervisionWarnings: 'KeyPoints.confidence' is deprecated since 0.29.0 and will be removed in 0.32.0. Use 'KeyPoints.keypoint_confidence' instead.
  warn_deprecated(
/usr/local/lib/python3.12/dist-packages/supervision/key_points/core.py:308: SupervisionWarnings: 'KeyPoints.confidence' is deprecated since 0.29.0 and will be removed in 0.32.0. Use 'KeyPoints.keypoint_confidence' instead.
  warn_deprecated(
/usr/local/lib/python3.12/dist-packages/supervision/key_points/core.py:308: SupervisionWarnings: 'KeyPoints.confidence' is deprecated since 0.29.0 and will be removed in 0.32.0. Use 'KeyPoints.keypoint_confidence' instead.
  warn_deprecated(
/usr/local/lib/python3.12/dist-packages/supervision/key_points/core.py:308: SupervisionWarnings: 'KeyPoints.confidence' is deprecated since 0.29.0 and will be removed in 0.32.0. Use 'KeyPoints.keypoint_confidence' instead.
  warn_deprecated(
/usr/local/lib/python3.12/dist-packages/supervision/key_points/core.py:308: SupervisionWarnings: 'KeyPoints.confidence' is deprecated since 0.29.0 and will be removed in 0.32.0. Use 'KeyPoints.keypoint_confidence' instead.
  warn_deprecated(
 73%|███████▎  | 546/750 [09:02<03:15,  1.05it/s]/usr/local/lib/python3.12/dist-packages/supervision/key_points/core.py:316: SupervisionWarnings: 'KeyPoints.confidence' is deprecated since 0.29.0 and will be removed in 0.32.0. Use 'KeyPoints.keypoint_confidence' instead.
  warn_deprecated(
/usr/local/lib/python3.12/dist-packages/supervision/key_points/core.py:308: SupervisionWarnings: 'KeyPoints.confidence' is deprecated since 0.29.0 and will be removed in 0.32.0. Use 'KeyPoints.keypoint_confidence' instead.
  warn_deprecated(
/usr/local/lib/python3.12/dist-packages/supervision/key_points/core.py:308: SupervisionWarnings: 'KeyPoints.confidence' is deprecated since 0.29.0 and will be removed in 0.32.0. Use 'KeyPoints.keypoint_confidence' instead.
  warn_deprecated(
/usr/local/lib/python3.12/dist-packages/supervision/key_points/core.py:308: SupervisionWarnings: 'KeyPoints.confidence' is deprecated since 0.29.0 and will be removed in 0.32.0. Use 'KeyPoints.keypoint_confidence' instead.
  warn_deprecated(
/usr/local/lib/python3.12/dist-packages/supervision/key_points/core.py:308: SupervisionWarnings: 'KeyPoints.confidence' is deprecated since 0.29.0 and will be removed in 0.32.0. Use 'KeyPoints.keypoint_confidence' instead.
  warn_deprecated(
 73%|███████▎  | 547/750 [09:03<03:39,  1.08s/it]/usr/local/lib/python3.12/dist-packages/supervision/key_points/core.py:316: SupervisionWarnings: 'KeyPoints.confidence' is deprecated since 0.29.0 and will be removed in 0.32.0. Use 'KeyPoints.keypoint_confidence' instead.
  warn_deprecated(
/usr/local/lib/python3.12/dist-packages/supervision/key_points/core.py:308: SupervisionWarnings: 'KeyPoints.confidence' is deprecated since 0.29.0 and will be removed in 0.32.0. Use 'KeyPoints.keypoint_confidence' instead.
  warn_deprecated(
/usr/local/lib/python3.12/dist-packages/supervision/key_points/core.py:308: SupervisionWarnings: 'KeyPoints.confidence' is deprecated since 0.29.0 and will be removed in 0.32.0. Use 'KeyPoints.keypoint_confidence' instead.
  warn_deprecated(
/usr/local/lib/python3.12/dist-packages/supervision/key_points/core.py:308: SupervisionWarnings: 'KeyPoints.confidence' is deprecated since 0.29.0 and will be removed in 0.32.0. Use 'KeyPoints.keypoint_confidence' instead.
  warn_deprecated(
/usr/local/lib/python3.12/dist-packages/supervision/key_points/core.py:308: SupervisionWarnings: 'KeyPoints.confidence' is deprecated since 0.29.0 and will be removed in 0.32.0. Use 'KeyPoints.keypoint_confidence' instead.
  warn_deprecated(
 73%|███████▎  | 548/750 [09:04<03:36,  1.07s/it]/usr/local/lib/python3.12/dist-packages/supervision/key_points/core.py:316: SupervisionWarnings: 'KeyPoints.confidence' is deprecated since 0.29.0 and will be removed in 0.32.0. Use 'KeyPoints.keypoint_confidence' instead.
  warn_deprecated(
/usr/local/lib/python3.12/dist-packages/supervision/key_points/core.py:308: SupervisionWarnings: 'KeyPoints.confidence' is deprecated since 0.29.0 and will be removed in 0.32.0. Use 'KeyPoints.keypoint_confidence' instead.
  warn_deprecated(
/usr/local/lib/python3.12/dist-packages/supervision/key_points/core.py:308: SupervisionWarnings: 'KeyPoints.confidence' is deprecated since 0.29.0 and will be removed in 0.32.0. Use 'KeyPoints.keypoint_confidence' instead.
  warn_deprecated(
/usr/local/lib/python3.12/dist-packages/supervision/key_points/core.py:308: SupervisionWarnings: 'KeyPoints.confidence' is deprecated since 0.29.0 and will be removed in 0.32.0. Use 'KeyPoints.keypoint_confidence' instead.
  warn_deprecated(
/usr/local/lib/python3.12/dist-packages/supervision/key_points/core.py:308: SupervisionWarnings: 'KeyPoints.confidence' is deprecated since 0.29.0 and will be removed in 0.32.0. Use 'KeyPoints.keypoint_confidence' instead.
  warn_deprecated(
 73%|███████▎  | 549/750 [09:06<04:02,  1.21s/it]/usr/local/lib/python3.12/dist-packages/supervision/key_points/core.py:316: SupervisionWarnings: 'KeyPoints.confidence' is deprecated since 0.29.0 and will be removed in 0.32.0. Use 'KeyPoints.keypoint_confidence' instead.
  warn_deprecated(
/usr/local/lib/python3.12/dist-packages/supervision/key_points/core.py:308: SupervisionWarnings: 'KeyPoints.confidence' is deprecated since 0.29.0 and will be removed in 0.32.0. Use 'KeyPoints.keypoint_confidence' instead.
  warn_deprecated(
/usr/local/lib/python3.12/dist-packages/supervision/key_points/core.py:308: SupervisionWarnings: 'KeyPoints.confidence' is deprecated since 0.29.0 and will be removed in 0.32.0. Use 'KeyPoints.keypoint_confidence' instead.
  warn_deprecated(
/usr/local/lib/python3.12/dist-packages/supervision/key_points/core.py:308: SupervisionWarnings: 'KeyPoints.confidence' is deprecated since 0.29.0 and will be removed in 0.32.0. Use 'KeyPoints.keypoint_confidence' instead.
  warn_deprecated(
/usr/local/lib/python3.12/dist-packages/supervision/key_points/core.py:308: SupervisionWarnings: 'KeyPoints.confidence' is deprecated since 0.29.0 and will be removed in 0.32.0. Use 'KeyPoints.keypoint_confidence' instead.
  warn_deprecated(
 73%|███████▎  | 550/750 [09:07<03:39,  1.10s/it]/usr/local/lib/python3.12/dist-packages/supervision/key_points/core.py:316: SupervisionWarnings: 'KeyPoints.confidence' is deprecated since 0.29.0 and will be removed in 0.32.0. Use 'KeyPoints.keypoint_confidence' instead.
  warn_deprecated(
/usr/local/lib/python3.12/dist-packages/supervision/key_points/core.py:308: SupervisionWarnings: 'KeyPoints.confidence' is deprecated since 0.29.0 and will be removed in 0.32.0. Use 'KeyPoints.keypoint_confidence' instead.
  warn_deprecated(
/usr/local/lib/python3.12/dist-packages/supervision/key_points/core.py:308: SupervisionWarnings: 'KeyPoints.confidence' is deprecated since 0.29.0 and will be removed in 0.32.0. Use 'KeyPoints.keypoint_confidence' instead.
  warn_deprecated(
/usr/local/lib/python3.12/dist-packages/supervision/key_points/core.py:308: SupervisionWarnings: 'KeyPoints.confidence' is deprecated since 0.29.0 and will be removed in 0.32.0. Use 'KeyPoints.keypoint_confidence' instead.
  warn_deprecated(
/usr/local/lib/python3.12/dist-packages/supervision/key_points/core.py:308: SupervisionWarnings: 'KeyPoints.confidence' is deprecated since 0.29.0 and will be removed in 0.32.0. Use 'KeyPoints.keypoint_confidence' instead.
  warn_deprecated(
 73%|███████▎  | 551/750 [09:07<03:21,  1.01s/it]/usr/local/lib/python3.12/dist-packages/supervision/key_points/core.py:316: SupervisionWarnings: 'KeyPoints.confidence' is deprecated since 0.29.0 and will be removed in 0.32.0. Use 'KeyPoints.keypoint_confidence' instead.
  warn_deprecated(
/usr/local/lib/python3.12/dist-packages/supervision/key_points/core.py:308: SupervisionWarnings: 'KeyPoints.confidence' is deprecated since 0.29.0 and will be removed in 0.32.0. Use 'KeyPoints.keypoint_confidence' instead.
  warn_deprecated(
/usr/local/lib/python3.12/dist-packages/supervision/key_points/core.py:308: SupervisionWarnings: 'KeyPoints.confidence' is deprecated since 0.29.0 and will be removed in 0.32.0. Use 'KeyPoints.keypoint_confidence' instead.
  warn_deprecated(
/usr/local/lib/python3.12/dist-packages/supervision/key_points/core.py:308: SupervisionWarnings: 'KeyPoints.confidence' is deprecated since 0.29.0 and will be removed in 0.32.0. Use 'KeyPoints.keypoint_confidence' instead.
  warn_deprecated(
/usr/local/lib/python3.12/dist-packages/supervision/key_points/core.py:308: SupervisionWarnings: 'KeyPoints.confidence' is deprecated since 0.29.0 and will be removed in 0.32.0. Use 'KeyPoints.keypoint_confidence' instead.
  warn_deprecated(
 74%|███████▎  | 552/750 [09:08<03:07,  1.06it/s]/usr/local/lib/python3.12/dist-packages/supervision/key_points/core.py:316: SupervisionWarnings: 'KeyPoints.confidence' is deprecated since 0.29.0 and will be removed in 0.32.0. Use 'KeyPoints.keypoint_confidence' instead.
  warn_deprecated(
/usr/local/lib/python3.12/dist-packages/supervision/key_points/core.py:308: SupervisionWarnings: 'KeyPoints.confidence' is deprecated since 0.29.0 and will be removed in 0.32.0. Use 'KeyPoints.keypoint_confidence' instead.
  warn_deprecated(
/usr/local/lib/python3.12/dist-packages/supervision/key_points/core.py:308: SupervisionWarnings: 'KeyPoints.confidence' is deprecated since 0.29.0 and will be removed in 0.32.0. Use 'KeyPoints.keypoint_confidence' instead.
  warn_deprecated(
/usr/local/lib/python3.12/dist-packages/supervision/key_points/core.py:308: SupervisionWarnings: 'KeyPoints.confidence' is deprecated since 0.29.0 and will be removed in 0.32.0. Use 'KeyPoints.keypoint_confidence' instead.
  warn_deprecated(
/usr/local/lib/python3.12/dist-packages/supervision/key_points/core.py:308: SupervisionWarnings: 'KeyPoints.confidence' is deprecated since 0.29.0 and will be removed in 0.32.0. Use 'KeyPoints.keypoint_confidence' instead.
  warn_deprecated(
 74%|███████▎  | 553/750 [09:09<02:57,  1.11it/s]/usr/local/lib/python3.12/dist-packages/supervision/key_points/core.py:316: SupervisionWarnings: 'KeyPoints.confidence' is deprecated since 0.29.0 and will be removed in 0.32.0. Use 'KeyPoints.keypoint_confidence' instead.
  warn_deprecated(
/usr/local/lib/python3.12/dist-packages/supervision/key_points/core.py:308: SupervisionWarnings: 'KeyPoints.confidence' is deprecated since 0.29.0 and will be removed in 0.32.0. Use 'KeyPoints.keypoint_confidence' instead.
  warn_deprecated(
/usr/local/lib/python3.12/dist-packages/supervision/key_points/core.py:308: SupervisionWarnings: 'KeyPoints.confidence' is deprecated since 0.29.0 and will be removed in 0.32.0. Use 'KeyPoints.keypoint_confidence' instead.
  warn_deprecated(
/usr/local/lib/python3.12/dist-packages/supervision/key_points/core.py:308: SupervisionWarnings: 'KeyPoints.confidence' is deprecated since 0.29.0 and will be removed in 0.32.0. Use 'KeyPoints.keypoint_confidence' instead.
  warn_deprecated(
/usr/local/lib/python3.12/dist-packages/supervision/key_points/core.py:308: SupervisionWarnings: 'KeyPoints.confidence' is deprecated since 0.29.0 and will be removed in 0.32.0. Use 'KeyPoints.keypoint_confidence' instead.
  warn_deprecated(
 74%|███████▍  | 554/750 [09:10<03:18,  1.01s/it]/usr/local/lib/python3.12/dist-packages/supervision/key_points/core.py:316: SupervisionWarnings: 'KeyPoints.confidence' is deprecated since 0.29.0 and will be removed in 0.32.0. Use 'KeyPoints.keypoint_confidence' instead.
  warn_deprecated(
/usr/local/lib/python3.12/dist-packages/supervision/key_points/core.py:308: SupervisionWarnings: 'KeyPoints.confidence' is deprecated since 0.29.0 and will be removed in 0.32.0. Use 'KeyPoints.keypoint_confidence' instead.
  warn_deprecated(
/usr/local/lib/python3.12/dist-packages/supervision/key_points/core.py:308: SupervisionWarnings: 'KeyPoints.confidence' is deprecated since 0.29.0 and will be removed in 0.32.0. Use 'KeyPoints.keypoint_confidence' instead.
  warn_deprecated(
/usr/local/lib/python3.12/dist-packages/supervision/key_points/core.py:308: SupervisionWarnings: 'KeyPoints.confidence' is deprecated since 0.29.0 and will be removed in 0.32.0. Use 'KeyPoints.keypoint_confidence' instead.
  warn_deprecated(
/usr/local/lib/python3.12/dist-packages/supervision/key_points/core.py:308: SupervisionWarnings: 'KeyPoints.confidence' is deprecated since 0.29.0 and will be removed in 0.32.0. Use 'KeyPoints.keypoint_confidence' instead.
  warn_deprecated(
 74%|███████▍  | 555/750 [09:11<03:05,  1.05it/s]/usr/local/lib/python3.12/dist-packages/supervision/key_points/core.py:316: SupervisionWarnings: 'KeyPoints.confidence' is deprecated since 0.29.0 and will be removed in 0.32.0. Use 'KeyPoints.keypoint_confidence' instead.
  warn_deprecated(
/usr/local/lib/python3.12/dist-packages/supervision/key_points/core.py:308: SupervisionWarnings: 'KeyPoints.confidence' is deprecated since 0.29.0 and will be removed in 0.32.0. Use 'KeyPoints.keypoint_confidence' instead.
  warn_deprecated(
/usr/local/lib/python3.12/dist-packages/supervision/key_points/core.py:308: SupervisionWarnings: 'KeyPoints.confidence' is deprecated since 0.29.0 and will be removed in 0.32.0. Use 'KeyPoints.keypoint_confidence' instead.
  warn_deprecated(
/usr/local/lib/python3.12/dist-packages/supervision/key_points/core.py:308: SupervisionWarnings: 'KeyPoints.confidence' is deprecated since 0.29.0 and will be removed in 0.32.0. Use 'KeyPoints.keypoint_confidence' instead.
  warn_deprecated(
/usr/local/lib/python3.12/dist-packages/supervision/key_points/core.py:308: SupervisionWarnings: 'KeyPoints.confidence' is deprecated since 0.29.0 and will be removed in 0.32.0. Use 'KeyPoints.keypoint_confidence' instead.
  warn_deprecated(
 74%|███████▍  | 556/750 [09:12<02:56,  1.10it/s]/usr/local/lib/python3.12/dist-packages/supervision/key_points/core.py:316: SupervisionWarnings: 'KeyPoints.confidence' is deprecated since 0.29.0 and will be removed in 0.32.0. Use 'KeyPoints.keypoint_confidence' instead.
  warn_deprecated(
/usr/local/lib/python3.12/dist-packages/supervision/key_points/core.py:308: SupervisionWarnings: 'KeyPoints.confidence' is deprecated since 0.29.0 and will be removed in 0.32.0. Use 'KeyPoints.keypoint_confidence' instead.
  warn_deprecated(
/usr/local/lib/python3.12/dist-packages/supervision/key_points/core.py:308: SupervisionWarnings: 'KeyPoints.confidence' is deprecated since 0.29.0 and will be removed in 0.32.0. Use 'KeyPoints.keypoint_confidence' instead.
  warn_deprecated(
/usr/local/lib/python3.12/dist-packages/supervision/key_points/core.py:308: SupervisionWarnings: 'KeyPoints.confidence' is deprecated since 0.29.0 and will be removed in 0.32.0. Use 'KeyPoints.keypoint_confidence' instead.
  warn_deprecated(
/usr/local/lib/python3.12/dist-packages/supervision/key_points/core.py:308: SupervisionWarnings: 'KeyPoints.confidence' is deprecated since 0.29.0 and will be removed in 0.32.0. Use 'KeyPoints.keypoint_confidence' instead.
  warn_deprecated(
 74%|███████▍  | 557/750 [09:13<02:48,  1.14it/s]/usr/local/lib/python3.12/dist-packages/supervision/key_points/core.py:316: SupervisionWarnings: 'KeyPoints.confidence' is deprecated since 0.29.0 and will be removed in 0.32.0. Use 'KeyPoints.keypoint_confidence' instead.
  warn_deprecated(
/usr/local/lib/python3.12/dist-packages/supervision/key_points/core.py:308: SupervisionWarnings: 'KeyPoints.confidence' is deprecated since 0.29.0 and will be removed in 0.32.0. Use 'KeyPoints.keypoint_confidence' instead.
  warn_deprecated(
/usr/local/lib/python3.12/dist-packages/supervision/key_points/core.py:308: SupervisionWarnings: 'KeyPoints.confidence' is deprecated since 0.29.0 and will be removed in 0.32.0. Use 'KeyPoints.keypoint_confidence' instead.
  warn_deprecated(
/usr/local/lib/python3.12/dist-packages/supervision/key_points/core.py:308: SupervisionWarnings: 'KeyPoints.confidence' is deprecated since 0.29.0 and will be removed in 0.32.0. Use 'KeyPoints.keypoint_confidence' instead.
  warn_deprecated(
/usr/local/lib/python3.12/dist-packages/supervision/key_points/core.py:308: SupervisionWarnings: 'KeyPoints.confidence' is deprecated since 0.29.0 and will be removed in 0.32.0. Use 'KeyPoints.keypoint_confidence' instead.
  warn_deprecated(
 74%|███████▍  | 558/750 [09:14<03:07,  1.03it/s]/usr/local/lib/python3.12/dist-packages/supervision/key_points/core.py:316: SupervisionWarnings: 'KeyPoints.confidence' is deprecated since 0.29.0 and will be removed in 0.32.0. Use 'KeyPoints.keypoint_confidence' instead.
  warn_deprecated(
/usr/local/lib/python3.12/dist-packages/supervision/key_points/core.py:308: SupervisionWarnings: 'KeyPoints.confidence' is deprecated since 0.29.0 and will be removed in 0.32.0. Use 'KeyPoints.keypoint_confidence' instead.
  warn_deprecated(
/usr/local/lib/python3.12/dist-packages/supervision/key_points/core.py:308: SupervisionWarnings: 'KeyPoints.confidence' is deprecated since 0.29.0 and will be removed in 0.32.0. Use 'KeyPoints.keypoint_confidence' instead.
  warn_deprecated(
/usr/local/lib/python3.12/dist-packages/supervision/key_points/core.py:308: SupervisionWarnings: 'KeyPoints.confidence' is deprecated since 0.29.0 and will be removed in 0.32.0. Use 'KeyPoints.keypoint_confidence' instead.
  warn_deprecated(
/usr/local/lib/python3.12/dist-packages/supervision/key_points/core.py:308: SupervisionWarnings: 'KeyPoints.confidence' is deprecated since 0.29.0 and will be removed in 0.32.0. Use 'KeyPoints.keypoint_confidence' instead.
  warn_deprecated(
 75%|███████▍  | 559/750 [09:15<02:56,  1.08it/s]/usr/local/lib/python3.12/dist-packages/supervision/key_points/core.py:316: SupervisionWarnings: 'KeyPoints.confidence' is deprecated since 0.29.0 and will be removed in 0.32.0. Use 'KeyPoints.keypoint_confidence' instead.
  warn_deprecated(
/usr/local/lib/python3.12/dist-packages/supervision/key_points/core.py:308: SupervisionWarnings: 'KeyPoints.confidence' is deprecated since 0.29.0 and will be removed in 0.32.0. Use 'KeyPoints.keypoint_confidence' instead.
  warn_deprecated(
/usr/local/lib/python3.12/dist-packages/supervision/key_points/core.py:308: SupervisionWarnings: 'KeyPoints.confidence' is deprecated since 0.29.0 and will be removed in 0.32.0. Use 'KeyPoints.keypoint_confidence' instead.
  warn_deprecated(
/usr/local/lib/python3.12/dist-packages/supervision/key_points/core.py:308: SupervisionWarnings: 'KeyPoints.confidence' is deprecated since 0.29.0 and will be removed in 0.32.0. Use 'KeyPoints.keypoint_confidence' instead.
  warn_deprecated(
/usr/local/lib/python3.12/dist-packages/supervision/key_points/core.py:308: SupervisionWarnings: 'KeyPoints.confidence' is deprecated since 0.29.0 and will be removed in 0.32.0. Use 'KeyPoints.keypoint_confidence' instead.
  warn_deprecated(
 75%|███████▍  | 560/750 [09:16<03:15,  1.03s/it]/usr/local/lib/python3.12/dist-packages/supervision/key_points/core.py:316: SupervisionWarnings: 'KeyPoints.confidence' is deprecated since 0.29.0 and will be removed in 0.32.0. Use 'KeyPoints.keypoint_confidence' instead.
  warn_deprecated(
/usr/local/lib/python3.12/dist-packages/supervision/key_points/core.py:308: SupervisionWarnings: 'KeyPoints.confidence' is deprecated since 0.29.0 and will be removed in 0.32.0. Use 'KeyPoints.keypoint_confidence' instead.
  warn_deprecated(
/usr/local/lib/python3.12/dist-packages/supervision/key_points/core.py:308: SupervisionWarnings: 'KeyPoints.confidence' is deprecated since 0.29.0 and will be removed in 0.32.0. Use 'KeyPoints.keypoint_confidence' instead.
  warn_deprecated(
/usr/local/lib/python3.12/dist-packages/supervision/key_points/core.py:308: SupervisionWarnings: 'KeyPoints.confidence' is deprecated since 0.29.0 and will be removed in 0.32.0. Use 'KeyPoints.keypoint_confidence' instead.
  warn_deprecated(
/usr/local/lib/python3.12/dist-packages/supervision/key_points/core.py:308: SupervisionWarnings: 'KeyPoints.confidence' is deprecated since 0.29.0 and will be removed in 0.32.0. Use 'KeyPoints.keypoint_confidence' instead.
  warn_deprecated(
 75%|███████▍  | 561/750 [09:17<03:38,  1.15s/it]/usr/local/lib/python3.12/dist-packages/supervision/key_points/core.py:316: SupervisionWarnings: 'KeyPoints.confidence' is deprecated since 0.29.0 and will be removed in 0.32.0. Use 'KeyPoints.keypoint_confidence' instead.
  warn_deprecated(
/usr/local/lib/python3.12/dist-packages/supervision/key_points/core.py:308: SupervisionWarnings: 'KeyPoints.confidence' is deprecated since 0.29.0 and will be removed in 0.32.0. Use 'KeyPoints.keypoint_confidence' instead.
  warn_deprecated(
/usr/local/lib/python3.12/dist-packages/supervision/key_points/core.py:308: SupervisionWarnings: 'KeyPoints.confidence' is deprecated since 0.29.0 and will be removed in 0.32.0. Use 'KeyPoints.keypoint_confidence' instead.
  warn_deprecated(
/usr/local/lib/python3.12/dist-packages/supervision/key_points/core.py:308: SupervisionWarnings: 'KeyPoints.confidence' is deprecated since 0.29.0 and will be removed in 0.32.0. Use 'KeyPoints.keypoint_confidence' instead.
  warn_deprecated(
/usr/local/lib/python3.12/dist-packages/supervision/key_points/core.py:308: SupervisionWarnings: 'KeyPoints.confidence' is deprecated since 0.29.0 and will be removed in 0.32.0. Use 'KeyPoints.keypoint_confidence' instead.
  warn_deprecated(
 75%|███████▍  | 562/750 [09:19<03:55,  1.26s/it]/usr/local/lib/python3.12/dist-packages/supervision/key_points/core.py:316: SupervisionWarnings: 'KeyPoints.confidence' is deprecated since 0.29.0 and will be removed in 0.32.0. Use 'KeyPoints.keypoint_confidence' instead.
  warn_deprecated(
/usr/local/lib/python3.12/dist-packages/supervision/key_points/core.py:308: SupervisionWarnings: 'KeyPoints.confidence' is deprecated since 0.29.0 and will be removed in 0.32.0. Use 'KeyPoints.keypoint_confidence' instead.
  warn_deprecated(
/usr/local/lib/python3.12/dist-packages/supervision/key_points/core.py:308: SupervisionWarnings: 'KeyPoints.confidence' is deprecated since 0.29.0 and will be removed in 0.32.0. Use 'KeyPoints.keypoint_confidence' instead.
  warn_deprecated(
/usr/local/lib/python3.12/dist-packages/supervision/key_points/core.py:308: SupervisionWarnings: 'KeyPoints.confidence' is deprecated since 0.29.0 and will be removed in 0.32.0. Use 'KeyPoints.keypoint_confidence' instead.
  warn_deprecated(
/usr/local/lib/python3.12/dist-packages/supervision/key_points/core.py:308: SupervisionWarnings: 'KeyPoints.confidence' is deprecated since 0.29.0 and will be removed in 0.32.0. Use 'KeyPoints.keypoint_confidence' instead.
  warn_deprecated(
 75%|███████▌  | 563/750 [09:20<04:07,  1.33s/it]/usr/local/lib/python3.12/dist-packages/supervision/key_points/core.py:316: SupervisionWarnings: 'KeyPoints.confidence' is deprecated since 0.29.0 and will be removed in 0.32.0. Use 'KeyPoints.keypoint_confidence' instead.
  warn_deprecated(
/usr/local/lib/python3.12/dist-packages/supervision/key_points/core.py:308: SupervisionWarnings: 'KeyPoints.confidence' is deprecated since 0.29.0 and will be removed in 0.32.0. Use 'KeyPoints.keypoint_confidence' instead.
  warn_deprecated(
/usr/local/lib/python3.12/dist-packages/supervision/key_points/core.py:308: SupervisionWarnings: 'KeyPoints.confidence' is deprecated since 0.29.0 and will be removed in 0.32.0. Use 'KeyPoints.keypoint_confidence' instead.
  warn_deprecated(
/usr/local/lib/python3.12/dist-packages/supervision/key_points/core.py:308: SupervisionWarnings: 'KeyPoints.confidence' is deprecated since 0.29.0 and will be removed in 0.32.0. Use 'KeyPoints.keypoint_confidence' instead.
  warn_deprecated(
/usr/local/lib/python3.12/dist-packages/supervision/key_points/core.py:308: SupervisionWarnings: 'KeyPoints.confidence' is deprecated since 0.29.0 and will be removed in 0.32.0. Use 'KeyPoints.keypoint_confidence' instead.
  warn_deprecated(
 75%|███████▌  | 564/750 [09:22<04:01,  1.30s/it]/usr/local/lib/python3.12/dist-packages/supervision/key_points/core.py:316: SupervisionWarnings: 'KeyPoints.confidence' is deprecated since 0.29.0 and will be removed in 0.32.0. Use 'KeyPoints.keypoint_confidence' instead.
  warn_deprecated(
/usr/local/lib/python3.12/dist-packages/supervision/key_points/core.py:308: SupervisionWarnings: 'KeyPoints.confidence' is deprecated since 0.29.0 and will be removed in 0.32.0. Use 'KeyPoints.keypoint_confidence' instead.
  warn_deprecated(
/usr/local/lib/python3.12/dist-packages/supervision/key_points/core.py:308: SupervisionWarnings: 'KeyPoints.confidence' is deprecated since 0.29.0 and will be removed in 0.32.0. Use 'KeyPoints.keypoint_confidence' instead.
  warn_deprecated(
/usr/local/lib/python3.12/dist-packages/supervision/key_points/core.py:308: SupervisionWarnings: 'KeyPoints.confidence' is deprecated since 0.29.0 and will be removed in 0.32.0. Use 'KeyPoints.keypoint_confidence' instead.
  warn_deprecated(
/usr/local/lib/python3.12/dist-packages/supervision/key_points/core.py:308: SupervisionWarnings: 'KeyPoints.confidence' is deprecated since 0.29.0 and will be removed in 0.32.0. Use 'KeyPoints.keypoint_confidence' instead.
  warn_deprecated(
 75%|███████▌  | 565/750 [09:23<03:59,  1.29s/it]/usr/local/lib/python3.12/dist-packages/supervision/key_points/core.py:316: SupervisionWarnings: 'KeyPoints.confidence' is deprecated since 0.29.0 and will be removed in 0.32.0. Use 'KeyPoints.keypoint_confidence' instead.
  warn_deprecated(
/usr/local/lib/python3.12/dist-packages/supervision/key_points/core.py:308: SupervisionWarnings: 'KeyPoints.confidence' is deprecated since 0.29.0 and will be removed in 0.32.0. Use 'KeyPoints.keypoint_confidence' instead.
  warn_deprecated(
/usr/local/lib/python3.12/dist-packages/supervision/key_points/core.py:308: SupervisionWarnings: 'KeyPoints.confidence' is deprecated since 0.29.0 and will be removed in 0.32.0. Use 'KeyPoints.keypoint_confidence' instead.
  warn_deprecated(
/usr/local/lib/python3.12/dist-packages/supervision/key_points/core.py:308: SupervisionWarnings: 'KeyPoints.confidence' is deprecated since 0.29.0 and will be removed in 0.32.0. Use 'KeyPoints.keypoint_confidence' instead.
  warn_deprecated(
/usr/local/lib/python3.12/dist-packages/supervision/key_points/core.py:308: SupervisionWarnings: 'KeyPoints.confidence' is deprecated since 0.29.0 and will be removed in 0.32.0. Use 'KeyPoints.keypoint_confidence' instead.
  warn_deprecated(
 75%|███████▌  | 566/750 [09:24<03:55,  1.28s/it]/usr/local/lib/python3.12/dist-packages/supervision/key_points/core.py:316: SupervisionWarnings: 'KeyPoints.confidence' is deprecated since 0.29.0 and will be removed in 0.32.0. Use 'KeyPoints.keypoint_confidence' instead.
  warn_deprecated(
/usr/local/lib/python3.12/dist-packages/supervision/key_points/core.py:308: SupervisionWarnings: 'KeyPoints.confidence' is deprecated since 0.29.0 and will be removed in 0.32.0. Use 'KeyPoints.keypoint_confidence' instead.
  warn_deprecated(
/usr/local/lib/python3.12/dist-packages/supervision/key_points/core.py:308: SupervisionWarnings: 'KeyPoints.confidence' is deprecated since 0.29.0 and will be removed in 0.32.0. Use 'KeyPoints.keypoint_confidence' instead.
  warn_deprecated(
/usr/local/lib/python3.12/dist-packages/supervision/key_points/core.py:308: SupervisionWarnings: 'KeyPoints.confidence' is deprecated since 0.29.0 and will be removed in 0.32.0. Use 'KeyPoints.keypoint_confidence' instead.
  warn_deprecated(
/usr/local/lib/python3.12/dist-packages/supervision/key_points/core.py:308: SupervisionWarnings: 'KeyPoints.confidence' is deprecated since 0.29.0 and will be removed in 0.32.0. Use 'KeyPoints.keypoint_confidence' instead.
  warn_deprecated(
 76%|███████▌  | 567/750 [09:25<03:29,  1.15s/it]/usr/local/lib/python3.12/dist-packages/supervision/key_points/core.py:316: SupervisionWarnings: 'KeyPoints.confidence' is deprecated since 0.29.0 and will be removed in 0.32.0. Use 'KeyPoints.keypoint_confidence' instead.
  warn_deprecated(
/usr/local/lib/python3.12/dist-packages/supervision/key_points/core.py:308: SupervisionWarnings: 'KeyPoints.confidence' is deprecated since 0.29.0 and will be removed in 0.32.0. Use 'KeyPoints.keypoint_confidence' instead.
  warn_deprecated(
/usr/local/lib/python3.12/dist-packages/supervision/key_points/core.py:308: SupervisionWarnings: 'KeyPoints.confidence' is deprecated since 0.29.0 and will be removed in 0.32.0. Use 'KeyPoints.keypoint_confidence' instead.
  warn_deprecated(
/usr/local/lib/python3.12/dist-packages/supervision/key_points/core.py:308: SupervisionWarnings: 'KeyPoints.confidence' is deprecated since 0.29.0 and will be removed in 0.32.0. Use 'KeyPoints.keypoint_confidence' instead.
  warn_deprecated(
/usr/local/lib/python3.12/dist-packages/supervision/key_points/core.py:308: SupervisionWarnings: 'KeyPoints.confidence' is deprecated since 0.29.0 and will be removed in 0.32.0. Use 'KeyPoints.keypoint_confidence' instead.
  warn_deprecated(
 76%|███████▌  | 568/750 [09:26<03:11,  1.05s/it]/usr/local/lib/python3.12/dist-packages/supervision/key_points/core.py:316: SupervisionWarnings: 'KeyPoints.confidence' is deprecated since 0.29.0 and will be removed in 0.32.0. Use 'KeyPoints.keypoint_confidence' instead.
  warn_deprecated(
/usr/local/lib/python3.12/dist-packages/supervision/key_points/core.py:308: SupervisionWarnings: 'KeyPoints.confidence' is deprecated since 0.29.0 and will be removed in 0.32.0. Use 'KeyPoints.keypoint_confidence' instead.
  warn_deprecated(
/usr/local/lib/python3.12/dist-packages/supervision/key_points/core.py:308: SupervisionWarnings: 'KeyPoints.confidence' is deprecated since 0.29.0 and will be removed in 0.32.0. Use 'KeyPoints.keypoint_confidence' instead.
  warn_deprecated(
/usr/local/lib/python3.12/dist-packages/supervision/key_points/core.py:308: SupervisionWarnings: 'KeyPoints.confidence' is deprecated since 0.29.0 and will be removed in 0.32.0. Use 'KeyPoints.keypoint_confidence' instead.
  warn_deprecated(
/usr/local/lib/python3.12/dist-packages/supervision/key_points/core.py:308: SupervisionWarnings: 'KeyPoints.confidence' is deprecated since 0.29.0 and will be removed in 0.32.0. Use 'KeyPoints.keypoint_confidence' instead.
  warn_deprecated(
 76%|███████▌  | 569/750 [09:27<02:58,  1.01it/s]/usr/local/lib/python3.12/dist-packages/supervision/key_points/core.py:316: SupervisionWarnings: 'KeyPoints.confidence' is deprecated since 0.29.0 and will be removed in 0.32.0. Use 'KeyPoints.keypoint_confidence' instead.
  warn_deprecated(
/usr/local/lib/python3.12/dist-packages/supervision/key_points/core.py:308: SupervisionWarnings: 'KeyPoints.confidence' is deprecated since 0.29.0 and will be removed in 0.32.0. Use 'KeyPoints.keypoint_confidence' instead.
  warn_deprecated(
/usr/local/lib/python3.12/dist-packages/supervision/key_points/core.py:308: SupervisionWarnings: 'KeyPoints.confidence' is deprecated since 0.29.0 and will be removed in 0.32.0. Use 'KeyPoints.keypoint_confidence' instead.
  warn_deprecated(
/usr/local/lib/python3.12/dist-packages/supervision/key_points/core.py:308: SupervisionWarnings: 'KeyPoints.confidence' is deprecated since 0.29.0 and will be removed in 0.32.0. Use 'KeyPoints.keypoint_confidence' instead.
  warn_deprecated(
/usr/local/lib/python3.12/dist-packages/supervision/key_points/core.py:308: SupervisionWarnings: 'KeyPoints.confidence' is deprecated since 0.29.0 and will be removed in 0.32.0. Use 'KeyPoints.keypoint_confidence' instead.
  warn_deprecated(
 76%|███████▌  | 570/750 [09:27<02:47,  1.07it/s]/usr/local/lib/python3.12/dist-packages/supervision/key_points/core.py:316: SupervisionWarnings: 'KeyPoints.confidence' is deprecated since 0.29.0 and will be removed in 0.32.0. Use 'KeyPoints.keypoint_confidence' instead.
  warn_deprecated(
/usr/local/lib/python3.12/dist-packages/supervision/key_points/core.py:308: SupervisionWarnings: 'KeyPoints.confidence' is deprecated since 0.29.0 and will be removed in 0.32.0. Use 'KeyPoints.keypoint_confidence' instead.
  warn_deprecated(
/usr/local/lib/python3.12/dist-packages/supervision/key_points/core.py:308: SupervisionWarnings: 'KeyPoints.confidence' is deprecated since 0.29.0 and will be removed in 0.32.0. Use 'KeyPoints.keypoint_confidence' instead.
  warn_deprecated(
/usr/local/lib/python3.12/dist-packages/supervision/key_points/core.py:308: SupervisionWarnings: 'KeyPoints.confidence' is deprecated since 0.29.0 and will be removed in 0.32.0. Use 'KeyPoints.keypoint_confidence' instead.
  warn_deprecated(
/usr/local/lib/python3.12/dist-packages/supervision/key_points/core.py:308: SupervisionWarnings: 'KeyPoints.confidence' is deprecated since 0.29.0 and will be removed in 0.32.0. Use 'KeyPoints.keypoint_confidence' instead.
  warn_deprecated(
 76%|███████▌  | 571/750 [09:28<02:37,  1.13it/s]/usr/local/lib/python3.12/dist-packages/supervision/key_points/core.py:316: SupervisionWarnings: 'KeyPoints.confidence' is deprecated since 0.29.0 and will be removed in 0.32.0. Use 'KeyPoints.keypoint_confidence' instead.
  warn_deprecated(
/usr/local/lib/python3.12/dist-packages/supervision/key_points/core.py:308: SupervisionWarnings: 'KeyPoints.confidence' is deprecated since 0.29.0 and will be removed in 0.32.0. Use 'KeyPoints.keypoint_confidence' instead.
  warn_deprecated(
/usr/local/lib/python3.12/dist-packages/supervision/key_points/core.py:308: SupervisionWarnings: 'KeyPoints.confidence' is deprecated since 0.29.0 and will be removed in 0.32.0. Use 'KeyPoints.keypoint_confidence' instead.
  warn_deprecated(
/usr/local/lib/python3.12/dist-packages/supervision/key_points/core.py:308: SupervisionWarnings: 'KeyPoints.confidence' is deprecated since 0.29.0 and will be removed in 0.32.0. Use 'KeyPoints.keypoint_confidence' instead.
  warn_deprecated(
/usr/local/lib/python3.12/dist-packages/supervision/key_points/core.py:308: SupervisionWarnings: 'KeyPoints.confidence' is deprecated since 0.29.0 and will be removed in 0.32.0. Use 'KeyPoints.keypoint_confidence' instead.
  warn_deprecated(
 76%|███████▋  | 572/750 [09:29<02:31,  1.17it/s]/usr/local/lib/python3.12/dist-packages/supervision/key_points/core.py:316: SupervisionWarnings: 'KeyPoints.confidence' is deprecated since 0.29.0 and will be removed in 0.32.0. Use 'KeyPoints.keypoint_confidence' instead.
  warn_deprecated(
/usr/local/lib/python3.12/dist-packages/supervision/key_points/core.py:308: SupervisionWarnings: 'KeyPoints.confidence' is deprecated since 0.29.0 and will be removed in 0.32.0. Use 'KeyPoints.keypoint_confidence' instead.
  warn_deprecated(
/usr/local/lib/python3.12/dist-packages/supervision/key_points/core.py:308: SupervisionWarnings: 'KeyPoints.confidence' is deprecated since 0.29.0 and will be removed in 0.32.0. Use 'KeyPoints.keypoint_confidence' instead.
  warn_deprecated(
/usr/local/lib/python3.12/dist-packages/supervision/key_points/core.py:308: SupervisionWarnings: 'KeyPoints.confidence' is deprecated since 0.29.0 and will be removed in 0.32.0. Use 'KeyPoints.keypoint_confidence' instead.
  warn_deprecated(
/usr/local/lib/python3.12/dist-packages/supervision/key_points/core.py:308: SupervisionWarnings: 'KeyPoints.confidence' is deprecated since 0.29.0 and will be removed in 0.32.0. Use 'KeyPoints.keypoint_confidence' instead.
  warn_deprecated(
 76%|███████▋  | 573/750 [09:30<02:29,  1.18it/s]/usr/local/lib/python3.12/dist-packages/supervision/key_points/core.py:316: SupervisionWarnings: 'KeyPoints.confidence' is deprecated since 0.29.0 and will be removed in 0.32.0. Use 'KeyPoints.keypoint_confidence' instead.
  warn_deprecated(
/usr/local/lib/python3.12/dist-packages/supervision/key_points/core.py:308: SupervisionWarnings: 'KeyPoints.confidence' is deprecated since 0.29.0 and will be removed in 0.32.0. Use 'KeyPoints.keypoint_confidence' instead.
  warn_deprecated(
/usr/local/lib/python3.12/dist-packages/supervision/key_points/core.py:308: SupervisionWarnings: 'KeyPoints.confidence' is deprecated since 0.29.0 and will be removed in 0.32.0. Use 'KeyPoints.keypoint_confidence' instead.
  warn_deprecated(
/usr/local/lib/python3.12/dist-packages/supervision/key_points/core.py:308: SupervisionWarnings: 'KeyPoints.confidence' is deprecated since 0.29.0 and will be removed in 0.32.0. Use 'KeyPoints.keypoint_confidence' instead.
  warn_deprecated(
/usr/local/lib/python3.12/dist-packages/supervision/key_points/core.py:308: SupervisionWarnings: 'KeyPoints.confidence' is deprecated since 0.29.0 and will be removed in 0.32.0. Use 'KeyPoints.keypoint_confidence' instead.
  warn_deprecated(
 77%|███████▋  | 574/750 [09:31<02:55,  1.00it/s]/usr/local/lib/python3.12/dist-packages/supervision/key_points/core.py:316: SupervisionWarnings: 'KeyPoints.confidence' is deprecated since 0.29.0 and will be removed in 0.32.0. Use 'KeyPoints.keypoint_confidence' instead.
  warn_deprecated(
/usr/local/lib/python3.12/dist-packages/supervision/key_points/core.py:308: SupervisionWarnings: 'KeyPoints.confidence' is deprecated since 0.29.0 and will be removed in 0.32.0. Use 'KeyPoints.keypoint_confidence' instead.
  warn_deprecated(
/usr/local/lib/python3.12/dist-packages/supervision/key_points/core.py:308: SupervisionWarnings: 'KeyPoints.confidence' is deprecated since 0.29.0 and will be removed in 0.32.0. Use 'KeyPoints.keypoint_confidence' instead.
  warn_deprecated(
/usr/local/lib/python3.12/dist-packages/supervision/key_points/core.py:308: SupervisionWarnings: 'KeyPoints.confidence' is deprecated since 0.29.0 and will be removed in 0.32.0. Use 'KeyPoints.keypoint_confidence' instead.
  warn_deprecated(
/usr/local/lib/python3.12/dist-packages/supervision/key_points/core.py:308: SupervisionWarnings: 'KeyPoints.confidence' is deprecated since 0.29.0 and will be removed in 0.32.0. Use 'KeyPoints.keypoint_confidence' instead.
  warn_deprecated(
 77%|███████▋  | 575/750 [09:33<03:19,  1.14s/it]/usr/local/lib/python3.12/dist-packages/supervision/key_points/core.py:316: SupervisionWarnings: 'KeyPoints.confidence' is deprecated since 0.29.0 and will be removed in 0.32.0. Use 'KeyPoints.keypoint_confidence' instead.
  warn_deprecated(
/usr/local/lib/python3.12/dist-packages/supervision/key_points/core.py:308: SupervisionWarnings: 'KeyPoints.confidence' is deprecated since 0.29.0 and will be removed in 0.32.0. Use 'KeyPoints.keypoint_confidence' instead.
  warn_deprecated(
/usr/local/lib/python3.12/dist-packages/supervision/key_points/core.py:308: SupervisionWarnings: 'KeyPoints.confidence' is deprecated since 0.29.0 and will be removed in 0.32.0. Use 'KeyPoints.keypoint_confidence' instead.
  warn_deprecated(
/usr/local/lib/python3.12/dist-packages/supervision/key_points/core.py:308: SupervisionWarnings: 'KeyPoints.confidence' is deprecated since 0.29.0 and will be removed in 0.32.0. Use 'KeyPoints.keypoint_confidence' instead.
  warn_deprecated(
/usr/local/lib/python3.12/dist-packages/supervision/key_points/core.py:308: SupervisionWarnings: 'KeyPoints.confidence' is deprecated since 0.29.0 and will be removed in 0.32.0. Use 'KeyPoints.keypoint_confidence' instead.
  warn_deprecated(
 77%|███████▋  | 576/750 [09:34<03:35,  1.24s/it]/usr/local/lib/python3.12/dist-packages/supervision/key_points/core.py:316: SupervisionWarnings: 'KeyPoints.confidence' is deprecated since 0.29.0 and will be removed in 0.32.0. Use 'KeyPoints.keypoint_confidence' instead.
  warn_deprecated(
/usr/local/lib/python3.12/dist-packages/supervision/key_points/core.py:308: SupervisionWarnings: 'KeyPoints.confidence' is deprecated since 0.29.0 and will be removed in 0.32.0. Use 'KeyPoints.keypoint_confidence' instead.
  warn_deprecated(
/usr/local/lib/python3.12/dist-packages/supervision/key_points/core.py:308: SupervisionWarnings: 'KeyPoints.confidence' is deprecated since 0.29.0 and will be removed in 0.32.0. Use 'KeyPoints.keypoint_confidence' instead.
  warn_deprecated(
/usr/local/lib/python3.12/dist-packages/supervision/key_points/core.py:308: SupervisionWarnings: 'KeyPoints.confidence' is deprecated since 0.29.0 and will be removed in 0.32.0. Use 'KeyPoints.keypoint_confidence' instead.
  warn_deprecated(
/usr/local/lib/python3.12/dist-packages/supervision/key_points/core.py:308: SupervisionWarnings: 'KeyPoints.confidence' is deprecated since 0.29.0 and will be removed in 0.32.0. Use 'KeyPoints.keypoint_confidence' instead.
  warn_deprecated(
 77%|███████▋  | 577/750 [09:35<03:13,  1.12s/it]/usr/local/lib/python3.12/dist-packages/supervision/key_points/core.py:316: SupervisionWarnings: 'KeyPoints.confidence' is deprecated since 0.29.0 and will be removed in 0.32.0. Use 'KeyPoints.keypoint_confidence' instead.
  warn_deprecated(
/usr/local/lib/python3.12/dist-packages/supervision/key_points/core.py:308: SupervisionWarnings: 'KeyPoints.confidence' is deprecated since 0.29.0 and will be removed in 0.32.0. Use 'KeyPoints.keypoint_confidence' instead.
  warn_deprecated(
/usr/local/lib/python3.12/dist-packages/supervision/key_points/core.py:308: SupervisionWarnings: 'KeyPoints.confidence' is deprecated since 0.29.0 and will be removed in 0.32.0. Use 'KeyPoints.keypoint_confidence' instead.
  warn_deprecated(
/usr/local/lib/python3.12/dist-packages/supervision/key_points/core.py:308: SupervisionWarnings: 'KeyPoints.confidence' is deprecated since 0.29.0 and will be removed in 0.32.0. Use 'KeyPoints.keypoint_confidence' instead.
  warn_deprecated(
/usr/local/lib/python3.12/dist-packages/supervision/key_points/core.py:308: SupervisionWarnings: 'KeyPoints.confidence' is deprecated since 0.29.0 and will be removed in 0.32.0. Use 'KeyPoints.keypoint_confidence' instead.
  warn_deprecated(
 77%|███████▋  | 578/750 [09:36<02:56,  1.03s/it]/usr/local/lib/python3.12/dist-packages/supervision/key_points/core.py:316: SupervisionWarnings: 'KeyPoints.confidence' is deprecated since 0.29.0 and will be removed in 0.32.0. Use 'KeyPoints.keypoint_confidence' instead.
  warn_deprecated(
/usr/local/lib/python3.12/dist-packages/supervision/key_points/core.py:308: SupervisionWarnings: 'KeyPoints.confidence' is deprecated since 0.29.0 and will be removed in 0.32.0. Use 'KeyPoints.keypoint_confidence' instead.
  warn_deprecated(
/usr/local/lib/python3.12/dist-packages/supervision/key_points/core.py:308: SupervisionWarnings: 'KeyPoints.confidence' is deprecated since 0.29.0 and will be removed in 0.32.0. Use 'KeyPoints.keypoint_confidence' instead.
  warn_deprecated(
/usr/local/lib/python3.12/dist-packages/supervision/key_points/core.py:308: SupervisionWarnings: 'KeyPoints.confidence' is deprecated since 0.29.0 and will be removed in 0.32.0. Use 'KeyPoints.keypoint_confidence' instead.
  warn_deprecated(
/usr/local/lib/python3.12/dist-packages/supervision/key_points/core.py:308: SupervisionWarnings: 'KeyPoints.confidence' is deprecated since 0.29.0 and will be removed in 0.32.0. Use 'KeyPoints.keypoint_confidence' instead.
  warn_deprecated(
 77%|███████▋  | 579/750 [09:37<02:45,  1.03it/s]/usr/local/lib/python3.12/dist-packages/supervision/key_points/core.py:316: SupervisionWarnings: 'KeyPoints.confidence' is deprecated since 0.29.0 and will be removed in 0.32.0. Use 'KeyPoints.keypoint_confidence' instead.
  warn_deprecated(
/usr/local/lib/python3.12/dist-packages/supervision/key_points/core.py:308: SupervisionWarnings: 'KeyPoints.confidence' is deprecated since 0.29.0 and will be removed in 0.32.0. Use 'KeyPoints.keypoint_confidence' instead.
  warn_deprecated(
/usr/local/lib/python3.12/dist-packages/supervision/key_points/core.py:308: SupervisionWarnings: 'KeyPoints.confidence' is deprecated since 0.29.0 and will be removed in 0.32.0. Use 'KeyPoints.keypoint_confidence' instead.
  warn_deprecated(
/usr/local/lib/python3.12/dist-packages/supervision/key_points/core.py:308: SupervisionWarnings: 'KeyPoints.confidence' is deprecated since 0.29.0 and will be removed in 0.32.0. Use 'KeyPoints.keypoint_confidence' instead.
  warn_deprecated(
/usr/local/lib/python3.12/dist-packages/supervision/key_points/core.py:308: SupervisionWarnings: 'KeyPoints.confidence' is deprecated since 0.29.0 and will be removed in 0.32.0. Use 'KeyPoints.keypoint_confidence' instead.
  warn_deprecated(
 77%|███████▋  | 580/750 [09:38<02:58,  1.05s/it]/usr/local/lib/python3.12/dist-packages/supervision/key_points/core.py:316: SupervisionWarnings: 'KeyPoints.confidence' is deprecated since 0.29.0 and will be removed in 0.32.0. Use 'KeyPoints.keypoint_confidence' instead.
  warn_deprecated(
/usr/local/lib/python3.12/dist-packages/supervision/key_points/core.py:308: SupervisionWarnings: 'KeyPoints.confidence' is deprecated since 0.29.0 and will be removed in 0.32.0. Use 'KeyPoints.keypoint_confidence' instead.
  warn_deprecated(
/usr/local/lib/python3.12/dist-packages/supervision/key_points/core.py:308: SupervisionWarnings: 'KeyPoints.confidence' is deprecated since 0.29.0 and will be removed in 0.32.0. Use 'KeyPoints.keypoint_confidence' instead.
  warn_deprecated(
/usr/local/lib/python3.12/dist-packages/supervision/key_points/core.py:308: SupervisionWarnings: 'KeyPoints.confidence' is deprecated since 0.29.0 and will be removed in 0.32.0. Use 'KeyPoints.keypoint_confidence' instead.
  warn_deprecated(
/usr/local/lib/python3.12/dist-packages/supervision/key_points/core.py:308: SupervisionWarnings: 'KeyPoints.confidence' is deprecated since 0.29.0 and will be removed in 0.32.0. Use 'KeyPoints.keypoint_confidence' instead.
  warn_deprecated(
 77%|███████▋  | 581/750 [09:39<03:07,  1.11s/it]/usr/local/lib/python3.12/dist-packages/supervision/key_points/core.py:316: SupervisionWarnings: 'KeyPoints.confidence' is deprecated since 0.29.0 and will be removed in 0.32.0. Use 'KeyPoints.keypoint_confidence' instead.
  warn_deprecated(
/usr/local/lib/python3.12/dist-packages/supervision/key_points/core.py:308: SupervisionWarnings: 'KeyPoints.confidence' is deprecated since 0.29.0 and will be removed in 0.32.0. Use 'KeyPoints.keypoint_confidence' instead.
  warn_deprecated(
/usr/local/lib/python3.12/dist-packages/supervision/key_points/core.py:308: SupervisionWarnings: 'KeyPoints.confidence' is deprecated since 0.29.0 and will be removed in 0.32.0. Use 'KeyPoints.keypoint_confidence' instead.
  warn_deprecated(
/usr/local/lib/python3.12/dist-packages/supervision/key_points/core.py:308: SupervisionWarnings: 'KeyPoints.confidence' is deprecated since 0.29.0 and will be removed in 0.32.0. Use 'KeyPoints.keypoint_confidence' instead.
  warn_deprecated(
/usr/local/lib/python3.12/dist-packages/supervision/key_points/core.py:308: SupervisionWarnings: 'KeyPoints.confidence' is deprecated since 0.29.0 and will be removed in 0.32.0. Use 'KeyPoints.keypoint_confidence' instead.
  warn_deprecated(
 78%|███████▊  | 582/750 [09:40<03:12,  1.14s/it]/usr/local/lib/python3.12/dist-packages/supervision/key_points/core.py:316: SupervisionWarnings: 'KeyPoints.confidence' is deprecated since 0.29.0 and will be removed in 0.32.0. Use 'KeyPoints.keypoint_confidence' instead.
  warn_deprecated(
/usr/local/lib/python3.12/dist-packages/supervision/key_points/core.py:308: SupervisionWarnings: 'KeyPoints.confidence' is deprecated since 0.29.0 and will be removed in 0.32.0. Use 'KeyPoints.keypoint_confidence' instead.
  warn_deprecated(
/usr/local/lib/python3.12/dist-packages/supervision/key_points/core.py:308: SupervisionWarnings: 'KeyPoints.confidence' is deprecated since 0.29.0 and will be removed in 0.32.0. Use 'KeyPoints.keypoint_confidence' instead.
  warn_deprecated(
/usr/local/lib/python3.12/dist-packages/supervision/key_points/core.py:308: SupervisionWarnings: 'KeyPoints.confidence' is deprecated since 0.29.0 and will be removed in 0.32.0. Use 'KeyPoints.keypoint_confidence' instead.
  warn_deprecated(
/usr/local/lib/python3.12/dist-packages/supervision/key_points/core.py:308: SupervisionWarnings: 'KeyPoints.confidence' is deprecated since 0.29.0 and will be removed in 0.32.0. Use 'KeyPoints.keypoint_confidence' instead.
  warn_deprecated(
 78%|███████▊  | 583/750 [09:41<03:15,  1.17s/it]/usr/local/lib/python3.12/dist-packages/supervision/key_points/core.py:316: SupervisionWarnings: 'KeyPoints.confidence' is deprecated since 0.29.0 and will be removed in 0.32.0. Use 'KeyPoints.keypoint_confidence' instead.
  warn_deprecated(
/usr/local/lib/python3.12/dist-packages/supervision/key_points/core.py:308: SupervisionWarnings: 'KeyPoints.confidence' is deprecated since 0.29.0 and will be removed in 0.32.0. Use 'KeyPoints.keypoint_confidence' instead.
  warn_deprecated(
/usr/local/lib/python3.12/dist-packages/supervision/key_points/core.py:308: SupervisionWarnings: 'KeyPoints.confidence' is deprecated since 0.29.0 and will be removed in 0.32.0. Use 'KeyPoints.keypoint_confidence' instead.
  warn_deprecated(
/usr/local/lib/python3.12/dist-packages/supervision/key_points/core.py:308: SupervisionWarnings: 'KeyPoints.confidence' is deprecated since 0.29.0 and will be removed in 0.32.0. Use 'KeyPoints.keypoint_confidence' instead.
  warn_deprecated(
/usr/local/lib/python3.12/dist-packages/supervision/key_points/core.py:308: SupervisionWarnings: 'KeyPoints.confidence' is deprecated since 0.29.0 and will be removed in 0.32.0. Use 'KeyPoints.keypoint_confidence' instead.
  warn_deprecated(
 78%|███████▊  | 584/750 [09:43<03:16,  1.18s/it]/usr/local/lib/python3.12/dist-packages/supervision/key_points/core.py:316: SupervisionWarnings: 'KeyPoints.confidence' is deprecated since 0.29.0 and will be removed in 0.32.0. Use 'KeyPoints.keypoint_confidence' instead.
  warn_deprecated(
/usr/local/lib/python3.12/dist-packages/supervision/key_points/core.py:308: SupervisionWarnings: 'KeyPoints.confidence' is deprecated since 0.29.0 and will be removed in 0.32.0. Use 'KeyPoints.keypoint_confidence' instead.
  warn_deprecated(
/usr/local/lib/python3.12/dist-packages/supervision/key_points/core.py:308: SupervisionWarnings: 'KeyPoints.confidence' is deprecated since 0.29.0 and will be removed in 0.32.0. Use 'KeyPoints.keypoint_confidence' instead.
  warn_deprecated(
/usr/local/lib/python3.12/dist-packages/supervision/key_points/core.py:308: SupervisionWarnings: 'KeyPoints.confidence' is deprecated since 0.29.0 and will be removed in 0.32.0. Use 'KeyPoints.keypoint_confidence' instead.
  warn_deprecated(
/usr/local/lib/python3.12/dist-packages/supervision/key_points/core.py:308: SupervisionWarnings: 'KeyPoints.confidence' is deprecated since 0.29.0 and will be removed in 0.32.0. Use 'KeyPoints.keypoint_confidence' instead.
  warn_deprecated(
 78%|███████▊  | 585/750 [09:44<03:18,  1.20s/it]/usr/local/lib/python3.12/dist-packages/supervision/key_points/core.py:316: SupervisionWarnings: 'KeyPoints.confidence' is deprecated since 0.29.0 and will be removed in 0.32.0. Use 'KeyPoints.keypoint_confidence' instead.
  warn_deprecated(
/usr/local/lib/python3.12/dist-packages/supervision/key_points/core.py:308: SupervisionWarnings: 'KeyPoints.confidence' is deprecated since 0.29.0 and will be removed in 0.32.0. Use 'KeyPoints.keypoint_confidence' instead.
  warn_deprecated(
/usr/local/lib/python3.12/dist-packages/supervision/key_points/core.py:308: SupervisionWarnings: 'KeyPoints.confidence' is deprecated since 0.29.0 and will be removed in 0.32.0. Use 'KeyPoints.keypoint_confidence' instead.
  warn_deprecated(
/usr/local/lib/python3.12/dist-packages/supervision/key_points/core.py:308: SupervisionWarnings: 'KeyPoints.confidence' is deprecated since 0.29.0 and will be removed in 0.32.0. Use 'KeyPoints.keypoint_confidence' instead.
  warn_deprecated(
/usr/local/lib/python3.12/dist-packages/supervision/key_points/core.py:308: SupervisionWarnings: 'KeyPoints.confidence' is deprecated since 0.29.0 and will be removed in 0.32.0. Use 'KeyPoints.keypoint_confidence' instead.
  warn_deprecated(
 78%|███████▊  | 586/750 [09:45<03:21,  1.23s/it]/usr/local/lib/python3.12/dist-packages/supervision/key_points/core.py:316: SupervisionWarnings: 'KeyPoints.confidence' is deprecated since 0.29.0 and will be removed in 0.32.0. Use 'KeyPoints.keypoint_confidence' instead.
  warn_deprecated(
/usr/local/lib/python3.12/dist-packages/supervision/key_points/core.py:308: SupervisionWarnings: 'KeyPoints.confidence' is deprecated since 0.29.0 and will be removed in 0.32.0. Use 'KeyPoints.keypoint_confidence' instead.
  warn_deprecated(
/usr/local/lib/python3.12/dist-packages/supervision/key_points/core.py:308: SupervisionWarnings: 'KeyPoints.confidence' is deprecated since 0.29.0 and will be removed in 0.32.0. Use 'KeyPoints.keypoint_confidence' instead.
  warn_deprecated(
/usr/local/lib/python3.12/dist-packages/supervision/key_points/core.py:308: SupervisionWarnings: 'KeyPoints.confidence' is deprecated since 0.29.0 and will be removed in 0.32.0. Use 'KeyPoints.keypoint_confidence' instead.
  warn_deprecated(
/usr/local/lib/python3.12/dist-packages/supervision/key_points/core.py:308: SupervisionWarnings: 'KeyPoints.confidence' is deprecated since 0.29.0 and will be removed in 0.32.0. Use 'KeyPoints.keypoint_confidence' instead.
  warn_deprecated(
 78%|███████▊  | 587/750 [09:47<03:31,  1.30s/it]/usr/local/lib/python3.12/dist-packages/supervision/key_points/core.py:316: SupervisionWarnings: 'KeyPoints.confidence' is deprecated since 0.29.0 and will be removed in 0.32.0. Use 'KeyPoints.keypoint_confidence' instead.
  warn_deprecated(
/usr/local/lib/python3.12/dist-packages/supervision/key_points/core.py:308: SupervisionWarnings: 'KeyPoints.confidence' is deprecated since 0.29.0 and will be removed in 0.32.0. Use 'KeyPoints.keypoint_confidence' instead.
  warn_deprecated(
/usr/local/lib/python3.12/dist-packages/supervision/key_points/core.py:308: SupervisionWarnings: 'KeyPoints.confidence' is deprecated since 0.29.0 and will be removed in 0.32.0. Use 'KeyPoints.keypoint_confidence' instead.
  warn_deprecated(
/usr/local/lib/python3.12/dist-packages/supervision/key_points/core.py:308: SupervisionWarnings: 'KeyPoints.confidence' is deprecated since 0.29.0 and will be removed in 0.32.0. Use 'KeyPoints.keypoint_confidence' instead.
  warn_deprecated(
/usr/local/lib/python3.12/dist-packages/supervision/key_points/core.py:308: SupervisionWarnings: 'KeyPoints.confidence' is deprecated since 0.29.0 and will be removed in 0.32.0. Use 'KeyPoints.keypoint_confidence' instead.
  warn_deprecated(
 78%|███████▊  | 588/750 [09:48<03:38,  1.35s/it]/usr/local/lib/python3.12/dist-packages/supervision/key_points/core.py:316: SupervisionWarnings: 'KeyPoints.confidence' is deprecated since 0.29.0 and will be removed in 0.32.0. Use 'KeyPoints.keypoint_confidence' instead.
  warn_deprecated(
/usr/local/lib/python3.12/dist-packages/supervision/key_points/core.py:308: SupervisionWarnings: 'KeyPoints.confidence' is deprecated since 0.29.0 and will be removed in 0.32.0. Use 'KeyPoints.keypoint_confidence' instead.
  warn_deprecated(
/usr/local/lib/python3.12/dist-packages/supervision/key_points/core.py:308: SupervisionWarnings: 'KeyPoints.confidence' is deprecated since 0.29.0 and will be removed in 0.32.0. Use 'KeyPoints.keypoint_confidence' instead.
  warn_deprecated(
/usr/local/lib/python3.12/dist-packages/supervision/key_points/core.py:308: SupervisionWarnings: 'KeyPoints.confidence' is deprecated since 0.29.0 and will be removed in 0.32.0. Use 'KeyPoints.keypoint_confidence' instead.
  warn_deprecated(
/usr/local/lib/python3.12/dist-packages/supervision/key_points/core.py:308: SupervisionWarnings: 'KeyPoints.confidence' is deprecated since 0.29.0 and will be removed in 0.32.0. Use 'KeyPoints.keypoint_confidence' instead.
  warn_deprecated(
 79%|███████▊  | 589/750 [09:49<03:35,  1.34s/it]/usr/local/lib/python3.12/dist-packages/supervision/key_points/core.py:316: SupervisionWarnings: 'KeyPoints.confidence' is deprecated since 0.29.0 and will be removed in 0.32.0. Use 'KeyPoints.keypoint_confidence' instead.
  warn_deprecated(
/usr/local/lib/python3.12/dist-packages/supervision/key_points/core.py:308: SupervisionWarnings: 'KeyPoints.confidence' is deprecated since 0.29.0 and will be removed in 0.32.0. Use 'KeyPoints.keypoint_confidence' instead.
  warn_deprecated(
/usr/local/lib/python3.12/dist-packages/supervision/key_points/core.py:308: SupervisionWarnings: 'KeyPoints.confidence' is deprecated since 0.29.0 and will be removed in 0.32.0. Use 'KeyPoints.keypoint_confidence' instead.
  warn_deprecated(
/usr/local/lib/python3.12/dist-packages/supervision/key_points/core.py:308: SupervisionWarnings: 'KeyPoints.confidence' is deprecated since 0.29.0 and will be removed in 0.32.0. Use 'KeyPoints.keypoint_confidence' instead.
  warn_deprecated(
/usr/local/lib/python3.12/dist-packages/supervision/key_points/core.py:308: SupervisionWarnings: 'KeyPoints.confidence' is deprecated since 0.29.0 and will be removed in 0.32.0. Use 'KeyPoints.keypoint_confidence' instead.
  warn_deprecated(
 79%|███████▊  | 590/750 [09:51<03:29,  1.31s/it]/usr/local/lib/python3.12/dist-packages/supervision/key_points/core.py:316: SupervisionWarnings: 'KeyPoints.confidence' is deprecated since 0.29.0 and will be removed in 0.32.0. Use 'KeyPoints.keypoint_confidence' instead.
  warn_deprecated(
/usr/local/lib/python3.12/dist-packages/supervision/key_points/core.py:308: SupervisionWarnings: 'KeyPoints.confidence' is deprecated since 0.29.0 and will be removed in 0.32.0. Use 'KeyPoints.keypoint_confidence' instead.
  warn_deprecated(
/usr/local/lib/python3.12/dist-packages/supervision/key_points/core.py:308: SupervisionWarnings: 'KeyPoints.confidence' is deprecated since 0.29.0 and will be removed in 0.32.0. Use 'KeyPoints.keypoint_confidence' instead.
  warn_deprecated(
/usr/local/lib/python3.12/dist-packages/supervision/key_points/core.py:308: SupervisionWarnings: 'KeyPoints.confidence' is deprecated since 0.29.0 and will be removed in 0.32.0. Use 'KeyPoints.keypoint_confidence' instead.
  warn_deprecated(
/usr/local/lib/python3.12/dist-packages/supervision/key_points/core.py:308: SupervisionWarnings: 'KeyPoints.confidence' is deprecated since 0.29.0 and will be removed in 0.32.0. Use 'KeyPoints.keypoint_confidence' instead.
  warn_deprecated(
 79%|███████▉  | 591/750 [09:51<03:01,  1.14s/it]/usr/local/lib/python3.12/dist-packages/supervision/key_points/core.py:316: SupervisionWarnings: 'KeyPoints.confidence' is deprecated since 0.29.0 and will be removed in 0.32.0. Use 'KeyPoints.keypoint_confidence' instead.
  warn_deprecated(
/usr/local/lib/python3.12/dist-packages/supervision/key_points/core.py:308: SupervisionWarnings: 'KeyPoints.confidence' is deprecated since 0.29.0 and will be removed in 0.32.0. Use 'KeyPoints.keypoint_confidence' instead.
  warn_deprecated(
/usr/local/lib/python3.12/dist-packages/supervision/key_points/core.py:308: SupervisionWarnings: 'KeyPoints.confidence' is deprecated since 0.29.0 and will be removed in 0.32.0. Use 'KeyPoints.keypoint_confidence' instead.
  warn_deprecated(
/usr/local/lib/python3.12/dist-packages/supervision/key_points/core.py:308: SupervisionWarnings: 'KeyPoints.confidence' is deprecated since 0.29.0 and will be removed in 0.32.0. Use 'KeyPoints.keypoint_confidence' instead.
  warn_deprecated(
/usr/local/lib/python3.12/dist-packages/supervision/key_points/core.py:308: SupervisionWarnings: 'KeyPoints.confidence' is deprecated since 0.29.0 and will be removed in 0.32.0. Use 'KeyPoints.keypoint_confidence' instead.
  warn_deprecated(
 79%|███████▉  | 592/750 [09:52<02:44,  1.04s/it]/usr/local/lib/python3.12/dist-packages/supervision/key_points/core.py:316: SupervisionWarnings: 'KeyPoints.confidence' is deprecated since 0.29.0 and will be removed in 0.32.0. Use 'KeyPoints.keypoint_confidence' instead.
  warn_deprecated(
/usr/local/lib/python3.12/dist-packages/supervision/key_points/core.py:308: SupervisionWarnings: 'KeyPoints.confidence' is deprecated since 0.29.0 and will be removed in 0.32.0. Use 'KeyPoints.keypoint_confidence' instead.
  warn_deprecated(
/usr/local/lib/python3.12/dist-packages/supervision/key_points/core.py:308: SupervisionWarnings: 'KeyPoints.confidence' is deprecated since 0.29.0 and will be removed in 0.32.0. Use 'KeyPoints.keypoint_confidence' instead.
  warn_deprecated(
/usr/local/lib/python3.12/dist-packages/supervision/key_points/core.py:308: SupervisionWarnings: 'KeyPoints.confidence' is deprecated since 0.29.0 and will be removed in 0.32.0. Use 'KeyPoints.keypoint_confidence' instead.
  warn_deprecated(
/usr/local/lib/python3.12/dist-packages/supervision/key_points/core.py:308: SupervisionWarnings: 'KeyPoints.confidence' is deprecated since 0.29.0 and will be removed in 0.32.0. Use 'KeyPoints.keypoint_confidence' instead.
  warn_deprecated(
 79%|███████▉  | 593/750 [09:53<02:31,  1.03it/s]/usr/local/lib/python3.12/dist-packages/supervision/key_points/core.py:316: SupervisionWarnings: 'KeyPoints.confidence' is deprecated since 0.29.0 and will be removed in 0.32.0. Use 'KeyPoints.keypoint_confidence' instead.
  warn_deprecated(
/usr/local/lib/python3.12/dist-packages/supervision/key_points/core.py:308: SupervisionWarnings: 'KeyPoints.confidence' is deprecated since 0.29.0 and will be removed in 0.32.0. Use 'KeyPoints.keypoint_confidence' instead.
  warn_deprecated(
/usr/local/lib/python3.12/dist-packages/supervision/key_points/core.py:308: SupervisionWarnings: 'KeyPoints.confidence' is deprecated since 0.29.0 and will be removed in 0.32.0. Use 'KeyPoints.keypoint_confidence' instead.
  warn_deprecated(
/usr/local/lib/python3.12/dist-packages/supervision/key_points/core.py:308: SupervisionWarnings: 'KeyPoints.confidence' is deprecated since 0.29.0 and will be removed in 0.32.0. Use 'KeyPoints.keypoint_confidence' instead.
  warn_deprecated(
/usr/local/lib/python3.12/dist-packages/supervision/key_points/core.py:308: SupervisionWarnings: 'KeyPoints.confidence' is deprecated since 0.29.0 and will be removed in 0.32.0. Use 'KeyPoints.keypoint_confidence' instead.
  warn_deprecated(
 79%|███████▉  | 594/750 [09:54<02:21,  1.10it/s]/usr/local/lib/python3.12/dist-packages/supervision/key_points/core.py:316: SupervisionWarnings: 'KeyPoints.confidence' is deprecated since 0.29.0 and will be removed in 0.32.0. Use 'KeyPoints.keypoint_confidence' instead.
  warn_deprecated(
/usr/local/lib/python3.12/dist-packages/supervision/key_points/core.py:308: SupervisionWarnings: 'KeyPoints.confidence' is deprecated since 0.29.0 and will be removed in 0.32.0. Use 'KeyPoints.keypoint_confidence' instead.
  warn_deprecated(
/usr/local/lib/python3.12/dist-packages/supervision/key_points/core.py:308: SupervisionWarnings: 'KeyPoints.confidence' is deprecated since 0.29.0 and will be removed in 0.32.0. Use 'KeyPoints.keypoint_confidence' instead.
  warn_deprecated(
/usr/local/lib/python3.12/dist-packages/supervision/key_points/core.py:308: SupervisionWarnings: 'KeyPoints.confidence' is deprecated since 0.29.0 and will be removed in 0.32.0. Use 'KeyPoints.keypoint_confidence' instead.
  warn_deprecated(
/usr/local/lib/python3.12/dist-packages/supervision/key_points/core.py:308: SupervisionWarnings: 'KeyPoints.confidence' is deprecated since 0.29.0 and will be removed in 0.32.0. Use 'KeyPoints.keypoint_confidence' instead.
  warn_deprecated(
 79%|███████▉  | 595/750 [09:55<02:15,  1.14it/s]/usr/local/lib/python3.12/dist-packages/supervision/key_points/core.py:316: SupervisionWarnings: 'KeyPoints.confidence' is deprecated since 0.29.0 and will be removed in 0.32.0. Use 'KeyPoints.keypoint_confidence' instead.
  warn_deprecated(
/usr/local/lib/python3.12/dist-packages/supervision/key_points/core.py:308: SupervisionWarnings: 'KeyPoints.confidence' is deprecated since 0.29.0 and will be removed in 0.32.0. Use 'KeyPoints.keypoint_confidence' instead.
  warn_deprecated(
/usr/local/lib/python3.12/dist-packages/supervision/key_points/core.py:308: SupervisionWarnings: 'KeyPoints.confidence' is deprecated since 0.29.0 and will be removed in 0.32.0. Use 'KeyPoints.keypoint_confidence' instead.
  warn_deprecated(
/usr/local/lib/python3.12/dist-packages/supervision/key_points/core.py:308: SupervisionWarnings: 'KeyPoints.confidence' is deprecated since 0.29.0 and will be removed in 0.32.0. Use 'KeyPoints.keypoint_confidence' instead.
  warn_deprecated(
/usr/local/lib/python3.12/dist-packages/supervision/key_points/core.py:308: SupervisionWarnings: 'KeyPoints.confidence' is deprecated since 0.29.0 and will be removed in 0.32.0. Use 'KeyPoints.keypoint_confidence' instead.
  warn_deprecated(
 79%|███████▉  | 596/750 [09:55<02:11,  1.17it/s]/usr/local/lib/python3.12/dist-packages/supervision/key_points/core.py:316: SupervisionWarnings: 'KeyPoints.confidence' is deprecated since 0.29.0 and will be removed in 0.32.0. Use 'KeyPoints.keypoint_confidence' instead.
  warn_deprecated(
/usr/local/lib/python3.12/dist-packages/supervision/key_points/core.py:308: SupervisionWarnings: 'KeyPoints.confidence' is deprecated since 0.29.0 and will be removed in 0.32.0. Use 'KeyPoints.keypoint_confidence' instead.
  warn_deprecated(
/usr/local/lib/python3.12/dist-packages/supervision/key_points/core.py:308: SupervisionWarnings: 'KeyPoints.confidence' is deprecated since 0.29.0 and will be removed in 0.32.0. Use 'KeyPoints.keypoint_confidence' instead.
  warn_deprecated(
/usr/local/lib/python3.12/dist-packages/supervision/key_points/core.py:308: SupervisionWarnings: 'KeyPoints.confidence' is deprecated since 0.29.0 and will be removed in 0.32.0. Use 'KeyPoints.keypoint_confidence' instead.
  warn_deprecated(
/usr/local/lib/python3.12/dist-packages/supervision/key_points/core.py:308: SupervisionWarnings: 'KeyPoints.confidence' is deprecated since 0.29.0 and will be removed in 0.32.0. Use 'KeyPoints.keypoint_confidence' instead.
  warn_deprecated(
 80%|███████▉  | 597/750 [09:57<02:26,  1.05it/s]/usr/local/lib/python3.12/dist-packages/supervision/key_points/core.py:316: SupervisionWarnings: 'KeyPoints.confidence' is deprecated since 0.29.0 and will be removed in 0.32.0. Use 'KeyPoints.keypoint_confidence' instead.
  warn_deprecated(
/usr/local/lib/python3.12/dist-packages/supervision/key_points/core.py:308: SupervisionWarnings: 'KeyPoints.confidence' is deprecated since 0.29.0 and will be removed in 0.32.0. Use 'KeyPoints.keypoint_confidence' instead.
  warn_deprecated(
/usr/local/lib/python3.12/dist-packages/supervision/key_points/core.py:308: SupervisionWarnings: 'KeyPoints.confidence' is deprecated since 0.29.0 and will be removed in 0.32.0. Use 'KeyPoints.keypoint_confidence' instead.
  warn_deprecated(
/usr/local/lib/python3.12/dist-packages/supervision/key_points/core.py:308: SupervisionWarnings: 'KeyPoints.confidence' is deprecated since 0.29.0 and will be removed in 0.32.0. Use 'KeyPoints.keypoint_confidence' instead.
  warn_deprecated(
/usr/local/lib/python3.12/dist-packages/supervision/key_points/core.py:308: SupervisionWarnings: 'KeyPoints.confidence' is deprecated since 0.29.0 and will be removed in 0.32.0. Use 'KeyPoints.keypoint_confidence' instead.
  warn_deprecated(
 80%|███████▉  | 598/750 [09:58<02:37,  1.03s/it]/usr/local/lib/python3.12/dist-packages/supervision/key_points/core.py:316: SupervisionWarnings: 'KeyPoints.confidence' is deprecated since 0.29.0 and will be removed in 0.32.0. Use 'KeyPoints.keypoint_confidence' instead.
  warn_deprecated(
/usr/local/lib/python3.12/dist-packages/supervision/key_points/core.py:308: SupervisionWarnings: 'KeyPoints.confidence' is deprecated since 0.29.0 and will be removed in 0.32.0. Use 'KeyPoints.keypoint_confidence' instead.
  warn_deprecated(
/usr/local/lib/python3.12/dist-packages/supervision/key_points/core.py:308: SupervisionWarnings: 'KeyPoints.confidence' is deprecated since 0.29.0 and will be removed in 0.32.0. Use 'KeyPoints.keypoint_confidence' instead.
  warn_deprecated(
/usr/local/lib/python3.12/dist-packages/supervision/key_points/core.py:308: SupervisionWarnings: 'KeyPoints.confidence' is deprecated since 0.29.0 and will be removed in 0.32.0. Use 'KeyPoints.keypoint_confidence' instead.
  warn_deprecated(
/usr/local/lib/python3.12/dist-packages/supervision/key_points/core.py:308: SupervisionWarnings: 'KeyPoints.confidence' is deprecated since 0.29.0 and will be removed in 0.32.0. Use 'KeyPoints.keypoint_confidence' instead.
  warn_deprecated(
 80%|███████▉  | 599/750 [09:59<02:46,  1.10s/it]/usr/local/lib/python3.12/dist-packages/supervision/key_points/core.py:316: SupervisionWarnings: 'KeyPoints.confidence' is deprecated since 0.29.0 and will be removed in 0.32.0. Use 'KeyPoints.keypoint_confidence' instead.
  warn_deprecated(
/usr/local/lib/python3.12/dist-packages/supervision/key_points/core.py:308: SupervisionWarnings: 'KeyPoints.confidence' is deprecated since 0.29.0 and will be removed in 0.32.0. Use 'KeyPoints.keypoint_confidence' instead.
  warn_deprecated(
/usr/local/lib/python3.12/dist-packages/supervision/key_points/core.py:308: SupervisionWarnings: 'KeyPoints.confidence' is deprecated since 0.29.0 and will be removed in 0.32.0. Use 'KeyPoints.keypoint_confidence' instead.
  warn_deprecated(
/usr/local/lib/python3.12/dist-packages/supervision/key_points/core.py:308: SupervisionWarnings: 'KeyPoints.confidence' is deprecated since 0.29.0 and will be removed in 0.32.0. Use 'KeyPoints.keypoint_confidence' instead.
  warn_deprecated(
/usr/local/lib/python3.12/dist-packages/supervision/key_points/core.py:308: SupervisionWarnings: 'KeyPoints.confidence' is deprecated since 0.29.0 and will be removed in 0.32.0. Use 'KeyPoints.keypoint_confidence' instead.
  warn_deprecated(
 80%|████████  | 600/750 [10:00<02:58,  1.19s/it]/usr/local/lib/python3.12/dist-packages/supervision/key_points/core.py:316: SupervisionWarnings: 'KeyPoints.confidence' is deprecated since 0.29.0 and will be removed in 0.32.0. Use 'KeyPoints.keypoint_confidence' instead.
  warn_deprecated(
/usr/local/lib/python3.12/dist-packages/supervision/key_points/core.py:308: SupervisionWarnings: 'KeyPoints.confidence' is deprecated since 0.29.0 and will be removed in 0.32.0. Use 'KeyPoints.keypoint_confidence' instead.
  warn_deprecated(
/usr/local/lib/python3.12/dist-packages/supervision/key_points/core.py:308: SupervisionWarnings: 'KeyPoints.confidence' is deprecated since 0.29.0 and will be removed in 0.32.0. Use 'KeyPoints.keypoint_confidence' instead.
  warn_deprecated(
/usr/local/lib/python3.12/dist-packages/supervision/key_points/core.py:308: SupervisionWarnings: 'KeyPoints.confidence' is deprecated since 0.29.0 and will be removed in 0.32.0. Use 'KeyPoints.keypoint_confidence' instead.
  warn_deprecated(
/usr/local/lib/python3.12/dist-packages/supervision/key_points/core.py:308: SupervisionWarnings: 'KeyPoints.confidence' is deprecated since 0.29.0 and will be removed in 0.32.0. Use 'KeyPoints.keypoint_confidence' instead.
  warn_deprecated(
 80%|████████  | 601/750 [10:02<03:08,  1.27s/it]/usr/local/lib/python3.12/dist-packages/supervision/key_points/core.py:316: SupervisionWarnings: 'KeyPoints.confidence' is deprecated since 0.29.0 and will be removed in 0.32.0. Use 'KeyPoints.keypoint_confidence' instead.
  warn_deprecated(
/usr/local/lib/python3.12/dist-packages/supervision/key_points/core.py:308: SupervisionWarnings: 'KeyPoints.confidence' is deprecated since 0.29.0 and will be removed in 0.32.0. Use 'KeyPoints.keypoint_confidence' instead.
  warn_deprecated(
/usr/local/lib/python3.12/dist-packages/supervision/key_points/core.py:308: SupervisionWarnings: 'KeyPoints.confidence' is deprecated since 0.29.0 and will be removed in 0.32.0. Use 'KeyPoints.keypoint_confidence' instead.
  warn_deprecated(
/usr/local/lib/python3.12/dist-packages/supervision/key_points/core.py:308: SupervisionWarnings: 'KeyPoints.confidence' is deprecated since 0.29.0 and will be removed in 0.32.0. Use 'KeyPoints.keypoint_confidence' instead.
  warn_deprecated(
/usr/local/lib/python3.12/dist-packages/supervision/key_points/core.py:308: SupervisionWarnings: 'KeyPoints.confidence' is deprecated since 0.29.0 and will be removed in 0.32.0. Use 'KeyPoints.keypoint_confidence' instead.
  warn_deprecated(
 80%|████████  | 602/750 [10:03<03:11,  1.29s/it]/usr/local/lib/python3.12/dist-packages/supervision/key_points/core.py:316: SupervisionWarnings: 'KeyPoints.confidence' is deprecated since 0.29.0 and will be removed in 0.32.0. Use 'KeyPoints.keypoint_confidence' instead.
  warn_deprecated(
/usr/local/lib/python3.12/dist-packages/supervision/key_points/core.py:308: SupervisionWarnings: 'KeyPoints.confidence' is deprecated since 0.29.0 and will be removed in 0.32.0. Use 'KeyPoints.keypoint_confidence' instead.
  warn_deprecated(
/usr/local/lib/python3.12/dist-packages/supervision/key_points/core.py:308: SupervisionWarnings: 'KeyPoints.confidence' is deprecated since 0.29.0 and will be removed in 0.32.0. Use 'KeyPoints.keypoint_confidence' instead.
  warn_deprecated(
/usr/local/lib/python3.12/dist-packages/supervision/key_points/core.py:308: SupervisionWarnings: 'KeyPoints.confidence' is deprecated since 0.29.0 and will be removed in 0.32.0. Use 'KeyPoints.keypoint_confidence' instead.
  warn_deprecated(
/usr/local/lib/python3.12/dist-packages/supervision/key_points/core.py:308: SupervisionWarnings: 'KeyPoints.confidence' is deprecated since 0.29.0 and will be removed in 0.32.0. Use 'KeyPoints.keypoint_confidence' instead.
  warn_deprecated(
 80%|████████  | 603/750 [10:05<03:06,  1.27s/it]/usr/local/lib/python3.12/dist-packages/supervision/key_points/core.py:316: SupervisionWarnings: 'KeyPoints.confidence' is deprecated since 0.29.0 and will be removed in 0.32.0. Use 'KeyPoints.keypoint_confidence' instead.
  warn_deprecated(
/usr/local/lib/python3.12/dist-packages/supervision/key_points/core.py:308: SupervisionWarnings: 'KeyPoints.confidence' is deprecated since 0.29.0 and will be removed in 0.32.0. Use 'KeyPoints.keypoint_confidence' instead.
  warn_deprecated(
/usr/local/lib/python3.12/dist-packages/supervision/key_points/core.py:308: SupervisionWarnings: 'KeyPoints.confidence' is deprecated since 0.29.0 and will be removed in 0.32.0. Use 'KeyPoints.keypoint_confidence' instead.
  warn_deprecated(
/usr/local/lib/python3.12/dist-packages/supervision/key_points/core.py:308: SupervisionWarnings: 'KeyPoints.confidence' is deprecated since 0.29.0 and will be removed in 0.32.0. Use 'KeyPoints.keypoint_confidence' instead.
  warn_deprecated(
/usr/local/lib/python3.12/dist-packages/supervision/key_points/core.py:308: SupervisionWarnings: 'KeyPoints.confidence' is deprecated since 0.29.0 and will be removed in 0.32.0. Use 'KeyPoints.keypoint_confidence' instead.
  warn_deprecated(
 81%|████████  | 604/750 [10:06<03:05,  1.27s/it]/usr/local/lib/python3.12/dist-packages/supervision/key_points/core.py:316: SupervisionWarnings: 'KeyPoints.confidence' is deprecated since 0.29.0 and will be removed in 0.32.0. Use 'KeyPoints.keypoint_confidence' instead.
  warn_deprecated(
/usr/local/lib/python3.12/dist-packages/supervision/key_points/core.py:308: SupervisionWarnings: 'KeyPoints.confidence' is deprecated since 0.29.0 and will be removed in 0.32.0. Use 'KeyPoints.keypoint_confidence' instead.
  warn_deprecated(
/usr/local/lib/python3.12/dist-packages/supervision/key_points/core.py:308: SupervisionWarnings: 'KeyPoints.confidence' is deprecated since 0.29.0 and will be removed in 0.32.0. Use 'KeyPoints.keypoint_confidence' instead.
  warn_deprecated(
/usr/local/lib/python3.12/dist-packages/supervision/key_points/core.py:308: SupervisionWarnings: 'KeyPoints.confidence' is deprecated since 0.29.0 and will be removed in 0.32.0. Use 'KeyPoints.keypoint_confidence' instead.
  warn_deprecated(
/usr/local/lib/python3.12/dist-packages/supervision/key_points/core.py:308: SupervisionWarnings: 'KeyPoints.confidence' is deprecated since 0.29.0 and will be removed in 0.32.0. Use 'KeyPoints.keypoint_confidence' instead.
  warn_deprecated(
 81%|████████  | 605/750 [10:07<03:03,  1.27s/it]/usr/local/lib/python3.12/dist-packages/supervision/key_points/core.py:316: SupervisionWarnings: 'KeyPoints.confidence' is deprecated since 0.29.0 and will be removed in 0.32.0. Use 'KeyPoints.keypoint_confidence' instead.
  warn_deprecated(
/usr/local/lib/python3.12/dist-packages/supervision/key_points/core.py:308: SupervisionWarnings: 'KeyPoints.confidence' is deprecated since 0.29.0 and will be removed in 0.32.0. Use 'KeyPoints.keypoint_confidence' instead.
  warn_deprecated(
/usr/local/lib/python3.12/dist-packages/supervision/key_points/core.py:308: SupervisionWarnings: 'KeyPoints.confidence' is deprecated since 0.29.0 and will be removed in 0.32.0. Use 'KeyPoints.keypoint_confidence' instead.
  warn_deprecated(
/usr/local/lib/python3.12/dist-packages/supervision/key_points/core.py:308: SupervisionWarnings: 'KeyPoints.confidence' is deprecated since 0.29.0 and will be removed in 0.32.0. Use 'KeyPoints.keypoint_confidence' instead.
  warn_deprecated(
/usr/local/lib/python3.12/dist-packages/supervision/key_points/core.py:308: SupervisionWarnings: 'KeyPoints.confidence' is deprecated since 0.29.0 and will be removed in 0.32.0. Use 'KeyPoints.keypoint_confidence' instead.
  warn_deprecated(
 81%|████████  | 606/750 [10:08<03:01,  1.26s/it]/usr/local/lib/python3.12/dist-packages/supervision/key_points/core.py:316: SupervisionWarnings: 'KeyPoints.confidence' is deprecated since 0.29.0 and will be removed in 0.32.0. Use 'KeyPoints.keypoint_confidence' instead.
  warn_deprecated(
/usr/local/lib/python3.12/dist-packages/supervision/key_points/core.py:308: SupervisionWarnings: 'KeyPoints.confidence' is deprecated since 0.29.0 and will be removed in 0.32.0. Use 'KeyPoints.keypoint_confidence' instead.
  warn_deprecated(
/usr/local/lib/python3.12/dist-packages/supervision/key_points/core.py:308: SupervisionWarnings: 'KeyPoints.confidence' is deprecated since 0.29.0 and will be removed in 0.32.0. Use 'KeyPoints.keypoint_confidence' instead.
  warn_deprecated(
/usr/local/lib/python3.12/dist-packages/supervision/key_points/core.py:308: SupervisionWarnings: 'KeyPoints.confidence' is deprecated since 0.29.0 and will be removed in 0.32.0. Use 'KeyPoints.keypoint_confidence' instead.
  warn_deprecated(
/usr/local/lib/python3.12/dist-packages/supervision/key_points/core.py:308: SupervisionWarnings: 'KeyPoints.confidence' is deprecated since 0.29.0 and will be removed in 0.32.0. Use 'KeyPoints.keypoint_confidence' instead.
  warn_deprecated(
 81%|████████  | 607/750 [10:09<02:57,  1.24s/it]/usr/local/lib/python3.12/dist-packages/supervision/key_points/core.py:316: SupervisionWarnings: 'KeyPoints.confidence' is deprecated since 0.29.0 and will be removed in 0.32.0. Use 'KeyPoints.keypoint_confidence' instead.
  warn_deprecated(
/usr/local/lib/python3.12/dist-packages/supervision/key_points/core.py:308: SupervisionWarnings: 'KeyPoints.confidence' is deprecated since 0.29.0 and will be removed in 0.32.0. Use 'KeyPoints.keypoint_confidence' instead.
  warn_deprecated(
/usr/local/lib/python3.12/dist-packages/supervision/key_points/core.py:308: SupervisionWarnings: 'KeyPoints.confidence' is deprecated since 0.29.0 and will be removed in 0.32.0. Use 'KeyPoints.keypoint_confidence' instead.
  warn_deprecated(
/usr/local/lib/python3.12/dist-packages/supervision/key_points/core.py:308: SupervisionWarnings: 'KeyPoints.confidence' is deprecated since 0.29.0 and will be removed in 0.32.0. Use 'KeyPoints.keypoint_confidence' instead.
  warn_deprecated(
/usr/local/lib/python3.12/dist-packages/supervision/key_points/core.py:308: SupervisionWarnings: 'KeyPoints.confidence' is deprecated since 0.29.0 and will be removed in 0.32.0. Use 'KeyPoints.keypoint_confidence' instead.
  warn_deprecated(
 81%|████████  | 608/750 [10:11<02:55,  1.24s/it]/usr/local/lib/python3.12/dist-packages/supervision/key_points/core.py:316: SupervisionWarnings: 'KeyPoints.confidence' is deprecated since 0.29.0 and will be removed in 0.32.0. Use 'KeyPoints.keypoint_confidence' instead.
  warn_deprecated(
/usr/local/lib/python3.12/dist-packages/supervision/key_points/core.py:308: SupervisionWarnings: 'KeyPoints.confidence' is deprecated since 0.29.0 and will be removed in 0.32.0. Use 'KeyPoints.keypoint_confidence' instead.
  warn_deprecated(
/usr/local/lib/python3.12/dist-packages/supervision/key_points/core.py:308: SupervisionWarnings: 'KeyPoints.confidence' is deprecated since 0.29.0 and will be removed in 0.32.0. Use 'KeyPoints.keypoint_confidence' instead.
  warn_deprecated(
/usr/local/lib/python3.12/dist-packages/supervision/key_points/core.py:308: SupervisionWarnings: 'KeyPoints.confidence' is deprecated since 0.29.0 and will be removed in 0.32.0. Use 'KeyPoints.keypoint_confidence' instead.
  warn_deprecated(
/usr/local/lib/python3.12/dist-packages/supervision/key_points/core.py:308: SupervisionWarnings: 'KeyPoints.confidence' is deprecated since 0.29.0 and will be removed in 0.32.0. Use 'KeyPoints.keypoint_confidence' instead.
  warn_deprecated(
 81%|████████  | 609/750 [10:12<02:35,  1.11s/it]/usr/local/lib/python3.12/dist-packages/supervision/key_points/core.py:316: SupervisionWarnings: 'KeyPoints.confidence' is deprecated since 0.29.0 and will be removed in 0.32.0. Use 'KeyPoints.keypoint_confidence' instead.
  warn_deprecated(
/usr/local/lib/python3.12/dist-packages/supervision/key_points/core.py:308: SupervisionWarnings: 'KeyPoints.confidence' is deprecated since 0.29.0 and will be removed in 0.32.0. Use 'KeyPoints.keypoint_confidence' instead.
  warn_deprecated(
/usr/local/lib/python3.12/dist-packages/supervision/key_points/core.py:308: SupervisionWarnings: 'KeyPoints.confidence' is deprecated since 0.29.0 and will be removed in 0.32.0. Use 'KeyPoints.keypoint_confidence' instead.
  warn_deprecated(
/usr/local/lib/python3.12/dist-packages/supervision/key_points/core.py:308: SupervisionWarnings: 'KeyPoints.confidence' is deprecated since 0.29.0 and will be removed in 0.32.0. Use 'KeyPoints.keypoint_confidence' instead.
  warn_deprecated(
/usr/local/lib/python3.12/dist-packages/supervision/key_points/core.py:308: SupervisionWarnings: 'KeyPoints.confidence' is deprecated since 0.29.0 and will be removed in 0.32.0. Use 'KeyPoints.keypoint_confidence' instead.
  warn_deprecated(
 81%|████████▏ | 610/750 [10:12<02:22,  1.02s/it]/usr/local/lib/python3.12/dist-packages/supervision/key_points/core.py:316: SupervisionWarnings: 'KeyPoints.confidence' is deprecated since 0.29.0 and will be removed in 0.32.0. Use 'KeyPoints.keypoint_confidence' instead.
  warn_deprecated(
/usr/local/lib/python3.12/dist-packages/supervision/key_points/core.py:308: SupervisionWarnings: 'KeyPoints.confidence' is deprecated since 0.29.0 and will be removed in 0.32.0. Use 'KeyPoints.keypoint_confidence' instead.
  warn_deprecated(
/usr/local/lib/python3.12/dist-packages/supervision/key_points/core.py:308: SupervisionWarnings: 'KeyPoints.confidence' is deprecated since 0.29.0 and will be removed in 0.32.0. Use 'KeyPoints.keypoint_confidence' instead.
  warn_deprecated(
/usr/local/lib/python3.12/dist-packages/supervision/key_points/core.py:308: SupervisionWarnings: 'KeyPoints.confidence' is deprecated since 0.29.0 and will be removed in 0.32.0. Use 'KeyPoints.keypoint_confidence' instead.
  warn_deprecated(
/usr/local/lib/python3.12/dist-packages/supervision/key_points/core.py:308: SupervisionWarnings: 'KeyPoints.confidence' is deprecated since 0.29.0 and will be removed in 0.32.0. Use 'KeyPoints.keypoint_confidence' instead.
  warn_deprecated(
 81%|████████▏ | 611/750 [10:13<02:15,  1.03it/s]/usr/local/lib/python3.12/dist-packages/supervision/key_points/core.py:316: SupervisionWarnings: 'KeyPoints.confidence' is deprecated since 0.29.0 and will be removed in 0.32.0. Use 'KeyPoints.keypoint_confidence' instead.
  warn_deprecated(
/usr/local/lib/python3.12/dist-packages/supervision/key_points/core.py:308: SupervisionWarnings: 'KeyPoints.confidence' is deprecated since 0.29.0 and will be removed in 0.32.0. Use 'KeyPoints.keypoint_confidence' instead.
  warn_deprecated(
/usr/local/lib/python3.12/dist-packages/supervision/key_points/core.py:308: SupervisionWarnings: 'KeyPoints.confidence' is deprecated since 0.29.0 and will be removed in 0.32.0. Use 'KeyPoints.keypoint_confidence' instead.
  warn_deprecated(
/usr/local/lib/python3.12/dist-packages/supervision/key_points/core.py:308: SupervisionWarnings: 'KeyPoints.confidence' is deprecated since 0.29.0 and will be removed in 0.32.0. Use 'KeyPoints.keypoint_confidence' instead.
  warn_deprecated(
/usr/local/lib/python3.12/dist-packages/supervision/key_points/core.py:308: SupervisionWarnings: 'KeyPoints.confidence' is deprecated since 0.29.0 and will be removed in 0.32.0. Use 'KeyPoints.keypoint_confidence' instead.
  warn_deprecated(
 82%|████████▏ | 612/750 [10:15<02:33,  1.11s/it]/usr/local/lib/python3.12/dist-packages/supervision/key_points/core.py:316: SupervisionWarnings: 'KeyPoints.confidence' is deprecated since 0.29.0 and will be removed in 0.32.0. Use 'KeyPoints.keypoint_confidence' instead.
  warn_deprecated(
/usr/local/lib/python3.12/dist-packages/supervision/key_points/core.py:308: SupervisionWarnings: 'KeyPoints.confidence' is deprecated since 0.29.0 and will be removed in 0.32.0. Use 'KeyPoints.keypoint_confidence' instead.
  warn_deprecated(
/usr/local/lib/python3.12/dist-packages/supervision/key_points/core.py:308: SupervisionWarnings: 'KeyPoints.confidence' is deprecated since 0.29.0 and will be removed in 0.32.0. Use 'KeyPoints.keypoint_confidence' instead.
  warn_deprecated(
/usr/local/lib/python3.12/dist-packages/supervision/key_points/core.py:308: SupervisionWarnings: 'KeyPoints.confidence' is deprecated since 0.29.0 and will be removed in 0.32.0. Use 'KeyPoints.keypoint_confidence' instead.
  warn_deprecated(
/usr/local/lib/python3.12/dist-packages/supervision/key_points/core.py:308: SupervisionWarnings: 'KeyPoints.confidence' is deprecated since 0.29.0 and will be removed in 0.32.0. Use 'KeyPoints.keypoint_confidence' instead.
  warn_deprecated(
 82%|████████▏ | 613/750 [10:16<02:43,  1.19s/it]/usr/local/lib/python3.12/dist-packages/supervision/key_points/core.py:316: SupervisionWarnings: 'KeyPoints.confidence' is deprecated since 0.29.0 and will be removed in 0.32.0. Use 'KeyPoints.keypoint_confidence' instead.
  warn_deprecated(
/usr/local/lib/python3.12/dist-packages/supervision/key_points/core.py:308: SupervisionWarnings: 'KeyPoints.confidence' is deprecated since 0.29.0 and will be removed in 0.32.0. Use 'KeyPoints.keypoint_confidence' instead.
  warn_deprecated(
/usr/local/lib/python3.12/dist-packages/supervision/key_points/core.py:308: SupervisionWarnings: 'KeyPoints.confidence' is deprecated since 0.29.0 and will be removed in 0.32.0. Use 'KeyPoints.keypoint_confidence' instead.
  warn_deprecated(
/usr/local/lib/python3.12/dist-packages/supervision/key_points/core.py:308: SupervisionWarnings: 'KeyPoints.confidence' is deprecated since 0.29.0 and will be removed in 0.32.0. Use 'KeyPoints.keypoint_confidence' instead.
  warn_deprecated(
/usr/local/lib/python3.12/dist-packages/supervision/key_points/core.py:308: SupervisionWarnings: 'KeyPoints.confidence' is deprecated since 0.29.0 and will be removed in 0.32.0. Use 'KeyPoints.keypoint_confidence' instead.
  warn_deprecated(
 82%|████████▏ | 614/750 [10:17<02:48,  1.24s/it]/usr/local/lib/python3.12/dist-packages/supervision/key_points/core.py:316: SupervisionWarnings: 'KeyPoints.confidence' is deprecated since 0.29.0 and will be removed in 0.32.0. Use 'KeyPoints.keypoint_confidence' instead.
  warn_deprecated(
/usr/local/lib/python3.12/dist-packages/supervision/key_points/core.py:308: SupervisionWarnings: 'KeyPoints.confidence' is deprecated since 0.29.0 and will be removed in 0.32.0. Use 'KeyPoints.keypoint_confidence' instead.
  warn_deprecated(
/usr/local/lib/python3.12/dist-packages/supervision/key_points/core.py:308: SupervisionWarnings: 'KeyPoints.confidence' is deprecated since 0.29.0 and will be removed in 0.32.0. Use 'KeyPoints.keypoint_confidence' instead.
  warn_deprecated(
/usr/local/lib/python3.12/dist-packages/supervision/key_points/core.py:308: SupervisionWarnings: 'KeyPoints.confidence' is deprecated since 0.29.0 and will be removed in 0.32.0. Use 'KeyPoints.keypoint_confidence' instead.
  warn_deprecated(
/usr/local/lib/python3.12/dist-packages/supervision/key_points/core.py:308: SupervisionWarnings: 'KeyPoints.confidence' is deprecated since 0.29.0 and will be removed in 0.32.0. Use 'KeyPoints.keypoint_confidence' instead.
  warn_deprecated(
 82%|████████▏ | 615/750 [10:19<02:47,  1.24s/it]/usr/local/lib/python3.12/dist-packages/supervision/key_points/core.py:316: SupervisionWarnings: 'KeyPoints.confidence' is deprecated since 0.29.0 and will be removed in 0.32.0. Use 'KeyPoints.keypoint_confidence' instead.
  warn_deprecated(
/usr/local/lib/python3.12/dist-packages/supervision/key_points/core.py:308: SupervisionWarnings: 'KeyPoints.confidence' is deprecated since 0.29.0 and will be removed in 0.32.0. Use 'KeyPoints.keypoint_confidence' instead.
  warn_deprecated(
/usr/local/lib/python3.12/dist-packages/supervision/key_points/core.py:308: SupervisionWarnings: 'KeyPoints.confidence' is deprecated since 0.29.0 and will be removed in 0.32.0. Use 'KeyPoints.keypoint_confidence' instead.
  warn_deprecated(
/usr/local/lib/python3.12/dist-packages/supervision/key_points/core.py:308: SupervisionWarnings: 'KeyPoints.confidence' is deprecated since 0.29.0 and will be removed in 0.32.0. Use 'KeyPoints.keypoint_confidence' instead.
  warn_deprecated(
/usr/local/lib/python3.12/dist-packages/supervision/key_points/core.py:308: SupervisionWarnings: 'KeyPoints.confidence' is deprecated since 0.29.0 and will be removed in 0.32.0. Use 'KeyPoints.keypoint_confidence' instead.
  warn_deprecated(
 82%|████████▏ | 616/750 [10:19<02:28,  1.11s/it]/usr/local/lib/python3.12/dist-packages/supervision/key_points/core.py:316: SupervisionWarnings: 'KeyPoints.confidence' is deprecated since 0.29.0 and will be removed in 0.32.0. Use 'KeyPoints.keypoint_confidence' instead.
  warn_deprecated(
/usr/local/lib/python3.12/dist-packages/supervision/key_points/core.py:308: SupervisionWarnings: 'KeyPoints.confidence' is deprecated since 0.29.0 and will be removed in 0.32.0. Use 'KeyPoints.keypoint_confidence' instead.
  warn_deprecated(
/usr/local/lib/python3.12/dist-packages/supervision/key_points/core.py:308: SupervisionWarnings: 'KeyPoints.confidence' is deprecated since 0.29.0 and will be removed in 0.32.0. Use 'KeyPoints.keypoint_confidence' instead.
  warn_deprecated(
/usr/local/lib/python3.12/dist-packages/supervision/key_points/core.py:308: SupervisionWarnings: 'KeyPoints.confidence' is deprecated since 0.29.0 and will be removed in 0.32.0. Use 'KeyPoints.keypoint_confidence' instead.
  warn_deprecated(
/usr/local/lib/python3.12/dist-packages/supervision/key_points/core.py:308: SupervisionWarnings: 'KeyPoints.confidence' is deprecated since 0.29.0 and will be removed in 0.32.0. Use 'KeyPoints.keypoint_confidence' instead.
  warn_deprecated(
 82%|████████▏ | 617/750 [10:21<02:32,  1.15s/it]/usr/local/lib/python3.12/dist-packages/supervision/key_points/core.py:316: SupervisionWarnings: 'KeyPoints.confidence' is deprecated since 0.29.0 and will be removed in 0.32.0. Use 'KeyPoints.keypoint_confidence' instead.
  warn_deprecated(
/usr/local/lib/python3.12/dist-packages/supervision/key_points/core.py:308: SupervisionWarnings: 'KeyPoints.confidence' is deprecated since 0.29.0 and will be removed in 0.32.0. Use 'KeyPoints.keypoint_confidence' instead.
  warn_deprecated(
/usr/local/lib/python3.12/dist-packages/supervision/key_points/core.py:308: SupervisionWarnings: 'KeyPoints.confidence' is deprecated since 0.29.0 and will be removed in 0.32.0. Use 'KeyPoints.keypoint_confidence' instead.
  warn_deprecated(
/usr/local/lib/python3.12/dist-packages/supervision/key_points/core.py:308: SupervisionWarnings: 'KeyPoints.confidence' is deprecated since 0.29.0 and will be removed in 0.32.0. Use 'KeyPoints.keypoint_confidence' instead.
  warn_deprecated(
/usr/local/lib/python3.12/dist-packages/supervision/key_points/core.py:308: SupervisionWarnings: 'KeyPoints.confidence' is deprecated since 0.29.0 and will be removed in 0.32.0. Use 'KeyPoints.keypoint_confidence' instead.
  warn_deprecated(
 82%|████████▏ | 618/750 [10:22<02:35,  1.18s/it]/usr/local/lib/python3.12/dist-packages/supervision/key_points/core.py:316: SupervisionWarnings: 'KeyPoints.confidence' is deprecated since 0.29.0 and will be removed in 0.32.0. Use 'KeyPoints.keypoint_confidence' instead.
  warn_deprecated(
/usr/local/lib/python3.12/dist-packages/supervision/key_points/core.py:308: SupervisionWarnings: 'KeyPoints.confidence' is deprecated since 0.29.0 and will be removed in 0.32.0. Use 'KeyPoints.keypoint_confidence' instead.
  warn_deprecated(
/usr/local/lib/python3.12/dist-packages/supervision/key_points/core.py:308: SupervisionWarnings: 'KeyPoints.confidence' is deprecated since 0.29.0 and will be removed in 0.32.0. Use 'KeyPoints.keypoint_confidence' instead.
  warn_deprecated(
/usr/local/lib/python3.12/dist-packages/supervision/key_points/core.py:308: SupervisionWarnings: 'KeyPoints.confidence' is deprecated since 0.29.0 and will be removed in 0.32.0. Use 'KeyPoints.keypoint_confidence' instead.
  warn_deprecated(
/usr/local/lib/python3.12/dist-packages/supervision/key_points/core.py:308: SupervisionWarnings: 'KeyPoints.confidence' is deprecated since 0.29.0 and will be removed in 0.32.0. Use 'KeyPoints.keypoint_confidence' instead.
  warn_deprecated(
 83%|████████▎ | 619/750 [10:23<02:36,  1.19s/it]/usr/local/lib/python3.12/dist-packages/supervision/key_points/core.py:316: SupervisionWarnings: 'KeyPoints.confidence' is deprecated since 0.29.0 and will be removed in 0.32.0. Use 'KeyPoints.keypoint_confidence' instead.
  warn_deprecated(
/usr/local/lib/python3.12/dist-packages/supervision/key_points/core.py:308: SupervisionWarnings: 'KeyPoints.confidence' is deprecated since 0.29.0 and will be removed in 0.32.0. Use 'KeyPoints.keypoint_confidence' instead.
  warn_deprecated(
/usr/local/lib/python3.12/dist-packages/supervision/key_points/core.py:308: SupervisionWarnings: 'KeyPoints.confidence' is deprecated since 0.29.0 and will be removed in 0.32.0. Use 'KeyPoints.keypoint_confidence' instead.
  warn_deprecated(
/usr/local/lib/python3.12/dist-packages/supervision/key_points/core.py:308: SupervisionWarnings: 'KeyPoints.confidence' is deprecated since 0.29.0 and will be removed in 0.32.0. Use 'KeyPoints.keypoint_confidence' instead.
  warn_deprecated(
/usr/local/lib/python3.12/dist-packages/supervision/key_points/core.py:308: SupervisionWarnings: 'KeyPoints.confidence' is deprecated since 0.29.0 and will be removed in 0.32.0. Use 'KeyPoints.keypoint_confidence' instead.
  warn_deprecated(
 83%|████████▎ | 620/750 [10:24<02:20,  1.08s/it]/usr/local/lib/python3.12/dist-packages/supervision/key_points/core.py:316: SupervisionWarnings: 'KeyPoints.confidence' is deprecated since 0.29.0 and will be removed in 0.32.0. Use 'KeyPoints.keypoint_confidence' instead.
  warn_deprecated(
/usr/local/lib/python3.12/dist-packages/supervision/key_points/core.py:308: SupervisionWarnings: 'KeyPoints.confidence' is deprecated since 0.29.0 and will be removed in 0.32.0. Use 'KeyPoints.keypoint_confidence' instead.
  warn_deprecated(
/usr/local/lib/python3.12/dist-packages/supervision/key_points/core.py:308: SupervisionWarnings: 'KeyPoints.confidence' is deprecated since 0.29.0 and will be removed in 0.32.0. Use 'KeyPoints.keypoint_confidence' instead.
  warn_deprecated(
/usr/local/lib/python3.12/dist-packages/supervision/key_points/core.py:308: SupervisionWarnings: 'KeyPoints.confidence' is deprecated since 0.29.0 and will be removed in 0.32.0. Use 'KeyPoints.keypoint_confidence' instead.
  warn_deprecated(
/usr/local/lib/python3.12/dist-packages/supervision/key_points/core.py:308: SupervisionWarnings: 'KeyPoints.confidence' is deprecated since 0.29.0 and will be removed in 0.32.0. Use 'KeyPoints.keypoint_confidence' instead.
  warn_deprecated(
 83%|████████▎ | 621/750 [10:25<02:07,  1.01it/s]/usr/local/lib/python3.12/dist-packages/supervision/key_points/core.py:316: SupervisionWarnings: 'KeyPoints.confidence' is deprecated since 0.29.0 and will be removed in 0.32.0. Use 'KeyPoints.keypoint_confidence' instead.
  warn_deprecated(
/usr/local/lib/python3.12/dist-packages/supervision/key_points/core.py:308: SupervisionWarnings: 'KeyPoints.confidence' is deprecated since 0.29.0 and will be removed in 0.32.0. Use 'KeyPoints.keypoint_confidence' instead.
  warn_deprecated(
/usr/local/lib/python3.12/dist-packages/supervision/key_points/core.py:308: SupervisionWarnings: 'KeyPoints.confidence' is deprecated since 0.29.0 and will be removed in 0.32.0. Use 'KeyPoints.keypoint_confidence' instead.
  warn_deprecated(
/usr/local/lib/python3.12/dist-packages/supervision/key_points/core.py:308: SupervisionWarnings: 'KeyPoints.confidence' is deprecated since 0.29.0 and will be removed in 0.32.0. Use 'KeyPoints.keypoint_confidence' instead.
  warn_deprecated(
/usr/local/lib/python3.12/dist-packages/supervision/key_points/core.py:308: SupervisionWarnings: 'KeyPoints.confidence' is deprecated since 0.29.0 and will be removed in 0.32.0. Use 'KeyPoints.keypoint_confidence' instead.
  warn_deprecated(
 83%|████████▎ | 622/750 [10:26<02:01,  1.06it/s]/usr/local/lib/python3.12/dist-packages/supervision/key_points/core.py:316: SupervisionWarnings: 'KeyPoints.confidence' is deprecated since 0.29.0 and will be removed in 0.32.0. Use 'KeyPoints.keypoint_confidence' instead.
  warn_deprecated(
/usr/local/lib/python3.12/dist-packages/supervision/key_points/core.py:308: SupervisionWarnings: 'KeyPoints.confidence' is deprecated since 0.29.0 and will be removed in 0.32.0. Use 'KeyPoints.keypoint_confidence' instead.
  warn_deprecated(
/usr/local/lib/python3.12/dist-packages/supervision/key_points/core.py:308: SupervisionWarnings: 'KeyPoints.confidence' is deprecated since 0.29.0 and will be removed in 0.32.0. Use 'KeyPoints.keypoint_confidence' instead.
  warn_deprecated(
/usr/local/lib/python3.12/dist-packages/supervision/key_points/core.py:308: SupervisionWarnings: 'KeyPoints.confidence' is deprecated since 0.29.0 and will be removed in 0.32.0. Use 'KeyPoints.keypoint_confidence' instead.
  warn_deprecated(
/usr/local/lib/python3.12/dist-packages/supervision/key_points/core.py:308: SupervisionWarnings: 'KeyPoints.confidence' is deprecated since 0.29.0 and will be removed in 0.32.0. Use 'KeyPoints.keypoint_confidence' instead.
  warn_deprecated(
 83%|████████▎ | 623/750 [10:27<02:11,  1.03s/it]/usr/local/lib/python3.12/dist-packages/supervision/key_points/core.py:316: SupervisionWarnings: 'KeyPoints.confidence' is deprecated since 0.29.0 and will be removed in 0.32.0. Use 'KeyPoints.keypoint_confidence' instead.
  warn_deprecated(
/usr/local/lib/python3.12/dist-packages/supervision/key_points/core.py:308: SupervisionWarnings: 'KeyPoints.confidence' is deprecated since 0.29.0 and will be removed in 0.32.0. Use 'KeyPoints.keypoint_confidence' instead.
  warn_deprecated(
/usr/local/lib/python3.12/dist-packages/supervision/key_points/core.py:308: SupervisionWarnings: 'KeyPoints.confidence' is deprecated since 0.29.0 and will be removed in 0.32.0. Use 'KeyPoints.keypoint_confidence' instead.
  warn_deprecated(
/usr/local/lib/python3.12/dist-packages/supervision/key_points/core.py:308: SupervisionWarnings: 'KeyPoints.confidence' is deprecated since 0.29.0 and will be removed in 0.32.0. Use 'KeyPoints.keypoint_confidence' instead.
  warn_deprecated(
/usr/local/lib/python3.12/dist-packages/supervision/key_points/core.py:308: SupervisionWarnings: 'KeyPoints.confidence' is deprecated since 0.29.0 and will be removed in 0.32.0. Use 'KeyPoints.keypoint_confidence' instead.
  warn_deprecated(
 83%|████████▎ | 624/750 [10:28<02:20,  1.11s/it]/usr/local/lib/python3.12/dist-packages/supervision/key_points/core.py:316: SupervisionWarnings: 'KeyPoints.confidence' is deprecated since 0.29.0 and will be removed in 0.32.0. Use 'KeyPoints.keypoint_confidence' instead.
  warn_deprecated(
/usr/local/lib/python3.12/dist-packages/supervision/key_points/core.py:308: SupervisionWarnings: 'KeyPoints.confidence' is deprecated since 0.29.0 and will be removed in 0.32.0. Use 'KeyPoints.keypoint_confidence' instead.
  warn_deprecated(
/usr/local/lib/python3.12/dist-packages/supervision/key_points/core.py:308: SupervisionWarnings: 'KeyPoints.confidence' is deprecated since 0.29.0 and will be removed in 0.32.0. Use 'KeyPoints.keypoint_confidence' instead.
  warn_deprecated(
/usr/local/lib/python3.12/dist-packages/supervision/key_points/core.py:308: SupervisionWarnings: 'KeyPoints.confidence' is deprecated since 0.29.0 and will be removed in 0.32.0. Use 'KeyPoints.keypoint_confidence' instead.
  warn_deprecated(
/usr/local/lib/python3.12/dist-packages/supervision/key_points/core.py:308: SupervisionWarnings: 'KeyPoints.confidence' is deprecated since 0.29.0 and will be removed in 0.32.0. Use 'KeyPoints.keypoint_confidence' instead.
  warn_deprecated(
 83%|████████▎ | 625/750 [10:29<02:15,  1.09s/it]/usr/local/lib/python3.12/dist-packages/supervision/key_points/core.py:316: SupervisionWarnings: 'KeyPoints.confidence' is deprecated since 0.29.0 and will be removed in 0.32.0. Use 'KeyPoints.keypoint_confidence' instead.
  warn_deprecated(
/usr/local/lib/python3.12/dist-packages/supervision/key_points/core.py:308: SupervisionWarnings: 'KeyPoints.confidence' is deprecated since 0.29.0 and will be removed in 0.32.0. Use 'KeyPoints.keypoint_confidence' instead.
  warn_deprecated(
/usr/local/lib/python3.12/dist-packages/supervision/key_points/core.py:308: SupervisionWarnings: 'KeyPoints.confidence' is deprecated since 0.29.0 and will be removed in 0.32.0. Use 'KeyPoints.keypoint_confidence' instead.
  warn_deprecated(
/usr/local/lib/python3.12/dist-packages/supervision/key_points/core.py:308: SupervisionWarnings: 'KeyPoints.confidence' is deprecated since 0.29.0 and will be removed in 0.32.0. Use 'KeyPoints.keypoint_confidence' instead.
  warn_deprecated(
/usr/local/lib/python3.12/dist-packages/supervision/key_points/core.py:308: SupervisionWarnings: 'KeyPoints.confidence' is deprecated since 0.29.0 and will be removed in 0.32.0. Use 'KeyPoints.keypoint_confidence' instead.
  warn_deprecated(
 83%|████████▎ | 626/750 [10:31<02:29,  1.20s/it]/usr/local/lib/python3.12/dist-packages/supervision/key_points/core.py:316: SupervisionWarnings: 'KeyPoints.confidence' is deprecated since 0.29.0 and will be removed in 0.32.0. Use 'KeyPoints.keypoint_confidence' instead.
  warn_deprecated(
/usr/local/lib/python3.12/dist-packages/supervision/key_points/core.py:308: SupervisionWarnings: 'KeyPoints.confidence' is deprecated since 0.29.0 and will be removed in 0.32.0. Use 'KeyPoints.keypoint_confidence' instead.
  warn_deprecated(
/usr/local/lib/python3.12/dist-packages/supervision/key_points/core.py:308: SupervisionWarnings: 'KeyPoints.confidence' is deprecated since 0.29.0 and will be removed in 0.32.0. Use 'KeyPoints.keypoint_confidence' instead.
  warn_deprecated(
/usr/local/lib/python3.12/dist-packages/supervision/key_points/core.py:308: SupervisionWarnings: 'KeyPoints.confidence' is deprecated since 0.29.0 and will be removed in 0.32.0. Use 'KeyPoints.keypoint_confidence' instead.
  warn_deprecated(
/usr/local/lib/python3.12/dist-packages/supervision/key_points/core.py:308: SupervisionWarnings: 'KeyPoints.confidence' is deprecated since 0.29.0 and will be removed in 0.32.0. Use 'KeyPoints.keypoint_confidence' instead.
  warn_deprecated(
 84%|████████▎ | 627/750 [10:32<02:35,  1.26s/it]/usr/local/lib/python3.12/dist-packages/supervision/key_points/core.py:316: SupervisionWarnings: 'KeyPoints.confidence' is deprecated since 0.29.0 and will be removed in 0.32.0. Use 'KeyPoints.keypoint_confidence' instead.
  warn_deprecated(
/usr/local/lib/python3.12/dist-packages/supervision/key_points/core.py:308: SupervisionWarnings: 'KeyPoints.confidence' is deprecated since 0.29.0 and will be removed in 0.32.0. Use 'KeyPoints.keypoint_confidence' instead.
  warn_deprecated(
/usr/local/lib/python3.12/dist-packages/supervision/key_points/core.py:308: SupervisionWarnings: 'KeyPoints.confidence' is deprecated since 0.29.0 and will be removed in 0.32.0. Use 'KeyPoints.keypoint_confidence' instead.
  warn_deprecated(
/usr/local/lib/python3.12/dist-packages/supervision/key_points/core.py:308: SupervisionWarnings: 'KeyPoints.confidence' is deprecated since 0.29.0 and will be removed in 0.32.0. Use 'KeyPoints.keypoint_confidence' instead.
  warn_deprecated(
/usr/local/lib/python3.12/dist-packages/supervision/key_points/core.py:308: SupervisionWarnings: 'KeyPoints.confidence' is deprecated since 0.29.0 and will be removed in 0.32.0. Use 'KeyPoints.keypoint_confidence' instead.
  warn_deprecated(
 84%|████████▎ | 628/750 [10:33<02:16,  1.12s/it]/usr/local/lib/python3.12/dist-packages/supervision/key_points/core.py:316: SupervisionWarnings: 'KeyPoints.confidence' is deprecated since 0.29.0 and will be removed in 0.32.0. Use 'KeyPoints.keypoint_confidence' instead.
  warn_deprecated(
/usr/local/lib/python3.12/dist-packages/supervision/key_points/core.py:308: SupervisionWarnings: 'KeyPoints.confidence' is deprecated since 0.29.0 and will be removed in 0.32.0. Use 'KeyPoints.keypoint_confidence' instead.
  warn_deprecated(
/usr/local/lib/python3.12/dist-packages/supervision/key_points/core.py:308: SupervisionWarnings: 'KeyPoints.confidence' is deprecated since 0.29.0 and will be removed in 0.32.0. Use 'KeyPoints.keypoint_confidence' instead.
  warn_deprecated(
/usr/local/lib/python3.12/dist-packages/supervision/key_points/core.py:308: SupervisionWarnings: 'KeyPoints.confidence' is deprecated since 0.29.0 and will be removed in 0.32.0. Use 'KeyPoints.keypoint_confidence' instead.
  warn_deprecated(
/usr/local/lib/python3.12/dist-packages/supervision/key_points/core.py:308: SupervisionWarnings: 'KeyPoints.confidence' is deprecated since 0.29.0 and will be removed in 0.32.0. Use 'KeyPoints.keypoint_confidence' instead.
  warn_deprecated(
 84%|████████▍ | 629/750 [10:34<02:03,  1.02s/it]/usr/local/lib/python3.12/dist-packages/supervision/key_points/core.py:316: SupervisionWarnings: 'KeyPoints.confidence' is deprecated since 0.29.0 and will be removed in 0.32.0. Use 'KeyPoints.keypoint_confidence' instead.
  warn_deprecated(
/usr/local/lib/python3.12/dist-packages/supervision/key_points/core.py:308: SupervisionWarnings: 'KeyPoints.confidence' is deprecated since 0.29.0 and will be removed in 0.32.0. Use 'KeyPoints.keypoint_confidence' instead.
  warn_deprecated(
/usr/local/lib/python3.12/dist-packages/supervision/key_points/core.py:308: SupervisionWarnings: 'KeyPoints.confidence' is deprecated since 0.29.0 and will be removed in 0.32.0. Use 'KeyPoints.keypoint_confidence' instead.
  warn_deprecated(
/usr/local/lib/python3.12/dist-packages/supervision/key_points/core.py:308: SupervisionWarnings: 'KeyPoints.confidence' is deprecated since 0.29.0 and will be removed in 0.32.0. Use 'KeyPoints.keypoint_confidence' instead.
  warn_deprecated(
/usr/local/lib/python3.12/dist-packages/supervision/key_points/core.py:308: SupervisionWarnings: 'KeyPoints.confidence' is deprecated since 0.29.0 and will be removed in 0.32.0. Use 'KeyPoints.keypoint_confidence' instead.
  warn_deprecated(
 84%|████████▍ | 630/750 [10:35<02:09,  1.08s/it]/usr/local/lib/python3.12/dist-packages/supervision/key_points/core.py:316: SupervisionWarnings: 'KeyPoints.confidence' is deprecated since 0.29.0 and will be removed in 0.32.0. Use 'KeyPoints.keypoint_confidence' instead.
  warn_deprecated(
/usr/local/lib/python3.12/dist-packages/supervision/key_points/core.py:308: SupervisionWarnings: 'KeyPoints.confidence' is deprecated since 0.29.0 and will be removed in 0.32.0. Use 'KeyPoints.keypoint_confidence' instead.
  warn_deprecated(
/usr/local/lib/python3.12/dist-packages/supervision/key_points/core.py:308: SupervisionWarnings: 'KeyPoints.confidence' is deprecated since 0.29.0 and will be removed in 0.32.0. Use 'KeyPoints.keypoint_confidence' instead.
  warn_deprecated(
/usr/local/lib/python3.12/dist-packages/supervision/key_points/core.py:308: SupervisionWarnings: 'KeyPoints.confidence' is deprecated since 0.29.0 and will be removed in 0.32.0. Use 'KeyPoints.keypoint_confidence' instead.
  warn_deprecated(
/usr/local/lib/python3.12/dist-packages/supervision/key_points/core.py:308: SupervisionWarnings: 'KeyPoints.confidence' is deprecated since 0.29.0 and will be removed in 0.32.0. Use 'KeyPoints.keypoint_confidence' instead.
  warn_deprecated(
 84%|████████▍ | 631/750 [10:36<02:12,  1.11s/it]/usr/local/lib/python3.12/dist-packages/supervision/key_points/core.py:316: SupervisionWarnings: 'KeyPoints.confidence' is deprecated since 0.29.0 and will be removed in 0.32.0. Use 'KeyPoints.keypoint_confidence' instead.
  warn_deprecated(
/usr/local/lib/python3.12/dist-packages/supervision/key_points/core.py:308: SupervisionWarnings: 'KeyPoints.confidence' is deprecated since 0.29.0 and will be removed in 0.32.0. Use 'KeyPoints.keypoint_confidence' instead.
  warn_deprecated(
/usr/local/lib/python3.12/dist-packages/supervision/key_points/core.py:308: SupervisionWarnings: 'KeyPoints.confidence' is deprecated since 0.29.0 and will be removed in 0.32.0. Use 'KeyPoints.keypoint_confidence' instead.
  warn_deprecated(
/usr/local/lib/python3.12/dist-packages/supervision/key_points/core.py:308: SupervisionWarnings: 'KeyPoints.confidence' is deprecated since 0.29.0 and will be removed in 0.32.0. Use 'KeyPoints.keypoint_confidence' instead.
  warn_deprecated(
/usr/local/lib/python3.12/dist-packages/supervision/key_points/core.py:308: SupervisionWarnings: 'KeyPoints.confidence' is deprecated since 0.29.0 and will be removed in 0.32.0. Use 'KeyPoints.keypoint_confidence' instead.
  warn_deprecated(
 84%|████████▍ | 632/750 [10:37<02:15,  1.15s/it]/usr/local/lib/python3.12/dist-packages/supervision/key_points/core.py:316: SupervisionWarnings: 'KeyPoints.confidence' is deprecated since 0.29.0 and will be removed in 0.32.0. Use 'KeyPoints.keypoint_confidence' instead.
  warn_deprecated(
/usr/local/lib/python3.12/dist-packages/supervision/key_points/core.py:308: SupervisionWarnings: 'KeyPoints.confidence' is deprecated since 0.29.0 and will be removed in 0.32.0. Use 'KeyPoints.keypoint_confidence' instead.
  warn_deprecated(
/usr/local/lib/python3.12/dist-packages/supervision/key_points/core.py:308: SupervisionWarnings: 'KeyPoints.confidence' is deprecated since 0.29.0 and will be removed in 0.32.0. Use 'KeyPoints.keypoint_confidence' instead.
  warn_deprecated(
/usr/local/lib/python3.12/dist-packages/supervision/key_points/core.py:308: SupervisionWarnings: 'KeyPoints.confidence' is deprecated since 0.29.0 and will be removed in 0.32.0. Use 'KeyPoints.keypoint_confidence' instead.
  warn_deprecated(
/usr/local/lib/python3.12/dist-packages/supervision/key_points/core.py:308: SupervisionWarnings: 'KeyPoints.confidence' is deprecated since 0.29.0 and will be removed in 0.32.0. Use 'KeyPoints.keypoint_confidence' instead.
  warn_deprecated(
 84%|████████▍ | 633/750 [10:38<02:16,  1.17s/it]/usr/local/lib/python3.12/dist-packages/supervision/key_points/core.py:316: SupervisionWarnings: 'KeyPoints.confidence' is deprecated since 0.29.0 and will be removed in 0.32.0. Use 'KeyPoints.keypoint_confidence' instead.
  warn_deprecated(
/usr/local/lib/python3.12/dist-packages/supervision/key_points/core.py:308: SupervisionWarnings: 'KeyPoints.confidence' is deprecated since 0.29.0 and will be removed in 0.32.0. Use 'KeyPoints.keypoint_confidence' instead.
  warn_deprecated(
/usr/local/lib/python3.12/dist-packages/supervision/key_points/core.py:308: SupervisionWarnings: 'KeyPoints.confidence' is deprecated since 0.29.0 and will be removed in 0.32.0. Use 'KeyPoints.keypoint_confidence' instead.
  warn_deprecated(
/usr/local/lib/python3.12/dist-packages/supervision/key_points/core.py:308: SupervisionWarnings: 'KeyPoints.confidence' is deprecated since 0.29.0 and will be removed in 0.32.0. Use 'KeyPoints.keypoint_confidence' instead.
  warn_deprecated(
/usr/local/lib/python3.12/dist-packages/supervision/key_points/core.py:308: SupervisionWarnings: 'KeyPoints.confidence' is deprecated since 0.29.0 and will be removed in 0.32.0. Use 'KeyPoints.keypoint_confidence' instead.
  warn_deprecated(
 85%|████████▍ | 634/750 [10:39<02:03,  1.06s/it]/usr/local/lib/python3.12/dist-packages/supervision/key_points/core.py:316: SupervisionWarnings: 'KeyPoints.confidence' is deprecated since 0.29.0 and will be removed in 0.32.0. Use 'KeyPoints.keypoint_confidence' instead.
  warn_deprecated(
/usr/local/lib/python3.12/dist-packages/supervision/key_points/core.py:308: SupervisionWarnings: 'KeyPoints.confidence' is deprecated since 0.29.0 and will be removed in 0.32.0. Use 'KeyPoints.keypoint_confidence' instead.
  warn_deprecated(
/usr/local/lib/python3.12/dist-packages/supervision/key_points/core.py:308: SupervisionWarnings: 'KeyPoints.confidence' is deprecated since 0.29.0 and will be removed in 0.32.0. Use 'KeyPoints.keypoint_confidence' instead.
  warn_deprecated(
/usr/local/lib/python3.12/dist-packages/supervision/key_points/core.py:308: SupervisionWarnings: 'KeyPoints.confidence' is deprecated since 0.29.0 and will be removed in 0.32.0. Use 'KeyPoints.keypoint_confidence' instead.
  warn_deprecated(
/usr/local/lib/python3.12/dist-packages/supervision/key_points/core.py:308: SupervisionWarnings: 'KeyPoints.confidence' is deprecated since 0.29.0 and will be removed in 0.32.0. Use 'KeyPoints.keypoint_confidence' instead.
  warn_deprecated(
 85%|████████▍ | 635/750 [10:40<01:53,  1.02it/s]/usr/local/lib/python3.12/dist-packages/supervision/key_points/core.py:316: SupervisionWarnings: 'KeyPoints.confidence' is deprecated since 0.29.0 and will be removed in 0.32.0. Use 'KeyPoints.keypoint_confidence' instead.
  warn_deprecated(
/usr/local/lib/python3.12/dist-packages/supervision/key_points/core.py:308: SupervisionWarnings: 'KeyPoints.confidence' is deprecated since 0.29.0 and will be removed in 0.32.0. Use 'KeyPoints.keypoint_confidence' instead.
  warn_deprecated(
/usr/local/lib/python3.12/dist-packages/supervision/key_points/core.py:308: SupervisionWarnings: 'KeyPoints.confidence' is deprecated since 0.29.0 and will be removed in 0.32.0. Use 'KeyPoints.keypoint_confidence' instead.
  warn_deprecated(
/usr/local/lib/python3.12/dist-packages/supervision/key_points/core.py:308: SupervisionWarnings: 'KeyPoints.confidence' is deprecated since 0.29.0 and will be removed in 0.32.0. Use 'KeyPoints.keypoint_confidence' instead.
  warn_deprecated(
/usr/local/lib/python3.12/dist-packages/supervision/key_points/core.py:308: SupervisionWarnings: 'KeyPoints.confidence' is deprecated since 0.29.0 and will be removed in 0.32.0. Use 'KeyPoints.keypoint_confidence' instead.
  warn_deprecated(
 85%|████████▍ | 636/750 [10:41<01:45,  1.08it/s]/usr/local/lib/python3.12/dist-packages/supervision/key_points/core.py:316: SupervisionWarnings: 'KeyPoints.confidence' is deprecated since 0.29.0 and will be removed in 0.32.0. Use 'KeyPoints.keypoint_confidence' instead.
  warn_deprecated(
/usr/local/lib/python3.12/dist-packages/supervision/key_points/core.py:308: SupervisionWarnings: 'KeyPoints.confidence' is deprecated since 0.29.0 and will be removed in 0.32.0. Use 'KeyPoints.keypoint_confidence' instead.
  warn_deprecated(
/usr/local/lib/python3.12/dist-packages/supervision/key_points/core.py:308: SupervisionWarnings: 'KeyPoints.confidence' is deprecated since 0.29.0 and will be removed in 0.32.0. Use 'KeyPoints.keypoint_confidence' instead.
  warn_deprecated(
/usr/local/lib/python3.12/dist-packages/supervision/key_points/core.py:308: SupervisionWarnings: 'KeyPoints.confidence' is deprecated since 0.29.0 and will be removed in 0.32.0. Use 'KeyPoints.keypoint_confidence' instead.
  warn_deprecated(
/usr/local/lib/python3.12/dist-packages/supervision/key_points/core.py:308: SupervisionWarnings: 'KeyPoints.confidence' is deprecated since 0.29.0 and will be removed in 0.32.0. Use 'KeyPoints.keypoint_confidence' instead.
  warn_deprecated(
 85%|████████▍ | 637/750 [10:42<01:41,  1.11it/s]/usr/local/lib/python3.12/dist-packages/supervision/key_points/core.py:316: SupervisionWarnings: 'KeyPoints.confidence' is deprecated since 0.29.0 and will be removed in 0.32.0. Use 'KeyPoints.keypoint_confidence' instead.
  warn_deprecated(
/usr/local/lib/python3.12/dist-packages/supervision/key_points/core.py:308: SupervisionWarnings: 'KeyPoints.confidence' is deprecated since 0.29.0 and will be removed in 0.32.0. Use 'KeyPoints.keypoint_confidence' instead.
  warn_deprecated(
/usr/local/lib/python3.12/dist-packages/supervision/key_points/core.py:308: SupervisionWarnings: 'KeyPoints.confidence' is deprecated since 0.29.0 and will be removed in 0.32.0. Use 'KeyPoints.keypoint_confidence' instead.
  warn_deprecated(
/usr/local/lib/python3.12/dist-packages/supervision/key_points/core.py:308: SupervisionWarnings: 'KeyPoints.confidence' is deprecated since 0.29.0 and will be removed in 0.32.0. Use 'KeyPoints.keypoint_confidence' instead.
  warn_deprecated(
/usr/local/lib/python3.12/dist-packages/supervision/key_points/core.py:308: SupervisionWarnings: 'KeyPoints.confidence' is deprecated since 0.29.0 and will be removed in 0.32.0. Use 'KeyPoints.keypoint_confidence' instead.
  warn_deprecated(
 85%|████████▌ | 638/750 [10:43<01:42,  1.09it/s]/usr/local/lib/python3.12/dist-packages/supervision/key_points/core.py:316: SupervisionWarnings: 'KeyPoints.confidence' is deprecated since 0.29.0 and will be removed in 0.32.0. Use 'KeyPoints.keypoint_confidence' instead.
  warn_deprecated(
/usr/local/lib/python3.12/dist-packages/supervision/key_points/core.py:308: SupervisionWarnings: 'KeyPoints.confidence' is deprecated since 0.29.0 and will be removed in 0.32.0. Use 'KeyPoints.keypoint_confidence' instead.
  warn_deprecated(
/usr/local/lib/python3.12/dist-packages/supervision/key_points/core.py:308: SupervisionWarnings: 'KeyPoints.confidence' is deprecated since 0.29.0 and will be removed in 0.32.0. Use 'KeyPoints.keypoint_confidence' instead.
  warn_deprecated(
/usr/local/lib/python3.12/dist-packages/supervision/key_points/core.py:308: SupervisionWarnings: 'KeyPoints.confidence' is deprecated since 0.29.0 and will be removed in 0.32.0. Use 'KeyPoints.keypoint_confidence' instead.
  warn_deprecated(
/usr/local/lib/python3.12/dist-packages/supervision/key_points/core.py:308: SupervisionWarnings: 'KeyPoints.confidence' is deprecated since 0.29.0 and will be removed in 0.32.0. Use 'KeyPoints.keypoint_confidence' instead.
  warn_deprecated(
 85%|████████▌ | 639/750 [10:44<01:45,  1.06it/s]/usr/local/lib/python3.12/dist-packages/supervision/key_points/core.py:316: SupervisionWarnings: 'KeyPoints.confidence' is deprecated since 0.29.0 and will be removed in 0.32.0. Use 'KeyPoints.keypoint_confidence' instead.
  warn_deprecated(
/usr/local/lib/python3.12/dist-packages/supervision/key_points/core.py:308: SupervisionWarnings: 'KeyPoints.confidence' is deprecated since 0.29.0 and will be removed in 0.32.0. Use 'KeyPoints.keypoint_confidence' instead.
  warn_deprecated(
/usr/local/lib/python3.12/dist-packages/supervision/key_points/core.py:308: SupervisionWarnings: 'KeyPoints.confidence' is deprecated since 0.29.0 and will be removed in 0.32.0. Use 'KeyPoints.keypoint_confidence' instead.
  warn_deprecated(
/usr/local/lib/python3.12/dist-packages/supervision/key_points/core.py:308: SupervisionWarnings: 'KeyPoints.confidence' is deprecated since 0.29.0 and will be removed in 0.32.0. Use 'KeyPoints.keypoint_confidence' instead.
  warn_deprecated(
/usr/local/lib/python3.12/dist-packages/supervision/key_points/core.py:308: SupervisionWarnings: 'KeyPoints.confidence' is deprecated since 0.29.0 and will be removed in 0.32.0. Use 'KeyPoints.keypoint_confidence' instead.
  warn_deprecated(
 85%|████████▌ | 640/750 [10:45<01:47,  1.03it/s]/usr/local/lib/python3.12/dist-packages/supervision/key_points/core.py:316: SupervisionWarnings: 'KeyPoints.confidence' is deprecated since 0.29.0 and will be removed in 0.32.0. Use 'KeyPoints.keypoint_confidence' instead.
  warn_deprecated(
/usr/local/lib/python3.12/dist-packages/supervision/key_points/core.py:308: SupervisionWarnings: 'KeyPoints.confidence' is deprecated since 0.29.0 and will be removed in 0.32.0. Use 'KeyPoints.keypoint_confidence' instead.
  warn_deprecated(
/usr/local/lib/python3.12/dist-packages/supervision/key_points/core.py:308: SupervisionWarnings: 'KeyPoints.confidence' is deprecated since 0.29.0 and will be removed in 0.32.0. Use 'KeyPoints.keypoint_confidence' instead.
  warn_deprecated(
/usr/local/lib/python3.12/dist-packages/supervision/key_points/core.py:308: SupervisionWarnings: 'KeyPoints.confidence' is deprecated since 0.29.0 and will be removed in 0.32.0. Use 'KeyPoints.keypoint_confidence' instead.
  warn_deprecated(
/usr/local/lib/python3.12/dist-packages/supervision/key_points/core.py:308: SupervisionWarnings: 'KeyPoints.confidence' is deprecated since 0.29.0 and will be removed in 0.32.0. Use 'KeyPoints.keypoint_confidence' instead.
  warn_deprecated(
 85%|████████▌ | 641/750 [10:46<01:45,  1.03it/s]/usr/local/lib/python3.12/dist-packages/supervision/key_points/core.py:316: SupervisionWarnings: 'KeyPoints.confidence' is deprecated since 0.29.0 and will be removed in 0.32.0. Use 'KeyPoints.keypoint_confidence' instead.
  warn_deprecated(
/usr/local/lib/python3.12/dist-packages/supervision/key_points/core.py:308: SupervisionWarnings: 'KeyPoints.confidence' is deprecated since 0.29.0 and will be removed in 0.32.0. Use 'KeyPoints.keypoint_confidence' instead.
  warn_deprecated(
/usr/local/lib/python3.12/dist-packages/supervision/key_points/core.py:308: SupervisionWarnings: 'KeyPoints.confidence' is deprecated since 0.29.0 and will be removed in 0.32.0. Use 'KeyPoints.keypoint_confidence' instead.
  warn_deprecated(
/usr/local/lib/python3.12/dist-packages/supervision/key_points/core.py:308: SupervisionWarnings: 'KeyPoints.confidence' is deprecated since 0.29.0 and will be removed in 0.32.0. Use 'KeyPoints.keypoint_confidence' instead.
  warn_deprecated(
/usr/local/lib/python3.12/dist-packages/supervision/key_points/core.py:308: SupervisionWarnings: 'KeyPoints.confidence' is deprecated since 0.29.0 and will be removed in 0.32.0. Use 'KeyPoints.keypoint_confidence' instead.
  warn_deprecated(
 86%|████████▌ | 642/750 [10:47<01:54,  1.06s/it]/usr/local/lib/python3.12/dist-packages/supervision/key_points/core.py:316: SupervisionWarnings: 'KeyPoints.confidence' is deprecated since 0.29.0 and will be removed in 0.32.0. Use 'KeyPoints.keypoint_confidence' instead.
  warn_deprecated(
/usr/local/lib/python3.12/dist-packages/supervision/key_points/core.py:308: SupervisionWarnings: 'KeyPoints.confidence' is deprecated since 0.29.0 and will be removed in 0.32.0. Use 'KeyPoints.keypoint_confidence' instead.
  warn_deprecated(
/usr/local/lib/python3.12/dist-packages/supervision/key_points/core.py:308: SupervisionWarnings: 'KeyPoints.confidence' is deprecated since 0.29.0 and will be removed in 0.32.0. Use 'KeyPoints.keypoint_confidence' instead.
  warn_deprecated(
/usr/local/lib/python3.12/dist-packages/supervision/key_points/core.py:308: SupervisionWarnings: 'KeyPoints.confidence' is deprecated since 0.29.0 and will be removed in 0.32.0. Use 'KeyPoints.keypoint_confidence' instead.
  warn_deprecated(
/usr/local/lib/python3.12/dist-packages/supervision/key_points/core.py:308: SupervisionWarnings: 'KeyPoints.confidence' is deprecated since 0.29.0 and will be removed in 0.32.0. Use 'KeyPoints.keypoint_confidence' instead.
  warn_deprecated(
 86%|████████▌ | 643/750 [10:48<01:44,  1.02it/s]/usr/local/lib/python3.12/dist-packages/supervision/key_points/core.py:316: SupervisionWarnings: 'KeyPoints.confidence' is deprecated since 0.29.0 and will be removed in 0.32.0. Use 'KeyPoints.keypoint_confidence' instead.
  warn_deprecated(
/usr/local/lib/python3.12/dist-packages/supervision/key_points/core.py:308: SupervisionWarnings: 'KeyPoints.confidence' is deprecated since 0.29.0 and will be removed in 0.32.0. Use 'KeyPoints.keypoint_confidence' instead.
  warn_deprecated(
/usr/local/lib/python3.12/dist-packages/supervision/key_points/core.py:308: SupervisionWarnings: 'KeyPoints.confidence' is deprecated since 0.29.0 and will be removed in 0.32.0. Use 'KeyPoints.keypoint_confidence' instead.
  warn_deprecated(
/usr/local/lib/python3.12/dist-packages/supervision/key_points/core.py:308: SupervisionWarnings: 'KeyPoints.confidence' is deprecated since 0.29.0 and will be removed in 0.32.0. Use 'KeyPoints.keypoint_confidence' instead.
  warn_deprecated(
/usr/local/lib/python3.12/dist-packages/supervision/key_points/core.py:308: SupervisionWarnings: 'KeyPoints.confidence' is deprecated since 0.29.0 and will be removed in 0.32.0. Use 'KeyPoints.keypoint_confidence' instead.
  warn_deprecated(
 86%|████████▌ | 644/750 [10:48<01:37,  1.09it/s]/usr/local/lib/python3.12/dist-packages/supervision/key_points/core.py:316: SupervisionWarnings: 'KeyPoints.confidence' is deprecated since 0.29.0 and will be removed in 0.32.0. Use 'KeyPoints.keypoint_confidence' instead.
  warn_deprecated(
/usr/local/lib/python3.12/dist-packages/supervision/key_points/core.py:308: SupervisionWarnings: 'KeyPoints.confidence' is deprecated since 0.29.0 and will be removed in 0.32.0. Use 'KeyPoints.keypoint_confidence' instead.
  warn_deprecated(
/usr/local/lib/python3.12/dist-packages/supervision/key_points/core.py:308: SupervisionWarnings: 'KeyPoints.confidence' is deprecated since 0.29.0 and will be removed in 0.32.0. Use 'KeyPoints.keypoint_confidence' instead.
  warn_deprecated(
/usr/local/lib/python3.12/dist-packages/supervision/key_points/core.py:308: SupervisionWarnings: 'KeyPoints.confidence' is deprecated since 0.29.0 and will be removed in 0.32.0. Use 'KeyPoints.keypoint_confidence' instead.
  warn_deprecated(
/usr/local/lib/python3.12/dist-packages/supervision/key_points/core.py:308: SupervisionWarnings: 'KeyPoints.confidence' is deprecated since 0.29.0 and will be removed in 0.32.0. Use 'KeyPoints.keypoint_confidence' instead.
  warn_deprecated(
 86%|████████▌ | 645/750 [10:49<01:32,  1.14it/s]/usr/local/lib/python3.12/dist-packages/supervision/key_points/core.py:316: SupervisionWarnings: 'KeyPoints.confidence' is deprecated since 0.29.0 and will be removed in 0.32.0. Use 'KeyPoints.keypoint_confidence' instead.
  warn_deprecated(
/usr/local/lib/python3.12/dist-packages/supervision/key_points/core.py:308: SupervisionWarnings: 'KeyPoints.confidence' is deprecated since 0.29.0 and will be removed in 0.32.0. Use 'KeyPoints.keypoint_confidence' instead.
  warn_deprecated(
/usr/local/lib/python3.12/dist-packages/supervision/key_points/core.py:308: SupervisionWarnings: 'KeyPoints.confidence' is deprecated since 0.29.0 and will be removed in 0.32.0. Use 'KeyPoints.keypoint_confidence' instead.
  warn_deprecated(
/usr/local/lib/python3.12/dist-packages/supervision/key_points/core.py:308: SupervisionWarnings: 'KeyPoints.confidence' is deprecated since 0.29.0 and will be removed in 0.32.0. Use 'KeyPoints.keypoint_confidence' instead.
  warn_deprecated(
/usr/local/lib/python3.12/dist-packages/supervision/key_points/core.py:308: SupervisionWarnings: 'KeyPoints.confidence' is deprecated since 0.29.0 and will be removed in 0.32.0. Use 'KeyPoints.keypoint_confidence' instead.
  warn_deprecated(
 86%|████████▌ | 646/750 [10:50<01:29,  1.16it/s]/usr/local/lib/python3.12/dist-packages/supervision/key_points/core.py:316: SupervisionWarnings: 'KeyPoints.confidence' is deprecated since 0.29.0 and will be removed in 0.32.0. Use 'KeyPoints.keypoint_confidence' instead.
  warn_deprecated(
/usr/local/lib/python3.12/dist-packages/supervision/key_points/core.py:308: SupervisionWarnings: 'KeyPoints.confidence' is deprecated since 0.29.0 and will be removed in 0.32.0. Use 'KeyPoints.keypoint_confidence' instead.
  warn_deprecated(
/usr/local/lib/python3.12/dist-packages/supervision/key_points/core.py:308: SupervisionWarnings: 'KeyPoints.confidence' is deprecated since 0.29.0 and will be removed in 0.32.0. Use 'KeyPoints.keypoint_confidence' instead.
  warn_deprecated(
/usr/local/lib/python3.12/dist-packages/supervision/key_points/core.py:308: SupervisionWarnings: 'KeyPoints.confidence' is deprecated since 0.29.0 and will be removed in 0.32.0. Use 'KeyPoints.keypoint_confidence' instead.
  warn_deprecated(
/usr/local/lib/python3.12/dist-packages/supervision/key_points/core.py:308: SupervisionWarnings: 'KeyPoints.confidence' is deprecated since 0.29.0 and will be removed in 0.32.0. Use 'KeyPoints.keypoint_confidence' instead.
  warn_deprecated(
 86%|████████▋ | 647/750 [10:51<01:39,  1.03it/s]/usr/local/lib/python3.12/dist-packages/supervision/key_points/core.py:316: SupervisionWarnings: 'KeyPoints.confidence' is deprecated since 0.29.0 and will be removed in 0.32.0. Use 'KeyPoints.keypoint_confidence' instead.
  warn_deprecated(
/usr/local/lib/python3.12/dist-packages/supervision/key_points/core.py:308: SupervisionWarnings: 'KeyPoints.confidence' is deprecated since 0.29.0 and will be removed in 0.32.0. Use 'KeyPoints.keypoint_confidence' instead.
  warn_deprecated(
/usr/local/lib/python3.12/dist-packages/supervision/key_points/core.py:308: SupervisionWarnings: 'KeyPoints.confidence' is deprecated since 0.29.0 and will be removed in 0.32.0. Use 'KeyPoints.keypoint_confidence' instead.
  warn_deprecated(
/usr/local/lib/python3.12/dist-packages/supervision/key_points/core.py:308: SupervisionWarnings: 'KeyPoints.confidence' is deprecated since 0.29.0 and will be removed in 0.32.0. Use 'KeyPoints.keypoint_confidence' instead.
  warn_deprecated(
/usr/local/lib/python3.12/dist-packages/supervision/key_points/core.py:308: SupervisionWarnings: 'KeyPoints.confidence' is deprecated since 0.29.0 and will be removed in 0.32.0. Use 'KeyPoints.keypoint_confidence' instead.
  warn_deprecated(
 86%|████████▋ | 648/750 [10:53<01:47,  1.05s/it]/usr/local/lib/python3.12/dist-packages/supervision/key_points/core.py:316: SupervisionWarnings: 'KeyPoints.confidence' is deprecated since 0.29.0 and will be removed in 0.32.0. Use 'KeyPoints.keypoint_confidence' instead.
  warn_deprecated(
/usr/local/lib/python3.12/dist-packages/supervision/key_points/core.py:308: SupervisionWarnings: 'KeyPoints.confidence' is deprecated since 0.29.0 and will be removed in 0.32.0. Use 'KeyPoints.keypoint_confidence' instead.
  warn_deprecated(
/usr/local/lib/python3.12/dist-packages/supervision/key_points/core.py:308: SupervisionWarnings: 'KeyPoints.confidence' is deprecated since 0.29.0 and will be removed in 0.32.0. Use 'KeyPoints.keypoint_confidence' instead.
  warn_deprecated(
/usr/local/lib/python3.12/dist-packages/supervision/key_points/core.py:308: SupervisionWarnings: 'KeyPoints.confidence' is deprecated since 0.29.0 and will be removed in 0.32.0. Use 'KeyPoints.keypoint_confidence' instead.
  warn_deprecated(
/usr/local/lib/python3.12/dist-packages/supervision/key_points/core.py:308: SupervisionWarnings: 'KeyPoints.confidence' is deprecated since 0.29.0 and will be removed in 0.32.0. Use 'KeyPoints.keypoint_confidence' instead.
  warn_deprecated(
 87%|████████▋ | 649/750 [10:54<01:51,  1.10s/it]/usr/local/lib/python3.12/dist-packages/supervision/key_points/core.py:316: SupervisionWarnings: 'KeyPoints.confidence' is deprecated since 0.29.0 and will be removed in 0.32.0. Use 'KeyPoints.keypoint_confidence' instead.
  warn_deprecated(
/usr/local/lib/python3.12/dist-packages/supervision/key_points/core.py:308: SupervisionWarnings: 'KeyPoints.confidence' is deprecated since 0.29.0 and will be removed in 0.32.0. Use 'KeyPoints.keypoint_confidence' instead.
  warn_deprecated(
/usr/local/lib/python3.12/dist-packages/supervision/key_points/core.py:308: SupervisionWarnings: 'KeyPoints.confidence' is deprecated since 0.29.0 and will be removed in 0.32.0. Use 'KeyPoints.keypoint_confidence' instead.
  warn_deprecated(
/usr/local/lib/python3.12/dist-packages/supervision/key_points/core.py:308: SupervisionWarnings: 'KeyPoints.confidence' is deprecated since 0.29.0 and will be removed in 0.32.0. Use 'KeyPoints.keypoint_confidence' instead.
  warn_deprecated(
/usr/local/lib/python3.12/dist-packages/supervision/key_points/core.py:308: SupervisionWarnings: 'KeyPoints.confidence' is deprecated since 0.29.0 and will be removed in 0.32.0. Use 'KeyPoints.keypoint_confidence' instead.
  warn_deprecated(
 87%|████████▋ | 650/750 [10:55<01:54,  1.14s/it]/usr/local/lib/python3.12/dist-packages/supervision/key_points/core.py:316: SupervisionWarnings: 'KeyPoints.confidence' is deprecated since 0.29.0 and will be removed in 0.32.0. Use 'KeyPoints.keypoint_confidence' instead.
  warn_deprecated(
/usr/local/lib/python3.12/dist-packages/supervision/key_points/core.py:308: SupervisionWarnings: 'KeyPoints.confidence' is deprecated since 0.29.0 and will be removed in 0.32.0. Use 'KeyPoints.keypoint_confidence' instead.
  warn_deprecated(
/usr/local/lib/python3.12/dist-packages/supervision/key_points/core.py:308: SupervisionWarnings: 'KeyPoints.confidence' is deprecated since 0.29.0 and will be removed in 0.32.0. Use 'KeyPoints.keypoint_confidence' instead.
  warn_deprecated(
/usr/local/lib/python3.12/dist-packages/supervision/key_points/core.py:308: SupervisionWarnings: 'KeyPoints.confidence' is deprecated since 0.29.0 and will be removed in 0.32.0. Use 'KeyPoints.keypoint_confidence' instead.
  warn_deprecated(
/usr/local/lib/python3.12/dist-packages/supervision/key_points/core.py:308: SupervisionWarnings: 'KeyPoints.confidence' is deprecated since 0.29.0 and will be removed in 0.32.0. Use 'KeyPoints.keypoint_confidence' instead.
  warn_deprecated(
 87%|████████▋ | 651/750 [10:56<01:56,  1.17s/it]/usr/local/lib/python3.12/dist-packages/supervision/key_points/core.py:316: SupervisionWarnings: 'KeyPoints.confidence' is deprecated since 0.29.0 and will be removed in 0.32.0. Use 'KeyPoints.keypoint_confidence' instead.
  warn_deprecated(
/usr/local/lib/python3.12/dist-packages/supervision/key_points/core.py:308: SupervisionWarnings: 'KeyPoints.confidence' is deprecated since 0.29.0 and will be removed in 0.32.0. Use 'KeyPoints.keypoint_confidence' instead.
  warn_deprecated(
/usr/local/lib/python3.12/dist-packages/supervision/key_points/core.py:308: SupervisionWarnings: 'KeyPoints.confidence' is deprecated since 0.29.0 and will be removed in 0.32.0. Use 'KeyPoints.keypoint_confidence' instead.
  warn_deprecated(
/usr/local/lib/python3.12/dist-packages/supervision/key_points/core.py:308: SupervisionWarnings: 'KeyPoints.confidence' is deprecated since 0.29.0 and will be removed in 0.32.0. Use 'KeyPoints.keypoint_confidence' instead.
  warn_deprecated(
/usr/local/lib/python3.12/dist-packages/supervision/key_points/core.py:308: SupervisionWarnings: 'KeyPoints.confidence' is deprecated since 0.29.0 and will be removed in 0.32.0. Use 'KeyPoints.keypoint_confidence' instead.
  warn_deprecated(
 87%|████████▋ | 652/750 [10:58<02:00,  1.23s/it]/usr/local/lib/python3.12/dist-packages/supervision/key_points/core.py:316: SupervisionWarnings: 'KeyPoints.confidence' is deprecated since 0.29.0 and will be removed in 0.32.0. Use 'KeyPoints.keypoint_confidence' instead.
  warn_deprecated(
/usr/local/lib/python3.12/dist-packages/supervision/key_points/core.py:308: SupervisionWarnings: 'KeyPoints.confidence' is deprecated since 0.29.0 and will be removed in 0.32.0. Use 'KeyPoints.keypoint_confidence' instead.
  warn_deprecated(
/usr/local/lib/python3.12/dist-packages/supervision/key_points/core.py:308: SupervisionWarnings: 'KeyPoints.confidence' is deprecated since 0.29.0 and will be removed in 0.32.0. Use 'KeyPoints.keypoint_confidence' instead.
  warn_deprecated(
/usr/local/lib/python3.12/dist-packages/supervision/key_points/core.py:308: SupervisionWarnings: 'KeyPoints.confidence' is deprecated since 0.29.0 and will be removed in 0.32.0. Use 'KeyPoints.keypoint_confidence' instead.
  warn_deprecated(
/usr/local/lib/python3.12/dist-packages/supervision/key_points/core.py:308: SupervisionWarnings: 'KeyPoints.confidence' is deprecated since 0.29.0 and will be removed in 0.32.0. Use 'KeyPoints.keypoint_confidence' instead.
  warn_deprecated(
 87%|████████▋ | 653/750 [10:59<02:06,  1.30s/it]/usr/local/lib/python3.12/dist-packages/supervision/key_points/core.py:316: SupervisionWarnings: 'KeyPoints.confidence' is deprecated since 0.29.0 and will be removed in 0.32.0. Use 'KeyPoints.keypoint_confidence' instead.
  warn_deprecated(
/usr/local/lib/python3.12/dist-packages/supervision/key_points/core.py:308: SupervisionWarnings: 'KeyPoints.confidence' is deprecated since 0.29.0 and will be removed in 0.32.0. Use 'KeyPoints.keypoint_confidence' instead.
  warn_deprecated(
/usr/local/lib/python3.12/dist-packages/supervision/key_points/core.py:308: SupervisionWarnings: 'KeyPoints.confidence' is deprecated since 0.29.0 and will be removed in 0.32.0. Use 'KeyPoints.keypoint_confidence' instead.
  warn_deprecated(
/usr/local/lib/python3.12/dist-packages/supervision/key_points/core.py:308: SupervisionWarnings: 'KeyPoints.confidence' is deprecated since 0.29.0 and will be removed in 0.32.0. Use 'KeyPoints.keypoint_confidence' instead.
  warn_deprecated(
/usr/local/lib/python3.12/dist-packages/supervision/key_points/core.py:308: SupervisionWarnings: 'KeyPoints.confidence' is deprecated since 0.29.0 and will be removed in 0.32.0. Use 'KeyPoints.keypoint_confidence' instead.
  warn_deprecated(
 87%|████████▋ | 654/750 [11:01<02:11,  1.37s/it]/usr/local/lib/python3.12/dist-packages/supervision/key_points/core.py:316: SupervisionWarnings: 'KeyPoints.confidence' is deprecated since 0.29.0 and will be removed in 0.32.0. Use 'KeyPoints.keypoint_confidence' instead.
  warn_deprecated(
/usr/local/lib/python3.12/dist-packages/supervision/key_points/core.py:308: SupervisionWarnings: 'KeyPoints.confidence' is deprecated since 0.29.0 and will be removed in 0.32.0. Use 'KeyPoints.keypoint_confidence' instead.
  warn_deprecated(
/usr/local/lib/python3.12/dist-packages/supervision/key_points/core.py:308: SupervisionWarnings: 'KeyPoints.confidence' is deprecated since 0.29.0 and will be removed in 0.32.0. Use 'KeyPoints.keypoint_confidence' instead.
  warn_deprecated(
/usr/local/lib/python3.12/dist-packages/supervision/key_points/core.py:308: SupervisionWarnings: 'KeyPoints.confidence' is deprecated since 0.29.0 and will be removed in 0.32.0. Use 'KeyPoints.keypoint_confidence' instead.
  warn_deprecated(
/usr/local/lib/python3.12/dist-packages/supervision/key_points/core.py:308: SupervisionWarnings: 'KeyPoints.confidence' is deprecated since 0.29.0 and will be removed in 0.32.0. Use 'KeyPoints.keypoint_confidence' instead.
  warn_deprecated(
 87%|████████▋ | 655/750 [11:02<02:08,  1.35s/it]/usr/local/lib/python3.12/dist-packages/supervision/key_points/core.py:316: SupervisionWarnings: 'KeyPoints.confidence' is deprecated since 0.29.0 and will be removed in 0.32.0. Use 'KeyPoints.keypoint_confidence' instead.
  warn_deprecated(
/usr/local/lib/python3.12/dist-packages/supervision/key_points/core.py:308: SupervisionWarnings: 'KeyPoints.confidence' is deprecated since 0.29.0 and will be removed in 0.32.0. Use 'KeyPoints.keypoint_confidence' instead.
  warn_deprecated(
/usr/local/lib/python3.12/dist-packages/supervision/key_points/core.py:308: SupervisionWarnings: 'KeyPoints.confidence' is deprecated since 0.29.0 and will be removed in 0.32.0. Use 'KeyPoints.keypoint_confidence' instead.
  warn_deprecated(
/usr/local/lib/python3.12/dist-packages/supervision/key_points/core.py:308: SupervisionWarnings: 'KeyPoints.confidence' is deprecated since 0.29.0 and will be removed in 0.32.0. Use 'KeyPoints.keypoint_confidence' instead.
  warn_deprecated(
/usr/local/lib/python3.12/dist-packages/supervision/key_points/core.py:308: SupervisionWarnings: 'KeyPoints.confidence' is deprecated since 0.29.0 and will be removed in 0.32.0. Use 'KeyPoints.keypoint_confidence' instead.
  warn_deprecated(
 87%|████████▋ | 656/750 [11:03<02:04,  1.32s/it]/usr/local/lib/python3.12/dist-packages/supervision/key_points/core.py:316: SupervisionWarnings: 'KeyPoints.confidence' is deprecated since 0.29.0 and will be removed in 0.32.0. Use 'KeyPoints.keypoint_confidence' instead.
  warn_deprecated(
/usr/local/lib/python3.12/dist-packages/supervision/key_points/core.py:308: SupervisionWarnings: 'KeyPoints.confidence' is deprecated since 0.29.0 and will be removed in 0.32.0. Use 'KeyPoints.keypoint_confidence' instead.
  warn_deprecated(
/usr/local/lib/python3.12/dist-packages/supervision/key_points/core.py:308: SupervisionWarnings: 'KeyPoints.confidence' is deprecated since 0.29.0 and will be removed in 0.32.0. Use 'KeyPoints.keypoint_confidence' instead.
  warn_deprecated(
/usr/local/lib/python3.12/dist-packages/supervision/key_points/core.py:308: SupervisionWarnings: 'KeyPoints.confidence' is deprecated since 0.29.0 and will be removed in 0.32.0. Use 'KeyPoints.keypoint_confidence' instead.
  warn_deprecated(
/usr/local/lib/python3.12/dist-packages/supervision/key_points/core.py:308: SupervisionWarnings: 'KeyPoints.confidence' is deprecated since 0.29.0 and will be removed in 0.32.0. Use 'KeyPoints.keypoint_confidence' instead.
  warn_deprecated(
 88%|████████▊ | 657/750 [11:04<01:49,  1.17s/it]/usr/local/lib/python3.12/dist-packages/supervision/key_points/core.py:316: SupervisionWarnings: 'KeyPoints.confidence' is deprecated since 0.29.0 and will be removed in 0.32.0. Use 'KeyPoints.keypoint_confidence' instead.
  warn_deprecated(
/usr/local/lib/python3.12/dist-packages/supervision/key_points/core.py:308: SupervisionWarnings: 'KeyPoints.confidence' is deprecated since 0.29.0 and will be removed in 0.32.0. Use 'KeyPoints.keypoint_confidence' instead.
  warn_deprecated(
/usr/local/lib/python3.12/dist-packages/supervision/key_points/core.py:308: SupervisionWarnings: 'KeyPoints.confidence' is deprecated since 0.29.0 and will be removed in 0.32.0. Use 'KeyPoints.keypoint_confidence' instead.
  warn_deprecated(
/usr/local/lib/python3.12/dist-packages/supervision/key_points/core.py:308: SupervisionWarnings: 'KeyPoints.confidence' is deprecated since 0.29.0 and will be removed in 0.32.0. Use 'KeyPoints.keypoint_confidence' instead.
  warn_deprecated(
/usr/local/lib/python3.12/dist-packages/supervision/key_points/core.py:308: SupervisionWarnings: 'KeyPoints.confidence' is deprecated since 0.29.0 and will be removed in 0.32.0. Use 'KeyPoints.keypoint_confidence' instead.
  warn_deprecated(
 88%|████████▊ | 658/750 [11:05<01:36,  1.05s/it]/usr/local/lib/python3.12/dist-packages/supervision/key_points/core.py:316: SupervisionWarnings: 'KeyPoints.confidence' is deprecated since 0.29.0 and will be removed in 0.32.0. Use 'KeyPoints.keypoint_confidence' instead.
  warn_deprecated(
/usr/local/lib/python3.12/dist-packages/supervision/key_points/core.py:308: SupervisionWarnings: 'KeyPoints.confidence' is deprecated since 0.29.0 and will be removed in 0.32.0. Use 'KeyPoints.keypoint_confidence' instead.
  warn_deprecated(
/usr/local/lib/python3.12/dist-packages/supervision/key_points/core.py:308: SupervisionWarnings: 'KeyPoints.confidence' is deprecated since 0.29.0 and will be removed in 0.32.0. Use 'KeyPoints.keypoint_confidence' instead.
  warn_deprecated(
/usr/local/lib/python3.12/dist-packages/supervision/key_points/core.py:308: SupervisionWarnings: 'KeyPoints.confidence' is deprecated since 0.29.0 and will be removed in 0.32.0. Use 'KeyPoints.keypoint_confidence' instead.
  warn_deprecated(
/usr/local/lib/python3.12/dist-packages/supervision/key_points/core.py:308: SupervisionWarnings: 'KeyPoints.confidence' is deprecated since 0.29.0 and will be removed in 0.32.0. Use 'KeyPoints.keypoint_confidence' instead.
  warn_deprecated(
 88%|████████▊ | 659/750 [11:06<01:28,  1.02it/s]/usr/local/lib/python3.12/dist-packages/supervision/key_points/core.py:316: SupervisionWarnings: 'KeyPoints.confidence' is deprecated since 0.29.0 and will be removed in 0.32.0. Use 'KeyPoints.keypoint_confidence' instead.
  warn_deprecated(
/usr/local/lib/python3.12/dist-packages/supervision/key_points/core.py:308: SupervisionWarnings: 'KeyPoints.confidence' is deprecated since 0.29.0 and will be removed in 0.32.0. Use 'KeyPoints.keypoint_confidence' instead.
  warn_deprecated(
/usr/local/lib/python3.12/dist-packages/supervision/key_points/core.py:308: SupervisionWarnings: 'KeyPoints.confidence' is deprecated since 0.29.0 and will be removed in 0.32.0. Use 'KeyPoints.keypoint_confidence' instead.
  warn_deprecated(
/usr/local/lib/python3.12/dist-packages/supervision/key_points/core.py:308: SupervisionWarnings: 'KeyPoints.confidence' is deprecated since 0.29.0 and will be removed in 0.32.0. Use 'KeyPoints.keypoint_confidence' instead.
  warn_deprecated(
/usr/local/lib/python3.12/dist-packages/supervision/key_points/core.py:308: SupervisionWarnings: 'KeyPoints.confidence' is deprecated since 0.29.0 and will be removed in 0.32.0. Use 'KeyPoints.keypoint_confidence' instead.
  warn_deprecated(
 88%|████████▊ | 660/750 [11:06<01:23,  1.08it/s]/usr/local/lib/python3.12/dist-packages/supervision/key_points/core.py:316: SupervisionWarnings: 'KeyPoints.confidence' is deprecated since 0.29.0 and will be removed in 0.32.0. Use 'KeyPoints.keypoint_confidence' instead.
  warn_deprecated(
/usr/local/lib/python3.12/dist-packages/supervision/key_points/core.py:308: SupervisionWarnings: 'KeyPoints.confidence' is deprecated since 0.29.0 and will be removed in 0.32.0. Use 'KeyPoints.keypoint_confidence' instead.
  warn_deprecated(
/usr/local/lib/python3.12/dist-packages/supervision/key_points/core.py:308: SupervisionWarnings: 'KeyPoints.confidence' is deprecated since 0.29.0 and will be removed in 0.32.0. Use 'KeyPoints.keypoint_confidence' instead.
  warn_deprecated(
/usr/local/lib/python3.12/dist-packages/supervision/key_points/core.py:308: SupervisionWarnings: 'KeyPoints.confidence' is deprecated since 0.29.0 and will be removed in 0.32.0. Use 'KeyPoints.keypoint_confidence' instead.
  warn_deprecated(
/usr/local/lib/python3.12/dist-packages/supervision/key_points/core.py:308: SupervisionWarnings: 'KeyPoints.confidence' is deprecated since 0.29.0 and will be removed in 0.32.0. Use 'KeyPoints.keypoint_confidence' instead.
  warn_deprecated(
 88%|████████▊ | 661/750 [11:07<01:18,  1.13it/s]/usr/local/lib/python3.12/dist-packages/supervision/key_points/core.py:316: SupervisionWarnings: 'KeyPoints.confidence' is deprecated since 0.29.0 and will be removed in 0.32.0. Use 'KeyPoints.keypoint_confidence' instead.
  warn_deprecated(
/usr/local/lib/python3.12/dist-packages/supervision/key_points/core.py:308: SupervisionWarnings: 'KeyPoints.confidence' is deprecated since 0.29.0 and will be removed in 0.32.0. Use 'KeyPoints.keypoint_confidence' instead.
  warn_deprecated(
/usr/local/lib/python3.12/dist-packages/supervision/key_points/core.py:308: SupervisionWarnings: 'KeyPoints.confidence' is deprecated since 0.29.0 and will be removed in 0.32.0. Use 'KeyPoints.keypoint_confidence' instead.
  warn_deprecated(
/usr/local/lib/python3.12/dist-packages/supervision/key_points/core.py:308: SupervisionWarnings: 'KeyPoints.confidence' is deprecated since 0.29.0 and will be removed in 0.32.0. Use 'KeyPoints.keypoint_confidence' instead.
  warn_deprecated(
/usr/local/lib/python3.12/dist-packages/supervision/key_points/core.py:308: SupervisionWarnings: 'KeyPoints.confidence' is deprecated since 0.29.0 and will be removed in 0.32.0. Use 'KeyPoints.keypoint_confidence' instead.
  warn_deprecated(
 88%|████████▊ | 662/750 [11:08<01:15,  1.16it/s]/usr/local/lib/python3.12/dist-packages/supervision/key_points/core.py:316: SupervisionWarnings: 'KeyPoints.confidence' is deprecated since 0.29.0 and will be removed in 0.32.0. Use 'KeyPoints.keypoint_confidence' instead.
  warn_deprecated(
/usr/local/lib/python3.12/dist-packages/supervision/key_points/core.py:308: SupervisionWarnings: 'KeyPoints.confidence' is deprecated since 0.29.0 and will be removed in 0.32.0. Use 'KeyPoints.keypoint_confidence' instead.
  warn_deprecated(
/usr/local/lib/python3.12/dist-packages/supervision/key_points/core.py:308: SupervisionWarnings: 'KeyPoints.confidence' is deprecated since 0.29.0 and will be removed in 0.32.0. Use 'KeyPoints.keypoint_confidence' instead.
  warn_deprecated(
/usr/local/lib/python3.12/dist-packages/supervision/key_points/core.py:308: SupervisionWarnings: 'KeyPoints.confidence' is deprecated since 0.29.0 and will be removed in 0.32.0. Use 'KeyPoints.keypoint_confidence' instead.
  warn_deprecated(
/usr/local/lib/python3.12/dist-packages/supervision/key_points/core.py:308: SupervisionWarnings: 'KeyPoints.confidence' is deprecated since 0.29.0 and will be removed in 0.32.0. Use 'KeyPoints.keypoint_confidence' instead.
  warn_deprecated(
 88%|████████▊ | 663/750 [11:09<01:12,  1.19it/s]/usr/local/lib/python3.12/dist-packages/supervision/key_points/core.py:316: SupervisionWarnings: 'KeyPoints.confidence' is deprecated since 0.29.0 and will be removed in 0.32.0. Use 'KeyPoints.keypoint_confidence' instead.
  warn_deprecated(
/usr/local/lib/python3.12/dist-packages/supervision/key_points/core.py:308: SupervisionWarnings: 'KeyPoints.confidence' is deprecated since 0.29.0 and will be removed in 0.32.0. Use 'KeyPoints.keypoint_confidence' instead.
  warn_deprecated(
/usr/local/lib/python3.12/dist-packages/supervision/key_points/core.py:308: SupervisionWarnings: 'KeyPoints.confidence' is deprecated since 0.29.0 and will be removed in 0.32.0. Use 'KeyPoints.keypoint_confidence' instead.
  warn_deprecated(
/usr/local/lib/python3.12/dist-packages/supervision/key_points/core.py:308: SupervisionWarnings: 'KeyPoints.confidence' is deprecated since 0.29.0 and will be removed in 0.32.0. Use 'KeyPoints.keypoint_confidence' instead.
  warn_deprecated(
/usr/local/lib/python3.12/dist-packages/supervision/key_points/core.py:308: SupervisionWarnings: 'KeyPoints.confidence' is deprecated since 0.29.0 and will be removed in 0.32.0. Use 'KeyPoints.keypoint_confidence' instead.
  warn_deprecated(
 89%|████████▊ | 664/750 [11:10<01:10,  1.21it/s]/usr/local/lib/python3.12/dist-packages/supervision/key_points/core.py:316: SupervisionWarnings: 'KeyPoints.confidence' is deprecated since 0.29.0 and will be removed in 0.32.0. Use 'KeyPoints.keypoint_confidence' instead.
  warn_deprecated(
/usr/local/lib/python3.12/dist-packages/supervision/key_points/core.py:308: SupervisionWarnings: 'KeyPoints.confidence' is deprecated since 0.29.0 and will be removed in 0.32.0. Use 'KeyPoints.keypoint_confidence' instead.
  warn_deprecated(
/usr/local/lib/python3.12/dist-packages/supervision/key_points/core.py:308: SupervisionWarnings: 'KeyPoints.confidence' is deprecated since 0.29.0 and will be removed in 0.32.0. Use 'KeyPoints.keypoint_confidence' instead.
  warn_deprecated(
/usr/local/lib/python3.12/dist-packages/supervision/key_points/core.py:308: SupervisionWarnings: 'KeyPoints.confidence' is deprecated since 0.29.0 and will be removed in 0.32.0. Use 'KeyPoints.keypoint_confidence' instead.
  warn_deprecated(
/usr/local/lib/python3.12/dist-packages/supervision/key_points/core.py:308: SupervisionWarnings: 'KeyPoints.confidence' is deprecated since 0.29.0 and will be removed in 0.32.0. Use 'KeyPoints.keypoint_confidence' instead.
  warn_deprecated(
 89%|████████▊ | 665/750 [11:10<01:09,  1.22it/s]/usr/local/lib/python3.12/dist-packages/supervision/key_points/core.py:316: SupervisionWarnings: 'KeyPoints.confidence' is deprecated since 0.29.0 and will be removed in 0.32.0. Use 'KeyPoints.keypoint_confidence' instead.
  warn_deprecated(
/usr/local/lib/python3.12/dist-packages/supervision/key_points/core.py:308: SupervisionWarnings: 'KeyPoints.confidence' is deprecated since 0.29.0 and will be removed in 0.32.0. Use 'KeyPoints.keypoint_confidence' instead.
  warn_deprecated(
/usr/local/lib/python3.12/dist-packages/supervision/key_points/core.py:308: SupervisionWarnings: 'KeyPoints.confidence' is deprecated since 0.29.0 and will be removed in 0.32.0. Use 'KeyPoints.keypoint_confidence' instead.
  warn_deprecated(
/usr/local/lib/python3.12/dist-packages/supervision/key_points/core.py:308: SupervisionWarnings: 'KeyPoints.confidence' is deprecated since 0.29.0 and will be removed in 0.32.0. Use 'KeyPoints.keypoint_confidence' instead.
  warn_deprecated(
/usr/local/lib/python3.12/dist-packages/supervision/key_points/core.py:308: SupervisionWarnings: 'KeyPoints.confidence' is deprecated since 0.29.0 and will be removed in 0.32.0. Use 'KeyPoints.keypoint_confidence' instead.
  warn_deprecated(
 89%|████████▉ | 666/750 [11:11<01:10,  1.19it/s]/usr/local/lib/python3.12/dist-packages/supervision/key_points/core.py:316: SupervisionWarnings: 'KeyPoints.confidence' is deprecated since 0.29.0 and will be removed in 0.32.0. Use 'KeyPoints.keypoint_confidence' instead.
  warn_deprecated(
/usr/local/lib/python3.12/dist-packages/supervision/key_points/core.py:308: SupervisionWarnings: 'KeyPoints.confidence' is deprecated since 0.29.0 and will be removed in 0.32.0. Use 'KeyPoints.keypoint_confidence' instead.
  warn_deprecated(
/usr/local/lib/python3.12/dist-packages/supervision/key_points/core.py:308: SupervisionWarnings: 'KeyPoints.confidence' is deprecated since 0.29.0 and will be removed in 0.32.0. Use 'KeyPoints.keypoint_confidence' instead.
  warn_deprecated(
/usr/local/lib/python3.12/dist-packages/supervision/key_points/core.py:308: SupervisionWarnings: 'KeyPoints.confidence' is deprecated since 0.29.0 and will be removed in 0.32.0. Use 'KeyPoints.keypoint_confidence' instead.
  warn_deprecated(
/usr/local/lib/python3.12/dist-packages/supervision/key_points/core.py:308: SupervisionWarnings: 'KeyPoints.confidence' is deprecated since 0.29.0 and will be removed in 0.32.0. Use 'KeyPoints.keypoint_confidence' instead.
  warn_deprecated(
 89%|████████▉ | 667/750 [11:12<01:13,  1.13it/s]/usr/local/lib/python3.12/dist-packages/supervision/key_points/core.py:316: SupervisionWarnings: 'KeyPoints.confidence' is deprecated since 0.29.0 and will be removed in 0.32.0. Use 'KeyPoints.keypoint_confidence' instead.
  warn_deprecated(
/usr/local/lib/python3.12/dist-packages/supervision/key_points/core.py:308: SupervisionWarnings: 'KeyPoints.confidence' is deprecated since 0.29.0 and will be removed in 0.32.0. Use 'KeyPoints.keypoint_confidence' instead.
  warn_deprecated(
/usr/local/lib/python3.12/dist-packages/supervision/key_points/core.py:308: SupervisionWarnings: 'KeyPoints.confidence' is deprecated since 0.29.0 and will be removed in 0.32.0. Use 'KeyPoints.keypoint_confidence' instead.
  warn_deprecated(
/usr/local/lib/python3.12/dist-packages/supervision/key_points/core.py:308: SupervisionWarnings: 'KeyPoints.confidence' is deprecated since 0.29.0 and will be removed in 0.32.0. Use 'KeyPoints.keypoint_confidence' instead.
  warn_deprecated(
/usr/local/lib/python3.12/dist-packages/supervision/key_points/core.py:308: SupervisionWarnings: 'KeyPoints.confidence' is deprecated since 0.29.0 and will be removed in 0.32.0. Use 'KeyPoints.keypoint_confidence' instead.
  warn_deprecated(
 89%|████████▉ | 668/750 [11:13<01:13,  1.11it/s]/usr/local/lib/python3.12/dist-packages/supervision/key_points/core.py:316: SupervisionWarnings: 'KeyPoints.confidence' is deprecated since 0.29.0 and will be removed in 0.32.0. Use 'KeyPoints.keypoint_confidence' instead.
  warn_deprecated(
/usr/local/lib/python3.12/dist-packages/supervision/key_points/core.py:308: SupervisionWarnings: 'KeyPoints.confidence' is deprecated since 0.29.0 and will be removed in 0.32.0. Use 'KeyPoints.keypoint_confidence' instead.
  warn_deprecated(
/usr/local/lib/python3.12/dist-packages/supervision/key_points/core.py:308: SupervisionWarnings: 'KeyPoints.confidence' is deprecated since 0.29.0 and will be removed in 0.32.0. Use 'KeyPoints.keypoint_confidence' instead.
  warn_deprecated(
/usr/local/lib/python3.12/dist-packages/supervision/key_points/core.py:308: SupervisionWarnings: 'KeyPoints.confidence' is deprecated since 0.29.0 and will be removed in 0.32.0. Use 'KeyPoints.keypoint_confidence' instead.
  warn_deprecated(
/usr/local/lib/python3.12/dist-packages/supervision/key_points/core.py:308: SupervisionWarnings: 'KeyPoints.confidence' is deprecated since 0.29.0 and will be removed in 0.32.0. Use 'KeyPoints.keypoint_confidence' instead.
  warn_deprecated(
 89%|████████▉ | 669/750 [11:14<01:15,  1.08it/s]/usr/local/lib/python3.12/dist-packages/supervision/key_points/core.py:316: SupervisionWarnings: 'KeyPoints.confidence' is deprecated since 0.29.0 and will be removed in 0.32.0. Use 'KeyPoints.keypoint_confidence' instead.
  warn_deprecated(
/usr/local/lib/python3.12/dist-packages/supervision/key_points/core.py:308: SupervisionWarnings: 'KeyPoints.confidence' is deprecated since 0.29.0 and will be removed in 0.32.0. Use 'KeyPoints.keypoint_confidence' instead.
  warn_deprecated(
/usr/local/lib/python3.12/dist-packages/supervision/key_points/core.py:308: SupervisionWarnings: 'KeyPoints.confidence' is deprecated since 0.29.0 and will be removed in 0.32.0. Use 'KeyPoints.keypoint_confidence' instead.
  warn_deprecated(
/usr/local/lib/python3.12/dist-packages/supervision/key_points/core.py:308: SupervisionWarnings: 'KeyPoints.confidence' is deprecated since 0.29.0 and will be removed in 0.32.0. Use 'KeyPoints.keypoint_confidence' instead.
  warn_deprecated(
/usr/local/lib/python3.12/dist-packages/supervision/key_points/core.py:308: SupervisionWarnings: 'KeyPoints.confidence' is deprecated since 0.29.0 and will be removed in 0.32.0. Use 'KeyPoints.keypoint_confidence' instead.
  warn_deprecated(
 89%|████████▉ | 670/750 [11:15<01:14,  1.07it/s]/usr/local/lib/python3.12/dist-packages/supervision/key_points/core.py:316: SupervisionWarnings: 'KeyPoints.confidence' is deprecated since 0.29.0 and will be removed in 0.32.0. Use 'KeyPoints.keypoint_confidence' instead.
  warn_deprecated(
/usr/local/lib/python3.12/dist-packages/supervision/key_points/core.py:308: SupervisionWarnings: 'KeyPoints.confidence' is deprecated since 0.29.0 and will be removed in 0.32.0. Use 'KeyPoints.keypoint_confidence' instead.
  warn_deprecated(
/usr/local/lib/python3.12/dist-packages/supervision/key_points/core.py:308: SupervisionWarnings: 'KeyPoints.confidence' is deprecated since 0.29.0 and will be removed in 0.32.0. Use 'KeyPoints.keypoint_confidence' instead.
  warn_deprecated(
/usr/local/lib/python3.12/dist-packages/supervision/key_points/core.py:308: SupervisionWarnings: 'KeyPoints.confidence' is deprecated since 0.29.0 and will be removed in 0.32.0. Use 'KeyPoints.keypoint_confidence' instead.
  warn_deprecated(
/usr/local/lib/python3.12/dist-packages/supervision/key_points/core.py:308: SupervisionWarnings: 'KeyPoints.confidence' is deprecated since 0.29.0 and will be removed in 0.32.0. Use 'KeyPoints.keypoint_confidence' instead.
  warn_deprecated(
 89%|████████▉ | 671/750 [11:16<01:23,  1.06s/it]/usr/local/lib/python3.12/dist-packages/supervision/key_points/core.py:316: SupervisionWarnings: 'KeyPoints.confidence' is deprecated since 0.29.0 and will be removed in 0.32.0. Use 'KeyPoints.keypoint_confidence' instead.
  warn_deprecated(
/usr/local/lib/python3.12/dist-packages/supervision/key_points/core.py:308: SupervisionWarnings: 'KeyPoints.confidence' is deprecated since 0.29.0 and will be removed in 0.32.0. Use 'KeyPoints.keypoint_confidence' instead.
  warn_deprecated(
/usr/local/lib/python3.12/dist-packages/supervision/key_points/core.py:308: SupervisionWarnings: 'KeyPoints.confidence' is deprecated since 0.29.0 and will be removed in 0.32.0. Use 'KeyPoints.keypoint_confidence' instead.
  warn_deprecated(
/usr/local/lib/python3.12/dist-packages/supervision/key_points/core.py:308: SupervisionWarnings: 'KeyPoints.confidence' is deprecated since 0.29.0 and will be removed in 0.32.0. Use 'KeyPoints.keypoint_confidence' instead.
  warn_deprecated(
/usr/local/lib/python3.12/dist-packages/supervision/key_points/core.py:308: SupervisionWarnings: 'KeyPoints.confidence' is deprecated since 0.29.0 and will be removed in 0.32.0. Use 'KeyPoints.keypoint_confidence' instead.
  warn_deprecated(
 90%|████████▉ | 672/750 [11:18<01:26,  1.10s/it]/usr/local/lib/python3.12/dist-packages/supervision/key_points/core.py:316: SupervisionWarnings: 'KeyPoints.confidence' is deprecated since 0.29.0 and will be removed in 0.32.0. Use 'KeyPoints.keypoint_confidence' instead.
  warn_deprecated(
/usr/local/lib/python3.12/dist-packages/supervision/key_points/core.py:308: SupervisionWarnings: 'KeyPoints.confidence' is deprecated since 0.29.0 and will be removed in 0.32.0. Use 'KeyPoints.keypoint_confidence' instead.
  warn_deprecated(
/usr/local/lib/python3.12/dist-packages/supervision/key_points/core.py:308: SupervisionWarnings: 'KeyPoints.confidence' is deprecated since 0.29.0 and will be removed in 0.32.0. Use 'KeyPoints.keypoint_confidence' instead.
  warn_deprecated(
/usr/local/lib/python3.12/dist-packages/supervision/key_points/core.py:308: SupervisionWarnings: 'KeyPoints.confidence' is deprecated since 0.29.0 and will be removed in 0.32.0. Use 'KeyPoints.keypoint_confidence' instead.
  warn_deprecated(
/usr/local/lib/python3.12/dist-packages/supervision/key_points/core.py:308: SupervisionWarnings: 'KeyPoints.confidence' is deprecated since 0.29.0 and will be removed in 0.32.0. Use 'KeyPoints.keypoint_confidence' instead.
  warn_deprecated(
 90%|████████▉ | 673/750 [11:19<01:27,  1.14s/it]/usr/local/lib/python3.12/dist-packages/supervision/key_points/core.py:316: SupervisionWarnings: 'KeyPoints.confidence' is deprecated since 0.29.0 and will be removed in 0.32.0. Use 'KeyPoints.keypoint_confidence' instead.
  warn_deprecated(
/usr/local/lib/python3.12/dist-packages/supervision/key_points/core.py:308: SupervisionWarnings: 'KeyPoints.confidence' is deprecated since 0.29.0 and will be removed in 0.32.0. Use 'KeyPoints.keypoint_confidence' instead.
  warn_deprecated(
/usr/local/lib/python3.12/dist-packages/supervision/key_points/core.py:308: SupervisionWarnings: 'KeyPoints.confidence' is deprecated since 0.29.0 and will be removed in 0.32.0. Use 'KeyPoints.keypoint_confidence' instead.
  warn_deprecated(
/usr/local/lib/python3.12/dist-packages/supervision/key_points/core.py:308: SupervisionWarnings: 'KeyPoints.confidence' is deprecated since 0.29.0 and will be removed in 0.32.0. Use 'KeyPoints.keypoint_confidence' instead.
  warn_deprecated(
/usr/local/lib/python3.12/dist-packages/supervision/key_points/core.py:308: SupervisionWarnings: 'KeyPoints.confidence' is deprecated since 0.29.0 and will be removed in 0.32.0. Use 'KeyPoints.keypoint_confidence' instead.
  warn_deprecated(
 90%|████████▉ | 674/750 [11:20<01:28,  1.16s/it]/usr/local/lib/python3.12/dist-packages/supervision/key_points/core.py:316: SupervisionWarnings: 'KeyPoints.confidence' is deprecated since 0.29.0 and will be removed in 0.32.0. Use 'KeyPoints.keypoint_confidence' instead.
  warn_deprecated(
/usr/local/lib/python3.12/dist-packages/supervision/key_points/core.py:308: SupervisionWarnings: 'KeyPoints.confidence' is deprecated since 0.29.0 and will be removed in 0.32.0. Use 'KeyPoints.keypoint_confidence' instead.
  warn_deprecated(
/usr/local/lib/python3.12/dist-packages/supervision/key_points/core.py:308: SupervisionWarnings: 'KeyPoints.confidence' is deprecated since 0.29.0 and will be removed in 0.32.0. Use 'KeyPoints.keypoint_confidence' instead.
  warn_deprecated(
/usr/local/lib/python3.12/dist-packages/supervision/key_points/core.py:308: SupervisionWarnings: 'KeyPoints.confidence' is deprecated since 0.29.0 and will be removed in 0.32.0. Use 'KeyPoints.keypoint_confidence' instead.
  warn_deprecated(
/usr/local/lib/python3.12/dist-packages/supervision/key_points/core.py:308: SupervisionWarnings: 'KeyPoints.confidence' is deprecated since 0.29.0 and will be removed in 0.32.0. Use 'KeyPoints.keypoint_confidence' instead.
  warn_deprecated(
 90%|█████████ | 675/750 [11:21<01:28,  1.18s/it]/usr/local/lib/python3.12/dist-packages/supervision/key_points/core.py:316: SupervisionWarnings: 'KeyPoints.confidence' is deprecated since 0.29.0 and will be removed in 0.32.0. Use 'KeyPoints.keypoint_confidence' instead.
  warn_deprecated(
/usr/local/lib/python3.12/dist-packages/supervision/key_points/core.py:308: SupervisionWarnings: 'KeyPoints.confidence' is deprecated since 0.29.0 and will be removed in 0.32.0. Use 'KeyPoints.keypoint_confidence' instead.
  warn_deprecated(
/usr/local/lib/python3.12/dist-packages/supervision/key_points/core.py:308: SupervisionWarnings: 'KeyPoints.confidence' is deprecated since 0.29.0 and will be removed in 0.32.0. Use 'KeyPoints.keypoint_confidence' instead.
  warn_deprecated(
/usr/local/lib/python3.12/dist-packages/supervision/key_points/core.py:308: SupervisionWarnings: 'KeyPoints.confidence' is deprecated since 0.29.0 and will be removed in 0.32.0. Use 'KeyPoints.keypoint_confidence' instead.
  warn_deprecated(
/usr/local/lib/python3.12/dist-packages/supervision/key_points/core.py:308: SupervisionWarnings: 'KeyPoints.confidence' is deprecated since 0.29.0 and will be removed in 0.32.0. Use 'KeyPoints.keypoint_confidence' instead.
  warn_deprecated(
 90%|█████████ | 676/750 [11:22<01:18,  1.07s/it]/usr/local/lib/python3.12/dist-packages/supervision/key_points/core.py:316: SupervisionWarnings: 'KeyPoints.confidence' is deprecated since 0.29.0 and will be removed in 0.32.0. Use 'KeyPoints.keypoint_confidence' instead.
  warn_deprecated(
/usr/local/lib/python3.12/dist-packages/supervision/key_points/core.py:308: SupervisionWarnings: 'KeyPoints.confidence' is deprecated since 0.29.0 and will be removed in 0.32.0. Use 'KeyPoints.keypoint_confidence' instead.
  warn_deprecated(
/usr/local/lib/python3.12/dist-packages/supervision/key_points/core.py:308: SupervisionWarnings: 'KeyPoints.confidence' is deprecated since 0.29.0 and will be removed in 0.32.0. Use 'KeyPoints.keypoint_confidence' instead.
  warn_deprecated(
/usr/local/lib/python3.12/dist-packages/supervision/key_points/core.py:308: SupervisionWarnings: 'KeyPoints.confidence' is deprecated since 0.29.0 and will be removed in 0.32.0. Use 'KeyPoints.keypoint_confidence' instead.
  warn_deprecated(
/usr/local/lib/python3.12/dist-packages/supervision/key_points/core.py:308: SupervisionWarnings: 'KeyPoints.confidence' is deprecated since 0.29.0 and will be removed in 0.32.0. Use 'KeyPoints.keypoint_confidence' instead.
  warn_deprecated(
 90%|█████████ | 677/750 [11:23<01:20,  1.11s/it]/usr/local/lib/python3.12/dist-packages/supervision/key_points/core.py:316: SupervisionWarnings: 'KeyPoints.confidence' is deprecated since 0.29.0 and will be removed in 0.32.0. Use 'KeyPoints.keypoint_confidence' instead.
  warn_deprecated(
/usr/local/lib/python3.12/dist-packages/supervision/key_points/core.py:308: SupervisionWarnings: 'KeyPoints.confidence' is deprecated since 0.29.0 and will be removed in 0.32.0. Use 'KeyPoints.keypoint_confidence' instead.
  warn_deprecated(
/usr/local/lib/python3.12/dist-packages/supervision/key_points/core.py:308: SupervisionWarnings: 'KeyPoints.confidence' is deprecated since 0.29.0 and will be removed in 0.32.0. Use 'KeyPoints.keypoint_confidence' instead.
  warn_deprecated(
/usr/local/lib/python3.12/dist-packages/supervision/key_points/core.py:308: SupervisionWarnings: 'KeyPoints.confidence' is deprecated since 0.29.0 and will be removed in 0.32.0. Use 'KeyPoints.keypoint_confidence' instead.
  warn_deprecated(
/usr/local/lib/python3.12/dist-packages/supervision/key_points/core.py:308: SupervisionWarnings: 'KeyPoints.confidence' is deprecated since 0.29.0 and will be removed in 0.32.0. Use 'KeyPoints.keypoint_confidence' instead.
  warn_deprecated(
 90%|█████████ | 678/750 [11:25<01:22,  1.14s/it]/usr/local/lib/python3.12/dist-packages/supervision/key_points/core.py:316: SupervisionWarnings: 'KeyPoints.confidence' is deprecated since 0.29.0 and will be removed in 0.32.0. Use 'KeyPoints.keypoint_confidence' instead.
  warn_deprecated(
/usr/local/lib/python3.12/dist-packages/supervision/key_points/core.py:308: SupervisionWarnings: 'KeyPoints.confidence' is deprecated since 0.29.0 and will be removed in 0.32.0. Use 'KeyPoints.keypoint_confidence' instead.
  warn_deprecated(
/usr/local/lib/python3.12/dist-packages/supervision/key_points/core.py:308: SupervisionWarnings: 'KeyPoints.confidence' is deprecated since 0.29.0 and will be removed in 0.32.0. Use 'KeyPoints.keypoint_confidence' instead.
  warn_deprecated(
/usr/local/lib/python3.12/dist-packages/supervision/key_points/core.py:308: SupervisionWarnings: 'KeyPoints.confidence' is deprecated since 0.29.0 and will be removed in 0.32.0. Use 'KeyPoints.keypoint_confidence' instead.
  warn_deprecated(
/usr/local/lib/python3.12/dist-packages/supervision/key_points/core.py:308: SupervisionWarnings: 'KeyPoints.confidence' is deprecated since 0.29.0 and will be removed in 0.32.0. Use 'KeyPoints.keypoint_confidence' instead.
  warn_deprecated(
 91%|█████████ | 679/750 [11:25<01:13,  1.04s/it]/usr/local/lib/python3.12/dist-packages/supervision/key_points/core.py:316: SupervisionWarnings: 'KeyPoints.confidence' is deprecated since 0.29.0 and will be removed in 0.32.0. Use 'KeyPoints.keypoint_confidence' instead.
  warn_deprecated(
/usr/local/lib/python3.12/dist-packages/supervision/key_points/core.py:308: SupervisionWarnings: 'KeyPoints.confidence' is deprecated since 0.29.0 and will be removed in 0.32.0. Use 'KeyPoints.keypoint_confidence' instead.
  warn_deprecated(
/usr/local/lib/python3.12/dist-packages/supervision/key_points/core.py:308: SupervisionWarnings: 'KeyPoints.confidence' is deprecated since 0.29.0 and will be removed in 0.32.0. Use 'KeyPoints.keypoint_confidence' instead.
  warn_deprecated(
/usr/local/lib/python3.12/dist-packages/supervision/key_points/core.py:308: SupervisionWarnings: 'KeyPoints.confidence' is deprecated since 0.29.0 and will be removed in 0.32.0. Use 'KeyPoints.keypoint_confidence' instead.
  warn_deprecated(
/usr/local/lib/python3.12/dist-packages/supervision/key_points/core.py:308: SupervisionWarnings: 'KeyPoints.confidence' is deprecated since 0.29.0 and will be removed in 0.32.0. Use 'KeyPoints.keypoint_confidence' instead.
  warn_deprecated(
 91%|█████████ | 680/750 [11:27<01:17,  1.11s/it]/usr/local/lib/python3.12/dist-packages/supervision/key_points/core.py:316: SupervisionWarnings: 'KeyPoints.confidence' is deprecated since 0.29.0 and will be removed in 0.32.0. Use 'KeyPoints.keypoint_confidence' instead.
  warn_deprecated(
/usr/local/lib/python3.12/dist-packages/supervision/key_points/core.py:308: SupervisionWarnings: 'KeyPoints.confidence' is deprecated since 0.29.0 and will be removed in 0.32.0. Use 'KeyPoints.keypoint_confidence' instead.
  warn_deprecated(
/usr/local/lib/python3.12/dist-packages/supervision/key_points/core.py:308: SupervisionWarnings: 'KeyPoints.confidence' is deprecated since 0.29.0 and will be removed in 0.32.0. Use 'KeyPoints.keypoint_confidence' instead.
  warn_deprecated(
/usr/local/lib/python3.12/dist-packages/supervision/key_points/core.py:308: SupervisionWarnings: 'KeyPoints.confidence' is deprecated since 0.29.0 and will be removed in 0.32.0. Use 'KeyPoints.keypoint_confidence' instead.
  warn_deprecated(
/usr/local/lib/python3.12/dist-packages/supervision/key_points/core.py:308: SupervisionWarnings: 'KeyPoints.confidence' is deprecated since 0.29.0 and will be removed in 0.32.0. Use 'KeyPoints.keypoint_confidence' instead.
  warn_deprecated(
 91%|█████████ | 681/750 [11:28<01:24,  1.22s/it]/usr/local/lib/python3.12/dist-packages/supervision/key_points/core.py:316: SupervisionWarnings: 'KeyPoints.confidence' is deprecated since 0.29.0 and will be removed in 0.32.0. Use 'KeyPoints.keypoint_confidence' instead.
  warn_deprecated(
/usr/local/lib/python3.12/dist-packages/supervision/key_points/core.py:308: SupervisionWarnings: 'KeyPoints.confidence' is deprecated since 0.29.0 and will be removed in 0.32.0. Use 'KeyPoints.keypoint_confidence' instead.
  warn_deprecated(
/usr/local/lib/python3.12/dist-packages/supervision/key_points/core.py:308: SupervisionWarnings: 'KeyPoints.confidence' is deprecated since 0.29.0 and will be removed in 0.32.0. Use 'KeyPoints.keypoint_confidence' instead.
  warn_deprecated(
/usr/local/lib/python3.12/dist-packages/supervision/key_points/core.py:308: SupervisionWarnings: 'KeyPoints.confidence' is deprecated since 0.29.0 and will be removed in 0.32.0. Use 'KeyPoints.keypoint_confidence' instead.
  warn_deprecated(
/usr/local/lib/python3.12/dist-packages/supervision/key_points/core.py:308: SupervisionWarnings: 'KeyPoints.confidence' is deprecated since 0.29.0 and will be removed in 0.32.0. Use 'KeyPoints.keypoint_confidence' instead.
  warn_deprecated(
 91%|█████████ | 682/750 [11:29<01:26,  1.28s/it]/usr/local/lib/python3.12/dist-packages/supervision/key_points/core.py:316: SupervisionWarnings: 'KeyPoints.confidence' is deprecated since 0.29.0 and will be removed in 0.32.0. Use 'KeyPoints.keypoint_confidence' instead.
  warn_deprecated(
/usr/local/lib/python3.12/dist-packages/supervision/key_points/core.py:308: SupervisionWarnings: 'KeyPoints.confidence' is deprecated since 0.29.0 and will be removed in 0.32.0. Use 'KeyPoints.keypoint_confidence' instead.
  warn_deprecated(
/usr/local/lib/python3.12/dist-packages/supervision/key_points/core.py:308: SupervisionWarnings: 'KeyPoints.confidence' is deprecated since 0.29.0 and will be removed in 0.32.0. Use 'KeyPoints.keypoint_confidence' instead.
  warn_deprecated(
/usr/local/lib/python3.12/dist-packages/supervision/key_points/core.py:308: SupervisionWarnings: 'KeyPoints.confidence' is deprecated since 0.29.0 and will be removed in 0.32.0. Use 'KeyPoints.keypoint_confidence' instead.
  warn_deprecated(
/usr/local/lib/python3.12/dist-packages/supervision/key_points/core.py:308: SupervisionWarnings: 'KeyPoints.confidence' is deprecated since 0.29.0 and will be removed in 0.32.0. Use 'KeyPoints.keypoint_confidence' instead.
  warn_deprecated(
 91%|█████████ | 683/750 [11:31<01:26,  1.28s/it]/usr/local/lib/python3.12/dist-packages/supervision/key_points/core.py:316: SupervisionWarnings: 'KeyPoints.confidence' is deprecated since 0.29.0 and will be removed in 0.32.0. Use 'KeyPoints.keypoint_confidence' instead.
  warn_deprecated(
/usr/local/lib/python3.12/dist-packages/supervision/key_points/core.py:308: SupervisionWarnings: 'KeyPoints.confidence' is deprecated since 0.29.0 and will be removed in 0.32.0. Use 'KeyPoints.keypoint_confidence' instead.
  warn_deprecated(
/usr/local/lib/python3.12/dist-packages/supervision/key_points/core.py:308: SupervisionWarnings: 'KeyPoints.confidence' is deprecated since 0.29.0 and will be removed in 0.32.0. Use 'KeyPoints.keypoint_confidence' instead.
  warn_deprecated(
/usr/local/lib/python3.12/dist-packages/supervision/key_points/core.py:308: SupervisionWarnings: 'KeyPoints.confidence' is deprecated since 0.29.0 and will be removed in 0.32.0. Use 'KeyPoints.keypoint_confidence' instead.
  warn_deprecated(
/usr/local/lib/python3.12/dist-packages/supervision/key_points/core.py:308: SupervisionWarnings: 'KeyPoints.confidence' is deprecated since 0.29.0 and will be removed in 0.32.0. Use 'KeyPoints.keypoint_confidence' instead.
  warn_deprecated(
 91%|█████████ | 684/750 [11:32<01:23,  1.27s/it]/usr/local/lib/python3.12/dist-packages/supervision/key_points/core.py:316: SupervisionWarnings: 'KeyPoints.confidence' is deprecated since 0.29.0 and will be removed in 0.32.0. Use 'KeyPoints.keypoint_confidence' instead.
  warn_deprecated(
/usr/local/lib/python3.12/dist-packages/supervision/key_points/core.py:308: SupervisionWarnings: 'KeyPoints.confidence' is deprecated since 0.29.0 and will be removed in 0.32.0. Use 'KeyPoints.keypoint_confidence' instead.
  warn_deprecated(
/usr/local/lib/python3.12/dist-packages/supervision/key_points/core.py:308: SupervisionWarnings: 'KeyPoints.confidence' is deprecated since 0.29.0 and will be removed in 0.32.0. Use 'KeyPoints.keypoint_confidence' instead.
  warn_deprecated(
/usr/local/lib/python3.12/dist-packages/supervision/key_points/core.py:308: SupervisionWarnings: 'KeyPoints.confidence' is deprecated since 0.29.0 and will be removed in 0.32.0. Use 'KeyPoints.keypoint_confidence' instead.
  warn_deprecated(
/usr/local/lib/python3.12/dist-packages/supervision/key_points/core.py:308: SupervisionWarnings: 'KeyPoints.confidence' is deprecated since 0.29.0 and will be removed in 0.32.0. Use 'KeyPoints.keypoint_confidence' instead.
  warn_deprecated(
 91%|█████████▏| 685/750 [11:33<01:13,  1.13s/it]/usr/local/lib/python3.12/dist-packages/supervision/key_points/core.py:316: SupervisionWarnings: 'KeyPoints.confidence' is deprecated since 0.29.0 and will be removed in 0.32.0. Use 'KeyPoints.keypoint_confidence' instead.
  warn_deprecated(
/usr/local/lib/python3.12/dist-packages/supervision/key_points/core.py:308: SupervisionWarnings: 'KeyPoints.confidence' is deprecated since 0.29.0 and will be removed in 0.32.0. Use 'KeyPoints.keypoint_confidence' instead.
  warn_deprecated(
/usr/local/lib/python3.12/dist-packages/supervision/key_points/core.py:308: SupervisionWarnings: 'KeyPoints.confidence' is deprecated since 0.29.0 and will be removed in 0.32.0. Use 'KeyPoints.keypoint_confidence' instead.
  warn_deprecated(
/usr/local/lib/python3.12/dist-packages/supervision/key_points/core.py:308: SupervisionWarnings: 'KeyPoints.confidence' is deprecated since 0.29.0 and will be removed in 0.32.0. Use 'KeyPoints.keypoint_confidence' instead.
  warn_deprecated(
/usr/local/lib/python3.12/dist-packages/supervision/key_points/core.py:308: SupervisionWarnings: 'KeyPoints.confidence' is deprecated since 0.29.0 and will be removed in 0.32.0. Use 'KeyPoints.keypoint_confidence' instead.
  warn_deprecated(
 91%|█████████▏| 686/750 [11:34<01:14,  1.17s/it]/usr/local/lib/python3.12/dist-packages/supervision/key_points/core.py:316: SupervisionWarnings: 'KeyPoints.confidence' is deprecated since 0.29.0 and will be removed in 0.32.0. Use 'KeyPoints.keypoint_confidence' instead.
  warn_deprecated(
/usr/local/lib/python3.12/dist-packages/supervision/key_points/core.py:308: SupervisionWarnings: 'KeyPoints.confidence' is deprecated since 0.29.0 and will be removed in 0.32.0. Use 'KeyPoints.keypoint_confidence' instead.
  warn_deprecated(
/usr/local/lib/python3.12/dist-packages/supervision/key_points/core.py:308: SupervisionWarnings: 'KeyPoints.confidence' is deprecated since 0.29.0 and will be removed in 0.32.0. Use 'KeyPoints.keypoint_confidence' instead.
  warn_deprecated(
/usr/local/lib/python3.12/dist-packages/supervision/key_points/core.py:308: SupervisionWarnings: 'KeyPoints.confidence' is deprecated since 0.29.0 and will be removed in 0.32.0. Use 'KeyPoints.keypoint_confidence' instead.
  warn_deprecated(
/usr/local/lib/python3.12/dist-packages/supervision/key_points/core.py:308: SupervisionWarnings: 'KeyPoints.confidence' is deprecated since 0.29.0 and will be removed in 0.32.0. Use 'KeyPoints.keypoint_confidence' instead.
  warn_deprecated(
 92%|█████████▏| 687/750 [11:35<01:14,  1.18s/it]/usr/local/lib/python3.12/dist-packages/supervision/key_points/core.py:316: SupervisionWarnings: 'KeyPoints.confidence' is deprecated since 0.29.0 and will be removed in 0.32.0. Use 'KeyPoints.keypoint_confidence' instead.
  warn_deprecated(
/usr/local/lib/python3.12/dist-packages/supervision/key_points/core.py:308: SupervisionWarnings: 'KeyPoints.confidence' is deprecated since 0.29.0 and will be removed in 0.32.0. Use 'KeyPoints.keypoint_confidence' instead.
  warn_deprecated(
/usr/local/lib/python3.12/dist-packages/supervision/key_points/core.py:308: SupervisionWarnings: 'KeyPoints.confidence' is deprecated since 0.29.0 and will be removed in 0.32.0. Use 'KeyPoints.keypoint_confidence' instead.
  warn_deprecated(
/usr/local/lib/python3.12/dist-packages/supervision/key_points/core.py:308: SupervisionWarnings: 'KeyPoints.confidence' is deprecated since 0.29.0 and will be removed in 0.32.0. Use 'KeyPoints.keypoint_confidence' instead.
  warn_deprecated(
/usr/local/lib/python3.12/dist-packages/supervision/key_points/core.py:308: SupervisionWarnings: 'KeyPoints.confidence' is deprecated since 0.29.0 and will be removed in 0.32.0. Use 'KeyPoints.keypoint_confidence' instead.
  warn_deprecated(
 92%|█████████▏| 688/750 [11:36<01:06,  1.07s/it]/usr/local/lib/python3.12/dist-packages/supervision/key_points/core.py:316: SupervisionWarnings: 'KeyPoints.confidence' is deprecated since 0.29.0 and will be removed in 0.32.0. Use 'KeyPoints.keypoint_confidence' instead.
  warn_deprecated(
/usr/local/lib/python3.12/dist-packages/supervision/key_points/core.py:308: SupervisionWarnings: 'KeyPoints.confidence' is deprecated since 0.29.0 and will be removed in 0.32.0. Use 'KeyPoints.keypoint_confidence' instead.
  warn_deprecated(
/usr/local/lib/python3.12/dist-packages/supervision/key_points/core.py:308: SupervisionWarnings: 'KeyPoints.confidence' is deprecated since 0.29.0 and will be removed in 0.32.0. Use 'KeyPoints.keypoint_confidence' instead.
  warn_deprecated(
/usr/local/lib/python3.12/dist-packages/supervision/key_points/core.py:308: SupervisionWarnings: 'KeyPoints.confidence' is deprecated since 0.29.0 and will be removed in 0.32.0. Use 'KeyPoints.keypoint_confidence' instead.
  warn_deprecated(
/usr/local/lib/python3.12/dist-packages/supervision/key_points/core.py:308: SupervisionWarnings: 'KeyPoints.confidence' is deprecated since 0.29.0 and will be removed in 0.32.0. Use 'KeyPoints.keypoint_confidence' instead.
  warn_deprecated(
 92%|█████████▏| 689/750 [11:37<00:59,  1.02it/s]/usr/local/lib/python3.12/dist-packages/supervision/key_points/core.py:316: SupervisionWarnings: 'KeyPoints.confidence' is deprecated since 0.29.0 and will be removed in 0.32.0. Use 'KeyPoints.keypoint_confidence' instead.
  warn_deprecated(
/usr/local/lib/python3.12/dist-packages/supervision/key_points/core.py:308: SupervisionWarnings: 'KeyPoints.confidence' is deprecated since 0.29.0 and will be removed in 0.32.0. Use 'KeyPoints.keypoint_confidence' instead.
  warn_deprecated(
/usr/local/lib/python3.12/dist-packages/supervision/key_points/core.py:308: SupervisionWarnings: 'KeyPoints.confidence' is deprecated since 0.29.0 and will be removed in 0.32.0. Use 'KeyPoints.keypoint_confidence' instead.
  warn_deprecated(
/usr/local/lib/python3.12/dist-packages/supervision/key_points/core.py:308: SupervisionWarnings: 'KeyPoints.confidence' is deprecated since 0.29.0 and will be removed in 0.32.0. Use 'KeyPoints.keypoint_confidence' instead.
  warn_deprecated(
/usr/local/lib/python3.12/dist-packages/supervision/key_points/core.py:308: SupervisionWarnings: 'KeyPoints.confidence' is deprecated since 0.29.0 and will be removed in 0.32.0. Use 'KeyPoints.keypoint_confidence' instead.
  warn_deprecated(
 92%|█████████▏| 690/750 [11:38<01:02,  1.05s/it]/usr/local/lib/python3.12/dist-packages/supervision/key_points/core.py:316: SupervisionWarnings: 'KeyPoints.confidence' is deprecated since 0.29.0 and will be removed in 0.32.0. Use 'KeyPoints.keypoint_confidence' instead.
  warn_deprecated(
/usr/local/lib/python3.12/dist-packages/supervision/key_points/core.py:308: SupervisionWarnings: 'KeyPoints.confidence' is deprecated since 0.29.0 and will be removed in 0.32.0. Use 'KeyPoints.keypoint_confidence' instead.
  warn_deprecated(
/usr/local/lib/python3.12/dist-packages/supervision/key_points/core.py:308: SupervisionWarnings: 'KeyPoints.confidence' is deprecated since 0.29.0 and will be removed in 0.32.0. Use 'KeyPoints.keypoint_confidence' instead.
  warn_deprecated(
/usr/local/lib/python3.12/dist-packages/supervision/key_points/core.py:308: SupervisionWarnings: 'KeyPoints.confidence' is deprecated since 0.29.0 and will be removed in 0.32.0. Use 'KeyPoints.keypoint_confidence' instead.
  warn_deprecated(
/usr/local/lib/python3.12/dist-packages/supervision/key_points/core.py:308: SupervisionWarnings: 'KeyPoints.confidence' is deprecated since 0.29.0 and will be removed in 0.32.0. Use 'KeyPoints.keypoint_confidence' instead.
  warn_deprecated(
 92%|█████████▏| 691/750 [11:39<00:57,  1.02it/s]/usr/local/lib/python3.12/dist-packages/supervision/key_points/core.py:316: SupervisionWarnings: 'KeyPoints.confidence' is deprecated since 0.29.0 and will be removed in 0.32.0. Use 'KeyPoints.keypoint_confidence' instead.
  warn_deprecated(
/usr/local/lib/python3.12/dist-packages/supervision/key_points/core.py:308: SupervisionWarnings: 'KeyPoints.confidence' is deprecated since 0.29.0 and will be removed in 0.32.0. Use 'KeyPoints.keypoint_confidence' instead.
  warn_deprecated(
/usr/local/lib/python3.12/dist-packages/supervision/key_points/core.py:308: SupervisionWarnings: 'KeyPoints.confidence' is deprecated since 0.29.0 and will be removed in 0.32.0. Use 'KeyPoints.keypoint_confidence' instead.
  warn_deprecated(
/usr/local/lib/python3.12/dist-packages/supervision/key_points/core.py:308: SupervisionWarnings: 'KeyPoints.confidence' is deprecated since 0.29.0 and will be removed in 0.32.0. Use 'KeyPoints.keypoint_confidence' instead.
  warn_deprecated(
/usr/local/lib/python3.12/dist-packages/supervision/key_points/core.py:308: SupervisionWarnings: 'KeyPoints.confidence' is deprecated since 0.29.0 and will be removed in 0.32.0. Use 'KeyPoints.keypoint_confidence' instead.
  warn_deprecated(
 92%|█████████▏| 692/750 [11:40<00:53,  1.09it/s]/usr/local/lib/python3.12/dist-packages/supervision/key_points/core.py:316: SupervisionWarnings: 'KeyPoints.confidence' is deprecated since 0.29.0 and will be removed in 0.32.0. Use 'KeyPoints.keypoint_confidence' instead.
  warn_deprecated(
/usr/local/lib/python3.12/dist-packages/supervision/key_points/core.py:308: SupervisionWarnings: 'KeyPoints.confidence' is deprecated since 0.29.0 and will be removed in 0.32.0. Use 'KeyPoints.keypoint_confidence' instead.
  warn_deprecated(
/usr/local/lib/python3.12/dist-packages/supervision/key_points/core.py:308: SupervisionWarnings: 'KeyPoints.confidence' is deprecated since 0.29.0 and will be removed in 0.32.0. Use 'KeyPoints.keypoint_confidence' instead.
  warn_deprecated(
/usr/local/lib/python3.12/dist-packages/supervision/key_points/core.py:308: SupervisionWarnings: 'KeyPoints.confidence' is deprecated since 0.29.0 and will be removed in 0.32.0. Use 'KeyPoints.keypoint_confidence' instead.
  warn_deprecated(
/usr/local/lib/python3.12/dist-packages/supervision/key_points/core.py:308: SupervisionWarnings: 'KeyPoints.confidence' is deprecated since 0.29.0 and will be removed in 0.32.0. Use 'KeyPoints.keypoint_confidence' instead.
  warn_deprecated(
 92%|█████████▏| 693/750 [11:41<00:52,  1.09it/s]/usr/local/lib/python3.12/dist-packages/supervision/key_points/core.py:316: SupervisionWarnings: 'KeyPoints.confidence' is deprecated since 0.29.0 and will be removed in 0.32.0. Use 'KeyPoints.keypoint_confidence' instead.
  warn_deprecated(
/usr/local/lib/python3.12/dist-packages/supervision/key_points/core.py:308: SupervisionWarnings: 'KeyPoints.confidence' is deprecated since 0.29.0 and will be removed in 0.32.0. Use 'KeyPoints.keypoint_confidence' instead.
  warn_deprecated(
/usr/local/lib/python3.12/dist-packages/supervision/key_points/core.py:308: SupervisionWarnings: 'KeyPoints.confidence' is deprecated since 0.29.0 and will be removed in 0.32.0. Use 'KeyPoints.keypoint_confidence' instead.
  warn_deprecated(
/usr/local/lib/python3.12/dist-packages/supervision/key_points/core.py:308: SupervisionWarnings: 'KeyPoints.confidence' is deprecated since 0.29.0 and will be removed in 0.32.0. Use 'KeyPoints.keypoint_confidence' instead.
  warn_deprecated(
/usr/local/lib/python3.12/dist-packages/supervision/key_points/core.py:308: SupervisionWarnings: 'KeyPoints.confidence' is deprecated since 0.29.0 and will be removed in 0.32.0. Use 'KeyPoints.keypoint_confidence' instead.
  warn_deprecated(
 93%|█████████▎| 694/750 [11:42<00:53,  1.05it/s]/usr/local/lib/python3.12/dist-packages/supervision/key_points/core.py:316: SupervisionWarnings: 'KeyPoints.confidence' is deprecated since 0.29.0 and will be removed in 0.32.0. Use 'KeyPoints.keypoint_confidence' instead.
  warn_deprecated(
/usr/local/lib/python3.12/dist-packages/supervision/key_points/core.py:308: SupervisionWarnings: 'KeyPoints.confidence' is deprecated since 0.29.0 and will be removed in 0.32.0. Use 'KeyPoints.keypoint_confidence' instead.
  warn_deprecated(
/usr/local/lib/python3.12/dist-packages/supervision/key_points/core.py:308: SupervisionWarnings: 'KeyPoints.confidence' is deprecated since 0.29.0 and will be removed in 0.32.0. Use 'KeyPoints.keypoint_confidence' instead.
  warn_deprecated(
/usr/local/lib/python3.12/dist-packages/supervision/key_points/core.py:308: SupervisionWarnings: 'KeyPoints.confidence' is deprecated since 0.29.0 and will be removed in 0.32.0. Use 'KeyPoints.keypoint_confidence' instead.
  warn_deprecated(
/usr/local/lib/python3.12/dist-packages/supervision/key_points/core.py:308: SupervisionWarnings: 'KeyPoints.confidence' is deprecated since 0.29.0 and will be removed in 0.32.0. Use 'KeyPoints.keypoint_confidence' instead.
  warn_deprecated(
 93%|█████████▎| 695/750 [11:43<00:52,  1.04it/s]/usr/local/lib/python3.12/dist-packages/supervision/key_points/core.py:316: SupervisionWarnings: 'KeyPoints.confidence' is deprecated since 0.29.0 and will be removed in 0.32.0. Use 'KeyPoints.keypoint_confidence' instead.
  warn_deprecated(
/usr/local/lib/python3.12/dist-packages/supervision/key_points/core.py:308: SupervisionWarnings: 'KeyPoints.confidence' is deprecated since 0.29.0 and will be removed in 0.32.0. Use 'KeyPoints.keypoint_confidence' instead.
  warn_deprecated(
/usr/local/lib/python3.12/dist-packages/supervision/key_points/core.py:308: SupervisionWarnings: 'KeyPoints.confidence' is deprecated since 0.29.0 and will be removed in 0.32.0. Use 'KeyPoints.keypoint_confidence' instead.
  warn_deprecated(
/usr/local/lib/python3.12/dist-packages/supervision/key_points/core.py:308: SupervisionWarnings: 'KeyPoints.confidence' is deprecated since 0.29.0 and will be removed in 0.32.0. Use 'KeyPoints.keypoint_confidence' instead.
  warn_deprecated(
/usr/local/lib/python3.12/dist-packages/supervision/key_points/core.py:308: SupervisionWarnings: 'KeyPoints.confidence' is deprecated since 0.29.0 and will be removed in 0.32.0. Use 'KeyPoints.keypoint_confidence' instead.
  warn_deprecated(
 93%|█████████▎| 696/750 [11:44<00:59,  1.10s/it]/usr/local/lib/python3.12/dist-packages/supervision/key_points/core.py:316: SupervisionWarnings: 'KeyPoints.confidence' is deprecated since 0.29.0 and will be removed in 0.32.0. Use 'KeyPoints.keypoint_confidence' instead.
  warn_deprecated(
/usr/local/lib/python3.12/dist-packages/supervision/key_points/core.py:308: SupervisionWarnings: 'KeyPoints.confidence' is deprecated since 0.29.0 and will be removed in 0.32.0. Use 'KeyPoints.keypoint_confidence' instead.
  warn_deprecated(
/usr/local/lib/python3.12/dist-packages/supervision/key_points/core.py:308: SupervisionWarnings: 'KeyPoints.confidence' is deprecated since 0.29.0 and will be removed in 0.32.0. Use 'KeyPoints.keypoint_confidence' instead.
  warn_deprecated(
/usr/local/lib/python3.12/dist-packages/supervision/key_points/core.py:308: SupervisionWarnings: 'KeyPoints.confidence' is deprecated since 0.29.0 and will be removed in 0.32.0. Use 'KeyPoints.keypoint_confidence' instead.
  warn_deprecated(
/usr/local/lib/python3.12/dist-packages/supervision/key_points/core.py:308: SupervisionWarnings: 'KeyPoints.confidence' is deprecated since 0.29.0 and will be removed in 0.32.0. Use 'KeyPoints.keypoint_confidence' instead.
  warn_deprecated(
 93%|█████████▎| 697/750 [11:45<00:54,  1.02s/it]/usr/local/lib/python3.12/dist-packages/supervision/key_points/core.py:316: SupervisionWarnings: 'KeyPoints.confidence' is deprecated since 0.29.0 and will be removed in 0.32.0. Use 'KeyPoints.keypoint_confidence' instead.
  warn_deprecated(
/usr/local/lib/python3.12/dist-packages/supervision/key_points/core.py:308: SupervisionWarnings: 'KeyPoints.confidence' is deprecated since 0.29.0 and will be removed in 0.32.0. Use 'KeyPoints.keypoint_confidence' instead.
  warn_deprecated(
/usr/local/lib/python3.12/dist-packages/supervision/key_points/core.py:308: SupervisionWarnings: 'KeyPoints.confidence' is deprecated since 0.29.0 and will be removed in 0.32.0. Use 'KeyPoints.keypoint_confidence' instead.
  warn_deprecated(
/usr/local/lib/python3.12/dist-packages/supervision/key_points/core.py:308: SupervisionWarnings: 'KeyPoints.confidence' is deprecated since 0.29.0 and will be removed in 0.32.0. Use 'KeyPoints.keypoint_confidence' instead.
  warn_deprecated(
/usr/local/lib/python3.12/dist-packages/supervision/key_points/core.py:308: SupervisionWarnings: 'KeyPoints.confidence' is deprecated since 0.29.0 and will be removed in 0.32.0. Use 'KeyPoints.keypoint_confidence' instead.
  warn_deprecated(
 93%|█████████▎| 698/750 [11:46<00:49,  1.05it/s]/usr/local/lib/python3.12/dist-packages/supervision/key_points/core.py:316: SupervisionWarnings: 'KeyPoints.confidence' is deprecated since 0.29.0 and will be removed in 0.32.0. Use 'KeyPoints.keypoint_confidence' instead.
  warn_deprecated(
/usr/local/lib/python3.12/dist-packages/supervision/key_points/core.py:308: SupervisionWarnings: 'KeyPoints.confidence' is deprecated since 0.29.0 and will be removed in 0.32.0. Use 'KeyPoints.keypoint_confidence' instead.
  warn_deprecated(
/usr/local/lib/python3.12/dist-packages/supervision/key_points/core.py:308: SupervisionWarnings: 'KeyPoints.confidence' is deprecated since 0.29.0 and will be removed in 0.32.0. Use 'KeyPoints.keypoint_confidence' instead.
  warn_deprecated(
/usr/local/lib/python3.12/dist-packages/supervision/key_points/core.py:308: SupervisionWarnings: 'KeyPoints.confidence' is deprecated since 0.29.0 and will be removed in 0.32.0. Use 'KeyPoints.keypoint_confidence' instead.
  warn_deprecated(
/usr/local/lib/python3.12/dist-packages/supervision/key_points/core.py:308: SupervisionWarnings: 'KeyPoints.confidence' is deprecated since 0.29.0 and will be removed in 0.32.0. Use 'KeyPoints.keypoint_confidence' instead.
  warn_deprecated(
 93%|█████████▎| 699/750 [11:46<00:46,  1.11it/s]/usr/local/lib/python3.12/dist-packages/supervision/key_points/core.py:316: SupervisionWarnings: 'KeyPoints.confidence' is deprecated since 0.29.0 and will be removed in 0.32.0. Use 'KeyPoints.keypoint_confidence' instead.
  warn_deprecated(
/usr/local/lib/python3.12/dist-packages/supervision/key_points/core.py:308: SupervisionWarnings: 'KeyPoints.confidence' is deprecated since 0.29.0 and will be removed in 0.32.0. Use 'KeyPoints.keypoint_confidence' instead.
  warn_deprecated(
/usr/local/lib/python3.12/dist-packages/supervision/key_points/core.py:308: SupervisionWarnings: 'KeyPoints.confidence' is deprecated since 0.29.0 and will be removed in 0.32.0. Use 'KeyPoints.keypoint_confidence' instead.
  warn_deprecated(
/usr/local/lib/python3.12/dist-packages/supervision/key_points/core.py:308: SupervisionWarnings: 'KeyPoints.confidence' is deprecated since 0.29.0 and will be removed in 0.32.0. Use 'KeyPoints.keypoint_confidence' instead.
  warn_deprecated(
/usr/local/lib/python3.12/dist-packages/supervision/key_points/core.py:308: SupervisionWarnings: 'KeyPoints.confidence' is deprecated since 0.29.0 and will be removed in 0.32.0. Use 'KeyPoints.keypoint_confidence' instead.
  warn_deprecated(
 93%|█████████▎| 700/750 [11:47<00:43,  1.16it/s]/usr/local/lib/python3.12/dist-packages/supervision/key_points/core.py:316: SupervisionWarnings: 'KeyPoints.confidence' is deprecated since 0.29.0 and will be removed in 0.32.0. Use 'KeyPoints.keypoint_confidence' instead.
  warn_deprecated(
/usr/local/lib/python3.12/dist-packages/supervision/key_points/core.py:308: SupervisionWarnings: 'KeyPoints.confidence' is deprecated since 0.29.0 and will be removed in 0.32.0. Use 'KeyPoints.keypoint_confidence' instead.
  warn_deprecated(
/usr/local/lib/python3.12/dist-packages/supervision/key_points/core.py:308: SupervisionWarnings: 'KeyPoints.confidence' is deprecated since 0.29.0 and will be removed in 0.32.0. Use 'KeyPoints.keypoint_confidence' instead.
  warn_deprecated(
/usr/local/lib/python3.12/dist-packages/supervision/key_points/core.py:308: SupervisionWarnings: 'KeyPoints.confidence' is deprecated since 0.29.0 and will be removed in 0.32.0. Use 'KeyPoints.keypoint_confidence' instead.
  warn_deprecated(
/usr/local/lib/python3.12/dist-packages/supervision/key_points/core.py:308: SupervisionWarnings: 'KeyPoints.confidence' is deprecated since 0.29.0 and will be removed in 0.32.0. Use 'KeyPoints.keypoint_confidence' instead.
  warn_deprecated(
 93%|█████████▎| 701/750 [11:48<00:47,  1.02it/s]/usr/local/lib/python3.12/dist-packages/supervision/key_points/core.py:316: SupervisionWarnings: 'KeyPoints.confidence' is deprecated since 0.29.0 and will be removed in 0.32.0. Use 'KeyPoints.keypoint_confidence' instead.
  warn_deprecated(
/usr/local/lib/python3.12/dist-packages/supervision/key_points/core.py:308: SupervisionWarnings: 'KeyPoints.confidence' is deprecated since 0.29.0 and will be removed in 0.32.0. Use 'KeyPoints.keypoint_confidence' instead.
  warn_deprecated(
/usr/local/lib/python3.12/dist-packages/supervision/key_points/core.py:308: SupervisionWarnings: 'KeyPoints.confidence' is deprecated since 0.29.0 and will be removed in 0.32.0. Use 'KeyPoints.keypoint_confidence' instead.
  warn_deprecated(
/usr/local/lib/python3.12/dist-packages/supervision/key_points/core.py:308: SupervisionWarnings: 'KeyPoints.confidence' is deprecated since 0.29.0 and will be removed in 0.32.0. Use 'KeyPoints.keypoint_confidence' instead.
  warn_deprecated(
/usr/local/lib/python3.12/dist-packages/supervision/key_points/core.py:308: SupervisionWarnings: 'KeyPoints.confidence' is deprecated since 0.29.0 and will be removed in 0.32.0. Use 'KeyPoints.keypoint_confidence' instead.
  warn_deprecated(
 94%|█████████▎| 702/750 [11:49<00:44,  1.09it/s]/usr/local/lib/python3.12/dist-packages/supervision/key_points/core.py:316: SupervisionWarnings: 'KeyPoints.confidence' is deprecated since 0.29.0 and will be removed in 0.32.0. Use 'KeyPoints.keypoint_confidence' instead.
  warn_deprecated(
/usr/local/lib/python3.12/dist-packages/supervision/key_points/core.py:308: SupervisionWarnings: 'KeyPoints.confidence' is deprecated since 0.29.0 and will be removed in 0.32.0. Use 'KeyPoints.keypoint_confidence' instead.
  warn_deprecated(
/usr/local/lib/python3.12/dist-packages/supervision/key_points/core.py:308: SupervisionWarnings: 'KeyPoints.confidence' is deprecated since 0.29.0 and will be removed in 0.32.0. Use 'KeyPoints.keypoint_confidence' instead.
  warn_deprecated(
/usr/local/lib/python3.12/dist-packages/supervision/key_points/core.py:308: SupervisionWarnings: 'KeyPoints.confidence' is deprecated since 0.29.0 and will be removed in 0.32.0. Use 'KeyPoints.keypoint_confidence' instead.
  warn_deprecated(
/usr/local/lib/python3.12/dist-packages/supervision/key_points/core.py:308: SupervisionWarnings: 'KeyPoints.confidence' is deprecated since 0.29.0 and will be removed in 0.32.0. Use 'KeyPoints.keypoint_confidence' instead.
  warn_deprecated(
 94%|█████████▎| 703/750 [11:50<00:47,  1.01s/it]/usr/local/lib/python3.12/dist-packages/supervision/key_points/core.py:316: SupervisionWarnings: 'KeyPoints.confidence' is deprecated since 0.29.0 and will be removed in 0.32.0. Use 'KeyPoints.keypoint_confidence' instead.
  warn_deprecated(
/usr/local/lib/python3.12/dist-packages/supervision/key_points/core.py:308: SupervisionWarnings: 'KeyPoints.confidence' is deprecated since 0.29.0 and will be removed in 0.32.0. Use 'KeyPoints.keypoint_confidence' instead.
  warn_deprecated(
/usr/local/lib/python3.12/dist-packages/supervision/key_points/core.py:308: SupervisionWarnings: 'KeyPoints.confidence' is deprecated since 0.29.0 and will be removed in 0.32.0. Use 'KeyPoints.keypoint_confidence' instead.
  warn_deprecated(
/usr/local/lib/python3.12/dist-packages/supervision/key_points/core.py:308: SupervisionWarnings: 'KeyPoints.confidence' is deprecated since 0.29.0 and will be removed in 0.32.0. Use 'KeyPoints.keypoint_confidence' instead.
  warn_deprecated(
/usr/local/lib/python3.12/dist-packages/supervision/key_points/core.py:308: SupervisionWarnings: 'KeyPoints.confidence' is deprecated since 0.29.0 and will be removed in 0.32.0. Use 'KeyPoints.keypoint_confidence' instead.
  warn_deprecated(
 94%|█████████▍| 704/750 [11:52<00:49,  1.08s/it]/usr/local/lib/python3.12/dist-packages/supervision/key_points/core.py:316: SupervisionWarnings: 'KeyPoints.confidence' is deprecated since 0.29.0 and will be removed in 0.32.0. Use 'KeyPoints.keypoint_confidence' instead.
  warn_deprecated(
/usr/local/lib/python3.12/dist-packages/supervision/key_points/core.py:308: SupervisionWarnings: 'KeyPoints.confidence' is deprecated since 0.29.0 and will be removed in 0.32.0. Use 'KeyPoints.keypoint_confidence' instead.
  warn_deprecated(
/usr/local/lib/python3.12/dist-packages/supervision/key_points/core.py:308: SupervisionWarnings: 'KeyPoints.confidence' is deprecated since 0.29.0 and will be removed in 0.32.0. Use 'KeyPoints.keypoint_confidence' instead.
  warn_deprecated(
/usr/local/lib/python3.12/dist-packages/supervision/key_points/core.py:308: SupervisionWarnings: 'KeyPoints.confidence' is deprecated since 0.29.0 and will be removed in 0.32.0. Use 'KeyPoints.keypoint_confidence' instead.
  warn_deprecated(
/usr/local/lib/python3.12/dist-packages/supervision/key_points/core.py:308: SupervisionWarnings: 'KeyPoints.confidence' is deprecated since 0.29.0 and will be removed in 0.32.0. Use 'KeyPoints.keypoint_confidence' instead.
  warn_deprecated(
 94%|█████████▍| 705/750 [11:53<00:51,  1.13s/it]/usr/local/lib/python3.12/dist-packages/supervision/key_points/core.py:316: SupervisionWarnings: 'KeyPoints.confidence' is deprecated since 0.29.0 and will be removed in 0.32.0. Use 'KeyPoints.keypoint_confidence' instead.
  warn_deprecated(
/usr/local/lib/python3.12/dist-packages/supervision/key_points/core.py:308: SupervisionWarnings: 'KeyPoints.confidence' is deprecated since 0.29.0 and will be removed in 0.32.0. Use 'KeyPoints.keypoint_confidence' instead.
  warn_deprecated(
/usr/local/lib/python3.12/dist-packages/supervision/key_points/core.py:308: SupervisionWarnings: 'KeyPoints.confidence' is deprecated since 0.29.0 and will be removed in 0.32.0. Use 'KeyPoints.keypoint_confidence' instead.
  warn_deprecated(
/usr/local/lib/python3.12/dist-packages/supervision/key_points/core.py:308: SupervisionWarnings: 'KeyPoints.confidence' is deprecated since 0.29.0 and will be removed in 0.32.0. Use 'KeyPoints.keypoint_confidence' instead.
  warn_deprecated(
/usr/local/lib/python3.12/dist-packages/supervision/key_points/core.py:308: SupervisionWarnings: 'KeyPoints.confidence' is deprecated since 0.29.0 and will be removed in 0.32.0. Use 'KeyPoints.keypoint_confidence' instead.
  warn_deprecated(
 94%|█████████▍| 706/750 [11:54<00:51,  1.16s/it]/usr/local/lib/python3.12/dist-packages/supervision/key_points/core.py:316: SupervisionWarnings: 'KeyPoints.confidence' is deprecated since 0.29.0 and will be removed in 0.32.0. Use 'KeyPoints.keypoint_confidence' instead.
  warn_deprecated(
/usr/local/lib/python3.12/dist-packages/supervision/key_points/core.py:308: SupervisionWarnings: 'KeyPoints.confidence' is deprecated since 0.29.0 and will be removed in 0.32.0. Use 'KeyPoints.keypoint_confidence' instead.
  warn_deprecated(
/usr/local/lib/python3.12/dist-packages/supervision/key_points/core.py:308: SupervisionWarnings: 'KeyPoints.confidence' is deprecated since 0.29.0 and will be removed in 0.32.0. Use 'KeyPoints.keypoint_confidence' instead.
  warn_deprecated(
/usr/local/lib/python3.12/dist-packages/supervision/key_points/core.py:308: SupervisionWarnings: 'KeyPoints.confidence' is deprecated since 0.29.0 and will be removed in 0.32.0. Use 'KeyPoints.keypoint_confidence' instead.
  warn_deprecated(
/usr/local/lib/python3.12/dist-packages/supervision/key_points/core.py:308: SupervisionWarnings: 'KeyPoints.confidence' is deprecated since 0.29.0 and will be removed in 0.32.0. Use 'KeyPoints.keypoint_confidence' instead.
  warn_deprecated(
 94%|█████████▍| 707/750 [11:55<00:51,  1.20s/it]/usr/local/lib/python3.12/dist-packages/supervision/key_points/core.py:316: SupervisionWarnings: 'KeyPoints.confidence' is deprecated since 0.29.0 and will be removed in 0.32.0. Use 'KeyPoints.keypoint_confidence' instead.
  warn_deprecated(
/usr/local/lib/python3.12/dist-packages/supervision/key_points/core.py:308: SupervisionWarnings: 'KeyPoints.confidence' is deprecated since 0.29.0 and will be removed in 0.32.0. Use 'KeyPoints.keypoint_confidence' instead.
  warn_deprecated(
/usr/local/lib/python3.12/dist-packages/supervision/key_points/core.py:308: SupervisionWarnings: 'KeyPoints.confidence' is deprecated since 0.29.0 and will be removed in 0.32.0. Use 'KeyPoints.keypoint_confidence' instead.
  warn_deprecated(
/usr/local/lib/python3.12/dist-packages/supervision/key_points/core.py:308: SupervisionWarnings: 'KeyPoints.confidence' is deprecated since 0.29.0 and will be removed in 0.32.0. Use 'KeyPoints.keypoint_confidence' instead.
  warn_deprecated(
/usr/local/lib/python3.12/dist-packages/supervision/key_points/core.py:308: SupervisionWarnings: 'KeyPoints.confidence' is deprecated since 0.29.0 and will be removed in 0.32.0. Use 'KeyPoints.keypoint_confidence' instead.
  warn_deprecated(
 94%|█████████▍| 708/750 [11:56<00:47,  1.14s/it]/usr/local/lib/python3.12/dist-packages/supervision/key_points/core.py:316: SupervisionWarnings: 'KeyPoints.confidence' is deprecated since 0.29.0 and will be removed in 0.32.0. Use 'KeyPoints.keypoint_confidence' instead.
  warn_deprecated(
/usr/local/lib/python3.12/dist-packages/supervision/key_points/core.py:308: SupervisionWarnings: 'KeyPoints.confidence' is deprecated since 0.29.0 and will be removed in 0.32.0. Use 'KeyPoints.keypoint_confidence' instead.
  warn_deprecated(
/usr/local/lib/python3.12/dist-packages/supervision/key_points/core.py:308: SupervisionWarnings: 'KeyPoints.confidence' is deprecated since 0.29.0 and will be removed in 0.32.0. Use 'KeyPoints.keypoint_confidence' instead.
  warn_deprecated(
/usr/local/lib/python3.12/dist-packages/supervision/key_points/core.py:308: SupervisionWarnings: 'KeyPoints.confidence' is deprecated since 0.29.0 and will be removed in 0.32.0. Use 'KeyPoints.keypoint_confidence' instead.
  warn_deprecated(
/usr/local/lib/python3.12/dist-packages/supervision/key_points/core.py:308: SupervisionWarnings: 'KeyPoints.confidence' is deprecated since 0.29.0 and will be removed in 0.32.0. Use 'KeyPoints.keypoint_confidence' instead.
  warn_deprecated(
 95%|█████████▍| 709/750 [11:57<00:44,  1.09s/it]/usr/local/lib/python3.12/dist-packages/supervision/key_points/core.py:316: SupervisionWarnings: 'KeyPoints.confidence' is deprecated since 0.29.0 and will be removed in 0.32.0. Use 'KeyPoints.keypoint_confidence' instead.
  warn_deprecated(
/usr/local/lib/python3.12/dist-packages/supervision/key_points/core.py:308: SupervisionWarnings: 'KeyPoints.confidence' is deprecated since 0.29.0 and will be removed in 0.32.0. Use 'KeyPoints.keypoint_confidence' instead.
  warn_deprecated(
/usr/local/lib/python3.12/dist-packages/supervision/key_points/core.py:308: SupervisionWarnings: 'KeyPoints.confidence' is deprecated since 0.29.0 and will be removed in 0.32.0. Use 'KeyPoints.keypoint_confidence' instead.
  warn_deprecated(
/usr/local/lib/python3.12/dist-packages/supervision/key_points/core.py:308: SupervisionWarnings: 'KeyPoints.confidence' is deprecated since 0.29.0 and will be removed in 0.32.0. Use 'KeyPoints.keypoint_confidence' instead.
  warn_deprecated(
/usr/local/lib/python3.12/dist-packages/supervision/key_points/core.py:308: SupervisionWarnings: 'KeyPoints.confidence' is deprecated since 0.29.0 and will be removed in 0.32.0. Use 'KeyPoints.keypoint_confidence' instead.
  warn_deprecated(
 95%|█████████▍| 710/750 [11:58<00:42,  1.06s/it]/usr/local/lib/python3.12/dist-packages/supervision/key_points/core.py:316: SupervisionWarnings: 'KeyPoints.confidence' is deprecated since 0.29.0 and will be removed in 0.32.0. Use 'KeyPoints.keypoint_confidence' instead.
  warn_deprecated(
/usr/local/lib/python3.12/dist-packages/supervision/key_points/core.py:308: SupervisionWarnings: 'KeyPoints.confidence' is deprecated since 0.29.0 and will be removed in 0.32.0. Use 'KeyPoints.keypoint_confidence' instead.
  warn_deprecated(
/usr/local/lib/python3.12/dist-packages/supervision/key_points/core.py:308: SupervisionWarnings: 'KeyPoints.confidence' is deprecated since 0.29.0 and will be removed in 0.32.0. Use 'KeyPoints.keypoint_confidence' instead.
  warn_deprecated(
/usr/local/lib/python3.12/dist-packages/supervision/key_points/core.py:308: SupervisionWarnings: 'KeyPoints.confidence' is deprecated since 0.29.0 and will be removed in 0.32.0. Use 'KeyPoints.keypoint_confidence' instead.
  warn_deprecated(
/usr/local/lib/python3.12/dist-packages/supervision/key_points/core.py:308: SupervisionWarnings: 'KeyPoints.confidence' is deprecated since 0.29.0 and will be removed in 0.32.0. Use 'KeyPoints.keypoint_confidence' instead.
  warn_deprecated(
 95%|█████████▍| 711/750 [11:59<00:39,  1.01s/it]/usr/local/lib/python3.12/dist-packages/supervision/key_points/core.py:316: SupervisionWarnings: 'KeyPoints.confidence' is deprecated since 0.29.0 and will be removed in 0.32.0. Use 'KeyPoints.keypoint_confidence' instead.
  warn_deprecated(
/usr/local/lib/python3.12/dist-packages/supervision/key_points/core.py:308: SupervisionWarnings: 'KeyPoints.confidence' is deprecated since 0.29.0 and will be removed in 0.32.0. Use 'KeyPoints.keypoint_confidence' instead.
  warn_deprecated(
/usr/local/lib/python3.12/dist-packages/supervision/key_points/core.py:308: SupervisionWarnings: 'KeyPoints.confidence' is deprecated since 0.29.0 and will be removed in 0.32.0. Use 'KeyPoints.keypoint_confidence' instead.
  warn_deprecated(
/usr/local/lib/python3.12/dist-packages/supervision/key_points/core.py:308: SupervisionWarnings: 'KeyPoints.confidence' is deprecated since 0.29.0 and will be removed in 0.32.0. Use 'KeyPoints.keypoint_confidence' instead.
  warn_deprecated(
/usr/local/lib/python3.12/dist-packages/supervision/key_points/core.py:308: SupervisionWarnings: 'KeyPoints.confidence' is deprecated since 0.29.0 and will be removed in 0.32.0. Use 'KeyPoints.keypoint_confidence' instead.
  warn_deprecated(
 95%|█████████▍| 712/750 [12:01<00:40,  1.07s/it]/usr/local/lib/python3.12/dist-packages/supervision/key_points/core.py:316: SupervisionWarnings: 'KeyPoints.confidence' is deprecated since 0.29.0 and will be removed in 0.32.0. Use 'KeyPoints.keypoint_confidence' instead.
  warn_deprecated(
/usr/local/lib/python3.12/dist-packages/supervision/key_points/core.py:308: SupervisionWarnings: 'KeyPoints.confidence' is deprecated since 0.29.0 and will be removed in 0.32.0. Use 'KeyPoints.keypoint_confidence' instead.
  warn_deprecated(
/usr/local/lib/python3.12/dist-packages/supervision/key_points/core.py:308: SupervisionWarnings: 'KeyPoints.confidence' is deprecated since 0.29.0 and will be removed in 0.32.0. Use 'KeyPoints.keypoint_confidence' instead.
  warn_deprecated(
/usr/local/lib/python3.12/dist-packages/supervision/key_points/core.py:308: SupervisionWarnings: 'KeyPoints.confidence' is deprecated since 0.29.0 and will be removed in 0.32.0. Use 'KeyPoints.keypoint_confidence' instead.
  warn_deprecated(
/usr/local/lib/python3.12/dist-packages/supervision/key_points/core.py:308: SupervisionWarnings: 'KeyPoints.confidence' is deprecated since 0.29.0 and will be removed in 0.32.0. Use 'KeyPoints.keypoint_confidence' instead.
  warn_deprecated(
 95%|█████████▌| 713/750 [12:01<00:36,  1.01it/s]/usr/local/lib/python3.12/dist-packages/supervision/key_points/core.py:316: SupervisionWarnings: 'KeyPoints.confidence' is deprecated since 0.29.0 and will be removed in 0.32.0. Use 'KeyPoints.keypoint_confidence' instead.
  warn_deprecated(
/usr/local/lib/python3.12/dist-packages/supervision/key_points/core.py:308: SupervisionWarnings: 'KeyPoints.confidence' is deprecated since 0.29.0 and will be removed in 0.32.0. Use 'KeyPoints.keypoint_confidence' instead.
  warn_deprecated(
/usr/local/lib/python3.12/dist-packages/supervision/key_points/core.py:308: SupervisionWarnings: 'KeyPoints.confidence' is deprecated since 0.29.0 and will be removed in 0.32.0. Use 'KeyPoints.keypoint_confidence' instead.
  warn_deprecated(
/usr/local/lib/python3.12/dist-packages/supervision/key_points/core.py:308: SupervisionWarnings: 'KeyPoints.confidence' is deprecated since 0.29.0 and will be removed in 0.32.0. Use 'KeyPoints.keypoint_confidence' instead.
  warn_deprecated(
/usr/local/lib/python3.12/dist-packages/supervision/key_points/core.py:308: SupervisionWarnings: 'KeyPoints.confidence' is deprecated since 0.29.0 and will be removed in 0.32.0. Use 'KeyPoints.keypoint_confidence' instead.
  warn_deprecated(
 95%|█████████▌| 714/750 [12:02<00:33,  1.07it/s]/usr/local/lib/python3.12/dist-packages/supervision/key_points/core.py:316: SupervisionWarnings: 'KeyPoints.confidence' is deprecated since 0.29.0 and will be removed in 0.32.0. Use 'KeyPoints.keypoint_confidence' instead.
  warn_deprecated(
/usr/local/lib/python3.12/dist-packages/supervision/key_points/core.py:308: SupervisionWarnings: 'KeyPoints.confidence' is deprecated since 0.29.0 and will be removed in 0.32.0. Use 'KeyPoints.keypoint_confidence' instead.
  warn_deprecated(
/usr/local/lib/python3.12/dist-packages/supervision/key_points/core.py:308: SupervisionWarnings: 'KeyPoints.confidence' is deprecated since 0.29.0 and will be removed in 0.32.0. Use 'KeyPoints.keypoint_confidence' instead.
  warn_deprecated(
/usr/local/lib/python3.12/dist-packages/supervision/key_points/core.py:308: SupervisionWarnings: 'KeyPoints.confidence' is deprecated since 0.29.0 and will be removed in 0.32.0. Use 'KeyPoints.keypoint_confidence' instead.
  warn_deprecated(
/usr/local/lib/python3.12/dist-packages/supervision/key_points/core.py:308: SupervisionWarnings: 'KeyPoints.confidence' is deprecated since 0.29.0 and will be removed in 0.32.0. Use 'KeyPoints.keypoint_confidence' instead.
  warn_deprecated(
 95%|█████████▌| 715/750 [12:03<00:31,  1.12it/s]/usr/local/lib/python3.12/dist-packages/supervision/key_points/core.py:316: SupervisionWarnings: 'KeyPoints.confidence' is deprecated since 0.29.0 and will be removed in 0.32.0. Use 'KeyPoints.keypoint_confidence' instead.
  warn_deprecated(
/usr/local/lib/python3.12/dist-packages/supervision/key_points/core.py:308: SupervisionWarnings: 'KeyPoints.confidence' is deprecated since 0.29.0 and will be removed in 0.32.0. Use 'KeyPoints.keypoint_confidence' instead.
  warn_deprecated(
/usr/local/lib/python3.12/dist-packages/supervision/key_points/core.py:308: SupervisionWarnings: 'KeyPoints.confidence' is deprecated since 0.29.0 and will be removed in 0.32.0. Use 'KeyPoints.keypoint_confidence' instead.
  warn_deprecated(
/usr/local/lib/python3.12/dist-packages/supervision/key_points/core.py:308: SupervisionWarnings: 'KeyPoints.confidence' is deprecated since 0.29.0 and will be removed in 0.32.0. Use 'KeyPoints.keypoint_confidence' instead.
  warn_deprecated(
/usr/local/lib/python3.12/dist-packages/supervision/key_points/core.py:308: SupervisionWarnings: 'KeyPoints.confidence' is deprecated since 0.29.0 and will be removed in 0.32.0. Use 'KeyPoints.keypoint_confidence' instead.
  warn_deprecated(
 95%|█████████▌| 716/750 [12:04<00:29,  1.15it/s]/usr/local/lib/python3.12/dist-packages/supervision/key_points/core.py:316: SupervisionWarnings: 'KeyPoints.confidence' is deprecated since 0.29.0 and will be removed in 0.32.0. Use 'KeyPoints.keypoint_confidence' instead.
  warn_deprecated(
/usr/local/lib/python3.12/dist-packages/supervision/key_points/core.py:308: SupervisionWarnings: 'KeyPoints.confidence' is deprecated since 0.29.0 and will be removed in 0.32.0. Use 'KeyPoints.keypoint_confidence' instead.
  warn_deprecated(
/usr/local/lib/python3.12/dist-packages/supervision/key_points/core.py:308: SupervisionWarnings: 'KeyPoints.confidence' is deprecated since 0.29.0 and will be removed in 0.32.0. Use 'KeyPoints.keypoint_confidence' instead.
  warn_deprecated(
/usr/local/lib/python3.12/dist-packages/supervision/key_points/core.py:308: SupervisionWarnings: 'KeyPoints.confidence' is deprecated since 0.29.0 and will be removed in 0.32.0. Use 'KeyPoints.keypoint_confidence' instead.
  warn_deprecated(
/usr/local/lib/python3.12/dist-packages/supervision/key_points/core.py:308: SupervisionWarnings: 'KeyPoints.confidence' is deprecated since 0.29.0 and will be removed in 0.32.0. Use 'KeyPoints.keypoint_confidence' instead.
  warn_deprecated(
 96%|█████████▌| 717/750 [12:05<00:27,  1.19it/s]/usr/local/lib/python3.12/dist-packages/supervision/key_points/core.py:316: SupervisionWarnings: 'KeyPoints.confidence' is deprecated since 0.29.0 and will be removed in 0.32.0. Use 'KeyPoints.keypoint_confidence' instead.
  warn_deprecated(
/usr/local/lib/python3.12/dist-packages/supervision/key_points/core.py:308: SupervisionWarnings: 'KeyPoints.confidence' is deprecated since 0.29.0 and will be removed in 0.32.0. Use 'KeyPoints.keypoint_confidence' instead.
  warn_deprecated(
/usr/local/lib/python3.12/dist-packages/supervision/key_points/core.py:308: SupervisionWarnings: 'KeyPoints.confidence' is deprecated since 0.29.0 and will be removed in 0.32.0. Use 'KeyPoints.keypoint_confidence' instead.
  warn_deprecated(
/usr/local/lib/python3.12/dist-packages/supervision/key_points/core.py:308: SupervisionWarnings: 'KeyPoints.confidence' is deprecated since 0.29.0 and will be removed in 0.32.0. Use 'KeyPoints.keypoint_confidence' instead.
  warn_deprecated(
/usr/local/lib/python3.12/dist-packages/supervision/key_points/core.py:308: SupervisionWarnings: 'KeyPoints.confidence' is deprecated since 0.29.0 and will be removed in 0.32.0. Use 'KeyPoints.keypoint_confidence' instead.
  warn_deprecated(
 96%|█████████▌| 718/750 [12:06<00:30,  1.04it/s]/usr/local/lib/python3.12/dist-packages/supervision/key_points/core.py:316: SupervisionWarnings: 'KeyPoints.confidence' is deprecated since 0.29.0 and will be removed in 0.32.0. Use 'KeyPoints.keypoint_confidence' instead.
  warn_deprecated(
/usr/local/lib/python3.12/dist-packages/supervision/key_points/core.py:308: SupervisionWarnings: 'KeyPoints.confidence' is deprecated since 0.29.0 and will be removed in 0.32.0. Use 'KeyPoints.keypoint_confidence' instead.
  warn_deprecated(
/usr/local/lib/python3.12/dist-packages/supervision/key_points/core.py:308: SupervisionWarnings: 'KeyPoints.confidence' is deprecated since 0.29.0 and will be removed in 0.32.0. Use 'KeyPoints.keypoint_confidence' instead.
  warn_deprecated(
/usr/local/lib/python3.12/dist-packages/supervision/key_points/core.py:308: SupervisionWarnings: 'KeyPoints.confidence' is deprecated since 0.29.0 and will be removed in 0.32.0. Use 'KeyPoints.keypoint_confidence' instead.
  warn_deprecated(
/usr/local/lib/python3.12/dist-packages/supervision/key_points/core.py:308: SupervisionWarnings: 'KeyPoints.confidence' is deprecated since 0.29.0 and will be removed in 0.32.0. Use 'KeyPoints.keypoint_confidence' instead.
  warn_deprecated(
 96%|█████████▌| 719/750 [12:07<00:28,  1.08it/s]/usr/local/lib/python3.12/dist-packages/supervision/key_points/core.py:316: SupervisionWarnings: 'KeyPoints.confidence' is deprecated since 0.29.0 and will be removed in 0.32.0. Use 'KeyPoints.keypoint_confidence' instead.
  warn_deprecated(
/usr/local/lib/python3.12/dist-packages/supervision/key_points/core.py:308: SupervisionWarnings: 'KeyPoints.confidence' is deprecated since 0.29.0 and will be removed in 0.32.0. Use 'KeyPoints.keypoint_confidence' instead.
  warn_deprecated(
/usr/local/lib/python3.12/dist-packages/supervision/key_points/core.py:308: SupervisionWarnings: 'KeyPoints.confidence' is deprecated since 0.29.0 and will be removed in 0.32.0. Use 'KeyPoints.keypoint_confidence' instead.
  warn_deprecated(
/usr/local/lib/python3.12/dist-packages/supervision/key_points/core.py:308: SupervisionWarnings: 'KeyPoints.confidence' is deprecated since 0.29.0 and will be removed in 0.32.0. Use 'KeyPoints.keypoint_confidence' instead.
  warn_deprecated(
/usr/local/lib/python3.12/dist-packages/supervision/key_points/core.py:308: SupervisionWarnings: 'KeyPoints.confidence' is deprecated since 0.29.0 and will be removed in 0.32.0. Use 'KeyPoints.keypoint_confidence' instead.
  warn_deprecated(
 96%|█████████▌| 720/750 [12:08<00:30,  1.01s/it]/usr/local/lib/python3.12/dist-packages/supervision/key_points/core.py:316: SupervisionWarnings: 'KeyPoints.confidence' is deprecated since 0.29.0 and will be removed in 0.32.0. Use 'KeyPoints.keypoint_confidence' instead.
  warn_deprecated(
/usr/local/lib/python3.12/dist-packages/supervision/key_points/core.py:308: SupervisionWarnings: 'KeyPoints.confidence' is deprecated since 0.29.0 and will be removed in 0.32.0. Use 'KeyPoints.keypoint_confidence' instead.
  warn_deprecated(
/usr/local/lib/python3.12/dist-packages/supervision/key_points/core.py:308: SupervisionWarnings: 'KeyPoints.confidence' is deprecated since 0.29.0 and will be removed in 0.32.0. Use 'KeyPoints.keypoint_confidence' instead.
  warn_deprecated(
/usr/local/lib/python3.12/dist-packages/supervision/key_points/core.py:308: SupervisionWarnings: 'KeyPoints.confidence' is deprecated since 0.29.0 and will be removed in 0.32.0. Use 'KeyPoints.keypoint_confidence' instead.
  warn_deprecated(
/usr/local/lib/python3.12/dist-packages/supervision/key_points/core.py:308: SupervisionWarnings: 'KeyPoints.confidence' is deprecated since 0.29.0 and will be removed in 0.32.0. Use 'KeyPoints.keypoint_confidence' instead.
  warn_deprecated(
 96%|█████████▌| 721/750 [12:09<00:27,  1.07it/s]/usr/local/lib/python3.12/dist-packages/supervision/key_points/core.py:316: SupervisionWarnings: 'KeyPoints.confidence' is deprecated since 0.29.0 and will be removed in 0.32.0. Use 'KeyPoints.keypoint_confidence' instead.
  warn_deprecated(
/usr/local/lib/python3.12/dist-packages/supervision/key_points/core.py:308: SupervisionWarnings: 'KeyPoints.confidence' is deprecated since 0.29.0 and will be removed in 0.32.0. Use 'KeyPoints.keypoint_confidence' instead.
  warn_deprecated(
/usr/local/lib/python3.12/dist-packages/supervision/key_points/core.py:308: SupervisionWarnings: 'KeyPoints.confidence' is deprecated since 0.29.0 and will be removed in 0.32.0. Use 'KeyPoints.keypoint_confidence' instead.
  warn_deprecated(
/usr/local/lib/python3.12/dist-packages/supervision/key_points/core.py:308: SupervisionWarnings: 'KeyPoints.confidence' is deprecated since 0.29.0 and will be removed in 0.32.0. Use 'KeyPoints.keypoint_confidence' instead.
  warn_deprecated(
/usr/local/lib/python3.12/dist-packages/supervision/key_points/core.py:308: SupervisionWarnings: 'KeyPoints.confidence' is deprecated since 0.29.0 and will be removed in 0.32.0. Use 'KeyPoints.keypoint_confidence' instead.
  warn_deprecated(
 96%|█████████▋| 722/750 [12:10<00:29,  1.04s/it]/usr/local/lib/python3.12/dist-packages/supervision/key_points/core.py:316: SupervisionWarnings: 'KeyPoints.confidence' is deprecated since 0.29.0 and will be removed in 0.32.0. Use 'KeyPoints.keypoint_confidence' instead.
  warn_deprecated(
/usr/local/lib/python3.12/dist-packages/supervision/key_points/core.py:308: SupervisionWarnings: 'KeyPoints.confidence' is deprecated since 0.29.0 and will be removed in 0.32.0. Use 'KeyPoints.keypoint_confidence' instead.
  warn_deprecated(
/usr/local/lib/python3.12/dist-packages/supervision/key_points/core.py:308: SupervisionWarnings: 'KeyPoints.confidence' is deprecated since 0.29.0 and will be removed in 0.32.0. Use 'KeyPoints.keypoint_confidence' instead.
  warn_deprecated(
/usr/local/lib/python3.12/dist-packages/supervision/key_points/core.py:308: SupervisionWarnings: 'KeyPoints.confidence' is deprecated since 0.29.0 and will be removed in 0.32.0. Use 'KeyPoints.keypoint_confidence' instead.
  warn_deprecated(
/usr/local/lib/python3.12/dist-packages/supervision/key_points/core.py:308: SupervisionWarnings: 'KeyPoints.confidence' is deprecated since 0.29.0 and will be removed in 0.32.0. Use 'KeyPoints.keypoint_confidence' instead.
  warn_deprecated(
 96%|█████████▋| 723/750 [12:11<00:27,  1.03s/it]/usr/local/lib/python3.12/dist-packages/supervision/key_points/core.py:316: SupervisionWarnings: 'KeyPoints.confidence' is deprecated since 0.29.0 and will be removed in 0.32.0. Use 'KeyPoints.keypoint_confidence' instead.
  warn_deprecated(
/usr/local/lib/python3.12/dist-packages/supervision/key_points/core.py:308: SupervisionWarnings: 'KeyPoints.confidence' is deprecated since 0.29.0 and will be removed in 0.32.0. Use 'KeyPoints.keypoint_confidence' instead.
  warn_deprecated(
/usr/local/lib/python3.12/dist-packages/supervision/key_points/core.py:308: SupervisionWarnings: 'KeyPoints.confidence' is deprecated since 0.29.0 and will be removed in 0.32.0. Use 'KeyPoints.keypoint_confidence' instead.
  warn_deprecated(
/usr/local/lib/python3.12/dist-packages/supervision/key_points/core.py:308: SupervisionWarnings: 'KeyPoints.confidence' is deprecated since 0.29.0 and will be removed in 0.32.0. Use 'KeyPoints.keypoint_confidence' instead.
  warn_deprecated(
/usr/local/lib/python3.12/dist-packages/supervision/key_points/core.py:308: SupervisionWarnings: 'KeyPoints.confidence' is deprecated since 0.29.0 and will be removed in 0.32.0. Use 'KeyPoints.keypoint_confidence' instead.
  warn_deprecated(
 97%|█████████▋| 724/750 [12:12<00:30,  1.16s/it]/usr/local/lib/python3.12/dist-packages/supervision/key_points/core.py:316: SupervisionWarnings: 'KeyPoints.confidence' is deprecated since 0.29.0 and will be removed in 0.32.0. Use 'KeyPoints.keypoint_confidence' instead.
  warn_deprecated(
/usr/local/lib/python3.12/dist-packages/supervision/key_points/core.py:308: SupervisionWarnings: 'KeyPoints.confidence' is deprecated since 0.29.0 and will be removed in 0.32.0. Use 'KeyPoints.keypoint_confidence' instead.
  warn_deprecated(
/usr/local/lib/python3.12/dist-packages/supervision/key_points/core.py:308: SupervisionWarnings: 'KeyPoints.confidence' is deprecated since 0.29.0 and will be removed in 0.32.0. Use 'KeyPoints.keypoint_confidence' instead.
  warn_deprecated(
/usr/local/lib/python3.12/dist-packages/supervision/key_points/core.py:308: SupervisionWarnings: 'KeyPoints.confidence' is deprecated since 0.29.0 and will be removed in 0.32.0. Use 'KeyPoints.keypoint_confidence' instead.
  warn_deprecated(
/usr/local/lib/python3.12/dist-packages/supervision/key_points/core.py:308: SupervisionWarnings: 'KeyPoints.confidence' is deprecated since 0.29.0 and will be removed in 0.32.0. Use 'KeyPoints.keypoint_confidence' instead.
  warn_deprecated(
 97%|█████████▋| 725/750 [12:14<00:31,  1.24s/it]/usr/local/lib/python3.12/dist-packages/supervision/key_points/core.py:316: SupervisionWarnings: 'KeyPoints.confidence' is deprecated since 0.29.0 and will be removed in 0.32.0. Use 'KeyPoints.keypoint_confidence' instead.
  warn_deprecated(
/usr/local/lib/python3.12/dist-packages/supervision/key_points/core.py:308: SupervisionWarnings: 'KeyPoints.confidence' is deprecated since 0.29.0 and will be removed in 0.32.0. Use 'KeyPoints.keypoint_confidence' instead.
  warn_deprecated(
/usr/local/lib/python3.12/dist-packages/supervision/key_points/core.py:308: SupervisionWarnings: 'KeyPoints.confidence' is deprecated since 0.29.0 and will be removed in 0.32.0. Use 'KeyPoints.keypoint_confidence' instead.
  warn_deprecated(
/usr/local/lib/python3.12/dist-packages/supervision/key_points/core.py:308: SupervisionWarnings: 'KeyPoints.confidence' is deprecated since 0.29.0 and will be removed in 0.32.0. Use 'KeyPoints.keypoint_confidence' instead.
  warn_deprecated(
/usr/local/lib/python3.12/dist-packages/supervision/key_points/core.py:308: SupervisionWarnings: 'KeyPoints.confidence' is deprecated since 0.29.0 and will be removed in 0.32.0. Use 'KeyPoints.keypoint_confidence' instead.
  warn_deprecated(
 97%|█████████▋| 726/750 [12:15<00:29,  1.23s/it]/usr/local/lib/python3.12/dist-packages/supervision/key_points/core.py:316: SupervisionWarnings: 'KeyPoints.confidence' is deprecated since 0.29.0 and will be removed in 0.32.0. Use 'KeyPoints.keypoint_confidence' instead.
  warn_deprecated(
/usr/local/lib/python3.12/dist-packages/supervision/key_points/core.py:308: SupervisionWarnings: 'KeyPoints.confidence' is deprecated since 0.29.0 and will be removed in 0.32.0. Use 'KeyPoints.keypoint_confidence' instead.
  warn_deprecated(
/usr/local/lib/python3.12/dist-packages/supervision/key_points/core.py:308: SupervisionWarnings: 'KeyPoints.confidence' is deprecated since 0.29.0 and will be removed in 0.32.0. Use 'KeyPoints.keypoint_confidence' instead.
  warn_deprecated(
/usr/local/lib/python3.12/dist-packages/supervision/key_points/core.py:308: SupervisionWarnings: 'KeyPoints.confidence' is deprecated since 0.29.0 and will be removed in 0.32.0. Use 'KeyPoints.keypoint_confidence' instead.
  warn_deprecated(
/usr/local/lib/python3.12/dist-packages/supervision/key_points/core.py:308: SupervisionWarnings: 'KeyPoints.confidence' is deprecated since 0.29.0 and will be removed in 0.32.0. Use 'KeyPoints.keypoint_confidence' instead.
  warn_deprecated(
 97%|█████████▋| 727/750 [12:16<00:25,  1.09s/it]/usr/local/lib/python3.12/dist-packages/supervision/key_points/core.py:316: SupervisionWarnings: 'KeyPoints.confidence' is deprecated since 0.29.0 and will be removed in 0.32.0. Use 'KeyPoints.keypoint_confidence' instead.
  warn_deprecated(
/usr/local/lib/python3.12/dist-packages/supervision/key_points/core.py:308: SupervisionWarnings: 'KeyPoints.confidence' is deprecated since 0.29.0 and will be removed in 0.32.0. Use 'KeyPoints.keypoint_confidence' instead.
  warn_deprecated(
/usr/local/lib/python3.12/dist-packages/supervision/key_points/core.py:308: SupervisionWarnings: 'KeyPoints.confidence' is deprecated since 0.29.0 and will be removed in 0.32.0. Use 'KeyPoints.keypoint_confidence' instead.
  warn_deprecated(
/usr/local/lib/python3.12/dist-packages/supervision/key_points/core.py:308: SupervisionWarnings: 'KeyPoints.confidence' is deprecated since 0.29.0 and will be removed in 0.32.0. Use 'KeyPoints.keypoint_confidence' instead.
  warn_deprecated(
/usr/local/lib/python3.12/dist-packages/supervision/key_points/core.py:308: SupervisionWarnings: 'KeyPoints.confidence' is deprecated since 0.29.0 and will be removed in 0.32.0. Use 'KeyPoints.keypoint_confidence' instead.
  warn_deprecated(
 97%|█████████▋| 728/750 [12:17<00:22,  1.01s/it]/usr/local/lib/python3.12/dist-packages/supervision/key_points/core.py:316: SupervisionWarnings: 'KeyPoints.confidence' is deprecated since 0.29.0 and will be removed in 0.32.0. Use 'KeyPoints.keypoint_confidence' instead.
  warn_deprecated(
/usr/local/lib/python3.12/dist-packages/supervision/key_points/core.py:308: SupervisionWarnings: 'KeyPoints.confidence' is deprecated since 0.29.0 and will be removed in 0.32.0. Use 'KeyPoints.keypoint_confidence' instead.
  warn_deprecated(
/usr/local/lib/python3.12/dist-packages/supervision/key_points/core.py:308: SupervisionWarnings: 'KeyPoints.confidence' is deprecated since 0.29.0 and will be removed in 0.32.0. Use 'KeyPoints.keypoint_confidence' instead.
  warn_deprecated(
/usr/local/lib/python3.12/dist-packages/supervision/key_points/core.py:308: SupervisionWarnings: 'KeyPoints.confidence' is deprecated since 0.29.0 and will be removed in 0.32.0. Use 'KeyPoints.keypoint_confidence' instead.
  warn_deprecated(
/usr/local/lib/python3.12/dist-packages/supervision/key_points/core.py:308: SupervisionWarnings: 'KeyPoints.confidence' is deprecated since 0.29.0 and will be removed in 0.32.0. Use 'KeyPoints.keypoint_confidence' instead.
  warn_deprecated(
 97%|█████████▋| 729/750 [12:17<00:19,  1.06it/s]/usr/local/lib/python3.12/dist-packages/supervision/key_points/core.py:316: SupervisionWarnings: 'KeyPoints.confidence' is deprecated since 0.29.0 and will be removed in 0.32.0. Use 'KeyPoints.keypoint_confidence' instead.
  warn_deprecated(
/usr/local/lib/python3.12/dist-packages/supervision/key_points/core.py:308: SupervisionWarnings: 'KeyPoints.confidence' is deprecated since 0.29.0 and will be removed in 0.32.0. Use 'KeyPoints.keypoint_confidence' instead.
  warn_deprecated(
/usr/local/lib/python3.12/dist-packages/supervision/key_points/core.py:308: SupervisionWarnings: 'KeyPoints.confidence' is deprecated since 0.29.0 and will be removed in 0.32.0. Use 'KeyPoints.keypoint_confidence' instead.
  warn_deprecated(
/usr/local/lib/python3.12/dist-packages/supervision/key_points/core.py:308: SupervisionWarnings: 'KeyPoints.confidence' is deprecated since 0.29.0 and will be removed in 0.32.0. Use 'KeyPoints.keypoint_confidence' instead.
  warn_deprecated(
/usr/local/lib/python3.12/dist-packages/supervision/key_points/core.py:308: SupervisionWarnings: 'KeyPoints.confidence' is deprecated since 0.29.0 and will be removed in 0.32.0. Use 'KeyPoints.keypoint_confidence' instead.
  warn_deprecated(
 97%|█████████▋| 730/750 [12:19<00:20,  1.03s/it]/usr/local/lib/python3.12/dist-packages/supervision/key_points/core.py:316: SupervisionWarnings: 'KeyPoints.confidence' is deprecated since 0.29.0 and will be removed in 0.32.0. Use 'KeyPoints.keypoint_confidence' instead.
  warn_deprecated(
/usr/local/lib/python3.12/dist-packages/supervision/key_points/core.py:308: SupervisionWarnings: 'KeyPoints.confidence' is deprecated since 0.29.0 and will be removed in 0.32.0. Use 'KeyPoints.keypoint_confidence' instead.
  warn_deprecated(
/usr/local/lib/python3.12/dist-packages/supervision/key_points/core.py:308: SupervisionWarnings: 'KeyPoints.confidence' is deprecated since 0.29.0 and will be removed in 0.32.0. Use 'KeyPoints.keypoint_confidence' instead.
  warn_deprecated(
/usr/local/lib/python3.12/dist-packages/supervision/key_points/core.py:308: SupervisionWarnings: 'KeyPoints.confidence' is deprecated since 0.29.0 and will be removed in 0.32.0. Use 'KeyPoints.keypoint_confidence' instead.
  warn_deprecated(
/usr/local/lib/python3.12/dist-packages/supervision/key_points/core.py:308: SupervisionWarnings: 'KeyPoints.confidence' is deprecated since 0.29.0 and will be removed in 0.32.0. Use 'KeyPoints.keypoint_confidence' instead.
  warn_deprecated(
 97%|█████████▋| 731/750 [12:20<00:20,  1.08s/it]/usr/local/lib/python3.12/dist-packages/supervision/key_points/core.py:316: SupervisionWarnings: 'KeyPoints.confidence' is deprecated since 0.29.0 and will be removed in 0.32.0. Use 'KeyPoints.keypoint_confidence' instead.
  warn_deprecated(
/usr/local/lib/python3.12/dist-packages/supervision/key_points/core.py:308: SupervisionWarnings: 'KeyPoints.confidence' is deprecated since 0.29.0 and will be removed in 0.32.0. Use 'KeyPoints.keypoint_confidence' instead.
  warn_deprecated(
/usr/local/lib/python3.12/dist-packages/supervision/key_points/core.py:308: SupervisionWarnings: 'KeyPoints.confidence' is deprecated since 0.29.0 and will be removed in 0.32.0. Use 'KeyPoints.keypoint_confidence' instead.
  warn_deprecated(
/usr/local/lib/python3.12/dist-packages/supervision/key_points/core.py:308: SupervisionWarnings: 'KeyPoints.confidence' is deprecated since 0.29.0 and will be removed in 0.32.0. Use 'KeyPoints.keypoint_confidence' instead.
  warn_deprecated(
/usr/local/lib/python3.12/dist-packages/supervision/key_points/core.py:308: SupervisionWarnings: 'KeyPoints.confidence' is deprecated since 0.29.0 and will be removed in 0.32.0. Use 'KeyPoints.keypoint_confidence' instead.
  warn_deprecated(
 98%|█████████▊| 732/750 [12:21<00:19,  1.11s/it]/usr/local/lib/python3.12/dist-packages/supervision/key_points/core.py:316: SupervisionWarnings: 'KeyPoints.confidence' is deprecated since 0.29.0 and will be removed in 0.32.0. Use 'KeyPoints.keypoint_confidence' instead.
  warn_deprecated(
/usr/local/lib/python3.12/dist-packages/supervision/key_points/core.py:308: SupervisionWarnings: 'KeyPoints.confidence' is deprecated since 0.29.0 and will be removed in 0.32.0. Use 'KeyPoints.keypoint_confidence' instead.
  warn_deprecated(
/usr/local/lib/python3.12/dist-packages/supervision/key_points/core.py:308: SupervisionWarnings: 'KeyPoints.confidence' is deprecated since 0.29.0 and will be removed in 0.32.0. Use 'KeyPoints.keypoint_confidence' instead.
  warn_deprecated(
/usr/local/lib/python3.12/dist-packages/supervision/key_points/core.py:308: SupervisionWarnings: 'KeyPoints.confidence' is deprecated since 0.29.0 and will be removed in 0.32.0. Use 'KeyPoints.keypoint_confidence' instead.
  warn_deprecated(
/usr/local/lib/python3.12/dist-packages/supervision/key_points/core.py:308: SupervisionWarnings: 'KeyPoints.confidence' is deprecated since 0.29.0 and will be removed in 0.32.0. Use 'KeyPoints.keypoint_confidence' instead.
  warn_deprecated(
 98%|█████████▊| 733/750 [12:22<00:19,  1.14s/it]/usr/local/lib/python3.12/dist-packages/supervision/key_points/core.py:316: SupervisionWarnings: 'KeyPoints.confidence' is deprecated since 0.29.0 and will be removed in 0.32.0. Use 'KeyPoints.keypoint_confidence' instead.
  warn_deprecated(
/usr/local/lib/python3.12/dist-packages/supervision/key_points/core.py:308: SupervisionWarnings: 'KeyPoints.confidence' is deprecated since 0.29.0 and will be removed in 0.32.0. Use 'KeyPoints.keypoint_confidence' instead.
  warn_deprecated(
/usr/local/lib/python3.12/dist-packages/supervision/key_points/core.py:308: SupervisionWarnings: 'KeyPoints.confidence' is deprecated since 0.29.0 and will be removed in 0.32.0. Use 'KeyPoints.keypoint_confidence' instead.
  warn_deprecated(
/usr/local/lib/python3.12/dist-packages/supervision/key_points/core.py:308: SupervisionWarnings: 'KeyPoints.confidence' is deprecated since 0.29.0 and will be removed in 0.32.0. Use 'KeyPoints.keypoint_confidence' instead.
  warn_deprecated(
/usr/local/lib/python3.12/dist-packages/supervision/key_points/core.py:308: SupervisionWarnings: 'KeyPoints.confidence' is deprecated since 0.29.0 and will be removed in 0.32.0. Use 'KeyPoints.keypoint_confidence' instead.
  warn_deprecated(
 98%|█████████▊| 734/750 [12:23<00:18,  1.17s/it]/usr/local/lib/python3.12/dist-packages/supervision/key_points/core.py:316: SupervisionWarnings: 'KeyPoints.confidence' is deprecated since 0.29.0 and will be removed in 0.32.0. Use 'KeyPoints.keypoint_confidence' instead.
  warn_deprecated(
/usr/local/lib/python3.12/dist-packages/supervision/key_points/core.py:308: SupervisionWarnings: 'KeyPoints.confidence' is deprecated since 0.29.0 and will be removed in 0.32.0. Use 'KeyPoints.keypoint_confidence' instead.
  warn_deprecated(
/usr/local/lib/python3.12/dist-packages/supervision/key_points/core.py:308: SupervisionWarnings: 'KeyPoints.confidence' is deprecated since 0.29.0 and will be removed in 0.32.0. Use 'KeyPoints.keypoint_confidence' instead.
  warn_deprecated(
/usr/local/lib/python3.12/dist-packages/supervision/key_points/core.py:308: SupervisionWarnings: 'KeyPoints.confidence' is deprecated since 0.29.0 and will be removed in 0.32.0. Use 'KeyPoints.keypoint_confidence' instead.
  warn_deprecated(
/usr/local/lib/python3.12/dist-packages/supervision/key_points/core.py:308: SupervisionWarnings: 'KeyPoints.confidence' is deprecated since 0.29.0 and will be removed in 0.32.0. Use 'KeyPoints.keypoint_confidence' instead.
  warn_deprecated(
 98%|█████████▊| 735/750 [12:25<00:18,  1.24s/it]/usr/local/lib/python3.12/dist-packages/supervision/key_points/core.py:316: SupervisionWarnings: 'KeyPoints.confidence' is deprecated since 0.29.0 and will be removed in 0.32.0. Use 'KeyPoints.keypoint_confidence' instead.
  warn_deprecated(
/usr/local/lib/python3.12/dist-packages/supervision/key_points/core.py:308: SupervisionWarnings: 'KeyPoints.confidence' is deprecated since 0.29.0 and will be removed in 0.32.0. Use 'KeyPoints.keypoint_confidence' instead.
  warn_deprecated(
/usr/local/lib/python3.12/dist-packages/supervision/key_points/core.py:308: SupervisionWarnings: 'KeyPoints.confidence' is deprecated since 0.29.0 and will be removed in 0.32.0. Use 'KeyPoints.keypoint_confidence' instead.
  warn_deprecated(
/usr/local/lib/python3.12/dist-packages/supervision/key_points/core.py:308: SupervisionWarnings: 'KeyPoints.confidence' is deprecated since 0.29.0 and will be removed in 0.32.0. Use 'KeyPoints.keypoint_confidence' instead.
  warn_deprecated(
/usr/local/lib/python3.12/dist-packages/supervision/key_points/core.py:308: SupervisionWarnings: 'KeyPoints.confidence' is deprecated since 0.29.0 and will be removed in 0.32.0. Use 'KeyPoints.keypoint_confidence' instead.
  warn_deprecated(
 98%|█████████▊| 736/750 [12:26<00:16,  1.16s/it]/usr/local/lib/python3.12/dist-packages/supervision/key_points/core.py:316: SupervisionWarnings: 'KeyPoints.confidence' is deprecated since 0.29.0 and will be removed in 0.32.0. Use 'KeyPoints.keypoint_confidence' instead.
  warn_deprecated(
/usr/local/lib/python3.12/dist-packages/supervision/key_points/core.py:308: SupervisionWarnings: 'KeyPoints.confidence' is deprecated since 0.29.0 and will be removed in 0.32.0. Use 'KeyPoints.keypoint_confidence' instead.
  warn_deprecated(
/usr/local/lib/python3.12/dist-packages/supervision/key_points/core.py:308: SupervisionWarnings: 'KeyPoints.confidence' is deprecated since 0.29.0 and will be removed in 0.32.0. Use 'KeyPoints.keypoint_confidence' instead.
  warn_deprecated(
/usr/local/lib/python3.12/dist-packages/supervision/key_points/core.py:308: SupervisionWarnings: 'KeyPoints.confidence' is deprecated since 0.29.0 and will be removed in 0.32.0. Use 'KeyPoints.keypoint_confidence' instead.
  warn_deprecated(
/usr/local/lib/python3.12/dist-packages/supervision/key_points/core.py:308: SupervisionWarnings: 'KeyPoints.confidence' is deprecated since 0.29.0 and will be removed in 0.32.0. Use 'KeyPoints.keypoint_confidence' instead.
  warn_deprecated(
 98%|█████████▊| 737/750 [12:27<00:14,  1.12s/it]/usr/local/lib/python3.12/dist-packages/supervision/key_points/core.py:316: SupervisionWarnings: 'KeyPoints.confidence' is deprecated since 0.29.0 and will be removed in 0.32.0. Use 'KeyPoints.keypoint_confidence' instead.
  warn_deprecated(
/usr/local/lib/python3.12/dist-packages/supervision/key_points/core.py:308: SupervisionWarnings: 'KeyPoints.confidence' is deprecated since 0.29.0 and will be removed in 0.32.0. Use 'KeyPoints.keypoint_confidence' instead.
  warn_deprecated(
/usr/local/lib/python3.12/dist-packages/supervision/key_points/core.py:308: SupervisionWarnings: 'KeyPoints.confidence' is deprecated since 0.29.0 and will be removed in 0.32.0. Use 'KeyPoints.keypoint_confidence' instead.
  warn_deprecated(
/usr/local/lib/python3.12/dist-packages/supervision/key_points/core.py:308: SupervisionWarnings: 'KeyPoints.confidence' is deprecated since 0.29.0 and will be removed in 0.32.0. Use 'KeyPoints.keypoint_confidence' instead.
  warn_deprecated(
/usr/local/lib/python3.12/dist-packages/supervision/key_points/core.py:308: SupervisionWarnings: 'KeyPoints.confidence' is deprecated since 0.29.0 and will be removed in 0.32.0. Use 'KeyPoints.keypoint_confidence' instead.
  warn_deprecated(
 98%|█████████▊| 738/750 [12:28<00:14,  1.18s/it]/usr/local/lib/python3.12/dist-packages/supervision/key_points/core.py:316: SupervisionWarnings: 'KeyPoints.confidence' is deprecated since 0.29.0 and will be removed in 0.32.0. Use 'KeyPoints.keypoint_confidence' instead.
  warn_deprecated(
/usr/local/lib/python3.12/dist-packages/supervision/key_points/core.py:308: SupervisionWarnings: 'KeyPoints.confidence' is deprecated since 0.29.0 and will be removed in 0.32.0. Use 'KeyPoints.keypoint_confidence' instead.
  warn_deprecated(
/usr/local/lib/python3.12/dist-packages/supervision/key_points/core.py:308: SupervisionWarnings: 'KeyPoints.confidence' is deprecated since 0.29.0 and will be removed in 0.32.0. Use 'KeyPoints.keypoint_confidence' instead.
  warn_deprecated(
/usr/local/lib/python3.12/dist-packages/supervision/key_points/core.py:308: SupervisionWarnings: 'KeyPoints.confidence' is deprecated since 0.29.0 and will be removed in 0.32.0. Use 'KeyPoints.keypoint_confidence' instead.
  warn_deprecated(
/usr/local/lib/python3.12/dist-packages/supervision/key_points/core.py:308: SupervisionWarnings: 'KeyPoints.confidence' is deprecated since 0.29.0 and will be removed in 0.32.0. Use 'KeyPoints.keypoint_confidence' instead.
  warn_deprecated(
 99%|█████████▊| 739/750 [12:29<00:12,  1.18s/it]/usr/local/lib/python3.12/dist-packages/supervision/key_points/core.py:316: SupervisionWarnings: 'KeyPoints.confidence' is deprecated since 0.29.0 and will be removed in 0.32.0. Use 'KeyPoints.keypoint_confidence' instead.
  warn_deprecated(
/usr/local/lib/python3.12/dist-packages/supervision/key_points/core.py:308: SupervisionWarnings: 'KeyPoints.confidence' is deprecated since 0.29.0 and will be removed in 0.32.0. Use 'KeyPoints.keypoint_confidence' instead.
  warn_deprecated(
/usr/local/lib/python3.12/dist-packages/supervision/key_points/core.py:308: SupervisionWarnings: 'KeyPoints.confidence' is deprecated since 0.29.0 and will be removed in 0.32.0. Use 'KeyPoints.keypoint_confidence' instead.
  warn_deprecated(
/usr/local/lib/python3.12/dist-packages/supervision/key_points/core.py:308: SupervisionWarnings: 'KeyPoints.confidence' is deprecated since 0.29.0 and will be removed in 0.32.0. Use 'KeyPoints.keypoint_confidence' instead.
  warn_deprecated(
/usr/local/lib/python3.12/dist-packages/supervision/key_points/core.py:308: SupervisionWarnings: 'KeyPoints.confidence' is deprecated since 0.29.0 and will be removed in 0.32.0. Use 'KeyPoints.keypoint_confidence' instead.
  warn_deprecated(
 99%|█████████▊| 740/750 [12:30<00:11,  1.18s/it]/usr/local/lib/python3.12/dist-packages/supervision/key_points/core.py:316: SupervisionWarnings: 'KeyPoints.confidence' is deprecated since 0.29.0 and will be removed in 0.32.0. Use 'KeyPoints.keypoint_confidence' instead.
  warn_deprecated(
/usr/local/lib/python3.12/dist-packages/supervision/key_points/core.py:308: SupervisionWarnings: 'KeyPoints.confidence' is deprecated since 0.29.0 and will be removed in 0.32.0. Use 'KeyPoints.keypoint_confidence' instead.
  warn_deprecated(
/usr/local/lib/python3.12/dist-packages/supervision/key_points/core.py:308: SupervisionWarnings: 'KeyPoints.confidence' is deprecated since 0.29.0 and will be removed in 0.32.0. Use 'KeyPoints.keypoint_confidence' instead.
  warn_deprecated(
/usr/local/lib/python3.12/dist-packages/supervision/key_points/core.py:308: SupervisionWarnings: 'KeyPoints.confidence' is deprecated since 0.29.0 and will be removed in 0.32.0. Use 'KeyPoints.keypoint_confidence' instead.
  warn_deprecated(
/usr/local/lib/python3.12/dist-packages/supervision/key_points/core.py:308: SupervisionWarnings: 'KeyPoints.confidence' is deprecated since 0.29.0 and will be removed in 0.32.0. Use 'KeyPoints.keypoint_confidence' instead.
  warn_deprecated(
 99%|█████████▉| 741/750 [12:32<00:10,  1.18s/it]/usr/local/lib/python3.12/dist-packages/supervision/key_points/core.py:316: SupervisionWarnings: 'KeyPoints.confidence' is deprecated since 0.29.0 and will be removed in 0.32.0. Use 'KeyPoints.keypoint_confidence' instead.
  warn_deprecated(
/usr/local/lib/python3.12/dist-packages/supervision/key_points/core.py:308: SupervisionWarnings: 'KeyPoints.confidence' is deprecated since 0.29.0 and will be removed in 0.32.0. Use 'KeyPoints.keypoint_confidence' instead.
  warn_deprecated(
/usr/local/lib/python3.12/dist-packages/supervision/key_points/core.py:308: SupervisionWarnings: 'KeyPoints.confidence' is deprecated since 0.29.0 and will be removed in 0.32.0. Use 'KeyPoints.keypoint_confidence' instead.
  warn_deprecated(
/usr/local/lib/python3.12/dist-packages/supervision/key_points/core.py:308: SupervisionWarnings: 'KeyPoints.confidence' is deprecated since 0.29.0 and will be removed in 0.32.0. Use 'KeyPoints.keypoint_confidence' instead.
  warn_deprecated(
/usr/local/lib/python3.12/dist-packages/supervision/key_points/core.py:308: SupervisionWarnings: 'KeyPoints.confidence' is deprecated since 0.29.0 and will be removed in 0.32.0. Use 'KeyPoints.keypoint_confidence' instead.
  warn_deprecated(
 99%|█████████▉| 742/750 [12:33<00:09,  1.18s/it]/usr/local/lib/python3.12/dist-packages/supervision/key_points/core.py:316: SupervisionWarnings: 'KeyPoints.confidence' is deprecated since 0.29.0 and will be removed in 0.32.0. Use 'KeyPoints.keypoint_confidence' instead.
  warn_deprecated(
/usr/local/lib/python3.12/dist-packages/supervision/key_points/core.py:308: SupervisionWarnings: 'KeyPoints.confidence' is deprecated since 0.29.0 and will be removed in 0.32.0. Use 'KeyPoints.keypoint_confidence' instead.
  warn_deprecated(
/usr/local/lib/python3.12/dist-packages/supervision/key_points/core.py:308: SupervisionWarnings: 'KeyPoints.confidence' is deprecated since 0.29.0 and will be removed in 0.32.0. Use 'KeyPoints.keypoint_confidence' instead.
  warn_deprecated(
/usr/local/lib/python3.12/dist-packages/supervision/key_points/core.py:308: SupervisionWarnings: 'KeyPoints.confidence' is deprecated since 0.29.0 and will be removed in 0.32.0. Use 'KeyPoints.keypoint_confidence' instead.
  warn_deprecated(
/usr/local/lib/python3.12/dist-packages/supervision/key_points/core.py:308: SupervisionWarnings: 'KeyPoints.confidence' is deprecated since 0.29.0 and will be removed in 0.32.0. Use 'KeyPoints.keypoint_confidence' instead.
  warn_deprecated(
 99%|█████████▉| 743/750 [12:34<00:08,  1.20s/it]/usr/local/lib/python3.12/dist-packages/supervision/key_points/core.py:316: SupervisionWarnings: 'KeyPoints.confidence' is deprecated since 0.29.0 and will be removed in 0.32.0. Use 'KeyPoints.keypoint_confidence' instead.
  warn_deprecated(
/usr/local/lib/python3.12/dist-packages/supervision/key_points/core.py:308: SupervisionWarnings: 'KeyPoints.confidence' is deprecated since 0.29.0 and will be removed in 0.32.0. Use 'KeyPoints.keypoint_confidence' instead.
  warn_deprecated(
/usr/local/lib/python3.12/dist-packages/supervision/key_points/core.py:308: SupervisionWarnings: 'KeyPoints.confidence' is deprecated since 0.29.0 and will be removed in 0.32.0. Use 'KeyPoints.keypoint_confidence' instead.
  warn_deprecated(
/usr/local/lib/python3.12/dist-packages/supervision/key_points/core.py:308: SupervisionWarnings: 'KeyPoints.confidence' is deprecated since 0.29.0 and will be removed in 0.32.0. Use 'KeyPoints.keypoint_confidence' instead.
  warn_deprecated(
/usr/local/lib/python3.12/dist-packages/supervision/key_points/core.py:308: SupervisionWarnings: 'KeyPoints.confidence' is deprecated since 0.29.0 and will be removed in 0.32.0. Use 'KeyPoints.keypoint_confidence' instead.
  warn_deprecated(
 99%|█████████▉| 744/750 [12:35<00:07,  1.20s/it]/usr/local/lib/python3.12/dist-packages/supervision/key_points/core.py:316: SupervisionWarnings: 'KeyPoints.confidence' is deprecated since 0.29.0 and will be removed in 0.32.0. Use 'KeyPoints.keypoint_confidence' instead.
  warn_deprecated(
/usr/local/lib/python3.12/dist-packages/supervision/key_points/core.py:308: SupervisionWarnings: 'KeyPoints.confidence' is deprecated since 0.29.0 and will be removed in 0.32.0. Use 'KeyPoints.keypoint_confidence' instead.
  warn_deprecated(
/usr/local/lib/python3.12/dist-packages/supervision/key_points/core.py:308: SupervisionWarnings: 'KeyPoints.confidence' is deprecated since 0.29.0 and will be removed in 0.32.0. Use 'KeyPoints.keypoint_confidence' instead.
  warn_deprecated(
/usr/local/lib/python3.12/dist-packages/supervision/key_points/core.py:308: SupervisionWarnings: 'KeyPoints.confidence' is deprecated since 0.29.0 and will be removed in 0.32.0. Use 'KeyPoints.keypoint_confidence' instead.
  warn_deprecated(
/usr/local/lib/python3.12/dist-packages/supervision/key_points/core.py:308: SupervisionWarnings: 'KeyPoints.confidence' is deprecated since 0.29.0 and will be removed in 0.32.0. Use 'KeyPoints.keypoint_confidence' instead.
  warn_deprecated(
 99%|█████████▉| 745/750 [12:36<00:06,  1.20s/it]/usr/local/lib/python3.12/dist-packages/supervision/key_points/core.py:316: SupervisionWarnings: 'KeyPoints.confidence' is deprecated since 0.29.0 and will be removed in 0.32.0. Use 'KeyPoints.keypoint_confidence' instead.
  warn_deprecated(
/usr/local/lib/python3.12/dist-packages/supervision/key_points/core.py:308: SupervisionWarnings: 'KeyPoints.confidence' is deprecated since 0.29.0 and will be removed in 0.32.0. Use 'KeyPoints.keypoint_confidence' instead.
  warn_deprecated(
/usr/local/lib/python3.12/dist-packages/supervision/key_points/core.py:308: SupervisionWarnings: 'KeyPoints.confidence' is deprecated since 0.29.0 and will be removed in 0.32.0. Use 'KeyPoints.keypoint_confidence' instead.
  warn_deprecated(
/usr/local/lib/python3.12/dist-packages/supervision/key_points/core.py:308: SupervisionWarnings: 'KeyPoints.confidence' is deprecated since 0.29.0 and will be removed in 0.32.0. Use 'KeyPoints.keypoint_confidence' instead.
  warn_deprecated(
/usr/local/lib/python3.12/dist-packages/supervision/key_points/core.py:308: SupervisionWarnings: 'KeyPoints.confidence' is deprecated since 0.29.0 and will be removed in 0.32.0. Use 'KeyPoints.keypoint_confidence' instead.
  warn_deprecated(
 99%|█████████▉| 746/750 [12:38<00:04,  1.19s/it]/usr/local/lib/python3.12/dist-packages/supervision/key_points/core.py:316: SupervisionWarnings: 'KeyPoints.confidence' is deprecated since 0.29.0 and will be removed in 0.32.0. Use 'KeyPoints.keypoint_confidence' instead.
  warn_deprecated(
/usr/local/lib/python3.12/dist-packages/supervision/key_points/core.py:308: SupervisionWarnings: 'KeyPoints.confidence' is deprecated since 0.29.0 and will be removed in 0.32.0. Use 'KeyPoints.keypoint_confidence' instead.
  warn_deprecated(
/usr/local/lib/python3.12/dist-packages/supervision/key_points/core.py:308: SupervisionWarnings: 'KeyPoints.confidence' is deprecated since 0.29.0 and will be removed in 0.32.0. Use 'KeyPoints.keypoint_confidence' instead.
  warn_deprecated(
/usr/local/lib/python3.12/dist-packages/supervision/key_points/core.py:308: SupervisionWarnings: 'KeyPoints.confidence' is deprecated since 0.29.0 and will be removed in 0.32.0. Use 'KeyPoints.keypoint_confidence' instead.
  warn_deprecated(
/usr/local/lib/python3.12/dist-packages/supervision/key_points/core.py:308: SupervisionWarnings: 'KeyPoints.confidence' is deprecated since 0.29.0 and will be removed in 0.32.0. Use 'KeyPoints.keypoint_confidence' instead.
  warn_deprecated(
100%|█████████▉| 747/750 [12:39<00:03,  1.22s/it]/usr/local/lib/python3.12/dist-packages/supervision/key_points/core.py:316: SupervisionWarnings: 'KeyPoints.confidence' is deprecated since 0.29.0 and will be removed in 0.32.0. Use 'KeyPoints.keypoint_confidence' instead.
  warn_deprecated(
/usr/local/lib/python3.12/dist-packages/supervision/key_points/core.py:308: SupervisionWarnings: 'KeyPoints.confidence' is deprecated since 0.29.0 and will be removed in 0.32.0. Use 'KeyPoints.keypoint_confidence' instead.
  warn_deprecated(
/usr/local/lib/python3.12/dist-packages/supervision/key_points/core.py:308: SupervisionWarnings: 'KeyPoints.confidence' is deprecated since 0.29.0 and will be removed in 0.32.0. Use 'KeyPoints.keypoint_confidence' instead.
  warn_deprecated(
/usr/local/lib/python3.12/dist-packages/supervision/key_points/core.py:308: SupervisionWarnings: 'KeyPoints.confidence' is deprecated since 0.29.0 and will be removed in 0.32.0. Use 'KeyPoints.keypoint_confidence' instead.
  warn_deprecated(
/usr/local/lib/python3.12/dist-packages/supervision/key_points/core.py:308: SupervisionWarnings: 'KeyPoints.confidence' is deprecated since 0.29.0 and will be removed in 0.32.0. Use 'KeyPoints.keypoint_confidence' instead.
  warn_deprecated(
100%|█████████▉| 748/750 [12:40<00:02,  1.15s/it]/usr/local/lib/python3.12/dist-packages/supervision/key_points/core.py:316: SupervisionWarnings: 'KeyPoints.confidence' is deprecated since 0.29.0 and will be removed in 0.32.0. Use 'KeyPoints.keypoint_confidence' instead.
  warn_deprecated(
/usr/local/lib/python3.12/dist-packages/supervision/key_points/core.py:308: SupervisionWarnings: 'KeyPoints.confidence' is deprecated since 0.29.0 and will be removed in 0.32.0. Use 'KeyPoints.keypoint_confidence' instead.
  warn_deprecated(
/usr/local/lib/python3.12/dist-packages/supervision/key_points/core.py:308: SupervisionWarnings: 'KeyPoints.confidence' is deprecated since 0.29.0 and will be removed in 0.32.0. Use 'KeyPoints.keypoint_confidence' instead.
  warn_deprecated(
/usr/local/lib/python3.12/dist-packages/supervision/key_points/core.py:308: SupervisionWarnings: 'KeyPoints.confidence' is deprecated since 0.29.0 and will be removed in 0.32.0. Use 'KeyPoints.keypoint_confidence' instead.
  warn_deprecated(
/usr/local/lib/python3.12/dist-packages/supervision/key_points/core.py:308: SupervisionWarnings: 'KeyPoints.confidence' is deprecated since 0.29.0 and will be removed in 0.32.0. Use 'KeyPoints.keypoint_confidence' instead.
  warn_deprecated(
100%|█████████▉| 749/750 [12:41<00:01,  1.24s/it]/usr/local/lib/python3.12/dist-packages/supervision/key_points/core.py:316: SupervisionWarnings: 'KeyPoints.confidence' is deprecated since 0.29.0 and will be removed in 0.32.0. Use 'KeyPoints.keypoint_confidence' instead.
  warn_deprecated(
/usr/local/lib/python3.12/dist-packages/supervision/key_points/core.py:308: SupervisionWarnings: 'KeyPoints.confidence' is deprecated since 0.29.0 and will be removed in 0.32.0. Use 'KeyPoints.keypoint_confidence' instead.
  warn_deprecated(
/usr/local/lib/python3.12/dist-packages/supervision/key_points/core.py:308: SupervisionWarnings: 'KeyPoints.confidence' is deprecated since 0.29.0 and will be removed in 0.32.0. Use 'KeyPoints.keypoint_confidence' instead.
  warn_deprecated(
/usr/local/lib/python3.12/dist-packages/supervision/key_points/core.py:308: SupervisionWarnings: 'KeyPoints.confidence' is deprecated since 0.29.0 and will be removed in 0.32.0. Use 'KeyPoints.keypoint_confidence' instead.
  warn_deprecated(
/usr/local/lib/python3.12/dist-packages/supervision/key_points/core.py:308: SupervisionWarnings: 'KeyPoints.confidence' is deprecated since 0.29.0 and will be removed in 0.32.0. Use 'KeyPoints.keypoint_confidence' instead.
  warn_deprecated(
100%|██████████| 750/750 [12:43<00:00,  1.27s/it]100%|██████████| 750/750 [12:43<00:00,  1.02s/it]
[detect] keypoint vertex-labels injected: n=6 labels[0:8]=[10, 11, 15, 16, 17, 14] conf[0:8]=[0.9700000286102295, 0.5699999928474426, 0.9300000071525574, 0.9800000190734863, 0.6000000238418579, 0.9900000095367432] pitch_conf=0.56 n_det=15
[detect] kp class_id <-> class_name (label) pairs: [(9, '10'), (10, '11'), (13, '15'), (14, '16'), (15, '17'), (30, '14')]
[kp-debug] === transition none -> ok at frame=0 ===
[kp-debug] frame=0 n_raw=6 conf_min=0.57 conf_max=0.99 conf_mean=0.84 above_KP_CONF(0.50)=6
[kp-debug] frame=1 n_raw=6 conf_min=0.50 conf_max=0.99 conf_mean=0.82 above_KP_CONF(0.50)=5
[kp-debug] frame=2 n_raw=6 conf_min=0.49 conf_max=0.99 conf_mean=0.83 above_KP_CONF(0.50)=5
[kp-debug] frame=3 n_raw=6 conf_min=0.57 conf_max=0.99 conf_mean=0.85 above_KP_CONF(0.50)=6
[kp-debug] frame=4 n_raw=6 conf_min=0.49 conf_max=0.99 conf_mean=0.83 above_KP_CONF(0.50)=5
[kp-debug] frame=5 n_raw=5 conf_min=0.58 conf_max=0.99 conf_mean=0.89 above_KP_CONF(0.50)=5
[kp-debug] === transition ok -> none at frame=233 ===
[kp-debug] frame=233 n_raw=5 conf_min=0.30 conf_max=0.99 conf_mean=0.72 above_KP_CONF(0.50)=3
[kp-debug] === transition none -> ok at frame=234 ===
[kp-debug] frame=234 n_raw=6 conf_min=0.32 conf_max=0.99 conf_mean=0.66 above_KP_CONF(0.50)=4
[kp-debug] frame=235 n_raw=5 conf_min=0.46 conf_max=0.99 conf_mean=0.79 above_KP_CONF(0.50)=4
[kp-debug] frame=236 n_raw=5 conf_min=0.49 conf_max=0.99 conf_mean=0.79 above_KP_CONF(0.50)=4
[kp-debug] frame=237 n_raw=5 conf_min=0.46 conf_max=0.99 conf_mean=0.74 above_KP_CONF(0.50)=4
[kp-debug] frame=238 n_raw=5 conf_min=0.39 conf_max=0.99 conf_mean=0.76 above_KP_CONF(0.50)=4
[kp-debug] frame=239 n_raw=4 conf_min=0.50 conf_max=0.99 conf_mean=0.83 above_KP_CONF(0.50)=4
[kp-debug] === transition ok -> none at frame=283 ===
[kp-debug] frame=283 n_raw=4 conf_min=0.96 conf_max=1.00 conf_mean=0.99 above_KP_CONF(0.50)=4
[kp-debug] frame=284 n_raw=4 conf_min=0.96 conf_max=0.99 conf_mean=0.99 above_KP_CONF(0.50)=4
[kp-debug] frame=285 n_raw=4 conf_min=0.97 conf_max=0.99 conf_mean=0.99 above_KP_CONF(0.50)=4
[kp-debug] frame=286 n_raw=4 conf_min=0.96 conf_max=0.99 conf_mean=0.99 above_KP_CONF(0.50)=4
[kp-debug] frame=287 n_raw=4 conf_min=0.97 conf_max=0.99 conf_mean=0.99 above_KP_CONF(0.50)=4
[kp-debug] frame=288 n_raw=4 conf_min=0.97 conf_max=0.99 conf_mean=0.99 above_KP_CONF(0.50)=4
[kp-debug] === transition none -> ok at frame=306 ===
[kp-debug] frame=306 n_raw=5 conf_min=0.56 conf_max=0.99 conf_mean=0.87 above_KP_CONF(0.50)=5
[kp-debug] frame=307 n_raw=5 conf_min=0.66 conf_max=0.99 conf_mean=0.89 above_KP_CONF(0.50)=5
[kp-debug] frame=308 n_raw=5 conf_min=0.51 conf_max=0.99 conf_mean=0.86 above_KP_CONF(0.50)=5
[kp-debug] frame=309 n_raw=5 conf_min=0.61 conf_max=0.99 conf_mean=0.88 above_KP_CONF(0.50)=5
[kp-debug] frame=310 n_raw=5 conf_min=0.72 conf_max=0.99 conf_mean=0.90 above_KP_CONF(0.50)=5
[kp-debug] frame=311 n_raw=5 conf_min=0.79 conf_max=0.99 conf_mean=0.90 above_KP_CONF(0.50)=5
[kp-debug] === transition ok -> none at frame=327 ===
[kp-debug] frame=327 n_raw=4 conf_min=0.44 conf_max=0.98 conf_mean=0.75 above_KP_CONF(0.50)=3
[kp-debug] frame=328 n_raw=4 conf_min=0.43 conf_max=0.98 conf_mean=0.74 above_KP_CONF(0.50)=3
[kp-debug] frame=329 n_raw=4 conf_min=0.41 conf_max=0.98 conf_mean=0.73 above_KP_CONF(0.50)=3
[kp-debug] frame=330 n_raw=3 conf_min=0.53 conf_max=0.98 conf_mean=0.83 above_KP_CONF(0.50)=3
[kp-debug] frame=331 n_raw=3 conf_min=0.36 conf_max=0.99 conf_mean=0.78 above_KP_CONF(0.50)=2
[kp-debug] frame=332 n_raw=3 conf_min=0.37 conf_max=0.99 conf_mean=0.78 above_KP_CONF(0.50)=2
[kp-debug] === transition none -> ok at frame=334 ===
[kp-debug] frame=334 n_raw=4 conf_min=0.69 conf_max=1.00 conf_mean=0.88 above_KP_CONF(0.50)=4
[kp-debug] frame=335 n_raw=4 conf_min=0.58 conf_max=1.00 conf_mean=0.85 above_KP_CONF(0.50)=4
[kp-debug] frame=336 n_raw=4 conf_min=0.78 conf_max=1.00 conf_mean=0.92 above_KP_CONF(0.50)=4
[kp-debug] frame=337 n_raw=4 conf_min=0.92 conf_max=1.00 conf_mean=0.96 above_KP_CONF(0.50)=4
[kp-debug] frame=338 n_raw=4 conf_min=0.91 conf_max=1.00 conf_mean=0.96 above_KP_CONF(0.50)=4
[kp-debug] frame=339 n_raw=5 conf_min=0.48 conf_max=1.00 conf_mean=0.87 above_KP_CONF(0.50)=4
[kp-debug] === transition ok -> none at frame=385 ===
[kp-debug] frame=385 n_raw=3 conf_min=0.57 conf_max=0.99 conf_mean=0.85 above_KP_CONF(0.50)=3
[kp-debug] frame=386 n_raw=4 conf_min=0.37 conf_max=0.99 conf_mean=0.68 above_KP_CONF(0.50)=2
[kp-debug] frame=387 n_raw=4 conf_min=0.34 conf_max=0.99 conf_mean=0.70 above_KP_CONF(0.50)=2
[kp-debug] frame=388 n_raw=4 conf_min=0.51 conf_max=0.99 conf_mean=0.77 above_KP_CONF(0.50)=4
[kp-debug] frame=389 n_raw=4 conf_min=0.43 conf_max=0.99 conf_mean=0.75 above_KP_CONF(0.50)=3
[kp-debug] frame=390 n_raw=4 conf_min=0.39 conf_max=0.99 conf_mean=0.72 above_KP_CONF(0.50)=3
[timing] wall 1018 ms/frame; stage totals (model calls overlap in threads):
[timing]   model_keypoints           649.4 ms/frame  ( 63.8% of wall)
[timing]   wait_detect               532.3 ms/frame  ( 52.3% of wall)
[timing]   model_detect              531.5 ms/frame  ( 52.2% of wall)
[timing]   ball                      180.4 ms/frame  ( 17.7% of wall)
[timing]   model_ball_roi            180.2 ms/frame  ( 17.7% of wall)
[timing]   tracker_botsort           178.9 ms/frame  ( 17.6% of wall)
[timing]   preprocess                 80.1 ms/frame  (  7.9% of wall)
[timing]   id_stabilizer_and_filters     38.9 ms/frame  (  3.8% of wall)
[timing]   decode                      6.5 ms/frame  (  0.6% of wall)
[timing]   team                        4.7 ms/frame  (  0.5% of wall)
[timing]   homography                  1.5 ms/frame  (  0.1% of wall)
[timing]   csv                         0.4 ms/frame  (  0.0% of wall)
[timing]   projection                  0.1 ms/frame  (  0.0% of wall)
[timing]   wait_for_frame              0.0 ms/frame  (  0.0% of wall)
[timing]   wait_keypoints              0.0 ms/frame  (  0.0% of wall)
Model-output cache: /content/runs/SNGS-055/cache
Done. Output video: (skipped)
CSV: /content/runs/SNGS-055/per_frame_tracks.csv
Processed frames: 750
Avg tracked players/frame: 12.39
Ball detected frames: 244/750
Ball interpolated frames: 413/750
Ball ROI-recovered frames: 33/750
Homography OK frames: 692/750
Homography available frames: 692/750
Valid projection rows: 10362/11090
Elapsed: 763.20s | Effective FPS: 0.98
KPI JSON: /content/runs/SNGS-055/kpi_summary.json
KPI CSV: /content/runs/SNGS-055/kpi_summary.csv
