frame,class_id,display_track_id,kind,dframe,body_heights_per_frame,speed_mps,time_s
1070,2,22,image_jump,1.0,19.562823316796774,1603.4980448703693,35.66428904739684
1158,2,22,image_jump,1.0,16.931544932002332,1481.1266832735264,38.59742683821079
1159,2,22,image_jump,1.0,15.088487556033634,1477.6852031889548,38.63075794947004
1462,2,14,image_jump,1.0,8.860977574924915,1648.2593856869537,48.7300846610226
1470,2,14,image_jump,1.0,7.594220446268842,1637.778692901017,48.9967335510966
1528,2,2,image_jump,1.0,21.080943673382315,1104.545820181482,50.92993800413306
1737,2,5,image_jump,1.0,16.003076502561925,1060.7405760876202,57.89614025731618
1744,2,17,image_jump,4.0,1.2405332614940416,236.42793688697944,58.12945803613093
1757,2,17,image_jump,5.0,3.0616436594123346,202.93517516674493,58.56276248250117
1816,2,18,image_jump,1.0,1.1166173598207156,170.21620089756885,60.52929804679688
1820,2,18,image_jump,1.0,1.0362949064301854,184.6800890895357,60.66262249183388
1832,2,10,image_jump,5.0,3.161000285241617,178.06247766491873,61.06259582694487
1833,2,10,image_jump,1.0,16.39451015298148,889.1462458353767,61.09592693820412
1908,2,20,image_jump,2.0,1.4025809433219432,83.15347355434686,63.595760282647824
1987,2,2,image_jump,1.0,1.0610660051090663,251.20175945674197,66.22891807212852
2037,2,10,image_jump,1.0,20.486780355267452,1029.3340318578928,67.895473635091
2039,2,10,image_jump,1.0,20.407657400478342,1049.1379962138496,67.9621358576095
2057,2,16,image_jump,1.0,7.860419144439977,1186.6495850182384,68.56209586027599
2101,2,13,image_jump,1.0,9.37301212149666,1443.4129683744793,70.02866475568295
2113,2,13,image_jump,1.0,9.915545930493161,1405.1847801303588,70.42863809079395
2208,2,11,image_jump,4.0,4.230653660930162,323.76267471723963,73.59509366042263
2234,2,5,image_jump,2.0,8.543120264808273,817.7086930602132,74.46170255316312
2310,2,14,image_jump,1.0,15.921563464735826,1090.3333367743164,76.99486700886608
2310,2,16,image_jump,1.0,15.902679844398886,1071.5621522131219,76.99486700886608
2341,2,11,image_jump,1.0,7.8413627331664655,1272.3569739691252,78.02813145790282
2363,2,11,image_jump,2.0,3.2074989792445483,363.4169764832652,78.7614159056063
2475,2,7,image_jump,1.0,19.569245221369684,1457.5718113380515,82.49450036664223
2477,2,7,image_jump,1.0,19.768786502794953,1389.641474566763,82.56116258916073
2478,2,7,image_jump,1.0,19.55837150512067,1383.5985589264328,82.59449370041997
2584,2,11,image_jump,1.0,30.650471840089864,1382.612266946759,86.12759149390041
2592,2,11,image_jump,1.0,24.168980736038982,1470.1301904161396,86.3942403839744
2611,2,10,image_jump,4.0,5.651829977183924,352.16131798994815,87.02753149790014
2613,2,19,image_jump,4.0,5.657275060998665,347.0905062318374,87.09419372041864
2618,2,10,image_jump,1.0,26.201914350247367,1196.1476498651475,87.2608492767149
2621,2,2,image_jump,1.0,10.2961630330088,992.7111235719656,87.36084261049264
2647,2,18,image_jump,1.0,7.464038131872757,1234.9390180448236,88.22745150323313
2654,2,18,image_jump,1.0,19.66650125471476,1258.8719553497751,88.46076928204786
2656,2,18,image_jump,1.0,19.743607727152476,1280.3182650038812,88.52743150456637
2658,2,18,image_jump,1.0,7.757257746991807,1241.2931509812443,88.59409372708487
2698,2,18,image_jump,1.0,8.181603071603618,1364.5053185877584,89.92733817745484
2704,2,18,image_jump,1.0,8.246443111510182,1351.2038956403735,90.12732484501034
2763,2,2,image_jump,1.0,5.842961905746508,577.1076099874552,92.09386040930605
2767,2,2,image_jump,1.0,6.106423360877737,565.7289808225498,92.22718485434305
2801,2,7,image_jump,1.0,3.177903902321073,682.8379689616654,93.36044263715753
2828,2,5,image_jump,1.0,17.392384822319865,1041.232830449273,94.26038264115726
3012,2,18,image_jump,1.0,6.411889893978494,1325.202543128374,100.39330711285915
3013,2,14,image_jump,1.0,2.655574469672984,678.1937793212143,100.42663822411839
3013,2,16,image_jump,1.0,7.718607275795707,637.8334510470521,100.42663822411839
3014,2,10,image_jump,3.0,9.007446149742043,526.642924213073,100.45996933537765
3014,2,18,image_jump,2.0,3.2647413038847923,657.1688878074445,100.45996933537765
3015,2,10,image_jump,1.0,27.27976658735641,1568.6596174794179,100.4933004466369
3016,2,10,image_jump,1.0,27.10760411763972,1597.4219204831738,100.52663155789614
3036,2,10,image_jump,1.0,6.45966485030249,1756.3070181247542,101.19325378308113
3037,2,10,image_jump,1.0,6.4890681378047965,1825.9040871110935,101.22658489434038
3037,2,14,image_jump,4.0,1.8386030652596312,296.11439406881755,101.22658489434038
3156,2,10,image_jump,1.0,10.472401888756886,1396.4819805933976,105.19298713419106
3287,2,7,image_jump,1.0,7.599367916822709,575.2747190878566,109.55936270915272
3295,2,7,image_jump,1.0,7.4629278858114745,490.10896496518393,109.82601159922672
1073,2,3,pitch_jump,1.0,0.035310745868727525,12.322628854966098,35.76428238117459
1073,2,5,pitch_jump,1.0,0.03622832517040403,19.97491427880681,35.76428238117459
1073,2,7,pitch_jump,1.0,0.021524430969017624,17.780037357702554,35.76428238117459
1073,2,11,pitch_jump,1.0,0.0026813444490215114,12.408750344959262,35.76428238117459
1073,2,16,pitch_jump,1.0,0.06701506607185723,24.702252861417513,35.76428238117459
1073,2,18,pitch_jump,1.0,0.04398892998006946,17.16027834153295,35.76428238117459
1073,2,20,pitch_jump,1.0,0.028612770598000315,13.092076626957464,35.76428238117459
1073,2,22,pitch_jump,1.0,0.003856954076478268,12.905346122900907,35.76428238117459
1074,2,18,pitch_jump,1.0,0.05907540195896973,16.651151119585258,35.79761349243384
1076,2,2,pitch_jump,1.0,0.06487523831471989,13.549799966369314,35.864275714952335
1076,2,16,pitch_jump,1.0,0.04433043098376276,14.168109731590285,35.864275714952335
1077,2,2,pitch_jump,1.0,0.07174882261130988,16.900311182769567,35.897606826211586
1077,2,4,pitch_jump,1.0,0.057829080011128,18.064260390253626,35.897606826211586
1077,2,7,pitch_jump,1.0,0.015248238014259848,15.48375371120579,35.897606826211586
1077,2,10,pitch_jump,1.0,0.09987619665941347,12.23391669482316,35.897606826211586
1077,2,16,pitch_jump,1.0,0.018167936988840293,15.551524261206003,35.897606826211586
1077,2,22,pitch_jump,1.0,0.026567466621176934,12.581002120723,35.897606826211586
1079,2,18,pitch_jump,1.0,0.09570294487898741,19.852688123618208,35.96426904873009
1080,2,18,pitch_jump,1.0,0.08117603439002165,16.252244478926073,35.99760015998933
1081,2,18,pitch_jump,1.0,0.11613516492395978,29.686537782856657,36.03093127124858
1083,2,16,pitch_jump,1.0,0.008848447369373277,13.91894068061989,36.097593493767086
1084,2,7,pitch_jump,1.0,0.036259150356863654,17.380241834324593,36.13092460502633
1084,2,16,pitch_jump,1.0,0.03238832146382454,18.28658316892878,36.13092460502633
1084,2,18,pitch_jump,1.0,0.06881790122121877,14.229333148073062,36.13092460502633
1085,2,7,pitch_jump,1.0,0.01817718028782808,13.960653492751838,36.16425571628558
1086,2,2,pitch_jump,1.0,0.027042414340817007,19.30264554019907,36.19758682754483
1086,2,3,pitch_jump,1.0,0.03902625939483439,12.642919227751182,36.19758682754483
1086,2,13,pitch_jump,1.0,0.010792180684515876,12.551833442204785,36.19758682754483
1086,2,18,pitch_jump,1.0,0.028996903474990024,13.246936746941588,36.19758682754483
1086,2,22,pitch_jump,1.0,0.05882132865743364,12.417590149606399,36.19758682754483
1087,2,3,pitch_jump,1.0,0.039217141678040655,12.18184998772231,36.23091793880408
1087,2,7,pitch_jump,1.0,0.03940529010439489,49.80090860832946,36.23091793880408
1087,2,8,pitch_jump,1.0,0.05539970983894723,13.311167781230987,36.23091793880408
1087,2,11,pitch_jump,1.0,0.07997958967627716,25.04571667986298,36.23091793880408
1087,2,13,pitch_jump,1.0,0.01729114823371382,13.687106419262367,36.23091793880408
1087,2,14,pitch_jump,1.0,0.013801116348672229,22.165142967081064,36.23091793880408
1087,2,16,pitch_jump,1.0,0.04144260009326568,60.85181710339063,36.23091793880408
1087,2,17,pitch_jump,1.0,0.02665743478519038,24.640262396808264,36.23091793880408
1087,2,19,pitch_jump,1.0,0.013357254341614798,12.263342456407848,36.23091793880408
1087,2,21,pitch_jump,1.0,0.028780921276994935,14.301948208170474,36.23091793880408
1087,2,22,pitch_jump,1.0,0.07630069831465403,27.906714993873116,36.23091793880408
1088,2,4,pitch_jump,2.0,0.014141040239929065,13.784869051590508,36.26424905006333
1088,2,11,pitch_jump,1.0,0.05251335557508354,14.36772081526017,36.26424905006333
1090,2,7,pitch_jump,1.0,0.05474284205362036,14.422161260246753,36.33091127258183
1090,2,22,pitch_jump,1.0,0.06542882503224913,14.21963911650776,36.33091127258183
1092,2,7,pitch_jump,1.0,0.04541072412312089,14.60265144520404,36.397573495100325
1092,2,16,pitch_jump,1.0,0.02449197167863864,12.571542776149704,36.397573495100325
1093,2,5,pitch_jump,1.0,0.05369736487080938,12.503426168000036,36.430904606359576
1093,2,14,pitch_jump,1.0,0.0252385457256785,12.646658557706747,36.430904606359576
1095,2,2,pitch_jump,1.0,0.03840159581950149,13.863337454555216,36.49756682887808
1095,2,18,pitch_jump,1.0,0.05004478513029702,18.433420026847163,36.49756682887808
1096,2,2,pitch_jump,1.0,0.07362180747024778,16.92586014919936,36.53089794013732
1096,2,11,pitch_jump,1.0,0.07398497282601688,12.592182224954957,36.53089794013732
1096,2,14,pitch_jump,1.0,0.010711508646907363,14.661462432667253,36.53089794013732
1097,2,2,pitch_jump,1.0,0.0557238978174931,14.75863198510836,36.56422905139657
1097,2,11,pitch_jump,1.0,0.09004194238054522,18.078006073967213,36.56422905139657
1097,2,18,pitch_jump,1.0,0.07028464096223516,17.74282907131944,36.56422905139657
1098,2,13,pitch_jump,1.0,0.026059120826944653,14.469376223349858,36.597560162655824
1098,2,18,pitch_jump,1.0,0.0962973478081838,33.09954592562732,36.597560162655824
1099,2,2,pitch_jump,1.0,0.042011980161513814,12.723158880803421,36.630891273915076
1099,2,3,pitch_jump,1.0,0.08551450181096808,14.198400830799612,36.630891273915076
1099,2,10,pitch_jump,1.0,0.047206924781191546,12.81346005128029,36.630891273915076
1099,2,18,pitch_jump,1.0,0.06811133979230626,24.156181863605493,36.630891273915076
1101,2,18,pitch_jump,1.0,0.05528706905523345,15.010999116620912,36.69755349643357
1102,2,18,pitch_jump,1.0,0.055008880945850276,12.155211067396854,36.73088460769282
1104,2,10,pitch_jump,1.0,0.30795261817879466,52.999365615825546,36.79754683021132
1105,2,15,pitch_jump,1.0,0.06755033127865172,12.382767896566762,36.83087794147057
1106,2,3,pitch_jump,1.0,0.059955774941536324,16.3656285951697,36.86420905272982
1107,2,3,pitch_jump,1.0,0.15050932766558714,18.31532248427382,36.89754016398907
1109,2,10,pitch_jump,1.0,0.3253811354396577,63.38907022290823,36.964202386507566
1111,2,2,pitch_jump,1.0,0.07923972505458388,13.058595467035893,37.03086460902607
1111,2,11,pitch_jump,1.0,0.08475465434833516,12.68533483639625,37.03086460902607
1112,2,3,pitch_jump,1.0,0.05567322866453748,12.646423462625034,37.06419572028532
1112,2,11,pitch_jump,1.0,0.08482195344995366,18.047655295388225,37.06419572028532
1113,2,11,pitch_jump,1.0,0.06405059996381839,12.166330891254153,37.09752683154456
1116,2,10,pitch_jump,1.0,0.41230826439085705,93.95078121964637,37.19752016532232
1117,2,10,pitch_jump,1.0,0.3437583841659923,100.96487774669129,37.23085127658156
1118,2,15,pitch_jump,1.0,0.3215645662678882,87.24885494805662,37.26418238784081
1119,2,2,pitch_jump,1.0,0.12875037094257533,13.848130975654136,37.29751349910006
1119,2,16,pitch_jump,1.0,0.07095185739101685,13.939190198284813,37.29751349910006
1120,2,5,pitch_jump,1.0,0.10343420821439883,17.34627953427992,37.330844610359314
1120,2,18,pitch_jump,1.0,0.08280911206348668,20.665607135269042,37.330844610359314
1121,2,15,pitch_jump,1.0,0.07962848031665727,17.172198768235173,37.36417572161856
1122,2,3,pitch_jump,1.0,0.08410274273644643,13.30723647167908,37.39750683287781
1122,2,15,pitch_jump,1.0,0.05225626274870428,16.486208967927414,37.39750683287781
1122,2,18,pitch_jump,1.0,0.09419141958160351,15.399076808515604,37.39750683287781
1125,2,16,pitch_jump,1.0,0.06080456421668666,14.640089400913338,37.497500166655556
1126,2,3,pitch_jump,1.0,0.07294462831985037,20.939315042493305,37.53083127791481
1126,2,10,pitch_jump,1.0,0.1010441162843563,20.652011350041295,37.53083127791481
1127,2,3,pitch_jump,1.0,0.042603416473453753,13.249388995184923,37.56416238917406
1128,2,7,pitch_jump,1.0,0.1247522722318908,45.840251421476026,37.59749350043331
1128,2,10,pitch_jump,1.0,0.13303351016251155,20.297978762153924,37.59749350043331
1128,2,11,pitch_jump,1.0,0.06444049976409849,16.658545933489844,37.59749350043331
1129,2,3,pitch_jump,1.0,0.07291890270538853,14.140760011540987,37.63082461169255
1129,2,7,pitch_jump,1.0,0.07804178124291886,27.31074667193448,37.63082461169255
1129,2,10,pitch_jump,1.0,0.1338676868465874,23.551030496717736,37.63082461169255
1130,2,3,pitch_jump,1.0,0.07971786717741194,19.76744840741276,37.664155722951804
1131,2,5,pitch_jump,1.0,0.15847394857292094,19.578400941139368,37.697486834211055
1132,2,6,pitch_jump,1.0,0.029747132025901266,16.766335227870417,37.73081794547031
1132,2,7,pitch_jump,1.0,0.02956757803894395,19.007901163408498,37.73081794547031
1132,2,10,pitch_jump,1.0,0.20544981735375,46.47872385913116,37.73081794547031
1132,2,11,pitch_jump,1.0,0.058270553187634765,13.065480278421411,37.73081794547031
1135,2,11,pitch_jump,1.0,0.06330430895644674,15.030134146427182,37.83081127924805
1136,2,16,pitch_jump,1.0,0.04405186930308141,13.687467884007713,37.864142390507304
1137,2,7,pitch_jump,1.0,0.027293143019336764,12.489850293010198,37.89747350176655
1137,2,10,pitch_jump,1.0,0.08690944812113771,12.73665623286539,37.89747350176655
1137,2,11,pitch_jump,1.0,0.08412824667726859,13.63286231806378,37.89747350176655
1138,2,10,pitch_jump,1.0,0.08915753238984432,14.879120819940665,37.9308046130258
1138,2,11,pitch_jump,1.0,0.08130262622183619,16.788832862425593,37.9308046130258
1140,2,2,pitch_jump,1.0,0.03336773208666356,14.882521654430818,37.9974668355443
1140,2,3,pitch_jump,1.0,0.09863762246875654,17.061100611558874,37.9974668355443
1141,2,6,pitch_jump,1.0,0.04670895441733517,13.113826528658088,38.030797946803546
1141,2,7,pitch_jump,1.0,0.09955636131884545,23.077465555426024,38.030797946803546
1141,2,11,pitch_jump,1.0,0.1435743542532602,12.943590083248145,38.030797946803546
1142,2,2,pitch_jump,1.0,0.014224371075319571,23.042472112700384,38.0641290580628
1142,2,3,pitch_jump,1.0,0.0718002818788959,32.299149441727344,38.0641290580628
1142,2,5,pitch_jump,1.0,0.04902808597398478,43.7944791131829,38.0641290580628
1142,2,6,pitch_jump,1.0,0.02826123259792522,17.069951658577406,38.0641290580628
1142,2,7,pitch_jump,1.0,0.058371665777514015,68.57267220133757,38.0641290580628
1142,2,8,pitch_jump,1.0,0.015470256209038085,12.563165468135892,38.0641290580628
1142,2,10,pitch_jump,1.0,0.0807506493673352,14.096843712320704,38.0641290580628
1142,2,11,pitch_jump,1.0,0.09651814968142775,23.363282343594516,38.0641290580628
1142,2,13,pitch_jump,1.0,0.023838113518734636,17.152471341709333,38.0641290580628
1142,2,14,pitch_jump,1.0,0.014863393693531072,21.87084819747161,38.0641290580628
1142,2,15,pitch_jump,1.0,0.03439376329092575,19.462523852179952,38.0641290580628
1142,2,16,pitch_jump,1.0,0.012836006444704189,85.89092262718356,38.0641290580628
1142,2,17,pitch_jump,1.0,0.024064794015137003,26.363319692757813,38.0641290580628
1142,2,18,pitch_jump,1.0,0.013077179813067488,19.31538589588515,38.0641290580628
1142,2,19,pitch_jump,1.0,0.02080212474761562,16.270106229543888,38.0641290580628
1142,2,20,pitch_jump,1.0,0.011428158046545097,21.530211298486584,38.0641290580628
1142,2,21,pitch_jump,1.0,0.02153941292257197,17.72375181430184,38.0641290580628
1142,2,22,pitch_jump,1.0,0.017272997554772556,40.5097562486627,38.0641290580628
1143,2,2,pitch_jump,1.0,0.03665162412678644,15.559705588230072,38.09746016932205
1143,2,3,pitch_jump,1.0,0.03846690943757878,28.82669355118112,38.09746016932205
1143,2,6,pitch_jump,1.0,0.04271228943610621,23.74951861474865,38.09746016932205
1143,2,7,pitch_jump,1.0,0.07607330086241705,76.82933210568505,38.09746016932205
1143,2,8,pitch_jump,1.0,0.03627142692203532,16.542805630557908,38.09746016932205
1143,2,10,pitch_jump,1.0,0.13816955165992095,48.965585874264725,38.09746016932205
1143,2,11,pitch_jump,1.0,0.17315897508906644,32.700330691659026,38.09746016932205
1143,2,13,pitch_jump,1.0,0.060703871784134986,19.81027111546116,38.09746016932205
1143,2,14,pitch_jump,1.0,0.024264295211549266,21.441399681781846,38.09746016932205
1143,2,15,pitch_jump,1.0,0.04872451329763832,23.10120541962738,38.09746016932205
1143,2,16,pitch_jump,1.0,0.020243877897885485,92.5898732984792,38.09746016932205
1143,2,17,pitch_jump,1.0,0.049606818426159945,29.04946499770387,38.09746016932205
1143,2,18,pitch_jump,1.0,0.027341424650723235,18.733074946899535,38.09746016932205
1143,2,19,pitch_jump,1.0,0.06038168788866117,16.04964145694706,38.09746016932205
1143,2,20,pitch_jump,1.0,0.02569191358661324,23.078994318169073,38.09746016932205
1143,2,21,pitch_jump,1.0,0.021056384446541888,17.13521490472051,38.09746016932205
1143,2,22,pitch_jump,1.0,0.019791254771485575,42.49294089179644,38.09746016932205
1144,2,3,pitch_jump,1.0,0.08773281027705995,15.753006144826939,38.1307912805813
1144,2,5,pitch_jump,2.0,0.10275544457251436,28.031474160056217,38.1307912805813
1144,2,10,pitch_jump,1.0,0.08649997286973209,14.187473558770241,38.1307912805813
1145,2,11,pitch_jump,1.0,0.0708001237928063,22.167009346071318,38.16412239184054
1146,2,4,pitch_jump,1.0,0.12436428710196325,25.153055147909765,38.197453503099794
1147,2,3,pitch_jump,1.0,0.016610113276938614,13.4708189071312,38.230784614359045
1147,2,11,pitch_jump,1.0,0.10078793461119549,21.398428776558944,38.230784614359045
1147,2,16,pitch_jump,1.0,0.02242173310461573,20.398172841865186,38.230784614359045
1147,2,20,pitch_jump,1.0,0.037478946787265495,12.299247556370844,38.230784614359045
1148,2,3,pitch_jump,1.0,0.02555957268252093,12.116355507174493,38.264115725618296
1149,2,2,pitch_jump,1.0,0.0323110079995156,14.482540367472293,38.29744683687754
1149,2,3,pitch_jump,1.0,0.019710605007968465,15.174330377486873,38.29744683687754
1149,2,4,pitch_jump,1.0,0.09380267441909321,22.424508559519953,38.29744683687754
1149,2,7,pitch_jump,1.0,0.09970104945428963,13.760129255029085,38.29744683687754
1149,2,10,pitch_jump,1.0,0.05104177005837708,19.14910241461976,38.29744683687754
1149,2,11,pitch_jump,1.0,0.10327449450140154,12.58328278931956,38.29744683687754
1149,2,16,pitch_jump,1.0,0.006449958173912825,17.546781558901348,38.29744683687754
1149,2,18,pitch_jump,1.0,0.04479897027115428,14.03722374195111,38.29744683687754
1149,2,19,pitch_jump,1.0,0.09359366711642149,13.65040913712468,38.29744683687754
1150,2,3,pitch_jump,1.0,0.1393460166334191,34.39960843304193,38.33077794813679
1150,2,6,pitch_jump,1.0,0.0747821695242248,14.808666895613577,38.33077794813679
1150,2,7,pitch_jump,1.0,0.08030101921362205,17.029874039786606,38.33077794813679
1150,2,14,pitch_jump,1.0,0.04661072605740131,12.957168354760972,38.33077794813679
1150,2,16,pitch_jump,1.0,0.002961073931743849,17.330486147902725,38.33077794813679
1150,2,20,pitch_jump,1.0,0.03930265173696644,14.184067566837955,38.33077794813679
1152,2,2,pitch_jump,1.0,0.07139676102044597,22.65504335221683,38.397440170655294
1152,2,3,pitch_jump,1.0,0.04894398092188637,21.470659348360762,38.397440170655294
1152,2,4,pitch_jump,1.0,0.06630212453801572,15.107518888075319,38.397440170655294
1152,2,7,pitch_jump,1.0,0.06510022130683576,24.065065898181583,38.397440170655294
1152,2,8,pitch_jump,1.0,0.06126755565140021,25.80840085418389,38.397440170655294
1152,2,10,pitch_jump,1.0,0.057431708319778535,27.594449746122713,38.397440170655294
1152,2,13,pitch_jump,1.0,0.10821811518677495,37.04919546064529,38.397440170655294
1152,2,14,pitch_jump,1.0,0.04236815405605315,42.76734700047209,38.397440170655294
1152,2,15,pitch_jump,1.0,0.10780676354783733,20.204579334199497,38.397440170655294
1152,2,16,pitch_jump,1.0,0.07570946442498824,31.374084454736682,38.397440170655294
1152,2,17,pitch_jump,1.0,0.09264870300315643,45.2398801155451,38.397440170655294
1152,2,18,pitch_jump,1.0,0.02358703182259482,25.696804017422096,38.397440170655294
1152,2,19,pitch_jump,1.0,0.10260057931335434,24.361466499825713,38.397440170655294
1152,2,21,pitch_jump,1.0,0.04513185109089524,28.902784306415008,38.397440170655294
1153,2,2,pitch_jump,1.0,0.04988956651179235,17.21861739158331,38.43077128191454
1153,2,3,pitch_jump,1.0,0.02618190218866044,19.78754613638884,38.43077128191454
1153,2,4,pitch_jump,1.0,0.06141168927956667,20.237045962625118,38.43077128191454
1153,2,7,pitch_jump,1.0,0.09480648512484918,29.976956380688733,38.43077128191454
1153,2,10,pitch_jump,1.0,0.06018119595161312,19.259162710886773,38.43077128191454
1153,2,11,pitch_jump,1.0,0.20993366875061442,17.955911392914437,38.43077128191454
1153,2,14,pitch_jump,1.0,0.04433286616941017,15.99828548210867,38.43077128191454
1153,2,16,pitch_jump,1.0,0.039282176309179025,35.147790498457965,38.43077128191454
1153,2,20,pitch_jump,1.0,0.08422645147592314,12.16639835514414,38.43077128191454
1153,2,22,pitch_jump,1.0,0.0024210905119585726,15.124895951727058,38.43077128191454
1155,2,3,pitch_jump,1.0,0.14905363083549283,18.580066937470047,38.49743350443304
1155,2,10,pitch_jump,1.0,0.03985616869695002,23.282831145821152,38.49743350443304
1155,2,16,pitch_jump,1.0,0.04409540775655216,13.80951251444604,38.49743350443304
1156,2,2,pitch_jump,1.0,0.06662772337265349,13.132455476509604,38.53076461569229
1156,2,5,pitch_jump,2.0,0.13207752209596613,45.03868670637646,38.53076461569229
1156,2,10,pitch_jump,1.0,0.02201766200594468,17.961917918828203,38.53076461569229
1157,2,5,pitch_jump,1.0,0.04375750701432602,12.847575453827998,38.564095726951535
1158,2,4,pitch_jump,2.0,0.18216379162503982,44.74436041648479,38.59742683821079
1158,2,6,pitch_jump,1.0,0.04755432435896173,13.984287980276143,38.59742683821079
1158,2,7,pitch_jump,1.0,0.08793818154602816,12.08157178739613,38.59742683821079
1158,2,8,pitch_jump,1.0,0.07311491118645719,16.54748881294078,38.59742683821079
1158,2,10,pitch_jump,1.0,0.0322388987217828,12.108914198623353,38.59742683821079
1158,2,14,pitch_jump,1.0,0.03731937242450759,19.16119894409152,38.59742683821079
1159,2,2,pitch_jump,1.0,0.08190211718421052,15.755094722488595,38.63075794947004
1159,2,3,pitch_jump,1.0,0.12397288182412562,16.418484176255436,38.63075794947004
1159,2,7,pitch_jump,1.0,0.07395157008212386,27.081571817047088,38.63075794947004
1159,2,8,pitch_jump,1.0,0.06365488261363558,14.767580455344124,38.63075794947004
1159,2,10,pitch_jump,1.0,0.011696735388355277,14.010901345242637,38.63075794947004
1159,2,13,pitch_jump,1.0,0.14664673944885237,14.301997522512192,38.63075794947004
1159,2,14,pitch_jump,1.0,0.014666348522196986,22.50318682490966,38.63075794947004
1159,2,15,pitch_jump,1.0,0.11283990650909832,14.931001727427487,38.63075794947004
1159,2,16,pitch_jump,1.0,0.030406080810784837,46.30926559918929,38.63075794947004
1159,2,17,pitch_jump,1.0,0.10248674634697852,25.61492292549389,38.63075794947004
1159,2,18,pitch_jump,1.0,0.05297152153778084,21.214148534713562,38.63075794947004
1159,2,19,pitch_jump,1.0,0.13366820335811044,15.615878159701888,38.63075794947004
1159,2,21,pitch_jump,1.0,0.06402333452407087,16.185746643574866,38.63075794947004
1160,2,6,pitch_jump,1.0,0.023773455488199674,14.690898396744169,38.66408906072929
1160,2,7,pitch_jump,1.0,0.07978132185308164,34.982099792728256,38.66408906072929
1160,2,8,pitch_jump,1.0,0.024054789236471523,13.309416660319156,38.66408906072929
1160,2,13,pitch_jump,1.0,0.06335581822911526,13.112674410687106,38.66408906072929
1160,2,14,pitch_jump,1.0,0.0068651703371015275,26.283756924715032,38.66408906072929
1160,2,16,pitch_jump,1.0,0.039414865914474406,36.2912569673108,38.66408906072929
1160,2,17,pitch_jump,1.0,0.056189796613958676,20.827386768328328,38.66408906072929
1160,2,21,pitch_jump,1.0,0.017336007241984402,13.129780961408688,38.66408906072929
1161,2,5,pitch_jump,1.0,0.08951588084817842,27.753561468028078,38.69742017198853
1161,2,6,pitch_jump,1.0,0.02862135855986115,15.079937013349369,38.69742017198853
1161,2,7,pitch_jump,1.0,0.1465271455718397,90.3103805583382,38.69742017198853
1161,2,8,pitch_jump,1.0,0.05745503735790412,19.50821173263059,38.69742017198853
1161,2,10,pitch_jump,1.0,0.0715474510854165,20.260759487389315,38.69742017198853
1161,2,13,pitch_jump,1.0,0.15853009033583715,23.114840466467722,38.69742017198853
1161,2,14,pitch_jump,1.0,0.006105014017394033,58.57985153770822,38.69742017198853
1161,2,16,pitch_jump,1.0,0.047999282454855526,122.34620328138266,38.69742017198853
1161,2,17,pitch_jump,1.0,0.1183171323839307,56.476224559626566,38.69742017198853
1161,2,18,pitch_jump,1.0,0.0662353651049747,18.98264458908073,38.69742017198853
1161,2,19,pitch_jump,1.0,0.12080260427528419,14.438789300784308,38.69742017198853
1161,2,21,pitch_jump,1.0,0.06586032267935407,18.606674585675254,38.69742017198853
1161,2,22,pitch_jump,1.0,0.010702523338680462,51.00057167075992,38.69742017198853
1162,2,2,pitch_jump,1.0,0.08887069618654149,12.832343585455929,38.730751283247784
1162,2,3,pitch_jump,1.0,0.5898278768181634,63.39701642373441,38.730751283247784
1162,2,10,pitch_jump,1.0,0.049508121021678925,13.28775857680975,38.730751283247784
1162,2,14,pitch_jump,1.0,0.01521321181029778,24.37637203658472,38.730751283247784
1163,2,3,pitch_jump,1.0,0.021113017518372395,22.075176019140383,38.764082394507035
1163,2,6,pitch_jump,1.0,0.029081029528031464,14.481559663611872,38.764082394507035
1163,2,7,pitch_jump,1.0,0.07186254773693,91.28749101622684,38.764082394507035
1163,2,8,pitch_jump,1.0,0.018175543303081736,17.10760237612619,38.764082394507035
1163,2,10,pitch_jump,1.0,0.09526722337412866,13.337076900759543,38.764082394507035
1163,2,11,pitch_jump,1.0,0.03964216264130822,28.787432027849285,38.764082394507035
1163,2,13,pitch_jump,1.0,0.0760232628678574,23.190759189483337,38.764082394507035
1163,2,14,pitch_jump,1.0,0.019181712461869203,49.73406203854601,38.764082394507035
1163,2,15,pitch_jump,1.0,0.0502586745773046,13.643381249150618,38.764082394507035
1163,2,16,pitch_jump,1.0,0.018071396839811255,122.9411230405853,38.764082394507035
1163,2,17,pitch_jump,1.0,0.057094358933463485,49.01342591397245,38.764082394507035
1163,2,18,pitch_jump,1.0,0.01141086661916426,12.37240910864765,38.764082394507035
1163,2,19,pitch_jump,1.0,0.07532996527512596,15.5073474957724,38.764082394507035
1163,2,21,pitch_jump,1.0,0.03672087083307566,15.299521577748957,38.764082394507035
1163,2,22,pitch_jump,1.0,0.004478446140680626,51.72403415338649,38.764082394507035
1164,2,3,pitch_jump,1.0,0.06795325531553832,27.963098059340524,38.797413505766286
1164,2,8,pitch_jump,1.0,0.06538402993830772,12.427103091968492,38.797413505766286
1164,2,11,pitch_jump,1.0,0.09332703618415088,12.96496791847742,38.797413505766286
1164,2,14,pitch_jump,1.0,0.029965770673153317,20.78133704987407,38.797413505766286
1164,2,17,pitch_jump,1.0,0.11832943389179164,14.785993530064186,38.797413505766286
1165,2,2,pitch_jump,1.0,0.08383983547057829,17.948894602796003,38.83074461702553
1165,2,3,pitch_jump,1.0,0.0380875351071036,15.998130876064847,38.83074461702553
1165,2,7,pitch_jump,1.0,0.06676204422515479,98.54561842752207,38.83074461702553
1165,2,8,pitch_jump,1.0,0.0701596502354689,23.104067753751536,38.83074461702553
1165,2,10,pitch_jump,1.0,0.05285379149863976,16.911795703351167,38.83074461702553
1165,2,11,pitch_jump,1.0,0.11213515905422201,12.561464739246883,38.83074461702553
1165,2,13,pitch_jump,1.0,0.14790748148032548,31.65200653008926,38.83074461702553
1165,2,14,pitch_jump,1.0,0.017072427304235603,63.87288313916255,38.83074461702553
1165,2,15,pitch_jump,1.0,0.1373738698505956,14.450082123356152,38.83074461702553
1165,2,16,pitch_jump,1.0,0.06349381903239985,121.77832131332978,38.83074461702553
1165,2,17,pitch_jump,1.0,0.12158990663469724,60.579944220904764,38.83074461702553
1165,2,18,pitch_jump,1.0,0.03404666493148989,22.417112296995246,38.83074461702553
1165,2,19,pitch_jump,1.0,0.1440314213195736,20.626543721439344,38.83074461702553
1165,2,21,pitch_jump,1.0,0.04034522410535445,23.414016245204117,38.83074461702553
1165,2,22,pitch_jump,1.0,0.012585842183535265,51.37018113777325,38.83074461702553
1166,2,3,pitch_jump,1.0,0.041268485367871234,27.131437327910998,38.86407572828478
1166,2,6,pitch_jump,1.0,0.018900192483613337,28.701574817066966,38.86407572828478
1166,2,7,pitch_jump,1.0,0.05406809835792058,101.58538033757536,38.86407572828478
1166,2,8,pitch_jump,1.0,0.038866412950486734,19.480876590471112,38.86407572828478
1166,2,10,pitch_jump,1.0,0.016061694759717055,16.856800436096094,38.86407572828478
1166,2,11,pitch_jump,1.0,0.05840705771733392,23.41303622585382,38.86407572828478
1166,2,13,pitch_jump,1.0,0.07168583255687887,27.464689399107684,38.86407572828478
1166,2,14,pitch_jump,1.0,0.017851412894051344,62.96581590140546,38.86407572828478
1166,2,15,pitch_jump,1.0,0.06880883749749112,16.542362923450455,38.86407572828478
1166,2,16,pitch_jump,1.0,0.043795712539403474,140.79344277337262,38.86407572828478
1166,2,17,pitch_jump,1.0,0.05856390559195867,59.46270361624759,38.86407572828478
1166,2,18,pitch_jump,1.0,0.015393821403682891,14.386368884420468,38.86407572828478
1166,2,19,pitch_jump,1.0,0.07055840204799452,12.835123590081894,38.86407572828478
1166,2,20,pitch_jump,1.0,0.03194336720876593,18.200131108673485,38.86407572828478
1166,2,21,pitch_jump,1.0,0.020262440642886435,18.44020376688972,38.86407572828478
1166,2,22,pitch_jump,1.0,0.0029738831721886033,57.05419850471983,38.86407572828478
1167,2,2,pitch_jump,1.0,0.08611289750795231,15.05802361842782,38.89740683954403
1167,2,3,pitch_jump,1.0,0.06664928127101566,21.322617420474515,38.89740683954403
1167,2,6,pitch_jump,1.0,0.056327640981070154,14.039197478115982,38.89740683954403
1167,2,7,pitch_jump,1.0,0.11909490848129507,13.184127897365931,38.89740683954403
1167,2,8,pitch_jump,1.0,0.07493970914198701,14.764104857627602,38.89740683954403
1167,2,10,pitch_jump,1.0,0.036437389561707015,12.028670265105333,38.89740683954403
1167,2,11,pitch_jump,1.0,0.121479694088545,15.329546077710027,38.89740683954403
1167,2,13,pitch_jump,1.0,0.1635214727073757,16.08377805752646,38.89740683954403
1167,2,15,pitch_jump,1.0,0.13886813876618273,16.485876653194705,38.89740683954403
1167,2,17,pitch_jump,1.0,0.11424663937232908,13.377167801666133,38.89740683954403
1167,2,18,pitch_jump,1.0,0.06344082082910418,13.824395167690163,38.89740683954403
1167,2,19,pitch_jump,1.0,0.1487206557079431,16.574797688398387,38.89740683954403
1167,2,20,pitch_jump,1.0,0.08221423931207074,14.717738558073062,38.89740683954403
1167,2,21,pitch_jump,1.0,0.07218087944086751,13.998703794593233,38.89740683954403
1167,2,22,pitch_jump,1.0,0.02640686929711428,14.189527744135892,38.89740683954403
1168,2,10,pitch_jump,1.0,0.04632390335638257,18.733972346686393,38.930737950803284
1168,2,14,pitch_jump,1.0,0.014188501135659483,14.329277367668373,38.930737950803284
1169,2,2,pitch_jump,1.0,0.02405849454120452,25.359240945410832,38.96406906206253
1169,2,3,pitch_jump,1.0,0.013957588704079297,28.890042503122274,38.96406906206253
1169,2,6,pitch_jump,1.0,0.010918910151870749,12.025438367469418,38.96406906206253
1169,2,10,pitch_jump,1.0,0.04090968195159288,21.450483256147333,38.96406906206253
1169,2,11,pitch_jump,1.0,0.054414087359743436,26.339383880428432,38.96406906206253
1169,2,13,pitch_jump,1.0,0.07432566153584047,20.793460565969006,38.96406906206253
1169,2,15,pitch_jump,1.0,0.06748558949046293,19.437321530803256,38.96406906206253
1169,2,18,pitch_jump,1.0,0.021110461233381405,13.961307179501254,38.96406906206253
1169,2,19,pitch_jump,1.0,0.07742020866137583,21.968508428750468,38.96406906206253
1169,2,20,pitch_jump,1.0,0.03273559573747483,13.57724930650506,38.96406906206253
1170,2,3,pitch_jump,1.0,0.08892784380662987,13.184378550112857,38.99740017332178
1170,2,6,pitch_jump,1.0,0.028744331741545708,16.206229569062103,38.99740017332178
1170,2,7,pitch_jump,1.0,0.08891477128536991,13.1081616725492,38.99740017332178
1170,2,11,pitch_jump,1.0,0.08558630419858493,13.465665586364095,38.99740017332178
1170,2,13,pitch_jump,1.0,0.15723567746582803,14.194849716810685,38.99740017332178
1170,2,15,pitch_jump,1.0,0.1383241720727661,14.037847947007078,38.99740017332178
1170,2,19,pitch_jump,1.0,0.14690710147625277,13.067403428488909,38.99740017332178
1170,2,20,pitch_jump,1.0,0.07041028119457653,14.646628604205016,38.99740017332178
1171,2,3,pitch_jump,1.0,0.0455482677838076,22.183938304903684,39.03073128458103
1173,2,2,pitch_jump,1.0,0.11273543682314527,15.683183000568985,39.097393507099525
1173,2,3,pitch_jump,1.0,0.03053344587674943,14.821534979553036,39.097393507099525
1173,2,11,pitch_jump,1.0,0.051158061348300726,13.501564472709111,39.097393507099525
1173,2,17,pitch_jump,1.0,0.11760310778302924,13.837032240098221,39.097393507099525
1173,2,18,pitch_jump,1.0,0.06163745518501784,14.04492929844933,39.097393507099525
1174,2,7,pitch_jump,1.0,0.05404413110650177,15.516303746829218,39.13072461835878
1174,2,14,pitch_jump,1.0,0.015225146986858217,13.085239619939841,39.13072461835878
1174,2,16,pitch_jump,1.0,0.06357725828951957,19.28644486822088,39.13072461835878
1175,2,2,pitch_jump,1.0,0.0871966314780762,32.33442135152463,39.16405572961803
1175,2,3,pitch_jump,1.0,0.00854890194301709,13.091731901507844,39.16405572961803
1175,2,7,pitch_jump,1.0,0.02710224187336231,15.645244220929513,39.16405572961803
1175,2,16,pitch_jump,1.0,0.049950242797690426,20.796454309009157,39.16405572961803
1175,2,21,pitch_jump,1.0,0.031952701327226975,14.288338005935431,39.16405572961803
1176,2,2,pitch_jump,1.0,0.14435069682637053,21.084132885491787,39.19738684087728
1177,2,2,pitch_jump,1.0,0.10663495580754558,23.130428927980393,39.23071795213652
1177,2,11,pitch_jump,1.0,0.09888713082819141,18.780379291851965,39.23071795213652
1177,2,14,pitch_jump,1.0,0.011691722952344717,12.329984152092877,39.23071795213652
1177,2,17,pitch_jump,1.0,0.10572020281050602,14.461947392485635,39.23071795213652
1177,2,21,pitch_jump,1.0,0.0995401994245394,24.16703100113552,39.23071795213652
1177,2,22,pitch_jump,1.0,0.0285413975115235,13.727068550864974,39.23071795213652
1178,2,2,pitch_jump,1.0,0.12689965224946453,40.3676089238835,39.264049063395774
1178,2,11,pitch_jump,1.0,0.0269766448151632,14.00065741818543,39.264049063395774
1178,2,16,pitch_jump,1.0,0.04196415626923501,14.732075935663682,39.264049063395774
1179,2,2,pitch_jump,1.0,0.12690310761949275,22.87544492004349,39.297380174655025
1179,2,3,pitch_jump,1.0,0.05838821563930166,21.86142917058657,39.297380174655025
1179,2,13,pitch_jump,1.0,0.13786936156831847,14.207511340920728,39.297380174655025
1179,2,17,pitch_jump,1.0,0.09979470790155809,13.447099207099734,39.297380174655025
1179,2,19,pitch_jump,1.0,0.1776933783640669,15.063036801333245,39.297380174655025
1180,2,2,pitch_jump,1.0,0.14090468417769733,13.321404658804934,39.330711285914276
1180,2,3,pitch_jump,1.0,0.02105945174377601,12.929123665447985,39.330711285914276
1180,2,7,pitch_jump,1.0,0.062219522555232436,14.29577926308461,39.330711285914276
1180,2,11,pitch_jump,1.0,0.05566431832528278,15.379645868414912,39.330711285914276
1180,2,14,pitch_jump,1.0,0.003110564995723865,13.279347694378105,39.330711285914276
1180,2,16,pitch_jump,1.0,0.07099032078381433,16.587404579098518,39.330711285914276
1180,2,19,pitch_jump,1.0,0.1414645033668005,12.804816602603683,39.330711285914276
1182,2,2,pitch_jump,1.0,0.30569175288217904,68.65118397281748,39.39737350843277
1182,2,3,pitch_jump,1.0,0.04393983524407336,13.950275487833094,39.39737350843277
1182,2,7,pitch_jump,1.0,0.06993129813478044,17.243120035921937,39.39737350843277
1182,2,10,pitch_jump,1.0,0.06670557991005469,22.86516992023446,39.39737350843277
1182,2,11,pitch_jump,1.0,0.06757546975525988,31.14860376494453,39.39737350843277
1183,2,2,pitch_jump,1.0,0.15805193619643412,33.28665432001954,39.43070461969202
1183,2,3,pitch_jump,1.0,0.0469655856225896,16.877210773291857,39.43070461969202
1183,2,11,pitch_jump,1.0,0.172208516277908,18.160363103820973,39.43070461969202
1183,2,13,pitch_jump,1.0,0.15285448919544486,14.269503768492187,39.43070461969202
1183,2,17,pitch_jump,1.0,0.11405686234826949,16.721651301729647,39.43070461969202
1184,1,27,pitch_jump,2.0,0.15990871368114246,12.144345865461428,39.464035730951274
1184,2,2,pitch_jump,1.0,0.05700577122217727,15.263788175444514,39.464035730951274
1185,2,7,pitch_jump,1.0,0.06220422354407725,21.66910534190637,39.49736684221052
1185,2,11,pitch_jump,1.0,0.06849503618372409,15.46119646353881,39.49736684221052
1185,2,16,pitch_jump,1.0,0.08820365474143045,16.954489346011904,39.49736684221052
1185,2,22,pitch_jump,1.0,0.017256265349824728,13.81047786756971,39.49736684221052
1186,1,27,pitch_jump,1.0,0.2029704058555039,12.469666511725006,39.53069795346977
1186,2,3,pitch_jump,1.0,0.026518186250111993,14.23464206279598,39.53069795346977
1186,2,10,pitch_jump,1.0,0.03649791911062869,15.26300116047647,39.53069795346977
1186,2,13,pitch_jump,1.0,0.16437739913943472,14.855981292710723,39.53069795346977
1186,2,14,pitch_jump,1.0,0.01593131247351368,18.18905152942401,39.53069795346977
1186,2,17,pitch_jump,1.0,0.10740153986585015,16.23062260591479,39.53069795346977
1186,2,18,pitch_jump,1.0,0.049459341690295165,12.526123088566465,39.53069795346977
1187,2,3,pitch_jump,1.0,0.042332010295641584,12.965539413948338,39.56402906472902
1187,2,10,pitch_jump,1.0,0.026933465779208347,17.251983653243197,39.56402906472902
1187,2,11,pitch_jump,1.0,0.03258214004913262,13.90250372384084,39.56402906472902
1187,2,16,pitch_jump,1.0,0.057178109148456384,13.009405619549318,39.56402906472902
1188,1,27,pitch_jump,1.0,0.19743978738090145,14.101247327003577,39.59736017598827
1188,2,16,pitch_jump,1.0,0.15109529523955648,52.928429297849284,39.59736017598827
1189,1,27,pitch_jump,1.0,0.19257420429433278,32.10345604449624,39.630691287247515
1189,2,2,pitch_jump,1.0,0.0974909918005123,16.605262506951693,39.630691287247515
1189,2,3,pitch_jump,1.0,0.046636777415642504,23.02516076046536,39.630691287247515
1189,2,8,pitch_jump,1.0,0.06673794649155082,19.029846691181316,39.630691287247515
1189,2,11,pitch_jump,1.0,0.037693255954353584,20.041601691485198,39.630691287247515
1189,2,13,pitch_jump,1.0,0.1381972895019206,50.906176025178745,39.630691287247515
1189,2,15,pitch_jump,1.0,0.09694412535272748,16.832770246239548,39.630691287247515
1189,2,16,pitch_jump,1.0,0.12180863529412767,18.976058661338794,39.630691287247515
1189,2,17,pitch_jump,1.0,0.10225803325071396,57.12654457044796,39.630691287247515
1189,2,18,pitch_jump,1.0,0.02507244112318122,13.880765514276845,39.630691287247515
1189,2,19,pitch_jump,1.0,0.13391046990244182,24.391486988012144,39.630691287247515
1189,2,21,pitch_jump,1.0,0.04205462807723587,22.252553506387468,39.630691287247515
1190,1,27,pitch_jump,1.0,0.05929580537123559,71.85067606829388,39.664022398506766
1190,2,2,pitch_jump,1.0,0.018842472785299,21.213877497646926,39.664022398506766
1190,2,7,pitch_jump,1.0,0.049817933025177,12.148562433353032,39.664022398506766
1190,2,8,pitch_jump,1.0,0.01705425271223873,21.59066911963332,39.664022398506766
1190,2,13,pitch_jump,1.0,0.05735760832393956,70.36252972234189,39.664022398506766
1190,2,15,pitch_jump,1.0,0.054643173948411845,24.196988584068755,39.664022398506766
1190,2,16,pitch_jump,1.0,0.15041616115855475,48.68564833205706,39.664022398506766
1190,2,17,pitch_jump,1.0,0.04652292828024296,65.78155611510108,39.664022398506766
1190,2,18,pitch_jump,1.0,0.03356804340994391,20.345095195427632,39.664022398506766
1190,2,19,pitch_jump,1.0,0.0743839551359418,38.1223053056007,39.664022398506766
1190,2,21,pitch_jump,1.0,0.013606942106699054,15.61393023173762,39.664022398506766
1191,2,11,pitch_jump,1.0,0.09326223638539759,12.40728467939983,39.69735350976602
1191,2,13,pitch_jump,1.0,0.12766369993684484,15.238605919616074,39.69735350976602
1191,2,16,pitch_jump,1.0,0.15758513476592284,16.272510297160654,39.69735350976602
1191,2,17,pitch_jump,1.0,0.09260015681148778,12.048681748194223,39.69735350976602
1192,2,7,pitch_jump,1.0,0.08508965052756264,13.478174107241957,39.73068462102527
1192,2,8,pitch_jump,1.0,0.04671275391969172,12.909200007792291,39.73068462102527
1192,2,11,pitch_jump,1.0,0.05907167276210562,17.690507709290923,39.73068462102527
1192,2,16,pitch_jump,1.0,0.1688333829388163,24.674563911101497,39.73068462102527
1192,2,17,pitch_jump,1.0,0.09419356456248719,13.510934518249236,39.73068462102527
1192,2,19,pitch_jump,1.0,0.12922623830424432,15.668669948966642,39.73068462102527
1193,2,2,pitch_jump,1.0,0.012523609491276034,13.107479844286273,39.76401573228451
1193,2,3,pitch_jump,1.0,0.05135314140673486,15.909676183775089,39.76401573228451
1193,2,11,pitch_jump,1.0,0.023292353187974194,14.925307961177275,39.76401573228451
1193,2,19,pitch_jump,1.0,0.05260584481454999,12.098708227456681,39.76401573228451
1194,2,2,pitch_jump,1.0,0.08272069270385608,21.772201736684906,39.797346843543764
1194,2,3,pitch_jump,1.0,0.021516142162372298,19.743371075911472,39.797346843543764
1194,2,7,pitch_jump,1.0,0.09614971629004296,14.10432571912694,39.797346843543764
1194,2,8,pitch_jump,1.0,0.07718532409205275,15.527693868644917,39.797346843543764
1194,2,10,pitch_jump,1.0,0.04291568725126606,26.588399758601906,39.797346843543764
1194,2,11,pitch_jump,1.0,0.016449078004767026,20.26532669574635,39.797346843543764
1194,2,13,pitch_jump,1.0,0.11671846170045551,69.71599572823335,39.797346843543764
1194,2,15,pitch_jump,1.0,0.11703039070529703,28.21551942592909,39.797346843543764
1194,2,16,pitch_jump,1.0,0.16805561790406662,29.475136629148313,39.797346843543764
1194,2,17,pitch_jump,1.0,0.08717784122500316,60.62591972828893,39.797346843543764
1194,2,18,pitch_jump,1.0,0.03529416490935938,20.246966627886703,39.797346843543764
1194,2,19,pitch_jump,1.0,0.12210833358767138,44.09106160681031,39.797346843543764
1194,2,20,pitch_jump,1.0,0.05311550737674588,17.198708046205887,39.797346843543764
1194,2,21,pitch_jump,1.0,0.022325575098598473,16.25573005155058,39.797346843543764
1194,2,22,pitch_jump,1.0,0.02325429911264108,12.872965740404357,39.797346843543764
1195,2,16,pitch_jump,1.0,0.15325166875283666,19.953802286544377,39.830677954803015
1196,2,3,pitch_jump,1.0,0.004612581843424652,14.999346015049875,39.864009066062266
1196,2,11,pitch_jump,1.0,0.034753757306184,16.56342393413365,39.864009066062266
1197,2,2,pitch_jump,1.0,0.033807802115717794,13.169455610499295,39.89734017732151
1197,2,13,pitch_jump,1.0,0.1349581338010144,14.825739093813342,39.89734017732151
1197,2,19,pitch_jump,1.0,0.11882323743333223,14.74367213700383,39.89734017732151
1198,2,3,pitch_jump,1.0,0.04477327259995107,23.89599940574403,39.93067128858076
1198,2,6,pitch_jump,1.0,0.03915829314216087,13.154465511517401,39.93067128858076
1198,2,7,pitch_jump,1.0,0.1264913466963247,18.05531450401998,39.93067128858076
1198,2,13,pitch_jump,1.0,0.07410662499950778,15.828737083265516,39.93067128858076
1198,2,15,pitch_jump,1.0,0.10697684268830418,12.117425942394293,39.93067128858076
1198,2,17,pitch_jump,1.0,0.08563469096135383,16.51714208806202,39.93067128858076
1198,2,19,pitch_jump,1.0,0.12854563120766843,12.716619377749698,39.93067128858076
1199,2,7,pitch_jump,1.0,0.06521899723797485,13.683991759734079,39.96400239984001
1199,2,11,pitch_jump,1.0,0.027790669914444392,16.88723543466721,39.96400239984001
1199,2,16,pitch_jump,1.0,0.11370329150527615,24.062063473505468,39.96400239984001
1200,2,2,pitch_jump,1.0,0.09086240839014093,12.891550235809007,39.997333511099264
1200,2,3,pitch_jump,1.0,0.027578397447452753,14.994179473561767,39.997333511099264
1200,2,6,pitch_jump,1.0,0.03701327036185579,18.138514511086534,39.997333511099264
1200,2,7,pitch_jump,1.0,0.12250881318566553,14.20823046846758,39.997333511099264
1200,2,10,pitch_jump,1.0,0.027972691239020554,13.27650540534035,39.997333511099264
1200,2,11,pitch_jump,1.0,0.03414543553180418,22.487917909549726,39.997333511099264
1200,2,17,pitch_jump,1.0,0.07249211444345038,12.856500873815717,39.997333511099264
1200,2,18,pitch_jump,1.0,0.04004330605366727,12.726595017558864,39.997333511099264
1200,2,20,pitch_jump,1.0,0.06260903984183976,14.354734848727077,39.997333511099264
1200,2,21,pitch_jump,1.0,0.03952505083175609,12.5234223423932,39.997333511099264
1201,2,3,pitch_jump,1.0,0.015163131171433046,12.844546088403387,40.03066462235851
1201,2,11,pitch_jump,1.0,0.03459234707731337,15.07416215223195,40.03066462235851
1201,2,16,pitch_jump,1.0,0.16194562035124016,15.406065062170983,40.03066462235851
1202,2,3,pitch_jump,1.0,0.0028599460063638902,12.885887567973285,40.06399573361776
1202,2,6,pitch_jump,1.0,0.02343422526138829,12.69996902259717,40.06399573361776
1202,2,7,pitch_jump,1.0,0.09359278543660533,14.212599167102706,40.06399573361776
1202,2,11,pitch_jump,1.0,0.056358343828506685,15.065731901624002,40.06399573361776
1202,2,16,pitch_jump,1.0,0.10343226229409488,27.29343106960619,40.06399573361776
1203,2,6,pitch_jump,1.0,0.011523096427206104,12.624324289569506,40.09732684487701
1203,2,7,pitch_jump,1.0,0.14734280271857883,24.667478447387303,40.09732684487701
1203,2,10,pitch_jump,1.0,0.052061083137914056,13.144389430801867,40.09732684487701
1203,2,17,pitch_jump,1.0,0.09311231125197766,17.014593079229208,40.09732684487701
1203,2,19,pitch_jump,1.0,0.1335232096460506,14.088609957154665,40.09732684487701
1204,2,3,pitch_jump,1.0,0.04284782799138971,14.617787972944551,40.13065795613626
1204,2,16,pitch_jump,1.0,0.15865163123927484,25.763789642990165,40.13065795613626
1204,2,17,pitch_jump,1.0,0.08686577243344533,15.467102767432653,40.13065795613626
1205,2,3,pitch_jump,1.0,0.052647283919019086,20.871753381034157,40.163989067395505
1205,2,7,pitch_jump,1.0,0.11149441056330144,21.00017294952582,40.163989067395505
1205,2,10,pitch_jump,1.0,0.028669450887077435,17.79520313456412,40.163989067395505
1205,2,16,pitch_jump,1.0,0.10732001134894772,42.40334033693893,40.163989067395505
1205,2,22,pitch_jump,1.0,0.02073663159391946,14.706536049661036,40.163989067395505
1206,2,2,pitch_jump,1.0,0.05367500412117006,12.024790631388493,40.197320178654756
1206,2,3,pitch_jump,1.0,0.027511342218422465,16.334670336932444,40.197320178654756
1206,2,6,pitch_jump,1.0,0.035634718058349016,12.215180427273156,40.197320178654756
1206,2,10,pitch_jump,1.0,0.04108704008993677,13.629330416657373,40.197320178654756
1206,2,11,pitch_jump,1.0,0.030685817417179264,13.967786897525182,40.197320178654756
1206,2,21,pitch_jump,1.0,0.016896797625528318,12.5767886456893,40.197320178654756
1207,2,11,pitch_jump,1.0,0.06805802794951904,14.814237017115493,40.23065128991401
1207,2,16,pitch_jump,1.0,0.19850148487619146,22.239094418754878,40.23065128991401
1207,2,17,pitch_jump,1.0,0.08895604770426802,17.569766689427336,40.23065128991401
1207,2,19,pitch_jump,1.0,0.11738707382290374,15.261853262188998,40.23065128991401
1208,2,3,pitch_jump,1.0,0.07683705187855094,14.210792585952014,40.26398240117326
1208,2,17,pitch_jump,1.0,0.03753436695984639,14.868354787158571,40.26398240117326
1209,2,10,pitch_jump,1.0,0.06554353605171895,21.618306325451353,40.2973135124325
1209,2,16,pitch_jump,1.0,0.15663312412004285,14.57090046729034,40.2973135124325
1210,2,3,pitch_jump,1.0,0.020027513878511087,15.71874057569718,40.330644623691754
1210,2,6,pitch_jump,1.0,0.01440026671702536,12.609782142612628,40.330644623691754
1210,2,11,pitch_jump,1.0,0.06295640404533481,12.67771864671817,40.330644623691754
1210,2,17,pitch_jump,1.0,0.07247612049635377,12.55585054765147,40.330644623691754
1210,2,18,pitch_jump,1.0,0.037546563959143485,17.884638235836697,40.330644623691754
1210,2,22,pitch_jump,1.0,0.03574047077263171,13.107005473073519,40.330644623691754
1211,2,2,pitch_jump,1.0,0.014337789178463728,13.480302252118962,40.363975734951005
1211,2,3,pitch_jump,1.0,0.03399553827073221,20.778879395023054,40.363975734951005
1211,2,7,pitch_jump,1.0,0.11735960907609867,15.464144585225029,40.363975734951005
1211,2,11,pitch_jump,1.0,0.06367393925320161,14.294954098786915,40.363975734951005
1211,2,15,pitch_jump,1.0,0.04571514935911273,19.76390062554793,40.363975734951005
1211,2,16,pitch_jump,1.0,0.09644951035204613,15.37604375037017,40.363975734951005
1211,2,18,pitch_jump,1.0,0.046426330991268215,18.56707196718531,40.363975734951005
1211,2,19,pitch_jump,1.0,0.02811153361519598,12.641059386504715,40.363975734951005
1211,2,20,pitch_jump,1.0,0.013094622976034382,13.73042849715156,40.363975734951005
1212,2,3,pitch_jump,1.0,0.0268657587962304,16.234707871084613,40.397306846210256
1212,2,10,pitch_jump,1.0,0.10246212832269884,26.844624962201422,40.397306846210256
1212,2,11,pitch_jump,1.0,0.08196871624961795,28.986700086612704,40.397306846210256
1212,2,18,pitch_jump,1.0,0.02870420368063019,12.255661746970599,40.397306846210256
1213,2,3,pitch_jump,1.0,0.04154396346567734,19.276463987576626,40.4306379574695
1213,2,6,pitch_jump,1.0,0.03212698061419779,12.752069594597295,40.4306379574695
1213,2,10,pitch_jump,1.0,0.049680227043531026,15.432302569498622,40.4306379574695
1213,2,11,pitch_jump,1.0,0.08770719156952395,22.29625921994508,40.4306379574695
1213,2,17,pitch_jump,1.0,0.05594315118094059,12.329992607516129,40.4306379574695
1214,2,3,pitch_jump,1.0,0.055966484981777365,13.263367585798562,40.46396906872875
1215,2,2,pitch_jump,1.0,0.03980587639769867,13.300451406735476,40.497300179988
1215,2,6,pitch_jump,1.0,0.05663008301764456,18.367825421077292,40.497300179988
1215,2,15,pitch_jump,1.0,0.08140930749490534,16.25492237408717,40.497300179988
1215,2,17,pitch_jump,1.0,0.07237957436621745,20.3039848128159,40.497300179988
1215,2,18,pitch_jump,1.0,0.18440370306163267,42.304750773511245,40.497300179988
1215,2,19,pitch_jump,1.0,0.10653224548886402,19.78028596330267,40.497300179988
1216,2,2,pitch_jump,1.0,0.027847880317950043,18.925340154301274,40.53063129124725
1216,2,6,pitch_jump,1.0,0.06826749300089723,19.025038689539638,40.53063129124725
1216,2,11,pitch_jump,1.0,0.07995266334943793,20.86533881494651,40.53063129124725
1216,2,15,pitch_jump,1.0,0.059955516115932736,16.671326601563322,40.53063129124725
1216,2,17,pitch_jump,1.0,0.05882404712282925,18.886104315677848,40.53063129124725
1216,2,19,pitch_jump,1.0,0.07321420784451775,20.70396139113042,40.53063129124725
1216,2,20,pitch_jump,1.0,0.031005043884137527,16.078763399454743,40.53063129124725
1216,2,21,pitch_jump,1.0,0.02648160194751264,14.14331580764551,40.53063129124725
1217,2,10,pitch_jump,1.0,0.03492597635502287,16.682285813947352,40.5639624025065
1217,2,18,pitch_jump,2.0,0.03489330415245109,12.118795122950297,40.5639624025065
1218,2,3,pitch_jump,1.0,0.023193021760318844,14.946302208931597,40.59729351376575
1218,2,11,pitch_jump,1.0,0.03469159181434312,16.531719216124458,40.59729351376575
1219,2,2,pitch_jump,1.0,0.07432649981702232,14.474281794304089,40.630624625025
1219,2,3,pitch_jump,1.0,0.07328858302929459,32.252557835901214,40.630624625025
1219,2,6,pitch_jump,1.0,0.016136630123621175,12.080679033329424,40.630624625025
1219,2,11,pitch_jump,1.0,0.05364728214573147,25.897271366828186,40.630624625025
1219,2,15,pitch_jump,1.0,0.09029766665791876,13.72502422094364,40.630624625025
1219,2,18,pitch_jump,1.0,0.06576031589384268,21.90209690976595,40.630624625025
1219,2,19,pitch_jump,1.0,0.10028164028167395,14.353860367322216,40.630624625025
1220,2,3,pitch_jump,1.0,0.09706720500332715,24.60975855698381,40.66395573628425
1220,2,11,pitch_jump,1.0,0.23136948485555855,51.620547199749204,40.66395573628425
1221,2,2,pitch_jump,1.0,0.07929716600699245,12.441266597109568,40.6972868475435
1221,2,3,pitch_jump,1.0,0.10060945424955348,40.13825809211693,40.6972868475435
1221,2,11,pitch_jump,1.0,0.09097268149664246,13.041980740901506,40.6972868475435
1221,2,16,pitch_jump,1.0,0.13058883009643507,17.25817292272338,40.6972868475435
1221,2,17,pitch_jump,1.0,0.07201354326942636,12.04224419356005,40.6972868475435
1221,2,21,pitch_jump,1.0,0.03146025306835658,13.88394758347287,40.6972868475435
1221,2,22,pitch_jump,1.0,0.03514148804363274,13.88879698455388,40.6972868475435
1222,2,3,pitch_jump,1.0,0.08880767012304423,12.03684446199844,40.730617958802746
1222,2,11,pitch_jump,1.0,0.09655027037188084,16.372936448513574,40.730617958802746
1223,2,3,pitch_jump,1.0,0.07497656309498195,16.967825638322022,40.763949070062
1223,2,10,pitch_jump,5.0,0.05200793435747002,14.826027195848544,40.763949070062
1223,2,11,pitch_jump,1.0,0.052153630555742875,12.073364144098482,40.763949070062
1223,2,16,pitch_jump,1.0,0.07754705592529389,14.491016839365152,40.763949070062
1224,2,2,pitch_jump,1.0,0.07888120155090254,17.035864370795757,40.79728018132125
1224,2,3,pitch_jump,1.0,0.12294956675831017,52.53221616104534,40.79728018132125
1224,2,10,pitch_jump,1.0,0.07000478016064085,15.393649697069895,40.79728018132125
1224,2,11,pitch_jump,1.0,0.052951846986004344,32.25429872731097,40.79728018132125
1224,2,17,pitch_jump,1.0,0.08805827529061058,28.903351631592145,40.79728018132125
1225,2,3,pitch_jump,1.0,0.044683052463486465,19.90487586475921,40.8306112925805
1225,2,7,pitch_jump,1.0,0.08364840434948809,13.086538556242012,40.8306112925805
1225,2,11,pitch_jump,1.0,0.06850909836536638,20.85155646899957,40.8306112925805
1225,2,16,pitch_jump,1.0,0.13783288301693813,19.69609627702372,40.8306112925805
1225,2,17,pitch_jump,1.0,0.07606467267670337,12.924288598154154,40.8306112925805
1225,2,18,pitch_jump,1.0,0.01841404268666861,15.638355202767123,40.8306112925805
1225,2,20,pitch_jump,1.0,0.056729923096973583,12.880294769611943,40.8306112925805
1225,2,21,pitch_jump,1.0,0.0035818571206299066,12.241864541421883,40.8306112925805
1225,2,22,pitch_jump,1.0,0.003765294170416554,17.226686047989432,40.8306112925805
1226,2,2,pitch_jump,1.0,0.010708177391917408,16.19324589969561,40.863942403839744
1226,2,3,pitch_jump,1.0,0.030803190047479254,20.977741561792957,40.863942403839744
1226,2,6,pitch_jump,1.0,0.013406733491157582,18.762955279433786,40.863942403839744
1226,2,8,pitch_jump,1.0,0.012717622915394432,16.12207762609178,40.863942403839744
1226,2,10,pitch_jump,1.0,0.013139205970907442,17.115759270093335,40.863942403839744
1226,2,11,pitch_jump,1.0,0.058128205439416845,22.38131618585964,40.863942403839744
1226,2,15,pitch_jump,1.0,0.020865058505323875,13.861027574998747,40.863942403839744
1226,2,17,pitch_jump,1.0,0.038858387571376066,12.383779248428295,40.863942403839744
1226,2,18,pitch_jump,1.0,0.010291135264392418,13.97000441074639,40.863942403839744
1226,2,20,pitch_jump,1.0,0.025974636404487217,14.738918156663216,40.863942403839744
1226,2,21,pitch_jump,1.0,0.015292309101639055,15.963927923028557,40.863942403839744
1226,2,22,pitch_jump,1.0,0.020454780804410988,15.099830632126228,40.863942403839744
1227,2,10,pitch_jump,1.0,0.10447033214716545,27.872466531360246,40.897273515098995
1228,2,3,pitch_jump,1.0,0.1020958622024992,20.232481600337582,40.930604626358246
1228,2,10,pitch_jump,1.0,0.06480697060197604,18.50041936981265,40.930604626358246
1228,2,11,pitch_jump,1.0,0.1118038349279633,21.43331362527203,40.930604626358246
1230,2,11,pitch_jump,1.0,0.06774067163839931,13.804577982880696,40.99726684887674
1230,2,16,pitch_jump,1.0,0.10630624907811476,12.456594249959853,40.99726684887674
1231,2,2,pitch_jump,1.0,0.06336597304453535,53.6468705133286,41.03059796013599
1231,2,3,pitch_jump,1.0,0.07027381874144407,57.1240610556086,41.03059796013599
1231,2,4,pitch_jump,1.0,0.021628095493492195,27.157368398253286,41.03059796013599
1231,2,6,pitch_jump,1.0,0.014694387056985827,36.37296051982752,41.03059796013599
1231,2,7,pitch_jump,1.0,0.06976614963942566,26.482240780367647,41.03059796013599
1231,2,8,pitch_jump,1.0,0.03345191493331611,47.684852658919404,41.03059796013599
1231,2,10,pitch_jump,1.0,0.021544484663545443,52.54191752966315,41.03059796013599
1231,2,11,pitch_jump,1.0,0.1253422255993305,63.22586227461108,41.03059796013599
1231,2,15,pitch_jump,1.0,0.05844377836945394,72.36794603112781,41.03059796013599
1231,2,16,pitch_jump,1.0,0.11330418538270914,32.71905557247453,41.03059796013599
1231,2,17,pitch_jump,1.0,0.04398457134659397,87.77712774172694,41.03059796013599
1231,2,18,pitch_jump,1.0,0.025576201327064143,45.308583478175144,41.03059796013599
1231,2,20,pitch_jump,1.0,0.051615450572492484,45.20675242088681,41.03059796013599
1231,2,21,pitch_jump,1.0,0.048594794852132465,33.859987255290726,41.03059796013599
1231,2,22,pitch_jump,1.0,0.01468993849011227,16.53365686182485,41.03059796013599
1232,2,10,pitch_jump,1.0,0.06102941078253122,14.293435055197493,41.06392907139524
1234,2,4,pitch_jump,1.0,0.04064088245448419,12.26812312812031,41.13059129391374
1234,2,22,pitch_jump,1.0,0.0189099864957468,14.091416544660532,41.13059129391374
1235,2,3,pitch_jump,1.0,0.06798952396958181,12.080636932108867,41.16392240517299
1236,2,7,pitch_jump,1.0,0.09146508681752433,18.78168101462255,41.19725351643224
1236,2,16,pitch_jump,1.0,0.10490943444968943,18.396518720081822,41.19725351643224
1237,2,5,pitch_jump,1.0,0.018740076796237144,15.710691130624454,41.23058462769149
1238,2,3,pitch_jump,1.0,0.026149025686403905,15.626443407815657,41.263915738950736
1238,2,6,pitch_jump,1.0,0.012688263222708916,12.924507087354142,41.263915738950736
1238,2,7,pitch_jump,1.0,0.026688344364247565,17.153603405213826,41.263915738950736
1238,2,11,pitch_jump,1.0,0.036061138421372436,20.304794420452772,41.263915738950736
1238,2,16,pitch_jump,1.0,0.050061850574525134,18.411263442383035,41.263915738950736
1239,2,2,pitch_jump,1.0,0.0816500437057503,17.944006668154863,41.29724685020999
1239,2,3,pitch_jump,1.0,0.01422295811952851,13.759789577485071,41.29724685020999
1239,2,4,pitch_jump,1.0,0.033897472890490284,15.55563506089001,41.29724685020999
1239,2,6,pitch_jump,1.0,0.0254032780880561,16.638428599331625,41.29724685020999
1239,2,7,pitch_jump,1.0,0.0857964752502324,18.973061685879568,41.29724685020999
1239,2,8,pitch_jump,1.0,0.043929996809805215,13.526072757017776,41.29724685020999
1239,2,10,pitch_jump,1.0,0.046852198680322046,19.85800558971772,41.29724685020999
1239,2,11,pitch_jump,1.0,0.051758776940092684,28.405740699652274,41.29724685020999
1239,2,15,pitch_jump,1.0,0.10036990782669977,14.707036434138436,41.29724685020999
1239,2,16,pitch_jump,1.0,0.12341544219412622,13.383188410480079,41.29724685020999
1239,2,18,pitch_jump,1.0,0.005726997658893326,16.514265202161447,41.29724685020999
1239,2,19,pitch_jump,1.0,0.06561994597636833,15.956894311743165,41.29724685020999
1239,2,20,pitch_jump,1.0,0.07106065223457432,14.258251531798912,41.29724685020999
1239,2,21,pitch_jump,1.0,0.04587564198774303,20.022714777881152,41.29724685020999
1239,2,22,pitch_jump,1.0,0.07042003546132977,27.611048638915236,41.29724685020999
1240,2,11,pitch_jump,1.0,0.071984612475609,13.057798539014552,41.33057796146924
1240,2,16,pitch_jump,1.0,0.1151598038622575,12.41817310955182,41.33057796146924
1242,2,3,pitch_jump,1.0,0.07251248425176526,13.024139123106776,41.39724018398773
1242,2,11,pitch_jump,1.0,0.07031956087615851,12.695588691057829,41.39724018398773
1242,2,19,pitch_jump,1.0,0.08490461256921947,12.15027110869848,41.39724018398773
1243,2,3,pitch_jump,1.0,0.01856135063786145,12.886770738485417,41.430571295246985
1243,2,11,pitch_jump,1.0,0.10200360537477017,28.063973167748316,41.430571295246985
1243,2,15,pitch_jump,1.0,0.07171700414913994,12.186641995327504,41.430571295246985
1243,2,21,pitch_jump,1.0,0.05072727437075692,13.204149027906274,41.430571295246985
1243,2,22,pitch_jump,1.0,0.010521730459943908,12.222610291855547,41.430571295246985
1244,2,2,pitch_jump,1.0,0.009420279774452554,13.301905718104976,41.463902406506236
1244,2,15,pitch_jump,1.0,0.016798665489135743,12.86091009071447,41.463902406506236
1244,2,19,pitch_jump,1.0,0.035477323341442386,16.18897713216588,41.463902406506236
1246,2,11,pitch_jump,1.0,0.0862102500027805,35.58207823259118,41.53056462902473
1246,2,19,pitch_jump,1.0,0.07894927999651499,12.278734526783774,41.53056462902473
1248,2,3,pitch_jump,1.0,0.011186191006336553,16.131176132606093,41.59722685154323
1248,2,5,pitch_jump,1.0,0.05772569648177785,13.586170684272254,41.59722685154323
1248,2,6,pitch_jump,1.0,0.009567589094259496,13.917991857857913,41.59722685154323
1248,2,7,pitch_jump,1.0,0.1481732437297369,19.684927360826947,41.59722685154323
1248,2,11,pitch_jump,1.0,0.012863305121237192,15.881701518003844,41.59722685154323
1248,2,16,pitch_jump,1.0,0.11592677367770703,13.25552233528575,41.59722685154323
1248,2,22,pitch_jump,1.0,0.024184933585936,14.273285567653934,41.59722685154323
1249,2,3,pitch_jump,1.0,0.015487489505427155,13.485311162338803,41.630557962802484
1249,2,11,pitch_jump,1.0,0.13186444994952726,48.12708307797168,41.630557962802484
1250,2,11,pitch_jump,1.0,0.15085471257994096,20.88123756107843,41.66388907406173
1251,2,5,pitch_jump,1.0,0.0746416091538716,12.24696886065721,41.69722018532098
1251,2,7,pitch_jump,1.0,0.14130861336560607,15.20299557965734,41.69722018532098
1252,2,3,pitch_jump,1.0,0.021264650537399933,14.874539433802886,41.73055129658023
1252,2,5,pitch_jump,1.0,0.046360665592697206,13.89926000869504,41.73055129658023
1252,2,9,pitch_jump,1.0,0.024442106819289683,12.372276788405665,41.73055129658023
1252,2,11,pitch_jump,1.0,0.08935013731897949,25.534636933474708,41.73055129658023
1253,2,2,pitch_jump,1.0,0.01262979796551599,16.80063903235597,41.76388240783948
1253,2,3,pitch_jump,1.0,0.03368250065483314,17.68675782139928,41.76388240783948
1253,2,10,pitch_jump,1.0,0.02553030027564584,15.551059334950017,41.76388240783948
1253,2,15,pitch_jump,1.0,0.047218536950741505,14.600172258591845,41.76388240783948
1253,2,16,pitch_jump,1.0,0.05389680003904257,16.232122775105505,41.76388240783948
1253,2,19,pitch_jump,1.0,0.014384701746458227,16.92029326243127,41.76388240783948
1254,2,2,pitch_jump,1.0,0.048140946808390074,12.631623808058873,41.797213519098726
1254,2,3,pitch_jump,1.0,0.00786657924488268,17.034002395977616,41.797213519098726
1254,2,7,pitch_jump,1.0,0.1897978357133347,12.40783073647715,41.797213519098726
1254,2,10,pitch_jump,1.0,0.03680446938828459,13.506817785650753,41.797213519098726
1254,2,11,pitch_jump,1.0,0.1630490953675369,59.237546570598056,41.797213519098726
1254,2,18,pitch_jump,1.0,0.004182750250856849,13.36196865862106,41.797213519098726
1254,2,19,pitch_jump,1.0,0.06037431175877037,15.688926960187475,41.797213519098726
1255,2,2,pitch_jump,1.0,0.024348131007625055,13.413114333960642,41.83054463035798
1255,2,3,pitch_jump,1.0,0.05421560129561382,29.390194110211905,41.83054463035798
1255,2,4,pitch_jump,1.0,0.045403673605340054,24.00707182398471,41.83054463035798
1255,2,5,pitch_jump,1.0,0.03992716390386329,19.545219294283743,41.83054463035798
1255,2,6,pitch_jump,1.0,0.020169423982481807,20.34503881187282,41.83054463035798
1255,2,7,pitch_jump,1.0,0.21673150966476185,13.010378725665765,41.83054463035798
1255,2,9,pitch_jump,1.0,0.04213545440443908,14.572917095389961,41.83054463035798
1255,2,10,pitch_jump,1.0,0.12407467001346618,47.75276723357834,41.83054463035798
1255,2,11,pitch_jump,1.0,0.057014413156640485,31.417283263601874,41.83054463035798
1255,2,16,pitch_jump,1.0,0.11649447139302059,14.242703281833004,41.83054463035798
1255,2,20,pitch_jump,1.0,0.07529802442136936,15.906855085115769,41.83054463035798
1255,2,21,pitch_jump,1.0,0.04529851222705906,21.922334549049,41.83054463035798
1255,2,22,pitch_jump,1.0,0.02609499466951317,21.00323394410191,41.83054463035798
1256,2,7,pitch_jump,1.0,0.13588448756674357,16.53151004982935,41.86387574161723
1256,2,10,pitch_jump,1.0,0.09349479278248793,28.681091001787028,41.86387574161723
1257,2,3,pitch_jump,1.0,0.013927079958693304,12.884212854851162,41.89720685287648
1257,2,4,pitch_jump,1.0,0.049205232614335785,12.38857593630101,41.89720685287648
1257,2,7,pitch_jump,1.0,0.21549019756108725,19.127502249659084,41.89720685287648
1257,2,10,pitch_jump,1.0,0.051056089749190285,17.65148836283458,41.89720685287648
1257,2,16,pitch_jump,1.0,0.11761949722468544,13.487185362245159,41.89720685287648
1257,2,19,pitch_jump,1.0,0.07226481149452696,12.682431257552475,41.89720685287648
1258,2,3,pitch_jump,1.0,0.03224056472784984,20.906754877183555,41.93053796413572
1258,2,6,pitch_jump,1.0,0.08059840065498843,27.611821163195298,41.93053796413572
1258,2,9,pitch_jump,1.0,0.03536461828878326,18.26533680348237,41.93053796413572
1258,2,10,pitch_jump,1.0,0.021873768970969435,13.897110263631038,41.93053796413572
1258,2,11,pitch_jump,1.0,0.06297984774984472,21.91495043035114,41.93053796413572
1258,2,16,pitch_jump,1.0,0.12204720940699615,12.589020346009551,41.93053796413572
1258,2,18,pitch_jump,1.0,0.03067689760769213,14.147559343773699,41.93053796413572
1259,2,2,pitch_jump,1.0,0.031529177799441206,12.716110363518778,41.963869075394975
1259,2,7,pitch_jump,1.0,0.11778933804973116,12.25030525655235,41.963869075394975
1259,2,16,pitch_jump,1.0,0.05251645258863234,12.121311532250374,41.963869075394975
1260,2,3,pitch_jump,1.0,0.0061674727962178775,16.799730853704286,41.997200186654226
1260,2,6,pitch_jump,1.0,0.03910854702541568,21.875256879890106,41.997200186654226
1260,2,11,pitch_jump,1.0,0.013954031854280635,15.939125128984939,41.997200186654226
1260,2,15,pitch_jump,1.0,0.06421087636793234,22.553697519185945,41.997200186654226
1260,2,16,pitch_jump,1.0,0.13042676825314797,14.267808931093802,41.997200186654226
1260,2,19,pitch_jump,1.0,0.025504386778481443,26.21276637136036,41.997200186654226
1260,2,22,pitch_jump,1.0,0.021818435164454184,12.168170308747538,41.997200186654226
1261,2,3,pitch_jump,1.0,0.021859658035776046,27.580934740051564,42.03053129791348
1261,2,5,pitch_jump,1.0,0.1442443183308118,36.627577844430306,42.03053129791348
1261,2,6,pitch_jump,1.0,0.026490842923477257,16.257209423024765,42.03053129791348
1261,2,7,pitch_jump,1.0,0.2526526870033629,18.152206656703655,42.03053129791348
1261,2,11,pitch_jump,1.0,0.013086954823559002,26.778276639784576,42.03053129791348
1261,2,15,pitch_jump,1.0,0.06967127696681873,18.551991002107734,42.03053129791348
1261,2,16,pitch_jump,1.0,0.12313320174111425,27.11480893768076,42.03053129791348
1261,2,19,pitch_jump,1.0,0.0214226167839158,20.270455932182603,42.03053129791348
1261,2,20,pitch_jump,1.0,0.06317943851921234,13.221563751043885,42.03053129791348
1262,2,3,pitch_jump,1.0,0.04049992242885372,13.56166534619668,42.06386240917272
1262,2,5,pitch_jump,1.0,0.09950770048502865,22.53266752592377,42.06386240917272
1262,2,7,pitch_jump,1.0,0.11529033222731612,18.307760305703475,42.06386240917272
1262,2,11,pitch_jump,1.0,0.040522787173150054,15.415957974154264,42.06386240917272
1262,2,16,pitch_jump,1.0,0.05665595759155145,21.042841014415608,42.06386240917272
1263,2,2,pitch_jump,1.0,0.06444168937708852,13.322689620398902,42.09719352043197
1263,2,3,pitch_jump,1.0,0.034982146419701814,17.410170140877266,42.09719352043197
1263,2,5,pitch_jump,1.0,0.2612474464879694,51.9227525166833,42.09719352043197
1263,2,16,pitch_jump,1.0,0.12659271446268486,15.088579723311886,42.09719352043197
1264,2,3,pitch_jump,1.0,0.04188171465300258,21.045451385338094,42.13052463169122
1264,2,4,pitch_jump,1.0,0.003693425326160249,13.351019467684038,42.13052463169122
1264,2,5,pitch_jump,1.0,0.1786426455462314,23.461707856173728,42.13052463169122
1264,2,7,pitch_jump,1.0,0.19188897184069634,12.445488450631494,42.13052463169122
1264,2,9,pitch_jump,1.0,0.04405671471784159,13.230338422919361,42.13052463169122
1264,2,11,pitch_jump,1.0,0.006529866746404256,16.664666726680437,42.13052463169122
1264,2,16,pitch_jump,1.0,0.11508545304752935,16.180297097238732,42.13052463169122
1264,2,22,pitch_jump,1.0,0.024775345063236292,14.24136084454434,42.13052463169122
1265,2,3,pitch_jump,1.0,0.05575591735823769,12.621940368864866,42.163855742950474
1265,2,4,pitch_jump,1.0,0.015619385893680102,15.843876511799186,42.163855742950474
1265,2,5,pitch_jump,1.0,0.05139614303430967,18.21336987385555,42.163855742950474
1265,2,9,pitch_jump,1.0,0.01900831591327489,14.677353995153018,42.163855742950474
1265,2,10,pitch_jump,1.0,0.024281734247021035,16.862534622308704,42.163855742950474
1265,2,11,pitch_jump,1.0,0.04019975103834872,14.683347693148228,42.163855742950474
1265,2,19,pitch_jump,1.0,0.00904907698680294,13.709860562775143,42.163855742950474
1265,2,20,pitch_jump,1.0,0.04034329802153077,16.88148408565025,42.163855742950474
1265,2,22,pitch_jump,1.0,0.024353422690252143,13.175118866451028,42.163855742950474
1266,2,3,pitch_jump,1.0,0.0025587363524529286,16.542468544101183,42.19718685420972
1266,2,5,pitch_jump,1.0,0.139478479044266,12.86557415239927,42.19718685420972
1266,2,6,pitch_jump,1.0,0.054013220258690375,21.159189199348994,42.19718685420972
1266,2,7,pitch_jump,1.0,0.17834077364507409,20.155272170795552,42.19718685420972
1266,2,10,pitch_jump,1.0,0.059720774549775146,16.367764430521127,42.19718685420972
1266,2,11,pitch_jump,1.0,0.05462948516960843,25.46716014036679,42.19718685420972
1266,2,16,pitch_jump,1.0,0.13109258130845358,22.467683100531573,42.19718685420972
1266,2,20,pitch_jump,1.0,0.0780010040652918,15.208803213192905,42.19718685420972
1267,2,2,pitch_jump,1.0,0.07951911092963536,16.398271096428957,42.23051796546897
1267,2,3,pitch_jump,1.0,0.011744397094012026,28.12958466282954,42.23051796546897
1267,2,6,pitch_jump,1.0,0.06601326324255502,30.812809500928694,42.23051796546897
1267,2,7,pitch_jump,1.0,0.17220473924236857,18.9967959149635,42.23051796546897
1267,2,10,pitch_jump,1.0,0.06932824790672706,19.501345620657638,42.23051796546897
1267,2,11,pitch_jump,1.0,0.023848221809345246,27.489294769725255,42.23051796546897
1267,2,16,pitch_jump,1.0,0.1278319424656808,19.895782659757828,42.23051796546897
1267,2,20,pitch_jump,1.0,0.07979967755364964,17.814700739628197,42.23051796546897
1267,2,21,pitch_jump,1.0,0.026186582733306568,13.313713200462294,42.23051796546897
1267,2,22,pitch_jump,1.0,0.06246375318460068,14.896680043363874,42.23051796546897
1268,2,6,pitch_jump,1.0,0.048766505809690455,16.237300414907097,42.26384907672822
1268,2,7,pitch_jump,1.0,0.1074031541234983,13.082563385656776,42.26384907672822
1268,2,11,pitch_jump,1.0,0.09934087954829308,32.46873008869511,42.26384907672822
1268,2,16,pitch_jump,1.0,0.05851305618581453,12.210110842528843,42.26384907672822
1269,2,2,pitch_jump,1.0,0.07770467257780216,13.959384014753574,42.29718018798747
1269,2,3,pitch_jump,1.0,0.026495295981768044,12.684531365485919,42.29718018798747
1269,2,5,pitch_jump,1.0,0.41310265900586235,89.28185747606938,42.29718018798747
1269,2,8,pitch_jump,1.0,0.061444640808845964,20.57182063392526,42.29718018798747
1269,2,10,pitch_jump,1.0,0.04097179284802131,12.557379450298972,42.29718018798747
1269,2,11,pitch_jump,1.0,0.10136415605737553,27.694438659489563,42.29718018798747
1269,2,15,pitch_jump,1.0,0.09184368733184967,23.60922674852892,42.29718018798747
1269,2,18,pitch_jump,1.0,0.019657678131094158,16.920051466073154,42.29718018798747
1269,2,21,pitch_jump,1.0,0.0535750067684762,15.153531820561993,42.29718018798747
1270,2,5,pitch_jump,1.0,0.4511872713697385,101.59460057570135,42.330511299246716
1270,2,6,pitch_jump,1.0,0.0754703601165849,20.1397993876722,42.330511299246716
1270,2,7,pitch_jump,1.0,0.11998626787506206,12.704642504489184,42.330511299246716
1271,2,5,pitch_jump,1.0,0.024609056063838973,15.71028208978716,42.36384241050597
1271,2,7,pitch_jump,1.0,0.0761228611067342,12.384031352973848,42.36384241050597
1272,2,7,pitch_jump,1.0,0.1369423855563976,12.3689859033985,42.39717352176522
1273,2,3,pitch_jump,1.0,0.09333986694650506,23.725842517240597,42.43050463302447
1273,2,5,pitch_jump,1.0,0.06543891703237804,14.97440397719507,42.43050463302447
1273,2,11,pitch_jump,1.0,0.11232171229398454,35.10621807074898,42.43050463302447
1274,2,3,pitch_jump,1.0,0.11483404188402857,18.756798767845503,42.46383574428371
1274,2,5,pitch_jump,1.0,0.3500637697949661,45.24481463583447,42.46383574428371
1274,2,11,pitch_jump,1.0,0.045454055551959534,14.598696395920179,42.46383574428371
1275,2,3,pitch_jump,1.0,0.06836312902878837,20.791829772548247,42.497166855542964
1275,2,6,pitch_jump,1.0,0.0531703807798392,16.0211102068715,42.497166855542964
1275,2,11,pitch_jump,1.0,0.11666673052345414,38.58010278998092,42.497166855542964
1276,2,3,pitch_jump,1.0,0.07717556183690538,27.222250156102568,42.530497966802216
1276,2,6,pitch_jump,1.0,0.49011136861629395,129.92396239041395,42.530497966802216
1276,2,11,pitch_jump,1.0,0.1310860706543196,40.53062460560145,42.530497966802216
1277,2,6,pitch_jump,1.0,0.39201090461661753,96.42187606582365,42.56382907806147
1278,2,2,pitch_jump,1.0,0.08761763083785978,250.39708414532151,42.59716018932071
1278,2,3,pitch_jump,1.0,0.032473136754445554,112.92042116550034,42.59716018932071
1278,2,4,pitch_jump,1.0,0.052935977068366405,81.75922223631842,42.59716018932071
1278,2,5,pitch_jump,1.0,0.06281598829903455,107.72767545168783,42.59716018932071
1278,2,6,pitch_jump,1.0,0.07053277569306138,36.854111394439045,42.59716018932071
1278,2,7,pitch_jump,1.0,0.16940391343658884,84.88622074989462,42.59716018932071
1278,2,8,pitch_jump,1.0,0.06746405280892197,79.04911380371648,42.59716018932071
1278,2,9,pitch_jump,1.0,0.04488392333489132,79.21150224426925,42.59716018932071
1278,2,10,pitch_jump,1.0,0.07393560833308732,81.80796657535495,42.59716018932071
1278,2,11,pitch_jump,1.0,0.07660551733031976,145.92740975475542,42.59716018932071
1278,2,15,pitch_jump,1.0,0.06653791882434948,279.9073489884585,42.59716018932071
1278,2,16,pitch_jump,1.0,0.08411579044898028,123.52575795096053,42.59716018932071
1278,2,18,pitch_jump,1.0,0.015976798631364385,44.668307622495526,42.59716018932071
1278,2,20,pitch_jump,1.0,0.07851189862472654,124.36968919638821,42.59716018932071
1278,2,21,pitch_jump,1.0,0.025671391358771087,29.353442608017044,42.59716018932071
1279,2,2,pitch_jump,1.0,0.08447376251599308,14.511709798978522,42.63049130057996
1279,2,3,pitch_jump,1.0,0.03665052666668162,13.879302968629428,42.63049130057996
1279,2,10,pitch_jump,1.0,0.08515100409817668,12.728218856213436,42.63049130057996
1279,2,15,pitch_jump,1.0,0.07275029632138126,13.490268660112555,42.63049130057996
1279,2,16,pitch_jump,1.0,0.08217672016401127,12.20360192818233,42.63049130057996
1280,2,2,pitch_jump,1.0,0.03175474879097632,44.20199296511865,42.66382241183921
1280,2,3,pitch_jump,1.0,0.02434897810002537,18.679275264953652,42.66382241183921
1280,2,4,pitch_jump,1.0,0.02033078610734274,25.3069284011644,42.66382241183921
1280,2,5,pitch_jump,1.0,0.008177275033140238,27.74951855386274,42.66382241183921
1280,2,6,pitch_jump,2.0,0.07631562378861555,19.318390509022965,42.66382241183921
1280,2,7,pitch_jump,1.0,0.08281956870322615,14.611525913217717,42.66382241183921
1280,2,8,pitch_jump,1.0,0.02136632581720096,27.30947840512528,42.66382241183921
1280,2,9,pitch_jump,1.0,0.005196074720419368,16.353286238906893,42.66382241183921
1280,2,10,pitch_jump,1.0,0.030730555086680173,21.247480060616468,42.66382241183921
1280,2,11,pitch_jump,1.0,0.02740335577874104,22.76068927654631,42.66382241183921
1280,2,15,pitch_jump,1.0,0.030757141988946784,50.084117767000244,42.66382241183921
1280,2,16,pitch_jump,1.0,0.03583552890448265,13.098603232866552,42.66382241183921
1280,2,18,pitch_jump,1.0,0.004664888716664803,20.14105076541852,42.66382241183921
1280,2,20,pitch_jump,1.0,0.013876830720092919,29.44259999732605,42.66382241183921
1280,2,21,pitch_jump,1.0,0.01974581119089436,15.77161885627463,42.66382241183921
1281,2,2,pitch_jump,1.0,0.08604676448677086,25.550795015724358,42.697153523098464
1281,2,4,pitch_jump,1.0,0.05523089672952392,13.817583861431071,42.697153523098464
1281,2,5,pitch_jump,1.0,0.04729650189804134,17.209265341010546,42.697153523098464
1281,2,8,pitch_jump,1.0,0.0686089442706767,18.68591274114874,42.697153523098464
1281,2,9,pitch_jump,1.0,0.041004904791650795,13.566083396402622,42.697153523098464
1281,2,10,pitch_jump,1.0,0.06950746883117567,14.755285562431434,42.697153523098464
1281,2,15,pitch_jump,1.0,0.10942144513832441,28.380751310220084,42.697153523098464
1281,2,16,pitch_jump,1.0,0.11081618650858421,13.431805730082585,42.697153523098464
1281,2,18,pitch_jump,1.0,0.04108792207195734,15.760270367734122,42.697153523098464
1281,2,20,pitch_jump,1.0,0.0710606327898625,18.008225085857372,42.697153523098464
1281,2,21,pitch_jump,1.0,0.06316238362546274,13.396949853766683,42.697153523098464
1282,2,6,pitch_jump,1.0,0.04792325250017619,17.31113732662874,42.73048463435771
1282,2,11,pitch_jump,1.0,0.04327410421994691,21.03076211625881,42.73048463435771
1283,2,2,pitch_jump,1.0,0.020819352475452895,12.332000346179653,42.76381574561696
1283,2,6,pitch_jump,1.0,0.19541336359783348,43.32820043311864,42.76381574561696
1283,2,15,pitch_jump,1.0,0.04051505184927904,14.194025823075892,42.76381574561696
1284,2,2,pitch_jump,1.0,0.07743883642159613,12.954902607733146,42.79714685687621
1284,2,4,pitch_jump,1.0,0.05889017762752491,13.755031382649564,42.79714685687621
1284,2,5,pitch_jump,1.0,0.0730746246321592,12.651075577688065,42.79714685687621
1284,2,6,pitch_jump,1.0,0.10592371052264116,28.379784988894272,42.79714685687621
1284,2,15,pitch_jump,1.0,0.09249799456812516,12.69213063543201,42.79714685687621
1285,2,3,pitch_jump,2.0,0.025890075661478464,17.43557132011158,42.83047796813546
1285,2,4,pitch_jump,1.0,0.05543292442116865,13.623811134466672,42.83047796813546
1285,2,5,pitch_jump,1.0,0.07176517453243049,17.631648116689725,42.83047796813546
1285,2,6,pitch_jump,1.0,0.03910989928872279,16.42677183460953,42.83047796813546
1285,2,7,pitch_jump,1.0,0.05470884319948395,33.16872920694854,42.83047796813546
1285,2,10,pitch_jump,1.0,0.06904662272596107,13.050024625598507,42.83047796813546
1285,2,11,pitch_jump,1.0,0.06868420746889223,27.623410003276472,42.83047796813546
1285,2,16,pitch_jump,1.0,0.13740420534460465,14.967562570458671,42.83047796813546
1285,2,19,pitch_jump,3.0,0.09684390385583526,18.251567003341005,42.83047796813546
1285,2,20,pitch_jump,1.0,0.07723544579742034,13.974894238289416,42.83047796813546
1285,2,21,pitch_jump,1.0,0.03680193965056615,12.631100899262055,42.83047796813546
1286,2,2,pitch_jump,1.0,0.029607294118442366,25.660554066415138,42.863809079394706
1286,2,3,pitch_jump,1.0,0.022566578069794962,17.246243151724478,42.863809079394706
1286,2,10,pitch_jump,1.0,0.02999968594163973,14.099273607971831,42.863809079394706
1286,2,15,pitch_jump,1.0,0.02756438667312075,19.431150708621956,42.863809079394706
1286,2,16,pitch_jump,1.0,0.05759768363710572,15.757310902637547,42.863809079394706
1286,2,20,pitch_jump,1.0,0.037994590353307545,15.735166338037628,42.863809079394706
1287,2,2,pitch_jump,1.0,0.10477018664901426,12.52450721768115,42.89714019065396
1287,2,5,pitch_jump,1.0,0.10248947195762838,37.0296377668634,42.89714019065396
1287,2,6,pitch_jump,1.0,0.05288601334925044,18.39562687910519,42.89714019065396
1287,2,7,pitch_jump,1.0,0.1148092257131565,15.720082103370821,42.89714019065396
1287,2,9,pitch_jump,1.0,0.029595007481829555,15.065408369619606,42.89714019065396
1287,2,15,pitch_jump,1.0,0.07379469041859976,12.525680572320983,42.89714019065396
1287,2,16,pitch_jump,1.0,0.14796529531745622,15.614682645348267,42.89714019065396
1287,2,20,pitch_jump,1.0,0.0875490891188452,13.896096004558862,42.89714019065396
1288,2,2,pitch_jump,1.0,0.0918171563255047,15.378308683275058,42.93047130191321
1288,2,5,pitch_jump,1.0,0.3496887467337656,96.69793825500425,42.93047130191321
1288,2,6,pitch_jump,1.0,0.039673764672814374,17.010316377188225,42.93047130191321
1288,2,7,pitch_jump,1.0,0.1681381995690323,47.97983983539898,42.93047130191321
1288,2,10,pitch_jump,1.0,0.09637217569665704,17.828669225798855,42.93047130191321
1288,2,11,pitch_jump,1.0,0.0907667729109996,19.965957265327322,42.93047130191321
1288,2,16,pitch_jump,1.0,0.11051005675327406,22.74173238808402,42.93047130191321
1288,2,19,pitch_jump,3.0,0.09582386547823268,20.27692650834285,42.93047130191321
1288,2,20,pitch_jump,1.0,0.07216189231379246,15.348647879780229,42.93047130191321
1289,2,2,pitch_jump,1.0,0.03327244314369052,13.830456065971052,42.96380241317246
1289,2,3,pitch_jump,1.0,0.08836513831741728,21.693259255846648,42.96380241317246
1289,2,4,pitch_jump,1.0,0.004198002471566302,12.910474952605387,42.96380241317246
1289,2,6,pitch_jump,1.0,0.01288630653877197,15.613906521334071,42.96380241317246
1289,2,7,pitch_jump,1.0,0.04889926823311973,19.361299950332704,42.96380241317246
1289,2,11,pitch_jump,1.0,0.020711713704614457,17.130609555828208,42.96380241317246
1289,2,16,pitch_jump,1.0,0.03504949705381425,20.015491893368583,42.96380241317246
1289,2,19,pitch_jump,1.0,0.04700833239265076,33.46341601808334,42.96380241317246
1289,2,20,pitch_jump,1.0,0.02884600426125326,12.579388783885014,42.96380241317246
1290,2,2,pitch_jump,1.0,0.09878794193297938,13.166278694087296,42.9971335244317
1290,2,3,pitch_jump,1.0,0.061228879061561894,13.241575346972953,42.9971335244317
1290,2,7,pitch_jump,1.0,0.05883456860203117,12.529649317647975,42.9971335244317
1290,2,11,pitch_jump,1.0,0.05476339651714338,16.240885095706066,42.9971335244317
1290,2,16,pitch_jump,1.0,0.12180045347544065,20.70766126256382,42.9971335244317
1291,2,3,pitch_jump,1.0,0.03213904205803768,12.386594363541795,43.030464635690954
1291,2,5,pitch_jump,1.0,0.4784713709194965,135.85905170438676,43.030464635690954
1291,2,7,pitch_jump,1.0,0.06117945840244729,13.998800749959624,43.030464635690954
1292,2,3,pitch_jump,1.0,0.04066531888012007,15.462884931783007,43.063795746950206
1292,2,7,pitch_jump,1.0,0.028099490047260756,14.083079702340028,43.063795746950206
1292,2,11,pitch_jump,1.0,0.009914078701326053,12.997602752768332,43.063795746950206
1292,2,16,pitch_jump,1.0,0.03847688551666597,12.928710118502106,43.063795746950206
1293,2,2,pitch_jump,1.0,0.050147339630700755,22.163727524977432,43.09712685820946
1293,2,4,pitch_jump,1.0,0.06135596255179667,21.15224721830977,43.09712685820946
1293,2,5,pitch_jump,1.0,0.1637554320617678,17.330392586475114,43.09712685820946
1293,2,9,pitch_jump,1.0,0.03196645788295054,16.21216120519955,43.09712685820946
1293,2,15,pitch_jump,1.0,0.08564448553953034,18.734880451008287,43.09712685820946
1294,2,2,pitch_jump,1.0,0.08249303774458022,16.18618475109344,43.1304579694687
1294,2,3,pitch_jump,1.0,0.029095409698934767,20.120134115395143,43.1304579694687
1294,2,5,pitch_jump,1.0,0.08802531871204113,25.326597474221792,43.1304579694687
1294,2,6,pitch_jump,1.0,0.0583233618888711,12.615896368277895,43.1304579694687
1294,2,7,pitch_jump,1.0,0.05540849894560965,15.233882678129415,43.1304579694687
1294,2,11,pitch_jump,1.0,0.03521583818768575,15.679014679093019,43.1304579694687
1294,2,15,pitch_jump,1.0,0.10073518731969454,14.381295368057437,43.1304579694687
1294,2,16,pitch_jump,1.0,0.08136662098026876,15.484101189135206,43.1304579694687
1295,2,2,pitch_jump,1.0,0.012564998732761366,17.261492110795043,43.16378908072795
1295,2,3,pitch_jump,1.0,0.022226932740532456,13.15455186322134,43.16378908072795
1295,2,11,pitch_jump,1.0,0.05791208081030397,16.15330144974714,43.16378908072795
1295,2,15,pitch_jump,1.0,0.049412447544669544,14.87551874679174,43.16378908072795
1295,2,16,pitch_jump,1.0,0.01665699883099803,12.876798473400708,43.16378908072795
1295,2,19,pitch_jump,1.0,0.06547313541473365,34.26702313947726,43.16378908072795
1296,2,7,pitch_jump,1.0,0.05705301866519057,13.902029507752536,43.1971201919872
1296,2,16,pitch_jump,1.0,0.06540279858425072,12.401195278859866,43.1971201919872
1296,2,19,pitch_jump,1.0,0.14656538195145613,23.372534449232415,43.1971201919872
1297,2,2,pitch_jump,1.0,0.088307873708713,44.99965759978121,43.230451303246454
1297,2,3,pitch_jump,1.0,0.03868741642980605,19.068502322884488,43.230451303246454
1297,2,8,pitch_jump,1.0,0.0797599937010181,17.630848270438218,43.230451303246454
1297,2,10,pitch_jump,1.0,0.10012893049660947,25.123084328204456,43.230451303246454
1297,2,11,pitch_jump,1.0,0.060464234131372294,15.360507451995568,43.230451303246454
1297,2,15,pitch_jump,1.0,0.09321210018754887,39.395874361392494,43.230451303246454
1297,2,16,pitch_jump,1.0,0.07907038252586329,27.13760230850742,43.230451303246454
1297,2,19,pitch_jump,1.0,0.1174539953868074,77.42164800354502,43.230451303246454
1297,2,20,pitch_jump,1.0,0.0678398105031137,28.437004869010845,43.230451303246454
1298,2,7,pitch_jump,1.0,0.02436746642294817,14.283022910294221,43.2637824145057
1298,2,11,pitch_jump,1.0,0.01856332291478563,12.78175351044369,43.2637824145057
1298,2,19,pitch_jump,1.0,0.06483492125893628,17.48356261131403,43.2637824145057
1299,2,2,pitch_jump,1.0,0.10078265839263394,15.56799151266894,43.29711352576495
1299,2,3,pitch_jump,1.0,0.13625950282809127,40.973567411693324,43.29711352576495
1299,2,6,pitch_jump,1.0,0.058435477214515086,23.165986111226907,43.29711352576495
1299,2,15,pitch_jump,1.0,0.09724615536777588,15.347861932789023,43.29711352576495
1299,2,16,pitch_jump,1.0,0.11050902911612759,25.263725438055857,43.29711352576495
1300,2,2,pitch_jump,1.0,0.09395557189982835,17.831855096218963,43.3304446370242
1300,2,3,pitch_jump,1.0,0.07030370721113656,25.061780472117448,43.3304446370242
1300,2,10,pitch_jump,1.0,0.0834954720935605,12.335117577098178,43.3304446370242
1300,2,11,pitch_jump,1.0,0.03580546625112849,15.830963541279797,43.3304446370242
1300,2,15,pitch_jump,1.0,0.08691155898881751,15.934142932063962,43.3304446370242
1300,2,16,pitch_jump,1.0,0.0973973672414719,23.540440808302883,43.3304446370242
1300,2,19,pitch_jump,2.0,0.12373415700113308,41.54353617987663,43.3304446370242
1300,2,20,pitch_jump,1.0,0.055301731736701026,13.898237086548704,43.3304446370242
1301,2,3,pitch_jump,1.0,0.07264559188257404,17.41593826541416,43.36377574828345
1301,2,6,pitch_jump,1.0,0.018295482929677052,14.708807924953621,43.36377574828345
1301,2,11,pitch_jump,1.0,0.007502983136374585,13.064086444442168,43.36377574828345
1301,2,16,pitch_jump,1.0,0.055409889791576725,22.34707511760431,43.36377574828345
1302,2,2,pitch_jump,1.0,0.08982565337591841,38.78169899620832,43.397106859542696
1302,2,3,pitch_jump,1.0,0.010131241684475954,13.431114695312774,43.397106859542696
1302,2,5,pitch_jump,1.0,0.06245677137356253,18.370911126084962,43.397106859542696
1302,2,6,pitch_jump,1.0,0.05890137980513249,22.906763697701912,43.397106859542696
1302,2,15,pitch_jump,1.0,0.07005254146066762,36.338903681122666,43.397106859542696
1302,2,16,pitch_jump,1.0,0.11241600289945843,12.126627970083817,43.397106859542696
1303,2,2,pitch_jump,1.0,0.05413215341071005,23.936439678563172,43.43043797080195
1303,2,3,pitch_jump,1.0,0.05917399502757674,20.350961279010008,43.43043797080195
1303,2,6,pitch_jump,1.0,0.046850393451528215,18.567747330303085,43.43043797080195
1303,2,15,pitch_jump,1.0,0.0634050608729546,23.66042858186744,43.43043797080195
1303,2,16,pitch_jump,1.0,0.14098678569810275,15.401828110613952,43.43043797080195
1303,2,20,pitch_jump,1.0,0.0612334363205886,12.338476580178002,43.43043797080195
1303,2,21,pitch_jump,1.0,0.05103357669807861,12.721594304617938,43.43043797080195
1304,2,2,pitch_jump,1.0,0.013208338693752908,13.007212629485055,43.4637690820612
1304,2,3,pitch_jump,1.0,0.09079857136695267,17.493130742534472,43.4637690820612
1304,2,5,pitch_jump,1.0,0.022518388173316823,12.070308628823655,43.4637690820612
1304,2,11,pitch_jump,1.0,0.02734408712014843,16.292299427611187,43.4637690820612
1304,2,16,pitch_jump,1.0,0.06697114989736407,15.225329920277495,43.4637690820612
1305,2,3,pitch_jump,1.0,0.048590409436459835,15.528035506064818,43.49710019332045
1305,2,16,pitch_jump,1.0,0.10397370332712584,41.174688048883674,43.49710019332045
1306,2,2,pitch_jump,1.0,0.08358345266421019,16.558005563488056,43.53043130457969
1306,2,3,pitch_jump,1.0,0.116908574553696,36.037028355498194,43.53043130457969
1306,2,5,pitch_jump,1.0,0.05939689820173057,22.375737309775648,43.53043130457969
1306,2,6,pitch_jump,1.0,0.02703632135555989,14.996192794230353,43.53043130457969
1306,2,7,pitch_jump,1.0,0.07219161455392749,14.655103856368623,43.53043130457969
1306,2,8,pitch_jump,1.0,0.03486216943935984,12.09828003320345,43.53043130457969
1306,2,10,pitch_jump,1.0,0.03965830189264712,14.951932959160837,43.53043130457969
1306,2,15,pitch_jump,1.0,0.01505882577221012,19.425108735657165,43.53043130457969
1306,2,16,pitch_jump,1.0,0.190371210732806,58.034824076332555,43.53043130457969
1306,2,18,pitch_jump,1.0,0.022725723424382886,13.042213497886516,43.53043130457969
1306,2,19,pitch_jump,1.0,0.1029600966093654,28.223312599093855,43.53043130457969
1306,2,20,pitch_jump,1.0,0.05824656448210983,14.755095695207391,43.53043130457969
1306,2,21,pitch_jump,1.0,0.021661336461355603,12.719243057504485,43.53043130457969
1307,2,3,pitch_jump,1.0,0.09944146340648854,17.05899682411209,43.563762415838944
1307,2,5,pitch_jump,1.0,0.022106042390864333,16.883065249278353,43.563762415838944
1307,2,6,pitch_jump,1.0,0.010463743283673615,12.166090238805873,43.563762415838944
1308,2,3,pitch_jump,1.0,0.14942965501312666,27.70331149330617,43.597093527098195
1308,2,4,pitch_jump,1.0,0.046010330931151484,13.416121017760597,43.597093527098195
1308,2,5,pitch_jump,1.0,0.03178004493418255,17.634406276566157,43.597093527098195
1308,2,6,pitch_jump,1.0,0.03008290309289247,17.262922840454145,43.597093527098195
1308,2,11,pitch_jump,4.0,0.050339540038601645,13.799395321372177,43.597093527098195
1309,2,2,pitch_jump,1.0,0.050588229191516364,14.683312915007944,43.63042463835745
1309,2,3,pitch_jump,1.0,0.10058260228319359,17.783346014667146,43.63042463835745
1309,2,5,pitch_jump,1.0,0.045828047271308736,13.276593237022887,43.63042463835745
1309,2,16,pitch_jump,2.0,0.05313570746754655,12.237135112154418,43.63042463835745
1310,2,3,pitch_jump,1.0,0.06382382784140955,15.398805682122967,43.66375574961669
1310,2,11,pitch_jump,1.0,0.1445884129272444,46.64761960400786,43.66375574961669
1311,2,5,pitch_jump,1.0,0.07449149930043013,14.4860226950608,43.69708686087594
1311,2,16,pitch_jump,1.0,0.09507043518934818,40.174053960436694,43.69708686087594
1311,2,21,pitch_jump,1.0,0.04129868850343997,12.225965917558286,43.69708686087594
1312,2,2,pitch_jump,1.0,0.07030139489318435,21.400482103935786,43.73041797213519
1312,2,3,pitch_jump,1.0,0.05617233859839323,12.819947611177774,43.73041797213519
1312,2,6,pitch_jump,1.0,0.043190230790756304,12.5874838917658,43.73041797213519
1312,2,10,pitch_jump,1.0,0.0622386188421005,13.748848841508485,43.73041797213519
1312,2,11,pitch_jump,1.0,0.011421115877547483,20.164247198460195,43.73041797213519
1312,2,20,pitch_jump,1.0,0.013951718340214239,15.617530147045917,43.73041797213519
1312,2,21,pitch_jump,1.0,0.04501413180621989,13.649500844966992,43.73041797213519
1313,2,2,pitch_jump,1.0,0.018605737833444172,12.483434514973409,43.763749083394444
1313,2,3,pitch_jump,1.0,0.04182543529986241,14.648587183796417,43.763749083394444
1313,2,4,pitch_jump,1.0,0.011340732892561071,13.39269589466246,43.763749083394444
1313,2,5,pitch_jump,1.0,0.04236103795738643,14.422368505082018,43.763749083394444
1313,2,11,pitch_jump,1.0,0.053038337119801084,12.179890380471306,43.763749083394444
1314,2,2,pitch_jump,1.0,0.059430076628582344,13.296446403398779,43.79708019465369
1314,2,3,pitch_jump,1.0,0.049387786600234504,14.499368877773604,43.79708019465369
1314,2,4,pitch_jump,1.0,0.03386437789966588,13.747633970003385,43.79708019465369
1314,2,9,pitch_jump,1.0,0.024281570064071,12.364126331997449,43.79708019465369
1314,2,16,pitch_jump,1.0,0.061543901334009436,18.84909922058499,43.79708019465369
1314,2,18,pitch_jump,1.0,0.01108992094516365,12.978339633860905,43.79708019465369
1315,2,2,pitch_jump,1.0,0.03284274505766055,53.01103215651113,43.83041130591294
1315,2,3,pitch_jump,1.0,0.03291215315150316,19.156116532718034,43.83041130591294
1315,2,7,pitch_jump,1.0,0.19413431176986795,23.02193194594914,43.83041130591294
1315,2,10,pitch_jump,1.0,0.0845389480005679,22.63767220469133,43.83041130591294
1315,2,11,pitch_jump,1.0,0.0434438406012923,32.09430333855523,43.83041130591294
1315,2,20,pitch_jump,1.0,0.06363296305988031,25.744323693989035,43.83041130591294
1316,2,2,pitch_jump,1.0,0.007304904322526943,14.895864055247305,43.86374241717219
1316,2,19,pitch_jump,1.0,0.030509823281006234,30.4139514938433,43.86374241717219
1317,2,2,pitch_jump,1.0,0.07177765055224877,12.508369411738336,43.89707352843144
1317,2,3,pitch_jump,1.0,0.05727077903556025,21.32826677216496,43.89707352843144
1318,2,11,pitch_jump,1.0,0.0744459406883055,12.808497424675847,43.930404639690686
1318,2,19,pitch_jump,2.0,0.10244180973015604,15.155038682858562,43.930404639690686
1319,2,2,pitch_jump,1.0,0.02628187635533039,17.753477399189027,43.96373575094994
1319,2,5,pitch_jump,1.0,0.02025837711929387,17.980358115959945,43.96373575094994
1319,2,18,pitch_jump,1.0,0.007043036206667669,12.82618568594652,43.96373575094994
1320,2,2,pitch_jump,1.0,0.07320714973491632,15.985856371897961,43.99706686220919
1320,2,3,pitch_jump,1.0,0.03837632565372561,19.058886772554573,43.99706686220919
1320,2,4,pitch_jump,1.0,0.04398976201278424,19.486365040449897,43.99706686220919
1320,2,5,pitch_jump,1.0,0.04618709011135346,19.644615909381194,43.99706686220919
1320,2,6,pitch_jump,1.0,0.14529812042016924,22.541999389274544,43.99706686220919
1320,2,9,pitch_jump,1.0,0.041225379892090984,13.156712880905628,43.99706686220919
1320,2,18,pitch_jump,1.0,0.02524752032941146,12.797784429369193,43.99706686220919
1320,2,19,pitch_jump,2.0,0.08081225476604888,47.043551784948576,43.99706686220919
1320,2,21,pitch_jump,1.0,0.042064449391454,12.687245588761407,43.99706686220919
1321,2,3,pitch_jump,1.0,0.14337185784968134,45.86928768127665,44.03039797346844
1321,2,6,pitch_jump,1.0,0.15203211040078457,36.80271237050146,44.03039797346844
1321,2,21,pitch_jump,1.0,0.0703121360897506,22.991206404316287,44.03039797346844
1322,2,2,pitch_jump,1.0,0.03058137945418452,19.214124432212447,44.06372908472768
1322,2,6,pitch_jump,1.0,0.051727687708325615,17.411783445716495,44.06372908472768
1323,2,2,pitch_jump,1.0,0.07316999271845173,15.77352902934777,44.097060195986934
1323,2,6,pitch_jump,1.0,0.04520745376852015,15.072146949922335,44.097060195986934
1324,2,3,pitch_jump,1.0,0.0638384958880842,26.59868928031104,44.130391307246185
1324,2,5,pitch_jump,1.0,0.06871238162678456,18.44289884758779,44.130391307246185
1324,2,6,pitch_jump,1.0,0.10841871915768633,25.634205851151247,44.130391307246185
1324,2,16,pitch_jump,1.0,0.11160006260567423,35.35339060504424,44.130391307246185
1324,2,19,pitch_jump,4.0,0.08702431781708389,21.454759909252147,44.130391307246185
1324,2,21,pitch_jump,1.0,0.06367478634390657,13.440959392091388,44.130391307246185
1325,2,2,pitch_jump,1.0,0.009449349604885684,17.927011977045037,44.16372241850544
1325,2,3,pitch_jump,1.0,0.0475589641251942,21.56104255122913,44.16372241850544
1325,2,4,pitch_jump,1.0,0.008085858624500607,13.458805105000568,44.16372241850544
1325,2,6,pitch_jump,1.0,0.04548525243119122,19.03233869917285,44.16372241850544
1325,2,7,pitch_jump,1.0,0.04326911856219706,14.98952128414258,44.16372241850544
1325,2,9,pitch_jump,1.0,0.005247961239597204,13.696105708719099,44.16372241850544
1325,2,11,pitch_jump,1.0,0.021738172428286653,13.305050457851538,44.16372241850544
1325,2,18,pitch_jump,1.0,0.07423408331909227,17.99605523476837,44.16372241850544
1325,2,19,pitch_jump,1.0,0.02352322039512736,51.89523346606649,44.16372241850544
1325,2,20,pitch_jump,1.0,0.01891671356085363,14.668661815152785,44.16372241850544
1325,2,21,pitch_jump,1.0,0.021404679459865513,13.749897774829275,44.16372241850544
1326,2,2,pitch_jump,1.0,0.0716909405731927,25.75085171580907,44.19705352976468
1326,2,3,pitch_jump,1.0,0.03247796090029186,25.36369458268872,44.19705352976468
1326,2,5,pitch_jump,1.0,0.061597076351337654,16.63671797522636,44.19705352976468
1326,2,6,pitch_jump,1.0,0.06763115773829205,28.294992234766177,44.19705352976468
1326,2,7,pitch_jump,1.0,0.10524059414851736,20.197692815950365,44.19705352976468
1326,2,10,pitch_jump,1.0,0.06557181345051975,13.93523372575014,44.19705352976468
1326,2,11,pitch_jump,1.0,0.054001187175970196,18.50194822847938,44.19705352976468
1326,2,16,pitch_jump,1.0,0.05019969261119061,23.209991913366455,44.19705352976468
1326,2,20,pitch_jump,1.0,0.05449437838075513,19.629182020076712,44.19705352976468
1326,2,21,pitch_jump,1.0,0.04214235655712664,13.222243199902971,44.19705352976468
1327,2,2,pitch_jump,1.0,0.06590408694555992,20.940509561151494,44.23038464102393
1327,2,4,pitch_jump,1.0,0.05508195990497175,13.066306494340534,44.23038464102393
1327,2,5,pitch_jump,1.0,0.05754896867674353,19.96300250382021,44.23038464102393
1327,2,6,pitch_jump,1.0,0.08583235516653473,29.819326671354265,44.23038464102393
1327,2,16,pitch_jump,1.0,0.04976685634454499,21.944625916826382,44.23038464102393
1328,2,3,pitch_jump,1.0,0.04894827726477892,17.171535334152576,44.26371575228318
1328,2,6,pitch_jump,1.0,0.0696033727930357,14.198457865653385,44.26371575228318
1328,2,7,pitch_jump,1.0,0.08305980528650644,16.843329323116055,44.26371575228318
1328,2,11,pitch_jump,1.0,0.014651546606705004,17.165582837942125,44.26371575228318
1328,2,16,pitch_jump,1.0,0.011056148543654117,16.06866307260035,44.26371575228318
1329,2,2,pitch_jump,1.0,0.061320306198641816,12.068819668052923,44.297046863542434
1329,2,3,pitch_jump,1.0,0.022450815347743517,14.044779429421595,44.297046863542434
1329,2,7,pitch_jump,1.0,0.1136702952734778,12.841824757358182,44.297046863542434
1329,2,11,pitch_jump,1.0,0.04981391175335876,16.778433402397305,44.297046863542434
1329,2,16,pitch_jump,1.0,0.06243431079319994,19.09770708527858,44.297046863542434
1330,2,3,pitch_jump,1.0,0.038542031487848245,18.122813905596956,44.330377974801685
1330,2,7,pitch_jump,1.0,0.1051793794566898,15.482289194542416,44.330377974801685
1330,2,11,pitch_jump,1.0,0.05854900368139707,19.444701196294552,44.330377974801685
1330,2,16,pitch_jump,1.0,0.054993737448012565,20.377334049349866,44.330377974801685
1331,2,3,pitch_jump,1.0,0.03713693787387644,21.810746757317958,44.36370908606093
1331,2,5,pitch_jump,1.0,0.029429942893871523,16.819305444408695,44.36370908606093
1331,2,6,pitch_jump,1.0,0.04178473073168353,24.77820706288537,44.36370908606093
1331,2,7,pitch_jump,1.0,0.05414876809832695,17.277101866443445,44.36370908606093
1331,2,10,pitch_jump,1.0,0.029826282586474143,12.61359503652208,44.36370908606093
1331,2,11,pitch_jump,1.0,0.05961622340859363,28.835771676429445,44.36370908606093
1331,2,16,pitch_jump,1.0,0.03704178922451583,25.572068487398663,44.36370908606093
1331,2,20,pitch_jump,1.0,0.012427399732921165,13.395489348125905,44.36370908606093
1331,2,21,pitch_jump,1.0,0.00985401616075394,13.401908156303046,44.36370908606093
1332,2,7,pitch_jump,1.0,0.10614832974426584,14.528067928831447,44.39704019732018
1332,2,9,pitch_jump,1.0,0.037756969556793356,12.775865163263918,44.39704019732018
1332,2,11,pitch_jump,1.0,0.08772366940902598,15.850523884911993,44.39704019732018
1332,2,16,pitch_jump,1.0,0.05864809702429966,22.138718572298952,44.39704019732018
1333,2,2,pitch_jump,1.0,0.06404332401824199,21.235864099450747,44.43037130857943
1333,2,3,pitch_jump,1.0,0.03828434948146527,23.099500081753266,44.43037130857943
1333,2,6,pitch_jump,1.0,0.016482988193735622,19.363914808349506,44.43037130857943
1333,2,7,pitch_jump,1.0,0.08380588822635021,15.488209844612541,44.43037130857943
1333,2,9,pitch_jump,1.0,0.031547675879511176,15.988472874862792,44.43037130857943
1333,2,10,pitch_jump,1.0,0.062407866344545204,16.914381174632204,44.43037130857943
1333,2,11,pitch_jump,1.0,0.0610004972084239,13.926487464754654,44.43037130857943
1333,2,16,pitch_jump,1.0,0.03401331954604618,21.030342449263884,44.43037130857943
1333,2,18,pitch_jump,1.0,0.009735541703251503,15.38639290584528,44.43037130857943
1333,2,20,pitch_jump,1.0,0.021444273924594866,16.089486824914786,44.43037130857943
1333,2,21,pitch_jump,1.0,0.06704018490027322,21.115455151134988,44.43037130857943
1334,2,7,pitch_jump,1.0,0.027014605320755697,12.06710181662173,44.46370241983868
1334,2,16,pitch_jump,1.0,0.02852910717528903,17.67661298723952,44.46370241983868
1335,2,3,pitch_jump,1.0,0.04081955858665014,18.206905489046992,44.49703353109793
1335,2,6,pitch_jump,1.0,0.034435528286371905,15.637409501747937,44.49703353109793
1335,2,7,pitch_jump,1.0,0.08314615053475345,13.41064463545249,44.49703353109793
1335,2,11,pitch_jump,1.0,0.05697096493684075,12.273123259737346,44.49703353109793
1335,2,16,pitch_jump,1.0,0.04107018633661444,17.74784249284999,44.49703353109793
1335,2,18,pitch_jump,1.0,0.027351483050585948,14.146432565336692,44.49703353109793
1336,2,3,pitch_jump,1.0,0.0644518932827936,18.294736633670734,44.53036464235718
1336,2,5,pitch_jump,1.0,0.04992595422415655,19.203614190623334,44.53036464235718
1336,2,6,pitch_jump,1.0,0.06013067099951407,12.798508757890424,44.53036464235718
1336,2,7,pitch_jump,1.0,0.08120831445275109,17.01984163364856,44.53036464235718
1336,2,20,pitch_jump,1.0,0.061956310000153655,14.354205479646506,44.53036464235718
1337,2,2,pitch_jump,1.0,0.0194363392107654,14.530025614158975,44.56369575361643
1337,2,3,pitch_jump,1.0,0.04084762786471288,17.8507101513355,44.56369575361643
1337,2,6,pitch_jump,1.0,0.08147398622270582,16.072616120439378,44.56369575361643
1337,2,16,pitch_jump,1.0,0.017428109617173646,16.331599139255303,44.56369575361643
1338,2,3,pitch_jump,1.0,0.023579024984059962,13.185816486772438,44.59702686487568
1338,2,6,pitch_jump,1.0,0.048822330144931446,19.896878696297,44.59702686487568
1338,2,7,pitch_jump,1.0,0.08653670636902203,20.461047953829727,44.59702686487568
1339,2,2,pitch_jump,1.0,0.0677173850087753,28.314284866965924,44.630357976134924
1339,2,3,pitch_jump,1.0,0.00839420264742307,12.401013563900605,44.630357976134924
1339,2,5,pitch_jump,1.0,0.04490035888388366,27.126097237105192,44.630357976134924
1339,2,6,pitch_jump,1.0,0.02809326828815297,22.73185803881748,44.630357976134924
1340,2,2,pitch_jump,1.0,0.022388223465778814,12.902366357071621,44.663689087394175
1340,2,5,pitch_jump,1.0,0.012597172627150065,13.537453225593588,44.663689087394175
1340,2,6,pitch_jump,1.0,0.03543409938144879,13.524512739844768,44.663689087394175
1340,2,10,pitch_jump,1.0,0.018049869545323453,15.710962585465765,44.663689087394175
1340,2,16,pitch_jump,1.0,0.008258652455716923,16.189765066507157,44.663689087394175
1342,2,6,pitch_jump,1.0,0.04247328598874964,13.140669846675932,44.73035130991268
1343,2,2,pitch_jump,1.0,0.015148444786426098,14.522578452056512,44.76368242117192
1343,2,6,pitch_jump,1.0,0.0921769924045948,16.789722354410795,44.76368242117192
1344,2,3,pitch_jump,1.0,0.0082480275548241,16.64961936919806,44.79701353243117
1344,2,4,pitch_jump,1.0,0.03580625154060371,12.211517668947094,44.79701353243117
1344,2,5,pitch_jump,1.0,0.0708592072335504,13.088114619354757,44.79701353243117
1344,2,6,pitch_jump,1.0,0.07089719419165555,20.73906510674927,44.79701353243117
1344,2,16,pitch_jump,1.0,0.05597186744169483,12.717175900636978,44.79701353243117
1345,2,3,pitch_jump,1.0,0.021235264717226702,14.663454554486684,44.830344643690424
1345,2,16,pitch_jump,1.0,0.06450955996378702,32.696227260971185,44.830344643690424
1346,2,3,pitch_jump,1.0,0.032001545374184794,16.816592571742273,44.863675754949675
1346,2,16,pitch_jump,1.0,0.042236861436793775,19.405537455742635,44.863675754949675
1347,2,2,pitch_jump,1.0,0.0838509630597207,19.198081708298957,44.89700686620892
1347,2,3,pitch_jump,1.0,0.06159820343172069,14.786680253340755,44.89700686620892
1347,2,16,pitch_jump,1.0,0.041095986140816006,13.664674210706993,44.89700686620892
1348,2,4,pitch_jump,1.0,0.037795853975069876,13.777837323291706,44.93033797746817
1348,2,5,pitch_jump,1.0,0.03577552787144485,20.162411452800793,44.93033797746817
1348,2,6,pitch_jump,1.0,0.044617765505802966,20.64078120532395,44.93033797746817
1348,2,9,pitch_jump,1.0,0.005102806417144297,15.705717295743886,44.93033797746817
1349,2,16,pitch_jump,1.0,0.04667916023099026,15.223717863309316,44.96366908872742
1350,2,6,pitch_jump,2.0,0.10137293154500857,27.616774917017498,44.99700019998667
1350,2,16,pitch_jump,1.0,0.08803326724520473,43.26545003628282,44.99700019998667
1351,2,3,pitch_jump,1.0,0.029144229291231147,19.529404777709217,45.03033131124592
1351,2,6,pitch_jump,1.0,0.11817277968013536,47.29954734252764,45.03033131124592
1351,2,7,pitch_jump,1.0,0.06968568963480795,13.44342243066079,45.03033131124592
1351,2,11,pitch_jump,1.0,0.13030865186857005,26.70990439008845,45.03033131124592
1351,2,16,pitch_jump,1.0,0.056456528444416676,22.33510295005153,45.03033131124592
1352,2,11,pitch_jump,1.0,0.0610560014267945,20.32974601869832,45.06366242250517
1352,2,16,pitch_jump,1.0,0.04299649066127065,20.391958812593128,45.06366242250517
1353,2,2,pitch_jump,1.0,0.08859951579803628,15.862448728942796,45.09699353376442
1353,2,7,pitch_jump,1.0,0.10674527575509236,14.480787391547267,45.09699353376442
1353,2,10,pitch_jump,1.0,0.08071100756929461,12.88523087501031,45.09699353376442
1353,2,11,pitch_jump,1.0,0.1445281850940254,16.070334273950756,45.09699353376442
1353,2,16,pitch_jump,1.0,0.06857645849910017,17.457887176048487,45.09699353376442
1353,2,20,pitch_jump,1.0,0.08707188583970467,13.857025387532781,45.09699353376442
1354,2,2,pitch_jump,1.0,0.07402703907941316,18.024037225175384,45.13032464502367
1354,2,3,pitch_jump,1.0,0.028983579500978705,21.976163599465867,45.13032464502367
1354,2,4,pitch_jump,1.0,0.06704781619148907,17.115869967250124,45.13032464502367
1354,2,5,pitch_jump,1.0,0.06074177719099794,24.15593473002808,45.13032464502367
1354,2,6,pitch_jump,1.0,0.06010427088034568,20.736053053654324,45.13032464502367
1354,2,7,pitch_jump,1.0,0.07889710429109081,12.388183823743846,45.13032464502367
1354,2,9,pitch_jump,1.0,0.040435790680961925,17.551422549200254,45.13032464502367
1355,2,2,pitch_jump,1.0,0.007781253078672617,13.704123986745651,45.163655756282914
1355,2,3,pitch_jump,1.0,0.03730746313212012,18.815122511426225,45.163655756282914
1355,2,6,pitch_jump,1.0,0.08976840810241665,22.50397902618376,45.163655756282914
1355,2,16,pitch_jump,1.0,0.011856614057696226,12.394885195111918,45.163655756282914
1355,2,20,pitch_jump,1.0,0.02005439746597631,12.021715011737573,45.163655756282914
1356,2,2,pitch_jump,1.0,0.055377564684551565,24.62369932931494,45.196986867542165
1356,2,3,pitch_jump,1.0,0.050027054224501315,19.682391906015393,45.196986867542165
1356,2,6,pitch_jump,1.0,0.026233644995851062,18.589594117997645,45.196986867542165
1358,2,6,pitch_jump,1.0,0.05055396406115593,12.630500388233589,45.26364909006067
1359,2,3,pitch_jump,1.0,0.02471062831351897,12.842036106821054,45.29698020131991
1359,2,6,pitch_jump,1.0,0.020861364064844845,14.036004678455466,45.29698020131991
1359,2,7,pitch_jump,1.0,0.09629204643651713,16.631079113042656,45.29698020131991
1360,2,2,pitch_jump,1.0,0.07503211695977731,14.522628052541405,45.33031131257916
1360,2,3,pitch_jump,1.0,0.008410696546118025,12.903424274487431,45.33031131257916
1360,2,7,pitch_jump,1.0,0.06458389451703045,14.163721543014073,45.33031131257916
1360,2,11,pitch_jump,1.0,0.07772741121669999,15.068651439739341,45.33031131257916
1360,2,16,pitch_jump,2.0,0.0578488107545175,12.239063324960629,45.33031131257916
1360,2,20,pitch_jump,1.0,0.06224637994343879,13.780763417239385,45.33031131257916
1361,2,3,pitch_jump,1.0,0.009130049833741057,16.178074667512078,45.363642423838414
1361,2,4,pitch_jump,1.0,0.007340868289067719,13.49235275185568,45.363642423838414
1361,2,5,pitch_jump,1.0,0.01307399637175033,16.551083063729884,45.363642423838414
1361,2,6,pitch_jump,1.0,0.03183821086043508,19.556117201764785,45.363642423838414
1361,2,7,pitch_jump,1.0,0.007668133159200583,12.398093343342646,45.363642423838414
1361,2,16,pitch_jump,1.0,0.04655802019653746,22.712371165568097,45.363642423838414
1362,2,5,pitch_jump,1.0,0.060815810635530175,15.889297696607864,45.396973535097665
1362,2,21,pitch_jump,1.0,0.05280414655261894,12.819116699985221,45.396973535097665
1363,2,3,pitch_jump,1.0,0.03254088127199743,25.80878383875095,45.43030464635691
1363,2,5,pitch_jump,1.0,0.05020165312302521,18.385959127348112,45.43030464635691
1363,2,6,pitch_jump,1.0,0.027262409489333707,27.683664700647537,45.43030464635691
1364,2,3,pitch_jump,1.0,0.02773504832757718,17.14745034317733,45.46363575761616
1364,2,5,pitch_jump,1.0,0.009075577435732382,12.28439712390613,45.46363575761616
1364,2,6,pitch_jump,1.0,0.06363914345478128,22.334478027471622,45.46363575761616
1364,2,9,pitch_jump,1.0,0.011984701067028551,19.48749444803303,45.46363575761616
1365,2,2,pitch_jump,1.0,0.06040086528978921,14.774723009673352,45.49696686887541
1365,2,3,pitch_jump,1.0,0.028669255997446873,26.20257936174352,45.49696686887541
1365,2,5,pitch_jump,1.0,0.044875823331312965,19.992443295054905,45.49696686887541
1365,2,6,pitch_jump,1.0,0.022120541544811367,27.11178986547976,45.49696686887541
1365,2,9,pitch_jump,1.0,0.037148858911533335,13.003889946905785,45.49696686887541
1365,2,15,pitch_jump,1.0,0.0980191747233192,36.82929073247932,45.49696686887541
1366,2,3,pitch_jump,1.0,0.01965845356200993,20.688029102211715,45.53029798013466
1366,2,5,pitch_jump,1.0,0.030164578078666366,15.35946484812252,45.53029798013466
1366,2,6,pitch_jump,1.0,0.05601718906871321,27.340903055179187,45.53029798013466
1366,2,7,pitch_jump,1.0,0.06083935350756243,16.392022488465134,45.53029798013466
1366,2,15,pitch_jump,1.0,0.04928868230801618,31.674738127728215,45.53029798013466
1368,2,2,pitch_jump,1.0,0.025947930996104866,25.148394179958853,45.59696020265316
1368,2,3,pitch_jump,1.0,0.023209871804757858,12.552429568342994,45.59696020265316
1368,2,4,pitch_jump,1.0,0.037091174845103124,12.190138251830131,45.59696020265316
1368,2,5,pitch_jump,1.0,0.0016634542713841252,16.749735639757706,45.59696020265316
1368,2,6,pitch_jump,1.0,0.027569411328743805,14.800327581688277,45.59696020265316
1368,2,8,pitch_jump,1.0,0.037639850100112296,13.46111308952548,45.59696020265316
1368,2,10,pitch_jump,1.0,0.06626781895182073,17.15120897166368,45.59696020265316
1368,2,20,pitch_jump,1.0,0.05249458902587499,16.448521741002057,45.59696020265316
1369,2,2,pitch_jump,1.0,0.011541287764091673,19.03748243251038,45.63029131391241
1369,2,6,pitch_jump,1.0,0.020060697606250243,15.994108076891928,45.63029131391241
1369,2,8,pitch_jump,1.0,0.0465129576840923,12.556957440606837,45.63029131391241
1369,2,15,pitch_jump,1.0,0.06316538755319254,14.172202721783236,45.63029131391241
1370,2,2,pitch_jump,1.0,0.03061237867058361,13.891496210882595,45.66362242517166
1370,2,3,pitch_jump,1.0,0.050502245020535234,20.039409506647186,45.66362242517166
1370,2,5,pitch_jump,1.0,0.011610652306927656,19.72313268398112,45.66362242517166
1370,2,6,pitch_jump,1.0,0.025571031396747768,33.02474920487227,45.66362242517166
1370,2,16,pitch_jump,1.0,0.014771525117576574,12.110635066896457,45.66362242517166
1371,2,2,pitch_jump,1.0,0.022404583375129173,23.51303123923225,45.696953536430904
1371,2,3,pitch_jump,1.0,0.012314978447052774,23.914483803639882,45.696953536430904
1371,2,4,pitch_jump,1.0,0.006209182612054871,12.96250253758686,45.696953536430904
1371,2,5,pitch_jump,1.0,0.04307197320128528,22.276238859872976,45.696953536430904
1371,2,6,pitch_jump,1.0,0.018576655828753154,24.191762891774317,45.696953536430904
1371,2,9,pitch_jump,1.0,0.009795378392405654,12.327371414019096,45.696953536430904
1371,2,16,pitch_jump,1.0,0.021256341328571206,12.04223406199093,45.696953536430904
1371,2,20,pitch_jump,1.0,0.04929933316961622,12.752613160410485,45.696953536430904
1372,2,2,pitch_jump,1.0,0.03496404310998775,14.999428628556178,45.730284647690155
1372,2,5,pitch_jump,1.0,0.04032412185146569,17.617961574796237,45.730284647690155
1372,2,6,pitch_jump,1.0,0.007020148136207114,19.793477615771916,45.730284647690155
1372,2,16,pitch_jump,1.0,0.05660852420203342,15.960006266684667,45.730284647690155
1374,2,3,pitch_jump,1.0,0.01216462880972557,20.706569210289405,45.79694687020866
1374,2,4,pitch_jump,1.0,0.04803428400915982,17.78143573067309,45.79694687020866
1374,2,5,pitch_jump,1.0,0.03179287758206636,26.522749086345875,45.79694687020866
1374,2,6,pitch_jump,1.0,0.014334652769582026,25.91762002256976,45.79694687020866
1374,2,9,pitch_jump,1.0,0.03294979353915767,16.647497824058412,45.79694687020866
1375,2,3,pitch_jump,1.0,0.013502634761589385,26.727174119579654,45.8302779814679
1375,2,4,pitch_jump,1.0,0.03958134709273119,16.411087120035024,45.8302779814679
1375,2,5,pitch_jump,1.0,0.04972190974720189,38.10156396900578,45.8302779814679
1375,2,6,pitch_jump,1.0,0.021305316264917076,30.631619824801714,45.8302779814679
1375,2,7,pitch_jump,1.0,0.06287466090251818,30.862209249472503,45.8302779814679
1375,2,11,pitch_jump,1.0,0.053054574538192095,13.939865176814294,45.8302779814679
1375,2,16,pitch_jump,1.0,0.025275106399275212,17.330714156866165,45.8302779814679
1377,2,3,pitch_jump,1.0,0.013442528635891541,34.60753178308368,45.896940203986404
1377,2,5,pitch_jump,1.0,0.042541363555466644,28.326646105768862,45.896940203986404
1377,2,6,pitch_jump,1.0,0.04441608835218976,51.2878639336008,45.896940203986404
1378,2,3,pitch_jump,1.0,0.017164395847040454,19.55111403184122,45.930271315245655
1378,2,5,pitch_jump,1.0,0.04016627100378997,30.87367109058497,45.930271315245655
1378,2,6,pitch_jump,1.0,0.05035970791202613,26.318827167611683,45.930271315245655
1378,2,7,pitch_jump,1.0,0.04728832820919291,12.771924135215693,45.930271315245655
1378,2,9,pitch_jump,1.0,0.021326274108870894,19.196405874422172,45.930271315245655
1380,2,6,pitch_jump,1.0,0.07091799609784795,16.60793182132138,45.99693353776415
1383,2,3,pitch_jump,1.0,0.03359813696362503,13.424288650959904,46.096926871541896
1385,2,6,pitch_jump,1.0,0.036762758331717195,14.57646041596547,46.1635890940604
1386,2,6,pitch_jump,1.0,0.06554645616301734,23.54493229758415,46.19692020531965
1387,2,6,pitch_jump,1.0,0.046969790135197864,16.54548853813617,46.230251316578894
1389,2,16,pitch_jump,1.0,0.06534241416029152,26.983322068840074,46.296913539097396
1389,2,22,pitch_jump,1.0,0.16693877501507728,46.316231397235505,46.296913539097396
1390,2,6,pitch_jump,1.0,0.03729940995964423,12.264177473308813,46.33024465035665
1390,2,22,pitch_jump,1.0,0.10304046527017774,15.56514789415834,46.33024465035665
1391,2,3,pitch_jump,1.0,0.05512173133395562,13.188254619098958,46.36357576161589
1392,2,22,pitch_jump,1.0,0.16156110665198395,53.9341306747275,46.39690687287514
1414,2,10,pitch_jump,1.0,0.028353369316045658,13.043571089227807,47.13019132057863
1414,2,22,pitch_jump,1.0,0.015979869916778477,12.00341865059093,47.13019132057863
1416,2,9,pitch_jump,1.0,0.014102606977802872,15.093881414074144,47.19685354309713
1416,2,14,pitch_jump,1.0,0.02045937603678073,17.684603942662562,47.19685354309713
1417,2,7,pitch_jump,1.0,0.005913456201634135,13.21196219563392,47.23018465435638
1418,2,3,pitch_jump,1.0,0.0346131782322195,14.212984477311657,47.26351576561563
1420,2,3,pitch_jump,1.0,0.02745609988971033,13.846636649534442,47.330177988134125
1421,2,6,pitch_jump,1.0,0.027643797379704866,16.51518089913759,47.363509099393376
1425,2,5,pitch_jump,1.0,0.0051766862239516,14.110617898436729,47.49683354443037
1425,2,6,pitch_jump,1.0,0.021305612731960785,14.425356541088375,47.49683354443037
1425,2,7,pitch_jump,1.0,0.03698235007092487,14.773711328619378,47.49683354443037
1425,2,16,pitch_jump,1.0,0.019393131485845986,12.27048687668308,47.49683354443037
1425,2,22,pitch_jump,1.0,0.025569343725109345,14.994793614627314,47.49683354443037
1426,2,6,pitch_jump,1.0,0.04619778139617476,16.347975832802053,47.530164655689624
1426,2,7,pitch_jump,1.0,0.022328173159097832,13.667119398959212,47.530164655689624
1426,2,10,pitch_jump,1.0,0.013840348734715607,13.706254529664289,47.530164655689624
1426,2,11,pitch_jump,1.0,0.01847852655749112,12.072429163238708,47.530164655689624
1426,2,16,pitch_jump,1.0,0.0727070833118011,15.885146535186458,47.530164655689624
1426,2,20,pitch_jump,1.0,0.004075619858221646,14.578944506755073,47.530164655689624
1428,2,3,pitch_jump,1.0,0.019246120993808197,18.54089586102066,47.59682687820812
1428,2,5,pitch_jump,1.0,0.012727122437621217,13.81926208669793,47.59682687820812
1428,2,6,pitch_jump,1.0,0.02890699793351092,16.996138828207563,47.59682687820812
1428,2,16,pitch_jump,1.0,0.006000030753058381,12.081352883382301,47.59682687820812
1428,2,22,pitch_jump,1.0,0.02670049656623472,18.661834362563297,47.59682687820812
1430,2,3,pitch_jump,1.0,0.008903952182178659,14.905712492717386,47.66348910072662
1430,2,6,pitch_jump,1.0,0.013789348270625687,12.842195235374996,47.66348910072662
1430,2,16,pitch_jump,1.0,0.005242138594864413,14.289332618563243,47.66348910072662
1430,2,22,pitch_jump,1.0,0.017680189844879384,13.653359004585091,47.66348910072662
1431,2,14,pitch_jump,1.0,0.019537257881231427,12.655011663874683,47.696820211985866
1432,2,5,pitch_jump,1.0,0.00852279600437277,16.623181582792796,47.73015132324512
1432,2,6,pitch_jump,1.0,0.020540234463316168,20.62602728498738,47.73015132324512
1432,2,22,pitch_jump,1.0,0.03768412048712055,16.05965429957399,47.73015132324512
1434,2,6,pitch_jump,1.0,0.02426884132985031,13.005375116894136,47.79681354576362
1434,2,7,pitch_jump,1.0,0.016859675271110923,18.050641737557694,47.79681354576362
1434,2,8,pitch_jump,1.0,0.003601245948964686,15.927732991454748,47.79681354576362
1434,2,10,pitch_jump,1.0,0.025206884916542303,19.80642593484966,47.79681354576362
1434,2,11,pitch_jump,1.0,0.039767356808885226,15.338554274829372,47.79681354576362
1434,2,16,pitch_jump,1.0,0.01299309402671265,17.44456694630998,47.79681354576362
1434,2,20,pitch_jump,1.0,0.04237150592446285,16.909445158636043,47.79681354576362
1434,2,21,pitch_jump,1.0,0.005065233588555245,14.112631261470572,47.79681354576362
1435,2,3,pitch_jump,1.0,0.03159955843117993,17.803974845585543,47.83014465702286
1435,2,7,pitch_jump,1.0,0.025684581768204637,13.467860978245842,47.83014465702286
1435,2,16,pitch_jump,1.0,0.011926720053262244,18.865122660439962,47.83014465702286
1435,2,22,pitch_jump,1.0,0.04126979661911803,19.208085233482734,47.83014465702286
1436,2,3,pitch_jump,1.0,0.01075210469840891,19.373210195732227,47.863475768282115
1436,2,7,pitch_jump,1.0,0.027507676649338956,17.48830141403339,47.863475768282115
1436,2,10,pitch_jump,1.0,0.005651128175232084,12.73697176497736,47.863475768282115
1436,2,11,pitch_jump,1.0,0.011114670743568547,14.613082911314354,47.863475768282115
1436,2,16,pitch_jump,1.0,0.0038636960619339027,15.333870884131128,47.863475768282115
1436,2,22,pitch_jump,1.0,0.03784969821884499,25.31425798765613,47.863475768282115
1439,2,7,pitch_jump,1.0,0.014657376695459674,12.944662781808134,47.96346910205986
1439,2,22,pitch_jump,1.0,0.03254592462132804,13.182529458921088,47.96346910205986
1440,2,6,pitch_jump,1.0,0.028411952671680347,13.850044579623422,47.99680021331911
1440,2,10,pitch_jump,1.0,0.03519933671616666,14.449459863523193,47.99680021331911
1440,2,11,pitch_jump,1.0,0.03819154510030846,12.28266272889449,47.99680021331911
1440,2,22,pitch_jump,1.0,0.05785601360796155,23.235181122967507,47.99680021331911
1441,2,22,pitch_jump,1.0,0.04908453856599755,13.00946056707856,48.03013132457836
1444,2,3,pitch_jump,1.0,0.030141750967750715,13.62965292759462,48.13012465835611
1446,2,7,pitch_jump,1.0,0.03782074615783542,12.003972247641741,48.19678688087461
1446,2,10,pitch_jump,1.0,0.013501533421935785,12.45902077474108,48.19678688087461
1447,2,6,pitch_jump,1.0,0.04819188584151016,16.907575888334563,48.23011799213386
1447,2,9,pitch_jump,1.0,0.02974650106041723,12.930184112380827,48.23011799213386
1447,2,22,pitch_jump,1.0,0.03882964842480369,17.30812968591061,48.23011799213386
1448,2,6,pitch_jump,1.0,0.020880261304765904,17.443208888237365,48.26344910339311
1450,2,9,pitch_jump,1.0,0.015999994800356455,15.179861972290631,48.33011132591161
1450,2,14,pitch_jump,1.0,0.010565510401214553,15.172407268410462,48.33011132591161
1453,2,3,pitch_jump,1.0,0.027449464436633545,12.519236779438627,48.430104659689356
1453,2,7,pitch_jump,1.0,0.08014222666153101,12.124826549775687,48.430104659689356
1453,2,16,pitch_jump,1.0,0.041023084324303016,14.628457646180577,48.430104659689356
1454,2,16,pitch_jump,1.0,0.034430077036450436,14.997575357190296,48.46343577094861
1458,2,3,pitch_jump,1.0,0.018770870167577045,15.394902138803355,48.596760215985604
1458,2,22,pitch_jump,1.0,0.047824525720719185,12.525465972762442,48.596760215985604
1459,2,7,pitch_jump,1.0,0.04401708234924851,18.206865336811294,48.630091327244855
1459,2,22,pitch_jump,1.0,0.16966354307380335,18.34307754707634,48.630091327244855
1461,2,3,pitch_jump,1.0,0.017231990146637056,15.614157848316877,48.69675354976335
1461,2,16,pitch_jump,1.0,0.04240051175424929,13.474516244059952,48.69675354976335
1461,2,22,pitch_jump,1.0,0.12990219824362298,18.61566554596742,48.69675354976335
1463,2,7,pitch_jump,1.0,0.06176529087151906,12.455421638039132,48.76341577228185
1465,2,3,pitch_jump,1.0,0.03451557650620465,12.945398589515584,48.83007799480035
1465,2,14,pitch_jump,1.0,0.1682593715408558,18.74694083162149,48.83007799480035
1467,2,14,pitch_jump,1.0,0.1521876696154767,17.776676279785836,48.89674021731885
1468,2,3,pitch_jump,1.0,0.04804046158877898,13.673018265031455,48.930071328578094
1469,2,14,pitch_jump,1.0,0.16591436076513777,29.82249736823484,48.963402439837346
1470,2,3,pitch_jump,1.0,0.033314236050748146,16.259536782993766,48.9967335510966
1470,2,7,pitch_jump,1.0,0.09915370136260357,13.405291701035207,48.9967335510966
1471,2,7,pitch_jump,1.0,0.07923827641623796,18.618385416618775,49.03006466235585
1473,2,3,pitch_jump,1.0,0.04044483251493072,13.643500957987765,49.09672688487434
1473,2,10,pitch_jump,1.0,0.048922998596831364,19.381429964686053,49.09672688487434
1473,2,22,pitch_jump,1.0,0.17562720328098796,13.77470873551232,49.09672688487434
1475,2,22,pitch_jump,1.0,0.15686790948634985,16.753129824829752,49.163389107392845
1477,2,22,pitch_jump,1.0,0.21299258630324705,24.68923280104093,49.23005132991134
1478,2,7,pitch_jump,1.0,0.05034065565450149,12.596164463057066,49.26338244117059
1478,2,22,pitch_jump,1.0,0.2342259683455474,26.50141274910314,49.26338244117059
1480,2,3,pitch_jump,1.0,0.036850788003924245,13.979863719062495,49.33004466368909
1480,2,7,pitch_jump,1.0,0.07746300242713866,14.255170488767858,49.33004466368909
1480,2,16,pitch_jump,1.0,0.06148651942837416,14.953768966508886,49.33004466368909
1481,2,22,pitch_jump,1.0,0.3329275264853863,34.382390371895944,49.36337577494834
1482,2,5,pitch_jump,1.0,0.08016067902902647,14.251412979442325,49.39670688620759
1482,2,22,pitch_jump,1.0,0.3101957842907398,23.08111027099279,49.39670688620759
1485,2,5,pitch_jump,1.0,0.061583547806086804,12.059932404119206,49.496700219985335
1485,2,16,pitch_jump,1.0,0.026584167858019817,13.385531855602055,49.496700219985335
1485,2,22,pitch_jump,1.0,0.045283198028144685,19.220926636964315,49.496700219985335
1486,2,22,pitch_jump,1.0,0.3873171667994099,25.839498438322735,49.53003133124459
1488,2,3,pitch_jump,1.0,0.02610225725545422,12.746753816829314,49.59669355376308
1488,2,10,pitch_jump,1.0,0.04006277348486129,12.767403127349144,49.59669355376308
1488,2,14,pitch_jump,1.0,0.025233289666519956,14.869882969965019,49.59669355376308
1488,2,16,pitch_jump,1.0,0.026626812964246845,13.552326661223693,49.59669355376308
1488,2,22,pitch_jump,1.0,0.26093500498450667,27.603964606843185,49.59669355376308
1489,2,16,pitch_jump,1.0,0.04662357224948561,23.54788791871899,49.63002466502233
1491,2,3,pitch_jump,1.0,0.029282916199056565,15.483863878074047,49.696686887540835
1491,2,7,pitch_jump,1.0,0.06601603433881642,12.062896055624334,49.696686887540835
1492,2,16,pitch_jump,3.0,0.03368813644524649,12.694173572813275,49.73001799880008
1495,2,5,pitch_jump,1.0,0.05790850843291436,12.628443996598287,49.83001133257783
1495,2,9,pitch_jump,1.0,0.043995475485116294,14.973524143202981,49.83001133257783
1495,2,22,pitch_jump,1.0,0.09449989136774463,14.712809764324819,49.83001133257783
1496,2,2,pitch_jump,1.0,0.06573403244674438,17.029181849056013,49.86334244383708
1496,2,16,pitch_jump,1.0,0.0647119793133558,35.76984567065972,49.86334244383708
1497,2,2,pitch_jump,1.0,0.07007822477066136,16.286748476747963,49.89667355509633
1497,2,7,pitch_jump,1.0,0.06976126061143267,21.85692507458582,49.89667355509633
1498,2,2,pitch_jump,1.0,0.07334404623651823,23.46562555148518,49.93000466635558
1498,2,3,pitch_jump,1.0,0.008683475062039253,18.997688850905337,49.93000466635558
1498,2,5,pitch_jump,1.0,0.033290766549328284,16.68982667261915,49.93000466635558
1498,2,7,pitch_jump,1.0,0.048075581923062695,13.836416400109782,49.93000466635558
1498,2,16,pitch_jump,1.0,0.005367194158034678,14.564650683866676,49.93000466635558
1498,2,22,pitch_jump,1.0,0.03629777584054755,17.98516730352949,49.93000466635558
1499,2,2,pitch_jump,1.0,0.05372239685483404,13.809030490693642,49.96333577761483
1500,2,2,pitch_jump,1.0,0.03839812302470464,20.06508979587333,49.996666888874074
1500,2,7,pitch_jump,1.0,0.05838912101527199,14.345764528835774,49.996666888874074
1501,2,2,pitch_jump,1.0,0.05878806066091975,16.957815823616706,50.029998000133325
1501,2,3,pitch_jump,1.0,0.02084933444227825,14.976290965938018,50.029998000133325
1501,2,7,pitch_jump,1.0,0.0982707975823138,15.722087019107041,50.029998000133325
1502,2,22,pitch_jump,1.0,0.029072362127194,16.414961658824055,50.06332911139258
1506,2,22,pitch_jump,1.0,0.07483805972093778,21.12742284838856,50.196653556429574
1507,2,3,pitch_jump,1.0,0.012502400956611613,17.670837128097155,50.229984667688825
1507,2,9,pitch_jump,1.0,0.03586684407469698,12.363785195258384,50.229984667688825
1507,2,16,pitch_jump,1.0,0.03234834969518936,13.33951073996941,50.229984667688825
1507,2,22,pitch_jump,1.0,0.06093757155202827,15.89946818733743,50.229984667688825
1508,2,7,pitch_jump,1.0,0.07970077219563156,30.91037744295964,50.26331577894807
1509,2,7,pitch_jump,1.0,0.07010592257765198,18.986560858672526,50.29664689020732
1509,2,10,pitch_jump,1.0,0.05060084120937268,14.474759085009417,50.29664689020732
1509,2,11,pitch_jump,1.0,0.025738538993766352,15.735653120256655,50.29664689020732
1509,2,16,pitch_jump,1.0,0.051893410799821786,17.565145403997775,50.29664689020732
1509,2,20,pitch_jump,1.0,0.06576491994665505,15.9956705202263,50.29664689020732
1509,2,21,pitch_jump,1.0,0.046489480108120804,13.677348453321555,50.29664689020732
1509,2,22,pitch_jump,1.0,0.03756904686375069,12.387642954444194,50.29664689020732
1510,2,5,pitch_jump,1.0,0.04142453643836181,12.509845567457544,50.32997800146657
1510,2,7,pitch_jump,1.0,0.06429092241535521,12.906090481815406,50.32997800146657
1510,2,16,pitch_jump,1.0,0.033277915024348924,12.381575970512943,50.32997800146657
1510,2,22,pitch_jump,1.0,0.03953292286961333,19.921029021421774,50.32997800146657
1511,2,22,pitch_jump,1.0,0.017410790411765742,15.156061460367907,50.36330911272582
1513,2,7,pitch_jump,1.0,0.07488929944198137,14.809680796824583,50.42997133524432
1513,2,9,pitch_jump,1.0,0.04585524095097692,12.242268584995339,50.42997133524432
1515,2,4,pitch_jump,1.0,0.010340220527623838,13.015943043267104,50.49663355776282
1515,2,9,pitch_jump,1.0,0.030118247567084682,13.119119778010973,50.49663355776282
1516,2,3,pitch_jump,1.0,0.02388364191708008,22.161426181780467,50.529964669022064
1516,2,7,pitch_jump,1.0,0.05777690094941868,12.587765694024263,50.529964669022064
1516,2,22,pitch_jump,1.0,0.014778624773697369,17.938983826589048,50.529964669022064
1517,2,9,pitch_jump,1.0,0.01610140015437374,15.020800679369934,50.563295780281315
1517,2,14,pitch_jump,1.0,0.02083413301740695,14.468613710975424,50.563295780281315
1517,2,16,pitch_jump,1.0,0.04811387733693474,14.576403750112666,50.563295780281315
1518,2,22,pitch_jump,1.0,0.021185626588171847,15.035948792053441,50.596626891540566
1519,2,2,pitch_jump,1.0,0.04582083486933737,17.426630342006042,50.62995800279982
1519,2,3,pitch_jump,1.0,0.008477567633354619,19.210359970193704,50.62995800279982
1519,2,4,pitch_jump,1.0,0.010677576675274088,12.39687430944906,50.62995800279982
1519,2,5,pitch_jump,1.0,0.03270033168706975,12.434362061798971,50.62995800279982
1519,2,9,pitch_jump,1.0,0.01316394200485545,17.28197400873085,50.62995800279982
1519,2,14,pitch_jump,1.0,0.025080496622002544,13.532756800527574,50.62995800279982
1519,2,16,pitch_jump,1.0,0.014101875049948497,21.964838093304227,50.62995800279982
1519,2,22,pitch_jump,1.0,0.020308276150569925,20.525159579837172,50.62995800279982
1520,2,2,pitch_jump,1.0,0.06307694403795017,14.749468601611289,50.66328911405906
1521,2,11,pitch_jump,1.0,0.01677131846593258,13.572566032705035,50.69662022531831
1521,2,16,pitch_jump,1.0,0.01816613453839595,14.728507578778855,50.69662022531831
1527,2,2,pitch_jump,1.0,0.024143810783063917,15.238710212766794,50.89660689287381
1527,2,22,pitch_jump,1.0,0.02624197732421533,12.076520364036632,50.89660689287381
1531,2,2,pitch_jump,1.0,0.0038200709130410977,12.760609102231385,51.02993133791081
1531,2,6,pitch_jump,1.0,0.08388092869850805,21.58300830247732,51.02993133791081
1531,2,7,pitch_jump,1.0,0.06673938494614827,13.459221167725302,51.02993133791081
1531,2,8,pitch_jump,1.0,0.011815383199162555,18.419016727612725,51.02993133791081
1531,2,14,pitch_jump,1.0,0.023047121840222982,15.185921939670878,51.02993133791081
1531,2,16,pitch_jump,1.0,0.015471913268045,15.043098243041241,51.02993133791081
1531,2,18,pitch_jump,1.0,0.03154528475997297,13.974249352300447,51.02993133791081
1531,2,22,pitch_jump,1.0,0.015677782799443825,17.215896370853088,51.02993133791081
1533,2,6,pitch_jump,1.0,0.013969645830016517,15.088019490517288,51.096593560429305
1533,2,7,pitch_jump,1.0,0.026436401408325903,20.19954237082033,51.096593560429305
1533,2,11,pitch_jump,1.0,0.01288589800833442,12.110168954317864,51.096593560429305
1533,2,16,pitch_jump,1.0,0.02272401207444684,13.902584192867819,51.096593560429305
1533,2,20,pitch_jump,1.0,0.016832254613498174,12.1380516191525,51.096593560429305
1533,2,22,pitch_jump,1.0,0.04070612027499535,18.13751747561717,51.096593560429305
1536,2,22,pitch_jump,1.0,0.08274388216680792,28.337488018533364,51.19658689420705
1537,2,22,pitch_jump,1.0,0.05442115111338461,19.309193743560144,51.2299180054663
1543,2,22,pitch_jump,1.0,0.04429704972369075,14.910644329321766,51.4299046730218
1561,2,3,pitch_jump,1.0,0.01709720816447066,16.495442192745106,52.02986467568829
1561,2,4,pitch_jump,1.0,0.018144875067121865,13.268534712188819,52.02986467568829
1561,2,5,pitch_jump,1.0,0.016085304537718285,13.850869408738237,52.02986467568829
1561,2,6,pitch_jump,1.0,0.023478001508766087,16.0848968055974,52.02986467568829
1561,2,7,pitch_jump,1.0,0.03322340994645732,19.521621756276367,52.02986467568829
1561,2,11,pitch_jump,1.0,0.11107978922180028,42.11195090819142,52.02986467568829
1561,2,14,pitch_jump,1.0,0.0017698745356021725,16.118260665846883,52.02986467568829
1561,2,16,pitch_jump,1.0,0.026198261728430382,15.06989680968062,52.02986467568829
1561,2,21,pitch_jump,1.0,0.009848593076933473,15.764206371146955,52.02986467568829
1561,2,22,pitch_jump,1.0,0.041919294833678365,14.830112020129466,52.02986467568829
1562,2,11,pitch_jump,1.0,0.041237559526925774,13.356992796644708,52.06319578694754
1563,2,3,pitch_jump,1.0,0.030079815626466444,16.859915988447867,52.09652689820679
1563,2,6,pitch_jump,1.0,0.009798258495176505,16.4175242137639,52.09652689820679
1563,2,14,pitch_jump,1.0,0.012334716307651,17.874799535094564,52.09652689820679
1563,2,16,pitch_jump,1.0,0.02181105281110237,13.163129026631044,52.09652689820679
1563,2,22,pitch_jump,1.0,0.040099882177612824,12.401298139243528,52.09652689820679
1564,2,14,pitch_jump,1.0,0.005556337824752956,12.218637490538365,52.12985800946604
1566,2,7,pitch_jump,1.0,0.07871785402326494,35.715504616095316,52.196520231984536
1568,2,7,pitch_jump,1.0,0.026643048330441704,20.25611757213643,52.26318245450304
1568,2,15,pitch_jump,1.0,0.09898498391850986,29.297529214790945,52.26318245450304
1569,2,15,pitch_jump,1.0,0.13486198652426387,25.732222628121047,52.29651356576228
1569,2,19,pitch_jump,1.0,0.0073950441561159725,12.373014951797522,52.29651356576228
1570,2,6,pitch_jump,1.0,0.018063619908160786,15.447191739817953,52.32984467702153
1570,2,7,pitch_jump,1.0,0.05780247889526309,25.363754715854668,52.32984467702153
1570,2,14,pitch_jump,1.0,0.0035263122490929067,15.270858832748209,52.32984467702153
1570,2,15,pitch_jump,1.0,0.05252047870967501,20.910400408597972,52.32984467702153
1572,2,3,pitch_jump,1.0,0.016353357644622115,15.007639654382773,52.396506899540036
1572,2,7,pitch_jump,1.0,0.025583463889345442,18.739454275993573,52.396506899540036
1572,2,11,pitch_jump,1.0,0.1502360747846702,42.304394966133295,52.396506899540036
1572,2,22,pitch_jump,1.0,0.0397076421663842,13.719862563776594,52.396506899540036
1573,2,3,pitch_jump,1.0,0.005427426153240421,16.19102824849199,52.42983801079928
1573,2,5,pitch_jump,1.0,0.004054188537455942,17.580871033607185,52.42983801079928
1573,2,6,pitch_jump,1.0,0.04195199110865622,16.78816040420083,52.42983801079928
1573,2,10,pitch_jump,1.0,0.02153253097788829,13.065031863701282,52.42983801079928
1573,2,11,pitch_jump,1.0,0.10555412696112405,45.813845261952295,52.42983801079928
1573,2,16,pitch_jump,1.0,0.03319539147804676,19.885211474373023,52.42983801079928
1573,2,21,pitch_jump,1.0,0.020323891298201634,19.037914294680483,52.42983801079928
1574,2,6,pitch_jump,1.0,0.0660164839462035,13.331186477756983,52.46316912205853
1574,2,11,pitch_jump,1.0,0.03917041020170997,13.305968458705848,52.46316912205853
1575,2,6,pitch_jump,1.0,0.05193346138109357,24.128142024333314,52.49650023331778
1575,2,15,pitch_jump,1.0,0.05035515958160127,14.817566416519849,52.49650023331778
1575,2,22,pitch_jump,1.0,0.05225848936346129,12.468696638108687,52.49650023331778
1576,2,14,pitch_jump,1.0,0.007244307398323199,13.128851246932873,52.52983134457703
1578,2,22,pitch_jump,1.0,0.06871282911044325,14.093867353541171,52.59649356709553
1580,2,22,pitch_jump,1.0,0.055716254497155414,13.670826963694028,52.66315578961403
1581,2,22,pitch_jump,1.0,0.07931482067801231,14.246804927848926,52.696486900873275
1582,2,6,pitch_jump,1.0,0.09244328725002071,31.61600358517754,52.729818012132526
1584,2,6,pitch_jump,1.0,0.039111875997821406,18.21670672854989,52.79648023465103
1585,2,15,pitch_jump,1.0,0.16332164481135447,36.598376016630546,52.82981134591027
1586,2,15,pitch_jump,1.0,0.046265317791937176,14.432591613484828,52.86314245716952
1587,2,6,pitch_jump,1.0,0.02061537092823413,16.46762574965206,52.896473568428775
1587,2,15,pitch_jump,1.0,0.10189652111687376,21.09919323053791,52.896473568428775
1587,2,22,pitch_jump,1.0,0.028389709323050398,13.041755522426477,52.896473568428775
1588,2,4,pitch_jump,1.0,0.028465392437698765,13.074881665302044,52.929804679688026
1588,2,5,pitch_jump,1.0,0.018664644864883326,12.928570704304759,52.929804679688026
1588,2,22,pitch_jump,1.0,0.04461192712706268,12.257796795078875,52.929804679688026
1589,2,2,pitch_jump,1.0,0.01140779084610546,12.72583093624753,52.96313579094727
1590,2,6,pitch_jump,1.0,0.049249427413746466,12.900865483311602,52.99646690220652
1590,2,15,pitch_jump,1.0,0.06006826635144954,21.290150443098575,52.99646690220652
1590,2,21,pitch_jump,1.0,0.037427317003552105,14.953602470532338,52.99646690220652
1590,2,22,pitch_jump,1.0,0.07279482863719773,13.618736897334324,52.99646690220652
1591,2,14,pitch_jump,1.0,0.02148396687614633,14.671493325491873,53.02979801346577
1591,2,22,pitch_jump,1.0,0.06424472943743915,23.2130528856161,53.02979801346577
1592,2,22,pitch_jump,1.0,0.07273966052209922,13.920832634935657,53.06312912472502
1594,2,3,pitch_jump,1.0,0.119570066712746,29.121095221973007,53.12979134724352
1594,2,14,pitch_jump,1.0,0.024469527702293863,13.345878323527241,53.12979134724352
1595,2,6,pitch_jump,1.0,0.044132405787918404,22.842174826365568,53.16312245850277
1595,2,14,pitch_jump,1.0,0.006187627915687703,16.86696146164781,53.16312245850277
1595,2,22,pitch_jump,1.0,0.00016299651824979442,12.687544237191661,53.16312245850277
1596,2,3,pitch_jump,1.0,0.08792617311872276,14.857809481890813,53.19645356976202
1596,2,5,pitch_jump,1.0,0.055470432946610394,17.18036745809193,53.19645356976202
1597,2,3,pitch_jump,1.0,0.08726055995271753,12.768377862631072,53.229784681021265
1597,2,5,pitch_jump,1.0,0.022192000415072497,20.58319653011475,53.229784681021265
1597,2,11,pitch_jump,1.0,0.056091494484951585,12.13467767928489,53.229784681021265
1598,2,7,pitch_jump,1.0,0.03196907813562026,16.555927417998106,53.263115792280516
1599,2,6,pitch_jump,1.0,0.06368499768352992,32.359219139759546,53.29644690353977
1599,2,14,pitch_jump,1.0,0.01654518126389201,14.863934940404297,53.29644690353977
1600,2,3,pitch_jump,1.0,0.08404065198593548,13.467078960283622,53.32977801479902
1600,2,6,pitch_jump,1.0,0.03534231197872396,23.039855663087,53.32977801479902
1600,2,7,pitch_jump,1.0,0.036936793708056706,18.73641879389811,53.32977801479902
1600,2,16,pitch_jump,1.0,0.039585084267085784,14.733448136375635,53.32977801479902
1600,2,22,pitch_jump,1.0,0.05414625227873335,17.683695969356815,53.32977801479902
1601,2,6,pitch_jump,1.0,0.049941511475253046,15.383685737036956,53.36310912605826
1601,2,7,pitch_jump,1.0,0.024097378093378245,13.68014417244251,53.36310912605826
1601,2,16,pitch_jump,1.0,0.016654592480840502,12.487154440887757,53.36310912605826
1601,2,22,pitch_jump,1.0,0.06209249215057599,17.719586585188253,53.36310912605826
1602,2,5,pitch_jump,1.0,0.032083202653126086,14.418137110763215,53.39644023731751
1602,2,6,pitch_jump,1.0,0.05259682880120058,15.570917983378148,53.39644023731751
1603,2,5,pitch_jump,1.0,0.02630278956020336,16.924109656162415,53.429771348576764
1605,2,5,pitch_jump,1.0,0.029604278075218805,12.481022315693505,53.49643357109526
1605,2,14,pitch_jump,1.0,0.015918623123943543,15.228127531348946,53.49643357109526
1607,2,3,pitch_jump,1.0,0.03812833053309019,14.565595484367895,53.56309579361376
1607,2,7,pitch_jump,1.0,0.015639640158372693,13.724023374641686,53.56309579361376
1607,2,14,pitch_jump,1.0,0.006538870803422517,13.366627746585685,53.56309579361376
1607,2,16,pitch_jump,1.0,0.0180446839820778,13.57835132477143,53.56309579361376
1607,2,22,pitch_jump,1.0,0.036463347510105576,13.11180980219366,53.56309579361376
1608,2,3,pitch_jump,1.0,0.07504837285742784,13.739986441672178,53.59642690487301
1608,2,5,pitch_jump,1.0,0.044046703070761924,12.854619248284902,53.59642690487301
1608,2,6,pitch_jump,1.0,0.010339398186288675,15.534711150472113,53.59642690487301
1608,2,7,pitch_jump,1.0,0.04262646098556014,12.769891952526795,53.59642690487301
1608,2,22,pitch_jump,1.0,0.02919821123416999,16.51662304866219,53.59642690487301
1609,2,3,pitch_jump,1.0,0.08580029228720364,16.34700080615648,53.62975801613226
1609,2,5,pitch_jump,1.0,0.05478434639258504,13.274801904856165,53.62975801613226
1609,2,6,pitch_jump,1.0,0.012170363012951449,19.05082954247067,53.62975801613226
1609,2,7,pitch_jump,1.0,0.054442377488697055,14.709712035303689,53.62975801613226
1609,2,22,pitch_jump,1.0,0.051476810997277224,26.892945266866885,53.62975801613226
1611,2,22,pitch_jump,1.0,0.08241492423674782,14.812207228340544,53.69642023865076
1612,2,6,pitch_jump,1.0,0.04411131486463226,12.796802344936472,53.72975134991001
1612,2,22,pitch_jump,1.0,0.12036122276318988,15.788150635767188,53.72975134991001
1614,2,6,pitch_jump,1.0,0.05264193047147236,12.729517653313646,53.796413572428506
1614,2,22,pitch_jump,1.0,0.06115436303107735,12.101385517055462,53.796413572428506
1616,2,6,pitch_jump,1.0,0.06618596650421464,14.380874016293593,53.86307579494701
1617,2,6,pitch_jump,1.0,0.03364211442223465,12.888616633202052,53.89640690620625
1617,2,22,pitch_jump,1.0,0.12321303723358797,18.211636608084426,53.89640690620625
1619,2,11,pitch_jump,1.0,0.024605934626636454,12.003203471992382,53.963069128724754
1620,2,6,pitch_jump,1.0,0.0824600185619233,32.65328813570013,53.996400239984006
1621,2,6,pitch_jump,1.0,0.09384711607799802,21.44191147310956,54.02973135124325
1622,2,6,pitch_jump,1.0,0.08334555908891109,17.155156965952127,54.0630624625025
1623,2,4,pitch_jump,1.0,0.05024113983286031,14.375920790034822,54.09639357376175
1623,2,6,pitch_jump,1.0,0.11504212809532936,23.524078954150852,54.09639357376175
1623,2,8,pitch_jump,1.0,0.03354998988014619,12.830683074554074,54.09639357376175
1623,2,10,pitch_jump,1.0,0.04209979566470443,13.030635266294691,54.09639357376175
1623,2,18,pitch_jump,1.0,0.014108358240425656,13.481013051833703,54.09639357376175
1623,2,21,pitch_jump,1.0,0.011889934776140214,12.324231976658664,54.09639357376175
1624,2,3,pitch_jump,1.0,0.012345127651502781,12.685556283007186,54.129724685021
1624,2,6,pitch_jump,1.0,0.09676050843270728,23.678311539767744,54.129724685021
1624,2,7,pitch_jump,1.0,0.03052190397193584,17.38716970035875,54.129724685021
1624,2,16,pitch_jump,1.0,0.02646980299163461,14.15772325960855,54.129724685021
1624,2,22,pitch_jump,1.0,0.14114057706084232,21.98176950190808,54.129724685021
1629,2,6,pitch_jump,1.0,0.04260205722510524,24.55545096469402,54.296380241317244
1629,2,22,pitch_jump,1.0,0.10783922835674638,17.415785231596363,54.296380241317244
1630,2,3,pitch_jump,1.0,0.04291567345308116,13.306281443427272,54.329711352576496
1630,2,6,pitch_jump,1.0,0.06228756461523732,14.220744565665319,54.329711352576496
1630,2,22,pitch_jump,1.0,0.11973244761160899,13.599753840920727,54.329711352576496
1631,2,6,pitch_jump,1.0,0.03899581089455887,12.884442488097902,54.36304246383575
1631,2,22,pitch_jump,1.0,0.10288571270541993,15.257379777658558,54.36304246383575
1632,2,3,pitch_jump,1.0,0.03290029982966212,13.462738379296718,54.396373575095
1632,2,4,pitch_jump,1.0,0.04186991760554719,12.316609575508213,54.396373575095
1632,2,5,pitch_jump,1.0,0.019216093642161584,15.665413707776743,54.396373575095
1632,2,6,pitch_jump,1.0,0.02578629144720453,17.15178969911623,54.396373575095
1632,2,7,pitch_jump,1.0,0.013182271756886868,15.044013089996989,54.396373575095
1632,2,14,pitch_jump,1.0,0.03983206671213042,13.42932621252714,54.396373575095
1632,2,22,pitch_jump,1.0,0.14273408059953,23.049371744717284,54.396373575095
1633,2,3,pitch_jump,1.0,0.04597671678854481,15.702782570159897,54.42970468635424
1633,2,6,pitch_jump,1.0,0.03798703370835604,12.54913544732768,54.42970468635424
1633,2,7,pitch_jump,1.0,0.011482863097623398,16.239023392877737,54.42970468635424
1633,2,16,pitch_jump,1.0,0.010307726210730173,13.693018158933244,54.42970468635424
1633,2,19,pitch_jump,1.0,0.6486071468479682,208.10079435196485,54.42970468635424
1633,2,22,pitch_jump,1.0,0.1377053002597919,18.728570743853275,54.42970468635424
1635,2,4,pitch_jump,1.0,0.05424277985844058,13.260021891926737,54.496366908872744
1635,2,14,pitch_jump,1.0,0.027828298317769364,23.347413230813995,54.496366908872744
1636,2,19,pitch_jump,1.0,0.6528578161579311,221.25890289918135,54.529698020131995
1638,2,14,pitch_jump,1.0,0.028953479356010337,14.150540267932678,54.59636024265049
1639,2,22,pitch_jump,1.0,0.1159083297814315,16.21132754170349,54.62969135390974
1640,2,6,pitch_jump,1.0,0.025795085015977767,12.156624872815298,54.66302246516899
1641,2,6,pitch_jump,1.0,0.13520387768376876,68.78001979724411,54.69635357642824
1642,2,3,pitch_jump,1.0,0.03389302097793871,14.530567689314084,54.72968468768749
1642,2,6,pitch_jump,1.0,0.04160014879726167,15.0682626551836,54.72968468768749
1642,2,19,pitch_jump,1.0,0.6546262638346698,229.71394057954745,54.72968468768749
1643,2,6,pitch_jump,1.0,0.1107493126904686,48.46190411481402,54.76301579894674
1644,2,6,pitch_jump,1.0,0.08562925460121772,31.87516124222173,54.79634691020599
1644,2,19,pitch_jump,1.0,0.6453120912905652,220.22293866836895,54.79634691020599
1645,2,6,pitch_jump,1.0,0.2325762224377403,92.48157965172545,54.829678021465234
1645,2,7,pitch_jump,1.0,0.0301397300022856,16.285403262879456,54.829678021465234
1646,2,6,pitch_jump,1.0,0.17534321109242412,76.32478604685843,54.863009132724486
1647,2,6,pitch_jump,1.0,0.08074765503544051,36.890101618579884,54.89634024398374
1648,2,6,pitch_jump,1.0,0.07955410338222553,39.802730235022985,54.92967135524299
1649,2,6,pitch_jump,1.0,0.1261733382080524,58.228938118607786,54.96300246650223
1650,2,4,pitch_jump,1.0,0.060910244161248926,16.074956385048573,54.99633357776148
1650,2,5,pitch_jump,1.0,0.0369528945004391,12.952358287185154,54.99633357776148
1650,2,6,pitch_jump,1.0,0.11160065820691462,55.03038380616635,54.99633357776148
1650,2,7,pitch_jump,1.0,0.07660761114484774,17.577904573161216,54.99633357776148
1650,2,14,pitch_jump,1.0,0.059934953519211985,24.8410527511418,54.99633357776148
1650,2,16,pitch_jump,1.0,0.03215623044116578,13.156253646801021,54.99633357776148
1650,2,21,pitch_jump,1.0,0.02041515783697461,12.889645013173448,54.99633357776148
1650,2,22,pitch_jump,1.0,0.06237601686313725,13.75829497523114,54.99633357776148
1651,2,2,pitch_jump,1.0,0.02978981992468948,14.607048861260923,55.029664689020734
1651,2,7,pitch_jump,1.0,0.10153576266658923,16.610840221975963,55.029664689020734
1651,2,8,pitch_jump,1.0,0.04765910008896796,12.723263348626974,55.029664689020734
1651,2,10,pitch_jump,1.0,0.07245696410516791,12.65120957140019,55.029664689020734
1651,2,16,pitch_jump,1.0,0.05229961969189637,14.1496046629089,55.029664689020734
1653,2,3,pitch_jump,1.0,0.018920158672666224,19.894555271483227,55.09632691153923
1653,2,5,pitch_jump,1.0,0.06358365477422796,18.759515895724594,55.09632691153923
1653,2,6,pitch_jump,1.0,0.029173369277780286,18.62158915247954,55.09632691153923
1653,2,7,pitch_jump,1.0,0.08508359974009307,22.18043281249886,55.09632691153923
1653,2,16,pitch_jump,1.0,0.04328994486530784,15.345804291071252,55.09632691153923
1653,2,21,pitch_jump,1.0,0.02848656666111829,13.963864742929244,55.09632691153923
1653,2,22,pitch_jump,1.0,0.07655420865755046,18.435266400459415,55.09632691153923
1654,2,4,pitch_jump,1.0,0.07108339726434115,16.392978495451164,55.12965802279848
1655,2,6,pitch_jump,1.0,0.01968041987421546,13.325409180800138,55.16298913405773
1656,2,6,pitch_jump,1.0,0.0416573791417529,13.533192338335802,55.19632024531698
1656,2,7,pitch_jump,1.0,0.10030101584741531,12.083204132055538,55.19632024531698
1656,2,16,pitch_jump,1.0,0.06308532930503787,13.445787923205405,55.19632024531698
1657,2,19,pitch_jump,1.0,0.057276533840304275,13.235556920359803,55.22965135657623
1659,2,3,pitch_jump,1.0,0.02743119251386552,13.088766371751944,55.29631357909473
1659,2,5,pitch_jump,1.0,0.06598050435545486,14.020691320243492,55.29631357909473
1659,2,6,pitch_jump,1.0,0.15373203862678234,63.55705330892139,55.29631357909473
1659,2,7,pitch_jump,1.0,0.09203361524256233,16.04753902686792,55.29631357909473
1659,2,16,pitch_jump,1.0,0.06068036213135758,13.184755774755025,55.29631357909473
1660,2,3,pitch_jump,1.0,0.02133384412645976,19.063577092987963,55.32964469035398
1660,2,6,pitch_jump,1.0,0.03978547967412619,13.269902846590034,55.32964469035398
1660,2,7,pitch_jump,1.0,0.09231759107493108,14.948351528147924,55.32964469035398
1660,2,16,pitch_jump,1.0,0.07445652434122575,14.167431367519923,55.32964469035398
1660,2,19,pitch_jump,1.0,0.07003657108603618,13.473306756867427,55.32964469035398
1660,2,21,pitch_jump,1.0,0.02867195094016572,12.555822519261433,55.32964469035398
1662,2,2,pitch_jump,1.0,0.08766650132921089,13.241407187269738,55.396306912872475
1662,2,6,pitch_jump,1.0,0.04007517616404691,25.535017106243448,55.396306912872475
1662,2,15,pitch_jump,1.0,0.07701278246644833,12.245002254616097,55.396306912872475
1662,2,19,pitch_jump,1.0,0.0707830021259766,16.472170409611927,55.396306912872475
1664,2,3,pitch_jump,1.0,0.01498899081699541,30.291770270552284,55.46296913539098
1664,2,4,pitch_jump,1.0,0.02481104819460458,33.475832890042,55.46296913539098
1664,2,5,pitch_jump,1.0,0.01741414822939612,38.09328002180434,55.46296913539098
1664,2,6,pitch_jump,1.0,0.03194310800320742,42.371929048422714,55.46296913539098
1664,2,7,pitch_jump,1.0,0.045307708598067965,23.17341199520937,55.46296913539098
1664,2,10,pitch_jump,1.0,0.05928073054557652,18.25768341045806,55.46296913539098
1664,2,11,pitch_jump,1.0,0.023312633992559607,14.337736042593251,55.46296913539098
1664,2,14,pitch_jump,1.0,0.029741220358658747,16.021369085499803,55.46296913539098
1664,2,15,pitch_jump,1.0,0.03361192318859935,15.198105053224669,55.46296913539098
1664,2,16,pitch_jump,1.0,0.05011975753548334,20.81861474815015,55.46296913539098
1664,2,18,pitch_jump,1.0,0.02134718815265847,19.90767547805778,55.46296913539098
1664,2,20,pitch_jump,1.0,0.013786793028045396,16.503059852052534,55.46296913539098
1664,2,21,pitch_jump,1.0,0.021405687763224327,21.684612493689745,55.46296913539098
1664,2,22,pitch_jump,1.0,0.10325824260755123,31.998723553608464,55.46296913539098
1665,2,5,pitch_jump,1.0,0.057432351604425544,12.956297733127842,55.49630024665023
1665,2,22,pitch_jump,1.0,0.12941234524837847,21.91420565089319,55.49630024665023
1666,2,5,pitch_jump,1.0,0.05742605933958104,13.385455917564363,55.52963135790947
1666,2,6,pitch_jump,1.0,0.1332953279735223,32.255788000694544,55.52963135790947
1666,2,16,pitch_jump,1.0,0.17356851270715912,29.260772400718174,55.52963135790947
1667,2,16,pitch_jump,1.0,0.11200098898312127,19.258137138204322,55.562962469168724
1668,2,6,pitch_jump,1.0,0.0933213419670174,33.621132119722496,55.596293580427975
1669,2,2,pitch_jump,1.0,0.06602540160784702,19.024296580218838,55.629624691687226
1669,2,4,pitch_jump,1.0,0.056608370647429636,39.36924323981359,55.629624691687226
1669,2,5,pitch_jump,1.0,0.06232481436533471,17.609166167762684,55.629624691687226
1669,2,8,pitch_jump,1.0,0.060764896727014114,28.196860424801038,55.629624691687226
1669,2,10,pitch_jump,1.0,0.05688561535631813,16.571691999817897,55.629624691687226
1669,2,13,pitch_jump,1.0,0.05332782132996048,26.40476687209914,55.629624691687226
1669,2,14,pitch_jump,1.0,0.04168230114402233,34.12514190545216,55.629624691687226
1669,2,15,pitch_jump,1.0,0.0556624392352561,26.86477396740933,55.629624691687226
1669,2,18,pitch_jump,1.0,0.029087486341179976,26.544604945376225,55.629624691687226
1669,2,19,pitch_jump,1.0,0.06523797258138554,28.43609588420968,55.629624691687226
1669,2,20,pitch_jump,1.0,0.043490661389936375,17.97053172342583,55.629624691687226
1669,2,21,pitch_jump,1.0,0.030592440514941234,20.481916323943565,55.629624691687226
1671,2,2,pitch_jump,1.0,0.0784387118333425,15.100579251038438,55.69628691420572
1671,2,3,pitch_jump,1.0,0.02270228133910073,14.613120304375386,55.69628691420572
1671,2,5,pitch_jump,1.0,0.04460725426568007,19.228611133665932,55.69628691420572
1671,2,6,pitch_jump,1.0,0.017110638105227987,17.456362751034916,55.69628691420572
1671,2,7,pitch_jump,1.0,0.09140695510956388,18.95824528702467,55.69628691420572
1671,2,8,pitch_jump,1.0,0.04749554674721224,13.46896289194141,55.69628691420572
1671,2,10,pitch_jump,1.0,0.060589533490962265,14.909950796114854,55.69628691420572
1671,2,11,pitch_jump,1.0,0.0500474523503717,12.68724492341866,55.69628691420572
1671,2,13,pitch_jump,1.0,0.05002982979735937,15.874125722787529,55.69628691420572
1671,2,15,pitch_jump,1.0,0.04196507993009023,14.999565837497615,55.69628691420572
1671,2,16,pitch_jump,1.0,0.11707548962452222,16.72516477757658,55.69628691420572
1671,2,18,pitch_jump,1.0,0.025084529524968688,13.168778551891409,55.69628691420572
1671,2,19,pitch_jump,1.0,0.054197414388878304,15.378977101818684,55.69628691420572
1671,2,20,pitch_jump,1.0,0.0363497813928698,13.87100825259377,55.69628691420572
1671,2,21,pitch_jump,1.0,0.02713783834800954,16.32193768590239,55.69628691420572
1671,2,22,pitch_jump,1.0,0.03530145468346079,16.01151282214395,55.69628691420572
1672,2,2,pitch_jump,1.0,0.09059015971358879,12.528116067576818,55.72961802546497
1672,2,16,pitch_jump,1.0,0.15036340660014777,30.90061711076903,55.72961802546497
1673,2,16,pitch_jump,1.0,0.08515424863914908,16.405766571233226,55.762949136724224
1674,2,3,pitch_jump,1.0,0.03785868499519159,12.832347055901788,55.79628024798347
1676,2,2,pitch_jump,1.0,0.06481801669680319,12.897562163628933,55.86294247050197
1676,2,3,pitch_jump,1.0,0.08454009450959678,20.169987349751974,55.86294247050197
1676,2,5,pitch_jump,1.0,0.03522354310510913,17.223118993342332,55.86294247050197
1676,2,6,pitch_jump,1.0,0.012342548684855995,19.254468459797724,55.86294247050197
1676,2,7,pitch_jump,1.0,0.043799289191503464,20.10417806829351,55.86294247050197
1676,2,14,pitch_jump,1.0,0.02530689834520677,13.363136779142827,55.86294247050197
1676,2,16,pitch_jump,1.0,0.05512204726331191,18.00888243592555,55.86294247050197
1676,2,22,pitch_jump,1.0,0.03660762275851709,15.589284582449066,55.86294247050197
1677,2,3,pitch_jump,1.0,0.06683855137587166,25.260733040334614,55.89627358176122
1677,2,4,pitch_jump,1.0,0.03207239451525822,15.57854422551896,55.89627358176122
1677,2,5,pitch_jump,1.0,0.07935730282117555,17.79823264307909,55.89627358176122
1677,2,6,pitch_jump,1.0,0.034182876096715796,23.78877914584788,55.89627358176122
1677,2,7,pitch_jump,1.0,0.07603102333189786,35.31154377814864,55.89627358176122
1677,2,16,pitch_jump,1.0,0.05027955176002114,14.771438167581158,55.89627358176122
1677,2,22,pitch_jump,1.0,0.02443847365482262,19.192596769800677,55.89627358176122
1678,2,16,pitch_jump,1.0,0.0740922989548459,12.356078759475903,55.929604693020465
1678,2,22,pitch_jump,1.0,0.020516473833480726,17.24592953347196,55.929604693020465
1680,2,22,pitch_jump,1.0,0.04568756189062891,14.304187964752515,55.99626691553897
1681,2,10,pitch_jump,1.0,0.07421636346375415,14.172651416122411,56.02959802679822
1683,2,5,pitch_jump,1.0,0.07680458157963392,13.467730309580213,56.096260249316714
1683,2,16,pitch_jump,1.0,0.08321115750559968,13.201628751693319,56.096260249316714
1684,2,6,pitch_jump,1.0,0.04477414777108906,12.344984765306325,56.129591360575965
1684,2,10,pitch_jump,1.0,0.07630915093436728,13.123100478931601,56.129591360575965
1684,2,14,pitch_jump,1.0,0.021551249331405616,13.454626772619088,56.129591360575965
1684,2,16,pitch_jump,1.0,0.09036830565347133,14.597302291516959,56.129591360575965
1686,2,5,pitch_jump,1.0,0.05522972005478191,13.507665561244885,56.19625358309446
1686,2,6,pitch_jump,1.0,0.025058517557944658,28.240146416076033,56.19625358309446
1686,2,7,pitch_jump,1.0,0.04729055335012662,12.576606082406332,56.19625358309446
1686,2,10,pitch_jump,1.0,0.07023090103881297,13.06602944313252,56.19625358309446
1686,2,11,pitch_jump,1.0,0.03382874745157791,12.64178717487303,56.19625358309446
1686,2,16,pitch_jump,1.0,0.0707162257250093,15.423621693739374,56.19625358309446
1686,2,22,pitch_jump,1.0,0.019242046130485906,21.92211707399399,56.19625358309446
1687,2,3,pitch_jump,1.0,0.0390362914059059,14.223866839397065,56.22958469435371
1687,2,6,pitch_jump,1.0,0.01970521933846691,13.504191391686229,56.22958469435371
1687,2,16,pitch_jump,1.0,0.08438699600133322,12.509534286640768,56.22958469435371
1689,2,6,pitch_jump,1.0,0.004684332717431577,13.357576211436205,56.296246916872214
1691,2,4,pitch_jump,1.0,0.019293778131782274,14.690456626878271,56.36290913939071
1691,2,14,pitch_jump,1.0,0.008154665440501644,20.435288142020813,56.36290913939071
1693,2,6,pitch_jump,1.0,0.12488852146439337,52.91740884991801,56.42957136190921
1693,2,7,pitch_jump,1.0,0.031059004242930788,13.620643769052117,56.42957136190921
1693,2,16,pitch_jump,1.0,0.09517549724727527,13.237364815525037,56.42957136190921
1694,2,6,pitch_jump,1.0,0.036676860483790534,15.024344346287238,56.462902473168455
1695,2,16,pitch_jump,1.0,0.0663821503066229,13.051812167437863,56.496233584427706
1695,2,22,pitch_jump,1.0,0.06647799440631103,15.527353527784417,56.496233584427706
1696,2,6,pitch_jump,1.0,0.03862895658276427,14.668060518489236,56.52956469568696
1697,2,5,pitch_jump,1.0,0.03129627249015326,12.722268474924302,56.56289580694621
1697,2,6,pitch_jump,1.0,0.08066446002055737,26.745371240452382,56.56289580694621
1697,2,22,pitch_jump,1.0,0.04407120299803214,14.732808227356465,56.56289580694621
1698,2,6,pitch_jump,1.0,0.07898845450906199,25.17195785801863,56.59622691820545
1698,2,10,pitch_jump,1.0,0.08241091017926581,12.040616109317568,56.59622691820545
1698,2,14,pitch_jump,1.0,0.018144100077945976,14.621583983072618,56.59622691820545
1698,2,16,pitch_jump,1.0,0.07966547300040547,13.810207135042608,56.59622691820545
1699,2,2,pitch_jump,1.0,0.05235257575658425,12.804608344443603,56.629558029464704
1699,2,6,pitch_jump,1.0,0.051819742002102195,12.017402470496897,56.629558029464704
1701,2,14,pitch_jump,1.0,0.015470116245364965,14.820430350082496,56.696220251983206
1703,2,6,pitch_jump,1.0,0.041179361705670235,14.673778195890671,56.7628824745017
1703,2,7,pitch_jump,1.0,0.00776927338013789,16.05443876637702,56.7628824745017
1703,2,10,pitch_jump,1.0,0.06007574345869327,14.463912250729502,56.7628824745017
1703,2,14,pitch_jump,1.0,0.012689154716992989,16.077272679583174,56.7628824745017
1703,2,16,pitch_jump,1.0,0.041179586449057254,16.64970115002899,56.7628824745017
1704,2,3,pitch_jump,3.0,0.059920476038492765,14.851838425818034,56.79621358576095
1704,2,4,pitch_jump,1.0,0.009650908209127831,13.233196945744998,56.79621358576095
1704,2,10,pitch_jump,1.0,0.07143469487228929,16.406543770507895,56.79621358576095
1704,2,14,pitch_jump,1.0,0.01268814614034959,15.945171237014742,56.79621358576095
1705,2,3,pitch_jump,1.0,0.11579534690398775,43.56541335016444,56.829544697020204
1705,2,7,pitch_jump,1.0,0.018255092094857896,13.636668219817537,56.829544697020204
1705,2,22,pitch_jump,1.0,0.02916500815921723,13.851020676920896,56.829544697020204
1706,2,3,pitch_jump,1.0,0.0372843144856547,16.79058938428827,56.86287580827945
1706,2,5,pitch_jump,1.0,0.01889650053608632,13.920232164055456,56.86287580827945
1707,2,3,pitch_jump,1.0,0.0592318181648517,23.198437136045133,56.8962069195387
1707,2,16,pitch_jump,1.0,0.0678270064944641,12.011631979373785,56.8962069195387
1708,2,3,pitch_jump,1.0,0.03523116498797762,15.97215901490662,56.92953803079795
1708,2,10,pitch_jump,1.0,0.07098354420865946,13.266755638134399,56.92953803079795
1708,2,16,pitch_jump,1.0,0.06624988796254304,12.53802617069446,56.92953803079795
1708,2,22,pitch_jump,1.0,0.03192330882793425,15.819349092519413,56.92953803079795
1710,2,5,pitch_jump,1.0,0.04422706012882042,13.335320796431027,56.996200253316445
1710,2,7,pitch_jump,1.0,0.03288572099312074,12.738991207872719,56.996200253316445
1710,2,16,pitch_jump,1.0,0.054445070687857956,18.29013879508042,56.996200253316445
1711,2,5,pitch_jump,1.0,0.049662823776303676,16.223891474224352,57.029531364575696
1711,2,7,pitch_jump,1.0,0.025629758694185135,15.341953178118597,57.029531364575696
1711,2,14,pitch_jump,1.0,0.01217063250641001,13.173364799591583,57.029531364575696
1711,2,16,pitch_jump,1.0,0.061561929494033545,19.769498691554098,57.029531364575696
1712,2,3,pitch_jump,1.0,0.04095711272881087,13.24225311741669,57.06286247583495
1712,2,6,pitch_jump,1.0,0.0461905301045645,21.705517068798454,57.06286247583495
1712,2,7,pitch_jump,1.0,0.01773505890029035,12.532564368799742,57.06286247583495
1712,2,10,pitch_jump,1.0,0.06679805444527613,12.566930367919543,57.06286247583495
1712,2,16,pitch_jump,1.0,0.036751758064218126,12.346701365804694,57.06286247583495
1712,2,22,pitch_jump,1.0,0.03878062557780185,15.014765518150902,57.06286247583495
1713,2,6,pitch_jump,1.0,0.03564799675673796,18.760037709666854,57.0961935870942
1713,2,10,pitch_jump,1.0,0.11439397344673434,16.827810212832627,57.0961935870942
1713,2,16,pitch_jump,1.0,0.06268181898712845,13.932781922885955,57.0961935870942
1714,2,3,pitch_jump,1.0,0.055841876621829684,14.226662409568693,57.12952469835344
1714,2,5,pitch_jump,1.0,0.04566796379835914,18.472554697279996,57.12952469835344
1714,2,6,pitch_jump,1.0,0.12302866490492774,46.502824038359876,57.12952469835344
1714,2,7,pitch_jump,1.0,0.02732813029930549,20.087064501209674,57.12952469835344
1714,2,16,pitch_jump,1.0,0.06946146174334718,17.979580211185322,57.12952469835344
1714,2,21,pitch_jump,1.0,0.020075330490784152,12.477742231322123,57.12952469835344
1715,2,6,pitch_jump,1.0,0.042358662624692824,19.79820974286218,57.162855809612694
1716,2,6,pitch_jump,1.0,0.053298121650705785,12.128442426195932,57.196186920871945
1716,2,10,pitch_jump,3.0,0.10473445190329873,19.537603447984253,57.196186920871945
1716,2,16,pitch_jump,1.0,0.04673472421923346,17.201048348903278,57.196186920871945
1716,2,22,pitch_jump,1.0,0.015385362705416315,12.188215117996895,57.196186920871945
1717,2,10,pitch_jump,1.0,0.10056751096323846,26.798842474396597,57.229518032131196
1718,2,7,pitch_jump,1.0,0.008215265613321185,16.06858452016944,57.26284914339044
1718,2,10,pitch_jump,1.0,0.061626125295748214,12.347723888985733,57.26284914339044
1718,2,16,pitch_jump,1.0,0.02044838307806889,13.54841870283248,57.26284914339044
1718,2,22,pitch_jump,1.0,0.011508649642814034,12.481024172702778,57.26284914339044
1722,2,10,pitch_jump,1.0,0.040020433782470236,13.516609598219969,57.39617358842744
1722,2,16,pitch_jump,1.0,0.03312528843168418,14.251380689834773,57.39617358842744
1723,2,10,pitch_jump,1.0,0.09793178156831271,30.01290937913515,57.42950469968669
1724,2,10,pitch_jump,1.0,0.05219219348242147,18.769153886299303,57.46283581094594
1726,2,16,pitch_jump,1.0,0.04356261498919827,19.609783505335958,57.529498033464435
1731,2,6,pitch_jump,1.0,0.04692978781793691,16.210623857575623,57.696153589760684
1732,2,6,pitch_jump,1.0,0.078857428929105,27.433930035834845,57.729484701019935
1736,2,10,pitch_jump,1.0,0.11300388814509427,35.05374406201071,57.86280914605693
1737,2,3,pitch_jump,1.0,0.053568713103980176,13.566270720053083,57.89614025731618
1737,2,6,pitch_jump,1.0,0.029094491814977873,16.710189129849038,57.89614025731618
1737,2,7,pitch_jump,1.0,0.05478739589986567,16.931866791611203,57.89614025731618
1737,2,10,pitch_jump,1.0,0.07938080974907362,31.37948809062099,57.89614025731618
1737,2,16,pitch_jump,1.0,0.02703559023897646,13.457862720674076,57.89614025731618
1737,2,20,pitch_jump,1.0,0.01014763859633032,15.365537152229688,57.89614025731618
1737,2,22,pitch_jump,1.0,0.019549038620975852,19.982321565169258,57.89614025731618
1738,2,2,pitch_jump,1.0,0.035375214717061766,12.641547496025446,57.92947136857543
1738,2,7,pitch_jump,1.0,0.04956127391133475,15.581122337052518,57.92947136857543
1738,2,9,pitch_jump,1.0,0.021097639585262992,15.587186467682269,57.92947136857543
1738,2,10,pitch_jump,1.0,0.021916113283946822,15.631518848591995,57.92947136857543
1738,2,16,pitch_jump,1.0,0.021042993690545804,13.517810826131774,57.92947136857543
1738,2,20,pitch_jump,1.0,0.021890734519406197,15.45837258824798,57.92947136857543
1738,2,22,pitch_jump,1.0,0.020409281041148267,15.357959473634448,57.92947136857543
1739,2,7,pitch_jump,1.0,0.029158074257754362,13.764116762352494,57.96280247983468
1739,2,10,pitch_jump,1.0,0.03433278437363243,13.569620309443712,57.96280247983468
1739,2,16,pitch_jump,1.0,0.018714662196978763,16.95443688463027,57.96280247983468
1740,2,7,pitch_jump,1.0,0.07413505326076243,13.50612220117822,57.99613359109393
1741,2,7,pitch_jump,1.0,0.07796785982883511,18.762774732520437,58.02946470235318
1741,2,9,pitch_jump,1.0,0.05010486566216827,12.836612906406236,58.02946470235318
1741,2,22,pitch_jump,1.0,0.0666586870538015,19.63427702970019,58.02946470235318
1742,2,10,pitch_jump,1.0,0.05153928125377158,16.911766127678593,58.062795813612425
1743,2,7,pitch_jump,1.0,0.08429729717315881,21.35432067077805,58.096126924871676
1743,2,16,pitch_jump,1.0,0.030977447926362325,17.71151379421307,58.096126924871676
1743,2,22,pitch_jump,1.0,0.059002922532919055,23.13312416533357,58.096126924871676
1744,2,3,pitch_jump,1.0,0.11156475686295267,12.466449752404431,58.12945803613093
1744,2,7,pitch_jump,1.0,0.10350186456335189,15.888595732816645,58.12945803613093
1744,2,20,pitch_jump,1.0,0.05981168497604271,13.056471834409969,58.12945803613093
1745,2,6,pitch_jump,1.0,0.09311225430290744,43.800317083987004,58.16278914739018
1745,2,7,pitch_jump,1.0,0.06353121629076768,16.48888169323279,58.16278914739018
1745,2,22,pitch_jump,1.0,0.021011738717429233,14.32088848873338,58.16278914739018
1746,2,6,pitch_jump,1.0,0.1061478148146186,32.05523252191755,58.19612025864942
1746,2,14,pitch_jump,1.0,0.040467937083518,22.336364523906543,58.19612025864942
1746,2,17,pitch_jump,1.0,0.04106865176375781,18.025167370088088,58.19612025864942
1746,2,22,pitch_jump,1.0,0.06182269923390861,21.447947933414344,58.19612025864942
1747,2,6,pitch_jump,1.0,0.07827232390890675,18.0735158911286,58.22945136990867
1747,2,7,pitch_jump,1.0,0.1324823875568937,18.494808626831176,58.22945136990867
1748,2,7,pitch_jump,1.0,0.06187981312174286,13.53284630286962,58.262782481167925
1748,2,16,pitch_jump,1.0,0.020413443202442795,14.942581362870998,58.262782481167925
1748,2,22,pitch_jump,1.0,0.04166096916714124,14.117972966158996,58.262782481167925
1749,2,3,pitch_jump,1.0,0.14547364272058755,13.258916161497465,58.296113592427176
1749,2,5,pitch_jump,1.0,0.08441491838330734,12.96970547938981,58.296113592427176
1750,2,5,pitch_jump,1.0,0.09461090187171228,23.28375430917524,58.32944470368642
1750,2,6,pitch_jump,1.0,0.1380488775862206,28.97366621770733,58.32944470368642
1750,2,7,pitch_jump,1.0,0.14182842672733562,13.767356055357046,58.32944470368642
1750,2,17,pitch_jump,1.0,0.05133929135413696,13.5273080642999,58.32944470368642
1750,2,22,pitch_jump,1.0,0.08143090979938819,19.93045203019566,58.32944470368642
1753,2,6,pitch_jump,1.0,0.17245833704611857,27.151016895162012,58.42943803746417
1753,2,7,pitch_jump,1.0,0.16656733165751678,16.019047490393543,58.42943803746417
1753,2,16,pitch_jump,1.0,0.10755162513710124,15.426429763865533,58.42943803746417
1754,2,2,pitch_jump,1.0,0.03634312224232607,13.028810616479811,58.46276914872342
1754,2,4,pitch_jump,1.0,0.04040737072970619,12.812063562938244,58.46276914872342
1754,2,6,pitch_jump,1.0,0.08824964097949273,12.328144637744648,58.46276914872342
1755,2,4,pitch_jump,1.0,0.08823626032674456,12.610198150524184,58.49610025998267
1755,2,5,pitch_jump,1.0,0.12094514295338411,18.103335975477467,58.49610025998267
1755,2,6,pitch_jump,1.0,0.1722594452344021,13.457128218626877,58.49610025998267
1755,2,7,pitch_jump,1.0,0.17950436416217788,18.752231490891763,58.49610025998267
1755,2,14,pitch_jump,1.0,0.06511982192147844,12.680562898258417,58.49610025998267
1755,2,16,pitch_jump,1.0,0.11444524700308956,16.554391612162316,58.49610025998267
1755,2,22,pitch_jump,1.0,0.11284276336045357,12.04433876660975,58.49610025998267
1756,2,2,pitch_jump,1.0,0.08977371991812745,13.055827631511264,58.52943137124192
1756,2,3,pitch_jump,1.0,0.15971683978799323,15.877224000553968,58.52943137124192
1756,2,6,pitch_jump,1.0,0.17047962042605086,14.130962187555818,58.52943137124192
1756,2,10,pitch_jump,1.0,0.0850975093503936,19.735264320523214,58.52943137124192
1756,2,11,pitch_jump,1.0,0.1009704549259603,17.379056024468742,58.52943137124192
1756,2,16,pitch_jump,1.0,0.11570992543920368,20.49380813678234,58.52943137124192
1756,2,18,pitch_jump,1.0,0.05246242041744485,12.34803421874626,58.52943137124192
1756,2,20,pitch_jump,1.0,0.10214555962128109,15.144619183096317,58.52943137124192
1756,2,21,pitch_jump,1.0,0.09113711878043036,14.587712901958144,58.52943137124192
1756,2,22,pitch_jump,1.0,0.09352022531383161,22.629389184219686,58.52943137124192
1757,2,4,pitch_jump,1.0,0.033771335092615005,13.282408010763199,58.56276248250117
1757,2,14,pitch_jump,1.0,0.027223266381847702,12.564238560389034,58.56276248250117
1757,2,21,pitch_jump,1.0,0.07168494292544113,25.122630169347584,58.56276248250117
1758,2,4,pitch_jump,1.0,0.08073764001885611,13.368270542206066,58.596093593760415
1758,2,22,pitch_jump,1.0,0.08535912870912536,13.765247736658415,58.596093593760415
1759,2,2,pitch_jump,1.0,0.08518188843196968,14.000143901673967,58.629424705019666
1759,2,3,pitch_jump,1.0,0.1810109604357723,16.520956327473016,58.629424705019666
1759,2,4,pitch_jump,1.0,0.06579137013974848,21.08450601997421,58.629424705019666
1759,2,5,pitch_jump,1.0,0.1564125338186989,35.609561598765254,58.629424705019666
1759,2,6,pitch_jump,1.0,0.16517106956807345,40.035154493021246,58.629424705019666
1759,2,10,pitch_jump,1.0,0.09741069351643632,19.6889391295871,58.629424705019666
1759,2,11,pitch_jump,1.0,0.1067973503018944,13.755342558735792,58.629424705019666
1759,2,14,pitch_jump,1.0,0.06096483616581266,12.619149870522993,58.629424705019666
1759,2,16,pitch_jump,1.0,0.12809006414366766,28.912785628611235,58.629424705019666
1759,2,18,pitch_jump,1.0,0.07285766910374211,12.217183178542696,58.629424705019666
1759,2,21,pitch_jump,1.0,0.1961619127999112,37.86008697300423,58.629424705019666
1759,2,22,pitch_jump,1.0,0.073918200871444,39.48234455672599,58.629424705019666
1760,2,7,pitch_jump,2.0,0.1241332724217716,15.395862953752157,58.66275581627892
1760,2,22,pitch_jump,1.0,0.018441917598960373,14.048432563197416,58.66275581627892
1761,2,3,pitch_jump,1.0,0.18298726514601177,14.357619428108324,58.69608692753817
1761,2,5,pitch_jump,1.0,0.16197930273424116,18.645268624251344,58.69608692753817
1761,2,6,pitch_jump,1.0,0.1755043604185737,19.66692436328533,58.69608692753817
1761,2,7,pitch_jump,1.0,0.19167032289489663,25.78006927157935,58.69608692753817
1761,2,10,pitch_jump,1.0,0.10911420003600726,20.973800480885377,58.69608692753817
1761,2,11,pitch_jump,1.0,0.12574878321330168,13.298006460684775,58.69608692753817
1761,2,14,pitch_jump,1.0,0.06294677906073241,12.84670876506131,58.69608692753817
1761,2,16,pitch_jump,1.0,0.15289452492756533,19.451980043904754,58.69608692753817
1761,2,20,pitch_jump,1.0,0.08188156892559562,13.549373020926836,58.69608692753817
1761,2,21,pitch_jump,1.0,0.16091321339129167,29.5484268397337,58.69608692753817
1761,2,22,pitch_jump,1.0,0.10448373370533273,27.175200607331703,58.69608692753817
1762,2,2,pitch_jump,1.0,0.08660288971399004,12.563589458566158,58.72941803879741
1762,2,6,pitch_jump,1.0,0.17192089893619178,24.251437498782696,58.72941803879741
1762,2,7,pitch_jump,1.0,0.17405385764304115,15.182525463515066,58.72941803879741
1762,2,16,pitch_jump,1.0,0.13906537684206802,19.48381122431525,58.72941803879741
1762,2,21,pitch_jump,1.0,0.16643966396869442,17.895478537329804,58.72941803879741
1763,2,6,pitch_jump,1.0,0.08168401495878574,14.245166047037829,58.76274915005666
1764,2,4,pitch_jump,1.0,0.11608096228728816,16.07851582565344,58.796080261315915
1764,2,5,pitch_jump,1.0,0.15850812637956768,12.09147211607324,58.796080261315915
1764,2,7,pitch_jump,1.0,0.20676315779188514,12.202131900385771,58.796080261315915
1764,2,14,pitch_jump,1.0,0.06960876024847618,17.302717657173833,58.796080261315915
1765,2,3,pitch_jump,1.0,0.18079722348072721,13.762023855436556,58.829411372575166
1765,2,11,pitch_jump,1.0,0.13364712357476957,12.399009925273544,58.829411372575166
1766,2,2,pitch_jump,1.0,0.027199983772897566,18.518353337659647,58.86274248383441
1766,2,3,pitch_jump,1.0,0.09212813204463029,15.777097124361891,58.86274248383441
1766,2,11,pitch_jump,1.0,0.06647559483343839,12.797924492689159,58.86274248383441
1766,2,15,pitch_jump,1.0,0.015004201979713002,15.023039836178729,58.86274248383441
1766,2,19,pitch_jump,1.0,0.03312103965984927,12.848628880012134,58.86274248383441
1766,2,20,pitch_jump,1.0,0.0376040621564846,14.570030812034334,58.86274248383441
1766,2,21,pitch_jump,1.0,0.06870399714944195,12.192683350641602,58.86274248383441
1766,2,22,pitch_jump,1.0,0.0420720073669704,15.191696299051959,58.86274248383441
1767,2,2,pitch_jump,1.0,0.09975381996606662,12.798609889710319,58.89607359509366
1767,2,15,pitch_jump,1.0,0.05924896386846817,13.120362616029569,58.89607359509366
1768,2,4,pitch_jump,1.0,0.13002137608647024,15.414179417580314,58.92940470635291
1768,2,5,pitch_jump,1.0,0.20417079095710244,24.021766592443193,58.92940470635291
1768,2,16,pitch_jump,1.0,0.27723497617388354,123.2743543165789,58.92940470635291
1768,2,21,pitch_jump,1.0,0.14381354451713896,13.770191156822003,58.92940470635291
1768,2,22,pitch_jump,1.0,0.11513176867699802,14.86581427422095,58.92940470635291
1769,2,5,pitch_jump,1.0,0.08361402316431212,13.990523165743468,58.96273581761216
1769,2,6,pitch_jump,1.0,0.08349435007021033,21.660214812612963,58.96273581761216
1769,2,16,pitch_jump,1.0,0.09591733068634682,30.49823150216256,58.96273581761216
1769,2,22,pitch_jump,1.0,0.03886298699634928,17.149705509636025,58.96273581761216
1770,2,2,pitch_jump,1.0,0.0935156069982486,21.83220861877801,58.99606692887141
1770,2,3,pitch_jump,1.0,0.1722030361067169,16.71720919641399,58.99606692887141
1770,2,4,pitch_jump,1.0,0.11476225214788886,28.18063693125101,58.99606692887141
1770,2,5,pitch_jump,1.0,0.16355815734568463,14.493681268197436,58.99606692887141
1770,2,8,pitch_jump,1.0,0.0995559585821123,16.203992654557613,58.99606692887141
1770,2,10,pitch_jump,1.0,0.13259209291700946,12.623834816729032,58.99606692887141
1770,2,11,pitch_jump,1.0,0.13611591481029472,20.607679272700977,58.99606692887141
1770,2,13,pitch_jump,1.0,0.062270586159854965,17.448817393968376,58.99606692887141
1770,2,14,pitch_jump,1.0,0.09131287596092107,32.26450404804451,58.99606692887141
1770,2,15,pitch_jump,1.0,0.07976463795703966,19.540168090348832,58.99606692887141
1770,2,16,pitch_jump,1.0,0.25605392647907466,41.17149132268725,58.99606692887141
1770,2,18,pitch_jump,1.0,0.07256781617772412,15.87132663378679,58.99606692887141
1770,2,19,pitch_jump,1.0,0.06754178531626781,17.98452961806384,58.99606692887141
1770,2,20,pitch_jump,1.0,0.10558955826719901,16.273048740312927,58.99606692887141
1770,2,22,pitch_jump,1.0,0.10410452667928924,17.38447286321481,58.99606692887141
1771,2,2,pitch_jump,1.0,0.09544779608855,16.540230626636674,59.02939804013066
1771,2,6,pitch_jump,1.0,0.179464042133944,17.314044722492707,59.02939804013066
1771,2,11,pitch_jump,1.0,0.48294842130070986,160.78468302659914,59.02939804013066
1771,2,15,pitch_jump,1.0,0.09103407069232569,14.651310452899125,59.02939804013066
1771,2,19,pitch_jump,1.0,0.07069716385745915,13.965787187844821,59.02939804013066
1771,2,21,pitch_jump,1.0,0.1585740633302525,26.965433692270118,59.02939804013066
1772,2,21,pitch_jump,1.0,0.11403582133603701,32.40435008175978,59.06272915138991
1773,2,15,pitch_jump,1.0,0.08688807903927466,13.929121160299552,59.09606026264916
1773,2,21,pitch_jump,1.0,0.13269780058445277,19.711594652853123,59.09606026264916
1774,2,16,pitch_jump,2.0,0.2329946195883547,63.8343506620615,59.12939137390841
1774,2,22,pitch_jump,1.0,0.15100622489265034,12.152944090908223,59.12939137390841
1776,2,11,pitch_jump,3.0,0.24281044503863616,57.02669383201193,59.19605359642691
1776,2,22,pitch_jump,1.0,0.1352876649782515,14.189567065231312,59.19605359642691
1777,2,2,pitch_jump,1.0,0.10756987842154314,13.028833017164832,59.22938470768616
1777,2,5,pitch_jump,1.0,0.1856497696757089,15.932591766672212,59.22938470768616
1777,2,6,pitch_jump,1.0,0.17898961172037783,16.912902599636706,59.22938470768616
1777,2,11,pitch_jump,1.0,0.1725549399093614,20.002850941838382,59.22938470768616
1777,2,20,pitch_jump,1.0,0.13529415996853122,12.146039905297306,59.22938470768616
1777,2,22,pitch_jump,1.0,0.1289138550403707,22.033022820646597,59.22938470768616
1778,2,4,pitch_jump,1.0,0.06358672389458588,19.162801411008335,59.26271581894541
1778,2,11,pitch_jump,1.0,0.07820572148589486,15.025426795639838,59.26271581894541
1778,2,14,pitch_jump,1.0,0.03118134720668166,19.582808289458583,59.26271581894541
1779,2,4,pitch_jump,1.0,0.1304487761929644,21.73765255193366,59.29604693020465
1779,2,5,pitch_jump,1.0,0.21215785420325564,12.724473214103137,59.29604693020465
1779,2,6,pitch_jump,1.0,0.20315950974763086,12.166005875011423,59.29604693020465
1779,2,14,pitch_jump,1.0,0.09776809534932711,21.047345607147058,59.29604693020465
1780,2,2,pitch_jump,1.0,0.1133571729454369,14.017506676294088,59.329378041463904
1780,2,4,pitch_jump,1.0,0.11630594101207614,24.368588805520012,59.329378041463904
1780,2,5,pitch_jump,1.0,0.18611906412667287,26.53319624828524,59.329378041463904
1780,2,6,pitch_jump,1.0,0.20264259104394047,23.84023840618243,59.329378041463904
1780,2,10,pitch_jump,1.0,0.16261585968698553,16.283641531800086,59.329378041463904
1780,2,14,pitch_jump,1.0,0.09379726826744061,35.36274675092716,59.329378041463904
1780,2,16,pitch_jump,1.0,0.19721038807838853,21.952739357371108,59.329378041463904
1780,2,17,pitch_jump,1.0,0.06423725527274954,24.127353366554193,59.329378041463904
1780,2,21,pitch_jump,1.0,0.14773807676787967,16.187700017735065,59.329378041463904
1780,2,22,pitch_jump,1.0,0.13426337707278727,29.536372881725143,59.329378041463904
1781,2,3,pitch_jump,1.0,0.10587417667219633,18.904405046276104,59.362709152723156
1781,2,4,pitch_jump,1.0,0.052981641992974386,35.13366057338886,59.362709152723156
1781,2,5,pitch_jump,1.0,0.08875551283464875,32.28290187456647,59.362709152723156
1781,2,6,pitch_jump,1.0,0.09727710410099238,38.73062660247946,59.362709152723156
1781,2,8,pitch_jump,1.0,0.05558942051517156,16.95879629124844,59.362709152723156
1781,2,10,pitch_jump,1.0,0.0765959957723476,22.570754471502305,59.362709152723156
1781,2,13,pitch_jump,1.0,0.02078325998985663,13.14665394329229,59.362709152723156
1781,2,14,pitch_jump,1.0,0.05526810281667932,21.298364017671112,59.362709152723156
1781,2,16,pitch_jump,1.0,0.10398213811157536,19.512693318047624,59.362709152723156
1781,2,17,pitch_jump,1.0,0.023258497376380246,19.65338252441762,59.362709152723156
1781,2,20,pitch_jump,1.0,0.05928409758419321,13.519132240479568,59.362709152723156
1781,2,21,pitch_jump,1.0,0.06346144929393496,18.32560963477263,59.362709152723156
1781,2,22,pitch_jump,1.0,0.054749466492654046,29.458051261413427,59.362709152723156
1782,2,2,pitch_jump,1.0,0.12831568784899147,12.382551248548932,59.39604026398241
1782,2,4,pitch_jump,1.0,0.12215871271743411,14.658282820085475,59.39604026398241
1782,2,13,pitch_jump,1.0,0.028100206858476626,15.694240877743182,59.39604026398241
1782,2,14,pitch_jump,1.0,0.10780919447244994,22.16290158104762,59.39604026398241
1782,2,15,pitch_jump,1.0,0.04455675709389979,16.192042771364736,59.39604026398241
1782,2,17,pitch_jump,1.0,0.062152454595249346,12.486424936949941,59.39604026398241
1782,2,19,pitch_jump,1.0,0.1049457116256701,12.279171586484381,59.39604026398241
1782,2,20,pitch_jump,1.0,0.14465588366260204,15.210279840450392,59.39604026398241
1782,2,21,pitch_jump,1.0,0.14322082661090973,13.164263324826372,59.39604026398241
1782,2,22,pitch_jump,1.0,0.1702688260926559,18.829515950738788,59.39604026398241
1783,2,3,pitch_jump,1.0,0.2068623474845917,17.59274233987152,59.42937137524165
1783,2,4,pitch_jump,1.0,0.1262065749153361,13.80279155779955,59.42937137524165
1783,2,6,pitch_jump,1.0,0.18243788583978288,13.987399831753761,59.42937137524165
1783,2,8,pitch_jump,1.0,0.11699066885196893,13.571851415298498,59.42937137524165
1783,2,10,pitch_jump,1.0,0.17412600690125957,12.724470644898743,59.42937137524165
1783,2,14,pitch_jump,1.0,0.09459726552706732,14.712498680974441,59.42937137524165
1783,2,16,pitch_jump,1.0,0.19463643805120157,15.424023240089735,59.42937137524165
1783,2,17,pitch_jump,1.0,0.060547542789293196,27.00846415276577,59.42937137524165
1784,2,4,pitch_jump,1.0,0.046659789106680935,15.488007075438396,59.4627024865009
1784,2,14,pitch_jump,1.0,0.0321946490713962,21.038031437228856,59.4627024865009
1784,2,17,pitch_jump,1.0,0.028349296004903,18.725084954579255,59.4627024865009
1785,2,4,pitch_jump,1.0,0.1277981223638204,57.754551936219165,59.49603359776015
1785,2,5,pitch_jump,1.0,0.17114827750938016,32.454985507104006,59.49603359776015
1785,2,6,pitch_jump,1.0,0.19938524306494282,34.84702475723401,59.49603359776015
1785,2,7,pitch_jump,1.0,0.2414801405474698,38.719054926497854,59.49603359776015
1785,2,10,pitch_jump,1.0,0.17561538036504332,29.819962409177066,59.49603359776015
1785,2,14,pitch_jump,1.0,0.08066607855994641,55.071490400962254,59.49603359776015
1785,2,16,pitch_jump,1.0,0.18314187625567172,35.775352750758515,59.49603359776015
1785,2,17,pitch_jump,1.0,0.05587165138652404,24.35162627660355,59.49603359776015
1785,2,18,pitch_jump,1.0,0.10656341791380114,24.019937291688134,59.49603359776015
1785,2,21,pitch_jump,1.0,0.15049282991778867,27.98034949506255,59.49603359776015
1785,2,22,pitch_jump,1.0,0.16767823239245364,31.394725732080897,59.49603359776015
1786,2,4,pitch_jump,1.0,0.14945868694199999,14.6665558113423,59.529364709019404
1786,2,14,pitch_jump,1.0,0.05204030690099995,20.452082891679503,59.529364709019404
1786,2,17,pitch_jump,1.0,0.06009623721914401,35.26830888240064,59.529364709019404
1786,2,18,pitch_jump,1.0,0.1032409502250512,12.429063541404513,59.529364709019404
1786,2,22,pitch_jump,1.0,0.1334334058747535,12.076757575659927,59.529364709019404
1787,2,4,pitch_jump,1.0,0.05775734698147493,12.90355708921775,59.56269582027865
1787,2,8,pitch_jump,1.0,0.049964574831249865,19.241486749892108,59.56269582027865
1787,2,14,pitch_jump,1.0,0.026154049631245884,17.317648246480772,59.56269582027865
1787,2,17,pitch_jump,1.0,0.026995984193483237,29.151462855730685,59.56269582027865
1787,2,18,pitch_jump,1.0,0.04490163098058589,12.05881091910711,59.56269582027865
1787,2,19,pitch_jump,1.0,0.028703053707338555,19.864399451653714,59.56269582027865
1788,2,22,pitch_jump,1.0,0.1365166122073179,16.266745223411835,59.5960269315379
1789,2,3,pitch_jump,1.0,0.16781725757642116,14.750887997713656,59.62935804279715
1789,2,6,pitch_jump,1.0,0.16651598151382382,17.875073835006667,59.62935804279715
1789,2,7,pitch_jump,1.0,0.20720253281909137,16.11831804801461,59.62935804279715
1789,2,11,pitch_jump,1.0,0.13996077964996798,14.910231586360961,59.62935804279715
1789,2,16,pitch_jump,1.0,0.1687670276974489,13.93401285019104,59.62935804279715
1789,2,17,pitch_jump,1.0,0.045785085442253,16.067326943463563,59.62935804279715
1789,2,20,pitch_jump,1.0,0.11022920549788573,16.523174632731124,59.62935804279715
1790,2,6,pitch_jump,1.0,0.07972626974516812,14.099870172213512,59.6626891540564
1790,2,11,pitch_jump,1.0,0.06229749989474272,12.18811288958941,59.6626891540564
1790,2,17,pitch_jump,1.0,0.011896160603350676,27.726959688458912,59.6626891540564
1790,2,19,pitch_jump,1.0,0.03320339403463013,14.116271770700564,59.6626891540564
1790,2,20,pitch_jump,1.0,0.2846966157633342,103.56087377123383,59.6626891540564
1791,2,4,pitch_jump,1.0,0.08798576891393577,31.933264188428296,59.696020265315646
1791,2,5,pitch_jump,1.0,0.14912638571136538,19.40734749798103,59.696020265315646
1791,2,6,pitch_jump,1.0,0.15436958161559744,14.356016921784766,59.696020265315646
1791,2,7,pitch_jump,1.0,0.20149603722963585,15.426929831712615,59.696020265315646
1791,2,14,pitch_jump,1.0,0.0900041578497437,23.3701693451544,59.696020265315646
1791,2,17,pitch_jump,1.0,0.04877395631858689,30.493992344920443,59.696020265315646
1791,2,22,pitch_jump,1.0,0.1271383291907955,23.60705906859994,59.696020265315646
1792,2,4,pitch_jump,1.0,0.06905237696775594,54.3440593339129,59.7293513765749
1792,2,5,pitch_jump,1.0,0.16003489714225402,64.63898784912149,59.7293513765749
1792,2,6,pitch_jump,1.0,0.14849207764092195,57.51528608530114,59.7293513765749
1792,2,7,pitch_jump,1.0,0.21583039315695782,46.18519658633593,59.7293513765749
1792,2,10,pitch_jump,1.0,0.14814016564499705,34.48789397749852,59.7293513765749
1792,2,11,pitch_jump,1.0,0.15033651638364467,14.69253905887201,59.7293513765749
1792,2,14,pitch_jump,1.0,0.08422125016183407,31.09492431412428,59.7293513765749
1792,2,16,pitch_jump,1.0,0.17244404585767892,43.47843810145431,59.7293513765749
1792,2,17,pitch_jump,1.0,0.04458862893739445,54.47801758875453,59.7293513765749
1792,2,18,pitch_jump,1.0,0.08374576739550142,12.626293487117698,59.7293513765749
1792,2,19,pitch_jump,1.0,0.049234527750976996,21.890559595341603,59.7293513765749
1792,2,20,pitch_jump,1.0,0.10527154814538302,15.794099841226712,59.7293513765749
1792,2,21,pitch_jump,1.0,0.13710577257240622,29.57352734264709,59.7293513765749
1792,2,22,pitch_jump,1.0,0.14573207945331898,59.08334340653613,59.7293513765749
1793,2,4,pitch_jump,1.0,0.03660914033596192,23.01586600492713,59.76268248783415
1793,2,5,pitch_jump,1.0,0.07385588618768957,15.253440475381149,59.76268248783415
1793,2,14,pitch_jump,1.0,0.04100346032453874,16.285992623497638,59.76268248783415
1793,2,22,pitch_jump,1.0,0.0612548985540716,20.295162918679356,59.76268248783415
1794,2,4,pitch_jump,1.0,0.1220956494447372,25.11320952169464,59.7960135990934
1794,2,5,pitch_jump,1.0,0.1627825296554065,39.562010544231434,59.7960135990934
1794,2,6,pitch_jump,1.0,0.16173125216989653,43.953463904250675,59.7960135990934
1794,2,7,pitch_jump,1.0,0.20797364632236204,44.8436610440169,59.7960135990934
1794,2,8,pitch_jump,1.0,0.09713942047115345,29.503455051080284,59.7960135990934
1794,2,10,pitch_jump,1.0,0.15368065904317318,35.61411052951292,59.7960135990934
1794,2,11,pitch_jump,1.0,0.14198456795781011,17.602492078349854,59.7960135990934
1794,2,14,pitch_jump,1.0,0.08503208413816932,28.21889973456001,59.7960135990934
1794,2,16,pitch_jump,1.0,0.1758455016267856,44.252218154565,59.7960135990934
1794,2,17,pitch_jump,1.0,0.047464748708905935,22.769722349749745,59.7960135990934
1794,2,18,pitch_jump,1.0,0.08760671288685537,28.90980778124338,59.7960135990934
1794,2,20,pitch_jump,1.0,0.1390965637152823,23.714947477073512,59.7960135990934
1794,2,21,pitch_jump,1.0,0.14217815859686514,34.98575470298393,59.7960135990934
1794,2,22,pitch_jump,1.0,0.15847688814479285,46.06159271360399,59.7960135990934
1795,2,5,pitch_jump,1.0,0.16230982088991414,17.0139330932514,59.82934471035264
1795,2,6,pitch_jump,1.0,0.15718922126193055,28.61655767426633,59.82934471035264
1795,2,7,pitch_jump,1.0,0.20478946971930495,40.73516852321444,59.82934471035264
1795,2,8,pitch_jump,1.0,0.10556263764866516,26.84096775834767,59.82934471035264
1795,2,10,pitch_jump,1.0,0.16534316043192177,32.13584678411791,59.82934471035264
1795,2,11,pitch_jump,1.0,0.14442202477641813,23.77616810223071,59.82934471035264
1795,2,14,pitch_jump,1.0,0.0749968718665413,18.419464120265776,59.82934471035264
1795,2,16,pitch_jump,1.0,0.1810226876024781,36.94730699538558,59.82934471035264
1795,2,17,pitch_jump,1.0,0.041277377205935814,22.112565017646673,59.82934471035264
1795,2,18,pitch_jump,1.0,0.08829944142632937,21.47286776919164,59.82934471035264
1795,2,20,pitch_jump,1.0,0.17491070425588007,41.57875371381755,59.82934471035264
1795,2,21,pitch_jump,1.0,0.14409798312537944,30.762385972349165,59.82934471035264
1795,2,22,pitch_jump,1.0,0.14026623128530383,23.944942227983436,59.82934471035264
1796,2,3,pitch_jump,1.0,0.06573367378145875,31.926090710175522,59.862675821611894
1796,2,5,pitch_jump,1.0,0.07803754421471819,16.445859858723683,59.862675821611894
1796,2,6,pitch_jump,1.0,0.08548537544220358,25.761053851291727,59.862675821611894
1796,2,7,pitch_jump,1.0,0.11566312321389245,31.283997307204555,59.862675821611894
1796,2,8,pitch_jump,1.0,0.04086597458285883,29.856821370507866,59.862675821611894
1796,2,10,pitch_jump,1.0,0.07730225393933111,27.3582507044385,59.862675821611894
1796,2,11,pitch_jump,1.0,0.06478202529124819,28.272492123625554,59.862675821611894
1796,2,14,pitch_jump,1.0,0.02405374443880902,13.862260381115684,59.862675821611894
1796,2,16,pitch_jump,1.0,0.08123567138621335,30.498129323565674,59.862675821611894
1796,2,18,pitch_jump,1.0,0.0358801365958934,19.92893521988332,59.862675821611894
1796,2,20,pitch_jump,1.0,0.09476539859606282,31.84822170934723,59.862675821611894
1796,2,21,pitch_jump,1.0,0.06392715644044099,25.833130609295047,59.862675821611894
1796,2,22,pitch_jump,1.0,0.05590586757595217,23.688978778673757,59.862675821611894
1797,2,7,pitch_jump,1.0,0.24272539228447845,15.653807351204367,59.896006932871146
1797,2,16,pitch_jump,1.0,0.2064933564521247,14.308344576547652,59.896006932871146
1797,2,20,pitch_jump,1.0,0.1780558025957016,12.655346616636761,59.896006932871146
1798,2,7,pitch_jump,1.0,0.2325610123580437,14.456606869757747,59.9293380441304
1798,2,11,pitch_jump,1.0,0.16454983501481807,13.307714286631198,59.9293380441304
1798,2,16,pitch_jump,1.0,0.20573121714031664,13.227294855981388,59.9293380441304
1798,2,20,pitch_jump,1.0,0.25483068214924587,63.49815479335374,59.9293380441304
1798,2,22,pitch_jump,1.0,0.15331850599534988,15.627310591648945,59.9293380441304
1799,2,4,pitch_jump,1.0,0.046920133906712104,54.78263227322774,59.96266915538964
1799,2,5,pitch_jump,1.0,0.09112758014903558,56.23529258892499,59.96266915538964
1799,2,6,pitch_jump,1.0,0.07623256958190562,106.69070595523465,59.96266915538964
1799,2,7,pitch_jump,1.0,0.14077308885770118,193.27340218523494,59.96266915538964
1799,2,9,pitch_jump,1.0,0.04271586928481925,114.19788151360726,59.96266915538964
1799,2,10,pitch_jump,1.0,0.09113648617089978,101.7875878664714,59.96266915538964
1799,2,11,pitch_jump,1.0,0.09027733678920068,167.98728315544767,59.96266915538964
1799,2,14,pitch_jump,1.0,0.04532267276245666,57.15334392910753,59.96266915538964
1799,2,16,pitch_jump,1.0,0.1025032112653253,167.41224561740245,59.96266915538964
1799,2,17,pitch_jump,1.0,0.00887557470237675,108.9186324074572,59.96266915538964
1799,2,18,pitch_jump,1.0,0.045390281315781676,20.69602304903855,59.96266915538964
1799,2,20,pitch_jump,1.0,0.07516887691487546,121.75769129455392,59.96266915538964
1799,2,21,pitch_jump,1.0,0.0797801449656546,93.95184818839282,59.96266915538964
1799,2,22,pitch_jump,1.0,0.0594033777348896,77.01423180608512,59.96266915538964
1800,2,6,pitch_jump,1.0,0.18534657825112372,16.661258874165846,59.99600026664889
1800,2,20,pitch_jump,1.0,0.14678823559836227,15.131897299629278,59.99600026664889
1801,2,4,pitch_jump,1.0,0.10543590731478346,13.375538102999897,60.02933137790814
1801,2,7,pitch_jump,1.0,0.24010069187480676,20.553228367678354,60.02933137790814
1801,2,11,pitch_jump,1.0,0.21071933469194548,27.027422173074914,60.02933137790814
1801,2,14,pitch_jump,1.0,0.08582318956275294,19.226821744355806,60.02933137790814
1801,2,16,pitch_jump,1.0,0.2224573330802866,14.274545313980548,60.02933137790814
1801,2,17,pitch_jump,1.0,0.029051359798754752,18.181319143260396,60.02933137790814
1802,2,7,pitch_jump,1.0,0.12232304585930857,12.862715472753885,60.062662489167394
1802,2,8,pitch_jump,1.0,0.06370596781575834,18.34847539795053,60.062662489167394
1802,2,10,pitch_jump,1.0,0.09391421807385003,12.445789113034023,60.062662489167394
1802,2,11,pitch_jump,1.0,0.09648223841939355,34.843658720389016,60.062662489167394
1802,2,18,pitch_jump,1.0,0.05100479380752652,13.017758971051814,60.062662489167394
1802,2,20,pitch_jump,1.0,0.07292647216337933,26.465330565048287,60.062662489167394
1802,2,21,pitch_jump,1.0,0.07147426961734316,12.93122551222181,60.062662489167394
1803,2,6,pitch_jump,1.0,0.19543222145272868,22.345324379598484,60.09599360042664
1803,2,7,pitch_jump,1.0,0.25334255506997605,59.72638500800396,60.09599360042664
1803,2,8,pitch_jump,1.0,0.11866197341064179,33.25452399471453,60.09599360042664
1803,2,9,pitch_jump,1.0,0.12761714337447552,27.382151282563033,60.09599360042664
1803,2,10,pitch_jump,1.0,0.1981648056746426,35.72168252877847,60.09599360042664
1803,2,11,pitch_jump,1.0,0.20535172406333402,104.76194156180918,60.09599360042664
1803,2,14,pitch_jump,1.0,0.10976682254889811,13.926402975081926,60.09599360042664
1803,2,16,pitch_jump,1.0,0.2243826917061498,49.85949312165751,60.09599360042664
1803,2,18,pitch_jump,1.0,0.12170933000917773,16.714595889087,60.09599360042664
1803,2,20,pitch_jump,1.0,0.16341720314394592,80.70439266384777,60.09599360042664
1803,2,21,pitch_jump,1.0,0.16685155622842454,37.28873230451786,60.09599360042664
1803,2,22,pitch_jump,1.0,0.21109089192691377,15.243912933760464,60.09599360042664
1804,2,5,pitch_jump,1.0,0.20912424711134403,15.885125718231755,60.12932471168589
1804,2,6,pitch_jump,1.0,0.19046679612624548,15.294561445366579,60.12932471168589
1804,2,7,pitch_jump,1.0,0.24464818508274658,18.811515959994544,60.12932471168589
1804,2,8,pitch_jump,1.0,0.14378689313512724,14.024124207828546,60.12932471168589
1804,2,10,pitch_jump,1.0,0.18822760556903212,13.023013731257208,60.12932471168589
1804,2,16,pitch_jump,1.0,0.22761737951669642,18.263165110339095,60.12932471168589
1804,2,18,pitch_jump,1.0,0.13354345004752954,12.049376994572928,60.12932471168589
1804,2,21,pitch_jump,1.0,0.18043009444561695,12.390760999220417,60.12932471168589
1804,2,22,pitch_jump,1.0,0.19439605443719196,14.762508574882466,60.12932471168589
1805,2,7,pitch_jump,1.0,0.1379278052660344,13.256291768085914,60.16265582294514
1806,2,4,pitch_jump,1.0,0.12563053943415767,49.38440741695842,60.19598693420439
1806,2,6,pitch_jump,1.0,0.18751283950192818,20.09387819150845,60.19598693420439
1806,2,7,pitch_jump,1.0,0.24853788534186494,80.08121648911667,60.19598693420439
1806,2,8,pitch_jump,1.0,0.1520359858874226,41.73374173993987,60.19598693420439
1806,2,9,pitch_jump,1.0,0.1269872042529973,161.8904475131222,60.19598693420439
1806,2,10,pitch_jump,1.0,0.2028174875093365,53.333363092599356,60.19598693420439
1806,2,11,pitch_jump,1.0,0.20899823659570077,185.7008029896034,60.19598693420439
1806,2,14,pitch_jump,1.0,0.10026812670226438,87.18762032279332,60.19598693420439
1806,2,16,pitch_jump,1.0,0.2306974795835992,66.33236936385228,60.19598693420439
1806,2,20,pitch_jump,1.0,0.16063937124561714,134.7562567152853,60.19598693420439
1806,2,21,pitch_jump,1.0,0.1802138121450659,55.414149199723,60.19598693420439
1807,2,4,pitch_jump,1.0,0.12030224545729756,13.910740239242479,60.229318045463636
1807,2,5,pitch_jump,1.0,0.21355793503580917,13.719267211402084,60.229318045463636
1807,2,6,pitch_jump,1.0,0.19432400591832727,15.84159103446212,60.229318045463636
1807,2,7,pitch_jump,1.0,0.25147424081334707,21.58363389809057,60.229318045463636
1807,2,9,pitch_jump,1.0,0.1337061478123825,27.86232912835106,60.229318045463636
1807,2,10,pitch_jump,1.0,0.20261951821088775,13.002762943393861,60.229318045463636
1807,2,14,pitch_jump,1.0,0.08925457739008812,20.057237151202102,60.229318045463636
1807,2,16,pitch_jump,1.0,0.22435836321378322,19.71765158292505,60.229318045463636
1807,2,18,pitch_jump,1.0,0.13823013221564176,13.063474299452897,60.229318045463636
1807,2,20,pitch_jump,1.0,0.17091939216685756,17.7285513205889,60.229318045463636
1807,2,21,pitch_jump,1.0,0.20211735213739965,12.411532978927424,60.229318045463636
1807,2,22,pitch_jump,1.0,0.17408396322412897,18.04369212111316,60.229318045463636
1808,2,7,pitch_jump,1.0,0.12820359944724835,15.58177132105216,60.26264915672289
1808,2,9,pitch_jump,1.0,0.04839162398322827,16.992532913509372,60.26264915672289
1808,2,14,pitch_jump,1.0,0.02539878895831643,14.759831744741634,60.26264915672289
1808,2,16,pitch_jump,1.0,0.11021615575916867,13.276992218468502,60.26264915672289
1809,2,5,pitch_jump,1.0,0.19432105286244314,13.028052501062072,60.29598026798214
1809,2,6,pitch_jump,1.0,0.2086360040860234,14.161104424554098,60.29598026798214
1809,2,7,pitch_jump,1.0,0.24667169534273894,20.0227524727112,60.29598026798214
1809,2,10,pitch_jump,1.0,0.2018109374179363,16.294991417958027,60.29598026798214
1809,2,16,pitch_jump,1.0,0.22171074399892915,18.203817296879887,60.29598026798214
1809,2,20,pitch_jump,1.0,0.1696731518103067,16.588304456051105,60.29598026798214
1809,2,21,pitch_jump,1.0,0.1954208728676595,13.787022149796682,60.29598026798214
1809,2,22,pitch_jump,1.0,0.17004508027258747,12.529487124022701,60.29598026798214
1810,2,4,pitch_jump,1.0,0.10550917676640982,24.641850099777578,60.32931137924139
1810,2,5,pitch_jump,1.0,0.19435781912913522,22.45477689206553,60.32931137924139
1810,2,6,pitch_jump,1.0,0.17228200966662663,35.354761234247306,60.32931137924139
1810,2,7,pitch_jump,1.0,0.23578438527812937,69.12786727400409,60.32931137924139
1810,2,8,pitch_jump,1.0,0.1270873551189009,23.086520878991482,60.32931137924139
1810,2,9,pitch_jump,1.0,0.12444238255730374,95.94839633666611,60.32931137924139
1810,2,10,pitch_jump,1.0,0.17738976376815577,46.93523265575268,60.32931137924139
1810,2,14,pitch_jump,1.0,0.10196916336993805,51.33060097172147,60.32931137924139
1810,2,16,pitch_jump,1.0,0.21909765778492676,62.131310862801406,60.32931137924139
1810,2,18,pitch_jump,1.0,0.10766855589251491,19.857105733682047,60.32931137924139
1810,2,20,pitch_jump,1.0,0.15389294341866333,71.89471420667783,60.32931137924139
1810,2,21,pitch_jump,1.0,0.1848315398950902,45.58744817462042,60.32931137924139
1810,2,22,pitch_jump,1.0,0.18377916385978757,28.79896357224741,60.32931137924139
1811,2,4,pitch_jump,1.0,0.05019132707415739,22.766423749221183,60.36264249050063
1811,2,5,pitch_jump,1.0,0.08839019087720436,13.791196835712864,60.36264249050063
1811,2,9,pitch_jump,1.0,0.05701457295961631,32.5022209704395,60.36264249050063
1811,2,14,pitch_jump,1.0,0.03560466052016162,18.928653556245088,60.36264249050063
1812,2,4,pitch_jump,1.0,0.12955366263460305,22.353594352528326,60.395973601759884
1812,2,8,pitch_jump,1.0,0.11349724889626722,17.778865687035832,60.395973601759884
1812,2,9,pitch_jump,1.0,0.10212010564646407,17.203652242524658,60.395973601759884
1812,2,14,pitch_jump,1.0,0.0807535484588288,19.506780718804766,60.395973601759884
1812,2,18,pitch_jump,1.0,0.10968631588186269,18.016236238778095,60.395973601759884
1813,2,7,pitch_jump,1.0,0.22231503395424634,18.77820195249281,60.429304713019135
1813,2,14,pitch_jump,1.0,0.07034470202637726,12.067204967968044,60.429304713019135
1813,2,20,pitch_jump,1.0,0.1285190290404714,13.355541457311066,60.429304713019135
1814,2,4,pitch_jump,1.0,0.025256378569091496,12.599474609354372,60.46263582427839
1814,2,16,pitch_jump,1.0,0.09094422807757226,14.529084352263746,60.46263582427839
1816,2,4,pitch_jump,1.0,0.09749822916310087,14.105787292739487,60.52929804679688
1816,2,5,pitch_jump,1.0,0.1754131589354364,16.66772611556035,60.52929804679688
1816,2,6,pitch_jump,1.0,0.12819121590928684,15.063484509606312,60.52929804679688
1816,2,7,pitch_jump,1.0,0.20888103336736435,12.213668256996828,60.52929804679688
1816,2,10,pitch_jump,1.0,0.16940712979920564,12.516692288111072,60.52929804679688
1816,2,16,pitch_jump,1.0,0.19055872443759825,16.507027573802212,60.52929804679688
1816,2,21,pitch_jump,1.0,0.15294558432251124,12.986287358974183,60.52929804679688
1816,2,22,pitch_jump,1.0,0.1499699081364153,18.761791630145332,60.52929804679688
1817,2,5,pitch_jump,1.0,0.07380341148978815,18.233797087608142,60.56262915805613
1817,2,6,pitch_jump,1.0,0.05009917307357711,19.852188150144862,60.56262915805613
1817,2,7,pitch_jump,1.0,0.10514013842237777,26.725927737647183,60.56262915805613
1817,2,16,pitch_jump,1.0,0.09430437863848416,19.252349287873738,60.56262915805613
1817,2,22,pitch_jump,1.0,0.05312070547471926,16.0770014191269,60.56262915805613
1818,2,5,pitch_jump,1.0,0.169454610266948,17.548711274630982,60.595960269315384
1818,2,6,pitch_jump,1.0,0.13558442111242316,13.241946681157113,60.595960269315384
1818,2,7,pitch_jump,1.0,0.18574075686884203,34.62673017241466,60.595960269315384
1818,2,8,pitch_jump,1.0,0.10476816885185972,14.90638838110461,60.595960269315384
1818,2,9,pitch_jump,1.0,0.09117379780730273,12.591531262030342,60.595960269315384
1818,2,10,pitch_jump,1.0,0.16213395778503267,20.680126807674416,60.595960269315384
1818,2,16,pitch_jump,1.0,0.18389474739880368,28.223443892210124,60.595960269315384
1818,2,18,pitch_jump,1.0,0.1180611199292489,15.72745518999454,60.595960269315384
1818,2,21,pitch_jump,1.0,0.15639612485613927,21.638119290385045,60.595960269315384
1818,2,22,pitch_jump,1.0,0.14489086121480754,23.93423465787919,60.595960269315384
1819,2,7,pitch_jump,1.0,0.19352484396195055,16.279768688816343,60.62929138057463
1819,2,16,pitch_jump,1.0,0.19122112212551273,14.558066067768813,60.62929138057463
1819,2,20,pitch_jump,2.0,0.11623544233674035,17.307446737211983,60.62929138057463
1819,2,22,pitch_jump,1.0,0.13587675323185114,12.849403655389526,60.62929138057463
1820,2,4,pitch_jump,1.0,0.04673936462708355,16.991406486101486,60.66262249183388
1820,2,5,pitch_jump,1.0,0.07657635625855826,23.561698596512535,60.66262249183388
1820,2,6,pitch_jump,1.0,0.05540536886072804,31.497863034558222,60.66262249183388
1820,2,7,pitch_jump,1.0,0.11178256778000077,21.25977882598918,60.66262249183388
1820,2,9,pitch_jump,1.0,0.03291915287440892,14.646365997062787,60.66262249183388
1820,2,10,pitch_jump,1.0,0.0727448743239852,17.09062830769222,60.66262249183388
1820,2,16,pitch_jump,1.0,0.09147245910114897,25.142226047698575,60.66262249183388
1820,2,20,pitch_jump,1.0,0.026877193708221104,13.440196024566504,60.66262249183388
1820,2,21,pitch_jump,1.0,0.05476244817899231,20.617348359054617,60.66262249183388
1820,2,22,pitch_jump,1.0,0.055176662818895474,24.983924433814778,60.66262249183388
1821,2,4,pitch_jump,1.0,0.09062179495153244,35.257605529940825,60.69595360309313
1821,2,5,pitch_jump,1.0,0.15806928521577318,34.20611779226775,60.69595360309313
1821,2,6,pitch_jump,1.0,0.10216662121389025,27.438610983954057,60.69595360309313
1821,2,7,pitch_jump,1.0,0.19831971803174323,22.49360484731308,60.69595360309313
1821,2,9,pitch_jump,1.0,0.07176175555312707,35.110506951746686,60.69595360309313
1821,2,10,pitch_jump,1.0,0.1748234072221936,13.334117330235097,60.69595360309313
1821,2,14,pitch_jump,1.0,0.08722161292935576,32.15566825890035,60.69595360309313
1821,2,16,pitch_jump,1.0,0.19498513676543594,25.542604824299506,60.69595360309313
1821,2,18,pitch_jump,1.0,0.08903791909488096,12.399897081593512,60.69595360309313
1821,2,20,pitch_jump,1.0,0.0499674821779837,13.812534973861995,60.69595360309313
1821,2,21,pitch_jump,1.0,0.14741757436466346,12.328119533287133,60.69595360309313
1821,2,22,pitch_jump,1.0,0.15209320854696243,29.172812710641033,60.69595360309313
1822,2,10,pitch_jump,1.0,0.18114786954144343,20.671438734373783,60.72928471435238
1823,2,4,pitch_jump,1.0,0.018659252716032356,12.08216675612236,60.762615825611626
1823,2,5,pitch_jump,1.0,0.05368079958672588,15.329355076537231,60.762615825611626
1823,2,6,pitch_jump,1.0,0.04692929164699544,13.980273777770083,60.762615825611626
1823,2,7,pitch_jump,1.0,0.08605112868052738,13.117591927108833,60.762615825611626
1823,2,16,pitch_jump,1.0,0.0834735296916551,12.402834304781813,60.762615825611626
1823,2,22,pitch_jump,1.0,0.05382938854705006,14.665214534524152,60.762615825611626
1824,2,6,pitch_jump,1.0,0.10571083384276858,13.922984516336454,60.79594693687088
1824,2,7,pitch_jump,1.0,0.17343859802358338,17.22929128095748,60.79594693687088
1824,2,8,pitch_jump,1.0,0.09324352339807285,14.68271847783687,60.79594693687088
1824,2,10,pitch_jump,1.0,0.1525373786072702,16.82800285380756,60.79594693687088
1824,2,16,pitch_jump,1.0,0.15503880403725098,17.05239422750731,60.79594693687088
1824,2,18,pitch_jump,1.0,0.07680904700790396,12.678095517245564,60.79594693687088
1824,2,21,pitch_jump,1.0,0.12696288890422464,14.17570333968104,60.79594693687088
1825,2,4,pitch_jump,1.0,0.07461316498259571,12.539610481006862,60.82927804813013
1825,2,8,pitch_jump,1.0,0.07118567148618939,12.4841845068055,60.82927804813013
1825,2,9,pitch_jump,1.0,0.07025218049048487,14.439038733221496,60.82927804813013
1825,2,14,pitch_jump,1.0,0.051255142843974276,13.235315773979469,60.82927804813013
1825,2,18,pitch_jump,1.0,0.06493124733661924,12.631045932344483,60.82927804813013
1827,2,4,pitch_jump,1.0,0.06173528762140992,17.61435696886153,60.89594027064862
1827,2,7,pitch_jump,1.0,0.15655363342984208,21.346446503614697,60.89594027064862
1827,2,8,pitch_jump,1.0,0.05364501338636728,14.165012734697694,60.89594027064862
1827,2,9,pitch_jump,1.0,0.07568269421512758,16.6715268791384,60.89594027064862
1827,2,10,pitch_jump,1.0,0.13733310166509852,22.178143228072432,60.89594027064862
1827,2,16,pitch_jump,1.0,0.14958651324198768,20.220470323077063,60.89594027064862
1827,2,21,pitch_jump,1.0,0.09456316439533892,17.273707384916616,60.89594027064862
1827,2,22,pitch_jump,1.0,0.10416781911292898,15.393132628321037,60.89594027064862
1829,2,9,pitch_jump,1.0,0.01850535817894871,16.334450955829944,60.962602493167125
1830,2,5,pitch_jump,1.0,0.10167490771529145,13.391622766440488,60.99593360442638
1831,2,4,pitch_jump,1.0,0.023794388862866396,19.49715358352823,61.02926471568562
1831,2,9,pitch_jump,1.0,0.03773624434714396,20.835386473265856,61.02926471568562
1831,2,14,pitch_jump,1.0,0.05387479620269319,12.280904462162091,61.02926471568562
1833,2,9,pitch_jump,1.0,0.028492123237249707,12.898941071661579,61.09592693820412
1834,2,6,pitch_jump,1.0,0.05248768960135235,13.947608846431894,61.129258049463374
1835,2,4,pitch_jump,1.0,0.007501502220529457,20.839649764893228,61.16258916072262
1835,2,5,pitch_jump,1.0,0.040753744162170424,18.600813348668023,61.16258916072262
1835,2,6,pitch_jump,1.0,0.024225332381810613,24.561847054564367,61.16258916072262
1835,2,7,pitch_jump,1.0,0.06094755844801567,24.764418806477696,61.16258916072262
1835,2,9,pitch_jump,1.0,0.015370785780443201,21.845373147763407,61.16258916072262
1835,2,10,pitch_jump,1.0,0.21686339072281108,39.31783865907551,61.16258916072262
1835,2,14,pitch_jump,1.0,0.021603207498029724,20.374130057429916,61.16258916072262
1835,2,16,pitch_jump,1.0,0.07215003036133162,26.855273028828936,61.16258916072262
1835,2,18,pitch_jump,1.0,0.021912382076985582,20.066319024909124,61.16258916072262
1835,2,21,pitch_jump,1.0,0.049919035443197535,21.1859471566263,61.16258916072262
1835,2,22,pitch_jump,1.0,0.03996223325956568,22.996089406632237,61.16258916072262
1836,2,4,pitch_jump,1.0,0.02136687586698345,14.19331539380559,61.19592027198187
1836,2,5,pitch_jump,1.0,0.09214067189495954,15.057162044125388,61.19592027198187
1836,2,6,pitch_jump,1.0,0.04603620581366457,15.400410238670414,61.19592027198187
1836,2,7,pitch_jump,1.0,0.11000353538067427,17.05477720294328,61.19592027198187
1836,2,10,pitch_jump,1.0,0.18152185901868412,31.497996734823605,61.19592027198187
1836,2,16,pitch_jump,1.0,0.09295664336454165,13.63983573564768,61.19592027198187
1836,2,22,pitch_jump,1.0,0.08118303846269555,14.843626041874554,61.19592027198187
1837,2,4,pitch_jump,1.0,0.009808379416273189,13.716539816405277,61.22925138324112
1837,2,10,pitch_jump,1.0,0.12535880510640213,12.23007084034619,61.22925138324112
1838,2,10,pitch_jump,1.0,0.11061008187393491,19.489819348863787,61.26258249450037
1839,2,10,pitch_jump,1.0,0.09424309437722644,14.090372631629236,61.295913605759615
1840,2,6,pitch_jump,1.0,0.005892342352908035,13.301980831350368,61.32924471701887
1840,2,7,pitch_jump,1.0,0.06758203854387095,17.56451807888861,61.32924471701887
1840,2,10,pitch_jump,1.0,0.09987006197268096,30.142325815954205,61.32924471701887
1840,2,16,pitch_jump,1.0,0.06210586153838203,17.981566704510968,61.32924471701887
1840,2,21,pitch_jump,1.0,0.03059898301677312,12.271222215861439,61.32924471701887
1840,2,22,pitch_jump,1.0,0.044808015483686334,12.826444932354182,61.32924471701887
1842,2,10,pitch_jump,1.0,0.06471323453499686,20.17854435957001,61.39590693953737
1843,2,9,pitch_jump,1.0,0.03253077300016081,19.085047180853458,61.42923805079661
1843,2,10,pitch_jump,1.0,0.050263659730318294,19.905122827094363,61.42923805079661
1845,2,9,pitch_jump,1.0,0.031147688656798254,12.2579873652917,61.495900273315115
1845,2,10,pitch_jump,1.0,0.043296961412397916,12.410906996202554,61.495900273315115
1846,2,7,pitch_jump,1.0,0.05065053654061907,12.195215226218204,61.529231384574366
1848,2,10,pitch_jump,1.0,0.05353792525330526,17.239951471122527,61.59589360709286
1848,2,14,pitch_jump,1.0,0.027539936894241383,15.27866457826432,61.59589360709286
1851,2,8,pitch_jump,1.0,0.10341429709464013,14.045800984273374,61.69588694087061
1851,2,10,pitch_jump,1.0,0.07323432062545018,12.217287820558953,61.69588694087061
1851,2,16,pitch_jump,1.0,0.06542606221999012,12.122353388223349,61.69588694087061
1852,2,22,pitch_jump,1.0,0.060642303496173645,13.279003965153281,61.72921805212986
1853,2,9,pitch_jump,1.0,0.033790686965463494,16.45343607011742,61.76254916338911
1855,2,20,pitch_jump,1.0,0.12733886977632314,14.476244303092452,61.829211385907605
1856,2,8,pitch_jump,1.0,0.04927445137173858,15.971246768195273,61.86254249716686
1856,2,20,pitch_jump,1.0,0.06890118124122446,15.353065871816472,61.86254249716686
1857,2,8,pitch_jump,1.0,0.10315088274962654,14.976405873205973,61.89587360842611
1857,2,10,pitch_jump,1.0,0.07787383522624595,12.454386631778304,61.89587360842611
1857,2,20,pitch_jump,1.0,0.11678487015027765,14.517729531052906,61.89587360842611
1857,2,21,pitch_jump,1.0,0.0875197247062005,13.878878483788636,61.89587360842611
1859,2,7,pitch_jump,1.0,0.03326326281274235,13.455644762000667,61.9625358309446
1859,2,16,pitch_jump,1.0,0.024712476445000874,12.723459255452285,61.9625358309446
1864,2,4,pitch_jump,1.0,0.03257314956173497,15.591384735394572,62.12919138724085
1864,2,6,pitch_jump,1.0,0.05083881450730397,17.000612986610072,62.12919138724085
1864,2,7,pitch_jump,1.0,0.06152301709505745,13.632309577939196,62.12919138724085
1864,2,8,pitch_jump,1.0,0.0710237889279742,20.80525008443218,62.12919138724085
1864,2,9,pitch_jump,1.0,0.02420089102799442,13.820226955628593,62.12919138724085
1864,2,10,pitch_jump,1.0,0.0509360569233579,22.926582816403883,62.12919138724085
1864,2,14,pitch_jump,1.0,0.00803247813795654,20.509221450844198,62.12919138724085
1864,2,16,pitch_jump,1.0,0.0494529120918621,18.269558884102764,62.12919138724085
1864,2,18,pitch_jump,1.0,0.06770090179810895,16.52282419466668,62.12919138724085
1864,2,20,pitch_jump,1.0,0.1083544947704719,26.49186839651563,62.12919138724085
1864,2,21,pitch_jump,1.0,0.07008926253114905,19.253736029564198,62.12919138724085
1864,2,22,pitch_jump,1.0,0.016697055661941514,15.662776884390903,62.12919138724085
1866,2,9,pitch_jump,1.0,0.01719465520880128,12.947783679751144,62.195853609759354
1867,2,7,pitch_jump,1.0,0.027038039138015526,15.9954261835621,62.2291847210186
1867,2,9,pitch_jump,1.0,0.0211316338003706,20.90955525718755,62.2291847210186
1867,2,16,pitch_jump,1.0,0.03096084236703991,15.345992657975325,62.2291847210186
1867,2,20,pitch_jump,1.0,0.08289272931836654,12.70758818186769,62.2291847210186
1867,2,21,pitch_jump,1.0,0.057715546069400304,13.255433412481375,62.2291847210186
1868,2,8,pitch_jump,1.0,0.0235541020313624,12.61785415287545,62.26251583227785
1868,2,9,pitch_jump,1.0,0.020435451188595383,17.559270281519616,62.26251583227785
1868,2,10,pitch_jump,1.0,0.02793769618872796,16.61244956732076,62.26251583227785
1868,2,14,pitch_jump,1.0,0.010447122859113436,16.363931707582662,62.26251583227785
1868,2,20,pitch_jump,1.0,0.046637453399942824,12.3557869348541,62.26251583227785
1870,2,5,pitch_jump,1.0,0.015939535748118745,13.163385129900947,62.32917805479635
1870,2,7,pitch_jump,1.0,0.02639178585069543,12.779348227011203,62.32917805479635
1870,2,9,pitch_jump,1.0,0.025989029570807416,14.558047552639977,62.32917805479635
1870,2,10,pitch_jump,1.0,0.021525821933084312,16.666001582708986,62.32917805479635
1870,2,16,pitch_jump,1.0,0.02037457772134968,14.324954004671651,62.32917805479635
1870,2,21,pitch_jump,1.0,0.0432585608397058,13.879759294043657,62.32917805479635
1870,2,22,pitch_jump,1.0,0.008238651183211248,14.092559425489222,62.32917805479635
1871,2,3,pitch_jump,1.0,0.03935795268683616,16.508675390447365,62.362509166055595
1871,2,8,pitch_jump,1.0,0.023170586492053655,12.955081708456925,62.362509166055595
1871,2,9,pitch_jump,1.0,0.010542812265460532,12.929473107025409,62.362509166055595
1871,2,14,pitch_jump,1.0,0.005022756319095273,12.225401774956557,62.362509166055595
1871,2,18,pitch_jump,1.0,0.021072097463065594,12.109356235213005,62.362509166055595
1875,2,4,pitch_jump,1.0,0.006732958803550381,18.914003950906693,62.49583361109259
1875,2,5,pitch_jump,1.0,0.022563937112095336,17.135114215622483,62.49583361109259
1875,2,6,pitch_jump,1.0,0.007537366268018643,21.53953626824438,62.49583361109259
1875,2,7,pitch_jump,1.0,0.023077336279036898,26.43197917852187,62.49583361109259
1875,2,8,pitch_jump,1.0,0.0367216851729815,14.357860638526132,62.49583361109259
1875,2,9,pitch_jump,1.0,0.023352761822747804,17.640364797611287,62.49583361109259
1875,2,10,pitch_jump,1.0,0.030858020833136476,29.551675318575086,62.49583361109259
1875,2,14,pitch_jump,1.0,0.034921303564307095,14.647918516107776,62.49583361109259
1875,2,16,pitch_jump,1.0,0.024035026235419,32.13964100230734,62.49583361109259
1875,2,18,pitch_jump,1.0,0.02567321846259904,14.696668275034627,62.49583361109259
1875,2,20,pitch_jump,1.0,0.04481718452872606,21.813921959775012,62.49583361109259
1875,2,21,pitch_jump,1.0,0.019164638824073155,18.884908137648058,62.49583361109259
1875,2,22,pitch_jump,1.0,0.023650766253890093,17.563087064085718,62.49583361109259
1877,2,9,pitch_jump,1.0,0.021801675709210457,12.410081881949528,62.562495833611095
1878,2,4,pitch_jump,1.0,0.02046832595586335,12.953472335414425,62.595826944870346
1878,2,5,pitch_jump,1.0,0.04127886032555605,12.01737766087772,62.595826944870346
1878,2,7,pitch_jump,1.0,0.025792640019737047,14.818736420592852,62.595826944870346
1878,2,9,pitch_jump,1.0,0.011621771582693084,12.742291937527787,62.595826944870346
1878,2,22,pitch_jump,1.0,0.03457562164728809,12.666440832772958,62.595826944870346
1879,2,5,pitch_jump,1.0,0.031589575254446466,13.302390883623024,62.62915805612959
1879,2,7,pitch_jump,1.0,0.01479423384059792,19.087735200663822,62.62915805612959
1879,2,16,pitch_jump,1.0,0.016144627347615487,17.460539999135843,62.62915805612959
1879,2,22,pitch_jump,1.0,0.03277017229899127,12.098281312814377,62.62915805612959
1880,2,9,pitch_jump,1.0,0.010077381572525508,13.008152033939094,62.66248916738884
1880,2,14,pitch_jump,1.0,0.023791363738684897,14.146983632442916,62.66248916738884
1884,2,6,pitch_jump,1.0,0.01744922817999183,14.832077235055012,62.79581361242584
1884,2,9,pitch_jump,1.0,0.02789174534892045,13.751816084917738,62.79581361242584
1884,2,22,pitch_jump,1.0,0.026694479165344585,12.596812656499486,62.79581361242584
1885,2,4,pitch_jump,1.0,0.017856880371817634,27.672296399954828,62.82914472368509
1885,2,6,pitch_jump,1.0,0.017442825464900853,25.895534666863586,62.82914472368509
1885,2,8,pitch_jump,1.0,0.01397640132413319,18.745651188698528,62.82914472368509
1885,2,9,pitch_jump,1.0,0.026090762736532935,42.39665707459059,62.82914472368509
1885,2,10,pitch_jump,1.0,0.014499991033668915,12.171577755391043,62.82914472368509
1885,2,14,pitch_jump,1.0,0.030256410466521725,26.135419138493873,62.82914472368509
1885,2,18,pitch_jump,1.0,0.020665306893846373,17.920219048102428,62.82914472368509
1885,2,20,pitch_jump,1.0,0.04492117287940182,22.860786830620885,62.82914472368509
1885,2,21,pitch_jump,1.0,0.023876359153871773,14.439993725505632,62.82914472368509
1885,2,22,pitch_jump,1.0,0.02919111035282466,23.64350963198103,62.82914472368509
1887,2,3,pitch_jump,1.0,0.037292398696784884,13.04648787874393,62.89580694620359
1887,2,9,pitch_jump,1.0,0.01102101539065126,14.652553614832692,62.89580694620359
1889,2,9,pitch_jump,1.0,0.004427381266125729,12.462690890440436,62.96246916872209
1890,2,4,pitch_jump,1.0,0.025314468646581535,13.226155008029878,62.99580027998134
1890,2,7,pitch_jump,1.0,0.03573855072728751,16.355605586416072,62.99580027998134
1890,2,9,pitch_jump,1.0,0.02512867248400102,17.375485446555533,62.99580027998134
1891,2,5,pitch_jump,1.0,0.040576021323079046,21.963834580730577,63.02913139124059
1891,2,6,pitch_jump,1.0,0.0010675143803704603,14.500566354325512,63.02913139124059
1891,2,7,pitch_jump,1.0,0.014819330586206797,50.02473232412067,63.02913139124059
1891,2,9,pitch_jump,1.0,0.026401866601495762,65.67433660276707,63.02913139124059
1891,2,10,pitch_jump,1.0,0.01719489157039504,32.18047828843703,63.02913139124059
1891,2,14,pitch_jump,1.0,0.04135850382247818,32.29498097147015,63.02913139124059
1891,2,16,pitch_jump,1.0,0.01339532694802298,37.040069556569414,63.02913139124059
1891,2,21,pitch_jump,1.0,0.01820623766195453,27.437486845148317,63.02913139124059
1891,2,22,pitch_jump,1.0,0.030133132950396314,14.429543832034438,63.02913139124059
1894,2,7,pitch_jump,1.0,0.014704649984610579,16.5243207350416,63.129124725018336
1894,2,9,pitch_jump,1.0,0.021063450771282785,14.189279052189192,63.129124725018336
1894,2,14,pitch_jump,1.0,0.035277406675735486,12.047167723543557,63.129124725018336
1895,2,7,pitch_jump,1.0,0.013075814254134682,14.985214283360575,63.16245583627759
1895,2,16,pitch_jump,1.0,0.00854331638099806,13.45470838890982,63.16245583627759
1896,2,7,pitch_jump,1.0,0.03112205299604713,16.960981426309193,63.19578694753683
1897,2,6,pitch_jump,1.0,0.019865577498034248,14.131627901327889,63.22911805879608
1897,2,7,pitch_jump,1.0,0.03733087556296892,18.587620789814462,63.22911805879608
1897,2,8,pitch_jump,1.0,0.0292606290987517,12.347045656319345,63.22911805879608
1897,2,16,pitch_jump,1.0,0.013248156617400773,13.102570446610802,63.22911805879608
1900,2,17,pitch_jump,1.0,0.03548224510768362,14.708657192934421,63.32911139257383
1901,2,4,pitch_jump,1.0,0.02562039333989679,20.513490994431532,63.36244250383308
1901,2,5,pitch_jump,1.0,0.018265365853446895,12.50510959874668,63.36244250383308
1901,2,6,pitch_jump,1.0,0.003591588288436606,12.886769604613985,63.36244250383308
1901,2,7,pitch_jump,1.0,0.016507103761084413,16.0271196423008,63.36244250383308
1901,2,9,pitch_jump,1.0,0.02598856925098287,25.325859676517187,63.36244250383308
1901,2,14,pitch_jump,1.0,0.021185535816322664,18.684750185335485,63.36244250383308
1901,2,16,pitch_jump,1.0,0.014244082597574667,14.264489916242376,63.36244250383308
1901,2,17,pitch_jump,1.0,0.019232861349526176,12.611001998999106,63.36244250383308
1901,2,18,pitch_jump,1.0,0.014399511122971687,13.014969689485017,63.36244250383308
1901,2,22,pitch_jump,1.0,0.021735338668040633,13.827836550955364,63.36244250383308
1902,2,7,pitch_jump,1.0,0.01928294654846829,14.415583948051909,63.39577361509233
1904,2,8,pitch_jump,1.0,0.027764940248256355,21.279140612852085,63.462435837610826
1904,2,10,pitch_jump,1.0,0.014864178531027936,14.20498261619964,63.462435837610826
1904,2,17,pitch_jump,1.0,0.026312735297709663,17.122337443648238,63.462435837610826
1904,2,18,pitch_jump,1.0,0.012940265749281444,12.158406028118591,63.462435837610826
1904,2,21,pitch_jump,1.0,0.008747875317165444,12.833732911913346,63.462435837610826
1905,2,4,pitch_jump,1.0,0.042990876123756676,17.210133556595675,63.49576694887008
1905,2,8,pitch_jump,1.0,0.03751311470752452,19.75622902650475,63.49576694887008
1905,2,9,pitch_jump,1.0,0.033052749328244084,55.48013025015996,63.49576694887008
1905,2,14,pitch_jump,1.0,0.03460284837914037,37.13340489439832,63.49576694887008
1905,2,17,pitch_jump,1.0,0.050184846287696074,73.76903740990673,63.49576694887008
1905,2,18,pitch_jump,1.0,0.023248817121337313,19.834214073679302,63.49576694887008
1906,2,8,pitch_jump,1.0,0.024518190599351196,13.78445210211258,63.52909806012933
1906,2,9,pitch_jump,1.0,0.041853830660835076,12.340925012477927,63.52909806012933
1906,2,17,pitch_jump,1.0,0.030540495634988493,14.933326505186741,63.52909806012933
1908,2,4,pitch_jump,1.0,0.10725978890348385,20.002412232045494,63.595760282647824
1908,2,6,pitch_jump,1.0,0.022400354436040913,12.949417700568809,63.595760282647824
1908,2,7,pitch_jump,1.0,0.022638535742209708,13.655222038540394,63.595760282647824
1908,2,9,pitch_jump,1.0,0.04944003484921329,12.86221811341559,63.595760282647824
1908,2,18,pitch_jump,1.0,0.018418964076852323,12.819906834259148,63.595760282647824
1909,2,4,pitch_jump,1.0,0.09275350555880739,24.15643882833465,63.629091393907075
1909,2,5,pitch_jump,1.0,0.07920268651208555,18.89045013783751,63.629091393907075
1909,2,6,pitch_jump,1.0,0.03764754719082762,22.60858279117477,63.629091393907075
1909,2,7,pitch_jump,1.0,0.024342681340443678,25.185871940511475,63.629091393907075
1909,2,8,pitch_jump,1.0,0.011706959890221136,12.824757477852922,63.629091393907075
1909,2,10,pitch_jump,1.0,0.018459824062795987,18.794140158331462,63.629091393907075
1909,2,14,pitch_jump,1.0,0.048321895207867394,14.923154301491941,63.629091393907075
1909,2,16,pitch_jump,1.0,0.01949975473052897,25.87961020316497,63.629091393907075
1909,2,18,pitch_jump,1.0,0.015801561080240955,18.89134090087185,63.629091393907075
1909,2,21,pitch_jump,1.0,0.006588623607663319,18.86647814225164,63.629091393907075
1909,2,22,pitch_jump,1.0,0.04196143251407521,21.084422939722664,63.629091393907075
1910,2,4,pitch_jump,1.0,0.06079405687157649,13.861676130616347,63.662422505166326
1910,2,9,pitch_jump,1.0,0.022927288811843704,13.965054689429117,63.662422505166326
1911,2,7,pitch_jump,1.0,0.022063203527068104,14.1763856435357,63.69575361642558
1911,2,9,pitch_jump,1.0,0.044370049424919754,16.086877998687168,63.69575361642558
1911,2,17,pitch_jump,1.0,0.021062205348614284,20.473723572009284,63.69575361642558
1911,2,20,pitch_jump,3.0,0.9692212505662906,46.549322257592316,63.69575361642558
1913,2,7,pitch_jump,1.0,0.026691360881918397,16.051188821162242,63.76241583894407
1914,2,7,pitch_jump,1.0,0.052399529152541494,13.285786876025002,63.79574695020332
1915,2,4,pitch_jump,1.0,0.06490049279187533,19.44410498117458,63.829078061462575
1915,2,6,pitch_jump,1.0,0.012332517157950048,13.378139928978245,63.829078061462575
1915,2,7,pitch_jump,1.0,0.05463278342572415,16.394857738175908,63.829078061462575
1915,2,8,pitch_jump,1.0,0.02750292948216697,20.124139081666872,63.829078061462575
1915,2,9,pitch_jump,1.0,0.050229860942881635,35.14246008873678,63.829078061462575
1915,2,10,pitch_jump,1.0,0.013800637280290054,15.33609762910404,63.829078061462575
1915,2,14,pitch_jump,1.0,0.03154851365016088,23.434301719626408,63.829078061462575
1915,2,16,pitch_jump,1.0,0.015084344452294687,12.310470454526898,63.829078061462575
1915,2,17,pitch_jump,1.0,0.02075597476239043,22.745500109732617,63.829078061462575
1915,2,18,pitch_jump,1.0,0.00948238753562831,16.384256878079604,63.829078061462575
1915,2,19,pitch_jump,1.0,0.01626936993064424,13.41105147035523,63.829078061462575
1915,2,21,pitch_jump,1.0,0.016568553238359277,18.56712632502601,63.829078061462575
1917,2,4,pitch_jump,1.0,0.07150793650918348,17.66227267265598,63.89574028398107
1917,2,6,pitch_jump,1.0,0.008221776137530699,14.241882552445295,63.89574028398107
1917,2,7,pitch_jump,1.0,0.023520555393473166,17.338714901996678,63.89574028398107
1917,2,8,pitch_jump,1.0,0.02696764981054331,14.702950194609366,63.89574028398107
1917,2,10,pitch_jump,1.0,0.027487200294437665,15.571204320808524,63.89574028398107
1917,2,14,pitch_jump,1.0,0.022645673130709823,12.073365646261523,63.89574028398107
1917,2,16,pitch_jump,1.0,0.021692901321351654,12.796908560798066,63.89574028398107
1917,2,17,pitch_jump,1.0,0.007500164897095033,12.184656926514883,63.89574028398107
1917,2,19,pitch_jump,1.0,0.020929560362409897,19.70144584950321,63.89574028398107
1917,2,20,pitch_jump,1.0,0.02261565775577244,20.43956329279716,63.89574028398107
1918,2,4,pitch_jump,1.0,0.051192638239075244,19.5579628592264,63.92907139524032
1918,2,5,pitch_jump,1.0,0.05105577527261524,12.055629666102416,63.92907139524032
1918,2,6,pitch_jump,1.0,0.01296064159410861,17.305970810367537,63.92907139524032
1918,2,7,pitch_jump,1.0,0.012446116204033719,21.832683993243613,63.92907139524032
1918,2,10,pitch_jump,1.0,0.032797439380720106,18.206411337050966,63.92907139524032
1918,2,16,pitch_jump,1.0,0.02496703807902119,16.8440851454663,63.92907139524032
1918,2,20,pitch_jump,1.0,0.01841057924267623,18.02643502762261,63.92907139524032
1918,2,21,pitch_jump,1.0,0.019605600109427673,13.602492854291357,63.92907139524032
1919,2,17,pitch_jump,1.0,0.016718977466920786,12.7314221042858,63.96240250649957
1920,2,4,pitch_jump,1.0,0.009678426405937286,35.8018531156381,63.995733617758816
1920,2,5,pitch_jump,1.0,0.012165800359245832,28.22652012400733,63.995733617758816
1920,2,6,pitch_jump,1.0,0.010715630202194876,26.92464408885825,63.995733617758816
1920,2,7,pitch_jump,1.0,0.024495091353687527,30.704837963016903,63.995733617758816
1920,2,9,pitch_jump,1.0,0.04870824463559511,41.27518926973572,63.995733617758816
1920,2,14,pitch_jump,1.0,0.03340109893723019,27.55971824363252,63.995733617758816
1920,2,16,pitch_jump,1.0,0.032347035342763675,20.62396785133551,63.995733617758816
1920,2,17,pitch_jump,1.0,0.01990997609048035,19.70775013473057,63.995733617758816
1920,2,18,pitch_jump,1.0,0.024231883786152677,22.805850629666324,63.995733617758816
1920,2,19,pitch_jump,1.0,0.029608392100421252,20.92216564545822,63.995733617758816
1920,2,21,pitch_jump,1.0,0.022081373574232437,15.533933426699727,63.995733617758816
1920,2,22,pitch_jump,1.0,0.025011790227378528,25.247758056311106,63.995733617758816
1922,2,16,pitch_jump,1.0,0.009897319966288053,12.655202811981207,64.06239584027732
1923,2,4,pitch_jump,1.0,0.042172709310817735,13.996638137518842,64.09572695153656
1923,2,5,pitch_jump,1.0,0.04350554047579813,17.16323527027399,64.09572695153656
1923,2,6,pitch_jump,1.0,0.04494676914087439,17.10798821765415,64.09572695153656
1923,2,7,pitch_jump,1.0,0.037150612007127534,12.58545610332919,64.09572695153656
1923,2,22,pitch_jump,1.0,0.025287284361916337,13.918643627651605,64.09572695153656
1925,2,17,pitch_jump,1.0,0.027909898724762783,17.556692333136617,64.16238917405506
1926,2,5,pitch_jump,1.0,0.043428655368326796,17.554626340833867,64.19572028531431
1926,2,6,pitch_jump,1.0,0.02351569544219037,12.999430349853435,64.19572028531431
1926,2,7,pitch_jump,1.0,0.04498126386436116,74.90985320744258,64.19572028531431
1926,2,8,pitch_jump,1.0,0.040048393773349726,29.566327053273163,64.19572028531431
1926,2,9,pitch_jump,1.0,0.015650524930124646,20.385355919620185,64.19572028531431
1926,2,10,pitch_jump,1.0,0.009401700166343872,41.60082373924027,64.19572028531431
1926,2,16,pitch_jump,1.0,0.03865287869657067,58.7057788969221,64.19572028531431
1926,2,17,pitch_jump,1.0,0.03830459704312359,12.243686449078483,64.19572028531431
1926,2,18,pitch_jump,1.0,0.03143485339531196,20.835325445434282,64.19572028531431
1926,2,19,pitch_jump,1.0,0.0415257583613609,57.85281813561397,64.19572028531431
1926,2,20,pitch_jump,1.0,0.026392793797591785,37.72302672745279,64.19572028531431
1926,2,21,pitch_jump,1.0,0.015393056651428146,30.925582487172626,64.19572028531431
1926,2,22,pitch_jump,1.0,0.044523252576716764,16.855882526566752,64.19572028531431
1927,2,4,pitch_jump,1.0,0.01942928123453481,13.203993525005092,64.22905139657357
1927,2,5,pitch_jump,1.0,0.05118540623173774,26.225032754847803,64.22905139657357
1927,2,6,pitch_jump,1.0,0.014437374021084233,18.036339535342453,64.22905139657357
1927,2,7,pitch_jump,1.0,0.04726992571614011,16.143657284511473,64.22905139657357
1927,2,10,pitch_jump,1.0,0.02569878969342421,15.420726615759582,64.22905139657357
1927,2,16,pitch_jump,1.0,0.050491836971634396,15.361986999646488,64.22905139657357
1927,2,20,pitch_jump,1.0,0.024673376986696735,13.94766178273375,64.22905139657357
1927,2,22,pitch_jump,1.0,0.033904308857012275,13.309633442215022,64.22905139657357
1928,2,4,pitch_jump,1.0,0.021228417927576265,13.831485030985284,64.26238250783281
1928,2,6,pitch_jump,1.0,0.00705998385398555,13.295334213659016,64.26238250783281
1928,2,7,pitch_jump,1.0,0.027978488178673384,37.46773769211655,64.26238250783281
1928,2,8,pitch_jump,1.0,0.018369353325269146,22.665405859116067,64.26238250783281
1928,2,9,pitch_jump,1.0,0.02779435816478883,25.790118487264483,64.26238250783281
1928,2,14,pitch_jump,1.0,0.019470716187768376,25.09042780022538,64.26238250783281
1928,2,16,pitch_jump,1.0,0.02298543102579414,19.35339263065842,64.26238250783281
1928,2,17,pitch_jump,1.0,0.00953502399985037,40.617365617044776,64.26238250783281
1928,2,18,pitch_jump,1.0,0.028998355985252276,18.96750781250737,64.26238250783281
1928,2,20,pitch_jump,1.0,0.021795688248866425,16.653987670901465,64.26238250783281
1929,2,7,pitch_jump,1.0,0.05244798617938268,18.224021842848675,64.29571361909207
1929,2,16,pitch_jump,1.0,0.027985831528032103,13.868017785865423,64.29571361909207
1929,2,17,pitch_jump,1.0,0.013736200771611253,12.845505595299054,64.29571361909207
1930,2,5,pitch_jump,1.0,0.0673283271129938,12.15143414183963,64.32904473035131
1930,2,7,pitch_jump,1.0,0.04377371065701122,12.83469188437196,64.32904473035131
1931,2,9,pitch_jump,1.0,0.04134855949395874,13.441612146410822,64.36237584161056
1932,2,4,pitch_jump,1.0,0.04136005357767356,13.744333889273685,64.39570695286982
1932,2,6,pitch_jump,1.0,0.018118504525550718,12.391078228045554,64.39570695286982
1932,2,8,pitch_jump,1.0,0.038143532403578706,16.366236948416855,64.39570695286982
1932,2,9,pitch_jump,1.0,0.05368013792347486,16.47908312480477,64.39570695286982
1932,2,18,pitch_jump,1.0,0.015017806266018688,14.716212047673421,64.39570695286982
1933,2,5,pitch_jump,1.0,0.048948098238576904,17.062713652762135,64.42903806412906
1933,2,7,pitch_jump,1.0,0.05217149171968887,22.207444744724786,64.42903806412906
1933,2,9,pitch_jump,1.0,0.05920115436577209,18.39757885918262,64.42903806412906
1933,2,14,pitch_jump,1.0,0.02071847722854909,12.712695687841386,64.42903806412906
1933,2,16,pitch_jump,1.0,0.020820742217714263,25.630234569904825,64.42903806412906
1933,2,18,pitch_jump,1.0,0.025316193813697346,15.137409392580317,64.42903806412906
1933,2,21,pitch_jump,1.0,0.008174046434598634,14.642082676572908,64.42903806412906
1933,2,22,pitch_jump,1.0,0.02643412825538756,17.284839255284126,64.42903806412906
1934,2,8,pitch_jump,1.0,0.023889134374408063,12.062211369752651,64.4623691753883
1934,2,18,pitch_jump,1.0,0.02308256189224436,13.183325756029632,64.4623691753883
1935,2,5,pitch_jump,1.0,0.06711430284264154,14.182681292073994,64.49570028664756
1935,2,17,pitch_jump,1.0,0.019889504118539018,13.18786755130565,64.49570028664756
1935,2,22,pitch_jump,1.0,0.047209296073681566,12.018257622554279,64.49570028664756
1936,2,7,pitch_jump,1.0,0.047098841895851624,17.262618919987958,64.5290313979068
1936,2,10,pitch_jump,1.0,0.02321571326852016,15.567624979869034,64.5290313979068
1936,2,16,pitch_jump,1.0,0.022243426840053166,12.930433314227946,64.5290313979068
1936,2,19,pitch_jump,1.0,0.03529306774643981,14.947389122406708,64.5290313979068
1937,2,4,pitch_jump,1.0,0.029735869888771957,12.15827766038883,64.56236250916606
1939,2,4,pitch_jump,1.0,0.010489210231278197,19.500768426022415,64.62902473168455
1939,2,5,pitch_jump,1.0,0.07164017546487762,18.298182873522915,64.62902473168455
1939,2,7,pitch_jump,1.0,0.024206643754407776,19.011750892974224,64.62902473168455
1939,2,9,pitch_jump,1.0,0.06067145496552848,28.700851642248693,64.62902473168455
1939,2,16,pitch_jump,1.0,0.04567163202929044,18.582450800949367,64.62902473168455
1939,2,17,pitch_jump,1.0,0.044849505826803374,26.15439835202012,64.62902473168455
1940,2,5,pitch_jump,1.0,0.039149333518750995,12.916237029193999,64.66235584294381
1942,2,5,pitch_jump,1.0,0.08920490105832003,23.085249469498724,64.7290180654623
1943,2,5,pitch_jump,1.0,0.02308560309534817,23.7982672475114,64.76234917672156
1943,2,6,pitch_jump,1.0,0.017332671829881758,12.880016029306715,64.76234917672156
1943,2,7,pitch_jump,1.0,0.01789237141695513,20.201999906308675,64.76234917672156
1943,2,8,pitch_jump,1.0,0.0453573795476474,12.886494702065843,64.76234917672156
1943,2,16,pitch_jump,1.0,0.01325688220086994,14.427389710385919,64.76234917672156
1943,2,21,pitch_jump,1.0,0.013979181543022384,13.637040040940898,64.76234917672156
1945,2,4,pitch_jump,1.0,0.03653869383996738,17.886365238349498,64.82901139924006
1945,2,16,pitch_jump,1.0,0.023112381980550274,14.083650458685005,64.82901139924006
1947,2,5,pitch_jump,1.0,0.0028961387323802345,12.196003801623604,64.89567362175855
1947,2,7,pitch_jump,1.0,0.0724304958240831,18.61392225716014,64.89567362175855
1948,2,6,pitch_jump,1.0,0.0339736270623235,17.889958117001164,64.9290047330178
1948,2,7,pitch_jump,1.0,0.013849151266170638,19.207558657998906,64.9290047330178
1948,2,9,pitch_jump,1.0,0.08438128798552051,17.425479899315853,64.9290047330178
1948,2,10,pitch_jump,1.0,0.021118797658458657,12.193717450605316,64.9290047330178
1948,2,18,pitch_jump,1.0,0.03575335178846389,12.854192579643517,64.9290047330178
1949,2,5,pitch_jump,1.0,0.010776452082289585,13.286384473507441,64.96233584427705
1950,2,5,pitch_jump,1.0,0.04507038382072724,13.472884590465133,64.9956669555363
1950,2,16,pitch_jump,1.0,0.04494639559128415,14.8662022649179,64.9956669555363
1951,2,8,pitch_jump,1.0,0.17244510453452083,25.94399583413962,65.02899806679555
1951,2,9,pitch_jump,1.0,0.06937923772769693,17.14805038894751,65.02899806679555
1952,2,5,pitch_jump,1.0,0.021051801464208396,15.975385890770811,65.0623291780548
1952,2,6,pitch_jump,1.0,0.011632407529688839,15.26090791489315,65.0623291780548
1952,2,7,pitch_jump,1.0,0.008514813799009507,17.876671775960663,65.0623291780548
1952,2,8,pitch_jump,1.0,0.11953084591967268,28.428983455265218,65.0623291780548
1952,2,10,pitch_jump,1.0,0.008703436624329635,16.19044221098388,65.0623291780548
1952,2,16,pitch_jump,1.0,0.015324247805695435,15.29583664010528,65.0623291780548
1952,2,19,pitch_jump,1.0,0.017716124335118606,13.620348888787221,65.0623291780548
1952,2,21,pitch_jump,1.0,0.008331268574230343,12.556983089867243,65.0623291780548
1952,2,22,pitch_jump,1.0,0.004282214637637575,14.26405903331535,65.0623291780548
1953,2,10,pitch_jump,1.0,0.04469134354945022,12.36851540152332,65.09566028931405
1953,2,19,pitch_jump,1.0,0.026191133810823105,12.239475720144462,65.09566028931405
1954,2,4,pitch_jump,1.0,0.0725800150395605,22.858316622585992,65.1289914005733
1954,2,5,pitch_jump,1.0,0.027754727234453665,20.55695452093073,65.1289914005733
1955,2,5,pitch_jump,1.0,0.04523087265984017,17.916403204465276,65.16232251183254
1956,2,5,pitch_jump,1.0,0.01952989359453702,19.542426327983186,65.1956536230918
1956,2,7,pitch_jump,1.0,0.020388720267986528,16.35302568416676,65.1956536230918
1956,2,16,pitch_jump,1.0,0.020062490945135816,12.677588554709045,65.1956536230918
1956,2,18,pitch_jump,1.0,0.0517722743893943,12.690266849605614,65.1956536230918
1957,2,8,pitch_jump,1.0,0.038976789816037374,12.630020744963014,65.22898473435104
1957,2,17,pitch_jump,1.0,0.03132770720059388,13.153700337553516,65.22898473435104
1957,2,18,pitch_jump,1.0,0.050704331030031795,16.365499314992803,65.22898473435104
1957,2,20,pitch_jump,1.0,0.0641711000125001,15.234239223647135,65.22898473435104
1957,2,21,pitch_jump,1.0,0.014107044705696672,12.04189837841466,65.22898473435104
1959,2,5,pitch_jump,1.0,0.07444341638263967,21.313310264312513,65.29564695686955
1959,2,6,pitch_jump,1.0,0.02257734648410044,15.510605599065741,65.29564695686955
1959,2,7,pitch_jump,1.0,0.010218451787843107,22.283575617750518,65.29564695686955
1959,2,10,pitch_jump,1.0,0.011768470088388456,17.282578859007028,65.29564695686955
1959,2,11,pitch_jump,1.0,0.025079859422269393,28.192305791060736,65.29564695686955
1959,2,16,pitch_jump,1.0,0.018952180540788153,19.438701071299814,65.29564695686955
1959,2,18,pitch_jump,1.0,0.04222991710784121,18.58137907641458,65.29564695686955
1959,2,21,pitch_jump,1.0,0.013461444919972532,15.021294597419312,65.29564695686955
1960,2,4,pitch_jump,1.0,0.09224552739438917,17.44179402825986,65.32897806812879
1960,2,5,pitch_jump,1.0,0.03357002518320366,12.679137979951046,65.32897806812879
1960,2,6,pitch_jump,1.0,0.0316585766466792,17.804854538619978,65.32897806812879
1960,2,7,pitch_jump,1.0,0.024229154500717928,14.310345201908259,65.32897806812879
1960,2,9,pitch_jump,1.0,0.09247271421651199,16.592972618091228,65.32897806812879
1960,2,14,pitch_jump,1.0,0.03255163180887845,13.65239028183069,65.32897806812879
1960,2,17,pitch_jump,1.0,0.04263236188133517,15.963398171644062,65.32897806812879
1960,2,18,pitch_jump,1.0,0.02630279867511339,12.522762516623795,65.32897806812879
1960,2,22,pitch_jump,1.0,0.04072208139731752,14.834967942127642,65.32897806812879
1962,2,4,pitch_jump,1.0,0.033289258993979325,14.213552551450247,65.3956402906473
1962,2,5,pitch_jump,1.0,0.013956310518654742,19.843185271772604,65.3956402906473
1962,2,6,pitch_jump,1.0,0.01481581096720482,12.249707139188311,65.3956402906473
1962,2,7,pitch_jump,1.0,0.025800848611264214,14.756070299853782,65.3956402906473
1962,2,10,pitch_jump,1.0,0.015238673487914935,13.339686637800193,65.3956402906473
1962,2,11,pitch_jump,1.0,0.01756135956988539,17.890193963540288,65.3956402906473
1962,2,14,pitch_jump,1.0,0.036780106863447105,12.920753575398509,65.3956402906473
1962,2,16,pitch_jump,1.0,0.020783440081105945,12.699087283829614,65.3956402906473
1962,2,20,pitch_jump,1.0,0.07000043928765584,14.260352126661438,65.3956402906473
1963,2,5,pitch_jump,1.0,0.01134088436607353,13.062283349406043,65.42897140190654
1963,2,6,pitch_jump,1.0,0.01412485420341676,16.270272981186995,65.42897140190654
1963,2,8,pitch_jump,1.0,0.06477212111483728,12.84472031877341,65.42897140190654
1963,2,20,pitch_jump,1.0,0.06988800564992242,17.18460113650681,65.42897140190654
1964,2,7,pitch_jump,1.0,0.02644963152546635,14.817880700689926,65.4623025131658
1965,2,4,pitch_jump,1.0,0.11478301638452684,21.07069334334985,65.49563362442504
1965,2,7,pitch_jump,1.0,0.04371995153774258,24.152309448766605,65.49563362442504
1965,2,9,pitch_jump,1.0,0.09072584866105672,14.908175983447626,65.49563362442504
1966,2,4,pitch_jump,1.0,0.042748427814064294,19.7118420583501,65.52896473568428
1966,2,8,pitch_jump,1.0,0.048449752859199675,16.849317346659287,65.52896473568428
1966,2,9,pitch_jump,1.0,0.06958364071352816,19.784774214919555,65.52896473568428
1966,2,14,pitch_jump,1.0,0.01442373017945315,14.314053190239969,65.52896473568428
1966,2,19,pitch_jump,1.0,0.03955945443670956,12.506788425720913,65.52896473568428
1966,2,21,pitch_jump,1.0,0.02574823604558456,15.745541612113646,65.52896473568428
1967,2,4,pitch_jump,1.0,0.11891825703125924,20.299948347518225,65.56229584694354
1969,2,4,pitch_jump,1.0,0.027506087898277357,12.407663796040994,65.62895806946204
1969,2,5,pitch_jump,1.0,0.016347055324052978,18.60386006939578,65.62895806946204
1969,2,6,pitch_jump,1.0,0.030473983556765324,15.176102547265423,65.62895806946204
1969,2,11,pitch_jump,1.0,0.07270642434577927,18.71382748598219,65.62895806946204
1969,2,16,pitch_jump,1.0,0.017882379020975323,18.119582625937095,65.62895806946204
1969,2,18,pitch_jump,1.0,0.05731791850404108,15.229666260872278,65.62895806946204
1969,2,22,pitch_jump,1.0,0.046798156854108444,14.4148666464176,65.62895806946204
1971,2,7,pitch_jump,1.0,0.021706168567855715,12.728482548445584,65.69562029198053
1971,2,11,pitch_jump,1.0,0.07008733492695464,17.984106213226976,65.69562029198053
1972,2,8,pitch_jump,1.0,0.08988295490483682,13.7680255965374,65.72895140323979
1972,2,20,pitch_jump,1.0,0.09794315103321484,13.500833172215106,65.72895140323979
1975,2,7,pitch_jump,1.0,0.07278252890160712,12.12598573367509,65.82894473701754
1976,2,11,pitch_jump,1.0,0.0359307060402808,14.572212057040613,65.86227584827678
1978,2,7,pitch_jump,1.0,0.060982599388935466,12.630186725499941,65.92893807079528
1979,2,4,pitch_jump,1.0,0.04810381341336267,14.402021713299307,65.96226918205453
1981,2,7,pitch_jump,1.0,0.1039518633627026,25.755549410641727,66.02893140457303
1981,2,18,pitch_jump,1.0,0.07818893115252608,12.054365519387439,66.02893140457303
1981,2,20,pitch_jump,1.0,0.12045202662425125,15.984223010539935,66.02893140457303
1982,2,4,pitch_jump,1.0,0.09210150292183421,18.772767843172357,66.06226251583227
1983,2,2,pitch_jump,1.0,0.03594788741390431,20.013347692667406,66.09559362709153
1983,2,4,pitch_jump,1.0,0.06603396713699529,18.690777733230245,66.09559362709153
1983,2,5,pitch_jump,1.0,0.030310062668963307,18.293139207170665,66.09559362709153
1983,2,6,pitch_jump,1.0,0.029163065727607736,15.798764401834157,66.09559362709153
1983,2,7,pitch_jump,1.0,0.0657537302446114,16.47244821592318,66.09559362709153
1983,2,8,pitch_jump,1.0,0.07239730598007825,16.692555098587523,66.09559362709153
1983,2,10,pitch_jump,1.0,0.022367083232943948,15.881767051868934,66.09559362709153
1983,2,11,pitch_jump,1.0,0.08641175092133242,13.724057890595313,66.09559362709153
1983,2,14,pitch_jump,1.0,0.04684850273634292,13.548377848251164,66.09559362709153
1983,2,16,pitch_jump,1.0,0.024667081212314614,18.155084330798754,66.09559362709153
1983,2,18,pitch_jump,1.0,0.064027327761731,18.493656493918817,66.09559362709153
1983,2,19,pitch_jump,1.0,0.04163282330904168,12.07351099263585,66.09559362709153
1983,2,20,pitch_jump,1.0,0.0974794389000242,19.78528268998611,66.09559362709153
1983,2,21,pitch_jump,1.0,0.03171211957036936,13.479886270531065,66.09559362709153
1983,2,22,pitch_jump,1.0,0.04804788182377064,16.823095923759432,66.09559362709153
1984,2,7,pitch_jump,1.0,0.06277184035540469,14.642192009387111,66.12892473835078
1984,2,11,pitch_jump,1.0,0.08458774372910333,17.184462772085013,66.12892473835078
1986,2,21,pitch_jump,1.0,0.08307441503196689,13.715463733955,66.19558696086928
1988,2,4,pitch_jump,1.0,0.13914216010167219,27.861766919114928,66.26224918338778
1989,2,15,pitch_jump,1.0,0.11222499344819584,18.46588757832098,66.29558029464702
1990,2,4,pitch_jump,1.0,0.12672753140200885,20.59537215416558,66.32891140590627
1990,2,7,pitch_jump,1.0,0.0481185713712698,13.81546860461863,66.32891140590627
1991,2,4,pitch_jump,1.0,0.09444153232358543,20.542010478755746,66.36224251716553
1991,2,20,pitch_jump,1.0,0.06668750025123663,13.397609626039205,66.36224251716553
1992,2,7,pitch_jump,1.0,0.10754660635323182,45.25192064263837,66.39557362842477
1992,2,18,pitch_jump,1.0,0.1030373800741831,12.645212415683236,66.39557362842477
1993,2,4,pitch_jump,1.0,0.08735826156593854,21.960680999008364,66.42890473968403
1993,2,5,pitch_jump,1.0,0.03829388390360823,12.06445687452963,66.42890473968403
1993,2,8,pitch_jump,1.0,0.088594138521455,16.475025714217463,66.42890473968403
1993,2,9,pitch_jump,1.0,0.06434752555733209,13.965980394756292,66.42890473968403
1993,2,14,pitch_jump,1.0,0.03954776547956074,13.33107523831908,66.42890473968403
1993,2,17,pitch_jump,1.0,0.04473206778611898,12.037956993239064,66.42890473968403
1993,2,18,pitch_jump,1.0,0.0844076887772566,17.471260442655176,66.42890473968403
1993,2,20,pitch_jump,1.0,0.10517556728494641,16.291296640372916,66.42890473968403
1994,2,4,pitch_jump,1.0,0.05428480315247864,12.442760103172741,66.46223585094327
1994,2,7,pitch_jump,1.0,0.040723854037700444,12.610325707974278,66.46223585094327
1995,2,5,pitch_jump,1.0,0.04846205432060365,15.923207986455678,66.49556696220252
1995,2,6,pitch_jump,1.0,0.06489492911971963,14.536125224409922,66.49556696220252
1995,2,7,pitch_jump,1.0,0.11579306066677568,28.945790276931692,66.49556696220252
1995,2,11,pitch_jump,1.0,0.10651612339544457,18.472403646824105,66.49556696220252
1995,2,16,pitch_jump,1.0,0.027979353367259027,15.443369095013365,66.49556696220252
1996,2,4,pitch_jump,1.0,0.15161428581999004,22.94255371183167,66.52889807346178
1996,2,7,pitch_jump,1.0,0.15988517499598165,27.655073049309095,66.52889807346178
1996,2,16,pitch_jump,1.0,0.04424868867012263,15.225355864682795,66.52889807346178
1997,2,4,pitch_jump,1.0,0.05377444538018456,12.18451160371776,66.56222918472102
1997,2,7,pitch_jump,1.0,0.0669901022528342,15.554354294321321,66.56222918472102
1998,2,4,pitch_jump,1.0,0.04278692666099946,22.77355868842788,66.59556029598028
1998,2,8,pitch_jump,1.0,0.04695620584890866,16.246145943514474,66.59556029598028
1998,2,9,pitch_jump,1.0,0.07388557488429502,37.10825726716488,66.59556029598028
1998,2,13,pitch_jump,1.0,0.0563575433227504,18.560366465710306,66.59556029598028
1998,2,14,pitch_jump,1.0,0.04194952705470913,21.814723762457064,66.59556029598028
1998,2,17,pitch_jump,1.0,0.0344927471333198,34.02223556272796,66.59556029598028
1998,2,18,pitch_jump,1.0,0.06611296190454899,15.028487510261847,66.59556029598028
1999,2,2,pitch_jump,1.0,0.07488920304016478,14.774428485491406,66.62889140723952
1999,2,3,pitch_jump,1.0,0.12374622474352195,15.172145364890527,66.62889140723952
1999,2,5,pitch_jump,1.0,0.06946292221029683,12.224485463068742,66.62889140723952
1999,2,11,pitch_jump,1.0,0.15822936205109914,16.90704791202108,66.62889140723952
1999,2,15,pitch_jump,1.0,0.06199188442386342,13.133629383126493,66.62889140723952
1999,2,16,pitch_jump,1.0,0.09079423907869856,14.512272919262141,66.62889140723952
2000,2,4,pitch_jump,1.0,0.020648147755055215,20.054028245686652,66.66222251849877
2000,2,8,pitch_jump,1.0,0.010298454644867385,16.329731969074594,66.66222251849877
2000,2,9,pitch_jump,1.0,0.0461826914702448,34.87401511678698,66.66222251849877
2000,2,13,pitch_jump,1.0,0.04397663917876869,18.29073088521175,66.66222251849877
2000,2,14,pitch_jump,1.0,0.02101648732117647,20.599993541425487,66.66222251849877
2000,2,17,pitch_jump,1.0,0.025388422445415237,31.36291339855279,66.66222251849877
2000,2,18,pitch_jump,1.0,0.03202956079054303,13.6092896506193,66.66222251849877
2001,2,4,pitch_jump,1.0,0.04582215095987783,16.83990733601957,66.69555362975802
2001,2,7,pitch_jump,1.0,0.13866543494841052,23.032572924637833,66.69555362975802
2001,2,9,pitch_jump,1.0,0.0493248256211366,22.35138569891647,66.69555362975802
2001,2,11,pitch_jump,1.0,0.1371279585057978,17.138483895367273,66.69555362975802
2001,2,13,pitch_jump,1.0,0.10277871954437384,14.031977562460941,66.69555362975802
2001,2,14,pitch_jump,1.0,0.03574195585537725,14.471076142974942,66.69555362975802
2001,2,17,pitch_jump,1.0,0.05147411462068218,19.77659461986674,66.69555362975802
2002,2,3,pitch_jump,1.0,0.09931581111278552,15.597002669791138,66.72888474101727
2002,2,5,pitch_jump,1.0,0.09090146183028308,12.169562400657528,66.72888474101727
2002,2,7,pitch_jump,1.0,0.17412314402220624,20.118706149651693,66.72888474101727
2002,2,11,pitch_jump,1.0,0.15598920713878459,16.832882265031817,66.72888474101727
2002,2,16,pitch_jump,1.0,0.10645494806359593,15.627660272970987,66.72888474101727
2002,2,20,pitch_jump,2.0,0.11703441637649988,17.184491141812806,66.72888474101727
2003,2,4,pitch_jump,1.0,0.02634152945627944,13.215222805115719,66.76221585227651
2003,2,9,pitch_jump,1.0,0.032890554814290866,12.777649721858213,66.76221585227651
2004,2,2,pitch_jump,1.0,0.12387498869299703,16.755846438049232,66.79554696353577
2004,2,3,pitch_jump,1.0,0.10691210690134208,15.764980861759966,66.79554696353577
2004,2,7,pitch_jump,1.0,0.14865874259352782,13.616987575900634,66.79554696353577
2004,2,8,pitch_jump,1.0,0.08332990620033216,13.260213166337602,66.79554696353577
2004,2,11,pitch_jump,1.0,0.12715004985282033,13.696571197008286,66.79554696353577
2004,2,18,pitch_jump,1.0,0.11606204354517066,17.517354598128403,66.79554696353577
2005,2,2,pitch_jump,1.0,0.13805462403063817,17.511420749282806,66.82887807479501
2005,2,3,pitch_jump,1.0,0.11356716963729854,20.78884647559281,66.82887807479501
2005,2,4,pitch_jump,1.0,0.03937241614369556,28.054071001350607,66.82887807479501
2005,2,7,pitch_jump,1.0,0.1869454802609065,27.597812894832494,66.82887807479501
2005,2,8,pitch_jump,1.0,0.08672828395395424,20.802104834322005,66.82887807479501
2005,2,9,pitch_jump,1.0,0.07975115148183964,49.61832186871286,66.82887807479501
2005,2,11,pitch_jump,1.0,0.1434734140957249,28.87561495581862,66.82887807479501
2005,2,13,pitch_jump,1.0,0.0860668822253858,20.78160222568326,66.82887807479501
2005,2,14,pitch_jump,1.0,0.0369687090382132,25.18981848697712,66.82887807479501
2005,2,16,pitch_jump,1.0,0.0765767784583978,14.252545853521148,66.82887807479501
2005,2,17,pitch_jump,1.0,0.04507915451593336,35.365307774492855,66.82887807479501
2005,2,18,pitch_jump,1.0,0.1079604470440957,28.236243147756536,66.82887807479501
2007,2,4,pitch_jump,1.0,0.05365431303244457,13.886778515262,66.89554029731352
2007,2,9,pitch_jump,1.0,0.07602021258892218,18.942712020866765,66.89554029731352
2007,2,13,pitch_jump,1.0,0.10852792174561332,14.947625591415827,66.89554029731352
2007,2,17,pitch_jump,1.0,0.033449649425843817,21.017299424481006,66.89554029731352
2007,2,20,pitch_jump,1.0,0.08192235024520277,12.915644592765767,66.89554029731352
2008,2,10,pitch_jump,1.0,0.05224742803642625,12.14850873840072,66.92887140857276
2008,2,14,pitch_jump,1.0,0.0632161182734844,12.569418550076827,66.92887140857276
2008,2,21,pitch_jump,1.0,0.09719460363525786,14.069801523466177,66.92887140857276
2009,2,17,pitch_jump,1.0,0.022151300626359227,12.750870563694473,66.96220251983202
2010,2,4,pitch_jump,1.0,0.056365846839439994,29.69834610135353,66.99553363109126
2010,2,6,pitch_jump,1.0,0.09025220876811296,13.305696880193805,66.99553363109126
2010,2,8,pitch_jump,1.0,0.0710663244619192,19.5718900254526,66.99553363109126
2010,2,9,pitch_jump,1.0,0.07991143560386575,36.41349977470846,66.99553363109126
2010,2,13,pitch_jump,1.0,0.08785407678864504,23.7094247223985,66.99553363109126
2010,2,14,pitch_jump,1.0,0.03594943904395287,27.10665565442087,66.99553363109126
2010,2,15,pitch_jump,1.0,0.12568023899324093,13.872102674641118,66.99553363109126
2010,2,17,pitch_jump,1.0,0.045746846372133165,31.592842582970437,66.99553363109126
2010,2,18,pitch_jump,1.0,0.06689939743093015,18.29254415376701,66.99553363109126
2010,2,20,pitch_jump,1.0,0.10913491271767513,24.800245004069104,66.99553363109126
2010,2,21,pitch_jump,1.0,0.08515844436849898,15.319456607119841,66.99553363109126
2011,2,2,pitch_jump,1.0,0.06340788004145258,19.578175790955473,67.0288647423505
2011,2,3,pitch_jump,1.0,0.1265517493601308,18.345708623076394,67.0288647423505
2011,2,11,pitch_jump,1.0,0.1697457591925506,16.99818810436979,67.0288647423505
2011,2,13,pitch_jump,1.0,0.11217374002281023,17.67411102049448,67.0288647423505
2011,2,15,pitch_jump,1.0,0.08329923452906338,16.699168597226432,67.0288647423505
2011,2,19,pitch_jump,1.0,0.13245629193916886,15.443636978297134,67.0288647423505
2011,2,20,pitch_jump,1.0,0.0962009416343471,17.68037061049618,67.0288647423505
2012,2,5,pitch_jump,1.0,0.04442425483059457,16.80663183049896,67.06219585360977
2013,2,4,pitch_jump,1.0,0.078246311776009,20.019625936454062,67.09552696486901
2013,2,7,pitch_jump,1.0,0.18206992868921718,13.24707585806507,67.09552696486901
2013,2,9,pitch_jump,1.0,0.007149655075096965,17.867897257382165,67.09552696486901
2013,2,14,pitch_jump,1.0,0.07598337988984757,14.338089825466957,67.09552696486901
2013,2,17,pitch_jump,1.0,0.03831306081451768,14.288953927535996,67.09552696486901
2015,2,9,pitch_jump,1.0,0.04422621857810202,12.239173363293917,67.16218918738751
2015,2,11,pitch_jump,1.0,0.10357492453646677,14.007077166895087,67.16218918738751
2016,2,4,pitch_jump,1.0,0.09320166657742017,12.033305517296242,67.19552029864676
2016,2,8,pitch_jump,1.0,0.0745459689274334,12.818890917254237,67.19552029864676
2016,2,9,pitch_jump,1.0,0.04471948583154579,13.435096280315426,67.19552029864676
2016,2,10,pitch_jump,1.0,0.13814256237956576,12.507917114423057,67.19552029864676
2016,2,13,pitch_jump,1.0,0.10951497127077638,12.26797117993351,67.19552029864676
2016,2,14,pitch_jump,1.0,0.07422692281117575,12.112525866498435,67.19552029864676
2016,2,17,pitch_jump,1.0,0.050371145817493836,13.898631841937068,67.19552029864676
2016,2,18,pitch_jump,1.0,0.12022985973865138,16.27180840440847,67.19552029864676
2017,2,2,pitch_jump,1.0,0.1531672495788825,15.928599320922736,67.22885140990601
2017,2,3,pitch_jump,1.0,0.20700588394626238,15.103206921436632,67.22885140990601
2017,2,5,pitch_jump,1.0,0.13992294247857143,13.902952169274368,67.22885140990601
2017,2,7,pitch_jump,1.0,0.21576367811535116,13.40245697891819,67.22885140990601
2017,2,8,pitch_jump,1.0,0.08748969283539264,14.700807868523016,67.22885140990601
2017,2,9,pitch_jump,1.0,0.03416467306634659,14.254824908824068,67.22885140990601
2017,2,10,pitch_jump,1.0,0.12554623124040032,15.368295089281549,67.22885140990601
2017,2,11,pitch_jump,1.0,0.2169348796112927,14.931622298478892,67.22885140990601
2017,2,13,pitch_jump,1.0,0.11471569234400224,14.505143293524762,67.22885140990601
2017,2,15,pitch_jump,1.0,0.14683006109187596,16.368544944331667,67.22885140990601
2017,2,16,pitch_jump,1.0,0.14214325844457476,15.615246366323113,67.22885140990601
2017,2,17,pitch_jump,1.0,0.06079315497206056,13.896051826419093,67.22885140990601
2017,2,18,pitch_jump,1.0,0.1203375371583271,15.152517000663453,67.22885140990601
2017,2,19,pitch_jump,1.0,0.1474427699774463,16.197499368298296,67.22885140990601
2017,2,20,pitch_jump,1.0,0.09185420285988438,14.943659271650535,67.22885140990601
2017,2,21,pitch_jump,1.0,0.16318897188233308,12.107315992313147,67.22885140990601
2018,2,2,pitch_jump,1.0,0.04213261886689001,12.56440518121596,67.26218252116526
2018,2,4,pitch_jump,1.0,0.0459308802167692,12.121079218563716,67.26218252116526
2018,2,8,pitch_jump,1.0,0.020477705025971,16.054836212931114,67.26218252116526
2018,2,9,pitch_jump,1.0,0.035790585563603435,20.5536769469972,67.26218252116526
2018,2,13,pitch_jump,1.0,0.06174403614890793,15.318624057177857,67.26218252116526
2018,2,14,pitch_jump,1.0,0.028660342599478413,15.351756733808848,67.26218252116526
2018,2,17,pitch_jump,1.0,0.025108533043713625,18.82755632221237,67.26218252116526
2018,2,18,pitch_jump,1.0,0.055978680690331094,14.52964268802955,67.26218252116526
2018,2,20,pitch_jump,1.0,0.046475079313945046,15.146218478554115,67.26218252116526
2019,2,2,pitch_jump,1.0,0.14722173092763108,19.81274664532813,67.2955136324245
2019,2,3,pitch_jump,1.0,0.20792287832751918,15.039967195444317,67.2955136324245
2019,2,7,pitch_jump,1.0,0.24720793467913899,14.237043717174068,67.2955136324245
2019,2,13,pitch_jump,1.0,0.12830793220139722,13.443999471654962,67.2955136324245
2020,2,2,pitch_jump,1.0,0.14734205273275855,13.096584602044752,67.32884474368376
2020,2,8,pitch_jump,1.0,0.06765983949834901,12.529988938258732,67.32884474368376
2020,2,13,pitch_jump,1.0,0.14253993375969934,17.93198972408567,67.32884474368376
2020,2,15,pitch_jump,1.0,0.14445335096728268,13.813822495977348,67.32884474368376
2020,2,17,pitch_jump,1.0,0.07096483995356502,15.845856710629512,67.32884474368376
2020,2,19,pitch_jump,1.0,0.18101287921882456,13.755148450614293,67.32884474368376
2020,2,20,pitch_jump,1.0,0.10444496431736812,13.76492889641248,67.32884474368376
2021,2,11,pitch_jump,1.0,0.1025176845952333,14.086732521173191,67.362175854943
2022,2,2,pitch_jump,1.0,0.14456987952365788,15.465403364113621,67.39550696620226
2022,2,3,pitch_jump,1.0,0.1863208097738941,16.918400351298985,67.39550696620226
2022,2,4,pitch_jump,1.0,0.11576333214052506,15.00765976190281,67.39550696620226
2022,2,5,pitch_jump,1.0,0.1854009072330496,22.23863321411407,67.39550696620226
2022,2,6,pitch_jump,1.0,0.16658861348993165,14.484585619924657,67.39550696620226
2022,2,7,pitch_jump,1.0,0.25537407570805254,26.95168698288079,67.39550696620226
2022,2,10,pitch_jump,1.0,0.1503792358358421,15.75440205449763,67.39550696620226
2022,2,11,pitch_jump,1.0,0.2251148181037486,19.329949420903056,67.39550696620226
2022,2,14,pitch_jump,1.0,0.09874791597921458,14.38291041886743,67.39550696620226
2022,2,16,pitch_jump,1.0,0.19889305226220663,20.907624570364913,67.39550696620226
2022,2,19,pitch_jump,1.0,0.16366203318021622,15.920997795918886,67.39550696620226
2022,2,20,pitch_jump,1.0,0.09132593937326754,13.892337759731493,67.39550696620226
2022,2,21,pitch_jump,1.0,0.14270605942856612,14.385104872852366,67.39550696620226
2022,2,22,pitch_jump,1.0,0.21180315972597358,19.334999026444653,67.39550696620226
2023,2,9,pitch_jump,1.0,0.044647660806219236,16.733078870935714,67.4288380774615
2023,2,17,pitch_jump,1.0,0.07227450930077828,17.154271750493102,67.4288380774615
2025,2,2,pitch_jump,1.0,0.1560552741079565,18.14360605211036,67.49550029998001
2025,2,3,pitch_jump,1.0,0.2373464046364837,17.574272592150393,67.49550029998001
2025,2,4,pitch_jump,1.0,0.11656258420393974,12.851075509148057,67.49550029998001
2025,2,5,pitch_jump,1.0,0.1904968403034512,12.135674664955728,67.49550029998001
2025,2,7,pitch_jump,1.0,0.23854151605983578,16.965614554265755,67.49550029998001
2025,2,9,pitch_jump,1.0,0.04587723616937709,12.598648110313619,67.49550029998001
2025,2,10,pitch_jump,1.0,0.20138659864245595,14.156785331056803,67.49550029998001
2025,2,11,pitch_jump,1.0,0.234764243426384,19.065876496283796,67.49550029998001
2025,2,15,pitch_jump,1.0,0.167058729766865,15.816071635431888,67.49550029998001
2025,2,16,pitch_jump,1.0,0.19164771082434678,17.485472131245658,67.49550029998001
2025,2,19,pitch_jump,1.0,0.15669529128216825,15.34072213010652,67.49550029998001
2025,2,21,pitch_jump,1.0,0.15029107098931233,12.897506825011142,67.49550029998001
2026,2,5,pitch_jump,1.0,0.19475438292635644,12.60082064953739,67.52883141123925
2026,2,6,pitch_jump,1.0,0.15980421905303177,13.463928223358286,67.52883141123925
2026,2,9,pitch_jump,1.0,0.02479747134465912,21.66471755702684,67.52883141123925
2026,2,10,pitch_jump,1.0,0.18427776289435088,16.617188142825142,67.52883141123925
2026,2,14,pitch_jump,1.0,0.07729116912972621,12.651225402692408,67.52883141123925
2026,2,16,pitch_jump,1.0,0.1815804334892985,12.68852597869574,67.52883141123925
2026,2,17,pitch_jump,1.0,0.05250578492180363,19.35310625590881,67.52883141123925
2028,2,2,pitch_jump,1.0,0.20307604065394966,13.826689263049476,67.59549363375775
2028,2,3,pitch_jump,1.0,0.2390544108304391,16.95873080400982,67.59549363375775
2028,2,4,pitch_jump,1.0,0.12210128617233114,22.28716147460875,67.59549363375775
2028,2,5,pitch_jump,1.0,0.23573032650198966,22.84669896159683,67.59549363375775
2028,2,6,pitch_jump,1.0,0.18607100995919473,20.559684244805748,67.59549363375775
2028,2,7,pitch_jump,1.0,0.3088968190993909,17.194156091171987,67.59549363375775
2028,2,9,pitch_jump,1.0,0.018837921246754097,29.814778912289814,67.59549363375775
2028,2,11,pitch_jump,1.0,0.2832331023685139,15.067378730885299,67.59549363375775
2028,2,13,pitch_jump,1.0,0.14788591755339034,12.032027690210944,67.59549363375775
2028,2,14,pitch_jump,1.0,0.14110998064923685,12.162606152645884,67.59549363375775
2028,2,15,pitch_jump,1.0,0.19287278524161186,12.676243813899715,67.59549363375775
2028,2,16,pitch_jump,1.0,0.18702866769407925,13.227395309709365,67.59549363375775
2028,2,17,pitch_jump,1.0,0.04944955612855145,26.63099837257845,67.59549363375775
2028,2,22,pitch_jump,1.0,0.24428001765307408,24.90868053139391,67.59549363375775
2029,2,4,pitch_jump,1.0,0.12505898413299518,14.666129575251983,67.628824745017
2029,2,9,pitch_jump,1.0,0.007803476214935461,14.848276461712631,67.628824745017
2029,2,13,pitch_jump,1.0,0.13844612382760235,18.112868499261587,67.628824745017
2029,2,14,pitch_jump,1.0,0.12047146916996454,19.91646567355606,67.628824745017
2029,2,17,pitch_jump,1.0,0.052118755730041745,15.539758740831802,67.628824745017
2029,2,18,pitch_jump,1.0,0.1383888895374381,18.057386024974807,67.628824745017
2030,2,2,pitch_jump,1.0,0.10358879011579936,12.91439322450735,67.66215585627626
2030,2,13,pitch_jump,1.0,0.05710484536218773,15.036102982536015,67.66215585627626
2030,2,15,pitch_jump,1.0,0.03143391210221572,14.570715302620458,67.66215585627626
2030,2,17,pitch_jump,1.0,0.012661127943602801,13.335652699183447,67.66215585627626
2030,2,20,pitch_jump,1.0,0.06771753798830034,13.452525666957074,67.66215585627626
2031,2,2,pitch_jump,1.0,0.176704642987956,14.676035822818772,67.6954869675355
2031,2,3,pitch_jump,1.0,0.20448071292613074,17.849843113393156,67.6954869675355
2031,2,5,pitch_jump,1.0,0.23639496357333212,15.306780672192563,67.6954869675355
2031,2,7,pitch_jump,1.0,0.3176304477060214,17.289376438974482,67.6954869675355
2031,2,8,pitch_jump,1.0,0.12712704827646065,13.767739472877379,67.6954869675355
2031,2,9,pitch_jump,1.0,0.01445527362594277,15.124791467824338,67.6954869675355
2031,2,10,pitch_jump,1.0,0.15523513609314113,12.52956800142563,67.6954869675355
2031,2,11,pitch_jump,1.0,0.2745701872420657,21.0244673257705,67.6954869675355
2031,2,13,pitch_jump,1.0,0.1107497937774614,12.135362605708757,67.6954869675355
2031,2,15,pitch_jump,1.0,0.1666382486706828,13.758514963971976,67.6954869675355
2031,2,16,pitch_jump,1.0,0.22173797346726046,17.496286225857876,67.6954869675355
2031,2,17,pitch_jump,1.0,0.05328899164547983,16.843805019831372,67.6954869675355
2031,2,19,pitch_jump,1.0,0.18119559533827023,13.46472805004496,67.6954869675355
2031,2,22,pitch_jump,1.0,0.2656836461413551,13.32565707270175,67.6954869675355
2032,2,4,pitch_jump,1.0,0.15152492497184203,23.393172001078472,67.72881807879475
2032,2,9,pitch_jump,1.0,0.02639912334005945,20.138749676046643,67.72881807879475
2032,2,13,pitch_jump,1.0,0.10786852926361788,18.292412296715064,67.72881807879475
2032,2,14,pitch_jump,1.0,0.0986015176577652,17.176525157383757,67.72881807879475
2032,2,18,pitch_jump,1.0,0.12259200442229468,15.788430659400559,67.72881807879475
2032,2,20,pitch_jump,1.0,0.09909002730404115,16.98214007256634,67.72881807879475
2033,2,4,pitch_jump,1.0,0.07069924759635846,15.836657249762078,67.762149190054
2033,2,9,pitch_jump,1.0,0.019755112031002664,15.798331583240506,67.762149190054
2033,2,13,pitch_jump,1.0,0.047320055335499996,12.638627205384294,67.762149190054
2033,2,14,pitch_jump,1.0,0.032532943616458865,12.297152998244291,67.762149190054
2033,2,17,pitch_jump,2.0,0.04099532097336954,15.672796653370188,67.762149190054
2033,2,20,pitch_jump,1.0,0.03730542244235211,15.13292189034621,67.762149190054
2034,2,5,pitch_jump,1.0,0.21766207697688755,16.27426735948689,67.79548030131325
2034,2,7,pitch_jump,1.0,0.29221029289408607,21.45909108277201,67.79548030131325
2034,2,13,pitch_jump,1.0,0.11789254174857115,15.773330660539777,67.79548030131325
2034,2,14,pitch_jump,1.0,0.09456931386159091,14.865936756255568,67.79548030131325
2035,2,2,pitch_jump,1.0,0.15947104063152656,12.74592099658502,67.82881141257249
2035,2,4,pitch_jump,1.0,0.13852995561208867,41.95934025144968,67.82881141257249
2035,2,6,pitch_jump,1.0,0.19511725324913795,23.56261192201178,67.82881141257249
2035,2,9,pitch_jump,2.0,0.051010035966460275,32.388437206233014,67.82881141257249
2035,2,10,pitch_jump,1.0,0.21832746893997726,15.55971233321839,67.82881141257249
2035,2,13,pitch_jump,1.0,0.10737688111805302,35.349877355236515,67.82881141257249
2035,2,14,pitch_jump,1.0,0.13622760283975377,33.924817552110284,67.82881141257249
2035,2,15,pitch_jump,1.0,0.17911044989256886,23.62521279457403,67.82881141257249
2035,2,18,pitch_jump,1.0,0.1545440302070348,37.96645196080046,67.82881141257249
2035,2,19,pitch_jump,1.0,0.18462769083078143,15.922877652880137,67.82881141257249
2035,2,20,pitch_jump,1.0,0.09587308263369564,32.15850688535992,67.82881141257249
2035,2,21,pitch_jump,1.0,0.17641242619832323,24.106241523923163,67.82881141257249
2035,2,22,pitch_jump,1.0,0.25818353287955814,16.031251466544564,67.82881141257249
2036,2,9,pitch_jump,1.0,0.017251329237963416,12.703063670930096,67.86214252383175
2037,2,2,pitch_jump,1.0,0.21902251733970812,28.78470655488939,67.895473635091
2037,2,3,pitch_jump,1.0,0.24876864304026813,19.072036099842844,67.895473635091
2037,2,4,pitch_jump,1.0,0.12890616175491096,19.257386446801156,67.895473635091
2037,2,5,pitch_jump,1.0,0.20407966155911178,18.463979088476048,67.895473635091
2037,2,6,pitch_jump,1.0,0.18322691846433956,12.06204384009998,67.895473635091
2037,2,7,pitch_jump,1.0,0.287068406025113,23.63335141598169,67.895473635091
2037,2,9,pitch_jump,1.0,0.017906309845635245,18.633831734637525,67.895473635091
2037,2,11,pitch_jump,1.0,0.27051361355914544,21.914454355377032,67.895473635091
2037,2,14,pitch_jump,1.0,0.0897453936024265,20.473097376833458,67.895473635091
2037,2,15,pitch_jump,1.0,0.19747979582853922,15.955717790097559,67.895473635091
2037,2,16,pitch_jump,1.0,0.21794928846302847,23.427570078453417,67.895473635091
2037,2,19,pitch_jump,1.0,0.18367258952810903,15.114483175032207,67.895473635091
2037,2,20,pitch_jump,1.0,0.1073692835184288,12.578102499899414,67.895473635091
2037,2,21,pitch_jump,1.0,0.17613483612995104,13.206462800689257,67.895473635091
2038,2,2,pitch_jump,1.0,0.1802234524611398,21.055690399758785,67.92880474635025
2038,2,3,pitch_jump,1.0,0.21890999506173336,20.114053995186932,67.92880474635025
2038,2,7,pitch_jump,1.0,0.28923191610910004,19.196638641850644,67.92880474635025
2038,2,9,pitch_jump,1.0,0.034462951147594637,13.307992370231329,67.92880474635025
2038,2,11,pitch_jump,1.0,0.260643983928674,20.089518741646884,67.92880474635025
2038,2,13,pitch_jump,1.0,0.10466988729090415,12.62876453735371,67.92880474635025
2038,2,15,pitch_jump,1.0,0.16186552862750095,17.64202033176266,67.92880474635025
2038,2,16,pitch_jump,1.0,0.20119902844368726,17.2423057989003,67.92880474635025
2038,2,18,pitch_jump,1.0,0.17459653836547978,13.411507186352251,67.92880474635025
2038,2,19,pitch_jump,1.0,0.1778700467448415,15.954118661465024,67.92880474635025
2038,2,20,pitch_jump,1.0,0.1144747095437551,13.358707489444368,67.92880474635025
2038,2,21,pitch_jump,1.0,0.18644063756087123,12.939207747894438,67.92880474635025
2039,2,2,pitch_jump,1.0,0.07064303726280603,16.49355337949347,67.9621358576095
2039,2,3,pitch_jump,1.0,0.06474837956384155,17.27174250362037,67.9621358576095
2039,2,11,pitch_jump,1.0,0.12378467098600585,15.041658093013776,67.9621358576095
2039,2,15,pitch_jump,1.0,0.06446896122279414,14.031647622238015,67.9621358576095
2039,2,16,pitch_jump,1.0,0.05944639154744469,13.308311187263513,67.9621358576095
2039,2,19,pitch_jump,1.0,0.06553049128327866,13.728932630358887,67.9621358576095
2040,2,4,pitch_jump,1.0,0.12547020949492957,15.889721202546433,67.99546696886874
2040,2,9,pitch_jump,1.0,0.04162964656764393,21.45174881736939,67.99546696886874
2040,2,10,pitch_jump,1.0,0.22003205211930574,18.239424495603444,67.99546696886874
2040,2,14,pitch_jump,1.0,0.0767117939627856,14.864592431169575,67.99546696886874
2041,2,2,pitch_jump,1.0,0.21172759761270574,51.25538582659626,68.028798080128
2041,2,3,pitch_jump,1.0,0.17755391804559928,28.838482810120247,68.028798080128
2041,2,4,pitch_jump,1.0,0.12426470234277699,70.33240358962325,68.028798080128
2041,2,5,pitch_jump,1.0,0.19985138471817548,23.23714377779883,68.028798080128
2041,2,6,pitch_jump,1.0,0.18416245378393414,38.870724257842916,68.028798080128
2041,2,9,pitch_jump,1.0,0.037122701254142604,61.13870565009073,68.028798080128
2041,2,10,pitch_jump,1.0,0.18408510885600096,14.144605933838498,68.028798080128
2041,2,11,pitch_jump,1.0,0.26059610868017724,27.223891828459937,68.028798080128
2041,2,13,pitch_jump,1.0,0.09717846311092918,25.787058323162967,68.028798080128
2041,2,14,pitch_jump,1.0,0.05630591525602254,51.23052216429845,68.028798080128
2041,2,15,pitch_jump,1.0,0.12166616322618895,29.30093077444011,68.028798080128
2041,2,18,pitch_jump,1.0,0.15217756459403736,34.038040798483486,68.028798080128
2041,2,19,pitch_jump,1.0,0.18443916397203355,23.130693162041112,68.028798080128
2041,2,20,pitch_jump,1.0,0.12217352991066732,26.96779470143527,68.028798080128
2041,2,21,pitch_jump,1.0,0.1586718532936782,18.550747311389422,68.028798080128
2041,2,22,pitch_jump,1.0,0.24316765062465912,34.004785501894105,68.028798080128
2042,2,2,pitch_jump,1.0,0.09519747787754414,16.783768569986538,68.06212919138724
2042,2,9,pitch_jump,1.0,0.005059588435038296,12.37970954571415,68.06212919138724
2042,2,10,pitch_jump,1.0,0.10342632298824157,14.646433890007417,68.06212919138724
2043,2,3,pitch_jump,1.0,0.20185758735614465,13.636134434736503,68.09546030264649
2043,2,14,pitch_jump,1.0,0.13568378125907787,12.660620072995712,68.09546030264649
2043,2,22,pitch_jump,1.0,0.24480381945048657,13.16578622019571,68.09546030264649
2044,2,3,pitch_jump,1.0,0.2361208709504541,16.218335996809245,68.12879141390574
2044,2,7,pitch_jump,1.0,0.26753271363572595,21.420604351928425,68.12879141390574
2044,2,9,pitch_jump,1.0,0.037295412008088856,20.957779268883794,68.12879141390574
2044,2,11,pitch_jump,1.0,0.2557049330416609,18.822907923185937,68.12879141390574
2044,2,13,pitch_jump,1.0,0.09171897495358189,15.844137751413687,68.12879141390574
2044,2,16,pitch_jump,1.0,0.20395984495281388,13.770675619881882,68.12879141390574
2044,2,17,pitch_jump,1.0,0.06556548604933661,20.2112746826174,68.12879141390574
2045,2,4,pitch_jump,1.0,0.07548802924882735,14.976049624600746,68.16212252516499
2045,2,9,pitch_jump,1.0,0.018685708246006547,12.567377598993849,68.16212252516499
2045,2,14,pitch_jump,1.0,0.059709410005866305,15.222332204313041,68.16212252516499
2046,2,4,pitch_jump,1.0,0.12069946740053696,21.872435941837253,68.19545363642425
2046,2,6,pitch_jump,1.0,0.17767413023274556,14.176072485608985,68.19545363642425
2046,2,8,pitch_jump,1.0,0.16657678008233928,14.698230164643148,68.19545363642425
2046,2,9,pitch_jump,1.0,0.06893233598384492,21.70226787131864,68.19545363642425
2046,2,13,pitch_jump,1.0,0.10025890307137796,17.391092320788182,68.19545363642425
2046,2,14,pitch_jump,1.0,0.08511467951311916,20.00595111508295,68.19545363642425
2046,2,17,pitch_jump,1.0,0.09607214022562781,21.876279328151483,68.19545363642425
2046,2,18,pitch_jump,1.0,0.14892958533599296,18.262790764039124,68.19545363642425
2046,2,20,pitch_jump,1.0,0.07921381804447579,14.602775900514056,68.19545363642425
2047,2,4,pitch_jump,1.0,0.12301106540709897,37.17717911591387,68.22878474768349
2047,2,6,pitch_jump,1.0,0.16134604991278342,14.400765989218831,68.22878474768349
2047,2,8,pitch_jump,1.0,0.2107698301969909,27.399416090790474,68.22878474768349
2047,2,9,pitch_jump,1.0,0.03714573439884886,32.54619866797101,68.22878474768349
2047,2,13,pitch_jump,1.0,0.1074894543307277,21.57462605957402,68.22878474768349
2047,2,14,pitch_jump,1.0,0.07751214431995654,27.102991981483203,68.22878474768349
2047,2,17,pitch_jump,1.0,0.061545000629559546,25.23619622978921,68.22878474768349
2047,2,18,pitch_jump,1.0,0.15564790809012408,17.091904732414555,68.22878474768349
2047,2,20,pitch_jump,1.0,0.07734369655732183,13.967484417905697,68.22878474768349
2048,2,2,pitch_jump,1.0,0.0624748830386044,33.77712353854991,68.26211585894274
2048,2,3,pitch_jump,1.0,0.08365635350550328,36.22491020635681,68.26211585894274
2048,2,4,pitch_jump,1.0,0.05871453921463323,27.776918810291296,68.26211585894274
2048,2,5,pitch_jump,1.0,0.11009553806878683,27.227055982882604,68.26211585894274
2048,2,6,pitch_jump,1.0,0.07546519227158423,30.349044608622158,68.26211585894274
2048,2,10,pitch_jump,1.0,0.09038826370165896,12.637857541295896,68.26211585894274
2048,2,11,pitch_jump,1.0,0.1174551171312681,27.06486206261819,68.26211585894274
2048,2,13,pitch_jump,1.0,0.09130130911094496,15.838098416819147,68.26211585894274
2048,2,15,pitch_jump,1.0,0.0632162881541534,29.698135272003004,68.26211585894274
2048,2,19,pitch_jump,1.0,0.06396331202629124,20.14556720735013,68.26211585894274
2048,2,22,pitch_jump,1.0,0.12481743083293946,35.073269159279256,68.26211585894274
2049,2,2,pitch_jump,1.0,0.17530170593539676,28.738450507645783,68.295446970202
2049,2,3,pitch_jump,1.0,0.20765930407197455,28.349209570915427,68.295446970202
2049,2,8,pitch_jump,1.0,0.08112781718963422,22.315228530148573,68.295446970202
2049,2,9,pitch_jump,1.0,0.03997559174061827,16.166320763524517,68.295446970202
2049,2,10,pitch_jump,1.0,0.16978877179764365,19.01790369480267,68.295446970202
2049,2,11,pitch_jump,1.0,0.2513496486971695,23.89510901850368,68.295446970202
2049,2,13,pitch_jump,1.0,0.08619103081897149,22.30530858348186,68.295446970202
2049,2,14,pitch_jump,1.0,0.08671808430500648,14.340504164023864,68.295446970202
2049,2,15,pitch_jump,1.0,0.15897582427238918,26.999104456321408,68.295446970202
2049,2,16,pitch_jump,1.0,0.19525447252276043,14.255469707254466,68.295446970202
2049,2,17,pitch_jump,1.0,0.0403456472662752,21.699082942494464,68.295446970202
2049,2,18,pitch_jump,1.0,0.17790196118977333,12.194618971297144,68.295446970202
2049,2,19,pitch_jump,1.0,0.13303735227647973,24.29479380192552,68.295446970202
2049,2,20,pitch_jump,1.0,0.09868930603976135,18.9177252670198,68.295446970202
2049,2,21,pitch_jump,1.0,0.1428965342784093,14.939241801453372,68.295446970202
2050,2,4,pitch_jump,1.0,0.09614628426996062,14.720953448511851,68.32877808146124
2050,2,8,pitch_jump,1.0,0.05337366630656831,14.970707164666344,68.32877808146124
2050,2,9,pitch_jump,1.0,0.022090473565749873,20.42466827447366,68.32877808146124
2050,2,13,pitch_jump,1.0,0.0875582393454454,14.39970787994803,68.32877808146124
2050,2,17,pitch_jump,1.0,0.0153561897803791,19.67573631120402,68.32877808146124
2051,2,4,pitch_jump,1.0,0.05484065404269985,13.251201664275197,68.36210919272048
2051,2,9,pitch_jump,1.0,0.016600322976393255,13.629789651269174,68.36210919272048
2051,2,17,pitch_jump,1.0,0.0021005631481686464,12.023082795475839,68.36210919272048
2052,2,18,pitch_jump,1.0,0.1954903520529598,17.154321236221243,68.39544030397974
2052,2,22,pitch_jump,1.0,0.22947682454979848,13.996644213073818,68.39544030397974
2053,2,7,pitch_jump,1.0,0.2469825999979759,14.551049514284482,68.42877141523898
2053,2,9,pitch_jump,1.0,0.032693638164537145,14.882091202194902,68.42877141523898
2053,2,11,pitch_jump,1.0,0.2427643264049889,16.59504559696918,68.42877141523898
2053,2,17,pitch_jump,1.0,0.0319242502050043,12.775645439713049,68.42877141523898
2054,2,2,pitch_jump,1.0,0.06375313008843805,17.942828543486552,68.46210252649824
2054,2,3,pitch_jump,1.0,0.08426596950935572,21.240887468401123,68.46210252649824
2054,2,4,pitch_jump,1.0,0.0820200611074471,24.6031505715158,68.46210252649824
2054,2,7,pitch_jump,1.0,0.1333201330023019,12.0142502440005,68.46210252649824
2054,2,8,pitch_jump,1.0,0.04316686449314562,16.662778439047614,68.46210252649824
2054,2,9,pitch_jump,1.0,0.007822497358291087,22.219990704894126,68.46210252649824
2054,2,10,pitch_jump,1.0,0.05410437763105522,13.861104870907432,68.46210252649824
2054,2,11,pitch_jump,1.0,0.11443168190080888,17.300878943939423,68.46210252649824
2054,2,13,pitch_jump,1.0,0.010677183987184693,19.260847231804103,68.46210252649824
2054,2,14,pitch_jump,1.0,0.055798438792462796,23.379407852700524,68.46210252649824
2054,2,15,pitch_jump,1.0,0.049460056419746636,16.675340803065485,68.46210252649824
2054,2,16,pitch_jump,1.0,0.0828552565292865,14.631695024243893,68.46210252649824
2054,2,17,pitch_jump,1.0,0.004610814309534096,23.01512311007722,68.46210252649824
2054,2,18,pitch_jump,1.0,0.09679727652666317,17.229006486204938,68.46210252649824
2054,2,19,pitch_jump,1.0,0.06700660520309025,13.447452099319243,68.46210252649824
2054,2,20,pitch_jump,1.0,0.025004468404355003,14.59259895602684,68.46210252649824
2055,2,4,pitch_jump,1.0,0.12640427941534116,13.532632864858122,68.49543363775749
2055,2,5,pitch_jump,1.0,0.2069507277402382,17.768243149083187,68.49543363775749
2055,2,7,pitch_jump,1.0,0.2786966240886858,21.68074809570788,68.49543363775749
2055,2,9,pitch_jump,1.0,0.020515473508424614,12.142849694043628,68.49543363775749
2055,2,11,pitch_jump,1.0,0.23898130047897811,14.698023481811148,68.49543363775749
2055,2,16,pitch_jump,1.0,0.2190740218802002,14.851921374785004,68.49543363775749
2055,2,17,pitch_jump,1.0,0.046592666635701586,13.931647471407855,68.49543363775749
2055,2,22,pitch_jump,1.0,0.21151999414771436,18.526334723019577,68.49543363775749
2056,2,8,pitch_jump,1.0,0.018847784763587692,13.516277768512253,68.52876474901673
2056,2,9,pitch_jump,1.0,0.010428625571734311,21.03176702145378,68.52876474901673
2056,2,13,pitch_jump,1.0,0.07230454331497489,17.983088135457223,68.52876474901673
2056,2,14,pitch_jump,1.0,0.03790893480575866,16.29452232145906,68.52876474901673
2056,2,17,pitch_jump,1.0,0.04458412749046768,20.549220929239656,68.52876474901673
2056,2,20,pitch_jump,1.0,0.07427380281996283,12.590763028745064,68.52876474901673
2058,2,2,pitch_jump,1.0,0.1123891680317455,19.39176440415946,68.59542697153523
2058,2,3,pitch_jump,1.0,0.21464894615390442,26.308483929161255,68.59542697153523
2058,2,7,pitch_jump,1.0,0.27719347890953183,26.810429278569348,68.59542697153523
2058,2,10,pitch_jump,1.0,0.14461460444465254,17.44733521165015,68.59542697153523
2058,2,11,pitch_jump,1.0,0.2860148472579459,26.795433310607088,68.59542697153523
2058,2,15,pitch_jump,1.0,0.13248402721717745,13.040402308300356,68.59542697153523
2058,2,19,pitch_jump,1.0,0.15555984942929751,15.285896702905584,68.59542697153523
2058,2,21,pitch_jump,1.0,0.17074517182641144,13.223206776259714,68.59542697153523
2059,2,20,pitch_jump,1.0,0.05035390894051091,13.893514976547069,68.62875808279448
2061,2,13,pitch_jump,1.0,0.07322932574790149,12.846677384525128,68.69542030531298
2061,2,18,pitch_jump,1.0,0.17364159589437317,14.193520508571822,68.69542030531298
2061,2,20,pitch_jump,1.0,0.11991436761812659,15.036076246233609,68.69542030531298
2062,2,2,pitch_jump,1.0,0.15198937716789393,19.030848369496805,68.72875141657224
2062,2,3,pitch_jump,1.0,0.18409637678843707,25.50715816769037,68.72875141657224
2062,2,4,pitch_jump,1.0,0.0910319988279277,15.321987699570744,68.72875141657224
2062,2,7,pitch_jump,1.0,0.2605291812373306,15.843069442123465,68.72875141657224
2062,2,10,pitch_jump,1.0,0.1562685691289981,16.57940867735164,68.72875141657224
2062,2,11,pitch_jump,1.0,0.22432070660285464,25.93784726233014,68.72875141657224
2062,2,15,pitch_jump,1.0,0.09818179385448103,14.386728555228174,68.72875141657224
2062,2,19,pitch_jump,1.0,0.1589450941518398,13.73817556697479,68.72875141657224
2063,2,5,pitch_jump,1.0,0.09946550160046697,12.791534413133412,68.76208252783148
2063,2,22,pitch_jump,1.0,0.12514010441437534,13.984376831470456,68.76208252783148
2064,2,4,pitch_jump,1.0,0.09535376195188015,33.36740754633584,68.79541363909073
2064,2,5,pitch_jump,1.0,0.18030416807653787,16.592811452874155,68.79541363909073
2064,2,8,pitch_jump,1.0,0.00864805793646413,24.814803246002857,68.79541363909073
2064,2,9,pitch_jump,1.0,0.07009548354615182,47.366501892813815,68.79541363909073
2064,2,13,pitch_jump,1.0,0.07897709286832512,40.94831926472693,68.79541363909073
2064,2,16,pitch_jump,1.0,0.09787043646277246,45.983851423756825,68.79541363909073
2064,2,17,pitch_jump,1.0,0.020591546129885827,47.86650311048458,68.79541363909073
2064,2,18,pitch_jump,1.0,0.15688152836928104,33.04746307367656,68.79541363909073
2064,2,20,pitch_jump,1.0,0.07316843677731,30.667531985001794,68.79541363909073
2064,2,22,pitch_jump,1.0,0.22225460121574192,16.053628501941237,68.79541363909073
2065,2,4,pitch_jump,1.0,0.1199032970969094,29.02956297936911,68.82874475034998
2065,2,5,pitch_jump,1.0,0.17423501623323048,28.616725822502715,68.82874475034998
2065,2,6,pitch_jump,1.0,0.18206626281369284,18.517876359464385,68.82874475034998
2065,2,7,pitch_jump,1.0,0.26220282204474965,19.670693540820203,68.82874475034998
2065,2,9,pitch_jump,1.0,0.09677320636913492,16.499488816784787,68.82874475034998
2065,2,10,pitch_jump,1.0,0.16235940456321343,18.123846311407416,68.82874475034998
2065,2,16,pitch_jump,1.0,0.10302184393495101,18.803219458603316,68.82874475034998
2065,2,18,pitch_jump,1.0,0.16123587096776065,22.343608745936155,68.82874475034998
2065,2,22,pitch_jump,1.0,0.214725108154923,28.531168765914636,68.82874475034998
2066,2,8,pitch_jump,1.0,0.020107897776202338,13.059232761268296,68.86207586160923
2066,2,9,pitch_jump,1.0,0.03853831455828798,12.68052000525683,68.86207586160923
2066,2,13,pitch_jump,1.0,0.031160722252991664,13.549846329595752,68.86207586160923
2066,2,17,pitch_jump,1.0,0.031042396729767652,16.16984873099664,68.86207586160923
2066,2,20,pitch_jump,1.0,0.019811718075763533,12.761006671647644,68.86207586160923
2067,2,4,pitch_jump,1.0,0.11191421311417807,16.196737985374032,68.89540697286847
2067,2,5,pitch_jump,1.0,0.19363178078910423,16.159211870063857,68.89540697286847
2067,2,8,pitch_jump,1.0,0.03116794380098339,15.11020649593944,68.89540697286847
2067,2,9,pitch_jump,1.0,0.040528050901904034,13.94596651881085,68.89540697286847
2067,2,13,pitch_jump,1.0,0.09837692320596737,13.402945300786918,68.89540697286847
2067,2,16,pitch_jump,1.0,0.012958734060613231,14.258486983483168,68.89540697286847
2067,2,17,pitch_jump,1.0,0.004059411658241045,16.08033384741936,68.89540697286847
2067,2,22,pitch_jump,1.0,0.2219798688184575,24.51022341321503,68.89540697286847
2068,2,2,pitch_jump,1.0,0.10591860909479565,62.76299367089718,68.92873808412773
2068,2,3,pitch_jump,1.0,0.17917738756191573,70.12839024717275,68.92873808412773
2068,2,4,pitch_jump,1.0,0.11825852784797053,89.12305236496262,68.92873808412773
2068,2,5,pitch_jump,1.0,0.20614461182277516,36.5794869435552,68.92873808412773
2068,2,6,pitch_jump,1.0,0.1528210218643397,50.56407618507392,68.92873808412773
2068,2,7,pitch_jump,1.0,0.2805255825725302,17.498285710321518,68.92873808412773
2068,2,8,pitch_jump,1.0,0.06713067040983846,13.241888786169392,68.92873808412773
2068,2,10,pitch_jump,1.0,0.12187801040340607,17.251291374010357,68.92873808412773
2068,2,11,pitch_jump,1.0,0.23229996829668115,46.45903315585198,68.92873808412773
2068,2,15,pitch_jump,1.0,0.09091537116891396,47.50512560243026,68.92873808412773
2068,2,16,pitch_jump,1.0,0.014114297815299548,55.70764582804737,68.92873808412773
2068,2,17,pitch_jump,1.0,0.03139073923976038,24.456205730764673,68.92873808412773
2068,2,18,pitch_jump,1.0,0.15610347314158846,56.740839822562855,68.92873808412773
2068,2,19,pitch_jump,1.0,0.10070901983296607,26.051035532664578,68.92873808412773
2068,2,20,pitch_jump,1.0,0.049624240228964486,12.260452215381079,68.92873808412773
2068,2,21,pitch_jump,1.0,0.13470569439717603,12.03025305003822,68.92873808412773
2068,2,22,pitch_jump,1.0,0.22536366159341906,34.224631293677184,68.92873808412773
2069,2,5,pitch_jump,1.0,0.09804572855544166,15.070416251509572,68.96206919538697
2069,2,9,pitch_jump,2.0,0.028268698968648927,29.044440931582916,68.96206919538697
2069,2,22,pitch_jump,1.0,0.10079676004555901,19.684946294948396,68.96206919538697
2071,2,4,pitch_jump,1.0,0.1165409022268401,25.025320611186267,69.02873141790548
2071,2,5,pitch_jump,1.0,0.1840810850026172,17.976693887999893,69.02873141790548
2071,2,6,pitch_jump,1.0,0.16559382370800574,24.955725422773586,69.02873141790548
2071,2,8,pitch_jump,1.0,0.03633363332290832,23.06382296147826,69.02873141790548
2071,2,10,pitch_jump,1.0,0.15846580070847005,12.957020310953977,69.02873141790548
2071,2,13,pitch_jump,1.0,0.057508396746527954,21.260200681627914,69.02873141790548
2071,2,15,pitch_jump,1.0,0.07112770171756853,15.907627653559217,69.02873141790548
2071,2,16,pitch_jump,1.0,0.07497811998904479,25.02574870130228,69.02873141790548
2071,2,17,pitch_jump,1.0,0.027798880858850142,22.831181736819843,69.02873141790548
2071,2,18,pitch_jump,1.0,0.14453807822308287,16.664741749372794,69.02873141790548
2071,2,20,pitch_jump,1.0,0.050343470124675826,24.64775160993398,69.02873141790548
2071,2,21,pitch_jump,1.0,0.11534058966609574,16.27792375531779,69.02873141790548
2071,2,22,pitch_jump,1.0,0.2311828729523083,16.72608101198662,69.02873141790548
2072,2,4,pitch_jump,1.0,0.05335982009125728,31.578344328396884,69.06206252916472
2072,2,6,pitch_jump,1.0,0.09633581522050651,18.694712269658666,69.06206252916472
2072,2,8,pitch_jump,1.0,0.06466783539604232,13.83241516584364,69.06206252916472
2072,2,9,pitch_jump,2.0,0.050348239542618405,15.138520272097685,69.06206252916472
2072,2,10,pitch_jump,1.0,0.02727497240951001,12.528606668004615,69.06206252916472
2072,2,13,pitch_jump,1.0,0.0060098059390645674,20.038043878120952,69.06206252916472
2072,2,16,pitch_jump,1.0,0.03622971925575053,27.137549441410577,69.06206252916472
2072,2,17,pitch_jump,1.0,0.018892238319505428,22.70199756411129,69.06206252916472
2072,2,18,pitch_jump,1.0,0.08055449460087453,22.74409689734022,69.06206252916472
2072,2,20,pitch_jump,1.0,0.035733917954276904,19.471891850370785,69.06206252916472
2073,2,3,pitch_jump,1.0,0.21436447528452007,12.373418676316321,69.09539364042398
2073,2,7,pitch_jump,1.0,0.2580967891301375,13.29449651085808,69.09539364042398
2073,2,8,pitch_jump,1.0,0.04003099177744755,14.63941080037926,69.09539364042398
2073,2,9,pitch_jump,1.0,0.11878842463018459,22.868606499774263,69.09539364042398
2073,2,13,pitch_jump,1.0,0.05089035630023882,16.4903719359104,69.09539364042398
2073,2,15,pitch_jump,1.0,0.12983653339003995,15.449483074053205,69.09539364042398
2073,2,16,pitch_jump,1.0,0.05725868079243511,12.32127517348389,69.09539364042398
2073,2,17,pitch_jump,1.0,0.03535411518777481,18.22501597838617,69.09539364042398
2074,2,7,pitch_jump,1.0,0.2883747174065481,13.791629546367579,69.12872475168322
2074,2,8,pitch_jump,1.0,0.027999844340151563,12.61398711919811,69.12872475168322
2074,2,13,pitch_jump,1.0,0.03780463147572574,12.127909324784492,69.12872475168322
2074,2,20,pitch_jump,1.0,0.020086496050244096,13.813547043265917,69.12872475168322
2074,2,21,pitch_jump,1.0,0.1749678747650716,18.645726174180624,69.12872475168322
2075,2,7,pitch_jump,1.0,0.11564472174379567,12.551072409467427,69.16205586294247
2075,2,13,pitch_jump,1.0,0.0020029337225437654,14.012322775812304,69.16205586294247
2075,2,16,pitch_jump,1.0,0.0063568984423074334,12.042598571337757,69.16205586294247
2076,2,4,pitch_jump,1.0,0.09789879360699535,24.894829709016406,69.19538697420172
2076,2,6,pitch_jump,1.0,0.1452691530722872,13.606634308303251,69.19538697420172
2076,2,8,pitch_jump,1.0,0.0431745347607621,12.264784227045148,69.19538697420172
2076,2,9,pitch_jump,1.0,0.07022015253302447,21.134799453444835,69.19538697420172
2076,2,13,pitch_jump,1.0,0.05627985583170575,14.613377200735128,69.19538697420172
2076,2,16,pitch_jump,1.0,0.03957166743238217,16.336751103377843,69.19538697420172
2076,2,17,pitch_jump,1.0,0.021946320007924507,12.527986518156483,69.19538697420172
2076,2,18,pitch_jump,1.0,0.1444847214251553,22.90789244681427,69.19538697420172
2076,2,19,pitch_jump,1.0,0.15079838960089073,13.017394005031374,69.19538697420172
2076,2,22,pitch_jump,1.0,0.24373070404465755,13.268672622553465,69.19538697420172
2077,2,2,pitch_jump,1.0,0.12544662116093092,44.3894976989109,69.22871808546097
2077,2,3,pitch_jump,1.0,0.1885328927931811,33.77414554727674,69.22871808546097
2077,2,4,pitch_jump,1.0,0.08947256609371183,52.29534711580486,69.22871808546097
2077,2,5,pitch_jump,1.0,0.1830284116095329,110.02775381601137,69.22871808546097
2077,2,6,pitch_jump,1.0,0.15912785661546675,77.46907680579345,69.22871808546097
2077,2,7,pitch_jump,1.0,0.27644147129092483,26.20492709649388,69.22871808546097
2077,2,8,pitch_jump,1.0,0.024493169711109042,53.14806091152425,69.22871808546097
2077,2,9,pitch_jump,1.0,0.06759738779527565,32.92401677371917,69.22871808546097
2077,2,10,pitch_jump,1.0,0.12756899134510016,18.046096964970445,69.22871808546097
2077,2,11,pitch_jump,1.0,0.20032946428940984,24.227535559660023,69.22871808546097
2077,2,13,pitch_jump,1.0,0.05625297907042844,65.0214363483318,69.22871808546097
2077,2,15,pitch_jump,1.0,0.048936276216333556,53.059334806784776,69.22871808546097
2077,2,16,pitch_jump,1.0,0.05567938122425712,38.45002661821999,69.22871808546097
2077,2,17,pitch_jump,1.0,0.024413588096820475,63.798058296568314,69.22871808546097
2077,2,18,pitch_jump,1.0,0.13586101619779828,28.89939224525917,69.22871808546097
2077,2,19,pitch_jump,1.0,0.14148795358698962,31.60309095838094,69.22871808546097
2077,2,20,pitch_jump,1.0,0.0203680235254763,38.38722703920014,69.22871808546097
2077,2,21,pitch_jump,1.0,0.13094677534685142,14.288900219607848,69.22871808546097
2077,2,22,pitch_jump,1.0,0.22746695945986525,142.50529306314232,69.22871808546097
2078,2,2,pitch_jump,1.0,0.038784507452891394,42.73267856637917,69.26204919672023
2078,2,3,pitch_jump,1.0,0.07377981724905475,36.98381014816957,69.26204919672023
2078,2,4,pitch_jump,1.0,0.05108827620819646,74.12424448665452,69.26204919672023
2078,2,5,pitch_jump,1.0,0.08294064861115033,29.271479763243114,69.26204919672023
2078,2,6,pitch_jump,1.0,0.08237114167461926,36.4700083556599,69.26204919672023
2078,2,8,pitch_jump,1.0,0.04575860121717741,48.24775573924438,69.26204919672023
2078,2,9,pitch_jump,1.0,0.022615568796101014,68.82296182788318,69.26204919672023
2078,2,10,pitch_jump,1.0,0.027761863746722584,24.404414720352996,69.26204919672023
2078,2,11,pitch_jump,1.0,0.09633015473828534,19.223073055037204,69.26204919672023
2078,2,13,pitch_jump,1.0,0.02426537283054257,63.54157125246525,69.26204919672023
2078,2,15,pitch_jump,1.0,0.01939869038317363,47.881882333091774,69.26204919672023
2078,2,16,pitch_jump,1.0,0.04299716599178041,70.15605295337093,69.26204919672023
2078,2,17,pitch_jump,1.0,0.0196363220356722,72.11987282138996,69.26204919672023
2078,2,18,pitch_jump,1.0,0.07532242425844125,54.79397367806467,69.26204919672023
2078,2,19,pitch_jump,1.0,0.06550955359681916,28.278234802639087,69.26204919672023
2078,2,20,pitch_jump,1.0,0.034749032227898706,44.3421315331864,69.26204919672023
2078,2,21,pitch_jump,1.0,0.035222314635968935,12.772800153426854,69.26204919672023
2078,2,22,pitch_jump,1.0,0.11142752872728345,42.79276669924007,69.26204919672023
2079,2,9,pitch_jump,1.0,0.08586319722286263,12.283866828716073,69.29538030797947
2079,2,17,pitch_jump,1.0,0.01740959272463614,12.742371445706342,69.29538030797947
2079,2,22,pitch_jump,1.0,0.24777815410298387,14.409843392713853,69.29538030797947
2080,2,2,pitch_jump,1.0,0.07375529772658135,17.214184850139503,69.32871141923872
2080,2,3,pitch_jump,1.0,0.165905688400532,16.231327363752794,69.32871141923872
2080,2,4,pitch_jump,1.0,0.08396033956511391,18.51007871439969,69.32871141923872
2080,2,6,pitch_jump,1.0,0.13861189382980607,16.91982125136396,69.32871141923872
2080,2,7,pitch_jump,1.0,0.2398036741578273,14.344769206334037,69.32871141923872
2080,2,8,pitch_jump,1.0,0.040035614426951964,17.230437578110138,69.32871141923872
2080,2,9,pitch_jump,1.0,0.09568319275728555,13.191354647468588,69.32871141923872
2080,2,10,pitch_jump,1.0,0.09959648262619611,15.63607136628426,69.32871141923872
2080,2,11,pitch_jump,1.0,0.21172291271205132,17.009699476090898,69.32871141923872
2080,2,13,pitch_jump,1.0,0.05343111692310235,17.521276489244055,69.32871141923872
2080,2,15,pitch_jump,1.0,0.10804462998318695,13.200188505387407,69.32871141923872
2080,2,16,pitch_jump,1.0,0.07178670897009314,23.01410762291367,69.32871141923872
2080,2,17,pitch_jump,1.0,0.031815799051896985,17.053776102893732,69.32871141923872
2080,2,18,pitch_jump,1.0,0.12038567718122888,16.720435586408072,69.32871141923872
2080,2,19,pitch_jump,1.0,0.1461860444229264,12.372529708990315,69.32871141923872
2080,2,20,pitch_jump,1.0,0.043442085211975436,20.39965399785986,69.32871141923872
2081,2,3,pitch_jump,1.0,0.037686377566547136,22.404777674178337,69.36204253049797
2081,2,4,pitch_jump,1.0,0.046050068634441915,49.083940059371,69.36204253049797
2081,2,5,pitch_jump,1.0,0.08291933174346738,19.939837072760927,69.36204253049797
2081,2,6,pitch_jump,1.0,0.07020603521084091,16.66824390800135,69.36204253049797
2081,2,7,pitch_jump,1.0,0.09933688007657202,14.692800400595804,69.36204253049797
2081,2,8,pitch_jump,1.0,0.0462933151192364,39.776512190759234,69.36204253049797
2081,2,9,pitch_jump,1.0,0.04089772409268201,63.05651645037776,69.36204253049797
2081,2,11,pitch_jump,1.0,0.08551023086643504,28.688598411093523,69.36204253049797
2081,2,13,pitch_jump,1.0,0.007683522080691923,58.96276068889,69.36204253049797
2081,2,15,pitch_jump,1.0,0.033776591286300485,21.061623281561953,69.36204253049797
2081,2,16,pitch_jump,1.0,0.027059387384739172,59.65171021102376,69.36204253049797
2081,2,17,pitch_jump,1.0,0.04782934316517293,67.86337535279496,69.36204253049797
2081,2,18,pitch_jump,1.0,0.05670790338632754,42.698818538679,69.36204253049797
2081,2,20,pitch_jump,1.0,0.07551066650366343,37.133257929807975,69.36204253049797
2081,2,21,pitch_jump,1.0,0.05192191778302305,12.425993130856563,69.36204253049797
2081,2,22,pitch_jump,1.0,0.10986315930167882,33.34734143807943,69.36204253049797
2082,2,4,pitch_jump,1.0,0.08257335039018372,23.572602011338773,69.39537364175722
2082,2,7,pitch_jump,1.0,0.22326857043982828,12.899128660790481,69.39537364175722
2082,2,9,pitch_jump,1.0,0.0961790812796952,18.980367847321876,69.39537364175722
2082,2,11,pitch_jump,1.0,0.2217703569745122,12.572851066960848,69.39537364175722
2082,2,16,pitch_jump,1.0,0.01597806627599,20.570845583876896,69.39537364175722
2082,2,17,pitch_jump,1.0,0.058405519740872144,19.92948134915656,69.39537364175722
2082,2,18,pitch_jump,1.0,0.10999246198825723,14.910772328153675,69.39537364175722
2082,2,20,pitch_jump,1.0,0.05393794224636112,14.577178318787373,69.39537364175722
2083,2,4,pitch_jump,1.0,0.07426935588566773,13.616634397120936,69.42870475301646
2083,2,5,pitch_jump,1.0,0.14848669861951777,12.137269917703886,69.42870475301646
2083,2,6,pitch_jump,1.0,0.12478080715556528,15.73918646710528,69.42870475301646
2083,2,22,pitch_jump,1.0,0.1816768750703191,21.299061186087844,69.42870475301646
2084,2,11,pitch_jump,1.0,0.08801023657565211,12.318144034880056,69.46203586427572
2085,2,22,pitch_jump,1.0,0.19250007901829194,13.713984029150254,69.49536697553496
2086,2,3,pitch_jump,1.0,0.1745060717375277,16.516154902501146,69.52869808679422
2086,2,4,pitch_jump,1.0,0.07946623429725116,13.36642359856779,69.52869808679422
2086,2,5,pitch_jump,1.0,0.1526805584325609,31.526561467807,69.52869808679422
2086,2,6,pitch_jump,1.0,0.11829834096372831,12.4034274006321,69.52869808679422
2086,2,7,pitch_jump,1.0,0.21402718996050582,38.459349619102895,69.52869808679422
2086,2,9,pitch_jump,1.0,0.09947384846232676,14.761838156931445,69.52869808679422
2086,2,10,pitch_jump,1.0,0.0597961914271455,16.707675057585064,69.52869808679422
2086,2,11,pitch_jump,1.0,0.19989298685773,30.34119228311357,69.52869808679422
2086,2,18,pitch_jump,1.0,0.15386881321532142,19.322708557899507,69.52869808679422
2086,2,19,pitch_jump,1.0,0.05666759539533706,13.438440411146033,69.52869808679422
2086,2,21,pitch_jump,1.0,0.12420122912416293,13.232710642330915,69.52869808679422
2086,2,22,pitch_jump,1.0,0.19110183861566998,26.243852801790037,69.52869808679422
2087,2,17,pitch_jump,1.0,0.05392800338152889,16.08787010206042,69.56202919805347
2088,2,4,pitch_jump,1.0,0.0646026818596255,27.13178992649451,69.59536030931271
2088,2,5,pitch_jump,1.0,0.1566921410976921,12.509937796870492,69.59536030931271
2088,2,6,pitch_jump,1.0,0.1299516329297204,19.156330954616898,69.59536030931271
2088,2,8,pitch_jump,1.0,0.025682026696094363,19.04102829480172,69.59536030931271
2088,2,9,pitch_jump,1.0,0.07439919358019041,21.0859426151265,69.59536030931271
2088,2,13,pitch_jump,1.0,0.09030223987290664,16.39847250815393,69.59536030931271
2088,2,15,pitch_jump,1.0,0.07504883652617234,12.634120658184507,69.59536030931271
2088,2,16,pitch_jump,1.0,0.04419290877313657,21.773405039294616,69.59536030931271
2088,2,17,pitch_jump,1.0,0.04038571703133346,22.841591113269914,69.59536030931271
2088,2,18,pitch_jump,1.0,0.12196747075654138,20.608990779018537,69.59536030931271
2088,2,19,pitch_jump,1.0,0.09636292253940545,12.035517651860749,69.59536030931271
2088,2,20,pitch_jump,1.0,0.04520679265800176,19.190958099803918,69.59536030931271
2088,2,22,pitch_jump,1.0,0.20132702042184727,15.318992146742758,69.59536030931271
2089,2,4,pitch_jump,1.0,0.05375472771322125,19.73677963241766,69.62869142057197
2089,2,5,pitch_jump,1.0,0.16512850446991523,21.58830548508726,69.62869142057197
2089,2,6,pitch_jump,1.0,0.13153257287932632,21.049325046746,69.62869142057197
2089,2,7,pitch_jump,1.0,0.23783919068508108,18.648235952003795,69.62869142057197
2089,2,9,pitch_jump,1.0,0.06312525754804142,14.175479739339634,69.62869142057197
2089,2,11,pitch_jump,1.0,0.2344686264117804,12.008469684651926,69.62869142057197
2089,2,16,pitch_jump,1.0,0.03423728103528514,15.655017468147326,69.62869142057197
2089,2,17,pitch_jump,1.0,0.07601419270194279,14.046983010167914,69.62869142057197
2089,2,18,pitch_jump,1.0,0.11718389541780422,22.321480283355356,69.62869142057197
2089,2,20,pitch_jump,1.0,0.07506613363355645,13.713440596917854,69.62869142057197
2089,2,22,pitch_jump,1.0,0.19589757230631896,25.57481152563714,69.62869142057197
2090,2,5,pitch_jump,1.0,0.0834726768386264,14.70905654744894,69.66202253183121
2090,2,7,pitch_jump,1.0,0.11388371196714211,14.683288782679321,69.66202253183121
2090,2,22,pitch_jump,1.0,0.1073585304784653,14.871312951221977,69.66202253183121
2091,2,2,pitch_jump,1.0,0.07071296161846664,14.194197096826999,69.69535364309046
2091,2,5,pitch_jump,1.0,0.19170581253679006,13.070928962840467,69.69535364309046
2091,2,11,pitch_jump,1.0,0.239193458429187,12.155678885315863,69.69535364309046
2091,2,22,pitch_jump,1.0,0.2203647525220261,16.971925777325993,69.69535364309046
2092,2,5,pitch_jump,1.0,0.19726592312745952,19.015041646197925,69.72868475434971
2092,2,6,pitch_jump,1.0,0.13730729613197806,14.113103909278056,69.72868475434971
2092,2,22,pitch_jump,1.0,0.21548640448013376,23.275240045889102,69.72868475434971
2094,2,5,pitch_jump,1.0,0.17250463352736148,13.899540391081167,69.79534697686822
2094,2,8,pitch_jump,1.0,0.07668101815670732,25.187536639244126,69.79534697686822
2094,2,9,pitch_jump,1.0,0.09275511342710296,38.31278017996573,69.79534697686822
2094,2,13,pitch_jump,1.0,0.05225158288715486,39.05361825690319,69.79534697686822
2094,2,15,pitch_jump,1.0,0.047547332084380806,21.45444375127429,69.79534697686822
2094,2,16,pitch_jump,1.0,0.03374596025720083,44.020294936795445,69.79534697686822
2094,2,17,pitch_jump,1.0,0.03269222874365891,44.84723502865059,69.79534697686822
2094,2,18,pitch_jump,1.0,0.09672108121428025,30.916865551152657,69.79534697686822
2094,2,20,pitch_jump,1.0,0.048357707963768114,35.586475510422936,69.79534697686822
2094,2,21,pitch_jump,1.0,0.13537048818873168,12.47412262341231,69.79534697686822
2094,2,22,pitch_jump,1.0,0.22513313684929978,14.95120156970896,69.79534697686822
2095,2,8,pitch_jump,1.0,0.05661947501761815,13.246316724670244,69.82867808812746
2095,2,9,pitch_jump,1.0,0.08731875129315163,29.625151613739106,69.82867808812746
2095,2,13,pitch_jump,1.0,0.07462248226567855,22.44747910993297,69.82867808812746
2095,2,16,pitch_jump,1.0,0.03701752627639608,22.162443163414917,69.82867808812746
2095,2,17,pitch_jump,1.0,0.05544894066766085,22.87841357917743,69.82867808812746
2095,2,18,pitch_jump,1.0,0.10026773277025272,17.543003752890048,69.82867808812746
2095,2,19,pitch_jump,1.0,0.11227252959717131,12.415182058954104,69.82867808812746
2097,2,5,pitch_jump,1.0,0.2015212974831514,14.970579773851057,69.89534031064596
2097,2,6,pitch_jump,1.0,0.13332037721058454,13.202776819946992,69.89534031064596
2097,2,7,pitch_jump,1.0,0.24194718096417667,14.996348335926365,69.89534031064596
2097,2,8,pitch_jump,1.0,0.05621525033648831,17.53402817767952,69.89534031064596
2097,2,9,pitch_jump,1.0,0.07840615783149174,17.87066670035773,69.89534031064596
2097,2,11,pitch_jump,1.0,0.24892367029284626,12.425235047621797,69.89534031064596
2097,2,13,pitch_jump,1.0,0.07036206553213278,15.971940699094725,69.89534031064596
2097,2,16,pitch_jump,1.0,0.025659368538266555,16.772374047372292,69.89534031064596
2097,2,17,pitch_jump,1.0,0.057403551682824856,18.06299768091094,69.89534031064596
2097,2,18,pitch_jump,1.0,0.10139260636311292,13.330262048865194,69.89534031064596
2097,2,20,pitch_jump,1.0,0.06004076124272184,14.889017838392501,69.89534031064596
2097,2,22,pitch_jump,1.0,0.2424900632525772,14.37867327587126,69.89534031064596
2098,2,2,pitch_jump,1.0,0.12190500193043827,13.030371934225698,69.92867142190521
2098,2,15,pitch_jump,1.0,0.06197766401848089,12.301661958331266,69.92867142190521
2098,2,18,pitch_jump,1.0,0.11832567612080108,14.326778797630796,69.92867142190521
2098,2,21,pitch_jump,1.0,0.17519428162798142,22.24120831684224,69.92867142190521
2099,2,2,pitch_jump,1.0,0.045738029731354386,46.01016163095284,69.96200253316445
2099,2,3,pitch_jump,1.0,0.06232471014893062,15.569458830982224,69.96200253316445
2099,2,5,pitch_jump,1.0,0.09040782992444096,44.65063009286098,69.96200253316445
2099,2,8,pitch_jump,1.0,0.04909223835407264,124.22315754670855,69.96200253316445
2099,2,9,pitch_jump,1.0,0.04150384815298233,123.08706486223929,69.96200253316445
2099,2,10,pitch_jump,1.0,0.03629313001930485,24.80414948826143,69.96200253316445
2099,2,11,pitch_jump,1.0,0.11129168857662627,26.087408668129445,69.96200253316445
2099,2,13,pitch_jump,1.0,0.03910561369729866,146.6677259718904,69.96200253316445
2099,2,15,pitch_jump,1.0,0.0072460004289728215,90.28940290483655,69.96200253316445
2099,2,16,pitch_jump,1.0,0.013626402126201876,139.200526812829,69.96200253316445
2099,2,17,pitch_jump,1.0,0.0289827327095513,173.6777068734532,69.96200253316445
2099,2,18,pitch_jump,1.0,0.06756579572672138,83.38869092197902,69.96200253316445
2099,2,19,pitch_jump,1.0,0.06227757141579379,41.4726534299832,69.96200253316445
2099,2,20,pitch_jump,1.0,0.03302487797938249,117.06122966548949,69.96200253316445
2099,2,21,pitch_jump,1.0,0.0975127330486048,43.14499050030963,69.96200253316445
2099,2,22,pitch_jump,1.0,0.14367108054800218,63.052937580145134,69.96200253316445
2100,2,2,pitch_jump,1.0,0.12888176761950693,19.7781545167358,69.99533364442371
2100,2,6,pitch_jump,1.0,0.17642376561397882,18.990248164006328,69.99533364442371
2100,2,8,pitch_jump,1.0,0.01755286698645869,49.26324751982568,69.99533364442371
2100,2,10,pitch_jump,1.0,0.1086941618247889,14.889864315250179,69.99533364442371
2100,2,13,pitch_jump,1.0,0.024697973163977687,59.89597420407909,69.99533364442371
2100,2,15,pitch_jump,1.0,0.0658491963471646,38.13105205165279,69.99533364442371
2100,2,18,pitch_jump,1.0,0.10567492591211473,58.5840124489548,69.99533364442371
2100,2,19,pitch_jump,1.0,0.1442518986117826,18.53224153247714,69.99533364442371
2100,2,20,pitch_jump,1.0,0.06874992013418725,41.112918308641284,69.99533364442371
2101,2,3,pitch_jump,1.0,0.21147159506273305,12.536531286744586,70.02866475568295
2101,2,5,pitch_jump,1.0,0.2268757618945981,14.114503760209528,70.02866475568295
2101,2,7,pitch_jump,1.0,0.2883759818146418,14.21864643555354,70.02866475568295
2101,2,11,pitch_jump,1.0,0.3105946232683696,12.648435692158138,70.02866475568295
2101,2,22,pitch_jump,1.0,0.28111959889560784,13.254180179013924,70.02866475568295
2102,2,10,pitch_jump,1.0,0.14284857144980415,34.44647446472426,70.06199586694221
2102,2,18,pitch_jump,1.0,0.058106593597233004,15.792926950695318,70.06199586694221
2102,2,21,pitch_jump,1.0,0.12404403519150062,25.881986413307907,70.06199586694221
2103,2,2,pitch_jump,1.0,0.13598798919224112,16.83768367966842,70.09532697820146
2103,2,3,pitch_jump,1.0,0.2603631913539677,14.88190866743097,70.09532697820146
2103,2,5,pitch_jump,1.0,0.2739465938977679,14.601184953194117,70.09532697820146
2103,2,6,pitch_jump,1.0,0.1819232912663998,22.605061136522796,70.09532697820146
2103,2,7,pitch_jump,1.0,0.3125088633279286,12.654383231750273,70.09532697820146
2103,2,10,pitch_jump,1.0,0.2500559899972085,28.44636952629525,70.09532697820146
2103,2,18,pitch_jump,1.0,0.10840424488576617,15.623560714514698,70.09532697820146
2103,2,19,pitch_jump,1.0,0.13662517795526413,20.115446460612652,70.09532697820146
2103,2,20,pitch_jump,1.0,0.014591537837848887,13.405201774458646,70.09532697820146
2103,2,21,pitch_jump,1.0,0.14347644860444447,12.546475176861183,70.09532697820146
2103,2,22,pitch_jump,1.0,0.2953549123807517,19.77201296679909,70.09532697820146
2104,2,2,pitch_jump,1.0,0.16186791650342452,15.86577095161559,70.1286580894607
2104,2,6,pitch_jump,1.0,0.17558430621770757,13.667396394866167,70.1286580894607
2104,2,7,pitch_jump,1.0,0.3058733352837639,15.344303235347274,70.1286580894607
2104,2,8,pitch_jump,1.0,0.04867097755840075,18.848725169308395,70.1286580894607
2104,2,11,pitch_jump,1.0,0.35427484564230594,12.407673172789464,70.1286580894607
2104,2,15,pitch_jump,1.0,0.11033017103476789,13.101725134185367,70.1286580894607
2104,2,18,pitch_jump,1.0,0.10582586311436348,16.525622361550667,70.1286580894607
2104,2,20,pitch_jump,1.0,0.053853719461618876,17.26696323511274,70.1286580894607
2104,2,21,pitch_jump,1.0,0.1351309665706302,13.987094649101802,70.1286580894607
2105,2,10,pitch_jump,1.0,0.054602809568066395,13.091377659321035,70.16198920071996
2105,2,22,pitch_jump,1.0,0.13769860459532313,12.361781231836517,70.16198920071996
2106,2,7,pitch_jump,1.0,0.323882928835972,16.526823908300223,70.1953203119792
2106,2,8,pitch_jump,1.0,0.14047727214091044,32.43146459037911,70.1953203119792
2106,2,15,pitch_jump,1.0,0.11012303119244217,16.150767204544422,70.1953203119792
2106,2,20,pitch_jump,1.0,0.03228810555890281,15.31648740214359,70.1953203119792
2107,2,8,pitch_jump,1.0,0.10437796121790764,13.24353849317768,70.22865142323846
2107,2,15,pitch_jump,1.0,0.05576684246745303,19.97577935144574,70.22865142323846
2107,2,18,pitch_jump,1.0,0.08914684375149304,15.933525910236698,70.22865142323846
2107,2,20,pitch_jump,1.0,0.04548981306831161,13.904194968132563,70.22865142323846
2108,2,8,pitch_jump,1.0,0.04493088945567876,17.934792579361034,70.2619825344977
2108,2,14,pitch_jump,1.0,0.10533054258261512,12.123018153002972,70.2619825344977
2108,2,15,pitch_jump,1.0,0.017097286697541365,12.206010863222376,70.2619825344977
2108,2,18,pitch_jump,1.0,0.03597482182673918,17.487800337658374,70.2619825344977
2109,2,5,pitch_jump,1.0,0.2674468908612681,14.26446357816971,70.29531364575695
2109,2,6,pitch_jump,1.0,0.22841951020370455,24.964405521506336,70.29531364575695
2109,2,7,pitch_jump,1.0,0.34795887731577335,17.31502375531465,70.29531364575695
2110,2,6,pitch_jump,1.0,0.26423408299006235,22.739323536248442,70.3286447570162
2110,2,7,pitch_jump,1.0,0.36015629620943396,13.570181551310053,70.3286447570162
2110,2,8,pitch_jump,1.0,0.04861871999823843,15.345355466119043,70.3286447570162
2111,2,19,pitch_jump,1.0,0.1066408672694,21.72182342976306,70.36197586827545
2112,2,5,pitch_jump,1.0,0.29796329143886147,13.936082061648804,70.3953069795347
2112,2,7,pitch_jump,1.0,0.3913233521884592,15.758231416670812,70.3953069795347
2112,2,11,pitch_jump,1.0,0.39065586947336445,13.286677315059402,70.3953069795347
2112,2,13,pitch_jump,1.0,0.25053016660658545,14.15696106206398,70.3953069795347
2112,2,19,pitch_jump,1.0,0.2345640092403021,19.697392294953467,70.3953069795347
2113,2,2,pitch_jump,1.0,0.1285950748903097,14.92009818360077,70.42863809079395
2113,2,8,pitch_jump,1.0,0.0509024903126604,16.44549711462169,70.42863809079395
2113,2,9,pitch_jump,1.0,0.14448954899688835,16.100014701153615,70.42863809079395
2113,2,10,pitch_jump,1.0,0.19481660371532528,14.626604360480261,70.42863809079395
2113,2,15,pitch_jump,1.0,0.14687701013904766,18.911676107869145,70.42863809079395
2113,2,20,pitch_jump,1.0,0.048766445305334936,18.22823591095692,70.42863809079395
2114,2,7,pitch_jump,1.0,0.18783740713416472,23.274747666441236,70.4619692020532
2114,2,9,pitch_jump,1.0,0.04167159760929203,18.799452750340407,70.4619692020532
2114,2,11,pitch_jump,1.0,0.16646988012872865,13.835449059342558,70.4619692020532
2114,2,18,pitch_jump,1.0,0.049658299820875905,14.270812647994731,70.4619692020532
2115,2,5,pitch_jump,1.0,0.3314481631885394,12.452565858348251,70.49530031331246
2115,2,7,pitch_jump,1.0,0.4019506300413232,20.55682231666798,70.49530031331246
2115,2,9,pitch_jump,1.0,0.06902436725688207,12.05636763190548,70.49530031331246
2115,2,20,pitch_jump,1.0,0.07578005641299929,12.761110947563422,70.49530031331246
2116,2,8,pitch_jump,1.0,0.04645437975444231,18.60395593457014,70.5286314245717
2116,2,9,pitch_jump,1.0,0.09215268306911407,16.533399816776715,70.5286314245717
2116,2,13,pitch_jump,1.0,0.04618675287748002,14.586404916235068,70.5286314245717
2116,2,15,pitch_jump,1.0,0.0924678441876747,17.97733316283513,70.5286314245717
2116,2,18,pitch_jump,1.0,0.0993235229637798,17.318850251857647,70.5286314245717
2116,2,19,pitch_jump,1.0,0.17248966607743044,12.06407284582687,70.5286314245717
2116,2,20,pitch_jump,1.0,0.01484050138418778,17.946780163167965,70.5286314245717
2117,2,7,pitch_jump,1.0,0.22226646612341394,40.57837246715513,70.56196253583094
2117,2,9,pitch_jump,1.0,0.026206363814591817,12.234447406009249,70.56196253583094
2117,2,13,pitch_jump,1.0,0.027026473771941478,15.030458344548359,70.56196253583094
2118,2,7,pitch_jump,1.0,0.44489612488163505,20.392557022763437,70.5952936470902
2118,2,14,pitch_jump,1.0,0.28753670492695854,12.829044435879517,70.5952936470902
2118,2,21,pitch_jump,1.0,0.20537400682736284,13.09221847600835,70.5952936470902
2119,2,5,pitch_jump,1.0,0.3275972154362281,20.59297648233208,70.62862475834945
2119,2,6,pitch_jump,1.0,0.15381460429980714,16.870777590360458,70.62862475834945
2119,2,7,pitch_jump,1.0,0.4079126053113565,28.373356422095846,70.62862475834945
2119,2,8,pitch_jump,1.0,0.18027345138728035,25.437393609474107,70.62862475834945
2119,2,21,pitch_jump,1.0,0.17433944575266616,16.22952808743833,70.62862475834945
2120,2,2,pitch_jump,1.0,0.08017138423354339,22.126175217093902,70.66195586960869
2120,2,3,pitch_jump,1.0,0.11133960293900022,19.414709774616085,70.66195586960869
2120,2,5,pitch_jump,1.0,0.15300547844340306,26.57878596533647,70.66195586960869
2120,2,7,pitch_jump,1.0,0.1851724123632964,14.438043732080303,70.66195586960869
2120,2,8,pitch_jump,1.0,0.1293575143042933,52.17004872787411,70.66195586960869
2120,2,9,pitch_jump,1.0,0.029827316164793057,33.99938376991072,70.66195586960869
2120,2,10,pitch_jump,1.0,0.026079916541395593,19.216957434312693,70.66195586960869
2120,2,13,pitch_jump,1.0,0.06096195645094827,49.211869454009296,70.66195586960869
2120,2,15,pitch_jump,1.0,0.04764823808717688,35.864095465916456,70.66195586960869
2120,2,18,pitch_jump,1.0,0.05069080784196206,23.89155465411117,70.66195586960869
2120,2,19,pitch_jump,1.0,0.061988026692392784,22.662330265285398,70.66195586960869
2120,2,20,pitch_jump,1.0,0.029066917151843917,40.18516959715957,70.66195586960869
2120,2,21,pitch_jump,1.0,0.10508985158821176,13.710881674382907,70.66195586960869
2121,2,9,pitch_jump,1.0,0.10302069145155349,26.236677982927972,70.69528698086795
2121,2,13,pitch_jump,1.0,0.052793221202334706,17.95490109244464,70.69528698086795
2121,2,18,pitch_jump,1.0,0.11949115738159065,18.213393668966116,70.69528698086795
2121,2,20,pitch_jump,1.0,0.06033702890081815,17.953160561798942,70.69528698086795
2122,2,8,pitch_jump,1.0,0.12325597085302206,17.17968426966537,70.72861809212719
2122,2,9,pitch_jump,1.0,0.12232415384643064,16.86229508428263,70.72861809212719
2123,2,7,pitch_jump,1.0,0.18752178827388538,16.80266673768314,70.76194920338645
2123,2,11,pitch_jump,1.0,0.15772331814044213,14.896501019796528,70.76194920338645
2123,2,17,pitch_jump,1.0,0.09283124088194943,15.17220516057665,70.76194920338645
2124,2,2,pitch_jump,1.0,0.17446440199180588,14.10268535351418,70.7952803146457
2124,2,3,pitch_jump,1.0,0.2840140004287215,12.530746062676483,70.7952803146457
2124,2,8,pitch_jump,1.0,0.0720289610728654,14.432013971901593,70.7952803146457
2124,2,10,pitch_jump,1.0,0.2076150020705819,16.367826491545316,70.7952803146457
2124,2,11,pitch_jump,1.0,0.3216343659610467,16.55150537687592,70.7952803146457
2124,2,15,pitch_jump,1.0,0.09945540542372958,15.25129533382555,70.7952803146457
2124,2,17,pitch_jump,1.0,0.08242238596287384,13.998285946812297,70.7952803146457
2124,2,19,pitch_jump,1.0,0.1338306314004031,13.619454672773198,70.7952803146457
2124,2,20,pitch_jump,1.0,0.025477876497823997,16.744931377889372,70.7952803146457
2124,2,21,pitch_jump,1.0,0.22712661708838072,24.343596609038133,70.7952803146457
2125,2,7,pitch_jump,1.0,0.38789104102057215,21.298669909784557,70.82861142590494
2125,2,9,pitch_jump,1.0,0.05308878819326063,16.927951887684966,70.82861142590494
2125,2,13,pitch_jump,1.0,0.07889269455991886,18.509774339990617,70.82861142590494
2125,2,16,pitch_jump,1.0,0.12390198471920139,22.498477020054363,70.82861142590494
2125,2,17,pitch_jump,1.0,0.04754012357151943,17.702001733620378,70.82861142590494
2125,2,18,pitch_jump,1.0,0.10760600103368874,18.32725923802606,70.82861142590494
2125,2,19,pitch_jump,1.0,0.15829062482225537,21.07586010433872,70.82861142590494
2125,2,21,pitch_jump,1.0,0.18242498307600694,18.31573756382309,70.82861142590494
2126,2,13,pitch_jump,1.0,0.06512311301940034,16.87123970074878,70.8619425371642
2126,2,17,pitch_jump,1.0,0.013542694978537075,12.693911867275586,70.8619425371642
2126,2,20,pitch_jump,1.0,0.09210532259003806,14.55816821085944,70.8619425371642
2127,2,8,pitch_jump,1.0,0.09963690004540217,13.21620502656135,70.89527364842344
2127,2,21,pitch_jump,1.0,0.21460670472764745,23.715951523568087,70.89527364842344
2128,2,7,pitch_jump,1.0,0.3996547418683206,14.086329799424076,70.92860475968268
2128,2,9,pitch_jump,1.0,0.10523539613772698,16.23982705118568,70.92860475968268
2128,2,13,pitch_jump,1.0,0.05754143929752641,20.0030499245176,70.92860475968268
2128,2,16,pitch_jump,1.0,0.08305450212519024,19.86357390336625,70.92860475968268
2128,2,17,pitch_jump,1.0,0.042640627800982836,18.82892080866611,70.92860475968268
2128,2,18,pitch_jump,1.0,0.11287875430141053,16.122816679995292,70.92860475968268
2128,2,20,pitch_jump,1.0,0.03590441580020976,14.045163284530704,70.92860475968268
2129,2,8,pitch_jump,1.0,0.01821253770891638,14.65543311547542,70.96193587094194
2129,2,9,pitch_jump,1.0,0.026588643523373062,13.541983932934876,70.96193587094194
2129,2,13,pitch_jump,1.0,0.03364735149200785,17.72027171238568,70.96193587094194
2129,2,15,pitch_jump,1.0,0.029012782867830066,13.948841725536893,70.96193587094194
2129,2,16,pitch_jump,1.0,0.024818358315418766,14.846508056856845,70.96193587094194
2129,2,17,pitch_jump,1.0,0.03137623886215656,17.674178870023283,70.96193587094194
2129,2,18,pitch_jump,1.0,0.04317417480969728,13.031960558093045,70.96193587094194
2129,2,20,pitch_jump,1.0,0.07814595184642412,21.94872936541213,70.96193587094194
2129,2,21,pitch_jump,1.0,0.05057308601151078,14.678075744977678,70.96193587094194
2130,2,3,pitch_jump,1.0,0.2822190488602411,16.05789855667605,70.99526698220119
2130,2,7,pitch_jump,1.0,0.3908265016160369,18.292018094868393,70.99526698220119
2130,2,9,pitch_jump,1.0,0.11495015968809953,19.644663034353034,70.99526698220119
2130,2,11,pitch_jump,1.0,0.327434370741527,22.155311272696874,70.99526698220119
2130,2,16,pitch_jump,1.0,0.07827830519349221,20.486583938393775,70.99526698220119
2130,2,18,pitch_jump,1.0,0.09782706976499145,19.594708050069546,70.99526698220119
2131,2,3,pitch_jump,1.0,0.2586578375032121,15.788639257911123,71.02859809346045
2131,2,7,pitch_jump,1.0,0.3828182879882761,22.605921532355605,71.02859809346045
2131,2,9,pitch_jump,1.0,0.10738581452895599,30.03869353719798,71.02859809346045
2131,2,11,pitch_jump,1.0,0.315321371847976,20.794135180374184,71.02859809346045
2131,2,13,pitch_jump,1.0,0.07511764205059204,19.033839394187147,71.02859809346045
2131,2,16,pitch_jump,1.0,0.08876664157018914,23.695227871031573,71.02859809346045
2131,2,17,pitch_jump,1.0,0.12094088736567775,29.94483997471151,71.02859809346045
2131,2,18,pitch_jump,1.0,0.06206615041455498,25.365843209757983,71.02859809346045
2131,2,20,pitch_jump,1.0,0.04452465102658129,15.398080137952201,71.02859809346045
2132,2,20,pitch_jump,1.0,0.07969375732271358,12.211506165653823,71.06192920471969
2133,2,7,pitch_jump,1.0,0.37467952254221326,22.840673607857344,71.09526031597893
2133,2,16,pitch_jump,1.0,0.10670775135725902,16.952552014829187,71.09526031597893
2133,2,18,pitch_jump,1.0,0.1015922077228978,20.8599448507403,71.09526031597893
2133,2,20,pitch_jump,1.0,0.010565246725565705,12.124482432432437,71.09526031597893
2134,2,2,pitch_jump,1.0,0.1446993347148236,16.554216875217254,71.12859142723819
2134,2,3,pitch_jump,1.0,0.2570946248683328,13.688339300551515,71.12859142723819
2134,2,8,pitch_jump,1.0,0.14306220086542976,38.58997614565881,71.12859142723819
2134,2,10,pitch_jump,1.0,0.18947185223899482,18.23719395571506,71.12859142723819
2134,2,13,pitch_jump,1.0,0.07751556148794682,30.10442584856671,71.12859142723819
2134,2,15,pitch_jump,1.0,0.056316152130813535,18.926203922678383,71.12859142723819
2134,2,16,pitch_jump,1.0,0.09838322281356196,27.667218991006393,71.12859142723819
2134,2,17,pitch_jump,1.0,0.06487606272799692,24.847336943572657,71.12859142723819
2134,2,18,pitch_jump,1.0,0.06265026978337802,29.979026142269817,71.12859142723819
2134,2,19,pitch_jump,1.0,0.12807962983365476,18.247100154820693,71.12859142723819
2134,2,20,pitch_jump,1.0,0.02829748842492052,25.362971570181404,71.12859142723819
2134,2,21,pitch_jump,1.0,0.12670341863078677,26.372099769743674,71.12859142723819
2137,2,15,pitch_jump,1.0,0.14205239651928311,12.419710091483829,71.22858476101594
2137,2,17,pitch_jump,1.0,0.1886760354403081,22.88951667383569,71.22858476101594
2137,2,20,pitch_jump,1.0,0.08359346659332102,14.756048455355199,71.22858476101594
2138,2,7,pitch_jump,1.0,0.2255716148619295,12.39422466310152,71.26191587227518
2138,2,8,pitch_jump,1.0,0.06326177063453381,15.771859842914406,71.26191587227518
2138,2,9,pitch_jump,1.0,0.04214654221959009,16.655284212456927,71.26191587227518
2138,2,13,pitch_jump,1.0,0.019739192983647135,15.464619056086486,71.26191587227518
2138,2,16,pitch_jump,1.0,0.03460771743762624,21.552574090853078,71.26191587227518
2138,2,17,pitch_jump,1.0,0.11864803231416401,28.285052539210223,71.26191587227518
2138,2,20,pitch_jump,1.0,0.07726165930486124,15.236967768307567,71.26191587227518
2139,2,8,pitch_jump,1.0,0.039134218041544405,14.509745812775162,71.29524698353444
2139,2,9,pitch_jump,1.0,0.12570518835040104,12.687863525772679,71.29524698353444
2139,2,20,pitch_jump,1.0,0.01637049241401739,13.50361528657982,71.29524698353444
2140,2,8,pitch_jump,1.0,0.014277456769701845,13.505395701440886,71.32857809479368
2140,2,9,pitch_jump,1.0,0.1317115932150535,13.989241527346962,71.32857809479368
2140,2,16,pitch_jump,1.0,0.098187415875321,23.124199606730965,71.32857809479368
2140,2,20,pitch_jump,1.0,0.014379148615532763,14.323219044707736,71.32857809479368
2140,2,21,pitch_jump,1.0,0.22938544015412052,15.62290425697023,71.32857809479368
2141,2,2,pitch_jump,1.0,0.06757701710091703,14.14837679675296,71.36190920605293
2141,2,3,pitch_jump,1.0,0.15312720336389898,12.29457034188707,71.36190920605293
2141,2,7,pitch_jump,1.0,0.24953650299724936,22.321868101122746,71.36190920605293
2141,2,8,pitch_jump,1.0,0.03274572509774802,15.691786556869777,71.36190920605293
2141,2,9,pitch_jump,1.0,0.12670825845037706,18.75615551348413,71.36190920605293
2141,2,10,pitch_jump,1.0,0.08597774232331722,14.353582864118609,71.36190920605293
2141,2,11,pitch_jump,1.0,0.16408573553946662,15.11615176299903,71.36190920605293
2141,2,13,pitch_jump,1.0,0.0761106721797545,16.715489689441306,71.36190920605293
2141,2,15,pitch_jump,1.0,0.009399464413324265,15.809966520770733,71.36190920605293
2141,2,16,pitch_jump,1.0,0.0371647268398805,14.835271556494764,71.36190920605293
2141,2,19,pitch_jump,1.0,0.05151571599570407,15.378393727313192,71.36190920605293
2141,2,20,pitch_jump,1.0,0.06178511249659672,17.79943316298725,71.36190920605293
2141,2,21,pitch_jump,1.0,0.08099998147926575,15.868771769789634,71.36190920605293
2142,2,8,pitch_jump,1.0,0.09093401796624721,16.68532713311781,71.39524031731219
2142,2,10,pitch_jump,1.0,0.24658508240019059,12.931267781081589,71.39524031731219
2142,2,11,pitch_jump,1.0,0.40713884534124023,12.565842935908266,71.39524031731219
2142,2,13,pitch_jump,1.0,0.07270241944088689,13.371704370191006,71.39524031731219
2142,2,19,pitch_jump,1.0,0.18855699467692022,13.479505668623691,71.39524031731219
2142,2,20,pitch_jump,1.0,0.04500347090567875,16.235612531933945,71.39524031731219
2143,2,2,pitch_jump,1.0,0.2132886975331166,12.608331456927509,71.42857142857143
2143,2,3,pitch_jump,1.0,0.335175236902872,14.905291606471817,71.42857142857143
2143,2,7,pitch_jump,1.0,0.4484935067587692,25.305000167416793,71.42857142857143
2143,2,9,pitch_jump,1.0,0.12335101920953094,16.55201265774554,71.42857142857143
2143,2,11,pitch_jump,1.0,0.4080697117701928,15.373724538420012,71.42857142857143
2143,2,16,pitch_jump,1.0,0.12902522454987553,13.475722240848047,71.42857142857143
2144,2,8,pitch_jump,1.0,0.03443329400673814,14.106227885914043,71.46190253983067
2144,2,9,pitch_jump,1.0,0.059337026224006835,13.467206498245789,71.46190253983067
2144,2,10,pitch_jump,1.0,0.10237842244694605,16.94664730480767,71.46190253983067
2144,2,13,pitch_jump,1.0,0.01816736867145874,12.058074403621077,71.46190253983067
2144,2,14,pitch_jump,1.0,0.09666780903602057,15.766643992732526,71.46190253983067
2144,2,15,pitch_jump,1.0,0.031104830307042242,13.041940719165005,71.46190253983067
2144,2,17,pitch_jump,1.0,0.04856085291813791,15.448285155716192,71.46190253983067
2144,2,19,pitch_jump,1.0,0.07582138811970111,12.807482006079372,71.46190253983067
2144,2,20,pitch_jump,1.0,0.09488954742286321,20.727746662488837,71.46190253983067
2145,2,8,pitch_jump,1.0,0.07447336031679153,15.961911120833774,71.49523365108993
2145,2,9,pitch_jump,1.0,0.13353801491732206,19.415373937033216,71.49523365108993
2145,2,13,pitch_jump,1.0,0.12268290956697012,19.154191060511955,71.49523365108993
2145,2,16,pitch_jump,1.0,0.1514211766091768,20.314762622840608,71.49523365108993
2145,2,17,pitch_jump,1.0,0.19927590680342416,35.87610604755289,71.49523365108993
2145,2,20,pitch_jump,1.0,0.09165465349013184,15.661734139468809,71.49523365108993
2145,2,21,pitch_jump,1.0,0.20059840413482613,12.10756280851353,71.49523365108993
2146,2,9,pitch_jump,1.0,0.1136184493362294,12.720406310993091,71.52856476234918
2146,2,11,pitch_jump,1.0,0.38740972372197746,13.466557287568037,71.52856476234918
2146,2,13,pitch_jump,1.0,0.13695948580627038,14.883587231508661,71.52856476234918
2146,2,17,pitch_jump,1.0,0.18732173551672138,15.895091773606763,71.52856476234918
2147,2,2,pitch_jump,1.0,0.09327823809774906,12.523221466092272,71.56189587360844
2147,2,3,pitch_jump,1.0,0.11149801113972835,14.214220772166826,71.56189587360844
2147,2,8,pitch_jump,1.0,0.02950578098352385,14.59563038398957,71.56189587360844
2147,2,10,pitch_jump,1.0,0.04456657669324294,14.999587461025843,71.56189587360844
2147,2,13,pitch_jump,1.0,0.07906909227920388,16.52053726516126,71.56189587360844
2147,2,15,pitch_jump,1.0,0.04652133137735581,14.525498302107872,71.56189587360844
2147,2,17,pitch_jump,1.0,0.04478717479399302,13.782321733380613,71.56189587360844
2147,2,20,pitch_jump,1.0,0.03842874476607371,15.427534020717015,71.56189587360844
2148,2,8,pitch_jump,1.0,0.03314937817062836,17.24905014005927,71.59522698486768
2148,2,13,pitch_jump,1.0,0.10330515282458332,15.614857948074615,71.59522698486768
2148,2,14,pitch_jump,1.0,0.2897899868467585,19.804205950972484,71.59522698486768
2148,2,20,pitch_jump,1.0,0.03509113312226901,12.13787119900917,71.59522698486768
2149,2,2,pitch_jump,1.0,0.2306985508649336,12.363785925361372,71.62855809612692
2149,2,14,pitch_jump,1.0,0.2877697763512449,20.985514878230862,71.62855809612692
2149,2,16,pitch_jump,1.0,0.13064153331983316,15.76757143392452,71.62855809612692
2149,2,17,pitch_jump,1.0,0.19318948140792455,25.03936487926255,71.62855809612692
2149,2,21,pitch_jump,1.0,0.22375913941925973,17.277203944017515,71.62855809612692
2150,2,9,pitch_jump,2.0,0.16276190582894598,21.408390638989733,71.66188920738618
2150,2,11,pitch_jump,2.0,0.29758242900183907,12.667962948297095,71.66188920738618
2151,2,8,pitch_jump,1.0,0.08527219703188521,12.168871465676778,71.69522031864543
2151,2,9,pitch_jump,1.0,0.3396322124002548,23.839102251977,71.69522031864543
2151,2,11,pitch_jump,1.0,0.4196954518533615,19.130837949912163,71.69522031864543
2152,2,11,pitch_jump,1.0,0.38426487305971324,21.44473615023978,71.72855142990467
2152,2,16,pitch_jump,1.0,0.08161646639982538,18.888015641261276,71.72855142990467
2152,2,19,pitch_jump,1.0,0.18971711917401077,14.098599899187471,71.72855142990467
2152,2,20,pitch_jump,1.0,0.08180361398208162,12.422194725511854,71.72855142990467
2152,2,21,pitch_jump,1.0,0.2239863756336114,34.8115727465593,71.72855142990467
2153,2,17,pitch_jump,1.0,0.11461916877487338,16.961395258498683,71.76188254116393
2154,2,2,pitch_jump,1.0,0.20339806321858733,13.672452558968661,71.79521365242317
2154,2,3,pitch_jump,1.0,0.32472245880220374,23.960637738092803,71.79521365242317
2154,2,10,pitch_jump,1.0,0.21448726190766965,21.689818791918576,71.79521365242317
2154,2,11,pitch_jump,1.0,0.3997031806740476,43.87936636017714,71.79521365242317
2154,2,14,pitch_jump,1.0,0.22187614357853444,16.137143603977584,71.79521365242317
2154,2,19,pitch_jump,1.0,0.20609461830094603,14.361022695127234,71.79521365242317
2154,2,21,pitch_jump,1.0,0.20549344908760817,14.688029880740178,71.79521365242317
2155,2,9,pitch_jump,1.0,0.11777803241792581,19.820567334392383,71.82854476368243
2156,2,2,pitch_jump,1.0,0.07511052334716174,25.752904726216713,71.86187587494167
2156,2,3,pitch_jump,1.0,0.09159746087575214,32.18416327614809,71.86187587494167
2156,2,8,pitch_jump,1.0,0.03666733276824271,24.068217755120312,71.86187587494167
2156,2,9,pitch_jump,1.0,0.0416027989174072,30.138888769248073,71.86187587494167
2156,2,10,pitch_jump,1.0,0.03640631498040749,29.41936618148289,71.86187587494167
2156,2,13,pitch_jump,1.0,0.006388256074358185,24.096427591503673,71.86187587494167
2156,2,14,pitch_jump,1.0,0.0980507535635506,23.64677128589574,71.86187587494167
2156,2,15,pitch_jump,1.0,0.01647962995068032,24.359763813812513,71.86187587494167
2156,2,16,pitch_jump,1.0,0.05679228415500621,32.167801585361694,71.86187587494167
2156,2,17,pitch_jump,1.0,0.006746179785107104,23.718511390043616,71.86187587494167
2156,2,19,pitch_jump,1.0,0.09782111205484471,25.60670556635926,71.86187587494167
2156,2,20,pitch_jump,1.0,0.05604964984594258,25.747954204529055,71.86187587494167
2156,2,21,pitch_jump,1.0,0.06318918843577716,20.312648521028237,71.86187587494167
2157,2,8,pitch_jump,1.0,0.04827939656185101,14.600197667504553,71.89520698620092
2157,2,9,pitch_jump,1.0,0.1080328982078118,30.38625756327277,71.89520698620092
2157,2,10,pitch_jump,1.0,0.1924542723669009,12.950132273546965,71.89520698620092
2157,2,11,pitch_jump,3.0,0.31965506246021036,12.568999770758968,71.89520698620092
2157,2,13,pitch_jump,1.0,0.06003918012744761,17.99544631769169,71.89520698620092
2157,2,15,pitch_jump,1.0,0.029927057549331743,15.014632390141282,71.89520698620092
2157,2,16,pitch_jump,1.0,0.12152665280270927,37.04860357951439,71.89520698620092
2157,2,17,pitch_jump,1.0,0.09869429990361071,18.821231379781523,71.89520698620092
2157,2,19,pitch_jump,1.0,0.17776036879684753,27.232386199103228,71.89520698620092
2157,2,20,pitch_jump,1.0,0.030241253778203858,16.8301306655579,71.89520698620092
2157,2,21,pitch_jump,1.0,0.15192472849161193,18.15168267816927,71.89520698620092
2158,2,3,pitch_jump,1.0,0.2980146718723358,12.430807731319616,71.92853809746018
2158,2,8,pitch_jump,1.0,0.021689259460489572,12.054614945658539,71.92853809746018
2158,2,9,pitch_jump,1.0,0.10097354526840957,26.29557875533723,71.92853809746018
2158,2,11,pitch_jump,1.0,0.3565896613187867,26.990950588095984,71.92853809746018
2158,2,14,pitch_jump,1.0,0.1977987730080305,20.219870238028008,71.92853809746018
2158,2,16,pitch_jump,1.0,0.10901536517523153,24.71175631146339,71.92853809746018
2158,2,17,pitch_jump,1.0,0.19409165728322744,20.30734596978724,71.92853809746018
2159,2,3,pitch_jump,1.0,0.121600236881411,16.566412497816543,71.96186920871942
2159,2,10,pitch_jump,1.0,0.05784633797632889,14.686994573060172,71.96186920871942
2159,2,11,pitch_jump,1.0,0.17330119829523757,27.817336750822882,71.96186920871942
2159,2,17,pitch_jump,1.0,0.09775337073089521,19.686488383704848,71.96186920871942
2159,2,19,pitch_jump,1.0,0.033578271994965124,12.21395338217142,71.96186920871942
2159,2,21,pitch_jump,1.0,0.038253186869951404,13.798501820778188,71.96186920871942
2160,2,2,pitch_jump,1.0,0.18687250702432234,22.037848425993207,71.99520031997866
2160,2,3,pitch_jump,1.0,0.2755646567114472,18.66438514622608,71.99520031997866
2160,2,8,pitch_jump,1.0,0.013728896528109049,25.900213574240716,71.99520031997866
2160,2,10,pitch_jump,1.0,0.2163323789929072,30.046520897843223,71.99520031997866
2160,2,11,pitch_jump,1.0,0.29071031785728996,17.108995405453847,71.99520031997866
2160,2,13,pitch_jump,1.0,0.1449082632265062,30.28832123551755,71.99520031997866
2160,2,14,pitch_jump,1.0,0.21118766546772255,35.18574445006965,71.99520031997866
2160,2,15,pitch_jump,1.0,0.05004061031733452,23.30798736461497,71.99520031997866
2160,2,16,pitch_jump,1.0,0.11104274532931871,14.61980225099063,71.99520031997866
2160,2,17,pitch_jump,1.0,0.1381058843347386,34.41735303989538,71.99520031997866
2160,2,19,pitch_jump,1.0,0.16494974540084667,12.2852389683714,71.99520031997866
2160,2,20,pitch_jump,1.0,0.07404453863228315,30.952236752027744,71.99520031997866
2161,2,2,pitch_jump,1.0,0.1784319474865834,24.26900117767579,72.02853143123792
2161,2,3,pitch_jump,1.0,0.2551934529237711,20.63144706582361,72.02853143123792
2161,2,8,pitch_jump,1.0,0.01670302167361099,12.06907112475144,72.02853143123792
2161,2,9,pitch_jump,1.0,0.11149602804513695,15.804427003881301,72.02853143123792
2161,2,10,pitch_jump,1.0,0.1667565590883724,22.460907456129164,72.02853143123792
2161,2,11,pitch_jump,1.0,0.29826009943579895,25.118666573101077,72.02853143123792
2161,2,16,pitch_jump,1.0,0.11076620058106465,24.597285311440242,72.02853143123792
2161,2,19,pitch_jump,1.0,0.15120249536968514,12.095792419223866,72.02853143123792
2161,2,20,pitch_jump,1.0,0.05287112742702424,12.517819985398955,72.02853143123792
2162,2,2,pitch_jump,1.0,0.05658627398724457,13.911000888182189,72.06186254249717
2162,2,3,pitch_jump,1.0,0.10316571609659349,31.10554617335375,72.06186254249717
2162,2,9,pitch_jump,1.0,0.19174151504788048,16.502996558347217,72.06186254249717
2162,2,10,pitch_jump,1.0,0.057249240775547064,20.784964742721012,72.06186254249717
2162,2,11,pitch_jump,1.0,0.15684150478118464,35.01340272836869,72.06186254249717
2162,2,14,pitch_jump,1.0,0.06920701902614926,23.76642932266161,72.06186254249717
2162,2,21,pitch_jump,1.0,0.03390544140974036,14.873719200538952,72.06186254249717
2163,2,2,pitch_jump,1.0,0.16383212138434583,21.49371289006757,72.09519365375643
2163,2,3,pitch_jump,1.0,0.25383408622374326,24.817130565716226,72.09519365375643
2163,2,8,pitch_jump,1.0,0.006766119254237095,28.26580406715722,72.09519365375643
2163,2,9,pitch_jump,1.0,0.27907922795090095,52.35996537135887,72.09519365375643
2163,2,10,pitch_jump,1.0,0.16226152946924763,24.494358776044635,72.09519365375643
2163,2,11,pitch_jump,1.0,0.3318303818780334,27.859926122921234,72.09519365375643
2163,2,13,pitch_jump,1.0,0.04059811877114237,26.21172925731991,72.09519365375643
2163,2,14,pitch_jump,1.0,0.1766888175422685,18.339960711905388,72.09519365375643
2163,2,15,pitch_jump,1.0,0.09578982788430694,21.461111334567335,72.09519365375643
2163,2,17,pitch_jump,1.0,0.056108705083765996,26.569219241894057,72.09519365375643
2163,2,19,pitch_jump,1.0,0.24569902077560854,46.07300131003953,72.09519365375643
2163,2,20,pitch_jump,1.0,0.013408076410787062,27.35028463521256,72.09519365375643
2163,2,21,pitch_jump,1.0,0.16231339845063789,19.19345709830598,72.09519365375643
2164,2,3,pitch_jump,1.0,0.21807761133373263,13.765358557253345,72.12852476501567
2164,2,8,pitch_jump,1.0,0.029606956411025308,18.054925953133797,72.12852476501567
2164,2,9,pitch_jump,1.0,0.07775288818758598,21.610078590102447,72.12852476501567
2164,2,13,pitch_jump,1.0,0.03923273210796071,19.016832495590815,72.12852476501567
2164,2,15,pitch_jump,1.0,0.029980017984642362,12.912284227768776,72.12852476501567
2164,2,17,pitch_jump,1.0,0.03366197720683465,16.959231228924725,72.12852476501567
2164,2,19,pitch_jump,1.0,0.20982138569941142,22.28432255004093,72.12852476501567
2164,2,20,pitch_jump,1.0,0.04113537869008236,19.294713338340355,72.12852476501567
2164,2,21,pitch_jump,1.0,0.13983084120296685,17.470938503324113,72.12852476501567
2165,2,3,pitch_jump,1.0,0.06314184386003151,14.940579535416006,72.16185587627491
2165,2,7,pitch_jump,1.0,0.08069461506734739,19.82484738987759,72.16185587627491
2165,2,8,pitch_jump,1.0,0.051228132691685205,12.73800982288232,72.16185587627491
2165,2,9,pitch_jump,1.0,0.016406273077486027,18.086165975645926,72.16185587627491
2165,2,11,pitch_jump,2.0,0.22431890142529642,20.15545584292867,72.16185587627491
2165,2,19,pitch_jump,1.0,0.1996969876524862,34.82405116698765,72.16185587627491
2165,2,20,pitch_jump,1.0,0.052274454227983526,12.490531495379283,72.16185587627491
2166,2,3,pitch_jump,1.0,0.24532663481999828,16.228944917946425,72.19518698753417
2166,2,8,pitch_jump,1.0,0.014996146672249692,20.08351765854023,72.19518698753417
2166,2,9,pitch_jump,1.0,0.11129997527871635,29.48879004532616,72.19518698753417
2166,2,11,pitch_jump,1.0,0.24617899913896127,20.708763878923172,72.19518698753417
2166,2,13,pitch_jump,1.0,0.08629170157293013,12.644914070788763,72.19518698753417
2166,2,15,pitch_jump,1.0,0.061077337994194944,17.64850100828856,72.19518698753417
2166,2,17,pitch_jump,1.0,0.09792255861052741,14.117962233920139,72.19518698753417
2166,2,19,pitch_jump,1.0,0.17116780674090992,15.75475470047479,72.19518698753417
2166,2,20,pitch_jump,1.0,0.006532080165039045,19.271388832667935,72.19518698753417
2167,2,11,pitch_jump,1.0,0.26216872977413075,14.556398841576941,72.22851809879342
2167,2,13,pitch_jump,1.0,0.13537070482416264,25.88223770876655,72.22851809879342
2167,2,19,pitch_jump,1.0,0.12108610526265128,13.533084451810518,72.22851809879342
2167,2,20,pitch_jump,1.0,0.058537231505622386,14.084202689547176,72.22851809879342
2168,2,10,pitch_jump,1.0,0.07845871372475718,14.305934750515613,72.26184921005266
2169,2,2,pitch_jump,1.0,0.14352214448613354,13.115248264271422,72.29518032131192
2169,2,3,pitch_jump,1.0,0.23706664296188576,22.187860890692445,72.29518032131192
2169,2,7,pitch_jump,1.0,0.16331090147331373,26.837002048535844,72.29518032131192
2169,2,8,pitch_jump,1.0,0.04628450855551716,17.41674328855465,72.29518032131192
2169,2,9,pitch_jump,1.0,0.07044058368074833,40.40926245103731,72.29518032131192
2169,2,10,pitch_jump,1.0,0.16546787698372994,21.581986129882413,72.29518032131192
2169,2,11,pitch_jump,1.0,0.27019610568812524,25.885911183385055,72.29518032131192
2169,2,13,pitch_jump,1.0,0.04167344349403694,13.980680670672726,72.29518032131192
2169,2,15,pitch_jump,1.0,0.04935735868626538,17.67284986214847,72.29518032131192
2169,2,17,pitch_jump,1.0,0.12582607489427153,18.398288193724806,72.29518032131192
2169,2,20,pitch_jump,1.0,0.055428753210985775,19.520348570577,72.29518032131192
2169,2,21,pitch_jump,1.0,0.11967107441196219,16.04141586595537,72.29518032131192
2170,2,2,pitch_jump,1.0,0.14872186380903615,13.286900380875924,72.32851143257116
2170,2,3,pitch_jump,1.0,0.1992828202931666,13.672434997478014,72.32851143257116
2170,2,8,pitch_jump,1.0,0.04507130362814444,18.8315936787165,72.32851143257116
2170,2,9,pitch_jump,1.0,0.07188085367223405,30.794895610486815,72.32851143257116
2170,2,10,pitch_jump,1.0,0.10895464003946255,16.258378835264423,72.32851143257116
2170,2,11,pitch_jump,1.0,0.24578889735567436,17.188916858813137,72.32851143257116
2170,2,13,pitch_jump,1.0,0.0383413135665806,20.595640466886646,72.32851143257116
2170,2,15,pitch_jump,1.0,0.05676327041634175,20.969732534541315,72.32851143257116
2170,2,17,pitch_jump,1.0,0.05461920839112922,26.268722744738522,72.32851143257116
2170,2,19,pitch_jump,1.0,0.13166160246209535,16.983090790315025,72.32851143257116
2170,2,20,pitch_jump,1.0,0.02835533843044295,19.883680968686832,72.32851143257116
2170,2,21,pitch_jump,1.0,0.11907322710737382,17.49931792775521,72.32851143257116
2171,2,8,pitch_jump,1.0,0.06077091184094035,15.443052946571964,72.36184254383042
2171,2,9,pitch_jump,1.0,0.01482727737014187,50.389144101557235,72.36184254383042
2171,2,10,pitch_jump,1.0,0.051712827436346434,13.446582874044044,72.36184254383042
2171,2,13,pitch_jump,1.0,0.012408324822933092,24.841199674077473,72.36184254383042
2171,2,17,pitch_jump,1.0,0.03429797361205174,20.01726006365129,72.36184254383042
2171,2,20,pitch_jump,1.0,0.04160563835416228,22.586211646469096,72.36184254383042
2171,2,21,pitch_jump,1.0,0.023496071708375154,23.372836472730118,72.36184254383042
2172,2,10,pitch_jump,1.0,0.13437660004814572,15.20262094962708,72.39517365508966
2173,2,2,pitch_jump,1.0,0.10997230645356357,13.244615508058079,72.42850476634891
2173,2,3,pitch_jump,1.0,0.1721763483790531,18.894811253790785,72.42850476634891
2173,2,7,pitch_jump,1.0,0.1192390481726821,17.227910692121263,72.42850476634891
2173,2,8,pitch_jump,1.0,0.031159919681774027,16.20052080007851,72.42850476634891
2173,2,9,pitch_jump,1.0,0.06799993490498513,35.709156700784106,72.42850476634891
2173,2,10,pitch_jump,1.0,0.11052404188014968,12.855368987089351,72.42850476634891
2173,2,15,pitch_jump,1.0,0.021946595693580144,16.13549612521605,72.42850476634891
2173,2,17,pitch_jump,1.0,0.010007524076129053,17.16720378768654,72.42850476634891
2173,2,20,pitch_jump,1.0,0.03917786248074873,19.7183430019144,72.42850476634891
2173,2,21,pitch_jump,1.0,0.11900627131598827,13.064149196254073,72.42850476634891
2174,2,8,pitch_jump,1.0,0.08248833693858829,15.375679867459835,72.46183587760817
2174,2,13,pitch_jump,1.0,0.07292533199856799,24.106009377620207,72.46183587760817
2174,2,20,pitch_jump,1.0,0.023210870270977776,12.066460463702885,72.46183587760817
2175,2,3,pitch_jump,1.0,0.21833197114247627,15.865909414602902,72.49516698886741
2175,2,13,pitch_jump,1.0,0.10905919934691573,22.13724303235257,72.49516698886741
2176,2,2,pitch_jump,1.0,0.13995117446556338,12.922872093865623,72.52849810012665
2176,2,3,pitch_jump,1.0,0.20642810545891496,20.740938217916767,72.52849810012665
2176,2,7,pitch_jump,1.0,0.14463107213970716,15.841457599984698,72.52849810012665
2176,2,8,pitch_jump,1.0,0.04924300946788658,12.276021911199448,72.52849810012665
2176,2,10,pitch_jump,1.0,0.13945229591407002,24.790655396098842,72.52849810012665
2176,2,11,pitch_jump,1.0,0.2375308595318446,23.5522067841397,72.52849810012665
2176,2,19,pitch_jump,1.0,0.07875711305932938,13.026645515300345,72.52849810012665
2177,2,3,pitch_jump,1.0,0.08272964614513359,13.33365209021058,72.56182921138591
2177,2,7,pitch_jump,1.0,0.0622787823183185,12.568238140813174,72.56182921138591
2177,2,8,pitch_jump,1.0,0.05067966584523716,16.923776070803303,72.56182921138591
2177,2,9,pitch_jump,2.0,0.03917298464543618,35.99155323362222,72.56182921138591
2177,2,10,pitch_jump,1.0,0.07763659183122398,24.638937568745984,72.56182921138591
2177,2,13,pitch_jump,1.0,0.029579061147970678,13.541292632573239,72.56182921138591
2177,2,15,pitch_jump,1.0,0.026011054050143506,15.116298845354354,72.56182921138591
2177,2,17,pitch_jump,1.0,0.07465023863405787,21.209450722626794,72.56182921138591
2177,2,20,pitch_jump,1.0,0.06455276917394964,17.796269072210663,72.56182921138591
2178,2,2,pitch_jump,1.0,0.10540045633136183,17.072977723375356,72.59516032264516
2178,2,3,pitch_jump,1.0,0.18637789951974332,22.47314975584894,72.59516032264516
2178,2,7,pitch_jump,1.0,0.1361022527840409,15.66446913938951,72.59516032264516
2178,2,8,pitch_jump,1.0,0.04426985953558387,19.145857189513023,72.59516032264516
2178,2,10,pitch_jump,1.0,0.12178937953481482,15.231712775467896,72.59516032264516
2178,2,11,pitch_jump,1.0,0.21869574678331813,30.93528238805702,72.59516032264516
2178,2,13,pitch_jump,1.0,0.021418542750610028,14.418495255838321,72.59516032264516
2178,2,15,pitch_jump,1.0,0.04410680316885517,17.14392305434454,72.59516032264516
2178,2,17,pitch_jump,1.0,0.05994899715752807,27.79873402498604,72.59516032264516
2178,2,19,pitch_jump,1.0,0.11350195918601061,13.296253060263332,72.59516032264516
2178,2,20,pitch_jump,1.0,0.03800943828992533,23.18842363246347,72.59516032264516
2179,2,7,pitch_jump,1.0,0.13889221721457176,12.49792582981852,72.62849143390441
2179,2,8,pitch_jump,1.0,0.03089867284274351,17.15456484714042,72.62849143390441
2179,2,11,pitch_jump,1.0,0.13241570904862385,12.939599407876845,72.62849143390441
2179,2,13,pitch_jump,1.0,0.028883669819740585,19.101728136824452,72.62849143390441
2179,2,15,pitch_jump,1.0,0.015348559994059312,15.518333252043037,72.62849143390441
2179,2,17,pitch_jump,1.0,0.00973329819312447,20.561958675451613,72.62849143390441
2179,2,20,pitch_jump,1.0,0.027202730201252464,19.154279395055788,72.62849143390441
2179,2,21,pitch_jump,1.0,0.09182517121807804,31.925823645291654,72.62849143390441
2180,2,21,pitch_jump,1.0,0.032326484740010195,12.874632994065538,72.66182254516366
2181,2,2,pitch_jump,1.0,0.11516508460127663,15.077743118435677,72.6951536564229
2181,2,3,pitch_jump,1.0,0.1339661158765986,20.002589877293037,72.6951536564229
2181,2,8,pitch_jump,1.0,0.03352273122603252,17.988240699084614,72.6951536564229
2181,2,9,pitch_jump,2.0,0.13030595477905238,25.728717750353287,72.6951536564229
2181,2,10,pitch_jump,1.0,0.046939754683477095,24.232498063036193,72.6951536564229
2181,2,11,pitch_jump,1.0,0.23471134694785228,23.52762118994297,72.6951536564229
2181,2,13,pitch_jump,1.0,0.04025976503578605,20.28150041590146,72.6951536564229
2181,2,15,pitch_jump,1.0,0.026884972007966842,15.20456986552088,72.6951536564229
2181,2,17,pitch_jump,1.0,0.019067193410723077,14.025712275123453,72.6951536564229
2181,2,20,pitch_jump,1.0,0.03966663545179528,16.488409737541897,72.6951536564229
2181,2,21,pitch_jump,1.0,0.06368636860902646,28.133224017396746,72.6951536564229
2182,2,3,pitch_jump,1.0,0.13940512471943897,16.678708957924087,72.72848476768216
2182,2,8,pitch_jump,1.0,0.09549985927106135,21.12612919764769,72.72848476768216
2182,2,9,pitch_jump,1.0,0.15602744640832827,34.36380137555786,72.72848476768216
2182,2,10,pitch_jump,1.0,0.09673888290581822,18.709378979446754,72.72848476768216
2182,2,13,pitch_jump,1.0,0.08566128108025786,16.66011592198052,72.72848476768216
2182,2,15,pitch_jump,1.0,0.019301631659634014,24.581259146512807,72.72848476768216
2182,2,17,pitch_jump,1.0,0.010939222752782215,25.840467970108126,72.72848476768216
2182,2,19,pitch_jump,2.0,0.07467280653114185,13.660051580035962,72.72848476768216
2182,2,20,pitch_jump,1.0,0.0862768727433645,27.594587014175854,72.72848476768216
2182,2,21,pitch_jump,1.0,0.05823978964409289,33.09544964043823,72.72848476768216
2183,2,2,pitch_jump,1.0,0.04518027996107023,18.415303782956148,72.7618158789414
2183,2,8,pitch_jump,1.0,0.04483004521262647,18.984551475384468,72.7618158789414
2183,2,11,pitch_jump,1.0,0.04975199598491433,23.3835961941431,72.7618158789414
2183,2,13,pitch_jump,1.0,0.06293037246397011,24.8868164207713,72.7618158789414
2183,2,17,pitch_jump,1.0,0.01611942139026448,13.09016021834754,72.7618158789414
2183,2,20,pitch_jump,1.0,0.06315854661133616,19.11005857675429,72.7618158789414
2184,2,10,pitch_jump,1.0,0.0993307908183948,21.468490778655045,72.79514699020065
2184,2,21,pitch_jump,1.0,0.09050643111105833,16.542231636372758,72.79514699020065
2185,2,2,pitch_jump,1.0,0.06131355472600853,20.46338028071396,72.82847810145991
2185,2,3,pitch_jump,1.0,0.13959094641237116,20.63798674331362,72.82847810145991
2185,2,7,pitch_jump,1.0,0.09898772600799449,23.63597164005046,72.82847810145991
2185,2,10,pitch_jump,1.0,0.0738573370104068,32.84287846751253,72.82847810145991
2185,2,11,pitch_jump,1.0,0.14840060416493545,21.11051369266208,72.82847810145991
2185,2,13,pitch_jump,1.0,0.040911054405864546,21.085794226510835,72.82847810145991
2185,2,15,pitch_jump,1.0,0.01680089622010507,21.531325585565853,72.82847810145991
2185,2,17,pitch_jump,1.0,0.062199226812473495,37.99359491288793,72.82847810145991
2185,2,19,pitch_jump,1.0,0.056982088668843495,20.882757251519617,72.82847810145991
2185,2,20,pitch_jump,1.0,0.03291239852390948,25.178982453550088,72.82847810145991
2185,2,21,pitch_jump,1.0,0.052004672258796014,23.27847595980018,72.82847810145991
2186,2,2,pitch_jump,1.0,0.018390670567715737,13.039888666906522,72.86180921271915
2186,2,3,pitch_jump,1.0,0.027089800272490857,20.25240838032272,72.86180921271915
2186,2,10,pitch_jump,1.0,0.06938390190114811,26.27150376501933,72.86180921271915
2186,2,11,pitch_jump,1.0,0.07042320639265284,22.9680071569366,72.86180921271915
2186,2,13,pitch_jump,1.0,0.027456518791664594,16.436039891225548,72.86180921271915
2186,2,15,pitch_jump,1.0,0.04005391568734786,15.575607379372974,72.86180921271915
2186,2,17,pitch_jump,1.0,0.06899847618449928,25.181557789628677,72.86180921271915
2186,2,19,pitch_jump,1.0,0.008451487331147978,18.006358912582122,72.86180921271915
2186,2,20,pitch_jump,1.0,0.02270579899753763,14.244985978381584,72.86180921271915
2186,2,21,pitch_jump,1.0,0.038078200262589075,31.003674095760946,72.86180921271915
2187,2,2,pitch_jump,1.0,0.04854071903405277,26.936857238218696,72.89514032397841
2187,2,3,pitch_jump,1.0,0.11234543698805528,44.16557052040467,72.89514032397841
2187,2,8,pitch_jump,1.0,0.07696560580477615,19.030976204796815,72.89514032397841
2187,2,10,pitch_jump,1.0,0.11845101623477286,44.586912921589374,72.89514032397841
2187,2,11,pitch_jump,1.0,0.11895993362833121,68.46965243988743,72.89514032397841
2187,2,13,pitch_jump,1.0,0.02689035308522499,43.24957826053411,72.89514032397841
2187,2,15,pitch_jump,1.0,0.02025340023643641,27.172519745935652,72.89514032397841
2187,2,17,pitch_jump,1.0,0.01193893028945357,39.27578040833706,72.89514032397841
2187,2,19,pitch_jump,1.0,0.071085020193129,46.54246512528589,72.89514032397841
2187,2,20,pitch_jump,1.0,0.02394235718320146,25.83798896313204,72.89514032397841
2187,2,21,pitch_jump,1.0,0.05346810629466633,90.6769097681115,72.89514032397841
2188,2,9,pitch_jump,4.0,0.1361421104747422,35.48484976945523,72.92847143523765
2189,2,2,pitch_jump,1.0,0.010248657365040137,12.076160364841504,72.9618025464969
2189,2,3,pitch_jump,1.0,0.021450575308085373,13.425360356792304,72.9618025464969
2189,2,8,pitch_jump,1.0,0.029436747251609958,12.453163664037843,72.9618025464969
2189,2,9,pitch_jump,1.0,0.0276974782391205,17.644857544858628,72.9618025464969
2189,2,10,pitch_jump,1.0,0.033534434322211544,14.231355108769556,72.9618025464969
2189,2,11,pitch_jump,1.0,0.044966945346764535,16.71215329206104,72.9618025464969
2189,2,19,pitch_jump,1.0,0.011384687855705278,12.004313292187549,72.9618025464969
2189,2,21,pitch_jump,1.0,0.01935241754495113,18.210288677332873,72.9618025464969
2190,2,7,pitch_jump,1.0,0.10294559793617102,13.493701921348721,72.99513365775616
2190,2,9,pitch_jump,1.0,0.043068627810848775,16.052356225126665,72.99513365775616
2190,2,13,pitch_jump,1.0,0.06791306751884417,24.45298840168635,72.99513365775616
2190,2,19,pitch_jump,1.0,0.053570552820350656,23.16990700232697,72.99513365775616
2190,2,20,pitch_jump,1.0,0.03032530960539232,14.087458165443026,72.99513365775616
2191,2,2,pitch_jump,1.0,0.03257799161412099,31.361419467901097,73.0284647690154
2191,2,3,pitch_jump,1.0,0.08177838124356389,36.40430058926685,73.0284647690154
2191,2,7,pitch_jump,1.0,0.10065687034976649,15.950648070883062,73.0284647690154
2191,2,8,pitch_jump,1.0,0.05195978596799163,22.20656366770009,73.0284647690154
2191,2,9,pitch_jump,1.0,0.029219282468972173,19.35186409123749,73.0284647690154
2191,2,10,pitch_jump,1.0,0.056895154901938964,34.31333695861514,73.0284647690154
2191,2,11,pitch_jump,1.0,0.09432954988812438,45.661600073096395,73.0284647690154
2191,2,13,pitch_jump,1.0,0.033375382803194305,28.348413754774413,73.0284647690154
2191,2,15,pitch_jump,1.0,0.04752341466524605,19.01820345575962,73.0284647690154
2191,2,19,pitch_jump,1.0,0.04196190114965583,29.938349776498832,73.0284647690154
2191,2,20,pitch_jump,1.0,0.028041093189821793,23.544178592752505,73.0284647690154
2191,2,21,pitch_jump,1.0,0.032072267679702615,28.588045635121652,73.0284647690154
2193,2,10,pitch_jump,1.0,0.04748193727762719,17.70835601104287,73.0951269915339
2193,2,11,pitch_jump,1.0,0.18715908606329915,58.55366105124694,73.0951269915339
2193,2,17,pitch_jump,1.0,0.06076633537949792,20.563610129094112,73.0951269915339
2193,2,20,pitch_jump,1.0,0.035499563309737546,12.91390971945405,73.0951269915339
2194,2,8,pitch_jump,1.0,0.0541572336711581,14.616157801021108,73.12845810279315
2194,2,9,pitch_jump,1.0,0.03913720371774393,20.96626896600506,73.12845810279315
2194,2,17,pitch_jump,1.0,0.10378541022098975,14.882258689038412,73.12845810279315
2195,2,7,pitch_jump,1.0,0.037373507443508834,15.59860790639141,73.1617892140524
2195,2,8,pitch_jump,1.0,0.030944241313017682,15.302837740298202,73.1617892140524
2195,2,9,pitch_jump,1.0,0.06069325691517291,36.60158560816955,73.1617892140524
2195,2,13,pitch_jump,1.0,0.014517711287979476,17.030874782236513,73.1617892140524
2195,2,15,pitch_jump,1.0,0.02777348799089369,19.101112407861265,73.1617892140524
2195,2,17,pitch_jump,1.0,0.05738298589769857,28.084235176391704,73.1617892140524
2195,2,19,pitch_jump,1.0,0.006728167571515933,14.84987819280228,73.1617892140524
2195,2,20,pitch_jump,1.0,0.021470759019807675,20.437053063577494,73.1617892140524
2195,2,21,pitch_jump,1.0,0.0483198861507812,28.70538981527456,73.1617892140524
2196,2,8,pitch_jump,1.0,0.03818112272141828,13.826537365812804,73.19512032531165
2196,2,9,pitch_jump,1.0,0.013849754799432337,18.08116251262977,73.19512032531165
2196,2,11,pitch_jump,1.0,0.16280081884395312,41.375811917563794,73.19512032531165
2196,2,13,pitch_jump,1.0,0.016167493048839417,16.546160254271843,73.19512032531165
2196,2,15,pitch_jump,1.0,0.0284292753450627,19.470416909738322,73.19512032531165
2196,2,17,pitch_jump,1.0,0.052685417827415454,13.552606854757833,73.19512032531165
2196,2,20,pitch_jump,1.0,0.012076783399017315,18.139286637241195,73.19512032531165
2197,2,13,pitch_jump,1.0,0.028326591197976266,12.442243502462867,73.2284514365709
2197,2,15,pitch_jump,1.0,0.03758637272108804,13.110173478662484,73.2284514365709
2197,2,19,pitch_jump,1.0,0.04455733845661418,12.660869357557157,73.2284514365709
2198,2,9,pitch_jump,1.0,0.04982886169208308,22.128195967652236,73.26178254783015
2198,2,11,pitch_jump,1.0,0.05657617300048108,24.490203545439698,73.26178254783015
2198,2,13,pitch_jump,1.0,0.050604412190343596,14.323979837129095,73.26178254783015
2198,2,19,pitch_jump,1.0,0.03737911490762137,19.599800880058186,73.26178254783015
2198,2,21,pitch_jump,1.0,0.012464881197928964,18.7058274398152,73.26178254783015
2199,2,3,pitch_jump,1.0,0.13986213009614498,13.925011987859124,73.2951136590894
2199,2,9,pitch_jump,1.0,0.037251039282300245,24.90935733149395,73.2951136590894
2199,2,10,pitch_jump,1.0,0.002897635851879337,16.95449781861895,73.2951136590894
2199,2,11,pitch_jump,1.0,0.08736924448406774,21.52845757232873,73.2951136590894
2199,2,13,pitch_jump,1.0,0.07257346538027824,17.474094075889457,73.2951136590894
2200,2,11,pitch_jump,1.0,0.04012457600949932,12.066147195394459,73.32844477034864
2200,2,13,pitch_jump,1.0,0.04462379498916232,13.179489875421972,73.32844477034864
2201,2,10,pitch_jump,1.0,0.020417962141662107,13.598617764893202,73.3617758816079
2201,2,17,pitch_jump,1.0,0.026805861874422677,13.138539818352937,73.3617758816079
2202,2,3,pitch_jump,1.0,0.11221563298598508,13.100275311668153,73.39510699286714
2202,2,7,pitch_jump,1.0,0.11231177110308693,13.364351884758129,73.39510699286714
2202,2,8,pitch_jump,1.0,0.01006471925177555,16.109369954726972,73.39510699286714
2202,2,9,pitch_jump,1.0,0.020542929297808595,33.314832620889675,73.39510699286714
2202,2,10,pitch_jump,1.0,0.035198895988144886,12.662489190679441,73.39510699286714
2202,2,11,pitch_jump,1.0,0.09103144820785167,15.473749185238486,73.39510699286714
2202,2,15,pitch_jump,1.0,0.03681052077225795,12.57134164252708,73.39510699286714
2202,2,17,pitch_jump,1.0,0.06718634624848203,22.629922268555312,73.39510699286714
2202,2,20,pitch_jump,1.0,0.023703098825999337,12.741291290537092,73.39510699286714
2203,2,11,pitch_jump,1.0,0.06601809388602484,15.743671793959233,73.4284381041264
2204,2,9,pitch_jump,2.0,0.027407348504911593,12.896172750174143,73.46176921538564
2204,2,13,pitch_jump,1.0,0.031014176270595623,12.957549336996493,73.46176921538564
2204,2,15,pitch_jump,1.0,0.028371279130636775,15.231587216064908,73.46176921538564
2204,2,17,pitch_jump,2.0,0.06860508566520174,19.119134579971057,73.46176921538564
2204,2,19,pitch_jump,1.0,0.034588453973579736,14.33395592199952,73.46176921538564
2205,2,2,pitch_jump,1.0,0.07541974432739612,16.431240855814224,73.49510032664489
2205,2,3,pitch_jump,1.0,0.1407079483273638,17.779436747493268,73.49510032664489
2205,2,8,pitch_jump,1.0,0.0670126606577406,31.50749150978104,73.49510032664489
2205,2,9,pitch_jump,1.0,0.028068717577129167,75.43206541460614,73.49510032664489
2205,2,10,pitch_jump,1.0,0.02218763491995747,22.43647082331966,73.49510032664489
2205,2,17,pitch_jump,1.0,0.06415699202162735,14.464484690571355,73.49510032664489
2205,2,19,pitch_jump,1.0,0.04022616353726504,34.299558504524754,73.49510032664489
2205,2,20,pitch_jump,1.0,0.02455721650977475,29.87800523725495,73.49510032664489
2205,2,21,pitch_jump,1.0,0.047338464400618195,61.57722948524971,73.49510032664489
2206,2,9,pitch_jump,1.0,0.04926595612755231,23.62548814707123,73.52843143790415
2207,2,9,pitch_jump,1.0,0.05127540146778207,19.017836806356517,73.56176254916339
2208,2,9,pitch_jump,1.0,0.015512270285808613,15.104027688810346,73.59509366042263
2208,2,17,pitch_jump,1.0,0.2908945499251132,17.164362815284218,73.59509366042263
2209,2,2,pitch_jump,1.0,0.04628772279766251,14.511785865261553,73.62842477168189
2209,2,9,pitch_jump,1.0,0.016141743384766753,21.191310244216336,73.62842477168189
2209,2,10,pitch_jump,1.0,0.02639198293664017,13.489453516754063,73.62842477168189
2209,2,11,pitch_jump,1.0,0.08539163819453457,17.991223707059557,73.62842477168189
2209,2,13,pitch_jump,2.0,0.03323487102025136,14.845051644959762,73.62842477168189
2209,2,19,pitch_jump,1.0,0.02182468301107343,16.096444933455953,73.62842477168189
2209,2,20,pitch_jump,1.0,0.026929126461296287,18.639688954662418,73.62842477168189
2209,2,21,pitch_jump,1.0,0.029811628434821914,17.329300516110205,73.62842477168189
2211,2,2,pitch_jump,1.0,0.029363612394944075,14.043485480032606,73.6950869942004
2211,2,3,pitch_jump,1.0,0.11604225838352218,12.889179868002856,73.6950869942004
2211,2,9,pitch_jump,1.0,0.00764767476231292,15.123047084959131,73.6950869942004
2211,2,10,pitch_jump,1.0,0.057294283677302264,13.575068585554178,73.6950869942004
2211,2,15,pitch_jump,1.0,0.06019766802620446,13.29453493843619,73.6950869942004
2211,2,19,pitch_jump,1.0,0.01718470284598754,16.72758236103676,73.6950869942004
2211,2,21,pitch_jump,1.0,0.038916202694447045,14.49599843454276,73.6950869942004
2212,2,9,pitch_jump,1.0,0.01149849067143724,25.720726478889397,73.72841810545964
2212,2,19,pitch_jump,1.0,0.07169423636465605,17.316610571090017,73.72841810545964
2212,2,21,pitch_jump,1.0,0.03316280161053263,12.26851019207454,73.72841810545964
2213,2,15,pitch_jump,1.0,0.07297835131168158,18.410968200428993,73.76174921671888
2214,2,15,pitch_jump,1.0,0.0811111951660662,18.044263576639327,73.79508032797814
2215,2,3,pitch_jump,1.0,0.12833533753561488,12.07452451699479,73.82841143923739
2215,2,9,pitch_jump,1.0,0.051138921430134134,41.289647481928746,73.82841143923739
2215,2,17,pitch_jump,1.0,0.06040510696409307,12.809172222859685,73.82841143923739
2215,2,21,pitch_jump,1.0,0.03307596901268141,23.45261568267134,73.82841143923739
2216,2,9,pitch_jump,1.0,0.054301165380633065,27.76612901807608,73.86174255049664
2216,2,19,pitch_jump,1.0,0.015694899713733872,12.021471038243954,73.86174255049664
2216,2,20,pitch_jump,1.0,0.015101223092949688,13.05564773237982,73.86174255049664
2216,2,21,pitch_jump,1.0,0.03613778225767808,18.42724249516056,73.86174255049664
2217,2,3,pitch_jump,1.0,0.09159730421814237,12.261349984981285,73.89507366175589
2219,2,17,pitch_jump,1.0,0.33476558454387545,44.78651290231297,73.96173588427439
2220,2,2,pitch_jump,1.0,0.006755327175205774,13.200739951991784,73.99506699553363
2220,2,9,pitch_jump,1.0,0.021888206688313473,30.662815087966134,73.99506699553363
2220,2,14,pitch_jump,1.0,0.032927156369927914,14.44299154204653,73.99506699553363
2220,2,15,pitch_jump,1.0,0.07394222299004159,21.211672697612347,73.99506699553363
2220,2,19,pitch_jump,1.0,0.010036747877662688,13.40814568958532,73.99506699553363
2220,2,20,pitch_jump,1.0,0.005690955422996716,13.090259874611974,73.99506699553363
2220,2,21,pitch_jump,1.0,0.03216173283167312,15.346961492715169,73.99506699553363
2221,2,5,pitch_jump,1.0,0.7043593882893621,168.13649556326,74.02839810679288
2221,2,9,pitch_jump,1.0,0.014462930352518845,23.56936508719765,74.02839810679288
2221,2,13,pitch_jump,2.0,0.049067306189227645,13.142722389108439,74.02839810679288
2221,2,17,pitch_jump,1.0,0.08091206468142927,16.615780884465917,74.02839810679288
2222,2,5,pitch_jump,1.0,0.09261907409375676,18.121111534399073,74.06172921805214
2223,2,3,pitch_jump,1.0,0.07371161649740483,15.648581796097773,74.09506032931138
2224,2,2,pitch_jump,1.0,0.025058910650895317,13.498806503815574,74.12839144057064
2224,2,5,pitch_jump,1.0,0.04665737900525892,12.352231869303424,74.12839144057064
2224,2,9,pitch_jump,1.0,0.01660729143730388,19.396833227880464,74.12839144057064
2224,2,21,pitch_jump,1.0,0.0385354756625676,14.460208323066231,74.12839144057064
2225,2,2,pitch_jump,1.0,0.022179075904840462,12.576091256509839,74.16172255182988
2225,2,9,pitch_jump,1.0,0.02685557808447722,17.680511546725878,74.16172255182988
2225,2,19,pitch_jump,1.0,0.0561088471366289,18.217088856399165,74.16172255182988
2226,2,9,pitch_jump,1.0,0.04586706237064065,47.47276109606125,74.19505366308913
2226,2,19,pitch_jump,1.0,0.02512475114489813,15.54893055524029,74.19505366308913
2226,2,21,pitch_jump,1.0,0.07606193807513846,37.31106561838094,74.19505366308913
2227,2,3,pitch_jump,1.0,0.07464044139932571,14.595746155129296,74.22838477434838
2229,2,17,pitch_jump,1.0,0.05858951442439107,13.201131219689858,74.29504699686687
2230,2,13,pitch_jump,1.0,0.05334422900611971,15.84184475607348,74.32837810812613
2230,2,17,pitch_jump,1.0,0.05579962112248861,19.42152541531868,74.32837810812613
2230,2,20,pitch_jump,1.0,0.028017074488287896,12.171212383257656,74.32837810812613
2231,2,13,pitch_jump,1.0,0.047769789343513724,12.926302105768539,74.36170921938538
2232,2,2,pitch_jump,1.0,0.06125653442164405,13.534039983071377,74.39504033064463
2232,2,3,pitch_jump,1.0,0.03239911574414679,26.550841408888097,74.39504033064463
2232,2,5,pitch_jump,1.0,0.019598066707325265,13.240258690395775,74.39504033064463
2232,2,9,pitch_jump,1.0,0.005375609172610159,27.139707375850495,74.39504033064463
2232,2,10,pitch_jump,1.0,0.044294474004551956,18.36824468669302,74.39504033064463
2232,2,13,pitch_jump,1.0,0.06716972914495242,14.938799937427076,74.39504033064463
2232,2,17,pitch_jump,1.0,0.019111781324143866,16.38235852043914,74.39504033064463
2232,2,19,pitch_jump,1.0,0.07330287417845119,14.45588750586337,74.39504033064463
2232,2,20,pitch_jump,1.0,0.04186638558977751,35.95464033927226,74.39504033064463
2232,2,21,pitch_jump,1.0,0.03293730494567516,22.367603126416974,74.39504033064463
2233,2,3,pitch_jump,1.0,0.03109421334264538,18.525902976923653,74.42837144190388
2233,2,9,pitch_jump,1.0,0.009476548067447799,17.436334378688358,74.42837144190388
2233,2,13,pitch_jump,1.0,0.06514727045897165,21.06269448646205,74.42837144190388
2233,2,17,pitch_jump,1.0,0.0443028597491017,21.218390687236393,74.42837144190388
2233,2,19,pitch_jump,1.0,0.1039430530349664,14.755247769922768,74.42837144190388
2233,2,20,pitch_jump,1.0,0.03427706685610203,39.4091270463062,74.42837144190388
2233,2,21,pitch_jump,1.0,0.056610930813652656,31.615999472638663,74.42837144190388
2234,2,3,pitch_jump,1.0,0.021796875186679224,16.469395438372533,74.46170255316312
2234,2,13,pitch_jump,1.0,0.030171222074629273,21.59079150663408,74.46170255316312
2234,2,15,pitch_jump,1.0,0.007717546433606864,19.160082080660334,74.46170255316312
2234,2,17,pitch_jump,1.0,0.029067657156478927,17.203210544511528,74.46170255316312
2234,2,20,pitch_jump,1.0,0.0221964231363201,33.87802692625472,74.46170255316312
2235,2,8,pitch_jump,2.0,0.09295478641956881,20.435493086269574,74.49503366442238
2235,2,19,pitch_jump,1.0,0.12811529159971585,15.564796162501686,74.49503366442238
2235,2,21,pitch_jump,1.0,0.08081668757882998,15.16067776838133,74.49503366442238
2236,2,9,pitch_jump,1.0,0.044831511984726034,24.322465225896444,74.52836477568162
2236,2,19,pitch_jump,1.0,0.15343242763734946,15.236556589227911,74.52836477568162
2236,2,21,pitch_jump,1.0,0.0743396371618348,19.08033057303483,74.52836477568162
2240,2,2,pitch_jump,1.0,0.041065661852031574,15.841034743173084,74.66168922071863
2240,2,3,pitch_jump,1.0,0.10395014857042964,18.817176451459545,74.66168922071863
2240,2,8,pitch_jump,1.0,0.05725393601627727,12.167050343466022,74.66168922071863
2240,2,10,pitch_jump,1.0,0.07998643087096909,12.84035971159234,74.66168922071863
2240,2,13,pitch_jump,1.0,0.05214565013889764,22.144041441837256,74.66168922071863
2240,2,15,pitch_jump,1.0,0.03951476805006409,19.628255915048424,74.66168922071863
2240,2,17,pitch_jump,1.0,0.033408037580582535,21.268045507697988,74.66168922071863
2240,2,19,pitch_jump,1.0,0.062341045871308606,16.981337780558754,74.66168922071863
2240,2,20,pitch_jump,1.0,0.03419192969553592,18.118121210486333,74.66168922071863
2241,2,3,pitch_jump,1.0,0.14301925502214283,17.369849974504763,74.69502033197787
2241,2,7,pitch_jump,1.0,0.12323521232677827,18.558020532006793,74.69502033197787
2241,2,9,pitch_jump,1.0,0.04569230742780735,18.470935176084755,74.69502033197787
2241,2,10,pitch_jump,1.0,0.1656263717388984,17.927418150614855,74.69502033197787
2241,2,11,pitch_jump,1.0,0.18345677856169607,22.233003541181183,74.69502033197787
2241,2,15,pitch_jump,1.0,0.04937418168416684,16.396316085992957,74.69502033197787
2242,2,2,pitch_jump,1.0,0.09587726020373298,19.920909348470353,74.72835144323712
2242,2,3,pitch_jump,1.0,0.14048651818771254,13.119883557670203,74.72835144323712
2242,2,7,pitch_jump,1.0,0.15729324708221992,16.888293218657633,74.72835144323712
2242,2,11,pitch_jump,1.0,0.1827555026013125,15.035197303873911,74.72835144323712
2242,2,15,pitch_jump,1.0,0.046483150954438016,12.369581939600927,74.72835144323712
2242,2,17,pitch_jump,1.0,0.06054122404134211,13.378591870546506,74.72835144323712
2242,2,19,pitch_jump,1.0,0.17096941371991342,27.547564513355013,74.72835144323712
2243,2,3,pitch_jump,1.0,0.08619777842665584,13.51365000494257,74.76168255449637
2243,2,9,pitch_jump,1.0,0.03924631569476893,12.430000833744723,74.76168255449637
2244,2,2,pitch_jump,1.0,0.11908612999233906,12.587119197819028,74.79501366575562
2244,2,3,pitch_jump,1.0,0.16255802527671828,20.012673581437333,74.79501366575562
2244,2,11,pitch_jump,1.0,0.23963983751819645,15.649942229739127,74.79501366575562
2244,2,17,pitch_jump,1.0,0.11300817852114078,22.012180153619127,74.79501366575562
2244,2,21,pitch_jump,1.0,0.09850497187739334,17.508079354930686,74.79501366575562
2245,2,2,pitch_jump,1.0,0.11544051224201521,18.31401812497011,74.82834477701486
2245,2,3,pitch_jump,1.0,0.23834485854925772,13.380967252282419,74.82834477701486
2245,2,17,pitch_jump,1.0,0.13493216286659945,16.738371185524336,74.82834477701486
2245,2,21,pitch_jump,1.0,0.10585759036773715,18.680628165645544,74.82834477701486
2247,2,11,pitch_jump,2.0,0.22690355785029737,18.062686163962404,74.89500699953336
2247,2,15,pitch_jump,1.0,0.097816037289715,20.607274830498625,74.89500699953336
2248,2,9,pitch_jump,1.0,0.05119071980891076,18.803477872734806,74.92833811079262
2248,2,11,pitch_jump,1.0,0.1791831668556847,16.738046243055642,74.92833811079262
2248,2,15,pitch_jump,1.0,0.0995991085285079,19.788489383620426,74.92833811079262
2249,2,9,pitch_jump,1.0,0.040448454681292115,20.697573178372775,74.96166922205187
2249,2,13,pitch_jump,1.0,0.07176919500641471,12.293051182195716,74.96166922205187
2250,2,2,pitch_jump,1.0,0.14670819502069254,13.10681179540484,74.99500033331111
2250,2,3,pitch_jump,1.0,0.17399818308828696,25.546099295537804,74.99500033331111
2250,2,9,pitch_jump,1.0,0.0685227628304642,28.823035725895707,74.99500033331111
2250,2,10,pitch_jump,1.0,0.2069234180638288,17.187816482614256,74.99500033331111
2250,2,11,pitch_jump,1.0,0.24447824111974983,37.91005684837846,74.99500033331111
2250,2,13,pitch_jump,1.0,0.12280085112994533,19.9001412713953,74.99500033331111
2250,2,14,pitch_jump,1.0,0.15233967701855267,16.395677571118092,74.99500033331111
2250,2,17,pitch_jump,1.0,0.10244756984511265,27.069545083718822,74.99500033331111
2250,2,19,pitch_jump,1.0,0.141388158442979,27.930434127525057,74.99500033331111
2250,2,20,pitch_jump,1.0,0.10316737105765215,13.417791503917787,74.99500033331111
2250,2,21,pitch_jump,1.0,0.11856695384014451,23.170530451792494,74.99500033331111
2251,2,8,pitch_jump,1.0,0.12985141592701385,13.039838366866682,75.02833144457037
2251,2,9,pitch_jump,1.0,0.059614304565730594,25.61113526916246,75.02833144457037
2251,2,11,pitch_jump,1.0,0.30289732922475815,12.142214976714074,75.02833144457037
2251,2,15,pitch_jump,1.0,0.08257207468712173,14.34058268921162,75.02833144457037
2251,2,17,pitch_jump,1.0,0.09784085967595,15.515857424888127,75.02833144457037
2251,2,20,pitch_jump,1.0,0.11536303678637047,12.397541465431075,75.02833144457037
2252,2,3,pitch_jump,1.0,0.10987922870615242,13.301238777756545,75.06166255582961
2252,2,11,pitch_jump,1.0,0.23082653608889656,12.686392448927656,75.06166255582961
2253,2,3,pitch_jump,1.0,0.2273814542071267,12.306161780281968,75.09499366708886
2253,2,9,pitch_jump,1.0,0.052792161148374706,18.107443209980723,75.09499366708886
2253,2,11,pitch_jump,1.0,0.29544771631755684,13.832934074055808,75.09499366708886
2253,2,17,pitch_jump,1.0,0.09330121690932977,16.172010207350134,75.09499366708886
2253,2,20,pitch_jump,1.0,0.08850298154236556,14.78509995942256,75.09499366708886
2254,2,2,pitch_jump,1.0,0.133675584184062,29.888892243023307,75.12832477834812
2254,2,3,pitch_jump,1.0,0.18483311130859728,25.221552932822803,75.12832477834812
2254,2,9,pitch_jump,1.0,0.05196228755266593,23.89970618465492,75.12832477834812
2254,2,11,pitch_jump,1.0,0.3599227531564634,46.51857899288262,75.12832477834812
2254,2,15,pitch_jump,1.0,0.06527149701597025,13.410344156993737,75.12832477834812
2254,2,19,pitch_jump,1.0,0.12318517460470595,18.81579253989361,75.12832477834812
2254,2,21,pitch_jump,1.0,0.10169446625181576,27.978608422880328,75.12832477834812
2255,2,11,pitch_jump,1.0,0.1710072995686706,15.946516522708146,75.16165588960736
2256,2,15,pitch_jump,1.0,0.07692398637550892,22.14111367564514,75.19498700086662
2256,2,19,pitch_jump,1.0,0.10324238807353821,15.562900529262915,75.19498700086662
2256,2,21,pitch_jump,1.0,0.09485278195636386,13.25894630188545,75.19498700086662
2257,2,9,pitch_jump,1.0,0.027843703013401187,15.869611753093258,75.22831811212586
2257,2,15,pitch_jump,1.0,0.08822024153598693,19.55138447705087,75.22831811212586
2257,2,19,pitch_jump,1.0,0.1067275621759784,16.81997419532398,75.22831811212586
2258,2,9,pitch_jump,1.0,0.01126999224784983,15.234437890287504,75.2616492233851
2258,2,11,pitch_jump,1.0,0.15331765636240902,13.056428015117083,75.2616492233851
2258,2,15,pitch_jump,1.0,0.1171834888089117,28.70736758083585,75.2616492233851
2258,2,19,pitch_jump,1.0,0.05252920791368797,12.19765284734986,75.2616492233851
2259,2,3,pitch_jump,1.0,0.20418234012750355,13.949615912073972,75.29498033464436
2259,2,11,pitch_jump,1.0,0.2619154271681196,30.675242090769544,75.29498033464436
2259,2,19,pitch_jump,1.0,0.0891637244181195,18.693032879789754,75.29498033464436
2260,2,2,pitch_jump,1.0,0.11134536310044091,14.115049597705122,75.32831144590361
2260,2,3,pitch_jump,1.0,0.2508956835734746,14.075729557755233,75.32831144590361
2260,2,9,pitch_jump,1.0,0.03129241615243281,20.066038633953234,75.32831144590361
2260,2,11,pitch_jump,1.0,0.34692168770117604,19.23181753106994,75.32831144590361
2260,2,13,pitch_jump,1.0,0.11821489190176054,14.894887413825462,75.32831144590361
2260,2,15,pitch_jump,1.0,0.20190768209469084,49.01000318090582,75.32831144590361
2260,2,20,pitch_jump,1.0,0.09395896399870639,15.237234895909383,75.32831144590361
2261,2,11,pitch_jump,1.0,0.30520095892694843,33.41241873686207,75.36164255716285
2261,2,15,pitch_jump,1.0,0.07483827858112997,14.856872033285374,75.36164255716285
2262,2,2,pitch_jump,1.0,0.11361822332160927,26.990165219406208,75.39497366842211
2262,2,3,pitch_jump,1.0,0.19644513456557341,16.430287132936016,75.39497366842211
2262,2,8,pitch_jump,1.0,0.12247177730384035,12.01994734971722,75.39497366842211
2262,2,11,pitch_jump,1.0,0.2603503241836334,13.79715294880925,75.39497366842211
2262,2,15,pitch_jump,1.0,0.11577303430853174,14.9439166304955,75.39497366842211
2262,2,20,pitch_jump,1.0,0.09302651212428062,12.56935602898112,75.39497366842211
2263,2,2,pitch_jump,1.0,0.11569608871486081,12.939991138202513,75.42830477968135
2263,2,9,pitch_jump,1.0,0.0380383907875795,25.065767660310637,75.42830477968135
2264,2,11,pitch_jump,1.0,0.20567343423372442,20.61196808203014,75.46163589094061
2264,2,21,pitch_jump,1.0,0.054327016057369414,13.012523881317932,75.46163589094061
2265,2,9,pitch_jump,1.0,0.030433579757809373,23.021117252410285,75.49496700219986
2265,2,10,pitch_jump,1.0,0.15204711597012643,16.913013650040426,75.49496700219986
2265,2,11,pitch_jump,1.0,0.16814677139340703,26.096179172145142,75.49496700219986
2265,2,19,pitch_jump,1.0,0.07933444522473863,14.788980512378577,75.49496700219986
2265,2,20,pitch_jump,1.0,0.0874212923710575,12.67132174723641,75.49496700219986
2265,2,21,pitch_jump,1.0,0.08550101859620916,14.101333743353548,75.49496700219986
2266,2,2,pitch_jump,1.0,0.10357002587380484,13.311758431992102,75.5282981134591
2266,2,3,pitch_jump,1.0,0.1969424585894003,24.05651795497254,75.5282981134591
2266,2,8,pitch_jump,1.0,0.11679849323676887,15.390367737703624,75.5282981134591
2266,2,9,pitch_jump,1.0,0.010473094374739103,36.691892653021405,75.5282981134591
2266,2,11,pitch_jump,1.0,0.1891447347741849,25.850293568065954,75.5282981134591
2266,2,13,pitch_jump,1.0,0.10907159311869169,17.149484152135454,75.5282981134591
2266,2,15,pitch_jump,1.0,0.09688144537209889,14.374146262615342,75.5282981134591
2266,2,17,pitch_jump,1.0,0.07630621223395148,14.228479278028736,75.5282981134591
2266,2,19,pitch_jump,1.0,0.09316317801420765,35.055465524252504,75.5282981134591
2266,2,20,pitch_jump,1.0,0.07020417214086261,14.545705547922065,75.5282981134591
2266,2,21,pitch_jump,1.0,0.09380592629962116,25.50536584464144,75.5282981134591
2267,2,9,pitch_jump,1.0,0.007736342649041433,24.808415895042433,75.56162922471836
2267,2,15,pitch_jump,1.0,0.14383886205061924,31.768564760549083,75.56162922471836
2268,2,15,pitch_jump,1.0,0.17614684609264694,22.096385547560317,75.5949603359776
2269,2,10,pitch_jump,1.0,0.12175679372159379,12.598658885163724,75.62829144723685
2269,2,15,pitch_jump,1.0,0.09103070887692138,18.31048964756531,75.62829144723685
2269,2,19,pitch_jump,1.0,0.08046741740637657,13.591123896286792,75.62829144723685
2269,2,21,pitch_jump,1.0,0.10191152974649442,13.704243778260754,75.62829144723685
2270,2,11,pitch_jump,3.0,0.25906938766865845,19.461463049280326,75.6616225584961
2272,2,2,pitch_jump,1.0,0.09163499106339092,26.354640305748976,75.72828478101461
2272,2,3,pitch_jump,1.0,0.18296760838184517,24.464826673297914,75.72828478101461
2272,2,8,pitch_jump,1.0,0.09054453406127976,17.265316216254636,75.72828478101461
2272,2,9,pitch_jump,1.0,0.03922650018833118,23.25672976718048,75.72828478101461
2272,2,11,pitch_jump,1.0,0.23098568717187773,20.256500974993255,75.72828478101461
2272,2,15,pitch_jump,1.0,0.04446152962477604,17.948198094886212,75.72828478101461
2272,2,17,pitch_jump,1.0,0.06638700259645702,19.497444039254326,75.72828478101461
2272,2,20,pitch_jump,1.0,0.05905521575851197,17.32546216121377,75.72828478101461
2272,2,21,pitch_jump,1.0,0.07192598605785296,23.343780532637144,75.72828478101461
2273,2,15,pitch_jump,1.0,0.041521104760155685,14.083864455201677,75.76161589227385
2274,2,2,pitch_jump,1.0,0.08035618230079976,14.390917524343495,75.7949470035331
2274,2,3,pitch_jump,1.0,0.15412415171773663,14.06606375833829,75.7949470035331
2274,2,9,pitch_jump,1.0,0.029083860612567406,25.828254640997486,75.7949470035331
2274,2,11,pitch_jump,1.0,0.2196271996536488,20.563863268190197,75.7949470035331
2274,2,19,pitch_jump,1.0,0.05559565368533876,17.04112868296076,75.7949470035331
2274,2,21,pitch_jump,1.0,0.060269120947408134,18.398252636460445,75.7949470035331
2275,2,9,pitch_jump,1.0,0.033213775019669246,14.174633050865891,75.82827811479235
2275,2,11,pitch_jump,1.0,0.16807632132514067,33.039596107578944,75.82827811479235
2275,2,21,pitch_jump,1.0,0.06952385171802294,15.690664988316225,75.82827811479235
2276,2,11,pitch_jump,1.0,0.12471440137352617,15.322205585917514,75.8616092260516
2277,2,9,pitch_jump,1.0,0.017121252277199017,18.0919753023421,75.89494033731084
2277,2,11,pitch_jump,1.0,0.22314927346828156,13.641132718595914,75.89494033731084
2277,2,19,pitch_jump,1.0,0.04374366988287105,21.68120987248778,75.89494033731084
2278,2,2,pitch_jump,1.0,0.069650287952969,13.741357955480707,75.9282714485701
2278,2,3,pitch_jump,1.0,0.12324592183103134,13.924563016634938,75.9282714485701
2278,2,8,pitch_jump,1.0,0.0626161646750566,17.86952402466874,75.9282714485701
2278,2,9,pitch_jump,1.0,0.019921148452573534,68.0018060451663,75.9282714485701
2278,2,10,pitch_jump,1.0,0.11038771071246711,23.641010468491793,75.9282714485701
2278,2,11,pitch_jump,1.0,0.2535590284839032,53.04414760624411,75.9282714485701
2278,2,13,pitch_jump,1.0,0.0673773958560224,21.34329271356424,75.9282714485701
2278,2,15,pitch_jump,1.0,0.03885324623253714,14.349292185031082,75.9282714485701
2278,2,16,pitch_jump,1.0,0.0842097664717497,18.64635123179487,75.9282714485701
2278,2,17,pitch_jump,1.0,0.05936646666664938,14.585914836394553,75.9282714485701
2278,2,19,pitch_jump,1.0,0.029077177649928516,15.659537315678524,75.9282714485701
2278,2,20,pitch_jump,1.0,0.04267358297525205,13.123939987163164,75.9282714485701
2278,2,21,pitch_jump,1.0,0.05910024097717619,33.185519480579,75.9282714485701
2279,2,9,pitch_jump,1.0,0.012546901584212101,14.502664819322112,75.96160255982934
2280,2,11,pitch_jump,1.0,0.19527543414648832,22.69438295897508,75.9949336710886
2281,2,2,pitch_jump,1.0,0.06709810996783172,12.856199013157298,76.02826478234785
2281,2,3,pitch_jump,1.0,0.13185182629811434,14.694502150115323,76.02826478234785
2281,2,8,pitch_jump,1.0,0.08037279226374006,14.768717896483425,76.02826478234785
2281,2,9,pitch_jump,1.0,0.018974687245645838,17.588370114699497,76.02826478234785
2281,2,15,pitch_jump,1.0,0.046603160504985246,15.428379681007117,76.02826478234785
2281,2,20,pitch_jump,1.0,0.05417419775163495,12.680581926750843,76.02826478234785
2282,2,2,pitch_jump,1.0,0.04456848807529873,14.00739215243653,76.06159589360709
2282,2,3,pitch_jump,1.0,0.07052368942126623,12.761246991999151,76.06159589360709
2282,2,9,pitch_jump,1.0,0.01040966538456869,17.131531145921073,76.06159589360709
2282,2,15,pitch_jump,1.0,0.039022904573863176,18.028600258490663,76.06159589360709
2282,2,19,pitch_jump,1.0,0.005894638670035761,12.229369747032143,76.06159589360709
2283,2,2,pitch_jump,1.0,0.08948698780713688,16.67296653192118,76.09492700486635
2283,2,9,pitch_jump,1.0,0.03278144980404859,12.270512118068698,76.09492700486635
2283,2,11,pitch_jump,1.0,0.1960985737594024,13.208711173207137,76.09492700486635
2284,2,9,pitch_jump,1.0,0.044379336390844216,12.995817944644756,76.1282581161256
2285,2,2,pitch_jump,1.0,0.039750046119164335,14.741868174646614,76.16158922738484
2285,2,3,pitch_jump,1.0,0.08035390572677453,18.9395494989992,76.16158922738484
2285,2,10,pitch_jump,1.0,0.04084287046158266,13.514106370733511,76.16158922738484
2285,2,11,pitch_jump,1.0,0.137815037779702,24.786055706437676,76.16158922738484
2285,2,16,pitch_jump,1.0,0.03503148779046867,13.234506307952325,76.16158922738484
2285,2,19,pitch_jump,1.0,0.021422031829747012,15.780790695327918,76.16158922738484
2285,2,21,pitch_jump,1.0,0.037883119316132266,13.6706985291439,76.16158922738484
2286,2,17,pitch_jump,1.0,0.042350509832374615,16.249914436956686,76.1949203386441
2286,2,21,pitch_jump,1.0,0.056383119077516634,15.943455999542797,76.1949203386441
2287,2,9,pitch_jump,1.0,0.05359610122427639,39.687365290995075,76.22825144990334
2287,2,11,pitch_jump,1.0,0.18800136118616723,13.231319074199925,76.22825144990334
2287,2,21,pitch_jump,1.0,0.034457532973904983,21.66064265148076,76.22825144990334
2288,2,2,pitch_jump,1.0,0.04022103915239499,12.323999686233565,76.2615825611626
2288,2,8,pitch_jump,1.0,0.016675300639855183,15.863721675025102,76.2615825611626
2288,2,9,pitch_jump,1.0,0.024488430674938902,23.098040578842696,76.2615825611626
2288,2,10,pitch_jump,1.0,0.026256277484876814,14.025951627352047,76.2615825611626
2288,2,11,pitch_jump,1.0,0.10336404821295415,16.43819494530078,76.2615825611626
2288,2,13,pitch_jump,1.0,0.025275369087115293,13.635729805038522,76.2615825611626
2288,2,19,pitch_jump,1.0,0.0051980940093758945,13.69782358011139,76.2615825611626
2288,2,21,pitch_jump,1.0,0.021614412023885563,19.161333840416457,76.2615825611626
2289,2,9,pitch_jump,1.0,0.025535330848375302,16.941899684130178,76.29491367242184
2290,2,2,pitch_jump,1.0,0.06602836727343822,14.752742496433736,76.32824478368109
2290,2,19,pitch_jump,1.0,0.02345737007701956,15.648164865619712,76.32824478368109
2291,2,9,pitch_jump,1.0,0.022051927167015553,18.858570300028145,76.36157589494034
2292,2,2,pitch_jump,1.0,0.06567101721057107,15.302243550732898,76.39490700619959
2292,2,3,pitch_jump,1.0,0.135710657730842,16.968240601349557,76.39490700619959
2292,2,9,pitch_jump,1.0,0.025565117955953776,15.026704009577493,76.39490700619959
2292,2,11,pitch_jump,1.0,0.16588863683783375,19.413651835810228,76.39490700619959
2292,2,15,pitch_jump,1.0,0.0479552992155595,18.74905644472177,76.39490700619959
2294,2,3,pitch_jump,1.0,0.08282744879731288,16.391810599509025,76.46156922871809
2294,2,15,pitch_jump,1.0,0.01081281174308848,15.666233682336673,76.46156922871809
2294,2,20,pitch_jump,1.0,0.012279257947570675,15.126118958410917,76.46156922871809
2294,2,21,pitch_jump,1.0,0.008858912318767525,12.341930125663607,76.46156922871809
2295,2,2,pitch_jump,1.0,0.06866089981138085,12.285940729106484,76.49490033997733
2295,2,9,pitch_jump,1.0,0.030385019152871482,20.159393457173074,76.49490033997733
2295,2,13,pitch_jump,1.0,0.03950347751313789,15.381652003683806,76.49490033997733
2295,2,15,pitch_jump,1.0,0.02910192491274457,13.01688862604734,76.49490033997733
2295,2,16,pitch_jump,1.0,0.06012142755197554,12.996808934589783,76.49490033997733
2295,2,19,pitch_jump,1.0,0.04382049942907669,13.701302761280127,76.49490033997733
2295,2,20,pitch_jump,1.0,0.015614465701629764,13.03349517392091,76.49490033997733
2296,2,3,pitch_jump,1.0,0.11724218357066747,12.494839834655256,76.52823145123659
2296,2,9,pitch_jump,1.0,0.04351034432050104,29.830629980560737,76.52823145123659
2297,2,19,pitch_jump,1.0,0.07630759549133846,24.473319061041487,76.56156256249584
2297,2,21,pitch_jump,1.0,0.02303162498102483,13.339355924383641,76.56156256249584
2298,2,9,pitch_jump,1.0,0.03443591608156786,121.40011351386953,76.59489367375508
2298,2,10,pitch_jump,1.0,0.03768888460742488,13.442670501225882,76.59489367375508
2298,2,16,pitch_jump,1.0,0.0557493056767206,14.049918479842441,76.59489367375508
2298,2,19,pitch_jump,1.0,0.07589728563831212,12.06375652175171,76.59489367375508
2298,2,21,pitch_jump,1.0,0.013673750082284475,28.54388421339829,76.59489367375508
2299,2,9,pitch_jump,1.0,0.036328431563478134,126.67925891406394,76.62822478501434
2299,2,10,pitch_jump,1.0,0.03518337969293823,23.757177385514687,76.62822478501434
2299,2,19,pitch_jump,1.0,0.09119014136243314,17.252481091304126,76.62822478501434
2299,2,20,pitch_jump,1.0,0.0392763436476735,14.857110130764417,76.62822478501434
2299,2,21,pitch_jump,1.0,0.020209339416948573,33.27432201131057,76.62822478501434
2301,2,2,pitch_jump,1.0,0.03689066632182807,18.445888869047895,76.69488700753283
2301,2,3,pitch_jump,1.0,0.13316900716046226,13.234154887526389,76.69488700753283
2301,2,10,pitch_jump,1.0,0.02593504524747891,12.244928149186276,76.69488700753283
2301,2,11,pitch_jump,1.0,0.12361297009688,17.62816428307543,76.69488700753283
2301,2,13,pitch_jump,1.0,0.018859685618229326,13.549196801841493,76.69488700753283
2301,2,19,pitch_jump,1.0,0.11267360765600908,21.640874342095717,76.69488700753283
2302,2,9,pitch_jump,1.0,0.02661669139990155,15.075594281415901,76.72821811879209
2304,2,2,pitch_jump,1.0,0.052595690591435956,24.04728916974218,76.79488034131059
2304,2,9,pitch_jump,1.0,0.030550448217116687,129.92575649317612,76.79488034131059
2304,2,10,pitch_jump,1.0,0.02247183682458473,17.618645493682433,76.79488034131059
2304,2,11,pitch_jump,1.0,0.04461333100456398,26.243200630721944,76.79488034131059
2304,2,13,pitch_jump,1.0,0.015487028272223851,40.73243080911552,76.79488034131059
2304,2,15,pitch_jump,1.0,0.003074663793219499,32.006532380431096,76.79488034131059
2304,2,16,pitch_jump,1.0,0.045621126051891926,35.65693773502236,76.79488034131059
2304,2,17,pitch_jump,1.0,0.006851578333543844,28.23157280403603,76.79488034131059
2304,2,19,pitch_jump,1.0,0.03840634108541281,21.88798644945646,76.79488034131059
2304,2,20,pitch_jump,1.0,0.022992143348547177,41.788936407662085,76.79488034131059
2304,2,21,pitch_jump,1.0,0.015107087789412216,28.552556799835052,76.79488034131059
2305,2,15,pitch_jump,1.0,0.016679465518475715,15.736373235885898,76.82821145256983
2305,2,17,pitch_jump,1.0,0.013215049179460878,13.217676153985792,76.82821145256983
2305,2,19,pitch_jump,1.0,0.11382150197056606,12.095177907276502,76.82821145256983
2307,2,14,pitch_jump,1.0,0.027274019049029808,13.971290535851836,76.89487367508833
2310,2,2,pitch_jump,1.0,0.04068688749278769,15.418563318845486,76.99486700886608
2310,2,11,pitch_jump,1.0,0.053820127741720764,15.416996809761462,76.99486700886608
2310,2,19,pitch_jump,1.0,0.02978315944948099,14.952948100107756,76.99486700886608
2310,2,22,pitch_jump,1.0,0.09730430094921633,18.76491661748961,76.99486700886608
2311,2,2,pitch_jump,1.0,0.03159647028897567,14.198970923729988,77.02819812012532
2311,2,11,pitch_jump,1.0,0.07380987630325127,14.134186328824732,77.02819812012532
2311,2,16,pitch_jump,1.0,0.020111802503932193,20.157048261945178,77.02819812012532
2311,2,19,pitch_jump,1.0,0.11342157311115227,18.22485650634265,77.02819812012532
2313,2,14,pitch_jump,1.0,0.03913675315222271,12.560825184768362,77.09486034264383
2314,2,9,pitch_jump,1.0,0.04031675047674447,12.725047307885863,77.12819145390307
2316,2,3,pitch_jump,1.0,0.1583674397495331,13.012368319689807,77.19485367642157
2316,2,9,pitch_jump,1.0,0.03365361769022494,16.380798105494307,77.19485367642157
2316,2,15,pitch_jump,1.0,0.04206577792596143,20.099804401226585,77.19485367642157
2316,2,16,pitch_jump,1.0,0.014965616981073905,14.133266130852778,77.19485367642157
2317,2,19,pitch_jump,1.0,0.26647305668805316,14.318381358153644,77.22818478768082
2319,2,2,pitch_jump,1.0,0.0505943306316038,13.891753619632722,77.29484701019932
2319,2,3,pitch_jump,1.0,0.12401108878550005,17.904931919571208,77.29484701019932
2319,2,10,pitch_jump,1.0,0.023797288236558477,15.557344033317502,77.29484701019932
2319,2,14,pitch_jump,1.0,0.03923621870711607,13.991417318306965,77.29484701019932
2319,2,15,pitch_jump,1.0,0.021289504032907202,12.999286874621891,77.29484701019932
2319,2,16,pitch_jump,1.0,0.012542232018602828,22.626598735715163,77.29484701019932
2319,2,17,pitch_jump,1.0,0.009675265823456425,13.50609702882086,77.29484701019932
2319,2,19,pitch_jump,1.0,0.19631741718184842,18.148728304632883,77.29484701019932
2319,2,21,pitch_jump,1.0,0.024667450487309287,20.431886076222117,77.29484701019932
2321,2,9,pitch_jump,1.0,0.028841276532088934,16.510311115929433,77.36150923271782
2322,2,2,pitch_jump,1.0,0.04328937276719417,14.23162333547896,77.39484034397707
2322,2,3,pitch_jump,1.0,0.12277048213722583,13.352208455151267,77.39484034397707
2322,2,9,pitch_jump,1.0,0.026177831534219646,20.76445809816031,77.39484034397707
2322,2,16,pitch_jump,1.0,0.004176766682264601,15.717738564675164,77.39484034397707
2322,2,19,pitch_jump,1.0,0.1999910676881098,12.304708700527975,77.39484034397707
2322,2,21,pitch_jump,1.0,0.004373811736189444,12.073075508192694,77.39484034397707
2323,2,3,pitch_jump,1.0,0.12876620064616381,16.619338434081715,77.42817145523632
2323,2,9,pitch_jump,1.0,0.03213312927932248,19.302771012747478,77.42817145523632
2323,2,17,pitch_jump,1.0,0.02231361163942815,14.106904023235959,77.42817145523632
2323,2,20,pitch_jump,1.0,0.025695424096746758,12.078214087331421,77.42817145523632
2324,2,9,pitch_jump,1.0,0.02240340058851148,16.00766038566984,77.46150256649557
2326,2,2,pitch_jump,1.0,0.053628514180903065,14.667019770765494,77.52816478901407
2326,2,9,pitch_jump,1.0,0.03401193431784818,20.17546348494841,77.52816478901407
2327,2,3,pitch_jump,1.0,0.07888607929238065,22.05723923941116,77.56149590027331
2331,2,3,pitch_jump,1.0,0.22755448556809246,31.33772486237173,77.69482034531032
2331,2,9,pitch_jump,1.0,0.049288891539145,14.265956538327803,77.69482034531032
2334,2,3,pitch_jump,1.0,0.12417342625659253,16.38178161371128,77.79481367908807
2334,2,16,pitch_jump,1.0,0.017264062573926296,13.095433299136957,77.79481367908807
2338,2,3,pitch_jump,1.0,0.07951671362054516,17.904408599422744,77.92813812412506
2342,2,16,pitch_jump,1.0,0.009103913663783419,13.626925668829761,78.06146256916206
2343,2,8,pitch_jump,1.0,0.07845990062415112,19.28843756553427,78.0947936804213
2344,2,3,pitch_jump,1.0,0.09694997884182394,13.760267932317163,78.12812479168056
2344,2,10,pitch_jump,1.0,0.07221486710772682,12.780282186172053,78.12812479168056
2344,2,15,pitch_jump,1.0,0.04591697263023662,12.73918994737381,78.12812479168056
2347,2,10,pitch_jump,1.0,0.13817190981636818,24.051853960131883,78.22811812545831
2350,2,3,pitch_jump,1.0,0.10139827496932147,13.647387472484413,78.32811145923606
2350,2,10,pitch_jump,1.0,0.13234952202352834,13.634407383256343,78.32811145923606
2352,2,3,pitch_jump,1.0,0.06224016138750336,12.644870756037935,78.39477368175456
2352,2,10,pitch_jump,1.0,0.11996565465514968,27.50293662923046,78.39477368175456
2352,2,14,pitch_jump,1.0,0.009611659396549175,12.318696216066487,78.39477368175456
2352,2,19,pitch_jump,1.0,0.03174388429446096,13.489406807497387,78.39477368175456
2353,2,2,pitch_jump,1.0,0.03547389923408311,13.364076680682762,78.4281047930138
2353,2,8,pitch_jump,1.0,0.06457519697802017,14.39772118193247,78.4281047930138
2353,2,16,pitch_jump,1.0,0.027505224549578274,15.70781754635421,78.4281047930138
2354,2,2,pitch_jump,1.0,0.10000342366968151,33.18424353835929,78.46143590427305
2354,2,16,pitch_jump,1.0,0.01818937384405295,18.203619053503612,78.46143590427305
2355,2,2,pitch_jump,1.0,0.0910703101480275,23.161293815203692,78.4947670155323
2356,2,2,pitch_jump,1.0,0.04253324867017689,15.615104217021802,78.52809812679155
2356,2,3,pitch_jump,1.0,0.11807931896860882,12.941882141627921,78.52809812679155
2356,2,10,pitch_jump,1.0,0.21094268720342488,20.601315902273694,78.52809812679155
2356,2,16,pitch_jump,1.0,0.023723657310977718,13.109846388350542,78.52809812679155
2357,2,2,pitch_jump,1.0,0.043273836681244474,20.239685725553176,78.5614292380508
2358,2,2,pitch_jump,1.0,0.04126219466517441,16.582402870326767,78.59476034931005
2361,2,11,pitch_jump,1.0,0.025115862991874228,16.51548165418587,78.6947536830878
2361,2,15,pitch_jump,1.0,0.060594960676173586,13.912812982563725,78.6947536830878
2363,2,20,pitch_jump,1.0,0.06976131289063213,13.364945608952121,78.7614159056063
2364,2,3,pitch_jump,1.0,0.07556337800024351,15.782128194049532,78.79474701686554
2364,2,7,pitch_jump,1.0,0.013909567452733614,12.663970614584853,78.79474701686554
2364,2,10,pitch_jump,1.0,0.12004184318187672,20.466763081892218,78.79474701686554
2364,2,15,pitch_jump,1.0,0.04598127098155385,14.076943909296437,78.79474701686554
2371,2,13,pitch_jump,1.0,0.04188763230115413,12.423840973091222,79.0280647956803
2371,2,21,pitch_jump,1.0,0.07153840195554526,19.922766093715992,79.0280647956803
2374,2,11,pitch_jump,1.0,0.019545565945013783,14.57464824019363,79.12805812945804
2374,2,21,pitch_jump,1.0,0.04903925522142294,14.726049108006723,79.12805812945804
2379,2,2,pitch_jump,1.0,0.012401896815902846,12.04357371203487,79.29471368575429
2379,2,11,pitch_jump,1.0,0.016291035849345853,12.761542672286533,79.29471368575429
2379,2,17,pitch_jump,1.0,0.01930519872693883,14.728168633662513,79.29471368575429
2379,2,21,pitch_jump,1.0,0.017120589089102814,13.366795141595919,79.29471368575429
2389,2,8,pitch_jump,1.0,0.09222850894923043,12.494974889469416,79.62802479834679
2392,2,21,pitch_jump,1.0,0.03439437630782864,12.692837376868827,79.72801813212453
2394,2,21,pitch_jump,1.0,0.02059523016443541,12.586206808325269,79.79468035464302
2395,2,8,pitch_jump,1.0,0.13875275941146853,15.231067065920783,79.82801146590228
2396,2,9,pitch_jump,1.0,0.047784256146724234,13.156397679169844,79.86134257716152
2398,2,21,pitch_jump,1.0,0.014038885877973804,12.661585187863025,79.92800479968002
2399,2,9,pitch_jump,1.0,0.007914856837244771,16.610135213220477,79.96133591093927
2404,2,21,pitch_jump,1.0,0.03108876072546049,12.514199010337277,80.12799146723552
2406,2,15,pitch_jump,1.0,0.019258370652696078,14.764727413761683,80.19465368975402
2406,2,19,pitch_jump,1.0,0.04686629899638625,13.118124879274028,80.19465368975402
2407,2,2,pitch_jump,1.0,0.050714106966363005,13.517900446939162,80.22798480101326
2407,2,11,pitch_jump,1.0,0.038984603788957406,13.312558454850555,80.22798480101326
2407,2,15,pitch_jump,1.0,0.039508133985523795,12.53500673971765,80.22798480101326
2407,2,19,pitch_jump,1.0,0.036797318792692706,12.752846608603152,80.22798480101326
2407,2,20,pitch_jump,1.0,0.048260725807336195,12.406032620100685,80.22798480101326
2409,2,2,pitch_jump,1.0,0.053249970399049815,13.667775553871204,80.29464702353177
2409,2,13,pitch_jump,1.0,0.029288455296963854,12.468376935831207,80.29464702353177
2409,2,19,pitch_jump,1.0,0.03280306283050212,12.4414786071061,80.29464702353177
2411,2,8,pitch_jump,1.0,0.061387083013369904,13.446510042306766,80.36130924605027
2413,2,8,pitch_jump,1.0,0.05110192867336198,16.71157273389797,80.42797146856877
2413,2,13,pitch_jump,1.0,0.01760495807438667,13.169311148845203,80.42797146856877
2413,2,17,pitch_jump,1.0,0.004118304354489457,14.45180773980018,80.42797146856877
2414,2,10,pitch_jump,1.0,0.07203836770195748,17.8215370367272,80.46130257982801
2415,2,3,pitch_jump,1.0,0.07088315684126315,20.838150198076477,80.49463369108726
2415,2,17,pitch_jump,1.0,0.02076243380556222,13.01711851351786,80.49463369108726
2416,2,3,pitch_jump,1.0,0.16221105455008256,35.84534440837409,80.52796480234652
2416,2,9,pitch_jump,2.0,0.051890270103155126,12.746565023394611,80.52796480234652
2417,2,3,pitch_jump,1.0,0.13072602005217193,25.187849721207414,80.56129591360576
2417,2,9,pitch_jump,1.0,0.029258124250426662,30.12753445852595,80.56129591360576
2417,2,21,pitch_jump,1.0,0.004814059472780744,15.621709677463496,80.56129591360576
2419,2,8,pitch_jump,1.0,0.05961050640230297,12.510683612504142,80.62795813612426
2419,2,9,pitch_jump,1.0,0.029406883726410583,19.192762245252876,80.62795813612426
2421,2,3,pitch_jump,1.0,0.17486448266148333,44.7516254231448,80.69462035864277
2422,2,3,pitch_jump,1.0,0.159117510747668,17.299101705283174,80.72795146990201
2422,2,8,pitch_jump,1.0,0.0472714446911438,21.21065131502959,80.72795146990201
2422,2,10,pitch_jump,1.0,0.016101832023076877,14.373246237677835,80.72795146990201
2422,2,17,pitch_jump,1.0,0.008816497411948978,18.460730105685013,80.72795146990201
2423,2,3,pitch_jump,1.0,0.10322610027627772,18.63135323045716,80.76128258116125
2424,2,9,pitch_jump,1.0,0.0482262231836398,13.200335620925218,80.79461369242051
2425,1,27,pitch_jump,1.0,0.044462700850621824,14.975690908811986,80.82794480367976
2425,2,2,pitch_jump,1.0,0.08841206135538453,15.109025519351317,80.82794480367976
2425,2,3,pitch_jump,1.0,0.06147976233436369,14.207062051180804,80.82794480367976
2425,2,8,pitch_jump,1.0,0.039001142472820605,15.312073851409721,80.82794480367976
2425,2,9,pitch_jump,1.0,0.0813099952597535,24.942151688089016,80.82794480367976
2425,2,10,pitch_jump,1.0,0.035110061145610084,14.367510488090455,80.82794480367976
2425,2,11,pitch_jump,1.0,0.03832650635533369,13.192759628348101,80.82794480367976
2425,2,13,pitch_jump,1.0,0.03276777393496121,13.216091278211191,80.82794480367976
2425,2,15,pitch_jump,1.0,0.035144392213570325,13.207707210509625,80.82794480367976
2425,2,20,pitch_jump,1.0,0.06345207201587547,17.21951432913895,80.82794480367976
2426,2,3,pitch_jump,1.0,0.04868397804462551,21.652686575381043,80.861275914939
2427,2,3,pitch_jump,1.0,0.0913027311867541,40.46298360392194,80.89460702619826
2427,2,9,pitch_jump,1.0,0.09215277210180967,31.606425977554377,80.89460702619826
2427,2,11,pitch_jump,1.0,0.04624279491750417,14.209509673326185,80.89460702619826
2427,2,20,pitch_jump,1.0,0.06473467939133884,12.469271647346602,80.89460702619826
2427,2,21,pitch_jump,1.0,0.021889260516353717,26.99405082242178,80.89460702619826
2428,2,3,pitch_jump,1.0,0.01709219930512706,17.421649672456564,80.9279381374575
2429,2,3,pitch_jump,1.0,0.015358720080734162,15.075532193083468,80.96126924871676
2429,2,8,pitch_jump,1.0,0.03174262585979103,20.438331497648175,80.96126924871676
2429,2,9,pitch_jump,1.0,0.06382218041686276,23.303375649759968,80.96126924871676
2429,2,20,pitch_jump,1.0,0.012598257769083195,14.007562008066449,80.96126924871676
2429,2,21,pitch_jump,1.0,0.02008105590698428,15.522145131054915,80.96126924871676
2430,2,9,pitch_jump,1.0,0.0949792606454393,31.67223021646501,80.994600359976
2430,2,21,pitch_jump,1.0,0.06487017673971095,13.616329871967515,80.994600359976
2431,2,8,pitch_jump,1.0,0.011618765365748051,12.73677536953667,81.02793147123525
2431,2,21,pitch_jump,1.0,0.07946003825090374,14.903462880439031,81.02793147123525
2432,1,27,pitch_jump,1.0,0.04006994398284097,18.28389435470084,81.0612625824945
2432,2,3,pitch_jump,1.0,0.016753187539596502,22.200415592965303,81.0612625824945
2432,2,8,pitch_jump,1.0,0.020134261631241806,27.996763404635225,81.0612625824945
2432,2,10,pitch_jump,1.0,0.02902870412591686,20.548705916385778,81.0612625824945
2432,2,13,pitch_jump,1.0,0.030744290443380343,32.68282128310198,81.0612625824945
2432,2,15,pitch_jump,1.0,0.019268826719467017,24.677003738391534,81.0612625824945
2432,2,17,pitch_jump,1.0,0.031503078002889186,23.82129195660115,81.0612625824945
2432,2,19,pitch_jump,1.0,0.03927464017646659,13.826097281315452,81.0612625824945
2432,2,20,pitch_jump,1.0,0.006256837925222982,18.647901759168796,81.0612625824945
2432,2,21,pitch_jump,1.0,0.04268105681370158,24.89937907958749,81.0612625824945
2435,2,11,pitch_jump,1.0,0.03503904514252987,17.576981536337204,81.16125591627225
2435,2,19,pitch_jump,1.0,0.05108821126829135,13.362469407832323,81.16125591627225
2435,2,20,pitch_jump,1.0,0.014404327889495463,13.948305002708349,81.16125591627225
2435,2,21,pitch_jump,1.0,0.03175077873697741,28.096501839171722,81.16125591627225
2436,2,16,pitch_jump,1.0,0.07308932655930019,23.184638264603205,81.1945870275315
2437,2,2,pitch_jump,1.0,0.20423979121241612,16.448514770266936,81.22791813879076
2437,2,3,pitch_jump,1.0,0.07545468692248665,17.55795034452774,81.22791813879076
2437,2,8,pitch_jump,1.0,0.050768139358509136,19.410652527454,81.22791813879076
2437,2,9,pitch_jump,1.0,0.16612590093640342,17.162602877250293,81.22791813879076
2437,2,10,pitch_jump,1.0,0.07646854384105617,19.875654527810838,81.22791813879076
2437,2,11,pitch_jump,1.0,0.095941386059809,18.96605622247556,81.22791813879076
2437,2,13,pitch_jump,1.0,0.09028159470355487,14.68223793515994,81.22791813879076
2437,2,15,pitch_jump,1.0,0.07280416128408672,18.120692972210644,81.22791813879076
2437,2,17,pitch_jump,1.0,0.08654061934445251,18.86293114874098,81.22791813879076
2437,2,19,pitch_jump,1.0,0.10975443129682039,13.873391055846545,81.22791813879076
2437,2,20,pitch_jump,1.0,0.05591555350136849,17.184962255776107,81.22791813879076
2437,2,21,pitch_jump,1.0,0.08480477401480017,26.234939289146865,81.22791813879076
2439,2,19,pitch_jump,1.0,0.11729061419278512,13.024812438342478,81.29458036130924
2439,2,20,pitch_jump,1.0,0.0763945049673828,12.656843525912256,81.29458036130924
2440,2,8,pitch_jump,1.0,0.028829836666697615,18.305026053277434,81.3279114725685
2440,2,9,pitch_jump,1.0,0.1576102100600119,20.095131250511663,81.3279114725685
2440,2,18,pitch_jump,1.0,0.09775255766533482,15.9440316555613,81.3279114725685
2442,2,3,pitch_jump,1.0,0.0683975312335506,13.425303023866572,81.394573695087
2442,2,10,pitch_jump,1.0,0.06697203323886308,14.14648847832442,81.394573695087
2442,2,11,pitch_jump,1.0,0.10846742123623465,13.183150773352766,81.394573695087
2442,2,19,pitch_jump,1.0,0.09468246650225402,12.616927950285172,81.394573695087
2445,2,17,pitch_jump,1.0,0.0850496313161444,12.539474154582619,81.49456702886475
2445,2,18,pitch_jump,1.0,0.10273695822071022,26.67894559263002,81.49456702886475
2445,2,21,pitch_jump,1.0,0.10312489111789114,21.956623947992462,81.49456702886475
2447,2,18,pitch_jump,1.0,0.05174559618878505,20.78908632458894,81.56122925138324
2448,1,27,pitch_jump,1.0,0.1113779853526968,15.143639483012263,81.5945603626425
2448,2,2,pitch_jump,1.0,0.22981479118943632,16.130028291084,81.5945603626425
2448,2,3,pitch_jump,1.0,0.0993629959382512,17.421520524282986,81.5945603626425
2448,2,8,pitch_jump,1.0,0.0228032189336686,24.316764747250673,81.5945603626425
2448,2,10,pitch_jump,1.0,0.09615697924900389,12.28527016803859,81.5945603626425
2448,2,11,pitch_jump,1.0,0.12194639562492787,19.84015600495123,81.5945603626425
2448,2,13,pitch_jump,1.0,0.09182487936155286,12.188177893293869,81.5945603626425
2448,2,15,pitch_jump,1.0,0.09232247216425991,15.888211384555415,81.5945603626425
2448,2,17,pitch_jump,1.0,0.08866417889167642,19.606413546951693,81.5945603626425
2448,2,18,pitch_jump,1.0,0.10975791551807133,19.822930713388363,81.5945603626425
2448,2,19,pitch_jump,1.0,0.12940729927463895,17.862534315120378,81.5945603626425
2448,2,20,pitch_jump,1.0,0.08237856709511814,14.74024764010346,81.5945603626425
2448,2,21,pitch_jump,1.0,0.11774274913680473,22.81386284870398,81.5945603626425
2450,2,18,pitch_jump,1.0,0.061758658908689125,12.208908522947363,81.661222585161
2450,2,21,pitch_jump,1.0,0.062454500613993456,12.077057105269347,81.661222585161
2451,2,9,pitch_jump,1.0,0.164123448503627,13.543061048660167,81.69455369642024
2452,1,27,pitch_jump,1.0,0.12806235847984387,15.35091214314744,81.72788480767949
2452,2,2,pitch_jump,1.0,0.25068977361902434,17.297613627871044,81.72788480767949
2452,2,3,pitch_jump,1.0,0.09238000874902673,20.11005379270832,81.72788480767949
2452,2,8,pitch_jump,1.0,0.06962010230680246,12.556325763048898,81.72788480767949
2452,2,10,pitch_jump,1.0,0.09706971664274765,13.843664200656201,81.72788480767949
2452,2,11,pitch_jump,1.0,0.13774489863308,19.508682081618517,81.72788480767949
2452,2,14,pitch_jump,1.0,0.11976638400528752,29.97042559152681,81.72788480767949
2452,2,15,pitch_jump,1.0,0.10818467620670445,14.579740718916568,81.72788480767949
2452,2,18,pitch_jump,1.0,0.12419463626381143,14.108946842196417,81.72788480767949
2452,2,19,pitch_jump,1.0,0.13241237345627835,17.056904340249538,81.72788480767949
2452,2,20,pitch_jump,1.0,0.07132425693385075,15.2038955993747,81.72788480767949
2452,2,21,pitch_jump,1.0,0.14572994088685348,19.5620908995812,81.72788480767949
2453,2,9,pitch_jump,1.0,0.11454472803473197,15.919920173909162,81.76121591893875
2453,2,18,pitch_jump,1.0,0.06548001012119928,16.11626291865598,81.76121591893875
2455,1,27,pitch_jump,1.0,0.11569544222579295,12.485155035031926,81.82787814145723
2455,2,9,pitch_jump,1.0,0.1732726571562722,18.980084582400835,81.82787814145723
2455,2,18,pitch_jump,1.0,0.13032478922510024,13.668033623324702,81.82787814145723
2455,2,19,pitch_jump,1.0,0.14320046820439516,14.024473769617355,81.82787814145723
2456,2,8,pitch_jump,1.0,0.024003325415961677,17.45876610097631,81.86120925271649
2456,2,9,pitch_jump,1.0,0.11217160559339998,23.817932425142597,81.86120925271649
2456,2,16,pitch_jump,1.0,0.07767036614362378,23.930239722633093,81.86120925271649
2456,2,17,pitch_jump,1.0,0.040867511913828335,15.646628862317117,81.86120925271649
2456,2,18,pitch_jump,1.0,0.06877266548540024,22.28619940360675,81.86120925271649
2456,2,20,pitch_jump,1.0,0.029555474952368852,17.293661379732786,81.86120925271649
2456,2,21,pitch_jump,1.0,0.038240030628678666,25.383815138212217,81.86120925271649
2457,2,2,pitch_jump,1.0,0.24785690886261744,12.433687666936938,81.89454036397574
2457,2,3,pitch_jump,1.0,0.11344184943771349,13.173831112335554,81.89454036397574
2457,2,10,pitch_jump,1.0,0.10236364272012044,12.334826315537923,81.89454036397574
2457,2,11,pitch_jump,1.0,0.12881587986799237,13.525994994115162,81.89454036397574
2457,2,13,pitch_jump,1.0,0.10257767446423005,12.749890206984343,81.89454036397574
2457,2,16,pitch_jump,1.0,0.15417791116901372,26.808155037772615,81.89454036397574
2457,2,18,pitch_jump,1.0,0.11043250072109002,36.924798453828664,81.89454036397574
2457,2,20,pitch_jump,1.0,0.08390909428088336,20.36430424819209,81.89454036397574
2457,2,21,pitch_jump,1.0,0.1086429506354263,22.081811846403138,81.89454036397574
2458,2,8,pitch_jump,1.0,0.014696747648204866,19.41165788254506,81.927871475235
2458,2,16,pitch_jump,1.0,0.15474823304987387,14.403610442806144,81.927871475235
2458,2,17,pitch_jump,1.0,0.08906018465797219,12.480203761874662,81.927871475235
2458,2,18,pitch_jump,1.0,0.09957613262061378,22.59185993355897,81.927871475235
2458,2,21,pitch_jump,1.0,0.12395386443059549,16.162295243028495,81.927871475235
2459,2,8,pitch_jump,1.0,0.022375816576214402,14.922701230274939,81.96120258649424
2459,2,9,pitch_jump,1.0,0.08552198321168435,13.470656755755096,81.96120258649424
2459,2,16,pitch_jump,1.0,0.0778696167794878,16.491079430713768,81.96120258649424
2459,2,17,pitch_jump,1.0,0.04563345474275449,13.625417883191012,81.96120258649424
2459,2,18,pitch_jump,1.0,0.05258092709128096,13.378643362500636,81.96120258649424
2459,2,21,pitch_jump,1.0,0.04317991044863821,15.71351516637422,81.96120258649424
2460,2,8,pitch_jump,1.0,0.0382203016527435,20.997904716313634,81.99453369775348
2460,2,9,pitch_jump,1.0,0.14957191501559536,33.8363862899468,81.99453369775348
2460,2,16,pitch_jump,1.0,0.16412913497393047,30.009567003790515,81.99453369775348
2460,2,18,pitch_jump,1.0,0.10502015501204597,31.77375501878491,81.99453369775348
2460,2,20,pitch_jump,1.0,0.08977971403411157,12.732844771703089,81.99453369775348
2460,2,21,pitch_jump,1.0,0.12591379787485954,20.052609635287137,81.99453369775348
2461,2,16,pitch_jump,1.0,0.16470878322279792,25.03779857810333,82.02786480901274
2462,2,16,pitch_jump,1.0,0.07177680501740485,19.886840906728786,82.06119592027198
2463,1,27,pitch_jump,1.0,0.09838354557245742,13.791288139798704,82.09452703153123
2463,2,2,pitch_jump,1.0,0.1533255129249603,15.188112655313763,82.09452703153123
2463,2,3,pitch_jump,1.0,0.070595195926864,16.969748347091937,82.09452703153123
2463,2,8,pitch_jump,1.0,0.05841077644462151,19.475101709172584,82.09452703153123
2463,2,9,pitch_jump,2.0,0.1430707504385822,16.147370179639662,82.09452703153123
2463,2,10,pitch_jump,1.0,0.08280694531046266,19.961247189126862,82.09452703153123
2463,2,11,pitch_jump,1.0,0.11209064576697804,27.5078587391008,82.09452703153123
2463,2,13,pitch_jump,1.0,0.07114488549165349,12.813462576995548,82.09452703153123
2463,2,15,pitch_jump,1.0,0.08175663767399563,17.571371133113608,82.09452703153123
2463,2,16,pitch_jump,1.0,0.16833125070569516,44.22905912520021,82.09452703153123
2463,2,17,pitch_jump,1.0,0.08850559542224092,19.501918788167593,82.09452703153123
2463,2,18,pitch_jump,1.0,0.1125529892761028,33.75849644716728,82.09452703153123
2463,2,19,pitch_jump,1.0,0.10770581982611616,23.056866058108728,82.09452703153123
2463,2,20,pitch_jump,1.0,0.07192678203044554,21.987912273660132,82.09452703153123
2463,2,21,pitch_jump,1.0,0.12410184636324662,32.60190696451466,82.09452703153123
2465,2,2,pitch_jump,1.0,0.12240615257645837,26.067390451274424,82.16118925404973
2465,2,8,pitch_jump,1.0,0.022547187388137102,14.049558096239084,82.16118925404973
2465,2,14,pitch_jump,1.0,0.0612809945355085,19.659716309232756,82.16118925404973
2465,2,16,pitch_jump,1.0,0.07267749837273364,13.400171929726252,82.16118925404973
2465,2,18,pitch_jump,1.0,0.05574253299094367,17.51639409240538,82.16118925404973
2465,2,21,pitch_jump,1.0,0.051301153451147594,14.866054240115226,82.16118925404973
2466,2,14,pitch_jump,1.0,0.06576697365771988,12.822719848521041,82.19452036530899
2467,2,2,pitch_jump,1.0,0.26379664105122463,27.488785931149113,82.22785147656823
2467,2,3,pitch_jump,1.0,0.0699157910673244,24.375667307106365,82.22785147656823
2467,2,8,pitch_jump,1.0,0.011067469550896712,22.966610769924305,82.22785147656823
2467,2,10,pitch_jump,1.0,0.06895536899454159,22.906047205801613,82.22785147656823
2467,2,11,pitch_jump,1.0,0.10010923534073164,23.677130441533453,82.22785147656823
2467,2,13,pitch_jump,1.0,0.06566490400867313,21.42663375358015,82.22785147656823
2467,2,14,pitch_jump,1.0,0.011102174492564853,18.775211032636182,82.22785147656823
2467,2,15,pitch_jump,1.0,0.05984282991926653,25.443300283508727,82.22785147656823
2467,2,16,pitch_jump,1.0,0.1392799192339252,21.344663826633937,82.22785147656823
2467,2,17,pitch_jump,1.0,0.07212922044672267,26.03757826210089,82.22785147656823
2467,2,18,pitch_jump,1.0,0.09947868076713622,13.749205429986478,82.22785147656823
2467,2,19,pitch_jump,1.0,0.10314210644937213,23.048578431735134,82.22785147656823
2467,2,20,pitch_jump,1.0,0.05478988641259856,19.025061646891583,82.22785147656823
2467,2,21,pitch_jump,1.0,0.09475303300690345,17.592732320770804,82.22785147656823
2468,2,2,pitch_jump,1.0,0.1475779356159705,18.106210035600494,82.26118258782748
2468,2,21,pitch_jump,1.0,0.041120195126921825,12.287234465187987,82.26118258782748
2469,2,8,pitch_jump,1.0,0.0009016257371622239,12.346248972969235,82.29451369908674
2469,2,9,pitch_jump,1.0,0.13982103055616754,15.476823719248618,82.29451369908674
2469,2,14,pitch_jump,1.0,0.029502076592004812,13.75724817092147,82.29451369908674
2469,2,18,pitch_jump,1.0,0.0975122065742743,13.826968707225545,82.29451369908674
2470,1,27,pitch_jump,1.0,0.060618214062310244,13.230024549805531,82.32784481034598
2470,2,2,pitch_jump,1.0,0.15106972967482815,12.000602997785508,82.32784481034598
2470,2,3,pitch_jump,1.0,0.03377382220966835,16.44117208412473,82.32784481034598
2470,2,8,pitch_jump,1.0,0.013570905223281042,17.07163412787834,82.32784481034598
2470,2,10,pitch_jump,1.0,0.039452387108805526,15.654620694732543,82.32784481034598
2470,2,11,pitch_jump,1.0,0.08006350034707527,13.689026764494761,82.32784481034598
2470,2,14,pitch_jump,1.0,0.050706492171675284,13.434624031853394,82.32784481034598
2470,2,16,pitch_jump,1.0,0.16330440334098992,23.48296231865018,82.32784481034598
2470,2,17,pitch_jump,1.0,0.060397260058971836,15.43470127446763,82.32784481034598
2470,2,18,pitch_jump,1.0,0.09580019346323321,16.195717201284506,82.32784481034598
2470,2,19,pitch_jump,1.0,0.08748294623086403,12.111506108247704,82.32784481034598
2470,2,21,pitch_jump,1.0,0.08195413130998876,17.79667615264729,82.32784481034598
2471,1,27,pitch_jump,1.0,0.03477664951875804,20.544984175355605,82.36117592160522
2471,2,2,pitch_jump,1.0,0.09334251649447238,22.159722461031404,82.36117592160522
2471,2,3,pitch_jump,1.0,0.01990664214251212,17.309993875399762,82.36117592160522
2471,2,9,pitch_jump,1.0,0.098041163971981,13.308229084813076,82.36117592160522
2471,2,10,pitch_jump,1.0,0.012619665046782193,14.645377035307481,82.36117592160522
2471,2,11,pitch_jump,1.0,0.03745814191776959,15.52861259926936,82.36117592160522
2471,2,13,pitch_jump,1.0,0.02383764001494878,18.146119136728093,82.36117592160522
2471,2,15,pitch_jump,1.0,0.0263977929923579,19.339781389746378,82.36117592160522
2471,2,17,pitch_jump,1.0,0.031795181691505504,14.040193102047725,82.36117592160522
2471,2,19,pitch_jump,1.0,0.03501232368219901,15.591959579948758,82.36117592160522
2472,1,27,pitch_jump,1.0,0.05779972224469056,13.148230181771705,82.39450703286448
2472,2,2,pitch_jump,1.0,0.1454087108417598,14.116285569417244,82.39450703286448
2472,2,3,pitch_jump,1.0,0.024239717009043153,22.108949593431348,82.39450703286448
2472,2,4,pitch_jump,1.0,0.1052063070562762,27.383928595071648,82.39450703286448
2472,2,10,pitch_jump,1.0,0.043466956090870444,13.108965024987455,82.39450703286448
2472,2,11,pitch_jump,1.0,0.07319852432816663,20.76366790096536,82.39450703286448
2472,2,13,pitch_jump,1.0,0.04532524966341747,12.800458797419482,82.39450703286448
2472,2,15,pitch_jump,1.0,0.042474134680421397,16.113655601808496,82.39450703286448
2472,2,16,pitch_jump,1.0,0.132305938031543,23.4278307116635,82.39450703286448
2472,2,19,pitch_jump,1.0,0.07297098871560448,18.801356409494456,82.39450703286448
2473,2,2,pitch_jump,1.0,0.12025860697406458,15.932072678749481,82.42783814412373
2473,2,3,pitch_jump,1.0,0.045496402134989296,17.357072943699652,82.42783814412373
2473,2,4,pitch_jump,1.0,0.13400588531674953,30.274125360379458,82.42783814412373
2473,2,8,pitch_jump,1.0,0.06542357632157225,22.729539512376814,82.42783814412373
2473,2,10,pitch_jump,1.0,0.028708692631293775,15.805872932498671,82.42783814412373
2473,2,11,pitch_jump,1.0,0.08103424493256596,18.061517832395594,82.42783814412373
2473,2,13,pitch_jump,1.0,0.04306130958594103,17.469068064382586,82.42783814412373
2473,2,14,pitch_jump,1.0,0.08062446300854446,26.00590975235694,82.42783814412373
2473,2,15,pitch_jump,1.0,0.03406991056970436,14.583690653238968,82.42783814412373
2473,2,16,pitch_jump,1.0,0.11174172649398326,23.161443244679738,82.42783814412373
2473,2,17,pitch_jump,1.0,0.06636195575974185,18.521537177666865,82.42783814412373
2473,2,18,pitch_jump,1.0,0.07659396691825679,24.98695536564791,82.42783814412373
2473,2,19,pitch_jump,1.0,0.0760225697119406,20.405755600004618,82.42783814412373
2473,2,20,pitch_jump,1.0,0.04561551990857169,14.766606326126716,82.42783814412373
2473,2,21,pitch_jump,1.0,0.08609208749462184,26.458012770982286,82.42783814412373
2475,2,8,pitch_jump,1.0,0.035734544689868766,27.925989543932793,82.49450036664223
2475,2,14,pitch_jump,1.0,0.11554310002722191,16.117562104872963,82.49450036664223
2475,2,18,pitch_jump,1.0,0.07190518023634947,28.282036267080283,82.49450036664223
2475,2,20,pitch_jump,1.0,0.04253492983113517,17.044704620194864,82.49450036664223
2475,2,21,pitch_jump,1.0,0.0659389470455201,22.98451899515127,82.49450036664223
2476,2,7,pitch_jump,1.0,0.10315344509574381,75.09106903819489,82.52783147790147
2476,2,8,pitch_jump,1.0,0.04205843863849026,30.2269161995741,82.52783147790147
2476,2,9,pitch_jump,1.0,0.17396909986142328,95.01820003488987,82.52783147790147
2476,2,14,pitch_jump,1.0,0.09217772673793886,92.90985992840272,82.52783147790147
2476,2,16,pitch_jump,1.0,0.11544852620692415,54.2526616353761,82.52783147790147
2476,2,18,pitch_jump,1.0,0.07034428539819863,89.00204883310988,82.52783147790147
2476,2,20,pitch_jump,1.0,0.04223456255455516,26.17109050693879,82.52783147790147
2476,2,21,pitch_jump,1.0,0.05690400052478531,38.91022198890613,82.52783147790147
2477,2,8,pitch_jump,1.0,0.026398418316875776,47.993653692540654,82.56116258916073
2477,2,9,pitch_jump,1.0,0.07150416750765752,98.35875156493037,82.56116258916073
2477,2,13,pitch_jump,1.0,0.017477499243236255,12.465712972345356,82.56116258916073
2477,2,14,pitch_jump,1.0,0.04640206261937028,86.23991726598605,82.56116258916073
2477,2,16,pitch_jump,1.0,0.05305038074946628,85.96975085584617,82.56116258916073
2477,2,18,pitch_jump,1.0,0.03368951462577245,102.04447552557312,82.56116258916073
2477,2,20,pitch_jump,1.0,0.016171093115301693,31.23051627966929,82.56116258916073
2477,2,21,pitch_jump,1.0,0.02241982401518483,55.89457076028341,82.56116258916073
2478,2,8,pitch_jump,1.0,0.0324226966432285,42.796621679878136,82.59449370041997
2478,2,9,pitch_jump,1.0,0.09366116164754187,110.94347970595173,82.59449370041997
2478,2,13,pitch_jump,1.0,0.02396184142681261,12.044660687477764,82.59449370041997
2478,2,14,pitch_jump,1.0,0.08214350686295961,105.64089535928244,82.59449370041997
2478,2,16,pitch_jump,1.0,0.12142246404866087,94.12821575010634,82.59449370041997
2478,2,18,pitch_jump,1.0,0.07066651737292852,114.22633299082251,82.59449370041997
2478,2,20,pitch_jump,1.0,0.0269253170480903,29.864902692761625,82.59449370041997
2478,2,21,pitch_jump,1.0,0.06366679350600798,58.85360320918365,82.59449370041997
2479,1,27,pitch_jump,1.0,0.02979427674044598,12.744446002284777,82.62782481167922
2479,2,2,pitch_jump,1.0,0.08521285488819284,13.645998035171365,82.62782481167922
2479,2,8,pitch_jump,1.0,0.03308355326269194,40.27451478501151,82.62782481167922
2479,2,9,pitch_jump,1.0,0.13059040523926618,69.14535351017093,82.62782481167922
2479,2,14,pitch_jump,1.0,0.06409201413559684,59.60192335283237,82.62782481167922
2479,2,16,pitch_jump,1.0,0.12202811939286866,49.92098413955963,82.62782481167922
2479,2,17,pitch_jump,1.0,0.03718166796056513,16.6769975135913,82.62782481167922
2479,2,18,pitch_jump,1.0,0.06284959169717112,73.56333120495334,82.62782481167922
2479,2,20,pitch_jump,1.0,0.02570138103212366,27.556345169336783,82.62782481167922
2479,2,21,pitch_jump,1.0,0.06259696108729847,41.43918614695467,82.62782481167922
2480,2,7,pitch_jump,2.0,0.07673264489865163,46.435447024072225,82.66115592293848
2480,2,16,pitch_jump,1.0,0.04581388631097602,14.465381869483744,82.66115592293848
2480,2,18,pitch_jump,1.0,0.030011592443471524,13.59487050388533,82.66115592293848
2480,2,21,pitch_jump,1.0,0.029419497481852432,13.796491705209625,82.66115592293848
2481,2,7,pitch_jump,1.0,0.11560466511160968,106.41736794045956,82.69448703419772
2481,2,8,pitch_jump,1.0,0.021887381563843136,53.84728897469441,82.69448703419772
2481,2,9,pitch_jump,1.0,0.10966934578791447,107.32867010522546,82.69448703419772
2481,2,10,pitch_jump,1.0,0.010675077384695966,13.139444302219859,82.69448703419772
2481,2,14,pitch_jump,1.0,0.07664801644945603,105.16193515259208,82.69448703419772
2481,2,16,pitch_jump,1.0,0.11471492911898386,75.36456045355193,82.69448703419772
2481,2,17,pitch_jump,1.0,0.03283025130023164,13.194244817650887,82.69448703419772
2481,2,18,pitch_jump,1.0,0.06502041617192635,108.10589878016934,82.69448703419772
2481,2,20,pitch_jump,1.0,0.025251144025713133,40.21564858243245,82.69448703419772
2481,2,21,pitch_jump,1.0,0.07184318670517338,54.785334210726354,82.69448703419772
2482,2,8,pitch_jump,1.0,0.043723436221541366,24.915932580629804,82.72781814545698
2482,2,9,pitch_jump,1.0,0.10134900461243679,20.461873898550365,82.72781814545698
2482,2,13,pitch_jump,1.0,0.01977629911736883,12.681857305287357,82.72781814545698
2482,2,14,pitch_jump,1.0,0.059896604370617126,18.384488374420553,82.72781814545698
2482,2,17,pitch_jump,1.0,0.03475755094049435,15.548712679987343,82.72781814545698
2482,2,18,pitch_jump,1.0,0.0731059942783361,14.725699559629987,82.72781814545698
2484,2,6,pitch_jump,1.0,0.17898038892848656,17.365620071057897,82.79448036797547
2484,2,9,pitch_jump,1.0,0.0936995287449753,14.635968843786445,82.79448036797547
2484,2,14,pitch_jump,1.0,0.09035821533062868,17.444484658491486,82.79448036797547
2484,2,18,pitch_jump,1.0,0.09383363594853801,13.706225416712225,82.79448036797547
2485,2,2,pitch_jump,1.0,0.1267885154842798,12.590738890281036,82.82781147923473
2485,2,3,pitch_jump,1.0,0.006771390313942775,14.960420140467908,82.82781147923473
2485,2,6,pitch_jump,1.0,0.21546846844036005,17.063344673332935,82.82781147923473
2485,2,7,pitch_jump,1.0,0.13704141720182658,12.387946254079589,82.82781147923473
2485,2,8,pitch_jump,1.0,0.042417324709939315,19.142625080993586,82.82781147923473
2485,2,10,pitch_jump,1.0,0.034303127432354065,13.356892207666098,82.82781147923473
2485,2,13,pitch_jump,1.0,0.027810371657716933,13.114553442755716,82.82781147923473
2485,2,15,pitch_jump,1.0,0.029028793473764074,14.819883286948265,82.82781147923473
2485,2,17,pitch_jump,1.0,0.03673607065506918,12.43604483432486,82.82781147923473
2485,2,19,pitch_jump,1.0,0.06595194839972059,15.739406855087287,82.82781147923473
2485,2,20,pitch_jump,1.0,0.04503047034601472,17.550027774430102,82.82781147923473
2485,2,21,pitch_jump,1.0,0.08473663162039907,15.324941339479235,82.82781147923473
2486,2,14,pitch_jump,1.0,0.10577877033323688,14.135297979294018,82.86114259049397
2486,2,16,pitch_jump,1.0,0.03667876819093395,12.494117519099147,82.86114259049397
2487,1,27,pitch_jump,1.0,0.04029035948176093,12.379821769702545,82.89447370175321
2487,2,6,pitch_jump,1.0,0.16633585108764753,15.975935256865526,82.89447370175321
2487,2,7,pitch_jump,1.0,0.1562560247201051,17.266137531962393,82.89447370175321
2487,2,16,pitch_jump,1.0,0.09811264293000235,14.229866884548366,82.89447370175321
2487,2,21,pitch_jump,1.0,0.06769428290944825,13.50466372784323,82.89447370175321
2488,2,6,pitch_jump,1.0,0.16253996359178313,22.675724280692332,82.92780481301247
2488,2,7,pitch_jump,1.0,0.13475827436511892,15.738650660887647,82.92780481301247
2488,2,9,pitch_jump,1.0,0.09101494979363445,21.46337787269768,82.92780481301247
2488,2,14,pitch_jump,1.0,0.04015741557749282,16.86265732332273,82.92780481301247
2488,2,18,pitch_jump,1.0,0.08600053836245446,15.95734266537912,82.92780481301247
2490,2,2,pitch_jump,1.0,0.1297820887994569,12.674725676218609,82.99446703553097
2490,2,3,pitch_jump,1.0,0.04457631912638221,17.421817087956917,82.99446703553097
2490,2,10,pitch_jump,1.0,0.01535720779611407,13.725369586331103,82.99446703553097
2490,2,11,pitch_jump,1.0,0.07658843203295113,16.247678511023345,82.99446703553097
2490,2,13,pitch_jump,1.0,0.037480787379691766,12.05464421624188,82.99446703553097
2490,2,15,pitch_jump,1.0,0.0385642660193739,14.494882671742126,82.99446703553097
2490,2,16,pitch_jump,1.0,0.13546633893673418,16.883056036181415,82.99446703553097
2490,2,17,pitch_jump,1.0,0.05196718483331213,15.569520438653132,82.99446703553097
2491,2,6,pitch_jump,1.0,0.1730188625979187,13.186219540119733,83.02779814679022
2491,2,9,pitch_jump,1.0,0.03618689141051774,13.099193066757557,83.02779814679022
2491,2,14,pitch_jump,1.0,0.03649467814977225,13.74809432078573,83.02779814679022
2492,1,27,pitch_jump,1.0,0.03423602129368915,15.28530492024071,83.06112925804946
2492,2,3,pitch_jump,1.0,0.03398622618473845,18.277147708167718,83.06112925804946
2492,2,7,pitch_jump,1.0,0.05478402198718363,13.204138803221094,83.06112925804946
2492,2,8,pitch_jump,1.0,0.06410248178249277,13.08320971720211,83.06112925804946
2492,2,10,pitch_jump,1.0,0.024780254177645563,18.300684404182316,83.06112925804946
2492,2,11,pitch_jump,1.0,0.03333121041468617,16.607454569382266,83.06112925804946
2492,2,13,pitch_jump,1.0,0.026138894742670112,15.694387146190502,83.06112925804946
2492,2,15,pitch_jump,1.0,0.029348322287317836,18.850705008884635,83.06112925804946
2492,2,16,pitch_jump,1.0,0.05586637086886929,14.09787283482293,83.06112925804946
2492,2,17,pitch_jump,1.0,0.03434408021918705,13.997583167980048,83.06112925804946
2492,2,19,pitch_jump,1.0,0.04210387000681226,18.02959570808804,83.06112925804946
2493,2,6,pitch_jump,1.0,0.19234767314009943,14.506843717551137,83.09446036930872
2493,2,7,pitch_jump,1.0,0.12343362184403729,18.66095668380082,83.09446036930872
2493,2,8,pitch_jump,1.0,0.10076344963940098,18.77725850375173,83.09446036930872
2493,2,16,pitch_jump,1.0,0.14388666656954457,15.284704235172429,83.09446036930872
2494,2,7,pitch_jump,1.0,0.11252969988540354,13.048920098357868,83.12779148056796
2494,2,16,pitch_jump,1.0,0.13068218372340953,12.021973300154334,83.12779148056796
2495,2,6,pitch_jump,1.0,0.10527743429211378,12.811996315303439,83.16112259182721
2495,2,9,pitch_jump,1.0,0.007466661702838605,12.371304922223285,83.16112259182721
2495,2,14,pitch_jump,1.0,0.021033593871586195,13.089923625333473,83.16112259182721
2496,2,8,pitch_jump,1.0,0.08945910737081511,12.52946719298393,83.19445370308647
2497,2,7,pitch_jump,1.0,0.10196559925228812,15.72938423533929,83.22778481434571
2497,2,21,pitch_jump,1.0,0.11995423215043033,13.43169604912788,83.22778481434571
2499,2,2,pitch_jump,1.0,0.09019360346843856,14.805127050269846,83.29444703686421
2499,2,7,pitch_jump,1.0,0.1575895633625416,12.023797649998883,83.29444703686421
2499,2,19,pitch_jump,1.0,0.07040386967277452,12.596117541104231,83.29444703686421
2500,2,8,pitch_jump,1.0,0.11671093830808603,14.846485437754856,83.32777814812346
2500,2,14,pitch_jump,1.0,0.15277207521859132,12.266586190884723,83.32777814812346
2501,2,3,pitch_jump,1.0,0.02383286981459206,12.0885522483874,83.36110925938272
2501,2,7,pitch_jump,1.0,0.05210154752013041,17.709534059096775,83.36110925938272
2501,2,8,pitch_jump,1.0,0.09481996773719245,13.479118120644952,83.36110925938272
2502,2,6,pitch_jump,1.0,0.17534971871954913,18.50042689460252,83.39444037064196
2502,2,7,pitch_jump,1.0,0.09449837956476641,21.288846731746435,83.39444037064196
2502,2,8,pitch_jump,1.0,0.116539578968955,17.7760834056477,83.39444037064196
2502,2,17,pitch_jump,1.0,0.03339268614132577,12.106535158543421,83.39444037064196
2503,2,3,pitch_jump,1.0,0.04887637479681749,12.623309856892071,83.4277714819012
2503,2,8,pitch_jump,1.0,0.12256239824256229,12.010992345306605,83.4277714819012
2505,1,27,pitch_jump,1.0,0.03032613660410948,19.13440237716299,83.4944337044197
2505,2,2,pitch_jump,1.0,0.06754471306674163,21.07608842968857,83.4944337044197
2505,2,3,pitch_jump,1.0,0.003947103571806882,16.057490234295326,83.4944337044197
2505,2,8,pitch_jump,1.0,0.05642411441848194,14.183060754867228,83.4944337044197
2505,2,10,pitch_jump,1.0,0.006540501589117975,15.078684079497403,83.4944337044197
2505,2,11,pitch_jump,1.0,0.05071290405020779,13.562099756044198,83.4944337044197
2505,2,13,pitch_jump,1.0,0.017966050822744467,13.820303507128905,83.4944337044197
2505,2,14,pitch_jump,1.0,0.11718790307284173,13.585790189504705,83.4944337044197
2505,2,15,pitch_jump,1.0,0.037245286046011135,14.169895059434898,83.4944337044197
2505,2,17,pitch_jump,1.0,0.035104446345232646,14.2271390598961,83.4944337044197
2505,2,19,pitch_jump,1.0,0.06314843159515049,13.679698144919568,83.4944337044197
2505,2,20,pitch_jump,1.0,0.026805560009447522,12.289402006739953,83.4944337044197
2505,2,21,pitch_jump,1.0,0.05131603423320034,15.963909460712289,83.4944337044197
2506,2,19,pitch_jump,1.0,0.05480535065338725,12.161856775965681,83.52776481567896
2507,2,7,pitch_jump,1.0,0.024675923488585928,14.167496855246647,83.56109592693821
2508,2,2,pitch_jump,1.0,0.06796316964411835,12.441891452103453,83.59442703819745
2508,2,8,pitch_jump,1.0,0.16669242420144476,16.579179510389878,83.59442703819745
2508,2,15,pitch_jump,1.0,0.016599772895315747,12.179916157487686,83.59442703819745
2509,2,6,pitch_jump,1.0,0.0950029114226079,12.178724456996079,83.62775814945671
2509,2,7,pitch_jump,1.0,0.08604015933914005,16.12010201453505,83.62775814945671
2510,2,14,pitch_jump,1.0,0.09551531392656924,13.869431019230143,83.66108926071595
2511,2,8,pitch_jump,1.0,0.15072352221247762,14.790838968897676,83.6944203719752
2512,2,6,pitch_jump,1.0,0.10221449535279006,13.73843780886008,83.72775148323446
2513,2,6,pitch_jump,1.0,0.06497216098485581,12.739423318895977,83.7610825944937
2515,2,7,pitch_jump,1.0,0.03859689731505502,14.569171820514242,83.8277448170122
2515,2,16,pitch_jump,1.0,0.074448873333271,12.887049870626928,83.8277448170122
2516,1,27,pitch_jump,1.0,0.02936471238557698,13.581127021501294,83.86107592827145
2516,2,11,pitch_jump,1.0,0.05818447582217589,12.46785928842091,83.86107592827145
2516,2,13,pitch_jump,1.0,0.023050589921621616,12.678123281507323,83.86107592827145
2516,2,17,pitch_jump,1.0,0.024098182807370572,12.473986214396247,83.86107592827145
2517,2,8,pitch_jump,1.0,0.1283900169691257,15.83595000824884,83.8944070395307
2517,2,9,pitch_jump,1.0,0.1272455618825056,15.487196338710241,83.8944070395307
2517,2,11,pitch_jump,1.0,0.06214328687841352,17.002896753913685,83.8944070395307
2517,2,14,pitch_jump,1.0,0.07698489673452277,15.43527218058411,83.8944070395307
2518,2,4,pitch_jump,1.0,0.030229476386920032,13.02896266074546,83.92773815078995
2518,2,6,pitch_jump,1.0,0.09410946464821705,16.73410735551297,83.92773815078995
2518,2,8,pitch_jump,1.0,0.16766082097068652,13.408744561512497,83.92773815078995
2518,2,9,pitch_jump,1.0,0.0485413271574771,13.099769457252481,83.92773815078995
2518,2,11,pitch_jump,1.0,0.10070734841736449,18.0860981887525,83.92773815078995
2519,2,7,pitch_jump,1.0,0.034249475250595525,13.573751484717658,83.9610692620492
2520,2,14,pitch_jump,1.0,0.2853732042763215,18.858614853303457,83.99440037330845
2521,2,2,pitch_jump,1.0,0.07066186516373955,13.183455765598387,84.0277314845677
2521,2,11,pitch_jump,1.0,0.09016054723975826,15.723685008332769,84.0277314845677
2522,2,9,pitch_jump,1.0,0.1070580109011271,12.363917292643679,84.06106259582695
2523,2,8,pitch_jump,1.0,0.13954980593517324,15.498458202868395,84.0943937070862
2524,1,27,pitch_jump,1.0,0.06568711113542515,12.687484508049499,84.12772481834544
2524,2,14,pitch_jump,1.0,0.21544765972881577,16.486650081789353,84.12772481834544
2526,2,2,pitch_jump,1.0,0.07793970311499859,12.482455983087245,84.19438704086394
2526,2,3,pitch_jump,1.0,0.03971450659982601,14.316295474768578,84.19438704086394
2526,2,4,pitch_jump,1.0,0.039729937922369556,12.268406496860798,84.19438704086394
2526,2,6,pitch_jump,1.0,0.07514843305513967,13.528269205986764,84.19438704086394
2526,2,7,pitch_jump,1.0,0.05883208902437958,12.583442972921716,84.19438704086394
2526,2,8,pitch_jump,1.0,0.16401581936467385,21.347641634620448,84.19438704086394
2526,2,9,pitch_jump,1.0,0.024715360928053338,13.815180541580283,84.19438704086394
2526,2,10,pitch_jump,1.0,0.04389982053427176,12.051324647557557,84.19438704086394
2526,2,11,pitch_jump,1.0,0.015357280748740857,17.05255545962665,84.19438704086394
2526,2,14,pitch_jump,1.0,0.16037087064382058,18.847333906570373,84.19438704086394
2526,2,15,pitch_jump,1.0,0.04708002234724068,12.906764573094003,84.19438704086394
2526,2,18,pitch_jump,1.0,0.051746892520775,13.289438437720793,84.19438704086394
2526,2,19,pitch_jump,1.0,0.07216718078384453,13.238957552757459,84.19438704086394
2526,2,21,pitch_jump,1.0,0.020460705062357254,14.51142873244167,84.19438704086394
2527,2,6,pitch_jump,1.0,0.10920451841051775,16.524294504436888,84.22771815212319
2528,2,11,pitch_jump,1.0,0.06098241802529311,17.40163679268347,84.26104926338245
2529,1,27,pitch_jump,1.0,0.09607878413062518,22.786480589565738,84.29438037464169
2529,2,2,pitch_jump,1.0,0.09774811671208382,16.817460436477713,84.29438037464169
2529,2,4,pitch_jump,1.0,0.04607708918908964,15.947140058203978,84.29438037464169
2529,2,6,pitch_jump,1.0,0.08657634954211275,13.32637906342124,84.29438037464169
2529,2,7,pitch_jump,1.0,0.10151935469176301,14.734883204821678,84.29438037464169
2529,2,9,pitch_jump,1.0,0.05922026958635215,14.328831152317791,84.29438037464169
2529,2,10,pitch_jump,1.0,0.06968317549678874,12.308804721346208,84.29438037464169
2529,2,11,pitch_jump,1.0,0.12178163343973097,28.234224197820012,84.29438037464169
2529,2,13,pitch_jump,1.0,0.06315895031728422,12.281041291111295,84.29438037464169
2529,2,15,pitch_jump,1.0,0.055060999184380066,13.691810055723165,84.29438037464169
2530,1,27,pitch_jump,1.0,0.08705444632058586,13.35620772141812,84.32771148590095
2530,2,4,pitch_jump,1.0,0.03526519399040924,12.927349894880447,84.32771148590095
2530,2,6,pitch_jump,1.0,0.05644078846007477,18.007152295529455,84.32771148590095
2530,2,9,pitch_jump,1.0,0.08461123902924625,14.745685337164574,84.32771148590095
2530,2,14,pitch_jump,1.0,0.13589590477929858,15.82238198090656,84.32771148590095
2531,1,27,pitch_jump,1.0,0.053016190568782345,27.95695734858955,84.36104259716019
2531,2,2,pitch_jump,1.0,0.061436227545298164,21.66425144626531,84.36104259716019
2531,2,3,pitch_jump,1.0,0.016739659023918992,16.15450673834375,84.36104259716019
2531,2,10,pitch_jump,1.0,0.03835164683084382,20.510148784165658,84.36104259716019
2531,2,11,pitch_jump,1.0,0.04411893025532316,13.822750842481828,84.36104259716019
2531,2,13,pitch_jump,1.0,0.030021780349106263,22.537112513691905,84.36104259716019
2531,2,14,pitch_jump,1.0,0.13846096042872377,12.795741583384476,84.36104259716019
2531,2,15,pitch_jump,1.0,0.036600131464544716,21.73439292794856,84.36104259716019
2531,2,17,pitch_jump,1.0,0.02269280658545219,16.33520727116421,84.36104259716019
2531,2,19,pitch_jump,1.0,0.0475321370241548,16.161857019231377,84.36104259716019
2532,2,3,pitch_jump,1.0,0.019799084864061428,23.450896832413683,84.39437370841944
2532,2,4,pitch_jump,1.0,0.06456013913295235,83.8573268437754,84.39437370841944
2532,2,6,pitch_jump,1.0,0.06669921439737099,72.92793210305929,84.39437370841944
2532,2,7,pitch_jump,1.0,0.09507564530202259,28.933915963651636,84.39437370841944
2532,2,8,pitch_jump,1.0,0.17887510461609796,97.65635683144191,84.39437370841944
2532,2,9,pitch_jump,1.0,0.11275632840947475,116.35442255075795,84.39437370841944
2532,2,10,pitch_jump,1.0,0.07750481575616577,37.33589086250953,84.39437370841944
2532,2,13,pitch_jump,1.0,0.0725587134201642,69.92317929028724,84.39437370841944
2532,2,14,pitch_jump,1.0,0.12417311919730074,114.62562352262293,84.39437370841944
2532,2,15,pitch_jump,1.0,0.08193528396389303,26.056841256525164,84.39437370841944
2532,2,16,pitch_jump,1.0,0.10409773470274375,31.30043090849435,84.39437370841944
2532,2,17,pitch_jump,1.0,0.05887128046124005,92.97810206384793,84.39437370841944
2532,2,18,pitch_jump,1.0,0.036644847877046104,71.43934449058378,84.39437370841944
2532,2,19,pitch_jump,1.0,0.10737054720445098,12.542945504811705,84.39437370841944
2532,2,20,pitch_jump,1.0,0.05683464591016311,77.01287735621788,84.39437370841944
2532,2,21,pitch_jump,1.0,0.061748584568913,29.562249815314143,84.39437370841944
2533,2,3,pitch_jump,1.0,0.036051810507113126,14.034366324102184,84.4277048196787
2533,2,4,pitch_jump,1.0,0.07593351757259117,15.7412901892372,84.4277048196787
2533,2,6,pitch_jump,1.0,0.08559787185621792,12.375144200564131,84.4277048196787
2533,2,8,pitch_jump,1.0,0.1883350851710694,29.205343547766848,84.4277048196787
2533,2,9,pitch_jump,1.0,0.07188971901820503,14.19611976207237,84.4277048196787
2533,2,13,pitch_jump,1.0,0.06112910250553074,16.740162440495524,84.4277048196787
2533,2,14,pitch_jump,1.0,0.058224742180213,20.7096615343053,84.4277048196787
2533,2,16,pitch_jump,1.0,0.06379305667611206,12.700205201115901,84.4277048196787
2533,2,17,pitch_jump,1.0,0.06630212796227317,21.774422787473217,84.4277048196787
2533,2,20,pitch_jump,1.0,0.029520662443872664,14.003484519078732,84.4277048196787
2534,2,4,pitch_jump,1.0,0.022494099166730046,19.525704654069905,84.46103593093794
2534,2,6,pitch_jump,1.0,0.012129159172175412,18.498107037361724,84.46103593093794
2534,2,8,pitch_jump,1.0,0.1484325901976872,18.01406769847995,84.46103593093794
2534,2,9,pitch_jump,1.0,0.046031239724187434,29.79308956417202,84.46103593093794
2534,2,13,pitch_jump,1.0,0.05337351348726844,13.437393345284612,84.46103593093794
2534,2,14,pitch_jump,1.0,0.0416999159400216,23.76366168833019,84.46103593093794
2534,2,17,pitch_jump,1.0,0.049822334415231,13.948498642746559,84.46103593093794
2534,2,18,pitch_jump,1.0,0.009248389242729705,18.652519452666482,84.46103593093794
2534,2,20,pitch_jump,1.0,0.0053235479311652765,15.694520068320934,84.46103593093794
2535,1,27,pitch_jump,1.0,0.1244423048817969,16.048121463164588,84.49436704219718
2535,2,2,pitch_jump,1.0,0.11650538774347065,17.826972208912057,84.49436704219718
2535,2,3,pitch_jump,1.0,0.11464077977682585,15.062661663525228,84.49436704219718
2535,2,6,pitch_jump,1.0,0.0911861567286747,12.260766933506918,84.49436704219718
2535,2,8,pitch_jump,1.0,0.058019334649905524,14.830456632031607,84.49436704219718
2535,2,9,pitch_jump,1.0,0.04895708084399484,15.812580495002914,84.49436704219718
2535,2,10,pitch_jump,1.0,0.0874657622018212,15.905946199032785,84.49436704219718
2535,2,13,pitch_jump,1.0,0.08774754917459036,21.249659160249394,84.49436704219718
2535,2,14,pitch_jump,1.0,0.03266089265749064,15.486037623479714,84.49436704219718
2535,2,15,pitch_jump,1.0,0.0735540540237656,17.81573401702471,84.49436704219718
2535,2,16,pitch_jump,1.0,0.10346035486447007,12.442718516212354,84.49436704219718
2535,2,17,pitch_jump,1.0,0.07429397801695797,18.4629469461685,84.49436704219718
2535,2,18,pitch_jump,1.0,0.05344348192916777,13.685499788918184,84.49436704219718
2535,2,19,pitch_jump,1.0,0.12938435714208968,13.471207860987407,84.49436704219718
2535,2,20,pitch_jump,1.0,0.03401018670669269,17.65418174205982,84.49436704219718
2536,1,27,pitch_jump,1.0,0.1776376344120321,18.629419814442773,84.52769815345644
2536,2,4,pitch_jump,1.0,0.021656951059880504,26.76773381041294,84.52769815345644
2536,2,6,pitch_jump,1.0,0.12798990261004908,28.23986757110691,84.52769815345644
2536,2,7,pitch_jump,1.0,0.14929942469351937,15.225290312734325,84.52769815345644
2536,2,8,pitch_jump,1.0,0.03139296685780694,29.796898697929674,84.52769815345644
2536,2,9,pitch_jump,1.0,0.06112697621811532,35.116499544508684,84.52769815345644
2536,2,10,pitch_jump,1.0,0.10222776814194531,14.550925776667507,84.52769815345644
2536,2,13,pitch_jump,1.0,0.12280209400961536,25.610433865984135,84.52769815345644
2536,2,14,pitch_jump,1.0,0.10399465611196905,24.90006193890356,84.52769815345644
2536,2,15,pitch_jump,1.0,0.12128018769548193,13.57901181665443,84.52769815345644
2536,2,16,pitch_jump,1.0,0.13161761659290167,15.716939422314605,84.52769815345644
2536,2,17,pitch_jump,1.0,0.11292223162292153,29.329918203182633,84.52769815345644
2536,2,18,pitch_jump,1.0,0.07333726065034482,15.706058339064988,84.52769815345644
2536,2,20,pitch_jump,1.0,0.0754952605314108,19.610281862053313,84.52769815345644
2536,2,21,pitch_jump,1.0,0.06010896531599745,15.51354524462424,84.52769815345644
2538,2,2,pitch_jump,1.0,0.16084537033429208,13.99208157003429,84.59436037597494
2538,2,7,pitch_jump,1.0,0.17358186822856594,13.052202750442419,84.59436037597494
2538,2,16,pitch_jump,1.0,0.14802637597828855,14.101206444963175,84.59436037597494
2539,2,4,pitch_jump,1.0,0.07423097840631995,23.290206813540873,84.62769148723419
2539,2,6,pitch_jump,1.0,0.07255206531744647,15.070385088283084,84.62769148723419
2539,2,7,pitch_jump,1.0,0.17179142400923847,20.947786016781883,84.62769148723419
2539,2,8,pitch_jump,1.0,0.11035762424788764,22.34761350661532,84.62769148723419
2539,2,9,pitch_jump,1.0,0.104965591305885,34.785336810184134,84.62769148723419
2539,2,13,pitch_jump,1.0,0.13474067968892298,20.666612027768934,84.62769148723419
2539,2,14,pitch_jump,1.0,0.081300855204316,25.242803040763302,84.62769148723419
2539,2,16,pitch_jump,1.0,0.19968544982017133,16.134959455074476,84.62769148723419
2539,2,17,pitch_jump,1.0,0.11090469673519492,29.52578649523159,84.62769148723419
2539,2,18,pitch_jump,1.0,0.1027270850505181,24.640068809445587,84.62769148723419
2539,2,20,pitch_jump,1.0,0.08200096331988305,20.364181297237167,84.62769148723419
2540,2,4,pitch_jump,1.0,0.03439890553260895,16.24914731415789,84.66102259849343
2540,2,6,pitch_jump,1.0,0.02941954748967644,14.996827098380459,84.66102259849343
2540,2,14,pitch_jump,1.0,0.0860227895505685,17.69968543770641,84.66102259849343
2541,1,27,pitch_jump,1.0,0.17584619988091446,32.6761059805086,84.69435370975269
2541,2,2,pitch_jump,1.0,0.1845073130731774,24.21596546017896,84.69435370975269
2541,2,4,pitch_jump,1.0,0.08799091748196604,13.062189992304841,84.69435370975269
2541,2,6,pitch_jump,1.0,0.047000019951278414,13.71137312009726,84.69435370975269
2541,2,7,pitch_jump,1.0,0.15930992674192415,46.92639085885892,84.69435370975269
2541,2,9,pitch_jump,1.0,0.07376295242463242,28.0783340244102,84.69435370975269
2541,2,14,pitch_jump,1.0,0.02838090430294517,24.770490246364776,84.69435370975269
2541,2,16,pitch_jump,1.0,0.20165454501304686,39.19971380786618,84.69435370975269
2541,2,17,pitch_jump,1.0,0.11406230384474443,22.236349247916564,84.69435370975269
2541,2,18,pitch_jump,1.0,0.07947942795362387,13.838722755143008,84.69435370975269
2541,2,19,pitch_jump,1.0,0.18045621313957955,13.383148677491418,84.69435370975269
2541,2,20,pitch_jump,1.0,0.09169458920126053,16.1447540543723,84.69435370975269
2542,2,2,pitch_jump,1.0,0.20634257705167294,12.154629573840554,84.72768482101193
2542,2,8,pitch_jump,1.0,0.09038635557794712,15.051879505012753,84.72768482101193
2542,2,11,pitch_jump,1.0,0.16225057910144824,18.229595450826253,84.72768482101193
2542,2,14,pitch_jump,1.0,0.0850068319557305,18.211239842845465,84.72768482101193
2544,2,2,pitch_jump,1.0,0.21685774959725695,12.073088907658544,84.79434704353044
2544,2,3,pitch_jump,1.0,0.13882529576934663,17.34239537057448,84.79434704353044
2544,2,4,pitch_jump,1.0,0.05633072806325097,17.665692550617454,84.79434704353044
2544,2,6,pitch_jump,1.0,0.1240265910058959,13.988344040658419,84.79434704353044
2544,2,8,pitch_jump,1.0,0.04438450379825011,18.203732244205558,84.79434704353044
2544,2,9,pitch_jump,1.0,0.043581803479601465,23.447897235658942,84.79434704353044
2544,2,10,pitch_jump,1.0,0.17934054725455612,15.51842591691345,84.79434704353044
2544,2,11,pitch_jump,1.0,0.2357021685299487,16.46953069007226,84.79434704353044
2544,2,13,pitch_jump,1.0,0.11262976499960785,17.41167719627297,84.79434704353044
2544,2,14,pitch_jump,1.0,0.06333198154243057,16.321406501229955,84.79434704353044
2544,2,15,pitch_jump,1.0,0.1672254653887144,14.901493624149845,84.79434704353044
2544,2,16,pitch_jump,1.0,0.22002283073359713,13.624752443319547,84.79434704353044
2544,2,17,pitch_jump,1.0,0.13830849686977417,20.60014187919084,84.79434704353044
2544,2,18,pitch_jump,1.0,0.12308852541867452,14.728296557723498,84.79434704353044
2544,2,19,pitch_jump,1.0,0.2164679536729511,12.894840666753657,84.79434704353044
2544,2,20,pitch_jump,1.0,0.10364000532116986,18.20069020308585,84.79434704353044
2544,2,21,pitch_jump,1.0,0.10636186405606742,18.24167070991729,84.79434704353044
2545,2,2,pitch_jump,1.0,0.22938266315115724,13.622725914193506,84.82767815478968
2545,2,3,pitch_jump,1.0,0.1630177191997774,15.770581557833399,84.82767815478968
2545,2,6,pitch_jump,1.0,0.1238358319351812,16.187565664920704,84.82767815478968
2545,2,7,pitch_jump,1.0,0.167345195518758,12.852150824938333,84.82767815478968
2545,2,8,pitch_jump,1.0,0.07992804328689773,17.04878904130614,84.82767815478968
2545,2,10,pitch_jump,1.0,0.18096671287892274,19.031377396525563,84.82767815478968
2545,2,11,pitch_jump,1.0,0.20992150843311266,13.719365017485977,84.82767815478968
2545,2,14,pitch_jump,1.0,0.033014935037127144,13.575465568164756,84.82767815478968
2545,2,15,pitch_jump,1.0,0.19162714225070612,17.425834988004436,84.82767815478968
2545,2,17,pitch_jump,1.0,0.13260737311187717,17.003016229645123,84.82767815478968
2545,2,18,pitch_jump,1.0,0.1392613967116014,18.58100178098447,84.82767815478968
2545,2,19,pitch_jump,1.0,0.21637960072048018,19.386476883871556,84.82767815478968
2545,2,20,pitch_jump,1.0,0.09317725992904015,17.93406163071178,84.82767815478968
2545,2,21,pitch_jump,1.0,0.10231612088499352,13.292130162852224,84.82767815478968
2546,2,4,pitch_jump,1.0,0.01494011114807171,16.495882912856604,84.86100926604894
2546,2,7,pitch_jump,1.0,0.0745284997630999,18.89276566903297,84.86100926604894
2546,2,8,pitch_jump,1.0,0.11368544202762201,22.37098368737526,84.86100926604894
2546,2,9,pitch_jump,1.0,0.09905170019209557,17.449050804745465,84.86100926604894
2546,2,14,pitch_jump,1.0,0.05885510809244734,15.382560681017528,84.86100926604894
2546,2,18,pitch_jump,1.0,0.07344433477593697,12.287423101318991,84.86100926604894
2546,2,21,pitch_jump,1.0,0.03654392464439972,15.114706830591283,84.86100926604894
2547,2,11,pitch_jump,1.0,0.21137458505695483,15.426472977945496,84.89434037730818
2547,2,14,pitch_jump,1.0,0.08998091026254618,12.221930133360159,84.89434037730818
2548,2,6,pitch_jump,1.0,0.0736514025240441,14.363209895306502,84.92767148856743
2548,2,14,pitch_jump,1.0,0.028604305947806892,15.107085254616822,84.92767148856743
2548,2,17,pitch_jump,1.0,0.15222606608970454,13.260240609981496,84.92767148856743
2549,1,27,pitch_jump,1.0,0.1380094904305427,23.028070542736767,84.96100259982668
2549,2,2,pitch_jump,1.0,0.11074425750687932,22.871449534271026,84.96100259982668
2549,2,3,pitch_jump,1.0,0.06980841499286526,17.625357438539424,84.96100259982668
2549,2,10,pitch_jump,1.0,0.08849184204402548,17.321166719514107,84.96100259982668
2549,2,11,pitch_jump,1.0,0.06945188525822554,20.35121663445333,84.96100259982668
2549,2,14,pitch_jump,1.0,0.062166274725394946,12.26449181886866,84.96100259982668
2549,2,15,pitch_jump,1.0,0.09520366620563381,19.111923405020246,84.96100259982668
2549,2,17,pitch_jump,1.0,0.07645721148470044,16.579014534881416,84.96100259982668
2549,2,19,pitch_jump,1.0,0.09741585121441389,19.145859329024987,84.96100259982668
2549,2,20,pitch_jump,1.0,0.048634151282022205,12.914348170147285,84.96100259982668
2550,2,9,pitch_jump,1.0,0.32276894010947166,12.96950708003432,84.99433371108593
2551,2,2,pitch_jump,1.0,0.23572212588797467,12.800940230208726,85.02766482234519
2551,2,3,pitch_jump,1.0,0.17316440751932297,12.156037508618937,85.02766482234519
2551,2,6,pitch_jump,1.0,0.05746812858054755,16.927180548869877,85.02766482234519
2551,2,8,pitch_jump,1.0,0.016263622154191117,13.57664261112475,85.02766482234519
2551,2,11,pitch_jump,1.0,0.18161546645872584,13.651145639743362,85.02766482234519
2551,2,14,pitch_jump,1.0,0.04733836607864492,12.42300101329007,85.02766482234519
2551,2,15,pitch_jump,1.0,0.20422799247134701,14.540756150083084,85.02766482234519
2551,2,18,pitch_jump,1.0,0.11284135092075624,12.77352332626833,85.02766482234519
2551,2,21,pitch_jump,1.0,0.1424220330510163,14.830746515464927,85.02766482234519
2552,2,4,pitch_jump,1.0,0.03616863228738024,19.384674062183223,85.06099593360443
2552,2,8,pitch_jump,1.0,0.01689430887820153,12.78937134431991,85.06099593360443
2552,2,9,pitch_jump,1.0,0.11582136289604845,14.399540148833625,85.06099593360443
2552,2,14,pitch_jump,1.0,0.007631158601166722,13.92756759431742,85.06099593360443
2553,2,7,pitch_jump,1.0,0.18523426254552053,13.916159153374599,85.09432704486368
2554,2,2,pitch_jump,1.0,0.24275856206794855,14.51696807392128,85.12765815612293
2554,2,3,pitch_jump,1.0,0.19491804873850388,15.677521023804944,85.12765815612293
2554,2,10,pitch_jump,1.0,0.17467199772839,12.713599799150394,85.12765815612293
2554,2,11,pitch_jump,1.0,0.2293497428506285,15.786991880906992,85.12765815612293
2554,2,15,pitch_jump,1.0,0.1919852004052328,17.04853505075355,85.12765815612293
2554,2,17,pitch_jump,1.0,0.14275399175842535,12.760324339853927,85.12765815612293
2554,2,19,pitch_jump,1.0,0.2345235232065055,15.507513428854345,85.12765815612293
2555,2,2,pitch_jump,1.0,0.10012345985338234,15.47146344900717,85.16098926738218
2555,2,11,pitch_jump,1.0,0.10021483025211356,13.65140625454093,85.16098926738218
2555,2,15,pitch_jump,1.0,0.09422895206596707,12.726472501535133,85.16098926738218
2555,2,21,pitch_jump,1.0,0.032746605983786856,12.195068790360274,85.16098926738218
2556,2,2,pitch_jump,1.0,0.2372211144823736,16.589576267430978,85.19432037864142
2556,2,4,pitch_jump,1.0,0.10957705048405668,12.475541274084879,85.19432037864142
2556,2,6,pitch_jump,1.0,0.06516778343261281,16.57795605399731,85.19432037864142
2556,2,11,pitch_jump,1.0,0.2116544065736178,12.38239391509757,85.19432037864142
2556,2,14,pitch_jump,1.0,0.07639886192707566,20.200336684452832,85.19432037864142
2556,2,15,pitch_jump,1.0,0.19623187636632594,23.204671653617204,85.19432037864142
2556,2,18,pitch_jump,1.0,0.1281101935240424,12.029282122327086,85.19432037864142
2556,2,21,pitch_jump,1.0,0.13696739979702344,13.074680936612129,85.19432037864142
2557,2,2,pitch_jump,1.0,0.23801190995978497,14.92460472117117,85.22765148990068
2557,2,6,pitch_jump,1.0,0.0221119241543424,12.939095071047259,85.22765148990068
2557,2,14,pitch_jump,1.0,0.07947223686891641,17.77583254447777,85.22765148990068
2557,2,15,pitch_jump,1.0,0.21613375967866358,17.37036992305443,85.22765148990068
2557,2,19,pitch_jump,1.0,0.25137459048113003,12.475676942973125,85.22765148990068
2558,2,9,pitch_jump,1.0,0.09219764548327372,13.391976011946907,85.26098260115992
2559,2,2,pitch_jump,1.0,0.21406385024750707,24.66672623573439,85.29431371241918
2559,2,3,pitch_jump,1.0,0.1929945414949741,22.708466209504458,85.29431371241918
2559,2,4,pitch_jump,1.0,0.13176080426288014,12.198701916661955,85.29431371241918
2559,2,6,pitch_jump,1.0,0.10282924854545203,14.886154494399493,85.29431371241918
2559,2,8,pitch_jump,1.0,0.048039880865164836,20.0714910607481,85.29431371241918
2559,2,9,pitch_jump,1.0,0.24572424745246446,16.605944048790665,85.29431371241918
2559,2,10,pitch_jump,1.0,0.2172989468961655,27.203596083310792,85.29431371241918
2559,2,11,pitch_jump,1.0,0.19626163197649057,22.71903288083923,85.29431371241918
2559,2,14,pitch_jump,1.0,0.034578509079223115,20.955910199472218,85.29431371241918
2559,2,15,pitch_jump,1.0,0.21279281535466701,26.07776113964977,85.29431371241918
2559,2,18,pitch_jump,1.0,0.14506468508166886,14.990046382886378,85.29431371241918
2559,2,19,pitch_jump,1.0,0.25257089804394256,22.597582861822602,85.29431371241918
2559,2,20,pitch_jump,1.0,0.1518263804526833,28.626162398293875,85.29431371241918
2559,2,21,pitch_jump,1.0,0.14596559705215764,13.002246546251868,85.29431371241918
2560,2,2,pitch_jump,1.0,0.2418475672643922,108.93422435152696,85.32764482367843
2560,2,3,pitch_jump,1.0,0.19157518735152174,82.7901031598768,85.32764482367843
2560,2,4,pitch_jump,1.0,0.16712408405424672,46.07745371222097,85.32764482367843
2560,2,5,pitch_jump,1.0,0.214703346782605,30.073314573547776,85.32764482367843
2560,2,6,pitch_jump,1.0,0.039804046188063,66.54969375796266,85.32764482367843
2560,2,7,pitch_jump,1.0,0.2428148484050299,32.40467946736256,85.32764482367843
2560,2,8,pitch_jump,1.0,0.04211837046625137,78.86656019761038,85.32764482367843
2560,2,9,pitch_jump,1.0,0.23094823373830445,89.50830410313313,85.32764482367843
2560,2,10,pitch_jump,1.0,0.2215408571122969,121.51510381728019,85.32764482367843
2560,2,11,pitch_jump,1.0,0.19796598016290445,62.04349852307057,85.32764482367843
2560,2,14,pitch_jump,1.0,0.036568209614418284,89.71593971901639,85.32764482367843
2560,2,15,pitch_jump,1.0,0.23621424579476297,119.08879163270113,85.32764482367843
2560,2,18,pitch_jump,1.0,0.1582527810436208,65.6937537109547,85.32764482367843
2560,2,19,pitch_jump,1.0,0.2509245813620091,97.39415694277425,85.32764482367843
2560,2,20,pitch_jump,1.0,0.12653251273958893,110.81910561662197,85.32764482367843
2560,2,21,pitch_jump,1.0,0.1250561008277998,34.5449003306462,85.32764482367843
2561,2,2,pitch_jump,1.0,0.13913586175787185,60.104660814418246,85.36097593493767
2561,2,3,pitch_jump,1.0,0.08492469869085359,49.00409638516393,85.36097593493767
2561,2,4,pitch_jump,1.0,0.08356644345110305,23.619116541613366,85.36097593493767
2561,2,5,pitch_jump,1.0,0.10545840776927938,13.912251915102326,85.36097593493767
2561,2,6,pitch_jump,1.0,0.046182490957743114,36.75243348787373,85.36097593493767
2561,2,8,pitch_jump,1.0,0.006065947625513932,42.37408608764697,85.36097593493767
2561,2,9,pitch_jump,1.0,0.1169052355106303,49.19101048464532,85.36097593493767
2561,2,10,pitch_jump,1.0,0.11175477198622656,70.87710951514201,85.36097593493767
2561,2,11,pitch_jump,1.0,0.10261113207150822,33.48512791006056,85.36097593493767
2561,2,14,pitch_jump,1.0,0.01584033401758591,47.865042101278284,85.36097593493767
2561,2,15,pitch_jump,1.0,0.1129396974203209,70.17624779629166,85.36097593493767
2561,2,18,pitch_jump,1.0,0.07449200329302298,40.76848785477293,85.36097593493767
2561,2,19,pitch_jump,1.0,0.13600359760726172,55.503867768654075,85.36097593493767
2561,2,20,pitch_jump,1.0,0.05058633155773307,66.07461692887249,85.36097593493767
2561,2,21,pitch_jump,1.0,0.05864983432804918,24.52399785038206,85.36097593493767
2562,2,2,pitch_jump,1.0,0.2682630225273548,76.51140521259875,85.39430704619693
2562,2,3,pitch_jump,1.0,0.22968167560975525,51.3322643077422,85.39430704619693
2562,2,4,pitch_jump,1.0,0.12114890271864054,20.807805308380825,85.39430704619693
2562,2,5,pitch_jump,1.0,0.22565572460118588,21.084881520128516,85.39430704619693
2562,2,6,pitch_jump,1.0,0.08939678307562221,19.071038696327214,85.39430704619693
2562,2,8,pitch_jump,1.0,0.0876375256315663,28.22531979849862,85.39430704619693
2562,2,9,pitch_jump,1.0,0.20762808004143782,32.43077537471246,85.39430704619693
2562,2,10,pitch_jump,1.0,0.20875861348212688,75.91953409968467,85.39430704619693
2562,2,11,pitch_jump,1.0,0.2438169641306229,38.13823899034459,85.39430704619693
2562,2,14,pitch_jump,1.0,0.08925584151429258,29.157151952630308,85.39430704619693
2562,2,15,pitch_jump,1.0,0.2393053968560424,76.96645744922728,85.39430704619693
2562,2,18,pitch_jump,1.0,0.16736539032532677,28.202196190495137,85.39430704619693
2562,2,19,pitch_jump,1.0,0.26155138117636795,67.70865044765178,85.39430704619693
2562,2,20,pitch_jump,1.0,0.14293525368798646,57.56163317517924,85.39430704619693
2563,2,2,pitch_jump,1.0,0.2560564909074491,66.2589758117734,85.42763815745617
2563,2,3,pitch_jump,1.0,0.23470982382655853,44.62061754165191,85.42763815745617
2563,2,5,pitch_jump,1.0,0.22905815338427443,24.94116441430807,85.42763815745617
2563,2,6,pitch_jump,1.0,0.1765256882800963,34.695093227919365,85.42763815745617
2563,2,8,pitch_jump,1.0,0.06872862321935573,21.71132781486125,85.42763815745617
2563,2,9,pitch_jump,1.0,0.18256488852414637,29.54582952935534,85.42763815745617
2563,2,10,pitch_jump,1.0,0.22942087147239504,64.79597611162188,85.42763815745617
2563,2,11,pitch_jump,1.0,0.21983678928158099,33.5776052241595,85.42763815745617
2563,2,14,pitch_jump,1.0,0.09731649495544885,21.486007373542126,85.42763815745617
2563,2,15,pitch_jump,1.0,0.2533797210370272,76.4294715285009,85.42763815745617
2563,2,18,pitch_jump,1.0,0.15915780945617308,24.05621279980831,85.42763815745617
2563,2,19,pitch_jump,1.0,0.24812946099751215,55.88012299076915,85.42763815745617
2563,2,20,pitch_jump,1.0,0.1417987679495852,49.97357259281009,85.42763815745617
2564,2,22,pitch_jump,1.0,0.15997818003149983,13.545052553708102,85.46096926871542
2565,2,2,pitch_jump,1.0,0.26665508400425586,40.28660899951488,85.49430037997467
2565,2,3,pitch_jump,1.0,0.20416046392221227,21.78781680753789,85.49430037997467
2565,2,4,pitch_jump,1.0,0.09550739378081298,37.36425724451093,85.49430037997467
2565,2,5,pitch_jump,1.0,0.21643030774932154,27.08279876245904,85.49430037997467
2565,2,6,pitch_jump,1.0,0.11508344664320237,36.04604733109541,85.49430037997467
2565,2,7,pitch_jump,1.0,0.22352854885681828,25.071851631566982,85.49430037997467
2565,2,8,pitch_jump,1.0,0.08893154490828738,41.42072262024424,85.49430037997467
2565,2,9,pitch_jump,1.0,0.17468342145078755,40.50683864753519,85.49430037997467
2565,2,10,pitch_jump,1.0,0.19235251673493367,42.24604030999611,85.49430037997467
2565,2,11,pitch_jump,1.0,0.24931187287391957,14.692156109254867,85.49430037997467
2565,2,14,pitch_jump,1.0,0.10856996277639656,50.07197238433691,85.49430037997467
2565,2,15,pitch_jump,1.0,0.23514171119303923,39.95325881348039,85.49430037997467
2565,2,18,pitch_jump,1.0,0.15029177508096328,23.86465608265874,85.49430037997467
2565,2,19,pitch_jump,1.0,0.2545983999153455,34.83430433113721,85.49430037997467
2565,2,20,pitch_jump,1.0,0.14056806333822008,38.475666677049425,85.49430037997467
2565,2,21,pitch_jump,1.0,0.15208643968120591,12.583997622319973,85.49430037997467
2565,2,22,pitch_jump,1.0,0.34463200805450145,37.024548139485844,85.49430037997467
2566,2,4,pitch_jump,1.0,0.10619441948095797,13.43958278313629,85.52763149123392
2566,2,9,pitch_jump,1.0,0.15577598918402444,15.400581433473628,85.52763149123392
2566,2,14,pitch_jump,1.0,0.03531003920491183,14.514687450280604,85.52763149123392
2566,2,18,pitch_jump,1.0,0.1484335956103867,14.120728205436073,85.52763149123392
2566,2,20,pitch_jump,1.0,0.13791008101449326,15.04683155825366,85.52763149123392
2567,2,2,pitch_jump,1.0,0.11851278136801248,16.13225644722759,85.56096260249318
2567,2,7,pitch_jump,1.0,0.10763085130763071,12.765297310565119,85.56096260249318
2567,2,11,pitch_jump,1.0,0.10144251118086779,12.820999649005774,85.56096260249318
2567,2,22,pitch_jump,1.0,0.17420125987614365,12.369654533298569,85.56096260249318
2568,2,6,pitch_jump,1.0,0.08767922567133943,12.657867894449426,85.59429371375242
2568,2,8,pitch_jump,1.0,0.12716160548472194,13.729881754433295,85.59429371375242
2568,2,14,pitch_jump,1.0,0.02471804397348262,17.216404458178314,85.59429371375242
2568,2,22,pitch_jump,1.0,0.34096973969941935,15.428052609285695,85.59429371375242
2569,2,7,pitch_jump,1.0,0.22543574796006688,21.032565726781232,85.62762482501167
2569,2,11,pitch_jump,1.0,0.21216959501228927,12.396599909541264,85.62762482501167
2573,2,2,pitch_jump,1.0,0.08806856809722872,13.761276776190961,85.76094927004867
2573,2,4,pitch_jump,1.0,0.05609528552845816,25.666236128216116,85.76094927004867
2573,2,6,pitch_jump,1.0,0.012046955568669266,13.585187780766962,85.76094927004867
2573,2,8,pitch_jump,1.0,0.04809720890349218,22.173126164868172,85.76094927004867
2573,2,9,pitch_jump,1.0,0.06429934007751839,16.639603229157803,85.76094927004867
2573,2,14,pitch_jump,1.0,0.008238801139040942,21.704868779197557,85.76094927004867
2574,2,8,pitch_jump,1.0,0.10967177636877355,13.721390479228916,85.79428038130791
2574,2,9,pitch_jump,1.0,0.1459181937574257,14.18498340322588,85.79428038130791
2574,2,14,pitch_jump,1.0,0.05699822928943463,16.642238380716663,85.79428038130791
2575,2,14,pitch_jump,1.0,0.023044693279088126,12.446866265800727,85.82761149256717
2575,2,15,pitch_jump,4.0,0.28650682952770384,54.46160753369097,85.82761149256717
2575,2,20,pitch_jump,1.0,0.12658486749972417,12.86302732421599,85.82761149256717
2575,2,22,pitch_jump,1.0,0.2787766340154965,14.976996809269709,85.82761149256717
2576,2,3,pitch_jump,1.0,0.047462699553485733,16.206855306697037,85.86094260382642
2576,2,11,pitch_jump,1.0,0.06907370973836141,16.504603488882626,85.86094260382642
2576,2,15,pitch_jump,1.0,0.028171841793907706,17.885282102464384,85.86094260382642
2576,2,20,pitch_jump,1.0,0.05138560802796446,12.201390214738126,85.86094260382642
2577,2,4,pitch_jump,1.0,0.26152874552486355,18.096295709187334,85.89427371508566
2577,2,8,pitch_jump,1.0,0.07852453676844183,12.24703422003735,85.89427371508566
2577,2,11,pitch_jump,1.0,0.14710167269833174,14.838997213503015,85.89427371508566
2577,2,20,pitch_jump,1.0,0.12137532519111863,12.785010059894683,85.89427371508566
2578,2,4,pitch_jump,1.0,0.16549080633618296,17.581254055950314,85.92760482634492
2578,2,9,pitch_jump,1.0,0.1919990034817408,14.268908128852125,85.92760482634492
2578,2,16,pitch_jump,1.0,0.17443163449124224,14.819965468756434,85.92760482634492
2580,2,3,pitch_jump,1.0,0.07611211691955154,13.45586300243871,85.9942670488634
2580,2,4,pitch_jump,1.0,0.02883753079263564,21.316244645435404,85.9942670488634
2580,2,6,pitch_jump,1.0,0.04496959559353584,16.689840123197268,85.9942670488634
2580,2,8,pitch_jump,1.0,0.03761621227984528,22.49224813986246,85.9942670488634
2580,2,9,pitch_jump,1.0,0.1439184290842977,24.51267174865819,85.9942670488634
2580,2,14,pitch_jump,1.0,0.047564302549334254,23.832016554472222,85.9942670488634
2580,2,16,pitch_jump,1.0,0.15577804605880508,13.121344707867845,85.9942670488634
2580,2,18,pitch_jump,1.0,0.1214650925829777,15.261983600084788,85.9942670488634
2580,2,20,pitch_jump,1.0,0.09179625517046439,15.953755052357664,85.9942670488634
2581,2,3,pitch_jump,1.0,0.08754345449589156,13.582573553940875,86.02759816012266
2581,2,4,pitch_jump,1.0,0.024591575136667314,55.789981623893,86.02759816012266
2581,2,6,pitch_jump,1.0,0.03229600122883261,44.4633667794119,86.02759816012266
2581,2,7,pitch_jump,1.0,0.10778546953209765,12.777079420722899,86.02759816012266
2581,2,8,pitch_jump,1.0,0.1031255404811398,54.64288622854671,86.02759816012266
2581,2,9,pitch_jump,1.0,0.1256374851542712,60.79395638101874,86.02759816012266
2581,2,11,pitch_jump,1.0,0.16523132267852467,41.98025598103443,86.02759816012266
2581,2,14,pitch_jump,1.0,0.05055675935081105,60.906532070342045,86.02759816012266
2581,2,18,pitch_jump,1.0,0.10792705191824177,37.21018865913241,86.02759816012266
2581,2,20,pitch_jump,1.0,0.05887291618194108,49.43150030659816,86.02759816012266
2581,2,21,pitch_jump,1.0,0.09018549813982281,14.286057496466318,86.02759816012266
2582,2,4,pitch_jump,1.0,0.02801742938257932,56.06548328474151,86.06092927138191
2582,2,6,pitch_jump,1.0,0.00936228171951189,42.30199281934879,86.06092927138191
2582,2,7,pitch_jump,1.0,0.041249428935484785,15.041200847102557,86.06092927138191
2582,2,8,pitch_jump,1.0,0.03436652404247713,54.10876861703575,86.06092927138191
2582,2,9,pitch_jump,1.0,0.05170166418234883,53.50936807033822,86.06092927138191
2582,2,11,pitch_jump,1.0,0.10090911810090047,29.793239534243604,86.06092927138191
2582,2,14,pitch_jump,1.0,0.040185491149039174,61.95420384143826,86.06092927138191
2582,2,18,pitch_jump,1.0,0.044164239853122525,33.49491705139241,86.06092927138191
2582,2,20,pitch_jump,1.0,0.03012217680816829,34.30424365041618,86.06092927138191
2582,2,21,pitch_jump,1.0,0.01596396380654538,18.12253443212187,86.06092927138191
2583,2,3,pitch_jump,1.0,0.09945119929848356,13.013403225130986,86.09426038264117
2583,2,4,pitch_jump,1.0,0.016890384753942205,68.22945428838646,86.09426038264117
2583,2,6,pitch_jump,1.0,0.021149184641609642,51.75768240893579,86.09426038264117
2583,2,8,pitch_jump,1.0,0.10793352891154824,69.32926995640487,86.09426038264117
2583,2,9,pitch_jump,1.0,0.09994439044285339,69.79272512567526,86.09426038264117
2583,2,14,pitch_jump,1.0,0.030410017936645144,73.05240384657407,86.09426038264117
2583,2,18,pitch_jump,1.0,0.12089737633579432,46.451916507338154,86.09426038264117
2583,2,20,pitch_jump,1.0,0.0537512163513766,53.045614762101536,86.09426038264117
2583,2,21,pitch_jump,1.0,0.03978948763386286,19.244146968927094,86.09426038264117
2584,2,3,pitch_jump,1.0,0.08670881758787263,13.871003297602615,86.12759149390041
2584,2,4,pitch_jump,1.0,0.007579260140228048,72.99092808794701,86.12759149390041
2584,2,6,pitch_jump,1.0,0.007182982344950919,57.45358477628172,86.12759149390041
2584,2,7,pitch_jump,1.0,0.06740195706161173,16.021404541875796,86.12759149390041
2584,2,8,pitch_jump,1.0,0.10864617710340041,67.13307240459977,86.12759149390041
2584,2,9,pitch_jump,1.0,0.09876023306208642,77.19532426767384,86.12759149390041
2584,2,14,pitch_jump,1.0,0.03260780822595244,79.81297175569037,86.12759149390041
2584,2,18,pitch_jump,1.0,0.11908089872614668,40.817867220491394,86.12759149390041
2584,2,20,pitch_jump,1.0,0.04979276479379228,56.33897061069926,86.12759149390041
2584,2,21,pitch_jump,1.0,0.04500711147086773,20.942569413594423,86.12759149390041
2584,2,22,pitch_jump,1.0,0.182052443655411,14.454856528034897,86.12759149390041
2586,2,11,pitch_jump,1.0,0.1723414188232674,12.85199320895856,86.19425371641891
2588,2,4,pitch_jump,1.0,0.018537742047241443,65.62548442049581,86.2609159389374
2588,2,6,pitch_jump,1.0,0.019924109047930672,47.53884133681628,86.2609159389374
2588,2,7,pitch_jump,1.0,0.018421228952710096,13.838204965408979,86.2609159389374
2588,2,8,pitch_jump,1.0,0.045063255113054805,63.98388863206358,86.2609159389374
2588,2,9,pitch_jump,1.0,0.04645214594847522,63.05171272070684,86.2609159389374
2588,2,11,pitch_jump,1.0,0.05874000885100826,89.19780835203211,86.2609159389374
2588,2,14,pitch_jump,1.0,0.04129966031763083,70.00309473555207,86.2609159389374
2588,2,18,pitch_jump,1.0,0.04218600116514962,48.83901702324766,86.2609159389374
2588,2,20,pitch_jump,1.0,0.01676410975199488,50.77953573773188,86.2609159389374
2588,2,21,pitch_jump,1.0,0.018006083763717,20.73606116640385,86.2609159389374
2590,2,4,pitch_jump,1.0,0.03509741426149766,67.90775419331477,86.3275781614559
2590,2,6,pitch_jump,1.0,0.02156511963917922,54.182381266990475,86.3275781614559
2590,2,7,pitch_jump,1.0,0.017789907474483564,14.333880904028339,86.3275781614559
2590,2,8,pitch_jump,1.0,0.09488472792329102,68.57935847105901,86.3275781614559
2590,2,9,pitch_jump,1.0,0.06757155635941331,74.0880386807836,86.3275781614559
2590,2,11,pitch_jump,1.0,0.10543417880950391,98.01723744775201,86.3275781614559
2590,2,14,pitch_jump,1.0,0.014761058109480061,77.81406971938407,86.3275781614559
2590,2,18,pitch_jump,1.0,0.05571249112228871,51.884939534548195,86.3275781614559
2590,2,20,pitch_jump,1.0,0.06839870816838536,54.74534124870975,86.3275781614559
2590,2,21,pitch_jump,1.0,0.043569595732959696,20.254553627716355,86.3275781614559
2591,2,3,pitch_jump,1.0,0.007865081479132263,18.104020233842625,86.36090927271516
2591,2,4,pitch_jump,1.0,0.030936525703356844,88.68053246032775,86.36090927271516
2591,2,5,pitch_jump,1.0,0.026580920307526987,12.599275064397592,86.36090927271516
2591,2,6,pitch_jump,1.0,0.020552422169279543,68.740720210687,86.36090927271516
2591,2,8,pitch_jump,1.0,0.06757032127333584,91.48150232074764,86.36090927271516
2591,2,9,pitch_jump,1.0,0.026865201360655712,85.32971313730249,86.36090927271516
2591,2,11,pitch_jump,1.0,0.057672278952824674,116.7633665862129,86.36090927271516
2591,2,14,pitch_jump,1.0,0.016579602887238868,92.50914038858878,86.36090927271516
2591,2,18,pitch_jump,1.0,0.025150241733572682,61.28235455735915,86.36090927271516
2591,2,20,pitch_jump,1.0,0.04745255037424119,75.80969670225956,86.36090927271516
2591,2,21,pitch_jump,1.0,0.02081761911856775,29.23982989553997,86.36090927271516
2591,2,22,pitch_jump,1.0,0.06113213375720393,13.220036021732266,86.36090927271516
2592,2,3,pitch_jump,1.0,0.03002338373544502,22.911099964759824,86.3942403839744
2592,2,4,pitch_jump,1.0,0.02719204455647102,102.85456663234676,86.3942403839744
2592,2,5,pitch_jump,1.0,0.06254598276447058,15.451126817230024,86.3942403839744
2592,2,6,pitch_jump,1.0,0.023474246463497307,82.23547641728757,86.3942403839744
2592,2,8,pitch_jump,1.0,0.11476150333431442,101.26598038130773,86.3942403839744
2592,2,9,pitch_jump,1.0,0.05219396039700449,110.21102389133421,86.3942403839744
2592,2,14,pitch_jump,1.0,0.013736849331305123,114.75205672437849,86.3942403839744
2592,2,18,pitch_jump,1.0,0.05003295272103872,78.58197379537629,86.3942403839744
2592,2,20,pitch_jump,1.0,0.05416302460634642,87.17493034873802,86.3942403839744
2592,2,21,pitch_jump,1.0,0.03914135111922177,36.0960499538972,86.3942403839744
2593,2,3,pitch_jump,1.0,0.017110957904229666,15.128567924390575,86.42757149523365
2593,2,4,pitch_jump,1.0,0.029857594208786618,84.81988406077554,86.42757149523365
2593,2,6,pitch_jump,1.0,0.021789265652352265,64.28917628599226,86.42757149523365
2593,2,8,pitch_jump,1.0,0.10140059987632165,84.27423820224303,86.42757149523365
2593,2,9,pitch_jump,1.0,0.05540239131061004,77.73216463794192,86.42757149523365
2593,2,10,pitch_jump,1.0,0.10042365136122919,110.88359221848313,86.42757149523365
2593,2,14,pitch_jump,1.0,0.026003499398486136,85.25341700271106,86.42757149523365
2593,2,18,pitch_jump,1.0,0.05231583773828449,58.106909406700176,86.42757149523365
2593,2,20,pitch_jump,1.0,0.04737367924754498,75.0425716891482,86.42757149523365
2593,2,21,pitch_jump,1.0,0.034799029138373384,32.41684290821807,86.42757149523365
2596,2,18,pitch_jump,1.0,0.09679041343898298,14.033943544299015,86.5275648290114
2599,2,18,pitch_jump,1.0,0.08673156585276284,16.82732284221568,86.62755816278916
2599,2,20,pitch_jump,1.0,0.06147447800561295,14.269295841468452,86.62755816278916
2600,2,20,pitch_jump,1.0,0.0490306875550971,13.573151433311201,86.6608892740484
2601,2,3,pitch_jump,1.0,0.08090795670468691,12.807185804569928,86.69422038530764
2601,2,4,pitch_jump,1.0,0.033926964433773445,69.10990106450168,86.69422038530764
2601,2,6,pitch_jump,1.0,0.0132279749116507,52.761104891770465,86.69422038530764
2601,2,7,pitch_jump,1.0,0.05142761868740271,12.23528856888551,86.69422038530764
2601,2,8,pitch_jump,1.0,0.0447836325689457,72.8675677436809,86.69422038530764
2601,2,9,pitch_jump,1.0,0.032364572905739866,70.45145193083884,86.69422038530764
2601,2,10,pitch_jump,1.0,0.058369955800443525,92.2276453685122,86.69422038530764
2601,2,14,pitch_jump,1.0,0.04826378720216297,71.85249476776175,86.69422038530764
2601,2,18,pitch_jump,1.0,0.011465069098662952,55.377952790225976,86.69422038530764
2601,2,20,pitch_jump,1.0,0.05165545169949625,61.124653017569685,86.69422038530764
2601,2,21,pitch_jump,1.0,0.014983959512683189,24.798368405804563,86.69422038530764
2604,2,3,pitch_jump,1.0,0.07716700964043294,14.558722488313514,86.79421371908539
2604,2,4,pitch_jump,1.0,0.032855092148258165,65.87594314708099,86.79421371908539
2604,2,6,pitch_jump,1.0,0.024298635332240356,50.057413300162246,86.79421371908539
2604,2,8,pitch_jump,1.0,0.08623594188371908,76.98873539390937,86.79421371908539
2604,2,9,pitch_jump,1.0,0.051797197812596084,58.90497326927585,86.79421371908539
2604,2,10,pitch_jump,1.0,0.019066537807033462,88.7012747489441,86.79421371908539
2604,2,14,pitch_jump,1.0,0.03552158543822038,67.26127683472103,86.79421371908539
2604,2,18,pitch_jump,1.0,0.015314750295887273,52.37210109418725,86.79421371908539
2604,2,20,pitch_jump,1.0,0.05499379891306271,66.71842862033589,86.79421371908539
2604,2,21,pitch_jump,1.0,0.04874366463069212,30.458881791186858,86.79421371908539
2605,2,4,pitch_jump,1.0,0.04693832580503358,51.558188528250085,86.82754483034465
2605,2,6,pitch_jump,1.0,0.04051185139922908,40.00572634745333,86.82754483034465
2605,2,8,pitch_jump,1.0,0.1449278850973695,53.81448881587708,86.82754483034465
2605,2,9,pitch_jump,1.0,0.033087031574537226,53.057406854579234,86.82754483034465
2605,2,14,pitch_jump,1.0,0.030937872148241997,55.91905644320185,86.82754483034465
2605,2,18,pitch_jump,1.0,0.00893122172170388,41.604906676046674,86.82754483034465
2605,2,20,pitch_jump,1.0,0.04674498134583811,48.2706741165668,86.82754483034465
2607,2,4,pitch_jump,1.0,0.06776402166478802,15.129099822610984,86.89420705286315
2607,2,6,pitch_jump,1.0,0.053229912313719326,12.894520874216175,86.89420705286315
2607,2,8,pitch_jump,1.0,0.05465254160517675,17.78420653371538,86.89420705286315
2607,2,9,pitch_jump,1.0,0.02581768121046646,16.562285605951185,86.89420705286315
2607,2,10,pitch_jump,3.0,0.014123771480220966,32.58453792186642,86.89420705286315
2607,2,14,pitch_jump,1.0,0.026622787882909758,17.951368147721837,86.89420705286315
2607,2,20,pitch_jump,1.0,0.04399221943747568,17.548359097107234,86.89420705286315
2608,2,18,pitch_jump,1.0,0.06987445448735051,14.919544312534045,86.9275381641224
2611,2,3,pitch_jump,1.0,0.1736580575780435,20.245543322531145,87.02753149790014
2611,2,11,pitch_jump,1.0,0.1486308084153259,17.36202139854632,87.02753149790014
2611,2,20,pitch_jump,1.0,0.09855422910257032,15.726311029372106,87.02753149790014
2612,2,20,pitch_jump,1.0,0.048364719150188265,15.73627009351096,87.06086260915939
2613,2,8,pitch_jump,1.0,0.015233389910971458,12.045077435252272,87.09419372041864
2614,2,5,pitch_jump,1.0,0.14085848239038695,15.448754216966142,87.12752483167789
2614,2,6,pitch_jump,1.0,0.09460867046016622,13.050106343568933,87.12752483167789
2614,2,7,pitch_jump,1.0,0.19013761578465244,16.68329258205126,87.12752483167789
2614,2,22,pitch_jump,1.0,0.14922967484845998,16.988242600526675,87.12752483167789
2615,2,4,pitch_jump,1.0,0.041746836952468426,12.441958573163062,87.16085594293715
2615,2,7,pitch_jump,1.0,0.09636312206035198,14.331743662662484,87.16085594293715
2615,2,8,pitch_jump,1.0,0.029507113780887186,14.614398412175667,87.16085594293715
2615,2,22,pitch_jump,1.0,0.07744510657741917,16.216163514367235,87.16085594293715
2617,2,4,pitch_jump,1.0,0.10013178747236182,17.707371787375706,87.22751816545563
2617,2,8,pitch_jump,1.0,0.045624654214040196,15.310355200710484,87.22751816545563
2617,2,14,pitch_jump,1.0,0.022549362411591112,15.408904478403002,87.22751816545563
2617,2,18,pitch_jump,1.0,0.13079551002784987,20.161384879570353,87.22751816545563
2618,2,4,pitch_jump,1.0,0.04689298871470199,12.194917182472409,87.2608492767149
2618,2,14,pitch_jump,1.0,0.030059421191974644,12.692717387338824,87.2608492767149
2619,2,4,pitch_jump,1.0,0.10508013860393788,25.79544873836293,87.29418038797414
2619,2,6,pitch_jump,1.0,0.12093066102906272,19.58461895473537,87.29418038797414
2619,2,8,pitch_jump,1.0,0.03745336930214112,26.001040116761096,87.29418038797414
2619,2,9,pitch_jump,1.0,0.08936631148201188,19.191764831130474,87.29418038797414
2619,2,10,pitch_jump,1.0,0.23540537290988314,14.926991739520533,87.29418038797414
2619,2,14,pitch_jump,1.0,0.037749375260049886,24.396157412167156,87.29418038797414
2619,2,18,pitch_jump,1.0,0.1070729690269446,27.93369905565497,87.29418038797414
2619,2,20,pitch_jump,1.0,0.13550880877213897,23.598129788560783,87.29418038797414
2619,2,21,pitch_jump,1.0,0.1239417783614946,13.537398324175694,87.29418038797414
2620,2,15,pitch_jump,5.0,0.1829523538386244,16.102780449436352,87.32751149923338
2622,2,15,pitch_jump,1.0,0.3141764527267391,19.75254295739949,87.39417372175188
2623,2,9,pitch_jump,1.0,0.10335121018400974,12.85376762486595,87.42750483301114
2624,2,4,pitch_jump,1.0,0.05334306187931219,12.183172746948634,87.46083594427039
2624,2,14,pitch_jump,1.0,0.047290383050920384,12.349125326268721,87.46083594427039
2624,2,15,pitch_jump,1.0,0.13920416225446108,12.86971630393626,87.46083594427039
2625,2,2,pitch_jump,1.0,0.34813552554945926,68.60552306255678,87.49416705552963
2625,2,3,pitch_jump,1.0,0.2279797114196024,58.371406942317144,87.49416705552963
2625,2,4,pitch_jump,1.0,0.10736249666110663,123.13623599079583,87.49416705552963
2625,2,6,pitch_jump,1.0,0.12466662147856516,100.81345642004409,87.49416705552963
2625,2,7,pitch_jump,1.0,0.23492581923765465,16.780176995841376,87.49416705552963
2625,2,8,pitch_jump,1.0,0.05287569499454687,164.49766847913145,87.49416705552963
2625,2,9,pitch_jump,1.0,0.12139959244933829,128.94040478703283,87.49416705552963
2625,2,10,pitch_jump,1.0,0.23860485042030638,132.4140003868758,87.49416705552963
2625,2,11,pitch_jump,1.0,0.24444957245429652,35.69873821724366,87.49416705552963
2625,2,14,pitch_jump,1.0,0.021770170838342224,136.54832414177196,87.49416705552963
2625,2,15,pitch_jump,1.0,0.2842036640908066,121.08524072590082,87.49416705552963
2625,2,18,pitch_jump,1.0,0.1492451465104342,155.08393773677227,87.49416705552963
2625,2,19,pitch_jump,1.0,0.2604558525939155,88.7373731231411,87.49416705552963
2625,2,20,pitch_jump,1.0,0.12383646424496983,178.93975663219481,87.49416705552963
2625,2,21,pitch_jump,1.0,0.15234828200323,72.90701137502356,87.49416705552963
2625,2,22,pitch_jump,1.0,0.2240153921167866,25.57021967212306,87.49416705552963
2626,2,2,pitch_jump,1.0,0.37395825299878,79.19817551163337,87.52749816678889
2626,2,3,pitch_jump,1.0,0.24332712821447944,66.53275698553941,87.52749816678889
2626,2,4,pitch_jump,1.0,0.1065586450709719,116.47673123726184,87.52749816678889
2626,2,6,pitch_jump,1.0,0.12351585879534625,98.10761293143663,87.52749816678889
2626,2,7,pitch_jump,1.0,0.24057547480559868,13.483457057260528,87.52749816678889
2626,2,8,pitch_jump,1.0,0.04107794432624121,155.21668821986205,87.52749816678889
2626,2,9,pitch_jump,1.0,0.11280527343597499,128.0221069132293,87.52749816678889
2626,2,10,pitch_jump,1.0,0.2544585627588798,128.4350741081439,87.52749816678889
2626,2,11,pitch_jump,1.0,0.23790036700073497,43.321966818364146,87.52749816678889
2626,2,14,pitch_jump,1.0,0.013282693365478533,130.57023890464382,87.52749816678889
2626,2,15,pitch_jump,1.0,0.2855241000525875,116.66251051407848,87.52749816678889
2626,2,18,pitch_jump,1.0,0.15140081178556306,128.70026339997824,87.52749816678889
2626,2,19,pitch_jump,1.0,0.26731828353136083,96.5439137033329,87.52749816678889
2626,2,20,pitch_jump,1.0,0.11597865259019163,166.77600585422334,87.52749816678889
2626,2,21,pitch_jump,1.0,0.12497289278403548,60.46953461172866,87.52749816678889
2626,2,22,pitch_jump,1.0,0.24390218795743937,22.033619750534427,87.52749816678889
2627,2,2,pitch_jump,1.0,0.20184186364991585,87.0591778558008,87.56082927804813
2627,2,3,pitch_jump,1.0,0.11293240932724428,62.33973475185756,87.56082927804813
2627,2,4,pitch_jump,1.0,0.05672686324163679,91.9042718640651,87.56082927804813
2627,2,5,pitch_jump,1.0,0.0858923722266227,14.332426611026541,87.56082927804813
2627,2,6,pitch_jump,1.0,0.07505830603075819,80.8172427358695,87.56082927804813
2627,2,7,pitch_jump,1.0,0.12373181321869163,16.58522142467267,87.56082927804813
2627,2,8,pitch_jump,1.0,0.031678992511424295,142.77019808689272,87.56082927804813
2627,2,9,pitch_jump,1.0,0.057505047134381586,109.87193440330715,87.56082927804813
2627,2,10,pitch_jump,1.0,0.15009103287186096,129.5464072718167,87.56082927804813
2627,2,11,pitch_jump,1.0,0.1154717635473726,45.255114197413285,87.56082927804813
2627,2,14,pitch_jump,1.0,0.04527542756083997,113.31395913496088,87.56082927804813
2627,2,15,pitch_jump,1.0,0.16523373989013973,111.91366691453418,87.56082927804813
2627,2,18,pitch_jump,1.0,0.07453754575729954,136.88305413947796,87.56082927804813
2627,2,19,pitch_jump,1.0,0.13897926015315856,93.87865599698586,87.56082927804813
2627,2,20,pitch_jump,1.0,0.054981243902902766,157.07661546694766,87.56082927804813
2627,2,21,pitch_jump,1.0,0.039068524935606815,56.19503646584875,87.56082927804813
2627,2,22,pitch_jump,1.0,0.10630077255474968,40.92850370514556,87.56082927804813
2628,2,3,pitch_jump,1.0,0.2472339091608372,15.992557003915968,87.59416038930738
2628,2,4,pitch_jump,1.0,0.12073437262193767,27.851892527060002,87.59416038930738
2628,2,6,pitch_jump,1.0,0.12410235556710861,17.109913494012904,87.59416038930738
2628,2,8,pitch_jump,1.0,0.017628870487376748,29.668425967118576,87.59416038930738
2628,2,9,pitch_jump,1.0,0.1262787015184026,16.435847848436687,87.59416038930738
2628,2,10,pitch_jump,1.0,0.24228551434385412,14.620098469189884,87.59416038930738
2628,2,11,pitch_jump,1.0,0.24271676386914479,12.655723549538862,87.59416038930738
2628,2,14,pitch_jump,1.0,0.01454573887693317,25.44590285301586,87.59416038930738
2628,2,15,pitch_jump,1.0,0.293068853328567,16.89124505201375,87.59416038930738
2628,2,18,pitch_jump,1.0,0.11445675628184286,30.037967137071846,87.59416038930738
2628,2,19,pitch_jump,1.0,0.26226763307418033,18.237999256708747,87.59416038930738
2628,2,20,pitch_jump,1.0,0.12352902452556945,21.967429570794916,87.59416038930738
2628,2,21,pitch_jump,1.0,0.12100408644579637,14.187301867094938,87.59416038930738
2629,2,2,pitch_jump,1.0,0.37034951107979996,24.445924846801102,87.62749150056663
2629,2,3,pitch_jump,1.0,0.25394953422765776,18.82951594318809,87.62749150056663
2629,2,7,pitch_jump,1.0,0.2716282194485976,20.64888098891952,87.62749150056663
2629,2,10,pitch_jump,1.0,0.2199132053694737,16.95433120656936,87.62749150056663
2629,2,11,pitch_jump,1.0,0.2544184468034766,19.25376896102196,87.62749150056663
2629,2,15,pitch_jump,1.0,0.2977457351817508,20.99289601894342,87.62749150056663
2629,2,19,pitch_jump,1.0,0.2758732101953793,20.000173641834653,87.62749150056663
2629,2,22,pitch_jump,1.0,0.25455371874322963,17.92674619117351,87.62749150056663
2630,2,4,pitch_jump,1.0,0.06237433479722994,12.051338440436759,87.66082261182588
2631,2,4,pitch_jump,1.0,0.12406692883738266,25.778423938887876,87.69415372308514
2631,2,5,pitch_jump,1.0,0.200756011787648,12.628909329637985,87.69415372308514
2631,2,6,pitch_jump,1.0,0.12729759378845457,24.869315784562144,87.69415372308514
2631,2,8,pitch_jump,1.0,0.035043769345774946,30.70334807502116,87.69415372308514
2631,2,9,pitch_jump,1.0,0.13399598313963693,28.959607212479124,87.69415372308514
2631,2,10,pitch_jump,1.0,0.22854122769034604,15.49054482799449,87.69415372308514
2631,2,14,pitch_jump,1.0,0.07705498113037706,29.361550301960285,87.69415372308514
2631,2,18,pitch_jump,1.0,0.10744190103818495,26.189842882838605,87.69415372308514
2631,2,20,pitch_jump,1.0,0.13805684128718976,20.185344199526863,87.69415372308514
2631,2,21,pitch_jump,1.0,0.12562966787744154,21.5013398633786,87.69415372308514
2632,2,2,pitch_jump,1.0,0.3210190498789769,13.926892984934655,87.72748483434438
2632,2,8,pitch_jump,1.0,0.05516965156387528,18.242405592236164,87.72748483434438
2632,2,9,pitch_jump,1.0,0.13909295759675916,13.829362508076876,87.72748483434438
2632,2,15,pitch_jump,1.0,0.30900248444368345,15.91486980266519,87.72748483434438
2634,2,2,pitch_jump,1.0,0.30969042843975225,29.622563013372996,87.79414705686288
2634,2,3,pitch_jump,1.0,0.25340679851444825,12.956996187330837,87.79414705686288
2634,2,8,pitch_jump,1.0,0.0423178073500092,17.29360167142021,87.79414705686288
2634,2,10,pitch_jump,1.0,0.23091008400713492,18.809214350078147,87.79414705686288
2634,2,14,pitch_jump,1.0,0.06065942078538097,17.515798334931034,87.79414705686288
2634,2,15,pitch_jump,1.0,0.2518389513260033,16.51091471488875,87.79414705686288
2634,2,18,pitch_jump,1.0,0.09518653706906724,18.604619319990675,87.79414705686288
2634,2,19,pitch_jump,1.0,0.26150394379141984,13.44047282757037,87.79414705686288
2634,2,20,pitch_jump,1.0,0.15053042503944233,14.30584852201445,87.79414705686288
2635,2,2,pitch_jump,1.0,0.2687818426162413,18.22505576478232,87.82747816812213
2635,2,7,pitch_jump,1.0,0.23734880333761524,13.217961316883004,87.82747816812213
2635,2,15,pitch_jump,1.0,0.27080690002655217,14.423302827859052,87.82747816812213
2635,2,19,pitch_jump,1.0,0.25488190225280843,12.403586927773228,87.82747816812213
2636,2,4,pitch_jump,1.0,0.0573729391883601,14.934459805198008,87.86080927938137
2636,2,5,pitch_jump,1.0,0.09241042915599486,14.71963568314805,87.86080927938137
2636,2,6,pitch_jump,1.0,0.035211582743157055,12.378490087920467,87.86080927938137
2636,2,7,pitch_jump,1.0,0.10042479873295157,16.188790389288812,87.86080927938137
2636,2,8,pitch_jump,1.0,0.08758631028060826,13.226555029314882,87.86080927938137
2636,2,10,pitch_jump,1.0,0.1265132139917005,15.149227643033747,87.86080927938137
2636,2,14,pitch_jump,1.0,0.0502069720255801,14.382030149470834,87.86080927938137
2636,2,15,pitch_jump,1.0,0.13047532922057906,16.810897062050728,87.86080927938137
2636,2,20,pitch_jump,1.0,0.08419473835874217,17.008791212679057,87.86080927938137
2636,2,22,pitch_jump,1.0,0.10454985557913399,19.316647019307755,87.86080927938137
2637,2,2,pitch_jump,1.0,0.2660866550112916,28.166910994673554,87.89414039064063
2637,2,3,pitch_jump,1.0,0.2395526954507653,13.117650605078977,87.89414039064063
2637,2,10,pitch_jump,1.0,0.20922592771033777,21.48790428016203,87.89414039064063
2637,2,15,pitch_jump,1.0,0.24136770326117912,26.08388524776859,87.89414039064063
2637,2,19,pitch_jump,1.0,0.2672980456396602,17.473461975081175,87.89414039064063
2638,2,2,pitch_jump,1.0,0.2395504513517657,13.502249083267632,87.92747150189987
2638,2,4,pitch_jump,1.0,0.1214600321528388,15.331103670467437,87.92747150189987
2638,2,5,pitch_jump,1.0,0.20329009051419655,16.935781113036864,87.92747150189987
2638,2,7,pitch_jump,1.0,0.25087114445237385,12.60138130956494,87.92747150189987
2638,2,8,pitch_jump,1.0,0.05884345271809005,15.900009669102012,87.92747150189987
2638,2,10,pitch_jump,1.0,0.22238394614614523,14.097004721990054,87.92747150189987
2638,2,13,pitch_jump,2.0,0.7412270698398878,137.7162341595897,87.92747150189987
2638,2,15,pitch_jump,1.0,0.2422535322735792,22.066064761827402,87.92747150189987
2638,2,20,pitch_jump,1.0,0.1773421061748812,15.127720197955913,87.92747150189987
2638,2,22,pitch_jump,1.0,0.23563999608097377,20.26357497858195,87.92747150189987
2639,2,2,pitch_jump,1.0,0.12596311234724283,29.264544829816696,87.96080261315913
2639,2,3,pitch_jump,1.0,0.10245589016224382,18.875303846339474,87.96080261315913
2639,2,10,pitch_jump,1.0,0.11254342892472455,23.07443730062253,87.96080261315913
2639,2,11,pitch_jump,1.0,0.11527667838672292,18.650944824551264,87.96080261315913
2639,2,13,pitch_jump,1.0,0.09124444323096573,20.94432691211614,87.96080261315913
2639,2,15,pitch_jump,1.0,0.11034044187604831,25.0076873084998,87.96080261315913
2639,2,18,pitch_jump,1.0,0.06912869591135157,17.20662502630794,87.96080261315913
2639,2,19,pitch_jump,1.0,0.12887408748088938,28.230756971114815,87.96080261315913
2639,2,20,pitch_jump,1.0,0.08207921483516777,12.36156327804192,87.96080261315913
2639,2,22,pitch_jump,1.0,0.12690184557107967,16.567134143056666,87.96080261315913
2640,2,3,pitch_jump,1.0,0.23816592890587257,12.340177849097753,87.99413372441838
2640,2,4,pitch_jump,1.0,0.12349955702562516,15.986454423058879,87.99413372441838
2640,2,5,pitch_jump,1.0,0.20295285936514817,16.469486736690023,87.99413372441838
2640,2,6,pitch_jump,1.0,0.11915808206241314,15.711775498935626,87.99413372441838
2640,2,7,pitch_jump,1.0,0.25601819950644644,14.106792388127278,87.99413372441838
2640,2,8,pitch_jump,1.0,0.10108001770109981,13.515415498922751,87.99413372441838
2640,2,9,pitch_jump,1.0,0.12713434667805376,16.66862038073064,87.99413372441838
2640,2,10,pitch_jump,1.0,0.23719199692185747,13.933864747923211,87.99413372441838
2640,2,11,pitch_jump,1.0,0.2456168709721704,13.358440882536401,87.99413372441838
2640,2,14,pitch_jump,1.0,0.05459424886416352,19.1357158605608,87.99413372441838
2640,2,20,pitch_jump,1.0,0.1882613578099552,13.293400613163664,87.99413372441838
2640,2,21,pitch_jump,1.0,0.11706302297993769,16.49516231973409,87.99413372441838
2640,2,22,pitch_jump,1.0,0.26077582182150283,17.34953297822479,87.99413372441838
2641,2,2,pitch_jump,1.0,0.25845479888479767,12.279371880143644,88.02746483567762
2641,2,4,pitch_jump,1.0,0.1271627850247617,17.484885960917016,88.02746483567762
2641,2,6,pitch_jump,1.0,0.1152166421995312,14.740306962656858,88.02746483567762
2641,2,7,pitch_jump,1.0,0.24670258836915565,13.080387217222981,88.02746483567762
2641,2,8,pitch_jump,1.0,0.08676576103979979,12.761175394027484,88.02746483567762
2641,2,10,pitch_jump,1.0,0.24117189076045722,15.910271838135715,88.02746483567762
2641,2,13,pitch_jump,1.0,0.20083430570764513,21.765567100442425,88.02746483567762
2641,2,14,pitch_jump,1.0,0.024827858805296713,12.014156889181375,88.02746483567762
2641,2,15,pitch_jump,1.0,0.24802280735316054,24.73061656149754,88.02746483567762
2641,2,18,pitch_jump,1.0,0.12193354922149885,19.50638403974358,88.02746483567762
2641,2,20,pitch_jump,1.0,0.1979738337525815,12.885514002160097,88.02746483567762
2641,2,21,pitch_jump,1.0,0.11742082626250955,13.981890015383641,88.02746483567762
2641,2,22,pitch_jump,1.0,0.2806850230311793,16.93929062294453,88.02746483567762
2642,2,18,pitch_jump,1.0,0.062468018302677945,13.394261656230666,88.06079594693688
2643,1,27,pitch_jump,1.0,0.28293736552493776,19.01849395249214,88.09412705819612
2643,2,4,pitch_jump,1.0,0.12735278675640693,20.48287397753983,88.09412705819612
2643,2,6,pitch_jump,1.0,0.13152834053396736,14.919714493611592,88.09412705819612
2643,2,8,pitch_jump,1.0,0.05080631266163346,19.991297988373677,88.09412705819612
2643,2,9,pitch_jump,1.0,0.13919043226844488,12.890401349098877,88.09412705819612
2643,2,14,pitch_jump,1.0,0.03895354603413205,17.35162241192638,88.09412705819612
2643,2,17,pitch_jump,1.0,0.09567066509208715,13.152083405323339,88.09412705819612
2644,1,27,pitch_jump,1.0,0.29988780999889586,13.623994009724074,88.12745816945537
2644,2,4,pitch_jump,1.0,0.1289149696207419,17.777610229298475,88.12745816945537
2644,2,6,pitch_jump,1.0,0.14294212141191795,12.550451381421468,88.12745816945537
2644,2,13,pitch_jump,1.0,0.1857941171855899,14.666754791061006,88.12745816945537
2644,2,18,pitch_jump,1.0,0.1311890925750793,21.91069872951592,88.12745816945537
2644,2,20,pitch_jump,1.0,0.2082498154784533,14.322743316367372,88.12745816945537
2645,2,8,pitch_jump,1.0,0.061188240464710095,12.079237929364215,88.16078928071462
2646,1,27,pitch_jump,1.0,0.2784327520697493,28.786094640945908,88.19412039197387
2646,2,2,pitch_jump,1.0,0.23882216149419702,18.809239304393095,88.19412039197387
2646,2,3,pitch_jump,1.0,0.2394731255627914,13.283530736868315,88.19412039197387
2646,2,10,pitch_jump,1.0,0.19713143468432393,15.795669838055355,88.19412039197387
2646,2,11,pitch_jump,1.0,0.2346128326435066,12.26351990797928,88.19412039197387
2646,2,13,pitch_jump,1.0,0.18143187704459482,12.003651187096459,88.19412039197387
2646,2,15,pitch_jump,1.0,0.22081093018207118,15.41619030946967,88.19412039197387
2646,2,18,pitch_jump,1.0,0.12529984796493515,12.765778817392977,88.19412039197387
2646,2,19,pitch_jump,1.0,0.24531704455707198,14.753804259615299,88.19412039197387
2647,2,8,pitch_jump,1.0,0.07065350019422402,12.407345138154497,88.22745150323313
2648,2,4,pitch_jump,1.0,0.06074389732523542,17.96120660734069,88.26078261449237
2648,2,6,pitch_jump,1.0,0.05928455726786627,12.219176087466526,88.26078261449237
2648,2,17,pitch_jump,1.0,0.02667984519678316,13.203460478806885,88.26078261449237
2649,1,27,pitch_jump,1.0,0.2850638254622148,15.251828962869606,88.29411372575161
2649,2,2,pitch_jump,1.0,0.23164355273478987,14.699235656309186,88.29411372575161
2649,2,11,pitch_jump,1.0,0.2278782616362447,12.672619473777996,88.29411372575161
2649,2,21,pitch_jump,1.0,0.06675446031790955,13.016004556111733,88.29411372575161
2650,2,4,pitch_jump,1.0,0.10980373569280955,16.615119777010985,88.32744483701087
2650,2,6,pitch_jump,1.0,0.11134084662527734,13.107956440701512,88.32744483701087
2650,2,8,pitch_jump,1.0,0.06455178399630605,26.42766197385797,88.32744483701087
2650,2,9,pitch_jump,1.0,0.1301024582807861,16.105201902716274,88.32744483701087
2650,2,14,pitch_jump,1.0,0.01770040016407934,20.590064119322367,88.32744483701087
2650,2,17,pitch_jump,1.0,0.08228947169690612,14.080583609270665,88.32744483701087
2650,2,20,pitch_jump,1.0,0.13145917182260125,14.862203183913511,88.32744483701087
2650,2,21,pitch_jump,1.0,0.0532058429569509,12.871755576421254,88.32744483701087
2651,2,8,pitch_jump,1.0,0.15409666100587086,16.607719760803736,88.36077594827012
2652,2,4,pitch_jump,1.0,0.10302195659100168,12.572373752739427,88.39410705952936
2652,2,8,pitch_jump,1.0,0.28360940727363804,17.63000989062051,88.39410705952936
2652,2,14,pitch_jump,1.0,0.025922048388025674,16.827595589005405,88.39410705952936
2652,2,17,pitch_jump,1.0,0.105508306170553,16.521886445416772,88.39410705952936
2652,2,20,pitch_jump,1.0,0.13350568757635872,22.639708314947747,88.39410705952936
2653,2,7,pitch_jump,1.0,0.2422432172319127,13.17324642667674,88.42743817078862
2653,2,8,pitch_jump,1.0,0.07315396843822247,17.81462534200478,88.42743817078862
2653,2,13,pitch_jump,1.0,0.16380807738071615,12.59399521653711,88.42743817078862
2653,2,14,pitch_jump,1.0,0.024551612189169087,15.120149949587127,88.42743817078862
2653,2,17,pitch_jump,1.0,0.11838700786673181,18.258594682782757,88.42743817078862
2654,2,2,pitch_jump,1.0,0.11688939420092312,12.729412037180648,88.46076928204786
2654,2,6,pitch_jump,1.0,0.05663702672138248,16.808025928616647,88.46076928204786
2654,2,8,pitch_jump,1.0,0.03543460822743402,21.36228346208585,88.46076928204786
2654,2,9,pitch_jump,1.0,0.047523760924044596,19.16031873250721,88.46076928204786
2654,2,10,pitch_jump,1.0,0.08225801232881538,13.850556406654135,88.46076928204786
2654,2,11,pitch_jump,1.0,0.13295384287497686,13.547069501256649,88.46076928204786
2654,2,13,pitch_jump,1.0,0.08488650094676918,25.19179677929145,88.46076928204786
2654,2,14,pitch_jump,1.0,0.008605588927354864,22.871307398358137,88.46076928204786
2654,2,15,pitch_jump,1.0,0.08499571026542938,12.30370379675934,88.46076928204786
2654,2,17,pitch_jump,1.0,0.052346447562064385,29.569810642114643,88.46076928204786
2654,2,19,pitch_jump,1.0,0.11809885046961063,13.891872802929127,88.46076928204786
2654,2,20,pitch_jump,1.0,0.06338136094315928,23.269087363304486,88.46076928204786
2654,2,21,pitch_jump,1.0,0.024021141464249156,19.56979117840559,88.46076928204786
2655,2,10,pitch_jump,1.0,0.1790288752446466,15.99548452046202,88.49410039330712
2655,2,13,pitch_jump,1.0,0.176016879823416,20.336682316537868,88.49410039330712
2655,2,14,pitch_jump,1.0,0.014141235213268532,13.590202957486342,88.49410039330712
2655,2,15,pitch_jump,1.0,0.1647205135098812,17.59935915896818,88.49410039330712
2655,2,17,pitch_jump,1.0,0.12981576579491552,18.151649992728256,88.49410039330712
2655,2,18,pitch_jump,1.0,0.26845817816833917,22.767362369410115,88.49410039330712
2655,2,19,pitch_jump,1.0,0.23386039723652427,14.928918448679724,88.49410039330712
2655,2,20,pitch_jump,1.0,0.15898452780424374,12.479548231508268,88.49410039330712
2655,2,21,pitch_jump,1.0,0.09293286801139902,14.05118351842414,88.49410039330712
2656,2,7,pitch_jump,1.0,0.21353342464850852,15.438784082812175,88.52743150456637
2657,1,27,pitch_jump,1.0,0.1261078768681064,16.177136278069767,88.56076261582561
2657,2,2,pitch_jump,1.0,0.10438858140899236,12.000779594387842,88.56076261582561
2657,2,3,pitch_jump,1.0,0.08406362390096415,15.77436257968247,88.56076261582561
2657,2,11,pitch_jump,1.0,0.10938959439255107,13.192779423120047,88.56076261582561
2657,2,15,pitch_jump,1.0,0.07493474961063196,12.43506728624685,88.56076261582561
2657,2,17,pitch_jump,1.0,0.052976819670734546,13.237187031958685,88.56076261582561
2657,2,19,pitch_jump,1.0,0.11504251798025664,16.644945960263694,88.56076261582561
2658,1,27,pitch_jump,1.0,0.249733787573699,23.53966484263512,88.59409372708487
2658,2,2,pitch_jump,1.0,0.19675468344855832,23.603281345806803,88.59409372708487
2658,2,3,pitch_jump,1.0,0.21587250449145368,19.36298065184644,88.59409372708487
2658,2,6,pitch_jump,1.0,0.11117002597017574,17.376595200315062,88.59409372708487
2658,2,7,pitch_jump,1.0,0.2126872206361657,13.777681765199185,88.59409372708487
2658,2,8,pitch_jump,1.0,0.021099282424326005,21.252730350923603,88.59409372708487
2658,2,9,pitch_jump,1.0,0.11675879146562314,14.342984006407146,88.59409372708487
2658,2,10,pitch_jump,1.0,0.16300764266431972,30.02863046172865,88.59409372708487
2658,2,11,pitch_jump,1.0,0.21759834832377037,15.996272710007174,88.59409372708487
2658,2,13,pitch_jump,1.0,0.1638910999108554,29.186214639956386,88.59409372708487
2658,2,14,pitch_jump,1.0,0.041181297334303285,17.08581910316683,88.59409372708487
2658,2,17,pitch_jump,1.0,0.10501148238004429,25.083624483371995,88.59409372708487
2658,2,19,pitch_jump,1.0,0.22660483468328965,21.931222337213786,88.59409372708487
2658,2,20,pitch_jump,1.0,0.1875170788792296,24.82462109555051,88.59409372708487
2658,2,21,pitch_jump,1.0,0.09128100236816163,16.615402587906676,88.59409372708487
2659,1,27,pitch_jump,1.0,0.23620413702644635,12.64193720353658,88.62742483834411
2659,2,9,pitch_jump,1.0,0.11750093582134553,13.151934428334576,88.62742483834411
2659,2,14,pitch_jump,1.0,0.034966788779796726,13.284819171768566,88.62742483834411
2659,2,17,pitch_jump,1.0,0.07655726283732411,13.140976158624344,88.62742483834411
2660,2,7,pitch_jump,1.0,0.11600218208050336,13.748857522432923,88.66075594960337
2660,2,10,pitch_jump,1.0,0.06897616605122296,12.10542201240072,88.66075594960337
2661,1,27,pitch_jump,1.0,0.252936115856258,15.526778538817181,88.69408706086261
2661,2,2,pitch_jump,1.0,0.2062992272872688,18.726216217455537,88.69408706086261
2661,2,3,pitch_jump,1.0,0.1985337133659504,12.688810442635264,88.69408706086261
2661,2,9,pitch_jump,1.0,0.14594956474645945,13.471228108452236,88.69408706086261
2661,2,10,pitch_jump,1.0,0.14963717971504004,22.217795624381335,88.69408706086261
2661,2,11,pitch_jump,1.0,0.20298355065948231,12.287141178923077,88.69408706086261
2661,2,13,pitch_jump,1.0,0.15560769511601805,12.868338361026927,88.69408706086261
2661,2,15,pitch_jump,1.0,0.1901442132084981,23.95696483833675,88.69408706086261
2661,2,19,pitch_jump,1.0,0.21202210810654995,15.885880289783312,88.69408706086261
2662,2,2,pitch_jump,1.0,0.19565832938283914,16.159508710636935,88.72741817212186
2662,2,3,pitch_jump,1.0,0.21361178230616404,17.54688388048607,88.72741817212186
2662,2,6,pitch_jump,1.0,0.12109385461722895,18.552030887622337,88.72741817212186
2662,2,7,pitch_jump,1.0,0.22642795106743896,25.38333954675491,88.72741817212186
2662,2,8,pitch_jump,1.0,0.004290018300112126,19.29898701534869,88.72741817212186
2662,2,9,pitch_jump,1.0,0.1302671032196567,16.417722688153567,88.72741817212186
2662,2,10,pitch_jump,1.0,0.14209695206826287,14.543122436659488,88.72741817212186
2662,2,11,pitch_jump,1.0,0.22237212710105034,17.16817896585339,88.72741817212186
2662,2,14,pitch_jump,1.0,0.016735400302120472,19.94000391386999,88.72741817212186
2662,2,15,pitch_jump,1.0,0.1682410024674047,18.794011709668606,88.72741817212186
2662,2,18,pitch_jump,1.0,0.07035649001025342,15.814186476971678,88.72741817212186
2662,2,19,pitch_jump,1.0,0.21247260120544306,16.073869593471123,88.72741817212186
2662,2,20,pitch_jump,1.0,0.09664447879248533,15.222703539124476,88.72741817212186
2662,2,21,pitch_jump,1.0,0.08791322000083698,20.300367869660548,88.72741817212186
2663,1,27,pitch_jump,1.0,0.12109904007718177,12.775602532514668,88.76074928338112
2663,2,18,pitch_jump,1.0,0.04855174111775342,15.582583017023415,88.76074928338112
2664,2,2,pitch_jump,1.0,0.2234787195809526,14.227994315455415,88.79408039464036
2664,2,3,pitch_jump,1.0,0.22942220324281173,15.774038427747369,88.79408039464036
2664,2,6,pitch_jump,1.0,0.12241061257292112,26.075141046942587,88.79408039464036
2664,2,7,pitch_jump,1.0,0.23591534832706124,28.501666939357087,88.79408039464036
2664,2,8,pitch_jump,1.0,0.03088143311744838,17.887177795723996,88.79408039464036
2664,2,9,pitch_jump,1.0,0.11704930304984204,17.983942907394354,88.79408039464036
2664,2,10,pitch_jump,1.0,0.16024126945324943,17.383132140665253,88.79408039464036
2664,2,11,pitch_jump,1.0,0.2156630059214796,14.225955188029474,88.79408039464036
2664,2,13,pitch_jump,1.0,0.172902106994231,18.02416846119385,88.79408039464036
2664,2,14,pitch_jump,1.0,0.03160206959354425,19.17051564891179,88.79408039464036
2664,2,15,pitch_jump,1.0,0.17530497978165643,19.700162922035652,88.79408039464036
2664,2,17,pitch_jump,1.0,0.08862399555452373,19.60615797169046,88.79408039464036
2664,2,18,pitch_jump,1.0,0.07486539824096156,21.865569422359016,88.79408039464036
2664,2,19,pitch_jump,1.0,0.21585372283945872,17.625200432719005,88.79408039464036
2664,2,20,pitch_jump,1.0,0.1344661236765816,21.618491063875226,88.79408039464036
2664,2,21,pitch_jump,1.0,0.0809243449979019,14.223931934296884,88.79408039464036
2665,1,27,pitch_jump,1.0,0.22716594525336875,13.684849574277294,88.8274115058996
2666,2,6,pitch_jump,1.0,0.05161399702417017,19.89591698571921,88.86074261715886
2666,2,7,pitch_jump,1.0,0.11837673991997337,23.624108574553397,88.86074261715886
2666,2,8,pitch_jump,1.0,0.05884979197858201,16.628978002115513,88.86074261715886
2666,2,9,pitch_jump,1.0,0.05162263361546864,16.594974485273855,88.86074261715886
2666,2,14,pitch_jump,1.0,0.011890264934862359,16.75393107546271,88.86074261715886
2666,2,18,pitch_jump,1.0,0.0368683564554857,12.423032430134823,88.86074261715886
2666,2,21,pitch_jump,1.0,0.010919832567346993,18.308873396338143,88.86074261715886
2667,2,6,pitch_jump,1.0,0.10593386484111693,21.805090185410425,88.8940737284181
2667,2,8,pitch_jump,1.0,0.04264299758956572,20.551314914775208,88.8940737284181
2667,2,9,pitch_jump,1.0,0.11510363214871079,17.09286765101161,88.8940737284181
2667,2,13,pitch_jump,1.0,0.16182742365582434,16.543378217604456,88.8940737284181
2667,2,14,pitch_jump,1.0,0.05916818884798199,21.726462915750375,88.8940737284181
2667,2,17,pitch_jump,1.0,0.08301413220074866,18.202814801626833,88.8940737284181
2667,2,18,pitch_jump,1.0,0.09133750570082784,20.649005274501523,88.8940737284181
2667,2,20,pitch_jump,1.0,0.16682523191046703,14.109467858990172,88.8940737284181
2667,2,21,pitch_jump,1.0,0.07888971248145123,12.821998428599352,88.8940737284181
2668,2,10,pitch_jump,1.0,0.14701008443167923,13.827475950364962,88.92740483967737
2670,2,8,pitch_jump,1.0,0.09410114349134997,12.235756249095886,88.99406706219585
2673,2,8,pitch_jump,1.0,0.013109442418890017,14.92841343688434,89.0940603959736
2673,2,14,pitch_jump,1.0,0.014912225935452595,14.841352647011355,89.0940603959736
2673,2,15,pitch_jump,1.0,0.14514640422162256,12.791787118997913,89.0940603959736
2674,1,27,pitch_jump,1.0,0.21657944265871917,16.36745962617611,89.12739150723286
2674,2,2,pitch_jump,1.0,0.18085873787611018,13.797735439382118,89.12739150723286
2674,2,3,pitch_jump,1.0,0.1789888081266673,14.850527848454924,89.12739150723286
2674,2,11,pitch_jump,1.0,0.20176454126964302,16.476575720173766,89.12739150723286
2674,2,19,pitch_jump,1.0,0.18458998545033775,12.771512319170021,89.12739150723286
2674,2,21,pitch_jump,1.0,0.08653086819096695,13.617548287097206,89.12739150723286
2675,1,27,pitch_jump,1.0,0.09286034388367079,17.949546632453647,89.1607226184921
2675,2,2,pitch_jump,1.0,0.07718604007012463,20.37623861776784,89.1607226184921
2675,2,3,pitch_jump,1.0,0.07350069479192747,19.406387453076093,89.1607226184921
2675,2,10,pitch_jump,1.0,0.06513371359813049,22.717214277152454,89.1607226184921
2675,2,11,pitch_jump,1.0,0.09165134761826337,23.805853362581686,89.1607226184921
2675,2,13,pitch_jump,1.0,0.05207741030115712,12.212129412597404,89.1607226184921
2675,2,15,pitch_jump,1.0,0.06002961071591044,21.97516556250574,89.1607226184921
2675,2,19,pitch_jump,1.0,0.08294155489530232,23.388052397436873,89.1607226184921
2676,2,2,pitch_jump,1.0,0.16968314079908706,16.655142924747345,89.19405372975136
2676,2,3,pitch_jump,1.0,0.17082941080628983,14.610059004814804,89.19405372975136
2676,2,8,pitch_jump,1.0,0.050970255967038976,12.716643531885811,89.19405372975136
2676,2,9,pitch_jump,1.0,0.07820866476105563,16.424436930521175,89.19405372975136
2676,2,11,pitch_jump,1.0,0.2072069803969173,14.046844850550166,89.19405372975136
2676,2,13,pitch_jump,1.0,0.12923708857788577,16.36664013560961,89.19405372975136
2676,2,15,pitch_jump,1.0,0.12453418844249046,18.281943002202734,89.19405372975136
2676,2,17,pitch_jump,1.0,0.09065080578949819,16.912096756905623,89.19405372975136
2676,2,19,pitch_jump,1.0,0.18102869166415161,12.607541757078701,89.19405372975136
2676,2,21,pitch_jump,1.0,0.0878246603365744,18.293046640650758,89.19405372975136
2677,2,3,pitch_jump,1.0,0.16249907354166687,14.018467853735997,89.2273848410106
2677,2,6,pitch_jump,1.0,0.11337042591709437,18.26151457101755,89.2273848410106
2677,2,8,pitch_jump,1.0,0.06743302842748808,12.59154204297049,89.2273848410106
2677,2,9,pitch_jump,1.0,0.1058614362473743,21.280782849327196,89.2273848410106
2677,2,10,pitch_jump,1.0,0.1153360823628482,24.783479501231206,89.2273848410106
2677,2,11,pitch_jump,1.0,0.19070294547406721,13.717665545109664,89.2273848410106
2677,2,13,pitch_jump,1.0,0.1072647487767076,15.08646510372555,89.2273848410106
2677,2,14,pitch_jump,1.0,0.04548440345736096,17.188521057883428,89.2273848410106
2677,2,15,pitch_jump,1.0,0.11459328573084096,12.930745073551082,89.2273848410106
2677,2,17,pitch_jump,1.0,0.07418811746518182,18.48728052155271,89.2273848410106
2677,2,18,pitch_jump,1.0,0.05516164576306013,23.84926840125181,89.2273848410106
2677,2,19,pitch_jump,1.0,0.15569782219402678,18.147187870247674,89.2273848410106
2677,2,20,pitch_jump,1.0,0.09414424372537884,18.740522084278798,89.2273848410106
2678,2,11,pitch_jump,1.0,0.09470775480600864,12.221798227620496,89.26071595226985
2678,2,19,pitch_jump,1.0,0.07702240178440468,12.065259394458643,89.26071595226985
2679,2,10,pitch_jump,1.0,0.15273212175479023,24.011733561055244,89.2940470635291
2679,2,14,pitch_jump,1.0,0.05707384299656072,15.100984442188814,89.2940470635291
2680,2,14,pitch_jump,1.0,0.0897780207499973,13.520757238063286,89.32737817478835
2680,2,21,pitch_jump,1.0,0.13025713467101405,21.10608190442499,89.32737817478835
2681,1,27,pitch_jump,1.0,0.08943844832365175,23.11764508105576,89.3607092860476
2681,2,2,pitch_jump,1.0,0.06670130797581678,23.72178060757013,89.3607092860476
2681,2,3,pitch_jump,1.0,0.09163271176694057,21.80482560632145,89.3607092860476
2681,2,9,pitch_jump,1.0,0.05951553119752079,13.58190549641538,89.3607092860476
2681,2,11,pitch_jump,1.0,0.08941890442883038,24.66553153080279,89.3607092860476
2681,2,15,pitch_jump,1.0,0.04683227890698423,16.901988532336162,89.3607092860476
2681,2,19,pitch_jump,1.0,0.07390060470134913,19.27927962327043,89.3607092860476
2682,1,27,pitch_jump,1.0,0.15646031028332072,28.536708790413776,89.39404039730685
2682,2,2,pitch_jump,1.0,0.14541996885366829,21.177201620222377,89.39404039730685
2682,2,3,pitch_jump,1.0,0.16753404206171704,24.62410671912116,89.39404039730685
2682,2,8,pitch_jump,1.0,0.02408574549104568,14.861015645317117,89.39404039730685
2682,2,10,pitch_jump,1.0,0.08937998875532348,17.770275703287346,89.39404039730685
2682,2,11,pitch_jump,1.0,0.17780290034018004,26.064824975166626,89.39404039730685
2682,2,13,pitch_jump,1.0,0.07930348932841302,15.925060376069982,89.39404039730685
2682,2,14,pitch_jump,1.0,0.004779518678007653,15.438554575536111,89.39404039730685
2682,2,15,pitch_jump,1.0,0.10103951964689893,16.434760093897477,89.39404039730685
2682,2,17,pitch_jump,1.0,0.07974732732113676,12.12755740623968,89.39404039730685
2682,2,18,pitch_jump,1.0,0.062012943343443996,15.728630349354848,89.39404039730685
2682,2,19,pitch_jump,1.0,0.14701132673523248,23.57196093973368,89.39404039730685
2682,2,21,pitch_jump,1.0,0.07070196225299809,14.012851927619298,89.39404039730685
2683,2,9,pitch_jump,1.0,0.1377892448760166,19.17527391446042,89.4273715085661
2685,2,6,pitch_jump,1.0,0.10588727082943962,12.385567295910267,89.4940337310846
2685,2,11,pitch_jump,1.0,0.1649796097372249,12.420038425415344,89.4940337310846
2686,1,27,pitch_jump,1.0,0.1491011479876488,12.402623117235748,89.52736484234384
2686,2,2,pitch_jump,1.0,0.1602457094199753,14.144591619393347,89.52736484234384
2686,2,3,pitch_jump,1.0,0.130985425201668,15.608805263936855,89.52736484234384
2686,2,8,pitch_jump,1.0,0.047219856808934736,21.721581961374486,89.52736484234384
2686,2,9,pitch_jump,1.0,0.06348206564417005,16.201277804031832,89.52736484234384
2686,2,10,pitch_jump,1.0,0.08759081856984013,17.364036696433136,89.52736484234384
2686,2,11,pitch_jump,1.0,0.1599862982106664,12.984708782864592,89.52736484234384
2686,2,13,pitch_jump,1.0,0.06778663994610634,19.1692701861494,89.52736484234384
2686,2,14,pitch_jump,1.0,0.03343567417837626,19.574885596355454,89.52736484234384
2686,2,15,pitch_jump,1.0,0.057963246954434645,19.56456149267644,89.52736484234384
2686,2,17,pitch_jump,1.0,0.029850478598262214,24.783527632532586,89.52736484234384
2686,2,18,pitch_jump,1.0,0.05429373175257306,15.877718768235896,89.52736484234384
2686,2,19,pitch_jump,1.0,0.14629902505252795,15.773813167786942,89.52736484234384
2686,2,20,pitch_jump,1.0,0.041960767709185234,18.572129172469094,89.52736484234384
2686,2,21,pitch_jump,1.0,0.012913264349945244,20.625222252423534,89.52736484234384
2687,2,6,pitch_jump,1.0,0.05602656569889336,24.346392258664903,89.5606959536031
2687,2,8,pitch_jump,1.0,0.052096604092356114,13.530214976413822,89.5606959536031
2687,2,9,pitch_jump,1.0,0.01941010817931276,14.644930421268272,89.5606959536031
2687,2,10,pitch_jump,1.0,0.033794272512829036,18.347514763819277,89.5606959536031
2687,2,13,pitch_jump,1.0,0.020149601938177174,12.301908826150447,89.5606959536031
2687,2,14,pitch_jump,1.0,0.01960349979451084,18.245136428197423,89.5606959536031
2687,2,17,pitch_jump,1.0,0.016629583678592942,14.819257513073648,89.5606959536031
2687,2,18,pitch_jump,1.0,0.017010655542367678,23.978864214069414,89.5606959536031
2687,2,20,pitch_jump,1.0,0.043554326103913146,15.825135875537406,89.5606959536031
2687,2,21,pitch_jump,1.0,0.017717757216910768,16.237613554447528,89.5606959536031
2688,2,2,pitch_jump,1.0,0.10409057933739796,19.63566007652763,89.59402706486235
2688,2,3,pitch_jump,1.0,0.13900177303822317,15.669463685707916,89.59402706486235
2688,2,6,pitch_jump,1.0,0.07982332833346897,21.325542573292214,89.59402706486235
2688,2,8,pitch_jump,1.0,0.0671724594005985,17.108072086914763,89.59402706486235
2688,2,9,pitch_jump,1.0,0.07189204038895858,13.978492999967381,89.59402706486235
2688,2,10,pitch_jump,1.0,0.12120192645758822,31.67762906488211,89.59402706486235
2688,2,11,pitch_jump,1.0,0.15395359121693208,14.550220074635584,89.59402706486235
2688,2,13,pitch_jump,1.0,0.07559819358972233,30.83355511027829,89.59402706486235
2688,2,14,pitch_jump,1.0,0.054233707017528,13.703439048280936,89.59402706486235
2688,2,15,pitch_jump,1.0,0.07484719056239497,24.502330676753694,89.59402706486235
2688,2,17,pitch_jump,1.0,0.057843138826356076,29.61884402226795,89.59402706486235
2688,2,18,pitch_jump,1.0,0.03997876607209519,21.152646995360183,89.59402706486235
2688,2,19,pitch_jump,1.0,0.1455936466384171,22.12936907834419,89.59402706486235
2688,2,20,pitch_jump,1.0,0.07339727777705407,21.362011048704577,89.59402706486235
2688,2,21,pitch_jump,1.0,0.15993111830642143,12.48680984023642,89.59402706486235
2689,2,9,pitch_jump,1.0,0.0723907791255031,12.715299342730315,89.62735817612159
2689,2,14,pitch_jump,1.0,0.06240865364154553,14.133316001497736,89.62735817612159
2689,2,21,pitch_jump,1.0,0.08529177678655353,16.979612987621312,89.62735817612159
2690,2,11,pitch_jump,1.0,0.07103945033202214,15.258949619437082,89.66068928738085
2691,2,14,pitch_jump,1.0,0.07822699383731678,14.707728880931285,89.69402039864009
2691,2,20,pitch_jump,1.0,0.08515250251518768,12.511497717447629,89.69402039864009
2691,2,21,pitch_jump,1.0,0.08693621282555156,14.025564923138726,89.69402039864009
2692,2,2,pitch_jump,1.0,0.12061941399659283,19.7534128934299,89.72735150989935
2692,2,3,pitch_jump,1.0,0.15666637051950627,15.425723338542264,89.72735150989935
2692,2,8,pitch_jump,1.0,0.03096155878940282,21.007494494612956,89.72735150989935
2692,2,9,pitch_jump,1.0,0.05994608164876611,16.059962654889947,89.72735150989935
2692,2,10,pitch_jump,1.0,0.09292796699375304,20.536666735387612,89.72735150989935
2692,2,11,pitch_jump,1.0,0.15280462914448123,15.533610049538048,89.72735150989935
2692,2,13,pitch_jump,1.0,0.08124476672377265,16.467941760798556,89.72735150989935
2692,2,14,pitch_jump,1.0,0.027888021051711082,23.949040305464337,89.72735150989935
2692,2,15,pitch_jump,1.0,0.07603032955415476,17.743512563763613,89.72735150989935
2692,2,17,pitch_jump,1.0,0.021843675597415152,20.254887102439312,89.72735150989935
2692,2,18,pitch_jump,1.0,0.031115154715548855,27.480081557252838,89.72735150989935
2692,2,19,pitch_jump,1.0,0.13598305754460757,15.52317764864993,89.72735150989935
2692,2,20,pitch_jump,1.0,0.08286860402056057,13.031888857892337,89.72735150989935
2692,2,21,pitch_jump,1.0,0.04730180630802274,20.643305867157355,89.72735150989935
2694,2,8,pitch_jump,1.0,0.008567994885105585,12.660139346889958,89.79401373241784
2694,2,14,pitch_jump,1.0,0.011453012090470475,13.437446362500667,89.79401373241784
2694,2,17,pitch_jump,1.0,0.018589684156741112,12.700478573913184,89.79401373241784
2694,2,18,pitch_jump,1.0,0.046501481992868916,15.374350488189359,89.79401373241784
2695,2,2,pitch_jump,1.0,0.12150656530810598,15.657081338908485,89.8273448436771
2695,2,3,pitch_jump,1.0,0.1572897542640404,15.885772611739107,89.8273448436771
2695,2,8,pitch_jump,1.0,0.043977283454762865,27.808228862509015,89.8273448436771
2695,2,9,pitch_jump,1.0,0.04072577729802434,26.075464856084224,89.8273448436771
2695,2,10,pitch_jump,1.0,0.08742342178646516,26.940282536789066,89.8273448436771
2695,2,11,pitch_jump,1.0,0.15776473025777715,17.911986711118242,89.8273448436771
2695,2,13,pitch_jump,1.0,0.03299620458074017,18.38377894867802,89.8273448436771
2695,2,14,pitch_jump,1.0,0.007891313690767723,30.30598166963496,89.8273448436771
2695,2,15,pitch_jump,1.0,0.07143223315832073,18.6343478404694,89.8273448436771
2695,2,17,pitch_jump,1.0,0.04048449295128082,26.281687541349367,89.8273448436771
2695,2,18,pitch_jump,1.0,0.021131053019190302,42.39378934842291,89.8273448436771
2695,2,19,pitch_jump,1.0,0.13701943710460715,15.234971868737379,89.8273448436771
2695,2,20,pitch_jump,1.0,0.07771040562548226,19.574862413896884,89.8273448436771
2695,2,21,pitch_jump,1.0,0.054037686736120846,20.422562698983352,89.8273448436771
2696,2,21,pitch_jump,1.0,0.07161700380628432,15.201167956832508,89.86067595493634
2697,2,8,pitch_jump,1.0,0.03482323917999034,17.243234039400395,89.89400706619558
2697,2,10,pitch_jump,1.0,0.09247365817898491,13.491876910294843,89.89400706619558
2697,2,13,pitch_jump,1.0,0.03304182670065551,17.346148031212742,89.89400706619558
2697,2,17,pitch_jump,1.0,0.041240136607570886,23.49594927712183,89.89400706619558
2697,2,18,pitch_jump,1.0,0.044930405787290864,23.561264193770814,89.89400706619558
2698,2,9,pitch_jump,1.0,0.109057087482782,13.66395252381783,89.92733817745484
2698,2,21,pitch_jump,1.0,0.14311885847539194,20.446398096313864,89.92733817745484
2699,2,17,pitch_jump,1.0,0.013689724663788752,12.57102242022384,89.96066928871409
2700,2,2,pitch_jump,1.0,0.10649401432248107,13.028215639865818,89.99400039997334
2700,2,3,pitch_jump,1.0,0.1009495276114566,18.539943123877652,89.99400039997334
2700,2,8,pitch_jump,1.0,0.008812648664229513,14.434045354475721,89.99400039997334
2700,2,9,pitch_jump,1.0,0.0474584751536112,13.088552458445745,89.99400039997334
2700,2,10,pitch_jump,1.0,0.07530566835594568,12.765282957636156,89.99400039997334
2700,2,11,pitch_jump,1.0,0.14050479373102595,12.488714127876603,89.99400039997334
2700,2,13,pitch_jump,1.0,0.07117402365946138,15.046187789024549,89.99400039997334
2700,2,14,pitch_jump,1.0,0.02531897886356951,14.587143127643785,89.99400039997334
2700,2,15,pitch_jump,1.0,0.06139557055215759,15.008669019542431,89.99400039997334
2700,2,17,pitch_jump,1.0,0.04001101744466402,13.635535266105714,89.99400039997334
2700,2,19,pitch_jump,1.0,0.0888596200478076,17.244734439317448,89.99400039997334
2700,2,21,pitch_jump,1.0,0.0394771477739116,13.788012254485638,89.99400039997334
2701,2,9,pitch_jump,1.0,0.06908024663527342,23.357897162568086,90.02733151123259
2701,2,13,pitch_jump,1.0,0.06212219397345251,12.136783869397881,90.02733151123259
2701,2,14,pitch_jump,1.0,0.05247507678815729,12.615729151429234,90.02733151123259
2701,2,20,pitch_jump,1.0,0.05986900605075946,18.643856522421622,90.02733151123259
2701,2,21,pitch_jump,1.0,0.1661332643895937,17.217920300177347,90.02733151123259
2702,2,21,pitch_jump,1.0,0.10861453921865005,20.634269467245343,90.06066262249183
2703,2,3,pitch_jump,1.0,0.12197625568272055,12.183942772146258,90.09399373375109
2703,2,8,pitch_jump,1.0,0.08374220911210513,34.5476237293713,90.09399373375109
2703,2,9,pitch_jump,1.0,0.06177527212955504,28.829120971011502,90.09399373375109
2703,2,10,pitch_jump,1.0,0.04829405026299701,17.084176379363953,90.09399373375109
2703,2,11,pitch_jump,1.0,0.11910346541915119,15.28983774567401,90.09399373375109
2703,2,13,pitch_jump,1.0,0.05385984972875979,15.50616689262441,90.09399373375109
2703,2,14,pitch_jump,1.0,0.04462044486864736,22.13059741781746,90.09399373375109
2703,2,17,pitch_jump,1.0,0.05411339372489271,18.52726761697853,90.09399373375109
2703,2,18,pitch_jump,1.0,0.1331415237911506,18.712104410599377,90.09399373375109
2703,2,20,pitch_jump,1.0,0.02871216671907445,19.564140146810985,90.09399373375109
2704,2,8,pitch_jump,1.0,0.06570119054114787,25.375616752082387,90.12732484501034
2704,2,9,pitch_jump,1.0,0.0639287132456149,18.55125972345875,90.12732484501034
2704,2,11,pitch_jump,1.0,0.14795804201942117,13.571813484341817,90.12732484501034
2704,2,14,pitch_jump,1.0,0.02819212043866001,20.619083597330903,90.12732484501034
2704,2,17,pitch_jump,1.0,0.029746782779938717,14.003669711418993,90.12732484501034
2704,2,20,pitch_jump,1.0,0.012933002437305118,12.147558386582999,90.12732484501034
2704,2,21,pitch_jump,1.0,0.042417257328533124,15.097510341663222,90.12732484501034
2705,2,3,pitch_jump,1.0,0.0435383746523141,14.439528788518782,90.16065595626958
2705,2,8,pitch_jump,1.0,0.05330381417436456,20.309597043764086,90.16065595626958
2705,2,9,pitch_jump,1.0,0.04381230881398654,16.110846931016642,90.16065595626958
2705,2,10,pitch_jump,1.0,0.010537429385038046,18.521447249548004,90.16065595626958
2705,2,11,pitch_jump,1.0,0.06309321517727366,17.803741004750368,90.16065595626958
2705,2,13,pitch_jump,1.0,0.017934491992138,18.423525907789337,90.16065595626958
2705,2,14,pitch_jump,1.0,0.03030625482186932,23.3696908087266,90.16065595626958
2705,2,15,pitch_jump,1.0,0.005767535634255138,12.464251539802307,90.16065595626958
2705,2,17,pitch_jump,1.0,0.012369171356890734,17.81080956602093,90.16065595626958
2705,2,18,pitch_jump,1.0,0.013967981360037483,33.257427148305524,90.16065595626958
2705,2,20,pitch_jump,1.0,0.029680586441044498,22.46368469659148,90.16065595626958
2705,2,21,pitch_jump,1.0,0.03769670512044965,24.530618753775318,90.16065595626958
2706,2,2,pitch_jump,1.0,0.0640378312021748,14.851159689232825,90.19398706752884
2706,2,3,pitch_jump,1.0,0.11036006647728683,17.455463701065092,90.19398706752884
2706,2,8,pitch_jump,1.0,0.037508378801234796,17.53096269057152,90.19398706752884
2706,2,9,pitch_jump,1.0,0.08500152787867378,15.539838828739697,90.19398706752884
2706,2,11,pitch_jump,1.0,0.10911882357846259,20.37503415754937,90.19398706752884
2706,2,14,pitch_jump,1.0,0.024430730287090214,21.82120735752367,90.19398706752884
2706,2,15,pitch_jump,1.0,0.005569614870597341,15.783380090567096,90.19398706752884
2706,2,19,pitch_jump,1.0,0.08107564313942468,13.869049839673544,90.19398706752884
2706,2,20,pitch_jump,1.0,0.01567408291264646,16.94184998518602,90.19398706752884
2706,2,21,pitch_jump,1.0,0.05198221521226666,16.37995854375546,90.19398706752884
2707,2,14,pitch_jump,1.0,0.07271269563397012,12.799540993225675,90.22731817878808
2708,2,8,pitch_jump,1.0,0.04051336975805601,21.49048953567644,90.26064929004734
2708,2,9,pitch_jump,1.0,0.15690090794169165,41.88706011905664,90.26064929004734
2708,2,14,pitch_jump,1.0,0.06219357132064863,25.344926677284345,90.26064929004734
2708,2,17,pitch_jump,1.0,0.008391561592699992,13.938148464322005,90.26064929004734
2708,2,18,pitch_jump,1.0,0.013920601326814094,23.52238862244338,90.26064929004734
2708,2,20,pitch_jump,1.0,0.051244035876281666,24.40396727615584,90.26064929004734
2708,2,21,pitch_jump,1.0,0.011529180656746697,12.657853226425361,90.26064929004734
2709,2,8,pitch_jump,1.0,0.0205739215477323,15.934580855585601,90.29398040130658
2709,2,10,pitch_jump,1.0,0.03343993246841111,15.092003818050369,90.29398040130658
2709,2,11,pitch_jump,1.0,0.1121357528315378,15.162331684728095,90.29398040130658
2709,2,14,pitch_jump,1.0,0.028968295470505882,13.633648196797386,90.29398040130658
2709,2,18,pitch_jump,1.0,0.043331586825197534,24.040305106324155,90.29398040130658
2709,2,19,pitch_jump,1.0,0.08950413320142017,14.289953578313982,90.29398040130658
2709,2,21,pitch_jump,1.0,0.012699590107646352,14.166020154481716,90.29398040130658
2710,2,9,pitch_jump,1.0,0.16173690803374785,29.31363481961111,90.32731151256583
2711,2,8,pitch_jump,1.0,0.04671210393863506,13.710078851004457,90.36064262382509
2711,2,9,pitch_jump,1.0,0.0871936175981291,13.49634545917405,90.36064262382509
2712,2,8,pitch_jump,1.0,0.06875060826452582,21.037619333654973,90.39397373508433
2712,2,14,pitch_jump,1.0,0.0993949077335731,12.810169140516095,90.39397373508433
2712,2,20,pitch_jump,1.0,0.03199206124514647,14.660042073697944,90.39397373508433
2712,2,21,pitch_jump,1.0,0.025572747804780638,13.319483839799046,90.39397373508433
2714,2,8,pitch_jump,1.0,0.05763883202476721,13.54662679200428,90.46063595760283
2714,2,21,pitch_jump,1.0,0.03496720903642004,12.075856874270249,90.46063595760283
2715,2,3,pitch_jump,1.0,0.09926006309359993,12.890545405962321,90.49396706886208
2715,2,8,pitch_jump,1.0,0.0432371059541724,20.25785125596348,90.49396706886208
2715,2,10,pitch_jump,1.0,0.07871834970379527,15.415051676883014,90.49396706886208
2715,2,14,pitch_jump,1.0,0.011055056722720606,16.787694049578516,90.49396706886208
2715,2,17,pitch_jump,1.0,0.013856171345996026,14.29855182695186,90.49396706886208
2715,2,18,pitch_jump,1.0,0.036821191488318916,17.949927354457994,90.49396706886208
2715,2,20,pitch_jump,1.0,0.023140542226669784,14.808259992261764,90.49396706886208
2715,2,21,pitch_jump,1.0,0.014601526723809783,20.128800443989793,90.49396706886208
2716,2,8,pitch_jump,1.0,0.03581479539401071,15.417150777597234,90.52729818012133
2716,2,9,pitch_jump,1.0,0.04068591381198655,16.237287116105016,90.52729818012133
2716,2,10,pitch_jump,1.0,0.08916049644056569,19.885028579571035,90.52729818012133
2716,2,14,pitch_jump,1.0,0.012859611794379864,14.76602918667426,90.52729818012133
2716,2,15,pitch_jump,1.0,0.038119726738147286,16.242361195823293,90.52729818012133
2716,2,17,pitch_jump,1.0,0.004022866634190182,12.538465355405226,90.52729818012133
2716,2,18,pitch_jump,1.0,0.028903786364380856,15.421706207651248,90.52729818012133
2716,2,20,pitch_jump,1.0,0.01088220002705398,15.53239501646142,90.52729818012133
2716,2,21,pitch_jump,1.0,0.029625047688296557,15.954169608753206,90.52729818012133
2718,2,9,pitch_jump,1.0,0.13499271287520215,28.677073587663447,90.59396040263982
2719,2,9,pitch_jump,1.0,0.13125066009636985,25.416344246650095,90.62729151389908
2720,2,2,pitch_jump,1.0,0.04819941788147252,12.519682140031113,90.66062262515833
2720,2,3,pitch_jump,1.0,0.03795329241318616,16.847231997157063,90.66062262515833
2720,2,11,pitch_jump,1.0,0.058069995637136086,16.561927526423545,90.66062262515833
2720,2,15,pitch_jump,1.0,0.004705970409377627,12.264451715121181,90.66062262515833
2720,2,19,pitch_jump,1.0,0.029612943273312962,12.881041826287946,90.66062262515833
2720,2,21,pitch_jump,1.0,0.01995549221340308,12.713351997759595,90.66062262515833
2721,2,8,pitch_jump,1.0,0.016915653796177006,12.709470998585072,90.69395373641757
2722,2,9,pitch_jump,1.0,0.06536086024178957,15.364404317057481,90.72728484767683
2724,2,3,pitch_jump,1.0,0.09660364702991392,16.021982420349435,90.79394707019533
2724,2,8,pitch_jump,1.0,0.02287361580034283,45.47778908564373,90.79394707019533
2724,2,9,pitch_jump,1.0,0.06098504765206327,64.56564693111847,90.79394707019533
2724,2,10,pitch_jump,1.0,0.070342653229719,31.69738570463733,90.79394707019533
2724,2,11,pitch_jump,1.0,0.13846196240911962,30.0018722605749,90.79394707019533
2724,2,13,pitch_jump,1.0,0.1269549141652874,28.735429335430577,90.79394707019533
2724,2,14,pitch_jump,1.0,0.007587197003027339,61.690124438216294,90.79394707019533
2724,2,17,pitch_jump,1.0,0.028843760219397264,38.947269385960524,90.79394707019533
2724,2,18,pitch_jump,1.0,0.03273751635461016,128.6275987198928,90.79394707019533
2724,2,20,pitch_jump,1.0,0.054318532720532386,57.3941583212747,90.79394707019533
2724,2,21,pitch_jump,1.0,0.018673599458526806,49.375777182431186,90.79394707019533
2725,2,10,pitch_jump,1.0,0.0863600842046362,12.024993202796407,90.82727818145457
2725,2,11,pitch_jump,1.0,0.12667661175052772,14.412198883448259,90.82727818145457
2727,2,14,pitch_jump,1.0,0.05317807589039149,16.278533458328898,90.89394040397308
2729,2,11,pitch_jump,1.0,0.06649782013823767,13.272583009028663,90.96060262649156
2729,2,20,pitch_jump,1.0,0.033771045935729126,13.353166721348419,90.96060262649156
2730,2,10,pitch_jump,1.0,0.07598251648295329,12.6568630238644,90.99393373775082
2730,2,14,pitch_jump,1.0,0.05277986468209326,12.5845229018781,90.99393373775082
2731,2,8,pitch_jump,1.0,0.05017184989109643,15.950879670536075,91.02726484901007
2731,2,14,pitch_jump,1.0,0.03619759108212518,13.816746892984956,91.02726484901007
2734,2,21,pitch_jump,1.0,0.0037804461192021397,12.50467189352137,91.12725818278781
2735,2,9,pitch_jump,1.0,0.0316095646138842,13.13755066297709,91.16058929404707
2735,2,11,pitch_jump,1.0,0.060163772269373895,13.299118011765191,91.16058929404707
2736,2,3,pitch_jump,1.0,0.0760358559721039,12.455953242629372,91.19392040530632
2736,2,8,pitch_jump,1.0,0.08023674884832883,21.948426660012792,91.19392040530632
2736,2,9,pitch_jump,1.0,0.0721133366020134,26.15805781239339,91.19392040530632
2736,2,10,pitch_jump,1.0,0.022817953607714953,17.911903208486343,91.19392040530632
2736,2,11,pitch_jump,1.0,0.10100430401736987,17.506108161511865,91.19392040530632
2736,2,13,pitch_jump,1.0,0.030439435650984836,13.783035643427622,91.19392040530632
2736,2,14,pitch_jump,1.0,0.02894390902103717,29.45197108307005,91.19392040530632
2736,2,17,pitch_jump,1.0,0.033753556790559205,14.745444162646585,91.19392040530632
2736,2,20,pitch_jump,1.0,0.06490775862812813,24.406976988908177,91.19392040530632
2736,2,21,pitch_jump,1.0,0.01491895511810456,27.627501089759726,91.19392040530632
2739,2,14,pitch_jump,1.0,0.0387898972539835,12.247957916904381,91.29391373908406
2742,2,9,pitch_jump,1.0,0.02739338061854951,14.963957921717242,91.39390707286181
2742,2,13,pitch_jump,1.0,0.041740906964585045,13.298859544162195,91.39390707286181
2742,2,14,pitch_jump,1.0,0.044115040890820516,15.033551942458422,91.39390707286181
2742,2,17,pitch_jump,1.0,0.029495412313935092,13.760294421926627,91.39390707286181
2742,2,20,pitch_jump,1.0,0.055172927378750965,13.850737867708467,91.39390707286181
2743,2,8,pitch_jump,1.0,0.07954000589869659,19.943599694800373,91.42723818412107
2743,2,10,pitch_jump,1.0,0.030835502890173148,16.145404044151817,91.42723818412107
2743,2,14,pitch_jump,1.0,0.061265357097655154,15.42711389007808,91.42723818412107
2743,2,17,pitch_jump,1.0,0.027190194060178245,13.513761096271413,91.42723818412107
2743,2,20,pitch_jump,1.0,0.04268409651127978,13.509508416122811,91.42723818412107
2744,2,8,pitch_jump,1.0,0.04914290344991128,12.667488955522531,91.46056929538031
2745,2,8,pitch_jump,1.0,0.06324325521482009,14.92291906094595,91.49390040663955
2745,2,10,pitch_jump,1.0,0.031956544290563896,13.813538756629931,91.49390040663955
2745,2,14,pitch_jump,1.0,0.051754451852276055,14.535585322045005,91.49390040663955
2747,2,9,pitch_jump,1.0,0.02482169049383921,14.799739254140768,91.56056262915806
2748,2,8,pitch_jump,1.0,0.0522554113550626,15.853092112082036,91.59389374041731
2748,2,9,pitch_jump,1.0,0.027269192115512892,17.122949312982445,91.59389374041731
2748,2,13,pitch_jump,1.0,0.016024005990495232,15.684804838169166,91.59389374041731
2748,2,14,pitch_jump,1.0,0.049170661951076444,18.392889273766603,91.59389374041731
2748,2,17,pitch_jump,1.0,0.017990522576425885,14.531078098458993,91.59389374041731
2748,2,20,pitch_jump,1.0,0.032588989715283415,18.74542453456253,91.59389374041731
2748,2,21,pitch_jump,1.0,0.03180844510878291,16.590915061161155,91.59389374041731
2764,2,2,pitch_jump,1.0,0.052489962566500306,17.244792562920317,92.1271915205653
2766,2,9,pitch_jump,1.0,0.038170373304973075,14.105679179227081,92.19385374308379
2766,2,14,pitch_jump,1.0,0.11282778201085308,12.740064298661075,92.19385374308379
2767,2,8,pitch_jump,1.0,0.013536846139955845,12.46740324161444,92.22718485434305
2767,2,13,pitch_jump,1.0,0.04501125024487786,14.522541529073441,92.22718485434305
2767,2,21,pitch_jump,1.0,0.0310904071435898,13.026261043727917,92.22718485434305
2769,2,9,pitch_jump,1.0,0.03739801044520376,15.677251582135451,92.29384707686154
2770,2,2,pitch_jump,1.0,0.12684973797849589,37.0668096710739,92.3271781881208
2771,2,2,pitch_jump,1.0,0.1215118332463416,31.217726148171717,92.36050929938004
2772,2,2,pitch_jump,1.0,0.2299894090118488,48.3968787141647,92.3938404106393
2773,2,2,pitch_jump,1.0,0.11327630409474027,22.448997799849437,92.42717152189854
2773,2,3,pitch_jump,1.0,0.1365044751845599,12.937489073016428,92.42717152189854
2773,2,8,pitch_jump,1.0,0.06563405776670976,21.77763006561973,92.42717152189854
2773,2,9,pitch_jump,1.0,0.05445228298354915,29.690299551633757,92.42717152189854
2773,2,10,pitch_jump,1.0,0.11416320389671343,14.709900241113685,92.42717152189854
2773,2,11,pitch_jump,1.0,0.09118889190607099,17.45211484134046,92.42717152189854
2773,2,13,pitch_jump,1.0,0.10642433653371619,18.556203281138572,92.42717152189854
2773,2,14,pitch_jump,1.0,0.1272803756815345,23.308172498369093,92.42717152189854
2773,2,15,pitch_jump,1.0,0.08895725430216889,17.382743535321215,92.42717152189854
2773,2,17,pitch_jump,1.0,0.08934630075302864,22.962185123758925,92.42717152189854
2773,2,19,pitch_jump,1.0,0.12643365653289695,17.725559049715745,92.42717152189854
2773,2,20,pitch_jump,1.0,0.0224623766982059,30.173366727969125,92.42717152189854
2773,2,21,pitch_jump,1.0,0.04947216789039029,22.718020777508087,92.42717152189854
2774,2,9,pitch_jump,1.0,0.0175886970837892,13.193037732105964,92.46050263315779
2774,2,14,pitch_jump,1.0,0.07527717078848839,12.998740153030921,92.46050263315779
2775,2,2,pitch_jump,1.0,0.12897117098959426,13.34640374586939,92.49383374441705
2775,2,3,pitch_jump,1.0,0.13419608489463541,17.39791582139187,92.49383374441705
2775,2,10,pitch_jump,1.0,0.13672233951028143,17.10672052566918,92.49383374441705
2775,2,11,pitch_jump,1.0,0.12282703479300312,19.956387494955667,92.49383374441705
2775,2,19,pitch_jump,1.0,0.13337414270355982,19.46960670689914,92.49383374441705
2775,2,21,pitch_jump,1.0,0.111028755275703,14.181535003832563,92.49383374441705
2776,2,8,pitch_jump,1.0,0.07752125727496961,15.58598145568876,92.52716485567629
2776,2,9,pitch_jump,1.0,0.08006423658038594,14.388995591890712,92.52716485567629
2776,2,10,pitch_jump,1.0,0.1370859345539206,12.529712239876865,92.52716485567629
2776,2,13,pitch_jump,1.0,0.12891512598667831,12.890585751950788,92.52716485567629
2776,2,14,pitch_jump,1.0,0.15135140074392653,15.328190615310337,92.52716485567629
2776,2,15,pitch_jump,1.0,0.1158943828132624,12.088375918564289,92.52716485567629
2776,2,17,pitch_jump,1.0,0.09722238444211809,15.989573597857746,92.52716485567629
2776,2,20,pitch_jump,1.0,0.09931354915094186,13.70299522884029,92.52716485567629
2777,2,8,pitch_jump,1.0,0.027903398944823292,12.0869427380206,92.56049596693555
2777,2,9,pitch_jump,1.0,0.05675411542612522,14.498941253754115,92.56049596693555
2777,2,11,pitch_jump,1.0,0.07081820762492565,14.265068317973986,92.56049596693555
2777,2,20,pitch_jump,1.0,0.05425088446589991,12.960296275945204,92.56049596693555
2778,2,2,pitch_jump,1.0,0.16098701891464265,12.132508870263138,92.59382707819479
2778,2,3,pitch_jump,1.0,0.21478731581093244,19.449314224892188,92.59382707819479
2778,2,8,pitch_jump,1.0,0.12126606529797988,29.428172787135246,92.59382707819479
2778,2,9,pitch_jump,1.0,0.12144116990416629,55.6514118775848,92.59382707819479
2778,2,10,pitch_jump,1.0,0.18194683494692634,13.60121642960293,92.59382707819479
2778,2,11,pitch_jump,1.0,0.1755754144087766,37.46688210340743,92.59382707819479
2778,2,14,pitch_jump,1.0,0.1487530126358144,25.486885398481235,92.59382707819479
2778,2,17,pitch_jump,1.0,0.11644314785131699,20.603732708062605,92.59382707819479
2778,2,19,pitch_jump,1.0,0.18265365522777507,13.934001847680586,92.59382707819479
2778,2,20,pitch_jump,1.0,0.13394307035211286,48.912929642642894,92.59382707819479
2778,2,21,pitch_jump,1.0,0.14733496440802343,38.12647860652096,92.59382707819479
2780,2,10,pitch_jump,1.0,0.1568259251428121,13.248779891623336,92.6604893007133
2780,2,13,pitch_jump,1.0,0.060792724323659744,13.750412750992181,92.6604893007133
2780,2,14,pitch_jump,1.0,0.09000051124029933,16.73211150386507,92.6604893007133
2780,2,17,pitch_jump,1.0,0.06398555593784229,13.881508858112834,92.6604893007133
2780,2,18,pitch_jump,1.0,0.0506906865789902,15.470122512382552,92.6604893007133
2781,2,18,pitch_jump,1.0,0.11889008521128976,17.013942706276865,92.69382041197254
2783,2,18,pitch_jump,1.0,0.06552482584187963,17.542787910120925,92.76048263449104
2784,2,2,pitch_jump,1.0,0.304763280480288,18.05745279343949,92.79381374575028
2784,2,3,pitch_jump,1.0,0.3372892816759869,18.94610187923554,92.79381374575028
2784,2,8,pitch_jump,1.0,0.22271538695099433,23.37742660626957,92.79381374575028
2784,2,9,pitch_jump,1.0,0.19817636670150146,29.861114220908462,92.79381374575028
2784,2,10,pitch_jump,1.0,0.2596301346346193,15.867609198442885,92.79381374575028
2784,2,11,pitch_jump,1.0,0.32073079815140515,23.045560166163625,92.79381374575028
2784,2,14,pitch_jump,1.0,0.22079412883593674,21.103791592567756,92.79381374575028
2784,2,15,pitch_jump,1.0,0.22983883955602294,17.612306270936994,92.79381374575028
2784,2,17,pitch_jump,1.0,0.1979611741417786,22.170932491386687,92.79381374575028
2784,2,18,pitch_jump,1.0,0.14899536611389172,29.762870904418502,92.79381374575028
2784,2,19,pitch_jump,1.0,0.29026694886228593,17.983914622791158,92.79381374575028
2784,2,20,pitch_jump,1.0,0.1853294172960705,26.75142978040405,92.79381374575028
2784,2,21,pitch_jump,1.0,0.2445621304470029,23.49543672711028,92.79381374575028
2785,2,4,pitch_jump,1.0,0.2235318706618659,15.703111755277567,92.82714485700954
2785,2,9,pitch_jump,1.0,0.2339830445828128,13.00870350927313,92.82714485700954
2785,2,18,pitch_jump,1.0,0.1471803679622129,16.29140195886625,92.82714485700954
2786,2,2,pitch_jump,1.0,0.15952529379996097,12.108256804399907,92.86047596826879
2786,2,11,pitch_jump,1.0,0.1765373655815763,12.829069083851142,92.86047596826879
2787,2,8,pitch_jump,1.0,0.23757720353270415,15.551923691077171,92.89380707952803
2787,2,9,pitch_jump,1.0,0.27669835949363014,19.253798908883464,92.89380707952803
2787,2,11,pitch_jump,1.0,0.3840418424505827,13.474548431544324,92.89380707952803
2787,2,13,pitch_jump,1.0,0.36456338284329604,18.428029207441377,92.89380707952803
2787,2,17,pitch_jump,1.0,0.1918294645851973,12.321753348628143,92.89380707952803
2787,2,18,pitch_jump,1.0,0.1612425309941034,23.519279416676962,92.89380707952803
2787,2,20,pitch_jump,1.0,0.23682459579198792,17.257364632995174,92.89380707952803
2788,2,14,pitch_jump,1.0,0.22499018714148414,12.2990641975536,92.92713819078729
2789,1,27,pitch_jump,1.0,0.20307755463677388,13.328703251115078,92.96046930204653
2789,2,2,pitch_jump,1.0,0.1521976176936253,15.21239277535498,92.96046930204653
2789,2,3,pitch_jump,1.0,0.21843422261709797,12.810354333092619,92.96046930204653
2789,2,8,pitch_jump,1.0,0.1138974716919416,15.60392263223978,92.96046930204653
2789,2,9,pitch_jump,1.0,0.12616127966421734,21.309531389249052,92.96046930204653
2789,2,10,pitch_jump,1.0,0.14208358669449944,12.729855059274568,92.96046930204653
2789,2,11,pitch_jump,1.0,0.19555713591111962,15.346777042181673,92.96046930204653
2789,2,13,pitch_jump,1.0,0.141973885402068,12.08091378240724,92.96046930204653
2789,2,14,pitch_jump,1.0,0.12097494086832436,20.81409123765187,92.96046930204653
2789,2,15,pitch_jump,1.0,0.12570839318276708,14.275063094030896,92.96046930204653
2789,2,17,pitch_jump,1.0,0.10824299473499911,16.475396772825952,92.96046930204653
2789,2,18,pitch_jump,1.0,0.08000088978448325,27.61341968703093,92.96046930204653
2789,2,19,pitch_jump,1.0,0.17316881708224074,13.01696156623133,92.96046930204653
2789,2,20,pitch_jump,1.0,0.11318280904656779,19.3119658072568,92.96046930204653
2789,2,21,pitch_jump,1.0,0.15184491659374375,16.862342310690302,92.96046930204653
2790,2,2,pitch_jump,1.0,0.3469932906159932,15.249358626432127,92.99380041330578
2790,2,3,pitch_jump,1.0,0.4339335461185717,13.247814953279697,92.99380041330578
2790,2,8,pitch_jump,1.0,0.2485539148211569,15.158978190058429,92.99380041330578
2790,2,9,pitch_jump,1.0,0.2701153424987898,17.226361855514302,92.99380041330578
2790,2,11,pitch_jump,1.0,0.41012488008552334,14.465087517184918,92.99380041330578
2790,2,13,pitch_jump,1.0,0.2910567562171775,13.853415791056317,92.99380041330578
2790,2,14,pitch_jump,1.0,0.23901373954837762,14.938499162556605,92.99380041330578
2790,2,15,pitch_jump,1.0,0.3076305607364152,13.879128982951295,92.99380041330578
2790,2,17,pitch_jump,1.0,0.23761374935478086,13.402841187830527,92.99380041330578
2790,2,18,pitch_jump,1.0,0.17668489076752492,15.500426772238566,92.99380041330578
2790,2,19,pitch_jump,1.0,0.3441128415553242,13.53405452307101,92.99380041330578
2790,2,20,pitch_jump,1.0,0.24278373944710657,15.966647566615375,92.99380041330578
2790,2,21,pitch_jump,1.0,0.328879399955058,14.650623140266106,92.99380041330578
2791,2,2,pitch_jump,1.0,0.38001458855858766,19.84006542259029,93.02713152456504
2791,2,3,pitch_jump,1.0,0.43061608491440856,17.75452681898102,93.02713152456504
2791,2,8,pitch_jump,1.0,0.25353647386268274,20.258283094397605,93.02713152456504
2791,2,9,pitch_jump,1.0,0.28217203654441103,33.020899783208534,93.02713152456504
2791,2,10,pitch_jump,1.0,0.2890409302822693,16.65571045449678,93.02713152456504
2791,2,11,pitch_jump,1.0,0.4077499147321523,22.57629360878861,93.02713152456504
2791,2,13,pitch_jump,1.0,0.32864902371566385,15.88985385057278,93.02713152456504
2791,2,14,pitch_jump,1.0,0.23516044689314403,22.110654162394464,93.02713152456504
2791,2,15,pitch_jump,1.0,0.3339385458710548,17.20411382441637,93.02713152456504
2791,2,17,pitch_jump,1.0,0.24187790886800273,18.696275957345012,93.02713152456504
2791,2,18,pitch_jump,1.0,0.1782280129866835,32.228393629962326,93.02713152456504
2791,2,19,pitch_jump,1.0,0.366666137656182,16.11476843127328,93.02713152456504
2791,2,20,pitch_jump,1.0,0.24817222414480536,22.180204506550865,93.02713152456504
2791,2,21,pitch_jump,1.0,0.3272831324607363,22.83325293678154,93.02713152456504
2792,2,2,pitch_jump,1.0,0.1840738709278262,15.52561561643238,93.06046263582428
2792,2,3,pitch_jump,1.0,0.22665791550391665,16.14228765225257,93.06046263582428
2792,2,8,pitch_jump,1.0,0.12068929800767321,14.298334991746053,93.06046263582428
2792,2,9,pitch_jump,1.0,0.11801790411558494,23.186670380907568,93.06046263582428
2792,2,11,pitch_jump,1.0,0.19449091974010177,23.17172065701949,93.06046263582428
2792,2,13,pitch_jump,1.0,0.12249512901023553,12.009992941929315,93.06046263582428
2792,2,15,pitch_jump,1.0,0.16276587743512652,12.06950975907547,93.06046263582428
2792,2,16,pitch_jump,1.0,0.23447683490706292,36.32372531439965,93.06046263582428
2792,2,18,pitch_jump,1.0,0.0916639437164657,19.611048303764136,93.06046263582428
2792,2,19,pitch_jump,1.0,0.17880981443919225,14.530011484223332,93.06046263582428
2792,2,20,pitch_jump,1.0,0.10661887322637355,19.525984649432544,93.06046263582428
2792,2,21,pitch_jump,1.0,0.1602315326158355,19.34970920983077,93.06046263582428
2793,2,8,pitch_jump,1.0,0.2774813561128614,21.70472235973395,93.09379374708354
2793,2,9,pitch_jump,1.0,0.2756395720724907,31.156780570570493,93.09379374708354
2793,2,10,pitch_jump,1.0,0.3146806862231086,13.23813133493062,93.09379374708354
2793,2,11,pitch_jump,1.0,0.4343244275205374,13.534967631385182,93.09379374708354
2793,2,13,pitch_jump,1.0,0.3312301744493787,15.623245253122274,93.09379374708354
2793,2,14,pitch_jump,1.0,0.24428389814870685,24.046808314480575,93.09379374708354
2793,2,15,pitch_jump,1.0,0.3448905487486763,15.84497229856562,93.09379374708354
2793,2,16,pitch_jump,1.0,0.4905229862310058,30.75567967570005,93.09379374708354
2793,2,17,pitch_jump,1.0,0.25441895202420195,19.942994772324248,93.09379374708354
2793,2,18,pitch_jump,1.0,0.19431826844445094,46.429789896581845,93.09379374708354
2793,2,20,pitch_jump,1.0,0.26502614896935506,31.41300389432519,93.09379374708354
2793,2,21,pitch_jump,1.0,0.36893229688275314,18.96242572301418,93.09379374708354
2794,2,2,pitch_jump,1.0,0.3949190617882358,19.9706017472849,93.12712485834278
2794,2,3,pitch_jump,1.0,0.495779854423064,22.43495349042048,93.12712485834278
2794,2,8,pitch_jump,1.0,0.29307985801711606,60.42745345283651,93.12712485834278
2794,2,9,pitch_jump,1.0,0.27061515799088354,97.09731765030182,93.12712485834278
2794,2,10,pitch_jump,1.0,0.31670300427434606,31.624600899873744,93.12712485834278
2794,2,11,pitch_jump,1.0,0.44858756158769497,51.45170115109297,93.12712485834278
2794,2,13,pitch_jump,1.0,0.3179590951198501,31.143142195676003,93.12712485834278
2794,2,14,pitch_jump,1.0,0.24910158707585572,64.97022845249896,93.12712485834278
2794,2,15,pitch_jump,1.0,0.34184137344322163,30.42081246821749,93.12712485834278
2794,2,16,pitch_jump,1.0,0.5038698855675466,142.7703946197694,93.12712485834278
2794,2,17,pitch_jump,1.0,0.25339049916102435,51.580357928567174,93.12712485834278
2794,2,18,pitch_jump,1.0,0.2065908894861809,142.67300120008358,93.12712485834278
2794,2,19,pitch_jump,1.0,0.4020115540380634,22.170058546797,93.12712485834278
2794,2,20,pitch_jump,1.0,0.25423600719143824,87.91491220897612,93.12712485834278
2794,2,21,pitch_jump,1.0,0.36420943025264385,67.93209112676246,93.12712485834278
2795,2,16,pitch_jump,1.0,0.25165451941374734,14.09850855108984,93.16045596960203
2796,2,8,pitch_jump,1.0,0.2880066232550283,13.497358517322882,93.19378708086128
2796,2,10,pitch_jump,1.0,0.31903447354061043,14.54961857127117,93.19378708086128
2796,2,14,pitch_jump,1.0,0.25903176108677023,21.007913661261835,93.19378708086128
2796,2,17,pitch_jump,1.0,0.2610366313930409,18.928689845004726,93.19378708086128
2796,2,18,pitch_jump,1.0,0.2118319707501463,17.83286254516711,93.19378708086128
2796,2,20,pitch_jump,1.0,0.2714179568204258,14.2542701512978,93.19378708086128
2798,2,10,pitch_jump,1.0,0.17918512164840986,15.01871144984813,93.26044930337977
2798,2,13,pitch_jump,1.0,0.1557439937408225,12.87202543175116,93.26044930337977
2798,2,14,pitch_jump,1.0,0.13323824055501557,16.31316952476843,93.26044930337977
2798,2,17,pitch_jump,1.0,0.12777719853305403,14.729895571931978,93.26044930337977
2798,2,18,pitch_jump,1.0,0.10493161807732912,12.910681770475865,93.26044930337977
2799,2,18,pitch_jump,1.0,0.22264564514609955,15.296525557673519,93.29378041463903
2800,2,14,pitch_jump,1.0,0.25381479248033084,16.67985350597364,93.32711152589827
2800,2,17,pitch_jump,1.0,0.2315586041955075,12.830711094876218,93.32711152589827
2801,2,10,pitch_jump,1.0,0.17649460870083908,12.409242699520092,93.36044263715753
2801,2,14,pitch_jump,1.0,0.12212750534149157,19.217030196147302,93.36044263715753
2801,2,18,pitch_jump,1.0,0.09908445602173875,12.126791906046105,93.36044263715753
2802,2,2,pitch_jump,1.0,0.4127288834628205,37.653521277622666,93.39377374841678
2802,2,3,pitch_jump,1.0,0.4958930035897967,22.478614070667774,93.39377374841678
2802,2,7,pitch_jump,1.0,0.5459826296727068,36.05984686209574,93.39377374841678
2802,2,8,pitch_jump,1.0,0.3162980783055773,94.94479538402057,93.39377374841678
2802,2,9,pitch_jump,1.0,0.30932220145375344,58.96180060448286,93.39377374841678
2802,2,10,pitch_jump,1.0,0.3348597969842811,113.47954850450975,93.39377374841678
2802,2,13,pitch_jump,1.0,0.3135267772200095,101.22984167075829,93.39377374841678
2802,2,14,pitch_jump,1.0,0.23722061258298,137.39358997082587,93.39377374841678
2802,2,15,pitch_jump,1.0,0.3388577192803644,75.610925947422,93.39377374841678
2802,2,16,pitch_jump,1.0,0.4957491664927351,20.51789046418153,93.39377374841678
2802,2,18,pitch_jump,1.0,0.20458450372856257,112.90967389619078,93.39377374841678
2802,2,19,pitch_jump,1.0,0.39781622464838534,47.70797025109346,93.39377374841678
2802,2,20,pitch_jump,1.0,0.27256972113460587,74.99687147091909,93.39377374841678
2802,2,21,pitch_jump,1.0,0.3822783319197135,53.064298783590985,93.39377374841678
2803,1,27,pitch_jump,2.0,0.4616833824548627,15.567868119097446,93.42710485967602
2804,1,27,pitch_jump,1.0,0.2317431659154161,12.67986317954637,93.46043597093528
2804,2,6,pitch_jump,1.0,0.15116922780474962,12.476282191507789,93.46043597093528
2804,2,7,pitch_jump,1.0,0.25594129390712717,19.707877494011637,93.46043597093528
2804,2,8,pitch_jump,1.0,0.15198741110654218,26.785680744792412,93.46043597093528
2804,2,13,pitch_jump,1.0,0.12484060895186215,22.92567736227297,93.46043597093528
2804,2,16,pitch_jump,1.0,0.23203396538825147,15.658667385504446,93.46043597093528
2804,2,18,pitch_jump,1.0,0.0990417496832374,45.945067914947366,93.46043597093528
2804,2,20,pitch_jump,1.0,0.1251452053823703,23.59632043604234,93.46043597093528
2805,2,6,pitch_jump,1.0,0.30538164667988693,17.148887167303755,93.49376708219452
2805,2,7,pitch_jump,1.0,0.5138952517009251,12.818381469388422,93.49376708219452
2805,2,8,pitch_jump,1.0,0.2972621342532022,32.99659996102851,93.49376708219452
2805,2,9,pitch_jump,1.0,0.3072277174963706,25.73656485621916,93.49376708219452
2805,2,13,pitch_jump,1.0,0.27646034272251035,34.687441944914816,93.49376708219452
2805,2,15,pitch_jump,1.0,0.34701469439356053,20.653683596355346,93.49376708219452
2805,2,18,pitch_jump,1.0,0.21052806136602586,38.80079705327359,93.49376708219452
2805,2,19,pitch_jump,1.0,0.3586455092596696,12.38412703484997,93.49376708219452
2805,2,20,pitch_jump,1.0,0.2754472336680143,28.721292437174842,93.49376708219452
2805,2,21,pitch_jump,1.0,0.3594918726882579,17.678698337103818,93.49376708219452
2806,2,6,pitch_jump,1.0,0.30826871944566736,12.281840208976709,93.52709819345377
2806,2,8,pitch_jump,1.0,0.2814399478768594,21.08477818163624,93.52709819345377
2806,2,13,pitch_jump,1.0,0.2968626776951937,17.444222982220783,93.52709819345377
2806,2,18,pitch_jump,1.0,0.2018722329199556,26.86643199493795,93.52709819345377
2806,2,20,pitch_jump,1.0,0.2509148538861443,17.63563498025309,93.52709819345377
2807,2,6,pitch_jump,1.0,0.14224128935861535,14.806771505861263,93.56042930471303
2807,2,7,pitch_jump,1.0,0.2577818857479317,22.115328117591524,93.56042930471303
2807,2,8,pitch_jump,1.0,0.12924234846225685,29.73887521048586,93.56042930471303
2807,2,9,pitch_jump,1.0,0.12097063933934754,18.95467604059027,93.56042930471303
2807,2,13,pitch_jump,1.0,0.11810927214640009,42.51555243779398,93.56042930471303
2807,2,15,pitch_jump,1.0,0.16452216372242914,22.795846253840168,93.56042930471303
2807,2,16,pitch_jump,1.0,0.2245209298186062,22.372704573787818,93.56042930471303
2807,2,18,pitch_jump,1.0,0.09671653394066099,40.75962870619747,93.56042930471303
2807,2,19,pitch_jump,1.0,0.175488029187697,12.699510941516143,93.56042930471303
2807,2,20,pitch_jump,1.0,0.10211377297856045,24.43973211847266,93.56042930471303
2807,2,21,pitch_jump,1.0,0.1757647070463338,15.59095742567726,93.56042930471303
2808,2,2,pitch_jump,1.0,0.38408487667685687,32.18971250739526,93.59376041597227
2808,2,3,pitch_jump,1.0,0.4731676756662739,32.163031215942425,93.59376041597227
2808,2,6,pitch_jump,1.0,0.3039972017022693,37.948667904921585,93.59376041597227
2808,2,7,pitch_jump,1.0,0.5021180162881008,49.4574643868411,93.59376041597227
2808,2,8,pitch_jump,1.0,0.2776438474525146,72.27314003469697,93.59376041597227
2808,2,9,pitch_jump,1.0,0.2958515747100656,56.12537749492099,93.59376041597227
2808,2,11,pitch_jump,1.0,0.45439126832447696,34.189190083637534,93.59376041597227
2808,2,15,pitch_jump,1.0,0.3313652136754083,50.82531720528779,93.59376041597227
2808,2,18,pitch_jump,1.0,0.1961090043323472,87.12847344202312,93.59376041597227
2808,2,19,pitch_jump,1.0,0.36765866856207957,32.271264819016515,93.59376041597227
2808,2,20,pitch_jump,1.0,0.2324647679579881,61.75957756292379,93.59376041597227
2808,2,21,pitch_jump,1.0,0.35948374883669565,49.6949900682219,93.59376041597227
2810,2,2,pitch_jump,1.0,0.17432574240803606,15.080651026804306,93.66042263849077
2810,2,8,pitch_jump,1.0,0.12149034550220571,16.68472882834565,93.66042263849077
2810,2,15,pitch_jump,1.0,0.1387510087204005,13.940960805605826,93.66042263849077
2810,2,18,pitch_jump,1.0,0.07515573012588948,13.03079611382243,93.66042263849077
2810,2,19,pitch_jump,1.0,0.17181907564025128,20.756923476573135,93.66042263849077
2810,2,20,pitch_jump,1.0,0.10737273191898662,12.416854714566881,93.66042263849077
2811,2,2,pitch_jump,1.0,0.365281421789937,13.662413649229423,93.69375374975002
2811,2,8,pitch_jump,1.0,0.2659405993771362,17.456762515323163,93.69375374975002
2811,2,15,pitch_jump,1.0,0.3083774954594553,17.280223361075336,93.69375374975002
2811,2,18,pitch_jump,1.0,0.17135009880221017,12.701903669541723,93.69375374975002
2811,2,19,pitch_jump,1.0,0.35240763115728435,13.769536960947464,93.69375374975002
2811,2,21,pitch_jump,1.0,0.3095523304107169,13.638961131522386,93.69375374975002
2813,2,4,pitch_jump,1.0,0.09392014174821003,25.48173531596719,93.76041597226852
2813,2,6,pitch_jump,1.0,0.1324676182999496,18.80253422875058,93.76041597226852
2813,2,8,pitch_jump,1.0,0.11244356183626385,15.972464130379151,93.76041597226852
2813,2,9,pitch_jump,1.0,0.10603653765587197,13.772795656268183,93.76041597226852
2813,2,18,pitch_jump,1.0,0.07261578373026202,21.44911946602497,93.76041597226852
2813,2,20,pitch_jump,1.0,0.09385815612616603,15.679320909773622,93.76041597226852
2813,2,21,pitch_jump,1.0,0.1408844994818738,12.985567832373146,93.76041597226852
2814,2,2,pitch_jump,1.0,0.37100326795896094,13.808733095604138,93.79374708352776
2814,2,3,pitch_jump,1.0,0.37060591426232936,14.720100870793477,93.79374708352776
2814,2,7,pitch_jump,1.0,0.42815800073862265,13.018530912946343,93.79374708352776
2814,2,8,pitch_jump,1.0,0.2700646547432892,12.713021160675666,93.79374708352776
2814,2,15,pitch_jump,1.0,0.2813387182745987,13.547533875539612,93.79374708352776
2814,2,16,pitch_jump,1.0,0.38856758771770444,13.715657569686423,93.79374708352776
2814,2,20,pitch_jump,1.0,0.20744101954404368,16.221180309569412,93.79374708352776
2815,2,2,pitch_jump,1.0,0.3399752875023708,74.82213685703248,93.82707819478702
2815,2,3,pitch_jump,1.0,0.37848087410470027,49.08362808960796,93.82707819478702
2815,2,4,pitch_jump,1.0,0.19983632640449306,70.68306921868025,93.82707819478702
2815,2,6,pitch_jump,1.0,0.25828397871901404,33.80366903831991,93.82707819478702
2815,2,7,pitch_jump,1.0,0.40859807606580967,27.94324107304242,93.82707819478702
2815,2,8,pitch_jump,1.0,0.28248706693148395,153.12401908938145,93.82707819478702
2815,2,9,pitch_jump,1.0,0.2271973413485006,78.1191606754857,93.82707819478702
2815,2,11,pitch_jump,1.0,0.3540181196870073,23.066274200007854,93.82707819478702
2815,2,15,pitch_jump,1.0,0.26472144383654483,131.46291422621798,93.82707819478702
2815,2,16,pitch_jump,1.0,0.3753483331187403,16.684668250764116,93.82707819478702
2815,2,18,pitch_jump,1.0,0.16072422569082076,147.98163745725316,93.82707819478702
2815,2,19,pitch_jump,1.0,0.31834933030039375,90.3171917034824,93.82707819478702
2815,2,20,pitch_jump,1.0,0.20131421407326397,112.10883107369519,93.82707819478702
2815,2,21,pitch_jump,1.0,0.2793138717414866,79.61144736771611,93.82707819478702
2815,2,22,pitch_jump,1.0,0.4024000927755392,24.38616724596111,93.82707819478702
2816,2,2,pitch_jump,1.0,0.1665496414655612,70.71678193703458,93.86040930604626
2816,2,3,pitch_jump,1.0,0.17744505381413228,59.91929275378609,93.86040930604626
2816,2,4,pitch_jump,1.0,0.08990053118995829,33.63402914939617,93.86040930604626
2816,2,6,pitch_jump,1.0,0.11498741316321437,14.972913713688738,93.86040930604626
2816,2,7,pitch_jump,1.0,0.20750221340174835,28.74918606270403,93.86040930604626
2816,2,8,pitch_jump,1.0,0.13449284117956886,96.45458244545733,93.86040930604626
2816,2,9,pitch_jump,1.0,0.09144813249854845,52.025251322705216,93.86040930604626
2816,2,11,pitch_jump,1.0,0.16869214633295923,38.20167659254265,93.86040930604626
2816,2,15,pitch_jump,1.0,0.13237543044447583,95.23110245615662,93.86040930604626
2816,2,16,pitch_jump,1.0,0.16628865532939377,17.20264072079207,93.86040930604626
2816,2,18,pitch_jump,1.0,0.07309530853302998,81.94870315446283,93.86040930604626
2816,2,19,pitch_jump,1.0,0.1540725070427785,77.78308695446842,93.86040930604626
2816,2,20,pitch_jump,1.0,0.09673250639286995,70.51069520668125,93.86040930604626
2816,2,21,pitch_jump,1.0,0.13887752998279235,59.483362896323605,93.86040930604626
2816,2,22,pitch_jump,1.0,0.20751591245137085,31.677669746720728,93.86040930604626
2817,2,2,pitch_jump,1.0,0.3180947531249224,15.122389301078671,93.89374041730552
2817,2,3,pitch_jump,1.0,0.3682710281944932,12.114231443894676,93.89374041730552
2817,2,4,pitch_jump,1.0,0.19642143622273509,14.766097570393159,93.89374041730552
2817,2,8,pitch_jump,1.0,0.2183348777474177,19.366773441874546,93.89374041730552
2817,2,11,pitch_jump,1.0,0.3313720380336079,12.545377209297984,93.89374041730552
2817,2,15,pitch_jump,1.0,0.26547456108913414,18.51103863328148,93.89374041730552
2817,2,18,pitch_jump,1.0,0.15701202251469762,15.85877016735896,93.89374041730552
2817,2,19,pitch_jump,1.0,0.2943705035766852,15.856558527373284,93.89374041730552
2817,2,20,pitch_jump,1.0,0.2054161640983865,14.249862483466767,93.89374041730552
2817,2,21,pitch_jump,1.0,0.27033709882433365,13.457340229796085,93.89374041730552
2820,2,7,pitch_jump,1.0,0.3504628452657967,15.529025287136294,93.99373375108327
2820,2,8,pitch_jump,1.0,0.22717676022011912,19.03603111412464,93.99373375108327
2820,2,16,pitch_jump,1.0,0.34883319139630636,12.379630458810816,93.99373375108327
2820,2,18,pitch_jump,1.0,0.15402639627202655,16.74769382148116,93.99373375108327
2820,2,20,pitch_jump,1.0,0.17686067495670385,14.56502364509187,93.99373375108327
2820,2,22,pitch_jump,1.0,0.36912095863172073,13.930030859628502,93.99373375108327
2823,2,4,pitch_jump,1.0,0.1779749940906571,21.26440101741187,94.09372708486102
2823,2,6,pitch_jump,1.0,0.23046918088571344,16.918570377034793,94.09372708486102
2823,2,9,pitch_jump,1.0,0.19256635221435922,13.045891408458246,94.09372708486102
2823,2,18,pitch_jump,1.0,0.14261605975591082,12.252592600328912,94.09372708486102
2823,2,20,pitch_jump,1.0,0.1888488327446479,13.01361812094059,94.09372708486102
2823,2,22,pitch_jump,1.0,0.35780993606777317,13.574717548341292,94.09372708486102
2824,2,4,pitch_jump,1.0,0.17029354030906008,20.697420200181217,94.12705819612026
2824,2,10,pitch_jump,1.0,0.47551220034697816,15.660038766924364,94.12705819612026
2824,2,18,pitch_jump,1.0,0.1450676027512974,19.749167817533703,94.12705819612026
2824,2,19,pitch_jump,1.0,0.2592540438639428,13.521987505910982,94.12705819612026
2825,2,2,pitch_jump,1.0,0.12653285532140104,18.106956502767304,94.16038930737952
2825,2,3,pitch_jump,1.0,0.17158234257103,14.622856904503141,94.16038930737952
2825,2,9,pitch_jump,1.0,0.08535601566222195,16.53424939500559,94.16038930737952
2825,2,18,pitch_jump,1.0,0.06336119702668412,13.385564164824448,94.16038930737952
2825,2,19,pitch_jump,1.0,0.12816638384041878,16.870327842185816,94.16038930737952
2825,2,20,pitch_jump,1.0,0.07649639438929505,12.242001991390804,94.16038930737952
2825,2,21,pitch_jump,1.0,0.10986047502246095,15.882723501830084,94.16038930737952
2825,2,22,pitch_jump,1.0,0.16191264666401856,13.615320092709112,94.16038930737952
2826,2,2,pitch_jump,1.0,0.269674712968948,16.45326865809777,94.19372041863876
2826,2,3,pitch_jump,1.0,0.3243949632393496,12.160517797665332,94.19372041863876
2826,2,4,pitch_jump,1.0,0.17202835356914264,19.810044994635618,94.19372041863876
2826,2,7,pitch_jump,1.0,0.34252807545659,15.075863203419296,94.19372041863876
2826,2,9,pitch_jump,1.0,0.1953802583110839,15.135831565741666,94.19372041863876
2826,2,16,pitch_jump,1.0,0.32907344629182417,14.119709237257252,94.19372041863876
2826,2,18,pitch_jump,1.0,0.14717704990563454,35.19494510805154,94.19372041863876
2826,2,19,pitch_jump,1.0,0.26242109251906554,20.834256133757776,94.19372041863876
2826,2,20,pitch_jump,1.0,0.18803160648707837,21.9899302355224,94.19372041863876
2826,2,21,pitch_jump,1.0,0.2425333183075462,16.07017805324065,94.19372041863876
2826,2,22,pitch_jump,1.0,0.3346930120531375,14.620446722233615,94.19372041863876
2827,2,2,pitch_jump,1.0,0.27934675018201865,17.916082247708957,94.227051529898
2827,2,3,pitch_jump,1.0,0.30723732152029365,16.07390535827289,94.227051529898
2827,2,5,pitch_jump,1.0,0.2902518350524764,14.63542924034652,94.227051529898
2827,2,18,pitch_jump,1.0,0.13761791122604508,15.804823389533851,94.227051529898
2827,2,19,pitch_jump,1.0,0.23979035158627998,16.94896736512988,94.227051529898
2827,2,20,pitch_jump,1.0,0.17421359113097923,15.158315558892554,94.227051529898
2827,2,21,pitch_jump,1.0,0.22298512244845656,13.95634606685789,94.227051529898
2829,2,4,pitch_jump,1.0,0.16961277962761773,24.01843900579327,94.29371375241651
2829,2,6,pitch_jump,1.0,0.20317870844868216,12.141129587180743,94.29371375241651
2829,2,18,pitch_jump,1.0,0.14343801744245216,26.441103598494028,94.29371375241651
2830,2,2,pitch_jump,1.0,0.2812602861027181,12.341160143926938,94.32704486367575
2831,2,2,pitch_jump,1.0,0.09272659828012277,56.899327389259426,94.36037597493501
2831,2,3,pitch_jump,1.0,0.13072677878632966,54.50871120970825,94.36037597493501
2831,2,5,pitch_jump,1.0,0.06750151576561379,17.849748337303772,94.36037597493501
2831,2,6,pitch_jump,1.0,0.08324975259362166,12.752106934017421,94.36037597493501
2831,2,9,pitch_jump,1.0,0.0730785479194765,38.27124410783316,94.36037597493501
2831,2,11,pitch_jump,1.0,0.13146798026173354,43.95150767114303,94.36037597493501
2831,2,16,pitch_jump,1.0,0.14547840845238194,28.230101687442136,94.36037597493501
2831,2,18,pitch_jump,1.0,0.06953013595849478,30.62130637065927,94.36037597493501
2831,2,20,pitch_jump,1.0,0.07306716332930839,41.31687471330052,94.36037597493501
2831,2,21,pitch_jump,1.0,0.10794035246617815,47.314849397677,94.36037597493501
2832,2,3,pitch_jump,1.0,0.28464240964892373,59.03622434442624,94.39370708619425
2832,2,4,pitch_jump,1.0,0.16034598782617276,16.388511721256695,94.39370708619425
2832,2,5,pitch_jump,1.0,0.17324858826281844,31.277460492245822,94.39370708619425
2832,2,6,pitch_jump,1.0,0.19916000522510605,12.12198426680123,94.39370708619425
2832,2,7,pitch_jump,1.0,0.2823954398944834,23.439272052522313,94.39370708619425
2832,2,9,pitch_jump,1.0,0.2036154974598607,31.100498587447884,94.39370708619425
2832,2,11,pitch_jump,1.0,0.27388833385270445,51.47304386716682,94.39370708619425
2832,2,16,pitch_jump,1.0,0.281860756460359,35.44922017434165,94.39370708619425
2832,2,18,pitch_jump,1.0,0.13473930031471487,27.96905261252663,94.39370708619425
2832,2,20,pitch_jump,1.0,0.17985772438091832,35.45781992483973,94.39370708619425
2832,2,21,pitch_jump,1.0,0.24326154368882,46.17069095129765,94.39370708619425
2833,2,3,pitch_jump,1.0,0.30287304008858634,72.0254402215954,94.42703819745351
2833,2,5,pitch_jump,1.0,0.19970693058935135,18.246330342177792,94.42703819745351
2833,2,7,pitch_jump,1.0,0.2614694695226147,20.80446415276352,94.42703819745351
2833,2,9,pitch_jump,1.0,0.178269285744996,40.332714871819974,94.42703819745351
2833,2,11,pitch_jump,1.0,0.27505057353581913,57.23729283453089,94.42703819745351
2833,2,16,pitch_jump,1.0,0.25415819980502563,35.518966859022754,94.42703819745351
2833,2,18,pitch_jump,1.0,0.12210632517018521,36.20459715349126,94.42703819745351
2833,2,20,pitch_jump,1.0,0.16608359453867585,46.05433665702355,94.42703819745351
2833,2,21,pitch_jump,1.0,0.23509767550305888,52.798179050607814,94.42703819745351
2834,2,3,pitch_jump,1.0,0.1446385575262544,88.72556162310306,94.46036930871276
2834,2,4,pitch_jump,1.0,0.06772025263937864,15.301685218422499,94.46036930871276
2834,2,5,pitch_jump,1.0,0.08056728096849483,20.35550301140994,94.46036930871276
2834,2,6,pitch_jump,1.0,0.08869336748592774,15.921275067918732,94.46036930871276
2834,2,7,pitch_jump,1.0,0.12590926469405003,25.863035604387896,94.46036930871276
2834,2,9,pitch_jump,1.0,0.06810024858473741,48.44144329830995,94.46036930871276
2834,2,11,pitch_jump,1.0,0.11287485646621995,70.16420762752182,94.46036930871276
2834,2,16,pitch_jump,1.0,0.12485035321661972,42.44838123837055,94.46036930871276
2834,2,18,pitch_jump,1.0,0.046668289873658966,47.64029083972272,94.46036930871276
2834,2,20,pitch_jump,1.0,0.06412316495532347,59.04069406267102,94.46036930871276
2834,2,21,pitch_jump,1.0,0.10466220621758163,66.78319786405815,94.46036930871276
2835,2,3,pitch_jump,1.0,0.30531836177153876,43.81778006910406,94.493700419972
2835,2,4,pitch_jump,1.0,0.1427907640506473,30.05634527952007,94.493700419972
2835,2,5,pitch_jump,1.0,0.20166262861486495,14.499866752870368,94.493700419972
2835,2,7,pitch_jump,1.0,0.26796680024319186,18.35585790051882,94.493700419972
2835,2,9,pitch_jump,1.0,0.16575876507222426,22.742858854028594,94.493700419972
2835,2,11,pitch_jump,1.0,0.26839301322648323,41.104436118582434,94.493700419972
2835,2,16,pitch_jump,1.0,0.27547038878811453,33.595291287126344,94.493700419972
2835,2,18,pitch_jump,1.0,0.11489189698119784,25.269636011095244,94.493700419972
2835,2,20,pitch_jump,1.0,0.15314768457347733,24.549846127664306,94.493700419972
2835,2,21,pitch_jump,1.0,0.2235205611259321,32.0624484677205,94.493700419972
2836,2,3,pitch_jump,1.0,0.30744661159365533,28.52404351097711,94.52703153123126
2836,2,9,pitch_jump,1.0,0.16642804191446145,24.24327029272041,94.52703153123126
2836,2,11,pitch_jump,1.0,0.28213165014414476,26.18047642495728,94.52703153123126
2836,2,16,pitch_jump,1.0,0.2677777432394484,15.770946682541341,94.52703153123126
2836,2,18,pitch_jump,1.0,0.10444506619895783,23.90379827094879,94.52703153123126
2836,2,20,pitch_jump,1.0,0.1538113110941467,24.75570611000683,94.52703153123126
2836,2,21,pitch_jump,1.0,0.20338599362275636,29.238273742932016,94.52703153123126
2837,2,18,pitch_jump,1.0,0.045117595869811414,14.559908707983041,94.5603626424905
2837,2,20,pitch_jump,1.0,0.06887222141690717,13.755715377624215,94.5603626424905
2839,2,4,pitch_jump,1.0,0.14392630796416092,17.93294713661508,94.627024865009
2839,2,6,pitch_jump,1.0,0.19489285566832,13.494658139583183,94.627024865009
2839,2,9,pitch_jump,1.0,0.13686602578726825,20.842612033940792,94.627024865009
2839,2,11,pitch_jump,1.0,0.2819277310842501,15.725588702925725,94.627024865009
2839,2,16,pitch_jump,1.0,0.26077238380015827,13.632935902948448,94.627024865009
2839,2,18,pitch_jump,1.0,0.11470453143599882,22.93714594153034,94.627024865009
2839,2,20,pitch_jump,1.0,0.14574126804433926,21.96068211402241,94.627024865009
2839,2,21,pitch_jump,1.0,0.18706868827872836,20.153697987480005,94.627024865009
2840,2,5,pitch_jump,1.0,0.005863665428938361,14.204735774374749,94.66035597626825
2841,2,4,pitch_jump,1.0,0.12105575299676112,19.870200058122645,94.69368708752751
2841,2,5,pitch_jump,1.0,0.12256016084819049,16.527060826451685,94.69368708752751
2841,2,18,pitch_jump,1.0,0.11977529135640946,13.581012719585365,94.69368708752751
2842,2,5,pitch_jump,1.0,0.14484990832392827,14.42878473138981,94.72701819878675
2842,2,9,pitch_jump,1.0,0.17747394807401792,12.842055987120796,94.72701819878675
2842,2,11,pitch_jump,1.0,0.25918481349351585,21.039706315598114,94.72701819878675
2842,2,18,pitch_jump,1.0,0.12620515224445003,17.572865499993906,94.72701819878675
2842,2,20,pitch_jump,1.0,0.1653955770117979,18.857250592733696,94.72701819878675
2842,2,21,pitch_jump,1.0,0.19294649945713319,19.911503923277532,94.72701819878675
2843,2,5,pitch_jump,1.0,0.058675689907874404,16.372369167507408,94.760349310046
2843,2,10,pitch_jump,1.0,0.1767003416189838,19.080053939442347,94.760349310046
2844,2,4,pitch_jump,1.0,0.13231529616792667,15.720529842835468,94.79368042130525
2844,2,9,pitch_jump,1.0,0.17290830916875913,17.702227770295003,94.79368042130525
2844,2,11,pitch_jump,1.0,0.2492437769690201,13.761694343133922,94.79368042130525
2844,2,16,pitch_jump,1.0,0.2773355980773757,13.204066103668993,94.79368042130525
2844,2,18,pitch_jump,1.0,0.1251116958722744,27.315720539432977,94.79368042130525
2844,2,20,pitch_jump,1.0,0.1558928609038507,21.877518843729685,94.79368042130525
2844,2,21,pitch_jump,1.0,0.20732972713068598,16.936979738498763,94.79368042130525
2846,2,7,pitch_jump,1.0,0.12212111537804181,14.98784817759607,94.86034264382374
2846,2,11,pitch_jump,1.0,0.1276201451696039,13.428636243992855,94.86034264382374
2846,2,16,pitch_jump,1.0,0.13178738914356972,17.569304955291468,94.86034264382374
2847,2,4,pitch_jump,1.0,0.13560971883066225,57.172802044882346,94.893673755083
2847,2,5,pitch_jump,1.0,0.12242539086894626,53.59984285572538,94.893673755083
2847,2,6,pitch_jump,1.0,0.17690618041550757,15.095425013494797,94.893673755083
2847,2,7,pitch_jump,1.0,0.24646679678732666,15.955435144877406,94.893673755083
2847,2,16,pitch_jump,1.0,0.2415559453371282,53.15143777304134,94.893673755083
2847,2,18,pitch_jump,1.0,0.10473433356520477,28.672398562615495,94.893673755083
2847,2,20,pitch_jump,1.0,0.14816408000438377,64.2478697712559,94.893673755083
2847,2,21,pitch_jump,1.0,0.18949731013769489,94.17474117029853,94.893673755083
2847,2,22,pitch_jump,1.0,0.25157886823785935,16.50106581626438,94.893673755083
2849,2,4,pitch_jump,1.0,0.05225125967189139,42.075483271935724,94.9603359776015
2849,2,5,pitch_jump,1.0,0.01557827603657297,40.9630856480541,94.9603359776015
2849,2,7,pitch_jump,1.0,0.09966227145018136,14.776416210744324,94.9603359776015
2849,2,16,pitch_jump,1.0,0.09700243372716359,47.75079448465799,94.9603359776015
2849,2,18,pitch_jump,1.0,0.05521249619264439,49.14750217658709,94.9603359776015
2849,2,20,pitch_jump,1.0,0.06140914161256818,80.23064883446462,94.9603359776015
2850,2,4,pitch_jump,1.0,0.12544517418224696,48.419954424488296,94.99366708886075
2850,2,5,pitch_jump,1.0,0.06086708259936107,46.65740505098369,94.99366708886075
2850,2,7,pitch_jump,1.0,0.23707386765578595,19.936261065349306,94.99366708886075
2850,2,16,pitch_jump,1.0,0.21540723834249179,51.367596258538796,94.99366708886075
2850,2,18,pitch_jump,1.0,0.10826874369895215,25.171705702074902,94.99366708886075
2850,2,20,pitch_jump,1.0,0.12980399032699103,53.79621346532277,94.99366708886075
2851,2,7,pitch_jump,1.0,0.2405342379448858,13.125750096187925,95.02699820011999
2852,2,18,pitch_jump,1.0,0.03957762494288899,12.711288094079908,95.06032931137925
2853,2,5,pitch_jump,1.0,0.14898946853004713,12.236137362883342,95.0936604226385
2853,2,18,pitch_jump,1.0,0.10297752541185559,25.36731736263533,95.0936604226385
2853,2,20,pitch_jump,1.0,0.12670990444682997,19.944320917005086,95.0936604226385
2854,2,16,pitch_jump,1.0,0.21461128244311078,15.70310159087384,95.12699153389774
2855,2,5,pitch_jump,1.0,0.025424740119688115,13.994091373772147,95.160322645157
2855,2,6,pitch_jump,1.0,0.06848977812615549,12.081746315684956,95.160322645157
2855,2,7,pitch_jump,1.0,0.09117901492116143,20.400803454921213,95.160322645157
2855,2,10,pitch_jump,1.0,0.1558228250633143,41.25749770190801,95.160322645157
2855,2,16,pitch_jump,1.0,0.09971559259844792,25.5188967249165,95.160322645157
2855,2,20,pitch_jump,1.0,0.011822635829660566,17.176372376897483,95.160322645157
2855,2,22,pitch_jump,1.0,0.11604180916758189,12.478643803993483,95.160322645157
2856,2,4,pitch_jump,1.0,0.09971450546671903,18.621771560147092,95.19365375641624
2856,2,5,pitch_jump,1.0,0.07742560033471194,16.908813927529003,95.19365375641624
2856,2,9,pitch_jump,1.0,0.10074039444638787,13.529202095939649,95.19365375641624
2856,2,16,pitch_jump,1.0,0.21940919600847156,14.372094669518644,95.19365375641624
2856,2,22,pitch_jump,1.0,0.2222608085407595,15.44323372657499,95.19365375641624
2857,2,4,pitch_jump,1.0,0.08537888763504524,12.16322217028122,95.2269848676755
2857,2,5,pitch_jump,1.0,0.06818439514836765,16.28835154033502,95.2269848676755
2857,2,6,pitch_jump,1.0,0.12270468062070806,15.981386506477788,95.2269848676755
2857,2,9,pitch_jump,1.0,0.08978807415909244,19.4481796627764,95.2269848676755
2857,2,10,pitch_jump,2.0,0.3218187226819354,60.03380247438115,95.2269848676755
2857,2,18,pitch_jump,1.0,0.10005536590265447,29.533762279316306,95.2269848676755
2857,2,22,pitch_jump,1.0,0.21117379954491722,16.071692909769745,95.2269848676755
2859,2,7,pitch_jump,1.0,0.22505009431972672,15.285053073925294,95.29364709019399
2859,2,10,pitch_jump,1.0,0.3015821753137672,77.40618706053377,95.29364709019399
2859,2,16,pitch_jump,1.0,0.21029472139755492,17.54337699672642,95.29364709019399
2859,2,18,pitch_jump,1.0,0.07497646996347652,23.80421880986502,95.29364709019399
2860,2,7,pitch_jump,1.0,0.20812610241767496,25.021054617229478,95.32697820145324
2860,2,10,pitch_jump,1.0,0.29923674246369486,77.61692254884711,95.32697820145324
2860,2,18,pitch_jump,1.0,0.04575122401931355,16.631062415493208,95.32697820145324
2861,2,7,pitch_jump,1.0,0.08561427425453012,14.072793780056024,95.36030931271249
2861,2,9,pitch_jump,1.0,0.05762112319444774,14.456168181663175,95.36030931271249
2861,2,10,pitch_jump,1.0,0.1531293073368024,56.84477875358305,95.36030931271249
2861,2,18,pitch_jump,1.0,0.01152268705636981,20.636152045865625,95.36030931271249
2862,2,4,pitch_jump,1.0,0.08310627003783874,14.359286778621993,95.39364042397173
2862,2,9,pitch_jump,1.0,0.12313274834509763,16.961367386117438,95.39364042397173
2862,2,10,pitch_jump,1.0,0.3088291888741147,23.72252930359123,95.39364042397173
2862,2,18,pitch_jump,1.0,0.04642001160998991,31.1203629614592,95.39364042397173
2863,2,4,pitch_jump,1.0,0.07433804412117444,12.849119392202883,95.42697153523099
2863,2,5,pitch_jump,1.0,0.0778057569890849,17.842222897510126,95.42697153523099
2863,2,10,pitch_jump,1.0,0.2974115872098526,33.51685761426723,95.42697153523099
2863,2,18,pitch_jump,1.0,0.18736310782894666,25.968305795680777,95.42697153523099
2864,2,10,pitch_jump,1.0,0.13323646892756794,28.79622000101085,95.46030264649023
2864,2,18,pitch_jump,1.0,0.08507399147636903,15.878675697042462,95.46030264649023
2865,2,5,pitch_jump,1.0,0.055226898952451836,13.744423829288303,95.49363375774949
2865,2,6,pitch_jump,1.0,0.13454403333738574,17.59714644490322,95.49363375774949
2865,2,7,pitch_jump,1.0,0.20087382871974094,15.116895175216314,95.49363375774949
2865,2,9,pitch_jump,1.0,0.10115247305212813,23.210911571788944,95.49363375774949
2865,2,10,pitch_jump,1.0,0.27629086280952647,21.859859409318425,95.49363375774949
2867,2,5,pitch_jump,1.0,0.017357608135577598,13.883076503719444,95.56029598026798
2867,2,7,pitch_jump,1.0,0.08451717905478917,12.223365394408402,95.56029598026798
2867,2,10,pitch_jump,2.0,0.19643884670786516,13.889353752793301,95.56029598026798
2867,2,16,pitch_jump,1.0,0.07926447024598278,18.110540902999034,95.56029598026798
2867,2,22,pitch_jump,1.0,0.09106864106781785,14.530789254992921,95.56029598026798
2868,2,5,pitch_jump,1.0,0.04805773125450748,15.336504343425883,95.59362709152724
2868,2,10,pitch_jump,1.0,0.17807753594263537,25.407163173683067,95.59362709152724
2869,2,4,pitch_jump,1.0,0.07938370354227565,20.453618094758742,95.62695820278648
2869,2,5,pitch_jump,1.0,0.041622261505100434,18.838019364496212,95.62695820278648
2869,2,6,pitch_jump,1.0,0.10451180698397496,12.774409765877708,95.62695820278648
2869,2,7,pitch_jump,1.0,0.1550871999441506,18.209124678769985,95.62695820278648
2869,2,16,pitch_jump,1.0,0.12955387366267127,16.787227010549795,95.62695820278648
2870,2,16,pitch_jump,1.0,0.05879078706521808,12.31997494909577,95.66028931404573
2871,2,5,pitch_jump,1.0,0.026540469023088722,13.939334837027932,95.69362042530499
2873,2,7,pitch_jump,1.0,0.05903987233891194,15.11266248134584,95.76028264782349
2873,2,9,pitch_jump,1.0,0.022678299733155882,16.343530246875282,95.76028264782349
2873,2,16,pitch_jump,1.0,0.059480083883132404,26.02175650842089,95.76028264782349
2874,2,9,pitch_jump,1.0,0.039086527249327284,12.174999802432467,95.79361375908273
2875,2,5,pitch_jump,1.0,0.02892971710328493,26.50134519056888,95.82694487034198
2875,2,9,pitch_jump,1.0,0.03402210084697457,15.816086432216506,95.82694487034198
2875,2,16,pitch_jump,1.0,0.11004231550906299,21.333169097885573,95.82694487034198
2876,2,5,pitch_jump,1.0,0.04483764827119283,16.6011607025095,95.86027598160123
2876,2,7,pitch_jump,1.0,0.055464933194741876,13.298017784409522,95.86027598160123
2876,2,9,pitch_jump,1.0,0.004528473388630696,16.232024575124807,95.86027598160123
2876,2,16,pitch_jump,1.0,0.04649376561801012,20.71641290926221,95.86027598160123
2881,2,9,pitch_jump,1.0,0.027114461460685826,17.053941137322887,96.02693153789748
2881,2,10,pitch_jump,1.0,0.17800158745103942,40.49728097093133,96.02693153789748
2883,2,10,pitch_jump,1.0,0.14567623302522628,17.026153088028703,96.09359376041597
2884,2,10,pitch_jump,1.0,0.16073416650332104,17.698071401636707,96.12692487167523
2886,2,4,pitch_jump,1.0,0.028851938387850818,14.300092934910447,96.19358709419373
2886,2,6,pitch_jump,1.0,0.026646087589696773,12.644005912867136,96.19358709419373
2886,2,7,pitch_jump,1.0,0.08393338097911363,15.75738686626262,96.19358709419373
2886,2,10,pitch_jump,1.0,0.1293842849425289,13.659788931465062,96.19358709419373
2887,2,5,pitch_jump,1.0,0.0192361440103907,15.031056715586436,96.22691820545298
2887,2,6,pitch_jump,1.0,0.0358898508462773,12.97281791357057,96.22691820545298
2887,2,7,pitch_jump,1.0,0.07308168174782258,12.684636361438232,96.22691820545298
2889,2,4,pitch_jump,1.0,0.03033218070034527,14.947524111131857,96.29358042797148
2889,2,5,pitch_jump,1.0,0.02001167276940675,12.671191944582764,96.29358042797148
2889,2,7,pitch_jump,1.0,0.05480411089993402,12.291250759881038,96.29358042797148
2889,2,16,pitch_jump,1.0,0.06211751033815505,15.060854241571457,96.29358042797148
2890,2,4,pitch_jump,1.0,0.028471633032244887,12.768093184537287,96.32691153923072
2890,2,5,pitch_jump,1.0,0.04243667443454748,15.565734981044548,96.32691153923072
2890,2,9,pitch_jump,1.0,0.02004442703530226,15.01134558262996,96.32691153923072
2895,2,7,pitch_jump,1.0,0.04547235563118538,13.078434603248978,96.49356709552697
2895,2,16,pitch_jump,1.0,0.024479079550279344,17.053768505280306,96.49356709552697
2896,2,5,pitch_jump,1.0,0.006900451744205499,13.316415510962813,96.52689820678621
2896,2,6,pitch_jump,1.0,0.03083082380769444,12.370032972983003,96.52689820678621
2896,2,7,pitch_jump,1.0,0.04693460742037633,21.464589707851584,96.52689820678621
2896,2,9,pitch_jump,1.0,0.020017728989346718,13.884871599375746,96.52689820678621
2896,2,16,pitch_jump,1.0,0.026017882039000913,12.975687661632325,96.52689820678621
2896,2,22,pitch_jump,1.0,0.033715734546291246,16.384458990915213,96.52689820678621
2904,2,4,pitch_jump,1.0,0.014444143499679759,13.65246168083419,96.79354709686021
2904,2,9,pitch_jump,1.0,0.024876248737255236,13.194327895917079,96.79354709686021
2909,2,4,pitch_jump,1.0,0.003029995797420393,12.281778730462218,96.96020265315646
2913,2,5,pitch_jump,1.0,0.06905957760279732,12.398070784862789,97.09352709819346
2913,2,7,pitch_jump,1.0,0.02903950194330538,15.158415091432252,97.09352709819346
2920,2,7,pitch_jump,1.0,0.045371339706752736,13.354345038345654,97.3268448770082
2922,2,5,pitch_jump,1.0,0.06505580649805347,14.890883194428849,97.3935070995267
2929,2,18,pitch_jump,1.0,0.06272534064290544,12.586885096765101,97.62682487834145
2932,2,5,pitch_jump,1.0,0.07128461493360555,13.75017516748345,97.7268182121192
2935,2,5,pitch_jump,1.0,0.19481830346679335,14.038531494277086,97.82681154589694
2937,2,18,pitch_jump,1.0,0.03231632545557791,12.403490489116283,97.89347376841545
2942,2,18,pitch_jump,1.0,0.05120344104348591,13.784378206088086,98.0601293247117
2944,2,4,pitch_jump,1.0,0.016702920076753454,13.210888399843439,98.12679154723018
2944,2,5,pitch_jump,1.0,0.06562650838676974,50.41469279982978,98.12679154723018
2944,2,6,pitch_jump,1.0,0.028715140645239,12.466040274539429,98.12679154723018
2944,2,9,pitch_jump,1.0,0.04939385680096616,30.957820921689994,98.12679154723018
2944,2,18,pitch_jump,1.0,0.046473484423785724,27.81835948390731,98.12679154723018
2944,2,20,pitch_jump,1.0,0.019658776606374,31.389142243947482,98.12679154723018
2945,2,20,pitch_jump,1.0,0.017351833964836846,12.696792082587011,98.16012265848944
2946,2,4,pitch_jump,1.0,0.00843307323264649,17.825537756444756,98.19345376974869
2946,2,5,pitch_jump,1.0,0.01977906903039298,16.061182815070023,98.19345376974869
2946,2,9,pitch_jump,1.0,0.02885211122066047,20.99350681982465,98.19345376974869
2946,2,18,pitch_jump,1.0,0.04300419727710627,22.417434150332337,98.19345376974869
2946,2,20,pitch_jump,1.0,0.021923085006493544,26.344624473538016,98.19345376974869
2948,2,5,pitch_jump,1.0,0.023653294290392774,33.59011113393064,98.26011599226719
2948,2,9,pitch_jump,1.0,0.02157597791111308,14.179864127224633,98.26011599226719
2948,2,18,pitch_jump,1.0,0.02999369303475033,12.742876712768124,98.26011599226719
2948,2,20,pitch_jump,1.0,0.011512638055323848,13.449754534863988,98.26011599226719
2949,2,4,pitch_jump,1.0,0.015065383567399145,17.792802051573425,98.29344710352643
2949,2,5,pitch_jump,1.0,0.0549769396815464,15.658168746545504,98.29344710352643
2949,2,9,pitch_jump,1.0,0.036362712202980235,13.507820761787976,98.29344710352643
2950,2,5,pitch_jump,1.0,0.04785617019795757,15.266212916164347,98.32677821478569
2951,2,4,pitch_jump,1.0,0.007580284242874608,12.700115349151679,98.36010932604493
2951,2,6,pitch_jump,1.0,0.029071282793718862,12.959812219581906,98.36010932604493
2952,2,16,pitch_jump,1.0,0.07318845526355552,12.836854825510352,98.39344043730418
2959,2,7,pitch_jump,1.0,0.055566706218872705,17.03742022268382,98.62675821611893
2959,2,16,pitch_jump,1.0,0.05932891029861335,20.516343774400415,98.62675821611893
2959,2,20,pitch_jump,1.0,0.0438938774655552,13.594704906331565,98.62675821611893
2960,2,5,pitch_jump,1.0,0.04351414058772171,12.391431363548692,98.66008932737817
2961,2,5,pitch_jump,1.0,0.03231895403981931,17.64376305942763,98.69342043863743
2961,2,7,pitch_jump,1.0,0.05790197735822626,12.334595910178829,98.69342043863743
2963,2,7,pitch_jump,1.0,0.01886139873168185,12.961174501953588,98.76008266115592
2963,2,16,pitch_jump,1.0,0.027007473275394687,12.734851548666358,98.76008266115592
2965,2,7,pitch_jump,1.0,0.06922703705979721,21.454147498291864,98.82674488367442
2966,2,18,pitch_jump,1.0,0.03689939192164723,12.724471202674447,98.86007599493368
2968,2,5,pitch_jump,1.0,0.037697906757123714,13.666624494605205,98.92673821745217
2968,2,18,pitch_jump,1.0,0.057383001422383055,15.103065469585315,98.92673821745217
2974,2,7,pitch_jump,1.0,0.06344649739731195,21.52088367682722,99.12672488500768
2976,2,20,pitch_jump,1.0,0.028437484231017388,12.402460442907952,99.19338710752616
2977,2,9,pitch_jump,1.0,0.02610027787444505,12.161586885103546,99.22671821878542
2979,2,22,pitch_jump,1.0,0.0909945620389766,17.70927264242437,99.29338044130391
2980,2,5,pitch_jump,1.0,0.024952343612170892,17.807940139139447,99.32671155256317
2982,2,7,pitch_jump,1.0,0.07963813556394421,19.242912466895206,99.39337377508167
2983,2,7,pitch_jump,1.0,0.09914369177403762,24.656556357324558,99.42670488634091
2988,2,7,pitch_jump,1.0,0.03345603445037679,12.080963072072883,99.59336044263716
2989,2,5,pitch_jump,1.0,0.054278503917547884,15.339985983655597,99.6266915538964
2989,2,7,pitch_jump,1.0,0.04746478905557604,13.432627818444969,99.6266915538964
2990,2,22,pitch_jump,1.0,0.05866222619689491,14.765373427929628,99.66002266515567
2991,2,22,pitch_jump,1.0,0.05229827177469902,12.18121608142266,99.69335377641491
2992,2,4,pitch_jump,1.0,0.020585099805803263,14.256560651908575,99.72668488767415
2992,2,9,pitch_jump,1.0,0.019547677734594544,15.550044141069929,99.72668488767415
2992,2,22,pitch_jump,1.0,0.11833999581235825,27.7840832360659,99.72668488767415
2994,2,7,pitch_jump,1.0,0.01630134813864895,12.33986105613799,99.79334711019266
2996,2,16,pitch_jump,1.0,0.017586708491835135,12.654737167491229,99.86000933271116
2997,2,4,pitch_jump,1.0,0.023423461862598565,12.028874548796248,99.8933404439704
2997,2,7,pitch_jump,1.0,0.03907194335909633,13.71763258108952,99.8933404439704
2998,2,7,pitch_jump,1.0,0.15398223525008709,44.801737185695366,99.92667155522966
3000,2,7,pitch_jump,1.0,0.12372653290346465,33.534503597928264,99.99333377774815
3001,2,4,pitch_jump,1.0,0.0258617575929757,17.422181062167553,100.0266648890074
3001,2,7,pitch_jump,1.0,0.11622277207655102,27.104986221978585,100.0266648890074
3001,2,9,pitch_jump,1.0,0.012021928138434895,16.560704807182304,100.0266648890074
3001,2,11,pitch_jump,1.0,0.05634522547556336,12.443990048887404,100.0266648890074
3001,2,16,pitch_jump,1.0,0.021504358757926126,14.863423220382028,100.0266648890074
3001,2,20,pitch_jump,1.0,0.009361896236406916,14.316346486426147,100.0266648890074
3004,2,11,pitch_jump,1.0,0.09768947249368551,14.938851505115748,100.12665822278515
3004,2,21,pitch_jump,1.0,0.06410046335417631,12.706135460277736,100.12665822278515
3005,2,4,pitch_jump,1.0,0.013856078824953565,12.975194767366263,100.1599893340444
3005,2,7,pitch_jump,1.0,0.01568288404111799,12.455719303861702,100.1599893340444
3007,2,7,pitch_jump,1.0,0.03968651591831865,21.345548391875166,100.2266515565629
3008,2,4,pitch_jump,1.0,0.02035763383725247,14.919466632753785,100.25998266782214
3008,2,9,pitch_jump,1.0,0.008487127277655153,12.527058358394571,100.25998266782214
3009,2,9,pitch_jump,1.0,0.037690411233659106,21.733402728992562,100.2933137790814
3009,2,11,pitch_jump,1.0,0.10126453281908017,13.655246302816348,100.2933137790814
3009,2,20,pitch_jump,1.0,0.03527445194210014,16.478579277659815,100.2933137790814
3009,2,21,pitch_jump,1.0,0.10863096575100285,12.182301953563755,100.2933137790814
3010,2,4,pitch_jump,1.0,0.03708567994762041,18.413859981292507,100.32664489034065
3010,2,5,pitch_jump,1.0,0.04399552252103938,24.099536008444634,100.32664489034065
3010,2,6,pitch_jump,1.0,0.08456189050923694,16.84141459959353,100.32664489034065
3010,2,9,pitch_jump,1.0,0.028357308328985774,21.727536112820644,100.32664489034065
3010,2,11,pitch_jump,1.0,0.12872897253155952,17.17976476872306,100.32664489034065
3010,2,18,pitch_jump,1.0,0.06408655216229675,19.63330559673548,100.32664489034065
3010,2,20,pitch_jump,1.0,0.02676004513073442,21.65449353465555,100.32664489034065
3010,2,21,pitch_jump,1.0,0.09922126250535117,25.27584162122806,100.32664489034065
3010,2,22,pitch_jump,1.0,0.07310825215302807,14.41214245696347,100.32664489034065
3012,2,5,pitch_jump,1.0,0.047405162066053774,15.67930658957871,100.39330711285915
3012,2,9,pitch_jump,1.0,0.011259925242764281,12.169908728639944,100.39330711285915
3013,2,5,pitch_jump,1.0,0.00793092298335334,23.84301042640389,100.42663822411839
3013,2,6,pitch_jump,1.0,0.09949005888902034,20.398059399288233,100.42663822411839
3013,2,7,pitch_jump,1.0,0.006514072957932239,14.897636471893463,100.42663822411839
3013,2,9,pitch_jump,1.0,0.01404816712499612,26.53322721619905,100.42663822411839
3013,2,11,pitch_jump,1.0,0.13096818138203897,37.837330415959116,100.42663822411839
3013,2,20,pitch_jump,1.0,0.030819009297118036,32.11938673482634,100.42663822411839
3013,2,21,pitch_jump,1.0,0.1254898630688747,35.54740568217533,100.42663822411839
3013,2,22,pitch_jump,1.0,0.060694572104670566,21.80966950377851,100.42663822411839
3015,2,7,pitch_jump,1.0,0.027157559372931957,14.082240795847445,100.4933004466369
3015,2,20,pitch_jump,1.0,0.05134578614651339,12.704326957847279,100.4933004466369
3016,2,11,pitch_jump,1.0,0.1804981727986015,19.34107964983596,100.52663155789614
3016,2,14,pitch_jump,1.0,0.04817817495106817,12.441978458962273,100.52663155789614
3016,2,21,pitch_jump,1.0,0.10677021505895405,16.025880346846414,100.52663155789614
3017,2,7,pitch_jump,1.0,0.04294132400750716,13.34837449518719,100.5599626691554
3017,2,10,pitch_jump,1.0,0.05425450944740588,18.49524725421009,100.5599626691554
3017,2,11,pitch_jump,1.0,0.08341409262156604,15.735083619147638,100.5599626691554
3018,2,10,pitch_jump,1.0,0.08549834925054925,27.002993798825994,100.59329378041464
3019,2,9,pitch_jump,1.0,0.003113705213405289,19.2029807832087,100.6266248916739
3019,2,10,pitch_jump,1.0,0.09380464516727617,25.178399918918412,100.6266248916739
3019,2,18,pitch_jump,1.0,0.0655664741256519,14.125917496142483,100.6266248916739
3019,2,20,pitch_jump,1.0,0.04928711138393995,17.347728089645393,100.6266248916739
3019,2,21,pitch_jump,1.0,0.1029006833956159,13.560697796467071,100.6266248916739
3020,2,5,pitch_jump,1.0,0.03302549435569805,12.412627760746739,100.65995600293314
3020,2,21,pitch_jump,1.0,0.08266496992018006,12.148667852078427,100.65995600293314
3021,2,7,pitch_jump,1.0,0.02500848386813844,19.386193944137485,100.69328711419239
3021,2,10,pitch_jump,1.0,0.09005466675213689,48.3314622071694,100.69328711419239
3021,2,11,pitch_jump,1.0,0.1308441770702183,13.8031972954411,100.69328711419239
3021,2,14,pitch_jump,1.0,0.06495995111729873,13.193710085887679,100.69328711419239
3022,2,4,pitch_jump,1.0,0.04379843304607581,24.646162798926536,100.72661822545165
3022,2,9,pitch_jump,1.0,0.021921850561900196,17.21540298263332,100.72661822545165
3022,2,10,pitch_jump,1.0,0.09219300933339775,16.006940233728454,100.72661822545165
3022,2,18,pitch_jump,1.0,0.06512053662107117,12.287940024220605,100.72661822545165
3022,2,20,pitch_jump,1.0,0.042370519118755334,12.75465607310747,100.72661822545165
3022,2,21,pitch_jump,1.0,0.10792018474530315,13.641667299064213,100.72661822545165
3023,2,10,pitch_jump,1.0,0.048867497054107534,34.165904590065104,100.75994933671089
3024,2,9,pitch_jump,1.0,0.025914764115036723,12.771440172979409,100.79328044797013
3024,2,10,pitch_jump,1.0,0.08279084909152268,38.84963412525038,100.79328044797013
3024,2,21,pitch_jump,1.0,0.16352208406199287,15.483498494792022,100.79328044797013
3025,2,4,pitch_jump,1.0,0.05045221036061007,12.550204809760716,100.82661155922939
3025,2,7,pitch_jump,1.0,0.051263304154181864,16.017337177771488,100.82661155922939
3025,2,9,pitch_jump,1.0,0.020978399656108305,12.324078695667618,100.82661155922939
3025,2,10,pitch_jump,1.0,0.08870787877025547,95.8307683748283,100.82661155922939
3025,2,11,pitch_jump,1.0,0.13498975431716626,24.611278195707644,100.82661155922939
3025,2,14,pitch_jump,1.0,0.06561124228764051,16.894121551673944,100.82661155922939
3025,2,20,pitch_jump,1.0,0.03234679531045273,22.144273717184962,100.82661155922939
3025,2,21,pitch_jump,1.0,0.12400630223380742,24.556263312319853,100.82661155922939
3026,2,11,pitch_jump,1.0,0.1034602106647992,15.082541045240395,100.85994267048864
3027,2,7,pitch_jump,1.0,0.03144779291526618,19.897500925841264,100.8932737817479
3027,2,14,pitch_jump,1.0,0.05065824975891206,13.347813253254275,100.8932737817479
3027,2,22,pitch_jump,1.0,0.059296973904807586,12.286006731773918,100.8932737817479
3028,2,21,pitch_jump,1.0,0.12718571469430204,16.734711570031465,100.92660489300714
3029,2,3,pitch_jump,1.0,0.05186893039794387,27.90245552306519,100.95993600426638
3029,2,7,pitch_jump,1.0,0.12540740845741358,17.975000670738524,100.95993600426638
3029,2,11,pitch_jump,1.0,0.08549355246950423,16.02967169129822,100.95993600426638
3029,2,14,pitch_jump,1.0,0.01641065626684334,17.67357143088812,100.95993600426638
3029,2,21,pitch_jump,1.0,0.07122949251237538,15.69962747298302,100.95993600426638
3030,2,3,pitch_jump,1.0,0.09233160280611614,19.972626050115213,100.99326711552564
3030,2,4,pitch_jump,1.0,0.03843342970126667,15.067181598706107,100.99326711552564
3030,2,5,pitch_jump,1.0,0.045958678386276534,16.801205128715065,100.99326711552564
3030,2,6,pitch_jump,1.0,0.10383630687721028,17.862227022222505,100.99326711552564
3030,2,9,pitch_jump,1.0,0.0062929437083817244,16.15737158353847,100.99326711552564
3030,2,10,pitch_jump,5.0,0.06915115570119894,19.48085696912512,100.99326711552564
3030,2,11,pitch_jump,1.0,0.10459069494620829,15.247757467187931,100.99326711552564
3030,2,14,pitch_jump,1.0,0.033997740214660885,15.429644115100995,100.99326711552564
3030,2,18,pitch_jump,1.0,0.06514522537424117,16.24069385385796,100.99326711552564
3030,2,20,pitch_jump,1.0,0.033826400669045686,17.03688970944794,100.99326711552564
3030,2,21,pitch_jump,1.0,0.10501764880693142,17.352712037985942,100.99326711552564
3030,2,22,pitch_jump,1.0,0.05318761000058885,13.158972181360271,100.99326711552564
3031,2,3,pitch_jump,1.0,0.10160007089480573,14.290244015864129,101.02659822678488
3031,2,5,pitch_jump,1.0,0.04468065111570809,18.175734728491648,101.02659822678488
3031,2,7,pitch_jump,1.0,0.09413016025159673,34.37544821479837,101.02659822678488
3031,2,10,pitch_jump,1.0,0.07367261953454783,19.46541965907148,101.02659822678488
3031,2,11,pitch_jump,1.0,0.11016469743895024,13.559509239189827,101.02659822678488
3031,2,22,pitch_jump,1.0,0.061369636801511085,13.282826617931848,101.02659822678488
3032,2,10,pitch_jump,1.0,0.03556479860375953,31.182047788758325,101.05992933804413
3032,2,14,pitch_jump,1.0,0.011404493691385824,12.295120201715948,101.05992933804413
3033,2,7,pitch_jump,1.0,0.11922168722872678,24.480654876031522,101.09326044930339
3033,2,10,pitch_jump,1.0,0.08310228230585123,25.927034579921656,101.09326044930339
3034,2,3,pitch_jump,1.0,0.11307505638408513,22.447716238830637,101.12659156056263
3034,2,10,pitch_jump,1.0,0.07297883139233632,42.3909494410754,101.12659156056263
3034,2,11,pitch_jump,1.0,0.11534209622017633,20.958232375487842,101.12659156056263
3034,2,21,pitch_jump,1.0,0.10800091273653178,14.776853714462039,101.12659156056263
3035,2,3,pitch_jump,1.0,0.07103704402809642,12.556957389976077,101.15992267182189
3035,2,10,pitch_jump,1.0,0.040817574054916636,39.866385630850665,101.15992267182189
3037,2,2,pitch_jump,1.0,0.03815761669461203,21.928887902752738,101.22658489434038
3037,2,3,pitch_jump,1.0,0.07538797766131648,47.62340915248699,101.22658489434038
3037,2,5,pitch_jump,1.0,0.0020716730803893605,20.06833771452055,101.22658489434038
3037,2,6,pitch_jump,1.0,0.06574663554471295,12.6820843659232,101.22658489434038
3037,2,7,pitch_jump,1.0,0.06502665751188542,31.906170131832752,101.22658489434038
3037,2,9,pitch_jump,1.0,0.010829696948135414,29.685276844906706,101.22658489434038
3037,2,11,pitch_jump,1.0,0.13901692077472166,22.880753181016654,101.22658489434038
3037,2,16,pitch_jump,1.0,0.04009479400494534,17.20112217923818,101.22658489434038
3037,2,18,pitch_jump,1.0,0.052918871112255364,17.27765243236563,101.22658489434038
3037,2,20,pitch_jump,1.0,0.025483692212942083,29.703007919199905,101.22658489434038
3037,2,21,pitch_jump,1.0,0.09340863132494599,24.43204897603637,101.22658489434038
3037,2,22,pitch_jump,1.0,0.043823823529994664,12.092907325504672,101.22658489434038
3039,2,3,pitch_jump,1.0,0.07884365868220937,18.713230947471427,101.29324711685888
3039,2,7,pitch_jump,1.0,0.08740861164698216,30.878083079547785,101.29324711685888
3039,2,14,pitch_jump,1.0,0.023125646294013338,12.41067769700386,101.29324711685888
3040,2,3,pitch_jump,1.0,0.08783408881332481,14.217300609988147,101.32657822811812
3040,2,7,pitch_jump,1.0,0.09722122181365872,25.652311696723306,101.32657822811812
3041,2,10,pitch_jump,4.0,0.06082419094604102,29.53134411729913,101.35990933937738
3042,2,3,pitch_jump,1.0,0.08027685320828679,21.801802530127997,101.39324045063663
3042,2,4,pitch_jump,1.0,0.027653876026273363,12.381728874980706,101.39324045063663
3042,2,7,pitch_jump,1.0,0.1525896765258603,41.91639743382708,101.39324045063663
3042,2,9,pitch_jump,1.0,0.012915066634690813,13.879750632949866,101.39324045063663
3042,2,10,pitch_jump,1.0,0.10414383448412443,28.66280558461592,101.39324045063663
3042,2,11,pitch_jump,1.0,0.09779548281098145,19.153046998846943,101.39324045063663
3042,2,14,pitch_jump,1.0,0.03314790399160489,17.312638646423544,101.39324045063663
3042,2,16,pitch_jump,1.0,0.07410247178391831,16.056952615264148,101.39324045063663
3042,2,18,pitch_jump,1.0,0.056808004183776115,12.072715784515836,101.39324045063663
3042,2,20,pitch_jump,1.0,0.04827309536411304,16.190816109295966,101.39324045063663
3042,2,21,pitch_jump,1.0,0.0999471862679417,18.623617264281627,101.39324045063663
3043,2,3,pitch_jump,1.0,0.08140729517945278,23.069165223310833,101.42657156189588
3043,2,7,pitch_jump,1.0,0.07177558984542683,39.98379606838344,101.42657156189588
3043,2,10,pitch_jump,1.0,0.09206778004862974,42.14425584564694,101.42657156189588
3043,2,11,pitch_jump,1.0,0.11951810134869045,14.205690756976649,101.42657156189588
3043,2,14,pitch_jump,1.0,0.05195886043493601,12.152777798444019,101.42657156189588
3043,2,16,pitch_jump,1.0,0.05874555272359659,14.285562332735857,101.42657156189588
3043,2,20,pitch_jump,1.0,0.044384051353283105,15.504957401168006,101.42657156189588
3043,2,21,pitch_jump,1.0,0.12556810352604433,12.575566614548315,101.42657156189588
3044,2,3,pitch_jump,1.0,0.044949102788517416,15.674952935436945,101.45990267315513
3044,2,10,pitch_jump,1.0,0.04700369651677071,24.643768476953916,101.45990267315513
3044,2,11,pitch_jump,1.0,0.07575618258860668,14.507937062873198,101.45990267315513
3045,2,3,pitch_jump,1.0,0.08244308991626265,22.33904430979432,101.49323378441437
3045,2,7,pitch_jump,2.0,0.07515938330601793,17.446099049362967,101.49323378441437
3045,2,10,pitch_jump,1.0,0.08846930705573455,41.92298585145593,101.49323378441437
3045,2,16,pitch_jump,1.0,0.05990842837695392,15.061650314134006,101.49323378441437
3045,2,20,pitch_jump,1.0,0.04037734112734591,14.969698314647777,101.49323378441437
3045,2,21,pitch_jump,1.0,0.10401368720353318,13.720229844383008,101.49323378441437
3046,2,3,pitch_jump,1.0,0.0814635127680435,23.54390004791101,101.52656489567363
3046,2,7,pitch_jump,1.0,0.09131827539363548,14.070524969933926,101.52656489567363
3046,2,9,pitch_jump,1.0,0.027761546771499633,12.261260762380445,101.52656489567363
3046,2,11,pitch_jump,1.0,0.07909333551130496,17.766209611608097,101.52656489567363
3046,2,14,pitch_jump,1.0,0.06866709744850659,18.00524400124324,101.52656489567363
3046,2,18,pitch_jump,1.0,0.06659577192576319,15.78895170698172,101.52656489567363
3046,2,20,pitch_jump,1.0,0.04714629355372407,18.393932135348784,101.52656489567363
3046,2,21,pitch_jump,1.0,0.09877861384877139,22.205839671690548,101.52656489567363
3047,2,3,pitch_jump,1.0,0.03948351737251435,14.492795715561206,101.55989600693287
3047,2,7,pitch_jump,1.0,0.12420055311697847,48.57401329810189,101.55989600693287
3048,2,3,pitch_jump,1.0,0.05740637924361037,15.499674348494723,101.59322711819212
3048,2,10,pitch_jump,3.0,0.0714539491360668,14.802766772620757,101.59322711819212
3048,2,11,pitch_jump,1.0,0.13656312701150813,13.084894733023368,101.59322711819212
3048,2,21,pitch_jump,1.0,0.08938397059948879,13.73409524110539,101.59322711819212
3049,2,7,pitch_jump,1.0,0.08092395388511366,16.383477072715948,101.62655822945138
3049,2,10,pitch_jump,1.0,0.08124301661166541,24.174216891117325,101.62655822945138
3050,2,3,pitch_jump,1.0,0.03188481635110967,14.54801601396325,101.65988934071062
3050,2,7,pitch_jump,1.0,0.0352659157150493,17.819328161961668,101.65988934071062
3050,2,10,pitch_jump,1.0,0.049683357922517754,16.11059353979926,101.65988934071062
3050,2,16,pitch_jump,1.0,0.013349019666974816,13.526845389173078,101.65988934071062
3050,2,21,pitch_jump,1.0,0.07655722058915375,14.764689761337829,101.65988934071062
3051,2,3,pitch_jump,1.0,0.03602840433776241,19.560289022754127,101.69322045196988
3051,2,7,pitch_jump,1.0,0.09871486756854472,32.89157259251417,101.69322045196988
3051,2,10,pitch_jump,1.0,0.09528519477636205,45.691890784088855,101.69322045196988
3051,2,16,pitch_jump,1.0,0.03669555079933517,12.557191702301184,101.69322045196988
3052,2,10,pitch_jump,1.0,0.09395117773622622,15.396184960148938,101.72655156322912
3053,2,7,pitch_jump,1.0,0.05205334873250778,13.952685216118477,101.75988267448837
3053,2,14,pitch_jump,1.0,0.025954969237912986,12.119131822271369,101.75988267448837
3054,2,10,pitch_jump,2.0,0.0538212768674775,19.674510853225325,101.79321378574762
3054,2,14,pitch_jump,1.0,0.05673417346811743,12.34234915252718,101.79321378574762
3055,2,7,pitch_jump,1.0,0.11798586269191684,16.630830524685102,101.82654489700687
3055,2,10,pitch_jump,1.0,0.0736666459457434,38.73168904775672,101.82654489700687
3057,2,3,pitch_jump,1.0,0.05950708465043404,23.75787683595481,101.89320711952537
3057,2,7,pitch_jump,1.0,0.09664160250434463,18.3690324754814,101.89320711952537
3057,2,10,pitch_jump,1.0,0.09096668799602053,31.597346126189855,101.89320711952537
3057,2,11,pitch_jump,1.0,0.11067931482731386,21.63735486201402,101.89320711952537
3057,2,16,pitch_jump,1.0,0.08190566731787012,20.386488226339367,101.89320711952537
3057,2,18,pitch_jump,1.0,0.05240412750208725,12.5492577662903,101.89320711952537
3057,2,21,pitch_jump,1.0,0.10549687558706519,17.7552518912753,101.89320711952537
3058,2,3,pitch_jump,1.0,0.06271213198977969,20.843798040553107,101.92653823078462
3058,2,7,pitch_jump,1.0,0.14453658359807686,27.09934263112598,101.92653823078462
3058,2,10,pitch_jump,1.0,0.09325316300597174,55.12519865575917,101.92653823078462
3058,2,16,pitch_jump,1.0,0.0791154658266309,12.913164386230191,101.92653823078462
3059,2,7,pitch_jump,1.0,0.06953822709865078,22.08603033705779,101.95986934204387
3059,2,10,pitch_jump,1.0,0.04923809345245277,30.20142751482499,101.95986934204387
3060,2,3,pitch_jump,1.0,0.07613799993804968,34.2222910636425,101.99320045330312
3060,2,4,pitch_jump,1.0,0.04371088466551595,14.569610434072937,101.99320045330312
3060,2,7,pitch_jump,1.0,0.0025098113966426183,50.212138625299865,101.99320045330312
3060,2,10,pitch_jump,1.0,0.09385085722019651,87.70352232368722,101.99320045330312
3060,2,11,pitch_jump,1.0,0.16228042052832262,15.378404451893786,101.99320045330312
3060,2,16,pitch_jump,1.0,0.08983114731032533,23.519290953546914,101.99320045330312
3060,2,20,pitch_jump,1.0,0.03962824865120078,13.105158141197746,101.99320045330312
3060,2,21,pitch_jump,1.0,0.13271197857951691,21.09616921689316,101.99320045330312
3061,2,3,pitch_jump,1.0,0.08373579219278417,14.763150685457408,102.02653156456236
3061,2,4,pitch_jump,1.0,0.05096929948561092,16.38768120233037,102.02653156456236
3061,2,7,pitch_jump,1.0,0.15034234935859242,51.413082341030396,102.02653156456236
3061,2,9,pitch_jump,1.0,0.009704196701530832,22.169988239666868,102.02653156456236
3061,2,14,pitch_jump,1.0,0.05646320670352218,23.406581379159096,102.02653156456236
3061,2,20,pitch_jump,1.0,0.04788251090352089,17.147562529410287,102.02653156456236
3062,2,9,pitch_jump,1.0,0.008540380026988698,15.790627378352273,102.05986267582162
3062,2,14,pitch_jump,1.0,0.026837202895305112,21.041233682148103,102.05986267582162
3062,2,18,pitch_jump,1.0,0.049310956859220705,12.362353500345593,102.05986267582162
3062,2,20,pitch_jump,1.0,0.01741154243324345,13.992402665473062,102.05986267582162
3062,2,21,pitch_jump,1.0,0.0881220682738088,12.091062089127156,102.05986267582162
3063,2,7,pitch_jump,1.0,0.10196369621725368,14.331093708547234,102.09319378708086
3064,2,7,pitch_jump,1.0,0.09261723512652839,25.05656208755659,102.12652489834011
3065,2,7,pitch_jump,1.0,0.11657521261345336,27.67561416091442,102.15985600959937
3065,2,21,pitch_jump,1.0,0.1097332751481579,17.650275934309253,102.15985600959937
3066,2,3,pitch_jump,1.0,0.07266699671066204,12.265047928323058,102.19318712085861
3066,2,7,pitch_jump,1.0,0.08626631695653464,27.48491549670426,102.19318712085861
3066,2,11,pitch_jump,1.0,0.12750737826552086,14.10927988181535,102.19318712085861
3066,2,16,pitch_jump,1.0,0.1050947915615442,14.53675819734101,102.19318712085861
3066,2,21,pitch_jump,1.0,0.20292012530551745,13.222881595005653,102.19318712085861
3067,2,3,pitch_jump,1.0,0.06311602930406791,34.59473196454993,102.22651823211787
3067,2,6,pitch_jump,1.0,0.07743752035481827,12.500622890058521,102.22651823211787
3067,2,7,pitch_jump,1.0,0.11208036905307316,13.675017743777378,102.22651823211787
3067,2,9,pitch_jump,1.0,0.01839412070061212,20.488959673537117,102.22651823211787
3067,2,11,pitch_jump,1.0,0.12418194832891838,22.977106042789842,102.22651823211787
3067,2,14,pitch_jump,1.0,0.05182197095781654,22.33479321208856,102.22651823211787
3067,2,16,pitch_jump,1.0,0.10030462558548417,21.14447958316432,102.22651823211787
3067,2,18,pitch_jump,1.0,0.07129730217186228,20.30716798234839,102.22651823211787
3067,2,20,pitch_jump,1.0,0.04719614083266214,29.25189768522876,102.22651823211787
3067,2,21,pitch_jump,1.0,0.19053669885552105,22.41895632863923,102.22651823211787
3067,2,22,pitch_jump,1.0,0.06896530705925517,19.22758355009727,102.22651823211787
3068,2,3,pitch_jump,1.0,0.026188347423663917,16.851883495276116,102.25984934337711
3068,2,7,pitch_jump,1.0,0.03630858154996909,24.861845726511692,102.25984934337711
3068,2,16,pitch_jump,1.0,0.058381676728402394,12.013942009253448,102.25984934337711
3068,2,21,pitch_jump,1.0,0.12843302523638436,12.928679824740968,102.25984934337711
3069,2,5,pitch_jump,1.0,0.0220785901349018,15.454484460085197,102.29318045463636
3069,2,7,pitch_jump,1.0,0.07602597193926457,18.79016958457628,102.29318045463636
3069,2,9,pitch_jump,1.0,0.04413934341189094,15.569556151273044,102.29318045463636
3069,2,10,pitch_jump,2.0,0.07429323794231445,31.679973998507304,102.29318045463636
3069,2,14,pitch_jump,1.0,0.05030741003269676,16.070989793287364,102.29318045463636
3070,2,3,pitch_jump,1.0,0.06551796850503705,15.320479524798392,102.32651156589561
3070,2,7,pitch_jump,1.0,0.08527624434621808,16.070447115785807,102.32651156589561
3070,2,9,pitch_jump,1.0,0.03247480246910978,12.460427828016677,102.32651156589561
3070,2,10,pitch_jump,1.0,0.086436236110881,24.28381411238256,102.32651156589561
3070,2,11,pitch_jump,1.0,0.16810608110991487,13.710598728575954,102.32651156589561
3070,2,14,pitch_jump,1.0,0.05549713584122173,17.614895195444515,102.32651156589561
3070,2,20,pitch_jump,1.0,0.06292905958849421,12.282929855146278,102.32651156589561
3070,2,21,pitch_jump,1.0,0.16507056846677676,15.085660473109032,102.32651156589561
3071,2,10,pitch_jump,1.0,0.05451329244224629,19.094639799889467,102.35984267715486
3072,2,3,pitch_jump,1.0,0.05970388006690754,55.915867834544315,102.3931737884141
3072,2,5,pitch_jump,1.0,0.0553933608145565,31.791258434044565,102.3931737884141
3072,2,6,pitch_jump,1.0,0.09074091838618231,13.427788276461818,102.3931737884141
3072,2,7,pitch_jump,1.0,0.09854357135505476,33.93013828206166,102.3931737884141
3072,2,9,pitch_jump,1.0,0.01722828347391641,33.28423061204225,102.3931737884141
3072,2,10,pitch_jump,1.0,0.10036247862278355,61.91212421941793,102.3931737884141
3072,2,11,pitch_jump,1.0,0.1499978020775263,32.77534027059242,102.3931737884141
3072,2,14,pitch_jump,1.0,0.058241591195563935,43.679022973609904,102.3931737884141
3072,2,16,pitch_jump,1.0,0.11713271822563662,23.385759052931984,102.3931737884141
3072,2,18,pitch_jump,1.0,0.07478333677651819,20.08091241061602,102.3931737884141
3072,2,20,pitch_jump,1.0,0.06508931850151022,44.23053155518626,102.3931737884141
3072,2,21,pitch_jump,1.0,0.1256763216700591,34.48379137788865,102.3931737884141
3072,2,22,pitch_jump,1.0,0.07569537174078973,12.315033280973879,102.3931737884141
3073,2,3,pitch_jump,1.0,0.05022154892298605,14.368651843880345,102.42650489967336
3073,2,7,pitch_jump,1.0,0.11612599737097859,31.16989737647174,102.42650489967336
3073,2,10,pitch_jump,1.0,0.10420865159492121,23.795342247544983,102.42650489967336
3074,2,3,pitch_jump,1.0,0.0214398937826022,16.452990446022927,102.4598360109326
3074,2,7,pitch_jump,1.0,0.0866279891591361,29.888295879871908,102.4598360109326
3074,2,10,pitch_jump,1.0,0.04853842259318022,29.30408039674685,102.4598360109326
3074,2,16,pitch_jump,1.0,0.05907724460820535,16.440288667201386,102.4598360109326
3075,2,5,pitch_jump,1.0,0.08335526137594002,13.860628349897434,102.49316712219186
3075,2,6,pitch_jump,1.0,0.10029395869844947,14.171331813208125,102.49316712219186
3075,2,11,pitch_jump,1.0,0.11582079259344984,12.723754690716522,102.49316712219186
3075,2,21,pitch_jump,1.0,0.13225350691868829,15.25006667325012,102.49316712219186
3076,2,5,pitch_jump,1.0,0.09092011709671138,13.920472661967393,102.52649823345111
3076,2,7,pitch_jump,1.0,0.06537033948563482,27.587596321061806,102.52649823345111
3076,2,10,pitch_jump,1.0,0.1085392064942116,33.03978221073847,102.52649823345111
3077,2,3,pitch_jump,1.0,0.03545453670454045,14.074583234001311,102.55982934471035
3077,2,10,pitch_jump,1.0,0.04545654134877006,30.013131051001476,102.55982934471035
3078,2,7,pitch_jump,1.0,0.07055673146316652,24.715703707031622,102.59316045596961
3078,2,10,pitch_jump,1.0,0.10213102367562941,18.373587123065164,102.59316045596961
3078,2,16,pitch_jump,1.0,0.09306522785166824,13.814808515409535,102.59316045596961
3079,2,4,pitch_jump,1.0,0.04607537637509049,13.759873173992895,102.62649156722885
3079,2,5,pitch_jump,1.0,0.09485022261370706,14.925526886778094,102.62649156722885
3079,2,6,pitch_jump,1.0,0.07606710851322396,12.752805426499322,102.62649156722885
3079,2,9,pitch_jump,1.0,0.02094889317824666,15.549345576654225,102.62649156722885
3079,2,10,pitch_jump,1.0,0.10623912346099319,24.73973238120047,102.62649156722885
3080,2,7,pitch_jump,1.0,0.15385065561070707,46.66760830460182,102.6598226784881
3081,2,3,pitch_jump,1.0,0.051746806357813986,25.01614469907141,102.69315378974736
3081,2,7,pitch_jump,1.0,0.07392386795436293,23.74590224500275,102.69315378974736
3081,2,10,pitch_jump,1.0,0.1113812814245915,55.18721863352043,102.69315378974736
3082,2,3,pitch_jump,1.0,0.043646844645973175,12.561369539962921,102.7264849010066
3083,2,9,pitch_jump,1.0,0.007916644160773598,16.40311512912922,102.75981601226586
3083,2,14,pitch_jump,1.0,0.025916898766495947,16.571310191522524,102.75981601226586
3083,2,18,pitch_jump,1.0,0.04983310470943717,13.836345246407873,102.75981601226586
3083,2,20,pitch_jump,1.0,0.018179061337985532,16.809651414593187,102.75981601226586
3083,2,21,pitch_jump,1.0,0.085987528008616,12.085662325695514,102.75981601226586
3083,2,22,pitch_jump,1.0,0.036461511030184655,13.271926178447373,102.75981601226586
3084,2,3,pitch_jump,1.0,0.07102594654311715,24.00639572878973,102.7931471235251
3084,2,7,pitch_jump,3.0,0.052487333024865496,15.396574238181742,102.7931471235251
3084,2,10,pitch_jump,1.0,0.13116364195960878,53.18784257051949,102.7931471235251
3084,2,11,pitch_jump,1.0,0.13405560037155184,17.63522195260253,102.7931471235251
3084,2,16,pitch_jump,1.0,0.09324611385057287,19.841292023746444,102.7931471235251
3084,2,21,pitch_jump,1.0,0.13832346927401984,16.301651021075457,102.7931471235251
3084,2,22,pitch_jump,1.0,0.07351751663061866,12.715866801394762,102.7931471235251
3085,2,3,pitch_jump,1.0,0.06999615764079911,26.686628250319114,102.82647823478435
3085,2,4,pitch_jump,1.0,0.04684730641497549,21.67445151264064,102.82647823478435
3085,2,7,pitch_jump,1.0,0.08617281133097685,55.62159314187461,102.82647823478435
3085,2,10,pitch_jump,1.0,0.0657649730172271,76.00648803779485,102.82647823478435
3087,2,3,pitch_jump,1.0,0.08038074958708931,28.44777628932974,102.89314045730285
3087,2,7,pitch_jump,1.0,0.03395332763216681,32.22529820318943,102.89314045730285
3087,2,9,pitch_jump,1.0,0.018528383264142363,17.95718468026939,102.89314045730285
3087,2,10,pitch_jump,1.0,0.08989434528203194,35.69166371513984,102.89314045730285
3087,2,11,pitch_jump,1.0,0.1391452811780149,12.363453286191659,102.89314045730285
3087,2,14,pitch_jump,1.0,0.05826438764474213,16.766520542640723,102.89314045730285
3087,2,16,pitch_jump,1.0,0.08529571290211103,15.07395447443389,102.89314045730285
3087,2,20,pitch_jump,1.0,0.06937793752878489,19.428226746825747,102.89314045730285
3087,2,21,pitch_jump,1.0,0.13005500680391197,13.418024030095875,102.89314045730285
3090,2,3,pitch_jump,1.0,0.07511052290553724,17.447996967292028,102.9931337910806
3090,2,4,pitch_jump,1.0,0.04821427780550463,21.94639424303042,102.9931337910806
3090,2,7,pitch_jump,1.0,0.07190437159312967,29.771010711359754,102.9931337910806
3090,2,9,pitch_jump,1.0,0.0246214599927489,13.91765893864044,102.9931337910806
3090,2,10,pitch_jump,1.0,0.04349046703275957,51.757133816071025,102.9931337910806
3090,2,14,pitch_jump,1.0,0.0635124618331281,14.259092171474556,102.9931337910806
3091,2,3,pitch_jump,1.0,0.06373285426814472,19.863955045318953,103.02646490233985
3091,2,7,pitch_jump,1.0,0.19335166513396948,88.27873408751285,103.02646490233985
3091,2,10,pitch_jump,1.0,0.04744010834664842,38.949096636384816,103.02646490233985
3091,2,11,pitch_jump,1.0,0.13329513226790704,16.34378930377749,103.02646490233985
3091,2,16,pitch_jump,1.0,0.1093509544453553,12.211380936508284,103.02646490233985
3091,2,21,pitch_jump,1.0,0.13956372811294934,24.159134879358184,103.02646490233985
3092,2,3,pitch_jump,1.0,0.017519776487886565,21.152710436939007,103.0597960135991
3092,2,4,pitch_jump,1.0,0.025093143527143934,15.752181954239292,103.0597960135991
3092,2,6,pitch_jump,1.0,0.0398223083185947,12.664650219825107,103.0597960135991
3092,2,7,pitch_jump,1.0,0.040441489805132076,21.440404428647895,103.0597960135991
3092,2,10,pitch_jump,1.0,0.023815749358860674,46.80616206450803,103.0597960135991
3092,2,16,pitch_jump,1.0,0.05494583453826076,15.766366280818302,103.0597960135991
3092,2,22,pitch_jump,1.0,0.04677450196910432,13.367337284888794,103.0597960135991
3093,2,10,pitch_jump,1.0,0.10396507013422257,17.539876861817554,103.09312712485834
3093,2,16,pitch_jump,1.0,0.1029151851714657,13.41348420416042,103.09312712485834
3094,2,3,pitch_jump,1.0,0.08427450472425077,14.763831749261803,103.1264582361176
3094,2,5,pitch_jump,1.0,0.10505280499693559,19.37170156302508,103.1264582361176
3094,2,6,pitch_jump,1.0,0.07695349890013041,14.354588571301948,103.1264582361176
3094,2,7,pitch_jump,2.0,0.07713335387532419,18.0954063129541,103.1264582361176
3094,2,10,pitch_jump,1.0,0.13300805187740075,40.92190389641441,103.1264582361176
3094,2,22,pitch_jump,1.0,0.096485644483178,13.070002988622113,103.1264582361176
3095,2,3,pitch_jump,1.0,0.015094608184181556,31.216043140692122,103.15978934737684
3095,2,7,pitch_jump,1.0,0.12792238958387622,14.916027539113593,103.15978934737684
3095,2,8,pitch_jump,1.0,0.03445978044515571,14.6835964772547,103.15978934737684
3095,2,10,pitch_jump,1.0,0.058321118732797425,47.504338690416034,103.15978934737684
3095,2,11,pitch_jump,1.0,0.07883900352402161,13.766313003484056,103.15978934737684
3095,2,20,pitch_jump,1.0,0.022916426665120813,12.539910944473805,103.15978934737684
3096,2,3,pitch_jump,1.0,0.0524381590231462,16.795057853208775,103.19312045863609
3096,2,6,pitch_jump,1.0,0.07965117955711977,12.887801241071871,103.19312045863609
3096,2,7,pitch_jump,1.0,0.09215295726998764,33.79826226399995,103.19312045863609
3096,2,8,pitch_jump,1.0,0.07535587044439072,16.30807144782836,103.19312045863609
3096,2,10,pitch_jump,1.0,0.08108875438558905,26.24618275158653,103.19312045863609
3096,2,11,pitch_jump,1.0,0.15064462390686906,20.328927851804274,103.19312045863609
3096,2,16,pitch_jump,1.0,0.11645351557517176,15.333209439294315,103.19312045863609
3096,2,18,pitch_jump,1.0,0.0728388604894316,15.580766173370323,103.19312045863609
3096,2,20,pitch_jump,1.0,0.06331740799808182,19.09309876364304,103.19312045863609
3096,2,21,pitch_jump,1.0,0.11694436632564963,17.48147204659024,103.19312045863609
3096,2,22,pitch_jump,1.0,0.10286004764808898,13.031472157302906,103.19312045863609
3097,2,7,pitch_jump,1.0,0.06918405368202724,27.103900631215847,103.22645156989535
3097,2,10,pitch_jump,1.0,0.07003872254570752,20.57177355511427,103.22645156989535
3098,2,3,pitch_jump,1.0,0.013190358539683046,17.92173430385941,103.25978268115459
3099,2,3,pitch_jump,1.0,0.09262062139457126,17.632223200100558,103.29311379241385
3099,2,7,pitch_jump,2.0,0.0819393649285699,23.498506617222915,103.29311379241385
3099,2,10,pitch_jump,2.0,0.03244104281650401,18.068426085437334,103.29311379241385
3099,2,16,pitch_jump,1.0,0.0988727981531058,12.848986290396452,103.29311379241385
3100,2,7,pitch_jump,1.0,0.18683820182872374,55.93471575348756,103.32644490367309
3100,2,21,pitch_jump,1.0,0.13045325552541498,16.292312317874195,103.32644490367309
3101,2,3,pitch_jump,1.0,0.028357865966634463,145.64043413902425,103.35977601493234
3101,2,4,pitch_jump,1.0,0.024694006589779084,27.37062916531312,103.35977601493234
3101,2,7,pitch_jump,1.0,0.10196861166296539,239.70871243386867,103.35977601493234
3101,2,8,pitch_jump,1.0,0.049054367033584706,81.0411819300449,103.35977601493234
3101,2,9,pitch_jump,1.0,0.021801703855426444,37.67742572627221,103.35977601493234
3101,2,10,pitch_jump,1.0,0.055949010475938234,333.96528090120137,103.35977601493234
3101,2,11,pitch_jump,1.0,0.12187559192523778,24.03029164314248,103.35977601493234
3101,2,14,pitch_jump,1.0,0.030083460251606225,41.262615684476415,103.35977601493234
3101,2,16,pitch_jump,1.0,0.008690892161387936,46.2563398141308,103.35977601493234
3101,2,20,pitch_jump,1.0,0.031712439737502374,48.977879418171405,103.35977601493234
3101,2,21,pitch_jump,1.0,0.07322458664331463,30.498022206845192,103.35977601493234
3102,2,4,pitch_jump,1.0,0.05466191798834742,12.18741788273838,103.3931071261916
3102,2,9,pitch_jump,1.0,0.04590591177668459,15.692891618306996,103.3931071261916
3102,2,14,pitch_jump,1.0,0.07600703681754761,15.016479534822645,103.3931071261916
3102,2,16,pitch_jump,1.0,0.159542909830544,53.881332475918114,103.3931071261916
3103,2,3,pitch_jump,1.0,0.010344095035611857,12.014333248376438,103.42643823745084
3103,2,4,pitch_jump,1.0,0.06335519117487545,16.47817133364922,103.42643823745084
3103,2,7,pitch_jump,2.0,0.049152194088179856,20.85819878429111,103.42643823745084
3103,2,8,pitch_jump,1.0,0.09903887300566376,17.447061448894786,103.42643823745084
3103,2,9,pitch_jump,1.0,0.04651016930837994,22.4547805660712,103.42643823745084
3103,2,14,pitch_jump,1.0,0.07457037282551181,23.331605149142298,103.42643823745084
3103,2,19,pitch_jump,1.0,0.061618881416021475,16.719920193344347,103.42643823745084
3104,2,3,pitch_jump,1.0,0.02178735102143747,13.42864288496683,103.4597693487101
3104,2,7,pitch_jump,1.0,0.0647949442438594,34.43469591601818,103.4597693487101
3104,2,8,pitch_jump,1.0,0.054417812269906864,15.017207817182047,103.4597693487101
3104,2,16,pitch_jump,1.0,0.05713841837189825,12.550448502093987,103.4597693487101
3104,2,19,pitch_jump,1.0,0.03594151463265562,15.031894246153534,103.4597693487101
3105,2,3,pitch_jump,1.0,0.07679466174154552,26.448051874379697,103.49310045996934
3105,2,7,pitch_jump,1.0,0.221198595816106,105.80733609733204,103.49310045996934
3105,2,19,pitch_jump,1.0,0.0935646727170887,12.50841751836271,103.49310045996934
3105,2,21,pitch_jump,1.0,0.14681147566331781,13.453864559766616,103.49310045996934
3106,2,3,pitch_jump,1.0,0.09537626421505745,12.109202098517587,103.52643157122858
3106,2,11,pitch_jump,1.0,0.16828934956585728,12.693777106062456,103.52643157122858
3106,2,16,pitch_jump,1.0,0.14833433678405702,23.44728412350634,103.52643157122858
3107,2,7,pitch_jump,1.0,0.1146468996671049,24.426997252491287,103.55976268248784
3108,2,3,pitch_jump,1.0,0.10234044928652973,22.761659783668236,103.59309379374709
3108,2,7,pitch_jump,1.0,0.03242492592563536,38.201531969860994,103.59309379374709
3108,2,11,pitch_jump,1.0,0.15676861247271287,12.310377447794213,103.59309379374709
3109,2,3,pitch_jump,1.0,0.10059116994514425,12.017935422503093,103.62642490500633
3109,2,8,pitch_jump,1.0,0.10958175736240919,14.894378599303833,103.62642490500633
3109,2,14,pitch_jump,1.0,0.09567873393320873,16.769723004827572,103.62642490500633
3109,2,19,pitch_jump,1.0,0.09435796232466734,15.849041327402817,103.62642490500633
3111,2,7,pitch_jump,1.0,0.2399439255316679,73.43033088988848,103.69308712752483
3111,2,16,pitch_jump,1.0,0.11957133768706252,14.519446166407453,103.69308712752483
3111,2,21,pitch_jump,1.0,0.13438092537093205,15.354749303642912,103.69308712752483
3112,2,7,pitch_jump,1.0,0.06604277871331474,37.2978276766874,103.72641823878409
3114,2,3,pitch_jump,1.0,0.1130132741976738,15.374353552289422,103.79308046130258
3114,2,4,pitch_jump,1.0,0.078863329359386,13.795428787415641,103.79308046130258
3114,2,7,pitch_jump,1.0,0.0873768503124655,21.338828621947258,103.79308046130258
3114,2,15,pitch_jump,1.0,0.06823575210581644,15.116244249643962,103.79308046130258
3114,2,16,pitch_jump,1.0,0.10759911247903914,13.703809200170705,103.79308046130258
3115,2,3,pitch_jump,1.0,0.11024073468471414,17.352021330317708,103.82641157256184
3115,2,15,pitch_jump,1.0,0.023110367090824386,14.485365402348547,103.82641157256184
3116,2,3,pitch_jump,1.0,0.029993134810099943,12.306215634608488,103.85974268382108
3116,2,4,pitch_jump,1.0,0.03668586674211816,13.562435834539897,103.85974268382108
3116,2,9,pitch_jump,1.0,0.023351702629132966,12.155399432254152,103.85974268382108
3117,2,3,pitch_jump,1.0,0.10846204542341444,14.46264577888265,103.89307379508033
3117,2,7,pitch_jump,1.0,0.1723160634156826,60.18760787266069,103.89307379508033
3117,2,9,pitch_jump,1.0,0.0736418218831273,12.708111729308582,103.89307379508033
3117,2,14,pitch_jump,1.0,0.42998653905880285,61.58304025168336,103.89307379508033
3117,2,15,pitch_jump,1.0,0.2383285285732973,88.81089212319917,103.89307379508033
3117,2,16,pitch_jump,1.0,0.1035876833181347,18.915882186378592,103.89307379508033
3117,2,20,pitch_jump,1.0,0.11941150810063936,17.08555325508066,103.89307379508033
3117,2,21,pitch_jump,1.0,0.13946802913703235,14.16513125941588,103.89307379508033
3118,2,8,pitch_jump,1.0,0.11263090567766226,17.545030804312898,103.92640490633958
3118,2,9,pitch_jump,1.0,0.06403674822935265,17.00547073210255,103.92640490633958
3118,2,14,pitch_jump,1.0,0.46992555177308765,70.84526264379822,103.92640490633958
3118,2,15,pitch_jump,1.0,0.2987116946217829,83.59715761762178,103.92640490633958
3118,2,19,pitch_jump,1.0,0.09465807596046388,14.566700102897975,103.92640490633958
3119,2,2,pitch_jump,1.0,0.0618730172813312,24.372770063051412,103.95973601759883
3119,2,9,pitch_jump,1.0,0.022737505808242253,12.838718793542611,103.95973601759883
3120,2,2,pitch_jump,1.0,0.10238589108802199,32.47148300820861,103.99306712885809
3120,2,4,pitch_jump,1.0,0.061353612329153505,23.93226941172699,103.99306712885809
3120,2,5,pitch_jump,1.0,0.10793929700151537,34.760474471569935,103.99306712885809
3120,2,6,pitch_jump,1.0,0.09797994150500978,27.52996666474511,103.99306712885809
3120,2,7,pitch_jump,1.0,0.08267853199344485,19.12969896798056,103.99306712885809
3120,2,8,pitch_jump,1.0,0.1061289878485255,38.12403823732921,103.99306712885809
3120,2,9,pitch_jump,1.0,0.07682544432707396,33.09668270596473,103.99306712885809
3120,2,11,pitch_jump,1.0,0.16644868847920521,18.51389305886298,103.99306712885809
3120,2,15,pitch_jump,1.0,0.09936904934273999,39.00839043701054,103.99306712885809
3120,2,16,pitch_jump,1.0,0.12268042151742817,23.8766135021144,103.99306712885809
3120,2,19,pitch_jump,1.0,0.09718485102902415,35.88945896371291,103.99306712885809
3120,2,20,pitch_jump,1.0,0.09626831278916641,12.75140424312431,103.99306712885809
3120,2,21,pitch_jump,1.0,0.10125234430200379,16.30295321899228,103.99306712885809
3120,2,22,pitch_jump,1.0,0.15967998537163938,17.129454337343393,103.99306712885809
3121,2,2,pitch_jump,1.0,0.10940236755021236,15.337818726025274,104.02639824011733
3121,2,4,pitch_jump,1.0,0.059585632494372806,12.281927416588314,104.02639824011733
3121,2,5,pitch_jump,1.0,0.10580349255244241,12.366411726880454,104.02639824011733
3121,2,7,pitch_jump,1.0,0.04455419015640152,25.75703148312887,104.02639824011733
3121,2,14,pitch_jump,2.0,0.08145340548997777,16.865480787769233,104.02639824011733
3122,2,2,pitch_jump,1.0,0.026926085424839943,20.28824594602582,104.05972935137657
3122,2,7,pitch_jump,1.0,0.09505140812093686,30.893786051623543,104.05972935137657
3122,2,8,pitch_jump,1.0,0.05070588355233216,23.249781197798917,104.05972935137657
3122,2,9,pitch_jump,1.0,0.038997259045311,26.096537716575263,104.05972935137657
3122,2,14,pitch_jump,1.0,0.04893550375975953,19.803422729222827,104.05972935137657
3122,2,15,pitch_jump,1.0,0.03704973805026715,22.485043010842,104.05972935137657
3122,2,19,pitch_jump,1.0,0.031777095225297126,23.909128204306963,104.05972935137657
3122,2,20,pitch_jump,1.0,0.03792068826413221,12.390580583105674,104.05972935137657
3123,2,2,pitch_jump,1.0,0.15589999168414576,22.019074650957148,104.09306046263583
3123,2,3,pitch_jump,1.0,0.12886605834400247,12.042590113995928,104.09306046263583
3123,2,7,pitch_jump,1.0,0.08313843921413697,14.103320955090599,104.09306046263583
3123,2,8,pitch_jump,1.0,0.11638300563093805,21.661948554439743,104.09306046263583
3123,2,9,pitch_jump,1.0,0.07554650339121233,17.85692900213199,104.09306046263583
3123,2,14,pitch_jump,1.0,0.08974993651833266,19.087818162446535,104.09306046263583
3123,2,15,pitch_jump,1.0,0.09268092221826937,21.698064539631776,104.09306046263583
3123,2,19,pitch_jump,1.0,0.0917203143442587,15.720033325023628,104.09306046263583
3124,2,2,pitch_jump,1.0,0.13575586761195582,16.483993098460118,104.12639157389508
3124,2,3,pitch_jump,1.0,0.09431629993854296,27.76265049384118,104.12639157389508
3124,2,7,pitch_jump,1.0,0.042734329020061135,19.919411678196855,104.12639157389508
3124,2,15,pitch_jump,1.0,0.07178053088930039,12.906170814322603,104.12639157389508
3125,2,7,pitch_jump,1.0,0.06675037492266268,22.61270973557836,104.15972268515432
3126,2,7,pitch_jump,1.0,0.12093494458012458,33.18822838728704,104.19305379641358
3126,2,9,pitch_jump,1.0,0.05719387784354973,14.660167902373555,104.19305379641358
3126,2,20,pitch_jump,1.0,0.1287643427634146,18.29364956085289,104.19305379641358
3127,2,4,pitch_jump,1.0,0.06056822499670356,14.195580911215458,104.22638490767282
3127,2,5,pitch_jump,1.0,0.1519793586320203,17.162449570187427,104.22638490767282
3127,2,11,pitch_jump,1.0,0.17936478654019963,12.088470085830513,104.22638490767282
3127,2,15,pitch_jump,1.0,0.05383269122928169,13.447116395776593,104.22638490767282
3128,2,2,pitch_jump,1.0,0.04240528171456071,28.762457272228065,104.25971601893208
3128,2,3,pitch_jump,1.0,0.023691553362287506,21.47834809010644,104.25971601893208
3128,2,7,pitch_jump,1.0,0.05011903283926692,22.908457138126707,104.25971601893208
3128,2,15,pitch_jump,1.0,0.01707297012147854,18.59200951819087,104.25971601893208
3128,2,16,pitch_jump,1.0,0.03394842906947511,13.55894039022197,104.25971601893208
3128,2,19,pitch_jump,1.0,0.0359682799662636,17.7486477394004,104.25971601893208
3128,2,20,pitch_jump,1.0,0.029768698860523753,13.143099551595109,104.25971601893208
3128,2,21,pitch_jump,1.0,0.05651092567879852,13.409739431888344,104.25971601893208
3129,2,2,pitch_jump,1.0,0.13941008790168274,35.68585653855697,104.29304713019133
3129,2,3,pitch_jump,1.0,0.07482333103341018,19.404519483005284,104.29304713019133
3129,2,5,pitch_jump,1.0,0.14697946668096712,15.193520155568331,104.29304713019133
3129,2,8,pitch_jump,1.0,0.1363845283176706,18.456860955624506,104.29304713019133
3129,2,9,pitch_jump,1.0,0.08629371262072107,12.297915435337442,104.29304713019133
3129,2,11,pitch_jump,1.0,0.18637767396878993,16.816302951589126,104.29304713019133
3129,2,15,pitch_jump,1.0,0.10501575283676425,27.024198950365218,104.29304713019133
3129,2,16,pitch_jump,1.0,0.15432252517172482,15.294197506146268,104.29304713019133
3129,2,19,pitch_jump,1.0,0.13199396292556193,21.617182211249183,104.29304713019133
3129,2,20,pitch_jump,1.0,0.11230341899983845,15.002748266352288,104.29304713019133
3129,2,21,pitch_jump,1.0,0.13299855968888696,19.857698976876716,104.29304713019133
3129,2,22,pitch_jump,1.0,0.16930810156254017,13.510240825964965,104.29304713019133
3130,2,2,pitch_jump,1.0,0.13953755376882002,23.396313694510162,104.32637824145057
3130,2,4,pitch_jump,1.0,0.08013009789085535,17.476457176594305,104.32637824145057
3130,2,5,pitch_jump,1.0,0.13476243457472853,18.68062911154875,104.32637824145057
3130,2,7,pitch_jump,1.0,0.1130154202764535,13.909263526334879,104.32637824145057
3130,2,8,pitch_jump,1.0,0.13173528242499774,30.062204674096343,104.32637824145057
3130,2,9,pitch_jump,1.0,0.09436103998495142,36.08606501267719,104.32637824145057
3130,2,11,pitch_jump,1.0,0.1888979326295952,17.648193600681395,104.32637824145057
3130,2,14,pitch_jump,1.0,0.09747537208469857,30.83036038226587,104.32637824145057
3130,2,15,pitch_jump,1.0,0.11367977572966116,29.81091760378235,104.32637824145057
3130,2,19,pitch_jump,1.0,0.12385863651677766,27.250171538632735,104.32637824145057
3130,2,20,pitch_jump,1.0,0.12588119509984158,17.482326378869715,104.32637824145057
3130,2,21,pitch_jump,1.0,0.14691245427428887,18.7850966360214,104.32637824145057
3130,2,22,pitch_jump,1.0,0.17722550613401605,15.860127001945397,104.32637824145057
3131,2,2,pitch_jump,1.0,0.011693294404546011,24.904261680422138,104.35970935270983
3131,2,3,pitch_jump,1.0,0.05743088857751026,26.049561426788213,104.35970935270983
3131,2,7,pitch_jump,1.0,0.031961102101221876,26.69317561351009,104.35970935270983
3131,2,8,pitch_jump,1.0,0.05643990197125058,18.88859884573906,104.35970935270983
3131,2,15,pitch_jump,1.0,0.05434798012145491,25.08468186129611,104.35970935270983
3131,2,19,pitch_jump,1.0,0.05147943348996589,24.808321578836743,104.35970935270983
3131,2,20,pitch_jump,1.0,0.060796221848800056,16.65619586449419,104.35970935270983
3131,2,21,pitch_jump,1.0,0.05449964724326363,13.439352310592671,104.35970935270983
3132,2,2,pitch_jump,1.0,0.1551956122222624,12.798224350236877,104.39304046396907
3132,2,3,pitch_jump,1.0,0.17569471542656692,14.267745480979327,104.39304046396907
3132,2,6,pitch_jump,1.0,0.12003643154696392,14.111520731190716,104.39304046396907
3132,2,7,pitch_jump,1.0,0.09204537429737898,15.874340399250242,104.39304046396907
3132,2,8,pitch_jump,1.0,0.1379463124829379,18.88424530240417,104.39304046396907
3132,2,9,pitch_jump,1.0,0.10460870148758554,17.418219490197885,104.39304046396907
3132,2,14,pitch_jump,1.0,0.11806755896870906,14.400413325690312,104.39304046396907
3132,2,15,pitch_jump,1.0,0.11818132373436492,24.972597611663087,104.39304046396907
3132,2,16,pitch_jump,1.0,0.16181273369108687,12.795889778459118,104.39304046396907
3132,2,21,pitch_jump,1.0,0.13116250087427372,15.774414250215166,104.39304046396907
3132,2,22,pitch_jump,1.0,0.18799871810005103,13.760763972149599,104.39304046396907
3133,2,2,pitch_jump,1.0,0.13687444608019655,24.073540529910566,104.42637157522832
3133,2,3,pitch_jump,1.0,0.14786262980113551,24.440514559287482,104.42637157522832
3133,2,4,pitch_jump,1.0,0.10339779149883277,15.86513345735579,104.42637157522832
3133,2,7,pitch_jump,1.0,0.13183132604652234,33.36460530921988,104.42637157522832
3133,2,8,pitch_jump,1.0,0.14701863947598268,23.503751127461857,104.42637157522832
3133,2,9,pitch_jump,1.0,0.09766700685864091,34.170395796510796,104.42637157522832
3133,2,11,pitch_jump,1.0,0.2048941784580691,23.196435023141518,104.42637157522832
3133,2,14,pitch_jump,1.0,0.10674543895046065,31.04589301392143,104.42637157522832
3133,2,15,pitch_jump,1.0,0.10576804921947985,20.0179915977603,104.42637157522832
3133,2,16,pitch_jump,1.0,0.1494775237573187,26.411043906157804,104.42637157522832
3133,2,18,pitch_jump,1.0,0.14693797383180376,12.068103505942618,104.42637157522832
3133,2,19,pitch_jump,1.0,0.11730444609789446,21.47673047933056,104.42637157522832
3133,2,21,pitch_jump,1.0,0.13761785473917967,19.491406463532545,104.42637157522832
3133,2,22,pitch_jump,1.0,0.2088896508363161,13.449344361070205,104.42637157522832
3134,2,2,pitch_jump,1.0,0.055774919562824626,57.69925351109119,104.45970268648757
3134,2,3,pitch_jump,1.0,0.043473916035080606,65.57364346793663,104.45970268648757
3134,2,4,pitch_jump,1.0,0.05253303961530506,35.24506744829326,104.45970268648757
3134,2,6,pitch_jump,1.0,0.06241432003433973,19.184994864816655,104.45970268648757
3134,2,7,pitch_jump,1.0,0.10493440428221089,94.97486250177796,104.45970268648757
3134,2,8,pitch_jump,1.0,0.06696069200406524,79.1872305295014,104.45970268648757
3134,2,9,pitch_jump,1.0,0.05505123569226157,89.62130971817726,104.45970268648757
3134,2,11,pitch_jump,1.0,0.09988995017695673,39.33997430446734,104.45970268648757
3134,2,14,pitch_jump,1.0,0.048997967555791014,80.15557904490464,104.45970268648757
3134,2,15,pitch_jump,1.0,0.04170151078257801,73.45928957917812,104.45970268648757
3134,2,16,pitch_jump,1.0,0.06096506338260954,61.57803713369269,104.45970268648757
3134,2,18,pitch_jump,1.0,0.06420950587599494,29.189750866608552,104.45970268648757
3134,2,19,pitch_jump,1.0,0.04480728013329477,72.45603695343532,104.45970268648757
3134,2,20,pitch_jump,1.0,0.06661192895467362,58.836956094140334,104.45970268648757
3134,2,21,pitch_jump,1.0,0.06753405065164005,51.44314220364726,104.45970268648757
3135,2,7,pitch_jump,1.0,0.266909932541317,47.73399647160022,104.49303379774682
3135,2,9,pitch_jump,1.0,0.105941045563871,13.188867520334421,104.49303379774682
3135,2,16,pitch_jump,1.0,0.16023703783302004,12.274915570134022,104.49303379774682
3135,2,21,pitch_jump,1.0,0.17853241403743828,12.253328200226742,104.49303379774682
3136,2,9,pitch_jump,1.0,0.10853036080961119,12.951006563535849,104.52636490900608
3136,2,15,pitch_jump,1.0,0.10510891243596006,12.56913151382883,104.52636490900608
3137,2,7,pitch_jump,1.0,0.03185384703094902,12.001379459123605,104.55969602026532
3138,2,7,pitch_jump,1.0,0.17253202903419657,16.249357744200605,104.59302713152456
3138,2,9,pitch_jump,1.0,0.12138715163200063,15.31324491494179,104.59302713152456
3138,2,11,pitch_jump,1.0,0.22870066610273146,17.195892750961033,104.59302713152456
3138,2,14,pitch_jump,1.0,0.13382085646037775,12.590606769108605,104.59302713152456
3138,2,16,pitch_jump,1.0,0.14683804822732174,16.54680137053118,104.59302713152456
3138,2,21,pitch_jump,1.0,0.15840930519218194,17.61377910947166,104.59302713152456
3139,2,3,pitch_jump,1.0,0.19780336724638758,13.740891083593137,104.62635824278382
3139,2,7,pitch_jump,1.0,0.19214648765722928,19.111716999737162,104.62635824278382
3139,2,11,pitch_jump,1.0,0.22933004271956406,18.080622592623758,104.62635824278382
3139,2,16,pitch_jump,1.0,0.16863476997044494,17.824667519826992,104.62635824278382
3139,2,21,pitch_jump,1.0,0.1854555294074321,17.647467107587268,104.62635824278382
3139,2,22,pitch_jump,1.0,0.21546450688385263,16.76619244704308,104.62635824278382
3140,2,2,pitch_jump,1.0,0.05901844436640638,15.971601371046662,104.65968935404307
3140,2,3,pitch_jump,1.0,0.06598185658540938,24.239222528163147,104.65968935404307
3140,2,8,pitch_jump,1.0,0.06715064907602018,16.229609968224388,104.65968935404307
3140,2,11,pitch_jump,1.0,0.11909125189937828,18.00318695794164,104.65968935404307
3140,2,15,pitch_jump,1.0,0.07167827138527202,15.378185680377975,104.65968935404307
3140,2,16,pitch_jump,1.0,0.06467407970578433,20.97983897433358,104.65968935404307
3140,2,19,pitch_jump,1.0,0.06320940254380282,15.847968537366143,104.65968935404307
3140,2,20,pitch_jump,1.0,0.06447505353169483,12.966373711110533,104.65968935404307
3140,2,21,pitch_jump,1.0,0.05596721427754728,18.170707023033994,104.65968935404307
3141,2,3,pitch_jump,1.0,0.19089714733879792,14.624656180009348,104.69302046530231
3141,2,7,pitch_jump,1.0,0.17024766820426585,15.97146480657498,104.69302046530231
3141,2,9,pitch_jump,1.0,0.10602397206299734,15.251641095867944,104.69302046530231
3141,2,15,pitch_jump,1.0,0.16763728639959763,17.481667271877452,104.69302046530231
3141,2,16,pitch_jump,1.0,0.19027033945334595,14.657175270179987,104.69302046530231
3141,2,19,pitch_jump,1.0,0.1532700401035778,15.804407799356778,104.69302046530231
3141,2,21,pitch_jump,1.0,0.1528269208075679,14.081684006287498,104.69302046530231
3142,2,3,pitch_jump,1.0,0.15360977746301374,17.141131630246353,104.72635157656157
3142,2,4,pitch_jump,1.0,0.08331997715156933,20.195279216480472,104.72635157656157
3142,2,7,pitch_jump,1.0,0.1735040803711842,19.466907363577977,104.72635157656157
3142,2,8,pitch_jump,1.0,0.1565075151777456,13.673636211127393,104.72635157656157
3142,2,9,pitch_jump,1.0,0.12087640307680868,15.75610454823308,104.72635157656157
3142,2,11,pitch_jump,1.0,0.24549527168693136,12.656383099732494,104.72635157656157
3142,2,14,pitch_jump,1.0,0.1284397544809108,17.067703999916834,104.72635157656157
3142,2,16,pitch_jump,1.0,0.21141451992356142,12.535234953852806,104.72635157656157
3142,2,18,pitch_jump,1.0,0.15886382666567941,14.458967720486147,104.72635157656157
3142,2,20,pitch_jump,1.0,0.16151804295567312,14.048523882454427,104.72635157656157
3142,2,21,pitch_jump,1.0,0.13267585068383084,17.829369424099863,104.72635157656157
3144,2,20,pitch_jump,1.0,0.18805979746856383,22.973204487468514,104.79301379908007
3145,2,2,pitch_jump,1.0,0.19233622685583687,17.95484365059737,104.82634491033932
3145,2,7,pitch_jump,1.0,0.1617532255541833,14.79625128062872,104.82634491033932
3145,2,8,pitch_jump,1.0,0.17814321067548136,13.429256702818858,104.82634491033932
3145,2,13,pitch_jump,1.0,0.13198993912210355,23.473274195480393,104.82634491033932
3145,2,15,pitch_jump,1.0,0.1474880827509505,21.011224479262598,104.82634491033932
3145,2,19,pitch_jump,1.0,0.14905159549154456,17.857768648772396,104.82634491033932
3145,2,20,pitch_jump,1.0,0.18129547661071257,15.70924206411794,104.82634491033932
3146,2,2,pitch_jump,1.0,0.09385288962735248,16.965105421784855,104.85967602159856
3146,2,3,pitch_jump,1.0,0.09672762728430266,13.065402264256756,104.85967602159856
3146,2,7,pitch_jump,1.0,0.08493156162374838,12.482303677757484,104.85967602159856
3146,2,8,pitch_jump,1.0,0.07625870836819199,13.403320032805563,104.85967602159856
3146,2,13,pitch_jump,1.0,0.04493986729884279,14.682447942363082,104.85967602159856
3146,2,15,pitch_jump,1.0,0.05447190930346603,14.769451222301713,104.85967602159856
3146,2,19,pitch_jump,1.0,0.07605756846130593,14.573475838714039,104.85967602159856
3147,2,3,pitch_jump,1.0,0.251486061801803,16.43559969008035,104.89300713285782
3147,2,11,pitch_jump,1.0,0.26781739051022546,17.080217972254367,104.89300713285782
3147,2,16,pitch_jump,1.0,0.20725391299288265,12.644404791204117,104.89300713285782
3147,2,22,pitch_jump,1.0,0.2702427881821621,15.879653047371162,104.89300713285782
3148,2,2,pitch_jump,1.0,0.20251248169455274,17.777049430711678,104.92633824411706
3148,2,3,pitch_jump,1.0,0.19780762038335611,12.137119625931716,104.92633824411706
3148,2,7,pitch_jump,1.0,0.23432989714402055,26.925814846415168,104.92633824411706
3148,2,8,pitch_jump,1.0,0.18485163192809387,12.23599327873556,104.92633824411706
3148,2,9,pitch_jump,1.0,0.1461547487447735,20.062937315775642,104.92633824411706
3148,2,14,pitch_jump,1.0,0.14966918300958904,19.13361653012787,104.92633824411706
3149,2,2,pitch_jump,1.0,0.09210168069706912,53.230841226151355,104.9596693553763
3149,2,3,pitch_jump,1.0,0.09437259772265746,12.90936972330024,104.9596693553763
3149,2,7,pitch_jump,1.0,0.07580636358942881,16.509235173217064,104.9596693553763
3149,2,8,pitch_jump,1.0,0.081867140799664,50.095816602351526,104.9596693553763
3149,2,9,pitch_jump,1.0,0.054037186241565484,55.39502445079916,104.9596693553763
3149,2,11,pitch_jump,1.0,0.13630585968117745,29.282756160477575,104.9596693553763
3149,2,13,pitch_jump,1.0,0.06858714730485822,88.44399233352782,104.9596693553763
3149,2,14,pitch_jump,1.0,0.06418291169274029,50.414128109141075,104.9596693553763
3149,2,15,pitch_jump,1.0,0.08488605457573957,62.00405022138958,104.9596693553763
3149,2,16,pitch_jump,1.0,0.07624891738023518,27.820560098067507,104.9596693553763
3149,2,18,pitch_jump,1.0,0.06753059682792821,15.996290205581513,104.9596693553763
3149,2,19,pitch_jump,1.0,0.07755091163535814,54.39291260083759,104.9596693553763
3149,2,20,pitch_jump,1.0,0.06001450630039884,22.806425283464034,104.9596693553763
3149,2,21,pitch_jump,1.0,0.07617811293765446,23.286605199769678,104.9596693553763
3149,2,22,pitch_jump,1.0,0.13581393754760984,32.02094738919266,104.9596693553763
3150,2,3,pitch_jump,1.0,0.21878044459028498,13.975860862304012,104.99300046663556
3150,2,7,pitch_jump,1.0,0.2216065761729192,25.082486415540412,104.99300046663556
3150,2,8,pitch_jump,1.0,0.18723857735426966,12.424003811075588,104.99300046663556
3150,2,9,pitch_jump,1.0,0.14946410711837424,20.49790044326258,104.99300046663556
3150,2,13,pitch_jump,1.0,0.16210476061318024,20.01133500790754,104.99300046663556
3150,2,14,pitch_jump,1.0,0.14141602866399516,12.726812726387703,104.99300046663556
3150,2,15,pitch_jump,1.0,0.18859720382373055,13.681012029021591,104.99300046663556
3151,2,2,pitch_jump,1.0,0.1888821898848916,43.20932415789017,105.02633157789481
3151,2,3,pitch_jump,1.0,0.1924838475382484,13.563748322492895,105.02633157789481
3151,2,8,pitch_jump,1.0,0.1745884273265855,21.514046041437947,105.02633157789481
3151,2,9,pitch_jump,1.0,0.15068927145099736,19.257174305770956,105.02633157789481
3151,2,13,pitch_jump,1.0,0.1654646614454371,30.82333936035826,105.02633157789481
3151,2,14,pitch_jump,1.0,0.14491390657232273,16.736894479840913,105.02633157789481
3151,2,15,pitch_jump,1.0,0.15411136270543593,23.319329835599394,105.02633157789481
3151,2,18,pitch_jump,1.0,0.16594410331432957,12.293424118035123,105.02633157789481
3151,2,19,pitch_jump,1.0,0.14620704569374837,24.647593186638673,105.02633157789481
3151,2,20,pitch_jump,1.0,0.19089931012471734,17.961732209540124,105.02633157789481
3151,2,21,pitch_jump,1.0,0.15286067000101386,14.171021462419906,105.02633157789481
3152,2,2,pitch_jump,1.0,0.10605105688580047,23.746625086445864,105.05966268915407
3152,2,3,pitch_jump,1.0,0.07545451895559095,25.563329583151255,105.05966268915407
3152,2,6,pitch_jump,1.0,0.061603504900658974,115.8307974807895,105.05966268915407
3152,2,7,pitch_jump,1.0,0.08303049334394315,41.2090015388427,105.05966268915407
3152,2,8,pitch_jump,1.0,0.07499341231478882,60.12877872349581,105.05966268915407
3152,2,9,pitch_jump,1.0,0.061469000510791814,106.85521193959634,105.05966268915407
3152,2,11,pitch_jump,1.0,0.11857242455842526,58.43166711477713,105.05966268915407
3152,2,13,pitch_jump,1.0,0.08014862181762634,91.76767245098686,105.05966268915407
3152,2,14,pitch_jump,1.0,0.06364775840400368,96.16447090592703,105.05966268915407
3152,2,15,pitch_jump,1.0,0.051763974132888184,51.18965827413207,105.05966268915407
3152,2,16,pitch_jump,1.0,0.09857488685317574,64.83144318677887,105.05966268915407
3152,2,19,pitch_jump,1.0,0.07328113540479607,48.284282003499676,105.05966268915407
3152,2,20,pitch_jump,1.0,0.081813046507143,17.34328563544306,105.05966268915407
3152,2,21,pitch_jump,1.0,0.06368649227590248,38.12321158914657,105.05966268915407
3152,2,22,pitch_jump,1.0,0.14041138837490838,45.71274175452908,105.05966268915407
3153,2,2,pitch_jump,1.0,0.24898136733178022,49.81558172507491,105.09299380041331
3153,2,3,pitch_jump,1.0,0.24969787167914162,14.850384022904747,105.09299380041331
3153,2,4,pitch_jump,1.0,0.14352696503030868,35.10571988017727,105.09299380041331
3153,2,6,pitch_jump,1.0,0.14053931420182397,35.608457064325734,105.09299380041331
3153,2,7,pitch_jump,1.0,0.21078154416075356,25.322356945448874,105.09299380041331
3153,2,8,pitch_jump,1.0,0.16861391743741783,23.667008485444843,105.09299380041331
3153,2,9,pitch_jump,1.0,0.12952189479240184,19.706979978080327,105.09299380041331
3153,2,11,pitch_jump,1.0,0.2917254433019061,14.210315439707422,105.09299380041331
3153,2,13,pitch_jump,1.0,0.16400286055782112,29.171162873709047,105.09299380041331
3153,2,14,pitch_jump,1.0,0.1428439754683131,18.732453388681485,105.09299380041331
3153,2,15,pitch_jump,1.0,0.14645766174124134,18.6645783343319,105.09299380041331
3153,2,16,pitch_jump,1.0,0.22651734448075722,20.730127760200247,105.09299380041331
3153,2,19,pitch_jump,1.0,0.15971812265391275,18.8136744185629,105.09299380041331
3153,2,20,pitch_jump,1.0,0.19174052264715305,19.459302120159588,105.09299380041331
3153,2,21,pitch_jump,1.0,0.20365733893564894,17.460777640339025,105.09299380041331
3154,2,2,pitch_jump,1.0,0.24507009479223427,32.03205167745576,105.12632491167255
3154,2,3,pitch_jump,1.0,0.21713393490161087,12.488852034957805,105.12632491167255
3154,2,4,pitch_jump,1.0,0.1361532587592579,36.04765904561454,105.12632491167255
3154,2,6,pitch_jump,1.0,0.13450314944968644,30.767062716967736,105.12632491167255
3154,2,7,pitch_jump,1.0,0.1928710855019165,13.170617920662556,105.12632491167255
3154,2,8,pitch_jump,1.0,0.15936317749439097,12.41991735310473,105.12632491167255
3154,2,9,pitch_jump,1.0,0.13337108701893693,21.3835427881999,105.12632491167255
3154,2,13,pitch_jump,1.0,0.15202164123386222,15.62318166430058,105.12632491167255
3154,2,14,pitch_jump,1.0,0.13923227033844243,20.80300747981207,105.12632491167255
3154,2,20,pitch_jump,1.0,0.18357751581751963,16.55793394504065,105.12632491167255
3155,2,2,pitch_jump,1.0,0.08676618686285423,13.589185271238136,105.15965602293181
3155,2,3,pitch_jump,1.0,0.08798313853847577,15.492029165530475,105.15965602293181
3155,2,6,pitch_jump,1.0,0.06002600483028644,34.54037322112793,105.15965602293181
3155,2,8,pitch_jump,1.0,0.05931627263155243,20.08331378195106,105.15965602293181
3155,2,9,pitch_jump,1.0,0.07014982519081824,43.758183967823065,105.15965602293181
3155,2,10,pitch_jump,1.0,0.08756035714783424,17.02998321732095,105.15965602293181
3155,2,11,pitch_jump,1.0,0.12085754551674148,30.524574772482197,105.15965602293181
3155,2,13,pitch_jump,1.0,0.05964729430357075,27.72006727930637,105.15965602293181
3155,2,14,pitch_jump,1.0,0.06212191029764962,35.86053156417513,105.15965602293181
3155,2,15,pitch_jump,1.0,0.058789141310934157,15.033371033489834,105.15965602293181
3155,2,16,pitch_jump,1.0,0.08374599528264023,27.932214062599403,105.15965602293181
3155,2,19,pitch_jump,1.0,0.04236741022281827,13.744442834822168,105.15965602293181
3155,2,21,pitch_jump,1.0,0.0787144661973133,19.63126268741482,105.15965602293181
3156,2,2,pitch_jump,1.0,0.21471358364282267,22.357971708668178,105.19298713419106
3156,2,11,pitch_jump,1.0,0.2871809857907706,17.169450210873848,105.19298713419106
3156,2,14,pitch_jump,1.0,0.14511126391534784,13.835960616822698,105.19298713419106
3156,2,16,pitch_jump,1.0,0.20381314964295008,16.01938079889477,105.19298713419106
3156,2,21,pitch_jump,1.0,0.2014951302345658,12.312187020320431,105.19298713419106
3157,2,2,pitch_jump,1.0,0.2219296398767236,57.73388175334011,105.2263182454503
3157,2,3,pitch_jump,1.0,0.20582694953630537,30.50353023829954,105.2263182454503
3157,2,8,pitch_jump,1.0,0.16802568600769313,62.158053115971086,105.2263182454503
3157,2,9,pitch_jump,1.0,0.11873787742378615,84.59825673243036,105.2263182454503
3157,2,10,pitch_jump,1.0,0.136868959527639,108.94042149259143,105.2263182454503
3157,2,11,pitch_jump,1.0,0.2666464886622875,25.52867319622734,105.2263182454503
3157,2,13,pitch_jump,1.0,0.15050772467470097,88.62868458717784,105.2263182454503
3157,2,14,pitch_jump,1.0,0.1395016504924491,74.66840333098624,105.2263182454503
3157,2,15,pitch_jump,1.0,0.2080123453710949,64.49718498389058,105.2263182454503
3157,2,16,pitch_jump,1.0,0.21437269513756402,24.225185561937543,105.2263182454503
3157,2,17,pitch_jump,1.0,0.12853459369354261,127.97288739877405,105.2263182454503
3157,2,18,pitch_jump,1.0,0.15877506075287742,15.00196933428719,105.2263182454503
3157,2,19,pitch_jump,1.0,0.17937644967195115,58.806176178309826,105.2263182454503
3157,2,20,pitch_jump,1.0,0.14707473694778325,34.11701417177859,105.2263182454503
3157,2,21,pitch_jump,1.0,0.19462273051744597,22.026067372264713,105.2263182454503
3158,2,2,pitch_jump,1.0,0.0982967812545562,32.01528302798695,105.25964935670956
3158,2,8,pitch_jump,1.0,0.08163531663558182,97.79586314699323,105.25964935670956
3158,2,9,pitch_jump,1.0,0.05339453756344845,203.08871219178704,105.25964935670956
3158,2,10,pitch_jump,1.0,0.04883650180605173,199.34643038314593,105.25964935670956
3158,2,13,pitch_jump,1.0,0.058244791764236574,134.18433730884726,105.25964935670956
3158,2,14,pitch_jump,1.0,0.06339357636616608,174.54830137033815,105.25964935670956
3158,2,15,pitch_jump,1.0,0.08578894777460791,63.549385009453694,105.25964935670956
3158,2,16,pitch_jump,1.0,0.09332009448984406,54.88368120566017,105.25964935670956
3158,2,17,pitch_jump,1.0,0.06073734992347761,296.00938803988896,105.25964935670956
3158,2,18,pitch_jump,1.0,0.06948261029990258,13.90021732916673,105.25964935670956
3158,2,19,pitch_jump,1.0,0.07804725355743033,59.4758752380609,105.25964935670956
3158,2,20,pitch_jump,1.0,0.056878695172647355,20.52085247715183,105.25964935670956
3158,2,21,pitch_jump,1.0,0.06465833078491377,32.00435578776216,105.25964935670956
3159,2,2,pitch_jump,1.0,0.20350420556450496,22.944220865951333,105.2929804679688
3159,2,8,pitch_jump,1.0,0.18851471400046724,20.41098360200532,105.2929804679688
3159,2,9,pitch_jump,1.0,0.13508203645128913,21.21651708720261,105.2929804679688
3159,2,11,pitch_jump,2.0,0.19228722319372216,31.288045607032455,105.2929804679688
3159,2,13,pitch_jump,1.0,0.18200320282113308,15.0965762000733,105.2929804679688
3159,2,14,pitch_jump,1.0,0.13816174515374302,20.32604469953535,105.2929804679688
3159,2,15,pitch_jump,1.0,0.18832003128350253,14.645748345370087,105.2929804679688
3159,2,17,pitch_jump,1.0,0.1593908800052437,18.50671592288701,105.2929804679688
3159,2,19,pitch_jump,1.0,0.18841461098525022,15.641472433920532,105.2929804679688
3160,2,3,pitch_jump,1.0,0.25234665541550166,13.190805476878774,105.32631157922806
3160,2,10,pitch_jump,1.0,0.12488978765196951,12.901494367253381,105.32631157922806
3160,2,13,pitch_jump,1.0,0.1790748403125187,13.750002989765251,105.32631157922806
3160,2,17,pitch_jump,1.0,0.13004495604639682,19.597155017864633,105.32631157922806
3161,2,9,pitch_jump,1.0,0.07265899191006948,18.788103748288336,105.3596426904873
3161,2,10,pitch_jump,1.0,0.06373563147131367,13.04389238805103,105.3596426904873
3161,2,11,pitch_jump,1.0,0.13092513546117784,14.054954414769522,105.3596426904873
3161,2,14,pitch_jump,1.0,0.05968860538955879,18.547070476998652,105.3596426904873
3161,2,17,pitch_jump,1.0,0.06822775119848279,22.668002446162035,105.3596426904873
3162,2,3,pitch_jump,1.0,0.2298036638287129,25.054457610313037,105.39297380174655
3162,2,8,pitch_jump,1.0,0.17466041042311198,12.210269274004569,105.39297380174655
3162,2,11,pitch_jump,1.0,0.23325041522153858,14.522476152807283,105.39297380174655
3162,2,13,pitch_jump,1.0,0.18409891604973175,13.012917492569585,105.39297380174655
3162,2,17,pitch_jump,1.0,0.14659106232324076,12.173303566202689,105.39297380174655
3162,2,20,pitch_jump,1.0,0.1908708477574489,18.297489175918216,105.39297380174655
3163,2,3,pitch_jump,1.0,0.2289203394600986,18.041113803337662,105.42630491300581
3163,2,10,pitch_jump,1.0,0.1582629093931734,22.46056833351544,105.42630491300581
3163,2,13,pitch_jump,1.0,0.1637991252158887,15.838652506474435,105.42630491300581
3163,2,20,pitch_jump,1.0,0.18071689901443766,25.751912142608422,105.42630491300581
3164,2,2,pitch_jump,1.0,0.09276445962918564,12.653846999048167,105.45963602426505
3164,2,17,pitch_jump,1.0,0.06689426450489583,12.30865844668202,105.45963602426505
3165,2,3,pitch_jump,1.0,0.2162578395728878,13.753193436610548,105.4929671355243
3165,2,9,pitch_jump,1.0,0.13873690509765135,13.929222473751166,105.4929671355243
3165,2,10,pitch_jump,1.0,0.16538804948651292,18.26209375324056,105.4929671355243
3165,2,16,pitch_jump,1.0,0.20368124739562207,13.57456064771331,105.4929671355243
3165,2,21,pitch_jump,1.0,0.1998593230249152,16.568508487389924,105.4929671355243
3166,2,9,pitch_jump,1.0,0.1367143410757307,13.507122408431808,105.52629824678355
3166,2,11,pitch_jump,1.0,0.2528552740460682,23.93930841495084,105.52629824678355
3166,2,16,pitch_jump,1.0,0.18200803627769466,16.93712080399233,105.52629824678355
3166,2,17,pitch_jump,1.0,0.1481887666457338,20.243674419552782,105.52629824678355
3166,2,21,pitch_jump,1.0,0.1683937346711856,12.01815942508654,105.52629824678355
3167,2,2,pitch_jump,1.0,0.08802024016330046,35.29650851148269,105.5596293580428
3167,2,3,pitch_jump,1.0,0.1016262951562407,20.322474684501515,105.5596293580428
3167,2,8,pitch_jump,1.0,0.07955098722855206,28.944390656110272,105.5596293580428
3167,2,9,pitch_jump,1.0,0.062002227078564745,31.309415049070658,105.5596293580428
3167,2,10,pitch_jump,1.0,0.05849659240875918,32.60940449842526,105.5596293580428
3167,2,11,pitch_jump,1.0,0.12127701555895304,17.288206281450673,105.5596293580428
3167,2,13,pitch_jump,1.0,0.04115649821131222,32.69994157886417,105.5596293580428
3167,2,14,pitch_jump,1.0,0.07881499122115763,30.355903098250025,105.5596293580428
3167,2,15,pitch_jump,1.0,0.07164567030167258,31.855984549427305,105.5596293580428
3167,2,16,pitch_jump,1.0,0.07611783222130449,18.425697455374145,105.5596293580428
3167,2,17,pitch_jump,1.0,0.07205908400841711,33.099373513119566,105.5596293580428
3167,2,18,pitch_jump,1.0,0.07168434243212128,21.972892034577445,105.5596293580428
3167,2,19,pitch_jump,1.0,0.07681530692426182,29.081458469393265,105.5596293580428
3167,2,20,pitch_jump,1.0,0.05339585569188359,20.949270940932756,105.5596293580428
3167,2,21,pitch_jump,1.0,0.047949334589664404,18.66681126324287,105.5596293580428
3168,2,2,pitch_jump,1.0,0.2086853799397081,16.1398206433647,105.59296046930206
3168,2,3,pitch_jump,1.0,0.2247758613586103,16.17026039928076,105.59296046930206
3168,2,8,pitch_jump,1.0,0.16795139751315147,18.990820747041294,105.59296046930206
3168,2,9,pitch_jump,1.0,0.12531839970951295,22.832049557041827,105.59296046930206
3168,2,10,pitch_jump,1.0,0.12822486180004417,15.468501496529036,105.59296046930206
3168,2,13,pitch_jump,1.0,0.15770712307154067,15.143146755802874,105.59296046930206
3168,2,14,pitch_jump,1.0,0.13540654688653836,21.39020940144321,105.59296046930206
3168,2,15,pitch_jump,1.0,0.1828055558297078,18.9951840310554,105.59296046930206
3168,2,17,pitch_jump,1.0,0.14876190777488732,25.347687293873374,105.59296046930206
3168,2,19,pitch_jump,1.0,0.1724801872601403,18.179011582196303,105.59296046930206
3168,2,20,pitch_jump,1.0,0.1476874104833956,19.598783399567633,105.59296046930206
3169,2,2,pitch_jump,1.0,0.19022410774493728,15.399068892028668,105.6262915805613
3169,2,3,pitch_jump,1.0,0.21126327263210173,15.211412875964964,105.6262915805613
3169,2,11,pitch_jump,1.0,0.24923282689941467,12.595918799108508,105.6262915805613
3169,2,15,pitch_jump,1.0,0.17844825122223093,13.539429474282414,105.6262915805613
3169,2,17,pitch_jump,1.0,0.14697675754177061,14.672182635901946,105.6262915805613
3170,2,9,pitch_jump,1.0,0.05484026564308931,17.06846169023984,105.65962269182054
3170,2,10,pitch_jump,1.0,0.04956565931655908,15.52524322894187,105.65962269182054
3170,2,14,pitch_jump,1.0,0.05902429032776202,13.77269650016997,105.65962269182054
3170,2,17,pitch_jump,1.0,0.06811667488525253,20.610888256003822,105.65962269182054
3171,2,3,pitch_jump,1.0,0.20217723664913023,23.074045429562506,105.6929538030798
3171,2,9,pitch_jump,1.0,0.11875328065933947,15.999798846782303,105.6929538030798
3171,2,14,pitch_jump,1.0,0.11928860280974694,13.367635827013604,105.6929538030798
3172,1,27,pitch_jump,1.0,0.21759349590376031,17.40823323485519,105.72628491433905
3172,2,9,pitch_jump,1.0,0.11568870868722948,12.723665466356344,105.72628491433905
3172,2,14,pitch_jump,1.0,0.1292738968862923,12.822857283218598,105.72628491433905
3173,1,27,pitch_jump,1.0,0.09842284145495152,14.978074990907393,105.75961602559829
3173,2,2,pitch_jump,1.0,0.06817905272154537,17.343374595103093,105.75961602559829
3173,2,3,pitch_jump,1.0,0.10426002922067394,29.50009316619323,105.75961602559829
3173,2,8,pitch_jump,1.0,0.06559778256552144,18.595332191312778,105.75961602559829
3173,2,9,pitch_jump,1.0,0.05763938963655871,24.226239922100568,105.75961602559829
3173,2,10,pitch_jump,1.0,0.06518042386537622,28.31566907681985,105.75961602559829
3173,2,13,pitch_jump,1.0,0.06486139208336349,25.722455975723076,105.75961602559829
3173,2,14,pitch_jump,1.0,0.05235289950499948,21.565162587139557,105.75961602559829
3173,2,15,pitch_jump,1.0,0.04925994967059215,16.480898375868453,105.75961602559829
3173,2,17,pitch_jump,1.0,0.0723598456404842,33.567478032256425,105.75961602559829
3173,2,19,pitch_jump,1.0,0.04207864414533986,19.00174224382614,105.75961602559829
3173,2,20,pitch_jump,1.0,0.07892859961976248,22.331288363175602,105.75961602559829
3173,2,21,pitch_jump,1.0,0.06598546281008534,13.882496342366275,105.75961602559829
3174,1,27,pitch_jump,1.0,0.20202093134840365,33.71714309312063,105.79294713685755
3174,2,2,pitch_jump,1.0,0.16213587703737983,27.389314170217705,105.79294713685755
3174,2,3,pitch_jump,1.0,0.19611301906654427,22.663937901943132,105.79294713685755
3174,2,5,pitch_jump,1.0,0.24150798023027087,13.242935020712501,105.79294713685755
3174,2,8,pitch_jump,1.0,0.15787857769265506,20.53769335105975,105.79294713685755
3174,2,9,pitch_jump,1.0,0.12294033758468542,17.520873382391915,105.79294713685755
3174,2,10,pitch_jump,1.0,0.14859098029851683,32.937349934805646,105.79294713685755
3174,2,13,pitch_jump,1.0,0.14162878885650973,27.134324187353062,105.79294713685755
3174,2,14,pitch_jump,1.0,0.12724460381679767,16.93226226810104,105.79294713685755
3174,2,15,pitch_jump,1.0,0.15863274736381827,27.57836567738382,105.79294713685755
3174,2,17,pitch_jump,1.0,0.15014301166058616,22.89174647328367,105.79294713685755
3174,2,19,pitch_jump,1.0,0.1444283417692714,25.61696310491338,105.79294713685755
3174,2,20,pitch_jump,1.0,0.16434776949456414,18.39568301890982,105.79294713685755
3175,1,27,pitch_jump,1.0,0.2096086436018299,23.38884696023388,105.8262782481168
3175,2,9,pitch_jump,1.0,0.11685787300859694,27.475418318543955,105.8262782481168
3175,2,13,pitch_jump,1.0,0.13020887800699021,14.757563972537357,105.8262782481168
3175,2,14,pitch_jump,1.0,0.11819831518353795,22.671569816829514,105.8262782481168
3175,2,17,pitch_jump,1.0,0.12234246999698174,29.70694498122526,105.8262782481168
3176,2,10,pitch_jump,1.0,0.05974264971984543,13.307591483524662,105.85960935937605
3176,2,17,pitch_jump,1.0,0.06930529749025977,12.608910486634331,105.85960935937605
3176,2,21,pitch_jump,1.0,0.05251586979257515,14.294560411417681,105.85960935937605
3177,1,27,pitch_jump,1.0,0.20701169562800054,17.95718059020727,105.8929404706353
3177,2,2,pitch_jump,1.0,0.17273557386979005,13.136847865473433,105.8929404706353
3177,2,7,pitch_jump,1.0,0.2168429881376192,12.98928486645124,105.8929404706353
3177,2,9,pitch_jump,1.0,0.11327446901794089,16.528064058929022,105.8929404706353
3177,2,14,pitch_jump,1.0,0.11743351503186825,13.681099859631988,105.8929404706353
3177,2,17,pitch_jump,1.0,0.11504458866124471,14.289137373282172,105.8929404706353
3178,2,2,pitch_jump,1.0,0.160404990284169,13.228211615838765,105.92627158189454
3178,2,10,pitch_jump,1.0,0.1050123722878646,14.201921179590478,105.92627158189454
3178,2,13,pitch_jump,1.0,0.12713523960320475,12.23547893021056,105.92627158189454
3178,2,14,pitch_jump,1.0,0.1093825757501585,12.4362636939746,105.92627158189454
3178,2,15,pitch_jump,1.0,0.16732858899111125,21.08857961215521,105.92627158189454
3178,2,17,pitch_jump,1.0,0.11904293887440774,13.602994624200072,105.92627158189454
3179,1,27,pitch_jump,1.0,0.10716489619822285,18.7949268033213,105.9596026931538
3179,2,2,pitch_jump,1.0,0.08615423122234295,18.815652825811082,105.9596026931538
3179,2,7,pitch_jump,1.0,0.10907729569227151,13.40208377544989,105.9596026931538
3179,2,8,pitch_jump,1.0,0.0629128684506238,12.642468003503613,105.9596026931538
3179,2,9,pitch_jump,1.0,0.052479277122945124,15.602770718873684,105.9596026931538
3179,2,10,pitch_jump,1.0,0.04556581486722167,17.454489521875413,105.9596026931538
3179,2,13,pitch_jump,1.0,0.059513518695851426,15.504725153052066,105.9596026931538
3179,2,14,pitch_jump,1.0,0.05504200503472725,13.879372662832813,105.9596026931538
3179,2,15,pitch_jump,1.0,0.08017405400536821,18.50323164903726,105.9596026931538
3179,2,17,pitch_jump,1.0,0.05394367719308469,23.3005954346647,105.9596026931538
3179,2,19,pitch_jump,1.0,0.06674530973475423,18.18769977029511,105.9596026931538
3180,1,27,pitch_jump,1.0,0.22042178182692612,30.146069052641504,105.99293380441304
3180,2,2,pitch_jump,1.0,0.16922275245109963,15.35198110070171,105.99293380441304
3180,2,7,pitch_jump,1.0,0.26256788140590115,17.7199326229662,105.99293380441304
3180,2,8,pitch_jump,1.0,0.1418079578999664,24.245604924610078,105.99293380441304
3180,2,9,pitch_jump,1.0,0.11568213195087049,41.41926295658951,105.99293380441304
3180,2,10,pitch_jump,1.0,0.1248516477317258,42.463539549059334,105.99293380441304
3180,2,13,pitch_jump,1.0,0.14289961362475456,27.36730846530343,105.99293380441304
3180,2,14,pitch_jump,1.0,0.11487109393620873,42.69159691915519,105.99293380441304
3180,2,15,pitch_jump,1.0,0.1670720099984255,18.30594365068668,105.99293380441304
3180,2,16,pitch_jump,1.0,0.15711942733022038,15.310354423861737,105.99293380441304
3180,2,17,pitch_jump,1.0,0.12275564578513175,56.893040627739275,105.99293380441304
3180,2,18,pitch_jump,1.0,0.12619812232516298,18.00556012494265,105.99293380441304
3180,2,19,pitch_jump,1.0,0.14915016046106724,15.326965691877483,105.99293380441304
3180,2,20,pitch_jump,1.0,0.1384745349029303,14.20249587941937,105.99293380441304
3180,2,21,pitch_jump,1.0,0.1226535021082121,15.155163653697656,105.99293380441304
3182,2,20,pitch_jump,1.0,0.061136035157822996,14.204947141835383,106.05959602693154
3183,1,27,pitch_jump,1.0,0.19380561648685873,36.04377464657678,106.09292713819079
3183,2,2,pitch_jump,1.0,0.13959433320827946,26.29263050768959,106.09292713819079
3183,2,7,pitch_jump,1.0,0.2160674773137594,16.499713020804734,106.09292713819079
3183,2,8,pitch_jump,1.0,0.13970698905818468,40.004442014422864,106.09292713819079
3183,2,9,pitch_jump,1.0,0.1436484697473945,64.30301824390422,106.09292713819079
3183,2,10,pitch_jump,1.0,0.12835776421450296,66.03375728409877,106.09292713819079
3183,2,13,pitch_jump,1.0,0.13504252809441744,53.50434729936613,106.09292713819079
3183,2,14,pitch_jump,1.0,0.09671244981299836,58.98472701232787,106.09292713819079
3183,2,15,pitch_jump,1.0,0.13416045274539212,33.665979462908496,106.09292713819079
3183,2,17,pitch_jump,1.0,0.12142942801269395,79.16743694910305,106.09292713819079
3183,2,18,pitch_jump,1.0,0.10471812757699663,21.37135772857927,106.09292713819079
3183,2,19,pitch_jump,1.0,0.1255963318561017,31.96222474205317,106.09292713819079
3183,2,20,pitch_jump,1.0,0.15288671353096536,38.76054552637617,106.09292713819079
3183,2,21,pitch_jump,1.0,0.16488533292594199,14.217749245479094,106.09292713819079
3184,1,27,pitch_jump,1.0,0.19663913239677674,17.388389587681342,106.12625824945005
3184,2,7,pitch_jump,1.0,0.20131089701512106,37.55680692205733,106.12625824945005
3184,2,8,pitch_jump,1.0,0.12850797095575747,76.6590195154555,106.12625824945005
3184,2,9,pitch_jump,1.0,0.12097070655644557,208.85585910666273,106.12625824945005
3184,2,13,pitch_jump,1.0,0.11418311455337495,19.100032809816458,106.12625824945005
3184,2,14,pitch_jump,1.0,0.10226255033087214,202.92354934872563,106.12625824945005
3184,2,16,pitch_jump,1.0,0.14022918690513034,166.86661812889156,106.12625824945005
3184,2,17,pitch_jump,1.0,0.10464186051306504,89.9674109866027,106.12625824945005
3184,2,18,pitch_jump,1.0,0.11072089492436751,239.581526277289,106.12625824945005
3184,2,19,pitch_jump,1.0,0.1344292786078804,27.411929619879363,106.12625824945005
3184,2,20,pitch_jump,1.0,0.14055517668884582,64.44550971196726,106.12625824945005
3184,2,21,pitch_jump,1.0,0.1438558596622288,133.2158328948597,106.12625824945005
3185,2,7,pitch_jump,1.0,0.1017148404114469,12.299539463295558,106.15958936070929
3185,2,9,pitch_jump,1.0,0.05631414959751617,33.20136352752259,106.15958936070929
3185,2,10,pitch_jump,1.0,0.052289265484890886,12.696379780809217,106.15958936070929
3185,2,14,pitch_jump,1.0,0.0390788427324328,29.357017079124496,106.15958936070929
3185,2,16,pitch_jump,1.0,0.06957876871490727,40.84443033077301,106.15958936070929
3185,2,18,pitch_jump,1.0,0.048791419207781135,51.045764889697004,106.15958936070929
3185,2,20,pitch_jump,1.0,0.05000732000035381,13.735444496889862,106.15958936070929
3185,2,21,pitch_jump,1.0,0.048337083520588305,29.712495606457153,106.15958936070929
3186,2,7,pitch_jump,1.0,0.2069642947051672,14.409993899480014,106.19292047196853
3186,2,8,pitch_jump,1.0,0.12476662073684307,92.19574926398786,106.19292047196853
3186,2,9,pitch_jump,1.0,0.10398358638167983,240.78264624421917,106.19292047196853
3186,2,10,pitch_jump,1.0,0.11135411070251534,26.01778282674566,106.19292047196853
3186,2,13,pitch_jump,1.0,0.09776304994800114,24.48731788533756,106.19292047196853
3186,2,14,pitch_jump,1.0,0.09744702586715177,238.60597106380501,106.19292047196853
3186,2,15,pitch_jump,1.0,0.1426705290127461,14.004767535258425,106.19292047196853
3186,2,16,pitch_jump,1.0,0.15706520252496003,182.66004642866616,106.19292047196853
3186,2,17,pitch_jump,1.0,0.10828369988640466,106.058195780157,106.19292047196853
3186,2,18,pitch_jump,1.0,0.10102427808573006,275.4467430785443,106.19292047196853
3186,2,19,pitch_jump,1.0,0.13083911491029393,29.901891387131148,106.19292047196853
3186,2,20,pitch_jump,1.0,0.11459575786661341,74.29233238222386,106.19292047196853
3186,2,21,pitch_jump,1.0,0.12179852875172421,150.01306990031733,106.19292047196853
3187,1,27,pitch_jump,1.0,0.1632733009229485,35.65842939739342,106.22625158322779
3187,2,2,pitch_jump,1.0,0.13509470291743308,28.229395628400745,106.22625158322779
3187,2,7,pitch_jump,1.0,0.20494412600203393,51.545626005680425,106.22625158322779
3187,2,8,pitch_jump,1.0,0.1260640227459336,53.985417345595756,106.22625158322779
3187,2,9,pitch_jump,1.0,0.10178260033379928,203.94691310589536,106.22625158322779
3187,2,10,pitch_jump,1.0,0.09676532829547735,17.383764375522787,106.22625158322779
3187,2,13,pitch_jump,1.0,0.10032683267235554,15.982521093452066,106.22625158322779
3187,2,14,pitch_jump,1.0,0.09326116369251955,192.86218897695971,106.22625158322779
3187,2,15,pitch_jump,1.0,0.12361654834914644,21.64091059814155,106.22625158322779
3187,2,16,pitch_jump,1.0,0.1384691511293857,127.20511523014235,106.22625158322779
3187,2,17,pitch_jump,1.0,0.103918448766396,79.87802709050686,106.22625158322779
3187,2,18,pitch_jump,1.0,0.07024212321665918,210.66192707436832,106.22625158322779
3187,2,20,pitch_jump,1.0,0.08722496683909751,34.29358304877226,106.22625158322779
3187,2,21,pitch_jump,1.0,0.10626057699968874,92.68291213181305,106.22625158322779
3188,2,9,pitch_jump,1.0,0.02649727480996446,20.96068367203689,106.25958269448704
3188,2,14,pitch_jump,1.0,0.043598535150725495,22.232068571841424,106.25958269448704
3188,2,16,pitch_jump,1.0,0.049851691174686893,26.76635508638891,106.25958269448704
3188,2,18,pitch_jump,1.0,0.021302937108809494,31.519272718288263,106.25958269448704
3188,2,20,pitch_jump,1.0,0.025077706087267886,13.47416808341023,106.25958269448704
3188,2,21,pitch_jump,1.0,0.032093880653219005,20.12334103617207,106.25958269448704
3189,1,27,pitch_jump,1.0,0.15898228224851071,16.686247288287355,106.29291380574628
3189,2,2,pitch_jump,1.0,0.13603237554585276,21.07678436806463,106.29291380574628
3189,2,7,pitch_jump,1.0,0.1929383072960199,14.830561698618004,106.29291380574628
3189,2,9,pitch_jump,1.0,0.08457868766750722,28.183720032356394,106.29291380574628
3189,2,14,pitch_jump,1.0,0.0972040611246745,27.71019755947316,106.29291380574628
3189,2,15,pitch_jump,1.0,0.10557101512060085,16.738036513086055,106.29291380574628
3189,2,16,pitch_jump,1.0,0.11509059221930774,24.41045300452699,106.29291380574628
3189,2,18,pitch_jump,1.0,0.07114529555292147,31.044322090357685,106.29291380574628
3189,2,21,pitch_jump,1.0,0.08681679184488703,12.141151568020135,106.29291380574628
3190,2,2,pitch_jump,1.0,0.11494441193124129,15.578754649144825,106.32624491700554
3190,2,13,pitch_jump,1.0,0.0974547999022491,15.157887587787526,106.32624491700554
3190,2,15,pitch_jump,1.0,0.07376629460910832,13.670069141716347,106.32624491700554
3190,2,19,pitch_jump,1.0,0.04898039536303514,14.451659894465744,106.32624491700554
3191,1,27,pitch_jump,1.0,0.05319447420381002,21.957794524047138,106.35957602826478
3191,2,2,pitch_jump,1.0,0.02352843210296365,14.132820059890486,106.35957602826478
3191,2,8,pitch_jump,1.0,0.03383642815412178,15.558959095823147,106.35957602826478
3191,2,9,pitch_jump,1.0,0.039366163248742043,16.952307247902457,106.35957602826478
3191,2,10,pitch_jump,1.0,0.02427191342851158,19.736416207976394,106.35957602826478
3191,2,13,pitch_jump,1.0,0.03278537647254035,13.38704098298346,106.35957602826478
3191,2,14,pitch_jump,1.0,0.03476700037549454,17.457729549531937,106.35957602826478
3191,2,15,pitch_jump,1.0,0.008468533232511564,17.563508003181823,106.35957602826478
3191,2,17,pitch_jump,1.0,0.036551139668722074,20.279616744743564,106.35957602826478
3191,2,18,pitch_jump,1.0,0.03448138479864301,12.353718959646327,106.35957602826478
3191,2,19,pitch_jump,1.0,0.0015615309546128965,14.476245119189707,106.35957602826478
3191,2,20,pitch_jump,1.0,0.03427491304664445,12.576029907598123,106.35957602826478
3192,1,27,pitch_jump,1.0,0.14028811059354265,15.055193533064433,106.39290713952404
3192,2,2,pitch_jump,1.0,0.09506701204303031,26.03909144989617,106.39290713952404
3192,2,7,pitch_jump,1.0,0.18704642354955817,19.069962792679046,106.39290713952404
3192,2,8,pitch_jump,1.0,0.09582974131166934,24.363109010636144,106.39290713952404
3192,2,9,pitch_jump,1.0,0.08583999674590367,20.397323018201995,106.39290713952404
3192,2,10,pitch_jump,1.0,0.08030839605786305,27.84167001033015,106.39290713952404
3192,2,13,pitch_jump,1.0,0.09163324822216991,26.346565129998286,106.39290713952404
3192,2,14,pitch_jump,1.0,0.07456502863695873,19.97849125394379,106.39290713952404
3192,2,15,pitch_jump,1.0,0.04259356505652017,25.70986274796696,106.39290713952404
3192,2,16,pitch_jump,1.0,0.11361945724280338,21.193392114861776,106.39290713952404
3192,2,17,pitch_jump,1.0,0.0874165519555842,20.590325970784896,106.39290713952404
3192,2,18,pitch_jump,1.0,0.06788368515118037,21.987821227249963,106.39290713952404
3192,2,19,pitch_jump,1.0,0.06867261923441004,27.049981357594223,106.39290713952404
3192,2,20,pitch_jump,1.0,0.09553384470094942,28.325586740155458,106.39290713952404
3192,2,21,pitch_jump,1.0,0.08502041080431033,27.61782547335279,106.39290713952404
3193,1,27,pitch_jump,1.0,0.13552815603159565,12.585721209353832,106.42623825078329
3193,2,9,pitch_jump,1.0,0.08094342500296721,23.104547888237793,106.42623825078329
3193,2,10,pitch_jump,1.0,0.09633831863769367,17.308151073735054,106.42623825078329
3193,2,13,pitch_jump,1.0,0.09028846949083742,15.63417677173592,106.42623825078329
3193,2,14,pitch_jump,1.0,0.07135111350527695,18.590084563531022,106.42623825078329
3193,2,16,pitch_jump,1.0,0.09060028749047452,13.999772648623546,106.42623825078329
3193,2,18,pitch_jump,1.0,0.06507476111263953,31.00289679810165,106.42623825078329
3193,2,20,pitch_jump,1.0,0.10610750922130771,28.157202052256935,106.42623825078329
3193,2,21,pitch_jump,1.0,0.0841440823613289,17.663163726073723,106.42623825078329
3194,2,9,pitch_jump,1.0,0.036242599616930424,44.752603625222804,106.45956936204253
3194,2,14,pitch_jump,1.0,0.03008332567563704,43.83048444209738,106.45956936204253
3194,2,16,pitch_jump,1.0,0.013588558844428068,27.03792087201734,106.45956936204253
3194,2,17,pitch_jump,1.0,0.03380119035737978,25.86682104551259,106.45956936204253
3194,2,18,pitch_jump,1.0,0.0235408274409445,41.4948807643195,106.45956936204253
3194,2,21,pitch_jump,1.0,0.03974467949041071,17.427663642585625,106.45956936204253
3195,1,27,pitch_jump,1.0,0.1257032451543716,20.958626054785512,106.49290047330179
3195,2,8,pitch_jump,1.0,0.08896368575618817,20.136335742440323,106.49290047330179
3195,2,9,pitch_jump,1.0,0.07796354232576685,38.67264080712982,106.49290047330179
3195,2,10,pitch_jump,1.0,0.07768510582270653,19.80747061258998,106.49290047330179
3195,2,13,pitch_jump,1.0,0.0718967456438979,16.753690803066505,106.49290047330179
3195,2,14,pitch_jump,1.0,0.07672962805484634,36.88836954629165,106.49290047330179
3195,2,15,pitch_jump,1.0,0.10352476688371293,16.23153252306052,106.49290047330179
3195,2,16,pitch_jump,1.0,0.05328700717828119,28.05249183336295,106.49290047330179
3195,2,17,pitch_jump,1.0,0.07703084311748765,23.85348585841462,106.49290047330179
3195,2,18,pitch_jump,1.0,0.034755122298000936,46.11574093848839,106.49290047330179
3195,2,19,pitch_jump,1.0,0.10808485191967447,24.764156098871062,106.49290047330179
3195,2,20,pitch_jump,1.0,0.06452414407725555,19.711037946221868,106.49290047330179
3195,2,21,pitch_jump,1.0,0.12568012474732376,47.02486099556848,106.49290047330179
3196,1,27,pitch_jump,1.0,0.09126125261585964,17.41711038279396,106.52623158456103
3196,2,2,pitch_jump,1.0,0.04384133451134199,17.256655780953913,106.52623158456103
3196,2,7,pitch_jump,1.0,0.11309459176781374,18.51191527927499,106.52623158456103
3196,2,8,pitch_jump,1.0,0.06120152202883612,18.62962693173335,106.52623158456103
3196,2,9,pitch_jump,1.0,0.07029407283572534,21.727270956643547,106.52623158456103
3196,2,10,pitch_jump,1.0,0.04298718096524385,17.728865849360623,106.52623158456103
3196,2,13,pitch_jump,1.0,0.01925846210001579,18.87783443941121,106.52623158456103
3196,2,14,pitch_jump,1.0,0.06453609105625102,19.275925833064715,106.52623158456103
3196,2,15,pitch_jump,1.0,0.06463952676414168,21.263945647991,106.52623158456103
3196,2,16,pitch_jump,1.0,0.07988518808427854,12.812713159310919,106.52623158456103
3196,2,17,pitch_jump,1.0,0.06114035662272453,18.051758849715586,106.52623158456103
3196,2,18,pitch_jump,1.0,0.041548859476489404,16.43077853953599,106.52623158456103
3196,2,19,pitch_jump,1.0,0.057362773021967725,21.49326150132752,106.52623158456103
3196,2,20,pitch_jump,1.0,0.04056827050827109,16.896015189485624,106.52623158456103
3196,2,21,pitch_jump,1.0,0.10280444413054646,32.351105141979836,106.52623158456103
3197,1,27,pitch_jump,1.0,0.07274880831474807,17.479199059350798,106.55956269582028
3197,2,8,pitch_jump,1.0,0.02851584566058237,48.72289355754322,106.55956269582028
3197,2,9,pitch_jump,1.0,0.033187095892854235,143.01816161578614,106.55956269582028
3197,2,14,pitch_jump,1.0,0.026595763205512386,139.7387942661971,106.55956269582028
3197,2,15,pitch_jump,1.0,0.04301127624311055,14.728521455950126,106.55956269582028
3197,2,16,pitch_jump,1.0,0.023826872261984378,91.29540559218125,106.55956269582028
3197,2,17,pitch_jump,1.0,0.03759507508774568,60.75040970445598,106.55956269582028
3197,2,18,pitch_jump,1.0,0.005746026184407766,148.9163121695866,106.55956269582028
3197,2,19,pitch_jump,1.0,0.016802594564622245,17.111100226032082,106.55956269582028
3197,2,20,pitch_jump,1.0,0.006955350952333605,37.5546012243704,106.55956269582028
3197,2,21,pitch_jump,1.0,0.0927887405884125,81.70921625222041,106.55956269582028
3198,2,2,pitch_jump,1.0,0.08346537653803239,14.691862479633,106.59289380707953
3198,2,15,pitch_jump,1.0,0.06906865104562177,14.286609430263045,106.59289380707953
3198,2,16,pitch_jump,1.0,0.07771674432985468,14.32201634627014,106.59289380707953
3199,1,27,pitch_jump,1.0,0.1210090365215825,13.544409502281765,106.62622491833878
3199,2,9,pitch_jump,1.0,0.0532415259172354,27.868489836666843,106.62622491833878
3199,2,14,pitch_jump,1.0,0.05191472912130995,30.837942977968808,106.62622491833878
3199,2,16,pitch_jump,1.0,0.042067744158811926,16.43683604913435,106.62622491833878
3199,2,17,pitch_jump,1.0,0.0718300192896877,15.42623666970923,106.62622491833878
3199,2,18,pitch_jump,1.0,0.02304318736189546,27.62480488730064,106.62622491833878
3199,2,21,pitch_jump,1.0,0.029260997606480914,14.446850965870595,106.62622491833878
3200,1,27,pitch_jump,1.0,0.04633843610110624,44.62829566732786,106.65955602959804
3200,2,2,pitch_jump,1.0,0.021076594579771724,25.25672893494286,106.65955602959804
3200,2,8,pitch_jump,1.0,0.026298617461480957,87.95539352560716,106.65955602959804
3200,2,9,pitch_jump,1.0,0.0477132424812762,194.56833771835218,106.65955602959804
3200,2,10,pitch_jump,1.0,0.013348915114764208,57.59356633707586,106.65955602959804
3200,2,13,pitch_jump,1.0,0.023447714288988987,51.552447538480614,106.65955602959804
3200,2,14,pitch_jump,1.0,0.021026640557597655,182.83818392489533,106.65955602959804
3200,2,15,pitch_jump,1.0,0.010504033085963467,41.037803865987634,106.65955602959804
3200,2,16,pitch_jump,1.0,0.00498533786371038,75.76417928985732,106.65955602959804
3200,2,17,pitch_jump,1.0,0.01790252011620903,120.08799915526762,106.65955602959804
3200,2,18,pitch_jump,1.0,0.02310189099941207,169.3209309765378,106.65955602959804
3200,2,19,pitch_jump,1.0,0.013308119241094186,47.08134098869693,106.65955602959804
3200,2,20,pitch_jump,1.0,0.022118973102600446,56.67651960487332,106.65955602959804
3201,2,18,pitch_jump,1.0,0.011054667616817355,13.854852889884945,106.69288714085728
3202,1,27,pitch_jump,1.0,0.07936011535760173,13.499080251986262,106.72621825211652
3202,2,7,pitch_jump,1.0,0.08290266787610072,15.686391494297602,106.72621825211652
3202,2,8,pitch_jump,1.0,0.04299213494614005,14.75323887154041,106.72621825211652
3202,2,10,pitch_jump,1.0,0.08754919603149475,35.3856628517372,106.72621825211652
3202,2,13,pitch_jump,1.0,0.035816099741948756,18.28405406362913,106.72621825211652
3202,2,14,pitch_jump,1.0,0.04435393549351679,13.753198812736459,106.72621825211652
3202,2,15,pitch_jump,1.0,0.012442949664207108,12.098780670092951,106.72621825211652
3202,2,16,pitch_jump,1.0,0.04830486303244815,13.307225456352896,106.72621825211652
3202,2,17,pitch_jump,1.0,0.057518945788358575,17.207987318763326,106.72621825211652
3202,2,18,pitch_jump,1.0,0.02970510107821549,14.54478534699875,106.72621825211652
3202,2,19,pitch_jump,1.0,0.04586233654855909,25.444251721755915,106.72621825211652
3202,2,20,pitch_jump,1.0,0.06783960884038252,31.65188207045627,106.72621825211652
3203,1,27,pitch_jump,1.0,0.052071837519763034,14.830041232617011,106.75954936337578
3203,2,7,pitch_jump,1.0,0.04686997996093606,18.79877970218989,106.75954936337578
3203,2,9,pitch_jump,1.0,0.016434977979493334,26.050024465441226,106.75954936337578
3203,2,10,pitch_jump,1.0,0.06958892875678456,31.30898865352732,106.75954936337578
3203,2,13,pitch_jump,1.0,0.03697895739538631,20.54801067415238,106.75954936337578
3203,2,14,pitch_jump,1.0,0.009077741201739709,24.81944956095482,106.75954936337578
3203,2,16,pitch_jump,1.0,0.011524216833482702,36.578240582778335,106.75954936337578
3203,2,18,pitch_jump,1.0,0.003363451239027121,41.78557482009066,106.75954936337578
3203,2,19,pitch_jump,1.0,0.042461065725986125,13.310361940175726,106.75954936337578
3203,2,20,pitch_jump,1.0,0.04626016758881928,17.99098386900204,106.75954936337578
3204,1,27,pitch_jump,1.0,0.10867042713031977,17.335160295435866,106.79288047463503
3204,2,8,pitch_jump,1.0,0.059741353940770514,48.733679799030305,106.79288047463503
3204,2,9,pitch_jump,1.0,0.03940896206946133,127.21924182974128,106.79288047463503
3204,2,10,pitch_jump,1.0,0.0664307351090381,14.470134773137662,106.79288047463503
3204,2,14,pitch_jump,1.0,0.07132509421956713,133.50794919320504,106.79288047463503
3204,2,16,pitch_jump,1.0,0.035844260871052275,65.74350984248505,106.79288047463503
3204,2,17,pitch_jump,1.0,0.0598885648805858,55.17500532237937,106.79288047463503
3204,2,18,pitch_jump,1.0,0.029590533554193825,127.6575502280665,106.79288047463503
3204,2,20,pitch_jump,1.0,0.06400151320744119,39.985191080887176,106.79288047463503
3205,2,8,pitch_jump,1.0,0.0579903788709306,16.613356396568534,106.82621158589427
3205,2,9,pitch_jump,1.0,0.03544449956719184,18.429947149505427,106.82621158589427
3205,2,14,pitch_jump,1.0,0.06190249405348591,18.24210117264784,106.82621158589427
3205,2,16,pitch_jump,1.0,0.008170402745852085,26.472812731857896,106.82621158589427
3205,2,18,pitch_jump,1.0,0.03562742125796285,26.37327321990386,106.82621158589427
3205,2,20,pitch_jump,1.0,0.01843092228853879,16.416748016688082,106.82621158589427
3205,2,21,pitch_jump,1.0,0.04166351423774021,25.618266634517735,106.82621158589427
3206,2,7,pitch_jump,1.0,0.01359591794668632,14.592809373999602,106.85954269715353
3206,2,9,pitch_jump,1.0,0.0130031253244848,16.478813031051146,106.85954269715353
3206,2,14,pitch_jump,1.0,0.018841536137567352,14.232433466353164,106.85954269715353
3206,2,16,pitch_jump,1.0,0.01508410706739271,22.14428175924182,106.85954269715353
3206,2,18,pitch_jump,1.0,0.019934684214497716,24.4981635947821,106.85954269715353
3206,2,20,pitch_jump,1.0,0.016896414022489734,12.657462612505261,106.85954269715353
3206,2,21,pitch_jump,1.0,0.028603448367531065,18.245155930719786,106.85954269715353
3208,2,2,pitch_jump,1.0,0.036711297854357845,20.83858744329536,106.92620491967203
3208,2,7,pitch_jump,1.0,0.04737494615909336,18.693670965076606,106.92620491967203
3208,2,8,pitch_jump,1.0,0.03841127335946606,15.911711486479161,106.92620491967203
3208,2,9,pitch_jump,1.0,0.06914224846919108,15.505409260120912,106.92620491967203
3208,2,10,pitch_jump,1.0,0.019809312744204204,14.279490630985556,106.92620491967203
3208,2,13,pitch_jump,1.0,0.01382299758435264,15.665075264153542,106.92620491967203
3208,2,14,pitch_jump,1.0,0.04031008979720308,17.11274277420899,106.92620491967203
3208,2,15,pitch_jump,1.0,0.008934044843166867,15.722181442190124,106.92620491967203
3208,2,16,pitch_jump,1.0,0.031066419541959184,14.590745996230657,106.92620491967203
3208,2,17,pitch_jump,1.0,0.036610111504819916,13.875292732381125,106.92620491967203
3208,2,18,pitch_jump,1.0,0.011750760901896733,16.548821928573663,106.92620491967203
3208,2,19,pitch_jump,1.0,0.06593199338368941,32.25945020273618,106.92620491967203
3208,2,20,pitch_jump,1.0,0.01682095149522478,13.339076185015697,106.92620491967203
3208,2,21,pitch_jump,1.0,0.056527462835229414,18.721300030777574,106.92620491967203
3209,2,7,pitch_jump,1.0,0.01346209228094412,13.86259428226408,106.95953603093128
3209,2,13,pitch_jump,1.0,0.020296965974622168,12.078345609174516,106.95953603093128
3209,2,16,pitch_jump,1.0,0.017236224391199827,16.00082543964817,106.95953603093128
3209,2,19,pitch_jump,1.0,0.05600380207523237,22.992220202235018,106.95953603093128
3209,2,20,pitch_jump,1.0,0.018664215357999836,12.539364218807698,106.95953603093128
3210,2,10,pitch_jump,1.0,0.04586665145533643,17.947351287992213,106.99286714219052
3210,2,13,pitch_jump,1.0,0.03567319008560439,16.235886629714354,106.99286714219052
3210,2,19,pitch_jump,1.0,0.04459369995304787,19.47266054552918,106.99286714219052
3211,2,9,pitch_jump,1.0,0.04685500945470818,21.79681673794078,107.02619825344978
3211,2,10,pitch_jump,1.0,0.04646041362525606,12.664157877421212,107.02619825344978
3211,2,13,pitch_jump,1.0,0.05101680478164203,13.184183213205259,107.02619825344978
3211,2,14,pitch_jump,1.0,0.01562125523365477,21.053157723442027,107.02619825344978
3211,2,16,pitch_jump,1.0,0.017650110269296856,30.62025973563196,107.02619825344978
3211,2,18,pitch_jump,1.0,0.01491679860944981,33.68153115033966,107.02619825344978
3211,2,21,pitch_jump,1.0,0.03308554521896244,19.671957802432427,107.02619825344978
3212,2,8,pitch_jump,1.0,0.009762654649687506,12.045699400289372,107.05952936470902
3212,2,9,pitch_jump,1.0,0.0326906291583665,29.54543427139571,107.05952936470902
3212,2,13,pitch_jump,1.0,0.033127910160971365,13.421986401636122,107.05952936470902
3212,2,14,pitch_jump,1.0,0.051438369254137056,34.72996919644929,107.05952936470902
3212,2,16,pitch_jump,1.0,0.010200545382374044,30.141307420612353,107.05952936470902
3212,2,17,pitch_jump,1.0,0.019750590387458383,13.005084496898329,107.05952936470902
3212,2,18,pitch_jump,1.0,0.01778825178753244,34.5973955202084,107.05952936470902
3212,2,20,pitch_jump,1.0,0.025295156134792395,19.42634404986788,107.05952936470902
3212,2,21,pitch_jump,1.0,0.06373911089182113,33.451626386885046,107.05952936470902
3213,2,9,pitch_jump,1.0,0.05227116948756806,23.782882306185286,107.09286047596828
3213,2,10,pitch_jump,1.0,0.06857958098455554,24.188300904675746,107.09286047596828
3213,2,14,pitch_jump,1.0,0.09983416485825289,37.122230010387284,107.09286047596828
3213,2,16,pitch_jump,1.0,0.022722489275655462,22.834235192586366,107.09286047596828
3213,2,18,pitch_jump,1.0,0.008788284909652205,27.775418918125975,107.09286047596828
3213,2,20,pitch_jump,1.0,0.03662732090382723,21.263952315063175,107.09286047596828
3213,2,21,pitch_jump,1.0,0.02383410140007284,21.931666458676087,107.09286047596828
3214,2,7,pitch_jump,1.0,0.026153931367584808,12.233285975363913,107.12619158722752
3214,2,9,pitch_jump,1.0,0.03899494641520009,20.743330669565527,107.12619158722752
3214,2,18,pitch_jump,1.0,0.03081784215377973,12.437911798713607,107.12619158722752
3215,2,8,pitch_jump,1.0,0.02557458642572734,13.599940318864716,107.15952269848677
3215,2,9,pitch_jump,1.0,0.0178424445664175,22.84860331994523,107.15952269848677
3215,2,17,pitch_jump,1.0,0.012858216098767557,17.851009326214818,107.15952269848677
3215,2,18,pitch_jump,1.0,0.02405092082493441,18.109218008740804,107.15952269848677
3216,2,7,pitch_jump,1.0,0.04006771082412968,17.14289383597452,107.19285380974603
3216,2,16,pitch_jump,1.0,0.009645061172513293,18.407090843689698,107.19285380974603
3216,2,18,pitch_jump,1.0,0.010265058224376834,13.06568894197153,107.19285380974603
3216,2,19,pitch_jump,1.0,0.043031770424499904,17.388649230601356,107.19285380974603
3216,2,20,pitch_jump,1.0,0.02162419239106053,14.05447126519603,107.19285380974603
3216,2,21,pitch_jump,1.0,0.03705673522375927,17.958788090473057,107.19285380974603
3217,2,2,pitch_jump,1.0,0.03892981933164134,14.312210598233856,107.22618492100527
3217,2,17,pitch_jump,1.0,0.02558957559223984,13.727999927867804,107.22618492100527
3217,2,19,pitch_jump,1.0,0.06436663508011592,22.2819560123073,107.22618492100527
3218,2,14,pitch_jump,1.0,0.1337017991904078,18.058459536349897,107.25951603226451
3218,2,19,pitch_jump,1.0,0.04034802795795592,13.849399867687676,107.25951603226451
3220,2,10,pitch_jump,1.0,0.03126618704585151,14.204133113575558,107.32617825478302
3220,2,13,pitch_jump,1.0,0.04383262945922034,16.75840474080739,107.32617825478302
3221,2,10,pitch_jump,1.0,0.031863362888227054,12.109922732181305,107.35950936604227
3222,2,10,pitch_jump,1.0,0.08522862079405817,26.560301949771045,107.39284047730152
3222,2,16,pitch_jump,1.0,0.008313926660601417,12.519959070422225,107.39284047730152
3222,2,20,pitch_jump,1.0,0.05936871987703708,19.9045954086214,107.39284047730152
3223,2,2,pitch_jump,1.0,0.009987681357521414,12.578203753934481,107.42617158856076
3223,2,9,pitch_jump,1.0,0.029628377490599548,25.579433825500917,107.42617158856076
3223,2,10,pitch_jump,1.0,0.06729259858533934,14.592318353520515,107.42617158856076
3223,2,13,pitch_jump,1.0,0.029833452289175163,13.064117905164938,107.42617158856076
3223,2,14,pitch_jump,1.0,0.018952945215718192,23.909736692184524,107.42617158856076
3223,2,17,pitch_jump,1.0,0.024824436641173026,21.33195906495944,107.42617158856076
3223,2,18,pitch_jump,1.0,0.006805946580579382,20.989562906693997,107.42617158856076
3223,2,21,pitch_jump,1.0,0.01388859151007719,13.982774348460024,107.42617158856076
3225,2,15,pitch_jump,1.0,0.0549611788873357,17.047381900846872,107.49283381107927
3226,2,2,pitch_jump,1.0,0.07746328408281415,17.523063957807466,107.52616492233851
3226,2,9,pitch_jump,1.0,0.0333463760872422,13.840082866596674,107.52616492233851
3226,2,16,pitch_jump,1.0,0.02057031247234533,12.999691904856778,107.52616492233851
3226,2,18,pitch_jump,1.0,0.02814841773832969,17.509738503841533,107.52616492233851
3226,2,21,pitch_jump,1.0,0.028743046425557403,14.035860082141246,107.52616492233851
3227,2,2,pitch_jump,1.0,0.14706873723529748,44.8082421435072,107.55949603359777
3227,2,13,pitch_jump,1.0,0.05123107456272726,17.360844967982402,107.55949603359777
3228,2,2,pitch_jump,1.0,0.08086060043147501,13.621701277837504,107.59282714485701
3228,2,13,pitch_jump,1.0,0.05619283241513786,14.894515631272773,107.59282714485701
3229,2,2,pitch_jump,1.0,0.04701051777856857,13.626717726653023,107.62615825611627
3229,2,5,pitch_jump,1.0,0.06417825337225694,17.566391435459646,107.62615825611627
3229,2,8,pitch_jump,1.0,0.018619982946074816,16.178540753649788,107.62615825611627
3229,2,9,pitch_jump,1.0,0.01913787651646848,25.88045937614248,107.62615825611627
3229,2,14,pitch_jump,1.0,0.019441784514096113,26.857366039999803,107.62615825611627
3229,2,16,pitch_jump,1.0,0.003831827867990882,32.346734640038505,107.62615825611627
3229,2,18,pitch_jump,1.0,0.01148834193679933,30.436005882837083,107.62615825611627
3229,2,20,pitch_jump,1.0,0.033957343406927035,15.542289081874094,107.62615825611627
3229,2,21,pitch_jump,1.0,0.03076569890663971,26.16719964747935,107.62615825611627
3230,2,2,pitch_jump,1.0,0.2068323815205314,68.16567398585363,107.65948936737551
3230,2,5,pitch_jump,1.0,0.05546006096134363,14.481348652408766,107.65948936737551
3230,2,9,pitch_jump,1.0,0.014666883850730447,25.668789967997515,107.65948936737551
3230,2,14,pitch_jump,1.0,0.00555212999659079,24.791093899441385,107.65948936737551
3230,2,16,pitch_jump,1.0,0.012869732210505606,21.241691440800874,107.65948936737551
3230,2,17,pitch_jump,1.0,0.012164567642580178,14.558941099661414,107.65948936737551
3230,2,18,pitch_jump,1.0,0.008648495057729556,27.81811383085741,107.65948936737551
3230,2,21,pitch_jump,1.0,0.024000902836475272,16.912149908676714,107.65948936737551
3231,2,15,pitch_jump,1.0,0.055663918950341215,12.41520682768832,107.69282047863476
3231,2,16,pitch_jump,1.0,0.03354247300737821,20.045967711537845,107.69282047863476
3231,2,19,pitch_jump,1.0,0.06097996194080712,12.861731159084487,107.69282047863476
3231,2,20,pitch_jump,1.0,0.02030792597741687,15.426587094924352,107.69282047863476
3231,2,21,pitch_jump,1.0,0.0424590751851814,16.429986626583787,107.69282047863476
3232,2,10,pitch_jump,1.0,0.035310728646734096,12.5279153922291,107.72615158989402
3232,2,15,pitch_jump,1.0,0.03165345324457524,12.566454607393473,107.72615158989402
3232,2,20,pitch_jump,1.0,0.03565454593157638,12.65108185096612,107.72615158989402
3233,2,2,pitch_jump,1.0,0.01878352999366968,14.063571160389849,107.75948270115326
3233,2,8,pitch_jump,1.0,0.012331132006198009,12.905273246350147,107.75948270115326
3233,2,10,pitch_jump,1.0,0.04532069758845347,21.16304032698174,107.75948270115326
3233,2,13,pitch_jump,1.0,0.017309486368755216,12.112856491025298,107.75948270115326
3233,2,15,pitch_jump,1.0,0.026994517894489752,15.623108137793123,107.75948270115326
3233,2,16,pitch_jump,1.0,0.007062437601949404,12.751835654225777,107.75948270115326
3233,2,20,pitch_jump,1.0,0.04025929734516214,19.679892190928474,107.75948270115326
3233,2,21,pitch_jump,1.0,0.028700319149150007,13.891383994038623,107.75948270115326
3234,2,7,pitch_jump,1.0,0.10881830048129439,32.053536102705074,107.7928138124125
3234,2,16,pitch_jump,1.0,0.01411558149344659,13.643983302232314,107.7928138124125
3234,2,21,pitch_jump,1.0,0.010320902679264258,13.485059911438118,107.7928138124125
3236,2,16,pitch_jump,1.0,0.004558773645412668,15.871657525121938,107.859476034931
3236,2,18,pitch_jump,1.0,0.0012801946651906557,13.156386055536341,107.859476034931
3236,2,21,pitch_jump,1.0,0.01555229961234183,12.817266962973207,107.859476034931
3237,2,8,pitch_jump,1.0,0.03202940826388591,14.735467468715036,107.89280714619026
3237,2,10,pitch_jump,1.0,0.032615156887037144,14.543789255751081,107.89280714619026
3237,2,13,pitch_jump,1.0,0.01565906917536642,20.8939804818847,107.89280714619026
3237,2,15,pitch_jump,1.0,0.016644802802428086,15.900191103436555,107.89280714619026
3237,2,16,pitch_jump,1.0,0.04339810534221683,18.02639605618936,107.89280714619026
3237,2,18,pitch_jump,1.0,0.03156728543411073,15.153481691010645,107.89280714619026
3237,2,19,pitch_jump,1.0,0.024374846917427282,15.536838976841645,107.89280714619026
3237,2,20,pitch_jump,1.0,0.012228813781847439,19.246788056468574,107.89280714619026
3237,2,21,pitch_jump,1.0,0.035840026354500766,18.626840178675064,107.89280714619026
3238,2,8,pitch_jump,1.0,0.018463324495272958,14.260120380632966,107.92613825744951
3238,2,9,pitch_jump,1.0,0.046436733882696174,13.715273136210849,107.92613825744951
3238,2,13,pitch_jump,1.0,0.016671521628039074,13.107863779981644,107.92613825744951
3238,2,14,pitch_jump,1.0,0.03624374338231143,14.048763071926151,107.92613825744951
3238,2,16,pitch_jump,1.0,0.04637780733310125,21.15145451947419,107.92613825744951
3238,2,18,pitch_jump,1.0,0.0076904072787398,21.615533600789504,107.92613825744951
3238,2,19,pitch_jump,1.0,0.02770819505837215,12.411514381199359,107.92613825744951
3238,2,20,pitch_jump,1.0,0.022893775642935824,13.779647629187103,107.92613825744951
3238,2,21,pitch_jump,1.0,0.04076134256984187,18.345523204211343,107.92613825744951
3240,2,16,pitch_jump,1.0,0.04040121658817,12.681181153557283,107.99280047996801
3240,2,21,pitch_jump,1.0,0.04013597751103722,12.803592460185408,107.99280047996801
3242,2,20,pitch_jump,1.0,0.021753807633677628,15.733588908891692,108.0594627024865
3243,1,27,pitch_jump,1.0,0.04110941674114923,15.51151825108596,108.09279381374576
3243,2,2,pitch_jump,1.0,0.03880678042272674,18.47258345309621,108.09279381374576
3243,2,7,pitch_jump,1.0,0.06612503253583864,21.34547274047437,108.09279381374576
3243,2,8,pitch_jump,1.0,0.031639658215340614,13.598260952839741,108.09279381374576
3243,2,10,pitch_jump,1.0,0.007468686015031854,21.821502127971755,108.09279381374576
3243,2,13,pitch_jump,1.0,0.011213148667299421,20.425046972815355,108.09279381374576
3243,2,15,pitch_jump,1.0,0.02365845825766668,20.515782544114472,108.09279381374576
3243,2,16,pitch_jump,1.0,0.03245016685469043,17.241929790634842,108.09279381374576
3243,2,19,pitch_jump,1.0,0.023567980303165245,18.123452315534568,108.09279381374576
3243,2,20,pitch_jump,1.0,0.035746941756857435,33.22944926610449,108.09279381374576
3243,2,21,pitch_jump,1.0,0.02245951731010864,16.46487754876736,108.09279381374576
3245,2,7,pitch_jump,1.0,0.060801086001319116,13.732259924599948,108.15945603626426
3246,2,2,pitch_jump,1.0,0.04173750328224555,14.558038750217833,108.1927871475235
3246,2,7,pitch_jump,1.0,0.05880718565973381,21.963317865579974,108.1927871475235
3246,2,8,pitch_jump,1.0,0.013056172173720855,18.055509950428018,108.1927871475235
3246,2,10,pitch_jump,1.0,0.03910179360466829,12.285170904645929,108.1927871475235
3246,2,13,pitch_jump,1.0,0.018937375832982165,16.343527534030216,108.1927871475235
3246,2,14,pitch_jump,1.0,0.020277281002649816,12.72056035195181,108.1927871475235
3246,2,15,pitch_jump,1.0,0.034363975747163725,13.10889193549297,108.1927871475235
3246,2,16,pitch_jump,1.0,0.044351875247134215,14.309501734657454,108.1927871475235
3246,2,17,pitch_jump,1.0,0.01630388784587873,14.219999414124349,108.1927871475235
3246,2,18,pitch_jump,1.0,0.01640036836249972,16.143062808801204,108.1927871475235
3246,2,19,pitch_jump,1.0,0.024702942532277998,16.814462254202425,108.1927871475235
3246,2,20,pitch_jump,1.0,0.05672182874095717,15.769540920655894,108.1927871475235
3246,2,21,pitch_jump,1.0,0.028187216402246296,18.258200947789568,108.1927871475235
3248,2,7,pitch_jump,1.0,0.1439527780001376,41.715539589128575,108.259449370042
3248,2,16,pitch_jump,1.0,0.02564707013773656,12.446864463664118,108.259449370042
3249,2,2,pitch_jump,1.0,0.06370567456255535,20.5262734120631,108.29278048130125
3249,2,7,pitch_jump,1.0,0.11054462091415763,23.08885366825869,108.29278048130125
3249,2,8,pitch_jump,1.0,0.026967826892273037,13.311658725061823,108.29278048130125
3249,2,9,pitch_jump,1.0,0.04783894745849066,33.53515173520051,108.29278048130125
3249,2,14,pitch_jump,1.0,0.035137870182948186,30.39011002489851,108.29278048130125
3249,2,15,pitch_jump,1.0,0.055203408238506106,16.82726065484028,108.29278048130125
3249,2,17,pitch_jump,1.0,0.013727582836128753,16.91063925153991,108.29278048130125
3249,2,18,pitch_jump,1.0,0.03764199777474802,25.175132099816867,108.29278048130125
3249,2,19,pitch_jump,1.0,0.03902395618664761,13.454112830631841,108.29278048130125
3249,2,21,pitch_jump,1.0,0.06648662114053111,18.696764202030227,108.29278048130125
3250,2,8,pitch_jump,1.0,0.024910089959552347,17.9843916126133,108.3261115925605
3250,2,9,pitch_jump,1.0,0.03418785744679365,31.570716318679317,108.3261115925605
3250,2,14,pitch_jump,1.0,0.0332690862106105,30.21648709371975,108.3261115925605
3250,2,16,pitch_jump,1.0,0.03819555950187686,24.77719272137047,108.3261115925605
3250,2,17,pitch_jump,1.0,0.0224791154402544,18.987384910994464,108.3261115925605
3250,2,18,pitch_jump,1.0,0.025852026596600186,32.57128130078442,108.3261115925605
3250,2,20,pitch_jump,1.0,0.046725754735726495,34.399359747507255,108.3261115925605
3250,2,21,pitch_jump,1.0,0.07695216998200016,17.668746839572606,108.3261115925605
3251,2,2,pitch_jump,1.0,0.04150599410838921,12.461632280532767,108.35944270381975
3251,2,16,pitch_jump,1.0,0.014469388863106634,14.27507380789705,108.35944270381975
3251,2,20,pitch_jump,1.0,0.04291480374234754,12.963952876962328,108.35944270381975
3252,2,7,pitch_jump,1.0,0.14406711606267472,23.885045295562474,108.392773815079
3252,2,10,pitch_jump,1.0,0.035198130629798326,12.3872799282008,108.392773815079
3252,2,13,pitch_jump,1.0,0.03935396459187919,14.571799618473579,108.392773815079
3252,2,15,pitch_jump,1.0,0.03935484750824678,12.178453419630282,108.392773815079
3252,2,16,pitch_jump,1.0,0.04108766503813616,12.129975705122353,108.392773815079
3252,2,19,pitch_jump,1.0,0.010623801020965317,20.57453079040971,108.392773815079
3252,2,20,pitch_jump,1.0,0.08020181172703683,16.497933884629642,108.392773815079
3252,2,21,pitch_jump,1.0,0.09276142248079165,16.361446489825454,108.392773815079
3253,2,2,pitch_jump,1.0,0.05250073809672289,16.449046242224586,108.42610492633825
3253,2,9,pitch_jump,1.0,0.04208988142032252,19.173329741520615,108.42610492633825
3253,2,14,pitch_jump,1.0,0.026286720275592357,16.336129688194532,108.42610492633825
3253,2,15,pitch_jump,1.0,0.037880172578698516,12.054510625580896,108.42610492633825
3253,2,16,pitch_jump,1.0,0.047370128522749855,15.474377921177714,108.42610492633825
3253,2,17,pitch_jump,1.0,0.03835660996421733,16.605874492458728,108.42610492633825
3253,2,18,pitch_jump,1.0,0.04064144735579471,14.736661142134823,108.42610492633825
3253,2,19,pitch_jump,1.0,0.03659899089024899,12.007071440493165,108.42610492633825
3253,2,20,pitch_jump,1.0,0.1110596814230087,16.170620780720004,108.42610492633825
3254,2,16,pitch_jump,1.0,0.016569039220930608,20.200283015782524,108.4594360375975
3254,2,18,pitch_jump,1.0,0.02192461111071099,12.928332299052588,108.4594360375975
3255,2,16,pitch_jump,1.0,0.03955309647747636,13.26801921832299,108.49276714885674
3256,2,9,pitch_jump,1.0,0.031601315080223555,14.678182312007666,108.526098260116
3256,2,14,pitch_jump,1.0,0.025079432864573824,13.927385930273026,108.526098260116
3256,2,18,pitch_jump,1.0,0.044306758773870296,12.215524979450068,108.526098260116
3256,2,20,pitch_jump,1.0,0.06590393147064026,12.240450013118616,108.526098260116
3258,1,27,pitch_jump,1.0,0.02898502226708368,16.425444239457082,108.59276048263449
3258,2,2,pitch_jump,1.0,0.024423436938300867,28.996918780704657,108.59276048263449
3258,2,8,pitch_jump,1.0,0.016242323565519228,27.435053909058954,108.59276048263449
3258,2,9,pitch_jump,1.0,0.02168606975432874,21.761684153137264,108.59276048263449
3258,2,13,pitch_jump,1.0,0.04514627775533219,18.683431508117916,108.59276048263449
3258,2,14,pitch_jump,1.0,0.0226307566432988,21.591196079697212,108.59276048263449
3258,2,15,pitch_jump,1.0,0.045505113435454395,21.270040251180347,108.59276048263449
3258,2,16,pitch_jump,1.0,0.03433896087825961,38.23956854001653,108.59276048263449
3258,2,17,pitch_jump,1.0,0.042017468750158556,16.233838120802062,108.59276048263449
3258,2,18,pitch_jump,1.0,0.031046518207694992,29.688880182034296,108.59276048263449
3258,2,19,pitch_jump,1.0,0.048514684269753715,18.297513778889925,108.59276048263449
3258,2,20,pitch_jump,1.0,0.05879222234894097,47.70060753675115,108.59276048263449
3258,2,21,pitch_jump,1.0,0.0651345858132234,33.261502089509065,108.59276048263449
3259,1,27,pitch_jump,1.0,0.041813429325607714,12.583312606398849,108.62609159389375
3259,2,8,pitch_jump,1.0,0.05277067484687962,12.85712929323616,108.62609159389375
3259,2,14,pitch_jump,1.0,0.02044456982418091,12.327761138863227,108.62609159389375
3259,2,16,pitch_jump,1.0,0.03673769829009352,12.072247171621994,108.62609159389375
3259,2,17,pitch_jump,1.0,0.019947238857206628,14.560518802382823,108.62609159389375
3259,2,18,pitch_jump,1.0,0.030588465946248547,13.954767212816455,108.62609159389375
3259,2,19,pitch_jump,1.0,0.05185129884130722,13.836386029659346,108.62609159389375
3259,2,20,pitch_jump,1.0,0.08474417514357852,13.20149249914469,108.62609159389375
3259,2,21,pitch_jump,1.0,0.06436979107010944,15.891772960123202,108.62609159389375
3260,2,2,pitch_jump,1.0,0.022068848825312334,16.1957028739506,108.65942270515299
3260,2,8,pitch_jump,1.0,0.036168202735130627,13.280338456731318,108.65942270515299
3260,2,9,pitch_jump,1.0,0.00980658106881377,12.918620703038071,108.65942270515299
3260,2,14,pitch_jump,1.0,0.007949373355707159,14.069801195528738,108.65942270515299
3260,2,17,pitch_jump,1.0,0.02171553768639429,13.953118297076921,108.65942270515299
3260,2,20,pitch_jump,1.0,0.06930176529336533,15.633451955376463,108.65942270515299
3260,2,21,pitch_jump,1.0,0.06873558303349918,14.473370279670364,108.65942270515299
3261,1,27,pitch_jump,1.0,0.045056602220096255,14.675412243806823,108.69275381641225
3261,2,2,pitch_jump,1.0,0.0254216533795109,13.893083351938808,108.69275381641225
3261,2,8,pitch_jump,1.0,0.025934937334333736,15.036743570197807,108.69275381641225
3261,2,10,pitch_jump,1.0,0.027348803462104262,14.041443196782962,108.69275381641225
3261,2,13,pitch_jump,1.0,0.0335637819686677,12.264576952308978,108.69275381641225
3261,2,15,pitch_jump,1.0,0.03031386290255576,13.28008313761731,108.69275381641225
3261,2,19,pitch_jump,1.0,0.028509828840706065,13.292381903573778,108.69275381641225
3262,2,15,pitch_jump,1.0,0.018484366544238396,12.536698121541592,108.7260849276715
3262,2,20,pitch_jump,1.0,0.09377191505681537,12.052598335087325,108.7260849276715
3263,2,16,pitch_jump,1.0,0.0204242272087475,13.933568188707804,108.75941603893074
3264,1,27,pitch_jump,1.0,0.03863656276728916,14.103785517735844,108.79274715019
3264,2,2,pitch_jump,1.0,0.04093331314637078,14.395510377177759,108.79274715019
3264,2,8,pitch_jump,1.0,0.053253584311995734,14.637031302195254,108.79274715019
3264,2,10,pitch_jump,1.0,0.03174245448956565,13.705080035902833,108.79274715019
3264,2,13,pitch_jump,1.0,0.004937249363964539,13.877086391796757,108.79274715019
3264,2,15,pitch_jump,1.0,0.029041768411029623,12.488410476421684,108.79274715019
3265,1,27,pitch_jump,1.0,0.04256832162795093,15.07720693585958,108.82607826144924
3265,2,2,pitch_jump,1.0,0.030843736556633847,19.352825806339755,108.82607826144924
3265,2,8,pitch_jump,1.0,0.016882888010286208,22.732236278153618,108.82607826144924
3265,2,13,pitch_jump,1.0,0.016517386639242505,18.69633810353706,108.82607826144924
3265,2,15,pitch_jump,1.0,0.03489949676979302,17.421568681718615,108.82607826144924
3265,2,16,pitch_jump,1.0,0.04739253189684021,15.735295703746257,108.82607826144924
3265,2,19,pitch_jump,1.0,0.02510223828970071,20.291866573625317,108.82607826144924
3265,2,20,pitch_jump,1.0,0.029103814208477227,33.783028458664866,108.82607826144924
3265,2,21,pitch_jump,1.0,0.013111952002550225,19.965622944482984,108.82607826144924
3266,1,27,pitch_jump,1.0,0.03271079190024117,13.670063058383198,108.85940937270848
3266,2,9,pitch_jump,1.0,0.033518795529804885,21.15956649531347,108.85940937270848
3266,2,10,pitch_jump,1.0,0.024665327968876632,14.414790265773659,108.85940937270848
3266,2,14,pitch_jump,1.0,0.024126895930039062,20.685472440080282,108.85940937270848
3266,2,15,pitch_jump,1.0,0.03756280422667722,13.397411040172939,108.85940937270848
3266,2,16,pitch_jump,1.0,0.020281965280890466,12.462913753425157,108.85940937270848
3266,2,17,pitch_jump,1.0,0.0074800964467188905,17.183332354331387,108.85940937270848
3266,2,18,pitch_jump,1.0,0.012181884854779558,15.783685146892287,108.85940937270848
3266,2,19,pitch_jump,1.0,0.01849084393023875,12.066679382516087,108.85940937270848
3266,2,20,pitch_jump,1.0,0.03839025880239561,18.078337659565513,108.85940937270848
3267,2,3,pitch_jump,1.0,0.0874075399891461,42.640511571072956,108.89274048396774
3267,2,8,pitch_jump,1.0,0.007829145957722697,17.108767134522143,108.89274048396774
3267,2,9,pitch_jump,1.0,0.05042926401167695,16.30668143497265,108.89274048396774
3267,2,13,pitch_jump,1.0,0.016593153092173685,14.002593415415786,108.89274048396774
3267,2,14,pitch_jump,1.0,0.03859801402609832,15.982926122872422,108.89274048396774
3267,2,17,pitch_jump,1.0,0.02947845573499433,13.151932289939555,108.89274048396774
3267,2,18,pitch_jump,1.0,0.025147154717470137,17.667989278519354,108.89274048396774
3267,2,20,pitch_jump,1.0,0.045384396620132966,15.721501858262462,108.89274048396774
3267,2,21,pitch_jump,1.0,0.029253755717305426,20.3149305720605,108.89274048396774
3268,2,3,pitch_jump,1.0,0.04347073724016305,35.7406143098456,108.92607159522699
3268,2,9,pitch_jump,1.0,0.04779213640515999,12.190111009863053,108.92607159522699
3268,2,14,pitch_jump,1.0,0.033222867040184775,12.429944998253399,108.92607159522699
3268,2,16,pitch_jump,1.0,0.04007344785906031,15.672545185536315,108.92607159522699
3268,2,18,pitch_jump,1.0,0.03420728834453505,16.354522504206518,108.92607159522699
3268,2,20,pitch_jump,1.0,0.06116571990232092,18.750695025201765,108.92607159522699
3268,2,21,pitch_jump,1.0,0.061263117966943996,19.102862854234672,108.92607159522699
3269,2,3,pitch_jump,1.0,0.12959327486548392,41.91548970133057,108.95940270648624
3269,2,13,pitch_jump,1.0,0.023768405827769495,13.639427518673996,108.95940270648624
3269,2,15,pitch_jump,1.0,0.03472807991693376,17.99488936451612,108.95940270648624
3269,2,21,pitch_jump,1.0,0.05013849657516516,13.087902911686646,108.95940270648624
3270,2,3,pitch_jump,1.0,0.1660666091471837,43.01023244202253,108.99273381774549
3271,2,2,pitch_jump,1.0,0.03345616862418751,13.210987892863153,109.02606492900473
3271,2,3,pitch_jump,1.0,0.08202480827196486,23.73689244503678,109.02606492900473
3271,2,9,pitch_jump,1.0,0.047499909712681,16.49122717607866,109.02606492900473
3271,2,14,pitch_jump,1.0,0.036095876233206474,13.375455585100202,109.02606492900473
3271,2,21,pitch_jump,1.0,0.08123505809553257,12.750068529786684,109.02606492900473
3272,1,27,pitch_jump,1.0,0.025194503826482632,16.277545162415976,109.05939604026399
3272,2,2,pitch_jump,1.0,0.008191451378577559,19.613915305400553,109.05939604026399
3272,2,3,pitch_jump,1.0,0.05992158107435866,18.837323562747827,109.05939604026399
3272,2,8,pitch_jump,1.0,0.009841676412950126,16.934329139554528,109.05939604026399
3272,2,10,pitch_jump,1.0,0.014684445492514873,17.727726184796918,109.05939604026399
3272,2,13,pitch_jump,1.0,0.014198171246144848,16.622283264984855,109.05939604026399
3272,2,15,pitch_jump,1.0,0.012556685283543648,17.643107690121983,109.05939604026399
3272,2,16,pitch_jump,1.0,0.0036015508893331885,21.02572441721523,109.05939604026399
3272,2,19,pitch_jump,1.0,0.016414280750074128,16.561368288400452,109.05939604026399
3272,2,20,pitch_jump,1.0,0.03805389868147243,23.57951455673532,109.05939604026399
3272,2,21,pitch_jump,1.0,0.05222917828150051,21.80730436642629,109.05939604026399
3273,1,27,pitch_jump,1.0,0.0511881925423785,12.807962985695797,109.09272715152323
3273,2,2,pitch_jump,1.0,0.03159337715895257,13.825983009965949,109.09272715152323
3273,2,3,pitch_jump,1.0,0.04714812684980592,17.20848323981099,109.09272715152323
3273,2,8,pitch_jump,1.0,0.016534560850961718,14.151005424609274,109.09272715152323
3273,2,9,pitch_jump,1.0,0.04269770849408906,12.765010498577698,109.09272715152323
3273,2,10,pitch_jump,1.0,0.038039958136448435,15.209749615218135,109.09272715152323
3273,2,13,pitch_jump,1.0,0.03381843182847947,16.363520578438656,109.09272715152323
3273,2,14,pitch_jump,1.0,0.026348621337281372,13.502588266435739,109.09272715152323
3273,2,15,pitch_jump,1.0,0.01802745530006475,12.423419258923056,109.09272715152323
3273,2,16,pitch_jump,1.0,0.03470773181815902,21.864864114056797,109.09272715152323
3273,2,17,pitch_jump,1.0,0.028374540384666847,12.778651398667016,109.09272715152323
3273,2,18,pitch_jump,1.0,0.03970568985862005,18.470481642044767,109.09272715152323
3273,2,19,pitch_jump,1.0,0.01677247937243335,13.587874178031434,109.09272715152323
3273,2,20,pitch_jump,1.0,0.026968360382579312,17.09814548726974,109.09272715152323
3273,2,21,pitch_jump,1.0,0.012183199534623221,18.337951037956742,109.09272715152323
3274,2,15,pitch_jump,1.0,0.03474697717904049,15.851485361438064,109.12605826278248
3274,2,16,pitch_jump,1.0,0.05850597435485448,15.40959540790167,109.12605826278248
3274,2,19,pitch_jump,1.0,0.033440297234206884,24.422052871255868,109.12605826278248
3274,2,20,pitch_jump,1.0,0.05438727460097164,21.229089620202547,109.12605826278248
3275,2,2,pitch_jump,1.0,0.01330865692619336,12.89274329823316,109.15938937404174
3275,2,3,pitch_jump,1.0,0.026162668170925583,17.737153315597737,109.15938937404174
3275,2,9,pitch_jump,1.0,0.0177951079061852,15.963751524351835,109.15938937404174
3275,2,14,pitch_jump,1.0,0.006251435299849263,14.067057411722965,109.15938937404174
3275,2,16,pitch_jump,1.0,0.027626663209079874,15.469506081381342,109.15938937404174
3275,2,17,pitch_jump,1.0,0.011440650589252681,14.952235529158227,109.15938937404174
3275,2,19,pitch_jump,1.0,0.009725350163714765,12.66968401484984,109.15938937404174
3275,2,20,pitch_jump,1.0,0.05401247532451956,19.372795028130724,109.15938937404174
3275,2,21,pitch_jump,1.0,0.025927721394029914,13.823593606202364,109.15938937404174
3276,2,8,pitch_jump,1.0,0.0028680282369083748,13.192188921626082,109.19272048530098
3276,2,16,pitch_jump,1.0,0.0718177814821529,13.236927049873055,109.19272048530098
3277,1,27,pitch_jump,1.0,0.04717004776382343,12.710770678164485,109.22605159656024
3277,2,15,pitch_jump,1.0,0.04039045453436548,13.751159367327846,109.22605159656024
3277,2,16,pitch_jump,1.0,0.06217463473291844,25.26033442848529,109.22605159656024
3277,2,18,pitch_jump,1.0,0.033581532400221874,16.604329462294757,109.22605159656024
3277,2,19,pitch_jump,1.0,0.03312643334960582,13.132250258320921,109.22605159656024
3277,2,20,pitch_jump,1.0,0.06772090616762207,12.587488004222328,109.22605159656024
3277,2,21,pitch_jump,1.0,0.05912622923857582,19.434951812029798,109.22605159656024
3279,2,2,pitch_jump,1.0,0.027574539948363987,21.06419807161311,109.29271381907873
3279,2,19,pitch_jump,1.0,0.012572400234840537,12.65124385102601,109.29271381907873
3280,2,3,pitch_jump,1.0,0.07924182565936812,20.82439200709679,109.32604493033799
3280,2,15,pitch_jump,1.0,0.05882684225436297,21.104392762238447,109.32604493033799
3280,2,20,pitch_jump,1.0,0.05090477156533199,12.232108096972176,109.32604493033799
3281,1,27,pitch_jump,1.0,0.02459802357176491,13.880357543317242,109.35937604159723
3281,2,2,pitch_jump,1.0,0.005385457398427776,12.229092269774792,109.35937604159723
3281,2,3,pitch_jump,1.0,0.04503574060067555,25.107374326462445,109.35937604159723
3281,2,9,pitch_jump,1.0,0.02017622843033937,12.795218399571732,109.35937604159723
3281,2,10,pitch_jump,1.0,0.014008790211288306,13.047284209373359,109.35937604159723
3281,2,13,pitch_jump,1.0,0.011719090746311328,12.779917522631465,109.35937604159723
3281,2,14,pitch_jump,1.0,0.015034957025640927,12.738760987682891,109.35937604159723
3281,2,15,pitch_jump,1.0,0.025858046427814533,14.042498814647905,109.35937604159723
3281,2,16,pitch_jump,1.0,0.02074481392412387,13.419579494989705,109.35937604159723
3282,1,27,pitch_jump,1.0,0.034456173434148064,13.985442315906162,109.39270715285647
3282,2,17,pitch_jump,1.0,0.0077319363441589,12.7770815983394,109.39270715285647
3282,2,20,pitch_jump,1.0,0.05907322868008443,23.636030412237712,109.39270715285647
3283,2,2,pitch_jump,1.0,0.04047041484716714,14.739563517720244,109.42603826411573
3283,2,7,pitch_jump,1.0,0.05795177808144978,13.93305343683076,109.42603826411573
3284,1,27,pitch_jump,1.0,0.06143511206020602,19.341627831812247,109.45936937537498
3284,2,3,pitch_jump,1.0,0.01876433342153097,17.122832776678262,109.45936937537498
3284,2,9,pitch_jump,1.0,0.01193796998009824,15.398215244775699,109.45936937537498
3284,2,14,pitch_jump,1.0,0.01489058449756827,14.019672851119223,109.45936937537498
3284,2,16,pitch_jump,1.0,0.017407917378310264,17.57179688248911,109.45936937537498
3284,2,18,pitch_jump,1.0,0.004033392316536837,15.260287577195333,109.45936937537498
3284,2,20,pitch_jump,1.0,0.05015147372289053,14.52487124069092,109.45936937537498
3284,2,21,pitch_jump,1.0,0.026587255650722678,12.012041479646221,109.45936937537498
3285,1,27,pitch_jump,1.0,0.061726900319831704,18.18105025312116,109.49270048663423
3285,2,7,pitch_jump,1.0,0.07340523380456909,22.063472546425892,109.49270048663423
3286,2,2,pitch_jump,1.0,0.0167062522441683,15.114377232283916,109.52603159789348
3286,2,3,pitch_jump,1.0,0.020889160106716716,17.587678052839202,109.52603159789348
3286,2,7,pitch_jump,1.0,0.07052675674734402,23.093570219985907,109.52603159789348
3286,2,8,pitch_jump,1.0,0.00857852319772294,15.080413087267749,109.52603159789348
3286,2,9,pitch_jump,1.0,0.02408498287883769,13.912927830572512,109.52603159789348
3286,2,10,pitch_jump,1.0,0.015847597691915936,14.018500401457308,109.52603159789348
3286,2,13,pitch_jump,1.0,0.020784911729788174,15.541346425159107,109.52603159789348
3286,2,15,pitch_jump,1.0,0.028524926354219406,13.802243098151484,109.52603159789348
3286,2,16,pitch_jump,1.0,0.04841902318018664,22.071933018623845,109.52603159789348
3286,2,18,pitch_jump,1.0,0.02001227891353803,21.309885753723208,109.52603159789348
3286,2,19,pitch_jump,1.0,0.006026424172595582,15.673351249468862,109.52603159789348
3286,2,20,pitch_jump,1.0,0.04603613159106819,19.41641856140606,109.52603159789348
3286,2,21,pitch_jump,1.0,0.049474284973406585,20.109826715901146,109.52603159789348
3288,2,3,pitch_jump,1.0,0.007047183636003963,13.687972801620598,109.59269382041198
3288,2,19,pitch_jump,1.0,0.00932532390234744,12.26784279563428,109.59269382041198
3288,2,20,pitch_jump,1.0,0.04689104365524087,19.809404062490167,109.59269382041198
3289,2,2,pitch_jump,1.0,0.024175747109656753,20.74139847531877,109.62602493167122
3289,2,3,pitch_jump,1.0,0.058210127854874776,39.84300630025355,109.62602493167122
3289,2,7,pitch_jump,1.0,0.03947164032046444,18.82414093334693,109.62602493167122
3289,2,10,pitch_jump,1.0,0.022084903669493144,13.353804285378297,109.62602493167122
3289,2,11,pitch_jump,2.0,0.051293100043222066,13.327240733896286,109.62602493167122
3289,2,13,pitch_jump,1.0,0.018110875114958184,16.307175842420566,109.62602493167122
3289,2,15,pitch_jump,1.0,0.028176729111789423,15.999935476328165,109.62602493167122
3289,2,16,pitch_jump,1.0,0.033639886521747264,25.840639526224013,109.62602493167122
3289,2,19,pitch_jump,1.0,0.0619406305634095,15.626845448519834,109.62602493167122
3289,2,20,pitch_jump,1.0,0.059287343138182395,14.014148766194342,109.62602493167122
3289,2,21,pitch_jump,1.0,0.04772756713226322,17.39411233247288,109.62602493167122
3290,2,19,pitch_jump,1.0,0.035705965952411475,16.023380887392342,109.65935604293047
3290,2,20,pitch_jump,1.0,0.03268129847368279,12.61096677083118,109.65935604293047
3291,2,3,pitch_jump,1.0,0.033770068216064424,17.435539348848756,109.69268715418973
3291,2,7,pitch_jump,1.0,0.03847562093179454,12.436619418889634,109.69268715418973
3291,2,8,pitch_jump,1.0,0.020644301810020443,13.349453913572571,109.69268715418973
3291,2,9,pitch_jump,1.0,0.03263187399268549,20.70669731088087,109.69268715418973
3291,2,14,pitch_jump,1.0,0.029702748235654216,20.053310745332926,109.69268715418973
3291,2,16,pitch_jump,1.0,0.02646066428197144,23.998951528014047,109.69268715418973
3291,2,18,pitch_jump,1.0,0.02138193272488238,22.7779504643691,109.69268715418973
3291,2,19,pitch_jump,1.0,0.0434125417272371,19.933160511652893,109.69268715418973
3291,2,21,pitch_jump,1.0,0.06314304986414074,13.311421381250145,109.69268715418973
3292,2,2,pitch_jump,1.0,0.02131605744571764,12.55506924952744,109.72601826544897
3292,2,11,pitch_jump,1.0,0.06755394046789735,19.93482203930587,109.72601826544897
3292,2,16,pitch_jump,1.0,0.02281370427546268,12.203941840060654,109.72601826544897
3292,2,19,pitch_jump,1.0,0.04017485790548812,20.25856933584424,109.72601826544897
3293,2,3,pitch_jump,1.0,0.01091522761581778,14.004329495449209,109.75934937670823
3293,2,7,pitch_jump,1.0,0.03986420203341878,17.709993012999025,109.75934937670823
3293,2,8,pitch_jump,1.0,0.013987242699226422,16.402613878504415,109.75934937670823
3293,2,9,pitch_jump,1.0,0.010850302103393526,15.877966755546614,109.75934937670823
3293,2,11,pitch_jump,1.0,0.03553802087541681,17.718549513097923,109.75934937670823
3293,2,14,pitch_jump,1.0,0.008643477561958386,15.062470975861736,109.75934937670823
3293,2,16,pitch_jump,1.0,0.019118240830814554,21.013063810021023,109.75934937670823
3293,2,17,pitch_jump,1.0,0.010634191744390066,13.121347957488418,109.75934937670823
3293,2,18,pitch_jump,1.0,0.009105897392409482,18.114353378743548,109.75934937670823
3293,2,19,pitch_jump,1.0,0.014974220872483672,13.327874124715185,109.75934937670823
3293,2,20,pitch_jump,1.0,0.03971748043715971,15.974073224128576,109.75934937670823
3293,2,21,pitch_jump,1.0,0.026337198432614187,19.74761651031766,109.75934937670823
3294,2,3,pitch_jump,1.0,0.016692126955261812,12.449717695293856,109.79268048796747
3294,2,11,pitch_jump,1.0,0.06319887775330314,13.888147377288384,109.79268048796747
3294,2,15,pitch_jump,1.0,0.02489047052248698,12.436918432931996,109.79268048796747
3294,2,20,pitch_jump,1.0,0.06018713151987876,21.87434921282012,109.79268048796747
3294,2,21,pitch_jump,1.0,0.02532883254962093,16.50807710900636,109.79268048796747
3295,2,2,pitch_jump,1.0,0.018574961514372528,17.67055708991775,109.82601159922672
3295,2,3,pitch_jump,1.0,0.013241695263226706,22.842499617854156,109.82601159922672
3295,2,5,pitch_jump,1.0,0.05580477686767341,46.40326680529742,109.82601159922672
3295,2,9,pitch_jump,1.0,0.030235808569048263,115.17980507744875,109.82601159922672
3295,2,14,pitch_jump,1.0,0.016631229576924686,98.31522455833127,109.82601159922672
3295,2,15,pitch_jump,1.0,0.020643718852545827,14.188701564439432,109.82601159922672
3295,2,17,pitch_jump,1.0,0.009851077476851591,29.162778416691108,109.82601159922672
3295,2,18,pitch_jump,1.0,0.013930413047161787,75.8889718824009,109.82601159922672
3295,2,19,pitch_jump,1.0,0.00669070738956218,16.074774109009297,109.82601159922672
3295,2,20,pitch_jump,1.0,0.0700756998456439,25.263634278109418,109.82601159922672
3296,2,3,pitch_jump,1.0,0.009901819431448272,14.778718383331308,109.85934271048598
3296,2,7,pitch_jump,1.0,0.052008542013618576,17.638633651478536,109.85934271048598
3296,2,20,pitch_jump,1.0,0.056175505515256866,12.564000442280939,109.85934271048598
3297,2,5,pitch_jump,1.0,0.0428198485750973,17.88933239524665,109.89267382174522
3297,2,7,pitch_jump,1.0,0.07019553882609249,14.916690834359944,109.89267382174522
3297,2,8,pitch_jump,1.0,0.013204794402172983,14.492268770683816,109.89267382174522
3297,2,9,pitch_jump,1.0,0.024236948103122147,15.8905452483754,109.89267382174522
3297,2,13,pitch_jump,1.0,0.016548826614840487,15.32453979053651,109.89267382174522
3297,2,14,pitch_jump,1.0,0.02166152768893832,15.52468275087664,109.89267382174522
3297,2,15,pitch_jump,1.0,0.03755088367962431,16.03608155771206,109.89267382174522
3297,2,17,pitch_jump,1.0,0.017139549268947625,15.057071465889972,109.89267382174522
3297,2,18,pitch_jump,1.0,0.01466304183176274,18.394718875466165,109.89267382174522
3297,2,20,pitch_jump,1.0,0.02795391695189973,15.18397265353043,109.89267382174522
3297,2,21,pitch_jump,1.0,0.04435433047399292,15.301952472859146,109.89267382174522
3298,2,7,pitch_jump,1.0,0.07011099615246981,12.842340986792493,109.92600493300446
3300,2,3,pitch_jump,1.0,0.03796324836307584,19.543771294189007,109.99266715552297
3300,2,9,pitch_jump,1.0,0.0274192258832361,16.459547631093592,109.99266715552297
3300,2,14,pitch_jump,1.0,0.01839452838262771,15.620551967397816,109.99266715552297
3300,2,21,pitch_jump,1.0,0.0938623188083385,13.883651690980141,109.99266715552297
3301,2,2,pitch_jump,1.0,0.054152093306032795,17.271254428191092,110.02599826678222
3301,2,3,pitch_jump,1.0,0.02430067876060046,26.024597585850064,110.02599826678222
3301,2,5,pitch_jump,1.0,0.035129314652665625,44.89776799565997,110.02599826678222
3301,2,7,pitch_jump,1.0,0.02564581370610337,20.755223691002872,110.02599826678222
3301,2,9,pitch_jump,1.0,0.027857326017536058,110.47594716705122,110.02599826678222
3301,2,14,pitch_jump,1.0,0.015355069912579044,94.76802744755999,110.02599826678222
3301,2,15,pitch_jump,1.0,0.007153367128077073,12.123644817020201,110.02599826678222
3301,2,17,pitch_jump,1.0,0.03188114470782045,39.610097912919,110.02599826678222
3301,2,18,pitch_jump,1.0,0.01931802362647313,74.4509795330209,110.02599826678222
3301,2,19,pitch_jump,1.0,0.04251961261177872,14.917393286440777,110.02599826678222
3301,2,20,pitch_jump,1.0,0.011114947173167987,19.56182039856521,110.02599826678222
3302,2,2,pitch_jump,1.0,0.025978468534870135,14.655244176402924,110.05932937804147
3302,2,3,pitch_jump,1.0,0.009355516245100939,16.686936266660215,110.05932937804147
3302,2,15,pitch_jump,1.0,0.002248873348387148,13.879514501028824,110.05932937804147
3302,2,19,pitch_jump,1.0,0.025094671103365277,14.423960547964022,110.05932937804147
3302,2,20,pitch_jump,1.0,0.01535431576581085,18.18127005520518,110.05932937804147
3303,2,7,pitch_jump,1.0,0.08843583977064176,20.32092212623999,110.09266048930071
3303,2,8,pitch_jump,1.0,0.046810203497860615,22.910552897565044,110.09266048930071
3303,2,10,pitch_jump,1.0,0.03302933530770539,18.471850071766383,110.09266048930071
3303,2,17,pitch_jump,1.0,0.013526895405589448,13.688841346295344,110.09266048930071
3304,2,7,pitch_jump,1.0,0.06684268659490743,15.389926588704517,110.12599160055997
3304,2,20,pitch_jump,1.0,0.036280273144949464,15.913371777722185,110.12599160055997
3304,2,21,pitch_jump,1.0,0.06204309189609251,17.938216754372345,110.12599160055997
3305,2,3,pitch_jump,1.0,0.009055642079317281,12.0546479118196,110.15932271181921
3305,2,7,pitch_jump,1.0,0.05678355903005943,25.039843866846883,110.15932271181921
3305,2,20,pitch_jump,1.0,0.04602853632439602,12.443576357361545,110.15932271181921
3305,2,22,pitch_jump,1.0,0.025984959663744533,12.187515122236258,110.15932271181921
3306,2,3,pitch_jump,1.0,0.016206522515472464,13.465777345884714,110.19265382307846
3306,2,5,pitch_jump,1.0,0.011518537616699341,21.068635721394116,110.19265382307846
3306,2,7,pitch_jump,1.0,0.03611261875104849,12.156984069636444,110.19265382307846
3306,2,8,pitch_jump,1.0,0.027345898912311112,15.651278857577068,110.19265382307846
3306,2,9,pitch_jump,1.0,0.023582322963201872,21.209953769621606,110.19265382307846
3306,2,14,pitch_jump,1.0,0.01804137390251356,17.908490999685434,110.19265382307846
3306,2,18,pitch_jump,1.0,0.021115408552574474,19.592811300213228,110.19265382307846
3306,2,20,pitch_jump,1.0,0.007705296477071009,16.398439151805288,110.19265382307846
3306,2,21,pitch_jump,1.0,0.06649674773383449,16.513561265455042,110.19265382307846
3308,2,8,pitch_jump,1.0,0.034426536118774984,12.619036757776412,110.25931604559696
3308,2,20,pitch_jump,1.0,0.027644971167779166,15.849688945750664,110.25931604559696
3308,2,21,pitch_jump,1.0,0.07354261526380161,12.492481161888545,110.25931604559696
3309,2,5,pitch_jump,1.0,0.020385885648654112,18.285114556181146,110.29264715685622
3309,2,7,pitch_jump,1.0,0.013471870910215214,15.397974626504569,110.29264715685622
3309,2,8,pitch_jump,1.0,0.0357518123613918,12.589705262739603,110.29264715685622
3309,2,9,pitch_jump,1.0,0.025011881654701855,18.767052230360033,110.29264715685622
3309,2,14,pitch_jump,1.0,0.010574322974099095,17.350467709357513,110.29264715685622
3309,2,17,pitch_jump,1.0,0.0051771030451325225,12.649067541584452,110.29264715685622
3309,2,18,pitch_jump,1.0,0.02503530441984219,16.887897256763637,110.29264715685622
3309,2,20,pitch_jump,1.0,0.029239574614709392,13.672774203155589,110.29264715685622
3309,2,21,pitch_jump,1.0,0.08055408408937427,17.75049388757059,110.29264715685622
3310,2,3,pitch_jump,1.0,0.015016177411895992,16.97099914339869,110.32597826811546
3310,2,5,pitch_jump,1.0,0.021635309073009236,33.97932083528391,110.32597826811546
3310,2,7,pitch_jump,1.0,0.02025486352022147,15.757259782349523,110.32597826811546
3310,2,9,pitch_jump,1.0,0.021455491270877942,97.21324302315719,110.32597826811546
3310,2,14,pitch_jump,1.0,0.008681186658341191,82.85452979663877,110.32597826811546
3310,2,17,pitch_jump,1.0,0.012139093402861212,27.823613424826892,110.32597826811546
3310,2,18,pitch_jump,1.0,0.011502726934733629,60.9322386920905,110.32597826811546
3310,2,20,pitch_jump,1.0,0.007220486104190779,16.249794328415607,110.32597826811546
3312,2,9,pitch_jump,1.0,0.007917059636095592,15.480970801762156,110.39264049063397
3312,2,14,pitch_jump,1.0,0.007464068708855306,14.226825597058403,110.39264049063397
3313,2,2,pitch_jump,1.0,0.09884990278934724,21.904357871310584,110.42597160189321
3313,2,3,pitch_jump,1.0,0.005783808106266141,17.76743750886006,110.42597160189321
3313,2,7,pitch_jump,1.0,0.04648508015826657,17.020145606233896,110.42597160189321
3313,2,8,pitch_jump,1.0,0.0352711717346213,13.514738192356695,110.42597160189321
3313,2,15,pitch_jump,1.0,0.07038103317922895,15.389696727960542,110.42597160189321
3313,2,18,pitch_jump,1.0,0.009402832789969465,15.323800408858768,110.42597160189321
3313,2,19,pitch_jump,1.0,0.03426584125500166,15.675099776332372,110.42597160189321
3313,2,20,pitch_jump,1.0,0.028424435759390194,17.73830784605646,110.42597160189321
3313,2,21,pitch_jump,1.0,0.05689078914993908,15.188869915075784,110.42597160189321
3313,2,22,pitch_jump,1.0,0.03634026413148439,13.952697615323846,110.42597160189321
3315,2,2,pitch_jump,1.0,0.13938133029029784,18.233453882832215,110.49263382441171
3315,2,3,pitch_jump,1.0,0.026481336756986627,13.590907265029536,110.49263382441171
3315,2,21,pitch_jump,1.0,0.09064382339654523,13.638696378990186,110.49263382441171
3317,2,17,pitch_jump,1.0,0.01058695490099845,12.496592501513433,110.55929604693021
3318,2,2,pitch_jump,1.0,0.0796655264234581,13.888858523087606,110.59262715818946
3318,2,3,pitch_jump,1.0,0.02696439713133633,14.971095448154323,110.59262715818946
3318,2,7,pitch_jump,1.0,0.053650788151100144,12.543327066739678,110.59262715818946
3318,2,9,pitch_jump,1.0,0.01371314211611514,104.87416361381463,110.59262715818946
3318,2,14,pitch_jump,1.0,0.015926578825807614,93.22243580599057,110.59262715818946
3318,2,17,pitch_jump,1.0,0.018114101928276914,29.550571634872437,110.59262715818946
3318,2,18,pitch_jump,1.0,0.00847883988907148,67.53935990938945,110.59262715818946
3319,2,3,pitch_jump,1.0,0.03368003656609629,17.16024099380584,110.6259582694487
3319,2,7,pitch_jump,1.0,0.06330877713098229,25.41638484682912,110.6259582694487
3319,2,9,pitch_jump,1.0,0.02377062000657403,114.51985726836165,110.6259582694487
3319,2,14,pitch_jump,1.0,0.02649702036533308,96.94970042461411,110.6259582694487
3319,2,17,pitch_jump,1.0,0.007060518610024662,32.06799947178092,110.6259582694487
3319,2,18,pitch_jump,1.0,0.005938361721234806,79.20327426394704,110.6259582694487
3320,2,9,pitch_jump,1.0,0.009615271745740141,108.4511313910911,110.65928938070796
3320,2,14,pitch_jump,1.0,0.014736974660183725,96.28941282542459,110.65928938070796
3320,2,17,pitch_jump,1.0,0.0076954097803740695,34.80895013034469,110.65928938070796
3320,2,18,pitch_jump,1.0,0.0025691487424239273,74.26061287221201,110.65928938070796
3320,2,21,pitch_jump,1.0,0.03871640530984249,12.163154492099999,110.65928938070796
3321,2,9,pitch_jump,1.0,0.02361456657809201,95.03877055961307,110.6926204919672
3321,2,14,pitch_jump,1.0,0.005002647089701555,85.59690276742204,110.6926204919672
3321,2,17,pitch_jump,1.0,0.00996097586013847,26.208232063519567,110.6926204919672
3321,2,18,pitch_jump,1.0,0.009779069853248373,69.31621121346176,110.6926204919672
3322,2,21,pitch_jump,1.0,0.10172731598849698,17.90002585487674,110.72595160322645
3323,2,9,pitch_jump,1.0,0.006865624732274635,12.071816614533864,110.7592827144857
3323,2,15,pitch_jump,1.0,0.036609324795431164,13.035316491637664,110.7592827144857
3324,2,2,pitch_jump,1.0,0.0693285360080795,12.411771158490462,110.79261382574495
3324,2,3,pitch_jump,1.0,0.0109286026525662,13.928501409096036,110.79261382574495
3324,2,7,pitch_jump,1.0,0.07875450850735631,25.85349666030793,110.79261382574495
3324,2,21,pitch_jump,1.0,0.07632999882479294,13.677827891183947,110.79261382574495
3325,2,9,pitch_jump,1.0,0.010451718138579974,18.225842240684052,110.82594493700421
3325,2,14,pitch_jump,1.0,0.002765314650711039,15.552966301870825,110.82594493700421
3327,2,9,pitch_jump,1.0,0.006209768203510395,15.516227306009453,110.8926071595227
3327,2,14,pitch_jump,1.0,0.002062020777324555,13.83732416364502,110.8926071595227
3328,2,2,pitch_jump,1.0,0.05972525954406543,25.980244219530913,110.92593827078196
3328,2,3,pitch_jump,1.0,0.014013321778887762,23.47878464836239,110.92593827078196
3328,2,8,pitch_jump,1.0,0.035651557649003185,19.005629705299015,110.92593827078196
3328,2,9,pitch_jump,1.0,0.005857531477326585,69.00344275889316,110.92593827078196
3328,2,10,pitch_jump,1.0,0.015519144919502034,33.36275180741435,110.92593827078196
3328,2,13,pitch_jump,1.0,0.03293598019567137,35.097543993348545,110.92593827078196
3328,2,14,pitch_jump,1.0,0.0025188867117877825,56.16106656037424,110.92593827078196
3328,2,15,pitch_jump,1.0,0.043340218521421364,31.099862094672453,110.92593827078196
3328,2,17,pitch_jump,1.0,0.030928850078121517,12.320372856081296,110.92593827078196
3328,2,18,pitch_jump,1.0,0.007853439668210413,59.97957962285043,110.92593827078196
3328,2,19,pitch_jump,1.0,0.03012768705025515,25.71867748633096,110.92593827078196
3328,2,20,pitch_jump,1.0,0.02699769257764087,23.158935365299236,110.92593827078196
3328,2,21,pitch_jump,1.0,0.015332418670824374,22.47443519928364,110.92593827078196
3328,2,22,pitch_jump,1.0,0.01793282759457247,30.98437843384918,110.92593827078196
3329,2,7,pitch_jump,5.0,0.0620274147723159,13.952510228684304,110.9592693820412
3330,2,3,pitch_jump,1.0,0.14422013026947533,62.48436576610697,110.99260049330046
3331,2,2,pitch_jump,1.0,0.0850511284575392,12.770969054364974,111.0259316045597
3331,2,3,pitch_jump,1.0,0.03011025500437081,14.875537645501566,111.0259316045597
3332,2,3,pitch_jump,1.0,0.07846737881320731,30.252019230576103,111.05926271581895
3333,2,3,pitch_jump,1.0,0.05988240250223964,32.26503624055174,111.0925938270782
3333,2,9,pitch_jump,1.0,0.004695327879968339,87.20491752725657,111.0925938270782
3333,2,14,pitch_jump,1.0,0.003351086349276748,75.38592764418587,111.0925938270782
3333,2,17,pitch_jump,1.0,0.02193290443055394,21.65598452590774,111.0925938270782
3333,2,18,pitch_jump,1.0,0.02067547696270509,56.908447394228425,111.0925938270782
3333,2,19,pitch_jump,1.0,0.011193149249300866,12.517408368507457,111.0925938270782
3333,2,20,pitch_jump,1.0,0.029996867770928803,12.851119630482593,111.0925938270782
3333,2,21,pitch_jump,1.0,0.04752265051465285,15.873935465401107,111.0925938270782
