frame,track_id,display_track_id,class_id,conf,x1,y1,x2,y2,team_id,notes
0,0,0,2,1.0,442.73,717.82,477.71,799.72,-1,cvat_keyframe
0,1,1,2,1.0,687.1,618.22,715.43,685.06,-1,cvat_keyframe
0,2,2,2,1.0,626.89,591.21,653.01,656.73,-1,cvat_keyframe
0,3,3,2,1.0,355.08,580.1,382.23,645.66,-1,cvat_keyframe
0,4,4,2,1.0,513.36,531.95,539.48,587.27,-1,cvat_keyframe
0,5,5,2,1.0,436.52,482.78,454.96,530.92,-1,cvat_keyframe
0,6,6,2,1.0,499.01,431.56,514.89,473.56,-1,cvat_keyframe
0,7,7,2,1.0,745.39,426.43,759.73,465.36,-1,cvat_keyframe
0,8,8,2,1.0,775.61,523.75,807.36,581.12,-1,cvat_keyframe
0,9,9,2,1.0,612.21,518.63,639.87,578.05,-1,cvat_keyframe
0,10,10,2,1.0,932.34,472.02,955.9,519.14,-1,cvat_keyframe
0,11,11,2,1.0,1123.39,478.68,1137.74,523.75,-1,cvat_keyframe
0,12,12,2,1.0,1190.49,451.02,1208.42,496.09,-1,cvat_keyframe
0,13,13,2,1.0,1146.44,548.85,1163.86,606.22,-1,cvat_keyframe
0,14,14,2,1.0,1277.57,524.78,1297.03,579.07,-1,cvat_keyframe
0,15,15,2,1.0,1325.72,561.14,1341.6,622.1,-1,cvat_keyframe
0,16,16,2,1.0,1830.24,549.88,1851.75,608.78,-1,cvat_keyframe
0,17,17,2,1.0,1302.67,516.58,1325.72,571.39,-1,cvat_keyframe
0,18,18,2,1.0,1312.4,415.17,1326.23,454.61,-1,cvat_keyframe
0,19,19,2,1.0,903.22,928.9,966.09,1031.46,-1,cvat_keyframe
0,20,20,3,1.0,299.88,415.46,318.88,448.46,-1,cvat_keyframe
0,21,21,3,1.0,734.92,572.74,757.18,635.23,-1,cvat_keyframe
0,22,22,1,1.0,1675.63,478.03,1692.83,525.31,-1,cvat_keyframe
0,24,24,0,1.0,1595.2,514.5,1603.41,522.2,-1,cvat_keyframe
1,0,0,2,1.0,442.73,717.82,479.75,799.72,-1,cvat_interp
1,1,1,2,1.0,685.05,617.56,717.12,685.73,-1,cvat_interp
1,2,2,2,1.0,622.1,591.21,654.8,656.73,-1,cvat_keyframe
1,3,3,2,1.0,355.08,577.35,382.23,645.66,-1,cvat_interp
1,4,4,2,1.0,508.6,531.95,539.48,587.27,-1,cvat_keyframe
1,5,5,2,1.0,436.52,482.78,458.73,530.92,-1,cvat_interp
1,6,6,2,1.0,499.35,432.24,516.95,474.24,-1,cvat_interp
1,7,7,2,1.0,746.41,427.12,760.76,467.38,-1,cvat_interp
1,8,8,2,1.0,775.07,523.84,805.75,580.81,-1,cvat_interp
1,9,9,2,1.0,612.57,518.47,640.17,577.66,-1,cvat_interp
1,10,10,2,1.0,934.53,473.33,958.09,520.46,-1,cvat_keyframe
1,11,11,2,1.0,1126.11,478.68,1140.45,523.75,-1,cvat_keyframe
1,12,12,2,1.0,1190.49,451.92,1208.42,497.0,-1,cvat_keyframe
1,13,13,2,1.0,1148.62,548.85,1163.86,606.22,-1,cvat_interp
1,14,14,2,1.0,1276.9,524.84,1296.36,579.13,-1,cvat_interp
1,15,15,2,1.0,1325.72,561.14,1343.75,622.1,-1,cvat_interp
1,16,16,2,1.0,1828.72,550.02,1850.36,608.93,-1,cvat_interp
1,17,17,2,1.0,1302.31,516.42,1325.36,571.22,-1,cvat_interp
1,18,18,2,1.0,1315.12,415.17,1328.94,454.61,-1,cvat_keyframe
1,19,19,2,1.0,904.51,927.9,963.94,1031.46,-1,cvat_interp
1,20,20,3,1.0,300.4,415.46,324.1,454.7,-1,cvat_keyframe
1,21,21,3,1.0,735.95,572.74,758.89,635.23,-1,cvat_interp
1,22,22,1,1.0,1674.8,478.3,1692.0,525.58,-1,cvat_keyframe
1,24,24,0,1.0,1595.09,514.61,1603.3,522.31,-1,cvat_interp
2,0,0,2,1.0,442.73,717.82,481.8,799.72,-1,cvat_keyframe
2,1,1,2,1.0,683.0,616.9,718.8,686.4,-1,cvat_keyframe
2,2,2,2,1.0,619.4,588.5,654.8,656.73,-1,cvat_keyframe
2,3,3,2,1.0,355.08,574.6,382.23,645.66,-1,cvat_keyframe
2,4,4,2,1.0,509.15,531.83,540.02,586.64,-1,cvat_interp
2,5,5,2,1.0,436.52,482.78,462.5,530.92,-1,cvat_keyframe
2,6,6,2,1.0,499.7,432.92,519.0,474.92,-1,cvat_keyframe
2,7,7,2,1.0,747.43,427.8,761.8,469.4,-1,cvat_keyframe
2,8,8,2,1.0,774.53,523.93,804.13,580.49,-1,cvat_interp
2,9,9,2,1.0,612.94,518.31,640.47,577.28,-1,cvat_interp
2,10,10,2,1.0,935.68,473.33,958.4,520.46,-1,cvat_interp
2,11,11,2,1.0,1126.11,478.68,1146.2,523.75,-1,cvat_keyframe
2,12,12,2,1.0,1190.08,452.04,1208.01,497.0,-1,cvat_interp
2,13,13,2,1.0,1150.8,548.85,1163.86,606.22,-1,cvat_keyframe
2,14,14,2,1.0,1276.23,524.9,1295.69,579.19,-1,cvat_interp
2,15,15,2,1.0,1325.72,561.14,1345.9,622.1,-1,cvat_keyframe
2,16,16,2,1.0,1827.19,550.17,1848.96,609.07,-1,cvat_interp
2,17,17,2,1.0,1301.95,516.25,1325.0,571.06,-1,cvat_interp
2,18,18,2,1.0,1315.13,415.6,1328.96,454.77,-1,cvat_interp
2,19,19,2,1.0,905.8,926.9,961.8,1031.46,-1,cvat_keyframe
2,20,20,3,1.0,305.16,416.82,325.46,456.06,-1,cvat_keyframe
2,21,21,3,1.0,736.97,572.74,760.6,635.23,-1,cvat_keyframe
2,22,22,1,1.0,1673.3,478.3,1692.9,527.7,-1,cvat_keyframe
2,24,24,0,1.0,1594.98,514.72,1603.2,522.42,-1,cvat_interp
3,0,0,2,1.0,443.54,717.82,484.7,799.71,-1,cvat_interp
3,1,1,2,1.0,679.29,617.2,717.6,684.7,-1,cvat_interp
3,2,2,2,1.0,617.54,588.88,655.75,656.07,-1,cvat_interp
3,3,3,2,1.0,355.53,574.6,382.49,644.81,-1,cvat_interp
3,4,4,2,1.0,509.69,531.7,540.57,586.02,-1,cvat_interp
3,5,5,2,1.0,438.08,482.96,463.34,531.21,-1,cvat_interp
3,6,6,2,1.0,499.6,433.96,520.25,474.46,-1,cvat_interp
3,7,7,2,1.0,747.97,427.92,762.77,469.24,-1,cvat_interp
3,8,8,2,1.0,773.99,524.02,802.52,580.18,-1,cvat_interp
3,9,9,2,1.0,613.3,518.15,640.77,576.9,-1,cvat_interp
3,10,10,2,1.0,936.82,473.33,958.71,520.46,-1,cvat_interp
3,11,11,2,1.0,1127.24,478.99,1147.33,524.06,-1,cvat_interp
3,12,12,2,1.0,1189.67,452.16,1207.6,497.0,-1,cvat_interp
3,13,13,2,1.0,1151.59,549.05,1164.65,606.42,-1,cvat_interp
3,14,14,2,1.0,1275.55,524.96,1295.02,579.25,-1,cvat_interp
3,15,15,2,1.0,1326.61,561.7,1346.8,622.65,-1,cvat_interp
3,16,16,2,1.0,1825.67,550.31,1847.57,609.22,-1,cvat_interp
3,17,17,2,1.0,1301.59,516.09,1324.64,570.9,-1,cvat_interp
3,18,18,2,1.0,1315.15,416.03,1328.98,454.94,-1,cvat_interp
3,19,19,2,1.0,906.9,926.44,957.85,1030.02,-1,cvat_interp
3,20,20,3,1.0,307.64,417.13,327.94,456.1,-1,cvat_interp
3,21,21,3,1.0,737.56,572.74,760.6,635.23,-1,cvat_interp
3,22,22,1,1.0,1672.35,478.48,1692.3,527.69,-1,cvat_interp
3,24,24,0,1.0,1594.88,514.82,1603.09,522.52,-1,cvat_interp
4,0,0,2,1.0,444.35,717.82,487.6,799.7,-1,cvat_keyframe
4,1,1,2,1.0,675.58,617.5,716.4,683.0,-1,cvat_keyframe
4,2,2,2,1.0,615.67,589.26,656.7,655.4,-1,cvat_keyframe
4,3,3,2,1.0,355.99,574.6,382.75,643.97,-1,cvat_interp
4,4,4,2,1.0,510.24,531.58,541.12,585.39,-1,cvat_keyframe
4,5,5,2,1.0,439.64,483.13,464.18,531.49,-1,cvat_interp
4,6,6,2,1.0,499.5,435.0,521.5,474.0,-1,cvat_keyframe
4,7,7,2,1.0,748.51,428.05,763.74,469.08,-1,cvat_interp
4,8,8,2,1.0,773.46,524.1,800.9,579.87,-1,cvat_keyframe
4,9,9,2,1.0,613.66,517.99,641.07,576.52,-1,cvat_keyframe
4,10,10,2,1.0,937.96,473.33,959.02,520.46,-1,cvat_interp
4,11,11,2,1.0,1128.37,479.3,1148.46,524.37,-1,cvat_interp
4,12,12,2,1.0,1189.25,452.27,1207.18,497.0,-1,cvat_interp
4,13,13,2,1.0,1152.38,549.25,1165.44,606.61,-1,cvat_interp
4,14,14,2,1.0,1274.88,525.02,1294.34,579.31,-1,cvat_interp
4,15,15,2,1.0,1327.51,562.26,1347.69,623.21,-1,cvat_interp
4,16,16,2,1.0,1824.14,550.46,1846.17,609.36,-1,cvat_interp
4,17,17,2,1.0,1301.23,515.92,1324.28,570.73,-1,cvat_interp
4,18,18,2,1.0,1315.16,416.46,1328.99,455.1,-1,cvat_interp
4,19,19,2,1.0,908.0,925.98,953.9,1028.58,-1,cvat_interp
4,20,20,3,1.0,310.11,417.43,330.41,456.13,-1,cvat_interp
4,21,21,3,1.0,738.16,572.74,760.6,635.23,-1,cvat_interp
4,22,22,1,1.0,1671.4,478.65,1691.7,527.68,-1,cvat_interp
4,24,24,0,1.0,1594.77,514.93,1602.98,522.63,-1,cvat_interp
5,0,0,2,1.0,445.15,717.82,487.15,799.7,-1,cvat_interp
5,1,1,2,1.0,673.37,617.42,713.23,682.78,-1,cvat_interp
5,2,2,2,1.0,613.81,589.64,653.75,655.25,-1,cvat_interp
5,3,3,2,1.0,356.44,574.6,383.01,643.12,-1,cvat_interp
5,4,4,2,1.0,509.36,531.84,540.24,585.16,-1,cvat_interp
5,5,5,2,1.0,441.2,483.31,465.01,531.78,-1,cvat_interp
5,6,6,2,1.0,500.49,434.78,521.75,474.16,-1,cvat_interp
5,7,7,2,1.0,749.04,428.17,764.71,468.92,-1,cvat_interp
5,8,8,2,1.0,772.92,524.19,800.54,579.55,-1,cvat_interp
5,9,9,2,1.0,612.96,517.94,640.31,576.24,-1,cvat_interp
5,10,10,2,1.0,939.1,473.33,959.33,520.46,-1,cvat_interp
5,11,11,2,1.0,1129.5,479.61,1149.59,524.68,-1,cvat_interp
5,12,12,2,1.0,1188.84,452.39,1206.77,497.0,-1,cvat_interp
5,13,13,2,1.0,1153.17,549.44,1166.23,606.81,-1,cvat_interp
5,14,14,2,1.0,1274.21,525.08,1293.67,579.37,-1,cvat_interp
5,15,15,2,1.0,1328.41,562.81,1348.59,623.76,-1,cvat_interp
5,16,16,2,1.0,1822.62,550.61,1844.77,609.51,-1,cvat_interp
5,17,17,2,1.0,1300.88,515.76,1323.92,570.57,-1,cvat_interp
5,18,18,2,1.0,1315.18,416.89,1329.01,455.27,-1,cvat_interp
5,19,19,2,1.0,909.1,925.52,949.95,1027.14,-1,cvat_interp
5,20,20,3,1.0,312.58,417.74,332.88,456.16,-1,cvat_interp
5,21,21,3,1.0,738.75,572.74,760.6,635.23,-1,cvat_interp
5,22,22,1,1.0,1670.44,478.83,1691.1,527.66,-1,cvat_interp
5,24,24,0,1.0,1594.66,515.04,1602.87,522.74,-1,cvat_interp
6,0,0,2,1.0,445.96,717.82,486.7,799.71,-1,cvat_interp
6,1,1,2,1.0,671.15,617.35,710.06,682.55,-1,cvat_interp
6,2,2,2,1.0,611.95,590.02,650.8,655.1,-1,cvat_interp
6,3,3,2,1.0,356.89,574.6,383.27,642.28,-1,cvat_interp
6,4,4,2,1.0,508.49,532.11,539.36,584.92,-1,cvat_interp
6,5,5,2,1.0,442.75,483.49,465.85,532.06,-1,cvat_interp
6,6,6,2,1.0,501.48,434.57,522.0,474.32,-1,cvat_interp
6,7,7,2,1.0,749.58,428.3,765.68,468.76,-1,cvat_interp
6,8,8,2,1.0,772.38,524.28,800.18,579.24,-1,cvat_interp
6,9,9,2,1.0,612.27,517.88,639.55,575.96,-1,cvat_interp
6,10,10,2,1.0,940.25,473.33,959.64,520.46,-1,cvat_interp
6,11,11,2,1.0,1130.63,479.92,1150.72,524.99,-1,cvat_interp
6,12,12,2,1.0,1188.43,452.5,1206.36,497.0,-1,cvat_interp
6,13,13,2,1.0,1153.95,549.64,1167.01,607.01,-1,cvat_interp
6,14,14,2,1.0,1273.54,525.14,1293.0,579.43,-1,cvat_interp
6,15,15,2,1.0,1329.3,563.37,1349.48,624.32,-1,cvat_interp
6,16,16,2,1.0,1821.09,550.75,1843.38,609.66,-1,cvat_interp
6,17,17,2,1.0,1300.52,515.6,1323.57,570.4,-1,cvat_interp
6,18,18,2,1.0,1315.2,417.32,1329.03,455.43,-1,cvat_interp
6,19,19,2,1.0,910.2,925.06,946.0,1025.7,-1,cvat_keyframe
6,20,20,3,1.0,315.06,418.04,335.36,456.2,-1,cvat_interp
6,21,21,3,1.0,739.34,572.74,760.6,635.23,-1,cvat_interp
6,22,22,1,1.0,1669.49,479.0,1690.5,527.65,-1,cvat_interp
6,24,24,0,1.0,1594.55,515.15,1602.76,522.85,-1,cvat_interp
7,0,0,2,1.0,446.77,717.82,486.25,799.71,-1,cvat_interp
7,1,1,2,1.0,668.94,617.27,706.88,682.33,-1,cvat_interp
7,2,2,2,1.0,610.08,590.4,647.85,654.95,-1,cvat_interp
7,3,3,2,1.0,357.34,574.6,383.52,641.43,-1,cvat_interp
7,4,4,2,1.0,507.61,532.37,538.49,584.68,-1,cvat_interp
7,5,5,2,1.0,444.31,483.67,466.69,532.35,-1,cvat_interp
7,6,6,2,1.0,502.46,434.35,522.24,474.48,-1,cvat_interp
7,7,7,2,1.0,750.12,428.42,766.65,468.6,-1,cvat_interp
7,8,8,2,1.0,771.84,524.36,799.81,578.93,-1,cvat_interp
7,9,9,2,1.0,611.57,517.83,638.79,575.68,-1,cvat_interp
7,10,10,2,1.0,941.39,473.33,959.95,520.46,-1,cvat_interp
7,11,11,2,1.0,1131.76,480.23,1151.85,525.3,-1,cvat_interp
7,12,12,2,1.0,1188.02,452.62,1205.94,497.0,-1,cvat_interp
7,13,13,2,1.0,1154.74,549.84,1167.8,607.2,-1,cvat_interp
7,14,14,2,1.0,1272.86,525.2,1292.33,579.49,-1,cvat_interp
7,15,15,2,1.0,1330.2,563.92,1350.38,624.88,-1,cvat_interp
7,16,16,2,1.0,1819.57,550.9,1841.98,609.8,-1,cvat_interp
7,17,17,2,1.0,1300.16,515.43,1323.21,570.24,-1,cvat_interp
7,18,18,2,1.0,1315.21,417.75,1329.04,455.6,-1,cvat_interp
7,19,19,2,1.0,905.82,924.6,944.99,1026.38,-1,cvat_interp
7,20,20,3,1.0,317.53,418.35,337.83,456.23,-1,cvat_interp
7,21,21,3,1.0,739.93,572.74,760.6,635.23,-1,cvat_interp
7,22,22,1,1.0,1668.54,479.18,1689.9,527.64,-1,cvat_interp
7,24,24,0,1.0,1594.44,515.26,1602.66,522.96,-1,cvat_interp
8,0,0,2,1.0,447.57,717.82,485.8,799.71,-1,cvat_interp
8,1,1,2,1.0,666.72,617.2,703.71,682.1,-1,cvat_interp
8,2,2,2,1.0,608.22,590.78,644.9,654.8,-1,cvat_interp
8,3,3,2,1.0,357.79,574.6,383.78,640.59,-1,cvat_interp
8,4,4,2,1.0,506.73,532.64,537.61,584.45,-1,cvat_interp
8,5,5,2,1.0,445.87,483.85,467.53,532.63,-1,cvat_interp
8,6,6,2,1.0,503.45,434.14,522.49,474.64,-1,cvat_interp
8,7,7,2,1.0,750.66,428.55,767.62,468.44,-1,cvat_interp
8,8,8,2,1.0,771.3,524.45,799.45,578.61,-1,cvat_interp
8,9,9,2,1.0,610.88,517.77,638.04,575.41,-1,cvat_interp
8,10,10,2,1.0,942.53,473.33,960.26,520.46,-1,cvat_interp
8,11,11,2,1.0,1132.89,480.54,1152.98,525.61,-1,cvat_interp
8,12,12,2,1.0,1187.6,452.74,1205.53,497.0,-1,cvat_interp
8,13,13,2,1.0,1155.53,550.03,1168.59,607.4,-1,cvat_interp
8,14,14,2,1.0,1272.19,525.26,1291.66,579.55,-1,cvat_interp
8,15,15,2,1.0,1331.09,564.48,1351.28,625.43,-1,cvat_interp
8,16,16,2,1.0,1818.04,551.05,1840.58,609.95,-1,cvat_interp
8,17,17,2,1.0,1299.8,515.27,1322.85,570.07,-1,cvat_interp
8,18,18,2,1.0,1315.23,418.18,1329.06,455.76,-1,cvat_interp
8,19,19,2,1.0,901.44,924.14,943.98,1027.07,-1,cvat_interp
8,20,20,3,1.0,320.0,418.65,340.3,456.27,-1,cvat_interp
8,21,21,3,1.0,740.53,572.74,760.6,635.23,-1,cvat_interp
8,22,22,1,1.0,1667.59,479.36,1689.3,527.63,-1,cvat_interp
8,24,24,0,1.0,1594.34,515.36,1602.55,523.06,-1,cvat_interp
9,0,0,2,1.0,448.38,717.82,485.35,799.71,-1,cvat_interp
9,1,1,2,1.0,664.51,617.12,700.54,681.88,-1,cvat_interp
9,2,2,2,1.0,606.35,591.16,641.95,654.65,-1,cvat_interp
9,3,3,2,1.0,358.24,574.6,384.04,639.74,-1,cvat_interp
9,4,4,2,1.0,505.85,532.9,536.73,584.21,-1,cvat_interp
9,5,5,2,1.0,447.43,484.03,468.36,532.92,-1,cvat_interp
9,6,6,2,1.0,504.44,433.92,522.74,474.8,-1,cvat_interp
9,7,7,2,1.0,751.19,428.67,768.59,468.28,-1,cvat_interp
9,8,8,2,1.0,770.77,524.54,799.09,578.3,-1,cvat_interp
9,9,9,2,1.0,610.18,517.72,637.28,575.13,-1,cvat_interp
9,10,10,2,1.0,943.67,473.33,960.57,520.46,-1,cvat_interp
9,11,11,2,1.0,1134.02,480.85,1154.11,525.92,-1,cvat_interp
9,12,12,2,1.0,1187.19,452.85,1205.12,497.0,-1,cvat_interp
9,13,13,2,1.0,1156.32,550.23,1169.38,607.6,-1,cvat_interp
9,14,14,2,1.0,1271.52,525.31,1290.98,579.61,-1,cvat_interp
9,15,15,2,1.0,1331.99,565.03,1352.17,625.99,-1,cvat_interp
9,16,16,2,1.0,1816.52,551.19,1839.19,610.1,-1,cvat_interp
9,17,17,2,1.0,1299.44,515.1,1322.49,569.91,-1,cvat_interp
9,18,18,2,1.0,1315.25,418.61,1329.08,455.93,-1,cvat_interp
9,19,19,2,1.0,897.06,923.68,942.96,1027.75,-1,cvat_interp
9,20,20,3,1.0,322.48,418.96,342.78,456.3,-1,cvat_interp
9,21,21,3,1.0,741.12,572.74,760.6,635.23,-1,cvat_interp
9,22,22,1,1.0,1666.63,479.53,1688.7,527.61,-1,cvat_interp
9,24,24,0,1.0,1594.23,515.47,1602.44,523.17,-1,cvat_interp
10,0,0,2,1.0,449.19,717.82,484.9,799.72,-1,cvat_interp
10,1,1,2,1.0,662.29,617.05,697.37,681.65,-1,cvat_interp
10,2,2,2,1.0,604.49,591.54,639.0,654.5,-1,cvat_interp
10,3,3,2,1.0,358.7,574.6,384.3,638.9,-1,cvat_keyframe
10,4,4,2,1.0,504.98,533.17,535.86,583.97,-1,cvat_interp
10,5,5,2,1.0,448.99,484.21,469.2,533.2,-1,cvat_keyframe
10,6,6,2,1.0,505.43,433.71,522.99,474.96,-1,cvat_interp
10,7,7,2,1.0,751.73,428.8,769.56,468.12,-1,cvat_interp
10,8,8,2,1.0,770.23,524.63,798.73,577.98,-1,cvat_interp
10,9,9,2,1.0,609.48,517.66,636.52,574.85,-1,cvat_interp
10,10,10,2,1.0,944.82,473.33,960.88,520.46,-1,cvat_interp
10,11,11,2,1.0,1135.15,481.16,1155.24,526.23,-1,cvat_interp
10,12,12,2,1.0,1186.78,452.97,1204.7,497.0,-1,cvat_interp
10,13,13,2,1.0,1157.11,550.43,1170.17,607.8,-1,cvat_interp
10,14,14,2,1.0,1270.85,525.37,1290.31,579.67,-1,cvat_interp
10,15,15,2,1.0,1332.89,565.59,1353.07,626.54,-1,cvat_interp
10,16,16,2,1.0,1814.99,551.34,1837.79,610.24,-1,cvat_interp
10,17,17,2,1.0,1299.08,514.94,1322.13,569.75,-1,cvat_interp
10,18,18,2,1.0,1315.26,419.04,1329.09,456.09,-1,cvat_interp
10,19,19,2,1.0,892.68,923.22,941.95,1028.43,-1,cvat_interp
10,20,20,3,1.0,324.95,419.26,345.25,456.33,-1,cvat_interp
10,21,21,3,1.0,741.71,572.74,760.6,635.23,-1,cvat_interp
10,22,22,1,1.0,1665.68,479.71,1688.1,527.6,-1,cvat_keyframe
10,24,24,0,1.0,1594.12,515.58,1602.33,523.28,-1,cvat_keyframe
11,0,0,2,1.0,449.99,717.82,484.45,799.72,-1,cvat_interp
11,1,1,2,1.0,660.08,616.97,694.19,681.43,-1,cvat_interp
11,2,2,2,1.0,602.63,591.92,636.05,654.35,-1,cvat_interp
11,3,3,2,1.0,359.15,574.6,383.26,639.05,-1,cvat_interp
11,4,4,2,1.0,504.1,533.43,534.98,583.74,-1,cvat_interp
11,5,5,2,1.0,450.54,484.39,468.0,532.96,-1,cvat_interp
11,6,6,2,1.0,506.41,433.49,523.23,475.12,-1,cvat_interp
11,7,7,2,1.0,752.27,428.93,770.53,467.96,-1,cvat_interp
11,8,8,2,1.0,769.69,524.71,798.36,577.67,-1,cvat_interp
11,9,9,2,1.0,608.79,517.61,635.76,574.58,-1,cvat_interp
11,10,10,2,1.0,945.96,473.33,961.19,520.46,-1,cvat_interp
11,11,11,2,1.0,1136.28,481.47,1156.37,526.54,-1,cvat_interp
11,12,12,2,1.0,1186.36,453.08,1204.29,497.0,-1,cvat_interp
11,13,13,2,1.0,1157.9,550.63,1170.96,607.99,-1,cvat_interp
11,14,14,2,1.0,1270.18,525.43,1289.64,579.73,-1,cvat_interp
11,15,15,2,1.0,1333.78,566.14,1353.96,627.1,-1,cvat_interp
11,16,16,2,1.0,1813.47,551.48,1836.4,610.39,-1,cvat_interp
11,17,17,2,1.0,1298.72,514.77,1321.77,569.58,-1,cvat_interp
11,18,18,2,1.0,1315.28,419.47,1329.11,456.26,-1,cvat_interp
11,19,19,2,1.0,888.3,922.76,940.94,1029.12,-1,cvat_interp
11,20,20,3,1.0,327.42,419.57,347.72,456.37,-1,cvat_interp
11,21,21,3,1.0,742.31,572.74,760.6,635.23,-1,cvat_interp
11,22,22,1,1.0,1664.73,479.88,1685.74,528.53,-1,cvat_interp
11,24,24,0,1.0,1593.73,515.77,1601.95,523.47,-1,cvat_interp
12,0,0,2,1.0,450.8,717.82,484.0,799.72,-1,cvat_keyframe
12,1,1,2,1.0,657.86,616.9,691.02,681.2,-1,cvat_keyframe
12,2,2,2,1.0,600.76,592.3,633.1,654.2,-1,cvat_keyframe
12,3,3,2,1.0,359.6,574.6,382.23,639.2,-1,cvat_keyframe
12,4,4,2,1.0,503.22,533.7,534.1,583.5,-1,cvat_keyframe
12,5,5,2,1.0,452.1,484.57,466.8,532.72,-1,cvat_keyframe
12,6,6,2,1.0,507.4,433.28,523.48,475.28,-1,cvat_keyframe
12,7,7,2,1.0,752.81,429.05,771.5,467.8,-1,cvat_keyframe
12,8,8,2,1.0,769.15,524.8,798.0,577.36,-1,cvat_keyframe
12,9,9,2,1.0,608.09,517.56,635.0,574.3,-1,cvat_keyframe
12,10,10,2,1.0,947.1,473.33,961.5,520.46,-1,cvat_keyframe
12,11,11,2,1.0,1137.41,481.78,1157.5,526.85,-1,cvat_keyframe
12,12,12,2,1.0,1185.95,453.2,1203.88,497.0,-1,cvat_keyframe
12,13,13,2,1.0,1158.69,550.82,1171.74,608.19,-1,cvat_keyframe
12,14,14,2,1.0,1269.5,525.49,1288.97,579.79,-1,cvat_keyframe
12,15,15,2,1.0,1334.68,566.7,1354.86,627.65,-1,cvat_keyframe
12,16,16,2,1.0,1811.95,551.63,1835.0,610.53,-1,cvat_keyframe
12,17,17,2,1.0,1298.37,514.61,1321.42,569.42,-1,cvat_keyframe
12,18,18,2,1.0,1315.3,419.9,1329.13,456.42,-1,cvat_keyframe
12,19,19,2,1.0,883.93,922.3,939.93,1029.8,-1,cvat_keyframe
12,20,20,3,1.0,329.9,419.87,350.2,456.4,-1,cvat_keyframe
12,21,21,3,1.0,742.9,572.74,760.6,635.23,-1,cvat_keyframe
12,22,22,1,1.0,1663.78,480.06,1683.38,529.45,-1,cvat_keyframe
12,24,24,0,1.0,1593.35,515.97,1601.56,523.67,-1,cvat_interp
13,0,0,2,1.0,450.45,717.73,483.9,799.62,-1,cvat_interp
13,1,1,2,1.0,655.53,616.68,688.35,680.84,-1,cvat_interp
13,2,2,2,1.0,598.95,592.32,631.21,654.22,-1,cvat_interp
13,3,3,2,1.0,359.42,574.21,382.86,638.57,-1,cvat_interp
13,4,4,2,1.0,502.44,533.63,532.76,583.43,-1,cvat_interp
13,5,5,2,1.0,451.61,484.57,468.15,532.78,-1,cvat_interp
13,6,6,2,1.0,507.33,433.78,523.96,475.26,-1,cvat_interp
13,7,7,2,1.0,752.81,429.38,771.5,467.8,-1,cvat_interp
13,8,8,2,1.0,767.99,524.6,796.84,577.16,-1,cvat_interp
13,9,9,2,1.0,606.87,517.24,633.46,573.99,-1,cvat_interp
13,10,10,2,1.0,947.62,473.41,962.02,520.53,-1,cvat_interp
13,11,11,2,1.0,1138.11,481.89,1158.2,526.96,-1,cvat_interp
13,12,12,2,1.0,1184.99,453.21,1202.91,497.01,-1,cvat_interp
13,13,13,2,1.0,1158.17,550.82,1172.26,608.19,-1,cvat_interp
13,14,14,2,1.0,1268.75,525.4,1288.22,579.7,-1,cvat_interp
13,15,15,2,1.0,1334.8,567.18,1354.99,628.14,-1,cvat_interp
13,16,16,2,1.0,1810.73,551.73,1834.15,610.12,-1,cvat_interp
13,17,17,2,1.0,1297.96,514.78,1321.01,569.59,-1,cvat_interp
13,18,18,2,1.0,1315.01,419.9,1329.05,456.42,-1,cvat_interp
13,19,19,2,1.0,883.86,921.7,939.29,1028.6,-1,cvat_interp
13,20,20,3,1.0,331.61,419.99,351.91,456.52,-1,cvat_interp
13,21,21,3,1.0,742.54,572.74,761.64,634.97,-1,cvat_interp
13,22,22,1,1.0,1661.42,479.98,1681.63,529.38,-1,cvat_interp
13,24,24,0,1.0,1592.96,516.16,1601.17,523.86,-1,cvat_interp
14,0,0,2,1.0,450.09,717.63,483.8,799.53,-1,cvat_interp
14,1,1,2,1.0,653.2,616.47,685.68,680.48,-1,cvat_interp
14,2,2,2,1.0,597.14,592.34,629.33,654.24,-1,cvat_interp
14,3,3,2,1.0,359.25,573.83,383.5,637.94,-1,cvat_interp
14,4,4,2,1.0,501.65,533.56,531.42,583.36,-1,cvat_interp
14,5,5,2,1.0,451.13,484.57,469.5,532.84,-1,cvat_interp
14,6,6,2,1.0,507.26,434.28,524.44,475.24,-1,cvat_interp
14,7,7,2,1.0,752.81,429.7,771.5,467.8,-1,cvat_interp
14,8,8,2,1.0,766.82,524.41,795.67,576.96,-1,cvat_interp
14,9,9,2,1.0,605.64,516.93,631.92,573.68,-1,cvat_interp
14,10,10,2,1.0,948.14,473.48,962.54,520.6,-1,cvat_interp
14,11,11,2,1.0,1138.81,481.99,1158.9,527.07,-1,cvat_interp
14,12,12,2,1.0,1184.02,453.23,1201.95,497.03,-1,cvat_interp
14,13,13,2,1.0,1157.65,550.82,1172.78,608.19,-1,cvat_interp
14,14,14,2,1.0,1268.0,525.32,1287.46,579.61,-1,cvat_interp
14,15,15,2,1.0,1334.93,567.67,1355.11,628.62,-1,cvat_interp
14,16,16,2,1.0,1809.5,551.82,1833.3,609.7,-1,cvat_keyframe
14,17,17,2,1.0,1297.56,514.96,1320.61,569.76,-1,cvat_interp
14,18,18,2,1.0,1314.72,419.9,1328.97,456.42,-1,cvat_interp
14,19,19,2,1.0,883.8,921.11,938.66,1027.4,-1,cvat_interp
14,20,20,3,1.0,333.32,420.1,353.62,456.63,-1,cvat_interp
14,21,21,3,1.0,742.18,572.74,762.68,634.72,-1,cvat_interp
14,22,22,1,1.0,1659.06,479.9,1679.88,529.3,-1,cvat_interp
14,24,24,0,1.0,1592.58,516.35,1600.79,524.05,-1,cvat_interp
15,0,0,2,1.0,449.74,717.53,483.7,799.43,-1,cvat_interp
15,1,1,2,1.0,650.87,616.25,683.0,680.12,-1,cvat_interp
15,2,2,2,1.0,595.33,592.35,627.44,654.25,-1,cvat_interp
15,3,3,2,1.0,359.08,573.45,384.13,637.32,-1,cvat_interp
15,4,4,2,1.0,500.86,533.48,530.08,583.28,-1,cvat_interp
15,5,5,2,1.0,450.64,484.57,470.85,532.9,-1,cvat_interp
15,6,6,2,1.0,507.19,434.78,524.93,475.23,-1,cvat_interp
15,7,7,2,1.0,752.81,430.03,771.5,467.8,-1,cvat_interp
15,8,8,2,1.0,765.66,524.21,794.51,576.77,-1,cvat_interp
15,9,9,2,1.0,604.42,516.62,630.38,573.36,-1,cvat_interp
15,10,10,2,1.0,948.66,473.55,963.06,520.67,-1,cvat_interp
15,11,11,2,1.0,1139.51,482.1,1159.6,527.18,-1,cvat_interp
15,12,12,2,1.0,1183.06,453.24,1200.99,497.04,-1,cvat_interp
15,13,13,2,1.0,1157.13,550.82,1173.29,608.19,-1,cvat_interp
15,14,14,2,1.0,1267.25,525.23,1286.71,579.52,-1,cvat_interp
15,15,15,2,1.0,1335.05,568.15,1355.24,629.1,-1,cvat_interp
15,16,16,2,1.0,1808.28,551.92,1832.26,609.92,-1,cvat_interp
15,17,17,2,1.0,1297.16,515.13,1320.21,569.94,-1,cvat_interp
15,18,18,2,1.0,1314.43,419.9,1328.89,456.42,-1,cvat_interp
15,19,19,2,1.0,883.73,920.51,938.03,1026.2,-1,cvat_interp
15,20,20,3,1.0,335.03,420.22,355.33,456.75,-1,cvat_interp
15,21,21,3,1.0,741.82,572.74,763.71,634.47,-1,cvat_interp
15,22,22,1,1.0,1656.7,479.83,1678.13,529.22,-1,cvat_interp
15,24,24,0,1.0,1592.19,516.54,1600.4,524.24,-1,cvat_interp
16,0,0,2,1.0,449.39,717.44,483.6,799.33,-1,cvat_interp
16,1,1,2,1.0,648.54,616.04,680.33,679.76,-1,cvat_interp
16,2,2,2,1.0,593.52,592.37,625.55,654.27,-1,cvat_interp
16,3,3,2,1.0,358.9,573.06,384.76,636.69,-1,cvat_interp
16,4,4,2,1.0,500.07,533.41,528.74,583.21,-1,cvat_interp
16,5,5,2,1.0,450.15,484.57,472.2,532.96,-1,cvat_interp
16,6,6,2,1.0,507.11,435.29,525.41,475.21,-1,cvat_interp
16,7,7,2,1.0,752.81,430.35,771.5,467.8,-1,cvat_interp
16,8,8,2,1.0,764.49,524.01,793.34,576.57,-1,cvat_interp
16,9,9,2,1.0,603.2,516.31,628.84,573.05,-1,cvat_interp
16,10,10,2,1.0,949.18,473.62,963.58,520.74,-1,cvat_interp
16,11,11,2,1.0,1140.21,482.21,1160.3,527.28,-1,cvat_interp
16,12,12,2,1.0,1182.09,453.25,1200.02,497.05,-1,cvat_interp
16,13,13,2,1.0,1156.61,550.82,1173.81,608.19,-1,cvat_interp
16,14,14,2,1.0,1266.49,525.14,1285.96,579.43,-1,cvat_interp
16,15,15,2,1.0,1335.18,568.64,1355.36,629.59,-1,cvat_interp
16,16,16,2,1.0,1807.06,552.02,1831.23,610.15,-1,cvat_interp
16,17,17,2,1.0,1296.76,515.31,1319.81,570.11,-1,cvat_interp
16,18,18,2,1.0,1314.14,419.9,1328.81,456.42,-1,cvat_interp
16,19,19,2,1.0,883.67,919.92,937.4,1025.0,-1,cvat_keyframe
16,20,20,3,1.0,336.75,420.33,357.05,456.86,-1,cvat_interp
16,21,21,3,1.0,741.46,572.74,764.75,634.21,-1,cvat_interp
16,22,22,1,1.0,1654.35,479.75,1676.38,529.15,-1,cvat_interp
16,24,24,0,1.0,1591.8,516.74,1600.02,524.44,-1,cvat_interp
17,0,0,2,1.0,449.03,717.34,483.5,799.24,-1,cvat_interp
17,1,1,2,1.0,646.21,615.82,677.66,679.4,-1,cvat_interp
17,2,2,2,1.0,591.71,592.39,623.66,654.29,-1,cvat_interp
17,3,3,2,1.0,358.73,572.68,385.4,636.06,-1,cvat_interp
17,4,4,2,1.0,499.28,533.34,527.4,583.14,-1,cvat_interp
17,5,5,2,1.0,449.66,484.57,473.55,533.02,-1,cvat_interp
17,6,6,2,1.0,507.04,435.79,525.89,475.19,-1,cvat_interp
17,7,7,2,1.0,752.81,430.68,771.5,467.8,-1,cvat_interp
17,8,8,2,1.0,763.33,523.81,792.18,576.37,-1,cvat_interp
17,9,9,2,1.0,601.97,516.0,627.3,572.74,-1,cvat_interp
17,10,10,2,1.0,949.7,473.69,964.1,520.82,-1,cvat_interp
17,11,11,2,1.0,1140.9,482.32,1160.99,527.39,-1,cvat_interp
17,12,12,2,1.0,1181.13,453.27,1199.06,497.07,-1,cvat_interp
17,13,13,2,1.0,1156.09,550.82,1174.32,608.19,-1,cvat_interp
17,14,14,2,1.0,1265.74,525.05,1285.2,579.34,-1,cvat_interp
17,15,15,2,1.0,1335.31,569.12,1355.49,630.07,-1,cvat_interp
17,16,16,2,1.0,1805.84,552.11,1830.19,610.37,-1,cvat_interp
17,17,17,2,1.0,1296.36,515.48,1319.41,570.29,-1,cvat_interp
17,18,18,2,1.0,1313.85,419.9,1328.72,456.42,-1,cvat_interp
17,19,19,2,1.0,883.61,919.32,933.54,1025.01,-1,cvat_interp
17,20,20,3,1.0,338.46,420.45,358.76,456.98,-1,cvat_interp
17,21,21,3,1.0,741.1,572.74,765.79,633.96,-1,cvat_interp
17,22,22,1,1.0,1651.99,479.67,1674.63,529.07,-1,cvat_interp
17,24,24,0,1.0,1591.42,516.93,1599.63,524.63,-1,cvat_interp
18,0,0,2,1.0,448.68,717.24,483.4,799.14,-1,cvat_interp
18,1,1,2,1.0,643.88,615.61,674.99,679.04,-1,cvat_interp
18,2,2,2,1.0,589.9,592.41,621.78,654.31,-1,cvat_interp
18,3,3,2,1.0,358.55,572.29,386.03,635.43,-1,cvat_interp
18,4,4,2,1.0,498.49,533.27,526.06,583.07,-1,cvat_interp
18,5,5,2,1.0,449.18,484.57,474.9,533.08,-1,cvat_interp
18,6,6,2,1.0,506.97,436.29,526.37,475.17,-1,cvat_interp
18,7,7,2,1.0,752.81,431.0,771.5,467.8,-1,cvat_interp
18,8,8,2,1.0,762.17,523.62,791.01,576.17,-1,cvat_interp
18,9,9,2,1.0,600.75,515.68,625.76,572.43,-1,cvat_interp
18,10,10,2,1.0,950.22,473.77,964.62,520.89,-1,cvat_interp
18,11,11,2,1.0,1141.6,482.42,1161.69,527.5,-1,cvat_interp
18,12,12,2,1.0,1180.17,453.28,1198.09,497.08,-1,cvat_interp
18,13,13,2,1.0,1155.57,550.82,1174.84,608.19,-1,cvat_interp
18,14,14,2,1.0,1264.99,524.96,1284.45,579.25,-1,cvat_interp
18,15,15,2,1.0,1335.43,569.6,1355.61,630.56,-1,cvat_interp
18,16,16,2,1.0,1804.62,552.21,1829.15,610.6,-1,cvat_interp
18,17,17,2,1.0,1295.96,515.65,1319.01,570.46,-1,cvat_interp
18,18,18,2,1.0,1313.56,419.9,1328.64,456.42,-1,cvat_interp
18,19,19,2,1.0,883.54,918.73,929.68,1025.02,-1,cvat_interp
18,20,20,3,1.0,340.17,420.56,360.47,457.09,-1,cvat_interp
18,21,21,3,1.0,740.74,572.74,766.83,633.71,-1,cvat_interp
18,22,22,1,1.0,1649.63,479.59,1672.87,528.99,-1,cvat_interp
18,24,24,0,1.0,1591.03,517.12,1599.24,524.82,-1,cvat_interp
19,0,0,2,1.0,448.33,717.15,483.3,799.05,-1,cvat_interp
19,1,1,2,1.0,641.55,615.39,672.32,678.68,-1,cvat_interp
19,2,2,2,1.0,588.09,592.43,619.89,654.33,-1,cvat_interp
19,3,3,2,1.0,358.38,571.91,386.67,634.81,-1,cvat_interp
19,4,4,2,1.0,497.7,533.2,524.72,583.0,-1,cvat_interp
19,5,5,2,1.0,448.69,484.57,476.25,533.14,-1,cvat_interp
19,6,6,2,1.0,506.9,436.79,526.85,475.15,-1,cvat_interp
19,7,7,2,1.0,752.81,431.33,771.5,467.8,-1,cvat_interp
19,8,8,2,1.0,761.0,523.42,789.85,575.98,-1,cvat_interp
19,9,9,2,1.0,599.52,515.37,624.22,572.12,-1,cvat_interp
19,10,10,2,1.0,950.74,473.84,965.14,520.96,-1,cvat_interp
19,11,11,2,1.0,1142.3,482.53,1162.39,527.61,-1,cvat_interp
19,12,12,2,1.0,1179.2,453.29,1197.13,497.09,-1,cvat_interp
19,13,13,2,1.0,1155.06,550.82,1175.35,608.19,-1,cvat_interp
19,14,14,2,1.0,1264.23,524.87,1283.7,579.16,-1,cvat_interp
19,15,15,2,1.0,1335.56,570.09,1355.74,631.04,-1,cvat_interp
19,16,16,2,1.0,1803.4,552.3,1828.11,610.82,-1,cvat_interp
19,17,17,2,1.0,1295.55,515.83,1318.6,570.63,-1,cvat_interp
19,18,18,2,1.0,1313.27,419.9,1328.56,456.42,-1,cvat_interp
19,19,19,2,1.0,883.48,918.14,925.82,1025.03,-1,cvat_interp
19,20,20,3,1.0,341.88,420.68,362.18,457.21,-1,cvat_interp
19,21,21,3,1.0,740.38,572.74,767.86,633.45,-1,cvat_interp
19,22,22,1,1.0,1647.27,479.52,1671.12,528.91,-1,cvat_interp
19,24,24,0,1.0,1590.65,517.32,1598.86,525.02,-1,cvat_interp
20,0,0,2,1.0,447.97,717.05,483.2,798.95,-1,cvat_keyframe
20,1,1,2,1.0,639.22,615.18,669.64,678.32,-1,cvat_interp
20,2,2,2,1.0,586.28,592.44,618.0,654.34,-1,cvat_keyframe
20,3,3,2,1.0,358.2,571.52,387.3,634.18,-1,cvat_keyframe
20,4,4,2,1.0,496.92,533.13,523.38,582.93,-1,cvat_interp
20,5,5,2,1.0,448.2,484.57,477.6,533.2,-1,cvat_keyframe
20,6,6,2,1.0,506.83,437.29,527.34,475.14,-1,cvat_interp
20,7,7,2,1.0,752.81,431.65,771.5,467.8,-1,cvat_interp
20,8,8,2,1.0,759.84,523.22,788.68,575.78,-1,cvat_interp
20,9,9,2,1.0,598.3,515.06,622.68,571.8,-1,cvat_interp
20,10,10,2,1.0,951.26,473.91,965.66,521.03,-1,cvat_interp
20,11,11,2,1.0,1143.0,482.64,1163.09,527.71,-1,cvat_interp
20,12,12,2,1.0,1178.24,453.31,1196.17,497.11,-1,cvat_interp
20,13,13,2,1.0,1154.54,550.82,1175.87,608.19,-1,cvat_interp
20,14,14,2,1.0,1263.48,524.78,1282.95,579.07,-1,cvat_interp
20,15,15,2,1.0,1335.68,570.57,1355.86,631.52,-1,cvat_interp
20,16,16,2,1.0,1802.18,552.4,1827.08,611.05,-1,cvat_interp
20,17,17,2,1.0,1295.15,516.0,1318.2,570.81,-1,cvat_interp
20,18,18,2,1.0,1312.98,419.9,1328.48,456.42,-1,cvat_interp
20,19,19,2,1.0,883.42,917.54,921.96,1025.05,-1,cvat_keyframe
20,20,20,3,1.0,343.59,420.8,363.89,457.33,-1,cvat_interp
20,21,21,3,1.0,740.02,572.74,768.9,633.2,-1,cvat_keyframe
20,22,22,1,1.0,1644.92,479.44,1669.37,528.84,-1,cvat_interp
20,24,24,0,1.0,1590.26,517.51,1598.47,525.21,-1,cvat_keyframe
21,0,0,2,1.0,447.62,716.96,478.6,798.85,-1,cvat_interp
21,1,1,2,1.0,636.89,614.96,666.97,677.96,-1,cvat_interp
21,2,2,2,1.0,584.47,592.46,614.15,654.36,-1,cvat_interp
21,3,3,2,1.0,358.03,571.14,386.48,633.55,-1,cvat_interp
21,4,4,2,1.0,496.13,533.05,522.04,582.85,-1,cvat_interp
21,5,5,2,1.0,450.15,484.57,477.6,532.96,-1,cvat_interp
21,6,6,2,1.0,506.76,437.79,527.82,475.12,-1,cvat_interp
21,7,7,2,1.0,752.81,431.98,771.5,467.8,-1,cvat_interp
21,8,8,2,1.0,758.67,523.03,787.52,575.58,-1,cvat_interp
21,9,9,2,1.0,597.08,514.75,621.14,571.49,-1,cvat_interp
21,10,10,2,1.0,951.78,473.98,966.18,521.1,-1,cvat_interp
21,11,11,2,1.0,1143.7,482.75,1163.79,527.82,-1,cvat_interp
21,12,12,2,1.0,1177.28,453.32,1195.2,497.12,-1,cvat_interp
21,13,13,2,1.0,1154.02,550.82,1176.38,608.19,-1,cvat_interp
21,14,14,2,1.0,1262.73,524.69,1282.19,578.98,-1,cvat_interp
21,15,15,2,1.0,1335.81,571.06,1355.99,632.01,-1,cvat_interp
21,16,16,2,1.0,1800.96,552.5,1826.04,611.27,-1,cvat_interp
21,17,17,2,1.0,1294.75,516.18,1317.8,570.98,-1,cvat_interp
21,18,18,2,1.0,1312.69,419.9,1328.4,456.42,-1,cvat_interp
21,19,19,2,1.0,880.62,918.31,916.98,1025.82,-1,cvat_interp
21,20,20,3,1.0,345.31,420.91,365.61,457.44,-1,cvat_interp
21,21,21,3,1.0,739.66,572.74,767.35,633.25,-1,cvat_interp
21,22,22,1,1.0,1642.56,479.36,1667.62,528.76,-1,cvat_interp
21,24,24,0,1.0,1589.58,517.58,1597.79,525.28,-1,cvat_interp
22,0,0,2,1.0,447.27,716.86,474.0,798.76,-1,cvat_keyframe
22,1,1,2,1.0,634.56,614.75,664.3,677.6,-1,cvat_keyframe
22,2,2,2,1.0,582.66,592.48,610.3,654.38,-1,cvat_keyframe
22,3,3,2,1.0,357.85,570.75,385.66,632.92,-1,cvat_interp
22,4,4,2,1.0,495.34,532.98,520.7,582.78,-1,cvat_keyframe
22,5,5,2,1.0,452.1,484.57,477.6,532.72,-1,cvat_keyframe
22,6,6,2,1.0,506.68,438.3,528.3,475.1,-1,cvat_keyframe
22,7,7,2,1.0,752.81,432.3,771.5,467.8,-1,cvat_keyframe
22,8,8,2,1.0,757.51,522.83,786.35,575.39,-1,cvat_keyframe
22,9,9,2,1.0,595.85,514.44,619.6,571.18,-1,cvat_keyframe
22,10,10,2,1.0,952.3,474.05,966.7,521.17,-1,cvat_keyframe
22,11,11,2,1.0,1144.4,482.85,1164.49,527.93,-1,cvat_keyframe
22,12,12,2,1.0,1176.31,453.33,1194.24,497.13,-1,cvat_keyframe
22,13,13,2,1.0,1153.5,550.82,1176.9,608.19,-1,cvat_keyframe
22,14,14,2,1.0,1261.98,524.6,1281.44,578.89,-1,cvat_keyframe
22,15,15,2,1.0,1335.93,571.54,1356.12,632.49,-1,cvat_keyframe
22,16,16,2,1.0,1799.74,552.59,1825.0,611.5,-1,cvat_keyframe
22,17,17,2,1.0,1294.35,516.35,1317.4,571.16,-1,cvat_keyframe
22,18,18,2,1.0,1312.4,419.9,1328.32,456.42,-1,cvat_keyframe
22,19,19,2,1.0,877.82,919.08,912.0,1026.59,-1,cvat_keyframe
22,20,20,3,1.0,347.02,421.03,367.32,457.56,-1,cvat_keyframe
22,21,21,3,1.0,739.3,572.74,765.8,633.3,-1,cvat_keyframe
22,22,22,1,1.0,1640.2,479.28,1665.87,528.68,-1,cvat_keyframe
22,24,24,0,1.0,1588.9,517.65,1597.11,525.35,-1,cvat_interp
23,0,0,2,1.0,445.46,716.86,473.84,798.76,-1,cvat_interp
23,1,1,2,1.0,632.2,614.67,661.94,677.52,-1,cvat_interp
23,2,2,2,1.0,580.46,592.56,608.8,654.46,-1,cvat_interp
23,3,3,2,1.0,357.68,570.37,384.83,632.29,-1,cvat_interp
23,4,4,2,1.0,493.61,532.98,518.97,582.78,-1,cvat_interp
23,5,5,2,1.0,452.1,484.57,476.69,532.72,-1,cvat_interp
23,6,6,2,1.0,506.19,438.22,527.28,475.02,-1,cvat_interp
23,7,7,2,1.0,751.83,432.35,770.53,467.85,-1,cvat_interp
23,8,8,2,1.0,756.89,522.22,784.52,574.78,-1,cvat_interp
23,9,9,2,1.0,594.58,514.44,618.33,571.18,-1,cvat_interp
23,10,10,2,1.0,951.75,474.05,966.66,521.17,-1,cvat_interp
23,11,11,2,1.0,1144.6,482.87,1164.57,527.94,-1,cvat_interp
23,12,12,2,1.0,1176.01,453.33,1193.52,497.13,-1,cvat_interp
23,13,13,2,1.0,1152.97,550.66,1176.66,608.03,-1,cvat_interp
23,14,14,2,1.0,1261.27,524.4,1280.73,578.69,-1,cvat_interp
23,15,15,2,1.0,1335.09,572.0,1356.15,632.95,-1,cvat_interp
23,16,16,2,1.0,1798.44,552.42,1823.7,611.13,-1,cvat_interp
23,17,17,2,1.0,1293.14,516.08,1316.18,570.25,-1,cvat_interp
23,18,18,2,1.0,1312.1,420.26,1328.02,456.78,-1,cvat_interp
23,19,19,2,1.0,874.43,919.08,911.61,1026.59,-1,cvat_interp
23,20,20,3,1.0,348.12,421.1,368.42,457.63,-1,cvat_interp
23,21,21,3,1.0,738.94,572.74,764.84,633.3,-1,cvat_interp
23,22,22,1,1.0,1638.9,479.61,1664.0,528.65,-1,cvat_interp
23,24,24,0,1.0,1588.22,517.71,1596.43,525.41,-1,cvat_interp
24,0,0,2,1.0,443.65,716.86,473.69,798.76,-1,cvat_interp
24,1,1,2,1.0,629.84,614.59,659.58,677.44,-1,cvat_interp
24,2,2,2,1.0,578.25,592.64,607.3,654.54,-1,cvat_interp
24,3,3,2,1.0,357.5,569.98,384.01,631.67,-1,cvat_interp
24,4,4,2,1.0,491.88,532.98,517.24,582.78,-1,cvat_interp
24,5,5,2,1.0,452.1,484.57,475.78,532.72,-1,cvat_interp
24,6,6,2,1.0,505.7,438.14,526.25,474.95,-1,cvat_interp
24,7,7,2,1.0,750.86,432.4,769.55,467.9,-1,cvat_interp
24,8,8,2,1.0,756.28,521.61,782.69,574.17,-1,cvat_interp
24,9,9,2,1.0,593.31,514.44,617.06,571.18,-1,cvat_interp
24,10,10,2,1.0,951.21,474.05,966.62,521.17,-1,cvat_interp
24,11,11,2,1.0,1144.8,482.88,1164.65,527.95,-1,cvat_interp
24,12,12,2,1.0,1175.7,453.33,1192.8,497.13,-1,cvat_interp
24,13,13,2,1.0,1152.45,550.5,1176.42,607.87,-1,cvat_interp
24,14,14,2,1.0,1260.55,524.19,1280.02,578.49,-1,cvat_interp
24,15,15,2,1.0,1334.25,572.45,1356.19,633.41,-1,cvat_interp
24,16,16,2,1.0,1797.14,552.25,1822.4,610.76,-1,cvat_interp
24,17,17,2,1.0,1291.92,515.81,1314.97,569.34,-1,cvat_interp
24,18,18,2,1.0,1311.79,420.61,1327.71,457.14,-1,cvat_interp
24,19,19,2,1.0,871.04,919.08,911.21,1026.59,-1,cvat_interp
24,20,20,3,1.0,349.22,421.18,369.52,457.71,-1,cvat_interp
24,21,21,3,1.0,738.59,572.74,763.88,633.3,-1,cvat_interp
24,22,22,1,1.0,1637.61,479.94,1662.13,528.62,-1,cvat_interp
24,24,24,0,1.0,1587.54,517.78,1595.75,525.48,-1,cvat_interp
25,0,0,2,1.0,441.84,716.86,473.53,798.76,-1,cvat_interp
25,1,1,2,1.0,627.48,614.51,657.22,677.36,-1,cvat_interp
25,2,2,2,1.0,576.05,592.72,605.8,654.62,-1,cvat_interp
25,3,3,2,1.0,357.33,569.6,383.19,631.04,-1,cvat_interp
25,4,4,2,1.0,490.14,532.98,515.51,582.78,-1,cvat_interp
25,5,5,2,1.0,452.1,484.57,474.86,532.72,-1,cvat_interp
25,6,6,2,1.0,505.2,438.07,525.23,474.87,-1,cvat_interp
25,7,7,2,1.0,749.89,432.45,768.58,467.95,-1,cvat_interp
25,8,8,2,1.0,755.67,521.0,780.86,573.56,-1,cvat_interp
25,9,9,2,1.0,592.04,514.44,615.79,571.18,-1,cvat_interp
25,10,10,2,1.0,950.66,474.05,966.59,521.17,-1,cvat_interp
25,11,11,2,1.0,1145.01,482.89,1164.73,527.96,-1,cvat_interp
25,12,12,2,1.0,1175.4,453.33,1192.09,497.13,-1,cvat_interp
25,13,13,2,1.0,1151.92,550.34,1176.19,607.71,-1,cvat_interp
25,14,14,2,1.0,1259.84,523.99,1279.31,578.28,-1,cvat_interp
25,15,15,2,1.0,1333.4,572.91,1356.22,633.86,-1,cvat_interp
25,16,16,2,1.0,1795.85,552.07,1821.1,610.4,-1,cvat_interp
25,17,17,2,1.0,1290.71,515.54,1313.76,568.44,-1,cvat_interp
25,18,18,2,1.0,1311.49,420.97,1327.41,457.49,-1,cvat_interp
25,19,19,2,1.0,867.65,919.08,910.82,1026.59,-1,cvat_interp
25,20,20,3,1.0,350.32,421.26,370.62,457.79,-1,cvat_interp
25,21,21,3,1.0,738.23,572.74,762.91,633.3,-1,cvat_interp
25,22,22,1,1.0,1636.31,480.26,1660.26,528.59,-1,cvat_interp
25,24,24,0,1.0,1586.86,517.85,1595.07,525.55,-1,cvat_interp
26,0,0,2,1.0,440.03,716.86,473.37,798.76,-1,cvat_interp
26,1,1,2,1.0,625.12,614.43,654.86,677.29,-1,cvat_interp
26,2,2,2,1.0,573.85,592.79,604.3,654.69,-1,cvat_interp
26,3,3,2,1.0,357.15,569.21,382.37,630.41,-1,cvat_interp
26,4,4,2,1.0,488.41,532.98,513.77,582.78,-1,cvat_interp
26,5,5,2,1.0,452.1,484.57,473.95,532.72,-1,cvat_interp
26,6,6,2,1.0,504.71,437.99,524.2,474.8,-1,cvat_interp
26,7,7,2,1.0,748.91,432.5,767.6,468.0,-1,cvat_interp
26,8,8,2,1.0,755.05,520.39,779.03,572.95,-1,cvat_interp
26,9,9,2,1.0,590.77,514.44,614.52,571.18,-1,cvat_interp
26,10,10,2,1.0,950.12,474.05,966.55,521.17,-1,cvat_interp
26,11,11,2,1.0,1145.21,482.9,1164.81,527.98,-1,cvat_interp
26,12,12,2,1.0,1175.09,453.33,1191.37,497.13,-1,cvat_interp
26,13,13,2,1.0,1151.4,550.18,1175.95,607.54,-1,cvat_interp
26,14,14,2,1.0,1259.13,523.79,1278.6,578.08,-1,cvat_interp
26,15,15,2,1.0,1332.56,573.37,1356.26,634.32,-1,cvat_interp
26,16,16,2,1.0,1794.55,551.9,1819.81,610.03,-1,cvat_interp
26,17,17,2,1.0,1289.49,515.28,1312.54,567.53,-1,cvat_interp
26,18,18,2,1.0,1311.18,421.32,1327.1,457.85,-1,cvat_interp
26,19,19,2,1.0,864.26,919.08,910.43,1026.59,-1,cvat_interp
26,20,20,3,1.0,351.43,421.34,371.73,457.87,-1,cvat_interp
26,21,21,3,1.0,737.88,572.74,761.95,633.3,-1,cvat_interp
26,22,22,1,1.0,1635.01,480.59,1658.39,528.55,-1,cvat_interp
26,24,24,0,1.0,1586.18,517.92,1594.39,525.62,-1,cvat_interp
27,0,0,2,1.0,438.23,716.86,473.21,798.76,-1,cvat_interp
27,1,1,2,1.0,622.76,614.36,652.5,677.21,-1,cvat_interp
27,2,2,2,1.0,571.64,592.87,602.8,654.77,-1,cvat_interp
27,3,3,2,1.0,356.98,568.83,381.55,629.78,-1,cvat_interp
27,4,4,2,1.0,486.68,532.98,512.04,582.78,-1,cvat_interp
27,5,5,2,1.0,452.1,484.57,473.04,532.72,-1,cvat_interp
27,6,6,2,1.0,504.22,437.92,523.18,474.72,-1,cvat_interp
27,7,7,2,1.0,747.94,432.55,766.63,468.05,-1,cvat_interp
27,8,8,2,1.0,754.44,519.78,777.19,572.34,-1,cvat_interp
27,9,9,2,1.0,589.5,514.44,613.25,571.18,-1,cvat_interp
27,10,10,2,1.0,949.58,474.05,966.51,521.17,-1,cvat_interp
27,11,11,2,1.0,1145.41,482.91,1164.89,527.99,-1,cvat_interp
27,12,12,2,1.0,1174.79,453.33,1190.65,497.13,-1,cvat_interp
27,13,13,2,1.0,1150.87,550.01,1175.71,607.38,-1,cvat_interp
27,14,14,2,1.0,1258.42,523.58,1277.88,577.88,-1,cvat_interp
27,15,15,2,1.0,1331.72,573.82,1356.29,634.78,-1,cvat_interp
27,16,16,2,1.0,1793.25,551.72,1818.51,609.66,-1,cvat_interp
27,17,17,2,1.0,1288.28,515.01,1311.33,566.62,-1,cvat_interp
27,18,18,2,1.0,1310.88,421.68,1326.8,458.2,-1,cvat_interp
27,19,19,2,1.0,860.87,919.08,910.03,1026.6,-1,cvat_interp
27,20,20,3,1.0,352.53,421.42,372.83,457.95,-1,cvat_interp
27,21,21,3,1.0,737.52,572.74,760.99,633.3,-1,cvat_interp
27,22,22,1,1.0,1633.71,480.92,1656.52,528.52,-1,cvat_interp
27,24,24,0,1.0,1585.5,517.99,1593.71,525.69,-1,cvat_interp
28,0,0,2,1.0,436.42,716.86,473.06,798.76,-1,cvat_interp
28,1,1,2,1.0,620.4,614.28,650.14,677.13,-1,cvat_interp
28,2,2,2,1.0,569.44,592.95,601.3,654.85,-1,cvat_interp
28,3,3,2,1.0,356.8,568.44,380.73,629.16,-1,cvat_interp
28,4,4,2,1.0,484.95,532.98,510.31,582.78,-1,cvat_interp
28,5,5,2,1.0,452.1,484.57,472.13,532.72,-1,cvat_interp
28,6,6,2,1.0,503.72,437.84,522.15,474.64,-1,cvat_interp
28,7,7,2,1.0,746.96,432.6,765.66,468.1,-1,cvat_interp
28,8,8,2,1.0,753.83,519.17,775.36,571.73,-1,cvat_interp
28,9,9,2,1.0,588.23,514.44,611.98,571.18,-1,cvat_interp
28,10,10,2,1.0,949.03,474.05,966.47,521.17,-1,cvat_interp
28,11,11,2,1.0,1145.62,482.92,1164.98,528.0,-1,cvat_interp
28,12,12,2,1.0,1174.48,453.33,1189.93,497.13,-1,cvat_interp
28,13,13,2,1.0,1150.34,549.85,1175.47,607.22,-1,cvat_interp
28,14,14,2,1.0,1257.71,523.38,1277.17,577.67,-1,cvat_interp
28,15,15,2,1.0,1330.88,574.28,1356.33,635.23,-1,cvat_interp
28,16,16,2,1.0,1791.95,551.55,1817.21,609.29,-1,cvat_interp
28,17,17,2,1.0,1287.06,514.74,1310.11,565.71,-1,cvat_interp
28,18,18,2,1.0,1310.57,422.03,1326.49,458.56,-1,cvat_interp
28,19,19,2,1.0,857.48,919.08,909.64,1026.6,-1,cvat_interp
28,20,20,3,1.0,353.63,421.5,373.93,458.03,-1,cvat_interp
28,21,21,3,1.0,737.17,572.74,760.03,633.3,-1,cvat_interp
28,22,22,1,1.0,1632.42,481.25,1654.64,528.49,-1,cvat_interp
28,24,24,0,1.0,1584.82,518.05,1593.03,525.75,-1,cvat_interp
29,0,0,2,1.0,434.61,716.86,472.9,798.76,-1,cvat_interp
29,1,1,2,1.0,618.04,614.2,647.77,677.05,-1,cvat_interp
29,2,2,2,1.0,567.24,593.03,599.8,654.93,-1,cvat_interp
29,3,3,2,1.0,356.63,568.06,379.9,628.53,-1,cvat_interp
29,4,4,2,1.0,483.22,532.98,508.58,582.78,-1,cvat_interp
29,5,5,2,1.0,452.1,484.57,471.21,532.72,-1,cvat_interp
29,6,6,2,1.0,503.23,437.76,521.13,474.57,-1,cvat_interp
29,7,7,2,1.0,745.99,432.65,764.68,468.15,-1,cvat_interp
29,8,8,2,1.0,753.21,518.56,773.53,571.12,-1,cvat_interp
29,9,9,2,1.0,586.96,514.44,610.71,571.18,-1,cvat_interp
29,10,10,2,1.0,948.49,474.05,966.44,521.17,-1,cvat_interp
29,11,11,2,1.0,1145.82,482.94,1165.06,528.01,-1,cvat_interp
29,12,12,2,1.0,1174.18,453.33,1189.22,497.13,-1,cvat_interp
29,13,13,2,1.0,1149.82,549.69,1175.24,607.06,-1,cvat_interp
29,14,14,2,1.0,1257.0,523.18,1276.46,577.47,-1,cvat_interp
29,15,15,2,1.0,1330.03,574.74,1356.36,635.69,-1,cvat_interp
29,16,16,2,1.0,1790.65,551.37,1815.91,608.93,-1,cvat_interp
29,17,17,2,1.0,1285.85,514.47,1308.9,564.81,-1,cvat_interp
29,18,18,2,1.0,1310.27,422.39,1326.19,458.91,-1,cvat_interp
29,19,19,2,1.0,854.09,919.08,909.25,1026.6,-1,cvat_interp
29,20,20,3,1.0,354.73,421.58,375.03,458.11,-1,cvat_interp
29,21,21,3,1.0,736.81,572.74,759.06,633.3,-1,cvat_interp
29,22,22,1,1.0,1631.12,481.57,1652.77,528.46,-1,cvat_interp
29,24,24,0,1.0,1584.14,518.12,1592.35,525.82,-1,cvat_interp
30,0,0,2,1.0,432.8,716.86,472.74,798.76,-1,cvat_keyframe
30,1,1,2,1.0,615.68,614.12,645.41,676.97,-1,cvat_keyframe
30,2,2,2,1.0,565.03,593.11,598.3,655.01,-1,cvat_keyframe
30,3,3,2,1.0,356.45,567.67,379.08,627.9,-1,cvat_keyframe
30,4,4,2,1.0,481.49,532.98,506.85,582.78,-1,cvat_keyframe
30,5,5,2,1.0,452.1,484.57,470.3,532.72,-1,cvat_keyframe
30,6,6,2,1.0,502.74,437.69,520.1,474.49,-1,cvat_keyframe
30,7,7,2,1.0,745.01,432.7,763.71,468.2,-1,cvat_interp
30,8,8,2,1.0,752.6,517.95,771.7,570.51,-1,cvat_keyframe
30,9,9,2,1.0,585.69,514.44,609.44,571.18,-1,cvat_keyframe
30,10,10,2,1.0,947.94,474.05,966.4,521.17,-1,cvat_keyframe
30,11,11,2,1.0,1146.02,482.95,1165.14,528.02,-1,cvat_keyframe
30,12,12,2,1.0,1173.87,453.33,1188.5,497.13,-1,cvat_keyframe
30,13,13,2,1.0,1149.29,549.53,1175.0,606.9,-1,cvat_keyframe
30,14,14,2,1.0,1256.29,522.97,1275.75,577.27,-1,cvat_keyframe
30,15,15,2,1.0,1329.19,575.2,1356.4,636.15,-1,cvat_keyframe
30,16,16,2,1.0,1789.35,551.2,1814.61,608.56,-1,cvat_keyframe
30,17,17,2,1.0,1284.63,514.2,1307.68,563.9,-1,cvat_keyframe
30,18,18,2,1.0,1309.96,422.75,1325.88,459.27,-1,cvat_keyframe
30,19,19,2,1.0,850.7,919.08,908.85,1026.6,-1,cvat_keyframe
30,20,20,3,1.0,355.83,421.66,376.13,458.19,-1,cvat_keyframe
30,21,21,3,1.0,736.46,572.74,758.1,633.3,-1,cvat_keyframe
30,22,22,1,1.0,1629.82,481.9,1650.9,528.43,-1,cvat_keyframe
30,24,24,0,1.0,1583.46,518.19,1591.67,525.89,-1,cvat_keyframe
31,0,0,2,1.0,430.62,716.8,470.13,798.49,-1,cvat_interp
31,1,1,2,1.0,611.82,613.9,641.55,676.75,-1,cvat_interp
31,2,2,2,1.0,561.17,592.62,595.14,654.52,-1,cvat_interp
31,3,3,2,1.0,355.26,567.4,377.89,627.63,-1,cvat_interp
31,4,4,2,1.0,479.64,532.93,504.4,582.73,-1,cvat_interp
31,5,5,2,1.0,450.87,484.67,469.84,532.82,-1,cvat_interp
31,6,6,2,1.0,501.26,437.9,518.94,474.7,-1,cvat_interp
31,7,7,2,1.0,744.04,432.75,762.73,468.25,-1,cvat_interp
31,8,8,2,1.0,749.99,518.34,770.23,570.94,-1,cvat_interp
31,9,9,2,1.0,583.3,514.0,607.54,570.75,-1,cvat_interp
31,10,10,2,1.0,947.4,474.05,965.45,521.17,-1,cvat_interp
31,11,11,2,1.0,1145.66,482.92,1164.65,528.0,-1,cvat_interp
31,12,12,2,1.0,1172.26,453.15,1186.89,496.95,-1,cvat_interp
31,13,13,2,1.0,1148.77,549.37,1174.24,606.73,-1,cvat_interp
31,14,14,2,1.0,1254.47,522.83,1273.93,577.12,-1,cvat_interp
31,15,15,2,1.0,1327.65,575.12,1354.95,636.08,-1,cvat_interp
31,16,16,2,1.0,1787.82,550.91,1813.08,608.27,-1,cvat_interp
31,17,17,2,1.0,1283.38,513.82,1306.43,563.52,-1,cvat_interp
31,18,18,2,1.0,1309.12,422.61,1325.04,459.13,-1,cvat_interp
31,19,19,2,1.0,849.59,918.8,905.47,1026.32,-1,cvat_interp
31,20,20,3,1.0,355.24,421.66,375.36,457.98,-1,cvat_interp
31,21,21,3,1.0,734.82,572.9,756.69,633.46,-1,cvat_interp
31,22,22,1,1.0,1627.46,481.75,1648.53,528.28,-1,cvat_interp
31,24,24,0,1.0,1581.76,518.06,1589.97,525.76,-1,cvat_keyframe
32,0,0,2,1.0,428.44,716.75,467.52,798.21,-1,cvat_interp
32,1,1,2,1.0,607.95,613.68,637.69,676.54,-1,cvat_interp
32,2,2,2,1.0,557.31,592.13,591.98,654.03,-1,cvat_interp
32,3,3,2,1.0,354.06,567.13,376.69,627.36,-1,cvat_interp
32,4,4,2,1.0,477.79,532.87,501.96,582.67,-1,cvat_interp
32,5,5,2,1.0,449.64,484.78,469.38,532.93,-1,cvat_interp
32,6,6,2,1.0,499.79,438.11,517.78,474.91,-1,cvat_interp
32,7,7,2,1.0,743.07,432.8,761.76,468.3,-1,cvat_interp
32,8,8,2,1.0,747.38,518.72,768.76,571.38,-1,cvat_interp
32,9,9,2,1.0,580.91,513.57,605.63,570.31,-1,cvat_interp
32,10,10,2,1.0,946.86,474.05,964.5,521.17,-1,cvat_interp
32,11,11,2,1.0,1145.29,482.9,1164.16,527.97,-1,cvat_interp
32,12,12,2,1.0,1170.65,452.96,1185.28,496.76,-1,cvat_interp
32,13,13,2,1.0,1148.24,549.21,1173.49,606.57,-1,cvat_interp
32,14,14,2,1.0,1252.64,522.68,1272.11,576.98,-1,cvat_interp
32,15,15,2,1.0,1326.11,575.05,1353.51,636.0,-1,cvat_interp
32,16,16,2,1.0,1786.29,550.62,1811.55,607.98,-1,cvat_interp
32,17,17,2,1.0,1282.13,513.44,1305.18,563.14,-1,cvat_interp
32,18,18,2,1.0,1308.28,422.47,1324.2,458.99,-1,cvat_interp
32,19,19,2,1.0,848.48,918.52,902.09,1026.03,-1,cvat_interp
32,20,20,3,1.0,354.64,421.66,374.59,457.77,-1,cvat_interp
32,21,21,3,1.0,733.18,573.06,755.27,633.63,-1,cvat_interp
32,22,22,1,1.0,1625.09,481.6,1646.16,528.12,-1,cvat_interp
32,24,24,0,1.0,1580.52,517.9,1588.74,525.6,-1,cvat_interp
33,0,0,2,1.0,426.26,716.69,464.91,797.94,-1,cvat_interp
33,1,1,2,1.0,604.09,613.47,633.83,676.32,-1,cvat_interp
33,2,2,2,1.0,553.44,591.64,588.82,653.54,-1,cvat_interp
33,3,3,2,1.0,352.86,566.86,375.49,627.08,-1,cvat_interp
33,4,4,2,1.0,475.94,532.82,499.51,582.62,-1,cvat_interp
33,5,5,2,1.0,448.41,484.88,468.92,533.03,-1,cvat_interp
33,6,6,2,1.0,498.32,438.32,516.62,475.12,-1,cvat_interp
33,7,7,2,1.0,742.09,432.85,760.78,468.35,-1,cvat_interp
33,8,8,2,1.0,744.77,519.11,767.29,571.81,-1,cvat_interp
33,9,9,2,1.0,578.51,513.13,603.73,569.88,-1,cvat_interp
33,10,10,2,1.0,946.31,474.05,963.55,521.17,-1,cvat_interp
33,11,11,2,1.0,1144.92,482.87,1163.68,527.94,-1,cvat_interp
33,12,12,2,1.0,1169.05,452.77,1183.67,496.57,-1,cvat_interp
33,13,13,2,1.0,1147.71,549.04,1172.73,606.41,-1,cvat_interp
33,14,14,2,1.0,1250.82,522.54,1270.29,576.83,-1,cvat_interp
33,15,15,2,1.0,1324.57,574.98,1352.06,635.93,-1,cvat_interp
33,16,16,2,1.0,1784.76,550.33,1810.02,607.68,-1,cvat_interp
33,17,17,2,1.0,1280.88,513.06,1303.93,562.76,-1,cvat_interp
33,18,18,2,1.0,1307.43,422.32,1323.36,458.85,-1,cvat_interp
33,19,19,2,1.0,847.38,918.24,898.7,1025.75,-1,cvat_interp
33,20,20,3,1.0,354.04,421.66,373.81,457.56,-1,cvat_interp
33,21,21,3,1.0,731.55,573.23,753.86,633.79,-1,cvat_interp
33,22,22,1,1.0,1622.72,481.44,1643.8,527.97,-1,cvat_interp
33,24,24,0,1.0,1579.29,517.75,1587.5,525.45,-1,cvat_interp
34,0,0,2,1.0,424.08,716.64,462.29,797.67,-1,cvat_interp
34,1,1,2,1.0,600.23,613.25,629.96,676.1,-1,cvat_interp
34,2,2,2,1.0,549.58,591.15,585.66,653.05,-1,cvat_interp
34,3,3,2,1.0,351.66,566.59,374.29,626.81,-1,cvat_interp
34,4,4,2,1.0,474.09,532.76,497.07,582.56,-1,cvat_interp
34,5,5,2,1.0,447.18,484.99,468.46,533.14,-1,cvat_interp
34,6,6,2,1.0,496.84,438.53,515.46,475.34,-1,cvat_interp
34,7,7,2,1.0,741.12,432.9,759.81,468.4,-1,cvat_interp
34,8,8,2,1.0,742.16,519.49,765.82,572.25,-1,cvat_interp
34,9,9,2,1.0,576.12,512.7,601.82,569.44,-1,cvat_interp
34,10,10,2,1.0,945.77,474.05,962.6,521.17,-1,cvat_interp
34,11,11,2,1.0,1144.56,482.84,1163.19,527.92,-1,cvat_interp
34,12,12,2,1.0,1167.44,452.59,1182.06,496.39,-1,cvat_interp
34,13,13,2,1.0,1147.19,548.88,1171.97,606.25,-1,cvat_interp
34,14,14,2,1.0,1249.0,522.39,1268.47,576.68,-1,cvat_interp
34,15,15,2,1.0,1323.03,574.91,1350.62,635.86,-1,cvat_interp
34,16,16,2,1.0,1783.24,550.03,1808.49,607.39,-1,cvat_interp
34,17,17,2,1.0,1279.63,512.68,1302.68,562.38,-1,cvat_interp
34,18,18,2,1.0,1306.59,422.18,1322.51,458.71,-1,cvat_interp
34,19,19,2,1.0,846.27,917.96,895.32,1025.47,-1,cvat_interp
34,20,20,3,1.0,353.44,421.66,373.04,457.35,-1,cvat_interp
34,21,21,3,1.0,729.91,573.39,752.44,633.95,-1,cvat_interp
34,22,22,1,1.0,1620.35,481.29,1641.43,527.82,-1,cvat_interp
34,24,24,0,1.0,1578.05,517.59,1586.27,525.29,-1,cvat_interp
35,0,0,2,1.0,421.9,716.58,459.68,797.4,-1,cvat_interp
35,1,1,2,1.0,596.36,613.03,626.1,675.88,-1,cvat_interp
35,2,2,2,1.0,545.72,590.66,582.5,652.56,-1,cvat_interp
35,3,3,2,1.0,350.47,566.31,373.1,626.54,-1,cvat_interp
35,4,4,2,1.0,472.24,532.71,494.62,582.51,-1,cvat_interp
35,5,5,2,1.0,445.95,485.1,468.0,533.24,-1,cvat_interp
35,6,6,2,1.0,495.37,438.74,514.3,475.55,-1,cvat_interp
35,7,7,2,1.0,740.14,432.96,758.84,468.46,-1,cvat_interp
35,8,8,2,1.0,739.55,519.88,764.35,572.69,-1,cvat_interp
35,9,9,2,1.0,573.72,512.26,599.92,569.0,-1,cvat_interp
35,10,10,2,1.0,945.22,474.05,961.65,521.17,-1,cvat_interp
35,11,11,2,1.0,1144.19,482.82,1162.7,527.89,-1,cvat_interp
35,12,12,2,1.0,1165.83,452.4,1180.45,496.2,-1,cvat_interp
35,13,13,2,1.0,1146.66,548.72,1171.22,606.09,-1,cvat_interp
35,14,14,2,1.0,1247.18,522.25,1266.65,576.54,-1,cvat_interp
35,15,15,2,1.0,1321.5,574.83,1349.17,635.79,-1,cvat_interp
35,16,16,2,1.0,1781.71,549.74,1806.97,607.1,-1,cvat_interp
35,17,17,2,1.0,1278.38,512.3,1301.43,562.0,-1,cvat_interp
35,18,18,2,1.0,1305.75,422.04,1321.67,458.57,-1,cvat_interp
35,19,19,2,1.0,845.16,917.67,891.94,1025.18,-1,cvat_interp
35,20,20,3,1.0,352.85,421.66,372.27,457.14,-1,cvat_interp
35,21,21,3,1.0,728.28,573.55,751.03,634.12,-1,cvat_interp
35,22,22,1,1.0,1617.98,481.14,1639.06,527.67,-1,cvat_interp
35,24,24,0,1.0,1576.82,517.43,1585.03,525.13,-1,cvat_interp
36,0,0,2,1.0,419.72,716.52,457.07,797.13,-1,cvat_interp
36,1,1,2,1.0,592.5,612.81,622.24,675.67,-1,cvat_interp
36,2,2,2,1.0,541.85,590.17,579.34,652.07,-1,cvat_interp
36,3,3,2,1.0,349.27,566.04,371.9,626.27,-1,cvat_interp
36,4,4,2,1.0,470.39,532.66,492.18,582.46,-1,cvat_interp
36,5,5,2,1.0,444.72,485.2,467.54,533.35,-1,cvat_interp
36,6,6,2,1.0,493.89,438.95,513.14,475.76,-1,cvat_interp
36,7,7,2,1.0,739.17,433.01,757.86,468.51,-1,cvat_interp
36,8,8,2,1.0,736.94,520.26,762.89,573.12,-1,cvat_interp
36,9,9,2,1.0,571.33,511.82,598.02,568.57,-1,cvat_interp
36,10,10,2,1.0,944.68,474.05,960.7,521.17,-1,cvat_interp
36,11,11,2,1.0,1143.83,482.79,1162.22,527.86,-1,cvat_interp
36,12,12,2,1.0,1164.22,452.22,1178.84,496.02,-1,cvat_interp
36,13,13,2,1.0,1146.14,548.56,1170.46,605.93,-1,cvat_interp
36,14,14,2,1.0,1245.36,522.1,1264.82,576.39,-1,cvat_interp
36,15,15,2,1.0,1319.96,574.76,1347.72,635.71,-1,cvat_interp
36,16,16,2,1.0,1780.18,549.45,1805.44,606.81,-1,cvat_interp
36,17,17,2,1.0,1277.13,511.91,1300.18,561.61,-1,cvat_interp
36,18,18,2,1.0,1304.9,421.9,1320.83,458.43,-1,cvat_interp
36,19,19,2,1.0,844.05,917.39,888.56,1024.9,-1,cvat_interp
36,20,20,3,1.0,352.25,421.66,371.49,456.93,-1,cvat_interp
36,21,21,3,1.0,726.64,573.72,749.61,634.28,-1,cvat_interp
36,22,22,1,1.0,1615.61,480.99,1636.69,527.52,-1,cvat_interp
36,24,24,0,1.0,1575.59,517.28,1583.8,524.98,-1,cvat_interp
37,0,0,2,1.0,417.54,716.47,454.46,796.85,-1,cvat_interp
37,1,1,2,1.0,588.64,612.6,618.37,675.45,-1,cvat_interp
37,2,2,2,1.0,537.99,589.68,576.18,651.58,-1,cvat_interp
37,3,3,2,1.0,348.07,565.77,370.7,626.0,-1,cvat_interp
37,4,4,2,1.0,468.54,532.6,489.73,582.4,-1,cvat_interp
37,5,5,2,1.0,443.49,485.31,467.08,533.45,-1,cvat_interp
37,6,6,2,1.0,492.42,439.16,511.99,475.97,-1,cvat_interp
37,7,7,2,1.0,738.2,433.06,756.89,468.56,-1,cvat_interp
37,8,8,2,1.0,734.33,520.65,761.42,573.56,-1,cvat_interp
37,9,9,2,1.0,568.94,511.39,596.11,568.13,-1,cvat_interp
37,10,10,2,1.0,944.14,474.05,959.75,521.17,-1,cvat_interp
37,11,11,2,1.0,1143.46,482.76,1161.73,527.84,-1,cvat_interp
37,12,12,2,1.0,1162.61,452.03,1177.24,495.83,-1,cvat_interp
37,13,13,2,1.0,1145.61,548.4,1169.7,605.76,-1,cvat_interp
37,14,14,2,1.0,1243.54,521.95,1263.0,576.25,-1,cvat_interp
37,15,15,2,1.0,1318.42,574.69,1346.28,635.64,-1,cvat_interp
37,16,16,2,1.0,1778.65,549.16,1803.91,606.52,-1,cvat_interp
37,17,17,2,1.0,1275.88,511.53,1298.92,561.23,-1,cvat_interp
37,18,18,2,1.0,1304.06,421.76,1319.98,458.29,-1,cvat_interp
37,19,19,2,1.0,842.94,917.11,885.17,1024.62,-1,cvat_interp
37,20,20,3,1.0,351.65,421.66,370.72,456.73,-1,cvat_interp
37,21,21,3,1.0,725.01,573.88,748.2,634.44,-1,cvat_interp
37,22,22,1,1.0,1613.25,480.84,1634.32,527.37,-1,cvat_interp
37,24,24,0,1.0,1574.35,517.12,1582.56,524.82,-1,cvat_interp
38,0,0,2,1.0,415.36,716.41,451.85,796.58,-1,cvat_interp
38,1,1,2,1.0,584.77,612.38,614.51,675.23,-1,cvat_interp
38,2,2,2,1.0,534.13,589.19,573.02,651.09,-1,cvat_interp
38,3,3,2,1.0,346.88,565.5,369.51,625.72,-1,cvat_interp
38,4,4,2,1.0,466.69,532.55,487.29,582.35,-1,cvat_interp
38,5,5,2,1.0,442.26,485.41,466.62,533.56,-1,cvat_interp
38,6,6,2,1.0,490.95,439.37,510.83,476.18,-1,cvat_interp
38,7,7,2,1.0,737.22,433.11,755.91,468.61,-1,cvat_interp
38,8,8,2,1.0,731.72,521.03,759.95,573.99,-1,cvat_interp
38,9,9,2,1.0,566.54,510.95,594.21,567.7,-1,cvat_interp
38,10,10,2,1.0,943.59,474.05,958.8,521.17,-1,cvat_interp
38,11,11,2,1.0,1143.1,482.74,1161.24,527.81,-1,cvat_interp
38,12,12,2,1.0,1161.0,451.84,1175.63,495.64,-1,cvat_interp
38,13,13,2,1.0,1145.08,548.23,1168.94,605.6,-1,cvat_interp
38,14,14,2,1.0,1241.72,521.81,1261.18,576.1,-1,cvat_interp
38,15,15,2,1.0,1316.88,574.61,1344.83,635.57,-1,cvat_interp
38,16,16,2,1.0,1777.12,548.87,1802.38,606.23,-1,cvat_interp
38,17,17,2,1.0,1274.62,511.15,1297.67,560.85,-1,cvat_interp
38,18,18,2,1.0,1303.22,421.62,1319.14,458.15,-1,cvat_interp
38,19,19,2,1.0,841.84,916.83,881.79,1024.33,-1,cvat_interp
38,20,20,3,1.0,351.06,421.66,369.95,456.52,-1,cvat_interp
38,21,21,3,1.0,723.37,574.04,746.78,634.61,-1,cvat_interp
38,22,22,1,1.0,1610.88,480.69,1631.96,527.21,-1,cvat_interp
38,24,24,0,1.0,1573.12,516.96,1581.33,524.66,-1,cvat_interp
39,0,0,2,1.0,413.18,716.36,449.24,796.31,-1,cvat_interp
39,1,1,2,1.0,580.91,612.16,610.65,675.01,-1,cvat_interp
39,2,2,2,1.0,530.27,588.7,569.86,650.6,-1,cvat_interp
39,3,3,2,1.0,345.68,565.23,368.31,625.45,-1,cvat_interp
39,4,4,2,1.0,464.84,532.49,484.84,582.29,-1,cvat_interp
39,5,5,2,1.0,441.03,485.52,466.16,533.66,-1,cvat_interp
39,6,6,2,1.0,489.47,439.59,509.67,476.39,-1,cvat_interp
39,7,7,2,1.0,736.25,433.16,754.94,468.66,-1,cvat_interp
39,8,8,2,1.0,729.11,521.42,758.48,574.43,-1,cvat_interp
39,9,9,2,1.0,564.15,510.52,592.3,567.26,-1,cvat_interp
39,10,10,2,1.0,943.05,474.05,957.85,521.17,-1,cvat_interp
39,11,11,2,1.0,1142.73,482.71,1160.75,527.79,-1,cvat_interp
39,12,12,2,1.0,1159.39,451.66,1174.02,495.46,-1,cvat_interp
39,13,13,2,1.0,1144.56,548.07,1168.19,605.44,-1,cvat_interp
39,14,14,2,1.0,1239.9,521.66,1259.36,575.96,-1,cvat_interp
39,15,15,2,1.0,1315.34,574.54,1343.39,635.49,-1,cvat_interp
39,16,16,2,1.0,1775.59,548.58,1800.85,605.94,-1,cvat_interp
39,17,17,2,1.0,1273.37,510.77,1296.42,560.47,-1,cvat_interp
39,18,18,2,1.0,1302.38,421.48,1318.3,458.01,-1,cvat_interp
39,19,19,2,1.0,840.73,916.54,878.41,1024.05,-1,cvat_interp
39,20,20,3,1.0,350.46,421.66,369.17,456.31,-1,cvat_interp
39,21,21,3,1.0,721.74,574.21,745.37,634.77,-1,cvat_interp
39,22,22,1,1.0,1608.51,480.53,1629.59,527.06,-1,cvat_interp
39,24,24,0,1.0,1571.88,516.81,1580.09,524.51,-1,cvat_keyframe
40,0,0,2,1.0,411.0,716.3,446.62,796.04,-1,cvat_keyframe
40,1,1,2,1.0,577.05,611.94,606.78,674.79,-1,cvat_keyframe
40,2,2,2,1.0,526.4,588.21,566.7,650.11,-1,cvat_keyframe
40,3,3,2,1.0,344.48,564.96,367.11,625.18,-1,cvat_keyframe
40,4,4,2,1.0,462.99,532.44,482.4,582.24,-1,cvat_keyframe
40,5,5,2,1.0,439.8,485.62,465.7,533.77,-1,cvat_keyframe
40,6,6,2,1.0,488.0,439.8,508.51,476.6,-1,cvat_keyframe
40,7,7,2,1.0,735.27,433.21,753.97,468.71,-1,cvat_interp
40,8,8,2,1.0,726.5,521.8,757.01,574.86,-1,cvat_keyframe
40,9,9,2,1.0,561.75,510.08,590.4,566.83,-1,cvat_keyframe
40,10,10,2,1.0,942.5,474.05,956.9,521.17,-1,cvat_keyframe
40,11,11,2,1.0,1142.37,482.68,1160.27,527.76,-1,cvat_keyframe
40,12,12,2,1.0,1157.78,451.47,1172.41,495.27,-1,cvat_keyframe
40,13,13,2,1.0,1144.03,547.91,1167.43,605.28,-1,cvat_keyframe
40,14,14,2,1.0,1238.08,521.52,1257.54,575.81,-1,cvat_keyframe
40,15,15,2,1.0,1313.8,574.47,1341.94,635.42,-1,cvat_keyframe
40,16,16,2,1.0,1774.06,548.29,1799.32,605.65,-1,cvat_keyframe
40,17,17,2,1.0,1272.12,510.39,1295.17,560.09,-1,cvat_keyframe
40,18,18,2,1.0,1301.53,421.34,1317.46,457.87,-1,cvat_keyframe
40,19,19,2,1.0,839.62,916.26,875.02,1023.77,-1,cvat_keyframe
40,20,20,3,1.0,349.86,421.66,368.4,456.1,-1,cvat_keyframe
40,21,21,3,1.0,720.1,574.37,743.95,634.93,-1,cvat_keyframe
40,22,22,1,1.0,1606.14,480.38,1627.22,526.91,-1,cvat_keyframe
40,24,24,0,1.0,1570.74,516.68,1578.95,524.38,-1,cvat_interp
41,0,0,2,1.0,404.65,716.3,447.96,796.02,-1,cvat_interp
41,1,1,2,1.0,572.83,611.69,603.01,674.54,-1,cvat_interp
41,2,2,2,1.0,523.48,588.21,561.12,650.11,-1,cvat_interp
41,3,3,2,1.0,342.59,564.3,365.22,624.52,-1,cvat_interp
41,4,4,2,1.0,459.43,532.15,480.07,581.35,-1,cvat_interp
41,5,5,2,1.0,438.2,485.62,463.37,533.77,-1,cvat_interp
41,6,6,2,1.0,486.08,439.8,506.59,476.6,-1,cvat_interp
41,7,7,2,1.0,734.3,433.26,752.99,468.76,-1,cvat_interp
41,8,8,2,1.0,724.46,521.22,753.81,574.28,-1,cvat_interp
41,9,9,2,1.0,559.28,509.65,587.63,566.39,-1,cvat_interp
41,10,10,2,1.0,941.41,474.11,956.14,521.23,-1,cvat_interp
41,11,11,2,1.0,1141.61,482.47,1159.51,527.54,-1,cvat_interp
41,12,12,2,1.0,1156.64,451.2,1171.26,495.0,-1,cvat_interp
41,13,13,2,1.0,1143.22,547.64,1166.62,604.57,-1,cvat_interp
41,14,14,2,1.0,1236.66,521.02,1256.13,574.99,-1,cvat_interp
41,15,15,2,1.0,1312.98,575.01,1341.67,635.97,-1,cvat_interp
41,16,16,2,1.0,1773.27,548.23,1797.71,605.58,-1,cvat_interp
41,17,17,2,1.0,1270.87,510.17,1293.92,559.87,-1,cvat_interp
41,18,18,2,1.0,1300.61,421.34,1316.53,457.87,-1,cvat_interp
41,19,19,2,1.0,832.36,916.38,873.4,1023.89,-1,cvat_interp
41,20,20,3,1.0,348.5,421.8,367.32,456.24,-1,cvat_interp
41,21,21,3,1.0,718.57,574.15,742.42,634.71,-1,cvat_interp
41,22,22,1,1.0,1604.32,480.28,1624.86,526.81,-1,cvat_interp
41,24,24,0,1.0,1569.6,516.56,1577.81,524.26,-1,cvat_interp
42,0,0,2,1.0,398.3,716.3,449.3,796.0,-1,cvat_keyframe
42,1,1,2,1.0,568.62,611.43,599.23,674.28,-1,cvat_interp
42,2,2,2,1.0,520.56,588.21,555.54,650.11,-1,cvat_interp
42,3,3,2,1.0,340.69,563.64,363.32,623.87,-1,cvat_interp
42,4,4,2,1.0,455.87,531.86,477.74,580.46,-1,cvat_interp
42,5,5,2,1.0,436.6,485.62,461.04,533.77,-1,cvat_interp
42,6,6,2,1.0,484.17,439.8,504.68,476.6,-1,cvat_interp
42,7,7,2,1.0,733.33,433.31,752.02,468.81,-1,cvat_interp
42,8,8,2,1.0,722.42,520.63,750.61,573.7,-1,cvat_interp
42,9,9,2,1.0,556.8,509.21,584.86,565.95,-1,cvat_interp
42,10,10,2,1.0,940.33,474.16,955.38,521.28,-1,cvat_interp
42,11,11,2,1.0,1140.84,482.25,1158.74,527.32,-1,cvat_interp
42,12,12,2,1.0,1155.5,450.93,1170.12,494.73,-1,cvat_interp
42,13,13,2,1.0,1142.4,547.37,1165.8,603.86,-1,cvat_interp
42,14,14,2,1.0,1235.25,520.53,1254.71,574.18,-1,cvat_interp
42,15,15,2,1.0,1312.16,575.56,1341.4,636.51,-1,cvat_interp
42,16,16,2,1.0,1772.48,548.17,1796.09,605.52,-1,cvat_interp
42,17,17,2,1.0,1269.62,509.96,1292.67,559.66,-1,cvat_interp
42,18,18,2,1.0,1299.68,421.34,1315.61,457.87,-1,cvat_interp
42,19,19,2,1.0,825.1,916.51,871.77,1024.01,-1,cvat_keyframe
42,20,20,3,1.0,347.13,421.94,366.24,456.38,-1,cvat_interp
42,21,21,3,1.0,717.04,573.93,740.89,634.5,-1,cvat_interp
42,22,22,1,1.0,1602.5,480.19,1622.5,526.71,-1,cvat_interp
42,24,24,0,1.0,1568.46,516.44,1576.67,524.14,-1,cvat_interp
43,0,0,2,1.0,398.91,716.3,446.99,796.0,-1,cvat_interp
43,1,1,2,1.0,564.4,611.17,595.45,674.02,-1,cvat_interp
43,2,2,2,1.0,517.64,588.21,549.96,650.11,-1,cvat_interp
43,3,3,2,1.0,338.8,562.99,361.43,623.21,-1,cvat_interp
43,4,4,2,1.0,452.32,531.56,475.41,579.58,-1,cvat_interp
43,5,5,2,1.0,435.0,485.62,458.71,533.77,-1,cvat_interp
43,6,6,2,1.0,482.25,439.8,502.76,476.6,-1,cvat_interp
43,7,7,2,1.0,732.35,433.36,751.04,468.86,-1,cvat_interp
43,8,8,2,1.0,720.38,520.05,747.41,573.11,-1,cvat_interp
43,9,9,2,1.0,554.32,508.77,582.09,565.52,-1,cvat_interp
43,10,10,2,1.0,939.24,474.21,954.62,521.34,-1,cvat_interp
43,11,11,2,1.0,1140.08,482.03,1157.98,527.11,-1,cvat_interp
43,12,12,2,1.0,1154.35,450.65,1168.98,494.45,-1,cvat_interp
43,13,13,2,1.0,1141.58,547.1,1164.98,603.16,-1,cvat_interp
43,14,14,2,1.0,1233.83,520.04,1253.3,573.36,-1,cvat_interp
43,15,15,2,1.0,1311.34,576.1,1341.12,637.05,-1,cvat_interp
43,16,16,2,1.0,1771.69,548.1,1794.48,605.46,-1,cvat_interp
43,17,17,2,1.0,1268.37,509.74,1291.42,559.44,-1,cvat_interp
43,18,18,2,1.0,1298.76,421.34,1314.68,457.87,-1,cvat_interp
43,19,19,2,1.0,823.81,916.63,870.15,1024.13,-1,cvat_interp
43,20,20,3,1.0,345.77,422.08,365.16,456.52,-1,cvat_interp
43,21,21,3,1.0,715.51,573.71,739.36,634.28,-1,cvat_interp
43,22,22,1,1.0,1600.68,480.09,1620.13,526.62,-1,cvat_interp
43,24,24,0,1.0,1567.32,516.32,1575.53,524.02,-1,cvat_interp
44,0,0,2,1.0,399.52,716.3,444.68,796.01,-1,cvat_interp
44,1,1,2,1.0,560.19,610.92,591.67,673.77,-1,cvat_interp
44,2,2,2,1.0,514.72,588.21,544.38,650.11,-1,cvat_interp
44,3,3,2,1.0,336.91,562.33,359.54,622.56,-1,cvat_interp
44,4,4,2,1.0,448.76,531.27,473.08,578.69,-1,cvat_interp
44,5,5,2,1.0,433.39,485.62,456.38,533.77,-1,cvat_interp
44,6,6,2,1.0,480.34,439.8,500.85,476.6,-1,cvat_interp
44,7,7,2,1.0,731.38,433.41,750.07,468.91,-1,cvat_interp
44,8,8,2,1.0,718.34,519.47,744.21,572.53,-1,cvat_interp
44,9,9,2,1.0,551.85,508.34,579.32,565.08,-1,cvat_interp
44,10,10,2,1.0,938.15,474.27,953.86,521.39,-1,cvat_interp
44,11,11,2,1.0,1139.32,481.81,1157.22,526.89,-1,cvat_interp
44,12,12,2,1.0,1153.21,450.38,1167.84,494.18,-1,cvat_interp
44,13,13,2,1.0,1140.77,546.83,1164.17,602.45,-1,cvat_interp
44,14,14,2,1.0,1232.42,519.55,1251.88,572.55,-1,cvat_interp
44,15,15,2,1.0,1310.52,576.65,1340.85,637.6,-1,cvat_interp
44,16,16,2,1.0,1770.9,548.04,1792.87,605.4,-1,cvat_interp
44,17,17,2,1.0,1267.12,509.52,1290.16,559.22,-1,cvat_interp
44,18,18,2,1.0,1297.83,421.34,1313.76,457.87,-1,cvat_interp
44,19,19,2,1.0,822.53,916.75,868.52,1024.25,-1,cvat_interp
44,20,20,3,1.0,344.41,422.22,364.08,456.66,-1,cvat_interp
44,21,21,3,1.0,713.98,573.5,737.84,634.06,-1,cvat_interp
44,22,22,1,1.0,1598.86,479.99,1617.77,526.52,-1,cvat_interp
44,24,24,0,1.0,1566.18,516.2,1574.4,523.9,-1,cvat_interp
45,0,0,2,1.0,400.13,716.3,442.37,796.01,-1,cvat_keyframe
45,1,1,2,1.0,555.97,610.66,587.9,673.51,-1,cvat_interp
45,2,2,2,1.0,511.8,588.21,538.8,650.11,-1,cvat_keyframe
45,3,3,2,1.0,335.01,561.68,357.64,621.9,-1,cvat_interp
45,4,4,2,1.0,445.2,530.98,470.75,577.8,-1,cvat_keyframe
45,5,5,2,1.0,431.79,485.62,454.05,533.77,-1,cvat_interp
45,6,6,2,1.0,478.42,439.8,498.93,476.6,-1,cvat_interp
45,7,7,2,1.0,730.4,433.46,749.1,468.96,-1,cvat_interp
45,8,8,2,1.0,716.3,518.89,741.0,571.95,-1,cvat_interp
45,9,9,2,1.0,549.37,507.9,576.55,564.64,-1,cvat_interp
45,10,10,2,1.0,937.06,474.32,953.1,521.45,-1,cvat_interp
45,11,11,2,1.0,1138.56,481.6,1156.46,526.67,-1,cvat_interp
45,12,12,2,1.0,1152.07,450.11,1166.69,493.91,-1,cvat_interp
45,13,13,2,1.0,1139.95,546.56,1163.35,601.74,-1,cvat_interp
45,14,14,2,1.0,1231.0,519.06,1250.47,571.73,-1,cvat_interp
45,15,15,2,1.0,1309.7,577.19,1340.58,638.14,-1,cvat_keyframe
45,16,16,2,1.0,1770.11,547.98,1791.26,605.34,-1,cvat_interp
45,17,17,2,1.0,1265.86,509.3,1288.91,559.0,-1,cvat_interp
45,18,18,2,1.0,1296.91,421.34,1312.83,457.87,-1,cvat_interp
45,19,19,2,1.0,821.24,916.87,866.89,1024.38,-1,cvat_interp
45,20,20,3,1.0,343.04,422.36,363.0,456.81,-1,cvat_interp
45,21,21,3,1.0,712.45,573.28,736.31,633.84,-1,cvat_interp
45,22,22,1,1.0,1597.04,479.89,1615.41,526.42,-1,cvat_interp
45,24,24,0,1.0,1565.04,516.07,1573.26,523.77,-1,cvat_keyframe
46,0,0,2,1.0,398.08,716.3,437.39,796.02,-1,cvat_interp
46,1,1,2,1.0,551.76,610.4,584.12,673.26,-1,cvat_interp
46,2,2,2,1.0,507.29,588.21,536.64,650.25,-1,cvat_interp
46,3,3,2,1.0,333.12,561.02,355.75,621.25,-1,cvat_interp
46,4,4,2,1.0,443.37,530.69,468.42,578.1,-1,cvat_interp
46,5,5,2,1.0,430.19,485.62,451.72,533.77,-1,cvat_interp
46,6,6,2,1.0,476.51,439.8,497.02,476.6,-1,cvat_interp
46,7,7,2,1.0,729.43,433.51,748.12,469.01,-1,cvat_interp
46,8,8,2,1.0,714.26,518.3,737.8,571.37,-1,cvat_interp
46,9,9,2,1.0,546.89,507.46,573.78,564.21,-1,cvat_interp
46,10,10,2,1.0,935.97,474.38,952.34,521.5,-1,cvat_interp
46,11,11,2,1.0,1137.8,481.38,1155.7,526.45,-1,cvat_interp
46,12,12,2,1.0,1150.92,449.84,1165.55,493.64,-1,cvat_interp
46,13,13,2,1.0,1139.13,546.28,1162.53,601.03,-1,cvat_interp
46,14,14,2,1.0,1229.59,518.57,1249.05,570.91,-1,cvat_interp
46,15,15,2,1.0,1308.88,577.24,1340.31,638.19,-1,cvat_interp
46,16,16,2,1.0,1769.32,547.92,1789.65,605.28,-1,cvat_interp
46,17,17,2,1.0,1264.61,509.09,1287.66,558.79,-1,cvat_interp
46,18,18,2,1.0,1295.98,421.34,1311.91,457.87,-1,cvat_interp
46,19,19,2,1.0,819.95,916.99,865.27,1024.5,-1,cvat_interp
46,20,20,3,1.0,341.68,422.5,361.92,456.95,-1,cvat_interp
46,21,21,3,1.0,710.92,573.06,734.78,633.62,-1,cvat_interp
46,22,22,1,1.0,1595.22,479.79,1613.05,526.32,-1,cvat_interp
46,24,24,0,1.0,1564.11,516.02,1572.32,523.72,-1,cvat_interp
47,0,0,2,1.0,396.03,716.3,432.42,796.02,-1,cvat_interp
47,1,1,2,1.0,547.54,610.15,580.34,673.0,-1,cvat_interp
47,2,2,2,1.0,502.78,588.21,534.48,650.39,-1,cvat_interp
47,3,3,2,1.0,331.22,560.37,353.85,620.59,-1,cvat_interp
47,4,4,2,1.0,441.54,530.4,466.09,578.41,-1,cvat_interp
47,5,5,2,1.0,428.59,485.62,449.39,533.77,-1,cvat_interp
47,6,6,2,1.0,474.59,439.8,495.1,476.6,-1,cvat_interp
47,7,7,2,1.0,728.45,433.56,747.15,469.06,-1,cvat_interp
47,8,8,2,1.0,712.22,517.72,734.6,570.78,-1,cvat_interp
47,9,9,2,1.0,544.42,507.02,571.01,563.77,-1,cvat_interp
47,10,10,2,1.0,934.89,474.43,951.58,521.56,-1,cvat_interp
47,11,11,2,1.0,1137.03,481.16,1154.94,526.24,-1,cvat_interp
47,12,12,2,1.0,1149.78,449.57,1164.41,493.37,-1,cvat_interp
47,13,13,2,1.0,1138.32,546.01,1161.72,600.33,-1,cvat_interp
47,14,14,2,1.0,1228.17,518.07,1247.64,570.1,-1,cvat_interp
47,15,15,2,1.0,1308.06,577.28,1340.04,638.23,-1,cvat_interp
47,16,16,2,1.0,1768.53,547.86,1788.04,605.22,-1,cvat_interp
47,17,17,2,1.0,1263.36,508.87,1286.41,558.57,-1,cvat_interp
47,18,18,2,1.0,1295.06,421.34,1310.98,457.87,-1,cvat_interp
47,19,19,2,1.0,818.66,917.12,863.64,1024.62,-1,cvat_interp
47,20,20,3,1.0,340.31,422.64,360.84,457.09,-1,cvat_interp
47,21,21,3,1.0,709.39,572.84,733.25,633.4,-1,cvat_interp
47,22,22,1,1.0,1593.4,479.7,1610.69,526.22,-1,cvat_interp
47,24,24,0,1.0,1563.17,515.96,1571.38,523.66,-1,cvat_interp
48,0,0,2,1.0,393.98,716.3,427.45,796.03,-1,cvat_interp
48,1,1,2,1.0,543.33,609.89,576.56,672.74,-1,cvat_interp
48,2,2,2,1.0,498.27,588.21,532.32,650.53,-1,cvat_interp
48,3,3,2,1.0,329.33,559.71,351.96,619.94,-1,cvat_interp
48,4,4,2,1.0,439.7,530.11,463.76,578.71,-1,cvat_interp
48,5,5,2,1.0,426.99,485.62,447.06,533.77,-1,cvat_interp
48,6,6,2,1.0,472.68,439.8,493.19,476.6,-1,cvat_interp
48,7,7,2,1.0,727.48,433.61,746.17,469.11,-1,cvat_interp
48,8,8,2,1.0,710.18,517.14,731.4,570.2,-1,cvat_interp
48,9,9,2,1.0,541.94,506.59,568.24,563.33,-1,cvat_interp
48,10,10,2,1.0,933.8,474.49,950.82,521.61,-1,cvat_interp
48,11,11,2,1.0,1136.27,480.94,1154.17,526.02,-1,cvat_interp
48,12,12,2,1.0,1148.64,449.29,1163.27,493.09,-1,cvat_interp
48,13,13,2,1.0,1137.5,545.74,1160.9,599.62,-1,cvat_interp
48,14,14,2,1.0,1226.76,517.58,1246.22,569.28,-1,cvat_interp
48,15,15,2,1.0,1307.24,577.33,1339.76,638.28,-1,cvat_interp
48,16,16,2,1.0,1767.74,547.8,1786.42,605.16,-1,cvat_interp
48,17,17,2,1.0,1262.11,508.65,1285.16,558.35,-1,cvat_interp
48,18,18,2,1.0,1294.13,421.34,1310.06,457.87,-1,cvat_interp
48,19,19,2,1.0,817.38,917.24,862.02,1024.74,-1,cvat_interp
48,20,20,3,1.0,338.95,422.78,359.76,457.23,-1,cvat_interp
48,21,21,3,1.0,707.86,572.62,731.72,633.19,-1,cvat_interp
48,22,22,1,1.0,1591.58,479.6,1608.32,526.13,-1,cvat_interp
48,24,24,0,1.0,1562.24,515.91,1570.45,523.61,-1,cvat_interp
49,0,0,2,1.0,391.93,716.3,422.47,796.03,-1,cvat_interp
49,1,1,2,1.0,539.11,609.63,572.79,672.49,-1,cvat_interp
49,2,2,2,1.0,493.76,588.21,530.16,650.66,-1,cvat_interp
49,3,3,2,1.0,327.44,559.05,350.07,619.28,-1,cvat_interp
49,4,4,2,1.0,437.87,529.82,461.43,579.02,-1,cvat_interp
49,5,5,2,1.0,425.38,485.62,444.73,533.77,-1,cvat_interp
49,6,6,2,1.0,470.76,439.8,491.27,476.6,-1,cvat_interp
49,7,7,2,1.0,726.51,433.66,745.2,469.16,-1,cvat_interp
49,8,8,2,1.0,708.14,516.56,728.2,569.62,-1,cvat_interp
49,9,9,2,1.0,539.46,506.15,565.47,562.9,-1,cvat_interp
49,10,10,2,1.0,932.71,474.54,950.06,521.66,-1,cvat_interp
49,11,11,2,1.0,1135.51,480.73,1153.41,525.8,-1,cvat_interp
49,12,12,2,1.0,1147.5,449.02,1162.12,492.82,-1,cvat_interp
49,13,13,2,1.0,1136.69,545.47,1160.09,598.91,-1,cvat_interp
49,14,14,2,1.0,1225.34,517.09,1244.81,568.47,-1,cvat_interp
49,15,15,2,1.0,1306.42,577.37,1339.49,638.33,-1,cvat_interp
49,16,16,2,1.0,1766.95,547.74,1784.81,605.1,-1,cvat_interp
49,17,17,2,1.0,1260.86,508.43,1283.91,558.13,-1,cvat_interp
49,18,18,2,1.0,1293.21,421.34,1309.13,457.87,-1,cvat_interp
49,19,19,2,1.0,816.09,917.36,860.39,1024.86,-1,cvat_interp
49,20,20,3,1.0,337.59,422.93,358.68,457.37,-1,cvat_interp
49,21,21,3,1.0,706.33,572.4,730.19,632.97,-1,cvat_interp
49,22,22,1,1.0,1589.76,479.5,1605.96,526.03,-1,cvat_interp
49,24,24,0,1.0,1561.3,515.85,1569.51,523.55,-1,cvat_interp
50,0,0,2,1.0,389.88,716.3,417.5,796.04,-1,cvat_keyframe
50,1,1,2,1.0,534.9,609.38,569.01,672.23,-1,cvat_keyframe
50,2,2,2,1.0,489.25,588.21,528.0,650.8,-1,cvat_keyframe
50,3,3,2,1.0,325.54,558.4,348.17,618.62,-1,cvat_keyframe
50,4,4,2,1.0,436.04,529.52,459.1,579.32,-1,cvat_keyframe
50,5,5,2,1.0,423.78,485.62,442.4,533.77,-1,cvat_keyframe
50,6,6,2,1.0,468.85,439.8,489.36,476.6,-1,cvat_keyframe
50,7,7,2,1.0,725.53,433.71,744.22,469.21,-1,cvat_keyframe
50,8,8,2,1.0,706.1,515.97,725.0,569.03,-1,cvat_keyframe
50,9,9,2,1.0,536.99,505.71,562.7,562.46,-1,cvat_keyframe
50,10,10,2,1.0,931.62,474.6,949.3,521.72,-1,cvat_keyframe
50,11,11,2,1.0,1134.75,480.51,1152.65,525.58,-1,cvat_keyframe
50,12,12,2,1.0,1146.35,448.75,1160.98,492.55,-1,cvat_keyframe
50,13,13,2,1.0,1135.87,545.2,1159.27,598.2,-1,cvat_keyframe
50,14,14,2,1.0,1223.93,516.6,1243.39,567.65,-1,cvat_keyframe
50,15,15,2,1.0,1305.6,577.42,1339.22,638.37,-1,cvat_keyframe
50,16,16,2,1.0,1766.16,547.68,1783.2,605.04,-1,cvat_keyframe
50,17,17,2,1.0,1259.61,508.22,1282.66,557.92,-1,cvat_keyframe
50,18,18,2,1.0,1292.28,421.34,1308.21,457.87,-1,cvat_keyframe
50,19,19,2,1.0,814.8,917.48,858.77,1024.99,-1,cvat_keyframe
50,20,20,3,1.0,336.22,423.07,357.6,457.51,-1,cvat_keyframe
50,21,21,3,1.0,704.8,572.18,728.66,632.75,-1,cvat_keyframe
50,22,22,1,1.0,1587.94,479.4,1603.6,525.93,-1,cvat_keyframe
50,24,24,0,1.0,1560.37,515.8,1568.58,523.5,-1,cvat_keyframe
51,0,0,2,1.0,387.5,716.91,415.96,796.65,-1,cvat_interp
51,1,1,2,1.0,531.22,609.29,565.33,672.14,-1,cvat_interp
51,2,2,2,1.0,486.17,588.16,524.37,650.68,-1,cvat_interp
51,3,3,2,1.0,324.13,558.27,346.89,618.5,-1,cvat_interp
51,4,4,2,1.0,433.66,529.43,456.72,579.23,-1,cvat_interp
51,5,5,2,1.0,422.46,485.62,441.08,533.42,-1,cvat_interp
51,6,6,2,1.0,467.12,439.67,487.43,476.47,-1,cvat_interp
51,7,7,2,1.0,724.48,433.71,743.17,469.21,-1,cvat_interp
51,8,8,2,1.0,703.82,516.0,722.94,569.07,-1,cvat_interp
51,9,9,2,1.0,535.03,505.58,560.1,561.88,-1,cvat_interp
51,10,10,2,1.0,930.63,474.3,948.3,521.42,-1,cvat_interp
51,11,11,2,1.0,1134.25,480.36,1152.15,525.43,-1,cvat_interp
51,12,12,2,1.0,1145.16,448.6,1159.79,492.4,-1,cvat_interp
51,13,13,2,1.0,1135.17,545.0,1158.57,598.01,-1,cvat_interp
51,14,14,2,1.0,1223.03,516.45,1242.5,567.5,-1,cvat_interp
51,15,15,2,1.0,1305.75,577.79,1338.72,638.74,-1,cvat_interp
51,16,16,2,1.0,1765.89,547.43,1782.92,604.79,-1,cvat_interp
51,17,17,2,1.0,1258.47,508.11,1281.52,557.67,-1,cvat_interp
51,18,18,2,1.0,1291.69,421.09,1307.61,457.62,-1,cvat_interp
51,19,19,2,1.0,813.34,918.17,857.3,1024.95,-1,cvat_interp
51,20,20,3,1.0,334.68,422.83,355.49,457.28,-1,cvat_interp
51,21,21,3,1.0,703.33,572.25,727.18,632.81,-1,cvat_interp
51,22,22,1,1.0,1586.08,479.45,1601.74,525.46,-1,cvat_interp
51,24,24,0,1.0,1559.47,515.56,1567.68,523.26,-1,cvat_interp
52,0,0,2,1.0,385.12,717.52,414.42,797.26,-1,cvat_interp
52,1,1,2,1.0,527.54,609.2,561.65,672.05,-1,cvat_interp
52,2,2,2,1.0,483.08,588.11,520.74,650.56,-1,cvat_interp
52,3,3,2,1.0,322.72,558.14,345.6,618.37,-1,cvat_interp
52,4,4,2,1.0,431.28,529.33,454.35,579.13,-1,cvat_interp
52,5,5,2,1.0,421.15,485.62,439.77,533.06,-1,cvat_interp
52,6,6,2,1.0,465.38,439.54,485.51,476.34,-1,cvat_interp
52,7,7,2,1.0,723.42,433.71,742.11,469.21,-1,cvat_interp
52,8,8,2,1.0,701.54,516.04,720.88,569.1,-1,cvat_interp
52,9,9,2,1.0,533.07,505.45,557.5,561.3,-1,cvat_interp
52,10,10,2,1.0,929.63,474.0,947.31,521.12,-1,cvat_interp
52,11,11,2,1.0,1133.75,480.21,1151.65,525.28,-1,cvat_interp
52,12,12,2,1.0,1143.97,448.45,1158.59,492.25,-1,cvat_interp
52,13,13,2,1.0,1134.48,544.8,1157.88,597.81,-1,cvat_interp
52,14,14,2,1.0,1222.14,516.3,1241.6,567.35,-1,cvat_interp
52,15,15,2,1.0,1305.9,578.15,1338.22,639.1,-1,cvat_interp
52,16,16,2,1.0,1765.61,547.18,1782.64,604.54,-1,cvat_interp
52,17,17,2,1.0,1257.33,507.99,1280.38,557.43,-1,cvat_interp
52,18,18,2,1.0,1291.09,420.84,1307.01,457.37,-1,cvat_interp
52,19,19,2,1.0,811.88,918.86,855.84,1024.91,-1,cvat_interp
52,20,20,3,1.0,333.14,422.6,353.38,457.05,-1,cvat_interp
52,21,21,3,1.0,701.85,572.31,725.7,632.88,-1,cvat_interp
52,22,22,1,1.0,1584.23,479.49,1599.88,525.0,-1,cvat_interp
52,24,24,0,1.0,1558.58,515.32,1566.79,523.02,-1,cvat_interp
53,0,0,2,1.0,382.75,718.13,412.88,797.87,-1,cvat_interp
53,1,1,2,1.0,523.86,609.11,557.98,671.96,-1,cvat_interp
53,2,2,2,1.0,480.0,588.06,517.11,650.44,-1,cvat_interp
53,3,3,2,1.0,321.3,558.01,344.31,618.24,-1,cvat_interp
53,4,4,2,1.0,428.91,529.24,451.97,579.04,-1,cvat_interp
53,5,5,2,1.0,419.83,485.62,438.45,532.71,-1,cvat_interp
53,6,6,2,1.0,463.65,439.41,483.58,476.21,-1,cvat_interp
53,7,7,2,1.0,722.37,433.71,741.06,469.21,-1,cvat_interp
53,8,8,2,1.0,699.26,516.07,718.82,569.13,-1,cvat_interp
53,9,9,2,1.0,531.11,505.32,554.9,560.72,-1,cvat_interp
53,10,10,2,1.0,928.64,473.7,946.31,520.82,-1,cvat_interp
53,11,11,2,1.0,1133.26,480.06,1151.16,525.14,-1,cvat_interp
53,12,12,2,1.0,1142.77,448.3,1157.4,492.1,-1,cvat_interp
53,13,13,2,1.0,1133.78,544.6,1157.18,597.61,-1,cvat_interp
53,14,14,2,1.0,1221.24,516.15,1240.71,567.2,-1,cvat_interp
53,15,15,2,1.0,1306.05,578.52,1337.71,639.47,-1,cvat_interp
53,16,16,2,1.0,1765.33,546.93,1782.37,604.29,-1,cvat_interp
53,17,17,2,1.0,1256.19,507.88,1279.24,557.19,-1,cvat_interp
53,18,18,2,1.0,1290.49,420.6,1306.42,457.12,-1,cvat_interp
53,19,19,2,1.0,810.41,919.55,854.38,1024.87,-1,cvat_interp
53,20,20,3,1.0,331.6,422.37,351.27,456.81,-1,cvat_interp
53,21,21,3,1.0,700.37,572.38,724.22,632.94,-1,cvat_interp
53,22,22,1,1.0,1582.37,479.54,1598.02,524.53,-1,cvat_interp
53,24,24,0,1.0,1557.69,515.08,1565.9,522.78,-1,cvat_interp
54,0,0,2,1.0,380.37,718.74,411.34,798.48,-1,cvat_interp
54,1,1,2,1.0,520.19,609.02,554.3,671.87,-1,cvat_interp
54,2,2,2,1.0,476.92,588.01,513.48,650.33,-1,cvat_interp
54,3,3,2,1.0,319.89,557.89,343.02,618.11,-1,cvat_interp
54,4,4,2,1.0,426.53,529.14,449.59,578.94,-1,cvat_interp
54,5,5,2,1.0,418.51,485.61,437.13,532.36,-1,cvat_interp
54,6,6,2,1.0,461.91,439.28,481.65,476.09,-1,cvat_interp
54,7,7,2,1.0,721.31,433.71,740.01,469.21,-1,cvat_interp
54,8,8,2,1.0,696.98,516.1,716.76,569.16,-1,cvat_interp
54,9,9,2,1.0,529.15,505.19,552.29,560.15,-1,cvat_interp
54,10,10,2,1.0,927.64,473.4,945.32,520.53,-1,cvat_interp
54,11,11,2,1.0,1132.76,479.91,1150.66,524.99,-1,cvat_interp
54,12,12,2,1.0,1141.58,448.15,1156.21,491.95,-1,cvat_interp
54,13,13,2,1.0,1133.08,544.4,1156.48,597.41,-1,cvat_interp
54,14,14,2,1.0,1220.35,516.0,1239.81,567.05,-1,cvat_interp
54,15,15,2,1.0,1306.2,578.88,1337.21,639.84,-1,cvat_interp
54,16,16,2,1.0,1765.05,546.68,1782.09,604.04,-1,cvat_interp
54,17,17,2,1.0,1255.05,507.77,1278.09,556.95,-1,cvat_interp
54,18,18,2,1.0,1289.9,420.35,1305.82,456.87,-1,cvat_interp
54,19,19,2,1.0,808.95,920.23,852.92,1024.83,-1,cvat_interp
54,20,20,3,1.0,330.06,422.13,349.16,456.58,-1,cvat_interp
54,21,21,3,1.0,698.89,572.44,722.75,633.01,-1,cvat_interp
54,22,22,1,1.0,1580.51,479.58,1596.16,524.07,-1,cvat_interp
54,24,24,0,1.0,1556.8,514.84,1565.01,522.54,-1,cvat_interp
55,0,0,2,1.0,377.99,719.35,409.8,799.09,-1,cvat_interp
55,1,1,2,1.0,516.51,608.93,550.62,671.78,-1,cvat_interp
55,2,2,2,1.0,473.83,587.96,509.85,650.21,-1,cvat_interp
55,3,3,2,1.0,318.48,557.76,341.74,617.98,-1,cvat_interp
55,4,4,2,1.0,424.15,529.04,447.22,578.84,-1,cvat_interp
55,5,5,2,1.0,417.2,485.61,435.82,532.0,-1,cvat_interp
55,6,6,2,1.0,460.18,439.15,479.73,475.96,-1,cvat_interp
55,7,7,2,1.0,720.26,433.71,738.95,469.21,-1,cvat_interp
55,8,8,2,1.0,694.7,516.13,714.7,569.2,-1,cvat_interp
55,9,9,2,1.0,527.19,505.06,549.69,559.57,-1,cvat_interp
55,10,10,2,1.0,926.65,473.1,944.32,520.23,-1,cvat_interp
55,11,11,2,1.0,1132.26,479.76,1150.16,524.84,-1,cvat_interp
55,12,12,2,1.0,1140.38,448.0,1155.01,491.8,-1,cvat_interp
55,13,13,2,1.0,1132.39,544.21,1155.79,597.21,-1,cvat_interp
55,14,14,2,1.0,1219.45,515.85,1238.92,566.9,-1,cvat_interp
55,15,15,2,1.0,1306.35,579.25,1336.71,640.2,-1,cvat_interp
55,16,16,2,1.0,1764.78,546.43,1781.81,603.79,-1,cvat_interp
55,17,17,2,1.0,1253.91,507.66,1276.95,556.71,-1,cvat_interp
55,18,18,2,1.0,1289.3,420.1,1305.22,456.62,-1,cvat_interp
55,19,19,2,1.0,807.49,920.92,851.46,1024.79,-1,cvat_interp
55,20,20,3,1.0,328.52,421.9,347.05,456.35,-1,cvat_interp
55,21,21,3,1.0,697.42,572.51,721.27,633.07,-1,cvat_interp
55,22,22,1,1.0,1578.65,479.63,1594.31,523.61,-1,cvat_interp
55,24,24,0,1.0,1555.91,514.6,1564.12,522.3,-1,cvat_interp
56,0,0,2,1.0,375.62,719.96,408.26,799.7,-1,cvat_interp
56,1,1,2,1.0,512.83,608.84,546.95,671.69,-1,cvat_interp
56,2,2,2,1.0,470.75,587.91,506.22,650.09,-1,cvat_interp
56,3,3,2,1.0,317.06,557.63,340.45,617.85,-1,cvat_interp
56,4,4,2,1.0,421.78,528.95,444.84,578.75,-1,cvat_interp
56,5,5,2,1.0,415.88,485.61,434.5,531.65,-1,cvat_interp
56,6,6,2,1.0,458.44,439.02,477.8,475.83,-1,cvat_interp
56,7,7,2,1.0,719.2,433.71,737.9,469.21,-1,cvat_interp
56,8,8,2,1.0,692.42,516.17,712.64,569.23,-1,cvat_interp
56,9,9,2,1.0,525.24,504.93,547.09,558.99,-1,cvat_interp
56,10,10,2,1.0,925.65,472.81,943.33,519.93,-1,cvat_interp
56,11,11,2,1.0,1131.76,479.61,1149.66,524.69,-1,cvat_interp
56,12,12,2,1.0,1139.19,447.85,1153.82,491.65,-1,cvat_interp
56,13,13,2,1.0,1131.69,544.01,1155.09,597.01,-1,cvat_interp
56,14,14,2,1.0,1218.56,515.7,1238.02,566.75,-1,cvat_interp
56,15,15,2,1.0,1306.5,579.61,1336.21,640.57,-1,cvat_interp
56,16,16,2,1.0,1764.5,546.18,1781.53,603.54,-1,cvat_interp
56,17,17,2,1.0,1252.77,507.55,1275.81,556.47,-1,cvat_interp
56,18,18,2,1.0,1288.7,419.85,1304.63,456.37,-1,cvat_interp
56,19,19,2,1.0,806.03,921.61,849.99,1024.75,-1,cvat_interp
56,20,20,3,1.0,326.98,421.67,344.94,456.11,-1,cvat_interp
56,21,21,3,1.0,695.94,572.57,719.79,633.13,-1,cvat_interp
56,22,22,1,1.0,1576.79,479.68,1592.45,523.14,-1,cvat_interp
56,24,24,0,1.0,1555.02,514.35,1563.23,522.05,-1,cvat_interp
57,0,0,2,1.0,373.24,720.57,406.72,800.31,-1,cvat_interp
57,1,1,2,1.0,509.15,608.75,543.27,671.6,-1,cvat_interp
57,2,2,2,1.0,467.66,587.86,502.59,649.97,-1,cvat_interp
57,3,3,2,1.0,315.65,557.5,339.16,617.73,-1,cvat_interp
57,4,4,2,1.0,419.4,528.85,442.46,578.65,-1,cvat_interp
57,5,5,2,1.0,414.56,485.61,433.18,531.3,-1,cvat_interp
57,6,6,2,1.0,456.71,438.9,475.88,475.7,-1,cvat_interp
57,7,7,2,1.0,718.15,433.71,736.84,469.21,-1,cvat_interp
57,8,8,2,1.0,690.14,516.2,710.58,569.26,-1,cvat_interp
57,9,9,2,1.0,523.28,504.79,544.49,558.41,-1,cvat_interp
57,10,10,2,1.0,924.66,472.51,942.33,519.63,-1,cvat_interp
57,11,11,2,1.0,1131.27,479.46,1149.17,524.54,-1,cvat_interp
57,12,12,2,1.0,1138.0,447.71,1152.62,491.5,-1,cvat_interp
57,13,13,2,1.0,1130.99,543.81,1154.39,596.81,-1,cvat_interp
57,14,14,2,1.0,1217.66,515.55,1237.13,566.6,-1,cvat_interp
57,15,15,2,1.0,1306.65,579.98,1335.71,640.93,-1,cvat_interp
57,16,16,2,1.0,1764.22,545.93,1781.26,603.29,-1,cvat_interp
57,17,17,2,1.0,1251.62,507.44,1274.67,556.23,-1,cvat_interp
57,18,18,2,1.0,1288.11,419.6,1304.03,456.12,-1,cvat_interp
57,19,19,2,1.0,804.57,922.3,848.53,1024.72,-1,cvat_interp
57,20,20,3,1.0,325.43,421.44,342.83,455.88,-1,cvat_interp
57,21,21,3,1.0,694.46,572.63,718.31,633.2,-1,cvat_interp
57,22,22,1,1.0,1574.93,479.72,1590.59,522.68,-1,cvat_interp
57,24,24,0,1.0,1554.12,514.11,1562.34,521.81,-1,cvat_interp
58,0,0,2,1.0,370.86,721.18,405.18,800.92,-1,cvat_interp
58,1,1,2,1.0,505.48,608.66,539.59,671.51,-1,cvat_interp
58,2,2,2,1.0,464.58,587.81,498.96,649.85,-1,cvat_interp
58,3,3,2,1.0,314.24,557.37,337.87,617.6,-1,cvat_interp
58,4,4,2,1.0,417.02,528.75,440.09,578.55,-1,cvat_interp
58,5,5,2,1.0,413.25,485.6,431.86,530.94,-1,cvat_interp
58,6,6,2,1.0,454.97,438.77,473.95,475.57,-1,cvat_interp
58,7,7,2,1.0,717.09,433.71,735.79,469.21,-1,cvat_interp
58,8,8,2,1.0,687.86,516.23,708.52,569.29,-1,cvat_interp
58,9,9,2,1.0,521.32,504.66,541.89,557.83,-1,cvat_interp
58,10,10,2,1.0,923.66,472.21,941.34,519.33,-1,cvat_interp
58,11,11,2,1.0,1130.77,479.31,1148.67,524.39,-1,cvat_interp
58,12,12,2,1.0,1136.8,447.56,1151.43,491.36,-1,cvat_interp
58,13,13,2,1.0,1130.3,543.61,1153.7,596.61,-1,cvat_interp
58,14,14,2,1.0,1216.77,515.41,1236.23,566.45,-1,cvat_interp
58,15,15,2,1.0,1306.8,580.34,1335.2,641.3,-1,cvat_interp
58,16,16,2,1.0,1763.94,545.68,1780.98,603.04,-1,cvat_interp
58,17,17,2,1.0,1250.48,507.33,1273.53,555.99,-1,cvat_interp
58,18,18,2,1.0,1287.51,419.35,1303.43,455.87,-1,cvat_interp
58,19,19,2,1.0,803.1,922.99,847.07,1024.68,-1,cvat_interp
58,20,20,3,1.0,323.89,421.2,340.72,455.65,-1,cvat_interp
58,21,21,3,1.0,692.98,572.7,716.84,633.26,-1,cvat_interp
58,22,22,1,1.0,1573.07,479.77,1588.73,522.21,-1,cvat_interp
58,24,24,0,1.0,1553.23,513.87,1561.44,521.57,-1,cvat_interp
59,0,0,2,1.0,368.49,721.79,403.64,801.53,-1,cvat_interp
59,1,1,2,1.0,501.8,608.56,535.91,671.42,-1,cvat_interp
59,2,2,2,1.0,461.49,587.76,495.33,649.73,-1,cvat_interp
59,3,3,2,1.0,312.82,557.24,336.59,617.47,-1,cvat_interp
59,4,4,2,1.0,414.65,528.66,437.71,578.46,-1,cvat_interp
59,5,5,2,1.0,411.93,485.6,430.55,530.59,-1,cvat_interp
59,6,6,2,1.0,453.24,438.64,472.03,475.44,-1,cvat_interp
59,7,7,2,1.0,716.04,433.71,734.73,469.21,-1,cvat_interp
59,8,8,2,1.0,685.58,516.26,706.46,569.32,-1,cvat_interp
59,9,9,2,1.0,519.36,504.53,539.29,557.26,-1,cvat_interp
59,10,10,2,1.0,922.67,471.91,940.34,519.03,-1,cvat_interp
59,11,11,2,1.0,1130.27,479.16,1148.17,524.24,-1,cvat_interp
59,12,12,2,1.0,1135.61,447.41,1150.24,491.21,-1,cvat_interp
59,13,13,2,1.0,1129.6,543.41,1153.0,596.41,-1,cvat_interp
59,14,14,2,1.0,1215.87,515.26,1235.33,566.31,-1,cvat_interp
59,15,15,2,1.0,1306.95,580.71,1334.7,641.66,-1,cvat_interp
59,16,16,2,1.0,1763.67,545.43,1780.7,602.79,-1,cvat_interp
59,17,17,2,1.0,1249.34,507.22,1272.39,555.75,-1,cvat_interp
59,18,18,2,1.0,1286.91,419.1,1302.83,455.63,-1,cvat_interp
59,19,19,2,1.0,801.64,923.67,845.61,1024.64,-1,cvat_interp
59,20,20,3,1.0,322.35,420.97,338.61,455.41,-1,cvat_interp
59,21,21,3,1.0,691.51,572.76,715.36,633.33,-1,cvat_interp
59,22,22,1,1.0,1571.21,479.81,1586.87,521.75,-1,cvat_interp
59,24,24,0,1.0,1552.34,513.63,1560.55,521.33,-1,cvat_interp
60,0,0,2,1.0,366.11,722.4,402.1,802.14,-1,cvat_keyframe
60,1,1,2,1.0,498.12,608.47,532.24,671.33,-1,cvat_keyframe
60,2,2,2,1.0,458.41,587.71,491.7,649.61,-1,cvat_keyframe
60,3,3,2,1.0,311.41,557.12,335.3,617.34,-1,cvat_keyframe
60,4,4,2,1.0,412.27,528.56,435.33,578.36,-1,cvat_keyframe
60,5,5,2,1.0,410.61,485.6,429.23,530.24,-1,cvat_keyframe
60,6,6,2,1.0,451.51,438.51,470.1,475.31,-1,cvat_keyframe
60,7,7,2,1.0,714.98,433.71,733.68,469.21,-1,cvat_keyframe
60,8,8,2,1.0,683.29,516.29,704.4,569.36,-1,cvat_keyframe
60,9,9,2,1.0,517.4,504.4,536.68,556.68,-1,cvat_keyframe
60,10,10,2,1.0,921.67,471.61,939.35,518.73,-1,cvat_keyframe
60,11,11,2,1.0,1129.77,479.02,1147.67,524.09,-1,cvat_keyframe
60,12,12,2,1.0,1134.42,447.26,1149.04,491.06,-1,cvat_keyframe
60,13,13,2,1.0,1128.9,543.21,1152.3,596.22,-1,cvat_keyframe
60,14,14,2,1.0,1214.97,515.11,1234.44,566.16,-1,cvat_keyframe
60,15,15,2,1.0,1307.1,581.08,1334.2,642.03,-1,cvat_keyframe
60,16,16,2,1.0,1763.39,545.18,1780.42,602.54,-1,cvat_keyframe
60,17,17,2,1.0,1248.2,507.11,1271.25,555.51,-1,cvat_interp
60,18,18,2,1.0,1286.31,418.85,1302.24,455.38,-1,cvat_keyframe
60,19,19,2,1.0,800.18,924.36,844.15,1024.6,-1,cvat_keyframe
60,20,20,3,1.0,320.81,420.74,336.5,455.18,-1,cvat_keyframe
60,21,21,3,1.0,690.03,572.83,713.88,633.39,-1,cvat_keyframe
60,22,22,1,1.0,1569.35,479.86,1585.01,521.28,-1,cvat_keyframe
60,24,24,0,1.0,1551.45,513.39,1559.66,521.09,-1,cvat_keyframe
61,0,0,2,1.0,363.54,722.53,398.79,802.27,-1,cvat_interp
61,1,1,2,1.0,494.24,608.38,526.67,671.23,-1,cvat_interp
61,2,2,2,1.0,454.3,587.89,487.0,650.09,-1,cvat_interp
61,3,3,2,1.0,309.02,556.87,332.91,617.09,-1,cvat_interp
61,4,4,2,1.0,409.3,528.47,432.71,578.27,-1,cvat_interp
61,5,5,2,1.0,408.03,485.6,427.12,530.23,-1,cvat_interp
61,6,6,2,1.0,449.4,438.64,468.48,475.41,-1,cvat_interp
61,7,7,2,1.0,713.52,433.54,732.21,469.04,-1,cvat_interp
61,8,8,2,1.0,680.37,515.24,701.48,568.62,-1,cvat_interp
61,9,9,2,1.0,514.61,504.36,534.61,556.36,-1,cvat_interp
61,10,10,2,1.0,919.52,471.7,937.54,518.82,-1,cvat_interp
61,11,11,2,1.0,1129.13,479.11,1146.59,524.19,-1,cvat_interp
61,12,12,2,1.0,1133.09,447.19,1147.6,490.74,-1,cvat_interp
61,13,13,2,1.0,1128.0,543.12,1151.4,596.13,-1,cvat_interp
61,14,14,2,1.0,1213.85,514.82,1233.31,565.87,-1,cvat_interp
61,15,15,2,1.0,1306.65,581.67,1334.0,642.08,-1,cvat_interp
61,16,16,2,1.0,1762.71,545.47,1780.82,602.33,-1,cvat_interp
61,17,17,2,1.0,1247.06,507.0,1270.11,555.27,-1,cvat_interp
61,18,18,2,1.0,1285.54,418.73,1301.47,455.25,-1,cvat_interp
61,19,19,2,1.0,799.29,925.16,843.25,1026.32,-1,cvat_interp
61,20,20,3,1.0,318.49,420.95,334.52,455.4,-1,cvat_interp
61,21,21,3,1.0,688.01,572.91,711.86,633.48,-1,cvat_interp
61,22,22,1,1.0,1566.94,479.92,1584.97,521.34,-1,cvat_interp
61,24,24,0,1.0,1550.73,513.33,1558.94,521.03,-1,cvat_interp
62,0,0,2,1.0,360.97,722.66,395.48,802.4,-1,cvat_interp
62,1,1,2,1.0,490.35,608.28,521.1,671.13,-1,cvat_interp
62,2,2,2,1.0,450.2,588.06,482.3,650.56,-1,cvat_interp
62,3,3,2,1.0,306.63,556.62,330.52,616.84,-1,cvat_interp
62,4,4,2,1.0,406.34,528.39,430.09,578.19,-1,cvat_interp
62,5,5,2,1.0,405.45,485.6,425.02,530.23,-1,cvat_interp
62,6,6,2,1.0,447.29,438.77,466.86,475.51,-1,cvat_interp
62,7,7,2,1.0,712.06,433.37,730.75,468.87,-1,cvat_interp
62,8,8,2,1.0,677.45,514.19,698.55,567.88,-1,cvat_interp
62,9,9,2,1.0,511.81,504.31,532.53,556.05,-1,cvat_interp
62,10,10,2,1.0,917.38,471.78,935.74,518.91,-1,cvat_interp
62,11,11,2,1.0,1128.49,479.21,1145.5,524.28,-1,cvat_interp
62,12,12,2,1.0,1131.77,447.13,1146.15,490.41,-1,cvat_interp
62,13,13,2,1.0,1127.1,543.04,1150.5,596.04,-1,cvat_interp
62,14,14,2,1.0,1212.73,514.53,1232.19,565.58,-1,cvat_interp
62,15,15,2,1.0,1306.2,582.27,1333.8,642.12,-1,cvat_interp
62,16,16,2,1.0,1762.03,545.76,1781.21,602.11,-1,cvat_interp
62,17,17,2,1.0,1245.92,506.89,1268.97,555.03,-1,cvat_interp
62,18,18,2,1.0,1284.77,418.6,1300.7,455.12,-1,cvat_interp
62,19,19,2,1.0,798.39,925.95,842.36,1028.04,-1,cvat_interp
62,20,20,3,1.0,316.17,421.17,332.54,455.61,-1,cvat_interp
62,21,21,3,1.0,685.99,573.0,709.84,633.56,-1,cvat_interp
62,22,22,1,1.0,1564.52,479.98,1584.93,521.41,-1,cvat_interp
62,24,24,0,1.0,1550.0,513.26,1558.21,520.96,-1,cvat_interp
63,0,0,2,1.0,358.4,722.79,392.17,802.53,-1,cvat_interp
63,1,1,2,1.0,486.47,608.18,515.53,671.03,-1,cvat_interp
63,2,2,2,1.0,446.1,588.24,477.6,651.03,-1,cvat_interp
63,3,3,2,1.0,304.25,556.37,328.14,616.59,-1,cvat_interp
63,4,4,2,1.0,403.37,528.3,427.46,578.1,-1,cvat_interp
63,5,5,2,1.0,402.87,485.6,422.91,530.23,-1,cvat_interp
63,6,6,2,1.0,445.18,438.9,465.24,475.61,-1,cvat_interp
63,7,7,2,1.0,710.6,433.2,729.29,468.7,-1,cvat_interp
63,8,8,2,1.0,674.52,513.14,695.63,567.13,-1,cvat_interp
63,9,9,2,1.0,509.02,504.27,530.45,555.73,-1,cvat_interp
63,10,10,2,1.0,915.23,471.87,933.93,518.99,-1,cvat_interp
63,11,11,2,1.0,1127.85,479.3,1144.41,524.38,-1,cvat_interp
63,12,12,2,1.0,1130.45,447.06,1144.71,490.09,-1,cvat_interp
63,13,13,2,1.0,1126.2,542.95,1149.6,595.96,-1,cvat_interp
63,14,14,2,1.0,1211.6,514.24,1231.07,565.29,-1,cvat_interp
63,15,15,2,1.0,1305.75,582.87,1333.6,642.17,-1,cvat_interp
63,16,16,2,1.0,1761.35,546.04,1781.61,601.9,-1,cvat_interp
63,17,17,2,1.0,1244.78,506.78,1267.83,554.78,-1,cvat_interp
63,18,18,2,1.0,1284.0,418.47,1299.92,454.99,-1,cvat_interp
63,19,19,2,1.0,797.49,926.74,841.46,1029.76,-1,cvat_interp
63,20,20,3,1.0,313.84,421.38,330.56,455.83,-1,cvat_interp
63,21,21,3,1.0,683.97,573.09,707.82,633.65,-1,cvat_interp
63,22,22,1,1.0,1562.11,480.05,1584.88,521.47,-1,cvat_interp
63,24,24,0,1.0,1549.28,513.2,1557.49,520.9,-1,cvat_interp
64,0,0,2,1.0,355.83,722.92,388.86,802.65,-1,cvat_interp
64,1,1,2,1.0,482.58,608.08,509.97,670.93,-1,cvat_interp
64,2,2,2,1.0,441.99,588.41,472.9,651.5,-1,cvat_interp
64,3,3,2,1.0,301.86,556.12,325.75,616.35,-1,cvat_interp
64,4,4,2,1.0,400.4,528.22,424.84,578.02,-1,cvat_interp
64,5,5,2,1.0,400.29,485.6,420.8,530.22,-1,cvat_interp
64,6,6,2,1.0,443.08,439.03,463.62,475.7,-1,cvat_interp
64,7,7,2,1.0,709.14,433.02,727.83,468.52,-1,cvat_interp
64,8,8,2,1.0,671.6,512.09,692.7,566.39,-1,cvat_interp
64,9,9,2,1.0,506.22,504.23,528.38,555.42,-1,cvat_interp
64,10,10,2,1.0,913.08,471.96,932.13,519.08,-1,cvat_interp
64,11,11,2,1.0,1127.2,479.4,1143.32,524.48,-1,cvat_interp
64,12,12,2,1.0,1129.13,446.99,1143.26,489.77,-1,cvat_interp
64,13,13,2,1.0,1125.29,542.87,1148.69,595.87,-1,cvat_interp
64,14,14,2,1.0,1210.48,513.95,1229.94,565.0,-1,cvat_interp
64,15,15,2,1.0,1305.3,583.46,1333.4,642.22,-1,cvat_interp
64,16,16,2,1.0,1760.67,546.33,1782.0,601.68,-1,cvat_interp
64,17,17,2,1.0,1243.64,506.66,1266.69,554.54,-1,cvat_interp
64,18,18,2,1.0,1283.23,418.34,1299.15,454.86,-1,cvat_interp
64,19,19,2,1.0,796.6,927.54,840.57,1031.48,-1,cvat_interp
64,20,20,3,1.0,311.52,421.6,328.58,456.04,-1,cvat_interp
64,21,21,3,1.0,681.94,573.17,705.8,633.73,-1,cvat_interp
64,22,22,1,1.0,1559.69,480.11,1584.84,521.53,-1,cvat_interp
64,24,24,0,1.0,1548.55,513.14,1556.77,520.84,-1,cvat_interp
65,0,0,2,1.0,353.26,723.04,385.55,802.78,-1,cvat_interp
65,1,1,2,1.0,478.7,607.98,504.4,670.83,-1,cvat_keyframe
65,2,2,2,1.0,437.89,588.59,468.2,651.97,-1,cvat_keyframe
65,3,3,2,1.0,299.47,555.87,323.36,616.1,-1,cvat_interp
65,4,4,2,1.0,397.44,528.13,422.22,577.93,-1,cvat_interp
65,5,5,2,1.0,397.71,485.6,418.7,530.22,-1,cvat_interp
65,6,6,2,1.0,440.97,439.16,462.0,475.8,-1,cvat_keyframe
65,7,7,2,1.0,707.67,432.85,726.37,468.35,-1,cvat_interp
65,8,8,2,1.0,668.67,511.04,689.78,565.65,-1,cvat_keyframe
65,9,9,2,1.0,503.43,504.19,526.3,555.1,-1,cvat_keyframe
65,10,10,2,1.0,910.94,472.04,930.32,519.16,-1,cvat_interp
65,11,11,2,1.0,1126.56,479.5,1142.24,524.57,-1,cvat_interp
65,12,12,2,1.0,1127.81,446.93,1141.82,489.45,-1,cvat_interp
65,13,13,2,1.0,1124.39,542.78,1147.79,595.78,-1,cvat_interp
65,14,14,2,1.0,1209.35,513.66,1228.82,564.71,-1,cvat_interp
65,15,15,2,1.0,1304.85,584.06,1333.2,642.26,-1,cvat_interp
65,16,16,2,1.0,1759.99,546.62,1782.4,601.47,-1,cvat_interp
65,17,17,2,1.0,1242.5,506.55,1265.55,554.3,-1,cvat_interp
65,18,18,2,1.0,1282.46,418.21,1298.38,454.73,-1,cvat_interp
65,19,19,2,1.0,795.7,928.33,839.67,1033.2,-1,cvat_keyframe
65,20,20,3,1.0,309.2,421.81,326.6,456.26,-1,cvat_interp
65,21,21,3,1.0,679.92,573.26,703.78,633.82,-1,cvat_interp
65,22,22,1,1.0,1557.28,480.17,1584.8,521.59,-1,cvat_keyframe
65,24,24,0,1.0,1547.83,513.07,1556.04,520.77,-1,cvat_keyframe
66,0,0,2,1.0,350.69,723.17,382.24,802.91,-1,cvat_interp
66,1,1,2,1.0,474.02,607.88,502.01,670.73,-1,cvat_interp
66,2,2,2,1.0,433.93,588.01,464.84,651.7,-1,cvat_interp
66,3,3,2,1.0,297.08,555.62,320.97,615.85,-1,cvat_interp
66,4,4,2,1.0,394.47,528.04,419.6,577.84,-1,cvat_interp
66,5,5,2,1.0,395.12,485.6,416.59,530.21,-1,cvat_interp
66,6,6,2,1.0,438.86,439.28,459.41,475.96,-1,cvat_interp
66,7,7,2,1.0,706.21,432.68,724.9,468.18,-1,cvat_interp
66,8,8,2,1.0,665.75,511.83,686.86,566.14,-1,cvat_interp
66,9,9,2,1.0,500.63,504.14,522.79,555.33,-1,cvat_interp
66,10,10,2,1.0,908.79,472.13,928.51,519.25,-1,cvat_interp
66,11,11,2,1.0,1125.92,479.59,1141.15,524.67,-1,cvat_interp
66,12,12,2,1.0,1126.49,446.86,1140.37,489.13,-1,cvat_interp
66,13,13,2,1.0,1123.49,542.69,1146.89,595.7,-1,cvat_interp
66,14,14,2,1.0,1208.23,513.37,1227.69,564.42,-1,cvat_interp
66,15,15,2,1.0,1304.4,584.66,1333.01,642.31,-1,cvat_interp
66,16,16,2,1.0,1759.32,546.9,1782.79,601.26,-1,cvat_interp
66,17,17,2,1.0,1241.36,506.44,1264.41,554.06,-1,cvat_interp
66,18,18,2,1.0,1281.69,418.08,1297.61,454.61,-1,cvat_interp
66,19,19,2,1.0,794.81,929.12,838.77,1033.87,-1,cvat_interp
66,20,20,3,1.0,306.88,422.03,324.62,456.47,-1,cvat_interp
66,21,21,3,1.0,677.9,573.34,701.76,633.91,-1,cvat_interp
66,22,22,1,1.0,1554.86,480.23,1582.61,521.65,-1,cvat_interp
66,24,24,0,1.0,1546.91,513.15,1555.12,520.85,-1,cvat_interp
67,0,0,2,1.0,348.12,723.3,378.93,803.04,-1,cvat_interp
67,1,1,2,1.0,469.34,607.78,499.61,670.63,-1,cvat_interp
67,2,2,2,1.0,429.98,587.44,461.48,651.42,-1,cvat_interp
67,3,3,2,1.0,294.69,555.37,318.58,615.6,-1,cvat_interp
67,4,4,2,1.0,391.5,527.96,416.97,577.76,-1,cvat_interp
67,5,5,2,1.0,392.54,485.6,414.48,530.21,-1,cvat_interp
67,6,6,2,1.0,436.76,439.41,456.81,476.12,-1,cvat_interp
67,7,7,2,1.0,704.75,432.51,723.44,468.01,-1,cvat_interp
67,8,8,2,1.0,662.83,512.63,683.93,566.62,-1,cvat_interp
67,9,9,2,1.0,497.84,504.1,519.27,555.56,-1,cvat_interp
67,10,10,2,1.0,906.64,472.21,926.71,519.34,-1,cvat_interp
67,11,11,2,1.0,1125.28,479.69,1140.06,524.76,-1,cvat_interp
67,12,12,2,1.0,1125.16,446.8,1138.92,488.81,-1,cvat_interp
67,13,13,2,1.0,1122.58,542.61,1145.98,595.61,-1,cvat_interp
67,14,14,2,1.0,1207.11,513.08,1226.57,564.13,-1,cvat_interp
67,15,15,2,1.0,1303.95,585.25,1332.81,642.36,-1,cvat_interp
67,16,16,2,1.0,1758.64,547.19,1783.18,601.04,-1,cvat_interp
67,17,17,2,1.0,1240.22,506.33,1263.27,553.82,-1,cvat_interp
67,18,18,2,1.0,1280.92,417.95,1296.84,454.48,-1,cvat_interp
67,19,19,2,1.0,793.91,929.92,837.88,1034.54,-1,cvat_interp
67,20,20,3,1.0,304.56,422.24,322.64,456.69,-1,cvat_interp
67,21,21,3,1.0,675.88,573.43,699.74,633.99,-1,cvat_interp
67,22,22,1,1.0,1552.45,480.29,1580.42,521.72,-1,cvat_interp
67,24,24,0,1.0,1546.0,513.22,1554.21,520.92,-1,cvat_interp
68,0,0,2,1.0,345.55,723.43,375.62,803.17,-1,cvat_interp
68,1,1,2,1.0,464.66,607.68,497.22,670.53,-1,cvat_interp
68,2,2,2,1.0,426.02,586.87,458.12,651.15,-1,cvat_interp
68,3,3,2,1.0,292.31,555.13,316.2,615.35,-1,cvat_interp
68,4,4,2,1.0,388.53,527.87,414.35,577.67,-1,cvat_interp
68,5,5,2,1.0,389.96,485.6,412.38,530.21,-1,cvat_interp
68,6,6,2,1.0,434.65,439.54,454.22,476.28,-1,cvat_interp
68,7,7,2,1.0,703.29,432.34,721.98,467.84,-1,cvat_interp
68,8,8,2,1.0,659.9,513.42,681.01,567.1,-1,cvat_interp
68,9,9,2,1.0,495.04,504.06,515.76,555.79,-1,cvat_interp
68,10,10,2,1.0,904.49,472.3,924.9,519.42,-1,cvat_interp
68,11,11,2,1.0,1124.63,479.79,1138.97,524.86,-1,cvat_interp
68,12,12,2,1.0,1123.84,446.73,1137.48,488.49,-1,cvat_interp
68,13,13,2,1.0,1121.68,542.52,1145.08,595.53,-1,cvat_interp
68,14,14,2,1.0,1205.98,512.79,1225.45,563.84,-1,cvat_interp
68,15,15,2,1.0,1303.5,585.85,1332.61,642.41,-1,cvat_interp
68,16,16,2,1.0,1757.96,547.48,1783.58,600.83,-1,cvat_interp
68,17,17,2,1.0,1239.08,506.22,1262.13,553.58,-1,cvat_interp
68,18,18,2,1.0,1280.15,417.83,1296.07,454.35,-1,cvat_interp
68,19,19,2,1.0,793.02,930.71,836.98,1035.2,-1,cvat_interp
68,20,20,3,1.0,302.24,422.46,320.66,456.9,-1,cvat_interp
68,21,21,3,1.0,673.86,573.52,697.71,634.08,-1,cvat_interp
68,22,22,1,1.0,1550.03,480.36,1578.23,521.78,-1,cvat_interp
68,24,24,0,1.0,1545.08,513.29,1553.29,520.99,-1,cvat_interp
69,0,0,2,1.0,342.98,723.56,372.31,803.3,-1,cvat_interp
69,1,1,2,1.0,459.98,607.58,494.83,670.43,-1,cvat_interp
69,2,2,2,1.0,422.07,586.3,454.76,650.87,-1,cvat_interp
69,3,3,2,1.0,289.92,554.88,313.81,615.1,-1,cvat_interp
69,4,4,2,1.0,385.57,527.79,411.73,577.59,-1,cvat_interp
69,5,5,2,1.0,387.38,485.6,410.27,530.2,-1,cvat_interp
69,6,6,2,1.0,432.54,439.67,451.62,476.44,-1,cvat_interp
69,7,7,2,1.0,701.83,432.16,720.52,467.66,-1,cvat_interp
69,8,8,2,1.0,656.98,514.21,678.08,567.58,-1,cvat_interp
69,9,9,2,1.0,492.25,504.01,512.25,556.02,-1,cvat_interp
69,10,10,2,1.0,902.35,472.39,923.1,519.51,-1,cvat_interp
69,11,11,2,1.0,1123.99,479.88,1137.89,524.96,-1,cvat_interp
69,12,12,2,1.0,1122.52,446.67,1136.03,488.17,-1,cvat_interp
69,13,13,2,1.0,1120.78,542.44,1144.18,595.44,-1,cvat_interp
69,14,14,2,1.0,1204.86,512.5,1224.32,563.55,-1,cvat_interp
69,15,15,2,1.0,1303.05,586.45,1332.41,642.45,-1,cvat_interp
69,16,16,2,1.0,1757.28,547.76,1783.97,600.61,-1,cvat_interp
69,17,17,2,1.0,1237.94,506.11,1260.99,553.34,-1,cvat_interp
69,18,18,2,1.0,1279.38,417.7,1295.3,454.22,-1,cvat_interp
69,19,19,2,1.0,792.12,931.51,836.09,1035.87,-1,cvat_interp
69,20,20,3,1.0,299.91,422.67,318.68,457.12,-1,cvat_interp
69,21,21,3,1.0,671.84,573.6,695.69,634.17,-1,cvat_interp
69,22,22,1,1.0,1547.62,480.42,1576.05,521.84,-1,cvat_interp
69,24,24,0,1.0,1544.16,513.37,1552.37,521.07,-1,cvat_interp
70,0,0,2,1.0,340.41,723.69,369.0,803.42,-1,cvat_keyframe
70,1,1,2,1.0,455.3,607.48,492.44,670.33,-1,cvat_keyframe
70,2,2,2,1.0,418.11,585.73,451.4,650.6,-1,cvat_keyframe
70,3,3,2,1.0,287.53,554.63,311.42,614.85,-1,cvat_keyframe
70,4,4,2,1.0,382.6,527.7,409.1,577.5,-1,cvat_keyframe
70,5,5,2,1.0,384.8,485.6,408.16,530.2,-1,cvat_keyframe
70,6,6,2,1.0,430.44,439.8,449.03,476.6,-1,cvat_keyframe
70,7,7,2,1.0,700.36,431.99,719.06,467.49,-1,cvat_keyframe
70,8,8,2,1.0,654.06,515.0,675.16,568.07,-1,cvat_keyframe
70,9,9,2,1.0,489.45,503.97,508.74,556.25,-1,cvat_keyframe
70,10,10,2,1.0,900.2,472.47,921.29,519.59,-1,cvat_keyframe
70,11,11,2,1.0,1123.35,479.98,1136.8,525.05,-1,cvat_keyframe
70,12,12,2,1.0,1121.2,446.6,1134.59,487.85,-1,cvat_keyframe
70,13,13,2,1.0,1119.88,542.35,1143.27,595.35,-1,cvat_keyframe
70,14,14,2,1.0,1203.73,512.22,1223.2,563.27,-1,cvat_keyframe
70,15,15,2,1.0,1302.6,587.05,1332.21,642.5,-1,cvat_keyframe
70,16,16,2,1.0,1756.6,548.05,1784.37,600.4,-1,cvat_keyframe
70,17,17,2,1.0,1236.8,506.0,1259.85,553.1,-1,cvat_keyframe
70,18,18,2,1.0,1278.61,417.57,1294.53,454.09,-1,cvat_keyframe
70,19,19,2,1.0,791.23,932.3,835.19,1036.54,-1,cvat_keyframe
70,20,20,3,1.0,297.59,422.89,316.7,457.33,-1,cvat_keyframe
70,21,21,3,1.0,669.82,573.69,693.67,634.25,-1,cvat_keyframe
70,22,22,1,1.0,1545.2,480.48,1573.86,521.9,-1,cvat_keyframe
70,24,24,0,1.0,1543.24,513.44,1551.45,521.14,-1,cvat_keyframe
71,0,0,2,1.0,336.93,724.23,366.85,804.16,-1,cvat_interp
71,1,1,2,1.0,450.84,607.64,487.98,670.49,-1,cvat_interp
71,2,2,2,1.0,413.65,585.89,446.94,650.76,-1,cvat_interp
71,3,3,2,1.0,284.48,554.68,309.2,614.91,-1,cvat_interp
71,4,4,2,1.0,379.42,528.11,405.22,577.6,-1,cvat_interp
71,5,5,2,1.0,382.17,485.76,404.5,530.36,-1,cvat_interp
71,6,6,2,1.0,427.34,440.04,446.14,476.79,-1,cvat_interp
71,7,7,2,1.0,698.29,432.11,716.44,467.61,-1,cvat_interp
71,8,8,2,1.0,650.81,514.76,671.91,567.82,-1,cvat_interp
71,9,9,2,1.0,486.03,504.1,506.36,556.15,-1,cvat_interp
71,10,10,2,1.0,898.54,472.44,919.06,519.56,-1,cvat_interp
71,11,11,2,1.0,1121.67,480.36,1135.12,525.01,-1,cvat_interp
71,12,12,2,1.0,1119.04,446.7,1132.43,487.94,-1,cvat_interp
71,13,13,2,1.0,1118.12,542.35,1141.15,595.04,-1,cvat_interp
71,14,14,2,1.0,1201.77,512.64,1220.94,562.98,-1,cvat_interp
71,15,15,2,1.0,1300.68,587.85,1334.79,642.91,-1,cvat_interp
71,16,16,2,1.0,1756.67,548.05,1783.71,600.4,-1,cvat_interp
71,17,17,2,1.0,1235.31,506.0,1258.65,553.1,-1,cvat_interp
71,18,18,2,1.0,1276.64,417.65,1292.56,454.18,-1,cvat_interp
71,19,19,2,1.0,788.46,933.31,832.42,1037.55,-1,cvat_interp
71,20,20,3,1.0,294.13,422.86,313.24,457.31,-1,cvat_interp
71,21,21,3,1.0,667.48,574.05,691.34,634.62,-1,cvat_interp
71,22,22,1,1.0,1543.61,480.3,1571.53,521.72,-1,cvat_interp
71,24,24,0,1.0,1546.5,515.24,1554.71,522.94,-1,cvat_interp
72,0,0,2,1.0,333.45,724.77,364.7,804.89,-1,cvat_interp
72,1,1,2,1.0,446.38,607.81,483.51,670.66,-1,cvat_interp
72,2,2,2,1.0,409.19,586.05,442.48,650.93,-1,cvat_interp
72,3,3,2,1.0,281.44,554.74,306.99,614.96,-1,cvat_interp
72,4,4,2,1.0,376.24,528.52,401.34,577.7,-1,cvat_interp
72,5,5,2,1.0,379.55,485.91,400.83,530.51,-1,cvat_interp
72,6,6,2,1.0,424.24,440.27,443.25,476.98,-1,cvat_interp
72,7,7,2,1.0,696.22,432.24,713.82,467.74,-1,cvat_interp
72,8,8,2,1.0,647.56,514.52,668.66,567.58,-1,cvat_interp
72,9,9,2,1.0,482.6,504.24,503.98,556.06,-1,cvat_interp
72,10,10,2,1.0,896.87,472.4,916.84,519.53,-1,cvat_interp
72,11,11,2,1.0,1119.99,480.75,1133.44,524.96,-1,cvat_interp
72,12,12,2,1.0,1116.89,446.8,1130.28,488.04,-1,cvat_interp
72,13,13,2,1.0,1116.36,542.35,1139.02,594.72,-1,cvat_interp
72,14,14,2,1.0,1199.81,513.07,1218.68,562.69,-1,cvat_interp
72,15,15,2,1.0,1298.76,588.66,1337.37,643.32,-1,cvat_interp
72,16,16,2,1.0,1756.74,548.05,1783.05,600.4,-1,cvat_interp
72,17,17,2,1.0,1233.81,506.0,1257.44,553.1,-1,cvat_interp
72,18,18,2,1.0,1274.66,417.73,1290.59,454.26,-1,cvat_interp
72,19,19,2,1.0,785.69,934.31,829.65,1038.55,-1,cvat_interp
72,20,20,3,1.0,290.66,422.83,309.77,457.28,-1,cvat_interp
72,21,21,3,1.0,665.14,574.42,689.0,634.98,-1,cvat_interp
72,22,22,1,1.0,1542.02,480.13,1569.19,521.55,-1,cvat_interp
72,24,24,0,1.0,1549.76,517.05,1557.97,524.75,-1,cvat_interp
73,0,0,2,1.0,329.97,725.32,362.55,805.63,-1,cvat_interp
73,1,1,2,1.0,441.92,607.97,479.05,670.82,-1,cvat_interp
73,2,2,2,1.0,404.73,586.22,438.02,651.09,-1,cvat_interp
73,3,3,2,1.0,278.39,554.79,304.77,615.02,-1,cvat_interp
73,4,4,2,1.0,373.06,528.94,397.46,577.8,-1,cvat_interp
73,5,5,2,1.0,376.92,486.07,397.16,530.67,-1,cvat_interp
73,6,6,2,1.0,421.15,440.51,440.36,477.17,-1,cvat_interp
73,7,7,2,1.0,694.15,432.36,711.21,467.86,-1,cvat_interp
73,8,8,2,1.0,644.31,514.27,665.42,567.34,-1,cvat_interp
73,9,9,2,1.0,479.18,504.37,501.6,555.97,-1,cvat_interp
73,10,10,2,1.0,895.21,472.37,914.61,519.49,-1,cvat_interp
73,11,11,2,1.0,1118.32,481.13,1131.77,524.92,-1,cvat_interp
73,12,12,2,1.0,1114.73,446.89,1128.12,488.14,-1,cvat_interp
73,13,13,2,1.0,1114.6,542.35,1136.89,594.41,-1,cvat_interp
73,14,14,2,1.0,1197.84,513.5,1216.43,562.4,-1,cvat_interp
73,15,15,2,1.0,1296.84,589.47,1339.95,643.72,-1,cvat_interp
73,16,16,2,1.0,1756.81,548.05,1782.4,600.4,-1,cvat_interp
73,17,17,2,1.0,1232.31,506.0,1256.24,553.1,-1,cvat_interp
73,18,18,2,1.0,1272.69,417.82,1288.62,454.34,-1,cvat_interp
73,19,19,2,1.0,782.92,935.32,826.88,1039.56,-1,cvat_interp
73,20,20,3,1.0,287.2,422.81,306.31,457.25,-1,cvat_interp
73,21,21,3,1.0,662.81,574.78,686.66,635.34,-1,cvat_interp
73,22,22,1,1.0,1540.43,479.95,1566.86,521.37,-1,cvat_interp
73,24,24,0,1.0,1553.02,518.85,1561.23,526.55,-1,cvat_interp
74,0,0,2,1.0,326.49,725.86,360.4,806.36,-1,cvat_interp
74,1,1,2,1.0,437.45,608.13,474.59,670.98,-1,cvat_interp
74,2,2,2,1.0,400.26,586.38,433.56,651.25,-1,cvat_interp
74,3,3,2,1.0,275.34,554.85,302.56,615.08,-1,cvat_interp
74,4,4,2,1.0,369.88,529.35,393.58,577.9,-1,cvat_interp
74,5,5,2,1.0,374.29,486.23,393.5,530.83,-1,cvat_interp
74,6,6,2,1.0,418.05,440.75,437.47,477.35,-1,cvat_interp
74,7,7,2,1.0,692.07,432.48,708.59,467.98,-1,cvat_interp
74,8,8,2,1.0,641.06,514.03,662.17,567.09,-1,cvat_interp
74,9,9,2,1.0,475.75,504.5,499.22,555.87,-1,cvat_interp
74,10,10,2,1.0,893.55,472.34,912.39,519.46,-1,cvat_interp
74,11,11,2,1.0,1116.64,481.52,1130.09,524.87,-1,cvat_interp
74,12,12,2,1.0,1112.58,446.99,1125.97,488.24,-1,cvat_interp
74,13,13,2,1.0,1112.84,542.35,1134.76,594.09,-1,cvat_interp
74,14,14,2,1.0,1195.88,513.93,1214.17,562.11,-1,cvat_interp
74,15,15,2,1.0,1294.92,590.27,1342.53,644.13,-1,cvat_interp
74,16,16,2,1.0,1756.88,548.05,1781.74,600.4,-1,cvat_interp
74,17,17,2,1.0,1230.82,506.0,1255.03,553.1,-1,cvat_interp
74,18,18,2,1.0,1270.72,417.9,1286.65,454.42,-1,cvat_interp
74,19,19,2,1.0,780.15,936.33,824.11,1040.57,-1,cvat_interp
74,20,20,3,1.0,283.74,422.78,302.85,457.23,-1,cvat_interp
74,21,21,3,1.0,660.47,575.14,684.32,635.71,-1,cvat_interp
74,22,22,1,1.0,1538.84,479.77,1564.53,521.2,-1,cvat_interp
74,24,24,0,1.0,1556.27,520.65,1564.49,528.35,-1,cvat_interp
75,0,0,2,1.0,323.01,726.41,358.25,807.1,-1,cvat_interp
75,1,1,2,1.0,432.99,608.3,470.13,671.15,-1,cvat_interp
75,2,2,2,1.0,395.8,586.54,429.09,651.42,-1,cvat_interp
75,3,3,2,1.0,272.29,554.9,300.34,615.13,-1,cvat_interp
75,4,4,2,1.0,366.7,529.76,389.7,578.0,-1,cvat_interp
75,5,5,2,1.0,371.67,486.38,389.83,530.98,-1,cvat_interp
75,6,6,2,1.0,414.96,440.98,434.57,477.54,-1,cvat_interp
75,7,7,2,1.0,690.0,432.6,705.98,468.1,-1,cvat_interp
75,8,8,2,1.0,637.81,513.79,658.92,566.85,-1,cvat_interp
75,9,9,2,1.0,472.33,504.63,496.84,555.78,-1,cvat_interp
75,10,10,2,1.0,891.88,472.3,910.16,519.43,-1,cvat_interp
75,11,11,2,1.0,1114.96,481.91,1128.41,524.83,-1,cvat_interp
75,12,12,2,1.0,1110.42,447.09,1123.81,488.34,-1,cvat_interp
75,13,13,2,1.0,1111.08,542.35,1132.64,593.78,-1,cvat_interp
75,14,14,2,1.0,1193.92,514.36,1211.91,561.82,-1,cvat_interp
75,15,15,2,1.0,1293.0,591.08,1345.11,644.54,-1,cvat_keyframe
75,16,16,2,1.0,1756.95,548.05,1781.08,600.4,-1,cvat_interp
75,17,17,2,1.0,1229.32,506.0,1253.83,553.1,-1,cvat_interp
75,18,18,2,1.0,1268.75,417.98,1284.67,454.51,-1,cvat_interp
75,19,19,2,1.0,777.38,937.34,821.34,1041.58,-1,cvat_interp
75,20,20,3,1.0,280.27,422.76,299.38,457.2,-1,cvat_interp
75,21,21,3,1.0,658.13,575.51,681.98,636.07,-1,cvat_interp
75,22,22,1,1.0,1537.25,479.6,1562.2,521.02,-1,cvat_interp
75,24,24,0,1.0,1559.53,522.46,1567.74,530.16,-1,cvat_interp
76,0,0,2,1.0,319.53,726.95,356.1,807.83,-1,cvat_interp
76,1,1,2,1.0,428.53,608.46,465.67,671.31,-1,cvat_interp
76,2,2,2,1.0,391.34,586.71,424.63,651.58,-1,cvat_interp
76,3,3,2,1.0,269.25,554.95,298.13,615.19,-1,cvat_interp
76,4,4,2,1.0,363.52,530.17,385.82,578.1,-1,cvat_interp
76,5,5,2,1.0,369.04,486.54,386.16,531.14,-1,cvat_interp
76,6,6,2,1.0,411.86,441.22,431.68,477.73,-1,cvat_interp
76,7,7,2,1.0,687.93,432.72,703.36,468.22,-1,cvat_interp
76,8,8,2,1.0,634.57,513.55,655.67,566.61,-1,cvat_interp
76,9,9,2,1.0,468.91,504.77,494.46,555.69,-1,cvat_interp
76,10,10,2,1.0,890.22,472.27,907.94,519.39,-1,cvat_keyframe
76,11,11,2,1.0,1113.28,482.29,1126.73,524.78,-1,cvat_interp
76,12,12,2,1.0,1108.26,447.19,1121.65,488.43,-1,cvat_interp
76,13,13,2,1.0,1109.33,542.35,1130.51,593.46,-1,cvat_interp
76,14,14,2,1.0,1191.95,514.79,1209.66,561.53,-1,cvat_interp
76,15,15,2,1.0,1299.39,590.7,1341.12,643.75,-1,cvat_keyframe
76,16,16,2,1.0,1757.02,548.05,1780.43,600.4,-1,cvat_interp
76,17,17,2,1.0,1227.83,506.0,1252.62,553.1,-1,cvat_interp
76,18,18,2,1.0,1266.78,418.07,1282.7,454.59,-1,cvat_interp
76,19,19,2,1.0,774.61,938.34,818.57,1042.58,-1,cvat_interp
76,20,20,3,1.0,276.81,422.73,295.92,457.17,-1,cvat_interp
76,21,21,3,1.0,655.79,575.87,679.65,636.44,-1,cvat_interp
76,22,22,1,1.0,1535.66,479.42,1559.86,520.84,-1,cvat_interp
76,24,24,0,1.0,1562.79,524.26,1571.0,531.96,-1,cvat_interp
77,0,0,2,1.0,316.04,727.49,353.95,808.57,-1,cvat_interp
77,1,1,2,1.0,424.07,608.62,461.21,671.47,-1,cvat_interp
77,2,2,2,1.0,386.88,586.87,420.17,651.74,-1,cvat_interp
77,3,3,2,1.0,266.2,555.01,295.91,615.24,-1,cvat_interp
77,4,4,2,1.0,360.34,530.58,381.94,578.2,-1,cvat_interp
77,5,5,2,1.0,366.41,486.7,382.5,531.3,-1,cvat_interp
77,6,6,2,1.0,408.76,441.45,428.79,477.91,-1,cvat_interp
77,7,7,2,1.0,685.85,432.85,700.75,468.35,-1,cvat_interp
77,8,8,2,1.0,631.32,513.3,652.42,566.37,-1,cvat_interp
77,9,9,2,1.0,465.48,504.9,492.08,555.59,-1,cvat_interp
77,10,10,2,1.0,887.55,472.36,904.7,519.49,-1,cvat_interp
77,11,11,2,1.0,1111.6,482.68,1125.05,524.74,-1,cvat_interp
77,12,12,2,1.0,1106.11,447.29,1119.5,488.53,-1,cvat_interp
77,13,13,2,1.0,1107.57,542.35,1128.38,593.15,-1,cvat_interp
77,14,14,2,1.0,1189.99,515.21,1207.4,561.24,-1,cvat_interp
77,15,15,2,1.0,1303.5,590.72,1347.25,643.38,-1,cvat_keyframe
77,16,16,2,1.0,1757.09,548.05,1779.77,600.4,-1,cvat_interp
77,17,17,2,1.0,1226.33,506.0,1251.42,553.1,-1,cvat_interp
77,18,18,2,1.0,1264.81,418.15,1280.73,454.67,-1,cvat_interp
77,19,19,2,1.0,771.84,939.35,815.8,1043.59,-1,cvat_interp
77,20,20,3,1.0,273.35,422.7,292.45,457.15,-1,cvat_interp
77,21,21,3,1.0,653.46,576.24,677.31,636.8,-1,cvat_interp
77,22,22,1,1.0,1534.07,479.24,1557.53,520.67,-1,cvat_interp
77,24,24,0,1.0,1566.05,526.06,1574.26,533.76,-1,cvat_interp
78,0,0,2,1.0,312.56,728.04,351.8,809.3,-1,cvat_keyframe
78,1,1,2,1.0,419.61,608.78,456.74,671.64,-1,cvat_interp
78,2,2,2,1.0,382.42,587.03,415.71,651.91,-1,cvat_interp
78,3,3,2,1.0,263.15,555.06,293.7,615.3,-1,cvat_keyframe
78,4,4,2,1.0,357.16,530.99,378.06,578.3,-1,cvat_interp
78,5,5,2,1.0,363.79,486.85,378.83,531.45,-1,cvat_interp
78,6,6,2,1.0,405.67,441.69,425.9,478.1,-1,cvat_keyframe
78,7,7,2,1.0,683.78,432.97,698.13,468.47,-1,cvat_interp
78,8,8,2,1.0,628.07,513.06,649.17,566.12,-1,cvat_interp
78,9,9,2,1.0,462.06,505.03,489.7,555.5,-1,cvat_keyframe
78,10,10,2,1.0,884.88,472.46,901.47,519.58,-1,cvat_interp
78,11,11,2,1.0,1109.92,483.06,1123.38,524.69,-1,cvat_interp
78,12,12,2,1.0,1103.95,447.38,1117.34,488.63,-1,cvat_interp
78,13,13,2,1.0,1105.81,542.35,1126.25,592.83,-1,cvat_interp
78,14,14,2,1.0,1188.03,515.64,1205.14,560.96,-1,cvat_interp
78,15,15,2,1.0,1305.3,591.25,1349.4,643.51,-1,cvat_interp
78,16,16,2,1.0,1757.16,548.05,1779.11,600.4,-1,cvat_interp
78,17,17,2,1.0,1224.84,506.0,1250.21,553.1,-1,cvat_interp
78,18,18,2,1.0,1262.84,418.23,1278.76,454.76,-1,cvat_interp
78,19,19,2,1.0,769.07,940.36,813.03,1044.6,-1,cvat_interp
78,20,20,3,1.0,269.88,422.68,288.99,457.12,-1,cvat_interp
78,21,21,3,1.0,651.12,576.6,674.97,637.17,-1,cvat_interp
78,22,22,1,1.0,1532.48,479.07,1555.2,520.49,-1,cvat_interp
78,24,24,0,1.0,1569.3,527.87,1577.52,535.57,-1,cvat_interp
79,0,0,2,1.0,309.08,728.58,345.17,809.08,-1,cvat_interp
79,1,1,2,1.0,415.15,608.95,452.28,671.8,-1,cvat_interp
79,2,2,2,1.0,377.96,587.2,411.25,652.07,-1,cvat_interp
79,3,3,2,1.0,260.11,555.12,287.33,615.35,-1,cvat_interp
79,4,4,2,1.0,353.98,531.4,374.18,578.4,-1,cvat_interp
79,5,5,2,1.0,361.16,487.01,375.17,531.61,-1,cvat_interp
79,6,6,2,1.0,402.57,441.93,421.98,478.53,-1,cvat_interp
79,7,7,2,1.0,681.71,433.09,695.52,468.59,-1,cvat_interp
79,8,8,2,1.0,624.82,512.82,645.92,565.88,-1,cvat_interp
79,9,9,2,1.0,458.63,505.17,483.1,555.42,-1,cvat_interp
79,10,10,2,1.0,882.21,472.55,898.23,519.67,-1,cvat_interp
79,11,11,2,1.0,1108.25,483.45,1121.7,524.65,-1,cvat_interp
79,12,12,2,1.0,1101.8,447.48,1115.19,488.73,-1,cvat_interp
79,13,13,2,1.0,1104.05,542.35,1124.13,592.52,-1,cvat_interp
79,14,14,2,1.0,1186.06,516.07,1202.89,560.67,-1,cvat_interp
79,15,15,2,1.0,1307.1,591.77,1351.55,643.63,-1,cvat_interp
79,16,16,2,1.0,1757.23,548.05,1778.46,600.4,-1,cvat_interp
79,17,17,2,1.0,1223.34,506.0,1249.01,553.1,-1,cvat_interp
79,18,18,2,1.0,1260.87,418.32,1276.79,454.84,-1,cvat_interp
79,19,19,2,1.0,766.3,941.36,810.26,1045.61,-1,cvat_interp
79,20,20,3,1.0,266.42,422.65,285.53,457.1,-1,cvat_interp
79,21,21,3,1.0,648.78,576.97,672.63,637.53,-1,cvat_interp
79,22,22,1,1.0,1530.89,478.89,1552.87,520.31,-1,cvat_interp
79,24,24,0,1.0,1572.56,529.67,1580.77,537.37,-1,cvat_interp
80,0,0,2,1.0,305.6,729.13,338.53,808.86,-1,cvat_keyframe
80,1,1,2,1.0,410.68,609.11,447.82,671.96,-1,cvat_keyframe
80,2,2,2,1.0,373.5,587.36,406.79,652.23,-1,cvat_keyframe
80,3,3,2,1.0,257.06,555.17,280.95,615.4,-1,cvat_keyframe
80,4,4,2,1.0,350.8,531.82,370.29,578.5,-1,cvat_keyframe
80,5,5,2,1.0,358.54,487.17,371.5,531.77,-1,cvat_keyframe
80,6,6,2,1.0,399.47,442.16,418.07,478.97,-1,cvat_keyframe
80,7,7,2,1.0,679.64,433.21,692.9,468.71,-1,cvat_keyframe
80,8,8,2,1.0,621.57,512.57,642.68,565.64,-1,cvat_keyframe
80,9,9,2,1.0,455.21,505.3,476.5,555.34,-1,cvat_keyframe
80,10,10,2,1.0,879.53,472.64,895.0,519.76,-1,cvat_keyframe
80,11,11,2,1.0,1106.57,483.83,1120.02,524.6,-1,cvat_keyframe
80,12,12,2,1.0,1099.64,447.58,1113.03,488.83,-1,cvat_keyframe
80,13,13,2,1.0,1102.29,542.35,1122.0,592.2,-1,cvat_keyframe
80,14,14,2,1.0,1184.1,516.5,1200.63,560.38,-1,cvat_keyframe
80,15,15,2,1.0,1308.9,592.3,1353.7,643.76,-1,cvat_keyframe
80,16,16,2,1.0,1757.3,548.05,1777.8,600.4,-1,cvat_keyframe
80,17,17,2,1.0,1221.85,506.0,1247.8,553.1,-1,cvat_keyframe
80,18,18,2,1.0,1258.9,418.4,1274.82,454.92,-1,cvat_keyframe
80,19,19,2,1.0,763.53,942.37,807.49,1046.61,-1,cvat_keyframe
80,20,20,3,1.0,262.96,422.62,282.06,457.07,-1,cvat_keyframe
80,21,21,3,1.0,646.44,577.33,670.3,637.89,-1,cvat_keyframe
80,22,22,1,1.0,1529.3,478.72,1550.53,520.14,-1,cvat_keyframe
80,24,24,0,1.0,1575.82,531.47,1584.03,539.17,-1,cvat_keyframe
81,0,0,2,1.0,301.56,730.65,335.8,810.39,-1,cvat_interp
81,1,1,2,1.0,406.1,609.77,443.24,672.62,-1,cvat_interp
81,2,2,2,1.0,369.13,587.9,402.42,652.78,-1,cvat_interp
81,3,3,2,1.0,252.92,555.39,277.18,615.62,-1,cvat_interp
81,4,4,2,1.0,346.89,532.15,367.27,578.83,-1,cvat_interp
81,5,5,2,1.0,353.84,487.38,368.38,531.95,-1,cvat_interp
81,6,6,2,1.0,395.9,442.28,414.5,479.09,-1,cvat_interp
81,7,7,2,1.0,676.9,433.02,690.16,468.52,-1,cvat_interp
81,8,8,2,1.0,616.96,512.59,638.48,565.65,-1,cvat_interp
81,9,9,2,1.0,450.91,505.27,472.71,555.46,-1,cvat_interp
81,10,10,2,1.0,875.55,472.87,892.06,519.99,-1,cvat_interp
81,11,11,2,1.0,1104.4,483.84,1118.0,525.09,-1,cvat_interp
81,12,12,2,1.0,1097.2,447.37,1110.59,488.61,-1,cvat_interp
81,13,13,2,1.0,1100.19,542.32,1120.15,592.17,-1,cvat_interp
81,14,14,2,1.0,1181.99,516.73,1198.52,560.61,-1,cvat_interp
81,15,15,2,1.0,1311.18,592.01,1354.52,643.47,-1,cvat_interp
81,16,16,2,1.0,1756.44,548.05,1778.17,600.4,-1,cvat_interp
81,17,17,2,1.0,1220.93,507.0,1247.25,553.33,-1,cvat_interp
81,18,18,2,1.0,1256.68,418.47,1272.61,455.0,-1,cvat_interp
81,19,19,2,1.0,761.23,943.57,805.73,1047.81,-1,cvat_interp
81,20,20,3,1.0,258.99,423.36,278.1,457.8,-1,cvat_interp
81,21,21,3,1.0,643.45,577.55,667.79,637.86,-1,cvat_interp
81,22,22,1,1.0,1527.35,478.72,1549.35,520.14,-1,cvat_interp
81,24,24,0,1.0,1579.96,533.67,1588.17,541.37,-1,cvat_interp
82,0,0,2,1.0,297.53,732.18,333.08,811.92,-1,cvat_interp
82,1,1,2,1.0,401.52,610.42,438.66,673.27,-1,cvat_interp
82,2,2,2,1.0,364.77,588.45,398.06,653.32,-1,cvat_interp
82,3,3,2,1.0,248.77,555.61,273.41,615.83,-1,cvat_interp
82,4,4,2,1.0,342.98,532.48,364.25,579.17,-1,cvat_interp
82,5,5,2,1.0,349.14,487.59,365.25,532.13,-1,cvat_interp
82,6,6,2,1.0,392.33,442.4,410.92,479.21,-1,cvat_interp
82,7,7,2,1.0,674.16,432.82,687.43,468.32,-1,cvat_interp
82,8,8,2,1.0,612.35,512.6,634.28,565.66,-1,cvat_interp
82,9,9,2,1.0,446.61,505.23,468.93,555.58,-1,cvat_interp
82,10,10,2,1.0,871.56,473.1,889.12,520.22,-1,cvat_interp
82,11,11,2,1.0,1102.23,483.85,1115.98,525.58,-1,cvat_interp
82,12,12,2,1.0,1094.75,447.16,1108.14,488.4,-1,cvat_interp
82,13,13,2,1.0,1098.08,542.29,1118.3,592.14,-1,cvat_interp
82,14,14,2,1.0,1179.87,516.96,1196.41,560.84,-1,cvat_interp
82,15,15,2,1.0,1313.46,591.73,1355.34,643.19,-1,cvat_interp
82,16,16,2,1.0,1755.58,548.05,1778.55,600.4,-1,cvat_interp
82,17,17,2,1.0,1220.02,508.0,1246.7,553.56,-1,cvat_interp
82,18,18,2,1.0,1254.47,418.55,1270.39,455.07,-1,cvat_interp
82,19,19,2,1.0,758.94,944.76,803.97,1049.0,-1,cvat_interp
82,20,20,3,1.0,255.03,424.09,274.14,458.54,-1,cvat_interp
82,21,21,3,1.0,640.46,577.77,665.28,637.82,-1,cvat_interp
82,22,22,1,1.0,1525.41,478.72,1548.18,520.14,-1,cvat_interp
82,24,24,0,1.0,1584.1,535.88,1592.31,543.58,-1,cvat_interp
83,0,0,2,1.0,293.49,733.71,330.35,813.45,-1,cvat_interp
83,1,1,2,1.0,396.94,611.07,434.08,673.93,-1,cvat_interp
83,2,2,2,1.0,360.41,588.99,393.7,653.87,-1,cvat_interp
83,3,3,2,1.0,244.63,555.83,269.64,616.05,-1,cvat_interp
83,4,4,2,1.0,339.06,532.82,361.22,579.5,-1,cvat_interp
83,5,5,2,1.0,344.44,487.8,362.12,532.3,-1,cvat_interp
83,6,6,2,1.0,388.75,442.53,407.35,479.33,-1,cvat_interp
83,7,7,2,1.0,671.42,432.62,684.69,468.12,-1,cvat_interp
83,8,8,2,1.0,607.74,512.61,630.09,565.67,-1,cvat_interp
83,9,9,2,1.0,442.31,505.2,465.14,555.7,-1,cvat_interp
83,10,10,2,1.0,867.57,473.33,886.19,520.46,-1,cvat_interp
83,11,11,2,1.0,1100.06,483.86,1113.97,526.07,-1,cvat_interp
83,12,12,2,1.0,1092.31,446.94,1105.7,488.19,-1,cvat_interp
83,13,13,2,1.0,1095.97,542.26,1116.45,592.11,-1,cvat_interp
83,14,14,2,1.0,1177.76,517.19,1194.29,561.06,-1,cvat_interp
83,15,15,2,1.0,1315.75,591.44,1356.16,642.9,-1,cvat_interp
83,16,16,2,1.0,1754.71,548.05,1778.92,600.4,-1,cvat_interp
83,17,17,2,1.0,1219.1,509.0,1246.15,553.78,-1,cvat_interp
83,18,18,2,1.0,1252.26,418.62,1268.18,455.14,-1,cvat_interp
83,19,19,2,1.0,756.64,945.95,802.21,1050.2,-1,cvat_interp
83,20,20,3,1.0,251.07,424.83,270.18,459.27,-1,cvat_interp
83,21,21,3,1.0,637.46,577.98,662.77,637.78,-1,cvat_interp
83,22,22,1,1.0,1523.46,478.72,1547.0,520.14,-1,cvat_interp
83,24,24,0,1.0,1588.24,538.08,1596.45,545.78,-1,cvat_interp
84,0,0,2,1.0,289.45,735.24,327.62,814.97,-1,cvat_interp
84,1,1,2,1.0,392.36,611.73,429.5,674.58,-1,cvat_interp
84,2,2,2,1.0,356.04,589.54,389.33,654.41,-1,cvat_interp
84,3,3,2,1.0,240.48,556.04,265.88,616.27,-1,cvat_interp
84,4,4,2,1.0,335.15,533.15,358.2,579.83,-1,cvat_interp
84,5,5,2,1.0,339.75,488.01,359.0,532.48,-1,cvat_interp
84,6,6,2,1.0,385.18,442.65,403.77,479.45,-1,cvat_interp
84,7,7,2,1.0,668.69,432.43,681.95,467.93,-1,cvat_interp
84,8,8,2,1.0,603.14,512.62,625.89,565.68,-1,cvat_interp
84,9,9,2,1.0,438.01,505.16,461.35,555.82,-1,cvat_interp
84,10,10,2,1.0,863.58,473.56,883.25,520.69,-1,cvat_interp
84,11,11,2,1.0,1097.88,483.87,1111.95,526.56,-1,cvat_interp
84,12,12,2,1.0,1089.87,446.73,1103.26,487.97,-1,cvat_interp
84,13,13,2,1.0,1093.86,542.23,1114.6,592.08,-1,cvat_interp
84,14,14,2,1.0,1175.65,517.41,1192.18,561.29,-1,cvat_interp
84,15,15,2,1.0,1318.03,591.16,1356.98,642.62,-1,cvat_interp
84,16,16,2,1.0,1753.85,548.05,1779.3,600.4,-1,cvat_interp
84,17,17,2,1.0,1218.19,510.0,1245.6,554.01,-1,cvat_interp
84,18,18,2,1.0,1250.05,418.69,1265.97,455.21,-1,cvat_interp
84,19,19,2,1.0,754.35,947.15,800.45,1051.39,-1,cvat_interp
84,20,20,3,1.0,247.11,425.56,266.22,460.01,-1,cvat_interp
84,21,21,3,1.0,634.47,578.2,660.26,637.75,-1,cvat_interp
84,22,22,1,1.0,1521.51,478.72,1545.82,520.14,-1,cvat_interp
84,24,24,0,1.0,1592.38,540.28,1600.59,547.98,-1,cvat_interp
85,0,0,2,1.0,285.41,736.76,324.9,816.5,-1,cvat_interp
85,1,1,2,1.0,387.78,612.38,424.91,675.23,-1,cvat_interp
85,2,2,2,1.0,351.68,590.09,384.97,654.96,-1,cvat_interp
85,3,3,2,1.0,236.34,556.26,262.11,616.49,-1,cvat_interp
85,4,4,2,1.0,331.24,533.48,355.17,580.17,-1,cvat_interp
85,5,5,2,1.0,335.05,488.23,355.88,532.66,-1,cvat_interp
85,6,6,2,1.0,381.61,442.77,400.2,479.57,-1,cvat_interp
85,7,7,2,1.0,665.95,432.23,679.21,467.73,-1,cvat_interp
85,8,8,2,1.0,598.53,512.63,621.69,565.69,-1,cvat_interp
85,9,9,2,1.0,433.71,505.13,457.56,555.94,-1,cvat_interp
85,10,10,2,1.0,859.59,473.79,880.31,520.92,-1,cvat_interp
85,11,11,2,1.0,1095.71,483.88,1109.93,527.05,-1,cvat_interp
85,12,12,2,1.0,1087.42,446.52,1100.81,487.76,-1,cvat_interp
85,13,13,2,1.0,1091.75,542.2,1112.75,592.05,-1,cvat_interp
85,14,14,2,1.0,1173.54,517.64,1190.07,561.52,-1,cvat_interp
85,15,15,2,1.0,1320.32,590.87,1357.8,642.33,-1,cvat_keyframe
85,16,16,2,1.0,1752.99,548.05,1779.67,600.4,-1,cvat_interp
85,17,17,2,1.0,1217.28,511.0,1245.05,554.24,-1,cvat_interp
85,18,18,2,1.0,1247.84,418.76,1263.76,455.29,-1,cvat_interp
85,19,19,2,1.0,752.05,948.34,798.68,1052.58,-1,cvat_interp
85,20,20,3,1.0,243.15,426.29,262.26,460.74,-1,cvat_interp
85,21,21,3,1.0,631.48,578.42,657.75,637.71,-1,cvat_interp
85,22,22,1,1.0,1519.57,478.72,1544.64,520.14,-1,cvat_interp
85,24,24,0,1.0,1596.51,542.49,1604.73,550.19,-1,cvat_keyframe
86,0,0,2,1.0,281.38,738.29,322.17,818.03,-1,cvat_interp
86,1,1,2,1.0,383.2,613.04,420.33,675.89,-1,cvat_interp
86,2,2,2,1.0,347.32,590.63,380.61,655.51,-1,cvat_interp
86,3,3,2,1.0,232.19,556.48,258.34,616.71,-1,cvat_interp
86,4,4,2,1.0,327.33,533.82,352.15,580.5,-1,cvat_interp
86,5,5,2,1.0,330.35,488.44,352.75,532.84,-1,cvat_interp
86,6,6,2,1.0,378.03,442.89,396.63,479.69,-1,cvat_interp
86,7,7,2,1.0,663.21,432.04,676.48,467.54,-1,cvat_interp
86,8,8,2,1.0,593.92,512.64,617.5,565.7,-1,cvat_interp
86,9,9,2,1.0,429.41,505.1,453.78,556.06,-1,cvat_interp
86,10,10,2,1.0,855.61,474.02,877.38,521.15,-1,cvat_interp
86,11,11,2,1.0,1093.54,483.88,1107.92,527.54,-1,cvat_interp
86,12,12,2,1.0,1084.98,446.3,1098.37,487.55,-1,cvat_interp
86,13,13,2,1.0,1089.64,542.17,1110.9,592.02,-1,cvat_interp
86,14,14,2,1.0,1171.42,517.87,1187.95,561.75,-1,cvat_interp
86,15,15,2,1.0,1322.6,590.59,1362.52,642.05,-1,cvat_interp
86,16,16,2,1.0,1752.13,548.05,1780.05,600.4,-1,cvat_interp
86,17,17,2,1.0,1216.36,512.0,1244.5,554.47,-1,cvat_interp
86,18,18,2,1.0,1245.62,418.84,1261.55,455.36,-1,cvat_interp
86,19,19,2,1.0,749.76,949.54,796.92,1053.78,-1,cvat_interp
86,20,20,3,1.0,239.19,427.03,258.29,461.47,-1,cvat_interp
86,21,21,3,1.0,628.49,578.64,655.24,637.67,-1,cvat_interp
86,22,22,1,1.0,1517.62,478.72,1543.46,520.14,-1,cvat_interp
86,24,24,0,1.0,1600.49,544.22,1608.7,551.92,-1,cvat_interp
87,0,0,2,1.0,277.34,739.82,319.44,819.55,-1,cvat_interp
87,1,1,2,1.0,378.61,613.69,415.75,676.54,-1,cvat_interp
87,2,2,2,1.0,342.95,591.18,376.24,656.05,-1,cvat_interp
87,3,3,2,1.0,228.05,556.7,254.57,616.92,-1,cvat_interp
87,4,4,2,1.0,323.41,534.15,349.12,580.83,-1,cvat_interp
87,5,5,2,1.0,325.66,488.65,349.62,533.02,-1,cvat_interp
87,6,6,2,1.0,374.46,443.01,393.05,479.81,-1,cvat_interp
87,7,7,2,1.0,660.47,431.84,673.74,467.34,-1,cvat_interp
87,8,8,2,1.0,589.31,512.65,613.3,565.71,-1,cvat_interp
87,9,9,2,1.0,425.11,505.06,449.99,556.18,-1,cvat_interp
87,10,10,2,1.0,851.62,474.25,874.44,521.38,-1,cvat_interp
87,11,11,2,1.0,1091.37,483.89,1105.9,528.04,-1,cvat_interp
87,12,12,2,1.0,1082.54,446.09,1095.93,487.34,-1,cvat_interp
87,13,13,2,1.0,1087.53,542.15,1109.05,591.99,-1,cvat_interp
87,14,14,2,1.0,1169.31,518.1,1185.84,561.98,-1,cvat_interp
87,15,15,2,1.0,1324.89,590.3,1367.25,641.76,-1,cvat_interp
87,16,16,2,1.0,1751.26,548.05,1780.42,600.4,-1,cvat_interp
87,17,17,2,1.0,1215.45,513.0,1243.95,554.7,-1,cvat_interp
87,18,18,2,1.0,1243.41,418.91,1259.33,455.43,-1,cvat_interp
87,19,19,2,1.0,747.46,950.73,795.16,1054.97,-1,cvat_interp
87,20,20,3,1.0,235.23,427.76,254.33,462.21,-1,cvat_interp
87,21,21,3,1.0,625.49,578.86,652.73,637.64,-1,cvat_interp
87,22,22,1,1.0,1515.67,478.72,1542.28,520.14,-1,cvat_interp
87,24,24,0,1.0,1604.47,545.96,1612.68,553.66,-1,cvat_interp
88,0,0,2,1.0,273.3,741.34,316.72,821.08,-1,cvat_keyframe
88,1,1,2,1.0,374.03,614.35,411.17,677.2,-1,cvat_keyframe
88,2,2,2,1.0,338.59,591.72,371.88,656.6,-1,cvat_keyframe
88,3,3,2,1.0,223.9,556.92,250.8,617.14,-1,cvat_keyframe
88,4,4,2,1.0,319.5,534.48,346.1,581.17,-1,cvat_keyframe
88,5,5,2,1.0,320.96,488.86,346.5,533.2,-1,cvat_keyframe
88,6,6,2,1.0,370.89,443.13,389.48,479.94,-1,cvat_keyframe
88,7,7,2,1.0,657.74,431.65,671.0,467.15,-1,cvat_keyframe
88,8,8,2,1.0,584.7,512.66,609.1,565.72,-1,cvat_keyframe
88,9,9,2,1.0,420.8,505.03,446.2,556.3,-1,cvat_keyframe
88,10,10,2,1.0,847.63,474.48,871.5,521.61,-1,cvat_keyframe
88,11,11,2,1.0,1089.2,483.9,1103.88,528.53,-1,cvat_keyframe
88,12,12,2,1.0,1080.09,445.88,1093.48,487.12,-1,cvat_keyframe
88,13,13,2,1.0,1085.42,542.12,1107.2,591.97,-1,cvat_keyframe
88,14,14,2,1.0,1167.2,518.33,1183.73,562.21,-1,cvat_keyframe
88,15,15,2,1.0,1327.17,590.02,1371.97,641.48,-1,cvat_keyframe
88,16,16,2,1.0,1750.4,548.05,1780.8,600.4,-1,cvat_keyframe
88,17,17,2,1.0,1214.54,514.0,1243.4,554.93,-1,cvat_keyframe
88,18,18,2,1.0,1241.2,418.98,1257.12,455.5,-1,cvat_keyframe
88,19,19,2,1.0,745.17,951.93,793.4,1056.17,-1,cvat_keyframe
88,20,20,3,1.0,231.26,428.5,250.37,462.94,-1,cvat_keyframe
88,21,21,3,1.0,622.5,579.08,650.23,637.6,-1,cvat_keyframe
88,22,22,1,1.0,1513.72,478.72,1541.1,520.14,-1,cvat_keyframe
88,24,24,0,1.0,1608.45,547.69,1616.66,555.39,-1,cvat_interp
89,0,0,2,1.0,270.1,741.34,313.06,821.08,-1,cvat_interp
89,1,1,2,1.0,369.83,613.13,401.14,675.98,-1,cvat_interp
89,2,2,2,1.0,335.23,590.1,364.86,654.97,-1,cvat_interp
89,3,3,2,1.0,219.15,556.92,247.72,617.14,-1,cvat_interp
89,4,4,2,1.0,315.24,534.24,341.84,580.93,-1,cvat_interp
89,5,5,2,1.0,316.69,490.05,342.24,534.38,-1,cvat_interp
89,6,6,2,1.0,365.64,442.86,384.24,479.66,-1,cvat_interp
89,7,7,2,1.0,654.7,432.62,667.97,468.12,-1,cvat_interp
89,8,8,2,1.0,580.32,513.32,607.35,566.38,-1,cvat_interp
89,9,9,2,1.0,415.35,505.25,442.92,556.52,-1,cvat_interp
89,10,10,2,1.0,844.72,474.48,868.59,521.61,-1,cvat_interp
89,11,11,2,1.0,1087.23,483.77,1101.91,528.39,-1,cvat_interp
89,12,12,2,1.0,1077.76,445.83,1091.14,487.07,-1,cvat_interp
89,13,13,2,1.0,1084.51,542.12,1107.2,591.98,-1,cvat_interp
89,14,14,2,1.0,1164.3,518.33,1183.73,562.2,-1,cvat_interp
89,15,15,2,1.0,1327.17,590.02,1374.94,641.48,-1,cvat_interp
89,16,16,2,1.0,1749.25,548.18,1779.65,600.53,-1,cvat_interp
89,17,17,2,1.0,1212.82,514.0,1243.4,554.51,-1,cvat_interp
89,18,18,2,1.0,1239.63,419.08,1255.56,455.6,-1,cvat_interp
89,19,19,2,1.0,741.62,953.79,793.04,1058.03,-1,cvat_interp
89,20,20,3,1.0,225.73,427.67,247.04,462.11,-1,cvat_interp
89,21,21,3,1.0,620.27,579.08,648.0,637.6,-1,cvat_interp
89,22,22,1,1.0,1511.17,478.93,1540.25,520.35,-1,cvat_interp
89,24,24,0,1.0,1612.43,549.43,1620.64,557.13,-1,cvat_interp
90,0,0,2,1.0,266.9,741.34,309.4,821.08,-1,cvat_keyframe
90,1,1,2,1.0,365.62,611.91,391.1,674.76,-1,cvat_keyframe
90,2,2,2,1.0,331.88,588.47,357.84,653.35,-1,cvat_keyframe
90,3,3,2,1.0,214.4,556.92,244.64,617.14,-1,cvat_keyframe
90,4,4,2,1.0,310.97,534.01,337.57,580.69,-1,cvat_keyframe
90,5,5,2,1.0,312.43,491.23,337.97,535.57,-1,cvat_keyframe
90,6,6,2,1.0,360.4,442.58,378.99,479.38,-1,cvat_keyframe
90,7,7,2,1.0,651.67,433.6,664.94,469.1,-1,cvat_keyframe
90,8,8,2,1.0,575.95,513.97,605.6,567.04,-1,cvat_keyframe
90,9,9,2,1.0,409.9,505.46,439.64,556.74,-1,cvat_keyframe
90,10,10,2,1.0,841.82,474.48,865.69,521.61,-1,cvat_keyframe
90,11,11,2,1.0,1085.26,483.64,1099.94,528.26,-1,cvat_keyframe
90,12,12,2,1.0,1075.42,445.77,1088.81,487.02,-1,cvat_keyframe
90,13,13,2,1.0,1083.6,542.12,1107.2,592.0,-1,cvat_keyframe
90,14,14,2,1.0,1161.4,518.33,1183.73,562.2,-1,cvat_keyframe
90,15,15,2,1.0,1327.17,590.02,1377.9,641.48,-1,cvat_keyframe
90,16,16,2,1.0,1748.11,548.3,1778.51,600.65,-1,cvat_keyframe
90,17,17,2,1.0,1211.1,514.0,1243.4,554.1,-1,cvat_keyframe
90,18,18,2,1.0,1238.07,419.18,1253.99,455.7,-1,cvat_keyframe
90,19,19,2,1.0,738.07,955.65,792.68,1059.89,-1,cvat_interp
90,20,20,3,1.0,220.19,426.84,243.7,461.28,-1,cvat_keyframe
90,21,21,3,1.0,618.04,579.08,645.76,637.6,-1,cvat_keyframe
90,22,22,1,1.0,1508.61,479.14,1539.4,520.56,-1,cvat_keyframe
90,24,24,0,1.0,1616.41,551.16,1624.62,558.86,-1,cvat_interp
91,0,0,2,1.0,264.48,743.37,308.12,823.11,-1,cvat_interp
91,1,1,2,1.0,359.25,613.01,385.93,676.15,-1,cvat_interp
91,2,2,2,1.0,324.49,588.2,350.78,653.08,-1,cvat_interp
91,3,3,2,1.0,207.27,556.55,236.93,616.78,-1,cvat_interp
91,4,4,2,1.0,303.93,534.29,330.53,581.11,-1,cvat_interp
91,5,5,2,1.0,306.59,491.36,332.14,536.06,-1,cvat_interp
91,6,6,2,1.0,354.94,443.12,373.46,479.86,-1,cvat_interp
91,7,7,2,1.0,647.48,432.97,660.88,468.58,-1,cvat_interp
91,8,8,2,1.0,571.27,513.72,600.93,566.78,-1,cvat_interp
91,9,9,2,1.0,404.82,505.09,434.59,556.59,-1,cvat_interp
91,10,10,2,1.0,838.44,474.99,862.58,520.94,-1,cvat_interp
91,11,11,2,1.0,1081.45,483.64,1096.59,528.26,-1,cvat_interp
91,12,12,2,1.0,1071.43,444.89,1084.82,486.13,-1,cvat_interp
91,13,13,2,1.0,1079.73,541.02,1104.0,591.57,-1,cvat_interp
91,14,14,2,1.0,1158.04,518.28,1180.37,562.16,-1,cvat_interp
91,15,15,2,1.0,1328.38,589.45,1378.28,641.09,-1,cvat_interp
91,16,16,2,1.0,1748.0,548.14,1776.02,600.49,-1,cvat_interp
91,17,17,2,1.0,1208.28,514.72,1242.12,554.82,-1,cvat_interp
91,18,18,2,1.0,1233.96,418.17,1249.88,454.7,-1,cvat_interp
91,19,19,2,1.0,734.53,957.51,792.32,1061.75,-1,cvat_interp
91,20,20,3,1.0,214.33,426.3,237.84,461.04,-1,cvat_interp
91,21,21,3,1.0,613.96,579.7,643.8,638.22,-1,cvat_interp
91,22,22,1,1.0,1505.77,478.42,1535.09,520.68,-1,cvat_interp
91,24,24,0,1.0,1620.39,552.89,1628.6,560.59,-1,cvat_keyframe
92,0,0,2,1.0,262.05,745.4,306.84,825.14,-1,cvat_interp
92,1,1,2,1.0,352.88,614.11,380.76,677.54,-1,cvat_interp
92,2,2,2,1.0,317.11,587.93,343.72,652.8,-1,cvat_interp
92,3,3,2,1.0,200.14,556.18,229.22,616.41,-1,cvat_interp
92,4,4,2,1.0,296.89,534.57,323.49,581.52,-1,cvat_interp
92,5,5,2,1.0,300.75,491.48,326.3,536.55,-1,cvat_interp
92,6,6,2,1.0,349.48,443.65,367.93,480.33,-1,cvat_interp
92,7,7,2,1.0,643.29,432.34,656.82,468.06,-1,cvat_interp
92,8,8,2,1.0,566.6,513.46,596.25,566.52,-1,cvat_interp
92,9,9,2,1.0,399.74,504.72,429.55,556.45,-1,cvat_interp
92,10,10,2,1.0,835.07,475.49,859.48,520.27,-1,cvat_interp
92,11,11,2,1.0,1077.65,483.64,1093.24,528.26,-1,cvat_interp
92,12,12,2,1.0,1067.45,444.0,1080.84,485.25,-1,cvat_interp
92,13,13,2,1.0,1075.87,539.93,1100.8,591.13,-1,cvat_interp
92,14,14,2,1.0,1154.68,518.24,1177.01,562.11,-1,cvat_interp
92,15,15,2,1.0,1329.6,588.88,1378.66,640.7,-1,cvat_interp
92,16,16,2,1.0,1747.9,547.98,1773.53,600.33,-1,cvat_interp
92,17,17,2,1.0,1205.45,515.44,1240.85,555.54,-1,cvat_interp
92,18,18,2,1.0,1229.84,417.17,1245.77,453.69,-1,cvat_interp
92,19,19,2,1.0,730.98,959.38,791.96,1063.62,-1,cvat_interp
92,20,20,3,1.0,208.48,425.76,231.99,460.79,-1,cvat_interp
92,21,21,3,1.0,609.88,580.32,641.84,638.84,-1,cvat_interp
92,22,22,1,1.0,1502.94,477.69,1530.79,520.79,-1,cvat_interp
92,24,24,0,1.0,1621.38,554.1,1629.59,561.8,-1,cvat_interp
93,0,0,2,1.0,259.63,747.43,305.56,827.16,-1,cvat_keyframe
93,1,1,2,1.0,346.51,615.22,375.59,678.93,-1,cvat_keyframe
93,2,2,2,1.0,309.73,587.66,336.66,652.53,-1,cvat_keyframe
93,3,3,2,1.0,193.0,555.82,221.5,616.04,-1,cvat_keyframe
93,4,4,2,1.0,289.84,534.86,316.44,581.93,-1,cvat_keyframe
93,5,5,2,1.0,294.92,491.6,320.46,537.04,-1,cvat_keyframe
93,6,6,2,1.0,344.02,444.19,362.41,480.81,-1,cvat_keyframe
93,7,7,2,1.0,639.1,431.72,652.76,467.55,-1,cvat_keyframe
93,8,8,2,1.0,561.92,513.2,591.58,566.26,-1,cvat_keyframe
93,9,9,2,1.0,394.66,504.35,424.5,556.3,-1,cvat_keyframe
93,10,10,2,1.0,831.7,476.0,856.37,519.6,-1,cvat_keyframe
93,11,11,2,1.0,1073.84,483.63,1089.89,528.26,-1,cvat_keyframe
93,12,12,2,1.0,1063.47,443.12,1076.85,484.36,-1,cvat_keyframe
93,13,13,2,1.0,1072.0,538.83,1097.61,590.7,-1,cvat_keyframe
93,14,14,2,1.0,1151.32,518.2,1173.64,562.07,-1,cvat_keyframe
93,15,15,2,1.0,1330.81,588.32,1379.04,640.31,-1,cvat_interp
93,16,16,2,1.0,1747.8,547.81,1771.04,600.16,-1,cvat_keyframe
93,17,17,2,1.0,1202.63,516.16,1239.57,556.26,-1,cvat_keyframe
93,18,18,2,1.0,1225.73,416.17,1241.65,452.69,-1,cvat_keyframe
93,19,19,2,1.0,727.44,961.24,791.6,1065.48,-1,cvat_keyframe
93,20,20,3,1.0,202.62,425.22,226.13,460.55,-1,cvat_keyframe
93,21,21,3,1.0,605.8,580.94,639.88,639.47,-1,cvat_keyframe
93,22,22,1,1.0,1500.1,476.97,1526.48,520.9,-1,cvat_keyframe
93,24,24,0,1.0,1622.38,555.3,1630.59,563.0,-1,cvat_interp
94,0,0,2,1.0,254.67,753.71,301.74,826.38,-1,cvat_interp
94,1,1,2,1.0,333.0,615.44,364.93,678.62,-1,cvat_interp
94,2,2,2,1.0,298.4,588.7,325.65,653.57,-1,cvat_interp
94,3,3,2,1.0,183.95,555.9,211.87,616.13,-1,cvat_interp
94,4,4,2,1.0,278.41,534.92,305.01,582.13,-1,cvat_interp
94,5,5,2,1.0,283.13,491.32,308.67,537.12,-1,cvat_interp
94,6,6,2,1.0,333.43,444.17,351.75,480.74,-1,cvat_interp
94,7,7,2,1.0,630.19,431.5,643.98,467.44,-1,cvat_interp
94,8,8,2,1.0,552.64,513.38,582.3,566.44,-1,cvat_interp
94,9,9,2,1.0,383.84,504.19,412.27,556.57,-1,cvat_interp
94,10,10,2,1.0,824.38,475.29,848.94,519.39,-1,cvat_interp
94,11,11,2,1.0,1066.55,483.37,1083.06,528.0,-1,cvat_interp
94,12,12,2,1.0,1056.67,442.66,1070.06,483.91,-1,cvat_interp
94,13,13,2,1.0,1067.02,538.51,1092.34,590.09,-1,cvat_interp
94,14,14,2,1.0,1145.84,517.92,1168.16,561.8,-1,cvat_interp
94,15,15,2,1.0,1332.02,587.75,1379.42,639.93,-1,cvat_interp
94,16,16,2,1.0,1744.29,546.51,1768.55,600.0,-1,cvat_interp
94,17,17,2,1.0,1199.68,515.85,1236.49,555.95,-1,cvat_interp
94,18,18,2,1.0,1219.23,415.61,1235.15,452.13,-1,cvat_interp
94,19,19,2,1.0,723.89,963.1,788.66,1067.34,-1,cvat_interp
94,20,20,3,1.0,190.41,424.89,213.92,460.51,-1,cvat_interp
94,21,21,3,1.0,598.45,581.56,632.66,640.09,-1,cvat_interp
94,22,22,1,1.0,1495.16,476.24,1522.17,520.21,-1,cvat_interp
94,24,24,0,1.0,1623.37,556.5,1631.59,564.2,-1,cvat_interp
95,0,0,2,1.0,249.71,760.0,297.92,825.6,-1,cvat_keyframe
95,1,1,2,1.0,319.5,615.67,354.28,678.3,-1,cvat_keyframe
95,2,2,2,1.0,287.06,589.74,314.64,654.62,-1,cvat_interp
95,3,3,2,1.0,174.9,555.99,202.23,616.21,-1,cvat_keyframe
95,4,4,2,1.0,266.98,534.98,293.58,582.32,-1,cvat_interp
95,5,5,2,1.0,271.34,491.03,296.88,537.2,-1,cvat_interp
95,6,6,2,1.0,322.84,444.16,341.09,480.66,-1,cvat_interp
95,7,7,2,1.0,621.27,431.28,635.2,467.33,-1,cvat_interp
95,8,8,2,1.0,543.36,513.56,573.02,566.62,-1,cvat_interp
95,9,9,2,1.0,373.02,504.02,400.04,556.83,-1,cvat_interp
95,10,10,2,1.0,817.07,474.57,841.51,519.18,-1,cvat_interp
95,11,11,2,1.0,1059.25,483.12,1076.23,527.74,-1,cvat_interp
95,12,12,2,1.0,1049.88,442.21,1063.26,483.46,-1,cvat_interp
95,13,13,2,1.0,1062.05,538.19,1087.08,589.49,-1,cvat_interp
95,14,14,2,1.0,1140.36,517.65,1162.68,561.52,-1,cvat_interp
95,15,15,2,1.0,1333.24,587.19,1379.8,639.54,-1,cvat_keyframe
95,16,16,2,1.0,1740.78,545.2,1766.06,599.84,-1,cvat_keyframe
95,17,17,2,1.0,1196.73,515.54,1233.41,555.64,-1,cvat_interp
95,18,18,2,1.0,1212.73,415.05,1228.65,451.58,-1,cvat_interp
95,19,19,2,1.0,720.35,964.97,785.71,1069.21,-1,cvat_interp
95,20,20,3,1.0,178.19,424.56,201.7,460.47,-1,cvat_interp
95,21,21,3,1.0,591.11,582.19,625.43,640.71,-1,cvat_interp
95,22,22,1,1.0,1490.23,475.52,1517.87,519.52,-1,cvat_interp
95,24,24,0,1.0,1624.37,557.7,1632.58,565.4,-1,cvat_keyframe
96,0,0,2,1.0,240.98,760.32,290.34,828.75,-1,cvat_interp
96,1,1,2,1.0,308.3,615.9,343.62,679.15,-1,cvat_interp
96,2,2,2,1.0,275.73,590.78,303.63,655.66,-1,cvat_interp
96,3,3,2,1.0,162.39,556.36,189.15,616.58,-1,cvat_interp
96,4,4,2,1.0,255.55,535.05,282.15,582.52,-1,cvat_interp
96,5,5,2,1.0,259.55,490.74,285.09,537.27,-1,cvat_interp
96,6,6,2,1.0,312.25,444.15,330.43,480.59,-1,cvat_interp
96,7,7,2,1.0,612.36,431.07,626.42,467.23,-1,cvat_interp
96,8,8,2,1.0,534.08,513.74,563.74,566.8,-1,cvat_interp
96,9,9,2,1.0,362.19,503.86,387.81,557.1,-1,cvat_interp
96,10,10,2,1.0,809.75,473.86,834.08,518.97,-1,cvat_interp
96,11,11,2,1.0,1051.96,482.86,1069.39,527.48,-1,cvat_interp
96,12,12,2,1.0,1043.08,441.76,1056.47,483.0,-1,cvat_interp
96,13,13,2,1.0,1057.07,537.87,1081.82,588.88,-1,cvat_interp
96,14,14,2,1.0,1134.88,517.37,1157.2,561.24,-1,cvat_interp
96,15,15,2,1.0,1334.45,586.62,1379.34,639.15,-1,cvat_interp
96,16,16,2,1.0,1737.26,545.49,1763.57,599.67,-1,cvat_interp
96,17,17,2,1.0,1193.78,515.23,1230.33,555.33,-1,cvat_interp
96,18,18,2,1.0,1206.23,414.5,1222.16,451.02,-1,cvat_interp
96,19,19,2,1.0,716.8,966.83,782.77,1071.07,-1,cvat_interp
96,20,20,3,1.0,165.98,424.23,189.49,460.43,-1,cvat_interp
96,21,21,3,1.0,583.76,582.81,618.21,641.33,-1,cvat_interp
96,22,22,1,1.0,1485.29,474.8,1513.56,518.84,-1,cvat_interp
96,24,24,0,1.0,1624.01,558.42,1632.22,566.12,-1,cvat_interp
97,0,0,2,1.0,232.25,760.65,282.75,831.9,-1,cvat_interp
97,1,1,2,1.0,297.1,616.12,332.97,679.99,-1,cvat_interp
97,2,2,2,1.0,264.4,591.83,292.63,656.7,-1,cvat_interp
97,3,3,2,1.0,149.89,556.73,176.06,616.96,-1,cvat_interp
97,4,4,2,1.0,244.12,535.11,270.72,582.71,-1,cvat_interp
97,5,5,2,1.0,247.76,490.46,273.3,537.35,-1,cvat_interp
97,6,6,2,1.0,301.67,444.13,319.77,480.52,-1,cvat_interp
97,7,7,2,1.0,603.45,430.85,617.64,467.12,-1,cvat_interp
97,8,8,2,1.0,524.8,513.92,554.45,566.98,-1,cvat_interp
97,9,9,2,1.0,351.37,503.69,375.59,557.37,-1,cvat_interp
97,10,10,2,1.0,802.43,473.15,826.65,518.76,-1,cvat_interp
97,11,11,2,1.0,1044.67,482.6,1062.56,527.22,-1,cvat_interp
97,12,12,2,1.0,1036.29,441.31,1049.67,482.55,-1,cvat_interp
97,13,13,2,1.0,1052.1,537.54,1076.56,588.28,-1,cvat_interp
97,14,14,2,1.0,1129.4,517.1,1151.72,560.97,-1,cvat_interp
97,15,15,2,1.0,1335.66,586.06,1378.88,638.76,-1,cvat_interp
97,16,16,2,1.0,1733.75,545.79,1761.08,599.51,-1,cvat_interp
97,17,17,2,1.0,1190.83,514.93,1227.24,555.03,-1,cvat_interp
97,18,18,2,1.0,1199.73,413.94,1215.66,450.46,-1,cvat_interp
97,19,19,2,1.0,713.25,968.69,779.83,1072.93,-1,cvat_interp
97,20,20,3,1.0,153.76,423.9,177.27,460.39,-1,cvat_interp
97,21,21,3,1.0,576.41,583.43,610.98,641.96,-1,cvat_interp
97,22,22,1,1.0,1480.36,474.07,1509.26,518.15,-1,cvat_interp
97,24,24,0,1.0,1623.65,559.14,1631.86,566.84,-1,cvat_interp
98,0,0,2,1.0,223.52,760.97,275.17,835.05,-1,cvat_interp
98,1,1,2,1.0,285.9,616.35,322.31,680.84,-1,cvat_interp
98,2,2,2,1.0,253.07,592.87,281.62,657.75,-1,cvat_interp
98,3,3,2,1.0,137.38,557.1,162.97,617.33,-1,cvat_interp
98,4,4,2,1.0,232.69,535.18,259.29,582.91,-1,cvat_interp
98,5,5,2,1.0,235.97,490.17,261.51,537.43,-1,cvat_interp
98,6,6,2,1.0,291.08,444.12,309.12,480.45,-1,cvat_interp
98,7,7,2,1.0,594.54,430.63,608.86,467.01,-1,cvat_interp
98,8,8,2,1.0,515.52,514.1,545.17,567.16,-1,cvat_interp
98,9,9,2,1.0,340.55,503.53,363.36,557.64,-1,cvat_interp
98,10,10,2,1.0,795.12,472.44,819.22,518.55,-1,cvat_interp
98,11,11,2,1.0,1037.38,482.34,1055.73,526.96,-1,cvat_interp
98,12,12,2,1.0,1029.49,440.85,1042.88,482.1,-1,cvat_interp
98,13,13,2,1.0,1047.12,537.22,1071.3,587.67,-1,cvat_interp
98,14,14,2,1.0,1123.92,516.82,1146.24,560.69,-1,cvat_interp
98,15,15,2,1.0,1336.87,585.49,1378.42,638.38,-1,cvat_interp
98,16,16,2,1.0,1730.24,546.08,1758.59,599.34,-1,cvat_interp
98,17,17,2,1.0,1187.87,514.62,1224.16,554.72,-1,cvat_interp
98,18,18,2,1.0,1193.23,413.38,1209.16,449.91,-1,cvat_interp
98,19,19,2,1.0,709.71,970.56,776.89,1074.8,-1,cvat_interp
98,20,20,3,1.0,141.55,423.56,165.06,460.35,-1,cvat_interp
98,21,21,3,1.0,569.07,584.05,603.76,642.58,-1,cvat_interp
98,22,22,1,1.0,1475.42,473.35,1504.95,517.46,-1,cvat_interp
98,24,24,0,1.0,1623.3,559.85,1631.51,567.55,-1,cvat_interp
99,0,0,2,1.0,214.8,761.3,267.58,838.21,-1,cvat_interp
99,1,1,2,1.0,274.71,616.57,311.66,681.69,-1,cvat_interp
99,2,2,2,1.0,241.74,593.91,270.61,658.79,-1,cvat_interp
99,3,3,2,1.0,124.88,557.48,149.89,617.7,-1,cvat_interp
99,4,4,2,1.0,221.26,535.24,247.86,583.1,-1,cvat_interp
99,5,5,2,1.0,224.18,489.89,249.72,537.51,-1,cvat_interp
99,6,6,2,1.0,280.49,444.11,298.46,480.37,-1,cvat_interp
99,7,7,2,1.0,585.63,430.42,600.08,466.91,-1,cvat_interp
99,8,8,2,1.0,506.24,514.27,535.89,567.34,-1,cvat_interp
99,9,9,2,1.0,329.72,503.37,351.13,557.9,-1,cvat_interp
99,10,10,2,1.0,787.8,471.72,811.79,518.34,-1,cvat_interp
99,11,11,2,1.0,1030.09,482.08,1048.89,526.7,-1,cvat_interp
99,12,12,2,1.0,1022.69,440.4,1036.08,481.65,-1,cvat_interp
99,13,13,2,1.0,1042.15,536.9,1066.03,587.07,-1,cvat_interp
99,14,14,2,1.0,1118.44,516.55,1140.76,560.42,-1,cvat_interp
99,15,15,2,1.0,1338.09,584.93,1377.96,637.99,-1,cvat_interp
99,16,16,2,1.0,1726.72,546.37,1756.1,599.18,-1,cvat_interp
99,17,17,2,1.0,1184.92,514.31,1221.08,554.41,-1,cvat_interp
99,18,18,2,1.0,1186.73,412.83,1202.66,449.35,-1,cvat_interp
99,19,19,2,1.0,706.16,972.42,773.94,1076.66,-1,cvat_interp
99,20,20,3,1.0,129.33,423.23,152.84,460.31,-1,cvat_interp
99,21,21,3,1.0,561.72,584.68,596.53,643.2,-1,cvat_interp
99,22,22,1,1.0,1470.49,472.62,1500.64,516.77,-1,cvat_interp
99,24,24,0,1.0,1622.94,560.57,1631.15,568.27,-1,cvat_interp
100,0,0,2,1.0,206.07,761.62,260.0,841.36,-1,cvat_keyframe
100,1,1,2,1.0,263.51,616.8,301.0,682.54,-1,cvat_keyframe
100,2,2,2,1.0,230.41,594.96,259.6,659.83,-1,cvat_keyframe
100,3,3,2,1.0,112.37,557.85,136.8,618.07,-1,cvat_keyframe
100,4,4,2,1.0,209.83,535.3,236.43,583.3,-1,cvat_keyframe
100,5,5,2,1.0,212.39,489.6,237.93,537.59,-1,cvat_keyframe
100,6,6,2,1.0,269.9,444.1,287.8,480.3,-1,cvat_keyframe
100,7,7,2,1.0,576.72,430.2,591.3,466.8,-1,cvat_keyframe
100,8,8,2,1.0,496.96,514.45,526.61,567.52,-1,cvat_keyframe
100,9,9,2,1.0,318.9,503.2,338.9,558.17,-1,cvat_keyframe
100,10,10,2,1.0,780.49,471.01,804.35,518.13,-1,cvat_keyframe
100,11,11,2,1.0,1022.8,481.82,1042.06,526.44,-1,cvat_keyframe
100,12,12,2,1.0,1015.9,439.95,1029.29,481.19,-1,cvat_keyframe
100,13,13,2,1.0,1037.17,536.58,1060.77,586.46,-1,cvat_keyframe
100,14,14,2,1.0,1112.96,516.27,1135.28,560.14,-1,cvat_keyframe
100,15,15,2,1.0,1339.3,584.36,1377.5,637.6,-1,cvat_keyframe
100,16,16,2,1.0,1723.21,546.67,1753.61,599.02,-1,cvat_keyframe
100,17,17,2,1.0,1181.97,514.0,1218.0,554.1,-1,cvat_keyframe
100,18,18,2,1.0,1180.23,412.27,1196.16,448.79,-1,cvat_keyframe
100,19,19,2,1.0,702.62,974.28,771.0,1078.52,-1,cvat_keyframe
100,20,20,3,1.0,117.12,422.9,140.63,460.27,-1,cvat_keyframe
100,21,21,3,1.0,554.37,585.3,589.31,643.82,-1,cvat_keyframe
100,22,22,1,1.0,1465.55,471.9,1496.34,516.08,-1,cvat_keyframe
100,24,24,0,1.0,1622.58,561.28,1630.79,568.98,-1,cvat_keyframe
101,0,0,2,1.0,197.14,765.42,252.12,845.16,-1,cvat_interp
101,1,1,2,1.0,250.6,617.37,285.96,683.72,-1,cvat_interp
101,2,2,2,1.0,215.69,592.08,246.3,660.27,-1,cvat_interp
101,3,3,2,1.0,98.64,558.01,125.65,619.12,-1,cvat_interp
101,4,4,2,1.0,198.16,535.8,225.06,583.8,-1,cvat_interp
101,5,5,2,1.0,199.97,490.14,225.7,538.13,-1,cvat_interp
101,6,6,2,1.0,256.07,443.9,275.75,481.75,-1,cvat_interp
101,7,7,2,1.0,565.68,430.05,580.26,466.65,-1,cvat_interp
101,8,8,2,1.0,484.85,515.26,515.15,568.32,-1,cvat_interp
101,9,9,2,1.0,305.13,503.42,327.45,558.39,-1,cvat_interp
101,10,10,2,1.0,771.59,471.01,795.46,518.13,-1,cvat_interp
101,11,11,2,1.0,1013.98,481.82,1033.25,526.44,-1,cvat_interp
101,12,12,2,1.0,1006.94,439.41,1021.49,480.66,-1,cvat_interp
101,13,13,2,1.0,1028.68,536.78,1054.23,586.66,-1,cvat_interp
101,14,14,2,1.0,1106.3,516.51,1130.46,560.38,-1,cvat_interp
101,15,15,2,1.0,1339.3,583.92,1379.3,637.6,-1,cvat_interp
101,16,16,2,1.0,1717.31,545.83,1750.54,598.98,-1,cvat_interp
101,17,17,2,1.0,1176.61,513.15,1214.49,553.79,-1,cvat_interp
101,18,18,2,1.0,1172.19,411.33,1188.12,447.86,-1,cvat_interp
101,19,19,2,1.0,699.48,976.84,767.87,1078.67,-1,cvat_interp
101,20,20,3,1.0,105.6,423.03,129.11,460.4,-1,cvat_interp
101,21,21,3,1.0,549.59,585.37,583.25,644.27,-1,cvat_interp
101,22,22,1,1.0,1458.66,471.23,1489.15,515.41,-1,cvat_interp
101,24,24,0,1.0,1621.2,562.19,1629.41,569.89,-1,cvat_interp
102,0,0,2,1.0,188.22,769.22,244.24,848.95,-1,cvat_interp
102,1,1,2,1.0,237.7,617.94,270.92,684.91,-1,cvat_keyframe
102,2,2,2,1.0,200.96,589.2,233.0,660.7,-1,cvat_keyframe
102,3,3,2,1.0,84.9,558.18,114.5,620.17,-1,cvat_keyframe
102,4,4,2,1.0,186.5,536.3,213.7,584.3,-1,cvat_keyframe
102,5,5,2,1.0,187.55,490.67,213.46,538.66,-1,cvat_keyframe
102,6,6,2,1.0,242.24,443.71,263.7,483.2,-1,cvat_keyframe
102,7,7,2,1.0,554.63,429.9,569.21,466.5,-1,cvat_interp
102,8,8,2,1.0,472.75,516.07,503.69,569.13,-1,cvat_interp
102,9,9,2,1.0,291.36,503.64,316.0,558.61,-1,cvat_keyframe
102,10,10,2,1.0,762.69,471.01,786.56,518.13,-1,cvat_interp
102,11,11,2,1.0,1005.17,481.82,1024.43,526.44,-1,cvat_interp
102,12,12,2,1.0,997.98,438.87,1013.69,480.12,-1,cvat_interp
102,13,13,2,1.0,1020.19,536.98,1047.69,586.86,-1,cvat_interp
102,14,14,2,1.0,1099.65,516.74,1125.63,560.62,-1,cvat_interp
102,15,15,2,1.0,1339.3,583.47,1381.1,637.6,-1,cvat_interp
102,16,16,2,1.0,1711.41,544.99,1747.47,598.94,-1,cvat_interp
102,17,17,2,1.0,1171.26,512.3,1210.98,553.48,-1,cvat_interp
102,18,18,2,1.0,1164.15,410.39,1180.08,446.92,-1,cvat_interp
102,19,19,2,1.0,696.35,979.41,764.73,1078.82,-1,cvat_interp
102,20,20,3,1.0,94.08,423.17,117.59,460.54,-1,cvat_keyframe
102,21,21,3,1.0,544.8,585.44,577.2,644.72,-1,cvat_keyframe
102,22,22,1,1.0,1451.78,470.55,1481.97,514.74,-1,cvat_interp
102,24,24,0,1.0,1619.83,563.1,1628.04,570.8,-1,cvat_interp
103,0,0,2,1.0,179.29,773.01,236.36,852.75,-1,cvat_interp
103,1,1,2,1.0,222.13,618.51,255.88,686.1,-1,cvat_interp
103,2,2,2,1.0,186.24,590.49,217.93,661.68,-1,cvat_interp
103,3,3,2,1.0,70.34,558.34,99.78,621.21,-1,cvat_interp
103,4,4,2,1.0,171.0,536.8,198.12,584.8,-1,cvat_interp
103,5,5,2,1.0,173.94,490.63,200.04,538.62,-1,cvat_interp
103,6,6,2,1.0,230.17,443.36,251.18,483.02,-1,cvat_interp
103,7,7,2,1.0,543.59,429.75,558.17,466.35,-1,cvat_interp
103,8,8,2,1.0,460.64,516.88,492.23,569.94,-1,cvat_interp
103,9,9,2,1.0,277.59,503.86,302.95,558.83,-1,cvat_interp
103,10,10,2,1.0,753.8,471.01,777.67,518.13,-1,cvat_interp
103,11,11,2,1.0,996.35,481.82,1015.61,526.44,-1,cvat_interp
103,12,12,2,1.0,989.02,438.33,1005.9,479.58,-1,cvat_interp
103,13,13,2,1.0,1011.69,537.17,1041.16,587.06,-1,cvat_interp
103,14,14,2,1.0,1092.99,516.98,1120.8,560.85,-1,cvat_keyframe
103,15,15,2,1.0,1339.3,583.02,1382.9,637.6,-1,cvat_keyframe
103,16,16,2,1.0,1705.51,544.15,1744.4,598.9,-1,cvat_keyframe
103,17,17,2,1.0,1165.9,511.45,1207.47,553.17,-1,cvat_keyframe
103,18,18,2,1.0,1156.12,409.45,1172.04,445.98,-1,cvat_interp
103,19,19,2,1.0,693.22,981.97,761.6,1078.97,-1,cvat_interp
103,20,20,3,1.0,77.17,423.06,102.42,460.43,-1,cvat_interp
103,21,21,3,1.0,535.88,585.51,569.11,645.18,-1,cvat_interp
103,22,22,1,1.0,1444.89,469.88,1474.79,514.07,-1,cvat_interp
103,24,24,0,1.0,1618.45,564.01,1626.66,571.71,-1,cvat_interp
104,0,0,2,1.0,170.36,776.81,228.48,856.55,-1,cvat_interp
104,1,1,2,1.0,206.55,619.08,240.84,687.29,-1,cvat_interp
104,2,2,2,1.0,171.52,591.78,202.85,662.65,-1,cvat_interp
104,3,3,2,1.0,55.78,558.51,85.06,622.26,-1,cvat_interp
104,4,4,2,1.0,155.49,537.3,182.54,585.3,-1,cvat_interp
104,5,5,2,1.0,160.33,490.59,186.61,538.59,-1,cvat_interp
104,6,6,2,1.0,218.09,443.02,238.66,482.83,-1,cvat_interp
104,7,7,2,1.0,532.55,429.6,547.13,466.2,-1,cvat_interp
104,8,8,2,1.0,448.53,517.69,480.76,570.75,-1,cvat_interp
104,9,9,2,1.0,263.82,504.08,289.9,559.04,-1,cvat_interp
104,10,10,2,1.0,744.9,471.01,768.77,518.13,-1,cvat_interp
104,11,11,2,1.0,987.53,481.82,1006.8,526.44,-1,cvat_interp
104,12,12,2,1.0,980.06,437.79,998.1,479.04,-1,cvat_interp
104,13,13,2,1.0,1003.2,537.37,1034.62,587.26,-1,cvat_keyframe
104,14,14,2,1.0,1078.3,517.28,1113.35,561.15,-1,cvat_keyframe
104,15,15,2,1.0,1332.6,582.58,1382.27,637.6,-1,cvat_keyframe
104,16,16,2,1.0,1699.61,543.32,1738.72,597.96,-1,cvat_interp
104,17,17,2,1.0,1163.26,510.6,1203.96,558.9,-1,cvat_keyframe
104,18,18,2,1.0,1148.08,408.51,1164.0,445.04,-1,cvat_interp
104,19,19,2,1.0,690.09,984.53,758.47,1079.11,-1,cvat_interp
104,20,20,3,1.0,60.26,422.95,87.26,460.32,-1,cvat_interp
104,21,21,3,1.0,526.95,585.58,561.02,645.63,-1,cvat_interp
104,22,22,1,1.0,1438.01,469.21,1467.6,513.39,-1,cvat_keyframe
104,24,24,0,1.0,1617.07,564.91,1625.28,572.61,-1,cvat_interp
105,0,0,2,1.0,161.44,780.61,220.6,860.35,-1,cvat_keyframe
105,1,1,2,1.0,190.98,619.65,225.8,688.47,-1,cvat_interp
105,2,2,2,1.0,156.8,593.06,187.78,663.63,-1,cvat_interp
105,3,3,2,1.0,41.21,558.67,70.35,623.31,-1,cvat_keyframe
105,4,4,2,1.0,139.99,537.8,166.96,585.79,-1,cvat_interp
105,5,5,2,1.0,146.71,490.55,173.19,538.55,-1,cvat_interp
105,6,6,2,1.0,206.01,442.68,226.14,482.65,-1,cvat_keyframe
105,7,7,2,1.0,521.5,429.45,536.08,466.05,-1,cvat_interp
105,8,8,2,1.0,436.42,518.5,469.3,571.56,-1,cvat_keyframe
105,9,9,2,1.0,250.05,504.31,276.85,559.26,-1,cvat_interp
105,10,10,2,1.0,736.01,471.01,759.88,518.13,-1,cvat_interp
105,11,11,2,1.0,978.72,481.82,997.98,526.44,-1,cvat_interp
105,12,12,2,1.0,971.1,437.25,990.3,478.5,-1,cvat_keyframe
105,13,13,2,1.0,996.64,537.57,1028.08,587.45,-1,cvat_interp
105,14,14,2,1.0,1072.13,517.57,1105.89,561.45,-1,cvat_interp
105,15,15,2,1.0,1333.72,582.13,1381.64,637.6,-1,cvat_interp
105,16,16,2,1.0,1693.71,542.48,1733.04,597.02,-1,cvat_interp
105,17,17,2,1.0,1160.61,509.75,1200.45,557.58,-1,cvat_interp
105,18,18,2,1.0,1140.04,407.58,1155.96,444.1,-1,cvat_interp
105,19,19,2,1.0,686.95,987.09,755.34,1079.26,-1,cvat_interp
105,20,20,3,1.0,43.35,422.84,72.1,460.21,-1,cvat_keyframe
105,21,21,3,1.0,518.03,585.65,552.93,646.08,-1,cvat_interp
105,22,22,1,1.0,1432.79,468.54,1462.09,512.72,-1,cvat_interp
105,24,24,0,1.0,1615.7,565.82,1623.91,573.52,-1,cvat_interp
106,0,0,2,1.0,152.51,784.4,211.96,864.14,-1,cvat_interp
106,1,1,2,1.0,175.41,620.22,210.76,689.66,-1,cvat_interp
106,2,2,2,1.0,142.08,594.35,172.7,664.6,-1,cvat_interp
106,3,3,2,1.0,22.91,558.84,51.88,624.35,-1,cvat_interp
106,4,4,2,1.0,124.49,538.3,151.39,586.29,-1,cvat_interp
106,5,5,2,1.0,133.1,490.51,159.76,538.51,-1,cvat_interp
106,6,6,2,1.0,191.13,442.57,210.81,482.7,-1,cvat_interp
106,7,7,2,1.0,510.46,429.3,525.04,465.9,-1,cvat_interp
106,8,8,2,1.0,424.31,519.3,457.43,572.37,-1,cvat_interp
106,9,9,2,1.0,236.28,504.53,263.8,559.47,-1,cvat_interp
106,10,10,2,1.0,727.11,471.01,750.98,518.13,-1,cvat_interp
106,11,11,2,1.0,969.9,481.82,989.16,526.44,-1,cvat_interp
106,12,12,2,1.0,962.14,436.72,980.4,477.96,-1,cvat_interp
106,13,13,2,1.0,990.09,537.77,1021.54,587.65,-1,cvat_interp
106,14,14,2,1.0,1065.97,517.87,1098.44,561.74,-1,cvat_interp
106,15,15,2,1.0,1334.83,581.68,1381.01,637.6,-1,cvat_interp
106,16,16,2,1.0,1687.81,541.64,1727.36,596.08,-1,cvat_interp
106,17,17,2,1.0,1157.97,508.9,1196.94,556.27,-1,cvat_interp
106,18,18,2,1.0,1132.0,406.64,1147.92,443.16,-1,cvat_interp
106,19,19,2,1.0,683.82,989.65,752.2,1079.41,-1,cvat_interp
106,20,20,3,1.0,26.44,422.73,52.57,460.1,-1,cvat_interp
106,21,21,3,1.0,509.1,585.72,544.84,646.53,-1,cvat_interp
106,22,22,1,1.0,1427.57,467.86,1456.57,512.05,-1,cvat_interp
106,24,24,0,1.0,1614.32,566.73,1622.53,574.43,-1,cvat_interp
107,0,0,2,1.0,143.58,788.2,203.32,867.94,-1,cvat_interp
107,1,1,2,1.0,159.83,620.79,195.72,690.85,-1,cvat_interp
107,2,2,2,1.0,127.36,595.64,157.63,665.58,-1,cvat_interp
107,3,3,2,1.0,4.6,559.0,33.42,625.4,-1,cvat_keyframe
107,4,4,2,1.0,108.98,538.8,135.81,586.79,-1,cvat_interp
107,5,5,2,1.0,119.49,490.48,146.34,538.47,-1,cvat_interp
107,6,6,2,1.0,176.25,442.47,195.49,482.75,-1,cvat_interp
107,7,7,2,1.0,499.42,429.15,514.0,465.75,-1,cvat_interp
107,8,8,2,1.0,412.21,520.11,445.57,573.17,-1,cvat_interp
107,9,9,2,1.0,222.52,504.75,250.75,559.69,-1,cvat_interp
107,10,10,2,1.0,718.22,471.01,742.09,518.13,-1,cvat_interp
107,11,11,2,1.0,961.08,481.82,980.35,526.44,-1,cvat_interp
107,12,12,2,1.0,953.18,436.18,970.5,477.42,-1,cvat_interp
107,13,13,2,1.0,983.53,537.97,1015.0,587.85,-1,cvat_interp
107,14,14,2,1.0,1059.8,518.17,1090.99,562.04,-1,cvat_interp
107,15,15,2,1.0,1335.95,581.24,1380.39,637.6,-1,cvat_interp
107,16,16,2,1.0,1681.91,540.81,1721.68,595.14,-1,cvat_interp
107,17,17,2,1.0,1155.33,508.05,1193.43,554.95,-1,cvat_interp
107,18,18,2,1.0,1123.96,405.7,1139.88,442.22,-1,cvat_interp
107,19,19,2,1.0,680.69,992.21,749.07,1079.56,-1,cvat_interp
107,20,20,3,1.0,9.54,422.61,33.05,459.98,-1,cvat_keyframe
107,21,21,3,1.0,500.18,585.79,536.75,646.98,-1,cvat_interp
107,22,22,1,1.0,1422.35,467.19,1451.05,511.38,-1,cvat_interp
107,24,24,0,1.0,1612.94,567.63,1621.16,575.33,-1,cvat_interp
108,0,0,2,1.0,134.65,792.0,194.68,871.74,-1,cvat_interp
108,1,1,2,1.0,144.26,621.36,180.69,692.04,-1,cvat_interp
108,2,2,2,1.0,112.64,596.93,142.55,666.55,-1,cvat_interp
108,3,3,2,1.0,0.0,559.59,26.1,623.93,-1,cvat_keyframe
108,4,4,2,1.0,93.48,539.29,120.23,587.29,-1,cvat_interp
108,5,5,2,1.0,105.88,490.44,132.91,538.43,-1,cvat_keyframe
108,6,6,2,1.0,161.37,442.36,180.16,482.8,-1,cvat_interp
108,7,7,2,1.0,488.37,429.0,502.96,465.6,-1,cvat_interp
108,8,8,2,1.0,400.1,520.92,433.7,573.98,-1,cvat_keyframe
108,9,9,2,1.0,208.75,504.97,237.7,559.9,-1,cvat_keyframe
108,10,10,2,1.0,709.32,471.01,733.19,518.13,-1,cvat_interp
108,11,11,2,1.0,952.27,481.82,971.53,526.44,-1,cvat_interp
108,12,12,2,1.0,944.22,435.64,960.61,476.88,-1,cvat_interp
108,13,13,2,1.0,976.98,538.16,1008.46,588.05,-1,cvat_interp
108,14,14,2,1.0,1053.63,518.47,1083.53,562.34,-1,cvat_interp
108,15,15,2,1.0,1337.07,580.79,1379.76,637.6,-1,cvat_interp
108,16,16,2,1.0,1676.01,539.97,1716.0,594.2,-1,cvat_keyframe
108,17,17,2,1.0,1152.69,507.2,1189.92,553.63,-1,cvat_interp
108,18,18,2,1.0,1115.92,404.76,1131.84,441.28,-1,cvat_interp
108,19,19,2,1.0,677.55,994.78,745.94,1079.7,-1,cvat_interp
108,20,20,3,1.0,2.64,422.9,26.16,463.97,-1,cvat_keyframe
108,21,21,3,1.0,491.25,585.86,528.66,647.43,-1,cvat_interp
108,22,22,1,1.0,1417.13,466.52,1445.53,510.7,-1,cvat_interp
108,24,24,0,1.0,1611.57,568.54,1619.78,576.24,-1,cvat_interp
109,0,0,2,1.0,125.73,795.8,186.05,875.53,-1,cvat_interp
109,1,1,2,1.0,128.69,621.93,165.65,693.22,-1,cvat_interp
109,2,2,2,1.0,97.92,598.21,127.48,667.53,-1,cvat_interp
109,4,4,2,1.0,77.98,539.79,104.65,587.79,-1,cvat_interp
109,5,5,2,1.0,88.79,491.79,116.01,539.78,-1,cvat_interp
109,6,6,2,1.0,146.49,442.25,164.84,482.85,-1,cvat_interp
109,7,7,2,1.0,477.33,428.85,491.91,465.45,-1,cvat_interp
109,8,8,2,1.0,387.99,521.73,417.05,574.79,-1,cvat_interp
109,9,9,2,1.0,194.98,505.19,221.85,560.14,-1,cvat_interp
109,10,10,2,1.0,700.43,471.01,724.3,518.13,-1,cvat_interp
109,11,11,2,1.0,943.45,481.82,962.71,526.44,-1,cvat_interp
109,12,12,2,1.0,935.26,435.1,950.71,476.34,-1,cvat_interp
109,13,13,2,1.0,970.42,538.36,1001.92,588.25,-1,cvat_interp
109,14,14,2,1.0,1047.47,518.76,1076.08,562.64,-1,cvat_interp
109,15,15,2,1.0,1338.18,580.35,1379.13,637.6,-1,cvat_interp
109,16,16,2,1.0,1670.11,539.13,1706.7,593.25,-1,cvat_interp
109,17,17,2,1.0,1150.04,506.35,1186.41,552.32,-1,cvat_interp
109,18,18,2,1.0,1107.88,403.82,1123.8,440.34,-1,cvat_interp
109,19,19,2,1.0,674.42,997.34,742.8,1079.85,-1,cvat_interp
109,21,21,3,1.0,482.33,585.93,520.57,647.88,-1,cvat_interp
109,22,22,1,1.0,1411.92,465.85,1440.02,510.03,-1,cvat_interp
109,24,24,0,1.0,1610.19,569.45,1618.4,577.15,-1,cvat_interp
110,0,0,2,1.0,116.8,799.59,177.41,879.33,-1,cvat_keyframe
110,1,1,2,1.0,113.12,622.5,150.61,694.41,-1,cvat_keyframe
110,2,2,2,1.0,83.2,599.5,112.4,668.5,-1,cvat_keyframe
110,4,4,2,1.0,62.47,540.29,89.07,588.29,-1,cvat_keyframe
110,5,5,2,1.0,71.7,493.14,99.1,541.13,-1,cvat_keyframe
110,6,6,2,1.0,131.62,442.15,149.52,482.9,-1,cvat_keyframe
110,7,7,2,1.0,466.29,428.7,480.87,465.3,-1,cvat_keyframe
110,8,8,2,1.0,375.88,522.54,400.4,575.6,-1,cvat_keyframe
110,9,9,2,1.0,181.21,505.41,206.01,560.38,-1,cvat_keyframe
110,10,10,2,1.0,691.53,471.01,715.4,518.13,-1,cvat_keyframe
110,11,11,2,1.0,934.63,481.82,953.9,526.44,-1,cvat_keyframe
110,12,12,2,1.0,926.3,434.56,940.81,475.81,-1,cvat_keyframe
110,13,13,2,1.0,963.87,538.56,995.39,588.44,-1,cvat_keyframe
110,14,14,2,1.0,1041.3,519.06,1068.62,562.93,-1,cvat_keyframe
110,15,15,2,1.0,1339.3,579.9,1378.5,637.6,-1,cvat_keyframe
110,16,16,2,1.0,1664.21,538.29,1697.4,592.3,-1,cvat_keyframe
110,17,17,2,1.0,1147.4,505.5,1182.9,551.0,-1,cvat_keyframe
110,18,18,2,1.0,1099.84,402.88,1115.76,439.4,-1,cvat_keyframe
110,19,19,2,1.0,671.29,999.9,739.67,1080.0,-1,cvat_keyframe
110,21,21,3,1.0,473.4,586.0,512.48,648.33,-1,cvat_keyframe
110,22,22,1,1.0,1406.7,465.17,1434.5,509.36,-1,cvat_keyframe
110,24,24,0,1.0,1608.82,570.36,1617.03,578.06,-1,cvat_keyframe
111,0,0,2,1.0,109.32,802.93,172.28,882.59,-1,cvat_interp
111,1,1,2,1.0,100.69,624.03,138.18,695.94,-1,cvat_interp
111,2,2,2,1.0,69.62,600.65,98.82,669.65,-1,cvat_interp
111,4,4,2,1.0,49.47,541.06,76.07,589.05,-1,cvat_interp
111,5,5,2,1.0,57.78,493.14,85.18,541.13,-1,cvat_interp
111,6,6,2,1.0,117.85,442.13,136.98,483.2,-1,cvat_interp
111,7,7,2,1.0,455.35,428.0,470.21,465.07,-1,cvat_interp
111,8,8,2,1.0,365.36,522.33,390.1,576.06,-1,cvat_interp
111,9,9,2,1.0,167.47,505.2,192.73,560.8,-1,cvat_interp
111,10,10,2,1.0,683.08,470.67,707.3,517.86,-1,cvat_interp
111,11,11,2,1.0,926.73,481.43,945.99,526.31,-1,cvat_interp
111,12,12,2,1.0,918.38,433.75,933.62,475.0,-1,cvat_interp
111,13,13,2,1.0,959.59,538.56,991.38,588.61,-1,cvat_interp
111,14,14,2,1.0,1036.86,518.52,1064.35,563.12,-1,cvat_interp
111,15,15,2,1.0,1340.57,579.05,1382.45,636.67,-1,cvat_interp
111,16,16,2,1.0,1659.73,537.25,1689.8,591.89,-1,cvat_interp
111,17,17,2,1.0,1144.1,504.32,1181.15,551.2,-1,cvat_interp
111,18,18,2,1.0,1092.88,402.17,1108.81,438.69,-1,cvat_interp
111,19,19,2,1.0,668.1,1002.02,735.11,1079.84,-1,cvat_interp
111,21,21,3,1.0,470.7,585.88,506.84,649.16,-1,cvat_keyframe
111,22,22,1,1.0,1402.7,464.18,1431.17,508.98,-1,cvat_interp
111,24,24,0,1.0,1608.69,571.23,1616.9,578.93,-1,cvat_interp
112,0,0,2,1.0,101.83,806.28,167.15,885.85,-1,cvat_interp
112,1,1,2,1.0,88.26,625.56,125.75,697.47,-1,cvat_interp
112,2,2,2,1.0,56.05,601.79,85.25,670.79,-1,cvat_interp
112,4,4,2,1.0,36.47,541.82,63.07,589.82,-1,cvat_interp
112,5,5,2,1.0,43.85,493.14,71.26,541.13,-1,cvat_interp
112,6,6,2,1.0,104.08,442.11,124.45,483.5,-1,cvat_interp
112,7,7,2,1.0,444.41,427.31,459.54,464.84,-1,cvat_interp
112,8,8,2,1.0,354.85,522.12,379.8,576.53,-1,cvat_interp
112,9,9,2,1.0,153.72,504.99,179.46,561.21,-1,cvat_interp
112,10,10,2,1.0,674.62,470.34,699.2,517.59,-1,cvat_interp
112,11,11,2,1.0,918.82,481.03,938.08,526.17,-1,cvat_interp
112,12,12,2,1.0,910.47,432.94,926.43,474.19,-1,cvat_interp
112,13,13,2,1.0,955.31,538.56,987.37,588.78,-1,cvat_interp
112,14,14,2,1.0,1032.42,517.99,1060.07,563.31,-1,cvat_interp
112,15,15,2,1.0,1341.85,578.2,1386.4,635.75,-1,cvat_interp
112,16,16,2,1.0,1655.25,536.2,1682.2,591.48,-1,cvat_interp
112,17,17,2,1.0,1140.8,503.15,1179.4,551.4,-1,cvat_interp
112,18,18,2,1.0,1085.93,401.46,1101.85,437.98,-1,cvat_interp
112,19,19,2,1.0,664.91,1004.14,730.55,1079.68,-1,cvat_interp
112,21,21,3,1.0,464.73,585.76,501.2,649.98,-1,cvat_interp
112,22,22,1,1.0,1398.71,463.18,1427.84,508.61,-1,cvat_interp
112,24,24,0,1.0,1608.57,572.1,1616.78,579.8,-1,cvat_interp
113,0,0,2,1.0,94.35,809.62,162.02,889.12,-1,cvat_interp
113,1,1,2,1.0,75.83,627.09,113.32,699.0,-1,cvat_interp
113,2,2,2,1.0,42.47,602.94,71.67,671.94,-1,cvat_interp
113,4,4,2,1.0,23.47,542.58,50.07,590.58,-1,cvat_interp
113,5,5,2,1.0,29.93,493.14,57.33,541.13,-1,cvat_interp
113,6,6,2,1.0,90.31,442.1,111.92,483.8,-1,cvat_interp
113,7,7,2,1.0,433.47,426.62,448.88,464.61,-1,cvat_interp
113,8,8,2,1.0,344.33,521.91,369.5,576.99,-1,cvat_interp
113,9,9,2,1.0,139.98,504.78,166.19,561.62,-1,cvat_interp
113,10,10,2,1.0,666.17,470.01,691.09,517.31,-1,cvat_interp
113,11,11,2,1.0,910.92,480.64,930.18,526.04,-1,cvat_interp
113,12,12,2,1.0,902.55,432.13,919.24,473.37,-1,cvat_interp
113,13,13,2,1.0,951.03,538.56,983.36,588.94,-1,cvat_interp
113,14,14,2,1.0,1027.98,517.45,1055.79,563.49,-1,cvat_interp
113,15,15,2,1.0,1343.13,577.35,1390.35,634.82,-1,cvat_interp
113,16,16,2,1.0,1650.78,535.15,1674.6,591.07,-1,cvat_interp
113,17,17,2,1.0,1137.5,501.97,1177.65,551.6,-1,cvat_interp
113,18,18,2,1.0,1078.97,400.75,1094.89,437.28,-1,cvat_interp
113,19,19,2,1.0,661.71,1006.26,726.0,1079.52,-1,cvat_interp
113,21,21,3,1.0,458.77,585.64,495.56,650.8,-1,cvat_interp
113,22,22,1,1.0,1394.72,462.18,1424.51,508.23,-1,cvat_interp
113,24,24,0,1.0,1608.44,572.97,1616.65,580.67,-1,cvat_interp
114,0,0,2,1.0,86.87,812.96,156.88,892.38,-1,cvat_interp
114,1,1,2,1.0,63.4,628.62,100.89,700.53,-1,cvat_keyframe
114,2,2,2,1.0,28.9,604.09,58.1,673.09,-1,cvat_keyframe
114,4,4,2,1.0,10.46,543.35,37.06,591.34,-1,cvat_keyframe
114,5,5,2,1.0,16.01,493.14,43.41,541.13,-1,cvat_keyframe
114,6,6,2,1.0,76.54,442.08,99.39,484.1,-1,cvat_interp
114,7,7,2,1.0,422.53,425.93,438.22,464.38,-1,cvat_interp
114,8,8,2,1.0,333.81,521.7,359.2,577.46,-1,cvat_interp
114,9,9,2,1.0,126.24,504.57,152.91,562.03,-1,cvat_interp
114,10,10,2,1.0,657.71,469.67,682.99,517.04,-1,cvat_interp
114,11,11,2,1.0,903.01,480.25,922.27,525.9,-1,cvat_interp
114,12,12,2,1.0,894.63,431.32,912.05,472.56,-1,cvat_interp
114,13,13,2,1.0,946.75,538.56,979.35,589.11,-1,cvat_interp
114,14,14,2,1.0,1023.54,516.92,1051.51,563.68,-1,cvat_interp
114,15,15,2,1.0,1344.4,576.5,1394.3,633.9,-1,cvat_keyframe
114,16,16,2,1.0,1646.3,534.1,1667.0,590.66,-1,cvat_keyframe
114,17,17,2,1.0,1134.2,500.8,1175.9,551.8,-1,cvat_keyframe
114,18,18,2,1.0,1072.01,400.04,1087.94,436.57,-1,cvat_interp
114,19,19,2,1.0,658.52,1008.38,721.44,1079.36,-1,cvat_keyframe
114,21,21,3,1.0,452.8,585.52,489.92,651.63,-1,cvat_interp
114,22,22,1,1.0,1390.73,461.18,1421.18,507.85,-1,cvat_interp
114,24,24,0,1.0,1608.32,573.84,1616.53,581.54,-1,cvat_keyframe
115,0,0,2,1.0,79.38,816.3,151.75,895.64,-1,cvat_interp
115,1,1,2,1.0,47.14,629.94,84.64,701.85,-1,cvat_keyframe
115,2,2,2,1.0,11.07,604.49,40.27,673.49,-1,cvat_keyframe
115,4,4,2,1.0,0.0,542.19,23.13,590.19,-1,cvat_keyframe
115,5,5,2,1.0,2.69,494.43,30.09,542.42,-1,cvat_keyframe
115,6,6,2,1.0,62.77,442.06,86.86,484.4,-1,cvat_interp
115,7,7,2,1.0,411.59,425.24,427.56,464.15,-1,cvat_interp
115,8,8,2,1.0,323.29,521.49,348.9,577.92,-1,cvat_keyframe
115,9,9,2,1.0,112.5,504.36,139.64,562.44,-1,cvat_interp
115,10,10,2,1.0,649.26,469.34,674.89,516.77,-1,cvat_interp
115,11,11,2,1.0,895.1,479.86,914.37,525.77,-1,cvat_interp
115,12,12,2,1.0,886.72,430.51,904.86,471.75,-1,cvat_interp
115,13,13,2,1.0,942.47,538.56,975.34,589.27,-1,cvat_interp
115,14,14,2,1.0,1019.1,516.38,1047.23,563.87,-1,cvat_interp
115,15,15,2,1.0,1352.25,575.65,1392.95,634.5,-1,cvat_interp
115,16,16,2,1.0,1637.9,533.1,1662.23,590.23,-1,cvat_interp
115,17,17,2,1.0,1134.43,500.85,1174.13,552.0,-1,cvat_interp
115,18,18,2,1.0,1065.06,399.33,1080.98,435.86,-1,cvat_interp
115,19,19,2,1.0,660.65,1010.77,722.2,1079.47,-1,cvat_interp
115,21,21,3,1.0,446.84,585.4,484.29,652.45,-1,cvat_interp
115,22,22,1,1.0,1386.73,460.19,1417.85,507.48,-1,cvat_interp
115,24,24,0,1.0,1608.67,574.8,1616.89,582.5,-1,cvat_interp
116,0,0,2,1.0,71.9,819.64,146.62,898.9,-1,cvat_keyframe
116,1,1,2,1.0,26.85,630.68,66.5,702.59,-1,cvat_keyframe
116,2,2,2,1.0,0.0,604.7,23.44,675.84,-1,cvat_keyframe
116,6,6,2,1.0,49.0,442.05,74.33,484.7,-1,cvat_keyframe
116,7,7,2,1.0,400.65,424.55,416.89,463.92,-1,cvat_keyframe
116,8,8,2,1.0,308.74,522.21,334.57,579.32,-1,cvat_keyframe
116,9,9,2,1.0,98.76,504.14,126.37,562.85,-1,cvat_keyframe
116,10,10,2,1.0,640.8,469.0,666.79,516.49,-1,cvat_keyframe
116,11,11,2,1.0,887.2,479.47,906.46,525.63,-1,cvat_keyframe
116,12,12,2,1.0,878.8,429.7,897.67,470.94,-1,cvat_keyframe
116,13,13,2,1.0,938.19,538.56,971.33,589.44,-1,cvat_interp
116,14,14,2,1.0,1014.66,515.84,1042.95,564.05,-1,cvat_interp
116,15,15,2,1.0,1360.1,574.8,1391.6,635.1,-1,cvat_keyframe
116,16,16,2,1.0,1629.5,532.1,1657.47,589.8,-1,cvat_keyframe
116,17,17,2,1.0,1134.67,500.9,1172.37,552.2,-1,cvat_interp
116,18,18,2,1.0,1058.1,398.63,1074.02,435.15,-1,cvat_keyframe
116,19,19,2,1.0,662.78,1013.16,722.96,1079.58,-1,cvat_interp
116,21,21,3,1.0,440.87,585.28,478.65,653.27,-1,cvat_interp
116,22,22,1,1.0,1382.74,459.19,1414.52,507.1,-1,cvat_interp
116,24,24,0,1.0,1609.03,575.75,1617.24,583.45,-1,cvat_keyframe
117,0,0,2,1.0,68.4,820.4,136.4,903.0,-1,cvat_keyframe
117,1,1,2,1.0,18.2,630.56,58.7,702.48,-1,cvat_keyframe
117,2,2,2,1.0,0.0,602.11,19.96,672.72,-1,cvat_keyframe
117,6,6,2,1.0,37.35,442.03,61.79,485.0,-1,cvat_interp
117,7,7,2,1.0,391.81,424.16,408.34,463.99,-1,cvat_interp
117,8,8,2,1.0,302.95,522.46,329.0,580.24,-1,cvat_keyframe
117,9,9,2,1.0,86.52,504.23,114.6,563.57,-1,cvat_interp
117,10,10,2,1.0,633.23,468.67,658.69,516.22,-1,cvat_interp
117,11,11,2,1.0,880.83,479.08,900.09,525.5,-1,cvat_interp
117,12,12,2,1.0,872.7,428.89,890.48,470.13,-1,cvat_interp
117,13,13,2,1.0,933.92,538.56,967.33,589.6,-1,cvat_interp
117,14,14,2,1.0,1010.22,515.31,1038.67,564.24,-1,cvat_interp
117,15,15,2,1.0,1361.27,573.95,1394.69,634.84,-1,cvat_interp
117,16,16,2,1.0,1624.88,532.36,1652.7,589.4,-1,cvat_interp
117,17,17,2,1.0,1134.9,500.95,1170.6,552.4,-1,cvat_interp
117,18,18,2,1.0,1052.67,397.92,1068.59,434.44,-1,cvat_interp
117,19,19,2,1.0,664.91,1015.54,723.72,1079.68,-1,cvat_interp
117,21,21,3,1.0,434.91,585.16,473.01,654.1,-1,cvat_interp
117,22,22,1,1.0,1378.75,458.19,1411.19,506.73,-1,cvat_interp
117,24,24,0,1.0,1608.08,576.0,1616.29,583.7,-1,cvat_interp
118,0,0,2,1.0,64.9,824.6,132.97,907.1,-1,cvat_interp
118,1,1,2,1.0,1.62,630.93,44.8,702.84,-1,cvat_keyframe
118,6,6,2,1.0,25.7,442.02,49.26,485.3,-1,cvat_interp
118,7,7,2,1.0,382.97,423.77,399.78,464.06,-1,cvat_interp
118,8,8,2,1.0,293.17,522.71,319.43,581.16,-1,cvat_interp
118,9,9,2,1.0,74.28,504.32,102.83,564.28,-1,cvat_interp
118,10,10,2,1.0,625.66,468.33,650.59,515.95,-1,cvat_interp
118,11,11,2,1.0,874.46,478.68,893.72,525.36,-1,cvat_interp
118,12,12,2,1.0,866.6,428.08,883.29,469.32,-1,cvat_interp
118,13,13,2,1.0,929.64,538.56,963.32,589.77,-1,cvat_interp
118,14,14,2,1.0,1005.78,514.77,1034.4,564.43,-1,cvat_interp
118,15,15,2,1.0,1362.44,573.1,1397.79,634.58,-1,cvat_interp
118,16,16,2,1.0,1620.26,532.62,1647.93,589.0,-1,cvat_interp
118,17,17,2,1.0,1135.13,501.0,1168.83,552.6,-1,cvat_interp
118,18,18,2,1.0,1047.24,397.21,1063.16,433.73,-1,cvat_interp
118,19,19,2,1.0,667.03,1017.93,724.48,1079.79,-1,cvat_interp
118,21,21,3,1.0,428.94,585.04,467.37,654.92,-1,cvat_interp
118,22,22,1,1.0,1374.76,457.19,1407.86,506.35,-1,cvat_interp
118,24,24,0,1.0,1607.13,576.25,1615.34,583.95,-1,cvat_interp
119,0,0,2,1.0,61.4,828.8,129.53,911.2,-1,cvat_interp
119,1,1,2,1.0,0.0,631.22,28.3,707.3,-1,cvat_keyframe
119,6,6,2,1.0,14.05,442.0,36.73,485.6,-1,cvat_interp
119,7,7,2,1.0,374.14,423.38,391.22,464.13,-1,cvat_interp
119,8,8,2,1.0,283.38,522.95,309.87,582.08,-1,cvat_interp
119,9,9,2,1.0,62.04,504.41,91.06,564.99,-1,cvat_interp
119,10,10,2,1.0,618.09,468.0,642.48,515.67,-1,cvat_interp
119,11,11,2,1.0,868.09,478.29,887.35,525.23,-1,cvat_interp
119,12,12,2,1.0,860.5,427.27,876.1,468.51,-1,cvat_interp
119,13,13,2,1.0,925.36,538.56,959.31,589.93,-1,cvat_interp
119,14,14,2,1.0,1001.34,514.24,1030.12,564.61,-1,cvat_interp
119,15,15,2,1.0,1363.6,572.25,1400.88,634.32,-1,cvat_interp
119,16,16,2,1.0,1615.64,532.88,1643.17,588.6,-1,cvat_interp
119,17,17,2,1.0,1135.37,501.05,1167.07,552.8,-1,cvat_interp
119,18,18,2,1.0,1041.81,396.5,1057.73,433.02,-1,cvat_interp
119,19,19,2,1.0,669.16,1020.31,725.24,1079.89,-1,cvat_interp
119,21,21,3,1.0,422.97,584.92,461.73,655.75,-1,cvat_interp
119,22,22,1,1.0,1370.76,456.2,1404.53,505.98,-1,cvat_interp
119,24,24,0,1.0,1606.18,576.5,1614.39,584.2,-1,cvat_interp
120,0,0,2,1.0,57.9,833.0,126.1,915.3,-1,cvat_keyframe
120,1,1,2,1.0,0.0,633.4,18.2,712.66,-1,cvat_keyframe
120,6,6,2,1.0,2.4,441.98,24.2,485.9,-1,cvat_keyframe
120,7,7,2,1.0,365.3,422.99,382.66,464.2,-1,cvat_keyframe
120,8,8,2,1.0,273.6,523.2,300.3,583.0,-1,cvat_keyframe
120,9,9,2,1.0,49.8,504.5,79.28,565.7,-1,cvat_keyframe
120,10,10,2,1.0,610.51,467.66,634.38,515.4,-1,cvat_keyframe
120,11,11,2,1.0,861.72,477.9,880.98,525.09,-1,cvat_keyframe
120,12,12,2,1.0,854.4,426.46,868.91,467.7,-1,cvat_keyframe
120,13,13,2,1.0,921.08,538.56,955.3,590.1,-1,cvat_keyframe
120,14,14,2,1.0,996.9,513.7,1025.84,564.8,-1,cvat_keyframe
120,15,15,2,1.0,1364.77,571.4,1403.97,634.06,-1,cvat_keyframe
120,16,16,2,1.0,1611.02,533.14,1638.4,588.2,-1,cvat_keyframe
120,17,17,2,1.0,1135.6,501.1,1165.3,553.0,-1,cvat_keyframe
120,18,18,2,1.0,1036.38,395.79,1052.3,432.31,-1,cvat_keyframe
120,19,19,2,1.0,671.29,1022.7,726.0,1080.0,-1,cvat_keyframe
120,21,21,3,1.0,417.01,584.8,456.09,656.57,-1,cvat_keyframe
120,22,22,1,1.0,1366.77,455.2,1401.2,505.6,-1,cvat_keyframe
120,24,24,0,1.0,1605.23,576.75,1613.44,584.45,-1,cvat_keyframe
121,0,0,2,1.0,57.9,833.0,126.1,920.5,-1,cvat_keyframe
121,6,6,2,1.0,0.0,442.51,12.18,486.42,-1,cvat_keyframe
121,7,7,2,1.0,354.06,422.48,371.42,463.69,-1,cvat_keyframe
121,8,8,2,1.0,261.54,524.25,288.24,584.05,-1,cvat_keyframe
121,9,9,2,1.0,34.07,504.5,63.55,565.7,-1,cvat_keyframe
121,10,10,2,1.0,603.36,468.17,627.23,515.91,-1,cvat_keyframe
121,11,11,2,1.0,852.29,478.46,871.55,525.65,-1,cvat_keyframe
121,12,12,2,1.0,847.51,426.46,864.4,467.7,-1,cvat_keyframe
121,13,13,2,1.0,915.1,538.56,955.3,590.1,-1,cvat_keyframe
121,14,14,2,1.0,993.7,513.34,1022.87,565.0,-1,cvat_interp
121,15,15,2,1.0,1364.77,571.4,1419.5,631.6,-1,cvat_keyframe
121,16,16,2,1.0,1608.39,533.47,1635.77,588.53,-1,cvat_keyframe
121,17,17,2,1.0,1132.9,497.52,1166.21,549.9,-1,cvat_keyframe
121,18,18,2,1.0,1029.25,395.34,1045.17,431.87,-1,cvat_keyframe
121,19,19,2,1.0,671.29,1022.7,726.0,1080.0,-1,cvat_interp
121,21,21,3,1.0,408.4,584.8,456.09,656.57,-1,cvat_keyframe
121,22,22,1,1.0,1364.57,454.58,1398.99,504.98,-1,cvat_interp
121,24,24,0,1.0,1598.66,576.15,1606.87,583.85,-1,cvat_interp
122,0,0,2,1.0,52.91,835.8,120.89,924.55,-1,cvat_interp
122,7,7,2,1.0,342.11,421.81,359.47,463.47,-1,cvat_keyframe
122,8,8,2,1.0,252.67,524.34,279.37,584.7,-1,cvat_interp
122,9,9,2,1.0,18.8,503.88,54.18,565.9,-1,cvat_keyframe
122,10,10,2,1.0,590.46,465.85,614.33,514.15,-1,cvat_keyframe
122,11,11,2,1.0,845.25,478.16,864.85,525.73,-1,cvat_interp
122,12,12,2,1.0,840.79,425.34,858.28,467.0,-1,cvat_interp
122,13,13,2,1.0,912.93,537.94,953.13,590.18,-1,cvat_interp
122,14,14,2,1.0,990.51,512.98,1019.91,565.2,-1,cvat_interp
122,15,15,2,1.0,1368.25,570.32,1422.97,631.95,-1,cvat_interp
122,16,16,2,1.0,1605.54,533.18,1633.61,588.81,-1,cvat_interp
122,17,17,2,1.0,1129.75,497.21,1167.01,549.35,-1,cvat_interp
122,18,18,2,1.0,1024.06,394.25,1040.24,430.77,-1,cvat_interp
122,19,19,2,1.0,671.29,1022.7,726.0,1080.0,-1,cvat_interp
122,21,21,3,1.0,404.15,587.6,442.5,661.3,-1,cvat_keyframe
122,22,22,1,1.0,1362.36,453.97,1396.79,504.37,-1,cvat_interp
122,24,24,0,1.0,1592.09,575.55,1600.3,583.25,-1,cvat_keyframe
123,0,0,2,1.0,47.92,838.6,115.67,928.61,-1,cvat_interp
123,7,7,2,1.0,333.95,421.13,355.4,463.25,-1,cvat_keyframe
123,8,8,2,1.0,243.79,524.44,270.5,585.35,-1,cvat_interp
123,9,9,2,1.0,11.59,503.25,44.8,566.9,-1,cvat_keyframe
123,10,10,2,1.0,584.62,465.88,608.49,514.74,-1,cvat_interp
123,11,11,2,1.0,838.2,477.86,858.15,525.82,-1,cvat_interp
123,12,12,2,1.0,834.07,424.23,852.15,466.3,-1,cvat_interp
123,13,13,2,1.0,910.75,537.32,950.95,590.26,-1,cvat_interp
123,14,14,2,1.0,987.31,512.62,1016.95,565.4,-1,cvat_interp
123,15,15,2,1.0,1371.72,569.24,1426.45,632.3,-1,cvat_keyframe
123,16,16,2,1.0,1602.69,532.9,1631.45,589.09,-1,cvat_interp
123,17,17,2,1.0,1126.6,496.91,1167.81,548.8,-1,cvat_keyframe
123,18,18,2,1.0,1018.86,393.15,1035.31,429.68,-1,cvat_interp
123,19,19,2,1.0,671.29,1022.7,726.0,1080.0,-1,cvat_interp
123,21,21,3,1.0,405.2,587.62,439.41,661.08,-1,cvat_keyframe
123,22,22,1,1.0,1360.15,453.35,1394.58,503.75,-1,cvat_interp
123,24,24,0,1.0,1586.71,574.71,1594.93,582.41,-1,cvat_interp
124,0,0,2,1.0,42.93,841.39,110.46,932.66,-1,cvat_keyframe
124,7,7,2,1.0,325.8,420.45,346.66,463.02,-1,cvat_interp
124,8,8,2,1.0,234.92,524.53,261.62,586.0,-1,cvat_interp
124,9,9,2,1.0,0.53,502.72,33.21,566.01,-1,cvat_keyframe
124,10,10,2,1.0,578.77,465.91,602.64,515.33,-1,cvat_interp
124,11,11,2,1.0,831.16,477.57,851.45,525.9,-1,cvat_interp
124,12,12,2,1.0,827.35,423.12,846.03,465.6,-1,cvat_interp
124,13,13,2,1.0,908.58,536.71,948.78,590.33,-1,cvat_interp
124,14,14,2,1.0,984.11,512.26,1013.98,565.6,-1,cvat_interp
124,15,15,2,1.0,1380.9,568.16,1423.1,633.1,-1,cvat_keyframe
124,16,16,2,1.0,1599.84,532.61,1629.28,589.36,-1,cvat_interp
124,17,17,2,1.0,1128.53,496.61,1168.6,549.34,-1,cvat_interp
124,18,18,2,1.0,1013.67,392.06,1030.39,428.58,-1,cvat_interp
124,19,19,2,1.0,671.29,1022.7,726.0,1080.0,-1,cvat_interp
124,21,21,3,1.0,400.19,587.64,436.32,660.85,-1,cvat_interp
124,22,22,1,1.0,1357.94,452.74,1392.37,503.14,-1,cvat_interp
124,24,24,0,1.0,1581.34,573.88,1589.55,581.58,-1,cvat_interp
125,0,0,2,1.0,43.3,843.48,110.6,936.0,-1,cvat_interp
125,7,7,2,1.0,317.64,419.78,337.92,462.8,-1,cvat_interp
125,8,8,2,1.0,226.05,524.63,252.75,586.65,-1,cvat_interp
125,9,9,2,1.0,0.0,503.43,17.7,566.38,-1,cvat_keyframe
125,10,10,2,1.0,572.93,465.94,596.8,515.91,-1,cvat_interp
125,11,11,2,1.0,824.12,477.27,844.75,525.98,-1,cvat_keyframe
125,12,12,2,1.0,820.63,422.0,839.9,464.9,-1,cvat_keyframe
125,13,13,2,1.0,906.4,536.09,946.6,590.41,-1,cvat_interp
125,14,14,2,1.0,980.92,511.9,1011.02,565.8,-1,cvat_interp
125,15,15,2,1.0,1383.42,567.08,1427.71,632.37,-1,cvat_interp
125,16,16,2,1.0,1596.99,532.33,1627.12,589.64,-1,cvat_interp
125,17,17,2,1.0,1130.45,496.31,1169.4,549.89,-1,cvat_interp
125,18,18,2,1.0,1008.47,390.96,1025.46,427.49,-1,cvat_interp
125,19,19,2,1.0,671.29,1022.7,726.0,1080.0,-1,cvat_interp
125,21,21,3,1.0,395.17,587.65,433.24,660.63,-1,cvat_interp
125,22,22,1,1.0,1355.74,452.12,1390.16,502.52,-1,cvat_interp
125,24,24,0,1.0,1575.97,573.04,1584.18,580.74,-1,cvat_keyframe
126,0,0,2,1.0,43.66,845.56,110.74,939.34,-1,cvat_interp
126,7,7,2,1.0,309.48,419.1,329.18,462.58,-1,cvat_interp
126,8,8,2,1.0,217.17,524.72,243.88,587.3,-1,cvat_interp
126,9,9,2,1.0,0.52,547.3,10.5,565.83,-1,cvat_keyframe
126,10,10,2,1.0,567.09,465.98,590.95,516.5,-1,cvat_interp
126,11,11,2,1.0,817.89,476.98,838.87,526.07,-1,cvat_interp
126,12,12,2,1.0,815.83,421.16,835.4,464.48,-1,cvat_interp
126,13,13,2,1.0,904.23,535.47,944.43,590.49,-1,cvat_interp
126,14,14,2,1.0,977.72,511.54,1008.06,566.0,-1,cvat_interp
126,15,15,2,1.0,1385.95,566.0,1432.32,631.63,-1,cvat_interp
126,16,16,2,1.0,1594.13,532.04,1624.96,589.92,-1,cvat_interp
126,17,17,2,1.0,1132.38,496.01,1170.2,550.43,-1,cvat_interp
126,18,18,2,1.0,1003.28,389.87,1020.53,426.39,-1,cvat_interp
126,19,19,2,1.0,671.29,1022.7,726.0,1080.0,-1,cvat_interp
126,21,21,3,1.0,390.16,587.67,430.15,660.41,-1,cvat_interp
126,22,22,1,1.0,1353.53,451.5,1387.96,501.9,-1,cvat_interp
126,24,24,0,1.0,1572.77,572.41,1580.98,580.11,-1,cvat_interp
127,0,0,2,1.0,44.03,847.65,110.88,942.68,-1,cvat_interp
127,7,7,2,1.0,301.33,418.43,320.44,462.36,-1,cvat_interp
127,8,8,2,1.0,208.3,524.82,235.0,587.95,-1,cvat_interp
127,10,10,2,1.0,561.24,466.01,585.11,517.09,-1,cvat_interp
127,11,11,2,1.0,811.67,476.68,832.98,526.15,-1,cvat_interp
127,12,12,2,1.0,811.02,420.32,830.9,464.06,-1,cvat_interp
127,13,13,2,1.0,902.05,534.85,942.25,590.57,-1,cvat_interp
127,14,14,2,1.0,974.52,511.18,1005.09,566.2,-1,cvat_interp
127,15,15,2,1.0,1388.47,564.92,1436.93,630.9,-1,cvat_keyframe
127,16,16,2,1.0,1591.28,531.76,1622.79,590.2,-1,cvat_keyframe
127,17,17,2,1.0,1134.31,495.71,1171.0,550.97,-1,cvat_interp
127,18,18,2,1.0,998.08,388.77,1015.6,425.29,-1,cvat_interp
127,19,19,2,1.0,671.29,1022.7,726.0,1080.0,-1,cvat_interp
127,21,21,3,1.0,385.15,587.69,427.06,660.18,-1,cvat_interp
127,22,22,1,1.0,1351.32,450.89,1385.75,501.29,-1,cvat_interp
127,24,24,0,1.0,1569.56,571.78,1577.78,579.48,-1,cvat_interp
128,0,0,2,1.0,44.39,849.73,111.02,946.02,-1,cvat_interp
128,7,7,2,1.0,293.17,417.75,311.7,462.14,-1,cvat_interp
128,8,8,2,1.0,199.43,524.91,226.13,588.6,-1,cvat_interp
128,10,10,2,1.0,555.4,466.04,579.27,517.68,-1,cvat_interp
128,11,11,2,1.0,805.45,476.38,827.1,526.23,-1,cvat_interp
128,12,12,2,1.0,806.21,419.48,826.4,463.64,-1,cvat_interp
128,13,13,2,1.0,899.88,534.24,940.08,590.64,-1,cvat_interp
128,14,14,2,1.0,971.33,510.82,1002.13,566.4,-1,cvat_interp
128,15,15,2,1.0,1390.99,563.84,1441.54,627.89,-1,cvat_interp
128,16,16,2,1.0,1588.43,531.47,1620.63,588.79,-1,cvat_interp
128,17,17,2,1.0,1136.23,495.4,1171.8,551.51,-1,cvat_interp
128,18,18,2,1.0,992.89,387.68,1010.67,424.2,-1,cvat_interp
128,19,19,2,1.0,671.29,1022.7,726.0,1080.0,-1,cvat_keyframe
128,21,21,3,1.0,380.13,587.71,423.97,659.96,-1,cvat_interp
128,22,22,1,1.0,1349.11,450.27,1383.54,500.67,-1,cvat_interp
128,24,24,0,1.0,1566.36,571.15,1574.57,578.85,-1,cvat_interp
129,0,0,2,1.0,44.75,851.82,111.16,949.36,-1,cvat_interp
129,7,7,2,1.0,285.02,417.08,302.96,461.91,-1,cvat_interp
129,8,8,2,1.0,190.55,525.01,217.26,589.25,-1,cvat_interp
129,10,10,2,1.0,549.55,466.07,573.42,518.27,-1,cvat_interp
129,11,11,2,1.0,799.22,476.09,821.22,526.32,-1,cvat_interp
129,12,12,2,1.0,801.41,418.64,821.9,463.22,-1,cvat_interp
129,13,13,2,1.0,897.7,533.62,937.9,590.72,-1,cvat_interp
129,14,14,2,1.0,968.13,510.46,999.16,566.6,-1,cvat_interp
129,15,15,2,1.0,1393.51,562.75,1446.15,624.88,-1,cvat_interp
129,16,16,2,1.0,1585.58,531.19,1618.46,587.37,-1,cvat_interp
129,17,17,2,1.0,1138.16,495.1,1172.6,552.06,-1,cvat_interp
129,18,18,2,1.0,987.69,386.58,1005.74,423.1,-1,cvat_interp
129,19,19,2,1.0,671.29,1022.7,726.0,1080.0,-1,cvat_interp
129,21,21,3,1.0,375.12,587.73,420.88,659.74,-1,cvat_interp
129,22,22,1,1.0,1346.91,449.66,1381.33,500.06,-1,cvat_interp
129,24,24,0,1.0,1563.16,570.52,1571.37,578.22,-1,cvat_interp
130,0,0,2,1.0,45.12,853.9,111.3,952.7,-1,cvat_keyframe
130,7,7,2,1.0,276.86,416.4,294.22,461.69,-1,cvat_keyframe
130,8,8,2,1.0,181.68,525.1,208.38,589.9,-1,cvat_keyframe
130,10,10,2,1.0,543.71,466.1,567.58,518.86,-1,cvat_keyframe
130,11,11,2,1.0,793.0,475.79,815.34,526.4,-1,cvat_keyframe
130,12,12,2,1.0,796.6,417.8,817.4,462.8,-1,cvat_keyframe
130,13,13,2,1.0,895.53,533.0,935.73,590.8,-1,cvat_keyframe
130,14,14,2,1.0,964.93,510.1,996.2,566.8,-1,cvat_keyframe
130,15,15,2,1.0,1396.04,561.67,1450.76,621.87,-1,cvat_keyframe
130,16,16,2,1.0,1582.73,530.9,1616.3,585.96,-1,cvat_keyframe
130,17,17,2,1.0,1140.09,494.8,1173.4,552.6,-1,cvat_keyframe
130,18,18,2,1.0,982.5,385.49,1000.81,422.01,-1,cvat_keyframe
130,19,19,2,1.0,671.29,1022.7,726.0,1080.0,-1,cvat_keyframe
130,21,21,3,1.0,370.11,587.75,417.8,659.51,-1,cvat_keyframe
130,22,22,1,1.0,1344.7,449.04,1379.13,499.44,-1,cvat_keyframe
130,24,24,0,1.0,1559.96,569.89,1568.17,577.59,-1,cvat_interp
131,0,0,2,1.0,42.95,855.37,115.69,956.38,-1,cvat_interp
131,7,7,2,1.0,269.47,415.85,288.53,461.22,-1,cvat_interp
131,8,8,2,1.0,174.21,525.19,202.71,590.3,-1,cvat_interp
131,10,10,2,1.0,537.36,465.67,563.25,518.59,-1,cvat_interp
131,11,11,2,1.0,788.48,475.35,810.82,526.52,-1,cvat_interp
131,12,12,2,1.0,791.83,416.86,814.39,462.25,-1,cvat_interp
131,13,13,2,1.0,893.81,532.59,934.01,590.96,-1,cvat_interp
131,14,14,2,1.0,963.68,509.85,996.54,567.05,-1,cvat_interp
131,15,15,2,1.0,1399.96,560.72,1452.22,621.93,-1,cvat_interp
131,16,16,2,1.0,1582.25,529.08,1614.6,585.67,-1,cvat_interp
131,17,17,2,1.0,1141.76,493.9,1177.66,552.27,-1,cvat_interp
131,18,18,2,1.0,978.94,384.73,997.24,421.64,-1,cvat_interp
131,19,19,2,1.0,678.11,1028.3,732.82,1080.0,-1,cvat_interp
131,21,21,3,1.0,369.04,587.92,416.73,661.26,-1,cvat_interp
131,22,22,1,1.0,1347.95,447.82,1375.01,499.44,-1,cvat_interp
131,24,24,0,1.0,1556.75,569.26,1564.96,576.96,-1,cvat_interp
132,0,0,2,1.0,40.79,856.84,120.07,960.06,-1,cvat_interp
132,7,7,2,1.0,262.08,415.3,282.84,460.75,-1,cvat_interp
132,8,8,2,1.0,166.74,525.28,197.03,590.7,-1,cvat_interp
132,10,10,2,1.0,531.01,465.23,558.93,518.33,-1,cvat_interp
132,11,11,2,1.0,783.97,474.91,806.31,526.64,-1,cvat_interp
132,12,12,2,1.0,787.05,415.91,811.38,461.7,-1,cvat_interp
132,13,13,2,1.0,892.09,532.18,932.29,591.11,-1,cvat_keyframe
132,14,14,2,1.0,962.42,509.6,996.88,567.3,-1,cvat_interp
132,15,15,2,1.0,1403.89,559.76,1453.68,621.99,-1,cvat_interp
132,16,16,2,1.0,1581.76,527.25,1612.9,585.39,-1,cvat_keyframe
132,17,17,2,1.0,1143.42,493.0,1181.93,551.93,-1,cvat_interp
132,18,18,2,1.0,975.37,383.98,993.68,421.27,-1,cvat_interp
132,19,19,2,1.0,684.93,1033.9,739.64,1080.0,-1,cvat_keyframe
132,21,21,3,1.0,367.98,588.1,415.67,663.01,-1,cvat_interp
132,22,22,1,1.0,1351.2,446.59,1370.9,499.44,-1,cvat_keyframe
132,24,24,0,1.0,1553.55,568.63,1561.76,576.33,-1,cvat_keyframe
133,0,0,2,1.0,38.63,858.31,124.46,963.74,-1,cvat_interp
133,7,7,2,1.0,254.69,414.75,277.14,460.28,-1,cvat_interp
133,8,8,2,1.0,159.27,525.37,191.36,591.1,-1,cvat_interp
133,10,10,2,1.0,524.65,464.8,554.6,518.06,-1,cvat_interp
133,11,11,2,1.0,779.45,474.48,801.79,526.76,-1,cvat_interp
133,12,12,2,1.0,782.28,414.97,808.36,461.15,-1,cvat_interp
133,13,13,2,1.0,893.22,531.77,933.42,591.27,-1,cvat_interp
133,14,14,2,1.0,961.16,509.35,997.22,567.55,-1,cvat_interp
133,15,15,2,1.0,1407.81,558.8,1455.14,622.04,-1,cvat_interp
133,16,16,2,1.0,1581.28,525.43,1614.41,585.1,-1,cvat_interp
133,17,17,2,1.0,1145.09,492.1,1186.2,551.6,-1,cvat_interp
133,18,18,2,1.0,971.81,383.22,990.11,420.9,-1,cvat_interp
133,19,19,2,1.0,691.99,1034.25,746.7,1080.0,-1,cvat_interp
133,21,21,3,1.0,366.91,588.27,414.6,664.75,-1,cvat_interp
133,22,22,1,1.0,1350.39,445.37,1371.93,499.44,-1,cvat_interp
133,24,24,0,1.0,1552.41,568.36,1560.62,576.06,-1,cvat_interp
134,0,0,2,1.0,36.46,859.78,128.84,967.42,-1,cvat_interp
134,7,7,2,1.0,247.3,414.2,271.45,459.81,-1,cvat_keyframe
134,8,8,2,1.0,151.8,525.46,185.68,591.5,-1,cvat_keyframe
134,10,10,2,1.0,518.3,464.36,550.28,517.79,-1,cvat_keyframe
134,11,11,2,1.0,774.93,474.04,797.27,526.88,-1,cvat_interp
134,12,12,2,1.0,777.5,414.02,805.35,460.6,-1,cvat_keyframe
134,13,13,2,1.0,894.35,531.36,934.55,591.43,-1,cvat_interp
134,14,14,2,1.0,959.9,509.1,997.56,567.8,-1,cvat_keyframe
134,15,15,2,1.0,1411.74,557.84,1456.6,622.1,-1,cvat_keyframe
134,16,16,2,1.0,1580.8,523.6,1615.92,584.81,-1,cvat_keyframe
134,17,17,2,1.0,1146.76,491.2,1190.46,551.27,-1,cvat_interp
134,18,18,2,1.0,968.24,382.47,986.55,420.53,-1,cvat_keyframe
134,19,19,2,1.0,699.06,1034.61,753.77,1080.0,-1,cvat_interp
134,21,21,3,1.0,365.85,588.45,413.54,666.5,-1,cvat_keyframe
134,22,22,1,1.0,1349.58,444.14,1372.96,499.44,-1,cvat_interp
134,24,24,0,1.0,1551.26,568.1,1559.47,575.8,-1,cvat_interp
135,0,0,2,1.0,34.3,861.25,133.23,971.1,-1,cvat_keyframe
135,7,7,2,1.0,242.28,413.65,265.76,459.34,-1,cvat_interp
135,8,8,2,1.0,147.32,525.55,180.01,591.9,-1,cvat_interp
135,10,10,2,1.0,515.33,463.93,545.95,517.53,-1,cvat_interp
135,11,11,2,1.0,770.42,473.6,792.76,527.0,-1,cvat_interp
135,12,12,2,1.0,775.66,413.08,802.34,460.05,-1,cvat_interp
135,13,13,2,1.0,895.49,530.95,935.69,591.58,-1,cvat_interp
135,14,14,2,1.0,960.74,508.85,997.9,567.83,-1,cvat_interp
135,15,15,2,1.0,1418.75,556.62,1465.26,620.51,-1,cvat_interp
135,16,16,2,1.0,1580.31,523.93,1615.82,584.53,-1,cvat_interp
135,17,17,2,1.0,1148.43,490.3,1194.73,550.93,-1,cvat_interp
135,18,18,2,1.0,966.17,381.34,984.48,419.79,-1,cvat_interp
135,19,19,2,1.0,706.13,1034.96,760.84,1080.0,-1,cvat_interp
135,21,21,3,1.0,364.78,588.62,412.47,666.44,-1,cvat_interp
135,22,22,1,1.0,1348.76,442.92,1373.99,499.44,-1,cvat_interp
135,24,24,0,1.0,1550.12,567.83,1558.33,575.53,-1,cvat_interp
136,0,0,2,1.0,50.2,862.72,137.61,971.8,-1,cvat_keyframe
136,7,7,2,1.0,237.25,413.1,260.07,458.86,-1,cvat_interp
136,8,8,2,1.0,142.84,525.64,174.33,592.3,-1,cvat_interp
136,10,10,2,1.0,512.35,463.49,541.63,517.26,-1,cvat_interp
136,11,11,2,1.0,765.9,473.16,788.24,527.12,-1,cvat_interp
136,12,12,2,1.0,773.83,412.14,799.33,459.5,-1,cvat_interp
136,13,13,2,1.0,896.62,530.54,936.82,591.74,-1,cvat_interp
136,14,14,2,1.0,961.58,508.6,998.24,567.87,-1,cvat_interp
136,15,15,2,1.0,1425.77,555.39,1473.92,618.93,-1,cvat_keyframe
136,16,16,2,1.0,1579.83,524.27,1615.73,584.24,-1,cvat_interp
136,17,17,2,1.0,1150.1,489.4,1199.0,550.6,-1,cvat_keyframe
136,18,18,2,1.0,964.1,380.21,982.41,419.05,-1,cvat_interp
136,19,19,2,1.0,713.19,1035.31,767.9,1080.0,-1,cvat_keyframe
136,21,21,3,1.0,363.72,588.8,411.41,666.39,-1,cvat_interp
136,22,22,1,1.0,1347.95,441.7,1375.01,499.44,-1,cvat_interp
136,24,24,0,1.0,1548.98,567.56,1557.19,575.26,-1,cvat_keyframe
137,0,0,2,1.0,57.4,864.19,142.0,973.93,-1,cvat_interp
137,7,7,2,1.0,232.23,412.55,254.38,458.39,-1,cvat_interp
137,8,8,2,1.0,138.37,525.73,168.66,592.7,-1,cvat_interp
137,10,10,2,1.0,509.38,463.06,537.3,517.0,-1,cvat_interp
137,11,11,2,1.0,761.38,472.72,783.73,527.24,-1,cvat_interp
137,12,12,2,1.0,771.99,411.19,796.32,458.95,-1,cvat_interp
137,13,13,2,1.0,897.75,530.13,937.95,591.89,-1,cvat_interp
137,14,14,2,1.0,962.42,508.35,998.58,567.9,-1,cvat_interp
137,15,15,2,1.0,1428.15,554.57,1476.02,617.75,-1,cvat_interp
137,16,16,2,1.0,1579.35,524.6,1615.63,583.95,-1,cvat_interp
137,17,17,2,1.0,1156.29,489.34,1201.29,549.69,-1,cvat_interp
137,18,18,2,1.0,962.03,379.08,980.33,418.31,-1,cvat_interp
137,19,19,2,1.0,717.41,1035.31,772.12,1080.0,-1,cvat_interp
137,21,21,3,1.0,362.65,588.97,410.34,666.33,-1,cvat_interp
137,22,22,1,1.0,1347.14,440.47,1376.04,499.44,-1,cvat_interp
137,24,24,0,1.0,1548.9,566.99,1557.11,574.69,-1,cvat_interp
138,0,0,2,1.0,64.6,865.66,146.38,976.05,-1,cvat_interp
138,7,7,2,1.0,227.21,412.0,248.68,457.92,-1,cvat_interp
138,8,8,2,1.0,133.89,525.82,162.98,593.1,-1,cvat_interp
138,10,10,2,1.0,506.4,462.62,532.97,516.73,-1,cvat_interp
138,11,11,2,1.0,756.87,472.28,779.21,527.36,-1,cvat_interp
138,12,12,2,1.0,770.15,410.25,793.3,458.4,-1,cvat_interp
138,13,13,2,1.0,898.89,529.72,939.09,592.05,-1,cvat_interp
138,14,14,2,1.0,963.26,508.1,998.92,567.93,-1,cvat_interp
138,15,15,2,1.0,1430.53,553.75,1478.11,616.56,-1,cvat_interp
138,16,16,2,1.0,1578.87,524.93,1615.53,583.66,-1,cvat_interp
138,17,17,2,1.0,1162.47,489.27,1203.58,548.77,-1,cvat_interp
138,18,18,2,1.0,959.96,377.96,978.26,417.56,-1,cvat_interp
138,19,19,2,1.0,721.62,1035.31,776.33,1080.0,-1,cvat_interp
138,21,21,3,1.0,361.59,589.15,409.28,666.28,-1,cvat_interp
138,22,22,1,1.0,1346.33,439.25,1377.07,499.44,-1,cvat_interp
138,24,24,0,1.0,1548.82,566.43,1557.03,574.13,-1,cvat_interp
139,0,0,2,1.0,71.8,867.13,150.77,978.18,-1,cvat_interp
139,7,7,2,1.0,222.19,411.45,242.99,457.45,-1,cvat_interp
139,8,8,2,1.0,129.41,525.91,157.31,593.5,-1,cvat_interp
139,10,10,2,1.0,503.43,462.19,528.65,516.47,-1,cvat_interp
139,11,11,2,1.0,752.35,471.84,774.69,527.48,-1,cvat_interp
139,12,12,2,1.0,768.32,409.3,790.29,457.85,-1,cvat_interp
139,13,13,2,1.0,900.02,529.31,940.22,592.21,-1,cvat_interp
139,14,14,2,1.0,964.09,507.85,999.26,567.97,-1,cvat_interp
139,15,15,2,1.0,1432.91,552.92,1480.21,615.38,-1,cvat_interp
139,16,16,2,1.0,1578.38,525.27,1615.44,583.38,-1,cvat_interp
139,17,17,2,1.0,1168.66,489.21,1205.87,547.86,-1,cvat_interp
139,18,18,2,1.0,957.88,376.83,976.19,416.82,-1,cvat_interp
139,19,19,2,1.0,725.84,1035.31,780.55,1080.0,-1,cvat_interp
139,21,21,3,1.0,360.53,589.32,408.21,666.22,-1,cvat_interp
139,22,22,1,1.0,1345.51,438.02,1378.1,499.44,-1,cvat_interp
139,24,24,0,1.0,1548.74,565.86,1556.95,573.56,-1,cvat_interp
140,0,0,2,1.0,79.0,868.6,155.15,980.3,-1,cvat_keyframe
140,7,7,2,1.0,217.16,410.9,237.3,456.98,-1,cvat_keyframe
140,8,8,2,1.0,124.93,526.0,151.63,593.9,-1,cvat_keyframe
140,10,10,2,1.0,500.45,461.76,524.32,516.2,-1,cvat_keyframe
140,11,11,2,1.0,747.83,471.4,770.18,527.6,-1,cvat_keyframe
140,12,12,2,1.0,766.48,408.36,787.28,457.3,-1,cvat_keyframe
140,13,13,2,1.0,901.16,528.9,941.36,592.36,-1,cvat_keyframe
140,14,14,2,1.0,964.93,507.6,999.6,568.0,-1,cvat_keyframe
140,15,15,2,1.0,1435.28,552.1,1482.3,614.2,-1,cvat_keyframe
140,16,16,2,1.0,1577.9,525.6,1615.34,583.09,-1,cvat_keyframe
140,17,17,2,1.0,1174.85,489.14,1208.16,546.94,-1,cvat_keyframe
140,18,18,2,1.0,955.81,375.7,974.12,416.08,-1,cvat_keyframe
140,19,19,2,1.0,730.06,1035.31,784.77,1080.0,-1,cvat_keyframe
140,21,21,3,1.0,359.46,589.5,407.15,666.17,-1,cvat_keyframe
140,22,22,1,1.0,1344.7,436.8,1379.13,499.44,-1,cvat_keyframe
140,24,24,0,1.0,1548.65,565.3,1556.87,573.0,-1,cvat_keyframe
141,0,0,2,1.0,86.26,869.95,162.41,982.79,-1,cvat_interp
141,7,7,2,1.0,213.52,410.55,233.65,456.86,-1,cvat_interp
141,8,8,2,1.0,120.37,526.27,147.07,594.35,-1,cvat_interp
141,10,10,2,1.0,498.58,461.98,522.45,516.43,-1,cvat_interp
141,11,11,2,1.0,744.63,471.53,767.41,528.25,-1,cvat_interp
141,12,12,2,1.0,765.61,407.93,786.41,456.87,-1,cvat_interp
141,13,13,2,1.0,903.43,529.23,944.23,592.7,-1,cvat_interp
141,14,14,2,1.0,967.01,507.79,1001.68,568.45,-1,cvat_interp
141,15,15,2,1.0,1438.05,550.81,1484.98,612.9,-1,cvat_interp
141,16,16,2,1.0,1575.45,525.09,1615.11,582.93,-1,cvat_interp
141,17,17,2,1.0,1178.76,487.91,1212.06,546.35,-1,cvat_interp
141,18,18,2,1.0,954.71,375.22,973.02,416.04,-1,cvat_interp
141,19,19,2,1.0,737.02,1035.1,791.73,1079.79,-1,cvat_interp
141,21,21,3,1.0,360.99,589.61,407.73,666.67,-1,cvat_interp
141,22,22,1,1.0,1346.68,436.62,1381.11,499.26,-1,cvat_interp
141,24,24,0,1.0,1549.48,565.33,1557.69,573.03,-1,cvat_interp
142,0,0,2,1.0,93.52,871.3,169.67,985.28,-1,cvat_interp
142,7,7,2,1.0,209.87,410.2,230.0,456.74,-1,cvat_interp
142,8,8,2,1.0,115.8,526.54,142.5,594.8,-1,cvat_interp
142,10,10,2,1.0,496.7,462.21,520.57,516.66,-1,cvat_interp
142,11,11,2,1.0,741.43,471.66,764.64,528.9,-1,cvat_interp
142,12,12,2,1.0,764.75,407.49,785.55,456.43,-1,cvat_interp
142,13,13,2,1.0,905.7,529.57,947.1,593.03,-1,cvat_interp
142,14,14,2,1.0,969.09,507.98,1003.76,568.91,-1,cvat_interp
142,15,15,2,1.0,1440.81,549.51,1487.66,611.61,-1,cvat_interp
142,16,16,2,1.0,1573.0,524.58,1614.88,582.77,-1,cvat_interp
142,17,17,2,1.0,1182.66,486.68,1215.97,545.76,-1,cvat_interp
142,18,18,2,1.0,953.62,374.74,971.92,416.01,-1,cvat_interp
142,19,19,2,1.0,743.98,1034.89,798.69,1079.58,-1,cvat_interp
142,21,21,3,1.0,362.53,589.71,408.32,667.17,-1,cvat_interp
142,22,22,1,1.0,1348.67,436.44,1383.09,499.08,-1,cvat_interp
142,24,24,0,1.0,1550.31,565.36,1558.52,573.06,-1,cvat_interp
143,0,0,2,1.0,100.78,872.65,176.93,987.77,-1,cvat_interp
143,7,7,2,1.0,206.22,409.85,226.36,456.62,-1,cvat_interp
143,8,8,2,1.0,111.24,526.81,137.94,595.25,-1,cvat_interp
143,10,10,2,1.0,494.83,462.44,518.7,516.89,-1,cvat_interp
143,11,11,2,1.0,738.22,471.79,761.87,529.55,-1,cvat_interp
143,12,12,2,1.0,763.88,407.06,784.68,456.0,-1,cvat_interp
143,13,13,2,1.0,907.97,529.9,949.98,593.37,-1,cvat_interp
143,14,14,2,1.0,971.17,508.18,1005.84,569.36,-1,cvat_interp
143,15,15,2,1.0,1443.57,548.22,1490.34,610.31,-1,cvat_interp
143,16,16,2,1.0,1570.55,524.06,1614.65,582.61,-1,cvat_interp
143,17,17,2,1.0,1186.57,485.45,1219.88,545.18,-1,cvat_interp
143,18,18,2,1.0,952.52,374.26,970.83,415.97,-1,cvat_interp
143,19,19,2,1.0,750.94,1034.68,805.65,1079.37,-1,cvat_interp
143,21,21,3,1.0,364.06,589.82,408.9,667.66,-1,cvat_interp
143,22,22,1,1.0,1350.65,436.26,1385.08,498.9,-1,cvat_interp
143,24,24,0,1.0,1551.14,565.39,1559.35,573.09,-1,cvat_interp
144,0,0,2,1.0,108.04,874.0,184.19,990.26,-1,cvat_interp
144,7,7,2,1.0,202.57,409.5,222.71,456.5,-1,cvat_interp
144,8,8,2,1.0,106.67,527.08,133.37,595.7,-1,cvat_interp
144,10,10,2,1.0,492.95,462.67,516.82,517.11,-1,cvat_interp
144,11,11,2,1.0,735.02,471.92,759.11,530.2,-1,cvat_interp
144,12,12,2,1.0,763.02,406.63,783.82,455.57,-1,cvat_interp
144,13,13,2,1.0,910.25,530.24,952.85,593.7,-1,cvat_interp
144,14,14,2,1.0,973.25,508.37,1007.91,569.81,-1,cvat_interp
144,15,15,2,1.0,1446.33,546.92,1493.02,609.02,-1,cvat_interp
144,16,16,2,1.0,1568.1,523.55,1614.42,582.44,-1,cvat_interp
144,17,17,2,1.0,1190.48,484.22,1223.79,544.59,-1,cvat_interp
144,18,18,2,1.0,951.42,373.78,969.73,415.94,-1,cvat_interp
144,19,19,2,1.0,757.9,1034.47,812.61,1079.16,-1,cvat_interp
144,21,21,3,1.0,365.6,589.92,409.49,668.16,-1,cvat_interp
144,22,22,1,1.0,1352.63,436.08,1387.06,498.72,-1,cvat_interp
144,24,24,0,1.0,1551.96,565.42,1560.17,573.12,-1,cvat_interp
145,0,0,2,1.0,115.3,875.35,191.45,992.75,-1,cvat_interp
145,7,7,2,1.0,198.92,409.15,219.06,456.38,-1,cvat_interp
145,8,8,2,1.0,102.1,527.35,128.81,596.15,-1,cvat_interp
145,10,10,2,1.0,491.08,462.9,514.95,517.34,-1,cvat_interp
145,11,11,2,1.0,731.81,472.05,756.34,530.85,-1,cvat_interp
145,12,12,2,1.0,762.15,406.19,782.95,455.13,-1,cvat_interp
145,13,13,2,1.0,912.52,530.57,955.73,594.04,-1,cvat_interp
145,14,14,2,1.0,975.33,508.56,1009.99,570.27,-1,cvat_interp
145,15,15,2,1.0,1449.1,545.63,1495.7,607.72,-1,cvat_interp
145,16,16,2,1.0,1565.65,523.04,1614.19,582.28,-1,cvat_interp
145,17,17,2,1.0,1194.39,482.99,1227.7,544.0,-1,cvat_interp
145,18,18,2,1.0,950.32,373.3,968.63,415.91,-1,cvat_interp
145,19,19,2,1.0,764.86,1034.26,819.57,1078.95,-1,cvat_interp
145,21,21,3,1.0,367.13,590.03,410.07,668.66,-1,cvat_interp
145,22,22,1,1.0,1354.61,435.9,1389.04,498.54,-1,cvat_interp
145,24,24,0,1.0,1552.79,565.45,1561.0,573.15,-1,cvat_interp
146,0,0,2,1.0,122.56,876.7,198.71,995.23,-1,cvat_interp
146,7,7,2,1.0,195.28,408.8,215.41,456.26,-1,cvat_interp
146,8,8,2,1.0,97.54,527.62,124.24,596.6,-1,cvat_interp
146,10,10,2,1.0,489.2,463.13,513.07,517.57,-1,cvat_interp
146,11,11,2,1.0,728.61,472.18,753.57,531.5,-1,cvat_interp
146,12,12,2,1.0,761.28,405.76,782.08,454.7,-1,cvat_interp
146,13,13,2,1.0,914.79,530.91,958.6,594.37,-1,cvat_interp
146,14,14,2,1.0,977.41,508.75,1012.07,570.72,-1,cvat_interp
146,15,15,2,1.0,1451.86,544.33,1498.38,606.43,-1,cvat_interp
146,16,16,2,1.0,1563.2,522.53,1613.96,582.12,-1,cvat_interp
146,17,17,2,1.0,1198.3,481.76,1231.6,543.41,-1,cvat_interp
146,18,18,2,1.0,949.22,372.82,967.53,415.87,-1,cvat_interp
146,19,19,2,1.0,771.82,1034.05,826.54,1078.73,-1,cvat_interp
146,21,21,3,1.0,368.66,590.13,410.66,669.16,-1,cvat_interp
146,22,22,1,1.0,1356.6,435.72,1391.02,498.36,-1,cvat_interp
146,24,24,0,1.0,1553.62,565.48,1561.83,573.18,-1,cvat_interp
147,0,0,2,1.0,129.82,878.05,205.97,997.72,-1,cvat_interp
147,7,7,2,1.0,191.63,408.45,211.76,456.14,-1,cvat_interp
147,8,8,2,1.0,92.97,527.89,119.68,597.05,-1,cvat_interp
147,10,10,2,1.0,487.33,463.36,511.2,517.8,-1,cvat_interp
147,11,11,2,1.0,725.4,472.31,750.8,532.15,-1,cvat_interp
147,12,12,2,1.0,760.42,405.33,781.22,454.27,-1,cvat_interp
147,13,13,2,1.0,917.07,531.24,961.48,594.7,-1,cvat_interp
147,14,14,2,1.0,979.48,508.95,1014.15,571.18,-1,cvat_interp
147,15,15,2,1.0,1454.62,543.04,1501.06,605.13,-1,cvat_interp
147,16,16,2,1.0,1560.75,522.01,1613.73,581.96,-1,cvat_interp
147,17,17,2,1.0,1202.2,480.53,1235.51,542.82,-1,cvat_interp
147,18,18,2,1.0,948.13,372.34,966.43,415.84,-1,cvat_interp
147,19,19,2,1.0,778.79,1033.84,833.5,1078.52,-1,cvat_interp
147,21,21,3,1.0,370.2,590.24,411.24,669.66,-1,cvat_interp
147,22,22,1,1.0,1358.58,435.54,1393.01,498.18,-1,cvat_interp
147,24,24,0,1.0,1554.44,565.51,1562.65,573.21,-1,cvat_interp
148,0,0,2,1.0,137.08,879.4,213.23,1000.21,-1,cvat_interp
148,7,7,2,1.0,187.98,408.1,208.12,456.02,-1,cvat_interp
148,8,8,2,1.0,88.41,528.16,115.11,597.5,-1,cvat_interp
148,10,10,2,1.0,485.45,463.58,509.32,518.03,-1,cvat_interp
148,11,11,2,1.0,722.2,472.44,748.04,532.8,-1,cvat_interp
148,12,12,2,1.0,759.55,404.9,780.35,453.84,-1,cvat_interp
148,13,13,2,1.0,919.34,531.57,964.35,595.04,-1,cvat_interp
148,14,14,2,1.0,981.56,509.14,1016.23,571.63,-1,cvat_interp
148,15,15,2,1.0,1457.38,541.74,1503.74,603.84,-1,cvat_interp
148,16,16,2,1.0,1558.3,521.5,1613.5,581.8,-1,cvat_keyframe
148,17,17,2,1.0,1206.11,479.3,1239.42,542.23,-1,cvat_keyframe
148,18,18,2,1.0,947.03,371.86,965.34,415.8,-1,cvat_interp
148,19,19,2,1.0,785.75,1033.63,840.46,1078.31,-1,cvat_interp
148,21,21,3,1.0,371.73,590.35,411.83,670.16,-1,cvat_interp
148,22,22,1,1.0,1360.56,435.36,1394.99,498.0,-1,cvat_interp
148,24,24,0,1.0,1555.27,565.53,1563.48,573.23,-1,cvat_interp
149,0,0,2,1.0,144.34,880.75,220.49,1002.7,-1,cvat_interp
149,7,7,2,1.0,184.33,407.75,204.47,455.9,-1,cvat_interp
149,8,8,2,1.0,83.84,528.43,110.55,597.95,-1,cvat_interp
149,10,10,2,1.0,483.58,463.81,507.45,518.26,-1,cvat_interp
149,11,11,2,1.0,718.99,472.57,745.27,533.45,-1,cvat_interp
149,12,12,2,1.0,758.69,404.46,779.49,453.4,-1,cvat_interp
149,13,13,2,1.0,921.61,531.91,967.23,595.37,-1,cvat_interp
149,14,14,2,1.0,983.64,509.33,1018.31,572.08,-1,cvat_interp
149,15,15,2,1.0,1460.15,540.45,1506.42,602.54,-1,cvat_interp
149,16,16,2,1.0,1560.9,524.07,1608.2,581.2,-1,cvat_interp
149,17,17,2,1.0,1210.02,479.45,1243.33,541.64,-1,cvat_interp
149,18,18,2,1.0,945.93,371.38,964.24,415.77,-1,cvat_interp
149,19,19,2,1.0,792.71,1033.42,847.42,1078.1,-1,cvat_interp
149,21,21,3,1.0,373.27,590.45,412.41,670.66,-1,cvat_interp
149,22,22,1,1.0,1362.55,435.18,1396.97,497.82,-1,cvat_interp
149,24,24,0,1.0,1556.1,565.56,1564.31,573.26,-1,cvat_interp
150,0,0,2,1.0,151.6,882.1,227.75,1005.19,-1,cvat_keyframe
150,7,7,2,1.0,180.68,407.4,200.82,455.78,-1,cvat_keyframe
150,8,8,2,1.0,79.28,528.7,105.98,598.4,-1,cvat_keyframe
150,10,10,2,1.0,481.7,464.04,505.57,518.49,-1,cvat_keyframe
150,11,11,2,1.0,715.79,472.7,742.5,534.1,-1,cvat_keyframe
150,12,12,2,1.0,757.82,404.03,778.62,452.97,-1,cvat_keyframe
150,13,13,2,1.0,923.88,532.24,970.1,595.71,-1,cvat_keyframe
150,14,14,2,1.0,985.72,509.52,1020.39,572.54,-1,cvat_keyframe
150,15,15,2,1.0,1462.91,539.15,1509.1,601.25,-1,cvat_keyframe
150,16,16,2,1.0,1563.5,526.65,1602.9,580.6,-1,cvat_keyframe
150,17,17,2,1.0,1213.93,479.6,1247.24,541.05,-1,cvat_keyframe
150,18,18,2,1.0,944.83,370.9,963.14,415.73,-1,cvat_keyframe
150,19,19,2,1.0,799.67,1033.2,854.38,1077.89,-1,cvat_keyframe
150,21,21,3,1.0,374.8,590.56,413.0,671.16,-1,cvat_keyframe
150,22,22,1,1.0,1364.53,435.0,1398.96,497.64,-1,cvat_keyframe
150,24,24,0,1.0,1556.92,565.59,1565.14,573.29,-1,cvat_keyframe
151,0,0,2,1.0,159.41,884.2,235.56,1007.83,-1,cvat_interp
151,7,7,2,1.0,177.12,407.67,197.53,456.06,-1,cvat_interp
151,8,8,2,1.0,75.24,528.83,101.94,598.8,-1,cvat_interp
151,10,10,2,1.0,479.99,464.17,503.86,519.34,-1,cvat_interp
151,11,11,2,1.0,712.92,473.03,739.63,534.43,-1,cvat_interp
151,12,12,2,1.0,757.0,403.97,777.8,453.09,-1,cvat_interp
151,13,13,2,1.0,927.63,532.33,972.63,595.95,-1,cvat_interp
151,14,14,2,1.0,988.41,509.69,1023.08,573.31,-1,cvat_interp
151,15,15,2,1.0,1465.51,537.53,1511.97,600.64,-1,cvat_interp
151,16,16,2,1.0,1562.15,526.94,1602.57,580.89,-1,cvat_interp
151,17,17,2,1.0,1217.28,479.1,1250.97,541.03,-1,cvat_interp
151,18,18,2,1.0,943.62,370.85,961.93,415.69,-1,cvat_interp
151,19,19,2,1.0,805.99,1034.08,860.7,1078.1,-1,cvat_interp
151,21,21,3,1.0,375.24,591.05,413.44,671.65,-1,cvat_interp
151,22,22,1,1.0,1366.65,435.36,1401.08,498.0,-1,cvat_interp
151,24,24,0,1.0,1559.2,566.68,1567.41,574.38,-1,cvat_interp
152,0,0,2,1.0,167.21,886.3,243.36,1010.47,-1,cvat_interp
152,7,7,2,1.0,173.55,407.95,194.24,456.33,-1,cvat_interp
152,8,8,2,1.0,71.19,528.96,97.89,599.2,-1,cvat_interp
152,10,10,2,1.0,478.29,464.29,502.16,520.19,-1,cvat_interp
152,11,11,2,1.0,710.06,473.37,736.77,534.77,-1,cvat_interp
152,12,12,2,1.0,756.17,403.9,776.97,453.22,-1,cvat_interp
152,13,13,2,1.0,931.37,532.41,975.16,596.2,-1,cvat_interp
152,14,14,2,1.0,991.1,509.86,1025.76,574.09,-1,cvat_interp
152,15,15,2,1.0,1468.11,535.91,1514.84,600.04,-1,cvat_interp
152,16,16,2,1.0,1560.79,527.23,1602.24,581.17,-1,cvat_interp
152,17,17,2,1.0,1220.62,478.6,1254.71,541.01,-1,cvat_keyframe
152,18,18,2,1.0,942.41,370.8,960.72,415.64,-1,cvat_interp
152,19,19,2,1.0,812.31,1034.95,867.02,1078.31,-1,cvat_interp
152,21,21,3,1.0,375.68,591.54,413.88,672.14,-1,cvat_interp
152,22,22,1,1.0,1368.77,435.73,1403.2,498.37,-1,cvat_interp
152,24,24,0,1.0,1561.48,567.77,1569.69,575.47,-1,cvat_interp
153,0,0,2,1.0,175.01,888.4,251.16,1013.12,-1,cvat_interp
153,7,7,2,1.0,169.98,408.22,190.94,456.61,-1,cvat_interp
153,8,8,2,1.0,67.15,529.09,93.85,599.59,-1,cvat_interp
153,10,10,2,1.0,476.58,464.42,500.45,521.05,-1,cvat_interp
153,11,11,2,1.0,707.19,473.7,733.9,535.1,-1,cvat_interp
153,12,12,2,1.0,755.35,403.84,776.15,453.34,-1,cvat_interp
153,13,13,2,1.0,935.11,532.5,977.69,596.45,-1,cvat_interp
153,14,14,2,1.0,993.79,510.03,1028.45,574.87,-1,cvat_interp
153,15,15,2,1.0,1470.71,534.29,1517.7,599.43,-1,cvat_interp
153,16,16,2,1.0,1559.43,527.52,1601.91,581.46,-1,cvat_interp
153,17,17,2,1.0,1223.97,478.44,1258.45,540.99,-1,cvat_interp
153,18,18,2,1.0,941.2,370.75,959.51,415.59,-1,cvat_interp
153,19,19,2,1.0,818.63,1035.82,873.34,1078.52,-1,cvat_interp
153,21,21,3,1.0,376.12,592.03,414.32,672.63,-1,cvat_interp
153,22,22,1,1.0,1370.89,436.1,1405.32,498.74,-1,cvat_interp
153,24,24,0,1.0,1563.76,568.85,1571.97,576.55,-1,cvat_interp
154,0,0,2,1.0,182.81,890.5,258.96,1015.76,-1,cvat_interp
154,7,7,2,1.0,166.41,408.5,187.65,456.88,-1,cvat_interp
154,8,8,2,1.0,63.1,529.22,89.81,599.99,-1,cvat_interp
154,10,10,2,1.0,474.87,464.55,498.74,521.9,-1,cvat_interp
154,11,11,2,1.0,704.33,474.04,731.04,535.44,-1,cvat_interp
154,12,12,2,1.0,754.52,403.78,775.32,453.47,-1,cvat_interp
154,13,13,2,1.0,938.85,532.59,980.22,596.7,-1,cvat_interp
154,14,14,2,1.0,996.48,510.2,1031.14,575.64,-1,cvat_interp
154,15,15,2,1.0,1473.31,532.66,1520.57,598.82,-1,cvat_interp
154,16,16,2,1.0,1558.07,527.82,1601.58,581.74,-1,cvat_interp
154,17,17,2,1.0,1227.32,478.28,1262.19,540.97,-1,cvat_interp
154,18,18,2,1.0,939.99,370.71,958.3,415.54,-1,cvat_interp
154,19,19,2,1.0,824.95,1036.69,879.66,1078.73,-1,cvat_interp
154,21,21,3,1.0,376.56,592.52,414.76,673.12,-1,cvat_interp
154,22,22,1,1.0,1373.01,436.47,1407.44,499.11,-1,cvat_interp
154,24,24,0,1.0,1566.04,569.94,1574.25,577.64,-1,cvat_interp
155,0,0,2,1.0,190.62,892.6,266.77,1018.4,-1,cvat_interp
155,7,7,2,1.0,162.84,408.77,184.36,457.16,-1,cvat_interp
155,8,8,2,1.0,59.06,529.35,85.76,600.39,-1,cvat_interp
155,10,10,2,1.0,473.16,464.67,497.03,522.76,-1,cvat_interp
155,11,11,2,1.0,701.46,474.37,728.17,535.77,-1,cvat_interp
155,12,12,2,1.0,753.7,403.71,774.5,453.59,-1,cvat_interp
155,13,13,2,1.0,942.59,532.67,982.75,596.94,-1,cvat_interp
155,14,14,2,1.0,999.17,510.36,1033.83,576.42,-1,cvat_interp
155,15,15,2,1.0,1475.91,531.04,1523.44,598.21,-1,cvat_interp
155,16,16,2,1.0,1556.72,528.11,1601.24,582.03,-1,cvat_interp
155,17,17,2,1.0,1230.67,478.12,1265.92,540.94,-1,cvat_interp
155,18,18,2,1.0,938.78,370.66,957.09,415.49,-1,cvat_interp
155,19,19,2,1.0,831.27,1037.56,885.98,1078.95,-1,cvat_interp
155,21,21,3,1.0,377.0,593.01,415.21,673.61,-1,cvat_interp
155,22,22,1,1.0,1375.13,436.83,1409.56,499.47,-1,cvat_interp
155,24,24,0,1.0,1568.31,571.02,1576.53,578.72,-1,cvat_interp
156,0,0,2,1.0,198.42,894.7,274.57,1021.04,-1,cvat_interp
156,7,7,2,1.0,159.27,409.05,181.07,457.43,-1,cvat_interp
156,8,8,2,1.0,55.02,529.48,81.72,600.79,-1,cvat_interp
156,10,10,2,1.0,471.45,464.8,495.32,523.61,-1,cvat_interp
156,11,11,2,1.0,698.6,474.71,725.31,536.1,-1,cvat_interp
156,12,12,2,1.0,752.88,403.65,773.68,453.72,-1,cvat_interp
156,13,13,2,1.0,946.33,532.76,985.28,597.19,-1,cvat_interp
156,14,14,2,1.0,1001.85,510.53,1036.52,577.19,-1,cvat_interp
156,15,15,2,1.0,1478.5,529.42,1526.31,597.61,-1,cvat_interp
156,16,16,2,1.0,1555.36,528.4,1600.91,582.31,-1,cvat_interp
156,17,17,2,1.0,1234.01,477.96,1269.66,540.92,-1,cvat_interp
156,18,18,2,1.0,937.57,370.61,955.88,415.44,-1,cvat_interp
156,19,19,2,1.0,837.59,1038.43,892.3,1079.16,-1,cvat_interp
156,21,21,3,1.0,377.45,593.5,415.65,674.1,-1,cvat_interp
156,22,22,1,1.0,1377.25,437.2,1411.68,499.84,-1,cvat_interp
156,24,24,0,1.0,1570.59,572.11,1578.8,579.81,-1,cvat_interp
157,0,0,2,1.0,206.22,896.8,282.37,1023.68,-1,cvat_interp
157,7,7,2,1.0,155.71,409.32,177.78,457.7,-1,cvat_interp
157,8,8,2,1.0,50.97,529.61,77.67,601.19,-1,cvat_interp
157,10,10,2,1.0,469.75,464.92,493.61,524.46,-1,cvat_interp
157,11,11,2,1.0,695.73,475.04,722.44,536.44,-1,cvat_interp
157,12,12,2,1.0,752.05,403.59,772.85,453.84,-1,cvat_interp
157,13,13,2,1.0,950.08,532.84,987.81,597.44,-1,cvat_interp
157,14,14,2,1.0,1004.54,510.7,1039.21,577.97,-1,cvat_interp
157,15,15,2,1.0,1481.1,527.8,1529.18,597.0,-1,cvat_keyframe
157,16,16,2,1.0,1554.0,528.69,1600.58,582.6,-1,cvat_keyframe
157,17,17,2,1.0,1237.36,477.8,1273.4,540.9,-1,cvat_keyframe
157,18,18,2,1.0,936.36,370.56,954.67,415.4,-1,cvat_interp
157,19,19,2,1.0,843.91,1039.31,898.62,1079.37,-1,cvat_interp
157,21,21,3,1.0,377.89,593.99,416.09,674.59,-1,cvat_interp
157,22,22,1,1.0,1379.37,437.57,1413.8,500.21,-1,cvat_interp
157,24,24,0,1.0,1572.87,573.2,1581.08,580.9,-1,cvat_interp
158,0,0,2,1.0,214.03,898.9,290.18,1026.32,-1,cvat_interp
158,7,7,2,1.0,152.14,409.6,174.48,457.98,-1,cvat_interp
158,8,8,2,1.0,46.93,529.74,73.63,601.58,-1,cvat_interp
158,10,10,2,1.0,468.04,465.05,491.91,525.32,-1,cvat_interp
158,11,11,2,1.0,692.86,475.38,719.57,536.77,-1,cvat_interp
158,12,12,2,1.0,751.23,403.53,772.03,453.97,-1,cvat_interp
158,13,13,2,1.0,953.82,532.93,990.34,597.69,-1,cvat_interp
158,14,14,2,1.0,1007.23,510.87,1041.9,578.75,-1,cvat_interp
158,15,15,2,1.0,1483.7,527.43,1530.82,595.0,-1,cvat_interp
158,16,16,2,1.0,1556.06,528.98,1600.25,582.91,-1,cvat_interp
158,17,17,2,1.0,1240.71,479.35,1275.84,540.68,-1,cvat_interp
158,18,18,2,1.0,935.15,370.51,953.46,415.35,-1,cvat_interp
158,19,19,2,1.0,850.23,1040.18,904.94,1079.58,-1,cvat_interp
158,21,21,3,1.0,378.33,594.48,416.53,675.08,-1,cvat_interp
158,22,22,1,1.0,1381.49,437.94,1415.92,500.58,-1,cvat_interp
158,24,24,0,1.0,1575.15,574.28,1583.36,581.98,-1,cvat_interp
159,0,0,2,1.0,221.83,901.0,297.98,1028.96,-1,cvat_interp
159,7,7,2,1.0,148.57,409.87,171.19,458.25,-1,cvat_interp
159,8,8,2,1.0,42.88,529.87,69.59,601.98,-1,cvat_interp
159,10,10,2,1.0,466.33,465.17,490.2,526.17,-1,cvat_interp
159,11,11,2,1.0,690.0,475.71,716.71,537.11,-1,cvat_interp
159,12,12,2,1.0,750.4,403.46,771.2,454.09,-1,cvat_interp
159,13,13,2,1.0,957.56,533.01,992.87,597.93,-1,cvat_interp
159,14,14,2,1.0,1009.92,511.04,1044.59,579.52,-1,cvat_interp
159,15,15,2,1.0,1486.3,527.06,1532.47,593.0,-1,cvat_interp
159,16,16,2,1.0,1558.13,529.28,1599.92,583.21,-1,cvat_interp
159,17,17,2,1.0,1244.06,480.89,1278.28,540.46,-1,cvat_interp
159,18,18,2,1.0,933.94,370.46,952.25,415.3,-1,cvat_interp
159,19,19,2,1.0,856.55,1041.05,911.26,1079.79,-1,cvat_interp
159,21,21,3,1.0,378.77,594.97,416.97,675.57,-1,cvat_interp
159,22,22,1,1.0,1383.61,438.31,1418.04,500.95,-1,cvat_interp
159,24,24,0,1.0,1577.43,575.37,1585.64,583.07,-1,cvat_interp
160,0,0,2,1.0,229.63,903.1,305.78,1031.6,-1,cvat_keyframe
160,7,7,2,1.0,145.0,410.14,167.9,458.53,-1,cvat_keyframe
160,8,8,2,1.0,38.84,530.0,65.54,602.38,-1,cvat_keyframe
160,10,10,2,1.0,464.62,465.3,488.49,527.03,-1,cvat_keyframe
160,11,11,2,1.0,687.13,476.05,713.84,537.44,-1,cvat_keyframe
160,12,12,2,1.0,749.58,403.4,770.38,454.21,-1,cvat_keyframe
160,13,13,2,1.0,961.3,533.1,995.41,598.18,-1,cvat_keyframe
160,14,14,2,1.0,1012.61,511.2,1047.28,580.3,-1,cvat_keyframe
160,15,15,2,1.0,1488.9,526.7,1534.12,591.0,-1,cvat_keyframe
160,16,16,2,1.0,1560.19,529.57,1599.59,583.52,-1,cvat_keyframe
160,17,17,2,1.0,1247.4,482.44,1280.71,540.24,-1,cvat_keyframe
160,18,18,2,1.0,932.73,370.42,951.04,415.25,-1,cvat_keyframe
160,19,19,2,1.0,862.87,1041.92,917.58,1080.0,-1,cvat_keyframe
160,21,21,3,1.0,379.21,595.46,417.41,676.06,-1,cvat_keyframe
160,22,22,1,1.0,1385.73,438.67,1420.16,501.31,-1,cvat_keyframe
160,24,24,0,1.0,1579.71,576.45,1587.92,584.15,-1,cvat_keyframe
161,0,0,2,1.0,238.38,905.58,317.7,1032.99,-1,cvat_interp
161,7,7,2,1.0,141.67,410.25,164.57,458.84,-1,cvat_interp
161,8,8,2,1.0,34.96,530.13,61.67,602.81,-1,cvat_interp
161,10,10,2,1.0,463.56,465.56,487.66,527.29,-1,cvat_interp
161,11,11,2,1.0,684.26,476.83,710.97,538.22,-1,cvat_interp
161,12,12,2,1.0,748.67,403.05,769.47,454.02,-1,cvat_interp
161,13,13,2,1.0,961.77,533.16,997.46,598.63,-1,cvat_interp
161,14,14,2,1.0,1014.79,511.51,1049.46,580.6,-1,cvat_interp
161,15,15,2,1.0,1491.72,526.91,1535.48,590.44,-1,cvat_interp
161,16,16,2,1.0,1562.18,530.09,1601.81,584.05,-1,cvat_interp
161,17,17,2,1.0,1249.11,481.64,1282.42,539.95,-1,cvat_interp
161,18,18,2,1.0,931.37,370.32,949.68,415.15,-1,cvat_interp
161,19,19,2,1.0,871.37,1043.45,923.57,1080.0,-1,cvat_interp
161,21,21,3,1.0,379.21,595.46,418.29,675.88,-1,cvat_interp
161,22,22,1,1.0,1387.8,438.82,1422.23,501.46,-1,cvat_interp
161,24,24,0,1.0,1582.3,577.69,1590.51,585.39,-1,cvat_interp
162,0,0,2,1.0,247.14,908.06,329.62,1034.38,-1,cvat_interp
162,7,7,2,1.0,138.35,410.36,161.25,459.15,-1,cvat_interp
162,8,8,2,1.0,31.09,530.26,57.79,603.24,-1,cvat_interp
162,10,10,2,1.0,462.51,465.83,486.83,527.55,-1,cvat_interp
162,11,11,2,1.0,681.38,477.61,708.09,539.0,-1,cvat_interp
162,12,12,2,1.0,747.76,402.7,768.56,453.82,-1,cvat_interp
162,13,13,2,1.0,962.23,533.22,999.52,599.09,-1,cvat_interp
162,14,14,2,1.0,1016.97,511.81,1051.64,580.91,-1,cvat_interp
162,15,15,2,1.0,1494.54,527.12,1536.84,589.88,-1,cvat_interp
162,16,16,2,1.0,1564.17,530.62,1604.03,584.58,-1,cvat_interp
162,17,17,2,1.0,1250.81,480.85,1284.12,539.66,-1,cvat_interp
162,18,18,2,1.0,930.02,370.22,948.33,415.06,-1,cvat_interp
162,19,19,2,1.0,879.88,1044.98,929.57,1080.0,-1,cvat_interp
162,21,21,3,1.0,379.21,595.46,419.17,675.7,-1,cvat_interp
162,22,22,1,1.0,1389.86,438.96,1424.29,501.6,-1,cvat_interp
162,24,24,0,1.0,1584.9,578.93,1593.11,586.63,-1,cvat_interp
163,0,0,2,1.0,255.89,910.54,341.54,1035.77,-1,cvat_interp
163,7,7,2,1.0,135.02,410.46,157.92,459.46,-1,cvat_interp
163,8,8,2,1.0,27.21,530.39,53.92,603.68,-1,cvat_interp
163,10,10,2,1.0,461.45,466.09,486.0,527.82,-1,cvat_interp
163,11,11,2,1.0,678.51,478.39,705.22,539.78,-1,cvat_interp
163,12,12,2,1.0,746.85,402.35,767.64,453.63,-1,cvat_interp
163,13,13,2,1.0,962.7,533.28,1001.58,599.54,-1,cvat_interp
163,14,14,2,1.0,1019.15,512.11,1053.81,581.21,-1,cvat_interp
163,15,15,2,1.0,1497.36,527.33,1538.2,589.32,-1,cvat_interp
163,16,16,2,1.0,1566.16,531.15,1606.24,585.1,-1,cvat_interp
163,17,17,2,1.0,1252.51,480.06,1285.82,539.37,-1,cvat_interp
163,18,18,2,1.0,928.66,370.13,946.97,414.96,-1,cvat_interp
163,19,19,2,1.0,888.38,1046.51,935.56,1080.0,-1,cvat_interp
163,21,21,3,1.0,379.21,595.46,420.06,675.53,-1,cvat_interp
163,22,22,1,1.0,1391.93,439.11,1426.35,501.75,-1,cvat_interp
163,24,24,0,1.0,1587.5,580.17,1595.71,587.87,-1,cvat_interp
164,0,0,2,1.0,264.64,913.02,353.46,1037.16,-1,cvat_interp
164,7,7,2,1.0,131.69,410.57,154.59,459.77,-1,cvat_interp
164,8,8,2,1.0,23.34,530.52,50.04,604.11,-1,cvat_interp
164,10,10,2,1.0,460.4,466.36,485.17,528.08,-1,cvat_interp
164,11,11,2,1.0,675.64,479.16,702.35,540.56,-1,cvat_interp
164,12,12,2,1.0,745.93,402.0,766.73,453.43,-1,cvat_interp
164,13,13,2,1.0,963.17,533.34,1003.64,599.99,-1,cvat_interp
164,14,14,2,1.0,1021.33,512.41,1055.99,581.51,-1,cvat_interp
164,15,15,2,1.0,1500.18,527.54,1539.55,588.76,-1,cvat_interp
164,16,16,2,1.0,1568.15,531.67,1608.46,585.63,-1,cvat_interp
164,17,17,2,1.0,1254.21,479.26,1287.52,539.08,-1,cvat_interp
164,18,18,2,1.0,927.31,370.03,945.62,414.86,-1,cvat_interp
164,19,19,2,1.0,896.88,1048.03,941.55,1080.0,-1,cvat_interp
164,21,21,3,1.0,379.21,595.46,420.94,675.35,-1,cvat_interp
164,22,22,1,1.0,1393.99,439.25,1428.42,501.89,-1,cvat_interp
164,24,24,0,1.0,1590.1,581.41,1598.31,589.11,-1,cvat_interp
165,0,0,2,1.0,273.39,915.5,365.38,1038.55,-1,cvat_interp
165,7,7,2,1.0,128.37,410.67,151.27,460.08,-1,cvat_interp
165,8,8,2,1.0,19.46,530.65,46.16,604.54,-1,cvat_interp
165,10,10,2,1.0,459.34,466.62,484.34,528.35,-1,cvat_interp
165,11,11,2,1.0,672.76,479.94,699.47,541.34,-1,cvat_interp
165,12,12,2,1.0,745.02,401.65,765.82,453.24,-1,cvat_interp
165,13,13,2,1.0,963.63,533.4,1005.7,600.45,-1,cvat_interp
165,14,14,2,1.0,1023.51,512.72,1058.17,581.81,-1,cvat_interp
165,15,15,2,1.0,1503.0,527.75,1540.91,588.2,-1,cvat_interp
165,16,16,2,1.0,1570.15,532.2,1610.68,586.15,-1,cvat_interp
165,17,17,2,1.0,1255.92,478.47,1289.22,538.79,-1,cvat_interp
165,18,18,2,1.0,925.95,369.93,944.26,414.77,-1,cvat_interp
165,19,19,2,1.0,905.39,1049.56,947.54,1080.0,-1,cvat_interp
165,21,21,3,1.0,379.21,595.46,421.82,675.18,-1,cvat_interp
165,22,22,1,1.0,1396.06,439.4,1430.48,502.04,-1,cvat_interp
165,24,24,0,1.0,1592.7,582.65,1600.91,590.35,-1,cvat_interp
166,0,0,2,1.0,282.14,917.98,377.3,1039.93,-1,cvat_keyframe
166,7,7,2,1.0,125.04,410.78,147.94,460.39,-1,cvat_interp
166,8,8,2,1.0,15.59,530.78,42.29,604.97,-1,cvat_interp
166,10,10,2,1.0,458.29,466.88,483.52,528.61,-1,cvat_interp
166,11,11,2,1.0,669.89,480.72,696.6,542.12,-1,cvat_interp
166,12,12,2,1.0,744.11,401.3,764.91,453.04,-1,cvat_interp
166,13,13,2,1.0,964.1,533.46,1007.75,600.9,-1,cvat_keyframe
166,14,14,2,1.0,1025.69,513.02,1060.35,582.12,-1,cvat_interp
166,15,15,2,1.0,1505.82,527.96,1542.27,587.64,-1,cvat_interp
166,16,16,2,1.0,1572.14,532.73,1612.9,586.68,-1,cvat_interp
166,17,17,2,1.0,1257.62,477.67,1290.93,538.5,-1,cvat_interp
166,18,18,2,1.0,924.6,369.83,942.91,414.67,-1,cvat_interp
166,19,19,2,1.0,913.89,1051.09,953.53,1080.0,-1,cvat_interp
166,21,21,3,1.0,379.21,595.46,422.7,675.0,-1,cvat_keyframe
166,22,22,1,1.0,1398.12,439.54,1432.55,502.18,-1,cvat_interp
166,24,24,0,1.0,1595.3,583.89,1603.51,591.59,-1,cvat_interp
167,0,0,2,1.0,290.9,920.46,383.29,1041.32,-1,cvat_interp
167,7,7,2,1.0,121.71,410.88,144.61,460.69,-1,cvat_interp
167,8,8,2,1.0,11.71,530.9,38.41,605.4,-1,cvat_interp
167,10,10,2,1.0,457.23,467.15,482.69,528.87,-1,cvat_interp
167,11,11,2,1.0,667.01,481.5,693.72,542.89,-1,cvat_interp
167,12,12,2,1.0,743.2,400.95,764.0,452.85,-1,cvat_interp
167,13,13,2,1.0,967.4,533.52,1009.81,600.3,-1,cvat_interp
167,14,14,2,1.0,1027.86,513.32,1062.53,582.42,-1,cvat_interp
167,15,15,2,1.0,1508.64,528.17,1543.63,587.08,-1,cvat_interp
167,16,16,2,1.0,1574.13,533.25,1615.12,587.21,-1,cvat_interp
167,17,17,2,1.0,1259.32,476.88,1292.63,538.21,-1,cvat_interp
167,18,18,2,1.0,923.24,369.74,941.55,414.57,-1,cvat_interp
167,19,19,2,1.0,922.39,1052.62,959.52,1080.0,-1,cvat_interp
167,21,21,3,1.0,379.21,595.19,422.7,675.16,-1,cvat_interp
167,22,22,1,1.0,1400.18,439.69,1434.61,502.33,-1,cvat_interp
167,24,24,0,1.0,1597.89,585.13,1606.11,592.83,-1,cvat_interp
168,0,0,2,1.0,299.65,922.94,389.27,1042.71,-1,cvat_interp
168,7,7,2,1.0,118.39,410.99,141.29,461.0,-1,cvat_interp
168,8,8,2,1.0,7.83,531.03,34.54,605.84,-1,cvat_interp
168,10,10,2,1.0,456.17,467.41,481.86,529.14,-1,cvat_interp
168,11,11,2,1.0,664.14,482.28,690.85,543.67,-1,cvat_interp
168,12,12,2,1.0,742.29,400.6,763.09,452.65,-1,cvat_interp
168,13,13,2,1.0,970.7,533.58,1011.87,599.7,-1,cvat_keyframe
168,14,14,2,1.0,1030.04,513.63,1064.71,582.72,-1,cvat_interp
168,15,15,2,1.0,1511.46,528.38,1544.98,586.52,-1,cvat_interp
168,16,16,2,1.0,1576.12,533.78,1617.34,587.73,-1,cvat_interp
168,17,17,2,1.0,1261.02,476.09,1294.33,537.92,-1,cvat_interp
168,18,18,2,1.0,921.89,369.64,940.2,414.48,-1,cvat_interp
168,19,19,2,1.0,930.89,1054.14,965.52,1080.0,-1,cvat_interp
168,21,21,3,1.0,379.21,594.93,422.7,675.32,-1,cvat_interp
168,22,22,1,1.0,1402.25,439.83,1436.68,502.47,-1,cvat_interp
168,24,24,0,1.0,1600.49,586.37,1608.7,594.07,-1,cvat_interp
169,0,0,2,1.0,308.4,925.42,395.26,1044.1,-1,cvat_keyframe
169,7,7,2,1.0,115.06,411.09,137.96,461.31,-1,cvat_interp
169,8,8,2,1.0,3.96,531.16,30.66,606.27,-1,cvat_interp
169,10,10,2,1.0,455.12,467.67,481.03,529.4,-1,cvat_interp
169,11,11,2,1.0,661.26,483.06,687.97,544.45,-1,cvat_interp
169,12,12,2,1.0,741.37,400.25,762.17,452.46,-1,cvat_interp
169,13,13,2,1.0,976.29,533.64,1013.93,599.24,-1,cvat_interp
169,14,14,2,1.0,1032.22,513.93,1066.89,583.02,-1,cvat_interp
169,15,15,2,1.0,1514.28,528.59,1546.34,585.96,-1,cvat_interp
169,16,16,2,1.0,1578.11,534.31,1619.56,588.26,-1,cvat_interp
169,17,17,2,1.0,1262.72,475.29,1296.03,537.63,-1,cvat_interp
169,18,18,2,1.0,920.53,369.54,938.84,414.38,-1,cvat_interp
169,19,19,2,1.0,939.4,1055.67,971.51,1080.0,-1,cvat_interp
169,21,21,3,1.0,379.21,594.67,422.7,675.47,-1,cvat_interp
169,22,22,1,1.0,1404.31,439.98,1438.74,502.62,-1,cvat_interp
169,24,24,0,1.0,1603.09,587.61,1611.3,595.31,-1,cvat_interp
170,0,0,2,1.0,326.44,927.9,405.2,1045.43,-1,cvat_keyframe
170,7,7,2,1.0,111.73,411.2,134.63,461.62,-1,cvat_keyframe
170,8,8,2,1.0,0.08,531.29,26.79,606.7,-1,cvat_keyframe
170,10,10,2,1.0,454.06,467.94,480.2,529.67,-1,cvat_keyframe
170,11,11,2,1.0,658.39,483.83,685.1,545.23,-1,cvat_keyframe
170,12,12,2,1.0,740.46,399.9,761.26,452.26,-1,cvat_keyframe
170,13,13,2,1.0,981.88,533.7,1015.99,598.79,-1,cvat_keyframe
170,14,14,2,1.0,1034.4,514.23,1069.07,583.33,-1,cvat_keyframe
170,15,15,2,1.0,1517.1,528.8,1547.7,585.4,-1,cvat_keyframe
170,16,16,2,1.0,1580.1,534.83,1621.78,588.79,-1,cvat_keyframe
170,17,17,2,1.0,1264.43,474.5,1297.73,537.34,-1,cvat_keyframe
170,18,18,2,1.0,919.18,369.45,937.49,414.28,-1,cvat_keyframe
170,19,19,2,1.0,947.9,1057.2,977.5,1080.0,-1,cvat_keyframe
170,21,21,3,1.0,379.21,594.4,422.7,675.63,-1,cvat_interp
170,22,22,1,1.0,1406.38,440.12,1440.8,502.76,-1,cvat_keyframe
170,24,24,0,1.0,1605.69,588.85,1613.9,596.55,-1,cvat_keyframe
171,0,0,2,1.0,336.73,927.2,413.98,1046.03,-1,cvat_interp
171,7,7,2,1.0,109.61,411.44,132.51,461.86,-1,cvat_interp
171,8,8,2,1.0,0.08,531.29,23.62,606.7,-1,cvat_interp
171,10,10,2,1.0,452.82,467.79,479.17,529.91,-1,cvat_interp
171,11,11,2,1.0,656.45,484.4,683.16,545.8,-1,cvat_interp
171,12,12,2,1.0,739.89,399.33,760.69,452.02,-1,cvat_interp
171,13,13,2,1.0,984.92,534.09,1019.03,599.17,-1,cvat_interp
171,14,14,2,1.0,1035.75,514.47,1070.42,583.57,-1,cvat_interp
171,15,15,2,1.0,1519.64,529.07,1550.24,585.67,-1,cvat_interp
171,16,16,2,1.0,1582.78,535.52,1624.45,589.47,-1,cvat_interp
171,17,17,2,1.0,1265.35,474.16,1298.66,537.32,-1,cvat_interp
171,18,18,2,1.0,918.27,368.99,936.58,414.28,-1,cvat_interp
171,19,19,2,1.0,956.48,1056.61,986.8,1080.0,-1,cvat_interp
171,21,21,3,1.0,379.21,594.14,422.7,675.79,-1,cvat_interp
171,22,22,1,1.0,1408.49,439.81,1442.92,502.45,-1,cvat_interp
171,24,24,0,1.0,1607.95,589.83,1616.16,597.53,-1,cvat_interp
172,0,0,2,1.0,347.02,926.5,422.75,1046.62,-1,cvat_interp
172,7,7,2,1.0,107.49,411.68,130.39,462.1,-1,cvat_interp
172,8,8,2,1.0,0.08,531.29,20.46,606.7,-1,cvat_interp
172,10,10,2,1.0,451.57,467.64,478.13,530.15,-1,cvat_interp
172,11,11,2,1.0,654.5,484.97,681.21,546.37,-1,cvat_interp
172,12,12,2,1.0,739.32,398.76,760.12,451.79,-1,cvat_interp
172,13,13,2,1.0,987.96,534.48,1022.06,599.56,-1,cvat_interp
172,14,14,2,1.0,1037.1,514.71,1071.77,583.81,-1,cvat_interp
172,15,15,2,1.0,1522.18,529.35,1552.78,585.95,-1,cvat_interp
172,16,16,2,1.0,1585.45,536.21,1627.13,590.16,-1,cvat_interp
172,17,17,2,1.0,1266.27,473.82,1299.58,537.29,-1,cvat_interp
172,18,18,2,1.0,917.37,368.54,935.68,414.28,-1,cvat_interp
172,19,19,2,1.0,965.06,1056.02,996.09,1080.0,-1,cvat_interp
172,21,21,3,1.0,379.21,593.88,422.7,675.95,-1,cvat_interp
172,22,22,1,1.0,1410.6,439.5,1445.03,502.14,-1,cvat_interp
172,24,24,0,1.0,1610.21,590.81,1618.43,598.51,-1,cvat_interp
173,0,0,2,1.0,357.31,925.8,431.53,1047.22,-1,cvat_interp
173,7,7,2,1.0,105.37,411.91,128.27,462.34,-1,cvat_interp
173,8,8,2,1.0,0.08,531.29,17.3,606.7,-1,cvat_keyframe
173,10,10,2,1.0,450.32,467.5,477.1,530.4,-1,cvat_interp
173,11,11,2,1.0,652.55,485.54,679.26,546.94,-1,cvat_interp
173,12,12,2,1.0,738.75,398.19,759.55,451.55,-1,cvat_interp
173,13,13,2,1.0,991.0,534.86,1025.1,599.94,-1,cvat_interp
173,14,14,2,1.0,1038.45,514.95,1073.12,584.05,-1,cvat_interp
173,15,15,2,1.0,1524.71,529.62,1555.31,586.22,-1,cvat_interp
173,16,16,2,1.0,1588.13,536.89,1629.8,590.85,-1,cvat_interp
173,17,17,2,1.0,1267.2,473.48,1300.51,537.27,-1,cvat_interp
173,18,18,2,1.0,916.47,368.08,934.78,414.28,-1,cvat_interp
173,19,19,2,1.0,973.65,1055.43,1005.39,1080.0,-1,cvat_interp
173,21,21,3,1.0,379.21,593.61,422.7,676.1,-1,cvat_interp
173,22,22,1,1.0,1412.72,439.2,1447.14,501.84,-1,cvat_interp
173,24,24,0,1.0,1612.48,591.78,1620.69,599.48,-1,cvat_interp
174,0,0,2,1.0,367.6,925.1,440.3,1047.81,-1,cvat_keyframe
174,7,7,2,1.0,103.25,412.15,126.14,462.57,-1,cvat_interp
174,8,8,2,1.0,0.08,531.29,17.3,606.7,-1,cvat_interp
174,10,10,2,1.0,449.08,467.35,476.07,530.64,-1,cvat_interp
174,11,11,2,1.0,650.61,486.11,677.32,547.51,-1,cvat_interp
174,12,12,2,1.0,738.18,397.62,758.98,451.31,-1,cvat_interp
174,13,13,2,1.0,994.04,535.25,1028.14,600.33,-1,cvat_interp
174,14,14,2,1.0,1039.81,515.2,1074.47,584.29,-1,cvat_interp
174,15,15,2,1.0,1527.25,529.9,1557.85,586.5,-1,cvat_interp
174,16,16,2,1.0,1590.8,537.58,1632.48,591.53,-1,cvat_interp
174,17,17,2,1.0,1268.12,473.14,1301.43,537.24,-1,cvat_interp
174,18,18,2,1.0,915.57,367.63,933.88,414.28,-1,cvat_interp
174,19,19,2,1.0,982.23,1054.84,1014.69,1080.0,-1,cvat_interp
174,21,21,3,1.0,379.21,593.35,422.7,676.26,-1,cvat_interp
174,22,22,1,1.0,1414.83,438.89,1449.26,501.53,-1,cvat_interp
174,24,24,0,1.0,1614.74,592.76,1622.95,600.46,-1,cvat_interp
175,0,0,2,1.0,373.23,928.26,459.1,1048.41,-1,cvat_interp
175,7,7,2,1.0,101.12,412.39,124.02,462.81,-1,cvat_interp
175,10,10,2,1.0,447.83,467.2,475.03,530.88,-1,cvat_interp
175,11,11,2,1.0,648.66,486.68,675.37,548.08,-1,cvat_interp
175,12,12,2,1.0,737.61,397.05,758.41,451.07,-1,cvat_interp
175,13,13,2,1.0,997.08,535.63,1031.18,600.72,-1,cvat_interp
175,14,14,2,1.0,1041.16,515.44,1075.82,584.53,-1,cvat_interp
175,15,15,2,1.0,1529.79,530.17,1560.39,586.77,-1,cvat_interp
175,16,16,2,1.0,1593.48,538.26,1635.15,592.22,-1,cvat_interp
175,17,17,2,1.0,1269.05,472.8,1302.35,537.22,-1,cvat_interp
175,18,18,2,1.0,914.67,367.17,932.98,414.28,-1,cvat_interp
175,19,19,2,1.0,990.81,1054.25,1023.99,1080.0,-1,cvat_interp
175,21,21,3,1.0,379.21,593.08,422.7,676.42,-1,cvat_interp
175,22,22,1,1.0,1416.94,438.58,1451.37,501.22,-1,cvat_interp
175,24,24,0,1.0,1617.0,593.74,1625.21,601.44,-1,cvat_interp
176,0,0,2,1.0,378.86,931.42,477.9,1049.0,-1,cvat_keyframe
176,7,7,2,1.0,99.0,412.63,121.9,463.05,-1,cvat_interp
176,10,10,2,1.0,446.59,467.05,474.0,531.13,-1,cvat_interp
176,11,11,2,1.0,646.72,487.25,673.43,548.65,-1,cvat_interp
176,12,12,2,1.0,737.05,396.48,757.84,450.84,-1,cvat_interp
176,13,13,2,1.0,1000.12,536.02,1034.22,601.1,-1,cvat_interp
176,14,14,2,1.0,1042.51,515.68,1077.17,584.77,-1,cvat_interp
176,15,15,2,1.0,1532.33,530.45,1562.93,587.05,-1,cvat_interp
176,16,16,2,1.0,1596.15,538.95,1637.83,592.9,-1,cvat_interp
176,17,17,2,1.0,1269.97,472.46,1303.28,537.2,-1,cvat_interp
176,18,18,2,1.0,913.77,366.72,932.07,414.28,-1,cvat_interp
176,19,19,2,1.0,999.39,1053.65,1033.28,1080.0,-1,cvat_interp
176,21,21,3,1.0,379.21,592.82,422.7,676.58,-1,cvat_interp
176,22,22,1,1.0,1419.05,438.27,1453.48,500.91,-1,cvat_interp
176,24,24,0,1.0,1619.26,594.72,1627.47,602.42,-1,cvat_interp
177,0,0,2,1.0,387.6,932.01,485.9,1049.54,-1,cvat_keyframe
177,7,7,2,1.0,96.88,412.86,119.78,463.29,-1,cvat_interp
177,10,10,2,1.0,445.34,466.9,472.96,531.37,-1,cvat_interp
177,11,11,2,1.0,644.77,487.82,671.48,549.22,-1,cvat_interp
177,12,12,2,1.0,736.48,395.91,757.28,450.6,-1,cvat_interp
177,13,13,2,1.0,1003.16,536.41,1037.26,601.49,-1,cvat_interp
177,14,14,2,1.0,1043.86,515.92,1078.52,585.02,-1,cvat_interp
177,15,15,2,1.0,1534.86,530.72,1565.47,587.32,-1,cvat_interp
177,16,16,2,1.0,1598.83,539.64,1640.5,593.59,-1,cvat_interp
177,17,17,2,1.0,1270.89,472.12,1304.2,537.17,-1,cvat_interp
177,18,18,2,1.0,912.86,366.26,931.17,414.28,-1,cvat_interp
177,19,19,2,1.0,1007.97,1053.06,1042.58,1080.0,-1,cvat_interp
177,21,21,3,1.0,379.21,592.56,422.7,676.74,-1,cvat_interp
177,22,22,1,1.0,1421.17,437.96,1455.59,500.6,-1,cvat_interp
177,24,24,0,1.0,1621.53,595.7,1629.74,603.4,-1,cvat_interp
178,0,0,2,1.0,404.78,932.6,496.56,1050.13,-1,cvat_interp
178,7,7,2,1.0,94.76,413.1,117.66,463.52,-1,cvat_interp
178,10,10,2,1.0,444.09,466.76,471.93,531.61,-1,cvat_interp
178,11,11,2,1.0,642.83,488.39,669.54,549.78,-1,cvat_interp
178,12,12,2,1.0,735.91,395.34,756.71,450.36,-1,cvat_interp
178,13,13,2,1.0,1006.2,536.79,1040.3,601.87,-1,cvat_interp
178,14,14,2,1.0,1045.21,516.16,1079.88,585.26,-1,cvat_interp
178,15,15,2,1.0,1537.4,531.0,1568.0,587.6,-1,cvat_interp
178,16,16,2,1.0,1601.5,540.32,1643.18,594.28,-1,cvat_interp
178,17,17,2,1.0,1271.82,471.78,1305.13,537.15,-1,cvat_interp
178,18,18,2,1.0,911.96,365.81,930.27,414.28,-1,cvat_interp
178,19,19,2,1.0,1016.55,1052.47,1051.88,1080.0,-1,cvat_interp
178,21,21,3,1.0,379.21,592.29,422.7,676.89,-1,cvat_interp
178,22,22,1,1.0,1423.28,437.66,1457.71,500.3,-1,cvat_interp
178,24,24,0,1.0,1623.79,596.68,1632.0,604.38,-1,cvat_interp
179,0,0,2,1.0,421.95,933.18,507.23,1050.72,-1,cvat_interp
179,7,7,2,1.0,92.64,413.34,115.54,463.76,-1,cvat_interp
179,10,10,2,1.0,442.85,466.61,470.9,531.86,-1,cvat_interp
179,11,11,2,1.0,640.88,488.96,667.59,550.35,-1,cvat_interp
179,12,12,2,1.0,735.34,394.77,756.14,450.13,-1,cvat_interp
179,13,13,2,1.0,1009.24,537.18,1043.34,602.26,-1,cvat_interp
179,14,14,2,1.0,1046.56,516.4,1081.23,585.5,-1,cvat_interp
179,15,15,2,1.0,1539.94,531.27,1570.54,587.87,-1,cvat_interp
179,16,16,2,1.0,1604.18,541.01,1645.85,594.96,-1,cvat_interp
179,17,17,2,1.0,1272.74,471.44,1306.05,537.12,-1,cvat_interp
179,18,18,2,1.0,911.06,365.35,929.37,414.28,-1,cvat_interp
179,19,19,2,1.0,1025.14,1051.88,1061.17,1080.0,-1,cvat_interp
179,21,21,3,1.0,379.21,592.03,422.7,677.05,-1,cvat_interp
179,22,22,1,1.0,1425.39,437.35,1459.82,499.99,-1,cvat_interp
179,24,24,0,1.0,1626.05,597.66,1634.26,605.36,-1,cvat_interp
180,0,0,2,1.0,439.13,933.77,517.89,1051.3,-1,cvat_keyframe
180,7,7,2,1.0,90.51,413.58,113.41,464.0,-1,cvat_keyframe
180,10,10,2,1.0,441.6,466.46,469.86,532.1,-1,cvat_keyframe
180,11,11,2,1.0,638.94,489.53,665.65,550.92,-1,cvat_keyframe
180,12,12,2,1.0,734.77,394.2,755.57,449.89,-1,cvat_keyframe
180,13,13,2,1.0,1012.28,537.56,1046.38,602.65,-1,cvat_keyframe
180,14,14,2,1.0,1047.91,516.64,1082.58,585.74,-1,cvat_keyframe
180,15,15,2,1.0,1542.48,531.54,1573.08,588.14,-1,cvat_keyframe
180,16,16,2,1.0,1606.85,541.69,1648.53,595.65,-1,cvat_keyframe
180,17,17,2,1.0,1273.67,471.1,1306.97,537.1,-1,cvat_keyframe
180,18,18,2,1.0,910.16,364.9,928.47,414.28,-1,cvat_keyframe
180,19,19,2,1.0,1033.72,1051.29,1070.47,1080.0,-1,cvat_interp
180,21,21,3,1.0,379.21,591.77,422.7,677.21,-1,cvat_keyframe
180,22,22,1,1.0,1427.5,437.04,1461.93,499.68,-1,cvat_keyframe
180,24,24,0,1.0,1628.31,598.64,1636.52,606.34,-1,cvat_interp
181,0,0,2,1.0,447.9,933.67,531.35,1051.72,-1,cvat_interp
181,7,7,2,1.0,88.0,413.29,110.9,464.0,-1,cvat_interp
181,10,10,2,1.0,440.09,466.82,468.72,532.46,-1,cvat_interp
181,11,11,2,1.0,636.63,489.79,663.71,554.0,-1,cvat_keyframe
181,12,12,2,1.0,733.57,393.66,754.37,449.35,-1,cvat_interp
181,13,13,2,1.0,1013.97,537.67,1048.08,603.06,-1,cvat_interp
181,14,14,2,1.0,1049.56,516.59,1084.22,585.84,-1,cvat_interp
181,15,15,2,1.0,1543.63,532.1,1573.83,587.97,-1,cvat_interp
181,16,16,2,1.0,1609.72,542.43,1651.62,597.52,-1,cvat_interp
181,17,17,2,1.0,1273.67,470.59,1306.97,537.1,-1,cvat_interp
181,18,18,2,1.0,909.08,364.36,927.38,413.74,-1,cvat_interp
181,19,19,2,1.0,1042.3,1050.7,1079.77,1080.0,-1,cvat_keyframe
181,21,21,3,1.0,377.49,591.62,420.98,677.06,-1,cvat_interp
181,22,22,1,1.0,1428.17,436.8,1462.73,499.68,-1,cvat_interp
181,24,24,0,1.0,1630.57,599.62,1638.79,607.32,-1,cvat_keyframe
182,0,0,2,1.0,456.67,933.58,544.8,1052.14,-1,cvat_interp
182,7,7,2,1.0,85.49,413.0,108.38,464.0,-1,cvat_interp
182,10,10,2,1.0,438.58,467.18,467.57,532.82,-1,cvat_interp
182,11,11,2,1.0,634.33,490.04,661.77,554.46,-1,cvat_interp
182,12,12,2,1.0,732.37,393.12,753.17,448.81,-1,cvat_interp
182,13,13,2,1.0,1015.67,537.77,1049.77,603.47,-1,cvat_interp
182,14,14,2,1.0,1051.2,516.53,1085.87,585.94,-1,cvat_interp
182,15,15,2,1.0,1544.79,532.66,1574.59,587.8,-1,cvat_interp
182,16,16,2,1.0,1612.6,543.17,1654.72,599.4,-1,cvat_interp
182,17,17,2,1.0,1273.67,470.08,1306.97,537.1,-1,cvat_interp
182,18,18,2,1.0,908.0,363.82,926.3,413.2,-1,cvat_interp
182,19,19,2,1.0,1052.84,1050.31,1090.31,1080.0,-1,cvat_interp
182,21,21,3,1.0,375.76,591.48,419.25,676.92,-1,cvat_interp
182,22,22,1,1.0,1428.84,436.55,1463.53,499.68,-1,cvat_interp
182,24,24,0,1.0,1632.08,600.41,1640.43,608.41,-1,cvat_interp
183,0,0,2,1.0,465.43,933.48,558.26,1052.56,-1,cvat_interp
183,7,7,2,1.0,82.97,412.71,105.87,464.0,-1,cvat_interp
183,10,10,2,1.0,437.07,467.54,466.42,533.18,-1,cvat_interp
183,11,11,2,1.0,632.02,490.3,659.83,554.91,-1,cvat_interp
183,12,12,2,1.0,731.18,392.58,751.98,448.27,-1,cvat_interp
183,13,13,2,1.0,1017.36,537.88,1051.47,603.88,-1,cvat_interp
183,14,14,2,1.0,1052.85,516.48,1087.51,586.05,-1,cvat_interp
183,15,15,2,1.0,1545.94,533.22,1575.34,587.62,-1,cvat_interp
183,16,16,2,1.0,1615.47,543.92,1657.81,601.27,-1,cvat_interp
183,17,17,2,1.0,1273.67,469.57,1306.97,537.1,-1,cvat_interp
183,18,18,2,1.0,906.91,363.28,925.22,412.66,-1,cvat_interp
183,19,19,2,1.0,1063.38,1049.92,1100.85,1080.0,-1,cvat_interp
183,21,21,3,1.0,374.04,591.33,417.53,676.78,-1,cvat_interp
183,22,22,1,1.0,1429.51,436.31,1464.32,499.68,-1,cvat_interp
183,24,24,0,1.0,1633.58,601.21,1642.07,609.5,-1,cvat_interp
184,0,0,2,1.0,474.2,933.38,571.71,1052.98,-1,cvat_keyframe
184,7,7,2,1.0,80.46,412.43,103.36,464.0,-1,cvat_interp
184,10,10,2,1.0,435.57,467.9,465.28,533.54,-1,cvat_interp
184,11,11,2,1.0,629.72,490.56,657.89,555.37,-1,cvat_interp
184,12,12,2,1.0,729.98,392.04,750.78,447.73,-1,cvat_interp
184,13,13,2,1.0,1019.06,537.98,1053.17,604.29,-1,cvat_interp
184,14,14,2,1.0,1054.49,516.43,1089.16,586.15,-1,cvat_interp
184,15,15,2,1.0,1547.09,533.78,1576.09,587.45,-1,cvat_interp
184,16,16,2,1.0,1618.34,544.66,1660.91,603.15,-1,cvat_interp
184,17,17,2,1.0,1273.67,469.06,1306.97,537.1,-1,cvat_interp
184,18,18,2,1.0,905.83,362.74,924.14,412.12,-1,cvat_interp
184,19,19,2,1.0,1073.92,1049.53,1111.39,1080.0,-1,cvat_interp
184,21,21,3,1.0,372.31,591.19,415.8,676.63,-1,cvat_interp
184,22,22,1,1.0,1430.18,436.06,1465.12,499.68,-1,cvat_interp
184,24,24,0,1.0,1635.09,602.01,1643.71,610.59,-1,cvat_interp
185,0,0,2,1.0,489.78,933.28,585.17,1053.4,-1,cvat_interp
185,7,7,2,1.0,77.94,412.14,100.84,464.0,-1,cvat_interp
185,10,10,2,1.0,434.06,468.26,464.13,533.9,-1,cvat_interp
185,11,11,2,1.0,627.42,490.81,655.95,555.83,-1,cvat_interp
185,12,12,2,1.0,728.78,391.5,749.58,447.19,-1,cvat_interp
185,13,13,2,1.0,1020.76,538.08,1054.86,604.7,-1,cvat_interp
185,14,14,2,1.0,1056.13,516.37,1090.8,586.25,-1,cvat_interp
185,15,15,2,1.0,1548.25,534.34,1576.85,587.27,-1,cvat_interp
185,16,16,2,1.0,1621.22,545.4,1664.0,605.02,-1,cvat_interp
185,17,17,2,1.0,1273.67,468.55,1306.97,537.1,-1,cvat_interp
185,18,18,2,1.0,904.75,362.2,923.06,411.58,-1,cvat_interp
185,19,19,2,1.0,1084.47,1049.14,1121.93,1080.0,-1,cvat_interp
185,21,21,3,1.0,370.59,591.05,414.08,676.49,-1,cvat_interp
185,22,22,1,1.0,1430.85,435.82,1465.92,499.68,-1,cvat_interp
185,24,24,0,1.0,1636.59,602.8,1645.36,611.68,-1,cvat_interp
186,0,0,2,1.0,505.37,933.19,598.62,1053.82,-1,cvat_interp
186,7,7,2,1.0,75.43,411.85,98.33,464.0,-1,cvat_interp
186,10,10,2,1.0,432.55,468.62,462.99,534.26,-1,cvat_interp
186,11,11,2,1.0,625.11,491.07,654.01,556.28,-1,cvat_interp
186,12,12,2,1.0,727.59,390.96,748.39,446.65,-1,cvat_interp
186,13,13,2,1.0,1022.45,538.19,1056.56,605.11,-1,cvat_interp
186,14,14,2,1.0,1057.78,516.32,1092.45,586.36,-1,cvat_interp
186,15,15,2,1.0,1549.4,534.9,1577.6,587.1,-1,cvat_keyframe
186,16,16,2,1.0,1624.09,546.14,1667.1,606.9,-1,cvat_keyframe
186,17,17,2,1.0,1273.67,468.04,1306.97,537.1,-1,cvat_interp
186,18,18,2,1.0,903.67,361.66,921.98,411.04,-1,cvat_interp
186,19,19,2,1.0,1095.01,1048.75,1132.48,1080.0,-1,cvat_keyframe
186,21,21,3,1.0,368.86,590.9,412.35,676.35,-1,cvat_interp
186,22,22,1,1.0,1431.52,435.58,1466.71,499.68,-1,cvat_interp
186,24,24,0,1.0,1638.1,603.6,1647.0,612.77,-1,cvat_keyframe
187,0,0,2,1.0,520.95,933.09,612.08,1054.24,-1,cvat_interp
187,7,7,2,1.0,72.91,411.56,95.81,464.0,-1,cvat_interp
187,10,10,2,1.0,431.04,468.98,461.84,534.62,-1,cvat_interp
187,11,11,2,1.0,622.81,491.33,652.07,556.74,-1,cvat_interp
187,12,12,2,1.0,726.39,390.42,747.19,446.11,-1,cvat_interp
187,13,13,2,1.0,1024.15,538.29,1058.25,605.52,-1,cvat_interp
187,14,14,2,1.0,1059.42,516.26,1094.09,586.46,-1,cvat_interp
187,15,15,2,1.0,1550.71,533.97,1579.51,587.27,-1,cvat_interp
187,16,16,2,1.0,1626.97,546.88,1669.64,606.82,-1,cvat_interp
187,17,17,2,1.0,1273.67,467.53,1306.97,537.1,-1,cvat_interp
187,18,18,2,1.0,902.59,361.12,920.9,410.5,-1,cvat_interp
187,19,19,2,1.0,1104.96,1045.89,1144.4,1080.0,-1,cvat_interp
187,21,21,3,1.0,367.14,590.76,410.63,676.2,-1,cvat_interp
187,22,22,1,1.0,1432.19,435.33,1467.51,499.68,-1,cvat_interp
187,24,24,0,1.0,1639.35,604.01,1648.25,613.18,-1,cvat_interp
188,0,0,2,1.0,536.53,932.99,625.53,1054.66,-1,cvat_interp
188,7,7,2,1.0,70.4,411.28,93.3,464.0,-1,cvat_interp
188,10,10,2,1.0,429.53,469.34,460.69,534.98,-1,cvat_interp
188,11,11,2,1.0,620.51,491.59,650.13,557.19,-1,cvat_interp
188,12,12,2,1.0,725.19,389.88,745.99,445.56,-1,cvat_interp
188,13,13,2,1.0,1025.84,538.39,1059.95,605.93,-1,cvat_interp
188,14,14,2,1.0,1061.07,516.21,1095.73,586.56,-1,cvat_interp
188,15,15,2,1.0,1552.01,533.04,1581.41,587.44,-1,cvat_interp
188,16,16,2,1.0,1629.84,547.62,1672.18,606.75,-1,cvat_interp
188,17,17,2,1.0,1273.67,467.02,1306.97,537.1,-1,cvat_interp
188,18,18,2,1.0,901.51,360.58,919.82,409.96,-1,cvat_interp
188,19,19,2,1.0,1114.91,1043.04,1156.32,1080.0,-1,cvat_interp
188,21,21,3,1.0,365.42,590.62,408.91,676.06,-1,cvat_interp
188,22,22,1,1.0,1432.86,435.09,1468.31,499.68,-1,cvat_interp
188,24,24,0,1.0,1640.6,604.41,1649.5,613.59,-1,cvat_interp
189,0,0,2,1.0,552.12,932.9,638.99,1055.08,-1,cvat_interp
189,7,7,2,1.0,67.88,410.99,90.78,464.0,-1,cvat_interp
189,10,10,2,1.0,428.02,469.69,459.55,535.34,-1,cvat_interp
189,11,11,2,1.0,618.2,491.84,648.19,557.65,-1,cvat_interp
189,12,12,2,1.0,724.0,389.34,744.8,445.02,-1,cvat_interp
189,13,13,2,1.0,1027.54,538.5,1061.65,606.35,-1,cvat_interp
189,14,14,2,1.0,1062.71,516.15,1097.38,586.66,-1,cvat_interp
189,15,15,2,1.0,1553.32,532.11,1583.32,587.61,-1,cvat_interp
189,16,16,2,1.0,1632.71,548.36,1674.72,606.67,-1,cvat_interp
189,17,17,2,1.0,1273.67,466.51,1306.97,537.1,-1,cvat_interp
189,18,18,2,1.0,900.43,360.04,918.74,409.42,-1,cvat_interp
189,19,19,2,1.0,1124.87,1040.18,1168.24,1080.0,-1,cvat_interp
189,21,21,3,1.0,363.69,590.47,407.18,675.91,-1,cvat_interp
189,22,22,1,1.0,1433.53,434.84,1469.1,499.68,-1,cvat_interp
189,24,24,0,1.0,1641.85,604.82,1650.75,613.99,-1,cvat_interp
190,0,0,2,1.0,567.7,932.8,652.44,1055.5,-1,cvat_keyframe
190,7,7,2,1.0,65.37,410.7,88.27,464.0,-1,cvat_keyframe
190,10,10,2,1.0,426.51,470.05,458.4,535.7,-1,cvat_keyframe
190,11,11,2,1.0,615.9,492.1,646.25,558.11,-1,cvat_keyframe
190,12,12,2,1.0,722.8,388.79,743.6,444.48,-1,cvat_keyframe
190,13,13,2,1.0,1029.24,538.6,1063.34,606.76,-1,cvat_keyframe
190,14,14,2,1.0,1064.36,516.1,1099.02,586.77,-1,cvat_keyframe
190,15,15,2,1.0,1554.62,531.19,1585.22,587.79,-1,cvat_keyframe
190,16,16,2,1.0,1635.59,549.1,1677.26,606.6,-1,cvat_keyframe
190,17,17,2,1.0,1273.67,466.0,1306.97,537.1,-1,cvat_keyframe
190,18,18,2,1.0,899.35,359.5,917.66,408.88,-1,cvat_keyframe
190,19,19,2,1.0,1134.82,1037.33,1180.17,1080.0,-1,cvat_interp
190,21,21,3,1.0,361.97,590.33,405.46,675.77,-1,cvat_keyframe
190,22,22,1,1.0,1434.2,434.6,1469.9,499.68,-1,cvat_keyframe
190,24,24,0,1.0,1643.1,605.22,1652.0,614.4,-1,cvat_keyframe
191,0,0,2,1.0,577.26,931.61,670.96,1054.7,-1,cvat_interp
191,7,7,2,1.0,63.46,409.78,86.36,463.08,-1,cvat_interp
191,10,10,2,1.0,424.96,469.72,456.85,535.37,-1,cvat_interp
191,11,11,2,1.0,614.68,491.99,645.03,558.0,-1,cvat_interp
191,12,12,2,1.0,721.2,387.5,742.27,443.26,-1,cvat_interp
191,13,13,2,1.0,1029.24,538.11,1062.8,606.42,-1,cvat_interp
191,14,14,2,1.0,1065.63,515.11,1099.95,586.26,-1,cvat_interp
191,15,15,2,1.0,1556.0,531.33,1587.25,587.93,-1,cvat_interp
191,16,16,2,1.0,1635.02,549.52,1677.26,608.82,-1,cvat_interp
191,17,17,2,1.0,1273.77,465.12,1306.01,535.89,-1,cvat_interp
191,18,18,2,1.0,898.13,358.15,916.44,408.13,-1,cvat_interp
191,19,19,2,1.0,1144.77,1034.47,1192.09,1080.0,-1,cvat_interp
191,21,21,3,1.0,359.31,589.55,402.8,675.55,-1,cvat_interp
191,22,22,1,1.0,1435.3,433.45,1471.0,498.53,-1,cvat_interp
191,24,24,0,1.0,1643.2,605.76,1652.1,614.93,-1,cvat_interp
192,0,0,2,1.0,586.82,930.42,689.47,1053.9,-1,cvat_interp
192,7,7,2,1.0,61.55,408.85,84.45,462.15,-1,cvat_interp
192,10,10,2,1.0,423.41,469.39,455.3,535.04,-1,cvat_interp
192,11,11,2,1.0,613.47,491.88,643.81,557.89,-1,cvat_interp
192,12,12,2,1.0,719.6,386.21,740.94,442.03,-1,cvat_interp
192,13,13,2,1.0,1029.24,537.61,1062.25,606.09,-1,cvat_interp
192,14,14,2,1.0,1066.9,514.12,1100.88,585.74,-1,cvat_interp
192,15,15,2,1.0,1557.38,531.48,1589.28,588.08,-1,cvat_interp
192,16,16,2,1.0,1634.44,549.93,1677.26,611.05,-1,cvat_interp
192,17,17,2,1.0,1273.88,464.23,1305.05,534.67,-1,cvat_interp
192,18,18,2,1.0,896.92,356.8,915.23,407.38,-1,cvat_interp
192,19,19,2,1.0,1154.73,1031.62,1204.01,1080.0,-1,cvat_interp
192,21,21,3,1.0,356.66,588.78,400.15,675.34,-1,cvat_interp
192,22,22,1,1.0,1436.4,432.31,1472.1,497.39,-1,cvat_interp
192,24,24,0,1.0,1643.31,606.29,1652.21,615.47,-1,cvat_interp
193,0,0,2,1.0,596.38,929.23,707.99,1053.1,-1,cvat_interp
193,7,7,2,1.0,59.65,407.93,82.55,461.23,-1,cvat_interp
193,10,10,2,1.0,421.87,469.06,453.75,534.7,-1,cvat_interp
193,11,11,2,1.0,612.25,491.77,642.6,557.77,-1,cvat_interp
193,12,12,2,1.0,718.0,384.92,739.61,440.8,-1,cvat_interp
193,13,13,2,1.0,1029.24,537.12,1061.71,605.75,-1,cvat_interp
193,14,14,2,1.0,1068.17,513.13,1101.81,585.23,-1,cvat_interp
193,15,15,2,1.0,1558.76,531.62,1591.31,588.22,-1,cvat_interp
193,16,16,2,1.0,1633.87,550.35,1677.26,613.27,-1,cvat_interp
193,17,17,2,1.0,1273.98,463.35,1304.09,533.46,-1,cvat_interp
193,18,18,2,1.0,895.71,355.45,914.02,406.64,-1,cvat_interp
193,19,19,2,1.0,1164.68,1028.76,1215.93,1080.0,-1,cvat_interp
193,21,21,3,1.0,354.0,588.0,397.49,675.12,-1,cvat_interp
193,22,22,1,1.0,1437.5,431.16,1473.2,496.24,-1,cvat_interp
193,24,24,0,1.0,1643.41,606.82,1652.31,616.0,-1,cvat_interp
194,0,0,2,1.0,605.94,928.05,726.5,1052.3,-1,cvat_keyframe
194,7,7,2,1.0,57.74,407.01,80.64,460.31,-1,cvat_interp
194,10,10,2,1.0,420.32,468.73,452.2,534.37,-1,cvat_interp
194,11,11,2,1.0,611.03,491.66,641.38,557.66,-1,cvat_interp
194,12,12,2,1.0,716.4,383.63,738.28,439.57,-1,cvat_interp
194,13,13,2,1.0,1029.24,536.62,1061.16,605.41,-1,cvat_interp
194,14,14,2,1.0,1069.45,512.14,1102.74,584.72,-1,cvat_interp
194,15,15,2,1.0,1560.14,531.77,1593.34,588.37,-1,cvat_interp
194,16,16,2,1.0,1633.3,550.77,1677.26,615.5,-1,cvat_keyframe
194,17,17,2,1.0,1274.09,462.47,1303.12,532.24,-1,cvat_interp
194,18,18,2,1.0,894.5,354.1,912.81,405.89,-1,cvat_interp
194,19,19,2,1.0,1174.63,1025.91,1227.86,1080.0,-1,cvat_interp
194,21,21,3,1.0,351.35,587.23,394.84,674.9,-1,cvat_interp
194,22,22,1,1.0,1438.6,430.01,1474.3,495.09,-1,cvat_interp
194,24,24,0,1.0,1643.52,607.36,1652.42,616.53,-1,cvat_interp
195,0,0,2,1.0,615.5,926.86,719.31,1049.56,-1,cvat_keyframe
195,7,7,2,1.0,55.83,406.09,78.73,459.39,-1,cvat_interp
195,10,10,2,1.0,418.77,468.39,450.65,534.04,-1,cvat_interp
195,11,11,2,1.0,609.81,491.55,640.16,557.55,-1,cvat_interp
195,12,12,2,1.0,714.8,382.33,736.95,438.34,-1,cvat_interp
195,13,13,2,1.0,1029.24,536.13,1060.62,605.08,-1,cvat_interp
195,14,14,2,1.0,1070.72,511.15,1103.67,584.21,-1,cvat_interp
195,15,15,2,1.0,1561.52,531.91,1595.37,588.51,-1,cvat_interp
195,16,16,2,1.0,1633.87,551.19,1677.26,615.51,-1,cvat_interp
195,17,17,2,1.0,1274.19,461.58,1302.16,531.03,-1,cvat_interp
195,18,18,2,1.0,893.29,352.75,911.6,405.15,-1,cvat_interp
195,19,19,2,1.0,1184.59,1023.05,1239.78,1080.0,-1,cvat_interp
195,21,21,3,1.0,348.69,586.46,392.18,674.69,-1,cvat_interp
195,22,22,1,1.0,1439.71,428.87,1475.41,493.95,-1,cvat_interp
195,24,24,0,1.0,1643.62,607.89,1652.52,617.06,-1,cvat_interp
196,0,0,2,1.0,632.69,925.67,732.68,1053.53,-1,cvat_interp
196,7,7,2,1.0,53.92,405.16,76.82,458.46,-1,cvat_interp
196,10,10,2,1.0,417.22,468.06,449.11,533.71,-1,cvat_interp
196,11,11,2,1.0,608.6,491.44,638.95,557.44,-1,cvat_interp
196,12,12,2,1.0,713.2,381.04,735.62,437.11,-1,cvat_interp
196,13,13,2,1.0,1029.24,535.63,1060.08,604.74,-1,cvat_interp
196,14,14,2,1.0,1071.99,510.16,1104.6,583.7,-1,cvat_keyframe
196,15,15,2,1.0,1562.9,532.06,1597.4,588.66,-1,cvat_keyframe
196,16,16,2,1.0,1634.44,551.6,1677.26,615.52,-1,cvat_interp
196,17,17,2,1.0,1274.3,460.7,1301.2,529.81,-1,cvat_keyframe
196,18,18,2,1.0,892.08,351.4,910.38,404.4,-1,cvat_keyframe
196,19,19,2,1.0,1194.54,1020.2,1251.7,1080.0,-1,cvat_keyframe
196,21,21,3,1.0,346.03,585.68,389.52,674.47,-1,cvat_interp
196,22,22,1,1.0,1440.81,427.72,1476.51,492.8,-1,cvat_interp
196,24,24,0,1.0,1643.73,608.42,1652.63,617.6,-1,cvat_keyframe
197,0,0,2,1.0,649.87,924.48,746.06,1057.5,-1,cvat_keyframe
197,7,7,2,1.0,52.02,404.24,74.92,457.54,-1,cvat_interp
197,10,10,2,1.0,415.67,467.73,447.56,533.38,-1,cvat_interp
197,11,11,2,1.0,607.38,491.33,637.73,557.33,-1,cvat_interp
197,12,12,2,1.0,711.6,379.75,734.29,435.89,-1,cvat_interp
197,13,13,2,1.0,1029.24,535.14,1059.53,604.41,-1,cvat_interp
197,14,14,2,1.0,1073.26,509.17,1106.39,581.99,-1,cvat_interp
197,15,15,2,1.0,1564.28,532.2,1603.5,588.8,-1,cvat_interp
197,16,16,2,1.0,1635.02,552.02,1677.26,615.53,-1,cvat_interp
197,17,17,2,1.0,1273.21,458.99,1301.71,528.6,-1,cvat_interp
197,18,18,2,1.0,890.86,350.05,909.17,402.71,-1,cvat_interp
197,19,19,2,1.0,1205.42,1016.6,1262.58,1080.0,-1,cvat_interp
197,21,21,3,1.0,343.38,584.91,386.87,674.25,-1,cvat_interp
197,22,22,1,1.0,1441.91,426.57,1477.61,491.65,-1,cvat_interp
197,24,24,0,1.0,1642.24,610.13,1651.14,619.3,-1,cvat_interp
198,0,0,2,1.0,667.06,923.29,759.43,1052.87,-1,cvat_interp
198,7,7,2,1.0,50.11,403.32,73.01,456.62,-1,cvat_interp
198,10,10,2,1.0,414.12,467.4,446.01,533.04,-1,cvat_interp
198,11,11,2,1.0,606.16,491.21,636.51,557.22,-1,cvat_interp
198,12,12,2,1.0,710.0,378.46,732.96,434.66,-1,cvat_interp
198,13,13,2,1.0,1029.24,534.64,1058.99,604.07,-1,cvat_interp
198,14,14,2,1.0,1074.54,508.18,1108.17,580.28,-1,cvat_interp
198,15,15,2,1.0,1565.66,532.35,1609.6,588.95,-1,cvat_keyframe
198,16,16,2,1.0,1635.59,552.44,1677.26,615.54,-1,cvat_keyframe
198,17,17,2,1.0,1272.11,457.28,1302.22,527.38,-1,cvat_interp
198,18,18,2,1.0,889.65,348.7,907.96,401.02,-1,cvat_interp
198,19,19,2,1.0,1216.3,1013.0,1273.46,1080.0,-1,cvat_interp
198,21,21,3,1.0,340.72,584.13,384.21,674.03,-1,cvat_interp
198,22,22,1,1.0,1443.01,425.42,1478.71,490.5,-1,cvat_interp
198,24,24,0,1.0,1640.76,611.83,1649.66,621.01,-1,cvat_interp
199,0,0,2,1.0,684.25,922.1,772.8,1048.24,-1,cvat_interp
199,7,7,2,1.0,48.2,402.39,71.1,455.69,-1,cvat_interp
199,10,10,2,1.0,412.57,467.07,444.46,532.71,-1,cvat_interp
199,11,11,2,1.0,604.95,491.1,635.29,557.11,-1,cvat_interp
199,12,12,2,1.0,708.4,377.17,731.63,433.43,-1,cvat_interp
199,13,13,2,1.0,1029.24,534.15,1058.44,603.74,-1,cvat_interp
199,14,14,2,1.0,1075.81,507.19,1109.96,578.58,-1,cvat_interp
199,15,15,2,1.0,1567.04,532.49,1607.15,589.09,-1,cvat_interp
199,16,16,2,1.0,1640.74,550.77,1677.26,612.47,-1,cvat_interp
199,17,17,2,1.0,1271.02,455.57,1302.73,526.17,-1,cvat_interp
199,18,18,2,1.0,888.44,347.35,906.75,399.33,-1,cvat_interp
199,19,19,2,1.0,1227.18,1009.4,1284.34,1080.0,-1,cvat_interp
199,21,21,3,1.0,338.07,583.36,381.56,673.82,-1,cvat_interp
199,22,22,1,1.0,1444.11,424.28,1479.81,489.36,-1,cvat_interp
199,24,24,0,1.0,1639.27,613.54,1648.17,622.71,-1,cvat_interp
200,0,0,2,1.0,701.43,920.91,786.18,1043.61,-1,cvat_keyframe
200,7,7,2,1.0,46.29,401.47,69.19,454.77,-1,cvat_keyframe
200,10,10,2,1.0,411.02,466.73,442.91,532.38,-1,cvat_keyframe
200,11,11,2,1.0,603.73,490.99,634.08,557.0,-1,cvat_keyframe
200,12,12,2,1.0,706.8,375.87,730.3,432.2,-1,cvat_keyframe
200,13,13,2,1.0,1029.24,533.65,1057.9,603.4,-1,cvat_keyframe
200,14,14,2,1.0,1077.08,506.2,1111.75,576.87,-1,cvat_keyframe
200,15,15,2,1.0,1568.42,532.64,1604.7,589.24,-1,cvat_keyframe
200,16,16,2,1.0,1645.9,549.1,1677.26,609.4,-1,cvat_keyframe
200,17,17,2,1.0,1269.93,453.85,1303.24,524.95,-1,cvat_keyframe
200,18,18,2,1.0,887.23,346.0,905.54,397.64,-1,cvat_keyframe
200,19,19,2,1.0,1238.06,1005.8,1295.22,1080.0,-1,cvat_keyframe
200,21,21,3,1.0,335.41,582.58,378.9,673.6,-1,cvat_keyframe
200,22,22,1,1.0,1445.21,423.13,1480.91,488.21,-1,cvat_keyframe
200,24,24,0,1.0,1637.79,615.24,1646.69,624.42,-1,cvat_keyframe
201,0,0,2,1.0,713.27,919.88,804.04,1042.81,-1,cvat_interp
201,7,7,2,1.0,44.41,399.77,67.67,453.43,-1,cvat_interp
201,10,10,2,1.0,409.29,465.64,441.82,531.29,-1,cvat_interp
201,11,11,2,1.0,601.91,490.37,633.53,557.18,-1,cvat_interp
201,12,12,2,1.0,705.48,374.19,728.98,430.51,-1,cvat_interp
201,13,13,2,1.0,1028.43,532.19,1059.81,603.5,-1,cvat_interp
201,14,14,2,1.0,1077.89,504.58,1112.56,577.28,-1,cvat_interp
201,15,15,2,1.0,1568.24,531.8,1604.45,589.19,-1,cvat_interp
201,16,16,2,1.0,1643.84,548.44,1677.26,611.8,-1,cvat_interp
201,17,17,2,1.0,1269.06,452.38,1302.36,523.79,-1,cvat_interp
201,18,18,2,1.0,886.17,344.47,904.78,396.06,-1,cvat_interp
201,19,19,2,1.0,1246.85,1002.69,1305.13,1080.0,-1,cvat_interp
201,21,21,3,1.0,332.38,580.79,375.87,672.18,-1,cvat_interp
201,22,22,1,1.0,1445.99,421.53,1481.48,486.82,-1,cvat_interp
201,24,24,0,1.0,1636.87,615.72,1646.03,625.08,-1,cvat_interp
202,0,0,2,1.0,725.11,918.85,821.9,1042.0,-1,cvat_keyframe
202,7,7,2,1.0,42.53,398.06,66.15,452.09,-1,cvat_interp
202,10,10,2,1.0,407.57,464.55,440.73,530.2,-1,cvat_interp
202,11,11,2,1.0,600.08,489.75,632.98,557.36,-1,cvat_interp
202,12,12,2,1.0,704.15,372.5,727.65,428.83,-1,cvat_interp
202,13,13,2,1.0,1027.62,530.73,1061.73,603.6,-1,cvat_keyframe
202,14,14,2,1.0,1078.7,502.96,1113.36,577.7,-1,cvat_keyframe
202,15,15,2,1.0,1568.07,530.95,1604.19,589.15,-1,cvat_interp
202,16,16,2,1.0,1641.78,547.78,1677.26,614.2,-1,cvat_interp
202,17,17,2,1.0,1268.18,450.9,1301.49,522.62,-1,cvat_interp
202,18,18,2,1.0,885.1,342.93,904.01,394.49,-1,cvat_interp
202,19,19,2,1.0,1255.63,999.58,1315.05,1080.0,-1,cvat_interp
202,21,21,3,1.0,329.35,578.99,372.84,670.76,-1,cvat_interp
202,22,22,1,1.0,1446.77,419.94,1482.06,485.43,-1,cvat_interp
202,24,24,0,1.0,1635.95,616.2,1645.37,625.73,-1,cvat_interp
203,0,0,2,1.0,736.95,917.81,833.08,1041.19,-1,cvat_interp
203,7,7,2,1.0,40.65,396.35,64.63,450.75,-1,cvat_interp
203,10,10,2,1.0,405.84,463.46,439.64,529.12,-1,cvat_interp
203,11,11,2,1.0,598.26,489.14,632.43,557.54,-1,cvat_interp
203,12,12,2,1.0,702.83,370.82,726.33,427.14,-1,cvat_interp
203,13,13,2,1.0,1026.81,529.27,1060.92,602.13,-1,cvat_interp
203,14,14,2,1.0,1079.5,501.34,1114.17,576.2,-1,cvat_interp
203,15,15,2,1.0,1567.89,530.11,1603.94,589.11,-1,cvat_interp
203,16,16,2,1.0,1639.71,547.12,1677.26,616.6,-1,cvat_interp
203,17,17,2,1.0,1267.31,449.43,1300.62,521.46,-1,cvat_interp
203,18,18,2,1.0,884.03,341.4,903.25,392.92,-1,cvat_interp
203,19,19,2,1.0,1264.42,996.47,1324.96,1080.0,-1,cvat_interp
203,21,21,3,1.0,326.33,577.2,369.82,669.34,-1,cvat_interp
203,22,22,1,1.0,1447.55,418.34,1482.63,484.04,-1,cvat_interp
203,24,24,0,1.0,1635.03,616.67,1644.71,626.39,-1,cvat_interp
204,0,0,2,1.0,748.78,916.78,844.25,1040.38,-1,cvat_interp
204,7,7,2,1.0,38.77,394.65,63.11,449.41,-1,cvat_interp
204,10,10,2,1.0,404.11,462.37,438.55,528.03,-1,cvat_interp
204,11,11,2,1.0,596.44,488.52,631.89,557.72,-1,cvat_interp
204,12,12,2,1.0,701.5,369.13,725.0,425.46,-1,cvat_interp
204,13,13,2,1.0,1026.0,527.81,1060.11,600.65,-1,cvat_interp
204,14,14,2,1.0,1080.31,499.72,1114.98,574.7,-1,cvat_interp
204,15,15,2,1.0,1567.71,529.27,1603.68,589.06,-1,cvat_interp
204,16,16,2,1.0,1637.65,546.46,1677.26,619.0,-1,cvat_interp
204,17,17,2,1.0,1266.43,447.95,1299.74,520.29,-1,cvat_interp
204,18,18,2,1.0,882.97,339.86,902.48,391.34,-1,cvat_interp
204,19,19,2,1.0,1273.21,993.36,1334.88,1080.0,-1,cvat_interp
204,21,21,3,1.0,323.3,575.4,366.79,667.92,-1,cvat_interp
204,22,22,1,1.0,1448.33,416.75,1483.2,482.65,-1,cvat_interp
204,24,24,0,1.0,1634.11,617.15,1644.05,627.05,-1,cvat_interp
205,0,0,2,1.0,760.62,915.75,855.43,1039.56,-1,cvat_interp
205,7,7,2,1.0,36.9,392.94,61.59,448.07,-1,cvat_interp
205,10,10,2,1.0,402.38,461.28,437.45,526.94,-1,cvat_interp
205,11,11,2,1.0,594.61,487.9,631.34,557.9,-1,cvat_interp
205,12,12,2,1.0,700.18,367.45,723.68,423.77,-1,cvat_interp
205,13,13,2,1.0,1025.2,526.34,1059.3,599.18,-1,cvat_interp
205,14,14,2,1.0,1081.12,498.1,1115.79,573.21,-1,cvat_interp
205,15,15,2,1.0,1567.54,528.43,1603.43,589.02,-1,cvat_interp
205,16,16,2,1.0,1635.59,545.8,1677.26,621.4,-1,cvat_keyframe
205,17,17,2,1.0,1265.56,446.48,1298.87,519.13,-1,cvat_interp
205,18,18,2,1.0,881.9,338.33,901.72,389.77,-1,cvat_interp
205,19,19,2,1.0,1282.0,990.25,1344.79,1080.0,-1,cvat_interp
205,21,21,3,1.0,320.27,573.61,363.76,666.5,-1,cvat_interp
205,22,22,1,1.0,1449.11,415.15,1483.78,481.26,-1,cvat_interp
205,24,24,0,1.0,1633.19,617.62,1643.39,627.71,-1,cvat_interp
206,0,0,2,1.0,772.46,914.71,866.6,1038.75,-1,cvat_interp
206,7,7,2,1.0,35.02,391.24,60.07,446.73,-1,cvat_interp
206,10,10,2,1.0,400.66,460.19,436.36,525.85,-1,cvat_interp
206,11,11,2,1.0,592.79,487.28,630.79,558.08,-1,cvat_interp
206,12,12,2,1.0,698.85,365.76,722.35,422.09,-1,cvat_interp
206,13,13,2,1.0,1024.39,524.88,1058.5,597.7,-1,cvat_interp
206,14,14,2,1.0,1081.93,496.48,1116.59,571.71,-1,cvat_interp
206,15,15,2,1.0,1567.36,527.58,1603.17,588.97,-1,cvat_interp
206,16,16,2,1.0,1635.59,545.14,1677.26,620.68,-1,cvat_interp
206,17,17,2,1.0,1264.69,445.0,1298.0,517.96,-1,cvat_interp
206,18,18,2,1.0,880.84,336.8,900.96,388.19,-1,cvat_interp
206,19,19,2,1.0,1290.78,987.14,1354.71,1080.0,-1,cvat_interp
206,21,21,3,1.0,317.24,571.81,360.73,665.08,-1,cvat_interp
206,22,22,1,1.0,1449.88,413.55,1484.35,479.86,-1,cvat_interp
206,24,24,0,1.0,1632.28,618.1,1642.74,628.37,-1,cvat_interp
207,0,0,2,1.0,784.3,913.68,877.78,1037.94,-1,cvat_interp
207,7,7,2,1.0,33.14,389.53,58.55,445.38,-1,cvat_interp
207,10,10,2,1.0,398.93,459.1,435.27,524.76,-1,cvat_interp
207,11,11,2,1.0,590.97,486.66,630.24,558.26,-1,cvat_interp
207,12,12,2,1.0,697.53,364.07,721.03,420.4,-1,cvat_interp
207,13,13,2,1.0,1023.58,523.42,1057.69,596.23,-1,cvat_interp
207,14,14,2,1.0,1082.74,494.86,1117.4,570.21,-1,cvat_interp
207,15,15,2,1.0,1567.19,526.74,1602.92,588.93,-1,cvat_interp
207,16,16,2,1.0,1635.59,544.48,1677.26,619.96,-1,cvat_interp
207,17,17,2,1.0,1263.81,443.53,1297.12,516.8,-1,cvat_interp
207,18,18,2,1.0,879.77,335.26,900.19,386.62,-1,cvat_interp
207,19,19,2,1.0,1299.57,984.03,1364.62,1080.0,-1,cvat_interp
207,21,21,3,1.0,314.21,570.02,357.7,663.66,-1,cvat_interp
207,22,22,1,1.0,1450.66,411.96,1484.92,478.47,-1,cvat_interp
207,24,24,0,1.0,1631.36,618.57,1642.08,629.03,-1,cvat_interp
208,0,0,2,1.0,796.13,912.65,888.95,1037.12,-1,cvat_interp
208,7,7,2,1.0,31.26,387.83,57.03,444.04,-1,cvat_interp
208,10,10,2,1.0,397.2,458.0,434.18,523.68,-1,cvat_interp
208,11,11,2,1.0,589.15,486.04,629.7,558.44,-1,cvat_interp
208,12,12,2,1.0,696.21,362.39,719.71,418.72,-1,cvat_interp
208,13,13,2,1.0,1022.77,521.96,1056.88,594.75,-1,cvat_interp
208,14,14,2,1.0,1083.54,493.24,1118.21,568.71,-1,cvat_interp
208,15,15,2,1.0,1567.01,525.9,1602.67,588.89,-1,cvat_interp
208,16,16,2,1.0,1635.59,543.82,1677.26,619.24,-1,cvat_interp
208,17,17,2,1.0,1262.94,442.05,1296.25,515.63,-1,cvat_interp
208,18,18,2,1.0,878.71,333.73,899.43,385.05,-1,cvat_interp
208,19,19,2,1.0,1308.36,980.92,1374.53,1080.0,-1,cvat_interp
208,21,21,3,1.0,311.18,568.22,354.67,662.24,-1,cvat_interp
208,22,22,1,1.0,1451.44,410.36,1485.49,477.08,-1,cvat_interp
208,24,24,0,1.0,1630.44,619.05,1641.42,629.68,-1,cvat_interp
209,0,0,2,1.0,807.97,911.61,900.13,1036.31,-1,cvat_interp
209,7,7,2,1.0,29.38,386.12,55.51,442.7,-1,cvat_interp
209,10,10,2,1.0,395.47,456.91,433.09,522.59,-1,cvat_interp
209,11,11,2,1.0,587.32,485.42,629.15,558.62,-1,cvat_interp
209,12,12,2,1.0,694.88,360.7,718.38,417.03,-1,cvat_interp
209,13,13,2,1.0,1021.97,520.5,1056.07,593.28,-1,cvat_interp
209,14,14,2,1.0,1084.35,491.62,1119.02,567.21,-1,cvat_interp
209,15,15,2,1.0,1566.83,525.06,1602.41,588.84,-1,cvat_interp
209,16,16,2,1.0,1635.59,543.16,1677.26,618.52,-1,cvat_interp
209,17,17,2,1.0,1262.07,440.58,1295.38,514.47,-1,cvat_interp
209,18,18,2,1.0,877.64,332.19,898.66,383.47,-1,cvat_interp
209,19,19,2,1.0,1317.15,977.81,1384.45,1080.0,-1,cvat_interp
209,21,21,3,1.0,308.15,566.43,351.64,660.82,-1,cvat_interp
209,22,22,1,1.0,1452.22,408.77,1486.07,475.69,-1,cvat_interp
209,24,24,0,1.0,1629.52,619.52,1640.76,630.34,-1,cvat_interp
210,0,0,2,1.0,819.81,910.58,911.3,1035.5,-1,cvat_keyframe
210,7,7,2,1.0,27.5,384.42,53.99,441.36,-1,cvat_keyframe
210,10,10,2,1.0,393.74,455.82,432.0,521.5,-1,cvat_keyframe
210,11,11,2,1.0,585.5,484.8,628.6,558.8,-1,cvat_keyframe
210,12,12,2,1.0,693.56,359.02,717.06,415.34,-1,cvat_keyframe
210,13,13,2,1.0,1021.16,519.04,1055.26,591.8,-1,cvat_keyframe
210,14,14,2,1.0,1085.16,490.0,1119.82,565.72,-1,cvat_keyframe
210,15,15,2,1.0,1566.66,524.22,1602.16,588.8,-1,cvat_keyframe
210,16,16,2,1.0,1635.59,542.5,1677.26,617.8,-1,cvat_keyframe
210,17,17,2,1.0,1261.19,439.1,1294.5,513.31,-1,cvat_keyframe
210,18,18,2,1.0,876.58,330.66,897.9,381.9,-1,cvat_keyframe
210,19,19,2,1.0,1325.93,974.7,1394.36,1080.0,-1,cvat_keyframe
210,21,21,3,1.0,305.12,564.63,348.61,659.4,-1,cvat_keyframe
210,22,22,1,1.0,1453.0,407.17,1486.64,474.3,-1,cvat_keyframe
210,24,24,0,1.0,1628.6,620.0,1640.1,631.0,-1,cvat_keyframe
211,0,0,2,1.0,828.36,909.11,917.4,1034.03,-1,cvat_interp
211,7,7,2,1.0,26.04,382.67,52.54,439.62,-1,cvat_interp
211,10,10,2,1.0,391.16,454.53,429.42,520.48,-1,cvat_interp
211,11,11,2,1.0,584.68,484.12,627.78,558.12,-1,cvat_interp
211,12,12,2,1.0,692.43,356.35,715.93,412.87,-1,cvat_interp
211,13,13,2,1.0,1019.98,517.22,1054.09,590.52,-1,cvat_interp
211,14,14,2,1.0,1086.44,488.03,1121.11,564.13,-1,cvat_interp
211,15,15,2,1.0,1566.02,523.24,1601.52,587.82,-1,cvat_interp
211,16,16,2,1.0,1634.36,542.75,1676.21,618.26,-1,cvat_interp
211,17,17,2,1.0,1259.79,436.51,1293.1,510.72,-1,cvat_interp
211,18,18,2,1.0,875.48,328.0,896.8,379.24,-1,cvat_interp
211,19,19,2,1.0,1337.01,970.87,1403.91,1077.86,-1,cvat_interp
211,21,21,3,1.0,301.25,563.55,345.15,658.04,-1,cvat_interp
211,22,22,1,1.0,1453.44,404.5,1487.08,472.08,-1,cvat_interp
211,24,24,0,1.0,1628.42,619.59,1639.92,630.59,-1,cvat_interp
212,0,0,2,1.0,836.91,907.64,923.5,1032.56,-1,cvat_interp
212,7,7,2,1.0,24.59,380.93,51.09,437.88,-1,cvat_interp
212,10,10,2,1.0,388.58,453.24,426.84,519.46,-1,cvat_interp
212,11,11,2,1.0,583.87,483.44,626.97,557.44,-1,cvat_interp
212,12,12,2,1.0,691.31,353.67,714.81,410.4,-1,cvat_interp
212,13,13,2,1.0,1018.8,515.41,1052.91,589.24,-1,cvat_interp
212,14,14,2,1.0,1087.73,486.06,1122.39,562.54,-1,cvat_interp
212,15,15,2,1.0,1565.39,522.27,1600.89,586.85,-1,cvat_interp
212,16,16,2,1.0,1633.14,543.01,1675.15,618.72,-1,cvat_interp
212,17,17,2,1.0,1258.38,433.92,1291.69,508.13,-1,cvat_interp
212,18,18,2,1.0,874.38,325.33,895.71,376.57,-1,cvat_interp
212,19,19,2,1.0,1348.09,967.04,1413.45,1075.72,-1,cvat_interp
212,21,21,3,1.0,297.38,562.46,341.69,656.68,-1,cvat_interp
212,22,22,1,1.0,1453.89,401.84,1487.53,469.86,-1,cvat_interp
212,24,24,0,1.0,1628.24,619.19,1639.74,630.19,-1,cvat_interp
213,0,0,2,1.0,845.46,906.17,929.6,1031.09,-1,cvat_interp
213,7,7,2,1.0,23.14,379.19,49.64,436.14,-1,cvat_interp
213,10,10,2,1.0,386.0,451.95,424.25,518.44,-1,cvat_interp
213,11,11,2,1.0,583.05,482.76,626.15,556.76,-1,cvat_interp
213,12,12,2,1.0,690.19,351.0,713.69,407.93,-1,cvat_interp
213,13,13,2,1.0,1017.62,513.6,1051.73,587.96,-1,cvat_interp
213,14,14,2,1.0,1089.01,484.09,1123.68,560.95,-1,cvat_interp
213,15,15,2,1.0,1564.76,521.3,1600.26,585.88,-1,cvat_interp
213,16,16,2,1.0,1631.91,543.26,1674.1,619.18,-1,cvat_interp
213,17,17,2,1.0,1256.98,431.33,1290.29,505.54,-1,cvat_interp
213,18,18,2,1.0,873.29,322.67,894.61,373.91,-1,cvat_interp
213,19,19,2,1.0,1359.16,963.21,1422.99,1073.57,-1,cvat_interp
213,21,21,3,1.0,293.5,561.37,338.23,655.32,-1,cvat_interp
213,22,22,1,1.0,1454.33,399.17,1487.97,467.64,-1,cvat_interp
213,24,24,0,1.0,1628.06,618.78,1639.56,629.78,-1,cvat_interp
214,0,0,2,1.0,854.01,904.7,935.7,1029.62,-1,cvat_interp
214,7,7,2,1.0,21.69,377.45,48.19,434.4,-1,cvat_interp
214,10,10,2,1.0,383.42,450.65,421.67,517.42,-1,cvat_interp
214,11,11,2,1.0,582.24,482.08,625.34,556.08,-1,cvat_interp
214,12,12,2,1.0,689.07,348.33,712.57,405.46,-1,cvat_interp
214,13,13,2,1.0,1016.44,511.78,1050.55,586.68,-1,cvat_interp
214,14,14,2,1.0,1090.3,482.12,1124.96,559.37,-1,cvat_interp
214,15,15,2,1.0,1564.12,520.33,1599.62,584.91,-1,cvat_interp
214,16,16,2,1.0,1630.69,543.51,1673.04,619.64,-1,cvat_interp
214,17,17,2,1.0,1255.57,428.74,1288.88,502.95,-1,cvat_interp
214,18,18,2,1.0,872.19,320.0,893.51,371.24,-1,cvat_interp
214,19,19,2,1.0,1370.24,959.38,1432.54,1071.43,-1,cvat_interp
214,21,21,3,1.0,289.63,560.29,334.77,653.96,-1,cvat_interp
214,22,22,1,1.0,1454.78,396.5,1488.42,465.42,-1,cvat_interp
214,24,24,0,1.0,1627.88,618.38,1639.38,629.38,-1,cvat_interp
215,0,0,2,1.0,862.55,903.23,941.8,1028.15,-1,cvat_interp
215,7,7,2,1.0,20.24,375.71,46.73,432.66,-1,cvat_interp
215,10,10,2,1.0,380.83,449.36,419.09,516.4,-1,cvat_interp
215,11,11,2,1.0,581.42,481.4,624.52,555.4,-1,cvat_interp
215,12,12,2,1.0,687.94,345.66,711.44,402.99,-1,cvat_interp
215,13,13,2,1.0,1015.26,509.97,1049.37,585.4,-1,cvat_interp
215,14,14,2,1.0,1091.58,480.15,1126.25,557.78,-1,cvat_interp
215,15,15,2,1.0,1563.49,519.36,1598.99,583.94,-1,cvat_interp
215,16,16,2,1.0,1629.46,543.77,1671.98,620.1,-1,cvat_interp
215,17,17,2,1.0,1254.17,426.16,1287.48,500.36,-1,cvat_interp
215,18,18,2,1.0,871.09,317.34,892.41,368.58,-1,cvat_interp
215,19,19,2,1.0,1381.32,955.55,1442.08,1069.29,-1,cvat_interp
215,21,21,3,1.0,285.76,559.2,331.31,652.6,-1,cvat_interp
215,22,22,1,1.0,1455.22,393.84,1488.86,463.21,-1,cvat_interp
215,24,24,0,1.0,1627.7,617.97,1639.2,628.97,-1,cvat_interp
216,0,0,2,1.0,871.1,901.76,947.9,1026.68,-1,cvat_interp
216,7,7,2,1.0,18.79,373.97,45.28,430.91,-1,cvat_interp
216,10,10,2,1.0,378.25,448.07,416.51,515.39,-1,cvat_interp
216,11,11,2,1.0,580.61,480.72,623.71,554.72,-1,cvat_interp
216,12,12,2,1.0,686.82,342.99,710.32,400.52,-1,cvat_interp
216,13,13,2,1.0,1014.09,508.16,1048.19,584.12,-1,cvat_interp
216,14,14,2,1.0,1092.87,478.18,1127.53,556.19,-1,cvat_interp
216,15,15,2,1.0,1562.85,518.39,1598.35,582.97,-1,cvat_interp
216,16,16,2,1.0,1628.24,544.02,1670.93,620.56,-1,cvat_interp
216,17,17,2,1.0,1252.76,423.57,1286.07,497.77,-1,cvat_interp
216,18,18,2,1.0,870.0,314.67,891.32,365.91,-1,cvat_interp
216,19,19,2,1.0,1392.39,951.72,1451.63,1067.15,-1,cvat_interp
216,21,21,3,1.0,281.89,558.11,327.85,651.24,-1,cvat_interp
216,22,22,1,1.0,1455.66,391.17,1489.3,460.99,-1,cvat_interp
216,24,24,0,1.0,1627.52,617.57,1639.02,628.57,-1,cvat_interp
217,0,0,2,1.0,879.65,900.29,954.0,1025.21,-1,cvat_interp
217,7,7,2,1.0,17.34,372.23,43.83,429.17,-1,cvat_interp
217,10,10,2,1.0,375.67,446.78,413.93,514.37,-1,cvat_interp
217,11,11,2,1.0,579.79,480.04,622.89,554.04,-1,cvat_interp
217,12,12,2,1.0,685.7,340.32,709.2,398.05,-1,cvat_interp
217,13,13,2,1.0,1012.91,506.34,1047.01,582.84,-1,cvat_interp
217,14,14,2,1.0,1094.15,476.21,1128.82,554.61,-1,cvat_interp
217,15,15,2,1.0,1562.22,517.41,1597.72,581.99,-1,cvat_interp
217,16,16,2,1.0,1627.01,544.27,1669.87,621.02,-1,cvat_interp
217,17,17,2,1.0,1251.36,420.98,1284.66,495.18,-1,cvat_interp
217,18,18,2,1.0,868.9,312.01,890.22,363.25,-1,cvat_interp
217,19,19,2,1.0,1403.47,947.89,1461.17,1065.0,-1,cvat_interp
217,21,21,3,1.0,278.01,557.02,324.38,649.88,-1,cvat_interp
217,22,22,1,1.0,1456.11,388.5,1489.75,458.77,-1,cvat_interp
217,24,24,0,1.0,1627.34,617.16,1638.84,628.16,-1,cvat_interp
218,0,0,2,1.0,888.2,898.82,960.1,1023.74,-1,cvat_interp
218,7,7,2,1.0,15.89,370.48,42.38,427.43,-1,cvat_interp
218,10,10,2,1.0,373.09,445.48,411.34,513.35,-1,cvat_interp
218,11,11,2,1.0,578.98,479.36,622.08,553.36,-1,cvat_interp
218,12,12,2,1.0,684.57,337.64,708.07,395.58,-1,cvat_interp
218,13,13,2,1.0,1011.73,504.53,1045.83,581.56,-1,cvat_interp
218,14,14,2,1.0,1095.44,474.24,1130.1,553.02,-1,cvat_interp
218,15,15,2,1.0,1561.59,516.44,1597.09,581.02,-1,cvat_interp
218,16,16,2,1.0,1625.79,544.53,1668.81,621.48,-1,cvat_interp
218,17,17,2,1.0,1249.95,418.39,1283.26,492.59,-1,cvat_interp
218,18,18,2,1.0,867.8,309.35,889.12,360.59,-1,cvat_interp
218,19,19,2,1.0,1414.55,944.06,1470.71,1062.86,-1,cvat_interp
218,21,21,3,1.0,274.14,555.94,320.92,648.52,-1,cvat_interp
218,22,22,1,1.0,1456.55,385.83,1490.19,456.55,-1,cvat_interp
218,24,24,0,1.0,1627.16,616.76,1638.66,627.76,-1,cvat_interp
219,0,0,2,1.0,896.75,897.36,966.2,1022.28,-1,cvat_interp
219,7,7,2,1.0,14.43,368.74,40.93,425.69,-1,cvat_interp
219,10,10,2,1.0,370.51,444.19,408.76,512.33,-1,cvat_interp
219,11,11,2,1.0,578.16,478.68,621.26,552.68,-1,cvat_interp
219,12,12,2,1.0,683.45,334.97,706.95,393.11,-1,cvat_interp
219,13,13,2,1.0,1010.55,502.71,1044.65,580.28,-1,cvat_interp
219,14,14,2,1.0,1096.72,472.27,1131.39,551.43,-1,cvat_interp
219,15,15,2,1.0,1560.95,515.47,1596.45,580.05,-1,cvat_interp
219,16,16,2,1.0,1624.56,544.78,1667.76,621.94,-1,cvat_interp
219,17,17,2,1.0,1248.55,415.8,1281.85,490.0,-1,cvat_interp
219,18,18,2,1.0,866.7,306.68,888.03,357.92,-1,cvat_interp
219,19,19,2,1.0,1425.62,940.23,1480.26,1060.72,-1,cvat_interp
219,21,21,3,1.0,270.27,554.85,317.46,647.16,-1,cvat_interp
219,22,22,1,1.0,1456.99,383.17,1490.64,454.33,-1,cvat_interp
219,24,24,0,1.0,1626.98,616.35,1638.48,627.35,-1,cvat_interp
220,0,0,2,1.0,905.3,895.89,972.3,1020.81,-1,cvat_keyframe
220,7,7,2,1.0,12.98,367.0,39.48,423.95,-1,cvat_keyframe
220,10,10,2,1.0,367.92,442.9,406.18,511.31,-1,cvat_keyframe
220,11,11,2,1.0,577.35,478.0,620.45,552.0,-1,cvat_keyframe
220,12,12,2,1.0,682.33,332.3,705.83,390.64,-1,cvat_keyframe
220,13,13,2,1.0,1009.37,500.9,1043.48,579.0,-1,cvat_keyframe
220,14,14,2,1.0,1098.01,470.3,1132.67,549.85,-1,cvat_keyframe
220,15,15,2,1.0,1560.32,514.5,1595.82,579.08,-1,cvat_keyframe
220,16,16,2,1.0,1623.34,545.04,1666.7,622.4,-1,cvat_keyframe
220,17,17,2,1.0,1247.14,413.21,1280.45,487.42,-1,cvat_keyframe
220,18,18,2,1.0,865.61,304.02,886.93,355.26,-1,cvat_keyframe
220,19,19,2,1.0,1436.7,936.4,1489.8,1058.58,-1,cvat_keyframe
220,21,21,3,1.0,266.4,553.76,314.0,645.8,-1,cvat_keyframe
220,22,22,1,1.0,1457.44,380.5,1491.08,452.11,-1,cvat_keyframe
220,24,24,0,1.0,1626.8,615.95,1638.3,626.95,-1,cvat_keyframe
221,0,0,2,1.0,910.33,894.47,978.04,1019.39,-1,cvat_interp
221,7,7,2,1.0,11.69,364.85,38.12,422.37,-1,cvat_interp
221,10,10,2,1.0,366.14,441.75,404.39,510.16,-1,cvat_interp
221,11,11,2,1.0,575.27,475.77,618.37,550.13,-1,cvat_interp
221,12,12,2,1.0,680.88,329.88,704.38,388.22,-1,cvat_interp
221,13,13,2,1.0,1007.15,498.99,1041.25,577.08,-1,cvat_interp
221,14,14,2,1.0,1098.01,468.0,1132.67,547.66,-1,cvat_interp
221,15,15,2,1.0,1558.42,513.82,1594.96,578.84,-1,cvat_interp
221,16,16,2,1.0,1620.98,543.57,1665.0,621.81,-1,cvat_interp
221,17,17,2,1.0,1245.47,410.88,1278.78,485.08,-1,cvat_interp
221,18,18,2,1.0,864.09,301.55,885.41,352.79,-1,cvat_interp
221,19,19,2,1.0,1441.42,932.28,1499.2,1054.4,-1,cvat_interp
221,21,21,3,1.0,261.5,550.29,309.11,643.7,-1,cvat_interp
221,22,22,1,1.0,1457.71,377.86,1491.35,449.47,-1,cvat_interp
221,24,24,0,1.0,1626.48,615.09,1637.98,626.09,-1,cvat_interp
222,0,0,2,1.0,915.37,893.06,983.78,1017.98,-1,cvat_interp
222,7,7,2,1.0,10.39,362.7,36.76,420.8,-1,cvat_interp
222,10,10,2,1.0,364.35,440.61,402.6,509.02,-1,cvat_interp
222,11,11,2,1.0,573.18,473.54,616.28,548.25,-1,cvat_interp
222,12,12,2,1.0,679.43,327.45,702.93,385.79,-1,cvat_interp
222,13,13,2,1.0,1004.93,497.07,1039.03,575.17,-1,cvat_interp
222,14,14,2,1.0,1098.01,465.7,1132.67,545.48,-1,cvat_interp
222,15,15,2,1.0,1556.53,513.14,1594.1,578.6,-1,cvat_interp
222,16,16,2,1.0,1618.63,542.1,1663.3,621.22,-1,cvat_interp
222,17,17,2,1.0,1243.8,408.54,1277.11,482.75,-1,cvat_interp
222,18,18,2,1.0,862.57,299.09,883.89,350.33,-1,cvat_interp
222,19,19,2,1.0,1446.14,928.16,1508.6,1050.23,-1,cvat_interp
222,21,21,3,1.0,256.61,546.82,304.21,641.61,-1,cvat_interp
222,22,22,1,1.0,1457.98,375.22,1491.62,446.83,-1,cvat_interp
222,24,24,0,1.0,1626.16,614.23,1637.66,625.23,-1,cvat_interp
223,0,0,2,1.0,920.4,891.65,989.52,1016.57,-1,cvat_interp
223,7,7,2,1.0,9.09,360.55,35.4,419.22,-1,cvat_interp
223,10,10,2,1.0,362.56,439.46,400.81,507.87,-1,cvat_interp
223,11,11,2,1.0,571.1,471.31,614.2,546.37,-1,cvat_interp
223,12,12,2,1.0,677.98,325.03,701.48,383.37,-1,cvat_interp
223,13,13,2,1.0,1002.71,495.16,1036.81,573.25,-1,cvat_interp
223,14,14,2,1.0,1098.01,463.4,1132.67,543.29,-1,cvat_interp
223,15,15,2,1.0,1554.63,512.47,1593.23,578.37,-1,cvat_interp
223,16,16,2,1.0,1616.27,540.63,1661.6,620.64,-1,cvat_interp
223,17,17,2,1.0,1242.14,406.21,1275.45,480.41,-1,cvat_interp
223,18,18,2,1.0,861.05,296.63,882.37,347.87,-1,cvat_interp
223,19,19,2,1.0,1450.86,924.04,1518.0,1046.05,-1,cvat_interp
223,21,21,3,1.0,251.72,543.35,299.32,639.51,-1,cvat_interp
223,22,22,1,1.0,1458.25,372.57,1491.89,444.19,-1,cvat_interp
223,24,24,0,1.0,1625.84,613.37,1637.34,624.37,-1,cvat_interp
224,0,0,2,1.0,925.44,890.23,995.26,1015.15,-1,cvat_interp
224,7,7,2,1.0,7.79,358.4,34.04,417.65,-1,cvat_interp
224,10,10,2,1.0,360.77,438.32,399.02,506.73,-1,cvat_interp
224,11,11,2,1.0,569.02,469.08,612.12,544.49,-1,cvat_interp
224,12,12,2,1.0,676.53,322.6,700.03,380.94,-1,cvat_interp
224,13,13,2,1.0,1000.48,493.24,1034.59,571.34,-1,cvat_interp
224,14,14,2,1.0,1098.01,461.1,1132.67,541.11,-1,cvat_interp
224,15,15,2,1.0,1552.73,511.79,1592.37,578.13,-1,cvat_interp
224,16,16,2,1.0,1613.92,539.17,1659.9,620.05,-1,cvat_interp
224,17,17,2,1.0,1240.47,403.87,1273.78,478.08,-1,cvat_interp
224,18,18,2,1.0,859.53,294.17,880.85,345.41,-1,cvat_interp
224,19,19,2,1.0,1455.58,919.92,1527.4,1041.88,-1,cvat_interp
224,21,21,3,1.0,246.82,539.87,294.43,637.41,-1,cvat_interp
224,22,22,1,1.0,1458.52,369.93,1492.16,441.54,-1,cvat_interp
224,24,24,0,1.0,1625.52,612.52,1637.02,623.52,-1,cvat_keyframe
225,0,0,2,1.0,930.47,888.82,1001.0,1013.74,-1,cvat_interp
225,7,7,2,1.0,6.49,356.25,32.68,416.07,-1,cvat_interp
225,10,10,2,1.0,358.98,437.17,397.23,505.58,-1,cvat_interp
225,11,11,2,1.0,566.94,466.84,610.04,542.62,-1,cvat_keyframe
225,12,12,2,1.0,675.08,320.18,698.58,378.52,-1,cvat_interp
225,13,13,2,1.0,998.26,491.33,1032.37,569.42,-1,cvat_interp
225,14,14,2,1.0,1098.01,458.8,1132.67,538.92,-1,cvat_interp
225,15,15,2,1.0,1550.84,511.11,1591.51,577.89,-1,cvat_interp
225,16,16,2,1.0,1611.57,537.7,1658.2,619.46,-1,cvat_keyframe
225,17,17,2,1.0,1238.8,401.54,1272.11,475.74,-1,cvat_interp
225,18,18,2,1.0,858.01,291.71,879.33,342.95,-1,cvat_interp
225,19,19,2,1.0,1460.3,915.8,1536.8,1037.7,-1,cvat_keyframe
225,21,21,3,1.0,241.93,536.4,289.53,635.31,-1,cvat_keyframe
225,22,22,1,1.0,1458.79,367.29,1492.43,438.9,-1,cvat_interp
225,24,24,0,1.0,1619.23,613.34,1630.73,624.34,-1,cvat_interp
226,0,0,2,1.0,935.5,887.41,1006.74,1012.33,-1,cvat_interp
226,7,7,2,1.0,5.19,354.1,31.32,414.5,-1,cvat_interp
226,10,10,2,1.0,357.19,436.03,395.44,504.44,-1,cvat_interp
226,11,11,2,1.0,565.73,466.78,608.83,542.91,-1,cvat_interp
226,12,12,2,1.0,673.64,317.75,697.13,376.09,-1,cvat_interp
226,13,13,2,1.0,996.04,489.41,1030.15,567.51,-1,cvat_interp
226,14,14,2,1.0,1098.01,456.5,1132.67,536.74,-1,cvat_interp
226,15,15,2,1.0,1548.94,510.43,1590.65,577.65,-1,cvat_interp
226,16,16,2,1.0,1609.21,537.99,1654.46,618.87,-1,cvat_interp
226,17,17,2,1.0,1237.13,399.2,1270.44,473.41,-1,cvat_interp
226,18,18,2,1.0,856.49,289.25,877.81,340.48,-1,cvat_interp
226,19,19,2,1.0,1470.48,911.68,1542.3,1034.31,-1,cvat_interp
226,21,21,3,1.0,237.04,535.68,284.64,633.22,-1,cvat_interp
226,22,22,1,1.0,1459.06,364.65,1492.7,436.26,-1,cvat_interp
226,24,24,0,1.0,1612.95,614.16,1624.45,625.16,-1,cvat_keyframe
227,0,0,2,1.0,940.54,885.99,1012.48,1010.91,-1,cvat_interp
227,7,7,2,1.0,3.9,351.95,29.96,412.92,-1,cvat_interp
227,10,10,2,1.0,355.4,434.88,393.65,503.29,-1,cvat_interp
227,11,11,2,1.0,564.52,466.73,607.62,543.21,-1,cvat_interp
227,12,12,2,1.0,672.19,315.33,695.69,373.67,-1,cvat_interp
227,13,13,2,1.0,993.82,487.5,1027.93,565.59,-1,cvat_interp
227,14,14,2,1.0,1098.01,454.2,1132.67,534.55,-1,cvat_interp
227,15,15,2,1.0,1547.04,509.76,1589.79,577.41,-1,cvat_interp
227,16,16,2,1.0,1606.86,538.28,1650.73,618.29,-1,cvat_interp
227,17,17,2,1.0,1235.47,396.87,1268.78,471.07,-1,cvat_interp
227,18,18,2,1.0,854.97,286.78,876.29,338.02,-1,cvat_interp
227,19,19,2,1.0,1480.65,907.56,1547.79,1030.92,-1,cvat_interp
227,21,21,3,1.0,232.14,534.96,279.75,631.12,-1,cvat_interp
227,22,22,1,1.0,1459.34,362.01,1492.98,433.62,-1,cvat_interp
227,24,24,0,1.0,1602.06,615.9,1613.56,626.9,-1,cvat_keyframe
228,0,0,2,1.0,945.57,884.58,1018.22,1009.5,-1,cvat_interp
228,7,7,2,1.0,2.6,349.8,28.6,411.35,-1,cvat_interp
228,10,10,2,1.0,353.61,433.74,391.86,502.15,-1,cvat_interp
228,11,11,2,1.0,563.3,466.67,606.4,543.51,-1,cvat_interp
228,12,12,2,1.0,670.74,312.9,694.24,371.24,-1,cvat_interp
228,13,13,2,1.0,991.6,485.58,1025.7,563.68,-1,cvat_interp
228,14,14,2,1.0,1098.01,451.9,1132.67,532.37,-1,cvat_interp
228,15,15,2,1.0,1545.15,509.08,1588.92,577.18,-1,cvat_interp
228,16,16,2,1.0,1604.51,538.57,1646.99,617.7,-1,cvat_interp
228,17,17,2,1.0,1233.8,394.54,1267.11,468.74,-1,cvat_interp
228,18,18,2,1.0,853.45,284.32,874.77,335.56,-1,cvat_interp
228,19,19,2,1.0,1490.83,903.44,1553.29,1027.54,-1,cvat_interp
228,21,21,3,1.0,227.25,534.24,274.85,629.02,-1,cvat_interp
228,22,22,1,1.0,1459.61,359.37,1493.25,430.98,-1,cvat_interp
228,24,24,0,1.0,1598.56,617.64,1610.06,628.64,-1,cvat_keyframe
229,0,0,2,1.0,950.61,883.17,1023.96,1008.09,-1,cvat_interp
229,7,7,2,1.0,1.3,347.65,27.24,409.77,-1,cvat_interp
229,10,10,2,1.0,351.82,432.59,390.07,501.0,-1,cvat_interp
229,11,11,2,1.0,562.09,466.61,605.19,543.8,-1,cvat_interp
229,12,12,2,1.0,669.29,310.48,692.79,368.82,-1,cvat_interp
229,13,13,2,1.0,989.38,483.67,1023.48,561.76,-1,cvat_interp
229,14,14,2,1.0,1098.01,449.6,1132.67,530.18,-1,cvat_interp
229,15,15,2,1.0,1543.25,508.4,1588.06,576.94,-1,cvat_interp
229,16,16,2,1.0,1602.15,538.87,1643.25,617.11,-1,cvat_interp
229,17,17,2,1.0,1232.13,392.2,1265.44,466.41,-1,cvat_interp
229,18,18,2,1.0,851.93,281.86,873.25,333.1,-1,cvat_interp
229,19,19,2,1.0,1501.01,899.32,1558.79,1024.15,-1,cvat_interp
229,21,21,3,1.0,222.36,533.51,269.96,626.93,-1,cvat_interp
229,22,22,1,1.0,1459.88,356.72,1493.52,428.33,-1,cvat_interp
229,24,24,0,1.0,1589.17,619.0,1600.67,630.0,-1,cvat_interp
230,0,0,2,1.0,955.64,881.75,1029.7,1006.67,-1,cvat_keyframe
230,7,7,2,1.0,0.0,345.5,25.88,408.2,-1,cvat_keyframe
230,10,10,2,1.0,350.03,431.45,388.28,499.85,-1,cvat_keyframe
230,11,11,2,1.0,560.88,466.55,603.98,544.1,-1,cvat_keyframe
230,12,12,2,1.0,667.84,308.05,691.34,366.39,-1,cvat_keyframe
230,13,13,2,1.0,987.16,481.75,1021.26,559.85,-1,cvat_keyframe
230,14,14,2,1.0,1098.01,447.3,1132.67,528.0,-1,cvat_keyframe
230,15,15,2,1.0,1541.35,507.72,1587.2,576.7,-1,cvat_keyframe
230,16,16,2,1.0,1599.8,539.16,1639.52,616.52,-1,cvat_keyframe
230,17,17,2,1.0,1230.46,389.87,1263.77,464.07,-1,cvat_keyframe
230,18,18,2,1.0,850.41,279.4,871.73,330.64,-1,cvat_keyframe
230,19,19,2,1.0,1511.18,895.2,1564.28,1020.76,-1,cvat_keyframe
230,21,21,3,1.0,217.46,532.79,265.07,624.83,-1,cvat_keyframe
230,22,22,1,1.0,1460.15,354.08,1493.79,425.69,-1,cvat_keyframe
230,24,24,0,1.0,1579.78,620.36,1591.28,631.36,-1,cvat_keyframe
231,0,0,2,1.0,955.64,881.75,1031.35,1005.58,-1,cvat_interp
231,7,7,2,1.0,0.0,344.88,21.68,407.58,-1,cvat_interp
231,10,10,2,1.0,346.92,430.25,382.49,498.65,-1,cvat_interp
231,11,11,2,1.0,559.18,465.05,602.28,542.6,-1,cvat_interp
231,12,12,2,1.0,665.2,305.59,688.69,364.25,-1,cvat_interp
231,13,13,2,1.0,984.38,480.87,1018.48,558.97,-1,cvat_interp
231,14,14,2,1.0,1097.08,446.56,1131.74,527.26,-1,cvat_interp
231,15,15,2,1.0,1536.98,507.18,1582.83,576.15,-1,cvat_interp
231,16,16,2,1.0,1595.36,538.02,1633.96,618.04,-1,cvat_interp
231,17,17,2,1.0,1227.09,387.58,1260.4,461.79,-1,cvat_interp
231,18,18,2,1.0,848.83,277.26,870.15,328.73,-1,cvat_interp
231,19,19,2,1.0,1515.74,892.65,1572.3,1018.21,-1,cvat_interp
231,21,21,3,1.0,212.81,531.87,261.1,624.0,-1,cvat_interp
231,22,22,1,1.0,1460.79,351.89,1492.47,423.5,-1,cvat_interp
231,24,24,0,1.0,1571.79,621.08,1583.3,632.08,-1,cvat_interp
232,0,0,2,1.0,955.64,881.75,1033.0,1004.49,-1,cvat_interp
232,7,7,2,1.0,0.0,344.25,17.49,406.95,-1,cvat_interp
232,10,10,2,1.0,343.81,429.05,376.69,497.45,-1,cvat_interp
232,11,11,2,1.0,557.48,463.55,600.58,541.1,-1,cvat_interp
232,12,12,2,1.0,662.55,303.13,686.05,362.1,-1,cvat_interp
232,13,13,2,1.0,981.6,479.99,1015.7,558.09,-1,cvat_interp
232,14,14,2,1.0,1096.15,445.81,1130.81,526.51,-1,cvat_interp
232,15,15,2,1.0,1532.61,506.63,1578.45,575.61,-1,cvat_interp
232,16,16,2,1.0,1590.93,536.88,1628.4,619.55,-1,cvat_interp
232,17,17,2,1.0,1223.71,385.3,1257.02,459.5,-1,cvat_interp
232,18,18,2,1.0,847.25,275.12,868.57,326.82,-1,cvat_interp
232,19,19,2,1.0,1520.29,890.1,1580.32,1015.66,-1,cvat_interp
232,21,21,3,1.0,208.16,530.95,257.13,623.16,-1,cvat_interp
232,22,22,1,1.0,1461.42,349.7,1491.14,421.31,-1,cvat_interp
232,24,24,0,1.0,1563.81,621.81,1575.31,632.81,-1,cvat_interp
233,0,0,2,1.0,955.64,881.75,1034.65,1003.39,-1,cvat_interp
233,7,7,2,1.0,0.0,343.63,13.29,406.33,-1,cvat_interp
233,10,10,2,1.0,340.71,427.84,370.9,496.25,-1,cvat_interp
233,11,11,2,1.0,555.78,462.05,598.88,539.6,-1,cvat_interp
233,12,12,2,1.0,659.91,300.66,683.4,359.95,-1,cvat_interp
233,13,13,2,1.0,978.82,479.12,1012.92,557.22,-1,cvat_interp
233,14,14,2,1.0,1095.22,445.07,1129.89,525.77,-1,cvat_interp
233,15,15,2,1.0,1528.23,506.08,1574.08,575.06,-1,cvat_interp
233,16,16,2,1.0,1586.49,535.74,1622.84,621.06,-1,cvat_interp
233,17,17,2,1.0,1220.34,383.02,1253.65,457.22,-1,cvat_interp
233,18,18,2,1.0,845.67,272.98,866.99,324.91,-1,cvat_interp
233,19,19,2,1.0,1524.85,887.55,1588.34,1013.11,-1,cvat_interp
233,21,21,3,1.0,203.51,530.02,253.17,622.33,-1,cvat_interp
233,22,22,1,1.0,1462.06,347.51,1489.82,419.12,-1,cvat_interp
233,24,24,0,1.0,1555.83,622.53,1567.33,633.53,-1,cvat_interp
234,0,0,2,1.0,955.64,881.75,1036.3,1002.3,-1,cvat_keyframe
234,7,7,2,1.0,0.0,343.01,9.1,405.71,-1,cvat_keyframe
234,10,10,2,1.0,337.6,426.64,365.1,495.05,-1,cvat_keyframe
234,11,11,2,1.0,554.08,460.55,597.18,538.1,-1,cvat_keyframe
234,12,12,2,1.0,657.26,298.2,680.76,357.8,-1,cvat_keyframe
234,13,13,2,1.0,976.04,478.24,1010.14,556.34,-1,cvat_keyframe
234,14,14,2,1.0,1094.29,444.33,1128.96,525.03,-1,cvat_interp
234,15,15,2,1.0,1523.86,505.54,1569.71,574.51,-1,cvat_keyframe
234,16,16,2,1.0,1582.06,534.6,1617.28,622.57,-1,cvat_keyframe
234,17,17,2,1.0,1216.96,380.73,1250.27,454.94,-1,cvat_keyframe
234,18,18,2,1.0,844.09,270.84,865.41,323.0,-1,cvat_keyframe
234,19,19,2,1.0,1529.4,885.0,1596.35,1010.56,-1,cvat_keyframe
234,21,21,3,1.0,198.86,529.1,249.2,621.5,-1,cvat_keyframe
234,22,22,1,1.0,1462.7,345.32,1488.5,416.93,-1,cvat_keyframe
234,24,24,0,1.0,1547.84,623.26,1559.34,634.26,-1,cvat_keyframe
235,0,0,2,1.0,955.64,877.6,1036.3,1002.3,-1,cvat_keyframe
235,7,7,2,1.0,0.0,343.01,9.1,405.71,-1,cvat_interp
235,10,10,2,1.0,335.5,426.64,365.1,495.05,-1,cvat_keyframe
235,11,11,2,1.0,550.06,461.05,593.16,541.55,-1,cvat_interp
235,12,12,2,1.0,650.95,295.2,677.81,357.8,-1,cvat_keyframe
235,13,13,2,1.0,971.86,478.24,1005.96,556.34,-1,cvat_keyframe
235,14,14,2,1.0,1093.36,443.58,1128.03,524.28,-1,cvat_keyframe
235,15,15,2,1.0,1519.7,504.94,1565.55,573.92,-1,cvat_interp
235,16,16,2,1.0,1569.55,535.74,1612.74,623.71,-1,cvat_keyframe
235,17,17,2,1.0,1211.13,379.36,1244.44,453.56,-1,cvat_keyframe
235,18,18,2,1.0,840.7,271.7,865.41,323.0,-1,cvat_keyframe
235,19,19,2,1.0,1529.4,885.0,1607.5,1008.7,-1,cvat_keyframe
235,21,21,3,1.0,193.3,522.85,243.64,620.8,-1,cvat_keyframe
235,22,22,1,1.0,1461.01,343.11,1486.81,416.09,-1,cvat_interp
235,24,24,0,1.0,1538.7,623.26,1550.2,634.26,-1,cvat_keyframe
236,0,0,2,1.0,951.79,875.79,1035.1,999.74,-1,cvat_interp
236,10,10,2,1.0,331.5,426.64,365.1,495.05,-1,cvat_keyframe
236,11,11,2,1.0,546.04,461.55,589.14,545.0,-1,cvat_keyframe
236,12,12,2,1.0,647.12,294.24,673.98,356.84,-1,cvat_keyframe
236,13,13,2,1.0,964.87,477.8,998.97,555.9,-1,cvat_keyframe
236,14,14,2,1.0,1090.74,437.03,1125.41,517.73,-1,cvat_keyframe
236,15,15,2,1.0,1515.54,504.35,1561.38,573.32,-1,cvat_keyframe
236,16,16,2,1.0,1564.8,534.55,1601.6,622.52,-1,cvat_keyframe
236,17,17,2,1.0,1206.59,377.54,1239.9,451.75,-1,cvat_keyframe
236,18,18,2,1.0,834.78,268.97,859.49,320.27,-1,cvat_keyframe
236,19,19,2,1.0,1538.35,883.83,1616.45,1007.53,-1,cvat_keyframe
236,21,21,3,1.0,189.34,521.09,239.69,619.04,-1,cvat_keyframe
236,22,22,1,1.0,1459.32,340.9,1485.12,415.24,-1,cvat_keyframe
236,24,24,0,1.0,1529.7,625.06,1541.2,636.06,-1,cvat_keyframe
237,0,0,2,1.0,947.95,873.97,1033.9,997.18,-1,cvat_interp
237,10,10,2,1.0,329.41,426.5,363.01,494.9,-1,cvat_interp
237,11,11,2,1.0,544.43,461.97,587.53,545.42,-1,cvat_interp
237,12,12,2,1.0,645.78,292.75,672.64,355.35,-1,cvat_interp
237,13,13,2,1.0,962.68,476.34,996.79,554.44,-1,cvat_interp
237,14,14,2,1.0,1089.72,435.43,1124.39,516.13,-1,cvat_interp
237,15,15,2,1.0,1511.48,504.86,1556.23,575.19,-1,cvat_interp
237,16,16,2,1.0,1559.72,534.27,1598.13,622.64,-1,cvat_interp
237,17,17,2,1.0,1203.53,376.67,1237.35,450.21,-1,cvat_interp
237,18,18,2,1.0,832.87,267.72,857.58,319.02,-1,cvat_interp
237,19,19,2,1.0,1541.27,881.68,1619.37,1005.38,-1,cvat_interp
237,21,21,3,1.0,183.68,519.3,234.02,617.25,-1,cvat_interp
237,22,22,1,1.0,1458.11,338.77,1483.91,413.12,-1,cvat_interp
237,24,24,0,1.0,1521.43,626.56,1532.93,637.56,-1,cvat_interp
238,0,0,2,1.0,944.1,872.16,1032.7,994.62,-1,cvat_interp
238,10,10,2,1.0,327.33,426.35,360.93,494.75,-1,cvat_interp
238,11,11,2,1.0,542.82,462.39,585.92,545.84,-1,cvat_interp
238,12,12,2,1.0,644.44,291.26,671.3,353.86,-1,cvat_interp
238,13,13,2,1.0,960.49,474.88,994.6,552.98,-1,cvat_interp
238,14,14,2,1.0,1088.7,433.82,1123.36,514.52,-1,cvat_interp
238,15,15,2,1.0,1507.42,505.37,1551.08,577.06,-1,cvat_interp
238,16,16,2,1.0,1554.65,534.0,1594.65,622.76,-1,cvat_interp
238,17,17,2,1.0,1200.46,375.79,1234.8,448.67,-1,cvat_interp
238,18,18,2,1.0,830.95,266.47,855.66,317.77,-1,cvat_interp
238,19,19,2,1.0,1544.19,879.52,1622.29,1003.23,-1,cvat_interp
238,21,21,3,1.0,178.02,517.51,228.36,615.47,-1,cvat_interp
238,22,22,1,1.0,1456.89,336.65,1482.69,410.99,-1,cvat_interp
238,24,24,0,1.0,1513.17,628.07,1524.67,639.07,-1,cvat_interp
239,0,0,2,1.0,940.25,870.35,1031.5,992.06,-1,cvat_interp
239,10,10,2,1.0,325.24,426.2,358.84,494.61,-1,cvat_interp
239,11,11,2,1.0,541.21,462.81,584.31,546.26,-1,cvat_interp
239,12,12,2,1.0,643.1,289.77,669.96,352.37,-1,cvat_interp
239,13,13,2,1.0,958.3,473.43,992.41,551.53,-1,cvat_interp
239,14,14,2,1.0,1087.68,432.22,1122.34,512.92,-1,cvat_interp
239,15,15,2,1.0,1503.36,505.89,1545.92,578.93,-1,cvat_interp
239,16,16,2,1.0,1549.57,533.73,1591.18,622.88,-1,cvat_interp
239,17,17,2,1.0,1197.4,374.92,1232.25,447.14,-1,cvat_interp
239,18,18,2,1.0,829.04,265.22,853.75,316.52,-1,cvat_interp
239,19,19,2,1.0,1547.11,877.37,1625.21,1001.08,-1,cvat_interp
239,21,21,3,1.0,172.36,515.72,222.7,613.68,-1,cvat_interp
239,22,22,1,1.0,1455.68,334.52,1481.48,408.86,-1,cvat_interp
239,24,24,0,1.0,1504.9,629.57,1516.4,640.57,-1,cvat_interp
240,0,0,2,1.0,936.4,868.53,1030.3,989.5,-1,cvat_keyframe
240,10,10,2,1.0,323.16,426.05,356.76,494.46,-1,cvat_keyframe
240,11,11,2,1.0,539.6,463.23,582.7,546.68,-1,cvat_keyframe
240,12,12,2,1.0,641.76,288.28,668.62,350.88,-1,cvat_keyframe
240,13,13,2,1.0,956.12,471.97,990.22,550.07,-1,cvat_keyframe
240,14,14,2,1.0,1086.66,430.61,1121.32,511.31,-1,cvat_keyframe
240,15,15,2,1.0,1499.3,506.4,1540.77,580.8,-1,cvat_keyframe
240,16,16,2,1.0,1544.5,533.46,1587.7,623.0,-1,cvat_keyframe
240,17,17,2,1.0,1194.34,374.04,1229.7,445.6,-1,cvat_keyframe
240,18,18,2,1.0,827.13,263.98,851.84,315.28,-1,cvat_keyframe
240,19,19,2,1.0,1550.04,875.22,1628.13,998.93,-1,cvat_keyframe
240,21,21,3,1.0,166.69,513.93,217.04,611.89,-1,cvat_keyframe
240,22,22,1,1.0,1454.46,332.4,1480.26,406.74,-1,cvat_keyframe
240,24,24,0,1.0,1496.63,631.07,1508.14,642.07,-1,cvat_keyframe
241,0,0,2,1.0,932.93,866.93,1025.66,988.38,-1,cvat_interp
241,10,10,2,1.0,322.53,425.99,356.13,495.45,-1,cvat_interp
241,11,11,2,1.0,538.43,463.33,581.53,547.17,-1,cvat_interp
241,12,12,2,1.0,641.16,286.88,668.02,349.48,-1,cvat_interp
241,13,13,2,1.0,953.52,470.7,987.62,548.8,-1,cvat_interp
241,14,14,2,1.0,1086.78,429.78,1121.44,510.48,-1,cvat_interp
241,15,15,2,1.0,1495.35,506.81,1535.92,581.5,-1,cvat_interp
241,16,16,2,1.0,1535.84,534.03,1581.45,624.81,-1,cvat_interp
241,17,17,2,1.0,1192.55,372.45,1227.91,444.22,-1,cvat_interp
241,18,18,2,1.0,826.14,262.83,850.85,314.24,-1,cvat_interp
241,19,19,2,1.0,1552.94,872.54,1628.4,996.54,-1,cvat_interp
241,21,21,3,1.0,163.16,514.21,213.51,611.49,-1,cvat_interp
241,22,22,1,1.0,1454.37,331.18,1480.17,405.52,-1,cvat_interp
241,24,24,0,1.0,1490.53,631.72,1502.03,642.72,-1,cvat_interp
242,0,0,2,1.0,929.46,865.33,1021.02,987.26,-1,cvat_interp
242,10,10,2,1.0,321.9,425.94,355.5,496.44,-1,cvat_interp
242,11,11,2,1.0,537.26,463.44,580.36,547.66,-1,cvat_interp
242,12,12,2,1.0,640.56,285.47,667.42,348.07,-1,cvat_interp
242,13,13,2,1.0,950.92,469.44,985.03,547.54,-1,cvat_interp
242,14,14,2,1.0,1086.89,428.95,1121.56,509.65,-1,cvat_interp
242,15,15,2,1.0,1491.4,507.22,1531.06,582.2,-1,cvat_interp
242,16,16,2,1.0,1527.18,534.61,1575.2,626.62,-1,cvat_interp
242,17,17,2,1.0,1190.77,370.85,1226.13,442.84,-1,cvat_interp
242,18,18,2,1.0,825.15,261.68,849.86,313.2,-1,cvat_interp
242,19,19,2,1.0,1555.85,869.86,1628.67,994.16,-1,cvat_interp
242,21,21,3,1.0,159.64,514.48,209.98,611.08,-1,cvat_interp
242,22,22,1,1.0,1454.28,329.96,1480.08,404.3,-1,cvat_interp
242,24,24,0,1.0,1484.42,632.38,1495.92,643.38,-1,cvat_interp
243,0,0,2,1.0,925.99,863.72,1016.38,986.14,-1,cvat_interp
243,10,10,2,1.0,321.27,425.88,354.87,497.44,-1,cvat_interp
243,11,11,2,1.0,536.1,463.54,579.2,548.15,-1,cvat_interp
243,12,12,2,1.0,639.96,284.07,666.82,346.67,-1,cvat_interp
243,13,13,2,1.0,948.32,468.18,982.43,546.28,-1,cvat_interp
243,14,14,2,1.0,1087.01,428.11,1121.68,508.81,-1,cvat_interp
243,15,15,2,1.0,1487.45,507.63,1526.2,582.9,-1,cvat_interp
243,16,16,2,1.0,1518.51,535.18,1568.95,628.43,-1,cvat_interp
243,17,17,2,1.0,1188.98,369.26,1224.34,441.46,-1,cvat_interp
243,18,18,2,1.0,824.16,260.53,848.87,312.15,-1,cvat_interp
243,19,19,2,1.0,1558.75,867.17,1628.93,991.78,-1,cvat_interp
243,21,21,3,1.0,156.11,514.75,206.45,610.68,-1,cvat_interp
243,22,22,1,1.0,1454.19,328.74,1479.99,403.08,-1,cvat_interp
243,24,24,0,1.0,1478.32,633.03,1489.82,644.03,-1,cvat_interp
244,0,0,2,1.0,922.52,862.12,1011.74,985.02,-1,cvat_interp
244,10,10,2,1.0,320.65,425.82,354.25,498.43,-1,cvat_interp
244,11,11,2,1.0,534.93,463.64,578.03,548.64,-1,cvat_interp
244,12,12,2,1.0,639.36,282.67,666.22,345.26,-1,cvat_interp
244,13,13,2,1.0,945.72,466.92,979.83,545.02,-1,cvat_interp
244,14,14,2,1.0,1087.13,427.28,1121.8,507.98,-1,cvat_interp
244,15,15,2,1.0,1483.5,508.04,1521.35,583.6,-1,cvat_interp
244,16,16,2,1.0,1509.85,535.76,1562.7,630.24,-1,cvat_interp
244,17,17,2,1.0,1187.19,367.67,1222.56,440.08,-1,cvat_interp
244,18,18,2,1.0,823.17,259.39,847.88,311.11,-1,cvat_interp
244,19,19,2,1.0,1561.66,864.49,1629.2,989.4,-1,cvat_interp
244,21,21,3,1.0,152.58,515.02,202.92,610.27,-1,cvat_interp
244,22,22,1,1.0,1454.1,327.52,1479.9,401.86,-1,cvat_interp
244,24,24,0,1.0,1472.21,633.68,1483.71,644.68,-1,cvat_interp
244,37,37,2,1.0,1130.37,779.46,1184.54,903.53,-1,cvat_keyframe
245,0,0,2,1.0,919.05,860.52,1007.1,983.9,-1,cvat_interp
245,10,10,2,1.0,320.02,425.77,353.62,499.42,-1,cvat_interp
245,11,11,2,1.0,533.76,463.74,576.86,549.13,-1,cvat_interp
245,12,12,2,1.0,638.77,281.26,665.63,343.86,-1,cvat_interp
245,13,13,2,1.0,943.12,465.66,977.23,543.76,-1,cvat_interp
245,14,14,2,1.0,1087.25,426.45,1121.92,507.15,-1,cvat_interp
245,15,15,2,1.0,1479.55,508.45,1516.49,584.3,-1,cvat_interp
245,16,16,2,1.0,1501.19,536.33,1556.45,632.05,-1,cvat_interp
245,17,17,2,1.0,1185.41,366.07,1220.77,438.7,-1,cvat_interp
245,18,18,2,1.0,822.19,258.24,846.9,310.07,-1,cvat_interp
245,19,19,2,1.0,1564.57,861.81,1629.47,987.01,-1,cvat_interp
245,21,21,3,1.0,149.05,515.29,199.39,609.87,-1,cvat_interp
245,22,22,1,1.0,1454.01,326.3,1479.81,400.65,-1,cvat_interp
245,24,24,0,1.0,1466.11,634.33,1477.61,645.33,-1,cvat_interp
245,38,38,2,1.0,1130.37,779.46,1184.54,903.53,-1,cvat_keyframe
246,0,0,2,1.0,915.58,858.91,1002.46,982.78,-1,cvat_interp
246,10,10,2,1.0,319.39,425.71,352.99,500.41,-1,cvat_interp
246,11,11,2,1.0,532.6,463.84,575.7,549.62,-1,cvat_interp
246,12,12,2,1.0,638.17,279.86,665.03,342.46,-1,cvat_interp
246,13,13,2,1.0,940.53,464.39,974.63,542.49,-1,cvat_interp
246,14,14,2,1.0,1087.37,425.61,1122.04,506.31,-1,cvat_interp
246,15,15,2,1.0,1475.6,508.86,1511.64,585.0,-1,cvat_interp
246,16,16,2,1.0,1492.53,536.9,1550.2,633.86,-1,cvat_interp
246,17,17,2,1.0,1183.62,364.48,1218.98,437.32,-1,cvat_interp
246,18,18,2,1.0,821.2,257.09,845.91,309.03,-1,cvat_interp
246,19,19,2,1.0,1567.47,859.13,1629.73,984.63,-1,cvat_interp
246,21,21,3,1.0,145.52,515.56,195.87,609.47,-1,cvat_interp
246,22,22,1,1.0,1453.92,325.09,1479.72,399.43,-1,cvat_interp
246,24,24,0,1.0,1460.0,634.98,1471.5,645.98,-1,cvat_interp
247,0,0,2,1.0,912.11,857.31,997.82,981.66,-1,cvat_interp
247,10,10,2,1.0,318.76,425.66,352.36,501.41,-1,cvat_interp
247,11,11,2,1.0,531.43,463.94,574.53,550.11,-1,cvat_interp
247,12,12,2,1.0,637.57,278.45,664.43,341.05,-1,cvat_interp
247,13,13,2,1.0,937.93,463.13,972.03,541.23,-1,cvat_interp
247,14,14,2,1.0,1087.49,424.78,1122.16,505.48,-1,cvat_interp
247,15,15,2,1.0,1471.65,509.27,1506.78,585.7,-1,cvat_interp
247,16,16,2,1.0,1483.86,537.48,1543.95,635.67,-1,cvat_interp
247,17,17,2,1.0,1181.84,362.88,1217.2,435.94,-1,cvat_interp
247,18,18,2,1.0,820.21,255.94,844.92,307.99,-1,cvat_interp
247,19,19,2,1.0,1570.38,856.45,1630.0,982.25,-1,cvat_interp
247,21,21,3,1.0,141.99,515.83,192.34,609.06,-1,cvat_interp
247,22,22,1,1.0,1453.83,323.87,1479.63,398.21,-1,cvat_interp
247,24,24,0,1.0,1453.9,635.64,1465.4,646.64,-1,cvat_interp
248,0,0,2,1.0,908.64,855.71,993.18,980.54,-1,cvat_interp
248,10,10,2,1.0,318.14,425.6,351.74,502.4,-1,cvat_keyframe
248,11,11,2,1.0,530.26,464.04,573.36,550.6,-1,cvat_keyframe
248,12,12,2,1.0,636.97,277.05,663.83,339.65,-1,cvat_interp
248,13,13,2,1.0,935.33,461.87,969.43,539.97,-1,cvat_interp
248,14,14,2,1.0,1087.61,423.94,1122.28,504.64,-1,cvat_interp
248,15,15,2,1.0,1467.7,509.68,1501.93,586.4,-1,cvat_interp
248,16,16,2,1.0,1475.2,538.05,1537.7,637.48,-1,cvat_keyframe
248,17,17,2,1.0,1180.05,361.29,1215.41,434.56,-1,cvat_interp
248,18,18,2,1.0,819.22,254.8,843.93,306.95,-1,cvat_interp
248,19,19,2,1.0,1573.29,853.76,1630.27,979.87,-1,cvat_interp
248,21,21,3,1.0,138.47,516.1,188.81,608.66,-1,cvat_keyframe
248,22,22,1,1.0,1453.74,322.65,1479.54,396.99,-1,cvat_interp
248,24,24,0,1.0,1447.79,636.29,1459.29,647.29,-1,cvat_interp
249,0,0,2,1.0,905.17,854.1,988.54,979.42,-1,cvat_interp
249,10,10,2,1.0,318.32,425.37,352.79,502.72,-1,cvat_interp
249,11,11,2,1.0,529.09,464.15,572.19,549.15,-1,cvat_interp
249,12,12,2,1.0,636.37,275.64,663.23,338.24,-1,cvat_interp
249,13,13,2,1.0,932.73,460.61,966.84,538.71,-1,cvat_interp
249,14,14,2,1.0,1087.73,423.11,1122.39,503.81,-1,cvat_interp
249,15,15,2,1.0,1463.75,510.09,1497.07,587.1,-1,cvat_interp
249,16,16,2,1.0,1480.65,538.63,1531.45,639.29,-1,cvat_interp
249,17,17,2,1.0,1178.26,359.69,1213.62,433.18,-1,cvat_interp
249,18,18,2,1.0,818.23,253.65,842.94,305.91,-1,cvat_interp
249,19,19,2,1.0,1576.19,851.08,1630.53,977.48,-1,cvat_interp
249,21,21,3,1.0,139.54,512.76,189.88,608.01,-1,cvat_interp
249,22,22,1,1.0,1453.65,321.43,1479.45,395.77,-1,cvat_interp
249,24,24,0,1.0,1441.69,636.94,1453.19,647.94,-1,cvat_interp
250,0,0,2,1.0,901.7,852.5,983.9,978.3,-1,cvat_keyframe
250,10,10,2,1.0,318.5,425.13,353.84,503.03,-1,cvat_interp
250,11,11,2,1.0,527.93,464.25,571.03,547.7,-1,cvat_keyframe
250,12,12,2,1.0,635.78,274.24,662.64,336.84,-1,cvat_keyframe
250,13,13,2,1.0,930.13,459.35,964.24,537.45,-1,cvat_keyframe
250,14,14,2,1.0,1087.85,422.28,1122.51,502.98,-1,cvat_keyframe
250,15,15,2,1.0,1459.8,510.5,1492.21,587.8,-1,cvat_keyframe
250,16,16,2,1.0,1486.1,539.2,1525.2,641.1,-1,cvat_keyframe
250,17,17,2,1.0,1176.48,358.1,1211.84,431.8,-1,cvat_keyframe
250,18,18,2,1.0,817.24,252.5,841.95,304.87,-1,cvat_keyframe
250,19,19,2,1.0,1579.1,848.4,1630.8,975.1,-1,cvat_keyframe
250,21,21,3,1.0,140.62,509.41,190.96,607.37,-1,cvat_keyframe
250,22,22,1,1.0,1453.56,320.21,1479.36,394.55,-1,cvat_keyframe
250,24,24,0,1.0,1435.58,637.59,1447.08,648.59,-1,cvat_keyframe
251,0,0,2,1.0,894.68,849.86,980.65,976.68,-1,cvat_interp
251,10,10,2,1.0,318.68,424.9,354.89,503.35,-1,cvat_interp
251,11,11,2,1.0,530.83,463.91,574.12,547.62,-1,cvat_interp
251,12,12,2,1.0,636.92,272.34,664.17,334.92,-1,cvat_interp
251,13,13,2,1.0,930.84,458.26,964.94,536.36,-1,cvat_interp
251,14,14,2,1.0,1090.5,420.59,1125.16,501.29,-1,cvat_interp
251,15,15,2,1.0,1456.49,511.44,1489.8,589.58,-1,cvat_interp
251,16,16,2,1.0,1482.94,540.54,1522.9,641.65,-1,cvat_interp
251,17,17,2,1.0,1175.58,356.53,1212.68,430.22,-1,cvat_interp
251,18,18,2,1.0,818.65,251.03,843.36,303.4,-1,cvat_interp
251,19,19,2,1.0,1581.88,846.53,1633.58,974.33,-1,cvat_interp
251,21,21,3,1.0,138.75,507.06,189.09,605.43,-1,cvat_interp
251,22,22,1,1.0,1455.18,319.12,1481.36,393.03,-1,cvat_interp
251,24,24,0,1.0,1432.16,637.54,1443.66,648.54,-1,cvat_interp
251,25,25,2,1.0,0.0,333.14,9.6,377.55,-1,cvat_keyframe
252,0,0,2,1.0,887.65,847.22,977.41,975.05,-1,cvat_interp
252,10,10,2,1.0,318.86,424.67,355.94,503.67,-1,cvat_interp
252,11,11,2,1.0,533.73,463.58,577.22,547.54,-1,cvat_interp
252,12,12,2,1.0,638.07,270.44,665.7,333.0,-1,cvat_interp
252,13,13,2,1.0,931.54,457.17,965.65,535.27,-1,cvat_interp
252,14,14,2,1.0,1093.15,418.9,1127.81,499.61,-1,cvat_interp
252,15,15,2,1.0,1453.18,512.38,1487.39,591.37,-1,cvat_interp
252,16,16,2,1.0,1479.77,541.88,1520.6,642.2,-1,cvat_interp
252,17,17,2,1.0,1174.69,354.97,1213.52,428.65,-1,cvat_interp
252,18,18,2,1.0,820.06,249.55,844.77,301.92,-1,cvat_interp
252,19,19,2,1.0,1584.66,844.66,1636.36,973.57,-1,cvat_interp
252,21,21,3,1.0,136.88,504.71,187.22,603.49,-1,cvat_interp
252,22,22,1,1.0,1456.8,318.03,1483.36,391.51,-1,cvat_interp
252,24,24,0,1.0,1428.73,637.49,1440.23,648.49,-1,cvat_interp
252,25,25,2,1.0,0.0,329.43,13.0,379.33,-1,cvat_interp
253,0,0,2,1.0,880.63,844.58,974.16,973.43,-1,cvat_interp
253,10,10,2,1.0,319.04,424.43,356.99,503.98,-1,cvat_interp
253,11,11,2,1.0,536.63,463.24,580.32,547.46,-1,cvat_interp
253,12,12,2,1.0,639.21,268.54,667.22,331.08,-1,cvat_interp
253,13,13,2,1.0,932.25,456.08,966.35,534.18,-1,cvat_interp
253,14,14,2,1.0,1095.8,417.22,1130.46,497.92,-1,cvat_interp
253,15,15,2,1.0,1449.88,513.32,1484.98,593.16,-1,cvat_interp
253,16,16,2,1.0,1476.61,543.22,1518.3,642.75,-1,cvat_interp
253,17,17,2,1.0,1173.79,353.4,1214.37,427.07,-1,cvat_interp
253,18,18,2,1.0,821.47,248.08,846.18,300.45,-1,cvat_interp
253,19,19,2,1.0,1587.43,842.79,1639.13,972.8,-1,cvat_interp
253,21,21,3,1.0,135.01,502.36,185.35,601.56,-1,cvat_interp
253,22,22,1,1.0,1458.42,316.94,1485.36,389.99,-1,cvat_interp
253,24,24,0,1.0,1425.3,637.44,1436.8,648.44,-1,cvat_interp
253,25,25,2,1.0,0.0,325.71,16.4,381.12,-1,cvat_interp
254,0,0,2,1.0,873.6,841.94,970.92,971.81,-1,cvat_keyframe
254,10,10,2,1.0,319.22,424.2,358.04,504.3,-1,cvat_keyframe
254,11,11,2,1.0,539.52,462.91,583.42,547.38,-1,cvat_interp
254,12,12,2,1.0,640.36,266.64,668.75,329.16,-1,cvat_keyframe
254,13,13,2,1.0,932.95,454.99,967.06,533.09,-1,cvat_interp
254,14,14,2,1.0,1098.45,415.53,1133.11,496.23,-1,cvat_interp
254,15,15,2,1.0,1446.57,514.26,1482.57,594.95,-1,cvat_interp
254,16,16,2,1.0,1473.45,544.56,1516.0,643.3,-1,cvat_interp
254,17,17,2,1.0,1172.9,351.84,1215.21,425.5,-1,cvat_keyframe
254,18,18,2,1.0,822.88,246.6,847.59,298.97,-1,cvat_interp
254,19,19,2,1.0,1590.21,840.92,1641.91,972.03,-1,cvat_interp
254,21,21,3,1.0,133.14,500.0,183.48,599.62,-1,cvat_keyframe
254,22,22,1,1.0,1460.04,315.85,1487.36,388.47,-1,cvat_interp
254,24,24,0,1.0,1421.87,637.39,1433.37,648.39,-1,cvat_keyframe
254,25,25,2,1.0,0.0,322.0,19.8,382.9,-1,cvat_keyframe
255,0,0,2,1.0,870.5,839.3,967.67,970.19,-1,cvat_interp
255,10,10,2,1.0,323.17,424.41,362.85,503.67,-1,cvat_interp
255,11,11,2,1.0,542.42,462.58,586.51,547.3,-1,cvat_interp
255,12,12,2,1.0,643.99,265.29,672.78,327.8,-1,cvat_interp
255,13,13,2,1.0,933.66,453.9,967.76,532.0,-1,cvat_interp
255,14,14,2,1.0,1101.1,413.85,1135.76,494.55,-1,cvat_interp
255,15,15,2,1.0,1443.26,515.2,1480.16,596.74,-1,cvat_interp
255,16,16,2,1.0,1470.29,545.9,1513.7,643.85,-1,cvat_interp
255,17,17,2,1.0,1174.9,350.27,1216.05,423.94,-1,cvat_interp
255,18,18,2,1.0,824.28,245.13,849.0,297.5,-1,cvat_interp
255,19,19,2,1.0,1592.99,839.05,1644.69,971.27,-1,cvat_interp
255,21,21,3,1.0,134.66,498.03,185.0,598.06,-1,cvat_interp
255,22,22,1,1.0,1461.67,314.76,1489.36,386.95,-1,cvat_interp
255,24,24,0,1.0,1420.56,637.57,1432.06,648.57,-1,cvat_interp
255,25,25,2,1.0,1.2,320.33,23.27,381.71,-1,cvat_interp
256,0,0,2,1.0,867.4,836.66,964.43,968.56,-1,cvat_interp
256,10,10,2,1.0,327.11,424.62,367.66,503.05,-1,cvat_interp
256,11,11,2,1.0,545.32,462.24,589.61,547.22,-1,cvat_interp
256,12,12,2,1.0,647.63,263.94,676.8,326.43,-1,cvat_interp
256,13,13,2,1.0,934.36,452.81,968.47,530.91,-1,cvat_interp
256,14,14,2,1.0,1103.75,412.16,1138.41,492.86,-1,cvat_interp
256,15,15,2,1.0,1439.95,516.14,1477.75,598.52,-1,cvat_interp
256,16,16,2,1.0,1467.12,547.24,1511.4,644.4,-1,cvat_interp
256,17,17,2,1.0,1176.9,348.71,1216.9,422.38,-1,cvat_interp
256,18,18,2,1.0,825.69,243.65,850.4,296.03,-1,cvat_interp
256,19,19,2,1.0,1595.77,837.18,1647.47,970.5,-1,cvat_interp
256,21,21,3,1.0,136.18,496.05,186.52,596.5,-1,cvat_interp
256,22,22,1,1.0,1463.29,313.67,1491.36,385.43,-1,cvat_interp
256,24,24,0,1.0,1419.24,637.75,1430.74,648.75,-1,cvat_interp
256,25,25,2,1.0,2.4,318.67,26.73,380.53,-1,cvat_interp
257,0,0,2,1.0,864.3,834.02,961.18,966.94,-1,cvat_interp
257,10,10,2,1.0,331.06,424.83,372.48,502.42,-1,cvat_interp
257,11,11,2,1.0,548.22,461.91,592.71,547.14,-1,cvat_interp
257,12,12,2,1.0,651.26,262.6,680.82,325.07,-1,cvat_interp
257,13,13,2,1.0,935.07,451.72,969.17,529.82,-1,cvat_interp
257,14,14,2,1.0,1106.4,410.47,1141.06,491.17,-1,cvat_interp
257,15,15,2,1.0,1436.65,517.08,1475.33,600.31,-1,cvat_interp
257,16,16,2,1.0,1463.96,548.58,1509.1,644.95,-1,cvat_interp
257,17,17,2,1.0,1178.9,347.14,1217.74,420.82,-1,cvat_interp
257,18,18,2,1.0,827.1,242.18,851.81,294.55,-1,cvat_interp
257,19,19,2,1.0,1598.55,835.31,1650.25,969.74,-1,cvat_interp
257,21,21,3,1.0,137.7,494.08,188.04,594.95,-1,cvat_interp
257,22,22,1,1.0,1464.91,312.57,1493.36,383.91,-1,cvat_interp
257,24,24,0,1.0,1417.92,637.94,1429.43,648.94,-1,cvat_interp
257,25,25,2,1.0,3.6,317.0,30.2,379.34,-1,cvat_keyframe
258,0,0,2,1.0,861.2,831.38,957.94,965.32,-1,cvat_interp
258,10,10,2,1.0,335.0,425.04,377.29,501.8,-1,cvat_keyframe
258,11,11,2,1.0,551.12,461.57,595.81,547.06,-1,cvat_interp
258,12,12,2,1.0,654.9,261.25,684.84,323.7,-1,cvat_keyframe
258,13,13,2,1.0,935.77,450.63,969.88,528.73,-1,cvat_interp
258,14,14,2,1.0,1109.05,408.79,1143.71,489.49,-1,cvat_interp
258,15,15,2,1.0,1433.34,518.02,1472.92,602.1,-1,cvat_interp
258,16,16,2,1.0,1460.8,549.92,1506.8,645.5,-1,cvat_keyframe
258,17,17,2,1.0,1180.9,345.57,1218.58,419.26,-1,cvat_interp
258,18,18,2,1.0,828.51,240.7,853.22,293.08,-1,cvat_keyframe
258,19,19,2,1.0,1601.33,833.44,1653.03,968.97,-1,cvat_interp
258,21,21,3,1.0,139.22,492.1,189.56,593.39,-1,cvat_keyframe
258,22,22,1,1.0,1466.53,311.48,1495.36,382.39,-1,cvat_keyframe
258,24,24,0,1.0,1416.61,638.12,1428.11,649.12,-1,cvat_keyframe
258,25,25,2,1.0,7.59,317.0,34.2,379.34,-1,cvat_keyframe
259,0,0,2,1.0,858.1,828.74,954.69,963.69,-1,cvat_interp
259,10,10,2,1.0,341.9,424.99,379.85,498.8,-1,cvat_interp
259,11,11,2,1.0,554.02,461.24,598.9,546.98,-1,cvat_interp
259,12,12,2,1.0,659.21,259.62,687.61,321.27,-1,cvat_interp
259,13,13,2,1.0,936.48,449.54,970.58,527.64,-1,cvat_interp
259,14,14,2,1.0,1111.7,407.1,1146.36,487.8,-1,cvat_interp
259,15,15,2,1.0,1430.03,518.96,1470.51,603.89,-1,cvat_interp
259,16,16,2,1.0,1459.15,551.26,1501.7,645.31,-1,cvat_interp
259,17,17,2,1.0,1182.91,344.01,1219.43,417.7,-1,cvat_interp
259,18,18,2,1.0,831.63,239.01,856.34,291.39,-1,cvat_interp
259,19,19,2,1.0,1604.1,831.57,1655.8,968.2,-1,cvat_interp
259,21,21,3,1.0,139.04,492.02,189.39,591.64,-1,cvat_interp
259,22,22,1,1.0,1471.92,310.39,1501.13,380.87,-1,cvat_interp
259,24,24,0,1.0,1416.29,638.37,1427.79,649.37,-1,cvat_interp
259,25,25,2,1.0,14.79,315.4,41.39,379.34,-1,cvat_interp
260,0,0,2,1.0,855.0,826.1,951.44,962.07,-1,cvat_keyframe
260,10,10,2,1.0,348.8,424.93,382.4,495.8,-1,cvat_keyframe
260,11,11,2,1.0,556.92,460.9,602.0,546.9,-1,cvat_keyframe
260,12,12,2,1.0,663.53,258.0,690.39,318.85,-1,cvat_keyframe
260,13,13,2,1.0,937.18,448.45,971.29,526.55,-1,cvat_keyframe
260,14,14,2,1.0,1114.35,405.42,1149.01,486.12,-1,cvat_keyframe
260,15,15,2,1.0,1426.72,519.9,1468.1,605.67,-1,cvat_keyframe
260,16,16,2,1.0,1457.49,552.6,1496.59,645.12,-1,cvat_keyframe
260,17,17,2,1.0,1184.91,342.44,1220.27,416.14,-1,cvat_keyframe
260,18,18,2,1.0,834.75,237.33,859.46,289.7,-1,cvat_keyframe
260,19,19,2,1.0,1606.88,829.7,1658.58,967.44,-1,cvat_keyframe
260,21,21,3,1.0,138.87,491.94,189.21,589.89,-1,cvat_keyframe
260,22,22,1,1.0,1477.32,309.3,1506.9,379.35,-1,cvat_keyframe
260,24,24,0,1.0,1415.97,638.62,1427.47,649.62,-1,cvat_keyframe
260,25,25,2,1.0,21.99,313.8,48.59,379.34,-1,cvat_keyframe
261,0,0,2,1.0,855.0,824.9,953.04,962.08,-1,cvat_interp
261,10,10,2,1.0,353.38,425.46,388.74,498.97,-1,cvat_interp
261,11,11,2,1.0,561.52,460.03,606.6,546.02,-1,cvat_interp
261,12,12,2,1.0,668.54,256.9,695.4,317.74,-1,cvat_interp
261,13,13,2,1.0,939.05,448.33,975.03,527.23,-1,cvat_interp
261,14,14,2,1.0,1120.36,405.28,1155.03,485.98,-1,cvat_interp
261,15,15,2,1.0,1427.31,520.77,1469.96,607.41,-1,cvat_interp
261,16,16,2,1.0,1454.66,554.3,1498.3,647.05,-1,cvat_interp
261,17,17,2,1.0,1188.41,340.94,1223.77,414.64,-1,cvat_interp
261,18,18,2,1.0,839.44,236.45,864.15,288.83,-1,cvat_interp
261,19,19,2,1.0,1611.32,827.37,1663.02,965.1,-1,cvat_interp
261,21,21,3,1.0,144.14,492.46,194.49,588.66,-1,cvat_interp
261,22,22,1,1.0,1480.99,308.34,1510.57,378.39,-1,cvat_interp
261,24,24,0,1.0,1416.99,639.53,1428.49,650.53,-1,cvat_interp
261,25,25,2,1.0,29.73,313.98,56.33,378.46,-1,cvat_interp
262,0,0,2,1.0,855.0,823.7,954.63,962.08,-1,cvat_interp
262,10,10,2,1.0,357.95,425.98,395.07,502.13,-1,cvat_interp
262,11,11,2,1.0,566.12,459.15,611.2,545.15,-1,cvat_interp
262,12,12,2,1.0,673.54,255.79,700.4,316.64,-1,cvat_interp
262,13,13,2,1.0,940.91,448.21,978.76,527.92,-1,cvat_interp
262,14,14,2,1.0,1126.38,405.14,1161.04,485.84,-1,cvat_interp
262,15,15,2,1.0,1427.89,521.64,1471.81,609.14,-1,cvat_interp
262,16,16,2,1.0,1451.83,556.0,1500.0,648.97,-1,cvat_interp
262,17,17,2,1.0,1191.92,339.44,1227.28,413.13,-1,cvat_interp
262,18,18,2,1.0,844.13,235.58,868.84,287.95,-1,cvat_interp
262,19,19,2,1.0,1615.76,825.03,1667.46,962.77,-1,cvat_interp
262,21,21,3,1.0,149.42,492.98,199.76,587.43,-1,cvat_interp
262,22,22,1,1.0,1484.66,307.38,1514.24,377.44,-1,cvat_interp
262,24,24,0,1.0,1418.01,640.44,1429.51,651.44,-1,cvat_interp
262,25,25,2,1.0,37.47,314.15,64.07,377.58,-1,cvat_interp
263,0,0,2,1.0,855.0,822.5,956.23,962.08,-1,cvat_interp
263,10,10,2,1.0,362.52,426.5,401.4,505.3,-1,cvat_keyframe
263,11,11,2,1.0,570.72,458.27,615.8,544.27,-1,cvat_keyframe
263,12,12,2,1.0,678.55,254.69,705.41,315.54,-1,cvat_keyframe
263,13,13,2,1.0,942.78,448.1,982.5,528.6,-1,cvat_keyframe
263,14,14,2,1.0,1132.39,405.0,1167.06,485.7,-1,cvat_keyframe
263,15,15,2,1.0,1428.47,522.51,1473.67,610.87,-1,cvat_interp
263,16,16,2,1.0,1449.0,557.7,1501.7,650.9,-1,cvat_keyframe
263,17,17,2,1.0,1195.43,337.93,1230.79,411.63,-1,cvat_keyframe
263,18,18,2,1.0,848.81,234.71,873.52,287.08,-1,cvat_keyframe
263,19,19,2,1.0,1620.19,822.7,1671.89,960.43,-1,cvat_keyframe
263,21,21,3,1.0,154.7,493.5,205.04,586.2,-1,cvat_keyframe
263,22,22,1,1.0,1488.33,306.43,1517.91,376.48,-1,cvat_keyframe
263,24,24,0,1.0,1419.03,641.34,1430.53,652.34,-1,cvat_keyframe
263,25,25,2,1.0,45.2,314.33,71.8,376.7,-1,cvat_keyframe
264,0,0,2,1.0,855.0,821.3,957.82,962.09,-1,cvat_interp
264,10,10,2,1.0,368.32,428.86,407.2,507.66,-1,cvat_interp
264,11,11,2,1.0,577.16,458.29,622.24,546.63,-1,cvat_interp
264,12,12,2,1.0,684.89,254.24,711.75,315.08,-1,cvat_interp
264,13,13,2,1.0,946.99,448.31,986.72,528.81,-1,cvat_interp
264,14,14,2,1.0,1138.92,404.57,1173.59,485.27,-1,cvat_interp
264,15,15,2,1.0,1429.05,523.39,1475.53,612.6,-1,cvat_interp
264,16,16,2,1.0,1443.7,557.7,1496.05,653.9,-1,cvat_interp
264,17,17,2,1.0,1197.29,337.78,1232.66,411.48,-1,cvat_interp
264,18,18,2,1.0,854.25,234.48,878.96,286.86,-1,cvat_interp
264,19,19,2,1.0,1623.5,822.17,1675.2,963.42,-1,cvat_interp
264,21,21,3,1.0,154.7,493.5,212.32,586.0,-1,cvat_interp
264,22,22,1,1.0,1493.42,306.43,1523.01,376.48,-1,cvat_interp
264,24,24,0,1.0,1421.29,642.78,1432.79,653.78,-1,cvat_interp
264,25,25,2,1.0,53.19,313.5,79.79,375.87,-1,cvat_interp
265,0,0,2,1.0,855.0,820.1,959.41,962.09,-1,cvat_interp
265,10,10,2,1.0,374.11,431.22,412.99,510.02,-1,cvat_keyframe
265,11,11,2,1.0,583.6,458.3,628.68,548.99,-1,cvat_keyframe
265,12,12,2,1.0,691.24,253.78,718.1,314.63,-1,cvat_keyframe
265,13,13,2,1.0,951.21,448.52,990.93,529.02,-1,cvat_keyframe
265,14,14,2,1.0,1145.46,404.15,1180.12,484.85,-1,cvat_keyframe
265,15,15,2,1.0,1429.63,524.26,1477.39,614.34,-1,cvat_interp
265,16,16,2,1.0,1438.4,557.7,1490.4,656.9,-1,cvat_keyframe
265,17,17,2,1.0,1199.16,337.62,1234.52,411.32,-1,cvat_keyframe
265,18,18,2,1.0,859.69,234.26,884.4,286.63,-1,cvat_keyframe
265,19,19,2,1.0,1626.8,821.64,1678.5,966.42,-1,cvat_interp
265,21,21,3,1.0,154.7,493.5,219.6,585.8,-1,cvat_keyframe
265,22,22,1,1.0,1498.51,306.43,1528.1,376.48,-1,cvat_keyframe
265,24,24,0,1.0,1423.55,644.22,1435.05,655.22,-1,cvat_keyframe
265,25,25,2,1.0,61.18,312.67,87.78,375.05,-1,cvat_keyframe
265,26,26,2,1.0,0.0,500.94,14.0,584.14,-1,cvat_keyframe
266,0,0,2,1.0,855.0,818.9,961.01,962.1,-1,cvat_interp
266,10,10,2,1.0,382.05,431.32,420.93,510.11,-1,cvat_interp
266,11,11,2,1.0,587.9,460.01,635.45,550.86,-1,cvat_interp
266,12,12,2,1.0,696.61,253.88,723.47,314.73,-1,cvat_interp
266,13,13,2,1.0,954.1,448.52,993.83,529.02,-1,cvat_interp
266,14,14,2,1.0,1150.89,404.27,1185.55,484.0,-1,cvat_interp
266,15,15,2,1.0,1430.22,525.13,1479.24,616.07,-1,cvat_interp
266,16,16,2,1.0,1436.74,560.18,1491.02,657.52,-1,cvat_interp
266,17,17,2,1.0,1203.65,338.68,1239.01,412.37,-1,cvat_interp
266,18,18,2,1.0,864.49,234.83,889.2,287.21,-1,cvat_interp
266,19,19,2,1.0,1630.1,821.11,1681.8,969.41,-1,cvat_interp
266,21,21,3,1.0,160.18,493.5,225.93,584.57,-1,cvat_interp
266,22,22,1,1.0,1503.85,306.7,1533.43,376.75,-1,cvat_interp
266,24,24,0,1.0,1425.32,645.16,1436.82,656.16,-1,cvat_interp
266,25,25,2,1.0,69.44,313.06,96.04,375.86,-1,cvat_interp
266,26,26,2,1.0,0.0,496.77,21.95,582.87,-1,cvat_interp
267,0,0,2,1.0,855.0,817.7,962.6,962.1,-1,cvat_keyframe
267,10,10,2,1.0,389.99,431.41,428.87,510.21,-1,cvat_interp
267,11,11,2,1.0,592.2,461.72,642.22,552.72,-1,cvat_keyframe
267,12,12,2,1.0,701.99,253.98,728.85,314.82,-1,cvat_interp
267,13,13,2,1.0,957.0,448.52,996.72,529.02,-1,cvat_interp
267,14,14,2,1.0,1156.31,404.39,1190.98,483.15,-1,cvat_interp
267,15,15,2,1.0,1430.8,526.0,1481.1,617.8,-1,cvat_keyframe
267,16,16,2,1.0,1435.08,562.66,1491.64,658.14,-1,cvat_interp
267,17,17,2,1.0,1208.13,339.73,1243.49,413.43,-1,cvat_interp
267,18,18,2,1.0,869.29,235.41,894.0,287.78,-1,cvat_interp
267,19,19,2,1.0,1633.41,820.58,1685.11,972.4,-1,cvat_keyframe
267,21,21,3,1.0,165.66,493.5,232.27,583.33,-1,cvat_interp
267,22,22,1,1.0,1509.18,306.97,1538.76,377.02,-1,cvat_interp
267,24,24,0,1.0,1427.09,646.1,1438.59,657.1,-1,cvat_keyframe
267,25,25,2,1.0,77.71,313.44,104.31,376.68,-1,cvat_interp
267,26,26,2,1.0,0.0,492.6,29.9,581.6,-1,cvat_keyframe
268,0,0,2,1.0,855.0,816.5,958.88,962.09,-1,cvat_interp
268,10,10,2,1.0,397.93,431.51,436.81,510.3,-1,cvat_interp
268,11,11,2,1.0,598.73,463.43,648.99,554.58,-1,cvat_interp
268,12,12,2,1.0,707.37,254.07,734.22,314.92,-1,cvat_interp
268,13,13,2,1.0,959.89,448.52,999.62,529.02,-1,cvat_interp
268,14,14,2,1.0,1161.74,404.51,1196.41,482.3,-1,cvat_interp
268,15,15,2,1.0,1430.5,528.93,1477.83,616.9,-1,cvat_interp
268,16,16,2,1.0,1433.42,565.14,1492.26,658.76,-1,cvat_interp
268,17,17,2,1.0,1212.61,340.79,1247.98,414.48,-1,cvat_interp
268,18,18,2,1.0,874.09,235.98,898.8,288.36,-1,cvat_interp
268,19,19,2,1.0,1636.71,820.05,1688.41,967.18,-1,cvat_interp
268,21,21,3,1.0,171.14,493.5,238.6,582.1,-1,cvat_keyframe
268,22,22,1,1.0,1514.51,307.25,1544.1,377.3,-1,cvat_interp
268,24,24,0,1.0,1428.94,647.54,1440.44,658.54,-1,cvat_keyframe
268,25,25,2,1.0,85.97,313.83,112.57,377.49,-1,cvat_interp
268,26,26,2,1.0,0.0,493.87,41.17,581.41,-1,cvat_keyframe
269,0,0,2,1.0,855.0,815.3,955.16,962.08,-1,cvat_interp
269,10,10,2,1.0,405.86,431.6,444.74,510.4,-1,cvat_interp
269,11,11,2,1.0,605.27,465.14,655.76,556.44,-1,cvat_interp
269,12,12,2,1.0,712.74,254.17,739.6,315.02,-1,cvat_interp
269,13,13,2,1.0,962.79,448.52,1002.51,529.02,-1,cvat_interp
269,14,14,2,1.0,1167.17,404.63,1201.84,481.45,-1,cvat_interp
269,15,15,2,1.0,1430.2,531.86,1474.55,616.0,-1,cvat_interp
269,16,16,2,1.0,1431.76,567.62,1492.88,659.38,-1,cvat_interp
269,17,17,2,1.0,1217.1,341.84,1252.46,415.54,-1,cvat_interp
269,18,18,2,1.0,878.89,236.56,903.6,288.93,-1,cvat_interp
269,19,19,2,1.0,1640.02,819.52,1691.72,961.95,-1,cvat_interp
269,21,21,3,1.0,176.62,493.5,240.7,580.9,-1,cvat_interp
269,22,22,1,1.0,1519.84,307.52,1549.43,377.57,-1,cvat_interp
269,24,24,0,1.0,1426.07,648.99,1437.57,659.99,-1,cvat_interp
269,25,25,2,1.0,94.23,314.21,120.83,378.31,-1,cvat_interp
269,26,26,2,1.0,7.75,495.13,52.43,581.22,-1,cvat_interp
270,0,0,2,1.0,855.0,814.1,951.44,962.07,-1,cvat_keyframe
270,10,10,2,1.0,413.8,431.69,452.68,510.49,-1,cvat_keyframe
270,11,11,2,1.0,611.8,466.85,662.53,558.3,-1,cvat_keyframe
270,12,12,2,1.0,718.12,254.26,744.98,315.11,-1,cvat_keyframe
270,13,13,2,1.0,965.68,448.52,1005.41,529.02,-1,cvat_keyframe
270,14,14,2,1.0,1172.6,404.75,1207.26,480.6,-1,cvat_keyframe
270,15,15,2,1.0,1429.9,534.79,1471.28,615.1,-1,cvat_keyframe
270,16,16,2,1.0,1430.11,570.1,1493.5,660.0,-1,cvat_keyframe
270,17,17,2,1.0,1221.58,342.9,1256.94,416.59,-1,cvat_keyframe
270,18,18,2,1.0,883.69,237.14,908.4,289.51,-1,cvat_keyframe
270,19,19,2,1.0,1643.32,819.0,1695.02,956.73,-1,cvat_keyframe
270,21,21,3,1.0,182.1,493.5,242.8,579.7,-1,cvat_keyframe
270,22,22,1,1.0,1525.18,307.79,1554.76,377.85,-1,cvat_keyframe
270,24,24,0,1.0,1423.21,650.44,1434.71,661.44,-1,cvat_keyframe
270,25,25,2,1.0,102.49,314.6,129.09,379.12,-1,cvat_keyframe
270,26,26,2,1.0,15.5,496.4,63.7,581.03,-1,cvat_keyframe
271,0,0,2,1.0,855.0,813.61,951.61,959.94,-1,cvat_interp
271,10,10,2,1.0,422.33,434.54,461.21,513.33,-1,cvat_interp
271,11,11,2,1.0,619.62,468.19,670.35,559.63,-1,cvat_interp
271,12,12,2,1.0,724.15,255.19,751.01,316.04,-1,cvat_interp
271,13,13,2,1.0,970.02,450.03,1009.74,530.53,-1,cvat_interp
271,14,14,2,1.0,1178.52,405.77,1213.18,481.79,-1,cvat_interp
271,15,15,2,1.0,1427.63,538.37,1471.04,619.1,-1,cvat_interp
271,16,16,2,1.0,1426.34,572.49,1487.83,663.05,-1,cvat_interp
271,17,17,2,1.0,1225.34,343.24,1260.7,416.94,-1,cvat_interp
271,18,18,2,1.0,889.16,238.44,913.87,290.81,-1,cvat_interp
271,19,19,2,1.0,1645.88,818.79,1697.58,955.72,-1,cvat_interp
271,21,21,3,1.0,186.81,493.94,247.51,580.14,-1,cvat_interp
271,22,22,1,1.0,1530.18,308.57,1559.77,378.62,-1,cvat_interp
271,24,24,0,1.0,1414.31,654.5,1425.81,665.5,-1,cvat_interp
271,25,25,2,1.0,111.55,315.75,138.15,380.28,-1,cvat_interp
271,26,26,2,1.0,25.72,497.82,73.92,582.46,-1,cvat_interp
272,0,0,2,1.0,855.0,813.12,951.78,957.82,-1,cvat_interp
272,10,10,2,1.0,430.86,437.38,469.74,516.18,-1,cvat_interp
272,11,11,2,1.0,627.43,469.52,678.17,560.97,-1,cvat_interp
272,12,12,2,1.0,730.19,256.12,757.05,316.97,-1,cvat_interp
272,13,13,2,1.0,974.35,451.53,1014.07,532.04,-1,cvat_interp
272,14,14,2,1.0,1184.44,406.79,1219.1,482.98,-1,cvat_interp
272,15,15,2,1.0,1425.36,541.96,1470.8,623.1,-1,cvat_interp
272,16,16,2,1.0,1422.58,574.88,1482.16,666.1,-1,cvat_interp
272,17,17,2,1.0,1229.1,343.59,1264.46,417.29,-1,cvat_interp
272,18,18,2,1.0,894.64,239.74,919.35,292.11,-1,cvat_interp
272,19,19,2,1.0,1648.45,818.58,1700.15,954.7,-1,cvat_interp
272,21,21,3,1.0,191.52,494.39,252.22,580.59,-1,cvat_interp
272,22,22,1,1.0,1535.19,309.34,1564.77,379.39,-1,cvat_interp
272,24,24,0,1.0,1405.41,658.56,1416.91,669.56,-1,cvat_interp
272,25,25,2,1.0,120.62,316.91,147.22,381.43,-1,cvat_interp
272,26,26,2,1.0,35.93,499.24,84.13,583.88,-1,cvat_interp
273,0,0,2,1.0,855.0,812.63,951.94,955.69,-1,cvat_interp
273,10,10,2,1.0,439.39,440.22,478.27,519.02,-1,cvat_interp
273,11,11,2,1.0,635.25,470.85,685.99,562.3,-1,cvat_interp
273,12,12,2,1.0,736.22,257.05,763.08,317.9,-1,cvat_interp
273,13,13,2,1.0,978.68,453.04,1018.4,533.54,-1,cvat_interp
273,14,14,2,1.0,1190.36,407.81,1225.02,484.17,-1,cvat_interp
273,15,15,2,1.0,1423.09,545.54,1470.57,627.1,-1,cvat_interp
273,16,16,2,1.0,1418.82,577.27,1476.49,669.15,-1,cvat_interp
273,17,17,2,1.0,1232.86,343.93,1268.22,417.63,-1,cvat_interp
273,18,18,2,1.0,900.12,241.04,924.83,293.41,-1,cvat_interp
273,19,19,2,1.0,1651.01,818.37,1702.71,953.69,-1,cvat_interp
273,21,21,3,1.0,196.23,494.83,256.92,581.03,-1,cvat_interp
273,22,22,1,1.0,1540.2,310.11,1569.78,380.16,-1,cvat_interp
273,24,24,0,1.0,1396.51,662.62,1408.01,673.62,-1,cvat_interp
273,25,25,2,1.0,129.68,318.06,156.28,382.59,-1,cvat_interp
273,26,26,2,1.0,46.15,500.66,94.35,585.3,-1,cvat_interp
274,0,0,2,1.0,855.0,812.14,952.11,953.56,-1,cvat_interp
274,10,10,2,1.0,447.91,443.06,486.79,521.86,-1,cvat_interp
274,11,11,2,1.0,643.07,472.18,693.8,563.63,-1,cvat_interp
274,12,12,2,1.0,742.26,257.98,769.12,318.82,-1,cvat_interp
274,13,13,2,1.0,983.01,454.55,1022.73,535.05,-1,cvat_interp
274,14,14,2,1.0,1196.28,408.82,1230.94,485.36,-1,cvat_interp
274,15,15,2,1.0,1420.83,549.12,1470.33,631.1,-1,cvat_interp
274,16,16,2,1.0,1415.06,579.65,1470.82,672.2,-1,cvat_interp
274,17,17,2,1.0,1236.62,344.28,1271.98,417.98,-1,cvat_interp
274,18,18,2,1.0,905.6,242.34,930.31,294.71,-1,cvat_interp
274,19,19,2,1.0,1653.57,818.16,1705.27,952.68,-1,cvat_interp
274,21,21,3,1.0,200.93,495.28,261.63,581.48,-1,cvat_interp
274,22,22,1,1.0,1545.2,310.88,1574.79,380.94,-1,cvat_interp
274,24,24,0,1.0,1387.62,666.68,1399.12,677.68,-1,cvat_interp
274,25,25,2,1.0,138.74,319.22,165.34,383.74,-1,cvat_interp
274,26,26,2,1.0,56.36,502.09,104.56,586.72,-1,cvat_interp
275,0,0,2,1.0,855.0,811.65,952.27,951.44,-1,cvat_interp
275,10,10,2,1.0,456.44,445.91,495.32,524.7,-1,cvat_interp
275,11,11,2,1.0,650.89,473.52,701.62,564.96,-1,cvat_interp
275,12,12,2,1.0,748.29,258.91,775.15,319.75,-1,cvat_interp
275,13,13,2,1.0,987.34,456.05,1027.06,536.56,-1,cvat_interp
275,14,14,2,1.0,1202.2,409.84,1236.86,486.55,-1,cvat_interp
275,15,15,2,1.0,1418.56,552.71,1470.09,635.1,-1,cvat_interp
275,16,16,2,1.0,1411.3,582.04,1465.15,675.25,-1,cvat_interp
275,17,17,2,1.0,1240.38,344.62,1275.74,418.32,-1,cvat_interp
275,18,18,2,1.0,911.08,243.64,935.79,296.01,-1,cvat_interp
275,19,19,2,1.0,1656.13,817.95,1707.83,951.66,-1,cvat_interp
275,21,21,3,1.0,205.64,495.72,266.34,581.92,-1,cvat_interp
275,22,22,1,1.0,1550.21,311.66,1579.79,381.71,-1,cvat_interp
275,24,24,0,1.0,1378.72,670.75,1390.22,681.75,-1,cvat_interp
275,25,25,2,1.0,147.8,320.37,174.4,384.9,-1,cvat_interp
275,26,26,2,1.0,66.58,503.51,114.78,588.14,-1,cvat_interp
276,0,0,2,1.0,855.0,811.16,952.44,949.31,-1,cvat_interp
276,10,10,2,1.0,464.97,448.75,503.85,527.55,-1,cvat_interp
276,11,11,2,1.0,658.7,474.85,709.44,566.3,-1,cvat_interp
276,12,12,2,1.0,754.33,259.83,781.19,320.68,-1,cvat_interp
276,13,13,2,1.0,991.67,457.56,1031.4,538.06,-1,cvat_interp
276,14,14,2,1.0,1208.12,410.86,1242.78,487.74,-1,cvat_interp
276,15,15,2,1.0,1416.29,556.29,1469.85,639.1,-1,cvat_interp
276,16,16,2,1.0,1407.54,584.43,1459.48,678.3,-1,cvat_interp
276,17,17,2,1.0,1244.14,344.97,1279.5,418.67,-1,cvat_interp
276,18,18,2,1.0,916.55,244.94,941.26,297.31,-1,cvat_interp
276,19,19,2,1.0,1658.7,817.74,1710.4,950.65,-1,cvat_interp
276,21,21,3,1.0,210.35,496.16,271.05,582.36,-1,cvat_interp
276,22,22,1,1.0,1555.21,312.43,1584.8,382.48,-1,cvat_interp
276,24,24,0,1.0,1369.82,674.81,1381.32,685.81,-1,cvat_interp
276,25,25,2,1.0,156.86,321.53,183.46,386.05,-1,cvat_interp
276,26,26,2,1.0,76.79,504.93,124.99,589.56,-1,cvat_interp
277,0,0,2,1.0,855.0,810.67,952.6,947.18,-1,cvat_interp
277,10,10,2,1.0,473.5,451.59,512.38,530.39,-1,cvat_interp
277,11,11,2,1.0,666.52,476.18,717.25,567.63,-1,cvat_interp
277,12,12,2,1.0,760.36,260.76,787.22,321.61,-1,cvat_interp
277,13,13,2,1.0,996.01,459.07,1035.73,539.57,-1,cvat_interp
277,14,14,2,1.0,1214.04,411.88,1248.7,488.93,-1,cvat_interp
277,15,15,2,1.0,1414.02,559.87,1469.61,643.1,-1,cvat_interp
277,16,16,2,1.0,1403.78,586.82,1453.81,681.35,-1,cvat_interp
277,17,17,2,1.0,1247.9,345.32,1283.26,419.01,-1,cvat_interp
277,18,18,2,1.0,922.03,246.24,946.74,298.61,-1,cvat_interp
277,19,19,2,1.0,1661.26,817.53,1712.96,949.64,-1,cvat_interp
277,21,21,3,1.0,215.06,496.61,275.76,582.81,-1,cvat_interp
277,22,22,1,1.0,1560.22,313.2,1589.81,383.25,-1,cvat_interp
277,24,24,0,1.0,1360.92,678.87,1372.42,689.87,-1,cvat_interp
277,25,25,2,1.0,165.92,322.68,192.52,387.21,-1,cvat_interp
277,26,26,2,1.0,87.01,506.35,135.21,590.98,-1,cvat_interp
278,0,0,2,1.0,855.0,810.18,952.77,945.05,-1,cvat_interp
278,10,10,2,1.0,482.03,454.43,520.9,533.23,-1,cvat_interp
278,11,11,2,1.0,674.34,477.51,725.07,568.96,-1,cvat_interp
278,12,12,2,1.0,766.4,261.69,793.26,322.54,-1,cvat_interp
278,13,13,2,1.0,1000.34,460.57,1040.06,541.08,-1,cvat_interp
278,14,14,2,1.0,1219.96,412.89,1254.62,490.12,-1,cvat_interp
278,15,15,2,1.0,1411.75,563.46,1469.38,647.1,-1,cvat_interp
278,16,16,2,1.0,1400.02,589.21,1448.14,684.4,-1,cvat_interp
278,17,17,2,1.0,1251.66,345.66,1287.02,419.36,-1,cvat_interp
278,18,18,2,1.0,927.51,247.54,952.22,299.91,-1,cvat_interp
278,19,19,2,1.0,1663.82,817.32,1715.52,948.62,-1,cvat_interp
278,21,21,3,1.0,219.77,497.05,280.47,583.25,-1,cvat_interp
278,22,22,1,1.0,1565.23,313.97,1594.81,384.03,-1,cvat_interp
278,24,24,0,1.0,1352.03,682.93,1363.53,693.93,-1,cvat_interp
278,25,25,2,1.0,174.98,323.84,201.58,388.36,-1,cvat_interp
278,26,26,2,1.0,97.23,507.77,145.43,592.41,-1,cvat_interp
279,0,0,2,1.0,855.0,809.69,952.93,942.93,-1,cvat_interp
279,10,10,2,1.0,490.55,457.28,529.43,536.07,-1,cvat_interp
279,11,11,2,1.0,682.16,478.85,732.89,570.29,-1,cvat_interp
279,12,12,2,1.0,772.43,262.62,799.29,323.47,-1,cvat_interp
279,13,13,2,1.0,1004.67,462.08,1044.39,542.58,-1,cvat_interp
279,14,14,2,1.0,1225.88,413.91,1260.54,491.31,-1,cvat_interp
279,15,15,2,1.0,1409.48,567.04,1469.14,651.1,-1,cvat_interp
279,16,16,2,1.0,1396.26,591.6,1442.47,687.45,-1,cvat_interp
279,17,17,2,1.0,1255.42,346.01,1290.78,419.71,-1,cvat_interp
279,18,18,2,1.0,932.99,248.84,957.7,301.21,-1,cvat_interp
279,19,19,2,1.0,1666.39,817.11,1718.09,947.61,-1,cvat_interp
279,21,21,3,1.0,224.47,497.5,285.17,583.7,-1,cvat_interp
279,22,22,1,1.0,1570.23,314.75,1599.82,384.8,-1,cvat_interp
279,24,24,0,1.0,1343.13,686.99,1354.63,697.99,-1,cvat_interp
279,25,25,2,1.0,184.04,324.99,210.64,389.52,-1,cvat_interp
279,26,26,2,1.0,107.44,509.19,155.64,593.83,-1,cvat_interp
280,0,0,2,1.0,855.0,809.2,953.1,940.8,-1,cvat_keyframe
280,10,10,2,1.0,499.08,460.12,537.96,538.92,-1,cvat_keyframe
280,11,11,2,1.0,689.97,480.18,740.71,571.63,-1,cvat_keyframe
280,12,12,2,1.0,778.47,263.55,805.33,324.4,-1,cvat_keyframe
280,13,13,2,1.0,1009.0,463.59,1048.72,544.09,-1,cvat_keyframe
280,14,14,2,1.0,1231.8,414.93,1266.46,492.5,-1,cvat_keyframe
280,15,15,2,1.0,1407.21,570.62,1468.9,655.1,-1,cvat_keyframe
280,16,16,2,1.0,1392.5,593.99,1436.8,690.5,-1,cvat_keyframe
280,17,17,2,1.0,1259.18,346.35,1294.54,420.05,-1,cvat_keyframe
280,18,18,2,1.0,938.47,250.14,963.18,302.51,-1,cvat_keyframe
280,19,19,2,1.0,1668.95,816.9,1720.65,946.6,-1,cvat_keyframe
280,21,21,3,1.0,229.18,497.94,289.88,584.14,-1,cvat_keyframe
280,22,22,1,1.0,1575.24,315.52,1604.82,385.57,-1,cvat_keyframe
280,24,24,0,1.0,1334.23,691.05,1345.73,702.05,-1,cvat_keyframe
280,25,25,2,1.0,193.1,326.15,219.7,390.67,-1,cvat_keyframe
280,26,26,2,1.0,117.66,510.61,165.86,595.25,-1,cvat_keyframe
281,0,0,2,1.0,854.68,807.05,954.35,938.65,-1,cvat_interp
281,10,10,2,1.0,505.76,462.71,544.64,541.88,-1,cvat_interp
281,11,11,2,1.0,694.92,484.84,745.65,570.26,-1,cvat_interp
281,12,12,2,1.0,784.65,264.91,811.51,325.31,-1,cvat_interp
281,13,13,2,1.0,1012.82,462.4,1052.54,543.22,-1,cvat_interp
281,14,14,2,1.0,1235.98,415.95,1270.65,493.52,-1,cvat_interp
281,15,15,2,1.0,1401.89,573.4,1465.25,658.15,-1,cvat_interp
281,16,16,2,1.0,1385.2,596.43,1433.1,692.0,-1,cvat_interp
281,17,17,2,1.0,1262.48,347.39,1298.39,421.08,-1,cvat_interp
281,18,18,2,1.0,942.54,251.39,967.26,303.77,-1,cvat_interp
281,19,19,2,1.0,1669.83,816.83,1722.74,945.8,-1,cvat_interp
281,21,21,3,1.0,233.53,497.49,284.84,582.32,-1,cvat_interp
281,22,22,1,1.0,1578.9,316.9,1608.49,386.47,-1,cvat_interp
281,24,24,0,1.0,1326.78,694.16,1338.28,705.16,-1,cvat_interp
281,25,25,2,1.0,201.53,327.15,228.13,391.67,-1,cvat_interp
281,26,26,2,1.0,124.82,512.9,173.02,598.09,-1,cvat_interp
282,0,0,2,1.0,854.36,804.89,955.6,936.5,-1,cvat_keyframe
282,10,10,2,1.0,512.44,465.29,551.32,544.84,-1,cvat_interp
282,11,11,2,1.0,699.87,489.5,750.6,568.9,-1,cvat_keyframe
282,12,12,2,1.0,790.84,266.28,817.7,326.22,-1,cvat_interp
282,13,13,2,1.0,1016.65,461.21,1056.37,542.35,-1,cvat_keyframe
282,14,14,2,1.0,1240.17,416.98,1274.83,494.55,-1,cvat_interp
282,15,15,2,1.0,1396.58,576.18,1461.6,661.2,-1,cvat_keyframe
282,16,16,2,1.0,1377.9,598.87,1429.4,693.5,-1,cvat_keyframe
282,17,17,2,1.0,1265.78,348.42,1302.23,422.11,-1,cvat_interp
282,18,18,2,1.0,946.62,252.65,971.33,305.02,-1,cvat_interp
282,19,19,2,1.0,1670.71,816.76,1724.83,945.0,-1,cvat_interp
282,21,21,3,1.0,237.88,497.04,279.8,580.5,-1,cvat_keyframe
282,22,22,1,1.0,1582.57,318.28,1612.15,387.37,-1,cvat_interp
282,24,24,0,1.0,1319.32,697.27,1330.82,708.27,-1,cvat_interp
282,25,25,2,1.0,209.96,328.14,236.56,392.67,-1,cvat_interp
282,26,26,2,1.0,131.98,515.2,180.18,600.94,-1,cvat_interp
283,0,0,2,1.0,854.04,802.74,953.49,934.34,-1,cvat_interp
283,10,10,2,1.0,519.12,467.88,558.0,547.8,-1,cvat_interp
283,11,11,2,1.0,704.81,491.16,755.55,572.97,-1,cvat_interp
283,12,12,2,1.0,797.02,267.64,823.88,327.14,-1,cvat_interp
283,13,13,2,1.0,1020.34,462.2,1060.06,543.67,-1,cvat_interp
283,14,14,2,1.0,1244.35,418.0,1279.02,495.57,-1,cvat_interp
283,15,15,2,1.0,1391.26,578.95,1455.87,664.33,-1,cvat_interp
283,16,16,2,1.0,1370.6,601.31,1425.9,696.48,-1,cvat_interp
283,17,17,2,1.0,1269.09,349.45,1306.08,423.14,-1,cvat_interp
283,18,18,2,1.0,950.7,253.91,975.41,306.28,-1,cvat_interp
283,19,19,2,1.0,1671.59,816.7,1726.93,944.2,-1,cvat_interp
283,21,21,3,1.0,242.23,496.59,287.4,581.68,-1,cvat_interp
283,22,22,1,1.0,1586.23,319.65,1615.81,388.27,-1,cvat_interp
283,24,24,0,1.0,1311.87,700.38,1323.37,711.38,-1,cvat_interp
283,25,25,2,1.0,218.39,329.14,244.99,393.67,-1,cvat_interp
283,26,26,2,1.0,139.14,517.49,187.34,603.78,-1,cvat_interp
284,0,0,2,1.0,853.72,800.58,951.38,932.19,-1,cvat_interp
284,10,10,2,1.0,525.8,470.46,564.68,550.76,-1,cvat_interp
284,11,11,2,1.0,709.76,492.81,760.49,577.03,-1,cvat_interp
284,12,12,2,1.0,803.21,269.0,830.07,328.05,-1,cvat_interp
284,13,13,2,1.0,1024.03,463.19,1063.75,544.98,-1,cvat_interp
284,14,14,2,1.0,1248.54,419.03,1283.2,496.6,-1,cvat_interp
284,15,15,2,1.0,1385.94,581.73,1450.13,667.46,-1,cvat_interp
284,16,16,2,1.0,1363.3,603.75,1422.4,699.45,-1,cvat_interp
284,17,17,2,1.0,1272.39,350.48,1309.92,424.18,-1,cvat_interp
284,18,18,2,1.0,954.78,255.17,979.49,307.54,-1,cvat_interp
284,19,19,2,1.0,1672.47,816.63,1729.02,943.4,-1,cvat_interp
284,21,21,3,1.0,246.58,496.15,295.0,582.85,-1,cvat_interp
284,22,22,1,1.0,1589.89,321.03,1619.48,389.17,-1,cvat_interp
284,24,24,0,1.0,1304.42,703.5,1315.92,714.5,-1,cvat_interp
284,25,25,2,1.0,226.82,330.14,253.42,394.67,-1,cvat_interp
284,26,26,2,1.0,146.3,519.78,194.5,606.63,-1,cvat_interp
285,0,0,2,1.0,853.4,798.43,949.28,930.03,-1,cvat_interp
285,10,10,2,1.0,532.48,473.05,571.36,553.72,-1,cvat_interp
285,11,11,2,1.0,714.71,494.47,765.44,581.1,-1,cvat_interp
285,12,12,2,1.0,809.4,270.37,836.26,328.97,-1,cvat_interp
285,13,13,2,1.0,1027.73,464.18,1067.45,546.3,-1,cvat_interp
285,14,14,2,1.0,1252.72,420.05,1287.39,497.62,-1,cvat_interp
285,15,15,2,1.0,1380.62,584.51,1444.4,670.6,-1,cvat_interp
285,16,16,2,1.0,1356.0,606.19,1418.9,702.43,-1,cvat_interp
285,17,17,2,1.0,1275.69,351.51,1313.77,425.21,-1,cvat_interp
285,18,18,2,1.0,958.86,256.42,983.57,308.8,-1,cvat_interp
285,19,19,2,1.0,1673.35,816.56,1731.11,942.6,-1,cvat_interp
285,21,21,3,1.0,250.93,495.7,302.6,584.03,-1,cvat_interp
285,22,22,1,1.0,1593.56,322.41,1623.14,390.07,-1,cvat_interp
285,24,24,0,1.0,1296.96,706.61,1308.46,717.61,-1,cvat_interp
285,25,25,2,1.0,235.25,331.14,261.85,395.66,-1,cvat_interp
285,26,26,2,1.0,153.46,522.07,201.66,609.47,-1,cvat_interp
286,0,0,2,1.0,853.08,796.27,947.17,927.88,-1,cvat_interp
286,10,10,2,1.0,539.16,475.63,578.04,556.68,-1,cvat_interp
286,11,11,2,1.0,719.65,496.13,770.39,585.17,-1,cvat_interp
286,12,12,2,1.0,815.58,271.73,842.44,329.88,-1,cvat_interp
286,13,13,2,1.0,1031.42,465.17,1071.14,547.61,-1,cvat_interp
286,14,14,2,1.0,1256.91,421.07,1291.57,498.64,-1,cvat_interp
286,15,15,2,1.0,1375.31,587.29,1438.66,673.73,-1,cvat_interp
286,16,16,2,1.0,1348.7,608.63,1415.4,705.4,-1,cvat_keyframe
286,17,17,2,1.0,1279.0,352.55,1317.61,426.24,-1,cvat_interp
286,18,18,2,1.0,962.94,257.68,987.65,310.06,-1,cvat_interp
286,19,19,2,1.0,1674.23,816.49,1733.21,941.8,-1,cvat_interp
286,21,21,3,1.0,255.28,495.25,310.21,585.2,-1,cvat_interp
286,22,22,1,1.0,1597.22,323.79,1626.8,390.98,-1,cvat_interp
286,24,24,0,1.0,1289.51,709.72,1301.01,720.72,-1,cvat_interp
286,25,25,2,1.0,243.68,332.14,270.29,396.66,-1,cvat_interp
286,26,26,2,1.0,160.62,524.36,208.82,612.32,-1,cvat_keyframe
287,0,0,2,1.0,852.76,794.12,945.06,925.72,-1,cvat_interp
287,10,10,2,1.0,545.84,478.22,584.71,559.64,-1,cvat_interp
287,11,11,2,1.0,724.6,497.79,775.33,589.23,-1,cvat_keyframe
287,12,12,2,1.0,821.77,273.1,848.63,330.8,-1,cvat_keyframe
287,13,13,2,1.0,1035.11,466.17,1074.83,548.92,-1,cvat_keyframe
287,14,14,2,1.0,1261.09,422.1,1295.76,499.67,-1,cvat_interp
287,15,15,2,1.0,1369.99,590.07,1432.93,676.86,-1,cvat_interp
287,16,16,2,1.0,1346.0,611.08,1397.0,705.1,-1,cvat_keyframe
287,17,17,2,1.0,1282.3,353.58,1321.46,427.27,-1,cvat_interp
287,18,18,2,1.0,967.02,258.94,991.73,311.31,-1,cvat_interp
287,19,19,2,1.0,1675.11,816.43,1735.3,941.0,-1,cvat_keyframe
287,21,21,3,1.0,259.63,494.8,317.81,586.38,-1,cvat_keyframe
287,22,22,1,1.0,1600.88,325.17,1630.47,391.88,-1,cvat_interp
287,24,24,0,1.0,1282.06,712.83,1293.56,723.83,-1,cvat_keyframe
287,25,25,2,1.0,252.12,333.14,278.72,397.66,-1,cvat_keyframe
287,26,26,2,1.0,167.79,525.23,215.99,613.74,-1,cvat_interp
288,0,0,2,1.0,852.44,791.97,942.95,923.57,-1,cvat_interp
288,10,10,2,1.0,552.51,480.8,591.39,562.6,-1,cvat_keyframe
288,11,11,2,1.0,729.32,498.98,780.06,590.42,-1,cvat_interp
288,12,12,2,1.0,823.39,271.8,850.25,329.05,-1,cvat_keyframe
288,13,13,2,1.0,1036.2,468.08,1075.92,551.16,-1,cvat_interp
288,14,14,2,1.0,1265.28,423.12,1299.94,500.69,-1,cvat_interp
288,15,15,2,1.0,1364.67,592.84,1427.19,679.99,-1,cvat_interp
288,16,16,2,1.0,1341.3,613.52,1388.7,704.6,-1,cvat_keyframe
288,17,17,2,1.0,1285.6,354.61,1325.3,428.3,-1,cvat_keyframe
288,18,18,2,1.0,971.1,260.2,995.81,312.57,-1,cvat_interp
288,19,19,2,1.0,1675.99,816.36,1733.35,941.3,-1,cvat_interp
288,21,21,3,1.0,259.48,497.3,317.3,585.2,-1,cvat_keyframe
288,22,22,1,1.0,1604.54,326.54,1634.13,392.78,-1,cvat_interp
288,24,24,0,1.0,1276.08,715.28,1287.58,726.28,-1,cvat_interp
288,25,25,2,1.0,255.61,334.14,282.21,398.66,-1,cvat_keyframe
288,26,26,2,1.0,174.95,526.1,223.15,615.16,-1,cvat_interp
289,0,0,2,1.0,852.12,789.81,940.85,921.41,-1,cvat_interp
289,10,10,2,1.0,559.19,485.26,598.07,565.56,-1,cvat_interp
289,11,11,2,1.0,734.05,500.17,784.78,591.62,-1,cvat_interp
289,12,12,2,1.0,826.39,270.58,853.25,329.63,-1,cvat_interp
289,13,13,2,1.0,1037.28,469.99,1077.01,553.39,-1,cvat_interp
289,14,14,2,1.0,1269.46,424.15,1304.13,501.72,-1,cvat_interp
289,15,15,2,1.0,1359.35,595.62,1421.46,683.13,-1,cvat_interp
289,16,16,2,1.0,1335.23,615.96,1381.08,704.8,-1,cvat_interp
289,17,17,2,1.0,1288.9,355.64,1326.43,429.34,-1,cvat_interp
289,18,18,2,1.0,975.18,261.46,999.89,313.83,-1,cvat_interp
289,19,19,2,1.0,1676.87,816.29,1731.4,941.6,-1,cvat_interp
289,21,21,3,1.0,263.27,498.65,322.53,585.7,-1,cvat_interp
289,22,22,1,1.0,1608.21,327.92,1637.79,393.68,-1,cvat_interp
289,24,24,0,1.0,1270.1,717.73,1281.6,728.73,-1,cvat_interp
289,25,25,2,1.0,263.22,335.62,289.82,400.14,-1,cvat_interp
289,26,26,2,1.0,182.11,526.96,230.31,616.58,-1,cvat_interp
290,0,0,2,1.0,851.8,787.66,938.74,919.26,-1,cvat_keyframe
290,10,10,2,1.0,565.87,489.73,604.75,568.52,-1,cvat_keyframe
290,11,11,2,1.0,738.78,501.36,789.51,592.81,-1,cvat_keyframe
290,12,12,2,1.0,829.38,269.37,856.24,330.21,-1,cvat_keyframe
290,13,13,2,1.0,1038.37,471.9,1078.09,555.63,-1,cvat_keyframe
290,14,14,2,1.0,1273.65,425.17,1308.31,502.74,-1,cvat_keyframe
290,15,15,2,1.0,1354.04,598.4,1415.73,686.26,-1,cvat_keyframe
290,16,16,2,1.0,1329.16,618.4,1373.46,705.0,-1,cvat_keyframe
290,17,17,2,1.0,1292.21,356.67,1327.57,430.37,-1,cvat_keyframe
290,18,18,2,1.0,979.25,262.71,1003.97,315.09,-1,cvat_keyframe
290,19,19,2,1.0,1677.75,816.22,1729.45,941.9,-1,cvat_keyframe
290,21,21,3,1.0,267.05,500.01,327.75,586.21,-1,cvat_keyframe
290,22,22,1,1.0,1611.87,329.3,1641.45,394.58,-1,cvat_keyframe
290,24,24,0,1.0,1264.12,720.18,1275.62,731.18,-1,cvat_keyframe
290,25,25,2,1.0,270.82,337.1,297.42,401.63,-1,cvat_interp
290,26,26,2,1.0,189.27,527.83,237.47,618.0,-1,cvat_keyframe
291,0,0,2,1.0,852.34,788.03,938.05,917.83,-1,cvat_interp
291,10,10,2,1.0,571.21,492.05,610.09,571.62,-1,cvat_interp
291,11,11,2,1.0,744.04,503.5,794.78,594.15,-1,cvat_interp
291,12,12,2,1.0,836.68,270.94,863.37,331.34,-1,cvat_interp
291,13,13,2,1.0,1042.05,472.56,1081.24,555.82,-1,cvat_interp
291,14,14,2,1.0,1277.86,425.67,1312.53,503.24,-1,cvat_interp
291,15,15,2,1.0,1349.85,600.76,1411.68,688.91,-1,cvat_interp
291,16,16,2,1.0,1323.32,620.93,1369.61,710.14,-1,cvat_interp
291,17,17,2,1.0,1295.39,357.94,1330.72,431.0,-1,cvat_interp
291,18,18,2,1.0,983.92,264.03,1008.56,316.19,-1,cvat_interp
291,19,19,2,1.0,1677.18,816.47,1731.91,941.38,-1,cvat_interp
291,21,21,3,1.0,272.02,500.32,330.85,586.52,-1,cvat_interp
291,22,22,1,1.0,1615.54,330.46,1645.13,395.74,-1,cvat_interp
291,24,24,0,1.0,1259.81,722.08,1271.31,733.08,-1,cvat_interp
291,25,25,2,1.0,278.42,338.59,305.02,403.11,-1,cvat_interp
291,26,26,2,1.0,196.56,529.48,243.91,619.66,-1,cvat_interp
292,0,0,2,1.0,852.89,788.41,937.37,916.39,-1,cvat_interp
292,10,10,2,1.0,576.55,494.38,615.42,574.72,-1,cvat_interp
292,11,11,2,1.0,749.31,505.63,800.04,595.49,-1,cvat_interp
292,12,12,2,1.0,843.98,272.51,870.49,332.46,-1,cvat_interp
292,13,13,2,1.0,1045.73,473.21,1084.39,556.02,-1,cvat_interp
292,14,14,2,1.0,1282.07,426.17,1316.74,503.74,-1,cvat_interp
292,15,15,2,1.0,1345.67,603.12,1407.63,691.56,-1,cvat_interp
292,16,16,2,1.0,1317.48,623.46,1365.75,715.28,-1,cvat_interp
292,17,17,2,1.0,1298.56,359.2,1333.88,431.64,-1,cvat_interp
292,18,18,2,1.0,988.58,265.35,1013.15,317.29,-1,cvat_interp
292,19,19,2,1.0,1676.6,816.72,1734.36,940.87,-1,cvat_interp
292,21,21,3,1.0,276.98,500.63,333.94,586.83,-1,cvat_interp
292,22,22,1,1.0,1619.22,331.63,1648.8,396.91,-1,cvat_interp
292,24,24,0,1.0,1255.51,723.97,1267.01,734.97,-1,cvat_interp
292,25,25,2,1.0,286.02,340.07,312.62,404.59,-1,cvat_interp
292,26,26,2,1.0,203.86,531.14,250.36,621.31,-1,cvat_interp
293,0,0,2,1.0,853.43,788.78,936.68,914.96,-1,cvat_interp
293,10,10,2,1.0,581.89,496.7,620.76,577.82,-1,cvat_interp
293,11,11,2,1.0,754.57,507.76,805.31,596.83,-1,cvat_interp
293,12,12,2,1.0,851.28,274.09,877.62,333.59,-1,cvat_keyframe
293,13,13,2,1.0,1049.41,473.87,1087.54,556.22,-1,cvat_interp
293,14,14,2,1.0,1286.29,426.67,1320.95,504.24,-1,cvat_interp
293,15,15,2,1.0,1341.48,605.48,1403.59,694.21,-1,cvat_interp
293,16,16,2,1.0,1311.63,625.99,1361.89,720.42,-1,cvat_interp
293,17,17,2,1.0,1301.74,360.46,1337.04,432.27,-1,cvat_interp
293,18,18,2,1.0,993.24,266.67,1017.74,318.39,-1,cvat_interp
293,19,19,2,1.0,1676.03,816.97,1736.82,940.35,-1,cvat_interp
293,21,21,3,1.0,281.95,500.95,337.03,587.14,-1,cvat_interp
293,22,22,1,1.0,1622.89,332.79,1652.47,398.07,-1,cvat_interp
293,24,24,0,1.0,1251.2,725.87,1262.7,736.87,-1,cvat_interp
293,25,25,2,1.0,293.62,341.55,320.22,406.07,-1,cvat_interp
293,26,26,2,1.0,211.15,532.79,256.8,622.97,-1,cvat_interp
294,0,0,2,1.0,853.97,789.15,936.0,913.53,-1,cvat_interp
294,10,10,2,1.0,587.23,499.02,626.09,580.91,-1,cvat_interp
294,11,11,2,1.0,759.84,509.9,810.57,598.17,-1,cvat_interp
294,12,12,2,1.0,856.84,275.66,883.0,334.71,-1,cvat_interp
294,13,13,2,1.0,1053.09,474.53,1090.7,556.42,-1,cvat_interp
294,14,14,2,1.0,1290.5,427.17,1325.17,504.74,-1,cvat_interp
294,15,15,2,1.0,1337.3,607.84,1399.54,696.85,-1,cvat_interp
294,16,16,2,1.0,1305.79,628.52,1358.04,725.56,-1,cvat_interp
294,17,17,2,1.0,1304.92,361.72,1340.2,432.9,-1,cvat_interp
294,18,18,2,1.0,997.9,267.99,1022.33,319.49,-1,cvat_interp
294,19,19,2,1.0,1675.45,817.21,1739.28,939.83,-1,cvat_interp
294,21,21,3,1.0,286.91,501.26,340.13,587.45,-1,cvat_interp
294,22,22,1,1.0,1626.56,333.96,1656.15,399.24,-1,cvat_interp
294,24,24,0,1.0,1246.9,727.77,1258.4,738.77,-1,cvat_interp
294,25,25,2,1.0,301.22,343.03,327.82,407.56,-1,cvat_interp
294,26,26,2,1.0,218.44,534.45,263.24,624.62,-1,cvat_interp
295,0,0,2,1.0,854.51,789.53,935.31,912.1,-1,cvat_interp
295,10,10,2,1.0,592.56,501.35,631.43,584.01,-1,cvat_interp
295,11,11,2,1.0,765.1,512.03,815.84,599.52,-1,cvat_interp
295,12,12,2,1.0,862.39,277.23,888.38,335.83,-1,cvat_interp
295,13,13,2,1.0,1056.77,475.19,1093.85,556.61,-1,cvat_interp
295,14,14,2,1.0,1294.71,427.67,1329.38,505.24,-1,cvat_interp
295,15,15,2,1.0,1333.12,610.2,1395.49,699.5,-1,cvat_interp
295,16,16,2,1.0,1299.94,631.05,1354.18,730.7,-1,cvat_keyframe
295,17,17,2,1.0,1308.1,362.99,1343.35,433.54,-1,cvat_interp
295,18,18,2,1.0,1002.56,269.31,1026.92,320.59,-1,cvat_interp
295,19,19,2,1.0,1674.88,817.46,1741.73,939.32,-1,cvat_interp
295,21,21,3,1.0,291.88,501.57,343.22,587.77,-1,cvat_interp
295,22,22,1,1.0,1630.23,335.12,1659.82,400.4,-1,cvat_interp
295,24,24,0,1.0,1242.59,729.67,1254.09,740.67,-1,cvat_keyframe
295,25,25,2,1.0,308.82,344.52,335.43,409.04,-1,cvat_interp
295,26,26,2,1.0,225.73,536.1,269.68,626.28,-1,cvat_interp
296,0,0,2,1.0,855.06,789.9,934.63,910.67,-1,cvat_keyframe
296,10,10,2,1.0,597.9,503.67,636.76,587.11,-1,cvat_interp
296,11,11,2,1.0,770.37,514.17,821.1,600.86,-1,cvat_interp
296,12,12,2,1.0,867.95,278.81,893.76,336.96,-1,cvat_interp
296,13,13,2,1.0,1060.46,475.84,1097.0,556.81,-1,cvat_interp
296,14,14,2,1.0,1298.93,428.17,1333.59,505.74,-1,cvat_interp
296,15,15,2,1.0,1328.93,612.56,1391.45,702.15,-1,cvat_interp
296,16,16,2,1.0,1294.1,633.58,1350.33,732.77,-1,cvat_interp
296,17,17,2,1.0,1311.28,364.25,1346.51,434.17,-1,cvat_interp
296,18,18,2,1.0,1007.22,270.63,1031.52,321.7,-1,cvat_interp
296,19,19,2,1.0,1674.3,817.71,1744.19,938.8,-1,cvat_keyframe
296,21,21,3,1.0,296.84,501.88,346.31,588.08,-1,cvat_interp
296,22,22,1,1.0,1633.91,336.29,1663.49,401.57,-1,cvat_interp
296,24,24,0,1.0,1239.35,731.5,1250.85,742.5,-1,cvat_interp
296,25,25,2,1.0,316.43,346.0,343.03,410.52,-1,cvat_interp
296,26,26,2,1.0,233.03,537.76,276.13,627.93,-1,cvat_interp
297,0,0,2,1.0,857.62,789.77,935.96,908.74,-1,cvat_interp
297,10,10,2,1.0,603.24,506.0,642.1,590.2,-1,cvat_interp
297,11,11,2,1.0,775.63,516.3,826.37,602.2,-1,cvat_interp
297,12,12,2,1.0,873.51,280.38,899.15,338.08,-1,cvat_interp
297,13,13,2,1.0,1064.14,476.5,1100.15,557.01,-1,cvat_interp
297,14,14,2,1.0,1303.14,428.67,1337.8,506.24,-1,cvat_interp
297,15,15,2,1.0,1324.75,614.92,1387.4,704.8,-1,cvat_keyframe
297,16,16,2,1.0,1288.26,636.11,1346.47,734.84,-1,cvat_interp
297,17,17,2,1.0,1314.46,365.51,1349.67,434.8,-1,cvat_interp
297,18,18,2,1.0,1011.88,271.94,1036.11,322.8,-1,cvat_interp
297,19,19,2,1.0,1677.2,817.96,1746.64,937.7,-1,cvat_keyframe
297,21,21,3,1.0,301.81,502.2,349.41,588.39,-1,cvat_interp
297,22,22,1,1.0,1637.58,337.45,1667.16,402.73,-1,cvat_interp
297,24,24,0,1.0,1236.12,733.33,1247.62,744.33,-1,cvat_interp
297,25,25,2,1.0,324.03,347.48,350.63,412.01,-1,cvat_interp
297,26,26,2,1.0,240.32,539.41,282.57,629.59,-1,cvat_interp
298,0,0,2,1.0,860.19,789.64,937.3,906.8,-1,cvat_keyframe
298,10,10,2,1.0,608.58,508.32,647.43,593.3,-1,cvat_keyframe
298,11,11,2,1.0,780.9,518.43,831.63,603.54,-1,cvat_interp
298,12,12,2,1.0,879.06,281.95,904.53,339.21,-1,cvat_keyframe
298,13,13,2,1.0,1067.82,477.16,1103.3,557.21,-1,cvat_interp
298,14,14,2,1.0,1307.35,429.17,1342.02,506.74,-1,cvat_interp
298,15,15,2,1.0,1320.57,617.28,1377.9,707.5,-1,cvat_keyframe
298,16,16,2,1.0,1282.41,638.64,1342.61,736.92,-1,cvat_interp
298,17,17,2,1.0,1317.64,366.77,1352.83,435.43,-1,cvat_interp
298,18,18,2,1.0,1016.54,273.26,1040.7,323.9,-1,cvat_keyframe
298,19,19,2,1.0,1680.9,818.21,1749.1,936.6,-1,cvat_keyframe
298,21,21,3,1.0,306.77,502.51,352.5,588.7,-1,cvat_keyframe
298,22,22,1,1.0,1641.25,338.62,1670.84,403.9,-1,cvat_interp
298,24,24,0,1.0,1232.88,735.16,1244.38,746.16,-1,cvat_interp
298,25,25,2,1.0,331.63,348.97,358.23,413.49,-1,cvat_interp
298,26,26,2,1.0,247.61,541.07,289.01,631.24,-1,cvat_interp
299,0,0,2,1.0,861.24,789.89,924.65,906.59,-1,cvat_keyframe
299,10,10,2,1.0,613.92,510.65,652.77,592.8,-1,cvat_interp
299,11,11,2,1.0,786.16,520.57,836.89,604.88,-1,cvat_interp
299,12,12,2,1.0,884.37,283.08,909.67,339.88,-1,cvat_interp
299,13,13,2,1.0,1071.5,477.82,1106.45,557.4,-1,cvat_interp
299,14,14,2,1.0,1311.56,429.67,1346.23,507.24,-1,cvat_interp
299,15,15,2,1.0,1316.38,619.64,1368.4,710.95,-1,cvat_interp
299,16,16,2,1.0,1276.57,641.17,1338.76,738.99,-1,cvat_interp
299,17,17,2,1.0,1320.82,368.04,1355.98,436.07,-1,cvat_interp
299,18,18,2,1.0,1021.2,274.58,1042.98,325.1,-1,cvat_interp
299,19,19,2,1.0,1683.47,818.45,1749.6,935.75,-1,cvat_interp
299,21,21,3,1.0,311.74,502.82,353.3,589.02,-1,cvat_interp
299,22,22,1,1.0,1644.93,339.78,1674.51,405.06,-1,cvat_interp
299,24,24,0,1.0,1229.64,737.0,1241.14,748.0,-1,cvat_interp
299,25,25,2,1.0,339.23,350.45,365.83,414.97,-1,cvat_interp
299,26,26,2,1.0,254.91,542.72,295.46,632.9,-1,cvat_interp
300,0,0,2,1.0,860.9,790.14,921.7,905.18,-1,cvat_keyframe
300,10,10,2,1.0,619.26,512.97,658.1,592.3,-1,cvat_keyframe
300,11,11,2,1.0,791.43,522.7,842.16,606.22,-1,cvat_keyframe
300,12,12,2,1.0,889.68,284.2,914.8,340.55,-1,cvat_keyframe
300,13,13,2,1.0,1075.18,478.47,1109.6,557.6,-1,cvat_keyframe
300,14,14,2,1.0,1315.78,430.17,1350.44,507.74,-1,cvat_keyframe
300,15,15,2,1.0,1312.2,622.0,1358.9,714.4,-1,cvat_keyframe
300,16,16,2,1.0,1270.72,643.7,1334.9,741.06,-1,cvat_keyframe
300,17,17,2,1.0,1324.0,369.3,1359.14,436.7,-1,cvat_keyframe
300,18,18,2,1.0,1025.86,275.9,1045.26,326.3,-1,cvat_keyframe
300,19,19,2,1.0,1686.04,818.7,1750.1,934.9,-1,cvat_keyframe
300,21,21,3,1.0,316.7,503.14,354.1,589.34,-1,cvat_keyframe
300,22,22,1,1.0,1648.6,340.95,1678.18,406.23,-1,cvat_keyframe
300,24,24,0,1.0,1226.4,738.83,1237.9,749.83,-1,cvat_keyframe
300,25,25,2,1.0,346.83,351.93,373.43,416.45,-1,cvat_keyframe
300,26,26,2,1.0,262.2,544.38,301.9,634.55,-1,cvat_keyframe
301,0,0,2,1.0,858.25,788.98,920.79,904.07,-1,cvat_interp
301,10,10,2,1.0,624.71,515.8,663.55,595.13,-1,cvat_interp
301,11,11,2,1.0,794.69,524.07,845.42,607.59,-1,cvat_interp
301,12,12,2,1.0,894.77,285.22,919.89,341.57,-1,cvat_interp
301,13,13,2,1.0,1078.44,479.68,1112.86,558.8,-1,cvat_interp
301,14,14,2,1.0,1319.51,431.81,1354.18,509.38,-1,cvat_interp
301,15,15,2,1.0,1305.54,624.59,1353.76,716.99,-1,cvat_interp
301,16,16,2,1.0,1265.24,646.35,1329.42,743.71,-1,cvat_interp
301,17,17,2,1.0,1327.27,370.18,1362.41,437.58,-1,cvat_interp
301,18,18,2,1.0,1030.12,277.14,1049.52,327.54,-1,cvat_interp
301,19,19,2,1.0,1685.98,819.52,1750.04,935.72,-1,cvat_interp
301,21,21,3,1.0,320.99,503.7,358.69,589.85,-1,cvat_interp
301,22,22,1,1.0,1652.84,342.08,1682.43,407.36,-1,cvat_interp
301,24,24,0,1.0,1224.11,740.21,1235.78,751.35,-1,cvat_interp
301,25,25,2,1.0,353.87,352.96,380.47,417.48,-1,cvat_interp
301,26,26,2,1.0,267.65,546.48,307.74,636.7,-1,cvat_interp
302,0,0,2,1.0,855.6,787.82,919.88,902.95,-1,cvat_interp
302,10,10,2,1.0,630.16,518.64,669.0,597.97,-1,cvat_interp
302,11,11,2,1.0,797.95,525.45,848.68,608.97,-1,cvat_interp
302,12,12,2,1.0,899.86,286.24,924.98,342.59,-1,cvat_interp
302,13,13,2,1.0,1081.7,480.88,1116.12,560.0,-1,cvat_interp
302,14,14,2,1.0,1323.25,433.45,1357.91,511.03,-1,cvat_interp
302,15,15,2,1.0,1298.87,627.17,1348.62,719.58,-1,cvat_interp
302,16,16,2,1.0,1259.76,649.0,1323.93,746.36,-1,cvat_interp
302,17,17,2,1.0,1330.53,371.06,1365.68,438.46,-1,cvat_interp
302,18,18,2,1.0,1034.38,278.38,1053.78,328.78,-1,cvat_interp
302,19,19,2,1.0,1685.92,820.34,1749.98,936.54,-1,cvat_interp
302,21,21,3,1.0,325.29,504.25,363.28,590.37,-1,cvat_interp
302,22,22,1,1.0,1657.09,343.22,1686.67,408.5,-1,cvat_interp
302,24,24,0,1.0,1221.82,741.58,1233.66,752.88,-1,cvat_interp
302,25,25,2,1.0,360.91,353.99,387.51,418.52,-1,cvat_interp
302,26,26,2,1.0,273.1,548.59,313.58,638.84,-1,cvat_interp
303,0,0,2,1.0,852.95,786.66,918.96,901.83,-1,cvat_interp
303,10,10,2,1.0,635.61,521.47,674.46,600.8,-1,cvat_interp
303,11,11,2,1.0,801.21,526.82,851.95,610.34,-1,cvat_interp
303,12,12,2,1.0,904.95,287.25,930.06,343.6,-1,cvat_interp
303,13,13,2,1.0,1084.97,482.08,1119.39,561.21,-1,cvat_interp
303,14,14,2,1.0,1326.98,435.1,1361.65,512.67,-1,cvat_interp
303,15,15,2,1.0,1292.21,629.76,1343.48,722.17,-1,cvat_interp
303,16,16,2,1.0,1254.27,651.65,1318.45,749.01,-1,cvat_interp
303,17,17,2,1.0,1333.8,371.93,1368.94,439.33,-1,cvat_interp
303,18,18,2,1.0,1038.64,279.63,1058.04,330.03,-1,cvat_interp
303,19,19,2,1.0,1685.87,821.16,1749.92,937.36,-1,cvat_interp
303,21,21,3,1.0,329.58,504.81,367.87,590.89,-1,cvat_interp
303,22,22,1,1.0,1661.33,344.35,1690.92,409.63,-1,cvat_interp
303,24,24,0,1.0,1219.53,742.96,1231.54,754.41,-1,cvat_interp
303,25,25,2,1.0,367.95,355.02,394.55,419.55,-1,cvat_interp
303,26,26,2,1.0,278.55,550.69,319.41,640.99,-1,cvat_interp
304,0,0,2,1.0,850.3,785.49,918.05,900.71,-1,cvat_interp
304,10,10,2,1.0,641.06,524.3,679.91,603.63,-1,cvat_interp
304,11,11,2,1.0,804.48,528.19,855.21,611.72,-1,cvat_interp
304,12,12,2,1.0,910.03,288.27,935.15,344.62,-1,cvat_interp
304,13,13,2,1.0,1088.23,483.28,1122.65,562.41,-1,cvat_interp
304,14,14,2,1.0,1330.72,436.74,1365.38,514.31,-1,cvat_interp
304,15,15,2,1.0,1285.55,632.34,1338.34,724.76,-1,cvat_interp
304,16,16,2,1.0,1248.79,654.3,1312.96,751.66,-1,cvat_interp
304,17,17,2,1.0,1337.07,372.81,1372.21,440.21,-1,cvat_interp
304,18,18,2,1.0,1042.9,280.87,1062.3,331.27,-1,cvat_interp
304,19,19,2,1.0,1685.81,821.98,1749.87,938.18,-1,cvat_interp
304,21,21,3,1.0,333.87,505.37,372.46,591.4,-1,cvat_interp
304,22,22,1,1.0,1665.57,345.49,1695.16,410.77,-1,cvat_interp
304,24,24,0,1.0,1217.24,744.34,1229.42,755.93,-1,cvat_interp
304,25,25,2,1.0,374.99,356.05,401.59,420.58,-1,cvat_interp
304,26,26,2,1.0,284.0,552.79,325.25,643.13,-1,cvat_interp
305,0,0,2,1.0,847.65,784.33,917.14,899.59,-1,cvat_interp
305,10,10,2,1.0,646.52,527.14,685.36,606.47,-1,cvat_interp
305,11,11,2,1.0,807.74,529.57,858.47,613.09,-1,cvat_interp
305,12,12,2,1.0,915.12,289.29,940.24,345.64,-1,cvat_interp
305,13,13,2,1.0,1091.49,484.48,1125.91,563.61,-1,cvat_interp
305,14,14,2,1.0,1334.45,438.39,1369.12,515.96,-1,cvat_interp
305,15,15,2,1.0,1278.88,634.93,1333.2,727.35,-1,cvat_interp
305,16,16,2,1.0,1243.31,656.95,1307.48,754.31,-1,cvat_interp
305,17,17,2,1.0,1340.34,373.69,1375.48,441.09,-1,cvat_interp
305,18,18,2,1.0,1047.16,282.11,1066.56,332.51,-1,cvat_interp
305,19,19,2,1.0,1685.75,822.8,1749.81,939.0,-1,cvat_interp
305,21,21,3,1.0,338.16,505.93,377.05,591.92,-1,cvat_interp
305,22,22,1,1.0,1669.82,346.62,1699.4,411.9,-1,cvat_interp
305,24,24,0,1.0,1214.95,745.72,1227.3,757.46,-1,cvat_interp
305,25,25,2,1.0,382.03,357.08,408.63,421.61,-1,cvat_interp
305,26,26,2,1.0,289.45,554.9,331.09,645.28,-1,cvat_interp
306,0,0,2,1.0,845.0,783.17,916.23,898.47,-1,cvat_interp
306,10,10,2,1.0,651.97,529.97,690.81,609.3,-1,cvat_interp
306,11,11,2,1.0,811.0,530.94,861.73,614.46,-1,cvat_interp
306,12,12,2,1.0,920.21,290.31,945.33,346.66,-1,cvat_interp
306,13,13,2,1.0,1094.75,485.69,1129.17,564.81,-1,cvat_interp
306,14,14,2,1.0,1338.19,440.03,1372.85,517.6,-1,cvat_interp
306,15,15,2,1.0,1272.22,637.51,1328.06,729.94,-1,cvat_interp
306,16,16,2,1.0,1237.82,659.6,1302.0,756.96,-1,cvat_interp
306,17,17,2,1.0,1343.6,374.57,1378.74,441.97,-1,cvat_interp
306,18,18,2,1.0,1051.42,283.35,1070.82,333.75,-1,cvat_interp
306,19,19,2,1.0,1685.69,823.62,1749.75,939.82,-1,cvat_interp
306,21,21,3,1.0,342.46,506.49,381.64,592.44,-1,cvat_interp
306,22,22,1,1.0,1674.06,347.76,1703.65,413.04,-1,cvat_interp
306,24,24,0,1.0,1212.66,747.1,1225.17,758.98,-1,cvat_interp
306,25,25,2,1.0,389.07,358.11,415.67,422.64,-1,cvat_interp
306,26,26,2,1.0,294.9,557.0,336.93,647.42,-1,cvat_interp
307,0,0,2,1.0,842.35,782.01,915.31,897.36,-1,cvat_interp
307,10,10,2,1.0,657.42,532.8,696.26,612.13,-1,cvat_interp
307,11,11,2,1.0,814.26,532.32,865.0,615.84,-1,cvat_interp
307,12,12,2,1.0,925.3,291.32,950.42,347.67,-1,cvat_interp
307,13,13,2,1.0,1098.02,486.89,1132.44,566.01,-1,cvat_interp
307,14,14,2,1.0,1341.92,441.67,1376.59,519.24,-1,cvat_interp
307,15,15,2,1.0,1265.56,640.1,1322.92,732.53,-1,cvat_interp
307,16,16,2,1.0,1232.34,662.25,1296.51,759.61,-1,cvat_interp
307,17,17,2,1.0,1346.87,375.44,1382.01,442.84,-1,cvat_interp
307,18,18,2,1.0,1055.68,284.6,1075.08,335.0,-1,cvat_interp
307,19,19,2,1.0,1685.63,824.44,1749.69,940.64,-1,cvat_interp
307,21,21,3,1.0,346.75,507.04,386.23,592.95,-1,cvat_interp
307,22,22,1,1.0,1678.31,348.89,1707.89,414.17,-1,cvat_interp
307,24,24,0,1.0,1210.37,748.47,1223.05,760.51,-1,cvat_interp
307,25,25,2,1.0,396.11,359.14,422.71,423.67,-1,cvat_interp
307,26,26,2,1.0,300.35,559.1,342.77,649.57,-1,cvat_interp
308,0,0,2,1.0,839.7,780.85,914.4,896.24,-1,cvat_interp
308,10,10,2,1.0,662.87,535.64,701.71,614.97,-1,cvat_interp
308,11,11,2,1.0,817.53,533.69,868.26,617.21,-1,cvat_interp
308,12,12,2,1.0,930.39,292.34,955.5,348.69,-1,cvat_interp
308,13,13,2,1.0,1101.28,488.09,1135.7,567.22,-1,cvat_interp
308,14,14,2,1.0,1345.66,443.32,1380.32,520.89,-1,cvat_interp
308,15,15,2,1.0,1258.89,642.69,1317.78,735.12,-1,cvat_interp
308,16,16,2,1.0,1226.85,664.9,1291.03,762.26,-1,cvat_interp
308,17,17,2,1.0,1350.14,376.32,1385.28,443.72,-1,cvat_interp
308,18,18,2,1.0,1059.94,285.84,1079.34,336.24,-1,cvat_interp
308,19,19,2,1.0,1685.57,825.25,1749.63,941.45,-1,cvat_interp
308,21,21,3,1.0,351.04,507.6,390.82,593.47,-1,cvat_interp
308,22,22,1,1.0,1682.55,350.03,1712.14,415.31,-1,cvat_interp
308,24,24,0,1.0,1208.08,749.85,1220.93,762.04,-1,cvat_interp
308,25,25,2,1.0,403.15,360.17,429.75,424.7,-1,cvat_interp
308,26,26,2,1.0,305.8,561.21,348.61,651.71,-1,cvat_interp
309,0,0,2,1.0,837.05,779.69,913.49,895.12,-1,cvat_interp
309,10,10,2,1.0,668.32,538.47,707.17,617.8,-1,cvat_interp
309,11,11,2,1.0,820.79,535.06,871.52,618.58,-1,cvat_interp
309,12,12,2,1.0,935.47,293.36,960.59,349.71,-1,cvat_interp
309,13,13,2,1.0,1104.54,489.29,1138.96,568.42,-1,cvat_interp
309,14,14,2,1.0,1349.39,444.96,1384.06,522.53,-1,cvat_interp
309,15,15,2,1.0,1252.23,645.27,1312.64,737.71,-1,cvat_interp
309,16,16,2,1.0,1221.37,667.55,1285.55,764.91,-1,cvat_interp
309,17,17,2,1.0,1353.41,377.2,1388.55,444.6,-1,cvat_interp
309,18,18,2,1.0,1064.2,287.08,1083.6,337.48,-1,cvat_interp
309,19,19,2,1.0,1685.51,826.07,1749.57,942.27,-1,cvat_interp
309,21,21,3,1.0,355.34,508.16,395.41,593.98,-1,cvat_interp
309,22,22,1,1.0,1686.8,351.16,1716.38,416.44,-1,cvat_interp
309,24,24,0,1.0,1205.79,751.23,1218.81,763.56,-1,cvat_interp
309,25,25,2,1.0,410.19,361.2,436.79,425.73,-1,cvat_interp
309,26,26,2,1.0,311.25,563.31,354.44,653.86,-1,cvat_interp
310,0,0,2,1.0,834.4,778.53,912.58,894.0,-1,cvat_keyframe
310,10,10,2,1.0,673.78,541.3,712.62,620.63,-1,cvat_keyframe
310,11,11,2,1.0,824.05,536.44,874.78,619.96,-1,cvat_keyframe
310,12,12,2,1.0,940.56,294.38,965.68,350.73,-1,cvat_keyframe
310,13,13,2,1.0,1107.8,490.49,1142.22,569.62,-1,cvat_keyframe
310,14,14,2,1.0,1353.12,446.61,1387.79,524.18,-1,cvat_keyframe
310,15,15,2,1.0,1245.57,647.86,1307.5,740.3,-1,cvat_keyframe
310,16,16,2,1.0,1215.89,670.2,1280.06,767.56,-1,cvat_keyframe
310,17,17,2,1.0,1356.67,378.08,1391.81,445.48,-1,cvat_keyframe
310,18,18,2,1.0,1068.46,288.32,1087.86,338.72,-1,cvat_keyframe
310,19,19,2,1.0,1685.46,826.89,1749.52,943.09,-1,cvat_keyframe
310,21,21,3,1.0,359.63,508.72,400.0,594.5,-1,cvat_keyframe
310,22,22,1,1.0,1691.04,352.3,1720.62,417.58,-1,cvat_keyframe
310,24,24,0,1.0,1203.5,752.61,1216.69,765.09,-1,cvat_keyframe
310,25,25,2,1.0,417.23,362.23,443.83,426.76,-1,cvat_keyframe
310,26,26,2,1.0,316.7,565.41,360.28,656.0,-1,cvat_keyframe
310,27,27,2,1.0,0.0,328.37,13.4,387.8,-1,cvat_keyframe
311,0,0,2,1.0,840.9,778.53,915.8,892.9,-1,cvat_keyframe
311,10,10,2,1.0,681.47,541.3,720.31,620.63,-1,cvat_keyframe
311,11,11,2,1.0,832.33,534.66,883.07,618.18,-1,cvat_keyframe
311,12,12,2,1.0,948.74,295.28,973.85,351.64,-1,cvat_keyframe
311,13,13,2,1.0,1114.25,490.61,1148.67,569.74,-1,cvat_interp
311,14,14,2,1.0,1359.23,445.2,1393.9,522.77,-1,cvat_keyframe
311,15,15,2,1.0,1245.57,650.6,1307.5,740.3,-1,cvat_keyframe
311,16,16,2,1.0,1207.9,670.2,1282.2,767.2,-1,cvat_keyframe
311,17,17,2,1.0,1363.43,377.89,1398.57,445.29,-1,cvat_interp
311,18,18,2,1.0,1076.47,291.15,1095.87,341.55,-1,cvat_keyframe
311,19,19,2,1.0,1693.98,826.89,1758.04,943.09,-1,cvat_keyframe
311,21,21,3,1.0,363.3,515.2,403.67,593.37,-1,cvat_keyframe
311,22,22,1,1.0,1697.5,352.01,1727.08,417.28,-1,cvat_keyframe
311,24,24,0,1.0,1199.1,753.56,1212.29,766.04,-1,cvat_keyframe
311,25,25,2,1.0,426.28,366.1,452.88,427.08,-1,cvat_keyframe
311,26,26,2,1.0,325.17,565.1,368.2,660.0,-1,cvat_keyframe
311,27,27,2,1.0,0.0,328.37,28.2,385.0,-1,cvat_keyframe
312,0,0,2,1.0,845.05,776.59,919.95,890.96,-1,cvat_interp
312,10,10,2,1.0,687.3,543.86,727.48,623.08,-1,cvat_interp
312,11,11,2,1.0,839.26,535.28,890.29,619.11,-1,cvat_interp
312,12,12,2,1.0,957.36,294.95,982.48,351.3,-1,cvat_interp
312,13,13,2,1.0,1120.7,490.73,1155.12,569.86,-1,cvat_interp
312,14,14,2,1.0,1367.4,445.09,1402.06,522.66,-1,cvat_interp
312,15,15,2,1.0,1241.47,652.73,1304.16,743.2,-1,cvat_interp
312,16,16,2,1.0,1204.49,671.09,1279.1,768.52,-1,cvat_interp
312,17,17,2,1.0,1370.19,377.7,1405.33,445.1,-1,cvat_interp
312,18,18,2,1.0,1084.59,291.02,1103.99,341.42,-1,cvat_interp
312,19,19,2,1.0,1698.51,826.08,1762.57,942.99,-1,cvat_interp
312,21,21,3,1.0,370.54,514.73,410.91,592.9,-1,cvat_interp
312,22,22,1,1.0,1706.29,352.3,1735.88,417.58,-1,cvat_interp
312,24,24,0,1.0,1192.55,754.05,1205.73,766.53,-1,cvat_interp
312,25,25,2,1.0,435.61,366.05,462.21,427.03,-1,cvat_interp
312,26,26,2,1.0,334.24,565.98,377.27,660.88,-1,cvat_interp
312,27,27,2,1.0,11.13,327.31,39.33,383.94,-1,cvat_interp
313,0,0,2,1.0,849.19,774.65,924.09,889.02,-1,cvat_interp
313,10,10,2,1.0,693.13,546.42,734.66,625.52,-1,cvat_interp
313,11,11,2,1.0,846.18,535.91,897.5,620.04,-1,cvat_interp
313,12,12,2,1.0,965.99,294.62,991.11,350.97,-1,cvat_interp
313,13,13,2,1.0,1127.15,490.85,1161.57,569.98,-1,cvat_interp
313,14,14,2,1.0,1375.56,444.99,1410.23,522.56,-1,cvat_interp
313,15,15,2,1.0,1237.36,654.86,1300.83,746.1,-1,cvat_interp
313,16,16,2,1.0,1201.08,671.98,1276.0,769.84,-1,cvat_interp
313,17,17,2,1.0,1376.94,377.51,1412.08,444.91,-1,cvat_interp
313,18,18,2,1.0,1092.72,290.89,1112.12,341.29,-1,cvat_interp
313,19,19,2,1.0,1703.04,825.27,1767.1,942.89,-1,cvat_interp
313,21,21,3,1.0,377.79,514.26,418.16,592.43,-1,cvat_interp
313,22,22,1,1.0,1715.09,352.6,1744.67,417.88,-1,cvat_interp
313,24,24,0,1.0,1185.99,754.54,1199.18,767.02,-1,cvat_interp
313,25,25,2,1.0,444.95,365.99,471.55,426.97,-1,cvat_interp
313,26,26,2,1.0,343.31,566.87,386.34,661.77,-1,cvat_interp
313,27,27,2,1.0,22.26,326.25,50.46,382.88,-1,cvat_interp
314,0,0,2,1.0,853.34,772.71,928.24,887.08,-1,cvat_interp
314,10,10,2,1.0,698.95,548.98,741.83,627.97,-1,cvat_interp
314,11,11,2,1.0,853.1,536.53,904.72,620.96,-1,cvat_interp
314,12,12,2,1.0,974.62,294.29,999.73,350.64,-1,cvat_interp
314,13,13,2,1.0,1133.6,490.97,1168.02,570.1,-1,cvat_interp
314,14,14,2,1.0,1383.73,444.88,1418.39,522.45,-1,cvat_interp
314,15,15,2,1.0,1233.26,656.99,1297.49,749.0,-1,cvat_interp
314,16,16,2,1.0,1197.67,672.87,1272.9,771.16,-1,cvat_interp
314,17,17,2,1.0,1383.7,377.32,1418.84,444.72,-1,cvat_interp
314,18,18,2,1.0,1100.85,290.76,1120.25,341.16,-1,cvat_interp
314,19,19,2,1.0,1707.57,824.46,1771.63,942.78,-1,cvat_interp
314,21,21,3,1.0,385.03,513.79,425.4,591.96,-1,cvat_interp
314,22,22,1,1.0,1723.88,352.9,1753.47,418.18,-1,cvat_interp
314,24,24,0,1.0,1179.44,755.03,1192.62,767.51,-1,cvat_interp
314,25,25,2,1.0,454.29,365.94,480.89,426.92,-1,cvat_interp
314,26,26,2,1.0,352.38,567.75,395.41,662.65,-1,cvat_interp
314,27,27,2,1.0,33.39,325.19,61.59,381.82,-1,cvat_interp
315,0,0,2,1.0,857.48,770.77,932.38,885.14,-1,cvat_interp
315,10,10,2,1.0,704.78,551.54,749.01,630.42,-1,cvat_interp
315,11,11,2,1.0,860.02,537.15,911.94,621.89,-1,cvat_interp
315,12,12,2,1.0,983.24,293.95,1008.36,350.3,-1,cvat_interp
315,13,13,2,1.0,1140.04,491.09,1174.47,570.22,-1,cvat_interp
315,14,14,2,1.0,1391.89,444.78,1426.56,522.35,-1,cvat_interp
315,15,15,2,1.0,1229.16,659.12,1294.15,751.9,-1,cvat_interp
315,16,16,2,1.0,1194.26,673.76,1269.8,772.48,-1,cvat_interp
315,17,17,2,1.0,1390.45,377.13,1425.59,444.53,-1,cvat_interp
315,18,18,2,1.0,1108.98,290.63,1128.38,341.03,-1,cvat_interp
315,19,19,2,1.0,1712.1,823.65,1776.16,942.68,-1,cvat_interp
315,21,21,3,1.0,392.27,513.32,432.64,591.49,-1,cvat_interp
315,22,22,1,1.0,1732.67,353.2,1762.26,418.48,-1,cvat_interp
315,24,24,0,1.0,1172.88,755.52,1186.07,768.0,-1,cvat_interp
315,25,25,2,1.0,463.63,365.89,490.23,426.87,-1,cvat_interp
315,26,26,2,1.0,361.45,568.63,404.48,663.53,-1,cvat_interp
315,27,27,2,1.0,44.52,324.13,72.72,380.76,-1,cvat_interp
316,0,0,2,1.0,861.63,768.83,936.53,883.2,-1,cvat_interp
316,10,10,2,1.0,710.61,554.1,756.18,632.86,-1,cvat_interp
316,11,11,2,1.0,866.94,537.78,919.15,622.82,-1,cvat_interp
316,12,12,2,1.0,991.87,293.62,1016.99,349.97,-1,cvat_interp
316,13,13,2,1.0,1146.49,491.21,1180.91,570.34,-1,cvat_interp
316,14,14,2,1.0,1400.05,444.67,1434.72,522.24,-1,cvat_interp
316,15,15,2,1.0,1225.06,661.25,1290.81,754.8,-1,cvat_interp
316,16,16,2,1.0,1190.85,674.65,1266.7,773.8,-1,cvat_interp
316,17,17,2,1.0,1397.21,376.94,1432.35,444.34,-1,cvat_interp
316,18,18,2,1.0,1117.11,290.5,1136.51,340.9,-1,cvat_interp
316,19,19,2,1.0,1716.63,822.84,1780.69,942.58,-1,cvat_interp
316,21,21,3,1.0,399.52,512.84,439.89,591.02,-1,cvat_interp
316,22,22,1,1.0,1741.47,353.5,1771.05,418.78,-1,cvat_interp
316,24,24,0,1.0,1166.33,756.01,1179.52,768.49,-1,cvat_interp
316,25,25,2,1.0,472.97,365.83,499.57,426.81,-1,cvat_interp
316,26,26,2,1.0,370.52,569.52,413.55,664.42,-1,cvat_interp
316,27,27,2,1.0,55.65,323.07,83.85,379.7,-1,cvat_interp
317,0,0,2,1.0,865.78,766.89,940.68,881.26,-1,cvat_interp
317,10,10,2,1.0,716.44,556.66,763.35,635.31,-1,cvat_interp
317,11,11,2,1.0,873.86,538.4,926.37,623.75,-1,cvat_interp
317,12,12,2,1.0,1000.5,293.29,1025.62,349.64,-1,cvat_interp
317,13,13,2,1.0,1152.94,491.33,1187.36,570.46,-1,cvat_interp
317,14,14,2,1.0,1408.22,444.57,1442.88,522.14,-1,cvat_interp
317,15,15,2,1.0,1220.95,663.38,1287.48,757.7,-1,cvat_interp
317,16,16,2,1.0,1187.44,675.54,1263.6,775.12,-1,cvat_interp
317,17,17,2,1.0,1403.97,376.75,1439.11,444.15,-1,cvat_interp
317,18,18,2,1.0,1125.23,290.38,1144.63,340.78,-1,cvat_interp
317,19,19,2,1.0,1721.17,822.02,1785.23,942.48,-1,cvat_interp
317,21,21,3,1.0,406.76,512.37,447.13,590.54,-1,cvat_interp
317,22,22,1,1.0,1750.26,353.79,1779.85,419.07,-1,cvat_interp
317,24,24,0,1.0,1159.77,756.5,1172.96,768.98,-1,cvat_interp
317,25,25,2,1.0,482.3,365.78,508.9,426.76,-1,cvat_interp
317,26,26,2,1.0,379.58,570.4,422.61,665.3,-1,cvat_interp
317,27,27,2,1.0,66.78,322.01,94.98,378.64,-1,cvat_interp
318,0,0,2,1.0,869.92,764.95,944.82,879.33,-1,cvat_interp
318,10,10,2,1.0,722.27,559.22,770.53,637.75,-1,cvat_interp
318,11,11,2,1.0,880.78,539.02,933.59,624.67,-1,cvat_interp
318,12,12,2,1.0,1009.13,292.95,1034.24,349.31,-1,cvat_interp
318,13,13,2,1.0,1159.39,491.45,1193.81,570.58,-1,cvat_interp
318,14,14,2,1.0,1416.38,444.47,1451.05,522.04,-1,cvat_interp
318,15,15,2,1.0,1216.85,665.51,1284.14,760.6,-1,cvat_interp
318,16,16,2,1.0,1184.03,676.43,1260.5,776.44,-1,cvat_interp
318,17,17,2,1.0,1410.72,376.56,1445.86,443.96,-1,cvat_interp
318,18,18,2,1.0,1133.36,290.25,1152.76,340.65,-1,cvat_interp
318,19,19,2,1.0,1725.7,821.21,1789.76,942.37,-1,cvat_interp
318,21,21,3,1.0,414.0,511.9,454.37,590.07,-1,cvat_interp
318,22,22,1,1.0,1759.06,354.09,1788.64,419.37,-1,cvat_interp
318,24,24,0,1.0,1153.22,756.99,1166.41,769.47,-1,cvat_interp
318,25,25,2,1.0,491.64,365.73,518.24,426.71,-1,cvat_interp
318,26,26,2,1.0,388.65,571.28,431.68,666.18,-1,cvat_interp
318,27,27,2,1.0,77.91,320.95,106.11,377.58,-1,cvat_interp
319,0,0,2,1.0,874.07,763.01,948.97,877.39,-1,cvat_interp
319,10,10,2,1.0,728.1,561.78,777.7,640.2,-1,cvat_keyframe
319,11,11,2,1.0,887.7,539.65,940.8,625.6,-1,cvat_keyframe
319,12,12,2,1.0,1017.75,292.62,1042.87,348.97,-1,cvat_interp
319,13,13,2,1.0,1165.84,491.57,1200.26,570.7,-1,cvat_interp
319,14,14,2,1.0,1424.55,444.36,1459.21,521.93,-1,cvat_interp
319,15,15,2,1.0,1212.75,667.64,1280.8,763.5,-1,cvat_keyframe
319,16,16,2,1.0,1180.62,677.32,1257.4,777.76,-1,cvat_interp
319,17,17,2,1.0,1417.48,376.36,1452.62,443.76,-1,cvat_interp
319,18,18,2,1.0,1141.49,290.12,1160.89,340.52,-1,cvat_interp
319,19,19,2,1.0,1730.23,820.4,1794.29,942.27,-1,cvat_keyframe
319,21,21,3,1.0,421.25,511.43,461.62,589.6,-1,cvat_interp
319,22,22,1,1.0,1767.85,354.39,1797.44,419.67,-1,cvat_interp
319,24,24,0,1.0,1146.66,757.47,1159.85,769.95,-1,cvat_keyframe
319,25,25,2,1.0,500.98,365.67,527.58,426.65,-1,cvat_interp
319,26,26,2,1.0,397.72,572.17,440.75,667.07,-1,cvat_interp
319,27,27,2,1.0,89.04,319.89,117.24,376.52,-1,cvat_interp
319,28,28,2,1.0,0.0,453.5,18.27,529.34,-1,cvat_keyframe
319,29,29,2,1.0,0.0,396.27,21.38,464.27,-1,cvat_keyframe
320,0,0,2,1.0,878.22,761.07,953.12,875.45,-1,cvat_interp
320,10,10,2,1.0,737.2,564.34,784.4,647.65,-1,cvat_interp
320,11,11,2,1.0,896.1,540.27,948.02,625.01,-1,cvat_interp
320,12,12,2,1.0,1026.38,292.29,1051.5,348.64,-1,cvat_interp
320,13,13,2,1.0,1172.29,491.69,1206.71,570.82,-1,cvat_keyframe
320,14,14,2,1.0,1432.71,444.26,1467.38,521.83,-1,cvat_interp
320,15,15,2,1.0,1208.65,669.77,1274.8,766.41,-1,cvat_interp
320,16,16,2,1.0,1177.21,678.21,1254.3,779.08,-1,cvat_interp
320,17,17,2,1.0,1424.23,376.17,1459.37,443.57,-1,cvat_interp
320,18,18,2,1.0,1149.62,289.99,1169.02,340.39,-1,cvat_keyframe
320,19,19,2,1.0,1734.76,823.13,1798.82,942.17,-1,cvat_interp
320,21,21,3,1.0,428.49,510.96,468.86,589.13,-1,cvat_interp
320,22,22,1,1.0,1776.65,354.69,1806.23,419.97,-1,cvat_interp
320,24,24,0,1.0,1143.47,757.07,1156.66,769.55,-1,cvat_interp
320,25,25,2,1.0,510.32,365.62,536.92,426.6,-1,cvat_interp
320,26,26,2,1.0,406.79,573.05,449.82,667.95,-1,cvat_interp
320,27,27,2,1.0,100.17,318.83,128.37,375.46,-1,cvat_interp
320,28,28,2,1.0,4.6,451.6,31.9,526.4,-1,cvat_keyframe
320,29,29,2,1.0,6.6,397.05,34.2,465.04,-1,cvat_keyframe
321,0,0,2,1.0,882.36,759.13,957.26,873.51,-1,cvat_keyframe
321,10,10,2,1.0,746.3,566.9,791.1,655.1,-1,cvat_keyframe
321,11,11,2,1.0,904.5,540.89,955.23,624.41,-1,cvat_keyframe
321,12,12,2,1.0,1035.01,291.96,1060.13,348.31,-1,cvat_keyframe
321,13,13,2,1.0,1179.01,488.82,1213.43,567.94,-1,cvat_keyframe
321,14,14,2,1.0,1440.88,444.15,1475.54,521.72,-1,cvat_keyframe
321,15,15,2,1.0,1204.55,671.9,1268.8,769.32,-1,cvat_keyframe
321,16,16,2,1.0,1173.8,679.1,1251.2,780.4,-1,cvat_keyframe
321,17,17,2,1.0,1430.99,375.98,1466.13,443.38,-1,cvat_keyframe
321,18,18,2,1.0,1154.59,289.98,1173.99,340.38,-1,cvat_keyframe
321,19,19,2,1.0,1739.29,825.86,1803.35,942.06,-1,cvat_keyframe
321,21,21,3,1.0,435.73,510.49,476.11,588.66,-1,cvat_keyframe
321,22,22,1,1.0,1785.44,354.99,1815.03,420.27,-1,cvat_keyframe
321,24,24,0,1.0,1140.28,756.66,1153.46,769.14,-1,cvat_keyframe
321,25,25,2,1.0,519.66,365.57,546.26,426.54,-1,cvat_keyframe
321,26,26,2,1.0,415.86,573.93,458.89,668.83,-1,cvat_keyframe
321,27,27,2,1.0,111.3,317.77,139.5,374.4,-1,cvat_keyframe
321,28,28,2,1.0,10.7,449.03,41.26,523.83,-1,cvat_keyframe
321,29,29,2,1.0,15.49,396.12,43.09,464.11,-1,cvat_keyframe
322,0,0,2,1.0,888.31,757.46,962.42,871.42,-1,cvat_interp
322,10,10,2,1.0,756.6,567.52,804.13,658.8,-1,cvat_keyframe
322,11,11,2,1.0,913.42,538.19,964.16,621.71,-1,cvat_keyframe
322,12,12,2,1.0,1050.7,291.46,1069.43,347.82,-1,cvat_keyframe
322,13,13,2,1.0,1186.19,494.8,1220.61,568.74,-1,cvat_keyframe
322,14,14,2,1.0,1451.3,446.3,1485.97,520.81,-1,cvat_keyframe
322,15,15,2,1.0,1204.55,671.9,1258.8,774.1,-1,cvat_keyframe
322,16,16,2,1.0,1170.21,681.73,1253.8,783.7,-1,cvat_keyframe
322,17,17,2,1.0,1450.1,375.98,1473.0,443.38,-1,cvat_keyframe
322,18,18,2,1.0,1165.2,289.98,1185.8,340.38,-1,cvat_keyframe
322,19,19,2,1.0,1747.67,826.26,1811.73,942.46,-1,cvat_keyframe
322,21,21,3,1.0,443.11,507.72,483.48,585.89,-1,cvat_keyframe
322,22,22,1,1.0,1797.68,354.99,1827.27,420.27,-1,cvat_keyframe
322,24,24,0,1.0,1136.21,758.81,1149.4,771.29,-1,cvat_keyframe
322,25,25,2,1.0,530.73,363.77,557.33,424.75,-1,cvat_keyframe
322,26,26,2,1.0,424.16,572.55,467.19,667.45,-1,cvat_keyframe
322,27,27,2,1.0,126.74,317.77,154.94,374.4,-1,cvat_keyframe
322,28,28,2,1.0,23.61,448.1,54.16,522.9,-1,cvat_keyframe
322,29,29,2,1.0,30.7,392.43,58.3,460.42,-1,cvat_keyframe
322,30,30,2,1.0,0.0,375.58,11.45,428.67,-1,cvat_keyframe
323,0,0,2,1.0,894.25,755.79,967.58,869.33,-1,cvat_interp
323,10,10,2,1.0,766.26,569.91,813.79,659.7,-1,cvat_interp
323,11,11,2,1.0,922.76,537.89,973.35,622.36,-1,cvat_interp
323,12,12,2,1.0,1059.97,290.76,1080.05,347.11,-1,cvat_interp
323,13,13,2,1.0,1194.68,494.58,1229.2,568.88,-1,cvat_interp
323,14,14,2,1.0,1461.05,445.82,1495.72,520.34,-1,cvat_interp
323,15,15,2,1.0,1197.1,671.9,1258.36,772.72,-1,cvat_interp
323,16,16,2,1.0,1166.45,681.22,1249.96,782.86,-1,cvat_interp
323,17,17,2,1.0,1458.44,375.81,1483.21,443.21,-1,cvat_interp
323,18,18,2,1.0,1175.1,289.65,1195.7,340.05,-1,cvat_interp
323,19,19,2,1.0,1754.18,826.98,1818.24,943.38,-1,cvat_interp
323,21,21,3,1.0,451.6,507.16,492.62,585.6,-1,cvat_interp
323,22,22,1,1.0,1809.67,355.28,1838.86,420.56,-1,cvat_interp
323,24,24,0,1.0,1134.8,759.01,1147.98,771.49,-1,cvat_interp
323,25,25,2,1.0,542.01,363.62,568.61,424.6,-1,cvat_interp
323,26,26,2,1.0,431.79,573.54,476.12,668.31,-1,cvat_interp
323,27,27,2,1.0,138.81,316.6,167.01,373.24,-1,cvat_interp
323,28,28,2,1.0,35.7,446.16,66.65,522.38,-1,cvat_interp
323,29,29,2,1.0,44.41,391.03,72.01,459.02,-1,cvat_interp
323,30,30,2,1.0,8.88,371.99,25.39,427.16,-1,cvat_interp
324,0,0,2,1.0,900.2,754.12,972.74,867.24,-1,cvat_interp
324,10,10,2,1.0,775.91,572.29,823.44,660.6,-1,cvat_interp
324,11,11,2,1.0,932.09,537.59,982.54,623.01,-1,cvat_interp
324,12,12,2,1.0,1069.24,290.05,1090.67,346.4,-1,cvat_interp
324,13,13,2,1.0,1203.18,494.35,1237.78,569.02,-1,cvat_interp
324,14,14,2,1.0,1470.8,445.35,1505.47,519.86,-1,cvat_interp
324,15,15,2,1.0,1189.65,671.9,1257.92,771.34,-1,cvat_interp
324,16,16,2,1.0,1162.69,680.7,1246.12,782.02,-1,cvat_interp
324,17,17,2,1.0,1466.77,375.63,1493.43,443.03,-1,cvat_interp
324,18,18,2,1.0,1185.0,289.32,1205.6,339.72,-1,cvat_interp
324,19,19,2,1.0,1760.68,827.7,1824.74,944.3,-1,cvat_interp
324,21,21,3,1.0,460.1,506.59,501.76,585.3,-1,cvat_interp
324,22,22,1,1.0,1821.67,355.57,1850.45,420.85,-1,cvat_interp
324,24,24,0,1.0,1133.38,759.2,1146.57,771.68,-1,cvat_interp
324,25,25,2,1.0,553.29,363.46,579.89,424.44,-1,cvat_interp
324,26,26,2,1.0,439.42,574.54,485.04,669.16,-1,cvat_interp
324,27,27,2,1.0,150.88,315.44,179.08,372.07,-1,cvat_interp
324,28,28,2,1.0,47.8,444.22,79.13,521.85,-1,cvat_interp
324,29,29,2,1.0,58.12,389.63,85.72,457.62,-1,cvat_interp
324,30,30,2,1.0,17.75,368.39,39.33,425.64,-1,cvat_interp
325,0,0,2,1.0,906.14,752.44,977.9,865.15,-1,cvat_interp
325,10,10,2,1.0,785.57,574.68,833.1,661.5,-1,cvat_interp
325,11,11,2,1.0,941.43,537.3,991.74,623.67,-1,cvat_interp
325,12,12,2,1.0,1078.51,289.34,1101.29,345.69,-1,cvat_interp
325,13,13,2,1.0,1211.67,494.13,1246.37,569.15,-1,cvat_interp
325,14,14,2,1.0,1480.55,444.87,1515.21,519.39,-1,cvat_interp
325,15,15,2,1.0,1182.2,671.9,1257.48,769.96,-1,cvat_interp
325,16,16,2,1.0,1158.93,680.19,1242.28,781.18,-1,cvat_interp
325,17,17,2,1.0,1475.11,375.46,1503.64,442.86,-1,cvat_interp
325,18,18,2,1.0,1194.9,289.0,1215.5,339.4,-1,cvat_interp
325,19,19,2,1.0,1767.18,828.41,1831.24,945.22,-1,cvat_interp
325,21,21,3,1.0,468.59,506.03,510.9,585.0,-1,cvat_interp
325,22,22,1,1.0,1833.66,355.86,1862.04,421.14,-1,cvat_interp
325,24,24,0,1.0,1131.97,759.4,1145.15,771.88,-1,cvat_interp
325,25,25,2,1.0,564.57,363.3,591.17,424.28,-1,cvat_interp
325,26,26,2,1.0,447.05,575.53,493.97,670.02,-1,cvat_interp
325,27,27,2,1.0,162.96,314.28,191.16,370.91,-1,cvat_interp
325,28,28,2,1.0,59.89,442.27,91.62,521.33,-1,cvat_interp
325,29,29,2,1.0,71.83,388.23,99.43,456.23,-1,cvat_interp
325,30,30,2,1.0,26.62,364.8,53.26,424.12,-1,cvat_interp
326,0,0,2,1.0,912.09,750.77,983.06,863.06,-1,cvat_interp
326,10,10,2,1.0,795.22,577.06,842.76,662.4,-1,cvat_interp
326,11,11,2,1.0,950.76,537.0,1000.93,624.32,-1,cvat_interp
326,12,12,2,1.0,1087.77,288.63,1111.92,344.98,-1,cvat_interp
326,13,13,2,1.0,1220.17,493.9,1254.96,569.29,-1,cvat_interp
326,14,14,2,1.0,1490.3,444.4,1524.96,518.91,-1,cvat_interp
326,15,15,2,1.0,1174.75,671.9,1257.04,768.58,-1,cvat_interp
326,16,16,2,1.0,1155.16,679.68,1238.44,780.34,-1,cvat_interp
326,17,17,2,1.0,1483.45,375.28,1513.86,442.68,-1,cvat_interp
326,18,18,2,1.0,1204.8,288.67,1225.4,339.07,-1,cvat_interp
326,19,19,2,1.0,1773.68,829.13,1837.74,946.14,-1,cvat_interp
326,21,21,3,1.0,477.09,505.46,520.04,584.7,-1,cvat_interp
326,22,22,1,1.0,1845.65,356.15,1873.63,421.43,-1,cvat_interp
326,24,24,0,1.0,1130.55,759.6,1143.74,772.08,-1,cvat_interp
326,25,25,2,1.0,575.84,363.14,602.44,424.12,-1,cvat_interp
326,26,26,2,1.0,454.69,576.52,502.9,670.87,-1,cvat_interp
326,27,27,2,1.0,175.03,313.11,203.23,369.74,-1,cvat_interp
326,28,28,2,1.0,71.98,440.33,104.1,520.8,-1,cvat_keyframe
326,29,29,2,1.0,85.53,386.84,113.13,454.83,-1,cvat_keyframe
326,30,30,2,1.0,35.5,361.2,67.2,422.6,-1,cvat_keyframe
326,31,31,2,1.0,0.0,519.31,11.19,591.27,-1,cvat_keyframe
327,0,0,2,1.0,918.04,749.1,988.22,860.97,-1,cvat_interp
327,10,10,2,1.0,804.88,579.45,852.41,663.3,-1,cvat_keyframe
327,11,11,2,1.0,960.1,536.7,1010.12,624.97,-1,cvat_keyframe
327,12,12,2,1.0,1097.04,287.92,1122.54,344.27,-1,cvat_interp
327,13,13,2,1.0,1228.66,493.68,1263.54,569.43,-1,cvat_interp
327,14,14,2,1.0,1500.04,443.92,1534.71,518.43,-1,cvat_interp
327,15,15,2,1.0,1167.3,671.9,1256.6,767.2,-1,cvat_keyframe
327,16,16,2,1.0,1151.4,679.16,1234.6,779.5,-1,cvat_keyframe
327,17,17,2,1.0,1491.79,375.11,1524.07,442.51,-1,cvat_interp
327,18,18,2,1.0,1214.7,288.34,1235.3,338.74,-1,cvat_interp
327,19,19,2,1.0,1780.19,829.85,1844.24,947.06,-1,cvat_interp
327,21,21,3,1.0,485.58,504.9,529.18,584.4,-1,cvat_interp
327,22,22,1,1.0,1857.64,356.44,1885.23,421.72,-1,cvat_interp
327,24,24,0,1.0,1129.13,759.79,1142.32,772.27,-1,cvat_keyframe
327,25,25,2,1.0,587.12,362.98,613.72,423.96,-1,cvat_interp
327,26,26,2,1.0,462.32,577.52,511.82,671.73,-1,cvat_interp
327,27,27,2,1.0,187.1,311.95,215.3,368.58,-1,cvat_interp
327,28,28,2,1.0,81.26,440.8,113.79,521.5,-1,cvat_interp
327,29,29,2,1.0,97.44,386.08,125.04,454.07,-1,cvat_interp
327,30,30,2,1.0,43.5,360.15,79.72,421.9,-1,cvat_keyframe
327,31,31,2,1.0,0.0,508.6,15.1,591.27,-1,cvat_keyframe
327,32,32,3,1.0,0.0,260.03,15.51,304.25,-1,cvat_keyframe
328,0,0,2,1.0,923.98,747.42,993.38,858.88,-1,cvat_interp
328,10,10,2,1.0,814.53,581.83,862.07,669.39,-1,cvat_interp
328,11,11,2,1.0,969.43,538.08,1019.31,625.62,-1,cvat_interp
328,12,12,2,1.0,1106.31,287.21,1133.16,343.57,-1,cvat_interp
328,13,13,2,1.0,1237.16,493.45,1272.13,569.57,-1,cvat_interp
328,14,14,2,1.0,1509.79,443.44,1544.46,517.96,-1,cvat_interp
328,15,15,2,1.0,1167.91,671.9,1245.8,770.36,-1,cvat_interp
328,16,16,2,1.0,1143.27,678.65,1226.6,779.53,-1,cvat_interp
328,17,17,2,1.0,1500.13,374.93,1534.29,442.33,-1,cvat_interp
328,18,18,2,1.0,1224.6,288.02,1245.2,338.42,-1,cvat_interp
328,19,19,2,1.0,1786.69,830.57,1850.75,947.98,-1,cvat_interp
328,21,21,3,1.0,494.07,504.33,538.32,584.1,-1,cvat_interp
328,22,22,1,1.0,1869.63,356.73,1896.82,422.01,-1,cvat_interp
328,24,24,0,1.0,1128.76,758.82,1141.95,771.3,-1,cvat_interp
328,25,25,2,1.0,598.4,362.83,625.0,423.81,-1,cvat_interp
328,26,26,2,1.0,469.95,578.51,520.75,672.59,-1,cvat_interp
328,27,27,2,1.0,199.17,310.78,227.37,367.41,-1,cvat_interp
328,28,28,2,1.0,90.54,441.26,123.48,522.2,-1,cvat_interp
328,29,29,2,1.0,109.35,385.32,136.95,453.32,-1,cvat_interp
328,30,30,2,1.0,54.52,359.1,92.25,420.37,-1,cvat_interp
328,31,31,2,1.0,0.0,509.26,32.2,591.93,-1,cvat_keyframe
328,32,32,3,1.0,9.86,258.39,29.3,302.61,-1,cvat_interp
329,0,0,2,1.0,929.93,745.75,998.54,856.79,-1,cvat_interp
329,10,10,2,1.0,824.19,584.22,871.72,675.48,-1,cvat_interp
329,11,11,2,1.0,978.77,539.45,1028.51,626.27,-1,cvat_interp
329,12,12,2,1.0,1115.58,286.51,1143.78,342.86,-1,cvat_interp
329,13,13,2,1.0,1245.65,493.23,1280.71,569.7,-1,cvat_interp
329,14,14,2,1.0,1519.54,442.97,1554.2,517.48,-1,cvat_interp
329,15,15,2,1.0,1168.52,671.9,1235.0,773.53,-1,cvat_interp
329,16,16,2,1.0,1135.15,678.14,1218.61,779.56,-1,cvat_interp
329,17,17,2,1.0,1508.46,374.76,1544.5,442.16,-1,cvat_keyframe
329,18,18,2,1.0,1234.5,287.69,1255.1,338.09,-1,cvat_interp
329,19,19,2,1.0,1793.19,831.28,1857.25,948.9,-1,cvat_interp
329,21,21,3,1.0,502.57,503.77,547.46,583.8,-1,cvat_interp
329,22,22,1,1.0,1881.62,357.02,1908.41,422.3,-1,cvat_interp
329,24,24,0,1.0,1128.38,757.84,1141.57,770.32,-1,cvat_interp
329,25,25,2,1.0,609.68,362.67,636.28,423.65,-1,cvat_keyframe
329,26,26,2,1.0,477.58,579.51,529.67,673.44,-1,cvat_interp
329,27,27,2,1.0,211.24,309.62,239.44,366.25,-1,cvat_interp
329,28,28,2,1.0,99.82,441.73,133.16,522.9,-1,cvat_interp
329,29,29,2,1.0,121.26,384.57,148.86,452.56,-1,cvat_interp
329,30,30,2,1.0,65.55,358.05,104.77,418.83,-1,cvat_interp
329,31,31,2,1.0,12.5,509.92,49.3,592.59,-1,cvat_keyframe
329,32,32,3,1.0,19.73,256.75,43.1,300.96,-1,cvat_keyframe
330,0,0,2,1.0,935.87,744.08,1003.7,854.7,-1,cvat_keyframe
330,10,10,2,1.0,833.85,586.6,881.38,681.56,-1,cvat_keyframe
330,11,11,2,1.0,988.1,540.83,1037.7,626.93,-1,cvat_keyframe
330,12,12,2,1.0,1124.85,285.8,1154.4,342.15,-1,cvat_keyframe
330,13,13,2,1.0,1254.15,493.0,1289.3,569.84,-1,cvat_keyframe
330,14,14,2,1.0,1529.29,442.49,1563.95,517.0,-1,cvat_keyframe
330,15,15,2,1.0,1169.13,671.9,1224.2,776.69,-1,cvat_keyframe
330,16,16,2,1.0,1127.02,677.63,1210.61,779.6,-1,cvat_keyframe
330,17,17,2,1.0,1516.8,374.58,1551.8,441.98,-1,cvat_keyframe
330,18,18,2,1.0,1244.4,287.36,1265.0,337.76,-1,cvat_keyframe
330,19,19,2,1.0,1799.69,832.0,1863.75,949.82,-1,cvat_keyframe
330,21,21,3,1.0,511.06,503.2,556.6,583.5,-1,cvat_keyframe
330,22,22,1,1.0,1893.62,357.32,1920.0,422.59,-1,cvat_keyframe
330,24,24,0,1.0,1128.01,756.87,1141.19,769.35,-1,cvat_keyframe
330,25,25,2,1.0,614.0,361.9,640.6,422.88,-1,cvat_keyframe
330,26,26,2,1.0,485.21,580.5,538.6,674.3,-1,cvat_keyframe
330,27,27,2,1.0,223.32,308.46,251.52,365.09,-1,cvat_keyframe
330,28,28,2,1.0,109.1,442.2,142.85,523.6,-1,cvat_keyframe
330,29,29,2,1.0,133.17,383.81,160.77,451.8,-1,cvat_keyframe
330,30,30,2,1.0,76.57,357.0,117.3,417.3,-1,cvat_keyframe
330,31,31,2,1.0,19.59,509.37,56.4,592.04,-1,cvat_keyframe
330,32,32,3,1.0,27.75,257.39,51.12,301.6,-1,cvat_keyframe
330,33,33,2,1.0,0.0,469.14,15.14,536.85,-1,cvat_keyframe
331,0,0,2,1.0,942.78,741.88,1010.9,852.21,-1,cvat_interp
331,10,10,2,1.0,843.03,590.38,890.93,687.33,-1,cvat_interp
331,11,11,2,1.0,996.57,541.2,1046.55,627.31,-1,cvat_interp
331,12,12,2,1.0,1136.86,285.97,1165.69,342.32,-1,cvat_interp
331,13,13,2,1.0,1265.72,493.7,1300.87,570.54,-1,cvat_interp
331,14,14,2,1.0,1539.37,443.97,1574.04,518.48,-1,cvat_interp
331,15,15,2,1.0,1168.02,671.83,1223.16,776.59,-1,cvat_interp
331,16,16,2,1.0,1123.99,677.87,1206.5,779.7,-1,cvat_interp
331,17,17,2,1.0,1528.32,374.59,1563.32,441.99,-1,cvat_interp
331,18,18,2,1.0,1255.12,287.87,1275.72,338.27,-1,cvat_interp
331,19,19,2,1.0,1803.88,833.65,1869.24,951.91,-1,cvat_interp
331,21,21,3,1.0,520.14,503.04,564.65,583.64,-1,cvat_interp
331,22,22,1,1.0,1893.62,357.32,1920.0,422.59,-1,cvat_interp
331,24,24,0,1.0,1127.15,755.86,1140.33,768.34,-1,cvat_interp
331,25,25,2,1.0,623.63,362.49,650.23,423.47,-1,cvat_interp
331,26,26,2,1.0,493.6,581.8,548.8,678.3,-1,cvat_keyframe
331,27,27,2,1.0,237.91,307.94,263.96,364.75,-1,cvat_interp
331,28,28,2,1.0,123.57,442.14,157.32,523.54,-1,cvat_keyframe
331,29,29,2,1.0,145.55,382.51,173.15,449.85,-1,cvat_interp
331,30,30,2,1.0,88.03,356.23,127.37,416.37,-1,cvat_interp
331,31,31,2,1.0,34.06,509.2,70.86,591.88,-1,cvat_interp
331,32,32,3,1.0,43.2,255.07,66.57,299.28,-1,cvat_interp
331,33,33,2,1.0,1.2,454.0,26.01,536.15,-1,cvat_keyframe
331,34,34,2,1.0,0.0,567.03,27.41,653.79,-1,cvat_keyframe
332,0,0,2,1.0,949.69,739.67,1018.1,849.72,-1,cvat_keyframe
332,10,10,2,1.0,852.21,594.16,900.48,693.1,-1,cvat_keyframe
332,11,11,2,1.0,1005.04,541.58,1055.4,627.7,-1,cvat_keyframe
332,12,12,2,1.0,1148.88,286.14,1176.99,342.5,-1,cvat_keyframe
332,13,13,2,1.0,1277.29,494.4,1312.44,571.24,-1,cvat_keyframe
332,14,14,2,1.0,1549.46,445.45,1584.12,519.96,-1,cvat_keyframe
332,15,15,2,1.0,1166.92,671.75,1222.12,776.5,-1,cvat_interp
332,16,16,2,1.0,1120.96,678.12,1202.4,779.8,-1,cvat_keyframe
332,17,17,2,1.0,1539.84,374.59,1574.84,441.99,-1,cvat_keyframe
332,18,18,2,1.0,1265.84,288.38,1286.44,338.77,-1,cvat_keyframe
332,19,19,2,1.0,1808.07,835.31,1874.72,954.0,-1,cvat_interp
332,21,21,3,1.0,529.23,502.88,572.71,583.78,-1,cvat_interp
332,24,24,0,1.0,1126.29,754.86,1139.47,767.34,-1,cvat_keyframe
332,25,25,2,1.0,633.26,363.08,659.86,424.06,-1,cvat_interp
332,26,26,2,1.0,501.96,582.99,555.57,679.78,-1,cvat_interp
332,27,27,2,1.0,252.5,307.42,276.4,364.42,-1,cvat_keyframe
332,28,28,2,1.0,135.48,441.45,169.23,522.85,-1,cvat_interp
332,29,29,2,1.0,157.92,381.2,185.52,447.89,-1,cvat_interp
332,30,30,2,1.0,99.49,355.46,137.45,415.43,-1,cvat_interp
332,31,31,2,1.0,48.52,509.04,85.32,591.71,-1,cvat_keyframe
332,32,32,3,1.0,58.66,252.74,82.03,296.96,-1,cvat_keyframe
332,33,33,2,1.0,11.34,453.66,38.34,535.7,-1,cvat_interp
332,34,34,2,1.0,0.0,563.9,35.2,653.8,-1,cvat_keyframe
333,0,0,2,1.0,951.08,737.47,1019.77,847.23,-1,cvat_interp
333,10,10,2,1.0,861.38,597.94,912.22,695.47,-1,cvat_interp
333,11,11,2,1.0,1013.51,539.94,1063.21,628.07,-1,cvat_interp
333,12,12,2,1.0,1158.08,286.1,1185.47,342.45,-1,cvat_interp
333,13,13,2,1.0,1283.76,495.1,1318.92,571.94,-1,cvat_interp
333,14,14,2,1.0,1557.98,446.03,1593.28,520.55,-1,cvat_interp
333,15,15,2,1.0,1165.81,671.68,1221.08,776.4,-1,cvat_interp
333,16,16,2,1.0,1128.18,678.37,1188.75,778.25,-1,cvat_interp
333,17,17,2,1.0,1547.79,374.82,1582.79,442.22,-1,cvat_interp
333,18,18,2,1.0,1273.8,288.58,1294.4,338.98,-1,cvat_interp
333,19,19,2,1.0,1812.27,836.96,1880.21,956.1,-1,cvat_interp
333,21,21,3,1.0,538.31,502.72,580.76,583.92,-1,cvat_interp
333,24,24,0,1.0,1126.11,753.99,1139.29,766.47,-1,cvat_interp
333,25,25,2,1.0,642.88,363.67,669.48,424.65,-1,cvat_interp
333,26,26,2,1.0,510.31,584.18,562.33,681.26,-1,cvat_interp
333,27,27,2,1.0,262.0,306.91,286.67,364.09,-1,cvat_interp
333,28,28,2,1.0,147.38,440.75,181.14,522.15,-1,cvat_interp
333,29,29,2,1.0,170.3,379.9,197.9,445.93,-1,cvat_interp
333,30,30,2,1.0,110.94,354.69,147.52,414.5,-1,cvat_interp
333,31,31,2,1.0,57.87,508.26,94.67,591.55,-1,cvat_interp
333,32,32,3,1.0,68.27,252.37,91.64,296.59,-1,cvat_interp
333,33,33,2,1.0,21.49,453.31,50.67,535.25,-1,cvat_interp
333,34,34,2,1.0,0.0,563.9,49.25,653.8,-1,cvat_interp
334,0,0,2,1.0,952.47,735.27,1021.45,844.74,-1,cvat_interp
334,10,10,2,1.0,870.56,601.72,923.96,697.83,-1,cvat_interp
334,11,11,2,1.0,1021.98,538.3,1071.02,628.44,-1,cvat_keyframe
334,12,12,2,1.0,1167.28,286.06,1193.95,342.41,-1,cvat_interp
334,13,13,2,1.0,1290.24,495.79,1325.39,572.64,-1,cvat_interp
334,14,14,2,1.0,1566.5,446.62,1602.44,521.13,-1,cvat_interp
334,15,15,2,1.0,1164.7,671.6,1220.04,776.3,-1,cvat_keyframe
334,16,16,2,1.0,1135.4,678.62,1175.1,776.7,-1,cvat_keyframe
334,17,17,2,1.0,1555.73,375.05,1590.73,442.45,-1,cvat_interp
334,18,18,2,1.0,1281.75,288.79,1302.35,339.19,-1,cvat_interp
334,19,19,2,1.0,1816.46,838.62,1885.7,958.19,-1,cvat_keyframe
334,21,21,3,1.0,547.4,502.56,588.82,584.06,-1,cvat_interp
334,24,24,0,1.0,1125.93,753.12,1139.12,765.6,-1,cvat_keyframe
334,25,25,2,1.0,652.51,364.26,679.11,425.24,-1,cvat_interp
334,26,26,2,1.0,518.67,585.37,569.1,682.73,-1,cvat_interp
334,27,27,2,1.0,271.5,306.39,296.94,363.76,-1,cvat_interp
334,28,28,2,1.0,159.29,440.05,193.04,521.45,-1,cvat_interp
334,29,29,2,1.0,182.67,378.6,210.27,443.98,-1,cvat_interp
334,30,30,2,1.0,122.4,353.92,157.59,413.57,-1,cvat_interp
334,31,31,2,1.0,67.22,507.48,104.03,591.38,-1,cvat_interp
334,32,32,3,1.0,77.89,252.0,101.26,296.21,-1,cvat_interp
334,33,33,2,1.0,31.63,452.97,63.0,534.8,-1,cvat_keyframe
334,34,34,2,1.0,0.0,563.9,63.3,653.8,-1,cvat_keyframe
335,0,0,2,1.0,953.86,733.07,1023.12,842.25,-1,cvat_interp
335,10,10,2,1.0,879.74,605.5,935.7,700.2,-1,cvat_keyframe
335,11,11,2,1.0,1028.49,537.83,1078.82,628.81,-1,cvat_interp
335,12,12,2,1.0,1176.48,286.01,1202.44,342.37,-1,cvat_interp
335,13,13,2,1.0,1296.71,496.49,1331.87,573.34,-1,cvat_interp
335,14,14,2,1.0,1575.02,447.2,1611.6,521.72,-1,cvat_keyframe
335,15,15,2,1.0,1158.5,674.22,1219.0,777.42,-1,cvat_keyframe
335,16,16,2,1.0,1126.8,678.86,1179.7,778.9,-1,cvat_keyframe
335,17,17,2,1.0,1563.68,375.28,1598.68,442.68,-1,cvat_interp
335,18,18,2,1.0,1289.7,289.0,1310.3,339.4,-1,cvat_interp
335,19,19,2,1.0,1820.46,838.23,1891.0,958.24,-1,cvat_interp
335,21,21,3,1.0,556.48,502.41,596.87,584.2,-1,cvat_interp
335,24,24,0,1.0,1126.01,751.38,1139.2,763.86,-1,cvat_interp
335,25,25,2,1.0,662.14,364.85,688.74,425.83,-1,cvat_interp
335,26,26,2,1.0,527.02,586.56,575.87,684.21,-1,cvat_interp
335,27,27,2,1.0,281.0,305.88,307.21,363.43,-1,cvat_interp
335,28,28,2,1.0,171.2,439.36,204.95,520.76,-1,cvat_keyframe
335,29,29,2,1.0,195.05,377.29,222.65,442.02,-1,cvat_keyframe
335,30,30,2,1.0,133.85,353.15,167.67,412.63,-1,cvat_keyframe
335,31,31,2,1.0,76.57,506.7,113.38,591.21,-1,cvat_keyframe
335,32,32,3,1.0,87.5,251.62,110.87,295.84,-1,cvat_interp
335,33,33,2,1.0,41.78,449.3,73.13,533.98,-1,cvat_keyframe
335,34,34,2,1.0,13.2,563.9,69.2,653.8,-1,cvat_keyframe
336,0,0,2,1.0,955.24,730.87,1024.8,839.76,-1,cvat_interp
336,10,10,2,1.0,888.92,610.85,943.94,705.61,-1,cvat_interp
336,11,11,2,1.0,1034.99,537.37,1086.63,629.18,-1,cvat_interp
336,12,12,2,1.0,1185.69,285.97,1210.92,342.32,-1,cvat_interp
336,13,13,2,1.0,1303.19,497.19,1338.34,574.03,-1,cvat_interp
336,14,14,2,1.0,1583.54,447.79,1619.74,522.3,-1,cvat_interp
336,15,15,2,1.0,1157.95,676.83,1217.96,778.53,-1,cvat_interp
336,16,16,2,1.0,1119.45,679.11,1172.58,781.15,-1,cvat_interp
336,17,17,2,1.0,1571.62,375.51,1606.62,442.91,-1,cvat_interp
336,18,18,2,1.0,1297.66,289.21,1318.26,339.61,-1,cvat_interp
336,19,19,2,1.0,1824.47,837.85,1896.3,958.29,-1,cvat_interp
336,21,21,3,1.0,565.56,502.25,604.92,584.34,-1,cvat_interp
336,24,24,0,1.0,1126.1,749.63,1139.29,762.11,-1,cvat_interp
336,25,25,2,1.0,671.77,365.44,698.37,426.42,-1,cvat_interp
336,26,26,2,1.0,535.38,587.74,582.63,685.69,-1,cvat_interp
336,27,27,2,1.0,290.5,305.36,317.48,363.1,-1,cvat_interp
336,28,28,2,1.0,180.13,438.62,213.88,520.02,-1,cvat_interp
336,29,29,2,1.0,205.08,377.16,232.68,441.23,-1,cvat_interp
336,30,30,2,1.0,143.84,352.53,176.27,411.85,-1,cvat_interp
336,31,31,2,1.0,87.71,505.97,122.73,591.05,-1,cvat_interp
336,32,32,3,1.0,97.12,251.25,120.49,295.46,-1,cvat_interp
336,33,33,2,1.0,51.92,449.62,84.99,532.56,-1,cvat_interp
336,34,34,2,1.0,22.42,563.16,78.42,653.06,-1,cvat_interp
337,0,0,2,1.0,956.63,728.67,1026.47,837.27,-1,cvat_interp
337,10,10,2,1.0,898.1,616.21,952.18,711.01,-1,cvat_interp
337,11,11,2,1.0,1041.5,536.9,1094.44,629.55,-1,cvat_keyframe
337,12,12,2,1.0,1194.89,285.93,1219.4,342.28,-1,cvat_interp
337,13,13,2,1.0,1309.67,497.89,1344.82,574.73,-1,cvat_interp
337,14,14,2,1.0,1592.06,448.37,1627.87,522.88,-1,cvat_interp
337,15,15,2,1.0,1157.4,679.45,1216.92,779.65,-1,cvat_keyframe
337,16,16,2,1.0,1112.1,679.36,1165.46,783.4,-1,cvat_keyframe
337,17,17,2,1.0,1579.56,375.74,1614.56,443.14,-1,cvat_interp
337,18,18,2,1.0,1305.61,289.42,1326.21,339.82,-1,cvat_interp
337,19,19,2,1.0,1828.47,837.46,1901.6,958.35,-1,cvat_interp
337,21,21,3,1.0,574.65,502.09,612.98,584.48,-1,cvat_interp
337,24,24,0,1.0,1126.19,747.89,1139.37,760.37,-1,cvat_keyframe
337,25,25,2,1.0,681.4,366.03,708.0,427.01,-1,cvat_interp
337,26,26,2,1.0,543.73,588.93,589.4,687.17,-1,cvat_interp
337,27,27,2,1.0,300.0,304.85,327.75,362.77,-1,cvat_interp
337,28,28,2,1.0,189.06,437.88,222.81,519.28,-1,cvat_interp
337,29,29,2,1.0,215.11,377.03,242.7,440.45,-1,cvat_interp
337,30,30,2,1.0,153.83,351.9,184.88,411.06,-1,cvat_interp
337,31,31,2,1.0,98.86,505.23,132.08,590.88,-1,cvat_interp
337,32,32,3,1.0,106.73,250.87,130.1,295.09,-1,cvat_interp
337,33,33,2,1.0,62.07,449.94,96.84,531.13,-1,cvat_interp
337,34,34,2,1.0,31.64,562.42,87.64,652.32,-1,cvat_keyframe
338,0,0,2,1.0,958.02,726.47,1028.15,834.78,-1,cvat_interp
338,10,10,2,1.0,907.28,621.56,960.42,716.42,-1,cvat_keyframe
338,11,11,2,1.0,1051.93,539.46,1102.25,629.92,-1,cvat_interp
338,12,12,2,1.0,1204.09,285.88,1227.89,342.24,-1,cvat_interp
338,13,13,2,1.0,1316.14,498.59,1351.3,575.43,-1,cvat_interp
338,14,14,2,1.0,1600.58,448.95,1636.01,523.47,-1,cvat_interp
338,15,15,2,1.0,1148.1,682.07,1218.4,777.7,-1,cvat_keyframe
338,16,16,2,1.0,1106.97,679.6,1158.34,782.97,-1,cvat_interp
338,17,17,2,1.0,1587.51,375.97,1622.51,443.37,-1,cvat_interp
338,18,18,2,1.0,1313.57,289.63,1334.17,340.03,-1,cvat_interp
338,19,19,2,1.0,1832.48,837.07,1906.9,958.4,-1,cvat_interp
338,21,21,3,1.0,583.73,501.93,621.03,584.62,-1,cvat_interp
338,24,24,0,1.0,1119.59,746.87,1132.78,759.35,-1,cvat_interp
338,25,25,2,1.0,691.03,366.62,717.63,427.6,-1,cvat_keyframe
338,26,26,2,1.0,552.09,590.12,596.17,688.64,-1,cvat_interp
338,27,27,2,1.0,309.5,304.33,338.02,362.44,-1,cvat_interp
338,28,28,2,1.0,197.99,437.14,231.74,518.54,-1,cvat_keyframe
338,29,29,2,1.0,225.13,376.9,252.73,439.67,-1,cvat_interp
338,30,30,2,1.0,163.82,351.28,193.49,410.27,-1,cvat_interp
338,31,31,2,1.0,110.0,504.5,141.43,590.72,-1,cvat_keyframe
338,32,32,3,1.0,116.35,250.5,139.72,294.71,-1,cvat_interp
338,33,33,2,1.0,72.21,450.26,108.7,529.7,-1,cvat_keyframe
338,34,34,2,1.0,41.04,561.3,99.3,651.2,-1,cvat_keyframe
339,0,0,2,1.0,959.41,724.26,1029.82,832.29,-1,cvat_interp
339,10,10,2,1.0,916.46,622.98,968.66,717.89,-1,cvat_interp
339,11,11,2,1.0,1062.37,542.01,1110.06,630.29,-1,cvat_interp
339,12,12,2,1.0,1213.3,285.84,1236.37,342.19,-1,cvat_interp
339,13,13,2,1.0,1322.62,499.29,1357.77,576.13,-1,cvat_interp
339,14,14,2,1.0,1609.1,449.54,1644.15,524.05,-1,cvat_interp
339,15,15,2,1.0,1143.45,684.68,1216.1,780.35,-1,cvat_interp
339,16,16,2,1.0,1101.83,679.85,1151.22,782.53,-1,cvat_interp
339,17,17,2,1.0,1595.45,376.2,1630.45,443.6,-1,cvat_interp
339,18,18,2,1.0,1321.52,289.84,1342.12,340.24,-1,cvat_interp
339,19,19,2,1.0,1836.48,836.69,1912.2,958.45,-1,cvat_interp
339,21,21,3,1.0,592.82,501.77,629.08,584.76,-1,cvat_interp
339,24,24,0,1.0,1113.0,745.85,1126.19,758.33,-1,cvat_interp
339,25,25,2,1.0,698.85,367.21,725.45,428.19,-1,cvat_interp
339,26,26,2,1.0,560.44,591.31,602.93,690.12,-1,cvat_interp
339,27,27,2,1.0,319.0,303.82,348.29,362.11,-1,cvat_interp
339,28,28,2,1.0,207.34,439.39,241.1,520.79,-1,cvat_interp
339,29,29,2,1.0,235.16,376.77,262.76,438.88,-1,cvat_interp
339,30,30,2,1.0,173.81,350.66,202.09,409.49,-1,cvat_interp
339,31,31,2,1.0,116.67,506.11,150.78,590.55,-1,cvat_interp
339,32,32,3,1.0,125.96,250.12,149.33,294.34,-1,cvat_interp
339,33,33,2,1.0,82.36,450.58,116.25,529.8,-1,cvat_interp
339,34,34,2,1.0,47.68,560.28,105.95,650.18,-1,cvat_interp
340,0,0,2,1.0,960.79,722.06,1031.5,829.8,-1,cvat_keyframe
340,10,10,2,1.0,925.64,624.4,976.9,719.36,-1,cvat_keyframe
340,11,11,2,1.0,1072.8,544.57,1117.87,630.67,-1,cvat_keyframe
340,12,12,2,1.0,1222.5,285.8,1244.85,342.15,-1,cvat_keyframe
340,13,13,2,1.0,1329.09,499.99,1364.25,576.83,-1,cvat_keyframe
340,14,14,2,1.0,1617.62,450.12,1652.29,524.64,-1,cvat_keyframe
340,15,15,2,1.0,1138.81,687.3,1213.8,783.0,-1,cvat_keyframe
340,16,16,2,1.0,1096.7,680.1,1144.1,782.1,-1,cvat_keyframe
340,17,17,2,1.0,1603.39,376.43,1638.39,443.83,-1,cvat_keyframe
340,18,18,2,1.0,1329.47,290.05,1350.07,340.45,-1,cvat_keyframe
340,19,19,2,1.0,1840.49,836.3,1917.5,958.5,-1,cvat_keyframe
340,21,21,3,1.0,601.9,501.61,637.14,584.9,-1,cvat_keyframe
340,24,24,0,1.0,1106.41,744.82,1119.59,757.3,-1,cvat_keyframe
340,25,25,2,1.0,706.67,367.8,733.27,428.78,-1,cvat_keyframe
340,26,26,2,1.0,568.8,592.5,609.7,691.6,-1,cvat_keyframe
340,27,27,2,1.0,328.5,303.3,358.56,361.78,-1,cvat_keyframe
340,28,28,2,1.0,216.7,441.65,250.45,523.05,-1,cvat_keyframe
340,29,29,2,1.0,245.19,376.64,272.79,438.1,-1,cvat_keyframe
340,30,30,2,1.0,183.8,350.04,210.7,408.7,-1,cvat_keyframe
340,31,31,2,1.0,123.33,507.71,160.14,590.39,-1,cvat_keyframe
340,32,32,3,1.0,135.58,249.75,158.95,293.96,-1,cvat_keyframe
340,33,33,2,1.0,92.5,450.9,123.8,529.9,-1,cvat_keyframe
340,34,34,2,1.0,54.33,559.25,112.59,649.16,-1,cvat_keyframe
341,0,0,2,1.0,961.45,720.21,1032.03,827.8,-1,cvat_interp
341,10,10,2,1.0,934.47,626.99,990.28,722.17,-1,cvat_interp
341,11,11,2,1.0,1078.39,544.72,1124.72,630.82,-1,cvat_interp
341,12,12,2,1.0,1228.27,286.12,1251.46,342.6,-1,cvat_interp
341,13,13,2,1.0,1334.69,500.66,1370.03,577.72,-1,cvat_interp
341,14,14,2,1.0,1624.69,450.9,1659.35,525.66,-1,cvat_interp
341,15,15,2,1.0,1134.7,687.95,1211.54,782.0,-1,cvat_interp
341,16,16,2,1.0,1088.93,684.2,1140.1,780.22,-1,cvat_interp
341,17,17,2,1.0,1609.44,376.99,1644.44,444.39,-1,cvat_interp
341,18,18,2,1.0,1335.9,290.7,1356.5,341.25,-1,cvat_interp
341,19,19,2,1.0,1842.82,837.43,1917.75,959.34,-1,cvat_interp
341,21,21,3,1.0,607.82,501.55,643.06,584.84,-1,cvat_interp
341,24,24,0,1.0,1098.66,743.17,1111.85,755.65,-1,cvat_interp
341,25,25,2,1.0,713.31,368.22,739.91,429.2,-1,cvat_interp
341,26,26,2,1.0,573.49,594.32,615.51,693.45,-1,cvat_interp
341,27,27,2,1.0,336.57,303.18,366.64,361.23,-1,cvat_interp
341,28,28,2,1.0,224.49,441.61,258.24,522.93,-1,cvat_interp
341,29,29,2,1.0,253.15,376.23,280.75,437.7,-1,cvat_interp
341,30,30,2,1.0,191.6,349.62,218.5,408.29,-1,cvat_interp
341,31,31,2,1.0,131.48,507.86,168.4,591.12,-1,cvat_interp
341,32,32,3,1.0,143.66,249.33,167.03,293.54,-1,cvat_interp
341,33,33,2,1.0,100.35,449.81,131.65,529.24,-1,cvat_interp
341,34,34,2,1.0,61.98,558.84,119.83,648.74,-1,cvat_interp
342,0,0,2,1.0,962.1,718.35,1032.55,825.8,-1,cvat_interp
342,10,10,2,1.0,943.29,629.58,1003.65,724.98,-1,cvat_interp
342,11,11,2,1.0,1083.99,544.87,1131.58,630.97,-1,cvat_interp
342,12,12,2,1.0,1234.03,286.44,1258.07,343.05,-1,cvat_interp
342,13,13,2,1.0,1340.28,501.34,1375.81,578.61,-1,cvat_interp
342,14,14,2,1.0,1631.76,451.68,1666.42,526.68,-1,cvat_interp
342,15,15,2,1.0,1130.58,688.6,1209.28,781.0,-1,cvat_interp
342,16,16,2,1.0,1081.17,688.3,1136.1,778.33,-1,cvat_interp
342,17,17,2,1.0,1615.48,377.56,1650.48,444.96,-1,cvat_interp
342,18,18,2,1.0,1342.32,291.36,1362.92,342.06,-1,cvat_interp
342,19,19,2,1.0,1845.15,838.57,1918.0,960.18,-1,cvat_interp
342,21,21,3,1.0,613.75,501.49,648.98,584.78,-1,cvat_interp
342,24,24,0,1.0,1090.92,741.51,1104.11,753.99,-1,cvat_interp
342,25,25,2,1.0,719.95,368.64,746.55,429.62,-1,cvat_interp
342,26,26,2,1.0,578.18,596.14,621.32,695.3,-1,cvat_interp
342,27,27,2,1.0,344.64,303.06,374.71,360.68,-1,cvat_interp
342,28,28,2,1.0,232.27,441.58,266.02,522.82,-1,cvat_interp
342,29,29,2,1.0,261.11,375.83,288.71,437.29,-1,cvat_interp
342,30,30,2,1.0,199.39,349.21,226.29,407.87,-1,cvat_interp
342,31,31,2,1.0,139.62,508.01,176.67,591.85,-1,cvat_interp
342,32,32,3,1.0,151.75,248.9,175.12,293.12,-1,cvat_interp
342,33,33,2,1.0,108.19,448.73,139.49,528.58,-1,cvat_interp
342,34,34,2,1.0,69.62,558.42,127.07,648.33,-1,cvat_interp
343,0,0,2,1.0,962.75,716.5,1033.08,823.8,-1,cvat_interp
343,10,10,2,1.0,952.12,632.17,1017.03,727.79,-1,cvat_interp
343,11,11,2,1.0,1089.58,545.03,1138.44,631.13,-1,cvat_interp
343,12,12,2,1.0,1239.8,286.76,1264.68,343.5,-1,cvat_keyframe
343,13,13,2,1.0,1345.87,502.01,1381.59,579.5,-1,cvat_interp
343,14,14,2,1.0,1638.82,452.46,1673.49,527.7,-1,cvat_interp
343,15,15,2,1.0,1126.47,689.25,1207.01,780.0,-1,cvat_interp
343,16,16,2,1.0,1073.4,692.4,1132.1,776.45,-1,cvat_interp
343,17,17,2,1.0,1621.53,378.13,1656.53,445.53,-1,cvat_interp
343,18,18,2,1.0,1348.74,292.01,1369.34,342.86,-1,cvat_interp
343,19,19,2,1.0,1847.48,839.7,1918.25,961.02,-1,cvat_interp
343,21,21,3,1.0,619.67,501.43,654.91,584.72,-1,cvat_interp
343,24,24,0,1.0,1083.18,739.85,1096.36,752.34,-1,cvat_interp
343,25,25,2,1.0,726.59,369.06,753.19,430.04,-1,cvat_interp
343,26,26,2,1.0,582.87,597.96,627.13,697.15,-1,cvat_interp
343,27,27,2,1.0,352.72,302.94,382.78,360.14,-1,cvat_interp
343,28,28,2,1.0,240.06,441.54,273.81,522.7,-1,cvat_interp
343,29,29,2,1.0,269.07,375.42,296.67,436.89,-1,cvat_interp
343,30,30,2,1.0,207.19,348.79,234.09,407.46,-1,cvat_interp
343,31,31,2,1.0,147.77,508.16,184.94,592.58,-1,cvat_interp
343,32,32,3,1.0,159.84,248.48,183.21,292.7,-1,cvat_interp
343,33,33,2,1.0,116.04,447.64,147.34,527.92,-1,cvat_interp
343,34,34,2,1.0,77.27,558.01,134.32,647.91,-1,cvat_interp
344,0,0,2,1.0,963.4,714.64,1033.6,821.8,-1,cvat_keyframe
344,10,10,2,1.0,960.95,634.76,1030.4,730.6,-1,cvat_keyframe
344,11,11,2,1.0,1095.17,545.18,1145.3,631.28,-1,cvat_keyframe
344,12,12,2,1.0,1246.77,287.08,1271.29,343.76,-1,cvat_interp
344,13,13,2,1.0,1351.47,502.69,1387.37,580.39,-1,cvat_interp
344,14,14,2,1.0,1645.89,453.23,1680.56,528.73,-1,cvat_interp
344,15,15,2,1.0,1122.35,689.9,1204.75,779.0,-1,cvat_interp
344,16,16,2,1.0,1065.63,696.5,1128.1,774.57,-1,cvat_interp
344,17,17,2,1.0,1627.57,378.7,1662.57,446.1,-1,cvat_interp
344,18,18,2,1.0,1355.17,292.67,1375.77,343.66,-1,cvat_interp
344,19,19,2,1.0,1849.81,840.84,1918.5,961.86,-1,cvat_interp
344,21,21,3,1.0,625.59,501.37,660.83,584.66,-1,cvat_interp
344,24,24,0,1.0,1075.43,738.2,1088.62,750.68,-1,cvat_interp
344,25,25,2,1.0,733.23,369.48,759.83,430.46,-1,cvat_interp
344,26,26,2,1.0,587.56,599.78,632.94,699.0,-1,cvat_interp
344,27,27,2,1.0,360.79,302.82,390.85,359.59,-1,cvat_interp
344,28,28,2,1.0,247.84,441.51,281.6,522.59,-1,cvat_interp
344,29,29,2,1.0,277.03,375.02,304.63,436.48,-1,cvat_interp
344,30,30,2,1.0,214.98,348.38,241.88,407.04,-1,cvat_interp
344,31,31,2,1.0,155.92,508.31,193.21,593.31,-1,cvat_interp
344,32,32,3,1.0,167.93,248.06,191.3,292.27,-1,cvat_interp
344,33,33,2,1.0,123.88,446.55,155.18,527.26,-1,cvat_interp
344,34,34,2,1.0,84.92,557.59,141.56,647.5,-1,cvat_interp
345,0,0,2,1.0,964.05,712.79,1031.86,819.78,-1,cvat_interp
345,10,10,2,1.0,969.77,637.35,1036.65,733.2,-1,cvat_keyframe
345,11,11,2,1.0,1100.77,545.33,1150.05,631.43,-1,cvat_interp
345,12,12,2,1.0,1253.74,287.4,1277.9,344.03,-1,cvat_interp
345,13,13,2,1.0,1357.06,503.36,1393.16,581.28,-1,cvat_interp
345,14,14,2,1.0,1652.96,454.01,1687.63,529.75,-1,cvat_interp
345,15,15,2,1.0,1118.24,690.55,1202.49,778.0,-1,cvat_interp
345,16,16,2,1.0,1057.87,700.6,1124.1,772.68,-1,cvat_interp
345,17,17,2,1.0,1633.61,379.26,1668.61,446.66,-1,cvat_interp
345,18,18,2,1.0,1361.59,293.32,1382.19,344.47,-1,cvat_interp
345,19,19,2,1.0,1852.15,841.97,1918.75,962.7,-1,cvat_interp
345,21,21,3,1.0,631.51,501.31,666.75,584.6,-1,cvat_interp
345,24,24,0,1.0,1067.69,736.54,1080.88,749.02,-1,cvat_interp
345,25,25,2,1.0,739.87,369.9,766.47,430.87,-1,cvat_interp
345,26,26,2,1.0,592.25,601.6,638.75,700.85,-1,cvat_interp
345,27,27,2,1.0,368.86,302.7,398.93,359.05,-1,cvat_interp
345,28,28,2,1.0,255.63,441.47,289.38,522.47,-1,cvat_interp
345,29,29,2,1.0,284.99,374.61,312.59,436.08,-1,cvat_interp
345,30,30,2,1.0,222.78,347.96,249.68,406.63,-1,cvat_interp
345,31,31,2,1.0,164.07,508.46,201.48,594.04,-1,cvat_interp
345,32,32,3,1.0,176.01,247.64,199.38,291.85,-1,cvat_interp
345,33,33,2,1.0,131.73,445.47,163.03,526.6,-1,cvat_interp
345,34,34,2,1.0,92.57,557.18,148.8,647.08,-1,cvat_interp
346,0,0,2,1.0,964.7,710.93,1030.12,817.77,-1,cvat_interp
346,10,10,2,1.0,978.6,639.94,1042.9,729.36,-1,cvat_keyframe
346,11,11,2,1.0,1106.36,545.49,1154.8,631.59,-1,cvat_interp
346,12,12,2,1.0,1260.71,287.72,1284.51,344.29,-1,cvat_interp
346,13,13,2,1.0,1362.65,504.04,1398.94,582.18,-1,cvat_interp
346,14,14,2,1.0,1660.03,454.79,1694.7,530.77,-1,cvat_interp
346,15,15,2,1.0,1114.13,691.2,1200.23,777.0,-1,cvat_interp
346,16,16,2,1.0,1050.1,704.7,1120.1,770.8,-1,cvat_keyframe
346,17,17,2,1.0,1639.66,379.83,1674.66,447.23,-1,cvat_interp
346,18,18,2,1.0,1368.01,293.98,1388.61,345.27,-1,cvat_interp
346,19,19,2,1.0,1854.48,843.11,1919.0,963.54,-1,cvat_interp
346,21,21,3,1.0,637.44,501.26,672.67,584.54,-1,cvat_interp
346,24,24,0,1.0,1059.95,734.89,1073.14,747.37,-1,cvat_keyframe
346,25,25,2,1.0,746.51,370.31,773.11,431.29,-1,cvat_interp
346,26,26,2,1.0,596.94,603.42,644.56,702.7,-1,cvat_interp
346,27,27,2,1.0,376.93,302.58,407.0,358.5,-1,cvat_interp
346,28,28,2,1.0,263.42,441.44,297.17,522.36,-1,cvat_interp
346,29,29,2,1.0,292.95,374.21,320.55,435.67,-1,cvat_interp
346,30,30,2,1.0,230.57,347.55,257.47,406.21,-1,cvat_interp
346,31,31,2,1.0,172.21,508.61,209.75,594.77,-1,cvat_interp
346,32,32,3,1.0,184.1,247.21,207.47,291.43,-1,cvat_interp
346,33,33,2,1.0,139.58,444.38,170.88,525.94,-1,cvat_interp
346,34,34,2,1.0,100.21,556.77,156.04,646.67,-1,cvat_interp
347,0,0,2,1.0,965.35,709.08,1028.38,815.75,-1,cvat_interp
347,10,10,2,1.0,988.33,647.5,1051.23,739.17,-1,cvat_keyframe
347,11,11,2,1.0,1111.96,545.64,1159.55,631.74,-1,cvat_interp
347,12,12,2,1.0,1267.68,288.04,1291.12,344.56,-1,cvat_interp
347,13,13,2,1.0,1368.25,504.71,1404.72,583.07,-1,cvat_interp
347,14,14,2,1.0,1667.1,455.57,1701.76,531.79,-1,cvat_interp
347,15,15,2,1.0,1110.01,691.85,1197.96,776.0,-1,cvat_interp
347,16,16,2,1.0,1040.5,708.8,1116.1,769.85,-1,cvat_interp
347,17,17,2,1.0,1645.7,380.4,1680.7,447.8,-1,cvat_interp
347,18,18,2,1.0,1374.43,294.63,1395.03,346.08,-1,cvat_interp
347,19,19,2,1.0,1856.81,844.24,1919.25,964.38,-1,cvat_interp
347,21,21,3,1.0,643.36,501.2,678.6,584.49,-1,cvat_interp
347,24,24,0,1.0,1061.82,733.04,1075.01,745.52,-1,cvat_interp
347,25,25,2,1.0,753.15,370.73,779.75,431.71,-1,cvat_interp
347,26,26,2,1.0,601.63,605.24,650.37,704.55,-1,cvat_interp
347,27,27,2,1.0,385.01,302.46,415.07,357.96,-1,cvat_interp
347,28,28,2,1.0,271.2,441.4,304.95,522.24,-1,cvat_interp
347,29,29,2,1.0,300.91,373.8,328.51,435.27,-1,cvat_interp
347,30,30,2,1.0,238.37,347.13,265.27,405.8,-1,cvat_interp
347,31,31,2,1.0,180.36,508.75,218.02,595.51,-1,cvat_interp
347,32,32,3,1.0,192.19,246.79,215.56,291.01,-1,cvat_interp
347,33,33,2,1.0,147.42,443.3,178.72,525.28,-1,cvat_interp
347,34,34,2,1.0,107.86,556.35,163.28,646.25,-1,cvat_interp
348,0,0,2,1.0,966.0,707.22,1026.63,813.73,-1,cvat_interp
348,10,10,2,1.0,996.85,648.43,1058.35,738.13,-1,cvat_interp
348,11,11,2,1.0,1117.55,545.79,1164.3,631.89,-1,cvat_interp
348,12,12,2,1.0,1274.66,288.36,1297.73,344.82,-1,cvat_interp
348,13,13,2,1.0,1373.84,505.39,1410.5,583.96,-1,cvat_interp
348,14,14,2,1.0,1674.17,456.34,1708.83,532.81,-1,cvat_interp
348,15,15,2,1.0,1105.9,692.5,1195.7,775.0,-1,cvat_keyframe
348,16,16,2,1.0,1030.9,712.9,1112.1,768.9,-1,cvat_keyframe
348,17,17,2,1.0,1651.74,380.97,1686.74,448.37,-1,cvat_interp
348,18,18,2,1.0,1380.86,295.29,1401.46,346.88,-1,cvat_interp
348,19,19,2,1.0,1859.14,845.38,1919.5,965.22,-1,cvat_interp
348,21,21,3,1.0,649.28,501.14,684.52,584.43,-1,cvat_interp
348,24,24,0,1.0,1063.7,731.2,1076.89,743.68,-1,cvat_interp
348,25,25,2,1.0,759.79,371.15,786.39,432.13,-1,cvat_interp
348,26,26,2,1.0,606.32,607.06,656.18,706.4,-1,cvat_interp
348,27,27,2,1.0,393.08,302.34,423.14,357.41,-1,cvat_interp
348,28,28,2,1.0,278.99,441.37,312.74,522.13,-1,cvat_interp
348,29,29,2,1.0,308.88,373.4,336.47,434.86,-1,cvat_interp
348,30,30,2,1.0,246.17,346.72,273.07,405.38,-1,cvat_interp
348,31,31,2,1.0,188.51,508.9,226.28,596.24,-1,cvat_interp
348,32,32,3,1.0,200.28,246.37,223.65,290.58,-1,cvat_interp
348,33,33,2,1.0,155.27,442.21,186.57,524.62,-1,cvat_interp
348,34,34,2,1.0,115.51,555.94,170.52,645.84,-1,cvat_interp
349,0,0,2,1.0,966.65,705.37,1024.89,811.72,-1,cvat_interp
349,10,10,2,1.0,1005.38,649.37,1065.47,737.08,-1,cvat_interp
349,11,11,2,1.0,1123.14,545.95,1169.05,632.05,-1,cvat_interp
349,12,12,2,1.0,1281.63,288.68,1304.34,345.08,-1,cvat_interp
349,13,13,2,1.0,1379.43,506.06,1416.28,584.85,-1,cvat_interp
349,14,14,2,1.0,1681.23,457.12,1715.9,533.84,-1,cvat_interp
349,15,15,2,1.0,1110.25,693.15,1186.35,776.55,-1,cvat_interp
349,16,16,2,1.0,1022.7,717.0,1114.9,767.25,-1,cvat_interp
349,17,17,2,1.0,1657.79,381.53,1692.79,448.93,-1,cvat_interp
349,18,18,2,1.0,1387.28,295.94,1407.88,347.68,-1,cvat_interp
349,19,19,2,1.0,1861.47,846.51,1919.75,966.06,-1,cvat_interp
349,21,21,3,1.0,655.2,501.08,690.44,584.37,-1,cvat_interp
349,24,24,0,1.0,1065.57,729.35,1078.76,741.83,-1,cvat_interp
349,25,25,2,1.0,766.42,371.57,793.02,432.55,-1,cvat_interp
349,26,26,2,1.0,611.01,608.88,661.99,708.25,-1,cvat_interp
349,27,27,2,1.0,401.15,302.22,431.22,356.87,-1,cvat_interp
349,28,28,2,1.0,286.77,441.33,320.52,522.01,-1,cvat_interp
349,29,29,2,1.0,316.84,372.99,344.44,434.46,-1,cvat_interp
349,30,30,2,1.0,253.96,346.3,280.86,404.97,-1,cvat_interp
349,31,31,2,1.0,196.65,509.05,234.55,596.97,-1,cvat_interp
349,32,32,3,1.0,208.36,245.95,231.74,290.16,-1,cvat_interp
349,33,33,2,1.0,163.12,441.12,194.42,523.96,-1,cvat_interp
349,34,34,2,1.0,123.15,555.52,177.76,645.42,-1,cvat_interp
350,0,0,2,1.0,967.3,703.51,1023.15,809.7,-1,cvat_keyframe
350,10,10,2,1.0,1013.9,650.3,1072.58,736.03,-1,cvat_keyframe
350,11,11,2,1.0,1128.74,546.1,1173.8,632.2,-1,cvat_keyframe
350,12,12,2,1.0,1288.6,289.0,1310.95,345.35,-1,cvat_keyframe
350,13,13,2,1.0,1385.02,506.74,1422.07,585.74,-1,cvat_keyframe
350,14,14,2,1.0,1688.3,457.9,1722.97,534.86,-1,cvat_keyframe
350,15,15,2,1.0,1114.6,693.8,1177.0,778.1,-1,cvat_keyframe
350,16,16,2,1.0,1014.5,721.1,1117.7,765.6,-1,cvat_keyframe
350,17,17,2,1.0,1663.83,382.1,1698.83,449.5,-1,cvat_keyframe
350,18,18,2,1.0,1393.7,296.6,1414.3,348.49,-1,cvat_keyframe
350,19,19,2,1.0,1863.8,847.65,1920.0,966.9,-1,cvat_keyframe
350,21,21,3,1.0,661.13,501.02,696.36,584.31,-1,cvat_keyframe
350,24,24,0,1.0,1067.45,727.51,1080.64,739.99,-1,cvat_keyframe
350,25,25,2,1.0,773.06,371.99,799.66,432.97,-1,cvat_keyframe
350,26,26,2,1.0,615.7,610.7,667.8,710.1,-1,cvat_keyframe
350,27,27,2,1.0,409.22,302.1,439.29,356.32,-1,cvat_keyframe
350,28,28,2,1.0,294.56,441.3,328.31,521.9,-1,cvat_keyframe
350,29,29,2,1.0,324.8,372.59,352.4,434.05,-1,cvat_keyframe
350,30,30,2,1.0,261.76,345.89,288.66,404.55,-1,cvat_keyframe
350,31,31,2,1.0,204.8,509.2,242.82,597.7,-1,cvat_keyframe
350,32,32,3,1.0,216.45,245.52,239.82,289.74,-1,cvat_keyframe
350,33,33,2,1.0,170.96,440.04,202.26,523.3,-1,cvat_keyframe
350,34,34,2,1.0,130.8,555.11,185.0,645.01,-1,cvat_keyframe
351,0,0,2,1.0,965.08,702.74,1023.15,807.98,-1,cvat_interp
351,10,10,2,1.0,1017.0,647.84,1080.37,736.16,-1,cvat_keyframe
351,11,11,2,1.0,1128.74,546.1,1181.0,633.3,-1,cvat_keyframe
351,12,12,2,1.0,1294.34,288.84,1316.7,345.2,-1,cvat_interp
351,13,13,2,1.0,1389.95,507.15,1426.99,586.63,-1,cvat_interp
351,14,14,2,1.0,1694.54,458.31,1729.22,534.92,-1,cvat_interp
351,15,15,2,1.0,1111.7,691.22,1176.17,777.58,-1,cvat_interp
351,16,16,2,1.0,1012.87,719.96,1115.25,764.93,-1,cvat_interp
351,17,17,2,1.0,1668.77,382.66,1704.2,449.59,-1,cvat_interp
351,18,18,2,1.0,1399.21,296.73,1419.81,348.62,-1,cvat_interp
351,19,19,2,1.0,1867.6,851.7,1920.0,961.72,-1,cvat_interp
351,21,21,3,1.0,661.13,501.02,703.4,584.31,-1,cvat_keyframe
351,24,24,0,1.0,1077.66,728.76,1090.85,741.24,-1,cvat_keyframe
351,25,25,2,1.0,779.24,372.55,805.84,433.53,-1,cvat_interp
351,26,26,2,1.0,621.08,610.08,673.18,709.73,-1,cvat_interp
351,27,27,2,1.0,409.49,301.57,439.55,355.79,-1,cvat_keyframe
351,28,28,2,1.0,294.56,441.3,330.9,526.0,-1,cvat_keyframe
351,29,29,2,1.0,324.8,372.59,356.5,434.4,-1,cvat_keyframe
351,30,30,2,1.0,263.73,345.74,290.63,404.4,-1,cvat_keyframe
351,31,31,2,1.0,211.91,509.26,249.93,597.76,-1,cvat_interp
351,32,32,3,1.0,223.19,245.03,246.56,289.24,-1,cvat_interp
351,33,33,2,1.0,173.99,440.04,205.29,523.3,-1,cvat_keyframe
351,34,34,2,1.0,136.49,554.41,190.69,644.76,-1,cvat_interp
352,0,0,2,1.0,962.86,701.98,1023.15,806.26,-1,cvat_interp
352,10,10,2,1.0,1024.74,645.38,1088.15,736.3,-1,cvat_interp
352,11,11,2,1.0,1136.07,546.2,1187.99,633.35,-1,cvat_interp
352,12,12,2,1.0,1300.09,288.69,1322.44,345.04,-1,cvat_interp
352,13,13,2,1.0,1394.88,507.56,1431.92,587.51,-1,cvat_interp
352,14,14,2,1.0,1700.78,458.72,1735.47,534.99,-1,cvat_interp
352,15,15,2,1.0,1108.8,688.63,1175.33,777.07,-1,cvat_interp
352,16,16,2,1.0,1011.24,718.82,1112.8,764.26,-1,cvat_interp
352,17,17,2,1.0,1673.71,383.22,1709.57,449.68,-1,cvat_interp
352,18,18,2,1.0,1404.72,296.86,1425.32,348.75,-1,cvat_interp
352,19,19,2,1.0,1871.4,855.76,1920.0,956.54,-1,cvat_interp
352,21,21,3,1.0,667.72,500.95,709.99,584.24,-1,cvat_interp
352,24,24,0,1.0,1098.73,733.13,1112.4,746.22,-1,cvat_interp
352,25,25,2,1.0,785.42,373.12,812.02,434.1,-1,cvat_interp
352,26,26,2,1.0,626.46,609.46,678.56,709.36,-1,cvat_interp
352,27,27,2,1.0,416.49,300.89,446.56,355.11,-1,cvat_interp
352,28,28,2,1.0,302.53,441.85,338.87,526.55,-1,cvat_interp
352,29,29,2,1.0,331.67,371.7,363.37,433.51,-1,cvat_interp
352,30,30,2,1.0,270.53,345.46,298.35,404.08,-1,cvat_interp
352,31,31,2,1.0,219.02,509.32,257.04,597.82,-1,cvat_interp
352,32,32,3,1.0,229.93,244.53,253.3,288.75,-1,cvat_interp
352,33,33,2,1.0,180.86,439.97,212.16,523.23,-1,cvat_interp
352,34,34,2,1.0,142.17,553.7,196.37,644.51,-1,cvat_interp
353,0,0,2,1.0,960.64,701.21,1023.15,804.53,-1,cvat_interp
353,10,10,2,1.0,1032.48,642.91,1095.93,736.43,-1,cvat_interp
353,11,11,2,1.0,1143.41,546.29,1194.98,633.39,-1,cvat_interp
353,12,12,2,1.0,1305.84,288.54,1328.19,344.89,-1,cvat_interp
353,13,13,2,1.0,1399.81,507.97,1436.85,588.4,-1,cvat_interp
353,14,14,2,1.0,1707.02,459.13,1741.73,535.05,-1,cvat_interp
353,15,15,2,1.0,1105.9,686.05,1174.5,776.55,-1,cvat_interp
353,16,16,2,1.0,1009.61,717.68,1110.35,763.59,-1,cvat_interp
353,17,17,2,1.0,1678.65,383.78,1714.93,449.77,-1,cvat_interp
353,18,18,2,1.0,1410.23,297.0,1430.83,348.88,-1,cvat_interp
353,19,19,2,1.0,1875.2,859.81,1920.0,951.36,-1,cvat_interp
353,21,21,3,1.0,674.31,500.88,716.59,584.17,-1,cvat_interp
353,24,24,0,1.0,1119.8,737.5,1133.96,751.19,-1,cvat_interp
353,25,25,2,1.0,791.6,373.69,818.2,434.67,-1,cvat_interp
353,26,26,2,1.0,631.83,608.84,683.93,708.99,-1,cvat_interp
353,27,27,2,1.0,423.5,300.2,453.56,354.42,-1,cvat_interp
353,28,28,2,1.0,310.49,442.4,346.83,527.1,-1,cvat_interp
353,29,29,2,1.0,338.53,370.8,370.24,432.61,-1,cvat_interp
353,30,30,2,1.0,277.32,345.19,306.07,403.75,-1,cvat_interp
353,31,31,2,1.0,226.13,509.39,264.15,597.89,-1,cvat_interp
353,32,32,3,1.0,236.67,244.04,260.04,288.26,-1,cvat_interp
353,33,33,2,1.0,187.73,439.9,219.03,523.16,-1,cvat_interp
353,34,34,2,1.0,147.86,553.0,202.06,644.27,-1,cvat_interp
354,0,0,2,1.0,958.42,700.44,1023.15,802.81,-1,cvat_interp
354,10,10,2,1.0,1040.22,640.45,1103.71,736.56,-1,cvat_interp
354,11,11,2,1.0,1150.74,546.39,1201.97,633.44,-1,cvat_interp
354,12,12,2,1.0,1311.58,288.39,1333.93,344.74,-1,cvat_interp
354,13,13,2,1.0,1404.74,508.38,1441.78,589.28,-1,cvat_interp
354,14,14,2,1.0,1713.26,459.54,1747.98,535.12,-1,cvat_interp
354,15,15,2,1.0,1103.0,683.47,1173.67,776.03,-1,cvat_interp
354,16,16,2,1.0,1007.98,716.54,1107.9,762.92,-1,cvat_interp
354,17,17,2,1.0,1683.59,384.34,1720.3,449.86,-1,cvat_interp
354,18,18,2,1.0,1415.73,297.13,1436.33,349.02,-1,cvat_interp
354,19,19,2,1.0,1879.0,863.87,1920.0,946.18,-1,cvat_interp
354,21,21,3,1.0,680.91,500.81,723.18,584.1,-1,cvat_interp
354,24,24,0,1.0,1140.87,741.87,1155.51,756.17,-1,cvat_interp
354,25,25,2,1.0,797.77,374.25,824.37,435.23,-1,cvat_interp
354,26,26,2,1.0,637.21,608.22,689.31,708.62,-1,cvat_interp
354,27,27,2,1.0,430.5,299.51,460.57,353.73,-1,cvat_interp
354,28,28,2,1.0,318.46,442.95,354.8,527.65,-1,cvat_interp
354,29,29,2,1.0,345.4,369.91,377.11,431.72,-1,cvat_interp
354,30,30,2,1.0,284.12,344.91,313.79,403.43,-1,cvat_interp
354,31,31,2,1.0,233.24,509.45,271.26,597.95,-1,cvat_interp
354,32,32,3,1.0,243.4,243.54,266.77,287.76,-1,cvat_interp
354,33,33,2,1.0,194.6,439.83,225.9,523.09,-1,cvat_interp
354,34,34,2,1.0,153.55,552.3,207.75,644.02,-1,cvat_interp
355,0,0,2,1.0,956.2,699.67,1023.15,801.09,-1,cvat_interp
355,10,10,2,1.0,1047.96,637.99,1111.49,736.7,-1,cvat_interp
355,11,11,2,1.0,1158.08,546.49,1208.95,633.48,-1,cvat_interp
355,12,12,2,1.0,1317.33,288.23,1339.68,344.59,-1,cvat_interp
355,13,13,2,1.0,1409.67,508.79,1446.71,590.17,-1,cvat_interp
355,14,14,2,1.0,1719.5,459.96,1754.23,535.19,-1,cvat_interp
355,15,15,2,1.0,1100.1,680.88,1172.83,775.52,-1,cvat_interp
355,16,16,2,1.0,1006.35,715.4,1105.45,762.25,-1,cvat_interp
355,17,17,2,1.0,1688.53,384.9,1725.67,449.95,-1,cvat_interp
355,18,18,2,1.0,1421.24,297.26,1441.84,349.15,-1,cvat_interp
355,19,19,2,1.0,1882.8,867.92,1920.0,941.0,-1,cvat_interp
355,21,21,3,1.0,687.5,500.74,729.78,584.03,-1,cvat_interp
355,24,24,0,1.0,1161.93,746.23,1177.07,761.14,-1,cvat_interp
355,25,25,2,1.0,803.95,374.82,830.55,435.8,-1,cvat_interp
355,26,26,2,1.0,642.59,607.6,694.69,708.25,-1,cvat_interp
355,27,27,2,1.0,437.51,298.83,467.58,353.05,-1,cvat_interp
355,28,28,2,1.0,326.43,443.5,362.77,528.2,-1,cvat_interp
355,29,29,2,1.0,352.27,369.02,383.97,430.83,-1,cvat_interp
355,30,30,2,1.0,290.92,344.64,321.51,403.1,-1,cvat_interp
355,31,31,2,1.0,240.34,509.51,278.37,598.01,-1,cvat_interp
355,32,32,3,1.0,250.14,243.05,273.51,287.27,-1,cvat_interp
355,33,33,2,1.0,201.47,439.76,232.77,523.03,-1,cvat_interp
355,34,34,2,1.0,159.24,551.6,213.44,643.77,-1,cvat_interp
356,0,0,2,1.0,953.98,698.9,1023.15,799.37,-1,cvat_interp
356,10,10,2,1.0,1055.7,635.53,1119.27,736.83,-1,cvat_interp
356,11,11,2,1.0,1165.41,546.59,1215.94,633.53,-1,cvat_interp
356,12,12,2,1.0,1323.07,288.08,1345.42,344.43,-1,cvat_interp
356,13,13,2,1.0,1414.59,509.2,1451.63,591.06,-1,cvat_interp
356,14,14,2,1.0,1725.74,460.37,1760.49,535.25,-1,cvat_keyframe
356,15,15,2,1.0,1097.2,678.3,1172.0,775.0,-1,cvat_keyframe
356,16,16,2,1.0,1004.73,714.26,1103.0,761.58,-1,cvat_interp
356,17,17,2,1.0,1693.47,385.46,1731.03,450.04,-1,cvat_interp
356,18,18,2,1.0,1426.75,297.39,1447.35,349.28,-1,cvat_interp
356,19,19,2,1.0,1886.6,871.98,1920.0,935.82,-1,cvat_interp
356,21,21,3,1.0,694.09,500.68,736.37,583.96,-1,cvat_interp
356,24,24,0,1.0,1183.0,750.6,1198.63,766.11,-1,cvat_keyframe
356,25,25,2,1.0,810.13,375.39,836.73,436.37,-1,cvat_interp
356,26,26,2,1.0,647.97,606.98,700.07,707.87,-1,cvat_interp
356,27,27,2,1.0,444.52,298.14,474.58,352.36,-1,cvat_interp
356,28,28,2,1.0,334.4,444.05,370.74,528.75,-1,cvat_interp
356,29,29,2,1.0,359.14,368.12,390.84,429.94,-1,cvat_interp
356,30,30,2,1.0,297.72,344.36,329.23,402.78,-1,cvat_interp
356,31,31,2,1.0,247.45,509.57,285.48,598.07,-1,cvat_interp
356,32,32,3,1.0,256.88,242.56,280.25,286.77,-1,cvat_interp
356,33,33,2,1.0,208.33,439.69,239.63,522.96,-1,cvat_interp
356,34,34,2,1.0,164.92,550.9,219.12,643.53,-1,cvat_keyframe
357,0,0,2,1.0,951.76,698.14,1023.15,797.64,-1,cvat_interp
357,10,10,2,1.0,1063.44,633.06,1127.06,736.97,-1,cvat_interp
357,11,11,2,1.0,1172.75,546.68,1222.93,633.57,-1,cvat_interp
357,12,12,2,1.0,1328.82,287.93,1351.17,344.28,-1,cvat_interp
357,13,13,2,1.0,1419.52,509.61,1456.56,591.94,-1,cvat_interp
357,14,14,2,1.0,1729.91,460.9,1764.66,535.44,-1,cvat_interp
357,15,15,2,1.0,1094.3,678.31,1173.91,774.73,-1,cvat_interp
357,16,16,2,1.0,1003.1,713.12,1100.55,760.91,-1,cvat_interp
357,17,17,2,1.0,1698.41,386.02,1736.4,450.13,-1,cvat_interp
357,18,18,2,1.0,1432.26,297.53,1452.86,349.41,-1,cvat_interp
357,19,19,2,1.0,1890.4,876.03,1920.0,930.64,-1,cvat_interp
357,21,21,3,1.0,700.69,500.61,742.96,583.9,-1,cvat_interp
357,24,24,0,1.0,1200.65,755.65,1216.76,771.77,-1,cvat_interp
357,25,25,2,1.0,816.31,375.95,842.91,436.93,-1,cvat_interp
357,26,26,2,1.0,653.35,606.36,705.45,707.5,-1,cvat_interp
357,27,27,2,1.0,451.52,297.45,481.59,351.67,-1,cvat_interp
357,28,28,2,1.0,342.36,444.6,378.7,529.3,-1,cvat_interp
357,29,29,2,1.0,366.01,367.23,397.71,429.04,-1,cvat_interp
357,30,30,2,1.0,304.52,344.09,336.96,402.45,-1,cvat_interp
357,31,31,2,1.0,254.56,509.63,292.58,598.13,-1,cvat_interp
357,32,32,3,1.0,263.62,242.06,286.99,286.28,-1,cvat_interp
357,33,33,2,1.0,215.2,439.62,246.5,522.89,-1,cvat_interp
357,34,34,2,1.0,170.61,550.0,224.81,643.28,-1,cvat_interp
358,0,0,2,1.0,949.54,697.37,1023.15,795.92,-1,cvat_interp
358,10,10,2,1.0,1071.18,630.6,1134.84,737.1,-1,cvat_keyframe
358,11,11,2,1.0,1180.08,546.78,1229.92,633.62,-1,cvat_keyframe
358,12,12,2,1.0,1334.56,287.78,1356.91,344.13,-1,cvat_interp
358,13,13,2,1.0,1424.45,510.02,1461.49,592.83,-1,cvat_interp
358,14,14,2,1.0,1734.08,461.43,1768.84,535.63,-1,cvat_interp
358,15,15,2,1.0,1091.4,678.31,1175.81,774.47,-1,cvat_interp
358,16,16,2,1.0,1001.47,711.98,1098.1,760.24,-1,cvat_interp
358,17,17,2,1.0,1703.35,386.58,1741.77,450.22,-1,cvat_interp
358,18,18,2,1.0,1437.76,297.66,1458.36,349.55,-1,cvat_interp
358,19,19,2,1.0,1894.2,880.09,1920.0,925.46,-1,cvat_interp
358,21,21,3,1.0,707.28,500.54,749.56,583.83,-1,cvat_interp
358,24,24,0,1.0,1218.3,760.7,1234.9,777.43,-1,cvat_keyframe
358,25,25,2,1.0,822.48,376.52,849.08,437.5,-1,cvat_interp
358,26,26,2,1.0,658.72,605.74,710.82,707.13,-1,cvat_interp
358,27,27,2,1.0,458.53,296.77,488.59,350.99,-1,cvat_interp
358,28,28,2,1.0,350.33,445.15,386.67,529.85,-1,cvat_interp
358,29,29,2,1.0,372.88,366.34,404.58,428.15,-1,cvat_interp
358,30,30,2,1.0,311.32,343.81,344.68,402.13,-1,cvat_interp
358,31,31,2,1.0,261.67,509.69,299.69,598.19,-1,cvat_interp
358,32,32,3,1.0,270.36,241.57,293.73,285.78,-1,cvat_interp
358,33,33,2,1.0,222.07,439.56,253.37,522.82,-1,cvat_interp
358,34,34,2,1.0,176.3,549.1,230.5,643.03,-1,cvat_interp
359,0,0,2,1.0,947.32,696.6,1023.15,794.2,-1,cvat_keyframe
359,10,10,2,1.0,1078.34,631.05,1142.62,732.65,-1,cvat_interp
359,11,11,2,1.0,1183.22,547.12,1232.71,633.91,-1,cvat_interp
359,12,12,2,1.0,1340.31,287.62,1362.66,343.98,-1,cvat_interp
359,13,13,2,1.0,1429.38,510.44,1466.42,593.71,-1,cvat_interp
359,14,14,2,1.0,1738.24,461.97,1773.02,535.81,-1,cvat_interp
359,15,15,2,1.0,1088.5,678.32,1177.72,774.2,-1,cvat_keyframe
359,16,16,2,1.0,999.84,710.84,1095.65,759.57,-1,cvat_interp
359,17,17,2,1.0,1708.29,387.14,1747.13,450.31,-1,cvat_interp
359,18,18,2,1.0,1443.27,297.79,1463.87,349.68,-1,cvat_interp
359,19,19,2,1.0,1898.0,884.15,1920.0,920.28,-1,cvat_interp
359,21,21,3,1.0,713.88,500.47,756.15,583.76,-1,cvat_interp
359,24,24,0,1.0,1242.29,770.26,1255.48,782.6,-1,cvat_keyframe
359,25,25,2,1.0,828.66,377.08,855.26,438.06,-1,cvat_interp
359,26,26,2,1.0,664.1,605.12,716.2,706.76,-1,cvat_interp
359,27,27,2,1.0,465.53,296.08,495.6,350.3,-1,cvat_interp
359,28,28,2,1.0,358.3,445.7,394.64,530.4,-1,cvat_interp
359,29,29,2,1.0,379.74,365.45,411.45,427.26,-1,cvat_interp
359,30,30,2,1.0,318.12,343.54,352.4,401.8,-1,cvat_keyframe
359,31,31,2,1.0,268.78,509.76,306.8,598.26,-1,cvat_interp
359,32,32,3,1.0,277.09,241.07,300.46,285.29,-1,cvat_interp
359,33,33,2,1.0,228.94,439.49,260.24,522.75,-1,cvat_interp
359,34,34,2,1.0,181.98,548.2,236.18,642.78,-1,cvat_interp
360,0,0,2,1.0,945.1,694.9,1023.15,800.8,-1,cvat_keyframe
360,10,10,2,1.0,1085.5,631.5,1150.4,728.2,-1,cvat_keyframe
360,11,11,2,1.0,1186.36,547.47,1235.5,634.2,-1,cvat_keyframe
360,12,12,2,1.0,1346.05,287.47,1368.41,343.82,-1,cvat_keyframe
360,13,13,2,1.0,1434.31,510.85,1471.35,594.6,-1,cvat_keyframe
360,14,14,2,1.0,1742.41,462.5,1777.2,536.0,-1,cvat_keyframe
360,15,15,2,1.0,1090.74,676.6,1177.8,773.8,-1,cvat_keyframe
360,16,16,2,1.0,998.21,709.7,1093.2,758.9,-1,cvat_keyframe
360,17,17,2,1.0,1713.23,387.7,1752.5,450.4,-1,cvat_keyframe
360,18,18,2,1.0,1448.78,297.92,1469.38,349.81,-1,cvat_keyframe
360,19,19,2,1.0,1901.8,888.2,1920.0,915.1,-1,cvat_keyframe
360,21,21,3,1.0,720.47,500.4,762.74,583.69,-1,cvat_keyframe
360,24,24,0,1.0,1254.46,774.8,1267.65,787.12,-1,cvat_keyframe
360,25,25,2,1.0,834.84,377.65,861.44,438.63,-1,cvat_keyframe
360,26,26,2,1.0,669.48,604.5,721.58,706.39,-1,cvat_keyframe
360,27,27,2,1.0,472.54,295.39,502.6,349.61,-1,cvat_keyframe
360,28,28,2,1.0,366.26,446.25,402.61,530.95,-1,cvat_keyframe
360,29,29,2,1.0,386.61,364.55,418.32,426.36,-1,cvat_keyframe
360,30,30,2,1.0,324.92,343.26,351.82,401.93,-1,cvat_keyframe
360,31,31,2,1.0,275.89,509.82,313.91,598.32,-1,cvat_keyframe
360,32,32,3,1.0,283.83,240.58,307.2,284.79,-1,cvat_keyframe
360,33,33,2,1.0,235.81,439.42,267.11,522.68,-1,cvat_keyframe
360,34,34,2,1.0,187.67,547.3,241.87,642.54,-1,cvat_keyframe
361,0,0,2,1.0,947.9,695.95,1021.49,799.25,-1,cvat_interp
361,10,10,2,1.0,1091.6,634.2,1161.25,731.33,-1,cvat_interp
361,11,11,2,1.0,1192.44,549.38,1250.0,634.0,-1,cvat_keyframe
361,12,12,2,1.0,1351.11,287.73,1373.47,344.08,-1,cvat_interp
361,13,13,2,1.0,1439.31,512.27,1476.35,595.74,-1,cvat_interp
361,14,14,2,1.0,1746.71,462.86,1784.3,536.36,-1,cvat_keyframe
361,15,15,2,1.0,1091.7,675.16,1170.95,773.12,-1,cvat_interp
361,16,16,2,1.0,996.49,704.4,1087.72,759.46,-1,cvat_interp
361,17,17,2,1.0,1718.45,387.52,1760.7,451.9,-1,cvat_keyframe
361,18,18,2,1.0,1453.58,298.04,1474.18,349.92,-1,cvat_interp
361,19,19,2,1.0,1902.23,887.27,1920.0,914.17,-1,cvat_interp
361,21,21,3,1.0,724.66,501.06,767.2,583.25,-1,cvat_interp
361,24,24,0,1.0,1279.21,784.39,1292.4,796.71,-1,cvat_keyframe
361,25,25,2,1.0,839.38,377.89,865.98,438.87,-1,cvat_interp
361,26,26,2,1.0,672.98,601.8,724.74,707.54,-1,cvat_keyframe
361,27,27,2,1.0,477.47,295.35,507.54,349.57,-1,cvat_interp
361,28,28,2,1.0,373.69,446.61,410.03,531.32,-1,cvat_interp
361,29,29,2,1.0,390.71,364.89,422.42,426.7,-1,cvat_interp
361,30,30,2,1.0,328.73,342.95,356.02,401.58,-1,cvat_interp
361,31,31,2,1.0,280.46,511.72,318.48,600.22,-1,cvat_interp
361,32,32,3,1.0,290.15,240.02,313.52,284.24,-1,cvat_interp
361,33,33,2,1.0,241.06,439.13,272.36,522.4,-1,cvat_interp
361,34,34,2,1.0,194.25,546.73,248.17,641.36,-1,cvat_interp
362,0,0,2,1.0,950.7,697.0,1019.83,797.7,-1,cvat_interp
362,10,10,2,1.0,1097.7,636.9,1172.1,734.46,-1,cvat_interp
362,11,11,2,1.0,1198.53,551.3,1255.29,636.1,-1,cvat_interp
362,12,12,2,1.0,1356.17,287.99,1378.53,344.34,-1,cvat_interp
362,13,13,2,1.0,1444.32,513.7,1481.36,596.88,-1,cvat_interp
362,14,14,2,1.0,1751.01,463.22,1788.87,536.72,-1,cvat_interp
362,15,15,2,1.0,1092.67,673.72,1164.1,772.45,-1,cvat_interp
362,16,16,2,1.0,994.77,699.1,1082.25,760.02,-1,cvat_keyframe
362,17,17,2,1.0,1723.67,387.33,1765.34,451.85,-1,cvat_interp
362,18,18,2,1.0,1458.39,298.15,1478.99,350.03,-1,cvat_interp
362,19,19,2,1.0,1902.66,886.35,1920.0,913.25,-1,cvat_interp
362,21,21,3,1.0,728.86,501.72,771.66,582.81,-1,cvat_interp
362,24,24,0,1.0,1293.91,786.43,1307.09,798.75,-1,cvat_interp
362,25,25,2,1.0,843.92,378.13,870.52,439.11,-1,cvat_interp
362,26,26,2,1.0,676.48,602.74,727.9,708.69,-1,cvat_interp
362,27,27,2,1.0,482.41,295.31,512.47,349.53,-1,cvat_interp
362,28,28,2,1.0,381.12,446.98,417.46,531.69,-1,cvat_interp
362,29,29,2,1.0,394.81,365.22,426.52,427.03,-1,cvat_interp
362,30,30,2,1.0,332.55,342.63,360.21,401.24,-1,cvat_interp
362,31,31,2,1.0,285.02,513.62,323.04,602.12,-1,cvat_interp
362,32,32,3,1.0,296.48,239.46,319.85,283.68,-1,cvat_interp
362,33,33,2,1.0,246.31,438.85,277.61,522.11,-1,cvat_interp
362,34,34,2,1.0,200.82,546.15,254.46,640.19,-1,cvat_interp
363,0,0,2,1.0,953.5,698.05,1018.16,796.15,-1,cvat_interp
363,10,10,2,1.0,1103.8,639.6,1182.95,737.59,-1,cvat_interp
363,11,11,2,1.0,1204.61,553.22,1260.58,638.2,-1,cvat_interp
363,12,12,2,1.0,1361.23,288.25,1383.59,344.6,-1,cvat_interp
363,13,13,2,1.0,1449.33,515.13,1486.37,598.02,-1,cvat_interp
363,14,14,2,1.0,1755.31,463.57,1793.43,537.07,-1,cvat_interp
363,15,15,2,1.0,1093.63,672.28,1157.25,771.77,-1,cvat_interp
363,16,16,2,1.0,993.05,702.8,1076.77,760.58,-1,cvat_interp
363,17,17,2,1.0,1728.88,387.15,1769.99,451.81,-1,cvat_interp
363,18,18,2,1.0,1463.19,298.26,1483.79,350.14,-1,cvat_interp
363,19,19,2,1.0,1903.1,885.42,1920.0,912.32,-1,cvat_interp
363,21,21,3,1.0,733.05,502.38,776.11,582.37,-1,cvat_interp
363,24,24,0,1.0,1308.6,788.48,1321.79,800.8,-1,cvat_interp
363,25,25,2,1.0,848.46,378.37,875.06,439.35,-1,cvat_interp
363,26,26,2,1.0,679.99,603.69,731.07,709.85,-1,cvat_interp
363,27,27,2,1.0,487.34,295.27,517.41,349.49,-1,cvat_interp
363,28,28,2,1.0,388.54,447.35,424.89,532.05,-1,cvat_interp
363,29,29,2,1.0,398.91,365.55,430.62,427.36,-1,cvat_interp
363,30,30,2,1.0,336.36,342.31,364.41,400.9,-1,cvat_interp
363,31,31,2,1.0,289.59,515.52,327.61,604.02,-1,cvat_interp
363,32,32,3,1.0,302.8,238.9,326.17,283.12,-1,cvat_interp
363,33,33,2,1.0,251.56,438.56,282.86,521.83,-1,cvat_interp
363,34,34,2,1.0,207.4,545.58,260.76,639.02,-1,cvat_interp
364,0,0,2,1.0,956.3,699.1,1016.5,794.6,-1,cvat_keyframe
364,10,10,2,1.0,1109.9,642.3,1193.8,740.73,-1,cvat_keyframe
364,11,11,2,1.0,1210.7,555.14,1265.87,640.3,-1,cvat_keyframe
364,12,12,2,1.0,1366.29,288.51,1388.65,344.86,-1,cvat_keyframe
364,13,13,2,1.0,1454.33,516.56,1491.37,599.16,-1,cvat_keyframe
364,14,14,2,1.0,1759.62,463.93,1798.0,537.43,-1,cvat_keyframe
364,15,15,2,1.0,1094.6,670.84,1150.4,771.1,-1,cvat_keyframe
364,16,16,2,1.0,991.33,706.5,1071.3,761.14,-1,cvat_keyframe
364,17,17,2,1.0,1734.1,386.96,1774.63,451.76,-1,cvat_keyframe
364,18,18,2,1.0,1468.0,298.37,1488.6,350.26,-1,cvat_keyframe
364,19,19,2,1.0,1903.53,884.49,1920.0,911.39,-1,cvat_interp
364,21,21,3,1.0,737.24,503.04,780.57,581.93,-1,cvat_interp
364,24,24,0,1.0,1323.3,790.52,1336.49,802.84,-1,cvat_keyframe
364,25,25,2,1.0,853.0,378.61,879.6,439.59,-1,cvat_interp
364,26,26,2,1.0,683.49,604.63,734.23,711.0,-1,cvat_interp
364,27,27,2,1.0,492.28,295.22,522.34,349.44,-1,cvat_keyframe
364,28,28,2,1.0,395.97,447.72,432.31,532.42,-1,cvat_keyframe
364,29,29,2,1.0,403.01,365.89,434.72,427.7,-1,cvat_interp
364,30,30,2,1.0,340.17,341.99,368.6,400.56,-1,cvat_keyframe
364,31,31,2,1.0,294.15,517.42,332.18,605.92,-1,cvat_keyframe
364,32,32,3,1.0,309.12,238.34,332.49,282.56,-1,cvat_keyframe
364,33,33,2,1.0,256.81,438.28,288.11,521.54,-1,cvat_keyframe
364,34,34,2,1.0,213.97,545.0,267.05,637.84,-1,cvat_keyframe
365,0,0,2,1.0,955.55,697.12,1013.65,794.25,-1,cvat_interp
365,10,10,2,1.0,1116.0,648.03,1195.8,743.86,-1,cvat_interp
365,11,11,2,1.0,1216.35,555.13,1271.33,640.55,-1,cvat_interp
365,12,12,2,1.0,1368.55,288.6,1390.9,344.95,-1,cvat_interp
365,13,13,2,1.0,1456.35,516.57,1493.39,598.88,-1,cvat_interp
365,14,14,2,1.0,1763.07,464.29,1800.85,537.79,-1,cvat_interp
365,15,15,2,1.0,1090.82,669.4,1147.77,771.46,-1,cvat_interp
365,16,16,2,1.0,989.6,703.4,1061.7,761.7,-1,cvat_keyframe
365,17,17,2,1.0,1736.6,386.9,1775.85,452.22,-1,cvat_interp
365,18,18,2,1.0,1470.29,298.41,1490.89,350.3,-1,cvat_interp
365,19,19,2,1.0,1903.96,883.57,1920.0,910.47,-1,cvat_interp
365,21,21,3,1.0,741.44,503.7,785.02,581.5,-1,cvat_interp
365,24,24,0,1.0,1336.78,794.75,1349.97,807.07,-1,cvat_interp
365,25,25,2,1.0,857.54,378.85,884.14,439.83,-1,cvat_interp
365,26,26,2,1.0,686.99,605.58,737.39,712.15,-1,cvat_interp
365,27,27,2,1.0,495.3,295.3,525.37,349.52,-1,cvat_interp
365,28,28,2,1.0,400.1,448.36,436.44,533.06,-1,cvat_interp
365,29,29,2,1.0,407.12,366.22,438.82,428.03,-1,cvat_interp
365,30,30,2,1.0,343.98,341.68,371.63,400.21,-1,cvat_interp
365,31,31,2,1.0,298.72,517.21,336.74,605.71,-1,cvat_interp
365,32,32,3,1.0,312.89,238.12,336.26,282.33,-1,cvat_interp
365,33,33,2,1.0,259.95,437.99,291.25,521.26,-1,cvat_interp
365,34,34,2,1.0,216.43,544.67,269.23,636.67,-1,cvat_interp
366,0,0,2,1.0,954.8,695.13,1010.8,793.9,-1,cvat_interp
366,10,10,2,1.0,1122.1,653.77,1197.81,746.99,-1,cvat_interp
366,11,11,2,1.0,1221.99,555.12,1276.78,640.81,-1,cvat_interp
366,12,12,2,1.0,1370.8,288.68,1393.16,345.03,-1,cvat_interp
366,13,13,2,1.0,1458.36,516.58,1495.4,598.61,-1,cvat_interp
366,14,14,2,1.0,1766.52,464.65,1803.71,538.15,-1,cvat_interp
366,15,15,2,1.0,1087.03,667.96,1145.13,771.81,-1,cvat_interp
366,16,16,2,1.0,987.88,704.94,1057.62,762.26,-1,cvat_interp
366,17,17,2,1.0,1739.1,386.84,1777.06,452.68,-1,cvat_interp
366,18,18,2,1.0,1472.58,298.46,1493.18,350.35,-1,cvat_interp
366,19,19,2,1.0,1904.39,882.64,1920.0,909.54,-1,cvat_interp
366,21,21,3,1.0,745.63,504.36,789.48,581.06,-1,cvat_interp
366,24,24,0,1.0,1350.26,798.98,1363.45,811.3,-1,cvat_interp
366,25,25,2,1.0,862.08,379.09,888.68,440.06,-1,cvat_interp
366,26,26,2,1.0,690.49,606.52,740.55,713.3,-1,cvat_interp
366,27,27,2,1.0,498.33,295.38,528.39,349.6,-1,cvat_interp
366,28,28,2,1.0,404.22,448.99,440.56,533.69,-1,cvat_interp
366,29,29,2,1.0,411.22,366.55,442.92,428.37,-1,cvat_interp
366,30,30,2,1.0,347.79,341.36,374.67,399.87,-1,cvat_interp
366,31,31,2,1.0,303.29,516.99,341.31,605.49,-1,cvat_interp
366,32,32,3,1.0,316.65,237.89,340.02,282.11,-1,cvat_interp
366,33,33,2,1.0,263.09,437.71,294.39,520.97,-1,cvat_interp
366,34,34,2,1.0,218.88,544.34,271.4,635.49,-1,cvat_interp
367,0,0,2,1.0,954.05,693.15,1007.95,793.55,-1,cvat_interp
367,10,10,2,1.0,1128.2,659.5,1199.81,750.12,-1,cvat_interp
367,11,11,2,1.0,1227.64,555.11,1282.24,641.06,-1,cvat_interp
367,12,12,2,1.0,1373.06,288.77,1395.41,345.12,-1,cvat_interp
367,13,13,2,1.0,1460.38,516.59,1497.42,598.33,-1,cvat_interp
367,14,14,2,1.0,1769.97,465.0,1806.56,538.5,-1,cvat_interp
367,15,15,2,1.0,1083.25,666.52,1142.5,772.17,-1,cvat_interp
367,16,16,2,1.0,986.16,706.48,1053.54,762.82,-1,cvat_interp
367,17,17,2,1.0,1741.6,386.78,1778.28,453.15,-1,cvat_interp
367,18,18,2,1.0,1474.87,298.5,1495.47,350.39,-1,cvat_interp
367,19,19,2,1.0,1904.83,881.72,1920.0,908.62,-1,cvat_keyframe
367,21,21,3,1.0,749.82,505.02,793.93,580.62,-1,cvat_interp
367,24,24,0,1.0,1363.74,803.21,1376.93,815.53,-1,cvat_interp
367,25,25,2,1.0,866.62,379.32,893.22,440.3,-1,cvat_interp
367,26,26,2,1.0,693.99,607.47,743.71,714.45,-1,cvat_interp
367,27,27,2,1.0,501.35,295.46,531.42,349.68,-1,cvat_interp
367,28,28,2,1.0,408.35,449.63,444.69,534.33,-1,cvat_interp
367,29,29,2,1.0,415.32,366.89,447.02,428.7,-1,cvat_interp
367,30,30,2,1.0,351.61,341.04,377.7,399.53,-1,cvat_interp
367,31,31,2,1.0,307.85,516.78,345.88,605.28,-1,cvat_interp
367,32,32,3,1.0,320.42,237.67,343.79,281.89,-1,cvat_interp
367,33,33,2,1.0,266.22,437.43,297.52,520.69,-1,cvat_interp
367,34,34,2,1.0,221.34,544.01,273.58,634.32,-1,cvat_interp
368,0,0,2,1.0,953.3,691.17,1005.1,793.2,-1,cvat_interp
368,10,10,2,1.0,1134.3,665.23,1201.82,753.25,-1,cvat_interp
368,11,11,2,1.0,1233.28,555.1,1287.69,641.31,-1,cvat_interp
368,12,12,2,1.0,1375.31,288.85,1397.66,345.2,-1,cvat_interp
368,13,13,2,1.0,1462.39,516.6,1499.43,598.05,-1,cvat_interp
368,14,14,2,1.0,1773.42,465.36,1809.41,538.86,-1,cvat_interp
368,15,15,2,1.0,1079.47,665.08,1139.87,772.53,-1,cvat_interp
368,16,16,2,1.0,984.44,708.02,1049.46,763.38,-1,cvat_interp
368,17,17,2,1.0,1744.1,386.72,1779.49,453.61,-1,cvat_interp
368,18,18,2,1.0,1477.16,298.55,1497.76,350.44,-1,cvat_interp
368,21,21,3,1.0,754.01,505.68,798.39,580.18,-1,cvat_interp
368,24,24,0,1.0,1377.22,807.44,1390.41,819.76,-1,cvat_interp
368,25,25,2,1.0,871.16,379.56,897.76,440.54,-1,cvat_interp
368,26,26,2,1.0,697.5,608.41,746.88,715.6,-1,cvat_interp
368,27,27,2,1.0,504.38,295.53,534.44,349.75,-1,cvat_interp
368,28,28,2,1.0,412.47,450.26,448.82,534.96,-1,cvat_interp
368,29,29,2,1.0,419.42,367.22,451.12,429.03,-1,cvat_interp
368,30,30,2,1.0,355.42,340.72,380.73,399.19,-1,cvat_interp
368,31,31,2,1.0,312.42,516.57,350.44,605.07,-1,cvat_interp
368,32,32,3,1.0,324.18,237.44,347.55,281.66,-1,cvat_interp
368,33,33,2,1.0,269.36,437.14,300.66,520.41,-1,cvat_interp
368,34,34,2,1.0,223.79,543.68,275.75,633.15,-1,cvat_interp
369,0,0,2,1.0,952.55,689.18,1002.25,792.85,-1,cvat_interp
369,10,10,2,1.0,1140.4,670.97,1203.82,756.38,-1,cvat_interp
369,11,11,2,1.0,1238.93,555.09,1293.15,641.56,-1,cvat_interp
369,12,12,2,1.0,1377.57,288.94,1399.92,345.29,-1,cvat_interp
369,13,13,2,1.0,1464.41,516.61,1501.45,597.78,-1,cvat_interp
369,14,14,2,1.0,1776.88,465.72,1812.27,539.22,-1,cvat_interp
369,15,15,2,1.0,1075.68,663.64,1137.23,772.89,-1,cvat_interp
369,16,16,2,1.0,982.72,709.56,1045.38,763.94,-1,cvat_interp
369,17,17,2,1.0,1746.6,386.66,1780.71,454.07,-1,cvat_interp
369,18,18,2,1.0,1479.46,298.6,1500.05,350.48,-1,cvat_interp
369,21,21,3,1.0,758.21,506.34,802.84,579.74,-1,cvat_interp
369,24,24,0,1.0,1390.71,811.67,1403.89,823.99,-1,cvat_keyframe
369,25,25,2,1.0,875.7,379.8,902.3,440.78,-1,cvat_interp
369,26,26,2,1.0,701.0,609.36,750.04,716.76,-1,cvat_interp
369,27,27,2,1.0,507.4,295.61,537.47,349.83,-1,cvat_interp
369,28,28,2,1.0,416.6,450.89,452.94,535.59,-1,cvat_interp
369,29,29,2,1.0,423.52,367.56,455.22,429.37,-1,cvat_interp
369,30,30,2,1.0,359.23,340.4,383.77,398.84,-1,cvat_interp
369,31,31,2,1.0,316.99,516.35,355.01,604.85,-1,cvat_interp
369,32,32,3,1.0,327.95,237.22,351.32,281.44,-1,cvat_interp
369,33,33,2,1.0,272.5,436.86,303.8,520.12,-1,cvat_interp
369,34,34,2,1.0,226.25,543.35,277.93,631.97,-1,cvat_interp
370,0,0,2,1.0,951.8,687.2,999.4,792.5,-1,cvat_keyframe
370,10,10,2,1.0,1146.5,676.7,1205.83,759.52,-1,cvat_keyframe
370,11,11,2,1.0,1244.58,555.08,1298.6,641.82,-1,cvat_keyframe
370,12,12,2,1.0,1379.82,289.02,1402.17,345.37,-1,cvat_keyframe
370,13,13,2,1.0,1466.42,516.62,1503.46,597.5,-1,cvat_keyframe
370,14,14,2,1.0,1780.33,466.08,1815.12,539.58,-1,cvat_keyframe
370,15,15,2,1.0,1071.9,662.2,1134.6,773.24,-1,cvat_keyframe
370,16,16,2,1.0,981.0,711.1,1041.3,764.5,-1,cvat_keyframe
370,17,17,2,1.0,1749.1,386.6,1781.92,454.54,-1,cvat_keyframe
370,18,18,2,1.0,1481.75,298.64,1502.35,350.53,-1,cvat_keyframe
370,21,21,3,1.0,762.4,507.0,807.3,579.3,-1,cvat_keyframe
370,24,24,0,1.0,1406.8,821.05,1419.99,833.37,-1,cvat_keyframe
370,25,25,2,1.0,880.24,380.04,906.84,441.02,-1,cvat_keyframe
370,26,26,2,1.0,704.5,610.3,753.2,717.91,-1,cvat_keyframe
370,27,27,2,1.0,510.43,295.69,540.49,349.91,-1,cvat_keyframe
370,28,28,2,1.0,420.73,451.53,457.07,536.23,-1,cvat_keyframe
370,29,29,2,1.0,427.62,367.89,459.32,429.7,-1,cvat_keyframe
370,30,30,2,1.0,363.04,340.09,386.8,398.5,-1,cvat_keyframe
370,31,31,2,1.0,321.55,516.14,359.58,604.64,-1,cvat_keyframe
370,32,32,3,1.0,331.71,236.99,355.08,281.21,-1,cvat_keyframe
370,33,33,2,1.0,275.64,436.57,306.94,519.84,-1,cvat_keyframe
370,34,34,2,1.0,228.7,543.02,280.1,630.8,-1,cvat_keyframe
371,0,0,2,1.0,947.25,687.29,995.62,792.59,-1,cvat_interp
371,10,10,2,1.0,1148.56,677.47,1211.26,761.56,-1,cvat_interp
371,11,11,2,1.0,1244.58,555.08,1303.3,641.82,-1,cvat_interp
371,12,12,2,1.0,1381.42,289.02,1403.77,345.37,-1,cvat_interp
371,13,13,2,1.0,1465.68,516.62,1503.46,598.53,-1,cvat_interp
371,14,14,2,1.0,1779.68,464.84,1815.0,540.54,-1,cvat_interp
371,15,15,2,1.0,1066.25,662.2,1134.6,773.77,-1,cvat_interp
371,16,16,2,1.0,977.9,711.1,1041.3,765.7,-1,cvat_interp
371,17,17,2,1.0,1748.09,386.6,1781.21,454.45,-1,cvat_interp
371,18,18,2,1.0,1481.75,298.64,1503.47,351.56,-1,cvat_interp
371,21,21,3,1.0,764.15,506.0,810.75,579.9,-1,cvat_interp
371,24,24,0,1.0,1419.45,821.75,1432.63,834.07,-1,cvat_keyframe
371,25,25,2,1.0,880.24,380.04,909.17,441.76,-1,cvat_interp
371,26,26,2,1.0,704.31,610.39,752.3,717.83,-1,cvat_interp
371,27,27,2,1.0,512.68,296.15,542.74,350.37,-1,cvat_interp
371,28,28,2,1.0,424.51,453.61,460.68,535.28,-1,cvat_interp
371,29,29,2,1.0,427.27,367.92,458.98,429.73,-1,cvat_interp
371,30,30,2,1.0,362.75,340.09,386.8,398.53,-1,cvat_interp
371,31,31,2,1.0,321.55,516.14,359.58,607.27,-1,cvat_interp
371,32,32,3,1.0,334.12,236.61,357.49,280.83,-1,cvat_interp
371,33,33,2,1.0,275.29,436.59,306.59,519.86,-1,cvat_interp
371,34,34,2,1.0,228.7,543.02,281.6,630.4,-1,cvat_interp
372,0,0,2,1.0,942.7,687.37,991.84,792.68,-1,cvat_interp
372,10,10,2,1.0,1150.62,678.25,1216.7,763.6,-1,cvat_keyframe
372,11,11,2,1.0,1244.58,555.08,1308.0,641.82,-1,cvat_keyframe
372,12,12,2,1.0,1383.02,289.02,1405.37,345.37,-1,cvat_keyframe
372,13,13,2,1.0,1464.94,516.62,1503.46,599.57,-1,cvat_interp
372,14,14,2,1.0,1779.04,463.6,1814.87,541.5,-1,cvat_keyframe
372,15,15,2,1.0,1060.6,662.2,1134.6,774.3,-1,cvat_keyframe
372,16,16,2,1.0,974.8,711.1,1041.3,766.9,-1,cvat_keyframe
372,17,17,2,1.0,1747.08,386.6,1780.5,454.37,-1,cvat_interp
372,18,18,2,1.0,1481.75,298.64,1504.6,352.6,-1,cvat_keyframe
372,21,21,3,1.0,765.9,505.0,814.2,580.5,-1,cvat_keyframe
372,24,24,0,1.0,1423.57,822.78,1436.76,835.1,-1,cvat_keyframe
372,25,25,2,1.0,880.24,380.04,911.5,442.5,-1,cvat_keyframe
372,26,26,2,1.0,704.12,610.47,751.39,717.76,-1,cvat_interp
372,27,27,2,1.0,514.92,296.62,544.99,350.84,-1,cvat_keyframe
372,28,28,2,1.0,428.29,455.7,464.3,534.34,-1,cvat_keyframe
372,29,29,2,1.0,426.93,367.96,458.63,429.77,-1,cvat_interp
372,30,30,2,1.0,362.45,340.09,386.8,398.56,-1,cvat_interp
372,31,31,2,1.0,321.55,516.14,359.58,609.9,-1,cvat_keyframe
372,32,32,3,1.0,336.53,236.23,359.9,280.44,-1,cvat_keyframe
372,33,33,2,1.0,274.93,436.61,306.23,519.88,-1,cvat_interp
372,34,34,2,1.0,228.7,543.02,283.1,630.0,-1,cvat_keyframe
372,35,35,2,1.0,1887.3,881.49,1920.0,943.44,-1,cvat_keyframe
373,0,0,2,1.0,938.15,687.46,988.06,792.77,-1,cvat_interp
373,10,10,2,1.0,1150.62,678.25,1229.9,763.6,-1,cvat_keyframe
373,11,11,2,1.0,1246.02,555.9,1309.44,642.64,-1,cvat_interp
373,12,12,2,1.0,1382.74,288.96,1405.09,345.31,-1,cvat_interp
373,13,13,2,1.0,1464.2,516.62,1503.46,600.6,-1,cvat_keyframe
373,14,14,2,1.0,1778.39,463.95,1814.75,541.69,-1,cvat_interp
373,15,15,2,1.0,1057.92,663.28,1130.2,773.6,-1,cvat_interp
373,16,16,2,1.0,970.89,711.69,1040.18,767.7,-1,cvat_interp
373,17,17,2,1.0,1746.07,386.6,1779.78,454.29,-1,cvat_interp
373,18,18,2,1.0,1481.15,298.91,1504.0,352.87,-1,cvat_interp
373,21,21,3,1.0,770.25,504.3,818.1,580.25,-1,cvat_interp
373,24,24,0,1.0,1430.24,823.61,1447.27,837.83,-1,cvat_keyframe
373,25,25,2,1.0,882.0,380.57,913.25,443.03,-1,cvat_interp
373,26,26,2,1.0,703.93,610.56,750.49,717.69,-1,cvat_interp
373,27,27,2,1.0,514.92,296.55,544.89,350.84,-1,cvat_interp
373,28,28,2,1.0,430.15,455.18,466.82,535.39,-1,cvat_interp
373,29,29,2,1.0,426.58,367.99,458.29,429.8,-1,cvat_interp
373,30,30,2,1.0,362.16,340.09,386.8,398.59,-1,cvat_interp
373,31,31,2,1.0,322.46,516.99,360.48,610.75,-1,cvat_interp
373,32,32,3,1.0,337.48,236.16,360.85,280.38,-1,cvat_interp
373,33,33,2,1.0,274.58,436.63,305.88,519.9,-1,cvat_interp
373,34,34,2,1.0,229.94,542.63,284.0,629.94,-1,cvat_interp
373,35,35,2,1.0,1881.47,854.5,1920.0,950.13,-1,cvat_keyframe
374,0,0,2,1.0,933.6,687.54,984.28,792.86,-1,cvat_interp
374,10,10,2,1.0,1157.7,680.6,1237.84,764.7,-1,cvat_interp
374,11,11,2,1.0,1247.46,556.72,1310.88,643.46,-1,cvat_interp
374,12,12,2,1.0,1382.46,288.89,1404.81,345.24,-1,cvat_interp
374,13,13,2,1.0,1462.6,519.84,1504.19,602.52,-1,cvat_interp
374,14,14,2,1.0,1777.74,464.3,1814.63,541.88,-1,cvat_interp
374,15,15,2,1.0,1055.23,664.35,1125.8,772.9,-1,cvat_interp
374,16,16,2,1.0,966.98,712.28,1039.05,768.5,-1,cvat_interp
374,17,17,2,1.0,1745.06,386.6,1779.07,454.2,-1,cvat_interp
374,18,18,2,1.0,1480.55,299.18,1503.4,353.14,-1,cvat_interp
374,21,21,3,1.0,774.6,503.6,822.0,580.0,-1,cvat_interp
374,24,24,0,1.0,1436.96,826.85,1453.99,841.07,-1,cvat_interp
374,25,25,2,1.0,883.75,381.09,915.01,443.55,-1,cvat_interp
374,26,26,2,1.0,703.74,610.64,749.58,717.62,-1,cvat_interp
374,27,27,2,1.0,514.92,296.49,544.79,350.84,-1,cvat_interp
374,28,28,2,1.0,432.01,454.66,469.33,536.44,-1,cvat_interp
374,29,29,2,1.0,426.24,368.02,457.94,429.83,-1,cvat_interp
374,30,30,2,1.0,361.86,340.09,386.8,398.62,-1,cvat_interp
374,31,31,2,1.0,323.36,517.83,361.38,611.59,-1,cvat_interp
374,32,32,3,1.0,338.43,236.1,361.8,280.31,-1,cvat_interp
374,33,33,2,1.0,274.23,436.65,305.53,519.92,-1,cvat_interp
374,34,34,2,1.0,231.18,542.24,284.9,629.89,-1,cvat_interp
374,35,35,2,1.0,1875.63,854.8,1920.0,961.4,-1,cvat_keyframe
375,0,0,2,1.0,929.05,687.63,980.5,792.95,-1,cvat_interp
375,10,10,2,1.0,1164.77,682.96,1245.78,765.8,-1,cvat_interp
375,11,11,2,1.0,1248.9,557.54,1312.31,644.29,-1,cvat_interp
375,12,12,2,1.0,1382.18,288.82,1404.54,345.18,-1,cvat_interp
375,13,13,2,1.0,1461.0,523.07,1504.92,604.44,-1,cvat_interp
375,14,14,2,1.0,1777.1,464.64,1814.5,542.07,-1,cvat_interp
375,15,15,2,1.0,1052.55,665.43,1121.4,772.2,-1,cvat_interp
375,16,16,2,1.0,963.06,712.87,1037.93,769.3,-1,cvat_interp
375,17,17,2,1.0,1744.05,386.6,1778.36,454.12,-1,cvat_interp
375,18,18,2,1.0,1479.95,299.45,1502.8,353.41,-1,cvat_interp
375,21,21,3,1.0,778.95,502.9,825.9,579.75,-1,cvat_interp
375,24,24,0,1.0,1443.69,830.08,1460.72,844.3,-1,cvat_interp
375,25,25,2,1.0,885.5,381.62,916.76,444.08,-1,cvat_interp
375,26,26,2,1.0,703.55,610.73,748.68,717.54,-1,cvat_interp
375,27,27,2,1.0,514.92,296.42,544.69,350.84,-1,cvat_interp
375,28,28,2,1.0,433.87,454.14,471.85,537.49,-1,cvat_interp
375,29,29,2,1.0,425.89,368.05,457.59,429.87,-1,cvat_interp
375,30,30,2,1.0,361.57,340.09,386.8,398.65,-1,cvat_interp
375,31,31,2,1.0,324.26,518.68,362.28,612.44,-1,cvat_interp
375,32,32,3,1.0,339.39,236.03,362.76,280.25,-1,cvat_interp
375,33,33,2,1.0,273.87,436.67,305.17,519.94,-1,cvat_interp
375,34,34,2,1.0,232.42,541.85,285.8,629.83,-1,cvat_interp
375,35,35,2,1.0,1869.8,855.1,1920.0,963.5,-1,cvat_keyframe
376,0,0,2,1.0,924.5,687.72,976.72,793.04,-1,cvat_interp
376,10,10,2,1.0,1171.85,685.31,1253.72,766.9,-1,cvat_interp
376,11,11,2,1.0,1250.35,558.36,1313.75,645.11,-1,cvat_interp
376,12,12,2,1.0,1381.91,288.76,1404.26,345.11,-1,cvat_interp
376,13,13,2,1.0,1459.4,526.3,1505.64,606.36,-1,cvat_interp
376,14,14,2,1.0,1776.45,464.99,1814.38,542.25,-1,cvat_interp
376,15,15,2,1.0,1049.87,666.5,1117.0,771.5,-1,cvat_interp
376,16,16,2,1.0,959.15,713.45,1036.8,770.1,-1,cvat_interp
376,17,17,2,1.0,1743.04,386.6,1777.65,454.03,-1,cvat_interp
376,18,18,2,1.0,1479.35,299.72,1502.2,353.68,-1,cvat_interp
376,21,21,3,1.0,783.31,502.2,829.8,579.5,-1,cvat_interp
376,24,24,0,1.0,1450.41,833.32,1467.44,847.54,-1,cvat_interp
376,25,25,2,1.0,887.25,382.15,918.51,444.6,-1,cvat_interp
376,26,26,2,1.0,703.36,610.81,747.77,717.47,-1,cvat_interp
376,27,27,2,1.0,514.92,296.36,544.59,350.84,-1,cvat_interp
376,28,28,2,1.0,435.73,453.62,474.37,538.55,-1,cvat_interp
376,29,29,2,1.0,425.55,368.09,457.25,429.9,-1,cvat_interp
376,30,30,2,1.0,361.28,340.09,386.8,398.68,-1,cvat_interp
376,31,31,2,1.0,325.16,519.52,363.18,613.28,-1,cvat_interp
376,32,32,3,1.0,340.34,235.96,363.71,280.18,-1,cvat_interp
376,33,33,2,1.0,273.52,436.69,304.82,519.95,-1,cvat_interp
376,34,34,2,1.0,233.66,541.46,286.7,629.77,-1,cvat_interp
376,35,35,2,1.0,1866.67,853.4,1920.0,963.77,-1,cvat_interp
377,0,0,2,1.0,919.95,687.8,972.94,793.13,-1,cvat_interp
377,10,10,2,1.0,1178.92,687.67,1261.66,768.0,-1,cvat_interp
377,11,11,2,1.0,1251.79,559.17,1315.19,645.93,-1,cvat_interp
377,12,12,2,1.0,1381.63,288.69,1403.98,345.05,-1,cvat_interp
377,13,13,2,1.0,1457.8,529.52,1506.37,608.28,-1,cvat_interp
377,14,14,2,1.0,1775.81,465.34,1814.26,542.44,-1,cvat_interp
377,15,15,2,1.0,1047.18,667.58,1112.6,770.8,-1,cvat_interp
377,16,16,2,1.0,955.24,714.04,1035.68,770.9,-1,cvat_interp
377,17,17,2,1.0,1742.03,386.6,1776.94,453.95,-1,cvat_interp
377,18,18,2,1.0,1478.75,299.99,1501.6,353.95,-1,cvat_interp
377,21,21,3,1.0,787.66,501.5,833.7,579.25,-1,cvat_interp
377,24,24,0,1.0,1457.14,836.55,1474.17,850.77,-1,cvat_interp
377,25,25,2,1.0,889.01,382.67,920.26,445.13,-1,cvat_interp
377,26,26,2,1.0,703.17,610.9,746.87,717.4,-1,cvat_interp
377,27,27,2,1.0,514.92,296.29,544.5,350.84,-1,cvat_interp
377,28,28,2,1.0,437.58,453.1,476.88,539.6,-1,cvat_keyframe
377,29,29,2,1.0,425.2,368.12,456.9,429.93,-1,cvat_interp
377,30,30,2,1.0,360.98,340.09,386.8,398.71,-1,cvat_interp
377,31,31,2,1.0,326.06,520.37,364.09,614.13,-1,cvat_interp
377,32,32,3,1.0,341.3,235.9,364.67,280.12,-1,cvat_interp
377,33,33,2,1.0,273.17,436.71,304.47,519.97,-1,cvat_interp
377,34,34,2,1.0,234.9,541.07,287.6,629.72,-1,cvat_interp
377,35,35,2,1.0,1863.53,851.7,1920.0,964.03,-1,cvat_interp
378,0,0,2,1.0,915.4,687.89,969.16,793.22,-1,cvat_interp
378,10,10,2,1.0,1186.0,690.02,1269.6,769.1,-1,cvat_keyframe
378,11,11,2,1.0,1253.23,559.99,1316.62,646.75,-1,cvat_interp
378,12,12,2,1.0,1381.35,288.63,1403.7,344.98,-1,cvat_interp
378,13,13,2,1.0,1456.2,532.75,1507.1,610.2,-1,cvat_keyframe
378,14,14,2,1.0,1775.16,465.69,1814.13,542.63,-1,cvat_interp
378,15,15,2,1.0,1044.5,668.65,1108.2,770.1,-1,cvat_keyframe
378,16,16,2,1.0,951.33,714.63,1034.55,771.7,-1,cvat_keyframe
378,17,17,2,1.0,1741.02,386.6,1776.22,453.87,-1,cvat_interp
378,18,18,2,1.0,1478.15,300.26,1501.0,354.22,-1,cvat_interp
378,21,21,3,1.0,792.01,500.8,837.6,579.0,-1,cvat_interp
378,24,24,0,1.0,1463.86,839.79,1480.89,854.01,-1,cvat_keyframe
378,25,25,2,1.0,890.76,383.2,922.02,445.65,-1,cvat_interp
378,26,26,2,1.0,702.98,610.98,745.96,717.33,-1,cvat_interp
378,27,27,2,1.0,514.92,296.23,544.4,350.84,-1,cvat_interp
378,28,28,2,1.0,439.44,456.4,479.4,537.84,-1,cvat_keyframe
378,29,29,2,1.0,424.86,368.15,456.56,429.96,-1,cvat_interp
378,30,30,2,1.0,360.69,340.09,386.8,398.74,-1,cvat_interp
378,31,31,2,1.0,326.97,521.22,364.99,614.97,-1,cvat_interp
378,32,32,3,1.0,342.25,235.83,365.62,280.05,-1,cvat_interp
378,33,33,2,1.0,272.82,436.73,304.12,519.99,-1,cvat_interp
378,34,34,2,1.0,236.15,540.68,288.5,629.66,-1,cvat_interp
378,35,35,2,1.0,1860.4,850.0,1920.0,964.3,-1,cvat_keyframe
379,0,0,2,1.0,910.85,687.97,965.38,793.31,-1,cvat_interp
379,10,10,2,1.0,1190.45,692.38,1274.0,775.15,-1,cvat_interp
379,11,11,2,1.0,1254.68,560.81,1318.06,647.58,-1,cvat_interp
379,12,12,2,1.0,1381.07,288.56,1403.42,344.91,-1,cvat_interp
379,13,13,2,1.0,1457.61,535.97,1504.35,612.6,-1,cvat_interp
379,14,14,2,1.0,1774.51,466.04,1814.01,542.82,-1,cvat_interp
379,15,15,2,1.0,1046.35,669.73,1103.8,769.4,-1,cvat_interp
379,16,16,2,1.0,946.26,715.21,1033.43,771.95,-1,cvat_interp
379,17,17,2,1.0,1740.01,386.6,1775.51,453.78,-1,cvat_interp
379,18,18,2,1.0,1477.55,300.53,1500.4,354.49,-1,cvat_interp
379,21,21,3,1.0,796.36,500.1,841.5,578.75,-1,cvat_interp
379,24,24,0,1.0,1468.8,841.83,1485.83,856.05,-1,cvat_interp
379,25,25,2,1.0,892.51,383.72,923.77,446.18,-1,cvat_interp
379,26,26,2,1.0,702.79,611.07,745.06,717.25,-1,cvat_interp
379,27,27,2,1.0,514.92,296.16,544.3,350.84,-1,cvat_interp
379,28,28,2,1.0,441.3,458.38,480.0,538.42,-1,cvat_interp
379,29,29,2,1.0,424.51,368.19,456.21,430.0,-1,cvat_interp
379,30,30,2,1.0,360.39,340.09,386.8,398.77,-1,cvat_interp
379,31,31,2,1.0,327.87,522.06,365.89,615.82,-1,cvat_interp
379,32,32,3,1.0,343.2,235.77,366.57,279.98,-1,cvat_interp
379,33,33,2,1.0,272.46,436.75,303.76,520.01,-1,cvat_interp
379,34,34,2,1.0,237.39,540.29,289.4,629.61,-1,cvat_interp
379,35,35,2,1.0,1848.5,849.95,1920.0,963.75,-1,cvat_interp
380,0,0,2,1.0,906.3,688.06,961.6,793.4,-1,cvat_keyframe
380,10,10,2,1.0,1194.9,694.73,1278.4,781.2,-1,cvat_keyframe
380,11,11,2,1.0,1256.12,561.63,1319.5,648.4,-1,cvat_keyframe
380,12,12,2,1.0,1380.79,288.5,1403.15,344.85,-1,cvat_keyframe
380,13,13,2,1.0,1459.03,539.2,1501.6,615.0,-1,cvat_keyframe
380,14,14,2,1.0,1773.87,466.38,1813.89,543.01,-1,cvat_keyframe
380,15,15,2,1.0,1048.2,670.8,1099.4,768.7,-1,cvat_keyframe
380,16,16,2,1.0,941.2,715.8,1032.3,772.2,-1,cvat_keyframe
380,17,17,2,1.0,1739.0,386.6,1774.8,453.7,-1,cvat_keyframe
380,18,18,2,1.0,1476.95,300.8,1499.8,354.76,-1,cvat_keyframe
380,21,21,3,1.0,800.71,499.4,845.4,578.5,-1,cvat_keyframe
380,24,24,0,1.0,1473.73,843.87,1490.77,858.09,-1,cvat_keyframe
380,25,25,2,1.0,894.26,384.25,925.52,446.71,-1,cvat_keyframe
380,26,26,2,1.0,702.6,611.15,744.15,717.18,-1,cvat_interp
380,27,27,2,1.0,514.92,296.1,544.2,350.84,-1,cvat_keyframe
380,28,28,2,1.0,443.16,460.37,480.6,539.0,-1,cvat_keyframe
380,29,29,2,1.0,424.17,368.22,455.87,430.03,-1,cvat_interp
380,30,30,2,1.0,360.1,340.09,386.8,398.8,-1,cvat_keyframe
380,31,31,2,1.0,328.77,522.91,366.79,616.67,-1,cvat_keyframe
380,32,32,3,1.0,344.16,235.7,367.53,279.92,-1,cvat_keyframe
380,33,33,2,1.0,272.11,436.77,303.41,520.03,-1,cvat_interp
380,34,34,2,1.0,238.63,539.9,290.3,629.55,-1,cvat_keyframe
380,35,35,2,1.0,1836.6,849.9,1920.0,963.2,-1,cvat_keyframe
381,0,0,2,1.0,904.44,688.68,956.26,793.62,-1,cvat_interp
381,10,10,2,1.0,1202.66,696.69,1281.46,784.04,-1,cvat_interp
381,11,11,2,1.0,1256.57,561.63,1320.38,648.63,-1,cvat_interp
381,12,12,2,1.0,1378.87,288.61,1401.23,344.96,-1,cvat_interp
381,13,13,2,1.0,1460.19,538.8,1502.76,615.07,-1,cvat_interp
381,14,14,2,1.0,1772.16,466.55,1812.18,543.17,-1,cvat_interp
381,15,15,2,1.0,1046.36,670.8,1099.36,769.22,-1,cvat_interp
381,16,16,2,1.0,938.28,715.3,1031.04,772.2,-1,cvat_interp
381,17,17,2,1.0,1736.2,386.56,1772.0,454.07,-1,cvat_interp
381,18,18,2,1.0,1475.38,301.28,1498.23,355.24,-1,cvat_interp
381,21,21,3,1.0,803.55,498.96,847.52,578.56,-1,cvat_interp
381,24,24,0,1.0,1477.46,845.55,1494.5,859.77,-1,cvat_interp
381,25,25,2,1.0,895.12,385.23,926.38,447.69,-1,cvat_interp
381,26,26,2,1.0,702.41,611.24,743.25,717.11,-1,cvat_interp
381,27,27,2,1.0,514.53,296.27,543.8,351.01,-1,cvat_interp
381,28,28,2,1.0,444.82,460.2,482.8,539.65,-1,cvat_interp
381,29,29,2,1.0,423.82,368.25,455.52,430.06,-1,cvat_interp
381,30,30,2,1.0,359.54,340.28,386.24,399.26,-1,cvat_interp
381,31,31,2,1.0,327.9,524.98,365.92,618.09,-1,cvat_interp
381,32,32,3,1.0,344.16,235.44,367.53,279.8,-1,cvat_interp
381,33,33,2,1.0,271.76,436.79,303.06,520.05,-1,cvat_interp
381,34,34,2,1.0,238.04,539.9,289.36,629.45,-1,cvat_interp
381,35,35,2,1.0,1830.52,847.9,1913.77,961.15,-1,cvat_interp
382,0,0,2,1.0,902.58,689.29,950.92,793.84,-1,cvat_interp
382,10,10,2,1.0,1210.42,698.64,1284.52,786.88,-1,cvat_interp
382,11,11,2,1.0,1257.02,561.63,1321.26,648.86,-1,cvat_interp
382,12,12,2,1.0,1376.95,288.72,1399.31,345.07,-1,cvat_interp
382,13,13,2,1.0,1461.35,538.4,1503.92,615.15,-1,cvat_interp
382,14,14,2,1.0,1770.45,466.71,1810.47,543.33,-1,cvat_interp
382,15,15,2,1.0,1044.52,670.8,1099.33,769.74,-1,cvat_interp
382,16,16,2,1.0,935.36,714.8,1029.78,772.2,-1,cvat_interp
382,17,17,2,1.0,1733.39,386.52,1769.19,454.43,-1,cvat_interp
382,18,18,2,1.0,1473.8,301.76,1496.66,355.72,-1,cvat_interp
382,21,21,3,1.0,806.39,498.52,849.64,578.62,-1,cvat_interp
382,24,24,0,1.0,1481.19,847.22,1498.23,861.44,-1,cvat_interp
382,25,25,2,1.0,895.98,386.22,927.24,448.68,-1,cvat_interp
382,26,26,2,1.0,702.22,611.32,742.34,717.04,-1,cvat_interp
382,27,27,2,1.0,514.13,296.44,543.41,351.18,-1,cvat_interp
382,28,28,2,1.0,446.47,460.04,485.0,540.3,-1,cvat_interp
382,29,29,2,1.0,423.48,368.28,455.18,430.1,-1,cvat_interp
382,30,30,2,1.0,358.98,340.48,385.68,399.72,-1,cvat_interp
382,31,31,2,1.0,327.02,527.06,365.04,619.52,-1,cvat_interp
382,32,32,3,1.0,344.16,235.18,367.53,279.68,-1,cvat_interp
382,33,33,2,1.0,271.41,436.81,302.71,520.07,-1,cvat_interp
382,34,34,2,1.0,237.46,539.9,288.42,629.36,-1,cvat_interp
382,35,35,2,1.0,1824.45,845.9,1907.55,959.1,-1,cvat_keyframe
383,0,0,2,1.0,900.72,689.91,945.58,794.06,-1,cvat_interp
383,10,10,2,1.0,1218.18,700.6,1287.58,789.72,-1,cvat_interp
383,11,11,2,1.0,1257.46,561.63,1322.14,649.09,-1,cvat_interp
383,12,12,2,1.0,1375.03,288.83,1397.39,345.18,-1,cvat_interp
383,13,13,2,1.0,1462.51,538.0,1505.08,615.22,-1,cvat_interp
383,14,14,2,1.0,1768.75,466.87,1808.77,543.5,-1,cvat_interp
383,15,15,2,1.0,1042.68,670.8,1099.29,770.26,-1,cvat_interp
383,16,16,2,1.0,932.44,714.3,1028.52,772.2,-1,cvat_interp
383,17,17,2,1.0,1730.59,386.48,1766.39,454.8,-1,cvat_interp
383,18,18,2,1.0,1472.23,302.24,1495.09,356.2,-1,cvat_interp
383,21,21,3,1.0,809.23,498.08,851.76,578.68,-1,cvat_interp
383,24,24,0,1.0,1484.92,848.9,1501.95,863.12,-1,cvat_interp
383,25,25,2,1.0,896.84,387.2,928.09,449.66,-1,cvat_interp
383,26,26,2,1.0,702.03,611.41,741.44,716.96,-1,cvat_interp
383,27,27,2,1.0,513.73,296.61,543.01,351.35,-1,cvat_interp
383,28,28,2,1.0,448.12,459.88,487.2,540.94,-1,cvat_interp
383,29,29,2,1.0,423.13,368.32,454.83,430.13,-1,cvat_interp
383,30,30,2,1.0,358.42,340.68,385.12,400.18,-1,cvat_interp
383,31,31,2,1.0,326.15,529.14,364.17,620.95,-1,cvat_interp
383,32,32,3,1.0,344.16,234.92,367.53,279.55,-1,cvat_interp
383,33,33,2,1.0,271.05,436.83,302.35,520.09,-1,cvat_interp
383,34,34,2,1.0,236.88,539.9,287.48,629.26,-1,cvat_interp
383,35,35,2,1.0,1813.02,843.9,1895.97,957.05,-1,cvat_interp
384,0,0,2,1.0,898.86,690.52,940.24,794.28,-1,cvat_interp
384,10,10,2,1.0,1225.94,702.56,1290.64,792.56,-1,cvat_interp
384,11,11,2,1.0,1257.91,561.63,1323.02,649.32,-1,cvat_interp
384,12,12,2,1.0,1373.11,288.94,1395.47,345.29,-1,cvat_interp
384,13,13,2,1.0,1463.67,537.6,1506.24,615.3,-1,cvat_interp
384,14,14,2,1.0,1767.04,467.03,1807.06,543.66,-1,cvat_interp
384,15,15,2,1.0,1040.84,670.8,1099.25,770.78,-1,cvat_interp
384,16,16,2,1.0,929.52,713.8,1027.26,772.2,-1,cvat_interp
384,17,17,2,1.0,1727.78,386.44,1763.58,455.16,-1,cvat_interp
384,18,18,2,1.0,1470.66,302.73,1493.52,356.68,-1,cvat_interp
384,21,21,3,1.0,812.06,497.64,853.88,578.74,-1,cvat_interp
384,24,24,0,1.0,1488.65,850.58,1505.68,864.8,-1,cvat_interp
384,25,25,2,1.0,897.69,388.19,928.95,450.64,-1,cvat_interp
384,26,26,2,1.0,701.84,611.49,740.53,716.89,-1,cvat_interp
384,27,27,2,1.0,513.34,296.78,542.61,351.52,-1,cvat_interp
384,28,28,2,1.0,449.78,459.71,489.4,541.59,-1,cvat_interp
384,29,29,2,1.0,422.79,368.35,454.49,430.16,-1,cvat_interp
384,30,30,2,1.0,357.87,340.88,384.56,400.64,-1,cvat_interp
384,31,31,2,1.0,325.27,531.22,363.3,622.38,-1,cvat_interp
384,32,32,3,1.0,344.16,234.65,367.53,279.43,-1,cvat_interp
384,33,33,2,1.0,270.7,436.85,302.0,520.11,-1,cvat_interp
384,34,34,2,1.0,236.3,539.9,286.54,629.17,-1,cvat_interp
384,35,35,2,1.0,1801.6,841.9,1884.4,955.0,-1,cvat_interp
385,0,0,2,1.0,897.0,691.14,934.9,794.5,-1,cvat_keyframe
385,10,10,2,1.0,1233.7,704.51,1293.7,795.4,-1,cvat_keyframe
385,11,11,2,1.0,1258.36,561.63,1323.9,649.55,-1,cvat_interp
385,12,12,2,1.0,1371.19,289.05,1393.55,345.41,-1,cvat_interp
385,13,13,2,1.0,1464.83,537.2,1507.4,615.37,-1,cvat_interp
385,14,14,2,1.0,1765.33,467.2,1805.35,543.82,-1,cvat_interp
385,15,15,2,1.0,1039.0,670.8,1099.21,771.3,-1,cvat_keyframe
385,16,16,2,1.0,926.6,713.3,1026.0,772.2,-1,cvat_keyframe
385,17,17,2,1.0,1724.98,386.4,1760.78,455.53,-1,cvat_interp
385,18,18,2,1.0,1469.09,303.21,1491.95,357.17,-1,cvat_interp
385,21,21,3,1.0,814.9,497.2,856.0,578.8,-1,cvat_keyframe
385,24,24,0,1.0,1492.38,852.25,1509.41,866.47,-1,cvat_interp
385,25,25,2,1.0,898.55,389.17,929.81,451.63,-1,cvat_interp
385,26,26,2,1.0,701.65,611.58,739.63,716.82,-1,cvat_interp
385,27,27,2,1.0,512.94,296.95,542.21,351.69,-1,cvat_interp
385,28,28,2,1.0,451.43,459.55,491.6,542.24,-1,cvat_interp
385,29,29,2,1.0,422.44,368.38,454.14,430.19,-1,cvat_interp
385,30,30,2,1.0,357.31,341.07,384.0,401.1,-1,cvat_interp
385,31,31,2,1.0,324.4,533.29,362.42,623.81,-1,cvat_keyframe
385,32,32,3,1.0,344.16,234.39,367.53,279.31,-1,cvat_interp
385,33,33,2,1.0,270.35,436.87,301.65,520.13,-1,cvat_interp
385,34,34,2,1.0,235.71,539.9,285.6,629.07,-1,cvat_interp
385,35,35,2,1.0,1790.17,839.9,1872.82,952.95,-1,cvat_interp
386,0,0,2,1.0,892.4,691.76,930.74,795.51,-1,cvat_interp
386,10,10,2,1.0,1235.73,706.47,1304.07,798.03,-1,cvat_interp
386,11,11,2,1.0,1258.81,561.63,1324.78,649.78,-1,cvat_interp
386,12,12,2,1.0,1369.27,289.17,1391.62,345.52,-1,cvat_interp
386,13,13,2,1.0,1465.99,536.8,1508.56,615.45,-1,cvat_interp
386,14,14,2,1.0,1763.62,467.36,1803.64,543.98,-1,cvat_interp
386,15,15,2,1.0,1038.53,670.8,1099.18,771.83,-1,cvat_interp
386,16,16,2,1.0,925.3,712.8,1024.74,772.83,-1,cvat_interp
386,17,17,2,1.0,1722.17,386.36,1757.97,455.89,-1,cvat_interp
386,18,18,2,1.0,1467.52,303.69,1490.37,357.65,-1,cvat_interp
386,21,21,3,1.0,818.9,497.68,858.1,578.86,-1,cvat_interp
386,24,24,0,1.0,1496.11,853.93,1513.14,868.15,-1,cvat_interp
386,25,25,2,1.0,899.41,390.16,930.67,452.61,-1,cvat_interp
386,26,26,2,1.0,701.46,611.66,738.72,716.74,-1,cvat_interp
386,27,27,2,1.0,512.54,297.12,541.82,351.86,-1,cvat_interp
386,28,28,2,1.0,453.08,459.39,493.81,542.89,-1,cvat_interp
386,29,29,2,1.0,422.1,368.42,453.8,430.23,-1,cvat_interp
386,30,30,2,1.0,356.75,341.27,383.44,401.56,-1,cvat_interp
386,31,31,2,1.0,323.53,534.19,361.55,624.07,-1,cvat_interp
386,32,32,3,1.0,344.16,234.13,367.53,279.19,-1,cvat_interp
386,33,33,2,1.0,270.0,436.89,301.3,520.15,-1,cvat_interp
386,34,34,2,1.0,235.13,539.9,284.66,628.98,-1,cvat_interp
386,35,35,2,1.0,1778.75,837.9,1861.25,950.9,-1,cvat_interp
387,0,0,2,1.0,887.8,692.37,926.58,796.52,-1,cvat_interp
387,10,10,2,1.0,1237.77,708.43,1314.43,800.67,-1,cvat_interp
387,11,11,2,1.0,1259.26,561.63,1325.66,650.01,-1,cvat_interp
387,12,12,2,1.0,1367.35,289.28,1389.7,345.63,-1,cvat_interp
387,13,13,2,1.0,1467.15,536.4,1509.72,615.52,-1,cvat_interp
387,14,14,2,1.0,1761.92,467.52,1801.94,544.15,-1,cvat_interp
387,15,15,2,1.0,1038.07,670.8,1099.14,772.37,-1,cvat_interp
387,16,16,2,1.0,924.0,712.3,1023.48,773.47,-1,cvat_interp
387,17,17,2,1.0,1719.37,386.32,1755.17,456.26,-1,cvat_interp
387,18,18,2,1.0,1465.95,304.17,1488.8,358.13,-1,cvat_interp
387,21,21,3,1.0,822.9,498.16,860.2,578.92,-1,cvat_interp
387,24,24,0,1.0,1499.84,855.61,1516.87,869.83,-1,cvat_interp
387,25,25,2,1.0,900.27,391.14,931.52,453.6,-1,cvat_interp
387,26,26,2,1.0,701.27,611.75,737.82,716.67,-1,cvat_interp
387,27,27,2,1.0,512.14,297.29,541.42,352.03,-1,cvat_interp
387,28,28,2,1.0,454.74,459.23,496.01,543.53,-1,cvat_interp
387,29,29,2,1.0,421.75,368.45,453.45,430.26,-1,cvat_interp
387,30,30,2,1.0,356.19,341.47,382.88,402.02,-1,cvat_interp
387,31,31,2,1.0,322.65,535.1,360.68,624.32,-1,cvat_interp
387,32,32,3,1.0,344.16,233.87,367.53,279.07,-1,cvat_interp
387,33,33,2,1.0,269.64,436.91,300.94,520.17,-1,cvat_interp
387,34,34,2,1.0,234.55,539.9,283.72,628.88,-1,cvat_interp
387,35,35,2,1.0,1767.32,835.9,1849.67,948.85,-1,cvat_interp
388,0,0,2,1.0,883.2,692.99,922.42,797.54,-1,cvat_interp
388,10,10,2,1.0,1239.8,710.39,1324.8,803.3,-1,cvat_keyframe
388,11,11,2,1.0,1259.7,561.63,1326.54,650.24,-1,cvat_interp
388,12,12,2,1.0,1365.43,289.39,1387.78,345.74,-1,cvat_interp
388,13,13,2,1.0,1468.31,536.0,1510.88,615.6,-1,cvat_keyframe
388,14,14,2,1.0,1760.21,467.68,1800.23,544.31,-1,cvat_interp
388,15,15,2,1.0,1037.6,670.8,1099.1,772.9,-1,cvat_keyframe
388,16,16,2,1.0,922.7,711.8,1022.22,774.1,-1,cvat_keyframe
388,17,17,2,1.0,1716.56,386.28,1752.36,456.63,-1,cvat_interp
388,18,18,2,1.0,1464.38,304.65,1487.23,358.61,-1,cvat_interp
388,21,21,3,1.0,826.9,498.64,862.3,578.98,-1,cvat_interp
388,24,24,0,1.0,1503.57,857.28,1520.6,871.5,-1,cvat_interp
388,25,25,2,1.0,901.12,392.12,932.38,454.58,-1,cvat_interp
388,26,26,2,1.0,701.08,611.83,736.91,716.6,-1,cvat_interp
388,27,27,2,1.0,511.75,297.46,541.02,352.2,-1,cvat_interp
388,28,28,2,1.0,456.39,459.06,498.21,544.18,-1,cvat_interp
388,29,29,2,1.0,421.41,368.48,453.11,430.29,-1,cvat_interp
388,30,30,2,1.0,355.63,341.67,382.32,402.48,-1,cvat_interp
388,31,31,2,1.0,321.78,536.0,359.8,624.57,-1,cvat_interp
388,32,32,3,1.0,344.16,233.61,367.53,278.95,-1,cvat_interp
388,33,33,2,1.0,269.29,436.93,300.59,520.19,-1,cvat_interp
388,34,34,2,1.0,233.97,539.9,282.78,628.79,-1,cvat_interp
388,35,35,2,1.0,1755.9,833.9,1838.1,946.8,-1,cvat_keyframe
389,0,0,2,1.0,878.6,693.6,918.26,798.55,-1,cvat_interp
389,10,10,2,1.0,1252.63,712.34,1330.6,806.05,-1,cvat_interp
389,11,11,2,1.0,1260.15,561.63,1327.42,650.47,-1,cvat_interp
389,12,12,2,1.0,1363.51,289.5,1385.86,345.85,-1,cvat_interp
389,13,13,2,1.0,1469.47,537.97,1512.04,615.67,-1,cvat_interp
389,14,14,2,1.0,1758.5,467.85,1798.52,544.47,-1,cvat_interp
389,15,15,2,1.0,1038.06,670.8,1095.15,773.45,-1,cvat_interp
389,16,16,2,1.0,923.71,711.3,1020.96,773.65,-1,cvat_interp
389,17,17,2,1.0,1713.76,386.24,1749.56,456.99,-1,cvat_interp
389,18,18,2,1.0,1462.81,305.13,1485.66,359.09,-1,cvat_interp
389,21,21,3,1.0,830.9,499.12,864.4,579.05,-1,cvat_interp
389,24,24,0,1.0,1507.3,858.96,1524.33,873.18,-1,cvat_interp
389,25,25,2,1.0,901.98,393.11,933.24,455.57,-1,cvat_interp
389,26,26,2,1.0,700.89,611.92,736.01,716.53,-1,cvat_interp
389,27,27,2,1.0,511.35,297.63,540.63,352.37,-1,cvat_interp
389,28,28,2,1.0,458.05,458.9,500.41,544.83,-1,cvat_keyframe
389,29,29,2,1.0,421.06,368.51,452.76,430.33,-1,cvat_interp
389,30,30,2,1.0,355.07,341.86,381.76,402.94,-1,cvat_interp
389,31,31,2,1.0,320.91,536.9,358.93,624.83,-1,cvat_interp
389,32,32,3,1.0,344.16,233.35,367.53,278.83,-1,cvat_interp
389,33,33,2,1.0,268.94,436.95,300.24,520.21,-1,cvat_interp
389,34,34,2,1.0,233.38,539.9,281.84,628.69,-1,cvat_interp
389,35,35,2,1.0,1746.17,833.3,1822.25,946.0,-1,cvat_interp
390,0,0,2,1.0,874.0,694.22,914.1,799.56,-1,cvat_keyframe
390,10,10,2,1.0,1265.45,714.3,1336.4,808.8,-1,cvat_keyframe
390,11,11,2,1.0,1260.6,561.63,1328.3,650.7,-1,cvat_keyframe
390,12,12,2,1.0,1361.59,289.61,1383.94,345.96,-1,cvat_keyframe
390,13,13,2,1.0,1470.63,539.95,1513.2,615.75,-1,cvat_keyframe
390,14,14,2,1.0,1756.8,468.01,1796.82,544.63,-1,cvat_keyframe
390,15,15,2,1.0,1038.52,670.8,1091.2,774.0,-1,cvat_keyframe
390,16,16,2,1.0,924.73,710.8,1019.7,773.2,-1,cvat_keyframe
390,17,17,2,1.0,1710.96,386.2,1746.76,457.36,-1,cvat_keyframe
390,18,18,2,1.0,1461.24,305.61,1484.09,359.57,-1,cvat_keyframe
390,21,21,3,1.0,834.9,499.6,866.5,579.11,-1,cvat_keyframe
390,24,24,0,1.0,1511.03,860.63,1528.06,874.85,-1,cvat_keyframe
390,25,25,2,1.0,902.84,394.09,934.1,456.55,-1,cvat_keyframe
390,26,26,2,1.0,700.7,612.0,735.1,716.45,-1,cvat_keyframe
390,27,27,2,1.0,510.95,297.8,540.23,352.54,-1,cvat_keyframe
390,28,28,2,1.0,459.7,459.7,502.61,545.48,-1,cvat_keyframe
390,29,29,2,1.0,420.72,368.55,452.42,430.36,-1,cvat_keyframe
390,30,30,2,1.0,354.51,342.06,381.2,403.4,-1,cvat_keyframe
390,31,31,2,1.0,320.03,537.8,358.05,625.08,-1,cvat_keyframe
390,32,32,3,1.0,344.16,233.09,367.53,278.71,-1,cvat_interp
390,33,33,2,1.0,268.58,436.96,299.88,520.23,-1,cvat_keyframe
390,34,34,2,1.0,232.8,539.9,280.9,628.6,-1,cvat_keyframe
390,35,35,2,1.0,1736.45,832.7,1806.4,945.2,-1,cvat_keyframe
391,0,0,2,1.0,865.6,694.15,910.17,800.18,-1,cvat_interp
391,10,10,2,1.0,1275.52,715.44,1344.16,811.5,-1,cvat_interp
391,11,11,2,1.0,1261.69,561.79,1329.86,650.99,-1,cvat_interp
391,12,12,2,1.0,1360.25,288.77,1382.6,345.12,-1,cvat_interp
391,13,13,2,1.0,1469.34,542.05,1512.11,617.61,-1,cvat_interp
391,14,14,2,1.0,1754.19,467.31,1794.21,543.93,-1,cvat_interp
391,15,15,2,1.0,1037.11,669.93,1094.8,775.8,-1,cvat_interp
391,16,16,2,1.0,924.14,709.93,1019.12,772.33,-1,cvat_interp
391,17,17,2,1.0,1708.55,385.27,1744.35,455.9,-1,cvat_interp
391,18,18,2,1.0,1459.81,304.98,1483.04,359.88,-1,cvat_interp
391,21,21,3,1.0,837.08,498.48,868.68,577.99,-1,cvat_interp
391,24,24,0,1.0,1515.06,861.51,1532.09,875.73,-1,cvat_interp
391,25,25,2,1.0,902.84,393.77,934.1,456.55,-1,cvat_interp
391,26,26,2,1.0,698.44,610.67,737.42,715.12,-1,cvat_interp
391,27,27,2,1.0,510.13,297.08,539.4,351.82,-1,cvat_interp
391,28,28,2,1.0,461.86,459.79,506.15,546.29,-1,cvat_interp
391,29,29,2,1.0,420.34,367.91,452.04,429.72,-1,cvat_interp
391,30,30,2,1.0,353.91,341.24,380.6,402.58,-1,cvat_interp
391,31,31,2,1.0,317.96,539.11,356.96,628.89,-1,cvat_interp
391,32,32,3,1.0,344.16,232.82,367.53,278.58,-1,cvat_interp
391,33,33,2,1.0,267.67,436.25,298.97,519.51,-1,cvat_interp
391,34,34,2,1.0,230.81,539.6,280.1,628.13,-1,cvat_interp
391,35,35,2,1.0,1721.82,829.56,1794.46,942.94,-1,cvat_interp
392,0,0,2,1.0,857.2,694.07,906.23,800.8,-1,cvat_keyframe
392,10,10,2,1.0,1285.58,716.58,1351.92,814.2,-1,cvat_interp
392,11,11,2,1.0,1262.79,561.96,1331.43,651.27,-1,cvat_interp
392,12,12,2,1.0,1358.9,287.93,1381.26,344.28,-1,cvat_interp
392,13,13,2,1.0,1468.04,544.15,1511.02,619.47,-1,cvat_interp
392,14,14,2,1.0,1751.59,466.61,1791.61,543.23,-1,cvat_interp
392,15,15,2,1.0,1035.7,669.05,1098.4,777.6,-1,cvat_keyframe
392,16,16,2,1.0,923.56,709.05,1018.53,771.45,-1,cvat_interp
392,17,17,2,1.0,1706.15,384.34,1741.95,454.44,-1,cvat_interp
392,18,18,2,1.0,1458.38,304.35,1481.99,360.18,-1,cvat_interp
392,21,21,3,1.0,839.27,497.36,870.87,576.86,-1,cvat_interp
392,24,24,0,1.0,1519.09,862.39,1536.12,876.61,-1,cvat_interp
392,25,25,2,1.0,902.84,393.44,934.1,456.55,-1,cvat_interp
392,26,26,2,1.0,696.18,609.34,739.74,713.79,-1,cvat_interp
392,27,27,2,1.0,509.3,296.36,538.58,351.09,-1,cvat_interp
392,28,28,2,1.0,464.02,459.87,509.7,547.1,-1,cvat_keyframe
392,29,29,2,1.0,419.96,367.27,451.66,429.08,-1,cvat_interp
392,30,30,2,1.0,353.31,340.42,380.0,401.76,-1,cvat_interp
392,31,31,2,1.0,315.88,540.42,355.87,632.7,-1,cvat_keyframe
392,32,32,3,1.0,344.16,232.56,367.53,278.46,-1,cvat_interp
392,33,33,2,1.0,266.76,435.53,298.06,518.79,-1,cvat_interp
392,34,34,2,1.0,228.82,539.31,279.3,627.66,-1,cvat_interp
392,35,35,2,1.0,1707.19,826.42,1782.52,940.68,-1,cvat_interp
393,0,0,2,1.0,850.83,694.0,902.3,801.43,-1,cvat_interp
393,10,10,2,1.0,1295.65,717.72,1359.68,816.9,-1,cvat_interp
393,11,11,2,1.0,1263.88,562.13,1332.99,651.56,-1,cvat_interp
393,12,12,2,1.0,1357.56,287.09,1379.91,343.44,-1,cvat_interp
393,13,13,2,1.0,1466.74,546.25,1509.93,621.33,-1,cvat_interp
393,14,14,2,1.0,1748.98,465.91,1789.0,542.54,-1,cvat_interp
393,15,15,2,1.0,1036.3,668.18,1097.46,776.13,-1,cvat_interp
393,16,16,2,1.0,922.98,708.18,1017.95,770.58,-1,cvat_interp
393,17,17,2,1.0,1703.74,383.41,1739.54,452.99,-1,cvat_interp
393,18,18,2,1.0,1456.95,303.72,1480.94,360.49,-1,cvat_interp
393,21,21,3,1.0,841.45,496.24,873.05,575.74,-1,cvat_interp
393,24,24,0,1.0,1523.12,863.27,1540.15,877.49,-1,cvat_interp
393,25,25,2,1.0,902.84,393.12,934.1,456.55,-1,cvat_interp
393,26,26,2,1.0,693.92,608.01,742.06,712.46,-1,cvat_interp
393,27,27,2,1.0,508.48,295.63,537.75,350.37,-1,cvat_interp
393,28,28,2,1.0,466.18,459.96,510.44,546.49,-1,cvat_interp
393,29,29,2,1.0,419.58,366.63,451.29,428.44,-1,cvat_interp
393,30,30,2,1.0,352.71,339.6,379.4,400.94,-1,cvat_interp
393,31,31,2,1.0,313.8,541.73,354.78,632.7,-1,cvat_interp
393,32,32,3,1.0,344.16,232.3,367.53,278.34,-1,cvat_interp
393,33,33,2,1.0,265.85,434.81,297.15,518.07,-1,cvat_interp
393,34,34,2,1.0,226.83,539.01,278.5,627.19,-1,cvat_interp
393,35,35,2,1.0,1692.56,823.28,1770.58,938.42,-1,cvat_interp
394,0,0,2,1.0,844.47,693.93,898.37,802.07,-1,cvat_interp
394,10,10,2,1.0,1305.71,718.86,1367.44,819.6,-1,cvat_interp
394,11,11,2,1.0,1264.97,562.29,1334.55,651.85,-1,cvat_interp
394,12,12,2,1.0,1356.22,286.25,1378.57,342.6,-1,cvat_interp
394,13,13,2,1.0,1465.45,548.36,1508.84,623.2,-1,cvat_interp
394,14,14,2,1.0,1746.38,465.21,1786.39,541.84,-1,cvat_interp
394,15,15,2,1.0,1036.9,667.3,1096.51,774.67,-1,cvat_interp
394,16,16,2,1.0,922.4,707.3,1017.37,769.7,-1,cvat_interp
394,17,17,2,1.0,1701.34,382.48,1737.14,451.53,-1,cvat_interp
394,18,18,2,1.0,1455.53,303.09,1479.89,360.79,-1,cvat_interp
394,21,21,3,1.0,843.64,495.11,875.24,574.62,-1,cvat_interp
394,24,24,0,1.0,1527.15,864.15,1544.19,878.37,-1,cvat_interp
394,25,25,2,1.0,902.84,392.8,934.1,456.55,-1,cvat_interp
394,26,26,2,1.0,691.66,606.68,744.38,711.13,-1,cvat_interp
394,27,27,2,1.0,507.65,294.91,536.93,349.65,-1,cvat_interp
394,28,28,2,1.0,468.34,460.04,511.18,545.88,-1,cvat_interp
394,29,29,2,1.0,419.21,365.99,450.91,427.81,-1,cvat_interp
394,30,30,2,1.0,352.11,338.78,378.79,400.12,-1,cvat_interp
394,31,31,2,1.0,311.73,543.04,353.69,632.7,-1,cvat_interp
394,32,32,3,1.0,344.16,232.04,367.53,278.22,-1,cvat_interp
394,33,33,2,1.0,264.94,434.09,296.24,517.35,-1,cvat_interp
394,34,34,2,1.0,224.84,538.71,277.7,626.72,-1,cvat_interp
394,35,35,2,1.0,1677.93,820.14,1758.64,936.16,-1,cvat_interp
395,0,0,2,1.0,838.1,693.86,894.43,802.7,-1,cvat_keyframe
395,10,10,2,1.0,1315.78,720.0,1375.2,822.3,-1,cvat_keyframe
395,11,11,2,1.0,1266.06,562.46,1336.11,652.13,-1,cvat_keyframe
395,12,12,2,1.0,1354.87,285.41,1377.22,341.76,-1,cvat_interp
395,13,13,2,1.0,1464.15,550.46,1507.75,625.06,-1,cvat_keyframe
395,14,14,2,1.0,1743.77,464.51,1783.79,541.14,-1,cvat_keyframe
395,15,15,2,1.0,1037.5,666.43,1095.57,773.2,-1,cvat_keyframe
395,16,16,2,1.0,921.81,706.43,1016.79,768.83,-1,cvat_interp
395,17,17,2,1.0,1698.93,381.55,1734.73,450.08,-1,cvat_interp
395,18,18,2,1.0,1454.1,302.46,1478.84,361.1,-1,cvat_keyframe
395,21,21,3,1.0,845.82,493.99,877.42,573.5,-1,cvat_interp
395,24,24,0,1.0,1531.18,865.02,1548.22,879.24,-1,cvat_interp
395,25,25,2,1.0,902.84,392.47,934.1,456.55,-1,cvat_interp
395,26,26,2,1.0,689.4,605.35,746.7,709.8,-1,cvat_keyframe
395,27,27,2,1.0,506.83,294.19,536.1,348.93,-1,cvat_interp
395,28,28,2,1.0,470.51,460.13,511.92,545.26,-1,cvat_keyframe
395,29,29,2,1.0,418.83,365.36,450.53,427.17,-1,cvat_interp
395,30,30,2,1.0,351.51,337.96,378.19,399.3,-1,cvat_interp
395,31,31,2,1.0,309.65,544.35,352.6,632.7,-1,cvat_keyframe
395,32,32,3,1.0,344.16,231.78,367.53,278.1,-1,cvat_keyframe
395,33,33,2,1.0,264.03,433.37,295.33,516.64,-1,cvat_interp
395,34,34,2,1.0,222.84,538.42,276.9,626.25,-1,cvat_interp
395,35,35,2,1.0,1663.3,817.0,1746.7,933.9,-1,cvat_keyframe
396,0,0,2,1.0,836.86,693.78,890.5,802.12,-1,cvat_interp
396,10,10,2,1.0,1325.84,722.68,1382.62,824.29,-1,cvat_interp
396,11,11,2,1.0,1267.33,561.23,1337.85,651.02,-1,cvat_interp
396,12,12,2,1.0,1353.53,284.57,1375.88,340.92,-1,cvat_interp
396,13,13,2,1.0,1462.15,550.29,1505.96,624.65,-1,cvat_interp
396,14,14,2,1.0,1742.92,463.66,1782.94,540.28,-1,cvat_interp
396,15,15,2,1.0,1039.45,665.55,1096.44,771.61,-1,cvat_interp
396,16,16,2,1.0,921.23,705.56,1016.2,767.96,-1,cvat_interp
396,17,17,2,1.0,1696.53,380.62,1732.33,448.62,-1,cvat_interp
396,18,18,2,1.0,1453.43,301.51,1477.79,359.53,-1,cvat_interp
396,21,21,3,1.0,848.0,492.87,879.6,572.38,-1,cvat_interp
396,24,24,0,1.0,1535.21,865.9,1552.25,880.12,-1,cvat_interp
396,25,25,2,1.0,902.84,392.15,934.1,456.55,-1,cvat_interp
396,26,26,2,1.0,687.14,604.02,745.44,708.47,-1,cvat_interp
396,27,27,2,1.0,506.0,293.47,535.28,348.21,-1,cvat_interp
396,28,28,2,1.0,473.02,458.6,514.14,543.61,-1,cvat_interp
396,29,29,2,1.0,418.45,364.72,450.16,426.53,-1,cvat_interp
396,30,30,2,1.0,350.91,337.14,377.59,398.48,-1,cvat_interp
396,31,31,2,1.0,307.58,545.66,351.32,632.44,-1,cvat_interp
396,32,32,3,1.0,344.16,230.64,367.53,276.54,-1,cvat_interp
396,33,33,2,1.0,263.12,432.65,294.42,515.92,-1,cvat_interp
396,34,34,2,1.0,220.85,538.12,276.1,625.78,-1,cvat_interp
396,35,35,2,1.0,1655.64,815.77,1731.84,931.79,-1,cvat_interp
397,0,0,2,1.0,835.62,693.71,886.57,801.54,-1,cvat_interp
397,10,10,2,1.0,1335.91,725.36,1390.04,826.29,-1,cvat_interp
397,11,11,2,1.0,1268.6,560.0,1339.59,649.91,-1,cvat_interp
397,12,12,2,1.0,1352.18,283.73,1374.54,340.08,-1,cvat_interp
397,13,13,2,1.0,1460.16,550.11,1504.17,624.23,-1,cvat_interp
397,14,14,2,1.0,1742.07,462.8,1782.09,539.42,-1,cvat_interp
397,15,15,2,1.0,1041.4,664.68,1097.32,770.02,-1,cvat_interp
397,16,16,2,1.0,920.65,704.68,1015.62,767.08,-1,cvat_interp
397,17,17,2,1.0,1694.12,379.69,1729.92,447.16,-1,cvat_interp
397,18,18,2,1.0,1452.75,300.56,1476.74,357.97,-1,cvat_interp
397,21,21,3,1.0,850.19,491.75,881.79,571.26,-1,cvat_interp
397,24,24,0,1.0,1539.25,866.78,1556.28,881.0,-1,cvat_interp
397,25,25,2,1.0,902.84,391.82,934.1,456.55,-1,cvat_interp
397,26,26,2,1.0,684.88,602.69,744.18,707.14,-1,cvat_interp
397,27,27,2,1.0,505.17,292.75,534.45,347.48,-1,cvat_interp
397,28,28,2,1.0,475.54,457.08,516.36,541.96,-1,cvat_interp
397,29,29,2,1.0,418.08,364.08,449.78,425.89,-1,cvat_interp
397,30,30,2,1.0,350.3,336.32,376.99,397.66,-1,cvat_interp
397,31,31,2,1.0,305.5,546.97,350.04,632.18,-1,cvat_interp
397,32,32,3,1.0,344.16,229.49,367.53,274.97,-1,cvat_interp
397,33,33,2,1.0,262.21,431.93,293.51,515.2,-1,cvat_interp
397,34,34,2,1.0,218.86,537.82,275.3,625.31,-1,cvat_interp
397,35,35,2,1.0,1647.98,814.54,1716.98,929.68,-1,cvat_interp
398,0,0,2,1.0,834.38,693.64,882.63,800.96,-1,cvat_interp
398,10,10,2,1.0,1345.97,728.04,1397.46,828.28,-1,cvat_interp
398,11,11,2,1.0,1269.87,558.76,1341.33,648.79,-1,cvat_interp
398,12,12,2,1.0,1350.84,282.89,1373.19,339.24,-1,cvat_interp
398,13,13,2,1.0,1458.16,549.94,1502.38,623.82,-1,cvat_interp
398,14,14,2,1.0,1741.22,461.94,1781.24,538.56,-1,cvat_interp
398,15,15,2,1.0,1043.36,663.81,1098.19,768.44,-1,cvat_interp
398,16,16,2,1.0,920.06,703.81,1015.04,766.21,-1,cvat_interp
398,17,17,2,1.0,1691.72,378.76,1727.52,445.71,-1,cvat_interp
398,18,18,2,1.0,1452.08,299.61,1475.69,356.4,-1,cvat_interp
398,21,21,3,1.0,852.37,490.63,883.97,570.13,-1,cvat_interp
398,24,24,0,1.0,1543.28,867.66,1560.31,881.88,-1,cvat_interp
398,25,25,2,1.0,902.84,391.5,934.1,456.55,-1,cvat_interp
398,26,26,2,1.0,682.62,601.36,742.92,705.82,-1,cvat_interp
398,27,27,2,1.0,504.35,292.02,533.63,346.76,-1,cvat_interp
398,28,28,2,1.0,478.06,455.55,518.57,540.31,-1,cvat_interp
398,29,29,2,1.0,417.7,363.44,449.4,425.25,-1,cvat_interp
398,30,30,2,1.0,349.7,335.5,376.39,396.84,-1,cvat_interp
398,31,31,2,1.0,303.43,548.28,348.76,631.92,-1,cvat_interp
398,32,32,3,1.0,344.16,228.35,367.53,273.41,-1,cvat_interp
398,33,33,2,1.0,261.3,431.22,292.6,514.48,-1,cvat_interp
398,34,34,2,1.0,216.87,537.53,274.5,624.84,-1,cvat_interp
398,35,35,2,1.0,1640.32,813.31,1702.12,927.57,-1,cvat_interp
399,0,0,2,1.0,833.14,693.56,878.7,800.38,-1,cvat_interp
399,10,10,2,1.0,1356.03,730.72,1404.88,830.28,-1,cvat_interp
399,11,11,2,1.0,1271.14,557.53,1343.06,647.68,-1,cvat_interp
399,12,12,2,1.0,1349.5,282.05,1371.85,338.4,-1,cvat_interp
399,13,13,2,1.0,1456.16,549.77,1500.59,623.41,-1,cvat_interp
399,14,14,2,1.0,1740.37,461.08,1780.39,537.7,-1,cvat_interp
399,15,15,2,1.0,1045.31,662.93,1099.07,766.85,-1,cvat_interp
399,16,16,2,1.0,919.48,702.93,1014.46,765.33,-1,cvat_interp
399,17,17,2,1.0,1689.31,377.83,1725.11,444.25,-1,cvat_interp
399,18,18,2,1.0,1451.41,298.65,1474.64,354.84,-1,cvat_interp
399,21,21,3,1.0,854.56,489.51,886.16,569.01,-1,cvat_interp
399,24,24,0,1.0,1547.31,868.54,1564.34,882.76,-1,cvat_interp
399,25,25,2,1.0,902.84,391.17,934.1,456.55,-1,cvat_interp
399,26,26,2,1.0,680.36,600.03,741.66,704.49,-1,cvat_interp
399,27,27,2,1.0,503.52,291.3,532.8,346.04,-1,cvat_interp
399,28,28,2,1.0,480.58,454.03,520.79,538.65,-1,cvat_interp
399,29,29,2,1.0,417.32,362.8,449.02,424.61,-1,cvat_interp
399,30,30,2,1.0,349.1,334.68,375.79,396.02,-1,cvat_interp
399,31,31,2,1.0,301.35,549.59,347.48,631.66,-1,cvat_interp
399,32,32,3,1.0,344.16,227.21,367.53,271.85,-1,cvat_interp
399,33,33,2,1.0,260.39,430.5,291.69,513.76,-1,cvat_interp
399,34,34,2,1.0,214.88,537.23,273.7,624.37,-1,cvat_interp
399,35,35,2,1.0,1632.66,812.08,1687.26,925.46,-1,cvat_interp
400,0,0,2,1.0,831.9,693.49,874.77,799.8,-1,cvat_keyframe
400,10,10,2,1.0,1366.1,733.4,1412.3,832.27,-1,cvat_keyframe
400,11,11,2,1.0,1272.4,556.3,1344.8,646.57,-1,cvat_keyframe
400,12,12,2,1.0,1348.15,281.21,1370.5,337.56,-1,cvat_keyframe
400,13,13,2,1.0,1454.17,549.6,1498.8,623.0,-1,cvat_keyframe
400,14,14,2,1.0,1739.52,460.22,1779.54,536.84,-1,cvat_keyframe
400,15,15,2,1.0,1047.26,662.06,1099.94,765.26,-1,cvat_keyframe
400,16,16,2,1.0,918.9,702.06,1013.87,764.46,-1,cvat_keyframe
400,17,17,2,1.0,1686.91,376.9,1722.71,442.79,-1,cvat_keyframe
400,18,18,2,1.0,1450.74,297.7,1473.59,353.27,-1,cvat_keyframe
400,21,21,3,1.0,856.74,488.38,888.34,567.89,-1,cvat_keyframe
400,24,24,0,1.0,1551.34,869.42,1568.37,883.63,-1,cvat_keyframe
400,25,25,2,1.0,902.84,390.85,934.1,456.55,-1,cvat_interp
400,26,26,2,1.0,678.1,598.71,740.4,703.16,-1,cvat_keyframe
400,27,27,2,1.0,502.7,290.58,531.97,345.32,-1,cvat_keyframe
400,28,28,2,1.0,483.1,452.5,523.01,537.0,-1,cvat_keyframe
400,29,29,2,1.0,416.94,362.17,448.65,423.98,-1,cvat_keyframe
400,30,30,2,1.0,348.5,333.86,375.19,395.2,-1,cvat_keyframe
400,31,31,2,1.0,299.27,550.9,346.2,631.4,-1,cvat_keyframe
400,32,32,3,1.0,344.16,226.07,367.53,270.29,-1,cvat_keyframe
400,33,33,2,1.0,259.48,429.78,290.78,513.04,-1,cvat_keyframe
400,34,34,2,1.0,212.89,536.93,272.9,623.9,-1,cvat_keyframe
400,35,35,2,1.0,1625.0,810.85,1672.4,923.35,-1,cvat_keyframe
401,0,0,2,1.0,828.76,692.49,872.39,799.18,-1,cvat_interp
401,10,10,2,1.0,1371.02,735.83,1438.5,829.7,-1,cvat_keyframe
401,11,11,2,1.0,1274.56,556.36,1346.95,646.62,-1,cvat_interp
401,12,12,2,1.0,1347.56,280.79,1369.91,337.14,-1,cvat_interp
401,13,13,2,1.0,1452.74,549.43,1496.65,623.17,-1,cvat_interp
401,14,14,2,1.0,1739.08,459.75,1779.09,536.66,-1,cvat_interp
401,15,15,2,1.0,1048.58,663.12,1101.26,766.32,-1,cvat_interp
401,16,16,2,1.0,919.1,700.92,1014.03,764.06,-1,cvat_interp
401,17,17,2,1.0,1684.89,376.15,1720.91,442.52,-1,cvat_interp
401,18,18,2,1.0,1450.47,297.48,1473.32,352.96,-1,cvat_interp
401,21,21,3,1.0,858.2,487.62,890.07,567.79,-1,cvat_interp
401,24,24,0,1.0,1556.62,870.89,1573.06,885.11,-1,cvat_interp
401,25,25,2,1.0,902.84,390.52,934.1,456.55,-1,cvat_interp
401,26,26,2,1.0,677.45,598.37,738.49,702.73,-1,cvat_interp
401,27,27,2,1.0,502.65,289.82,531.22,344.79,-1,cvat_interp
401,28,28,2,1.0,483.95,452.29,525.48,536.67,-1,cvat_interp
401,29,29,2,1.0,417.1,361.6,448.8,423.41,-1,cvat_interp
401,30,30,2,1.0,348.84,333.47,375.79,394.86,-1,cvat_interp
401,31,31,2,1.0,295.83,550.98,343.48,633.45,-1,cvat_interp
401,32,32,3,1.0,343.78,225.66,367.15,269.88,-1,cvat_interp
401,33,33,2,1.0,259.11,429.99,290.41,513.26,-1,cvat_interp
401,34,34,2,1.0,211.18,534.63,270.13,623.07,-1,cvat_interp
401,35,35,2,1.0,1610.9,808.54,1664.73,918.0,-1,cvat_interp
402,0,0,2,1.0,825.63,691.5,870.01,798.55,-1,cvat_interp
402,10,10,2,1.0,1375.93,738.26,1447.7,834.7,-1,cvat_interp
402,11,11,2,1.0,1276.71,556.41,1349.1,646.68,-1,cvat_interp
402,12,12,2,1.0,1346.97,280.36,1369.33,336.71,-1,cvat_interp
402,13,13,2,1.0,1451.31,549.27,1494.5,623.33,-1,cvat_interp
402,14,14,2,1.0,1738.63,459.28,1778.65,536.48,-1,cvat_interp
402,15,15,2,1.0,1049.89,664.18,1102.57,767.38,-1,cvat_interp
402,16,16,2,1.0,919.3,699.78,1014.19,763.65,-1,cvat_interp
402,17,17,2,1.0,1682.87,375.4,1719.12,442.26,-1,cvat_interp
402,18,18,2,1.0,1450.2,297.27,1473.05,352.64,-1,cvat_interp
402,21,21,3,1.0,859.65,486.86,891.79,567.69,-1,cvat_interp
402,24,24,0,1.0,1561.89,872.36,1577.75,886.58,-1,cvat_interp
402,25,25,2,1.0,902.84,390.2,934.1,456.55,-1,cvat_interp
402,26,26,2,1.0,676.81,598.02,736.57,702.3,-1,cvat_interp
402,27,27,2,1.0,502.6,289.07,530.47,344.26,-1,cvat_interp
402,28,28,2,1.0,484.8,452.08,527.94,536.33,-1,cvat_interp
402,29,29,2,1.0,417.25,361.04,448.95,422.85,-1,cvat_interp
402,30,30,2,1.0,349.18,333.08,376.39,394.52,-1,cvat_interp
402,31,31,2,1.0,292.39,551.05,340.77,635.5,-1,cvat_interp
402,32,32,3,1.0,343.41,225.26,366.78,269.47,-1,cvat_interp
402,33,33,2,1.0,258.74,430.2,290.04,513.47,-1,cvat_interp
402,34,34,2,1.0,209.47,532.33,267.35,622.24,-1,cvat_interp
402,35,35,2,1.0,1596.8,806.23,1657.07,912.65,-1,cvat_interp
403,0,0,2,1.0,822.49,690.5,867.64,797.93,-1,cvat_interp
403,10,10,2,1.0,1380.85,740.68,1456.9,839.7,-1,cvat_keyframe
403,11,11,2,1.0,1278.86,556.47,1351.25,646.73,-1,cvat_interp
403,12,12,2,1.0,1346.38,279.94,1368.74,336.29,-1,cvat_interp
403,13,13,2,1.0,1449.88,549.1,1492.35,623.5,-1,cvat_interp
403,14,14,2,1.0,1738.18,458.81,1778.2,536.3,-1,cvat_interp
403,15,15,2,1.0,1051.21,665.25,1103.89,768.45,-1,cvat_interp
403,16,16,2,1.0,919.51,698.64,1014.34,763.25,-1,cvat_interp
403,17,17,2,1.0,1680.85,374.65,1717.32,441.99,-1,cvat_interp
403,18,18,2,1.0,1449.93,297.05,1472.78,352.33,-1,cvat_interp
403,21,21,3,1.0,861.11,486.09,893.52,567.59,-1,cvat_interp
403,24,24,0,1.0,1567.17,873.83,1582.44,888.05,-1,cvat_interp
403,25,25,2,1.0,902.84,389.87,934.1,456.55,-1,cvat_interp
403,26,26,2,1.0,676.16,597.68,734.66,701.87,-1,cvat_interp
403,27,27,2,1.0,502.55,288.31,529.72,343.74,-1,cvat_interp
403,28,28,2,1.0,485.64,451.86,530.41,536.0,-1,cvat_interp
403,29,29,2,1.0,417.4,360.48,449.11,422.29,-1,cvat_interp
403,30,30,2,1.0,349.51,332.69,376.99,394.18,-1,cvat_interp
403,31,31,2,1.0,288.94,551.13,338.05,637.55,-1,cvat_interp
403,32,32,3,1.0,343.03,224.85,366.4,269.07,-1,cvat_interp
403,33,33,2,1.0,258.37,430.42,289.67,513.68,-1,cvat_interp
403,34,34,2,1.0,207.75,530.02,264.58,621.41,-1,cvat_interp
403,35,35,2,1.0,1582.7,803.92,1649.4,907.3,-1,cvat_keyframe
404,0,0,2,1.0,819.36,689.5,865.26,797.3,-1,cvat_keyframe
404,10,10,2,1.0,1385.77,743.11,1456.4,845.6,-1,cvat_keyframe
404,11,11,2,1.0,1281.01,556.52,1353.4,646.79,-1,cvat_interp
404,12,12,2,1.0,1345.79,279.51,1368.15,335.86,-1,cvat_interp
404,13,13,2,1.0,1448.46,548.93,1490.2,623.67,-1,cvat_interp
404,14,14,2,1.0,1737.73,458.34,1777.75,536.12,-1,cvat_interp
404,15,15,2,1.0,1052.52,666.31,1105.2,769.51,-1,cvat_interp
404,16,16,2,1.0,919.71,697.5,1014.5,762.84,-1,cvat_keyframe
404,17,17,2,1.0,1678.83,373.9,1715.53,441.72,-1,cvat_interp
404,18,18,2,1.0,1449.66,296.83,1472.51,352.01,-1,cvat_interp
404,21,21,3,1.0,862.56,485.33,895.24,567.5,-1,cvat_interp
404,24,24,0,1.0,1572.45,875.3,1587.13,889.52,-1,cvat_interp
404,25,25,2,1.0,902.84,389.55,934.1,456.55,-1,cvat_interp
404,26,26,2,1.0,675.51,597.34,732.74,701.43,-1,cvat_interp
404,27,27,2,1.0,502.5,287.56,528.97,343.21,-1,cvat_interp
404,28,28,2,1.0,486.49,451.65,532.87,535.67,-1,cvat_interp
404,29,29,2,1.0,417.56,359.92,449.26,421.73,-1,cvat_interp
404,30,30,2,1.0,349.85,332.3,377.59,393.84,-1,cvat_interp
404,31,31,2,1.0,285.5,551.2,335.33,639.6,-1,cvat_keyframe
404,32,32,3,1.0,342.65,224.44,366.03,268.66,-1,cvat_interp
404,33,33,2,1.0,258.0,430.63,289.3,513.89,-1,cvat_interp
404,34,34,2,1.0,206.04,527.72,261.8,620.58,-1,cvat_keyframe
404,35,35,2,1.0,1573.53,801.61,1637.9,908.52,-1,cvat_interp
405,0,0,2,1.0,816.22,691.18,862.88,798.9,-1,cvat_interp
405,10,10,2,1.0,1390.68,745.54,1457.2,848.95,-1,cvat_interp
405,11,11,2,1.0,1283.16,556.58,1355.55,646.84,-1,cvat_interp
405,12,12,2,1.0,1345.2,279.09,1367.56,335.44,-1,cvat_interp
405,13,13,2,1.0,1447.03,548.77,1488.05,623.83,-1,cvat_interp
405,14,14,2,1.0,1737.28,457.87,1777.3,535.94,-1,cvat_interp
405,15,15,2,1.0,1053.84,667.37,1106.52,770.57,-1,cvat_interp
405,16,16,2,1.0,919.91,697.25,1014.65,762.44,-1,cvat_interp
405,17,17,2,1.0,1676.8,373.15,1713.73,441.45,-1,cvat_interp
405,18,18,2,1.0,1449.39,296.62,1472.24,351.7,-1,cvat_interp
405,21,21,3,1.0,864.02,484.56,896.97,567.4,-1,cvat_interp
405,24,24,0,1.0,1577.73,876.77,1591.82,890.99,-1,cvat_interp
405,25,25,2,1.0,902.84,389.22,934.1,456.55,-1,cvat_interp
405,26,26,2,1.0,674.87,597.0,730.83,701.0,-1,cvat_interp
405,27,27,2,1.0,502.45,286.8,528.22,342.69,-1,cvat_interp
405,28,28,2,1.0,487.34,451.44,535.34,535.33,-1,cvat_interp
405,29,29,2,1.0,417.71,359.36,449.41,421.17,-1,cvat_interp
405,30,30,2,1.0,350.19,331.91,378.19,393.5,-1,cvat_interp
405,31,31,2,1.0,282.05,553.42,332.62,641.65,-1,cvat_interp
405,32,32,3,1.0,342.28,224.04,365.65,268.25,-1,cvat_interp
405,33,33,2,1.0,257.63,430.84,288.93,514.1,-1,cvat_interp
405,34,34,2,1.0,203.74,527.76,258.44,622.09,-1,cvat_interp
405,35,35,2,1.0,1564.36,799.3,1626.4,909.74,-1,cvat_keyframe
406,0,0,2,1.0,813.08,692.87,860.51,800.49,-1,cvat_interp
406,10,10,2,1.0,1395.6,747.97,1458.0,852.3,-1,cvat_keyframe
406,11,11,2,1.0,1285.31,556.63,1357.71,646.9,-1,cvat_interp
406,12,12,2,1.0,1344.61,278.66,1366.97,335.01,-1,cvat_interp
406,13,13,2,1.0,1445.6,548.6,1485.9,624.0,-1,cvat_keyframe
406,14,14,2,1.0,1736.83,457.4,1776.85,535.77,-1,cvat_keyframe
406,15,15,2,1.0,1055.15,668.43,1107.83,771.63,-1,cvat_interp
406,16,16,2,1.0,920.11,697.0,1014.8,762.03,-1,cvat_interp
406,17,17,2,1.0,1674.78,372.4,1711.93,441.18,-1,cvat_interp
406,18,18,2,1.0,1449.12,296.4,1471.97,351.39,-1,cvat_keyframe
406,21,21,3,1.0,865.47,483.8,898.7,567.3,-1,cvat_keyframe
406,24,24,0,1.0,1583.01,878.24,1596.51,892.46,-1,cvat_keyframe
406,25,25,2,1.0,902.84,388.9,934.1,456.55,-1,cvat_keyframe
406,26,26,2,1.0,674.22,596.66,728.92,700.57,-1,cvat_interp
406,27,27,2,1.0,502.4,286.04,527.46,342.16,-1,cvat_keyframe
406,28,28,2,1.0,488.19,451.23,537.8,535.0,-1,cvat_keyframe
406,29,29,2,1.0,417.86,358.8,449.57,420.61,-1,cvat_interp
406,30,30,2,1.0,350.53,331.52,378.79,393.16,-1,cvat_interp
406,31,31,2,1.0,278.61,555.64,329.9,643.7,-1,cvat_keyframe
406,32,32,3,1.0,341.9,223.63,365.28,267.85,-1,cvat_interp
406,33,33,2,1.0,257.26,431.05,288.56,514.32,-1,cvat_interp
406,34,34,2,1.0,201.45,527.8,255.08,623.6,-1,cvat_keyframe
406,35,35,2,1.0,1552.23,801.22,1617.2,907.02,-1,cvat_interp
407,0,0,2,1.0,809.95,694.55,858.13,802.09,-1,cvat_interp
407,10,10,2,1.0,1400.52,750.4,1461.15,855.65,-1,cvat_interp
407,11,11,2,1.0,1287.46,556.69,1359.86,646.95,-1,cvat_interp
407,12,12,2,1.0,1344.02,278.24,1366.38,334.59,-1,cvat_interp
407,13,13,2,1.0,1441.95,549.26,1483.33,624.16,-1,cvat_interp
407,14,14,2,1.0,1736.38,457.66,1776.4,535.59,-1,cvat_interp
407,15,15,2,1.0,1056.47,669.49,1109.15,772.69,-1,cvat_interp
407,16,16,2,1.0,920.32,696.75,1014.95,761.63,-1,cvat_interp
407,17,17,2,1.0,1672.76,371.64,1710.14,440.91,-1,cvat_interp
407,18,18,2,1.0,1448.85,296.34,1471.7,351.07,-1,cvat_interp
407,21,21,3,1.0,866.93,484.1,900.42,567.2,-1,cvat_interp
407,24,24,0,1.0,1565.49,882.09,1579.87,896.31,-1,cvat_interp
407,25,25,2,1.0,903.14,389.55,934.4,457.35,-1,cvat_interp
407,26,26,2,1.0,673.57,596.32,727.0,700.14,-1,cvat_interp
407,27,27,2,1.0,503.33,285.98,527.69,342.33,-1,cvat_interp
407,28,28,2,1.0,491.65,451.66,540.5,535.48,-1,cvat_interp
407,29,29,2,1.0,418.02,358.24,449.72,420.05,-1,cvat_interp
407,30,30,2,1.0,350.86,331.13,379.4,392.82,-1,cvat_interp
407,31,31,2,1.0,275.17,556.43,326.43,643.67,-1,cvat_interp
407,32,32,3,1.0,341.53,223.22,364.9,267.44,-1,cvat_interp
407,33,33,2,1.0,256.89,431.26,288.19,514.53,-1,cvat_interp
407,34,34,2,1.0,199.54,528.35,252.11,623.55,-1,cvat_interp
407,35,35,2,1.0,1540.1,803.13,1608.0,904.3,-1,cvat_keyframe
408,0,0,2,1.0,806.81,696.23,855.75,803.69,-1,cvat_interp
408,10,10,2,1.0,1405.43,752.82,1464.3,859.0,-1,cvat_interp
408,11,11,2,1.0,1289.61,556.74,1362.01,647.01,-1,cvat_interp
408,12,12,2,1.0,1343.44,277.81,1365.79,334.17,-1,cvat_interp
408,13,13,2,1.0,1438.3,549.93,1480.77,624.33,-1,cvat_interp
408,14,14,2,1.0,1735.93,457.91,1775.95,535.41,-1,cvat_interp
408,15,15,2,1.0,1057.78,670.56,1110.46,773.76,-1,cvat_interp
408,16,16,2,1.0,920.52,696.5,1015.1,761.22,-1,cvat_interp
408,17,17,2,1.0,1670.74,370.89,1708.34,440.64,-1,cvat_interp
408,18,18,2,1.0,1448.58,296.28,1471.44,350.76,-1,cvat_interp
408,21,21,3,1.0,868.38,484.4,902.15,567.1,-1,cvat_interp
408,24,24,0,1.0,1547.96,885.95,1563.23,900.17,-1,cvat_interp
408,25,25,2,1.0,903.45,390.2,934.7,458.14,-1,cvat_interp
408,26,26,2,1.0,672.93,595.98,725.09,699.71,-1,cvat_interp
408,27,27,2,1.0,504.25,285.92,527.91,342.5,-1,cvat_interp
408,28,28,2,1.0,495.12,452.09,543.2,535.95,-1,cvat_interp
408,29,29,2,1.0,418.17,357.67,449.87,419.48,-1,cvat_interp
408,30,30,2,1.0,351.2,330.74,380.0,392.48,-1,cvat_interp
408,31,31,2,1.0,271.72,557.22,322.95,643.65,-1,cvat_interp
408,32,32,3,1.0,341.15,222.82,364.52,267.03,-1,cvat_interp
408,33,33,2,1.0,256.52,431.48,287.82,514.74,-1,cvat_interp
408,34,34,2,1.0,197.63,528.9,249.14,623.5,-1,cvat_interp
408,35,35,2,1.0,1532.4,802.03,1600.4,904.67,-1,cvat_interp
409,0,0,2,1.0,803.68,697.92,853.38,805.29,-1,cvat_interp
409,10,10,2,1.0,1410.35,755.25,1467.45,862.35,-1,cvat_interp
409,11,11,2,1.0,1291.76,556.8,1364.16,647.06,-1,cvat_interp
409,12,12,2,1.0,1342.85,277.39,1365.2,333.74,-1,cvat_interp
409,13,13,2,1.0,1434.65,550.59,1478.2,624.49,-1,cvat_interp
409,14,14,2,1.0,1735.48,458.17,1775.5,535.23,-1,cvat_interp
409,15,15,2,1.0,1059.1,671.62,1111.78,774.82,-1,cvat_interp
409,16,16,2,1.0,920.72,696.25,1015.25,760.82,-1,cvat_interp
409,17,17,2,1.0,1668.72,370.14,1706.55,440.37,-1,cvat_interp
409,18,18,2,1.0,1448.31,296.23,1471.17,350.44,-1,cvat_interp
409,21,21,3,1.0,869.84,484.7,903.87,567.0,-1,cvat_interp
409,24,24,0,1.0,1530.44,889.8,1546.59,904.02,-1,cvat_interp
409,25,25,2,1.0,903.75,390.85,935.0,458.93,-1,cvat_interp
409,26,26,2,1.0,672.28,595.64,723.18,699.28,-1,cvat_interp
409,27,27,2,1.0,505.18,285.86,528.13,342.67,-1,cvat_interp
409,28,28,2,1.0,498.58,452.52,545.9,536.43,-1,cvat_interp
409,29,29,2,1.0,418.32,357.11,450.03,418.92,-1,cvat_interp
409,30,30,2,1.0,351.54,330.35,380.6,392.14,-1,cvat_interp
409,31,31,2,1.0,268.28,558.01,319.48,643.62,-1,cvat_interp
409,32,32,3,1.0,340.78,222.41,364.15,266.63,-1,cvat_interp
409,33,33,2,1.0,256.14,431.69,287.44,514.95,-1,cvat_interp
409,34,34,2,1.0,195.72,529.45,246.17,623.45,-1,cvat_interp
409,35,35,2,1.0,1524.7,800.93,1592.8,905.03,-1,cvat_interp
410,0,0,2,1.0,800.54,699.6,851.0,806.88,-1,cvat_keyframe
410,10,10,2,1.0,1415.27,757.68,1470.6,865.7,-1,cvat_keyframe
410,11,11,2,1.0,1293.91,556.85,1366.31,647.12,-1,cvat_keyframe
410,12,12,2,1.0,1342.26,276.96,1364.61,333.32,-1,cvat_keyframe
410,13,13,2,1.0,1431.0,551.25,1475.64,624.66,-1,cvat_keyframe
410,14,14,2,1.0,1735.04,458.42,1775.06,535.05,-1,cvat_keyframe
410,15,15,2,1.0,1060.41,672.68,1113.09,775.88,-1,cvat_keyframe
410,16,16,2,1.0,920.92,696.0,1015.4,760.41,-1,cvat_keyframe
410,17,17,2,1.0,1666.7,369.39,1704.75,440.1,-1,cvat_keyframe
410,18,18,2,1.0,1448.04,296.17,1470.9,350.13,-1,cvat_keyframe
410,21,21,3,1.0,871.29,485.0,905.6,566.9,-1,cvat_keyframe
410,24,24,0,1.0,1512.92,893.66,1529.96,907.88,-1,cvat_keyframe
410,25,25,2,1.0,904.05,391.5,935.31,459.73,-1,cvat_interp
410,26,26,2,1.0,671.63,595.3,721.26,698.85,-1,cvat_keyframe
410,27,27,2,1.0,506.1,285.8,528.35,342.84,-1,cvat_keyframe
410,28,28,2,1.0,502.05,452.95,548.61,536.9,-1,cvat_interp
410,29,29,2,1.0,418.48,356.55,450.18,418.36,-1,cvat_keyframe
410,30,30,2,1.0,351.88,329.96,381.2,391.8,-1,cvat_keyframe
410,31,31,2,1.0,264.83,558.8,316.0,643.6,-1,cvat_keyframe
410,32,32,3,1.0,340.4,222.0,363.77,266.22,-1,cvat_keyframe
410,33,33,2,1.0,255.77,431.9,287.07,515.16,-1,cvat_keyframe
410,34,34,2,1.0,193.82,530.0,243.2,623.4,-1,cvat_keyframe
410,35,35,2,1.0,1517.0,799.83,1585.2,905.4,-1,cvat_keyframe
411,0,0,2,1.0,799.75,701.84,848.82,807.99,-1,cvat_interp
411,10,10,2,1.0,1415.41,759.54,1473.12,867.78,-1,cvat_interp
411,11,11,2,1.0,1297.41,558.24,1365.89,648.25,-1,cvat_interp
411,12,12,2,1.0,1341.72,277.85,1364.07,334.21,-1,cvat_interp
411,13,13,2,1.0,1429.23,553.27,1471.97,627.82,-1,cvat_interp
411,14,14,2,1.0,1735.69,459.27,1774.98,536.09,-1,cvat_interp
411,15,15,2,1.0,1062.11,676.21,1113.7,776.77,-1,cvat_interp
411,16,16,2,1.0,921.97,695.85,1016.82,760.36,-1,cvat_interp
411,17,17,2,1.0,1666.74,369.93,1704.1,440.64,-1,cvat_interp
411,18,18,2,1.0,1447.96,297.22,1470.81,351.18,-1,cvat_interp
411,21,21,3,1.0,873.8,485.28,908.11,567.35,-1,cvat_interp
411,24,24,0,1.0,1498.84,898.01,1515.87,912.23,-1,cvat_interp
411,25,25,2,1.0,904.35,392.15,935.61,460.52,-1,cvat_interp
411,26,26,2,1.0,672.25,596.49,722.73,699.15,-1,cvat_interp
411,27,27,2,1.0,506.64,286.78,528.98,343.82,-1,cvat_interp
411,28,28,2,1.0,505.51,453.38,551.31,537.38,-1,cvat_interp
411,29,29,2,1.0,420.66,357.4,452.36,419.21,-1,cvat_interp
411,30,30,2,1.0,354.5,330.85,383.83,392.69,-1,cvat_interp
411,31,31,2,1.0,262.03,561.03,311.94,646.55,-1,cvat_interp
411,32,32,3,1.0,340.04,222.8,364.08,266.75,-1,cvat_interp
411,33,33,2,1.0,256.44,432.86,287.86,515.41,-1,cvat_interp
411,34,34,2,1.0,193.14,531.2,242.93,624.6,-1,cvat_interp
411,35,35,2,1.0,1510.62,802.25,1575.2,905.1,-1,cvat_interp
412,0,0,2,1.0,798.95,704.08,846.64,809.09,-1,cvat_interp
412,10,10,2,1.0,1415.55,761.41,1475.64,869.86,-1,cvat_interp
412,11,11,2,1.0,1300.91,559.62,1365.47,649.39,-1,cvat_interp
412,12,12,2,1.0,1341.18,278.74,1363.53,335.09,-1,cvat_interp
412,13,13,2,1.0,1427.45,555.28,1468.3,630.99,-1,cvat_interp
412,14,14,2,1.0,1736.35,460.12,1774.9,537.14,-1,cvat_interp
412,15,15,2,1.0,1063.81,679.75,1114.3,777.67,-1,cvat_interp
412,16,16,2,1.0,923.02,695.7,1018.24,760.31,-1,cvat_interp
412,17,17,2,1.0,1666.78,370.47,1703.44,441.18,-1,cvat_interp
412,18,18,2,1.0,1447.88,298.28,1470.73,352.24,-1,cvat_interp
412,21,21,3,1.0,876.32,485.56,910.62,567.79,-1,cvat_interp
412,24,24,0,1.0,1484.75,902.35,1501.79,916.57,-1,cvat_interp
412,25,25,2,1.0,904.66,392.8,935.91,461.32,-1,cvat_interp
412,26,26,2,1.0,672.87,597.68,724.19,699.46,-1,cvat_interp
412,27,27,2,1.0,507.18,287.76,529.61,344.79,-1,cvat_interp
412,28,28,2,1.0,508.98,453.81,554.01,537.85,-1,cvat_interp
412,29,29,2,1.0,422.84,358.24,454.54,420.05,-1,cvat_interp
412,30,30,2,1.0,357.13,331.74,386.45,393.58,-1,cvat_interp
412,31,31,2,1.0,259.22,563.25,307.88,649.5,-1,cvat_interp
412,32,32,3,1.0,339.68,223.6,364.39,267.29,-1,cvat_interp
412,33,33,2,1.0,257.11,433.82,288.66,515.65,-1,cvat_interp
412,34,34,2,1.0,192.46,532.4,242.67,625.8,-1,cvat_interp
412,35,35,2,1.0,1504.24,804.67,1565.2,904.8,-1,cvat_interp
413,0,0,2,1.0,798.16,706.32,844.46,810.19,-1,cvat_interp
413,10,10,2,1.0,1415.69,763.27,1478.16,871.94,-1,cvat_interp
413,11,11,2,1.0,1304.41,561.01,1365.04,650.52,-1,cvat_interp
413,12,12,2,1.0,1340.64,279.63,1362.99,335.98,-1,cvat_interp
413,13,13,2,1.0,1425.68,557.3,1464.63,634.16,-1,cvat_interp
413,14,14,2,1.0,1737.01,460.97,1774.83,538.18,-1,cvat_interp
413,15,15,2,1.0,1065.51,683.28,1114.9,778.56,-1,cvat_interp
413,16,16,2,1.0,924.06,695.55,1019.66,760.26,-1,cvat_interp
413,17,17,2,1.0,1666.82,371.02,1702.79,441.72,-1,cvat_interp
413,18,18,2,1.0,1447.79,299.33,1470.64,353.29,-1,cvat_interp
413,21,21,3,1.0,878.83,485.84,913.13,568.24,-1,cvat_interp
413,24,24,0,1.0,1470.67,906.7,1487.7,920.92,-1,cvat_interp
413,25,25,2,1.0,904.96,393.44,936.22,462.11,-1,cvat_interp
413,26,26,2,1.0,673.48,598.87,725.65,699.76,-1,cvat_interp
413,27,27,2,1.0,507.72,288.74,530.24,345.77,-1,cvat_interp
413,28,28,2,1.0,512.44,454.25,556.71,538.33,-1,cvat_interp
413,29,29,2,1.0,425.02,359.09,456.72,420.9,-1,cvat_interp
413,30,30,2,1.0,359.75,332.63,389.08,394.47,-1,cvat_interp
413,31,31,2,1.0,256.42,565.48,303.81,652.45,-1,cvat_interp
413,32,32,3,1.0,339.32,224.4,364.7,267.82,-1,cvat_interp
413,33,33,2,1.0,257.78,434.79,289.45,515.89,-1,cvat_interp
413,34,34,2,1.0,191.78,533.6,242.4,627.0,-1,cvat_interp
413,35,35,2,1.0,1497.86,807.09,1555.2,904.5,-1,cvat_interp
414,0,0,2,1.0,797.36,708.56,842.28,811.3,-1,cvat_interp
414,10,10,2,1.0,1415.83,765.14,1480.68,874.02,-1,cvat_interp
414,11,11,2,1.0,1307.91,562.39,1364.62,651.65,-1,cvat_interp
414,12,12,2,1.0,1340.1,280.52,1362.45,336.87,-1,cvat_interp
414,13,13,2,1.0,1423.9,559.31,1460.97,637.33,-1,cvat_interp
414,14,14,2,1.0,1737.66,461.82,1774.75,539.23,-1,cvat_interp
414,15,15,2,1.0,1067.21,686.81,1115.51,779.45,-1,cvat_interp
414,16,16,2,1.0,925.11,695.4,1021.08,760.21,-1,cvat_interp
414,17,17,2,1.0,1666.86,371.56,1702.13,442.26,-1,cvat_interp
414,18,18,2,1.0,1447.71,300.38,1470.56,354.34,-1,cvat_interp
414,21,21,3,1.0,881.34,486.12,915.65,568.68,-1,cvat_interp
414,24,24,0,1.0,1456.59,911.05,1473.62,925.27,-1,cvat_interp
414,25,25,2,1.0,905.26,394.09,936.52,462.91,-1,cvat_interp
414,26,26,2,1.0,674.1,600.06,727.12,700.07,-1,cvat_interp
414,27,27,2,1.0,508.26,289.72,530.87,346.75,-1,cvat_interp
414,28,28,2,1.0,515.91,454.68,559.41,538.8,-1,cvat_interp
414,29,29,2,1.0,427.2,359.93,458.9,421.74,-1,cvat_interp
414,30,30,2,1.0,362.38,333.52,391.7,395.36,-1,cvat_interp
414,31,31,2,1.0,253.62,567.7,299.75,655.4,-1,cvat_interp
414,32,32,3,1.0,338.96,225.2,365.01,268.35,-1,cvat_interp
414,33,33,2,1.0,258.44,435.75,290.24,516.13,-1,cvat_interp
414,34,34,2,1.0,191.11,534.81,242.13,628.21,-1,cvat_interp
414,35,35,2,1.0,1491.48,809.51,1545.2,904.2,-1,cvat_interp
415,0,0,2,1.0,796.57,710.8,840.1,812.4,-1,cvat_interp
415,10,10,2,1.0,1415.97,767.0,1483.2,876.1,-1,cvat_keyframe
415,11,11,2,1.0,1311.41,563.78,1364.2,652.79,-1,cvat_keyframe
415,12,12,2,1.0,1339.56,281.41,1361.91,337.76,-1,cvat_keyframe
415,13,13,2,1.0,1422.13,561.33,1457.3,640.5,-1,cvat_keyframe
415,14,14,2,1.0,1738.32,462.67,1774.68,540.27,-1,cvat_interp
415,15,15,2,1.0,1068.91,690.34,1116.11,780.34,-1,cvat_interp
415,16,16,2,1.0,926.16,695.25,1022.5,760.15,-1,cvat_interp
415,17,17,2,1.0,1666.9,372.1,1701.48,442.81,-1,cvat_interp
415,18,18,2,1.0,1447.62,301.44,1470.48,355.4,-1,cvat_keyframe
415,21,21,3,1.0,883.85,486.4,918.16,569.13,-1,cvat_keyframe
415,24,24,0,1.0,1442.5,915.4,1459.53,929.62,-1,cvat_keyframe
415,25,25,2,1.0,905.56,394.74,936.82,463.7,-1,cvat_keyframe
415,26,26,2,1.0,674.71,601.25,728.58,700.37,-1,cvat_interp
415,27,27,2,1.0,508.8,290.69,531.5,347.73,-1,cvat_keyframe
415,28,28,2,1.0,519.37,455.11,562.11,539.28,-1,cvat_interp
415,29,29,2,1.0,429.38,360.78,461.08,422.59,-1,cvat_interp
415,30,30,2,1.0,365.0,334.41,394.33,396.25,-1,cvat_interp
415,31,31,2,1.0,250.81,569.93,295.69,658.35,-1,cvat_interp
415,32,32,3,1.0,338.6,226.0,365.32,268.89,-1,cvat_interp
415,33,33,2,1.0,259.11,436.71,291.03,516.37,-1,cvat_interp
415,34,34,2,1.0,190.43,536.01,241.87,629.41,-1,cvat_interp
415,35,35,2,1.0,1485.1,811.94,1535.2,903.9,-1,cvat_keyframe
416,0,0,2,1.0,795.78,713.04,837.92,813.5,-1,cvat_interp
416,10,10,2,1.0,1416.12,767.91,1480.76,876.65,-1,cvat_interp
416,11,11,2,1.0,1314.91,565.16,1367.71,653.92,-1,cvat_interp
416,12,12,2,1.0,1340.72,282.18,1363.07,338.53,-1,cvat_interp
416,13,13,2,1.0,1420.35,563.34,1457.46,643.66,-1,cvat_interp
416,14,14,2,1.0,1738.98,463.52,1774.6,541.32,-1,cvat_interp
416,15,15,2,1.0,1070.6,693.87,1116.71,781.23,-1,cvat_interp
416,16,16,2,1.0,927.21,695.1,1023.92,760.1,-1,cvat_interp
416,17,17,2,1.0,1666.94,372.64,1700.82,443.35,-1,cvat_interp
416,18,18,2,1.0,1449.06,302.71,1471.91,356.67,-1,cvat_interp
416,21,21,3,1.0,886.36,487.01,920.67,569.57,-1,cvat_interp
416,24,24,0,1.0,1430.62,919.74,1447.65,933.96,-1,cvat_interp
416,25,25,2,1.0,907.45,396.9,938.71,465.59,-1,cvat_interp
416,26,26,2,1.0,675.33,602.44,730.04,700.68,-1,cvat_interp
416,27,27,2,1.0,510.97,291.67,534.48,348.71,-1,cvat_interp
416,28,28,2,1.0,522.84,455.54,564.82,539.75,-1,cvat_interp
416,29,29,2,1.0,431.56,361.62,463.26,423.43,-1,cvat_interp
416,30,30,2,1.0,367.63,335.3,396.95,397.14,-1,cvat_interp
416,31,31,2,1.0,248.01,572.15,291.63,661.3,-1,cvat_interp
416,32,32,3,1.0,338.23,226.8,365.63,269.42,-1,cvat_interp
416,33,33,2,1.0,259.78,437.67,291.82,516.62,-1,cvat_interp
416,34,34,2,1.0,189.75,537.21,241.6,630.61,-1,cvat_interp
416,35,35,2,1.0,1476.33,814.36,1530.93,904.7,-1,cvat_interp
417,0,0,2,1.0,794.98,715.28,835.74,814.61,-1,cvat_interp
417,10,10,2,1.0,1416.26,768.81,1478.32,877.19,-1,cvat_interp
417,11,11,2,1.0,1318.4,566.55,1371.22,655.05,-1,cvat_interp
417,12,12,2,1.0,1341.87,282.95,1364.22,339.31,-1,cvat_interp
417,13,13,2,1.0,1418.58,565.36,1457.61,646.83,-1,cvat_interp
417,14,14,2,1.0,1739.63,464.38,1774.53,542.36,-1,cvat_interp
417,15,15,2,1.0,1072.3,697.4,1117.32,782.12,-1,cvat_interp
417,16,16,2,1.0,928.25,694.95,1025.34,760.05,-1,cvat_interp
417,17,17,2,1.0,1666.98,373.18,1700.17,443.89,-1,cvat_interp
417,18,18,2,1.0,1450.49,303.98,1473.34,357.94,-1,cvat_interp
417,21,21,3,1.0,888.87,487.62,923.18,570.02,-1,cvat_interp
417,24,24,0,1.0,1418.74,924.09,1435.77,938.31,-1,cvat_interp
417,25,25,2,1.0,909.34,399.05,940.59,467.48,-1,cvat_interp
417,26,26,2,1.0,675.94,603.63,731.51,700.98,-1,cvat_interp
417,27,27,2,1.0,513.13,292.65,537.47,349.69,-1,cvat_interp
417,28,28,2,1.0,526.3,455.97,567.52,540.23,-1,cvat_interp
417,29,29,2,1.0,433.74,362.47,465.44,424.28,-1,cvat_interp
417,30,30,2,1.0,370.26,336.19,399.58,398.03,-1,cvat_interp
417,31,31,2,1.0,245.2,574.38,287.56,664.25,-1,cvat_interp
417,32,32,3,1.0,337.87,227.6,365.94,269.96,-1,cvat_interp
417,33,33,2,1.0,260.45,438.64,292.61,516.86,-1,cvat_interp
417,34,34,2,1.0,189.08,538.41,241.33,631.81,-1,cvat_interp
417,35,35,2,1.0,1467.57,816.78,1526.67,905.5,-1,cvat_interp
418,0,0,2,1.0,794.19,717.52,833.56,815.71,-1,cvat_interp
418,10,10,2,1.0,1416.4,769.72,1475.88,877.74,-1,cvat_keyframe
418,11,11,2,1.0,1321.9,567.93,1374.72,656.19,-1,cvat_interp
418,12,12,2,1.0,1343.02,283.73,1365.38,340.08,-1,cvat_interp
418,13,13,2,1.0,1416.8,567.37,1457.77,650.0,-1,cvat_keyframe
418,14,14,2,1.0,1740.29,465.23,1774.45,543.41,-1,cvat_interp
418,15,15,2,1.0,1074.0,700.94,1117.92,783.02,-1,cvat_interp
418,16,16,2,1.0,929.3,694.8,1026.76,760.0,-1,cvat_keyframe
418,17,17,2,1.0,1667.02,373.72,1699.51,444.43,-1,cvat_interp
418,18,18,2,1.0,1451.92,305.25,1474.77,359.21,-1,cvat_interp
418,21,21,3,1.0,891.39,488.23,925.69,570.47,-1,cvat_interp
418,24,24,0,1.0,1406.86,928.44,1423.89,942.66,-1,cvat_keyframe
418,25,25,2,1.0,911.22,401.2,942.48,469.38,-1,cvat_interp
418,26,26,2,1.0,676.56,604.82,732.97,701.29,-1,cvat_interp
418,27,27,2,1.0,515.3,293.63,540.45,350.67,-1,cvat_keyframe
418,28,28,2,1.0,529.77,456.4,570.22,540.7,-1,cvat_keyframe
418,29,29,2,1.0,435.92,363.31,467.62,425.13,-1,cvat_interp
418,30,30,2,1.0,372.88,337.08,402.2,398.92,-1,cvat_interp
418,31,31,2,1.0,242.4,576.6,283.5,667.2,-1,cvat_keyframe
418,32,32,3,1.0,337.51,228.4,366.25,270.49,-1,cvat_keyframe
418,33,33,2,1.0,261.11,439.6,293.4,517.1,-1,cvat_keyframe
418,34,34,2,1.0,188.4,539.61,241.06,633.01,-1,cvat_keyframe
418,35,35,2,1.0,1458.8,819.2,1522.4,906.3,-1,cvat_keyframe
419,0,0,2,1.0,793.39,719.76,831.38,816.82,-1,cvat_interp
419,10,10,2,1.0,1422.26,771.23,1476.54,879.25,-1,cvat_interp
419,11,11,2,1.0,1325.4,569.32,1378.23,657.32,-1,cvat_interp
419,12,12,2,1.0,1344.18,284.5,1366.53,340.85,-1,cvat_interp
419,13,13,2,1.0,1418.4,569.39,1455.53,649.61,-1,cvat_interp
419,14,14,2,1.0,1740.95,466.08,1774.38,544.45,-1,cvat_interp
419,15,15,2,1.0,1075.7,704.47,1118.53,783.91,-1,cvat_interp
419,16,16,2,1.0,930.59,694.65,1028.18,758.49,-1,cvat_interp
419,17,17,2,1.0,1667.06,374.26,1698.86,444.97,-1,cvat_interp
419,18,18,2,1.0,1453.35,306.52,1476.21,360.48,-1,cvat_interp
419,21,21,3,1.0,893.9,488.84,928.2,570.91,-1,cvat_interp
419,24,24,0,1.0,1397.47,932.51,1414.5,946.73,-1,cvat_interp
419,25,25,2,1.0,913.11,403.36,944.36,471.27,-1,cvat_interp
419,26,26,2,1.0,677.17,606.01,734.44,701.59,-1,cvat_interp
419,27,27,2,1.0,518.26,294.61,541.97,351.65,-1,cvat_interp
419,28,28,2,1.0,533.23,458.04,572.92,542.08,-1,cvat_interp
419,29,29,2,1.0,438.1,364.16,469.8,425.97,-1,cvat_interp
419,30,30,2,1.0,375.51,337.97,404.83,399.81,-1,cvat_interp
419,31,31,2,1.0,242.69,579.84,288.82,667.54,-1,cvat_interp
419,32,32,3,1.0,338.07,229.2,367.47,271.02,-1,cvat_interp
419,33,33,2,1.0,261.78,438.64,295.6,518.15,-1,cvat_interp
419,34,34,2,1.0,189.77,540.81,240.8,634.21,-1,cvat_interp
419,35,35,2,1.0,1456.25,823.55,1509.85,906.15,-1,cvat_interp
420,0,0,2,1.0,792.6,722.0,829.2,817.92,-1,cvat_keyframe
420,10,10,2,1.0,1428.12,772.73,1477.2,880.75,-1,cvat_keyframe
420,11,11,2,1.0,1328.9,570.7,1381.74,658.45,-1,cvat_keyframe
420,12,12,2,1.0,1345.33,285.27,1367.69,341.62,-1,cvat_keyframe
420,13,13,2,1.0,1420.0,571.4,1453.3,649.22,-1,cvat_keyframe
420,14,14,2,1.0,1741.6,466.93,1774.3,545.5,-1,cvat_keyframe
420,15,15,2,1.0,1077.4,708.0,1119.13,784.8,-1,cvat_keyframe
420,16,16,2,1.0,931.87,694.5,1029.6,756.98,-1,cvat_keyframe
420,17,17,2,1.0,1667.1,374.8,1698.2,445.51,-1,cvat_keyframe
420,18,18,2,1.0,1454.78,307.79,1477.64,361.75,-1,cvat_keyframe
420,21,21,3,1.0,896.41,489.46,930.72,571.36,-1,cvat_keyframe
420,24,24,0,1.0,1388.08,936.58,1405.11,950.8,-1,cvat_keyframe
420,25,25,2,1.0,914.99,405.51,946.25,473.16,-1,cvat_keyframe
420,26,26,2,1.0,677.79,607.2,735.9,701.9,-1,cvat_keyframe
420,27,27,2,1.0,521.23,295.59,543.48,352.63,-1,cvat_keyframe
420,28,28,2,1.0,536.7,459.68,575.62,543.45,-1,cvat_keyframe
420,29,29,2,1.0,440.28,365.01,471.98,426.82,-1,cvat_keyframe
420,30,30,2,1.0,378.13,338.86,407.45,400.7,-1,cvat_keyframe
420,31,31,2,1.0,242.98,583.08,294.15,667.88,-1,cvat_keyframe
420,32,32,3,1.0,338.62,230.0,368.7,271.56,-1,cvat_keyframe
420,33,33,2,1.0,262.45,437.68,297.8,519.2,-1,cvat_keyframe
420,34,34,2,1.0,191.15,542.01,240.53,635.41,-1,cvat_keyframe
420,35,35,2,1.0,1453.7,827.9,1497.3,906.0,-1,cvat_keyframe
421,0,0,2,1.0,792.66,725.85,831.08,821.08,-1,cvat_interp
421,10,10,2,1.0,1431.92,775.18,1481.01,884.97,-1,cvat_interp
421,11,11,2,1.0,1333.54,571.99,1383.63,659.75,-1,cvat_interp
421,12,12,2,1.0,1348.64,287.09,1370.99,343.44,-1,cvat_interp
421,13,13,2,1.0,1422.14,572.85,1455.44,652.8,-1,cvat_interp
421,14,14,2,1.0,1745.57,468.84,1778.27,547.42,-1,cvat_interp
421,15,15,2,1.0,1079.49,711.51,1122.42,794.75,-1,cvat_interp
421,16,16,2,1.0,936.55,694.41,1035.56,757.03,-1,cvat_interp
421,17,17,2,1.0,1668.42,376.92,1700.36,447.25,-1,cvat_interp
421,18,18,2,1.0,1458.27,309.53,1481.13,363.61,-1,cvat_interp
421,21,21,3,1.0,899.02,491.09,933.33,572.99,-1,cvat_keyframe
421,24,24,0,1.0,1378.07,940.88,1395.1,955.1,-1,cvat_interp
421,25,25,2,1.0,916.23,411.0,947.48,473.76,-1,cvat_keyframe
421,26,26,2,1.0,679.85,607.67,735.72,702.4,-1,cvat_interp
421,27,27,2,1.0,524.5,295.92,546.75,352.95,-1,cvat_keyframe
421,28,28,2,1.0,543.19,460.59,581.4,544.36,-1,cvat_interp
421,29,29,2,1.0,445.36,366.31,477.07,428.12,-1,cvat_interp
421,30,30,2,1.0,385.12,339.85,414.45,401.69,-1,cvat_interp
421,31,31,2,1.0,243.14,584.69,294.86,670.31,-1,cvat_interp
421,32,32,3,1.0,342.8,231.55,372.54,272.77,-1,cvat_interp
421,33,33,2,1.0,266.01,438.7,301.37,520.22,-1,cvat_keyframe
421,34,34,2,1.0,192.65,543.66,242.46,637.06,-1,cvat_interp
421,35,35,2,1.0,1443.25,831.48,1496.5,909.35,-1,cvat_interp
422,0,0,2,1.0,792.72,729.7,832.96,824.24,-1,cvat_interp
422,10,10,2,1.0,1435.73,777.63,1484.82,889.19,-1,cvat_interp
422,11,11,2,1.0,1338.18,573.29,1385.52,661.04,-1,cvat_interp
422,12,12,2,1.0,1351.94,288.91,1374.29,345.27,-1,cvat_interp
422,13,13,2,1.0,1424.28,574.3,1457.58,656.39,-1,cvat_interp
422,14,14,2,1.0,1749.54,470.76,1782.24,549.33,-1,cvat_interp
422,15,15,2,1.0,1081.58,715.01,1125.71,804.7,-1,cvat_keyframe
422,16,16,2,1.0,941.24,694.32,1041.52,757.09,-1,cvat_interp
422,17,17,2,1.0,1669.73,379.04,1702.51,448.98,-1,cvat_interp
422,18,18,2,1.0,1461.76,311.28,1484.62,365.48,-1,cvat_interp
422,21,21,3,1.0,904.73,492.11,939.03,574.01,-1,cvat_interp
422,24,24,0,1.0,1368.06,945.19,1385.1,959.41,-1,cvat_keyframe
422,25,25,2,1.0,920.62,412.53,951.87,475.81,-1,cvat_interp
422,26,26,2,1.0,681.91,608.14,735.54,702.9,-1,cvat_interp
422,27,27,2,1.0,529.85,296.98,552.21,354.01,-1,cvat_interp
422,28,28,2,1.0,549.68,461.5,587.18,545.27,-1,cvat_interp
422,29,29,2,1.0,450.45,367.62,482.15,429.43,-1,cvat_interp
422,30,30,2,1.0,392.12,340.84,421.44,402.68,-1,cvat_interp
422,31,31,2,1.0,243.29,586.29,295.57,672.74,-1,cvat_interp
422,32,32,3,1.0,346.98,233.11,376.38,273.99,-1,cvat_interp
422,33,33,2,1.0,271.54,440.31,306.89,521.83,-1,cvat_interp
422,34,34,2,1.0,194.16,545.31,244.38,638.71,-1,cvat_interp
422,35,35,2,1.0,1432.8,835.06,1495.7,912.7,-1,cvat_keyframe
423,0,0,2,1.0,792.78,733.55,834.84,827.4,-1,cvat_interp
423,10,10,2,1.0,1439.54,780.07,1488.63,893.4,-1,cvat_interp
423,11,11,2,1.0,1342.82,574.58,1387.41,662.33,-1,cvat_interp
423,12,12,2,1.0,1355.24,290.74,1377.6,347.09,-1,cvat_interp
423,13,13,2,1.0,1426.42,575.75,1459.72,659.98,-1,cvat_interp
423,14,14,2,1.0,1753.51,472.68,1786.2,551.25,-1,cvat_interp
423,15,15,2,1.0,1083.67,718.52,1129.01,807.95,-1,cvat_interp
423,16,16,2,1.0,945.92,694.23,1047.48,757.14,-1,cvat_interp
423,17,17,2,1.0,1671.05,381.16,1704.67,450.72,-1,cvat_interp
423,18,18,2,1.0,1465.25,313.02,1488.11,367.34,-1,cvat_interp
423,21,21,3,1.0,910.43,493.14,944.74,575.04,-1,cvat_interp
423,24,24,0,1.0,1361.79,949.49,1378.82,963.71,-1,cvat_interp
423,25,25,2,1.0,925.0,414.07,956.26,477.86,-1,cvat_interp
423,26,26,2,1.0,683.97,608.61,735.36,703.4,-1,cvat_interp
423,27,27,2,1.0,535.2,298.03,557.66,355.07,-1,cvat_interp
423,28,28,2,1.0,556.17,462.41,592.96,546.18,-1,cvat_interp
423,29,29,2,1.0,455.53,368.93,487.24,430.74,-1,cvat_interp
423,30,30,2,1.0,399.11,341.83,428.43,403.67,-1,cvat_interp
423,31,31,2,1.0,243.45,587.9,296.29,675.17,-1,cvat_interp
423,32,32,3,1.0,351.16,234.66,380.21,275.21,-1,cvat_interp
423,33,33,2,1.0,277.06,441.92,312.42,523.44,-1,cvat_interp
423,34,34,2,1.0,195.67,546.95,246.31,640.35,-1,cvat_interp
423,35,35,2,1.0,1426.1,838.64,1494.9,916.1,-1,cvat_interp
424,0,0,2,1.0,792.84,737.4,836.72,830.56,-1,cvat_interp
424,10,10,2,1.0,1443.35,782.52,1492.43,897.62,-1,cvat_interp
424,11,11,2,1.0,1347.46,575.87,1389.3,663.63,-1,cvat_keyframe
424,12,12,2,1.0,1358.55,292.56,1380.9,348.91,-1,cvat_interp
424,13,13,2,1.0,1428.56,577.2,1461.86,663.56,-1,cvat_keyframe
424,14,14,2,1.0,1757.48,474.59,1790.17,553.17,-1,cvat_interp
424,15,15,2,1.0,1085.76,722.02,1132.3,811.2,-1,cvat_keyframe
424,16,16,2,1.0,950.6,694.14,1053.44,757.2,-1,cvat_keyframe
424,17,17,2,1.0,1672.37,383.28,1706.82,452.46,-1,cvat_keyframe
424,18,18,2,1.0,1468.74,314.76,1491.6,369.2,-1,cvat_interp
424,21,21,3,1.0,916.14,494.16,950.45,576.06,-1,cvat_interp
424,24,24,0,1.0,1355.51,953.79,1372.55,968.01,-1,cvat_keyframe
424,25,25,2,1.0,929.39,415.6,960.65,479.9,-1,cvat_keyframe
424,26,26,2,1.0,686.03,609.08,735.17,703.9,-1,cvat_keyframe
424,27,27,2,1.0,540.55,299.09,563.12,356.13,-1,cvat_interp
424,28,28,2,1.0,562.66,463.32,598.73,547.09,-1,cvat_interp
424,29,29,2,1.0,460.62,370.23,492.32,432.04,-1,cvat_interp
424,30,30,2,1.0,406.1,342.82,435.42,404.65,-1,cvat_interp
424,31,31,2,1.0,243.6,589.5,297.0,677.6,-1,cvat_keyframe
424,32,32,3,1.0,355.34,236.22,384.05,276.42,-1,cvat_interp
424,33,33,2,1.0,282.59,443.53,317.94,525.05,-1,cvat_interp
424,34,34,2,1.0,197.17,548.6,248.24,642.0,-1,cvat_keyframe
424,35,35,2,1.0,1419.4,842.22,1494.1,919.5,-1,cvat_keyframe
425,0,0,2,1.0,792.9,741.25,838.6,833.72,-1,cvat_interp
425,10,10,2,1.0,1447.16,784.97,1496.24,901.84,-1,cvat_interp
425,11,11,2,1.0,1352.1,577.17,1393.98,664.92,-1,cvat_interp
425,12,12,2,1.0,1361.85,294.38,1384.2,350.73,-1,cvat_interp
425,13,13,2,1.0,1430.7,580.48,1464.0,667.15,-1,cvat_interp
425,14,14,2,1.0,1761.44,476.51,1794.14,555.08,-1,cvat_interp
425,15,15,2,1.0,1087.85,725.53,1135.95,815.37,-1,cvat_interp
425,16,16,2,1.0,959.12,694.05,1059.4,757.64,-1,cvat_interp
425,17,17,2,1.0,1675.76,385.3,1711.05,454.1,-1,cvat_interp
425,18,18,2,1.0,1472.23,316.51,1495.09,371.07,-1,cvat_interp
425,21,21,3,1.0,921.84,495.18,956.15,577.08,-1,cvat_interp
425,24,24,0,1.0,1350.54,957.54,1367.57,971.76,-1,cvat_interp
425,25,25,2,1.0,933.78,417.52,965.04,481.95,-1,cvat_interp
425,26,26,2,1.0,689.92,610.6,736.83,705.45,-1,cvat_interp
425,27,27,2,1.0,545.9,300.15,568.57,357.19,-1,cvat_interp
425,28,28,2,1.0,569.14,464.23,604.51,548.0,-1,cvat_interp
425,29,29,2,1.0,465.71,371.54,497.41,433.35,-1,cvat_interp
425,30,30,2,1.0,413.09,343.81,442.41,405.64,-1,cvat_interp
425,31,31,2,1.0,245.08,592.01,294.6,680.72,-1,cvat_interp
425,32,32,3,1.0,359.52,237.77,387.89,277.64,-1,cvat_interp
425,33,33,2,1.0,288.11,445.14,323.47,526.66,-1,cvat_interp
425,34,34,2,1.0,202.92,550.25,254.4,643.65,-1,cvat_interp
425,35,35,2,1.0,1416.8,845.8,1487.88,924.55,-1,cvat_interp
426,0,0,2,1.0,792.96,745.1,840.48,836.88,-1,cvat_interp
426,10,10,2,1.0,1450.97,787.41,1500.05,906.05,-1,cvat_interp
426,11,11,2,1.0,1356.74,578.46,1398.67,666.21,-1,cvat_interp
426,12,12,2,1.0,1365.15,296.2,1387.51,352.55,-1,cvat_keyframe
426,13,13,2,1.0,1432.84,583.76,1466.14,670.74,-1,cvat_interp
426,14,14,2,1.0,1765.41,478.43,1798.11,557.0,-1,cvat_interp
426,15,15,2,1.0,1089.94,729.04,1139.6,819.53,-1,cvat_interp
426,16,16,2,1.0,967.64,693.96,1065.36,758.08,-1,cvat_interp
426,17,17,2,1.0,1679.15,387.32,1715.28,455.73,-1,cvat_interp
426,18,18,2,1.0,1475.72,318.25,1498.58,372.93,-1,cvat_keyframe
426,21,21,3,1.0,927.55,496.21,961.86,578.11,-1,cvat_interp
426,24,24,0,1.0,1345.56,961.28,1362.6,975.5,-1,cvat_interp
426,25,25,2,1.0,938.17,419.43,969.43,484.0,-1,cvat_interp
426,26,26,2,1.0,693.82,612.12,738.48,707.0,-1,cvat_interp
426,27,27,2,1.0,551.25,301.21,574.03,358.25,-1,cvat_interp
426,28,28,2,1.0,575.63,465.13,610.29,548.91,-1,cvat_interp
426,29,29,2,1.0,470.79,372.85,502.49,434.66,-1,cvat_interp
426,30,30,2,1.0,420.08,344.79,449.41,406.63,-1,cvat_interp
426,31,31,2,1.0,246.56,594.52,292.2,683.84,-1,cvat_interp
426,32,32,3,1.0,363.7,239.33,391.73,278.85,-1,cvat_interp
426,33,33,2,1.0,293.64,446.75,328.99,528.27,-1,cvat_interp
426,34,34,2,1.0,208.66,551.89,260.57,645.29,-1,cvat_interp
426,35,35,2,1.0,1414.2,849.38,1481.67,929.6,-1,cvat_interp
427,0,0,2,1.0,793.02,748.95,842.36,840.04,-1,cvat_interp
427,10,10,2,1.0,1454.78,789.86,1503.86,910.27,-1,cvat_interp
427,11,11,2,1.0,1361.38,579.75,1403.35,667.5,-1,cvat_interp
427,12,12,2,1.0,1370.09,297.89,1392.44,354.24,-1,cvat_interp
427,13,13,2,1.0,1434.98,587.04,1468.28,674.33,-1,cvat_interp
427,14,14,2,1.0,1769.38,480.34,1802.08,558.92,-1,cvat_interp
427,15,15,2,1.0,1092.03,732.54,1143.25,823.7,-1,cvat_interp
427,16,16,2,1.0,976.16,693.87,1071.32,758.52,-1,cvat_interp
427,17,17,2,1.0,1682.54,389.34,1719.51,457.37,-1,cvat_interp
427,18,18,2,1.0,1480.44,320.27,1503.29,375.06,-1,cvat_interp
427,21,21,3,1.0,933.25,497.23,967.56,579.13,-1,cvat_interp
427,24,24,0,1.0,1340.59,965.02,1357.62,979.24,-1,cvat_interp
427,25,25,2,1.0,942.56,421.35,973.82,486.05,-1,cvat_interp
427,26,26,2,1.0,697.71,613.64,740.14,708.55,-1,cvat_interp
427,27,27,2,1.0,556.6,302.27,579.49,359.31,-1,cvat_interp
427,28,28,2,1.0,582.12,466.04,616.07,549.82,-1,cvat_interp
427,29,29,2,1.0,475.88,374.15,507.58,435.96,-1,cvat_interp
427,30,30,2,1.0,427.08,345.78,456.4,407.62,-1,cvat_interp
427,31,31,2,1.0,248.04,597.03,289.8,686.96,-1,cvat_interp
427,32,32,3,1.0,367.88,240.88,395.57,280.07,-1,cvat_interp
427,33,33,2,1.0,299.16,448.36,334.52,529.88,-1,cvat_interp
427,34,34,2,1.0,214.41,553.54,266.73,646.94,-1,cvat_interp
427,35,35,2,1.0,1411.6,852.96,1475.45,934.65,-1,cvat_interp
428,0,0,2,1.0,793.08,752.8,844.24,843.2,-1,cvat_interp
428,10,10,2,1.0,1458.58,792.31,1507.67,914.49,-1,cvat_interp
428,11,11,2,1.0,1366.02,581.04,1408.03,668.8,-1,cvat_interp
428,12,12,2,1.0,1375.03,299.57,1397.38,355.92,-1,cvat_interp
428,13,13,2,1.0,1437.12,590.32,1470.42,677.91,-1,cvat_interp
428,14,14,2,1.0,1773.35,482.26,1806.04,560.84,-1,cvat_interp
428,15,15,2,1.0,1094.12,736.05,1146.9,827.87,-1,cvat_interp
428,16,16,2,1.0,984.68,693.78,1077.28,758.96,-1,cvat_interp
428,17,17,2,1.0,1685.93,391.36,1723.74,459.01,-1,cvat_interp
428,18,18,2,1.0,1485.15,322.28,1508.01,377.2,-1,cvat_interp
428,21,21,3,1.0,938.96,498.26,973.27,580.16,-1,cvat_interp
428,24,24,0,1.0,1335.61,968.77,1352.65,982.99,-1,cvat_interp
428,25,25,2,1.0,946.95,423.27,978.2,488.1,-1,cvat_interp
428,26,26,2,1.0,701.61,615.16,741.79,710.1,-1,cvat_interp
428,27,27,2,1.0,561.95,303.33,584.94,360.37,-1,cvat_interp
428,28,28,2,1.0,588.61,466.95,621.84,550.72,-1,cvat_interp
428,29,29,2,1.0,480.96,375.46,512.66,437.27,-1,cvat_interp
428,30,30,2,1.0,434.07,346.77,463.39,408.61,-1,cvat_interp
428,31,31,2,1.0,249.52,599.54,287.4,690.08,-1,cvat_interp
428,32,32,3,1.0,372.06,242.44,399.4,281.29,-1,cvat_interp
428,33,33,2,1.0,304.69,449.97,340.04,531.49,-1,cvat_interp
428,34,34,2,1.0,220.15,555.19,272.9,648.59,-1,cvat_interp
428,35,35,2,1.0,1409.0,856.54,1469.23,939.7,-1,cvat_interp
429,0,0,2,1.0,793.14,756.65,846.12,846.36,-1,cvat_interp
429,10,10,2,1.0,1462.39,794.75,1511.48,918.7,-1,cvat_interp
429,11,11,2,1.0,1370.66,582.34,1412.72,670.09,-1,cvat_interp
429,12,12,2,1.0,1379.96,301.26,1402.31,357.61,-1,cvat_keyframe
429,13,13,2,1.0,1439.26,593.6,1472.56,681.5,-1,cvat_keyframe
429,14,14,2,1.0,1777.32,484.18,1810.01,562.75,-1,cvat_interp
429,15,15,2,1.0,1096.21,739.55,1150.55,832.03,-1,cvat_interp
429,16,16,2,1.0,993.2,693.69,1083.24,759.4,-1,cvat_keyframe
429,17,17,2,1.0,1689.33,393.38,1727.97,460.65,-1,cvat_interp
429,18,18,2,1.0,1489.87,324.3,1512.72,379.34,-1,cvat_keyframe
429,21,21,3,1.0,944.66,499.28,978.97,581.18,-1,cvat_interp
429,24,24,0,1.0,1330.64,972.51,1347.67,986.73,-1,cvat_interp
429,25,25,2,1.0,951.34,425.18,982.59,490.14,-1,cvat_interp
429,26,26,2,1.0,705.51,616.68,743.45,711.65,-1,cvat_interp
429,27,27,2,1.0,567.3,304.39,590.4,361.43,-1,cvat_keyframe
429,28,28,2,1.0,595.1,467.86,627.62,551.63,-1,cvat_keyframe
429,29,29,2,1.0,486.05,376.77,517.75,438.58,-1,cvat_interp
429,30,30,2,1.0,441.06,347.76,470.38,409.6,-1,cvat_interp
429,31,31,2,1.0,251.0,602.05,285.0,693.2,-1,cvat_keyframe
429,32,32,3,1.0,376.24,243.99,403.24,282.5,-1,cvat_keyframe
429,33,33,2,1.0,310.21,451.58,345.56,533.1,-1,cvat_keyframe
429,34,34,2,1.0,225.9,556.83,279.06,650.23,-1,cvat_keyframe
429,35,35,2,1.0,1406.4,860.12,1463.02,944.75,-1,cvat_interp
430,0,0,2,1.0,793.2,760.5,848.0,849.52,-1,cvat_keyframe
430,10,10,2,1.0,1466.2,797.2,1515.29,922.92,-1,cvat_keyframe
430,11,11,2,1.0,1375.3,583.63,1417.4,671.38,-1,cvat_keyframe
430,12,12,2,1.0,1385.95,303.44,1408.3,359.79,-1,cvat_keyframe
430,13,13,2,1.0,1441.4,597.7,1474.7,686.7,-1,cvat_keyframe
430,14,14,2,1.0,1781.28,486.1,1813.98,564.67,-1,cvat_keyframe
430,15,15,2,1.0,1098.3,743.06,1154.2,836.2,-1,cvat_keyframe
430,16,16,2,1.0,1010.1,693.6,1089.2,759.7,-1,cvat_keyframe
430,17,17,2,1.0,1692.72,395.4,1732.2,462.29,-1,cvat_keyframe
430,18,18,2,1.0,1495.58,325.39,1518.44,380.42,-1,cvat_keyframe
430,21,21,3,1.0,950.37,500.3,984.68,582.2,-1,cvat_keyframe
430,24,24,0,1.0,1325.67,976.26,1342.7,990.48,-1,cvat_keyframe
430,25,25,2,1.0,955.72,427.1,986.98,492.19,-1,cvat_keyframe
430,26,26,2,1.0,709.4,618.2,745.1,713.2,-1,cvat_keyframe
430,27,27,2,1.0,576.76,305.45,599.01,362.49,-1,cvat_keyframe
430,28,28,2,1.0,605.8,468.77,633.4,552.54,-1,cvat_keyframe
430,29,29,2,1.0,491.13,378.07,522.83,439.88,-1,cvat_keyframe
430,30,30,2,1.0,448.05,348.75,477.37,410.59,-1,cvat_keyframe
430,31,31,2,1.0,250.2,604.16,289.0,691.6,-1,cvat_keyframe
430,32,32,3,1.0,384.0,245.1,410.66,283.27,-1,cvat_keyframe
430,33,33,2,1.0,320.02,453.19,355.37,534.71,-1,cvat_keyframe
430,34,34,2,1.0,233.96,558.48,274.6,651.88,-1,cvat_keyframe
430,35,35,2,1.0,1403.8,863.7,1456.8,949.8,-1,cvat_keyframe
431,0,0,2,1.0,795.65,762.81,850.46,852.98,-1,cvat_interp
431,10,10,2,1.0,1467.73,801.84,1521.87,926.07,-1,cvat_interp
431,11,11,2,1.0,1380.37,584.84,1422.47,672.59,-1,cvat_interp
431,12,12,2,1.0,1392.42,304.81,1414.77,361.16,-1,cvat_interp
431,13,13,2,1.0,1445.26,599.96,1480.41,689.24,-1,cvat_interp
431,14,14,2,1.0,1788.08,487.7,1820.77,566.27,-1,cvat_interp
431,15,15,2,1.0,1102.7,745.99,1157.84,840.5,-1,cvat_interp
431,16,16,2,1.0,1019.64,691.63,1098.09,759.9,-1,cvat_interp
431,17,17,2,1.0,1698.99,396.87,1737.03,463.81,-1,cvat_interp
431,18,18,2,1.0,1501.86,326.95,1524.71,381.98,-1,cvat_interp
431,21,21,3,1.0,957.67,501.05,991.98,582.95,-1,cvat_interp
431,24,24,0,1.0,1322.93,979.91,1339.96,994.13,-1,cvat_interp
431,25,25,2,1.0,961.59,428.47,992.85,493.76,-1,cvat_interp
431,26,26,2,1.0,713.42,620.25,751.83,714.21,-1,cvat_interp
431,27,27,2,1.0,584.45,306.75,606.7,363.79,-1,cvat_interp
431,28,28,2,1.0,613.86,469.65,641.46,553.42,-1,cvat_interp
431,29,29,2,1.0,498.69,379.33,530.39,440.97,-1,cvat_interp
431,30,30,2,1.0,457.39,349.79,486.01,411.23,-1,cvat_interp
431,31,31,2,1.0,252.2,606.41,295.8,694.25,-1,cvat_interp
431,32,32,3,1.0,390.59,245.95,417.26,284.12,-1,cvat_interp
431,33,33,2,1.0,328.08,453.76,362.93,534.96,-1,cvat_interp
431,34,34,2,1.0,240.27,561.0,281.84,651.21,-1,cvat_interp
431,35,35,2,1.0,1401.11,866.8,1455.72,955.34,-1,cvat_interp
432,0,0,2,1.0,798.11,765.12,852.91,856.43,-1,cvat_interp
432,10,10,2,1.0,1469.26,806.48,1528.46,929.23,-1,cvat_interp
432,11,11,2,1.0,1385.45,586.05,1427.55,673.8,-1,cvat_interp
432,12,12,2,1.0,1398.89,306.18,1421.24,362.53,-1,cvat_interp
432,13,13,2,1.0,1449.13,602.21,1486.13,691.79,-1,cvat_interp
432,14,14,2,1.0,1794.88,489.3,1827.57,567.88,-1,cvat_interp
432,15,15,2,1.0,1107.1,748.93,1161.48,844.8,-1,cvat_interp
432,16,16,2,1.0,1029.19,689.66,1106.97,760.1,-1,cvat_interp
432,17,17,2,1.0,1705.25,398.35,1741.86,465.33,-1,cvat_interp
432,18,18,2,1.0,1508.13,328.5,1530.98,383.54,-1,cvat_interp
432,21,21,3,1.0,964.98,501.79,999.28,583.69,-1,cvat_interp
432,24,24,0,1.0,1320.2,983.56,1337.23,997.78,-1,cvat_interp
432,25,25,2,1.0,967.46,429.84,998.71,495.33,-1,cvat_interp
432,26,26,2,1.0,717.44,622.3,758.56,715.23,-1,cvat_interp
432,27,27,2,1.0,592.13,308.05,614.38,365.08,-1,cvat_interp
432,28,28,2,1.0,621.92,470.53,649.52,554.3,-1,cvat_interp
432,29,29,2,1.0,506.24,380.59,537.94,442.05,-1,cvat_interp
432,30,30,2,1.0,466.72,350.84,494.64,411.87,-1,cvat_interp
432,31,31,2,1.0,254.19,608.67,302.6,696.9,-1,cvat_interp
432,32,32,3,1.0,397.18,246.81,423.85,284.98,-1,cvat_interp
432,33,33,2,1.0,336.14,454.33,370.48,535.21,-1,cvat_interp
432,34,34,2,1.0,246.58,563.51,289.09,650.54,-1,cvat_interp
432,35,35,2,1.0,1398.42,869.9,1454.64,960.89,-1,cvat_interp
433,0,0,2,1.0,800.56,767.43,855.37,859.89,-1,cvat_interp
433,10,10,2,1.0,1470.78,811.12,1535.05,932.38,-1,cvat_interp
433,11,11,2,1.0,1390.52,587.25,1432.62,675.01,-1,cvat_interp
433,12,12,2,1.0,1405.36,307.55,1427.71,363.9,-1,cvat_interp
433,13,13,2,1.0,1452.99,604.47,1491.84,694.33,-1,cvat_interp
433,14,14,2,1.0,1801.67,490.9,1834.37,569.48,-1,cvat_interp
433,15,15,2,1.0,1111.5,751.86,1165.12,849.1,-1,cvat_interp
433,16,16,2,1.0,1038.73,687.69,1115.86,760.3,-1,cvat_interp
433,17,17,2,1.0,1711.52,399.82,1746.69,466.85,-1,cvat_interp
433,18,18,2,1.0,1514.4,330.06,1537.26,385.1,-1,cvat_interp
433,21,21,3,1.0,972.28,502.53,1006.59,584.43,-1,cvat_interp
433,24,24,0,1.0,1317.46,987.21,1334.49,1001.43,-1,cvat_interp
433,25,25,2,1.0,973.32,431.21,1004.58,496.89,-1,cvat_interp
433,26,26,2,1.0,721.46,624.35,765.29,716.24,-1,cvat_interp
433,27,27,2,1.0,599.81,309.34,622.06,366.38,-1,cvat_interp
433,28,28,2,1.0,629.97,471.41,657.57,555.19,-1,cvat_interp
433,29,29,2,1.0,513.79,381.85,545.5,443.13,-1,cvat_interp
433,30,30,2,1.0,476.06,351.88,503.27,412.51,-1,cvat_interp
433,31,31,2,1.0,256.19,610.92,309.4,699.55,-1,cvat_interp
433,32,32,3,1.0,403.77,247.66,430.44,285.83,-1,cvat_interp
433,33,33,2,1.0,344.2,454.89,378.03,535.46,-1,cvat_interp
433,34,34,2,1.0,252.89,566.03,296.33,649.87,-1,cvat_interp
433,35,35,2,1.0,1395.73,873.0,1453.56,966.43,-1,cvat_interp
434,0,0,2,1.0,803.02,769.74,857.82,863.35,-1,cvat_interp
434,10,10,2,1.0,1472.31,815.76,1541.64,935.54,-1,cvat_interp
434,11,11,2,1.0,1395.59,588.46,1437.69,676.21,-1,cvat_interp
434,12,12,2,1.0,1411.83,308.92,1434.19,365.27,-1,cvat_interp
434,13,13,2,1.0,1456.86,606.73,1497.56,696.87,-1,cvat_interp
434,14,14,2,1.0,1808.47,492.51,1841.16,571.08,-1,cvat_interp
434,15,15,2,1.0,1115.9,754.8,1168.76,853.39,-1,cvat_interp
434,16,16,2,1.0,1048.27,685.71,1124.74,760.5,-1,cvat_interp
434,17,17,2,1.0,1717.79,401.3,1751.51,468.37,-1,cvat_interp
434,18,18,2,1.0,1520.68,331.62,1543.53,386.65,-1,cvat_interp
434,21,21,3,1.0,979.59,503.27,1013.89,585.17,-1,cvat_interp
434,24,24,0,1.0,1314.73,990.87,1331.76,1005.09,-1,cvat_interp
434,25,25,2,1.0,979.19,432.59,1010.45,498.46,-1,cvat_interp
434,26,26,2,1.0,725.49,626.4,772.01,717.26,-1,cvat_interp
434,27,27,2,1.0,607.49,310.64,629.74,367.68,-1,cvat_interp
434,28,28,2,1.0,638.03,472.29,665.63,556.07,-1,cvat_interp
434,29,29,2,1.0,521.35,383.11,553.05,444.21,-1,cvat_interp
434,30,30,2,1.0,485.39,352.93,511.9,413.15,-1,cvat_interp
434,31,31,2,1.0,258.19,613.18,316.2,702.2,-1,cvat_keyframe
434,32,32,3,1.0,410.37,248.52,437.03,286.69,-1,cvat_interp
434,33,33,2,1.0,352.25,455.46,385.58,535.71,-1,cvat_interp
434,34,34,2,1.0,259.2,568.55,303.57,649.21,-1,cvat_interp
434,35,35,2,1.0,1393.04,876.1,1452.48,971.97,-1,cvat_interp
435,0,0,2,1.0,805.47,772.05,860.28,866.81,-1,cvat_interp
435,10,10,2,1.0,1473.84,820.4,1548.22,938.69,-1,cvat_interp
435,11,11,2,1.0,1400.66,589.67,1442.76,677.42,-1,cvat_interp
435,12,12,2,1.0,1418.3,310.29,1440.66,366.64,-1,cvat_interp
435,13,13,2,1.0,1460.72,608.99,1503.27,699.41,-1,cvat_interp
435,14,14,2,1.0,1815.26,494.11,1847.96,572.68,-1,cvat_interp
435,15,15,2,1.0,1120.3,757.73,1172.41,857.69,-1,cvat_interp
435,16,16,2,1.0,1057.81,683.74,1133.63,760.7,-1,cvat_interp
435,17,17,2,1.0,1724.06,402.77,1756.34,469.89,-1,cvat_interp
435,18,18,2,1.0,1526.95,333.18,1549.81,388.21,-1,cvat_interp
435,21,21,3,1.0,986.89,504.01,1021.2,585.91,-1,cvat_interp
435,24,24,0,1.0,1311.99,994.52,1329.03,1008.74,-1,cvat_interp
435,25,25,2,1.0,985.06,433.96,1016.31,500.03,-1,cvat_interp
435,26,26,2,1.0,729.51,628.45,778.74,718.27,-1,cvat_interp
435,27,27,2,1.0,615.17,311.94,637.42,368.98,-1,cvat_interp
435,28,28,2,1.0,646.09,473.18,673.69,556.95,-1,cvat_interp
435,29,29,2,1.0,528.9,384.37,560.61,445.29,-1,cvat_interp
435,30,30,2,1.0,494.73,353.97,520.54,413.79,-1,cvat_interp
435,31,31,2,1.0,261.0,615.43,317.0,705.53,-1,cvat_interp
435,32,32,3,1.0,416.96,249.37,443.62,287.54,-1,cvat_interp
435,33,33,2,1.0,360.31,456.03,393.14,535.95,-1,cvat_interp
435,34,34,2,1.0,265.51,571.07,310.81,648.54,-1,cvat_interp
435,35,35,2,1.0,1390.35,879.2,1451.4,977.51,-1,cvat_interp
436,0,0,2,1.0,807.93,774.36,862.73,870.27,-1,cvat_interp
436,10,10,2,1.0,1475.37,825.04,1554.81,941.85,-1,cvat_interp
436,11,11,2,1.0,1405.74,590.88,1447.84,678.63,-1,cvat_interp
436,12,12,2,1.0,1424.78,311.66,1447.13,368.01,-1,cvat_interp
436,13,13,2,1.0,1464.59,611.24,1508.99,701.96,-1,cvat_interp
436,14,14,2,1.0,1822.06,495.71,1854.75,574.29,-1,cvat_interp
436,15,15,2,1.0,1124.7,760.66,1176.05,861.99,-1,cvat_interp
436,16,16,2,1.0,1067.36,681.77,1142.51,760.9,-1,cvat_interp
436,17,17,2,1.0,1730.33,404.25,1761.17,471.41,-1,cvat_interp
436,18,18,2,1.0,1533.23,334.74,1556.08,389.77,-1,cvat_interp
436,21,21,3,1.0,994.19,504.75,1028.5,586.65,-1,cvat_interp
436,24,24,0,1.0,1309.26,998.17,1326.29,1012.39,-1,cvat_interp
436,25,25,2,1.0,990.92,435.33,1022.18,501.6,-1,cvat_interp
436,26,26,2,1.0,733.53,630.5,785.47,719.29,-1,cvat_interp
436,27,27,2,1.0,622.86,313.24,645.11,370.27,-1,cvat_interp
436,28,28,2,1.0,654.15,474.06,681.75,557.83,-1,cvat_interp
436,29,29,2,1.0,536.46,385.63,568.16,446.37,-1,cvat_interp
436,30,30,2,1.0,504.06,355.02,529.17,414.43,-1,cvat_interp
436,31,31,2,1.0,263.82,617.69,317.8,708.87,-1,cvat_interp
436,32,32,3,1.0,423.55,250.23,450.21,288.4,-1,cvat_interp
436,33,33,2,1.0,368.37,456.59,400.69,536.2,-1,cvat_interp
436,34,34,2,1.0,271.83,573.58,318.06,647.87,-1,cvat_interp
436,35,35,2,1.0,1387.66,882.3,1450.32,983.06,-1,cvat_interp
437,0,0,2,1.0,810.38,776.68,865.19,873.73,-1,cvat_interp
437,10,10,2,1.0,1476.89,829.68,1561.4,945.0,-1,cvat_keyframe
437,11,11,2,1.0,1410.81,592.08,1452.91,679.84,-1,cvat_interp
437,12,12,2,1.0,1431.25,313.03,1453.6,369.39,-1,cvat_interp
437,13,13,2,1.0,1468.45,613.5,1514.7,704.5,-1,cvat_keyframe
437,14,14,2,1.0,1828.85,497.32,1861.55,575.89,-1,cvat_interp
437,15,15,2,1.0,1129.1,763.6,1179.69,866.29,-1,cvat_interp
437,16,16,2,1.0,1076.9,679.8,1151.4,761.1,-1,cvat_keyframe
437,17,17,2,1.0,1736.6,405.72,1766.0,472.94,-1,cvat_keyframe
437,18,18,2,1.0,1539.5,336.29,1562.35,391.33,-1,cvat_interp
437,21,21,3,1.0,1001.5,505.5,1035.8,587.4,-1,cvat_interp
437,24,24,0,1.0,1306.53,1001.82,1323.56,1016.04,-1,cvat_keyframe
437,25,25,2,1.0,996.79,436.7,1028.05,503.16,-1,cvat_keyframe
437,26,26,2,1.0,737.55,632.55,792.2,720.3,-1,cvat_keyframe
437,27,27,2,1.0,630.54,314.53,652.79,371.57,-1,cvat_interp
437,28,28,2,1.0,662.21,474.94,689.81,558.71,-1,cvat_interp
437,29,29,2,1.0,544.01,386.89,575.71,447.46,-1,cvat_interp
437,30,30,2,1.0,513.4,356.06,537.8,415.08,-1,cvat_interp
437,31,31,2,1.0,266.63,619.94,318.6,712.2,-1,cvat_keyframe
437,32,32,3,1.0,430.14,251.08,456.8,289.25,-1,cvat_interp
437,33,33,2,1.0,376.43,457.16,408.24,536.45,-1,cvat_interp
437,34,34,2,1.0,278.14,576.1,325.3,647.2,-1,cvat_keyframe
437,35,35,2,1.0,1384.97,885.4,1449.24,988.6,-1,cvat_interp
438,0,0,2,1.0,812.84,778.99,867.64,877.18,-1,cvat_interp
438,10,10,2,1.0,1478.42,834.32,1563.07,946.43,-1,cvat_interp
438,11,11,2,1.0,1415.88,593.29,1457.98,681.05,-1,cvat_interp
438,12,12,2,1.0,1437.72,314.41,1460.07,370.76,-1,cvat_interp
438,13,13,2,1.0,1472.32,617.03,1518.27,706.71,-1,cvat_interp
438,14,14,2,1.0,1835.65,498.92,1868.35,577.49,-1,cvat_interp
438,15,15,2,1.0,1133.5,766.53,1183.33,870.59,-1,cvat_interp
438,16,16,2,1.0,1088.33,679.7,1162.37,761.3,-1,cvat_interp
438,17,17,2,1.0,1741.42,407.2,1772.63,474.46,-1,cvat_interp
438,18,18,2,1.0,1545.77,337.85,1568.63,392.89,-1,cvat_interp
438,21,21,3,1.0,1008.8,506.24,1043.11,588.14,-1,cvat_interp
438,24,24,0,1.0,1305.74,1005.47,1322.78,1019.69,-1,cvat_interp
438,25,25,2,1.0,1002.66,438.72,1033.91,504.73,-1,cvat_interp
438,26,26,2,1.0,741.57,634.07,794.53,720.93,-1,cvat_interp
438,27,27,2,1.0,638.22,315.83,660.47,372.87,-1,cvat_interp
438,28,28,2,1.0,670.26,475.82,697.86,559.59,-1,cvat_interp
438,29,29,2,1.0,551.57,388.14,583.27,448.54,-1,cvat_interp
438,30,30,2,1.0,522.73,357.11,546.43,415.72,-1,cvat_interp
438,31,31,2,1.0,269.44,622.2,321.15,711.97,-1,cvat_interp
438,32,32,3,1.0,436.73,251.94,463.4,290.11,-1,cvat_interp
438,33,33,2,1.0,384.49,457.73,415.79,536.7,-1,cvat_interp
438,34,34,2,1.0,284.45,576.03,332.7,648.93,-1,cvat_interp
438,35,35,2,1.0,1382.28,888.5,1448.16,994.14,-1,cvat_interp
439,0,0,2,1.0,815.29,781.3,870.1,880.64,-1,cvat_interp
439,10,10,2,1.0,1479.95,838.96,1564.73,947.87,-1,cvat_interp
439,11,11,2,1.0,1420.95,594.5,1463.05,682.25,-1,cvat_interp
439,12,12,2,1.0,1444.19,315.78,1466.54,372.13,-1,cvat_interp
439,13,13,2,1.0,1476.18,620.57,1521.83,708.91,-1,cvat_interp
439,14,14,2,1.0,1842.45,500.52,1875.14,579.1,-1,cvat_interp
439,15,15,2,1.0,1137.9,769.47,1186.97,874.89,-1,cvat_interp
439,16,16,2,1.0,1099.77,679.6,1173.33,761.5,-1,cvat_interp
439,17,17,2,1.0,1746.24,408.67,1779.27,475.98,-1,cvat_interp
439,18,18,2,1.0,1552.05,339.41,1574.9,394.44,-1,cvat_interp
439,21,21,3,1.0,1016.11,506.98,1050.41,588.88,-1,cvat_interp
439,24,24,0,1.0,1304.96,1009.13,1321.99,1023.35,-1,cvat_interp
439,25,25,2,1.0,1008.52,440.75,1039.78,506.3,-1,cvat_interp
439,26,26,2,1.0,745.58,635.58,796.87,721.57,-1,cvat_interp
439,27,27,2,1.0,645.9,317.13,668.15,374.17,-1,cvat_interp
439,28,28,2,1.0,678.32,476.7,705.92,560.47,-1,cvat_interp
439,29,29,2,1.0,559.12,389.4,590.82,449.62,-1,cvat_interp
439,30,30,2,1.0,532.07,358.16,555.07,416.36,-1,cvat_interp
439,31,31,2,1.0,272.26,624.45,323.69,711.74,-1,cvat_interp
439,32,32,3,1.0,443.32,252.79,469.99,290.96,-1,cvat_interp
439,33,33,2,1.0,392.55,458.29,423.35,536.95,-1,cvat_interp
439,34,34,2,1.0,290.76,575.96,340.1,650.67,-1,cvat_interp
439,35,35,2,1.0,1379.59,891.6,1447.08,999.69,-1,cvat_interp
440,0,0,2,1.0,817.75,783.61,872.55,884.1,-1,cvat_keyframe
440,10,10,2,1.0,1481.48,843.6,1566.4,949.3,-1,cvat_keyframe
440,11,11,2,1.0,1426.03,595.71,1468.13,683.46,-1,cvat_keyframe
440,12,12,2,1.0,1450.66,317.15,1473.01,373.5,-1,cvat_keyframe
440,13,13,2,1.0,1480.05,624.1,1525.4,711.12,-1,cvat_keyframe
440,14,14,2,1.0,1849.24,502.12,1881.94,580.7,-1,cvat_keyframe
440,15,15,2,1.0,1142.3,772.4,1190.61,879.19,-1,cvat_keyframe
440,16,16,2,1.0,1111.2,679.5,1184.3,761.7,-1,cvat_keyframe
440,17,17,2,1.0,1751.06,410.15,1785.9,477.5,-1,cvat_keyframe
440,18,18,2,1.0,1558.32,340.97,1581.18,396.0,-1,cvat_keyframe
440,21,21,3,1.0,1023.41,507.72,1057.72,589.62,-1,cvat_keyframe
440,24,24,0,1.0,1304.18,1012.78,1321.21,1027.0,-1,cvat_keyframe
440,25,25,2,1.0,1014.39,442.77,1045.65,507.87,-1,cvat_keyframe
440,26,26,2,1.0,749.6,637.1,799.2,722.2,-1,cvat_keyframe
440,27,27,2,1.0,653.58,318.43,675.83,375.46,-1,cvat_keyframe
440,28,28,2,1.0,686.38,477.58,713.98,561.36,-1,cvat_keyframe
440,29,29,2,1.0,566.67,390.66,598.38,450.7,-1,cvat_keyframe
440,30,30,2,1.0,541.4,359.2,563.7,417.0,-1,cvat_keyframe
440,31,31,2,1.0,275.07,626.71,326.24,711.51,-1,cvat_keyframe
440,32,32,3,1.0,449.91,253.65,476.58,291.82,-1,cvat_keyframe
440,33,33,2,1.0,400.6,458.86,430.9,537.2,-1,cvat_keyframe
440,34,34,2,1.0,297.07,575.89,347.5,652.4,-1,cvat_keyframe
440,35,35,2,1.0,1376.9,894.7,1446.0,1005.23,-1,cvat_keyframe
441,0,0,2,1.0,821.4,786.83,878.62,887.43,-1,cvat_interp
441,10,10,2,1.0,1480.27,846.38,1565.34,953.09,-1,cvat_interp
441,11,11,2,1.0,1431.61,597.01,1475.36,685.18,-1,cvat_interp
441,12,12,2,1.0,1458.62,318.97,1480.97,375.15,-1,cvat_interp
441,13,13,2,1.0,1485.94,625.05,1531.29,714.12,-1,cvat_interp
441,14,14,2,1.0,1857.53,504.89,1890.22,583.46,-1,cvat_interp
441,15,15,2,1.0,1147.1,777.13,1196.5,883.49,-1,cvat_interp
441,16,16,2,1.0,1125.0,679.13,1194.3,762.78,-1,cvat_interp
441,17,17,2,1.0,1757.24,410.86,1792.08,478.21,-1,cvat_interp
441,18,18,2,1.0,1566.39,342.93,1589.24,397.96,-1,cvat_interp
441,21,21,3,1.0,1031.4,508.6,1065.7,590.5,-1,cvat_interp
441,24,24,0,1.0,1302.68,1015.84,1319.72,1030.06,-1,cvat_interp
441,25,25,2,1.0,1020.4,443.86,1051.65,509.05,-1,cvat_interp
441,26,26,2,1.0,754.0,637.85,803.34,722.84,-1,cvat_interp
441,27,27,2,1.0,661.98,319.42,684.23,376.45,-1,cvat_interp
441,28,28,2,1.0,694.63,478.94,722.23,562.71,-1,cvat_interp
441,29,29,2,1.0,574.84,391.23,606.54,451.27,-1,cvat_interp
441,30,30,2,1.0,550.71,359.18,573.01,416.98,-1,cvat_interp
441,31,31,2,1.0,280.49,628.11,330.65,714.19,-1,cvat_interp
441,32,32,3,1.0,459.81,254.46,485.65,292.63,-1,cvat_interp
441,33,33,2,1.0,408.46,460.34,439.29,538.59,-1,cvat_interp
441,34,34,2,1.0,302.97,577.72,354.56,654.23,-1,cvat_interp
441,35,35,2,1.0,1370.2,898.31,1439.26,1009.12,-1,cvat_interp
442,0,0,2,1.0,825.05,790.05,884.68,890.76,-1,cvat_interp
442,10,10,2,1.0,1479.07,849.16,1564.29,956.89,-1,cvat_keyframe
442,11,11,2,1.0,1437.2,598.3,1482.59,686.9,-1,cvat_keyframe
442,12,12,2,1.0,1466.58,320.79,1488.93,376.8,-1,cvat_keyframe
442,13,13,2,1.0,1491.83,626.0,1537.19,717.12,-1,cvat_keyframe
442,14,14,2,1.0,1865.81,507.65,1898.51,586.22,-1,cvat_keyframe
442,15,15,2,1.0,1151.9,781.86,1202.39,887.8,-1,cvat_interp
442,16,16,2,1.0,1138.8,678.75,1204.3,763.87,-1,cvat_interp
442,17,17,2,1.0,1763.41,411.57,1798.26,478.93,-1,cvat_keyframe
442,18,18,2,1.0,1574.45,344.88,1597.3,399.92,-1,cvat_interp
442,21,21,3,1.0,1039.39,509.49,1073.69,591.39,-1,cvat_interp
442,24,24,0,1.0,1301.19,1018.89,1318.22,1033.11,-1,cvat_keyframe
442,25,25,2,1.0,1026.4,444.95,1057.66,510.23,-1,cvat_interp
442,26,26,2,1.0,758.4,638.6,807.47,723.48,-1,cvat_interp
442,27,27,2,1.0,670.38,320.41,692.63,377.44,-1,cvat_keyframe
442,28,28,2,1.0,702.88,480.3,730.48,564.07,-1,cvat_keyframe
442,29,29,2,1.0,583.0,391.8,614.7,451.84,-1,cvat_interp
442,30,30,2,1.0,560.02,359.17,582.32,416.97,-1,cvat_keyframe
442,31,31,2,1.0,285.9,629.5,335.05,716.87,-1,cvat_interp
442,32,32,3,1.0,469.71,255.27,494.72,293.44,-1,cvat_interp
442,33,33,2,1.0,416.32,461.82,447.67,539.98,-1,cvat_keyframe
442,34,34,2,1.0,308.88,579.55,361.62,656.06,-1,cvat_interp
442,35,35,2,1.0,1363.5,901.92,1432.52,1013.0,-1,cvat_keyframe
443,0,0,2,1.0,828.7,793.27,890.75,894.09,-1,cvat_interp
443,10,10,2,1.0,1483.27,851.94,1568.64,960.68,-1,cvat_interp
443,11,11,2,1.0,1440.25,599.6,1489.82,687.65,-1,cvat_interp
443,12,12,2,1.0,1473.92,321.96,1496.28,377.8,-1,cvat_interp
443,13,13,2,1.0,1496.74,626.97,1542.09,718.42,-1,cvat_interp
443,14,14,2,1.0,1873.85,508.79,1906.55,587.73,-1,cvat_keyframe
443,15,15,2,1.0,1156.7,786.59,1208.28,892.11,-1,cvat_interp
443,16,16,2,1.0,1152.59,678.38,1214.3,764.95,-1,cvat_interp
443,17,17,2,1.0,1773.4,412.34,1809.75,481.2,-1,cvat_keyframe
443,18,18,2,1.0,1582.51,346.84,1605.37,401.88,-1,cvat_interp
443,21,21,3,1.0,1047.38,510.37,1081.68,592.27,-1,cvat_interp
443,24,24,0,1.0,1302.39,1021.95,1319.43,1036.17,-1,cvat_interp
443,25,25,2,1.0,1032.41,446.04,1063.66,511.41,-1,cvat_interp
443,26,26,2,1.0,762.8,639.35,811.61,724.12,-1,cvat_interp
443,27,27,2,1.0,678.14,321.28,700.39,378.32,-1,cvat_interp
443,28,28,2,1.0,712.75,481.66,740.35,565.43,-1,cvat_interp
443,29,29,2,1.0,591.16,392.37,622.86,452.41,-1,cvat_interp
443,30,30,2,1.0,569.32,360.38,591.62,418.18,-1,cvat_interp
443,31,31,2,1.0,291.31,630.9,339.46,719.55,-1,cvat_interp
443,32,32,3,1.0,479.61,256.08,503.79,294.25,-1,cvat_interp
443,33,33,2,1.0,423.01,462.6,454.9,540.67,-1,cvat_interp
443,34,34,2,1.0,314.78,581.38,368.68,657.89,-1,cvat_interp
443,35,35,2,1.0,1360.28,905.92,1432.86,1017.28,-1,cvat_interp
444,0,0,2,1.0,832.35,796.5,896.81,897.42,-1,cvat_interp
444,10,10,2,1.0,1487.48,854.72,1572.99,964.47,-1,cvat_interp
444,11,11,2,1.0,1443.3,600.9,1497.05,688.4,-1,cvat_keyframe
444,12,12,2,1.0,1481.27,323.13,1503.63,378.79,-1,cvat_keyframe
444,13,13,2,1.0,1501.65,627.94,1547.0,719.72,-1,cvat_keyframe
444,14,14,2,1.0,1879.03,512.86,1911.72,591.8,-1,cvat_keyframe
444,15,15,2,1.0,1161.5,791.32,1214.17,896.42,-1,cvat_interp
444,16,16,2,1.0,1166.39,678.0,1224.3,766.04,-1,cvat_keyframe
444,17,17,2,1.0,1777.95,414.16,1814.3,483.02,-1,cvat_keyframe
444,18,18,2,1.0,1590.58,348.8,1613.43,403.84,-1,cvat_keyframe
444,21,21,3,1.0,1055.36,511.25,1089.67,593.15,-1,cvat_keyframe
444,24,24,0,1.0,1303.6,1025.01,1320.63,1039.23,-1,cvat_interp
444,25,25,2,1.0,1038.41,447.13,1069.67,512.59,-1,cvat_keyframe
444,26,26,2,1.0,767.2,640.1,815.74,724.76,-1,cvat_keyframe
444,27,27,2,1.0,685.9,322.15,708.15,379.19,-1,cvat_keyframe
444,28,28,2,1.0,722.61,483.01,750.21,566.79,-1,cvat_interp
444,29,29,2,1.0,599.32,392.94,631.03,452.98,-1,cvat_keyframe
444,30,30,2,1.0,578.62,361.6,600.92,419.4,-1,cvat_keyframe
444,31,31,2,1.0,296.72,632.3,343.86,722.24,-1,cvat_interp
444,32,32,3,1.0,489.51,256.89,512.87,295.06,-1,cvat_interp
444,33,33,2,1.0,429.7,463.38,462.12,541.36,-1,cvat_keyframe
444,34,34,2,1.0,320.68,583.21,375.74,659.72,-1,cvat_interp
444,35,35,2,1.0,1357.05,909.91,1433.21,1021.55,-1,cvat_interp
445,0,0,2,1.0,836.01,799.72,902.88,900.75,-1,cvat_interp
445,10,10,2,1.0,1491.68,857.5,1577.34,968.27,-1,cvat_interp
445,11,11,2,1.0,1454.15,603.32,1506.87,691.05,-1,cvat_interp
445,12,12,2,1.0,1489.83,324.72,1512.18,380.22,-1,cvat_interp
445,13,13,2,1.0,1507.87,631.17,1553.22,724.01,-1,cvat_interp
445,14,14,2,1.0,1890.96,514.91,1915.86,593.85,-1,cvat_interp
445,15,15,2,1.0,1166.3,796.05,1220.06,900.73,-1,cvat_interp
445,16,16,2,1.0,1180.66,678.45,1239.49,767.94,-1,cvat_interp
445,17,17,2,1.0,1788.78,416.21,1825.12,485.07,-1,cvat_interp
445,18,18,2,1.0,1599.73,350.76,1622.58,405.8,-1,cvat_interp
445,21,21,3,1.0,1064.94,513.04,1099.25,594.94,-1,cvat_interp
445,24,24,0,1.0,1304.81,1028.06,1321.84,1042.28,-1,cvat_interp
445,25,25,2,1.0,1047.4,448.91,1078.66,514.46,-1,cvat_interp
445,26,26,2,1.0,774.32,641.25,824.27,726.98,-1,cvat_interp
445,27,27,2,1.0,696.81,323.75,719.06,380.79,-1,cvat_interp
445,28,28,2,1.0,732.47,484.37,760.07,568.14,-1,cvat_interp
445,29,29,2,1.0,609.3,393.96,641.0,454.0,-1,cvat_interp
445,30,30,2,1.0,590.1,362.82,612.4,420.62,-1,cvat_interp
445,31,31,2,1.0,302.14,633.7,348.27,724.92,-1,cvat_interp
445,32,32,3,1.0,499.41,257.7,521.94,295.87,-1,cvat_interp
445,33,33,2,1.0,440.5,464.4,473.45,542.28,-1,cvat_interp
445,34,34,2,1.0,326.58,585.04,382.8,661.55,-1,cvat_interp
445,35,35,2,1.0,1353.83,913.91,1433.55,1025.83,-1,cvat_interp
446,0,0,2,1.0,839.66,802.94,908.94,904.08,-1,cvat_interp
446,10,10,2,1.0,1495.88,860.28,1581.69,972.06,-1,cvat_interp
446,11,11,2,1.0,1465.0,605.73,1516.7,693.7,-1,cvat_keyframe
446,12,12,2,1.0,1498.39,326.32,1520.74,381.64,-1,cvat_interp
446,13,13,2,1.0,1514.09,634.39,1559.44,728.3,-1,cvat_keyframe
446,14,14,2,1.0,1902.9,516.96,1920.0,595.9,-1,cvat_keyframe
446,15,15,2,1.0,1171.1,800.78,1225.94,905.04,-1,cvat_interp
446,16,16,2,1.0,1194.93,678.9,1254.67,769.85,-1,cvat_interp
446,17,17,2,1.0,1799.6,418.26,1835.94,487.13,-1,cvat_keyframe
446,18,18,2,1.0,1608.88,352.72,1631.74,407.76,-1,cvat_interp
446,21,21,3,1.0,1074.52,514.83,1108.83,596.74,-1,cvat_interp
446,24,24,0,1.0,1306.01,1031.12,1323.05,1045.34,-1,cvat_interp
446,25,25,2,1.0,1056.39,450.68,1087.65,516.32,-1,cvat_interp
446,26,26,2,1.0,781.45,642.4,832.8,729.2,-1,cvat_keyframe
446,27,27,2,1.0,707.71,325.35,729.96,382.39,-1,cvat_interp
446,28,28,2,1.0,742.34,485.73,769.94,569.5,-1,cvat_interp
446,29,29,2,1.0,619.27,394.98,650.98,455.02,-1,cvat_interp
446,30,30,2,1.0,601.58,364.03,623.88,421.83,-1,cvat_interp
446,31,31,2,1.0,307.55,635.1,352.68,727.6,-1,cvat_keyframe
446,32,32,3,1.0,509.31,258.51,531.01,296.68,-1,cvat_interp
446,33,33,2,1.0,451.3,465.42,484.78,543.21,-1,cvat_interp
446,34,34,2,1.0,332.48,586.87,389.86,663.38,-1,cvat_interp
446,35,35,2,1.0,1350.61,917.9,1433.9,1030.1,-1,cvat_keyframe
447,0,0,2,1.0,843.31,806.16,915.01,907.41,-1,cvat_interp
447,10,10,2,1.0,1500.09,863.06,1586.04,975.86,-1,cvat_interp
447,11,11,2,1.0,1473.34,606.47,1522.63,695.48,-1,cvat_interp
447,12,12,2,1.0,1506.94,327.91,1529.29,383.06,-1,cvat_keyframe
447,13,13,2,1.0,1520.31,637.62,1565.67,731.5,-1,cvat_interp
447,14,14,2,1.0,1904.75,521.29,1920.0,600.23,-1,cvat_keyframe
447,15,15,2,1.0,1175.9,805.51,1231.83,909.35,-1,cvat_interp
447,16,16,2,1.0,1209.2,679.35,1269.86,771.76,-1,cvat_interp
447,17,17,2,1.0,1806.09,419.19,1842.44,488.05,-1,cvat_keyframe
447,18,18,2,1.0,1618.04,354.68,1640.89,409.72,-1,cvat_interp
447,21,21,3,1.0,1084.1,516.63,1118.4,598.53,-1,cvat_interp
447,24,24,0,1.0,1307.22,1034.18,1324.25,1048.4,-1,cvat_interp
447,25,25,2,1.0,1065.38,452.46,1096.64,518.19,-1,cvat_interp
447,26,26,2,1.0,788.57,644.65,838.83,730.75,-1,cvat_interp
447,27,27,2,1.0,718.61,326.95,740.86,383.99,-1,cvat_interp
447,28,28,2,1.0,752.2,487.09,779.8,570.86,-1,cvat_interp
447,29,29,2,1.0,629.25,396.01,660.95,456.04,-1,cvat_interp
447,30,30,2,1.0,613.05,365.25,635.35,423.05,-1,cvat_interp
447,31,31,2,1.0,312.96,637.94,357.08,728.7,-1,cvat_interp
447,32,32,3,1.0,519.2,259.33,540.08,297.5,-1,cvat_interp
447,33,33,2,1.0,462.1,466.44,496.11,544.14,-1,cvat_interp
447,34,34,2,1.0,338.39,588.7,396.92,665.21,-1,cvat_interp
447,35,35,2,1.0,1347.38,921.9,1427.03,1034.38,-1,cvat_interp
448,0,0,2,1.0,846.96,809.38,921.07,910.74,-1,cvat_interp
448,10,10,2,1.0,1504.29,865.84,1590.4,979.65,-1,cvat_interp
448,11,11,2,1.0,1481.67,607.21,1528.57,697.25,-1,cvat_interp
448,12,12,2,1.0,1517.87,330.4,1540.23,385.37,-1,cvat_interp
448,13,13,2,1.0,1526.54,640.85,1571.89,734.7,-1,cvat_interp
448,15,15,2,1.0,1180.7,810.24,1237.72,913.66,-1,cvat_interp
448,16,16,2,1.0,1223.46,679.8,1285.04,773.67,-1,cvat_interp
448,17,17,2,1.0,1816.78,420.97,1853.13,489.84,-1,cvat_keyframe
448,18,18,2,1.0,1627.19,356.64,1650.04,411.67,-1,cvat_interp
448,21,21,3,1.0,1093.67,518.42,1127.98,600.32,-1,cvat_interp
448,24,24,0,1.0,1308.43,1037.23,1325.46,1051.45,-1,cvat_interp
448,25,25,2,1.0,1074.37,454.24,1105.63,520.06,-1,cvat_interp
448,26,26,2,1.0,795.69,646.9,844.85,732.3,-1,cvat_interp
448,27,27,2,1.0,729.51,328.55,751.76,385.59,-1,cvat_interp
448,28,28,2,1.0,762.06,488.44,789.66,572.22,-1,cvat_interp
448,29,29,2,1.0,639.22,397.03,670.93,457.06,-1,cvat_interp
448,30,30,2,1.0,624.53,366.47,646.83,424.27,-1,cvat_interp
448,31,31,2,1.0,318.37,640.79,361.49,729.8,-1,cvat_interp
448,32,32,3,1.0,529.1,260.14,549.16,298.31,-1,cvat_interp
448,33,33,2,1.0,472.9,467.46,507.44,545.07,-1,cvat_interp
448,34,34,2,1.0,344.29,590.53,403.98,667.04,-1,cvat_interp
448,35,35,2,1.0,1344.16,925.9,1420.15,1038.65,-1,cvat_interp
449,0,0,2,1.0,850.61,812.61,927.14,914.07,-1,cvat_interp
449,10,10,2,1.0,1508.5,868.62,1594.75,983.44,-1,cvat_interp
449,11,11,2,1.0,1490.0,607.95,1534.5,699.03,-1,cvat_interp
449,12,12,2,1.0,1528.81,332.88,1551.16,387.69,-1,cvat_interp
449,13,13,2,1.0,1532.76,644.07,1578.11,737.9,-1,cvat_interp
449,15,15,2,1.0,1185.5,814.97,1243.61,917.97,-1,cvat_interp
449,16,16,2,1.0,1237.73,680.25,1300.23,775.57,-1,cvat_interp
449,17,17,2,1.0,1827.08,424.79,1863.43,493.65,-1,cvat_keyframe
449,18,18,2,1.0,1636.34,358.6,1659.19,413.63,-1,cvat_interp
449,21,21,3,1.0,1103.25,520.21,1137.56,602.11,-1,cvat_interp
449,24,24,0,1.0,1309.64,1040.29,1326.67,1054.51,-1,cvat_interp
449,25,25,2,1.0,1083.36,456.02,1114.62,521.93,-1,cvat_interp
449,26,26,2,1.0,802.81,649.15,850.88,733.85,-1,cvat_interp
449,27,27,2,1.0,740.42,330.15,762.67,387.19,-1,cvat_interp
449,28,28,2,1.0,771.92,489.8,799.52,573.57,-1,cvat_interp
449,29,29,2,1.0,649.2,398.05,680.9,458.09,-1,cvat_interp
449,30,30,2,1.0,636.0,367.69,658.3,425.49,-1,cvat_interp
449,31,31,2,1.0,323.79,643.63,365.89,730.9,-1,cvat_interp
449,32,32,3,1.0,539.0,260.95,558.23,299.12,-1,cvat_interp
449,33,33,2,1.0,483.7,468.48,518.77,546.0,-1,cvat_interp
449,34,34,2,1.0,350.19,592.36,411.04,668.87,-1,cvat_interp
449,35,35,2,1.0,1340.94,929.89,1413.28,1042.93,-1,cvat_interp
450,0,0,2,1.0,854.26,815.83,933.2,917.4,-1,cvat_keyframe
450,10,10,2,1.0,1512.7,871.4,1599.1,987.24,-1,cvat_keyframe
450,11,11,2,1.0,1498.33,608.69,1540.43,700.8,-1,cvat_keyframe
450,12,12,2,1.0,1539.74,335.36,1562.09,390.0,-1,cvat_keyframe
450,13,13,2,1.0,1538.98,647.3,1584.33,741.1,-1,cvat_keyframe
450,15,15,2,1.0,1190.3,819.7,1249.5,922.28,-1,cvat_keyframe
450,16,16,2,1.0,1252.0,680.7,1315.41,777.48,-1,cvat_keyframe
450,17,17,2,1.0,1835.91,426.75,1872.26,495.61,-1,cvat_keyframe
450,18,18,2,1.0,1645.49,360.56,1668.35,415.59,-1,cvat_keyframe
450,21,21,3,1.0,1112.83,522.0,1147.14,603.9,-1,cvat_keyframe
450,24,24,0,1.0,1310.84,1043.35,1327.88,1057.57,-1,cvat_keyframe
450,25,25,2,1.0,1092.35,457.79,1123.61,523.8,-1,cvat_keyframe
450,26,26,2,1.0,809.94,651.4,856.9,735.4,-1,cvat_keyframe
450,27,27,2,1.0,751.32,331.75,773.57,388.79,-1,cvat_keyframe
450,28,28,2,1.0,781.79,491.16,809.39,574.93,-1,cvat_keyframe
450,29,29,2,1.0,659.17,399.07,690.88,459.11,-1,cvat_keyframe
450,30,30,2,1.0,647.48,368.9,669.78,426.7,-1,cvat_keyframe
450,31,31,2,1.0,329.2,646.47,370.3,732.0,-1,cvat_keyframe
450,32,32,3,1.0,548.9,261.76,567.3,299.93,-1,cvat_keyframe
450,33,33,2,1.0,494.5,469.5,530.1,546.93,-1,cvat_keyframe
450,34,34,2,1.0,356.09,594.19,418.1,670.7,-1,cvat_keyframe
450,35,35,2,1.0,1337.71,933.89,1406.4,1047.2,-1,cvat_keyframe
451,0,0,2,1.0,858.49,820.28,937.43,921.85,-1,cvat_interp
451,10,10,2,1.0,1514.99,873.28,1602.46,989.74,-1,cvat_interp
451,11,11,2,1.0,1506.26,611.3,1549.81,702.78,-1,cvat_interp
451,12,12,2,1.0,1550.75,338.01,1573.1,392.64,-1,cvat_interp
451,13,13,2,1.0,1546.59,650.16,1593.2,743.8,-1,cvat_interp
451,15,15,2,1.0,1193.79,825.65,1254.02,929.4,-1,cvat_interp
451,16,16,2,1.0,1266.74,682.99,1327.8,780.09,-1,cvat_interp
451,17,17,2,1.0,1847.8,428.66,1882.74,497.91,-1,cvat_interp
451,18,18,2,1.0,1657.14,363.26,1680.25,418.3,-1,cvat_interp
451,21,21,3,1.0,1123.69,524.2,1159.11,605.48,-1,cvat_interp
451,24,24,0,1.0,1314.63,1046.78,1331.67,1060.77,-1,cvat_interp
451,25,25,2,1.0,1101.51,460.14,1133.68,526.14,-1,cvat_interp
451,26,26,2,1.0,817.73,652.59,865.8,737.55,-1,cvat_interp
451,27,27,2,1.0,762.58,333.57,784.83,390.61,-1,cvat_interp
451,28,28,2,1.0,792.94,493.61,822.43,576.44,-1,cvat_interp
451,29,29,2,1.0,670.94,400.61,702.64,460.64,-1,cvat_interp
451,30,30,2,1.0,660.59,370.65,682.89,428.45,-1,cvat_interp
451,31,31,2,1.0,334.68,648.28,381.58,735.2,-1,cvat_interp
451,32,32,3,1.0,561.05,263.83,579.45,302.0,-1,cvat_interp
451,33,33,2,1.0,506.51,470.99,542.11,548.42,-1,cvat_interp
451,34,34,2,1.0,364.59,596.21,426.86,672.71,-1,cvat_interp
451,35,35,2,1.0,1333.91,938.52,1414.83,1055.37,-1,cvat_interp
452,0,0,2,1.0,862.72,824.73,941.66,926.3,-1,cvat_interp
452,10,10,2,1.0,1517.28,875.15,1605.82,992.23,-1,cvat_interp
452,11,11,2,1.0,1514.18,613.91,1559.18,704.76,-1,cvat_interp
452,12,12,2,1.0,1561.76,340.65,1584.11,395.28,-1,cvat_interp
452,13,13,2,1.0,1554.2,653.02,1602.07,746.5,-1,cvat_interp
452,15,15,2,1.0,1197.27,831.6,1258.54,936.52,-1,cvat_interp
452,16,16,2,1.0,1281.48,685.29,1340.18,782.71,-1,cvat_interp
452,17,17,2,1.0,1859.68,430.57,1893.23,500.21,-1,cvat_interp
452,18,18,2,1.0,1668.79,365.97,1692.15,421.01,-1,cvat_interp
452,21,21,3,1.0,1134.54,526.41,1171.08,607.06,-1,cvat_interp
452,24,24,0,1.0,1318.42,1050.22,1335.46,1063.98,-1,cvat_interp
452,25,25,2,1.0,1110.68,462.48,1143.75,528.48,-1,cvat_interp
452,26,26,2,1.0,825.51,653.78,874.7,739.7,-1,cvat_interp
452,27,27,2,1.0,773.84,335.39,796.09,392.43,-1,cvat_interp
452,28,28,2,1.0,804.09,496.07,835.47,577.96,-1,cvat_interp
452,29,29,2,1.0,682.71,402.14,714.41,462.18,-1,cvat_interp
452,30,30,2,1.0,673.7,372.39,696.0,430.19,-1,cvat_interp
452,31,31,2,1.0,340.15,650.08,392.86,738.4,-1,cvat_interp
452,32,32,3,1.0,573.21,265.89,591.61,304.06,-1,cvat_interp
452,33,33,2,1.0,518.52,472.48,554.12,549.9,-1,cvat_interp
452,34,34,2,1.0,373.09,598.23,435.63,674.73,-1,cvat_interp
452,35,35,2,1.0,1330.11,943.16,1423.27,1063.53,-1,cvat_interp
453,0,0,2,1.0,866.95,829.18,945.88,930.75,-1,cvat_interp
453,10,10,2,1.0,1519.56,877.03,1609.18,994.73,-1,cvat_interp
453,11,11,2,1.0,1522.1,616.52,1568.55,706.73,-1,cvat_interp
453,12,12,2,1.0,1572.77,343.29,1595.12,397.92,-1,cvat_interp
453,13,13,2,1.0,1561.81,655.88,1610.95,749.2,-1,cvat_interp
453,15,15,2,1.0,1200.76,837.55,1263.06,943.65,-1,cvat_interp
453,16,16,2,1.0,1296.22,687.58,1352.57,785.32,-1,cvat_interp
453,17,17,2,1.0,1871.57,432.48,1903.71,502.52,-1,cvat_interp
453,18,18,2,1.0,1680.44,368.68,1704.06,423.72,-1,cvat_interp
453,21,21,3,1.0,1145.4,528.61,1183.06,608.65,-1,cvat_interp
453,24,24,0,1.0,1322.21,1053.66,1339.25,1067.18,-1,cvat_interp
453,25,25,2,1.0,1119.84,464.82,1153.82,530.83,-1,cvat_interp
453,26,26,2,1.0,833.3,654.97,883.6,741.85,-1,cvat_interp
453,27,27,2,1.0,785.11,337.21,807.36,394.25,-1,cvat_keyframe
453,28,28,2,1.0,815.24,498.52,848.51,579.47,-1,cvat_interp
453,29,29,2,1.0,694.48,403.67,726.18,463.71,-1,cvat_interp
453,30,30,2,1.0,686.82,374.14,709.12,431.94,-1,cvat_interp
453,31,31,2,1.0,345.63,651.89,404.14,741.6,-1,cvat_interp
453,32,32,3,1.0,585.36,267.96,603.76,306.13,-1,cvat_interp
453,33,33,2,1.0,530.53,473.97,566.13,551.39,-1,cvat_interp
453,34,34,2,1.0,381.59,600.25,444.39,676.74,-1,cvat_interp
453,35,35,2,1.0,1326.31,947.79,1431.7,1071.7,-1,cvat_keyframe
454,0,0,2,1.0,871.18,833.63,950.11,935.2,-1,cvat_interp
454,10,10,2,1.0,1521.85,878.9,1612.54,997.23,-1,cvat_interp
454,11,11,2,1.0,1530.02,619.13,1577.92,708.71,-1,cvat_interp
454,12,12,2,1.0,1583.78,345.93,1606.13,400.56,-1,cvat_interp
454,13,13,2,1.0,1569.43,658.74,1619.82,751.9,-1,cvat_interp
454,15,15,2,1.0,1204.25,843.5,1267.58,950.77,-1,cvat_interp
454,16,16,2,1.0,1310.96,689.87,1364.96,787.93,-1,cvat_interp
454,17,17,2,1.0,1883.46,434.38,1914.2,504.82,-1,cvat_keyframe
454,18,18,2,1.0,1692.09,371.39,1715.96,426.42,-1,cvat_interp
454,21,21,3,1.0,1156.26,530.82,1195.03,610.23,-1,cvat_interp
454,24,24,0,1.0,1326.0,1057.1,1343.04,1070.39,-1,cvat_interp
454,25,25,2,1.0,1129.0,467.16,1163.89,533.17,-1,cvat_interp
454,26,26,2,1.0,841.09,656.16,892.5,744.0,-1,cvat_interp
454,27,27,2,1.0,799.0,339.03,821.26,396.07,-1,cvat_interp
454,28,28,2,1.0,826.39,500.97,861.56,580.99,-1,cvat_interp
454,29,29,2,1.0,706.24,405.21,737.95,465.24,-1,cvat_interp
454,30,30,2,1.0,699.93,375.88,722.23,433.68,-1,cvat_interp
454,31,31,2,1.0,351.1,653.69,415.42,744.8,-1,cvat_interp
454,32,32,3,1.0,597.51,270.02,615.91,308.19,-1,cvat_interp
454,33,33,2,1.0,542.54,475.46,578.14,552.88,-1,cvat_interp
454,34,34,2,1.0,390.09,602.26,453.15,678.75,-1,cvat_interp
454,35,35,2,1.0,1322.5,952.43,1425.6,1074.8,-1,cvat_interp
455,0,0,2,1.0,875.4,838.08,954.34,939.65,-1,cvat_interp
455,10,10,2,1.0,1524.14,880.78,1615.9,999.73,-1,cvat_interp
455,11,11,2,1.0,1537.94,621.74,1587.29,710.69,-1,cvat_interp
455,12,12,2,1.0,1594.79,348.57,1617.15,403.21,-1,cvat_interp
455,13,13,2,1.0,1577.04,661.6,1628.69,754.6,-1,cvat_interp
455,15,15,2,1.0,1207.73,849.45,1272.1,957.89,-1,cvat_interp
455,16,16,2,1.0,1325.7,692.16,1377.34,790.54,-1,cvat_interp
455,17,17,2,1.0,1897.9,441.34,1920.0,512.16,-1,cvat_keyframe
455,18,18,2,1.0,1703.74,374.1,1727.87,429.13,-1,cvat_keyframe
455,21,21,3,1.0,1167.12,533.02,1207.0,611.81,-1,cvat_keyframe
455,24,24,0,1.0,1329.79,1060.54,1346.83,1073.59,-1,cvat_interp
455,25,25,2,1.0,1138.16,469.5,1173.95,535.51,-1,cvat_interp
455,26,26,2,1.0,848.88,657.35,901.4,746.15,-1,cvat_interp
455,27,27,2,1.0,812.9,340.85,835.15,397.88,-1,cvat_keyframe
455,28,28,2,1.0,837.54,503.43,874.6,582.5,-1,cvat_keyframe
455,29,29,2,1.0,718.01,406.74,749.71,466.78,-1,cvat_interp
455,30,30,2,1.0,713.04,377.63,735.34,435.43,-1,cvat_interp
455,31,31,2,1.0,356.58,655.5,426.7,748.0,-1,cvat_keyframe
455,32,32,3,1.0,609.67,272.09,628.07,310.26,-1,cvat_interp
455,33,33,2,1.0,554.54,476.95,590.15,554.37,-1,cvat_interp
455,34,34,2,1.0,398.6,604.28,461.91,680.76,-1,cvat_interp
455,35,35,2,1.0,1318.7,957.06,1419.5,1077.9,-1,cvat_keyframe
456,0,0,2,1.0,879.63,842.53,958.57,944.1,-1,cvat_interp
456,10,10,2,1.0,1526.43,882.65,1619.26,1002.23,-1,cvat_interp
456,11,11,2,1.0,1545.86,624.35,1596.66,712.67,-1,cvat_interp
456,12,12,2,1.0,1605.8,351.21,1628.16,405.85,-1,cvat_interp
456,13,13,2,1.0,1584.65,664.46,1637.56,757.3,-1,cvat_interp
456,15,15,2,1.0,1211.22,855.4,1276.62,965.01,-1,cvat_interp
456,16,16,2,1.0,1340.44,694.46,1389.73,793.15,-1,cvat_interp
456,17,17,2,1.0,1901.0,439.98,1920.0,511.2,-1,cvat_keyframe
456,18,18,2,1.0,1714.41,376.97,1738.79,432.0,-1,cvat_interp
456,21,21,3,1.0,1172.1,536.53,1213.1,614.7,-1,cvat_keyframe
456,24,24,0,1.0,1333.58,1063.98,1350.62,1076.8,-1,cvat_interp
456,25,25,2,1.0,1147.33,471.85,1184.02,537.85,-1,cvat_interp
456,26,26,2,1.0,856.67,658.54,910.3,748.31,-1,cvat_interp
456,27,27,2,1.0,821.3,342.67,843.55,399.7,-1,cvat_keyframe
456,28,28,2,1.0,848.7,505.88,885.68,583.56,-1,cvat_interp
456,29,29,2,1.0,729.78,408.27,761.48,468.31,-1,cvat_interp
456,30,30,2,1.0,726.15,379.37,748.45,437.17,-1,cvat_interp
456,31,31,2,1.0,362.06,661.17,432.1,751.8,-1,cvat_keyframe
456,32,32,3,1.0,621.82,274.15,640.22,312.32,-1,cvat_interp
456,33,33,2,1.0,566.55,478.43,602.16,555.86,-1,cvat_interp
456,34,34,2,1.0,407.1,606.3,470.68,682.78,-1,cvat_interp
456,35,35,2,1.0,1320.8,961.7,1409.9,1076.3,-1,cvat_keyframe
457,0,0,2,1.0,883.86,846.98,962.8,948.55,-1,cvat_interp
457,10,10,2,1.0,1528.71,884.53,1622.62,1004.73,-1,cvat_interp
457,11,11,2,1.0,1553.78,626.97,1606.03,714.64,-1,cvat_interp
457,12,12,2,1.0,1616.81,353.85,1639.17,408.49,-1,cvat_interp
457,13,13,2,1.0,1592.26,667.32,1646.43,760.0,-1,cvat_interp
457,15,15,2,1.0,1214.7,861.35,1281.14,972.13,-1,cvat_interp
457,16,16,2,1.0,1355.18,696.75,1402.11,795.76,-1,cvat_interp
457,17,17,2,1.0,1914.3,473.3,1920.0,511.2,-1,cvat_keyframe
457,18,18,2,1.0,1725.08,379.84,1749.72,434.88,-1,cvat_interp
457,21,21,3,1.0,1184.37,538.96,1222.22,616.49,-1,cvat_interp
457,24,24,0,1.0,1337.37,1067.41,1354.41,1080.0,-1,cvat_keyframe
457,25,25,2,1.0,1156.49,474.19,1194.09,540.19,-1,cvat_interp
457,26,26,2,1.0,864.46,659.73,919.2,750.46,-1,cvat_interp
457,27,27,2,1.0,835.6,345.47,857.85,402.51,-1,cvat_interp
457,28,28,2,1.0,859.85,508.34,896.76,584.62,-1,cvat_interp
457,29,29,2,1.0,741.55,409.81,773.25,469.85,-1,cvat_interp
457,30,30,2,1.0,739.26,381.12,761.56,438.92,-1,cvat_interp
457,31,31,2,1.0,367.53,663.62,433.2,753.15,-1,cvat_interp
457,32,32,3,1.0,633.97,276.22,652.37,314.39,-1,cvat_interp
457,33,33,2,1.0,578.56,479.92,614.16,557.35,-1,cvat_interp
457,34,34,2,1.0,415.6,608.32,479.44,684.79,-1,cvat_interp
457,35,35,2,1.0,1317.98,962.33,1402.79,1078.15,-1,cvat_interp
458,0,0,2,1.0,888.09,851.43,967.03,953.01,-1,cvat_interp
458,10,10,2,1.0,1531.0,886.4,1625.98,1007.22,-1,cvat_keyframe
458,11,11,2,1.0,1561.7,629.58,1615.4,716.62,-1,cvat_interp
458,12,12,2,1.0,1627.83,356.49,1650.18,411.13,-1,cvat_interp
458,13,13,2,1.0,1599.87,670.18,1655.3,762.7,-1,cvat_keyframe
458,15,15,2,1.0,1218.19,867.3,1285.66,979.25,-1,cvat_keyframe
458,16,16,2,1.0,1369.92,699.04,1414.5,798.38,-1,cvat_keyframe
458,18,18,2,1.0,1735.75,382.71,1760.65,437.75,-1,cvat_interp
458,21,21,3,1.0,1196.65,541.38,1231.35,618.28,-1,cvat_keyframe
458,24,24,0,1.0,1297.48,1059.93,1314.51,1074.19,-1,cvat_keyframe
458,25,25,2,1.0,1165.65,476.53,1204.16,542.53,-1,cvat_interp
458,26,26,2,1.0,872.25,660.92,928.1,752.61,-1,cvat_interp
458,27,27,2,1.0,849.89,348.28,872.14,405.32,-1,cvat_keyframe
458,28,28,2,1.0,871.0,510.79,907.84,585.68,-1,cvat_interp
458,29,29,2,1.0,753.31,411.34,785.02,471.38,-1,cvat_interp
458,30,30,2,1.0,752.38,382.86,774.68,440.66,-1,cvat_keyframe
458,31,31,2,1.0,373.01,666.07,434.3,754.5,-1,cvat_keyframe
458,32,32,3,1.0,646.13,278.29,664.53,316.46,-1,cvat_interp
458,33,33,2,1.0,590.57,481.41,626.17,558.84,-1,cvat_interp
458,34,34,2,1.0,424.1,610.33,488.2,686.8,-1,cvat_keyframe
458,35,35,2,1.0,1315.16,962.97,1395.68,1080.0,-1,cvat_keyframe
459,0,0,2,1.0,892.32,855.88,971.25,957.46,-1,cvat_interp
459,10,10,2,1.0,1526.15,891.39,1629.34,1009.72,-1,cvat_interp
459,11,11,2,1.0,1569.62,632.19,1624.77,718.6,-1,cvat_interp
459,12,12,2,1.0,1638.84,359.14,1661.19,413.77,-1,cvat_interp
459,13,13,2,1.0,1607.48,673.04,1663.06,765.78,-1,cvat_interp
459,15,15,2,1.0,1221.68,872.2,1290.18,987.28,-1,cvat_interp
459,16,16,2,1.0,1384.66,701.33,1434.2,800.99,-1,cvat_interp
459,18,18,2,1.0,1746.42,385.58,1771.57,440.62,-1,cvat_interp
459,21,21,3,1.0,1205.63,544.02,1240.37,620.29,-1,cvat_interp
459,24,24,0,1.0,1254.83,1046.79,1271.86,1061.05,-1,cvat_interp
459,25,25,2,1.0,1174.81,478.87,1214.23,544.88,-1,cvat_interp
459,26,26,2,1.0,880.04,662.11,937.0,754.76,-1,cvat_interp
459,27,27,2,1.0,860.17,350.34,882.42,407.38,-1,cvat_interp
459,28,28,2,1.0,882.15,513.25,918.92,586.74,-1,cvat_interp
459,29,29,2,1.0,765.08,412.88,796.79,472.91,-1,cvat_interp
459,30,30,2,1.0,762.14,385.49,784.44,443.29,-1,cvat_interp
459,31,31,2,1.0,378.49,668.52,440.25,755.5,-1,cvat_interp
459,32,32,3,1.0,658.28,280.35,676.68,318.52,-1,cvat_interp
459,33,33,2,1.0,602.58,482.9,638.18,560.33,-1,cvat_interp
459,34,34,2,1.0,432.6,612.35,490.6,688.84,-1,cvat_interp
459,35,35,2,1.0,1312.34,966.6,1394.34,1080.0,-1,cvat_interp
460,0,0,2,1.0,896.55,860.33,975.48,961.91,-1,cvat_keyframe
460,10,10,2,1.0,1521.3,896.38,1632.7,1012.22,-1,cvat_keyframe
460,11,11,2,1.0,1577.55,634.8,1634.15,720.58,-1,cvat_keyframe
460,12,12,2,1.0,1649.85,361.78,1672.2,416.41,-1,cvat_keyframe
460,13,13,2,1.0,1615.09,675.9,1670.82,768.87,-1,cvat_keyframe
460,15,15,2,1.0,1225.16,877.1,1294.7,995.3,-1,cvat_keyframe
460,16,16,2,1.0,1399.4,703.63,1453.9,803.6,-1,cvat_keyframe
460,18,18,2,1.0,1757.09,388.46,1782.5,443.49,-1,cvat_keyframe
460,21,21,3,1.0,1214.6,546.65,1249.4,622.3,-1,cvat_keyframe
460,24,24,0,1.0,1212.18,1033.66,1229.22,1047.92,-1,cvat_keyframe
460,25,25,2,1.0,1183.97,481.21,1224.3,547.22,-1,cvat_keyframe
460,26,26,2,1.0,887.83,663.3,945.9,756.91,-1,cvat_keyframe
460,27,27,2,1.0,870.45,352.41,892.7,409.45,-1,cvat_keyframe
460,28,28,2,1.0,893.3,515.7,930.0,587.8,-1,cvat_keyframe
460,29,29,2,1.0,776.85,414.41,808.55,474.45,-1,cvat_keyframe
460,30,30,2,1.0,771.9,388.12,794.2,445.92,-1,cvat_keyframe
460,31,31,2,1.0,383.96,670.97,446.2,756.5,-1,cvat_keyframe
460,32,32,3,1.0,670.43,282.42,688.83,320.59,-1,cvat_keyframe
460,33,33,2,1.0,614.59,484.39,650.19,561.82,-1,cvat_keyframe
460,34,34,2,1.0,441.1,614.37,493.0,690.88,-1,cvat_keyframe
460,35,35,2,1.0,1309.52,970.24,1393.0,1080.0,-1,cvat_keyframe
461,0,0,2,1.0,898.13,861.92,978.77,963.61,-1,cvat_interp
461,10,10,2,1.0,1528.5,897.87,1633.07,1017.56,-1,cvat_interp
461,11,11,2,1.0,1585.17,637.31,1641.77,723.09,-1,cvat_interp
461,12,12,2,1.0,1659.65,364.92,1682.16,419.56,-1,cvat_interp
461,13,13,2,1.0,1620.45,678.97,1676.24,772.13,-1,cvat_interp
461,15,15,2,1.0,1227.1,879.46,1298.55,998.8,-1,cvat_interp
461,16,16,2,1.0,1407.58,706.69,1462.07,806.67,-1,cvat_interp
461,18,18,2,1.0,1767.09,391.54,1792.5,446.58,-1,cvat_interp
461,21,21,3,1.0,1223.27,549.56,1259.98,624.58,-1,cvat_interp
461,24,24,0,1.0,1174.11,1020.77,1191.14,1035.03,-1,cvat_interp
461,25,25,2,1.0,1191.44,483.78,1231.77,549.79,-1,cvat_interp
461,26,26,2,1.0,893.21,665.64,951.57,759.25,-1,cvat_interp
461,27,27,2,1.0,881.07,354.56,904.27,411.69,-1,cvat_interp
461,28,28,2,1.0,903.27,518.02,939.97,590.12,-1,cvat_interp
461,29,29,2,1.0,788.94,417.41,818.52,476.6,-1,cvat_interp
461,30,30,2,1.0,783.7,390.49,807.8,447.49,-1,cvat_interp
461,31,31,2,1.0,388.11,674.1,457.4,759.65,-1,cvat_interp
461,32,32,3,1.0,681.94,284.9,702.87,322.91,-1,cvat_interp
461,33,33,2,1.0,625.08,487.16,662.59,563.56,-1,cvat_interp
461,34,34,2,1.0,443.9,616.56,498.17,693.07,-1,cvat_interp
461,35,35,2,1.0,1310.37,970.24,1393.84,1080.0,-1,cvat_interp
462,0,0,2,1.0,899.72,863.5,982.05,965.3,-1,cvat_interp
462,10,10,2,1.0,1535.7,899.35,1633.44,1022.9,-1,cvat_keyframe
462,11,11,2,1.0,1592.79,639.82,1649.39,725.6,-1,cvat_interp
462,12,12,2,1.0,1669.46,368.07,1692.13,422.7,-1,cvat_interp
462,13,13,2,1.0,1625.81,682.03,1681.66,775.39,-1,cvat_interp
462,15,15,2,1.0,1229.04,881.82,1302.39,1002.3,-1,cvat_interp
462,16,16,2,1.0,1415.75,709.76,1470.25,809.74,-1,cvat_keyframe
462,18,18,2,1.0,1777.09,394.63,1802.5,449.67,-1,cvat_interp
462,21,21,3,1.0,1231.94,552.46,1270.55,626.85,-1,cvat_interp
462,24,24,0,1.0,1136.04,1007.88,1153.07,1022.15,-1,cvat_keyframe
462,25,25,2,1.0,1198.91,486.36,1239.23,552.36,-1,cvat_interp
462,26,26,2,1.0,898.6,667.98,957.23,761.6,-1,cvat_interp
462,27,27,2,1.0,891.69,356.72,915.85,413.92,-1,cvat_interp
462,28,28,2,1.0,913.24,520.33,949.94,592.43,-1,cvat_interp
462,29,29,2,1.0,801.03,420.41,828.48,478.76,-1,cvat_interp
462,30,30,2,1.0,795.5,392.85,821.4,449.06,-1,cvat_interp
462,31,31,2,1.0,392.27,677.24,468.6,762.8,-1,cvat_keyframe
462,32,32,3,1.0,693.44,287.39,716.92,325.24,-1,cvat_interp
462,33,33,2,1.0,635.57,489.93,675.0,565.31,-1,cvat_interp
462,34,34,2,1.0,446.7,618.76,503.34,695.26,-1,cvat_keyframe
462,35,35,2,1.0,1311.21,970.24,1394.69,1080.0,-1,cvat_interp
463,0,0,2,1.0,901.3,865.09,985.34,967.0,-1,cvat_interp
463,10,10,2,1.0,1536.81,900.83,1633.81,1024.73,-1,cvat_interp
463,11,11,2,1.0,1600.41,642.34,1657.01,728.11,-1,cvat_interp
463,12,12,2,1.0,1679.26,371.22,1702.09,425.85,-1,cvat_interp
463,13,13,2,1.0,1631.17,685.1,1687.08,778.66,-1,cvat_interp
463,15,15,2,1.0,1230.98,884.18,1306.24,1005.8,-1,cvat_interp
463,16,16,2,1.0,1428.72,712.83,1483.22,812.81,-1,cvat_interp
463,18,18,2,1.0,1787.08,397.72,1812.49,452.76,-1,cvat_interp
463,21,21,3,1.0,1240.61,555.36,1281.13,629.13,-1,cvat_interp
463,24,24,0,1.0,1084.4,991.18,1101.43,1005.44,-1,cvat_interp
463,25,25,2,1.0,1206.37,488.93,1246.7,554.93,-1,cvat_interp
463,26,26,2,1.0,903.98,670.32,962.9,763.94,-1,cvat_interp
463,27,27,2,1.0,902.31,358.87,927.42,416.16,-1,cvat_interp
463,28,28,2,1.0,923.22,522.65,959.92,594.75,-1,cvat_interp
463,29,29,2,1.0,813.11,423.41,838.44,480.91,-1,cvat_interp
463,30,30,2,1.0,807.31,395.22,835.0,450.63,-1,cvat_interp
463,31,31,2,1.0,396.42,680.37,477.2,769.9,-1,cvat_keyframe
463,32,32,3,1.0,704.95,289.88,730.96,327.57,-1,cvat_interp
463,33,33,2,1.0,646.06,492.7,687.4,567.05,-1,cvat_interp
463,34,34,2,1.0,452.46,620.05,511.27,696.28,-1,cvat_keyframe
463,35,35,2,1.0,1312.06,970.24,1395.53,1080.0,-1,cvat_interp
464,0,0,2,1.0,902.89,866.67,988.63,968.7,-1,cvat_interp
464,10,10,2,1.0,1537.93,902.31,1634.18,1026.56,-1,cvat_interp
464,11,11,2,1.0,1608.03,644.85,1664.63,730.63,-1,cvat_interp
464,12,12,2,1.0,1689.07,374.36,1712.06,429.0,-1,cvat_interp
464,13,13,2,1.0,1636.53,688.17,1692.5,781.92,-1,cvat_interp
464,15,15,2,1.0,1232.91,886.54,1310.08,1009.3,-1,cvat_interp
464,16,16,2,1.0,1441.7,715.9,1496.2,815.87,-1,cvat_interp
464,18,18,2,1.0,1797.08,400.81,1822.49,455.84,-1,cvat_interp
464,21,21,3,1.0,1249.28,558.27,1291.7,631.4,-1,cvat_keyframe
464,24,24,0,1.0,1032.75,974.47,1049.78,988.74,-1,cvat_keyframe
464,25,25,2,1.0,1213.84,491.5,1254.16,557.5,-1,cvat_interp
464,26,26,2,1.0,909.37,672.66,968.57,766.28,-1,cvat_interp
464,27,27,2,1.0,912.93,361.03,939.0,418.4,-1,cvat_keyframe
464,28,28,2,1.0,933.19,524.97,969.89,597.07,-1,cvat_keyframe
464,29,29,2,1.0,825.2,426.41,848.4,483.07,-1,cvat_keyframe
464,30,30,2,1.0,819.11,397.59,848.6,452.2,-1,cvat_keyframe
464,31,31,2,1.0,400.57,683.5,477.87,773.6,-1,cvat_keyframe
464,32,32,3,1.0,716.45,292.37,745.0,329.9,-1,cvat_keyframe
464,33,33,2,1.0,656.55,495.47,699.8,568.8,-1,cvat_keyframe
464,34,34,2,1.0,458.23,623.15,519.2,699.1,-1,cvat_keyframe
464,35,35,2,1.0,1312.9,970.24,1396.38,1080.0,-1,cvat_interp
465,0,0,2,1.0,904.47,868.25,991.91,970.4,-1,cvat_interp
465,10,10,2,1.0,1539.04,903.79,1634.55,1028.39,-1,cvat_interp
465,11,11,2,1.0,1615.65,647.36,1672.25,733.14,-1,cvat_interp
465,12,12,2,1.0,1698.87,377.51,1722.02,432.14,-1,cvat_interp
465,13,13,2,1.0,1641.9,691.24,1697.92,785.18,-1,cvat_interp
465,15,15,2,1.0,1234.85,888.9,1313.93,1012.8,-1,cvat_interp
465,16,16,2,1.0,1454.67,718.97,1509.17,818.94,-1,cvat_interp
465,18,18,2,1.0,1807.08,403.9,1832.49,458.93,-1,cvat_interp
465,21,21,3,1.0,1257.95,561.17,1299.1,634.72,-1,cvat_interp
465,24,24,0,1.0,1008.05,966.91,1025.09,981.17,-1,cvat_keyframe
465,25,25,2,1.0,1221.3,494.07,1261.63,560.08,-1,cvat_interp
465,26,26,2,1.0,914.76,675.0,974.23,768.63,-1,cvat_interp
465,27,27,2,1.0,923.55,363.18,948.98,420.5,-1,cvat_interp
465,28,28,2,1.0,942.09,527.64,978.79,599.74,-1,cvat_interp
465,29,29,2,1.0,834.13,429.41,859.47,485.22,-1,cvat_interp
465,30,30,2,1.0,828.24,400.12,857.3,454.1,-1,cvat_interp
465,31,31,2,1.0,404.72,686.64,482.51,775.97,-1,cvat_interp
465,32,32,3,1.0,726.48,294.69,754.12,332.07,-1,cvat_interp
465,33,33,2,1.0,667.05,498.25,709.4,570.9,-1,cvat_interp
465,34,34,2,1.0,463.99,625.34,523.45,701.39,-1,cvat_interp
465,35,35,2,1.0,1313.75,970.24,1397.22,1080.0,-1,cvat_interp
466,0,0,2,1.0,906.06,869.84,995.2,972.1,-1,cvat_keyframe
466,10,10,2,1.0,1540.15,905.27,1634.92,1030.21,-1,cvat_interp
466,11,11,2,1.0,1623.27,649.87,1679.87,735.65,-1,cvat_interp
466,12,12,2,1.0,1708.68,380.66,1731.99,435.29,-1,cvat_interp
466,13,13,2,1.0,1647.26,694.31,1703.34,788.45,-1,cvat_interp
466,15,15,2,1.0,1236.79,891.25,1317.77,1016.3,-1,cvat_keyframe
466,16,16,2,1.0,1467.64,722.04,1522.14,822.01,-1,cvat_interp
466,18,18,2,1.0,1817.08,406.99,1842.49,462.02,-1,cvat_interp
466,21,21,3,1.0,1266.61,564.07,1306.5,638.04,-1,cvat_interp
466,24,24,0,1.0,1000.59,956.47,1017.63,970.74,-1,cvat_keyframe
466,25,25,2,1.0,1228.77,496.64,1269.1,562.65,-1,cvat_interp
466,26,26,2,1.0,920.14,677.34,979.9,770.97,-1,cvat_interp
466,27,27,2,1.0,934.17,365.34,958.97,422.6,-1,cvat_interp
466,28,28,2,1.0,951.0,530.31,987.7,602.41,-1,cvat_interp
466,29,29,2,1.0,843.07,432.4,870.53,487.38,-1,cvat_interp
466,30,30,2,1.0,837.36,402.64,866.0,456.0,-1,cvat_interp
466,31,31,2,1.0,408.88,689.77,487.15,778.33,-1,cvat_interp
466,32,32,3,1.0,736.51,297.0,763.23,334.23,-1,cvat_interp
466,33,33,2,1.0,677.54,501.02,719.01,573.01,-1,cvat_interp
466,34,34,2,1.0,469.76,627.53,527.7,703.67,-1,cvat_interp
466,35,35,2,1.0,1314.59,970.24,1398.07,1080.0,-1,cvat_interp
467,0,0,2,1.0,907.64,871.42,994.23,974.05,-1,cvat_interp
467,10,10,2,1.0,1541.26,906.76,1635.29,1032.04,-1,cvat_interp
467,11,11,2,1.0,1630.89,652.38,1687.49,738.16,-1,cvat_interp
467,12,12,2,1.0,1718.48,383.8,1741.95,438.43,-1,cvat_interp
467,13,13,2,1.0,1652.62,697.38,1708.76,791.71,-1,cvat_interp
467,15,15,2,1.0,1239.19,896.84,1322.08,1023.02,-1,cvat_interp
467,16,16,2,1.0,1480.62,725.11,1535.12,825.08,-1,cvat_interp
467,18,18,2,1.0,1827.08,410.07,1852.48,465.11,-1,cvat_interp
467,21,21,3,1.0,1275.28,566.98,1313.89,641.37,-1,cvat_interp
467,24,24,0,1.0,1003.23,957.49,1020.26,971.76,-1,cvat_keyframe
467,25,25,2,1.0,1236.24,499.21,1276.56,565.22,-1,cvat_interp
467,26,26,2,1.0,925.53,679.68,985.57,773.31,-1,cvat_interp
467,27,27,2,1.0,944.79,367.49,968.95,424.7,-1,cvat_interp
467,28,28,2,1.0,959.91,532.98,996.61,605.08,-1,cvat_interp
467,29,29,2,1.0,852.0,435.4,881.6,489.53,-1,cvat_interp
467,30,30,2,1.0,846.49,405.17,874.7,457.9,-1,cvat_interp
467,31,31,2,1.0,413.03,692.91,491.79,780.7,-1,cvat_interp
467,32,32,3,1.0,746.54,299.32,772.35,336.4,-1,cvat_interp
467,33,33,2,1.0,688.03,503.79,728.61,575.11,-1,cvat_interp
467,34,34,2,1.0,475.52,629.73,531.96,705.96,-1,cvat_interp
467,35,35,2,1.0,1315.44,970.24,1398.91,1080.0,-1,cvat_interp
468,0,0,2,1.0,909.23,873.01,993.25,976.0,-1,cvat_interp
468,10,10,2,1.0,1542.38,908.24,1635.66,1033.87,-1,cvat_interp
468,11,11,2,1.0,1638.51,654.9,1695.11,740.67,-1,cvat_interp
468,12,12,2,1.0,1728.29,386.95,1751.92,441.58,-1,cvat_interp
468,13,13,2,1.0,1657.98,700.45,1714.17,794.97,-1,cvat_interp
468,15,15,2,1.0,1241.59,902.43,1326.39,1029.75,-1,cvat_interp
468,16,16,2,1.0,1493.59,728.18,1548.09,828.15,-1,cvat_interp
468,18,18,2,1.0,1837.07,413.16,1862.48,468.2,-1,cvat_interp
468,21,21,3,1.0,1283.95,569.88,1321.29,644.69,-1,cvat_interp
468,24,24,0,1.0,985.11,951.49,1002.14,965.75,-1,cvat_keyframe
468,25,25,2,1.0,1243.7,501.79,1284.03,567.79,-1,cvat_interp
468,26,26,2,1.0,930.92,682.02,991.23,775.66,-1,cvat_interp
468,27,27,2,1.0,955.41,369.65,978.94,426.8,-1,cvat_interp
468,28,28,2,1.0,968.81,535.66,1005.51,607.76,-1,cvat_interp
468,29,29,2,1.0,860.93,438.4,892.67,491.69,-1,cvat_interp
468,30,30,2,1.0,855.61,407.69,883.4,459.8,-1,cvat_interp
468,31,31,2,1.0,417.18,696.04,496.42,783.07,-1,cvat_interp
468,32,32,3,1.0,756.58,301.64,781.47,338.57,-1,cvat_interp
468,33,33,2,1.0,698.52,506.56,738.21,577.21,-1,cvat_interp
468,34,34,2,1.0,481.28,631.92,536.21,708.24,-1,cvat_interp
468,35,35,2,1.0,1316.28,970.24,1399.76,1080.0,-1,cvat_interp
469,0,0,2,1.0,910.81,874.59,992.28,977.95,-1,cvat_interp
469,10,10,2,1.0,1543.49,909.72,1636.03,1035.7,-1,cvat_interp
469,11,11,2,1.0,1646.13,657.41,1702.73,743.19,-1,cvat_interp
469,12,12,2,1.0,1738.09,390.1,1761.88,444.73,-1,cvat_interp
469,13,13,2,1.0,1663.34,703.52,1719.59,798.24,-1,cvat_interp
469,15,15,2,1.0,1243.99,908.01,1330.69,1036.47,-1,cvat_interp
469,16,16,2,1.0,1506.56,731.24,1561.06,831.22,-1,cvat_interp
469,18,18,2,1.0,1847.07,416.25,1872.48,471.29,-1,cvat_interp
469,21,21,3,1.0,1292.62,572.78,1328.69,648.01,-1,cvat_interp
469,24,24,0,1.0,939.7,936.86,956.73,951.12,-1,cvat_interp
469,25,25,2,1.0,1251.17,504.36,1291.49,570.36,-1,cvat_interp
469,26,26,2,1.0,936.3,684.36,996.9,778.0,-1,cvat_keyframe
469,27,27,2,1.0,966.03,371.8,988.92,428.9,-1,cvat_interp
469,28,28,2,1.0,977.72,538.33,1014.42,610.43,-1,cvat_interp
469,29,29,2,1.0,869.87,441.4,903.73,493.84,-1,cvat_interp
469,30,30,2,1.0,864.74,410.22,892.1,461.7,-1,cvat_interp
469,31,31,2,1.0,421.33,699.17,501.06,785.43,-1,cvat_interp
469,32,32,3,1.0,766.61,303.96,790.58,340.73,-1,cvat_interp
469,33,33,2,1.0,709.01,509.33,747.82,579.32,-1,cvat_interp
469,34,34,2,1.0,487.05,634.11,540.46,710.53,-1,cvat_interp
469,35,35,2,1.0,1317.13,970.24,1400.6,1080.0,-1,cvat_interp
470,0,0,2,1.0,912.4,876.18,991.3,979.9,-1,cvat_keyframe
470,10,10,2,1.0,1544.6,911.2,1636.4,1037.53,-1,cvat_keyframe
470,11,11,2,1.0,1653.75,659.92,1710.35,745.7,-1,cvat_keyframe
470,12,12,2,1.0,1747.9,393.24,1771.84,447.87,-1,cvat_keyframe
470,13,13,2,1.0,1668.7,706.58,1725.01,801.5,-1,cvat_keyframe
470,15,15,2,1.0,1246.38,913.6,1335.0,1043.2,-1,cvat_keyframe
470,16,16,2,1.0,1519.54,734.31,1574.04,834.29,-1,cvat_keyframe
470,18,18,2,1.0,1857.07,419.34,1882.48,474.38,-1,cvat_keyframe
470,21,21,3,1.0,1301.29,575.69,1336.09,651.33,-1,cvat_keyframe
470,24,24,0,1.0,894.28,922.23,911.31,936.5,-1,cvat_keyframe
470,25,25,2,1.0,1258.63,506.93,1298.96,572.93,-1,cvat_keyframe
470,26,26,2,1.0,941.69,686.7,999.77,780.31,-1,cvat_keyframe
470,27,27,2,1.0,976.65,373.96,998.9,431.0,-1,cvat_keyframe
470,28,28,2,1.0,986.62,541.0,1023.32,613.1,-1,cvat_keyframe
470,29,29,2,1.0,878.8,444.4,914.8,496.0,-1,cvat_keyframe
470,30,30,2,1.0,873.87,412.75,900.8,463.6,-1,cvat_keyframe
470,31,31,2,1.0,425.49,702.31,505.7,787.8,-1,cvat_keyframe
470,32,32,3,1.0,776.64,306.27,799.7,342.9,-1,cvat_keyframe
470,33,33,2,1.0,719.5,512.1,757.42,581.42,-1,cvat_keyframe
470,34,34,2,1.0,492.81,636.31,544.71,712.81,-1,cvat_keyframe
470,35,35,2,1.0,1317.97,970.24,1401.45,1080.0,-1,cvat_keyframe
471,0,0,2,1.0,912.32,877.99,991.88,983.18,-1,cvat_interp
471,10,10,2,1.0,1548.1,913.07,1638.17,1040.18,-1,cvat_interp
471,11,11,2,1.0,1659.16,662.41,1715.67,747.82,-1,cvat_interp
471,12,12,2,1.0,1756.43,395.91,1780.38,450.54,-1,cvat_interp
471,13,13,2,1.0,1674.25,709.95,1729.9,804.86,-1,cvat_interp
471,15,15,2,1.0,1246.54,916.43,1335.16,1046.03,-1,cvat_interp
471,16,16,2,1.0,1529.49,735.82,1583.99,835.79,-1,cvat_interp
471,18,18,2,1.0,1864.04,422.82,1889.07,477.86,-1,cvat_interp
471,21,21,3,1.0,1306.58,577.95,1342.72,653.23,-1,cvat_interp
471,24,24,0,1.0,874.09,914.4,891.12,928.67,-1,cvat_keyframe
471,25,25,2,1.0,1264.74,509.02,1305.06,575.02,-1,cvat_interp
471,26,26,2,1.0,944.83,688.21,1003.81,781.57,-1,cvat_interp
471,27,27,2,1.0,986.01,376.59,1008.26,433.17,-1,cvat_interp
471,28,28,2,1.0,993.28,542.79,1031.05,614.89,-1,cvat_interp
471,29,29,2,1.0,887.24,446.25,923.62,497.43,-1,cvat_interp
471,30,30,2,1.0,882.69,415.02,909.63,465.88,-1,cvat_interp
471,31,31,2,1.0,426.47,704.2,505.03,790.95,-1,cvat_interp
471,32,32,3,1.0,784.56,308.47,807.62,345.1,-1,cvat_interp
471,33,33,2,1.0,725.35,513.17,764.45,582.12,-1,cvat_interp
471,34,34,2,1.0,495.49,638.27,548.3,714.7,-1,cvat_interp
471,35,35,2,1.0,1323.01,970.47,1406.49,1080.0,-1,cvat_interp
472,0,0,2,1.0,912.24,879.8,992.45,986.45,-1,cvat_interp
472,10,10,2,1.0,1551.6,914.94,1639.94,1042.84,-1,cvat_interp
472,11,11,2,1.0,1664.58,664.91,1720.98,749.95,-1,cvat_interp
472,12,12,2,1.0,1764.96,398.57,1788.91,453.2,-1,cvat_interp
472,13,13,2,1.0,1679.8,713.31,1734.79,808.22,-1,cvat_interp
472,15,15,2,1.0,1246.7,919.27,1335.31,1048.87,-1,cvat_interp
472,16,16,2,1.0,1539.45,737.32,1593.95,837.3,-1,cvat_interp
472,18,18,2,1.0,1871.0,426.31,1895.67,481.34,-1,cvat_interp
472,21,21,3,1.0,1311.87,580.21,1349.34,655.12,-1,cvat_interp
472,24,24,0,1.0,831.32,901.26,848.35,915.52,-1,cvat_keyframe
472,25,25,2,1.0,1270.84,511.11,1311.16,577.11,-1,cvat_interp
472,26,26,2,1.0,947.96,689.73,1007.85,782.84,-1,cvat_interp
472,27,27,2,1.0,995.37,379.23,1017.62,435.34,-1,cvat_interp
472,28,28,2,1.0,999.94,544.59,1038.78,616.68,-1,cvat_interp
472,29,29,2,1.0,895.68,448.1,932.45,498.85,-1,cvat_interp
472,30,30,2,1.0,891.52,417.3,918.45,468.16,-1,cvat_interp
472,31,31,2,1.0,427.45,706.09,504.35,794.1,-1,cvat_interp
472,32,32,3,1.0,792.48,310.67,815.54,347.29,-1,cvat_interp
472,33,33,2,1.0,731.19,514.24,771.48,582.81,-1,cvat_interp
472,34,34,2,1.0,498.16,640.23,551.89,716.59,-1,cvat_interp
472,35,35,2,1.0,1328.05,970.71,1411.52,1080.0,-1,cvat_interp
473,0,0,2,1.0,912.16,881.61,993.03,989.73,-1,cvat_interp
473,10,10,2,1.0,1555.1,916.8,1641.71,1045.49,-1,cvat_interp
473,11,11,2,1.0,1669.99,667.4,1726.3,752.07,-1,cvat_interp
473,12,12,2,1.0,1773.5,401.24,1797.44,455.87,-1,cvat_interp
473,13,13,2,1.0,1685.35,716.67,1739.68,811.59,-1,cvat_interp
473,15,15,2,1.0,1246.86,922.1,1335.47,1051.7,-1,cvat_interp
473,16,16,2,1.0,1549.4,738.83,1603.9,838.8,-1,cvat_interp
473,18,18,2,1.0,1877.97,429.79,1902.27,484.83,-1,cvat_interp
473,21,21,3,1.0,1317.16,582.47,1355.97,657.01,-1,cvat_interp
473,24,24,0,1.0,790.98,892.04,808.01,906.3,-1,cvat_keyframe
473,25,25,2,1.0,1276.94,513.2,1317.27,579.2,-1,cvat_interp
473,26,26,2,1.0,951.1,691.25,1011.9,784.11,-1,cvat_interp
473,27,27,2,1.0,1004.74,381.86,1026.99,437.51,-1,cvat_interp
473,28,28,2,1.0,1006.6,546.38,1046.51,618.47,-1,cvat_interp
473,29,29,2,1.0,904.12,449.95,941.27,500.28,-1,cvat_interp
473,30,30,2,1.0,900.35,419.58,927.28,470.43,-1,cvat_interp
473,31,31,2,1.0,428.43,707.99,503.68,797.25,-1,cvat_interp
473,32,32,3,1.0,800.4,312.86,823.46,349.49,-1,cvat_interp
473,33,33,2,1.0,737.04,515.3,778.52,583.51,-1,cvat_interp
473,34,34,2,1.0,500.84,642.18,555.48,718.48,-1,cvat_interp
473,35,35,2,1.0,1333.08,970.94,1416.56,1080.0,-1,cvat_interp
474,0,0,2,1.0,912.08,883.42,993.6,993.0,-1,cvat_keyframe
474,10,10,2,1.0,1558.6,918.67,1643.48,1048.15,-1,cvat_interp
474,11,11,2,1.0,1675.4,669.89,1731.61,754.2,-1,cvat_keyframe
474,12,12,2,1.0,1782.03,403.91,1805.98,458.53,-1,cvat_interp
474,13,13,2,1.0,1690.9,720.03,1744.57,814.95,-1,cvat_keyframe
474,15,15,2,1.0,1247.01,924.93,1335.63,1054.53,-1,cvat_interp
474,16,16,2,1.0,1559.36,740.33,1613.86,840.31,-1,cvat_keyframe
474,18,18,2,1.0,1884.94,433.27,1908.87,488.31,-1,cvat_keyframe
474,21,21,3,1.0,1322.45,584.73,1362.6,658.9,-1,cvat_keyframe
474,24,24,0,1.0,772.68,884.52,789.71,898.78,-1,cvat_keyframe
474,25,25,2,1.0,1283.04,515.29,1323.37,581.29,-1,cvat_interp
474,26,26,2,1.0,954.23,692.77,1015.94,785.38,-1,cvat_interp
474,27,27,2,1.0,1014.1,384.5,1036.35,439.68,-1,cvat_interp
474,28,28,2,1.0,1013.25,548.18,1054.23,620.26,-1,cvat_interp
474,29,29,2,1.0,912.56,451.8,950.1,501.7,-1,cvat_keyframe
474,30,30,2,1.0,909.18,421.86,936.11,472.71,-1,cvat_interp
474,31,31,2,1.0,429.4,709.88,503.0,800.4,-1,cvat_keyframe
474,32,32,3,1.0,808.32,315.06,831.39,351.68,-1,cvat_keyframe
474,33,33,2,1.0,742.89,516.37,785.55,584.2,-1,cvat_keyframe
474,34,34,2,1.0,503.52,644.14,559.07,720.37,-1,cvat_interp
474,35,35,2,1.0,1338.12,971.18,1421.6,1080.0,-1,cvat_interp
475,0,0,2,1.0,911.91,886.31,991.03,996.63,-1,cvat_interp
475,10,10,2,1.0,1562.1,920.54,1645.25,1050.8,-1,cvat_keyframe
475,11,11,2,1.0,1683.62,672.39,1743.3,756.2,-1,cvat_keyframe
475,12,12,2,1.0,1790.56,406.57,1814.51,461.2,-1,cvat_interp
475,13,13,2,1.0,1696.25,721.39,1749.26,816.31,-1,cvat_interp
475,15,15,2,1.0,1247.17,927.77,1335.79,1057.37,-1,cvat_interp
475,16,16,2,1.0,1569.71,744.04,1624.21,844.01,-1,cvat_interp
475,18,18,2,1.0,1895.37,435.4,1919.55,490.44,-1,cvat_keyframe
475,21,21,3,1.0,1327.75,586.99,1371.7,658.6,-1,cvat_keyframe
475,24,24,0,1.0,737.81,875.13,754.85,889.4,-1,cvat_keyframe
475,25,25,2,1.0,1289.14,517.38,1329.47,583.38,-1,cvat_interp
475,26,26,2,1.0,957.37,694.28,1019.98,786.65,-1,cvat_interp
475,27,27,2,1.0,1023.46,387.13,1045.71,441.85,-1,cvat_interp
475,28,28,2,1.0,1019.91,549.97,1061.96,622.05,-1,cvat_interp
475,29,29,2,1.0,921.0,453.65,957.39,503.12,-1,cvat_interp
475,30,30,2,1.0,918.0,424.14,944.94,474.99,-1,cvat_interp
475,31,31,2,1.0,430.38,711.77,506.72,801.06,-1,cvat_interp
475,32,32,3,1.0,817.46,317.43,840.52,354.05,-1,cvat_interp
475,33,33,2,1.0,750.83,518.01,797.7,584.1,-1,cvat_keyframe
475,34,34,2,1.0,506.2,646.1,562.66,722.26,-1,cvat_interp
475,35,35,2,1.0,1343.16,971.42,1426.63,1080.0,-1,cvat_interp
476,0,0,2,1.0,911.74,889.21,988.45,1000.27,-1,cvat_interp
476,10,10,2,1.0,1565.6,922.41,1647.02,1052.26,-1,cvat_interp
476,11,11,2,1.0,1691.83,674.88,1747.34,759.09,-1,cvat_interp
476,12,12,2,1.0,1799.1,409.24,1823.04,463.86,-1,cvat_interp
476,13,13,2,1.0,1701.6,722.75,1753.95,817.67,-1,cvat_interp
476,15,15,2,1.0,1247.33,930.6,1335.94,1060.2,-1,cvat_interp
476,16,16,2,1.0,1580.07,747.74,1634.57,847.72,-1,cvat_interp
476,18,18,2,1.0,1907.8,439.06,1920.0,494.09,-1,cvat_keyframe
476,21,21,3,1.0,1333.04,589.26,1375.65,660.92,-1,cvat_interp
476,24,24,0,1.0,711.48,865.75,728.52,880.02,-1,cvat_interp
476,25,25,2,1.0,1295.25,519.47,1335.57,585.47,-1,cvat_interp
476,26,26,2,1.0,960.51,695.8,1024.03,787.92,-1,cvat_interp
476,27,27,2,1.0,1032.82,389.76,1055.07,444.02,-1,cvat_interp
476,28,28,2,1.0,1026.57,551.76,1069.69,623.84,-1,cvat_interp
476,29,29,2,1.0,929.44,455.51,964.67,504.53,-1,cvat_interp
476,30,30,2,1.0,926.83,426.41,953.76,477.27,-1,cvat_interp
476,31,31,2,1.0,431.36,713.67,510.44,801.72,-1,cvat_interp
476,32,32,3,1.0,826.59,319.79,849.65,356.42,-1,cvat_interp
476,33,33,2,1.0,758.76,519.65,806.22,585.64,-1,cvat_interp
476,34,34,2,1.0,508.87,648.06,566.24,724.15,-1,cvat_interp
476,35,35,2,1.0,1348.19,971.65,1431.67,1080.0,-1,cvat_interp
477,0,0,2,1.0,911.57,892.1,985.88,1003.9,-1,cvat_keyframe
477,10,10,2,1.0,1569.1,924.27,1648.79,1053.72,-1,cvat_interp
477,11,11,2,1.0,1700.05,677.37,1751.38,761.97,-1,cvat_interp
477,12,12,2,1.0,1807.63,411.9,1831.58,466.53,-1,cvat_interp
477,13,13,2,1.0,1706.95,724.11,1758.63,819.03,-1,cvat_interp
477,15,15,2,1.0,1247.49,933.43,1336.1,1063.03,-1,cvat_interp
477,16,16,2,1.0,1590.42,751.45,1644.92,851.43,-1,cvat_interp
477,18,18,2,1.0,1908.48,443.78,1920.0,498.81,-1,cvat_keyframe
477,21,21,3,1.0,1338.33,591.52,1379.61,663.24,-1,cvat_interp
477,24,24,0,1.0,685.15,856.37,702.19,870.63,-1,cvat_keyframe
477,25,25,2,1.0,1301.35,521.56,1341.67,587.56,-1,cvat_interp
477,26,26,2,1.0,963.64,697.32,1028.07,789.19,-1,cvat_interp
477,27,27,2,1.0,1042.18,392.4,1064.43,446.19,-1,cvat_interp
477,28,28,2,1.0,1033.22,553.56,1077.42,625.63,-1,cvat_interp
477,29,29,2,1.0,937.88,457.36,971.96,505.95,-1,cvat_interp
477,30,30,2,1.0,935.66,428.69,962.59,479.55,-1,cvat_interp
477,31,31,2,1.0,432.34,715.56,514.16,802.38,-1,cvat_interp
477,32,32,3,1.0,835.73,322.16,858.79,358.79,-1,cvat_interp
477,33,33,2,1.0,766.7,521.29,814.74,587.18,-1,cvat_interp
477,34,34,2,1.0,511.55,650.02,569.83,726.03,-1,cvat_interp
477,35,35,2,1.0,1353.23,971.89,1436.7,1080.0,-1,cvat_interp
478,0,0,2,1.0,911.58,892.83,983.49,1003.77,-1,cvat_interp
478,10,10,2,1.0,1572.6,926.14,1650.56,1055.18,-1,cvat_interp
478,11,11,2,1.0,1708.27,679.87,1755.42,764.86,-1,cvat_interp
478,12,12,2,1.0,1816.16,414.57,1840.11,469.19,-1,cvat_interp
478,13,13,2,1.0,1712.3,725.47,1763.32,820.39,-1,cvat_interp
478,15,15,2,1.0,1247.64,936.26,1336.26,1065.86,-1,cvat_interp
478,16,16,2,1.0,1600.78,755.16,1655.28,855.13,-1,cvat_interp
478,21,21,3,1.0,1343.62,593.78,1383.56,665.56,-1,cvat_interp
478,24,24,0,1.0,655.26,846.82,672.3,861.09,-1,cvat_interp
478,25,25,2,1.0,1307.45,523.65,1347.78,589.65,-1,cvat_interp
478,26,26,2,1.0,966.78,698.84,1032.11,790.46,-1,cvat_interp
478,27,27,2,1.0,1051.54,395.03,1073.79,448.37,-1,cvat_interp
478,28,28,2,1.0,1039.88,555.35,1085.14,627.42,-1,cvat_interp
478,29,29,2,1.0,946.32,459.21,979.24,507.37,-1,cvat_interp
478,30,30,2,1.0,944.48,430.97,971.42,481.82,-1,cvat_interp
478,31,31,2,1.0,433.32,717.46,517.88,803.04,-1,cvat_interp
478,32,32,3,1.0,844.86,324.53,867.92,361.16,-1,cvat_interp
478,33,33,2,1.0,774.64,522.92,823.26,588.72,-1,cvat_interp
478,34,34,2,1.0,514.23,651.98,573.42,727.92,-1,cvat_interp
478,35,35,2,1.0,1358.27,972.12,1441.74,1080.0,-1,cvat_interp
479,0,0,2,1.0,911.59,893.55,981.09,1003.63,-1,cvat_interp
479,10,10,2,1.0,1576.1,928.01,1652.33,1056.64,-1,cvat_interp
479,11,11,2,1.0,1716.48,682.36,1759.46,767.75,-1,cvat_interp
479,12,12,2,1.0,1824.7,417.23,1848.64,471.86,-1,cvat_interp
479,13,13,2,1.0,1717.65,726.83,1768.01,821.75,-1,cvat_interp
479,15,15,2,1.0,1247.8,939.1,1336.42,1068.7,-1,cvat_interp
479,16,16,2,1.0,1611.14,758.87,1665.64,858.84,-1,cvat_interp
479,21,21,3,1.0,1348.91,596.04,1387.52,667.88,-1,cvat_interp
479,24,24,0,1.0,625.38,837.27,642.41,851.54,-1,cvat_keyframe
479,25,25,2,1.0,1313.55,525.74,1353.88,591.74,-1,cvat_interp
479,26,26,2,1.0,969.92,700.35,1036.16,791.73,-1,cvat_interp
479,27,27,2,1.0,1060.9,397.67,1083.15,450.54,-1,cvat_interp
479,28,28,2,1.0,1046.54,557.14,1092.87,629.21,-1,cvat_interp
479,29,29,2,1.0,954.76,461.06,986.53,508.78,-1,cvat_interp
479,30,30,2,1.0,953.31,433.25,980.24,484.1,-1,cvat_interp
479,31,31,2,1.0,434.3,719.35,521.6,803.7,-1,cvat_keyframe
479,32,32,3,1.0,853.99,326.9,877.06,363.53,-1,cvat_interp
479,33,33,2,1.0,782.58,524.56,831.78,590.26,-1,cvat_interp
479,34,34,2,1.0,516.9,653.94,577.01,729.81,-1,cvat_interp
479,35,35,2,1.0,1363.3,972.36,1446.78,1080.0,-1,cvat_interp
480,0,0,2,1.0,911.6,894.28,978.7,1003.5,-1,cvat_keyframe
480,10,10,2,1.0,1579.6,929.88,1654.1,1058.1,-1,cvat_keyframe
480,11,11,2,1.0,1724.7,684.85,1763.5,770.63,-1,cvat_keyframe
480,12,12,2,1.0,1833.23,419.9,1857.17,474.53,-1,cvat_keyframe
480,13,13,2,1.0,1723.0,728.19,1772.7,823.11,-1,cvat_keyframe
480,15,15,2,1.0,1247.96,941.93,1336.57,1071.53,-1,cvat_keyframe
480,16,16,2,1.0,1621.49,762.57,1675.99,862.55,-1,cvat_keyframe
480,21,21,3,1.0,1354.2,598.3,1391.47,670.2,-1,cvat_keyframe
480,24,24,0,1.0,612.22,833.44,629.26,847.7,-1,cvat_keyframe
480,25,25,2,1.0,1319.65,527.83,1359.98,593.83,-1,cvat_keyframe
480,26,26,2,1.0,973.05,701.87,1040.2,793.0,-1,cvat_keyframe
480,27,27,2,1.0,1070.26,400.3,1092.51,452.71,-1,cvat_keyframe
480,28,28,2,1.0,1053.19,558.94,1100.6,631.0,-1,cvat_keyframe
480,29,29,2,1.0,963.2,462.91,993.82,510.2,-1,cvat_keyframe
480,30,30,2,1.0,962.14,435.53,989.07,486.38,-1,cvat_keyframe
480,31,31,2,1.0,435.28,721.24,520.7,806.7,-1,cvat_keyframe
480,32,32,3,1.0,863.13,329.27,886.19,365.9,-1,cvat_keyframe
480,33,33,2,1.0,790.52,526.2,840.3,591.8,-1,cvat_keyframe
480,34,34,2,1.0,519.58,655.89,580.6,731.7,-1,cvat_keyframe
480,35,35,2,1.0,1368.34,972.6,1451.81,1080.0,-1,cvat_keyframe
481,0,0,2,1.0,910.33,894.42,984.0,1003.9,-1,cvat_interp
481,10,10,2,1.0,1582.59,931.06,1654.19,1059.28,-1,cvat_interp
481,11,11,2,1.0,1729.03,686.02,1768.64,771.75,-1,cvat_interp
481,12,12,2,1.0,1841.71,422.62,1864.75,477.25,-1,cvat_interp
481,13,13,2,1.0,1730.19,729.98,1779.55,824.9,-1,cvat_interp
481,15,15,2,1.0,1250.17,942.46,1337.64,1072.07,-1,cvat_interp
481,16,16,2,1.0,1633.68,764.07,1688.18,864.05,-1,cvat_interp
481,21,21,3,1.0,1358.63,600.26,1400.69,672.3,-1,cvat_interp
481,24,24,0,1.0,585.47,826.13,602.5,839.69,-1,cvat_keyframe
481,25,25,2,1.0,1326.15,529.81,1366.47,595.82,-1,cvat_interp
481,26,26,2,1.0,975.4,702.81,1042.55,793.94,-1,cvat_interp
481,27,27,2,1.0,1080.52,402.48,1103.51,454.4,-1,cvat_interp
481,28,28,2,1.0,1059.9,562.57,1107.6,634.65,-1,cvat_interp
481,29,29,2,1.0,969.7,464.84,1003.16,513.15,-1,cvat_interp
481,30,30,2,1.0,969.77,437.41,998.26,487.86,-1,cvat_interp
481,31,31,2,1.0,450.6,722.09,514.7,813.4,-1,cvat_keyframe
481,32,32,3,1.0,873.02,331.05,896.09,367.68,-1,cvat_interp
481,33,33,2,1.0,796.73,529.65,846.87,595.12,-1,cvat_interp
481,34,34,2,1.0,520.85,659.77,581.07,735.58,-1,cvat_keyframe
481,35,35,2,1.0,1376.36,971.6,1456.27,1079.75,-1,cvat_interp
482,0,0,2,1.0,909.06,894.56,989.3,1004.3,-1,cvat_keyframe
482,10,10,2,1.0,1585.58,932.23,1654.28,1060.46,-1,cvat_interp
482,11,11,2,1.0,1733.37,687.18,1773.78,772.87,-1,cvat_interp
482,12,12,2,1.0,1850.2,425.34,1872.33,479.97,-1,cvat_keyframe
482,13,13,2,1.0,1737.38,731.77,1786.4,826.7,-1,cvat_keyframe
482,15,15,2,1.0,1252.39,942.99,1338.7,1072.6,-1,cvat_interp
482,16,16,2,1.0,1645.86,765.58,1700.36,865.55,-1,cvat_keyframe
482,21,21,3,1.0,1363.05,602.22,1409.9,674.4,-1,cvat_keyframe
482,24,24,0,1.0,558.96,818.94,576.0,832.59,-1,cvat_keyframe
482,25,25,2,1.0,1332.64,531.8,1372.97,597.8,-1,cvat_keyframe
482,26,26,2,1.0,977.75,703.75,1044.9,794.88,-1,cvat_interp
482,27,27,2,1.0,1090.78,404.66,1114.5,456.1,-1,cvat_keyframe
482,28,28,2,1.0,1066.6,566.2,1114.6,638.3,-1,cvat_keyframe
482,29,29,2,1.0,976.2,466.76,1012.5,516.1,-1,cvat_keyframe
482,30,30,2,1.0,977.41,439.29,1007.44,489.35,-1,cvat_interp
482,31,31,2,1.0,446.8,722.93,505.6,813.6,-1,cvat_keyframe
482,32,32,3,1.0,882.92,332.83,905.98,369.46,-1,cvat_keyframe
482,33,33,2,1.0,802.94,533.1,853.44,598.44,-1,cvat_keyframe
482,34,34,2,1.0,522.12,660.75,582.48,736.82,-1,cvat_interp
482,35,35,2,1.0,1384.39,970.6,1460.73,1079.5,-1,cvat_interp
483,0,0,2,1.0,907.79,894.7,986.39,1004.38,-1,cvat_interp
483,10,10,2,1.0,1588.57,933.41,1654.37,1061.64,-1,cvat_interp
483,11,11,2,1.0,1737.7,688.34,1778.92,773.98,-1,cvat_interp
483,12,12,2,1.0,1859.24,428.11,1880.89,483.14,-1,cvat_interp
483,13,13,2,1.0,1744.57,733.56,1791.56,828.49,-1,cvat_interp
483,15,15,2,1.0,1254.6,943.53,1339.77,1073.14,-1,cvat_interp
483,16,16,2,1.0,1655.11,767.32,1709.6,867.3,-1,cvat_interp
483,21,21,3,1.0,1367.48,604.19,1415.9,676.57,-1,cvat_interp
483,24,24,0,1.0,540.95,814.47,557.99,828.2,-1,cvat_interp
483,25,25,2,1.0,1337.61,534.19,1377.94,600.2,-1,cvat_interp
483,26,26,2,1.0,980.11,704.69,1047.25,795.82,-1,cvat_interp
483,27,27,2,1.0,1098.56,406.84,1122.1,457.81,-1,cvat_interp
483,28,28,2,1.0,1071.66,567.41,1119.58,639.5,-1,cvat_interp
483,29,29,2,1.0,984.19,468.76,1019.78,517.84,-1,cvat_interp
483,30,30,2,1.0,985.05,441.17,1016.63,490.83,-1,cvat_interp
483,31,31,2,1.0,444.4,723.78,509.95,813.4,-1,cvat_interp
483,32,32,3,1.0,890.11,334.75,913.17,371.38,-1,cvat_interp
483,33,33,2,1.0,809.15,533.58,860.01,598.78,-1,cvat_interp
483,34,34,2,1.0,523.39,661.73,583.89,738.06,-1,cvat_interp
483,35,35,2,1.0,1392.42,969.6,1465.19,1079.25,-1,cvat_interp
484,0,0,2,1.0,906.52,894.84,983.48,1004.45,-1,cvat_interp
484,10,10,2,1.0,1591.56,934.59,1654.46,1062.81,-1,cvat_interp
484,11,11,2,1.0,1742.04,689.5,1784.06,775.1,-1,cvat_interp
484,12,12,2,1.0,1868.27,430.88,1889.44,486.32,-1,cvat_interp
484,13,13,2,1.0,1751.76,735.34,1796.73,830.27,-1,cvat_interp
484,15,15,2,1.0,1256.81,944.06,1340.83,1073.68,-1,cvat_interp
484,16,16,2,1.0,1664.35,769.07,1718.85,869.04,-1,cvat_interp
484,21,21,3,1.0,1371.9,606.15,1421.9,678.73,-1,cvat_interp
484,24,24,0,1.0,522.95,810.0,539.98,823.8,-1,cvat_keyframe
484,25,25,2,1.0,1342.58,536.59,1382.9,602.59,-1,cvat_interp
484,26,26,2,1.0,982.46,705.63,1049.61,796.76,-1,cvat_interp
484,27,27,2,1.0,1106.34,409.02,1129.7,459.53,-1,cvat_interp
484,28,28,2,1.0,1076.72,568.62,1124.57,640.71,-1,cvat_interp
484,29,29,2,1.0,992.18,470.76,1027.05,519.59,-1,cvat_interp
484,30,30,2,1.0,992.68,443.06,1025.81,492.32,-1,cvat_interp
484,31,31,2,1.0,442.0,724.63,514.3,813.2,-1,cvat_keyframe
484,32,32,3,1.0,897.3,336.68,920.37,373.3,-1,cvat_interp
484,33,33,2,1.0,815.37,534.06,866.58,599.13,-1,cvat_interp
484,34,34,2,1.0,524.66,662.71,585.3,739.3,-1,cvat_keyframe
484,35,35,2,1.0,1400.44,968.6,1469.65,1079.0,-1,cvat_interp
485,0,0,2,1.0,905.25,894.98,980.56,1004.53,-1,cvat_interp
485,10,10,2,1.0,1594.55,935.77,1654.55,1063.99,-1,cvat_interp
485,11,11,2,1.0,1746.37,690.66,1789.2,776.22,-1,cvat_interp
485,12,12,2,1.0,1877.31,433.65,1898.0,489.5,-1,cvat_keyframe
485,13,13,2,1.0,1758.95,737.13,1801.89,832.06,-1,cvat_interp
485,15,15,2,1.0,1259.03,944.59,1341.89,1074.22,-1,cvat_interp
485,16,16,2,1.0,1673.59,770.82,1728.09,870.79,-1,cvat_interp
485,21,21,3,1.0,1376.33,608.11,1427.9,680.9,-1,cvat_keyframe
485,24,24,0,1.0,503.42,802.55,520.45,816.43,-1,cvat_keyframe
485,25,25,2,1.0,1347.54,538.98,1387.87,604.99,-1,cvat_keyframe
485,26,26,2,1.0,984.81,706.57,1051.96,797.7,-1,cvat_interp
485,27,27,2,1.0,1114.12,411.2,1137.29,461.24,-1,cvat_interp
485,28,28,2,1.0,1081.77,569.83,1129.55,641.91,-1,cvat_interp
485,29,29,2,1.0,1000.16,472.76,1034.33,521.33,-1,cvat_keyframe
485,30,30,2,1.0,1000.32,444.94,1035.0,493.8,-1,cvat_keyframe
485,31,31,2,1.0,442.53,725.47,522.2,815.9,-1,cvat_keyframe
485,32,32,3,1.0,904.49,338.6,927.56,375.23,-1,cvat_interp
485,33,33,2,1.0,821.58,534.54,873.15,599.47,-1,cvat_interp
485,34,34,2,1.0,529.49,663.29,593.2,737.8,-1,cvat_keyframe
485,35,35,2,1.0,1408.47,967.6,1474.11,1078.75,-1,cvat_interp
485,36,36,1,1.0,0.0,510.78,15.72,555.84,-1,cvat_keyframe
486,0,0,2,1.0,903.98,895.12,977.65,1004.61,-1,cvat_interp
486,10,10,2,1.0,1597.54,936.95,1654.64,1065.17,-1,cvat_interp
486,11,11,2,1.0,1750.71,691.82,1794.34,777.33,-1,cvat_interp
486,12,12,2,1.0,1884.03,436.07,1903.5,491.61,-1,cvat_interp
486,13,13,2,1.0,1766.14,738.92,1807.05,833.84,-1,cvat_interp
486,15,15,2,1.0,1261.24,945.12,1342.96,1074.75,-1,cvat_interp
486,16,16,2,1.0,1682.83,772.56,1737.33,872.54,-1,cvat_interp
486,21,21,3,1.0,1380.75,610.07,1429.47,682.68,-1,cvat_interp
486,24,24,0,1.0,487.69,798.83,504.72,812.79,-1,cvat_interp
486,25,25,2,1.0,1352.51,539.91,1392.83,605.91,-1,cvat_interp
486,26,26,2,1.0,987.16,707.51,1054.31,798.64,-1,cvat_interp
486,27,27,2,1.0,1121.9,413.38,1144.89,462.96,-1,cvat_interp
486,28,28,2,1.0,1086.83,571.03,1134.54,643.12,-1,cvat_interp
486,29,29,2,1.0,1005.78,474.65,1039.23,522.96,-1,cvat_interp
486,30,30,2,1.0,1007.95,446.82,1041.09,496.08,-1,cvat_interp
486,31,31,2,1.0,443.07,726.32,518.7,815.57,-1,cvat_interp
486,32,32,3,1.0,911.69,340.52,934.75,377.15,-1,cvat_interp
486,33,33,2,1.0,827.79,535.01,879.72,599.82,-1,cvat_interp
486,34,34,2,1.0,530.05,664.35,591.62,739.12,-1,cvat_interp
486,35,35,2,1.0,1416.5,966.6,1478.57,1078.5,-1,cvat_interp
486,36,36,1,1.0,3.8,509.39,24.28,556.99,-1,cvat_interp
487,0,0,2,1.0,902.71,895.26,974.74,1004.68,-1,cvat_interp
487,10,10,2,1.0,1600.53,938.13,1654.73,1066.35,-1,cvat_interp
487,11,11,2,1.0,1755.04,692.99,1799.48,778.45,-1,cvat_interp
487,12,12,2,1.0,1890.75,438.48,1909.0,493.72,-1,cvat_interp
487,13,13,2,1.0,1773.33,740.71,1812.21,835.63,-1,cvat_interp
487,15,15,2,1.0,1263.46,945.65,1344.02,1075.29,-1,cvat_interp
487,16,16,2,1.0,1692.07,774.31,1746.57,874.29,-1,cvat_interp
487,21,21,3,1.0,1385.18,612.04,1431.03,684.47,-1,cvat_interp
487,24,24,0,1.0,471.97,795.11,489.0,809.14,-1,cvat_interp
487,25,25,2,1.0,1357.47,540.83,1397.8,606.84,-1,cvat_interp
487,26,26,2,1.0,989.51,708.45,1056.66,799.58,-1,cvat_interp
487,27,27,2,1.0,1129.69,415.56,1152.49,464.67,-1,cvat_interp
487,28,28,2,1.0,1091.89,572.24,1139.52,644.32,-1,cvat_interp
487,29,29,2,1.0,1011.39,476.53,1044.13,524.59,-1,cvat_interp
487,30,30,2,1.0,1015.59,448.71,1047.17,498.36,-1,cvat_interp
487,31,31,2,1.0,443.6,727.17,515.2,815.23,-1,cvat_interp
487,32,32,3,1.0,918.88,342.45,941.94,379.07,-1,cvat_interp
487,33,33,2,1.0,834.0,535.49,886.29,600.16,-1,cvat_interp
487,34,34,2,1.0,530.6,665.41,590.04,740.44,-1,cvat_interp
487,35,35,2,1.0,1424.52,965.6,1483.02,1078.25,-1,cvat_interp
487,36,36,1,1.0,7.6,507.99,32.84,558.15,-1,cvat_interp
488,0,0,2,1.0,901.44,895.4,971.83,1004.76,-1,cvat_interp
488,10,10,2,1.0,1603.52,939.31,1654.82,1067.53,-1,cvat_interp
488,11,11,2,1.0,1759.37,694.15,1804.62,779.57,-1,cvat_interp
488,12,12,2,1.0,1897.47,440.89,1914.5,495.83,-1,cvat_interp
488,13,13,2,1.0,1780.52,742.49,1817.38,837.41,-1,cvat_interp
488,15,15,2,1.0,1265.67,946.19,1345.09,1075.83,-1,cvat_interp
488,16,16,2,1.0,1701.31,776.06,1755.81,876.03,-1,cvat_interp
488,21,21,3,1.0,1389.6,614.0,1432.6,686.25,-1,cvat_interp
488,24,24,0,1.0,456.24,791.39,473.27,805.5,-1,cvat_keyframe
488,25,25,2,1.0,1362.44,541.75,1402.76,607.76,-1,cvat_interp
488,26,26,2,1.0,991.86,709.39,1059.01,800.52,-1,cvat_interp
488,27,27,2,1.0,1137.47,417.74,1160.09,466.39,-1,cvat_interp
488,28,28,2,1.0,1096.95,573.45,1144.5,645.52,-1,cvat_interp
488,29,29,2,1.0,1017.0,478.41,1049.03,526.21,-1,cvat_interp
488,30,30,2,1.0,1023.22,450.59,1053.26,500.65,-1,cvat_interp
488,31,31,2,1.0,444.13,728.01,511.7,814.9,-1,cvat_keyframe
488,32,32,3,1.0,926.07,344.37,949.13,381.0,-1,cvat_interp
488,33,33,2,1.0,840.21,535.97,892.86,600.51,-1,cvat_interp
488,34,34,2,1.0,531.16,666.47,588.46,741.76,-1,cvat_interp
488,35,35,2,1.0,1432.55,964.6,1487.48,1078.0,-1,cvat_interp
488,36,36,1,1.0,11.4,506.6,41.4,559.3,-1,cvat_keyframe
489,0,0,2,1.0,900.17,895.55,968.91,1004.83,-1,cvat_interp
489,10,10,2,1.0,1606.51,940.48,1654.91,1068.71,-1,cvat_interp
489,11,11,2,1.0,1763.71,695.31,1809.76,780.68,-1,cvat_interp
489,12,12,2,1.0,1904.19,443.31,1920.0,497.93,-1,cvat_keyframe
489,13,13,2,1.0,1787.71,744.28,1822.54,839.2,-1,cvat_interp
489,15,15,2,1.0,1267.89,946.72,1346.15,1076.36,-1,cvat_interp
489,16,16,2,1.0,1710.56,777.81,1765.06,877.78,-1,cvat_interp
489,21,21,3,1.0,1394.03,615.96,1434.16,688.04,-1,cvat_interp
489,24,24,0,1.0,446.06,788.9,463.09,803.09,-1,cvat_interp
489,25,25,2,1.0,1367.41,542.68,1407.73,608.68,-1,cvat_interp
489,26,26,2,1.0,994.21,710.33,1061.36,801.46,-1,cvat_interp
489,27,27,2,1.0,1145.25,419.92,1167.69,468.1,-1,cvat_interp
489,28,28,2,1.0,1102.01,574.66,1149.49,646.73,-1,cvat_interp
489,29,29,2,1.0,1022.61,480.29,1053.93,527.84,-1,cvat_interp
489,30,30,2,1.0,1030.86,452.47,1059.34,502.93,-1,cvat_interp
489,31,31,2,1.0,444.67,728.86,505.85,815.03,-1,cvat_interp
489,32,32,3,1.0,933.26,346.3,956.32,382.92,-1,cvat_interp
489,33,33,2,1.0,846.42,536.45,899.43,600.85,-1,cvat_interp
489,34,34,2,1.0,531.72,667.53,586.88,743.08,-1,cvat_interp
489,35,35,2,1.0,1440.57,963.6,1491.94,1077.75,-1,cvat_interp
489,36,36,1,1.0,17.0,507.17,52.0,559.85,-1,cvat_keyframe
490,0,0,2,1.0,898.9,895.69,966.0,1004.91,-1,cvat_keyframe
490,10,10,2,1.0,1609.5,941.66,1655.0,1069.89,-1,cvat_keyframe
490,11,11,2,1.0,1768.04,696.47,1814.9,781.8,-1,cvat_keyframe
490,13,13,2,1.0,1794.9,746.07,1827.7,840.98,-1,cvat_keyframe
490,15,15,2,1.0,1270.1,947.25,1347.21,1076.9,-1,cvat_keyframe
490,16,16,2,1.0,1719.8,779.55,1774.3,879.53,-1,cvat_keyframe
490,21,21,3,1.0,1398.45,617.92,1435.73,689.82,-1,cvat_keyframe
490,24,24,0,1.0,435.88,786.41,452.91,800.68,-1,cvat_keyframe
490,25,25,2,1.0,1372.37,543.6,1412.7,609.61,-1,cvat_keyframe
490,26,26,2,1.0,996.56,711.27,1063.71,802.4,-1,cvat_keyframe
490,27,27,2,1.0,1153.03,422.1,1175.28,469.82,-1,cvat_keyframe
490,28,28,2,1.0,1107.07,575.87,1154.47,647.93,-1,cvat_keyframe
490,29,29,2,1.0,1028.22,482.17,1058.84,529.47,-1,cvat_keyframe
490,30,30,2,1.0,1038.49,454.35,1065.43,505.21,-1,cvat_keyframe
490,31,31,2,1.0,445.2,729.71,500.0,815.16,-1,cvat_keyframe
490,32,32,3,1.0,940.45,348.22,963.51,384.84,-1,cvat_keyframe
490,33,33,2,1.0,852.63,536.92,906.0,601.2,-1,cvat_keyframe
490,34,34,2,1.0,532.28,668.59,585.3,744.4,-1,cvat_keyframe
490,35,35,2,1.0,1448.6,962.6,1496.4,1077.5,-1,cvat_keyframe
490,36,36,1,1.0,29.72,507.74,62.6,560.4,-1,cvat_keyframe
491,0,0,2,1.0,898.11,895.07,965.21,1004.3,-1,cvat_interp
491,10,10,2,1.0,1609.5,942.71,1661.7,1069.89,-1,cvat_interp
491,11,11,2,1.0,1771.68,698.0,1818.54,783.33,-1,cvat_interp
491,13,13,2,1.0,1798.98,748.89,1834.26,842.67,-1,cvat_interp
491,15,15,2,1.0,1273.04,948.72,1351.83,1077.52,-1,cvat_interp
491,16,16,2,1.0,1728.21,781.61,1782.71,881.59,-1,cvat_interp
491,21,21,3,1.0,1400.85,619.37,1442.08,691.08,-1,cvat_interp
491,24,24,0,1.0,427.08,784.8,444.11,799.06,-1,cvat_interp
491,25,25,2,1.0,1378.98,545.49,1416.98,610.69,-1,cvat_interp
491,26,26,2,1.0,998.45,711.21,1065.6,802.34,-1,cvat_interp
491,27,27,2,1.0,1160.83,423.93,1184.34,471.57,-1,cvat_interp
491,28,28,2,1.0,1110.57,577.08,1157.98,649.15,-1,cvat_interp
491,29,29,2,1.0,1033.99,483.84,1066.33,530.63,-1,cvat_interp
491,30,30,2,1.0,1045.31,455.14,1072.9,505.93,-1,cvat_interp
491,31,31,2,1.0,445.66,728.55,503.0,813.17,-1,cvat_interp
491,32,32,3,1.0,947.83,349.46,970.9,386.09,-1,cvat_interp
491,33,33,2,1.0,859.31,537.82,910.48,602.1,-1,cvat_interp
491,34,34,2,1.0,533.33,667.97,587.34,743.73,-1,cvat_interp
491,35,35,2,1.0,1453.27,960.4,1502.06,1076.66,-1,cvat_interp
491,36,36,1,1.0,41.25,507.88,76.12,560.26,-1,cvat_interp
492,0,0,2,1.0,897.32,894.46,964.42,1003.68,-1,cvat_interp
492,10,10,2,1.0,1609.5,943.76,1668.4,1069.89,-1,cvat_interp
492,11,11,2,1.0,1775.32,699.54,1822.18,784.87,-1,cvat_interp
492,13,13,2,1.0,1803.06,751.72,1840.82,844.35,-1,cvat_interp
492,15,15,2,1.0,1275.97,950.19,1356.45,1078.14,-1,cvat_interp
492,16,16,2,1.0,1736.62,783.67,1791.12,883.65,-1,cvat_interp
492,21,21,3,1.0,1403.24,620.82,1448.44,692.33,-1,cvat_interp
492,24,24,0,1.0,418.27,783.18,435.31,797.45,-1,cvat_interp
492,25,25,2,1.0,1385.58,547.38,1421.26,611.76,-1,cvat_interp
492,26,26,2,1.0,1000.34,711.15,1067.49,802.28,-1,cvat_interp
492,27,27,2,1.0,1168.63,425.75,1193.39,473.31,-1,cvat_interp
492,28,28,2,1.0,1114.08,578.3,1161.49,650.36,-1,cvat_interp
492,29,29,2,1.0,1039.76,485.51,1073.82,531.8,-1,cvat_interp
492,30,30,2,1.0,1052.12,455.92,1080.38,506.65,-1,cvat_interp
492,31,31,2,1.0,446.12,727.4,506.0,811.18,-1,cvat_interp
492,32,32,3,1.0,955.22,350.7,978.28,387.33,-1,cvat_interp
492,33,33,2,1.0,865.98,538.72,914.96,602.99,-1,cvat_interp
492,34,34,2,1.0,534.38,667.34,589.37,743.05,-1,cvat_interp
492,35,35,2,1.0,1457.94,958.2,1507.72,1075.82,-1,cvat_interp
492,36,36,1,1.0,52.78,508.01,89.64,560.12,-1,cvat_interp
493,0,0,2,1.0,896.53,893.84,963.63,1003.06,-1,cvat_interp
493,10,10,2,1.0,1609.5,944.8,1675.1,1069.89,-1,cvat_interp
493,11,11,2,1.0,1778.96,701.07,1825.82,786.4,-1,cvat_interp
493,13,13,2,1.0,1807.14,754.55,1847.38,846.03,-1,cvat_interp
493,15,15,2,1.0,1278.91,951.66,1361.07,1078.76,-1,cvat_interp
493,16,16,2,1.0,1745.03,785.73,1799.53,885.71,-1,cvat_interp
493,21,21,3,1.0,1405.63,622.27,1454.79,693.59,-1,cvat_interp
493,24,24,0,1.0,409.47,781.57,426.5,795.84,-1,cvat_interp
493,25,25,2,1.0,1392.19,549.27,1425.54,612.84,-1,cvat_interp
493,26,26,2,1.0,1002.23,711.09,1069.38,802.22,-1,cvat_interp
493,27,27,2,1.0,1176.43,427.58,1202.44,475.06,-1,cvat_interp
493,28,28,2,1.0,1117.59,579.51,1165.0,651.58,-1,cvat_interp
493,29,29,2,1.0,1045.53,487.18,1081.31,532.97,-1,cvat_interp
493,30,30,2,1.0,1058.94,456.7,1087.85,507.36,-1,cvat_interp
493,31,31,2,1.0,446.58,726.25,509.0,809.19,-1,cvat_interp
493,32,32,3,1.0,962.6,351.94,985.66,388.57,-1,cvat_interp
493,33,33,2,1.0,872.65,539.62,919.44,603.89,-1,cvat_interp
493,34,34,2,1.0,535.44,666.72,591.41,742.38,-1,cvat_interp
493,35,35,2,1.0,1462.61,956.0,1513.38,1074.98,-1,cvat_interp
493,36,36,1,1.0,64.31,508.14,103.16,559.98,-1,cvat_interp
494,0,0,2,1.0,895.74,893.22,962.84,1002.45,-1,cvat_interp
494,10,10,2,1.0,1609.5,945.85,1681.8,1069.89,-1,cvat_interp
494,11,11,2,1.0,1782.61,702.6,1829.46,787.93,-1,cvat_interp
494,13,13,2,1.0,1811.22,757.37,1853.94,847.72,-1,cvat_interp
494,15,15,2,1.0,1281.85,953.12,1365.68,1079.38,-1,cvat_interp
494,16,16,2,1.0,1753.44,787.79,1807.94,887.77,-1,cvat_interp
494,21,21,3,1.0,1408.02,623.72,1461.15,694.84,-1,cvat_interp
494,24,24,0,1.0,400.67,779.96,417.7,794.22,-1,cvat_interp
494,25,25,2,1.0,1398.79,551.16,1429.82,613.92,-1,cvat_interp
494,26,26,2,1.0,1004.12,711.02,1071.27,802.15,-1,cvat_interp
494,27,27,2,1.0,1184.23,429.41,1211.5,476.81,-1,cvat_interp
494,28,28,2,1.0,1121.1,580.73,1168.51,652.79,-1,cvat_interp
494,29,29,2,1.0,1051.3,488.84,1088.81,534.13,-1,cvat_interp
494,30,30,2,1.0,1065.75,457.49,1095.33,508.08,-1,cvat_interp
494,31,31,2,1.0,447.04,725.1,512.0,807.19,-1,cvat_interp
494,32,32,3,1.0,969.98,353.18,993.05,389.81,-1,cvat_interp
494,33,33,2,1.0,879.33,540.51,923.92,604.79,-1,cvat_interp
494,34,34,2,1.0,536.49,666.1,593.45,741.7,-1,cvat_interp
494,35,35,2,1.0,1467.28,953.8,1519.04,1074.14,-1,cvat_interp
494,36,36,1,1.0,75.83,508.28,116.68,559.84,-1,cvat_interp
495,0,0,2,1.0,894.94,892.61,962.04,1001.83,-1,cvat_interp
495,10,10,2,1.0,1609.5,946.9,1688.5,1069.89,-1,cvat_keyframe
495,11,11,2,1.0,1786.25,704.14,1833.1,789.46,-1,cvat_keyframe
495,13,13,2,1.0,1815.3,760.2,1860.5,849.4,-1,cvat_keyframe
495,15,15,2,1.0,1284.78,954.59,1370.3,1080.0,-1,cvat_keyframe
495,16,16,2,1.0,1761.85,789.85,1816.35,889.83,-1,cvat_keyframe
495,21,21,3,1.0,1410.42,625.17,1467.5,696.1,-1,cvat_keyframe
495,24,24,0,1.0,391.87,778.34,408.9,792.61,-1,cvat_keyframe
495,25,25,2,1.0,1405.4,553.05,1434.1,615.0,-1,cvat_keyframe
495,26,26,2,1.0,1006.01,710.96,1073.16,802.09,-1,cvat_keyframe
495,27,27,2,1.0,1192.02,431.23,1220.55,478.56,-1,cvat_keyframe
495,28,28,2,1.0,1124.61,581.94,1172.02,654.0,-1,cvat_keyframe
495,29,29,2,1.0,1057.07,490.51,1096.3,535.3,-1,cvat_keyframe
495,30,30,2,1.0,1072.56,458.27,1102.8,508.8,-1,cvat_keyframe
495,31,31,2,1.0,447.5,723.95,515.0,805.2,-1,cvat_keyframe
495,32,32,3,1.0,977.37,354.43,1000.43,391.05,-1,cvat_keyframe
495,33,33,2,1.0,886.0,541.41,928.4,605.69,-1,cvat_keyframe
495,34,34,2,1.0,537.54,665.47,595.49,741.03,-1,cvat_interp
495,35,35,2,1.0,1471.95,951.6,1524.7,1073.3,-1,cvat_keyframe
495,36,36,1,1.0,87.36,508.41,130.2,559.7,-1,cvat_keyframe
496,0,0,2,1.0,894.15,891.99,961.25,1001.22,-1,cvat_interp
496,10,10,2,1.0,1614.1,947.17,1693.1,1070.16,-1,cvat_interp
496,11,11,2,1.0,1789.53,705.08,1839.74,789.88,-1,cvat_interp
496,13,13,2,1.0,1823.41,762.36,1868.61,851.56,-1,cvat_interp
496,15,15,2,1.0,1290.33,954.32,1370.02,1079.73,-1,cvat_interp
496,16,16,2,1.0,1774.56,791.47,1827.44,891.45,-1,cvat_interp
496,21,21,3,1.0,1413.02,626.8,1470.1,697.74,-1,cvat_interp
496,24,24,0,1.0,386.17,777.36,403.2,791.63,-1,cvat_interp
496,25,25,2,1.0,1410.89,553.92,1441.52,615.86,-1,cvat_interp
496,26,26,2,1.0,1008.3,710.43,1076.74,800.59,-1,cvat_interp
496,27,27,2,1.0,1201.16,432.73,1229.68,480.06,-1,cvat_interp
496,28,28,2,1.0,1130.77,582.82,1178.85,654.88,-1,cvat_interp
496,29,29,2,1.0,1064.4,492.01,1102.69,536.8,-1,cvat_interp
496,30,30,2,1.0,1079.14,460.43,1109.38,510.96,-1,cvat_interp
496,31,31,2,1.0,448.61,722.63,511.0,805.6,-1,cvat_interp
496,32,32,3,1.0,985.51,355.74,1008.58,392.37,-1,cvat_interp
496,33,33,2,1.0,891.98,541.7,936.4,605.89,-1,cvat_interp
496,34,34,2,1.0,538.59,664.85,597.52,740.35,-1,cvat_interp
496,35,35,2,1.0,1477.49,950.11,1530.24,1071.81,-1,cvat_interp
496,36,36,1,1.0,99.34,510.05,142.11,560.23,-1,cvat_interp
497,0,0,2,1.0,893.36,891.38,960.46,1000.6,-1,cvat_interp
497,10,10,2,1.0,1618.69,947.44,1697.69,1070.43,-1,cvat_interp
497,11,11,2,1.0,1792.82,706.03,1846.37,790.29,-1,cvat_interp
497,13,13,2,1.0,1831.53,764.53,1876.73,853.73,-1,cvat_interp
497,15,15,2,1.0,1295.87,954.05,1369.74,1079.46,-1,cvat_interp
497,16,16,2,1.0,1787.27,793.1,1838.53,893.07,-1,cvat_interp
497,21,21,3,1.0,1415.62,628.44,1472.7,699.38,-1,cvat_interp
497,24,24,0,1.0,380.48,776.37,397.51,790.64,-1,cvat_interp
497,25,25,2,1.0,1416.39,554.78,1448.94,616.72,-1,cvat_interp
497,26,26,2,1.0,1010.58,709.9,1080.32,799.1,-1,cvat_interp
497,27,27,2,1.0,1210.29,434.24,1238.82,481.56,-1,cvat_interp
497,28,28,2,1.0,1136.93,583.7,1185.69,655.76,-1,cvat_interp
497,29,29,2,1.0,1071.72,493.52,1109.08,538.31,-1,cvat_interp
497,30,30,2,1.0,1085.72,462.59,1115.96,513.12,-1,cvat_interp
497,31,31,2,1.0,449.72,721.31,507.0,806.0,-1,cvat_interp
497,32,32,3,1.0,993.66,357.06,1016.73,393.68,-1,cvat_interp
497,33,33,2,1.0,897.95,541.99,944.4,606.09,-1,cvat_interp
497,34,34,2,1.0,539.65,664.22,599.56,739.68,-1,cvat_interp
497,35,35,2,1.0,1483.04,948.63,1535.79,1070.33,-1,cvat_interp
497,36,36,1,1.0,111.32,511.69,154.03,560.77,-1,cvat_interp
498,0,0,2,1.0,892.57,890.76,959.67,999.99,-1,cvat_interp
498,10,10,2,1.0,1623.29,947.71,1702.29,1070.7,-1,cvat_interp
498,11,11,2,1.0,1796.1,706.97,1853.0,790.7,-1,cvat_keyframe
498,13,13,2,1.0,1839.64,766.69,1884.84,855.89,-1,cvat_interp
498,15,15,2,1.0,1301.41,953.78,1369.46,1079.19,-1,cvat_interp
498,16,16,2,1.0,1799.98,794.72,1849.62,894.69,-1,cvat_interp
498,21,21,3,1.0,1418.22,630.08,1475.31,701.02,-1,cvat_interp
498,24,24,0,1.0,374.78,775.39,391.82,789.66,-1,cvat_keyframe
498,25,25,2,1.0,1421.88,555.65,1456.36,617.58,-1,cvat_interp
498,26,26,2,1.0,1012.87,709.38,1083.9,797.6,-1,cvat_keyframe
498,27,27,2,1.0,1219.42,435.74,1247.95,483.06,-1,cvat_interp
498,28,28,2,1.0,1143.08,584.58,1192.53,656.64,-1,cvat_interp
498,29,29,2,1.0,1079.05,495.02,1115.47,539.81,-1,cvat_interp
498,30,30,2,1.0,1092.3,464.75,1122.54,515.29,-1,cvat_interp
498,31,31,2,1.0,450.83,719.99,503.0,806.4,-1,cvat_keyframe
498,32,32,3,1.0,1001.81,358.37,1024.88,395.0,-1,cvat_interp
498,33,33,2,1.0,903.93,542.28,952.4,606.29,-1,cvat_interp
498,34,34,2,1.0,540.7,663.6,601.6,739.0,-1,cvat_keyframe
498,35,35,2,1.0,1488.58,947.14,1541.33,1068.84,-1,cvat_interp
498,36,36,1,1.0,123.3,513.32,165.94,561.3,-1,cvat_keyframe
499,0,0,2,1.0,891.78,890.15,958.88,999.37,-1,cvat_interp
499,10,10,2,1.0,1627.89,947.98,1706.89,1070.97,-1,cvat_interp
499,11,11,2,1.0,1803.34,707.92,1855.22,792.45,-1,cvat_interp
499,13,13,2,1.0,1847.75,768.85,1892.95,858.05,-1,cvat_interp
499,15,15,2,1.0,1306.96,953.51,1369.18,1078.92,-1,cvat_interp
499,16,16,2,1.0,1812.69,796.34,1860.7,896.32,-1,cvat_interp
499,21,21,3,1.0,1420.83,631.72,1477.91,702.65,-1,cvat_interp
499,24,24,0,1.0,373.34,776.37,390.38,790.63,-1,cvat_interp
499,25,25,2,1.0,1427.37,556.52,1463.78,618.44,-1,cvat_interp
499,26,26,2,1.0,1015.16,708.85,1084.25,798.53,-1,cvat_interp
499,27,27,2,1.0,1228.55,437.24,1257.08,484.56,-1,cvat_interp
499,28,28,2,1.0,1149.24,585.46,1199.36,657.52,-1,cvat_interp
499,29,29,2,1.0,1086.37,496.52,1121.87,541.32,-1,cvat_interp
499,30,30,2,1.0,1098.88,466.92,1129.12,517.45,-1,cvat_interp
499,31,31,2,1.0,451.94,718.68,511.77,802.51,-1,cvat_interp
499,32,32,3,1.0,1009.96,359.69,1033.03,396.31,-1,cvat_interp
499,33,33,2,1.0,909.9,542.57,960.4,606.5,-1,cvat_interp
499,34,34,2,1.0,544.46,662.98,601.42,738.58,-1,cvat_interp
499,35,35,2,1.0,1494.13,945.65,1546.88,1067.35,-1,cvat_interp
499,36,36,1,1.0,138.75,514.96,177.86,562.44,-1,cvat_interp
500,0,0,2,1.0,890.99,889.53,958.09,998.75,-1,cvat_keyframe
500,10,10,2,1.0,1632.49,948.25,1711.49,1071.24,-1,cvat_keyframe
500,11,11,2,1.0,1810.58,708.87,1857.44,794.2,-1,cvat_keyframe
500,13,13,2,1.0,1855.86,771.02,1901.06,860.22,-1,cvat_keyframe
500,15,15,2,1.0,1312.5,953.24,1368.9,1078.65,-1,cvat_keyframe
500,16,16,2,1.0,1825.4,797.96,1871.79,897.94,-1,cvat_keyframe
500,21,21,3,1.0,1423.43,633.36,1480.51,704.29,-1,cvat_keyframe
500,24,24,0,1.0,371.9,777.35,388.94,791.61,-1,cvat_keyframe
500,25,25,2,1.0,1432.87,557.38,1471.2,619.3,-1,cvat_keyframe
500,26,26,2,1.0,1017.44,708.32,1084.59,799.45,-1,cvat_keyframe
500,27,27,2,1.0,1237.69,438.74,1266.21,486.07,-1,cvat_keyframe
500,28,28,2,1.0,1155.39,586.34,1206.2,658.4,-1,cvat_keyframe
500,29,29,2,1.0,1093.7,498.03,1128.26,542.82,-1,cvat_keyframe
500,30,30,2,1.0,1105.46,469.08,1135.7,519.61,-1,cvat_keyframe
500,31,31,2,1.0,453.05,717.36,520.55,798.62,-1,cvat_keyframe
500,32,32,3,1.0,1018.11,361.0,1041.18,397.63,-1,cvat_keyframe
500,33,33,2,1.0,915.88,542.86,968.4,606.7,-1,cvat_keyframe
500,34,34,2,1.0,548.22,662.35,601.24,738.16,-1,cvat_keyframe
500,35,35,2,1.0,1499.67,944.16,1552.42,1065.86,-1,cvat_keyframe
500,36,36,1,1.0,154.2,516.6,189.77,563.58,-1,cvat_keyframe
501,0,0,2,1.0,891.71,887.84,956.88,996.41,-1,cvat_interp
501,10,10,2,1.0,1638.13,949.85,1717.13,1072.26,-1,cvat_interp
501,11,11,2,1.0,1814.4,708.9,1863.22,794.83,-1,cvat_interp
501,13,13,2,1.0,1865.66,772.41,1906.58,861.71,-1,cvat_interp
501,15,15,2,1.0,1317.19,954.59,1373.59,1078.82,-1,cvat_interp
501,16,16,2,1.0,1835.49,799.57,1879.78,899.25,-1,cvat_interp
501,21,21,3,1.0,1426.71,634.41,1483.79,705.34,-1,cvat_interp
501,24,24,0,1.0,371.94,778.53,388.97,792.8,-1,cvat_interp
501,25,25,2,1.0,1438.77,558.57,1477.1,620.48,-1,cvat_interp
501,26,26,2,1.0,1021.58,707.08,1088.73,798.21,-1,cvat_interp
501,27,27,2,1.0,1246.75,439.82,1275.28,487.15,-1,cvat_interp
501,28,28,2,1.0,1160.36,586.67,1214.1,658.47,-1,cvat_interp
501,29,29,2,1.0,1100.15,498.32,1134.71,543.4,-1,cvat_interp
501,30,30,2,1.0,1112.65,469.9,1146.33,519.97,-1,cvat_interp
501,31,31,2,1.0,456.66,716.06,519.42,797.31,-1,cvat_interp
501,32,32,3,1.0,1027.3,362.05,1050.36,398.68,-1,cvat_interp
501,33,33,2,1.0,921.4,543.64,973.92,607.48,-1,cvat_interp
501,34,34,2,1.0,550.2,661.94,603.23,737.75,-1,cvat_interp
501,35,35,2,1.0,1506.97,943.29,1558.52,1063.92,-1,cvat_interp
501,36,36,1,1.0,167.05,517.46,202.62,564.43,-1,cvat_interp
502,0,0,2,1.0,892.44,886.16,955.67,994.07,-1,cvat_interp
502,10,10,2,1.0,1643.78,951.44,1722.78,1073.28,-1,cvat_interp
502,11,11,2,1.0,1818.22,708.93,1868.99,795.46,-1,cvat_interp
502,13,13,2,1.0,1875.45,773.79,1912.1,863.21,-1,cvat_interp
502,15,15,2,1.0,1321.88,955.93,1378.28,1078.99,-1,cvat_interp
502,16,16,2,1.0,1845.57,801.18,1887.76,900.56,-1,cvat_interp
502,21,21,3,1.0,1429.99,635.46,1487.07,706.39,-1,cvat_interp
502,24,24,0,1.0,371.98,779.71,389.01,793.98,-1,cvat_interp
502,25,25,2,1.0,1444.67,559.75,1483.0,621.66,-1,cvat_interp
502,26,26,2,1.0,1025.71,705.84,1092.86,796.97,-1,cvat_interp
502,27,27,2,1.0,1255.81,440.9,1284.34,488.23,-1,cvat_interp
502,28,28,2,1.0,1165.32,587.0,1222.0,658.53,-1,cvat_interp
502,29,29,2,1.0,1106.6,498.62,1141.16,543.98,-1,cvat_interp
502,30,30,2,1.0,1119.85,470.73,1156.97,520.34,-1,cvat_interp
502,31,31,2,1.0,460.27,714.76,518.3,796.01,-1,cvat_interp
502,32,32,3,1.0,1036.49,363.1,1059.55,399.72,-1,cvat_interp
502,33,33,2,1.0,926.92,544.41,979.45,608.26,-1,cvat_interp
502,34,34,2,1.0,552.19,661.53,605.21,737.33,-1,cvat_interp
502,35,35,2,1.0,1514.27,942.41,1564.63,1061.98,-1,cvat_interp
502,36,36,1,1.0,179.9,518.32,215.47,565.29,-1,cvat_interp
503,0,0,2,1.0,893.17,884.47,954.45,991.72,-1,cvat_interp
503,10,10,2,1.0,1649.42,953.03,1728.42,1074.31,-1,cvat_interp
503,11,11,2,1.0,1822.04,708.95,1874.77,796.1,-1,cvat_interp
503,13,13,2,1.0,1885.24,775.18,1917.61,864.7,-1,cvat_keyframe
503,15,15,2,1.0,1326.58,957.28,1382.98,1079.16,-1,cvat_interp
503,16,16,2,1.0,1855.66,802.78,1895.75,901.87,-1,cvat_interp
503,21,21,3,1.0,1433.26,636.51,1490.35,707.44,-1,cvat_interp
503,24,24,0,1.0,372.02,780.9,389.05,795.16,-1,cvat_interp
503,25,25,2,1.0,1450.57,560.93,1488.91,622.84,-1,cvat_interp
503,26,26,2,1.0,1029.85,704.6,1096.99,795.73,-1,cvat_interp
503,27,27,2,1.0,1264.88,441.99,1293.4,489.31,-1,cvat_interp
503,28,28,2,1.0,1170.28,587.33,1229.9,658.6,-1,cvat_keyframe
503,29,29,2,1.0,1113.05,498.91,1147.61,544.56,-1,cvat_interp
503,30,30,2,1.0,1127.04,471.56,1167.6,520.7,-1,cvat_keyframe
503,31,31,2,1.0,463.88,713.45,517.17,794.71,-1,cvat_interp
503,32,32,3,1.0,1045.67,364.14,1068.74,400.77,-1,cvat_interp
503,33,33,2,1.0,932.44,545.19,984.97,609.03,-1,cvat_keyframe
503,34,34,2,1.0,554.17,661.11,607.2,736.92,-1,cvat_interp
503,35,35,2,1.0,1521.57,941.53,1570.73,1060.04,-1,cvat_interp
503,36,36,1,1.0,192.75,519.18,228.32,566.15,-1,cvat_interp
504,0,0,2,1.0,893.89,882.78,953.24,989.38,-1,cvat_interp
504,10,10,2,1.0,1655.07,954.63,1734.07,1075.33,-1,cvat_interp
504,11,11,2,1.0,1825.86,708.98,1880.55,796.73,-1,cvat_interp
504,13,13,2,1.0,1890.11,786.41,1918.21,865.02,-1,cvat_interp
504,15,15,2,1.0,1331.27,958.62,1387.67,1079.32,-1,cvat_interp
504,16,16,2,1.0,1865.75,804.39,1903.73,903.18,-1,cvat_interp
504,21,21,3,1.0,1436.54,637.56,1493.63,708.49,-1,cvat_interp
504,24,24,0,1.0,372.06,782.08,389.09,796.35,-1,cvat_interp
504,25,25,2,1.0,1456.47,562.11,1494.81,624.02,-1,cvat_interp
504,26,26,2,1.0,1033.98,703.36,1101.13,794.49,-1,cvat_interp
504,27,27,2,1.0,1273.94,443.07,1302.47,490.4,-1,cvat_interp
504,28,28,2,1.0,1175.24,587.66,1233.1,659.09,-1,cvat_interp
504,29,29,2,1.0,1119.5,499.21,1154.05,545.14,-1,cvat_interp
504,30,30,2,1.0,1134.23,472.39,1172.33,521.8,-1,cvat_interp
504,31,31,2,1.0,467.48,712.15,516.05,793.41,-1,cvat_interp
504,32,32,3,1.0,1054.86,365.19,1077.92,401.81,-1,cvat_interp
504,33,33,2,1.0,938.39,545.12,990.92,608.96,-1,cvat_interp
504,34,34,2,1.0,556.16,660.7,609.18,736.51,-1,cvat_interp
504,35,35,2,1.0,1528.88,940.65,1576.83,1058.1,-1,cvat_interp
504,36,36,1,1.0,205.6,520.03,241.17,567.01,-1,cvat_interp
505,0,0,2,1.0,894.62,881.09,952.03,987.03,-1,cvat_interp
505,10,10,2,1.0,1660.71,956.22,1739.71,1076.35,-1,cvat_interp
505,11,11,2,1.0,1829.68,709.01,1886.32,797.37,-1,cvat_interp
505,13,13,2,1.0,1894.98,797.64,1918.81,865.34,-1,cvat_interp
505,15,15,2,1.0,1335.96,959.97,1392.36,1079.49,-1,cvat_interp
505,16,16,2,1.0,1875.84,805.99,1911.72,904.49,-1,cvat_interp
505,21,21,3,1.0,1439.82,638.6,1496.9,709.54,-1,cvat_interp
505,24,24,0,1.0,372.09,783.27,389.13,797.53,-1,cvat_interp
505,25,25,2,1.0,1462.38,563.29,1500.71,625.2,-1,cvat_interp
505,26,26,2,1.0,1038.11,702.12,1105.26,793.25,-1,cvat_interp
505,27,27,2,1.0,1283.0,444.15,1311.53,491.48,-1,cvat_interp
505,28,28,2,1.0,1180.2,587.99,1236.3,659.58,-1,cvat_interp
505,29,29,2,1.0,1125.95,499.5,1160.5,545.71,-1,cvat_interp
505,30,30,2,1.0,1141.43,473.21,1177.07,522.9,-1,cvat_interp
505,31,31,2,1.0,471.09,710.85,514.92,792.1,-1,cvat_interp
505,32,32,3,1.0,1064.05,366.23,1087.11,402.86,-1,cvat_interp
505,33,33,2,1.0,944.34,545.05,996.86,608.89,-1,cvat_interp
505,34,34,2,1.0,558.14,660.29,611.16,736.09,-1,cvat_interp
505,35,35,2,1.0,1536.18,939.78,1582.94,1056.16,-1,cvat_interp
505,36,36,1,1.0,218.45,520.89,254.02,567.87,-1,cvat_interp
506,0,0,2,1.0,895.35,879.4,950.82,984.69,-1,cvat_interp
506,10,10,2,1.0,1666.36,957.81,1745.36,1077.38,-1,cvat_interp
506,11,11,2,1.0,1833.5,709.04,1892.1,798.0,-1,cvat_keyframe
506,13,13,2,1.0,1899.85,808.87,1919.4,865.66,-1,cvat_interp
506,15,15,2,1.0,1340.65,961.31,1397.05,1079.66,-1,cvat_interp
506,16,16,2,1.0,1885.92,807.6,1919.7,905.8,-1,cvat_keyframe
506,21,21,3,1.0,1443.1,639.65,1500.18,710.59,-1,cvat_interp
506,24,24,0,1.0,372.13,784.45,389.16,798.72,-1,cvat_keyframe
506,25,25,2,1.0,1468.28,564.47,1506.61,626.38,-1,cvat_interp
506,26,26,2,1.0,1042.25,700.88,1109.4,792.01,-1,cvat_interp
506,27,27,2,1.0,1292.07,445.24,1320.59,492.56,-1,cvat_keyframe
506,28,28,2,1.0,1185.16,588.32,1239.49,660.07,-1,cvat_interp
506,29,29,2,1.0,1132.39,499.8,1166.95,546.29,-1,cvat_keyframe
506,30,30,2,1.0,1148.62,474.04,1181.8,524.0,-1,cvat_keyframe
506,31,31,2,1.0,474.7,709.55,513.8,790.8,-1,cvat_keyframe
506,32,32,3,1.0,1073.23,367.28,1096.3,403.9,-1,cvat_keyframe
506,33,33,2,1.0,950.28,544.98,1002.81,608.82,-1,cvat_interp
506,34,34,2,1.0,560.13,659.87,613.15,735.68,-1,cvat_interp
506,35,35,2,1.0,1543.48,938.9,1589.04,1054.22,-1,cvat_interp
506,36,36,1,1.0,231.3,521.75,266.87,568.73,-1,cvat_keyframe
507,0,0,2,1.0,896.07,877.72,949.61,982.34,-1,cvat_interp
507,10,10,2,1.0,1672.0,959.41,1751.0,1078.4,-1,cvat_interp
507,11,11,2,1.0,1837.32,709.07,1897.85,797.05,-1,cvat_interp
507,13,13,2,1.0,1904.72,820.1,1920.0,865.98,-1,cvat_keyframe
507,15,15,2,1.0,1345.35,962.66,1401.75,1079.83,-1,cvat_interp
507,16,16,2,1.0,1896.01,809.2,1920.0,904.03,-1,cvat_keyframe
507,21,21,3,1.0,1446.38,640.7,1503.46,711.64,-1,cvat_interp
507,24,24,0,1.0,376.46,780.2,393.49,794.46,-1,cvat_interp
507,25,25,2,1.0,1474.18,565.65,1512.51,627.56,-1,cvat_interp
507,26,26,2,1.0,1046.38,699.64,1113.53,790.77,-1,cvat_interp
507,27,27,2,1.0,1299.93,446.62,1328.46,493.94,-1,cvat_interp
507,28,28,2,1.0,1190.12,588.65,1242.69,660.56,-1,cvat_interp
507,29,29,2,1.0,1138.84,501.23,1173.4,546.87,-1,cvat_interp
507,30,30,2,1.0,1155.81,474.87,1187.52,525.11,-1,cvat_interp
507,31,31,2,1.0,468.84,704.52,522.13,785.78,-1,cvat_interp
507,32,32,3,1.0,1080.92,368.28,1103.98,404.91,-1,cvat_interp
507,33,33,2,1.0,956.23,544.91,1008.76,608.75,-1,cvat_interp
507,34,34,2,1.0,562.11,659.46,615.13,735.27,-1,cvat_interp
507,35,35,2,1.0,1550.78,938.02,1595.14,1052.28,-1,cvat_interp
507,36,36,1,1.0,239.53,522.92,275.1,569.89,-1,cvat_interp
508,0,0,2,1.0,896.8,876.03,948.4,980.0,-1,cvat_keyframe
508,10,10,2,1.0,1677.65,961.0,1756.65,1079.42,-1,cvat_keyframe
508,11,11,2,1.0,1841.13,709.1,1903.6,796.1,-1,cvat_keyframe
508,13,13,2,1.0,1911.7,848.1,1920.0,866.8,-1,cvat_keyframe
508,15,15,2,1.0,1350.04,964.0,1406.44,1080.0,-1,cvat_keyframe
508,16,16,2,1.0,1906.1,881.3,1920.0,904.9,-1,cvat_keyframe
508,21,21,3,1.0,1449.66,641.75,1506.74,712.69,-1,cvat_keyframe
508,24,24,0,1.0,380.79,775.94,397.82,790.21,-1,cvat_keyframe
508,25,25,2,1.0,1480.08,566.83,1518.41,628.74,-1,cvat_keyframe
508,26,26,2,1.0,1050.52,698.4,1117.66,789.53,-1,cvat_keyframe
508,27,27,2,1.0,1307.8,448.0,1336.33,495.33,-1,cvat_keyframe
508,28,28,2,1.0,1195.08,588.98,1245.89,661.05,-1,cvat_keyframe
508,29,29,2,1.0,1145.29,502.66,1179.85,547.45,-1,cvat_keyframe
508,30,30,2,1.0,1163.01,475.69,1193.24,526.22,-1,cvat_keyframe
508,31,31,2,1.0,462.97,699.5,530.47,780.76,-1,cvat_keyframe
508,32,32,3,1.0,1088.6,369.29,1111.66,405.92,-1,cvat_interp
508,33,33,2,1.0,962.18,544.84,1014.7,608.68,-1,cvat_keyframe
508,34,34,2,1.0,564.09,659.05,617.12,734.85,-1,cvat_keyframe
508,35,35,2,1.0,1558.08,937.14,1601.25,1050.34,-1,cvat_keyframe
508,36,36,1,1.0,247.76,524.08,283.33,571.06,-1,cvat_keyframe
509,0,0,2,1.0,894.97,876.03,952.73,978.4,-1,cvat_interp
509,10,10,2,1.0,1684.26,960.54,1763.26,1078.97,-1,cvat_interp
509,11,11,2,1.0,1845.24,710.01,1907.71,797.01,-1,cvat_interp
509,15,15,2,1.0,1356.2,963.77,1412.6,1079.77,-1,cvat_interp
509,21,21,3,1.0,1452.92,640.01,1510.01,710.95,-1,cvat_interp
509,24,24,0,1.0,386.96,765.95,403.99,780.21,-1,cvat_interp
509,25,25,2,1.0,1487.27,565.31,1525.6,627.23,-1,cvat_interp
509,26,26,2,1.0,1054.66,696.53,1120.72,787.56,-1,cvat_interp
509,27,27,2,1.0,1316.66,448.4,1348.0,493.9,-1,cvat_keyframe
509,28,28,2,1.0,1202.02,588.59,1252.82,660.65,-1,cvat_interp
509,29,29,2,1.0,1152.35,502.14,1186.9,547.66,-1,cvat_interp
509,30,30,2,1.0,1170.24,475.69,1201.63,525.58,-1,cvat_interp
509,31,31,2,1.0,465.3,696.67,530.31,777.92,-1,cvat_interp
509,32,32,3,1.0,1096.28,370.3,1119.34,406.93,-1,cvat_interp
509,33,33,2,1.0,968.48,543.61,1021.01,607.45,-1,cvat_interp
509,34,34,2,1.0,565.26,656.55,618.28,732.36,-1,cvat_interp
509,35,35,2,1.0,1563.78,935.55,1606.95,1048.74,-1,cvat_interp
509,36,36,1,1.0,259.75,521.93,295.32,568.9,-1,cvat_interp
510,0,0,2,1.0,893.13,876.03,957.07,976.8,-1,cvat_interp
510,10,10,2,1.0,1690.87,960.09,1769.87,1078.51,-1,cvat_interp
510,11,11,2,1.0,1849.35,710.92,1911.81,797.92,-1,cvat_interp
510,15,15,2,1.0,1362.35,963.54,1418.75,1079.54,-1,cvat_interp
510,21,21,3,1.0,1456.19,638.27,1513.27,709.2,-1,cvat_interp
510,24,24,0,1.0,393.12,755.95,410.15,770.22,-1,cvat_interp
510,25,25,2,1.0,1494.45,563.8,1532.78,625.71,-1,cvat_interp
510,26,26,2,1.0,1058.8,694.65,1123.77,785.58,-1,cvat_interp
510,27,27,2,1.0,1325.52,448.79,1355.46,495.21,-1,cvat_interp
510,28,28,2,1.0,1208.95,588.19,1259.76,660.25,-1,cvat_interp
510,29,29,2,1.0,1159.4,501.62,1193.96,547.87,-1,cvat_interp
510,30,30,2,1.0,1177.47,475.69,1210.01,524.94,-1,cvat_interp
510,31,31,2,1.0,467.64,693.84,530.16,775.09,-1,cvat_interp
510,32,32,3,1.0,1103.96,371.31,1127.03,407.93,-1,cvat_interp
510,33,33,2,1.0,974.79,542.38,1027.32,606.22,-1,cvat_interp
510,34,34,2,1.0,566.43,654.05,619.45,729.86,-1,cvat_interp
510,35,35,2,1.0,1569.49,933.95,1612.65,1047.15,-1,cvat_interp
510,36,36,1,1.0,271.74,519.77,307.31,566.75,-1,cvat_interp
511,0,0,2,1.0,891.3,876.03,961.4,975.2,-1,cvat_keyframe
511,10,10,2,1.0,1697.49,959.63,1776.49,1078.05,-1,cvat_keyframe
511,11,11,2,1.0,1853.45,711.83,1915.92,798.84,-1,cvat_keyframe
511,15,15,2,1.0,1368.51,963.32,1424.91,1079.32,-1,cvat_keyframe
511,21,21,3,1.0,1459.45,636.53,1516.54,707.46,-1,cvat_keyframe
511,24,24,0,1.0,399.29,745.95,416.32,760.22,-1,cvat_keyframe
511,25,25,2,1.0,1501.63,562.28,1539.97,624.2,-1,cvat_keyframe
511,26,26,2,1.0,1062.95,692.78,1126.83,783.61,-1,cvat_interp
511,27,27,2,1.0,1334.39,449.19,1362.91,496.52,-1,cvat_keyframe
511,28,28,2,1.0,1215.89,587.8,1266.7,659.86,-1,cvat_keyframe
511,29,29,2,1.0,1166.45,501.1,1201.01,548.07,-1,cvat_keyframe
511,30,30,2,1.0,1184.7,475.69,1218.4,524.3,-1,cvat_keyframe
511,31,31,2,1.0,469.97,691.0,530.0,772.26,-1,cvat_keyframe
511,32,32,3,1.0,1111.65,372.31,1134.71,408.94,-1,cvat_keyframe
511,33,33,2,1.0,981.1,541.15,1033.62,604.99,-1,cvat_keyframe
511,34,34,2,1.0,567.59,651.55,620.62,727.36,-1,cvat_keyframe
511,35,35,2,1.0,1575.19,932.35,1618.35,1045.55,-1,cvat_keyframe
511,36,36,1,1.0,283.73,517.62,319.3,564.59,-1,cvat_keyframe
512,0,0,2,1.0,892.2,871.65,961.24,970.49,-1,cvat_interp
512,10,10,2,1.0,1707.41,959.4,1783.22,1077.83,-1,cvat_interp
512,11,11,2,1.0,1861.54,712.06,1916.94,797.59,-1,cvat_interp
512,15,15,2,1.0,1372.57,962.7,1431.85,1079.2,-1,cvat_interp
512,21,21,3,1.0,1466.56,636.62,1520.26,707.55,-1,cvat_interp
512,24,24,0,1.0,403.94,737.02,420.97,751.28,-1,cvat_interp
512,25,25,2,1.0,1509.52,562.19,1547.86,624.11,-1,cvat_interp
512,26,26,2,1.0,1067.09,690.9,1129.88,781.64,-1,cvat_interp
512,27,27,2,1.0,1344.1,449.19,1372.63,496.52,-1,cvat_interp
512,28,28,2,1.0,1221.94,587.19,1272.57,658.79,-1,cvat_interp
512,29,29,2,1.0,1172.87,500.75,1207.43,547.73,-1,cvat_interp
512,30,30,2,1.0,1192.24,475.69,1225.94,524.3,-1,cvat_interp
512,31,31,2,1.0,480.94,690.34,531.7,771.06,-1,cvat_interp
512,32,32,3,1.0,1121.28,372.43,1144.34,408.47,-1,cvat_interp
512,33,33,2,1.0,987.02,540.73,1039.54,604.57,-1,cvat_interp
512,34,34,2,1.0,570.83,649.46,621.71,725.13,-1,cvat_interp
512,35,35,2,1.0,1583.62,929.84,1628.39,1042.24,-1,cvat_interp
512,36,36,1,1.0,290.61,515.74,332.67,562.84,-1,cvat_interp
513,0,0,2,1.0,893.1,867.28,961.09,965.77,-1,cvat_interp
513,10,10,2,1.0,1717.32,959.18,1789.95,1077.6,-1,cvat_interp
513,11,11,2,1.0,1869.62,712.29,1917.96,796.34,-1,cvat_interp
513,15,15,2,1.0,1376.63,962.09,1438.79,1079.08,-1,cvat_interp
513,21,21,3,1.0,1473.67,636.7,1523.98,707.64,-1,cvat_interp
513,24,24,0,1.0,408.59,728.08,425.62,742.35,-1,cvat_keyframe
513,25,25,2,1.0,1517.41,562.11,1555.75,624.02,-1,cvat_interp
513,26,26,2,1.0,1071.23,689.03,1132.93,779.66,-1,cvat_interp
513,27,27,2,1.0,1353.81,449.19,1382.34,496.52,-1,cvat_interp
513,28,28,2,1.0,1228.0,586.58,1278.45,657.73,-1,cvat_interp
513,29,29,2,1.0,1179.29,500.41,1213.84,547.38,-1,cvat_interp
513,30,30,2,1.0,1199.79,475.69,1233.49,524.3,-1,cvat_interp
513,31,31,2,1.0,491.9,689.68,533.4,769.87,-1,cvat_keyframe
513,32,32,3,1.0,1130.91,372.55,1153.97,408.01,-1,cvat_interp
513,33,33,2,1.0,992.94,540.3,1045.46,604.15,-1,cvat_interp
513,34,34,2,1.0,574.07,647.36,622.8,722.9,-1,cvat_keyframe
513,35,35,2,1.0,1592.06,927.34,1638.43,1038.92,-1,cvat_interp
513,36,36,1,1.0,297.5,513.87,346.05,561.1,-1,cvat_keyframe
514,0,0,2,1.0,894.0,862.9,960.93,961.06,-1,cvat_interp
514,10,10,2,1.0,1727.24,958.95,1796.68,1077.37,-1,cvat_interp
514,11,11,2,1.0,1877.71,712.52,1918.98,795.09,-1,cvat_interp
514,15,15,2,1.0,1380.69,961.48,1445.74,1078.97,-1,cvat_interp
514,21,21,3,1.0,1480.77,636.79,1527.71,707.72,-1,cvat_interp
514,24,24,0,1.0,417.23,720.14,434.26,734.41,-1,cvat_interp
514,25,25,2,1.0,1525.31,562.02,1563.64,623.94,-1,cvat_interp
514,26,26,2,1.0,1075.38,687.15,1135.99,777.69,-1,cvat_interp
514,27,27,2,1.0,1363.52,449.19,1392.05,496.52,-1,cvat_interp
514,28,28,2,1.0,1234.05,585.98,1284.32,656.66,-1,cvat_interp
514,29,29,2,1.0,1185.7,500.06,1220.26,547.03,-1,cvat_interp
514,30,30,2,1.0,1207.33,475.69,1241.03,524.3,-1,cvat_interp
514,31,31,2,1.0,494.02,685.76,538.58,765.41,-1,cvat_interp
514,32,32,3,1.0,1140.54,372.67,1163.6,407.54,-1,cvat_interp
514,33,33,2,1.0,998.86,539.88,1051.38,603.72,-1,cvat_interp
514,34,34,2,1.0,579.63,644.27,620.6,720.0,-1,cvat_interp
514,35,35,2,1.0,1600.49,924.83,1648.46,1035.61,-1,cvat_interp
514,36,36,1,1.0,312.55,511.99,359.42,559.35,-1,cvat_interp
515,0,0,2,1.0,894.9,858.53,960.77,956.34,-1,cvat_interp
515,10,10,2,1.0,1737.15,958.72,1803.41,1077.14,-1,cvat_interp
515,11,11,2,1.0,1885.8,712.75,1920.0,793.84,-1,cvat_keyframe
515,15,15,2,1.0,1384.74,960.87,1452.68,1078.85,-1,cvat_interp
515,21,21,3,1.0,1487.88,636.88,1531.43,707.81,-1,cvat_interp
515,24,24,0,1.0,425.87,712.2,442.9,726.47,-1,cvat_keyframe
515,25,25,2,1.0,1533.2,561.93,1571.53,623.85,-1,cvat_interp
515,26,26,2,1.0,1079.52,685.28,1139.04,775.72,-1,cvat_interp
515,27,27,2,1.0,1373.23,449.19,1401.76,496.52,-1,cvat_interp
515,28,28,2,1.0,1240.1,585.37,1290.2,655.6,-1,cvat_keyframe
515,29,29,2,1.0,1192.12,499.71,1226.68,546.69,-1,cvat_interp
515,30,30,2,1.0,1214.88,475.69,1248.58,524.3,-1,cvat_interp
515,31,31,2,1.0,496.14,681.83,543.76,760.96,-1,cvat_interp
515,32,32,3,1.0,1150.17,372.78,1173.23,407.08,-1,cvat_interp
515,33,33,2,1.0,1004.78,539.46,1057.3,603.3,-1,cvat_interp
515,34,34,2,1.0,585.2,641.18,618.4,717.1,-1,cvat_keyframe
515,35,35,2,1.0,1608.93,922.32,1658.5,1032.3,-1,cvat_keyframe
515,36,36,1,1.0,327.59,510.12,372.8,557.6,-1,cvat_keyframe
516,0,0,2,1.0,895.8,854.15,960.61,951.63,-1,cvat_interp
516,10,10,2,1.0,1747.07,958.49,1810.14,1076.91,-1,cvat_interp
516,11,11,2,1.0,1891.5,715.1,1920.0,794.7,-1,cvat_interp
516,15,15,2,1.0,1388.8,960.26,1459.62,1078.73,-1,cvat_interp
516,21,21,3,1.0,1494.99,636.96,1535.15,707.9,-1,cvat_interp
516,24,24,0,1.0,432.36,705.62,449.39,719.89,-1,cvat_interp
516,25,25,2,1.0,1541.09,561.85,1579.42,623.76,-1,cvat_interp
516,26,26,2,1.0,1083.66,683.4,1142.09,773.75,-1,cvat_interp
516,27,27,2,1.0,1382.95,449.19,1411.47,496.52,-1,cvat_interp
516,28,28,2,1.0,1243.3,584.76,1293.5,654.5,-1,cvat_keyframe
516,29,29,2,1.0,1198.54,499.37,1233.09,546.34,-1,cvat_interp
516,30,30,2,1.0,1222.42,475.69,1256.12,524.3,-1,cvat_interp
516,31,31,2,1.0,498.26,677.91,548.95,756.51,-1,cvat_interp
516,32,32,3,1.0,1159.8,372.9,1182.86,406.61,-1,cvat_keyframe
516,33,33,2,1.0,1010.69,539.04,1063.22,602.88,-1,cvat_interp
516,34,34,2,1.0,584.91,638.59,624.72,714.47,-1,cvat_interp
516,35,35,2,1.0,1617.36,919.81,1664.8,1030.87,-1,cvat_interp
516,36,36,1,1.0,332.5,508.24,380.55,555.56,-1,cvat_keyframe
517,0,0,2,1.0,896.7,849.78,960.46,946.91,-1,cvat_interp
517,10,10,2,1.0,1756.98,958.26,1816.87,1076.69,-1,cvat_interp
517,11,11,2,1.0,1897.2,717.45,1920.0,795.57,-1,cvat_interp
517,15,15,2,1.0,1392.86,959.65,1466.56,1078.62,-1,cvat_interp
517,21,21,3,1.0,1502.09,637.05,1538.88,707.98,-1,cvat_interp
517,24,24,0,1.0,438.85,699.04,455.88,713.3,-1,cvat_interp
517,25,25,2,1.0,1548.98,561.76,1587.31,623.68,-1,cvat_interp
517,26,26,2,1.0,1087.81,681.53,1145.15,771.77,-1,cvat_interp
517,27,27,2,1.0,1392.66,449.19,1421.19,496.52,-1,cvat_interp
517,28,28,2,1.0,1254.2,584.15,1296.8,655.05,-1,cvat_interp
517,29,29,2,1.0,1204.95,499.02,1239.51,545.99,-1,cvat_interp
517,30,30,2,1.0,1229.96,475.69,1263.66,524.3,-1,cvat_interp
517,31,31,2,1.0,500.38,673.99,554.13,752.05,-1,cvat_interp
517,32,32,3,1.0,1170.37,370.98,1193.44,406.15,-1,cvat_interp
517,33,33,2,1.0,1016.61,538.61,1069.14,602.46,-1,cvat_interp
517,34,34,2,1.0,584.63,636.0,631.04,711.84,-1,cvat_interp
517,35,35,2,1.0,1625.8,917.31,1671.1,1029.43,-1,cvat_interp
517,36,36,1,1.0,346.49,506.37,388.31,553.51,-1,cvat_interp
518,0,0,2,1.0,897.59,845.4,960.3,942.2,-1,cvat_keyframe
518,10,10,2,1.0,1766.9,958.04,1823.6,1076.46,-1,cvat_keyframe
518,11,11,2,1.0,1902.9,719.8,1920.0,796.44,-1,cvat_keyframe
518,15,15,2,1.0,1396.92,959.04,1473.5,1078.5,-1,cvat_keyframe
518,21,21,3,1.0,1509.2,637.14,1542.6,708.07,-1,cvat_keyframe
518,24,24,0,1.0,445.34,692.45,462.38,706.72,-1,cvat_keyframe
518,25,25,2,1.0,1556.87,561.67,1595.2,623.59,-1,cvat_keyframe
518,26,26,2,1.0,1091.95,679.66,1148.2,769.8,-1,cvat_keyframe
518,27,27,2,1.0,1402.37,449.19,1430.9,496.52,-1,cvat_keyframe
518,28,28,2,1.0,1265.1,583.55,1300.1,655.61,-1,cvat_keyframe
518,29,29,2,1.0,1211.37,498.67,1245.93,545.65,-1,cvat_keyframe
518,30,30,2,1.0,1237.51,475.69,1271.21,524.3,-1,cvat_keyframe
518,31,31,2,1.0,502.5,670.07,559.31,747.6,-1,cvat_keyframe
518,32,32,3,1.0,1180.95,369.06,1204.01,405.68,-1,cvat_keyframe
518,33,33,2,1.0,1022.53,538.19,1075.06,602.03,-1,cvat_keyframe
518,34,34,2,1.0,584.34,633.41,637.36,709.21,-1,cvat_keyframe
518,35,35,2,1.0,1634.23,914.8,1677.4,1028.0,-1,cvat_keyframe
518,36,36,1,1.0,360.49,504.5,396.06,551.47,-1,cvat_keyframe
519,0,0,2,1.0,899.79,843.56,962.49,940.36,-1,cvat_interp
519,10,10,2,1.0,1768.3,958.44,1832.43,1076.83,-1,cvat_interp
519,11,11,2,1.0,1902.9,719.8,1920.0,796.44,-1,cvat_interp
519,15,15,2,1.0,1404.11,958.58,1479.32,1078.04,-1,cvat_interp
519,21,21,3,1.0,1511.91,636.78,1546.84,707.71,-1,cvat_interp
519,24,24,0,1.0,452.36,689.83,469.4,704.1,-1,cvat_interp
519,25,25,2,1.0,1565.85,561.42,1604.19,623.33,-1,cvat_interp
519,26,26,2,1.0,1096.04,677.92,1151.98,767.61,-1,cvat_interp
519,27,27,2,1.0,1411.62,448.69,1440.15,496.02,-1,cvat_interp
519,28,28,2,1.0,1269.59,582.27,1306.58,654.33,-1,cvat_interp
519,29,29,2,1.0,1218.56,498.11,1252.05,545.08,-1,cvat_interp
519,30,30,2,1.0,1244.71,474.88,1277.59,523.48,-1,cvat_interp
519,31,31,2,1.0,507.86,666.67,563.69,744.21,-1,cvat_interp
519,32,32,3,1.0,1191.12,368.35,1214.19,404.97,-1,cvat_interp
519,33,33,2,1.0,1028.81,536.86,1079.7,600.71,-1,cvat_interp
519,34,34,2,1.0,587.74,631.73,638.94,706.7,-1,cvat_interp
519,35,35,2,1.0,1639.12,914.13,1684.95,1027.33,-1,cvat_interp
519,36,36,1,1.0,369.42,502.52,404.74,550.1,-1,cvat_interp
520,0,0,2,1.0,901.98,841.72,964.69,938.53,-1,cvat_interp
520,10,10,2,1.0,1769.7,958.85,1841.26,1077.2,-1,cvat_keyframe
520,15,15,2,1.0,1411.31,958.12,1485.14,1077.58,-1,cvat_interp
520,21,21,3,1.0,1514.61,636.42,1551.08,707.36,-1,cvat_interp
520,24,24,0,1.0,459.39,687.21,476.42,701.48,-1,cvat_interp
520,25,25,2,1.0,1574.84,561.16,1613.17,623.08,-1,cvat_interp
520,26,26,2,1.0,1100.12,676.19,1155.75,765.42,-1,cvat_interp
520,27,27,2,1.0,1420.87,448.19,1449.4,495.52,-1,cvat_interp
520,28,28,2,1.0,1274.08,580.99,1313.06,653.05,-1,cvat_interp
520,29,29,2,1.0,1225.76,497.55,1258.18,544.52,-1,cvat_interp
520,30,30,2,1.0,1251.91,474.06,1283.97,522.67,-1,cvat_interp
520,31,31,2,1.0,513.23,663.28,568.07,740.81,-1,cvat_interp
520,32,32,3,1.0,1201.3,367.64,1224.37,404.26,-1,cvat_interp
520,33,33,2,1.0,1035.09,535.54,1084.35,599.38,-1,cvat_interp
520,34,34,2,1.0,591.13,630.06,640.52,704.19,-1,cvat_interp
520,35,35,2,1.0,1644.0,913.47,1692.51,1026.67,-1,cvat_keyframe
520,36,36,1,1.0,378.35,500.54,413.43,548.74,-1,cvat_interp
521,0,0,2,1.0,904.18,839.89,966.88,936.69,-1,cvat_interp
521,10,10,2,1.0,1780.39,959.26,1850.09,1077.55,-1,cvat_interp
521,15,15,2,1.0,1418.51,957.66,1490.96,1077.12,-1,cvat_interp
521,21,21,3,1.0,1517.32,636.06,1555.32,707.0,-1,cvat_interp
521,24,24,0,1.0,466.41,684.59,483.44,698.85,-1,cvat_interp
521,25,25,2,1.0,1583.82,560.91,1622.15,622.82,-1,cvat_interp
521,26,26,2,1.0,1104.21,674.45,1159.53,763.23,-1,cvat_interp
521,27,27,2,1.0,1430.12,447.69,1458.65,495.02,-1,cvat_interp
521,28,28,2,1.0,1278.58,579.72,1319.54,651.77,-1,cvat_interp
521,29,29,2,1.0,1232.95,496.99,1264.3,543.96,-1,cvat_interp
521,30,30,2,1.0,1259.11,473.24,1290.35,521.85,-1,cvat_interp
521,31,31,2,1.0,518.59,659.89,572.44,737.42,-1,cvat_interp
521,32,32,3,1.0,1211.48,366.93,1234.55,403.55,-1,cvat_interp
521,33,33,2,1.0,1041.36,534.21,1088.99,598.05,-1,cvat_interp
521,34,34,2,1.0,594.53,628.39,642.09,701.68,-1,cvat_interp
521,35,35,2,1.0,1652.22,912.81,1700.06,1026.0,-1,cvat_interp
521,36,36,1,1.0,387.28,498.56,422.11,547.37,-1,cvat_interp
522,0,0,2,1.0,906.37,838.05,969.08,934.85,-1,cvat_interp
522,10,10,2,1.0,1791.08,959.67,1858.92,1077.9,-1,cvat_interp
522,15,15,2,1.0,1425.7,957.2,1496.78,1076.66,-1,cvat_interp
522,21,21,3,1.0,1520.02,635.71,1559.56,706.64,-1,cvat_interp
522,24,24,0,1.0,473.43,681.97,490.46,696.23,-1,cvat_interp
522,25,25,2,1.0,1592.81,560.65,1631.14,622.57,-1,cvat_interp
522,26,26,2,1.0,1108.29,672.71,1163.31,761.04,-1,cvat_interp
522,27,27,2,1.0,1439.37,447.19,1467.9,494.52,-1,cvat_interp
522,28,28,2,1.0,1283.07,578.44,1326.02,650.48,-1,cvat_interp
522,29,29,2,1.0,1240.14,496.43,1270.43,543.4,-1,cvat_interp
522,30,30,2,1.0,1266.31,472.43,1296.73,521.03,-1,cvat_interp
522,31,31,2,1.0,523.95,656.49,576.82,734.02,-1,cvat_interp
522,32,32,3,1.0,1221.66,366.22,1244.73,402.84,-1,cvat_interp
522,33,33,2,1.0,1047.64,532.88,1093.63,596.72,-1,cvat_interp
522,34,34,2,1.0,597.93,626.71,643.67,699.17,-1,cvat_interp
522,35,35,2,1.0,1660.44,912.14,1707.61,1025.34,-1,cvat_interp
522,36,36,1,1.0,396.21,496.58,430.8,546.0,-1,cvat_interp
523,0,0,2,1.0,908.57,836.21,971.27,933.01,-1,cvat_interp
523,10,10,2,1.0,1801.76,960.08,1867.75,1078.25,-1,cvat_interp
523,15,15,2,1.0,1432.9,956.74,1502.6,1076.2,-1,cvat_interp
523,21,21,3,1.0,1522.73,635.35,1563.8,706.29,-1,cvat_interp
523,24,24,0,1.0,480.45,679.35,497.48,693.61,-1,cvat_interp
523,25,25,2,1.0,1601.79,560.4,1640.12,622.31,-1,cvat_interp
523,26,26,2,1.0,1112.38,670.98,1167.09,758.85,-1,cvat_interp
523,27,27,2,1.0,1448.63,446.69,1477.15,494.02,-1,cvat_interp
523,28,28,2,1.0,1287.56,577.17,1332.5,649.2,-1,cvat_interp
523,29,29,2,1.0,1247.33,495.86,1276.55,542.84,-1,cvat_interp
523,30,30,2,1.0,1273.5,471.61,1303.11,520.22,-1,cvat_interp
523,31,31,2,1.0,529.32,653.1,581.2,730.63,-1,cvat_interp
523,32,32,3,1.0,1231.84,365.51,1254.9,402.14,-1,cvat_interp
523,33,33,2,1.0,1053.92,531.56,1098.28,595.4,-1,cvat_interp
523,34,34,2,1.0,601.32,625.04,645.24,696.66,-1,cvat_interp
523,35,35,2,1.0,1668.67,911.48,1715.17,1024.68,-1,cvat_interp
523,36,36,1,1.0,405.14,494.6,439.48,544.64,-1,cvat_interp
524,0,0,2,1.0,910.76,834.37,973.47,931.18,-1,cvat_interp
524,10,10,2,1.0,1812.45,960.49,1876.58,1078.6,-1,cvat_interp
524,15,15,2,1.0,1440.1,956.28,1508.41,1075.74,-1,cvat_interp
524,21,21,3,1.0,1525.43,634.99,1568.04,705.93,-1,cvat_interp
524,24,24,0,1.0,487.47,676.73,504.5,690.99,-1,cvat_interp
524,25,25,2,1.0,1610.77,560.14,1649.11,622.06,-1,cvat_interp
524,26,26,2,1.0,1116.46,669.24,1170.86,756.66,-1,cvat_interp
524,27,27,2,1.0,1457.88,446.19,1486.4,493.52,-1,cvat_interp
524,28,28,2,1.0,1292.05,575.89,1338.98,647.92,-1,cvat_interp
524,29,29,2,1.0,1254.53,495.3,1282.68,542.28,-1,cvat_interp
524,30,30,2,1.0,1280.7,470.79,1309.49,519.4,-1,cvat_interp
524,31,31,2,1.0,534.68,649.7,585.58,727.23,-1,cvat_interp
524,32,32,3,1.0,1242.02,364.8,1265.08,401.43,-1,cvat_interp
524,33,33,2,1.0,1060.19,530.23,1102.92,594.07,-1,cvat_interp
524,34,34,2,1.0,604.72,623.37,646.82,694.15,-1,cvat_interp
524,35,35,2,1.0,1676.89,910.82,1722.72,1024.01,-1,cvat_interp
524,36,36,1,1.0,414.08,492.62,448.16,543.27,-1,cvat_interp
525,0,0,2,1.0,912.96,832.54,975.66,929.34,-1,cvat_interp
525,10,10,2,1.0,1823.14,960.9,1885.41,1078.95,-1,cvat_interp
525,15,15,2,1.0,1447.29,955.82,1514.23,1075.29,-1,cvat_interp
525,21,21,3,1.0,1528.14,634.64,1572.28,705.57,-1,cvat_interp
525,24,24,0,1.0,494.49,674.1,511.52,688.37,-1,cvat_interp
525,25,25,2,1.0,1619.76,559.89,1658.09,621.8,-1,cvat_interp
525,26,26,2,1.0,1120.55,667.51,1174.64,754.47,-1,cvat_interp
525,27,27,2,1.0,1467.13,445.69,1495.66,493.02,-1,cvat_interp
525,28,28,2,1.0,1296.54,574.61,1345.46,646.64,-1,cvat_interp
525,29,29,2,1.0,1261.72,494.74,1288.8,541.72,-1,cvat_interp
525,30,30,2,1.0,1287.9,469.98,1315.87,518.58,-1,cvat_interp
525,31,31,2,1.0,540.05,646.31,589.96,723.84,-1,cvat_interp
525,32,32,3,1.0,1252.2,364.09,1275.26,400.72,-1,cvat_interp
525,33,33,2,1.0,1066.47,528.9,1107.57,592.74,-1,cvat_interp
525,34,34,2,1.0,608.12,621.7,648.4,691.64,-1,cvat_interp
525,35,35,2,1.0,1685.11,910.15,1730.28,1023.35,-1,cvat_interp
525,36,36,1,1.0,423.01,490.64,456.85,541.9,-1,cvat_interp
526,0,0,2,1.0,915.15,830.7,977.86,927.5,-1,cvat_interp
526,10,10,2,1.0,1833.83,961.3,1894.24,1079.3,-1,cvat_interp
526,15,15,2,1.0,1454.49,955.36,1520.05,1074.83,-1,cvat_interp
526,21,21,3,1.0,1530.84,634.28,1576.52,705.21,-1,cvat_interp
526,24,24,0,1.0,501.51,671.48,518.55,685.75,-1,cvat_interp
526,25,25,2,1.0,1628.74,559.63,1667.07,621.55,-1,cvat_interp
526,26,26,2,1.0,1124.63,665.77,1178.42,752.28,-1,cvat_interp
526,27,27,2,1.0,1476.38,445.19,1504.91,492.52,-1,cvat_interp
526,28,28,2,1.0,1301.03,573.34,1351.94,645.36,-1,cvat_interp
526,29,29,2,1.0,1268.91,494.18,1294.93,541.15,-1,cvat_interp
526,30,30,2,1.0,1295.1,469.16,1322.25,517.77,-1,cvat_interp
526,31,31,2,1.0,545.41,642.91,594.34,720.44,-1,cvat_interp
526,32,32,3,1.0,1262.38,363.38,1285.44,400.01,-1,cvat_interp
526,33,33,2,1.0,1072.75,527.57,1112.21,591.42,-1,cvat_interp
526,34,34,2,1.0,611.51,620.02,649.97,689.13,-1,cvat_interp
526,35,35,2,1.0,1693.33,909.49,1737.83,1022.69,-1,cvat_interp
526,36,36,1,1.0,431.94,488.66,465.53,540.53,-1,cvat_interp
527,0,0,2,1.0,917.35,828.86,980.05,925.66,-1,cvat_interp
527,10,10,2,1.0,1844.52,961.71,1903.07,1079.65,-1,cvat_interp
527,15,15,2,1.0,1461.69,954.9,1525.87,1074.37,-1,cvat_interp
527,21,21,3,1.0,1533.55,633.92,1580.76,704.86,-1,cvat_interp
527,24,24,0,1.0,508.53,668.86,525.57,683.13,-1,cvat_interp
527,25,25,2,1.0,1637.72,559.38,1676.06,621.29,-1,cvat_interp
527,26,26,2,1.0,1128.72,664.04,1182.2,750.09,-1,cvat_interp
527,27,27,2,1.0,1485.63,444.69,1514.16,492.02,-1,cvat_interp
527,28,28,2,1.0,1305.53,572.06,1358.42,644.08,-1,cvat_interp
527,29,29,2,1.0,1276.11,493.62,1301.05,540.59,-1,cvat_interp
527,30,30,2,1.0,1302.3,468.34,1328.63,516.95,-1,cvat_interp
527,31,31,2,1.0,550.77,639.52,598.71,717.05,-1,cvat_interp
527,32,32,3,1.0,1272.56,362.67,1295.62,399.3,-1,cvat_interp
527,33,33,2,1.0,1079.02,526.25,1116.86,590.09,-1,cvat_interp
527,34,34,2,1.0,614.91,618.35,651.55,686.62,-1,cvat_interp
527,35,35,2,1.0,1701.56,908.83,1745.39,1022.02,-1,cvat_interp
527,36,36,1,1.0,440.87,486.68,474.22,539.17,-1,cvat_interp
528,0,0,2,1.0,919.54,827.02,982.25,923.83,-1,cvat_keyframe
528,10,10,2,1.0,1855.21,962.12,1911.91,1080.0,-1,cvat_keyframe
528,15,15,2,1.0,1468.88,954.44,1531.69,1073.91,-1,cvat_keyframe
528,21,21,3,1.0,1536.25,633.56,1585.0,704.5,-1,cvat_keyframe
528,24,24,0,1.0,515.55,666.24,532.59,680.51,-1,cvat_keyframe
528,25,25,2,1.0,1646.71,559.12,1685.04,621.04,-1,cvat_keyframe
528,26,26,2,1.0,1132.8,662.3,1185.97,747.9,-1,cvat_keyframe
528,27,27,2,1.0,1494.88,444.19,1523.41,491.52,-1,cvat_keyframe
528,28,28,2,1.0,1310.02,570.79,1364.9,642.8,-1,cvat_keyframe
528,29,29,2,1.0,1283.3,493.06,1307.18,540.03,-1,cvat_keyframe
528,30,30,2,1.0,1309.5,467.53,1335.01,516.13,-1,cvat_keyframe
528,31,31,2,1.0,556.14,636.12,603.09,713.66,-1,cvat_interp
528,32,32,3,1.0,1282.74,361.96,1305.8,398.59,-1,cvat_keyframe
528,33,33,2,1.0,1085.3,524.92,1121.5,588.76,-1,cvat_keyframe
528,34,34,2,1.0,618.3,616.68,653.12,684.11,-1,cvat_interp
528,35,35,2,1.0,1709.78,908.16,1752.94,1021.36,-1,cvat_keyframe
528,36,36,1,1.0,449.8,484.7,482.9,537.8,-1,cvat_keyframe
529,0,0,2,1.0,919.54,824.9,983.7,923.82,-1,cvat_keyframe
529,10,10,2,1.0,1855.21,962.12,1911.91,1080.0,-1,cvat_interp
529,15,15,2,1.0,1468.88,954.44,1531.69,1073.91,-1,cvat_interp
529,21,21,3,1.0,1542.57,631.03,1591.32,701.97,-1,cvat_keyframe
529,24,24,0,1.0,524.89,665.94,541.92,680.2,-1,cvat_keyframe
529,25,25,2,1.0,1646.71,559.12,1685.04,621.04,-1,cvat_interp
529,26,26,2,1.0,1141.37,661.4,1194.54,747.0,-1,cvat_keyframe
529,27,27,2,1.0,1508.79,442.29,1537.32,489.62,-1,cvat_keyframe
529,28,28,2,1.0,1317.6,572.68,1372.49,644.7,-1,cvat_keyframe
529,29,29,2,1.0,1287.8,488.6,1314.3,540.03,-1,cvat_keyframe
529,30,30,2,1.0,1315.82,467.53,1341.33,516.13,-1,cvat_keyframe
529,31,31,2,1.0,561.5,632.73,607.47,710.26,-1,cvat_keyframe
529,32,32,3,1.0,1296.01,361.96,1319.08,398.59,-1,cvat_keyframe
529,33,33,2,1.0,1093.42,521.31,1129.62,585.15,-1,cvat_keyframe
529,34,34,2,1.0,621.7,615.01,654.7,681.6,-1,cvat_keyframe
529,35,35,2,1.0,1709.78,908.16,1752.94,1021.36,-1,cvat_interp
529,36,36,1,1.0,460.73,482.51,493.83,535.61,-1,cvat_keyframe
