frame,class_id,display_track_id,kind,dframe,body_heights_per_frame,speed_mps,time_s
4374,2,11,image_jump,1.0,10.251261273343971,504.9624751914854,145.8
4375,2,11,image_jump,1.0,10.600954560534833,497.9727544008592,145.83333333333334
4376,2,11,image_jump,1.0,9.788549518138224,528.1502944834064,145.86666666666667
4378,2,11,image_jump,1.0,10.20802582968436,537.9510928858745,145.93333333333334
4384,2,11,image_jump,1.0,10.443547617775707,536.4884923543458,146.13333333333333
4385,2,11,image_jump,1.0,11.203558420002812,538.1629319635348,146.16666666666666
4390,2,11,image_jump,1.0,11.09727670473932,536.4746235251906,146.33333333333334
4391,2,11,image_jump,1.0,11.683668115427492,537.2157162483855,146.36666666666667
4435,2,4,image_jump,1.0,13.050986319642051,1926.5862666324838,147.83333333333334
4438,2,4,image_jump,3.0,4.325208431290809,631.7804519929613,147.93333333333334
4863,2,4,image_jump,2.0,9.881681434493103,360.3138791719083,162.1
5402,2,11,image_jump,1.0,1.5240820661215024,540.6758641987415,180.06666666666666
5403,2,11,image_jump,1.0,1.4808889957031615,540.974889913078,180.1
5415,2,11,image_jump,1.0,1.6156124229713402,518.4830315903406,180.5
5416,2,11,image_jump,1.0,1.7603609100335535,520.9105841408949,180.53333333333333
5499,2,22,image_jump,3.0,3.455413517540514,303.698388962745,183.3
5609,2,11,image_jump,1.0,1.6975944742511473,538.6498433186978,186.96666666666667
5610,2,11,image_jump,1.0,1.7614815192190783,549.3844858627411,187.0
5612,2,11,image_jump,1.0,1.771813313772041,595.3759430391162,187.06666666666666
5613,2,11,image_jump,1.0,1.797948458610191,585.6834315124537,187.1
5618,2,11,image_jump,1.0,1.6328968627228921,573.4834422737874,187.26666666666668
5619,2,11,image_jump,1.0,1.6807050004996544,568.2204822461632,187.3
5620,2,11,image_jump,1.0,1.6084511081094353,488.155348867383,187.33333333333334
5621,2,11,image_jump,1.0,1.7038082811397106,534.3565066604488,187.36666666666667
5623,2,11,image_jump,1.0,1.6531918228184954,515.0915317820027,187.43333333333334
5626,2,11,image_jump,1.0,1.7363423221741952,481.1883472330189,187.53333333333333
5630,2,11,image_jump,1.0,1.5769267187992289,538.5009639464206,187.66666666666666
4271,2,2,pitch_jump,1.0,0.019592064663409847,12.700933870481586,142.36666666666667
4271,2,6,pitch_jump,1.0,0.017911560869433643,15.736478811742563,142.36666666666667
4271,2,8,pitch_jump,1.0,0.0030306861200242053,24.2013914635315,142.36666666666667
4271,2,10,pitch_jump,1.0,0.0036410669311569294,18.06586761786799,142.36666666666667
4271,2,11,pitch_jump,1.0,0.01411066828237655,20.503169430578623,142.36666666666667
4271,2,14,pitch_jump,1.0,0.003366935926009208,14.409195039974296,142.36666666666667
4271,2,16,pitch_jump,1.0,0.035272347252955444,19.93747434327439,142.36666666666667
4271,2,17,pitch_jump,1.0,0.013155797429178261,16.320482953223706,142.36666666666667
4271,2,18,pitch_jump,1.0,0.01206579846651655,20.545593386171948,142.36666666666667
4271,2,19,pitch_jump,1.0,0.006390582640313505,12.510015007231308,142.36666666666667
4271,2,20,pitch_jump,1.0,0.009349824700673035,12.839661427762298,142.36666666666667
4271,2,21,pitch_jump,1.0,0.01161753506730536,17.378095387006724,142.36666666666667
4273,2,8,pitch_jump,1.0,0.004928967944357601,22.226939910741542,142.43333333333334
4273,2,18,pitch_jump,1.0,0.0076371771462782,12.261457853917062,142.43333333333334
4274,2,6,pitch_jump,1.0,0.02548909477563926,16.418397685784505,142.46666666666667
4274,2,8,pitch_jump,1.0,0.0014695838891148748,42.29405415779198,142.46666666666667
4274,2,10,pitch_jump,1.0,0.005056988726410013,24.50977066948292,142.46666666666667
4274,2,11,pitch_jump,1.0,0.019534810919075173,31.30624870427663,142.46666666666667
4274,2,13,pitch_jump,1.0,0.037920844685469156,15.445481741040217,142.46666666666667
4274,2,14,pitch_jump,1.0,0.02621041350884494,18.78075017800336,142.46666666666667
4274,2,16,pitch_jump,1.0,0.042698290806945025,34.37435549617333,142.46666666666667
4274,2,17,pitch_jump,1.0,0.011541038018984245,14.102197229867786,142.46666666666667
4274,2,18,pitch_jump,1.0,0.008223024171709467,28.00442429571938,142.46666666666667
4274,2,20,pitch_jump,1.0,0.01485878614232891,12.137661949515154,142.46666666666667
4274,2,21,pitch_jump,1.0,0.003050052458700495,18.536698706694796,142.46666666666667
4275,2,8,pitch_jump,1.0,0.006996643293365703,18.824130751005743,142.5
4275,2,10,pitch_jump,1.0,0.006466112593127036,14.255635983072645,142.5
4275,2,11,pitch_jump,1.0,0.007197153261127413,16.610831759186862,142.5
4275,2,16,pitch_jump,1.0,0.02733916581618752,15.31974972575888,142.5
4275,2,18,pitch_jump,1.0,0.002852657815287012,14.397779575163126,142.5
4280,2,6,pitch_jump,1.0,0.013874348965700263,14.577252745153904,142.66666666666666
4280,2,8,pitch_jump,1.0,0.017959869192398274,25.514535640161046,142.66666666666666
4280,2,10,pitch_jump,1.0,0.009598481041323251,14.266104916191058,142.66666666666666
4280,2,13,pitch_jump,1.0,0.0185509795086222,13.00913366608882,142.66666666666666
4280,2,14,pitch_jump,1.0,0.004276182755090265,16.191189941452272,142.66666666666666
4280,2,16,pitch_jump,1.0,0.026551175765636623,15.61073305013116,142.66666666666666
4280,2,17,pitch_jump,1.0,0.017857208225889057,18.893427094726544,142.66666666666666
4280,2,18,pitch_jump,1.0,0.020985660034190536,16.731086344340692,142.66666666666666
4280,2,19,pitch_jump,1.0,0.007921300597189497,12.168222422103256,142.66666666666666
4280,2,20,pitch_jump,1.0,0.015116334689493843,13.690889452988205,142.66666666666666
4282,2,8,pitch_jump,1.0,0.012667838520619734,18.520903665525633,142.73333333333332
4282,2,17,pitch_jump,1.0,0.020243351538904924,14.167329882281464,142.73333333333332
4283,2,8,pitch_jump,1.0,0.026454063016693813,17.983697959690442,142.76666666666668
4283,2,17,pitch_jump,1.0,0.019012524498543022,12.363190860652898,142.76666666666668
4283,2,18,pitch_jump,1.0,0.01291128457650369,12.21055031014301,142.76666666666668
4285,2,8,pitch_jump,1.0,0.014518239412545405,22.004622813875088,142.83333333333334
4285,2,14,pitch_jump,1.0,0.010626275584693609,15.258681022605794,142.83333333333334
4285,2,17,pitch_jump,1.0,0.010147497274646857,16.029539341088025,142.83333333333334
4285,2,18,pitch_jump,1.0,0.0012766773452948296,16.769861277405713,142.83333333333334
4286,2,6,pitch_jump,1.0,0.031067240222132985,15.270454659108132,142.86666666666667
4286,2,8,pitch_jump,1.0,0.012720152320614518,21.262819837253645,142.86666666666667
4286,2,11,pitch_jump,1.0,0.034859071357659935,12.682025541488613,142.86666666666667
4286,2,13,pitch_jump,1.0,0.03365676103585167,14.061930115405803,142.86666666666667
4286,2,16,pitch_jump,1.0,0.045180079459443086,18.10994609692565,142.86666666666667
4286,2,18,pitch_jump,1.0,0.014949218260512612,15.66200863036219,142.86666666666667
4288,2,6,pitch_jump,1.0,0.011286287473035688,14.42617316549578,142.93333333333334
4288,2,8,pitch_jump,1.0,0.004849537015406655,15.251854638841616,142.93333333333334
4288,2,13,pitch_jump,1.0,0.036852315322355216,20.45070359277632,142.93333333333334
4288,2,14,pitch_jump,1.0,0.01299419574423014,14.737973078385577,142.93333333333334
4288,2,16,pitch_jump,1.0,0.050860883055144655,12.72082618629254,142.93333333333334
4288,2,17,pitch_jump,1.0,0.008470840210870403,13.269850908415137,142.93333333333334
4288,2,18,pitch_jump,1.0,0.004064945847848867,14.214285127712671,142.93333333333334
4288,2,19,pitch_jump,1.0,0.004666604310387704,12.375454434807422,142.93333333333334
4294,2,8,pitch_jump,1.0,0.02919135892332544,14.093181593654998,143.13333333333333
4294,2,11,pitch_jump,1.0,0.02029471703152055,13.037531889988932,143.13333333333333
4294,2,16,pitch_jump,1.0,0.026119844849276257,13.180644022224083,143.13333333333333
4298,2,8,pitch_jump,1.0,0.04730556840053249,24.156298295598283,143.26666666666668
4298,2,14,pitch_jump,1.0,0.019702788651067726,12.109437282106757,143.26666666666668
4298,2,17,pitch_jump,1.0,0.014678985398683031,12.743271268881411,143.26666666666668
4298,2,18,pitch_jump,1.0,0.010465891343195909,14.151180718583152,143.26666666666668
4300,2,6,pitch_jump,1.0,0.028086837526050436,22.04604662237203,143.33333333333334
4300,2,8,pitch_jump,1.0,0.05239042685746548,29.349536788159163,143.33333333333334
4300,2,10,pitch_jump,1.0,0.014012327320474376,12.660437594744797,143.33333333333334
4300,2,13,pitch_jump,1.0,0.00043941097674969284,15.242694597201796,143.33333333333334
4300,2,14,pitch_jump,1.0,0.004224158334600868,20.421490939920808,143.33333333333334
4300,2,16,pitch_jump,1.0,0.040561991180660714,18.541045901833268,143.33333333333334
4300,2,17,pitch_jump,1.0,0.01950395652783718,18.179612134163328,143.33333333333334
4300,2,18,pitch_jump,1.0,0.011615147343974426,24.272542014742285,143.33333333333334
4300,2,20,pitch_jump,1.0,0.03197558811230854,15.682561900702186,143.33333333333334
4300,2,21,pitch_jump,1.0,0.006107216225515565,12.779398759858172,143.33333333333334
4301,2,8,pitch_jump,1.0,0.040791339610534154,12.209360614960483,143.36666666666667
4304,2,6,pitch_jump,1.0,0.022824371949909772,14.802316975963214,143.46666666666667
4304,2,8,pitch_jump,1.0,0.038580774712423806,18.90825162150214,143.46666666666667
4304,2,13,pitch_jump,1.0,0.019394735778957572,14.075323158148837,143.46666666666667
4304,2,14,pitch_jump,1.0,0.01763466422401749,15.530770562445532,143.46666666666667
4304,2,17,pitch_jump,1.0,0.014656198868914937,13.426471167078065,143.46666666666667
4304,2,18,pitch_jump,1.0,0.005000653368197174,15.804396983638368,143.46666666666667
4306,2,15,pitch_jump,1.0,0.03009363182002384,13.322249533846692,143.53333333333333
4307,2,8,pitch_jump,1.0,0.0502105457255688,17.30066938262899,143.56666666666666
4307,2,17,pitch_jump,1.0,0.002622998854209903,12.443615373317167,143.56666666666666
4307,2,18,pitch_jump,1.0,0.020636928560830808,14.70074001488318,143.56666666666666
4309,2,8,pitch_jump,1.0,0.05251996389023488,12.897180847467947,143.63333333333333
4309,2,11,pitch_jump,1.0,0.02741796116275401,16.203526370872005,143.63333333333333
4309,2,16,pitch_jump,1.0,0.03040956267881948,12.98354728814827,143.63333333333333
4311,2,6,pitch_jump,1.0,0.0038703623666098788,13.103040917293027,143.7
4311,2,8,pitch_jump,1.0,0.07646232613672398,16.533939691962168,143.7
4311,2,14,pitch_jump,1.0,0.015096371785973279,12.129865105363208,143.7
4311,2,17,pitch_jump,1.0,0.006292899589341999,13.581959897924419,143.7
4311,2,18,pitch_jump,1.0,0.049244672232739095,17.33118009570359,143.7
4312,2,13,pitch_jump,1.0,0.030974959538862777,13.374099513093439,143.73333333333332
4313,2,6,pitch_jump,1.0,0.017725355506931034,16.58165081652645,143.76666666666668
4313,2,8,pitch_jump,1.0,0.0602840745536971,35.38620564031585,143.76666666666668
4313,2,10,pitch_jump,1.0,0.016253586311323485,19.591157809089093,143.76666666666668
4313,2,11,pitch_jump,1.0,0.03528771766946822,13.945345536842002,143.76666666666668
4313,2,14,pitch_jump,1.0,0.028547281291932514,18.076058106644027,143.76666666666668
4313,2,16,pitch_jump,1.0,0.033232058919125444,20.223237137950303,143.76666666666668
4313,2,17,pitch_jump,1.0,0.009565893985208535,21.38920618406511,143.76666666666668
4313,2,18,pitch_jump,1.0,0.073262748954096,35.83281854582807,143.76666666666668
4313,2,19,pitch_jump,1.0,0.0036012331144328258,14.428750068108027,143.76666666666668
4313,2,20,pitch_jump,1.0,0.012775772497157082,20.462907249310668,143.76666666666668
4313,2,21,pitch_jump,1.0,0.01609426892461508,16.35859341626181,143.76666666666668
4314,2,6,pitch_jump,1.0,0.019341181832159566,16.727391941791655,143.8
4314,2,8,pitch_jump,1.0,0.03697607811774879,25.902704893219866,143.8
4314,2,10,pitch_jump,1.0,0.003374582631239993,19.173472868872995,143.8
4314,2,11,pitch_jump,1.0,0.02077614002517557,24.10770778199353,143.8
4314,2,14,pitch_jump,1.0,0.018549536880962753,14.242760758092025,143.8
4314,2,16,pitch_jump,1.0,0.022349189616741722,23.35244535347683,143.8
4314,2,17,pitch_jump,1.0,0.0024633913295934186,13.452900934779151,143.8
4314,2,18,pitch_jump,1.0,0.04397607761976596,17.323973726864367,143.8
4314,2,20,pitch_jump,1.0,0.009788336028531741,13.4329985622234,143.8
4314,2,21,pitch_jump,1.0,0.006654205662080118,17.01752771458317,143.8
4315,2,6,pitch_jump,1.0,0.030239395261735438,13.917806204190072,143.83333333333334
4315,2,8,pitch_jump,1.0,0.06071357095655654,23.73010355124444,143.83333333333334
4315,2,10,pitch_jump,1.0,0.01762240689851234,14.739275888649145,143.83333333333334
4315,2,11,pitch_jump,1.0,0.028092229216290385,17.74374397938819,143.83333333333334
4315,2,16,pitch_jump,1.0,0.031178203143665217,17.78167030749491,143.83333333333334
4315,2,21,pitch_jump,1.0,0.02770869303594762,12.584108912437713,143.83333333333334
4316,2,6,pitch_jump,1.0,0.02048051250651294,16.4198520333393,143.86666666666667
4316,2,8,pitch_jump,1.0,0.03404756023868658,49.30140628637013,143.86666666666667
4316,2,10,pitch_jump,1.0,0.02175426537555135,27.41010265695748,143.86666666666667
4316,2,11,pitch_jump,1.0,0.03696725174532856,32.756291052378245,143.86666666666667
4316,2,14,pitch_jump,1.0,0.030153529159490412,14.055381814326186,143.86666666666667
4316,2,16,pitch_jump,1.0,0.03420493810967042,32.407328065691104,143.86666666666667
4316,2,17,pitch_jump,1.0,0.006985343459318465,20.45069153819911,143.86666666666667
4316,2,18,pitch_jump,1.0,0.05619425438112785,40.68955299216868,143.86666666666667
4316,2,19,pitch_jump,1.0,0.004704562138149243,12.329125476969576,143.86666666666667
4316,2,20,pitch_jump,1.0,0.012998781125285963,20.757865880209124,143.86666666666667
4316,2,21,pitch_jump,1.0,0.028629580679349564,20.072459131406625,143.86666666666667
4317,2,14,pitch_jump,1.0,0.0972432026634716,22.78747328208952,143.9
4318,2,2,pitch_jump,1.0,0.024484179195376526,15.513885875111031,143.93333333333334
4318,2,3,pitch_jump,1.0,0.035874225523599236,15.681427603332011,143.93333333333334
4318,2,6,pitch_jump,1.0,0.01392226285905494,28.600520716275092,143.93333333333334
4318,2,8,pitch_jump,1.0,0.07321651430410801,58.42284592090265,143.93333333333334
4318,2,10,pitch_jump,1.0,0.020756235951305102,35.97825380128475,143.93333333333334
4318,2,11,pitch_jump,1.0,0.03861784196158605,41.09994112657939,143.93333333333334
4318,2,13,pitch_jump,1.0,0.008941553903858,17.758089295968528,143.93333333333334
4318,2,14,pitch_jump,1.0,0.05677369272677252,28.933628061397044,143.93333333333334
4318,2,15,pitch_jump,1.0,0.02525942567133279,16.187793729484795,143.93333333333334
4318,2,16,pitch_jump,1.0,0.03756012139337579,44.4231063122795,143.93333333333334
4318,2,17,pitch_jump,1.0,0.016795282639413767,24.11569728195393,143.93333333333334
4318,2,18,pitch_jump,1.0,0.030134703535142575,41.41855096790782,143.93333333333334
4318,2,19,pitch_jump,1.0,0.015366204252326227,20.707429112625995,143.93333333333334
4318,2,20,pitch_jump,1.0,0.004309538693071389,26.36669538979653,143.93333333333334
4318,2,21,pitch_jump,1.0,0.027419793472905896,30.636731499286622,143.93333333333334
4323,2,6,pitch_jump,1.0,0.0074339489454866275,23.498612350027933,144.1
4323,2,8,pitch_jump,1.0,0.06522420689922574,53.06179744053164,144.1
4323,2,10,pitch_jump,1.0,0.0197952304455564,25.644556925706294,144.1
4323,2,11,pitch_jump,1.0,0.02026871032805766,27.775554273072423,144.1
4323,2,13,pitch_jump,1.0,0.008661531674633195,12.097412571434441,144.1
4323,2,14,pitch_jump,1.0,0.019805035879894933,20.93046233358737,144.1
4323,2,16,pitch_jump,1.0,0.02219151486996853,33.29288225269461,144.1
4323,2,17,pitch_jump,1.0,0.012180357699306973,27.67519906639209,144.1
4323,2,18,pitch_jump,1.0,0.09175965737417101,51.038321548004795,144.1
4323,2,19,pitch_jump,1.0,0.0023516255802179696,14.335339051106612,144.1
4323,2,20,pitch_jump,1.0,0.004874600115976891,22.950071044886712,144.1
4323,2,21,pitch_jump,1.0,0.02450463381544836,22.192958754153413,144.1
4324,2,8,pitch_jump,1.0,0.06471889061687078,13.588654524438189,144.13333333333333
4324,2,14,pitch_jump,1.0,0.03386603258799124,14.069183783027174,144.13333333333333
4324,2,15,pitch_jump,1.0,0.040361268545792715,12.38627401941207,144.13333333333333
4324,2,18,pitch_jump,1.0,0.08932029090872383,25.589710774117684,144.13333333333333
4325,2,14,pitch_jump,1.0,0.26961598330000874,35.67121519350756,144.16666666666666
4325,2,18,pitch_jump,1.0,0.040683800021552814,12.304201448268454,144.16666666666666
4326,2,14,pitch_jump,1.0,0.20470185811187416,15.708392362384618,144.2
4326,2,18,pitch_jump,1.0,0.016438781706935038,14.233821200119595,144.2
4327,2,11,pitch_jump,1.0,0.059228827991805524,12.190749019959071,144.23333333333332
4328,2,8,pitch_jump,1.0,0.037434039892667206,14.075307638844581,144.26666666666668
4328,2,18,pitch_jump,1.0,0.033210514243709174,12.152288172860553,144.26666666666668
4329,2,18,pitch_jump,1.0,0.055967358188063816,13.320980505070146,144.3
4330,2,8,pitch_jump,1.0,0.04124402744451057,23.7396375534378,144.33333333333334
4331,2,8,pitch_jump,1.0,0.052456899756484626,14.298473467159962,144.36666666666667
4331,2,10,pitch_jump,1.0,0.06035281234866048,16.574891537099994,144.36666666666667
4332,2,18,pitch_jump,1.0,0.04321967720573297,12.12135984737838,144.4
4334,2,10,pitch_jump,1.0,0.10912217716200696,19.105119336321344,144.46666666666667
4335,2,6,pitch_jump,1.0,0.019010828842743865,14.499042377933595,144.5
4335,2,8,pitch_jump,1.0,0.06148799275172852,20.615893257862584,144.5
4335,2,18,pitch_jump,1.0,0.0045688485356234106,20.490627961582508,144.5
4335,2,20,pitch_jump,1.0,0.018625486134167892,12.180885024203228,144.5
4336,2,3,pitch_jump,1.0,0.0797905758839723,12.765826536966642,144.53333333333333
4336,2,8,pitch_jump,1.0,0.10781178627917024,17.17098398856066,144.53333333333333
4336,2,13,pitch_jump,1.0,0.03309054748369917,12.167781252572178,144.53333333333333
4336,2,18,pitch_jump,1.0,0.030624087712482175,15.89307581071301,144.53333333333333
4337,2,8,pitch_jump,1.0,0.11863866530021752,14.259480494423098,144.56666666666666
4339,2,2,pitch_jump,1.0,0.09940885742336167,12.39653351123256,144.63333333333333
4339,2,3,pitch_jump,1.0,0.1147014092313831,12.492993500707499,144.63333333333333
4339,2,8,pitch_jump,1.0,0.13882193683222463,12.076236058582392,144.63333333333333
4340,2,8,pitch_jump,1.0,0.1669068298417027,16.810808494874898,144.66666666666666
4341,2,6,pitch_jump,1.0,0.030477663090139304,17.58051663127645,144.7
4341,2,8,pitch_jump,1.0,0.02434800532714597,20.873432884841158,144.7
4341,2,13,pitch_jump,1.0,0.025922488673844928,16.562623398249162,144.7
4341,2,14,pitch_jump,1.0,0.0833529294041751,29.243058606482307,144.7
4341,2,18,pitch_jump,1.0,0.06710753798041665,29.54062294943369,144.7
4341,2,19,pitch_jump,1.0,0.033417320454236094,12.026954998561488,144.7
4341,2,20,pitch_jump,1.0,0.03992294177941845,13.763284207629727,144.7
4341,2,21,pitch_jump,1.0,0.038157829945886436,12.236967305872234,144.7
4342,2,2,pitch_jump,1.0,0.1149928708120834,13.670943174705222,144.73333333333332
4342,2,3,pitch_jump,1.0,0.11805883031710322,14.12219631509484,144.73333333333332
4342,2,10,pitch_jump,1.0,0.11076649611377318,15.360392239589695,144.73333333333332
4342,2,11,pitch_jump,1.0,0.12213881271363836,16.744091003550906,144.73333333333332
4342,2,21,pitch_jump,1.0,0.09838740285932428,14.901501011369097,144.73333333333332
4343,2,8,pitch_jump,1.0,0.11060491695164319,19.702438753778516,144.76666666666668
4344,2,15,pitch_jump,1.0,0.051739812223767695,12.101192553155995,144.8
4345,2,6,pitch_jump,1.0,0.054652540167789164,16.37526371991029,144.83333333333334
4345,2,8,pitch_jump,1.0,0.06559900181199553,27.39051001851592,144.83333333333334
4345,2,14,pitch_jump,1.0,0.03805102699046607,18.74926403260653,144.83333333333334
4345,2,16,pitch_jump,1.0,0.06583098561099199,12.70121262432509,144.83333333333334
4345,2,18,pitch_jump,1.0,0.0715298185841365,20.810212396218798,144.83333333333334
4345,2,20,pitch_jump,1.0,0.06953004351063623,13.876532025685504,144.83333333333334
4346,2,8,pitch_jump,1.0,0.08217528258564273,18.22417635763715,144.86666666666667
4346,2,10,pitch_jump,1.0,0.11848960836714047,12.469425190018717,144.86666666666667
4346,2,14,pitch_jump,1.0,0.05115605505003029,13.561980983805746,144.86666666666667
4346,2,15,pitch_jump,1.0,0.09285849447292265,12.457791639860996,144.86666666666667
4346,2,16,pitch_jump,1.0,0.08350474966545773,13.089257495288768,144.86666666666667
4346,2,18,pitch_jump,1.0,0.04668108472319471,18.431115324783754,144.86666666666667
4346,2,20,pitch_jump,1.0,0.06529256525849313,12.348028023350519,144.86666666666667
4348,2,2,pitch_jump,1.0,0.11505808379335808,17.101787371614304,144.93333333333334
4348,2,3,pitch_jump,1.0,0.12295106606887828,18.791445810159548,144.93333333333334
4348,2,6,pitch_jump,1.0,0.06256678435973298,14.325674557906153,144.93333333333334
4348,2,13,pitch_jump,1.0,0.0639306291556937,15.3033974970494,144.93333333333334
4348,2,14,pitch_jump,1.0,0.04904759858658336,14.3983166710994,144.93333333333334
4348,2,15,pitch_jump,1.0,0.08360943307779503,16.20998119475014,144.93333333333334
4348,2,18,pitch_jump,1.0,0.05408824106715181,12.451608414911762,144.93333333333334
4348,2,19,pitch_jump,1.0,0.05261395364016588,16.304962420940083,144.93333333333334
4348,2,20,pitch_jump,1.0,0.07948622453374604,14.270479631296274,144.93333333333334
4348,2,21,pitch_jump,1.0,0.1080838239171108,12.976951642457053,144.93333333333334
4349,2,6,pitch_jump,1.0,0.07254904179502782,12.1486935851407,144.96666666666667
4349,2,8,pitch_jump,1.0,0.08977543421212385,24.643303269553666,144.96666666666667
4349,2,13,pitch_jump,1.0,0.08242265240754917,12.220119392265198,144.96666666666667
4349,2,14,pitch_jump,1.0,0.037522886752518386,15.34844477297123,144.96666666666667
4349,2,18,pitch_jump,1.0,0.0443154985868343,21.709513029387562,144.96666666666667
4351,2,18,pitch_jump,1.0,0.1420673871443893,16.06271931954951,145.03333333333333
4352,2,2,pitch_jump,1.0,0.12968172159912503,15.247459472134699,145.06666666666666
4352,2,6,pitch_jump,1.0,0.08223426917928403,14.842906968942762,145.06666666666666
4352,2,8,pitch_jump,1.0,0.0532638416801347,13.506160411334587,145.06666666666666
4352,2,10,pitch_jump,1.0,0.13422854647549776,16.174290937332543,145.06666666666666
4352,2,11,pitch_jump,1.0,0.14641489884247547,19.614996220564375,145.06666666666666
4352,2,13,pitch_jump,1.0,0.07951417076757272,21.415874571203947,145.06666666666666
4352,2,14,pitch_jump,1.0,0.0747174656052768,24.293283686273316,145.06666666666666
4352,2,15,pitch_jump,1.0,0.11100981142044794,21.668012006024295,145.06666666666666
4352,2,16,pitch_jump,1.0,0.1257345265776884,18.235712206921885,145.06666666666666
4352,2,17,pitch_jump,1.0,0.06467290089587673,22.331794678798044,145.06666666666666
4352,2,18,pitch_jump,1.0,0.14772803540510324,23.973565141474428,145.06666666666666
4352,2,19,pitch_jump,1.0,0.08556429880706905,19.552268400461283,145.06666666666666
4352,2,20,pitch_jump,1.0,0.0808628907948716,15.087004676599568,145.06666666666666
4352,2,21,pitch_jump,1.0,0.11650474161095886,13.350192671025724,145.06666666666666
4353,2,8,pitch_jump,1.0,0.06830254173104464,18.798813487527276,145.1
4355,2,8,pitch_jump,1.0,0.09110525901672235,13.41296164908245,145.16666666666666
4357,2,2,pitch_jump,1.0,0.11731586251903367,16.19082864457677,145.23333333333332
4357,2,3,pitch_jump,1.0,0.13405437006162416,14.147855054492942,145.23333333333332
4357,2,6,pitch_jump,1.0,0.09070354281164453,13.213415347758433,145.23333333333332
4357,2,8,pitch_jump,1.0,0.1519795813935154,14.301744569802919,145.23333333333332
4357,2,13,pitch_jump,1.0,0.0732414165873433,16.856882591332834,145.23333333333332
4357,2,14,pitch_jump,1.0,0.03173673477906023,16.512972108259408,145.23333333333332
4357,2,15,pitch_jump,1.0,0.09300677129864521,13.447630551242225,145.23333333333332
4357,2,17,pitch_jump,1.0,0.0485433972078881,16.15219361951587,145.23333333333332
4357,2,19,pitch_jump,1.0,0.09206796689057761,13.940021449429834,145.23333333333332
4357,2,20,pitch_jump,1.0,0.07820086763439556,12.685242668680244,145.23333333333332
4357,2,21,pitch_jump,1.0,0.08818173503354307,13.395449318048586,145.23333333333332
4360,2,6,pitch_jump,1.0,0.0702086623349572,13.150062911192272,145.33333333333334
4360,2,8,pitch_jump,1.0,0.11293703116412555,23.407863823294782,145.33333333333334
4360,2,14,pitch_jump,1.0,0.034090117854206965,17.81943682944487,145.33333333333334
4360,2,16,pitch_jump,1.0,0.05455067471633662,13.56270031354791,145.33333333333334
4360,2,17,pitch_jump,1.0,0.0614007846390381,16.472541414999938,145.33333333333334
4360,2,18,pitch_jump,1.0,0.08605073212957451,21.866314362882783,145.33333333333334
4361,2,6,pitch_jump,1.0,0.04446887963777504,12.856540886291553,145.36666666666667
4361,2,8,pitch_jump,1.0,0.12963239061899665,22.672832855875434,145.36666666666667
4361,2,14,pitch_jump,1.0,0.036211104354204736,14.25813051545288,145.36666666666667
4361,2,16,pitch_jump,1.0,0.05089363013464315,13.26389343472126,145.36666666666667
4361,2,17,pitch_jump,1.0,0.06241742077746831,12.663577690869765,145.36666666666667
4361,2,18,pitch_jump,1.0,0.04642080630484212,17.601766065901064,145.36666666666667
4361,2,20,pitch_jump,1.0,0.06231469999450023,13.267713726040908,145.36666666666667
4364,2,6,pitch_jump,1.0,0.06308416002059293,12.31975459113423,145.46666666666667
4364,2,10,pitch_jump,1.0,0.13004755713753857,12.636592879692897,145.46666666666667
4364,2,11,pitch_jump,1.0,0.15100296836228633,12.56222775064648,145.46666666666667
4364,2,14,pitch_jump,1.0,0.048506240593168416,12.683187117853315,145.46666666666667
4364,2,16,pitch_jump,1.0,0.08866610144619469,12.0275416966423,145.46666666666667
4364,2,17,pitch_jump,1.0,0.05897969320055016,17.037011167730146,145.46666666666667
4364,2,18,pitch_jump,1.0,0.029642082862101675,20.01172140520187,145.46666666666667
4365,2,14,pitch_jump,1.0,0.01427281109556091,14.005823970159984,145.5
4365,2,18,pitch_jump,1.0,0.028335667406240505,23.64010370787877,145.5
4366,2,14,pitch_jump,1.0,0.051551013745970084,12.399038407991954,145.53333333333333
4366,2,17,pitch_jump,1.0,0.08092764858469885,13.797752142097186,145.53333333333333
4366,2,18,pitch_jump,1.0,0.052849611694371475,21.977595355039966,145.53333333333333
4369,2,2,pitch_jump,1.0,0.11020022073586117,12.239289679330948,145.63333333333333
4369,2,3,pitch_jump,1.0,0.16163584743002835,15.584966168532121,145.63333333333333
4369,2,4,pitch_jump,1.0,0.08653411619205374,14.576305562888223,145.63333333333333
4369,2,6,pitch_jump,1.0,0.08382127338692019,13.289623645056146,145.63333333333333
4369,2,9,pitch_jump,1.0,0.037675881783381764,14.15363290506689,145.63333333333333
4369,2,10,pitch_jump,1.0,0.14471195010075716,12.070837561288728,145.63333333333333
4369,2,11,pitch_jump,1.0,0.16783807897916916,13.09799302468822,145.63333333333333
4369,2,14,pitch_jump,1.0,0.028113676158898433,13.356117140413065,145.63333333333333
4369,2,16,pitch_jump,1.0,0.024011065795071458,16.572865118006106,145.63333333333333
4369,2,18,pitch_jump,1.0,0.04013037406517582,18.296022908333295,145.63333333333333
4370,2,4,pitch_jump,1.0,0.0630240243652086,15.468382622951255,145.66666666666666
4370,2,9,pitch_jump,1.0,0.02011620240610779,12.885834377871149,145.66666666666666
4370,2,17,pitch_jump,1.0,0.0765277459471506,13.53975830236054,145.66666666666666
4371,2,4,pitch_jump,1.0,0.034672602750096836,12.092346291806296,145.7
4371,2,6,pitch_jump,1.0,0.02040999938311677,12.45256513595873,145.7
4371,2,9,pitch_jump,1.0,0.01467972882190453,15.120650120393707,145.7
4371,2,13,pitch_jump,1.0,0.04176026270722761,12.855490115068847,145.7
4371,2,14,pitch_jump,1.0,0.014070676955643131,14.359364394888631,145.7
4371,2,17,pitch_jump,1.0,0.023928021059465853,13.372996543610165,145.7
4371,2,18,pitch_jump,1.0,0.032176052577468,15.666445986946977,145.7
4372,2,4,pitch_jump,1.0,0.047758131922426304,18.168389800431044,145.73333333333332
4372,2,6,pitch_jump,1.0,0.053168180844612604,13.113332730721472,145.73333333333332
4372,2,9,pitch_jump,1.0,0.025119109372885976,16.204199223531848,145.73333333333332
4372,2,14,pitch_jump,1.0,0.0403373457098231,14.146630508592908,145.73333333333332
4372,2,16,pitch_jump,1.0,0.10204614693076337,13.322334786036903,145.73333333333332
4372,2,17,pitch_jump,1.0,0.06101673038116083,13.179970552133165,145.73333333333332
4372,2,18,pitch_jump,1.0,0.0021737571991450985,16.935060185806126,145.73333333333332
4375,2,3,pitch_jump,1.0,0.16001599737336963,12.65888934652869,145.83333333333334
4375,2,4,pitch_jump,1.0,0.024021822037006445,17.935682369544136,145.83333333333334
4375,2,9,pitch_jump,1.0,0.04230766656728956,17.260659809145825,145.83333333333334
4375,2,10,pitch_jump,1.0,0.12865534490938835,13.154241780121085,145.83333333333334
4375,2,14,pitch_jump,1.0,0.03854919310824502,12.565577839400241,145.83333333333334
4375,2,16,pitch_jump,1.0,0.07132279159701004,15.712921287833879,145.83333333333334
4375,2,20,pitch_jump,1.0,0.08094828148893711,13.955924888019513,145.83333333333334
4376,2,3,pitch_jump,1.0,0.17532678510923247,15.04691106239347,145.86666666666667
4376,2,6,pitch_jump,1.0,0.09346716960085251,13.445260056676554,145.86666666666667
4376,2,13,pitch_jump,1.0,0.10921979158084469,13.516081212453152,145.86666666666667
4376,2,15,pitch_jump,1.0,0.09424076683998366,15.216450886514755,145.86666666666667
4376,2,17,pitch_jump,1.0,0.0885395582303817,14.343725014646125,145.86666666666667
4376,2,19,pitch_jump,1.0,0.10056111057265697,14.183210716128908,145.86666666666667
4378,2,4,pitch_jump,1.0,0.05689400407477326,15.522606790294756,145.93333333333334
4378,2,9,pitch_jump,1.0,0.02660267693422912,13.170467346291257,145.93333333333334
4379,2,4,pitch_jump,1.0,0.07368953198610087,16.232552203813132,145.96666666666667
4380,2,17,pitch_jump,1.0,0.044905723216780186,13.033661214403162,146.0
4380,2,22,pitch_jump,1.0,0.05611092092387224,12.008070100740111,146.0
4381,2,2,pitch_jump,1.0,0.10198258605400606,20.942161669904124,146.03333333333333
4381,2,6,pitch_jump,1.0,0.044819840597402086,20.16709723478625,146.03333333333333
4381,2,9,pitch_jump,1.0,0.04112393008882017,22.340396882019903,146.03333333333333
4381,2,13,pitch_jump,1.0,0.12694558997907984,21.044903735003874,146.03333333333333
4381,2,14,pitch_jump,1.0,0.03735170892132306,24.883579592068827,146.03333333333333
4381,2,15,pitch_jump,1.0,0.1523045240868067,17.63813167161715,146.03333333333333
4381,2,17,pitch_jump,1.0,0.11174884320809761,23.058368497482093,146.03333333333333
4381,2,19,pitch_jump,1.0,0.1379521754482093,18.109213277458352,146.03333333333333
4381,2,20,pitch_jump,1.0,0.11229382839569774,16.784386350904516,146.03333333333333
4381,2,22,pitch_jump,1.0,0.09797170691720337,14.241229086061743,146.03333333333333
4383,2,20,pitch_jump,1.0,0.05962875594677208,13.73314904655501,146.1
4384,2,2,pitch_jump,1.0,0.1573182739187635,16.832559164749345,146.13333333333333
4384,2,3,pitch_jump,1.0,0.21211802487519002,13.200774050837783,146.13333333333333
4384,2,4,pitch_jump,1.0,0.0785789555627645,30.148028153020114,146.13333333333333
4384,2,6,pitch_jump,1.0,0.09781502597634349,26.392195820616543,146.13333333333333
4384,2,9,pitch_jump,1.0,0.13183970512526902,22.661350707670415,146.13333333333333
4384,2,10,pitch_jump,1.0,0.18125756404049312,19.203439960736887,146.13333333333333
4384,2,13,pitch_jump,1.0,0.1416778480772785,24.423772723513746,146.13333333333333
4384,2,14,pitch_jump,1.0,0.08144261190569993,30.095967089544903,146.13333333333333
4384,2,15,pitch_jump,1.0,0.17559301908301697,18.374950454606193,146.13333333333333
4384,2,16,pitch_jump,1.0,0.07516044989308526,23.580425719447604,146.13333333333333
4384,2,17,pitch_jump,1.0,0.11757810194751128,28.994555374812624,146.13333333333333
4384,2,19,pitch_jump,1.0,0.1521321369574271,23.33911064891518,146.13333333333333
4384,2,20,pitch_jump,1.0,0.099156920832123,22.833556631074202,146.13333333333333
4384,2,22,pitch_jump,1.0,0.16196824195207174,18.294971950800896,146.13333333333333
4385,2,14,pitch_jump,1.0,0.08177209537370535,12.343702192117362,146.16666666666666
4385,2,20,pitch_jump,1.0,0.1379654051387879,14.904836218564157,146.16666666666666
4386,2,4,pitch_jump,1.0,0.042453485661899916,17.301949659432495,146.2
4386,2,9,pitch_jump,1.0,0.11331743000553361,15.762562064941818,146.2
4386,2,10,pitch_jump,1.0,0.08192134387988624,14.99572552120815,146.2
4386,2,13,pitch_jump,1.0,0.0642306150748565,12.04214622925561,146.2
4386,2,14,pitch_jump,1.0,0.024588737982419263,12.093919350303327,146.2
4386,2,15,pitch_jump,1.0,0.08353722006889507,15.338520601529051,146.2
4386,2,17,pitch_jump,1.0,0.050774511192566846,14.93605023289771,146.2
4386,2,19,pitch_jump,1.0,0.06829392419103388,12.588494600495544,146.2
4387,2,6,pitch_jump,1.0,0.11809187796159602,16.28218531405964,146.23333333333332
4387,2,9,pitch_jump,1.0,0.034711758250691394,19.095260462539024,146.23333333333332
4387,2,10,pitch_jump,1.0,0.18936641733684598,14.530995213151511,146.23333333333332
4387,2,13,pitch_jump,1.0,0.1528901964035967,14.990099705551557,146.23333333333332
4387,2,14,pitch_jump,1.0,0.076741334380038,18.153450789904355,146.23333333333332
4387,2,17,pitch_jump,1.0,0.11810256475193393,18.642657756173747,146.23333333333332
4387,2,19,pitch_jump,1.0,0.1747349934689029,13.694221405788646,146.23333333333332
4387,2,20,pitch_jump,1.0,0.09927934655474213,15.199628732720958,146.23333333333332
4387,2,22,pitch_jump,1.0,0.16362387637892906,12.038977240001229,146.23333333333332
4388,2,8,pitch_jump,1.0,0.07237756302179309,12.267987184620612,146.26666666666668
4388,2,9,pitch_jump,1.0,0.06265237116744876,17.543224881735306,146.26666666666668
4388,2,17,pitch_jump,1.0,0.13795081004530335,13.090288815150792,146.26666666666668
4390,2,2,pitch_jump,1.0,0.18955575924576382,16.48876078886391,146.33333333333334
4390,2,3,pitch_jump,1.0,0.28511966108007497,15.635362952674013,146.33333333333334
4390,2,6,pitch_jump,1.0,0.1656142464977543,22.189768495577468,146.33333333333334
4390,2,8,pitch_jump,1.0,0.404440273271591,33.16289511350684,146.33333333333334
4390,2,9,pitch_jump,1.0,0.14102088256470038,24.84658712374566,146.33333333333334
4390,2,10,pitch_jump,1.0,0.21955307774103722,16.79078666698639,146.33333333333334
4390,2,13,pitch_jump,1.0,0.19809596294340606,17.14832090238239,146.33333333333334
4390,2,14,pitch_jump,1.0,0.08355783886981669,19.680345248822594,146.33333333333334
4390,2,15,pitch_jump,1.0,0.20843002657847357,16.825676509373356,146.33333333333334
4390,2,16,pitch_jump,1.0,0.14682090005404275,13.32250819516838,146.33333333333334
4390,2,17,pitch_jump,1.0,0.1354203882349711,20.41656890233306,146.33333333333334
4390,2,19,pitch_jump,1.0,0.20147607981906857,16.31352833318274,146.33333333333334
4390,2,20,pitch_jump,1.0,0.10669932215578097,20.807544872172414,146.33333333333334
4391,2,4,pitch_jump,1.0,0.1422515260014596,14.986510730288645,146.36666666666667
4391,2,15,pitch_jump,1.0,0.2308012153940643,12.721651461274112,146.36666666666667
4392,2,4,pitch_jump,1.0,0.07797914458096293,15.65039493082288,146.4
4392,2,22,pitch_jump,1.0,0.08806593310861689,13.943369788761634,146.4
4393,2,2,pitch_jump,1.0,0.17572586152119127,21.172393652499892,146.43333333333334
4393,2,3,pitch_jump,1.0,0.3382721181759419,17.8885004714466,146.43333333333334
4393,2,6,pitch_jump,1.0,0.08497455793682716,21.34965721866941,146.43333333333334
4393,2,8,pitch_jump,1.0,0.07167307133637588,13.760321135938936,146.43333333333334
4393,2,10,pitch_jump,1.0,0.2632471505456104,17.721479476930387,146.43333333333334
4393,2,11,pitch_jump,1.0,0.3018891620864384,15.213213139782484,146.43333333333334
4393,2,13,pitch_jump,1.0,0.2225186632408551,21.977572700452708,146.43333333333334
4393,2,14,pitch_jump,1.0,0.12482254622794818,15.721295221519538,146.43333333333334
4393,2,15,pitch_jump,1.0,0.24134375519262372,22.629399482610452,146.43333333333334
4393,2,16,pitch_jump,1.0,0.10301227096454961,12.51953210858656,146.43333333333334
4393,2,17,pitch_jump,1.0,0.15232916983776926,18.32637944950894,146.43333333333334
4393,2,19,pitch_jump,1.0,0.20330347615789043,20.21612623415653,146.43333333333334
4394,2,2,pitch_jump,1.0,0.19175790012551014,28.423389378112116,146.46666666666667
4394,2,3,pitch_jump,1.0,0.35332530146014984,18.0063877008589,146.46666666666667
4394,2,4,pitch_jump,1.0,0.1503833071854648,34.121062139049926,146.46666666666667
4394,2,6,pitch_jump,1.0,0.14149178973602802,35.461040428602224,146.46666666666667
4394,2,8,pitch_jump,1.0,0.07614242411047034,42.868447504395924,146.46666666666667
4394,2,9,pitch_jump,1.0,0.06297664104737445,42.1458792996152,146.46666666666667
4394,2,10,pitch_jump,1.0,0.23132363597288574,33.44043110950878,146.46666666666667
4394,2,11,pitch_jump,1.0,0.28287185303460877,25.61332798016759,146.46666666666667
4394,2,13,pitch_jump,1.0,0.22378601151100921,32.56791501893765,146.46666666666667
4394,2,14,pitch_jump,1.0,0.130122996894969,42.591200460618374,146.46666666666667
4394,2,15,pitch_jump,1.0,0.2676742556958348,28.6011967540739,146.46666666666667
4394,2,16,pitch_jump,1.0,0.0685633888509213,32.971791634387806,146.46666666666667
4394,2,17,pitch_jump,1.0,0.16917154208688298,44.01852730393153,146.46666666666667
4394,2,19,pitch_jump,1.0,0.2095583807597047,30.14122984568501,146.46666666666667
4394,2,22,pitch_jump,1.0,0.1870829012894787,27.90250152517649,146.46666666666667
4396,2,4,pitch_jump,1.0,0.17001372289825106,23.56510863113375,146.53333333333333
4396,2,6,pitch_jump,1.0,0.18539510655015004,17.220581992736705,146.53333333333333
4396,2,8,pitch_jump,1.0,0.04838233794244345,27.604120269870755,146.53333333333333
4396,2,9,pitch_jump,1.0,0.15732825856734375,39.801897759126824,146.53333333333333
4396,2,10,pitch_jump,1.0,0.2594445564243418,17.431278172727012,146.53333333333333
4396,2,11,pitch_jump,1.0,0.2868970532863974,12.137832210136139,146.53333333333333
4396,2,13,pitch_jump,1.0,0.21999205883718506,16.716437171251005,146.53333333333333
4396,2,14,pitch_jump,1.0,0.10079831814142214,22.22112000054148,146.53333333333333
4396,2,15,pitch_jump,1.0,0.28186621065811496,14.738760843468722,146.53333333333333
4396,2,16,pitch_jump,1.0,0.1799752947262201,16.055764285098977,146.53333333333333
4396,2,19,pitch_jump,1.0,0.21909992445699922,14.051935702406883,146.53333333333333
4396,2,22,pitch_jump,1.0,0.16808392109512119,23.370985607755852,146.53333333333333
4397,2,4,pitch_jump,1.0,0.16186154064360192,15.196481773518032,146.56666666666666
4397,2,11,pitch_jump,1.0,0.29341169643905385,13.30748256524277,146.56666666666666
4397,2,16,pitch_jump,1.0,0.17306625521640942,18.252480546363316,146.56666666666666
4397,2,22,pitch_jump,1.0,0.21779816725393863,15.951684496309658,146.56666666666666
4398,2,22,pitch_jump,1.0,0.1015830583845239,15.74717204795443,146.6
4400,2,2,pitch_jump,1.0,0.22609938098803056,13.054881758828307,146.66666666666666
4400,2,3,pitch_jump,1.0,0.34018004585601286,14.352330838787811,146.66666666666666
4400,2,22,pitch_jump,1.0,0.1951729729626207,12.852746499663407,146.66666666666666
4401,2,10,pitch_jump,1.0,0.14241566193947555,17.17713356154921,146.7
4402,2,4,pitch_jump,1.0,0.15892416678241347,13.618040746328154,146.73333333333332
4402,2,6,pitch_jump,1.0,0.16420937772639702,12.286064310885756,146.73333333333332
4402,2,8,pitch_jump,1.0,0.04759454753955098,17.308162521331553,146.73333333333332
4402,2,10,pitch_jump,1.0,0.29494305592052833,20.938468426128644,146.73333333333332
4402,2,13,pitch_jump,1.0,0.22668700470043066,14.490875090221389,146.73333333333332
4402,2,14,pitch_jump,1.0,0.11717257160164464,14.380435904397332,146.73333333333332
4402,2,19,pitch_jump,1.0,0.2521266607807177,13.130386091739174,146.73333333333332
4402,2,22,pitch_jump,1.0,0.16316587039416544,16.331149192481412,146.73333333333332
4404,2,14,pitch_jump,1.0,0.05682119680041482,12.773054824836429,146.8
4405,2,3,pitch_jump,1.0,0.36895604821633576,16.432063797480644,146.83333333333334
4405,2,8,pitch_jump,1.0,0.074674423879087,15.085521836483405,146.83333333333334
4406,2,2,pitch_jump,1.0,0.22750550429157987,22.76462251140772,146.86666666666667
4406,2,3,pitch_jump,1.0,0.3903981525931864,16.30107371591008,146.86666666666667
4406,2,4,pitch_jump,1.0,0.1652594533832825,41.4327129695563,146.86666666666667
4406,2,5,pitch_jump,1.0,0.11316032552542925,33.229345662945335,146.86666666666667
4406,2,6,pitch_jump,1.0,0.16511016646219895,33.330379582049694,146.86666666666667
4406,2,7,pitch_jump,1.0,0.2575566635027217,19.667246130479118,146.86666666666667
4406,2,8,pitch_jump,1.0,0.03666997849711427,48.55596063763113,146.86666666666667
4406,2,11,pitch_jump,1.0,0.28281596525098646,18.90177006890939,146.86666666666667
4406,2,13,pitch_jump,1.0,0.2580045274732116,32.29368311638105,146.86666666666667
4406,2,15,pitch_jump,1.0,0.27152353158232434,22.613426941524057,146.86666666666667
4406,2,16,pitch_jump,1.0,0.17553061063495143,23.19178289692623,146.86666666666667
4406,2,19,pitch_jump,1.0,0.26269729371128847,30.378642146868277,146.86666666666667
4407,2,4,pitch_jump,1.0,0.06781898936717719,15.848664677640963,146.9
4407,2,5,pitch_jump,1.0,0.0694689588223458,15.950499992844856,146.9
4407,2,22,pitch_jump,1.0,0.11039228827910835,25.03693321132128,146.9
4408,2,2,pitch_jump,1.0,0.25522660686664833,27.512096551686685,146.93333333333334
4408,2,3,pitch_jump,1.0,0.3778445229389435,19.446152242365887,146.93333333333334
4408,2,4,pitch_jump,1.0,0.1578850899273758,30.13603702587474,146.93333333333334
4408,2,5,pitch_jump,1.0,0.19530433779530892,14.901281434918701,146.93333333333334
4408,2,6,pitch_jump,1.0,0.1594035022082857,35.26283819640885,146.93333333333334
4408,2,11,pitch_jump,1.0,0.25947836686816295,18.954839809045723,146.93333333333334
4408,2,13,pitch_jump,1.0,0.2385054901521024,39.82625293734103,146.93333333333334
4408,2,16,pitch_jump,1.0,0.1398822407008958,24.648510196778087,146.93333333333334
4408,2,19,pitch_jump,1.0,0.24591892308499816,36.109479911285355,146.93333333333334
4408,2,22,pitch_jump,1.0,0.1762422183087255,16.548819493057735,146.93333333333334
4409,2,2,pitch_jump,1.0,0.22924590363806746,16.19949496015118,146.96666666666667
4409,2,6,pitch_jump,1.0,0.12410145604104543,13.535731547229975,146.96666666666667
4409,2,19,pitch_jump,1.0,0.23434330906903728,15.031829167527288,146.96666666666667
4410,2,4,pitch_jump,1.0,0.06338038470715396,23.706999045862563,147.0
4410,2,5,pitch_jump,1.0,0.06866414866475341,19.836743423478417,147.0
4410,2,7,pitch_jump,1.0,0.1134745510513526,12.609278777368688,147.0
4410,2,8,pitch_jump,4.0,0.02466109647852611,15.946556865749862,147.0
4410,2,16,pitch_jump,1.0,0.004759597232341626,12.239240709203221,147.0
4411,2,2,pitch_jump,1.0,0.22880746343466413,17.165229531758342,147.03333333333333
4411,2,3,pitch_jump,1.0,0.3625013396046292,13.139392105306971,147.03333333333333
4411,2,4,pitch_jump,1.0,0.16379003588265093,14.696924529660322,147.03333333333333
4411,2,6,pitch_jump,1.0,0.13340694365210676,23.397294235141942,147.03333333333333
4411,2,8,pitch_jump,1.0,0.0885721517660206,16.55910667386329,147.03333333333333
4411,2,19,pitch_jump,1.0,0.2337124270831711,22.230174241193932,147.03333333333333
4412,2,2,pitch_jump,1.0,0.2127829236264369,20.993393505109786,147.06666666666666
4412,2,3,pitch_jump,1.0,0.34014987304430294,12.299111524336343,147.06666666666666
4412,2,4,pitch_jump,1.0,0.1613692954170806,43.43153235093519,147.06666666666666
4412,2,5,pitch_jump,1.0,0.11434595970631736,18.645981449334524,147.06666666666666
4412,2,6,pitch_jump,1.0,0.12501305840250787,36.72782123504647,147.06666666666666
4412,2,8,pitch_jump,1.0,0.07832959072047559,51.242967101312836,147.06666666666666
4412,2,11,pitch_jump,1.0,0.291908343584739,12.899888986010042,147.06666666666666
4412,2,16,pitch_jump,1.0,0.15383751086642847,21.49601645986591,147.06666666666666
4412,2,19,pitch_jump,1.0,0.22361446157966236,36.57782767937207,147.06666666666666
4412,2,22,pitch_jump,1.0,0.1942322332560964,30.728861001157203,147.06666666666666
4413,2,2,pitch_jump,1.0,0.09241811393185785,101.7306740784987,147.1
4413,2,3,pitch_jump,1.0,0.16969833332751819,76.39030311066445,147.1
4413,2,4,pitch_jump,1.0,0.08289735958441784,85.30626932745258,147.1
4413,2,6,pitch_jump,1.0,0.059876674619010674,118.18807368054041,147.1
4413,2,7,pitch_jump,1.0,0.06787315130512743,19.758230111809667,147.1
4413,2,8,pitch_jump,1.0,0.03262443021560101,105.34160862026367,147.1
4413,2,11,pitch_jump,1.0,0.11844799406225004,29.40897009889724,147.1
4413,2,16,pitch_jump,1.0,0.046637981952276066,42.1887634762074,147.1
4413,2,19,pitch_jump,1.0,0.08964964022446847,144.6066103393303,147.1
4413,2,22,pitch_jump,1.0,0.09389498091665245,19.409179317143273,147.1
4414,2,2,pitch_jump,1.0,0.2136008108306712,13.007444132151145,147.13333333333333
4414,2,5,pitch_jump,1.0,0.14920924710159494,12.306972991567187,147.13333333333333
4414,2,6,pitch_jump,1.0,0.13396714519398945,14.053329199591891,147.13333333333333
4414,2,8,pitch_jump,1.0,0.04860662336648329,16.55198044877179,147.13333333333333
4414,2,14,pitch_jump,1.0,0.1260015299893485,13.670447699370625,147.13333333333333
4414,2,16,pitch_jump,1.0,0.17018793875485874,12.905588765789721,147.13333333333333
4414,2,22,pitch_jump,1.0,0.15362329941083222,12.887418312032162,147.13333333333333
4415,2,2,pitch_jump,1.0,0.1903966315933316,16.1186200421217,147.16666666666666
4415,2,4,pitch_jump,1.0,0.09032196672500234,12.872398863687943,147.16666666666666
4415,2,6,pitch_jump,1.0,0.1080115862982235,15.68525044106609,147.16666666666666
4415,2,8,pitch_jump,1.0,0.061121903645811444,16.206977810388864,147.16666666666666
4415,2,14,pitch_jump,1.0,0.12686404846636848,13.350534164800454,147.16666666666666
4415,2,18,pitch_jump,1.0,0.0836460027032759,13.610220782936786,147.16666666666666
4415,2,22,pitch_jump,1.0,0.1396577175092355,12.953329142674772,147.16666666666666
4416,2,2,pitch_jump,1.0,0.07917386711507501,17.52318295148104,147.2
4416,2,3,pitch_jump,1.0,0.17984160190467702,19.064850246098658,147.2
4416,2,6,pitch_jump,1.0,0.048193626685237884,16.374650046562124,147.2
4416,2,10,pitch_jump,1.0,0.09990855991682954,14.795744213251945,147.2
4416,2,14,pitch_jump,1.0,0.04864634733811855,18.842482084632973,147.2
4416,2,18,pitch_jump,1.0,0.040437746297898654,15.123812380500553,147.2
4417,2,3,pitch_jump,1.0,0.362032431903966,12.122449586221228,147.23333333333332
4417,2,5,pitch_jump,1.0,0.16580563821357436,13.854885730506219,147.23333333333332
4417,2,8,pitch_jump,1.0,0.0270823890286561,12.825946433297942,147.23333333333332
4417,2,10,pitch_jump,1.0,0.23376745308558106,13.12328093987536,147.23333333333332
4418,2,2,pitch_jump,1.0,0.22557551250880098,22.224701111591866,147.26666666666668
4418,2,3,pitch_jump,1.0,0.34286425380212804,21.942304399338276,147.26666666666668
4418,2,6,pitch_jump,1.0,0.13197146135688229,20.694437907175942,147.26666666666668
4418,2,7,pitch_jump,1.0,0.23524112401779038,13.335827489241607,147.26666666666668
4418,2,10,pitch_jump,1.0,0.22849080426872623,12.978767480615254,147.26666666666668
4418,2,14,pitch_jump,1.0,0.10776845692541213,24.487589677789586,147.26666666666668
4418,2,16,pitch_jump,1.0,0.08776388820313644,13.320738326081807,147.26666666666668
4418,2,18,pitch_jump,1.0,0.10016509341024521,18.730313679201384,147.26666666666668
4418,2,22,pitch_jump,1.0,0.2425735577177342,18.114116915210843,147.26666666666668
4419,2,2,pitch_jump,1.0,0.10830230145576816,16.867891154522212,147.3
4419,2,3,pitch_jump,1.0,0.17072158931294826,14.805959539776875,147.3
4419,2,4,pitch_jump,1.0,0.05929170786959718,14.161413130590427,147.3
4419,2,6,pitch_jump,1.0,0.05447465654396472,18.056348370197945,147.3
4419,2,8,pitch_jump,1.0,0.02502801548427735,16.13166919165068,147.3
4419,2,14,pitch_jump,1.0,0.044753287260629784,19.43913211814643,147.3
4419,2,18,pitch_jump,1.0,0.038739285325838965,17.486145412615777,147.3
4419,2,22,pitch_jump,1.0,0.09360482880340489,13.993670763538512,147.3
4420,2,2,pitch_jump,1.0,0.23946575834009803,14.900708144536658,147.33333333333334
4420,2,3,pitch_jump,1.0,0.32537263366781655,13.114929239048186,147.33333333333334
4420,2,4,pitch_jump,1.0,0.14514700483544668,16.88052255545384,147.33333333333334
4420,2,5,pitch_jump,1.0,0.12769862590656086,23.420365993859352,147.33333333333334
4420,2,6,pitch_jump,1.0,0.122609998316808,15.747012730408892,147.33333333333334
4420,2,7,pitch_jump,1.0,0.2368570120373815,28.90384644326555,147.33333333333334
4420,2,8,pitch_jump,1.0,0.08658229793590101,14.024231169276858,147.33333333333334
4420,2,11,pitch_jump,1.0,0.24240342245403648,15.350385588690175,147.33333333333334
4420,2,14,pitch_jump,1.0,0.15398137671275466,21.76318445646674,147.33333333333334
4420,2,16,pitch_jump,1.0,0.14990588086577475,15.774712994997984,147.33333333333334
4420,2,18,pitch_jump,1.0,0.10424924146850062,14.48620191663385,147.33333333333334
4420,2,22,pitch_jump,1.0,0.1396284227798149,23.162869866738177,147.33333333333334
4421,2,2,pitch_jump,1.0,0.23660658221751155,31.257436055407705,147.36666666666667
4421,2,3,pitch_jump,1.0,0.3352242981184628,17.29498541830528,147.36666666666667
4421,2,4,pitch_jump,1.0,0.13554642069877515,37.23669391347369,147.36666666666667
4421,2,5,pitch_jump,1.0,0.10054476982354035,22.52387440570305,147.36666666666667
4421,2,6,pitch_jump,1.0,0.1423132681895978,35.37293860845598,147.36666666666667
4421,2,7,pitch_jump,1.0,0.17423406653395543,12.504713190741832,147.36666666666667
4421,2,8,pitch_jump,1.0,0.07805941915865776,43.51757170755594,147.36666666666667
4421,2,10,pitch_jump,1.0,0.19059299078796774,15.365650333385986,147.36666666666667
4421,2,11,pitch_jump,1.0,0.27608325333569034,16.52495293879264,147.36666666666667
4421,2,14,pitch_jump,1.0,0.1316078549531146,40.16295616093874,147.36666666666667
4421,2,16,pitch_jump,1.0,0.15460099334381033,26.757666082674938,147.36666666666667
4421,2,18,pitch_jump,1.0,0.10061848462142331,47.30305470823469,147.36666666666667
4421,2,22,pitch_jump,1.0,0.1411802761461927,16.841527739166853,147.36666666666667
4422,2,2,pitch_jump,1.0,0.09431338353094748,12.184057938593162,147.4
4422,2,4,pitch_jump,1.0,0.04983063800213343,14.143498062034132,147.4
4422,2,5,pitch_jump,1.0,0.04799913408604956,17.039787778674558,147.4
4422,2,7,pitch_jump,1.0,0.06057414058465276,12.780792299110532,147.4
4422,2,8,pitch_jump,1.0,0.046776366477203506,16.524569085514823,147.4
4422,2,11,pitch_jump,1.0,0.0807870000627418,19.09836397911351,147.4
4422,2,16,pitch_jump,1.0,0.051733273107404124,14.875011279077823,147.4
4422,2,18,pitch_jump,1.0,0.026929028270243092,12.814254348950472,147.4
4422,2,22,pitch_jump,1.0,0.06571543416340914,14.582376654943822,147.4
4423,2,2,pitch_jump,1.0,0.22448073155377926,22.579493094643418,147.43333333333334
4423,2,3,pitch_jump,1.0,0.36563315055221557,27.288596533841407,147.43333333333334
4423,2,4,pitch_jump,1.0,0.1267959209957198,20.71499326418547,147.43333333333334
4423,2,5,pitch_jump,1.0,0.17970639878128486,27.827017677933,147.43333333333334
4423,2,8,pitch_jump,1.0,0.04412695378780034,13.968031575974681,147.43333333333334
4423,2,11,pitch_jump,1.0,0.29473720983025253,16.367159836993817,147.43333333333334
4423,2,14,pitch_jump,1.0,0.0764952213228103,12.073544531232143,147.43333333333334
4423,2,18,pitch_jump,1.0,0.0670419686822682,13.778296981035805,147.43333333333334
4423,2,22,pitch_jump,1.0,0.20970226338184267,21.605846889720045,147.43333333333334
4424,2,14,pitch_jump,1.0,0.12011452403323852,17.8924380539982,147.46666666666667
4424,2,20,pitch_jump,1.0,0.1210717162198878,16.45668034474372,147.46666666666667
4425,2,2,pitch_jump,1.0,0.0862739350094231,59.41298989699034,147.5
4425,2,3,pitch_jump,1.0,0.15248302913403444,57.56558332670557,147.5
4425,2,4,pitch_jump,1.0,0.024394258947615866,21.41329136737252,147.5
4425,2,5,pitch_jump,1.0,0.05444074503251895,20.027269567505133,147.5
4425,2,8,pitch_jump,1.0,0.028754047768565685,26.295290133610514,147.5
4425,2,10,pitch_jump,1.0,0.07150502652920387,37.75856057248253,147.5
4425,2,11,pitch_jump,1.0,0.1043152288878703,39.61114553613818,147.5
4425,2,14,pitch_jump,1.0,0.04486205754939606,38.76931404790115,147.5
4425,2,16,pitch_jump,1.0,0.019074957164224634,22.58169126277449,147.5
4425,2,20,pitch_jump,1.0,0.06961200241208405,37.115542149192336,147.5
4425,2,22,pitch_jump,1.0,0.09184510743192507,19.08131840084797,147.5
4426,2,14,pitch_jump,1.0,0.1277201096973712,12.169253939581433,147.53333333333333
4426,2,20,pitch_jump,1.0,0.11054562944205709,14.800034811810198,147.53333333333333
4427,2,2,pitch_jump,1.0,0.17191160561455812,17.119391499049343,147.56666666666666
4427,2,3,pitch_jump,1.0,0.29762000212106393,12.429676391721278,147.56666666666666
4427,2,4,pitch_jump,1.0,0.0602956577738771,16.77335542400234,147.56666666666666
4427,2,5,pitch_jump,1.0,0.10978066110958173,16.454441482172587,147.56666666666666
4427,2,7,pitch_jump,1.0,0.10362753676943462,21.40150983433114,147.56666666666666
4427,2,8,pitch_jump,1.0,0.04506585285516453,16.772109213953367,147.56666666666666
4427,2,10,pitch_jump,1.0,0.18037650427514657,14.733590465059626,147.56666666666666
4427,2,11,pitch_jump,1.0,0.20898616286011606,15.202554250297142,147.56666666666666
4427,2,14,pitch_jump,1.0,0.10512534573274711,17.669483690846775,147.56666666666666
4427,2,16,pitch_jump,1.0,0.06939036046470023,17.640415864757284,147.56666666666666
4427,2,18,pitch_jump,1.0,0.1066907689055532,15.90732078238164,147.56666666666666
4427,2,20,pitch_jump,1.0,0.10201411927011016,16.574590473812027,147.56666666666666
4427,2,21,pitch_jump,1.0,0.1457685250195798,15.210326469151166,147.56666666666666
4427,2,22,pitch_jump,1.0,0.12713483688977603,17.04319336300097,147.56666666666666
4428,2,2,pitch_jump,1.0,0.06764708894075104,20.914635288857845,147.6
4428,2,3,pitch_jump,1.0,0.14435828482290602,19.09147463988935,147.6
4428,2,4,pitch_jump,1.0,0.025178737571245474,12.134476240641032,147.6
4428,2,8,pitch_jump,1.0,0.05080870175942284,16.32993720150884,147.6
4428,2,10,pitch_jump,1.0,0.09648483383356192,12.781611482036686,147.6
4428,2,11,pitch_jump,1.0,0.06552241218077005,12.115356885212824,147.6
4428,2,14,pitch_jump,1.0,0.027875293689727302,23.30381825359588,147.6
4428,2,18,pitch_jump,1.0,0.03033690174543196,17.868609844150445,147.6
4428,2,20,pitch_jump,1.0,0.03887328653166305,19.13469682298552,147.6
4428,2,21,pitch_jump,1.0,0.06532517249710355,13.960420854739867,147.6
4429,2,4,pitch_jump,1.0,0.11043330954454521,16.257098341456967,147.63333333333333
4429,2,8,pitch_jump,1.0,0.017278261041412942,19.95280465510391,147.63333333333333
4429,2,14,pitch_jump,1.0,0.10050138472714908,20.030355494399338,147.63333333333333
4429,2,18,pitch_jump,1.0,0.09327275803016395,19.194402993142578,147.63333333333333
4429,2,20,pitch_jump,1.0,0.0995617413014577,13.180943179188457,147.63333333333333
4430,2,2,pitch_jump,1.0,0.16777953544198532,30.709764829783342,147.66666666666666
4430,2,4,pitch_jump,1.0,0.10663625253816862,23.026520628217085,147.66666666666666
4430,2,5,pitch_jump,1.0,0.1485119827730957,20.370798759804337,147.66666666666666
4430,2,7,pitch_jump,1.0,0.199844464891551,17.798351204195512,147.66666666666666
4430,2,8,pitch_jump,1.0,0.04119857136279184,24.253936918844136,147.66666666666666
4430,2,10,pitch_jump,1.0,0.17798949157257443,12.947455103844796,147.66666666666666
4430,2,14,pitch_jump,1.0,0.10765946764702208,25.158304762995158,147.66666666666666
4430,2,16,pitch_jump,1.0,0.1313571669420018,21.793383322350454,147.66666666666666
4430,2,18,pitch_jump,1.0,0.0805114111309763,32.467883747209584,147.66666666666666
4430,2,20,pitch_jump,1.0,0.22240208188745128,28.605027844235934,147.66666666666666
4430,2,21,pitch_jump,1.0,0.14649838690704423,20.94733170881184,147.66666666666666
4430,2,22,pitch_jump,1.0,0.2104348805849396,30.44031404936176,147.66666666666666
4431,2,4,pitch_jump,1.0,0.03885666752829554,13.050976967415883,147.7
4431,2,5,pitch_jump,1.0,0.06305242911625447,18.67063079761873,147.7
4431,2,7,pitch_jump,1.0,0.05266123852553484,14.31868930613968,147.7
4431,2,8,pitch_jump,1.0,0.027153261361443914,15.12980389757578,147.7
4431,2,16,pitch_jump,1.0,0.052469117932434965,18.932242426609264,147.7
4431,2,22,pitch_jump,1.0,0.08613177709627284,23.201896966977703,147.7
4432,2,4,pitch_jump,1.0,0.10000971486537588,20.957713966419558,147.73333333333332
4432,2,5,pitch_jump,1.0,0.1299825781828673,21.561928633707737,147.73333333333332
4432,2,6,pitch_jump,1.0,0.10592183316131629,19.664446477585216,147.73333333333332
4432,2,8,pitch_jump,1.0,0.08968758942689078,32.817583402052705,147.73333333333332
4432,2,9,pitch_jump,1.0,0.0928524865591789,27.297075494336717,147.73333333333332
4432,2,10,pitch_jump,1.0,0.15404581429727368,14.31986832000084,147.73333333333332
4432,2,14,pitch_jump,1.0,0.10662457313465937,21.91426581956513,147.73333333333332
4432,2,16,pitch_jump,1.0,0.087891126801815,14.182728153291887,147.73333333333332
4432,2,18,pitch_jump,1.0,0.08136198545480437,27.857558832067944,147.73333333333332
4432,2,20,pitch_jump,1.0,0.14721553778677515,19.67024897544591,147.73333333333332
4432,2,21,pitch_jump,1.0,0.14832895548773725,16.393807722681586,147.73333333333332
4432,2,22,pitch_jump,1.0,0.08306842161682028,13.420352181320338,147.73333333333332
4433,2,4,pitch_jump,1.0,0.08035355452836619,61.099518114135265,147.76666666666668
4433,2,5,pitch_jump,1.0,0.10476859783598488,84.31682392450074,147.76666666666668
4433,2,6,pitch_jump,1.0,0.12168873311575405,55.116445796699146,147.76666666666668
4433,2,7,pitch_jump,1.0,0.09407307058116283,23.63206069522239,147.76666666666668
4433,2,8,pitch_jump,1.0,0.057820532670090366,47.70124951224036,147.76666666666668
4433,2,9,pitch_jump,1.0,0.07888691018306425,24.978856548476667,147.76666666666668
4433,2,10,pitch_jump,1.0,0.18320379499655498,61.00027897634187,147.76666666666668
4433,2,11,pitch_jump,1.0,0.21869175013385136,56.69339268348586,147.76666666666668
4433,2,14,pitch_jump,1.0,0.08148079676695856,49.48985845973351,147.76666666666668
4433,2,18,pitch_jump,1.0,0.06609689411777102,23.925265204146616,147.76666666666668
4433,2,20,pitch_jump,1.0,0.12767185644579332,61.11905043754693,147.76666666666668
4433,2,21,pitch_jump,1.0,0.14193711525518252,55.86769149877273,147.76666666666668
4433,2,22,pitch_jump,1.0,0.07914965353443495,54.60987606326246,147.76666666666668
4434,2,4,pitch_jump,1.0,0.02120266627879318,15.440782770625859,147.8
4434,2,6,pitch_jump,1.0,0.06054839390767189,17.565184644246568,147.8
4434,2,8,pitch_jump,1.0,0.02665141571045494,13.876561657167075,147.8
4434,2,9,pitch_jump,1.0,0.0189337607543098,19.393736381169468,147.8
4434,2,14,pitch_jump,1.0,0.00917230177307803,21.02895084924408,147.8
4434,2,18,pitch_jump,1.0,0.024682271430201644,20.144277981802063,147.8
4435,2,6,pitch_jump,1.0,0.1521049372003749,18.75709463840705,147.83333333333334
4435,2,8,pitch_jump,1.0,0.16308213230338164,12.327327309680964,147.83333333333334
4435,2,9,pitch_jump,1.0,0.2432811010810473,14.002309817946825,147.83333333333334
4435,2,10,pitch_jump,1.0,0.18966719471168114,14.939236268205017,147.83333333333334
4435,2,14,pitch_jump,1.0,0.11373014804838975,19.500726345729685,147.83333333333334
4435,2,20,pitch_jump,1.0,0.12189548361376953,21.686818004295684,147.83333333333334
4435,2,21,pitch_jump,1.0,0.14967068577137066,15.903573577485181,147.83333333333334
4436,2,5,pitch_jump,1.0,0.07513206033262253,31.369552042387554,147.86666666666667
4436,2,6,pitch_jump,1.0,0.15965493048439316,87.70940714039858,147.86666666666667
4436,2,7,pitch_jump,1.0,0.17467148826921305,29.055719976130657,147.86666666666667
4436,2,8,pitch_jump,1.0,0.11101773068351035,32.90162531412892,147.86666666666667
4436,2,9,pitch_jump,1.0,0.17195842071770334,42.4981574866658,147.86666666666667
4436,2,10,pitch_jump,1.0,0.17987173998849737,49.859171127098584,147.86666666666667
4436,2,11,pitch_jump,1.0,0.1954120819316651,24.672961789704615,147.86666666666667
4436,2,14,pitch_jump,1.0,0.10706179901910481,83.8564937548632,147.86666666666667
4436,2,16,pitch_jump,1.0,0.09049984952806243,19.418497312047844,147.86666666666667
4436,2,18,pitch_jump,1.0,0.038722447266126336,63.71466306182628,147.86666666666667
4436,2,20,pitch_jump,1.0,0.14029992379866096,58.39904765210312,147.86666666666667
4436,2,21,pitch_jump,1.0,0.12381881016316622,42.346600079694404,147.86666666666667
4436,2,22,pitch_jump,1.0,0.15685435608453166,24.42330488752592,147.86666666666667
4437,2,6,pitch_jump,1.0,0.052308845878240716,13.453498935885712,147.9
4437,2,11,pitch_jump,1.0,0.06249236412818615,12.103056312206565,147.9
4437,2,14,pitch_jump,1.0,0.040780585891564664,14.79980744626464,147.9
4437,2,20,pitch_jump,1.0,0.05486585001373193,15.597351505733169,147.9
4437,2,22,pitch_jump,1.0,0.08858533236289139,13.708673209998539,147.9
4438,2,6,pitch_jump,1.0,0.1808583001368358,20.840599956317224,147.93333333333334
4438,2,9,pitch_jump,1.0,0.0977994921880787,12.92673239147306,147.93333333333334
4438,2,14,pitch_jump,1.0,0.08207721011827392,14.422579319329635,147.93333333333334
4438,2,20,pitch_jump,1.0,0.10730341848805124,14.926585900811368,147.93333333333334
4439,2,4,pitch_jump,1.0,0.03539995051065011,19.907054241049323,147.96666666666667
4439,2,5,pitch_jump,1.0,0.14512565734866142,19.621419418156663,147.96666666666667
4439,2,6,pitch_jump,1.0,0.1676059654322112,18.87553557469769,147.96666666666667
4439,2,7,pitch_jump,1.0,0.12400353708783564,17.714294426826346,147.96666666666667
4439,2,8,pitch_jump,1.0,0.02018675575956287,19.278260311889188,147.96666666666667
4439,2,9,pitch_jump,1.0,0.10524710385074816,16.794207461365666,147.96666666666667
4439,2,10,pitch_jump,1.0,0.17163476161673064,12.362160420165493,147.96666666666667
4439,2,11,pitch_jump,1.0,0.16016317913407646,15.39215877500461,147.96666666666667
4439,2,14,pitch_jump,1.0,0.04448922787529599,14.985120116116128,147.96666666666667
4439,2,16,pitch_jump,1.0,0.04982631265532839,16.661770532784864,147.96666666666667
4439,2,18,pitch_jump,1.0,0.07288881581458716,17.070434783567393,147.96666666666667
4439,2,22,pitch_jump,1.0,0.058431313500051756,20.288469143880672,147.96666666666667
4440,2,5,pitch_jump,1.0,0.059687061231903454,19.561279596646035,148.0
4440,2,22,pitch_jump,1.0,0.021624959982490363,13.016513508377153,148.0
4442,2,4,pitch_jump,1.0,0.08591972131157677,20.493373860766585,148.06666666666666
4442,2,5,pitch_jump,1.0,0.09730266152916008,14.487207075848959,148.06666666666666
4442,2,6,pitch_jump,1.0,0.08699916800567563,18.854347030626997,148.06666666666666
4442,2,8,pitch_jump,1.0,0.0642217312876266,19.059612099504527,148.06666666666666
4442,2,9,pitch_jump,1.0,0.0790768578063157,20.90004004721022,148.06666666666666
4442,2,14,pitch_jump,1.0,0.07985674405065218,23.162308329145837,148.06666666666666
4442,2,16,pitch_jump,1.0,0.06073958126295142,13.646339172927325,148.06666666666666
4442,2,18,pitch_jump,1.0,0.08819077237198428,16.67864880631837,148.06666666666666
4442,2,22,pitch_jump,1.0,0.1410788184759311,12.994967082438034,148.06666666666666
4443,2,4,pitch_jump,1.0,0.019702834817986382,16.84045359739654,148.1
4443,2,6,pitch_jump,1.0,0.04157271942736248,16.047480739092258,148.1
4443,2,7,pitch_jump,1.0,0.0371981814786266,12.465439017178648,148.1
4443,2,8,pitch_jump,1.0,0.036233529236845106,22.758150860739242,148.1
4443,2,9,pitch_jump,1.0,0.02347894934836821,18.067785103236098,148.1
4443,2,10,pitch_jump,1.0,0.07263547089200979,14.548898631127454,148.1
4443,2,14,pitch_jump,1.0,0.028173919653171228,17.93307812992486,148.1
4443,2,16,pitch_jump,1.0,0.012266491626434853,12.488985323849443,148.1
4443,2,18,pitch_jump,1.0,0.032956797466053143,23.41597029373983,148.1
4443,2,20,pitch_jump,1.0,0.04083541847754122,20.455075893746187,148.1
4443,2,21,pitch_jump,1.0,0.04932809194795228,13.634184034375448,148.1
4443,2,22,pitch_jump,1.0,0.09624456766671002,27.352153938783054,148.1
4444,2,4,pitch_jump,1.0,0.09364921299274678,18.113553191301676,148.13333333333333
4444,2,6,pitch_jump,1.0,0.15106337836793715,24.983203243525985,148.13333333333333
4444,2,8,pitch_jump,1.0,0.08248334879878717,14.033266642193807,148.13333333333333
4444,2,9,pitch_jump,1.0,0.08126370032132517,20.14523038333319,148.13333333333333
4444,2,10,pitch_jump,1.0,0.1910054362647245,17.124728423840146,148.13333333333333
4444,2,11,pitch_jump,1.0,0.19505711591352945,12.422146702224133,148.13333333333333
4444,2,16,pitch_jump,1.0,0.10489825665294289,12.161372028553766,148.13333333333333
4444,2,18,pitch_jump,1.0,0.07720744336102169,18.17859427489195,148.13333333333333
4444,2,20,pitch_jump,1.0,0.11284798136240483,24.757401029105264,148.13333333333333
4444,2,21,pitch_jump,1.0,0.15639688413337552,20.53681569366961,148.13333333333333
4445,2,4,pitch_jump,1.0,0.06664185921186894,15.501263684858186,148.16666666666666
4445,2,6,pitch_jump,1.0,0.1350594883686463,15.006564406009185,148.16666666666666
4445,2,7,pitch_jump,1.0,0.11372016921750283,14.602790155863683,148.16666666666666
4445,2,18,pitch_jump,1.0,0.06745450541824843,15.040495903210887,148.16666666666666
4445,2,20,pitch_jump,1.0,0.10494432167324912,13.973408687424921,148.16666666666666
4445,2,22,pitch_jump,1.0,0.041029744663195276,13.918460170518664,148.16666666666666
4446,2,4,pitch_jump,1.0,0.008083662457987906,23.96019334929216,148.2
4446,2,5,pitch_jump,1.0,0.04572632972419317,19.90560536662779,148.2
4446,2,6,pitch_jump,1.0,0.1815201028515993,40.9432340219962,148.2
4446,2,8,pitch_jump,1.0,0.0229687551831156,25.7771971312803,148.2
4446,2,9,pitch_jump,1.0,0.01756282573732876,25.542449488760234,148.2
4446,2,10,pitch_jump,1.0,0.06392270681628667,16.027355238305812,148.2
4446,2,11,pitch_jump,1.0,0.08617537761302263,23.48767927771591,148.2
4446,2,16,pitch_jump,1.0,0.007759153399968233,17.20509574370446,148.2
4446,2,18,pitch_jump,1.0,0.001468196877136794,24.786240844803746,148.2
4446,2,20,pitch_jump,1.0,0.05095116319251791,17.85404975435162,148.2
4446,2,21,pitch_jump,1.0,0.034306686886593156,14.701812247799289,148.2
4446,2,22,pitch_jump,1.0,0.017834207268868685,16.984759141215346,148.2
4447,2,6,pitch_jump,1.0,0.21665540055842822,25.863436718271664,148.23333333333332
4447,2,7,pitch_jump,1.0,0.06928068424663976,22.06546149356016,148.23333333333332
4447,2,16,pitch_jump,1.0,0.042503003282421375,14.238088398698778,148.23333333333332
4447,2,22,pitch_jump,1.0,0.11417198946991057,14.262183379705094,148.23333333333332
4448,2,5,pitch_jump,1.0,0.12146560226345697,35.28670237944083,148.26666666666668
4448,2,6,pitch_jump,1.0,0.09627675913268711,26.63236523128176,148.26666666666668
4448,2,7,pitch_jump,1.0,0.04461245908137964,22.19090265213966,148.26666666666668
4448,2,9,pitch_jump,1.0,0.07777822203589625,12.196747603986276,148.26666666666668
4448,2,10,pitch_jump,1.0,0.15423225951965785,16.647524923574316,148.26666666666668
4448,2,11,pitch_jump,1.0,0.1886065239652202,13.87827128709255,148.26666666666668
4448,2,18,pitch_jump,1.0,0.05477703407777145,13.267467619908716,148.26666666666668
4448,2,20,pitch_jump,1.0,0.09391960220201691,25.99034440174752,148.26666666666668
4448,2,21,pitch_jump,1.0,0.13166325127786158,13.412942527801446,148.26666666666668
4448,2,22,pitch_jump,1.0,0.12403775089204025,21.13145156229418,148.26666666666668
4449,2,8,pitch_jump,1.0,0.014166672281902281,12.275958847113959,148.3
4450,2,4,pitch_jump,1.0,0.043153445616723456,25.465451967197115,148.33333333333334
4450,2,5,pitch_jump,1.0,0.09173967367514888,15.959971481867814,148.33333333333334
4450,2,6,pitch_jump,1.0,0.07239660465450208,26.85033596190921,148.33333333333334
4450,2,8,pitch_jump,1.0,0.04657496326026349,27.427556005988706,148.33333333333334
4450,2,9,pitch_jump,1.0,0.04957265870400136,27.897347406066913,148.33333333333334
4450,2,10,pitch_jump,1.0,0.13701751919338337,21.114877686678113,148.33333333333334
4450,2,11,pitch_jump,1.0,0.13856625428535171,25.449673976992734,148.33333333333334
4450,2,16,pitch_jump,1.0,0.04480687388912206,16.123324022134973,148.33333333333334
4450,2,18,pitch_jump,1.0,0.06238627662826729,29.613973209945108,148.33333333333334
4450,2,20,pitch_jump,1.0,0.1054652264458324,25.258203350220587,148.33333333333334
4450,2,21,pitch_jump,1.0,0.11683260250992228,21.135588529730004,148.33333333333334
4450,2,22,pitch_jump,1.0,0.08282683591030869,17.12900580034721,148.33333333333334
4451,2,11,pitch_jump,1.0,0.1414734731400307,15.73979608853558,148.36666666666667
4453,2,4,pitch_jump,1.0,0.06869044216621469,35.64723832470394,148.43333333333334
4453,2,5,pitch_jump,1.0,0.08627311397089482,15.370240352143684,148.43333333333334
4453,2,6,pitch_jump,1.0,0.05337380540347178,31.576674260559837,148.43333333333334
4453,2,8,pitch_jump,1.0,0.05930983902155869,39.23652763340662,148.43333333333334
4453,2,9,pitch_jump,1.0,0.03267495602155855,38.845255014628584,148.43333333333334
4453,2,10,pitch_jump,1.0,0.14620752289898267,20.80486955414784,148.43333333333334
4453,2,16,pitch_jump,1.0,0.06414178100251569,22.051768488906095,148.43333333333334
4453,2,18,pitch_jump,1.0,0.07440299883874907,44.006889721544425,148.43333333333334
4453,2,20,pitch_jump,1.0,0.06588846296128009,41.144329897377816,148.43333333333334
4453,2,21,pitch_jump,1.0,0.10642301856665429,18.81238115456894,148.43333333333334
4454,2,4,pitch_jump,1.0,0.05566960470299182,21.587911246954352,148.46666666666667
4454,2,5,pitch_jump,1.0,0.057660428655728804,12.238288909296047,148.46666666666667
4454,2,6,pitch_jump,1.0,0.08456051970282681,27.94362356664543,148.46666666666667
4454,2,8,pitch_jump,1.0,0.05207362267789066,20.048276007882404,148.46666666666667
4454,2,9,pitch_jump,1.0,0.041964501111351284,23.942489486141156,148.46666666666667
4454,2,10,pitch_jump,1.0,0.13395972258859862,18.52755853343875,148.46666666666667
4454,2,11,pitch_jump,1.0,0.16750909795679694,19.35718832676262,148.46666666666667
4454,2,18,pitch_jump,1.0,0.06831377197904104,20.25039397439237,148.46666666666667
4454,2,20,pitch_jump,1.0,0.02979518520516541,26.642749416454222,148.46666666666667
4454,2,21,pitch_jump,1.0,0.07966772823916134,25.698930669962447,148.46666666666667
4455,2,4,pitch_jump,1.0,0.0074224092226289175,16.20741210754796,148.5
4455,2,5,pitch_jump,1.0,0.008347606113465345,13.959227193660904,148.5
4455,2,6,pitch_jump,1.0,0.01941824457149908,13.290080508845062,148.5
4455,2,7,pitch_jump,1.0,0.00904573627932726,15.637847005472496,148.5
4455,2,8,pitch_jump,1.0,0.056363185481103105,23.025355642442456,148.5
4455,2,9,pitch_jump,1.0,0.00918294471985464,17.33372965880744,148.5
4455,2,16,pitch_jump,1.0,0.03845355687833419,13.076470096027823,148.5
4455,2,18,pitch_jump,1.0,0.041695925331509266,21.7931175094207,148.5
4455,2,20,pitch_jump,1.0,0.019297914775179302,13.189709757304069,148.5
4455,2,22,pitch_jump,1.0,0.05121614276185957,21.729450673350023,148.5
4456,2,4,pitch_jump,1.0,0.03749616097381234,15.79346936697013,148.53333333333333
4456,2,6,pitch_jump,1.0,0.21342467932889975,37.61568921622366,148.53333333333333
4456,2,8,pitch_jump,1.0,0.07272569190830802,21.390364052662566,148.53333333333333
4456,2,9,pitch_jump,1.0,0.04170003882796843,16.39879927033953,148.53333333333333
4456,2,11,pitch_jump,1.0,0.09847264850319232,15.301264058691652,148.53333333333333
4456,2,18,pitch_jump,1.0,0.09053604744710436,24.640779352327552,148.53333333333333
4456,2,22,pitch_jump,1.0,0.1230512905799523,28.433612117098455,148.53333333333333
4457,2,4,pitch_jump,1.0,0.030942180805427308,12.67338226846242,148.56666666666666
4457,2,5,pitch_jump,1.0,0.08962066862990961,13.17051535054284,148.56666666666666
4457,2,6,pitch_jump,1.0,0.23324314004097485,27.915983584620538,148.56666666666666
4457,2,8,pitch_jump,1.0,0.030295674080069866,12.952496633070886,148.56666666666666
4457,2,9,pitch_jump,1.0,0.02710474952618084,15.18888586714869,148.56666666666666
4457,2,18,pitch_jump,1.0,0.05074811756016853,13.952027042074667,148.56666666666666
4457,2,20,pitch_jump,1.0,0.07122234378638144,13.789868695949341,148.56666666666666
4458,2,11,pitch_jump,1.0,0.1037165598879924,17.63994332409653,148.6
4460,2,22,pitch_jump,1.0,0.039988512765119576,12.88643140571356,148.66666666666666
4461,2,7,pitch_jump,1.0,0.0704601444876351,12.286294065829763,148.7
4462,2,4,pitch_jump,1.0,0.01042190507233419,19.53802368044319,148.73333333333332
4462,2,5,pitch_jump,1.0,0.05508762796048879,16.674914155507487,148.73333333333332
4462,2,6,pitch_jump,1.0,0.015218289298824596,20.20834458247262,148.73333333333332
4462,2,7,pitch_jump,1.0,0.033879987570894075,19.138102208696967,148.73333333333332
4462,2,8,pitch_jump,1.0,0.03932266006436109,18.83246870690028,148.73333333333332
4462,2,9,pitch_jump,1.0,0.023008061926837606,20.521234694904656,148.73333333333332
4462,2,10,pitch_jump,1.0,0.06900162990983551,17.702611509722626,148.73333333333332
4462,2,11,pitch_jump,1.0,0.07735478710782373,19.679245367046935,148.73333333333332
4462,2,16,pitch_jump,1.0,0.03312969549229264,24.796657073247744,148.73333333333332
4462,2,18,pitch_jump,1.0,0.02583995247213694,18.96738134690954,148.73333333333332
4462,2,20,pitch_jump,1.0,0.07036087588324165,21.27020485005242,148.73333333333332
4462,2,21,pitch_jump,1.0,0.07219199483598997,17.567063319442443,148.73333333333332
4462,2,22,pitch_jump,1.0,0.021979993975487118,21.78026994084726,148.73333333333332
4463,2,4,pitch_jump,1.0,0.0068116824904545835,20.8358118926683,148.76666666666668
4463,2,5,pitch_jump,1.0,0.053804631238539714,15.26714541224768,148.76666666666668
4463,2,6,pitch_jump,1.0,0.0025849613874323286,18.962741413289677,148.76666666666668
4463,2,8,pitch_jump,1.0,0.023918883279094194,20.804613230017967,148.76666666666668
4463,2,9,pitch_jump,1.0,0.0509952660882805,20.546021028765157,148.76666666666668
4463,2,18,pitch_jump,1.0,0.012494135741782568,22.715443224303595,148.76666666666668
4463,2,20,pitch_jump,1.0,0.010832923448928947,18.737572739824493,148.76666666666668
4463,2,22,pitch_jump,1.0,0.08427973856847218,21.329431922526563,148.76666666666668
4464,2,22,pitch_jump,1.0,0.06195974429752191,18.11089855720099,148.8
4465,1,1103,pitch_jump,1.0,0.25134885999323675,19.94595833975552,148.83333333333334
4465,2,4,pitch_jump,1.0,0.024732169054983065,14.202012439625637,148.83333333333334
4465,2,5,pitch_jump,1.0,0.05736207825589221,17.149054797625595,148.83333333333334
4465,2,8,pitch_jump,1.0,0.04744459178282465,17.41568164203604,148.83333333333334
4465,2,18,pitch_jump,1.0,0.032051567082320924,12.86024877766255,148.83333333333334
4466,1,1103,pitch_jump,1.0,0.24306472347022767,13.883175125344994,148.86666666666667
4466,2,6,pitch_jump,1.0,0.024752362796802284,12.157579601799126,148.86666666666667
4466,2,7,pitch_jump,1.0,0.054211864682589025,12.270097238553488,148.86666666666667
4468,1,1103,pitch_jump,1.0,0.2326659889079747,13.514920100093404,148.93333333333334
4468,2,5,pitch_jump,1.0,0.033774866655467944,13.91975103803089,148.93333333333334
4468,2,6,pitch_jump,1.0,0.02705176955110486,14.66251506536349,148.93333333333334
4468,2,7,pitch_jump,1.0,0.010111164962376845,14.942935055776362,148.93333333333334
4468,2,9,pitch_jump,1.0,0.011346604918630614,12.715748498466429,148.93333333333334
4468,2,22,pitch_jump,1.0,0.041343096657820155,12.731047984052804,148.93333333333334
4469,1,1103,pitch_jump,1.0,0.22952233187396132,13.295546925605601,148.96666666666667
4469,2,7,pitch_jump,1.0,0.05867842592063822,12.797449657616335,148.96666666666667
4469,2,16,pitch_jump,1.0,0.033372462412630685,12.044711614127916,148.96666666666667
4470,2,6,pitch_jump,1.0,0.015402209254076255,12.971668475829073,149.0
4470,2,16,pitch_jump,1.0,0.054713350767152696,12.852110999278501,149.0
4470,2,21,pitch_jump,1.0,0.032830878069886965,12.474046010653645,149.0
4471,2,4,pitch_jump,1.0,0.03003814448309931,12.878899868797824,149.03333333333333
4471,2,5,pitch_jump,1.0,0.06291342387457459,13.843439124773843,149.03333333333333
4471,2,7,pitch_jump,1.0,0.02897432236406167,15.40478767689786,149.03333333333333
4471,2,8,pitch_jump,1.0,0.03760490941822533,14.514483371020079,149.03333333333333
4471,2,9,pitch_jump,1.0,0.01777846575169876,13.474315198525588,149.03333333333333
4471,2,10,pitch_jump,1.0,0.0433961951654266,12.012166957029347,149.03333333333333
4471,2,11,pitch_jump,1.0,0.0547927946799267,12.728106305815533,149.03333333333333
4471,2,18,pitch_jump,1.0,0.03152321537437718,12.25003181618821,149.03333333333333
4472,2,7,pitch_jump,1.0,0.03798770702871184,12.423256278632387,149.06666666666666
4472,2,22,pitch_jump,1.0,0.05672603164784049,12.586871487363986,149.06666666666666
4475,2,4,pitch_jump,1.0,0.006069490939050464,14.065138675322705,149.16666666666666
4475,2,5,pitch_jump,1.0,0.039100939000679714,14.820524597178574,149.16666666666666
4475,2,6,pitch_jump,1.0,0.015776764934754564,12.813697617267179,149.16666666666666
4475,2,7,pitch_jump,1.0,0.0443336921565612,12.477616054264237,149.16666666666666
4475,2,9,pitch_jump,1.0,0.008525097799476005,13.834613793679486,149.16666666666666
4475,2,18,pitch_jump,1.0,0.009425045517488594,12.730437494961206,149.16666666666666
4476,2,4,pitch_jump,1.0,0.0106744435806174,14.137052632900707,149.2
4476,2,9,pitch_jump,1.0,0.02458712331224233,12.080824001614593,149.2
4476,2,18,pitch_jump,1.0,0.005869285213546835,12.032886999157453,149.2
4477,1,1103,pitch_jump,1.0,0.2149731786399564,12.624553983477075,149.23333333333332
4477,2,5,pitch_jump,1.0,0.03460556145090946,16.013998492162585,149.23333333333332
4477,2,6,pitch_jump,1.0,0.029512921498092946,13.115105575190396,149.23333333333332
4477,2,7,pitch_jump,1.0,0.020096004731312046,16.825473561165662,149.23333333333332
4477,2,8,pitch_jump,1.0,0.042416965154747036,15.287873817358776,149.23333333333332
4477,2,9,pitch_jump,1.0,0.03954364605866833,12.992995840538345,149.23333333333332
4477,2,10,pitch_jump,1.0,0.007260283837478235,13.506409898770835,149.23333333333332
4477,2,18,pitch_jump,1.0,0.021811475152683675,14.546533308758947,149.23333333333332
4477,2,20,pitch_jump,1.0,0.05062886226898212,15.966858716820461,149.23333333333332
4477,2,22,pitch_jump,1.0,0.044658945342156524,14.40546946310156,149.23333333333332
4478,1,1103,pitch_jump,1.0,0.2437957951994893,12.000608063729523,149.26666666666668
4478,2,10,pitch_jump,1.0,0.04640322593609669,12.743878588698877,149.26666666666668
4479,1,1103,pitch_jump,1.0,0.11103325223421001,55.49908164351935,149.3
4479,2,4,pitch_jump,1.0,0.021000068801787508,70.82334256797961,149.3
4479,2,5,pitch_jump,1.0,0.009851434458841308,65.70213092980002,149.3
4479,2,6,pitch_jump,1.0,0.02061606338181244,31.427715615152007,149.3
4479,2,7,pitch_jump,1.0,0.03257595257194932,40.438744504820676,149.3
4479,2,8,pitch_jump,1.0,0.04146204728551319,58.0687660232044,149.3
4479,2,9,pitch_jump,1.0,0.024989254904959776,58.45671204684433,149.3
4479,2,10,pitch_jump,1.0,0.022645825384901508,22.149727595464718,149.3
4479,2,11,pitch_jump,1.0,0.06328313099739792,19.066035497914097,149.3
4479,2,16,pitch_jump,1.0,0.066697875794193,32.19584250784269,149.3
4479,2,18,pitch_jump,1.0,0.02812090463578583,49.40324257942766,149.3
4479,2,20,pitch_jump,1.0,0.020656636727376405,28.268576331472794,149.3
4479,2,21,pitch_jump,1.0,0.03429041724812334,21.38910576679937,149.3
4479,2,22,pitch_jump,1.0,0.007950063465789747,45.299183315058436,149.3
4480,1,1103,pitch_jump,1.0,0.20055351450327763,74.78208166413592,149.33333333333334
4480,2,4,pitch_jump,1.0,0.0035387585021411884,83.56054297433084,149.33333333333334
4480,2,5,pitch_jump,1.0,0.04860712444258735,70.13470481134158,149.33333333333334
4480,2,6,pitch_jump,1.0,0.019119574942019196,47.1449864401238,149.33333333333334
4480,2,7,pitch_jump,1.0,0.021453705108563655,42.43921636388714,149.33333333333334
4480,2,8,pitch_jump,1.0,0.015076735730316312,72.98623027023726,149.33333333333334
4480,2,9,pitch_jump,1.0,0.004365143199565256,72.89393862512075,149.33333333333334
4480,2,10,pitch_jump,1.0,0.02307598244728478,31.56700000810166,149.33333333333334
4480,2,11,pitch_jump,1.0,0.03565497966128375,27.2439084148527,149.33333333333334
4480,2,16,pitch_jump,1.0,0.015834308731979906,36.7433239410065,149.33333333333334
4480,2,18,pitch_jump,1.0,0.054715421345907934,74.97813465503266,149.33333333333334
4480,2,20,pitch_jump,1.0,0.015978784226321992,45.568608207754096,149.33333333333334
4480,2,21,pitch_jump,1.0,0.03640391657854547,32.74730389049609,149.33333333333334
4480,2,22,pitch_jump,1.0,0.06591725848138477,55.63016560175507,149.33333333333334
4481,1,1103,pitch_jump,1.0,0.18623040526044998,29.443191160262398,149.36666666666667
4481,2,4,pitch_jump,1.0,0.02661753153769524,19.392693478827777,149.36666666666667
4481,2,5,pitch_jump,1.0,0.04645559001170335,21.773656053216136,149.36666666666667
4481,2,7,pitch_jump,1.0,0.056482428152410585,16.940017328884696,149.36666666666667
4481,2,8,pitch_jump,1.0,0.012565171306178671,16.21395751310372,149.36666666666667
4481,2,9,pitch_jump,1.0,0.016545268681547612,14.459523691221209,149.36666666666667
4481,2,11,pitch_jump,1.0,0.05589582365174895,16.749992698287084,149.36666666666667
4481,2,16,pitch_jump,1.0,0.013493013301504726,15.35101433953202,149.36666666666667
4481,2,18,pitch_jump,1.0,0.07343198320479116,21.704687107298458,149.36666666666667
4481,2,20,pitch_jump,1.0,0.04680240550438083,15.706386327929845,149.36666666666667
4481,2,22,pitch_jump,1.0,0.06341864701168465,21.353504010061876,149.36666666666667
4482,1,1103,pitch_jump,1.0,0.10644487018601478,14.145183815745273,149.4
4482,2,4,pitch_jump,1.0,0.023623531028520866,13.239883476274708,149.4
4482,2,5,pitch_jump,1.0,0.005656802042368699,17.26649537978062,149.4
4482,2,7,pitch_jump,1.0,0.05371011145046436,18.014985561023614,149.4
4482,2,8,pitch_jump,1.0,0.01808561580885535,13.757955275514462,149.4
4482,2,9,pitch_jump,1.0,0.02610542688309051,12.446435107446195,149.4
4482,2,22,pitch_jump,1.0,0.024348634044269086,16.030422728759824,149.4
4484,1,1103,pitch_jump,1.0,0.1506721329212893,12.30083434455972,149.46666666666667
4485,2,7,pitch_jump,1.0,0.03427980318056992,12.263988538609684,149.5
4485,2,22,pitch_jump,1.0,0.011261551594191179,12.958220106296649,149.5
4486,2,5,pitch_jump,1.0,0.020204278652421075,13.505001509358118,149.53333333333333
4486,2,10,pitch_jump,1.0,0.035028869364226375,12.435315024178395,149.53333333333333
4486,2,16,pitch_jump,1.0,0.05464894274295446,12.810397903685892,149.53333333333333
4486,2,21,pitch_jump,1.0,0.031936989992924644,13.138045931360816,149.53333333333333
4486,2,22,pitch_jump,1.0,0.037326536034558384,15.999873236884193,149.53333333333333
4487,2,7,pitch_jump,1.0,0.09989091993188057,15.727063443922193,149.56666666666666
4488,2,10,pitch_jump,1.0,0.04803273554684956,13.986604099883014,149.6
4488,2,11,pitch_jump,1.0,0.04217578121070625,13.730723769705094,149.6
4488,2,21,pitch_jump,1.0,0.055788317699495577,12.92042340069451,149.6
4489,2,8,pitch_jump,1.0,0.054954239208313604,14.914333119002887,149.63333333333333
4489,2,9,pitch_jump,1.0,0.05779945400982134,12.308380647810278,149.63333333333333
4489,2,11,pitch_jump,1.0,0.08337530627532752,12.715277715212252,149.63333333333333
4489,2,21,pitch_jump,1.0,0.09529402673381984,16.053751325279777,149.63333333333333
4489,2,22,pitch_jump,1.0,0.02441454880483035,13.07571124967336,149.63333333333333
4490,1,1103,pitch_jump,1.0,0.11569913160714854,29.996294107752842,149.66666666666666
4490,2,4,pitch_jump,1.0,0.022448812748659324,23.650272813850574,149.66666666666666
4490,2,5,pitch_jump,1.0,0.007836861147742444,32.53733545819364,149.66666666666666
4490,2,6,pitch_jump,1.0,0.0512297354825889,26.046753490189744,149.66666666666666
4490,2,7,pitch_jump,1.0,0.05370412641463258,30.474092853718442,149.66666666666666
4490,2,8,pitch_jump,1.0,0.0568969596087694,26.018712786973875,149.66666666666666
4490,2,9,pitch_jump,1.0,0.05721427538951253,23.65699088021147,149.66666666666666
4490,2,10,pitch_jump,1.0,0.05510616463415884,30.58595043383796,149.66666666666666
4490,2,11,pitch_jump,1.0,0.05874922557812957,27.824384620415238,149.66666666666666
4490,2,16,pitch_jump,1.0,0.019702256887609345,23.381231923008396,149.66666666666666
4490,2,18,pitch_jump,1.0,0.01889207856087751,21.649797929014593,149.66666666666666
4490,2,20,pitch_jump,1.0,0.09374668248773174,27.733028466646818,149.66666666666666
4490,2,21,pitch_jump,1.0,0.08003004492128724,33.31722071899624,149.66666666666666
4490,2,22,pitch_jump,1.0,0.03692149135698725,29.852984205163736,149.66666666666666
4492,2,4,pitch_jump,1.0,0.04184842071126017,14.295814030286891,149.73333333333332
4492,2,18,pitch_jump,1.0,0.13458034998553023,23.906036925768763,149.73333333333332
4493,2,8,pitch_jump,1.0,0.01774681578816738,13.041421242599446,149.76666666666668
4493,2,9,pitch_jump,1.0,0.03126492705281089,13.85645586978425,149.76666666666668
4493,2,22,pitch_jump,1.0,0.16822945693917093,12.870495181160914,149.76666666666668
4494,1,1103,pitch_jump,1.0,0.0984544824923864,27.70943954187502,149.8
4494,2,4,pitch_jump,1.0,0.02980668379124979,49.044435946048985,149.8
4494,2,5,pitch_jump,1.0,0.007862923677343628,42.28774635295053,149.8
4494,2,6,pitch_jump,1.0,0.06952120197265411,16.382353124767842,149.8
4494,2,8,pitch_jump,1.0,0.013861540120202477,40.96192117287318,149.8
4494,2,9,pitch_jump,1.0,0.019430405295399567,42.272944384948644,149.8
4494,2,11,pitch_jump,1.0,0.0554089483984873,14.734440265502881,149.8
4494,2,16,pitch_jump,1.0,0.0488403750952278,20.63245289787815,149.8
4494,2,18,pitch_jump,1.0,0.035278567236127864,31.789144033879168,149.8
4494,2,20,pitch_jump,1.0,0.04421633296927419,18.012583536249533,149.8
4494,2,22,pitch_jump,1.0,0.11216502754921892,33.299250059527246,149.8
4495,2,5,pitch_jump,1.0,0.059604561068796844,13.182293884486153,149.83333333333334
4495,2,16,pitch_jump,1.0,0.08702636402841286,13.292616868788686,149.83333333333334
4497,2,9,pitch_jump,1.0,0.051679322274383654,12.782113417676147,149.9
4497,2,20,pitch_jump,1.0,0.06804614408844473,13.8992817333802,149.9
4498,2,22,pitch_jump,1.0,0.16031818412792093,30.25383347000027,149.93333333333334
4499,2,4,pitch_jump,1.0,0.022013351769014543,12.941856762764552,149.96666666666667
4499,2,5,pitch_jump,1.0,0.04208712604176807,13.197917625509506,149.96666666666667
4499,2,8,pitch_jump,1.0,0.05620838138283692,17.836180410848893,149.96666666666667
4499,2,9,pitch_jump,1.0,0.06581155157179125,14.631974873028602,149.96666666666667
4502,2,16,pitch_jump,1.0,0.05811445929623393,14.252037526827374,150.06666666666666
4503,2,22,pitch_jump,1.0,0.07208962690847943,15.37705274951069,150.1
4504,2,4,pitch_jump,1.0,0.037816795623709105,13.760843277564568,150.13333333333333
4504,2,6,pitch_jump,1.0,0.09113770765584774,13.086069073371455,150.13333333333333
4504,2,8,pitch_jump,1.0,0.026410665531823925,13.457335009420076,150.13333333333333
4504,2,9,pitch_jump,1.0,0.04081625604256245,15.783607661828299,150.13333333333333
4504,2,10,pitch_jump,1.0,0.07644874398956171,13.103309512687238,150.13333333333333
4504,2,11,pitch_jump,1.0,0.12420928201230187,15.040997572123828,150.13333333333333
4504,2,20,pitch_jump,1.0,0.05642115250922677,15.221275524222323,150.13333333333333
4507,2,4,pitch_jump,1.0,0.06435215553566137,12.679144826053925,150.23333333333332
4507,2,11,pitch_jump,1.0,0.1360437900010443,24.844324324393195,150.23333333333332
4507,2,20,pitch_jump,1.0,0.09494161871137803,13.723382806088052,150.23333333333332
4507,2,21,pitch_jump,1.0,0.11848866896665756,14.374460111762728,150.23333333333332
4508,2,10,pitch_jump,1.0,0.11527961671050499,15.992745524008525,150.26666666666668
4508,2,11,pitch_jump,1.0,0.1531072584358149,19.529314758814497,150.26666666666668
4508,2,21,pitch_jump,1.0,0.1426304682537697,14.14715465246497,150.26666666666668
4510,1,1103,pitch_jump,1.0,0.054864790707124855,12.492393925018742,150.33333333333334
4510,2,5,pitch_jump,1.0,0.09373104161404767,13.910650465556714,150.33333333333334
4510,2,7,pitch_jump,1.0,0.10113988480797,13.093046917145108,150.33333333333334
4511,1,1103,pitch_jump,1.0,0.11879901869397938,15.524475242377573,150.36666666666667
4511,2,4,pitch_jump,1.0,0.050984270336822735,16.999801229619173,150.36666666666667
4511,2,8,pitch_jump,1.0,0.07227874597980413,20.34075130300946,150.36666666666667
4511,2,9,pitch_jump,1.0,0.0756527305355454,21.486119343804617,150.36666666666667
4511,2,14,pitch_jump,1.0,0.07774796097765556,17.20085115502999,150.36666666666667
4511,2,18,pitch_jump,1.0,0.050994946027144536,13.277576894708057,150.36666666666667
4512,2,16,pitch_jump,1.0,0.054866363360433344,12.702372619687132,150.4
4513,1,1103,pitch_jump,1.0,0.09140371172499069,14.77993004234196,150.43333333333334
4513,2,16,pitch_jump,1.0,0.13345455182725938,15.48448023670823,150.43333333333334
4514,1,1103,pitch_jump,1.0,0.0763274555696333,16.30830239467199,150.46666666666667
4514,2,5,pitch_jump,1.0,0.11698722353836737,20.404908508323746,150.46666666666667
4514,2,6,pitch_jump,1.0,0.11651879148346932,14.947921741879052,150.46666666666667
4514,2,7,pitch_jump,1.0,0.10362285995019307,16.102475309526252,150.46666666666667
4514,2,10,pitch_jump,1.0,0.10150337370586832,13.56424517412397,150.46666666666667
4514,2,11,pitch_jump,1.0,0.13354900233059125,22.045205233947858,150.46666666666667
4514,2,14,pitch_jump,1.0,0.08783678882201951,13.26799810635746,150.46666666666667
4514,2,16,pitch_jump,1.0,0.11563497410519204,22.64484627033905,150.46666666666667
4514,2,20,pitch_jump,1.0,0.09001851338337577,12.103189466143716,150.46666666666667
4514,2,22,pitch_jump,1.0,0.11563470892543544,16.319899558069846,150.46666666666667
4516,2,5,pitch_jump,1.0,0.12076016305543288,13.407864272823739,150.53333333333333
4516,2,6,pitch_jump,1.0,0.09548349028981382,15.752604250860339,150.53333333333333
4516,2,10,pitch_jump,1.0,0.07427338941954784,13.458078043359773,150.53333333333333
4516,2,14,pitch_jump,1.0,0.07577844592327757,15.946536060882393,150.53333333333333
4516,2,18,pitch_jump,1.0,0.06503170725251223,14.057606510944028,150.53333333333333
4516,2,20,pitch_jump,1.0,0.09272559961146629,15.979639122538075,150.53333333333333
4516,2,21,pitch_jump,1.0,0.1129506523946859,13.922098597455285,150.53333333333333
4517,2,4,pitch_jump,1.0,0.06815187667590639,14.253418622278415,150.56666666666666
4517,2,5,pitch_jump,1.0,0.12058475706653364,20.200777205066164,150.56666666666666
4517,2,6,pitch_jump,1.0,0.09127841533872522,15.042547599069872,150.56666666666666
4517,2,10,pitch_jump,1.0,0.08511980726804425,13.449192552721057,150.56666666666666
4517,2,14,pitch_jump,1.0,0.07693690030746522,12.818594997925196,150.56666666666666
4517,2,18,pitch_jump,1.0,0.08622010185576381,19.408020112398525,150.56666666666666
4517,2,20,pitch_jump,1.0,0.11216877310283606,16.409962739736528,150.56666666666666
4517,2,21,pitch_jump,1.0,0.13158698783623832,16.041382858715597,150.56666666666666
4518,2,7,pitch_jump,1.0,0.05128961822047015,13.195004383440036,150.6
4518,2,22,pitch_jump,1.0,0.060924568789607295,12.928837073441457,150.6
4519,1,1103,pitch_jump,1.0,0.0940971379372761,14.603077476798832,150.63333333333333
4519,2,4,pitch_jump,1.0,0.07329486299444248,13.132999618531574,150.63333333333333
4519,2,6,pitch_jump,1.0,0.08119232397708759,15.620513555879903,150.63333333333333
4519,2,8,pitch_jump,1.0,0.052693411369376976,12.273513818281385,150.63333333333333
4519,2,9,pitch_jump,1.0,0.05067920544144351,17.681778430627148,150.63333333333333
4519,2,14,pitch_jump,1.0,0.09005816409060519,20.742018424169387,150.63333333333333
4520,1,1103,pitch_jump,1.0,0.12149704989009075,38.84934789842599,150.66666666666666
4520,2,4,pitch_jump,1.0,0.07371975052182411,68.47545950005274,150.66666666666666
4520,2,5,pitch_jump,1.0,0.0860180579629079,57.03469233421202,150.66666666666666
4520,2,6,pitch_jump,1.0,0.09354560061447696,15.715066059084764,150.66666666666666
4520,2,8,pitch_jump,1.0,0.04120885676834141,46.44006481026592,150.66666666666666
4520,2,9,pitch_jump,1.0,0.04162461116615135,55.20535407890316,150.66666666666666
4520,2,11,pitch_jump,1.0,0.08462201044193716,14.816874441950667,150.66666666666666
4520,2,14,pitch_jump,1.0,0.1023581711559437,31.572909430932295,150.66666666666666
4520,2,16,pitch_jump,1.0,0.07805872366795227,17.63439821792364,150.66666666666666
4520,2,18,pitch_jump,1.0,0.06686955965385248,37.02131648527459,150.66666666666666
4520,2,20,pitch_jump,1.0,0.08312236479875526,14.082933172921322,150.66666666666666
4520,2,22,pitch_jump,1.0,0.11590625482014813,32.60891067931038,150.66666666666666
4521,1,1103,pitch_jump,1.0,0.0546695073304932,14.956691271409166,150.7
4521,2,4,pitch_jump,1.0,0.03266104827493595,15.014205417197001,150.7
4521,2,6,pitch_jump,1.0,0.05432697781378855,15.722676039404885,150.7
4521,2,8,pitch_jump,1.0,0.020132092918582326,15.971123352605543,150.7
4521,2,9,pitch_jump,1.0,0.028096742861454853,15.642167423270843,150.7
4521,2,10,pitch_jump,1.0,0.05120610977491942,15.31499285783704,150.7
4521,2,11,pitch_jump,1.0,0.06062619567359572,13.923322558621548,150.7
4521,2,14,pitch_jump,1.0,0.05886595085393245,15.768712008563167,150.7
4521,2,16,pitch_jump,1.0,0.04967253213137032,16.668425806098252,150.7
4521,2,18,pitch_jump,1.0,0.03304892454044522,14.098503149759749,150.7
4521,2,20,pitch_jump,1.0,0.06284406415850931,15.338319171537462,150.7
4521,2,21,pitch_jump,1.0,0.05821565552516935,17.676351440674896,150.7
4521,2,22,pitch_jump,1.0,0.06181635151544732,13.23519692601323,150.7
4522,2,11,pitch_jump,1.0,0.1462349388312542,19.489698542282085,150.73333333333332
4522,2,16,pitch_jump,1.0,0.12327697824286633,20.463813273550674,150.73333333333332
4522,2,22,pitch_jump,1.0,0.12508177344745186,12.550492625831376,150.73333333333332
4523,2,6,pitch_jump,1.0,0.07303265654028811,22.362022483561315,150.76666666666668
4523,2,8,pitch_jump,1.0,0.06288281315910439,13.78572222409595,150.76666666666668
4523,2,9,pitch_jump,1.0,0.05944596428253917,15.02849994817548,150.76666666666668
4523,2,10,pitch_jump,1.0,0.08122817881263385,22.31027578519627,150.76666666666668
4523,2,11,pitch_jump,1.0,0.1428207147423273,22.07748287992275,150.76666666666668
4523,2,14,pitch_jump,1.0,0.059452907751786674,23.57012391967996,150.76666666666668
4523,2,16,pitch_jump,1.0,0.12477165322125768,18.77469208486439,150.76666666666668
4523,2,18,pitch_jump,1.0,0.04545592630430031,14.574048014233487,150.76666666666668
4523,2,20,pitch_jump,1.0,0.0997071496595301,24.306473485204183,150.76666666666668
4523,2,21,pitch_jump,1.0,0.08561836957878982,18.777958075638,150.76666666666668
4525,1,1103,pitch_jump,1.0,0.10565668700868729,13.93402965816664,150.83333333333334
4525,2,5,pitch_jump,1.0,0.09160369957870303,20.830505336324023,150.83333333333334
4525,2,6,pitch_jump,1.0,0.10335627503018201,15.863823520961045,150.83333333333334
4525,2,8,pitch_jump,1.0,0.05709424839960277,15.042791177458863,150.83333333333334
4526,2,6,pitch_jump,1.0,0.10263368519457715,15.965262078390007,150.86666666666667
4526,2,10,pitch_jump,1.0,0.08914305471507653,15.821247077972364,150.86666666666667
4526,2,11,pitch_jump,1.0,0.0810405501900054,13.6144433102367,150.86666666666667
4526,2,20,pitch_jump,1.0,0.09498625836451954,14.108302180163257,150.86666666666667
4526,2,21,pitch_jump,1.0,0.09456054442412123,14.903840760640382,150.86666666666667
4527,1,1103,pitch_jump,1.0,0.04565149658011649,13.847080276971864,150.9
4527,2,5,pitch_jump,1.0,0.05897964875538828,13.429738878281661,150.9
4527,2,21,pitch_jump,1.0,0.10405560711754219,12.09645775578234,150.9
4527,2,22,pitch_jump,1.0,0.05325170256168705,13.403866821153697,150.9
4528,1,1103,pitch_jump,1.0,0.14609521583249357,21.844812150066428,150.93333333333334
4528,2,4,pitch_jump,1.0,0.04970306222935166,14.576264195554282,150.93333333333334
4528,2,5,pitch_jump,1.0,0.10874291558050161,16.712444014034638,150.93333333333334
4529,1,1103,pitch_jump,1.0,0.13341413981372952,17.473243236391408,150.96666666666667
4529,2,10,pitch_jump,1.0,0.09083317339135462,16.387266225260355,150.96666666666667
4529,2,20,pitch_jump,1.0,0.09646155751117562,13.912319411984802,150.96666666666667
4530,2,4,pitch_jump,1.0,0.029245663288538875,13.734193275212865,151.0
4530,2,9,pitch_jump,1.0,0.0310761768115294,14.335246043314102,151.0
4530,2,14,pitch_jump,1.0,0.06186889314561775,15.880927459792293,151.0
4530,2,18,pitch_jump,1.0,0.03170856350751524,13.671949244531946,151.0
4530,2,20,pitch_jump,1.0,0.05679049443501511,13.325446237674988,151.0
4531,2,11,pitch_jump,1.0,0.11350595799630947,16.013471034745,151.03333333333333
4532,2,5,pitch_jump,1.0,0.05889749702503223,14.585244243821654,151.06666666666666
4532,2,7,pitch_jump,1.0,0.06962886446453476,16.47196330099478,151.06666666666666
4532,2,11,pitch_jump,1.0,0.07831484718716035,12.062579695211031,151.06666666666666
4532,2,16,pitch_jump,1.0,0.09344874699810701,23.775712070421477,151.06666666666666
4532,2,22,pitch_jump,1.0,0.09692301969648763,15.596723611521531,151.06666666666666
4533,2,7,pitch_jump,1.0,0.08777829429831857,15.783288187053381,151.1
4534,2,7,pitch_jump,1.0,0.1600631695080962,28.395290763385695,151.13333333333333
4535,2,5,pitch_jump,1.0,0.08637938085630234,13.74838475016617,151.16666666666666
4535,2,10,pitch_jump,1.0,0.06764176037303662,12.798153637735107,151.16666666666666
4535,2,11,pitch_jump,1.0,0.08672630965049757,15.781052833024184,151.16666666666666
4535,2,21,pitch_jump,1.0,0.10233329045110962,24.338255630718216,151.16666666666666
4535,2,22,pitch_jump,1.0,0.09732097144156897,12.216050994058737,151.16666666666666
4537,2,6,pitch_jump,1.0,0.08321596154534482,14.743555669567089,151.23333333333332
4537,2,10,pitch_jump,1.0,0.09087066338011625,18.68516985766791,151.23333333333332
4537,2,11,pitch_jump,1.0,0.06580611153209406,12.661981310887457,151.23333333333332
4537,2,20,pitch_jump,1.0,0.07407222619002507,13.796458274708398,151.23333333333332
4537,2,21,pitch_jump,1.0,0.062142574274954926,13.02660450497911,151.23333333333332
4538,2,4,pitch_jump,1.0,0.042225447590695485,15.29996609964542,151.26666666666668
4538,2,5,pitch_jump,1.0,0.0317104360042866,16.570303642561946,151.26666666666668
4538,2,6,pitch_jump,1.0,0.07156803220677796,15.589591793432017,151.26666666666668
4538,2,7,pitch_jump,1.0,0.08682608991809079,13.177935455674255,151.26666666666668
4538,2,9,pitch_jump,1.0,0.030497687159040117,13.138861907179004,151.26666666666668
4538,2,10,pitch_jump,1.0,0.08331410206194619,14.334600212007045,151.26666666666668
4538,2,11,pitch_jump,1.0,0.13443545650471708,33.78823504889432,151.26666666666668
4538,2,14,pitch_jump,1.0,0.06814281900897184,14.540234674494162,151.26666666666668
4538,2,20,pitch_jump,1.0,0.0895362015697959,15.806908851684726,151.26666666666668
4538,2,21,pitch_jump,1.0,0.058592704431125436,12.302462530988926,151.26666666666668
4539,2,11,pitch_jump,1.0,0.07247314931128074,17.652345827950484,151.3
4540,2,14,pitch_jump,1.0,0.07518918951238644,16.131876303269372,151.33333333333334
4540,2,20,pitch_jump,1.0,0.08527330016161558,14.51378008645428,151.33333333333334
4541,2,16,pitch_jump,1.0,0.10965066998377183,22.492107745258085,151.36666666666667
4542,2,4,pitch_jump,1.0,0.03346982210228564,22.14763281580536,151.4
4542,2,6,pitch_jump,1.0,0.03760181970472043,21.570499556855363,151.4
4542,2,8,pitch_jump,1.0,0.013167428462227241,18.194310369284732,151.4
4542,2,9,pitch_jump,1.0,0.01704508447231285,26.52558060948999,151.4
4542,2,14,pitch_jump,1.0,0.060460202665563026,34.61288061129015,151.4
4542,2,18,pitch_jump,1.0,0.021338911594189342,21.161817455663602,151.4
4542,2,20,pitch_jump,1.0,0.029296767978682553,19.283821901949093,151.4
4543,2,7,pitch_jump,1.0,0.1568943153278958,38.78288890219726,151.43333333333334
4543,2,14,pitch_jump,1.0,0.07792011237123904,14.205060269541109,151.43333333333334
4544,2,7,pitch_jump,1.0,0.09815170444736074,14.243345113843958,151.46666666666667
4544,2,21,pitch_jump,1.0,0.11648885487955649,20.333493645088506,151.46666666666667
4545,2,7,pitch_jump,1.0,0.07845932401936455,20.009409166280378,151.5
4546,2,7,pitch_jump,1.0,0.07459425530569311,16.867058979956532,151.53333333333333
4546,2,11,pitch_jump,1.0,0.10141816643917755,15.383432756960588,151.53333333333333
4547,2,3,pitch_jump,1.0,0.11382525799337538,14.660803542998414,151.56666666666666
4548,2,5,pitch_jump,1.0,0.024946238295605133,12.085332100124146,151.6
4549,2,3,pitch_jump,1.0,0.15361405113926296,21.976802651374367,151.63333333333333
4549,2,5,pitch_jump,1.0,0.04318053330353581,12.501435726325406,151.63333333333333
4550,2,3,pitch_jump,1.0,0.16047680366481878,22.70126005601794,151.66666666666666
4550,2,4,pitch_jump,1.0,0.03205086029525813,21.311872153389235,151.66666666666666
4550,2,5,pitch_jump,1.0,0.039400705846817666,25.155114082054705,151.66666666666666
4550,2,6,pitch_jump,1.0,0.0763756876032261,12.297282205938071,151.66666666666666
4550,2,7,pitch_jump,1.0,0.04105734781037124,24.589169483106005,151.66666666666666
4550,2,8,pitch_jump,1.0,0.008742249189617123,19.807270694540676,151.66666666666666
4550,2,9,pitch_jump,1.0,0.031791205538562926,18.85476040701578,151.66666666666666
4550,2,11,pitch_jump,1.0,0.0804441780594507,12.936979763725109,151.66666666666666
4550,2,14,pitch_jump,1.0,0.061894485555735644,21.196740585906532,151.66666666666666
4550,2,16,pitch_jump,1.0,0.08215238517697844,19.118168939466194,151.66666666666666
4550,2,18,pitch_jump,1.0,0.02063264645881769,16.048804834020956,151.66666666666666
4550,2,20,pitch_jump,1.0,0.0909453836866854,23.50238008828884,151.66666666666666
4550,2,22,pitch_jump,1.0,0.07959935500972075,23.41286940241218,151.66666666666666
4552,2,3,pitch_jump,1.0,0.15252062205554326,28.78646933171933,151.73333333333332
4552,2,5,pitch_jump,1.0,0.050932178435183495,16.15292985347713,151.73333333333332
4552,2,7,pitch_jump,1.0,0.05884848062690465,13.526858583364653,151.73333333333332
4553,2,5,pitch_jump,1.0,0.028241406460643183,12.02434461328357,151.76666666666668
4553,2,7,pitch_jump,1.0,0.08403085738562768,12.269305432053285,151.76666666666668
4553,2,11,pitch_jump,1.0,0.07903372725932124,14.165990440696548,151.76666666666668
4555,2,3,pitch_jump,1.0,0.11435367418654571,14.166655640438874,151.83333333333334
4555,2,5,pitch_jump,1.0,0.056053275830201796,17.068565745653,151.83333333333334
4555,2,7,pitch_jump,1.0,0.058146004653127345,17.54056238645452,151.83333333333334
4556,2,3,pitch_jump,1.0,0.16770111045174538,23.354680194433765,151.86666666666667
4556,2,5,pitch_jump,1.0,0.05049925381956258,13.939916514214401,151.86666666666667
4556,2,8,pitch_jump,1.0,0.04401550711873744,13.541972592590595,151.86666666666667
4557,2,3,pitch_jump,1.0,0.10187667942735477,14.554683382522075,151.9
4557,2,5,pitch_jump,1.0,0.017816227697900425,12.419498029046403,151.9
4558,2,22,pitch_jump,1.0,0.09553446743821752,16.46089378180942,151.93333333333334
4559,2,4,pitch_jump,1.0,0.034125314474460614,13.920740714055748,151.96666666666667
4559,2,5,pitch_jump,1.0,0.03985157542205321,17.14364082130952,151.96666666666667
4559,2,7,pitch_jump,1.0,0.056567406282786406,13.720096925554369,151.96666666666667
4559,2,20,pitch_jump,1.0,0.05918553659204017,13.164355368143843,151.96666666666667
4559,2,22,pitch_jump,1.0,0.10075160234594396,12.32139154008667,151.96666666666667
4560,2,11,pitch_jump,1.0,0.11496225775781338,34.10470308106075,152.0
4560,2,16,pitch_jump,1.0,0.055833933454365235,16.537138469143777,152.0
4560,2,21,pitch_jump,1.0,0.07134649209006508,16.117729548234855,152.0
4561,2,16,pitch_jump,1.0,0.08084269056055408,13.350223592696665,152.03333333333333
4561,2,21,pitch_jump,1.0,0.10888080160045853,17.360473969967824,152.03333333333333
4562,2,3,pitch_jump,1.0,0.11502392200132279,16.79980601338166,152.06666666666666
4562,2,11,pitch_jump,1.0,0.07543691879239031,13.559052099395226,152.06666666666666
4564,2,3,pitch_jump,1.0,0.16448917414443698,24.14412975058301,152.13333333333333
4564,2,5,pitch_jump,1.0,0.022086691846454756,15.952567734601423,152.13333333333333
4565,2,7,pitch_jump,1.0,0.03330652422202489,12.666105020364952,152.16666666666666
4567,2,3,pitch_jump,1.0,0.16960555754001985,17.880589920005402,152.23333333333332
4567,2,11,pitch_jump,1.0,0.11702040493827867,25.444357981090846,152.23333333333332
4568,2,3,pitch_jump,1.0,0.1796806024816593,14.313477754407408,152.26666666666668
4568,2,4,pitch_jump,1.0,0.025289994285110605,15.687350286324094,152.26666666666668
4568,2,6,pitch_jump,1.0,0.08249803753335161,12.473861075588253,152.26666666666668
4568,2,8,pitch_jump,1.0,0.036457029644929535,15.777077403114232,152.26666666666668
4568,2,9,pitch_jump,1.0,0.052114696983419084,15.99097854353142,152.26666666666668
4568,2,14,pitch_jump,1.0,0.08479710471624216,14.228782947340944,152.26666666666668
4568,2,18,pitch_jump,1.0,0.036841460478003296,13.475481383637312,152.26666666666668
4568,2,21,pitch_jump,1.0,0.11794625117024514,22.145711706125958,152.26666666666668
4569,2,21,pitch_jump,1.0,0.050398399968752707,14.772705846428172,152.3
4570,2,6,pitch_jump,1.0,0.08776459025560558,12.258561259462416,152.33333333333334
4570,2,14,pitch_jump,1.0,0.06256823012842487,12.56324758440347,152.33333333333334
4570,2,16,pitch_jump,1.0,0.07467444261059877,15.350915000946719,152.33333333333334
4570,2,22,pitch_jump,1.0,0.09849556235044606,12.232509750593872,152.33333333333334
4571,2,3,pitch_jump,1.0,0.152937133125157,19.99584869723463,152.36666666666667
4571,2,4,pitch_jump,1.0,0.025909137365129734,14.289966791570182,152.36666666666667
4571,2,5,pitch_jump,1.0,0.05918398102540647,14.086839596112211,152.36666666666667
4571,2,6,pitch_jump,1.0,0.07484389408767693,12.380005744792546,152.36666666666667
4571,2,7,pitch_jump,1.0,0.06273955920153379,17.15939120271231,152.36666666666667
4571,2,9,pitch_jump,1.0,0.06652541953796767,12.832744318967807,152.36666666666667
4571,2,10,pitch_jump,1.0,0.09486940455027812,19.858301251284544,152.36666666666667
4571,2,16,pitch_jump,1.0,0.036904552172044566,13.570591887132931,152.36666666666667
4571,2,18,pitch_jump,1.0,0.035984618703931597,15.661064036000003,152.36666666666667
4571,2,20,pitch_jump,1.0,0.050167361914605586,18.015436988107577,152.36666666666667
4571,2,21,pitch_jump,1.0,0.05743765119732404,12.370267740033501,152.36666666666667
4572,2,3,pitch_jump,1.0,0.10400260906585565,23.4237943885094,152.4
4572,2,5,pitch_jump,1.0,0.021269761229465473,12.28631730720607,152.4
4572,2,10,pitch_jump,1.0,0.05763065589089346,14.16539109117078,152.4
4572,2,20,pitch_jump,1.0,0.03782498377841413,13.30057165389089,152.4
4573,2,3,pitch_jump,1.0,0.15265117969279873,16.719966952392355,152.43333333333334
4574,2,3,pitch_jump,1.0,0.17681243143186476,12.579223731156757,152.46666666666667
4574,2,4,pitch_jump,1.0,0.025720482368985057,13.908850296535165,152.46666666666667
4574,2,6,pitch_jump,1.0,0.08742102810582532,13.252933092083843,152.46666666666667
4574,2,9,pitch_jump,1.0,0.04717230687158635,13.933331894399181,152.46666666666667
4574,2,14,pitch_jump,1.0,0.0507175620543543,15.201245264206783,152.46666666666667
4574,2,18,pitch_jump,1.0,0.029156573313880857,14.534915490067162,152.46666666666667
4574,2,20,pitch_jump,1.0,0.04897418833764525,13.741965309155491,152.46666666666667
4575,2,3,pitch_jump,1.0,0.14570407429657325,12.310350751880586,152.5
4576,1,1103,pitch_jump,1.0,0.11728221603424459,74.07751772612933,152.53333333333333
4576,2,3,pitch_jump,1.0,0.16048970050344868,14.255084312244657,152.53333333333333
4576,2,5,pitch_jump,1.0,0.06315367137079607,43.53861372457155,152.53333333333333
4576,2,6,pitch_jump,1.0,0.07113217962462275,12.27192237530125,152.53333333333333
4576,2,7,pitch_jump,1.0,0.04125594278701087,40.22519750739977,152.53333333333333
4576,2,10,pitch_jump,1.0,0.09078224758598945,15.120304460553925,152.53333333333333
4576,2,11,pitch_jump,1.0,0.09750786760373852,38.958601114835126,152.53333333333333
4576,2,16,pitch_jump,1.0,0.050479084208552925,31.098076931154427,152.53333333333333
4576,2,20,pitch_jump,1.0,0.030001956862122457,13.586305496119323,152.53333333333333
4576,2,21,pitch_jump,1.0,0.10498968643579917,41.16954742479968,152.53333333333333
4576,2,22,pitch_jump,1.0,0.10544789426166566,43.218978352533014,152.53333333333333
4577,1,1103,pitch_jump,1.0,0.09968511769604362,59.21199421971623,152.56666666666666
4577,2,3,pitch_jump,1.0,0.14125181626918393,19.480852687839366,152.56666666666666
4577,2,4,pitch_jump,1.0,0.02746150376490353,13.417321242255285,152.56666666666666
4577,2,5,pitch_jump,1.0,0.05117687106859715,30.422856913679908,152.56666666666666
4577,2,7,pitch_jump,1.0,0.02902681251697375,30.06938748784076,152.56666666666666
4577,2,16,pitch_jump,1.0,0.050421281979704906,16.886693267855986,152.56666666666666
4577,2,22,pitch_jump,1.0,0.09246308107847025,26.56771960350166,152.56666666666666
4578,2,3,pitch_jump,1.0,0.07692924524055884,13.556246164724987,152.6
4578,2,10,pitch_jump,1.0,0.030175554051728448,12.107514637153121,152.6
4578,2,20,pitch_jump,1.0,0.013953906382578691,12.148900060844554,152.6
4579,1,1103,pitch_jump,1.0,0.09697877119948443,12.754737307988567,152.63333333333333
4579,2,3,pitch_jump,1.0,0.10892179600915511,14.67114295565262,152.63333333333333
4579,2,8,pitch_jump,1.0,0.020014934897441636,12.788005303721839,152.63333333333333
4579,2,11,pitch_jump,1.0,0.07798939249022395,14.629192901532756,152.63333333333333
4579,2,16,pitch_jump,1.0,0.06055812815617492,24.267479363149548,152.63333333333333
4580,2,3,pitch_jump,1.0,0.14293545728590493,32.120548873004175,152.66666666666666
4580,2,5,pitch_jump,1.0,0.05811847676138044,12.77894262880158,152.66666666666666
4580,2,6,pitch_jump,1.0,0.06990888492900074,16.844528236670204,152.66666666666666
4580,2,9,pitch_jump,1.0,0.03629178083779734,13.009658244557043,152.66666666666666
4580,2,10,pitch_jump,1.0,0.07406620408021364,16.947163613067218,152.66666666666666
4580,2,11,pitch_jump,1.0,0.07213040282515823,16.37950665994009,152.66666666666666
4580,2,16,pitch_jump,1.0,0.0338445907339904,18.016702725018256,152.66666666666666
4580,2,20,pitch_jump,1.0,0.03242580115907519,14.104044280974483,152.66666666666666
4581,2,3,pitch_jump,1.0,0.09745834623488168,16.52972200719836,152.7
4582,1,1103,pitch_jump,1.0,0.10192975290657715,45.64006723934845,152.73333333333332
4582,2,2,pitch_jump,1.0,0.09592882748219415,37.321346877802156,152.73333333333332
4582,2,3,pitch_jump,1.0,0.14181724050635303,15.899705779698042,152.73333333333332
4582,2,5,pitch_jump,1.0,0.04772453714416111,25.326003627446237,152.73333333333332
4582,2,7,pitch_jump,1.0,0.05116203178057876,32.64261536858508,152.73333333333332
4582,2,11,pitch_jump,1.0,0.05688232037741611,16.316078820298326,152.73333333333332
4582,2,14,pitch_jump,1.0,0.050627711590197855,14.304286869091097,152.73333333333332
4582,2,16,pitch_jump,1.0,0.03267974600942018,23.723545588872906,152.73333333333332
4582,2,22,pitch_jump,1.0,0.09287153352476704,24.36459961873234,152.73333333333332
4583,2,2,pitch_jump,1.0,0.06444153212426725,18.91591409079145,152.76666666666668
4583,2,7,pitch_jump,1.0,0.03762550392839,13.763770818050197,152.76666666666668
4583,2,11,pitch_jump,1.0,0.07316220765220005,14.625362966554166,152.76666666666668
4583,2,16,pitch_jump,1.0,0.0389835663837813,17.691477004701678,152.76666666666668
4584,2,3,pitch_jump,1.0,0.0856912435478114,12.31873366298202,152.8
4584,2,5,pitch_jump,1.0,0.046630490881733835,19.297700349647624,152.8
4584,2,22,pitch_jump,1.0,0.0309479137585622,12.627215836768105,152.8
4585,2,7,pitch_jump,1.0,0.0521240412016662,15.023778331717025,152.83333333333334
4585,2,16,pitch_jump,1.0,0.024870718874654755,18.555248155399273,152.83333333333334
4585,2,21,pitch_jump,1.0,0.08518008864118023,30.907807471728734,152.83333333333334
4586,2,5,pitch_jump,1.0,0.025377632679947942,13.491106165774212,152.86666666666667
4586,2,7,pitch_jump,1.0,0.030158883574982497,14.990472892469045,152.86666666666667
4586,2,14,pitch_jump,1.0,0.041804026023143814,15.95949744227438,152.86666666666667
4586,2,21,pitch_jump,1.0,0.059933394599874006,13.458981845043379,152.86666666666667
4587,2,4,pitch_jump,1.0,0.01520537071591234,12.838108281319252,152.9
4587,2,5,pitch_jump,1.0,0.07954502504422441,29.476806683260687,152.9
4587,2,7,pitch_jump,1.0,0.02510024764997978,21.3399516689582,152.9
4587,2,16,pitch_jump,1.0,0.014224141756032383,14.527096937933981,152.9
4588,2,2,pitch_jump,1.0,0.022629058151841068,16.701295318468514,152.93333333333334
4588,2,3,pitch_jump,1.0,0.12225394714637658,25.924099674577338,152.93333333333334
4588,2,16,pitch_jump,1.0,0.041836102877654116,14.788376673772904,152.93333333333334
4589,2,2,pitch_jump,1.0,0.04447459003724306,14.96396534724791,152.96666666666667
4589,2,3,pitch_jump,1.0,0.15903107712713593,14.01592961487454,152.96666666666667
4589,2,5,pitch_jump,1.0,0.06873068264801718,14.858891712115302,152.96666666666667
4589,2,7,pitch_jump,1.0,0.026889609356673286,16.348772459582744,152.96666666666667
4589,2,11,pitch_jump,1.0,0.05060403734574002,17.362413912695143,152.96666666666667
4589,2,16,pitch_jump,1.0,0.02658726612640058,19.34711016003866,152.96666666666667
4590,2,5,pitch_jump,1.0,0.01502659639786499,22.69982400617981,153.0
4590,2,7,pitch_jump,1.0,0.002822310798898739,19.866750799938067,153.0
4590,2,11,pitch_jump,1.0,0.06638010305130476,14.90992454479194,153.0
4591,2,3,pitch_jump,1.0,0.12021719286489888,13.339410757362653,153.03333333333333
4591,2,5,pitch_jump,1.0,0.03148028837323702,13.084982976734747,153.03333333333333
4591,2,6,pitch_jump,1.0,0.05245924819366152,14.476542963796033,153.03333333333333
4591,2,10,pitch_jump,1.0,0.08098968853433214,27.738605972149223,153.03333333333333
4591,2,11,pitch_jump,1.0,0.06036670477863488,22.780670136618916,153.03333333333333
4591,2,20,pitch_jump,1.0,0.01681597255298702,12.822442246416898,153.03333333333333
4592,2,2,pitch_jump,1.0,0.017158702292090024,15.62284592642434,153.06666666666666
4592,2,5,pitch_jump,1.0,0.0440372420983746,13.169176886944271,153.06666666666666
4592,2,6,pitch_jump,1.0,0.07859751868955339,12.638416765845559,153.06666666666666
4593,2,3,pitch_jump,1.0,0.06485223993912466,14.575079157472834,153.1
4593,2,5,pitch_jump,1.0,0.009326538934007365,14.591530951873771,153.1
4593,2,7,pitch_jump,1.0,0.00537460423191669,13.236805638467887,153.1
4593,2,11,pitch_jump,1.0,0.03974491815049563,18.870009336052302,153.1
4593,2,22,pitch_jump,1.0,0.057608177751993755,17.44399232289448,153.1
4594,2,2,pitch_jump,1.0,0.006730745054364144,13.613916673320368,153.13333333333333
4594,2,3,pitch_jump,1.0,0.09275207018072343,15.679196608347372,153.13333333333333
4594,2,14,pitch_jump,1.0,0.029145231918596113,14.712456474142586,153.13333333333333
4594,2,18,pitch_jump,1.0,0.015057129747970433,13.043585194623619,153.13333333333333
4594,2,20,pitch_jump,1.0,0.015274867068464695,12.74261719157511,153.13333333333333
4594,2,21,pitch_jump,1.0,0.05431504346582306,21.81191031907714,153.13333333333333
4595,2,3,pitch_jump,1.0,0.11055991888384088,15.730401434535286,153.16666666666666
4596,2,7,pitch_jump,1.0,0.012359490109062893,12.915613959801748,153.2
4596,2,21,pitch_jump,1.0,0.04924103817993254,13.817446065120713,153.2
4596,2,22,pitch_jump,1.0,0.021678165324076466,13.585802864868546,153.2
4597,2,4,pitch_jump,1.0,0.02309598877688909,15.259678535090845,153.23333333333332
4597,2,6,pitch_jump,1.0,0.05623729970253685,12.686956396718932,153.23333333333332
4597,2,7,pitch_jump,1.0,0.019461081807714,14.570679833023421,153.23333333333332
4597,2,9,pitch_jump,1.0,0.04323133203870767,18.045630565194962,153.23333333333332
4597,2,14,pitch_jump,1.0,0.031636381506781705,23.025296883268883,153.23333333333332
4597,2,18,pitch_jump,1.0,0.02295228775658499,15.205542330144175,153.23333333333332
4597,2,20,pitch_jump,1.0,0.027380704766730036,14.364755749911378,153.23333333333332
4597,2,21,pitch_jump,1.0,0.09633229817942393,24.461892015480036,153.23333333333332
4597,2,22,pitch_jump,1.0,0.050434930833556664,14.551390185749565,153.23333333333332
4598,2,2,pitch_jump,1.0,0.012776535029339751,15.125888397296768,153.26666666666668
4598,2,4,pitch_jump,1.0,0.031672673602749904,14.971325115264806,153.26666666666668
4598,2,5,pitch_jump,1.0,0.03202034233507258,13.237835423742432,153.26666666666668
4598,2,8,pitch_jump,1.0,0.01615289244151097,18.649212032833237,153.26666666666668
4598,2,9,pitch_jump,1.0,0.041860027528465765,16.340386999238703,153.26666666666668
4598,2,10,pitch_jump,1.0,0.04703813874702244,12.364837305577419,153.26666666666668
4598,2,14,pitch_jump,1.0,0.032895491790855616,14.734536058550907,153.26666666666668
4598,2,16,pitch_jump,1.0,0.035797979984314776,24.03045435809872,153.26666666666668
4598,2,18,pitch_jump,1.0,0.02362043436808814,12.081731189513041,153.26666666666668
4598,2,20,pitch_jump,1.0,0.01945509012878653,13.426401879996742,153.26666666666668
4598,2,21,pitch_jump,1.0,0.04870805751377956,19.13692945692555,153.26666666666668
4599,2,2,pitch_jump,1.0,0.007054664273540612,12.935128265754246,153.3
4599,2,5,pitch_jump,1.0,0.014004118713455155,19.943067131557463,153.3
4599,2,7,pitch_jump,1.0,0.02474211771767534,19.19559031037451,153.3
4599,2,10,pitch_jump,1.0,0.02227887327984857,12.293708656233758,153.3
4599,2,16,pitch_jump,1.0,0.016000257709458197,21.4510737675557,153.3
4599,2,21,pitch_jump,1.0,0.01161142464251642,13.202634069581519,153.3
4599,2,22,pitch_jump,1.0,0.03696809726019232,21.378655902017787,153.3
4600,1,1103,pitch_jump,1.0,0.10177756618762744,28.466474536401673,153.33333333333334
4600,2,2,pitch_jump,1.0,0.02899611625038512,15.485099530191935,153.33333333333334
4600,2,5,pitch_jump,1.0,0.02204579062961656,14.557464448216228,153.33333333333334
4600,2,8,pitch_jump,1.0,0.023297122424931635,14.535804705119329,153.33333333333334
4600,2,20,pitch_jump,1.0,0.019073011839730564,12.601905645439075,153.33333333333334
4600,2,22,pitch_jump,1.0,0.06913946099576952,14.490377982878334,153.33333333333334
4601,1,1103,pitch_jump,1.0,0.0913633085243638,38.335658229318305,153.36666666666667
4601,2,5,pitch_jump,1.0,0.03687189261302157,18.389092507387716,153.36666666666667
4601,2,7,pitch_jump,1.0,0.0452119001556067,14.463402515880325,153.36666666666667
4601,2,22,pitch_jump,1.0,0.0822053211204728,17.251634400104493,153.36666666666667
4602,1,1103,pitch_jump,1.0,0.023756777442771774,23.087833985792553,153.4
4602,2,3,pitch_jump,1.0,0.08112847316944846,14.951706527633567,153.4
4602,2,4,pitch_jump,1.0,0.01676712796045126,14.150580528738326,153.4
4602,2,5,pitch_jump,1.0,0.015959858330059508,14.452984630336097,153.4
4602,2,7,pitch_jump,1.0,0.008541108203933698,12.096923011777141,153.4
4602,2,8,pitch_jump,1.0,0.011914359234054235,12.16510509895946,153.4
4602,2,20,pitch_jump,1.0,0.0262278271086296,13.339668715751497,153.4
4602,2,22,pitch_jump,1.0,0.02255268746219359,14.999250415609822,153.4
4603,1,1103,pitch_jump,1.0,0.08706963205174843,99.26669971888924,153.43333333333334
4603,2,2,pitch_jump,1.0,0.023407712013326747,12.400977776224103,153.43333333333334
4603,2,3,pitch_jump,1.0,0.12711976931482907,19.08844162321264,153.43333333333334
4603,2,4,pitch_jump,1.0,0.04947886190902579,12.134923907195823,153.43333333333334
4603,2,5,pitch_jump,1.0,0.06673817260569367,35.89099117304003,153.43333333333334
4603,2,7,pitch_jump,1.0,0.04162530924563354,35.459500009202586,153.43333333333334
4603,2,16,pitch_jump,1.0,0.0353224916674033,13.29967070627655,153.43333333333334
4603,2,21,pitch_jump,1.0,0.04459609878121213,14.082284770932095,153.43333333333334
4603,2,22,pitch_jump,1.0,0.09593899908742234,42.097895697197394,153.43333333333334
4604,1,1103,pitch_jump,1.0,0.09016120926206582,42.43825887857059,153.46666666666667
4604,2,3,pitch_jump,1.0,0.1407805529047561,12.952585155162822,153.46666666666667
4604,2,5,pitch_jump,1.0,0.07746056579525039,14.037701652433816,153.46666666666667
4604,2,7,pitch_jump,1.0,0.03686731846205909,22.59573932532366,153.46666666666667
4604,2,10,pitch_jump,1.0,0.11698270927697636,34.10000595787701,153.46666666666667
4604,2,22,pitch_jump,1.0,0.09485084938999146,12.838496368268968,153.46666666666667
4605,1,1103,pitch_jump,1.0,0.03588980507850642,15.606245582237733,153.5
4605,2,21,pitch_jump,2.0,0.05030664876478186,16.09983947551062,153.5
4606,1,1103,pitch_jump,1.0,0.0829902397792336,13.582055347987366,153.53333333333333
4607,2,6,pitch_jump,1.0,0.08593765753136787,14.510841506997037,153.56666666666666
4607,2,16,pitch_jump,1.0,0.04634949622047996,12.202419250340677,153.56666666666666
4608,1,1103,pitch_jump,1.0,0.04312812677314836,190.99906611630084,153.6
4608,2,2,pitch_jump,1.0,0.02210893523484348,17.116311507293865,153.6
4608,2,3,pitch_jump,1.0,0.08837096298804187,18.959786995250244,153.6
4608,2,4,pitch_jump,1.0,0.019528977144277808,30.978901160221984,153.6
4608,2,5,pitch_jump,1.0,0.017082034064730252,92.91696222955939,153.6
4608,2,7,pitch_jump,1.0,0.020736610158076176,87.28725034249754,153.6
4608,2,9,pitch_jump,1.0,0.026713716811397916,16.59689606730051,153.6
4608,2,16,pitch_jump,1.0,0.01751043878235474,35.47614678901872,153.6
4608,2,22,pitch_jump,1.0,0.049331842596895034,99.12145163740522,153.6
4609,1,1103,pitch_jump,1.0,0.08555747998200114,34.86438907926293,153.63333333333333
4609,2,2,pitch_jump,1.0,0.03742631072804447,17.77423059950108,153.63333333333333
4609,2,3,pitch_jump,1.0,0.13579986412969233,15.235228521528615,153.63333333333333
4609,2,6,pitch_jump,1.0,0.07398179467082053,13.868415512256293,153.63333333333333
4609,2,16,pitch_jump,1.0,0.049094153811212494,18.565327405318236,153.63333333333333
4609,2,22,pitch_jump,1.0,0.0916496747340512,15.775404132149108,153.63333333333333
4610,1,1103,pitch_jump,1.0,0.070727565047054,43.97166054200071,153.66666666666666
4610,2,3,pitch_jump,1.0,0.1426814481005453,18.435001522371433,153.66666666666666
4610,2,4,pitch_jump,1.0,0.052734435122148024,26.24225848429949,153.66666666666666
4610,2,5,pitch_jump,1.0,0.07767891384833885,14.499506429974128,153.66666666666666
4610,2,8,pitch_jump,1.0,0.03969251394429838,12.58086960696453,153.66666666666666
4610,2,9,pitch_jump,1.0,0.07735101472204056,22.188180377360602,153.66666666666666
4610,2,10,pitch_jump,1.0,0.07036245200765888,12.609102160540257,153.66666666666666
4610,2,14,pitch_jump,1.0,0.04536813573159671,26.270168090134792,153.66666666666666
4610,2,16,pitch_jump,1.0,0.02899349156398529,21.373239089309262,153.66666666666666
4610,2,18,pitch_jump,1.0,0.04899637469427671,15.957652460900189,153.66666666666666
4610,2,20,pitch_jump,1.0,0.0467498174268113,12.021849236238864,153.66666666666666
4610,2,21,pitch_jump,1.0,0.05568542693807314,17.094354542114026,153.66666666666666
4610,2,22,pitch_jump,1.0,0.10164921361957159,17.51875134358178,153.66666666666666
4611,2,3,pitch_jump,1.0,0.08484218184169627,16.957880258600554,153.7
4612,2,2,pitch_jump,1.0,0.05271745484241975,21.807969679187106,153.73333333333332
4612,2,3,pitch_jump,1.0,0.1442418478187547,24.780385729918468,153.73333333333332
4612,2,4,pitch_jump,1.0,0.04749642294542054,16.257797740396146,153.73333333333332
4612,2,5,pitch_jump,1.0,0.07307598943052279,27.557709677105834,153.73333333333332
4612,2,7,pitch_jump,1.0,0.07515702873693447,31.585503934639195,153.73333333333332
4612,2,8,pitch_jump,1.0,0.03146207500367882,13.513767376554132,153.73333333333332
4612,2,10,pitch_jump,1.0,0.07046598953607636,18.46240086047829,153.73333333333332
4612,2,16,pitch_jump,1.0,0.04188397576986973,12.666181031099294,153.73333333333332
4612,2,20,pitch_jump,1.0,0.04696940573525628,14.44368614214024,153.73333333333332
4612,2,21,pitch_jump,1.0,0.08243163677307941,29.731946081040565,153.73333333333332
4612,2,22,pitch_jump,1.0,0.09957665805552568,30.897532315784407,153.73333333333332
4613,2,2,pitch_jump,1.0,0.04452030519835208,12.16170184916647,153.76666666666668
4613,2,5,pitch_jump,1.0,0.07767726979998014,12.16845779744067,153.76666666666668
4613,2,6,pitch_jump,1.0,0.09682865036229449,15.734212660496572,153.76666666666668
4613,2,9,pitch_jump,1.0,0.062131731592754966,15.297663793595591,153.76666666666668
4613,2,14,pitch_jump,1.0,0.053031265721662925,12.905577779725355,153.76666666666668
4614,2,11,pitch_jump,1.0,0.04917796286701525,17.745045675565343,153.8
4615,2,11,pitch_jump,1.0,0.06227906293365273,13.096822421391451,153.83333333333334
4616,2,4,pitch_jump,1.0,0.05068325671708583,12.117203222445353,153.86666666666667
4616,2,5,pitch_jump,1.0,0.10045385585376075,29.978199703076154,153.86666666666667
4616,2,6,pitch_jump,1.0,0.08940913633147599,14.92828045357427,153.86666666666667
4616,2,7,pitch_jump,1.0,0.07317914782848346,26.103431663506594,153.86666666666667
4616,2,14,pitch_jump,1.0,0.05378800223702731,12.560170017070453,153.86666666666667
4616,2,16,pitch_jump,1.0,0.05828275467330892,23.562424016179882,153.86666666666667
4616,2,22,pitch_jump,1.0,0.09306956955328323,30.672981556487557,153.86666666666667
4617,2,5,pitch_jump,1.0,0.03892511649172365,13.151045584448303,153.9
4617,2,7,pitch_jump,1.0,0.020170580870159844,18.088296214339582,153.9
4617,2,22,pitch_jump,1.0,0.046193586428785426,20.619108531826114,153.9
4618,2,3,pitch_jump,1.0,0.12708908985649042,21.658824078181716,153.93333333333334
4618,2,16,pitch_jump,1.0,0.06498095632279052,12.635560448230892,153.93333333333334
4619,2,2,pitch_jump,1.0,0.060356604634035214,22.48177008834573,153.96666666666667
4619,2,3,pitch_jump,1.0,0.1592429453037153,28.13721265705706,153.96666666666667
4619,2,5,pitch_jump,1.0,0.06934546521304923,23.643684578002638,153.96666666666667
4619,2,7,pitch_jump,1.0,0.026655077067219125,21.463794956010236,153.96666666666667
4619,2,16,pitch_jump,1.0,0.05788189639807884,24.61413972780204,153.96666666666667
4619,2,21,pitch_jump,1.0,0.07616969101399927,12.480642556283163,153.96666666666667
4619,2,22,pitch_jump,1.0,0.08435221593203672,23.277662552354684,153.96666666666667
4620,2,3,pitch_jump,1.0,0.098905510849307,16.32113890221891,154.0
4621,2,2,pitch_jump,1.0,0.05106694956118308,13.271016717010019,154.03333333333333
4622,2,2,pitch_jump,1.0,0.07727537577675792,24.875393215083523,154.06666666666666
4622,2,5,pitch_jump,1.0,0.07442030068316087,16.852814034157728,154.06666666666666
4622,2,7,pitch_jump,1.0,0.07476252167943365,18.117574161682004,154.06666666666666
4622,2,8,pitch_jump,1.0,0.04218483491285099,12.76388065490185,154.06666666666666
4622,2,16,pitch_jump,1.0,0.042969461422886435,13.500747460544364,154.06666666666666
4622,2,20,pitch_jump,1.0,0.06182507842642687,12.925515133425984,154.06666666666666
4622,2,21,pitch_jump,1.0,0.09057404761062435,25.017282981861893,154.06666666666666
4622,2,22,pitch_jump,1.0,0.11223124873663375,16.386017756948956,154.06666666666666
4623,2,2,pitch_jump,1.0,0.04616511302314424,15.366681295434564,154.1
4623,2,5,pitch_jump,1.0,0.034694233376531027,22.751246524500544,154.1
4623,2,7,pitch_jump,1.0,0.02371519566578467,18.94799464700628,154.1
4623,2,16,pitch_jump,1.0,0.014280055520505925,15.740306656474232,154.1
4623,2,22,pitch_jump,1.0,0.05441305360537774,23.861662616556924,154.1
4624,2,2,pitch_jump,1.0,0.07176516103389864,25.08074585055971,154.13333333333333
4624,2,3,pitch_jump,1.0,0.1320394270502242,20.68375668810027,154.13333333333333
4624,2,4,pitch_jump,1.0,0.05295695631650979,13.969429539786542,154.13333333333333
4624,2,5,pitch_jump,1.0,0.06524756238008901,12.84696557626179,154.13333333333333
4624,2,7,pitch_jump,1.0,0.05404238857263929,18.242382622812737,154.13333333333333
4624,2,8,pitch_jump,1.0,0.05980781363519038,19.586971073275926,154.13333333333333
4624,2,10,pitch_jump,1.0,0.07284372621458632,17.953386448831427,154.13333333333333
4624,2,16,pitch_jump,1.0,0.04470714349833422,16.0751462081568,154.13333333333333
4624,2,20,pitch_jump,1.0,0.06066671142937927,18.09308787186881,154.13333333333333
4624,2,21,pitch_jump,1.0,0.08664088920357257,24.8731384159466,154.13333333333333
4624,2,22,pitch_jump,1.0,0.10750399493950959,15.97606697616103,154.13333333333333
4625,2,4,pitch_jump,1.0,0.05449351362107358,13.11540367888632,154.16666666666666
4625,2,5,pitch_jump,1.0,0.08440999042292624,22.128893110629942,154.16666666666666
4625,2,7,pitch_jump,1.0,0.05022458276580508,21.547468960164075,154.16666666666666
4625,2,22,pitch_jump,1.0,0.10538075354656523,23.535052313737367,154.16666666666666
4626,2,3,pitch_jump,1.0,0.09806003942956974,14.633103557534179,154.2
4627,2,4,pitch_jump,1.0,0.0668167802617502,12.35357556929086,154.23333333333332
4627,2,5,pitch_jump,1.0,0.091011534388967,12.043454953109775,154.23333333333332
4627,2,16,pitch_jump,1.0,0.06412840755490086,15.221314673080272,154.23333333333332
4627,2,22,pitch_jump,1.0,0.10234122514036895,14.204757252938274,154.23333333333332
4628,2,3,pitch_jump,1.0,0.13976635087604009,18.642013858046905,154.26666666666668
4628,2,4,pitch_jump,1.0,0.06513786084984168,17.029475157065153,154.26666666666668
4628,2,5,pitch_jump,1.0,0.09217914557727705,23.831206098676653,154.26666666666668
4628,2,6,pitch_jump,1.0,0.06918023629562858,14.288394188871282,154.26666666666668
4628,2,7,pitch_jump,1.0,0.04990583662282308,23.53595620952137,154.26666666666668
4628,2,8,pitch_jump,1.0,0.04954993751057266,12.999388614087836,154.26666666666668
4628,2,9,pitch_jump,1.0,0.06492347061611804,12.67302684859369,154.26666666666668
4628,2,16,pitch_jump,1.0,0.05178307474754469,15.952663596838391,154.26666666666668
4628,2,18,pitch_jump,1.0,0.04229095619957393,13.05785857143767,154.26666666666668
4628,2,22,pitch_jump,1.0,0.09202946261723745,27.01711065211824,154.26666666666668
4629,2,16,pitch_jump,1.0,0.015565375418070942,12.47596933678866,154.3
4630,2,2,pitch_jump,1.0,0.055954550880054,19.593630442961835,154.33333333333334
4630,2,3,pitch_jump,1.0,0.12612853073685584,14.836138730288942,154.33333333333334
4630,2,15,pitch_jump,1.0,0.0431620550216653,21.17120508667028,154.33333333333334
4631,2,2,pitch_jump,1.0,0.05323850510826462,13.481204284237636,154.36666666666667
4631,2,15,pitch_jump,1.0,0.03676029833747585,18.5627584880113,154.36666666666667
4632,2,5,pitch_jump,1.0,0.03090181542839949,12.909970778179007,154.4
4632,2,7,pitch_jump,1.0,0.01575848348039793,14.809180907611422,154.4
4632,2,10,pitch_jump,1.0,0.033510166146233686,12.524002050000751,154.4
4632,2,21,pitch_jump,1.0,0.03510758971869467,16.653438221536295,154.4
4632,2,22,pitch_jump,1.0,0.017978237277196142,12.463300147813717,154.4
4633,2,2,pitch_jump,1.0,0.06782122576296176,35.16034090616411,154.43333333333334
4633,2,3,pitch_jump,1.0,0.10774977061141491,21.713328803876472,154.43333333333334
4633,2,4,pitch_jump,1.0,0.05263729077131828,16.21731480042108,154.43333333333334
4633,2,5,pitch_jump,1.0,0.08334699281772748,21.139367418291492,154.43333333333334
4633,2,7,pitch_jump,1.0,0.06449611033779651,21.078596041939488,154.43333333333334
4633,2,9,pitch_jump,1.0,0.06453009538280541,16.14326064401548,154.43333333333334
4633,2,10,pitch_jump,1.0,0.060061997354681124,23.644235544868614,154.43333333333334
4633,2,14,pitch_jump,1.0,0.05219164642252594,16.658241735541772,154.43333333333334
4633,2,15,pitch_jump,1.0,0.0611565742103833,30.404670870207056,154.43333333333334
4633,2,16,pitch_jump,1.0,0.03284464053909081,18.547150659352475,154.43333333333334
4633,2,20,pitch_jump,1.0,0.05653420085071315,13.367324109697593,154.43333333333334
4633,2,21,pitch_jump,1.0,0.05371879118067995,15.567365433460862,154.43333333333334
4633,2,22,pitch_jump,1.0,0.052158030654480506,27.316628097065365,154.43333333333334
4634,2,2,pitch_jump,1.0,0.05287086668967642,14.401992394962514,154.46666666666667
4634,2,3,pitch_jump,1.0,0.10389954645633491,17.45944438499007,154.46666666666667
4634,2,7,pitch_jump,1.0,0.04389594370495101,12.527885368207757,154.46666666666667
4634,2,15,pitch_jump,1.0,0.05470567847087606,13.236308344893349,154.46666666666667
4635,2,2,pitch_jump,1.0,0.03160357865328499,22.85887855626932,154.5
4635,2,3,pitch_jump,1.0,0.05594292577980513,16.844706825459525,154.5
4635,2,15,pitch_jump,1.0,0.036261400822732416,21.031134335906938,154.5
4637,2,2,pitch_jump,1.0,0.05390546773121703,20.816320028142595,154.56666666666666
4637,2,3,pitch_jump,1.0,0.11600682539067629,19.952484448188454,154.56666666666666
4637,2,5,pitch_jump,1.0,0.07671005034984192,17.03196445807372,154.56666666666666
4637,2,21,pitch_jump,1.0,0.04040645120300794,12.80484599273723,154.56666666666666
4638,2,2,pitch_jump,1.0,0.03133059719432663,25.012329384330535,154.6
4638,2,3,pitch_jump,1.0,0.0749067779956076,20.829622322608433,154.6
4638,2,14,pitch_jump,1.0,0.020263018711644626,12.682374862502458,154.6
4638,2,15,pitch_jump,1.0,0.03966631835022609,16.215963716363916,154.6
4638,2,21,pitch_jump,1.0,0.00805267355803389,17.88508613275494,154.6
4639,2,2,pitch_jump,1.0,0.04421662104488673,22.700621148165272,154.63333333333333
4639,2,3,pitch_jump,1.0,0.1135895873087801,19.935676831456927,154.63333333333333
4639,2,15,pitch_jump,1.0,0.05579899073299856,14.726281519164706,154.63333333333333
4639,2,21,pitch_jump,1.0,0.04045827653871298,15.035074969790772,154.63333333333333
4640,2,5,pitch_jump,1.0,0.05671662076429391,12.429999355909219,154.66666666666666
4640,2,7,pitch_jump,1.0,0.018641002274460108,15.273544691114559,154.66666666666666
4640,2,21,pitch_jump,1.0,0.049782763703732226,19.71385971865128,154.66666666666666
4641,2,2,pitch_jump,1.0,0.026582517491475936,36.920738410075195,154.7
4641,2,3,pitch_jump,1.0,0.05368210376516911,17.202143093000036,154.7
4641,2,4,pitch_jump,1.0,0.014129495359132535,17.79564250010702,154.7
4641,2,5,pitch_jump,1.0,0.025922903884331893,16.587695744271496,154.7
4641,2,7,pitch_jump,1.0,0.009124245972336173,13.847957401417544,154.7
4641,2,9,pitch_jump,1.0,0.040118754130802355,13.140675050365735,154.7
4641,2,15,pitch_jump,1.0,0.04431337168489822,31.66125196222523,154.7
4641,2,21,pitch_jump,1.0,0.022179067833555235,14.315044013002181,154.7
4643,2,5,pitch_jump,1.0,0.05407896350259631,14.445971975751435,154.76666666666668
4643,2,7,pitch_jump,1.0,0.0399472463687848,15.44238123538205,154.76666666666668
4644,2,2,pitch_jump,1.0,0.02767959487975796,23.715392581506055,154.8
4644,2,3,pitch_jump,1.0,0.04862647168754977,16.936348933700206,154.8
4644,2,14,pitch_jump,1.0,0.016165487599156408,14.214812274089786,154.8
4644,2,15,pitch_jump,1.0,0.029840129824234302,21.760133883519853,154.8
4644,2,18,pitch_jump,1.0,0.021041126492032942,12.71895806753941,154.8
4645,2,3,pitch_jump,1.0,0.09234223555777236,12.239101160949723,154.83333333333334
4645,2,9,pitch_jump,1.0,0.05061764400690972,14.48993137263401,154.83333333333334
4645,2,14,pitch_jump,1.0,0.03949380467156474,12.708679216659963,154.83333333333334
4646,2,2,pitch_jump,1.0,0.03621883776896232,17.695866993028982,154.86666666666667
4646,2,5,pitch_jump,1.0,0.03808653300758171,19.160071411644928,154.86666666666667
4646,2,7,pitch_jump,1.0,0.02563195554401952,21.831889476100795,154.86666666666667
4646,2,15,pitch_jump,1.0,0.0538289534291523,16.367719244865835,154.86666666666667
4646,2,16,pitch_jump,1.0,0.04099914077566803,24.338583286388115,154.86666666666667
4647,2,2,pitch_jump,1.0,0.023118421380899156,23.584332397925895,154.9
4647,2,3,pitch_jump,1.0,0.029847634072768768,17.581706108760034,154.9
4647,2,15,pitch_jump,1.0,0.03470905670751146,17.6693002864074,154.9
4647,2,21,pitch_jump,1.0,0.0104747783605435,13.322514037939849,154.9
4648,2,2,pitch_jump,1.0,0.03165157367682868,16.42257284755987,154.93333333333334
4648,2,3,pitch_jump,1.0,0.061915683303284084,17.85026603304078,154.93333333333334
4649,2,2,pitch_jump,1.0,0.03898646701379255,23.86022436807289,154.96666666666667
4649,2,5,pitch_jump,1.0,0.020190630137223217,12.36577227478014,154.96666666666667
4649,2,15,pitch_jump,1.0,0.028627797221123734,21.558400563644376,154.96666666666667
4650,2,6,pitch_jump,1.0,0.09395853878281651,21.766515372659878,155.0
4650,2,21,pitch_jump,1.0,0.025974649912432986,12.89620189870406,155.0
4652,2,2,pitch_jump,1.0,0.03659407890810708,18.838799457749634,155.06666666666666
4652,2,3,pitch_jump,1.0,0.06174194763060258,12.24409561393723,155.06666666666666
4654,2,4,pitch_jump,1.0,0.026410838237536243,14.18003009527292,155.13333333333333
4655,2,3,pitch_jump,1.0,0.06657391866521523,15.421389455206532,155.16666666666666
4656,2,2,pitch_jump,1.0,0.029088844270478493,17.832695904331114,155.2
4656,2,3,pitch_jump,1.0,0.03292031220105536,18.79135978684204,155.2
4656,2,7,pitch_jump,1.0,0.015105982930060755,15.893931867633013,155.2
4656,2,16,pitch_jump,1.0,0.02587723627971519,12.646618813478387,155.2
4657,2,2,pitch_jump,1.0,0.06686457106883766,23.642547329793963,155.23333333333332
4657,2,3,pitch_jump,1.0,0.049737414048098644,19.326791054655413,155.23333333333332
4657,2,16,pitch_jump,1.0,0.05389161130674876,15.354963986725812,155.23333333333332
4658,2,2,pitch_jump,1.0,0.05029669453141423,21.34383745168584,155.26666666666668
4658,2,15,pitch_jump,1.0,0.034403446027898146,12.666870415119664,155.26666666666668
4659,2,3,pitch_jump,1.0,0.01997672631570856,14.181616135688907,155.3
4660,2,2,pitch_jump,1.0,0.03331909970051597,16.372351891976592,155.33333333333334
4660,2,15,pitch_jump,1.0,0.03422736720213005,15.197778375297977,155.33333333333334
4663,2,2,pitch_jump,1.0,0.03748214311764277,17.58680512874482,155.43333333333334
4663,2,6,pitch_jump,1.0,0.06846731591586218,21.334400650987952,155.43333333333334
4663,2,7,pitch_jump,1.0,0.011259691542943841,15.59134948914341,155.43333333333334
4663,2,10,pitch_jump,1.0,0.041975908845774595,16.897461533636,155.43333333333334
4663,2,15,pitch_jump,1.0,0.02791042267641845,17.66680203925943,155.43333333333334
4663,2,21,pitch_jump,1.0,0.027178773820448858,12.032945181241793,155.43333333333334
4664,2,2,pitch_jump,1.0,0.03844574748641948,16.030954988843707,155.46666666666667
4664,2,6,pitch_jump,1.0,0.147219782652818,20.623994950818922,155.46666666666667
4664,2,15,pitch_jump,1.0,0.03509699017678167,16.88654305551316,155.46666666666667
4664,2,21,pitch_jump,1.0,0.05677522728531797,17.955871596969033,155.46666666666667
4665,2,6,pitch_jump,1.0,0.08437970402973655,18.08785359874676,155.5
4666,2,2,pitch_jump,1.0,0.041262529930679574,18.75145171496457,155.53333333333333
4667,2,2,pitch_jump,1.0,0.03969426434060547,12.192738455013181,155.56666666666666
4667,2,7,pitch_jump,1.0,0.013778643797499976,12.26569122296576,155.56666666666666
4669,2,2,pitch_jump,1.0,0.057239801219884597,13.748542459050206,155.63333333333333
4669,2,8,pitch_jump,1.0,0.1091545806612682,14.28269303193314,155.63333333333333
4669,2,15,pitch_jump,1.0,0.058920073074276845,12.15553320374751,155.63333333333333
4670,2,6,pitch_jump,1.0,0.05362043693752505,15.078897267245997,155.66666666666666
4670,2,7,pitch_jump,1.0,0.030507730531760147,12.083582885963219,155.66666666666666
4670,2,16,pitch_jump,1.0,0.03403404558663908,12.16193522473659,155.66666666666666
4670,2,20,pitch_jump,1.0,0.04676570617635255,13.079163830424562,155.66666666666666
4671,2,21,pitch_jump,1.0,0.03678691221363503,13.181043840369073,155.7
4672,2,8,pitch_jump,1.0,0.12332176801537618,18.78114654620426,155.73333333333332
4673,2,6,pitch_jump,1.0,0.059296415057792415,13.69417475631843,155.76666666666668
4673,2,8,pitch_jump,1.0,0.12687073733198298,22.850093509349183,155.76666666666668
4673,2,10,pitch_jump,1.0,0.04733906824239489,15.19107777609953,155.76666666666668
4673,2,16,pitch_jump,1.0,0.06902599244878406,14.811438483518172,155.76666666666668
4673,2,21,pitch_jump,1.0,0.0695651092376574,24.969854525057283,155.76666666666668
4674,2,21,pitch_jump,1.0,0.019089993106868975,12.381597914686612,155.8
4676,2,7,pitch_jump,1.0,0.042349694116221394,15.402963321403778,155.86666666666667
4676,2,8,pitch_jump,1.0,0.10043369620129451,15.17627516012743,155.86666666666667
4676,2,16,pitch_jump,1.0,0.051828004526731725,13.801598312955948,155.86666666666667
4678,2,16,pitch_jump,1.0,0.05644988836102777,12.441866723107344,155.93333333333334
4678,2,21,pitch_jump,1.0,0.052326341568985926,15.428514928373696,155.93333333333334
4679,2,8,pitch_jump,1.0,0.10971864552328926,17.550746758174732,155.96666666666667
4679,2,16,pitch_jump,1.0,0.07485104153745853,12.52492845371721,155.96666666666667
4679,2,21,pitch_jump,1.0,0.05647954748366193,15.2491213968522,155.96666666666667
4680,2,10,pitch_jump,1.0,0.08164523914917253,17.90074878710161,156.0
4683,2,2,pitch_jump,1.0,0.006159258205310461,13.348243020048736,156.1
4683,2,7,pitch_jump,1.0,0.03347944320835523,13.981979085937157,156.1
4685,2,21,pitch_jump,1.0,0.046787210061538936,13.199216635986954,156.16666666666666
4687,2,3,pitch_jump,1.0,0.0059907318592614875,18.382738275228395,156.23333333333332
4687,2,10,pitch_jump,1.0,0.020525014594944293,12.201964836506994,156.23333333333332
4687,2,11,pitch_jump,1.0,0.00925467287959241,16.604300904293847,156.23333333333332
4688,2,7,pitch_jump,1.0,0.053984195772233075,13.970874381106986,156.26666666666668
4688,2,16,pitch_jump,1.0,0.054253908290124,14.9475435400996,156.26666666666668
4689,2,2,pitch_jump,1.0,0.041350312616576436,21.513145621687084,156.3
4689,2,8,pitch_jump,1.0,0.07771480478762498,12.19272686602349,156.3
4691,2,2,pitch_jump,1.0,0.04053906453608042,16.20062861882755,156.36666666666667
4691,2,8,pitch_jump,1.0,0.09467178439680733,14.2530514669832,156.36666666666667
4691,2,11,pitch_jump,1.0,0.0016383098951472574,12.532944848076717,156.36666666666667
4691,2,15,pitch_jump,1.0,0.022057162619160665,13.689289003211014,156.36666666666667
4693,2,2,pitch_jump,1.0,0.014487517782388187,16.001229102825306,156.43333333333334
4696,2,2,pitch_jump,1.0,0.03147425633652093,21.84285105275798,156.53333333333333
4696,2,15,pitch_jump,1.0,0.03419470955518873,20.237913422546935,156.53333333333333
4699,2,3,pitch_jump,1.0,0.0035018207586313675,13.257192279830653,156.63333333333333
4703,2,2,pitch_jump,1.0,0.020119432381767718,15.944581283127462,156.76666666666668
4703,2,15,pitch_jump,1.0,0.01517005359023232,13.025118974537675,156.76666666666668
4705,2,2,pitch_jump,1.0,0.013971741737984752,21.366481429992305,156.83333333333334
4705,2,15,pitch_jump,1.0,0.009936163665926636,14.75430610405779,156.83333333333334
4710,2,2,pitch_jump,1.0,0.009604676883630144,18.219108508935552,157.0
4711,2,2,pitch_jump,1.0,0.008820480647050596,16.30276547341804,157.03333333333333
4711,2,3,pitch_jump,1.0,0.03132158288200728,19.837060861346465,157.03333333333333
4711,2,11,pitch_jump,1.0,0.02409175341123432,21.38646087892919,157.03333333333333
4711,2,16,pitch_jump,1.0,0.018688760722090126,14.991839861176384,157.03333333333333
4711,2,21,pitch_jump,1.0,0.019723188063627557,16.249246837809583,157.03333333333333
4713,2,2,pitch_jump,1.0,0.01533355088695822,14.520033510401968,157.1
4713,2,11,pitch_jump,1.0,0.018483580253685593,12.022667740203797,157.1
4714,2,2,pitch_jump,1.0,0.00719877338958577,17.53968048563862,157.13333333333333
4714,2,3,pitch_jump,1.0,0.040043018387140396,21.321611581789167,157.13333333333333
4714,2,5,pitch_jump,1.0,0.014903076937543074,15.647451020112474,157.13333333333333
4714,2,7,pitch_jump,1.0,0.06217534500640175,12.17484188733539,157.13333333333333
4714,2,11,pitch_jump,1.0,0.022836410226832103,13.754573535236155,157.13333333333333
4714,2,21,pitch_jump,1.0,0.032408813018578446,13.781532652350249,157.13333333333333
4715,2,2,pitch_jump,1.0,0.014338416901572868,14.353835280286603,157.16666666666666
4715,2,3,pitch_jump,1.0,0.038487399017693005,13.995551451021942,157.16666666666666
4715,2,10,pitch_jump,1.0,0.027605711374827133,17.022344687737146,157.16666666666666
4715,2,16,pitch_jump,1.0,0.0232503088109452,18.84283495521046,157.16666666666666
4716,2,3,pitch_jump,1.0,0.0079003927152402,12.516689735275625,157.2
4717,2,16,pitch_jump,1.0,0.011602195372360572,14.149640763595515,157.23333333333332
4718,2,5,pitch_jump,1.0,0.02149223278364526,13.840161949266017,157.26666666666668
4718,2,14,pitch_jump,1.0,0.014660726025480582,12.155616429937998,157.26666666666668
4720,2,2,pitch_jump,1.0,0.018044802750598037,30.55043638230065,157.33333333333334
4720,2,3,pitch_jump,1.0,0.006997146485839081,36.17749401510771,157.33333333333334
4720,2,10,pitch_jump,1.0,0.02271568265474134,13.242862156839628,157.33333333333334
4720,2,15,pitch_jump,1.0,0.02044490023727784,19.664017272597125,157.33333333333334
4720,2,16,pitch_jump,1.0,0.014832397815882139,17.643248101673077,157.33333333333334
4720,2,21,pitch_jump,1.0,0.025921678187985398,22.054800514829562,157.33333333333334
4721,2,2,pitch_jump,1.0,0.023180572323943494,13.175821639925598,157.36666666666667
4721,2,3,pitch_jump,1.0,0.004920838362346716,23.534723399408904,157.36666666666667
4721,2,16,pitch_jump,1.0,0.015754498708361132,14.323600624902982,157.36666666666667
4721,2,21,pitch_jump,1.0,0.021230526981403056,14.506031582776918,157.36666666666667
4722,2,2,pitch_jump,1.0,0.01485019866985639,22.052327982105997,157.4
4722,2,3,pitch_jump,1.0,0.009583704887850535,18.592513094585602,157.4
4722,2,15,pitch_jump,1.0,0.007754227554827545,15.355193725176411,157.4
4723,2,2,pitch_jump,1.0,0.005110142940831756,13.681049441322244,157.43333333333334
4723,2,3,pitch_jump,1.0,0.01616715912123359,14.489020599288326,157.43333333333334
4723,2,15,pitch_jump,1.0,0.021601572986989618,12.046299524997124,157.43333333333334
4723,2,16,pitch_jump,1.0,0.03366556686367316,15.830868883742141,157.43333333333334
4726,2,2,pitch_jump,1.0,0.017427489513702557,25.8677475702318,157.53333333333333
4726,2,3,pitch_jump,1.0,0.027731017984373548,13.829661304957758,157.53333333333333
4726,2,6,pitch_jump,1.0,0.03126855964212205,12.569896899312052,157.53333333333333
4726,2,7,pitch_jump,1.0,0.03704343457286391,12.087424288180223,157.53333333333333
4726,2,10,pitch_jump,1.0,0.029648380285630473,13.457633382278958,157.53333333333333
4726,2,15,pitch_jump,1.0,0.010322356409029865,15.452686700439045,157.53333333333333
4727,2,2,pitch_jump,1.0,0.020108744683756338,13.794043583893586,157.56666666666666
4727,2,3,pitch_jump,1.0,0.026678802563008926,14.04771675570864,157.56666666666666
4727,2,6,pitch_jump,1.0,0.04063860039921608,13.8971107111431,157.56666666666666
4727,2,10,pitch_jump,1.0,0.03699536592561709,16.902758564841033,157.56666666666666
4727,2,16,pitch_jump,1.0,0.04378376353902112,14.260011102757671,157.56666666666666
4728,2,2,pitch_jump,1.0,0.014909937970075489,17.439089082828882,157.6
4728,2,3,pitch_jump,1.0,0.02184615695462744,18.995996880154653,157.6
4728,2,11,pitch_jump,1.0,0.017427106475430075,17.696438856419324,157.6
4728,2,21,pitch_jump,1.0,0.01696996756219997,14.982677515837894,157.6
4729,2,15,pitch_jump,1.0,0.023918925968893074,12.062475191248943,157.63333333333333
4732,2,11,pitch_jump,1.0,0.03627289747789318,14.419319717017238,157.73333333333332
4732,2,14,pitch_jump,1.0,0.012034951527974574,12.086324770344328,157.73333333333332
4733,2,3,pitch_jump,1.0,0.02879883512472727,13.59033117853979,157.76666666666668
4733,2,10,pitch_jump,1.0,0.0751820086629979,27.90021293584355,157.76666666666668
4733,2,14,pitch_jump,1.0,0.01266338098391327,13.79925688059256,157.76666666666668
4735,2,2,pitch_jump,1.0,0.01953931867522699,16.0472011262474,157.83333333333334
4735,2,4,pitch_jump,1.0,0.016705179442585254,12.582270247171186,157.83333333333334
4735,2,9,pitch_jump,1.0,0.007475549742518775,12.330222489653762,157.83333333333334
4735,2,14,pitch_jump,1.0,0.0100750804956689,12.070155797144873,157.83333333333334
4735,2,15,pitch_jump,1.0,0.010501386353778388,12.658202068468311,157.83333333333334
4736,2,2,pitch_jump,1.0,0.021820505024280307,28.08066703280468,157.86666666666667
4736,2,3,pitch_jump,1.0,0.03160339395892864,18.830958256707287,157.86666666666667
4736,2,4,pitch_jump,1.0,0.016004719855624377,17.683639554216587,157.86666666666667
4736,2,5,pitch_jump,1.0,0.006249344695644521,29.798543718786885,157.86666666666667
4736,2,7,pitch_jump,1.0,0.03791701042498073,20.04779175277411,157.86666666666667
4736,2,9,pitch_jump,1.0,0.04483744136188605,17.270909985700825,157.86666666666667
4736,2,14,pitch_jump,1.0,0.007318763683020505,18.77825631006717,157.86666666666667
4736,2,15,pitch_jump,1.0,0.019689584219430865,21.888458912585172,157.86666666666667
4737,2,2,pitch_jump,1.0,0.010452090020257206,20.375885131356565,157.9
4737,2,3,pitch_jump,1.0,0.026232708703702385,17.346586555536334,157.9
4737,2,11,pitch_jump,1.0,0.021874044019868123,13.775375801638589,157.9
4737,2,15,pitch_jump,1.0,0.007670736847422745,15.831234499057421,157.9
4737,2,21,pitch_jump,1.0,0.028232151765102437,12.236375170130913,157.9
4738,2,2,pitch_jump,1.0,0.02232196677125441,30.926802606748655,157.93333333333334
4738,2,3,pitch_jump,1.0,0.04103852440203219,30.596091040063424,157.93333333333334
4738,2,5,pitch_jump,1.0,0.008841655272053366,12.056018298519666,157.93333333333334
4738,2,6,pitch_jump,1.0,0.0320198660738813,13.663171047228898,157.93333333333334
4738,2,11,pitch_jump,1.0,0.03955448001996041,24.31947951889019,157.93333333333334
4738,2,15,pitch_jump,1.0,0.010027009701828165,24.556929695432274,157.93333333333334
4738,2,20,pitch_jump,1.0,0.014169505137481978,14.280286899725434,157.93333333333334
4738,2,21,pitch_jump,1.0,0.0352895922046107,13.855914042146333,157.93333333333334
4739,2,2,pitch_jump,1.0,0.01631183998756125,15.444324541462189,157.96666666666667
4739,2,3,pitch_jump,1.0,0.03374699490528462,18.61123088417354,157.96666666666667
4739,2,11,pitch_jump,1.0,0.03240091266075886,17.184760945537647,157.96666666666667
4739,2,15,pitch_jump,1.0,0.025011170410074477,14.069997045802861,157.96666666666667
4739,2,16,pitch_jump,1.0,0.03488526410156825,12.384809489501121,157.96666666666667
4739,2,21,pitch_jump,1.0,0.042123522300450474,15.67173279428667,157.96666666666667
4742,2,2,pitch_jump,1.0,0.03125489713443067,20.916703923846136,158.06666666666666
4742,2,3,pitch_jump,1.0,0.03231976860208833,29.302181261760428,158.06666666666666
4742,2,5,pitch_jump,1.0,0.023257069424073937,12.253632121474954,158.06666666666666
4742,2,7,pitch_jump,1.0,0.014973069892990338,13.640881320865388,158.06666666666666
4742,2,10,pitch_jump,1.0,0.04252849727730306,12.665688304898216,158.06666666666666
4742,2,11,pitch_jump,1.0,0.019425824030589966,25.41915301514978,158.06666666666666
4742,2,15,pitch_jump,1.0,0.009634529821054552,14.11320967541285,158.06666666666666
4742,2,16,pitch_jump,1.0,0.05540591735249721,12.51545258564007,158.06666666666666
4742,2,21,pitch_jump,1.0,0.022006188006608588,18.70576838266628,158.06666666666666
4743,2,15,pitch_jump,1.0,0.010038689533532564,12.515118631341881,158.1
4743,2,20,pitch_jump,1.0,0.02426490851676867,12.420019947162105,158.1
4744,2,2,pitch_jump,1.0,0.01620735969630288,22.856442766798594,158.13333333333333
4744,2,3,pitch_jump,1.0,0.03202845967341501,14.931936493420434,158.13333333333333
4744,2,11,pitch_jump,1.0,0.02824266968461527,12.137336312315375,158.13333333333333
4744,2,15,pitch_jump,1.0,0.012415373558850475,19.277263558820998,158.13333333333333
4745,2,2,pitch_jump,1.0,0.015013670369844488,29.674632271480355,158.16666666666666
4745,2,3,pitch_jump,1.0,0.0406052325428305,21.641563538217216,158.16666666666666
4745,2,8,pitch_jump,1.0,0.02580024985655536,14.183510665629198,158.16666666666666
4745,2,10,pitch_jump,1.0,0.039964959998355434,14.398725911536195,158.16666666666666
4745,2,11,pitch_jump,1.0,0.053928054896996765,17.848128600669547,158.16666666666666
4745,2,15,pitch_jump,1.0,0.011777742661109456,27.707172958783932,158.16666666666666
4745,2,20,pitch_jump,1.0,0.018653230059202903,17.335014591156572,158.16666666666666
4745,2,21,pitch_jump,1.0,0.02919100476175688,18.10328133118986,158.16666666666666
4746,2,2,pitch_jump,1.0,0.007231524581522471,19.917549857346756,158.2
4746,2,3,pitch_jump,1.0,0.017102674322446727,14.839034966856898,158.2
4746,2,11,pitch_jump,1.0,0.03250788015228231,16.595753659281694,158.2
4746,2,15,pitch_jump,1.0,0.0022051042068878157,16.430277309741722,158.2
4746,2,21,pitch_jump,1.0,0.034467583193146974,12.504760454168338,158.2
4747,2,2,pitch_jump,1.0,0.010887822606869343,31.160076217627495,158.23333333333332
4747,2,3,pitch_jump,1.0,0.01915144686414628,23.530683128362615,158.23333333333332
4747,2,15,pitch_jump,1.0,0.010557384093045444,18.197237497872788,158.23333333333332
4748,2,15,pitch_jump,1.0,0.019851890965059023,13.1793677166289,158.26666666666668
4749,2,2,pitch_jump,1.0,0.011081139988466307,14.335683463649678,158.3
4749,2,3,pitch_jump,1.0,0.019089200999035393,12.538139236394327,158.3
4749,2,11,pitch_jump,1.0,0.03118872634283803,12.867459256353161,158.3
4749,2,15,pitch_jump,1.0,0.014041707870300185,12.250157460178722,158.3
4750,2,2,pitch_jump,1.0,0.015446032308372198,14.482350915201224,158.33333333333334
4750,2,6,pitch_jump,1.0,0.043072410861415895,15.012700177524845,158.33333333333334
4750,2,10,pitch_jump,1.0,0.02645661643745096,15.214188283730586,158.33333333333334
4750,2,15,pitch_jump,1.0,0.016201624312959115,13.250783725493365,158.33333333333334
4750,2,21,pitch_jump,1.0,0.04045809856333135,12.233690012248521,158.33333333333334
4751,2,2,pitch_jump,1.0,0.03209753559235729,21.846184480090116,158.36666666666667
4751,2,3,pitch_jump,1.0,0.02318719171704423,13.407334584489497,158.36666666666667
4751,2,14,pitch_jump,1.0,0.014446823539816023,12.822796967002208,158.36666666666667
4751,2,21,pitch_jump,1.0,0.03824993338341843,13.321329010248533,158.36666666666667
4753,2,2,pitch_jump,1.0,0.005504307315603954,16.789060347904407,158.43333333333334
4753,2,3,pitch_jump,1.0,0.020163298936548085,14.970694359736434,158.43333333333334
4754,2,2,pitch_jump,1.0,0.005533322049662916,21.404570638512485,158.46666666666667
4754,2,5,pitch_jump,1.0,0.050289899648259896,20.94268844086193,158.46666666666667
4754,2,15,pitch_jump,1.0,0.008607326144127328,21.345611759297064,158.46666666666667
4754,2,20,pitch_jump,1.0,0.012863318997807547,13.008933506680535,158.46666666666667
4756,2,2,pitch_jump,1.0,0.02512892193684568,20.52934959761243,158.53333333333333
4757,2,3,pitch_jump,1.0,0.01775959893901962,12.680768158333024,158.56666666666666
4757,2,5,pitch_jump,1.0,0.18730000734767374,44.67424621154908,158.56666666666666
4757,2,11,pitch_jump,1.0,0.016104938164963983,12.301062865318022,158.56666666666666
4758,2,2,pitch_jump,1.0,0.012884062861650525,15.301616294990843,158.6
4758,2,5,pitch_jump,1.0,0.03825275501484224,12.404911077228533,158.6
4759,2,5,pitch_jump,1.0,0.05140856865276821,12.421384178901238,158.63333333333333
4759,2,11,pitch_jump,1.0,0.13305264534640368,54.78612290259839,158.63333333333333
4760,2,2,pitch_jump,1.0,0.024689376363144406,14.09110491652979,158.66666666666666
4760,2,5,pitch_jump,1.0,0.10027051586019961,26.3164140413807,158.66666666666666
4760,2,8,pitch_jump,1.0,0.006854920046931238,12.78750599073734,158.66666666666666
4760,2,11,pitch_jump,1.0,0.1210225667152729,45.83074147259441,158.66666666666666
4760,2,15,pitch_jump,1.0,0.023391507071512295,17.363633913352793,158.66666666666666
4760,2,18,pitch_jump,1.0,0.025055129496263186,12.58094535237075,158.66666666666666
4760,2,20,pitch_jump,1.0,0.01316916001115859,13.562001465279371,158.66666666666666
4761,2,2,pitch_jump,1.0,0.04094594186526649,15.9951223099396,158.7
4761,2,3,pitch_jump,1.0,0.011247949056277923,13.587018808597843,158.7
4761,2,11,pitch_jump,1.0,0.043987622983786376,25.126023296612384,158.7
4761,2,16,pitch_jump,1.0,0.03589042649904528,14.793044722277367,158.7
4763,2,2,pitch_jump,1.0,0.02540580203240358,18.115860345983,158.76666666666668
4763,2,3,pitch_jump,1.0,0.023475626793724953,15.545573080459311,158.76666666666668
4763,2,4,pitch_jump,1.0,0.01628778174660059,15.59424637365688,158.76666666666668
4763,2,5,pitch_jump,1.0,0.03422590851552439,20.39447129022113,158.76666666666668
4763,2,7,pitch_jump,1.0,0.03349522216358039,16.496887702276712,158.76666666666668
4763,2,9,pitch_jump,1.0,0.03883145375283373,14.677157692550537,158.76666666666668
4763,2,15,pitch_jump,1.0,0.02464327449563409,20.55394262736694,158.76666666666668
4763,2,16,pitch_jump,1.0,0.01707910416055687,16.484247920401852,158.76666666666668
4763,2,20,pitch_jump,1.0,0.020661054577711772,14.996354163080687,158.76666666666668
4763,2,21,pitch_jump,1.0,0.015545755218022999,12.561531874997781,158.76666666666668
4763,2,22,pitch_jump,1.0,0.021380930456886528,18.827643213415662,158.76666666666668
4765,2,2,pitch_jump,1.0,0.03366846774548943,14.33488033812298,158.83333333333334
4765,2,11,pitch_jump,1.0,0.03023305680302109,13.536761036724215,158.83333333333334
4766,2,5,pitch_jump,1.0,0.019848149204735335,13.43848761987824,158.86666666666667
4766,2,22,pitch_jump,1.0,0.027641244787930543,12.81616357342804,158.86666666666667
4768,2,2,pitch_jump,1.0,0.01999962399978234,13.22873652394425,158.93333333333334
4768,2,3,pitch_jump,1.0,0.01418625207373381,15.163020044941595,158.93333333333334
4769,2,2,pitch_jump,1.0,0.03428469681185588,37.7353260244037,158.96666666666667
4769,2,10,pitch_jump,1.0,0.0022757799984589517,12.061210615295602,158.96666666666667
4769,2,11,pitch_jump,1.0,0.008502412090895625,18.04114930005493,158.96666666666667
4769,2,15,pitch_jump,1.0,0.04107927303818914,29.7742151844875,158.96666666666667
4771,2,2,pitch_jump,1.0,0.02491852447968507,21.14815634813978,159.03333333333333
4771,2,15,pitch_jump,1.0,0.04238325750027454,15.548866491405782,159.03333333333333
4772,2,2,pitch_jump,1.0,0.011316515249189817,15.992628051292456,159.06666666666666
4775,2,2,pitch_jump,1.0,0.02715799891164089,20.551637252921665,159.16666666666666
4775,2,11,pitch_jump,1.0,0.031046889119634272,14.062687880703402,159.16666666666666
4775,2,15,pitch_jump,1.0,0.027700700672641205,12.771862200690219,159.16666666666666
4776,2,2,pitch_jump,1.0,0.008299929047083158,12.116027706209213,159.2
4776,2,11,pitch_jump,1.0,0.01747266556386052,15.144925046725298,159.2
4777,2,2,pitch_jump,1.0,0.030811732753651063,14.392178020411015,159.23333333333332
4777,2,7,pitch_jump,1.0,0.014297078491454007,16.86953667198631,159.23333333333332
4777,2,11,pitch_jump,1.0,0.020096897660311794,16.552310178721577,159.23333333333332
4777,2,16,pitch_jump,1.0,0.01980211601046067,17.220989014029687,159.23333333333332
4778,2,2,pitch_jump,1.0,0.02236171779693342,12.61516145790526,159.26666666666668
4779,2,2,pitch_jump,1.0,0.0037746337701715345,12.27771207642303,159.3
4780,2,2,pitch_jump,1.0,0.03572208946929045,24.941521055374054,159.33333333333334
4780,2,15,pitch_jump,1.0,0.017426179957040436,24.579000348365422,159.33333333333334
4781,2,2,pitch_jump,1.0,0.013461236825361263,13.971654893945512,159.36666666666667
4781,2,5,pitch_jump,1.0,0.09008263551243927,18.1622589255478,159.36666666666667
4781,2,7,pitch_jump,1.0,0.030753529420661327,12.225864061802403,159.36666666666667
4782,2,2,pitch_jump,1.0,0.0104817188584888,13.270055263196204,159.4
4782,2,5,pitch_jump,1.0,0.07343815348157991,12.414485564852209,159.4
4782,2,15,pitch_jump,1.0,0.01058162310568092,19.631173531293182,159.4
4783,2,2,pitch_jump,1.0,0.022535983779989947,30.01492835593216,159.43333333333334
4783,2,5,pitch_jump,1.0,0.11992761316837013,25.842756632725997,159.43333333333334
4783,2,7,pitch_jump,1.0,0.03183667987435584,14.134092308333205,159.43333333333334
4783,2,15,pitch_jump,1.0,0.01577278885704246,31.815961466678292,159.43333333333334
4783,2,16,pitch_jump,1.0,0.017121347926185883,15.713013719511604,159.43333333333334
4784,2,2,pitch_jump,1.0,0.036585080327717914,21.543506097657943,159.46666666666667
4784,2,15,pitch_jump,1.0,0.026869465947293864,20.933315121248004,159.46666666666667
4784,2,16,pitch_jump,1.0,0.01606523516930794,12.807558532842313,159.46666666666667
4785,2,2,pitch_jump,1.0,0.014944736527388208,20.831196663356454,159.5
4785,2,15,pitch_jump,1.0,0.017727658827251837,18.802144699098683,159.5
4785,2,21,pitch_jump,1.0,0.013577467345927468,13.812718318059654,159.5
4786,2,2,pitch_jump,1.0,0.03483412078145103,28.565886342992734,159.53333333333333
4786,2,5,pitch_jump,1.0,0.01853584626131008,12.74141635921273,159.53333333333333
4786,2,15,pitch_jump,1.0,0.035669041822732644,15.123958651205061,159.53333333333333
4786,2,16,pitch_jump,1.0,0.024473312735291804,12.478771295494207,159.53333333333333
4787,2,5,pitch_jump,1.0,0.017444019090979916,13.918761396660354,159.56666666666666
4788,2,16,pitch_jump,1.0,0.024078301076396375,13.194371495322146,159.6
4790,2,2,pitch_jump,1.0,0.042949540655714075,19.19506745583761,159.66666666666666
4791,2,2,pitch_jump,1.0,0.016384472258589734,15.714669597309332,159.7
4792,2,2,pitch_jump,1.0,0.02874462008071474,12.242828649183348,159.73333333333332
4792,2,7,pitch_jump,1.0,0.025329688611697286,13.627699702428137,159.73333333333332
4792,2,16,pitch_jump,1.0,0.02913030020584428,15.000019998715898,159.73333333333332
4793,2,2,pitch_jump,1.0,0.032629572546453094,22.10578860515436,159.76666666666668
4793,2,15,pitch_jump,1.0,0.032855200972869286,22.78315438917354,159.76666666666668
4794,2,2,pitch_jump,1.0,0.011661067554227683,23.190565259420488,159.8
4794,2,3,pitch_jump,1.0,0.021247441322841662,13.159604149045345,159.8
4794,2,15,pitch_jump,1.0,0.01653998261674157,20.8710340067433,159.8
4795,2,2,pitch_jump,1.0,0.032061840532275475,25.482488312247607,159.83333333333334
4795,2,15,pitch_jump,1.0,0.04629340000077903,24.671046135286684,159.83333333333334
4796,2,2,pitch_jump,1.0,0.04689920277813969,16.71243225227386,159.86666666666667
4796,2,3,pitch_jump,1.0,0.04240204661036252,12.906052640449442,159.86666666666667
4796,2,6,pitch_jump,1.0,0.020469803923346533,12.366868487067341,159.86666666666667
4796,2,10,pitch_jump,1.0,0.026757815739349326,12.585633397237844,159.86666666666667
4796,2,15,pitch_jump,1.0,0.040081147603866725,16.006122447339393,159.86666666666667
4798,2,2,pitch_jump,1.0,0.05997968634789352,12.51318580394911,159.93333333333334
4799,2,2,pitch_jump,1.0,0.05860419378370147,12.463720599356126,159.96666666666667
4799,2,3,pitch_jump,1.0,0.05437851621260844,14.842937112193543,159.96666666666667
4800,2,2,pitch_jump,1.0,0.03992230013173175,30.519512917869413,160.0
4800,2,3,pitch_jump,1.0,0.029188106283766967,14.17932310720094,160.0
4800,2,15,pitch_jump,1.0,0.03318311479843575,16.96098031975583,160.0
4802,2,2,pitch_jump,1.0,0.055227138078376335,14.665478635749945,160.06666666666666
4802,2,3,pitch_jump,1.0,0.05722756665786492,19.117095161842908,160.06666666666666
4802,2,5,pitch_jump,1.0,0.038072655074019,24.471221159314776,160.06666666666666
4802,2,6,pitch_jump,1.0,0.031623959950382086,12.322458661100617,160.06666666666666
4802,2,7,pitch_jump,1.0,0.04684823400349253,25.75018485368725,160.06666666666666
4802,2,10,pitch_jump,1.0,0.03561125286402166,19.66510145764072,160.06666666666666
4802,2,16,pitch_jump,1.0,0.027653700082165805,23.60910367313702,160.06666666666666
4802,2,21,pitch_jump,1.0,0.03382419013898427,15.276544018079049,160.06666666666666
4804,2,2,pitch_jump,1.0,0.06120130732014478,18.951855972198747,160.13333333333333
4804,2,3,pitch_jump,1.0,0.04680632460271632,17.593344660116124,160.13333333333333
4804,2,5,pitch_jump,1.0,0.061379018394165555,16.472166662993832,160.13333333333333
4805,2,3,pitch_jump,1.0,0.04243616534618343,13.47614264332078,160.16666666666666
4805,2,5,pitch_jump,1.0,0.028123913692209145,13.975908136055686,160.16666666666666
4805,2,6,pitch_jump,1.0,0.020187186620428142,12.144830917459984,160.16666666666666
4805,2,7,pitch_jump,1.0,0.05548558731312859,34.1191908562176,160.16666666666666
4805,2,10,pitch_jump,1.0,0.045842089276784584,21.760274458920104,160.16666666666666
4805,2,16,pitch_jump,1.0,0.02837313366061165,27.796732558668268,160.16666666666666
4805,2,21,pitch_jump,1.0,0.05021134231487386,15.58725938734131,160.16666666666666
4807,2,2,pitch_jump,1.0,0.05872009535013533,40.27001627032271,160.23333333333332
4807,2,3,pitch_jump,1.0,0.04443676385443995,31.981656560485515,160.23333333333332
4807,2,7,pitch_jump,1.0,0.04227709389737009,12.836101168113203,160.23333333333332
4807,2,10,pitch_jump,1.0,0.03448712906760451,18.572013468120264,160.23333333333332
4807,2,15,pitch_jump,1.0,0.031464312560407506,30.270196438080845,160.23333333333332
4807,2,16,pitch_jump,1.0,0.026739183349428815,13.402856322215117,160.23333333333332
4807,2,20,pitch_jump,1.0,0.03880194520230558,12.930673879102985,160.23333333333332
4807,2,21,pitch_jump,1.0,0.03964640978665949,22.872637782337133,160.23333333333332
4808,2,2,pitch_jump,1.0,0.06414617183097138,13.903796651308257,160.26666666666668
4808,2,7,pitch_jump,1.0,0.03009345866370684,14.980328882710861,160.26666666666668
4808,2,15,pitch_jump,1.0,0.036435477792993456,12.949509503720872,160.26666666666668
4810,2,2,pitch_jump,1.0,0.051371805843130065,20.09574562251506,160.33333333333334
4810,2,3,pitch_jump,1.0,0.04087043249120388,15.537331197291449,160.33333333333334
4810,2,10,pitch_jump,1.0,0.0264769218836748,12.255709146012043,160.33333333333334
4810,2,16,pitch_jump,1.0,0.020187511574809653,14.330296067288108,160.33333333333334
4810,2,21,pitch_jump,1.0,0.028613383277336018,12.858900967762624,160.33333333333334
4811,2,2,pitch_jump,1.0,0.015011540761586745,39.25411932968418,160.36666666666667
4811,2,3,pitch_jump,1.0,0.03685325154600795,14.061215628440058,160.36666666666667
4811,2,5,pitch_jump,1.0,0.01006756630934163,27.25275429994165,160.36666666666667
4811,2,6,pitch_jump,1.0,0.006881351099424192,12.92337194183292,160.36666666666667
4811,2,7,pitch_jump,1.0,0.013918659618728828,25.264317115439447,160.36666666666667
4811,2,15,pitch_jump,1.0,0.02179063445168828,26.629243072812645,160.36666666666667
4811,2,16,pitch_jump,1.0,0.02374056012565042,19.328699196734767,160.36666666666667
4811,2,22,pitch_jump,1.0,0.011056271557266587,16.74359444421017,160.36666666666667
4813,2,2,pitch_jump,1.0,0.019074373788220845,32.213315113194064,160.43333333333334
4813,2,5,pitch_jump,1.0,0.0018916260305435494,13.888144684411056,160.43333333333334
4813,2,7,pitch_jump,1.0,0.013216716516760828,16.390694009902177,160.43333333333334
4813,2,16,pitch_jump,1.0,0.013206066948085888,15.734915758673694,160.43333333333334
4816,2,5,pitch_jump,1.0,0.07955333374914161,14.041649090534703,160.53333333333333
4817,2,2,pitch_jump,1.0,0.021502080956802914,12.905786705643814,160.56666666666666
4818,2,2,pitch_jump,1.0,0.011834872867458667,12.764752819587946,160.6
4820,2,4,pitch_jump,1.0,0.03362336904922342,12.385178352003688,160.66666666666666
4820,2,5,pitch_jump,1.0,0.04420778207020493,14.354021403191751,160.66666666666666
4822,2,2,pitch_jump,1.0,0.01807556066594541,14.82139578449262,160.73333333333332
4824,2,5,pitch_jump,1.0,0.0431066520622263,13.672006845612351,160.8
4824,2,7,pitch_jump,1.0,0.01190382329439111,12.162702759296996,160.8
4825,2,2,pitch_jump,1.0,0.008665182957791449,20.890814466626573,160.83333333333334
4825,2,16,pitch_jump,1.0,0.02017128370653848,12.040223678844573,160.83333333333334
4827,2,2,pitch_jump,1.0,0.004292783622543453,12.79553894614009,160.9
4827,2,5,pitch_jump,1.0,0.018561069380010575,16.27737799902458,160.9
4827,2,16,pitch_jump,1.0,0.02216053054012435,12.018068804509154,160.9
4827,2,22,pitch_jump,1.0,0.016446230177608965,12.217367719527791,160.9
4828,2,2,pitch_jump,1.0,0.0018027894020580465,13.188378457358066,160.93333333333334
4831,2,2,pitch_jump,1.0,0.010383943182187418,19.478309824136623,161.03333333333333
4832,2,2,pitch_jump,1.0,0.023307037833366736,14.449292743428435,161.06666666666666
4834,2,2,pitch_jump,1.0,0.022309677960456107,14.62345691574386,161.13333333333333
4834,2,7,pitch_jump,1.0,0.04516125426427853,15.670010026662213,161.13333333333333
4834,2,16,pitch_jump,1.0,0.05629026805400116,15.316711134218345,161.13333333333333
4835,2,3,pitch_jump,1.0,0.023225607566389514,16.976170925110235,161.16666666666666
4835,2,5,pitch_jump,1.0,0.07433130252678012,16.17252065033139,161.16666666666666
4835,2,7,pitch_jump,1.0,0.037501857938714155,12.47736920925665,161.16666666666666
4835,2,16,pitch_jump,1.0,0.06710803748081329,12.489654437336943,161.16666666666666
4835,2,21,pitch_jump,1.0,0.07056706097217239,13.606661298320686,161.16666666666666
4837,2,2,pitch_jump,1.0,0.027624608393178894,19.792031177391607,161.23333333333332
4837,2,3,pitch_jump,1.0,0.03399289152625529,14.372341634698856,161.23333333333332
4837,2,4,pitch_jump,1.0,0.05400921243707986,14.355021783526704,161.23333333333332
4837,2,5,pitch_jump,1.0,0.04983959434570844,21.797344898696288,161.23333333333332
4837,2,6,pitch_jump,1.0,0.04701487285123439,13.409485699572961,161.23333333333332
4837,2,7,pitch_jump,1.0,0.06225275507901223,22.947450003214815,161.23333333333332
4837,2,10,pitch_jump,1.0,0.04597873574389173,13.24603312564837,161.23333333333332
4837,2,16,pitch_jump,1.0,0.0615574086030169,22.052711114814567,161.23333333333332
4837,2,21,pitch_jump,1.0,0.04774405596528595,13.159767619005487,161.23333333333332
4837,2,22,pitch_jump,1.0,0.056470800662282286,17.89651913076754,161.23333333333332
4839,2,2,pitch_jump,1.0,0.020985191139521485,25.232991363659277,161.3
4839,2,5,pitch_jump,1.0,0.020301336254658107,13.182170798859008,161.3
4839,2,16,pitch_jump,1.0,0.03122829691590371,14.531105204672206,161.3
4840,2,2,pitch_jump,1.0,0.030921651298452077,13.76117113491719,161.33333333333334
4841,2,7,pitch_jump,1.0,0.04170031438817033,15.141459892578323,161.36666666666667
4841,2,15,pitch_jump,1.0,0.03129497678041084,14.333092791404228,161.36666666666667
4843,2,2,pitch_jump,1.0,0.030813839540081857,12.44565552730402,161.43333333333334
4843,2,3,pitch_jump,1.0,0.0281403994149739,12.851874267406231,161.43333333333334
4844,2,2,pitch_jump,1.0,0.02908098848493291,13.306325886328777,161.46666666666667
4844,2,15,pitch_jump,1.0,0.01691635061882829,12.669116208020574,161.46666666666667
4846,2,2,pitch_jump,1.0,0.02503524677480648,14.398989061834039,161.53333333333333
4847,2,2,pitch_jump,1.0,0.020621491292451714,18.975571664625473,161.56666666666666
4847,2,15,pitch_jump,1.0,0.012887285937643439,17.215474746960375,161.56666666666666
4847,2,20,pitch_jump,1.0,0.03808843749377663,16.21772308780988,161.56666666666666
4848,2,2,pitch_jump,1.0,0.015749918373280384,15.32348412720769,161.6
4849,2,2,pitch_jump,1.0,0.026620080107834246,17.648711568530015,161.63333333333333
4849,2,3,pitch_jump,1.0,0.025061218229072653,17.377284725118237,161.63333333333333
4849,2,15,pitch_jump,1.0,0.010726673376863229,15.760296187746082,161.63333333333333
4850,2,2,pitch_jump,1.0,0.02027601187469356,12.921679584348531,161.66666666666666
4850,2,4,pitch_jump,1.0,0.06860035622552431,12.520600232267544,161.66666666666666
4850,2,7,pitch_jump,1.0,0.039526543664921934,24.140258868401506,161.66666666666666
4850,2,16,pitch_jump,1.0,0.04794061262404755,18.89101919878378,161.66666666666666
4851,2,2,pitch_jump,1.0,0.012978857900762886,15.666487626472565,161.7
4852,2,2,pitch_jump,1.0,0.01283208765832526,26.543355160919436,161.73333333333332
4852,2,7,pitch_jump,1.0,0.017099153944054063,13.67568003787414,161.73333333333332
4852,2,15,pitch_jump,1.0,0.02562020184879884,26.679342571357868,161.73333333333332
4852,2,16,pitch_jump,1.0,0.02905081512151619,14.109181674899366,161.73333333333332
4853,2,2,pitch_jump,1.0,0.014058723656052593,20.30729861412468,161.76666666666668
4853,2,7,pitch_jump,1.0,0.02325340640385528,12.701513550464073,161.76666666666668
4853,2,15,pitch_jump,1.0,0.005925827000840886,12.18447409259569,161.76666666666668
4853,2,16,pitch_jump,1.0,0.014239033957968933,13.827494553802644,161.76666666666668
4854,2,2,pitch_jump,1.0,0.02340714588284143,34.7107829376723,161.8
4854,2,3,pitch_jump,1.0,0.008165528032295645,13.43467583739997,161.8
4854,2,15,pitch_jump,1.0,0.004003670754893483,20.63368904242267,161.8
4855,2,2,pitch_jump,1.0,0.008090355456020134,38.062361725047474,161.83333333333334
4855,2,3,pitch_jump,1.0,0.010484721339953505,23.734180147952262,161.83333333333334
4855,2,15,pitch_jump,1.0,0.006013845112884922,20.824548701225314,161.83333333333334
4856,2,3,pitch_jump,1.0,0.007084512562602533,13.199521781706776,161.86666666666667
4856,2,16,pitch_jump,1.0,0.028229866978654938,12.185044217805325,161.86666666666667
4858,2,2,pitch_jump,1.0,0.015874296851762136,15.465040565008204,161.93333333333334
4859,2,2,pitch_jump,1.0,0.02767794062481568,34.12593237554703,161.96666666666667
4859,2,3,pitch_jump,1.0,0.010197105871481265,13.622839130283932,161.96666666666667
4859,2,7,pitch_jump,1.0,0.013065394581641698,13.57216667691474,161.96666666666667
4859,2,15,pitch_jump,1.0,0.005349322666858317,28.43195534673107,161.96666666666667
4859,2,16,pitch_jump,1.0,0.045149258582721966,15.014029389629842,161.96666666666667
4862,2,2,pitch_jump,1.0,0.02629594356742576,17.178030530285042,162.06666666666666
4862,2,3,pitch_jump,1.0,0.01365612339299097,18.97220488857834,162.06666666666666
4862,2,15,pitch_jump,1.0,0.01679374770747857,13.23734096365376,162.06666666666666
4864,2,2,pitch_jump,1.0,0.014367171316478779,48.51508432114671,162.13333333333333
4864,2,4,pitch_jump,1.0,0.22623067399535624,21.05984379492401,162.13333333333333
4864,2,6,pitch_jump,1.0,0.0018699310071606525,17.429410094118698,162.13333333333333
4864,2,7,pitch_jump,1.0,0.007257706435262558,33.70625777449221,162.13333333333333
4864,2,15,pitch_jump,1.0,0.009987175675303328,52.180024299214296,162.13333333333333
4864,2,16,pitch_jump,1.0,0.009296906087536172,35.22686954579695,162.13333333333333
4864,2,19,pitch_jump,1.0,0.010893320666129044,40.88969379284508,162.13333333333333
4865,2,2,pitch_jump,1.0,0.013082739543987894,12.455542578182602,162.16666666666666
4865,2,7,pitch_jump,1.0,0.01503060565981601,12.733276779678445,162.16666666666666
4865,2,15,pitch_jump,1.0,0.003408033171074578,13.697664876482708,162.16666666666666
4865,2,16,pitch_jump,1.0,0.022400001155348796,14.11208760934909,162.16666666666666
4866,2,15,pitch_jump,1.0,0.005347267199574235,14.93828341173478,162.2
4866,2,19,pitch_jump,1.0,0.010442333648997663,12.283835731965882,162.2
4867,2,2,pitch_jump,1.0,0.02375900720152451,14.828890961177462,162.23333333333332
4867,2,15,pitch_jump,1.0,0.015726830770817195,17.45799960977868,162.23333333333332
4868,2,4,pitch_jump,1.0,0.1359348127836514,12.645703159785118,162.26666666666668
4869,2,2,pitch_jump,1.0,0.012040926212399529,14.551999996417171,162.3
4870,2,2,pitch_jump,1.0,0.02855095840767488,12.446606412546448,162.33333333333334
4870,2,16,pitch_jump,1.0,0.027036836539500612,14.638940435957842,162.33333333333334
4871,2,2,pitch_jump,1.0,0.014160309934577918,34.34247600451299,162.36666666666667
4871,2,7,pitch_jump,1.0,0.025330381618736138,20.149584312144018,162.36666666666667
4871,2,15,pitch_jump,1.0,0.04879311819369903,42.3258912604115,162.36666666666667
4871,2,16,pitch_jump,1.0,0.03199359178369558,19.991090789578482,162.36666666666667
4871,2,19,pitch_jump,1.0,0.005390196173212529,21.681573466155804,162.36666666666667
4873,2,2,pitch_jump,1.0,0.01075245816379,30.400152886995627,162.43333333333334
4873,2,15,pitch_jump,1.0,0.015720853463036023,18.24124210263716,162.43333333333334
4874,2,2,pitch_jump,1.0,0.014778876784089316,17.690711032168515,162.46666666666667
4874,2,7,pitch_jump,1.0,0.02717495665959872,12.283082114855072,162.46666666666667
4878,2,2,pitch_jump,1.0,0.008131053984040265,13.018701541031724,162.6
4878,2,20,pitch_jump,1.0,0.048204707212637254,12.653908191616463,162.6
4879,2,2,pitch_jump,1.0,0.012146477598030846,18.59876127981242,162.63333333333333
4879,2,20,pitch_jump,1.0,0.05328965017108537,17.51939023449132,162.63333333333333
4880,2,16,pitch_jump,1.0,0.03740031216576251,16.950238550826278,162.66666666666666
4882,2,2,pitch_jump,1.0,0.005638172003413161,20.565807348709328,162.73333333333332
4885,2,7,pitch_jump,1.0,0.04261818696212651,14.13706129896036,162.83333333333334
4886,2,3,pitch_jump,1.0,0.020007222731189662,17.038643536330145,162.86666666666667
4886,2,6,pitch_jump,1.0,0.03785950119782253,16.16763820512144,162.86666666666667
4886,2,7,pitch_jump,1.0,0.04379197980559788,25.892697296133782,162.86666666666667
4886,2,10,pitch_jump,1.0,0.031623509298557596,20.18863620058881,162.86666666666667
4886,2,16,pitch_jump,1.0,0.03575104287037174,22.890628311430394,162.86666666666667
4886,2,20,pitch_jump,1.0,0.004127589993746691,12.395514465272544,162.86666666666667
4886,2,21,pitch_jump,1.0,0.02651681150924017,12.611933887945744,162.86666666666667
4887,2,2,pitch_jump,1.0,0.017875026202894388,12.192320958290356,162.9
4888,2,2,pitch_jump,1.0,0.023150855905710945,16.504350501137438,162.93333333333334
4888,2,3,pitch_jump,1.0,0.02184377804438121,15.331024512114363,162.93333333333334
4888,2,10,pitch_jump,1.0,0.01965121142735981,14.738957812191138,162.93333333333334
4888,2,20,pitch_jump,1.0,0.05400398371102288,28.07877624382967,162.93333333333334
4889,2,2,pitch_jump,1.0,0.017728235111008097,25.82323465407842,162.96666666666667
4889,2,20,pitch_jump,1.0,0.03703858844046737,12.964626094419744,162.96666666666667
4891,2,2,pitch_jump,1.0,0.01624861122851116,16.169273527504778,163.03333333333333
4892,2,2,pitch_jump,1.0,0.03506998584634791,47.8116792548118,163.06666666666666
4892,2,6,pitch_jump,1.0,0.037163941745251707,20.597554531877154,163.06666666666666
4892,2,7,pitch_jump,1.0,0.04904009960067186,35.00841376004954,163.06666666666666
4892,2,10,pitch_jump,1.0,0.028453583820941875,20.6023420339033,163.06666666666666
4892,2,16,pitch_jump,1.0,0.07773734227742757,36.43984648753978,163.06666666666666
4892,2,21,pitch_jump,1.0,0.04820300642465943,14.14594199154555,163.06666666666666
4893,2,2,pitch_jump,1.0,0.023112691900844928,12.987962916921722,163.1
4893,2,7,pitch_jump,1.0,0.03615434106786067,13.797492942601703,163.1
4894,2,2,pitch_jump,1.0,0.030419680321178772,23.91061071412062,163.13333333333333
4895,2,6,pitch_jump,1.0,0.02524068180527242,13.138604528493541,163.16666666666666
4895,2,7,pitch_jump,1.0,0.037375106849060404,14.928023981272023,163.16666666666666
4895,2,8,pitch_jump,1.0,0.13606982383289165,49.00796279495596,163.16666666666666
4895,2,16,pitch_jump,1.0,0.058055728608633714,14.03624547609798,163.16666666666666
4896,2,7,pitch_jump,1.0,0.020222279560466287,14.565077723989594,163.2
4896,2,8,pitch_jump,1.0,0.09037895269817983,29.91231176988238,163.2
4897,2,2,pitch_jump,1.0,0.029547582778565177,20.091395137446664,163.23333333333332
4897,2,7,pitch_jump,1.0,0.03393378015914152,15.435791353436123,163.23333333333332
4897,2,8,pitch_jump,1.0,0.04893671964993692,16.75797381210048,163.23333333333332
4897,2,16,pitch_jump,1.0,0.049389782448055586,13.518012971667378,163.23333333333332
4898,2,19,pitch_jump,1.0,0.02518858209280695,12.596389795065917,163.26666666666668
4898,2,20,pitch_jump,1.0,0.05812586191551189,15.663141205447209,163.26666666666668
4899,2,20,pitch_jump,1.0,0.04846903569591884,15.957824334185243,163.3
4901,2,2,pitch_jump,1.0,0.01805139260784363,18.616983743946093,163.36666666666667
4902,2,7,pitch_jump,1.0,0.03431098643490023,14.021761350131817,163.4
4903,2,7,pitch_jump,1.0,0.052532390448844175,18.478183062417184,163.43333333333334
4903,2,16,pitch_jump,1.0,0.03268906195089461,15.391861360379956,163.43333333333334
4904,2,15,pitch_jump,1.0,0.03759515154220449,17.055680643033742,163.46666666666667
4905,2,2,pitch_jump,1.0,0.011922835597210735,16.20884498245866,163.5
4905,2,15,pitch_jump,1.0,0.004612508560328804,12.348351692447979,163.5
4907,2,2,pitch_jump,1.0,0.015320388183803895,14.083073302359342,163.56666666666666
4907,2,15,pitch_jump,1.0,0.027775912914204177,15.9682839327655,163.56666666666666
4909,2,6,pitch_jump,1.0,0.03349659598935479,16.7876923829145,163.63333333333333
4909,2,7,pitch_jump,1.0,0.028760509229700096,17.4753543612668,163.63333333333333
4909,2,10,pitch_jump,1.0,0.04974669505222645,12.63798727566236,163.63333333333333
4909,2,16,pitch_jump,1.0,0.04004480109033138,16.200008744661304,163.63333333333333
4909,2,20,pitch_jump,1.0,0.05789430781860372,20.821241323111195,163.63333333333333
4910,2,2,pitch_jump,1.0,0.022010451348845776,21.337422152826715,163.66666666666666
4910,2,15,pitch_jump,1.0,0.010420491043080985,20.574703642499973,163.66666666666666
4910,2,19,pitch_jump,1.0,0.03130840035747863,12.599193782217506,163.66666666666666
4911,2,6,pitch_jump,1.0,0.03485555851340519,13.033242445397226,163.7
4913,2,2,pitch_jump,1.0,0.01249732071340168,12.082598334743976,163.76666666666668
4913,2,7,pitch_jump,1.0,0.02788141512474792,18.728935577279273,163.76666666666668
4913,2,16,pitch_jump,1.0,0.03855364507586931,16.673274115628303,163.76666666666668
4915,2,2,pitch_jump,1.0,0.01571688157839672,25.980268528577156,163.83333333333334
4915,2,15,pitch_jump,1.0,0.0035848535400824057,19.096185103751452,163.83333333333334
4916,2,2,pitch_jump,1.0,0.03263523832470004,16.87865112909186,163.86666666666667
4916,2,6,pitch_jump,1.0,0.03861183946737172,13.104451057886351,163.86666666666667
4916,2,7,pitch_jump,1.0,0.03142764106473072,16.40649278465194,163.86666666666667
4916,2,10,pitch_jump,1.0,0.10481594326934045,23.346658560884162,163.86666666666667
4916,2,15,pitch_jump,1.0,0.0012305348446579848,15.185908245631932,163.86666666666667
4916,2,16,pitch_jump,1.0,0.022805453088481472,15.719238514784248,163.86666666666667
4916,2,18,pitch_jump,1.0,0.026562033113867123,12.013712005622628,163.86666666666667
4916,2,19,pitch_jump,1.0,0.02375159457353525,13.165171273102944,163.86666666666667
4918,2,16,pitch_jump,1.0,0.024471341809468052,13.18186911266116,163.93333333333334
4919,2,7,pitch_jump,1.0,0.03943567460209472,17.288272499906643,163.96666666666667
4919,2,16,pitch_jump,1.0,0.03096474318385023,16.56344268552264,163.96666666666667
4921,2,2,pitch_jump,1.0,0.026511491214447888,18.753180330002294,164.03333333333333
4921,2,3,pitch_jump,1.0,0.021999547029635764,13.90095743546192,164.03333333333333
4921,2,15,pitch_jump,1.0,0.0006578218808723259,12.01129224446145,164.03333333333333
4924,2,7,pitch_jump,1.0,0.03774409145461233,14.120364617747473,164.13333333333333
4924,2,15,pitch_jump,1.0,0.010252823275907501,13.232971819000639,164.13333333333333
4924,2,16,pitch_jump,1.0,0.026937126786641532,16.764089238274842,164.13333333333333
4924,2,19,pitch_jump,1.0,0.00951558535975732,13.803882093784631,164.13333333333333
4925,2,6,pitch_jump,5.0,0.08379700793564446,15.742991052193496,164.16666666666666
4926,2,15,pitch_jump,1.0,0.0219847169027906,14.658047597345947,164.2
4926,2,20,pitch_jump,1.0,0.02964884440265677,18.848412927809825,164.2
4927,2,2,pitch_jump,1.0,0.04007242002458263,22.346232853133664,164.23333333333332
4927,2,6,pitch_jump,1.0,0.07696768217718848,22.242135406559758,164.23333333333332
4927,2,7,pitch_jump,1.0,0.03549415852113132,19.258401175147554,164.23333333333332
4927,2,15,pitch_jump,1.0,0.01798392692625995,16.99158234111899,164.23333333333332
4927,2,16,pitch_jump,1.0,0.04977834564119725,18.062640287855196,164.23333333333332
4927,2,20,pitch_jump,1.0,0.0412498407313957,20.17292790411154,164.23333333333332
4928,2,16,pitch_jump,1.0,0.06548144107416848,14.694032790349999,164.26666666666668
4929,2,2,pitch_jump,1.0,0.019827708037365804,12.278173558335029,164.3
4930,2,2,pitch_jump,1.0,0.03793296424983189,18.70348955373667,164.33333333333334
4930,2,15,pitch_jump,1.0,0.021625144874912416,16.818019562268507,164.33333333333334
4931,2,2,pitch_jump,1.0,0.03862680201433079,12.216659098609854,164.36666666666667
4931,2,6,pitch_jump,1.0,0.02251712753552931,13.49162920717858,164.36666666666667
4931,2,7,pitch_jump,1.0,0.04700498231032263,18.364002381460015,164.36666666666667
4931,2,16,pitch_jump,1.0,0.05917206074300204,24.1145184066182,164.36666666666667
4932,2,6,pitch_jump,1.0,0.06528196419616106,17.496405163310325,164.4
4932,2,7,pitch_jump,1.0,0.02731772289454216,12.083576731598315,164.4
4934,2,2,pitch_jump,1.0,0.05119672243564857,24.807783782775623,164.46666666666667
4934,2,3,pitch_jump,1.0,0.04282686674948855,12.184316458203678,164.46666666666667
4934,2,7,pitch_jump,1.0,0.062339477009733094,12.421130934270682,164.46666666666667
4934,2,10,pitch_jump,1.0,0.036883027074726134,22.349533831291936,164.46666666666667
4934,2,15,pitch_jump,1.0,0.028484135637024878,22.125614367780685,164.46666666666667
4934,2,16,pitch_jump,1.0,0.055151436184402304,16.240715753346187,164.46666666666667
4934,2,20,pitch_jump,1.0,0.055028227039015776,19.566379820215033,164.46666666666667
4935,2,2,pitch_jump,1.0,0.030712404213311915,27.425450223626427,164.5
4935,2,7,pitch_jump,1.0,0.028545144166179585,13.095559255449782,164.5
4935,2,15,pitch_jump,1.0,0.018324486248399347,24.378745862668243,164.5
4935,2,16,pitch_jump,1.0,0.032982172694590084,12.135069559708041,164.5
4935,2,19,pitch_jump,1.0,0.01706648203039358,12.932424757448397,164.5
4936,2,2,pitch_jump,1.0,0.07593311921064576,12.68561390178496,164.53333333333333
4936,2,7,pitch_jump,1.0,0.0587603060117844,13.939915861600522,164.53333333333333
4936,2,10,pitch_jump,1.0,0.026625215418691256,12.821770625400864,164.53333333333333
4936,2,16,pitch_jump,1.0,0.05829486005536223,12.61943845494712,164.53333333333333
4936,2,21,pitch_jump,1.0,0.04573181674580488,13.428824559792771,164.53333333333333
4937,2,6,pitch_jump,1.0,0.01865689415874171,14.570185539822555,164.56666666666666
4937,2,7,pitch_jump,1.0,0.06419754650481932,15.221036616450537,164.56666666666666
4937,2,8,pitch_jump,1.0,0.02852839828092931,14.582423047867872,164.56666666666666
4937,2,10,pitch_jump,1.0,0.037227810361089506,23.588442145606738,164.56666666666666
4937,2,16,pitch_jump,1.0,0.05340624799765406,15.85664662497482,164.56666666666666
4938,2,2,pitch_jump,1.0,0.04031009203217076,12.057670181984726,164.6
4938,2,15,pitch_jump,1.0,0.02318923619144374,15.971682012209698,164.6
4938,2,19,pitch_jump,1.0,0.02832826104707445,12.285092329335058,164.6
4939,2,2,pitch_jump,1.0,0.0708687047753083,30.446463693219577,164.63333333333333
4939,2,3,pitch_jump,1.0,0.05480878114584207,18.616336511348923,164.63333333333333
4939,2,15,pitch_jump,1.0,0.04240313133460757,37.46677429536796,164.63333333333333
4939,2,19,pitch_jump,1.0,0.04587138217801521,22.0184208413024,164.63333333333333
4939,2,20,pitch_jump,1.0,0.05227116042163414,17.793317154258933,164.63333333333333
4940,2,2,pitch_jump,1.0,0.055798816472036106,15.49640864720498,164.66666666666666
4940,2,15,pitch_jump,1.0,0.04281061615270178,12.64309504972786,164.66666666666666
4941,2,2,pitch_jump,1.0,0.02958729751241218,20.365492280341524,164.7
4942,2,15,pitch_jump,1.0,0.04606994483649023,16.988721765862135,164.73333333333332
4943,2,3,pitch_jump,1.0,0.038714904470391664,17.04761776341694,164.76666666666668
4943,2,11,pitch_jump,1.0,0.05819459578842546,15.436167404679338,164.76666666666668
4945,2,2,pitch_jump,1.0,0.05664365581776402,17.250942463823574,164.83333333333334
4945,2,15,pitch_jump,1.0,0.03926921753086331,15.546456087324831,164.83333333333334
4945,2,19,pitch_jump,1.0,0.03189529567446443,12.64596552105976,164.83333333333334
4946,2,2,pitch_jump,1.0,0.05564625116769053,34.72849711489582,164.86666666666667
4946,2,3,pitch_jump,1.0,0.04678284863399417,20.612661864994784,164.86666666666667
4946,2,7,pitch_jump,1.0,0.05543289105693157,12.164471831972953,164.86666666666667
4946,2,8,pitch_jump,1.0,0.03299391852500991,15.565500153134895,164.86666666666667
4946,2,10,pitch_jump,1.0,0.053258189212659644,29.740433310165702,164.86666666666667
4946,2,11,pitch_jump,1.0,0.04827360321618928,14.769638047437548,164.86666666666667
4946,2,15,pitch_jump,1.0,0.030928300837156975,25.71571691105849,164.86666666666667
4946,2,16,pitch_jump,1.0,0.051986286616974194,16.649947452462246,164.86666666666667
4946,2,19,pitch_jump,1.0,0.04669230584263145,16.031134282581235,164.86666666666667
4946,2,20,pitch_jump,1.0,0.03571911637612946,12.897283801718688,164.86666666666667
4948,2,2,pitch_jump,1.0,0.05230738881404615,94.46731769969415,164.93333333333334
4948,2,3,pitch_jump,1.0,0.024664397817627186,48.75831392633392,164.93333333333334
4948,2,6,pitch_jump,1.0,0.013044965376505112,15.28227967173511,164.93333333333334
4948,2,7,pitch_jump,1.0,0.05154554386891647,12.727749571313929,164.93333333333334
4948,2,8,pitch_jump,1.0,0.015278760116548417,26.643215275283804,164.93333333333334
4948,2,10,pitch_jump,1.0,0.020408017107813717,30.569451638132485,164.93333333333334
4948,2,11,pitch_jump,1.0,0.04230674714370707,19.996071000709417,164.93333333333334
4948,2,14,pitch_jump,1.0,0.033523515883332064,19.57700428676963,164.93333333333334
4948,2,15,pitch_jump,1.0,0.057015625853788915,95.90724559746113,164.93333333333334
4948,2,16,pitch_jump,1.0,0.039761790517263425,14.527766152236596,164.93333333333334
4948,2,18,pitch_jump,1.0,0.04096107594752919,16.799762053805626,164.93333333333334
4948,2,19,pitch_jump,1.0,0.03759621535937348,48.067687724379745,164.93333333333334
4948,2,20,pitch_jump,1.0,0.04330804525355907,51.91017213083288,164.93333333333334
4948,2,21,pitch_jump,1.0,0.048012851843906766,19.714955450625496,164.93333333333334
4949,2,2,pitch_jump,1.0,0.0553350108046332,40.919400054939096,164.96666666666667
4949,2,3,pitch_jump,1.0,0.02134894719467963,19.800440802752842,164.96666666666667
4949,2,15,pitch_jump,1.0,0.044924273624113414,23.480767368936604,164.96666666666667
4950,2,7,pitch_jump,1.0,0.01874930939606423,12.890972926126105,165.0
4950,2,16,pitch_jump,1.0,0.011783320472859125,16.160319282765382,165.0
4950,2,20,pitch_jump,1.0,0.034494424006649385,15.48416895177883,165.0
4951,2,2,pitch_jump,1.0,0.04220189832283619,24.424642243567504,165.03333333333333
4951,2,6,pitch_jump,1.0,0.02588886487467579,14.153283419646858,165.03333333333333
4951,2,7,pitch_jump,1.0,0.043664756760321326,20.025190223938207,165.03333333333333
4951,2,10,pitch_jump,1.0,0.05507169383947279,12.608021733085128,165.03333333333333
4951,2,15,pitch_jump,1.0,0.0395944492502776,21.671468351192505,165.03333333333333
4951,2,16,pitch_jump,1.0,0.02914540197460634,20.770839355472106,165.03333333333333
4952,2,7,pitch_jump,1.0,0.06054910727127975,18.521540028646257,165.06666666666666
4952,2,16,pitch_jump,1.0,0.008283148201331723,14.031789811610489,165.06666666666666
4953,2,2,pitch_jump,1.0,0.029804510001306437,35.918054309736846,165.1
4953,2,7,pitch_jump,1.0,0.020790340842715905,23.354164370205844,165.1
4953,2,15,pitch_jump,1.0,0.020265750989674352,38.697668571596125,165.1
4953,2,16,pitch_jump,1.0,0.00774451882092745,23.335969752005106,165.1
4953,2,19,pitch_jump,1.0,0.021910824441352523,24.062447921213543,165.1
4954,2,2,pitch_jump,1.0,0.04136546186655769,23.23365843772397,165.13333333333333
4954,2,15,pitch_jump,1.0,0.03453932324460368,20.613029577075384,165.13333333333333
4954,2,20,pitch_jump,1.0,0.05102499912863918,12.593329911455033,165.13333333333333
4955,2,10,pitch_jump,1.0,0.057171482962065395,13.414135189425988,165.16666666666666
4956,2,2,pitch_jump,1.0,0.029037837534940394,16.950748533740693,165.2
4956,2,6,pitch_jump,1.0,0.02522553657059633,22.976305940383135,165.2
4956,2,7,pitch_jump,1.0,0.020833477578530865,23.198838316263334,165.2
4956,2,8,pitch_jump,1.0,0.011241982620760843,18.30620271709844,165.2
4956,2,11,pitch_jump,1.0,0.02126615420408096,15.97449582674393,165.2
4956,2,15,pitch_jump,1.0,0.022701797828277363,22.53139500465504,165.2
4956,2,16,pitch_jump,1.0,0.01242960901163703,24.455601610958674,165.2
4956,2,19,pitch_jump,1.0,0.028847744409637145,21.11833362428541,165.2
4957,2,2,pitch_jump,1.0,0.03726560774941389,20.949740814370237,165.23333333333332
4957,2,10,pitch_jump,1.0,0.13339700122812104,38.010651186808715,165.23333333333332
4957,2,15,pitch_jump,1.0,0.035469220249643184,21.069275203627022,165.23333333333332
4957,2,19,pitch_jump,1.0,0.03636032190093952,12.226508474309833,165.23333333333332
4960,2,2,pitch_jump,1.0,0.05004238698359452,21.840040474645136,165.33333333333334
4960,2,3,pitch_jump,1.0,0.041515859849182726,12.606065553307078,165.33333333333334
4960,2,13,pitch_jump,1.0,0.007881549190589827,13.06240857026167,165.33333333333334
4960,2,15,pitch_jump,1.0,0.04129643105241935,16.067571039694197,165.33333333333334
4960,2,19,pitch_jump,1.0,0.03138238511812793,12.32506744811713,165.33333333333334
4961,2,2,pitch_jump,1.0,0.05991068456871848,28.62055165886614,165.36666666666667
4961,2,3,pitch_jump,1.0,0.04756901866431594,14.713380986647964,165.36666666666667
4961,2,7,pitch_jump,1.0,0.0425096628757049,17.531443303873356,165.36666666666667
4961,2,10,pitch_jump,1.0,0.020241198973198832,12.966835265669465,165.36666666666667
4961,2,15,pitch_jump,1.0,0.03605015872471911,19.67420454367098,165.36666666666667
4963,2,2,pitch_jump,1.0,0.053377904028811526,26.392240171678186,165.43333333333334
4963,2,3,pitch_jump,1.0,0.04131821976152586,14.244868040826834,165.43333333333334
4963,2,7,pitch_jump,1.0,0.03196013481860771,17.515768054256537,165.43333333333334
4963,2,15,pitch_jump,1.0,0.04888373520697856,22.79533261766552,165.43333333333334
4963,2,16,pitch_jump,1.0,0.04752368449979896,16.227430751939764,165.43333333333334
4964,2,2,pitch_jump,1.0,0.05447430765588116,13.837718130261491,165.46666666666667
4964,2,7,pitch_jump,1.0,0.023186788205678828,12.487105088443982,165.46666666666667
4964,2,16,pitch_jump,1.0,0.04301210566966441,13.452802749568194,165.46666666666667
4965,2,7,pitch_jump,1.0,0.002502775832096515,14.195283704277365,165.5
4965,2,16,pitch_jump,1.0,0.01943296232923773,13.326520121986206,165.5
4966,2,13,pitch_jump,1.0,0.02233376745148188,13.656678047804311,165.53333333333333
4966,2,19,pitch_jump,1.0,0.032854823510929734,14.4746615401782,165.53333333333333
4967,2,2,pitch_jump,1.0,0.04175018241894446,27.222023540347767,165.56666666666666
4967,2,3,pitch_jump,1.0,0.0524028519766577,15.960502134762852,165.56666666666666
4967,2,6,pitch_jump,1.0,0.011218218537389411,12.157382097416052,165.56666666666666
4967,2,7,pitch_jump,1.0,0.023140925842541172,25.481986917935565,165.56666666666666
4967,2,10,pitch_jump,1.0,0.020171916945465516,14.138772333802393,165.56666666666666
4967,2,11,pitch_jump,1.0,0.05202662505442791,16.79785065186159,165.56666666666666
4967,2,15,pitch_jump,1.0,0.04409860625829865,20.136926826386205,165.56666666666666
4967,2,16,pitch_jump,1.0,0.015582077636903831,26.383269073166947,165.56666666666666
4967,2,20,pitch_jump,1.0,0.012942630212295423,13.511286784311768,165.56666666666666
4968,2,2,pitch_jump,1.0,0.027375373594612246,19.808331333898828,165.6
4968,2,3,pitch_jump,1.0,0.11927720736683994,35.65701981784536,165.6
4968,2,15,pitch_jump,1.0,0.026276346191599863,18.211065887970687,165.6
4969,2,2,pitch_jump,1.0,0.04270214760326622,16.108881545441072,165.63333333333333
4969,2,3,pitch_jump,1.0,0.10231255806891665,45.70788862560161,165.63333333333333
4969,2,10,pitch_jump,1.0,0.02835264567017703,16.705884281483886,165.63333333333333
4969,2,11,pitch_jump,1.0,0.048498173505651776,12.205002480197853,165.63333333333333
4970,2,2,pitch_jump,1.0,0.049773161031933334,25.125215378492467,165.66666666666666
4970,2,7,pitch_jump,1.0,0.03429492548347168,15.203683719984557,165.66666666666666
4970,2,15,pitch_jump,1.0,0.044542835580152866,21.121720610611813,165.66666666666666
4970,2,16,pitch_jump,1.0,0.023138211530176835,15.419001699533341,165.66666666666666
4970,2,20,pitch_jump,1.0,0.028968152208336324,13.55935539755533,165.66666666666666
4971,2,3,pitch_jump,1.0,0.030904845086308752,15.154612053334978,165.7
4971,2,7,pitch_jump,1.0,0.010975581804512347,21.14817096383359,165.7
4971,2,11,pitch_jump,1.0,0.022706619850099682,12.255223362983434,165.7
4971,2,16,pitch_jump,1.0,0.017986001520708794,25.414523604956592,165.7
4972,2,3,pitch_jump,1.0,0.11248543337183328,30.1677818532742,165.73333333333332
4972,2,15,pitch_jump,1.0,0.06270063593188391,17.622774227856976,165.73333333333332
4973,2,2,pitch_jump,1.0,0.04533872149417042,13.501660590870316,165.76666666666668
4973,2,3,pitch_jump,1.0,0.10193908752032316,16.994503679660696,165.76666666666668
4973,2,10,pitch_jump,1.0,0.05702372137219599,13.74896219361016,165.76666666666668
4974,2,2,pitch_jump,1.0,0.025925987619944264,34.86789475537649,165.8
4974,2,3,pitch_jump,1.0,0.06758230919132382,41.45645790490982,165.8
4974,2,7,pitch_jump,1.0,0.02270803962580816,18.60962682611264,165.8
4974,2,10,pitch_jump,1.0,0.06175474996951923,18.149449685502855,165.8
4974,2,15,pitch_jump,1.0,0.014134861357306116,22.80235272885816,165.8
4974,2,16,pitch_jump,1.0,0.004926571352106231,18.189538317423445,165.8
4974,2,20,pitch_jump,1.0,0.026517075994224298,20.381469841712825,165.8
4975,2,2,pitch_jump,1.0,0.046329473844036684,21.759235223633887,165.83333333333334
4975,2,10,pitch_jump,1.0,0.043820857057977586,22.061690582971,165.83333333333334
4975,2,15,pitch_jump,1.0,0.04499468670682462,19.79564206813069,165.83333333333334
4975,2,20,pitch_jump,1.0,0.05555933237779298,12.89282198373224,165.83333333333334
4976,2,2,pitch_jump,1.0,0.04967206642939665,36.27994794672055,165.86666666666667
4976,2,3,pitch_jump,1.0,0.032072575643755916,30.439899102827003,165.86666666666667
4976,2,6,pitch_jump,1.0,0.006289410889830244,12.21846116224597,165.86666666666667
4976,2,7,pitch_jump,1.0,0.04992694276088011,19.86447126541482,165.86666666666667
4976,2,8,pitch_jump,1.0,0.008820699798239899,19.389362727538437,165.86666666666667
4976,2,10,pitch_jump,1.0,0.016758771254564597,26.442230024778684,165.86666666666667
4976,2,11,pitch_jump,1.0,0.030241378687529828,14.306896700040472,165.86666666666667
4976,2,15,pitch_jump,1.0,0.03870070186889754,22.846269115472456,165.86666666666667
4976,2,16,pitch_jump,1.0,0.05352995082701232,15.063200030561198,165.86666666666667
4976,2,18,pitch_jump,1.0,0.04186455415564316,12.302822340720283,165.86666666666667
4976,2,20,pitch_jump,1.0,0.052162193603573416,24.425193916972383,165.86666666666667
4976,2,21,pitch_jump,1.0,0.05364734325391775,15.273695923416593,165.86666666666667
4977,2,2,pitch_jump,1.0,0.021390746450256178,35.0864618689593,165.9
4977,2,3,pitch_jump,1.0,0.024895808555136914,17.585564703089084,165.9
4977,2,7,pitch_jump,1.0,0.0195098251177917,22.89557167616154,165.9
4977,2,15,pitch_jump,1.0,0.013835711680554856,28.53734224939419,165.9
4977,2,16,pitch_jump,1.0,0.026808450960649266,18.904104867578464,165.9
4977,2,19,pitch_jump,1.0,0.015122483533902501,12.899992125530945,165.9
4977,2,20,pitch_jump,1.0,0.017726323972923876,19.671097522098012,165.9
4978,2,2,pitch_jump,1.0,0.031178406637696412,15.85233770595803,165.93333333333334
4978,2,3,pitch_jump,1.0,0.04464847223798952,12.002723833901044,165.93333333333334
4978,2,10,pitch_jump,1.0,0.04918220702343349,15.85013170706543,165.93333333333334
4978,2,15,pitch_jump,1.0,0.04318882770671523,14.918951404852702,165.93333333333334
4979,2,2,pitch_jump,1.0,0.039861468907454706,34.90028563716832,165.96666666666667
4979,2,3,pitch_jump,1.0,0.025892879214594045,17.88973366025172,165.96666666666667
4979,2,7,pitch_jump,1.0,0.023809193144249053,25.19665791670131,165.96666666666667
4979,2,13,pitch_jump,1.0,0.023576628408181033,22.260871638419296,165.96666666666667
4979,2,15,pitch_jump,1.0,0.03844882043726753,35.21578561100879,165.96666666666667
4979,2,16,pitch_jump,1.0,0.042230840233529354,19.449137104759334,165.96666666666667
4979,2,19,pitch_jump,1.0,0.030627917155327547,16.735728974423775,165.96666666666667
4979,2,20,pitch_jump,1.0,0.03609484806400909,14.037734775504463,165.96666666666667
4981,2,2,pitch_jump,1.0,0.0371523600970303,56.90866642279093,166.03333333333333
4981,2,3,pitch_jump,1.0,0.03604769733327758,33.42050981351126,166.03333333333333
4981,2,6,pitch_jump,1.0,0.01381348165880602,12.166281548718763,166.03333333333333
4981,2,7,pitch_jump,1.0,0.02269766017181349,24.72316062137987,166.03333333333333
4981,2,8,pitch_jump,1.0,0.03380598038062461,17.350314506107686,166.03333333333333
4981,2,10,pitch_jump,1.0,0.11152800689816693,39.61609969580324,166.03333333333333
4981,2,13,pitch_jump,1.0,0.0024253286077927537,19.262660385274227,166.03333333333333
4981,2,15,pitch_jump,1.0,0.02702671180311237,46.18572610154163,166.03333333333333
4981,2,16,pitch_jump,1.0,0.024540907351127125,23.43697492720083,166.03333333333333
4981,2,19,pitch_jump,1.0,0.038499125634565624,15.148857500176623,166.03333333333333
4981,2,20,pitch_jump,1.0,0.005164915351410764,29.36144698701123,166.03333333333333
4982,2,2,pitch_jump,1.0,0.03832032136507172,19.568098171880774,166.06666666666666
4982,2,3,pitch_jump,1.0,0.03175630034110681,21.320801819358035,166.06666666666666
4982,2,6,pitch_jump,1.0,0.010472353630628137,12.119714502805609,166.06666666666666
4982,2,7,pitch_jump,1.0,0.021736165184074778,15.492374037962799,166.06666666666666
4982,2,10,pitch_jump,1.0,0.11246494912297483,36.87858076201501,166.06666666666666
4982,2,11,pitch_jump,1.0,0.04812221553426274,18.502797645456685,166.06666666666666
4982,2,16,pitch_jump,1.0,0.020266535085854995,16.073428484938358,166.06666666666666
4982,2,20,pitch_jump,1.0,0.028253634132191695,15.938277726383138,166.06666666666666
4982,2,21,pitch_jump,1.0,0.05334510504743201,13.673764477028476,166.06666666666666
4983,2,2,pitch_jump,1.0,0.017301732812242433,13.630441160928978,166.1
4984,2,13,pitch_jump,1.0,0.004580951563798657,14.41124399680877,166.13333333333333
4985,2,7,pitch_jump,1.0,0.04312637174152823,20.207321433522868,166.16666666666666
4986,2,2,pitch_jump,1.0,0.025567672828880037,13.29735177729023,166.2
4986,2,7,pitch_jump,1.0,0.017498307652013878,16.716728017108128,166.2
4986,2,16,pitch_jump,1.0,0.010368311905072812,16.457114831736018,166.2
4987,2,2,pitch_jump,1.0,0.060359817296497545,14.360459368236562,166.23333333333332
4987,2,3,pitch_jump,1.0,0.0607907730995662,13.853250388915997,166.23333333333332
4987,2,6,pitch_jump,1.0,0.020081719761670384,17.001319992222722,166.23333333333332
4987,2,7,pitch_jump,1.0,0.04864543560416515,32.74175913485289,166.23333333333332
4987,2,11,pitch_jump,1.0,0.04877631980247872,20.157183050638437,166.23333333333332
4987,2,16,pitch_jump,1.0,0.05127603308708421,34.966188352886356,166.23333333333332
4987,2,21,pitch_jump,1.0,0.07173368807154197,15.130892978457078,166.23333333333332
4991,2,2,pitch_jump,1.0,0.059902418901100825,61.47168561848948,166.36666666666667
4991,2,3,pitch_jump,1.0,0.08028877427933893,41.276047702994056,166.36666666666667
4991,2,6,pitch_jump,1.0,0.04014919777710582,21.288849450740965,166.36666666666667
4991,2,7,pitch_jump,1.0,0.06322550974517807,26.230047226395705,166.36666666666667
4991,2,8,pitch_jump,1.0,0.03117907893189096,26.571509085924777,166.36666666666667
4991,2,11,pitch_jump,1.0,0.06897382518815424,26.045898168290012,166.36666666666667
4991,2,13,pitch_jump,1.0,0.0297693303866068,49.250172336586665,166.36666666666667
4991,2,15,pitch_jump,1.0,0.047360771352026924,63.42866473425236,166.36666666666667
4991,2,16,pitch_jump,1.0,0.06056908152545406,28.55210004561959,166.36666666666667
4991,2,19,pitch_jump,1.0,0.03327440879893138,44.122618936264594,166.36666666666667
4991,2,20,pitch_jump,1.0,0.03857074673915406,38.029721318524594,166.36666666666667
4991,2,21,pitch_jump,1.0,0.06209808842481456,20.77160500887126,166.36666666666667
4994,2,11,pitch_jump,1.0,0.05860724737798929,16.31140796254517,166.46666666666667
4995,2,11,pitch_jump,1.0,0.03887104819915815,13.491303135659361,166.5
4996,2,2,pitch_jump,1.0,0.05970880332419929,17.082421036692974,166.53333333333333
4997,2,2,pitch_jump,1.0,0.10943027620870648,18.806041090680644,166.56666666666666
5006,2,3,pitch_jump,1.0,0.04826648838109301,16.03236929514496,166.86666666666667
5030,2,2,pitch_jump,1.0,0.07380780315023945,34.57762278687322,167.66666666666666
5030,2,3,pitch_jump,1.0,0.08370097339598535,45.68566482113346,167.66666666666666
5030,2,6,pitch_jump,1.0,0.09073726004832582,21.634914371302514,167.66666666666666
5030,2,8,pitch_jump,1.0,0.060178894632121505,28.79362596667705,167.66666666666666
5030,2,13,pitch_jump,1.0,0.05383318562218765,30.402654558612628,167.66666666666666
5030,2,15,pitch_jump,1.0,0.0560565069997172,14.843637882737825,167.66666666666666
5030,2,19,pitch_jump,1.0,0.05953226370788122,24.677269859467824,167.66666666666666
5030,2,20,pitch_jump,1.0,0.10665426823750679,32.57509361200439,167.66666666666666
5031,2,3,pitch_jump,1.0,0.03525872425604021,18.872429897973642,167.7
5031,2,6,pitch_jump,1.0,0.053533911703394686,18.367120269825087,167.7
5031,2,8,pitch_jump,1.0,0.012411239647896135,21.149710758367053,167.7
5031,2,13,pitch_jump,1.0,0.022982083523524162,18.526889388649522,167.7
5031,2,15,pitch_jump,1.0,0.01905115485747889,20.959763182806597,167.7
5031,2,19,pitch_jump,1.0,0.01556801206787935,18.5901434694622,167.7
5031,2,20,pitch_jump,1.0,0.014574122751930641,19.331105349357497,167.7
5032,2,2,pitch_jump,1.0,0.07328453103231675,18.51423269574098,167.73333333333332
5032,2,6,pitch_jump,1.0,0.09722723397870596,16.136125385661224,167.73333333333332
5032,2,8,pitch_jump,1.0,0.05928790247719099,15.391817895813789,167.73333333333332
5032,2,13,pitch_jump,1.0,0.06868082342843826,23.77024525362258,167.73333333333332
5032,2,15,pitch_jump,1.0,0.07455736240443932,21.745996945242613,167.73333333333332
5032,2,19,pitch_jump,1.0,0.036242243184323154,24.159865223592735,167.73333333333332
5032,2,20,pitch_jump,1.0,0.0737867278941498,18.954858409050384,167.73333333333332
5033,2,2,pitch_jump,1.0,0.0699354552429738,16.42702247565621,167.76666666666668
5033,2,3,pitch_jump,1.0,0.07118622750748246,17.038138600900904,167.76666666666668
5033,2,6,pitch_jump,1.0,0.09824775009240085,14.368389948548005,167.76666666666668
5033,2,8,pitch_jump,1.0,0.03836805183209143,13.463236202363186,167.76666666666668
5033,2,13,pitch_jump,1.0,0.04764422565848521,27.4217596763729,167.76666666666668
5033,2,15,pitch_jump,1.0,0.09064682161914443,20.357224608838628,167.76666666666668
5033,2,19,pitch_jump,1.0,0.057883154000517044,19.667848228668703,167.76666666666668
5033,2,20,pitch_jump,1.0,0.07645864683165288,12.239098980782417,167.76666666666668
5035,2,13,pitch_jump,1.0,0.03874516480685131,21.791355657055504,167.83333333333334
5035,2,15,pitch_jump,1.0,0.07196981338855668,17.78515844303606,167.83333333333334
5035,2,19,pitch_jump,1.0,0.06549814309248143,15.750813471699345,167.83333333333334
5036,2,2,pitch_jump,1.0,0.059036433615700115,21.468069969184377,167.86666666666667
5036,2,3,pitch_jump,1.0,0.09413779695183842,26.948419596605802,167.86666666666667
5036,2,6,pitch_jump,1.0,0.09735339840139193,25.295286756167563,167.86666666666667
5036,2,8,pitch_jump,1.0,0.06355288923628712,16.279108895976833,167.86666666666667
5036,2,13,pitch_jump,1.0,0.02809901407606649,16.759621245132745,167.86666666666667
5036,2,15,pitch_jump,1.0,0.10977492399557462,18.47354429552183,167.86666666666667
5036,2,19,pitch_jump,1.0,0.07286782101014697,12.693916795696888,167.86666666666667
5036,2,20,pitch_jump,1.0,0.08464250404575702,19.867669386159182,167.86666666666667
5037,2,2,pitch_jump,1.0,0.016831247405418075,14.638746891458087,167.9
5039,2,2,pitch_jump,1.0,0.08299713098364511,20.806412046912403,167.96666666666667
5039,2,13,pitch_jump,1.0,0.04945312358913295,24.690341744670842,167.96666666666667
5039,2,15,pitch_jump,1.0,0.09749396682427941,25.74791254980373,167.96666666666667
5039,2,17,pitch_jump,1.0,0.05047436734211187,17.383529425969154,167.96666666666667
5039,2,19,pitch_jump,1.0,0.07751174861476133,16.347019021525213,167.96666666666667
5040,2,2,pitch_jump,1.0,0.03599512395020934,13.222566549816744,168.0
5042,2,2,pitch_jump,1.0,0.10684729731412329,18.460280864711812,168.06666666666666
5042,2,3,pitch_jump,1.0,0.0851608396754261,19.012189547845722,168.06666666666666
5042,2,6,pitch_jump,1.0,0.08660176424188708,20.867432385649828,168.06666666666666
5042,2,8,pitch_jump,1.0,0.08123270109739113,12.355565085986767,168.06666666666666
5042,2,15,pitch_jump,1.0,0.10446128706948518,15.799461813441877,168.06666666666666
5043,2,3,pitch_jump,1.0,0.04462909154491068,21.231546395253847,168.1
5043,2,15,pitch_jump,1.0,0.041648417019256985,12.316382457154846,168.1
5044,2,3,pitch_jump,1.0,0.14885720391555962,27.866373722235288,168.13333333333333
5044,2,8,pitch_jump,1.0,0.05811113528122498,12.850620567726768,168.13333333333333
5045,2,2,pitch_jump,1.0,0.09482516939761931,17.287588726742275,168.16666666666666
5045,2,3,pitch_jump,1.0,0.10956687133979193,24.496328869851464,168.16666666666666
5045,2,15,pitch_jump,1.0,0.06206471275945665,14.186103700441956,168.16666666666666
5046,2,3,pitch_jump,1.0,0.041523682938972455,15.362686990728168,168.2
5047,2,2,pitch_jump,1.0,0.08887256725774015,13.260264434652948,168.23333333333332
5047,2,3,pitch_jump,1.0,0.07481662237804806,21.167658273439123,168.23333333333332
5047,2,6,pitch_jump,1.0,0.05892501043226598,15.332051228232034,168.23333333333332
5047,2,13,pitch_jump,1.0,0.03553909596098274,36.945651194406814,168.23333333333332
5047,2,15,pitch_jump,1.0,0.05344774419102547,27.00130047946954,168.23333333333332
5047,2,19,pitch_jump,1.0,0.057950454943773745,21.614394524157913,168.23333333333332
5048,2,6,pitch_jump,1.0,0.24968264878470617,24.702472873599884,168.26666666666668
5048,2,15,pitch_jump,1.0,0.0481508195239336,14.273514940963164,168.26666666666668
5049,2,6,pitch_jump,1.0,0.15969111356333895,46.92462903378762,168.3
5049,2,13,pitch_jump,1.0,0.0242676016855453,29.441617309504153,168.3
5049,2,15,pitch_jump,1.0,0.01613807602994689,17.129660244274298,168.3
5049,2,19,pitch_jump,1.0,0.017732325336347318,20.398895620638843,168.3
5050,2,3,pitch_jump,1.0,0.07215695728759558,12.34187752507936,168.33333333333334
5050,2,6,pitch_jump,1.0,0.10364692783535769,12.389830488634075,168.33333333333334
5050,2,21,pitch_jump,1.0,0.15470985832922615,54.0123629065498,168.33333333333334
5051,2,2,pitch_jump,1.0,0.06033750751974116,16.32038220706149,168.36666666666667
5051,2,13,pitch_jump,1.0,0.033632901168859385,12.961234463950873,168.36666666666667
5051,2,15,pitch_jump,1.0,0.06894496281373112,19.732039334673473,168.36666666666667
5052,2,3,pitch_jump,1.0,0.037190135701354855,14.946815859997436,168.4
5053,2,6,pitch_jump,1.0,0.12877650263908252,17.658893335454422,168.43333333333334
5053,2,13,pitch_jump,1.0,0.02787513451237059,23.329621015411433,168.43333333333334
5053,2,15,pitch_jump,1.0,0.07422722142420554,14.239498881327025,168.43333333333334
5053,2,19,pitch_jump,1.0,0.03170422292455437,13.093077780326906,168.43333333333334
5054,2,2,pitch_jump,1.0,0.06908917290098683,59.888672964209704,168.46666666666667
5054,2,3,pitch_jump,1.0,0.06080402390043778,56.312710510838784,168.46666666666667
5054,2,6,pitch_jump,1.0,0.029078121768969043,20.311629334276468,168.46666666666667
5054,2,8,pitch_jump,1.0,0.012176214317107803,43.43113838699674,168.46666666666667
5054,2,13,pitch_jump,1.0,0.0206891569370078,98.36972125462393,168.46666666666667
5054,2,15,pitch_jump,1.0,0.0737768010195058,59.887837335299174,168.46666666666667
5054,2,19,pitch_jump,1.0,0.024566925311110606,79.0608524454853,168.46666666666667
5054,2,21,pitch_jump,1.0,0.07344127150764206,25.651684848867493,168.46666666666667
5055,2,6,pitch_jump,1.0,0.022884119054500142,12.927054446780103,168.5
5055,2,21,pitch_jump,1.0,0.02603578276092261,12.613663174401546,168.5
5056,2,2,pitch_jump,1.0,0.0804051600285563,12.31067264416382,168.53333333333333
5056,2,13,pitch_jump,1.0,0.01279789982731811,14.09972943461071,168.53333333333333
5056,2,15,pitch_jump,1.0,0.08178990790221644,20.161932363389948,168.53333333333333
5056,2,19,pitch_jump,1.0,0.022320220603235196,19.312259544384844,168.53333333333333
5057,2,21,pitch_jump,1.0,0.10236916345794192,12.344322126625961,168.56666666666666
5058,2,2,pitch_jump,1.0,0.021694837502488764,12.456636913783129,168.6
5058,2,3,pitch_jump,1.0,0.0169112369370265,16.730638485987587,168.6
5059,2,3,pitch_jump,1.0,0.0480643657225651,13.328906452238652,168.63333333333333
5059,2,6,pitch_jump,1.0,0.04445762280071558,13.787411361091229,168.63333333333333
5059,2,8,pitch_jump,1.0,0.04316124905720253,12.692244115841966,168.63333333333333
5059,2,13,pitch_jump,1.0,0.015734918042951546,19.467550884963888,168.63333333333333
5059,2,15,pitch_jump,1.0,0.05822471896255377,17.476446322317987,168.63333333333333
5059,2,17,pitch_jump,1.0,0.02590688942521134,27.021808755960414,168.63333333333333
5059,2,19,pitch_jump,1.0,0.02644893347315303,22.033940033250342,168.63333333333333
5060,2,2,pitch_jump,1.0,0.058946456334739064,25.786630776819525,168.66666666666666
5060,2,8,pitch_jump,1.0,0.02707669453405434,14.927143387745787,168.66666666666666
5060,2,13,pitch_jump,1.0,0.007073686670411568,13.147480029571346,168.66666666666666
5060,2,15,pitch_jump,1.0,0.04177293085169408,26.44537319170751,168.66666666666666
5060,2,17,pitch_jump,1.0,0.034268828930290825,23.105079882976295,168.66666666666666
5060,2,19,pitch_jump,1.0,0.018723105855962416,13.301116269501131,168.66666666666666
5062,2,15,pitch_jump,1.0,0.04427071886401114,12.403643298402804,168.73333333333332
5063,2,2,pitch_jump,1.0,0.01984144796673571,25.457264195167067,168.76666666666668
5063,2,3,pitch_jump,1.0,0.041496658978813834,12.997560577525702,168.76666666666668
5063,2,15,pitch_jump,1.0,0.039548583185478006,21.821599214846874,168.76666666666668
5063,2,17,pitch_jump,1.0,0.013268159762152352,28.032502628138502,168.76666666666668
5063,2,20,pitch_jump,1.0,0.0625820339719615,12.65982919018653,168.76666666666668
5064,2,2,pitch_jump,1.0,0.0051454774518639316,19.678229962596518,168.8
5064,2,8,pitch_jump,1.0,0.0207850442869198,15.969851807358781,168.8
5064,2,13,pitch_jump,1.0,0.006233662688491784,15.91830104373389,168.8
5064,2,15,pitch_jump,1.0,0.02027497864465274,20.291339731682037,168.8
5064,2,17,pitch_jump,1.0,0.004189857624088574,21.389233476505943,168.8
5064,2,19,pitch_jump,1.0,0.028675673240236833,20.78793750127355,168.8
5064,2,20,pitch_jump,1.0,0.028302951258963743,14.836504209686833,168.8
5065,2,2,pitch_jump,1.0,0.034993253655343615,14.470557717014792,168.83333333333334
5065,2,17,pitch_jump,1.0,0.012928321506297141,28.21146025172001,168.83333333333334
5067,2,19,pitch_jump,1.0,0.03318698283876534,13.006170752768302,168.9
5068,2,3,pitch_jump,1.0,0.02555388733791905,12.541190530021893,168.93333333333334
5068,2,20,pitch_jump,1.0,0.0843098436219549,24.504631571604644,168.93333333333334
5069,2,13,pitch_jump,1.0,0.04724811981426184,18.160557298964367,168.96666666666667
5071,2,3,pitch_jump,1.0,0.009184575658262315,14.910561744388163,169.03333333333333
5071,2,6,pitch_jump,1.0,0.01123005223631285,13.916173700209821,169.03333333333333
5071,2,8,pitch_jump,1.0,0.05479685445277691,15.860940673289667,169.03333333333333
5071,2,17,pitch_jump,1.0,0.01285486536225203,13.084173210889423,169.03333333333333
5071,2,19,pitch_jump,1.0,0.03838031094101167,13.782115579202983,169.03333333333333
5071,2,20,pitch_jump,1.0,0.013196462636191248,14.837351994812712,169.03333333333333
5072,2,2,pitch_jump,1.0,0.01776859957443597,25.372742987190055,169.06666666666666
5072,2,8,pitch_jump,1.0,0.03099729594355756,16.194166407518725,169.06666666666666
5072,2,15,pitch_jump,1.0,0.026949784114962103,24.770025692516587,169.06666666666666
5072,2,17,pitch_jump,1.0,0.010687504309071413,23.958781341565675,169.06666666666666
5072,2,20,pitch_jump,1.0,0.030024442385029944,12.026062293682058,169.06666666666666
5073,2,2,pitch_jump,1.0,0.009693594502853536,16.832516992416235,169.1
5073,2,15,pitch_jump,1.0,0.003225204487028003,16.652929996302433,169.1
5073,2,17,pitch_jump,1.0,0.00766435135924791,24.514077328321196,169.1
5074,2,20,pitch_jump,1.0,0.11026518844596027,19.617229210354616,169.13333333333333
5075,2,2,pitch_jump,1.0,0.025252156186404143,14.15377386976853,169.16666666666666
5077,2,3,pitch_jump,1.0,0.016213236721680985,15.887199075772307,169.23333333333332
5077,2,8,pitch_jump,1.0,0.016290888647277357,12.516442596861841,169.23333333333332
5077,2,13,pitch_jump,1.0,0.022826474082640928,12.00734707619694,169.23333333333332
5077,2,15,pitch_jump,1.0,0.005018221400194802,20.13202328813724,169.23333333333332
5077,2,17,pitch_jump,1.0,0.007004810534593859,24.873450268820566,169.23333333333332
5077,2,19,pitch_jump,1.0,0.008672363076088447,13.867564154353271,169.23333333333332
5078,2,8,pitch_jump,1.0,0.14279471286745254,36.32565948536804,169.26666666666668
5079,2,8,pitch_jump,1.0,0.09490521270907448,23.720343308742574,169.3
5080,2,15,pitch_jump,1.0,0.040985652165246036,12.73538316616141,169.33333333333334
5081,2,2,pitch_jump,1.0,0.04441188776956667,35.18918305219873,169.36666666666667
5081,2,3,pitch_jump,1.0,0.02939820747021203,18.11923360392305,169.36666666666667
5081,2,8,pitch_jump,1.0,0.034588841788553204,23.682405331828736,169.36666666666667
5081,2,10,pitch_jump,1.0,0.01446459918217687,28.631006487876917,169.36666666666667
5081,2,13,pitch_jump,1.0,0.013772531289830647,28.192464137336135,169.36666666666667
5081,2,15,pitch_jump,1.0,0.04666541273141994,29.01378357908714,169.36666666666667
5081,2,17,pitch_jump,1.0,0.027053203017112653,13.537213603025611,169.36666666666667
5081,2,19,pitch_jump,1.0,0.008943103061665555,22.62114583929853,169.36666666666667
5081,2,21,pitch_jump,1.0,0.0452810617421738,18.490206355735218,169.36666666666667
5082,2,2,pitch_jump,1.0,0.019520828633745674,19.773625769365093,169.4
5082,2,8,pitch_jump,1.0,0.024897218277905125,14.31401185800326,169.4
5082,2,10,pitch_jump,1.0,0.0177538111894942,13.625044466895416,169.4
5082,2,13,pitch_jump,1.0,0.012760417643486566,17.434257085797665,169.4
5082,2,15,pitch_jump,1.0,0.04333665741236555,20.630352159498518,169.4
5082,2,17,pitch_jump,1.0,0.017537553793615174,28.09816917287495,169.4
5082,2,19,pitch_jump,1.0,0.013563801446680845,18.686430769045405,169.4
5083,2,2,pitch_jump,1.0,0.04559199211217458,28.63494573481465,169.43333333333334
5083,2,3,pitch_jump,1.0,0.024287230506472638,28.83421487976749,169.43333333333334
5083,2,10,pitch_jump,1.0,0.03560680853379514,27.211786163486753,169.43333333333334
5083,2,13,pitch_jump,1.0,0.012914540039681979,16.62144313080167,169.43333333333334
5083,2,15,pitch_jump,1.0,0.03542314351321455,23.519965897151916,169.43333333333334
5083,2,17,pitch_jump,1.0,0.03559451794990091,17.312626822726656,169.43333333333334
5083,2,19,pitch_jump,1.0,0.012997408056505266,15.41517850632139,169.43333333333334
5083,2,21,pitch_jump,1.0,0.054483159955343655,12.146146213665762,169.43333333333334
5085,2,2,pitch_jump,1.0,0.024975361551929944,28.283678541822802,169.5
5085,2,3,pitch_jump,1.0,0.007747841913859227,16.350049868679744,169.5
5085,2,10,pitch_jump,1.0,0.029768614646170328,21.22696689512533,169.5
5085,2,13,pitch_jump,1.0,0.0341562766728421,16.137859583899544,169.5
5085,2,15,pitch_jump,1.0,0.010465502064227767,23.65182888026913,169.5
5085,2,17,pitch_jump,1.0,0.006926157759345488,16.756201328105877,169.5
5085,2,19,pitch_jump,1.0,0.02598060325503931,13.848999086188297,169.5
5085,2,20,pitch_jump,1.0,0.02811919595829911,19.510059687282645,169.5
5086,2,2,pitch_jump,1.0,0.05856833828739626,15.44490541319263,169.53333333333333
5086,2,8,pitch_jump,1.0,0.005766233464382975,17.41782780737615,169.53333333333333
5086,2,10,pitch_jump,1.0,0.03042593337022004,23.827512936648255,169.53333333333333
5086,2,13,pitch_jump,1.0,0.023564563358486498,17.048728949767153,169.53333333333333
5086,2,15,pitch_jump,1.0,0.036583166836003295,24.468650744691775,169.53333333333333
5086,2,17,pitch_jump,1.0,0.01652021355182404,18.730351071939744,169.53333333333333
5086,2,19,pitch_jump,1.0,0.040527208672735446,18.95520869049433,169.53333333333333
5086,2,21,pitch_jump,1.0,0.06684656729139286,18.524683447693096,169.53333333333333
5087,2,10,pitch_jump,1.0,0.030141070048453462,12.837420616373404,169.56666666666666
5087,2,13,pitch_jump,1.0,0.0032750110085856925,13.164945336551455,169.56666666666666
5087,2,19,pitch_jump,1.0,0.02431507098235461,13.533891609264394,169.56666666666666
5089,2,2,pitch_jump,1.0,0.07155758336132735,19.265391969594074,169.63333333333333
5089,2,13,pitch_jump,1.0,0.007946243133480642,13.40483111862525,169.63333333333333
5089,2,15,pitch_jump,1.0,0.03424345060149014,16.96603390146358,169.63333333333333
5089,2,17,pitch_jump,1.0,0.028854592464295045,22.67111536421505,169.63333333333333
5089,2,20,pitch_jump,1.0,0.057116191435807234,16.764667110440495,169.63333333333333
5090,2,2,pitch_jump,1.0,0.0718986894158423,17.148815293793984,169.66666666666666
5090,2,3,pitch_jump,1.0,0.05914663281908594,14.680860871788758,169.66666666666666
5090,2,10,pitch_jump,1.0,0.04444498575977462,21.458339991582758,169.66666666666666
5090,2,15,pitch_jump,1.0,0.04985964296743246,12.01315887683065,169.66666666666666
5090,2,17,pitch_jump,1.0,0.032566486253649905,26.068787101997238,169.66666666666666
5093,2,10,pitch_jump,1.0,0.07382921969390235,13.550635308023843,169.76666666666668
5093,2,13,pitch_jump,1.0,0.013062591021810547,12.431695615324674,169.76666666666668
5093,2,17,pitch_jump,1.0,0.02622157043779545,17.625372915786812,169.76666666666668
5095,2,2,pitch_jump,1.0,0.04926286943310097,14.288114009827313,169.83333333333334
5095,2,13,pitch_jump,1.0,0.007243178359674672,14.779610305170763,169.83333333333334
5095,2,17,pitch_jump,1.0,0.01842532451416223,17.633813770008793,169.83333333333334
5098,2,10,pitch_jump,1.0,0.07884998718306582,28.732594366543164,169.93333333333334
5099,2,10,pitch_jump,1.0,0.03240329077027708,12.869659038719298,169.96666666666667
5100,2,2,pitch_jump,1.0,0.03894775924349729,21.698737165547488,170.0
5100,2,3,pitch_jump,1.0,0.027981422648789896,18.818759742935892,170.0
5100,2,8,pitch_jump,1.0,0.018207259389395356,15.315767651286459,170.0
5100,2,10,pitch_jump,1.0,0.05306111090851491,14.986358652813355,170.0
5100,2,13,pitch_jump,1.0,0.009607926390718417,17.795875656648406,170.0
5100,2,15,pitch_jump,1.0,0.018207826814760453,17.61825243361316,170.0
5100,2,19,pitch_jump,1.0,0.003354730319389447,16.266140439334304,170.0
5100,2,20,pitch_jump,1.0,0.02179750245232015,16.79703639209303,170.0
5101,2,2,pitch_jump,1.0,0.11151402612634657,27.37690803412606,170.03333333333333
5101,2,3,pitch_jump,1.0,0.09779085104885676,32.89103344939648,170.03333333333333
5101,2,8,pitch_jump,1.0,0.05741484636052313,21.30788626561911,170.03333333333333
5101,2,10,pitch_jump,1.0,0.014690395087721823,31.31890691921957,170.03333333333333
5101,2,13,pitch_jump,1.0,0.01013045706618429,21.585903369242867,170.03333333333333
5101,2,15,pitch_jump,1.0,0.08519022462863625,25.651502695842854,170.03333333333333
5101,2,17,pitch_jump,1.0,0.052559637886334214,28.181300643296716,170.03333333333333
5101,2,19,pitch_jump,1.0,0.05076867393032416,23.142541828112567,170.03333333333333
5102,2,2,pitch_jump,1.0,0.11758884391869277,13.612830520047734,170.06666666666666
5104,2,2,pitch_jump,1.0,0.12334745542402889,21.64223302253288,170.13333333333333
5104,2,3,pitch_jump,1.0,0.07197389364602302,34.80978722719931,170.13333333333333
5104,2,6,pitch_jump,1.0,0.11078121930749303,26.048233094991414,170.13333333333333
5104,2,13,pitch_jump,1.0,0.034951954548520264,33.72998766514395,170.13333333333333
5104,2,17,pitch_jump,1.0,0.06461552797915657,52.68506143648726,170.13333333333333
5104,2,19,pitch_jump,1.0,0.030521876994820646,18.344042854635834,170.13333333333333
5105,2,2,pitch_jump,1.0,0.12249336863506402,19.143994309940506,170.16666666666666
5105,2,3,pitch_jump,1.0,0.08431483063787668,36.045014200684015,170.16666666666666
5105,2,6,pitch_jump,1.0,0.1064592360177583,27.321433026289373,170.16666666666666
5105,2,8,pitch_jump,1.0,0.07358114390625912,12.257067366101932,170.16666666666666
5105,2,13,pitch_jump,1.0,0.04216288738940516,20.066787153820393,170.16666666666666
5105,2,17,pitch_jump,1.0,0.05541260694447542,31.1721322586802,170.16666666666666
5105,2,19,pitch_jump,1.0,0.006399766884345344,16.216006078302165,170.16666666666666
5105,2,20,pitch_jump,1.0,0.09153530771209639,22.562795569291502,170.16666666666666
5106,2,2,pitch_jump,1.0,0.05874474534865359,13.980594545039851,170.2
5106,2,3,pitch_jump,1.0,0.05298583657210086,23.075181232164606,170.2
5106,2,17,pitch_jump,1.0,0.026765074049723843,24.052388813914426,170.2
5107,2,2,pitch_jump,1.0,0.14140726637429749,18.836032591401338,170.23333333333332
5107,2,3,pitch_jump,1.0,0.1408822918892122,28.90075026263501,170.23333333333332
5107,2,6,pitch_jump,1.0,0.11699350677858388,22.409444087101146,170.23333333333332
5107,2,8,pitch_jump,1.0,0.10316869116513012,14.498973989689498,170.23333333333332
5107,2,17,pitch_jump,1.0,0.06767248502576607,17.590648464269233,170.23333333333332
5107,2,21,pitch_jump,1.0,0.08643330430266497,22.256632557299127,170.23333333333332
5108,2,2,pitch_jump,1.0,0.1253794813698728,25.534800793719644,170.26666666666668
5108,2,3,pitch_jump,1.0,0.1437088620672053,28.827791808790582,170.26666666666668
5108,2,6,pitch_jump,1.0,0.1312384602537652,13.924969160929283,170.26666666666668
5108,2,13,pitch_jump,1.0,0.04032380854731859,14.489466735707575,170.26666666666668
5109,2,2,pitch_jump,1.0,0.050534623854475956,16.565927031933917,170.3
5109,2,3,pitch_jump,1.0,0.05716151502624746,28.19057421522701,170.3
5109,2,6,pitch_jump,1.0,0.06713432792003966,12.281287194115611,170.3
5109,2,8,pitch_jump,1.0,0.02473208310224026,21.020734359828307,170.3
5109,2,13,pitch_jump,1.0,0.020330002582928736,22.921730645433144,170.3
5109,2,15,pitch_jump,1.0,0.08725009411066115,14.135562313030396,170.3
5109,2,17,pitch_jump,1.0,0.04135899015429449,24.639578091932716,170.3
5109,2,19,pitch_jump,1.0,0.020276590377415575,17.834650278197802,170.3
5109,2,20,pitch_jump,1.0,0.03827491712007228,18.843629551972285,170.3
5110,2,2,pitch_jump,1.0,0.13910380740200717,29.111945019849916,170.33333333333334
5110,2,3,pitch_jump,1.0,0.1708018236706008,31.571202438827054,170.33333333333334
5110,2,8,pitch_jump,1.0,0.09579282176300949,19.592993717792968,170.33333333333334
5110,2,13,pitch_jump,1.0,0.10052994227299385,15.07458532549468,170.33333333333334
5110,2,15,pitch_jump,1.0,0.15168126481540417,22.165375017291677,170.33333333333334
5110,2,17,pitch_jump,1.0,0.10277367855023117,22.030245976722004,170.33333333333334
5110,2,19,pitch_jump,1.0,0.059348893358497336,15.914712298951802,170.33333333333334
5110,2,20,pitch_jump,1.0,0.14656025327813643,23.510671405806903,170.33333333333334
5111,2,2,pitch_jump,1.0,0.14628046556172253,16.83922271873523,170.36666666666667
5111,2,13,pitch_jump,1.0,0.08842613721242094,23.54074723873965,170.36666666666667
5111,2,15,pitch_jump,1.0,0.12967289409210794,15.252841189861835,170.36666666666667
5111,2,17,pitch_jump,1.0,0.08789958101931246,13.229217077334418,170.36666666666667
5111,2,19,pitch_jump,1.0,0.07513839085152299,21.36665574182369,170.36666666666667
5112,2,2,pitch_jump,1.0,0.07657517000099665,2384.6930341570696,170.4
5112,2,3,pitch_jump,1.0,0.10149239361001143,1942.2797783806905,170.4
5112,2,6,pitch_jump,1.0,0.0812965611482541,6864.887119332912,170.4
5112,2,8,pitch_jump,1.0,0.07009511815352376,132.37440594923493,170.4
5112,2,13,pitch_jump,1.0,0.04036498948577764,302.74726427862277,170.4
5112,2,15,pitch_jump,1.0,0.05267105270258143,53.30614280768736,170.4
5112,2,17,pitch_jump,1.0,0.046345810121832295,667.7422264534557,170.4
5112,2,19,pitch_jump,1.0,0.021582637506484235,206.51567195740418,170.4
5112,2,20,pitch_jump,1.0,0.0756571132780831,14077.211166691966,170.4
5113,2,8,pitch_jump,1.0,0.11203111427133441,136.11516396037658,170.43333333333334
5113,2,13,pitch_jump,1.0,0.11418072729606792,407.2553806963018,170.43333333333334
5113,2,15,pitch_jump,1.0,0.15243231725037829,64.76070670673647,170.43333333333334
5113,2,17,pitch_jump,1.0,0.09032884212334,879.0502993206608,170.43333333333334
5113,2,19,pitch_jump,1.0,0.08758827279224199,276.5110828082274,170.43333333333334
5114,2,2,pitch_jump,2.0,0.2009659871502171,1205.3663462049135,170.46666666666667
5114,2,3,pitch_jump,2.0,0.20730656899376693,969.0197117997079,170.46666666666667
5114,2,13,pitch_jump,1.0,0.1262844249813219,170.18503002320602,170.46666666666667
5114,2,15,pitch_jump,1.0,0.18093708809160305,19.45162787125008,170.46666666666667
5114,2,17,pitch_jump,1.0,0.07796084140004589,292.5222297432388,170.46666666666667
5114,2,19,pitch_jump,1.0,0.08100393531578477,95.77036438119441,170.46666666666667
5114,2,20,pitch_jump,2.0,0.17946722564501003,7035.5610280995015,170.46666666666667
5115,2,2,pitch_jump,1.0,0.10932426038039846,123.80814620801789,170.5
5115,2,3,pitch_jump,1.0,0.10248764810016572,354.3650162537875,170.5
5115,2,8,pitch_jump,1.0,0.06789555478344954,21.79227581662707,170.5
5115,2,13,pitch_jump,1.0,0.05220916321719746,511.62179843662847,170.5
5115,2,15,pitch_jump,1.0,0.0891840883787478,43.76357162880866,170.5
5115,2,17,pitch_jump,1.0,0.035717430069704126,605.7824261631739,170.5
5115,2,19,pitch_jump,1.0,0.031254321699243824,223.33237507737465,170.5
5115,2,20,pitch_jump,1.0,0.08328703593763254,177.48232606162705,170.5
5116,2,2,pitch_jump,1.0,0.2478182332358387,42.086045602397974,170.53333333333333
5116,2,3,pitch_jump,1.0,0.25983464917005056,78.23738185389517,170.53333333333333
5116,2,13,pitch_jump,1.0,0.13268830759661054,946.9950530624549,170.53333333333333
5116,2,15,pitch_jump,1.0,0.2217316988250095,29.76754932626183,170.53333333333333
5116,2,17,pitch_jump,1.0,0.10818885094639469,422.0750403790561,170.53333333333333
5116,2,19,pitch_jump,1.0,0.13480239867818902,180.1815436989387,170.53333333333333
5116,2,20,pitch_jump,1.0,0.20917904126058348,47.13027845802687,170.53333333333333
5117,2,2,pitch_jump,1.0,0.24306424839429597,18.24935986460912,170.56666666666666
5117,2,3,pitch_jump,1.0,0.2557828302698895,20.36825695459821,170.56666666666666
5117,2,15,pitch_jump,1.0,0.22568059256084275,21.27882569637402,170.56666666666666
5117,2,17,pitch_jump,1.0,0.12079343508915236,170.3384854721617,170.56666666666666
5117,2,19,pitch_jump,1.0,0.17455877381864554,104.21699001721804,170.56666666666666
5117,2,20,pitch_jump,1.0,0.2230893096241928,12.924589539112404,170.56666666666666
5118,2,17,pitch_jump,1.0,0.05789770108713024,27.712285110404455,170.6
5118,2,19,pitch_jump,1.0,0.06731512580872115,15.850422194194898,170.6
5119,2,19,pitch_jump,1.0,0.17073899832988398,47.933483652071274,170.63333333333333
5120,2,3,pitch_jump,1.0,0.2611926058183499,15.451812600314275,170.66666666666666
5120,2,8,pitch_jump,1.0,0.18640638759750283,36.20746455432196,170.66666666666666
5120,2,15,pitch_jump,1.0,0.253875370068111,16.34661196582927,170.66666666666666
5120,2,19,pitch_jump,1.0,0.14808306720402045,155.66396630223076,170.66666666666666
5120,2,20,pitch_jump,1.0,0.24454171745437916,17.194065021012676,170.66666666666666
5121,2,2,pitch_jump,1.0,0.12735331568762503,165.6828124873547,170.7
5121,2,3,pitch_jump,1.0,0.12326355672393151,446.66194192903976,170.7
5121,2,8,pitch_jump,1.0,0.08262729405430198,15.903928619041476,170.7
5121,2,15,pitch_jump,1.0,0.12187921860358392,83.69939670040887,170.7
5121,2,19,pitch_jump,1.0,0.04627142139423119,698.3870143682791,170.7
5121,2,20,pitch_jump,1.0,0.11760007745383812,242.0469668246634,170.7
5122,2,2,pitch_jump,1.0,0.2836588356118925,16.481574875759204,170.73333333333332
5122,2,3,pitch_jump,1.0,0.2734049280617823,14.820742379304937,170.73333333333332
5122,2,8,pitch_jump,1.0,0.19319062508643256,14.765082979880624,170.73333333333332
5122,2,15,pitch_jump,1.0,0.2477371822272136,13.513859465480069,170.73333333333332
5122,2,19,pitch_jump,1.0,0.13488877623864162,12.657033507996365,170.73333333333332
5122,2,20,pitch_jump,1.0,0.24666969520046733,14.127298754938069,170.73333333333332
5123,2,2,pitch_jump,1.0,0.2530263320889052,22.65376322478109,170.76666666666668
5123,2,3,pitch_jump,1.0,0.2840272931756346,23.40494911797122,170.76666666666668
5123,2,10,pitch_jump,1.0,0.2446350591771978,20.57838150572743,170.76666666666668
5123,2,13,pitch_jump,1.0,0.15231801880636797,20.37865932791022,170.76666666666668
5123,2,19,pitch_jump,1.0,0.15605645445982888,12.135917731851368,170.76666666666668
5124,2,3,pitch_jump,1.0,0.1361532126367798,19.074191944108165,170.8
5124,2,10,pitch_jump,1.0,0.09327390052879306,12.498208925723027,170.8
5125,2,2,pitch_jump,1.0,0.2542883365837925,77.72747055290233,170.83333333333334
5125,2,3,pitch_jump,1.0,0.2627878406499732,158.5228982541015,170.83333333333334
5125,2,8,pitch_jump,1.0,0.16573042911309316,23.573979886820958,170.83333333333334
5125,2,10,pitch_jump,1.0,0.2129537488805366,26.984695914303483,170.83333333333334
5125,2,13,pitch_jump,1.0,0.17595876555063938,192.00024680460308,170.83333333333334
5125,2,19,pitch_jump,1.0,0.16656925010386467,93.27975634302042,170.83333333333334
5125,2,20,pitch_jump,1.0,0.23242073662873303,96.10150705521916,170.83333333333334
5127,2,2,pitch_jump,1.0,0.12453174323837139,12.106270269482561,170.9
5127,2,3,pitch_jump,1.0,0.1264214601401368,17.98181765409134,170.9
5127,2,20,pitch_jump,1.0,0.08529996138321927,13.666588862217527,170.9
5128,2,2,pitch_jump,1.0,0.28791662549578523,14.30554621889918,170.93333333333334
5128,2,3,pitch_jump,1.0,0.2774878739292151,13.17580268184639,170.93333333333334
5128,2,8,pitch_jump,1.0,0.17318257149903415,16.647945679569833,170.93333333333334
5128,2,10,pitch_jump,1.0,0.23696685235989084,12.51801324517549,170.93333333333334
5128,2,13,pitch_jump,1.0,0.1532683986576415,16.343849985480585,170.93333333333334
5128,2,19,pitch_jump,1.0,0.17230579809659924,17.452750456657935,170.93333333333334
5128,2,20,pitch_jump,1.0,0.22137134640465156,12.91728005815021,170.93333333333334
5129,2,13,pitch_jump,1.0,0.1499150443477846,14.663561807172252,170.96666666666667
5130,2,2,pitch_jump,1.0,0.11763334233365011,13.535547324587347,171.0
5130,2,3,pitch_jump,1.0,0.11037523246172087,19.43987935494172,171.0
5130,2,8,pitch_jump,1.0,0.08408462847608364,20.68190650654474,171.0
5130,2,10,pitch_jump,1.0,0.08986267272747848,16.364339710860893,171.0
5130,2,13,pitch_jump,1.0,0.05997458139625268,19.12434366796975,171.0
5130,2,19,pitch_jump,1.0,0.018525075964282278,21.9835263909163,171.0
5130,2,20,pitch_jump,1.0,0.08778944438378508,15.592924060869247,171.0
5131,2,2,pitch_jump,1.0,0.24937402919693136,14.923034191468199,171.03333333333333
5131,2,10,pitch_jump,1.0,0.2333956512404795,13.954737679003989,171.03333333333333
5131,2,13,pitch_jump,1.0,0.16618211663969237,19.0954814335004,171.03333333333333
5131,2,20,pitch_jump,1.0,0.21431217400449454,12.769091533722968,171.03333333333333
5132,2,3,pitch_jump,1.0,0.22456507240520945,17.208607871756005,171.06666666666666
5132,2,8,pitch_jump,1.0,0.14431381818782785,13.796999420283269,171.06666666666666
5132,2,13,pitch_jump,1.0,0.14060338118974647,13.457373132977562,171.06666666666666
5132,2,19,pitch_jump,1.0,0.11869348409031964,12.816296510746886,171.06666666666666
5132,2,20,pitch_jump,1.0,0.19650360726357047,16.205765100740475,171.06666666666666
5133,2,3,pitch_jump,1.0,0.10877365998259876,16.579387256056986,171.1
5133,2,20,pitch_jump,1.0,0.08418887315909178,12.253095951279382,171.1
5134,2,10,pitch_jump,1.0,0.2269989946927922,19.754959692343647,171.13333333333333
5134,2,13,pitch_jump,1.0,0.13173813241576537,12.49124994699678,171.13333333333333
5135,2,3,pitch_jump,1.0,0.19292076583549353,20.35307841653646,171.16666666666666
5135,2,8,pitch_jump,1.0,0.12435763435218206,24.042850415146987,171.16666666666666
5135,2,13,pitch_jump,1.0,0.11032106814572411,16.63232071514567,171.16666666666666
5135,2,19,pitch_jump,1.0,0.10461673267223574,12.993239090110459,171.16666666666666
5135,2,20,pitch_jump,1.0,0.16605407429052998,17.646452650488165,171.16666666666666
5136,2,3,pitch_jump,1.0,0.08143647637103854,14.34951968299371,171.2
5136,2,20,pitch_jump,1.0,0.07695551918688366,12.35628690670678,171.2
5137,2,3,pitch_jump,1.0,0.1673987820189315,15.983136107237625,171.23333333333332
5137,2,10,pitch_jump,1.0,0.16393966258185264,17.890175698747854,171.23333333333332
5137,2,13,pitch_jump,1.0,0.1043010779532534,18.056124628677537,171.23333333333332
5137,2,19,pitch_jump,1.0,0.1167891921137666,18.557761848334334,171.23333333333332
5138,2,3,pitch_jump,1.0,0.1531815546192837,12.80034522326432,171.26666666666668
5138,2,13,pitch_jump,1.0,0.09283690091332603,16.04355580026977,171.26666666666668
5138,2,19,pitch_jump,1.0,0.10750461756866352,13.241068077304245,171.26666666666668
5139,2,3,pitch_jump,1.0,0.053709984056160565,17.92923961906522,171.3
5139,2,8,pitch_jump,1.0,0.038334182852360156,15.58579650539786,171.3
5139,2,19,pitch_jump,1.0,0.03687208554705166,15.400444560825528,171.3
5139,2,20,pitch_jump,1.0,0.05420976930940508,14.122338894536941,171.3
5140,2,2,pitch_jump,1.0,0.17486182980977605,23.53004245983335,171.33333333333334
5140,2,3,pitch_jump,1.0,0.1478311227888813,19.34435507088783,171.33333333333334
5140,2,13,pitch_jump,1.0,0.07502802033937576,18.44499496225416,171.33333333333334
5140,2,19,pitch_jump,1.0,0.04062142499607035,21.038721835002143,171.33333333333334
5140,2,20,pitch_jump,1.0,0.12124816485701671,15.651641355386145,171.33333333333334
5141,2,2,pitch_jump,1.0,0.14243197088245454,15.902518746868624,171.36666666666667
5142,2,2,pitch_jump,1.0,0.05395179491224047,13.858739443428794,171.4
5142,2,13,pitch_jump,1.0,0.037287825287333695,16.69941091840499,171.4
5142,2,19,pitch_jump,1.0,0.025880741258275653,14.725804360745121,171.4
5143,2,8,pitch_jump,1.0,0.08328116369416884,15.725483318373772,171.43333333333334
5143,2,13,pitch_jump,1.0,0.08742972125347978,23.432242401934985,171.43333333333334
5143,2,19,pitch_jump,1.0,0.07253007374888891,18.047587423456317,171.43333333333334
5144,2,3,pitch_jump,1.0,0.11534111762131707,16.73207648964882,171.46666666666667
5144,2,20,pitch_jump,1.0,0.10310750829957176,15.485204270595702,171.46666666666667
5145,2,8,pitch_jump,1.0,0.01034030584511122,12.005370680775307,171.5
5145,2,13,pitch_jump,1.0,0.018948456002037047,12.232758149920283,171.5
5145,2,19,pitch_jump,1.0,0.029277296448747096,12.563887495808183,171.5
5146,2,2,pitch_jump,1.0,0.12042967917528857,12.582340670875443,171.53333333333333
5146,2,3,pitch_jump,1.0,0.13628905751000522,17.85993245017012,171.53333333333333
5146,2,8,pitch_jump,1.0,0.07317497847184477,17.135942763512706,171.53333333333333
5146,2,20,pitch_jump,1.0,0.11306840067323075,21.39879330438495,171.53333333333333
5147,2,2,pitch_jump,1.0,0.10559856203245652,22.09615722423306,171.56666666666666
5147,2,3,pitch_jump,1.0,0.11057658500923191,21.154312764453177,171.56666666666666
5147,2,20,pitch_jump,1.0,0.10695030115006439,15.430686805002905,171.56666666666666
5149,2,13,pitch_jump,1.0,0.055730845744942734,12.42446928521891,171.63333333333333
5149,2,19,pitch_jump,1.0,0.060928384422501564,13.509278890134176,171.63333333333333
5150,2,2,pitch_jump,1.0,0.11926199996850037,48.033872191010495,171.66666666666666
5150,2,3,pitch_jump,1.0,0.09125352702575963,96.25037659407377,171.66666666666666
5150,2,8,pitch_jump,1.0,0.05785500507965265,83.6384567424271,171.66666666666666
5150,2,10,pitch_jump,1.0,0.08880160701892972,29.595102899930065,171.66666666666666
5150,2,19,pitch_jump,1.0,0.04534154951142405,25.283566387727376,171.66666666666666
5150,2,20,pitch_jump,1.0,0.10574895522490017,91.5858276679176,171.66666666666666
5151,2,2,pitch_jump,1.0,0.04080319761595217,44.6918091015897,171.7
5151,2,3,pitch_jump,1.0,0.03637179112977767,97.51389798154524,171.7
5151,2,8,pitch_jump,1.0,0.018351976340243895,81.62978446726436,171.7
5151,2,10,pitch_jump,1.0,0.016528832074666783,28.396110320539673,171.7
5151,2,19,pitch_jump,1.0,0.013410299290027928,19.328515385283346,171.7
5151,2,20,pitch_jump,1.0,0.042802574911219325,87.15072877881015,171.7
5152,2,2,pitch_jump,1.0,0.10099260357185698,42.73169815600844,171.73333333333332
5152,2,3,pitch_jump,1.0,0.07497633062209547,85.93383924669756,171.73333333333332
5152,2,8,pitch_jump,1.0,0.05430702605802741,82.78760098755438,171.73333333333332
5152,2,10,pitch_jump,1.0,0.09625805455990566,25.834748274509533,171.73333333333332
5152,2,13,pitch_jump,1.0,0.051281446975041126,20.462421635027358,171.73333333333332
5152,2,19,pitch_jump,1.0,0.05888294324248145,31.100739225545894,171.73333333333332
5152,2,20,pitch_jump,1.0,0.09948001265246602,85.05507951049314,171.73333333333332
5153,2,2,pitch_jump,1.0,0.09216178333308035,38.542539711516014,171.76666666666668
5153,2,3,pitch_jump,1.0,0.07849214144333484,85.84754332298624,171.76666666666668
5153,2,8,pitch_jump,1.0,0.054681726008225254,76.49417816813383,171.76666666666668
5153,2,10,pitch_jump,1.0,0.06604437021741179,24.129015189282022,171.76666666666668
5153,2,13,pitch_jump,1.0,0.010719609875242148,16.72872807602001,171.76666666666668
5153,2,19,pitch_jump,1.0,0.03200371240439597,22.791984716321263,171.76666666666668
5153,2,20,pitch_jump,1.0,0.08085708410584755,79.06969573890206,171.76666666666668
5154,2,2,pitch_jump,1.0,0.028821441888164743,52.04491235920123,171.8
5154,2,3,pitch_jump,1.0,0.021318723635198683,107.15263681673574,171.8
5154,2,8,pitch_jump,1.0,0.03553954384743409,94.94675741365113,171.8
5154,2,10,pitch_jump,1.0,0.005014599556023696,24.806036117392857,171.8
5154,2,19,pitch_jump,1.0,0.009104979673102802,19.089644650989413,171.8
5154,2,20,pitch_jump,1.0,0.0329058072870211,99.33702240839361,171.8
5155,2,2,pitch_jump,1.0,0.08042898680100725,41.06323597080274,171.83333333333334
5155,2,3,pitch_jump,1.0,0.06703749830737404,93.21514324438574,171.83333333333334
5155,2,8,pitch_jump,1.0,0.05759442909644873,91.1967785683452,171.83333333333334
5155,2,10,pitch_jump,1.0,0.05084377012064431,29.154866802977352,171.83333333333334
5155,2,13,pitch_jump,1.0,0.03758975018881442,35.880854543293445,171.83333333333334
5155,2,19,pitch_jump,1.0,0.02043595146596469,43.48933616906779,171.83333333333334
5155,2,20,pitch_jump,1.0,0.06687176273296254,90.74924117846906,171.83333333333334
5156,2,2,pitch_jump,1.0,0.06372463122223543,14.330820461900077,171.86666666666667
5156,2,10,pitch_jump,1.0,0.032726981540553174,16.4582973137735,171.86666666666667
5156,2,13,pitch_jump,1.0,0.014948313516227127,14.173942654585755,171.86666666666667
5156,2,19,pitch_jump,1.0,0.019806515675933223,16.80651940372423,171.86666666666667
5157,2,2,pitch_jump,1.0,0.018052051790499582,64.55291552987832,171.9
5157,2,3,pitch_jump,1.0,0.01773840933157947,165.45532492872357,171.9
5157,2,8,pitch_jump,1.0,0.008062249145371706,148.5040531132736,171.9
5157,2,10,pitch_jump,1.0,0.00549810997762398,35.47893753022659,171.9
5157,2,13,pitch_jump,1.0,0.02180516342465977,31.779491938433754,171.9
5157,2,19,pitch_jump,1.0,0.00359731648304138,41.64139968492846,171.9
5157,2,20,pitch_jump,1.0,0.022972826472639603,155.96062394540627,171.9
5158,2,2,pitch_jump,1.0,0.04906013331255613,24.125936971774422,171.93333333333334
5158,2,3,pitch_jump,1.0,0.04637888350511852,48.43802418724342,171.93333333333334
5158,2,8,pitch_jump,1.0,0.029256813973741653,35.30452490262438,171.93333333333334
5158,2,10,pitch_jump,1.0,0.02175816623757762,20.21464948438096,171.93333333333334
5158,2,19,pitch_jump,1.0,0.02246982815760856,13.87943671713988,171.93333333333334
5158,2,20,pitch_jump,1.0,0.05711923412953015,40.37833491875964,171.93333333333334
5159,2,2,pitch_jump,1.0,0.02626562800764912,20.258828921496065,171.96666666666667
5159,2,3,pitch_jump,1.0,0.022621183231395885,65.38148959290287,171.96666666666667
5159,2,8,pitch_jump,1.0,0.02121401512560219,63.14048786467037,171.96666666666667
5159,2,13,pitch_jump,1.0,0.018273879620281774,12.714162175206344,171.96666666666667
5159,2,19,pitch_jump,1.0,0.00793563881557568,17.858600079552712,171.96666666666667
5159,2,20,pitch_jump,1.0,0.06203284922363453,66.27927658983636,171.96666666666667
5160,2,2,pitch_jump,1.0,0.005770705581294503,71.25398071982924,172.0
5160,2,3,pitch_jump,1.0,0.010149057362923741,183.33828320011986,172.0
5160,2,8,pitch_jump,1.0,0.004684385085273951,165.57686465783084,172.0
5160,2,10,pitch_jump,1.0,0.01808098576050483,37.25579736304566,172.0
5160,2,13,pitch_jump,1.0,0.019510585729870182,25.157613297916416,172.0
5160,2,19,pitch_jump,1.0,0.022788874091928837,35.76081787468886,172.0
5160,2,20,pitch_jump,1.0,0.030788902150349035,172.64426339921272,172.0
5161,2,8,pitch_jump,1.0,0.02098638745749271,19.782048750701247,172.03333333333333
5161,2,19,pitch_jump,1.0,0.01932119596819699,20.333008396029033,172.03333333333333
5161,2,20,pitch_jump,1.0,0.057612620462501714,13.430592012153191,172.03333333333333
5162,2,10,pitch_jump,1.0,0.01903842663279263,12.083409993029914,172.06666666666666
5162,2,13,pitch_jump,1.0,0.02193549162292018,16.08760130273495,172.06666666666666
5164,2,2,pitch_jump,1.0,0.01570407987691509,60.35439985374586,172.13333333333333
5164,2,3,pitch_jump,1.0,0.0028479753447420344,146.0929316387747,172.13333333333333
5164,2,8,pitch_jump,1.0,0.0044545754630587,136.05152489975103,172.13333333333333
5164,2,10,pitch_jump,1.0,0.052544991314180195,23.703067203820915,172.13333333333333
5164,2,13,pitch_jump,1.0,0.021723490245792135,33.37417785925814,172.13333333333333
5164,2,19,pitch_jump,1.0,0.017836300856735703,32.476854654392426,172.13333333333333
5164,2,20,pitch_jump,1.0,0.043347932171415526,144.373489680026,172.13333333333333
5165,2,2,pitch_jump,1.0,0.017435960144780105,18.291192799767625,172.16666666666666
5165,2,8,pitch_jump,1.0,0.016595022742226073,20.281554976302477,172.16666666666666
5165,2,10,pitch_jump,1.0,0.05449453835979704,21.833238828743603,172.16666666666666
5165,2,13,pitch_jump,1.0,0.027311170549022656,15.08172411928257,172.16666666666666
5165,2,19,pitch_jump,1.0,0.03801599788945557,18.145607865732487,172.16666666666666
5165,2,20,pitch_jump,1.0,0.042580792989861484,22.88119712027405,172.16666666666666
5166,2,2,pitch_jump,1.0,0.022854844840943998,64.40553448423552,172.2
5166,2,3,pitch_jump,1.0,0.038427105099513685,169.83823534681852,172.2
5166,2,8,pitch_jump,1.0,0.013873522429334385,144.23374347437556,172.2
5166,2,10,pitch_jump,1.0,0.040210722541765734,23.160496926416677,172.2
5166,2,13,pitch_jump,1.0,0.030647740909791027,16.41404797561998,172.2
5166,2,19,pitch_jump,1.0,0.025240291339214134,26.80002669592852,172.2
5166,2,20,pitch_jump,1.0,0.013867112164371233,156.18569232306172,172.2
5167,2,2,pitch_jump,1.0,0.03128548276068543,63.52110457043951,172.23333333333332
5167,2,3,pitch_jump,1.0,0.028510027518394484,182.50572323214286,172.23333333333332
5167,2,8,pitch_jump,1.0,0.013694623381269672,172.52465724582814,172.23333333333332
5167,2,10,pitch_jump,1.0,0.0435914279385293,18.702652418002877,172.23333333333332
5167,2,13,pitch_jump,1.0,0.024999166229321784,29.03558317681706,172.23333333333332
5167,2,19,pitch_jump,1.0,0.023754149837998215,43.94644571298908,172.23333333333332
5167,2,20,pitch_jump,1.0,0.024437606410700412,183.63517903681526,172.23333333333332
5168,2,2,pitch_jump,1.0,0.03909365303618615,18.251395597071134,172.26666666666668
5168,2,3,pitch_jump,1.0,0.048039352279476796,25.5547781769891,172.26666666666668
5168,2,8,pitch_jump,1.0,0.027024449664679945,16.531144189766387,172.26666666666668
5168,2,10,pitch_jump,1.0,0.08563265679545479,21.47949708841853,172.26666666666668
5168,2,11,pitch_jump,1.0,0.07830099851642763,23.490014568193942,172.26666666666668
5168,2,13,pitch_jump,1.0,0.016010329885149912,13.963496074924599,172.26666666666668
5168,2,19,pitch_jump,1.0,0.044142928851330455,15.100932241629588,172.26666666666668
5168,2,20,pitch_jump,1.0,0.007692527768277675,15.69251467105325,172.26666666666668
5169,2,2,pitch_jump,1.0,0.04220354535020232,13.761202767927683,172.3
5169,2,3,pitch_jump,1.0,0.032195633361820936,20.780558903762405,172.3
5169,2,8,pitch_jump,1.0,0.021225708520335108,17.982557105248567,172.3
5169,2,11,pitch_jump,1.0,0.055716425169655796,20.409486173503073,172.3
5169,2,13,pitch_jump,1.0,0.01540589829564572,13.480434634735614,172.3
5169,2,19,pitch_jump,1.0,0.030484477472240326,13.12523505708837,172.3
5169,2,20,pitch_jump,1.0,0.004082764777933522,23.705669903779416,172.3
5170,2,3,pitch_jump,1.0,0.05655633104617518,13.586542203502068,172.33333333333334
5171,2,2,pitch_jump,1.0,0.09641805420849574,18.520162863803943,172.36666666666667
5171,2,3,pitch_jump,1.0,0.06562714050799158,25.823110843436655,172.36666666666667
5171,2,8,pitch_jump,1.0,0.04013767706913867,23.508704332338358,172.36666666666667
5171,2,11,pitch_jump,1.0,0.06525376853033817,28.87757147482561,172.36666666666667
5171,2,20,pitch_jump,1.0,0.0102558217450359,22.975650620042945,172.36666666666667
5172,2,3,pitch_jump,1.0,0.05167580375053577,27.823660695163042,172.4
5172,2,8,pitch_jump,1.0,0.042231951757402436,14.654477599385933,172.4
5172,2,11,pitch_jump,1.0,0.05779031192903808,17.311372657941714,172.4
5173,2,3,pitch_jump,1.0,0.06544327870020383,23.446562183919543,172.43333333333334
5173,2,8,pitch_jump,1.0,0.06637669107831796,21.00767345878975,172.43333333333334
5173,2,11,pitch_jump,1.0,0.07256378366776102,26.181642947093348,172.43333333333334
5173,2,20,pitch_jump,1.0,0.00712355550494113,14.363515683445563,172.43333333333334
5174,2,3,pitch_jump,1.0,0.07398694664502253,14.282628777811853,172.46666666666667
5174,2,20,pitch_jump,1.0,0.019824971563363714,15.92295105364897,172.46666666666667
5175,2,3,pitch_jump,1.0,0.05789961595909344,14.150191690693298,172.5
5175,2,8,pitch_jump,1.0,0.035376511663944746,12.258920987410853,172.5
5175,2,11,pitch_jump,1.0,0.04871160578809616,14.496959884829424,172.5
5176,2,2,pitch_jump,1.0,0.06616119154457452,47.84220931296448,172.53333333333333
5176,2,3,pitch_jump,1.0,0.07288740092492653,143.01124124965165,172.53333333333333
5176,2,8,pitch_jump,1.0,0.04810229106945269,138.394630184535,172.53333333333333
5176,2,10,pitch_jump,1.0,0.03167709370539704,14.3486728134226,172.53333333333333
5176,2,11,pitch_jump,1.0,0.09449865528568212,159.96901955545513,172.53333333333333
5176,2,13,pitch_jump,1.0,0.03996819232469111,29.082673585088884,172.53333333333333
5176,2,19,pitch_jump,1.0,0.05038512211277074,35.35371525043362,172.53333333333333
5176,2,20,pitch_jump,1.0,0.02555025929614631,148.02973834596506,172.53333333333333
5177,2,8,pitch_jump,1.0,0.06784211389266018,15.053905713519212,172.56666666666666
5177,2,10,pitch_jump,1.0,0.1337370260510405,15.548955342050634,172.56666666666666
5177,2,13,pitch_jump,1.0,0.029703211549940246,12.132348345409635,172.56666666666666
5177,2,20,pitch_jump,1.0,0.02866782450555064,18.547925117478183,172.56666666666666
5178,2,20,pitch_jump,1.0,0.01999726362360939,13.178331121058902,172.6
5179,2,2,pitch_jump,1.0,0.055245854793531016,39.8840755861257,172.63333333333333
5179,2,3,pitch_jump,1.0,0.07121984005068903,148.70236779893526,172.63333333333333
5179,2,8,pitch_jump,1.0,0.055463812880425845,150.56371767175776,172.63333333333333
5179,2,10,pitch_jump,1.0,0.08362941313884913,16.84564663670896,172.63333333333333
5179,2,11,pitch_jump,1.0,0.11946758510075495,161.27530361041528,172.63333333333333
5179,2,13,pitch_jump,1.0,0.05707468819011448,31.17339039530782,172.63333333333333
5179,2,19,pitch_jump,1.0,0.038180342825218386,43.38812118180801,172.63333333333333
5179,2,20,pitch_jump,1.0,0.015025296698782182,172.5838100875842,172.63333333333333
5180,2,2,pitch_jump,1.0,0.06758716842032028,23.537100554899766,172.66666666666666
5180,2,3,pitch_jump,1.0,0.07884784680991114,44.48904787518441,172.66666666666666
5180,2,8,pitch_jump,1.0,0.06053931732700255,27.569462432036044,172.66666666666666
5180,2,11,pitch_jump,1.0,0.11301858257249663,48.915834224548114,172.66666666666666
5180,2,20,pitch_jump,1.0,0.011026102235987519,32.20906017905925,172.66666666666666
5181,2,3,pitch_jump,1.0,0.05969783419372929,14.269811393317623,172.7
5181,2,8,pitch_jump,1.0,0.03179489021343735,13.077687730964938,172.7
5181,2,11,pitch_jump,1.0,0.10554212069100873,34.691502737010545,172.7
5181,2,20,pitch_jump,1.0,0.01468795476301772,19.931721368950402,172.7
5182,2,10,pitch_jump,1.0,0.06213387980843827,12.939689679188124,172.73333333333332
5182,2,11,pitch_jump,1.0,0.12184306548179831,21.751680872387304,172.73333333333332
5183,2,10,pitch_jump,1.0,0.08091117437148491,20.213925960239155,172.76666666666668
5184,2,3,pitch_jump,1.0,0.044322414420997845,14.825397151143205,172.8
5184,2,11,pitch_jump,1.0,0.08922282483293842,16.183529601014857,172.8
5184,2,20,pitch_jump,1.0,0.01263758140111572,17.505735618854416,172.8
5185,2,2,pitch_jump,1.0,0.06824576812585885,51.832213216949924,172.83333333333334
5185,2,3,pitch_jump,1.0,0.07849799329476415,164.98570589237258,172.83333333333334
5185,2,8,pitch_jump,1.0,0.045757954593527446,169.13251450109883,172.83333333333334
5185,2,10,pitch_jump,1.0,0.04019688170935997,26.190409876874497,172.83333333333334
5185,2,11,pitch_jump,1.0,0.23763109519564676,187.43995958600894,172.83333333333334
5185,2,13,pitch_jump,1.0,0.04062631905991928,30.219113610860195,172.83333333333334
5185,2,19,pitch_jump,1.0,0.06556790408434417,50.5691939011441,172.83333333333334
5185,2,20,pitch_jump,1.0,0.025113646636645944,186.8213120396658,172.83333333333334
5186,2,10,pitch_jump,1.0,0.08046928035811372,19.59655158456275,172.86666666666667
5186,2,11,pitch_jump,1.0,0.1024034744704682,20.358722559398693,172.86666666666667
5187,2,8,pitch_jump,1.0,0.023705048197934463,12.795642085994913,172.9
5187,2,10,pitch_jump,1.0,0.029602047385775584,17.73310308876293,172.9
5187,2,11,pitch_jump,1.0,0.060463161213963806,16.73567238530827,172.9
5187,2,20,pitch_jump,1.0,0.01803472127117475,18.33571735505105,172.9
5189,2,20,pitch_jump,1.0,0.0029410329833503158,12.30807606735831,172.96666666666667
5190,2,2,pitch_jump,1.0,0.04310008336939609,13.526302291188957,173.0
5190,2,3,pitch_jump,1.0,0.06364180566995192,15.357072361385883,173.0
5190,2,11,pitch_jump,1.0,0.057258204353541065,15.428847021235176,173.0
5191,2,2,pitch_jump,1.0,0.055388590841883294,15.015859944810806,173.03333333333333
5191,2,3,pitch_jump,1.0,0.07068123082100472,22.250989712819877,173.03333333333333
5191,2,11,pitch_jump,1.0,0.08420215464732884,15.983638119926159,173.03333333333333
5191,2,13,pitch_jump,1.0,0.055328866954422,14.03483424094683,173.03333333333333
5191,2,20,pitch_jump,1.0,0.010805993486844776,12.609537249801097,173.03333333333333
5194,2,2,pitch_jump,1.0,0.08484057485595081,14.509161699984755,173.13333333333333
5194,2,3,pitch_jump,1.0,0.06571755564150167,13.399660254066228,173.13333333333333
5194,2,11,pitch_jump,1.0,0.06908631740572756,13.928511387611765,173.13333333333333
5195,2,2,pitch_jump,1.0,0.08624580651486519,19.808908391483584,173.16666666666666
5196,2,2,pitch_jump,1.0,0.06142483332599265,45.51523641426321,173.2
5196,2,3,pitch_jump,1.0,0.039736509618932256,146.52886348549632,173.2
5196,2,8,pitch_jump,1.0,0.022089592372957757,152.3758035751904,173.2
5196,2,10,pitch_jump,1.0,0.02422273053072967,22.029973280213962,173.2
5196,2,11,pitch_jump,1.0,0.0415743883330135,158.94110288639138,173.2
5196,2,13,pitch_jump,1.0,0.021782792607119312,28.45182477704569,173.2
5196,2,19,pitch_jump,1.0,0.012104738808253947,43.899084034978976,173.2
5196,2,20,pitch_jump,1.0,0.008584975042917923,192.25856093886821,173.2
5197,2,11,pitch_jump,1.0,0.047735162055910725,13.139384528836501,173.23333333333332
5197,2,19,pitch_jump,1.0,0.03382416881052746,13.037826482908377,173.23333333333332
5197,2,20,pitch_jump,1.0,0.016089995190186508,15.104529417439354,173.23333333333332
5198,2,2,pitch_jump,1.0,0.06934595550177096,54.92127235841651,173.26666666666668
5198,2,3,pitch_jump,1.0,0.07224350855758702,155.1324777285728,173.26666666666668
5198,2,8,pitch_jump,1.0,0.036521421110338195,154.0403886951684,173.26666666666668
5198,2,10,pitch_jump,1.0,0.02877174494527169,19.36781865190604,173.26666666666668
5198,2,11,pitch_jump,1.0,0.07999117709931765,167.30461535708528,173.26666666666668
5198,2,13,pitch_jump,1.0,0.061298766457603314,18.734069440909398,173.26666666666668
5198,2,19,pitch_jump,1.0,0.03880947728896102,32.38174319120858,173.26666666666668
5198,2,20,pitch_jump,1.0,0.023632068866289213,192.0039703241709,173.26666666666668
5201,2,2,pitch_jump,1.0,0.07345675803779941,17.761953549231016,173.36666666666667
5201,2,10,pitch_jump,1.0,0.015499928559552794,12.252435845781333,173.36666666666667
5202,2,3,pitch_jump,1.0,0.04590023023957524,13.437404013645759,173.4
5202,2,8,pitch_jump,1.0,0.041156043064545345,15.182683395856758,173.4
5202,2,11,pitch_jump,1.0,0.06766244851621755,14.263765802159046,173.4
5202,2,13,pitch_jump,1.0,0.03163014331415622,12.580112092212577,173.4
5202,2,19,pitch_jump,1.0,0.025391505373811293,12.519264120742418,173.4
5202,2,20,pitch_jump,1.0,0.011048605593176164,13.854181601870048,173.4
5203,2,3,pitch_jump,1.0,0.059493259974044935,12.927471298650854,173.43333333333334
5203,2,11,pitch_jump,1.0,0.07984846609540895,12.289966037465094,173.43333333333334
5203,2,20,pitch_jump,1.0,0.019487278925606852,19.694651054418333,173.43333333333334
5206,2,3,pitch_jump,1.0,0.09210595987723313,19.12936209008349,173.53333333333333
5206,2,8,pitch_jump,1.0,0.022684588961441855,13.48957551071009,173.53333333333333
5206,2,20,pitch_jump,1.0,0.0014865609975888948,17.526849610598298,173.53333333333333
5209,2,11,pitch_jump,1.0,0.07125357808338342,15.276345944398674,173.63333333333333
5210,2,8,pitch_jump,1.0,0.024400852893870006,12.603151223036926,173.66666666666666
5210,2,13,pitch_jump,1.0,0.05164299284082746,16.261331751275797,173.66666666666666
5210,2,19,pitch_jump,1.0,0.011737328945452812,12.590316615017011,173.66666666666666
5215,2,3,pitch_jump,1.0,0.06334496868732364,14.421754702482728,173.83333333333334
5216,2,2,pitch_jump,1.0,0.05081920850329476,14.448853663823359,173.86666666666667
5219,2,3,pitch_jump,1.0,0.06498931953450447,12.744160483930175,173.96666666666667
5220,2,3,pitch_jump,1.0,0.06685477449581215,16.08526897966207,174.0
5220,2,8,pitch_jump,1.0,0.015746494966955404,13.200605972087224,174.0
5220,2,11,pitch_jump,1.0,0.012839048677839002,15.517822949753409,174.0
5220,2,20,pitch_jump,1.0,0.021504553497203528,16.94219589270131,174.0
5221,2,3,pitch_jump,1.0,0.08947245534392606,25.779481770713456,174.03333333333333
5221,2,8,pitch_jump,1.0,0.01440318083945729,16.817011710189792,174.03333333333333
5221,2,10,pitch_jump,1.0,0.030320815206732712,13.168904148737612,174.03333333333333
5221,2,11,pitch_jump,1.0,0.015132418833470728,21.60094174887632,174.03333333333333
5221,2,20,pitch_jump,1.0,0.018601061063430353,21.568734773883623,174.03333333333333
5222,2,2,pitch_jump,1.0,0.029627638371396047,39.02838263120798,174.06666666666666
5222,2,3,pitch_jump,1.0,0.06550005021519227,117.31736565142451,174.06666666666666
5222,2,8,pitch_jump,1.0,0.009884412321400842,126.94747700954501,174.06666666666666
5222,2,10,pitch_jump,1.0,0.0367796853947466,21.21385089462196,174.06666666666666
5222,2,11,pitch_jump,1.0,0.025780591939310076,130.68349708571571,174.06666666666666
5222,2,19,pitch_jump,1.0,0.0049418605177950214,34.20163880895237,174.06666666666666
5222,2,20,pitch_jump,1.0,0.023456095301830134,202.51124189224552,174.06666666666666
5223,2,2,pitch_jump,1.0,0.02444334801761282,39.90230275937635,174.1
5223,2,3,pitch_jump,1.0,0.037123695455880415,127.97685960324552,174.1
5223,2,8,pitch_jump,1.0,0.009358166539821612,133.2824028277342,174.1
5223,2,10,pitch_jump,1.0,0.021128179606330243,21.526019047330585,174.1
5223,2,11,pitch_jump,1.0,0.010115588481203629,138.59833232835052,174.1
5223,2,13,pitch_jump,1.0,0.01550417242888061,16.520355394272176,174.1
5223,2,19,pitch_jump,1.0,0.003247374680451406,37.589960223551365,174.1
5223,2,20,pitch_jump,1.0,0.019534646642868088,206.4413943650591,174.1
5224,2,8,pitch_jump,1.0,0.009530540225426333,14.072854193636541,174.13333333333333
5225,2,2,pitch_jump,1.0,0.030484857501285573,29.819661482477343,174.16666666666666
5225,2,3,pitch_jump,1.0,0.05804906005671382,120.49880445435578,174.16666666666666
5225,2,8,pitch_jump,1.0,0.0077675442421732835,145.03794284211676,174.16666666666666
5225,2,10,pitch_jump,1.0,0.03244593625149253,19.081384269999134,174.16666666666666
5225,2,11,pitch_jump,1.0,0.011875087470612751,139.01638628201428,174.16666666666666
5225,2,13,pitch_jump,1.0,0.015203830186230513,18.113146118225988,174.16666666666666
5225,2,19,pitch_jump,1.0,0.010306474824685241,38.8338925884904,174.16666666666666
5225,2,20,pitch_jump,1.0,0.018928244983318295,222.9411586777077,174.16666666666666
5226,2,2,pitch_jump,1.0,0.009123065008114026,46.21276139467264,174.2
5226,2,3,pitch_jump,1.0,0.03348064413181641,134.41775652724098,174.2
5226,2,8,pitch_jump,1.0,0.011391583075494906,145.16437178669807,174.2
5226,2,10,pitch_jump,1.0,0.02361968202397739,22.746424955878158,174.2
5226,2,11,pitch_jump,1.0,0.007821993229555149,148.00562588859262,174.2
5226,2,13,pitch_jump,1.0,0.0146584035963389,12.429629458658159,174.2
5226,2,19,pitch_jump,1.0,0.010327852904786368,38.13081698588379,174.2
5226,2,20,pitch_jump,1.0,0.009868076025527918,226.95961621934777,174.2
5227,2,2,pitch_jump,1.0,0.007976841727574586,42.872846181555396,174.23333333333332
5227,2,3,pitch_jump,1.0,0.03858217259321628,127.09926556755167,174.23333333333332
5227,2,8,pitch_jump,1.0,0.01578521756457029,148.16483774784825,174.23333333333332
5227,2,10,pitch_jump,1.0,0.040066528455026756,29.617398996647015,174.23333333333332
5227,2,11,pitch_jump,1.0,0.012351979249214485,145.0790295605477,174.23333333333332
5227,2,13,pitch_jump,1.0,0.018984770871999214,26.99455145508139,174.23333333333332
5227,2,19,pitch_jump,1.0,0.021440646202275395,38.839451858253,174.23333333333332
5227,2,20,pitch_jump,1.0,0.0012213761727321614,223.1066481430992,174.23333333333332
5228,2,3,pitch_jump,1.0,0.07988423220877093,25.01854625612273,174.26666666666668
5228,2,8,pitch_jump,1.0,0.01358969590652164,13.40179098761079,174.26666666666668
5228,2,11,pitch_jump,1.0,0.006891169550584619,12.018242302986259,174.26666666666668
5228,2,20,pitch_jump,1.0,0.004960258884681582,17.696064221261217,174.26666666666668
5230,2,3,pitch_jump,1.0,0.027686215032641494,25.497652875891408,174.33333333333334
5230,2,8,pitch_jump,1.0,0.010114490524383136,19.46198254432097,174.33333333333334
5230,2,11,pitch_jump,1.0,0.01504806969678329,26.621792286239373,174.33333333333334
5230,2,20,pitch_jump,1.0,0.032824874485163205,33.81869956510502,174.33333333333334
5231,2,2,pitch_jump,1.0,0.007895316018437388,38.904457108310176,174.36666666666667
5231,2,3,pitch_jump,1.0,0.025199015472658525,116.2296142451927,174.36666666666667
5231,2,8,pitch_jump,1.0,0.007921397926232235,132.69128216160308,174.36666666666667
5231,2,10,pitch_jump,1.0,0.05356608794361247,21.4948373093308,174.36666666666667
5231,2,11,pitch_jump,1.0,0.003552113158691107,131.18143044231056,174.36666666666667
5231,2,19,pitch_jump,1.0,0.020709770918891365,29.135881277359367,174.36666666666667
5231,2,20,pitch_jump,1.0,0.03511496086971173,204.769486029617,174.36666666666667
5233,2,2,pitch_jump,1.0,0.022739235888589646,14.462187267548401,174.43333333333334
5235,2,2,pitch_jump,1.0,0.021890540308461423,21.27893709217689,174.5
5235,2,3,pitch_jump,1.0,0.024728600978422853,56.654206589340724,174.5
5235,2,8,pitch_jump,1.0,0.02545179237639558,74.39995133606027,174.5
5235,2,11,pitch_jump,1.0,0.005866492675392632,69.27366952991702,174.5
5235,2,13,pitch_jump,1.0,0.0014948374631657785,12.907117317097008,174.5
5235,2,19,pitch_jump,1.0,0.0035553776185259737,18.066991811139737,174.5
5235,2,20,pitch_jump,1.0,0.01373279184434696,112.19008661546434,174.5
5237,2,3,pitch_jump,1.0,0.030278328519457613,15.574389203346525,174.56666666666666
5237,2,8,pitch_jump,1.0,0.019133469781590452,18.0961286239871,174.56666666666666
5237,2,11,pitch_jump,1.0,0.007213759029296284,19.562895388766492,174.56666666666666
5237,2,20,pitch_jump,1.0,0.04549839341509836,30.197768664556058,174.56666666666666
5238,2,3,pitch_jump,1.0,0.03066995085847605,18.529036705801797,174.6
5238,2,8,pitch_jump,1.0,0.011862081277453728,15.09991957109391,174.6
5238,2,11,pitch_jump,1.0,0.0022613787812170573,16.598153971739315,174.6
5238,2,20,pitch_jump,1.0,0.02446345353876129,24.005025061014447,174.6
5239,2,2,pitch_jump,1.0,0.015451449863901135,18.000955849280015,174.63333333333333
5239,2,3,pitch_jump,1.0,0.03602095794843781,51.60278122718162,174.63333333333333
5239,2,8,pitch_jump,1.0,0.018305674822241314,68.31522526084224,174.63333333333333
5239,2,10,pitch_jump,1.0,0.058257120744274034,19.14711274900179,174.63333333333333
5239,2,11,pitch_jump,1.0,0.014709883360696665,58.31519518292097,174.63333333333333
5239,2,19,pitch_jump,1.0,0.02636125218496794,18.345356248995607,174.63333333333333
5239,2,20,pitch_jump,1.0,0.04544732759583353,104.3270441944704,174.63333333333333
5240,2,2,pitch_jump,1.0,0.019971331156522384,14.747515361242447,174.66666666666666
5240,2,3,pitch_jump,1.0,0.0331195701091463,45.11316587076801,174.66666666666666
5240,2,8,pitch_jump,1.0,0.01924625040629553,54.047084689746775,174.66666666666666
5240,2,11,pitch_jump,1.0,0.00580819327866939,51.734208602199864,174.66666666666666
5240,2,19,pitch_jump,1.0,0.019990152945713806,13.227269367092013,174.66666666666666
5240,2,20,pitch_jump,1.0,0.031832883663341825,85.19144226093397,174.66666666666666
5242,2,3,pitch_jump,1.0,0.020739929416781197,13.629674308566683,174.73333333333332
5242,2,11,pitch_jump,1.0,0.006950644404707694,14.03002858504067,174.73333333333332
5242,2,20,pitch_jump,1.0,0.023683423771081118,20.422344022296002,174.73333333333332
5243,2,2,pitch_jump,1.0,0.016013984444313224,20.00670112249389,174.76666666666668
5243,2,3,pitch_jump,1.0,0.03147472230086037,57.46953614296186,174.76666666666668
5243,2,8,pitch_jump,1.0,0.026514093385315168,63.41716337714582,174.76666666666668
5243,2,10,pitch_jump,1.0,0.04763195052184965,13.24251811001353,174.76666666666668
5243,2,11,pitch_jump,1.0,0.0019292449983298082,65.3978057043035,174.76666666666668
5243,2,19,pitch_jump,1.0,0.021652869191390176,17.76561193576423,174.76666666666668
5243,2,20,pitch_jump,1.0,0.015864970705627594,101.59964484718307,174.76666666666668
5244,2,2,pitch_jump,1.0,0.013193306253379859,17.712628497708877,174.8
5244,2,3,pitch_jump,1.0,0.011114566689023988,48.844519002483985,174.8
5244,2,8,pitch_jump,1.0,0.013445433152398028,65.03209949155335,174.8
5244,2,10,pitch_jump,1.0,0.020002804578776345,16.0912463642735,174.8
5244,2,11,pitch_jump,1.0,0.010885220140847121,57.92364401344073,174.8
5244,2,19,pitch_jump,1.0,0.01163775245869868,17.33782477512985,174.8
5244,2,20,pitch_jump,1.0,0.0011924987126311556,91.96636441989403,174.8
5245,2,2,pitch_jump,1.0,0.022316133388096814,18.19895868270323,174.83333333333334
5245,2,3,pitch_jump,1.0,0.029070815956916688,13.397196172954699,174.83333333333334
5245,2,10,pitch_jump,1.0,0.04564887159075563,16.882693560285905,174.83333333333334
5245,2,11,pitch_jump,1.0,0.018406738015729993,13.176631838759592,174.83333333333334
5245,2,13,pitch_jump,1.0,0.011823102612242457,14.732664241691102,174.83333333333334
5245,2,19,pitch_jump,1.0,0.020917566986357675,13.24737157356626,174.83333333333334
5245,2,20,pitch_jump,1.0,0.011916358138338105,23.279458425380408,174.83333333333334
5246,2,2,pitch_jump,1.0,0.01870177387035522,15.64447907535554,174.86666666666667
5246,2,3,pitch_jump,1.0,0.056542595811515585,16.16512616891045,174.86666666666667
5246,2,10,pitch_jump,1.0,0.04650651887213662,17.01059019270824,174.86666666666667
5246,2,11,pitch_jump,1.0,0.015565656592954063,15.187498645959018,174.86666666666667
5248,2,2,pitch_jump,1.0,0.024078817101798457,21.93447662573996,174.93333333333334
5248,2,3,pitch_jump,1.0,0.03686789018417993,46.435850520694146,174.93333333333334
5248,2,8,pitch_jump,1.0,0.01558667780498535,60.77595951705432,174.93333333333334
5248,2,10,pitch_jump,1.0,0.05184372186054192,32.63655376563842,174.93333333333334
5248,2,11,pitch_jump,1.0,0.005386892064878896,40.1545100939122,174.93333333333334
5248,2,13,pitch_jump,1.0,0.007858979934346961,36.23037945911073,174.93333333333334
5248,2,19,pitch_jump,1.0,0.023071638827384413,41.03212866174273,174.93333333333334
5248,2,20,pitch_jump,1.0,0.025455481730654067,78.11283693976902,174.93333333333334
5249,2,3,pitch_jump,1.0,0.02669180672571745,16.95023284405101,174.96666666666667
5249,2,8,pitch_jump,1.0,0.011690711051012631,19.478089573483842,174.96666666666667
5249,2,11,pitch_jump,1.0,0.012465746618305898,18.61714960059992,174.96666666666667
5249,2,20,pitch_jump,1.0,0.03655226405868256,33.214697390999575,174.96666666666667
5251,2,3,pitch_jump,1.0,0.0109959701992427,30.21622681901652,175.03333333333333
5251,2,8,pitch_jump,1.0,0.03234728843686608,47.14601075839931,175.03333333333333
5251,2,11,pitch_jump,1.0,0.006828447841734838,37.40752959737363,175.03333333333333
5251,2,19,pitch_jump,1.0,0.023560402936241953,12.039144521529158,175.03333333333333
5251,2,20,pitch_jump,1.0,0.040906544251041184,64.18855839545267,175.03333333333333
5254,2,2,pitch_jump,1.0,0.025808412670837406,14.33810343227059,175.13333333333333
5254,2,3,pitch_jump,1.0,0.035887732851363686,22.709476622019068,175.13333333333333
5254,2,8,pitch_jump,1.0,0.019248802508658007,12.723877887302365,175.13333333333333
5254,2,10,pitch_jump,1.0,0.04277860899140936,15.384663422232833,175.13333333333333
5254,2,11,pitch_jump,1.0,0.00940345996804879,17.614065145991315,175.13333333333333
5255,2,3,pitch_jump,1.0,0.020725883150260905,17.605909998721657,175.16666666666666
5255,2,8,pitch_jump,1.0,0.017308606891847128,18.594678752495724,175.16666666666666
5255,2,11,pitch_jump,1.0,0.013622285754304722,17.704431521964178,175.16666666666666
5255,2,13,pitch_jump,1.0,0.010386262968554761,13.236341998737657,175.16666666666666
5255,2,19,pitch_jump,1.0,0.021826379117168043,14.377967203157773,175.16666666666666
5255,2,20,pitch_jump,1.0,0.015490296646313007,25.59741819619426,175.16666666666666
5257,2,13,pitch_jump,1.0,0.011043500138319989,12.95568290158035,175.23333333333332
5259,2,20,pitch_jump,1.0,0.03324131383613706,17.79837100177566,175.3
5260,2,20,pitch_jump,1.0,0.024263645657245324,14.7235951151969,175.33333333333334
5261,2,2,pitch_jump,1.0,0.03491619148413053,13.850731506448756,175.36666666666667
5261,2,3,pitch_jump,1.0,0.012942370536210435,13.52809330863175,175.36666666666667
5261,2,11,pitch_jump,1.0,0.015792340909065592,15.596236010692165,175.36666666666667
5261,2,20,pitch_jump,1.0,0.03771157721040795,20.671394075261937,175.36666666666667
5261,2,22,pitch_jump,1.0,0.0675877875979495,15.7126960210162,175.36666666666667
5262,2,20,pitch_jump,1.0,0.02131782637816808,12.55200420586851,175.4
5263,2,10,pitch_jump,1.0,0.06478499581881458,12.247694783078051,175.43333333333334
5263,2,22,pitch_jump,1.0,0.07704696753833526,12.442434118333285,175.43333333333334
5264,2,20,pitch_jump,1.0,0.002523755993629091,12.403615307794054,175.46666666666667
5267,2,2,pitch_jump,1.0,0.044748936516224413,30.759548047452995,175.56666666666666
5267,2,8,pitch_jump,1.0,0.014408760299240556,16.77024710480836,175.56666666666666
5267,2,10,pitch_jump,1.0,0.06577892114739917,16.519717917245732,175.56666666666666
5267,2,11,pitch_jump,1.0,0.008852943729565868,17.62124078121419,175.56666666666666
5267,2,19,pitch_jump,1.0,0.021564216032107456,15.097111069186392,175.56666666666666
5267,2,20,pitch_jump,1.0,0.008731896958218166,13.444241181382782,175.56666666666666
5269,2,20,pitch_jump,1.0,0.03711496123031945,12.354815735012144,175.63333333333333
5270,2,2,pitch_jump,1.0,0.04014776164267002,16.839430818054282,175.66666666666666
5270,2,3,pitch_jump,1.0,0.012811986789568656,18.99701053687439,175.66666666666666
5270,2,8,pitch_jump,1.0,0.04138988585436119,14.89250036546762,175.66666666666666
5270,2,10,pitch_jump,1.0,0.10083972262131537,23.0881102894359,175.66666666666666
5270,2,11,pitch_jump,1.0,0.011832148968594356,23.858117021137073,175.66666666666666
5270,2,20,pitch_jump,1.0,0.027871548506544292,28.165008672812448,175.66666666666666
5271,2,2,pitch_jump,1.0,0.012137968461922752,13.524049426982211,175.7
5272,2,10,pitch_jump,1.0,0.14924449521385547,15.546598179025246,175.73333333333332
5272,2,20,pitch_jump,1.0,0.026498535665286,12.655199454045894,175.73333333333332
5273,2,3,pitch_jump,1.0,0.01903080008080024,15.861346246309498,175.76666666666668
5273,2,8,pitch_jump,1.0,0.019509771828116657,15.773174277060585,175.76666666666668
5273,2,11,pitch_jump,1.0,0.023679914114321115,17.242612871938874,175.76666666666668
5273,2,20,pitch_jump,1.0,0.021772105726353224,20.343801087126334,175.76666666666668
5274,2,20,pitch_jump,1.0,0.02619979683782667,14.997083052256993,175.8
5275,2,10,pitch_jump,1.0,0.08839828084394594,14.240422562635084,175.83333333333334
5276,2,3,pitch_jump,1.0,0.03219976929129749,16.380581543589077,175.86666666666667
5276,2,10,pitch_jump,1.0,0.1404406862434344,26.337657078031064,175.86666666666667
5277,2,8,pitch_jump,1.0,0.05094176589898942,19.22841148028207,175.9
5277,2,10,pitch_jump,1.0,0.1117993978671187,15.333907653301805,175.9
5279,2,8,pitch_jump,1.0,0.06945171820112474,15.593839331411152,175.96666666666667
5279,2,11,pitch_jump,1.0,0.02177376949039515,14.588388269281431,175.96666666666667
5280,2,10,pitch_jump,1.0,0.07012086285614835,14.221010311849911,176.0
5281,2,3,pitch_jump,1.0,0.0237888018750236,13.671457746144046,176.03333333333333
5281,2,8,pitch_jump,1.0,0.039605820847332524,14.70455816404783,176.03333333333333
5281,2,10,pitch_jump,1.0,0.07851376666752032,18.89185406924856,176.03333333333333
5281,2,11,pitch_jump,1.0,0.017597226588529562,19.458037246218524,176.03333333333333
5281,2,20,pitch_jump,1.0,0.02168353259632984,19.787697505823733,176.03333333333333
5283,2,10,pitch_jump,2.0,0.08471426452726573,16.076233473302782,176.1
5284,2,8,pitch_jump,1.0,0.05100457800194679,12.80960218105262,176.13333333333333
5284,2,10,pitch_jump,1.0,0.13338215735235648,32.83291699144103,176.13333333333333
5285,2,3,pitch_jump,1.0,0.03233600045000615,18.79928308363454,176.16666666666666
5285,2,10,pitch_jump,1.0,0.056993060095477485,19.775812976311233,176.16666666666666
5285,2,11,pitch_jump,1.0,0.006562216073669013,13.68581693406518,176.16666666666666
5285,2,20,pitch_jump,1.0,0.02303506659661373,13.187401086992233,176.16666666666666
5287,2,3,pitch_jump,1.0,0.026770293358848538,15.095226669462367,176.23333333333332
5288,2,10,pitch_jump,1.0,0.07697908709762366,23.277726715005205,176.26666666666668
5289,2,2,pitch_jump,1.0,0.02492640869435637,13.677529911390694,176.3
5290,2,10,pitch_jump,1.0,0.06053946466509106,12.725626550685305,176.33333333333334
5291,2,8,pitch_jump,1.0,0.031128466609564434,16.12190871737068,176.36666666666667
5291,2,20,pitch_jump,1.0,0.02549705944806772,17.75795765311868,176.36666666666667
5292,2,2,pitch_jump,1.0,0.023892994355914323,12.00779651887112,176.4
5292,2,20,pitch_jump,1.0,0.03129296086768115,14.791877438059908,176.4
5293,2,8,pitch_jump,1.0,0.060161577584230505,13.959441088512964,176.43333333333334
5295,2,3,pitch_jump,1.0,0.023770466625222624,12.983786488702377,176.5
5295,2,10,pitch_jump,1.0,0.14248719709691526,32.21722752865419,176.5
5296,2,8,pitch_jump,1.0,0.06445809538925389,14.008033352423013,176.53333333333333
5297,2,3,pitch_jump,1.0,0.030573997610243625,18.422865828447154,176.56666666666666
5297,2,8,pitch_jump,1.0,0.08488795625685121,13.530788781342508,176.56666666666666
5297,2,11,pitch_jump,1.0,0.017222025065780036,13.735865172698134,176.56666666666666
5297,2,13,pitch_jump,1.0,0.010297386174317988,13.438871713670444,176.56666666666666
5297,2,19,pitch_jump,1.0,0.030071023862773747,14.3276244305912,176.56666666666666
5297,2,20,pitch_jump,1.0,0.022697830133280295,22.477556969815783,176.56666666666666
5300,2,8,pitch_jump,1.0,0.04425117390875476,12.519731289674388,176.66666666666666
5302,2,3,pitch_jump,1.0,0.03404897752240068,12.944441302399852,176.73333333333332
5302,2,20,pitch_jump,1.0,0.01741303061975033,22.74295527283607,176.73333333333332
5303,2,2,pitch_jump,1.0,0.0181494058188655,16.042973319109425,176.76666666666668
5303,2,3,pitch_jump,1.0,0.03250074554367164,14.348720931762216,176.76666666666668
5303,2,8,pitch_jump,1.0,0.08209768416403075,26.893969423995557,176.76666666666668
5303,2,11,pitch_jump,1.0,0.0008636209745334333,18.948497522815366,176.76666666666668
5303,2,20,pitch_jump,1.0,0.027419676978832186,17.450265580153836,176.76666666666668
5305,2,2,pitch_jump,1.0,0.002462794139996095,13.089170803967862,176.83333333333334
5305,2,3,pitch_jump,1.0,0.019647754700477336,17.169126705554334,176.83333333333334
5305,2,11,pitch_jump,1.0,0.013210380060956423,17.175373802011112,176.83333333333334
5306,2,3,pitch_jump,1.0,0.025409008378144516,14.914637067566744,176.86666666666667
5306,2,20,pitch_jump,1.0,0.03819052980289087,13.615442820151678,176.86666666666667
5307,2,3,pitch_jump,1.0,0.012144580592461426,12.772939520061898,176.9
5308,2,2,pitch_jump,1.0,0.010397668609741803,15.77693064503222,176.93333333333334
5308,2,3,pitch_jump,1.0,0.009137869743800627,17.1999302525825,176.93333333333334
5308,2,8,pitch_jump,1.0,0.04720832080192371,17.240260430723946,176.93333333333334
5308,2,11,pitch_jump,1.0,0.011675576008906778,18.579420971179786,176.93333333333334
5308,2,20,pitch_jump,1.0,0.02550781982674292,22.356829807282953,176.93333333333334
5313,2,2,pitch_jump,1.0,0.05045336184477554,14.86288060155848,177.1
5313,2,3,pitch_jump,1.0,0.010360598806532098,12.278136449377907,177.1
5313,2,8,pitch_jump,1.0,0.06489933948474998,16.136360255063526,177.1
5313,2,11,pitch_jump,1.0,0.0064524267016930065,13.369406714433653,177.1
5316,2,2,pitch_jump,1.0,0.0436188988564407,12.431518988158825,177.2
5317,2,20,pitch_jump,1.0,0.05108040584446905,14.954415052963508,177.23333333333332
5319,2,20,pitch_jump,1.0,0.027952470853707872,12.394004298615215,177.3
5320,2,3,pitch_jump,1.0,0.018021162933487104,12.582519577341976,177.33333333333334
5320,2,20,pitch_jump,1.0,0.023253529100406775,16.143971267539587,177.33333333333334
5323,2,8,pitch_jump,1.0,0.050747466274049566,15.517159251163449,177.43333333333334
5327,2,2,pitch_jump,1.0,0.15393875928872128,57.562602747734616,177.56666666666666
5327,2,20,pitch_jump,1.0,0.05868762425525362,14.143150219187428,177.56666666666666
5329,2,2,pitch_jump,1.0,0.061050955494924106,16.177769271649915,177.63333333333333
5330,2,2,pitch_jump,1.0,0.07236985517730452,24.925225561885807,177.66666666666666
5332,2,2,pitch_jump,1.0,0.044310694654328055,22.1861530552102,177.73333333333332
5332,2,20,pitch_jump,1.0,0.03561078144873804,12.126601535482141,177.73333333333332
5333,2,3,pitch_jump,1.0,0.027860046057635115,16.994587853573783,177.76666666666668
5333,2,8,pitch_jump,1.0,0.04332540517794237,13.13307663199767,177.76666666666668
5333,2,13,pitch_jump,1.0,0.021444695998125953,13.704833571921514,177.76666666666668
5333,2,20,pitch_jump,1.0,0.02795409211953267,17.575042335288334,177.76666666666668
5335,2,3,pitch_jump,1.0,0.014313233090809334,16.315431874803014,177.83333333333334
5335,2,11,pitch_jump,1.0,0.004090859864636127,17.076561714023654,177.83333333333334
5335,2,20,pitch_jump,1.0,0.01585315090902358,19.97808394622523,177.83333333333334
5337,2,8,pitch_jump,1.0,0.054999556085641596,13.768100586284701,177.9
5339,2,8,pitch_jump,1.0,0.06303022885296762,15.615313556749511,177.96666666666667
5339,2,11,pitch_jump,1.0,0.01828432335240496,13.987606957745124,177.96666666666667
5339,2,20,pitch_jump,1.0,0.005861050332175221,12.318484487241458,177.96666666666667
5340,2,11,pitch_jump,1.0,0.035692642937038256,18.99693531843205,178.0
5343,2,3,pitch_jump,1.0,0.026311426696467036,13.029428239999893,178.1
5343,2,11,pitch_jump,1.0,0.011822239820837986,13.164503889296414,178.1
5345,2,2,pitch_jump,1.0,0.04525806249727194,16.609955934595305,178.16666666666666
5345,2,3,pitch_jump,1.0,0.0014917131138935133,15.681652361663142,178.16666666666666
5345,2,8,pitch_jump,1.0,0.03648409528114927,14.565078603586915,178.16666666666666
5345,2,11,pitch_jump,1.0,0.015583227046130153,18.29109556755197,178.16666666666666
5345,2,19,pitch_jump,1.0,0.013338246565104659,14.740808441176332,178.16666666666666
5345,2,20,pitch_jump,1.0,0.043011557526491835,17.176507096403803,178.16666666666666
5346,2,3,pitch_jump,1.0,0.009063868730761935,14.134655938507647,178.2
5346,2,8,pitch_jump,1.0,0.032394886024328884,13.921060265677903,178.2
5346,2,20,pitch_jump,1.0,0.02560573316992029,18.55267895494395,178.2
5347,2,2,pitch_jump,1.0,0.02063189309342841,15.154657617280513,178.23333333333332
5347,2,8,pitch_jump,1.0,0.036054433875089546,12.427832058923274,178.23333333333332
5350,2,10,pitch_jump,1.0,0.05532666855332652,15.112643386264722,178.33333333333334
5351,2,2,pitch_jump,1.0,0.02996936111651715,12.016099854363834,178.36666666666667
5351,2,11,pitch_jump,1.0,0.04261188764916772,18.17097848048478,178.36666666666667
5353,2,2,pitch_jump,1.0,0.03430599332773618,14.562808747298206,178.43333333333334
5353,2,3,pitch_jump,1.0,0.017665802240495455,13.578007675603425,178.43333333333334
5353,2,10,pitch_jump,1.0,0.00903695209042641,13.032101433403016,178.43333333333334
5353,2,11,pitch_jump,1.0,0.05039649679411448,14.655723037234022,178.43333333333334
5354,2,2,pitch_jump,1.0,0.05731939432300849,19.731870840806945,178.46666666666667
5355,2,2,pitch_jump,1.0,0.009041382375523844,12.014684017382654,178.5
5357,2,3,pitch_jump,1.0,0.014179380844088294,12.091383876436005,178.56666666666666
5357,2,11,pitch_jump,1.0,0.06359840936498005,16.805285552487884,178.56666666666666
5357,2,20,pitch_jump,1.0,0.006530141276281539,18.340083080741085,178.56666666666666
5359,2,2,pitch_jump,1.0,0.04573106085306076,15.046685283748332,178.63333333333333
5359,2,11,pitch_jump,1.0,0.06780198201225596,27.11108132735013,178.63333333333333
5360,2,2,pitch_jump,1.0,0.02550928365869524,16.77457462857771,178.66666666666666
5360,2,3,pitch_jump,1.0,0.018445865652777584,24.93524398781104,178.66666666666666
5360,2,8,pitch_jump,1.0,0.04385772008288717,26.90933024074113,178.66666666666666
5360,2,10,pitch_jump,1.0,0.01184055194480699,13.85376984024589,178.66666666666666
5360,2,11,pitch_jump,1.0,0.09628130495017688,34.01326053579632,178.66666666666666
5360,2,20,pitch_jump,1.0,0.017694012647706748,33.9988231821667,178.66666666666666
5361,2,11,pitch_jump,1.0,0.07203766311480111,17.026462589824828,178.7
5361,2,13,pitch_jump,1.0,0.02042408395111882,12.078646085609474,178.7
5362,2,2,pitch_jump,1.0,0.02158608674408811,29.222324945425083,178.73333333333332
5362,2,3,pitch_jump,1.0,0.024720332598900305,43.74803490185256,178.73333333333332
5362,2,8,pitch_jump,1.0,0.01572266653077657,40.57667996860605,178.73333333333332
5362,2,10,pitch_jump,1.0,0.025322381766453125,28.55132431196465,178.73333333333332
5362,2,11,pitch_jump,1.0,0.07926080579340322,53.62158629258523,178.73333333333332
5362,2,13,pitch_jump,1.0,0.0387614239492835,15.196716829658714,178.73333333333332
5362,2,19,pitch_jump,1.0,0.03219937495432891,25.375766151869783,178.73333333333332
5362,2,20,pitch_jump,1.0,0.015780287382351224,51.934460741212526,178.73333333333332
5365,2,2,pitch_jump,1.0,0.017988070273842915,15.059885951294596,178.83333333333334
5365,2,8,pitch_jump,1.0,0.003235985229174672,13.434542078109281,178.83333333333334
5365,2,10,pitch_jump,1.0,0.02521761050342211,13.861499391002724,178.83333333333334
5365,2,20,pitch_jump,1.0,0.03854837959294172,20.253651406843286,178.83333333333334
5367,2,2,pitch_jump,1.0,0.017258817923005307,14.475395259099303,178.9
5367,2,10,pitch_jump,1.0,0.010709616946914018,12.776499382582507,178.9
5367,2,11,pitch_jump,1.0,0.0527055594998143,24.314874280722805,178.9
5367,2,13,pitch_jump,1.0,0.03025188251616639,16.228411140472826,178.9
5367,2,19,pitch_jump,1.0,0.01961094641105358,12.078453107475728,178.9
5367,2,20,pitch_jump,1.0,0.012063645681526989,13.806828921792318,178.9
5368,2,3,pitch_jump,1.0,0.03741918296363036,18.786538762640546,178.93333333333334
5368,2,8,pitch_jump,1.0,0.014476102783923753,12.663823362159995,178.93333333333334
5368,2,10,pitch_jump,1.0,0.026502101391619515,14.153308020436171,178.93333333333334
5368,2,11,pitch_jump,1.0,0.10461945821291498,12.58471311016015,178.93333333333334
5368,2,19,pitch_jump,1.0,0.04423633723159638,14.341275755900615,178.93333333333334
5368,2,20,pitch_jump,1.0,0.03311539309482459,20.812675570701106,178.93333333333334
5369,2,3,pitch_jump,1.0,0.04221353532085819,33.72660891454815,178.96666666666667
5369,2,8,pitch_jump,1.0,0.02919190541171236,36.875720939644296,178.96666666666667
5369,2,11,pitch_jump,1.0,0.09598328688402256,20.04060817191665,178.96666666666667
5369,2,19,pitch_jump,1.0,0.061856171201447145,17.10999082732066,178.96666666666667
5369,2,20,pitch_jump,1.0,0.0289541761331112,73.43380623374014,178.96666666666667
5370,2,3,pitch_jump,1.0,0.02229090567795193,14.378660850202934,179.0
5370,2,8,pitch_jump,1.0,0.03417851271341751,18.35145011224351,179.0
5370,2,20,pitch_jump,1.0,0.013551085004959076,19.897195661635124,179.0
5371,2,11,pitch_jump,1.0,0.09672657840010881,17.007558658669865,179.03333333333333
5372,2,2,pitch_jump,1.0,0.054234806326136656,15.275242587031762,179.06666666666666
5372,2,3,pitch_jump,1.0,0.052694544527677904,27.309912877723022,179.06666666666666
5372,2,8,pitch_jump,1.0,0.04699129700810463,29.937464649372693,179.06666666666666
5372,2,10,pitch_jump,1.0,0.016598239172485967,17.146008394584825,179.06666666666666
5372,2,11,pitch_jump,1.0,0.10507970402078587,21.684762476422875,179.06666666666666
5372,2,20,pitch_jump,1.0,0.01903520451862389,38.196673517601624,179.06666666666666
5374,2,3,pitch_jump,1.0,0.05582670533126395,15.081543286661606,179.13333333333333
5374,2,8,pitch_jump,1.0,0.02705481838911957,15.421876927059715,179.13333333333333
5374,2,11,pitch_jump,1.0,0.12362385265002533,14.472536789497603,179.13333333333333
5374,2,20,pitch_jump,1.0,0.02582439477602936,20.033037105652284,179.13333333333333
5375,2,3,pitch_jump,1.0,0.057309359913611475,17.83734493918344,179.16666666666666
5375,2,8,pitch_jump,1.0,0.025228891491650182,15.748392731877047,179.16666666666666
5375,2,11,pitch_jump,1.0,0.13248237364360838,19.032197359070413,179.16666666666666
5375,2,20,pitch_jump,1.0,0.03249163304817356,27.747590314785324,179.16666666666666
5376,2,2,pitch_jump,1.0,0.03395730082531301,20.83150531141728,179.2
5376,2,3,pitch_jump,1.0,0.016709434233254966,36.734154512789445,179.2
5376,2,8,pitch_jump,1.0,0.011683814663926637,29.442672969731195,179.2
5376,2,10,pitch_jump,1.0,0.06668332907671412,19.265801521105164,179.2
5376,2,11,pitch_jump,1.0,0.07448729767916779,40.389963735409864,179.2
5376,2,13,pitch_jump,1.0,0.037468998381562924,44.14715076797039,179.2
5376,2,19,pitch_jump,1.0,0.02667184730142772,20.037736537498624,179.2
5376,2,20,pitch_jump,1.0,0.01622167534381452,39.674882428818925,179.2
5377,2,2,pitch_jump,1.0,0.09906803250594046,14.881218776045289,179.23333333333332
5377,2,3,pitch_jump,1.0,0.07299145045547932,28.102780616709165,179.23333333333332
5377,2,8,pitch_jump,1.0,0.04464506015032303,25.381221553577074,179.23333333333332
5377,2,10,pitch_jump,1.0,0.059717921559386315,16.80417206121376,179.23333333333332
5377,2,11,pitch_jump,1.0,0.16133610932004652,19.634970179271782,179.23333333333332
5377,2,19,pitch_jump,1.0,0.08962059704284371,16.225623937359696,179.23333333333332
5377,2,20,pitch_jump,1.0,0.05797522366270549,37.764022390368055,179.23333333333332
5378,2,13,pitch_jump,1.0,0.08302742579953118,13.414757452410564,179.26666666666668
5380,2,2,pitch_jump,1.0,0.16347416560893188,19.059637620852694,179.33333333333334
5380,2,3,pitch_jump,1.0,0.10613745887561749,22.74734647163723,179.33333333333334
5380,2,8,pitch_jump,1.0,0.0742418417431294,16.95054611047886,179.33333333333334
5380,2,10,pitch_jump,1.0,0.08271739655953375,17.985538178336522,179.33333333333334
5380,2,11,pitch_jump,1.0,0.16620121212664954,29.67636322239429,179.33333333333334
5380,2,13,pitch_jump,1.0,0.11023523923490049,17.39595607655636,179.33333333333334
5380,2,19,pitch_jump,1.0,0.1107476124730284,17.268996404853137,179.33333333333334
5380,2,20,pitch_jump,1.0,0.07289172250536048,20.455716186467516,179.33333333333334
5381,2,2,pitch_jump,1.0,0.182615659057013,23.30887194448768,179.36666666666667
5381,2,3,pitch_jump,1.0,0.11237245418964165,29.562906361926263,179.36666666666667
5381,2,8,pitch_jump,1.0,0.042309274121471174,32.65535505123464,179.36666666666667
5381,2,10,pitch_jump,1.0,0.0918459992709822,28.78394225510376,179.36666666666667
5381,2,11,pitch_jump,1.0,0.19298506016278474,25.47251689973975,179.36666666666667
5381,2,13,pitch_jump,1.0,0.1243157689371196,15.811230813457435,179.36666666666667
5381,2,19,pitch_jump,1.0,0.10342274337420856,18.60447935202744,179.36666666666667
5381,2,20,pitch_jump,1.0,0.07914332262014713,30.701640933795353,179.36666666666667
5382,2,3,pitch_jump,1.0,0.051875832599994315,16.491707614583124,179.4
5382,2,11,pitch_jump,1.0,0.0967584900543763,16.73880260781735,179.4
5382,2,13,pitch_jump,1.0,0.06448413211928596,16.283983001207464,179.4
5382,2,20,pitch_jump,1.0,0.03088780492406965,17.449671129622654,179.4
5383,2,2,pitch_jump,1.0,0.1949593583864339,13.167036465895258,179.43333333333334
5383,2,3,pitch_jump,1.0,0.11765523127570851,13.955142929941081,179.43333333333334
5383,2,8,pitch_jump,1.0,0.05112047702645161,18.701699991794058,179.43333333333334
5383,2,10,pitch_jump,1.0,0.08738054780956547,14.157496522186118,179.43333333333334
5383,2,11,pitch_jump,1.0,0.18900171573649713,13.494007912288392,179.43333333333334
5384,2,2,pitch_jump,1.0,0.20643307344091066,16.023533274119306,179.46666666666667
5384,2,3,pitch_jump,1.0,0.10839665634643975,28.688216191963377,179.46666666666667
5384,2,8,pitch_jump,1.0,0.03993651563300053,25.065198985342377,179.46666666666667
5384,2,10,pitch_jump,1.0,0.12175008582840229,17.965718239628387,179.46666666666667
5384,2,11,pitch_jump,1.0,0.21146252326827417,26.731505217662225,179.46666666666667
5384,2,13,pitch_jump,1.0,0.11696721156930484,12.469261278196313,179.46666666666667
5384,2,19,pitch_jump,1.0,0.125755948018583,19.987142410935423,179.46666666666667
5384,2,20,pitch_jump,1.0,0.10250412315412043,38.78633533776728,179.46666666666667
5385,2,2,pitch_jump,1.0,0.11433412919289088,15.900623676811787,179.5
5385,2,3,pitch_jump,1.0,0.04314164229252266,38.044442900523286,179.5
5385,2,8,pitch_jump,1.0,0.009459495017029628,36.30381212687548,179.5
5385,2,10,pitch_jump,1.0,0.041440133418976906,20.5247495064452,179.5
5385,2,11,pitch_jump,1.0,0.1063270841068009,30.86724403471755,179.5
5385,2,20,pitch_jump,1.0,0.044104582556030336,50.45130860192927,179.5
5386,2,2,pitch_jump,1.0,0.229956522177048,18.996794227472936,179.53333333333333
5386,2,3,pitch_jump,1.0,0.10587508209514969,57.30689609825707,179.53333333333333
5386,2,8,pitch_jump,1.0,0.09196077235142688,51.49981525565084,179.53333333333333
5386,2,10,pitch_jump,1.0,0.13097801952040994,23.170405545974905,179.53333333333333
5386,2,11,pitch_jump,1.0,0.2725629748208603,47.680429618631756,179.53333333333333
5386,2,19,pitch_jump,1.0,0.1233616257748828,25.05101791971947,179.53333333333333
5386,2,20,pitch_jump,1.0,0.0791073562971705,82.45937373596136,179.53333333333333
5387,2,2,pitch_jump,1.0,0.1950873016659828,13.71998388524402,179.56666666666666
5387,2,3,pitch_jump,1.0,0.10132749949940784,48.08416897405516,179.56666666666666
5387,2,8,pitch_jump,1.0,0.0882007797661863,43.50873767531493,179.56666666666666
5387,2,10,pitch_jump,1.0,0.12604661060835332,19.22169518433946,179.56666666666666
5387,2,11,pitch_jump,1.0,0.2164350205200274,32.05527241984141,179.56666666666666
5387,2,13,pitch_jump,1.0,0.14754910610598754,12.392839969330707,179.56666666666666
5387,2,20,pitch_jump,1.0,0.08470200127878472,73.6024572404096,179.56666666666666
5388,2,2,pitch_jump,1.0,0.10442665297570358,36.463245167989314,179.6
5388,2,3,pitch_jump,1.0,0.0493584457309689,81.73082238241017,179.6
5388,2,8,pitch_jump,1.0,0.03171125257462836,73.37128384487383,179.6
5388,2,10,pitch_jump,1.0,0.047663695218810205,24.639732911985394,179.6
5388,2,11,pitch_jump,1.0,0.11326372671727797,62.01922323695966,179.6
5388,2,13,pitch_jump,1.0,0.060091368691421454,18.280105593147333,179.6
5388,2,20,pitch_jump,1.0,0.02013274488210196,144.08331939426742,179.6
5389,2,10,pitch_jump,1.0,0.1501898117251585,14.925707567757401,179.63333333333333
5389,2,11,pitch_jump,1.0,0.22578241385254905,15.625824445550634,179.63333333333333
5390,2,8,pitch_jump,1.0,0.059644079774447925,12.88689689672667,179.66666666666666
5390,2,13,pitch_jump,1.0,0.15417937411907223,18.571510660245863,179.66666666666666
5390,2,20,pitch_jump,1.0,0.03922780191601387,19.33604760322434,179.66666666666666
5390,2,22,pitch_jump,1.0,0.15946124233618994,16.02910756352377,179.66666666666666
5391,2,4,pitch_jump,1.0,0.09730731915708919,13.984546739051153,179.7
5391,2,13,pitch_jump,1.0,0.07486440114413205,16.898940619863634,179.7
5391,2,22,pitch_jump,1.0,0.06102215605727324,19.199998727207962,179.7
5392,2,2,pitch_jump,1.0,0.19172911868027692,20.208035720542675,179.73333333333332
5392,2,3,pitch_jump,1.0,0.11754627570360228,23.788627297164805,179.73333333333332
5392,2,4,pitch_jump,1.0,0.19269354993990653,30.49937502351882,179.73333333333332
5392,2,8,pitch_jump,1.0,0.06352627856535639,19.17901966434842,179.73333333333332
5392,2,10,pitch_jump,1.0,0.13006572517078488,15.30260157432944,179.73333333333332
5392,2,11,pitch_jump,1.0,0.2585530646378713,22.73143739337589,179.73333333333332
5392,2,19,pitch_jump,1.0,0.11208048858620899,15.39518631792717,179.73333333333332
5392,2,20,pitch_jump,1.0,0.08743626777951546,22.616892659375473,179.73333333333332
5392,2,22,pitch_jump,1.0,0.14664482399127554,28.07606245292239,179.73333333333332
5393,2,4,pitch_jump,1.0,0.18414933289441174,12.000461797825091,179.76666666666668
5393,2,10,pitch_jump,1.0,0.11805885296157835,14.450106415410378,179.76666666666668
5393,2,13,pitch_jump,1.0,0.1367992547088295,27.191387821822026,179.76666666666668
5393,2,19,pitch_jump,1.0,0.12120557112590906,14.730614325411755,179.76666666666668
5393,2,22,pitch_jump,1.0,0.14243385054939983,16.038136146280767,179.76666666666668
5394,2,22,pitch_jump,1.0,0.060828016822689804,23.41925788825731,179.8
5395,2,2,pitch_jump,1.0,0.19373478968647068,13.735706470188179,179.83333333333334
5395,2,4,pitch_jump,1.0,0.1906787271526669,16.569758660517973,179.83333333333334
5395,2,8,pitch_jump,1.0,0.041208810479276256,13.382300344043546,179.83333333333334
5395,2,13,pitch_jump,1.0,0.07395521617287303,20.39365269616986,179.83333333333334
5395,2,20,pitch_jump,1.0,0.06357011620886424,12.506250318487185,179.83333333333334
5395,2,22,pitch_jump,1.0,0.14987992155418617,21.01975278172267,179.83333333333334
5396,2,2,pitch_jump,1.0,0.17042735920171248,13.709006956880511,179.86666666666667
5396,2,11,pitch_jump,1.0,0.2264160980058356,17.46724827056139,179.86666666666667
5396,2,19,pitch_jump,1.0,0.11801200005949002,12.443532659341665,179.86666666666667
5397,2,2,pitch_jump,1.0,0.09041802935791096,25.894408817381624,179.9
5397,2,3,pitch_jump,1.0,0.044788307037684036,12.710249384687089,179.9
5397,2,8,pitch_jump,1.0,0.007183426118016754,14.262573199915957,179.9
5397,2,10,pitch_jump,1.0,0.06304962175276838,19.901106311442188,179.9
5397,2,11,pitch_jump,1.0,0.12085844789592616,16.464558737843568,179.9
5397,2,19,pitch_jump,1.0,0.0520654160814738,18.612107371793453,179.9
5397,2,20,pitch_jump,1.0,0.0179882075881687,12.497096700268605,179.9
5399,2,4,pitch_jump,1.0,0.1352453110225159,20.808308265350373,179.96666666666667
5399,2,22,pitch_jump,1.0,0.12071527884858613,15.3926434800351,179.96666666666667
5400,2,2,pitch_jump,1.0,0.1227432261850607,19.55738204785368,180.0
5400,2,3,pitch_jump,1.0,0.06253353138441149,12.823962449258609,180.0
5400,2,4,pitch_jump,1.0,0.065065752910376,12.786386043657595,180.0
5400,2,11,pitch_jump,1.0,0.13548623304124335,15.14022513974689,180.0
5400,2,22,pitch_jump,1.0,0.053823710443936204,17.484670237280604,180.0
5401,2,3,pitch_jump,1.0,0.24928551656406586,53.47472794115472,180.03333333333333
5401,2,4,pitch_jump,1.0,0.12904678134956818,18.918941005493046,180.03333333333333
5401,2,8,pitch_jump,1.0,0.054747496269859676,16.052047049194446,180.03333333333333
5401,2,11,pitch_jump,1.0,0.21948052115576575,15.18813651852669,180.03333333333333
5401,2,19,pitch_jump,1.0,0.10678335661950263,15.527536223748106,180.03333333333333
5401,2,20,pitch_jump,1.0,0.05326314923035618,12.191868302237886,180.03333333333333
5401,2,22,pitch_jump,1.0,0.12013730430111907,27.11645066001837,180.03333333333333
5402,2,2,pitch_jump,1.0,0.2173636530423756,24.432465601200445,180.06666666666666
5402,2,3,pitch_jump,1.0,0.19711916949072522,30.131138451677757,180.06666666666666
5402,2,4,pitch_jump,1.0,0.13907162363547018,14.1286084487913,180.06666666666666
5402,2,19,pitch_jump,1.0,0.09172628102576369,12.069919553934454,180.06666666666666
5402,2,20,pitch_jump,1.0,0.03219317742400655,15.375404366258147,180.06666666666666
5402,2,22,pitch_jump,1.0,0.12879223657930114,22.139110856876208,180.06666666666666
5403,2,3,pitch_jump,1.0,0.22070252272074273,48.96204413971643,180.1
5404,2,2,pitch_jump,1.0,0.1795803308694884,40.541941329497796,180.13333333333333
5404,2,3,pitch_jump,1.0,0.13985614943350155,24.158801491206276,180.13333333333333
5404,2,4,pitch_jump,1.0,0.14108890376743827,16.276133145532008,180.13333333333333
5404,2,8,pitch_jump,1.0,0.06616134468486384,15.149141783000161,180.13333333333333
5404,2,10,pitch_jump,1.0,0.14454236959019298,19.772725630432767,180.13333333333333
5404,2,11,pitch_jump,1.0,0.22945492125893052,22.63386235914679,180.13333333333333
5404,2,19,pitch_jump,1.0,0.07286658108706806,13.995913290148131,180.13333333333333
5404,2,20,pitch_jump,1.0,0.007181176751542408,12.920461696843295,180.13333333333333
5404,2,22,pitch_jump,1.0,0.12522426107558104,17.052057683231684,180.13333333333333
5405,2,2,pitch_jump,1.0,0.15716312750889205,34.79523661402969,180.16666666666666
5405,2,3,pitch_jump,1.0,0.09544191700515489,15.63689606567221,180.16666666666666
5405,2,8,pitch_jump,1.0,0.037611166351363995,21.613997884466396,180.16666666666666
5405,2,10,pitch_jump,1.0,0.13649638326149957,14.348381616570196,180.16666666666666
5405,2,19,pitch_jump,1.0,0.07481533760895402,18.2968102536249,180.16666666666666
5405,2,22,pitch_jump,1.0,0.112007466080718,17.13811112379554,180.16666666666666
5407,2,11,pitch_jump,1.0,0.19733836781394226,14.350598675857503,180.23333333333332
5407,2,19,pitch_jump,1.0,0.0696652017684599,12.184235349482483,180.23333333333332
5409,2,22,pitch_jump,1.0,0.017857980868650685,14.334536390724551,180.3
5410,2,4,pitch_jump,1.0,0.09216573694821253,20.29087751635114,180.33333333333334
5410,2,10,pitch_jump,1.0,0.1203526727593176,12.692163268360494,180.33333333333334
5410,2,19,pitch_jump,1.0,0.06815382024998744,16.780195838967696,180.33333333333334
5410,2,20,pitch_jump,1.0,0.002849501782808899,19.87300655475997,180.33333333333334
5410,2,22,pitch_jump,1.0,0.044763358425313614,38.63231929240512,180.33333333333334
5411,2,8,pitch_jump,1.0,0.03608466406125703,15.656696843948861,180.36666666666667
5412,2,2,pitch_jump,1.0,0.04991791632213029,12.270130756673609,180.4
5412,2,4,pitch_jump,1.0,0.03738561005628788,16.785330808520634,180.4
5412,2,10,pitch_jump,1.0,0.06540920992643076,14.69285355761766,180.4
5412,2,11,pitch_jump,1.0,0.09207401260151839,15.663200513034294,180.4
5412,2,19,pitch_jump,1.0,0.019641743744328474,13.315293169486326,180.4
5412,2,22,pitch_jump,1.0,0.012449960781275774,40.809254270453216,180.4
5413,2,4,pitch_jump,1.0,0.057489372811118454,22.52531611118414,180.43333333333334
5413,2,22,pitch_jump,1.0,0.03150723872132884,29.499924018540263,180.43333333333334
5415,2,4,pitch_jump,1.0,0.045593493454841136,16.903661746676445,180.5
5415,2,22,pitch_jump,1.0,0.027696946772884576,14.651534426637996,180.5
5416,2,4,pitch_jump,1.0,0.07249162588388552,12.279347117912662,180.53333333333333
5417,2,4,pitch_jump,1.0,0.0870321448028881,16.96120843897152,180.56666666666666
5417,2,8,pitch_jump,1.0,0.028296182608469316,12.8317334660506,180.56666666666666
5417,2,20,pitch_jump,1.0,0.015055596277286391,13.185546062516359,180.56666666666666
5417,2,22,pitch_jump,1.0,0.03955550757739363,21.620097992777936,180.56666666666666
5418,2,11,pitch_jump,1.0,0.08268998361743235,16.599897733433124,180.6
5419,2,20,pitch_jump,1.0,0.018832730579993594,13.06074163155625,180.63333333333333
5421,2,22,pitch_jump,1.0,0.03515841809413735,16.662525375108828,180.7
5422,2,2,pitch_jump,1.0,0.12032897860027467,13.79709528044618,180.73333333333332
5422,2,3,pitch_jump,1.0,0.03943601280627489,12.868144455850137,180.73333333333332
5422,2,4,pitch_jump,1.0,0.049268760884503604,16.29692815291477,180.73333333333332
5422,2,10,pitch_jump,1.0,0.071766683082694,12.102988252081468,180.73333333333332
5422,2,11,pitch_jump,1.0,0.12508800280507776,14.874115802327083,180.73333333333332
5422,2,20,pitch_jump,1.0,0.029999221892398596,12.698047366649657,180.73333333333332
5423,2,2,pitch_jump,1.0,0.048107867595067515,12.957528754738219,180.76666666666668
5423,2,8,pitch_jump,1.0,0.04371688892887854,17.986800303131584,180.76666666666668
5423,2,10,pitch_jump,1.0,0.08379063102410697,12.068904391253907,180.76666666666668
5423,2,11,pitch_jump,1.0,0.15745786136492299,15.078983840601442,180.76666666666668
5423,2,22,pitch_jump,1.0,0.06420119604194635,15.901526831201698,180.76666666666668
5424,2,22,pitch_jump,1.0,0.02771925025116168,12.665341230992984,180.8
5426,2,4,pitch_jump,1.0,0.06893702499419321,12.706191512187615,180.86666666666667
5427,2,4,pitch_jump,1.0,0.05311990045192077,14.220252886318063,180.9
5430,2,20,pitch_jump,1.0,0.03345071175117646,12.122124426636516,181.0
5431,2,2,pitch_jump,1.0,0.070244950651034,14.126773528797157,181.03333333333333
5431,2,8,pitch_jump,1.0,0.04486620829496095,17.826791421291574,181.03333333333333
5431,2,10,pitch_jump,1.0,0.0726792015730368,13.071746727986403,181.03333333333333
5431,2,11,pitch_jump,1.0,0.09529721909140802,12.428773818514516,181.03333333333333
5431,2,22,pitch_jump,1.0,0.03937662167624192,17.979214127382473,181.03333333333333
5432,2,8,pitch_jump,1.0,0.04536812043656372,13.153097744598753,181.06666666666666
5433,2,2,pitch_jump,1.0,0.03157375344774762,16.551122283631674,181.1
5434,2,2,pitch_jump,1.0,0.07882869453340557,14.192271205946506,181.13333333333333
5434,2,4,pitch_jump,1.0,0.07956449529676458,22.04029174805874,181.13333333333333
5434,2,22,pitch_jump,1.0,0.057969475436628726,13.853896335409654,181.13333333333333
5435,2,8,pitch_jump,1.0,0.05951548887978772,12.114579291177645,181.16666666666666
5435,2,19,pitch_jump,1.0,0.038968544811405416,21.446977244315036,181.16666666666666
5435,2,22,pitch_jump,1.0,0.07184848874719106,15.733719801326803,181.16666666666666
5438,2,2,pitch_jump,1.0,0.09989072413761461,14.770112904983012,181.26666666666668
5438,2,10,pitch_jump,1.0,0.07355621173791917,13.969793147622084,181.26666666666668
5438,2,19,pitch_jump,1.0,0.03568919401947775,25.730131414346946,181.26666666666668
5439,2,3,pitch_jump,1.0,0.0181401532331486,13.858075632235273,181.3
5439,2,4,pitch_jump,1.0,0.00877818223034874,17.559636764693394,181.3
5439,2,8,pitch_jump,1.0,0.02008233607005216,13.344597700047483,181.3
5439,2,20,pitch_jump,1.0,0.01177876838468915,12.600257688893056,181.3
5439,2,22,pitch_jump,1.0,0.022860436288099147,19.476850237080864,181.3
5440,2,2,pitch_jump,1.0,0.10710288180138361,23.566516763047684,181.33333333333334
5440,2,3,pitch_jump,1.0,0.03921367588927414,12.98810040756184,181.33333333333334
5440,2,4,pitch_jump,1.0,0.04190351324935816,15.354035225866458,181.33333333333334
5440,2,10,pitch_jump,1.0,0.06825468218738424,18.397174852913793,181.33333333333334
5440,2,11,pitch_jump,1.0,0.09998463894404684,18.807770203716135,181.33333333333334
5440,2,19,pitch_jump,1.0,0.035957074182574544,23.060258212107897,181.33333333333334
5440,2,22,pitch_jump,1.0,0.06389154549435543,14.011392906300246,181.33333333333334
5441,2,4,pitch_jump,1.0,0.04491322029940485,22.36235080181991,181.36666666666667
5441,2,8,pitch_jump,1.0,0.04589229505715342,21.03417132468447,181.36666666666667
5441,2,11,pitch_jump,1.0,0.08819307640114823,15.032164933563987,181.36666666666667
5441,2,19,pitch_jump,1.0,0.0385636076929454,21.428172754273728,181.36666666666667
5441,2,22,pitch_jump,1.0,0.06509093652876202,17.12284935499004,181.36666666666667
5442,2,22,pitch_jump,1.0,0.048969678281936574,12.263746408795567,181.4
5443,2,2,pitch_jump,1.0,0.10284831104303171,17.47733559337782,181.43333333333334
5443,2,3,pitch_jump,1.0,0.0467552261811866,14.700511670634882,181.43333333333334
5443,2,4,pitch_jump,1.0,0.05510094630984176,28.076675553269105,181.43333333333334
5443,2,8,pitch_jump,1.0,0.07643979474055007,15.607240785291216,181.43333333333334
5443,2,10,pitch_jump,1.0,0.08023331864446703,15.502903673102713,181.43333333333334
5443,2,11,pitch_jump,1.0,0.09734763556871068,17.970714687596182,181.43333333333334
5443,2,22,pitch_jump,1.0,0.07702894626707814,34.42170289650318,181.43333333333334
5445,2,4,pitch_jump,1.0,0.0317452205678653,17.24023186264979,181.5
5445,2,8,pitch_jump,1.0,0.052508919796104406,12.603337981010933,181.5
5445,2,16,pitch_jump,1.0,0.022816369895998882,26.038112772479728,181.5
5445,2,22,pitch_jump,1.0,0.016928510811118784,25.008353082868148,181.5
5446,2,22,pitch_jump,1.0,0.05343681363771674,13.80225799455443,181.53333333333333
5447,2,2,pitch_jump,1.0,0.09759179909217833,12.389285617945285,181.56666666666666
5447,2,3,pitch_jump,1.0,0.08281177004254707,34.182362797242824,181.56666666666666
5447,2,4,pitch_jump,1.0,0.026488824986176926,86.08997278415086,181.56666666666666
5447,2,10,pitch_jump,1.0,0.08172575516958797,22.248856651432128,181.56666666666666
5447,2,11,pitch_jump,1.0,0.09786993077041471,16.41587750694361,181.56666666666666
5447,2,16,pitch_jump,1.0,0.06661419858350141,27.576517796765902,181.56666666666666
5447,2,19,pitch_jump,1.0,0.05415637102054209,171.84214849217446,181.56666666666666
5447,2,20,pitch_jump,1.0,0.02210540563172068,12.020199535562533,181.56666666666666
5447,2,22,pitch_jump,1.0,0.05942085157078548,132.7131943507703,181.56666666666666
5448,2,4,pitch_jump,1.0,0.027548422981065933,18.95561981115824,181.6
5448,2,16,pitch_jump,1.0,0.02959639165739846,20.03014961663039,181.6
5448,2,19,pitch_jump,1.0,0.011113564696575746,19.768324276361948,181.6
5448,2,22,pitch_jump,1.0,0.012611840572331189,38.70433025093595,181.6
5449,2,2,pitch_jump,1.0,0.10204045704546444,12.464045606503438,181.63333333333333
5449,2,3,pitch_jump,1.0,0.10237984646169426,15.272866402019808,181.63333333333333
5449,2,4,pitch_jump,1.0,0.061043495540453664,86.95206340341225,181.63333333333333
5449,2,8,pitch_jump,1.0,0.02837982123035778,27.02929778606183,181.63333333333333
5449,2,10,pitch_jump,1.0,0.10001700688913757,41.32511956072992,181.63333333333333
5449,2,16,pitch_jump,1.0,0.14432181609898442,30.02989184858977,181.63333333333333
5449,2,19,pitch_jump,1.0,0.06489952322352245,221.33399742260605,181.63333333333333
5449,2,20,pitch_jump,1.0,0.01787599864583917,34.54109745495448,181.63333333333333
5449,2,22,pitch_jump,1.0,0.08324858751648424,157.07765815441795,181.63333333333333
5450,2,2,pitch_jump,1.0,0.08868213233714362,12.619061131347271,181.66666666666666
5450,2,3,pitch_jump,1.0,0.11627526495331479,21.12402474794573,181.66666666666666
5450,2,4,pitch_jump,1.0,0.08231600895831466,96.732013138038,181.66666666666666
5450,2,8,pitch_jump,1.0,0.031635199438087916,12.085963989800865,181.66666666666666
5450,2,10,pitch_jump,1.0,0.09780710490914152,33.293114581891416,181.66666666666666
5450,2,16,pitch_jump,1.0,0.14469186298979997,35.330557784391,181.66666666666666
5450,2,19,pitch_jump,1.0,0.09052523015708683,198.69201794079348,181.66666666666666
5450,2,20,pitch_jump,1.0,0.00834757843838615,20.66764449239213,181.66666666666666
5450,2,22,pitch_jump,1.0,0.10077424803812247,151.4651739474551,181.66666666666666
5451,2,4,pitch_jump,1.0,0.03714144067683444,17.638951882910902,181.7
5451,2,16,pitch_jump,1.0,0.06430350606596091,19.034881813714787,181.7
5451,2,22,pitch_jump,1.0,0.045575717976413646,22.458583488439455,181.7
5452,2,2,pitch_jump,1.0,0.09301603532889784,27.01586946980238,181.73333333333332
5452,2,3,pitch_jump,1.0,0.12004330010760633,22.31504348390641,181.73333333333332
5452,2,4,pitch_jump,1.0,0.07895664231282085,25.3083359354544,181.73333333333332
5452,2,8,pitch_jump,1.0,0.019131370707179688,21.001786265015912,181.73333333333332
5452,2,10,pitch_jump,1.0,0.11500671817643567,19.700907695652052,181.73333333333332
5452,2,11,pitch_jump,1.0,0.127603750896229,25.628936220839655,181.73333333333332
5452,2,16,pitch_jump,1.0,0.1549603162746448,34.26457267923018,181.73333333333332
5452,2,19,pitch_jump,1.0,0.04289750094185989,16.8464200432854,181.73333333333332
5452,2,20,pitch_jump,1.0,0.007573017366559337,17.549024154357898,181.73333333333332
5452,2,22,pitch_jump,1.0,0.12307963882691009,32.80416232984867,181.73333333333332
5453,2,2,pitch_jump,1.0,0.08627304884761057,13.13204784034826,181.76666666666668
5453,2,10,pitch_jump,1.0,0.1270638543481509,17.856636309709252,181.76666666666668
5453,2,11,pitch_jump,1.0,0.15305540017786098,17.523034203455325,181.76666666666668
5453,2,19,pitch_jump,1.0,0.07464900365012395,25.50878185688766,181.76666666666668
5453,2,22,pitch_jump,1.0,0.13301333613261226,20.42728508569081,181.76666666666668
5454,2,2,pitch_jump,1.0,0.0580653642630116,13.124954833361702,181.8
5454,2,3,pitch_jump,1.0,0.042280965575156905,12.71172261688472,181.8
5454,2,8,pitch_jump,1.0,0.01923769075912604,12.972040542216183,181.8
5454,2,10,pitch_jump,1.0,0.05274501012884848,16.90498372075889,181.8
5454,2,20,pitch_jump,1.0,0.004317789590919028,13.187186933842108,181.8
5455,2,2,pitch_jump,1.0,0.14801869801343215,49.23445930461633,181.83333333333334
5455,2,3,pitch_jump,1.0,0.12243003644803378,19.695252351725763,181.83333333333334
5455,2,4,pitch_jump,1.0,0.06860548168896775,264.96570524172574,181.83333333333334
5455,2,8,pitch_jump,1.0,0.03617101874344826,76.66458983577871,181.83333333333334
5455,2,10,pitch_jump,1.0,0.14069862078288803,154.74621616403462,181.83333333333334
5455,2,11,pitch_jump,1.0,0.16469612995596838,49.66814492570996,181.83333333333334
5455,2,16,pitch_jump,1.0,0.17044330116720244,274.62095809603176,181.83333333333334
5455,2,19,pitch_jump,1.0,0.2038514598202301,2628.003691219799,181.83333333333334
5455,2,20,pitch_jump,1.0,0.06391629340331718,45.92372856945402,181.83333333333334
5455,2,22,pitch_jump,1.0,0.1298476688403401,472.43757502007634,181.83333333333334
5456,2,4,pitch_jump,1.0,0.11534435149970475,14.514700667472043,181.86666666666667
5456,2,8,pitch_jump,1.0,0.02977017758020019,21.253498945534822,181.86666666666667
5456,2,10,pitch_jump,1.0,0.14170966770190146,33.19946291253724,181.86666666666667
5456,2,16,pitch_jump,1.0,0.17446470255392202,16.645365583009657,181.86666666666667
5456,2,20,pitch_jump,1.0,0.06428476644954914,22.202528051181012,181.86666666666667
5456,2,22,pitch_jump,1.0,0.147886191337633,22.60964598808008,181.86666666666667
5457,2,4,pitch_jump,1.0,0.03806800007382021,23.232269091225227,181.9
5457,2,10,pitch_jump,1.0,0.0958991436549955,40.61175869531973,181.9
5457,2,11,pitch_jump,1.0,0.0967774706306352,19.962411146393173,181.9
5457,2,16,pitch_jump,1.0,0.09098468245759432,32.57294596406729,181.9
5457,2,22,pitch_jump,1.0,0.07838514267507982,28.89978528455521,181.9
5458,2,4,pitch_jump,1.0,0.12729569639658705,15.084153970221617,181.93333333333334
5458,2,8,pitch_jump,1.0,0.09176399213173043,18.53618437903201,181.93333333333334
5458,2,10,pitch_jump,1.0,0.1672481258730695,15.409990833859622,181.93333333333334
5458,2,16,pitch_jump,1.0,0.2167695227194988,12.050890492350629,181.93333333333334
5458,2,20,pitch_jump,1.0,0.07149423775029388,13.793999610823716,181.93333333333334
5458,2,22,pitch_jump,1.0,0.16848223943939625,17.617448910484434,181.93333333333334
5459,2,3,pitch_jump,1.0,0.18556514969725954,13.671160147348898,181.96666666666667
5459,2,4,pitch_jump,1.0,0.11985388216705695,30.03152577177329,181.96666666666667
5459,2,8,pitch_jump,1.0,0.08557541681792882,35.218548039066285,181.96666666666667
5459,2,10,pitch_jump,1.0,0.183514257934109,43.91609391540511,181.96666666666667
5459,2,16,pitch_jump,1.0,0.2426213793227516,33.094417851351196,181.96666666666667
5459,2,20,pitch_jump,1.0,0.06084705039064543,32.18823506511292,181.96666666666667
5459,2,22,pitch_jump,1.0,0.19594964404570905,39.79710344370324,181.96666666666667
5460,2,2,pitch_jump,1.0,0.08572324139328527,14.898697300202526,182.0
5460,2,4,pitch_jump,1.0,0.04836686964357391,34.79341358158707,182.0
5460,2,16,pitch_jump,1.0,0.11940075533854458,25.019735579994126,182.0
5460,2,22,pitch_jump,1.0,0.09950353023118227,37.914670583895855,182.0
5461,2,4,pitch_jump,1.0,0.08370979203269617,40.555752355469394,182.03333333333333
5461,2,8,pitch_jump,1.0,0.08008955560879114,13.025801677524251,182.03333333333333
5461,2,10,pitch_jump,1.0,0.19445298256114135,30.839908735490663,182.03333333333333
5461,2,16,pitch_jump,1.0,0.24999631786249168,42.25511908435443,182.03333333333333
5461,2,22,pitch_jump,1.0,0.24064015433122676,65.57286502725069,182.03333333333333
5462,2,3,pitch_jump,1.0,0.19169954543972711,17.57218736341754,182.06666666666666
5462,2,4,pitch_jump,1.0,0.10251066544974,72.94840689495531,182.06666666666666
5462,2,8,pitch_jump,1.0,0.06570095814931706,13.722599460800291,182.06666666666666
5462,2,10,pitch_jump,1.0,0.21042887508269031,53.57083447638077,182.06666666666666
5462,2,11,pitch_jump,1.0,0.21770365346908027,14.175633774319019,182.06666666666666
5462,2,16,pitch_jump,1.0,0.2806608599158343,85.69062876352535,182.06666666666666
5462,2,20,pitch_jump,1.0,0.11771699168298587,19.077559607935942,182.06666666666666
5462,2,22,pitch_jump,1.0,0.23898058576972062,108.68730880383288,182.06666666666666
5463,2,4,pitch_jump,1.0,0.04566331443401856,20.62277813123342,182.1
5463,2,8,pitch_jump,1.0,0.06833333589457533,21.00756901149861,182.1
5463,2,10,pitch_jump,1.0,0.09648556242812656,12.942390806154924,182.1
5463,2,16,pitch_jump,1.0,0.1446813402827529,32.86826089833186,182.1
5463,2,22,pitch_jump,1.0,0.11153233479286365,39.35102214062808,182.1
5464,2,3,pitch_jump,1.0,0.18011395357568522,14.321850797190349,182.13333333333333
5464,2,4,pitch_jump,1.0,0.20039181672859305,90.53581912600455,182.13333333333333
5464,2,10,pitch_jump,1.0,0.1889034134536421,46.46171431841214,182.13333333333333
5464,2,11,pitch_jump,1.0,0.22073782087515367,15.133873646289247,182.13333333333333
5464,2,16,pitch_jump,1.0,0.2928798147950585,81.34989820649021,182.13333333333333
5464,2,17,pitch_jump,1.0,0.18404632635973475,398.9430875579785,182.13333333333333
5464,2,19,pitch_jump,1.0,0.15611694622286626,395.7406381770253,182.13333333333333
5464,2,20,pitch_jump,1.0,0.13153739268971484,25.289343958288043,182.13333333333333
5464,2,22,pitch_jump,1.0,0.24875194911354717,129.71019693732973,182.13333333333333
5465,2,2,pitch_jump,1.0,0.18270413881818764,18.354777716447174,182.16666666666666
5465,2,3,pitch_jump,1.0,0.16299931091053815,43.386560129315484,182.16666666666666
5465,2,4,pitch_jump,1.0,0.22840591339440772,122.50841572716836,182.16666666666666
5465,2,8,pitch_jump,1.0,0.07980343715795417,31.126993864379504,182.16666666666666
5465,2,10,pitch_jump,1.0,0.20949537962454864,33.83551792876406,182.16666666666666
5465,2,11,pitch_jump,1.0,0.21721091918828567,24.88049085618898,182.16666666666666
5465,2,16,pitch_jump,1.0,0.26960201373659326,208.36964591742918,182.16666666666666
5465,2,17,pitch_jump,1.0,0.1887677207607705,217.05332502104935,182.16666666666666
5465,2,19,pitch_jump,1.0,0.1435816337740959,117.76192441380456,182.16666666666666
5465,2,20,pitch_jump,1.0,0.13962721202479939,47.84132022324482,182.16666666666666
5465,2,22,pitch_jump,1.0,0.235984333114244,256.8216165275182,182.16666666666666
5466,2,16,pitch_jump,1.0,0.14885695402289534,19.464521607394634,182.2
5467,2,2,pitch_jump,1.0,0.22921636814785862,28.179033772569404,182.23333333333332
5467,2,3,pitch_jump,1.0,0.1986299117420683,15.218071735021276,182.23333333333332
5467,2,8,pitch_jump,1.0,0.11041069088382756,18.24531622389487,182.23333333333332
5467,2,11,pitch_jump,1.0,0.22066893771479146,19.218243662083978,182.23333333333332
5467,2,17,pitch_jump,1.0,0.18568086488436575,16.429070843539613,182.23333333333332
5467,2,19,pitch_jump,1.0,0.148837010503157,26.008371389118626,182.23333333333332
5467,2,20,pitch_jump,1.0,0.15042198726254213,16.8205894958573,182.23333333333332
5468,2,4,pitch_jump,1.0,0.1703682393596362,21.48867053793161,182.26666666666668
5468,2,11,pitch_jump,1.0,0.22395414784695603,12.419631438041138,182.26666666666668
5468,2,17,pitch_jump,1.0,0.17624377404755687,12.101602125503158,182.26666666666668
5469,2,2,pitch_jump,1.0,0.10457449652502397,21.53835640514733,182.3
5469,2,11,pitch_jump,1.0,0.11273978296637319,21.59338611297561,182.3
5469,2,15,pitch_jump,1.0,0.08181271322258342,16.670824298104968,182.3
5469,2,17,pitch_jump,1.0,0.06757935304966853,24.529606272837967,182.3
5469,2,19,pitch_jump,1.0,0.06501032676459027,22.101584073255413,182.3
5470,2,2,pitch_jump,1.0,0.2208292468950222,20.22394576648281,182.33333333333334
5470,2,3,pitch_jump,1.0,0.19804810913169865,13.809219133581252,182.33333333333334
5470,2,4,pitch_jump,1.0,0.20176123494765308,16.517430146018974,182.33333333333334
5470,2,8,pitch_jump,1.0,0.10564417467061532,14.004419894514854,182.33333333333334
5470,2,11,pitch_jump,1.0,0.22233152662227332,17.114462022655207,182.33333333333334
5470,2,15,pitch_jump,1.0,0.19608835428530827,23.385945543665144,182.33333333333334
5470,2,17,pitch_jump,1.0,0.17402887230355685,51.79320060180355,182.33333333333334
5470,2,19,pitch_jump,1.0,0.17010185559925353,45.32563340817698,182.33333333333334
5470,2,22,pitch_jump,1.0,0.25857339224575376,12.166859450742582,182.33333333333334
5471,2,3,pitch_jump,1.0,0.18303650278138742,17.263099661168667,182.36666666666667
5471,2,4,pitch_jump,1.0,0.1635666864068174,17.762336241704137,182.36666666666667
5471,2,11,pitch_jump,1.0,0.20332106226663618,20.846390224181775,182.36666666666667
5471,2,15,pitch_jump,1.0,0.1899053481770895,20.59053317236387,182.36666666666667
5471,2,17,pitch_jump,1.0,0.16399095359307497,21.61465459644259,182.36666666666667
5471,2,19,pitch_jump,1.0,0.1460332737900769,20.447537814813817,182.36666666666667
5471,2,20,pitch_jump,1.0,0.16735250374373986,19.828855159653575,182.36666666666667
5471,2,22,pitch_jump,1.0,0.26275741077292886,20.171434612461553,182.36666666666667
5472,2,15,pitch_jump,1.0,0.09357886051200164,13.316262282726,182.4
5472,2,19,pitch_jump,1.0,0.07243342241957838,18.0984759251054,182.4
5473,2,3,pitch_jump,1.0,0.17569276268821202,24.390430917755797,182.43333333333334
5473,2,4,pitch_jump,1.0,0.21063925867092767,25.624668233305474,182.43333333333334
5473,2,8,pitch_jump,1.0,0.08385900339928079,21.752550547615265,182.43333333333334
5473,2,11,pitch_jump,1.0,0.21473960135836323,26.445322823740806,182.43333333333334
5473,2,15,pitch_jump,1.0,0.1902575239372947,25.940687694273898,182.43333333333334
5473,2,19,pitch_jump,1.0,0.14511581526106354,29.960477152773006,182.43333333333334
5473,2,20,pitch_jump,1.0,0.13549680211266082,20.289135032527096,182.43333333333334
5473,2,22,pitch_jump,1.0,0.2634751558180953,30.265059125176833,182.43333333333334
5474,2,19,pitch_jump,1.0,0.15665295436652787,12.163154808532449,182.46666666666667
5474,2,20,pitch_jump,1.0,0.14864197980680385,14.612390096269888,182.46666666666667
5476,2,3,pitch_jump,1.0,0.17300853399746643,12.077016569577301,182.53333333333333
5476,2,4,pitch_jump,1.0,0.26064936108101233,16.85215136606675,182.53333333333333
5477,2,4,pitch_jump,1.0,0.2606734221037633,15.271331611646916,182.56666666666666
5477,2,22,pitch_jump,1.0,0.20989581894899526,25.686186003073185,182.56666666666666
5478,2,2,pitch_jump,1.0,0.10417805954172576,15.980420598116297,182.6
5479,2,2,pitch_jump,1.0,0.20240344058863358,65.29414341429121,182.63333333333333
5479,2,3,pitch_jump,1.0,0.16044266097196028,34.04376979650997,182.63333333333333
5479,2,4,pitch_jump,1.0,0.7215824549559455,204.76572325360277,182.63333333333333
5479,2,10,pitch_jump,1.0,0.19606589686274223,45.621169485543255,182.63333333333333
5479,2,15,pitch_jump,1.0,0.1577572660129187,40.36497945292214,182.63333333333333
5479,2,19,pitch_jump,1.0,0.09699525182764059,18.031887233934658,182.63333333333333
5479,2,22,pitch_jump,1.0,0.23675252001916836,35.33417279351221,182.63333333333333
5480,2,2,pitch_jump,1.0,0.18514193135209264,33.85176462306584,182.66666666666666
5480,2,3,pitch_jump,1.0,0.16371803421571077,25.865870472426586,182.66666666666666
5480,2,6,pitch_jump,1.0,0.2899971935591751,76.02246589191085,182.66666666666666
5480,2,8,pitch_jump,1.0,0.09554079897113901,16.733866303990702,182.66666666666666
5480,2,10,pitch_jump,1.0,0.13782818126000973,27.587384274220124,182.66666666666666
5480,2,15,pitch_jump,1.0,0.17012914663940457,22.466927739461724,182.66666666666666
5480,2,22,pitch_jump,1.0,0.23884143274024605,24.69643634965063,182.66666666666666
5481,2,2,pitch_jump,1.0,0.2847441244044179,125.64111670351787,182.7
5481,2,4,pitch_jump,1.0,0.07893839026378088,19.516387020425498,182.7
5481,2,22,pitch_jump,1.0,0.11728010793937352,13.960963927300272,182.7
5482,2,2,pitch_jump,1.0,0.35702993574225833,94.96988252178906,182.73333333333332
5482,2,3,pitch_jump,1.0,0.17576864155873526,43.52940506366467,182.73333333333332
5482,2,4,pitch_jump,1.0,0.183319401203246,18.66196927953143,182.73333333333332
5482,2,6,pitch_jump,1.0,0.21306323203428154,30.27189222718095,182.73333333333332
5482,2,8,pitch_jump,1.0,0.08923181662680205,33.414367074610695,182.73333333333332
5482,2,10,pitch_jump,1.0,0.17553631903271105,47.409274490126194,182.73333333333332
5482,2,15,pitch_jump,1.0,0.15535785512690548,52.5124942880785,182.73333333333332
5482,2,22,pitch_jump,1.0,0.24252925955814475,33.30496918047598,182.73333333333332
5483,2,2,pitch_jump,1.0,0.14785069081293808,24.561918758866096,182.76666666666668
5483,2,3,pitch_jump,1.0,0.1430498946543479,13.40404890197629,182.76666666666668
5483,2,4,pitch_jump,1.0,0.25575034897302873,53.858327537689576,182.76666666666668
5483,2,8,pitch_jump,1.0,0.0889179670108202,12.651917323987833,182.76666666666668
5483,2,15,pitch_jump,1.0,0.14403810498848071,14.151932669072563,182.76666666666668
5483,2,22,pitch_jump,1.0,0.21021290707873586,16.041854732558736,182.76666666666668
5484,2,2,pitch_jump,1.0,0.0292747317213505,15.311583095833084,182.8
5484,2,10,pitch_jump,1.0,0.07111421540840365,17.423754780322817,182.8
5484,2,11,pitch_jump,1.0,0.07168750914872749,12.70426197770316,182.8
5484,2,14,pitch_jump,1.0,0.0867922837053307,12.693329776812169,182.8
5484,2,15,pitch_jump,1.0,0.0558467762024219,17.730359271531555,182.8
5484,2,17,pitch_jump,1.0,0.04157474893078035,14.9166515766721,182.8
5485,2,2,pitch_jump,1.0,0.15274257753824685,35.938512243270424,182.83333333333334
5485,2,6,pitch_jump,1.0,0.2269145825806187,12.845585727720708,182.83333333333334
5485,2,10,pitch_jump,1.0,0.1894610328983241,27.79174394718451,182.83333333333334
5485,2,11,pitch_jump,1.0,0.16341301636221056,29.477643003792636,182.83333333333334
5485,2,14,pitch_jump,1.0,0.1726432363048603,19.63050471916005,182.83333333333334
5485,2,15,pitch_jump,1.0,0.15386780831730335,26.68140561124791,182.83333333333334
5485,2,17,pitch_jump,1.0,0.10455707525443965,13.813291065900176,182.83333333333334
5485,2,22,pitch_jump,1.0,0.19863262464694964,16.18973596050377,182.83333333333334
5486,2,2,pitch_jump,1.0,0.16082081690736919,13.020340010676772,182.86666666666667
5486,2,10,pitch_jump,1.0,0.16279266017913496,24.138260162037618,182.86666666666667
5487,2,2,pitch_jump,1.0,0.16739667687156848,42.32295184636299,182.9
5487,2,15,pitch_jump,1.0,0.06889004242470138,16.137206873938897,182.9
5488,2,2,pitch_jump,1.0,0.16910905080873473,33.55588281526139,182.93333333333334
5488,2,3,pitch_jump,1.0,0.11872024170351929,15.221408555874817,182.93333333333334
5488,2,6,pitch_jump,1.0,0.23062473421405585,21.52554013890429,182.93333333333334
5488,2,8,pitch_jump,1.0,0.10885093729952576,23.016483187398787,182.93333333333334
5488,2,10,pitch_jump,1.0,0.15010153218258798,29.588131315690315,182.93333333333334
5488,2,11,pitch_jump,1.0,0.1690115958049713,26.498396477059355,182.93333333333334
5488,2,15,pitch_jump,1.0,0.16559615997133947,20.944051289034828,182.93333333333334
5488,2,17,pitch_jump,1.0,0.1101331201060219,14.860015440896895,182.93333333333334
5489,2,2,pitch_jump,1.0,0.14405962615141474,21.969677988373324,182.96666666666667
5489,2,3,pitch_jump,1.0,0.1212198713284677,18.587317148067935,182.96666666666667
5489,2,6,pitch_jump,1.0,0.16064868007482186,14.537691186334907,182.96666666666667
5489,2,8,pitch_jump,1.0,0.0939683924196038,17.18744017240342,182.96666666666667
5489,2,11,pitch_jump,1.0,0.14672832699855792,15.764225319864599,182.96666666666667
5489,2,14,pitch_jump,1.0,0.1194244925974371,24.780464900160894,182.96666666666667
5489,2,17,pitch_jump,1.0,0.11179269850774043,17.72968065042011,182.96666666666667
5489,2,22,pitch_jump,1.0,0.16330247048250193,17.94176330390516,182.96666666666667
5490,2,2,pitch_jump,1.0,0.08319168780964939,42.88095039374348,183.0
5490,2,6,pitch_jump,1.0,0.1353380408702777,30.086917393619906,183.0
5490,2,8,pitch_jump,1.0,0.034920282613283664,13.602894384215737,183.0
5490,2,10,pitch_jump,1.0,0.08601874643921584,23.099339161243346,183.0
5490,2,11,pitch_jump,1.0,0.05960313024344431,19.8339688774285,183.0
5490,2,14,pitch_jump,1.0,0.05909395048820301,15.564394007410286,183.0
5490,2,15,pitch_jump,1.0,0.05771830946438287,20.13306405009103,183.0
5490,2,17,pitch_jump,1.0,0.054850108558326886,18.375712780849017,183.0
5490,2,22,pitch_jump,1.0,0.08121781455784266,12.271639465008931,183.0
5491,2,2,pitch_jump,1.0,0.1270332534434923,42.06168360934782,183.03333333333333
5491,2,3,pitch_jump,1.0,0.12497141234048899,15.08484317060128,183.03333333333333
5491,2,6,pitch_jump,1.0,0.1809193744767248,37.013101788892605,183.03333333333333
5491,2,10,pitch_jump,1.0,0.14735583299221613,18.09679527301383,183.03333333333333
5491,2,11,pitch_jump,1.0,0.16672224186499535,19.011840376894995,183.03333333333333
5492,2,2,pitch_jump,1.0,0.11928181628278528,20.517976285303885,183.06666666666666
5492,2,3,pitch_jump,1.0,0.09284963431683427,18.903619956575884,183.06666666666666
5492,2,6,pitch_jump,1.0,0.3539799673880925,72.47018351291818,183.06666666666666
5492,2,8,pitch_jump,1.0,0.09173774689087098,23.50347440294033,183.06666666666666
5492,2,10,pitch_jump,1.0,0.15188613126083472,12.589192204246965,183.06666666666666
5492,2,11,pitch_jump,1.0,0.1662581625234006,17.979616181578663,183.06666666666666
5492,2,14,pitch_jump,1.0,0.09284456726998008,33.44009590500359,183.06666666666666
5492,2,15,pitch_jump,1.0,0.13786268176852665,19.250619979340176,183.06666666666666
5492,2,17,pitch_jump,1.0,0.10922226161008358,21.665717772710657,183.06666666666666
5492,2,22,pitch_jump,1.0,0.1792432599070562,16.943821459024658,183.06666666666666
5493,2,2,pitch_jump,1.0,0.04541891335867853,15.3793622826179,183.1
5493,2,3,pitch_jump,1.0,0.046008381836810275,13.973134062811395,183.1
5493,2,6,pitch_jump,1.0,0.20024007702392801,27.404638460292578,183.1
5493,2,8,pitch_jump,1.0,0.04224402250377564,13.423898097321707,183.1
5493,2,14,pitch_jump,1.0,0.036643206304680355,12.452386851911946,183.1
5493,2,17,pitch_jump,1.0,0.04697973787869203,14.06049390598202,183.1
5493,2,22,pitch_jump,1.0,0.07177241131959958,23.357249770514088,183.1
5494,2,2,pitch_jump,1.0,0.11046524692360889,15.985801781827778,183.13333333333333
5494,2,6,pitch_jump,1.0,0.3226914073715428,70.42621820286664,183.13333333333333
5494,2,8,pitch_jump,1.0,0.08851439294477927,19.119290821538822,183.13333333333333
5494,2,10,pitch_jump,1.0,0.1227500345117456,16.08585185848447,183.13333333333333
5494,2,14,pitch_jump,1.0,0.08258234213287045,12.641194476206833,183.13333333333333
5494,2,15,pitch_jump,1.0,0.11929305332065825,16.179272201656683,183.13333333333333
5494,2,22,pitch_jump,1.0,0.1543875628755118,15.478939969957898,183.13333333333333
5495,2,3,pitch_jump,1.0,0.13543792457616838,13.150039645414457,183.16666666666666
5495,2,6,pitch_jump,1.0,0.20779777681664402,23.494338086067703,183.16666666666666
5495,2,8,pitch_jump,1.0,0.07325587730856976,13.74216048786139,183.16666666666666
5495,2,10,pitch_jump,1.0,0.13318646914203483,17.65064406411928,183.16666666666666
5495,2,11,pitch_jump,1.0,0.17013959130016035,15.566971894022899,183.16666666666666
5495,2,15,pitch_jump,1.0,0.11521686395370208,22.291185515466687,183.16666666666666
5496,2,2,pitch_jump,1.0,0.05318998852571036,16.55359856022386,183.2
5496,2,3,pitch_jump,1.0,0.06680190765430158,15.83080331503142,183.2
5496,2,10,pitch_jump,1.0,0.05124476989801915,17.075434099927055,183.2
5496,2,11,pitch_jump,1.0,0.06095886254981185,23.720251138023666,183.2
5496,2,15,pitch_jump,1.0,0.05882776938236752,20.07554969183472,183.2
5497,2,14,pitch_jump,1.0,0.06993485373744554,18.21731187172843,183.23333333333332
5498,2,2,pitch_jump,1.0,0.12562303697283358,18.991979352798246,183.26666666666668
5498,2,6,pitch_jump,1.0,0.20759042790831841,16.197795865827878,183.26666666666668
5498,2,8,pitch_jump,1.0,0.07786874466852173,19.972575663675027,183.26666666666668
5498,2,10,pitch_jump,1.0,0.13742814551885518,13.781472478549947,183.26666666666668
5498,2,11,pitch_jump,1.0,0.1925207962051146,30.509229816137037,183.26666666666668
5498,2,14,pitch_jump,1.0,0.07315944165479654,16.495874490619926,183.26666666666668
5498,2,15,pitch_jump,1.0,0.13112567287231744,18.150416505336015,183.26666666666668
5498,2,17,pitch_jump,1.0,0.1672851893812006,22.804164009005795,183.26666666666668
5498,2,18,pitch_jump,1.0,0.10959750541264966,19.751857925679005,183.26666666666668
5499,2,2,pitch_jump,1.0,0.043262868311442826,15.034000785162135,183.3
5499,2,5,pitch_jump,1.0,0.2552339983932523,48.04066282531524,183.3
5499,2,10,pitch_jump,1.0,0.0696410391575465,12.767073739090865,183.3
5499,2,11,pitch_jump,1.0,0.10567916861141728,23.580133731131582,183.3
5499,2,14,pitch_jump,1.0,0.03783615981215698,14.54378112688,183.3
5499,2,15,pitch_jump,1.0,0.03795428274443884,12.136530015654783,183.3
5499,2,17,pitch_jump,1.0,0.2343103760784155,25.780129773857997,183.3
5500,2,2,pitch_jump,1.0,0.12535530711932585,16.899947353163235,183.33333333333334
5500,2,5,pitch_jump,1.0,0.23373965758043463,33.04086250087043,183.33333333333334
5500,2,7,pitch_jump,1.0,0.1852092527705693,13.605499743246417,183.33333333333334
5500,2,8,pitch_jump,1.0,0.09707484972043212,13.246468697126044,183.33333333333334
5500,2,11,pitch_jump,1.0,0.11216397721380304,21.32269416057672,183.33333333333334
5500,2,17,pitch_jump,1.0,0.10269116825116677,13.81460370756597,183.33333333333334
5500,2,22,pitch_jump,1.0,0.22630236689334882,39.036332620321176,183.33333333333334
5501,2,5,pitch_jump,1.0,0.29682162552497654,37.73015772312875,183.36666666666667
5501,2,10,pitch_jump,1.0,0.16979101744837544,30.467779283025664,183.36666666666667
5501,2,22,pitch_jump,1.0,0.2452587896000777,26.41117174629985,183.36666666666667
5502,2,5,pitch_jump,1.0,0.12747705649907873,28.173306613796015,183.4
5502,2,6,pitch_jump,1.0,0.023987492218655912,13.10138905821559,183.4
5502,2,7,pitch_jump,1.0,0.08288000571037892,16.842023000848123,183.4
5502,2,8,pitch_jump,1.0,0.019358629598606247,12.252432920236894,183.4
5502,2,11,pitch_jump,1.0,0.09487628614827476,31.707296529632806,183.4
5502,2,22,pitch_jump,1.0,0.07912445217493566,14.581286041650161,183.4
5503,2,5,pitch_jump,1.0,0.15602229060953546,12.962654356005267,183.43333333333334
5503,2,14,pitch_jump,1.0,0.05877022305193638,13.33735366435335,183.43333333333334
5504,2,3,pitch_jump,1.0,0.1001993590077464,12.5645827075758,183.46666666666667
5504,2,6,pitch_jump,1.0,0.23814619052288719,14.719581439352451,183.46666666666667
5504,2,7,pitch_jump,1.0,0.1375476613156933,15.550216191064806,183.46666666666667
5504,2,15,pitch_jump,1.0,0.08390777740716598,13.162038032054223,183.46666666666667
5504,2,22,pitch_jump,1.0,0.20806033751190858,25.217362349951284,183.46666666666667
5505,2,2,pitch_jump,1.0,0.011882948311348245,401.22606222684067,183.5
5505,2,3,pitch_jump,1.0,0.02478553366837822,132.5438530373399,183.5
5505,2,4,pitch_jump,1.0,0.06004568919516355,73.65058701256015,183.5
5505,2,5,pitch_jump,1.0,0.05520051731578896,67.80498760021162,183.5
5505,2,6,pitch_jump,1.0,0.13851924215658856,43.77449220374941,183.5
5505,2,7,pitch_jump,1.0,0.05400574847053202,25.665166650953328,183.5
5505,2,8,pitch_jump,1.0,0.026447652168302055,31.31366651532205,183.5
5505,2,10,pitch_jump,1.0,0.010957157942494933,316.04901666421216,183.5
5505,2,11,pitch_jump,1.0,0.005152950246076023,388.85114445846955,183.5
5505,2,15,pitch_jump,1.0,0.018023949591621086,302.7361956977957,183.5
5505,2,18,pitch_jump,1.0,0.04348790488047569,72.51239680432646,183.5
5505,2,22,pitch_jump,1.0,0.0989659899787884,57.036551551391426,183.5
5506,2,2,pitch_jump,1.0,0.05689466221871125,40.03582563126708,183.53333333333333
5506,2,3,pitch_jump,1.0,0.08092329500876788,22.4004481496429,183.53333333333333
5506,2,6,pitch_jump,1.0,0.17101116332652538,13.701122437848104,183.53333333333333
5506,2,10,pitch_jump,1.0,0.0714258762214836,28.095463192421438,183.53333333333333
5506,2,11,pitch_jump,1.0,0.05317281872438639,33.092393542254875,183.53333333333333
5506,2,15,pitch_jump,1.0,0.06235845408955944,28.339422807392143,183.53333333333333
5506,2,22,pitch_jump,1.0,0.14751970083823177,20.907934721177607,183.53333333333333
5507,2,2,pitch_jump,1.0,0.044747588104859085,347.34756920355176,183.56666666666666
5507,2,3,pitch_jump,1.0,0.057754280505566566,98.5582934655878,183.56666666666666
5507,2,4,pitch_jump,1.0,0.11112982012931955,47.42164434873996,183.56666666666666
5507,2,5,pitch_jump,1.0,0.10579830163876461,31.59242799135235,183.56666666666666
5507,2,6,pitch_jump,1.0,0.20717456284019797,28.09235792927863,183.56666666666666
5507,2,7,pitch_jump,1.0,0.13394164460619723,36.912370170529,183.56666666666666
5507,2,10,pitch_jump,1.0,0.04795494011512469,276.56573824938,183.56666666666666
5507,2,11,pitch_jump,1.0,0.10731043889924066,351.1397831573371,183.56666666666666
5507,2,14,pitch_jump,1.0,0.05553733687337631,27.07506572934676,183.56666666666666
5507,2,15,pitch_jump,1.0,0.05805845682695817,272.82725191763126,183.56666666666666
5507,2,17,pitch_jump,1.0,0.07175050341487728,31.734001808845868,183.56666666666666
5507,2,18,pitch_jump,1.0,0.08519808575713277,48.139981169142246,183.56666666666666
5507,2,20,pitch_jump,1.0,0.10420498275998821,17.64633894719722,183.56666666666666
5507,2,22,pitch_jump,1.0,0.17244051682343953,46.11526526750706,183.56666666666666
5508,2,2,pitch_jump,1.0,0.010761010986080618,323.0770841319549,183.6
5508,2,3,pitch_jump,1.0,0.010738228325713585,91.43241822115206,183.6
5508,2,4,pitch_jump,1.0,0.059792091088597336,40.69345398366654,183.6
5508,2,5,pitch_jump,1.0,0.053339287425319806,31.464468856965013,183.6
5508,2,6,pitch_jump,1.0,0.08363253432930785,17.514441391754016,183.6
5508,2,7,pitch_jump,1.0,0.060125371848669326,30.225322793368065,183.6
5508,2,10,pitch_jump,1.0,0.00274117311237894,255.87342473902447,183.6
5508,2,11,pitch_jump,1.0,0.06453451205883733,312.17114086763524,183.6
5508,2,14,pitch_jump,1.0,0.03589928663903748,23.175000557853174,183.6
5508,2,15,pitch_jump,1.0,0.019997989123105995,249.43138122017115,183.6
5508,2,17,pitch_jump,1.0,0.036055384460183075,25.484685002306133,183.6
5508,2,18,pitch_jump,1.0,0.04132951781286405,46.864961735671024,183.6
5508,2,20,pitch_jump,1.0,0.13969363669570817,44.441901656785554,183.6
5508,2,22,pitch_jump,1.0,0.04724489353370584,39.00381180775402,183.6
5509,2,2,pitch_jump,1.0,0.05857437024577701,26.57078318620067,183.63333333333333
5509,2,3,pitch_jump,1.0,0.05338372071387277,15.407655286726726,183.63333333333333
5509,2,10,pitch_jump,1.0,0.051661540549574114,18.18233377854639,183.63333333333333
5509,2,11,pitch_jump,1.0,0.09395168789357841,21.570283645685194,183.63333333333333
5509,2,15,pitch_jump,1.0,0.0704439866576176,16.507983527608708,183.63333333333333
5509,2,20,pitch_jump,1.0,0.07454081609193006,19.7584898620103,183.63333333333333
5510,2,2,pitch_jump,1.0,0.04729542285713139,324.9966211495749,183.66666666666666
5510,2,3,pitch_jump,1.0,0.03586889990305315,96.66659102313737,183.66666666666666
5510,2,5,pitch_jump,1.0,0.676348217873277,143.31833983192078,183.66666666666666
5510,2,6,pitch_jump,1.0,0.2648701527534097,30.851159621105513,183.66666666666666
5510,2,7,pitch_jump,1.0,0.1177156372631867,33.647818774939935,183.66666666666666
5510,2,10,pitch_jump,1.0,0.04411020216255622,246.65992009363083,183.66666666666666
5510,2,11,pitch_jump,1.0,0.044512399205014395,316.3368710299299,183.66666666666666
5510,2,14,pitch_jump,1.0,0.055651613288515554,24.115977249697032,183.66666666666666
5510,2,15,pitch_jump,1.0,0.04882462695480592,240.51491529290874,183.66666666666666
5510,2,17,pitch_jump,1.0,0.06801969451912994,19.340540381212723,183.66666666666666
5510,2,18,pitch_jump,1.0,0.07920931587345721,42.184154515432375,183.66666666666666
5510,2,22,pitch_jump,1.0,0.12079671915295201,21.885347222011173,183.66666666666666
5511,2,6,pitch_jump,1.0,0.0842544390539153,12.131259894624947,183.7
5512,2,2,pitch_jump,1.0,0.048360649600606015,300.9332160496056,183.73333333333332
5512,2,3,pitch_jump,1.0,0.023629628939638662,102.84246082491565,183.73333333333332
5512,2,6,pitch_jump,1.0,0.21075134440686827,33.28683165077314,183.73333333333332
5512,2,7,pitch_jump,1.0,0.13113745193591786,52.907641425113454,183.73333333333332
5512,2,10,pitch_jump,1.0,0.0651024241762516,230.17083318222328,183.73333333333332
5512,2,11,pitch_jump,1.0,0.13974136368185722,287.2529224391479,183.73333333333332
5512,2,14,pitch_jump,1.0,0.05220455724388885,15.102895867085401,183.73333333333332
5512,2,15,pitch_jump,1.0,0.04581107738205391,225.8910772714918,183.73333333333332
5512,2,17,pitch_jump,1.0,0.0645211340293289,13.133430453528751,183.73333333333332
5512,2,18,pitch_jump,1.0,0.06874897885099289,23.080715649088045,183.73333333333332
5512,2,20,pitch_jump,1.0,0.07330072238246982,31.486454488693436,183.73333333333332
5512,2,22,pitch_jump,1.0,0.10023996194585276,18.269781494384294,183.73333333333332
5513,2,2,pitch_jump,1.0,0.05463654783160249,62.83730651247371,183.76666666666668
5513,2,3,pitch_jump,1.0,0.05001221642176888,14.789334745002092,183.76666666666668
5513,2,6,pitch_jump,1.0,0.24352269275779087,14.535539447743263,183.76666666666668
5513,2,10,pitch_jump,1.0,0.02973167982238262,41.73481566081885,183.76666666666668
5513,2,15,pitch_jump,1.0,0.04478844025156915,43.258602081424506,183.76666666666668
5513,2,18,pitch_jump,1.0,0.07149048029337964,15.777895746588518,183.76666666666668
5513,2,20,pitch_jump,1.0,0.06437906365796921,16.49093997122115,183.76666666666668
5514,2,2,pitch_jump,1.0,0.02223476342190209,12.524256460436323,183.8
5514,2,14,pitch_jump,1.0,0.01802993506586793,12.558764524351773,183.8
5515,2,2,pitch_jump,1.0,0.03852658754588819,27.07936911396603,183.83333333333334
5515,2,7,pitch_jump,1.0,0.12044375539677256,12.09075081319317,183.83333333333334
5515,2,10,pitch_jump,1.0,0.044349636022534104,16.13999480391883,183.83333333333334
5515,2,14,pitch_jump,1.0,0.02911502643727217,18.067671271233273,183.83333333333334
5515,2,15,pitch_jump,1.0,0.04942319054659423,15.668875595703229,183.83333333333334
5515,2,17,pitch_jump,1.0,0.057041238830889095,17.563057987268145,183.83333333333334
5515,2,18,pitch_jump,1.0,0.07224636835972356,14.074583032167354,183.83333333333334
5516,2,2,pitch_jump,1.0,0.025630745470209368,26.43849459319387,183.86666666666667
5516,2,3,pitch_jump,1.0,0.030306521396978477,16.687921125852416,183.86666666666667
5516,2,10,pitch_jump,1.0,0.031884169577256385,19.56624728658588,183.86666666666667
5516,2,11,pitch_jump,1.0,0.03245528021255819,22.391540655831637,183.86666666666667
5516,2,14,pitch_jump,1.0,0.03212866526645967,13.462053312791426,183.86666666666667
5516,2,15,pitch_jump,1.0,0.05634155236856777,17.923437710588182,183.86666666666667
5516,2,18,pitch_jump,1.0,0.0657715924008436,13.202055798638764,183.86666666666667
5517,2,2,pitch_jump,1.0,0.004487515282787773,27.58899381221455,183.9
5517,2,10,pitch_jump,1.0,0.011986244905172595,19.91187992127258,183.9
5517,2,11,pitch_jump,1.0,0.01686235231628935,30.1996514543613,183.9
5517,2,15,pitch_jump,1.0,0.027085790409554868,19.12517984670337,183.9
5517,2,20,pitch_jump,1.0,0.10296689112255893,20.530247436501167,183.9
5518,2,2,pitch_jump,1.0,0.013211465495240615,19.995243460120257,183.93333333333334
5518,2,6,pitch_jump,1.0,0.16119386349606482,15.568308554190605,183.93333333333334
5518,2,10,pitch_jump,1.0,0.015767336284822055,19.109090155913822,183.93333333333334
5518,2,11,pitch_jump,1.0,0.022424750778269532,18.46631558320124,183.93333333333334
5518,2,15,pitch_jump,1.0,0.036438401914101,20.333954980741222,183.93333333333334
5518,2,17,pitch_jump,1.0,0.061452580566619466,13.102079840530381,183.93333333333334
5518,2,20,pitch_jump,1.0,0.05982222107486737,13.06927631192693,183.93333333333334
5519,2,2,pitch_jump,1.0,0.024455958381167514,29.72309389912919,183.96666666666667
5519,2,6,pitch_jump,1.0,0.2225050778817002,17.59193265381181,183.96666666666667
5519,2,10,pitch_jump,1.0,0.014818119644161505,19.676497378105605,183.96666666666667
5519,2,11,pitch_jump,1.0,0.011372610778561684,26.09473960508674,183.96666666666667
5519,2,15,pitch_jump,1.0,0.0339968192521732,20.659321932896894,183.96666666666667
5519,2,20,pitch_jump,1.0,0.10476108230415644,18.821023476782862,183.96666666666667
5520,2,2,pitch_jump,1.0,0.016715473956047378,12.872863409013785,184.0
5520,2,11,pitch_jump,1.0,0.01081618989684986,16.081846138827196,184.0
5521,2,11,pitch_jump,1.0,0.09030452466494589,26.825902496729576,184.03333333333333
5521,2,19,pitch_jump,1.0,0.06627160077051375,13.292730989664308,184.03333333333333
5521,2,20,pitch_jump,1.0,0.06212001248765066,16.216592619577984,184.03333333333333
5522,2,2,pitch_jump,1.0,0.0343458967942545,29.954912106052124,184.06666666666666
5522,2,3,pitch_jump,1.0,0.035905342352456154,17.402969198682015,184.06666666666666
5522,2,7,pitch_jump,1.0,0.10299515971567888,19.724992403737843,184.06666666666666
5522,2,10,pitch_jump,2.0,0.03536809710916034,13.966173576030696,184.06666666666666
5522,2,11,pitch_jump,1.0,0.11894043138568537,36.4992703395002,184.06666666666666
5522,2,15,pitch_jump,1.0,0.0207449174789449,26.95454166291747,184.06666666666666
5522,2,19,pitch_jump,1.0,0.07595696570836848,14.941326043126864,184.06666666666666
5523,2,2,pitch_jump,1.0,0.01933591265873741,15.644001654972834,184.1
5523,2,6,pitch_jump,1.0,0.11619090294865063,12.277752376411032,184.1
5523,2,11,pitch_jump,1.0,0.04322673497872239,15.779591784407438,184.1
5524,2,8,pitch_jump,1.0,0.050879908495402554,14.795216030104863,184.13333333333333
5524,2,10,pitch_jump,1.0,0.06200370797234424,14.958052901102732,184.13333333333333
5524,2,14,pitch_jump,1.0,0.02552360980567106,12.065457266862103,184.13333333333333
5524,2,19,pitch_jump,1.0,0.11938600826532786,29.9225935456874,184.13333333333333
5525,2,2,pitch_jump,1.0,0.006198865208951087,19.08388602530389,184.16666666666666
5525,2,7,pitch_jump,1.0,0.08542530208310767,12.903828377658186,184.16666666666666
5525,2,10,pitch_jump,1.0,0.00573253989366958,17.448037178149075,184.16666666666666
5525,2,11,pitch_jump,1.0,0.12133498106339616,32.08238592440864,184.16666666666666
5525,2,15,pitch_jump,1.0,0.014139989596783708,18.179065192079133,184.16666666666666
5525,2,19,pitch_jump,1.0,0.05712896216217747,18.57895529827036,184.16666666666666
5526,2,2,pitch_jump,1.0,0.042397666243286405,26.326726140891317,184.2
5526,2,10,pitch_jump,1.0,0.01450082516077502,13.49480488476044,184.2
5526,2,11,pitch_jump,1.0,0.022845810355908398,19.187269004353926,184.2
5526,2,15,pitch_jump,1.0,0.006439142861346028,14.123508449582605,184.2
5526,2,19,pitch_jump,1.0,0.09091796377717824,25.01952294978913,184.2
5527,2,2,pitch_jump,1.0,0.02166298891517741,12.974406292939763,184.23333333333332
5527,2,5,pitch_jump,1.0,0.030785795222304544,13.62691228258208,184.23333333333332
5527,2,6,pitch_jump,1.0,0.20184497022970949,14.983996362526472,184.23333333333332
5527,2,10,pitch_jump,1.0,0.00806799562866395,13.638483552273078,184.23333333333332
5527,2,11,pitch_jump,1.0,0.03168827714413598,20.784790586851486,184.23333333333332
5530,2,2,pitch_jump,1.0,0.015777248290312587,15.342293008009712,184.33333333333334
5530,2,11,pitch_jump,1.0,0.04189891813534676,16.264314390253606,184.33333333333334
5530,2,14,pitch_jump,1.0,0.02523085328234308,12.536515111547672,184.33333333333334
5530,2,15,pitch_jump,1.0,0.01693654100380957,12.456408634936578,184.33333333333334
5530,2,17,pitch_jump,1.0,0.02808819138345804,12.234441703526853,184.33333333333334
5531,2,2,pitch_jump,1.0,0.008502840254796088,12.321851150137459,184.36666666666667
5531,2,6,pitch_jump,1.0,0.20385491756294896,12.439964130774797,184.36666666666667
5531,2,7,pitch_jump,1.0,0.07061357939431044,12.990341461111916,184.36666666666667
5534,2,11,pitch_jump,3.0,0.04600171014148779,12.899434162782415,184.46666666666667
5534,2,20,pitch_jump,1.0,0.12676717633981877,38.66199242649953,184.46666666666667
5535,2,10,pitch_jump,1.0,0.03264785191016802,16.395874071569455,184.5
5535,2,11,pitch_jump,1.0,0.009874161370308436,17.636297174465575,184.5
5535,2,15,pitch_jump,1.0,0.023117129518915116,16.7578499933637,184.5
5535,2,20,pitch_jump,1.0,0.0670950810918546,15.287367110969242,184.5
5536,2,19,pitch_jump,1.0,0.09681409359262805,25.321397498500083,184.53333333333333
5536,2,20,pitch_jump,1.0,0.07291354916612353,15.527026063080333,184.53333333333333
5537,2,11,pitch_jump,1.0,0.053725941338200064,15.530067546280627,184.56666666666666
5537,2,20,pitch_jump,1.0,0.10310478065710832,25.099520100654534,184.56666666666666
5538,2,11,pitch_jump,1.0,0.03973894563372516,21.801398771979827,184.6
5538,2,15,pitch_jump,1.0,0.042596490898286876,14.027037253987084,184.6
5539,2,2,pitch_jump,1.0,0.1152285535130666,25.498427075722223,184.63333333333333
5540,2,2,pitch_jump,1.0,0.040219781804302975,12.000895023570266,184.66666666666666
5540,2,20,pitch_jump,1.0,0.043033407900438664,17.436253915379236,184.66666666666666
5541,2,2,pitch_jump,1.0,0.042751825028675056,23.80600761798193,184.7
5541,2,3,pitch_jump,1.0,0.05844307028088426,13.322425692046467,184.7
5541,2,10,pitch_jump,1.0,0.053441697486749214,14.626646255858102,184.7
5541,2,11,pitch_jump,1.0,0.03606788725191021,12.154704230518059,184.7
5541,2,15,pitch_jump,1.0,0.0377504142806572,15.572229731456309,184.7
5541,2,20,pitch_jump,1.0,0.016336429122918657,13.264903590128412,184.7
5542,2,11,pitch_jump,1.0,0.0936775112132364,20.04030372724071,184.73333333333332
5543,2,2,pitch_jump,1.0,0.03336852964928698,12.135986894261698,184.76666666666668
5543,2,11,pitch_jump,1.0,0.09349731377880953,23.67864823456136,184.76666666666668
5545,2,11,pitch_jump,1.0,0.0538757907304536,17.52946703993467,184.83333333333334
5545,2,15,pitch_jump,1.0,0.035431416910418664,16.35824330610058,184.83333333333334
5547,2,3,pitch_jump,1.0,0.037755506351521514,13.624946031660409,184.9
5547,2,10,pitch_jump,1.0,0.05180192247664925,12.915321126137183,184.9
5547,2,11,pitch_jump,1.0,0.1319474756611565,23.31815131481471,184.9
5548,2,2,pitch_jump,1.0,0.055517027663328944,12.35442501644177,184.93333333333334
5548,2,11,pitch_jump,1.0,0.08318474676949784,15.131792747635336,184.93333333333334
5549,2,20,pitch_jump,1.0,0.06358082725892672,18.273188436979137,184.96666666666667
5550,2,11,pitch_jump,1.0,0.09739802287392389,23.24283123458422,185.0
5551,2,10,pitch_jump,1.0,0.08538348561228364,14.774780764320811,185.03333333333333
5552,2,2,pitch_jump,1.0,0.030384592033498338,19.97740109303298,185.06666666666666
5552,2,10,pitch_jump,1.0,0.09706536148523069,16.017184439031695,185.06666666666666
5552,2,11,pitch_jump,1.0,0.09486094581317697,15.943328774285103,185.06666666666666
5552,2,15,pitch_jump,1.0,0.04880591040465324,13.517512000707207,185.06666666666666
5553,2,11,pitch_jump,1.0,0.0986265783126264,14.952882266331601,185.1
5554,2,11,pitch_jump,1.0,0.08029211171552439,14.756126381478676,185.13333333333333
5555,2,2,pitch_jump,1.0,0.02492665797916743,18.596261193029193,185.16666666666666
5555,2,10,pitch_jump,1.0,0.09258201851961582,19.974764799328554,185.16666666666666
5555,2,11,pitch_jump,1.0,0.06407837148020869,22.5686505091404,185.16666666666666
5555,2,15,pitch_jump,1.0,0.03650364380337981,17.34464642192788,185.16666666666666
5557,2,2,pitch_jump,1.0,0.0331282045495633,23.46407648658831,185.23333333333332
5557,2,6,pitch_jump,1.0,0.06312804760605172,12.074131108277227,185.23333333333332
5557,2,10,pitch_jump,1.0,0.0731150615919025,20.349824330221317,185.23333333333332
5557,2,11,pitch_jump,1.0,0.05780289236156706,25.499667319133184,185.23333333333332
5557,2,15,pitch_jump,1.0,0.03783374102484998,20.529669545757564,185.23333333333332
5563,2,2,pitch_jump,1.0,0.07520298014614642,13.774901404023614,185.43333333333334
5563,2,3,pitch_jump,1.0,0.10122998204325705,13.795031337419866,185.43333333333334
5563,2,6,pitch_jump,1.0,0.07559978429107096,14.176442106247201,185.43333333333334
5563,2,8,pitch_jump,1.0,0.02537795402527469,12.467875968587407,185.43333333333334
5563,2,10,pitch_jump,1.0,0.07236343601998763,14.762869312542614,185.43333333333334
5563,2,11,pitch_jump,1.0,0.09098147031835982,25.631483021830107,185.43333333333334
5563,2,15,pitch_jump,1.0,0.04970001901246947,14.30079499082262,185.43333333333334
5563,2,20,pitch_jump,1.0,0.003194866684964799,15.633609943782782,185.43333333333334
5564,2,2,pitch_jump,1.0,0.047670390646367425,17.441950499122115,185.46666666666667
5564,2,6,pitch_jump,1.0,0.10727459243620323,16.558127046880205,185.46666666666667
5564,2,10,pitch_jump,1.0,0.0730161315587417,12.785649051417073,185.46666666666667
5564,2,11,pitch_jump,1.0,0.10081966044014407,18.870707630146747,185.46666666666667
5564,2,15,pitch_jump,1.0,0.06492862441057627,13.59362999218552,185.46666666666667
5565,2,2,pitch_jump,1.0,0.03609227586822225,14.852433635421017,185.5
5565,2,11,pitch_jump,1.0,0.06470928375351231,14.628912508933913,185.5
5565,2,15,pitch_jump,1.0,0.04772332341522745,12.609295415449882,185.5
5567,2,2,pitch_jump,1.0,0.06993181746072043,12.488490442570852,185.56666666666666
5569,2,2,pitch_jump,1.0,0.05534470894913937,17.89255078896095,185.63333333333333
5569,2,7,pitch_jump,1.0,0.08754332741955156,12.666809631730855,185.63333333333333
5569,2,15,pitch_jump,1.0,0.029999634338725573,12.18948942687893,185.63333333333333
5570,2,2,pitch_jump,1.0,0.059298036751816934,22.144092183089636,185.66666666666666
5570,2,6,pitch_jump,1.0,0.1003254591542199,12.435115048732758,185.66666666666666
5570,2,7,pitch_jump,1.0,0.0901935583936008,13.207753859944523,185.66666666666666
5570,2,10,pitch_jump,1.0,0.09330827985836737,13.752736378466246,185.66666666666666
5570,2,11,pitch_jump,1.0,0.04961158919370919,18.869155090282263,185.66666666666666
5570,2,15,pitch_jump,1.0,0.03594928799329228,12.636500175767273,185.66666666666666
5571,2,3,pitch_jump,1.0,0.05331091005397295,14.813226155456803,185.7
5572,2,2,pitch_jump,1.0,0.06959361411174092,20.68167069591714,185.73333333333332
5572,2,3,pitch_jump,1.0,0.0599594421780392,15.071090243903049,185.73333333333332
5573,2,2,pitch_jump,1.0,0.06435356689609088,31.57684325104197,185.76666666666668
5573,2,6,pitch_jump,1.0,0.14834667181033626,15.576800602790069,185.76666666666668
5573,2,10,pitch_jump,1.0,0.07539070888522055,18.528017707741817,185.76666666666668
5573,2,11,pitch_jump,1.0,0.06396072204046087,25.575382866818273,185.76666666666668
5573,2,15,pitch_jump,1.0,0.05200072687424535,21.979747129763343,185.76666666666668
5574,2,8,pitch_jump,1.0,0.0239506915378424,12.528293800977147,185.8
5574,2,15,pitch_jump,1.0,0.03517757608963256,12.212161058126737,185.8
5574,2,19,pitch_jump,1.0,0.029749901900484373,12.584303896499218,185.8
5574,2,20,pitch_jump,1.0,0.009163340457790351,15.33945992662052,185.8
5574,2,22,pitch_jump,1.0,0.015986025086970217,12.035802362290756,185.8
5575,2,2,pitch_jump,1.0,0.06419491932642651,14.080071810412568,185.83333333333334
5577,2,2,pitch_jump,1.0,0.03968340910463058,19.904215668610043,185.9
5577,2,10,pitch_jump,1.0,0.05308678923381409,15.285365345940969,185.9
5577,2,11,pitch_jump,1.0,0.0494877717382688,17.673034094886873,185.9
5577,2,15,pitch_jump,1.0,0.02140095609729254,14.14612190733389,185.9
5578,2,2,pitch_jump,1.0,0.0621002248745817,22.282480450571537,185.93333333333334
5578,2,6,pitch_jump,1.0,0.10100366151542894,12.352963125305552,185.93333333333334
5578,2,10,pitch_jump,1.0,0.057944758693246445,14.015208227537808,185.93333333333334
5578,2,11,pitch_jump,1.0,0.062121118782674636,21.18309335739795,185.93333333333334
5578,2,15,pitch_jump,1.0,0.03698116251699446,19.13986541190631,185.93333333333334
5579,2,2,pitch_jump,1.0,0.052438141148912695,12.99005799314436,185.96666666666667
5579,2,6,pitch_jump,1.0,0.161227108461474,14.36190527756591,185.96666666666667
5580,2,7,pitch_jump,1.0,0.042538689203626946,12.7187764161009,186.0
5581,2,2,pitch_jump,1.0,0.02272485050384151,18.351103157345644,186.03333333333333
5581,2,11,pitch_jump,1.0,0.03696480394450427,16.020916662578212,186.03333333333333
5581,2,14,pitch_jump,1.0,0.08207178918321217,12.939019221793282,186.03333333333333
5581,2,15,pitch_jump,1.0,0.026614533769674244,13.857283436122,186.03333333333333
5582,2,2,pitch_jump,1.0,0.029787190617119524,12.65759335339832,186.06666666666666
5582,2,11,pitch_jump,1.0,0.05029596434945241,13.267207587301835,186.06666666666666
5584,2,7,pitch_jump,1.0,0.06300205997109477,16.526367415529766,186.13333333333333
5585,2,14,pitch_jump,1.0,0.08956689500392818,12.117068573831114,186.16666666666666
5586,2,2,pitch_jump,1.0,0.03039905449702578,15.743116867234159,186.2
5586,2,6,pitch_jump,1.0,0.07031285196932122,18.189882686117677,186.2
5586,2,11,pitch_jump,1.0,0.03985575815783726,13.098594162691345,186.2
5587,2,6,pitch_jump,1.0,0.06267506320073522,15.511835891734737,186.23333333333332
5589,2,2,pitch_jump,1.0,0.018205674811130747,12.47577502078342,186.3
5589,2,7,pitch_jump,1.0,0.019021326177670904,12.31558116584649,186.3
5589,2,11,pitch_jump,1.0,0.011352642609943236,13.702480231789172,186.3
5590,2,2,pitch_jump,1.0,0.010848976737498808,16.727896291515123,186.33333333333334
5590,2,11,pitch_jump,1.0,0.012748146799730166,15.09971130052478,186.33333333333334
5590,2,14,pitch_jump,1.0,0.07742898182375797,13.50937857141388,186.33333333333334
5590,2,15,pitch_jump,1.0,0.020963828696406055,15.72936996608576,186.33333333333334
5590,2,17,pitch_jump,1.0,0.023667681049500077,16.032937161859063,186.33333333333334
5594,2,2,pitch_jump,1.0,0.05568452396527698,24.017820979517058,186.46666666666667
5594,2,3,pitch_jump,1.0,0.03674671459192427,14.165246422150306,186.46666666666667
5594,2,6,pitch_jump,1.0,0.08160983310218124,25.552354727594665,186.46666666666667
5594,2,7,pitch_jump,1.0,0.030016607807539588,12.93093979824358,186.46666666666667
5594,2,8,pitch_jump,1.0,0.06345834569823117,15.837628536956013,186.46666666666667
5594,2,11,pitch_jump,1.0,0.019651210440402654,16.34834573747866,186.46666666666667
5594,2,15,pitch_jump,1.0,0.013194628810591344,16.242995796733364,186.46666666666667
5594,2,20,pitch_jump,1.0,0.12617042218899963,12.546522175446807,186.46666666666667
5594,2,22,pitch_jump,1.0,0.04172587144925477,12.646849239314646,186.46666666666667
5595,2,2,pitch_jump,1.0,0.03527383942382879,12.7143636607581,186.5
5596,2,2,pitch_jump,1.0,0.032435264350352884,26.190289129000007,186.53333333333333
5596,2,3,pitch_jump,1.0,0.012174623042510107,12.664159863125365,186.53333333333333
5596,2,9,pitch_jump,1.0,0.04313515349902252,16.914772590655613,186.53333333333333
5596,2,11,pitch_jump,1.0,0.02419943882455376,24.40011620861516,186.53333333333333
5596,2,14,pitch_jump,1.0,0.08236222766914142,12.87647056199599,186.53333333333333
5596,2,15,pitch_jump,1.0,0.0461783532825468,22.777968876934676,186.53333333333333
5598,2,2,pitch_jump,1.0,0.027634761032134168,13.283812310679405,186.6
5598,2,11,pitch_jump,1.0,0.016934366010058863,12.990815668792191,186.6
5600,2,2,pitch_jump,1.0,0.03681909973218969,18.061183688270198,186.66666666666666
5600,2,6,pitch_jump,1.0,0.08848319208276463,14.67056680465611,186.66666666666666
5600,2,11,pitch_jump,1.0,0.040179163266195465,18.59948807346439,186.66666666666666
5600,2,14,pitch_jump,1.0,0.04212748107134266,12.16305089900645,186.66666666666666
5600,2,17,pitch_jump,1.0,0.04039480153860196,14.783339945446901,186.66666666666666
5600,2,20,pitch_jump,1.0,0.12319487128927312,14.536861398189405,186.66666666666666
5602,2,7,pitch_jump,1.0,0.06389541040273382,13.153452532884886,186.73333333333332
5602,2,11,pitch_jump,1.0,0.05492388935294297,22.991015827644244,186.73333333333332
5603,2,2,pitch_jump,1.0,0.08062699127950229,13.74856766236915,186.76666666666668
5603,2,6,pitch_jump,1.0,0.06081017888763555,20.498046563296157,186.76666666666668
5603,2,8,pitch_jump,1.0,0.08248809678134927,12.878241729947833,186.76666666666668
5603,2,9,pitch_jump,1.0,0.049509444237744,12.244219426595054,186.76666666666668
5603,2,11,pitch_jump,1.0,0.07793425774983524,14.681852856130108,186.76666666666668
5603,2,15,pitch_jump,1.0,0.07353667504394455,14.324891413282097,186.76666666666668
5603,2,20,pitch_jump,1.0,0.1570595285555372,20.468528974722936,186.76666666666668
5604,2,7,pitch_jump,1.0,0.026940514568577104,12.163151736920302,186.8
5604,2,14,pitch_jump,1.0,0.07896337361418258,13.460145231943537,186.8
5605,2,2,pitch_jump,1.0,0.0804525012179067,13.36311178950201,186.83333333333334
5605,2,11,pitch_jump,1.0,0.07172308873090964,13.393366802593018,186.83333333333334
5605,2,15,pitch_jump,1.0,0.08115744295048725,13.019390625971079,186.83333333333334
5606,2,11,pitch_jump,1.0,0.0821219393492143,15.338370788298109,186.86666666666667
5606,2,14,pitch_jump,1.0,0.09682805048476768,14.583431029192342,186.86666666666667
5607,2,11,pitch_jump,1.0,0.03480772398047014,13.540448540797374,186.9
5608,2,5,pitch_jump,1.0,0.08123798371703486,15.036413819606455,186.93333333333334
5608,2,7,pitch_jump,1.0,0.14575607271927388,16.258102345776933,186.93333333333334
5608,2,9,pitch_jump,1.0,0.033387296073116836,21.23198689806578,186.93333333333334
5608,2,15,pitch_jump,1.0,0.10647592972512916,14.506560477308014,186.93333333333334
5608,2,19,pitch_jump,1.0,0.09246559608029153,13.830802563011844,186.93333333333334
5608,2,22,pitch_jump,1.0,0.09241980759220605,12.780998124086778,186.93333333333334
5609,2,8,pitch_jump,1.0,0.13045672423514576,15.936649321292608,186.96666666666667
5609,2,14,pitch_jump,1.0,0.018446701550745792,17.322116697339816,186.96666666666667
5610,2,2,pitch_jump,1.0,0.03746335100039945,12.508915282175586,187.0
5610,2,8,pitch_jump,1.0,0.048066143300906264,15.312223573797631,187.0
5610,2,15,pitch_jump,1.0,0.05723424415986596,12.29711408363303,187.0
5610,2,20,pitch_jump,1.0,0.09576676975480108,13.123285043119054,187.0
5611,2,2,pitch_jump,1.0,0.105648773442195,14.650576713670887,187.03333333333333
5611,2,6,pitch_jump,1.0,0.13441661114445153,26.968784679907717,187.03333333333333
5611,2,7,pitch_jump,1.0,0.17325419484817722,25.473906548966806,187.03333333333333
5611,2,11,pitch_jump,1.0,0.1107084156876962,20.537008670826697,187.03333333333333
5611,2,15,pitch_jump,1.0,0.11567382453901524,13.082824333005151,187.03333333333333
5612,2,2,pitch_jump,1.0,0.10358220735746072,18.377501190166956,187.06666666666666
5612,2,5,pitch_jump,1.0,0.03804885046538417,12.336498892888509,187.06666666666666
5612,2,6,pitch_jump,1.0,0.09208009482422908,15.344544452214654,187.06666666666666
5612,2,7,pitch_jump,1.0,0.16133724637853,26.79041336801227,187.06666666666666
5612,2,8,pitch_jump,1.0,0.12187952693923304,12.377338539589074,187.06666666666666
5612,2,14,pitch_jump,1.0,0.06881408158507316,12.088352240782532,187.06666666666666
5612,2,15,pitch_jump,1.0,0.13976919396818407,12.28827716064094,187.06666666666666
5612,2,22,pitch_jump,1.0,0.0756117181276779,12.313354963836268,187.06666666666666
5613,2,2,pitch_jump,1.0,0.047906164823629985,25.03679677273972,187.1
5613,2,6,pitch_jump,1.0,0.04494344976345375,16.131474887620847,187.1
5613,2,7,pitch_jump,1.0,0.06538626576809084,15.297170913613304,187.1
5613,2,15,pitch_jump,1.0,0.055583561691398164,27.379009625978135,187.1
5614,2,2,pitch_jump,1.0,0.13245318725437077,17.09131916282198,187.13333333333333
5614,2,3,pitch_jump,1.0,0.12650166065307877,15.438581100188124,187.13333333333333
5614,2,6,pitch_jump,1.0,0.08276655075538977,20.950486051163487,187.13333333333333
5614,2,8,pitch_jump,1.0,0.10707380290191261,15.402740112901109,187.13333333333333
5614,2,9,pitch_jump,1.0,0.05874646590156701,15.115288009893439,187.13333333333333
5614,2,11,pitch_jump,1.0,0.15973872921636964,20.459220198568154,187.13333333333333
5614,2,14,pitch_jump,1.0,0.019121833197141235,12.95487048951919,187.13333333333333
5614,2,15,pitch_jump,1.0,0.13491168043564067,19.880039389485997,187.13333333333333
5614,2,17,pitch_jump,1.0,0.016228745680755927,14.170085395610858,187.13333333333333
5614,2,20,pitch_jump,1.0,0.18712072340118618,22.80929176936269,187.13333333333333
5615,2,2,pitch_jump,1.0,0.1366449618556027,23.838179845071988,187.16666666666666
5615,2,5,pitch_jump,1.0,0.10514969300848628,15.905751511307765,187.16666666666666
5615,2,6,pitch_jump,1.0,0.07286109700792198,13.251991408875389,187.16666666666666
5615,2,7,pitch_jump,1.0,0.13017827881386426,22.610813133966527,187.16666666666666
5615,2,9,pitch_jump,1.0,0.03154533363868255,21.149884877500313,187.16666666666666
5615,2,11,pitch_jump,1.0,0.1520463833649761,22.236417803557124,187.16666666666666
5615,2,14,pitch_jump,1.0,0.0032973221988048854,13.429439170898194,187.16666666666666
5615,2,15,pitch_jump,1.0,0.16923497933779716,23.98525680394673,187.16666666666666
5615,2,17,pitch_jump,1.0,0.011357530793030611,13.958030015392255,187.16666666666666
5615,2,19,pitch_jump,1.0,0.11073112848217684,17.65949908111513,187.16666666666666
5615,2,22,pitch_jump,1.0,0.1253707127653215,16.407900512887192,187.16666666666666
5616,2,2,pitch_jump,1.0,0.05922161644872573,17.567509833923218,187.2
5616,2,11,pitch_jump,1.0,0.06556763495680197,19.277003022809016,187.2
5616,2,15,pitch_jump,1.0,0.07231292053386419,14.676053249548513,187.2
5617,2,2,pitch_jump,1.0,0.1525146569293645,16.192633162651497,187.23333333333332
5617,2,5,pitch_jump,1.0,0.10375553485909714,15.99594486661939,187.23333333333332
5617,2,7,pitch_jump,1.0,0.13963741295363108,13.387244223357152,187.23333333333332
5617,2,11,pitch_jump,1.0,0.14272339772473436,24.23919818259621,187.23333333333332
5617,2,14,pitch_jump,1.0,0.026850928690452854,20.681728306147747,187.23333333333332
5617,2,15,pitch_jump,1.0,0.17008479658101155,21.699215117913464,187.23333333333332
5617,2,17,pitch_jump,1.0,0.041896147778365124,15.666554668927445,187.23333333333332
5617,2,18,pitch_jump,1.0,0.10013112092140322,14.300258521514177,187.23333333333332
5617,2,19,pitch_jump,1.0,0.1253809585741962,20.24379590588117,187.23333333333332
5617,2,22,pitch_jump,1.0,0.12815462730671637,13.124494789209406,187.23333333333332
5618,2,9,pitch_jump,1.0,0.0314316504601366,14.190547537240453,187.26666666666668
5618,2,19,pitch_jump,1.0,0.12589128178337514,12.063504759913746,187.26666666666668
5619,2,2,pitch_jump,1.0,0.05549219261097196,15.10892447860137,187.3
5619,2,3,pitch_jump,1.0,0.058625496008224524,12.108118704447298,187.3
5619,2,6,pitch_jump,1.0,0.050133731210287,16.417446689351426,187.3
5619,2,7,pitch_jump,1.0,0.08747748083096447,14.433840930814709,187.3
5619,2,19,pitch_jump,1.0,0.03598835848418217,14.453463092045675,187.3
5619,2,22,pitch_jump,1.0,0.0366788364912696,12.196352067904227,187.3
5620,2,2,pitch_jump,1.0,0.1472573432968285,45.801362209625864,187.33333333333334
5620,2,3,pitch_jump,1.0,0.15510950694029807,16.078433058820895,187.33333333333334
5620,2,5,pitch_jump,1.0,0.0956140475218422,15.602470471700002,187.33333333333334
5620,2,6,pitch_jump,1.0,0.12388822529745225,27.344521062529775,187.33333333333334
5620,2,7,pitch_jump,1.0,0.18248598683682166,14.80877468410153,187.33333333333334
5620,2,8,pitch_jump,1.0,0.15406775343722343,17.321802137683765,187.33333333333334
5620,2,9,pitch_jump,1.0,0.06113501201631189,16.056202338932348,187.33333333333334
5620,2,18,pitch_jump,1.0,0.12716830663048936,12.513350213591915,187.33333333333334
5620,2,19,pitch_jump,1.0,0.11851009283365518,15.484423700635217,187.33333333333334
5620,2,20,pitch_jump,1.0,0.21506895357729205,21.948981600863696,187.33333333333334
5620,2,22,pitch_jump,1.0,0.11917061850768158,13.351950628309925,187.33333333333334
5621,2,2,pitch_jump,1.0,0.11387730540097446,19.320874060812116,187.36666666666667
5621,2,6,pitch_jump,1.0,0.04675975356567923,12.835802759750774,187.36666666666667
5621,2,7,pitch_jump,1.0,0.18505199154653634,13.318394319712507,187.36666666666667
5622,2,2,pitch_jump,1.0,0.057739272574969365,17.13310380429707,187.4
5622,2,7,pitch_jump,1.0,0.08399867850720631,21.556300145213537,187.4
5622,2,11,pitch_jump,1.0,0.07046319838191238,19.9043209170785,187.4
5623,2,2,pitch_jump,1.0,0.1473545006235882,24.362695984629482,187.43333333333334
5623,2,6,pitch_jump,1.0,0.10329689658456977,13.78011158678696,187.43333333333334
5623,2,7,pitch_jump,1.0,0.15274777503664733,22.496580981836885,187.43333333333334
5623,2,8,pitch_jump,1.0,0.14310221328669206,15.416853820388635,187.43333333333334
5623,2,17,pitch_jump,1.0,0.04451069430440277,12.176218895045649,187.43333333333334
5623,2,19,pitch_jump,1.0,0.14855236868945335,12.266311593829682,187.43333333333334
5623,2,20,pitch_jump,1.0,0.22583068427214312,14.136182970327772,187.43333333333334
5624,2,9,pitch_jump,1.0,0.024865400006884843,13.892196621718613,187.46666666666667
5624,2,11,pitch_jump,1.0,0.25254155714049525,26.463845806436254,187.46666666666667
5624,2,14,pitch_jump,1.0,0.008844306883302911,15.0799539767203,187.46666666666667
5624,2,19,pitch_jump,1.0,0.18551394329525164,23.45587511837936,187.46666666666667
5625,2,2,pitch_jump,1.0,0.07963858127938596,23.27749183998174,187.5
5625,2,7,pitch_jump,1.0,0.08144544851659855,14.598947409513277,187.5
5625,2,9,pitch_jump,1.0,0.022574197437990058,15.404475743418635,187.5
5625,2,11,pitch_jump,1.0,0.11926969212977437,46.469615489965356,187.5
5625,2,14,pitch_jump,1.0,0.050126790154562374,16.022682075418295,187.5
5626,2,2,pitch_jump,1.0,0.18658383582173785,27.37185136124633,187.53333333333333
5626,2,5,pitch_jump,1.0,0.1349726017397879,12.457601779278528,187.53333333333333
5626,2,7,pitch_jump,1.0,0.1662825258424167,15.67192336414439,187.53333333333333
5626,2,9,pitch_jump,1.0,0.04640764027987523,13.38962372195595,187.53333333333333
5626,2,19,pitch_jump,1.0,0.23025496876928978,24.82606233646013,187.53333333333333
5627,2,2,pitch_jump,1.0,0.18094320644430253,12.444321113367447,187.56666666666666
5627,2,7,pitch_jump,1.0,0.1969320031507391,12.122887406312094,187.56666666666666
5627,2,9,pitch_jump,1.0,0.10080756462956696,14.464776472470389,187.56666666666666
5627,2,11,pitch_jump,1.0,0.19960541518000344,20.850948450888303,187.56666666666666
5627,2,14,pitch_jump,1.0,0.04091683413783775,15.328752084906274,187.56666666666666
5627,2,19,pitch_jump,1.0,0.2150576097754397,21.684376534289985,187.56666666666666
5629,2,7,pitch_jump,1.0,0.23227660260798244,15.030360865715107,187.63333333333333
5629,2,8,pitch_jump,1.0,0.15635114244741652,12.59579737709191,187.63333333333333
5629,2,9,pitch_jump,1.0,0.09341525422703996,15.36560285891322,187.63333333333333
5629,2,14,pitch_jump,1.0,0.01819243038344969,12.907141043821378,187.63333333333333
5629,2,15,pitch_jump,1.0,0.25385690542587197,16.894532835220527,187.63333333333333
5630,2,2,pitch_jump,1.0,0.07415872548317096,21.929589864420397,187.66666666666666
5630,2,3,pitch_jump,1.0,0.22691827927712735,23.421122197019674,187.66666666666666
5630,2,5,pitch_jump,1.0,0.11374453802804983,14.45294160650249,187.66666666666666
5630,2,6,pitch_jump,1.0,0.09252398462752547,20.401774090521823,187.66666666666666
5630,2,9,pitch_jump,1.0,0.07803592434713194,16.4531125197404,187.66666666666666
5630,2,10,pitch_jump,1.0,0.18040597010626194,15.2498508737652,187.66666666666666
5630,2,19,pitch_jump,1.0,0.2039969796077446,36.54035963806094,187.66666666666666
5630,2,22,pitch_jump,1.0,0.14887017156999569,15.613772782965036,187.66666666666666
5631,2,3,pitch_jump,1.0,0.19852230744786253,34.527774396753344,187.7
5631,2,7,pitch_jump,1.0,0.10256641643272157,20.301030477818355,187.7
5631,2,11,pitch_jump,1.0,0.1367210825722938,23.833508514080865,187.7
5632,2,5,pitch_jump,1.0,0.10354606564680803,49.73104074172124,187.73333333333332
5632,2,7,pitch_jump,1.0,0.23343629151207665,64.90689485838887,187.73333333333332
5632,2,9,pitch_jump,1.0,0.04435328726858774,53.09180639805975,187.73333333333332
5632,2,10,pitch_jump,1.0,0.1815058251973905,25.028381836976415,187.73333333333332
5632,2,11,pitch_jump,1.0,0.2621535705178226,51.50509602102079,187.73333333333332
5632,2,14,pitch_jump,1.0,0.05060150988020861,38.11902276273186,187.73333333333332
5632,2,17,pitch_jump,1.0,0.06019778419236162,21.61988513725683,187.73333333333332
5632,2,18,pitch_jump,1.0,0.15692320270710006,35.23229948980841,187.73333333333332
5632,2,19,pitch_jump,1.0,0.24578739023712182,48.327159022029974,187.73333333333332
5632,2,22,pitch_jump,1.0,0.1555887118565292,44.0392084182019,187.73333333333332
5633,2,6,pitch_jump,1.0,0.10994907061245046,15.584150743391286,187.76666666666668
5633,2,7,pitch_jump,1.0,0.22073882808003903,18.58588661427405,187.76666666666668
5633,2,8,pitch_jump,1.0,0.14673162304538673,17.24966827752597,187.76666666666668
5633,2,10,pitch_jump,1.0,0.181462265643485,18.560406880132255,187.76666666666668
5633,2,15,pitch_jump,1.0,0.25524526981649986,20.768319575673612,187.76666666666668
5633,2,19,pitch_jump,1.0,0.25601286179946353,16.606224634038455,187.76666666666668
5634,2,3,pitch_jump,1.0,0.09451824891152913,14.323986521664876,187.8
5634,2,5,pitch_jump,1.0,0.06420555627576945,17.314583622009817,187.8
5634,2,6,pitch_jump,1.0,0.036461643443229844,14.391899474677269,187.8
5634,2,7,pitch_jump,1.0,0.08018790619922486,14.941847516219642,187.8
5634,2,8,pitch_jump,1.0,0.036949380244740225,15.128496756415439,187.8
5634,2,9,pitch_jump,1.0,0.019949849331466117,20.426301439919786,187.8
5634,2,10,pitch_jump,1.0,0.08232603189622473,15.684849395406644,187.8
5634,2,14,pitch_jump,1.0,0.05305191938262204,18.281260813196358,187.8
5634,2,15,pitch_jump,1.0,0.1151165474700687,14.488482405108716,187.8
5634,2,17,pitch_jump,1.0,0.023314594356963935,13.344687509322572,187.8
5634,2,18,pitch_jump,1.0,0.05991431725405651,15.370970466400507,187.8
5634,2,19,pitch_jump,1.0,0.12104625894112894,14.484742455312082,187.8
5634,2,22,pitch_jump,1.0,0.04935584933065571,15.991941348195521,187.8
5635,2,7,pitch_jump,1.0,0.20583164975600407,13.02586656800002,187.83333333333334
5635,2,19,pitch_jump,1.0,0.2053757128216842,16.617532037033648,187.83333333333334
5636,2,5,pitch_jump,1.0,0.15557238884961758,20.23055234171054,187.86666666666667
5636,2,7,pitch_jump,1.0,0.1995517759781868,31.802527921751867,187.86666666666667
5636,2,9,pitch_jump,1.0,0.10670719358145694,18.990909570768626,187.86666666666667
5636,2,10,pitch_jump,1.0,0.18477767969254907,12.343579754319338,187.86666666666667
5636,2,14,pitch_jump,1.0,0.03607050428585694,18.738185746913967,187.86666666666667
5636,2,18,pitch_jump,1.0,0.1359648806701826,16.449073723756353,187.86666666666667
5636,2,19,pitch_jump,1.0,0.2013174733567871,24.991502336397676,187.86666666666667
5636,2,22,pitch_jump,1.0,0.19668449639996194,19.7003817470622,187.86666666666667
5638,2,7,pitch_jump,1.0,0.20511065746950988,25.102931227886504,187.93333333333334
5638,2,19,pitch_jump,2.0,0.16579028212897193,13.115050084828182,187.93333333333334
5639,2,6,pitch_jump,1.0,0.1342584866227828,14.318058511749564,187.96666666666667
5639,2,18,pitch_jump,1.0,0.12533815014097396,12.704062685828202,187.96666666666667
5640,2,9,pitch_jump,1.0,0.020363607569475608,14.129381895699352,188.0
5640,2,14,pitch_jump,1.0,0.0990039940914844,14.91331185459592,188.0
5641,2,3,pitch_jump,1.0,0.20186517559541414,20.166397705729512,188.03333333333333
5641,2,5,pitch_jump,1.0,0.1272958704024556,24.03249256508126,188.03333333333333
5641,2,6,pitch_jump,1.0,0.09848403247300498,19.14298155192234,188.03333333333333
5641,2,7,pitch_jump,1.0,0.22611816358632267,25.325753509991586,188.03333333333333
5641,2,8,pitch_jump,1.0,0.1430469995471066,18.760040056944845,188.03333333333333
5641,2,9,pitch_jump,1.0,0.03196073542769464,44.79499155753425,188.03333333333333
5641,2,14,pitch_jump,1.0,0.03701443656153034,44.50717164986911,188.03333333333333
5641,2,15,pitch_jump,1.0,0.2438737247442671,20.040290516486433,188.03333333333333
5641,2,17,pitch_jump,1.0,0.026432570350333317,23.24717266211667,188.03333333333333
5641,2,18,pitch_jump,1.0,0.10334837508073383,20.127256552728674,188.03333333333333
5641,2,19,pitch_jump,1.0,0.1919175990869724,19.784836260332785,188.03333333333333
5641,2,22,pitch_jump,1.0,0.16593802919663014,16.825029856303196,188.03333333333333
5642,2,3,pitch_jump,1.0,0.1868069532526755,16.132303839545703,188.06666666666666
5642,2,6,pitch_jump,1.0,0.034275489882076945,21.118909622067818,188.06666666666666
5642,2,7,pitch_jump,1.0,0.2059415381616557,26.969398066802736,188.06666666666666
5642,2,8,pitch_jump,1.0,0.13992638147665734,12.450464511156968,188.06666666666666
5642,2,9,pitch_jump,1.0,0.0665063827550236,13.535110317399994,188.06666666666666
5642,2,14,pitch_jump,1.0,0.024927713365458317,14.799964308131843,188.06666666666666
5642,2,15,pitch_jump,1.0,0.23462771450544453,23.33058170216789,188.06666666666666
5643,2,14,pitch_jump,1.0,0.03327345965401259,12.626263745954443,188.1
5644,2,5,pitch_jump,1.0,0.10077990308785485,18.012720658699912,188.13333333333333
5644,2,8,pitch_jump,1.0,0.1283473901433779,16.973768983683964,188.13333333333333
5644,2,9,pitch_jump,1.0,0.1090706755196277,16.128780574295096,188.13333333333333
5644,2,14,pitch_jump,1.0,0.017110240385344873,16.03358183515865,188.13333333333333
5644,2,15,pitch_jump,1.0,0.21965145462692326,13.655367835094443,188.13333333333333
5644,2,18,pitch_jump,1.0,0.12856067796048298,12.002109948570027,188.13333333333333
5644,2,19,pitch_jump,1.0,0.17272943863053825,18.724007236662676,188.13333333333333
5644,2,22,pitch_jump,1.0,0.13910036612854584,13.960659464504834,188.13333333333333
5645,2,3,pitch_jump,1.0,0.1749532177334356,13.347587924678576,188.16666666666666
5645,2,8,pitch_jump,1.0,0.1321959992171232,19.802259427357367,188.16666666666666
5645,2,9,pitch_jump,1.0,0.08008687987460987,14.427309616279018,188.16666666666666
5645,2,14,pitch_jump,1.0,0.07267077357296105,17.455212417193508,188.16666666666666
5645,2,15,pitch_jump,1.0,0.208386929225374,13.088470976520105,188.16666666666666
5645,2,17,pitch_jump,1.0,0.0626025434761755,16.889379906510538,188.16666666666666
5646,2,3,pitch_jump,1.0,0.07954181396827735,12.875527955869012,188.2
5646,2,5,pitch_jump,1.0,0.05674641980889092,22.752683374011543,188.2
5646,2,7,pitch_jump,1.0,0.07207891121339208,29.47549845086572,188.2
5646,2,9,pitch_jump,1.0,0.0040643282360165395,23.410055946098296,188.2
5646,2,14,pitch_jump,1.0,0.08741234478919203,15.275735753487712,188.2
5646,2,15,pitch_jump,1.0,0.10826004849468714,17.882779368348633,188.2
5646,2,18,pitch_jump,1.0,0.05034510798722443,14.170229218718076,188.2
5646,2,19,pitch_jump,1.0,0.12517711720107927,36.252312437662624,188.2
5646,2,22,pitch_jump,1.0,0.052343175102121164,18.980035161060794,188.2
5647,2,3,pitch_jump,1.0,0.17179713697052626,14.852516868464866,188.23333333333332
5647,2,6,pitch_jump,1.0,0.08393608309780151,17.265400451874303,188.23333333333332
5647,2,7,pitch_jump,1.0,0.17260746097088014,15.104556838772961,188.23333333333332
5647,2,8,pitch_jump,1.0,0.0888022276290174,14.659044580551717,188.23333333333332
5647,2,15,pitch_jump,1.0,0.19580983466825583,17.276198542876188,188.23333333333332
5648,2,7,pitch_jump,1.0,0.17010148608555048,13.318310806447665,188.26666666666668
5648,2,19,pitch_jump,1.0,0.17115689111585874,14.922142249724965,188.26666666666668
5649,2,7,pitch_jump,1.0,0.08098316315053528,19.954677643749985,188.3
5649,2,9,pitch_jump,1.0,0.047599616957515425,16.442948961918905,188.3
5649,2,14,pitch_jump,1.0,0.06374397181294161,12.581731645486467,188.3
5650,2,5,pitch_jump,1.0,0.10880292517968314,46.96398473196904,188.33333333333334
5650,2,6,pitch_jump,1.0,0.07679742176607383,14.067281798275795,188.33333333333334
5650,2,7,pitch_jump,1.0,0.20718250037030417,46.668717160238266,188.33333333333334
5650,2,8,pitch_jump,1.0,0.11326646889579524,13.180689374090083,188.33333333333334
5650,2,9,pitch_jump,1.0,0.07164520531779572,44.30510517623729,188.33333333333334
5650,2,14,pitch_jump,1.0,0.006006776736370184,32.37730693367238,188.33333333333334
5650,2,17,pitch_jump,1.0,0.04425841409125249,16.035972687282054,188.33333333333334
5650,2,18,pitch_jump,1.0,0.09308826096938108,33.114155555154795,188.33333333333334
5650,2,19,pitch_jump,1.0,0.17679369658681834,41.92398261941078,188.33333333333334
5650,2,22,pitch_jump,1.0,0.13409755806982926,41.85312915256679,188.33333333333334
5652,2,9,pitch_jump,1.0,0.03410445404945227,12.072800362492773,188.4
5653,2,3,pitch_jump,1.0,0.1567750237106967,23.815451631426804,188.43333333333334
5653,2,6,pitch_jump,1.0,0.021798252482273434,26.180575503022688,188.43333333333334
5653,2,8,pitch_jump,1.0,0.1217794493342452,20.360898819032517,188.43333333333334
5653,2,15,pitch_jump,1.0,0.1901789851045211,26.98896361624251,188.43333333333334
5653,2,17,pitch_jump,1.0,0.05807794472122557,14.13411357147855,188.43333333333334
5653,2,19,pitch_jump,1.0,0.17156102226763817,13.04430260040635,188.43333333333334
5654,2,5,pitch_jump,1.0,0.08719338658027286,14.26940843363784,188.46666666666667
5654,2,9,pitch_jump,1.0,0.03385871319464351,23.750977966903317,188.46666666666667
5654,2,14,pitch_jump,1.0,0.07665972649637472,29.627940799119212,188.46666666666667
5654,2,17,pitch_jump,1.0,0.02087688992858691,17.226993944020215,188.46666666666667
5654,2,19,pitch_jump,1.0,0.14621400247604477,14.252580494130617,188.46666666666667
5655,2,5,pitch_jump,1.0,0.021790932363064064,13.27040987022841,188.5
5655,2,7,pitch_jump,1.0,0.07914584969195093,14.768431772765991,188.5
5655,2,9,pitch_jump,1.0,0.03973307469885936,23.588959825217373,188.5
5655,2,14,pitch_jump,1.0,0.051222364884666666,18.751599065686026,188.5
5655,2,17,pitch_jump,1.0,0.029220837610326206,18.003816214973845,188.5
5655,2,19,pitch_jump,1.0,0.054168977111801776,12.808925768849704,188.5
5656,2,3,pitch_jump,1.0,0.15560433386393657,19.691644164836788,188.53333333333333
5656,2,5,pitch_jump,1.0,0.136789896303309,12.468594113286104,188.53333333333333
5656,2,6,pitch_jump,1.0,0.06671251025338049,18.51058892921431,188.53333333333333
5656,2,8,pitch_jump,1.0,0.09975302403409397,19.731989166716932,188.53333333333333
5656,2,9,pitch_jump,1.0,0.017502017878669587,22.881533699600503,188.53333333333333
5656,2,14,pitch_jump,1.0,0.0349473077285879,21.6205462577166,188.53333333333333
5656,2,17,pitch_jump,1.0,0.024918818103841653,17.01745837021162,188.53333333333333
5657,2,5,pitch_jump,1.0,0.1443877815997825,25.41479509561286,188.56666666666666
5657,2,7,pitch_jump,1.0,0.14879218435289981,15.705060334240027,188.56666666666666
5657,2,9,pitch_jump,1.0,0.02584993055782692,33.589483259803934,188.56666666666666
5657,2,14,pitch_jump,1.0,0.012168342735563366,29.921005750056747,188.56666666666666
5657,2,17,pitch_jump,1.0,0.03454210665993804,15.510994960370677,188.56666666666666
5657,2,18,pitch_jump,1.0,0.1080677199175854,18.041283915037265,188.56666666666666
5657,2,19,pitch_jump,1.0,0.15131430563337603,16.82609117607474,188.56666666666666
5657,2,22,pitch_jump,1.0,0.1796939735996802,20.064039653631088,188.56666666666666
5658,2,5,pitch_jump,1.0,0.06404894545208027,13.348620570098557,188.6
5658,2,9,pitch_jump,1.0,0.022014175367274375,13.485539080608692,188.6
5659,2,7,pitch_jump,1.0,0.19297869291185116,17.023106500122072,188.63333333333333
5659,2,19,pitch_jump,2.0,0.18023400821628585,13.941472339019223,188.63333333333333
5660,2,5,pitch_jump,1.0,0.13027276621095377,21.430098966291222,188.66666666666666
5660,2,6,pitch_jump,1.0,0.04615676203852649,15.792278744033995,188.66666666666666
5660,2,9,pitch_jump,1.0,0.12005839162386604,25.55374703188433,188.66666666666666
5660,2,14,pitch_jump,1.0,0.09331974951215309,29.944042968033408,188.66666666666666
5660,2,18,pitch_jump,1.0,0.11345708741533803,13.804913394031816,188.66666666666666
5660,2,22,pitch_jump,1.0,0.16590990154127658,13.19328160730761,188.66666666666666
5661,2,6,pitch_jump,1.0,0.049724617525589335,12.479706947824463,188.7
5661,2,19,pitch_jump,1.0,0.1323075556696469,12.132841988040733,188.7
5662,2,5,pitch_jump,1.0,0.12653775974885423,13.051755974457993,188.73333333333332
5662,2,9,pitch_jump,1.0,0.07843111340136814,18.334083929916254,188.73333333333332
5662,2,14,pitch_jump,1.0,0.05473692933182568,25.642249996571014,188.73333333333332
5662,2,17,pitch_jump,1.0,0.06449238386174956,12.318024323048293,188.73333333333332
5662,2,18,pitch_jump,1.0,0.1052348436500786,12.853294405665963,188.73333333333332
5663,2,5,pitch_jump,1.0,0.11772976908989775,21.280555733098538,188.76666666666668
5663,2,6,pitch_jump,1.0,0.03046354357428164,16.21912769892151,188.76666666666668
5663,2,7,pitch_jump,1.0,0.19293240286470875,23.10402161897655,188.76666666666668
5663,2,9,pitch_jump,1.0,0.04304300303918489,22.531900691452417,188.76666666666668
5663,2,14,pitch_jump,1.0,0.0630031823446953,21.582867203346744,188.76666666666668
5663,2,17,pitch_jump,1.0,0.027276719741584077,20.343510698414068,188.76666666666668
5663,2,18,pitch_jump,1.0,0.09451337370239586,19.910973187549097,188.76666666666668
5663,2,19,pitch_jump,1.0,0.1877186254586426,21.13641100243326,188.76666666666668
5663,2,22,pitch_jump,1.0,0.1646345890276183,19.88387006148206,188.76666666666668
5664,2,3,pitch_jump,1.0,0.07441335265206135,34.39179169093161,188.8
5664,2,5,pitch_jump,1.0,0.0524694393046501,46.71783640207445,188.8
5664,2,6,pitch_jump,1.0,0.014338574955110405,12.130496119801657,188.8
5664,2,7,pitch_jump,1.0,0.07873198282099626,24.568189558501725,188.8
5664,2,9,pitch_jump,1.0,0.033578524621803336,68.06223291407743,188.8
5664,2,14,pitch_jump,1.0,0.025910876823567054,63.464841617169306,188.8
5664,2,17,pitch_jump,1.0,0.03283623635311183,19.17349187958107,188.8
5664,2,19,pitch_jump,1.0,0.07657201483867784,43.60126973822657,188.8
5664,2,22,pitch_jump,1.0,0.06665712269794,34.056381346419016,188.8
5665,2,18,pitch_jump,2.0,0.04729597384963974,16.57522507634472,188.83333333333334
5666,2,6,pitch_jump,1.0,0.08505524360683438,12.371229597212452,188.86666666666667
5666,2,7,pitch_jump,1.0,0.1922588826271366,15.289038930981015,188.86666666666667
5666,2,9,pitch_jump,1.0,0.11947892797835831,13.75567438644951,188.86666666666667
5666,2,14,pitch_jump,1.0,0.015138147201112678,17.642049073617237,188.86666666666667
5666,2,17,pitch_jump,1.0,0.002323002847717396,14.865868680094268,188.86666666666667
5667,2,3,pitch_jump,1.0,0.06414622831808446,17.95150634356081,188.9
5667,2,5,pitch_jump,1.0,0.0441654400694828,14.100028693139526,188.9
5667,2,8,pitch_jump,1.0,0.01848693072283,17.69246990442041,188.9
5667,2,9,pitch_jump,1.0,0.13646191881295425,31.933736286034208,188.9
5667,2,14,pitch_jump,1.0,0.05978141047994432,38.29980113688128,188.9
5667,2,17,pitch_jump,1.0,0.030251435002178736,31.50211591426044,188.9
5667,2,18,pitch_jump,1.0,0.02315169394517968,18.528261636946613,188.9
5668,2,5,pitch_jump,1.0,0.16764936509001457,22.135847263740608,188.93333333333334
5668,2,6,pitch_jump,1.0,0.11829037353077587,25.719264802716825,188.93333333333334
5668,2,8,pitch_jump,1.0,0.10949295487722982,12.495467123983218,188.93333333333334
5668,2,9,pitch_jump,1.0,0.23879246919993719,30.387123545971072,188.93333333333334
5668,2,14,pitch_jump,1.0,0.03361246966594873,25.210065963428818,188.93333333333334
5668,2,17,pitch_jump,1.0,0.02184595814513016,23.52227541163462,188.93333333333334
5668,2,18,pitch_jump,1.0,0.09284207183995151,19.753770187479624,188.93333333333334
5668,2,19,pitch_jump,1.0,0.2275319692443364,16.213983260802284,188.93333333333334
5668,2,22,pitch_jump,1.0,0.1912505028901742,19.4625501214468,188.93333333333334
5669,2,6,pitch_jump,1.0,0.03743067272820523,20.72119835243708,188.96666666666667
5669,2,9,pitch_jump,1.0,0.11929228531268532,14.664339866230282,188.96666666666667
5669,2,14,pitch_jump,1.0,0.04219257994578404,15.804541458835454,188.96666666666667
5670,2,3,pitch_jump,1.0,0.0720224894750149,13.203916198702345,189.0
5670,2,5,pitch_jump,1.0,0.0661392809211018,19.273689990483064,189.0
5670,2,6,pitch_jump,1.0,0.06435942194700157,15.49688345256374,189.0
5670,2,7,pitch_jump,1.0,0.09826390059904311,22.679055314144296,189.0
5670,2,8,pitch_jump,1.0,0.02992928513064059,17.054079287400516,189.0
5670,2,9,pitch_jump,1.0,0.02250384355897761,19.80088687666118,189.0
5670,2,14,pitch_jump,1.0,0.015243763277794514,19.50657271149108,189.0
5670,2,17,pitch_jump,1.0,0.024092309254067096,16.870983319672973,189.0
5670,2,18,pitch_jump,1.0,0.04637777356515617,17.88956472908167,189.0
5670,2,19,pitch_jump,1.0,0.1672713138386706,32.417206990271126,189.0
5670,2,22,pitch_jump,1.0,0.07467584586996799,18.738139861613014,189.0
5671,2,8,pitch_jump,1.0,0.1408899417769619,22.923069230897514,189.03333333333333
5671,2,17,pitch_jump,1.0,0.06931008540183592,13.708134311614947,189.03333333333333
5671,2,19,pitch_jump,1.0,0.22853262988819087,16.50358922018696,189.03333333333333
5672,2,3,pitch_jump,1.0,0.13139941325176396,21.284626592849804,189.06666666666666
5672,2,5,pitch_jump,1.0,0.1319750479593639,19.257785885186983,189.06666666666666
5672,2,6,pitch_jump,1.0,0.11064106585569676,33.52951938686199,189.06666666666666
5672,2,7,pitch_jump,1.0,0.22974689462797687,30.909558000100944,189.06666666666666
5672,2,8,pitch_jump,1.0,0.1405246094350718,26.68897991074959,189.06666666666666
5672,2,9,pitch_jump,1.0,0.031122006926020455,16.74339665449091,189.06666666666666
5672,2,14,pitch_jump,1.0,0.011544453772788253,13.956112172496395,189.06666666666666
5672,2,17,pitch_jump,1.0,0.02913279186625955,17.767152495933043,189.06666666666666
5672,2,18,pitch_jump,1.0,0.13702211468296233,21.61795504184498,189.06666666666666
5672,2,19,pitch_jump,1.0,0.1586452580348297,24.47413402001681,189.06666666666666
5672,2,22,pitch_jump,1.0,0.17707093277500577,21.677631185100246,189.06666666666666
5673,2,6,pitch_jump,1.0,0.0642087904566276,16.521173916082535,189.1
5674,2,5,pitch_jump,1.0,0.1462114100902265,34.09784712697047,189.13333333333333
5674,2,7,pitch_jump,1.0,0.2275396992309988,24.550617136695802,189.13333333333333
5674,2,9,pitch_jump,1.0,0.12114933268510428,58.00394679076644,189.13333333333333
5674,2,14,pitch_jump,1.0,0.01489058658206879,67.20884428337551,189.13333333333333
5674,2,17,pitch_jump,1.0,0.027379460572135028,30.779716257563802,189.13333333333333
5674,2,18,pitch_jump,1.0,0.11698079960777258,23.437481957237928,189.13333333333333
5674,2,22,pitch_jump,1.0,0.17975793323362282,17.76283177840083,189.13333333333333
5675,2,3,pitch_jump,1.0,0.13497503482581835,14.194969997357504,189.16666666666666
5675,2,7,pitch_jump,1.0,0.22579635053171065,17.031511907401054,189.16666666666666
5675,2,8,pitch_jump,1.0,0.10610316985533155,16.428114307088784,189.16666666666666
5675,2,14,pitch_jump,1.0,0.034500497490415054,13.334294316003229,189.16666666666666
5675,2,17,pitch_jump,1.0,0.03616859704201068,12.140808903836735,189.16666666666666
5676,2,19,pitch_jump,1.0,0.08184615276138675,18.753461141375457,189.2
5676,2,22,pitch_jump,1.0,0.025644404334690972,12.511869571120956,189.2
5677,2,5,pitch_jump,1.0,0.13620336655763965,13.284504287725927,189.23333333333332
5677,2,9,pitch_jump,1.0,0.09914580164922976,17.794592111475655,189.23333333333332
5677,2,14,pitch_jump,1.0,0.09751495075011964,16.346035873995422,189.23333333333332
5678,2,5,pitch_jump,1.0,0.11531030059175883,29.067621943711064,189.26666666666668
5678,2,9,pitch_jump,1.0,0.06830607356632835,54.859910277012695,189.26666666666668
5678,2,14,pitch_jump,1.0,0.054107652446815854,59.683331412460305,189.26666666666668
5678,2,17,pitch_jump,1.0,0.030142510834718108,29.70600116275588,189.26666666666668
5678,2,18,pitch_jump,1.0,0.10239382440726233,22.73108844306347,189.26666666666668
5678,2,19,pitch_jump,1.0,0.19819749744064308,23.175517230141438,189.26666666666668
5678,2,22,pitch_jump,1.0,0.20230666690278987,15.022428707823988,189.26666666666668
5679,2,9,pitch_jump,1.0,0.014186815943477687,23.552546829196917,189.3
5679,2,14,pitch_jump,1.0,0.034373215222326094,28.58660776733363,189.3
5679,2,17,pitch_jump,1.0,0.014807649445346087,14.777203683091022,189.3
5679,2,19,pitch_jump,1.0,0.10558007159832733,17.168704411390927,189.3
5680,2,5,pitch_jump,1.0,0.1740085261322841,26.21728482841324,189.33333333333334
5680,2,7,pitch_jump,1.0,0.23238435708068292,12.499274174216689,189.33333333333334
5680,2,9,pitch_jump,1.0,0.09936911563494315,61.57729203259724,189.33333333333334
5680,2,14,pitch_jump,1.0,0.029820985325386944,76.12846813490212,189.33333333333334
5680,2,17,pitch_jump,1.0,0.0714660189629261,34.6547794742775,189.33333333333334
5680,2,18,pitch_jump,1.0,0.09583910207692152,25.85913033490103,189.33333333333334
5680,2,19,pitch_jump,1.0,0.2112936419127292,28.406937204112282,189.33333333333334
5680,2,22,pitch_jump,1.0,0.17677287397727914,17.527461756051178,189.33333333333334
5681,2,19,pitch_jump,1.0,0.16563002286645817,15.42356371269026,189.36666666666667
5682,2,3,pitch_jump,1.0,0.06375997118976842,14.490500373974882,189.4
5682,2,8,pitch_jump,1.0,0.02400189227426763,13.062541356546012,189.4
5682,2,17,pitch_jump,1.0,0.027116571169081855,12.857246309971131,189.4
5682,2,18,pitch_jump,1.0,0.05350310778241851,12.551182810452817,189.4
5683,2,5,pitch_jump,1.0,0.17111465510108398,15.872623941694957,189.43333333333334
5683,2,7,pitch_jump,1.0,0.22387561683981388,13.755201911710515,189.43333333333334
5683,2,8,pitch_jump,1.0,0.055990087757263954,15.444067900877409,189.43333333333334
5683,2,9,pitch_jump,1.0,0.1571361058751106,23.56580857242218,189.43333333333334
5683,2,14,pitch_jump,1.0,0.05129334858214918,29.690155113146833,189.43333333333334
5683,2,17,pitch_jump,1.0,0.024174560600422442,21.422592915665014,189.43333333333334
5683,2,18,pitch_jump,1.0,0.14275737280141765,19.609680407452114,189.43333333333334
5683,2,19,pitch_jump,1.0,0.19356356035084063,14.605665405288068,189.43333333333334
5683,2,22,pitch_jump,1.0,0.21233949201993205,14.934172005719567,189.43333333333334
5684,2,3,pitch_jump,1.0,0.1447641898951198,14.621160484444992,189.46666666666667
5684,2,7,pitch_jump,1.0,0.23422257842243513,16.378588784414337,189.46666666666667
5685,1,1103,pitch_jump,1.0,0.21634346799931692,12.558391763798113,189.5
5685,2,3,pitch_jump,1.0,0.07391978700838743,18.38574415041866,189.5
5685,2,5,pitch_jump,1.0,0.04495732381071865,12.43104265911785,189.5
5685,2,8,pitch_jump,1.0,0.036964625375756385,13.463368812833673,189.5
5685,2,17,pitch_jump,1.0,0.010564691212752475,15.768288822211376,189.5
5686,1,1103,pitch_jump,1.0,0.4226142008509876,15.603965063895767,189.53333333333333
5686,2,7,pitch_jump,1.0,0.2752966563790708,15.065926007941385,189.53333333333333
5686,2,9,pitch_jump,1.0,0.13478068787065292,17.4759600844257,189.53333333333333
5686,2,14,pitch_jump,1.0,0.06898494080084767,18.359819826102218,189.53333333333333
5687,2,5,pitch_jump,1.0,0.16895549320389583,15.12998871563026,189.56666666666666
5687,2,7,pitch_jump,1.0,0.25078767721798684,20.274157748575796,189.56666666666666
5687,2,8,pitch_jump,1.0,0.1023290339745182,14.397645588715157,189.56666666666666
5687,2,9,pitch_jump,1.0,0.10702580506196535,20.251240983130653,189.56666666666666
5687,2,14,pitch_jump,1.0,0.044378220867817036,21.94296144336021,189.56666666666666
5687,2,17,pitch_jump,1.0,0.04506261389290601,14.697104600479248,189.56666666666666
5687,2,18,pitch_jump,1.0,0.1351228440086409,14.377364359590427,189.56666666666666
5687,2,19,pitch_jump,1.0,0.20384127947944822,34.14497361795074,189.56666666666666
5687,2,22,pitch_jump,1.0,0.19110494454570803,16.47180665918762,189.56666666666666
5688,1,1103,pitch_jump,1.0,0.19573241788179715,31.61323670660699,189.6
5688,2,5,pitch_jump,1.0,0.06733978032689236,19.528828151238606,189.6
5688,2,7,pitch_jump,1.0,0.09855144409469721,15.64542967610438,189.6
5688,2,9,pitch_jump,1.0,0.02406124450445347,24.22518064989577,189.6
5688,2,14,pitch_jump,1.0,0.023873325931452638,31.42937896713622,189.6
5688,2,17,pitch_jump,1.0,0.011666476009880659,20.025055388577616,189.6
5688,2,18,pitch_jump,1.0,0.04666172486050535,17.119848393260288,189.6
5688,2,19,pitch_jump,1.0,0.09701440834813706,20.557425092734984,189.6
5688,2,22,pitch_jump,1.0,0.09149253190264069,15.220190312594426,189.6
5689,1,1103,pitch_jump,1.0,0.378440740424302,17.438019431130197,189.63333333333333
5689,2,5,pitch_jump,1.0,0.15460103513803308,16.571428447521377,189.63333333333333
5689,2,9,pitch_jump,1.0,0.08712705356933005,25.13162704223833,189.63333333333333
5689,2,14,pitch_jump,1.0,0.08094447346313843,25.323067192081137,189.63333333333333
5689,2,17,pitch_jump,1.0,0.08027968659959335,16.46280590437907,189.63333333333333
5689,2,18,pitch_jump,1.0,0.11952324161224549,15.170292707487885,189.63333333333333
5689,2,19,pitch_jump,1.0,0.21986318363012228,13.09453497163369,189.63333333333333
5690,1,1103,pitch_jump,1.0,0.3359258321177985,19.650062313963822,189.66666666666666
5690,2,5,pitch_jump,1.0,0.14278642453790044,18.75780373302606,189.66666666666666
5690,2,7,pitch_jump,1.0,0.19635459484562673,12.182437941755005,189.66666666666666
5690,2,9,pitch_jump,1.0,0.08464382294157205,29.855217861472465,189.66666666666666
5690,2,14,pitch_jump,1.0,0.08846616738738727,29.277337864931827,189.66666666666666
5690,2,17,pitch_jump,1.0,0.0608543130168668,20.622708561619906,189.66666666666666
5690,2,19,pitch_jump,1.0,0.2085614122449687,15.658744803232363,189.66666666666666
5690,2,22,pitch_jump,1.0,0.18598038360680985,14.910416631106534,189.66666666666666
5693,1,1103,pitch_jump,1.0,0.34154099222655565,16.817343017644458,189.76666666666668
5693,2,5,pitch_jump,1.0,0.14903590105083056,12.703293338518906,189.76666666666668
5693,2,6,pitch_jump,1.0,0.08633787131149565,12.281310636064939,189.76666666666668
5693,2,8,pitch_jump,1.0,0.07758792725184771,12.7742861706943,189.76666666666668
5693,2,9,pitch_jump,1.0,0.11574180718712077,16.57717667091898,189.76666666666668
5693,2,14,pitch_jump,1.0,0.09212728029990697,18.13723678825095,189.76666666666668
5693,2,17,pitch_jump,1.0,0.02609303055211732,15.210316440969795,189.76666666666668
5693,2,18,pitch_jump,1.0,0.11215748539204859,12.612994149001278,189.76666666666668
5693,2,19,pitch_jump,1.0,0.14874895886276743,14.299954731159316,189.76666666666668
5693,2,22,pitch_jump,1.0,0.1750108144881958,13.396587807277871,189.76666666666668
5694,1,1103,pitch_jump,1.0,0.1743482736384696,12.377042445781067,189.8
5695,1,1103,pitch_jump,1.0,0.3853032743623541,24.654099046236357,189.83333333333334
5695,2,5,pitch_jump,1.0,0.12881069068601678,32.168670114677795,189.83333333333334
5695,2,6,pitch_jump,1.0,0.06918143083516078,29.054365063299063,189.83333333333334
5695,2,7,pitch_jump,1.0,0.20370692653672653,27.157780660460595,189.83333333333334
5695,2,8,pitch_jump,1.0,0.052449240678034685,27.78984628571027,189.83333333333334
5695,2,9,pitch_jump,1.0,0.08424274139237843,34.859616232481464,189.83333333333334
5695,2,14,pitch_jump,1.0,0.05937366714692485,38.80807898289741,189.83333333333334
5695,2,17,pitch_jump,1.0,0.049757896272586706,35.37390128447981,189.83333333333334
5695,2,18,pitch_jump,1.0,0.1032573519003722,33.81956139632588,189.83333333333334
5695,2,19,pitch_jump,1.0,0.16562437039317843,30.781721505218485,189.83333333333334
5695,2,22,pitch_jump,1.0,0.16601547263853228,31.94838524384721,189.83333333333334
5696,1,1103,pitch_jump,1.0,0.3546751353930776,26.97634445765161,189.86666666666667
5696,2,5,pitch_jump,1.0,0.1149666433686124,27.169800454913805,189.86666666666667
5696,2,6,pitch_jump,1.0,0.06782114820704997,14.385399285742636,189.86666666666667
5696,2,7,pitch_jump,1.0,0.1949490841273846,27.74064838718487,189.86666666666667
5696,2,9,pitch_jump,1.0,0.039054196430267946,42.92023349062965,189.86666666666667
5696,2,14,pitch_jump,1.0,0.027652557696154666,53.08985684570169,189.86666666666667
5696,2,17,pitch_jump,1.0,0.034879712895895365,32.16985205468531,189.86666666666667
5696,2,18,pitch_jump,1.0,0.11142504665320084,20.21465652511804,189.86666666666667
5696,2,22,pitch_jump,1.0,0.13350289334435922,12.423787209788708,189.86666666666667
5697,1,1103,pitch_jump,1.0,0.1682594015047922,15.580714823899918,189.9
5697,2,9,pitch_jump,1.0,0.006268297137882423,16.484130488530308,189.9
5697,2,14,pitch_jump,1.0,0.022862823218718048,20.721843588639405,189.9
5698,1,1103,pitch_jump,1.0,0.34087612579515864,20.627537802706783,189.93333333333334
5698,2,5,pitch_jump,1.0,0.1126115501250791,22.682833206725437,189.93333333333334
5698,2,8,pitch_jump,1.0,0.08120590341163524,13.266892725619577,189.93333333333334
5698,2,9,pitch_jump,1.0,0.08786681869041985,33.275265576530174,189.93333333333334
5698,2,14,pitch_jump,1.0,0.08315778960716043,40.09057393434665,189.93333333333334
5698,2,17,pitch_jump,1.0,0.051391105834998105,30.682689195262693,189.93333333333334
5698,2,18,pitch_jump,1.0,0.13920054316835073,25.978900623616322,189.93333333333334
5698,2,19,pitch_jump,1.0,0.13804600649682006,18.058588315800787,189.93333333333334
5698,2,22,pitch_jump,1.0,0.1618907553537457,18.032328175039197,189.93333333333334
5699,1,1103,pitch_jump,1.0,0.2948884174032777,12.269180903201187,189.96666666666667
5699,2,5,pitch_jump,1.0,0.12002254565612419,22.671428793808783,189.96666666666667
5699,2,6,pitch_jump,1.0,0.019402496338410374,21.124030029569546,189.96666666666667
5699,2,7,pitch_jump,1.0,0.1454002543630587,20.754911537873877,189.96666666666667
5699,2,8,pitch_jump,1.0,0.07783167214438261,14.563668851808876,189.96666666666667
5699,2,9,pitch_jump,1.0,0.07682786750320932,27.148853826697966,189.96666666666667
5699,2,14,pitch_jump,1.0,0.05243954460379749,28.035854089074235,189.96666666666667
5699,2,17,pitch_jump,1.0,0.05424994947704842,19.62847972331307,189.96666666666667
5699,2,18,pitch_jump,1.0,0.09153003109981571,25.28066284714415,189.96666666666667
5699,2,19,pitch_jump,1.0,0.1493753103721253,19.61678134470414,189.96666666666667
5699,2,22,pitch_jump,1.0,0.16892322894208736,21.6584279841542,189.96666666666667
5700,2,14,pitch_jump,1.0,0.013524174796693158,12.324220706316858,190.0
5701,1,1103,pitch_jump,1.0,0.2730803570929271,13.220337274093326,190.03333333333333
5701,2,5,pitch_jump,1.0,0.08737340259154816,14.643930335650095,190.03333333333333
5701,2,6,pitch_jump,1.0,0.051709235844333144,21.928903588192178,190.03333333333333
5701,2,7,pitch_jump,1.0,0.13820416471215236,25.125931273040052,190.03333333333333
5701,2,8,pitch_jump,1.0,0.045881412065671326,21.062595864199487,190.03333333333333
5701,2,18,pitch_jump,1.0,0.10525778485069533,13.793952887338905,190.03333333333333
5701,2,22,pitch_jump,1.0,0.14107819104310654,16.334872451499688,190.03333333333333
5702,1,1103,pitch_jump,1.0,0.21637474218093364,16.72168485176565,190.06666666666666
5702,2,5,pitch_jump,1.0,0.10890152543706429,19.78522601986904,190.06666666666666
5702,2,9,pitch_jump,1.0,0.0993907225215302,31.732024301553107,190.06666666666666
5702,2,14,pitch_jump,1.0,0.057179793756697114,37.36718807363221,190.06666666666666
5702,2,17,pitch_jump,1.0,0.019859683279489337,28.586973758169048,190.06666666666666
5702,2,18,pitch_jump,1.0,0.09119307220324892,18.33230371922606,190.06666666666666
5702,2,19,pitch_jump,1.0,0.09367578277545367,16.405646431583488,190.06666666666666
5702,2,22,pitch_jump,1.0,0.12473217533352768,14.711316721419937,190.06666666666666
5703,2,6,pitch_jump,1.0,0.015336614067795991,18.540946984995333,190.1
5703,2,8,pitch_jump,1.0,0.008850790806141927,18.256023152217594,190.1
5703,2,17,pitch_jump,1.0,0.135595440013902,23.10927994188176,190.1
5704,1,1103,pitch_jump,1.0,0.3091738976968905,17.1271036209975,190.13333333333333
5704,2,14,pitch_jump,1.0,0.06399942490779587,19.423135971234156,190.13333333333333
5704,2,17,pitch_jump,1.0,0.04858407258543873,14.493403088117887,190.13333333333333
5705,2,6,pitch_jump,1.0,0.02399804739385128,14.194600059106927,190.16666666666666
5705,2,8,pitch_jump,1.0,0.04805215210814995,12.87329709031681,190.16666666666666
5705,2,14,pitch_jump,1.0,0.08237560239684862,13.596804124476026,190.16666666666666
5707,2,5,pitch_jump,1.0,0.07723221418535804,12.298481170572886,190.23333333333332
5707,2,6,pitch_jump,1.0,0.035261336255142536,18.751682918363144,190.23333333333332
5707,2,7,pitch_jump,1.0,0.12381507160573854,14.054642146632675,190.23333333333332
5707,2,8,pitch_jump,1.0,0.01745564199101525,19.954350797838234,190.23333333333332
5707,2,17,pitch_jump,1.0,0.006884072700950419,13.37128985596325,190.23333333333332
5707,2,19,pitch_jump,1.0,0.10493242193847463,14.09685422085681,190.23333333333332
5707,2,22,pitch_jump,1.0,0.08034333909825822,14.164809813544798,190.23333333333332
5709,1,1103,pitch_jump,1.0,0.019634113064646585,14.238272970503296,190.3
5709,2,6,pitch_jump,1.0,0.09159328631665635,20.922798165999907,190.3
5710,2,6,pitch_jump,1.0,0.06842845978858086,16.086685945181834,190.33333333333334
5710,2,14,pitch_jump,1.0,0.04341807518344631,16.03631880551337,190.33333333333334
5711,1,1103,pitch_jump,1.0,0.19533209927677955,13.297493942706348,190.36666666666667
5711,2,5,pitch_jump,1.0,0.04341010012488858,19.84601331794453,190.36666666666667
5711,2,6,pitch_jump,1.0,0.03441678337292916,21.877483371384038,190.36666666666667
5711,2,7,pitch_jump,1.0,0.06982701099950205,24.86903964595656,190.36666666666667
5711,2,8,pitch_jump,1.0,0.015647014970367558,21.743042166741077,190.36666666666667
5711,2,14,pitch_jump,1.0,0.03633859640800397,14.612956009513335,190.36666666666667
5711,2,17,pitch_jump,1.0,0.018506864697355924,19.190890935481768,190.36666666666667
5711,2,18,pitch_jump,1.0,0.03881170226266664,18.830178255689983,190.36666666666667
5711,2,19,pitch_jump,1.0,0.054815666094081776,19.22888267434121,190.36666666666667
5711,2,22,pitch_jump,1.0,0.08478843039098923,19.270395889556482,190.36666666666667
5712,2,6,pitch_jump,1.0,0.07013059146312176,12.884688399266901,190.4
5712,2,7,pitch_jump,1.0,0.011868331276150293,12.086341686259049,190.4
5712,2,17,pitch_jump,1.0,0.03300224334245263,12.559672841747409,190.4
5712,2,19,pitch_jump,1.0,0.012771647890108939,12.48124798150063,190.4
5713,2,6,pitch_jump,1.0,0.09626784668396143,22.13940343838616,190.43333333333334
5715,1,1103,pitch_jump,1.0,0.05905696254614954,14.283264532594925,190.5
5715,2,14,pitch_jump,1.0,0.023110052154136532,12.36824390567229,190.5
5720,1,1103,pitch_jump,1.0,0.07411304272759822,25.82965274408314,190.66666666666666
5720,2,5,pitch_jump,1.0,0.035887261169484326,14.254182277107034,190.66666666666666
5720,2,7,pitch_jump,1.0,0.07985490676401431,12.535517276309239,190.66666666666666
5720,2,14,pitch_jump,1.0,0.10361993324138796,13.151796316248571,190.66666666666666
5720,2,19,pitch_jump,1.0,0.02979897687695155,14.08926966672348,190.66666666666666
