frame,class_id,display_track_id,kind,dframe,body_heights_per_frame,speed_mps,time_s
4271,2,2,image_jump,1.0,14.03559772501947,2377.2597143443863,142.36666666666667
4272,2,1,image_jump,1.0,7.445419249416893,2117.935601096616,142.4
4273,2,1,image_jump,1.0,7.440108676867589,2140.6850754910606,142.43333333333334
4274,2,1,image_jump,1.0,7.289619782877744,2119.3524875190787,142.46666666666667
4275,2,1,image_jump,1.0,7.33319621113427,2113.627589057065,142.5
4276,2,1,image_jump,1.0,7.376170813482331,2097.9357921549836,142.53333333333333
4277,2,1,image_jump,1.0,7.455532971458676,2097.970993890559,142.56666666666666
4278,2,1,image_jump,1.0,7.378841720010893,2094.053045477626,142.6
4279,2,1,image_jump,1.0,7.347110816873209,2088.6230093979493,142.63333333333333
4280,2,1,image_jump,1.0,7.352299042063388,2097.5769664628288,142.66666666666666
4281,2,1,image_jump,1.0,7.317100750659845,2100.0677719677215,142.7
4283,2,1,image_jump,1.0,7.2810504363059625,2133.296864799326,142.76666666666668
4284,2,1,image_jump,1.0,7.378072560621757,2141.802378742883,142.8
4287,2,1,image_jump,1.0,7.454676523106257,2133.8705467544873,142.9
4288,2,1,image_jump,1.0,7.555020777273165,2120.6931823850646,142.93333333333334
4289,2,1,image_jump,1.0,7.695649569444853,2093.4446900167736,142.96666666666667
4290,2,1,image_jump,1.0,7.876555076097451,2093.7720029095544,143.0
4291,2,1,image_jump,1.0,8.066598799358433,2098.2397859907487,143.03333333333333
4292,2,1,image_jump,1.0,8.220337188742592,2117.3153974645516,143.06666666666666
4293,2,1,image_jump,1.0,8.309698839759113,2127.42683659694,143.1
4295,2,1,image_jump,1.0,8.29018084553816,2120.975886713636,143.16666666666666
4296,2,1,image_jump,1.0,8.22817258527921,2119.573764922633,143.2
4297,2,1,image_jump,1.0,8.206411205785756,2116.0460178933135,143.23333333333332
4298,2,1,image_jump,1.0,8.273838596748343,2149.8920416861097,143.26666666666668
4299,2,1,image_jump,1.0,8.27805393148201,2169.2188927854613,143.3
4301,2,1,image_jump,1.0,8.20163410500935,2127.286609913447,143.36666666666667
4302,2,1,image_jump,1.0,8.188739735720953,2130.635145726866,143.4
4303,2,1,image_jump,1.0,7.9748810847967615,2133.6112701781817,143.43333333333334
4304,2,1,image_jump,1.0,7.7015104911919705,2130.9438262267136,143.46666666666667
4369,2,1,image_jump,1.0,14.211405102661947,999.7788378595807,145.63333333333333
4373,2,1,image_jump,1.0,12.440505874185158,1012.834201057991,145.76666666666668
4374,2,1,image_jump,1.0,12.351473913314337,1007.8763275230367,145.8
4375,2,1,image_jump,1.0,12.196231868767294,1012.9605691470349,145.83333333333334
4376,2,1,image_jump,1.0,12.373251943266434,1008.0847234092477,145.86666666666667
4377,2,1,image_jump,1.0,12.525069455930268,1006.5388348590513,145.9
4378,2,1,image_jump,1.0,12.228962106775985,1006.8765863794077,145.93333333333334
4379,2,1,image_jump,1.0,11.065686351332735,1029.288635565659,145.96666666666667
4380,2,1,image_jump,1.0,11.037483579676532,1035.5060041515699,146.0
4381,2,1,image_jump,1.0,9.82994264295239,1037.132269101465,146.03333333333333
4382,2,1,image_jump,1.0,10.746788530140323,1023.3926901622167,146.06666666666666
4388,2,1,image_jump,1.0,9.448027275853383,1059.377563463465,146.26666666666668
4389,2,1,image_jump,1.0,9.470782733915867,1071.632931059155,146.3
4390,2,1,image_jump,1.0,8.909442967854643,1044.8064948769013,146.33333333333334
4391,2,1,image_jump,1.0,8.701183154134318,1043.6489580271084,146.36666666666667
4435,2,1,image_jump,1.0,21.503384152410014,1798.614113783266,147.83333333333334
4437,2,1,image_jump,1.0,21.126085312919646,1841.7324042102675,147.9
4438,2,1,image_jump,1.0,21.513432500765088,1842.9166046451264,147.93333333333334
4439,2,1,image_jump,1.0,22.841553862518943,1859.672118384973,147.96666666666667
4440,2,1,image_jump,1.0,23.403406865787662,1825.2949384536253,148.0
4441,2,1,image_jump,1.0,23.19475059251153,1819.7270568074139,148.03333333333333
4443,2,1,image_jump,1.0,23.134623852925046,1805.0841381442344,148.1
4444,2,1,image_jump,1.0,22.804605659130768,1825.4400564579018,148.13333333333333
4445,2,1,image_jump,1.0,22.711033824176543,1832.6005528496394,148.16666666666666
4446,2,1,image_jump,1.0,22.851120877097042,1823.8838655269133,148.2
4447,2,1,image_jump,1.0,22.98474491560168,1829.2496053601024,148.23333333333332
4448,2,1,image_jump,1.0,23.46420542795577,1814.027053984928,148.26666666666668
4449,2,1,image_jump,1.0,23.979312732838153,1828.9078859153549,148.3
4450,2,1,image_jump,1.0,24.39737285790126,1801.5870225540461,148.33333333333334
4451,2,1,image_jump,1.0,24.523589822152275,1805.5899667883475,148.36666666666667
4452,2,1,image_jump,1.0,24.308571376218957,1806.9331903165446,148.4
4453,2,1,image_jump,1.0,24.290355856110843,1795.2846850552232,148.43333333333334
4454,2,1,image_jump,1.0,24.177133223780753,1832.8418511723514,148.46666666666667
4455,2,1,image_jump,1.0,24.121756065401915,1806.5460647745094,148.5
4456,2,1,image_jump,1.0,23.565764240651546,1816.2576001033456,148.53333333333333
4457,2,1,image_jump,1.0,23.861368725590587,1809.0726833041017,148.56666666666666
4458,2,1,image_jump,1.0,24.256420520558354,1828.4474479229336,148.6
4459,2,1,image_jump,1.0,24.716860178844275,1790.4240768854845,148.63333333333333
4460,2,1,image_jump,1.0,25.48582297339624,1809.9846135679422,148.66666666666666
4461,2,1,image_jump,1.0,25.888803199354573,1818.5477319327008,148.7
4462,2,1,image_jump,1.0,25.82021585450794,1829.8365934844273,148.73333333333332
4464,2,1,image_jump,1.0,25.56933438637699,1845.1974143471796,148.8
4465,2,1,image_jump,1.0,25.170402973405494,1818.477969640474,148.83333333333334
4507,2,1,image_jump,1.0,28.21656486861448,1850.019881081154,150.23333333333332
4508,2,1,image_jump,1.0,27.477152217336606,1842.0585897361013,150.26666666666668
4508,2,2,image_jump,1.0,15.990799159059781,1293.2253499688668,150.26666666666668
4509,2,2,image_jump,1.0,15.863678447797612,1293.9748049517648,150.3
4510,2,1,image_jump,1.0,28.436758198815546,1851.5825181092164,150.33333333333334
4510,2,2,image_jump,1.0,15.4413169370683,1294.6624770278681,150.33333333333334
4511,2,2,image_jump,1.0,15.03132833090499,1284.0025155201786,150.36666666666667
4512,2,2,image_jump,1.0,14.864797133647178,1269.561863761579,150.4
4513,2,2,image_jump,1.0,14.806037474152307,1276.2703151931494,150.43333333333334
4514,2,2,image_jump,1.0,14.865566255607929,1267.425881990192,150.46666666666667
4515,2,2,image_jump,1.0,14.844596730644797,1289.3181637719701,150.5
4516,2,2,image_jump,1.0,15.051037464756364,1272.5791593003858,150.53333333333333
4517,2,2,image_jump,1.0,15.18755012496869,1268.281528196097,150.56666666666666
4518,2,2,image_jump,1.0,15.406422118248347,1274.5831835807346,150.6
4519,2,2,image_jump,1.0,15.350158998248267,1284.8587143489801,150.63333333333333
4520,2,2,image_jump,1.0,15.169859197174482,1272.743398001165,150.66666666666666
4521,2,2,image_jump,1.0,15.193072693726725,1261.6317982723456,150.7
4522,2,2,image_jump,1.0,15.030922261142411,1270.1686350337707,150.73333333333332
4523,2,2,image_jump,1.0,14.919340815258316,1258.488917212342,150.76666666666668
4524,2,2,image_jump,1.0,14.899724695703505,1252.1087550212314,150.8
4525,2,2,image_jump,1.0,14.797433219593987,1250.6753603147358,150.83333333333334
4526,2,2,image_jump,1.0,14.862666586293699,1246.567354459102,150.86666666666667
4527,2,2,image_jump,1.0,14.809590285107383,1250.8352973915823,150.9
4528,2,2,image_jump,1.0,14.848984088408127,1233.8211002021696,150.93333333333334
4529,2,2,image_jump,1.0,15.040614655227774,1252.9409522681951,150.96666666666667
4530,2,2,image_jump,1.0,15.193981159487864,1255.3701619015667,151.0
4531,2,2,image_jump,1.0,14.945373173327612,1259.739200129775,151.03333333333333
4533,2,2,image_jump,1.0,14.565317112775759,1297.3977571790963,151.1
4552,2,2,image_jump,1.0,12.236167532952965,1037.9424787266082,151.73333333333332
4553,2,2,image_jump,1.0,12.06846829785883,1025.7022351174903,151.76666666666668
4554,2,2,image_jump,1.0,11.97714663929412,1019.410024716732,151.8
4555,2,2,image_jump,1.0,11.748730576478874,1012.395643809342,151.83333333333334
4556,2,2,image_jump,1.0,11.591781977266097,993.3495931416202,151.86666666666667
4557,2,2,image_jump,1.0,11.447990837066781,1002.0380581577898,151.9
4558,2,2,image_jump,1.0,12.704131169122682,1303.744289377475,151.93333333333334
4559,2,2,image_jump,1.0,12.67200804724722,1293.185873038964,151.96666666666667
4561,2,2,image_jump,1.0,12.605816285471617,1278.0563538479137,152.03333333333333
4562,2,2,image_jump,1.0,12.803607213986234,1295.3948063364144,152.06666666666666
4563,2,2,image_jump,1.0,12.949381977770178,1312.9003957410785,152.1
4564,2,2,image_jump,1.0,13.114568514740213,1313.1985721716233,152.13333333333333
4565,2,2,image_jump,1.0,13.027359218046831,1300.6939531680478,152.16666666666666
4566,2,2,image_jump,1.0,13.042278346558305,1302.8983137379707,152.2
4567,2,2,image_jump,1.0,12.931102439401073,1312.0732560424906,152.23333333333332
4568,2,2,image_jump,1.0,12.615684938651542,1309.1690530640997,152.26666666666668
4569,2,2,image_jump,1.0,12.444951597950418,1314.508154426061,152.3
4574,2,2,image_jump,1.0,12.662842124417102,1332.0536986159896,152.46666666666667
4575,2,2,image_jump,1.0,12.802734360368852,1336.1932555342858,152.5
4576,2,2,image_jump,1.0,12.712148792809415,1330.2990602315244,152.53333333333333
4577,2,2,image_jump,1.0,12.44081027916108,1395.6198980927018,152.56666666666666
4578,2,2,image_jump,1.0,12.45246955558478,1345.2443291013908,152.6
4579,2,2,image_jump,1.0,12.376165857481556,1342.9190379353295,152.63333333333333
4580,2,2,image_jump,1.0,12.325505703328506,1343.5050295345795,152.66666666666666
4581,2,2,image_jump,1.0,12.26855972193071,1332.6761360676678,152.7
4582,2,2,image_jump,1.0,12.150482300269573,1337.3127153565822,152.73333333333332
4583,2,2,image_jump,1.0,12.047090051710056,1373.9395520080423,152.76666666666668
4585,2,2,image_jump,1.0,12.06509916982066,1386.1186422930864,152.83333333333334
4586,2,2,image_jump,1.0,12.20678289313039,1433.844188722601,152.86666666666667
4587,2,2,image_jump,1.0,12.162370670949468,1409.911935489249,152.9
4588,2,2,image_jump,1.0,12.309348130720206,1469.0725355640334,152.93333333333334
4589,2,2,image_jump,1.0,12.348044538278833,1445.2272355077232,152.96666666666667
4590,2,2,image_jump,1.0,12.410904116386309,1437.0781124945686,153.0
4591,2,2,image_jump,1.0,12.270502417567348,1401.1558995337803,153.03333333333333
4592,2,2,image_jump,1.0,12.130318110208291,1409.3396040861837,153.06666666666666
4593,2,2,image_jump,1.0,12.065259814369822,1400.6858273272164,153.1
4595,2,2,image_jump,1.0,11.889275942364895,1423.5384337941446,153.16666666666666
4596,2,2,image_jump,1.0,11.996208514554295,1441.9270236457069,153.2
4597,2,2,image_jump,1.0,12.0642720745985,1453.0903950884717,153.23333333333332
4600,2,2,image_jump,1.0,12.071822170697805,1460.7048505774012,153.33333333333334
4601,2,2,image_jump,1.0,12.095583290995034,1482.3234647880097,153.36666666666667
4602,2,2,image_jump,1.0,12.16599991890596,1441.5886969236494,153.4
4603,2,2,image_jump,1.0,12.149147411681739,1435.725485350865,153.43333333333334
4604,2,2,image_jump,1.0,12.154367496568888,1527.9192129632072,153.46666666666667
4605,2,2,image_jump,1.0,12.112339759406996,1573.0437448604935,153.5
4606,2,2,image_jump,1.0,12.013101009348238,1559.7830354101475,153.53333333333333
4607,2,2,image_jump,1.0,11.823721869083505,1570.008258027853,153.56666666666666
4608,2,2,image_jump,1.0,11.89980569025436,1561.492493174051,153.6
4609,2,2,image_jump,1.0,11.946089757015141,1394.2650823458102,153.63333333333333
4610,2,2,image_jump,1.0,11.929149773921827,1450.7426292646696,153.66666666666666
4611,2,2,image_jump,1.0,11.973229031367083,1486.355322382855,153.7
4765,2,1,image_jump,1.0,17.751894839570994,1026.5787142880488,158.83333333333334
4766,2,1,image_jump,1.0,17.847534478467583,1026.928497950265,158.86666666666667
4769,2,1,image_jump,2.0,8.666223381575072,502.9056316337638,158.96666666666667
4806,2,2,image_jump,1.0,9.768752104088193,1642.2516499863623,160.2
4811,2,2,image_jump,1.0,9.815886543833285,1699.098900780482,160.36666666666667
4813,2,2,image_jump,1.0,9.823987658042018,1643.3661625263503,160.43333333333334
4814,2,2,image_jump,1.0,9.836582103200959,1687.1923998253558,160.46666666666667
4817,2,2,image_jump,1.0,9.798233022382675,1677.00647206906,160.56666666666666
4818,2,2,image_jump,1.0,9.76161064549529,1655.0854852344114,160.6
4819,2,2,image_jump,1.0,9.797484165540302,1655.9649426328226,160.63333333333333
4820,2,2,image_jump,1.0,9.889820516962907,1658.3983247420435,160.66666666666666
4821,2,2,image_jump,1.0,9.899434009338067,1644.6142814010257,160.7
4822,2,2,image_jump,1.0,9.890735388819955,1636.683809063779,160.73333333333332
4826,2,2,image_jump,1.0,9.983044139398324,1624.310390038432,160.86666666666667
4843,2,2,image_jump,1.0,10.43146666797508,1633.719882633521,161.43333333333334
4847,2,2,image_jump,1.0,10.673416896167295,1638.9168262833432,161.56666666666666
4917,2,2,image_jump,1.0,11.429300851847554,1405.5477413678618,163.9
4918,2,2,image_jump,1.0,11.501893603305643,1413.259111355039,163.93333333333334
4919,2,2,image_jump,1.0,11.56044030999223,1407.638380618398,163.96666666666667
4920,2,2,image_jump,1.0,11.541909974302095,1405.3926627666938,164.0
4921,2,2,image_jump,1.0,11.568518582667405,1405.1607702881274,164.03333333333333
4922,2,2,image_jump,1.0,11.57657995845262,1433.0806511197193,164.06666666666666
4923,2,2,image_jump,1.0,11.538476804852891,1427.899896254888,164.1
4924,2,2,image_jump,1.0,11.523799362301759,1431.2325373262972,164.13333333333333
4925,2,2,image_jump,1.0,11.504909728551132,1433.8301712145467,164.16666666666666
4926,2,2,image_jump,1.0,11.448863019714812,1425.1368499186513,164.2
4927,2,2,image_jump,1.0,11.461391769152142,1431.4944767546037,164.23333333333332
4928,2,2,image_jump,1.0,11.534702104830117,1444.6318558766266,164.26666666666668
4929,2,2,image_jump,1.0,11.594603315817858,1448.861704758548,164.3
4930,2,2,image_jump,1.0,11.622923549396928,1437.0154748599143,164.33333333333334
4931,2,2,image_jump,1.0,11.700004735243207,1431.0671387886837,164.36666666666667
4932,2,2,image_jump,1.0,11.713192521333838,1443.1471740728314,164.4
4933,2,2,image_jump,1.0,11.691167716182163,1438.6695885235274,164.43333333333334
4934,2,2,image_jump,1.0,11.711799855364369,1436.8746672261793,164.46666666666667
4935,2,2,image_jump,1.0,11.734329667107387,1456.0012293097068,164.5
4936,2,2,image_jump,1.0,11.765721830663214,1480.5126371742303,164.53333333333333
4937,2,2,image_jump,1.0,11.998187496562764,1495.2517392653474,164.56666666666666
4938,2,2,image_jump,1.0,11.9681149853222,1481.5090873134482,164.6
4939,2,2,image_jump,1.0,12.009296281325417,1487.7543538524915,164.63333333333333
4940,2,2,image_jump,1.0,11.887238572537035,1509.2406609244856,164.66666666666666
4941,2,2,image_jump,1.0,11.85965733740763,1503.820416314388,164.7
4942,2,2,image_jump,1.0,11.879439820463064,1480.6656929545554,164.73333333333332
4943,2,2,image_jump,1.0,11.918055719243597,1474.0587753698524,164.76666666666668
4944,2,2,image_jump,1.0,12.037837168934555,1462.489237199807,164.8
4945,2,2,image_jump,1.0,12.105078630025721,1461.1877686606424,164.83333333333334
4946,2,2,image_jump,1.0,12.075923411044496,1449.1956381758885,164.86666666666667
4947,2,2,image_jump,1.0,12.04675650734002,1420.4810272543646,164.9
4948,2,2,image_jump,1.0,12.178965975202257,1409.7141720964382,164.93333333333334
4949,2,2,image_jump,1.0,12.257077316916902,1502.8355698257803,164.96666666666667
4950,2,2,image_jump,1.0,12.306440437624504,1467.38465181074,165.0
4951,2,2,image_jump,1.0,12.301957418399052,1464.7940044645109,165.03333333333333
4952,2,2,image_jump,1.0,12.337180302382547,1486.3001556896068,165.06666666666666
4953,2,2,image_jump,1.0,12.376731652954032,1492.2961781762092,165.1
4954,2,2,image_jump,1.0,12.447805197109538,1458.072335930939,165.13333333333333
4955,2,2,image_jump,1.0,12.513328708466256,1433.6098644617443,165.16666666666666
4956,2,2,image_jump,1.0,12.522652775226708,1425.930522813883,165.2
4957,2,2,image_jump,1.0,12.532086295573322,1424.0214751373799,165.23333333333332
4958,2,2,image_jump,1.0,12.580223376019287,1433.2803468098107,165.26666666666668
4959,2,2,image_jump,1.0,12.626213263504894,1438.6063260443282,165.3
4960,2,2,image_jump,1.0,12.790027887442728,1434.7073236474423,165.33333333333334
4961,2,2,image_jump,1.0,12.857817613727871,1457.2113631577279,165.36666666666667
4962,2,2,image_jump,1.0,13.035562213161084,1432.410081727682,165.4
4963,2,2,image_jump,1.0,13.219601312783093,1426.2117958779404,165.43333333333334
4964,2,2,image_jump,1.0,13.428883590436739,1400.247099069377,165.46666666666667
4965,2,2,image_jump,1.0,13.489168423854931,1392.7715262074573,165.5
4966,2,2,image_jump,1.0,13.58918229783793,1388.870915860012,165.53333333333333
4967,2,2,image_jump,1.0,13.824564757452972,1393.9243898105774,165.56666666666666
4968,2,2,image_jump,1.0,13.962175937601257,1410.5702646596703,165.6
4969,2,2,image_jump,1.0,14.203160143574447,1389.5336768797902,165.63333333333333
4970,2,2,image_jump,1.0,14.30085222593285,1404.8016914275663,165.66666666666666
4971,2,2,image_jump,1.0,14.368691196092799,1382.6890780494173,165.7
4972,2,2,image_jump,1.0,14.314826080704266,1368.0009461874731,165.73333333333332
4973,2,2,image_jump,1.0,14.34780614284475,1359.9574115706478,165.76666666666668
4974,2,2,image_jump,1.0,14.344698908715017,1373.973331924525,165.8
4975,2,2,image_jump,1.0,14.781700333145958,1341.860259174845,165.83333333333334
4976,2,2,image_jump,1.0,14.883534082994643,1368.304677785198,165.86666666666667
4977,2,2,image_jump,1.0,15.019671318735869,1338.00500820353,165.9
4978,2,2,image_jump,1.0,15.165217170704993,1373.4321679067853,165.93333333333334
4979,2,2,image_jump,1.0,15.490238927012449,1383.8696678646422,165.96666666666667
4980,2,2,image_jump,1.0,15.651534700021038,1350.59259389674,166.0
4981,2,2,image_jump,1.0,15.878756169855063,1348.9949732540365,166.03333333333333
4982,2,2,image_jump,1.0,16.029315749448337,1296.9943128437262,166.06666666666666
4983,2,2,image_jump,1.0,16.061792117986133,1302.4893840783548,166.1
4984,2,2,image_jump,1.0,16.469040276186018,1288.8044988407853,166.13333333333333
4985,2,2,image_jump,1.0,17.003177795529837,1291.4905362361203,166.16666666666666
4986,2,2,image_jump,1.0,17.563308367190718,1300.6327207213972,166.2
4987,2,2,image_jump,1.0,18.079513223659735,1289.7811300930348,166.23333333333332
4988,2,2,image_jump,1.0,26.55681984369356,1727.337368305337,166.26666666666668
4989,2,2,image_jump,1.0,26.751887747513095,1731.004796058771,166.3
4991,2,2,image_jump,1.0,27.475618244849272,1748.1326092034917,166.36666666666667
4992,2,2,image_jump,1.0,27.198891785798384,1829.5751103554408,166.4
4993,2,2,image_jump,1.0,28.03064868634729,1832.2538198586972,166.43333333333334
4994,2,2,image_jump,1.0,29.085315458003645,1836.106107057221,166.46666666666667
4995,2,2,image_jump,1.0,29.58082449680607,1837.036641222822,166.5
4996,2,2,image_jump,1.0,30.402087804411128,1842.3374277014173,166.53333333333333
5050,2,2,image_jump,1.0,2.73943587255563,518.8467941615144,168.33333333333334
5051,2,2,image_jump,1.0,3.1861269320186225,616.3466690498852,168.36666666666667
5052,2,2,image_jump,1.0,3.232686792508108,610.4580441530439,168.4
5067,2,2,image_jump,1.0,2.463343354149713,515.2502610816385,168.9
5081,2,2,image_jump,2.0,1.6524149206638,276.88033014353937,169.36666666666667
5082,2,2,image_jump,1.0,3.328619754269872,524.2016556067234,169.4
5090,2,2,image_jump,2.0,1.7849095482166404,272.87560255556235,169.66666666666666
5114,2,2,image_jump,4.0,1.2264461096850316,173.04607820828156,170.46666666666667
5115,2,2,image_jump,1.0,3.7468995081905474,635.3011447431587,170.5
5116,2,2,image_jump,1.0,3.9691523703678273,380.58880207308823,170.53333333333333
5117,2,2,image_jump,1.0,3.660384568394909,405.31374714731123,170.56666666666666
5133,2,2,image_jump,1.0,18.644019925095655,1098.3217197675071,171.1
5134,2,2,image_jump,1.0,17.924441549540795,1065.895716549687,171.13333333333333
5135,2,2,image_jump,1.0,17.47510077318921,1059.440004210003,171.16666666666666
5136,2,2,image_jump,1.0,17.32731367872435,1071.1419152630608,171.2
5137,2,2,image_jump,1.0,17.024918994602153,1060.197553085362,171.23333333333332
5138,2,2,image_jump,1.0,17.047157640508225,1070.8226981402358,171.26666666666668
5139,2,2,image_jump,1.0,17.10087176032512,1072.0445167213827,171.3
5140,2,2,image_jump,1.0,16.711910853297407,1097.3172472001336,171.33333333333334
5141,2,2,image_jump,1.0,16.58160251272962,1077.191029715119,171.36666666666667
5142,2,2,image_jump,1.0,16.5478754335734,1060.7949915263712,171.4
5143,2,2,image_jump,1.0,16.42273601893512,1072.8364966691352,171.43333333333334
5146,2,2,image_jump,1.0,16.866844069143035,1040.978209424204,171.53333333333333
5147,2,2,image_jump,1.0,16.805375141621838,1052.8685936503766,171.56666666666666
5152,2,2,image_jump,1.0,16.07230902065365,1072.3475506015316,171.73333333333332
5153,2,2,image_jump,1.0,16.034654842796837,1166.860517085065,171.76666666666668
5157,2,2,image_jump,1.0,15.919556504926712,1096.8821455227462,171.9
5160,2,2,image_jump,1.0,15.776865976864574,1283.3388858978753,172.0
5161,2,2,image_jump,1.0,15.573875141210115,1070.6369872553864,172.03333333333333
5162,2,2,image_jump,1.0,15.351068801080332,1075.7389138785031,172.06666666666666
5165,2,2,image_jump,1.0,15.28465378376373,1241.6371459170052,172.16666666666666
5167,2,2,image_jump,1.0,15.365369170047654,1047.7789801139372,172.23333333333332
5402,2,2,image_jump,1.0,2.1591051150866085,436.1861130133458,180.06666666666666
5404,2,2,image_jump,1.0,2.217705848739618,445.176168917205,180.13333333333333
5405,2,2,image_jump,1.0,2.2594014414709926,430.1052188872219,180.16666666666666
5406,2,2,image_jump,1.0,2.2816372101138374,440.05832895992785,180.2
5407,2,2,image_jump,1.0,2.292586730116114,442.64987915500745,180.23333333333332
5408,2,2,image_jump,1.0,2.292660177019362,444.9037336202289,180.26666666666668
5409,2,2,image_jump,1.0,2.2558407102989655,440.2424635651674,180.3
5410,2,2,image_jump,1.0,2.293735872019476,433.6974472604064,180.33333333333334
5411,2,2,image_jump,1.0,2.290910340425761,413.08735166711165,180.36666666666667
5414,2,2,image_jump,1.0,2.3090970736466114,414.38865046839857,180.46666666666667
5416,2,2,image_jump,1.0,2.2738362607194795,389.6129266495255,180.53333333333333
5417,2,2,image_jump,1.0,2.2928275899348245,380.84502506508187,180.56666666666666
5420,2,2,image_jump,1.0,2.4326848780682586,377.8402818826711,180.66666666666666
5422,2,2,image_jump,1.0,2.5786393532683505,398.642212915855,180.73333333333332
5423,2,2,image_jump,1.0,2.5667126064119894,377.7929848981111,180.76666666666668
5424,2,2,image_jump,1.0,2.5044030880789934,379.2587960687194,180.8
5454,2,2,image_jump,1.0,2.039882177923827,223.670442127299,181.8
5495,2,2,image_jump,1.0,7.003197659387113,602.7821929526677,183.16666666666666
5496,2,2,image_jump,1.0,6.9058273269371,596.0796382257878,183.2
5497,2,2,image_jump,1.0,7.042979231688619,603.2730860245554,183.23333333333332
5498,2,2,image_jump,1.0,7.565656001600573,657.9273182983176,183.26666666666668
5499,2,2,image_jump,1.0,6.642422511980832,527.1581326454607,183.3
5500,2,2,image_jump,1.0,6.698573335876736,526.4436447102894,183.33333333333334
5501,2,2,image_jump,1.0,6.721439141773363,525.4867918122302,183.36666666666667
5502,2,2,image_jump,1.0,6.677575708425486,520.3462837494437,183.4
5503,2,2,image_jump,1.0,6.776105127122815,517.7077302275202,183.43333333333334
5504,2,2,image_jump,1.0,6.733471745527457,523.8347683436494,183.46666666666667
5505,2,2,image_jump,1.0,6.667504151248981,486.26886258652183,183.5
5506,2,2,image_jump,1.0,6.605377901423964,558.5353288038776,183.53333333333333
5507,2,2,image_jump,1.0,6.515961158885173,546.6606589063199,183.56666666666666
5508,2,2,image_jump,1.0,6.383942658986668,507.3325464857855,183.6
5509,2,2,image_jump,1.0,6.397681322406406,542.8850360280511,183.63333333333333
5510,2,2,image_jump,1.0,6.354194084238536,533.2958337168985,183.66666666666666
5511,2,2,image_jump,1.0,6.337875979479627,509.4884749224618,183.7
5512,2,2,image_jump,1.0,6.401431318239514,518.8644619743866,183.73333333333332
5513,2,2,image_jump,1.0,6.269600304405172,535.119519935141,183.76666666666668
5514,2,2,image_jump,1.0,6.255962853381824,524.2837402036345,183.8
5515,2,2,image_jump,1.0,6.339144489973426,532.25329669417,183.83333333333334
5516,2,2,image_jump,1.0,6.287349372455969,512.10375852306,183.86666666666667
5517,2,2,image_jump,1.0,6.241874370237963,516.1474558865309,183.9
5518,2,2,image_jump,1.0,6.172529846707154,515.610452744021,183.93333333333334
5519,2,2,image_jump,1.0,6.05850263563945,519.6957182452995,183.96666666666667
5520,2,2,image_jump,1.0,5.9555459976721385,513.4769106029313,184.0
5521,2,2,image_jump,1.0,5.92100868162104,516.828153232115,184.03333333333333
5522,2,2,image_jump,1.0,5.961384464242397,508.5440146698137,184.06666666666666
5523,2,2,image_jump,1.0,6.005261341887426,512.5875899694258,184.1
5524,2,2,image_jump,1.0,6.208262508638648,520.5296885615027,184.13333333333333
5525,2,2,image_jump,1.0,6.26836791006152,500.4576680295915,184.16666666666666
5526,2,2,image_jump,1.0,6.202639817505514,503.4931675759804,184.2
5527,2,2,image_jump,1.0,6.0930138544224475,500.88451259949795,184.23333333333332
5528,2,2,image_jump,1.0,6.018955243479158,516.0631912003788,184.26666666666668
5529,2,2,image_jump,1.0,5.981319808804948,506.48378437540555,184.3
5530,2,2,image_jump,1.0,5.918536308365073,516.7366484789925,184.33333333333334
5531,2,2,image_jump,1.0,5.957132305923976,513.3813784091238,184.36666666666667
5532,2,2,image_jump,1.0,5.910445850198925,508.4546809991837,184.4
5533,2,2,image_jump,1.0,5.921061017398309,501.6081305424028,184.43333333333334
5534,2,2,image_jump,1.0,5.988947656889003,502.39577827915303,184.46666666666667
5535,2,2,image_jump,1.0,5.985874765541177,505.9164322520646,184.5
5536,2,2,image_jump,1.0,5.905594444835255,499.0370067307804,184.53333333333333
5537,2,2,image_jump,1.0,5.8746632892659365,495.61855586623085,184.56666666666666
5538,2,2,image_jump,1.0,5.858322239704331,489.37853622882625,184.6
5539,2,2,image_jump,1.0,5.908496972952291,490.30052023621175,184.63333333333333
5540,2,2,image_jump,1.0,5.957012550962566,481.62134863785684,184.66666666666666
5541,2,2,image_jump,1.0,6.023604762350636,476.85438063822704,184.7
5542,2,2,image_jump,1.0,5.986764157934046,483.77029981545655,184.73333333333332
5543,2,2,image_jump,1.0,5.968496296777205,487.89232633586107,184.76666666666668
5544,2,2,image_jump,1.0,5.98150496323679,484.51509840778976,184.8
5545,2,2,image_jump,1.0,5.975606149608587,488.22670351661577,184.83333333333334
5546,2,2,image_jump,1.0,6.0209137581797085,487.1152039457869,184.86666666666667
5547,2,2,image_jump,1.0,6.045658363240429,479.9604601973828,184.9
5548,2,2,image_jump,1.0,6.126905239030176,486.63817953096975,184.93333333333334
5549,2,2,image_jump,1.0,6.203464366432665,487.8225553504011,184.96666666666667
5550,2,2,image_jump,1.0,6.303828134930559,486.4910027530257,185.0
5551,2,2,image_jump,1.0,6.436271336305659,485.0459692096396,185.03333333333333
5552,2,2,image_jump,1.0,6.49512798749274,482.3916939277045,185.06666666666666
5553,2,2,image_jump,1.0,6.55177299707302,485.76848226261114,185.1
5554,2,2,image_jump,1.0,6.521233251927793,484.8710699559685,185.13333333333333
5555,2,2,image_jump,1.0,6.418252773458762,481.6784715728825,185.16666666666666
5556,2,2,image_jump,1.0,6.410218548684289,481.1585586000728,185.2
5557,2,2,image_jump,1.0,6.46670391507097,484.96365307881246,185.23333333333332
5558,2,2,image_jump,1.0,6.72488641538197,479.83937830467613,185.26666666666668
5559,2,2,image_jump,1.0,6.791191090546854,482.31628578192374,185.3
5560,2,2,image_jump,1.0,6.765633302955668,477.17635667766626,185.33333333333334
5561,2,2,image_jump,1.0,6.742504504133969,477.24698761995745,185.36666666666667
5562,2,2,image_jump,1.0,6.709531466459168,481.5884435029526,185.4
5563,2,2,image_jump,1.0,6.639433056357533,485.0588768280629,185.43333333333334
5564,2,2,image_jump,1.0,6.585622773803115,483.0943900079557,185.46666666666667
5565,2,2,image_jump,1.0,6.55737329741636,478.87395400781446,185.5
5566,2,2,image_jump,1.0,6.481540183341137,483.0625154906449,185.53333333333333
5567,2,2,image_jump,1.0,6.506540409894695,485.5525875495521,185.56666666666666
5568,2,2,image_jump,1.0,6.5366392621429945,484.3379202417031,185.6
5569,2,2,image_jump,1.0,6.5181398666054,491.4738787404037,185.63333333333333
5570,2,2,image_jump,1.0,6.444071409107533,496.00462963492976,185.66666666666666
5571,2,2,image_jump,1.0,6.512682786721572,488.8684010711055,185.7
5572,2,2,image_jump,1.0,6.4667180892117075,485.3549275833798,185.73333333333332
5573,2,2,image_jump,1.0,6.516487917517309,490.31536547361435,185.76666666666668
5574,2,2,image_jump,1.0,6.6393919551745055,491.7516918285073,185.8
5575,2,2,image_jump,1.0,6.7499230125466365,483.1198977610261,185.83333333333334
5576,2,2,image_jump,1.0,6.855536486220153,485.40568489262597,185.86666666666667
5577,2,2,image_jump,1.0,6.964072050502952,483.8067296933086,185.9
5578,2,2,image_jump,1.0,6.994548065963259,481.91958422608104,185.93333333333334
5579,2,2,image_jump,1.0,6.991459273352778,489.4547275794344,185.96666666666667
5580,2,2,image_jump,1.0,7.036501447983914,483.5342381345548,186.0
5581,2,2,image_jump,1.0,6.97704069853224,481.33184953739493,186.03333333333333
5582,2,2,image_jump,1.0,6.871503333629971,487.1694468341643,186.06666666666666
5583,2,2,image_jump,1.0,6.8540853351054984,488.3049289749218,186.1
5584,2,2,image_jump,1.0,6.953623673157277,480.2878256936301,186.13333333333333
5585,2,2,image_jump,1.0,7.094283221704064,482.4872297161508,186.16666666666666
5586,2,2,image_jump,1.0,7.186402521021991,479.7229626761595,186.2
5587,2,2,image_jump,1.0,7.220017278156906,482.1065583885063,186.23333333333332
5588,2,2,image_jump,1.0,7.3121013754188295,492.38301226093455,186.26666666666668
5589,2,2,image_jump,1.0,7.374078356382389,491.69558703977975,186.3
5590,2,2,image_jump,1.0,7.371069605119438,488.26195746843393,186.33333333333334
5591,2,2,image_jump,1.0,7.376176858390537,482.5138364286686,186.36666666666667
5592,2,2,image_jump,1.0,7.252164516673012,474.3614135372322,186.4
5593,2,2,image_jump,1.0,7.1330181217171305,467.3879910024364,186.43333333333334
5594,2,2,image_jump,1.0,7.118388090109179,459.4816723945095,186.46666666666667
5595,2,2,image_jump,1.0,7.1066419820329125,455.7877138677388,186.5
5596,2,2,image_jump,1.0,7.129402532587647,450.4102101704722,186.53333333333333
5597,2,2,image_jump,1.0,7.173295965087756,454.79695168580145,186.56666666666666
5598,2,2,image_jump,1.0,7.163612220720432,459.82629442232655,186.6
5599,2,2,image_jump,1.0,7.164477603820574,456.13181798732927,186.63333333333333
5600,2,2,image_jump,1.0,7.175985200107382,450.86264725734827,186.66666666666666
5601,2,2,image_jump,1.0,7.0481933080178,443.14608943683726,186.7
5602,2,2,image_jump,1.0,7.03720465725191,437.5827444145688,186.73333333333332
5603,2,2,image_jump,1.0,7.049570991360752,433.3197712787084,186.76666666666668
5604,2,2,image_jump,1.0,7.111392584969106,435.5991118414648,186.8
5605,2,2,image_jump,1.0,7.193426776849974,440.0447385637948,186.83333333333334
5606,2,2,image_jump,1.0,7.293983764505393,449.94388478307854,186.86666666666667
5607,2,2,image_jump,1.0,7.300925087059409,448.89148227205203,186.9
5608,2,2,image_jump,1.0,7.3311898161638585,449.75937241758237,186.93333333333334
5609,2,2,image_jump,1.0,7.1557739035930865,444.47957408090554,186.96666666666667
5610,2,2,image_jump,1.0,6.974248953158723,437.8622845765203,187.0
5611,2,2,image_jump,1.0,6.9797584716620715,424.56807103701726,187.03333333333333
5612,2,2,image_jump,1.0,6.8657895391515,413.5783120243113,187.06666666666666
5613,2,2,image_jump,1.0,6.70510644064583,412.67872604917676,187.1
5614,2,2,image_jump,1.0,6.721684530885036,410.41684205486916,187.13333333333333
5615,2,2,image_jump,1.0,6.752666493125488,412.64769367298385,187.16666666666666
5616,2,2,image_jump,1.0,6.6889448280636525,419.23493041392663,187.2
5617,2,2,image_jump,1.0,6.778926209460566,423.0585098532187,187.23333333333332
5618,2,2,image_jump,1.0,6.70952384397343,418.8094263288991,187.26666666666668
5619,2,2,image_jump,1.0,6.712633055611689,411.6908287569363,187.3
5620,2,2,image_jump,1.0,6.767002126006716,405.4453557764139,187.33333333333334
5621,2,2,image_jump,1.0,6.699767885873153,406.0285891946288,187.36666666666667
5622,2,2,image_jump,1.0,6.65325945795158,402.8954642846568,187.4
5623,2,2,image_jump,1.0,6.716002788048256,393.379326304082,187.43333333333334
5624,2,2,image_jump,1.0,6.755527319604323,393.97449504739876,187.46666666666667
5625,2,2,image_jump,1.0,6.721641311574927,397.65032196936636,187.5
5626,2,2,image_jump,1.0,6.839537933731467,401.0936236825952,187.53333333333333
5627,2,2,image_jump,1.0,6.914773308571744,395.3727334488513,187.56666666666666
5628,2,2,image_jump,1.0,6.959969622010154,389.4073653888555,187.6
5629,2,2,image_jump,1.0,7.111145022015813,405.3717710611212,187.63333333333333
5630,2,2,image_jump,1.0,7.241767374117042,401.658204860316,187.66666666666666
5631,2,2,image_jump,1.0,7.148977683320849,396.977159953723,187.7
5632,2,2,image_jump,1.0,7.087092776514252,386.5917084575942,187.73333333333332
5633,2,2,image_jump,1.0,6.937989754649192,347.8857556960326,187.76666666666668
5634,2,2,image_jump,1.0,6.707110250446663,337.68385219316224,187.8
5635,2,2,image_jump,1.0,6.720294967409742,345.7423409998049,187.83333333333334
5636,2,2,image_jump,1.0,6.801767587867386,340.1046709592438,187.86666666666667
5637,2,2,image_jump,1.0,6.628658838660991,352.0847355631044,187.9
5638,2,2,image_jump,1.0,6.696822622695341,361.3770824206544,187.93333333333334
5639,2,2,image_jump,1.0,6.584013518668961,358.6820711660533,187.96666666666667
5640,2,2,image_jump,1.0,6.412062059405603,362.89251860377277,188.0
5641,2,2,image_jump,1.0,6.566795786678369,365.13381790960045,188.03333333333333
5642,2,2,image_jump,1.0,6.684532984171766,381.36660067612286,188.06666666666666
5643,2,2,image_jump,1.0,6.742807897478215,382.5041809917504,188.1
5644,2,2,image_jump,1.0,7.014957970291536,369.5713422930734,188.13333333333333
5645,2,2,image_jump,1.0,6.941717330623726,372.2370194448478,188.16666666666666
5646,2,2,image_jump,1.0,6.776498137716282,370.3271297900461,188.2
5647,2,2,image_jump,1.0,6.902186544902757,347.05629386218726,188.23333333333332
5648,2,2,image_jump,1.0,6.891925983389594,350.8311713006826,188.26666666666668
5649,2,2,image_jump,1.0,6.6430803966698875,345.32476036538833,188.3
5650,2,2,image_jump,1.0,6.747261743891328,340.41064093881755,188.33333333333334
5651,2,2,image_jump,1.0,6.731920128487745,369.92946009784725,188.36666666666667
5652,2,2,image_jump,1.0,6.628838092638641,378.3689596306168,188.4
5653,2,2,image_jump,1.0,6.734943021775615,353.2763284023096,188.43333333333334
5654,2,2,image_jump,1.0,6.73546176165807,364.9368686342151,188.46666666666667
5655,2,2,image_jump,1.0,6.78539384357293,374.8279970683958,188.5
5656,2,2,image_jump,1.0,6.874266806793117,361.65720981303093,188.53333333333333
5657,2,2,image_jump,1.0,6.872106820068168,371.3470137246731,188.56666666666666
5658,2,2,image_jump,1.0,6.7685126008320475,377.1664250961415,188.6
5659,2,2,image_jump,1.0,6.796566830635221,372.20916143226736,188.63333333333333
5660,2,2,image_jump,1.0,6.802323440574441,359.3546380119182,188.66666666666666
5661,2,2,image_jump,1.0,6.717928590034834,364.118495371193,188.7
5662,2,2,image_jump,1.0,6.735163362034183,369.0502784792718,188.73333333333332
5663,2,2,image_jump,1.0,6.755480814085973,354.19997415058623,188.76666666666668
5664,2,2,image_jump,1.0,6.651715369335631,377.4199577146965,188.8
5665,2,2,image_jump,1.0,6.775176097453785,382.76395480075547,188.83333333333334
5666,2,2,image_jump,1.0,6.806734820178752,371.1421043727064,188.86666666666667
5667,2,2,image_jump,1.0,6.74242084161829,353.29662092440645,188.9
5668,2,2,image_jump,1.0,6.854719577575142,381.49530055267695,188.93333333333334
5669,2,2,image_jump,1.0,6.899137318305877,353.67622187185316,188.96666666666667
5670,2,2,image_jump,1.0,6.830870538985767,344.0171173936024,189.0
5671,2,2,image_jump,1.0,7.212564994424324,375.1623560241941,189.03333333333333
5672,2,2,image_jump,1.0,6.9923687713804705,343.1199691491516,189.06666666666666
5673,2,2,image_jump,1.0,7.06943409688204,359.4955283983341,189.1
5674,2,2,image_jump,1.0,7.011175706938804,371.0864497040622,189.13333333333333
5675,2,2,image_jump,1.0,6.708400100245478,367.79396217054017,189.16666666666666
5676,2,2,image_jump,1.0,6.535397603356455,376.799300675736,189.2
5677,2,2,image_jump,1.0,6.556626001606925,375.30865457168244,189.23333333333332
5678,2,2,image_jump,1.0,6.601504086700509,365.79239541972805,189.26666666666668
5679,2,2,image_jump,1.0,6.496905745381048,389.1156328020832,189.3
5680,2,2,image_jump,1.0,6.557199027267363,381.7635170834104,189.33333333333334
5681,2,2,image_jump,1.0,6.741161319788886,398.53212854481023,189.36666666666667
5682,2,2,image_jump,1.0,7.211446682075915,419.4155653091456,189.4
5684,2,2,image_jump,1.0,6.88927483307342,393.39949484457196,189.46666666666667
5685,2,2,image_jump,1.0,6.99864151614485,409.20152282542483,189.5
5686,2,2,image_jump,1.0,6.906771795339975,405.75470880395613,189.53333333333333
5687,2,2,image_jump,1.0,6.9222783459700965,424.1663074444188,189.56666666666666
5688,2,2,image_jump,1.0,7.091200693281628,399.7872994177125,189.6
5689,2,2,image_jump,1.0,7.1632240155042535,423.9804885570237,189.63333333333333
5690,2,2,image_jump,1.0,7.542209698122447,428.33534915535853,189.66666666666666
5691,2,2,image_jump,1.0,7.372304690970229,417.3335377616916,189.7
5692,2,2,image_jump,1.0,7.141905307504546,418.4521590165443,189.73333333333332
5693,2,2,image_jump,1.0,7.071087829340023,429.621155658858,189.76666666666668
5694,2,2,image_jump,1.0,7.225660092810743,423.2699034433987,189.8
5695,2,2,image_jump,1.0,7.04210044999938,444.489166160865,189.83333333333334
5696,2,2,image_jump,1.0,6.982679904071366,401.0431500623941,189.86666666666667
5697,2,2,image_jump,1.0,6.971210761415268,393.9347721291463,189.9
5698,2,2,image_jump,1.0,6.9282942726312555,376.96992345641996,189.93333333333334
5699,2,2,image_jump,1.0,7.014235366551785,405.7567512265555,189.96666666666667
5700,2,2,image_jump,1.0,7.125038319367452,400.8985911651736,190.0
5701,2,2,image_jump,1.0,6.986892781332585,407.75730433807274,190.03333333333333
5702,2,2,image_jump,1.0,7.1141467774191245,407.90259455842664,190.06666666666666
5703,2,2,image_jump,1.0,7.371235485843875,409.42378977994844,190.1
5704,2,2,image_jump,1.0,7.4430401084274,399.7400493472211,190.13333333333333
5705,2,2,image_jump,1.0,7.571137426519699,404.09884140280263,190.16666666666666
5706,2,2,image_jump,1.0,7.668291691905555,391.1078788660037,190.2
5707,2,2,image_jump,1.0,7.57827216402298,405.37260498546243,190.23333333333332
5708,2,2,image_jump,1.0,7.508419313527866,383.5640662663533,190.26666666666668
5709,2,2,image_jump,1.0,7.514630186748667,390.3779371013689,190.3
5710,2,2,image_jump,1.0,7.443846964003904,393.1045400703071,190.33333333333334
5711,2,2,image_jump,1.0,7.437126223671545,406.67083369423057,190.36666666666667
5712,2,2,image_jump,1.0,7.487260667476794,400.9621760427957,190.4
5713,2,2,image_jump,1.0,7.393251239131957,390.54267440245604,190.43333333333334
5714,2,2,image_jump,1.0,7.397322407052628,388.3635395419613,190.46666666666667
5715,2,2,image_jump,1.0,7.4653184124365355,390.6471013300639,190.5
5716,2,2,image_jump,1.0,7.5049133936331245,390.86291105782567,190.53333333333333
5717,2,2,image_jump,1.0,7.592240192301935,389.1021669961113,190.56666666666666
5718,2,2,image_jump,1.0,7.777828827261405,392.8311584705244,190.6
5719,2,2,image_jump,1.0,7.807229786117043,394.5304292456129,190.63333333333333
5720,2,2,image_jump,1.0,7.7291194542833495,401.8634828882028,190.66666666666666
4271,2,1,pitch_jump,1.0,0.007115692952742902,23.744703232241488,142.36666666666667
4271,2,3,pitch_jump,1.0,0.00845827538212412,15.2641514296513,142.36666666666667
4271,2,5,pitch_jump,1.0,0.01598127175205992,15.888341260212318,142.36666666666667
4271,2,6,pitch_jump,1.0,0.012147213629895955,17.46809111198748,142.36666666666667
4271,2,7,pitch_jump,1.0,0.010030504018352206,20.07807844852736,142.36666666666667
4271,2,8,pitch_jump,1.0,0.007998739652755308,12.871166134435386,142.36666666666667
4271,2,9,pitch_jump,1.0,0.028771203607490647,20.443437540260774,142.36666666666667
4271,2,10,pitch_jump,1.0,0.00435804764029422,18.361558426580405,142.36666666666667
4271,2,12,pitch_jump,1.0,0.019920375720806977,12.728741570539885,142.36666666666667
4271,2,18,pitch_jump,1.0,0.0137911298651727,20.979395763493656,142.36666666666667
4271,2,19,pitch_jump,1.0,0.02727165913583522,21.238184810698016,142.36666666666667
4273,2,7,pitch_jump,1.0,0.008049479971387002,12.196514408138249,142.43333333333334
4273,2,15,pitch_jump,1.0,0.025989054814879276,13.700200952524261,142.43333333333334
4274,2,2,pitch_jump,1.0,0.028455656680371477,18.866592932389658,142.46666666666667
4274,2,3,pitch_jump,1.0,0.012719839661584067,13.902856886189062,142.46666666666667
4274,2,5,pitch_jump,1.0,0.02599517587134825,16.489080086005284,142.46666666666667
4274,2,6,pitch_jump,1.0,0.0025683691066752303,18.606651816756052,142.46666666666667
4274,2,7,pitch_jump,1.0,0.008508601690406752,27.963586894113806,142.46666666666667
4274,2,9,pitch_jump,1.0,0.044148723154530896,34.33839864488802,142.46666666666667
4274,2,10,pitch_jump,1.0,0.0053332030530273845,24.53091991834222,142.46666666666667
4274,2,14,pitch_jump,1.0,0.040337439228112844,15.873880792723757,142.46666666666667
4274,2,18,pitch_jump,1.0,0.019911222891384243,31.341898531147166,142.46666666666667
4274,2,19,pitch_jump,1.0,0.041617958200606216,37.66608780624282,142.46666666666667
4275,2,7,pitch_jump,1.0,0.003215024648883413,14.4006485912169,142.5
4275,2,9,pitch_jump,1.0,0.027744107168458265,15.246853190220962,142.5
4275,2,10,pitch_jump,1.0,0.006747505454699035,14.301729029133213,142.5
4275,2,18,pitch_jump,1.0,0.00856760595655422,16.678104330021107,142.5
4275,2,19,pitch_jump,1.0,0.02273558005099954,14.899634451510389,142.5
4280,2,2,pitch_jump,1.0,0.003960460863686295,16.20710615823444,142.66666666666666
4280,2,3,pitch_jump,1.0,0.018541954522160644,18.987973683371045,142.66666666666666
4280,2,4,pitch_jump,1.0,0.008150695296056226,12.197919754434592,142.66666666666666
4280,2,5,pitch_jump,1.0,0.013906090017940255,14.517694851290447,142.66666666666666
4280,2,7,pitch_jump,1.0,0.021105983631631752,16.716437379198595,142.66666666666666
4280,2,8,pitch_jump,1.0,0.015212431059695481,13.654974799271745,142.66666666666666
4280,2,9,pitch_jump,1.0,0.02678640201637849,15.596040340325061,142.66666666666666
4280,2,10,pitch_jump,1.0,0.009657147280256727,14.264971993867116,142.66666666666666
4280,2,14,pitch_jump,1.0,0.018942328499338537,13.034514500953646,142.66666666666666
4282,2,1,pitch_jump,1.0,0.013007582882825925,18.54790494384218,142.73333333333332
4282,2,3,pitch_jump,1.0,0.020559116569179633,14.215224692577829,142.73333333333332
4282,2,15,pitch_jump,1.0,0.024278571743478028,13.432594275585007,142.73333333333332
4283,2,3,pitch_jump,1.0,0.019171871442716888,12.383659105234937,142.76666666666668
4283,2,7,pitch_jump,1.0,0.013194962281085763,12.248249701583267,142.76666666666668
4285,2,1,pitch_jump,1.0,0.0145859284217254,22.0273699695034,142.83333333333334
4285,2,2,pitch_jump,1.0,0.010801074041318656,15.27629524528596,142.83333333333334
4285,2,3,pitch_jump,1.0,0.010321050236472966,16.048090544816397,142.83333333333334
4285,2,7,pitch_jump,1.0,0.001498112613773998,16.801260520699607,142.83333333333334
4285,2,15,pitch_jump,1.0,0.023891185082299128,12.361998446887434,142.83333333333334
4286,2,1,pitch_jump,1.0,0.012718820268494982,21.227321408169374,142.86666666666667
4286,2,5,pitch_jump,1.0,0.03104426410652734,15.288997275827857,142.86666666666667
4286,2,7,pitch_jump,1.0,0.0149672534555888,15.614642061891189,142.86666666666667
4286,2,9,pitch_jump,1.0,0.04527689136617136,18.082762814529918,142.86666666666667
4286,2,14,pitch_jump,1.0,0.033751869763254644,14.085236768255944,142.86666666666667
4286,2,18,pitch_jump,1.0,0.0350060704522377,12.645304428870093,142.86666666666667
4288,2,2,pitch_jump,1.0,0.0130697029084362,14.72571725547591,142.93333333333334
4288,2,3,pitch_jump,1.0,0.008632455644306234,13.258590224523347,142.93333333333334
4288,2,4,pitch_jump,1.0,0.004485744541707258,12.358551277653392,142.93333333333334
4288,2,5,pitch_jump,1.0,0.01113430003586438,14.425699003281085,142.93333333333334
4288,2,7,pitch_jump,1.0,0.00409610541000914,14.176401348326964,142.93333333333334
4288,2,9,pitch_jump,1.0,0.05094860234736034,12.690650705265933,142.93333333333334
4288,2,14,pitch_jump,1.0,0.036897481948919404,20.459899361088823,142.93333333333334
4294,2,1,pitch_jump,1.0,0.029551523528611623,14.100252201482919,143.13333333333333
4294,2,9,pitch_jump,1.0,0.026447416704031897,13.192216997521394,143.13333333333333
4294,2,18,pitch_jump,1.0,0.02064584108647848,13.052447248237918,143.13333333333333
4298,2,2,pitch_jump,1.0,0.019795321788844713,12.118023569862151,143.26666666666668
4298,2,3,pitch_jump,1.0,0.014727810575518826,12.757030308905811,143.26666666666668
4298,2,7,pitch_jump,1.0,0.010301174379593572,14.180029872827848,143.26666666666668
4298,2,15,pitch_jump,1.0,0.01890930939632248,13.100877342989794,143.26666666666668
4300,2,1,pitch_jump,1.0,0.05244887289894057,29.314715302457916,143.33333333333334
4300,2,2,pitch_jump,1.0,0.003962650625296883,20.412490829730267,143.33333333333334
4300,2,3,pitch_jump,1.0,0.019614487917559296,18.165038302636734,143.33333333333334
4300,2,5,pitch_jump,1.0,0.027922124224448515,22.032560858342162,143.33333333333334
4300,2,6,pitch_jump,1.0,0.00624734090823642,12.747692852735703,143.33333333333334
4300,2,7,pitch_jump,1.0,0.01140331041074994,24.24312236531063,143.33333333333334
4300,2,8,pitch_jump,1.0,0.031799745304987345,15.673122845905244,143.33333333333334
4300,2,9,pitch_jump,1.0,0.040512234654022254,18.495588531458186,143.33333333333334
4300,2,10,pitch_jump,1.0,0.014119715877537426,12.622280007721526,143.33333333333334
4300,2,14,pitch_jump,1.0,0.000611878501944292,15.234362317828253,143.33333333333334
4304,2,2,pitch_jump,1.0,0.01766259166068034,15.535917735631534,143.46666666666667
4304,2,3,pitch_jump,1.0,0.014608646166179544,13.431665910322879,143.46666666666667
4304,2,5,pitch_jump,1.0,0.02279472421838018,14.807847141794111,143.46666666666667
4304,2,7,pitch_jump,1.0,0.005030893084603565,15.807089614289067,143.46666666666667
4304,2,14,pitch_jump,1.0,0.019419462798835527,14.081875655818589,143.46666666666667
4306,2,11,pitch_jump,1.0,0.03025784732524966,13.335255210532067,143.53333333333333
4307,2,1,pitch_jump,1.0,0.05025866832383171,17.292323303516653,143.56666666666666
4307,2,3,pitch_jump,1.0,0.002544196744919144,12.430486404692193,143.56666666666666
4307,2,7,pitch_jump,1.0,0.020604080031210247,14.691608414784213,143.56666666666666
4309,2,1,pitch_jump,1.0,0.05268422438648507,12.90755634670161,143.63333333333333
4309,2,9,pitch_jump,1.0,0.03060722304749308,12.996692595104198,143.63333333333333
4309,2,18,pitch_jump,1.0,0.02764551251183224,16.219590300031783,143.63333333333333
4311,2,1,pitch_jump,1.0,0.07648875870884882,16.506379007400827,143.7
4311,2,2,pitch_jump,1.0,0.015031704897858222,12.124169804673183,143.7
4311,2,3,pitch_jump,1.0,0.006287805520434046,13.576458785672544,143.7
4311,2,5,pitch_jump,1.0,0.003925365907431461,13.08761617771546,143.7
4311,2,7,pitch_jump,1.0,0.0492691488958318,17.314170832312705,143.7
4312,2,14,pitch_jump,1.0,0.031002899855063354,13.376499872536703,143.73333333333332
4313,2,1,pitch_jump,1.0,0.060360191606291275,35.3942050825768,143.76666666666668
4313,2,2,pitch_jump,1.0,0.028610951298882453,18.07063318005128,143.76666666666668
4313,2,3,pitch_jump,1.0,0.009636449751642484,21.38196747622,143.76666666666668
4313,2,4,pitch_jump,1.0,0.00359514624487208,14.419237132828513,143.76666666666668
4313,2,5,pitch_jump,1.0,0.017757033431928842,16.58058658084001,143.76666666666668
4313,2,6,pitch_jump,1.0,0.016134334850433474,16.367729916199544,143.76666666666668
4313,2,7,pitch_jump,1.0,0.0733008119660388,35.83833608849521,143.76666666666668
4313,2,8,pitch_jump,1.0,0.012730912205178828,20.46097934692403,143.76666666666668
4313,2,9,pitch_jump,1.0,0.03323426182791713,20.235371515074497,143.76666666666668
4313,2,10,pitch_jump,1.0,0.016316742202764606,19.603167455290652,143.76666666666668
4313,2,18,pitch_jump,1.0,0.035278551609651064,13.959649590365649,143.76666666666668
4314,2,1,pitch_jump,1.0,0.036885562754274376,25.906259914069587,143.8
4314,2,2,pitch_jump,1.0,0.018417030552762954,14.229476112512152,143.8
4314,2,3,pitch_jump,1.0,0.002361529423229318,13.441277045083753,143.8
4314,2,5,pitch_jump,1.0,0.019341661911960514,16.724800621435204,143.8
4314,2,6,pitch_jump,1.0,0.006646211169069607,17.02138679305714,143.8
4314,2,7,pitch_jump,1.0,0.04390448516235544,17.323609300010798,143.8
4314,2,8,pitch_jump,1.0,0.009857067093878217,13.429162219894357,143.8
4314,2,9,pitch_jump,1.0,0.022393928290445064,23.359847444177415,143.8
4314,2,10,pitch_jump,1.0,0.003283647152381326,19.17871747567905,143.8
4314,2,18,pitch_jump,1.0,0.020876778369097154,24.11282708345158,143.8
4315,2,1,pitch_jump,1.0,0.06060043951802345,23.692427133627454,143.83333333333334
4315,2,5,pitch_jump,1.0,0.030034401497992573,13.880384858805915,143.83333333333334
4315,2,6,pitch_jump,1.0,0.027447386961949604,12.53316887164685,143.83333333333334
4315,2,9,pitch_jump,1.0,0.03088141833526704,17.729786907430718,143.83333333333334
4315,2,10,pitch_jump,1.0,0.01726863613106067,14.682487752046418,143.83333333333334
4315,2,18,pitch_jump,1.0,0.0275925233819938,17.677004936829686,143.83333333333334
4316,2,1,pitch_jump,1.0,0.034090788116908355,49.26861717175245,143.86666666666667
4316,2,2,pitch_jump,1.0,0.03033851647046857,14.017782186910006,143.86666666666667
4316,2,3,pitch_jump,1.0,0.006871743979012669,20.415331827242806,143.86666666666667
4316,2,4,pitch_jump,1.0,0.004520045734463701,12.285225761884037,143.86666666666667
4316,2,5,pitch_jump,1.0,0.020714451422656835,16.379506361539377,143.86666666666667
4316,2,6,pitch_jump,1.0,0.028862568038278216,20.0335629501228,143.86666666666667
4316,2,7,pitch_jump,1.0,0.05590270075054559,40.65346662363308,143.86666666666667
4316,2,8,pitch_jump,1.0,0.01289827665793378,20.717651016596502,143.86666666666667
4316,2,9,pitch_jump,1.0,0.03451969997014069,32.371423895151125,143.86666666666667
4316,2,10,pitch_jump,1.0,0.021989540183753778,27.371312468787114,143.86666666666667
4316,2,18,pitch_jump,1.0,0.03731712418195386,32.725518300628956,143.86666666666667
4316,2,20,pitch_jump,1.0,0.0647247580149805,23.992379273326275,143.86666666666667
4317,2,2,pitch_jump,1.0,0.0971613125738147,22.77405538108766,143.9
4318,2,1,pitch_jump,1.0,0.07315672551988832,58.4133932804937,143.93333333333334
4318,2,2,pitch_jump,1.0,0.05666045450520645,28.927645234451038,143.93333333333334
4318,2,3,pitch_jump,1.0,0.016768891472532816,24.113507908976782,143.93333333333334
4318,2,4,pitch_jump,1.0,0.015344394499219467,20.705220039571504,143.93333333333334
4318,2,5,pitch_jump,1.0,0.01387798067271677,28.595253828557667,143.93333333333334
4318,2,6,pitch_jump,1.0,0.027310315552690024,30.625761301786323,143.93333333333334
4318,2,7,pitch_jump,1.0,0.030210003276363688,41.410835628213654,143.93333333333334
4318,2,8,pitch_jump,1.0,0.0043904301098088684,26.359968807584778,143.93333333333334
4318,2,9,pitch_jump,1.0,0.03741016364357699,44.40817852715681,143.93333333333334
4318,2,10,pitch_jump,1.0,0.020634268297834088,35.965161810370006,143.93333333333334
4318,2,11,pitch_jump,1.0,0.025195014232249964,16.1866740315194,143.93333333333334
4318,2,12,pitch_jump,1.0,0.024366101896769573,15.506697918327955,143.93333333333334
4318,2,13,pitch_jump,1.0,0.035728894387028816,15.669793880129617,143.93333333333334
4318,2,14,pitch_jump,1.0,0.008964169681543227,17.756741801674647,143.93333333333334
4318,2,18,pitch_jump,1.0,0.03845572970429201,41.08414448942336,143.93333333333334
4323,2,1,pitch_jump,1.0,0.06520001663498193,53.08058118584122,144.1
4323,2,2,pitch_jump,1.0,0.01974612945547165,20.967317652282386,144.1
4323,2,3,pitch_jump,1.0,0.012396150979076643,27.710241227599226,144.1
4323,2,4,pitch_jump,1.0,0.0022952035902380243,14.377001004641365,144.1
4323,2,5,pitch_jump,1.0,0.007520587936653548,23.531383426789514,144.1
4323,2,6,pitch_jump,1.0,0.024474740846627315,22.21676809489304,144.1
4323,2,7,pitch_jump,1.0,0.09194093120782754,51.05701620813742,144.1
4323,2,8,pitch_jump,1.0,0.004871405536068622,22.97999732701632,144.1
4323,2,9,pitch_jump,1.0,0.022072237129278197,33.309867391857736,144.1
4323,2,10,pitch_jump,1.0,0.019665948683127012,25.66323582360319,144.1
4323,2,14,pitch_jump,1.0,0.00857399382816973,12.141593798715679,144.1
4323,2,18,pitch_jump,1.0,0.020109380978660333,27.787148685493207,144.1
4324,2,1,pitch_jump,1.0,0.06428657358801698,13.62093635444077,144.13333333333333
4324,2,2,pitch_jump,1.0,0.03357834057219356,14.111926391168737,144.13333333333333
4324,2,7,pitch_jump,1.0,0.08961073728974167,25.62217106569585,144.13333333333333
4324,2,11,pitch_jump,1.0,0.04002444676456951,12.434952700790138,144.13333333333333
4325,2,2,pitch_jump,1.0,0.27047508945580157,35.792683137268085,144.16666666666666
4325,2,7,pitch_jump,1.0,0.03982783761625002,12.196530208654856,144.16666666666666
4326,2,1,pitch_jump,1.0,0.022928044579682425,12.063541538357216,144.2
4326,2,2,pitch_jump,1.0,0.2036194766054203,15.608248733750592,144.2
4326,2,7,pitch_jump,1.0,0.01710831296732801,14.325393016027455,144.2
4327,2,2,pitch_jump,1.0,0.38879140935302475,52.73707463345411,144.23333333333332
4327,2,18,pitch_jump,1.0,0.05892039923284164,12.197081298901367,144.23333333333332
4328,2,1,pitch_jump,1.0,0.03721600522468385,14.114428205259342,144.26666666666668
4328,2,7,pitch_jump,1.0,0.03297786300786631,12.193618322626378,144.26666666666668
4329,2,7,pitch_jump,1.0,0.056209672947435625,13.34836763919382,144.3
4330,2,1,pitch_jump,1.0,0.041304821298066514,23.768208305311,144.33333333333334
4330,2,2,pitch_jump,1.0,0.07310832341812304,15.227785037966568,144.33333333333334
4331,2,1,pitch_jump,1.0,0.05230631258939038,14.285678441780966,144.36666666666667
4331,2,10,pitch_jump,1.0,0.06018763297950991,16.562864077399166,144.36666666666667
4332,2,7,pitch_jump,1.0,0.04335394270754152,12.136452258388493,144.4
4334,2,10,pitch_jump,1.0,0.1107853243546721,19.337958339999886,144.46666666666667
4335,2,1,pitch_jump,1.0,0.06087810143355359,20.743331715204548,144.5
4335,2,5,pitch_jump,1.0,0.019592032300905768,14.651066286581894,144.5
4335,2,7,pitch_jump,1.0,0.003893094997003629,20.62297419638824,144.5
4335,2,8,pitch_jump,1.0,0.018758707747084075,12.335311035425985,144.5
4336,2,1,pitch_jump,1.0,0.10824067959901176,17.28689748040916,144.53333333333333
4336,2,7,pitch_jump,1.0,0.031155300218604905,15.99911583491498,144.53333333333333
4336,2,13,pitch_jump,1.0,0.0796651807616663,12.71693591921111,144.53333333333333
4336,2,14,pitch_jump,1.0,0.033114092114478154,12.237358085839116,144.53333333333333
4337,2,1,pitch_jump,1.0,0.11861811798111792,14.252668251141193,144.56666666666666
4337,2,2,pitch_jump,2.0,0.16876801816193887,15.164003848473918,144.56666666666666
4338,2,2,pitch_jump,1.0,0.13699295232039507,12.349680661308394,144.6
4339,2,1,pitch_jump,1.0,0.13911970135909713,12.017672861842712,144.63333333333333
4339,2,12,pitch_jump,1.0,0.09928312922305856,12.44064914813138,144.63333333333333
4339,2,13,pitch_jump,1.0,0.11466492399421248,12.498597845710227,144.63333333333333
4339,2,15,pitch_jump,1.0,0.11351247323557732,14.743370253478034,144.63333333333333
4340,2,1,pitch_jump,1.0,0.16707899243959057,16.803473998750537,144.66666666666666
4341,2,1,pitch_jump,1.0,0.02398915783856922,20.96741964619773,144.7
4341,2,2,pitch_jump,1.0,0.08056394915741465,28.81668681448319,144.7
4341,2,4,pitch_jump,1.0,0.033402201412057755,12.148385479512104,144.7
4341,2,5,pitch_jump,1.0,0.03059782741180155,17.695176078017887,144.7
4341,2,6,pitch_jump,1.0,0.03776482279974579,12.364715644754645,144.7
4341,2,7,pitch_jump,1.0,0.06770586614815044,29.63621585224689,144.7
4341,2,8,pitch_jump,1.0,0.039684923773934434,13.880595326712053,144.7
4341,2,14,pitch_jump,1.0,0.026401927009807542,16.68347370459102,144.7
4342,2,6,pitch_jump,1.0,0.09826971633754787,15.50957275311054,144.73333333333332
4342,2,9,pitch_jump,1.0,0.061007345909801086,12.09931824178254,144.73333333333332
4342,2,10,pitch_jump,1.0,0.11202086551906168,15.97927198241872,144.73333333333332
4342,2,12,pitch_jump,1.0,0.11138077772342023,14.207096423129942,144.73333333333332
4342,2,13,pitch_jump,1.0,0.11522016309657594,14.682490482941859,144.73333333333332
4342,2,18,pitch_jump,1.0,0.12506398970472443,17.3739934243597,144.73333333333332
4343,2,1,pitch_jump,1.0,0.11091593109257604,19.499042813026904,144.76666666666668
4345,2,1,pitch_jump,1.0,0.06403961848750665,27.94641746637863,144.83333333333334
4345,2,2,pitch_jump,1.0,0.031966213354017455,19.276531604483278,144.83333333333334
4345,2,5,pitch_jump,1.0,0.052288061758815084,17.07087176421575,144.83333333333334
4345,2,7,pitch_jump,1.0,0.0678896862169699,21.391203170385836,144.83333333333334
4345,2,8,pitch_jump,1.0,0.06606163386941154,14.577394538806047,144.83333333333334
4345,2,9,pitch_jump,1.0,0.06682486066627057,13.390809806429798,144.83333333333334
4345,2,11,pitch_jump,1.0,0.08416948983145033,12.640393564583487,144.83333333333334
4345,2,14,pitch_jump,1.0,0.08027987026082005,12.316549216038663,144.83333333333334
4345,2,15,pitch_jump,1.0,0.12579337806771626,12.288365878486395,144.83333333333334
4346,2,1,pitch_jump,1.0,0.08438831761652692,18.821724531093825,144.86666666666667
4346,2,2,pitch_jump,1.0,0.05876578996890999,14.440588257674145,144.86666666666667
4346,2,7,pitch_jump,1.0,0.04994622131816989,19.062817230711794,144.86666666666667
4346,2,8,pitch_jump,1.0,0.0704247421334491,13.13993075758346,144.86666666666667
4346,2,9,pitch_jump,1.0,0.08402873077703522,13.802540237963699,144.86666666666667
4346,2,10,pitch_jump,1.0,0.12013180803656058,13.155892019226537,144.86666666666667
4346,2,11,pitch_jump,1.0,0.10146426922112851,13.36255104478502,144.86666666666667
4346,2,14,pitch_jump,1.0,0.0625388272023856,12.474854097702833,144.86666666666667
4347,2,15,pitch_jump,1.0,0.06160617117983231,13.135619869105087,144.9
4348,2,2,pitch_jump,1.0,0.04754840443488062,14.470311854207699,144.93333333333334
4348,2,4,pitch_jump,1.0,0.051646760526129404,16.24717428236612,144.93333333333334
4348,2,5,pitch_jump,1.0,0.06199669323010157,14.296810730023617,144.93333333333334
4348,2,6,pitch_jump,1.0,0.10826890190433484,12.934144280024029,144.93333333333334
4348,2,7,pitch_jump,1.0,0.05503329929881927,12.60082696261532,144.93333333333334
4348,2,8,pitch_jump,1.0,0.07854812176557026,14.196838856075258,144.93333333333334
4348,2,11,pitch_jump,1.0,0.08128030651754979,16.107306077859388,144.93333333333334
4348,2,12,pitch_jump,1.0,0.11345988461199857,16.91021042844853,144.93333333333334
4348,2,13,pitch_jump,1.0,0.12195547997444818,18.597857715835104,144.93333333333334
4348,2,14,pitch_jump,1.0,0.062439428254829475,15.262528836026238,144.93333333333334
4348,2,15,pitch_jump,1.0,0.13742316755775655,19.07349783876606,144.93333333333334
4349,2,1,pitch_jump,1.0,0.09253495561134722,25.574316031855236,144.96666666666667
4349,2,2,pitch_jump,1.0,0.027155488144460203,16.46607919053176,144.96666666666667
4349,2,3,pitch_jump,2.0,0.05195200800387653,12.164857832866366,144.96666666666667
4349,2,5,pitch_jump,1.0,0.06766593992646491,13.329053136030634,144.96666666666667
4349,2,7,pitch_jump,1.0,0.04567114573719622,22.616450847112784,144.96666666666667
4349,2,14,pitch_jump,1.0,0.07430992607979169,13.50503451011751,144.96666666666667
4351,2,7,pitch_jump,1.0,0.13131679784547082,14.76801877990298,145.03333333333333
4352,1,2,pitch_jump,1.0,0.16468519155010888,27.376547173147603,145.06666666666666
4352,2,1,pitch_jump,1.0,0.05164163053345119,13.216900604413738,145.06666666666666
4352,2,2,pitch_jump,1.0,0.0684486812817167,24.285716824061847,145.06666666666666
4352,2,3,pitch_jump,1.0,0.06260674088627304,22.368206991398058,145.06666666666666
4352,2,4,pitch_jump,1.0,0.0823863643696718,19.489944453282614,145.06666666666666
4352,2,5,pitch_jump,1.0,0.07963696829183234,14.704288004202226,145.06666666666666
4352,2,6,pitch_jump,1.0,0.11499264237359892,12.885153911199248,145.06666666666666
4352,2,7,pitch_jump,1.0,0.14412535202767493,23.622861576938444,145.06666666666666
4352,2,8,pitch_jump,1.0,0.07848079855134651,14.888413104766409,145.06666666666666
4352,2,9,pitch_jump,1.0,0.12627103372219453,17.81923215435205,145.06666666666666
4352,2,10,pitch_jump,1.0,0.1338260431521354,15.70112175988633,145.06666666666666
4352,2,11,pitch_jump,1.0,0.10566897877615695,21.666150304681256,145.06666666666666
4352,2,12,pitch_jump,1.0,0.12617034257489776,14.952937288630784,145.06666666666666
4352,2,14,pitch_jump,1.0,0.0768900023753595,21.35002704865442,145.06666666666666
4352,2,18,pitch_jump,1.0,0.14766635341403803,19.036521936653923,145.06666666666666
4353,1,2,pitch_jump,1.0,0.1136670105865073,13.320333548309668,145.1
4353,2,1,pitch_jump,1.0,0.05573017657655973,17.501429685026206,145.1
4355,2,1,pitch_jump,1.0,0.09079943619574288,12.617233031860962,145.16666666666666
4357,2,1,pitch_jump,1.0,0.16566134439091856,15.787111083652038,145.23333333333332
4357,2,2,pitch_jump,1.0,0.016948279825384348,16.09044915357123,145.23333333333332
4357,2,3,pitch_jump,1.0,0.03185496144782961,15.662511647000136,145.23333333333332
4357,2,4,pitch_jump,1.0,0.07366111818273015,13.159755926115324,145.23333333333332
4357,2,5,pitch_jump,1.0,0.07709406697549882,12.306419075462642,145.23333333333332
4357,2,6,pitch_jump,1.0,0.07775737751196125,12.007083265216846,145.23333333333332
4357,2,11,pitch_jump,1.0,0.07225010922930923,12.884341413688693,145.23333333333332
4357,2,12,pitch_jump,1.0,0.09815393249554678,14.47462055167262,145.23333333333332
4357,2,13,pitch_jump,1.0,0.11730646977718705,12.127339395130203,145.23333333333332
4357,2,14,pitch_jump,1.0,0.051478470130413526,15.948874577460211,145.23333333333332
4360,2,1,pitch_jump,1.0,0.10750115251083688,24.401673167592623,145.33333333333334
4360,2,2,pitch_jump,1.0,0.025619353973828154,19.102641869642717,145.33333333333334
4360,2,3,pitch_jump,1.0,0.050014500796522025,17.758977813766478,145.33333333333334
4360,2,5,pitch_jump,1.0,0.06116292474915815,14.559683279051724,145.33333333333334
4360,2,7,pitch_jump,1.0,0.07631261554053441,22.850948867305686,145.33333333333334
4360,2,9,pitch_jump,1.0,0.05630015388957833,14.89196666665462,145.33333333333334
4361,2,1,pitch_jump,1.0,0.1405511665006076,23.527721707549222,145.36666666666667
4361,2,2,pitch_jump,1.0,0.048193059081261015,15.035494377811865,145.36666666666667
4361,2,3,pitch_jump,1.0,0.07293739167606687,13.522825117542785,145.36666666666667
4361,2,5,pitch_jump,1.0,0.05386269507519367,13.561590081556114,145.36666666666667
4361,2,6,pitch_jump,1.0,0.10869291141796189,12.74425769241759,145.36666666666667
4361,2,7,pitch_jump,1.0,0.054520008455313095,18.30684754818275,145.36666666666667
4361,2,8,pitch_jump,1.0,0.0716417243082018,14.12441953092974,145.36666666666667
4361,2,9,pitch_jump,1.0,0.051424601005157236,13.892998002431286,145.36666666666667
4363,2,20,pitch_jump,1.0,0.23068406531444288,14.120288892471924,145.43333333333334
4364,2,1,pitch_jump,1.0,0.05997716962379442,15.809405192481892,145.46666666666667
4364,2,2,pitch_jump,1.0,0.05317679973423474,12.380388321371246,145.46666666666667
4364,2,3,pitch_jump,1.0,0.06221667977905531,16.722461367288894,145.46666666666667
4364,2,5,pitch_jump,1.0,0.06627847091592752,12.041469098761613,145.46666666666667
4364,2,7,pitch_jump,1.0,0.031082224316926643,19.582067819009875,145.46666666666667
4364,2,10,pitch_jump,1.0,0.13157284957138007,12.587866012040159,145.46666666666667
4364,2,18,pitch_jump,1.0,0.1510429375859325,12.491174959583196,145.46666666666667
4365,2,1,pitch_jump,1.0,0.04037294689378499,20.387415190519732,145.5
4365,2,2,pitch_jump,1.0,0.01339183489135096,13.915517020261683,145.5
4365,2,7,pitch_jump,1.0,0.026709235208574586,23.613145663418795,145.5
4366,2,1,pitch_jump,1.0,0.10032905721589,18.875941961985873,145.53333333333333
4366,2,2,pitch_jump,1.0,0.0535233665909699,12.258543539038616,145.53333333333333
4366,2,3,pitch_jump,1.0,0.08244320048249104,13.660541803942031,145.53333333333333
4366,2,7,pitch_jump,1.0,0.05288254758238221,21.852975618497464,145.53333333333333
4367,2,16,pitch_jump,2.0,0.028040625332172452,12.348423225551938,145.56666666666666
4368,2,20,pitch_jump,1.0,0.12524624173515567,29.344255415495883,145.6
4369,1,2,pitch_jump,1.0,0.12009574546546399,19.33040243795439,145.63333333333333
4369,2,6,pitch_jump,1.0,0.059507970842727215,13.62149115360957,145.63333333333333
4369,2,7,pitch_jump,1.0,0.023636633713785663,16.869131250938683,145.63333333333333
4369,2,9,pitch_jump,1.0,0.025181160743937586,15.892316537133853,145.63333333333333
4369,2,12,pitch_jump,1.0,0.08552300441179994,12.179266658287771,145.63333333333333
4369,2,13,pitch_jump,1.0,0.14217893326703088,15.39074708721709,145.63333333333333
4369,2,16,pitch_jump,1.0,0.03572902551644633,12.689703922808315,145.63333333333333
4369,2,18,pitch_jump,1.0,0.1665268944859087,12.022158482211074,145.63333333333333
4370,2,3,pitch_jump,1.0,0.09439434012561401,12.883395919960329,145.66666666666666
4370,2,16,pitch_jump,1.0,0.03443511845864703,12.029533956340336,145.66666666666666
4370,2,20,pitch_jump,2.0,0.28737592830946834,24.007484253055054,145.66666666666666
4371,2,2,pitch_jump,1.0,0.010167543548776414,14.467877736833486,145.7
4371,2,3,pitch_jump,1.0,0.02723467668246718,13.526228955450522,145.7
4371,2,5,pitch_jump,1.0,0.02332439986044622,12.614595700054998,145.7
4371,2,7,pitch_jump,1.0,0.032000542059805306,15.72904803877637,145.7
4371,2,14,pitch_jump,1.0,0.04612028050940825,13.152048915462194,145.7
4371,2,16,pitch_jump,1.0,0.01395919153549792,15.198858817139463,145.7
4372,2,1,pitch_jump,1.0,0.1281123563189918,20.968747599540492,145.73333333333332
4372,2,2,pitch_jump,1.0,0.02737934196065729,14.84224706925565,145.73333333333332
4372,2,3,pitch_jump,1.0,0.042461877497007416,13.879027271897286,145.73333333333332
4372,2,5,pitch_jump,1.0,0.040231474435476665,13.56140226081314,145.73333333333332
4372,2,7,pitch_jump,1.0,0.013253669226266905,17.32543708571936,145.73333333333332
4372,2,8,pitch_jump,1.0,0.09954492830767447,13.324333297518937,145.73333333333332
4372,2,9,pitch_jump,1.0,0.10464060330946993,13.690396091347308,145.73333333333332
4372,2,16,pitch_jump,1.0,0.007052422330615898,16.556475671934468,145.73333333333332
4375,2,2,pitch_jump,1.0,0.04193067238524093,12.380977021221211,145.83333333333334
4375,2,6,pitch_jump,1.0,0.08184156349707304,15.180551829426568,145.83333333333334
4375,2,7,pitch_jump,1.0,0.037210693391309016,15.234796193095791,145.83333333333334
4375,2,8,pitch_jump,1.0,0.08450814996938813,13.916362807912172,145.83333333333334
4375,2,9,pitch_jump,1.0,0.07273706170212704,15.668638809244761,145.83333333333334
4375,2,10,pitch_jump,1.0,0.13047716719870134,13.012394975298863,145.83333333333334
4375,2,13,pitch_jump,1.0,0.1641350652617358,12.634204942897174,145.83333333333334
4375,2,16,pitch_jump,1.0,0.042157933670248726,17.09872279981481,145.83333333333334
4375,2,18,pitch_jump,1.0,0.15950413736420968,14.657065750328718,145.83333333333334
4375,2,20,pitch_jump,1.0,0.2636030111389032,26.998642795680855,145.83333333333334
4376,2,3,pitch_jump,1.0,0.08818440499513937,14.408332679727652,145.86666666666667
4376,2,4,pitch_jump,1.0,0.10012703169712195,14.257596602135191,145.86666666666667
4376,2,5,pitch_jump,1.0,0.09311807849074413,13.498622507707905,145.86666666666667
4376,2,11,pitch_jump,1.0,0.09337428949508886,15.287981129562699,145.86666666666667
4376,2,13,pitch_jump,1.0,0.17523025316289081,15.140765503033617,145.86666666666667
4376,2,14,pitch_jump,1.0,0.10858173785306428,13.571483594734467,145.86666666666667
4376,2,18,pitch_jump,1.0,0.16761062187273376,12.181098202385398,145.86666666666667
4376,2,20,pitch_jump,1.0,0.26330572325309687,32.23474126943563,145.86666666666667
4377,1,2,pitch_jump,1.0,0.08934476959592183,15.241161437211781,145.9
4378,2,16,pitch_jump,1.0,0.028585020175376855,12.772881990444883,145.93333333333334
4380,2,3,pitch_jump,1.0,0.04873642329973602,12.703882162466451,146.0
4381,1,2,pitch_jump,1.0,0.2480315889383711,13.180646536214063,146.03333333333333
4381,2,2,pitch_jump,1.0,0.03911233989949686,24.953912579773988,146.03333333333333
4381,2,3,pitch_jump,1.0,0.11391318143532828,23.14013950352472,146.03333333333333
4381,2,4,pitch_jump,1.0,0.13974527868112607,18.245610193596036,146.03333333333333
4381,2,5,pitch_jump,1.0,0.04648739061911428,20.198105649021386,146.03333333333333
4381,2,6,pitch_jump,1.0,0.13734202759458977,14.765317068067983,146.03333333333333
4381,2,7,pitch_jump,1.0,0.05024461220657933,22.837739795684914,146.03333333333333
4381,2,8,pitch_jump,1.0,0.11362278717658389,16.87340636755184,146.03333333333333
4381,2,11,pitch_jump,1.0,0.1548701828483024,17.78328797246309,146.03333333333333
4381,2,12,pitch_jump,1.0,0.10475678581719217,21.067671226974902,146.03333333333333
4381,2,14,pitch_jump,1.0,0.12920475125819375,21.163805186079344,146.03333333333333
4381,2,16,pitch_jump,1.0,0.03979098007859772,22.36844598223003,146.03333333333333
4381,2,21,pitch_jump,1.0,0.09661900823688163,14.25320811424118,146.03333333333333
4383,2,8,pitch_jump,1.0,0.06283789794241008,14.700222352350904,146.1
4384,1,2,pitch_jump,1.0,0.27040244710033046,15.632109938666595,146.13333333333333
4384,2,2,pitch_jump,1.0,0.08883631350806089,30.723365009065,146.13333333333333
4384,2,3,pitch_jump,1.0,0.12486480815726334,29.669972887224475,146.13333333333333
4384,2,4,pitch_jump,1.0,0.16157454809336386,24.14904030542684,146.13333333333333
4384,2,5,pitch_jump,1.0,0.10447503839376449,27.0822274724305,146.13333333333333
4384,2,6,pitch_jump,1.0,0.12338835626685331,18.923975984907365,146.13333333333333
4384,2,7,pitch_jump,1.0,0.048046713838705755,29.431528361412255,146.13333333333333
4384,2,8,pitch_jump,1.0,0.10557839033891532,23.495591672636714,146.13333333333333
4384,2,9,pitch_jump,1.0,0.07884638862195313,24.28942848167876,146.13333333333333
4384,2,10,pitch_jump,1.0,0.18626619798119398,20.043087676964348,146.13333333333333
4384,2,11,pitch_jump,1.0,0.1868018312035397,19.231948990837104,146.13333333333333
4384,2,12,pitch_jump,1.0,0.16605239228466276,17.67300918602401,146.13333333333333
4384,2,13,pitch_jump,1.0,0.22095088425147075,14.18970686542973,146.13333333333333
4384,2,14,pitch_jump,1.0,0.1514258153183366,25.212353400256685,146.13333333333333
4384,2,16,pitch_jump,1.0,0.04424446782842078,37.91074457887133,146.13333333333333
4384,2,21,pitch_jump,1.0,0.15528428691572718,18.897018088393118,146.13333333333333
4385,2,2,pitch_jump,1.0,0.08385007012306714,12.34031272605624,146.16666666666666
4385,2,8,pitch_jump,1.0,0.1398304115463271,14.935538060397826,146.16666666666666
4385,2,20,pitch_jump,1.0,0.31412835277391704,25.54097271510679,146.16666666666666
4386,2,2,pitch_jump,1.0,0.017738514660242472,12.772443765814943,146.2
4386,2,3,pitch_jump,1.0,0.04188873855068217,15.534589903121399,146.2
4386,2,4,pitch_jump,1.0,0.05805350721342169,13.336092998959025,146.2
4386,2,7,pitch_jump,1.0,0.019549201729299793,16.433768496335755,146.2
4386,2,10,pitch_jump,1.0,0.08123403129157974,15.994085667923702,146.2
4386,2,11,pitch_jump,1.0,0.07153014766401747,16.09253921563347,146.2
4386,2,12,pitch_jump,1.0,0.05156525675285685,12.8372215304867,146.2
4386,2,14,pitch_jump,1.0,0.05312293908924354,12.768707676115767,146.2
4386,2,16,pitch_jump,1.0,0.12408299128821439,20.718773168317863,146.2
4387,2,2,pitch_jump,1.0,0.0828291517699565,18.568086474343136,146.23333333333332
4387,2,3,pitch_jump,1.0,0.12439478553086535,19.107452567180278,146.23333333333332
4387,2,4,pitch_jump,1.0,0.1825084305688416,14.332322185055604,146.23333333333332
4387,2,5,pitch_jump,1.0,0.12366127995310879,16.782867488161916,146.23333333333332
4387,2,6,pitch_jump,1.0,0.1268965649416414,14.43720374806628,146.23333333333332
4387,2,8,pitch_jump,1.0,0.10486960665976913,15.704629589763853,146.23333333333332
4387,2,10,pitch_jump,1.0,0.19382500556726978,15.169562775394,146.23333333333332
4387,2,14,pitch_jump,1.0,0.1608944609406981,15.580710798532518,146.23333333333332
4387,2,16,pitch_jump,1.0,0.031323251832784,18.13051526258503,146.23333333333332
4388,2,3,pitch_jump,1.0,0.13848330623878144,13.121441455446194,146.26666666666668
4388,2,16,pitch_jump,1.0,0.05729082494427394,17.143319788675942,146.26666666666668
4389,2,20,pitch_jump,1.0,0.18118974370569718,21.372467704864786,146.3
4390,1,2,pitch_jump,1.0,0.31722129942912297,20.177689209066752,146.33333333333334
4390,2,2,pitch_jump,1.0,0.08187839473355085,19.494426481526247,146.33333333333334
4390,2,3,pitch_jump,1.0,0.13364519944793488,20.198130731340143,146.33333333333334
4390,2,4,pitch_jump,1.0,0.19949054474179712,15.993996621127755,146.33333333333334
4390,2,5,pitch_jump,1.0,0.16415464896128198,21.92283963360246,146.33333333333334
4390,2,6,pitch_jump,1.0,0.15133460545727748,12.696286238291602,146.33333333333334
4390,2,8,pitch_jump,1.0,0.1053703454217147,20.557068420235634,146.33333333333334
4390,2,9,pitch_jump,1.0,0.14720295756264462,13.088479749738294,146.33333333333334
4390,2,10,pitch_jump,1.0,0.2185674260710807,16.48111985321216,146.33333333333334
4390,2,11,pitch_jump,1.0,0.2055411847291953,16.464972209551473,146.33333333333334
4390,2,12,pitch_jump,1.0,0.1875592140293227,16.11993571376583,146.33333333333334
4390,2,13,pitch_jump,1.0,0.2833279828855021,15.260478972612677,146.33333333333334
4390,2,14,pitch_jump,1.0,0.1959860241488052,16.83442612692117,146.33333333333334
4390,2,16,pitch_jump,1.0,0.1394043416704688,24.630445026339455,146.33333333333334
4390,2,19,pitch_jump,1.0,0.22347724419029538,31.94063603496445,146.33333333333334
4390,2,20,pitch_jump,1.0,0.4317260091947885,30.33176995533285,146.33333333333334
4391,1,2,pitch_jump,1.0,0.3263222908824719,12.875524176777905,146.36666666666667
4391,2,11,pitch_jump,1.0,0.22944884991534936,12.956961888451664,146.36666666666667
4392,1,2,pitch_jump,1.0,0.17611699618994547,15.358134303838781,146.4
4392,2,14,pitch_jump,1.0,0.09774258098436812,12.047546994358475,146.4
4392,2,21,pitch_jump,1.0,0.08790706843961377,13.825431663593038,146.4
4393,1,2,pitch_jump,1.0,0.3551354604629036,30.485213076963127,146.43333333333334
4393,2,2,pitch_jump,1.0,0.12457416214978434,15.688686450911305,146.43333333333334
4393,2,3,pitch_jump,1.0,0.1521323881190726,18.27196068207844,146.43333333333334
4393,2,4,pitch_jump,1.0,0.20285298136791913,20.123827990189397,146.43333333333334
4393,2,5,pitch_jump,1.0,0.08425659665310581,21.308169712732145,146.43333333333334
4393,2,9,pitch_jump,1.0,0.1028598007882192,12.502726446834462,146.43333333333334
4393,2,10,pitch_jump,1.0,0.26290553848987125,17.645656365952537,146.43333333333334
4393,2,11,pitch_jump,1.0,0.24110655692610128,22.48933100951225,146.43333333333334
4393,2,12,pitch_jump,1.0,0.17532108987986714,21.060253647230468,146.43333333333334
4393,2,13,pitch_jump,1.0,0.33766523440040297,17.716268987284128,146.43333333333334
4393,2,14,pitch_jump,1.0,0.2222252996973704,21.87430262032999,146.43333333333334
4393,2,18,pitch_jump,1.0,0.30158678018085017,15.15098708874561,146.43333333333334
4393,2,19,pitch_jump,1.0,0.07182584863249371,13.768826284469972,146.43333333333334
4394,2,1,pitch_jump,1.0,0.2828927228900001,23.14794555091109,146.46666666666667
4394,2,2,pitch_jump,1.0,0.13011463221722985,42.677440976338985,146.46666666666667
4394,2,3,pitch_jump,1.0,0.16909895226437066,44.12453791582396,146.46666666666667
4394,2,4,pitch_jump,1.0,0.20896327595814337,30.309265552887148,146.46666666666667
4394,2,5,pitch_jump,1.0,0.14126408870961524,35.59904403116236,146.46666666666667
4394,2,6,pitch_jump,1.0,0.17576046765681166,27.23465673593105,146.46666666666667
4394,2,7,pitch_jump,1.0,0.14054781132324584,40.07280668636084,146.46666666666667
4394,2,8,pitch_jump,2.0,0.17751874903191162,22.371955884294234,146.46666666666667
4394,2,9,pitch_jump,1.0,0.06791556621255583,33.013857716904646,146.46666666666667
4394,2,10,pitch_jump,1.0,0.2310645107003996,33.530393210180904,146.46666666666667
4394,2,11,pitch_jump,1.0,0.26792501577067634,28.78763909204848,146.46666666666667
4394,2,12,pitch_jump,1.0,0.1910943366067435,28.605647640801905,146.46666666666667
4394,2,13,pitch_jump,1.0,0.35308197612740166,18.172352663947198,146.46666666666667
4394,2,14,pitch_jump,1.0,0.22337872522286367,32.734639336850215,146.46666666666667
4394,2,16,pitch_jump,1.0,0.06267820339525,42.20526162409105,146.46666666666667
4394,2,18,pitch_jump,1.0,0.28227676608478525,25.679714383911133,146.46666666666667
4394,2,19,pitch_jump,1.0,0.07583954795458031,42.932437537236765,146.46666666666667
4394,2,20,pitch_jump,1.0,0.5005037475389874,30.16108974453377,146.46666666666667
4394,2,21,pitch_jump,1.0,0.1861213702698509,27.93612870684819,146.46666666666667
4395,2,8,pitch_jump,1.0,0.11556016556086456,14.67522095866441,146.5
4396,2,2,pitch_jump,1.0,0.09834613066054057,21.936422597886608,146.53333333333333
4396,2,4,pitch_jump,1.0,0.21609040478147382,13.70252597741388,146.53333333333333
4396,2,5,pitch_jump,1.0,0.1836008289579405,16.884301677589132,146.53333333333333
4396,2,6,pitch_jump,1.0,0.18581490859465594,16.080138196662705,146.53333333333333
4396,2,7,pitch_jump,1.0,0.12534580959482933,26.116575453989885,146.53333333333333
4396,2,8,pitch_jump,1.0,0.15360870059329157,18.18657848422541,146.53333333333333
4396,2,9,pitch_jump,1.0,0.1804883771872061,15.687208993347943,146.53333333333333
4396,2,10,pitch_jump,1.0,0.25818073177404877,17.012115447612263,146.53333333333333
4396,2,11,pitch_jump,1.0,0.2775096567556449,14.3759113662451,146.53333333333333
4396,2,14,pitch_jump,1.0,0.21658853821156177,16.377857779422975,146.53333333333333
4396,2,16,pitch_jump,1.0,0.15503921776687093,39.57743241410072,146.53333333333333
4396,2,19,pitch_jump,1.0,0.048365883825769736,27.354853176853524,146.53333333333333
4396,2,21,pitch_jump,1.0,0.1711238143066886,23.027359537599697,146.53333333333333
4396,2,24,pitch_jump,1.0,0.3617525083309493,13.29564227846126,146.53333333333333
4397,2,9,pitch_jump,1.0,0.17298253146101458,17.97745001500692,146.56666666666666
4397,2,18,pitch_jump,1.0,0.293820777906322,13.013106692775656,146.56666666666666
4397,2,21,pitch_jump,1.0,0.21645229609281944,15.659577534145562,146.56666666666666
4398,1,2,pitch_jump,1.0,0.22209164627636094,13.228374358319403,146.6
4398,2,21,pitch_jump,1.0,0.100930861758499,15.753551782942388,146.6
4398,2,24,pitch_jump,1.0,0.14985466191180227,13.280195872334664,146.6
4400,2,12,pitch_jump,1.0,0.22620979083781273,13.05819169137881,146.66666666666666
4400,2,13,pitch_jump,1.0,0.33976690380427743,14.381502527446893,146.66666666666666
4400,2,20,pitch_jump,1.0,0.5335883077261071,30.136021843739996,146.66666666666666
4400,2,21,pitch_jump,1.0,0.19581227599581386,12.926398449270279,146.66666666666666
4400,2,24,pitch_jump,1.0,0.24728893402131039,12.113359440290072,146.66666666666666
4401,2,10,pitch_jump,1.0,0.1418443863422615,17.2950873280758,146.7
4402,2,1,pitch_jump,1.0,0.2100035715859754,15.547323194014638,146.73333333333332
4402,2,2,pitch_jump,1.0,0.11777707228089525,14.399315115168603,146.73333333333332
4402,2,4,pitch_jump,1.0,0.25327928207976425,13.194454088967406,146.73333333333332
4402,2,5,pitch_jump,1.0,0.16484876780351407,12.30332879112547,146.73333333333332
4402,2,10,pitch_jump,1.0,0.2956609365894118,20.924232994399194,146.73333333333332
4402,2,14,pitch_jump,1.0,0.22771480785352383,14.526703436501098,146.73333333333332
4402,2,19,pitch_jump,1.0,0.04815301179203314,17.345149307301135,146.73333333333332
4402,2,20,pitch_jump,1.0,0.513736803702236,13.410076736794853,146.73333333333332
4402,2,21,pitch_jump,1.0,0.16332220875078887,16.334066510101756,146.73333333333332
4402,2,24,pitch_jump,1.0,0.33420939938250754,16.556523143463554,146.73333333333332
4403,2,20,pitch_jump,1.0,0.4394004862697416,12.839567745341533,146.76666666666668
4404,2,2,pitch_jump,1.0,0.056038891067233074,12.77347316771961,146.8
4404,2,20,pitch_jump,1.0,0.16036671306472747,14.53876243200771,146.8
4405,2,13,pitch_jump,1.0,0.36812607634769934,16.480215542067164,146.83333333333334
4405,2,19,pitch_jump,1.0,0.074520090534042,14.982073944073932,146.83333333333334
4405,2,20,pitch_jump,1.0,0.35500287153078935,28.081496700134853,146.83333333333334
4406,2,1,pitch_jump,1.0,0.11667332096389693,32.669064512941034,146.86666666666667
4406,2,4,pitch_jump,1.0,0.2543422939126954,29.818500612343815,146.86666666666667
4406,2,5,pitch_jump,1.0,0.16094784497478526,32.751513238118825,146.86666666666667
4406,2,6,pitch_jump,1.0,0.16379470388305856,29.80611626456477,146.86666666666667
4406,2,9,pitch_jump,1.0,0.17472575765470746,22.568581868308414,146.86666666666667
4406,2,11,pitch_jump,1.0,0.2624544059609491,22.10545492610981,146.86666666666667
4406,2,12,pitch_jump,1.0,0.22144198839434412,22.24950243496687,146.86666666666667
4406,2,13,pitch_jump,1.0,0.38037976626233244,16.072422049745462,146.86666666666667
4406,2,14,pitch_jump,1.0,0.24966878904276468,31.731145068574264,146.86666666666667
4406,2,18,pitch_jump,1.0,0.27879745100894116,18.25428003571314,146.86666666666667
4406,2,19,pitch_jump,1.0,0.035409601170164916,48.070457011377144,146.86666666666667
4406,2,24,pitch_jump,1.0,0.25983676780903703,18.862555201167183,146.86666666666667
4407,2,1,pitch_jump,1.0,0.06517376221682836,15.506506811181,146.9
4407,2,21,pitch_jump,1.0,0.10549269949441054,24.574160754308632,146.9
4408,2,1,pitch_jump,1.0,0.19486444623737045,14.754052578031532,146.93333333333334
4408,2,4,pitch_jump,1.0,0.24920819981946132,36.06262929434548,146.93333333333334
4408,2,5,pitch_jump,1.0,0.16155896331450825,35.18470887438152,146.93333333333334
4408,2,6,pitch_jump,1.0,0.2119039734277463,28.490136228400065,146.93333333333334
4408,2,9,pitch_jump,1.0,0.14138044117470283,24.59926257423827,146.93333333333334
4408,2,11,pitch_jump,2.0,0.21513575339289673,16.811172748507733,146.93333333333334
4408,2,12,pitch_jump,1.0,0.2585169823361503,27.46155130964144,146.93333333333334
4408,2,13,pitch_jump,1.0,0.38252218991567183,19.440795801246665,146.93333333333334
4408,2,14,pitch_jump,1.0,0.24196495477317895,39.7795918754532,146.93333333333334
4408,2,18,pitch_jump,1.0,0.26193016805863417,18.927950135425142,146.93333333333334
4408,2,21,pitch_jump,1.0,0.17616538247080107,16.462022587407766,146.93333333333334
4408,2,22,pitch_jump,1.0,0.2643054261212441,25.31300662063538,146.93333333333334
4409,2,4,pitch_jump,1.0,0.23409462443673676,15.020400308276752,146.96666666666667
4409,2,5,pitch_jump,1.0,0.12380826314704667,13.511558773949796,146.96666666666667
4409,2,12,pitch_jump,1.0,0.22883717620523045,16.185069829153345,146.96666666666667
4410,2,1,pitch_jump,1.0,0.06843665674453805,19.8548211040161,147.0
4410,2,9,pitch_jump,1.0,0.004926010481683659,12.284579378444908,147.0
4410,2,19,pitch_jump,4.0,0.024454506923339003,15.828930091162153,147.0
4410,2,20,pitch_jump,2.0,0.26999365565210776,20.863353295710493,147.0
4410,2,24,pitch_jump,1.0,0.11280853295395919,12.653631281881319,147.0
4411,2,4,pitch_jump,1.0,0.23659535734662873,22.505627398101062,147.03333333333333
4411,2,5,pitch_jump,1.0,0.13571824518213155,23.670153982618917,147.03333333333333
4411,2,12,pitch_jump,1.0,0.2322672251949457,17.492957630182048,147.03333333333333
4411,2,13,pitch_jump,1.0,0.36684927516949833,13.490295296577425,147.03333333333333
4411,2,19,pitch_jump,1.0,0.0879720386252551,16.798957944806798,147.03333333333333
4412,2,1,pitch_jump,1.0,0.11383997111133062,18.591710016556863,147.06666666666666
4412,2,4,pitch_jump,1.0,0.22432249679443816,36.4975187022926,147.06666666666666
4412,2,5,pitch_jump,1.0,0.12581996360790573,36.6439713356078,147.06666666666666
4412,2,9,pitch_jump,1.0,0.15381692512672954,21.42809872274469,147.06666666666666
4412,2,12,pitch_jump,1.0,0.21410762308146677,20.880323018378927,147.06666666666666
4412,2,13,pitch_jump,1.0,0.34143519425030844,12.14947146308094,147.06666666666666
4412,2,18,pitch_jump,1.0,0.2925330019668304,12.793407046781418,147.06666666666666
4412,2,19,pitch_jump,1.0,0.07792708242887458,51.189661920187085,147.06666666666666
4412,2,20,pitch_jump,2.0,0.47129087913128703,21.37775156682868,147.06666666666666
4412,2,21,pitch_jump,1.0,0.19328446183580147,30.664602398593782,147.06666666666666
4413,2,4,pitch_jump,1.0,0.0872042813642243,144.81435882857934,147.1
4413,2,5,pitch_jump,1.0,0.057953266506820984,118.40929445262626,147.1
4413,2,9,pitch_jump,1.0,0.04657429703536016,42.44034850079139,147.1
4413,2,10,pitch_jump,1.0,0.054707595600915544,72.30808484170237,147.1
4413,2,12,pitch_jump,1.0,0.08977474265707432,101.99147030672678,147.1
4413,2,13,pitch_jump,1.0,0.16656162482805784,76.65505574917697,147.1
4413,2,16,pitch_jump,2.0,0.0722375400680669,85.17478427592675,147.1
4413,2,18,pitch_jump,1.0,0.11692467471190252,29.68405371959038,147.1
4413,2,19,pitch_jump,1.0,0.03398181971031571,105.52074507937769,147.1
4413,2,21,pitch_jump,1.0,0.0958197257685544,19.67194427920407,147.1
4413,2,24,pitch_jump,1.0,0.06882778341849757,19.464422344903124,147.1
4414,2,1,pitch_jump,1.0,0.14937550009298406,12.307268953543213,147.13333333333333
4414,2,2,pitch_jump,1.0,0.12538240994314134,13.683227492779608,147.13333333333333
4414,2,5,pitch_jump,1.0,0.13316488037420848,14.086137602236901,147.13333333333333
4414,2,9,pitch_jump,1.0,0.1696038846719756,12.93986470463125,147.13333333333333
4414,2,10,pitch_jump,1.0,0.180123148291654,13.244192372558384,147.13333333333333
4414,2,12,pitch_jump,1.0,0.21231024613042418,13.07559814263379,147.13333333333333
4414,2,16,pitch_jump,1.0,0.11916161234306141,12.175164519653418,147.13333333333333
4414,2,19,pitch_jump,1.0,0.048177176404452675,16.561861118374317,147.13333333333333
4414,2,21,pitch_jump,1.0,0.15362757429364257,12.888692280926183,147.13333333333333
4415,2,2,pitch_jump,1.0,0.12627108576627877,13.230945232450994,147.16666666666666
4415,2,5,pitch_jump,1.0,0.10738255921340184,15.54349862897428,147.16666666666666
4415,2,7,pitch_jump,1.0,0.08385175745146,13.507993445610307,147.16666666666666
4415,2,10,pitch_jump,1.0,0.12228297468679994,14.077036057165563,147.16666666666666
4415,2,12,pitch_jump,1.0,0.18910369279361713,15.925344152115384,147.16666666666666
4415,2,19,pitch_jump,1.0,0.06131740800754098,16.100744360915243,147.16666666666666
4415,2,21,pitch_jump,1.0,0.14169718133322054,12.807839431259696,147.16666666666666
4416,2,2,pitch_jump,1.0,0.04912113674182304,18.848576295460692,147.2
4416,2,5,pitch_jump,1.0,0.04850910778552825,16.374273211242418,147.2
4416,2,6,pitch_jump,5.0,0.11514394318416302,19.478866633281644,147.2
4416,2,7,pitch_jump,1.0,0.04061659453523178,15.120625861617306,147.2
4416,2,12,pitch_jump,1.0,0.07958184940804988,17.528228853329168,147.2
4416,2,13,pitch_jump,1.0,0.1806322415534956,19.0877650379299,147.2
4416,2,15,pitch_jump,1.0,0.10022062993528805,14.7795005118667,147.2
4416,2,16,pitch_jump,1.0,0.06599402845889552,16.592662002973288,147.2
4417,2,1,pitch_jump,1.0,0.16616754892520544,13.876012723409682,147.23333333333332
4417,2,13,pitch_jump,1.0,0.3619747897909979,12.12677519301726,147.23333333333332
4417,2,15,pitch_jump,1.0,0.23383043713556506,13.139734790326878,147.23333333333332
4417,2,16,pitch_jump,1.0,0.11100832630667258,14.192917157863292,147.23333333333332
4417,2,19,pitch_jump,1.0,0.02723719532137253,12.828087660053285,147.23333333333332
4418,2,2,pitch_jump,1.0,0.10823997836723266,24.5236147226843,147.26666666666668
4418,2,5,pitch_jump,1.0,0.13227230099751716,20.7298769248036,147.26666666666668
4418,2,6,pitch_jump,1.0,0.19606077489575188,12.077602337956579,147.26666666666668
4418,2,7,pitch_jump,1.0,0.10014349953662674,18.759576953104,147.26666666666668
4418,2,9,pitch_jump,1.0,0.08771506643689725,13.355407525653312,147.26666666666668
4418,2,12,pitch_jump,1.0,0.22614607984150908,22.250013587350125,147.26666666666668
4418,2,13,pitch_jump,1.0,0.34382150849277415,21.979044839929664,147.26666666666668
4418,2,15,pitch_jump,1.0,0.2287946102038576,13.017641731444495,147.26666666666668
4418,2,16,pitch_jump,1.0,0.06955135249952979,15.24475987316275,147.26666666666668
4418,2,21,pitch_jump,1.0,0.24190372401710294,18.107582112939454,147.26666666666668
4418,2,24,pitch_jump,1.0,0.23457162813974874,13.367176740654296,147.26666666666668
4419,2,2,pitch_jump,1.0,0.044516970152198104,19.44294157398388,147.3
4419,2,5,pitch_jump,1.0,0.05407397604766125,18.05131752642376,147.3
4419,2,6,pitch_jump,1.0,0.07501351685411585,13.366142063249097,147.3
4419,2,7,pitch_jump,1.0,0.03841908687078027,17.486473275652404,147.3
4419,2,12,pitch_jump,1.0,0.10785522940177614,16.873516382643604,147.3
4419,2,13,pitch_jump,1.0,0.17020915676726212,14.840290886774206,147.3
4419,2,16,pitch_jump,1.0,0.03338834994192338,18.767456715905983,147.3
4419,2,19,pitch_jump,1.0,0.024785960417562588,16.1352427759604,147.3
4419,2,21,pitch_jump,1.0,0.09344939656997298,14.021777473061231,147.3
4420,2,1,pitch_jump,1.0,0.12846016837362753,23.399371856273117,147.33333333333334
4420,2,2,pitch_jump,1.0,0.15396345123037386,21.732287967173686,147.33333333333334
4420,2,5,pitch_jump,1.0,0.12274314425013544,15.711361826094212,147.33333333333334
4420,2,6,pitch_jump,1.0,0.1966484330012912,12.36265138759048,147.33333333333334
4420,2,7,pitch_jump,1.0,0.10461151476637826,14.469932055870725,147.33333333333334
4420,2,9,pitch_jump,1.0,0.15036802221356135,15.729793236065333,147.33333333333334
4420,2,12,pitch_jump,1.0,0.23950870761943815,14.904606738832985,147.33333333333334
4420,2,13,pitch_jump,1.0,0.32537575882719544,13.092763035843296,147.33333333333334
4420,2,18,pitch_jump,1.0,0.2427584072552182,15.268607616053458,147.33333333333334
4420,2,19,pitch_jump,1.0,0.08700873070725092,14.001034218956192,147.33333333333334
4420,2,21,pitch_jump,1.0,0.14050074740864418,23.129929212933146,147.33333333333334
4420,2,24,pitch_jump,1.0,0.23787998067594396,28.86914306925536,147.33333333333334
4421,2,1,pitch_jump,1.0,0.10091594917759367,22.6450299620646,147.36666666666667
4421,2,2,pitch_jump,1.0,0.13040921209719067,40.18117859291571,147.36666666666667
4421,2,5,pitch_jump,1.0,0.1411161684384481,35.39573341971103,147.36666666666667
4421,2,6,pitch_jump,1.0,0.17674465605968737,27.53742672117841,147.36666666666667
4421,2,7,pitch_jump,1.0,0.10031035033888712,47.340742501393734,147.36666666666667
4421,2,9,pitch_jump,1.0,0.15406344009583778,26.84598802542879,147.36666666666667
4421,2,12,pitch_jump,1.0,0.2348054368397319,31.24475486534564,147.36666666666667
4421,2,13,pitch_jump,1.0,0.33334412193737817,17.27476535444886,147.36666666666667
4421,2,15,pitch_jump,1.0,0.18952786023147233,15.418480663629975,147.36666666666667
4421,2,16,pitch_jump,1.0,0.10665082811349831,42.38948551444853,147.36666666666667
4421,2,18,pitch_jump,1.0,0.27504745018055693,16.589029090752852,147.36666666666667
4421,2,19,pitch_jump,1.0,0.07817988640236259,43.56839452526555,147.36666666666667
4421,2,21,pitch_jump,1.0,0.14124152220979916,16.970658764626986,147.36666666666667
4421,2,24,pitch_jump,1.0,0.1740309861664033,12.604981222025236,147.36666666666667
4422,2,1,pitch_jump,1.0,0.04735728614180729,17.024661485944847,147.4
4422,2,6,pitch_jump,1.0,0.05758128783789833,15.22221220994285,147.4
4422,2,7,pitch_jump,1.0,0.026949387713897863,12.778924819588571,147.4
4422,2,9,pitch_jump,1.0,0.051522664531656895,14.80943641054196,147.4
4422,2,12,pitch_jump,1.0,0.09570604962625379,12.115135455037487,147.4
4422,2,18,pitch_jump,1.0,0.08113178870989207,19.01259311972053,147.4
4422,2,19,pitch_jump,1.0,0.04620531640503989,16.48943277270593,147.4
4422,2,20,pitch_jump,1.0,0.23695110121439136,13.374903739441613,147.4
4422,2,21,pitch_jump,1.0,0.06528104883854757,14.548196731490838,147.4
4422,2,24,pitch_jump,1.0,0.06019964374061909,12.727874628573957,147.4
4423,2,1,pitch_jump,1.0,0.1785916230844589,27.81778305059866,147.43333333333334
4423,2,2,pitch_jump,1.0,0.07693595623881629,12.123196421420369,147.43333333333334
4423,2,7,pitch_jump,1.0,0.06712304534645763,13.809167917101247,147.43333333333334
4423,2,11,pitch_jump,2.0,0.13073777373888196,18.13246529888978,147.43333333333334
4423,2,12,pitch_jump,1.0,0.22503882266477993,22.613511755119877,147.43333333333334
4423,2,13,pitch_jump,1.0,0.3661739926091718,27.320829669703343,147.43333333333334
4423,2,18,pitch_jump,1.0,0.29472427695259457,16.459743077251172,147.43333333333334
4423,2,19,pitch_jump,1.0,0.04357049323607387,13.982480660368383,147.43333333333334
4423,2,21,pitch_jump,1.0,0.2086418679553527,21.621384344861813,147.43333333333334
4424,2,2,pitch_jump,1.0,0.12048002515846576,17.91075971765248,147.46666666666667
4424,2,11,pitch_jump,1.0,0.12144471102615495,16.46930110993718,147.46666666666667
4424,2,16,pitch_jump,1.0,0.22852788634842958,24.703292133120605,147.46666666666667
4425,2,1,pitch_jump,1.0,0.055635776529954745,20.127931681869754,147.5
4425,2,2,pitch_jump,1.0,0.04444539465460805,38.753179100465815,147.5
4425,2,6,pitch_jump,1.0,0.11688578531286685,35.4097504578456,147.5
4425,2,9,pitch_jump,1.0,0.018338335642723306,22.52274533354439,147.5
4425,2,11,pitch_jump,1.0,0.07292066199481517,36.45038056587008,147.5
4425,2,12,pitch_jump,1.0,0.08553246554701871,59.33642487288739,147.5
4425,2,13,pitch_jump,1.0,0.15173911694386608,57.468508874533576,147.5
4425,2,15,pitch_jump,1.0,0.07143507435054448,37.69171196474272,147.5
4425,2,16,pitch_jump,1.0,0.04904097836386731,25.242657414049695,147.5
4425,2,18,pitch_jump,1.0,0.10428526650352214,39.50833690897236,147.5
4425,2,19,pitch_jump,1.0,0.028980960016825676,26.333936495336726,147.5
4425,2,21,pitch_jump,1.0,0.09278640723023109,19.18654018679214,147.5
4426,2,2,pitch_jump,1.0,0.1266132963578258,12.168453110363274,147.53333333333333
4426,2,11,pitch_jump,1.0,0.1796397635163049,17.887026099159264,147.53333333333333
4426,2,16,pitch_jump,1.0,0.07820938334450571,12.337353842602928,147.53333333333333
4427,2,1,pitch_jump,1.0,0.10971945146957518,16.43426243427415,147.56666666666666
4427,2,2,pitch_jump,1.0,0.10552009201779422,17.647580140098444,147.56666666666666
4427,2,6,pitch_jump,1.0,0.14637999199085377,15.180557157427785,147.56666666666666
4427,2,7,pitch_jump,1.0,0.10694314339255019,15.889532731587789,147.56666666666666
4427,2,9,pitch_jump,1.0,0.06971861834706816,17.61849905669583,147.56666666666666
4427,2,11,pitch_jump,1.0,0.12195595372639603,15.484413603302448,147.56666666666666
4427,2,12,pitch_jump,1.0,0.17259380596236668,17.09250433042571,147.56666666666666
4427,2,13,pitch_jump,1.0,0.29835464948620405,12.399471338648606,147.56666666666666
4427,2,15,pitch_jump,1.0,0.1808256859754407,14.703355499147237,147.56666666666666
4427,2,16,pitch_jump,1.0,0.03316734033784447,17.794831151043308,147.56666666666666
4427,2,18,pitch_jump,1.0,0.20948346608589538,15.196206173954794,147.56666666666666
4427,2,19,pitch_jump,1.0,0.0452687149300304,16.74997588682574,147.56666666666666
4427,2,21,pitch_jump,1.0,0.12723950548200638,17.023478242108496,147.56666666666666
4427,2,24,pitch_jump,1.0,0.10379192370538157,21.38572182697435,147.56666666666666
4428,2,2,pitch_jump,1.0,0.028376422143733676,23.276087239794798,147.6
4428,2,6,pitch_jump,1.0,0.06595403362654108,13.918385586638024,147.6
4428,2,7,pitch_jump,1.0,0.030649198032603263,17.841616143875655,147.6
4428,2,11,pitch_jump,1.0,0.06518186788514044,17.984675064699054,147.6
4428,2,12,pitch_jump,1.0,0.06836550881954917,20.878709365587305,147.6
4428,2,13,pitch_jump,1.0,0.1455291625655785,19.037833138583046,147.6
4428,2,15,pitch_jump,1.0,0.09727157503571812,12.736224406931093,147.6
4428,2,16,pitch_jump,1.0,0.018216241699488822,18.302628226602863,147.6
4428,2,18,pitch_jump,1.0,0.0663419525789905,12.075278331009992,147.6
4428,2,19,pitch_jump,1.0,0.050388939531835084,16.295369845819884,147.6
4428,2,24,pitch_jump,1.0,0.021452907827460874,12.008823611043876,147.6
4429,2,2,pitch_jump,1.0,0.10059851577035457,20.06001012717483,147.63333333333333
4429,2,7,pitch_jump,1.0,0.0931368809407671,19.212760220963737,147.63333333333333
4429,2,11,pitch_jump,1.0,0.08877617218324445,14.175859707541376,147.63333333333333
4429,2,16,pitch_jump,1.0,0.0757558051109513,20.001836544829878,147.63333333333333
4429,2,19,pitch_jump,1.0,0.017082859519018542,19.967533842313397,147.63333333333333
4430,2,1,pitch_jump,1.0,0.14876169624542293,20.41554353879626,147.66666666666666
4430,2,2,pitch_jump,1.0,0.10680825593115463,25.208341271317757,147.66666666666666
4430,2,6,pitch_jump,1.0,0.1458722354127657,21.01740081261401,147.66666666666666
4430,2,7,pitch_jump,1.0,0.08049606248142606,32.509190885643456,147.66666666666666
4430,2,9,pitch_jump,1.0,0.13122399032965554,21.854634830059293,147.66666666666666
4430,2,12,pitch_jump,1.0,0.16703440327515698,30.784211632242137,147.66666666666666
4430,2,15,pitch_jump,1.0,0.1772278654302104,13.018437939189692,147.66666666666666
4430,2,19,pitch_jump,1.0,0.0410907935860787,24.295815613100743,147.66666666666666
4430,2,21,pitch_jump,1.0,0.2106829193440834,30.492933459177326,147.66666666666666
4430,2,24,pitch_jump,1.0,0.19977285569025993,17.844598238052566,147.66666666666666
4431,2,1,pitch_jump,1.0,0.06317980991346753,18.660685465532943,147.7
4431,2,9,pitch_jump,1.0,0.052256102849682955,18.92186082740209,147.7
4431,2,16,pitch_jump,2.0,0.062122611618387516,20.354742842991634,147.7
4431,2,19,pitch_jump,1.0,0.027154742813292755,15.123685786789359,147.7
4431,2,21,pitch_jump,1.0,0.08620398414726924,23.19012475018424,147.7
4431,2,24,pitch_jump,1.0,0.052996277893159964,14.304136807119509,147.7
4432,2,1,pitch_jump,1.0,0.12977413429730497,21.563277985179468,147.73333333333332
4432,2,2,pitch_jump,1.0,0.10683077278049029,21.89998109421502,147.73333333333332
4432,2,4,pitch_jump,1.0,0.1054982950874833,19.693031179819698,147.73333333333332
4432,2,6,pitch_jump,1.0,0.14846739064152534,16.368516996370474,147.73333333333332
4432,2,7,pitch_jump,1.0,0.0812621330066621,27.843575380721802,147.73333333333332
4432,2,9,pitch_jump,1.0,0.08787466268216525,14.171281728050326,147.73333333333332
4432,2,14,pitch_jump,1.0,0.1514627058646021,18.976302675154358,147.73333333333332
4432,2,15,pitch_jump,1.0,0.1542533617503955,14.303033519399818,147.73333333333332
4432,2,16,pitch_jump,1.0,0.09284823601860531,27.278786255793555,147.73333333333332
4432,2,19,pitch_jump,1.0,0.08955746253317894,32.80549832033598,147.73333333333332
4432,2,21,pitch_jump,1.0,0.08290760771915853,13.420539736247944,147.73333333333332
4433,2,1,pitch_jump,1.0,0.10539991006452148,84.24399817621425,147.76666666666668
4433,2,2,pitch_jump,1.0,0.08041896104678718,49.55326539252053,147.76666666666668
4433,2,4,pitch_jump,1.0,0.11987080930746712,55.18438686433584,147.76666666666668
4433,2,6,pitch_jump,1.0,0.140786769189032,55.968085544226675,147.76666666666668
4433,2,7,pitch_jump,1.0,0.06565997199593036,23.861735642422225,147.76666666666668
4433,2,14,pitch_jump,1.0,0.1285441385253561,61.04103835863366,147.76666666666668
4433,2,15,pitch_jump,1.0,0.18228742286642569,61.09604405635173,147.76666666666668
4433,2,16,pitch_jump,1.0,0.0779056014248433,24.910490018520676,147.76666666666668
4433,2,18,pitch_jump,1.0,0.21751698106344985,56.80795328850089,147.76666666666668
4433,2,19,pitch_jump,1.0,0.0582712965604679,47.63274786020191,147.76666666666668
4433,2,21,pitch_jump,1.0,0.07942138974934704,54.529169188687135,147.76666666666668
4433,2,24,pitch_jump,1.0,0.09409073584559631,23.590460434085838,147.76666666666668
4434,2,2,pitch_jump,1.0,0.010581232663905314,21.116825867667234,147.8
4434,2,4,pitch_jump,1.0,0.06126460636944465,17.630761675882486,147.8
4434,2,7,pitch_jump,1.0,0.025353985939625474,20.24190491043648,147.8
4434,2,14,pitch_jump,1.0,0.06756467742482762,12.013914317967155,147.8
4434,2,16,pitch_jump,1.0,0.020148446492443232,19.50141478009511,147.8
4434,2,19,pitch_jump,1.0,0.025730793153818453,13.989724389664834,147.8
4435,2,2,pitch_jump,1.0,0.11137764568139603,19.376103537972934,147.83333333333334
4435,2,4,pitch_jump,1.0,0.14940499441095645,18.557657404302322,147.83333333333334
4435,2,6,pitch_jump,1.0,0.14699252157831635,15.747896043712066,147.83333333333334
4435,2,14,pitch_jump,1.0,0.11902001586357168,21.586509239751457,147.83333333333334
4435,2,15,pitch_jump,1.0,0.18674729833075787,14.78001677911255,147.83333333333334
4435,2,16,pitch_jump,1.0,0.24439215122101332,14.139544380163935,147.83333333333334
4435,2,19,pitch_jump,1.0,0.16397025970777068,12.472030477718407,147.83333333333334
4436,2,1,pitch_jump,1.0,0.07496082018643478,31.397673110180953,147.86666666666667
4436,2,2,pitch_jump,1.0,0.10852488124899516,83.79807944057252,147.86666666666667
4436,2,4,pitch_jump,1.0,0.15995632090081816,87.65743165877157,147.86666666666667
4436,2,6,pitch_jump,1.0,0.1257170179119488,42.26331066142768,147.86666666666667
4436,2,7,pitch_jump,1.0,0.039875510992176726,63.64120696111029,147.86666666666667
4436,2,9,pitch_jump,1.0,0.09106219172234448,19.296056032416136,147.86666666666667
4436,2,14,pitch_jump,1.0,0.14133711055544163,58.338973844108196,147.86666666666667
4436,2,15,pitch_jump,1.0,0.1815418870740298,49.78263789251951,147.86666666666667
4436,2,16,pitch_jump,1.0,0.1729854379764898,42.4076494458554,147.86666666666667
4436,2,18,pitch_jump,1.0,0.19732486192765364,24.585879913459006,147.86666666666667
4436,2,19,pitch_jump,1.0,0.111942516329605,32.80467445876573,147.86666666666667
4436,2,21,pitch_jump,1.0,0.15672679067896386,24.423567551520474,147.86666666666667
4436,2,23,pitch_jump,1.0,0.08804716122283826,38.24811816494978,147.86666666666667
4436,2,24,pitch_jump,1.0,0.1751299442597511,29.13454893966163,147.86666666666667
4437,2,2,pitch_jump,1.0,0.0395080038806251,14.836358481124742,147.9
4437,2,4,pitch_jump,1.0,0.052641980685916835,13.502325672256083,147.9
4437,2,14,pitch_jump,1.0,0.05291719631632238,15.559527285585869,147.9
4437,2,21,pitch_jump,1.0,0.09163656393603223,14.053260496935591,147.9
4438,2,2,pitch_jump,1.0,0.08358312247394994,14.550802112129157,147.93333333333334
4438,2,4,pitch_jump,1.0,0.18244551531289804,20.945956609967848,147.93333333333334
4438,2,14,pitch_jump,1.0,0.10816383273426862,15.106630628838628,147.93333333333334
4438,2,16,pitch_jump,1.0,0.0985331107632373,13.087364500759824,147.93333333333334
4439,2,2,pitch_jump,1.0,0.044814856447249155,15.0463780579549,147.96666666666667
4439,2,4,pitch_jump,1.0,0.16770227392556583,18.931109371399724,147.96666666666667
4439,2,7,pitch_jump,1.0,0.07271637479406182,17.142829514983596,147.96666666666667
4439,2,9,pitch_jump,1.0,0.0486709358092791,16.75311953411643,147.96666666666667
4439,2,15,pitch_jump,1.0,0.17145079994437,12.43055204788291,147.96666666666667
4439,2,16,pitch_jump,1.0,0.10491834305915407,16.87736915805781,147.96666666666667
4439,2,18,pitch_jump,1.0,0.15982003118361346,15.462464633521893,147.96666666666667
4439,2,19,pitch_jump,1.0,0.01957395749777687,19.353659217849216,147.96666666666667
4439,2,21,pitch_jump,1.0,0.0564753022396904,20.39342186523815,147.96666666666667
4439,2,23,pitch_jump,1.0,0.03473571406129822,19.986940569321995,147.96666666666667
4439,2,24,pitch_jump,1.0,0.12201020025006713,17.839159197585747,147.96666666666667
4440,2,21,pitch_jump,1.0,0.021618106768504623,12.89431590781318,148.0
4442,2,1,pitch_jump,1.0,0.09746782945104497,14.538692359209858,148.06666666666666
4442,2,2,pitch_jump,1.0,0.08098671638504355,23.199124526593504,148.06666666666666
4442,2,4,pitch_jump,1.0,0.08831914225733835,18.860176229578936,148.06666666666666
4442,2,7,pitch_jump,1.0,0.08848567451410128,16.725929714885496,148.06666666666666
4442,2,9,pitch_jump,1.0,0.06146132320275335,13.684879373479419,148.06666666666666
4442,2,16,pitch_jump,1.0,0.07989534768745629,20.947985877825804,148.06666666666666
4442,2,19,pitch_jump,1.0,0.064448437688436,19.108614776910436,148.06666666666666
4442,2,21,pitch_jump,1.0,0.14099013544434175,12.899230914144539,148.06666666666666
4442,2,23,pitch_jump,1.0,0.08633003817535588,20.54892889280388,148.06666666666666
4443,2,2,pitch_jump,1.0,0.02417000087272799,18.243180452299313,148.1
4443,2,4,pitch_jump,1.0,0.036961835009967026,16.427526379643766,148.1
4443,2,6,pitch_jump,1.0,0.04601247307435295,14.086305115229989,148.1
4443,2,7,pitch_jump,1.0,0.035212495831518545,23.763233690659153,148.1
4443,2,9,pitch_jump,1.0,0.012248434353443922,13.071991998056335,148.1
4443,2,14,pitch_jump,1.0,0.038315108464758996,20.793271233126628,148.1
4443,2,15,pitch_jump,1.0,0.06945919857827491,14.999259695619816,148.1
4443,2,16,pitch_jump,1.0,0.02115186919007144,18.447055814924123,148.1
4443,2,18,pitch_jump,1.0,0.06942700140121612,12.022591722867901,148.1
4443,2,19,pitch_jump,1.0,0.03962894062736555,23.180152850749717,148.1
4443,2,21,pitch_jump,1.0,0.10214699601082627,28.06071041343892,148.1
4443,2,23,pitch_jump,1.0,0.01920781277582128,17.279916730844022,148.1
4443,2,24,pitch_jump,1.0,0.04242401430400957,13.191086145120037,148.1
4444,2,4,pitch_jump,1.0,0.15275823242866088,25.10669589426594,148.13333333333333
4444,2,6,pitch_jump,1.0,0.1576727220551005,20.691090437438,148.13333333333333
4444,2,7,pitch_jump,1.0,0.07654314291186642,18.330004316210825,148.13333333333333
4444,2,9,pitch_jump,1.0,0.10371026775964315,12.404622171395486,148.13333333333333
4444,2,14,pitch_jump,1.0,0.11439183046165458,24.88129766412236,148.13333333333333
4444,2,15,pitch_jump,1.0,0.1924172390437647,17.255392738237386,148.13333333333333
4444,2,16,pitch_jump,1.0,0.08110776722836625,20.31602715682605,148.13333333333333
4444,2,18,pitch_jump,1.0,0.19562830879348486,12.429428922815614,148.13333333333333
4444,2,19,pitch_jump,1.0,0.08062735469947775,14.211245340763764,148.13333333333333
4444,2,23,pitch_jump,1.0,0.09272615462862699,18.339890621430094,148.13333333333333
4445,2,4,pitch_jump,1.0,0.13628777201660575,15.130819917969365,148.16666666666666
4445,2,7,pitch_jump,1.0,0.06730476189754651,15.164228531460633,148.16666666666666
4445,2,14,pitch_jump,1.0,0.10615522470119845,14.109593110537336,148.16666666666666
4445,2,21,pitch_jump,1.0,0.0383781374086291,14.142672470825397,148.16666666666666
4445,2,23,pitch_jump,1.0,0.06586645053015314,15.670155532694336,148.16666666666666
4445,2,24,pitch_jump,1.0,0.11099495653761642,14.484642724275789,148.16666666666666
4446,2,4,pitch_jump,1.0,0.18202961373648,41.00488604172755,148.2
4446,2,6,pitch_jump,1.0,0.03452976138843431,14.744639020897951,148.2
4446,2,7,pitch_jump,1.0,0.0018657564072636253,24.80735566752399,148.2
4446,2,9,pitch_jump,1.0,0.006633049592362701,17.201831120366908,148.2
4446,2,14,pitch_jump,1.0,0.05028874537885592,17.87233861310884,148.2
4446,2,15,pitch_jump,1.0,0.06470357279201112,16.083218096713917,148.2
4446,2,16,pitch_jump,1.0,0.017684287336455395,25.562777159384492,148.2
4446,2,18,pitch_jump,1.0,0.08713036188047854,23.56047969828461,148.2
4446,2,19,pitch_jump,1.0,0.023439503598043813,25.788293767667923,148.2
4446,2,21,pitch_jump,1.0,0.016531638424984407,16.927856040509443,148.2
4446,2,23,pitch_jump,1.0,0.008814724237210695,23.962981513831423,148.2
4447,2,4,pitch_jump,1.0,0.21670139446614944,25.89966727051336,148.23333333333332
4447,2,9,pitch_jump,1.0,0.04135366490767303,14.359956441155067,148.23333333333332
4447,2,21,pitch_jump,1.0,0.1123208372613498,14.37780931984766,148.23333333333332
4447,2,24,pitch_jump,1.0,0.0677314346062953,22.211493460251404,148.23333333333332
4448,2,4,pitch_jump,1.0,0.09640581534154531,26.665869502734044,148.26666666666668
4448,2,6,pitch_jump,1.0,0.13135629317958564,13.416406119296694,148.26666666666668
4448,2,7,pitch_jump,1.0,0.054617493601713536,13.28622200939515,148.26666666666668
4448,2,14,pitch_jump,1.0,0.09346427348024777,26.000805084024112,148.26666666666668
4448,2,15,pitch_jump,1.0,0.1538538285258196,16.648509753395796,148.26666666666668
4448,2,16,pitch_jump,1.0,0.07751352677660704,12.218484259347417,148.26666666666668
4448,2,18,pitch_jump,1.0,0.1880617374848773,13.888937913720179,148.26666666666668
4448,2,21,pitch_jump,1.0,0.12312168937555021,21.089103887432156,148.26666666666668
4448,2,24,pitch_jump,1.0,0.044044475612085104,22.151960291737975,148.26666666666668
4449,2,19,pitch_jump,1.0,0.015679734911912206,12.460065109567305,148.3
4450,2,4,pitch_jump,1.0,0.07134606149521536,26.912466121329793,148.33333333333334
4450,2,6,pitch_jump,1.0,0.11600793666881115,21.19488496933436,148.33333333333334
4450,2,7,pitch_jump,1.0,0.061925322103349306,29.690399410329103,148.33333333333334
4450,2,9,pitch_jump,1.0,0.0449832360545331,16.158811122356404,148.33333333333334
4450,2,14,pitch_jump,1.0,0.10431254367388526,25.310760598076964,148.33333333333334
4450,2,15,pitch_jump,1.0,0.1357756225252004,21.14729792043901,148.33333333333334
4450,2,16,pitch_jump,1.0,0.04892413122941617,27.97640887220653,148.33333333333334
4450,2,18,pitch_jump,1.0,0.1381503760234366,25.51581009709486,148.33333333333334
4450,2,19,pitch_jump,1.0,0.04660279662376573,27.52446144574986,148.33333333333334
4450,2,21,pitch_jump,1.0,0.08420698191234688,17.315001673030526,148.33333333333334
4450,2,23,pitch_jump,1.0,0.04295819374151399,25.569597147612754,148.33333333333334
4451,2,18,pitch_jump,1.0,0.14011897427977665,15.45794708078075,148.36666666666667
4453,2,4,pitch_jump,1.0,0.052785560669226496,31.57261387276554,148.43333333333334
4453,2,6,pitch_jump,1.0,0.10561608188579548,18.793940949365908,148.43333333333334
4453,2,7,pitch_jump,1.0,0.07396438711594566,44.001099061460785,148.43333333333334
4453,2,9,pitch_jump,1.0,0.06329139694531147,22.052856634441515,148.43333333333334
4453,2,14,pitch_jump,1.0,0.06534361472289586,41.124169517236446,148.43333333333334
4453,2,15,pitch_jump,1.0,0.1454932404083136,20.77780584037711,148.43333333333334
4453,2,16,pitch_jump,1.0,0.03216535034842953,38.84111545841446,148.43333333333334
4453,2,19,pitch_jump,1.0,0.05885409315956558,39.23516142053578,148.43333333333334
4453,2,23,pitch_jump,1.0,0.06821986918806495,35.64588003822506,148.43333333333334
4454,2,4,pitch_jump,1.0,0.08508012692602258,27.968453579402762,148.46666666666667
4454,2,6,pitch_jump,1.0,0.08022325474096201,25.73349496139242,148.46666666666667
4454,2,7,pitch_jump,1.0,0.06821514904037507,20.276794305807854,148.46666666666667
4454,2,8,pitch_jump,1.0,0.35185795809532106,18.695714539135672,148.46666666666667
4454,2,14,pitch_jump,1.0,0.030173645573135087,26.670423587802606,148.46666666666667
4454,2,15,pitch_jump,1.0,0.1343589183942445,18.558296463435422,148.46666666666667
4454,2,16,pitch_jump,1.0,0.04207142775511599,23.970878471007325,148.46666666666667
4454,2,18,pitch_jump,1.0,0.16801424500289674,19.40576754219074,148.46666666666667
4454,2,19,pitch_jump,1.0,0.05195921802839761,20.079424391502414,148.46666666666667
4454,2,23,pitch_jump,1.0,0.05562976024556715,21.618990391092005,148.46666666666667
4455,2,4,pitch_jump,1.0,0.02293905195093699,13.800150374702406,148.5
4455,2,7,pitch_jump,1.0,0.04575834670107043,22.26795622015535,148.5
4455,2,8,pitch_jump,1.0,0.2087074961268139,13.77165413193146,148.5
4455,2,9,pitch_jump,1.0,0.04364476236713407,13.907040180173215,148.5
4455,2,14,pitch_jump,1.0,0.021722842678170498,13.653572682877076,148.5
4455,2,16,pitch_jump,1.0,0.013420283160899955,17.845657961532428,148.5
4455,2,19,pitch_jump,1.0,0.06146529635165057,23.61158499451846,148.5
4455,2,21,pitch_jump,1.0,0.0556488722605894,22.56308415351485,148.5
4455,2,23,pitch_jump,1.0,0.0042844151236293045,16.76840491520947,148.5
4455,2,24,pitch_jump,1.0,0.012576124319846773,16.260904130986653,148.5
4456,2,4,pitch_jump,1.0,0.20922967275204363,37.168262410433556,148.53333333333333
4456,2,7,pitch_jump,1.0,0.08911990264930662,24.285024801398297,148.53333333333333
4456,2,8,pitch_jump,1.0,0.3154202484737867,14.285847026280202,148.53333333333333
4456,2,16,pitch_jump,1.0,0.04426651043132468,16.045399471518657,148.53333333333333
4456,2,18,pitch_jump,1.0,0.10512457097732023,14.53959692930559,148.53333333333333
4456,2,19,pitch_jump,1.0,0.07036691710368932,20.986901219171912,148.53333333333333
4456,2,21,pitch_jump,1.0,0.11942702164740979,27.785661411463618,148.53333333333333
4456,2,23,pitch_jump,1.0,0.037957825905070255,15.435983190807715,148.53333333333333
4457,2,4,pitch_jump,1.0,0.23727633455942113,28.05359406560876,148.56666666666666
4457,2,7,pitch_jump,1.0,0.05136114063519573,13.797443013838173,148.56666666666666
4457,2,14,pitch_jump,1.0,0.07610225088483802,13.772165704129856,148.56666666666666
4457,2,16,pitch_jump,1.0,0.025070220760286265,15.046726000752225,148.56666666666666
4457,2,19,pitch_jump,1.0,0.031234434936930584,12.851999356251122,148.56666666666666
4457,2,23,pitch_jump,1.0,0.032082525549139984,12.589959043613442,148.56666666666666
4458,2,18,pitch_jump,1.0,0.10686100968147177,17.820350343362175,148.6
4460,2,8,pitch_jump,1.0,0.2648893514533879,18.402425189517217,148.66666666666666
4460,2,21,pitch_jump,1.0,0.03958534345765501,12.858233470471275,148.66666666666666
4461,2,24,pitch_jump,1.0,0.0695355011951148,12.02191461500062,148.7
4462,2,4,pitch_jump,1.0,0.014044561933282258,20.108944188018192,148.73333333333332
4462,2,6,pitch_jump,1.0,0.07468294076020383,17.46412549669191,148.73333333333332
4462,2,7,pitch_jump,1.0,0.02695777045316926,18.912571132813568,148.73333333333332
4462,2,8,pitch_jump,1.0,0.2408650633704899,12.782391088818363,148.73333333333332
4462,2,9,pitch_jump,1.0,0.03188516827912097,24.64058611714955,148.73333333333332
4462,2,14,pitch_jump,1.0,0.07191062141305984,21.265613786580914,148.73333333333332
4462,2,15,pitch_jump,1.0,0.07142652945027148,17.632515003971935,148.73333333333332
4462,2,16,pitch_jump,1.0,0.02363965547828351,20.476286009865195,148.73333333333332
4462,2,18,pitch_jump,1.0,0.07944346304488109,19.440169810595425,148.73333333333332
4462,2,19,pitch_jump,1.0,0.03935409811931176,18.757136225904137,148.73333333333332
4462,2,21,pitch_jump,1.0,0.021173975326105307,21.664065374628006,148.73333333333332
4462,2,23,pitch_jump,1.0,0.011631035739963085,19.48540385059022,148.73333333333332
4462,2,24,pitch_jump,1.0,0.0344948587349764,19.04312460873718,148.73333333333332
4463,2,1,pitch_jump,1.0,0.054107145070985234,15.307185321640503,148.76666666666668
4463,2,4,pitch_jump,1.0,0.0025933835174905104,18.972312350723072,148.76666666666668
4463,2,7,pitch_jump,1.0,0.012563040219838471,22.732336241082873,148.76666666666668
4463,2,8,pitch_jump,1.0,0.24228784545364745,24.58476588509547,148.76666666666668
4463,2,14,pitch_jump,1.0,0.010732967202473439,18.748164571954376,148.76666666666668
4463,2,16,pitch_jump,1.0,0.05102296967339563,20.56574842499726,148.76666666666668
4463,2,19,pitch_jump,1.0,0.02402311591253858,20.828542784945743,148.76666666666668
4463,2,21,pitch_jump,1.0,0.08472236756243305,21.39520954883734,148.76666666666668
4463,2,23,pitch_jump,1.0,0.0066718031669446495,20.859097349569268,148.76666666666668
4464,2,21,pitch_jump,1.0,0.06293649256568004,18.282772750230976,148.8
4465,2,2,pitch_jump,1.0,0.24958306916964906,19.846790053519637,148.83333333333334
4465,2,7,pitch_jump,1.0,0.03265949388126528,12.71584885382139,148.83333333333334
4465,2,19,pitch_jump,1.0,0.046188223614872854,17.251216405605433,148.83333333333334
4465,2,23,pitch_jump,1.0,0.024180069138404908,14.054413056336703,148.83333333333334
4466,2,2,pitch_jump,1.0,0.2438099685454028,13.889188247907061,148.86666666666667
4466,2,4,pitch_jump,1.0,0.02468090772840774,12.154956510415808,148.86666666666667
4466,2,24,pitch_jump,1.0,0.05384194986899747,12.254724379720743,148.86666666666667
4468,2,1,pitch_jump,1.0,0.03313996386384539,13.899284941390398,148.93333333333334
4468,2,4,pitch_jump,1.0,0.02862707390804766,14.771149219189475,148.93333333333334
4468,2,16,pitch_jump,1.0,0.011218557635617531,12.807740300984785,148.93333333333334
4468,2,21,pitch_jump,1.0,0.04122464158677517,12.716443881627002,148.93333333333334
4468,2,24,pitch_jump,1.0,0.010690191531730385,14.9133223193591,148.93333333333334
4469,2,2,pitch_jump,1.0,0.23017496389124195,14.444691739729663,148.96666666666667
4469,2,24,pitch_jump,1.0,0.059386037468055784,12.77804987955997,148.96666666666667
4470,2,4,pitch_jump,1.0,0.017241436047507417,13.133852421822377,149.0
4470,2,6,pitch_jump,1.0,0.03639539606453731,12.757489860739202,149.0
4470,2,9,pitch_jump,1.0,0.056437502203452054,13.141149573271214,149.0
4471,2,1,pitch_jump,1.0,0.06307786180608688,13.941501579097695,149.03333333333333
4471,2,7,pitch_jump,1.0,0.03247781119994536,12.34137462194874,149.03333333333333
4471,2,15,pitch_jump,1.0,0.04519964331857366,12.091390183451612,149.03333333333333
4471,2,16,pitch_jump,1.0,0.018594118168780514,13.562847005122956,149.03333333333333
4471,2,18,pitch_jump,1.0,0.05654601204652181,12.75431211985352,149.03333333333333
4471,2,19,pitch_jump,1.0,0.03845540773854577,14.606345836241749,149.03333333333333
4471,2,23,pitch_jump,1.0,0.030329363667881314,12.966316514182468,149.03333333333333
4471,2,24,pitch_jump,1.0,0.029001231747606687,15.376030419583333,149.03333333333333
4475,2,1,pitch_jump,1.0,0.03770409986548051,14.780995552260139,149.16666666666666
4475,2,4,pitch_jump,1.0,0.01731539126089277,12.95971838820652,149.16666666666666
4475,2,7,pitch_jump,1.0,0.009587055814260307,12.819520571167969,149.16666666666666
4475,2,16,pitch_jump,1.0,0.008313719191108654,13.912469931464592,149.16666666666666
4475,2,19,pitch_jump,1.0,0.018668688924619238,12.046338505061078,149.16666666666666
4475,2,23,pitch_jump,1.0,0.005359359304258606,14.123306971420647,149.16666666666666
4475,2,24,pitch_jump,1.0,0.04544608659064556,12.608529576602074,149.16666666666666
4476,2,7,pitch_jump,1.0,0.005628907186530167,12.052982649928111,149.2
4476,2,16,pitch_jump,1.0,0.02463292308379974,12.102086135046138,149.2
4476,2,23,pitch_jump,1.0,0.01070521104969049,14.148823310819846,149.2
4477,2,1,pitch_jump,1.0,0.03495880154660555,16.247700550392956,149.23333333333332
4477,2,2,pitch_jump,1.0,0.214306469028086,12.800291397854224,149.23333333333332
4477,2,4,pitch_jump,1.0,0.02793425717910779,13.177538281343336,149.23333333333332
4477,2,7,pitch_jump,1.0,0.02019702706116777,14.63551252197515,149.23333333333332
4477,2,14,pitch_jump,1.0,0.044402634883381774,16.064977040902196,149.23333333333332
4477,2,15,pitch_jump,1.0,0.010498483554902306,13.71683126061524,149.23333333333332
4477,2,16,pitch_jump,1.0,0.04242326973542699,13.125939990579399,149.23333333333332
4477,2,19,pitch_jump,1.0,0.04377201539712355,15.459317295713976,149.23333333333332
4477,2,21,pitch_jump,1.0,0.04361812672039233,14.732304798132864,149.23333333333332
4477,2,24,pitch_jump,1.0,0.021959876913815603,17.176767404687954,149.23333333333332
4478,2,2,pitch_jump,1.0,0.24270976951354797,12.026282077279058,149.26666666666668
4478,2,15,pitch_jump,1.0,0.04325793443619891,12.35998911078214,149.26666666666668
4479,2,1,pitch_jump,1.0,0.009231245784224296,65.74373264165642,149.3
4479,2,2,pitch_jump,1.0,0.11118687439340615,55.51552029368702,149.3
4479,2,4,pitch_jump,1.0,0.019057908906158803,31.46192375571566,149.3
4479,2,6,pitch_jump,1.0,0.031182122488166465,21.225743308042713,149.3
4479,2,7,pitch_jump,1.0,0.027088493749088317,49.45982978791512,149.3
4479,2,9,pitch_jump,1.0,0.0646308219561989,32.17235462177662,149.3
4479,2,14,pitch_jump,1.0,0.023588449749585197,28.29957852555215,149.3
4479,2,15,pitch_jump,1.0,0.019305077833437073,21.988250523401895,149.3
4479,2,16,pitch_jump,1.0,0.023150505861777686,58.50984972654394,149.3
4479,2,18,pitch_jump,1.0,0.060967397272928374,18.869544191442507,149.3
4479,2,19,pitch_jump,1.0,0.03996080774542886,58.11883802668794,149.3
4479,2,21,pitch_jump,1.0,0.008332394238110061,45.330256570266506,149.3
4479,2,23,pitch_jump,1.0,0.01968558133044441,70.87425289002483,149.3
4479,2,24,pitch_jump,1.0,0.03170175001111521,40.47726039856909,149.3
4480,2,1,pitch_jump,1.0,0.04797445015514118,69.99935933150296,149.33333333333334
4480,2,2,pitch_jump,1.0,0.19904310289745789,74.67704064039714,149.33333333333334
4480,2,4,pitch_jump,1.0,0.019478172263932787,47.03362198527777,149.33333333333334
4480,2,6,pitch_jump,1.0,0.034379972805580916,32.60659243287057,149.33333333333334
4480,2,7,pitch_jump,1.0,0.054046936575767576,74.85849524156004,149.33333333333334
4480,2,9,pitch_jump,1.0,0.015607226360975992,36.57601873542886,149.33333333333334
4480,2,14,pitch_jump,1.0,0.015567781582242767,45.47602904992019,149.33333333333334
4480,2,15,pitch_jump,1.0,0.02218388108979595,31.455063001845193,149.33333333333334
4480,2,16,pitch_jump,1.0,0.004176815688959809,72.77899667900157,149.33333333333334
4480,2,18,pitch_jump,1.0,0.03527046363102435,27.189877274430675,149.33333333333334
4480,2,19,pitch_jump,1.0,0.014029505000827832,72.8646766568655,149.33333333333334
4480,2,21,pitch_jump,1.0,0.06460988956305319,55.45669417431804,149.33333333333334
4480,2,23,pitch_jump,1.0,0.003399469117699608,83.44016214285712,149.33333333333334
4480,2,24,pitch_jump,1.0,0.021781153303504715,42.270156946249614,149.33333333333334
4481,2,1,pitch_jump,1.0,0.04692377242245392,21.821834960992543,149.36666666666667
4481,2,2,pitch_jump,1.0,0.18767262022570147,29.534425104932428,149.36666666666667
4481,2,7,pitch_jump,1.0,0.07463189795186957,21.801932147182757,149.36666666666667
4481,2,9,pitch_jump,1.0,0.012097687705219039,15.392902414821458,149.36666666666667
4481,2,14,pitch_jump,1.0,0.048935505527937836,15.826424229745026,149.36666666666667
4481,2,16,pitch_jump,1.0,0.015448582492128358,14.512509954434316,149.36666666666667
4481,2,18,pitch_jump,1.0,0.05833185547924207,16.950565210503996,149.36666666666667
4481,2,19,pitch_jump,1.0,0.011132553926873796,16.26639653445546,149.36666666666667
4481,2,21,pitch_jump,1.0,0.06412301375458622,21.439656966732,149.36666666666667
4481,2,23,pitch_jump,1.0,0.027899992504210446,19.477971438459416,149.36666666666667
4481,2,24,pitch_jump,1.0,0.055858616658506784,17.074823230052505,149.36666666666667
4482,2,1,pitch_jump,1.0,0.006390532970983512,17.281630051764115,149.4
4482,2,2,pitch_jump,1.0,0.10561363745058776,14.154685965530678,149.4
4482,2,16,pitch_jump,1.0,0.02576816035461883,12.49284092724016,149.4
4482,2,19,pitch_jump,1.0,0.018969293509257697,13.810204880711822,149.4
4482,2,21,pitch_jump,1.0,0.02355979776806612,15.997003497401085,149.4
4482,2,23,pitch_jump,1.0,0.022716535180299723,13.25759120641832,149.4
4482,2,24,pitch_jump,1.0,0.05389265935555847,17.987000249822056,149.4
4484,2,2,pitch_jump,1.0,0.15061286819168407,12.36331464370629,149.46666666666667
4485,2,21,pitch_jump,1.0,0.010100209310437912,12.782527242442548,149.5
4485,2,24,pitch_jump,1.0,0.03464606308572349,12.124834071454524,149.5
4486,2,1,pitch_jump,1.0,0.020829590591550005,13.579960033353725,149.53333333333333
4486,2,6,pitch_jump,1.0,0.03273722730425408,13.143592859109733,149.53333333333333
4486,2,9,pitch_jump,1.0,0.05543472465520518,12.864016191076473,149.53333333333333
4486,2,15,pitch_jump,1.0,0.0358629856536579,12.424385780373164,149.53333333333333
4486,2,21,pitch_jump,1.0,0.037068512689870256,16.08361738092691,149.53333333333333
4487,2,24,pitch_jump,1.0,0.09925152131453031,15.554063315482052,149.56666666666666
4488,2,6,pitch_jump,1.0,0.054841994611980464,12.88301185652609,149.6
4488,2,15,pitch_jump,1.0,0.046553359003635275,13.908032980811484,149.6
4488,2,18,pitch_jump,1.0,0.04196754340788218,13.762304120657728,149.6
4489,2,6,pitch_jump,1.0,0.09515469165151486,16.03916923543178,149.63333333333333
4489,2,16,pitch_jump,1.0,0.05772413637875341,12.299360705253529,149.63333333333333
4489,2,18,pitch_jump,1.0,0.08357953533757408,12.725483171629012,149.63333333333333
4489,2,19,pitch_jump,1.0,0.05484940231347068,14.89914588568361,149.63333333333333
4489,2,21,pitch_jump,1.0,0.02410349758319867,13.027640889909746,149.63333333333333
4490,2,1,pitch_jump,1.0,0.007542358926812911,32.538494366104025,149.66666666666666
4490,2,2,pitch_jump,1.0,0.1160464091664264,30.004437120248443,149.66666666666666
4490,2,4,pitch_jump,1.0,0.05110893631744585,26.073817762399024,149.66666666666666
4490,2,6,pitch_jump,1.0,0.08022096991682373,33.37754183048081,149.66666666666666
4490,2,7,pitch_jump,1.0,0.018913548248648864,21.668487244710953,149.66666666666666
4490,2,9,pitch_jump,1.0,0.019580067836284056,23.40936922387238,149.66666666666666
4490,2,14,pitch_jump,1.0,0.09396692522264499,27.772242166799078,149.66666666666666
4490,2,15,pitch_jump,1.0,0.055376793915656614,30.644204579700055,149.66666666666666
4490,2,16,pitch_jump,1.0,0.05729262181488033,23.670529301984033,149.66666666666666
4490,2,18,pitch_jump,1.0,0.05902447191524844,27.90066798279575,149.66666666666666
4490,2,19,pitch_jump,1.0,0.057152375000360585,26.03670371949094,149.66666666666666
4490,2,21,pitch_jump,1.0,0.0374018393802116,29.878005439075014,149.66666666666666
4490,2,23,pitch_jump,1.0,0.022379979219226936,23.655199266578933,149.66666666666666
4490,2,24,pitch_jump,1.0,0.05322283706963569,30.48260455153725,149.66666666666666
4492,2,7,pitch_jump,1.0,0.13481698767004008,23.93006261488585,149.73333333333332
4492,2,23,pitch_jump,1.0,0.04199356357997689,14.322644780809382,149.73333333333332
4493,2,16,pitch_jump,1.0,0.031547145838902516,13.83849459617036,149.76666666666668
4493,2,19,pitch_jump,1.0,0.017889020665278192,13.015666682988313,149.76666666666668
4494,2,1,pitch_jump,1.0,0.007799194534589745,42.30069921732339,149.8
4494,2,2,pitch_jump,1.0,0.09840372302914255,27.717070650505672,149.8
4494,2,4,pitch_jump,1.0,0.06925523374699592,16.40929697723234,149.8
4494,2,7,pitch_jump,1.0,0.03512458337670332,31.811995437982564,149.8
4494,2,9,pitch_jump,1.0,0.04864622958785172,20.637909084738748,149.8
4494,2,14,pitch_jump,1.0,0.04405279961968633,18.048887518892457,149.8
4494,2,16,pitch_jump,1.0,0.019449388227580425,42.299812943471075,149.8
4494,2,18,pitch_jump,1.0,0.054990584310022184,14.647698368071163,149.8
4494,2,19,pitch_jump,1.0,0.013908792296398808,40.98836513515429,149.8
4494,2,21,pitch_jump,1.0,0.017787535457959937,26.972053823285993,149.8
4494,2,23,pitch_jump,1.0,0.02972082923702174,49.06535835183939,149.8
4495,2,1,pitch_jump,1.0,0.05960542345718845,13.178012731452473,149.83333333333334
4495,2,9,pitch_jump,1.0,0.08705527031885843,13.282771497931725,149.83333333333334
4497,2,14,pitch_jump,1.0,0.0681886036209423,13.914829124994288,149.9
4497,2,16,pitch_jump,1.0,0.05169975624770887,12.793405729096106,149.9
4498,2,22,pitch_jump,1.0,0.08614026753123076,18.531668629686152,149.93333333333334
4499,2,1,pitch_jump,1.0,0.04229030463237342,13.207004462471362,149.96666666666667
4499,2,16,pitch_jump,1.0,0.06587513171122213,14.627274841772186,149.96666666666667
4499,2,19,pitch_jump,1.0,0.05620623672472368,17.82911207035915,149.96666666666667
4499,2,21,pitch_jump,1.0,0.036752430900707435,12.763425229527153,149.96666666666667
4499,2,23,pitch_jump,1.0,0.022132052341757014,12.941633307263933,149.96666666666667
4502,2,9,pitch_jump,1.0,0.0581390728594635,14.231460024109431,150.06666666666666
4504,2,4,pitch_jump,1.0,0.0909026674386933,13.125340879918285,150.13333333333333
4504,2,14,pitch_jump,1.0,0.0563011405395831,15.255625379059847,150.13333333333333
4504,2,15,pitch_jump,1.0,0.07627550103209262,13.135191958585418,150.13333333333333
4504,2,16,pitch_jump,1.0,0.04081612798688243,15.81382275880101,150.13333333333333
4504,2,18,pitch_jump,1.0,0.12380290268765078,14.968710650828335,150.13333333333333
4504,2,19,pitch_jump,1.0,0.026420449815924667,13.487362159682233,150.13333333333333
4504,2,23,pitch_jump,1.0,0.037779021120611864,13.788635748119367,150.13333333333333
4507,2,6,pitch_jump,1.0,0.11780908690099,14.32560577509785,150.23333333333332
4507,2,14,pitch_jump,1.0,0.09447415247949185,13.704248120901028,150.23333333333332
4507,2,18,pitch_jump,1.0,0.1353103586489676,24.77546113261835,150.23333333333332
4507,2,23,pitch_jump,1.0,0.0639317233789585,12.6496862667555,150.23333333333332
4508,2,6,pitch_jump,1.0,0.1433429191176802,14.17660785896094,150.26666666666668
4508,2,15,pitch_jump,1.0,0.11591958401811274,15.997647037420549,150.26666666666668
4508,2,18,pitch_jump,1.0,0.15395523875705985,19.46879632691739,150.26666666666668
4510,2,24,pitch_jump,1.0,0.10066288298329165,13.071894215189623,150.33333333333334
4511,2,7,pitch_jump,1.0,0.050558242920046605,13.158154056248641,150.36666666666667
4511,2,16,pitch_jump,1.0,0.07498788133738209,21.38782067440291,150.36666666666667
4511,2,19,pitch_jump,1.0,0.07158196962926508,20.244561585130633,150.36666666666667
4511,2,23,pitch_jump,1.0,0.051000202301403987,16.933859754538833,150.36666666666667
4512,2,9,pitch_jump,1.0,0.05622201886379721,13.008900406166733,150.4
4513,2,9,pitch_jump,1.0,0.1332731207242576,15.440106578976199,150.43333333333334
4514,2,1,pitch_jump,1.0,0.11651764987461448,20.36872027161762,150.46666666666667
4514,2,4,pitch_jump,1.0,0.11652342845481961,14.976408945648581,150.46666666666667
4514,2,9,pitch_jump,1.0,0.11554506862154144,22.6673845305846,150.46666666666667
4514,2,14,pitch_jump,1.0,0.09000657356223467,12.133382560567675,150.46666666666667
4514,2,15,pitch_jump,1.0,0.10161472865609011,13.595576333056314,150.46666666666667
4514,2,18,pitch_jump,1.0,0.1336300065741551,22.11160328780353,150.46666666666667
4514,2,21,pitch_jump,1.0,0.11538103567147542,16.252180647612683,150.46666666666667
4514,2,24,pitch_jump,1.0,0.10269283133038733,16.107004778121834,150.46666666666667
4516,2,1,pitch_jump,1.0,0.12124182655859336,13.435092561329835,150.53333333333333
4516,2,4,pitch_jump,1.0,0.09508331688276903,15.720204934420531,150.53333333333333
4516,2,6,pitch_jump,1.0,0.11267087310549165,13.93755503966493,150.53333333333333
4516,2,7,pitch_jump,1.0,0.06474021318227251,14.027122495048802,150.53333333333333
4516,2,14,pitch_jump,1.0,0.09242154595869355,15.979707165429303,150.53333333333333
4516,2,15,pitch_jump,1.0,0.07395312084652542,13.488238189124766,150.53333333333333
4517,2,1,pitch_jump,1.0,0.12131163961819394,20.102682070638778,150.56666666666666
4517,2,4,pitch_jump,1.0,0.08941318629169373,14.793535317288324,150.56666666666666
4517,2,6,pitch_jump,1.0,0.12940006007095073,15.650882048951843,150.56666666666666
4517,2,7,pitch_jump,1.0,0.08468926655253872,19.167533016099277,150.56666666666666
4517,2,14,pitch_jump,1.0,0.11010074288848805,16.13314649813455,150.56666666666666
4517,2,15,pitch_jump,1.0,0.0827236262103028,13.066926982544699,150.56666666666666
4517,2,23,pitch_jump,1.0,0.06796778458179789,14.098570233252586,150.56666666666666
4518,2,21,pitch_jump,1.0,0.06082038362728606,12.70610509417815,150.6
4518,2,24,pitch_jump,1.0,0.05044648622856854,12.90211967751827,150.6
4519,2,4,pitch_jump,1.0,0.08082671352050284,15.732998854643226,150.63333333333333
4519,2,16,pitch_jump,1.0,0.050366007933891,17.74957810565408,150.63333333333333
4519,2,19,pitch_jump,1.0,0.05230101951731972,12.344238946139901,150.63333333333333
4519,2,23,pitch_jump,1.0,0.0730724406738469,13.186980562692012,150.63333333333333
4520,2,1,pitch_jump,1.0,0.08570709956133733,57.05989694438617,150.66666666666666
4520,2,4,pitch_jump,1.0,0.09372495861820929,15.763604432936454,150.66666666666666
4520,2,7,pitch_jump,1.0,0.06706303667088097,37.07217978817086,150.66666666666666
4520,2,9,pitch_jump,1.0,0.07808853169222618,17.670880428831016,150.66666666666666
4520,2,14,pitch_jump,1.0,0.08343805879029334,14.13515774450609,150.66666666666666
4520,2,16,pitch_jump,1.0,0.04178088911926632,55.24836706201619,150.66666666666666
4520,2,18,pitch_jump,1.0,0.08503174039054172,14.690772890406716,150.66666666666666
4520,2,19,pitch_jump,1.0,0.04108217651260861,46.47543957991273,150.66666666666666
4520,2,21,pitch_jump,1.0,0.21245817321038996,44.1874073000614,150.66666666666666
4520,2,22,pitch_jump,1.0,0.05023628763476091,38.2238746255439,150.66666666666666
4520,2,23,pitch_jump,1.0,0.0737211777504638,68.50858398733938,150.66666666666666
4521,2,4,pitch_jump,1.0,0.055242047683022925,15.924664631281072,150.7
4521,2,6,pitch_jump,1.0,0.059859919058912,17.9866304493753,150.7
4521,2,7,pitch_jump,1.0,0.033433887439609414,14.243449739485945,150.7
4521,2,9,pitch_jump,1.0,0.05023472854973204,16.89683737592775,150.7
4521,2,14,pitch_jump,1.0,0.06388542105529624,15.5458158712341,150.7
4521,2,15,pitch_jump,1.0,0.05274079049840028,15.625936814720056,150.7
4521,2,16,pitch_jump,1.0,0.028716174194743323,15.763096610159755,150.7
4521,2,18,pitch_jump,1.0,0.06193436163703487,14.308863069403811,150.7
4521,2,19,pitch_jump,1.0,0.02084279248237633,16.106348770602576,150.7
4521,2,21,pitch_jump,1.0,0.1253441015023721,39.54427734853595,150.7
4521,2,22,pitch_jump,1.0,0.06158935910586396,13.372549051362244,150.7
4521,2,23,pitch_jump,1.0,0.03274591098532551,15.115714005450148,150.7
4522,2,9,pitch_jump,1.0,0.12305919309207732,20.413726521824735,150.73333333333332
4522,2,18,pitch_jump,1.0,0.14554065550919706,19.319696820572478,150.73333333333332
4522,2,22,pitch_jump,1.0,0.12518426076949496,12.543163082478983,150.73333333333332
4523,2,4,pitch_jump,1.0,0.07265027798720596,22.333011187328335,150.76666666666668
4523,2,6,pitch_jump,1.0,0.08516259777594892,18.747080051224653,150.76666666666668
4523,2,7,pitch_jump,1.0,0.045322484881802405,14.549261624979197,150.76666666666668
4523,2,9,pitch_jump,1.0,0.12438013069482312,18.686184288916433,150.76666666666668
4523,2,14,pitch_jump,1.0,0.09945501854288828,24.29121238001259,150.76666666666668
4523,2,15,pitch_jump,1.0,0.08075829230432817,22.285086797661172,150.76666666666668
4523,2,16,pitch_jump,1.0,0.059152826933766195,14.993689666442204,150.76666666666668
4523,2,18,pitch_jump,1.0,0.14226617645442866,22.002566374581757,150.76666666666668
4523,2,19,pitch_jump,1.0,0.06256597776345606,13.740100836196428,150.76666666666668
4525,2,1,pitch_jump,1.0,0.09178919024914423,20.542897714904424,150.83333333333334
4525,2,4,pitch_jump,1.0,0.10195322256670149,15.686859457153513,150.83333333333334
4525,2,19,pitch_jump,1.0,0.05619829122303795,14.881205597882955,150.83333333333334
4526,2,4,pitch_jump,1.0,0.10309519385494306,16.004540407308717,150.86666666666667
4526,2,6,pitch_jump,1.0,0.09500657553333611,14.944028015793327,150.86666666666667
4526,2,14,pitch_jump,1.0,0.09542178098159898,14.136121976915122,150.86666666666667
4526,2,15,pitch_jump,1.0,0.0896456682207161,15.851321867596464,150.86666666666667
4526,2,18,pitch_jump,1.0,0.08154296304084353,13.657228385480556,150.86666666666667
4526,2,21,pitch_jump,1.0,0.1397344365478972,30.166344959539682,150.86666666666667
4527,2,1,pitch_jump,1.0,0.058721490254064625,13.468790254842517,150.9
4527,2,6,pitch_jump,1.0,0.10580781053978418,12.422007115075367,150.9
4527,2,21,pitch_jump,1.0,0.05961826690151329,22.090595355535406,150.9
4528,2,1,pitch_jump,1.0,0.10915647365530598,16.625840978074635,150.93333333333334
4528,2,23,pitch_jump,1.0,0.049670542664977634,14.496533436255453,150.93333333333334
4529,2,14,pitch_jump,1.0,0.09639566956426315,13.855732923365533,150.96666666666667
4529,2,15,pitch_jump,1.0,0.09069799379042372,16.298767754810356,150.96666666666667
4530,2,7,pitch_jump,1.0,0.032472794725873756,13.752196308288937,151.0
4530,2,14,pitch_jump,1.0,0.05773995811437855,13.406382994892436,151.0
4530,2,16,pitch_jump,1.0,0.031595630658722146,14.395209350762935,151.0
4530,2,23,pitch_jump,1.0,0.02943361940800944,13.783477308160608,151.0
4531,2,18,pitch_jump,1.0,0.11237561983958762,15.714452156803274,151.03333333333333
4532,2,1,pitch_jump,1.0,0.0632830111385334,14.39203833557696,151.06666666666666
4532,2,9,pitch_jump,1.0,0.09418362615745518,23.458337181869066,151.06666666666666
4532,2,21,pitch_jump,1.0,0.10149191615587336,15.556863877068448,151.06666666666666
4532,2,24,pitch_jump,1.0,0.086179490379443,21.15361096064428,151.06666666666666
4533,2,24,pitch_jump,1.0,0.10652534857709525,20.69534574719844,151.1
4534,2,24,pitch_jump,1.0,0.17286394715655007,33.35517987284447,151.13333333333333
4535,2,1,pitch_jump,1.0,0.08665158575999977,13.780879875973852,151.16666666666666
4535,2,6,pitch_jump,1.0,0.10186906962026765,24.254535862090425,151.16666666666666
4535,2,15,pitch_jump,1.0,0.06722813365442414,12.707687200296496,151.16666666666666
4535,2,18,pitch_jump,1.0,0.08624526701295297,15.671689266975456,151.16666666666666
4535,2,21,pitch_jump,1.0,0.0979001779300609,12.343776764273299,151.16666666666666
4537,2,4,pitch_jump,1.0,0.08241636838203248,14.657430832556678,151.23333333333332
4537,2,6,pitch_jump,1.0,0.06134204573888159,12.928411496012176,151.23333333333332
4537,2,14,pitch_jump,1.0,0.07369042987028934,13.772942250695925,151.23333333333332
4537,2,15,pitch_jump,1.0,0.08984264604761373,18.5541774161647,151.23333333333332
4537,2,18,pitch_jump,1.0,0.06510066511991311,12.570907190479646,151.23333333333332
4538,2,1,pitch_jump,1.0,0.03154740916153144,16.46968112702016,151.26666666666668
4538,2,2,pitch_jump,1.0,0.0676315605920498,14.487129149574013,151.26666666666668
4538,2,4,pitch_jump,1.0,0.07088496879784367,15.513380015707632,151.26666666666668
4538,2,6,pitch_jump,1.0,0.05780927481785501,12.185943808971562,151.26666666666668
4538,2,14,pitch_jump,1.0,0.08890031152782671,15.726442068124927,151.26666666666668
4538,2,15,pitch_jump,1.0,0.0825035734936503,14.226654433278611,151.26666666666668
4538,2,16,pitch_jump,1.0,0.03037174703010513,13.070752409961242,151.26666666666668
4538,2,18,pitch_jump,1.0,0.13371421209824147,33.652565527018574,151.26666666666668
4538,2,23,pitch_jump,1.0,0.042170272562252135,15.220957298706871,151.26666666666668
4538,2,24,pitch_jump,1.0,0.08755761156538268,13.7318132374417,151.26666666666668
4539,2,15,pitch_jump,1.0,0.06506655270529439,12.228541616824373,151.3
4539,2,18,pitch_jump,1.0,0.07437235311126705,18.038797261901337,151.3
4540,2,2,pitch_jump,1.0,0.07461877959340714,16.053296974275344,151.33333333333334
4540,2,14,pitch_jump,1.0,0.08415900765306863,14.373956245178753,151.33333333333334
4541,2,9,pitch_jump,1.0,0.10940062903435277,22.421483650061965,151.36666666666667
4542,2,2,pitch_jump,1.0,0.06096309104056854,34.521713613445584,151.4
4542,2,4,pitch_jump,1.0,0.038361352698377024,21.4381653059104,151.4
4542,2,7,pitch_jump,1.0,0.022218004283256095,21.057644723641484,151.4
4542,2,14,pitch_jump,1.0,0.03049293850262409,19.1470833064908,151.4
4542,2,16,pitch_jump,1.0,0.017795656212086643,26.450198603688488,151.4
4542,2,19,pitch_jump,1.0,0.013800326490717593,18.11515208724835,151.4
4542,2,23,pitch_jump,1.0,0.034034440151164407,22.100648084799815,151.4
4543,2,2,pitch_jump,1.0,0.07762083378870072,14.248911723191203,151.43333333333334
4543,2,24,pitch_jump,1.0,0.15784940662798475,39.16353550835473,151.43333333333334
4544,2,6,pitch_jump,1.0,0.11626842526524674,20.303027073191135,151.46666666666667
4544,2,24,pitch_jump,1.0,0.09833207682356757,14.339221056846858,151.46666666666667
4545,2,24,pitch_jump,1.0,0.0792972107252633,20.234600816814282,151.5
4546,2,18,pitch_jump,1.0,0.10026668659778766,15.174096003748252,151.53333333333333
4546,2,24,pitch_jump,1.0,0.07525490456918373,16.98969569905434,151.53333333333333
4547,2,13,pitch_jump,1.0,0.11437600728974276,14.684115678990135,151.56666666666666
4548,2,1,pitch_jump,1.0,0.02522760895143773,12.132887229517351,151.6
4549,2,1,pitch_jump,1.0,0.04360285381446303,12.576954253781631,151.63333333333333
4549,2,13,pitch_jump,1.0,0.15187110427511166,21.771381079200378,151.63333333333333
4550,2,1,pitch_jump,1.0,0.03973181034316637,25.20147825667275,151.66666666666666
4550,2,2,pitch_jump,1.0,0.061519566340160314,21.156440170312397,151.66666666666666
4550,2,4,pitch_jump,1.0,0.0760608360498604,12.243750639677396,151.66666666666666
4550,2,7,pitch_jump,1.0,0.0205331235564321,16.018509283277616,151.66666666666666
4550,2,9,pitch_jump,1.0,0.0818594690466434,19.080436816866474,151.66666666666666
4550,2,13,pitch_jump,1.0,0.15944351434737047,22.646370169130783,151.66666666666666
4550,2,14,pitch_jump,1.0,0.09038376978061399,23.44929333264616,151.66666666666666
4550,2,16,pitch_jump,1.0,0.031685382301558755,18.828784614436962,151.66666666666666
4550,2,18,pitch_jump,1.0,0.07989032165029644,12.881070945361499,151.66666666666666
4550,2,19,pitch_jump,1.0,0.00896905371808419,19.800719036246125,151.66666666666666
4550,2,21,pitch_jump,1.0,0.0799078555240334,23.46384879006855,151.66666666666666
4550,2,23,pitch_jump,1.0,0.0318688033583659,21.298290758828706,151.66666666666666
4550,2,24,pitch_jump,1.0,0.04130410854828714,24.636292681441493,151.66666666666666
4552,2,1,pitch_jump,1.0,0.05147263695778451,16.305948642052925,151.73333333333332
4552,2,13,pitch_jump,1.0,0.15009642878867563,28.919112618586226,151.73333333333332
4552,2,24,pitch_jump,1.0,0.0590438081363992,13.714907274938417,151.73333333333332
4553,2,18,pitch_jump,1.0,0.07961825736154278,14.241723693832903,151.76666666666668
4553,2,24,pitch_jump,1.0,0.08374384777731424,12.188193658602389,151.76666666666668
4555,2,1,pitch_jump,1.0,0.05597907864643026,17.070370490632534,151.83333333333334
4555,2,13,pitch_jump,1.0,0.11237635925205947,14.053443073632872,151.83333333333334
4555,2,24,pitch_jump,1.0,0.05809565812894225,17.59672025776107,151.83333333333334
4556,2,1,pitch_jump,1.0,0.05077471075921625,13.89473826256587,151.86666666666667
4556,2,13,pitch_jump,1.0,0.16688946855817036,23.193321811698613,151.86666666666667
4556,2,19,pitch_jump,1.0,0.04369480372398468,13.488733226584346,151.86666666666667
4557,2,1,pitch_jump,1.0,0.01829916976502297,12.590785302329705,151.9
4557,2,13,pitch_jump,1.0,0.10522155412959858,14.939795973229153,151.9
4557,2,24,pitch_jump,1.0,0.015884464753762404,12.025710770826656,151.9
4558,2,21,pitch_jump,1.0,0.09565271911490734,16.49426106193844,151.93333333333334
4559,2,1,pitch_jump,1.0,0.039665156848874325,17.153668288795373,151.96666666666667
4559,2,14,pitch_jump,1.0,0.059228249530810816,13.174496991799668,151.96666666666667
4559,2,21,pitch_jump,1.0,0.10060872851404792,12.328214905197063,151.96666666666667
4559,2,23,pitch_jump,1.0,0.03408039885307863,13.922244180735749,151.96666666666667
4559,2,24,pitch_jump,1.0,0.05639028331077454,13.729280216548714,151.96666666666667
4560,2,6,pitch_jump,1.0,0.07285304144598122,16.36490456434188,152.0
4560,2,9,pitch_jump,1.0,0.056577733265170106,16.738487959556853,152.0
4560,2,18,pitch_jump,1.0,0.11632208495758943,34.4081731804471,152.0
4561,2,6,pitch_jump,1.0,0.10763068772837703,17.11555809391339,152.03333333333333
4561,2,9,pitch_jump,1.0,0.08076948664107872,13.124510657861345,152.03333333333333
4562,2,13,pitch_jump,1.0,0.11111100260227257,16.67463428399745,152.06666666666666
4562,2,18,pitch_jump,1.0,0.07361957008736764,13.685090635743109,152.06666666666666
4564,2,1,pitch_jump,1.0,0.021763208091285093,15.904387891326978,152.13333333333333
4564,2,13,pitch_jump,1.0,0.16370816753286888,24.117867918175385,152.13333333333333
4565,2,24,pitch_jump,1.0,0.03351302134664416,12.763301085219517,152.16666666666666
4567,2,13,pitch_jump,1.0,0.16693610174397058,18.099306089577713,152.23333333333332
4567,2,18,pitch_jump,1.0,0.11560091154426179,25.197528324613238,152.23333333333332
4568,2,4,pitch_jump,1.0,0.08231824648288526,12.433339962539916,152.26666666666668
4568,2,6,pitch_jump,1.0,0.11773643936035803,22.105252520549698,152.26666666666668
4568,2,7,pitch_jump,1.0,0.03668880717584243,13.43944412291017,152.26666666666668
4568,2,13,pitch_jump,1.0,0.17936392768840895,14.336575166433212,152.26666666666668
4568,2,16,pitch_jump,1.0,0.05206130788574754,15.95826870759108,152.26666666666668
4568,2,19,pitch_jump,1.0,0.03621420238276279,15.740542406021094,152.26666666666668
4568,2,23,pitch_jump,1.0,0.02551410409155611,15.656243298694752,152.26666666666668
4569,2,6,pitch_jump,1.0,0.05205228548820163,14.948192728645743,152.3
4570,2,2,pitch_jump,1.0,0.062370518629494984,12.564434799259246,152.33333333333334
4570,2,4,pitch_jump,1.0,0.08711207100844312,12.270496095687426,152.33333333333334
4570,2,9,pitch_jump,1.0,0.07474837345690272,15.235369008427595,152.33333333333334
4570,2,21,pitch_jump,1.0,0.10020190270939801,12.372255729353615,152.33333333333334
4570,2,22,pitch_jump,1.0,0.12204431545730533,12.346145361758838,152.33333333333334
4571,2,1,pitch_jump,1.0,0.05872967879450563,14.019118896036417,152.36666666666667
4571,2,4,pitch_jump,1.0,0.07438911756386904,12.391176786800022,152.36666666666667
4571,2,6,pitch_jump,1.0,0.056892783408413035,12.40977409422782,152.36666666666667
4571,2,7,pitch_jump,1.0,0.035632661671818985,15.668997570375081,152.36666666666667
4571,2,9,pitch_jump,1.0,0.036328830887204726,13.558683143987034,152.36666666666667
4571,2,13,pitch_jump,1.0,0.15251206828680855,20.11140739787611,152.36666666666667
4571,2,14,pitch_jump,1.0,0.049909264954477874,18.04249331838762,152.36666666666667
4571,2,15,pitch_jump,1.0,0.09446510939252599,19.90262163256118,152.36666666666667
4571,2,16,pitch_jump,1.0,0.06614531854552556,12.822865387137186,152.36666666666667
4571,2,18,pitch_jump,1.0,0.08590591478494064,12.027465060973658,152.36666666666667
4571,2,23,pitch_jump,1.0,0.02559784133013979,14.269036809968693,152.36666666666667
4571,2,24,pitch_jump,1.0,0.06220619229443549,17.097175657277962,152.36666666666667
4572,2,1,pitch_jump,1.0,0.019886053837793533,12.215005533082063,152.4
4572,2,13,pitch_jump,1.0,0.10747565404086205,23.69112082922228,152.4
4572,2,14,pitch_jump,1.0,0.03959060658794039,13.460964945777901,152.4
4572,2,15,pitch_jump,1.0,0.05959392183111424,14.37978207408806,152.4
4573,2,13,pitch_jump,1.0,0.1511662243236613,16.681201469662373,152.43333333333334
4574,2,4,pitch_jump,1.0,0.08713032485257258,13.37469569002658,152.46666666666667
4574,2,7,pitch_jump,1.0,0.02953185216438839,14.657091134097803,152.46666666666667
4574,2,13,pitch_jump,1.0,0.1749734710201266,12.672457214790464,152.46666666666667
4574,2,14,pitch_jump,1.0,0.04878045424771506,13.872634126671668,152.46666666666667
4574,2,15,pitch_jump,1.0,0.08757028805426001,12.001325064159055,152.46666666666667
4574,2,16,pitch_jump,1.0,0.04731273880943857,14.044072766281058,152.46666666666667
4574,2,23,pitch_jump,1.0,0.026492385044936232,14.027348340638445,152.46666666666667
4575,2,13,pitch_jump,1.0,0.14884838031880035,12.20738085351427,152.5
4576,2,1,pitch_jump,1.0,0.06415443462190067,43.424496329801066,152.53333333333333
4576,2,4,pitch_jump,1.0,0.07065426668655171,12.183540539125396,152.53333333333333
4576,2,6,pitch_jump,1.0,0.1042161975739114,41.07685011149545,152.53333333333333
4576,2,9,pitch_jump,1.0,0.05075980433401527,30.946618637154458,152.53333333333333
4576,2,13,pitch_jump,1.0,0.15906265235055358,14.194750523231718,152.53333333333333
4576,2,14,pitch_jump,1.0,0.029428349107466174,13.508751092781708,152.53333333333333
4576,2,15,pitch_jump,1.0,0.09011222899463141,15.014784040867745,152.53333333333333
4576,2,18,pitch_jump,1.0,0.09669702056234146,38.85227832207628,152.53333333333333
4576,2,21,pitch_jump,1.0,0.10645287530961291,43.10669312058536,152.53333333333333
4576,2,24,pitch_jump,1.0,0.04221408530187771,40.08125672321748,152.53333333333333
4577,2,1,pitch_jump,1.0,0.05194270766038062,30.515419290086562,152.56666666666666
4577,2,9,pitch_jump,1.0,0.05076096464200018,17.037436007563535,152.56666666666666
4577,2,13,pitch_jump,1.0,0.1404259045536738,19.40397840832728,152.56666666666666
4577,2,21,pitch_jump,1.0,0.09323358667678382,26.664063273445787,152.56666666666666
4577,2,23,pitch_jump,1.0,0.027375040535040484,13.33719512265659,152.56666666666666
4577,2,24,pitch_jump,1.0,0.02978201151690898,30.1841394178974,152.56666666666666
4578,2,13,pitch_jump,1.0,0.07928399920313198,13.406750190513673,152.6
4578,2,14,pitch_jump,1.0,0.015170809986516034,12.011588873035466,152.6
4579,2,9,pitch_jump,1.0,0.06055744728882706,24.191222916568563,152.63333333333333
4579,2,13,pitch_jump,1.0,0.10764235917169479,14.592734214608997,152.63333333333333
4579,2,18,pitch_jump,1.0,0.07742957182575012,14.544299747858929,152.63333333333333
4579,2,19,pitch_jump,1.0,0.019628952333170996,12.70457509227676,152.63333333333333
4580,2,1,pitch_jump,1.0,0.05760731931092776,12.76244270246928,152.66666666666666
4580,2,4,pitch_jump,1.0,0.06921450800742444,16.835967219704862,152.66666666666666
4580,2,9,pitch_jump,1.0,0.033124122071523536,18.021184472589823,152.66666666666666
4580,2,13,pitch_jump,1.0,0.14178654740845018,32.18205236834716,152.66666666666666
4580,2,14,pitch_jump,1.0,0.03168668807514657,14.099600355084926,152.66666666666666
4580,2,15,pitch_jump,1.0,0.07311511774525686,16.956465993237398,152.66666666666666
4580,2,16,pitch_jump,1.0,0.035730987899206486,12.991448323227972,152.66666666666666
4580,2,18,pitch_jump,1.0,0.07093709653999214,16.418236136862813,152.66666666666666
4581,2,13,pitch_jump,1.0,0.1002924354597704,16.64398106476574,152.7
4582,2,1,pitch_jump,1.0,0.04749980750766052,25.251979238358103,152.73333333333332
4582,2,9,pitch_jump,1.0,0.032291778340403414,23.70641759220576,152.73333333333332
4582,2,12,pitch_jump,1.0,0.09560847381628722,37.290966243688224,152.73333333333332
4582,2,13,pitch_jump,1.0,0.14010029853885078,15.864983137208489,152.73333333333332
4582,2,18,pitch_jump,1.0,0.055603002422812756,16.333396427351886,152.73333333333332
4582,2,21,pitch_jump,1.0,0.0925248863483212,24.282407693954045,152.73333333333332
4582,2,24,pitch_jump,1.0,0.05058464920649893,32.57068136686648,152.73333333333332
4583,2,9,pitch_jump,1.0,0.03902052837699056,17.682763346140007,152.76666666666668
4583,2,12,pitch_jump,1.0,0.06490032195796686,18.997809948640466,152.76666666666668
4583,2,18,pitch_jump,1.0,0.07323704093501252,14.563265376427427,152.76666666666668
4583,2,24,pitch_jump,1.0,0.03799753513912257,13.712747019178952,152.76666666666668
4584,2,1,pitch_jump,1.0,0.0463696552580256,19.236650750031085,152.8
4584,2,13,pitch_jump,1.0,0.08726486434363685,12.386524549493918,152.8
4584,2,21,pitch_jump,1.0,0.030876176930703318,12.573631936180865,152.8
4585,2,6,pitch_jump,1.0,0.0842531405251891,30.768060127366507,152.83333333333334
4585,2,9,pitch_jump,1.0,0.024634792193314724,18.380115944174452,152.83333333333334
4585,2,24,pitch_jump,1.0,0.05255875156512237,14.841631303685219,152.83333333333334
4586,2,1,pitch_jump,1.0,0.024830243558691397,13.4454005525001,152.86666666666667
4586,2,6,pitch_jump,1.0,0.0598076147118364,13.552950050824785,152.86666666666667
4586,2,24,pitch_jump,1.0,0.02954377919931215,14.948203403688996,152.86666666666667
4587,2,1,pitch_jump,1.0,0.0796063687319733,29.54148772519523,152.9
4587,2,9,pitch_jump,1.0,0.01463982880637574,14.634744379243761,152.9
4587,2,23,pitch_jump,1.0,0.014770142879528828,12.768156641142696,152.9
4587,2,24,pitch_jump,1.0,0.0247228020847946,21.38981085426813,152.9
4588,2,9,pitch_jump,1.0,0.0416231381466031,14.766101232932284,152.93333333333334
4588,2,12,pitch_jump,1.0,0.022577298984919544,16.707773331186246,152.93333333333334
4588,2,13,pitch_jump,1.0,0.12165066637352272,25.904145501295698,152.93333333333334
4589,2,1,pitch_jump,2.0,0.07213579478476874,12.717518424619186,152.96666666666667
4589,2,9,pitch_jump,1.0,0.02646495790177216,19.46337276841922,152.96666666666667
4589,2,12,pitch_jump,1.0,0.04470339958201652,15.026742119740458,152.96666666666667
4589,2,13,pitch_jump,1.0,0.15871587331970627,14.05456139620856,152.96666666666667
4589,2,18,pitch_jump,1.0,0.050104866706291086,17.465138355829954,152.96666666666667
4589,2,24,pitch_jump,1.0,0.026096498790152453,16.434036936223325,152.96666666666667
4590,2,1,pitch_jump,1.0,0.016484424689129366,22.778923198529974,153.0
4590,2,18,pitch_jump,1.0,0.06698336973829665,14.928540799645013,153.0
4590,2,24,pitch_jump,1.0,0.003010472218870907,19.83487706195811,153.0
4591,2,1,pitch_jump,1.0,0.032662377514566514,12.843033570683478,153.03333333333333
4591,2,4,pitch_jump,1.0,0.05204283748549566,14.387892413318534,153.03333333333333
4591,2,13,pitch_jump,1.0,0.11930741345000524,13.261493136434913,153.03333333333333
4591,2,14,pitch_jump,1.0,0.01616843167911954,12.73441767183421,153.03333333333333
4591,2,15,pitch_jump,1.0,0.08040734651672948,27.639203642791486,153.03333333333333
4591,2,18,pitch_jump,1.0,0.059920266891633885,22.649610340953988,153.03333333333333
4592,2,4,pitch_jump,1.0,0.07912927773121749,12.846320310535535,153.06666666666666
4592,2,12,pitch_jump,1.0,0.01697608604499462,15.540569400131758,153.06666666666666
4593,2,1,pitch_jump,1.0,0.008449428349932672,13.673424520541973,153.1
4593,2,13,pitch_jump,1.0,0.06529916926344882,14.441135750781484,153.1
4593,2,18,pitch_jump,1.0,0.04095294312597827,18.66221928811755,153.1
4593,2,24,pitch_jump,1.0,0.004479090590284992,13.036295638159523,153.1
4594,2,2,pitch_jump,1.0,0.02959956487341128,14.609448530532287,153.13333333333333
4594,2,6,pitch_jump,1.0,0.053859306998439875,21.67637073177944,153.13333333333333
4594,2,7,pitch_jump,1.0,0.015359376665615364,12.926419468026937,153.13333333333333
4594,2,12,pitch_jump,1.0,0.007091181306999466,13.529677787695332,153.13333333333333
4594,2,13,pitch_jump,1.0,0.09185315101767054,15.623499035134671,153.13333333333333
4594,2,14,pitch_jump,1.0,0.015405008986312025,12.636013234179106,153.13333333333333
4594,2,22,pitch_jump,1.0,0.02637814609667572,12.09492666153674,153.13333333333333
4595,2,13,pitch_jump,1.0,0.10924200490553265,15.386635760499697,153.16666666666666
4596,2,6,pitch_jump,1.0,0.048180380037559735,13.537352063699503,153.2
4596,2,21,pitch_jump,1.0,0.020250276064120637,14.10905345480652,153.2
4596,2,24,pitch_jump,1.0,0.011332604817841445,12.927224615927514,153.2
4597,2,4,pitch_jump,1.0,0.056528885888667224,12.988733171124093,153.23333333333332
4597,2,6,pitch_jump,1.0,0.09496765690270499,24.02246571952549,153.23333333333332
4597,2,7,pitch_jump,1.0,0.02396577259750988,15.498217812877236,153.23333333333332
4597,2,14,pitch_jump,1.0,0.028486335728117092,14.665131771752023,153.23333333333332
4597,2,16,pitch_jump,1.0,0.04455346741364178,18.328499638857842,153.23333333333332
4597,2,21,pitch_jump,1.0,0.05382020909250024,15.122952429599554,153.23333333333332
4597,2,23,pitch_jump,1.0,0.025177136826720372,15.583743806123136,153.23333333333332
4597,2,24,pitch_jump,1.0,0.01955587408376906,14.809056528840424,153.23333333333332
4598,2,1,pitch_jump,1.0,0.027888165930781736,13.56988183657507,153.26666666666668
4598,2,2,pitch_jump,1.0,0.03219588902466734,14.904148371829836,153.26666666666668
4598,2,6,pitch_jump,1.0,0.04841609954329723,19.483734796785125,153.26666666666668
4598,2,7,pitch_jump,1.0,0.022232217021857213,12.297834730298101,153.26666666666668
4598,2,8,pitch_jump,1.0,0.06817217551980781,14.968911907379617,153.26666666666668
4598,2,9,pitch_jump,1.0,0.03556894951961226,24.371804132724137,153.26666666666668
4598,2,12,pitch_jump,1.0,0.014057598964823722,15.370368246307214,153.26666666666668
4598,2,14,pitch_jump,1.0,0.018817122052560763,13.656327501334594,153.26666666666668
4598,2,15,pitch_jump,1.0,0.046054140134367975,12.654265683278913,153.26666666666668
4598,2,16,pitch_jump,1.0,0.040654539470003526,16.538136321431153,153.26666666666668
4598,2,19,pitch_jump,1.0,0.01687370091009472,18.884575658512073,153.26666666666668
4598,2,23,pitch_jump,1.0,0.02972301275323848,15.178811043308157,153.26666666666668
4599,2,1,pitch_jump,1.0,0.01354252904040012,20.0462556734105,153.3
4599,2,6,pitch_jump,1.0,0.012283955591592299,13.282677354945175,153.3
4599,2,9,pitch_jump,1.0,0.016416246533394806,21.55538892379668,153.3
4599,2,12,pitch_jump,1.0,0.007825448090982531,12.989572212573412,153.3
4599,2,15,pitch_jump,1.0,0.02289990713351927,12.365110889300855,153.3
4599,2,21,pitch_jump,1.0,0.03710608539795875,21.477350799105917,153.3
4599,2,24,pitch_jump,1.0,0.02483463041235351,19.26509141405836,153.3
4600,2,1,pitch_jump,1.0,0.019405097866655185,14.65386173296237,153.33333333333334
4600,2,12,pitch_jump,1.0,0.029425240716517944,15.697839221961598,153.33333333333334
4600,2,14,pitch_jump,1.0,0.01827896426985873,12.75117242864119,153.33333333333334
4600,2,19,pitch_jump,1.0,0.023885582682168068,14.685960808962854,153.33333333333334
4600,2,21,pitch_jump,1.0,0.06710624066064345,14.561613680774993,153.33333333333334
4600,2,24,pitch_jump,1.0,0.040582710842670636,12.03041434284083,153.33333333333334
4601,2,1,pitch_jump,1.0,0.036789266697518995,18.387335994855846,153.36666666666667
4601,2,21,pitch_jump,1.0,0.08227832363708805,17.17792333248929,153.36666666666667
4601,2,24,pitch_jump,1.0,0.045494069974579214,14.452530729046368,153.36666666666667
4602,2,1,pitch_jump,1.0,0.01504475541576189,14.505531142447786,153.4
4602,2,13,pitch_jump,1.0,0.0820828670933563,14.992870978504286,153.4
4602,2,14,pitch_jump,1.0,0.026706829923138574,13.391112156022059,153.4
4602,2,19,pitch_jump,1.0,0.012156433356548075,12.219413657543592,153.4
4602,2,21,pitch_jump,1.0,0.02178906818891186,15.00487662645753,153.4
4602,2,23,pitch_jump,1.0,0.01691608928522456,14.211345417864333,153.4
4602,2,24,pitch_jump,1.0,0.007879190061692559,12.14492975071362,153.4
4603,2,1,pitch_jump,1.0,0.06733456198373984,35.91946230286297,153.43333333333334
4603,2,6,pitch_jump,1.0,0.04385576796188305,14.075482413158038,153.43333333333334
4603,2,9,pitch_jump,1.0,0.035556538979875374,13.251440751832451,153.43333333333334
4603,2,12,pitch_jump,1.0,0.02209949419706875,12.470930185304615,153.43333333333334
4603,2,13,pitch_jump,1.0,0.1258728806879033,19.10746679056849,153.43333333333334
4603,2,18,pitch_jump,1.0,0.06393939121079692,12.489559384006348,153.43333333333334
4603,2,21,pitch_jump,1.0,0.09687779696508592,42.14756675580891,153.43333333333334
4603,2,23,pitch_jump,1.0,0.049834666436497935,12.20781305562849,153.43333333333334
4603,2,24,pitch_jump,1.0,0.04234163217000999,35.444788728795466,153.43333333333334
4604,2,1,pitch_jump,1.0,0.0773636494549645,14.012704864951706,153.46666666666667
4604,2,13,pitch_jump,1.0,0.1402999706509307,12.857427276055054,153.46666666666667
4604,2,15,pitch_jump,1.0,0.1165810124390226,34.036472584708555,153.46666666666667
4604,2,18,pitch_jump,1.0,0.05430963245516928,12.970503221604746,153.46666666666667
4604,2,21,pitch_jump,1.0,0.09514307220186657,12.83584068294332,153.46666666666667
4604,2,24,pitch_jump,1.0,0.03704773544497096,22.535249185236598,153.46666666666667
4605,2,6,pitch_jump,2.0,0.05035296598967598,16.100038195133994,153.5
4607,2,4,pitch_jump,1.0,0.08527987516099816,14.354723812782744,153.56666666666666
4608,2,1,pitch_jump,1.0,0.014895043158469155,92.88413582389755,153.6
4608,2,9,pitch_jump,1.0,0.01783136882841959,35.34649855179108,153.6
4608,2,12,pitch_jump,1.0,0.024824012319289872,17.25742449967109,153.6
4608,2,13,pitch_jump,1.0,0.09022839642233152,19.097376895799524,153.6
4608,2,16,pitch_jump,1.0,0.02664690853248346,16.743568128941547,153.6
4608,2,21,pitch_jump,1.0,0.04734101602265135,99.01753938885119,153.6
4608,2,23,pitch_jump,1.0,0.01894556572086059,31.090045351711314,153.6
4608,2,24,pitch_jump,1.0,0.019653785729466033,87.16928009052339,153.6
4609,2,4,pitch_jump,1.0,0.07349968333886193,13.73451972286282,153.63333333333333
4609,2,9,pitch_jump,1.0,0.04980698822030378,18.40499223184305,153.63333333333333
4609,2,12,pitch_jump,1.0,0.035689771433425756,17.73634812398337,153.63333333333333
4609,2,13,pitch_jump,1.0,0.1348928109873646,15.312593908844272,153.63333333333333
4609,2,21,pitch_jump,1.0,0.09374647066695314,15.745971017906669,153.63333333333333
4610,2,1,pitch_jump,1.0,0.08306625486398216,14.508618783746906,153.66666666666666
4610,2,6,pitch_jump,1.0,0.05676497449601299,16.982961664379186,153.66666666666666
4610,2,7,pitch_jump,1.0,0.05016520120432201,16.341291945826807,153.66666666666666
4610,2,9,pitch_jump,1.0,0.03283637498759907,20.75471133703385,153.66666666666666
4610,2,13,pitch_jump,1.0,0.14136133697838293,18.134224141247092,153.66666666666666
4610,2,14,pitch_jump,1.0,0.047121512357088745,12.302880674401628,153.66666666666666
4610,2,15,pitch_jump,1.0,0.07086276321058292,12.536055810615634,153.66666666666666
4610,2,16,pitch_jump,1.0,0.07917064633650538,22.61752546131054,153.66666666666666
4610,2,18,pitch_jump,1.0,0.09299605006774657,22.379259571226722,153.66666666666666
4610,2,19,pitch_jump,1.0,0.041469630942847086,13.005294183221878,153.66666666666666
4610,2,21,pitch_jump,1.0,0.10773306044762317,17.64741806870291,153.66666666666666
4610,2,23,pitch_jump,1.0,0.055817329919447004,26.737851994191782,153.66666666666666
4611,2,13,pitch_jump,1.0,0.08729050216827644,17.478490178393088,153.7
4612,2,1,pitch_jump,1.0,0.07349480981812323,27.489767045109105,153.73333333333332
4612,2,6,pitch_jump,1.0,0.08169747705202002,29.64659421837473,153.73333333333332
4612,2,9,pitch_jump,1.0,0.042140986909438106,12.559604491500316,153.73333333333332
4612,2,12,pitch_jump,1.0,0.05135968630315282,21.755792555949128,153.73333333333332
4612,2,13,pitch_jump,1.0,0.14299630368090113,24.701051210540204,153.73333333333332
4612,2,14,pitch_jump,1.0,0.04641482868385588,14.366130531101062,153.73333333333332
4612,2,15,pitch_jump,1.0,0.0698613366832716,18.37240257861804,153.73333333333332
4612,2,19,pitch_jump,1.0,0.03141868399931112,13.433354509224936,153.73333333333332
4612,2,21,pitch_jump,1.0,0.1002621374352146,30.842696580232158,153.73333333333332
4612,2,23,pitch_jump,1.0,0.047635927725568884,16.205829888623935,153.73333333333332
4612,2,24,pitch_jump,1.0,0.07563554222843082,31.476177079716294,153.73333333333332
4613,2,1,pitch_jump,1.0,0.07787811600228511,12.198928145319515,153.76666666666668
4613,2,2,pitch_jump,1.0,0.05286230783641594,12.927199803774682,153.76666666666668
4613,2,4,pitch_jump,1.0,0.09667966839306325,15.76508297097162,153.76666666666668
4613,2,12,pitch_jump,1.0,0.043956107521193805,12.176855173709134,153.76666666666668
4613,2,16,pitch_jump,1.0,0.06212140175833271,15.326498137766803,153.76666666666668
4614,2,18,pitch_jump,1.0,0.04926070153412766,18.007952865020435,153.8
4614,2,23,pitch_jump,1.0,0.01861284811586412,12.034981712851202,153.8
4615,2,18,pitch_jump,1.0,0.06192051652051354,12.933294130920121,153.83333333333334
4616,2,1,pitch_jump,1.0,0.10105049901395188,29.86867085399666,153.86666666666667
4616,2,2,pitch_jump,1.0,0.05360049551577592,12.485633342858716,153.86666666666667
4616,2,4,pitch_jump,1.0,0.0888477111340856,14.813338757199075,153.86666666666667
4616,2,9,pitch_jump,1.0,0.05814446403664157,23.37003667937346,153.86666666666667
4616,2,21,pitch_jump,1.0,0.09384089169744156,30.567770078659205,153.86666666666667
4616,2,23,pitch_jump,1.0,0.05084051941228243,12.011530028409794,153.86666666666667
4616,2,24,pitch_jump,1.0,0.07393731066789783,25.975040392527596,153.86666666666667
4617,2,1,pitch_jump,1.0,0.036833321937386414,13.047697945526966,153.9
4617,2,21,pitch_jump,1.0,0.04322244757768265,20.43173146771649,153.9
4617,2,24,pitch_jump,1.0,0.01793304740293633,17.867754924872955,153.9
4618,2,9,pitch_jump,1.0,0.0652789487204272,12.353776728733322,153.93333333333334
4618,2,13,pitch_jump,1.0,0.1252283141515958,21.39913699611219,153.93333333333334
4619,2,1,pitch_jump,1.0,0.07054214687640872,23.536725661758894,153.96666666666667
4619,2,6,pitch_jump,1.0,0.07621975059692113,12.363186136539753,153.96666666666667
4619,2,9,pitch_jump,1.0,0.058494946853861335,24.48720515296911,153.96666666666667
4619,2,12,pitch_jump,1.0,0.05975091378134512,22.525134326955556,153.96666666666667
4619,2,13,pitch_jump,1.0,0.15879418263098594,28.03613635478814,153.96666666666667
4619,2,21,pitch_jump,1.0,0.08604226207220103,23.181888799487126,153.96666666666667
4619,2,24,pitch_jump,1.0,0.027855138202955054,21.33562204459502,153.96666666666667
4620,2,13,pitch_jump,1.0,0.1012709018466853,16.61613161327833,154.0
4621,2,12,pitch_jump,1.0,0.04834269666943243,13.401113484597037,154.03333333333333
4622,2,1,pitch_jump,1.0,0.07501316262461293,16.837901558102004,154.06666666666666
4622,2,6,pitch_jump,1.0,0.08887867040846971,24.81419815872877,154.06666666666666
4622,2,9,pitch_jump,1.0,0.0427181638133766,13.526490744112575,154.06666666666666
4622,2,12,pitch_jump,1.0,0.07440802083498262,24.66601276647491,154.06666666666666
4622,2,14,pitch_jump,1.0,0.060615713425345656,12.787656752892508,154.06666666666666
4622,2,19,pitch_jump,1.0,0.04124926307013883,12.601841187490637,154.06666666666666
4622,2,21,pitch_jump,1.0,0.11334781263478318,16.349718671257257,154.06666666666666
4622,2,24,pitch_jump,1.0,0.07512509093439147,18.049702012621864,154.06666666666666
4623,2,1,pitch_jump,1.0,0.03328851192668749,22.718661170284708,154.1
4623,2,9,pitch_jump,1.0,0.013463878495080586,15.422407063216578,154.1
4623,2,12,pitch_jump,1.0,0.051507165347203517,15.214284320227755,154.1
4623,2,21,pitch_jump,1.0,0.05274946176509683,23.881123472016828,154.1
4623,2,24,pitch_jump,1.0,0.02336649246607612,18.87658493972782,154.1
4624,2,1,pitch_jump,1.0,0.06566970789499997,12.827021794153206,154.13333333333333
4624,2,6,pitch_jump,1.0,0.0851377196883733,24.727522912487768,154.13333333333333
4624,2,9,pitch_jump,1.0,0.04416344369000507,15.96898935114353,154.13333333333333
4624,2,12,pitch_jump,1.0,0.06930822259828054,24.894507679349744,154.13333333333333
4624,2,13,pitch_jump,1.0,0.13009922706313135,20.51290988297939,154.13333333333333
4624,2,14,pitch_jump,1.0,0.05951297649956559,17.965222083361226,154.13333333333333
4624,2,15,pitch_jump,1.0,0.07167109960410295,17.81350147503845,154.13333333333333
4624,2,18,pitch_jump,1.0,0.051376540680028046,30.900092509879766,154.13333333333333
4624,2,19,pitch_jump,1.0,0.059038784897977176,19.47892522424263,154.13333333333333
4624,2,21,pitch_jump,1.0,0.10807145740318896,15.973429246699018,154.13333333333333
4624,2,23,pitch_jump,1.0,0.052758620348012084,13.89703407625458,154.13333333333333
4624,2,24,pitch_jump,1.0,0.05420620872502127,18.19077145142837,154.13333333333333
4625,2,1,pitch_jump,1.0,0.08694914107986192,22.096047151447156,154.16666666666666
4625,2,21,pitch_jump,1.0,0.10786692405254165,23.43333487816471,154.16666666666666
4625,2,23,pitch_jump,1.0,0.054890284036620635,12.823962080934843,154.16666666666666
4625,2,24,pitch_jump,1.0,0.05214420542923236,21.637144790052677,154.16666666666666
4626,2,12,pitch_jump,1.0,0.045151908949996225,12.249403048100309,154.2
4626,2,13,pitch_jump,1.0,0.10356971335832477,15.305161616647569,154.2
4627,2,1,pitch_jump,1.0,0.09033670694164707,12.076369066030498,154.23333333333332
4627,2,9,pitch_jump,1.0,0.06467884400285885,15.444390885565664,154.23333333333332
4627,2,21,pitch_jump,1.0,0.1015912596816369,14.251409982392767,154.23333333333332
4627,2,23,pitch_jump,1.0,0.06657887039454194,12.27123891407362,154.23333333333332
4628,2,1,pitch_jump,1.0,0.09277350295195971,23.793449408636764,154.26666666666668
4628,2,4,pitch_jump,1.0,0.06887349412967357,14.212871533321145,154.26666666666668
4628,2,7,pitch_jump,1.0,0.04211763232446939,12.99083562509977,154.26666666666668
4628,2,9,pitch_jump,1.0,0.05173391013031188,15.899107029123824,154.26666666666668
4628,2,13,pitch_jump,1.0,0.13900540852506124,18.559819346731473,154.26666666666668
4628,2,16,pitch_jump,1.0,0.06504670488032896,12.606093865100506,154.26666666666668
4628,2,19,pitch_jump,1.0,0.04952610872588834,12.922620912308343,154.26666666666668
4628,2,21,pitch_jump,1.0,0.09262131325457847,26.99332938533419,154.26666666666668
4628,2,23,pitch_jump,1.0,0.06535020588207684,16.96198150507152,154.26666666666668
4628,2,24,pitch_jump,1.0,0.05037548121494957,23.532828719233112,154.26666666666668
4629,2,9,pitch_jump,1.0,0.0156382337540234,12.675187618232647,154.3
4630,2,12,pitch_jump,1.0,0.05637497903507973,19.672590382834112,154.33333333333334
4630,2,13,pitch_jump,1.0,0.12587353719076944,14.954968128694093,154.33333333333334
4630,2,20,pitch_jump,1.0,0.04390227659712447,21.239277662611464,154.33333333333334
4631,2,12,pitch_jump,1.0,0.0500965000613311,13.698460482063217,154.36666666666667
4631,2,20,pitch_jump,1.0,0.034709720693542154,18.716544158019204,154.36666666666667
4632,2,1,pitch_jump,1.0,0.02934646037475375,13.00813725926976,154.4
4632,2,6,pitch_jump,1.0,0.036327992147683424,16.844640036553248,154.4
4632,2,15,pitch_jump,1.0,0.03470159829529275,12.721904477989773,154.4
4632,2,21,pitch_jump,1.0,0.01643065401740225,12.540984870434492,154.4
4632,2,24,pitch_jump,1.0,0.014331378659518236,14.967456961851523,154.4
4633,2,1,pitch_jump,1.0,0.08417815409533613,21.069742033834547,154.43333333333334
4633,2,2,pitch_jump,1.0,0.051792392520793,16.739553355570145,154.43333333333334
4633,2,6,pitch_jump,1.0,0.05318093753212987,15.426582803121615,154.43333333333334
4633,2,9,pitch_jump,1.0,0.033046124327466106,18.400229939454686,154.43333333333334
4633,2,12,pitch_jump,1.0,0.0661153582335069,35.05235469312997,154.43333333333334
4633,2,13,pitch_jump,1.0,0.10644162459786484,21.591181858077015,154.43333333333334
4633,2,14,pitch_jump,1.0,0.05592884727739076,13.258503679411596,154.43333333333334
4633,2,15,pitch_jump,1.0,0.05932888664816778,23.518489373798342,154.43333333333334
4633,2,16,pitch_jump,1.0,0.06472018638693731,16.235745350164436,154.43333333333334
4633,2,20,pitch_jump,1.0,0.06002945386399067,30.338078392890317,154.43333333333334
4633,2,21,pitch_jump,1.0,0.05279486524092415,27.22319413424301,154.43333333333334
4633,2,23,pitch_jump,1.0,0.05302494754790473,16.301934788117535,154.43333333333334
4633,2,24,pitch_jump,1.0,0.06514030870930825,20.939615075689805,154.43333333333334
4634,2,12,pitch_jump,1.0,0.05256848471293111,14.362251996658088,154.46666666666667
4634,2,13,pitch_jump,1.0,0.10377342411790301,17.40464217603614,154.46666666666667
4634,2,20,pitch_jump,1.0,0.054984486262888724,13.238820890479598,154.46666666666667
4634,2,24,pitch_jump,1.0,0.044377071169309314,12.486660009991962,154.46666666666667
4635,2,12,pitch_jump,1.0,0.033513288319570796,22.799829546391635,154.5
4635,2,13,pitch_jump,1.0,0.05705574521575412,16.893081292350573,154.5
4635,2,18,pitch_jump,1.0,0.012287341371896786,13.723876818248955,154.5
4635,2,20,pitch_jump,1.0,0.038643346250971995,20.96702860433647,154.5
4637,2,1,pitch_jump,1.0,0.07721800466282581,17.0413562270789,154.56666666666666
4637,2,6,pitch_jump,1.0,0.04021232751601895,12.747259758602588,154.56666666666666
4637,2,12,pitch_jump,1.0,0.05317076129820351,20.75519658441981,154.56666666666666
4637,2,13,pitch_jump,1.0,0.11559862488173103,19.891776331388026,154.56666666666666
4637,2,18,pitch_jump,1.0,0.04072002408106585,19.59429811594814,154.56666666666666
4638,2,2,pitch_jump,1.0,0.02024130439327558,12.752848120546192,154.6
4638,2,6,pitch_jump,1.0,0.00895421239707486,17.814252876404268,154.6
4638,2,12,pitch_jump,1.0,0.03287517552437151,24.977284671591516,154.6
4638,2,13,pitch_jump,1.0,0.07634596320204255,20.7830440277042,154.6
4638,2,18,pitch_jump,1.0,0.018522625174361776,17.12957704100148,154.6
4638,2,20,pitch_jump,1.0,0.04149501743563754,16.154296997369176,154.6
4639,2,6,pitch_jump,1.0,0.03949538518417975,15.05718381467743,154.63333333333333
4639,2,12,pitch_jump,1.0,0.04256790031503815,22.790244150176807,154.63333333333333
4639,2,13,pitch_jump,1.0,0.11206267226041634,19.969355407934927,154.63333333333333
4639,2,18,pitch_jump,1.0,0.03328071679667384,26.45073240667638,154.63333333333333
4639,2,20,pitch_jump,1.0,0.05431949695854348,14.797184831140845,154.63333333333333
4640,2,1,pitch_jump,1.0,0.05727444103656872,12.388174792256498,154.66666666666666
4640,2,6,pitch_jump,1.0,0.049906060092821086,19.63353263900798,154.66666666666666
4640,2,24,pitch_jump,1.0,0.019064348240562204,15.221223396368243,154.66666666666666
4641,2,1,pitch_jump,1.0,0.02297314528989644,16.74373332740449,154.7
4641,2,6,pitch_jump,1.0,0.023134700421661984,14.505350383371754,154.7
4641,2,12,pitch_jump,1.0,0.028448266312689034,36.899306076854934,154.7
4641,2,13,pitch_jump,1.0,0.05436560525943515,17.332382864026,154.7
4641,2,16,pitch_jump,1.0,0.039333261057453384,13.37384458257237,154.7
4641,2,18,pitch_jump,1.0,0.023325783137913895,13.518999005661714,154.7
4641,2,20,pitch_jump,1.0,0.046595554125352774,31.576319427626835,154.7
4641,2,23,pitch_jump,1.0,0.01383273678778575,18.047203379430172,154.7
4641,2,24,pitch_jump,1.0,0.010879866481120173,13.805054980634488,154.7
4643,2,1,pitch_jump,1.0,0.0553818740559958,14.423216810698342,154.76666666666668
4643,2,24,pitch_jump,1.0,0.04093441883261623,15.37186508730937,154.76666666666668
4644,2,2,pitch_jump,1.0,0.01623080055000881,14.340487617787254,154.8
4644,2,7,pitch_jump,1.0,0.021545569667514974,12.869967709547497,154.8
4644,2,12,pitch_jump,1.0,0.02923647680930401,23.893877488641085,154.8
4644,2,13,pitch_jump,1.0,0.04976817162087617,17.122620707897003,154.8
4644,2,20,pitch_jump,1.0,0.03177356166832826,21.92333550138891,154.8
4645,2,2,pitch_jump,1.0,0.03932235408228368,12.654429980492198,154.83333333333334
4645,2,13,pitch_jump,1.0,0.09166015206662757,12.224320288989949,154.83333333333334
4645,2,16,pitch_jump,1.0,0.05042407267999248,14.428927175073035,154.83333333333334
4646,2,1,pitch_jump,1.0,0.04006185569011356,19.085215139690522,154.86666666666667
4646,2,9,pitch_jump,1.0,0.04162466303084456,24.121784449732434,154.86666666666667
4646,2,12,pitch_jump,1.0,0.03549978551542965,17.669161276201947,154.86666666666667
4646,2,20,pitch_jump,1.0,0.05321945724201107,16.273450929725005,154.86666666666667
4646,2,24,pitch_jump,1.0,0.02745282139358479,21.67361462774879,154.86666666666667
4647,2,6,pitch_jump,1.0,0.010227202221254441,13.270583134043788,154.9
4647,2,12,pitch_jump,1.0,0.024939358455471076,23.529129678558526,154.9
4647,2,13,pitch_jump,1.0,0.03046111791831784,17.615603250768753,154.9
4647,2,20,pitch_jump,1.0,0.03677174706702256,17.554759162787118,154.9
4648,2,12,pitch_jump,1.0,0.031181375431607154,16.34892145654806,154.93333333333334
4648,2,13,pitch_jump,1.0,0.061240885270451614,17.77500020838991,154.93333333333334
4649,2,1,pitch_jump,1.0,0.020047066751708486,12.38545745830326,154.96666666666667
4649,2,12,pitch_jump,1.0,0.03892153589856888,23.86056286322442,154.96666666666667
4649,2,20,pitch_jump,1.0,0.02858207668339378,21.5513773839746,154.96666666666667
4650,2,4,pitch_jump,1.0,0.09436663467062642,21.812513252584917,155.0
4650,2,6,pitch_jump,1.0,0.026198965828112604,12.954121362819844,155.0
4652,2,12,pitch_jump,1.0,0.036320243083451456,18.891054527662458,155.06666666666666
4652,2,13,pitch_jump,1.0,0.06179256196654722,12.308626967342619,155.06666666666666
4654,2,23,pitch_jump,1.0,0.026171816724567976,14.170444614098646,155.13333333333333
4655,2,13,pitch_jump,1.0,0.0664302555767303,15.434200343461455,155.16666666666666
4656,2,9,pitch_jump,1.0,0.026046746129838372,12.649212880793213,155.2
4656,2,12,pitch_jump,1.0,0.0299626634212828,17.902226976916502,155.2
4656,2,13,pitch_jump,1.0,0.03379750081193158,18.88992708820467,155.2
4656,2,24,pitch_jump,1.0,0.01522274610123947,15.867057925981364,155.2
4657,2,9,pitch_jump,1.0,0.05351083859959273,15.258491988323943,155.23333333333332
4657,2,12,pitch_jump,1.0,0.06628898317151787,23.53444648579099,155.23333333333332
4657,2,13,pitch_jump,1.0,0.04906392930264375,19.193903642668985,155.23333333333332
4658,2,12,pitch_jump,1.0,0.05010993506814369,21.309794295717555,155.26666666666668
4658,2,20,pitch_jump,1.0,0.03422857462495951,12.655599036747972,155.26666666666668
4659,2,13,pitch_jump,1.0,0.020763248059089016,14.13033297527783,155.3
4659,2,18,pitch_jump,1.0,0.02350494537245028,16.81088138803963,155.3
4660,2,12,pitch_jump,1.0,0.03255365079422398,16.373426029857658,155.33333333333334
4660,2,20,pitch_jump,1.0,0.033520129814486405,15.158863117018992,155.33333333333334
4661,2,18,pitch_jump,1.0,0.03618213913444059,14.552266668992438,155.36666666666667
4662,2,18,pitch_jump,1.0,0.017519570366947533,12.971237392116509,155.4
4663,2,4,pitch_jump,1.0,0.06813269567433534,21.26268111270386,155.43333333333334
4663,2,12,pitch_jump,1.0,0.03659480636589607,17.54328192253604,155.43333333333334
4663,2,15,pitch_jump,1.0,0.04149654839244501,16.796199591395574,155.43333333333334
4663,2,20,pitch_jump,1.0,0.027046018773491394,17.56577440444992,155.43333333333334
4663,2,24,pitch_jump,1.0,0.011160827914607563,15.562963207199422,155.43333333333334
4664,2,4,pitch_jump,1.0,0.14716184484738892,20.640699205994324,155.46666666666667
4664,2,6,pitch_jump,1.0,0.056738561556888355,17.956816068388584,155.46666666666667
4664,2,12,pitch_jump,1.0,0.038407108553215025,16.038720412306198,155.46666666666667
4664,2,20,pitch_jump,1.0,0.03511562075327195,16.894780968803946,155.46666666666667
4665,2,4,pitch_jump,1.0,0.08470767874474575,18.189980025162512,155.5
4666,2,4,pitch_jump,1.0,0.04766091077327981,14.624326770582627,155.53333333333333
4666,2,12,pitch_jump,1.0,0.04093264514800643,18.74811016033534,155.53333333333333
4666,2,18,pitch_jump,1.0,0.03752431972011413,15.608440173820142,155.53333333333333
4667,2,12,pitch_jump,1.0,0.03948383889098869,12.174034018474533,155.56666666666666
4667,2,24,pitch_jump,1.0,0.013714831914325659,12.295039159213864,155.56666666666666
4669,2,12,pitch_jump,1.0,0.05681977831265163,13.69104515920789,155.63333333333333
4669,2,19,pitch_jump,1.0,0.10933998386952448,14.261216352103595,155.63333333333333
4669,2,20,pitch_jump,1.0,0.05858698094584105,12.11111076281735,155.63333333333333
4670,2,4,pitch_jump,1.0,0.04878357637371024,13.849572989206608,155.66666666666666
4670,2,9,pitch_jump,1.0,0.03337444111701727,12.120843119413522,155.66666666666666
4670,2,14,pitch_jump,1.0,0.04665346157435046,13.030742126832056,155.66666666666666
4670,2,24,pitch_jump,1.0,0.029840281596406913,12.069011584869118,155.66666666666666
4671,2,6,pitch_jump,1.0,0.0370226601324968,13.301528371925984,155.7
4672,2,19,pitch_jump,1.0,0.1231142197869279,18.743558122050903,155.73333333333332
4673,2,4,pitch_jump,1.0,0.059025690590286006,13.658027324551567,155.76666666666668
4673,2,9,pitch_jump,1.0,0.06912468609224241,14.816459981522712,155.76666666666668
4673,2,15,pitch_jump,1.0,0.04737134798883587,15.197028934609856,155.76666666666668
4673,2,19,pitch_jump,1.0,0.1269359965901083,22.854427384479152,155.76666666666668
4676,2,9,pitch_jump,1.0,0.05182091621172243,13.762863861374978,155.86666666666667
4676,2,19,pitch_jump,1.0,0.1005546994964818,15.198257943213664,155.86666666666667
4676,2,24,pitch_jump,1.0,0.04225197587945052,15.35928124353582,155.86666666666667
4678,2,6,pitch_jump,1.0,0.05278424699526887,15.571631365066668,155.93333333333334
4678,2,9,pitch_jump,1.0,0.05651205133347265,12.422417241677246,155.93333333333334
4679,2,6,pitch_jump,1.0,0.056660178278808614,15.286848096606878,155.96666666666667
4679,2,9,pitch_jump,1.0,0.07491955307310437,12.499748118539053,155.96666666666667
4679,2,19,pitch_jump,1.0,0.1097512082252041,17.541235706293893,155.96666666666667
4680,2,15,pitch_jump,1.0,0.08202545092582347,18.009301813811927,156.0
4683,2,12,pitch_jump,1.0,0.006032155819039547,13.341886313770647,156.1
4683,2,24,pitch_jump,1.0,0.033498529551240205,13.936257941664365,156.1
4685,2,6,pitch_jump,1.0,0.04647867851845199,13.110505991310715,156.16666666666666
4687,2,13,pitch_jump,1.0,0.006003755655889075,18.40519288149331,156.23333333333332
4687,2,15,pitch_jump,1.0,0.020648639808052916,12.213981825523204,156.23333333333332
4687,2,18,pitch_jump,1.0,0.009398767568116962,16.626408291441034,156.23333333333332
4688,2,9,pitch_jump,1.0,0.05420829260653241,14.98263833894731,156.26666666666668
4688,2,24,pitch_jump,1.0,0.0539564828420082,14.006587274159724,156.26666666666668
4689,2,12,pitch_jump,1.0,0.04137289362292774,21.516599558905178,156.3
4689,2,19,pitch_jump,1.0,0.07773410898561758,12.192742787599938,156.3
4691,2,12,pitch_jump,1.0,0.04040157457785994,16.19757406362648,156.36666666666667
4691,2,18,pitch_jump,1.0,0.0017726276846567743,12.560458143179169,156.36666666666667
4691,2,19,pitch_jump,1.0,0.09441964182877952,14.23797882135651,156.36666666666667
4691,2,20,pitch_jump,1.0,0.02208790754731323,13.692531808078268,156.36666666666667
4693,2,12,pitch_jump,1.0,0.014473263197441251,16.00964462076782,156.43333333333334
4696,2,12,pitch_jump,1.0,0.03142332842268338,21.849829534156473,156.53333333333333
4696,2,20,pitch_jump,1.0,0.03420404877011366,20.246305939513547,156.53333333333333
4699,2,13,pitch_jump,1.0,0.003646630259649408,13.313266620208013,156.63333333333333
4703,2,12,pitch_jump,1.0,0.020179674079855943,15.926559549812486,156.76666666666668
4703,2,20,pitch_jump,1.0,0.015201403962853735,13.029171235775834,156.76666666666668
4705,2,12,pitch_jump,1.0,0.013997133271477257,21.352390360260614,156.83333333333334
4705,2,20,pitch_jump,1.0,0.00982816639415917,14.74339701792732,156.83333333333334
4710,2,12,pitch_jump,1.0,0.009698661527543881,18.249794809056645,157.0
4711,2,6,pitch_jump,1.0,0.019550516931897535,16.27695685077207,157.03333333333333
4711,2,9,pitch_jump,1.0,0.01864341842998107,14.99191830354129,157.03333333333333
4711,2,12,pitch_jump,1.0,0.00842353699727699,16.391633095923083,157.03333333333333
4711,2,13,pitch_jump,1.0,0.031111325129823206,19.861224302702922,157.03333333333333
4711,2,18,pitch_jump,1.0,0.023903016277642138,21.39509905302821,157.03333333333333
4713,2,12,pitch_jump,1.0,0.015584209107477816,14.537599460777356,157.1
4713,2,18,pitch_jump,1.0,0.018915631504610134,12.0932355399694,157.1
4714,2,5,pitch_jump,1.0,0.014925808794244369,15.662167605753153,157.13333333333333
4714,2,6,pitch_jump,1.0,0.03202960032272972,13.669187501147764,157.13333333333333
4714,2,12,pitch_jump,1.0,0.0065946705289337045,17.386658034316053,157.13333333333333
4714,2,13,pitch_jump,1.0,0.03960843648281547,21.187355972927065,157.13333333333333
4714,2,18,pitch_jump,1.0,0.02249349761496973,13.628378705144168,157.13333333333333
4714,2,24,pitch_jump,1.0,0.0623456041140862,12.24274499317007,157.13333333333333
4715,2,9,pitch_jump,1.0,0.02301650361863533,18.785911169235344,157.16666666666666
4715,2,12,pitch_jump,1.0,0.01438814257822437,14.319773752407936,157.16666666666666
4715,2,13,pitch_jump,1.0,0.038499791524246436,13.95142809214325,157.16666666666666
4715,2,15,pitch_jump,1.0,0.027441659882259148,16.98480378067241,157.16666666666666
4716,2,13,pitch_jump,1.0,0.008711168975125482,12.566470226950075,157.2
4717,2,9,pitch_jump,1.0,0.011780624812512137,14.22572336220212,157.23333333333332
4718,2,2,pitch_jump,1.0,0.01457752948290624,12.16037625239701,157.26666666666668
4718,2,5,pitch_jump,1.0,0.02118923450326399,13.817319325373957,157.26666666666668
4720,2,6,pitch_jump,1.0,0.025466941130875498,22.09119211354763,157.33333333333334
4720,2,9,pitch_jump,1.0,0.014643099135781554,17.698397605663825,157.33333333333334
4720,2,12,pitch_jump,1.0,0.017494967048562814,30.583587872394048,157.33333333333334
4720,2,13,pitch_jump,1.0,0.006505864637172094,36.25463179105382,157.33333333333334
4720,2,15,pitch_jump,1.0,0.022403936946990943,13.245571934133775,157.33333333333334
4720,2,18,pitch_jump,2.0,0.010711445955587191,16.245380120641464,157.33333333333334
4720,2,20,pitch_jump,1.0,0.019961056173074896,19.661379183443596,157.33333333333334
4721,2,6,pitch_jump,1.0,0.021507041794001078,14.513055470698111,157.36666666666667
4721,2,9,pitch_jump,1.0,0.015958672343454782,14.311051640584852,157.36666666666667
4721,2,12,pitch_jump,1.0,0.02332129387786531,13.194927796062926,157.36666666666667
4721,2,13,pitch_jump,1.0,0.0052475325305281735,23.52042777666377,157.36666666666667
4721,2,18,pitch_jump,1.0,0.014413938083103713,20.259779342662394,157.36666666666667
4722,2,12,pitch_jump,1.0,0.015194572483761543,21.920015413379925,157.4
4722,2,13,pitch_jump,1.0,0.010140110649404899,18.440919980434348,157.4
4722,2,20,pitch_jump,1.0,0.008429546762423459,15.294744444611853,157.4
4723,2,9,pitch_jump,1.0,0.03391264573855109,15.873441151562353,157.43333333333334
4723,2,12,pitch_jump,1.0,0.005007534041605331,13.67378150518976,157.43333333333334
4723,2,13,pitch_jump,1.0,0.01625709956905509,14.490716526742185,157.43333333333334
4723,2,18,pitch_jump,1.0,0.02103411360417033,15.354389944350427,157.43333333333334
4723,2,20,pitch_jump,1.0,0.02164733233077124,12.039429335305963,157.43333333333334
4726,2,4,pitch_jump,1.0,0.03128883885292501,12.588407486797733,157.53333333333333
4726,2,12,pitch_jump,1.0,0.01732223231228415,25.89740846514164,157.53333333333333
4726,2,13,pitch_jump,1.0,0.02750977470487108,13.868136271667979,157.53333333333333
4726,2,15,pitch_jump,1.0,0.029565359100430726,13.48825038298216,157.53333333333333
4726,2,20,pitch_jump,1.0,0.010123907458015006,15.47312191442317,157.53333333333333
4726,2,24,pitch_jump,1.0,0.037120054661629355,12.112897173061592,157.53333333333333
4727,2,4,pitch_jump,1.0,0.040417926899123234,13.87434066178883,157.56666666666666
4727,2,9,pitch_jump,1.0,0.043519112456934,14.228898531315204,157.56666666666666
4727,2,12,pitch_jump,1.0,0.019748149954858768,13.784193144918394,157.56666666666666
4727,2,13,pitch_jump,1.0,0.02631201283528153,14.024513735345952,157.56666666666666
4727,2,15,pitch_jump,1.0,0.03668871830393605,16.877036425143572,157.56666666666666
4728,2,6,pitch_jump,1.0,0.017190221780183604,15.027529447487542,157.6
4728,2,12,pitch_jump,1.0,0.015155662271981646,17.520466376516573,157.6
4728,2,13,pitch_jump,1.0,0.02210528059805853,19.056026218231498,157.6
4728,2,18,pitch_jump,1.0,0.017651656968919252,17.738261277291624,157.6
4729,2,20,pitch_jump,1.0,0.02397957529150806,12.084006706156735,157.63333333333333
4732,2,2,pitch_jump,1.0,0.012134067318947993,12.095991823757053,157.73333333333332
4732,2,18,pitch_jump,1.0,0.03626516019159343,14.36583952361797,157.73333333333332
4733,2,2,pitch_jump,1.0,0.012545014366208852,13.788914666612618,157.76666666666668
4733,2,13,pitch_jump,1.0,0.028729372971040248,13.562938080840096,157.76666666666668
4733,2,15,pitch_jump,1.0,0.07503956608866363,27.866327218291204,157.76666666666668
4735,2,2,pitch_jump,1.0,0.009957262528504337,12.072536475465563,157.83333333333334
4735,2,12,pitch_jump,1.0,0.019252577006510854,16.13819967052514,157.83333333333334
4735,2,16,pitch_jump,1.0,0.007365472064794424,12.322546568972355,157.83333333333334
4735,2,20,pitch_jump,1.0,0.010202756229080267,12.712747383453522,157.83333333333334
4735,2,23,pitch_jump,1.0,0.016609154707148636,12.573692256147549,157.83333333333334
4736,2,2,pitch_jump,1.0,0.0074162040650903385,18.782756218517683,157.86666666666667
4736,2,5,pitch_jump,1.0,0.006490767940959383,29.7836606936041,157.86666666666667
4736,2,12,pitch_jump,1.0,0.022055570396766908,28.09347288289947,157.86666666666667
4736,2,13,pitch_jump,1.0,0.03193607193887731,18.828630595818655,157.86666666666667
4736,2,16,pitch_jump,1.0,0.04506027198340043,17.26507975004753,157.86666666666667
4736,2,20,pitch_jump,1.0,0.019803891409431718,21.90705260698872,157.86666666666667
4736,2,23,pitch_jump,1.0,0.016211589969723647,17.675046530140303,157.86666666666667
4736,2,24,pitch_jump,1.0,0.03766992171304074,20.033879713720445,157.86666666666667
4737,2,6,pitch_jump,1.0,0.028307013617195224,12.223746541771058,157.9
4737,2,12,pitch_jump,1.0,0.010740620322128662,20.363461191058125,157.9
4737,2,13,pitch_jump,1.0,0.026444371359882018,17.34653442712634,157.9
4737,2,18,pitch_jump,1.0,0.022005733414344426,13.77514250219908,157.9
4737,2,20,pitch_jump,1.0,0.007951838280432872,15.826324045352889,157.9
4738,2,4,pitch_jump,1.0,0.03176376636137477,13.701030614841148,157.93333333333334
4738,2,5,pitch_jump,1.0,0.008896276801101355,12.051330202950789,157.93333333333334
4738,2,6,pitch_jump,1.0,0.03487903161305161,13.825616818869841,157.93333333333334
4738,2,12,pitch_jump,1.0,0.022011231120181392,30.87294802951247,157.93333333333334
4738,2,13,pitch_jump,1.0,0.0405853182170331,30.472772249233042,157.93333333333334
4738,2,14,pitch_jump,1.0,0.01390790605195318,14.327358127089427,157.93333333333334
4738,2,18,pitch_jump,1.0,0.039099174229753314,24.20915642514019,157.93333333333334
4738,2,20,pitch_jump,1.0,0.009802767384788226,24.582385185902808,157.93333333333334
4739,2,6,pitch_jump,1.0,0.04193683530620835,15.630305817518913,157.96666666666667
4739,2,9,pitch_jump,1.0,0.03481518047394093,12.386360695733638,157.96666666666667
4739,2,12,pitch_jump,1.0,0.01628303708380024,15.407438620083429,157.96666666666667
4739,2,13,pitch_jump,1.0,0.03358816542169068,18.558598643761812,157.96666666666667
4739,2,18,pitch_jump,1.0,0.03224967117447357,17.14276204956546,157.96666666666667
4739,2,20,pitch_jump,1.0,0.024711327917930168,14.016389003968646,157.96666666666667
4742,2,5,pitch_jump,1.0,0.023327222319504407,12.235928667883913,158.06666666666666
4742,2,6,pitch_jump,1.0,0.02209142040134088,18.681239794246252,158.06666666666666
4742,2,9,pitch_jump,1.0,0.055517092565544456,12.514861396093899,158.06666666666666
4742,2,12,pitch_jump,1.0,0.031418319056903,20.860344846231587,158.06666666666666
4742,2,13,pitch_jump,1.0,0.03236510834808104,29.275922236080728,158.06666666666666
4742,2,15,pitch_jump,1.0,0.04260863294367987,12.643813087549475,158.06666666666666
4742,2,18,pitch_jump,1.0,0.019493617575906338,25.400863934289728,158.06666666666666
4742,2,20,pitch_jump,1.0,0.00987650620773369,14.065886246387251,158.06666666666666
4742,2,24,pitch_jump,1.0,0.014817339174231978,13.63892440424994,158.06666666666666
4743,2,14,pitch_jump,1.0,0.024149869456692407,12.385642225172965,158.1
4743,2,20,pitch_jump,1.0,0.010053398769012812,12.415485892775548,158.1
4744,2,12,pitch_jump,1.0,0.01594563333142839,22.812914054160185,158.13333333333333
4744,2,13,pitch_jump,1.0,0.03181829750793488,14.913433711709,158.13333333333333
4744,2,18,pitch_jump,1.0,0.0280680650445856,12.127992683766701,158.13333333333333
4744,2,20,pitch_jump,1.0,0.012216662457163737,19.24732761937849,158.13333333333333
4745,2,6,pitch_jump,1.0,0.029391705705137144,18.09614177925249,158.16666666666666
4745,2,12,pitch_jump,1.0,0.015028899405062511,29.664271217751704,158.16666666666666
4745,2,13,pitch_jump,1.0,0.04080720022317013,21.630265529921587,158.16666666666666
4745,2,14,pitch_jump,1.0,0.01872226875460364,17.339880500457173,158.16666666666666
4745,2,15,pitch_jump,1.0,0.040155690231235865,14.387463548596081,158.16666666666666
4745,2,18,pitch_jump,1.0,0.05417808205266906,17.83788698846941,158.16666666666666
4745,2,19,pitch_jump,1.0,0.025926498601569082,14.184042626739547,158.16666666666666
4745,2,20,pitch_jump,1.0,0.011690140735539738,27.69579003257823,158.16666666666666
4746,2,6,pitch_jump,1.0,0.034519616210957,12.525037629248006,158.2
4746,2,12,pitch_jump,1.0,0.007327595724991963,19.941000912812644,158.2
4746,2,13,pitch_jump,1.0,0.017186121730441175,14.86989407689997,158.2
4746,2,18,pitch_jump,1.0,0.032664343506878836,16.65497983111313,158.2
4746,2,20,pitch_jump,1.0,0.0025036959955940107,16.440525791251005,158.2
4747,2,12,pitch_jump,1.0,0.010803041205116099,31.256045497546793,158.23333333333332
4747,2,13,pitch_jump,1.0,0.01894783891278157,23.636969786132777,158.23333333333332
4747,2,20,pitch_jump,1.0,0.010475591908511694,18.241941064726138,158.23333333333332
4748,2,20,pitch_jump,1.0,0.020132784263325303,13.181579873853202,158.26666666666668
4749,2,12,pitch_jump,1.0,0.011398289979023741,14.37013449912239,158.3
4749,2,13,pitch_jump,1.0,0.019244501812436747,12.607846384472424,158.3
4749,2,18,pitch_jump,1.0,0.03131517098291862,12.934774930103144,158.3
4749,2,20,pitch_jump,1.0,0.01363811683020822,12.190286365813408,158.3
4750,2,4,pitch_jump,1.0,0.043271544022965645,15.069687948797075,158.33333333333334
4750,2,6,pitch_jump,1.0,0.04051666225612377,12.291683382831808,158.33333333333334
4750,2,12,pitch_jump,1.0,0.015347406458883361,14.553492423856968,158.33333333333334
4750,2,15,pitch_jump,1.0,0.02668081115678881,15.285899534108125,158.33333333333334
4750,2,20,pitch_jump,1.0,0.016388403469271427,13.29447423148539,158.33333333333334
4751,2,2,pitch_jump,1.0,0.014414384713594009,12.847551663356663,158.36666666666667
4751,2,6,pitch_jump,1.0,0.03800863822949849,13.280835663250803,158.36666666666667
4751,2,12,pitch_jump,1.0,0.0318254964714967,21.770291145025794,158.36666666666667
4751,2,13,pitch_jump,1.0,0.022941304442632763,13.420445631785762,158.36666666666667
4753,2,12,pitch_jump,1.0,0.005264457428657466,16.848329114370745,158.43333333333334
4753,2,13,pitch_jump,1.0,0.0203419242409331,15.012016794202127,158.43333333333334
4754,2,5,pitch_jump,1.0,0.050095160187198826,20.87876529110037,158.46666666666667
4754,2,12,pitch_jump,1.0,0.005362925874869748,21.47534574312503,158.46666666666667
4754,2,14,pitch_jump,1.0,0.012829652467325519,13.023003781172791,158.46666666666667
4754,2,20,pitch_jump,1.0,0.008482902740993493,21.410364580941703,158.46666666666667
4756,2,12,pitch_jump,1.0,0.02500662843211171,20.616731953566127,158.53333333333333
4757,2,5,pitch_jump,1.0,0.18747799698129797,44.70812632368227,158.56666666666666
4757,2,13,pitch_jump,1.0,0.01755926164913626,12.621948275709062,158.56666666666666
4757,2,18,pitch_jump,1.0,0.01594944039802567,12.23774443372035,158.56666666666666
4758,2,5,pitch_jump,1.0,0.03804785893576324,12.359809794536474,158.6
4758,2,12,pitch_jump,1.0,0.013370554209964884,15.157973097142241,158.6
4759,2,5,pitch_jump,1.0,0.05117751299100349,12.372155661120317,158.63333333333333
4759,2,18,pitch_jump,1.0,0.13317171947509907,54.82768808355906,158.63333333333333
4760,2,5,pitch_jump,1.0,0.10061596160976814,26.40835515247883,158.66666666666666
4760,2,7,pitch_jump,1.0,0.025410996494531504,12.635516472013725,158.66666666666666
4760,2,12,pitch_jump,1.0,0.0239000987866616,14.159128408262193,158.66666666666666
4760,2,14,pitch_jump,1.0,0.012724967779652154,13.630673738640244,158.66666666666666
4760,2,18,pitch_jump,1.0,0.12063784294922157,45.70547725516104,158.66666666666666
4760,2,19,pitch_jump,1.0,0.0072451093145450155,12.852832056501034,158.66666666666666
4760,2,20,pitch_jump,1.0,0.022720345739170894,17.42293374731919,158.66666666666666
4761,2,9,pitch_jump,1.0,0.03556970504895243,14.844687722744224,158.7
4761,2,12,pitch_jump,1.0,0.04149255666823433,16.049858055408997,158.7
4761,2,13,pitch_jump,1.0,0.011320947934651446,13.62199589800446,158.7
4761,2,18,pitch_jump,1.0,0.04419269118915741,25.192556065061684,158.7
4763,2,1,pitch_jump,1.0,0.00784878150054963,15.21443071473155,158.76666666666668
4763,2,5,pitch_jump,1.0,0.03515531126876225,20.355317195268846,158.76666666666668
4763,2,6,pitch_jump,1.0,0.015512122416903737,12.603818638403144,158.76666666666668
4763,2,8,pitch_jump,1.0,0.022051003600732814,18.795929861065744,158.76666666666668
4763,2,9,pitch_jump,1.0,0.01676778305260741,16.46946019673672,158.76666666666668
4763,2,12,pitch_jump,1.0,0.02514390117051331,18.264880342017328,158.76666666666668
4763,2,13,pitch_jump,1.0,0.023626933261997492,15.607257860670003,158.76666666666668
4763,2,14,pitch_jump,1.0,0.02094625619529404,15.052405497877267,158.76666666666668
4763,2,16,pitch_jump,1.0,0.03836578452433349,14.655681805119693,158.76666666666668
4763,2,20,pitch_jump,1.0,0.02447623287627837,20.673932767420315,158.76666666666668
4763,2,23,pitch_jump,1.0,0.015954168603108318,15.57425570515883,158.76666666666668
4763,2,24,pitch_jump,1.0,0.03402737408191338,16.469645723458342,158.76666666666668
4765,2,12,pitch_jump,1.0,0.033447783487875755,14.352551056716122,158.83333333333334
4765,2,18,pitch_jump,1.0,0.0303712455942957,13.57892749482532,158.83333333333334
4766,2,5,pitch_jump,1.0,0.019202348222669585,13.405495889168142,158.86666666666667
4766,2,8,pitch_jump,1.0,0.027237747924993054,12.788008341865165,158.86666666666667
4768,2,12,pitch_jump,1.0,0.019048299994968834,13.449196391251876,158.93333333333334
4768,2,13,pitch_jump,1.0,0.013900438673903077,15.3194413714989,158.93333333333334
4769,2,12,pitch_jump,1.0,0.03387298074421503,37.75420488830679,158.96666666666667
4769,2,15,pitch_jump,1.0,0.0017689735230839126,12.12548123909529,158.96666666666667
4769,2,18,pitch_jump,1.0,0.007883203386908082,18.156117845472334,158.96666666666667
4769,2,20,pitch_jump,1.0,0.04071317788886571,29.756561701769947,158.96666666666667
4771,2,12,pitch_jump,1.0,0.024261659166022062,21.093078469999483,159.03333333333333
4771,2,20,pitch_jump,1.0,0.04178294754042255,15.554875173102355,159.03333333333333
4772,2,12,pitch_jump,1.0,0.011412089878929355,15.994126193764078,159.06666666666666
4775,2,12,pitch_jump,1.0,0.027038618413933124,20.498573077397047,159.16666666666666
4775,2,18,pitch_jump,1.0,0.03098173355960686,14.021132315145481,159.16666666666666
4775,2,20,pitch_jump,1.0,0.027598859776599774,12.75881495707673,159.16666666666666
4776,2,5,pitch_jump,3.0,0.27448304011435615,71.36789600341756,159.2
4776,2,12,pitch_jump,1.0,0.009352066473616518,12.097988618621333,159.2
4776,2,18,pitch_jump,1.0,0.018027628932932055,15.245383187883347,159.2
4777,2,9,pitch_jump,1.0,0.019626904381784903,17.28027387083516,159.23333333333332
4777,2,12,pitch_jump,1.0,0.030003762822519542,14.304351136650451,159.23333333333332
4777,2,13,pitch_jump,1.0,0.011957833718513314,21.846688035037754,159.23333333333332
4777,2,18,pitch_jump,1.0,0.0197692025824256,16.635802107720764,159.23333333333332
4777,2,24,pitch_jump,1.0,0.01452520043495772,16.906656855977772,159.23333333333332
4778,2,5,pitch_jump,2.0,0.3916492321308917,117.0063350474135,159.26666666666668
4778,2,12,pitch_jump,1.0,0.02242192636763962,12.549137707761883,159.26666666666668
4779,2,12,pitch_jump,1.0,0.004554734969610749,12.106237375945057,159.3
4779,2,18,pitch_jump,1.0,0.11541363974862881,47.04284242349952,159.3
4780,2,12,pitch_jump,1.0,0.03512292063037581,24.98659314398723,159.33333333333334
4780,2,20,pitch_jump,1.0,0.016821607169357745,24.6126296022063,159.33333333333334
4781,2,5,pitch_jump,1.0,0.08977073216097672,18.09505336336456,159.36666666666667
4781,2,12,pitch_jump,1.0,0.013132983467573191,13.954177276578912,159.36666666666667
4781,2,24,pitch_jump,1.0,0.030513347975833695,12.163644018306396,159.36666666666667
4782,2,5,pitch_jump,1.0,0.07366223794218682,12.459500522928446,159.4
4782,2,12,pitch_jump,1.0,0.010913078783843467,13.485281644959397,159.4
4782,2,20,pitch_jump,1.0,0.011375191292800025,19.786826981869673,159.4
4783,2,5,pitch_jump,1.0,0.11986435516728178,25.842229831272704,159.43333333333334
4783,2,9,pitch_jump,1.0,0.017012921864671213,15.677688358554668,159.43333333333334
4783,2,12,pitch_jump,1.0,0.021801540783183884,30.114650197824382,159.43333333333334
4783,2,20,pitch_jump,1.0,0.015044107072294836,31.865309852933912,159.43333333333334
4783,2,24,pitch_jump,1.0,0.031903933424487683,14.113472611064122,159.43333333333334
4784,2,9,pitch_jump,1.0,0.015921378442737822,12.847285222339828,159.46666666666667
4784,2,12,pitch_jump,1.0,0.03587925119830507,21.519759998310615,159.46666666666667
4784,2,20,pitch_jump,1.0,0.026273862787174508,20.965618041161452,159.46666666666667
4785,2,6,pitch_jump,1.0,0.013944446555802034,13.91767918484916,159.5
4785,2,12,pitch_jump,1.0,0.015674605253257146,21.056056002929527,159.5
4785,2,13,pitch_jump,1.0,0.01026543417266039,14.721433720789998,159.5
4785,2,20,pitch_jump,1.0,0.018731055857034693,19.01045136700603,159.5
4786,2,5,pitch_jump,1.0,0.018354551683071024,12.722871681476573,159.53333333333333
4786,2,9,pitch_jump,1.0,0.02435471921166773,12.372305594990854,159.53333333333333
4786,2,12,pitch_jump,1.0,0.033727258104467306,28.796639104871502,159.53333333333333
4786,2,20,pitch_jump,1.0,0.03440037257086865,15.31413903563179,159.53333333333333
4787,2,5,pitch_jump,1.0,0.01757776761723156,13.923581790529594,159.56666666666666
4788,2,9,pitch_jump,1.0,0.024035654570115434,13.263083223670149,159.6
4789,2,13,pitch_jump,1.0,0.031933962450330415,13.289673678674912,159.63333333333333
4790,2,12,pitch_jump,1.0,0.04318321854855135,18.994139612714648,159.66666666666666
4790,2,13,pitch_jump,1.0,0.021654426748027894,27.43419284425204,159.66666666666666
4791,2,12,pitch_jump,1.0,0.01762301997265223,16.000838438004223,159.7
4792,2,9,pitch_jump,1.0,0.028755295818297583,15.132856865308506,159.73333333333332
4792,2,12,pitch_jump,1.0,0.028330167832771976,12.21027718001518,159.73333333333332
4792,2,24,pitch_jump,1.0,0.02479544289047883,13.762748201442257,159.73333333333332
4793,2,6,pitch_jump,1.0,0.018448045363583618,12.095789059026194,159.76666666666668
4793,2,12,pitch_jump,1.0,0.032007686757653676,22.364082702255,159.76666666666668
4793,2,20,pitch_jump,1.0,0.03225628392626032,23.015794400487138,159.76666666666668
4794,2,12,pitch_jump,1.0,0.012847124557074359,23.277159007149614,159.8
4794,2,13,pitch_jump,1.0,0.021826493429182966,13.289421804721348,159.8
4794,2,20,pitch_jump,1.0,0.017662979029212256,20.835545631173648,159.8
4795,2,12,pitch_jump,1.0,0.03088832176244799,25.192952301548097,159.83333333333334
4795,2,20,pitch_jump,1.0,0.04517194994183115,24.504765408968613,159.83333333333334
4796,2,4,pitch_jump,1.0,0.020624288005965257,12.425263801192987,159.86666666666667
4796,2,12,pitch_jump,1.0,0.046388027549937504,16.722237626338146,159.86666666666667
4796,2,13,pitch_jump,1.0,0.04187627712021784,12.94753162061403,159.86666666666667
4796,2,15,pitch_jump,1.0,0.026425926397268026,12.636995709652025,159.86666666666667
4796,2,20,pitch_jump,1.0,0.03955347646037254,16.00260713842213,159.86666666666667
4798,2,12,pitch_jump,1.0,0.058783570347191894,12.34806564016836,159.93333333333334
4799,2,12,pitch_jump,1.0,0.058035398665179705,12.379779005597179,159.96666666666667
4799,2,13,pitch_jump,1.0,0.053844634723110095,14.77950354126117,159.96666666666667
4800,2,12,pitch_jump,1.0,0.04146710906695859,30.783190555350906,160.0
4800,2,13,pitch_jump,1.0,0.030383526016339292,14.475120179887634,160.0
4800,2,20,pitch_jump,1.0,0.03460230628400913,17.083802141417173,160.0
4802,2,4,pitch_jump,1.0,0.03138022815233548,12.380934912491314,160.06666666666666
4802,2,5,pitch_jump,1.0,0.03814447371450904,24.485406187163388,160.06666666666666
4802,2,6,pitch_jump,1.0,0.03332294924669709,15.327777574477773,160.06666666666666
4802,2,9,pitch_jump,1.0,0.02762840656756217,23.658488428358645,160.06666666666666
4802,2,12,pitch_jump,1.0,0.054296380453567224,14.73337652276473,160.06666666666666
4802,2,13,pitch_jump,1.0,0.05653369309953805,19.113957834001198,160.06666666666666
4802,2,15,pitch_jump,1.0,0.03505288615567074,19.728027275018793,160.06666666666666
4802,2,24,pitch_jump,1.0,0.04665890443620799,25.793393931584735,160.06666666666666
4804,2,5,pitch_jump,1.0,0.061357670532488355,16.44082220773514,160.13333333333333
4804,2,12,pitch_jump,1.0,0.05989807925340153,19.205808264727025,160.13333333333333
4804,2,13,pitch_jump,1.0,0.04583130728862826,17.75902911770261,160.13333333333333
4805,2,4,pitch_jump,1.0,0.02004096267080882,12.089055316711397,160.16666666666666
4805,2,5,pitch_jump,1.0,0.028115054720363457,13.87992410293865,160.16666666666666
4805,2,6,pitch_jump,1.0,0.04998691202603989,15.558296983375374,160.16666666666666
4805,2,9,pitch_jump,1.0,0.028184673457037845,27.702089422495717,160.16666666666666
4805,2,13,pitch_jump,1.0,0.04233593792662914,13.444717484518604,160.16666666666666
4805,2,15,pitch_jump,1.0,0.04565033099274722,21.72057341115751,160.16666666666666
4805,2,24,pitch_jump,1.0,0.05528948315891355,34.01444371718836,160.16666666666666
4807,2,6,pitch_jump,1.0,0.03891445818473254,23.02202922222906,160.23333333333332
4807,2,9,pitch_jump,1.0,0.026231360826427772,13.509146706507227,160.23333333333332
4807,2,12,pitch_jump,1.0,0.05747727284990754,40.45893954055783,160.23333333333332
4807,2,13,pitch_jump,1.0,0.04354630712474767,32.181243926329095,160.23333333333332
4807,2,14,pitch_jump,1.0,0.0381426568001505,13.033301142834624,160.23333333333332
4807,2,15,pitch_jump,1.0,0.03378530478510607,18.710832839338625,160.23333333333332
4807,2,20,pitch_jump,1.0,0.03042863925244731,30.400858212677168,160.23333333333332
4807,2,24,pitch_jump,1.0,0.04203476447743842,12.90362032133391,160.23333333333332
4808,2,12,pitch_jump,1.0,0.06413737155695977,13.894159856836472,160.26666666666668
4808,2,20,pitch_jump,1.0,0.036561307824944766,12.935493801721702,160.26666666666668
4808,2,24,pitch_jump,1.0,0.029931665211859835,15.006829709664713,160.26666666666668
4810,2,6,pitch_jump,1.0,0.028113883374253083,12.901920921818851,160.33333333333334
4810,2,9,pitch_jump,1.0,0.019917168505485253,14.3360445922053,160.33333333333334
4810,2,12,pitch_jump,1.0,0.050532374208121816,20.278920328421616,160.33333333333334
4810,2,13,pitch_jump,1.0,0.04024359113644134,15.608759963813492,160.33333333333334
4810,2,15,pitch_jump,1.0,0.02603572435891679,12.282637916119315,160.33333333333334
4811,2,4,pitch_jump,1.0,0.0069037853675714645,12.894428204757691,160.36666666666667
4811,2,5,pitch_jump,1.0,0.010047566381075047,27.225244329967936,160.36666666666667
4811,2,8,pitch_jump,1.0,0.011156482767965475,16.723630097174876,160.36666666666667
4811,2,9,pitch_jump,1.0,0.023878834595011226,19.283741753568027,160.36666666666667
4811,2,12,pitch_jump,1.0,0.015253084090618593,39.268560479138486,160.36666666666667
4811,2,13,pitch_jump,1.0,0.03708762389821605,14.107810103753014,160.36666666666667
4811,2,20,pitch_jump,1.0,0.021780415822946066,26.625263285342538,160.36666666666667
4811,2,24,pitch_jump,1.0,0.014038549350494228,25.233542128598586,160.36666666666667
4813,2,5,pitch_jump,1.0,0.0020058057525194554,13.907400841594319,160.43333333333334
4813,2,9,pitch_jump,1.0,0.013192415209981866,15.725943055356689,160.43333333333334
4813,2,12,pitch_jump,1.0,0.018526500083923206,32.287333904148184,160.43333333333334
4813,2,24,pitch_jump,1.0,0.013280544771584506,16.390101606461133,160.43333333333334
4816,2,5,pitch_jump,1.0,0.07935312339904962,13.994414977084332,160.53333333333333
4817,2,12,pitch_jump,1.0,0.021753597943402987,12.864448469500127,160.56666666666666
4818,2,12,pitch_jump,1.0,0.011531805019489876,12.601894803299624,160.6
4820,2,5,pitch_jump,1.0,0.044285197630440754,14.347059326072115,160.66666666666666
4820,2,23,pitch_jump,1.0,0.033684581491191516,12.379351903200812,160.66666666666666
4822,2,12,pitch_jump,1.0,0.017982331839536382,14.840410875602936,160.73333333333332
4824,2,5,pitch_jump,1.0,0.043238002640606996,13.630345818481297,160.8
4824,2,24,pitch_jump,1.0,0.011887513648890327,12.097337340777296,160.8
4825,2,9,pitch_jump,1.0,0.02034179317846188,12.051467164476547,160.83333333333334
4825,2,12,pitch_jump,1.0,0.008789764340493061,20.92643698877774,160.83333333333334
4827,2,5,pitch_jump,1.0,0.01831445497200852,16.233519947731114,160.9
4827,2,8,pitch_jump,1.0,0.01622266720981436,12.19651153955323,160.9
4827,2,12,pitch_jump,1.0,0.004154721453406674,12.7364796198256,160.9
4828,2,12,pitch_jump,1.0,0.0019105287177395213,13.1572558765174,160.93333333333334
4831,2,12,pitch_jump,1.0,0.010447997458971335,19.560420854968136,161.03333333333333
4832,2,12,pitch_jump,1.0,0.023348735726371087,14.370094160802283,161.06666666666666
4834,2,9,pitch_jump,1.0,0.05581802333623642,15.25175110885407,161.13333333333333
4834,2,12,pitch_jump,1.0,0.02216631950468931,14.659229111524885,161.13333333333333
4834,2,24,pitch_jump,1.0,0.044600031404157595,15.610214455903023,161.13333333333333
4835,2,5,pitch_jump,1.0,0.07405088977941093,16.103671401066787,161.16666666666666
4835,2,6,pitch_jump,1.0,0.07018857535227757,13.631595027917394,161.16666666666666
4835,2,9,pitch_jump,1.0,0.06691779841739744,12.490252109400169,161.16666666666666
4835,2,13,pitch_jump,1.0,0.022898391389724514,16.993970839407805,161.16666666666666
4835,2,24,pitch_jump,1.0,0.037405643740201396,12.490738604313854,161.16666666666666
4837,2,4,pitch_jump,1.0,0.047083896836571375,13.40479649033566,161.23333333333332
4837,2,5,pitch_jump,1.0,0.05037427861187778,21.814155445019725,161.23333333333332
4837,2,6,pitch_jump,1.0,0.047533669242625316,13.152051570180253,161.23333333333332
4837,2,8,pitch_jump,1.0,0.056931042569281845,17.9136986714918,161.23333333333332
4837,2,9,pitch_jump,1.0,0.06166896871808423,22.048993622619736,161.23333333333332
4837,2,12,pitch_jump,1.0,0.027079200570357308,19.829081752306937,161.23333333333332
4837,2,13,pitch_jump,1.0,0.03368667070845401,14.356244892387362,161.23333333333332
4837,2,15,pitch_jump,1.0,0.04580750397295304,13.229684381945292,161.23333333333332
4837,2,22,pitch_jump,1.0,0.03818495629115913,12.017464372309485,161.23333333333332
4837,2,23,pitch_jump,1.0,0.05434404312144887,14.371298351962174,161.23333333333332
4837,2,24,pitch_jump,1.0,0.06243098797396241,22.943624589409605,161.23333333333332
4839,2,5,pitch_jump,1.0,0.020868736264139487,13.12956649768097,161.3
4839,2,9,pitch_jump,1.0,0.03182843049526679,14.475184406578393,161.3
4839,2,12,pitch_jump,1.0,0.021729978596926325,25.20995059422664,161.3
4840,2,12,pitch_jump,1.0,0.03068125574455842,13.777126224710662,161.33333333333334
4841,2,20,pitch_jump,1.0,0.031219681340416798,14.339460409927877,161.36666666666667
4841,2,24,pitch_jump,1.0,0.04158076604554002,15.191563937093925,161.36666666666667
4843,2,12,pitch_jump,1.0,0.03033203701278668,12.38110990399896,161.43333333333334
4843,2,13,pitch_jump,1.0,0.027794549826331817,12.807039696201265,161.43333333333334
4844,2,12,pitch_jump,1.0,0.029273912329566252,13.268289336471623,161.46666666666667
4844,2,20,pitch_jump,1.0,0.0170360903150094,12.648327145793099,161.46666666666667
4846,2,5,pitch_jump,3.0,0.08778950085478356,20.80934087852468,161.53333333333333
4846,2,12,pitch_jump,1.0,0.02458611575439092,14.427236449522805,161.53333333333333
4847,2,12,pitch_jump,1.0,0.02067490873273016,18.961239824784744,161.56666666666666
4847,2,14,pitch_jump,1.0,0.03806107815857692,16.21044800942692,161.56666666666666
4847,2,20,pitch_jump,1.0,0.012900623635673842,17.208279421495206,161.56666666666666
4848,2,12,pitch_jump,1.0,0.015991629226978266,15.224071484472704,161.6
4849,2,12,pitch_jump,1.0,0.02631810958143629,17.75407507761386,161.63333333333333
4849,2,13,pitch_jump,1.0,0.02545589749854925,17.48067746578583,161.63333333333333
4849,2,20,pitch_jump,1.0,0.010965857833598616,15.853046975770017,161.63333333333333
4850,2,9,pitch_jump,1.0,0.04736461426676223,18.896126489878643,161.66666666666666
4850,2,12,pitch_jump,1.0,0.020870278115722018,12.703030684194024,161.66666666666666
4850,2,23,pitch_jump,1.0,0.06781145902883956,12.48631219197854,161.66666666666666
4850,2,24,pitch_jump,1.0,0.03893270323803593,24.13880208235121,161.66666666666666
4851,2,12,pitch_jump,1.0,0.013148535126943922,15.682699365238417,161.7
4852,2,3,pitch_jump,1.0,0.28919277142306826,12.696601024322213,161.73333333333332
4852,2,9,pitch_jump,1.0,0.029445605355136642,14.222961917144776,161.73333333333332
4852,2,12,pitch_jump,1.0,0.01269243864354844,26.599472319529763,161.73333333333332
4852,2,20,pitch_jump,1.0,0.025498283339913302,26.721819111581905,161.73333333333332
4852,2,24,pitch_jump,1.0,0.017461125199726073,13.788498737396516,161.73333333333332
4852,2,26,pitch_jump,1.0,0.046055616742513454,23.599256304980866,161.73333333333332
4853,2,9,pitch_jump,1.0,0.013885307001970288,13.81906383168068,161.76666666666668
4853,2,12,pitch_jump,1.0,0.014307192780064095,20.420970154099503,161.76666666666668
4853,2,20,pitch_jump,1.0,0.005621987920967807,12.22623390087686,161.76666666666668
4853,2,24,pitch_jump,1.0,0.02285145979155953,12.697267654847465,161.76666666666668
4854,2,12,pitch_jump,1.0,0.023576956258703735,34.82503128865958,161.8
4854,2,13,pitch_jump,1.0,0.008264929581601355,13.462118107494616,161.8
4854,2,20,pitch_jump,1.0,0.003921893039790418,20.713457221713615,161.8
4854,2,26,pitch_jump,1.0,0.0208022261571943,13.795518727953274,161.8
4855,2,12,pitch_jump,1.0,0.008137107199722448,38.162514379716434,161.83333333333334
4855,2,13,pitch_jump,1.0,0.01049437025751889,23.75727752744078,161.83333333333334
4855,2,20,pitch_jump,1.0,0.00592279018542317,20.878848826772806,161.83333333333334
4855,2,26,pitch_jump,1.0,0.05414494449650367,19.932677582639055,161.83333333333334
4856,2,9,pitch_jump,1.0,0.028056642800953283,12.196827568996282,161.86666666666667
4856,2,13,pitch_jump,1.0,0.007129179057902377,13.25534627607818,161.86666666666667
4858,2,12,pitch_jump,1.0,0.01564403271338678,15.498304839210153,161.93333333333334
4859,2,3,pitch_jump,1.0,0.28124935460897466,12.659592797376964,161.96666666666667
4859,2,9,pitch_jump,1.0,0.044686549602544964,14.980923593651095,161.96666666666667
4859,2,12,pitch_jump,1.0,0.02772869459600317,33.929985137905845,161.96666666666667
4859,2,13,pitch_jump,1.0,0.010241530802630206,13.50451946183383,161.96666666666667
4859,2,20,pitch_jump,1.0,0.005096254685292258,28.30561286672898,161.96666666666667
4859,2,24,pitch_jump,1.0,0.012574621063139694,13.531781234280738,161.96666666666667
4859,2,26,pitch_jump,1.0,0.013836106701963079,18.090488466006892,161.96666666666667
4862,2,12,pitch_jump,1.0,0.026327297501026966,17.155465417113366,162.06666666666666
4862,2,13,pitch_jump,1.0,0.013649623940827235,18.942598022113174,162.06666666666666
4862,2,20,pitch_jump,1.0,0.016841206720121172,13.211512981718741,162.06666666666666
4864,2,3,pitch_jump,1.0,0.22724327724099938,21.029405182957845,162.13333333333333
4864,2,4,pitch_jump,1.0,0.0017726186939519672,17.44025269115929,162.13333333333333
4864,2,9,pitch_jump,1.0,0.00918343465993083,35.238660492754434,162.13333333333333
4864,2,12,pitch_jump,1.0,0.014077873165496158,48.47969146759637,162.13333333333333
4864,2,20,pitch_jump,1.0,0.00973255402237638,52.160389377173296,162.13333333333333
4864,2,24,pitch_jump,1.0,0.007122392405431338,33.7157641815674,162.13333333333333
4864,2,26,pitch_jump,1.0,0.011142021299895959,40.89570458580243,162.13333333333333
4865,2,9,pitch_jump,1.0,0.02211234037715219,14.046778596031684,162.16666666666666
4865,2,12,pitch_jump,1.0,0.012864027227374071,12.412082132569196,162.16666666666666
4865,2,20,pitch_jump,1.0,0.003182930101520056,13.647522702317888,162.16666666666666
4865,2,24,pitch_jump,1.0,0.014721612534078294,12.687477774402396,162.16666666666666
4866,2,20,pitch_jump,1.0,0.0059274959841396765,14.850398075121861,162.2
4866,2,26,pitch_jump,1.0,0.009839206172561045,12.23729288602465,162.2
4867,2,12,pitch_jump,1.0,0.023387064405097465,14.942283951280407,162.23333333333332
4867,2,20,pitch_jump,1.0,0.015603100573978276,17.546508269617608,162.23333333333332
4868,2,3,pitch_jump,1.0,0.13264495725994044,12.606172790915023,162.26666666666668
4869,2,12,pitch_jump,1.0,0.012828658179658652,14.798226219785995,162.3
4870,2,9,pitch_jump,1.0,0.027054115888543083,14.644635125223248,162.33333333333334
4870,2,12,pitch_jump,1.0,0.02848745025597482,12.496813730509453,162.33333333333334
4871,2,9,pitch_jump,1.0,0.03208922883634419,19.959884791772776,162.36666666666667
4871,2,12,pitch_jump,1.0,0.013971293616020238,34.30574282951372,162.36666666666667
4871,2,20,pitch_jump,1.0,0.04863898535343451,42.29042427203084,162.36666666666667
4871,2,24,pitch_jump,1.0,0.0253551185425074,20.112037847392173,162.36666666666667
4871,2,26,pitch_jump,1.0,0.0055660799111003495,21.669482992684934,162.36666666666667
4873,2,12,pitch_jump,1.0,0.010212746016861037,30.499109847659188,162.43333333333334
4873,2,20,pitch_jump,1.0,0.015244111030074961,18.283570028249812,162.43333333333334
4874,2,12,pitch_jump,1.0,0.0149195592714722,17.78099032825971,162.46666666666667
4874,2,24,pitch_jump,1.0,0.027307868467716562,12.27614588696955,162.46666666666667
4878,2,12,pitch_jump,1.0,0.008571367120687474,13.152336919956685,162.6
4878,2,14,pitch_jump,1.0,0.048046563143224884,12.586327921390044,162.6
4879,2,12,pitch_jump,1.0,0.012027060953344208,18.63873620083024,162.63333333333333
4879,2,14,pitch_jump,1.0,0.05320809577192095,17.520130270218885,162.63333333333333
4880,2,9,pitch_jump,1.0,0.03716622226531203,16.98811074993111,162.66666666666666
4882,2,12,pitch_jump,1.0,0.005576369018468636,20.55313953082697,162.73333333333332
4885,2,24,pitch_jump,1.0,0.04235057993440038,14.185788982079037,162.83333333333334
4886,2,4,pitch_jump,1.0,0.03789959271724414,16.103816122902955,162.86666666666667
4886,2,6,pitch_jump,1.0,0.026604141894661894,12.554738218422253,162.86666666666667
4886,2,9,pitch_jump,1.0,0.03598849082337152,22.82301828290403,162.86666666666667
4886,2,13,pitch_jump,1.0,0.019817290195957668,16.933533881306,162.86666666666667
4886,2,14,pitch_jump,1.0,0.003693376694825346,12.329465082531483,162.86666666666667
4886,2,15,pitch_jump,1.0,0.031578981941717335,20.106664119309723,162.86666666666667
4886,2,24,pitch_jump,1.0,0.043993671392181535,25.829024044309094,162.86666666666667
4887,2,12,pitch_jump,1.0,0.017764227814811826,12.124005867131467,162.9
4888,2,12,pitch_jump,1.0,0.022589537237512787,16.525141789341852,162.93333333333334
4888,2,13,pitch_jump,1.0,0.02121110877688864,15.31363531038849,162.93333333333334
4888,2,14,pitch_jump,1.0,0.05394532644888775,28.06511732801219,162.93333333333334
4888,2,15,pitch_jump,1.0,0.01995683421629304,14.71413714165727,162.93333333333334
4889,2,12,pitch_jump,1.0,0.017345522736150865,25.82950787578136,162.96666666666667
4889,2,14,pitch_jump,1.0,0.036938869905471856,12.93713514394027,162.96666666666667
4891,2,12,pitch_jump,1.0,0.016218311545236824,16.073121322576284,163.03333333333333
4892,2,4,pitch_jump,1.0,0.03729360645805943,20.58459319363457,163.06666666666666
4892,2,6,pitch_jump,1.0,0.048301292358646254,14.149913237912509,163.06666666666666
4892,2,9,pitch_jump,1.0,0.07784633981710196,36.407198166185765,163.06666666666666
4892,2,12,pitch_jump,1.0,0.03496587719486386,47.74532122595846,163.06666666666666
4892,2,15,pitch_jump,1.0,0.02847110893618671,20.602550076226198,163.06666666666666
4892,2,24,pitch_jump,1.0,0.04911749926959563,34.9738231597025,163.06666666666666
4893,2,12,pitch_jump,1.0,0.023537768799864675,13.058933992309496,163.1
4893,2,24,pitch_jump,1.0,0.03673040471330106,13.841339848233055,163.1
4894,2,12,pitch_jump,1.0,0.0299779941267031,23.996622483027952,163.13333333333333
4895,2,4,pitch_jump,1.0,0.025272746424884956,13.158999757913154,163.16666666666666
4895,2,9,pitch_jump,1.0,0.05803353848697169,14.067119138498157,163.16666666666666
4895,2,19,pitch_jump,1.0,0.13611459961961006,49.01582196438377,163.16666666666666
4895,2,24,pitch_jump,1.0,0.03737774165704524,14.957302319006068,163.16666666666666
4896,2,19,pitch_jump,1.0,0.09060532143378705,29.969602866552236,163.2
4896,2,24,pitch_jump,1.0,0.020512395864519247,14.566727683877946,163.2
4897,2,9,pitch_jump,1.0,0.04884788884172246,13.530773051233306,163.23333333333332
4897,2,12,pitch_jump,1.0,0.029309893266185796,20.061621127575727,163.23333333333332
4897,2,19,pitch_jump,1.0,0.04890435752866639,16.772963751972927,163.23333333333332
4897,2,24,pitch_jump,1.0,0.03340111846001552,15.446818284350819,163.23333333333332
4898,2,14,pitch_jump,1.0,0.058265378003189136,15.70081123045106,163.26666666666668
4898,2,26,pitch_jump,1.0,0.025387868309788775,12.605915068251326,163.26666666666668
4899,2,14,pitch_jump,1.0,0.048752297009393,16.00497256442885,163.3
4901,2,12,pitch_jump,1.0,0.017939071429278048,18.718695381862812,163.36666666666667
4902,2,24,pitch_jump,1.0,0.034591751763707844,14.03875514787799,163.4
4903,2,9,pitch_jump,1.0,0.03266449043947741,15.366883431685912,163.43333333333334
4903,2,24,pitch_jump,1.0,0.052494910216094884,18.452549007804183,163.43333333333334
4904,2,20,pitch_jump,1.0,0.037640327003920886,17.07154146541086,163.46666666666667
4905,2,12,pitch_jump,1.0,0.012256540181065366,16.327988217826977,163.5
4905,2,20,pitch_jump,1.0,0.004029919174292206,12.38441933906236,163.5
4907,2,12,pitch_jump,1.0,0.015342589685401241,14.037623629107605,163.56666666666666
4907,2,20,pitch_jump,1.0,0.02769260573489656,15.93123695162362,163.56666666666666
4909,2,4,pitch_jump,1.0,0.033404730861193076,16.788656727842955,163.63333333333333
4909,2,9,pitch_jump,1.0,0.03988157373449104,16.204494732321788,163.63333333333333
4909,2,14,pitch_jump,1.0,0.0577975854634832,20.811466639130977,163.63333333333333
4909,2,15,pitch_jump,1.0,0.04998375230395817,12.611858436478697,163.63333333333333
4909,2,24,pitch_jump,1.0,0.028595434310076724,17.48174702675023,163.63333333333333
4910,2,12,pitch_jump,1.0,0.022164264013008455,21.376567889741377,163.66666666666666
4910,2,20,pitch_jump,1.0,0.010601542981600435,20.605781585603804,163.66666666666666
4910,2,26,pitch_jump,1.0,0.031470880334901245,12.611207916740828,163.66666666666666
4911,2,4,pitch_jump,1.0,0.034688093256699054,12.990814757022234,163.7
4913,2,9,pitch_jump,1.0,0.03849321034118109,16.635310950337487,163.76666666666668
4913,2,12,pitch_jump,1.0,0.012355526098954893,12.054902212050356,163.76666666666668
4913,2,24,pitch_jump,1.0,0.027773961790246857,18.688717865771206,163.76666666666668
4915,2,12,pitch_jump,1.0,0.015777282124954547,25.91812173356971,163.83333333333334
4915,2,20,pitch_jump,1.0,0.003683372680903357,19.063463779865515,163.83333333333334
4916,2,4,pitch_jump,1.0,0.03876624364829314,13.123131381939555,163.86666666666667
4916,2,7,pitch_jump,1.0,0.02649456406811277,12.02059417210126,163.86666666666667
4916,2,9,pitch_jump,1.0,0.02265471736058232,15.73618144555169,163.86666666666667
4916,2,15,pitch_jump,1.0,0.1050772520844806,23.37345947054464,163.86666666666667
4916,2,20,pitch_jump,1.0,0.0012838551576881234,15.162190569171655,163.86666666666667
4916,2,24,pitch_jump,1.0,0.03127179880559329,16.42138636288664,163.86666666666667
4916,2,26,pitch_jump,1.0,0.02388417455097875,13.187307870581682,163.86666666666667
4918,2,9,pitch_jump,1.0,0.024427999909177257,13.20577823838742,163.93333333333334
4919,2,9,pitch_jump,1.0,0.030902321920458053,16.599039245692055,163.96666666666667
4919,2,24,pitch_jump,1.0,0.039384138630183314,17.3207198502222,163.96666666666667
4921,2,13,pitch_jump,1.0,0.021965121082311915,13.843439091072907,164.03333333333333
4924,2,9,pitch_jump,1.0,0.026723832544327947,16.79907370595298,164.13333333333333
4924,2,20,pitch_jump,1.0,0.010107869602568952,13.22856248899951,164.13333333333333
4924,2,24,pitch_jump,1.0,0.037518536233712096,14.145421986823523,164.13333333333333
4924,2,26,pitch_jump,1.0,0.009345116947045236,13.802063293250548,164.13333333333333
4925,2,4,pitch_jump,5.0,0.0838470441880758,15.74082471183511,164.16666666666666
4926,2,14,pitch_jump,1.0,0.02978289740973936,18.88530033116814,164.2
4926,2,20,pitch_jump,1.0,0.022306838737769896,14.74676162175357,164.2
4927,2,4,pitch_jump,1.0,0.07679514446599306,22.17417644129379,164.23333333333332
4927,2,9,pitch_jump,1.0,0.049265219017717805,17.959528375631066,164.23333333333332
4927,2,14,pitch_jump,1.0,0.04109381136020133,20.210960295391168,164.23333333333332
4927,2,20,pitch_jump,1.0,0.017889410662240753,16.99847505647536,164.23333333333332
4927,2,24,pitch_jump,1.0,0.03493065435233765,19.163281454988073,164.23333333333332
4928,2,9,pitch_jump,1.0,0.06521502198773314,14.678445359059209,164.26666666666668
4930,2,20,pitch_jump,1.0,0.02159532913936902,16.828075953228808,164.33333333333334
4931,2,4,pitch_jump,1.0,0.02161921728898813,13.313999779196138,164.36666666666667
4931,2,9,pitch_jump,1.0,0.05743974301572233,23.877528173214667,164.36666666666667
4931,2,24,pitch_jump,1.0,0.04537282360324526,18.14018505010214,164.36666666666667
4932,2,4,pitch_jump,1.0,0.06585830419026892,17.639722453799816,164.4
4934,2,9,pitch_jump,1.0,0.05530729627600327,16.346642072987457,164.46666666666667
4934,2,13,pitch_jump,1.0,0.042573723195910226,12.122649481858334,164.46666666666667
4934,2,14,pitch_jump,1.0,0.054625765950172545,19.486899376298066,164.46666666666667
4934,2,15,pitch_jump,1.0,0.03661387762403539,22.263232337929256,164.46666666666667
4934,2,20,pitch_jump,1.0,0.027993482702563733,22.07882443358854,164.46666666666667
4934,2,24,pitch_jump,1.0,0.06249307824172142,12.517887889026477,164.46666666666667
4935,2,9,pitch_jump,1.0,0.033530209830598956,12.197809517235335,164.5
4935,2,20,pitch_jump,1.0,0.019011832274914073,24.379568592273706,164.5
4935,2,24,pitch_jump,1.0,0.029060510749510174,13.156012226502211,164.5
4935,2,26,pitch_jump,1.0,0.017749545363173656,12.907318632321758,164.5
4936,2,6,pitch_jump,1.0,0.0452416728303693,13.400660157672622,164.53333333333333
4936,2,9,pitch_jump,1.0,0.05780832471697361,12.570796578525679,164.53333333333333
4936,2,15,pitch_jump,1.0,0.026309783363512855,12.804951802686077,164.53333333333333
4936,2,24,pitch_jump,1.0,0.05832564250061049,13.887665973094803,164.53333333333333
4937,2,4,pitch_jump,1.0,0.01768311678060467,14.159370372063625,164.56666666666666
4937,2,9,pitch_jump,1.0,0.05749099561560186,15.328322635752338,164.56666666666666
4937,2,15,pitch_jump,1.0,0.035501851167679864,23.064724438086103,164.56666666666666
4937,2,19,pitch_jump,1.0,0.028494645311733326,14.15922061698771,164.56666666666666
4937,2,24,pitch_jump,1.0,0.06796130300812106,14.686875127283196,164.56666666666666
4938,2,20,pitch_jump,1.0,0.025590351121724336,16.07706627004096,164.6
4938,2,26,pitch_jump,1.0,0.030410166870327618,12.397902538390014,164.6
4939,2,13,pitch_jump,1.0,0.05360383390397576,18.623404005894514,164.63333333333333
4939,2,14,pitch_jump,1.0,0.05126970478766015,17.801161368344083,164.63333333333333
4939,2,20,pitch_jump,1.0,0.04169054625522536,37.462307952214644,164.63333333333333
4939,2,26,pitch_jump,1.0,0.045234890104435536,22.042638904226997,164.63333333333333
4940,2,20,pitch_jump,1.0,0.042442366615643885,12.586119213017877,164.66666666666666
4942,2,20,pitch_jump,1.0,0.04563382871268532,17.00091776796752,164.73333333333332
4943,2,13,pitch_jump,1.0,0.038309259274607946,16.980806017902236,164.76666666666668
4943,2,18,pitch_jump,1.0,0.05771804518344561,15.386451301701717,164.76666666666668
4945,2,20,pitch_jump,1.0,0.03859744171973306,15.528305006682409,164.83333333333334
4945,2,26,pitch_jump,1.0,0.03127191429497049,12.625580618627234,164.83333333333334
4946,2,9,pitch_jump,1.0,0.052210345334673454,16.585846726587583,164.86666666666667
4946,2,13,pitch_jump,1.0,0.04689045929906509,20.66001843427787,164.86666666666667
4946,2,14,pitch_jump,1.0,0.035794230604903526,12.945866697767523,164.86666666666667
4946,2,15,pitch_jump,1.0,0.05340359426977124,29.780911335377954,164.86666666666667
4946,2,18,pitch_jump,1.0,0.0484627640926514,14.768063720865586,164.86666666666667
4946,2,19,pitch_jump,1.0,0.03312334429627211,15.59482995930087,164.86666666666667
4946,2,20,pitch_jump,1.0,0.03084512963874545,25.77208850552906,164.86666666666667
4946,2,24,pitch_jump,1.0,0.05570878884040648,12.09704816357272,164.86666666666667
4946,2,26,pitch_jump,1.0,0.0466287367062967,16.04202080009585,164.86666666666667
4948,2,3,pitch_jump,1.0,0.052766387824063704,17.950864421264807,164.93333333333334
4948,2,4,pitch_jump,1.0,0.013312968185215794,15.28023053897851,164.93333333333334
4948,2,6,pitch_jump,1.0,0.04763005877724088,19.6927430237189,164.93333333333334
4948,2,7,pitch_jump,1.0,0.04097296232847678,16.774650384184678,164.93333333333334
4948,2,9,pitch_jump,1.0,0.039692722827981114,14.540308112199948,164.93333333333334
4948,2,13,pitch_jump,1.0,0.024050256208287938,48.72016566311241,164.93333333333334
4948,2,14,pitch_jump,1.0,0.04269601925433259,51.862257402283454,164.93333333333334
4948,2,15,pitch_jump,1.0,0.02053719730031176,30.545391132131662,164.93333333333334
4948,2,18,pitch_jump,1.0,0.041948800191756265,19.980355282850063,164.93333333333334
4948,2,19,pitch_jump,1.0,0.014800507865130971,26.61550645724587,164.93333333333334
4948,2,20,pitch_jump,1.0,0.05621829317799136,95.86031200243619,164.93333333333334
4948,2,24,pitch_jump,1.0,0.051484180155742264,12.73608486894423,164.93333333333334
4948,2,26,pitch_jump,1.0,0.03686493251024519,48.05169242682795,164.93333333333334
4949,2,13,pitch_jump,1.0,0.021157360805404413,19.777323250676183,164.96666666666667
4949,2,20,pitch_jump,1.0,0.04470009509662366,23.452367829906727,164.96666666666667
4950,2,9,pitch_jump,1.0,0.012330348860414123,16.033735226615633,165.0
4950,2,14,pitch_jump,1.0,0.03509009671454834,15.492594826230198,165.0
4950,2,24,pitch_jump,1.0,0.01940423697291234,12.77758395084395,165.0
4951,2,4,pitch_jump,1.0,0.02619933273915729,14.095156665821618,165.03333333333333
4951,2,9,pitch_jump,1.0,0.028804485319780183,20.646590972360336,165.03333333333333
4951,2,15,pitch_jump,1.0,0.05466406090749781,12.591235564613996,165.03333333333333
4951,2,20,pitch_jump,1.0,0.03911755255575688,21.629625340727,165.03333333333333
4951,2,24,pitch_jump,1.0,0.04336407592731654,19.90511441823266,165.03333333333333
4952,2,9,pitch_jump,1.0,0.00868922224086105,14.149002610316035,165.06666666666666
4952,2,24,pitch_jump,1.0,0.061084212643418435,18.6423906912406,165.06666666666666
4953,2,9,pitch_jump,1.0,0.00812860925883954,23.417948804298828,165.1
4953,2,20,pitch_jump,1.0,0.021898748185689695,38.660612391411256,165.1
4953,2,21,pitch_jump,1.0,0.0071410328165237335,28.785026235557304,165.1
4953,2,24,pitch_jump,1.0,0.02126145196315541,23.435813727835818,165.1
4953,2,26,pitch_jump,1.0,0.023115302878628386,24.089246186437375,165.1
4954,2,14,pitch_jump,1.0,0.050345555479017944,12.589969548837601,165.13333333333333
4954,2,20,pitch_jump,1.0,0.033899510067037675,20.593542425082003,165.13333333333333
4954,2,21,pitch_jump,1.0,0.01616414410626071,12.945636901589397,165.13333333333333
4955,2,15,pitch_jump,1.0,0.05737420869740671,13.433219291279942,165.16666666666666
4956,2,4,pitch_jump,1.0,0.024503753800871202,22.95022941035257,165.2
4956,2,9,pitch_jump,1.0,0.013175530856394904,24.41324680440399,165.2
4956,2,18,pitch_jump,1.0,0.022127181583794633,15.937616816527342,165.2
4956,2,19,pitch_jump,1.0,0.0116790115156755,18.295424850113037,165.2
4956,2,20,pitch_jump,1.0,0.023631136331363465,22.580684864457314,165.2
4956,2,21,pitch_jump,1.0,0.008703140303524398,22.58077602391878,165.2
4956,2,24,pitch_jump,1.0,0.02165635007293626,23.16117733180952,165.2
4956,2,26,pitch_jump,1.0,0.02961955990869926,21.146099197672246,165.2
4957,2,15,pitch_jump,1.0,0.1336064643884382,38.00436311950489,165.23333333333332
4957,2,20,pitch_jump,1.0,0.03489006059935376,21.074651594905074,165.23333333333332
4957,2,21,pitch_jump,1.0,0.013310500118639717,16.018567225786164,165.23333333333332
4957,2,26,pitch_jump,1.0,0.03586407305933034,12.247124937528975,165.23333333333332
4960,2,13,pitch_jump,1.0,0.04062805138226558,12.477491856338151,165.33333333333334
4960,2,20,pitch_jump,1.0,0.04006413589880496,16.12084240997764,165.33333333333334
4960,2,21,pitch_jump,1.0,0.006758585592864149,13.172762768514241,165.33333333333334
4960,2,26,pitch_jump,1.0,0.0304953291031286,12.447192904554571,165.33333333333334
4961,2,13,pitch_jump,1.0,0.047504341876704964,14.674218492414838,165.36666666666667
4961,2,15,pitch_jump,1.0,0.02028893975025712,12.943317418995349,165.36666666666667
4961,2,20,pitch_jump,1.0,0.0360272951342101,19.651975627617734,165.36666666666667
4961,2,24,pitch_jump,1.0,0.042451850633924454,17.566885958411078,165.36666666666667
4963,2,9,pitch_jump,1.0,0.04740171077866622,16.182058714107256,165.43333333333334
4963,2,13,pitch_jump,1.0,0.040712832575958625,14.342624991981824,165.43333333333334
4963,2,20,pitch_jump,1.0,0.04796473077359604,22.867884857187665,165.43333333333334
4963,2,24,pitch_jump,1.0,0.031871038318069846,17.474887664734695,165.43333333333334
4964,2,9,pitch_jump,1.0,0.04264193186739467,13.453417528553317,165.46666666666667
4964,2,24,pitch_jump,1.0,0.022831924614323304,12.494664708105264,165.46666666666667
4965,2,9,pitch_jump,1.0,0.019687677372187355,13.241610241148654,165.5
4965,2,24,pitch_jump,1.0,0.0026758599832355937,14.120911791804412,165.5
4966,2,21,pitch_jump,1.0,0.0216553271739814,13.671579913567912,165.53333333333333
4966,2,26,pitch_jump,1.0,0.03214734601281317,14.487740746148429,165.53333333333333
4967,2,4,pitch_jump,1.0,0.011414467574317381,12.117431276625112,165.56666666666666
4967,2,9,pitch_jump,1.0,0.015548186953933136,26.255729729796926,165.56666666666666
4967,2,13,pitch_jump,1.0,0.05244751944599336,15.959529511825314,165.56666666666666
4967,2,14,pitch_jump,1.0,0.012943224841173568,13.513985448452889,165.56666666666666
4967,2,15,pitch_jump,1.0,0.020194034899338822,14.139937917556074,165.56666666666666
4967,2,18,pitch_jump,1.0,0.0519731709253875,16.746423244354734,165.56666666666666
4967,2,20,pitch_jump,1.0,0.044153542779016085,20.101811338768112,165.56666666666666
4967,2,24,pitch_jump,1.0,0.023164480617940117,25.35586440877745,165.56666666666666
4968,2,13,pitch_jump,1.0,0.11940017295762106,35.70106921325377,165.6
4968,2,20,pitch_jump,1.0,0.027154676287073944,18.175964515839368,165.6
4969,2,13,pitch_jump,1.0,0.10207246109686116,45.688608578433666,165.63333333333333
4969,2,15,pitch_jump,1.0,0.028170740463993035,16.670142075450258,165.63333333333333
4969,2,18,pitch_jump,1.0,0.0479541842623063,12.174390562141697,165.63333333333333
4970,2,9,pitch_jump,1.0,0.02274663375608239,15.469101992373663,165.66666666666666
4970,2,14,pitch_jump,1.0,0.028660223972456007,13.539725046296175,165.66666666666666
4970,2,20,pitch_jump,1.0,0.044469361242021714,21.127085872309625,165.66666666666666
4970,2,24,pitch_jump,1.0,0.03386138832787936,15.249799737447155,165.66666666666666
4971,2,9,pitch_jump,1.0,0.018562706593516737,25.379316122337315,165.7
4971,2,13,pitch_jump,1.0,0.03133881183706466,15.160092340794693,165.7
4971,2,18,pitch_jump,1.0,0.023612836038611598,12.245157231399938,165.7
4971,2,24,pitch_jump,1.0,0.011682654427927352,21.116788976160432,165.7
4972,2,13,pitch_jump,1.0,0.11231921555348393,30.234473779931808,165.73333333333332
4972,2,20,pitch_jump,1.0,0.06213471254897168,17.55136961147096,165.73333333333332
4973,2,13,pitch_jump,1.0,0.10295432266738966,17.218539353221043,165.76666666666668
4973,2,15,pitch_jump,1.0,0.056468071576101654,13.579623480880626,165.76666666666668
4974,2,9,pitch_jump,1.0,0.0032850824819269536,18.33921883184129,165.8
4974,2,13,pitch_jump,1.0,0.06698498222143473,41.13653710455007,165.8
4974,2,14,pitch_jump,1.0,0.02645890425178272,20.097206539839128,165.8
4974,2,15,pitch_jump,1.0,0.06152306893802446,17.914979583825556,165.8
4974,2,20,pitch_jump,1.0,0.015646684942228237,22.486216625439827,165.8
4974,2,24,pitch_jump,1.0,0.020912202599142414,18.713855032890763,165.8
4975,2,14,pitch_jump,1.0,0.05435860336819843,12.999634068753709,165.83333333333334
4975,2,15,pitch_jump,1.0,0.045096567659301645,22.22570206370245,165.83333333333334
4975,2,20,pitch_jump,1.0,0.04516305591061319,19.846729129898044,165.83333333333334
4976,2,4,pitch_jump,1.0,0.005298292975500411,12.229977224707989,165.86666666666667
4976,2,6,pitch_jump,1.0,0.05269977120585201,15.240021887401198,165.86666666666667
4976,2,7,pitch_jump,1.0,0.04101812771077972,12.21932465365406,165.86666666666667
4976,2,9,pitch_jump,1.0,0.05187910026549939,15.139421506956733,165.86666666666667
4976,2,13,pitch_jump,1.0,0.031052685763147535,30.37042156081556,165.86666666666667
4976,2,14,pitch_jump,1.0,0.051468689727533726,24.3727467641352,165.86666666666667
4976,2,15,pitch_jump,1.0,0.017576310403646565,26.410231301255113,165.86666666666667
4976,2,18,pitch_jump,1.0,0.02918037727700637,14.315682088488906,165.86666666666667
4976,2,19,pitch_jump,1.0,0.008734995570355515,19.345211140076156,165.86666666666667
4976,2,20,pitch_jump,1.0,0.03876924540648819,22.755526119994382,165.86666666666667
4976,2,24,pitch_jump,1.0,0.04833929402537482,19.917683762084287,165.86666666666667
4977,2,9,pitch_jump,1.0,0.029624078655426146,18.848735071451294,165.9
4977,2,13,pitch_jump,1.0,0.027092818758427055,17.411800609822983,165.9
4977,2,14,pitch_jump,1.0,0.01968389465714653,19.521763928364418,165.9
4977,2,20,pitch_jump,1.0,0.014441943558435835,28.47085000394571,165.9
4977,2,24,pitch_jump,1.0,0.02260353521583384,22.890366509446824,165.9
4977,2,26,pitch_jump,1.0,0.015441075798993625,12.81477695992573,165.9
4978,2,13,pitch_jump,1.0,0.043781203279878465,12.051633987985348,165.93333333333334
4978,2,15,pitch_jump,1.0,0.050177140675447034,15.871694433369658,165.93333333333334
4978,2,20,pitch_jump,1.0,0.0419173539297714,14.948994732955788,165.93333333333334
4979,2,9,pitch_jump,1.0,0.042534639357653906,19.40012788672151,165.96666666666667
4979,2,13,pitch_jump,1.0,0.025773326364182548,17.961809866609528,165.96666666666667
4979,2,14,pitch_jump,1.0,0.035982996772154906,14.104254711391421,165.96666666666667
4979,2,20,pitch_jump,1.0,0.03804191896015388,35.26007553037084,165.96666666666667
4979,2,21,pitch_jump,1.0,0.02319257710243406,22.264315561399346,165.96666666666667
4979,2,24,pitch_jump,1.0,0.024150562774929177,25.152029690412455,165.96666666666667
4979,2,26,pitch_jump,1.0,0.03029603556474133,16.74215770766847,165.96666666666667
4981,2,4,pitch_jump,1.0,0.013563096597599482,12.35407297263981,166.03333333333333
4981,2,9,pitch_jump,1.0,0.026232311956722303,23.259821954592375,166.03333333333333
4981,2,13,pitch_jump,1.0,0.035964477980855974,33.70711143610163,166.03333333333333
4981,2,14,pitch_jump,1.0,0.0051702638240661266,29.63237440948784,166.03333333333333
4981,2,15,pitch_jump,1.0,0.11181087266937381,39.87746933293924,166.03333333333333
4981,2,19,pitch_jump,1.0,0.034418412099438384,17.587365806683767,166.03333333333333
4981,2,20,pitch_jump,1.0,0.025828043605225042,46.37685259484139,166.03333333333333
4981,2,21,pitch_jump,1.0,0.0009816159363251712,19.25323983319027,166.03333333333333
4981,2,24,pitch_jump,1.0,0.024419904689837776,24.555301719385355,166.03333333333333
4981,2,26,pitch_jump,1.0,0.037172142238570384,15.207378125471369,166.03333333333333
4982,2,4,pitch_jump,1.0,0.009644917066481339,12.125146573111111,166.06666666666666
4982,2,6,pitch_jump,1.0,0.05222673179519462,13.663305490243136,166.06666666666666
4982,2,9,pitch_jump,1.0,0.018578056663575412,16.09196816996919,166.06666666666666
4982,2,13,pitch_jump,1.0,0.030787209185420616,21.377923985827888,166.06666666666666
4982,2,14,pitch_jump,1.0,0.027510263605025426,15.982970576787006,166.06666666666666
4982,2,15,pitch_jump,1.0,0.11343990498148551,36.97654222202984,166.06666666666666
4982,2,18,pitch_jump,1.0,0.04686192211163026,18.531684110551904,166.06666666666666
4982,2,24,pitch_jump,1.0,0.020337899732761764,15.520534998986879,166.06666666666666
4984,2,14,pitch_jump,1.0,0.16945688269169784,29.012079403824757,166.13333333333333
4984,2,21,pitch_jump,1.0,0.005417345150871162,14.444405188777147,166.13333333333333
4985,2,1,pitch_jump,1.0,0.08498363004720809,44.93806741427973,166.16666666666666
4985,2,14,pitch_jump,1.0,0.06969999359258258,22.89123022578703,166.16666666666666
4985,2,24,pitch_jump,1.0,0.04991268965281258,20.886622276349325,166.16666666666666
4986,2,9,pitch_jump,1.0,0.006359314142163776,17.002641052075695,166.2
4986,2,14,pitch_jump,1.0,0.039096325653800515,12.94281074993118,166.2
4986,2,24,pitch_jump,1.0,0.012912196759264243,17.2514547635229,166.2
4987,2,4,pitch_jump,1.0,0.01698549281005975,17.31854219935344,166.23333333333332
4987,2,6,pitch_jump,1.0,0.06901621455171542,15.449603829046847,166.23333333333332
4987,2,9,pitch_jump,1.0,0.04778765820257683,35.39746007931689,166.23333333333332
4987,2,13,pitch_jump,1.0,0.05841734012006355,13.794172400911991,166.23333333333332
4987,2,18,pitch_jump,1.0,0.046108937206683,20.497537775690873,166.23333333333332
4987,2,24,pitch_jump,1.0,0.04418539069776286,33.19125229135756,166.23333333333332
4989,2,1,pitch_jump,4.0,0.07328951005114104,23.33662440331172,166.3
4991,2,4,pitch_jump,1.0,0.04378980975816291,21.409844303990514,166.36666666666667
4991,2,6,pitch_jump,1.0,0.06518314914506047,20.859122782136062,166.36666666666667
4991,2,9,pitch_jump,1.0,0.06746800797455406,28.759761009688443,166.36666666666667
4991,2,12,pitch_jump,1.0,0.05655228731912388,61.307921843708684,166.36666666666667
4991,2,13,pitch_jump,1.0,0.08081671708754978,41.026976464371444,166.36666666666667
4991,2,14,pitch_jump,1.0,0.03946117825587624,37.963789267686565,166.36666666666667
4991,2,15,pitch_jump,1.0,0.04965552575033978,45.49376086373828,166.36666666666667
4991,2,18,pitch_jump,1.0,0.07283605052775473,26.06298657694423,166.36666666666667
4991,2,19,pitch_jump,1.0,0.032259377254234216,26.65100956132044,166.36666666666667
4991,2,20,pitch_jump,1.0,0.04267497129601971,63.34248455084945,166.36666666666667
4991,2,21,pitch_jump,1.0,0.025090322330716983,49.38378325995957,166.36666666666667
4991,2,24,pitch_jump,1.0,0.07018609113800953,26.447144749898303,166.36666666666667
4991,2,26,pitch_jump,1.0,0.03109563593599387,44.24508882430278,166.36666666666667
4994,2,18,pitch_jump,1.0,0.05902472522092043,16.54225534081364,166.46666666666667
4995,2,18,pitch_jump,1.0,0.0402047788272334,14.041321879715085,166.5
4996,2,12,pitch_jump,1.0,0.06413914186680938,17.92372939461399,166.53333333333333
4997,2,12,pitch_jump,1.0,0.1099162336362695,18.831395307567263,166.56666666666666
4999,2,15,pitch_jump,1.0,0.14290138409383002,41.914364279116526,166.63333333333333
5006,2,13,pitch_jump,1.0,0.0485746787540334,16.069473337673383,166.86666666666667
5030,2,4,pitch_jump,1.0,0.09070036190522726,21.63690891602061,167.66666666666666
5030,2,12,pitch_jump,1.0,0.07384182773440388,34.46991661750177,167.66666666666666
5030,2,13,pitch_jump,1.0,0.08394353782956662,45.6681282987629,167.66666666666666
5030,2,14,pitch_jump,1.0,0.10680029034202715,32.56504221952887,167.66666666666666
5030,2,15,pitch_jump,1.0,0.018853531086675174,38.494100407590956,167.66666666666666
5030,2,19,pitch_jump,1.0,0.060259517470195825,28.789138017169766,167.66666666666666
5030,2,20,pitch_jump,1.0,0.05640416745767735,14.720587620782458,167.66666666666666
5030,2,21,pitch_jump,1.0,0.054087018588108,30.495385042147173,167.66666666666666
5030,2,26,pitch_jump,1.0,0.05964175376560496,24.72314271269568,167.66666666666666
5031,2,4,pitch_jump,1.0,0.05276420956149477,18.50470837618723,167.7
5031,2,13,pitch_jump,1.0,0.0331417418051971,19.109893038303237,167.7
5031,2,14,pitch_jump,1.0,0.012847590429720482,19.556458019812542,167.7
5031,2,15,pitch_jump,1.0,0.029945277406267058,16.82764289084337,167.7
5031,2,19,pitch_jump,1.0,0.011928610783889895,21.35962045412714,167.7
5031,2,20,pitch_jump,1.0,0.016664710832578727,21.36292937225936,167.7
5031,2,21,pitch_jump,1.0,0.02048995902223369,18.859623853294767,167.7
5031,2,26,pitch_jump,1.0,0.013255551894096987,18.896270488575365,167.7
5032,2,4,pitch_jump,1.0,0.09757634638441592,16.30213791954532,167.73333333333332
5032,2,12,pitch_jump,1.0,0.07511388144824689,18.915880618448146,167.73333333333332
5032,2,14,pitch_jump,1.0,0.07503677072947727,19.193126915424287,167.73333333333332
5032,2,15,pitch_jump,1.0,0.03480648094172315,19.122333696870836,167.73333333333332
5032,2,19,pitch_jump,1.0,0.06018003324342356,15.604621799292868,167.73333333333332
5032,2,20,pitch_jump,1.0,0.07721055304497176,22.139131480197754,167.73333333333332
5032,2,21,pitch_jump,1.0,0.07094026606896255,24.08266487568859,167.73333333333332
5032,2,26,pitch_jump,1.0,0.03813986099107096,24.44959857905879,167.73333333333332
5033,2,4,pitch_jump,1.0,0.09846177806122246,14.394431316903583,167.76666666666668
5033,2,12,pitch_jump,1.0,0.07034785167498457,16.42460631722799,167.76666666666668
5033,2,13,pitch_jump,1.0,0.07156794053219127,17.024973014208726,167.76666666666668
5033,2,14,pitch_jump,1.0,0.07678964020311518,12.220392156732023,167.76666666666668
5033,2,19,pitch_jump,1.0,0.03863571638315316,13.43946161565636,167.76666666666668
5033,2,20,pitch_jump,1.0,0.0913362705944161,20.311265752883557,167.76666666666668
5033,2,21,pitch_jump,1.0,0.04813808503481943,27.393888626100363,167.76666666666668
5033,2,26,pitch_jump,1.0,0.05814622613329448,19.642964415554875,167.76666666666668
5034,2,15,pitch_jump,2.0,0.034057641465851926,17.165123386488453,167.8
5035,2,20,pitch_jump,1.0,0.0740922234882758,17.961805132036442,167.83333333333334
5035,2,21,pitch_jump,1.0,0.04012269361635585,21.88810424108156,167.83333333333334
5035,2,26,pitch_jump,1.0,0.06700186461336553,15.88162288132316,167.83333333333334
5036,2,4,pitch_jump,1.0,0.09710532178222507,25.26850824365743,167.86666666666667
5036,2,12,pitch_jump,1.0,0.05970866484910904,21.41424808181014,167.86666666666667
5036,2,13,pitch_jump,1.0,0.09427351395008435,26.871913273627623,167.86666666666667
5036,2,14,pitch_jump,1.0,0.08480370132924113,19.81932763729218,167.86666666666667
5036,2,15,pitch_jump,1.0,0.16386184184755614,54.083046991890946,167.86666666666667
5036,2,19,pitch_jump,1.0,0.06368245162402515,16.23981323013598,167.86666666666667
5036,2,20,pitch_jump,1.0,0.1107780621881107,18.494986246903263,167.86666666666667
5036,2,21,pitch_jump,1.0,0.028907124577165502,16.646571488922884,167.86666666666667
5036,2,24,pitch_jump,1.0,0.06425122515638902,34.37614121193502,167.86666666666667
5036,2,26,pitch_jump,1.0,0.07341223714504153,12.592725241099584,167.86666666666667
5037,2,12,pitch_jump,1.0,0.015614538350852695,14.870957097356797,167.9
5037,2,15,pitch_jump,1.0,0.041008643808608684,17.63641497359574,167.9
5037,2,24,pitch_jump,1.0,0.037986363611060385,17.33945108460327,167.9
5038,2,14,pitch_jump,1.0,0.08998539611313656,12.029109361453372,167.93333333333334
5038,2,15,pitch_jump,1.0,0.05241002068402407,22.54324459083738,167.93333333333334
5038,2,24,pitch_jump,1.0,0.0657235887450538,13.453961317006058,167.93333333333334
5039,2,3,pitch_jump,1.0,0.05343822306707919,17.441203742309394,167.96666666666667
5039,2,12,pitch_jump,1.0,0.08349600004773387,20.619214023417168,167.96666666666667
5039,2,15,pitch_jump,1.0,0.08680088580329778,26.14579214687075,167.96666666666667
5039,2,20,pitch_jump,1.0,0.09639518435257838,25.55860181018645,167.96666666666667
5039,2,21,pitch_jump,1.0,0.04817905683085966,24.970351279908737,167.96666666666667
5039,2,26,pitch_jump,1.0,0.07705780388547971,16.484323285677096,167.96666666666667
5040,2,4,pitch_jump,1.0,0.04544746857591071,12.069877662899941,168.0
5040,2,12,pitch_jump,1.0,0.032761854555444885,13.446117001613642,168.0
5040,2,15,pitch_jump,1.0,0.02335552934016694,15.293225516608215,168.0
5042,2,4,pitch_jump,1.0,0.08736891963263087,20.90123833765107,168.06666666666666
5042,2,12,pitch_jump,1.0,0.10787409395474504,18.507751576978347,168.06666666666666
5042,2,14,pitch_jump,1.0,0.09435826035408279,16.4803442660981,168.06666666666666
5042,2,19,pitch_jump,1.0,0.08214585304546429,12.412510081860463,168.06666666666666
5042,2,20,pitch_jump,1.0,0.10526900707632524,15.874357455613676,168.06666666666666
5042,2,24,pitch_jump,1.0,0.05916164395546632,17.829462948947878,168.06666666666666
5044,2,14,pitch_jump,1.0,0.07935399802057728,12.224751405788306,168.13333333333333
5044,2,19,pitch_jump,1.0,0.05907387957390168,12.64427529536452,168.13333333333333
5045,2,12,pitch_jump,1.0,0.09514944396948315,17.341754592343868,168.16666666666666
5045,2,20,pitch_jump,1.0,0.06241906717684434,14.151899884407637,168.16666666666666
5046,2,14,pitch_jump,1.0,0.056004852032017986,21.91586606409728,168.2
5047,2,2,pitch_jump,1.0,0.10031104439469238,35.32704065880828,168.23333333333332
5047,2,4,pitch_jump,1.0,0.05915414985440895,15.457140392109022,168.23333333333332
5047,2,12,pitch_jump,1.0,0.09051236202580427,13.17372059138971,168.23333333333332
5047,2,14,pitch_jump,1.0,0.05686037947910852,15.435011435635172,168.23333333333332
5047,2,20,pitch_jump,1.0,0.05526170231457237,26.858311119579835,168.23333333333332
5047,2,21,pitch_jump,1.0,0.03756199958923578,36.8117339595144,168.23333333333332
5047,2,26,pitch_jump,1.0,0.05923250384784242,21.415305951802196,168.23333333333332
5048,2,4,pitch_jump,1.0,0.11420160772648454,18.595561131725646,168.26666666666668
5048,2,6,pitch_jump,1.0,0.1311584409843061,22.9726670852295,168.26666666666668
5048,2,14,pitch_jump,1.0,0.07639690495310421,17.462408653599255,168.26666666666668
5048,2,20,pitch_jump,1.0,0.04917529351658172,14.339238760002962,168.26666666666668
5049,2,15,pitch_jump,1.0,0.10932433628963922,34.586234319372714,168.3
5049,2,20,pitch_jump,1.0,0.013569203681110094,17.285387589797768,168.3
5049,2,21,pitch_jump,1.0,0.025425904657914725,29.648510264884102,168.3
5049,2,26,pitch_jump,1.0,0.017088364196376313,20.700968390727176,168.3
5050,2,4,pitch_jump,1.0,0.1037164136443169,12.96802503591526,168.33333333333334
5050,2,6,pitch_jump,1.0,0.15202033037086807,53.54285621300616,168.33333333333334
5050,2,15,pitch_jump,1.0,0.04736902641887027,25.706849503360868,168.33333333333334
5051,2,12,pitch_jump,1.0,0.06075918996194636,16.278098755869525,168.36666666666667
5051,2,20,pitch_jump,1.0,0.06904959904967563,19.67683696214993,168.36666666666667
5051,2,21,pitch_jump,1.0,0.033018969277847046,12.890961031608727,168.36666666666667
5052,2,14,pitch_jump,1.0,0.07238055446336449,18.001368304377202,168.4
5052,2,15,pitch_jump,1.0,0.02678782158258437,13.839390781557942,168.4
5053,2,4,pitch_jump,1.0,0.12824177916628168,17.526075287150878,168.43333333333334
5053,2,12,pitch_jump,1.0,0.06064629270937186,12.231585338097112,168.43333333333334
5053,2,20,pitch_jump,1.0,0.07615686444616933,14.412937583570796,168.43333333333334
5053,2,21,pitch_jump,1.0,0.02973626206736754,23.284056054566108,168.43333333333334
5053,2,26,pitch_jump,1.0,0.03311467353411855,13.09832852748394,168.43333333333334
5054,2,2,pitch_jump,1.0,0.15268963718225706,65.91958634848942,168.46666666666667
5054,2,4,pitch_jump,1.0,0.031047601814226024,20.59037403099059,168.46666666666667
5054,2,6,pitch_jump,1.0,0.07539357413783769,25.96055613896302,168.46666666666667
5054,2,12,pitch_jump,1.0,0.06930749850326658,59.830930931566904,168.46666666666667
5054,2,14,pitch_jump,1.0,0.024660630017753114,52.24926769021753,168.46666666666667
5054,2,19,pitch_jump,1.0,0.012146062778822957,43.285638457133054,168.46666666666667
5054,2,20,pitch_jump,1.0,0.07346441586023504,59.79490586875615,168.46666666666667
5054,2,21,pitch_jump,1.0,0.020112494297640747,98.26886399463928,168.46666666666667
5054,2,26,pitch_jump,1.0,0.02408157206399769,78.92496338598536,168.46666666666667
5055,2,2,pitch_jump,1.0,0.06598570526590505,25.309816215979527,168.5
5055,2,4,pitch_jump,1.0,0.02186566588672457,12.757113982126313,168.5
5055,2,6,pitch_jump,1.0,0.025108680545959952,12.45298099211993,168.5
5056,2,12,pitch_jump,1.0,0.08132171483017957,12.829600645289789,168.53333333333333
5056,2,19,pitch_jump,1.0,0.019507349917672796,12.190265998648961,168.53333333333333
5056,2,20,pitch_jump,1.0,0.08356225042727088,20.681691574108136,168.53333333333333
5056,2,21,pitch_jump,1.0,0.014617667411905047,14.522682443745266,168.53333333333333
5056,2,22,pitch_jump,1.0,0.0785109498712227,13.947819863874825,168.53333333333333
5056,2,26,pitch_jump,1.0,0.02357401645710605,19.75056592688788,168.53333333333333
5058,2,2,pitch_jump,1.0,0.008021927217348698,14.837196987304091,168.6
5058,2,12,pitch_jump,1.0,0.024803972164113463,12.556246825062809,168.6
5058,2,13,pitch_jump,1.0,0.018520062532879474,16.906323166228812,168.6
5058,2,14,pitch_jump,1.0,0.034109475387281096,15.455399190232969,168.6
5058,2,22,pitch_jump,1.0,0.0314315097331256,21.63913984234588,168.6
5059,2,2,pitch_jump,1.0,0.009031082215371706,19.483185480268588,168.63333333333333
5059,2,3,pitch_jump,1.0,0.026107995092015928,27.269232439831022,168.63333333333333
5059,2,4,pitch_jump,1.0,0.04437526312472734,13.446919044566112,168.63333333333333
5059,2,13,pitch_jump,1.0,0.05050090276323659,13.085559052258668,168.63333333333333
5059,2,14,pitch_jump,1.0,0.014892989002771787,16.07423613425667,168.63333333333333
5059,2,19,pitch_jump,1.0,0.04237713832047417,12.288641506387815,168.63333333333333
5059,2,20,pitch_jump,1.0,0.06224536152520991,16.91297484479848,168.63333333333333
5059,2,21,pitch_jump,1.0,0.018385504328079387,19.01999351320472,168.63333333333333
5059,2,26,pitch_jump,1.0,0.02841358326419507,21.590005473301964,168.63333333333333
5060,2,3,pitch_jump,1.0,0.033516808652942556,23.134281829735,168.66666666666666
5060,2,12,pitch_jump,1.0,0.05817972020793987,25.709264185926767,168.66666666666666
5060,2,19,pitch_jump,1.0,0.027410427162934275,14.93056889631602,168.66666666666666
5060,2,20,pitch_jump,1.0,0.040679279073663095,26.34389232308575,168.66666666666666
5060,2,21,pitch_jump,1.0,0.006333102255665671,13.23367555359806,168.66666666666666
5060,2,26,pitch_jump,1.0,0.018121560913266138,13.361183575128624,168.66666666666666
5062,2,2,pitch_jump,1.0,0.04704265711848485,12.254208556979913,168.73333333333332
5062,2,20,pitch_jump,1.0,0.043099756705093625,12.664646929058142,168.73333333333332
5063,2,3,pitch_jump,1.0,0.013412460440495254,28.07132843077456,168.76666666666668
5063,2,12,pitch_jump,1.0,0.019948654853181827,25.45692725958605,168.76666666666668
5063,2,13,pitch_jump,1.0,0.0417637684784768,13.0483344240152,168.76666666666668
5063,2,14,pitch_jump,1.0,0.0628753481533547,12.730706443124394,168.76666666666668
5063,2,20,pitch_jump,1.0,0.03956002742478022,21.813240244558305,168.76666666666668
5064,2,3,pitch_jump,1.0,0.004364557066512318,21.35550257619939,168.8
5064,2,12,pitch_jump,1.0,0.005129305570161314,19.763631070748293,168.8
5064,2,14,pitch_jump,1.0,0.029162630290982244,14.908165756817452,168.8
5064,2,19,pitch_jump,1.0,0.020622247384872883,16.04007526550388,168.8
5064,2,20,pitch_jump,1.0,0.02163271270429793,20.41496558326941,168.8
5064,2,21,pitch_jump,1.0,0.007552510032098401,16.032711341240624,168.8
5064,2,26,pitch_jump,1.0,0.028378445135573034,20.89859360832306,168.8
5065,2,3,pitch_jump,1.0,0.01288781081089824,28.198058843635895,168.83333333333334
5065,2,12,pitch_jump,1.0,0.03462742995692565,14.435959527559346,168.83333333333334
5067,2,26,pitch_jump,1.0,0.031008989026808896,12.677331534923017,168.9
5068,2,13,pitch_jump,1.0,0.025473893926935873,12.526246010539271,168.93333333333334
5068,2,14,pitch_jump,1.0,0.08425113826088272,24.51214797192955,168.93333333333334
5069,2,21,pitch_jump,1.0,0.04730010930616684,18.23569514293564,168.96666666666667
5071,2,2,pitch_jump,1.0,0.05497987897067857,20.823923332939703,169.03333333333333
5071,2,3,pitch_jump,1.0,0.013063842600252626,13.121051224562704,169.03333333333333
5071,2,4,pitch_jump,1.0,0.011650455024397944,13.941762456300731,169.03333333333333
5071,2,13,pitch_jump,1.0,0.009155886249936665,14.946061668025827,169.03333333333333
5071,2,14,pitch_jump,1.0,0.01318561726958875,14.884697962658317,169.03333333333333
5071,2,19,pitch_jump,1.0,0.05474721367015171,15.897569178326341,169.03333333333333
5071,2,26,pitch_jump,1.0,0.03877577215654114,13.84650657476183,169.03333333333333
5072,2,2,pitch_jump,1.0,0.05093472577872154,13.758240109009437,169.06666666666666
5072,2,3,pitch_jump,1.0,0.010593759329341812,23.942328668377467,169.06666666666666
5072,2,6,pitch_jump,1.0,0.06935358434558363,28.929564066682037,169.06666666666666
5072,2,12,pitch_jump,1.0,0.01751997967999858,25.350896413663722,169.06666666666666
5072,2,14,pitch_jump,1.0,0.03028346411528343,12.053504405980876,169.06666666666666
5072,2,19,pitch_jump,1.0,0.031204368353244673,16.2173147602309,169.06666666666666
5072,2,20,pitch_jump,1.0,0.026779068197012132,24.759214923136025,169.06666666666666
5073,2,3,pitch_jump,1.0,0.0073829228392058854,24.55752533702714,169.1
5073,2,12,pitch_jump,1.0,0.009048900892455638,16.817586722580096,169.1
5073,2,20,pitch_jump,1.0,0.0030251369852584077,16.617443142459255,169.1
5074,2,14,pitch_jump,1.0,0.10961849153702302,19.468406281081506,169.13333333333333
5075,2,12,pitch_jump,1.0,0.02490111234195095,14.131115514921147,169.16666666666666
5077,2,3,pitch_jump,1.0,0.006867792000608469,24.903092484148388,169.23333333333332
5077,2,13,pitch_jump,1.0,0.0161575296845978,15.826072693054625,169.23333333333332
5077,2,15,pitch_jump,1.0,0.0716534467035446,14.63248966663879,169.23333333333332
5077,2,19,pitch_jump,1.0,0.016353618427283206,12.45463972093278,169.23333333333332
5077,2,20,pitch_jump,1.0,0.004419510222981743,20.061210796376994,169.23333333333332
5077,2,26,pitch_jump,1.0,0.008407596005494452,13.766317979124688,169.23333333333332
5078,2,14,pitch_jump,1.0,0.05295602860709849,13.17468621977513,169.26666666666668
5078,2,15,pitch_jump,1.0,0.062059656057119314,12.989696006717054,169.26666666666668
5078,2,19,pitch_jump,1.0,0.14276833462303648,36.30924332385782,169.26666666666668
5079,2,19,pitch_jump,1.0,0.09467734858020375,23.660893271248135,169.3
5080,2,20,pitch_jump,1.0,0.039841869190917964,12.774863415407143,169.33333333333334
5081,2,3,pitch_jump,1.0,0.02684917799979561,13.539921490362048,169.36666666666667
5081,2,6,pitch_jump,1.0,0.04477323839812773,18.406014790044086,169.36666666666667
5081,2,12,pitch_jump,1.0,0.05243605398123864,37.82217730714399,169.36666666666667
5081,2,13,pitch_jump,1.0,0.028915945859785987,18.134364281806,169.36666666666667
5081,2,14,pitch_jump,1.0,0.009371103944062029,23.013928848511497,169.36666666666667
5081,2,15,pitch_jump,1.0,0.014823845332917638,28.641889972121078,169.36666666666667
5081,2,19,pitch_jump,1.0,0.03467825174631398,23.666255341099934,169.36666666666667
5081,2,20,pitch_jump,1.0,0.046251832653600396,29.024627944128977,169.36666666666667
5081,2,21,pitch_jump,1.0,0.013676277130097092,28.182588201052084,169.36666666666667
5081,2,22,pitch_jump,2.0,0.042184052320298336,15.113149173517783,169.36666666666667
5081,2,26,pitch_jump,1.0,0.009208541546898411,22.613268443947607,169.36666666666667
5082,2,3,pitch_jump,1.0,0.01745939078124423,28.079157364578585,169.4
5082,2,12,pitch_jump,1.0,0.022881095530983265,20.587670485124146,169.4
5082,2,15,pitch_jump,1.0,0.016791826574376917,13.706552815777762,169.4
5082,2,19,pitch_jump,1.0,0.02440248567328534,14.346427958646007,169.4
5082,2,20,pitch_jump,1.0,0.04428770769883013,20.722336365455465,169.4
5082,2,21,pitch_jump,1.0,0.012157110629761705,17.513728153346367,169.4
5082,2,26,pitch_jump,1.0,0.012955408626602693,18.760258559304376,169.4
5083,2,3,pitch_jump,1.0,0.03597539872354486,17.252409326806767,169.43333333333334
5083,2,6,pitch_jump,1.0,0.054785208806921976,12.128119547665046,169.43333333333334
5083,2,12,pitch_jump,1.0,0.04469797075510424,28.386293877201155,169.43333333333334
5083,2,13,pitch_jump,1.0,0.023954637404905166,28.799085658669195,169.43333333333334
5083,2,14,pitch_jump,1.0,0.025556748845599764,15.32761515937493,169.43333333333334
5083,2,15,pitch_jump,1.0,0.03655447290184684,27.24724190403196,169.43333333333334
5083,2,20,pitch_jump,1.0,0.03442662677105342,23.584310676355035,169.43333333333334
5083,2,21,pitch_jump,1.0,0.013904757108382954,16.748404006380017,169.43333333333334
5083,2,26,pitch_jump,1.0,0.013324045177357626,15.537599054528714,169.43333333333334
5085,2,3,pitch_jump,1.0,0.007117035993314348,16.750325680883027,169.5
5085,2,4,pitch_jump,5.0,0.07963247537110761,19.086312347221494,169.5
5085,2,12,pitch_jump,1.0,0.025835579252299738,28.262622165031676,169.5
5085,2,13,pitch_jump,1.0,0.0081635966440769,16.416029029636483,169.5
5085,2,14,pitch_jump,1.0,0.02802439852862616,19.526992374047165,169.5
5085,2,15,pitch_jump,1.0,0.028809497941403958,21.28778266557021,169.5
5085,2,20,pitch_jump,1.0,0.011358447488225032,23.718111174644694,169.5
5085,2,21,pitch_jump,1.0,0.033194357941070146,16.19739770551846,169.5
5085,2,26,pitch_jump,1.0,0.02508261682999669,13.901479327474087,169.5
5086,2,3,pitch_jump,1.0,0.015719344287520337,18.480880808182366,169.53333333333333
5086,2,4,pitch_jump,1.0,0.21691306135274108,63.58358396248288,169.53333333333333
5086,2,6,pitch_jump,1.0,0.06929661260703114,18.83590667685697,169.53333333333333
5086,2,12,pitch_jump,1.0,0.0556401934287094,15.826308245373221,169.53333333333333
5086,2,15,pitch_jump,1.0,0.03382496804931592,24.347945893693275,169.53333333333333
5086,2,19,pitch_jump,1.0,0.005302150483205002,17.874106334624727,169.53333333333333
5086,2,20,pitch_jump,1.0,0.034660721934124096,25.01961213448558,169.53333333333333
5086,2,21,pitch_jump,1.0,0.024135000484265236,17.526718001378526,169.53333333333333
5086,2,26,pitch_jump,1.0,0.042868913798224176,19.43745981085017,169.53333333333333
5087,2,4,pitch_jump,1.0,0.12394495575322947,33.52523130466687,169.56666666666666
5087,2,15,pitch_jump,1.0,0.027706288743286497,12.293567545501224,169.56666666666666
5087,2,21,pitch_jump,1.0,0.008596902471182045,13.152934672079112,169.56666666666666
5087,2,26,pitch_jump,1.0,0.022150345262151556,13.636109447673686,169.56666666666666
5088,2,4,pitch_jump,1.0,0.06923050805067489,18.23232163250607,169.6
5089,2,3,pitch_jump,1.0,0.029546329538528888,22.734523749110668,169.63333333333333
5089,2,12,pitch_jump,1.0,0.07298851537825053,19.255865697127426,169.63333333333333
5089,2,14,pitch_jump,1.0,0.05689816256217077,16.861075810405225,169.63333333333333
5089,2,20,pitch_jump,1.0,0.0358422999540244,17.040518930033542,169.63333333333333
5089,2,21,pitch_jump,1.0,0.008834344305475568,13.478017548071525,169.63333333333333
5090,2,3,pitch_jump,1.0,0.03218948914104266,26.168133094227112,169.66666666666666
5090,2,12,pitch_jump,1.0,0.07195894447581813,17.262707698835058,169.66666666666666
5090,2,13,pitch_jump,1.0,0.05889573534879102,14.863091987057777,169.66666666666666
5090,2,15,pitch_jump,1.0,0.04470826789927339,21.54178063141291,169.66666666666666
5091,2,2,pitch_jump,1.0,0.06448523118462249,17.187044965945468,169.7
5092,2,2,pitch_jump,1.0,0.05851893397667413,22.392104907020258,169.73333333333332
5093,2,3,pitch_jump,1.0,0.025127328711810306,17.627578229223385,169.76666666666668
5093,2,15,pitch_jump,1.0,0.07225727160918675,13.46698087938064,169.76666666666668
5093,2,21,pitch_jump,1.0,0.012795052693060496,12.346756876117585,169.76666666666668
5095,2,3,pitch_jump,1.0,0.01587506353753441,17.942443348655758,169.83333333333334
5095,2,12,pitch_jump,1.0,0.050503400466972874,15.137861882288696,169.83333333333334
5095,2,21,pitch_jump,1.0,0.008169255423783432,15.107715184960282,169.83333333333334
5096,2,2,pitch_jump,1.0,0.03279854908896509,16.442184689243412,169.86666666666667
5098,2,15,pitch_jump,1.0,0.08334978422189415,30.065413356175256,169.93333333333334
5099,2,2,pitch_jump,1.0,0.03329023170220759,16.83573287549653,169.96666666666667
5099,2,3,pitch_jump,1.0,0.036440248505355675,12.102563618376731,169.96666666666667
5099,2,6,pitch_jump,1.0,0.10035907782364754,13.499190001228344,169.96666666666667
5099,2,15,pitch_jump,1.0,0.027948596285659398,12.210378122879739,169.96666666666667
5100,2,12,pitch_jump,1.0,0.03688661243860712,21.808158486574314,170.0
5100,2,13,pitch_jump,1.0,0.028051967284110944,18.997366248954346,170.0
5100,2,14,pitch_jump,1.0,0.021148997709416435,16.86128350575753,170.0
5100,2,15,pitch_jump,1.0,0.056530782189463315,15.126748714344053,170.0
5100,2,19,pitch_jump,1.0,0.01800884295452271,15.394380373947445,170.0
5100,2,20,pitch_jump,1.0,0.015087784196268448,17.723262115474377,170.0
5100,2,21,pitch_jump,1.0,0.012646194082357324,17.928921505142245,170.0
5100,2,26,pitch_jump,1.0,0.005796307559355551,16.392966096346345,170.0
5101,2,3,pitch_jump,1.0,0.054803166818060446,28.344039567816207,170.03333333333333
5101,2,12,pitch_jump,1.0,0.11362881268711647,27.224342288592666,170.03333333333333
5101,2,13,pitch_jump,1.0,0.10089414746773767,32.72839523439038,170.03333333333333
5101,2,14,pitch_jump,1.0,0.10256529615816874,25.150229333607886,170.03333333333333
5101,2,15,pitch_jump,1.0,0.01602225132094969,31.189789163283105,170.03333333333333
5101,2,19,pitch_jump,1.0,0.059631311602616865,21.179002875361956,170.03333333333333
5101,2,20,pitch_jump,1.0,0.08719106184322092,25.51290242590545,170.03333333333333
5101,2,21,pitch_jump,1.0,0.011096179003626642,21.51006525398875,170.03333333333333
5101,2,26,pitch_jump,1.0,0.052180959394832215,23.027717974002517,170.03333333333333
5102,2,2,pitch_jump,3.0,0.08456990790553164,29.9428132774599,170.06666666666666
5102,2,12,pitch_jump,1.0,0.1182817408264293,13.64975108401788,170.06666666666666
5104,2,2,pitch_jump,1.0,0.10084169031218215,55.14890846973803,170.13333333333333
5104,2,3,pitch_jump,1.0,0.06499574173320521,52.71277729702807,170.13333333333333
5104,2,4,pitch_jump,1.0,0.111194319767616,25.963413491017192,170.13333333333333
5104,2,6,pitch_jump,1.0,0.10584907295979391,27.024326819338075,170.13333333333333
5104,2,12,pitch_jump,1.0,0.12497060280337974,21.539454953091596,170.13333333333333
5104,2,13,pitch_jump,1.0,0.07334605504169316,34.7532215387885,170.13333333333333
5104,2,14,pitch_jump,1.0,0.11535617289882229,17.101368193099812,170.13333333333333
5104,2,21,pitch_jump,1.0,0.036538572836399594,33.84281061564791,170.13333333333333
5104,2,26,pitch_jump,1.0,0.031931766098191046,18.446605975690122,170.13333333333333
5105,2,2,pitch_jump,1.0,0.054098003073686736,37.33720185949742,170.16666666666666
5105,2,3,pitch_jump,1.0,0.054966686133217736,31.20915472709773,170.16666666666666
5105,2,4,pitch_jump,1.0,0.10605954607631694,27.273046769670888,170.16666666666666
5105,2,6,pitch_jump,1.0,0.11410307907524865,33.03140130436943,170.16666666666666
5105,2,12,pitch_jump,1.0,0.12267426763017995,19.118428082891473,170.16666666666666
5105,2,13,pitch_jump,1.0,0.08414012360294247,36.03017666833623,170.16666666666666
5105,2,14,pitch_jump,1.0,0.09148542318092714,22.54486288803726,170.16666666666666
5105,2,19,pitch_jump,1.0,0.07356462966913827,12.226447285874082,170.16666666666666
5105,2,21,pitch_jump,1.0,0.042521775394907216,20.074148475270096,170.16666666666666
5105,2,26,pitch_jump,1.0,0.006442489853085383,16.212828197131582,170.16666666666666
5106,2,2,pitch_jump,1.0,0.09421187023226432,27.596594381520138,170.2
5106,2,3,pitch_jump,1.0,0.026142127666051666,24.07557841925218,170.2
5106,2,12,pitch_jump,1.0,0.05625257530764001,14.032634856996495,170.2
5106,2,13,pitch_jump,1.0,0.0508259206884214,23.151183504047818,170.2
5106,2,14,pitch_jump,1.0,0.02971474108099954,14.13601667231368,170.2
5107,2,2,pitch_jump,1.0,0.16729327547338918,39.974624396379255,170.23333333333332
5107,2,3,pitch_jump,1.0,0.06778789236436096,17.64717912541925,170.23333333333332
5107,2,4,pitch_jump,1.0,0.1174909330095682,22.468505032454765,170.23333333333332
5107,2,6,pitch_jump,1.0,0.08690528104938883,22.30722942131337,170.23333333333332
5107,2,12,pitch_jump,1.0,0.1429828701022894,18.935941239675408,170.23333333333332
5107,2,13,pitch_jump,1.0,0.14228391020733766,28.9748279182593,170.23333333333332
5107,2,14,pitch_jump,1.0,0.09904560593101898,19.807588586762623,170.23333333333332
5107,2,19,pitch_jump,1.0,0.10416300140420681,14.532016222472137,170.23333333333332
5108,2,2,pitch_jump,1.0,0.0727696806095069,22.3123816226075,170.26666666666668
5108,2,4,pitch_jump,1.0,0.13135291500684107,13.938647706285298,170.26666666666668
5108,2,6,pitch_jump,1.0,0.07676108517577694,18.520723360206798,170.26666666666668
5108,2,12,pitch_jump,1.0,0.12602684010340975,25.543229054750643,170.26666666666668
5108,2,13,pitch_jump,1.0,0.14425224054438637,28.806359576966017,170.26666666666668
5108,2,14,pitch_jump,1.0,0.10997296641218975,24.413114511016968,170.26666666666668
5108,2,15,pitch_jump,4.0,0.0844608556722157,15.450856265998992,170.26666666666668
5108,2,21,pitch_jump,1.0,0.040969728307406535,14.519174867001706,170.26666666666668
5109,2,3,pitch_jump,1.0,0.042419738845778154,24.79440409920447,170.3
5109,2,4,pitch_jump,1.0,0.06971609145031527,12.41736885815352,170.3
5109,2,12,pitch_jump,1.0,0.05118944548868767,16.702016987305907,170.3
5109,2,13,pitch_jump,1.0,0.05956701793461544,28.391849826077245,170.3
5109,2,14,pitch_jump,1.0,0.039801627923030145,19.012975239880404,170.3
5109,2,19,pitch_jump,1.0,0.02513531350035135,21.183121909743267,170.3
5109,2,20,pitch_jump,1.0,0.08746698433480553,14.268601786398857,170.3
5109,2,21,pitch_jump,1.0,0.02020975030746205,23.019870873248266,170.3
5109,2,26,pitch_jump,1.0,0.02044461447892211,17.934182235860337,170.3
5110,2,2,pitch_jump,2.0,0.14118950282615272,31.859432353183358,170.33333333333334
5110,2,3,pitch_jump,1.0,0.10152550197213163,22.081450290889077,170.33333333333334
5110,2,12,pitch_jump,1.0,0.13847507420093985,28.974817303658778,170.33333333333334
5110,2,13,pitch_jump,1.0,0.1691972105074955,31.31798519125811,170.33333333333334
5110,2,14,pitch_jump,1.0,0.14544835462826403,23.27934718173871,170.33333333333334
5110,2,19,pitch_jump,1.0,0.09443236207149132,19.34396454880076,170.33333333333334
5110,2,20,pitch_jump,1.0,0.15142406536667094,22.04328143127714,170.33333333333334
5110,2,21,pitch_jump,1.0,0.1009279707222599,14.957993783213887,170.33333333333334
5110,2,26,pitch_jump,1.0,0.059260860014346044,15.756678072313228,170.33333333333334
5111,2,3,pitch_jump,1.0,0.08718236880708383,13.185090208851648,170.36666666666667
5111,2,12,pitch_jump,1.0,0.14608171028746644,16.979597578427544,170.36666666666667
5111,2,20,pitch_jump,1.0,0.12980822703096948,15.279929196608888,170.36666666666667
5111,2,21,pitch_jump,1.0,0.08878493885277819,23.56273056608057,170.36666666666667
5111,2,26,pitch_jump,1.0,0.07541566941503997,21.383528258163555,170.36666666666667
5112,2,3,pitch_jump,1.0,0.04599369758062644,667.7709392777914,170.4
5112,2,4,pitch_jump,1.0,0.08075602397317827,6874.398270680211,170.4
5112,2,12,pitch_jump,1.0,0.07598002938323593,2385.759665436996,170.4
5112,2,13,pitch_jump,1.0,0.10054872334866587,1942.4306455947597,170.4
5112,2,14,pitch_jump,1.0,0.07511575969695998,14084.007193547883,170.4
5112,2,19,pitch_jump,1.0,0.06956780483642773,132.3754155567106,170.4
5112,2,20,pitch_jump,1.0,0.0522532499012702,53.31315792292686,170.4
5112,2,21,pitch_jump,1.0,0.040043341361352576,302.74315861007767,170.4
5112,2,26,pitch_jump,1.0,0.021129377037681148,206.52918011078322,170.4
5113,2,3,pitch_jump,1.0,0.09040114274316521,879.0397436528953,170.43333333333334
5113,2,19,pitch_jump,1.0,0.11211655980541295,136.14791718248762,170.43333333333334
5113,2,20,pitch_jump,1.0,0.15249438733329249,64.74549320709517,170.43333333333334
5113,2,21,pitch_jump,1.0,0.11423611218780927,407.2738820295953,170.43333333333334
5113,2,26,pitch_jump,1.0,0.08756224525225038,276.5172290856323,170.43333333333334
5114,2,3,pitch_jump,1.0,0.07803747414101174,292.49619720792987,170.46666666666667
5114,2,12,pitch_jump,2.0,0.2009697025998928,1205.9118704489308,170.46666666666667
5114,2,13,pitch_jump,2.0,0.20727746078988685,969.0822393822125,170.46666666666667
5114,2,14,pitch_jump,2.0,0.17953926677709767,7038.966222273059,170.46666666666667
5114,2,20,pitch_jump,1.0,0.18102147167133673,19.44364215155095,170.46666666666667
5114,2,21,pitch_jump,1.0,0.1263690790410457,170.1609295705976,170.46666666666667
5114,2,26,pitch_jump,1.0,0.08092399531231297,95.75997822163562,170.46666666666667
5115,2,3,pitch_jump,1.0,0.040799786501281125,607.2764095239511,170.5
5115,2,12,pitch_jump,1.0,0.10640030798073227,124.26075455216889,170.5
5115,2,13,pitch_jump,1.0,0.1037309373146516,354.3890741351032,170.5
5115,2,14,pitch_jump,1.0,0.08449849514623403,177.25154119401154,170.5
5115,2,19,pitch_jump,1.0,0.06798164194051282,21.27012884388169,170.5
5115,2,20,pitch_jump,1.0,0.08482311782635273,44.496519097883954,170.5
5115,2,21,pitch_jump,1.0,0.04489834075197819,515.0562098226903,170.5
5115,2,26,pitch_jump,1.0,0.025828458649808945,225.1726185161859,170.5
5116,2,1,pitch_jump,3.0,0.27962537947249416,95.76088894019811,170.53333333333333
5116,2,3,pitch_jump,1.0,0.10451578406924747,421.1911574414918,170.53333333333333
5116,2,12,pitch_jump,1.0,0.2499172828697211,41.572695804507454,170.53333333333333
5116,2,13,pitch_jump,1.0,0.25827436837907747,78.15492241409211,170.53333333333333
5116,2,14,pitch_jump,1.0,0.20826260783355402,47.17591909819427,170.53333333333333
5116,2,20,pitch_jump,1.0,0.22594365141603145,29.329340619606775,170.53333333333333
5116,2,21,pitch_jump,1.0,0.13880584696071332,946.9847595456087,170.53333333333333
5116,2,26,pitch_jump,1.0,0.13916728885137858,179.19620691921503,170.53333333333333
5117,2,1,pitch_jump,1.0,0.37023919134008787,35.811885764603694,170.56666666666666
5117,2,3,pitch_jump,1.0,0.11969436481096009,170.04270192945447,170.56666666666666
5117,2,12,pitch_jump,1.0,0.24381230528553943,18.118947875550045,170.56666666666666
5117,2,13,pitch_jump,1.0,0.2555288269341062,20.33841988922511,170.56666666666666
5117,2,14,pitch_jump,1.0,0.22292179880235016,12.876979353149123,170.56666666666666
5117,2,20,pitch_jump,1.0,0.2268908939253676,21.019955596922298,170.56666666666666
5117,2,26,pitch_jump,1.0,0.1754378960562557,103.58521707916505,170.56666666666666
5118,2,1,pitch_jump,1.0,0.178016934732807,18.06144105455308,170.6
5118,2,3,pitch_jump,1.0,0.05665115565020958,28.345278442498614,170.6
5118,2,26,pitch_jump,1.0,0.06794245695286928,15.967097831703498,170.6
5119,2,26,pitch_jump,1.0,0.17072694847812436,48.05658357982974,170.63333333333333
5120,2,1,pitch_jump,1.0,0.3866481838827873,14.662248761983202,170.66666666666666
5120,2,13,pitch_jump,1.0,0.2618188578055227,15.428054563066194,170.66666666666666
5120,2,14,pitch_jump,1.0,0.24504451667749266,17.152008260818015,170.66666666666666
5120,2,19,pitch_jump,1.0,0.18688255243908114,36.13702702828808,170.66666666666666
5120,2,20,pitch_jump,1.0,0.25422120315664715,16.414813571778915,170.66666666666666
5120,2,26,pitch_jump,1.0,0.14847374461802962,155.73261024563698,170.66666666666666
5121,2,1,pitch_jump,1.0,0.19500776660405894,679.1431964682082,170.7
5121,2,2,pitch_jump,2.0,0.16801527910338296,223.63709461807548,170.7
5121,2,12,pitch_jump,1.0,0.12680564340245973,165.79351760651895,170.7
5121,2,13,pitch_jump,1.0,0.1220969136669295,446.7310435568601,170.7
5121,2,14,pitch_jump,1.0,0.11669249074701618,242.09852899528596,170.7
5121,2,19,pitch_jump,1.0,0.08185650223838328,15.92205199715088,170.7
5121,2,20,pitch_jump,1.0,0.12172897429562753,83.66771387155522,170.7
5121,2,22,pitch_jump,1.0,0.1397441454274553,318.9259449110382,170.7
5121,2,26,pitch_jump,1.0,0.04612508387967113,698.1352530792059,170.7
5122,2,12,pitch_jump,1.0,0.28257011842367236,16.39924371570804,170.73333333333332
5122,2,13,pitch_jump,1.0,0.2724220713596175,14.63683445347973,170.73333333333332
5122,2,14,pitch_jump,1.0,0.24568979407199035,14.087506145338022,170.73333333333332
5122,2,19,pitch_jump,1.0,0.19228703695035368,14.790603908005535,170.73333333333332
5122,2,20,pitch_jump,1.0,0.24667455652518508,13.435631387929716,170.73333333333332
5122,2,22,pitch_jump,1.0,0.31991012247850037,20.747684561335426,170.73333333333332
5122,2,26,pitch_jump,1.0,0.13378336385878972,12.57303431155903,170.73333333333332
5123,2,2,pitch_jump,2.0,0.2003047548115801,17.231274747558334,170.76666666666668
5123,2,12,pitch_jump,1.0,0.25410553516983997,22.573016311931383,170.76666666666668
5123,2,13,pitch_jump,1.0,0.2857113458633826,23.32322429601191,170.76666666666668
5123,2,15,pitch_jump,1.0,0.24559751983833286,20.69019372293541,170.76666666666668
5123,2,21,pitch_jump,1.0,0.1527052992454761,20.58195724135172,170.76666666666668
5123,2,26,pitch_jump,1.0,0.15647287647804112,12.282334888675425,170.76666666666668
5124,2,2,pitch_jump,1.0,0.08406643894199647,16.868352037808112,170.8
5124,2,13,pitch_jump,1.0,0.13569159492778365,19.038468604203228,170.8
5124,2,15,pitch_jump,1.0,0.09302112997857834,12.482501919901154,170.8
5125,1,1,pitch_jump,1.0,0.2689290728730497,109.1999942247089,170.83333333333334
5125,2,2,pitch_jump,1.0,0.2106370832247766,158.80656438999299,170.83333333333334
5125,2,12,pitch_jump,1.0,0.2542464907000576,77.81273059000756,170.83333333333334
5125,2,13,pitch_jump,1.0,0.26245736518778395,158.60879257095638,170.83333333333334
5125,2,14,pitch_jump,1.0,0.2321704033339058,96.19768163746714,170.83333333333334
5125,2,15,pitch_jump,1.0,0.21310910437839745,27.022710164481282,170.83333333333334
5125,2,19,pitch_jump,1.0,0.1656198007311448,23.658999095354577,170.83333333333334
5125,2,21,pitch_jump,1.0,0.17637364176818404,191.9151376228709,170.83333333333334
5125,2,26,pitch_jump,1.0,0.1667729170590839,93.1918020549843,170.83333333333334
5126,2,23,pitch_jump,3.0,0.2292039747943643,29.523031719901258,170.86666666666667
5127,2,13,pitch_jump,1.0,0.12754438923350764,17.824568787999407,170.9
5127,2,14,pitch_jump,1.0,0.08617987014211387,13.455544267687356,170.9
5128,2,12,pitch_jump,1.0,0.2883793107008746,14.258781198217646,170.93333333333334
5128,2,13,pitch_jump,1.0,0.2768886501872227,13.022471396803544,170.93333333333334
5128,2,14,pitch_jump,1.0,0.2209961650766129,12.862978341630857,170.93333333333334
5128,2,15,pitch_jump,1.0,0.23796848710411467,12.626532424467976,170.93333333333334
5128,2,19,pitch_jump,1.0,0.17292999508308965,16.520791510378306,170.93333333333334
5128,2,21,pitch_jump,1.0,0.15476470402952203,16.04872549218476,170.93333333333334
5128,2,23,pitch_jump,1.0,0.2612650787108428,16.44063220088303,170.93333333333334
5128,2,26,pitch_jump,1.0,0.17338848429742285,17.220607913786917,170.93333333333334
5129,2,21,pitch_jump,1.0,0.1512424957445356,14.631726983942885,170.96666666666667
5129,2,23,pitch_jump,1.0,0.2587000827446921,12.98923264333192,170.96666666666667
5130,2,2,pitch_jump,1.0,0.17434342782826795,37.956566233034465,171.0
5130,2,12,pitch_jump,1.0,0.11763226620127032,13.527355772779222,171.0
5130,2,13,pitch_jump,1.0,0.11008640038760369,19.395446043538957,171.0
5130,2,14,pitch_jump,1.0,0.08763624307416455,15.560752508380792,171.0
5130,2,15,pitch_jump,1.0,0.08997347061846347,16.347160088341724,171.0
5130,2,19,pitch_jump,1.0,0.08395206888827617,20.633531485080095,171.0
5130,2,20,pitch_jump,1.0,0.14627981324034672,13.466705337799764,171.0
5130,2,21,pitch_jump,1.0,0.06029462170685371,19.09648209801099,171.0
5130,2,26,pitch_jump,1.0,0.01873060910515431,21.952677352155963,171.0
5131,2,2,pitch_jump,1.0,0.2201172751913593,26.3323070721511,171.03333333333333
5131,2,12,pitch_jump,1.0,0.24946633667495915,14.976263715781359,171.03333333333333
5131,2,14,pitch_jump,1.0,0.21422410556000518,12.82755689736623,171.03333333333333
5131,2,15,pitch_jump,1.0,0.2336582880364246,13.989937976220105,171.03333333333333
5131,2,20,pitch_jump,1.0,0.2719519019576455,16.516713657660752,171.03333333333333
5131,2,21,pitch_jump,1.0,0.16661329969144884,19.09959106751827,171.03333333333333
5132,2,2,pitch_jump,1.0,0.2809908449043974,47.553589139674855,171.06666666666666
5132,2,13,pitch_jump,1.0,0.22526378820961196,17.258460945671615,171.06666666666666
5132,2,14,pitch_jump,1.0,0.19707822506764497,16.264438700441094,171.06666666666666
5132,2,19,pitch_jump,1.0,0.14481159123220447,13.85153488640526,171.06666666666666
5132,2,21,pitch_jump,1.0,0.14061756231337766,13.385212964161704,171.06666666666666
5132,2,26,pitch_jump,1.0,0.11866487294722985,12.803418204334985,171.06666666666666
5133,2,13,pitch_jump,1.0,0.10831269521617136,16.643085090970306,171.1
5133,2,14,pitch_jump,1.0,0.08371072943681884,12.271398354428744,171.1
5134,2,15,pitch_jump,1.0,0.22665412024770112,19.651423894410538,171.13333333333333
5134,2,21,pitch_jump,1.0,0.1317944884017227,12.438186392629971,171.13333333333333
5135,2,13,pitch_jump,1.0,0.19376173429870647,20.390815956668533,171.16666666666666
5135,2,14,pitch_jump,1.0,0.16676794579533927,17.723619036084038,171.16666666666666
5135,2,19,pitch_jump,1.0,0.12495002018524028,24.118137693343243,171.16666666666666
5135,2,20,pitch_jump,1.0,0.20334530896147893,15.4222920241975,171.16666666666666
5135,2,21,pitch_jump,1.0,0.11015378909785374,16.589490971093955,171.16666666666666
5135,2,26,pitch_jump,1.0,0.10465375134597815,12.975423804222146,171.16666666666666
5136,2,13,pitch_jump,1.0,0.08146554810723124,14.396582869354654,171.2
5136,2,14,pitch_jump,1.0,0.07704342778948853,12.406480994512318,171.2
5137,2,13,pitch_jump,1.0,0.16760422325683347,16.00839910774234,171.23333333333332
5137,2,15,pitch_jump,1.0,0.1639383820816221,17.90739109717421,171.23333333333332
5137,2,20,pitch_jump,1.0,0.19114169875414544,13.860732334980666,171.23333333333332
5137,2,21,pitch_jump,1.0,0.10414835209736319,18.101662254552547,171.23333333333332
5137,2,26,pitch_jump,1.0,0.11672450892043723,18.593281362221607,171.23333333333332
5138,2,13,pitch_jump,1.0,0.15363473202036365,12.822891001347061,171.26666666666668
5138,2,21,pitch_jump,1.0,0.09310635610817068,16.027709602793674,171.26666666666668
5138,2,26,pitch_jump,1.0,0.10781539773186988,13.22325557724233,171.26666666666668
5139,2,13,pitch_jump,1.0,0.053320121168635284,17.97441137740126,171.3
5139,2,14,pitch_jump,1.0,0.05380560199536681,14.133347759833635,171.3
5139,2,19,pitch_jump,1.0,0.03803956120945241,15.603474691282148,171.3
5139,2,26,pitch_jump,1.0,0.03662172312823295,15.424336299381652,171.3
5140,2,12,pitch_jump,1.0,0.17548896049345408,23.526173245344463,171.33333333333334
5140,2,13,pitch_jump,1.0,0.14827613069460346,19.30190921485709,171.33333333333334
5140,2,14,pitch_jump,1.0,0.12166216144746789,15.635517120885776,171.33333333333334
5140,2,20,pitch_jump,1.0,0.1823802709465756,16.760495237822628,171.33333333333334
5140,2,21,pitch_jump,1.0,0.0757143710737894,18.40209619985976,171.33333333333334
5140,2,26,pitch_jump,1.0,0.04126414933494542,20.987021854641387,171.33333333333334
5141,2,12,pitch_jump,1.0,0.14258575628443002,15.913676561611327,171.36666666666667
5142,2,12,pitch_jump,1.0,0.05184159201281715,15.231879025077381,171.4
5142,2,13,pitch_jump,1.0,0.07177292133899961,13.057179202924448,171.4
5142,2,15,pitch_jump,1.0,0.0795705116438268,22.539915588127975,171.4
5142,2,21,pitch_jump,1.0,0.030882284326932193,16.227588400737346,171.4
5142,2,26,pitch_jump,1.0,0.030810819373236216,15.050935538357761,171.4
5143,2,19,pitch_jump,1.0,0.08045700612511456,14.177244972330126,171.43333333333334
5143,2,21,pitch_jump,1.0,0.09601789836520136,21.824569216266905,171.43333333333334
5143,2,26,pitch_jump,1.0,0.07970083525189789,16.817289839548987,171.43333333333334
5144,2,12,pitch_jump,1.0,0.11993891068720425,12.260632621466996,171.46666666666667
5144,2,13,pitch_jump,1.0,0.1130855726504416,17.256771509321073,171.46666666666667
5144,2,14,pitch_jump,1.0,0.10141020365545583,16.05632799440702,171.46666666666667
5145,2,19,pitch_jump,1.0,0.010256275361892893,12.136325349942174,171.5
5145,2,21,pitch_jump,1.0,0.019360456650081778,12.29377726584331,171.5
5145,2,26,pitch_jump,1.0,0.02961484786951466,12.639588266609808,171.5
5146,2,12,pitch_jump,1.0,0.12042101712843584,12.522644535007814,171.53333333333333
5146,2,13,pitch_jump,1.0,0.13581658849296116,17.813184462196062,171.53333333333333
5146,2,14,pitch_jump,1.0,0.11246261161324814,21.32340743552701,171.53333333333333
5146,2,19,pitch_jump,1.0,0.07279381588817738,17.047718823105114,171.53333333333333
5147,2,4,pitch_jump,1.0,0.03320894019392417,18.46132978828897,171.56666666666666
5147,2,12,pitch_jump,1.0,0.10617709515492416,22.098367214637296,171.56666666666666
5147,2,13,pitch_jump,1.0,0.11124466853400294,21.233551754466603,171.56666666666666
5147,2,14,pitch_jump,1.0,0.10768058578008953,15.488172527379007,171.56666666666666
5149,2,2,pitch_jump,1.0,0.16151095716757674,14.014496775974708,171.63333333333333
5149,2,21,pitch_jump,1.0,0.0551509207471462,12.391057105040211,171.63333333333333
5149,2,26,pitch_jump,1.0,0.06053544929286183,13.467440553857578,171.63333333333333
5150,2,4,pitch_jump,1.0,0.08872494455241821,29.556737148808164,171.66666666666666
5150,2,12,pitch_jump,1.0,0.11966899137863928,48.033934911256274,171.66666666666666
5150,2,13,pitch_jump,1.0,0.09210750402853082,96.29425194294426,171.66666666666666
5150,2,14,pitch_jump,1.0,0.10654327489613455,91.62508234380822,171.66666666666666
5150,2,19,pitch_jump,1.0,0.05838998867380624,83.67849973876824,171.66666666666666
5150,2,26,pitch_jump,1.0,0.04566091761000396,25.3935761703496,171.66666666666666
5151,2,2,pitch_jump,1.0,0.06869665418378838,14.004982684195424,171.7
5151,2,4,pitch_jump,1.0,0.014448338790868242,28.78865487010677,171.7
5151,2,12,pitch_jump,1.0,0.03796881357439692,45.025256204478914,171.7
5151,2,13,pitch_jump,1.0,0.039465351528161725,97.71810324056932,171.7
5151,2,14,pitch_jump,1.0,0.044441202553291544,87.13047284715672,171.7
5151,2,19,pitch_jump,1.0,0.020195549380480377,81.39828176942093,171.7
5151,2,26,pitch_jump,1.0,0.017905603185962612,19.3852009289503,171.7
5152,2,4,pitch_jump,1.0,0.10021410925024814,26.17379805963453,171.73333333333332
5152,2,12,pitch_jump,1.0,0.1053000032037931,42.86064578379786,171.73333333333332
5152,2,13,pitch_jump,1.0,0.07971450718426742,86.17211221708662,171.73333333333332
5152,2,14,pitch_jump,1.0,0.10368691786105318,85.38328303032054,171.73333333333332
5152,2,19,pitch_jump,1.0,0.05731510913693792,83.16035334072996,171.73333333333332
5152,2,21,pitch_jump,1.0,0.053073633465551426,20.58489758714362,171.73333333333332
5152,2,26,pitch_jump,1.0,0.06126407942635732,31.343217533453217,171.73333333333332
5153,2,4,pitch_jump,1.0,0.0657475448792703,23.849447341692166,171.76666666666668
5153,2,12,pitch_jump,1.0,0.09070552142348423,38.19154969882274,171.76666666666668
5153,2,13,pitch_jump,1.0,0.07385136960812524,85.87231927020385,171.76666666666668
5153,2,14,pitch_jump,1.0,0.07646234653357338,79.28194243349463,171.76666666666668
5153,2,19,pitch_jump,1.0,0.05260451477707915,77.02560248063864,171.76666666666668
5153,2,21,pitch_jump,1.0,0.013590733885736315,17.08719176723917,171.76666666666668
5153,2,26,pitch_jump,1.0,0.03414012918635924,23.231933787121854,171.76666666666668
5154,2,4,pitch_jump,1.0,0.002630643302905754,24.679370897658746,171.8
5154,2,12,pitch_jump,1.0,0.026226297083161466,52.080110350568305,171.8
5154,2,13,pitch_jump,1.0,0.01733814334778906,107.04635436640393,171.8
5154,2,14,pitch_jump,1.0,0.02915318415191817,99.10841176784812,171.8
5154,2,19,pitch_jump,1.0,0.033631287323147,94.62298565908823,171.8
5154,2,26,pitch_jump,1.0,0.010214772366665641,18.801902674619843,171.8
5155,2,4,pitch_jump,1.0,0.0516449409765018,29.07589384537334,171.83333333333334
5155,2,12,pitch_jump,1.0,0.08140607325044946,41.02346808412599,171.83333333333334
5155,2,13,pitch_jump,1.0,0.06791159493742317,93.14309547585165,171.83333333333334
5155,2,14,pitch_jump,1.0,0.06776164750963143,90.65411028498414,171.83333333333334
5155,2,19,pitch_jump,1.0,0.058205112026434636,91.10344673471282,171.83333333333334
5155,2,21,pitch_jump,1.0,0.03814940961506407,35.85832353105011,171.83333333333334
5155,2,26,pitch_jump,1.0,0.0206411037027627,43.439540698258746,171.83333333333334
5156,2,2,pitch_jump,1.0,0.1057906981189148,14.779312116182275,171.86666666666667
5156,2,4,pitch_jump,1.0,0.0331510178026651,16.42942425455731,171.86666666666667
5156,2,12,pitch_jump,1.0,0.06429430026448847,14.28190819564455,171.86666666666667
5156,2,21,pitch_jump,1.0,0.015121049299476207,14.142513192750423,171.86666666666667
5156,2,26,pitch_jump,1.0,0.01988885061050586,16.780268051092428,171.86666666666667
5157,2,4,pitch_jump,1.0,0.006472847547259406,35.43613287188408,171.9
5157,2,12,pitch_jump,1.0,0.017356873740018354,64.48248349865435,171.9
5157,2,13,pitch_jump,1.0,0.01722254228571647,165.3946597766699,171.9
5157,2,14,pitch_jump,1.0,0.022570542836755043,155.89627112944888,171.9
5157,2,19,pitch_jump,1.0,0.007750152735776678,148.46181589444964,171.9
5157,2,21,pitch_jump,1.0,0.022905989537435795,31.856369296940052,171.9
5157,2,26,pitch_jump,1.0,0.003893843141768864,41.680045648246264,171.9
5158,2,4,pitch_jump,1.0,0.020960210352860525,20.228040726263814,171.93333333333334
5158,2,12,pitch_jump,1.0,0.04951679002622863,24.059327720271124,171.93333333333334
5158,2,13,pitch_jump,1.0,0.04576217433521346,48.381463459696526,171.93333333333334
5158,2,14,pitch_jump,1.0,0.057045718415798745,40.40226603239673,171.93333333333334
5158,2,19,pitch_jump,1.0,0.029184359606451077,35.3598209470643,171.93333333333334
5158,2,26,pitch_jump,1.0,0.023670855792028645,13.935546137359964,171.93333333333334
5159,2,12,pitch_jump,1.0,0.028885485288857114,19.926056074196442,171.96666666666667
5159,2,13,pitch_jump,1.0,0.01857220107949923,64.84697529222211,171.96666666666667
5159,2,14,pitch_jump,1.0,0.05895007868191904,65.74981487918944,171.96666666666667
5159,2,19,pitch_jump,1.0,0.01873596591508859,62.52103595059096,171.96666666666667
5159,2,21,pitch_jump,1.0,0.01950131359874192,12.216883824759432,171.96666666666667
5159,2,26,pitch_jump,1.0,0.0068733834395085566,17.285385962042866,171.96666666666667
5160,2,4,pitch_jump,1.0,0.0163949234719712,36.79515335428943,172.0
5160,2,12,pitch_jump,1.0,0.0037029210874698153,71.27846873229167,172.0
5160,2,13,pitch_jump,1.0,0.01426564468060079,183.0380685689005,172.0
5160,2,14,pitch_jump,1.0,0.034101401210946375,172.15098573596956,172.0
5160,2,19,pitch_jump,1.0,0.005434118215494977,164.9487822490106,172.0
5160,2,21,pitch_jump,1.0,0.022567004634178513,24.532227587713724,172.0
5160,2,26,pitch_jump,1.0,0.02509008199202933,35.1327431009433,172.0
5161,2,4,pitch_jump,1.0,0.014544776808046085,12.157898003925027,172.03333333333333
5161,2,14,pitch_jump,1.0,0.0617018847182686,14.832561117577892,172.03333333333333
5161,2,19,pitch_jump,1.0,0.023597125051134468,21.020749413482196,172.03333333333333
5161,2,26,pitch_jump,1.0,0.025076112214562074,21.555889520772173,172.03333333333333
5162,2,21,pitch_jump,1.0,0.02352531543466667,15.859441421914653,172.06666666666666
5164,2,4,pitch_jump,1.0,0.05214553580807497,23.61739821351063,172.13333333333333
5164,2,12,pitch_jump,1.0,0.01620727764008627,60.53873377495027,172.13333333333333
5164,2,13,pitch_jump,1.0,0.004736283445093269,146.07581986832741,172.13333333333333
5164,2,14,pitch_jump,1.0,0.04148188605437452,144.21116188095098,172.13333333333333
5164,2,19,pitch_jump,1.0,0.003928270311593734,135.82089870417877,172.13333333333333
5164,2,21,pitch_jump,1.0,0.019488528867540978,32.99062642286904,172.13333333333333
5164,2,26,pitch_jump,1.0,0.017810851744142705,32.12424080708616,172.13333333333333
5165,2,4,pitch_jump,1.0,0.0546328317660728,21.817008561210095,172.16666666666666
5165,2,12,pitch_jump,1.0,0.017165838781313534,18.17087287503819,172.16666666666666
5165,2,14,pitch_jump,1.0,0.0435208573633051,23.17534234618124,172.16666666666666
5165,2,19,pitch_jump,1.0,0.01705156906930655,20.48408167928022,172.16666666666666
5165,2,21,pitch_jump,1.0,0.02796723032923666,15.118596725428095,172.16666666666666
5165,2,26,pitch_jump,1.0,0.03843211287232756,18.184498999461805,172.16666666666666
5166,2,2,pitch_jump,1.0,0.04893413909464912,18.878673287380373,172.2
5166,2,4,pitch_jump,1.0,0.03832776726267717,23.024090500701227,172.2
5166,2,12,pitch_jump,1.0,0.02241437766569938,64.16306747517423,172.2
5166,2,13,pitch_jump,1.0,0.03792499742772613,169.72111754554118,172.2
5166,2,14,pitch_jump,1.0,0.012740944814984178,156.2174513448289,172.2
5166,2,19,pitch_jump,1.0,0.012847468196514411,144.37140843169817,172.2
5166,2,21,pitch_jump,1.0,0.02826241283187845,16.599291928774072,172.2
5166,2,26,pitch_jump,1.0,0.023463035279889907,26.9670859793959,172.2
5167,2,4,pitch_jump,1.0,0.04388819830672335,18.68255711117962,172.23333333333332
5167,2,12,pitch_jump,1.0,0.031639137185906684,63.49432769558705,172.23333333333332
5167,2,13,pitch_jump,1.0,0.02890567919604079,182.4581763398537,172.23333333333332
5167,2,14,pitch_jump,1.0,0.024391730061160705,183.60497361003368,172.23333333333332
5167,2,19,pitch_jump,1.0,0.01398797085204828,172.4950575699707,172.23333333333332
5167,2,21,pitch_jump,1.0,0.025163390441605732,28.976531774237692,172.23333333333332
5167,2,26,pitch_jump,1.0,0.02381872503392347,43.891814892006735,172.23333333333332
5168,2,4,pitch_jump,1.0,0.08576066933601657,21.455168973818072,172.26666666666668
5168,2,12,pitch_jump,1.0,0.03905302951732312,18.216455341384737,172.26666666666668
5168,2,13,pitch_jump,1.0,0.04785007570180753,25.510010144030982,172.26666666666668
5168,2,14,pitch_jump,1.0,0.007858418260569345,15.65579043639001,172.26666666666668
5168,2,19,pitch_jump,1.0,0.027035933703873374,16.507720690867757,172.26666666666668
5168,2,21,pitch_jump,1.0,0.01616346005067026,13.939339693048089,172.26666666666668
5168,2,26,pitch_jump,1.0,0.04421312253799341,15.07781101394017,172.26666666666668
5169,2,12,pitch_jump,1.0,0.04175084841358503,13.59398188516544,172.3
5169,2,13,pitch_jump,1.0,0.03224142194156941,20.593970664084708,172.3
5169,2,14,pitch_jump,1.0,0.003765180334136164,23.520574857312532,172.3
5169,2,19,pitch_jump,1.0,0.02132523581091066,17.814541439727904,172.3
5169,2,21,pitch_jump,1.0,0.014492555837485575,13.43252644116149,172.3
5169,2,26,pitch_jump,1.0,0.02948101635673032,13.042213546605355,172.3
5170,2,13,pitch_jump,1.0,0.05632162092719831,13.828954378504086,172.33333333333334
5171,2,12,pitch_jump,1.0,0.09640835297579875,18.461712652282657,172.36666666666667
5171,2,13,pitch_jump,1.0,0.06519633828903716,25.750651429721344,172.36666666666667
5171,2,14,pitch_jump,1.0,0.009759638298377137,22.853813472391657,172.36666666666667
5171,2,19,pitch_jump,1.0,0.03988698739144364,23.402983792969433,172.36666666666667
5172,2,13,pitch_jump,1.0,0.05123005528002743,27.52397918260173,172.4
5172,2,19,pitch_jump,1.0,0.04228112837360811,14.626161454555167,172.4
5173,2,13,pitch_jump,1.0,0.06517207240730728,23.418580221867543,172.43333333333334
5173,2,14,pitch_jump,1.0,0.007259845298355566,14.328997688049546,172.43333333333334
5173,2,19,pitch_jump,1.0,0.0662593375851542,20.978331761383284,172.43333333333334
5174,2,13,pitch_jump,1.0,0.07323394734644588,14.411986048721724,172.46666666666667
5174,2,14,pitch_jump,1.0,0.019928734833687418,16.0445159166074,172.46666666666667
5175,2,2,pitch_jump,1.0,0.013133213282611566,14.117206153630365,172.5
5175,2,13,pitch_jump,1.0,0.05876312240682203,14.181796527531503,172.5
5175,2,19,pitch_jump,1.0,0.035884818905700264,12.35498515234043,172.5
5176,2,4,pitch_jump,1.0,0.03192694880166667,14.302911467121962,172.53333333333333
5176,2,12,pitch_jump,1.0,0.0661943772624149,47.919809480171864,172.53333333333333
5176,2,13,pitch_jump,1.0,0.07273110723177897,143.02996736769055,172.53333333333333
5176,2,14,pitch_jump,1.0,0.025571771171780472,147.9956287122152,172.53333333333333
5176,2,19,pitch_jump,1.0,0.0480221525439309,138.321730487897,172.53333333333333
5176,2,21,pitch_jump,1.0,0.04037402087253456,29.001165061651772,172.53333333333333
5176,2,26,pitch_jump,1.0,0.05071797807828304,35.259993225734036,172.53333333333333
5177,2,4,pitch_jump,1.0,0.13358807467838943,15.51506750090591,172.56666666666666
5177,2,14,pitch_jump,1.0,0.02853094175766768,18.473913318359436,172.56666666666666
5177,2,19,pitch_jump,1.0,0.06777901573079596,15.005373339901576,172.56666666666666
5177,2,21,pitch_jump,1.0,0.02955382348612519,12.12008970084611,172.56666666666666
5178,2,14,pitch_jump,1.0,0.020232019026127476,13.112409778099119,172.6
5179,2,4,pitch_jump,1.0,0.08351621676095565,16.914256120485373,172.63333333333333
5179,2,12,pitch_jump,1.0,0.05488628649827301,39.91123441683654,172.63333333333333
5179,2,13,pitch_jump,1.0,0.0704300385337482,148.76514658483086,172.63333333333333
5179,2,14,pitch_jump,1.0,0.014855471760455513,172.63583985192062,172.63333333333333
5179,2,19,pitch_jump,1.0,0.0549730963536535,150.6185660737046,172.63333333333333
5179,2,21,pitch_jump,1.0,0.0573521576953112,31.260769402330443,172.63333333333333
5179,2,22,pitch_jump,1.0,0.04875033821533083,53.252513087195524,172.63333333333333
5179,2,26,pitch_jump,1.0,0.0382689465428287,43.47118834937776,172.63333333333333
5180,2,12,pitch_jump,1.0,0.06789982940950196,23.55419562905151,172.66666666666666
5180,2,13,pitch_jump,1.0,0.07919881427284362,44.514538626814385,172.66666666666666
5180,2,14,pitch_jump,1.0,0.010829987780521123,32.23903172949607,172.66666666666666
5180,2,19,pitch_jump,1.0,0.06074660926238953,27.59833578645936,172.66666666666666
5181,2,13,pitch_jump,1.0,0.060466716471285833,14.235708149104072,172.7
5181,2,14,pitch_jump,1.0,0.013995086453873781,19.8782184064302,172.7
5181,2,19,pitch_jump,1.0,0.03230730333010623,13.035062009512462,172.7
5182,2,4,pitch_jump,1.0,0.06239438381964675,12.883935690220168,172.73333333333332
5183,2,4,pitch_jump,1.0,0.08082857823211516,20.156690331107207,172.76666666666668
5184,2,13,pitch_jump,1.0,0.04463859632286208,14.752435216234788,172.8
5184,2,14,pitch_jump,1.0,0.013039216224061864,17.477899087792583,172.8
5185,2,2,pitch_jump,1.0,0.021672094589095345,13.067648966774,172.83333333333334
5185,2,4,pitch_jump,1.0,0.040163750186367836,26.148212179108427,172.83333333333334
5185,2,12,pitch_jump,1.0,0.06816551393369058,51.833379116688,172.83333333333334
5185,2,13,pitch_jump,1.0,0.07826256176259035,164.9617061580714,172.83333333333334
5185,2,14,pitch_jump,1.0,0.02508391524709309,186.79036178358598,172.83333333333334
5185,2,19,pitch_jump,1.0,0.045611914475075545,169.09435050544184,172.83333333333334
5185,2,21,pitch_jump,1.0,0.04080851150783616,30.167751180261135,172.83333333333334
5185,2,26,pitch_jump,1.0,0.06562224919713572,50.52170012106318,172.83333333333334
5186,2,4,pitch_jump,1.0,0.08022470522087313,19.544379399116053,172.86666666666667
5187,2,4,pitch_jump,1.0,0.029492512058990547,17.68501815155544,172.9
5187,2,14,pitch_jump,1.0,0.017894714451864985,18.296771628318293,172.9
5187,2,19,pitch_jump,1.0,0.02379679821946563,12.75974217285262,172.9
5189,2,14,pitch_jump,1.0,0.002755863145847502,12.332717304667034,172.96666666666667
5190,2,12,pitch_jump,1.0,0.043454653156933316,13.549910659623079,173.0
5190,2,13,pitch_jump,1.0,0.06419811135211727,15.366712051817276,173.0
5190,2,22,pitch_jump,1.0,0.04134322901102006,16.355662482959065,173.0
5191,2,12,pitch_jump,1.0,0.055133359591719944,15.043565555567247,173.03333333333333
5191,2,13,pitch_jump,1.0,0.07011497430145953,22.251137963328024,173.03333333333333
5191,2,14,pitch_jump,1.0,0.0104245762654616,12.611904419186436,173.03333333333333
5191,2,21,pitch_jump,1.0,0.0555341445670114,14.115528523383778,173.03333333333333
5194,2,12,pitch_jump,1.0,0.08456819686940319,14.493045058308379,173.13333333333333
5194,2,13,pitch_jump,1.0,0.06517298618391527,13.374298944215568,173.13333333333333
5194,2,22,pitch_jump,1.0,0.037100587334023924,13.90870784083772,173.13333333333333
5195,2,12,pitch_jump,1.0,0.08610079373871053,19.761086329535146,173.16666666666666
5196,2,4,pitch_jump,1.0,0.024642691692199375,21.95179308343146,173.2
5196,2,12,pitch_jump,1.0,0.06177083031227513,45.54198251078133,173.2
5196,2,13,pitch_jump,1.0,0.040313434722856166,146.4771264384481,173.2
5196,2,14,pitch_jump,1.0,0.008024396393799689,192.18903926511612,173.2
5196,2,19,pitch_jump,1.0,0.022598310342245444,152.29135438446437,173.2
5196,2,21,pitch_jump,1.0,0.02158226282506373,28.323162041374385,173.2
5196,2,22,pitch_jump,2.0,0.02598518360833249,29.084791845897282,173.2
5196,2,26,pitch_jump,1.0,0.012057650659100676,43.77009642209315,173.2
5197,2,14,pitch_jump,1.0,0.016377497627492955,15.125196133595079,173.23333333333332
5197,2,26,pitch_jump,1.0,0.03393265447670167,13.108337160842702,173.23333333333332
5198,2,4,pitch_jump,1.0,0.028883093069994304,19.396213238251622,173.26666666666668
5198,2,12,pitch_jump,1.0,0.06943909941133795,54.91730416405833,173.26666666666668
5198,2,13,pitch_jump,1.0,0.07244818141902355,155.14440834780487,173.26666666666668
5198,2,14,pitch_jump,1.0,0.023448824435486074,192.01619593310448,173.26666666666668
5198,2,19,pitch_jump,1.0,0.036679573238680103,154.05260960086855,173.26666666666668
5198,2,21,pitch_jump,1.0,0.06125512516279036,18.778813155682613,173.26666666666668
5198,2,26,pitch_jump,1.0,0.03879455429764896,32.42036511792309,173.26666666666668
5199,2,22,pitch_jump,3.0,0.02246360387296337,21.426347093786728,173.3
5201,2,2,pitch_jump,1.0,0.011886135888568582,12.400094034388538,173.36666666666667
5201,2,4,pitch_jump,1.0,0.015329305279463187,12.236834106822185,173.36666666666667
5201,2,12,pitch_jump,1.0,0.07318631256390533,17.7450062274534,173.36666666666667
5202,2,2,pitch_jump,1.0,0.01169523826841841,14.151039357401627,173.4
5202,2,13,pitch_jump,1.0,0.0462334887796898,13.375042253526676,173.4
5202,2,14,pitch_jump,1.0,0.011151477783147519,13.788577354476995,173.4
5202,2,19,pitch_jump,1.0,0.041418978464535405,15.148365166478147,173.4
5202,2,21,pitch_jump,1.0,0.03180377590245452,12.614188783283549,173.4
5202,2,26,pitch_jump,1.0,0.025598232025401867,12.535368295185481,173.4
5203,2,13,pitch_jump,1.0,0.05941111558391538,12.978572363804778,173.43333333333334
5203,2,14,pitch_jump,1.0,0.019648691624196257,19.74687038499453,173.43333333333334
5206,2,13,pitch_jump,1.0,0.09172527580114444,19.150546266836617,173.53333333333333
5206,2,14,pitch_jump,1.0,0.0010854194120088457,17.55860665402559,173.53333333333333
5206,2,19,pitch_jump,1.0,0.022404297523503546,13.522838964522114,173.53333333333333
5210,2,19,pitch_jump,1.0,0.024519654156277222,12.592318377588,173.66666666666666
5210,2,21,pitch_jump,1.0,0.051970656333584324,16.292787510282956,173.66666666666666
5210,2,26,pitch_jump,1.0,0.011881672762667944,12.610577449543507,173.66666666666666
5215,2,13,pitch_jump,1.0,0.06335823011064534,14.376751894973552,173.83333333333334
5216,2,12,pitch_jump,1.0,0.050765179215367204,14.426229487752352,173.86666666666667
5217,2,2,pitch_jump,1.0,0.0182142314213257,12.184190186672641,173.9
5219,2,13,pitch_jump,1.0,0.06518646244429305,12.693604613983071,173.96666666666667
5220,2,13,pitch_jump,1.0,0.06689470505611646,15.945522949931695,174.0
5220,2,14,pitch_jump,1.0,0.02088850855976196,16.810696419775027,174.0
5220,2,19,pitch_jump,1.0,0.015350998485985307,13.089749600542307,174.0
5221,2,4,pitch_jump,1.0,0.03002043362947741,13.04677519436883,174.03333333333333
5221,2,13,pitch_jump,1.0,0.08917274569936533,25.680765451823778,174.03333333333333
5221,2,14,pitch_jump,1.0,0.019134651340544904,21.475790452231834,174.03333333333333
5221,2,19,pitch_jump,1.0,0.014759175509121194,16.731833952630076,174.03333333333333
5222,2,4,pitch_jump,1.0,0.03644146037949101,21.188378810169187,174.06666666666666
5222,2,12,pitch_jump,1.0,0.030003925670739257,38.99725387258361,174.06666666666666
5222,2,13,pitch_jump,1.0,0.0657092403732089,117.29123412566872,174.06666666666666
5222,2,14,pitch_jump,1.0,0.02345205621491839,202.5191094466342,174.06666666666666
5222,2,19,pitch_jump,1.0,0.010059087054092907,126.95256766506691,174.06666666666666
5222,2,22,pitch_jump,1.0,0.03752503383956934,63.13451101583909,174.06666666666666
5222,2,26,pitch_jump,1.0,0.004861466423979599,34.18992795356581,174.06666666666666
5223,2,4,pitch_jump,1.0,0.02191137932798554,21.523388772192767,174.1
5223,2,12,pitch_jump,1.0,0.023922607548860202,39.83767054996222,174.1
5223,2,13,pitch_jump,1.0,0.037121531648340596,127.97063690408334,174.1
5223,2,14,pitch_jump,1.0,0.019249720850457373,206.48453993831635,174.1
5223,2,19,pitch_jump,1.0,0.009251288837753115,133.33277630273003,174.1
5223,2,21,pitch_jump,1.0,0.014414266504009643,16.586034941151212,174.1
5223,2,26,pitch_jump,1.0,0.0023954691988875,37.64930883982859,174.1
5224,2,19,pitch_jump,1.0,0.010023166320652211,14.190826356665152,174.13333333333333
5224,2,22,pitch_jump,2.0,0.03421417710564624,28.993811831910644,174.13333333333333
5225,2,4,pitch_jump,1.0,0.03286485756478573,19.117317420383934,174.16666666666666
5225,2,12,pitch_jump,1.0,0.030001988097260582,29.834774274505268,174.16666666666666
5225,2,13,pitch_jump,1.0,0.057251034239782464,120.55080342281181,174.16666666666666
5225,2,14,pitch_jump,1.0,0.01981780846761106,222.99382781544443,174.16666666666666
5225,2,19,pitch_jump,1.0,0.008332902124920945,145.08659833418758,174.16666666666666
5225,2,21,pitch_jump,1.0,0.014928949581131909,18.21217824663807,174.16666666666666
5225,2,22,pitch_jump,1.0,0.03396740396978985,59.33325038309708,174.16666666666666
5225,2,26,pitch_jump,1.0,0.009991861279096535,38.9258257594335,174.16666666666666
5226,2,4,pitch_jump,1.0,0.023964117195800615,22.717797242287304,174.2
5226,2,12,pitch_jump,1.0,0.008863882233263162,46.09436188994648,174.2
5226,2,13,pitch_jump,1.0,0.03396436232132033,134.44868414019874,174.2
5226,2,14,pitch_jump,1.0,0.009210562512797543,227.0545330672098,174.2
5226,2,19,pitch_jump,1.0,0.011635861354969352,145.27389602486608,174.2
5226,2,21,pitch_jump,1.0,0.01382886034038993,12.575631435990411,174.2
5226,2,26,pitch_jump,1.0,0.010857598989195846,38.276047425923906,174.2
5227,2,2,pitch_jump,1.0,0.0545341944445929,18.823931338413125,174.23333333333332
5227,2,4,pitch_jump,1.0,0.039683511736503085,29.59870703110862,174.23333333333332
5227,2,12,pitch_jump,1.0,0.008195845054631397,42.83001996855167,174.23333333333332
5227,2,13,pitch_jump,1.0,0.03844440331020101,127.10634983560774,174.23333333333332
5227,2,14,pitch_jump,1.0,0.0009489714456716495,223.14214290260625,174.23333333333332
5227,2,19,pitch_jump,1.0,0.015854863391185615,148.20597385308298,174.23333333333332
5227,2,21,pitch_jump,1.0,0.019338381364153046,27.080961451312696,174.23333333333332
5227,2,26,pitch_jump,1.0,0.021002761492465744,38.90675020707542,174.23333333333332
5228,2,13,pitch_jump,1.0,0.08015809344344403,24.992289421661344,174.26666666666668
5228,2,14,pitch_jump,1.0,0.004623315125179603,17.6558392527242,174.26666666666668
5228,2,19,pitch_jump,1.0,0.013456240418508033,13.368051031212916,174.26666666666668
5230,2,13,pitch_jump,1.0,0.027797408646358608,25.506657377309075,174.33333333333334
5230,2,14,pitch_jump,1.0,0.03282371380376637,33.81986182184179,174.33333333333334
5230,2,19,pitch_jump,1.0,0.010024693860122847,19.465682734184735,174.33333333333334
5231,2,2,pitch_jump,1.0,0.06391392845730572,21.981892118035027,174.36666666666667
5231,2,4,pitch_jump,1.0,0.05328590282697801,21.5292550901298,174.36666666666667
5231,2,12,pitch_jump,1.0,0.007827693476484307,38.973310301432086,174.36666666666667
5231,2,13,pitch_jump,1.0,0.024803332269875637,116.19456738646468,174.36666666666667
5231,2,14,pitch_jump,1.0,0.03572497953350826,204.709925197321,174.36666666666667
5231,2,19,pitch_jump,1.0,0.008260081048054481,132.61833262107524,174.36666666666667
5231,2,26,pitch_jump,1.0,0.020431718944974517,29.04503344352985,174.36666666666667
5232,2,22,pitch_jump,5.0,0.04868230272032805,14.323807000371634,174.4
5233,2,12,pitch_jump,1.0,0.02247592202075527,14.408212082430742,174.43333333333334
5234,2,2,pitch_jump,1.0,0.07469767393661575,15.160562996370322,174.46666666666667
5234,2,22,pitch_jump,1.0,0.09481246649929745,17.849569629234793,174.46666666666667
5235,2,12,pitch_jump,1.0,0.022261371766393045,21.440997420889136,174.5
5235,2,13,pitch_jump,1.0,0.024488594953692235,56.65155427474452,174.5
5235,2,14,pitch_jump,1.0,0.013385056280253892,112.14643253899558,174.5
5235,2,19,pitch_jump,1.0,0.025231542356376157,74.33532580443423,174.5
5235,2,21,pitch_jump,1.0,0.0019314243096392565,12.784587714179343,174.5
5235,2,22,pitch_jump,1.0,0.036450712977931336,24.529161958626602,174.5
5235,2,26,pitch_jump,1.0,0.0025224858552348067,17.924983525318492,174.5
5237,2,13,pitch_jump,1.0,0.030258911298151905,15.551848950776293,174.56666666666666
5237,2,14,pitch_jump,1.0,0.04573012347258973,30.20150400772126,174.56666666666666
5237,2,19,pitch_jump,1.0,0.019260719701625826,18.0945448406836,174.56666666666666
5238,2,13,pitch_jump,1.0,0.030129367290249467,18.42680180401999,174.6
5238,2,14,pitch_jump,1.0,0.024270762773016194,24.055808793769497,174.6
5238,2,19,pitch_jump,1.0,0.011297340193354008,15.1081222095281,174.6
5239,2,4,pitch_jump,1.0,0.057772554593404725,19.12197766503224,174.63333333333333
5239,2,12,pitch_jump,1.0,0.015132807769087415,17.96934526997036,174.63333333333333
5239,2,13,pitch_jump,1.0,0.03637497694116039,51.582758435809815,174.63333333333333
5239,2,14,pitch_jump,1.0,0.04529174618442048,104.31563662955496,174.63333333333333
5239,2,19,pitch_jump,1.0,0.018109664452155685,68.30763398069985,174.63333333333333
5239,2,26,pitch_jump,1.0,0.025981922944026334,18.339201454639817,174.63333333333333
5240,2,12,pitch_jump,1.0,0.02013150602810259,14.804547533908584,174.66666666666666
5240,2,13,pitch_jump,1.0,0.032930360461295854,45.06662173699515,174.66666666666666
5240,2,14,pitch_jump,1.0,0.03222278598170656,85.13146723736409,174.66666666666666
5240,2,19,pitch_jump,1.0,0.01954176271290788,53.97906277648644,174.66666666666666
5240,2,26,pitch_jump,1.0,0.01974767749265998,13.141521581120227,174.66666666666666
5242,2,13,pitch_jump,1.0,0.020445479172489716,13.604081033911314,174.73333333333332
5242,2,14,pitch_jump,1.0,0.024044967201126224,20.45198334237526,174.73333333333332
5243,2,4,pitch_jump,1.0,0.04772731072188855,13.24176611413857,174.76666666666668
5243,2,12,pitch_jump,1.0,0.01607024157252156,19.985673468074978,174.76666666666668
5243,2,13,pitch_jump,1.0,0.031471997175667094,57.467635301277475,174.76666666666668
5243,2,14,pitch_jump,1.0,0.01602346077350019,101.60360476377016,174.76666666666668
5243,2,19,pitch_jump,1.0,0.02656998659396991,63.42244694454,174.76666666666668
5243,2,26,pitch_jump,1.0,0.021694853300214926,17.747032182514296,174.76666666666668
5244,2,4,pitch_jump,1.0,0.02071888753206442,16.078982841250337,174.8
5244,2,12,pitch_jump,1.0,0.013843897224730553,17.778597069429846,174.8
5244,2,13,pitch_jump,1.0,0.011145516325679105,48.838813358498506,174.8
5244,2,14,pitch_jump,1.0,0.0011191441155556237,91.92839722864565,174.8
5244,2,19,pitch_jump,1.0,0.013169170501644255,64.97719071160581,174.8
5244,2,26,pitch_jump,1.0,0.012318405355638705,17.23203158759301,174.8
5245,2,2,pitch_jump,1.0,0.047919084002789845,18.874244634548255,174.83333333333334
5245,2,4,pitch_jump,1.0,0.045009894560071304,16.714805413006285,174.83333333333334
5245,2,12,pitch_jump,1.0,0.021875799233623434,18.041004685091654,174.83333333333334
5245,2,13,pitch_jump,1.0,0.02881173089838814,13.23151926238888,174.83333333333334
5245,2,14,pitch_jump,1.0,0.012767904269286878,23.31620682023791,174.83333333333334
5245,2,21,pitch_jump,1.0,0.0118668064790895,14.624490668157579,174.83333333333334
5245,2,26,pitch_jump,1.0,0.020041918804007304,13.118865873961829,174.83333333333334
5246,2,2,pitch_jump,1.0,0.09457079432860237,15.68167845932519,174.86666666666667
5246,2,4,pitch_jump,1.0,0.04655568628193573,16.98283606618941,174.86666666666667
5246,2,12,pitch_jump,1.0,0.01875632154612263,15.618588625794356,174.86666666666667
5246,2,13,pitch_jump,1.0,0.056541553953434444,16.111012164326638,174.86666666666667
5248,2,2,pitch_jump,1.0,0.05910962299120813,14.291174902972642,174.93333333333334
5248,2,4,pitch_jump,1.0,0.05156799512124568,32.689190605464674,174.93333333333334
5248,2,12,pitch_jump,1.0,0.02372101893162193,21.969023349697398,174.93333333333334
5248,2,13,pitch_jump,1.0,0.03706168625452047,46.47311184635666,174.93333333333334
5248,2,14,pitch_jump,1.0,0.025593916070735793,78.14346968238917,174.93333333333334
5248,2,19,pitch_jump,1.0,0.015422572564528267,60.808009100540616,174.93333333333334
5248,2,21,pitch_jump,1.0,0.007674364674430033,36.26585103649484,174.93333333333334
5248,2,26,pitch_jump,1.0,0.022747298167393255,41.07702806046354,174.93333333333334
5249,2,13,pitch_jump,1.0,0.026935567007254264,16.95830662795744,174.96666666666667
5249,2,14,pitch_jump,1.0,0.03666140897662095,33.23354632483802,174.96666666666667
5249,2,19,pitch_jump,1.0,0.011518932868365247,19.482604440484778,174.96666666666667
5251,2,13,pitch_jump,1.0,0.011282312964576118,30.26209433542513,175.03333333333333
5251,2,14,pitch_jump,1.0,0.04065523970352637,64.21875574443263,175.03333333333333
5251,2,19,pitch_jump,1.0,0.03225750892224198,47.17312789257041,175.03333333333333
5254,2,4,pitch_jump,1.0,0.04245529797543843,15.458171506966066,175.13333333333333
5254,2,12,pitch_jump,1.0,0.02549285922547179,14.405617411372022,175.13333333333333
5254,2,13,pitch_jump,1.0,0.036026426654152725,22.763410977669064,175.13333333333333
5254,2,19,pitch_jump,1.0,0.0193801549578066,12.780283115745034,175.13333333333333
5255,2,13,pitch_jump,1.0,0.021083544399434606,17.593449090261238,175.16666666666666
5255,2,14,pitch_jump,1.0,0.015155644658610965,25.57238317380008,175.16666666666666
5255,2,19,pitch_jump,1.0,0.017250604484469995,18.587186277175242,175.16666666666666
5255,2,21,pitch_jump,1.0,0.010361346520654563,13.259750304169007,175.16666666666666
5255,2,26,pitch_jump,1.0,0.02159397377794776,14.383217345035648,175.16666666666666
5257,2,21,pitch_jump,1.0,0.01023753441619663,12.877055990443845,175.23333333333332
5259,2,14,pitch_jump,1.0,0.03304311896817087,17.768858945652113,175.3
5260,2,14,pitch_jump,1.0,0.02427229213744385,14.750905396124082,175.33333333333334
5261,2,12,pitch_jump,1.0,0.034856450620358595,13.855127268396478,175.36666666666667
5261,2,13,pitch_jump,1.0,0.012857515149306829,13.530242386428847,175.36666666666667
5261,2,14,pitch_jump,1.0,0.03775651489728635,20.693567539149203,175.36666666666667
5261,2,22,pitch_jump,1.0,0.06745561248896108,15.709918596541602,175.36666666666667
5262,2,14,pitch_jump,1.0,0.021169135433050632,12.54622087326937,175.4
5263,2,4,pitch_jump,1.0,0.06474184161977643,12.298064769810248,175.43333333333334
5263,2,22,pitch_jump,1.0,0.07684719508089623,12.42869506324942,175.43333333333334
5264,2,14,pitch_jump,1.0,0.0025266299556527226,12.420443005271508,175.46666666666667
5267,2,2,pitch_jump,1.0,0.001358267332920992,17.30398505935796,175.56666666666666
5267,2,4,pitch_jump,1.0,0.06581370938506684,16.496338808469286,175.56666666666666
5267,2,12,pitch_jump,1.0,0.04472490319478313,30.74153732621687,175.56666666666666
5267,2,14,pitch_jump,1.0,0.008872525273732721,13.443972754927403,175.56666666666666
5267,2,19,pitch_jump,1.0,0.014326053395974961,16.76282471543903,175.56666666666666
5267,2,26,pitch_jump,1.0,0.02153296025647569,15.063663657833391,175.56666666666666
5269,2,14,pitch_jump,1.0,0.03703240130538302,12.339764579019041,175.63333333333333
5270,2,4,pitch_jump,1.0,0.10024252008788218,23.081499373524384,175.66666666666666
5270,2,12,pitch_jump,1.0,0.03965465947592685,16.82224486219187,175.66666666666666
5270,2,13,pitch_jump,1.0,0.012326384574702783,18.989818264534573,175.66666666666666
5270,2,14,pitch_jump,1.0,0.02792753157561105,28.178759482352984,175.66666666666666
5270,2,19,pitch_jump,1.0,0.04181143400700237,14.896503765493206,175.66666666666666
5271,2,12,pitch_jump,1.0,0.012561382180364889,13.5352922572449,175.7
5272,2,4,pitch_jump,1.0,0.1488931927878174,15.517309010096858,175.73333333333332
5272,2,14,pitch_jump,1.0,0.026623198331128327,12.680540003507906,175.73333333333332
5273,2,13,pitch_jump,1.0,0.019178017091758353,15.875206714414416,175.76666666666668
5273,2,14,pitch_jump,1.0,0.021815925990125242,20.341108038964887,175.76666666666668
5273,2,19,pitch_jump,1.0,0.019390242077375053,15.751282824998325,175.76666666666668
5274,2,14,pitch_jump,1.0,0.02596051712867714,14.989550929570205,175.8
5275,2,4,pitch_jump,1.0,0.08829526481037327,14.25531770403821,175.83333333333334
5276,2,4,pitch_jump,1.0,0.1405586507600983,26.36165045723241,175.86666666666667
5276,2,13,pitch_jump,1.0,0.032262979503142025,16.393620289054166,175.86666666666667
5277,2,4,pitch_jump,1.0,0.11182779363618241,15.31779906941138,175.9
5277,2,19,pitch_jump,1.0,0.05091246799401749,19.230671645075716,175.9
5278,2,4,pitch_jump,1.0,0.2181316724155297,60.87488577201923,175.93333333333334
5279,2,4,pitch_jump,1.0,0.08501311644733031,28.48461820991379,175.96666666666667
5279,2,19,pitch_jump,1.0,0.0696116438171295,15.591840927078996,175.96666666666667
5281,2,4,pitch_jump,1.0,0.09941912286374543,24.07328756828808,176.03333333333333
5281,2,13,pitch_jump,1.0,0.02360219188680383,13.68148495015813,176.03333333333333
5281,2,14,pitch_jump,1.0,0.021697873681266175,19.78772215138642,176.03333333333333
5281,2,19,pitch_jump,1.0,0.03975639714587705,14.714425688117005,176.03333333333333
5283,2,4,pitch_jump,2.0,0.08028984882807036,14.966716353383902,176.1
5284,2,4,pitch_jump,1.0,0.13149431328321673,32.37350439789884,176.13333333333333
5284,2,19,pitch_jump,1.0,0.051283674344236044,12.82642825961747,176.13333333333333
5285,2,4,pitch_jump,1.0,0.05666981203744886,19.574591064566363,176.16666666666666
5285,2,13,pitch_jump,1.0,0.03257265492308855,18.81863325401753,176.16666666666666
5285,2,14,pitch_jump,1.0,0.022709563364915867,13.172695499536127,176.16666666666666
5286,2,8,pitch_jump,1.0,0.032358924620906795,12.730851873827142,176.2
5287,2,13,pitch_jump,1.0,0.02655370043689716,15.133684773767346,176.23333333333332
5288,2,4,pitch_jump,1.0,0.07716712948363523,23.327784926892566,176.26666666666668
5289,2,12,pitch_jump,1.0,0.02514539277307719,13.649040767676745,176.3
5290,2,4,pitch_jump,1.0,0.06086957661365878,12.751868527178978,176.33333333333334
5291,2,14,pitch_jump,1.0,0.025173828627759028,17.837942899833926,176.36666666666667
5291,2,19,pitch_jump,1.0,0.03165325661016255,16.229737889714865,176.36666666666667
5292,2,14,pitch_jump,1.0,0.031226856542271777,14.77668962372525,176.4
5293,2,19,pitch_jump,1.0,0.059899937047685835,13.88014938239151,176.43333333333334
5295,2,4,pitch_jump,1.0,0.1426076843602407,32.27808824393612,176.5
5295,2,13,pitch_jump,1.0,0.023768239218366925,12.96259810103409,176.5
5296,2,19,pitch_jump,1.0,0.06479645680338768,14.021303342359131,176.53333333333333
5297,2,13,pitch_jump,1.0,0.030742897612574004,18.42915238758574,176.56666666666666
5297,2,14,pitch_jump,1.0,0.022492031335982935,22.49514541623543,176.56666666666666
5297,2,19,pitch_jump,1.0,0.08471893510107031,13.539225912037963,176.56666666666666
5297,2,21,pitch_jump,1.0,0.010195245797286022,13.447396829401347,176.56666666666666
5297,2,26,pitch_jump,1.0,0.03005279934311711,14.337495319013156,176.56666666666666
5298,2,22,pitch_jump,1.0,0.09236840179669352,21.065953912955653,176.6
5299,2,22,pitch_jump,1.0,0.17167425730399324,43.288182680310754,176.63333333333333
5300,2,19,pitch_jump,1.0,0.04367079882383636,12.432165842712699,176.66666666666666
5302,2,13,pitch_jump,1.0,0.03376927285037507,12.983152945881448,176.73333333333332
5302,2,14,pitch_jump,1.0,0.017615289881989578,22.77229839306693,176.73333333333332
5303,2,12,pitch_jump,1.0,0.01827018328945903,15.97563471423086,176.76666666666668
5303,2,13,pitch_jump,1.0,0.033106326056411846,14.29831581753851,176.76666666666668
5303,2,14,pitch_jump,1.0,0.02768186442296774,17.389564291591448,176.76666666666668
5303,2,19,pitch_jump,1.0,0.08147875013517072,26.82599932689187,176.76666666666668
5305,2,12,pitch_jump,1.0,0.0023702650887809217,13.088163595041351,176.83333333333334
5305,2,13,pitch_jump,1.0,0.0196886654795117,17.167764898658756,176.83333333333334
5306,2,13,pitch_jump,1.0,0.025293791258643193,14.89197009615034,176.86666666666667
5306,2,14,pitch_jump,1.0,0.03843780187582432,13.589298966275816,176.86666666666667
5307,2,13,pitch_jump,1.0,0.01214757067516492,12.757281499956063,176.9
5308,2,12,pitch_jump,1.0,0.010574333070859818,15.774014353853142,176.93333333333334
5308,2,13,pitch_jump,1.0,0.008900629666342828,17.210738149398377,176.93333333333334
5308,2,14,pitch_jump,1.0,0.02575617443934853,22.371725418620766,176.93333333333334
5308,2,19,pitch_jump,1.0,0.04742483070476015,17.250137451857807,176.93333333333334
5313,2,12,pitch_jump,1.0,0.05062490529966505,14.898793865201572,177.1
5313,2,13,pitch_jump,1.0,0.010623112568445699,12.316959322589785,177.1
5313,2,19,pitch_jump,1.0,0.06511562940947757,16.19098667249958,177.1
5316,2,12,pitch_jump,1.0,0.043726500266886646,12.494088947290049,177.2
5317,2,14,pitch_jump,1.0,0.05112249139669318,14.964609084234857,177.23333333333332
5319,2,14,pitch_jump,1.0,0.027842746617908972,12.376031611532422,177.3
5320,2,13,pitch_jump,1.0,0.01796866534625391,12.577574450770673,177.33333333333334
5320,2,14,pitch_jump,1.0,0.023177206090735362,16.136993901186173,177.33333333333334
5323,2,19,pitch_jump,1.0,0.05076336048247237,15.498056684465677,177.43333333333334
5327,2,12,pitch_jump,1.0,0.15387539538157463,57.555831893766,177.56666666666666
5327,2,14,pitch_jump,1.0,0.0586002456023175,14.139070535438927,177.56666666666666
5328,2,22,pitch_jump,1.0,0.09290296720855197,15.83327068946601,177.6
5329,2,12,pitch_jump,1.0,0.06109079530371085,16.1287104783819,177.63333333333333
5329,2,22,pitch_jump,1.0,0.10919777606938215,16.56314281428982,177.63333333333333
5330,2,12,pitch_jump,1.0,0.07234480309164727,24.925140152664397,177.66666666666666
5332,2,12,pitch_jump,1.0,0.044327982678291855,22.218834071060666,177.73333333333332
5332,2,14,pitch_jump,1.0,0.03549307225740071,12.14571276807189,177.73333333333332
5333,2,13,pitch_jump,1.0,0.027871964479108356,16.992020243380598,177.76666666666668
5333,2,14,pitch_jump,1.0,0.027809616918948888,17.574438483667805,177.76666666666668
5333,2,19,pitch_jump,1.0,0.0434326796299376,13.137175915238684,177.76666666666668
5333,2,21,pitch_jump,1.0,0.02153626632870318,13.733293800305303,177.76666666666668
5335,2,8,pitch_jump,1.0,0.03262258375398805,15.541976181733002,177.83333333333334
5335,2,13,pitch_jump,1.0,0.01428372862962861,16.30544978737397,177.83333333333334
5335,2,14,pitch_jump,1.0,0.015845171879102903,19.96787466843954,177.83333333333334
5337,2,19,pitch_jump,1.0,0.05489474675480055,13.75216584108158,177.9
5339,2,14,pitch_jump,1.0,0.005848957259696554,12.318158374148707,177.96666666666667
5339,2,19,pitch_jump,1.0,0.06295195190768818,15.61635127721297,177.96666666666667
5343,2,13,pitch_jump,1.0,0.026442098876270356,13.037565719538518,178.1
5345,2,12,pitch_jump,1.0,0.04492863677174079,16.619557617265095,178.16666666666666
5345,2,13,pitch_jump,1.0,0.0014699917427512391,15.700351612689024,178.16666666666666
5345,2,14,pitch_jump,1.0,0.042808322948053215,17.181387027500726,178.16666666666666
5345,2,19,pitch_jump,1.0,0.036769090519873926,14.58845685962358,178.16666666666666
5345,2,26,pitch_jump,1.0,0.013383671926020507,14.752483196818659,178.16666666666666
5346,2,13,pitch_jump,1.0,0.009341831218131041,14.186246525599925,178.2
5346,2,14,pitch_jump,1.0,0.025871144031947502,18.603266713509203,178.2
5346,2,19,pitch_jump,1.0,0.03222257868315496,13.97652719986852,178.2
5347,2,12,pitch_jump,1.0,0.021313608497480308,15.29170785783453,178.23333333333332
5347,2,19,pitch_jump,1.0,0.03612889146073163,12.4814589152237,178.23333333333332
5350,2,4,pitch_jump,1.0,0.05512145117651528,15.067631426055751,178.33333333333334
5351,2,12,pitch_jump,1.0,0.03006497016080887,12.060043662460574,178.36666666666667
5353,2,2,pitch_jump,1.0,0.04138121092995271,15.775597028332507,178.43333333333334
5353,2,4,pitch_jump,1.0,0.008608570169928545,13.10133148801768,178.43333333333334
5353,2,8,pitch_jump,2.0,0.05584432746049142,13.422053221884372,178.43333333333334
5353,2,12,pitch_jump,1.0,0.03389734654482016,14.58055159801725,178.43333333333334
5353,2,13,pitch_jump,1.0,0.017904362667257555,13.662108466322175,178.43333333333334
5354,2,12,pitch_jump,1.0,0.057321228969547604,19.720754180211987,178.46666666666667
5355,2,12,pitch_jump,1.0,0.009314705796043717,12.045543789322375,178.5
5357,2,13,pitch_jump,1.0,0.014293115104598903,12.059640108092356,178.56666666666666
5357,2,14,pitch_jump,1.0,0.0064865509411686,18.2975197494886,178.56666666666666
5359,2,8,pitch_jump,1.0,0.0553318072493657,22.09173578381353,178.63333333333333
5359,2,12,pitch_jump,1.0,0.04492502325386778,15.208317299304202,178.63333333333333
5360,2,4,pitch_jump,1.0,0.011409774727699133,13.783294710166112,178.66666666666666
5360,2,8,pitch_jump,1.0,0.08215456001413328,20.494219174593315,178.66666666666666
5360,2,12,pitch_jump,1.0,0.025027743570310984,16.72293650379601,178.66666666666666
5360,2,13,pitch_jump,1.0,0.019069741227705946,24.853917247688365,178.66666666666666
5360,2,14,pitch_jump,1.0,0.01698743675784389,33.87714262703539,178.66666666666666
5360,2,19,pitch_jump,1.0,0.04326787895671,26.79166092673567,178.66666666666666
5361,2,21,pitch_jump,1.0,0.022090080254193362,12.272035585173178,178.7
5362,2,2,pitch_jump,1.0,0.0638639674937811,25.96244498511573,178.73333333333332
5362,2,4,pitch_jump,1.0,0.023350682907827353,29.634256475483717,178.73333333333332
5362,2,8,pitch_jump,2.0,0.05135289296315113,19.283647817075234,178.73333333333332
5362,2,12,pitch_jump,1.0,0.016502093421156456,30.243930455424483,178.73333333333332
5362,2,13,pitch_jump,1.0,0.022223719625550958,44.54390903320468,178.73333333333332
5362,2,14,pitch_jump,1.0,0.01432670347314573,52.72569591421087,178.73333333333332
5362,2,19,pitch_jump,1.0,0.014919192358348246,41.53326509925923,178.73333333333332
5362,2,21,pitch_jump,1.0,0.02895057253309566,16.520464462816,178.73333333333332
5362,2,26,pitch_jump,1.0,0.025627709272908708,26.49818870887185,178.73333333333332
5364,2,14,pitch_jump,1.0,0.014048861638629423,13.119821360595992,178.8
5365,2,4,pitch_jump,1.0,0.025683702854623666,13.380383775995506,178.83333333333334
5365,2,12,pitch_jump,1.0,0.01855639288057816,14.702749102517263,178.83333333333334
5365,2,14,pitch_jump,1.0,0.03738543648856688,19.73833936853721,178.83333333333334
5365,2,19,pitch_jump,1.0,0.005008499001895043,12.843974974673669,178.83333333333334
5366,2,13,pitch_jump,1.0,0.029837407360939424,13.090428114084554,178.86666666666667
5366,2,19,pitch_jump,1.0,0.003421322190125402,12.842494638100096,178.86666666666667
5367,2,4,pitch_jump,1.0,0.016760236816819644,14.586627726168457,178.9
5367,2,12,pitch_jump,1.0,0.0228084859938855,16.419836560383093,178.9
5367,2,13,pitch_jump,1.0,0.010197646609575263,12.86213577285872,178.9
5367,2,14,pitch_jump,1.0,0.014588278562954088,15.287715441385814,178.9
5367,2,21,pitch_jump,1.0,0.04341281165287856,17.82885369018163,178.9
5367,2,23,pitch_jump,1.0,0.04965622884001504,12.39361896602526,178.9
5367,2,26,pitch_jump,1.0,0.027060614448508637,13.70435605668776,178.9
5368,2,4,pitch_jump,1.0,0.026576145774878643,14.185251257934839,178.93333333333334
5368,2,13,pitch_jump,1.0,0.03761112606653892,18.828869723395414,178.93333333333334
5368,2,14,pitch_jump,1.0,0.0332980265270904,20.852202299670957,178.93333333333334
5368,2,19,pitch_jump,1.0,0.01435615262320821,12.707857722867157,178.93333333333334
5368,2,26,pitch_jump,1.0,0.04431513841464762,14.356015109879573,178.93333333333334
5369,2,13,pitch_jump,1.0,0.044287428171530356,32.19021367422318,178.96666666666667
5369,2,14,pitch_jump,1.0,0.030369562396232286,71.82393732703855,178.96666666666667
5369,2,19,pitch_jump,1.0,0.02542963707612233,35.199693432986415,178.96666666666667
5369,2,26,pitch_jump,1.0,0.05357317857932345,15.212542934423746,178.96666666666667
5370,2,13,pitch_jump,1.0,0.01968946239314066,15.259692900145145,179.0
5370,2,14,pitch_jump,1.0,0.015272806977197968,21.108010611217534,179.0
5370,2,19,pitch_jump,1.0,0.03707690845164862,19.499066989842593,179.0
5372,2,4,pitch_jump,1.0,0.022456398688068296,18.01611964803103,179.06666666666666
5372,2,12,pitch_jump,1.0,0.057759064001170625,16.053485747070894,179.06666666666666
5372,2,13,pitch_jump,1.0,0.05137972166426765,28.34560176095533,179.06666666666666
5372,2,14,pitch_jump,1.0,0.01871104432593616,39.46373452366226,179.06666666666666
5372,2,19,pitch_jump,1.0,0.050938465943268466,30.951042105837864,179.06666666666666
5374,2,13,pitch_jump,1.0,0.055073778599253845,14.33153880498348,179.13333333333333
5374,2,14,pitch_jump,1.0,0.024403386537423574,19.354669877919896,179.13333333333333
5374,2,19,pitch_jump,1.0,0.02687974743991121,14.697467801773676,179.13333333333333
5375,2,13,pitch_jump,1.0,0.05601483195168745,17.54493646598378,179.16666666666666
5375,2,14,pitch_jump,1.0,0.031676344551288614,27.459418264024798,179.16666666666666
5375,2,19,pitch_jump,1.0,0.02440559691817804,15.401900973533206,179.16666666666666
5375,2,23,pitch_jump,1.0,0.106985087085714,13.085998120916214,179.16666666666666
5376,2,4,pitch_jump,1.0,0.06724152554874989,18.341768430440602,179.2
5376,2,12,pitch_jump,1.0,0.03188059655001911,20.265337159664846,179.2
5376,2,13,pitch_jump,1.0,0.019616485624009847,36.53036283071693,179.2
5376,2,14,pitch_jump,1.0,0.01945664826027921,39.478921794527835,179.2
5376,2,19,pitch_jump,1.0,0.014456029582790972,29.103045212484638,179.2
5376,2,21,pitch_jump,1.0,0.030864752581904777,43.861657921493574,179.2
5376,2,23,pitch_jump,1.0,0.04728625768177625,22.258168323510592,179.2
5376,2,26,pitch_jump,1.0,0.02437273865884845,19.302950433179806,179.2
5377,2,4,pitch_jump,1.0,0.06068325065068557,16.68879585244171,179.23333333333332
5377,2,12,pitch_jump,1.0,0.10078090711506982,14.711381400897071,179.23333333333332
5377,2,13,pitch_jump,1.0,0.07473223153164661,27.9320923544844,179.23333333333332
5377,2,14,pitch_jump,1.0,0.059315229078014085,37.60214774260661,179.23333333333332
5377,2,19,pitch_jump,1.0,0.046197869447038395,25.223593177130677,179.23333333333332
5377,2,20,pitch_jump,1.0,0.13320892286196487,45.17340468536187,179.23333333333332
5377,2,26,pitch_jump,1.0,0.08995797419580788,16.087090617086194,179.23333333333332
5378,2,20,pitch_jump,1.0,0.13120510996834567,12.836937743806816,179.26666666666668
5378,2,21,pitch_jump,1.0,0.08223492039920186,13.401456555871407,179.26666666666668
5380,2,4,pitch_jump,1.0,0.08259499204458833,18.355244362046733,179.33333333333334
5380,2,12,pitch_jump,1.0,0.16348392681467494,19.37114112543589,179.33333333333334
5380,2,13,pitch_jump,1.0,0.10698876207977324,23.121035132162245,179.33333333333334
5380,2,14,pitch_jump,1.0,0.07361991145803436,20.78881623562011,179.33333333333334
5380,2,19,pitch_jump,1.0,0.07451086129972088,17.290729944137137,179.33333333333334
5380,2,20,pitch_jump,1.0,0.15842055182305248,28.944526500601643,179.33333333333334
5380,2,21,pitch_jump,1.0,0.10825725712983815,17.63471183652889,179.33333333333334
5380,2,23,pitch_jump,1.0,0.16753503955682075,15.754830965729889,179.33333333333334
5380,2,26,pitch_jump,1.0,0.10989233858877434,17.551551674447516,179.33333333333334
5381,2,4,pitch_jump,1.0,0.09167267284732576,28.74131419028575,179.36666666666667
5381,2,12,pitch_jump,1.0,0.18241915030442643,23.293012769300216,179.36666666666667
5381,2,13,pitch_jump,1.0,0.11246561177192793,29.54717282634823,179.36666666666667
5381,2,14,pitch_jump,1.0,0.07923474842767993,30.68259427142155,179.36666666666667
5381,2,19,pitch_jump,1.0,0.04230476302497647,32.641161981697046,179.36666666666667
5381,2,20,pitch_jump,1.0,0.15086853033729503,38.03773264244802,179.36666666666667
5381,2,21,pitch_jump,1.0,0.12378666221420755,15.752667497663243,179.36666666666667
5381,2,23,pitch_jump,1.0,0.16280942408070334,15.564392950166887,179.36666666666667
5381,2,26,pitch_jump,1.0,0.10314211797332942,18.569270967669283,179.36666666666667
5382,2,13,pitch_jump,1.0,0.05690934125383194,15.324269882610817,179.4
5382,2,14,pitch_jump,1.0,0.03776009273565063,17.516966577718517,179.4
5382,2,20,pitch_jump,1.0,0.10122161859827143,40.8034887406317,179.4
5382,2,21,pitch_jump,1.0,0.046806848758803705,13.752298229033622,179.4
5383,2,4,pitch_jump,1.0,0.08882986715811834,15.291058894198637,179.43333333333334
5383,2,12,pitch_jump,1.0,0.19680132138365541,14.940038342857564,179.43333333333334
5383,2,13,pitch_jump,1.0,0.11372660709599247,14.643627163058005,179.43333333333334
5383,2,19,pitch_jump,1.0,0.050894356922256266,19.885860152673757,179.43333333333334
5383,2,20,pitch_jump,1.0,0.17620645605895738,23.885873109460338,179.43333333333334
5384,2,4,pitch_jump,1.0,0.1229101594316599,17.593391569968603,179.46666666666667
5384,2,12,pitch_jump,1.0,0.20756232042134867,15.691622966611643,179.46666666666667
5384,2,13,pitch_jump,1.0,0.10776487982742121,28.27928401349983,179.46666666666667
5384,2,14,pitch_jump,1.0,0.10162058156731395,38.42783578725227,179.46666666666667
5384,2,19,pitch_jump,1.0,0.03962457923726778,24.608999747112843,179.46666666666667
5384,2,20,pitch_jump,1.0,0.19038536013682278,40.49846052164509,179.46666666666667
5384,2,21,pitch_jump,1.0,0.1215232978317093,12.28706682080498,179.46666666666667
5384,2,26,pitch_jump,1.0,0.1283665309882703,19.669067931537597,179.46666666666667
5385,2,1,pitch_jump,1.0,0.07284790610049158,81.41840270609667,179.5
5385,2,4,pitch_jump,1.0,0.041552610069191406,20.420989968386298,179.5
5385,2,12,pitch_jump,1.0,0.11445777268997699,15.385481677838643,179.5
5385,2,13,pitch_jump,1.0,0.04120292862276353,38.15549965420606,179.5
5385,2,14,pitch_jump,1.0,0.04193033690024249,50.965029958322084,179.5
5385,2,19,pitch_jump,1.0,0.008229856946379364,36.47541682772071,179.5
5385,2,20,pitch_jump,1.0,0.08201140851817315,75.88330219118261,179.5
5386,2,1,pitch_jump,1.0,0.1918905657252779,110.39182062910814,179.53333333333333
5386,2,4,pitch_jump,1.0,0.13088343735892863,23.509120640816864,179.53333333333333
5386,2,12,pitch_jump,1.0,0.22997550139337067,19.238597539774506,179.53333333333333
5386,2,13,pitch_jump,1.0,0.10695283067488354,57.71548888858454,179.53333333333333
5386,2,14,pitch_jump,1.0,0.07989899691602292,82.84753949036025,179.53333333333333
5386,2,19,pitch_jump,1.0,0.09256086608701372,51.88769733564428,179.53333333333333
5386,2,20,pitch_jump,1.0,0.19670915998355396,97.63261939659633,179.53333333333333
5386,2,26,pitch_jump,1.0,0.12266499049580884,25.302449253185163,179.53333333333333
5387,2,1,pitch_jump,1.0,0.22809347641077593,104.2824236600406,179.56666666666666
5387,2,4,pitch_jump,1.0,0.12577116114017028,19.074794321791785,179.56666666666666
5387,2,12,pitch_jump,1.0,0.1947154548837302,13.940101277121675,179.56666666666666
5387,2,13,pitch_jump,1.0,0.10206710919087394,47.93686993112133,179.56666666666666
5387,2,14,pitch_jump,1.0,0.08558350003841343,73.36391799924226,179.56666666666666
5387,2,19,pitch_jump,1.0,0.0887383678422744,43.33626695304488,179.56666666666666
5387,2,20,pitch_jump,1.0,0.195064329063639,99.95899531817413,179.56666666666666
5387,2,21,pitch_jump,1.0,0.1449760756612394,12.620309560954178,179.56666666666666
5388,2,1,pitch_jump,1.0,0.11089308955475595,204.33706096334927,179.6
5388,2,4,pitch_jump,1.0,0.0490055835438437,24.956853168680336,179.6
5388,2,12,pitch_jump,1.0,0.10697233514275768,38.36378532401866,179.6
5388,2,13,pitch_jump,1.0,0.045483640659972235,81.30479197169102,179.6
5388,2,14,pitch_jump,1.0,0.013197588935365483,143.0354597122428,179.6
5388,2,19,pitch_jump,1.0,0.03004595036883357,72.7327663718267,179.6
5388,2,20,pitch_jump,1.0,0.07638714520845967,190.8284459673258,179.6
5388,2,21,pitch_jump,1.0,0.0732046406137831,19.490870443122557,179.6
5388,2,23,pitch_jump,1.0,0.1097513318244411,30.30982930137625,179.6
5389,2,4,pitch_jump,1.0,0.14965997314080004,16.419687271683728,179.63333333333333
5389,2,20,pitch_jump,1.0,0.1731632011503019,21.444288427392436,179.63333333333333
5390,2,14,pitch_jump,1.0,0.040353322262819326,19.091732383303,179.66666666666666
5390,2,19,pitch_jump,1.0,0.06060613375743705,13.205774939897854,179.66666666666666
5390,2,20,pitch_jump,1.0,0.16251889997752852,16.269189936828923,179.66666666666666
5390,2,21,pitch_jump,1.0,0.15024506023934991,18.157180073843286,179.66666666666666
5390,2,23,pitch_jump,1.0,0.18727727470001676,13.697472397154531,179.66666666666666
5391,2,2,pitch_jump,1.0,0.10679019847107452,15.772660608983994,179.7
5391,2,13,pitch_jump,1.0,0.04970987955151984,12.06411551367657,179.7
5391,2,20,pitch_jump,1.0,0.07095254930103778,21.349625159207957,179.7
5391,2,21,pitch_jump,1.0,0.056908368362339985,14.740007738246595,179.7
5392,2,2,pitch_jump,1.0,0.18584904725749227,31.525029346420638,179.73333333333332
5392,2,4,pitch_jump,1.0,0.13590139288963035,16.996096726182532,179.73333333333332
5392,2,8,pitch_jump,1.0,0.18680951920437974,18.557516074887523,179.73333333333332
5392,2,12,pitch_jump,1.0,0.19884857820010635,21.951296549963242,179.73333333333332
5392,2,13,pitch_jump,1.0,0.11904436192906917,25.308742185022826,179.73333333333332
5392,2,14,pitch_jump,1.0,0.08817695984277303,23.89239759223717,179.73333333333332
5392,2,19,pitch_jump,1.0,0.06603518987861134,20.758700122928957,179.73333333333332
5392,2,20,pitch_jump,1.0,0.141036204860387,29.18586280466998,179.73333333333332
5392,2,21,pitch_jump,1.0,0.14449598126576585,12.747311921264007,179.73333333333332
5392,2,23,pitch_jump,1.0,0.18798676079191431,12.744363095150408,179.73333333333332
5392,2,26,pitch_jump,1.0,0.12127935394907453,17.152347164548996,179.73333333333332
5393,2,2,pitch_jump,1.0,0.1812420526771986,12.035693669489483,179.76666666666668
5393,2,4,pitch_jump,1.0,0.11985524939285916,13.869996508937037,179.76666666666668
5393,2,8,pitch_jump,1.0,0.17271043180369539,20.91383826259299,179.76666666666668
5393,2,20,pitch_jump,1.0,0.1403800064502213,16.22247216884341,179.76666666666668
5393,2,21,pitch_jump,1.0,0.14120208049622615,26.74617528311023,179.76666666666668
5393,2,23,pitch_jump,1.0,0.17063294490095351,18.271588563704587,179.76666666666668
5393,2,26,pitch_jump,1.0,0.12373504568584151,14.191989757786004,179.76666666666668
5394,2,14,pitch_jump,1.0,0.03799238138727693,12.06977233833593,179.8
5394,2,20,pitch_jump,1.0,0.06907752598159463,25.39109224225898,179.8
5395,2,2,pitch_jump,1.0,0.1856264547552872,17.845946365774545,179.83333333333334
5395,2,4,pitch_jump,1.0,0.14198846841426963,12.737689918893498,179.83333333333334
5395,2,8,pitch_jump,1.0,0.17152325474407273,14.975797885967777,179.83333333333334
5395,2,12,pitch_jump,1.0,0.200015028007742,15.001468900641441,179.83333333333334
5395,2,14,pitch_jump,1.0,0.06009216000487552,12.222699006939402,179.83333333333334
5395,2,19,pitch_jump,1.0,0.042445367225565314,13.702850739769497,179.83333333333334
5395,2,20,pitch_jump,1.0,0.14654856806726776,22.407953497271688,179.83333333333334
5395,2,21,pitch_jump,1.0,0.08608407574251872,19.558784186028657,179.83333333333334
5395,2,23,pitch_jump,1.0,0.18334688729602736,13.008098671316992,179.83333333333334
5396,2,8,pitch_jump,1.0,0.16081676177661858,13.401740443357784,179.86666666666667
5396,2,12,pitch_jump,1.0,0.17364505024953192,13.533422262366765,179.86666666666667
5396,2,23,pitch_jump,1.0,0.1749176660471626,15.409790838514384,179.86666666666667
5396,2,26,pitch_jump,1.0,0.12214213978302949,12.16804104960165,179.86666666666667
5397,2,4,pitch_jump,1.0,0.063061627649639,19.97513954826423,179.9
5397,2,12,pitch_jump,1.0,0.09042307407940682,26.002111193436427,179.9
5397,2,13,pitch_jump,1.0,0.04410593334540977,12.69672161709589,179.9
5397,2,14,pitch_jump,1.0,0.018698429806968418,12.555182595309557,179.9
5397,2,19,pitch_jump,1.0,0.006746213204186898,14.310452325632752,179.9
5397,2,26,pitch_jump,1.0,0.05233506276424764,18.673243383152418,179.9
5399,2,2,pitch_jump,1.0,0.13469031850620827,20.78279745134581,179.96666666666667
5399,2,20,pitch_jump,1.0,0.12017761522296251,15.37422528982787,179.96666666666667
5400,2,2,pitch_jump,1.0,0.06371884050516226,12.571142956203147,180.0
5400,2,12,pitch_jump,1.0,0.12265081580400312,19.629330790366808,180.0
5400,2,13,pitch_jump,1.0,0.06166389639593551,12.653205746209103,180.0
5400,2,20,pitch_jump,1.0,0.052101263110585445,17.281614320098253,180.0
5400,2,24,pitch_jump,1.0,0.13484444640927173,15.007636448171604,180.0
5401,2,2,pitch_jump,1.0,0.13344412981376902,18.74582070350716,180.03333333333333
5401,2,13,pitch_jump,1.0,0.25219326841535844,54.130398332917615,180.03333333333333
5401,2,16,pitch_jump,1.0,0.08150312982350827,16.574832506973337,180.03333333333333
5401,2,19,pitch_jump,1.0,0.0547467402275992,15.379290273269213,180.03333333333333
5401,2,20,pitch_jump,1.0,0.12499403886709692,26.81054328363472,180.03333333333333
5401,2,24,pitch_jump,1.0,0.22050512531276575,14.630218987052487,180.03333333333333
5401,2,26,pitch_jump,1.0,0.10504858954974458,15.042499438671438,180.03333333333333
5402,2,12,pitch_jump,1.0,0.21679488508087585,24.53650483093635,180.06666666666666
5402,2,13,pitch_jump,1.0,0.19596792809150893,29.997927910711486,180.06666666666666
5402,2,14,pitch_jump,1.0,0.03140971914166041,15.22923967842529,180.06666666666666
5402,2,16,pitch_jump,1.0,0.0913644860656163,32.55136796772956,180.06666666666666
5402,2,20,pitch_jump,1.0,0.12755897704182004,22.17867737242518,180.06666666666666
5402,2,26,pitch_jump,1.0,0.09149061568159811,12.025128679518877,180.06666666666666
5403,2,13,pitch_jump,1.0,0.21994466667335724,48.933756933170855,180.1
5404,2,4,pitch_jump,1.0,0.14557298691778395,19.737797356824377,180.13333333333333
5404,2,12,pitch_jump,1.0,0.18059687581386027,40.41005149543058,180.13333333333333
5404,2,13,pitch_jump,1.0,0.1408995741058488,24.34570323517176,180.13333333333333
5404,2,14,pitch_jump,1.0,0.007601951597985662,12.909590735741734,180.13333333333333
5404,2,16,pitch_jump,1.0,0.08374073527219471,17.576055472046054,180.13333333333333
5404,2,19,pitch_jump,1.0,0.06685904892323621,15.133672641184008,180.13333333333333
5404,2,20,pitch_jump,1.0,0.12563591714726893,16.963892635339327,180.13333333333333
5404,2,24,pitch_jump,1.0,0.2302700148087809,22.61905652284118,180.13333333333333
5404,2,26,pitch_jump,1.0,0.07386846876314405,13.961777026759396,180.13333333333333
5405,2,4,pitch_jump,1.0,0.13600590447815117,14.125610564146728,180.16666666666666
5405,2,7,pitch_jump,1.0,0.1555904910943398,14.314068152567406,180.16666666666666
5405,2,12,pitch_jump,1.0,0.1562208611519929,34.47684877848589,180.16666666666666
5405,2,13,pitch_jump,1.0,0.09561660511941798,15.370400563063685,180.16666666666666
5405,2,19,pitch_jump,1.0,0.036693829733872946,21.360449750729792,180.16666666666666
5405,2,20,pitch_jump,1.0,0.11344981579871492,16.81667364112258,180.16666666666666
5405,2,26,pitch_jump,1.0,0.07361048993312658,18.190532846746564,180.16666666666666
5407,2,7,pitch_jump,1.0,0.154661319673045,19.839955437160523,180.23333333333332
5407,2,24,pitch_jump,1.0,0.19822670135555934,14.387405610194394,180.23333333333332
5407,2,26,pitch_jump,1.0,0.07135479254682492,12.379036019807586,180.23333333333332
5409,2,20,pitch_jump,1.0,0.01890957616456755,14.63229907386247,180.3
5410,2,4,pitch_jump,1.0,0.12140946965316127,12.727690576327484,180.33333333333334
5410,2,8,pitch_jump,1.0,0.10239987736615853,39.41475889723788,180.33333333333334
5410,2,14,pitch_jump,1.0,0.00217687153635178,19.73814624805889,180.33333333333334
5410,2,16,pitch_jump,1.0,0.06090358189314716,23.45898193440668,180.33333333333334
5410,2,20,pitch_jump,1.0,0.04458297445835889,38.77134168751106,180.33333333333334
5410,2,26,pitch_jump,1.0,0.06940263637908155,16.734923763734052,180.33333333333334
5411,2,19,pitch_jump,1.0,0.03643471354956494,15.792007802618558,180.36666666666667
5412,2,2,pitch_jump,1.0,0.037539005843814185,16.918267572160094,180.4
5412,2,4,pitch_jump,1.0,0.06440218959180177,14.722153035220481,180.4
5412,2,12,pitch_jump,1.0,0.04856088387856765,12.258121640845745,180.4
5412,2,16,pitch_jump,1.0,0.02123646607685271,19.58502100038413,180.4
5412,2,20,pitch_jump,1.0,0.013157196591570995,40.96281360031714,180.4
5412,2,24,pitch_jump,1.0,0.09124634580168509,15.783916404178996,180.4
5412,2,26,pitch_jump,1.0,0.01809140844106217,13.314013809515297,180.4
5413,2,2,pitch_jump,1.0,0.05718310879141672,22.57630571838037,180.43333333333334
5413,2,7,pitch_jump,1.0,0.10613278539725957,13.693023864837366,180.43333333333334
5413,2,20,pitch_jump,1.0,0.03116912308521889,29.55153165008207,180.43333333333334
5415,2,2,pitch_jump,1.0,0.045370394220571195,16.507694086718892,180.5
5415,2,20,pitch_jump,1.0,0.028349628822354138,14.22990463367132,180.5
5416,2,16,pitch_jump,1.0,0.027970418534316165,16.09011278142871,180.53333333333333
5417,2,14,pitch_jump,1.0,0.015017004765194313,13.093738527338468,180.56666666666666
5417,2,16,pitch_jump,1.0,0.027346059000508363,27.424356630762937,180.56666666666666
5417,2,19,pitch_jump,1.0,0.02861690859660862,12.836031753881237,180.56666666666666
5417,2,20,pitch_jump,1.0,0.03872018344242146,21.72028460402471,180.56666666666666
5418,2,24,pitch_jump,1.0,0.08238595158487956,16.91820229798736,180.6
5419,2,14,pitch_jump,1.0,0.01848091145992265,12.973730387891086,180.63333333333333
5421,2,7,pitch_jump,1.0,0.06269338709579485,15.081025705717872,180.7
5421,2,20,pitch_jump,1.0,0.035515787014927185,16.905855153883888,180.7
5422,2,4,pitch_jump,1.0,0.06571898909566172,13.41999705707053,180.73333333333332
5422,2,7,pitch_jump,1.0,0.082178241746289,16.44890974533626,180.73333333333332
5422,2,12,pitch_jump,1.0,0.11080317792697038,14.754070660778725,180.73333333333332
5422,2,13,pitch_jump,1.0,0.03812525173990905,14.326689276964848,180.73333333333332
5422,2,14,pitch_jump,1.0,0.029811589269922213,14.226506486245105,180.73333333333332
5422,2,24,pitch_jump,1.0,0.1182201088880435,15.857903132051423,180.73333333333332
5423,2,7,pitch_jump,1.0,0.10135772357445859,13.363345078285501,180.76666666666668
5423,2,19,pitch_jump,1.0,0.039655939674413915,17.018126504048947,180.76666666666668
5423,2,20,pitch_jump,1.0,0.07066984188727639,14.852032739779007,180.76666666666668
5423,2,24,pitch_jump,1.0,0.15800616857344602,14.367386033691869,180.76666666666668
5424,2,20,pitch_jump,1.0,0.02195825974560579,12.381731674852922,180.8
5426,2,2,pitch_jump,1.0,0.06883217296294739,13.318523569768992,180.86666666666667
5427,2,2,pitch_jump,1.0,0.05374360787409648,14.395975174241832,180.9
5427,2,7,pitch_jump,1.0,0.050366747120657224,13.136160790196552,180.9
5430,2,14,pitch_jump,1.0,0.033949362664516355,12.375861887828352,181.0
5431,2,4,pitch_jump,1.0,0.06499237303481271,12.262317884475245,181.03333333333333
5431,2,12,pitch_jump,1.0,0.06272529846872847,13.987832780805924,181.03333333333333
5431,2,19,pitch_jump,1.0,0.039427429945544594,16.529329825675763,181.03333333333333
5431,2,20,pitch_jump,1.0,0.04141959631898996,16.706947278403078,181.03333333333333
5431,2,24,pitch_jump,1.0,0.08775216890639354,12.322878460466802,181.03333333333333
5432,2,19,pitch_jump,1.0,0.04895910571758705,14.407933428746771,181.06666666666666
5433,1,1,pitch_jump,1.0,0.05011608940822356,18.539187468229294,181.1
5433,2,12,pitch_jump,1.0,0.0321878829195418,16.446339748715133,181.1
5434,1,1,pitch_jump,1.0,0.11018192204962586,18.15066328889626,181.13333333333333
5434,2,2,pitch_jump,1.0,0.07945983076549376,22.229202119238295,181.13333333333333
5434,2,12,pitch_jump,1.0,0.08036872480089575,14.525521219319623,181.13333333333333
5434,2,20,pitch_jump,1.0,0.05716412427019945,14.057227478382691,181.13333333333333
5435,2,16,pitch_jump,2.0,0.009695225326220316,20.267195120879066,181.16666666666666
5435,2,20,pitch_jump,1.0,0.07087639598069587,15.666824112924898,181.16666666666666
5435,2,26,pitch_jump,1.0,0.03923728363384942,21.300061882627613,181.16666666666666
5436,2,16,pitch_jump,1.0,0.015935808461061234,13.727654475557134,181.2
5438,1,1,pitch_jump,1.0,0.09313951185715218,28.156607507297313,181.26666666666668
5438,2,4,pitch_jump,1.0,0.07348873202872098,13.95606072594745,181.26666666666668
5438,2,8,pitch_jump,1.0,0.05114916451080419,14.846053052489033,181.26666666666668
5438,2,12,pitch_jump,1.0,0.0997075323882886,14.721358313716513,181.26666666666668
5438,2,16,pitch_jump,1.0,0.02858890575010875,30.09048117629905,181.26666666666668
5438,2,26,pitch_jump,1.0,0.03572887025945455,25.70477585781124,181.26666666666668
5439,2,2,pitch_jump,1.0,0.006645219408113748,17.213211319754993,181.3
5439,2,8,pitch_jump,1.0,0.03907805659854185,13.290665192709314,181.3
5439,2,13,pitch_jump,1.0,0.017806540252158175,13.479717976619801,181.3
5439,2,14,pitch_jump,1.0,0.01173277887952005,12.493038864397013,181.3
5439,2,19,pitch_jump,1.0,0.018901251288700797,13.17465660373358,181.3
5439,2,20,pitch_jump,1.0,0.027298556870825493,19.132295706931945,181.3
5440,1,1,pitch_jump,1.0,0.09156972266015868,32.453770682974024,181.33333333333334
5440,2,2,pitch_jump,1.0,0.04072399677694735,15.181184223518617,181.33333333333334
5440,2,4,pitch_jump,1.0,0.0691223132758903,18.38933974306721,181.33333333333334
5440,2,8,pitch_jump,1.0,0.09850142922430555,17.63821114661028,181.33333333333334
5440,2,12,pitch_jump,1.0,0.10803066409373395,23.492166355724226,181.33333333333334
5440,2,13,pitch_jump,1.0,0.039311641543249724,12.912785020287885,181.33333333333334
5440,2,20,pitch_jump,1.0,0.06277345176515821,13.881475061986395,181.33333333333334
5440,2,24,pitch_jump,1.0,0.10085185423939687,18.852968035176826,181.33333333333334
5440,2,26,pitch_jump,1.0,0.0374311321593886,23.19971559768733,181.33333333333334
5441,1,1,pitch_jump,1.0,0.08191199201918023,19.92479236726078,181.36666666666667
5441,2,2,pitch_jump,1.0,0.04208943076511716,20.653589643893685,181.36666666666667
5441,2,8,pitch_jump,1.0,0.09247553768122412,25.583111816654966,181.36666666666667
5441,2,19,pitch_jump,1.0,0.04106481937127757,18.86009530993496,181.36666666666667
5441,2,20,pitch_jump,1.0,0.0725048472135689,17.881010608970026,181.36666666666667
5441,2,24,pitch_jump,1.0,0.07814944438317586,12.802322221420008,181.36666666666667
5441,2,26,pitch_jump,1.0,0.02346822771717046,20.291463670622544,181.36666666666667
5442,2,20,pitch_jump,1.0,0.04968019741258655,13.42781741679228,181.4
5443,2,2,pitch_jump,1.0,0.05332464812478436,27.164283042848435,181.43333333333334
5443,2,4,pitch_jump,1.0,0.07485470447669507,14.74027645969916,181.43333333333334
5443,2,12,pitch_jump,1.0,0.0967029232221448,16.911252393507347,181.43333333333334
5443,2,13,pitch_jump,1.0,0.04590853441215633,14.102825684861095,181.43333333333334
5443,2,19,pitch_jump,1.0,0.07427562535545616,14.858091983399046,181.43333333333334
5443,2,20,pitch_jump,1.0,0.07922298534675952,33.60653561477793,181.43333333333334
5443,2,24,pitch_jump,1.0,0.09266212011183203,17.31441713358435,181.43333333333334
5444,2,8,pitch_jump,2.0,0.09247838962693262,17.898413919218335,181.46666666666667
5445,2,2,pitch_jump,1.0,0.033882822173266755,17.605842673979826,181.5
5445,2,8,pitch_jump,1.0,0.015303686606052077,25.53296851234083,181.5
5445,2,19,pitch_jump,1.0,0.05347096541157898,12.92091618019231,181.5
5445,2,20,pitch_jump,1.0,0.01617823209101442,25.34995061834131,181.5
5446,2,20,pitch_jump,1.0,0.053132219269098016,13.685034075604184,181.53333333333333
5447,2,2,pitch_jump,1.0,0.026604400129123816,86.0489869316366,181.56666666666666
5447,2,4,pitch_jump,1.0,0.08213586416660039,22.30760521993828,181.56666666666666
5447,2,8,pitch_jump,1.0,0.06584733805050462,27.62011701708218,181.56666666666666
5447,2,12,pitch_jump,1.0,0.09834769592995837,12.362956126616039,181.56666666666666
5447,2,13,pitch_jump,1.0,0.08312903357257065,34.12011002914051,181.56666666666666
5447,2,14,pitch_jump,1.0,0.021889803409139725,12.094089735049794,181.56666666666666
5447,2,20,pitch_jump,1.0,0.05965004828682871,132.70380314751844,181.56666666666666
5447,2,24,pitch_jump,1.0,0.09811366227784778,16.397656240058414,181.56666666666666
5447,2,26,pitch_jump,1.0,0.05473674210447494,171.999788803183,181.56666666666666
5448,2,2,pitch_jump,1.0,0.02788673445970379,18.959240012696718,181.6
5448,2,8,pitch_jump,1.0,0.02752098974106786,20.175646711776352,181.6
5448,2,16,pitch_jump,1.0,0.00892847396230034,31.333859589415095,181.6
5448,2,20,pitch_jump,1.0,0.012461779985727263,38.692423984173224,181.6
5448,2,26,pitch_jump,1.0,0.010179086879962856,19.910153722330687,181.6
5449,2,2,pitch_jump,1.0,0.06085903350597199,86.79903375883615,181.63333333333333
5449,2,4,pitch_jump,1.0,0.10094675895876057,41.605646288124696,181.63333333333333
5449,2,8,pitch_jump,1.0,0.14549966455809651,30.023623864049984,181.63333333333333
5449,2,12,pitch_jump,1.0,0.10334184248910784,12.379841669123655,181.63333333333333
5449,2,13,pitch_jump,1.0,0.10296076548045954,15.15458037895764,181.63333333333333
5449,2,14,pitch_jump,1.0,0.017430704146096283,34.768642506363825,181.63333333333333
5449,2,19,pitch_jump,1.0,0.02828714624538921,27.258968542189603,181.63333333333333
5449,2,20,pitch_jump,1.0,0.08311064466595852,156.97254009595375,181.63333333333333
5449,2,26,pitch_jump,1.0,0.06601939023916138,221.66201483446,181.63333333333333
5450,2,2,pitch_jump,1.0,0.0823935927568687,96.62439605957496,181.66666666666666
5450,2,4,pitch_jump,1.0,0.09796604926438776,33.420539493067245,181.66666666666666
5450,2,8,pitch_jump,1.0,0.1448633405122456,35.31308241070101,181.66666666666666
5450,2,12,pitch_jump,1.0,0.08895910477839156,12.593359771538479,181.66666666666666
5450,2,13,pitch_jump,1.0,0.11644277251852146,21.019376259150647,181.66666666666666
5450,2,14,pitch_jump,1.0,0.008259680307297228,20.801331075445347,181.66666666666666
5450,2,19,pitch_jump,1.0,0.03161858453200317,12.193366388834926,181.66666666666666
5450,2,20,pitch_jump,1.0,0.10095912783477531,151.38511009157727,181.66666666666666
5450,2,26,pitch_jump,1.0,0.09044269342414912,198.8861953634017,181.66666666666666
5451,2,2,pitch_jump,1.0,0.036175756820893426,17.473681033379243,181.7
5451,2,8,pitch_jump,1.0,0.0611836062342263,19.014884332578053,181.7
5451,2,16,pitch_jump,3.0,0.05739085404778602,12.901878498961894,181.7
5451,2,20,pitch_jump,1.0,0.04503886047582279,22.420125853365555,181.7
5452,2,2,pitch_jump,1.0,0.07956473494008416,25.273642232510806,181.73333333333332
5452,2,4,pitch_jump,1.0,0.11613858817382273,19.6432075515558,181.73333333333332
5452,2,8,pitch_jump,1.0,0.15637353217576208,34.17916861164938,181.73333333333332
5452,2,12,pitch_jump,1.0,0.09450021433435857,26.946624054185968,181.73333333333332
5452,2,13,pitch_jump,1.0,0.12118760631029173,22.259964246674574,181.73333333333332
5452,2,14,pitch_jump,1.0,0.0073908839712587245,17.511363030096163,181.73333333333332
5452,2,19,pitch_jump,1.0,0.01919437320017045,20.961569027666155,181.73333333333332
5452,2,20,pitch_jump,1.0,0.12390053762578038,32.746625807147375,181.73333333333332
5452,2,24,pitch_jump,1.0,0.1287976831849952,25.57197237702483,181.73333333333332
5452,2,26,pitch_jump,1.0,0.04423377334362235,16.787757412849956,181.73333333333332
5453,2,4,pitch_jump,1.0,0.12701799299584698,17.857531860790566,181.76666666666668
5453,2,12,pitch_jump,1.0,0.08625185655687193,13.129929633514235,181.76666666666668
5453,2,16,pitch_jump,2.0,0.05589598445836979,14.991540852208361,181.76666666666668
5453,2,20,pitch_jump,1.0,0.133337375369926,20.332052631674745,181.76666666666668
5453,2,24,pitch_jump,1.0,0.15315582324353413,17.53452664353753,181.76666666666668
5453,2,26,pitch_jump,1.0,0.07431342458691584,25.485653010119382,181.76666666666668
5454,2,4,pitch_jump,1.0,0.05315611008650188,16.007755601985675,181.8
5454,2,12,pitch_jump,1.0,0.062227962782904975,12.364968395858227,181.8
5454,2,13,pitch_jump,1.0,0.04125254112310047,12.04369200428736,181.8
5454,2,14,pitch_jump,1.0,0.0018396703873045212,12.565294091384017,181.8
5454,2,16,pitch_jump,1.0,0.02652361535403761,12.153479855732783,181.8
5454,2,19,pitch_jump,1.0,0.02320952873636343,12.537798467793552,181.8
5455,2,2,pitch_jump,1.0,0.07271772979528697,264.88648281878693,181.83333333333334
5455,2,4,pitch_jump,1.0,0.13850706109352767,154.95338214471923,181.83333333333334
5455,2,8,pitch_jump,1.0,0.16966324781164682,273.488698750719,181.83333333333334
5455,2,12,pitch_jump,1.0,0.14520499196237513,49.874474558590045,181.83333333333334
5455,2,13,pitch_jump,1.0,0.1232070040272856,19.09512774784892,181.83333333333334
5455,2,14,pitch_jump,1.0,0.06693531341092174,45.84544682761781,181.83333333333334
5455,2,16,pitch_jump,1.0,0.12515084809492458,1575.0517823214757,181.83333333333334
5455,2,19,pitch_jump,1.0,0.03782087898800053,76.691736902548,181.83333333333334
5455,2,20,pitch_jump,1.0,0.1337628967501925,472.119077200653,181.83333333333334
5455,2,24,pitch_jump,1.0,0.16289867658536863,50.0310342971803,181.83333333333334
5455,2,26,pitch_jump,1.0,0.10755960097308373,2541.687106239687,181.83333333333334
5456,2,2,pitch_jump,1.0,0.11647098074398962,14.41947978291046,181.86666666666667
5456,2,4,pitch_jump,1.0,0.14074456563323529,33.63362618565937,181.86666666666667
5456,2,8,pitch_jump,1.0,0.17374228385148552,16.696690489546288,181.86666666666667
5456,2,14,pitch_jump,1.0,0.0650757928131959,22.626443688345642,181.86666666666667
5456,2,19,pitch_jump,1.0,0.030274229383912415,21.68022982588145,181.86666666666667
5456,2,20,pitch_jump,1.0,0.14912773168266244,22.553641179259518,181.86666666666667
5457,2,2,pitch_jump,1.0,0.03824546669159184,23.254343111717265,181.9
5457,2,4,pitch_jump,1.0,0.09566300316378211,40.55602461379249,181.9
5457,2,8,pitch_jump,1.0,0.09064215858265944,32.53820682657396,181.9
5457,2,20,pitch_jump,1.0,0.07854831106927229,28.89932566939293,181.9
5457,2,24,pitch_jump,1.0,0.09643347757588436,19.91432018958852,181.9
5458,2,2,pitch_jump,1.0,0.12804776182230881,14.991087360122478,181.93333333333334
5458,2,4,pitch_jump,1.0,0.16692756203029724,15.524286783290174,181.93333333333334
5458,2,8,pitch_jump,1.0,0.21673584644368477,12.072076512737706,181.93333333333334
5458,2,14,pitch_jump,1.0,0.07216911071365185,13.9768980898157,181.93333333333334
5458,2,19,pitch_jump,1.0,0.0922872153366677,18.718986774978617,181.93333333333334
5458,2,20,pitch_jump,1.0,0.1693551158253781,17.585971434389723,181.93333333333334
5459,2,2,pitch_jump,1.0,0.11898518274362904,30.121771991688956,181.96666666666667
5459,2,4,pitch_jump,1.0,0.1835948344138615,43.71256947679592,181.96666666666667
5459,2,6,pitch_jump,1.0,0.28081907897942954,48.85087660364404,181.96666666666667
5459,2,8,pitch_jump,1.0,0.24229942412651229,33.028323077960835,181.96666666666667
5459,2,13,pitch_jump,1.0,0.18497102612027708,13.51958227988386,181.96666666666667
5459,2,14,pitch_jump,1.0,0.05963866581863538,32.029409470168645,181.96666666666667
5459,2,19,pitch_jump,1.0,0.0846196937149709,35.0494570008471,181.96666666666667
5459,2,20,pitch_jump,1.0,0.19472045717520803,39.82134573194904,181.96666666666667
5460,2,2,pitch_jump,1.0,0.0490103433947831,34.72563858186578,182.0
5460,2,6,pitch_jump,1.0,0.14924717508952368,39.850404987259516,182.0
5460,2,8,pitch_jump,1.0,0.1194481961821726,25.04741178771463,182.0
5460,2,12,pitch_jump,1.0,0.0852773323809715,14.728389027618894,182.0
5460,2,16,pitch_jump,5.0,0.10994747941863119,176.16930922662647,182.0
5460,2,20,pitch_jump,1.0,0.10046718868922848,37.88506229518113,182.0
5460,2,26,pitch_jump,5.0,0.10473241868466847,391.5732239092335,182.0
5461,2,2,pitch_jump,1.0,0.08389801429624957,40.55379101107932,182.03333333333333
5461,2,4,pitch_jump,1.0,0.19457082745544402,30.885955374332315,182.03333333333333
5461,2,6,pitch_jump,1.0,0.3138317653009083,65.46598446747454,182.03333333333333
5461,2,8,pitch_jump,1.0,0.250182697389396,42.25618079108867,182.03333333333333
5461,2,16,pitch_jump,1.0,0.1484299605240645,462.9841726581702,182.03333333333333
5461,2,19,pitch_jump,1.0,0.08024729653592252,13.03799031728654,182.03333333333333
5461,2,20,pitch_jump,1.0,0.240874385724341,65.5724679296838,182.03333333333333
5461,2,26,pitch_jump,1.0,0.15632000615250194,820.575967430557,182.03333333333333
5462,2,2,pitch_jump,1.0,0.10217788649407918,72.94405480622582,182.06666666666666
5462,2,4,pitch_jump,1.0,0.2102924717760642,53.59523993067081,182.06666666666666
5462,2,6,pitch_jump,1.0,0.33068746868049137,147.24821380732476,182.06666666666666
5462,2,8,pitch_jump,1.0,0.28044823210127073,85.66503645152187,182.06666666666666
5462,2,13,pitch_jump,1.0,0.19141235577437793,17.558330421060145,182.06666666666666
5462,2,14,pitch_jump,1.0,0.1174025643880183,19.0747950719747,182.06666666666666
5462,2,19,pitch_jump,1.0,0.06545201846865543,13.728164265296646,182.06666666666666
5462,2,20,pitch_jump,1.0,0.238578699073941,108.68142949658542,182.06666666666666
5462,2,24,pitch_jump,1.0,0.21752852970858555,14.170026531293074,182.06666666666666
5463,2,2,pitch_jump,1.0,0.04632717313382061,20.673662277601583,182.1
5463,2,4,pitch_jump,1.0,0.09627768027478514,12.790919307008839,182.1
5463,2,6,pitch_jump,1.0,0.16673156319181762,56.4740913319385,182.1
5463,2,8,pitch_jump,1.0,0.14470923894259033,32.8028148168138,182.1
5463,2,16,pitch_jump,2.0,0.12339900668015938,216.27281777702544,182.1
5463,2,19,pitch_jump,1.0,0.06792213440859761,20.884069853155477,182.1
5463,2,20,pitch_jump,1.0,0.11206432920209318,39.342524880500356,182.1
5463,2,26,pitch_jump,2.0,0.11763787143280588,422.9743813270822,182.1
5464,2,2,pitch_jump,1.0,0.20009841583358207,90.5223683219941,182.13333333333333
5464,2,4,pitch_jump,1.0,0.18846267204204684,46.408456538425085,182.13333333333333
5464,2,6,pitch_jump,1.0,0.3451478071402468,164.469738201057,182.13333333333333
5464,2,8,pitch_jump,1.0,0.2924123335562433,81.33536316791434,182.13333333333333
5464,2,13,pitch_jump,1.0,0.1796957316556718,14.335539388299948,182.13333333333333
5464,2,14,pitch_jump,1.0,0.13126945301046306,25.274535539325644,182.13333333333333
5464,2,16,pitch_jump,1.0,0.18399639172896748,398.8945446177909,182.13333333333333
5464,2,20,pitch_jump,1.0,0.2484099671304026,129.71567013598352,182.13333333333333
5464,2,24,pitch_jump,1.0,0.22033418812960037,15.094013624969259,182.13333333333333
5464,2,26,pitch_jump,1.0,0.15603680953482482,395.57665945210823,182.13333333333333
5465,2,2,pitch_jump,1.0,0.227271843417369,122.5968931904775,182.16666666666666
5465,2,4,pitch_jump,1.0,0.20946981932146105,33.7714765789501,182.16666666666666
5465,2,6,pitch_jump,1.0,0.34686791456635585,433.26346061102834,182.16666666666666
5465,2,8,pitch_jump,1.0,0.26933093868482694,208.26745512819048,182.16666666666666
5465,2,12,pitch_jump,1.0,0.1827625614311695,18.206817894069978,182.16666666666666
5465,2,13,pitch_jump,1.0,0.16240841656595373,43.33154566027218,182.16666666666666
5465,2,14,pitch_jump,1.0,0.13872684980920652,47.8813183159522,182.16666666666666
5465,2,16,pitch_jump,1.0,0.1875889775607975,216.94841561274646,182.16666666666666
5465,2,19,pitch_jump,1.0,0.07907091592359845,31.12147818759691,182.16666666666666
5465,2,20,pitch_jump,1.0,0.23488333291015245,256.95288130044327,182.16666666666666
5465,2,24,pitch_jump,1.0,0.21718996942847266,24.769290513133765,182.16666666666666
5465,2,26,pitch_jump,1.0,0.1441211633984685,117.63225650856613,182.16666666666666
5466,2,8,pitch_jump,1.0,0.14905132926964226,19.524847751876692,182.2
5467,2,12,pitch_jump,1.0,0.2291161423467891,28.27617112372802,182.23333333333332
5467,2,13,pitch_jump,1.0,0.19881384869793706,15.301278807161324,182.23333333333332
5467,2,14,pitch_jump,1.0,0.15090484799604714,16.877302196659723,182.23333333333332
5467,2,16,pitch_jump,1.0,0.186509941822301,16.46407015944114,182.23333333333332
5467,2,19,pitch_jump,1.0,0.11073518956586835,18.305445872091425,182.23333333333332
5467,2,24,pitch_jump,1.0,0.22057291336666432,19.307501248478555,182.23333333333332
5467,2,26,pitch_jump,1.0,0.14879217322103017,26.078534574063664,182.23333333333332
5468,2,2,pitch_jump,1.0,0.17010043185238283,21.53951556271986,182.26666666666668
5468,2,16,pitch_jump,1.0,0.17620478715020202,12.075673896927873,182.26666666666668
5468,2,24,pitch_jump,1.0,0.22373540220078253,12.454485895637829,182.26666666666668
5469,2,12,pitch_jump,1.0,0.10475889623310564,21.514956978045237,182.3
5469,2,16,pitch_jump,1.0,0.06752727994899532,24.561979255543342,182.3
5469,2,22,pitch_jump,1.0,0.08199048085106726,16.664074308012953,182.3
5469,2,24,pitch_jump,1.0,0.11287807176307023,21.567795381019533,182.3
5469,2,26,pitch_jump,1.0,0.06527331817417062,22.11284324236464,182.3
5470,2,2,pitch_jump,1.0,0.2013056577275982,16.367483920688432,182.33333333333334
5470,2,12,pitch_jump,1.0,0.2208753849299651,20.234045684539076,182.33333333333334
5470,2,13,pitch_jump,1.0,0.19792392896735128,13.887241827082663,182.33333333333334
5470,2,16,pitch_jump,1.0,0.1740864148658108,51.85622289097576,182.33333333333334
5470,2,19,pitch_jump,1.0,0.1054363657917536,14.109524045391446,182.33333333333334
5470,2,22,pitch_jump,1.0,0.1961568655300714,23.43184027664739,182.33333333333334
5470,2,24,pitch_jump,1.0,0.2223828676228305,17.14347468214888,182.33333333333334
5470,2,26,pitch_jump,1.0,0.17033792617037594,45.34614736954313,182.33333333333334
5471,2,2,pitch_jump,1.0,0.16380522286487295,17.71342195178971,182.36666666666667
5471,2,13,pitch_jump,1.0,0.18362911330897236,17.280793398590166,182.36666666666667
5471,2,14,pitch_jump,1.0,0.16758221151161204,19.784653647739187,182.36666666666667
5471,2,16,pitch_jump,1.0,0.16459605447992126,21.587938368818797,182.36666666666667
5471,2,20,pitch_jump,1.0,0.2631605805389538,20.15325941739571,182.36666666666667
5471,2,22,pitch_jump,1.0,0.19063139349845287,20.653747766605793,182.36666666666667
5471,2,24,pitch_jump,1.0,0.20402788066429076,20.913478343573125,182.36666666666667
5471,2,26,pitch_jump,1.0,0.14678237410307163,20.50961361161682,182.36666666666667
5472,2,12,pitch_jump,2.0,0.16986684216046805,21.59264208249353,182.4
5472,2,22,pitch_jump,1.0,0.09369018131130215,13.230156536895434,182.4
5472,2,26,pitch_jump,1.0,0.07234099518855887,18.03800266521118,182.4
5473,2,2,pitch_jump,1.0,0.21047001414998387,25.624903382886778,182.43333333333334
5473,2,13,pitch_jump,1.0,0.17558670023418832,24.395130622103686,182.43333333333334
5473,2,14,pitch_jump,1.0,0.13534351448817886,20.298273551586558,182.43333333333334
5473,2,19,pitch_jump,1.0,0.08372946126390846,21.76001344929143,182.43333333333334
5473,2,20,pitch_jump,1.0,0.26332686817007994,30.261007160912435,182.43333333333334
5473,2,22,pitch_jump,1.0,0.19024825729116782,25.93918770074602,182.43333333333334
5473,2,24,pitch_jump,1.0,0.21471617572061397,26.439347233559875,182.43333333333334
5473,2,26,pitch_jump,1.0,0.14517252059861166,29.9584739272712,182.43333333333334
5474,2,14,pitch_jump,1.0,0.14887089904148776,14.649406011683597,182.46666666666667
5474,2,26,pitch_jump,1.0,0.15667854213480265,12.158714486346065,182.46666666666667
5475,2,12,pitch_jump,3.0,0.14886636512161752,23.541592974433858,182.5
5476,2,2,pitch_jump,1.0,0.25978825927723037,16.795331271270474,182.53333333333333
5476,2,12,pitch_jump,1.0,0.17053801224965714,30.424004733446136,182.53333333333333
5476,2,13,pitch_jump,1.0,0.17250151595483681,12.021827635710197,182.53333333333333
5477,2,2,pitch_jump,1.0,0.2611576634595252,15.333678726456055,182.56666666666666
5477,2,20,pitch_jump,1.0,0.21025677522912375,25.571823324741363,182.56666666666666
5478,2,14,pitch_jump,1.0,0.07863749070242705,12.445337165764972,182.6
5478,2,16,pitch_jump,1.0,0.061926678262438445,13.550640306792713,182.6
5478,2,19,pitch_jump,1.0,0.05104306417043267,12.541437462112178,182.6
5479,2,2,pitch_jump,1.0,0.7263066630684383,206.0272676322922,182.63333333333333
5479,2,4,pitch_jump,1.0,0.21124152920764333,46.80490212453842,182.63333333333333
5479,2,12,pitch_jump,1.0,0.2162064636057641,66.16920686612991,182.63333333333333
5479,2,13,pitch_jump,1.0,0.16697248939696777,34.9606177759735,182.63333333333333
5479,2,16,pitch_jump,1.0,0.12080389713204032,13.132916146889999,182.63333333333333
5479,2,20,pitch_jump,1.0,0.23757784029303577,35.47623593985961,182.63333333333333
5479,2,22,pitch_jump,1.0,0.1700636208228451,41.368063196007185,182.63333333333333
5479,2,26,pitch_jump,1.0,0.1103713395570704,19.190493667136376,182.63333333333333
5480,2,1,pitch_jump,1.0,0.2916023183595455,76.33231266637684,182.66666666666666
5480,2,4,pitch_jump,1.0,0.14280668761312337,27.527632056294024,182.66666666666666
5480,2,12,pitch_jump,1.0,0.190368374704333,33.51090156132639,182.66666666666666
5480,2,13,pitch_jump,1.0,0.16627719551118827,25.86438922799003,182.66666666666666
5480,2,16,pitch_jump,1.0,0.12510127030184195,22.275791790404874,182.66666666666666
5480,2,19,pitch_jump,1.0,0.09513220653113857,16.95677030893792,182.66666666666666
5480,2,20,pitch_jump,1.0,0.23952278671549881,24.75796391637934,182.66666666666666
5480,2,22,pitch_jump,1.0,0.17381532561292556,22.481112309806544,182.66666666666666
5480,2,24,pitch_jump,1.0,0.23465290576382858,25.25995114284234,182.66666666666666
5481,2,2,pitch_jump,1.0,0.07857480000352973,19.352790374748757,182.7
5481,2,6,pitch_jump,1.0,0.11434936092659907,17.192286971609747,182.7
5481,2,7,pitch_jump,1.0,0.09116749296509649,22.80445252018117,182.7
5481,2,12,pitch_jump,1.0,0.1883001887780592,83.91148184988428,182.7
5481,2,16,pitch_jump,1.0,0.053468585800728975,20.383895333866143,182.7
5481,2,20,pitch_jump,1.0,0.11746392098423392,13.824334611819474,182.7
5482,2,1,pitch_jump,1.0,0.21292378160207362,30.24834753224406,182.73333333333332
5482,2,2,pitch_jump,1.0,0.18324850393076014,18.66502928729229,182.73333333333332
5482,2,4,pitch_jump,1.0,0.17522538791413955,47.55636002968036,182.73333333333332
5482,2,6,pitch_jump,1.0,0.2958960742407757,12.54132490792912,182.73333333333332
5482,2,12,pitch_jump,1.0,0.19399896174770548,26.085911763222228,182.73333333333332
5482,2,13,pitch_jump,1.0,0.1756553515459786,43.57229226000192,182.73333333333332
5482,2,19,pitch_jump,1.0,0.08913348431529385,33.39977030333361,182.73333333333332
5482,2,20,pitch_jump,1.0,0.24244060376982204,33.298839500627686,182.73333333333332
5482,2,22,pitch_jump,1.0,0.15497201811270128,52.665440705197106,182.73333333333332
5482,2,24,pitch_jump,2.0,0.14173296625980164,21.913515902092517,182.73333333333332
5483,2,2,pitch_jump,1.0,0.25566394587300606,53.83533928066725,182.76666666666668
5483,2,13,pitch_jump,1.0,0.14317492702270113,13.393391944711476,182.76666666666668
5483,2,19,pitch_jump,1.0,0.08889484539051364,12.64672320920259,182.76666666666668
5483,2,20,pitch_jump,1.0,0.21031670281081002,16.021602661290714,182.76666666666668
5483,2,22,pitch_jump,1.0,0.14464514987687582,14.213191463363206,182.76666666666668
5484,2,2,pitch_jump,1.0,0.07974912737808136,17.90490865966127,182.8
5484,2,4,pitch_jump,1.0,0.06947802164978537,17.681026797084208,182.8
5484,2,6,pitch_jump,1.0,0.08801515022230127,12.70703447212298,182.8
5484,2,7,pitch_jump,1.0,0.09395517864738012,14.152232835778829,182.8
5484,2,12,pitch_jump,1.0,0.03895850483219124,13.314197843772735,182.8
5484,2,16,pitch_jump,1.0,0.04223275123653697,15.048965344555338,182.8
5484,2,22,pitch_jump,1.0,0.05363108040705915,17.926134322150112,182.8
5484,2,24,pitch_jump,1.0,0.07329706163600327,12.892360417157992,182.8
5485,2,1,pitch_jump,1.0,0.2269940462872824,13.02120453198106,182.83333333333334
5485,2,4,pitch_jump,1.0,0.19053448466863313,27.871250909502546,182.83333333333334
5485,2,6,pitch_jump,1.0,0.17319600299368018,19.7485238463395,182.83333333333334
5485,2,7,pitch_jump,1.0,0.2135967400415201,17.55067915248063,182.83333333333334
5485,2,12,pitch_jump,1.0,0.15506254426368835,37.860500022179714,182.83333333333334
5485,2,16,pitch_jump,1.0,0.10441701001699762,13.886069116776701,182.83333333333334
5485,2,20,pitch_jump,1.0,0.19882732072390108,16.39266163496443,182.83333333333334
5485,2,22,pitch_jump,1.0,0.15485473917998166,26.767878276490688,182.83333333333334
5485,2,24,pitch_jump,1.0,0.1664732697479714,29.59682483273116,182.83333333333334
5486,2,4,pitch_jump,1.0,0.1621680856313694,24.203730851896584,182.86666666666667
5486,2,12,pitch_jump,1.0,0.16021801398112023,13.792322082398794,182.86666666666667
5487,2,7,pitch_jump,1.0,0.09689689499654222,19.103577919400095,182.9
5487,2,12,pitch_jump,1.0,0.16856206538268367,43.214806064002055,182.9
5487,2,22,pitch_jump,1.0,0.06864383886354257,15.915815257431973,182.9
5488,2,1,pitch_jump,1.0,0.23090759767695215,21.548439086289978,182.93333333333334
5488,2,2,pitch_jump,1.0,0.15826468041233585,20.367782525083335,182.93333333333334
5488,2,4,pitch_jump,1.0,0.15042093048591199,29.605999631076745,182.93333333333334
5488,2,12,pitch_jump,1.0,0.16937695254634746,33.98745700580093,182.93333333333334
5488,2,13,pitch_jump,1.0,0.11896565633947759,15.241986400386258,182.93333333333334
5488,2,16,pitch_jump,1.0,0.11029688778477167,14.861610985644804,182.93333333333334
5488,2,19,pitch_jump,1.0,0.10904178148445165,23.03216815165201,182.93333333333334
5488,2,22,pitch_jump,1.0,0.16598624780864826,20.970794135485352,182.93333333333334
5488,2,24,pitch_jump,1.0,0.1692931233886256,26.516029507513732,182.93333333333334
5489,2,1,pitch_jump,1.0,0.1605135598893352,14.565482706452366,182.96666666666667
5489,2,2,pitch_jump,1.0,0.17545006598256602,25.523104670432637,182.96666666666667
5489,2,6,pitch_jump,1.0,0.11921525985608246,24.735461275895894,182.96666666666667
5489,2,12,pitch_jump,1.0,0.14214172260827254,21.994067888968715,182.96666666666667
5489,2,13,pitch_jump,1.0,0.12069355740169352,18.634523950394424,182.96666666666667
5489,2,16,pitch_jump,1.0,0.11190269507692369,17.684915268284925,182.96666666666667
5489,2,19,pitch_jump,1.0,0.09394175301750303,17.219572184036217,182.96666666666667
5489,2,20,pitch_jump,1.0,0.16298801408261804,17.96594422793806,182.96666666666667
5489,2,24,pitch_jump,1.0,0.14539101892047698,15.850827613141172,182.96666666666667
5490,2,1,pitch_jump,1.0,0.13664806166223592,30.533831269737824,183.0
5490,2,4,pitch_jump,1.0,0.08296481513398907,23.689817656741777,183.0
5490,2,6,pitch_jump,1.0,0.05855600494584344,15.954977775759687,183.0
5490,2,7,pitch_jump,1.0,0.11266018105536725,22.793975571075055,183.0
5490,2,12,pitch_jump,1.0,0.07589306152242316,42.60613773066786,183.0
5490,2,16,pitch_jump,1.0,0.055981601043797714,18.743441220036384,183.0
5490,2,19,pitch_jump,1.0,0.03666007527010781,14.043864780601242,183.0
5490,2,20,pitch_jump,1.0,0.08018026375367461,12.368781820737484,183.0
5490,2,22,pitch_jump,1.0,0.05207457316203769,20.520000400637326,183.0
5490,2,24,pitch_jump,1.0,0.05368175446538503,19.997708785571547,183.0
5491,2,1,pitch_jump,1.0,0.18183622343207556,37.40856933753084,183.03333333333333
5491,2,2,pitch_jump,1.0,0.14968977931828445,23.124345122781772,183.03333333333333
5491,2,4,pitch_jump,1.0,0.1526266600723732,18.551046061791517,183.03333333333333
5491,2,7,pitch_jump,1.0,0.23189977574209816,13.211585426888659,183.03333333333333
5491,2,12,pitch_jump,1.0,0.13272773892956066,42.53934320795429,183.03333333333333
5491,2,13,pitch_jump,1.0,0.12713364722238327,15.545557965414872,183.03333333333333
5491,2,24,pitch_jump,1.0,0.1719330227172265,19.516024425349837,183.03333333333333
5492,2,1,pitch_jump,1.0,0.3536794237412796,72.23018782885079,183.06666666666666
5492,2,2,pitch_jump,1.0,0.14719075931587824,17.638347469722053,183.06666666666666
5492,2,4,pitch_jump,1.0,0.15467065499949276,12.502091473822713,183.06666666666666
5492,2,6,pitch_jump,1.0,0.09344334675598236,33.57308514535695,183.06666666666666
5492,2,7,pitch_jump,1.0,0.23331415412726045,18.17250649061404,183.06666666666666
5492,2,12,pitch_jump,1.0,0.12184976129522263,20.32497816674091,183.06666666666666
5492,2,13,pitch_jump,1.0,0.09421942636341511,18.771998498750747,183.06666666666666
5492,2,16,pitch_jump,1.0,0.10919849197012235,21.783837230164277,183.06666666666666
5492,2,19,pitch_jump,1.0,0.09194146689596125,23.328209916910097,183.06666666666666
5492,2,20,pitch_jump,1.0,0.18013288759452056,16.80697943348704,183.06666666666666
5492,2,22,pitch_jump,1.0,0.14015763341213877,19.213170585302763,183.06666666666666
5492,2,24,pitch_jump,1.0,0.16885982984478018,17.891147514692175,183.06666666666666
5493,2,1,pitch_jump,1.0,0.20059271180202182,27.46415652616923,183.1
5493,2,2,pitch_jump,1.0,0.06713295783332345,17.162606797021486,183.1
5493,2,6,pitch_jump,1.0,0.036801414173105076,12.464739572441744,183.1
5493,2,7,pitch_jump,1.0,0.1230120144070212,20.87769530721964,183.1
5493,2,12,pitch_jump,1.0,0.0453362384113442,15.19272081307969,183.1
5493,2,13,pitch_jump,1.0,0.046217711214137994,13.97405963800084,183.1
5493,2,16,pitch_jump,1.0,0.047166811273554175,14.084343699134187,183.1
5493,2,19,pitch_jump,1.0,0.04253987505867269,13.451949576025058,183.1
5493,2,20,pitch_jump,1.0,0.07200742968774201,23.317535099232494,183.1
5494,2,1,pitch_jump,1.0,0.32311966085636984,70.49704776141009,183.13333333333333
5494,2,2,pitch_jump,1.0,0.1368693933406481,21.93212796093,183.13333333333333
5494,2,4,pitch_jump,1.0,0.12287673740346562,16.146047535837223,183.13333333333333
5494,2,6,pitch_jump,1.0,0.08279261897932504,12.698515842572057,183.13333333333333
5494,2,7,pitch_jump,1.0,0.2433225849465842,13.344656621668047,183.13333333333333
5494,2,12,pitch_jump,1.0,0.1105107614469054,16.05724601412666,183.13333333333333
5494,2,19,pitch_jump,1.0,0.08853140749413725,19.225047263309335,183.13333333333333
5494,2,20,pitch_jump,1.0,0.15446708328349537,15.658582993175237,183.13333333333333
5494,2,22,pitch_jump,1.0,0.119367162825054,16.234306177722196,183.13333333333333
5495,2,1,pitch_jump,1.0,0.20724723682181753,23.517963519341475,183.16666666666666
5495,2,4,pitch_jump,1.0,0.1331245252003786,17.759478038950075,183.16666666666666
5495,2,13,pitch_jump,1.0,0.13501100009994527,13.18820647250179,183.16666666666666
5495,2,16,pitch_jump,2.0,0.19312476448180946,14.449947748473349,183.16666666666666
5495,2,19,pitch_jump,1.0,0.07278283279246031,13.768436996484022,183.16666666666666
5495,2,22,pitch_jump,1.0,0.11503913859590996,22.396673416852845,183.16666666666666
5495,2,24,pitch_jump,1.0,0.1697721034627428,15.440171822079972,183.16666666666666
5496,2,4,pitch_jump,1.0,0.04528437620778465,17.07643975547009,183.2
5496,2,12,pitch_jump,1.0,0.04832859127396067,16.51096796412188,183.2
5496,2,13,pitch_jump,1.0,0.06447617265759079,16.007121410224872,183.2
5496,2,22,pitch_jump,1.0,0.05479953242185002,20.183216962492306,183.2
5496,2,24,pitch_jump,1.0,0.058300587150076806,23.82648873581351,183.2
5497,2,6,pitch_jump,1.0,0.06992886461119749,18.370223482329486,183.23333333333332
5498,2,1,pitch_jump,1.0,0.20810336429090515,16.135976288945457,183.26666666666668
5498,2,4,pitch_jump,1.0,0.13792896510931724,13.764276848136356,183.26666666666668
5498,2,6,pitch_jump,1.0,0.07333741390710495,16.480034486519855,183.26666666666668
5498,2,7,pitch_jump,1.0,0.19170431109516997,12.19227699414135,183.26666666666668
5498,2,12,pitch_jump,1.0,0.1258898632762243,18.98038756845231,183.26666666666668
5498,2,16,pitch_jump,1.0,0.15218374130358556,18.887350320128274,183.26666666666668
5498,2,19,pitch_jump,1.0,0.07805089469182377,19.925749918051736,183.26666666666668
5498,2,21,pitch_jump,2.0,0.17423150980532046,50.84513053778398,183.26666666666668
5498,2,22,pitch_jump,1.0,0.1313778517902382,18.133409198178338,183.26666666666668
5498,2,24,pitch_jump,1.0,0.19275723980390305,30.482112922300438,183.26666666666668
5499,2,4,pitch_jump,1.0,0.06413124208696055,12.39807084686184,183.3
5499,2,6,pitch_jump,1.0,0.03954894134796555,14.81356575282606,183.3
5499,2,7,pitch_jump,1.0,0.08539038558337485,12.536224739765547,183.3
5499,2,12,pitch_jump,1.0,0.03707578523143733,14.547615520490341,183.3
5499,2,16,pitch_jump,1.0,0.2310563808667595,25.394268811273257,183.3
5499,2,21,pitch_jump,1.0,0.34741675877977474,81.86118275598976,183.3
5499,2,24,pitch_jump,1.0,0.10103319515123681,23.4332151656896,183.3
5500,2,3,pitch_jump,1.0,0.23230960321372968,33.33680388179224,183.33333333333334
5500,2,12,pitch_jump,1.0,0.13123913391487352,16.731578971584085,183.33333333333334
5500,2,14,pitch_jump,1.0,0.2583172685620776,40.21756267508963,183.33333333333334
5500,2,16,pitch_jump,1.0,0.10617630183620982,14.838644211444791,183.33333333333334
5500,2,21,pitch_jump,1.0,0.22264603510339098,38.615939672136804,183.33333333333334
5500,2,24,pitch_jump,1.0,0.11954702199562542,21.165645626967102,183.33333333333334
5500,2,26,pitch_jump,1.0,0.18222454986357392,13.057667369271085,183.33333333333334
5501,2,4,pitch_jump,1.0,0.17082719106854305,30.418485038777863,183.36666666666667
5501,2,14,pitch_jump,1.0,0.1928103960793175,12.88580857035836,183.36666666666667
5501,2,21,pitch_jump,1.0,0.24423574351221802,26.303593965872576,183.36666666666667
5502,2,1,pitch_jump,1.0,0.023672358815926383,13.15640769963653,183.4
5502,2,7,pitch_jump,1.0,0.07464557966427511,23.717325042583635,183.4
5502,2,14,pitch_jump,1.0,0.07210801992774306,12.900268630624085,183.4
5502,2,20,pitch_jump,1.0,0.03763617124851369,20.81764150083427,183.4
5502,2,21,pitch_jump,1.0,0.0787566660179295,14.432995980444764,183.4
5502,2,24,pitch_jump,1.0,0.09203866042472639,31.781598187792632,183.4
5502,2,26,pitch_jump,1.0,0.08348454829228465,16.792582372611495,183.4
5503,2,6,pitch_jump,1.0,0.05832211744196623,13.156975401046365,183.43333333333334
5503,2,14,pitch_jump,1.0,0.19441977895932502,43.52033397597471,183.43333333333334
5504,2,1,pitch_jump,1.0,0.23913071664334812,14.730990765410413,183.46666666666667
5504,2,7,pitch_jump,1.0,0.132697149659858,18.39911685747502,183.46666666666667
5504,2,13,pitch_jump,1.0,0.10133891307668247,12.622656639686063,183.46666666666667
5504,2,20,pitch_jump,1.0,0.11182034915887343,20.14526559193596,183.46666666666667
5504,2,21,pitch_jump,1.0,0.20794304313295822,25.141314949836435,183.46666666666667
5504,2,22,pitch_jump,1.0,0.08556297258374988,13.313168754368736,183.46666666666667
5504,2,26,pitch_jump,1.0,0.1376015584353999,15.455735093693828,183.46666666666667
5505,2,1,pitch_jump,1.0,0.1365467663905669,43.713438459484586,183.5
5505,2,3,pitch_jump,1.0,0.05481323061497007,66.93795361024564,183.5
5505,2,4,pitch_jump,1.0,0.008737881416384331,316.1213198442332,183.5
5505,2,7,pitch_jump,1.0,0.06382519941533689,22.872025850166562,183.5
5505,2,12,pitch_jump,1.0,0.009279200348232925,401.207457106596,183.5
5505,2,13,pitch_jump,1.0,0.02267453593852362,132.5335104200468,183.5
5505,2,14,pitch_jump,1.0,0.22273900288648818,13.453966334548648,183.5
5505,2,15,pitch_jump,1.0,0.06005827709583839,73.62918804059528,183.5
5505,2,20,pitch_jump,1.0,0.03442937079558365,132.5500601249301,183.5
5505,2,21,pitch_jump,1.0,0.09904665599707133,57.01779054595294,183.5
5505,2,22,pitch_jump,1.0,0.016053788632593765,302.8395304160505,183.5
5505,2,24,pitch_jump,1.0,0.00285166944679389,388.8686404594626,183.5
5505,2,26,pitch_jump,1.0,0.05375569181200452,25.726436546685193,183.5
5506,2,1,pitch_jump,1.0,0.17401725199086518,13.52169865183999,183.53333333333333
5506,2,4,pitch_jump,1.0,0.0782180498382797,28.044326149703537,183.53333333333333
5506,2,12,pitch_jump,1.0,0.06172811128467823,39.97029237184122,183.53333333333333
5506,2,13,pitch_jump,1.0,0.08510239560833532,22.23709108755077,183.53333333333333
5506,2,14,pitch_jump,1.0,0.1253040633799645,16.158307254510607,183.53333333333333
5506,2,20,pitch_jump,1.0,0.11764466881179213,25.770886314018195,183.53333333333333
5506,2,21,pitch_jump,1.0,0.14710498369814962,21.12003314080503,183.53333333333333
5506,2,22,pitch_jump,1.0,0.0676555081697343,28.281684121451345,183.53333333333333
5506,2,24,pitch_jump,1.0,0.059661361616590435,33.035446979884846,183.53333333333333
5507,2,1,pitch_jump,1.0,0.20685542010603114,28.163498374167407,183.56666666666666
5507,2,3,pitch_jump,1.0,0.10754281286187492,31.929131852885824,183.56666666666666
5507,2,4,pitch_jump,1.0,0.04523366130781786,276.56767925808964,183.56666666666666
5507,2,6,pitch_jump,1.0,0.05609425790368347,26.93962218654223,183.56666666666666
5507,2,7,pitch_jump,1.0,0.14056368483755585,26.539361044451997,183.56666666666666
5507,2,12,pitch_jump,1.0,0.0423543763631153,347.3704114990536,183.56666666666666
5507,2,13,pitch_jump,1.0,0.05673020903262665,98.57501187925487,183.56666666666666
5507,2,14,pitch_jump,1.0,0.0916218842949916,13.898723506911676,183.56666666666666
5507,2,15,pitch_jump,1.0,0.1124426382052286,47.7068611964524,183.56666666666666
5507,2,16,pitch_jump,1.0,0.07167099543650804,31.536609384659577,183.56666666666666
5507,2,20,pitch_jump,1.0,0.10439845103477993,82.7843960824826,183.56666666666666
5507,2,21,pitch_jump,1.0,0.1744384143276297,46.399464447589544,183.56666666666666
5507,2,22,pitch_jump,1.0,0.05581052794908709,272.81145151224894,183.56666666666666
5507,2,24,pitch_jump,1.0,0.1059215487253457,351.1213815801019,183.56666666666666
5507,2,26,pitch_jump,1.0,0.1354738802870512,36.69099874720355,183.56666666666666
5508,2,1,pitch_jump,1.0,0.08130134056833883,17.552215333189444,183.6
5508,2,3,pitch_jump,1.0,0.052980939590558225,31.405501375727308,183.6
5508,2,4,pitch_jump,1.0,0.0016769177948116854,256.0573245726385,183.6
5508,2,6,pitch_jump,1.0,0.03582092152949932,23.211576303366787,183.6
5508,2,7,pitch_jump,1.0,0.059353830692364315,29.757312657932843,183.6
5508,2,12,pitch_jump,1.0,0.011413446018548727,323.24631863296906,183.6
5508,2,13,pitch_jump,1.0,0.007706719559243724,91.55226358765673,183.6
5508,2,14,pitch_jump,1.0,0.13206417055565853,42.47292476578646,183.6
5508,2,15,pitch_jump,1.0,0.05941095907236274,40.646578947597604,183.6
5508,2,16,pitch_jump,1.0,0.03541458377924062,25.563650200156427,183.6
5508,2,20,pitch_jump,1.0,0.04751086080752585,74.57085567395237,183.6
5508,2,21,pitch_jump,1.0,0.04644718518633325,38.978294571533894,183.6
5508,2,22,pitch_jump,1.0,0.017936120591996292,249.61527974317858,183.6
5508,2,24,pitch_jump,1.0,0.06356593220563571,312.3223008893669,183.6
5508,2,26,pitch_jump,1.0,0.05938535676971119,30.280858606895965,183.6
5509,2,4,pitch_jump,1.0,0.05211928109880363,18.099579135008767,183.63333333333333
5509,2,7,pitch_jump,1.0,0.1454988866068746,13.693856905173204,183.63333333333333
5509,2,12,pitch_jump,1.0,0.05893216416404119,26.4683021546368,183.63333333333333
5509,2,13,pitch_jump,1.0,0.05409458953378141,15.28904664285858,183.63333333333333
5509,2,14,pitch_jump,1.0,0.07505549860453489,18.456491763995253,183.63333333333333
5509,2,20,pitch_jump,1.0,0.11019084864699957,17.043944155064025,183.63333333333333
5509,2,22,pitch_jump,1.0,0.07075039488542383,16.429415386629344,183.63333333333333
5509,2,24,pitch_jump,1.0,0.09441953379204164,21.474539956931707,183.63333333333333
5510,2,1,pitch_jump,1.0,0.25549300459639734,30.419798602084335,183.66666666666666
5510,2,4,pitch_jump,1.0,0.0342229730553951,245.60129816644456,183.66666666666666
5510,2,6,pitch_jump,1.0,0.057468954963273776,24.495137651241254,183.66666666666666
5510,2,7,pitch_jump,1.0,0.15464222041996123,21.573221566630437,183.66666666666666
5510,2,12,pitch_jump,1.0,0.03372685365931556,323.74281883421213,183.66666666666666
5510,2,13,pitch_jump,1.0,0.037619545820092366,96.27304992282015,183.66666666666666
5510,2,15,pitch_jump,1.0,0.10115304638005185,27.386758066034066,183.66666666666666
5510,2,16,pitch_jump,1.0,0.06628870319703326,19.30714523651628,183.66666666666666
5510,2,20,pitch_jump,1.0,0.0520614278596639,81.55349551093789,183.66666666666666
5510,2,21,pitch_jump,1.0,0.12960155584221425,23.110614405198184,183.66666666666666
5510,2,22,pitch_jump,1.0,0.035453571262636666,239.54337154134913,183.66666666666666
5510,2,23,pitch_jump,4.0,0.126338974656997,184.1135374111744,183.66666666666666
5510,2,24,pitch_jump,1.0,0.019614700661727165,314.9295050329101,183.66666666666666
5510,2,26,pitch_jump,1.0,0.123832471302042,32.228733601293904,183.66666666666666
5511,2,1,pitch_jump,1.0,0.08911693209367033,12.786747809070759,183.7
5511,2,7,pitch_jump,1.0,0.07358773967604916,14.166967469228869,183.7
5512,2,1,pitch_jump,1.0,0.20809246232301554,33.50553793105165,183.73333333333332
5512,2,4,pitch_jump,1.0,0.06119379074190246,230.38470420073043,183.73333333333332
5512,2,6,pitch_jump,1.0,0.055356457500567,14.96649010954321,183.73333333333332
5512,2,7,pitch_jump,1.0,0.11941208958373353,42.753838870362266,183.73333333333332
5512,2,12,pitch_jump,1.0,0.040519228200693536,300.8870666444447,183.73333333333332
5512,2,13,pitch_jump,1.0,0.02392827487478923,102.83149294157062,183.73333333333332
5512,2,14,pitch_jump,1.0,0.07653561811635941,32.22078249266527,183.73333333333332
5512,2,16,pitch_jump,1.0,0.06583878460785039,13.474905678979855,183.73333333333332
5512,2,20,pitch_jump,1.0,0.07323699288923012,77.87761705053126,183.73333333333332
5512,2,21,pitch_jump,1.0,0.10349447886451571,17.05889321840258,183.73333333333332
5512,2,22,pitch_jump,1.0,0.03674691769107189,226.12996212018672,183.73333333333332
5512,2,24,pitch_jump,1.0,0.1389619840504287,287.30615381705275,183.73333333333332
5512,2,26,pitch_jump,1.0,0.13965502097489088,54.22683275547703,183.73333333333332
5513,2,1,pitch_jump,1.0,0.2451281202141635,14.464994147000711,183.76666666666668
5513,2,4,pitch_jump,1.0,0.03295621159203832,41.76911236688438,183.76666666666668
5513,2,7,pitch_jump,1.0,0.0926349242728634,14.016838079601964,183.76666666666668
5513,2,12,pitch_jump,1.0,0.05695242023208364,62.88133611494621,183.76666666666668
5513,2,13,pitch_jump,1.0,0.05138434641497152,14.748610026141263,183.76666666666668
5513,2,14,pitch_jump,1.0,0.0653469872300738,16.340574804317573,183.76666666666668
5513,2,20,pitch_jump,1.0,0.06759864476465413,21.16013301530844,183.76666666666668
5513,2,22,pitch_jump,1.0,0.045983528048134936,43.231344760137674,183.76666666666668
5513,2,24,pitch_jump,1.0,0.0812986271812267,68.06696090085207,183.76666666666668
5514,2,6,pitch_jump,1.0,0.014350322926969132,13.261724413503973,183.8
5514,2,12,pitch_jump,1.0,0.0288217221183423,12.196487914660537,183.8
5514,2,16,pitch_jump,1.0,0.03539438413014907,12.049026907117264,183.8
5515,2,4,pitch_jump,1.0,0.04596131605856067,16.08978909332483,183.83333333333334
5515,2,6,pitch_jump,1.0,0.028842460058570125,17.990836035209814,183.83333333333334
5515,2,12,pitch_jump,1.0,0.03991423284047301,27.107535899857186,183.83333333333334
5515,2,16,pitch_jump,1.0,0.05727645222147518,17.50211792650207,183.83333333333334
5515,2,22,pitch_jump,1.0,0.0514540238792437,15.605768843953472,183.83333333333334
5515,2,24,pitch_jump,2.0,0.040128345763152745,17.867376704734166,183.83333333333334
5516,2,4,pitch_jump,1.0,0.03617687742221797,19.771803678869592,183.86666666666667
5516,2,6,pitch_jump,1.0,0.031679744548095926,13.540475263720682,183.86666666666667
5516,2,7,pitch_jump,1.0,0.10983807882861807,13.889299945687734,183.86666666666667
5516,2,12,pitch_jump,1.0,0.029032970241656804,26.606643653280166,183.86666666666667
5516,2,13,pitch_jump,1.0,0.03324045463779062,16.779847781240555,183.86666666666667
5516,2,16,pitch_jump,1.0,0.06149094589064625,12.066513235124818,183.86666666666667
5516,2,20,pitch_jump,1.0,0.06686424269706717,18.235551685658415,183.86666666666667
5516,2,22,pitch_jump,1.0,0.06006866491660913,18.14149019129835,183.86666666666667
5516,2,24,pitch_jump,1.0,0.039846849423728604,23.322819939384797,183.86666666666667
5517,2,4,pitch_jump,1.0,0.012910741526263238,19.9007219665241,183.9
5517,2,12,pitch_jump,1.0,0.005434195164174033,27.597871223535737,183.9
5517,2,14,pitch_jump,1.0,0.10275676656712708,20.378688957850283,183.9
5517,2,22,pitch_jump,1.0,0.0278808227339645,19.12628341323475,183.9
5517,2,24,pitch_jump,1.0,0.017435375437788482,30.481200572185553,183.9
5518,2,1,pitch_jump,1.0,0.16139911868298573,15.6341106041697,183.93333333333334
5518,2,4,pitch_jump,1.0,0.016023646245296924,19.017881988545618,183.93333333333334
5518,2,12,pitch_jump,1.0,0.008943556885487695,19.899270281534573,183.93333333333334
5518,2,14,pitch_jump,1.0,0.06084938289778244,12.9128569717031,183.93333333333334
5518,2,16,pitch_jump,1.0,0.06254582397237676,12.917622972722185,183.93333333333334
5518,2,22,pitch_jump,1.0,0.03276427484735062,20.226945955127107,183.93333333333334
5518,2,24,pitch_jump,1.0,0.027335831347691863,18.320871826092688,183.93333333333334
5519,2,1,pitch_jump,1.0,0.22154191760763076,17.514627462373994,183.96666666666667
5519,2,4,pitch_jump,1.0,0.013867109843862125,19.535286086668737,183.96666666666667
5519,2,7,pitch_jump,1.0,0.0709245226298758,12.992414706635403,183.96666666666667
5519,2,12,pitch_jump,1.0,0.023237762698471724,29.537921250076206,183.96666666666667
5519,2,14,pitch_jump,1.0,0.10428836012655347,18.77014881160465,183.96666666666667
5519,2,20,pitch_jump,1.0,0.03935648259904947,17.236957431623807,183.96666666666667
5519,2,22,pitch_jump,1.0,0.03299844048746911,20.518787421660935,183.96666666666667
5519,2,24,pitch_jump,1.0,0.010111986741273579,25.879968270698036,183.96666666666667
5520,2,12,pitch_jump,1.0,0.019737748165779136,12.939536986042553,184.0
5520,2,24,pitch_jump,1.0,0.010737857767493177,16.219590697577605,184.0
5521,2,3,pitch_jump,1.0,0.06704590948715672,13.236187878761127,184.03333333333333
5521,2,14,pitch_jump,1.0,0.06195419567583764,16.17578316609994,184.03333333333333
5521,2,24,pitch_jump,1.0,0.09126304702014644,26.96049044137553,184.03333333333333
5522,2,3,pitch_jump,1.0,0.07620930347265147,14.561260045598504,184.06666666666666
5522,2,4,pitch_jump,1.0,0.04246939256535469,29.472477875065476,184.06666666666666
5522,2,7,pitch_jump,1.0,0.07342853934288943,15.995649514579725,184.06666666666666
5522,2,12,pitch_jump,1.0,0.030321469381584653,30.1441597538848,184.06666666666666
5522,2,13,pitch_jump,1.0,0.03902668546736945,17.52513650447833,184.06666666666666
5522,2,20,pitch_jump,1.0,0.04743541998559999,13.424051167547054,184.06666666666666
5522,2,22,pitch_jump,1.0,0.01740038992670535,27.10606005823963,184.06666666666666
5522,2,24,pitch_jump,1.0,0.1203957446382457,36.70780037007907,184.06666666666666
5522,2,26,pitch_jump,1.0,0.10520448553401658,20.07096777891977,184.06666666666666
5523,2,1,pitch_jump,1.0,0.1183633934722551,12.466358807382605,184.1
5523,2,12,pitch_jump,1.0,0.02467024742316205,15.89963127801823,184.1
5523,2,14,pitch_jump,1.0,0.025372648128104976,12.07931406600741,184.1
5523,2,24,pitch_jump,1.0,0.04089576778387258,15.915079223672025,184.1
5524,2,3,pitch_jump,1.0,0.12006155220835225,29.920882415005227,184.13333333333333
5524,2,4,pitch_jump,1.0,0.062110504968132016,15.090182218397068,184.13333333333333
5524,2,6,pitch_jump,1.0,0.026072593565133605,12.110648796175104,184.13333333333333
5525,2,3,pitch_jump,1.0,0.05625972689252605,18.637745045868158,184.16666666666666
5525,2,4,pitch_jump,1.0,0.00653042619372099,17.472434225072533,184.16666666666666
5525,2,7,pitch_jump,1.0,0.07240991872959757,16.96377775911381,184.16666666666666
5525,2,12,pitch_jump,1.0,0.006411615150369983,19.091096096514327,184.16666666666666
5525,2,22,pitch_jump,1.0,0.013567057348640343,18.211489029121534,184.16666666666666
5525,2,24,pitch_jump,1.0,0.12172784877580928,32.13800819154725,184.16666666666666
5525,2,26,pitch_jump,1.0,0.08414365415664521,12.992720288651277,184.16666666666666
5526,2,4,pitch_jump,1.0,0.01198340314572211,13.440086234411577,184.2
5526,2,12,pitch_jump,1.0,0.04210376922612063,26.420395886908153,184.2
5526,2,22,pitch_jump,1.0,0.0037422606163881244,14.086014283743737,184.2
5526,2,24,pitch_jump,1.0,0.025149291825821502,19.247879034974073,184.2
5527,2,1,pitch_jump,1.0,0.20112265906754942,14.942108521237303,184.23333333333332
5527,2,4,pitch_jump,1.0,0.00893889802395044,13.577930696148522,184.23333333333332
5527,2,12,pitch_jump,1.0,0.022422304817200905,12.968025757295283,184.23333333333332
5527,2,15,pitch_jump,1.0,0.030586097468466023,13.593002610214036,184.23333333333332
5527,2,20,pitch_jump,1.0,0.03092224571344514,14.620531192426906,184.23333333333332
5527,2,24,pitch_jump,1.0,0.03250124319540793,20.779930059633784,184.23333333333332
5530,2,6,pitch_jump,1.0,0.026040439149819454,12.611028855500631,184.33333333333334
5530,2,7,pitch_jump,1.0,0.04085459414592749,16.963502574269036,184.33333333333334
5530,2,12,pitch_jump,1.0,0.016419183190306285,15.43658570122664,184.33333333333334
5530,2,14,pitch_jump,1.0,0.05188352183419788,12.109830717802305,184.33333333333334
5530,2,16,pitch_jump,1.0,0.02831253680865554,12.29275058985501,184.33333333333334
5530,2,22,pitch_jump,1.0,0.015175554881537726,12.513854315154063,184.33333333333334
5530,2,24,pitch_jump,1.0,0.04347607211471997,16.353535959633653,184.33333333333334
5531,2,1,pitch_jump,1.0,0.20324316309820606,12.395487621978855,184.36666666666667
5531,2,12,pitch_jump,1.0,0.008783097803050127,12.346010088768391,184.36666666666667
5531,2,26,pitch_jump,1.0,0.06887356808552256,12.803482974218804,184.36666666666667
5532,2,20,pitch_jump,1.0,0.019838530797106686,12.335833524419202,184.4
5534,2,7,pitch_jump,1.0,0.023779460914453928,16.294466808799992,184.46666666666667
5534,2,14,pitch_jump,1.0,0.12675925896106,38.64128082305012,184.46666666666667
5534,2,20,pitch_jump,1.0,0.013981538400423295,15.067292362648514,184.46666666666667
5535,2,4,pitch_jump,1.0,0.03200529245293944,16.370219633977378,184.5
5535,2,14,pitch_jump,1.0,0.06701034846112727,15.275726191233636,184.5
5535,2,22,pitch_jump,1.0,0.02304302017473072,16.757873018328887,184.5
5536,2,3,pitch_jump,1.0,0.09671045048557256,25.298372232756886,184.53333333333333
5536,2,14,pitch_jump,1.0,0.07281234783555571,15.494682000378527,184.53333333333333
5537,2,14,pitch_jump,1.0,0.10301696177930544,25.063926790297014,184.56666666666666
5537,2,24,pitch_jump,1.0,0.05316603581323002,15.369009028986472,184.56666666666666
5538,2,20,pitch_jump,1.0,0.009956253363227727,13.912509591942433,184.6
5538,2,22,pitch_jump,1.0,0.042577919496648256,14.004393287712636,184.6
5538,2,24,pitch_jump,1.0,0.03900341887350091,21.648051927175963,184.6
5539,2,12,pitch_jump,1.0,0.11546248991335609,25.56196168343504,184.63333333333333
5540,2,14,pitch_jump,1.0,0.042787681300480926,17.381833529013267,184.66666666666666
5541,2,4,pitch_jump,1.0,0.0543635130670171,14.642564277047047,184.7
5541,2,12,pitch_jump,1.0,0.043081438126626834,23.838200804908734,184.7
5541,2,13,pitch_jump,1.0,0.05884978025036056,13.321554285533843,184.7
5541,2,14,pitch_jump,1.0,0.01632918563874213,13.254463973314015,184.7
5541,2,22,pitch_jump,1.0,0.03819766145872683,15.589661935994872,184.7
5541,2,24,pitch_jump,1.0,0.03682663112591371,12.169435187770807,184.7
5542,2,24,pitch_jump,1.0,0.093710152845898,20.038283076203133,184.73333333333332
5543,2,12,pitch_jump,1.0,0.03317155971323775,12.16456367496586,184.76666666666668
5543,2,24,pitch_jump,1.0,0.09351557792285928,23.71004151836255,184.76666666666668
5545,2,20,pitch_jump,1.0,0.03909248977583064,12.379013612281014,184.83333333333334
5545,2,22,pitch_jump,1.0,0.035858363796626894,16.325234850049313,184.83333333333334
5545,2,24,pitch_jump,1.0,0.054218682705448586,17.491943552668186,184.83333333333334
5547,2,4,pitch_jump,1.0,0.052153665733763545,12.897686553204093,184.9
5547,2,13,pitch_jump,1.0,0.03788251143845216,13.604917702765052,184.9
5547,2,24,pitch_jump,1.0,0.13221397271748772,23.33687390091695,184.9
5548,2,12,pitch_jump,1.0,0.05569713680852386,12.374325912496138,184.93333333333334
5548,2,24,pitch_jump,1.0,0.0835192883632295,15.129858053984034,184.93333333333334
5549,2,14,pitch_jump,1.0,0.06350911984988714,18.25022893143143,184.96666666666667
5550,2,24,pitch_jump,1.0,0.09751449056813222,23.26383753027316,185.0
5551,2,4,pitch_jump,1.0,0.08535802898474511,14.800565546779058,185.03333333333333
5552,2,4,pitch_jump,1.0,0.09697566396868838,15.964433131135081,185.06666666666666
5552,2,12,pitch_jump,1.0,0.030045998933501024,19.893826020686074,185.06666666666666
5552,2,22,pitch_jump,1.0,0.048556553472204673,13.452464825185967,185.06666666666666
5552,2,24,pitch_jump,1.0,0.09479716043890053,15.870075763087074,185.06666666666666
5553,2,24,pitch_jump,1.0,0.09902285418248312,14.931126289865148,185.1
5554,2,7,pitch_jump,1.0,0.02314370834462933,18.819604046505145,185.13333333333333
5554,2,24,pitch_jump,1.0,0.08006750538427894,14.725272923192497,185.13333333333333
5555,2,4,pitch_jump,1.0,0.09229755585664719,19.941107839729707,185.16666666666666
5555,2,12,pitch_jump,1.0,0.02461473344557999,18.557548561926843,185.16666666666666
5555,2,22,pitch_jump,1.0,0.03621127972465437,17.30963108593343,185.16666666666666
5555,2,24,pitch_jump,1.0,0.06384400422874947,22.525423241051463,185.16666666666666
5557,2,1,pitch_jump,1.0,0.06287287731768176,12.06679209530971,185.23333333333332
5557,2,4,pitch_jump,1.0,0.07276102008717303,20.331357817696706,185.23333333333332
5557,2,7,pitch_jump,1.0,0.037296458745272834,13.818531042110028,185.23333333333332
5557,2,12,pitch_jump,1.0,0.032743510149295385,23.447587903573634,185.23333333333332
5557,2,22,pitch_jump,1.0,0.037473445625368945,20.51692017896818,185.23333333333332
5557,2,24,pitch_jump,1.0,0.05743270931312263,25.474227931594562,185.23333333333332
5563,2,1,pitch_jump,1.0,0.07517946176010866,14.145977393164928,185.43333333333334
5563,2,4,pitch_jump,1.0,0.07176960957802912,14.751091178077518,185.43333333333334
5563,2,7,pitch_jump,1.0,0.05043925043694817,16.86029507719201,185.43333333333334
5563,2,12,pitch_jump,1.0,0.07458949490242488,13.781199623521868,185.43333333333334
5563,2,13,pitch_jump,1.0,0.10095546327269543,13.765581930246858,185.43333333333334
5563,2,14,pitch_jump,1.0,0.0032507052420057574,15.599002651281136,185.43333333333334
5563,2,20,pitch_jump,1.0,0.06074468216923161,18.01434547539307,185.43333333333334
5563,2,22,pitch_jump,1.0,0.049165430854019,14.302009017597985,185.43333333333334
5563,2,24,pitch_jump,1.0,0.09033511600704111,25.635625509957325,185.43333333333334
5564,2,1,pitch_jump,1.0,0.10737941847332645,16.579746446836353,185.46666666666667
5564,2,4,pitch_jump,1.0,0.07296847677688398,12.812758531753337,185.46666666666667
5564,2,12,pitch_jump,1.0,0.04770397570152248,17.47941859108273,185.46666666666667
5564,2,22,pitch_jump,1.0,0.06486827089007094,13.6180589611748,185.46666666666667
5564,2,24,pitch_jump,1.0,0.10075169439979306,18.905796470199313,185.46666666666667
5565,2,12,pitch_jump,1.0,0.03697599761188507,14.932034862675348,185.5
5565,2,22,pitch_jump,1.0,0.04854789031582349,12.668094772008454,185.5
5565,2,24,pitch_jump,1.0,0.0655994515029201,14.701349742751495,185.5
5567,2,12,pitch_jump,1.0,0.06903980349535521,12.535455734465087,185.56666666666666
5569,2,12,pitch_jump,1.0,0.055026587180521856,17.8803410840924,185.63333333333333
5569,2,20,pitch_jump,1.0,0.06334692822734482,13.1661992140984,185.63333333333333
5569,2,22,pitch_jump,1.0,0.029686385184124423,12.180785923377838,185.63333333333333
5569,2,26,pitch_jump,1.0,0.08786355294087574,12.692355221803995,185.63333333333333
5570,2,1,pitch_jump,1.0,0.10001140314894788,12.432498805293216,185.66666666666666
5570,2,4,pitch_jump,1.0,0.09302515202756331,13.769795475863612,185.66666666666666
5570,2,12,pitch_jump,1.0,0.058969309397585344,22.17181372587677,185.66666666666666
5570,2,22,pitch_jump,1.0,0.03561806456500579,12.66105506747761,185.66666666666666
5570,2,24,pitch_jump,1.0,0.04929319836125333,18.89337661084288,185.66666666666666
5570,2,26,pitch_jump,1.0,0.09010692970456126,13.264724807171167,185.66666666666666
5571,2,13,pitch_jump,1.0,0.0536504439032196,14.807115492397186,185.7
5572,2,12,pitch_jump,1.0,0.0693377655413723,20.599088520146637,185.73333333333332
5572,2,13,pitch_jump,1.0,0.059743686675026,15.019845354841113,185.73333333333332
5573,2,1,pitch_jump,1.0,0.1482616195502531,15.560147110582538,185.76666666666668
5573,2,4,pitch_jump,1.0,0.07547616825700773,18.51909139803213,185.76666666666668
5573,2,12,pitch_jump,1.0,0.06446032705520152,31.562035233361645,185.76666666666668
5573,2,22,pitch_jump,1.0,0.05213493082915422,21.97107220376596,185.76666666666668
5573,2,24,pitch_jump,1.0,0.0640988177535403,25.563344010279284,185.76666666666668
5574,2,3,pitch_jump,1.0,0.03013423480378963,12.588844280972237,185.8
5574,2,14,pitch_jump,1.0,0.008784110847260825,15.315198049488345,185.8
5574,2,20,pitch_jump,1.0,0.047369966813572875,13.729239250825398,185.8
5574,2,21,pitch_jump,1.0,0.016403689238135268,12.037577634186716,185.8
5574,2,22,pitch_jump,1.0,0.0354727425998928,12.163038741453189,185.8
5575,2,12,pitch_jump,1.0,0.06446795557792258,13.99664319313376,185.83333333333334
5577,2,4,pitch_jump,1.0,0.053758175924964846,15.367066913920933,185.9
5577,2,12,pitch_jump,1.0,0.04021250714015044,19.997894306869465,185.9
5577,2,22,pitch_jump,1.0,0.021823182084608025,14.210359613245979,185.9
5577,2,24,pitch_jump,1.0,0.04997292687435845,17.75921751756669,185.9
5578,2,1,pitch_jump,1.0,0.10069481270961994,12.280365875612153,185.93333333333334
5578,2,4,pitch_jump,1.0,0.058168257838683964,13.965233842792582,185.93333333333334
5578,2,12,pitch_jump,1.0,0.062384205700462145,22.205827807305823,185.93333333333334
5578,2,22,pitch_jump,1.0,0.03684693587655112,19.066183026864596,185.93333333333334
5578,2,24,pitch_jump,1.0,0.06238210954568595,21.103790161338285,185.93333333333334
5579,2,1,pitch_jump,1.0,0.16143353414664777,14.353213647709431,185.96666666666667
5579,2,7,pitch_jump,1.0,0.05011479180166365,12.642040400781697,185.96666666666667
5579,2,12,pitch_jump,1.0,0.052355499267267944,12.984299266332663,185.96666666666667
5580,2,26,pitch_jump,1.0,0.04319394193716305,12.761340103259393,186.0
5581,2,6,pitch_jump,1.0,0.08123109764809915,12.865878683762196,186.03333333333333
5581,2,12,pitch_jump,1.0,0.022655946412739113,18.529727211795542,186.03333333333333
5581,2,22,pitch_jump,1.0,0.02659064806645438,13.89061518624799,186.03333333333333
5581,2,24,pitch_jump,1.0,0.036809109378803585,16.220921517571007,186.03333333333333
5582,2,12,pitch_jump,1.0,0.030122501900220144,12.556531504816865,186.06666666666666
5582,2,24,pitch_jump,1.0,0.050627224414523456,13.179904583520827,186.06666666666666
5584,2,7,pitch_jump,1.0,0.053587827298530684,15.72117010265692,186.13333333333333
5584,2,26,pitch_jump,1.0,0.06299106621414936,16.433795498030534,186.13333333333333
5585,2,6,pitch_jump,1.0,0.0892493117425186,12.115018735962446,186.16666666666666
5585,2,20,pitch_jump,1.0,0.05622878361768566,12.610058534098364,186.16666666666666
5586,2,1,pitch_jump,1.0,0.07027647426195417,18.246948997284147,186.2
5586,2,12,pitch_jump,1.0,0.030272796029917514,15.842873622424909,186.2
5586,2,24,pitch_jump,1.0,0.039308167826985485,13.195804451195757,186.2
5587,2,1,pitch_jump,1.0,0.06237681253674791,15.422529223806741,186.23333333333332
5587,2,7,pitch_jump,1.0,0.10688414858946989,14.531689365038728,186.23333333333332
5589,2,12,pitch_jump,1.0,0.016766776314203202,12.447573911092514,186.3
5589,2,24,pitch_jump,1.0,0.010096684399014094,13.635911971271913,186.3
5589,2,26,pitch_jump,1.0,0.019153685812155055,12.387316859934783,186.3
5590,2,4,pitch_jump,1.0,0.029476539608828494,15.433000978108936,186.33333333333334
5590,2,6,pitch_jump,1.0,0.07757534844349381,13.559907238640877,186.33333333333334
5590,2,12,pitch_jump,1.0,0.011044038296949844,16.74786491103902,186.33333333333334
5590,2,16,pitch_jump,1.0,0.024346481244738094,16.09018077055617,186.33333333333334
5590,2,22,pitch_jump,1.0,0.01976107720926537,15.761857006955633,186.33333333333334
5590,2,24,pitch_jump,1.0,0.011564595670915011,15.124970357743686,186.33333333333334
5592,2,7,pitch_jump,1.0,0.009049050980216699,16.315595356995214,186.4
5592,2,26,pitch_jump,1.0,0.005200083696115325,12.008650487848014,186.4
5593,2,20,pitch_jump,1.0,0.04608305473800049,19.06242819464558,186.43333333333334
5594,2,1,pitch_jump,1.0,0.08128655928864557,25.462062717750403,186.46666666666667
5594,2,4,pitch_jump,1.0,0.023853524516123076,12.008585845426474,186.46666666666667
5594,2,12,pitch_jump,1.0,0.0549926098369399,23.907038944128832,186.46666666666667
5594,2,13,pitch_jump,1.0,0.03552004726321039,14.073144397497753,186.46666666666667
5594,2,14,pitch_jump,1.0,0.124866803727048,12.455934334490898,186.46666666666667
5594,2,21,pitch_jump,1.0,0.04125243918435321,12.581697693092238,186.46666666666667
5594,2,22,pitch_jump,1.0,0.012178066005100246,16.13663753248067,186.46666666666667
5594,2,24,pitch_jump,1.0,0.018445189665760024,16.26650529480167,186.46666666666667
5594,2,26,pitch_jump,1.0,0.0292203168677449,12.869990255197507,186.46666666666667
5595,2,7,pitch_jump,1.0,0.007780452743474458,12.416437133399276,186.5
5595,2,12,pitch_jump,1.0,0.03553554406443112,12.859329756869224,186.5
5595,2,20,pitch_jump,1.0,0.06060182892431288,12.756301704608706,186.5
5596,2,4,pitch_jump,1.0,0.028467089243398278,21.313439612161915,186.53333333333333
5596,2,6,pitch_jump,1.0,0.08274885966688779,12.878246121206082,186.53333333333333
5596,2,10,pitch_jump,1.0,0.043211745094150655,16.91484099466461,186.53333333333333
5596,2,12,pitch_jump,1.0,0.03142755384744362,26.20166504544298,186.53333333333333
5596,2,13,pitch_jump,1.0,0.012386580894678716,12.687666217978888,186.53333333333333
5596,2,20,pitch_jump,1.0,0.04980551931294867,14.926931555039127,186.53333333333333
5596,2,22,pitch_jump,1.0,0.0449627173823813,22.804434894209507,186.53333333333333
5596,2,24,pitch_jump,1.0,0.022837191303759625,24.43105203353647,186.53333333333333
5597,2,7,pitch_jump,1.0,0.03302734164724187,12.967909761407912,186.56666666666666
5598,2,12,pitch_jump,1.0,0.029080770442176194,13.255577031876628,186.6
5598,2,24,pitch_jump,1.0,0.014925112121644572,12.903725151513678,186.6
5599,2,20,pitch_jump,1.0,0.051826155111960925,14.156978102947868,186.63333333333333
5600,2,1,pitch_jump,1.0,0.07875559392120937,13.527866005747978,186.66666666666666
5600,2,4,pitch_jump,1.0,0.030144134131627313,14.648830914577852,186.66666666666666
5600,2,6,pitch_jump,1.0,0.037343069018056355,12.93495737466546,186.66666666666666
5600,2,10,pitch_jump,1.0,0.03367410588248004,12.673151842504554,186.66666666666666
5600,2,12,pitch_jump,1.0,0.021547467583337282,17.246017122195646,186.66666666666666
5600,2,14,pitch_jump,1.0,0.11697479839241316,13.204679958556664,186.66666666666666
5600,2,16,pitch_jump,1.0,0.044797392178353136,15.683491398877603,186.66666666666666
5600,2,20,pitch_jump,1.0,0.052316135245413224,21.557396646334496,186.66666666666666
5600,2,24,pitch_jump,1.0,0.027459537912792247,17.61476822353567,186.66666666666666
5601,2,20,pitch_jump,1.0,0.05369547977890194,13.131161488245377,186.7
5602,2,12,pitch_jump,1.0,0.047762534123825445,12.54657907956466,186.73333333333332
5602,2,20,pitch_jump,1.0,0.05024857359415978,13.500506749178964,186.73333333333332
5602,2,24,pitch_jump,1.0,0.04719671278814643,24.28534584164072,186.73333333333332
5603,2,1,pitch_jump,1.0,0.06161986052544689,20.65237986449462,186.76666666666668
5603,2,4,pitch_jump,1.0,0.032391344058529774,12.118246761337723,186.76666666666668
5603,2,10,pitch_jump,1.0,0.05177826708014062,12.432740187761267,186.76666666666668
5603,2,12,pitch_jump,1.0,0.08200568637802404,13.890840642969472,186.76666666666668
5603,2,14,pitch_jump,1.0,0.1568958630605923,20.64979600812831,186.76666666666668
5603,2,20,pitch_jump,1.0,0.05047352068263689,12.086731956579017,186.76666666666668
5603,2,22,pitch_jump,1.0,0.07550766628586418,14.485133407514686,186.76666666666668
5603,2,24,pitch_jump,1.0,0.08044316277882801,14.90610464654986,186.76666666666668
5604,2,6,pitch_jump,1.0,0.08017441007844361,14.186984457656436,186.8
5604,2,10,pitch_jump,1.0,0.05172613732615912,12.53013485367856,186.8
5604,2,26,pitch_jump,1.0,0.027107630923458838,12.966686180528276,186.8
5605,2,4,pitch_jump,1.0,0.08535732705578253,13.971704113571564,186.83333333333334
5605,2,7,pitch_jump,1.0,0.08202116478005866,15.523923374961202,186.83333333333334
5605,2,12,pitch_jump,1.0,0.09067859946621105,12.68132956542374,186.83333333333334
5605,2,22,pitch_jump,1.0,0.08911846843927118,12.329510800104979,186.83333333333334
5605,2,24,pitch_jump,1.0,0.08185500614553264,12.854295224271294,186.83333333333334
5605,2,26,pitch_jump,1.0,0.08822134780609157,12.24734170897546,186.83333333333334
5606,2,6,pitch_jump,1.0,0.09638039185491581,14.529529747812678,186.86666666666667
5606,2,7,pitch_jump,1.0,0.09945049450161683,13.103980016086043,186.86666666666667
5606,2,20,pitch_jump,1.0,0.08225241319790053,16.116894720273255,186.86666666666667
5606,2,24,pitch_jump,1.0,0.0852833678108253,15.193198548159769,186.86666666666667
5607,2,7,pitch_jump,1.0,0.034536244737984265,14.22378794611532,186.9
5607,2,24,pitch_jump,1.0,0.03157568542217167,13.51510685568079,186.9
5608,2,3,pitch_jump,1.0,0.0919984347992956,13.869985134777554,186.93333333333334
5608,2,7,pitch_jump,1.0,0.10664312436944878,15.505882614897999,186.93333333333334
5608,2,10,pitch_jump,1.0,0.03319100695413624,21.23465031325364,186.93333333333334
5608,2,15,pitch_jump,1.0,0.08048586072811865,15.086173521533587,186.93333333333334
5608,2,21,pitch_jump,1.0,0.0917801727649936,12.789754372316429,186.93333333333334
5608,2,22,pitch_jump,1.0,0.10834002677588887,14.310365739240654,186.93333333333334
5608,2,26,pitch_jump,1.0,0.1456297491229806,16.347562522209312,186.93333333333334
5609,2,6,pitch_jump,1.0,0.018080526234341823,17.250873844362427,186.96666666666667
5610,2,12,pitch_jump,1.0,0.032236587641178066,12.24241677834547,187.0
5610,2,14,pitch_jump,1.0,0.09215412532422133,12.875570281092878,187.0
5610,2,22,pitch_jump,1.0,0.0517796336551665,12.058503301075516,187.0
5610,2,24,pitch_jump,1.0,0.028947792461412512,12.325613926025435,187.0
5611,2,1,pitch_jump,1.0,0.13545053342267901,26.950505386959016,187.03333333333333
5611,2,7,pitch_jump,1.0,0.15700346218536124,33.23294719968056,187.03333333333333
5611,2,12,pitch_jump,1.0,0.10762171153156977,14.625803971200348,187.03333333333333
5611,2,20,pitch_jump,1.0,0.1321079287254375,12.911586501406227,187.03333333333333
5611,2,22,pitch_jump,1.0,0.11797430002918098,13.12311378821897,187.03333333333333
5611,2,24,pitch_jump,1.0,0.11247658221623377,20.47292741946388,187.03333333333333
5611,2,26,pitch_jump,1.0,0.1749325223446102,25.437106568682207,187.03333333333333
5612,2,1,pitch_jump,1.0,0.09236813634322684,15.321224428121148,187.06666666666666
5612,2,6,pitch_jump,1.0,0.06832123836041322,12.063451572992344,187.06666666666666
5612,2,7,pitch_jump,1.0,0.1716842927256084,18.24153157557146,187.06666666666666
5612,2,12,pitch_jump,1.0,0.10371057653210124,18.409562382240594,187.06666666666666
5612,2,15,pitch_jump,1.0,0.03879995038549545,12.299617600893303,187.06666666666666
5612,2,20,pitch_jump,1.0,0.1340888928398829,18.478693828217406,187.06666666666666
5612,2,21,pitch_jump,1.0,0.07634990685257632,12.280576636513139,187.06666666666666
5612,2,22,pitch_jump,1.0,0.1401781166281922,12.33385739766269,187.06666666666666
5612,2,24,pitch_jump,1.0,0.10462540608265511,21.29131898593023,187.06666666666666
5612,2,26,pitch_jump,1.0,0.16222801733948033,26.75718173216368,187.06666666666666
5613,2,1,pitch_jump,1.0,0.039913196215924256,15.519292269579891,187.1
5613,2,4,pitch_jump,1.0,0.036375006974334906,19.05205923556192,187.1
5613,2,7,pitch_jump,1.0,0.07072447983487834,13.901747267580932,187.1
5613,2,12,pitch_jump,1.0,0.036723491663786814,25.104695066535292,187.1
5613,2,22,pitch_jump,1.0,0.042667481752704677,27.610732576415963,187.1
5613,2,24,pitch_jump,1.0,0.03375579125004843,21.707469235817655,187.1
5613,2,26,pitch_jump,1.0,0.06705303231217172,14.82800552256217,187.1
5614,2,1,pitch_jump,1.0,0.08825938270660691,21.642797330502376,187.13333333333333
5614,2,4,pitch_jump,1.0,0.1218243707938601,17.95433294824099,187.13333333333333
5614,2,6,pitch_jump,1.0,0.014793136373386974,13.473629398034467,187.13333333333333
5614,2,10,pitch_jump,1.0,0.05777689101660631,15.647696616907174,187.13333333333333
5614,2,12,pitch_jump,1.0,0.1423297772996826,17.849222836836468,187.13333333333333
5614,2,13,pitch_jump,1.0,0.1310662052492716,16.082562315230998,187.13333333333333
5614,2,14,pitch_jump,1.0,0.19279098703149514,23.49811443926337,187.13333333333333
5614,2,16,pitch_jump,1.0,0.013759541682328765,14.726680450209946,187.13333333333333
5614,2,20,pitch_jump,1.0,0.13251509373079237,18.021560426884168,187.13333333333333
5614,2,22,pitch_jump,1.0,0.14552856500677497,20.63016339216672,187.13333333333333
5614,2,24,pitch_jump,1.0,0.1692742260346108,21.21853559425373,187.13333333333333
5615,2,1,pitch_jump,1.0,0.07310896291064298,13.235021783366218,187.16666666666666
5615,2,3,pitch_jump,1.0,0.1104082980240567,17.65755205400321,187.16666666666666
5615,2,4,pitch_jump,1.0,0.12644471176231603,21.053550174449168,187.16666666666666
5615,2,6,pitch_jump,1.0,0.0030499859604574352,13.42562859198424,187.16666666666666
5615,2,7,pitch_jump,1.0,0.17134859872047856,14.030816414236098,187.16666666666666
5615,2,10,pitch_jump,1.0,0.031623519583500966,21.179898303033617,187.16666666666666
5615,2,12,pitch_jump,1.0,0.13748710060054437,23.806342604224938,187.16666666666666
5615,2,15,pitch_jump,1.0,0.10479348964455117,15.918436785336045,187.16666666666666
5615,2,16,pitch_jump,1.0,0.011259752284308224,13.939925765386494,187.16666666666666
5615,2,21,pitch_jump,1.0,0.12493001441279097,16.40780444552321,187.16666666666666
5615,2,22,pitch_jump,1.0,0.17014026706207405,23.952667763296905,187.16666666666666
5615,2,24,pitch_jump,1.0,0.15257310911692776,22.21163246075231,187.16666666666666
5615,2,26,pitch_jump,1.0,0.1297782439222535,22.62206551558149,187.16666666666666
5616,2,7,pitch_jump,1.0,0.06874035273896871,17.489247308683513,187.2
5616,2,12,pitch_jump,1.0,0.06712610608096772,17.427415806621404,187.2
5616,2,22,pitch_jump,1.0,0.07832557091508552,14.63029480968905,187.2
5616,2,24,pitch_jump,1.0,0.07354361052129024,19.064419116316348,187.2
5617,2,3,pitch_jump,1.0,0.12275762535742872,20.053765146409322,187.23333333333332
5617,2,4,pitch_jump,1.0,0.12434635586141733,18.53663814602878,187.23333333333332
5617,2,6,pitch_jump,1.0,0.02746491967988542,20.55733036932255,187.23333333333332
5617,2,7,pitch_jump,1.0,0.16846660620068285,24.659815914017756,187.23333333333332
5617,2,12,pitch_jump,1.0,0.14652907612692462,15.985992121069504,187.23333333333332
5617,2,15,pitch_jump,1.0,0.10147032452129887,15.821931494036148,187.23333333333332
5617,2,16,pitch_jump,1.0,0.039007578001581576,15.536593647221702,187.23333333333332
5617,2,21,pitch_jump,1.0,0.1253258869337504,12.945928748063821,187.23333333333332
5617,2,22,pitch_jump,1.0,0.16484121194949333,21.505334692262203,187.23333333333332
5617,2,24,pitch_jump,1.0,0.13650662913677597,24.09914762651416,187.23333333333332
5617,2,26,pitch_jump,1.0,0.1363231699755124,13.203077352229036,187.23333333333332
5618,2,3,pitch_jump,1.0,0.1257431943448134,12.092994191704683,187.26666666666668
5618,2,7,pitch_jump,1.0,0.1626655522396674,16.96096267812539,187.26666666666668
5618,2,10,pitch_jump,1.0,0.03172622447691064,14.236708313513653,187.26666666666668
5618,2,20,pitch_jump,1.0,0.15192757946254043,16.739454137172604,187.26666666666668
5618,2,22,pitch_jump,1.0,0.11708045274147878,12.104477558454912,187.26666666666668
5618,2,24,pitch_jump,1.0,0.1405803569561694,18.053037251287613,187.26666666666668
5619,2,1,pitch_jump,1.0,0.04185834370928813,15.283284538427575,187.3
5619,2,3,pitch_jump,1.0,0.0424414275369933,13.481441651561754,187.3
5619,2,7,pitch_jump,1.0,0.044565426977435416,21.379077513874105,187.3
5619,2,12,pitch_jump,1.0,0.03938504281810012,13.748515624921097,187.3
5619,2,20,pitch_jump,1.0,0.06471760306718768,12.22562990516638,187.3
5619,2,24,pitch_jump,1.0,0.05613241335983822,12.95688753414063,187.3
5619,2,26,pitch_jump,1.0,0.09397246693148119,13.626833047336406,187.3
5620,2,1,pitch_jump,1.0,0.12916118906745488,27.997943388402703,187.33333333333334
5620,2,3,pitch_jump,1.0,0.1157855553531713,16.034280160163622,187.33333333333334
5620,2,4,pitch_jump,1.0,0.161561787551281,28.59249231730641,187.33333333333334
5620,2,7,pitch_jump,1.0,0.1880067110462885,31.32357117436271,187.33333333333334
5620,2,10,pitch_jump,1.0,0.05557904510861176,16.401023031882147,187.33333333333334
5620,2,12,pitch_jump,1.0,0.15697211686438803,46.259554719546834,187.33333333333334
5620,2,13,pitch_jump,1.0,0.1596397461591989,16.77637697166825,187.33333333333334
5620,2,14,pitch_jump,1.0,0.22027094245769735,22.688178618819517,187.33333333333334
5620,2,15,pitch_jump,1.0,0.09104821077780113,15.982807734331448,187.33333333333334
5620,2,21,pitch_jump,1.0,0.11609255699662734,13.88217803597957,187.33333333333334
5620,2,24,pitch_jump,1.0,0.18264408470935437,48.19224675078599,187.33333333333334
5620,2,26,pitch_jump,1.0,0.17931439787269068,14.344077830588697,187.33333333333334
5621,2,1,pitch_jump,1.0,0.04882042834877313,12.83503448709061,187.36666666666667
5621,2,4,pitch_jump,1.0,0.15262498477686645,13.16169694362176,187.36666666666667
5621,2,7,pitch_jump,1.0,0.20611715104504585,17.140229059001108,187.36666666666667
5621,2,12,pitch_jump,1.0,0.11796310012759871,19.144816279442626,187.36666666666667
5621,2,20,pitch_jump,1.0,0.2064153034353454,12.569243352841111,187.36666666666667
5621,2,24,pitch_jump,1.0,0.14489850274565966,19.90104004063026,187.36666666666667
5621,2,26,pitch_jump,1.0,0.1822699016573986,13.568854475261594,187.36666666666667
5622,2,12,pitch_jump,1.0,0.048036359164818465,16.939648025747914,187.4
5622,2,24,pitch_jump,1.0,0.060627623513986546,19.83741386250425,187.4
5622,2,26,pitch_jump,1.0,0.08294437298114717,21.07630539194024,187.4
5623,2,1,pitch_jump,1.0,0.10691320817736268,13.891454748188417,187.43333333333334
5623,2,3,pitch_jump,1.0,0.14748470270765493,12.435598384462315,187.43333333333334
5623,2,4,pitch_jump,1.0,0.154055421734689,18.475877621254302,187.43333333333334
5623,2,7,pitch_jump,1.0,0.22637828620229494,27.05408857985867,187.43333333333334
5623,2,12,pitch_jump,1.0,0.1552051373056411,24.212565102684167,187.43333333333334
5623,2,14,pitch_jump,1.0,0.23072687042461434,14.319264739519774,187.43333333333334
5623,2,20,pitch_jump,1.0,0.19056480841542095,19.886405742420884,187.43333333333334
5623,2,21,pitch_jump,1.0,0.12156521227504588,12.068793256757193,187.43333333333334
5623,2,24,pitch_jump,1.0,0.16261003047422506,26.386667639651098,187.43333333333334
5623,2,26,pitch_jump,1.0,0.15249354430186618,22.611205776177176,187.43333333333334
5624,2,3,pitch_jump,1.0,0.1855435874725464,23.255596033798124,187.46666666666667
5624,2,6,pitch_jump,1.0,0.008203140279739504,15.126651126021523,187.46666666666667
5624,2,10,pitch_jump,1.0,0.025013213331483732,13.935802144953216,187.46666666666667
5624,2,24,pitch_jump,1.0,0.17834027521486726,12.083523416810827,187.46666666666667
5625,2,4,pitch_jump,1.0,0.06915246282098389,15.335598492618704,187.5
5625,2,6,pitch_jump,1.0,0.050751920539194764,16.181043477911945,187.5
5625,2,7,pitch_jump,1.0,0.09524613863584634,22.66670717224375,187.5
5625,2,10,pitch_jump,1.0,0.023668014316660487,15.579418816361958,187.5
5625,2,12,pitch_jump,1.0,0.08286793639977214,23.227379857067596,187.5
5625,2,24,pitch_jump,1.0,0.10484907583146372,23.729828520664956,187.5
5625,2,26,pitch_jump,1.0,0.08091313130121008,14.385011826329222,187.5
5626,2,3,pitch_jump,1.0,0.22977297817015296,24.803993941347333,187.53333333333333
5626,2,4,pitch_jump,1.0,0.158428911321542,13.506957506398496,187.53333333333333
5626,2,7,pitch_jump,1.0,0.2329541928960419,30.118363062347512,187.53333333333333
5626,2,10,pitch_jump,1.0,0.04608188877691852,13.371460188609513,187.53333333333333
5626,2,12,pitch_jump,1.0,0.18651606122276385,27.430916093415888,187.53333333333333
5626,2,15,pitch_jump,1.0,0.13452655458032323,12.441953471702769,187.53333333333333
5626,2,20,pitch_jump,1.0,0.20613284631282952,14.834322601626212,187.53333333333333
5626,2,24,pitch_jump,1.0,0.21577569399816782,37.86686912439771,187.53333333333333
5626,2,26,pitch_jump,1.0,0.16593299176055493,15.628696564309617,187.53333333333333
5627,2,3,pitch_jump,1.0,0.21529538983979896,21.630996410436968,187.56666666666666
5627,2,6,pitch_jump,1.0,0.04042245738357202,15.283935557560515,187.56666666666666
5627,2,10,pitch_jump,1.0,0.10074316162322555,14.395045597902552,187.56666666666666
5627,2,12,pitch_jump,1.0,0.18246962968765468,12.358928892401185,187.56666666666666
5627,2,14,pitch_jump,1.0,0.24496564509498947,12.154443278950406,187.56666666666666
5627,2,24,pitch_jump,1.0,0.20079453459657481,20.735178603156697,187.56666666666666
5627,2,26,pitch_jump,1.0,0.19723165408326396,12.02346999989406,187.56666666666666
5628,2,7,pitch_jump,1.0,0.024244865869428287,15.702616627620214,187.6
5629,2,6,pitch_jump,1.0,0.01347683220839467,13.186346921182173,187.63333333333333
5629,2,7,pitch_jump,1.0,0.256501489713818,17.045501010323395,187.63333333333333
5629,2,10,pitch_jump,1.0,0.08790845287341428,15.66178439881004,187.63333333333333
5629,2,14,pitch_jump,1.0,0.2584114649472015,16.509084052522912,187.63333333333333
5629,2,20,pitch_jump,1.0,0.21052938239923558,15.702217156358127,187.63333333333333
5629,2,26,pitch_jump,1.0,0.22924753633224068,14.716565485866033,187.63333333333333
5630,2,1,pitch_jump,1.0,0.09502342227680526,20.21811649599156,187.66666666666666
5630,2,3,pitch_jump,1.0,0.20716757194324928,36.70368280279215,187.66666666666666
5630,2,4,pitch_jump,1.0,0.1835616960668536,14.98910297750994,187.66666666666666
5630,2,10,pitch_jump,1.0,0.0807257232165094,16.625575054950236,187.66666666666666
5630,2,12,pitch_jump,1.0,0.07663548663326832,21.68164604668721,187.66666666666666
5630,2,13,pitch_jump,1.0,0.22966679052867098,23.299969549642668,187.66666666666666
5630,2,15,pitch_jump,1.0,0.11655054600831358,14.665241145412926,187.66666666666666
5630,2,21,pitch_jump,1.0,0.15191452791371587,15.7929448286692,187.66666666666666
5630,2,24,pitch_jump,1.0,0.2188804897749396,14.410763405650249,187.66666666666666
5631,2,7,pitch_jump,1.0,0.1150815817767741,25.547617624047362,187.7
5631,2,13,pitch_jump,1.0,0.1783093228174374,32.66383302300059,187.7
5631,2,26,pitch_jump,1.0,0.10421034747295241,18.564250335569042,187.7
5632,2,3,pitch_jump,1.0,0.23953837747684126,48.12028645134685,187.73333333333332
5632,2,4,pitch_jump,1.0,0.20603193244815168,23.86564248013078,187.73333333333332
5632,2,6,pitch_jump,1.0,0.05686956949310509,37.37673620768333,187.73333333333332
5632,2,7,pitch_jump,1.0,0.2630122601308319,68.2726597431116,187.73333333333332
5632,2,10,pitch_jump,1.0,0.03951060394244246,52.68218062716247,187.73333333333332
5632,2,15,pitch_jump,1.0,0.09691340668407893,49.6727519223545,187.73333333333332
5632,2,16,pitch_jump,1.0,0.06212643147977674,20.47924580463345,187.73333333333332
5632,2,21,pitch_jump,1.0,0.1521806003860631,44.24104646674776,187.73333333333332
5632,2,26,pitch_jump,1.0,0.23269769479290378,65.86513192988652,187.73333333333332
5633,2,1,pitch_jump,1.0,0.11436982060863811,16.062264878893686,187.76666666666668
5633,2,4,pitch_jump,1.0,0.19154694947611522,19.058106068608716,187.76666666666668
5633,2,7,pitch_jump,1.0,0.26463613051329754,16.54121870640855,187.76666666666668
5633,2,14,pitch_jump,1.0,0.2620671820921925,21.250635625420845,187.76666666666668
5633,2,20,pitch_jump,1.0,0.1698916718696201,19.961593810312273,187.76666666666668
5633,2,26,pitch_jump,1.0,0.22077995025055938,19.02202847993692,187.76666666666668
5634,2,1,pitch_jump,1.0,0.03661628100887313,14.465340784152316,187.8
5634,2,3,pitch_jump,1.0,0.13619769787337208,15.496707606579836,187.8
5634,2,4,pitch_jump,1.0,0.08401024761338768,15.732959218827617,187.8
5634,2,6,pitch_jump,1.0,0.053377809041075086,18.303929020288138,187.8
5634,2,7,pitch_jump,1.0,0.1226264165665209,18.52579842889068,187.8
5634,2,10,pitch_jump,1.0,0.020082541740350485,20.447572414462588,187.8
5634,2,13,pitch_jump,1.0,0.09591576485260027,14.36745555528056,187.8
5634,2,14,pitch_jump,1.0,0.11609344648866907,14.564909345539176,187.8
5634,2,15,pitch_jump,1.0,0.0639975095044457,17.329039985089445,187.8
5634,2,16,pitch_jump,1.0,0.023123266539441203,13.370497442751587,187.8
5634,2,21,pitch_jump,1.0,0.04924940152046504,16.002292248691855,187.8
5634,2,26,pitch_jump,1.0,0.08023392439030108,14.940669492665483,187.8
5635,2,7,pitch_jump,1.0,0.28651935370627296,12.191143758166989,187.83333333333334
5635,2,26,pitch_jump,1.0,0.2049266874640265,13.095238679010526,187.83333333333334
5636,2,3,pitch_jump,1.0,0.20159235847677548,24.171718073349695,187.86666666666667
5636,2,4,pitch_jump,1.0,0.18735630165816972,12.499734559101812,187.86666666666667
5636,2,6,pitch_jump,1.0,0.034040958355136146,18.608732142262728,187.86666666666667
5636,2,7,pitch_jump,1.0,0.2700992658415359,37.797778151738626,187.86666666666667
5636,2,10,pitch_jump,1.0,0.10498170168481782,18.882778828992958,187.86666666666667
5636,2,15,pitch_jump,1.0,0.15483664187742618,20.295119445855285,187.86666666666667
5636,2,20,pitch_jump,1.0,0.23464504859920915,12.68466551594973,187.86666666666667
5636,2,21,pitch_jump,1.0,0.19617421020928674,19.738461761781604,187.86666666666667
5636,2,24,pitch_jump,1.0,0.18039140774588502,20.481454130456488,187.86666666666667
5636,2,26,pitch_jump,1.0,0.19936383934351873,32.02676328149782,187.86666666666667
5637,2,7,pitch_jump,1.0,0.11130973841807562,14.939136186016427,187.9
5638,2,3,pitch_jump,2.0,0.16735549181566517,13.27865852746683,187.93333333333334
5638,2,7,pitch_jump,1.0,0.2593101610091111,22.339473829443417,187.93333333333334
5638,2,20,pitch_jump,1.0,0.16738656993982307,13.02697992433314,187.93333333333334
5638,2,26,pitch_jump,1.0,0.20456179075449832,25.082918089649915,187.93333333333334
5639,2,1,pitch_jump,1.0,0.1339237539106426,14.323219846480594,187.96666666666667
5640,2,6,pitch_jump,1.0,0.09822972842089858,14.917006481746935,188.0
5640,2,10,pitch_jump,1.0,0.019043365409083416,14.112440543729488,188.0
5641,2,1,pitch_jump,1.0,0.09805751748239866,19.154764117180953,188.03333333333333
5641,2,3,pitch_jump,1.0,0.19171377722126384,19.781336536263385,188.03333333333333
5641,2,6,pitch_jump,1.0,0.03699505797914221,44.517781974002084,188.03333333333333
5641,2,7,pitch_jump,1.0,0.22009627746272986,33.482232341542556,188.03333333333333
5641,2,10,pitch_jump,1.0,0.031893087655207444,44.8111066783586,188.03333333333333
5641,2,13,pitch_jump,1.0,0.20135511460111627,20.16856112699078,188.03333333333333
5641,2,14,pitch_jump,1.0,0.24339686099977673,20.05020918760787,188.03333333333333
5641,2,15,pitch_jump,1.0,0.12699878560155506,24.05422574354902,188.03333333333333
5641,2,16,pitch_jump,1.0,0.026151565510365002,23.2659024407399,188.03333333333333
5641,2,20,pitch_jump,1.0,0.2027566156167277,12.475069134340048,188.03333333333333
5641,2,21,pitch_jump,1.0,0.16550168591770348,16.84960528492947,188.03333333333333
5641,2,26,pitch_jump,1.0,0.22558699746491243,25.340333879372515,188.03333333333333
5642,2,1,pitch_jump,1.0,0.03252043275326884,20.77530875282118,188.06666666666666
5642,2,6,pitch_jump,1.0,0.026548821208943668,14.952174349614092,188.06666666666666
5642,2,7,pitch_jump,1.0,0.24030935503320286,25.430675466893884,188.06666666666666
5642,2,10,pitch_jump,1.0,0.06891698707608378,13.695464416810308,188.06666666666666
5642,2,13,pitch_jump,1.0,0.18576202822073096,15.81935004125301,188.06666666666666
5642,2,14,pitch_jump,1.0,0.23290438993246437,22.964574499081547,188.06666666666666
5642,2,20,pitch_jump,1.0,0.19997346295752697,21.71994721028857,188.06666666666666
5642,2,26,pitch_jump,1.0,0.2071692964838036,26.720472687675013,188.06666666666666
5643,2,7,pitch_jump,1.0,0.1102324005606931,18.673699464462473,188.1
5644,2,3,pitch_jump,1.0,0.17010167257778763,17.8035527804658,188.13333333333333
5644,2,6,pitch_jump,1.0,0.028284804650453448,16.0466124085779,188.13333333333333
5644,2,7,pitch_jump,1.0,0.26046647499390835,13.137578230551428,188.13333333333333
5644,2,10,pitch_jump,1.0,0.10227856266626387,16.16778290432801,188.13333333333333
5644,2,14,pitch_jump,1.0,0.23865951282574258,15.080859695139328,188.13333333333333
5644,2,15,pitch_jump,1.0,0.09613188643271478,17.604934031388105,188.13333333333333
5644,2,20,pitch_jump,1.0,0.19544904820517459,17.368847932244332,188.13333333333333
5644,2,21,pitch_jump,1.0,0.13776734148617806,13.627499315913177,188.13333333333333
5644,2,26,pitch_jump,1.0,0.20229260692217077,12.205862967391461,188.13333333333333
5645,2,6,pitch_jump,1.0,0.07552140662587571,17.842232992019206,188.16666666666666
5645,2,7,pitch_jump,1.0,0.26852273021757733,14.170742053134527,188.16666666666666
5645,2,10,pitch_jump,1.0,0.0766141084526641,14.867544815412234,188.16666666666666
5645,2,13,pitch_jump,1.0,0.1819984950360159,14.021544378066968,188.16666666666666
5645,2,14,pitch_jump,1.0,0.21599096153632127,13.857244117741933,188.16666666666666
5645,2,16,pitch_jump,1.0,0.06595965988472975,17.321259691822473,188.16666666666666
5646,2,3,pitch_jump,1.0,0.12581858982595862,36.34660916881844,188.2
5646,2,6,pitch_jump,1.0,0.08765316794427272,15.20786891414534,188.2
5646,2,7,pitch_jump,1.0,0.10572417318993133,40.655521118629856,188.2
5646,2,10,pitch_jump,1.0,0.004778069936008312,23.38225211754505,188.2
5646,2,13,pitch_jump,1.0,0.08152536478731927,13.057948379681472,188.2
5646,2,14,pitch_jump,1.0,0.11029094037605176,18.086302844203082,188.2
5646,2,15,pitch_jump,1.0,0.056903000334023374,22.767753570946162,188.2
5646,2,20,pitch_jump,1.0,0.0882304504083983,14.806188661389688,188.2
5646,2,21,pitch_jump,1.0,0.052393009942881874,19.006828926828746,188.2
5646,2,26,pitch_jump,1.0,0.07275569275628145,29.63786478607474,188.2
5647,2,1,pitch_jump,1.0,0.0851361341531475,17.180107830729078,188.23333333333332
5647,2,7,pitch_jump,1.0,0.24082267688731734,14.443850078097036,188.23333333333332
5647,2,13,pitch_jump,1.0,0.17350420890621066,14.767462862168108,188.23333333333332
5647,2,14,pitch_jump,1.0,0.1977714917010874,17.190227939189207,188.23333333333332
5647,2,20,pitch_jump,1.0,0.1439685759777217,20.92193836690084,188.23333333333332
5647,2,26,pitch_jump,1.0,0.1727011533394637,15.024712993436196,188.23333333333332
5648,2,3,pitch_jump,1.0,0.17025211646143304,14.732044994171636,188.26666666666668
5648,2,7,pitch_jump,1.0,0.20888674316739064,13.328767692572015,188.26666666666668
5648,2,26,pitch_jump,1.0,0.16898100363594684,13.11582343794626,188.26666666666668
5649,2,6,pitch_jump,1.0,0.06370331854601063,12.595345302378648,188.3
5649,2,7,pitch_jump,1.0,0.08321951139902621,17.51349023707229,188.3
5649,2,10,pitch_jump,1.0,0.04748146293184093,16.455224384796605,188.3
5649,2,20,pitch_jump,1.0,0.06548344561313936,16.265469720783607,188.3
5649,2,26,pitch_jump,1.0,0.07963861899728927,19.868243317744817,188.3
5650,2,1,pitch_jump,1.0,0.07601313460218483,14.095664551375442,188.33333333333334
5650,2,3,pitch_jump,1.0,0.1771921500184432,41.82630726564215,188.33333333333334
5650,2,6,pitch_jump,1.0,0.004659294450634653,32.310477486405446,188.33333333333334
5650,2,7,pitch_jump,1.0,0.20883099992512102,53.33676860665832,188.33333333333334
5650,2,10,pitch_jump,1.0,0.07273165063507483,44.226144403564625,188.33333333333334
5650,2,15,pitch_jump,1.0,0.10904390075919844,46.84215215259639,188.33333333333334
5650,2,16,pitch_jump,1.0,0.04402217547245435,16.028211034542757,188.33333333333334
5650,2,20,pitch_jump,1.0,0.1937000275516391,20.566898950266708,188.33333333333334
5650,2,21,pitch_jump,1.0,0.13435912480341353,41.74558087828904,188.33333333333334
5650,2,26,pitch_jump,1.0,0.20755301434629134,46.59298324345513,188.33333333333334
5651,2,20,pitch_jump,1.0,0.1800132276969934,18.452856857429346,188.36666666666667
5652,2,7,pitch_jump,1.0,0.06974277898944982,16.227692879052714,188.4
5652,2,10,pitch_jump,1.0,0.04445830351684983,13.085706205869007,188.4
5653,2,1,pitch_jump,1.0,0.030073882267188764,26.11500613480238,188.43333333333334
5653,2,3,pitch_jump,1.0,0.16825486782217364,12.475689484514783,188.43333333333334
5653,2,7,pitch_jump,1.0,0.2191380290935734,15.273435107795597,188.43333333333334
5653,2,13,pitch_jump,1.0,0.1669268594227834,23.75028156013234,188.43333333333334
5653,2,14,pitch_jump,1.0,0.20203560665333,26.948336323309125,188.43333333333334
5653,2,16,pitch_jump,1.0,0.05830107390331494,14.038314783885374,188.43333333333334
5653,2,20,pitch_jump,1.0,0.18003486104315175,25.132469107004617,188.43333333333334
5654,2,3,pitch_jump,1.0,0.1456838787703649,14.070398829151356,188.46666666666667
5654,2,6,pitch_jump,1.0,0.07716954484227292,29.71492572799694,188.46666666666667
5654,2,10,pitch_jump,1.0,0.03270968795183502,23.855270761505597,188.46666666666667
5654,2,15,pitch_jump,1.0,0.08627601325213591,14.203111131113664,188.46666666666667
5654,2,16,pitch_jump,1.0,0.02238304939836992,17.383007598330725,188.46666666666667
5655,2,3,pitch_jump,1.0,0.05482507901677767,12.872908759437529,188.5
5655,2,6,pitch_jump,1.0,0.050743491962822955,18.790374538237568,188.5
5655,2,7,pitch_jump,1.0,0.09787040324253025,15.848555665741303,188.5
5655,2,10,pitch_jump,1.0,0.03996377116773903,23.648589983808627,188.5
5655,2,13,pitch_jump,1.0,0.06986115291684067,12.037175420146331,188.5
5655,2,14,pitch_jump,1.0,0.09366635095959278,14.488027941046807,188.5
5655,2,15,pitch_jump,1.0,0.021955558259939032,13.338130550709584,188.5
5655,2,16,pitch_jump,1.0,0.02889074629104395,18.037967336988732,188.5
5655,2,20,pitch_jump,1.0,0.0717200204221966,14.82822783931929,188.5
5655,2,26,pitch_jump,1.0,0.07990607542117023,14.846779864489575,188.5
5656,2,1,pitch_jump,1.0,0.06769367525275427,18.458115635579112,188.53333333333333
5656,2,6,pitch_jump,1.0,0.033680963160854664,21.737512324221665,188.53333333333333
5656,2,10,pitch_jump,1.0,0.016115052308660043,23.03618998474222,188.53333333333333
5656,2,13,pitch_jump,1.0,0.1570894715115645,19.640861351029564,188.53333333333333
5656,2,14,pitch_jump,1.0,0.18150673164714412,27.481921415833085,188.53333333333333
5656,2,15,pitch_jump,1.0,0.13623445063800566,12.623456660446317,188.53333333333333
5656,2,16,pitch_jump,1.0,0.025333620616305234,17.09095685284086,188.53333333333333
5656,2,20,pitch_jump,1.0,0.1923157311266096,18.174086324182852,188.53333333333333
5657,2,3,pitch_jump,1.0,0.15067425338469537,16.872260867813157,188.56666666666666
5657,2,6,pitch_jump,1.0,0.012718018672506685,29.955847171070275,188.56666666666666
5657,2,10,pitch_jump,1.0,0.02558609730503152,33.60462290762569,188.56666666666666
5657,2,15,pitch_jump,1.0,0.14374829842472817,25.434278480523812,188.56666666666666
5657,2,16,pitch_jump,1.0,0.03507403815233587,15.533602300153387,188.56666666666666
5657,2,21,pitch_jump,1.0,0.1789548868221758,20.095904344902145,188.56666666666666
5657,2,26,pitch_jump,1.0,0.1480141291586343,15.773809559530754,188.56666666666666
5658,2,10,pitch_jump,1.0,0.023593090978991493,13.489678669252633,188.6
5658,2,15,pitch_jump,1.0,0.06515851935486178,13.31691292033564,188.6
5659,2,3,pitch_jump,2.0,0.18034718786813095,13.904921866788829,188.63333333333333
5659,2,20,pitch_jump,1.0,0.18873686811714166,18.215936596012074,188.63333333333333
5659,2,26,pitch_jump,1.0,0.19235700526012042,17.06686149726901,188.63333333333333
5660,2,1,pitch_jump,1.0,0.046345345260043594,15.792777392001542,188.66666666666666
5660,2,6,pitch_jump,1.0,0.09293754751238291,29.903702237536315,188.66666666666666
5660,2,10,pitch_jump,1.0,0.12067177594753682,25.509103109473244,188.66666666666666
5660,2,14,pitch_jump,1.0,0.18289748822296437,12.696114542653431,188.66666666666666
5660,2,15,pitch_jump,1.0,0.13065290706023888,21.384356063807633,188.66666666666666
5660,2,21,pitch_jump,1.0,0.16626328877835958,13.152736956363956,188.66666666666666
5662,2,6,pitch_jump,1.0,0.046866184746764385,24.74399595174516,188.73333333333332
5662,2,10,pitch_jump,1.0,0.0748710397010271,17.351505354195055,188.73333333333332
5662,2,14,pitch_jump,1.0,0.213644962616001,15.236132040905098,188.73333333333332
5662,2,20,pitch_jump,1.0,0.19644204234398432,14.87262498159779,188.73333333333332
5663,2,1,pitch_jump,1.0,0.03509196535640369,16.319283232638895,188.76666666666668
5663,2,3,pitch_jump,1.0,0.18877563931842947,20.895552216220725,188.76666666666668
5663,2,6,pitch_jump,1.0,0.06029389519003523,21.523043879071885,188.76666666666668
5663,2,7,pitch_jump,1.0,0.21689201894544136,24.795351925631298,188.76666666666668
5663,2,10,pitch_jump,1.0,0.04265068877595856,22.595499693523333,188.76666666666668
5663,2,15,pitch_jump,1.0,0.11835506105650985,21.38049107141055,188.76666666666668
5663,2,16,pitch_jump,1.0,0.030721545979823895,20.435142509209946,188.76666666666668
5663,2,20,pitch_jump,1.0,0.1697324179921251,16.27063651561806,188.76666666666668
5663,2,21,pitch_jump,1.0,0.16621902700229002,19.91554738840232,188.76666666666668
5663,2,26,pitch_jump,1.0,0.19559845884227536,23.240712601495428,188.76666666666668
5664,2,1,pitch_jump,1.0,0.015727337407173178,12.282062906559682,188.8
5664,2,3,pitch_jump,1.0,0.0765687116143804,43.40630410605039,188.8
5664,2,6,pitch_jump,1.0,0.02578871951343005,63.31958608366196,188.8
5664,2,7,pitch_jump,1.0,0.10723643214408538,22.777159903676036,188.8
5664,2,10,pitch_jump,1.0,0.03407109244524423,67.88263915658077,188.8
5664,2,13,pitch_jump,1.0,0.07676590248677628,34.5563438442972,188.8
5664,2,14,pitch_jump,1.0,0.09296745143007416,51.62850718226026,188.8
5664,2,15,pitch_jump,1.0,0.05250470414959775,46.51807976208745,188.8
5664,2,16,pitch_jump,1.0,0.03251468580347082,19.02076191190644,188.8
5664,2,21,pitch_jump,1.0,0.06722384704944605,33.87019887768665,188.8
5664,2,26,pitch_jump,1.0,0.07974128187071722,24.393098877904027,188.8
5666,2,1,pitch_jump,1.0,0.08406096235937446,12.48105222837122,188.86666666666667
5666,2,3,pitch_jump,1.0,0.14796109479551087,12.03322509723992,188.86666666666667
5666,2,6,pitch_jump,1.0,0.01529663980763218,17.686718916142123,188.86666666666667
5666,2,7,pitch_jump,1.0,0.25805835310051023,18.152781689830054,188.86666666666667
5666,2,10,pitch_jump,1.0,0.11998125760691461,13.784478229853098,188.86666666666667
5666,2,14,pitch_jump,1.0,0.16900326499333881,17.66081959405708,188.86666666666667
5666,2,16,pitch_jump,1.0,0.002015779320999765,14.944503927657044,188.86666666666667
5666,2,20,pitch_jump,1.0,0.19460353971696998,15.171835989484519,188.86666666666667
5666,2,26,pitch_jump,1.0,0.1916009522706109,15.233413692896887,188.86666666666667
5667,2,6,pitch_jump,1.0,0.05922653254446298,38.20103707581576,188.9
5667,2,7,pitch_jump,1.0,0.10052402152675309,17.48424413371265,188.9
5667,2,10,pitch_jump,1.0,0.0502604899325563,25.55539172446274,188.9
5667,2,13,pitch_jump,1.0,0.05745408641898478,17.2426500747537,188.9
5667,2,14,pitch_jump,1.0,0.06757129620207067,17.420282409971136,188.9
5667,2,15,pitch_jump,1.0,0.0442924400546934,14.143236303588138,188.9
5667,2,16,pitch_jump,1.0,0.032580226103355876,31.295739891161777,188.9
5668,2,1,pitch_jump,1.0,0.11975893866423518,25.47795346390768,188.93333333333334
5668,2,3,pitch_jump,1.0,0.2291898123465535,16.32693873718622,188.93333333333334
5668,2,6,pitch_jump,1.0,0.03345705361982082,25.205823506852912,188.93333333333334
5668,2,10,pitch_jump,1.0,0.14430986399580953,23.885742816342518,188.93333333333334
5668,2,15,pitch_jump,1.0,0.16855679320029288,22.206005927016026,188.93333333333334
5668,2,16,pitch_jump,1.0,0.0224622884546403,23.496383762615093,188.93333333333334
5668,2,21,pitch_jump,1.0,0.19289561231253372,19.583862267845213,188.93333333333334
5669,2,1,pitch_jump,1.0,0.15303519452665273,26.018350009480404,188.96666666666667
5669,2,6,pitch_jump,1.0,0.04097230219471693,15.851024846358857,188.96666666666667
5669,2,10,pitch_jump,1.0,0.09151961944756268,14.338878705735139,188.96666666666667
5669,2,14,pitch_jump,1.0,0.11727380508995672,12.693049178153641,188.96666666666667
5669,2,20,pitch_jump,1.0,0.17269877613946075,13.20668739148768,188.96666666666667
5670,2,1,pitch_jump,1.0,0.046924413227886666,19.78263084595469,189.0
5670,2,3,pitch_jump,1.0,0.16794509394622628,32.52008388367265,189.0
5670,2,6,pitch_jump,1.0,0.015134436807944806,19.493768780311864,189.0
5670,2,7,pitch_jump,1.0,0.10018240514307719,23.601960151565123,189.0
5670,2,10,pitch_jump,1.0,0.01685975196544579,20.08839679186756,189.0
5670,2,13,pitch_jump,1.0,0.07279124638376079,13.162693797624778,189.0
5670,2,15,pitch_jump,1.0,0.06611688487781396,19.21998672879115,189.0
5670,2,16,pitch_jump,1.0,0.023813701412728025,16.84833988450449,189.0
5670,2,20,pitch_jump,1.0,0.08684481262922138,20.114581589544795,189.0
5670,2,21,pitch_jump,1.0,0.07492231124042764,18.699558080411737,189.0
5670,2,26,pitch_jump,1.0,0.09845159839002146,22.594889563950936,189.0
5671,2,3,pitch_jump,1.0,0.22829645477039603,16.481691018834134,189.03333333333333
5671,2,16,pitch_jump,1.0,0.06928885471981125,13.728561402072367,189.03333333333333
5671,2,20,pitch_jump,1.0,0.2134556575309963,12.042303874580899,189.03333333333333
5672,2,1,pitch_jump,1.0,0.11271488393903327,34.341603024229634,189.06666666666666
5672,2,3,pitch_jump,1.0,0.15821586780157562,24.476051841167184,189.06666666666666
5672,2,6,pitch_jump,1.0,0.010619917012283514,14.015984672090562,189.06666666666666
5672,2,7,pitch_jump,1.0,0.21827244345857674,39.77650701370831,189.06666666666666
5672,2,10,pitch_jump,1.0,0.029081041279865848,16.953874993043875,189.06666666666666
5672,2,13,pitch_jump,1.0,0.13004965077428063,21.342436840997912,189.06666666666666
5672,2,15,pitch_jump,1.0,0.13172733738949646,19.275477622938713,189.06666666666666
5672,2,16,pitch_jump,1.0,0.028423785667589217,17.794999629840916,189.06666666666666
5672,2,20,pitch_jump,1.0,0.19298932135146213,30.89713944551471,189.06666666666666
5672,2,21,pitch_jump,1.0,0.17668836584815054,21.71045866002716,189.06666666666666
5672,2,26,pitch_jump,1.0,0.22924019635823958,30.941930623195315,189.06666666666666
5673,2,1,pitch_jump,1.0,0.06921397528551461,17.843805787288222,189.1
5674,2,6,pitch_jump,1.0,0.014030319320937623,66.96612333891746,189.13333333333333
5674,2,7,pitch_jump,1.0,0.2450599778827408,38.138120459753246,189.13333333333333
5674,2,10,pitch_jump,1.0,0.12536198313149283,57.71152821237611,189.13333333333333
5674,2,15,pitch_jump,1.0,0.14541955787257038,33.559564740210895,189.13333333333333
5674,2,16,pitch_jump,1.0,0.02294340278566705,30.418771579602318,189.13333333333333
5674,2,20,pitch_jump,1.0,0.18911385589470858,24.616830883051968,189.13333333333333
5674,2,21,pitch_jump,1.0,0.17783745575419407,17.004332536681595,189.13333333333333
5674,2,26,pitch_jump,1.0,0.22343025249880924,23.69686338199782,189.13333333333333
5675,2,6,pitch_jump,1.0,0.034415374701294084,13.327276071342743,189.16666666666666
5675,2,7,pitch_jump,1.0,0.2487873490024293,12.532508009083191,189.16666666666666
5675,2,13,pitch_jump,1.0,0.13431693361736674,14.2371372185263,189.16666666666666
5675,2,16,pitch_jump,1.0,0.03588616135549351,12.149215687056014,189.16666666666666
5675,2,20,pitch_jump,1.0,0.1884253364675111,19.13714139775318,189.16666666666666
5675,2,26,pitch_jump,1.0,0.22537017878881854,17.10606446393784,189.16666666666666
5676,2,3,pitch_jump,1.0,0.08292725001979259,18.981760664468016,189.2
5676,2,21,pitch_jump,1.0,0.026585160136498552,12.711517689528359,189.2
5676,2,26,pitch_jump,1.0,0.09219423892061805,12.209326379257886,189.2
5677,2,6,pitch_jump,1.0,0.09623848533795709,16.30120687382945,189.23333333333332
5677,2,10,pitch_jump,1.0,0.09816416426276545,17.83239490010383,189.23333333333332
5677,2,15,pitch_jump,1.0,0.13612203816913032,13.403598697960673,189.23333333333332
5677,2,20,pitch_jump,1.0,0.19964601383461628,13.923106527284986,189.23333333333332
5678,2,3,pitch_jump,1.0,0.19820267443008197,23.293397838907946,189.26666666666668
5678,2,6,pitch_jump,1.0,0.05439528356743933,59.66986321970854,189.26666666666668
5678,2,10,pitch_jump,1.0,0.23455780548220956,56.77921534086628,189.26666666666668
5678,2,15,pitch_jump,1.0,0.1152881336844028,29.074732027147352,189.26666666666668
5678,2,16,pitch_jump,1.0,0.030170810278339438,29.680508390814207,189.26666666666668
5678,2,21,pitch_jump,1.0,0.20211330485083012,15.03311568865303,189.26666666666668
5679,2,3,pitch_jump,1.0,0.10157892199774189,16.43295782820591,189.3
5679,2,6,pitch_jump,1.0,0.030957689514686533,28.2926316015603,189.3
5679,2,7,pitch_jump,1.0,0.08270328511402181,13.404704775339448,189.3
5679,2,10,pitch_jump,1.0,0.05379807683387857,16.41512866857508,189.3
5679,2,16,pitch_jump,1.0,0.016385066555075625,14.212269310601378,189.3
5680,2,3,pitch_jump,1.0,0.2146637651860031,29.109327050966588,189.33333333333334
5680,2,6,pitch_jump,1.0,0.02863197941888057,76.4768843683501,189.33333333333334
5680,2,10,pitch_jump,1.0,0.2726583875354378,89.05804530886878,189.33333333333334
5680,2,15,pitch_jump,1.0,0.17402953542388883,26.61900827162073,189.33333333333334
5680,2,16,pitch_jump,1.0,0.0714507676300836,35.17166236199695,189.33333333333334
5680,2,20,pitch_jump,1.0,0.18742185841116543,15.77468870775114,189.33333333333334
5680,2,21,pitch_jump,1.0,0.17895454285335655,17.950245584548576,189.33333333333334
5680,2,26,pitch_jump,1.0,0.23670092077960245,13.002893615237149,189.33333333333334
5681,2,3,pitch_jump,1.0,0.167458159622256,15.740645180848881,189.36666666666667
5682,2,13,pitch_jump,1.0,0.06401744866954982,14.559379363934415,189.4
5682,2,16,pitch_jump,1.0,0.027028598496091245,12.928983061809687,189.4
5683,2,2,pitch_jump,1.0,0.1420747940867062,19.715712706279625,189.43333333333334
5683,2,3,pitch_jump,1.0,0.19262603302886813,14.69010709076043,189.43333333333334
5683,2,6,pitch_jump,1.0,0.05210211944200661,29.75153641820557,189.43333333333334
5683,2,7,pitch_jump,1.0,0.2340777173922274,12.993156140915307,189.43333333333334
5683,2,8,pitch_jump,1.0,0.4305672335535922,18.69039745987965,189.43333333333334
5683,2,10,pitch_jump,1.0,0.1565948383366051,23.351715899895595,189.43333333333334
5683,2,15,pitch_jump,1.0,0.1706214755674807,15.945541633555791,189.43333333333334
5683,2,16,pitch_jump,1.0,0.023428335366754195,21.498716495094563,189.43333333333334
5683,2,21,pitch_jump,1.0,0.2113681592480397,15.035784475591813,189.43333333333334
5683,2,26,pitch_jump,1.0,0.2224341292814716,13.865571647525922,189.43333333333334
5684,2,7,pitch_jump,1.0,0.24520029253850328,17.587036923613713,189.46666666666667
5684,2,8,pitch_jump,1.0,0.4357650748881201,18.82176930187124,189.46666666666667
5684,2,13,pitch_jump,1.0,0.144499013888232,14.93997517794104,189.46666666666667
5684,2,26,pitch_jump,1.0,0.2345202022701962,16.90495815714487,189.46666666666667
5685,2,8,pitch_jump,1.0,0.215175948196857,12.199834619636254,189.5
5685,2,13,pitch_jump,1.0,0.07437801929241933,18.80804680843679,189.5
5685,2,15,pitch_jump,1.0,0.044339412298355065,12.458523001720831,189.5
5685,2,16,pitch_jump,1.0,0.01033140758077505,15.843260804247816,189.5
5685,2,20,pitch_jump,1.0,0.08864042265602316,13.198640690722188,189.5
5686,2,6,pitch_jump,1.0,0.06948089020990453,18.349116867626503,189.53333333333333
5686,2,8,pitch_jump,1.0,0.42309422450449163,15.688163967918507,189.53333333333333
5686,2,10,pitch_jump,1.0,0.13445662339268225,17.39622723665288,189.53333333333333
5686,2,26,pitch_jump,1.0,0.2748841814366994,14.754651713305154,189.53333333333333
5687,2,3,pitch_jump,1.0,0.2043745004880072,34.20524369347364,189.56666666666666
5687,2,6,pitch_jump,1.0,0.04553543050838136,21.876283891112237,189.56666666666666
5687,2,7,pitch_jump,1.0,0.2724647212848803,23.592448608055186,189.56666666666666
5687,2,10,pitch_jump,1.0,0.10799617931602126,20.16841455847952,189.56666666666666
5687,2,15,pitch_jump,1.0,0.1695990640826388,15.112867992644182,189.56666666666666
5687,2,16,pitch_jump,1.0,0.04526858348450122,14.665457201212552,189.56666666666666
5687,2,19,pitch_jump,1.0,0.045070075496753306,18.647945066677654,189.56666666666666
5687,2,20,pitch_jump,1.0,0.22054291061712955,20.871670751076323,189.56666666666666
5687,2,21,pitch_jump,1.0,0.19132957311009677,16.488452623367348,189.56666666666666
5687,2,26,pitch_jump,1.0,0.25100869634145234,20.281452538194596,189.56666666666666
5688,2,3,pitch_jump,1.0,0.09318895864465858,22.11706387102938,189.6
5688,2,6,pitch_jump,1.0,0.022123900105451233,32.412543150074605,189.6
5688,2,7,pitch_jump,1.0,0.08153730391681957,16.16938717489421,189.6
5688,2,8,pitch_jump,1.0,0.20911188638575082,32.336735187948534,189.6
5688,2,10,pitch_jump,1.0,0.022245827727710527,25.13788680770608,189.6
5688,2,15,pitch_jump,1.0,0.06612365877494067,20.615904982306237,189.6
5688,2,16,pitch_jump,1.0,0.019771900425494777,21.673071941664237,189.6
5688,2,20,pitch_jump,1.0,0.06975114447257533,14.63525853052831,189.6
5688,2,21,pitch_jump,1.0,0.08334129510186623,15.753773148076325,189.6
5688,2,26,pitch_jump,1.0,0.08317514839093547,15.815162885468844,189.6
5689,2,3,pitch_jump,1.0,0.22505975800079756,12.012721515388463,189.63333333333333
5689,2,6,pitch_jump,1.0,0.07224555601498531,25.60148376070916,189.63333333333333
5689,2,8,pitch_jump,1.0,0.36626313629288804,18.0986792821673,189.63333333333333
5689,2,10,pitch_jump,1.0,0.08093947860474698,25.3706231184867,189.63333333333333
5689,2,15,pitch_jump,1.0,0.15572650627245838,16.44598497776367,189.63333333333333
5689,2,16,pitch_jump,1.0,0.08085553961724574,16.40698422407542,189.63333333333333
5690,2,3,pitch_jump,1.0,0.2106188798917565,15.794214102655491,189.66666666666666
5690,2,6,pitch_jump,1.0,0.0869970560020701,29.2899114082497,189.66666666666666
5690,2,8,pitch_jump,1.0,0.3343814094798276,19.66646610683242,189.66666666666666
5690,2,10,pitch_jump,1.0,0.08362641882656609,29.806312152424198,189.66666666666666
5690,2,15,pitch_jump,1.0,0.1435394383090884,18.62073181127087,189.66666666666666
5690,2,16,pitch_jump,1.0,0.060861418975151446,20.5022556743337,189.66666666666666
5690,2,19,pitch_jump,1.0,0.07750662915610257,12.75639494704246,189.66666666666666
5690,2,21,pitch_jump,1.0,0.18750450158452495,14.634217807663562,189.66666666666666
5693,2,3,pitch_jump,1.0,0.14863122494818432,14.179802109184216,189.76666666666668
5693,2,6,pitch_jump,1.0,0.09279627576449855,18.123358574896095,189.76666666666668
5693,2,7,pitch_jump,1.0,0.21879110227584453,13.024340076372255,189.76666666666668
5693,2,8,pitch_jump,1.0,0.3425832649808222,16.751881184698664,189.76666666666668
5693,2,10,pitch_jump,1.0,0.11641337631661458,16.553452379166313,189.76666666666668
5693,2,15,pitch_jump,1.0,0.14928683788039107,12.65485582344538,189.76666666666668
5693,2,16,pitch_jump,1.0,0.02616234827609105,15.173716307616104,189.76666666666668
5693,2,19,pitch_jump,1.0,0.08785732480098779,12.152573207943911,189.76666666666668
5693,2,20,pitch_jump,1.0,0.17068946760771259,14.779976710022423,189.76666666666668
5693,2,21,pitch_jump,1.0,0.17480018066492933,13.264163849702149,189.76666666666668
5694,2,8,pitch_jump,1.0,0.17696501379687518,12.42751726837662,189.8
5695,2,3,pitch_jump,1.0,0.1684809528799059,30.2416983194977,189.83333333333334
5695,2,6,pitch_jump,1.0,0.05735015243149604,38.62775955777248,189.83333333333334
5695,2,7,pitch_jump,1.0,0.21666656704662654,26.793962097287842,189.83333333333334
5695,2,8,pitch_jump,1.0,0.382608534631088,24.477638868035978,189.83333333333334
5695,2,10,pitch_jump,1.0,0.0833867689595881,34.66178725538475,189.83333333333334
5695,2,15,pitch_jump,1.0,0.13034567503926076,31.755791912479957,189.83333333333334
5695,2,16,pitch_jump,1.0,0.05064535419343998,35.027019540020795,189.83333333333334
5695,2,19,pitch_jump,1.0,0.07443311186190782,28.39389005594351,189.83333333333334
5695,2,20,pitch_jump,1.0,0.16100460231980956,20.571712961359864,189.83333333333334
5695,2,21,pitch_jump,1.0,0.1687933024807166,31.39476291105399,189.83333333333334
5695,2,26,pitch_jump,1.0,0.2089004729318943,26.56040763419593,189.83333333333334
5696,2,6,pitch_jump,1.0,0.02610270050308736,53.17905110986728,189.86666666666667
5696,2,7,pitch_jump,1.0,0.20086020723523743,48.15921409819819,189.86666666666667
5696,2,8,pitch_jump,1.0,0.3527944050238741,26.911959433109867,189.86666666666667
5696,2,10,pitch_jump,1.0,0.03821243517612594,43.02414818920192,189.86666666666667
5696,2,15,pitch_jump,1.0,0.11574823020221156,27.376544771242607,189.86666666666667
5696,2,16,pitch_jump,1.0,0.035354752694426665,32.31993942078612,189.86666666666667
5696,2,19,pitch_jump,1.0,0.07063109274316383,14.045742100146148,189.86666666666667
5696,2,20,pitch_jump,1.0,0.16209492750690993,65.85132697734109,189.86666666666667
5696,2,21,pitch_jump,1.0,0.13482217685998552,12.694864109513206,189.86666666666667
5696,2,26,pitch_jump,1.0,0.19776967703605455,28.072207659886658,189.86666666666667
5697,2,6,pitch_jump,1.0,0.02107791391372584,21.07976324259948,189.9
5697,2,8,pitch_jump,1.0,0.17483437419963008,15.419267569364788,189.9
5697,2,10,pitch_jump,1.0,0.007655292450408564,16.881871429157137,189.9
5697,2,20,pitch_jump,1.0,0.052724991931113734,13.921014216813626,189.9
5698,2,3,pitch_jump,1.0,0.1403164448562706,17.285863334236666,189.93333333333334
5698,2,6,pitch_jump,1.0,0.0785849023232839,39.9240155572216,189.93333333333334
5698,2,7,pitch_jump,1.0,0.20538490157394956,16.831759824319445,189.93333333333334
5698,2,8,pitch_jump,1.0,0.3365878099403295,20.466210945887553,189.93333333333334
5698,2,10,pitch_jump,1.0,0.08414472547290226,33.120191748999545,189.93333333333334
5698,2,15,pitch_jump,1.0,0.1142319893808694,22.705571309380332,189.93333333333334
5698,2,16,pitch_jump,1.0,0.05305408439030938,30.503884702565706,189.93333333333334
5698,2,20,pitch_jump,1.0,0.1629648856958065,14.049702948967312,189.93333333333334
5698,2,21,pitch_jump,1.0,0.16476160737038806,17.756604994263494,189.93333333333334
5699,2,3,pitch_jump,1.0,0.14991508832377887,19.418955365741173,189.96666666666667
5699,2,6,pitch_jump,1.0,0.051614821380478446,28.097528222846538,189.96666666666667
5699,2,7,pitch_jump,1.0,0.19928370858027245,16.853949769361357,189.96666666666667
5699,2,8,pitch_jump,1.0,0.2937423098045244,12.533530498578775,189.96666666666667
5699,2,10,pitch_jump,1.0,0.0760068483698155,27.20261703358757,189.96666666666667
5699,2,15,pitch_jump,1.0,0.12002271367954466,22.549480347027394,189.96666666666667
5699,2,16,pitch_jump,1.0,0.0542417976907032,19.544498534060256,189.96666666666667
5699,2,19,pitch_jump,1.0,0.022298756540382103,20.74302794547997,189.96666666666667
5699,2,20,pitch_jump,1.0,0.13759004971630015,15.622196778132917,189.96666666666667
5699,2,21,pitch_jump,1.0,0.16914236763382007,21.42661086168592,189.96666666666667
5699,2,26,pitch_jump,1.0,0.14693607354652344,20.38878743751124,189.96666666666667
5700,2,6,pitch_jump,1.0,0.0145845001998019,12.296665232419087,190.0
5701,2,7,pitch_jump,1.0,0.1925664596062529,21.493024822083765,190.03333333333333
5701,2,8,pitch_jump,1.0,0.271466447327093,13.286409089333517,190.03333333333333
5701,2,15,pitch_jump,1.0,0.08753385700486291,14.403067134013423,190.03333333333333
5701,2,19,pitch_jump,1.0,0.05590143231949014,21.63482697564532,190.03333333333333
5701,2,20,pitch_jump,1.0,0.1372739931320526,29.293393225813784,190.03333333333333
5701,2,21,pitch_jump,1.0,0.14207230937213386,15.973209272174206,190.03333333333333
5701,2,26,pitch_jump,1.0,0.14024079165526482,24.593260048017516,190.03333333333333
5702,2,3,pitch_jump,1.0,0.09374704373433942,16.41033753292906,190.06666666666666
5702,2,6,pitch_jump,1.0,0.057764795988986525,37.421283741431274,190.06666666666666
5702,2,8,pitch_jump,1.0,0.21713666945445884,16.667518812265932,190.06666666666666
5702,2,10,pitch_jump,1.0,0.09991407254815986,31.788509972721297,190.06666666666666
5702,2,15,pitch_jump,1.0,0.10902781478450857,19.792627741584653,190.06666666666666
5702,2,16,pitch_jump,1.0,0.020027229749093666,28.60456547143535,190.06666666666666
5702,2,20,pitch_jump,1.0,0.12018229133778938,15.644057130637224,190.06666666666666
5702,2,21,pitch_jump,1.0,0.12474768164542684,14.71141262784281,190.06666666666666
5703,2,7,pitch_jump,1.0,0.06655890798635339,12.7919629963688,190.1
5703,2,16,pitch_jump,1.0,0.13630143585877866,23.19918933481798,190.1
5703,2,19,pitch_jump,1.0,0.014437548136633067,18.496367588807626,190.1
5703,2,20,pitch_jump,1.0,0.03912811445629163,20.072157213943328,190.1
5704,2,6,pitch_jump,1.0,0.06250071754676507,19.425766822967603,190.13333333333333
5704,2,8,pitch_jump,1.0,0.3079798368551914,17.110035032317853,190.13333333333333
5704,2,16,pitch_jump,1.0,0.05014308550677676,14.549331202817791,190.13333333333333
5705,2,6,pitch_jump,1.0,0.08107484929940245,13.430055022478475,190.16666666666666
5705,2,10,pitch_jump,2.0,0.13340517843325156,27.930585537303216,190.16666666666666
5705,2,19,pitch_jump,1.0,0.025601465863114296,14.135094681373113,190.16666666666666
5705,2,20,pitch_jump,1.0,0.084367658044117,13.269173750667163,190.16666666666666
5706,2,10,pitch_jump,1.0,0.2529507347223381,34.97611011958134,190.2
5707,2,3,pitch_jump,1.0,0.10608751925737898,13.764849705096436,190.23333333333332
5707,2,7,pitch_jump,1.0,0.12023824046152362,17.177985087518547,190.23333333333332
5707,2,15,pitch_jump,1.0,0.07763287104896724,12.060025147653809,190.23333333333332
5707,2,16,pitch_jump,1.0,0.00798982310320029,13.29924924253464,190.23333333333332
5707,2,19,pitch_jump,1.0,0.03834425994673393,18.57942872788332,190.23333333333332
5707,2,20,pitch_jump,1.0,0.09516286649615456,21.75953734438816,190.23333333333332
5707,2,21,pitch_jump,1.0,0.08159440274441222,13.911634131115479,190.23333333333332
5707,2,26,pitch_jump,1.0,0.1267690147527588,13.880342548840341,190.23333333333332
5709,2,8,pitch_jump,1.0,0.01897623286945083,14.28357937177846,190.3
5709,2,19,pitch_jump,1.0,0.09244768550859289,21.035145429433097,190.3
5710,2,6,pitch_jump,1.0,0.042579751158643694,16.035069851120983,190.33333333333334
5710,2,7,pitch_jump,1.0,0.10874999314065821,12.880427114832758,190.33333333333334
5710,2,10,pitch_jump,1.0,0.05128311192886641,18.852255889686578,190.33333333333334
5710,2,19,pitch_jump,1.0,0.0668298629706763,15.823382835335195,190.33333333333334
5710,2,20,pitch_jump,1.0,0.08651608605846739,17.07913324465145,190.33333333333334
5711,2,3,pitch_jump,1.0,0.054695355524220654,19.314460773927475,190.36666666666667
5711,2,6,pitch_jump,1.0,0.037278516941187514,14.604287034471506,190.36666666666667
5711,2,7,pitch_jump,1.0,0.09249870466448158,21.754808057415232,190.36666666666667
5711,2,8,pitch_jump,1.0,0.19619867142734065,13.285120607489242,190.36666666666667
5711,2,10,pitch_jump,1.0,0.029006743907054038,13.986389645847492,190.36666666666667
5711,2,15,pitch_jump,1.0,0.0437179747897911,19.91903412289801,190.36666666666667
5711,2,16,pitch_jump,1.0,0.01866539084044623,19.241008967784065,190.36666666666667
5711,2,19,pitch_jump,1.0,0.03371046858709293,21.942167912771723,190.36666666666667
5711,2,20,pitch_jump,1.0,0.05267873317143639,21.748889898342657,190.36666666666667
5711,2,21,pitch_jump,1.0,0.08501657735275972,19.377947693970054,190.36666666666667
5711,2,26,pitch_jump,1.0,0.06951777683496987,25.05624340496895,190.36666666666667
5712,2,3,pitch_jump,1.0,0.012145612388070081,12.51332548833509,190.4
5712,2,16,pitch_jump,1.0,0.03355869926055954,12.589439041398263,190.4
5712,2,19,pitch_jump,1.0,0.0710308921084601,12.938189258459172,190.4
5712,2,26,pitch_jump,1.0,0.011904414526587415,12.1212637594522,190.4
5713,2,19,pitch_jump,1.0,0.10053998998225128,22.971982150709465,190.43333333333334
5715,2,6,pitch_jump,1.0,0.02325306557646635,12.371885709765165,190.5
5715,2,8,pitch_jump,1.0,0.05867956522541293,14.246470214706177,190.5
5716,2,7,pitch_jump,1.0,0.10818863796793154,12.764761192116204,190.53333333333333
5716,2,20,pitch_jump,1.0,0.051148968853195795,18.50203307843357,190.53333333333333
5717,2,10,pitch_jump,1.0,0.14366207425241562,25.914010230383433,190.56666666666666
5720,2,3,pitch_jump,1.0,0.03216464386352863,14.120613584783547,190.66666666666666
5720,2,6,pitch_jump,1.0,0.10296167596423801,13.179065502438581,190.66666666666666
5720,2,7,pitch_jump,1.0,0.07834514209862556,14.240676443510578,190.66666666666666
5720,2,8,pitch_jump,1.0,0.07443338139987499,25.795422695055553,190.66666666666666
5720,2,10,pitch_jump,1.0,0.03085440763128225,17.9682793000642,190.66666666666666
5720,2,15,pitch_jump,1.0,0.037418112885596794,14.307190370463793,190.66666666666666
5720,2,26,pitch_jump,1.0,0.08299441345518879,12.671330564329713,190.66666666666666
